Fecha	Precipitacion	ETP_	Temperatura_minima	Temperatura_maxima	Caudal
01/01/1981	2.483	8.497	15.578	22.924	1318.000
02/01/1981	3.438	9.973	13.692	23.499	1320.000
03/01/1981	0.916	10.139	14.470	24.222	1353.000
04/01/1981	0.186	9.573	14.675	23.636	1328.000
05/01/1981	0.430	8.275	15.755	22.775	1216.000
06/01/1981	0.474	9.040	15.129	23.253	1139.000
07/01/1981	1.111	8.855	14.440	22.523	1099.000
08/01/1981	6.358	7.776	14.649	21.290	1043.000
09/01/1981	5.156	7.995	15.740	22.360	991.000
10/01/1981	0.037	9.789	14.735	23.913	951.000
11/01/1981	7.354	9.137	14.668	22.979	921.000
12/01/1981	2.360	8.253	15.505	22.445	901.000
13/01/1981	0.677	9.039	14.991	23.038	861.000
14/01/1981	0.017	9.145	15.059	23.202	821.000
15/01/1981	0.023	9.287	15.112	23.398	814.000
16/01/1981	0.245	9.830	14.181	23.445	830.000
17/01/1981	0.061	9.562	15.030	23.691	787.000
18/01/1981	0.141	9.782	15.048	23.937	755.000
19/01/1981	0.272	10.172	15.050	24.438	751.000
20/01/1981	0.000	9.630	14.156	23.082	743.000
21/01/1981	1.686	8.998	15.256	23.034	737.000
22/01/1981	1.499	9.393	14.748	23.156	714.000
23/01/1981	0.199	9.949	15.139	24.094	693.000
24/01/1981	0.020	9.617	14.779	23.421	676.000
25/01/1981	1.320	8.391	15.574	22.476	667.000
26/01/1981	0.266	10.384	14.025	23.799	657.000
27/01/1981	0.086	10.199	14.229	23.731	649.000
28/01/1981	0.218	9.979	14.919	23.889	641.000
29/01/1981	0.357	8.899	15.673	23.077	635.000
30/01/1981	3.664	9.974	13.712	22.980	623.000
31/01/1981	13.560	8.672	15.802	22.822	618.000
01/02/1981	9.206	8.116	15.644	22.045	605.000
02/02/1981	6.320	9.229	15.112	23.023	601.000
03/02/1981	3.717	8.452	14.942	21.858	630.000
04/02/1981	1.429	8.329	15.814	22.400	615.000
05/02/1981	2.666	8.357	14.613	21.483	609.000
06/02/1981	1.402	9.161	15.491	23.061	621.000
07/02/1981	3.384	9.322	14.663	22.650	641.000
08/02/1981	1.476	10.000	14.571	23.377	643.000
09/02/1981	4.909	8.794	15.715	22.722	627.000
10/02/1981	1.576	10.809	14.240	24.105	657.000
11/02/1981	1.880	9.724	15.231	23.480	637.000
12/02/1981	23.224	7.756	15.350	21.234	619.000
13/02/1981	1.981	9.661	14.792	22.984	617.000
14/02/1981	2.893	7.371	16.108	21.299	617.000
15/02/1981	0.079	8.884	16.158	23.037	639.000
16/02/1981	0.592	9.064	16.779	23.674	651.000
17/02/1981	3.503	8.895	15.894	22.797	659.000
18/02/1981	4.644	8.954	15.946	22.947	674.000
19/02/1981	8.851	7.763	15.720	21.378	686.000
20/02/1981	10.963	8.516	15.849	22.308	697.000
21/02/1981	5.705	10.993	13.820	23.798	760.000
22/02/1981	14.603	8.501	16.198	22.538	801.000
23/02/1981	9.789	7.484	15.730	21.042	803.000
24/02/1981	9.033	9.340	15.917	23.231	867.000
25/02/1981	0.735	8.872	15.561	22.425	1301.000
26/02/1981	0.000	9.259	15.833	23.075	1282.000
27/02/1981	1.589	10.419	16.080	24.537	1123.000
28/02/1981	2.712	9.616	16.645	24.018	1024.000
01/03/1981	1.302	11.166	16.098	25.395	1045.000
02/03/1981	10.319	9.576	16.780	24.039	961.000
03/03/1981	11.387	10.612	16.219	24.805	934.000
04/03/1981	0.151	11.117	16.039	25.241	887.000
05/03/1981	6.973	9.413	15.845	23.159	936.000
06/03/1981	11.788	7.276	16.555	21.319	990.000
07/03/1981	6.335	8.689	16.445	22.740	960.000
08/03/1981	9.046	7.990	16.770	22.259	1261.000
09/03/1981	12.458	8.175	16.446	22.172	1208.000
10/03/1981	21.656	7.714	16.583	21.765	1194.000
11/03/1981	7.490	9.601	15.960	23.369	1243.000
12/03/1981	9.185	8.051	15.860	21.547	1381.000
13/03/1981	6.038	8.966	16.252	22.838	1325.000
14/03/1981	3.604	8.591	16.753	22.822	1280.000
15/03/1981	5.896	9.576	16.068	23.378	1196.000
16/03/1981	0.776	9.541	16.428	23.581	1207.000
17/03/1981	3.980	8.859	16.117	22.587	1205.000
18/03/1981	0.089	10.401	15.848	24.132	1169.000
19/03/1981	1.151	9.927	14.969	22.959	1094.000
20/03/1981	3.125	9.878	16.161	23.728	1190.000
21/03/1981	1.223	10.460	15.699	24.081	1107.000
22/03/1981	3.250	9.482	15.991	23.183	1030.000
23/03/1981	7.773	10.734	15.132	23.970	997.000
24/03/1981	0.788	10.531	15.132	23.748	972.000
25/03/1981	0.339	11.443	14.359	24.283	934.000
26/03/1981	5.717	8.769	15.781	22.216	901.000
27/03/1981	0.792	10.419	15.384	23.754	894.000
28/03/1981	3.027	11.025	15.091	24.267	915.000
29/03/1981	11.172	9.908	14.694	22.694	876.000
30/03/1981	3.059	10.426	15.477	23.823	805.000
31/03/1981	1.845	10.716	15.679	24.304	714.000
01/04/1981	0.198	11.669	15.071	25.003	736.000
02/04/1981	4.965	9.562	15.698	23.027	736.000
03/04/1981	17.330	9.051	16.111	22.781	710.000
04/04/1981	5.617	9.302	16.190	23.131	752.000
05/04/1981	11.189	6.393	16.254	20.107	734.000
06/04/1981	4.994	9.918	15.978	23.612	755.000
07/04/1981	8.274	8.858	16.427	22.820	799.000
08/04/1981	7.687	8.467	16.525	22.470	911.000
09/04/1981	7.372	9.373	16.451	23.448	901.000
10/04/1981	0.000	10.917	16.478	25.176	884.000
11/04/1981	8.711	8.530	17.288	23.126	896.000
12/04/1981	22.407	7.006	17.470	21.722	887.000
13/04/1981	8.087	8.504	16.426	22.443	909.000
14/04/1981	7.946	8.417	16.502	22.469	1013.000
15/04/1981	10.124	9.359	16.049	23.096	1065.000
16/04/1981	10.388	7.287	16.868	21.509	1199.000
17/04/1981	14.237	9.162	16.243	23.024	1332.000
18/04/1981	17.201	7.729	16.144	21.466	1391.000
19/04/1981	32.732	5.868	16.277	19.630	1429.000
20/04/1981	1.508	10.083	15.295	23.431	1676.000
21/04/1981	4.989	10.840	15.837	24.704	2147.000
22/04/1981	10.263	9.165	16.180	23.047	2073.000
23/04/1981	6.175	8.950	16.618	23.173	2154.000
24/04/1981	16.818	8.456	17.051	22.970	2238.000
25/04/1981	4.689	10.515	16.731	25.050	2246.000
26/04/1981	16.837	7.665	17.247	22.355	2147.000
27/04/1981	25.402	7.223	16.590	21.325	2100.000
28/04/1981	8.728	7.864	16.148	21.645	2106.000
29/04/1981	7.586	8.819	16.122	22.697	2150.000
30/04/1981	10.203	10.139	15.681	23.924	2290.000
01/05/1981	9.257	8.823	16.002	22.647	2785.000
02/05/1981	9.812	9.803	15.521	23.403	2785.000
03/05/1981	17.035	8.782	15.803	22.486	2882.000
04/05/1981	10.874	8.183	16.096	22.018	2948.000
05/05/1981	11.761	7.909	15.845	21.557	2949.000
06/05/1981	19.793	7.427	15.889	21.041	2931.000
07/05/1981	6.543	10.119	15.601	23.940	3150.000
08/05/1981	21.360	6.784	15.680	20.188	3364.000
09/05/1981	6.808	8.472	15.460	21.945	3473.000
10/05/1981	4.204	9.581	15.455	23.200	3430.000
11/05/1981	9.595	9.280	15.917	23.243	3240.000
12/05/1981	5.581	8.843	16.170	22.927	3221.000
13/05/1981	4.164	9.616	16.341	23.939	3095.000
14/05/1981	30.397	7.396	17.209	22.155	2910.000
15/05/1981	8.417	8.782	16.423	23.108	2894.000
16/05/1981	12.057	6.971	16.628	21.257	2934.000
17/05/1981	6.679	8.548	16.264	22.764	2899.000
18/05/1981	6.943	7.997	16.680	22.413	2938.000
19/05/1981	1.574	8.973	16.227	23.214	2954.000
20/05/1981	2.711	11.968	15.485	26.232	2789.000
21/05/1981	4.564	9.426	17.491	24.732	2500.000
22/05/1981	12.985	9.705	16.696	24.457	2332.000
23/05/1981	26.259	7.754	16.681	22.228	2349.000
24/05/1981	9.278	7.512	16.576	21.856	2412.000
25/05/1981	11.350	7.154	16.364	21.315	2450.000
26/05/1981	9.979	9.433	16.583	24.033	2754.000
27/05/1981	22.897	7.328	16.573	21.720	2886.000
28/05/1981	12.261	9.217	15.966	23.390	2852.000
29/05/1981	11.945	7.597	16.575	22.032	2713.000
30/05/1981	11.996	8.529	15.682	22.422	2732.000
31/05/1981	9.621	9.015	16.376	23.498	3097.000
01/06/1981	11.538	7.230	17.009	22.030	3211.000
02/06/1981	7.813	8.554	15.824	22.631	3244.000
03/06/1981	0.054	10.045	15.872	24.424	3045.000
04/06/1981	3.161	10.399	15.346	24.464	2928.000
05/06/1981	0.680	9.704	16.856	24.716	2526.000
06/06/1981	9.490	8.388	16.603	23.013	2523.000
07/06/1981	16.174	6.953	16.492	21.342	2760.000
08/06/1981	9.732	7.238	16.263	21.454	2913.000
09/06/1981	15.021	7.390	15.810	21.242	3006.000
10/06/1981	2.578	9.432	15.683	23.545	2668.000
11/06/1981	5.296	8.248	16.296	22.631	3090.000
12/06/1981	6.232	7.964	16.102	22.138	3218.000
13/06/1981	9.554	7.150	16.329	21.403	2670.000
14/06/1981	2.957	8.521	15.849	22.596	2425.000
15/06/1981	7.917	9.469	16.083	23.976	2398.000
16/06/1981	15.568	7.826	15.373	21.496	2213.000
17/06/1981	8.046	9.126	15.627	23.174	2212.000
18/06/1981	13.879	6.507	16.089	20.503	2312.000
19/06/1981	1.413	9.494	15.248	23.383	2595.000
20/06/1981	2.569	9.002	15.659	23.050	2670.000
21/06/1981	3.936	8.706	15.462	22.592	2437.000
22/06/1981	5.172	8.803	15.723	22.880	2423.000
23/06/1981	9.874	8.785	15.318	22.576	2189.000
24/06/1981	5.901	8.811	15.410	22.629	2029.000
25/06/1981	6.630	8.496	15.203	22.111	1997.000
26/06/1981	1.163	9.781	15.196	23.659	2046.000
27/06/1981	1.916	9.371	14.997	23.018	1919.000
28/06/1981	5.507	8.383	16.157	22.733	1844.000
29/06/1981	16.085	7.430	15.380	21.013	1780.000
30/06/1981	12.936	7.014	15.346	20.481	1880.000
01/07/1981	2.963	9.440	15.578	23.518	1999.000
02/07/1981	8.082	9.687	15.890	24.050	2211.000
03/07/1981	13.302	9.425	16.267	24.018	1854.000
04/07/1981	8.727	8.465	15.669	22.417	1885.000
05/07/1981	3.655	9.008	15.448	22.944	1948.000
06/07/1981	4.029	9.077	15.626	23.080	1975.000
07/07/1981	4.150	9.655	15.593	23.743	1937.000
08/07/1981	6.021	10.571	15.919	25.095	2116.000
09/07/1981	14.416	8.225	15.380	21.896	1881.000
10/07/1981	8.484	7.918	15.793	21.858	1783.000
11/07/1981	5.023	8.886	16.125	23.260	1859.000
12/07/1981	7.931	8.789	16.107	23.077	2060.000
13/07/1981	5.307	9.329	16.170	23.728	2380.000
14/07/1981	3.759	9.871	14.303	23.145	2327.000
15/07/1981	3.246	9.526	15.309	23.360	2228.000
16/07/1981	3.517	9.087	15.342	22.904	2054.000
17/07/1981	13.190	7.438	15.110	20.740	2042.000
18/07/1981	5.914	8.675	15.764	22.632	1966.000
19/07/1981	7.438	9.573	15.548	23.548	2126.000
20/07/1981	5.494	9.580	15.034	23.174	2460.000
21/07/1981	2.871	9.515	14.962	23.092	2130.000
22/07/1981	1.141	10.703	14.872	24.450	2039.000
23/07/1981	0.162	10.980	15.221	24.992	1893.000
24/07/1981	2.481	11.285	14.170	24.637	1890.000
25/07/1981	0.000	11.443	14.819	25.268	1708.000
26/07/1981	0.044	11.275	14.209	24.647	1530.000
27/07/1981	0.585	11.878	14.614	25.598	1414.000
28/07/1981	2.451	10.714	15.144	24.519	1328.000
29/07/1981	2.481	10.926	14.780	24.532	1267.000
30/07/1981	2.104	10.865	15.522	24.973	1222.000
31/07/1981	1.537	10.947	15.555	25.064	1212.000
01/08/1981	1.045	10.277	15.818	24.436	1144.000
02/08/1981	2.961	8.739	16.013	22.768	1114.000
03/08/1981	3.433	10.337	15.675	24.396	1090.000
04/08/1981	0.807	10.576	15.633	24.631	1143.000
05/08/1981	1.713	11.130	16.132	25.626	1094.000
06/08/1981	6.743	10.246	15.951	24.435	1086.000
07/08/1981	7.530	9.433	14.989	22.814	1133.000
08/08/1981	5.653	10.355	15.899	24.477	1047.000
09/08/1981	6.521	9.474	16.037	23.567	1006.000
10/08/1981	0.637	10.747	15.657	24.759	995.000
11/08/1981	6.495	9.546	16.032	23.654	986.000
12/08/1981	16.028	7.367	16.442	21.488	984.000
13/08/1981	8.584	7.383	15.968	21.114	932.000
14/08/1981	6.027	9.857	15.157	23.324	1179.000
15/08/1981	0.171	10.291	15.129	23.771	1664.000
16/08/1981	0.424	10.888	14.858	24.281	1528.000
17/08/1981	7.855	7.936	15.552	21.404	1316.000
18/08/1981	4.567	9.483	15.151	22.812	1234.000
19/08/1981	10.109	9.856	15.382	23.400	1178.000
20/08/1981	1.154	10.578	14.864	23.907	1221.000
21/08/1981	7.662	9.571	15.101	22.919	1167.000
22/08/1981	10.007	8.968	14.789	21.919	1140.000
23/08/1981	10.334	7.409	16.112	21.206	1287.000
24/08/1981	7.572	10.682	15.162	24.135	1309.000
25/08/1981	10.339	7.945	15.827	21.497	1278.000
26/08/1981	3.990	9.245	14.780	22.224	1303.000
27/08/1981	3.770	8.730	15.312	21.974	1304.000
28/08/1981	0.507	10.378	14.674	23.430	1192.000
29/08/1981	11.882	10.448	13.798	22.919	1110.000
30/08/1981	17.573	8.800	15.070	21.921	1179.000
31/08/1981	8.385	7.538	14.761	20.171	1126.000
01/09/1981	9.569	7.060	15.030	19.905	1259.000
02/09/1981	2.645	9.406	14.360	21.995	1429.000
03/09/1981	7.221	8.179	14.904	21.049	1400.000
04/09/1981	12.392	9.918	14.303	22.591	1503.000
05/09/1981	1.805	9.175	14.864	22.106	1504.000
06/09/1981	13.555	8.935	15.737	22.524	1482.000
07/09/1981	3.776	9.867	15.036	23.028	1567.000
08/09/1981	9.257	9.343	15.422	22.746	1585.000
09/09/1981	5.492	10.028	15.179	23.373	1645.000
10/09/1981	2.337	9.864	15.126	23.106	1520.000
11/09/1981	7.193	8.882	14.969	21.855	1800.000
12/09/1981	3.482	10.284	13.856	22.678	1790.000
13/09/1981	7.943	9.316	14.738	22.173	1652.000
14/09/1981	2.674	9.166	15.404	22.520	1513.000
15/09/1981	12.463	9.034	15.632	22.528	1559.000
16/09/1981	6.497	9.822	15.430	23.258	1570.000
17/09/1981	5.320	10.292	14.405	23.074	1464.000
18/09/1981	1.415	11.046	14.931	24.333	1407.000
19/09/1981	4.566	8.993	15.035	22.028	1331.000
20/09/1981	2.404	10.370	15.418	23.923	1365.000
21/09/1981	4.416	10.345	15.702	24.064	1265.000
22/09/1981	2.876	10.717	15.458	24.341	1177.000
23/09/1981	0.193	12.065	14.778	25.488	1133.000
24/09/1981	3.311	10.423	15.994	24.444	1085.000
25/09/1981	3.308	9.760	15.952	23.636	1057.000
26/09/1981	4.766	10.146	15.645	23.880	1120.000
27/09/1981	3.360	10.150	15.183	23.543	1082.000
28/09/1981	4.215	9.832	15.493	23.404	1066.000
29/09/1981	5.728	9.630	15.927	23.494	1042.000
30/09/1981	6.623	10.609	15.573	24.379	1063.000
01/10/1981	13.685	8.772	15.309	22.060	1046.000
02/10/1981	1.036	8.933	15.723	22.599	998.000
03/10/1981	8.188	8.044	15.182	21.210	1216.000
04/10/1981	2.380	8.873	14.988	21.984	1159.000
05/10/1981	3.563	9.671	15.723	23.439	1183.000
06/10/1981	7.433	8.392	16.151	22.364	1109.000
07/10/1981	20.884	7.988	15.848	21.661	1026.000
08/10/1981	6.632	8.007	14.823	20.893	1027.000
09/10/1981	5.217	8.534	15.609	22.105	1092.000
10/10/1981	10.887	7.812	16.023	21.621	1099.000
11/10/1981	9.799	8.653	15.418	22.116	1311.000
12/10/1981	4.153	8.626	15.375	22.061	1319.000
13/10/1981	11.414	9.297	14.761	22.402	1274.000
14/10/1981	8.535	9.698	14.940	23.023	1239.000
15/10/1981	14.347	7.672	16.431	21.843	1305.000
16/10/1981	3.775	8.265	16.072	22.213	1615.000
17/10/1981	0.991	9.437	15.725	23.342	1608.000
18/10/1981	7.225	8.878	15.680	22.721	1466.000
19/10/1981	6.969	8.391	15.290	21.889	1450.000
20/10/1981	2.710	9.943	15.071	23.548	1618.000
21/10/1981	3.616	10.023	15.192	23.765	1418.000
22/10/1981	14.011	8.018	15.735	21.800	1477.000
23/10/1981	5.883	7.018	15.946	20.830	1369.000
24/10/1981	12.307	7.510	15.590	21.109	1470.000
25/10/1981	5.508	9.863	15.490	23.801	1456.000
26/10/1981	10.620	7.837	15.977	21.839	1431.000
27/10/1981	9.346	7.735	15.637	21.432	1397.000
28/10/1981	12.850	8.065	15.661	21.873	1443.000
29/10/1981	7.187	9.075	15.554	22.991	1366.000
30/10/1981	29.225	6.644	15.950	20.500	1830.000
31/10/1981	5.177	8.101	15.729	22.036	1886.000
01/11/1981	7.065	7.110	15.571	20.736	1864.000
02/11/1981	3.183	9.679	14.558	23.093	2059.000
03/11/1981	2.285	9.960	15.032	23.800	1853.000
04/11/1981	2.282	8.716	15.375	22.570	1716.000
05/11/1981	12.297	9.017	15.755	23.249	1705.000
06/11/1981	7.333	9.720	15.457	23.930	1798.000
07/11/1981	13.737	8.394	16.047	22.756	1737.000
08/11/1981	9.489	8.210	15.928	22.450	1648.000
09/11/1981	7.623	7.938	16.194	22.348	1701.000
10/11/1981	12.694	7.465	15.764	21.470	1809.000
11/11/1981	3.375	9.267	15.639	23.574	1837.000
12/11/1981	11.776	7.595	16.620	22.295	1630.000
13/11/1981	11.756	7.485	16.419	22.036	1697.000
14/11/1981	12.576	7.307	16.500	21.900	1816.000
15/11/1981	2.335	7.490	15.746	21.539	1746.000
16/11/1981	21.316	7.530	15.787	21.642	1691.000
17/11/1981	2.707	7.873	16.213	22.383	1677.000
18/11/1981	5.129	7.337	15.835	21.539	1603.000
19/11/1981	3.871	8.360	15.859	22.750	1512.000
20/11/1981	13.332	7.052	16.152	21.404	1472.000
21/11/1981	13.188	7.790	15.735	21.998	1544.000
22/11/1981	6.732	7.439	16.205	21.928	1655.000
23/11/1981	2.385	8.446	15.745	22.807	1865.000
24/11/1981	9.275	8.484	15.121	22.456	1905.000
25/11/1981	13.064	7.867	15.642	22.073	2024.000
26/11/1981	3.106	9.095	15.344	23.397	1983.000
27/11/1981	23.697	7.861	16.015	22.379	1852.000
28/11/1981	5.309	8.099	15.802	22.506	1622.000
29/11/1981	10.293	7.170	15.259	20.994	1709.000
30/11/1981	3.774	7.604	15.024	21.341	1917.000
01/12/1981	5.554	7.961	15.898	22.448	2049.000
02/12/1981	8.203	8.884	14.967	22.951	2052.000
03/12/1981	6.285	8.806	15.056	22.937	1955.000
04/12/1981	9.506	9.263	14.738	23.330	1687.000
05/12/1981	7.210	6.643	16.783	21.599	1604.000
06/12/1981	8.660	6.764	16.099	21.199	1555.000
07/12/1981	2.057	8.085	15.870	22.601	1841.000
08/12/1981	1.189	8.559	16.127	23.389	1869.000
09/12/1981	4.730	8.491	15.237	22.695	1693.000
10/12/1981	10.211	7.169	15.858	21.525	1505.000
11/12/1981	3.707	6.712	15.385	20.600	1470.000
12/12/1981	3.224	8.663	15.107	22.821	1393.000
13/12/1981	0.392	8.771	15.393	23.192	1340.000
14/12/1981	8.377	7.653	15.669	22.022	1283.000
15/12/1981	4.087	8.861	15.187	23.173	1263.000
16/12/1981	3.691	9.168	15.459	23.770	1291.000
17/12/1981	0.217	9.353	15.090	23.750	1253.000
18/12/1981	1.866	8.089	15.508	22.448	1132.000
19/12/1981	1.760	7.762	16.082	22.444	1067.000
20/12/1981	16.611	7.647	15.855	22.134	1049.000
21/12/1981	9.196	6.878	16.023	21.297	1049.000
22/12/1981	7.887	7.690	15.488	21.877	1020.000
23/12/1981	0.152	8.535	15.997	23.324	1095.000
24/12/1981	0.514	8.626	15.888	23.365	1048.000
25/12/1981	9.211	7.505	15.734	21.857	999.000
26/12/1981	2.762	8.415	15.499	22.781	966.000
27/12/1981	0.991	8.069	16.208	22.886	956.000
28/12/1981	0.203	9.794	14.232	23.679	967.000
29/12/1981	22.972	6.368	15.972	20.641	935.000
30/12/1981	14.473	8.325	15.365	22.564	919.000
31/12/1981	2.687	6.915	16.008	21.311	925.000
01/01/1982	15.694	8.730	14.764	22.633	1176.000
02/01/1982	5.834	6.853	15.608	20.892	1207.000
03/01/1982	18.566	7.441	15.853	21.824	1232.000
04/01/1982	31.932	6.814	15.718	20.928	1314.000
05/01/1982	6.969	7.209	15.520	21.239	1631.000
06/01/1982	3.097	6.869	15.468	20.771	1831.000
07/01/1982	1.152	6.874	15.353	20.681	2176.000
08/01/1982	1.500	8.836	14.213	22.254	2269.000
09/01/1982	0.581	8.026	15.061	21.849	2221.000
10/01/1982	1.013	8.096	15.462	22.235	2136.000
11/01/1982	3.043	9.427	15.183	23.707	2053.000
12/01/1982	0.170	9.921	13.865	23.412	1969.000
13/01/1982	0.678	9.737	14.632	23.670	1872.000
14/01/1982	1.632	9.060	15.045	23.106	1729.000
15/01/1982	2.114	9.077	15.571	23.479	1678.000
16/01/1982	1.170	9.982	14.610	23.911	1631.000
17/01/1982	1.113	8.341	15.696	22.625	1586.000
18/01/1982	0.000	9.817	14.851	23.846	1513.000
19/01/1982	0.245	10.889	14.787	25.163	1444.000
20/01/1982	0.000	10.255	14.504	24.208	1400.000
21/01/1982	0.037	11.544	13.971	25.435	1290.000
22/01/1982	0.000	9.261	15.511	23.533	1229.000
23/01/1982	0.490	10.252	14.199	23.849	1172.000
24/01/1982	1.797	9.138	14.873	22.871	1116.000
25/01/1982	0.354	8.698	14.843	22.274	1054.000
26/01/1982	3.098	8.787	15.541	22.849	1015.000
27/01/1982	3.290	7.447	15.315	21.041	988.000
28/01/1982	2.763	7.618	16.003	21.795	970.000
29/01/1982	14.432	8.114	14.866	21.499	978.000
30/01/1982	8.567	8.744	15.253	22.528	1005.000
31/01/1982	9.282	8.048	15.248	21.690	1055.000
01/02/1982	3.447	9.474	14.581	22.932	1013.000
02/02/1982	10.953	8.253	15.291	21.918	1029.000
03/02/1982	2.822	9.918	15.229	23.855	995.000
04/02/1982	2.732	8.915	15.684	22.953	1019.000
05/02/1982	3.397	8.085	15.746	22.010	1060.000
06/02/1982	11.852	8.170	14.948	21.485	1035.000
07/02/1982	9.154	8.893	15.574	22.762	1024.000
08/02/1982	2.712	9.452	15.353	23.254	1014.000
09/02/1982	5.566	8.683	15.960	22.784	1049.000
10/02/1982	7.278	7.678	16.014	21.654	1066.000
11/02/1982	8.689	8.991	16.522	23.485	1015.000
12/02/1982	15.003	8.211	16.630	22.685	1085.000
13/02/1982	7.220	8.576	16.009	22.643	1129.000
14/02/1982	3.576	8.672	16.340	22.938	1162.000
15/02/1982	12.761	7.563	16.697	21.985	1128.000
16/02/1982	0.096	8.510	16.093	22.557	1172.000
17/02/1982	0.338	9.475	15.389	23.106	1341.000
18/02/1982	0.021	8.895	16.228	23.068	1300.000
19/02/1982	1.959	6.950	16.536	21.139	1333.000
20/02/1982	15.554	6.921	16.331	20.909	1368.000
21/02/1982	1.465	9.062	16.092	23.052	1313.000
22/02/1982	2.494	8.532	16.420	22.730	1305.000
23/02/1982	1.998	8.516	16.217	22.535	1299.000
24/02/1982	6.784	9.616	15.699	23.396	1317.000
25/02/1982	2.466	9.841	16.231	24.023	1271.000
26/02/1982	3.712	9.621	15.639	23.334	1221.000
27/02/1982	7.026	8.642	16.335	22.725	1169.000
28/02/1982	6.412	9.202	15.655	22.824	1122.000
01/03/1982	8.445	8.485	16.577	22.741	1084.000
02/03/1982	8.583	6.831	16.672	21.030	1080.000
03/03/1982	14.475	10.516	15.679	24.275	1112.000
04/03/1982	0.106	9.246	15.884	22.988	1195.000
05/03/1982	0.498	9.196	16.598	23.461	1193.000
06/03/1982	0.913	9.869	15.412	23.325	1160.000
07/03/1982	2.123	11.399	14.774	24.651	1231.000
08/03/1982	6.628	9.174	16.065	23.002	1210.000
09/03/1982	1.149	10.458	14.524	23.327	1155.000
10/03/1982	1.064	8.909	16.536	23.002	1112.000
11/03/1982	2.254	8.607	16.060	22.285	1093.000
12/03/1982	2.606	7.271	16.895	21.557	1072.000
13/03/1982	4.059	9.755	15.250	22.999	1101.000
14/03/1982	11.988	8.405	16.062	22.060	1123.000
15/03/1982	10.865	9.752	16.077	23.587	1185.000
16/03/1982	12.776	8.857	16.453	22.842	1203.000
17/03/1982	5.417	10.196	16.223	24.144	1184.000
18/03/1982	4.325	8.400	16.651	22.475	1192.000
19/03/1982	3.216	8.773	16.659	22.896	1184.000
20/03/1982	5.529	9.138	16.334	23.034	1216.000
21/03/1982	2.158	10.525	16.138	24.428	1247.000
22/03/1982	0.460	8.712	16.359	22.572	1267.000
23/03/1982	8.857	10.136	16.030	23.926	1273.000
24/03/1982	9.632	9.356	16.486	23.388	1350.000
25/03/1982	4.071	10.493	16.097	24.366	1381.000
26/03/1982	18.942	7.985	17.243	22.505	1293.000
27/03/1982	6.899	9.364	16.181	23.154	1249.000
28/03/1982	1.673	8.883	16.752	23.076	1223.000
29/03/1982	3.333	8.559	16.778	22.728	1255.000
30/03/1982	6.887	10.290	15.726	23.857	1334.000
31/03/1982	3.147	9.844	16.598	24.030	1389.000
01/04/1982	6.301	9.024	16.963	23.382	1285.000
02/04/1982	16.145	8.411	16.179	22.138	1231.000
03/04/1982	19.749	8.144	16.567	22.141	1223.000
04/04/1982	13.770	6.918	16.708	20.963	1239.000
05/04/1982	7.485	9.027	16.248	22.829	1290.000
06/04/1982	15.545	7.797	16.179	21.443	1453.000
07/04/1982	5.156	9.351	16.120	23.075	1554.000
08/04/1982	19.261	7.921	16.541	21.862	1648.000
09/04/1982	8.919	7.786	16.335	21.581	1809.000
10/04/1982	5.226	8.473	15.885	21.974	1782.000
11/04/1982	9.812	9.199	16.083	22.953	1868.000
12/04/1982	23.848	8.281	16.165	22.020	1942.000
13/04/1982	1.994	9.038	16.010	22.702	2081.000
14/04/1982	1.458	9.896	16.038	23.685	2236.000
15/04/1982	2.570	10.718	16.036	24.622	2037.000
16/04/1982	4.838	9.444	16.717	23.699	1922.000
17/04/1982	22.081	7.664	16.880	21.916	1842.000
18/04/1982	1.471	8.347	16.450	22.343	1927.000
19/04/1982	8.906	8.625	16.679	22.799	1995.000
20/04/1982	11.564	9.438	16.721	23.762	2080.000
21/04/1982	8.418	8.784	15.945	22.415	2133.000
22/04/1982	5.806	9.827	15.857	23.563	2183.000
23/04/1982	12.560	8.544	16.389	22.515	2120.000
24/04/1982	5.781	9.737	16.111	23.662	2160.000
25/04/1982	2.090	10.332	16.608	24.726	2027.000
26/04/1982	14.186	9.187	16.378	23.278	1880.000
27/04/1982	10.603	10.109	16.142	24.156	1860.000
28/04/1982	31.902	6.650	16.263	20.428	1869.000
29/04/1982	2.953	9.452	15.444	22.909	1886.000
30/04/1982	8.187	8.045	16.350	22.017	1952.000
01/05/1982	9.311	9.548	15.922	23.422	2007.000
02/05/1982	13.066	8.777	16.226	22.762	2181.000
03/05/1982	3.519	9.172	16.111	23.142	2223.000
04/05/1982	8.880	9.155	16.030	23.072	2230.000
05/05/1982	11.140	8.489	16.565	22.763	2359.000
06/05/1982	8.092	8.958	16.060	22.912	2460.000
07/05/1982	10.974	8.815	16.355	22.969	2349.000
08/05/1982	12.142	8.552	16.537	22.859	2424.000
09/05/1982	6.052	8.336	16.231	22.341	2753.000
10/05/1982	12.230	7.912	16.228	21.928	2516.000
11/05/1982	1.320	10.042	15.763	23.994	2556.000
12/05/1982	3.566	9.958	16.258	24.333	2152.000
13/05/1982	9.192	8.981	16.460	23.336	2072.000
14/05/1982	12.065	7.341	16.848	21.874	2084.000
15/05/1982	9.005	8.344	16.190	22.415	1809.000
16/05/1982	15.238	8.608	16.220	22.761	1822.000
17/05/1982	8.602	8.627	16.507	23.022	1800.000
18/05/1982	22.689	8.110	16.153	22.142	1813.000
19/05/1982	8.914	7.336	16.155	21.338	2072.000
20/05/1982	4.692	8.663	16.114	22.810	2104.000
21/05/1982	23.472	7.787	16.340	21.946	2012.000
22/05/1982	7.442	6.670	16.743	21.142	2472.000
23/05/1982	6.783	8.157	15.490	21.719	2754.000
24/05/1982	7.714	7.989	15.749	21.805	2815.000
25/05/1982	20.130	7.244	16.017	21.147	2751.000
26/05/1982	5.590	8.183	15.644	21.924	2750.000
27/05/1982	6.628	7.464	16.506	21.785	2881.000
28/05/1982	7.665	8.354	15.929	22.318	2714.000
29/05/1982	11.640	7.892	16.023	21.878	2614.000
30/05/1982	7.293	8.527	16.179	22.825	2592.000
31/05/1982	9.051	9.033	16.234	23.382	2524.000
01/06/1982	4.737	9.132	16.414	23.642	2524.000
02/06/1982	1.896	9.889	16.257	24.475	2815.000
03/06/1982	4.108	9.529	16.285	24.064	2192.000
04/06/1982	10.980	8.793	15.929	22.916	2104.000
05/06/1982	4.225	7.935	16.519	22.411	1932.000
06/06/1982	12.244	8.841	16.030	23.100	2052.000
07/06/1982	4.515	8.753	16.211	23.116	1996.000
08/06/1982	7.751	8.901	15.816	23.045	2140.000
09/06/1982	3.404	8.837	15.681	22.864	1907.000
10/06/1982	8.710	9.327	15.621	23.381	2312.000
11/06/1982	2.287	9.146	16.315	23.717	2004.000
12/06/1982	6.623	7.107	16.305	21.367	1964.000
13/06/1982	2.438	9.810	15.671	24.019	1738.000
14/06/1982	9.963	9.275	15.870	23.504	1872.000
15/06/1982	1.057	9.713	15.252	23.635	1747.000
16/06/1982	0.368	10.091	14.852	23.813	1680.000
17/06/1982	3.942	9.186	15.401	23.105	1738.000
18/06/1982	1.878	9.301	15.246	23.163	1701.000
19/06/1982	5.419	10.039	15.433	24.157	1377.000
20/06/1982	9.768	8.936	14.965	22.503	1295.000
21/06/1982	3.360	9.532	14.710	23.070	1506.000
22/06/1982	2.650	9.559	15.202	23.450	1641.000
23/06/1982	2.003	9.337	15.918	23.685	1693.000
24/06/1982	8.030	8.239	15.399	22.010	1656.000
25/06/1982	2.835	9.676	15.074	23.492	1557.000
26/06/1982	3.137	10.196	14.708	23.918	1385.000
27/06/1982	2.822	8.994	15.929	23.261	1201.000
28/06/1982	1.996	9.865	15.767	24.179	1103.000
29/06/1982	1.281	9.925	15.427	24.020	895.000
30/06/1982	3.298	9.891	15.880	24.277	886.000
01/07/1982	2.188	10.440	15.658	24.795	1025.000
02/07/1982	5.817	9.776	15.377	23.789	1108.000
03/07/1982	4.575	9.794	15.742	24.064	1147.000
04/07/1982	6.317	9.628	15.579	23.766	965.000
05/07/1982	3.367	10.528	15.513	24.812	1045.000
06/07/1982	3.579	10.281	15.082	24.151	1086.000
07/07/1982	4.507	10.464	15.130	24.431	1218.000
08/07/1982	5.660	9.003	15.044	22.603	1169.000
09/07/1982	6.542	10.645	14.569	24.306	1117.000
10/07/1982	0.571	11.621	14.544	25.488	1037.000
11/07/1982	6.901	8.492	15.740	22.512	1009.000
12/07/1982	11.914	8.799	15.618	22.713	1050.000
13/07/1982	9.293	10.219	15.163	24.149	1587.000
14/07/1982	1.595	11.023	15.966	25.653	1374.000
15/07/1982	0.600	11.356	16.284	26.275	1158.000
16/07/1982	0.822	9.527	16.246	24.041	1087.000
17/07/1982	0.000	10.515	15.346	24.643	1033.000
18/07/1982	0.515	9.521	15.315	23.318	982.000
19/07/1982	0.908	9.486	15.091	23.091	1057.000
20/07/1982	14.025	8.600	15.611	22.425	1106.000
21/07/1982	0.826	11.620	14.504	25.290	1056.000
22/07/1982	0.236	11.029	14.970	24.892	979.000
23/07/1982	7.428	10.250	15.820	24.486	984.000
24/07/1982	1.154	10.697	15.370	24.683	909.000
25/07/1982	1.933	11.262	14.567	24.857	897.000
26/07/1982	9.177	9.139	15.395	22.849	1014.000
27/07/1982	4.139	8.439	15.264	21.932	1020.000
28/07/1982	7.530	8.896	15.138	22.375	1088.000
29/07/1982	5.078	9.648	15.548	23.537	1035.000
30/07/1982	5.267	10.222	15.464	24.143	1124.000
31/07/1982	1.321	11.556	14.959	25.369	1045.000
01/08/1982	1.153	11.050	14.353	24.362	988.000
02/08/1982	4.500	10.627	15.308	24.504	1046.000
03/08/1982	6.302	11.186	14.511	24.602	1101.000
04/08/1982	2.563	11.186	15.447	25.200	1221.000
05/08/1982	0.316	11.817	14.330	25.283	1081.000
06/08/1982	2.680	9.945	14.963	23.383	1065.000
07/08/1982	7.662	9.830	14.564	22.975	1136.000
08/08/1982	8.667	9.057	14.513	22.014	1159.000
09/08/1982	0.678	12.445	13.932	25.612	1068.000
10/08/1982	5.194	10.741	15.649	24.789	1022.000
11/08/1982	5.003	12.595	14.854	26.381	1021.000
12/08/1982	1.678	10.728	16.173	25.070	916.000
13/08/1982	3.228	11.791	14.503	25.161	1017.000
14/08/1982	0.571	10.871	15.001	24.361	962.000
15/08/1982	4.335	12.329	14.442	25.728	1152.000
16/08/1982	2.386	10.106	16.008	24.191	988.000
17/08/1982	2.324	11.586	15.493	25.537	931.000
18/08/1982	4.131	10.702	16.149	24.954	891.000
19/08/1982	3.163	10.302	15.647	24.096	956.000
20/08/1982	3.179	9.500	15.850	23.321	983.000
21/08/1982	6.438	10.044	15.716	23.848	935.000
22/08/1982	0.743	12.213	15.355	26.116	826.000
23/08/1982	0.764	11.157	16.081	25.373	802.000
24/08/1982	2.599	10.937	16.040	25.078	842.000
25/08/1982	2.580	9.931	16.349	24.154	955.000
26/08/1982	0.633	11.107	15.216	24.664	867.000
27/08/1982	2.358	11.150	16.500	25.603	868.000
28/08/1982	8.171	9.792	16.500	24.073	872.000
29/08/1982	0.397	11.357	15.595	25.231	800.000
30/08/1982	1.489	10.198	15.524	23.839	739.000
31/08/1982	4.676	10.233	15.115	23.538	790.000
01/09/1982	4.999	11.114	15.140	24.576	854.000
02/09/1982	0.950	11.457	15.783	25.438	774.000
03/09/1982	1.767	11.063	15.843	25.018	790.000
04/09/1982	5.212	9.736	16.086	23.674	903.000
05/09/1982	3.380	10.324	16.340	24.515	976.000
06/09/1982	2.176	10.859	15.878	24.797	852.000
07/09/1982	2.253	11.226	15.966	25.296	797.000
08/09/1982	6.012	10.532	15.670	24.246	813.000
09/09/1982	5.072	9.714	16.137	23.713	795.000
10/09/1982	8.738	9.989	15.073	23.218	807.000
11/09/1982	9.916	8.776	16.368	22.808	941.000
12/09/1982	8.190	10.304	16.258	24.411	1147.000
13/09/1982	8.721	10.541	15.886	24.416	1078.000
14/09/1982	13.097	9.213	15.990	23.010	1113.000
15/09/1982	6.108	7.892	15.923	21.510	1037.000
16/09/1982	12.633	7.307	16.300	21.159	994.000
17/09/1982	9.135	7.062	15.604	20.322	1034.000
18/09/1982	3.166	10.042	15.866	23.813	1045.000
19/09/1982	25.097	7.225	16.254	21.075	1015.000
20/09/1982	3.049	8.634	15.999	22.344	978.000
21/09/1982	10.179	10.216	15.851	24.026	1067.000
22/09/1982	0.000	10.517	15.034	23.852	999.000
23/09/1982	3.559	11.361	13.896	24.062	1047.000
24/09/1982	10.473	7.962	15.534	21.315	1096.000
25/09/1982	3.918	7.889	15.416	21.131	1050.000
26/09/1982	5.129	9.111	14.849	22.045	1042.000
27/09/1982	4.242	10.546	15.267	24.039	1000.000
28/09/1982	17.131	8.019	15.430	21.299	1023.000
29/09/1982	5.581	9.427	15.819	23.150	1034.000
30/09/1982	5.859	9.254	15.732	22.937	1112.000
01/10/1982	12.024	7.364	15.520	20.695	1358.000
02/10/1982	4.544	9.280	14.817	22.300	1372.000
03/10/1982	16.928	7.044	15.614	20.407	1175.000
04/10/1982	4.520	8.772	14.818	21.721	1205.000
05/10/1982	13.047	9.550	15.001	22.792	1262.000
06/10/1982	6.832	9.542	15.149	22.930	1234.000
07/10/1982	17.241	8.429	15.831	22.129	1131.000
08/10/1982	12.192	8.347	15.647	21.892	1211.000
09/10/1982	3.925	8.616	15.205	21.899	1291.000
10/10/1982	5.396	7.857	16.424	21.941	1402.000
11/10/1982	1.253	8.580	15.531	22.089	1373.000
12/10/1982	19.315	7.303	15.456	20.690	1335.000
13/10/1982	0.977	9.035	13.966	21.533	1497.000
14/10/1982	7.311	8.704	14.833	21.818	1389.000
15/10/1982	11.600	8.144	15.380	21.541	1306.000
16/10/1982	8.915	7.943	14.624	20.786	1300.000
17/10/1982	8.878	6.118	15.388	19.367	1194.000
18/10/1982	8.902	8.120	14.806	21.127	1116.000
19/10/1982	9.699	8.218	15.024	21.442	1186.000
20/10/1982	17.766	6.925	15.471	20.353	1233.000
21/10/1982	7.984	7.073	15.403	20.436	1434.000
22/10/1982	15.221	8.372	15.549	22.066	1443.000
23/10/1982	11.151	6.404	16.040	20.244	1538.000
24/10/1982	17.284	6.449	15.131	19.547	1594.000
25/10/1982	17.243	5.819	15.907	19.569	1782.000
26/10/1982	12.424	7.530	15.496	21.120	2016.000
27/10/1982	7.248	7.126	15.115	20.324	2140.000
28/10/1982	3.416	7.568	14.862	20.657	2103.000
29/10/1982	4.911	8.360	14.447	21.352	1708.000
30/10/1982	2.198	8.504	14.724	21.701	1725.000
31/10/1982	4.784	8.221	14.894	21.524	1617.000
01/11/1982	23.131	7.149	15.659	20.884	1523.000
02/11/1982	23.058	7.306	15.085	20.629	1394.000
03/11/1982	5.726	6.157	15.146	19.386	1459.000
04/11/1982	3.400	8.797	14.446	21.970	1512.000
05/11/1982	0.233	8.497	14.697	21.771	1525.000
06/11/1982	3.485	8.738	15.558	22.730	1449.000
07/11/1982	5.117	8.714	16.201	23.189	1597.000
08/11/1982	3.778	7.889	16.327	22.358	1576.000
09/11/1982	6.111	10.620	14.957	24.746	1486.000
10/11/1982	12.626	7.110	16.342	21.548	1407.000
11/11/1982	10.461	6.836	14.978	20.157	1306.000
12/11/1982	3.841	7.147	16.207	21.451	1282.000
13/11/1982	3.503	9.557	15.311	23.705	1435.000
14/11/1982	2.960	9.255	15.838	23.737	1419.000
15/11/1982	13.489	8.189	16.098	22.661	1335.000
16/11/1982	19.922	8.314	16.106	22.830	1434.000
17/11/1982	5.899	7.673	15.478	21.574	1371.000
18/11/1982	14.347	7.301	15.486	21.149	1327.000
19/11/1982	6.226	8.795	15.570	23.052	1221.000
20/11/1982	16.583	5.909	15.952	19.966	1207.000
21/11/1982	9.199	7.949	15.438	21.933	1347.000
22/11/1982	4.063	6.865	15.706	20.850	1251.000
23/11/1982	1.522	7.955	15.750	22.193	1260.000
24/11/1982	0.908	8.487	14.936	22.302	1305.000
25/11/1982	12.810	7.177	15.267	20.967	1279.000
26/11/1982	7.897	7.691	15.156	21.515	1324.000
27/11/1982	4.360	8.977	14.807	22.860	1293.000
28/11/1982	10.035	9.052	15.019	23.105	1330.000
29/11/1982	1.404	10.214	13.375	23.507	1287.000
30/11/1982	0.205	9.172	15.851	23.883	1194.000
01/12/1982	1.444	8.237	15.841	22.719	1100.000
02/12/1982	6.446	8.046	16.260	22.830	1062.000
03/12/1982	2.838	8.755	14.072	22.134	1062.000
04/12/1982	14.563	6.352	15.453	20.275	1032.000
05/12/1982	9.116	8.101	14.979	21.965	1006.000
06/12/1982	8.934	8.599	15.805	23.184	992.000
07/12/1982	9.382	7.657	16.489	22.584	1022.000
08/12/1982	9.584	8.010	15.751	22.499	1043.000
09/12/1982	13.249	6.329	15.931	20.557	1025.000
10/12/1982	5.427	8.107	16.619	23.202	1337.000
11/12/1982	12.928	7.651	15.729	21.992	1130.000
12/12/1982	8.407	6.776	16.611	21.634	1106.000
13/12/1982	4.911	7.150	16.321	21.868	1301.000
14/12/1982	1.130	8.071	15.124	22.111	1182.000
15/12/1982	1.077	10.061	15.151	24.719	1085.000
16/12/1982	1.142	9.473	14.643	23.567	1058.000
17/12/1982	4.699	7.616	16.349	22.440	1020.000
18/12/1982	2.805	6.845	15.911	21.159	1040.000
19/12/1982	4.744	8.275	15.911	22.908	1102.000
20/12/1982	10.556	8.410	16.188	23.298	1030.000
21/12/1982	5.047	9.239	15.076	23.571	1040.000
22/12/1982	7.672	7.752	16.008	22.369	1050.000
23/12/1982	3.766	9.235	15.753	24.017	1034.000
24/12/1982	9.769	8.880	15.673	23.510	1060.000
25/12/1982	2.289	8.363	15.731	22.898	1082.000
26/12/1982	0.429	9.392	14.838	23.577	1102.000
27/12/1982	11.891	7.047	16.099	21.538	1134.000
28/12/1982	4.341	9.013	15.242	23.335	1072.000
29/12/1982	5.433	8.492	14.970	22.473	1080.000
30/12/1982	2.149	9.108	15.148	23.378	1078.000
31/12/1982	0.061	9.751	14.923	24.055	1074.000
01/01/1983	2.082	9.592	15.713	24.455	1132.000
02/01/1983	5.167	8.831	16.142	23.728	1125.000
03/01/1983	6.367	8.778	16.547	23.943	1083.000
04/01/1983	2.749	8.329	16.704	23.487	1050.000
05/01/1983	0.689	7.267	16.201	21.870	1021.000
06/01/1983	0.330	7.986	15.735	22.367	989.000
07/01/1983	3.207	7.619	15.820	21.991	945.000
08/01/1983	14.610	7.609	15.076	21.423	986.000
09/01/1983	0.034	8.240	15.900	22.758	983.000
10/01/1983	0.180	8.410	16.166	23.179	930.000
11/01/1983	0.937	8.459	15.807	22.925	926.000
12/01/1983	1.419	7.891	15.776	22.312	959.000
13/01/1983	2.732	9.490	14.254	23.106	964.000
14/01/1983	0.079	8.755	16.249	23.587	877.000
15/01/1983	0.311	8.955	16.554	24.015	842.000
16/01/1983	4.592	8.628	17.540	24.350	815.000
17/01/1983	0.147	8.313	15.775	22.662	781.000
18/01/1983	0.096	9.864	14.475	23.690	762.000
19/01/1983	0.000	8.704	16.374	23.567	740.000
20/01/1983	0.052	8.725	16.151	23.379	716.000
21/01/1983	0.000	9.203	15.955	23.800	695.000
22/01/1983	0.023	9.241	16.671	24.366	686.000
23/01/1983	0.808	9.091	16.827	24.308	657.000
24/01/1983	0.000	9.487	15.931	24.144	633.000
25/01/1983	0.038	8.281	16.511	23.097	627.000
26/01/1983	0.262	8.105	16.634	22.921	596.000
27/01/1983	4.509	7.002	17.425	22.269	580.000
28/01/1983	1.677	8.075	16.218	22.508	576.000
29/01/1983	1.744	8.427	16.522	23.103	597.000
30/01/1983	12.493	8.133	15.841	22.228	570.000
31/01/1983	0.622	8.627	16.539	23.294	565.000
01/02/1983	0.000	8.346	16.632	23.041	557.000
02/02/1983	0.029	8.652	16.603	23.373	590.000
03/02/1983	0.011	9.360	16.356	24.003	600.000
04/02/1983	1.037	8.153	16.785	22.910	572.000
05/02/1983	9.855	9.372	16.446	24.039	560.000
06/02/1983	7.188	7.364	15.888	21.273	566.000
07/02/1983	2.293	8.649	16.212	22.972	576.000
08/02/1983	6.641	9.602	15.422	23.505	598.000
09/02/1983	14.283	9.866	15.085	23.549	609.000
10/02/1983	2.977	10.392	15.417	24.387	576.000
11/02/1983	0.137	10.042	16.342	24.618	560.000
12/02/1983	0.572	9.666	16.186	24.073	639.000
13/02/1983	0.328	9.896	15.288	23.700	675.000
14/02/1983	0.000	10.364	14.769	23.875	631.000
15/02/1983	0.137	11.963	14.466	25.538	625.000
16/02/1983	1.921	10.248	16.631	25.003	639.000
17/02/1983	0.879	10.412	15.681	24.484	609.000
18/02/1983	2.799	8.516	15.918	22.429	570.000
19/02/1983	3.373	9.080	15.923	23.052	543.000
20/02/1983	0.766	8.755	16.020	22.739	544.000
21/02/1983	1.790	9.292	16.016	23.287	521.000
22/02/1983	1.350	9.359	16.020	23.357	505.000
23/02/1983	0.457	10.143	16.103	24.326	493.000
24/02/1983	2.356	8.600	15.511	22.116	549.000
25/02/1983	3.278	9.282	16.242	23.410	540.000
26/02/1983	1.080	9.922	15.927	23.877	488.000
27/02/1983	1.626	10.079	15.944	24.090	467.000
28/02/1983	0.080	11.220	15.269	24.868	446.000
01/03/1983	11.629	8.440	16.716	22.769	485.000
02/03/1983	9.845	10.590	16.611	25.104	506.000
03/03/1983	6.268	8.058	17.146	22.659	464.000
04/03/1983	2.122	8.714	16.918	23.161	494.000
05/03/1983	2.578	9.383	15.492	22.854	481.000
06/03/1983	9.391	7.618	17.360	22.322	463.000
07/03/1983	6.357	7.013	16.921	21.328	464.000
08/03/1983	5.549	7.428	16.436	21.384	515.000
09/03/1983	4.847	7.663	16.889	21.955	565.000
10/03/1983	9.803	7.700	16.342	21.638	605.000
11/03/1983	3.268	8.983	17.181	23.607	591.000
12/03/1983	1.437	8.140	16.765	22.501	626.000
13/03/1983	0.088	9.467	16.173	23.438	664.000
14/03/1983	4.129	8.810	16.674	22.980	667.000
15/03/1983	0.373	9.081	16.283	23.019	674.000
16/03/1983	1.765	10.163	16.622	24.486	675.000
17/03/1983	6.982	8.027	16.807	22.295	624.000
18/03/1983	3.397	11.651	15.462	25.301	740.000
19/03/1983	0.000	10.355	16.606	24.604	614.000
20/03/1983	0.001	12.003	16.273	26.234	560.000
21/03/1983	2.093	10.692	15.651	24.377	517.000
22/03/1983	2.209	11.630	16.333	25.857	511.000
23/03/1983	3.060	9.808	16.504	23.915	496.000
24/03/1983	7.415	10.256	15.492	23.662	480.000
25/03/1983	19.701	5.904	17.147	20.430	517.000
26/03/1983	7.521	9.204	16.494	23.223	600.000
27/03/1983	17.577	8.078	16.608	22.086	628.000
28/03/1983	10.819	10.454	16.128	24.331	914.000
29/03/1983	9.835	9.985	16.028	23.729	828.000
30/03/1983	9.640	10.526	15.797	24.174	970.000
31/03/1983	2.838	9.964	16.597	24.171	976.000
01/04/1983	2.885	10.812	16.366	24.923	1072.000
02/04/1983	2.954	10.224	16.717	24.519	1072.000
03/04/1983	6.019	9.414	17.100	23.909	1000.000
04/04/1983	11.003	9.568	16.640	23.709	925.000
05/04/1983	6.242	10.860	16.524	25.097	967.000
06/04/1983	13.729	8.611	17.034	23.018	905.000
07/04/1983	10.237	7.296	16.628	21.314	911.000
08/04/1983	7.942	9.023	16.797	23.239	1010.000
09/04/1983	17.567	6.782	17.536	21.540	1089.000
10/04/1983	11.604	8.538	16.775	22.741	1118.000
11/04/1983	18.654	8.030	16.554	22.023	1241.000
12/04/1983	4.866	9.813	17.140	24.396	1300.000
13/04/1983	6.292	7.202	17.633	22.048	1430.000
14/04/1983	6.889	8.394	16.649	22.494	1414.000
15/04/1983	9.346	10.238	16.912	24.735	1518.000
16/04/1983	24.008	8.518	16.735	22.707	1620.000
17/04/1983	4.321	8.464	16.203	22.315	1960.000
18/04/1983	16.822	7.444	16.702	21.596	1820.000
19/04/1983	5.257	9.338	16.610	23.546	1855.000
20/04/1983	5.880	10.241	17.315	25.099	2013.000
21/04/1983	15.341	7.436	16.387	21.337	2107.000
22/04/1983	9.882	10.347	16.736	24.804	2256.000
23/04/1983	2.625	10.646	16.044	24.690	2223.000
24/04/1983	10.177	8.678	17.005	23.215	1978.000
25/04/1983	1.941	9.633	16.195	23.694	1869.000
26/04/1983	11.137	8.435	17.068	22.989	2048.000
27/04/1983	10.133	9.012	16.517	23.216	2030.000
28/04/1983	17.080	7.897	16.678	22.131	1873.000
29/04/1983	7.043	8.152	16.642	22.377	2051.000
30/04/1983	17.471	9.670	15.617	23.253	1901.000
01/05/1983	12.819	8.877	16.820	23.341	1925.000
02/05/1983	6.626	9.443	17.059	24.113	1894.000
03/05/1983	6.420	9.847	16.775	24.412	1890.000
04/05/1983	4.604	9.388	16.323	23.561	1876.000
05/05/1983	7.505	10.605	16.283	24.944	1838.000
06/05/1983	3.599	9.488	16.991	24.206	1679.000
07/05/1983	11.935	7.892	16.947	22.426	1855.000
08/05/1983	5.680	10.715	16.290	25.144	1642.000
09/05/1983	1.062	11.225	16.557	25.945	1624.000
10/05/1983	5.833	10.810	16.685	25.548	1588.000
11/05/1983	6.898	9.937	17.334	25.004	1607.000
12/05/1983	7.809	9.545	16.694	24.116	1557.000
13/05/1983	6.767	9.251	16.627	23.772	1498.000
14/05/1983	9.404	9.973	16.526	24.506	1422.000
15/05/1983	10.546	9.000	16.884	23.690	1419.000
16/05/1983	12.743	7.114	17.504	22.119	1419.000
17/05/1983	8.496	8.703	16.499	23.091	1510.000
18/05/1983	11.780	7.670	16.811	22.166	1486.000
19/05/1983	7.756	8.509	16.917	23.246	1526.000
20/05/1983	7.875	8.985	16.727	23.608	1636.000
21/05/1983	9.475	8.502	16.458	22.893	1629.000
22/05/1983	7.955	9.426	16.251	23.794	1621.000
23/05/1983	3.248	9.858	16.297	24.349	1630.000
24/05/1983	14.053	9.454	16.919	24.348	1648.000
25/05/1983	5.201	8.940	17.166	23.969	1638.000
26/05/1983	11.275	9.329	17.200	24.424	1569.000
27/05/1983	14.029	8.491	17.203	23.501	1607.000
28/05/1983	19.993	7.031	17.230	21.986	1695.000
29/05/1983	7.012	8.867	16.581	23.482	1710.000
30/05/1983	4.954	8.190	16.161	22.417	1901.000
31/05/1983	2.375	10.613	15.181	24.581	1950.000
01/06/1983	7.859	7.305	16.584	21.832	1882.000
02/06/1983	2.252	8.150	16.715	22.774	1866.000
03/06/1983	15.059	7.844	16.223	22.080	1676.000
04/06/1983	8.126	6.190	16.102	20.143	1750.000
05/06/1983	6.607	7.621	16.109	21.724	1793.000
06/06/1983	5.633	6.636	16.517	20.989	1837.000
07/06/1983	8.218	9.248	15.927	23.544	1834.000
08/06/1983	20.217	5.832	16.294	19.958	1792.000
09/06/1983	2.200	9.414	13.843	22.266	1825.000
10/06/1983	1.041	8.747	15.029	22.260	1803.000
11/06/1983	9.575	7.870	15.883	21.927	1959.000
12/06/1983	2.063	10.515	14.511	24.105	1798.000
13/06/1983	3.704	9.697	15.847	24.022	1746.000
14/06/1983	5.784	9.823	15.805	24.183	1708.000
15/06/1983	0.600	9.142	15.636	23.200	1578.000
16/06/1983	4.555	9.534	15.622	23.654	1667.000
17/06/1983	3.306	6.944	16.000	20.938	1602.000
18/06/1983	0.253	10.353	14.305	23.745	1500.000
19/06/1983	0.442	10.268	14.870	24.080	1371.000
20/06/1983	7.844	9.006	15.723	23.161	1307.000
21/06/1983	4.770	9.540	15.604	23.662	1377.000
22/06/1983	0.746	9.606	15.268	23.546	1207.000
23/06/1983	3.511	9.415	14.612	22.843	1204.000
24/06/1983	3.459	8.437	14.904	21.888	1123.000
25/06/1983	0.262	11.668	13.111	24.681	1066.000
26/06/1983	2.736	10.097	16.033	24.665	1094.000
27/06/1983	2.305	10.136	15.206	24.157	1095.000
28/06/1983	1.833	9.894	15.063	23.723	1004.000
29/06/1983	5.196	8.165	15.333	21.870	1039.000
30/06/1983	1.567	8.814	15.056	22.414	1017.000
01/07/1983	5.260	8.375	15.773	22.407	1053.000
02/07/1983	3.524	9.729	15.712	23.970	1060.000
03/07/1983	5.191	11.439	15.060	25.645	1153.000
04/07/1983	0.744	8.854	16.144	23.298	1009.000
05/07/1983	7.309	7.231	16.179	21.439	983.000
06/07/1983	1.656	9.938	14.897	23.671	998.000
07/07/1983	1.741	9.819	15.653	24.034	916.000
08/07/1983	10.492	9.518	15.465	23.528	887.000
09/07/1983	16.794	7.080	16.633	21.596	1131.000
10/07/1983	5.897	9.115	15.447	22.994	1144.000
11/07/1983	4.005	9.601	15.604	23.799	1429.000
12/07/1983	3.599	10.637	15.534	24.903	1282.000
13/07/1983	0.799	12.057	14.488	25.924	1230.000
14/07/1983	2.102	10.481	14.933	24.317	1147.000
15/07/1983	7.651	9.907	15.444	23.912	1270.000
16/07/1983	0.998	9.486	15.542	23.524	1098.000
17/07/1983	2.242	10.929	15.348	25.051	1092.000
18/07/1983	1.367	11.338	15.516	25.677	1042.000
19/07/1983	3.536	9.006	15.630	22.916	1026.000
20/07/1983	4.864	9.074	14.770	22.386	989.000
21/07/1983	5.178	8.043	15.898	22.022	906.000
22/07/1983	12.664	6.728	15.669	20.450	897.000
23/07/1983	7.931	5.532	15.961	19.362	975.000
24/07/1983	1.197	9.541	15.487	23.388	1186.000
25/07/1983	0.000	10.736	14.726	24.348	1014.000
26/07/1983	0.260	9.848	15.648	23.920	929.000
27/07/1983	5.761	9.232	14.683	22.483	919.000
28/07/1983	5.819	8.318	15.948	22.292	935.000
29/07/1983	5.326	9.373	15.667	23.304	963.000
30/07/1983	9.026	8.712	15.903	22.685	1053.000
31/07/1983	4.491	9.151	15.674	23.057	963.000
01/08/1983	10.304	7.780	15.962	21.657	1237.000
02/08/1983	3.969	7.928	15.403	21.433	1143.000
03/08/1983	2.035	8.442	14.704	21.494	1076.000
04/08/1983	3.160	11.383	14.613	24.888	1025.000
05/08/1983	7.802	7.274	15.168	20.441	1049.000
06/08/1983	3.195	7.293	15.728	20.920	1164.000
07/08/1983	4.207	8.906	14.869	22.025	1480.000
08/08/1983	1.277	9.615	14.721	22.815	1458.000
09/08/1983	1.413	10.421	15.136	24.028	1283.000
10/08/1983	8.254	8.675	15.951	22.584	1146.000
11/08/1983	1.119	10.193	14.568	23.322	1045.000
12/08/1983	3.814	9.491	14.836	22.670	1037.000
13/08/1983	0.854	12.386	14.462	25.859	935.000
14/08/1983	4.531	10.786	16.140	25.130	906.000
15/08/1983	1.921	9.967	15.718	23.898	845.000
16/08/1983	2.877	11.462	15.664	25.477	810.000
17/08/1983	4.675	9.910	16.233	24.107	956.000
18/08/1983	6.706	8.019	15.940	21.721	960.000
19/08/1983	7.681	8.487	15.782	22.144	1207.000
20/08/1983	1.524	11.094	15.058	24.609	1000.000
21/08/1983	4.482	10.976	14.888	24.344	987.000
22/08/1983	4.068	8.821	16.090	22.753	966.000
23/08/1983	6.578	10.243	16.033	24.304	866.000
24/08/1983	4.946	7.492	16.391	21.473	956.000
25/08/1983	3.762	9.959	15.671	23.644	890.000
26/08/1983	8.516	9.793	16.017	23.727	970.000
27/08/1983	3.410	10.779	14.875	24.077	912.000
28/08/1983	5.069	6.910	16.457	20.935	912.000
29/08/1983	10.143	9.324	15.823	23.022	872.000
30/08/1983	5.354	8.568	15.519	21.959	877.000
31/08/1983	2.784	11.801	14.611	25.054	934.000
01/09/1983	6.661	10.620	15.506	24.285	855.000
02/09/1983	11.102	8.696	15.786	22.288	878.000
03/09/1983	14.944	9.706	15.721	23.397	944.000
04/09/1983	4.600	8.667	15.455	22.057	979.000
05/09/1983	2.501	10.240	16.196	24.315	878.000
06/09/1983	13.350	6.902	15.731	20.351	974.000
07/09/1983	8.091	7.877	15.620	21.244	1088.000
08/09/1983	3.947	8.770	15.569	22.193	1141.000
09/09/1983	5.012	10.004	15.192	23.300	1085.000
10/09/1983	6.955	6.118	15.672	19.511	1163.000
11/09/1983	3.191	8.878	14.636	21.611	1078.000
12/09/1983	1.843	8.119	15.445	21.352	1024.000
13/09/1983	2.356	9.074	15.530	22.480	988.000
14/09/1983	10.136	10.603	14.708	23.649	1093.000
15/09/1983	2.765	10.082	15.592	23.684	1051.000
16/09/1983	12.765	7.113	16.100	20.828	1126.000
17/09/1983	5.575	9.068	16.051	22.913	1025.000
18/09/1983	5.084	8.206	15.846	21.813	1106.000
19/09/1983	3.181	11.229	13.911	23.865	1103.000
20/09/1983	7.770	9.555	14.177	22.096	1443.000
21/09/1983	4.438	9.063	14.521	21.805	1418.000
22/09/1983	3.444	9.134	14.608	21.928	1246.000
23/09/1983	2.564	12.083	14.098	25.049	1439.000
24/09/1983	3.175	8.585	15.636	22.082	1336.000
25/09/1983	4.250	11.175	15.957	25.238	1279.000
26/09/1983	2.427	10.734	15.948	24.752	1179.000
27/09/1983	0.562	9.082	16.083	22.997	1044.000
28/09/1983	6.799	9.706	15.747	23.470	1059.000
29/09/1983	0.618	11.437	15.081	24.985	997.000
30/09/1983	5.678	9.212	15.190	22.530	1065.000
01/10/1983	1.157	9.543	14.381	22.337	1025.000
02/10/1983	3.277	9.202	14.852	22.287	942.000
03/10/1983	7.217	9.907	16.075	23.957	985.000
04/10/1983	7.451	7.592	15.953	21.252	1071.000
05/10/1983	7.696	9.739	16.302	23.959	1017.000
06/10/1983	1.748	9.975	16.397	24.302	925.000
07/10/1983	11.211	10.245	14.604	23.369	963.000
08/10/1983	2.503	8.484	14.869	21.532	895.000
09/10/1983	8.096	8.246	13.910	20.530	834.000
10/10/1983	4.843	9.672	15.138	23.100	820.000
11/10/1983	19.100	8.047	14.814	20.963	961.000
12/10/1983	5.417	7.556	15.594	21.068	874.000
13/10/1983	11.507	7.131	15.609	20.595	849.000
14/10/1983	13.978	8.411	14.860	21.504	1025.000
15/10/1983	8.492	6.052	14.738	18.720	1269.000
16/10/1983	2.444	7.801	14.537	20.507	1263.000
17/10/1983	0.184	9.771	13.096	21.858	1224.000
18/10/1983	0.695	11.162	14.222	24.389	1267.000
19/10/1983	13.555	7.388	15.890	21.131	1275.000
20/10/1983	22.568	7.326	15.135	20.508	1307.000
21/10/1983	4.796	8.504	14.443	21.334	1365.000
22/10/1983	5.235	7.845	15.386	21.288	1450.000
23/10/1983	4.871	9.078	14.549	22.156	1443.000
24/10/1983	1.884	8.064	15.443	21.653	1348.000
25/10/1983	19.302	6.662	15.663	20.244	1372.000
26/10/1983	8.726	8.862	14.638	22.025	1301.000
27/10/1983	4.840	8.293	15.193	21.786	1389.000
28/10/1983	19.974	7.689	15.537	21.358	1313.000
29/10/1983	18.872	5.415	15.666	19.030	1330.000
30/10/1983	11.674	7.175	15.525	20.762	1383.000
31/10/1983	6.956	7.523	14.978	20.758	1561.000
01/11/1983	0.419	7.495	15.268	20.956	1520.000
02/11/1983	14.132	8.677	15.709	22.690	1608.000
03/11/1983	5.680	6.976	16.300	21.197	1693.000
04/11/1983	10.739	8.386	15.912	22.552	1714.000
05/11/1983	6.598	9.400	15.769	23.703	1764.000
06/11/1983	6.233	9.453	15.638	23.740	1613.000
07/11/1983	1.620	10.253	15.038	24.275	1543.000
08/11/1983	21.427	6.880	15.635	20.669	1455.000
09/11/1983	2.378	6.847	15.339	20.391	1356.000
10/11/1983	5.196	7.452	15.007	20.854	1420.000
11/11/1983	6.258	8.227	15.372	22.080	1310.000
12/11/1983	3.269	8.049	15.103	21.682	1258.000
13/11/1983	9.385	9.930	14.897	23.905	1255.000
14/11/1983	11.402	8.999	14.655	22.582	1226.000
15/11/1983	4.505	8.467	15.250	22.364	1222.000
16/11/1983	6.166	8.635	15.349	22.697	1317.000
17/11/1983	5.824	7.656	15.220	21.398	1356.000
18/11/1983	4.171	9.073	15.246	23.160	1256.000
19/11/1983	1.553	8.502	16.076	23.112	1223.000
20/11/1983	4.196	8.455	16.187	23.145	1122.000
21/11/1983	11.782	7.793	16.342	22.494	1112.000
22/11/1983	7.340	8.306	15.825	22.733	1107.000
23/11/1983	2.820	8.432	15.203	22.424	1154.000
24/11/1983	9.602	8.592	14.929	22.462	1073.000
25/11/1983	1.397	8.076	14.728	21.639	1033.000
26/11/1983	6.947	7.579	15.379	21.542	989.000
27/11/1983	10.529	7.314	14.772	20.775	997.000
28/11/1983	20.421	6.673	14.942	20.132	1018.000
29/11/1983	9.757	5.218	15.203	18.663	1182.000
30/11/1983	8.636	5.909	15.460	19.642	1180.000
01/12/1983	2.236	7.929	14.768	21.543	1149.000
02/12/1983	8.625	9.680	14.175	23.397	1143.000
03/12/1983	12.929	8.116	14.859	21.937	1144.000
04/12/1983	4.176	7.571	15.201	21.446	1202.000
05/12/1983	7.695	7.381	14.906	21.021	1212.000
06/12/1983	4.412	6.108	14.976	19.531	1290.000
07/12/1983	2.916	5.725	14.859	18.966	1375.000
08/12/1983	2.264	9.583	13.793	23.067	1346.000
09/12/1983	12.114	7.762	15.121	21.657	1542.000
10/12/1983	10.992	7.116	14.580	20.449	1503.000
11/12/1983	11.563	7.052	14.248	20.151	1705.000
12/12/1983	10.975	6.939	14.416	20.130	1856.000
13/12/1983	8.159	9.212	14.348	23.000	1852.000
14/12/1983	3.274	8.302	14.339	21.798	2063.000
15/12/1983	2.850	8.777	15.210	23.047	1597.000
16/12/1983	13.084	6.569	14.948	20.139	1636.000
17/12/1983	8.047	7.709	15.189	21.708	1653.000
18/12/1983	3.849	8.712	14.760	22.664	1638.000
19/12/1983	7.693	8.445	15.946	23.173	1644.000
20/12/1983	5.397	7.085	15.146	20.900	1606.000
21/12/1983	1.652	9.769	14.580	23.909	1591.000
22/12/1983	4.451	7.753	14.918	21.578	1525.000
23/12/1983	12.354	7.444	14.374	20.787	1467.000
24/12/1983	5.044	7.858	14.663	21.509	1468.000
25/12/1983	1.790	9.170	13.911	22.651	1416.000
26/12/1983	21.299	7.963	14.380	21.442	1419.000
27/12/1983	3.660	7.498	14.310	20.747	1364.000
28/12/1983	0.085	9.698	14.763	23.921	1279.000
29/12/1983	10.883	8.643	15.016	22.758	1256.000
30/12/1983	15.783	6.809	15.730	20.952	1212.000
31/12/1983	2.810	7.661	15.077	21.485	1231.000
01/01/1984	11.164	6.109	14.748	19.327	1295.000
02/01/1984	14.872	8.774	15.013	22.846	1325.000
03/01/1984	5.219	6.787	15.298	20.557	1386.000
04/01/1984	2.579	8.763	14.981	22.772	1395.000
05/01/1984	8.582	6.883	15.531	20.839	1493.000
06/01/1984	3.392	7.296	14.489	20.535	1498.000
07/01/1984	2.414	5.593	15.309	19.144	1534.000
08/01/1984	0.712	6.986	14.330	20.007	1565.000
09/01/1984	0.093	8.786	14.458	22.407	1676.000
10/01/1984	5.458	8.228	14.587	21.775	1731.000
11/01/1984	1.242	8.846	14.847	22.713	1733.000
12/01/1984	0.421	9.369	14.590	23.173	1664.000
13/01/1984	2.665	9.826	14.390	23.619	1586.000
14/01/1984	3.924	8.085	14.276	21.312	1544.000
15/01/1984	6.332	9.496	14.294	23.096	1496.000
16/01/1984	2.159	8.633	14.268	21.963	1468.000
17/01/1984	3.756	8.161	14.491	21.534	1426.000
18/01/1984	7.972	7.456	14.687	20.797	1393.000
19/01/1984	7.140	10.194	14.385	23.966	1376.000
20/01/1984	22.406	8.159	14.727	21.628	1331.000
21/01/1984	7.104	7.159	14.240	20.011	1323.000
22/01/1984	2.125	7.591	13.814	20.216	1251.000
23/01/1984	3.613	9.138	14.007	22.290	1232.000
24/01/1984	4.606	9.199	14.453	22.625	1212.000
25/01/1984	5.179	9.029	15.091	22.853	1215.000
26/01/1984	7.593	9.369	15.121	23.289	1202.000
27/01/1984	4.098	7.166	15.000	20.548	1195.000
28/01/1984	17.370	7.368	15.204	20.920	1187.000
29/01/1984	0.283	8.667	14.838	22.127	1185.000
30/01/1984	0.187	9.659	14.467	23.119	1269.000
31/01/1984	0.024	9.705	14.346	23.047	1204.000
01/02/1984	1.507	9.485	14.956	23.201	1167.000
02/02/1984	12.780	9.078	15.253	22.885	1151.000
03/02/1984	2.366	8.850	14.820	22.305	1174.000
04/02/1984	5.301	7.222	14.764	20.264	1209.000
05/02/1984	18.768	6.952	15.115	20.208	1206.000
06/02/1984	10.369	6.148	14.952	19.168	1194.000
07/02/1984	5.259	6.777	14.770	19.707	1280.000
08/02/1984	4.092	7.759	14.861	20.892	1368.000
09/02/1984	4.163	7.403	14.525	20.198	1401.000
10/02/1984	2.767	8.175	14.040	20.759	1501.000
11/02/1984	6.591	8.484	14.404	21.361	1511.000
12/02/1984	1.534	10.586	14.427	23.895	1434.000
13/02/1984	15.960	8.214	15.226	21.656	1362.000
14/02/1984	5.617	9.084	14.774	22.302	1316.000
15/02/1984	1.556	7.881	15.402	21.324	1297.000
16/02/1984	0.436	8.832	15.330	22.366	1276.000
17/02/1984	0.504	8.336	15.307	21.720	1238.000
18/02/1984	2.690	9.179	14.570	22.199	1320.000
19/02/1984	15.732	8.612	14.823	21.678	1331.000
20/02/1984	4.076	7.527	15.439	20.902	1253.000
21/02/1984	13.556	8.499	15.206	21.819	1245.000
22/02/1984	5.017	8.175	15.031	21.265	1289.000
23/02/1984	2.475	9.518	15.446	23.134	1276.000
24/02/1984	10.291	8.184	15.624	21.704	1282.000
25/02/1984	7.049	7.917	14.259	20.366	1237.000
26/02/1984	4.440	8.405	15.518	21.827	1229.000
27/02/1984	4.061	10.108	15.102	23.510	1240.000
28/02/1984	4.111	10.097	15.277	23.608	1258.000
29/02/1984	3.867	9.691	14.674	22.696	1227.000
01/03/1984	1.824	7.884	15.309	21.054	1193.000
02/03/1984	3.794	8.093	14.779	20.867	1169.000
03/03/1984	3.591	7.975	14.858	20.799	1201.000
04/03/1984	0.448	8.712	14.826	21.587	1179.000
05/03/1984	16.999	8.513	14.810	21.347	1282.000
06/03/1984	2.351	10.072	15.457	23.601	1156.000
07/03/1984	11.499	10.711	14.925	23.960	1099.000
08/03/1984	3.033	7.924	15.646	21.317	1129.000
09/03/1984	1.010	9.921	15.517	23.427	1138.000
10/03/1984	0.129	10.505	14.797	23.560	1042.000
11/03/1984	0.161	9.341	14.754	22.204	999.000
12/03/1984	0.153	9.866	14.871	22.846	971.000
13/03/1984	0.405	9.522	15.086	22.639	949.000
14/03/1984	0.049	11.015	15.244	24.459	941.000
15/03/1984	0.433	10.930	15.261	24.343	922.000
16/03/1984	3.040	8.296	15.416	21.457	906.000
17/03/1984	3.897	9.508	15.389	22.770	884.000
18/03/1984	0.000	8.644	15.512	21.872	854.000
19/03/1984	0.132	9.025	14.823	21.781	865.000
20/03/1984	1.211	9.105	15.421	22.271	885.000
21/03/1984	0.766	8.706	15.848	22.188	857.000
22/03/1984	2.730	9.767	15.432	23.080	861.000
23/03/1984	6.670	7.659	16.164	21.366	874.000
24/03/1984	4.487	8.811	15.776	22.269	882.000
25/03/1984	2.192	9.346	15.316	22.526	895.000
26/03/1984	2.511	9.559	15.633	22.986	898.000
27/03/1984	3.121	10.395	15.398	23.783	893.000
28/03/1984	3.611	9.791	16.260	23.701	921.000
29/03/1984	3.915	8.502	15.603	21.784	907.000
30/03/1984	37.650	8.374	15.936	21.929	940.000
31/03/1984	7.744	10.264	15.788	23.912	1012.000
01/04/1984	6.763	7.520	16.014	21.022	997.000
02/04/1984	8.831	9.778	15.672	23.248	1060.000
03/04/1984	0.890	11.008	14.831	24.046	1110.000
04/04/1984	2.711	10.597	15.854	24.318	1101.000
05/04/1984	1.482	9.850	15.408	23.162	1087.000
06/04/1984	2.601	10.439	15.078	23.605	1090.000
07/04/1984	3.283	11.056	14.771	24.100	1066.000
08/04/1984	6.185	8.280	15.149	21.257	1037.000
09/04/1984	10.817	10.977	14.955	24.151	1021.000
10/04/1984	2.339	9.188	15.770	22.706	1029.000
11/04/1984	5.754	7.471	15.142	20.349	1011.000
12/04/1984	12.637	8.850	14.585	21.456	1082.000
13/04/1984	2.816	8.572	14.987	21.440	1117.000
14/04/1984	11.592	8.989	15.148	22.071	1131.000
15/04/1984	8.524	9.360	15.621	22.863	1194.000
16/04/1984	2.931	7.761	15.468	20.972	1210.000
17/04/1984	4.124	7.805	15.488	21.024	1275.000
18/04/1984	0.097	12.721	14.249	25.800	1251.000
19/04/1984	0.458	10.996	15.173	24.429	1161.000
20/04/1984	5.285	9.493	15.229	22.787	1149.000
21/04/1984	2.472	9.810	15.239	23.098	1097.000
22/04/1984	7.966	7.350	15.754	20.787	1068.000
23/04/1984	7.405	8.892	15.888	22.546	1079.000
24/04/1984	12.967	8.786	16.248	22.711	1076.000
25/04/1984	14.189	8.268	16.021	21.987	1140.000
26/04/1984	15.803	6.394	16.303	20.253	1169.000
27/04/1984	26.415	8.594	15.490	21.949	1277.000
28/04/1984	9.836	9.589	15.711	23.286	1347.000
29/04/1984	10.424	7.912	15.296	21.095	1498.000
30/04/1984	3.382	9.931	15.360	23.420	1640.000
01/05/1984	2.862	9.241	14.703	22.128	1709.000
02/05/1984	9.835	9.932	15.355	23.471	1767.000
03/05/1984	6.814	8.319	15.333	21.554	1753.000
04/05/1984	5.501	11.881	14.369	25.170	1844.000
05/05/1984	4.402	11.131	15.304	24.923	1740.000
06/05/1984	5.082	8.846	15.280	22.201	1649.000
07/05/1984	3.350	9.054	14.930	22.221	1590.000
08/05/1984	7.030	7.456	14.954	20.419	1560.000
09/05/1984	8.641	6.470	16.210	20.340	1532.000
10/05/1984	7.357	10.205	15.752	24.163	1589.000
11/05/1984	15.512	9.506	15.284	23.043	1556.000
12/05/1984	8.455	8.351	14.228	20.946	1551.000
13/05/1984	12.996	7.248	14.777	20.101	1568.000
14/05/1984	2.269	7.224	14.990	20.257	1529.000
15/05/1984	4.971	9.000	15.126	22.399	1651.000
16/05/1984	11.062	8.374	14.659	21.312	1752.000
17/05/1984	5.226	9.899	14.859	23.288	1829.000
18/05/1984	9.399	10.261	14.973	23.848	1770.000
19/05/1984	11.098	8.862	15.328	22.449	1779.000
20/05/1984	3.652	9.676	15.542	23.547	1809.000
21/05/1984	21.121	8.114	16.146	22.175	1793.000
22/05/1984	7.379	8.441	15.772	22.340	1789.000
23/05/1984	6.661	7.782	14.981	20.952	1741.000
24/05/1984	3.651	9.156	14.979	22.591	1686.000
25/05/1984	4.709	7.512	15.419	21.018	1652.000
26/05/1984	14.131	6.995	14.881	20.012	1639.000
27/05/1984	10.108	7.113	14.560	19.880	1874.000
28/05/1984	8.270	7.942	14.847	21.076	1930.000
29/05/1984	3.117	8.178	15.013	21.513	1969.000
30/05/1984	6.334	10.395	15.547	24.554	1942.000
31/05/1984	18.462	8.281	15.902	22.312	1921.000
01/06/1984	18.600	7.813	15.627	21.546	2066.000
02/06/1984	1.484	7.967	15.698	21.828	2224.000
03/06/1984	5.143	7.236	14.903	20.328	2156.000
04/06/1984	6.247	6.725	15.308	20.136	2124.000
05/06/1984	5.544	8.515	14.854	21.904	2077.000
06/06/1984	3.232	9.939	14.736	23.484	2101.000
07/06/1984	13.327	6.243	15.287	19.596	2038.000
08/06/1984	7.838	7.653	15.597	21.376	2205.000
09/06/1984	4.444	9.331	14.250	22.386	2407.000
10/06/1984	3.859	8.539	15.240	22.267	2313.000
11/06/1984	7.732	9.098	14.751	22.515	2167.000
12/06/1984	4.854	8.278	15.185	21.879	2072.000
13/06/1984	1.961	7.882	14.978	21.196	2193.000
14/06/1984	5.075	8.958	14.960	22.510	2013.000
15/06/1984	14.672	8.033	14.900	21.389	2056.000
16/06/1984	3.628	9.558	15.137	23.388	2086.000
17/06/1984	6.821	9.527	14.744	23.053	2042.000
18/06/1984	11.309	6.301	15.368	19.760	2073.000
19/06/1984	3.911	8.533	15.088	22.068	1909.000
20/06/1984	1.290	9.996	14.999	23.805	1800.000
21/06/1984	3.056	10.475	14.054	23.800	1688.000
22/06/1984	12.175	7.754	14.913	21.030	1733.000
23/06/1984	8.723	7.761	14.941	21.060	1916.000
24/06/1984	10.730	7.254	15.267	20.713	1728.000
25/06/1984	6.350	9.070	14.875	22.600	1811.000
26/06/1984	8.663	7.361	14.874	20.576	1679.000
27/06/1984	12.010	7.121	14.919	20.269	1638.000
28/06/1984	7.461	8.952	14.915	22.450	1707.000
29/06/1984	11.911	8.567	14.638	21.786	1648.000
30/06/1984	8.822	8.297	15.049	21.770	1771.000
01/07/1984	16.404	8.638	14.933	22.085	1854.000
02/07/1984	10.548	7.755	14.781	20.900	1770.000
03/07/1984	1.947	9.649	14.990	23.342	1708.000
04/07/1984	12.721	8.156	15.174	21.694	1628.000
05/07/1984	7.493	6.747	15.191	20.086	1664.000
06/07/1984	12.431	8.001	14.871	21.278	1944.000
07/07/1984	2.842	9.207	15.129	22.908	2009.000
08/07/1984	10.375	7.490	15.631	21.299	1775.000
09/07/1984	3.357	9.325	14.067	22.311	1660.000
10/07/1984	8.323	7.849	14.532	20.802	1907.000
11/07/1984	6.604	9.318	14.343	22.434	2020.000
12/07/1984	3.334	7.835	15.362	21.394	1836.000
13/07/1984	4.426	7.490	14.566	20.424	1705.000
14/07/1984	12.642	8.396	15.004	21.778	1724.000
15/07/1984	6.560	7.719	14.548	20.646	1742.000
16/07/1984	7.589	9.271	14.314	22.334	1941.000
17/07/1984	0.365	9.930	14.222	23.055	1912.000
18/07/1984	4.837	9.134	14.111	21.946	1701.000
19/07/1984	5.025	8.892	15.114	22.441	1592.000
20/07/1984	4.554	9.190	13.615	21.679	1594.000
21/07/1984	6.281	9.990	13.055	22.273	1686.000
22/07/1984	3.360	8.042	13.800	20.456	1627.000
23/07/1984	0.606	8.613	13.728	21.092	1700.000
24/07/1984	4.777	9.334	14.016	22.100	1796.000
25/07/1984	2.764	7.827	15.228	21.222	1591.000
26/07/1984	4.504	8.479	14.846	21.632	1553.000
27/07/1984	1.080	11.704	14.163	25.087	1489.000
28/07/1984	4.546	9.252	15.259	22.854	1431.000
29/07/1984	2.833	9.639	15.058	23.136	1508.000
30/07/1984	2.962	9.721	15.152	23.274	1359.000
31/07/1984	12.218	7.935	14.384	20.648	1358.000
01/08/1984	3.354	8.656	14.370	21.547	1426.000
02/08/1984	1.432	9.385	14.367	22.297	1414.000
03/08/1984	9.188	8.552	15.300	22.027	1641.000
04/08/1984	10.935	9.446	15.112	22.904	1600.000
05/08/1984	2.719	8.854	14.761	21.907	1828.000
06/08/1984	3.819	9.341	15.547	23.138	1545.000
07/08/1984	2.345	10.684	15.480	24.603	1482.000
08/08/1984	3.480	8.942	15.736	22.757	1351.000
09/08/1984	6.511	8.560	14.790	21.564	1260.000
10/08/1984	5.559	8.507	15.275	21.867	1256.000
11/08/1984	4.657	8.551	14.888	21.669	1434.000
12/08/1984	4.032	8.963	15.005	22.199	1466.000
13/08/1984	0.871	9.019	15.533	22.574	1375.000
14/08/1984	9.755	9.271	15.358	22.775	1295.000
15/08/1984	7.659	10.404	15.146	23.903	1277.000
16/08/1984	4.857	9.899	15.220	23.370	1397.000
17/08/1984	9.085	9.886	15.314	23.396	1476.000
18/08/1984	18.391	7.332	15.150	20.393	1506.000
19/08/1984	2.527	8.251	14.876	21.155	1552.000
20/08/1984	24.467	8.324	15.161	21.481	1513.000
21/08/1984	4.187	10.310	14.920	23.576	1617.000
22/08/1984	17.557	7.872	15.344	21.107	1544.000
23/08/1984	4.637	8.605	13.771	20.739	1633.000
24/08/1984	1.088	10.890	14.110	23.647	1570.000
25/08/1984	2.589	10.344	15.184	23.788	1482.000
26/08/1984	10.147	8.757	15.668	22.271	1366.000
27/08/1984	7.212	10.362	14.985	23.633	1310.000
28/08/1984	8.675	9.845	14.895	22.963	1341.000
29/08/1984	2.370	8.396	15.170	21.509	1493.000
30/08/1984	1.133	10.190	14.881	23.355	1471.000
31/08/1984	4.773	9.417	14.613	22.233	1348.000
01/09/1984	8.490	10.266	14.616	23.223	1397.000
02/09/1984	0.395	10.955	14.647	24.028	1359.000
03/09/1984	5.303	10.418	14.349	23.206	1385.000
04/09/1984	6.481	10.060	14.060	22.603	1281.000
05/09/1984	3.012	9.809	14.801	22.861	1191.000
06/09/1984	13.090	9.806	15.347	23.193	1199.000
07/09/1984	11.248	8.361	15.673	21.808	1385.000
08/09/1984	1.569	9.382	15.126	22.559	1396.000
09/09/1984	18.603	8.634	14.587	21.292	1296.000
10/09/1984	13.915	8.431	14.856	21.264	1500.000
11/09/1984	7.139	8.286	14.639	20.934	1401.000
12/09/1984	4.768	9.042	15.381	22.340	1486.000
13/09/1984	13.692	9.728	14.607	22.568	1382.000
14/09/1984	10.286	8.944	14.975	21.966	1663.000
15/09/1984	10.206	10.272	14.274	22.948	1556.000
16/09/1984	2.784	9.190	13.545	21.173	1538.000
17/09/1984	20.882	8.079	15.131	21.086	1665.000
18/09/1984	12.434	9.200	14.903	22.205	1830.000
19/09/1984	8.778	5.944	15.252	18.941	1820.000
20/09/1984	8.336	8.505	13.389	20.298	1980.000
21/09/1984	7.870	8.667	15.484	21.983	1926.000
22/09/1984	5.845	8.822	15.116	21.901	1950.000
23/09/1984	12.703	8.221	14.551	20.855	1870.000
24/09/1984	7.214	9.661	13.816	21.964	1914.000
25/09/1984	6.530	11.568	13.455	24.000	1800.000
26/09/1984	4.554	10.774	14.257	23.598	1925.000
27/09/1984	10.681	10.762	14.351	23.691	1787.000
28/09/1984	2.649	11.028	14.734	24.276	1766.000
29/09/1984	9.473	10.695	14.893	23.993	1762.000
30/09/1984	4.322	9.232	15.188	22.482	1657.000
01/10/1984	9.864	9.348	15.103	22.610	1679.000
02/10/1984	4.668	9.476	15.062	22.689	1740.000
03/10/1984	13.686	8.052	14.934	20.984	1698.000
04/10/1984	6.550	8.751	14.654	21.570	1757.000
05/10/1984	4.686	9.233	14.430	22.048	1626.000
06/10/1984	22.587	8.697	14.834	21.687	1676.000
07/10/1984	9.060	8.612	15.218	21.897	1823.000
08/10/1984	4.619	8.553	15.018	21.679	1891.000
09/10/1984	2.574	9.347	14.507	22.279	1868.000
10/10/1984	4.698	9.491	14.789	22.636	1988.000
11/10/1984	11.839	9.076	15.045	22.344	1855.000
12/10/1984	5.047	10.084	15.036	23.544	1854.000
13/10/1984	14.355	8.286	15.228	21.588	1738.000
14/10/1984	4.236	7.268	14.722	20.105	1954.000
15/10/1984	16.599	8.993	15.243	22.477	1937.000
16/10/1984	10.649	8.513	15.517	22.152	1901.000
17/10/1984	15.926	8.047	15.163	21.376	1978.000
18/10/1984	17.278	8.038	15.085	21.256	1967.000
19/10/1984	7.042	8.486	15.381	21.997	2183.000
20/10/1984	10.357	7.545	15.874	21.349	2306.000
21/10/1984	9.261	7.907	15.265	21.294	2533.000
22/10/1984	10.165	9.728	15.322	23.517	2586.000
23/10/1984	25.342	5.538	16.108	19.401	2638.000
24/10/1984	2.808	6.546	14.604	19.294	2513.000
25/10/1984	9.159	7.972	16.011	22.005	2493.000
26/10/1984	12.161	8.074	15.701	21.923	2561.000
27/10/1984	15.080	6.034	16.021	19.943	2558.000
28/10/1984	30.672	5.899	15.619	19.445	2536.000
29/10/1984	15.362	6.937	15.085	20.147	2464.000
30/10/1984	16.840	6.466	15.432	19.940	2655.000
31/10/1984	1.239	8.083	15.448	21.796	2898.000
01/11/1984	7.657	7.656	15.067	21.015	3142.000
02/11/1984	0.652	9.579	14.675	23.091	3309.000
03/11/1984	0.684	10.370	13.982	23.659	3511.000
04/11/1984	8.952	9.913	14.396	23.338	3554.000
05/11/1984	19.513	7.708	15.202	21.240	3616.000
06/11/1984	9.171	5.034	15.568	18.615	3297.000
07/11/1984	11.386	6.027	14.271	18.578	3305.000
08/11/1984	5.724	9.059	13.407	21.681	3589.000
09/11/1984	3.292	10.474	12.935	23.214	3473.000
10/11/1984	3.724	8.996	14.705	22.551	3110.000
11/11/1984	8.077	8.058	14.905	21.562	2878.000
12/11/1984	20.839	7.535	14.717	20.781	2596.000
13/11/1984	10.606	8.141	14.662	21.503	2530.000
14/11/1984	2.560	8.438	14.411	21.685	2650.000
15/11/1984	8.080	9.665	13.649	22.744	2587.000
16/11/1984	14.937	9.895	14.556	23.711	2497.000
17/11/1984	1.425	7.361	14.883	20.812	2262.000
18/11/1984	4.109	8.688	15.305	22.744	2196.000
19/11/1984	0.250	8.443	15.763	22.821	2187.000
20/11/1984	6.527	8.190	15.253	22.115	2175.000
21/11/1984	4.130	7.271	15.359	21.118	2208.000
22/11/1984	5.093	9.668	14.833	23.760	1960.000
23/11/1984	43.863	5.794	15.898	19.887	1854.000
24/11/1984	4.324	8.752	14.863	22.576	1862.000
25/11/1984	10.819	7.428	15.341	21.280	1999.000
26/11/1984	7.247	8.501	14.919	22.356	1930.000
27/11/1984	8.541	8.346	14.937	22.185	2169.000
28/11/1984	12.489	7.829	15.664	22.071	2317.000
29/11/1984	14.145	8.889	14.032	22.212	2409.000
30/11/1984	5.920	7.949	15.226	21.921	2467.000
01/12/1984	1.235	8.987	14.822	22.982	2323.000
02/12/1984	1.648	9.542	14.321	23.352	2059.000
03/12/1984	10.907	8.447	14.289	21.929	1890.000
04/12/1984	2.697	8.462	14.867	22.356	1821.000
05/12/1984	0.014	9.420	14.258	23.183	1773.000
06/12/1984	1.329	9.311	14.380	23.147	1728.000
07/12/1984	10.663	8.832	14.733	22.789	1683.000
08/12/1984	5.372	7.919	14.985	21.758	1643.000
09/12/1984	0.701	7.539	15.721	21.848	1619.000
10/12/1984	4.286	7.904	15.787	22.328	1538.000
11/12/1984	2.359	7.632	15.514	21.802	1539.000
12/12/1984	3.702	8.072	15.469	22.318	1540.000
13/12/1984	2.479	7.915	16.218	22.716	1523.000
14/12/1984	3.107	8.760	16.028	23.624	1510.000
15/12/1984	3.175	9.064	15.492	23.668	1405.000
16/12/1984	11.412	7.583	15.744	21.964	1363.000
17/12/1984	8.291	7.882	15.058	21.835	1473.000
18/12/1984	7.200	7.269	15.744	21.544	1416.000
19/12/1984	15.058	7.168	14.852	20.729	1390.000
20/12/1984	1.200	8.715	15.175	22.971	1415.000
21/12/1984	6.769	9.359	14.330	23.202	1453.000
22/12/1984	2.033	6.377	15.437	20.296	1377.000
23/12/1984	8.054	6.916	14.746	20.357	1370.000
24/12/1984	2.153	7.771	14.527	21.261	1444.000
25/12/1984	2.647	8.359	14.138	21.731	1365.000
26/12/1984	3.758	9.494	15.252	23.973	1308.000
27/12/1984	1.879	8.782	15.346	23.158	1283.000
28/12/1984	4.588	8.802	15.471	23.271	1254.000
29/12/1984	3.513	9.837	14.026	23.593	1195.000
30/12/1984	3.336	8.976	15.279	23.330	1155.000
31/12/1984	0.447	8.765	15.546	23.256	1110.000
01/01/1985	0.177	7.005	15.563	21.093	1131.000
02/01/1985	0.057	9.733	14.724	23.886	1096.000
03/01/1985	0.464	8.806	14.633	22.643	1087.000
04/01/1985	5.824	7.889	15.489	22.089	1081.000
05/01/1985	18.644	6.613	16.123	21.012	1111.000
06/01/1985	1.027	7.739	16.066	22.293	1266.000
07/01/1985	4.440	8.369	15.571	22.715	1423.000
08/01/1985	2.020	8.186	16.112	22.850	1225.000
09/01/1985	1.400	7.775	15.738	22.053	1215.000
10/01/1985	0.000	9.166	15.310	23.440	1220.000
11/01/1985	0.064	9.799	14.460	23.675	1165.000
12/01/1985	0.645	9.094	15.369	23.391	1117.000
13/01/1985	1.662	7.993	15.858	22.384	1132.000
14/01/1985	0.657	8.739	14.655	22.428	1114.000
15/01/1985	0.711	8.349	14.843	22.044	1094.000
16/01/1985	1.619	9.362	14.293	22.923	1054.000
17/01/1985	5.460	8.276	14.691	21.767	1034.000
18/01/1985	1.918	7.280	15.393	21.107	1063.000
19/01/1985	1.448	8.505	14.819	22.116	1056.000
20/01/1985	1.371	9.033	15.035	22.926	1044.000
21/01/1985	21.269	6.750	15.092	20.213	1029.000
22/01/1985	16.400	7.875	15.174	21.590	1034.000
23/01/1985	17.887	6.798	14.714	19.920	1081.000
24/01/1985	0.673	9.870	13.552	22.864	1115.000
25/01/1985	1.722	8.367	14.150	21.377	1224.000
26/01/1985	1.753	7.801	14.572	20.938	1160.000
27/01/1985	1.495	7.984	14.364	20.994	1168.000
28/01/1985	0.221	7.346	14.444	20.249	1259.000
29/01/1985	0.000	7.300	14.720	20.391	1245.000
30/01/1985	0.000	9.500	15.159	23.388	1222.000
31/01/1985	1.814	9.965	13.829	23.006	1171.000
01/02/1985	0.000	10.870	14.089	24.301	1141.000
02/02/1985	0.004	8.374	14.523	21.481	1104.000
03/02/1985	0.003	9.336	13.452	21.879	1059.000
04/02/1985	0.000	10.209	13.015	22.680	1020.000
05/02/1985	0.000	11.313	13.526	24.384	984.000
06/02/1985	0.000	10.340	12.290	22.298	942.000
07/02/1985	0.000	10.497	14.184	23.752	911.000
08/02/1985	0.302	9.780	15.185	23.554	886.000
09/02/1985	2.735	7.788	14.778	20.840	883.000
10/02/1985	0.902	9.667	14.644	22.979	870.000
11/02/1985	4.613	10.730	14.782	24.335	902.000
12/02/1985	3.745	8.304	14.560	21.246	823.000
13/02/1985	3.642	10.210	14.549	23.502	812.000
14/02/1985	1.841	10.727	14.436	24.042	828.000
15/02/1985	0.408	8.405	14.717	21.452	783.000
16/02/1985	2.159	11.754	12.997	24.308	756.000
17/02/1985	0.274	10.560	14.722	23.966	737.000
18/02/1985	0.341	8.926	14.829	22.043	731.000
19/02/1985	2.568	8.739	15.487	22.314	727.000
20/02/1985	0.745	10.819	14.111	23.798	701.000
21/02/1985	0.154	9.773	14.646	22.877	646.000
22/02/1985	0.475	9.454	14.217	22.173	658.000
23/02/1985	16.596	8.566	15.225	21.869	622.000
24/02/1985	13.544	8.613	14.578	21.411	588.000
25/02/1985	3.477	9.283	15.406	22.733	667.000
26/02/1985	0.236	8.923	14.591	21.704	661.000
27/02/1985	0.024	9.711	15.490	23.264	650.000
28/02/1985	0.000	11.336	13.831	24.038	636.000
01/03/1985	0.000	10.174	15.405	23.719	696.000
02/03/1985	0.404	11.084	15.569	24.887	664.000
03/03/1985	4.191	10.214	15.737	23.971	671.000
04/03/1985	3.256	11.017	15.797	24.964	761.000
05/03/1985	6.655	9.859	15.889	23.666	685.000
06/03/1985	0.941	9.289	15.726	22.884	676.000
07/03/1985	1.660	9.248	16.167	23.150	733.000
08/03/1985	0.375	9.028	15.349	22.285	708.000
09/03/1985	2.679	10.802	16.086	24.824	630.000
10/03/1985	26.680	8.822	16.025	22.540	612.000
11/03/1985	1.619	9.806	15.744	23.445	647.000
12/03/1985	1.735	10.056	16.469	24.206	690.000
13/03/1985	1.595	9.571	16.609	23.752	656.000
14/03/1985	0.247	10.174	15.785	23.802	627.000
15/03/1985	0.307	10.105	16.761	24.440	629.000
16/03/1985	1.600	9.669	16.775	24.006	597.000
17/03/1985	0.578	10.942	15.755	24.692	563.000
18/03/1985	0.071	9.089	16.509	23.149	531.000
19/03/1985	1.950	9.871	15.930	23.548	524.000
20/03/1985	0.339	7.178	16.173	20.819	548.000
21/03/1985	0.000	11.551	13.826	24.039	578.000
22/03/1985	0.011	11.231	14.893	24.409	671.000
23/03/1985	0.000	11.338	14.774	24.396	629.000
24/03/1985	0.000	10.865	15.201	24.141	609.000
25/03/1985	0.065	10.979	15.521	24.474	617.000
26/03/1985	0.160	10.137	16.477	24.221	617.000
27/03/1985	1.676	10.377	16.730	24.659	609.000
28/03/1985	5.872	10.083	16.595	24.258	617.000
29/03/1985	29.113	8.034	17.016	22.393	672.000
30/03/1985	2.637	7.467	16.756	21.591	692.000
31/03/1985	31.608	7.990	15.640	21.222	724.000
01/04/1985	6.961	9.013	15.258	22.047	806.000
02/04/1985	7.116	9.093	15.951	22.661	958.000
03/04/1985	6.236	10.681	15.695	24.268	966.000
04/04/1985	0.222	9.449	15.524	22.773	930.000
05/04/1985	2.103	10.955	15.266	24.300	917.000
06/04/1985	9.953	9.357	15.657	22.793	919.000
07/04/1985	5.260	10.150	15.098	23.286	917.000
08/04/1985	6.411	7.539	15.717	20.843	847.000
09/04/1985	7.596	7.962	15.383	21.043	793.000
10/04/1985	4.051	9.416	14.234	21.834	836.000
11/04/1985	3.689	10.433	15.187	23.687	821.000
12/04/1985	5.129	9.451	15.789	23.003	812.000
13/04/1985	2.913	10.648	15.616	24.282	794.000
14/04/1985	1.447	10.750	14.721	23.761	732.000
15/04/1985	1.602	9.923	15.569	23.439	668.000
16/04/1985	0.284	10.276	15.789	23.972	651.000
17/04/1985	0.972	10.746	15.511	24.354	639.000
18/04/1985	0.396	9.320	16.085	23.145	621.000
19/04/1985	1.067	9.511	16.819	23.896	608.000
20/04/1985	20.138	7.208	16.295	21.009	610.000
21/04/1985	2.207	9.236	15.782	22.860	626.000
22/04/1985	15.263	7.737	15.760	21.173	640.000
23/04/1985	4.953	10.826	15.302	24.319	773.000
24/04/1985	25.579	7.705	16.337	21.584	746.000
25/04/1985	11.084	6.549	16.226	20.355	712.000
26/04/1985	3.922	9.593	15.184	22.833	821.000
27/04/1985	5.445	7.777	15.320	20.930	986.000
28/04/1985	0.633	10.439	14.967	23.686	1029.000
29/04/1985	0.776	10.223	15.098	23.573	1044.000
30/04/1985	4.507	9.715	15.606	23.337	1044.000
01/05/1985	1.015	9.926	14.894	23.130	973.000
02/05/1985	0.323	11.222	14.600	24.477	955.000
03/05/1985	0.515	8.883	15.017	21.965	904.000
04/05/1985	13.928	8.759	15.551	22.313	963.000
05/05/1985	4.079	10.057	15.273	23.568	933.000
06/05/1985	25.953	7.246	15.710	20.747	903.000
07/05/1985	5.826	7.994	15.747	21.581	829.000
08/05/1985	14.195	6.818	16.461	20.919	844.000
09/05/1985	5.933	9.015	15.388	22.476	926.000
10/05/1985	6.651	7.354	15.408	20.691	1051.000
11/05/1985	20.574	6.471	15.795	20.011	1002.000
12/05/1985	4.056	8.637	15.639	22.286	1300.000
13/05/1985	3.516	7.339	15.877	21.034	1286.000
14/05/1985	9.581	8.428	15.247	21.765	1436.000
15/05/1985	7.576	8.018	15.266	21.303	1328.000
16/05/1985	9.520	7.505	15.775	21.161	1312.000
17/05/1985	12.977	6.453	16.140	20.350	1349.000
18/05/1985	6.323	9.005	14.959	22.285	1304.000
19/05/1985	3.229	9.737	15.341	23.427	1231.000
20/05/1985	0.910	11.181	14.933	24.916	1237.000
21/05/1985	1.619	10.209	14.973	23.821	1184.000
22/05/1985	5.962	9.330	14.913	22.696	1173.000
23/05/1985	4.122	9.350	15.696	23.289	1197.000
24/05/1985	5.160	8.052	15.640	21.772	1098.000
25/05/1985	2.625	9.789	15.632	23.829	1022.000
26/05/1985	6.207	8.372	15.761	22.252	929.000
27/05/1985	3.334	8.513	15.350	22.153	927.000
28/05/1985	2.225	8.438	16.091	22.608	914.000
29/05/1985	4.854	8.961	16.154	23.253	997.000
30/05/1985	4.260	9.250	16.085	23.531	941.000
31/05/1985	7.262	7.922	15.832	21.841	974.000
01/06/1985	12.445	6.119	15.956	19.930	1024.000
02/06/1985	20.831	5.677	15.950	19.467	1124.000
03/06/1985	7.549	6.616	15.388	20.021	1417.000
04/06/1985	12.455	7.616	14.930	20.770	1687.000
05/06/1985	3.934	8.342	15.182	21.858	1506.000
06/06/1985	9.484	8.938	14.665	22.149	1486.000
07/06/1985	2.854	8.767	15.487	22.590	1528.000
08/06/1985	3.990	9.127	14.723	22.465	1472.000
09/06/1985	8.060	8.842	15.235	22.486	1483.000
10/06/1985	3.917	10.221	13.922	23.328	1427.000
11/06/1985	0.483	9.835	14.132	22.947	1305.000
12/06/1985	1.350	8.446	13.427	20.746	1278.000
13/06/1985	3.757	9.871	13.619	22.699	1314.000
14/06/1985	0.893	11.096	14.543	24.825	1215.000
15/06/1985	2.393	8.865	15.294	22.621	1208.000
16/06/1985	1.724	10.224	15.317	24.310	1107.000
17/06/1985	0.928	10.307	15.024	24.190	1086.000
18/06/1985	1.641	9.307	14.873	22.857	1021.000
19/06/1985	3.033	9.748	14.154	22.878	1055.000
20/06/1985	2.385	9.003	14.883	22.518	946.000
21/06/1985	6.016	8.897	15.147	22.552	887.000
22/06/1985	1.267	9.852	15.069	23.669	854.000
23/06/1985	8.405	10.260	15.083	24.182	866.000
24/06/1985	0.650	10.638	15.325	24.816	882.000
25/06/1985	5.865	9.283	15.675	23.414	867.000
26/06/1985	6.564	7.685	15.514	21.381	934.000
27/06/1985	2.507	10.812	14.848	24.670	959.000
28/06/1985	2.038	9.454	14.299	22.692	852.000
29/06/1985	2.709	6.419	15.208	19.720	1003.000
30/06/1985	5.866	6.819	14.622	19.736	910.000
01/07/1985	0.425	10.732	13.592	23.772	891.000
02/07/1985	1.286	9.525	14.828	23.126	831.000
03/07/1985	2.570	9.352	15.270	23.204	801.000
04/07/1985	5.079	8.084	14.644	21.262	826.000
05/07/1985	3.590	9.449	14.063	22.469	827.000
06/07/1985	0.655	9.060	14.819	22.506	817.000
07/07/1985	0.910	7.719	15.266	21.235	793.000
08/07/1985	5.089	9.332	14.212	22.422	782.000
09/07/1985	6.161	9.112	14.705	22.506	742.000
10/07/1985	5.193	9.997	14.296	23.226	761.000
11/07/1985	4.258	10.391	14.875	24.129	818.000
12/07/1985	2.782	10.093	14.165	23.289	806.000
13/07/1985	1.144	9.428	13.934	22.250	773.000
14/07/1985	2.612	8.170	14.705	21.267	783.000
15/07/1985	2.572	8.327	14.858	21.547	907.000
16/07/1985	1.907	10.149	14.307	23.394	919.000
17/07/1985	1.778	10.952	13.884	24.069	835.000
18/07/1985	8.115	7.553	14.312	20.248	1078.000
19/07/1985	2.156	10.095	14.274	23.254	1022.000
20/07/1985	8.938	8.323	13.690	20.669	1052.000
21/07/1985	7.959	9.041	14.366	22.018	1152.000
22/07/1985	2.886	9.331	13.843	22.027	1260.000
23/07/1985	7.556	9.648	13.544	22.219	1124.000
24/07/1985	6.458	8.816	14.460	21.791	1062.000
25/07/1985	13.372	6.953	14.595	19.699	1123.000
26/07/1985	9.839	10.336	14.779	23.850	1110.000
27/07/1985	8.860	7.690	14.765	20.671	1106.000
28/07/1985	5.036	10.865	14.465	24.244	1097.000
29/07/1985	4.850	7.517	15.564	21.054	1076.000
30/07/1985	6.072	9.967	14.798	23.391	1000.000
31/07/1985	6.585	7.846	15.419	21.320	994.000
01/08/1985	13.271	8.984	14.827	22.188	1014.000
02/08/1985	1.083	8.782	14.589	21.767	972.000
03/08/1985	5.850	9.380	14.457	22.345	990.000
04/08/1985	4.720	9.923	14.549	23.082	977.000
05/08/1985	3.118	10.577	13.777	23.336	998.000
06/08/1985	17.960	9.116	14.834	22.313	1032.000
07/08/1985	3.604	6.892	14.880	19.818	1066.000
08/08/1985	22.838	7.328	14.759	20.136	1169.000
09/08/1985	7.550	8.609	14.785	21.636	1215.000
10/08/1985	3.847	8.360	14.644	21.204	1290.000
11/08/1985	0.295	11.144	14.032	24.096	1267.000
12/08/1985	0.907	10.728	14.132	23.652	1231.000
13/08/1985	6.158	8.326	15.014	21.435	1228.000
14/08/1985	11.814	9.841	14.714	22.967	1154.000
15/08/1985	12.069	9.368	14.794	22.486	1112.000
16/08/1985	4.506	8.007	14.822	20.891	1066.000
17/08/1985	6.490	9.188	14.367	21.936	1132.000
18/08/1985	15.636	8.419	14.234	20.961	1431.000
19/08/1985	4.771	9.021	15.153	22.278	1383.000
20/08/1985	5.705	7.509	15.323	20.671	1311.000
21/08/1985	13.120	7.915	15.065	20.952	1564.000
22/08/1985	2.299	9.782	14.403	22.559	1455.000
23/08/1985	2.962	9.664	15.082	22.924	1332.000
24/08/1985	1.683	11.152	14.053	23.994	1262.000
25/08/1985	3.238	9.740	13.972	22.222	1272.000
26/08/1985	11.664	8.278	14.739	21.063	1300.000
27/08/1985	1.738	10.209	13.611	22.467	1316.000
28/08/1985	8.155	9.761	15.090	22.985	1351.000
29/08/1985	4.563	8.542	14.260	21.014	1259.000
30/08/1985	6.760	10.536	13.945	23.137	1245.000
31/08/1985	0.976	10.033	14.279	22.736	1265.000
01/09/1985	4.449	11.513	14.321	24.526	1164.000
02/09/1985	1.121	9.001	14.384	21.607	1138.000
03/09/1985	1.114	9.202	15.149	22.377	1187.000
04/09/1985	5.859	9.764	14.897	22.891	1228.000
05/09/1985	9.166	10.892	14.451	23.833	1123.000
06/09/1985	8.951	9.343	15.404	22.692	1159.000
07/09/1985	3.572	9.637	15.286	22.993	1182.000
08/09/1985	8.580	9.847	14.229	22.425	1186.000
09/09/1985	16.181	8.242	15.685	21.646	1269.000
10/09/1985	8.592	8.224	15.150	21.221	1516.000
11/09/1985	4.235	9.996	15.068	23.200	1361.000
12/09/1985	12.522	8.607	15.585	21.985	1364.000
13/09/1985	9.543	8.317	15.813	21.849	1331.000
14/09/1985	8.293	9.366	15.360	22.674	1384.000
15/09/1985	7.648	8.880	15.588	22.324	1624.000
16/09/1985	7.714	9.656	14.601	22.497	1567.000
17/09/1985	0.768	10.999	15.071	24.394	1384.000
18/09/1985	0.720	11.098	13.723	23.619	1268.000
19/09/1985	5.415	9.847	15.634	23.471	1266.000
20/09/1985	3.514	9.415	15.126	22.616	1293.000
21/09/1985	3.458	9.208	15.773	22.847	1184.000
22/09/1985	14.087	9.681	15.175	22.946	1156.000
23/09/1985	3.322	10.159	14.823	23.267	1198.000
24/09/1985	8.462	9.936	15.406	23.429	1072.000
25/09/1985	15.007	7.238	15.775	20.688	1127.000
26/09/1985	15.023	8.185	15.852	21.801	1337.000
27/09/1985	11.637	6.461	15.441	19.648	1338.000
28/09/1985	13.682	8.095	15.266	21.235	1380.000
29/09/1985	1.562	9.052	15.011	22.106	1509.000
30/09/1985	9.880	9.222	14.980	22.332	1401.000
01/10/1985	17.310	7.953	15.429	21.230	1582.000
02/10/1985	6.882	9.066	15.143	22.264	1576.000
03/10/1985	5.318	8.559	15.431	21.936	1605.000
04/10/1985	5.043	8.491	15.968	22.281	1800.000
05/10/1985	9.192	8.118	15.482	21.527	1610.000
06/10/1985	3.215	8.612	15.355	22.008	1464.000
07/10/1985	4.642	10.906	14.448	24.023	1543.000
08/10/1985	13.315	8.131	15.792	21.790	1431.000
09/10/1985	14.912	8.789	15.248	22.142	1502.000
10/10/1985	7.825	8.864	14.806	21.939	1494.000
11/10/1985	8.613	10.304	14.744	23.521	1542.000
12/10/1985	5.101	9.493	15.458	23.165	1531.000
13/10/1985	2.232	9.843	15.378	23.519	1393.000
14/10/1985	1.625	9.273	15.916	23.283	1296.000
15/10/1985	5.933	10.123	14.820	23.499	1325.000
16/10/1985	4.862	10.333	15.131	23.971	1282.000
17/10/1985	17.324	8.482	15.629	22.149	1265.000
18/10/1985	3.850	8.696	15.469	22.302	1226.000
19/10/1985	5.786	8.336	15.490	21.912	1229.000
20/10/1985	13.585	7.232	15.387	20.623	1184.000
21/10/1985	4.628	9.776	14.586	22.999	1222.000
22/10/1985	3.747	9.200	14.319	22.150	1396.000
23/10/1985	8.667	9.232	15.076	22.737	1352.000
24/10/1985	14.224	7.270	15.281	20.610	1372.000
25/10/1985	15.121	9.411	14.917	22.864	1619.000
26/10/1985	9.282	9.417	15.902	23.591	1762.000
27/10/1985	6.388	8.250	15.250	21.739	1597.000
28/10/1985	10.395	7.979	15.249	21.459	1499.000
29/10/1985	24.042	6.971	15.768	20.739	1571.000
30/10/1985	12.980	6.114	15.327	19.433	1776.000
31/10/1985	1.218	9.088	14.654	22.420	1912.000
01/11/1985	0.000	8.616	12.810	20.541	1927.000
02/11/1985	3.236	11.621	12.273	24.045	1825.000
03/11/1985	0.590	10.152	13.913	23.307	1661.000
04/11/1985	0.942	8.671	14.659	21.992	1534.000
05/11/1985	8.108	7.670	15.777	21.627	1541.000
06/11/1985	1.493	8.052	14.641	21.260	1575.000
07/11/1985	2.966	8.814	15.067	22.518	1589.000
08/11/1985	2.467	9.921	13.462	22.775	1525.000
09/11/1985	3.296	10.168	14.314	23.722	1434.000
10/11/1985	14.452	8.697	15.348	22.644	1468.000
11/11/1985	6.864	9.375	15.105	23.311	1429.000
12/11/1985	22.397	5.545	15.473	19.081	1363.000
13/11/1985	2.772	5.514	14.688	18.410	1272.000
14/11/1985	21.270	5.004	14.791	18.026	1317.000
15/11/1985	8.442	7.479	14.487	20.585	1546.000
16/11/1985	2.010	6.693	15.388	20.328	1512.000
17/11/1985	0.350	7.741	15.123	21.384	1564.000
18/11/1985	0.728	7.016	15.075	20.496	1559.000
19/11/1985	18.307	6.590	14.937	19.928	1705.000
20/11/1985	14.057	8.979	13.775	22.037	1523.000
21/11/1985	14.611	7.605	15.295	21.470	1415.000
22/11/1985	20.770	7.889	15.118	21.651	1536.000
23/11/1985	8.867	7.321	15.079	20.980	1428.000
24/11/1985	1.048	8.768	14.991	22.674	1454.000
25/11/1985	0.967	8.377	14.213	21.626	1385.000
26/11/1985	1.508	8.992	14.162	22.405	1364.000
27/11/1985	1.042	8.743	14.665	22.461	1344.000
28/11/1985	0.900	8.405	15.617	22.728	1338.000
29/11/1985	2.808	9.132	15.310	23.443	1360.000
30/11/1985	25.210	6.460	14.723	19.756	1299.000
01/12/1985	4.315	8.768	14.122	22.254	1351.000
02/12/1985	26.836	6.205	15.328	19.909	1486.000
03/12/1985	0.101	9.869	13.840	23.446	1461.000
04/12/1985	5.696	6.806	15.622	20.830	1430.000
05/12/1985	11.163	6.707	15.839	20.911	1480.000
06/12/1985	7.117	7.735	15.253	21.714	1512.000
07/12/1985	9.809	5.263	15.734	19.202	1637.000
08/12/1985	3.552	8.336	14.529	21.966	1737.000
09/12/1985	6.295	6.616	15.235	20.390	1631.000
10/12/1985	2.709	7.610	15.565	21.830	1504.000
11/12/1985	3.562	9.106	16.148	24.151	1414.000
12/12/1985	4.982	7.091	15.868	21.445	1343.000
13/12/1985	3.628	7.608	15.074	21.498	1289.000
14/12/1985	2.194	8.021	14.723	21.759	1226.000
15/12/1985	0.699	8.209	14.738	21.989	1171.000
16/12/1985	0.880	8.241	14.198	21.673	1116.000
17/12/1985	0.000	9.717	13.844	23.355	1076.000
18/12/1985	0.000	9.631	14.005	23.355	1042.000
19/12/1985	2.396	7.904	14.554	21.493	995.000
20/12/1985	2.040	9.996	12.900	23.128	964.000
21/12/1985	0.582	8.421	13.978	21.721	945.000
22/12/1985	0.245	9.198	15.300	23.663	927.000
23/12/1985	0.586	9.040	15.647	23.715	899.000
24/12/1985	1.778	9.624	13.978	23.325	820.000
25/12/1985	1.142	9.330	15.025	23.633	799.000
26/12/1985	2.765	8.860	15.442	23.398	789.000
27/12/1985	5.154	7.677	15.458	21.840	765.000
28/12/1985	5.690	5.851	14.456	18.868	747.000
29/12/1985	0.499	6.658	14.452	19.774	737.000
30/12/1985	0.019	8.832	13.853	22.101	904.000
31/12/1985	0.000	9.536	14.105	23.198	1035.000
01/01/1986	0.144	8.952	14.604	22.820	1017.000
02/01/1986	0.120	9.676	14.768	23.824	1020.000
03/01/1986	1.041	9.739	14.844	24.000	999.000
04/01/1986	8.177	8.206	14.279	21.630	936.000
05/01/1986	9.334	7.291	14.989	20.929	901.000
06/01/1986	4.894	8.961	14.396	22.607	916.000
07/01/1986	3.054	8.033	15.100	21.937	892.000
08/01/1986	0.000	9.422	15.013	23.611	862.000
09/01/1986	0.000	9.673	14.560	23.612	853.000
10/01/1986	0.165	8.506	15.568	22.846	825.000
11/01/1986	1.309	9.674	14.509	23.543	779.000
12/01/1986	0.139	9.035	15.528	23.452	775.000
13/01/1986	0.640	10.124	14.750	24.254	749.000
14/01/1986	2.794	8.809	15.553	23.144	743.000
15/01/1986	7.156	9.107	15.354	23.374	739.000
16/01/1986	24.483	7.572	15.215	21.333	747.000
17/01/1986	1.002	7.303	16.247	21.758	741.000
18/01/1986	2.625	6.579	15.959	20.699	749.000
19/01/1986	7.909	6.794	16.288	21.192	765.000
20/01/1986	2.643	7.479	15.584	21.393	920.000
21/01/1986	0.944	8.435	15.049	22.180	969.000
22/01/1986	0.423	7.824	15.129	21.507	1009.000
23/01/1986	5.009	8.596	14.934	22.235	1054.000
24/01/1986	17.222	6.869	15.324	20.439	1108.000
25/01/1986	2.503	7.998	15.299	21.736	1096.000
26/01/1986	3.101	7.047	15.192	20.533	1080.000
27/01/1986	29.708	6.010	16.199	20.121	1075.000
28/01/1986	0.393	8.425	13.907	21.223	1150.000
29/01/1986	0.146	10.164	14.434	23.722	1257.000
30/01/1986	0.082	8.427	15.060	22.003	1104.000
31/01/1986	10.936	7.742	14.557	20.781	1084.000
01/02/1986	4.252	9.978	14.440	23.409	1117.000
02/02/1986	0.000	9.633	14.427	22.968	1093.000
03/02/1986	0.746	7.737	15.172	21.177	1022.000
04/02/1986	0.114	7.223	15.408	20.728	987.000
05/02/1986	0.000	8.268	15.263	21.822	979.000
06/02/1986	0.000	8.578	15.202	22.129	993.000
07/02/1986	0.000	9.778	15.364	23.675	962.000
08/02/1986	0.000	10.446	13.512	23.205	915.000
09/02/1986	0.192	8.042	15.491	21.699	914.000
10/02/1986	0.074	8.680	15.123	22.132	918.000
11/02/1986	2.004	9.891	14.702	23.251	958.000
12/02/1986	7.471	9.940	14.762	23.359	988.000
13/02/1986	13.745	6.641	15.203	19.857	943.000
14/02/1986	4.700	7.006	15.047	20.052	959.000
15/02/1986	4.477	6.837	15.323	20.085	958.000
16/02/1986	2.832	6.717	15.393	20.004	954.000
17/02/1986	8.506	6.128	15.149	19.173	1041.000
18/02/1986	14.607	8.178	15.481	21.654	1177.000
19/02/1986	14.226	10.298	13.771	22.928	1309.000
20/02/1986	8.525	10.631	14.350	23.695	1302.000
21/02/1986	2.463	10.146	14.553	23.222	1244.000
22/02/1986	6.878	10.079	14.948	23.388	1212.000
23/02/1986	9.022	8.448	14.922	21.471	1186.000
24/02/1986	12.386	8.821	15.172	22.076	1159.000
25/02/1986	16.700	7.483	15.199	20.541	1199.000
26/02/1986	0.430	8.474	14.517	21.151	1209.000
27/02/1986	1.344	7.335	14.497	19.814	1220.000
28/02/1986	7.682	9.198	13.504	21.236	1152.000
01/03/1986	8.082	7.982	14.285	20.376	1220.000
02/03/1986	2.144	7.041	14.526	19.488	1288.000
03/03/1986	3.802	8.549	14.388	21.063	1262.000
04/03/1986	2.695	9.029	15.401	22.378	1281.000
05/03/1986	1.507	10.374	15.182	23.752	1314.000
06/03/1986	3.805	9.771	14.891	22.840	1399.000
07/03/1986	7.478	9.190	14.831	22.115	1343.000
08/03/1986	2.168	10.422	13.861	22.833	1313.000
09/03/1986	1.290	11.017	14.248	23.812	1195.000
10/03/1986	4.438	9.866	14.685	22.733	1201.000
11/03/1986	12.106	7.838	15.520	21.059	1189.000
12/03/1986	5.584	8.590	14.783	21.315	1323.000
13/03/1986	6.312	6.989	14.979	19.724	1384.000
14/03/1986	15.308	10.156	14.028	22.571	1345.000
15/03/1986	1.281	10.753	14.073	23.282	1446.000
16/03/1986	3.456	8.412	15.539	21.641	1343.000
17/03/1986	1.173	8.718	14.993	21.562	1382.000
18/03/1986	0.672	10.277	14.792	23.207	1420.000
19/03/1986	1.508	9.030	15.578	22.364	1330.000
20/03/1986	10.628	8.677	15.585	21.960	1309.000
21/03/1986	4.717	10.286	15.026	23.375	1330.000
22/03/1986	1.384	8.884	15.212	21.969	1264.000
23/03/1986	0.278	10.862	14.686	23.828	1232.000
24/03/1986	2.676	9.691	15.441	23.002	1206.000
25/03/1986	3.304	8.467	15.780	21.858	1167.000
26/03/1986	2.750	9.831	15.391	23.088	1115.000
27/03/1986	2.316	8.164	15.762	21.542	1115.000
28/03/1986	4.076	8.968	15.676	22.312	1048.000
29/03/1986	3.546	9.151	16.214	22.922	1050.000
30/03/1986	11.266	10.135	16.000	23.863	1017.000
31/03/1986	14.421	8.470	16.475	22.421	1099.000
01/04/1986	3.972	8.785	15.546	22.055	1039.000
02/04/1986	7.781	8.825	15.878	22.335	1066.000
03/04/1986	6.072	10.983	15.199	24.289	1310.000
04/04/1986	14.262	8.729	15.656	22.093	1150.000
05/04/1986	13.218	7.270	16.144	20.876	1230.000
06/04/1986	0.952	9.184	15.763	22.634	1157.000
07/04/1986	21.956	7.041	15.719	20.273	1275.000
08/04/1986	1.083	7.773	15.611	20.975	1350.000
09/04/1986	9.171	9.639	15.339	22.854	1310.000
10/04/1986	11.415	8.668	15.997	22.271	1462.000
11/04/1986	4.514	9.499	15.954	23.192	1420.000
12/04/1986	1.484	8.884	16.430	22.866	1327.000
13/04/1986	9.302	9.376	16.052	23.116	1414.000
14/04/1986	17.322	8.329	16.023	21.953	1387.000
15/04/1986	5.893	9.026	15.821	22.626	1408.000
16/04/1986	12.085	10.081	15.526	23.553	1464.000
17/04/1986	21.606	7.071	15.917	20.556	1575.000
18/04/1986	4.217	9.205	15.654	22.684	1688.000
19/04/1986	23.047	6.913	15.895	20.388	1710.000
20/04/1986	8.305	8.630	15.682	22.083	2107.000
21/04/1986	11.842	8.532	15.848	22.083	2182.000
22/04/1986	5.025	8.061	15.658	21.443	2006.000
23/04/1986	14.106	9.188	16.183	23.069	2071.000
24/04/1986	7.555	8.091	16.564	22.153	1948.000
25/04/1986	12.463	8.003	15.960	21.680	1764.000
26/04/1986	7.167	8.955	15.712	22.559	1821.000
27/04/1986	0.990	8.723	15.924	22.428	1816.000
28/04/1986	4.049	8.284	15.920	21.904	1741.000
29/04/1986	5.824	8.193	16.635	22.383	1742.000
30/04/1986	11.082	9.141	15.815	22.887	1743.000
01/05/1986	3.710	10.890	15.395	24.578	1872.000
02/05/1986	8.341	9.419	15.942	23.283	1711.000
03/05/1986	4.710	8.020	15.670	21.534	1532.000
04/05/1986	10.019	7.742	15.704	21.280	1519.000
05/05/1986	11.314	10.004	15.057	23.362	1553.000
06/05/1986	2.887	9.305	15.999	23.242	1499.000
07/05/1986	1.618	10.027	15.840	24.017	1529.000
08/05/1986	13.970	9.123	16.298	23.300	1579.000
09/05/1986	3.674	9.008	16.027	22.951	1689.000
10/05/1986	11.650	7.702	16.657	22.018	1590.000
11/05/1986	1.298	9.943	15.801	23.891	1579.000
12/05/1986	13.808	6.917	16.491	21.116	1769.000
13/05/1986	1.720	9.419	16.052	23.492	1783.000
14/05/1986	6.956	10.381	16.205	24.753	1659.000
15/05/1986	4.349	9.154	16.261	23.379	1540.000
16/05/1986	1.230	10.634	15.970	24.966	1491.000
17/05/1986	6.850	9.174	15.672	23.051	1366.000
18/05/1986	3.111	10.163	15.721	24.227	1318.000
19/05/1986	10.422	9.803	16.207	24.148	1304.000
20/05/1986	2.274	9.593	16.106	23.837	1357.000
21/05/1986	12.337	6.804	16.379	20.931	1262.000
22/05/1986	9.047	7.698	15.933	21.564	1215.000
23/05/1986	22.495	7.728	15.930	21.598	1195.000
24/05/1986	2.522	8.841	15.657	22.699	1459.000
25/05/1986	4.089	7.843	15.748	21.606	1371.000
26/05/1986	8.936	6.172	15.719	19.747	1326.000
27/05/1986	8.469	5.231	15.396	18.470	1411.000
28/05/1986	10.077	6.487	15.412	19.843	1619.000
29/05/1986	9.098	9.632	14.320	22.730	1615.000
30/05/1986	7.795	9.624	13.948	22.437	1502.000
31/05/1986	9.671	9.194	14.881	22.612	1428.000
01/06/1986	14.657	7.971	14.637	20.992	1703.000
02/06/1986	8.963	7.425	14.654	20.320	1786.000
03/06/1986	4.475	9.346	14.133	22.295	1691.000
04/06/1986	6.766	9.209	14.689	22.562	1808.000
05/06/1986	4.382	7.875	14.839	21.070	1718.000
06/06/1986	8.418	7.868	15.185	21.310	1636.000
07/06/1986	7.961	8.633	14.789	21.933	1683.000
08/06/1986	2.337	7.703	15.378	21.289	1496.000
09/06/1986	12.650	9.819	14.399	23.098	1510.000
10/06/1986	4.232	9.922	15.156	23.765	1525.000
11/06/1986	7.534	8.406	15.438	22.140	1469.000
12/06/1986	6.564	9.414	14.950	23.029	1676.000
13/06/1986	4.412	8.279	15.280	21.907	1556.000
14/06/1986	5.754	8.516	15.022	21.984	1468.000
15/06/1986	2.519	9.263	14.516	22.548	1472.000
16/06/1986	2.051	10.018	15.175	23.961	1294.000
17/06/1986	1.388	9.756	14.907	23.444	1232.000
18/06/1986	7.477	8.984	15.644	23.062	1483.000
19/06/1986	0.779	9.934	15.625	24.174	1346.000
20/06/1986	4.865	9.186	15.987	23.512	1232.000
21/06/1986	5.814	8.084	15.867	22.112	1096.000
22/06/1986	8.174	7.570	15.956	21.611	1216.000
23/06/1986	8.456	7.583	16.263	21.909	1313.000
24/06/1986	5.519	8.314	15.957	22.451	1506.000
25/06/1986	3.759	9.683	14.499	23.039	1629.000
26/06/1986	1.682	10.210	15.512	24.436	1441.000
27/06/1986	2.818	8.793	15.581	22.776	1340.000
28/06/1986	7.636	7.662	15.616	21.524	1280.000
29/06/1986	7.325	7.056	14.958	20.264	1491.000
30/06/1986	14.608	6.373	15.880	20.246	1746.000
01/07/1986	1.128	8.705	15.410	22.499	1879.000
02/07/1986	1.983	9.684	15.237	23.557	1902.000
03/07/1986	3.099	9.100	15.219	22.815	1665.000
04/07/1986	5.652	9.341	15.103	23.077	1623.000
05/07/1986	3.474	8.954	15.042	22.575	1568.000
06/07/1986	5.983	7.388	15.211	20.767	1502.000
07/07/1986	5.565	8.155	14.736	21.299	1395.000
08/07/1986	1.875	9.550	14.798	23.040	1400.000
09/07/1986	0.306	10.792	14.431	24.351	1350.000
10/07/1986	2.242	9.980	15.113	23.797	1327.000
11/07/1986	2.492	9.113	15.484	22.994	1295.000
12/07/1986	3.993	8.538	15.280	22.181	1406.000
13/07/1986	0.158	11.019	14.859	24.890	1237.000
14/07/1986	0.745	10.150	15.442	24.204	1165.000
15/07/1986	5.319	9.420	15.602	23.439	1144.000
16/07/1986	2.007	8.743	14.706	21.983	1127.000
17/07/1986	3.434	7.442	15.304	20.927	1121.000
18/07/1986	7.183	9.327	14.928	22.791	1483.000
19/07/1986	0.247	10.621	14.145	23.865	1231.000
20/07/1986	6.434	9.639	14.793	23.137	1150.000
21/07/1986	1.646	8.103	15.406	21.717	1093.000
22/07/1986	9.385	9.165	15.226	22.783	1257.000
23/07/1986	1.031	10.966	15.373	24.993	1094.000
24/07/1986	0.787	10.950	14.659	24.519	1031.000
25/07/1986	1.390	10.445	14.920	24.072	985.000
26/07/1986	1.092	10.873	14.371	24.225	985.000
27/07/1986	2.153	9.867	14.984	23.391	962.000
28/07/1986	0.613	10.539	14.954	24.174	989.000
29/07/1986	0.249	10.963	14.727	24.528	911.000
30/07/1986	0.544	10.606	14.124	23.679	949.000
31/07/1986	0.119	10.448	15.237	24.252	921.000
01/08/1986	0.787	10.294	15.014	23.878	906.000
02/08/1986	1.598	10.600	15.048	24.262	896.000
03/08/1986	1.168	9.591	14.991	22.999	869.000
04/08/1986	8.067	9.464	15.301	23.077	946.000
05/08/1986	2.049	10.414	15.353	24.213	867.000
06/08/1986	0.650	10.404	16.040	24.670	837.000
07/08/1986	0.511	10.477	15.200	24.163	833.000
08/08/1986	2.613	9.717	15.284	23.308	837.000
09/08/1986	0.042	12.043	14.944	25.846	769.000
10/08/1986	1.043	11.339	15.626	25.443	766.000
11/08/1986	13.051	9.047	15.741	22.881	836.000
12/08/1986	4.587	7.763	16.018	21.563	883.000
13/08/1986	7.035	7.154	15.517	20.549	860.000
14/08/1986	5.800	9.381	15.617	23.096	986.000
15/08/1986	0.352	10.691	14.084	23.533	956.000
16/08/1986	10.077	9.308	14.927	22.504	902.000
17/08/1986	5.246	9.558	14.983	22.809	1013.000
18/08/1986	12.432	9.034	15.629	22.622	1238.000
19/08/1986	2.155	9.933	14.116	22.616	1280.000
20/08/1986	14.076	8.048	15.126	21.187	1213.000
21/08/1986	3.983	8.579	15.211	21.760	1128.000
22/08/1986	6.458	10.860	14.708	24.074	1146.000
23/08/1986	2.470	11.482	13.775	24.194	1017.000
24/08/1986	13.715	9.102	15.271	22.452	1043.000
25/08/1986	2.826	8.725	15.127	21.916	1064.000
26/08/1986	3.467	10.295	15.417	23.894	1175.000
27/08/1986	1.607	10.445	15.484	24.092	992.000
28/08/1986	9.378	9.882	15.382	23.397	923.000
29/08/1986	5.104	10.079	14.580	23.009	930.000
30/08/1986	5.016	8.917	14.728	21.785	923.000
31/08/1986	1.990	9.259	14.593	22.060	896.000
01/09/1986	5.513	7.973	14.643	20.626	956.000
02/09/1986	3.112	9.264	14.448	21.927	942.000
03/09/1986	3.537	10.118	14.172	22.748	1018.000
04/09/1986	4.345	8.601	15.180	21.692	979.000
05/09/1986	1.534	11.663	14.442	24.778	920.000
06/09/1986	1.222	11.615	15.216	25.201	900.000
07/09/1986	3.016	11.686	15.696	25.603	903.000
08/09/1986	0.843	11.996	15.497	25.830	850.000
09/09/1986	0.589	12.917	14.436	26.179	784.000
10/09/1986	1.788	10.380	15.780	24.173	776.000
11/09/1986	3.284	9.044	16.050	22.843	786.000
12/09/1986	4.639	8.564	15.554	21.944	790.000
13/09/1986	5.685	9.576	15.267	22.901	857.000
14/09/1986	8.317	9.040	15.732	22.635	791.000
15/09/1986	1.652	10.853	14.975	24.171	798.000
16/09/1986	0.498	9.480	14.543	22.285	786.000
17/09/1986	3.240	11.117	14.929	24.449	809.000
18/09/1986	4.588	10.847	15.509	24.529	817.000
19/09/1986	7.478	10.380	15.544	24.002	885.000
20/09/1986	14.612	9.234	15.768	22.877	978.000
21/09/1986	9.125	8.986	15.399	22.294	968.000
22/09/1986	1.912	8.917	15.940	22.622	1122.000
23/09/1986	4.199	7.674	15.497	20.963	1097.000
24/09/1986	12.396	9.227	15.919	22.971	1005.000
25/09/1986	13.743	7.891	16.010	21.582	1006.000
26/09/1986	5.901	9.228	15.761	22.915	1132.000
27/09/1986	20.974	7.043	16.136	20.774	1215.000
28/09/1986	2.680	7.478	16.111	21.225	1290.000
29/09/1986	10.949	8.474	15.224	21.618	1123.000
30/09/1986	3.380	9.908	15.346	23.374	1090.000
01/10/1986	13.208	8.218	16.361	22.285	1038.000
02/10/1986	19.408	7.042	15.461	20.279	1093.000
03/10/1986	5.736	7.139	15.357	20.288	1220.000
04/10/1986	10.188	7.888	15.771	21.411	1202.000
05/10/1986	10.250	8.628	15.395	22.001	1484.000
06/10/1986	13.824	8.456	14.986	21.514	1437.000
07/10/1986	12.806	7.795	15.498	21.131	1364.000
08/10/1986	14.609	8.440	15.981	22.273	1425.000
09/10/1986	19.674	8.376	15.436	21.796	1569.000
10/10/1986	2.530	7.256	16.032	21.037	1559.000
11/10/1986	7.868	5.983	16.111	19.746	1530.000
12/10/1986	4.775	9.102	15.408	22.655	1696.000
13/10/1986	16.510	7.711	16.104	21.574	1538.000
14/10/1986	15.083	6.957	15.675	20.439	1551.000
15/10/1986	3.482	8.813	14.542	21.710	1694.000
16/10/1986	3.711	8.745	16.120	22.798	1932.000
17/10/1986	5.958	9.273	15.444	22.933	2029.000
18/10/1986	12.076	6.824	16.072	20.649	2001.000
19/10/1986	23.053	8.675	15.702	22.492	2070.000
20/10/1986	18.006	6.583	16.106	20.501	2020.000
21/10/1986	6.359	8.388	15.676	22.160	2062.000
22/10/1986	9.139	8.538	16.080	22.616	1967.000
23/10/1986	10.540	9.521	15.082	23.080	2149.000
24/10/1986	11.488	8.542	15.272	22.071	1898.000
25/10/1986	21.334	6.359	15.622	19.908	1984.000
26/10/1986	4.183	7.064	14.999	20.170	2148.000
27/10/1986	7.149	6.858	14.734	19.782	2112.000
28/10/1986	9.176	7.547	14.747	20.544	2148.000
29/10/1986	28.714	7.282	14.977	20.417	2221.000
30/10/1986	5.011	9.670	14.971	23.308	2067.000
31/10/1986	7.281	8.297	15.237	21.873	1881.000
01/11/1986	16.178	7.851	15.122	21.326	1798.000
02/11/1986	1.206	7.886	15.142	21.373	1742.000
03/11/1986	6.927	7.169	15.397	20.809	1696.000
04/11/1986	7.456	8.321	15.166	21.972	1649.000
05/11/1986	6.947	9.139	14.765	22.635	1695.000
06/11/1986	2.845	9.173	15.298	23.087	1601.000
07/11/1986	19.136	7.279	15.917	21.311	1663.000
08/11/1986	8.225	7.119	15.933	21.157	1480.000
09/11/1986	11.169	7.848	15.260	21.497	1454.000
10/11/1986	1.863	9.315	15.374	23.377	1455.000
11/11/1986	0.799	8.927	16.320	23.630	1479.000
12/11/1986	8.055	7.722	16.722	22.524	1490.000
13/11/1986	13.412	7.481	15.610	21.405	1532.000
14/11/1986	2.082	8.653	15.559	22.813	1596.000
15/11/1986	9.183	8.877	15.021	22.734	1443.000
16/11/1986	2.027	9.669	14.866	23.609	1522.000
17/11/1986	4.539	9.404	15.031	23.394	1422.000
18/11/1986	20.588	7.976	15.337	21.896	1334.000
19/11/1986	8.932	8.162	14.846	21.776	1385.000
20/11/1986	5.436	7.961	15.567	22.078	1364.000
21/11/1986	19.760	8.359	14.057	21.487	1273.000
22/11/1986	4.799	7.595	16.094	22.038	1355.000
23/11/1986	7.039	7.134	14.941	20.593	1262.000
24/11/1986	2.870	7.467	15.667	21.591	1269.000
25/11/1986	7.711	8.155	15.749	22.507	1445.000
26/11/1986	3.060	8.760	15.242	22.900	1462.000
27/11/1986	12.967	6.875	15.895	21.102	1365.000
28/11/1986	0.000	7.874	15.188	21.750	1348.000
29/11/1986	0.000	8.977	14.759	22.843	1456.000
30/11/1986	0.000	8.654	14.721	22.446	1327.000
01/12/1986	0.000	8.545	14.473	22.107	1255.000
02/12/1986	0.175	8.920	14.545	22.672	1249.000
03/12/1986	4.676	7.991	15.246	22.038	1200.000
04/12/1986	0.351	9.000	15.040	23.160	1148.000
05/12/1986	0.461	8.351	15.475	22.658	1101.000
06/12/1986	8.262	7.267	16.076	21.784	1186.000
07/12/1986	0.653	7.427	15.888	21.829	1111.000
08/12/1986	6.425	8.362	15.497	22.731	1241.000
09/12/1986	7.661	8.329	15.628	22.808	1353.000
10/12/1986	6.229	7.780	16.730	22.942	1248.000
11/12/1986	5.141	7.908	15.950	22.487	1147.000
12/12/1986	1.593	9.912	14.846	24.284	1082.000
13/12/1986	14.591	7.413	15.286	21.435	1052.000
14/12/1986	2.378	9.226	13.699	22.586	1075.000
15/12/1986	4.217	7.626	14.984	21.416	1079.000
16/12/1986	0.115	8.197	15.991	22.877	1098.000
17/12/1986	0.174	9.505	14.606	23.588	1069.000
18/12/1986	0.000	9.742	14.823	24.039	1002.000
19/12/1986	0.003	9.535	14.664	23.700	964.000
20/12/1986	0.000	7.452	15.998	22.028	948.000
21/12/1986	0.143	9.503	15.387	24.138	938.000
22/12/1986	0.447	7.817	16.553	22.874	964.000
23/12/1986	9.351	6.750	15.500	20.782	916.000
24/12/1986	4.414	7.736	14.773	21.444	885.000
25/12/1986	3.771	7.684	15.064	21.578	874.000
26/12/1986	0.792	8.385	15.759	22.959	872.000
27/12/1986	2.493	7.498	15.467	21.665	841.000
28/12/1986	0.533	7.739	15.570	21.990	833.000
29/12/1986	0.167	8.710	15.189	22.935	828.000
30/12/1986	2.208	8.666	14.936	22.678	823.000
31/12/1986	11.851	9.047	15.083	23.293	803.000
01/01/1987	8.092	8.373	15.033	22.420	746.000
02/01/1987	0.000	10.233	13.739	23.892	761.000
03/01/1987	0.016	9.084	15.273	23.459	713.000
04/01/1987	1.791	9.217	15.111	23.498	694.000
05/01/1987	6.133	9.019	14.291	22.640	686.000
06/01/1987	2.214	8.140	15.789	22.613	728.000
07/01/1987	9.290	6.671	16.399	21.262	751.000
08/01/1987	3.628	8.231	15.943	22.772	736.000
09/01/1987	0.876	7.903	16.101	22.500	744.000
10/01/1987	1.596	9.135	15.883	23.840	733.000
11/01/1987	2.072	8.693	15.136	22.777	679.000
12/01/1987	0.546	10.752	13.697	24.371	674.000
13/01/1987	0.467	10.459	15.392	25.137	703.000
14/01/1987	0.298	9.980	15.396	24.505	683.000
15/01/1987	0.004	10.213	15.368	24.761	654.000
16/01/1987	0.538	9.289	15.033	23.328	637.000
17/01/1987	0.000	10.460	15.975	25.428	620.000
18/01/1987	0.620	10.604	15.827	25.496	612.000
19/01/1987	10.649	8.216	14.917	21.834	652.000
20/01/1987	1.378	9.003	15.651	23.317	623.000
21/01/1987	6.498	7.842	15.299	21.627	633.000
22/01/1987	6.794	7.778	15.878	21.974	624.000
23/01/1987	5.181	8.659	15.260	22.584	625.000
24/01/1987	0.285	9.855	14.987	23.836	682.000
25/01/1987	0.000	9.301	15.298	23.377	635.000
26/01/1987	0.000	8.943	15.540	23.091	594.000
27/01/1987	0.631	8.944	15.503	23.055	603.000
28/01/1987	1.234	9.526	15.987	24.057	632.000
29/01/1987	0.000	10.451	15.619	24.930	634.000
30/01/1987	0.000	10.102	15.887	24.680	588.000
31/01/1987	6.815	7.839	16.639	22.512	560.000
01/02/1987	1.282	9.822	16.124	24.424	551.000
02/02/1987	0.000	10.788	15.727	25.309	580.000
03/02/1987	2.008	8.754	16.605	23.493	546.000
04/02/1987	0.478	10.248	15.318	24.306	536.000
05/02/1987	3.722	10.332	15.685	24.668	536.000
06/02/1987	2.581	9.767	15.779	24.012	532.000
07/02/1987	5.008	9.291	15.904	23.500	527.000
08/02/1987	7.812	8.575	15.464	22.334	548.000
09/02/1987	0.591	9.779	15.976	24.088	621.000
10/02/1987	0.000	9.670	16.477	24.326	622.000
11/02/1987	0.846	8.434	16.838	23.118	603.000
12/02/1987	8.321	8.432	15.953	22.429	584.000
13/02/1987	10.898	8.800	15.575	22.584	571.000
14/02/1987	10.276	6.791	15.797	20.406	584.000
15/02/1987	3.421	10.414	14.915	23.955	597.000
16/02/1987	2.192	9.647	15.872	23.755	575.000
17/02/1987	3.625	9.354	15.450	23.103	577.000
18/02/1987	0.176	9.538	15.847	23.526	615.000
19/02/1987	4.759	9.391	16.750	24.046	624.000
20/02/1987	0.114	10.006	15.938	24.121	614.000
21/02/1987	0.115	10.667	15.687	24.666	568.000
22/02/1987	0.373	10.494	15.809	24.534	561.000
23/02/1987	0.068	10.758	16.419	25.239	523.000
24/02/1987	1.407	11.095	16.234	25.501	507.000
25/02/1987	0.023	10.874	16.732	25.577	506.000
26/02/1987	0.025	11.402	16.464	25.984	493.000
27/02/1987	0.011	10.488	17.221	25.435	481.000
28/02/1987	1.224	9.291	16.835	23.841	474.000
01/03/1987	2.900	9.816	16.238	23.940	471.000
02/03/1987	12.001	9.260	16.236	23.316	485.000
03/03/1987	1.897	9.696	15.755	23.420	477.000
04/03/1987	10.972	8.578	15.740	22.136	452.000
05/03/1987	1.394	10.247	15.953	24.142	449.000
06/03/1987	7.917	8.815	16.146	22.653	441.000
07/03/1987	3.158	9.985	16.033	23.886	443.000
08/03/1987	13.797	7.599	16.441	21.542	465.000
09/03/1987	0.348	7.746	15.478	20.942	471.000
10/03/1987	0.020	9.692	15.076	22.815	466.000
11/03/1987	2.271	10.505	14.818	23.563	513.000
12/03/1987	2.753	10.216	15.122	23.441	505.000
13/03/1987	7.719	9.445	16.297	23.409	502.000
14/03/1987	5.743	8.494	15.744	21.941	549.000
15/03/1987	2.174	9.403	15.632	22.843	563.000
16/03/1987	2.645	9.710	14.826	22.589	513.000
17/03/1987	2.000	10.581	15.568	24.133	530.000
18/03/1987	1.608	9.161	15.880	22.742	572.000
19/03/1987	4.344	10.902	15.366	24.363	516.000
20/03/1987	0.112	11.809	15.626	25.555	479.000
21/03/1987	3.684	8.402	17.119	22.887	462.000
22/03/1987	1.448	10.219	16.349	24.246	459.000
23/03/1987	5.370	9.773	16.523	23.888	457.000
24/03/1987	1.888	10.777	15.762	24.491	448.000
25/03/1987	1.078	12.116	15.164	25.602	434.000
26/03/1987	4.142	10.443	15.940	24.266	428.000
27/03/1987	5.896	10.086	16.135	23.954	435.000
28/03/1987	5.336	9.805	16.872	24.168	427.000
29/03/1987	3.122	10.003	16.655	24.227	418.000
30/03/1987	7.274	7.820	17.031	22.231	438.000
31/03/1987	9.332	9.772	16.425	23.761	466.000
01/04/1987	9.640	9.119	16.761	23.352	506.000
02/04/1987	7.619	8.178	16.626	22.194	541.000
03/04/1987	8.020	6.516	16.339	20.263	634.000
04/04/1987	12.014	10.650	15.993	24.465	729.000
05/04/1987	9.526	9.176	15.582	22.544	712.000
06/04/1987	6.899	11.072	15.503	24.617	731.000
07/04/1987	9.132	11.077	16.116	25.030	850.000
08/04/1987	5.217	8.123	16.862	22.365	1056.000
09/04/1987	7.188	8.917	16.008	22.576	868.000
10/04/1987	2.999	9.714	15.704	23.253	838.000
11/04/1987	1.712	9.586	16.366	23.631	769.000
12/04/1987	0.212	10.762	16.058	24.685	684.000
13/04/1987	1.723	10.042	16.851	24.489	647.000
14/04/1987	1.813	10.554	15.525	24.130	599.000
15/04/1987	2.923	10.606	15.374	24.102	573.000
16/04/1987	2.977	10.606	16.399	24.801	562.000
17/04/1987	2.394	10.031	16.605	24.409	544.000
18/04/1987	0.994	10.051	16.786	24.478	540.000
19/04/1987	3.611	9.890	16.946	24.373	578.000
20/04/1987	5.376	10.574	16.382	24.816	656.000
21/04/1987	18.596	9.053	16.557	23.248	752.000
22/04/1987	6.949	9.808	16.418	23.969	589.000
23/04/1987	6.488	10.079	16.418	24.274	607.000
24/04/1987	11.702	6.484	17.269	21.125	722.000
25/04/1987	8.047	8.422	16.232	22.331	781.000
26/04/1987	11.335	7.995	15.997	21.696	847.000
27/04/1987	27.377	8.319	15.592	21.745	856.000
28/04/1987	6.548	6.387	16.642	20.545	1051.000
29/04/1987	5.780	8.635	15.907	22.361	1159.000
30/04/1987	8.614	8.601	15.854	22.274	1151.000
01/05/1987	12.913	6.752	15.868	20.268	1094.000
02/05/1987	7.421	9.225	15.595	22.802	1088.000
03/05/1987	11.493	10.295	15.516	24.047	1079.000
04/05/1987	6.253	8.237	16.374	22.294	1138.000
05/05/1987	10.899	8.271	15.945	22.050	1127.000
06/05/1987	3.006	8.573	15.957	22.361	1200.000
07/05/1987	0.101	8.714	16.240	22.753	1229.000
08/05/1987	1.945	8.838	15.591	22.443	1191.000
09/05/1987	6.931	9.571	15.724	23.407	1175.000
10/05/1987	11.084	9.070	15.894	22.936	1251.000
11/05/1987	0.681	10.928	16.032	25.210	1161.000
12/05/1987	7.667	9.904	16.046	24.049	1101.000
13/05/1987	11.236	10.461	16.215	24.826	946.000
14/05/1987	7.343	8.854	16.464	23.196	894.000
15/05/1987	8.526	8.662	16.370	22.942	1134.000
16/05/1987	15.173	7.143	16.315	21.218	1022.000
17/05/1987	15.632	8.617	15.774	22.437	1191.000
18/05/1987	5.360	10.400	15.708	24.501	1365.000
19/05/1987	2.369	9.553	16.431	24.041	1268.000
20/05/1987	10.177	8.929	16.792	23.603	1155.000
21/05/1987	12.633	8.218	16.083	22.253	1133.000
22/05/1987	5.646	7.400	16.493	21.671	1447.000
23/05/1987	16.759	8.159	16.021	22.126	1354.000
24/05/1987	7.698	8.198	14.989	21.427	1748.000
25/05/1987	13.158	10.040	15.413	23.941	1819.000
26/05/1987	15.250	9.194	16.318	23.610	1830.000
27/05/1987	9.635	9.036	15.817	23.046	1743.000
28/05/1987	3.670	10.833	15.511	25.009	1762.000
29/05/1987	1.112	10.865	15.542	25.103	1549.000
30/05/1987	1.083	10.846	16.151	25.534	1276.000
31/05/1987	2.650	9.483	16.098	23.873	1166.000
01/06/1987	0.737	8.471	15.762	22.406	1125.000
02/06/1987	3.060	7.905	16.007	21.964	1045.000
03/06/1987	5.934	6.973	15.898	20.810	1033.000
04/06/1987	10.721	6.279	16.027	20.177	994.000
05/06/1987	8.413	6.612	16.087	20.592	971.000
06/06/1987	8.514	8.428	15.863	22.487	1104.000
07/06/1987	7.181	8.765	16.496	23.375	1046.000
08/06/1987	1.342	9.408	16.340	23.998	1009.000
09/06/1987	0.334	9.122	16.238	23.602	1038.000
10/06/1987	0.188	9.615	16.196	24.158	1021.000
11/06/1987	1.612	8.761	16.579	23.454	1085.000
12/06/1987	3.642	10.346	16.003	24.910	973.000
13/06/1987	5.729	8.467	16.120	22.776	1018.000
14/06/1987	8.568	6.556	16.184	20.673	940.000
15/06/1987	3.801	9.381	15.652	23.497	877.000
16/06/1987	2.897	9.883	15.759	24.187	912.000
17/06/1987	1.032	9.565	16.422	24.312	856.000
18/06/1987	3.425	9.606	15.118	23.424	848.000
19/06/1987	1.944	10.290	15.805	24.756	797.000
20/06/1987	3.476	8.818	16.102	23.235	910.000
21/06/1987	0.738	10.089	15.367	24.230	794.000
22/06/1987	2.302	10.257	15.742	24.655	792.000
23/06/1987	7.703	8.171	16.698	22.899	865.000
24/06/1987	9.166	7.350	16.410	21.733	957.000
25/06/1987	4.082	8.900	15.827	23.049	962.000
26/06/1987	0.630	9.789	15.775	24.119	1049.000
27/06/1987	0.334	10.589	15.577	24.955	890.000
28/06/1987	0.264	10.838	16.043	25.576	812.000
29/06/1987	1.557	7.913	16.215	22.227	746.000
30/06/1987	7.684	9.133	16.279	23.659	701.000
01/07/1987	8.881	7.883	16.621	22.503	931.000
02/07/1987	5.548	10.358	15.566	24.647	817.000
03/07/1987	4.920	8.403	16.302	22.838	867.000
04/07/1987	8.167	8.906	16.452	23.536	928.000
05/07/1987	1.586	8.539	16.139	22.866	1037.000
06/07/1987	0.837	10.249	16.331	25.015	1099.000
07/07/1987	2.262	8.967	15.640	23.021	915.000
08/07/1987	4.878	9.576	15.483	23.622	963.000
09/07/1987	4.834	9.582	16.537	24.389	988.000
10/07/1987	8.518	9.185	16.520	23.847	938.000
11/07/1987	4.222	9.454	16.657	24.298	1163.000
12/07/1987	1.456	10.120	15.789	24.454	1071.000
13/07/1987	4.105	10.440	15.581	24.746	1008.000
14/07/1987	1.313	10.039	16.277	24.668	963.000
15/07/1987	6.909	9.370	15.999	23.651	919.000
16/07/1987	3.150	11.084	15.747	25.551	1024.000
17/07/1987	10.412	7.729	16.494	22.154	1089.000
18/07/1987	3.060	8.558	15.855	22.608	1150.000
19/07/1987	6.625	10.624	15.630	24.820	1180.000
20/07/1987	5.975	10.322	15.992	24.755	1066.000
21/07/1987	4.186	9.943	16.490	24.694	990.000
22/07/1987	7.853	8.671	15.988	22.809	938.000
23/07/1987	2.052	10.057	15.764	24.289	905.000
24/07/1987	13.631	8.003	16.063	22.078	902.000
25/07/1987	4.378	8.481	16.121	22.635	997.000
26/07/1987	16.623	8.536	16.269	22.818	1089.000
27/07/1987	15.271	9.410	15.367	23.161	1197.000
28/07/1987	3.882	8.951	15.772	22.916	1075.000
29/07/1987	5.176	9.242	16.254	23.591	1099.000
30/07/1987	20.464	8.310	16.557	22.724	1071.000
31/07/1987	13.721	8.136	16.662	22.572	1419.000
01/08/1987	25.775	6.727	15.854	20.376	1730.000
02/08/1987	3.302	8.340	15.802	22.158	1779.000
03/08/1987	7.918	9.334	14.816	22.594	1654.000
04/08/1987	2.375	9.886	15.432	23.653	1637.000
05/08/1987	3.747	9.733	15.184	23.318	1458.000
06/08/1987	2.581	9.343	15.575	23.102	1361.000
07/08/1987	3.951	10.147	15.974	24.295	1343.000
08/08/1987	6.640	8.402	15.960	22.276	1274.000
09/08/1987	4.820	10.041	15.669	23.938	1249.000
10/08/1987	1.454	10.184	14.835	23.518	1172.000
11/08/1987	5.897	9.069	15.978	23.055	1147.000
12/08/1987	8.521	8.000	15.845	21.688	1043.000
13/08/1987	4.216	9.850	15.621	23.615	1239.000
14/08/1987	0.043	10.806	15.691	24.763	1105.000
15/08/1987	0.975	10.295	16.566	24.818	1013.000
16/08/1987	5.490	10.046	16.553	24.499	1108.000
17/08/1987	4.779	9.757	15.977	23.727	901.000
18/08/1987	3.942	9.898	15.719	23.688	1185.000
19/08/1987	3.708	10.470	16.111	24.639	1138.000
20/08/1987	1.005	10.878	16.103	25.095	1216.000
21/08/1987	2.970	11.294	15.854	25.383	1063.000
22/08/1987	2.888	9.801	15.434	23.343	1110.000
23/08/1987	0.973	12.023	15.765	26.143	1010.000
24/08/1987	4.166	11.412	16.494	25.928	985.000
25/08/1987	3.898	10.584	16.536	25.017	988.000
26/08/1987	2.385	10.551	16.231	24.754	1082.000
27/08/1987	2.117	9.531	15.975	23.420	952.000
28/08/1987	6.419	9.602	15.322	22.991	985.000
29/08/1987	6.018	10.989	15.190	24.479	965.000
30/08/1987	9.491	9.833	16.170	23.856	971.000
31/08/1987	6.075	10.195	15.933	24.092	982.000
01/09/1987	7.984	8.932	16.563	23.186	1177.000
02/09/1987	1.827	10.592	15.508	24.271	1027.000
03/09/1987	13.425	9.110	16.004	22.930	1322.000
04/09/1987	2.606	8.925	16.107	22.775	1116.000
05/09/1987	12.707	8.080	15.874	21.713	1191.000
06/09/1987	1.898	10.269	15.668	23.981	1462.000
07/09/1987	7.418	10.721	14.838	23.886	1166.000
08/09/1987	15.500	7.917	16.711	22.175	1264.000
09/09/1987	3.622	10.221	16.146	24.245	1155.000
10/09/1987	1.468	10.307	14.889	23.457	1015.000
11/09/1987	0.319	11.578	14.412	24.597	948.000
12/09/1987	2.740	11.018	15.980	25.054	885.000
13/09/1987	3.173	9.733	16.200	23.762	943.000
14/09/1987	22.020	9.259	16.155	23.170	1038.000
15/09/1987	2.945	9.339	16.733	23.696	1091.000
16/09/1987	6.570	10.661	16.320	24.844	1038.000
17/09/1987	0.882	9.770	16.530	24.062	937.000
18/09/1987	1.035	12.144	14.639	25.455	1021.000
19/09/1987	1.750	10.808	16.089	24.912	926.000
20/09/1987	17.201	9.323	16.045	23.218	916.000
21/09/1987	4.928	9.390	15.706	23.022	1221.000
22/09/1987	1.373	9.932	15.104	23.180	1188.000
23/09/1987	9.614	9.391	15.654	22.963	1045.000
24/09/1987	4.433	10.378	15.271	23.846	965.000
25/09/1987	12.024	7.033	16.598	21.144	1334.000
26/09/1987	3.503	10.059	15.459	23.604	1382.000
27/09/1987	0.946	12.035	14.773	25.466	1133.000
28/09/1987	10.381	8.992	16.832	23.469	976.000
29/09/1987	15.321	10.725	15.290	24.288	965.000
30/09/1987	21.221	5.841	16.477	19.889	1250.000
01/10/1987	6.389	10.727	14.979	24.097	1243.000
02/10/1987	13.290	8.986	16.392	23.115	1218.000
03/10/1987	6.294	7.972	15.779	21.506	1183.000
04/10/1987	8.577	9.062	16.058	22.954	1273.000
05/10/1987	9.380	8.740	16.102	22.627	1675.000
06/10/1987	10.355	8.149	16.479	22.288	1523.000
07/10/1987	13.325	7.597	16.597	21.790	1756.000
08/10/1987	3.487	7.834	16.203	21.802	1568.000
09/10/1987	8.779	6.686	16.282	20.592	1609.000
10/10/1987	6.590	9.788	15.848	23.700	1933.000
11/10/1987	7.991	7.588	16.335	21.645	1856.000
12/10/1987	7.126	10.498	14.582	23.704	1488.000
13/10/1987	9.091	9.330	15.749	23.191	1486.000
14/10/1987	15.964	8.430	16.594	22.749	1658.000
15/10/1987	7.613	8.846	16.910	23.517	1874.000
16/10/1987	13.319	8.896	16.940	23.594	2014.000
17/10/1987	14.661	7.193	16.652	21.516	1941.000
18/10/1987	10.057	6.662	17.180	21.408	1692.000
19/10/1987	12.198	7.901	16.462	22.158	1637.000
20/10/1987	15.438	8.083	16.306	22.274	1783.000
21/10/1987	7.592	8.313	15.839	22.205	1767.000
22/10/1987	6.282	8.526	16.310	22.793	1979.000
23/10/1987	8.457	9.097	16.333	23.488	1828.000
24/10/1987	9.422	8.611	16.380	22.994	1816.000
25/10/1987	15.700	8.884	15.940	22.982	1766.000
26/10/1987	8.769	7.887	16.889	22.566	1643.000
27/10/1987	12.553	5.184	16.772	19.687	2271.000
28/10/1987	29.833	5.612	16.133	19.564	2180.000
29/10/1987	9.538	8.972	15.550	22.844	2366.000
30/10/1987	11.318	7.816	16.023	21.859	2635.000
31/10/1987	7.537	6.560	16.637	21.006	2641.000
01/11/1987	8.488	8.800	16.091	23.121	2493.000
02/11/1987	3.476	8.553	15.894	22.698	2193.000
03/11/1987	3.987	7.791	16.530	22.318	2109.000
04/11/1987	2.581	8.598	15.914	22.816	2020.000
05/11/1987	9.740	9.180	15.954	23.573	1900.000
06/11/1987	2.367	7.097	16.694	21.732	1746.000
07/11/1987	12.974	9.721	15.672	24.074	1886.000
08/11/1987	0.090	10.037	13.765	23.155	1739.000
09/11/1987	0.160	10.505	15.083	24.656	1507.000
10/11/1987	0.447	10.094	15.499	24.474	1334.000
11/11/1987	5.091	10.091	15.963	24.829	1230.000
12/11/1987	0.639	8.222	15.951	22.585	1188.000
13/11/1987	8.850	8.841	15.323	22.847	1105.000
14/11/1987	2.774	8.425	16.027	22.897	1095.000
15/11/1987	4.879	8.354	16.175	22.926	1098.000
16/11/1987	4.190	8.339	16.747	23.344	1257.000
17/11/1987	1.224	9.309	16.141	24.086	1134.000
18/11/1987	15.117	7.002	16.893	21.996	1052.000
19/11/1987	15.899	7.210	16.636	21.983	1040.000
20/11/1987	5.954	8.081	15.720	22.310	1182.000
21/11/1987	16.533	6.698	16.189	21.047	1274.000
22/11/1987	0.676	8.617	16.505	23.573	1419.000
23/11/1987	0.000	9.911	15.223	24.258	1410.000
24/11/1987	3.592	9.035	15.776	23.616	1257.000
25/11/1987	17.235	6.609	16.486	21.251	1353.000
26/11/1987	2.301	8.166	15.178	22.110	1516.000
27/11/1987	6.728	8.489	15.972	23.093	1427.000
28/11/1987	2.672	8.845	15.217	22.996	1536.000
29/11/1987	2.857	9.783	16.129	24.865	1361.000
30/11/1987	26.946	5.772	16.764	20.553	1413.000
01/12/1987	0.915	8.330	15.718	22.744	1491.000
02/12/1987	8.078	6.874	16.058	21.301	1639.000
03/12/1987	1.320	7.771	15.895	22.218	1550.000
04/12/1987	15.693	9.270	15.124	23.560	1485.000
05/12/1987	26.048	8.294	16.610	23.399	1606.000
06/12/1987	14.640	8.358	15.363	22.588	1704.000
07/12/1987	4.322	6.783	16.666	21.674	1897.000
08/12/1987	3.331	9.656	15.517	24.363	1750.000
09/12/1987	4.354	8.549	15.569	23.042	1677.000
10/12/1987	2.699	7.570	15.538	21.769	1606.000
11/12/1987	0.212	9.390	15.799	24.255	1453.000
12/12/1987	0.151	9.137	16.362	24.333	1329.000
13/12/1987	2.832	8.715	16.670	24.063	1256.000
14/12/1987	6.112	8.432	16.566	23.636	1186.000
15/12/1987	0.791	9.807	15.096	24.348	1059.000
16/12/1987	0.155	9.943	15.657	24.916	1009.000
17/12/1987	0.000	10.513	14.681	24.996	956.000
18/12/1987	0.232	10.210	14.833	24.718	918.000
19/12/1987	0.006	9.702	14.876	24.054	989.000
20/12/1987	0.174	9.635	16.281	24.948	871.000
21/12/1987	0.045	9.099	15.930	24.024	866.000
22/12/1987	0.000	8.946	15.771	23.748	815.000
23/12/1987	0.054	9.725	16.014	24.883	774.000
24/12/1987	0.000	8.908	15.634	23.589	748.000
25/12/1987	0.000	10.276	15.213	25.068	728.000
26/12/1987	2.492	8.860	15.637	23.535	704.000
27/12/1987	2.238	8.498	15.732	23.087	692.000
28/12/1987	10.147	7.912	16.060	22.581	678.000
29/12/1987	7.083	8.013	15.779	22.490	670.000
30/12/1987	1.083	6.992	16.214	21.572	696.000
31/12/1987	2.063	8.661	15.342	22.962	731.000
01/01/1988	1.001	7.767	16.165	22.475	751.000
02/01/1988	0.189	7.959	15.487	22.217	715.000
03/01/1988	0.667	7.171	16.050	21.620	682.000
04/01/1988	0.129	6.561	16.552	21.288	662.000
05/01/1988	0.958	7.723	15.616	21.962	653.000
06/01/1988	4.016	8.090	15.951	22.678	644.000
07/01/1988	0.113	8.382	15.429	22.636	635.000
08/01/1988	0.553	8.907	15.548	23.351	617.000
09/01/1988	0.159	7.697	15.805	22.082	613.000
10/01/1988	0.647	7.326	16.187	21.895	617.000
11/01/1988	8.600	7.677	16.180	22.280	604.000
12/01/1988	0.951	8.330	15.447	22.505	577.000
13/01/1988	0.106	7.625	15.856	21.917	575.000
14/01/1988	1.686	8.464	15.857	22.922	584.000
15/01/1988	0.808	8.804	16.208	23.597	590.000
16/01/1988	11.757	8.168	15.908	22.591	610.000
17/01/1988	3.044	8.482	15.944	23.002	653.000
18/01/1988	3.317	8.419	15.859	22.792	584.000
19/01/1988	0.191	8.548	16.259	23.236	604.000
20/01/1988	0.416	9.157	16.127	23.874	649.000
21/01/1988	1.191	9.618	15.097	23.701	662.000
22/01/1988	2.035	10.192	14.009	23.651	642.000
23/01/1988	0.642	9.687	14.917	23.613	622.000
24/01/1988	0.682	9.346	15.567	23.640	608.000
25/01/1988	0.063	10.283	14.902	24.306	599.000
26/01/1988	0.021	10.294	14.560	24.080	581.000
27/01/1988	0.000	9.038	14.471	22.453	575.000
28/01/1988	0.399	10.239	15.163	24.349	563.000
29/01/1988	17.148	8.372	16.069	22.687	550.000
30/01/1988	5.403	8.928	15.795	23.152	526.000
31/01/1988	1.665	9.720	15.180	23.630	550.000
01/02/1988	0.000	11.062	14.960	25.132	542.000
02/02/1988	11.579	8.692	15.847	22.899	528.000
03/02/1988	7.686	9.577	15.415	23.607	528.000
04/02/1988	9.610	6.610	16.253	20.761	521.000
05/02/1988	0.565	8.280	16.049	22.445	543.000
06/02/1988	1.719	9.368	15.462	23.296	646.000
07/02/1988	0.034	9.273	15.966	23.494	572.000
08/02/1988	1.392	9.809	16.454	24.510	581.000
09/02/1988	24.628	6.995	16.310	21.164	586.000
10/02/1988	0.039	8.377	15.427	22.031	633.000
11/02/1988	3.864	7.299	16.210	21.377	658.000
12/02/1988	0.162	9.425	16.267	23.811	635.000
13/02/1988	0.185	8.014	16.680	22.496	640.000
14/02/1988	0.000	8.199	15.680	21.911	626.000
15/02/1988	0.000	9.836	15.602	23.767	658.000
16/02/1988	3.441	10.090	15.804	24.205	617.000
17/02/1988	1.636	10.749	15.267	24.579	599.000
18/02/1988	0.461	11.422	14.989	25.173	572.000
19/02/1988	0.000	10.482	15.679	24.513	552.000
20/02/1988	0.000	11.021	16.274	25.540	521.000
21/02/1988	0.000	8.736	16.743	23.312	485.000
22/02/1988	0.267	9.347	16.014	23.349	437.000
23/02/1988	0.010	10.148	16.554	24.642	454.000
24/02/1988	8.204	8.141	17.245	22.921	540.000
25/02/1988	1.900	9.187	17.147	23.958	531.000
26/02/1988	20.560	6.924	17.076	21.438	559.000
27/02/1988	2.250	7.701	16.033	21.398	615.000
28/02/1988	5.786	9.175	16.088	23.070	697.000
29/02/1988	0.897	10.344	16.200	24.487	745.000
01/03/1988	2.343	10.017	16.300	24.168	690.000
02/03/1988	0.543	11.011	15.853	24.973	617.000
03/03/1988	0.002	11.279	16.111	25.463	602.000
04/03/1988	0.000	11.291	15.157	24.807	559.000
05/03/1988	0.002	11.001	15.808	24.910	514.000
06/03/1988	0.816	11.365	14.469	24.379	495.000
07/03/1988	0.765	11.007	15.501	24.677	488.000
08/03/1988	4.051	9.633	15.805	23.304	483.000
09/03/1988	9.472	5.994	16.310	19.809	485.000
10/03/1988	19.085	9.565	16.080	23.401	543.000
11/03/1988	0.614	9.858	15.424	23.239	675.000
12/03/1988	0.330	11.041	15.985	24.983	745.000
13/03/1988	1.915	8.942	15.564	22.291	670.000
14/03/1988	1.330	11.299	14.905	24.507	713.000
15/03/1988	2.822	10.490	15.174	23.761	644.000
16/03/1988	3.013	9.684	14.756	22.510	584.000
17/03/1988	1.792	9.438	15.355	22.672	545.000
18/03/1988	0.000	10.634	16.055	24.509	519.000
19/03/1988	0.397	12.416	15.872	26.422	490.000
20/03/1988	0.423	11.597	15.905	25.514	490.000
21/03/1988	0.000	10.933	16.421	25.113	512.000
22/03/1988	0.016	11.444	15.314	24.907	478.000
23/03/1988	0.000	11.765	15.094	25.124	430.000
24/03/1988	0.000	11.866	15.843	25.776	386.000
25/03/1988	0.000	11.844	16.025	25.863	375.000
26/03/1988	0.043	10.539	15.724	24.156	342.000
27/03/1988	0.192	10.283	15.706	23.842	346.000
28/03/1988	1.016	10.390	15.501	23.785	351.000
29/03/1988	3.049	8.209	17.524	22.946	375.000
30/03/1988	7.594	10.070	16.311	24.028	390.000
31/03/1988	3.905	9.669	16.226	23.552	382.000
01/04/1988	2.499	9.481	16.687	23.677	440.000
02/04/1988	1.471	9.184	15.961	22.788	553.000
03/04/1988	9.887	8.552	16.589	22.593	615.000
04/04/1988	18.701	9.240	16.484	23.222	616.000
05/04/1988	7.441	9.860	16.083	23.664	598.000
06/04/1988	11.250	6.723	16.898	20.934	655.000
07/04/1988	11.206	7.658	16.420	21.521	708.000
08/04/1988	7.041	9.853	15.901	23.533	747.000
09/04/1988	4.474	8.035	16.959	22.344	839.000
10/04/1988	10.637	7.234	16.848	21.428	738.000
11/04/1988	13.331	7.150	16.545	21.100	890.000
12/04/1988	6.842	8.440	16.564	22.519	834.000
13/04/1988	6.950	7.101	16.468	21.003	834.000
14/04/1988	6.485	9.457	16.346	23.445	904.000
15/04/1988	4.951	7.608	16.768	21.766	1124.000
16/04/1988	0.000	8.467	15.315	21.638	1024.000
17/04/1988	0.889	9.114	15.735	22.653	1049.000
18/04/1988	4.482	9.717	15.642	23.291	1082.000
19/04/1988	0.444	10.105	16.032	24.011	965.000
20/04/1988	15.773	9.622	16.293	23.657	929.000
21/04/1988	6.178	8.961	15.954	22.677	904.000
22/04/1988	5.076	8.222	16.797	22.500	918.000
23/04/1988	3.220	9.033	16.411	23.096	783.000
24/04/1988	3.871	9.623	16.021	23.509	806.000
25/04/1988	5.294	10.444	15.731	24.237	768.000
26/04/1988	11.011	8.606	16.056	22.419	902.000
27/04/1988	1.205	7.998	16.286	21.983	916.000
28/04/1988	0.064	9.608	16.180	23.656	1021.000
29/04/1988	29.400	8.738	16.237	22.706	1163.000
30/04/1988	6.294	8.673	16.297	22.695	890.000
01/05/1988	1.577	8.005	16.468	22.102	965.000
02/05/1988	1.687	9.062	15.997	22.989	965.000
03/05/1988	2.760	9.009	15.915	22.817	1018.000
04/05/1988	15.695	7.710	15.875	21.345	1041.000
05/05/1988	2.803	9.725	15.498	23.390	1032.000
06/05/1988	5.379	9.525	15.837	23.412	1166.000
07/05/1988	4.675	9.533	16.226	23.726	1124.000
08/05/1988	3.297	8.619	16.297	22.713	1099.000
09/05/1988	8.807	8.905	16.097	22.955	1027.000
10/05/1988	1.844	8.940	16.613	23.336	1013.000
11/05/1988	8.728	9.686	16.026	23.762	1027.000
12/05/1988	12.026	8.623	16.067	22.605	1161.000
13/05/1988	5.814	8.966	15.965	22.933	971.000
14/05/1988	13.411	8.153	15.741	21.872	890.000
15/05/1988	1.612	9.504	15.870	23.514	1121.000
16/05/1988	1.545	9.514	15.698	23.427	971.000
17/05/1988	6.139	8.160	16.629	22.594	954.000
18/05/1988	14.020	7.591	16.250	21.680	957.000
19/05/1988	5.332	8.281	15.666	21.996	1049.000
20/05/1988	5.983	9.273	15.473	23.020	1032.000
21/05/1988	0.755	9.207	16.326	23.631	1041.000
22/05/1988	2.904	9.786	16.052	24.111	904.000
23/05/1988	0.870	8.977	16.451	23.420	915.000
24/05/1988	0.801	9.473	16.308	23.953	1021.000
25/05/1988	11.034	8.608	17.197	23.592	885.000
26/05/1988	19.255	7.560	16.521	21.940	976.000
27/05/1988	10.858	8.974	16.086	23.184	974.000
28/05/1988	14.520	8.187	15.865	22.156	1032.000
29/05/1988	0.256	9.588	15.830	23.756	1213.000
30/05/1988	4.895	9.932	15.229	23.741	1225.000
31/05/1988	6.784	8.070	15.469	21.743	1273.000
01/06/1988	11.444	6.597	15.656	20.202	1194.000
02/06/1988	5.898	7.895	15.731	21.729	1237.000
03/06/1988	11.730	9.192	15.006	22.726	1294.000
04/06/1988	2.157	8.573	15.306	22.196	1188.000
05/06/1988	2.046	10.099	15.374	24.126	1183.000
06/06/1988	5.153	9.718	15.530	23.779	1054.000
07/06/1988	3.515	10.248	14.747	23.912	1049.000
08/06/1988	3.678	8.758	15.886	22.920	976.000
09/06/1988	3.897	8.253	15.362	21.916	900.000
10/06/1988	2.749	8.729	16.334	23.213	909.000
11/06/1988	2.490	7.190	16.402	21.501	1194.000
12/06/1988	3.652	7.272	15.589	21.010	1216.000
13/06/1988	3.498	8.939	15.277	22.693	1124.000
14/06/1988	5.570	8.770	14.904	22.238	1152.000
15/06/1988	6.349	9.527	15.255	23.444	1166.000
16/06/1988	5.721	7.964	14.402	20.941	1119.000
17/06/1988	11.317	7.898	15.872	21.922	1088.000
18/06/1988	12.337	5.995	15.618	19.621	1054.000
19/06/1988	6.872	6.864	15.162	20.185	1010.000
20/06/1988	11.719	6.793	15.232	20.203	1246.000
21/06/1988	0.352	8.648	14.636	21.889	1219.000
22/06/1988	7.635	8.929	14.205	21.928	1152.000
23/06/1988	21.554	8.710	15.200	22.397	1088.000
24/06/1988	2.120	7.860	14.963	21.212	1138.000
25/06/1988	3.411	7.142	14.856	20.259	1331.000
26/06/1988	7.878	8.249	14.777	21.530	1567.000
27/06/1988	10.660	10.141	13.721	23.084	1367.000
28/06/1988	2.830	9.000	14.930	22.529	1692.000
29/06/1988	4.512	7.894	15.038	21.288	1519.000
30/06/1988	4.723	8.403	15.469	22.230	1522.000
01/07/1988	14.370	8.508	15.147	22.124	1492.000
02/07/1988	3.758	7.707	14.660	20.852	1255.000
03/07/1988	18.250	6.719	15.678	20.403	1255.000
04/07/1988	24.943	7.722	15.428	21.354	1594.000
05/07/1988	3.590	7.847	15.303	21.407	1860.000
06/07/1988	7.942	7.448	14.680	20.454	2066.000
07/07/1988	2.370	7.933	14.888	21.160	2033.000
08/07/1988	4.924	9.813	14.946	23.494	2055.000
09/07/1988	3.604	9.866	14.907	23.507	2022.000
10/07/1988	6.387	10.321	14.618	23.840	1985.000
11/07/1988	5.941	9.607	14.976	23.242	2132.000
12/07/1988	0.979	9.363	14.671	22.741	2047.000
13/07/1988	3.577	9.943	15.138	23.731	1955.000
14/07/1988	0.356	10.167	13.601	22.967	1665.000
15/07/1988	4.021	9.929	13.578	22.616	1592.000
16/07/1988	2.770	9.259	14.175	22.183	1526.000
17/07/1988	1.103	9.121	14.109	22.010	1331.000
18/07/1988	1.860	9.373	14.438	22.499	1340.000
19/07/1988	3.560	8.445	14.879	21.716	1279.000
20/07/1988	0.966	8.378	15.129	21.785	1224.000
21/07/1988	0.793	9.303	15.558	23.174	1174.000
22/07/1988	4.401	8.554	15.809	22.522	1265.000
23/07/1988	3.630	9.247	15.805	23.294	1270.000
24/07/1988	2.834	9.341	16.367	23.804	1194.000
25/07/1988	6.814	9.388	15.620	23.302	1181.000
26/07/1988	5.178	9.958	15.856	24.143	1116.000
27/07/1988	7.084	9.397	15.346	23.148	1268.000
28/07/1988	0.109	11.299	14.598	24.899	1199.000
29/07/1988	4.605	9.626	15.577	23.529	1110.000
30/07/1988	14.858	9.125	15.346	22.798	1194.000
31/07/1988	3.737	9.835	15.448	23.654	1224.000
01/08/1988	7.243	9.399	15.865	23.432	1110.000
02/08/1988	9.199	7.956	16.214	22.014	1054.000
03/08/1988	11.886	9.597	15.695	23.491	1161.000
04/08/1988	6.686	10.039	15.325	23.756	1288.000
05/08/1988	0.039	9.689	15.961	23.794	1316.000
06/08/1988	4.297	9.398	16.388	23.769	1295.000
07/08/1988	6.421	7.936	14.792	20.891	1322.000
08/08/1988	12.281	8.181	15.509	21.693	1306.000
09/08/1988	2.535	9.430	15.898	23.371	1295.000
10/08/1988	12.086	9.456	15.287	22.947	1432.000
11/08/1988	5.913	8.442	15.530	21.944	1515.000
12/08/1988	1.166	10.131	13.642	22.583	1541.000
13/08/1988	2.542	9.316	14.460	22.162	1467.000
14/08/1988	1.595	8.877	15.459	22.366	1516.000
15/08/1988	11.871	9.638	15.434	23.237	1345.000
16/08/1988	5.830	9.510	14.971	22.753	1360.000
17/08/1988	13.925	7.601	15.393	20.862	1349.000
18/08/1988	10.288	9.809	15.693	23.562	1461.000
19/08/1988	7.996	9.347	15.264	22.742	1298.000
20/08/1988	14.742	7.306	15.682	20.779	1358.000
21/08/1988	8.963	7.020	15.634	20.376	1716.000
22/08/1988	5.290	8.095	15.073	21.085	1863.000
23/08/1988	1.121	10.827	14.943	24.159	1887.000
24/08/1988	14.665	8.988	15.703	22.600	1834.000
25/08/1988	9.445	8.118	15.039	21.114	1805.000
26/08/1988	6.032	8.621	15.108	21.723	1969.000
27/08/1988	4.843	7.220	15.848	20.759	1993.000
28/08/1988	2.112	10.005	15.667	23.680	2119.000
29/08/1988	5.467	8.412	15.577	21.841	2065.000
30/08/1988	9.283	7.153	15.796	20.671	1950.000
31/08/1988	25.666	6.484	15.595	19.723	2048.000
01/09/1988	4.385	10.643	14.886	23.841	2145.000
02/09/1988	9.038	9.508	15.101	22.678	2149.000
03/09/1988	7.772	9.293	15.307	22.599	2004.000
04/09/1988	1.666	10.679	14.609	23.683	1991.000
05/09/1988	8.737	8.554	15.909	22.202	1983.000
06/09/1988	8.020	10.411	15.207	23.812	2014.000
07/09/1988	7.701	7.873	15.456	21.077	1855.000
08/09/1988	5.647	8.810	15.209	21.946	1798.000
09/09/1988	6.203	8.039	14.964	20.931	1758.000
10/09/1988	9.624	7.105	15.581	20.346	1648.000
11/09/1988	2.302	6.700	15.685	20.032	1742.000
12/09/1988	7.701	7.875	15.883	21.407	1757.000
13/09/1988	12.935	8.417	15.598	21.779	2015.000
14/09/1988	31.524	7.722	16.095	21.444	1974.000
15/09/1988	10.788	9.453	15.228	22.667	2111.000
16/09/1988	11.885	10.388	14.856	23.518	1937.000
17/09/1988	7.621	9.610	14.373	22.290	1943.000
18/09/1988	1.954	8.283	16.069	22.017	1976.000
19/09/1988	2.637	7.134	15.612	20.423	1955.000
20/09/1988	6.042	8.670	15.936	22.332	1979.000
21/09/1988	5.068	9.452	15.161	22.665	2058.000
22/09/1988	0.975	10.095	15.162	23.430	2165.000
23/09/1988	8.978	10.005	15.524	23.597	1954.000
24/09/1988	3.023	9.701	16.537	23.993	2058.000
25/09/1988	2.776	9.937	15.352	23.404	1867.000
26/09/1988	3.962	8.195	16.323	22.175	1703.000
27/09/1988	1.111	10.601	15.214	24.137	1526.000
28/09/1988	2.062	9.474	15.256	22.818	1509.000
29/09/1988	8.182	10.119	15.024	23.434	1378.000
30/09/1988	18.394	7.135	15.850	20.717	1403.000
01/10/1988	15.497	8.395	15.430	21.707	1551.000
02/10/1988	4.799	7.484	15.904	21.088	1786.000
03/10/1988	8.504	8.543	15.556	22.022	1735.000
04/10/1988	7.562	8.868	15.769	22.540	1887.000
05/10/1988	8.159	8.265	16.032	22.081	1945.000
06/10/1988	3.395	8.750	15.537	22.279	1904.000
07/10/1988	8.881	8.174	16.071	22.038	1681.000
08/10/1988	8.847	6.417	16.206	20.269	1998.000
09/10/1988	10.215	8.703	16.059	22.631	2208.000
10/10/1988	5.513	10.405	14.092	23.227	2099.000
11/10/1988	22.125	9.691	14.771	22.892	1737.000
12/10/1988	5.353	7.116	15.230	20.310	1601.000
13/10/1988	8.231	8.214	15.626	21.808	1773.000
14/10/1988	5.317	6.873	15.923	20.577	1904.000
15/10/1988	19.300	6.898	15.703	20.404	2069.000
16/10/1988	1.805	9.567	14.437	22.574	2360.000
17/10/1988	2.279	9.022	15.439	22.691	2813.000
18/10/1988	30.270	7.659	15.998	21.527	2668.000
19/10/1988	6.720	9.413	15.826	23.431	2695.000
20/10/1988	2.951	9.699	14.781	23.031	2726.000
21/10/1988	7.547	9.072	16.111	23.264	2528.000
22/10/1988	7.349	8.241	16.228	22.436	2243.000
23/10/1988	0.000	10.919	14.677	24.536	1968.000
24/10/1988	5.070	9.866	14.900	23.469	1742.000
25/10/1988	9.390	8.267	15.422	21.907	1711.000
26/10/1988	2.089	9.396	15.382	23.240	1676.000
27/10/1988	3.199	8.212	14.952	21.529	1619.000
28/10/1988	20.896	8.177	15.540	21.944	1513.000
29/10/1988	4.877	8.366	15.039	21.794	1475.000
30/10/1988	10.535	7.939	15.716	21.815	1451.000
31/10/1988	7.586	8.211	15.833	22.240	1484.000
01/11/1988	20.477	7.432	15.465	21.074	1521.000
02/11/1988	16.821	7.734	15.910	21.793	1588.000
03/11/1988	19.814	8.334	15.723	22.377	1684.000
04/11/1988	0.021	9.108	15.401	23.049	1794.000
05/11/1988	0.493	8.533	15.346	22.357	1567.000
06/11/1988	14.325	8.333	15.233	22.033	1687.000
07/11/1988	9.589	8.502	15.726	22.622	1737.000
08/11/1988	11.061	8.068	15.519	21.996	1623.000
09/11/1988	12.187	7.162	16.194	21.430	1967.000
10/11/1988	9.084	7.791	15.616	21.752	2030.000
11/11/1988	4.767	7.190	15.601	21.030	2206.000
12/11/1988	0.751	8.617	16.113	23.144	2507.000
13/11/1988	23.663	7.273	15.798	21.334	2354.000
14/11/1988	0.683	7.259	15.898	21.391	2342.000
15/11/1988	31.070	6.574	15.898	20.613	2462.000
16/11/1988	39.197	5.881	16.085	19.978	2694.000
17/11/1988	9.913	7.558	16.207	22.023	2738.000
18/11/1988	4.655	8.223	15.676	22.438	3054.000
19/11/1988	6.022	7.331	15.643	21.336	3229.000
20/11/1988	7.642	7.262	15.869	21.432	3269.000
21/11/1988	1.659	6.551	15.822	20.640	3082.000
22/11/1988	6.677	7.196	15.909	21.420	2921.000
23/11/1988	13.117	8.386	15.196	22.340	2969.000
24/11/1988	20.677	7.841	15.561	21.948	3082.000
25/11/1988	3.915	7.564	16.168	22.116	3030.000
26/11/1988	4.843	8.726	14.420	22.265	2941.000
27/11/1988	2.190	8.379	15.607	22.718	2738.000
28/11/1988	14.631	7.197	15.778	21.406	2576.000
29/11/1988	9.673	6.727	15.722	20.830	2462.000
30/11/1988	13.525	7.879	15.478	22.006	2576.000
01/12/1988	11.379	7.513	15.588	21.705	2474.000
02/12/1988	10.529	7.492	15.360	21.465	2434.000
03/12/1988	5.130	6.982	14.943	20.514	2556.000
04/12/1988	4.326	7.829	15.154	21.751	2675.000
05/12/1988	20.493	6.926	15.284	20.736	2672.000
06/12/1988	8.586	8.047	15.178	22.042	2758.000
07/12/1988	5.350	6.172	15.774	20.242	2639.000
08/12/1988	7.871	7.229	15.194	21.051	2616.000
09/12/1988	7.770	8.305	15.252	22.458	2772.000
10/12/1988	4.512	9.247	14.931	23.455	2773.000
11/12/1988	2.425	9.528	14.935	23.823	2514.000
12/12/1988	1.401	9.351	15.209	23.815	2316.000
13/12/1988	7.347	7.925	15.496	22.212	2177.000
14/12/1988	10.933	7.273	14.932	20.988	2266.000
15/12/1988	1.912	8.768	15.174	23.027	2177.000
16/12/1988	3.212	9.203	14.810	23.362	2045.000
17/12/1988	1.678	7.774	14.677	21.389	1873.000
18/12/1988	1.300	8.146	14.896	22.030	1800.000
19/12/1988	5.558	8.437	14.300	21.982	1748.000
20/12/1988	0.502	9.334	14.298	23.141	1653.000
21/12/1988	1.936	9.181	13.963	22.718	1603.000
22/12/1988	7.499	7.522	14.793	21.131	1566.000
23/12/1988	5.100	7.182	15.149	20.987	1470.000
24/12/1988	0.794	7.931	14.885	21.712	1448.000
25/12/1988	0.462	7.566	14.485	20.962	1441.000
26/12/1988	5.408	7.294	15.578	21.457	1435.000
27/12/1988	5.484	8.053	14.924	21.907	1473.000
28/12/1988	8.940	7.159	14.576	20.531	1452.000
29/12/1988	8.914	7.286	14.896	20.913	1513.000
30/12/1988	15.213	6.359	15.140	19.940	1595.000
31/12/1988	16.889	6.485	15.168	20.075	1563.000
01/01/1989	11.501	6.854	14.835	20.318	1494.000
02/01/1989	10.324	5.729	15.317	19.369	1585.000
03/01/1989	7.178	8.669	14.578	22.372	1658.000
04/01/1989	11.818	6.814	15.273	20.614	1598.000
05/01/1989	15.419	5.825	15.242	19.376	1588.000
06/01/1989	2.428	6.744	14.861	20.160	1881.000
07/01/1989	6.846	6.893	14.829	20.302	1708.000
08/01/1989	2.999	7.137	14.559	20.397	1559.000
09/01/1989	0.864	8.988	14.557	22.717	1478.000
10/01/1989	4.127	7.689	15.016	21.381	1447.000
11/01/1989	0.510	8.062	15.252	21.986	1404.000
12/01/1989	0.088	7.242	14.712	20.585	1424.000
13/01/1989	4.381	7.516	14.955	21.101	1402.000
14/01/1989	3.426	7.198	15.180	20.846	1394.000
15/01/1989	6.664	9.484	14.704	23.352	1417.000
16/01/1989	1.571	8.599	15.537	22.836	1409.000
17/01/1989	4.697	8.179	15.647	22.390	1405.000
18/01/1989	0.709	8.546	15.789	22.902	1396.000
19/01/1989	5.089	9.291	15.231	23.420	1354.000
20/01/1989	1.305	9.845	14.146	23.328	1282.000
21/01/1989	5.802	8.680	15.630	22.906	1239.000
22/01/1989	3.329	7.681	15.902	21.895	1213.000
23/01/1989	2.560	10.180	14.457	23.908	1200.000
24/01/1989	1.390	8.864	15.046	22.695	1118.000
25/01/1989	0.945	9.607	13.692	22.619	1148.000
26/01/1989	1.624	8.087	14.548	21.276	1118.000
27/01/1989	10.958	7.345	16.047	21.500	1047.000
28/01/1989	17.303	6.767	15.557	20.433	1062.000
29/01/1989	5.812	8.837	15.537	22.848	1143.000
30/01/1989	4.294	7.195	15.502	20.893	1113.000
31/01/1989	9.014	7.891	15.830	21.937	1057.000
01/02/1989	2.511	9.263	14.780	22.778	1074.000
02/02/1989	2.870	7.957	15.902	22.025	1115.000
03/02/1989	17.358	7.928	15.256	21.442	1122.000
04/02/1989	13.183	7.718	15.170	21.121	1145.000
05/02/1989	0.018	7.662	14.480	20.517	1243.000
06/02/1989	0.987	9.512	14.731	22.942	1201.000
07/02/1989	5.724	8.093	14.771	21.238	1147.000
08/02/1989	9.824	7.998	14.535	20.923	1142.000
09/02/1989	8.371	8.034	15.081	21.379	1116.000
10/02/1989	3.677	7.149	15.261	20.473	1059.000
11/02/1989	0.778	7.809	15.412	21.285	1103.000
12/02/1989	1.218	9.918	14.889	23.405	1226.000
13/02/1989	1.438	9.408	14.810	22.730	1256.000
14/02/1989	2.473	10.134	14.624	23.475	1186.000
15/02/1989	8.827	10.208	14.508	23.476	1119.000
16/02/1989	5.380	9.562	14.340	22.566	1109.000
17/02/1989	0.667	9.275	14.864	22.487	1061.000
18/02/1989	0.410	10.236	14.435	23.304	995.000
19/02/1989	1.143	8.433	14.704	21.362	991.000
20/02/1989	2.154	10.019	15.084	23.506	1001.000
21/02/1989	0.870	9.195	15.283	22.652	1027.000
22/02/1989	5.522	9.129	14.933	22.348	1025.000
23/02/1989	10.790	6.481	15.448	19.780	1049.000
24/02/1989	0.322	9.527	13.925	22.033	1037.000
25/02/1989	0.483	8.497	15.069	21.607	1057.000
26/02/1989	0.834	8.167	15.166	21.271	1027.000
27/02/1989	1.213	10.805	14.971	24.169	1029.000
28/02/1989	4.913	10.052	15.588	23.732	1102.000
01/03/1989	0.469	10.030	15.188	23.414	1041.000
02/03/1989	1.941	10.866	14.132	23.663	968.000
03/03/1989	2.998	8.462	15.473	21.825	991.000
04/03/1989	6.951	10.030	15.021	23.278	955.000
05/03/1989	10.511	8.758	15.044	21.808	981.000
06/03/1989	9.252	8.583	15.282	21.741	974.000
07/03/1989	7.215	8.129	15.454	21.351	1008.000
08/03/1989	6.853	8.077	14.807	20.780	1051.000
09/03/1989	6.539	9.865	15.444	23.290	1058.000
10/03/1989	6.484	9.284	15.483	22.662	1090.000
11/03/1989	8.023	7.526	15.574	20.777	1130.000
12/03/1989	2.397	7.980	16.488	21.986	1100.000
13/03/1989	7.821	7.734	15.885	21.213	1128.000
14/03/1989	12.073	7.028	16.224	20.732	1126.000
15/03/1989	10.860	8.672	15.642	22.022	1164.000
16/03/1989	8.332	7.252	15.598	20.442	1240.000
17/03/1989	5.909	6.901	15.741	20.223	1293.000
18/03/1989	0.701	7.891	14.710	20.422	1279.000
19/03/1989	1.736	6.596	15.036	19.278	1191.000
20/03/1989	3.010	7.027	14.797	19.548	1161.000
21/03/1989	4.823	8.427	14.694	20.968	1136.000
22/03/1989	6.248	7.896	14.575	20.299	1162.000
23/03/1989	3.046	8.812	14.028	20.922	1180.000
24/03/1989	2.445	9.265	14.240	21.587	1127.000
25/03/1989	1.202	9.405	13.803	21.451	1114.000
26/03/1989	2.076	8.916	14.439	21.342	1064.000
27/03/1989	2.564	7.534	15.014	20.238	1031.000
28/03/1989	7.964	7.679	14.754	20.185	994.000
29/03/1989	8.908	9.968	13.266	21.769	1067.000
30/03/1989	1.918	9.293	13.950	21.431	1075.000
31/03/1989	3.702	9.750	14.586	22.413	1063.000
01/04/1989	1.745	9.241	15.491	22.524	957.000
02/04/1989	4.234	9.511	15.435	22.785	930.000
03/04/1989	9.073	8.534	15.822	21.987	916.000
04/04/1989	2.565	9.798	15.546	23.159	909.000
05/04/1989	6.708	9.384	16.063	23.099	899.000
06/04/1989	3.277	9.573	15.214	22.664	1034.000
07/04/1989	0.695	10.170	15.154	23.313	1010.000
08/04/1989	4.250	9.216	15.592	22.567	944.000
09/04/1989	7.901	8.470	16.410	22.382	915.000
10/04/1989	3.146	9.235	14.677	21.942	943.000
11/04/1989	4.251	10.987	14.404	23.770	872.000
12/04/1989	3.684	10.151	15.229	23.416	854.000
13/04/1989	2.622	10.800	15.457	24.316	860.000
14/04/1989	5.044	8.772	15.900	22.372	838.000
15/04/1989	2.225	9.273	15.392	22.615	809.000
16/04/1989	0.048	10.424	15.484	23.929	821.000
17/04/1989	3.000	9.777	15.694	23.367	792.000
18/04/1989	5.173	10.166	14.701	23.106	808.000
19/04/1989	3.298	10.207	15.836	23.961	761.000
20/04/1989	3.671	8.473	16.222	22.349	734.000
21/04/1989	5.327	10.148	14.896	23.232	738.000
22/04/1989	7.261	9.656	16.151	23.607	712.000
23/04/1989	1.534	9.537	15.897	23.245	761.000
24/04/1989	1.636	9.528	15.967	23.335	905.000
25/04/1989	8.664	10.088	15.582	23.740	815.000
26/04/1989	15.355	8.690	15.568	22.139	793.000
27/04/1989	9.749	8.735	16.331	22.778	733.000
28/04/1989	10.082	9.349	15.637	22.903	991.000
29/04/1989	8.162	8.132	15.673	21.602	958.000
30/04/1989	11.766	8.784	15.950	22.555	954.000
01/05/1989	20.985	6.522	16.488	20.584	1117.000
02/05/1989	6.168	8.652	15.416	22.018	1086.000
03/05/1989	8.526	8.607	15.820	22.264	1358.000
04/05/1989	15.422	9.502	15.309	22.939	1235.000
05/05/1989	9.430	9.443	15.147	22.770	1178.000
06/05/1989	9.960	7.974	15.819	21.578	1139.000
07/05/1989	11.301	7.452	15.763	21.001	1221.000
08/05/1989	19.278	7.473	15.928	21.159	1226.000
09/05/1989	5.905	9.125	14.767	22.193	1442.000
10/05/1989	9.037	7.443	15.563	20.878	1467.000
11/05/1989	12.925	10.338	14.701	23.588	1393.000
12/05/1989	5.072	8.853	15.682	22.609	1543.000
13/05/1989	8.670	6.762	15.786	20.318	1488.000
14/05/1989	8.921	9.296	15.028	22.615	1549.000
15/05/1989	3.943	9.244	15.637	23.031	1630.000
16/05/1989	5.673	8.777	15.275	22.233	1470.000
17/05/1989	0.423	10.088	15.550	23.971	1326.000
18/05/1989	1.081	8.870	16.193	23.033	1227.000
19/05/1989	3.860	9.028	16.138	23.215	1179.000
20/05/1989	1.726	9.924	16.025	24.175	1095.000
21/05/1989	0.032	9.874	15.979	24.065	1050.000
22/05/1989	1.534	9.149	15.910	23.194	1031.000
23/05/1989	8.740	7.721	16.057	21.710	1185.000
24/05/1989	10.073	7.115	15.816	20.827	1352.000
25/05/1989	16.821	7.604	15.611	21.251	1519.000
26/05/1989	9.306	8.785	15.381	22.433	1778.000
27/05/1989	6.774	8.733	15.927	22.813	1536.000
28/05/1989	5.234	6.747	15.619	20.387	1547.000
29/05/1989	7.541	8.696	15.359	22.379	1581.000
30/05/1989	4.844	9.879	15.361	23.797	1463.000
31/05/1989	3.225	8.305	15.892	22.339	1378.000
01/06/1989	4.264	7.815	15.774	21.664	1266.000
02/06/1989	7.544	8.208	15.945	22.248	1298.000
03/06/1989	5.210	7.643	15.308	21.142	1377.000
04/06/1989	8.193	8.673	15.281	22.347	1328.000
05/06/1989	11.819	7.327	15.538	20.982	1218.000
06/06/1989	12.732	8.116	15.786	22.087	1131.000
07/06/1989	2.136	8.964	15.065	22.521	1238.000
08/06/1989	5.723	8.807	15.605	22.789	1415.000
09/06/1989	5.424	8.275	15.526	22.106	1217.000
10/06/1989	7.394	8.572	16.034	22.793	1339.000
11/06/1989	8.639	7.408	15.453	20.989	1178.000
12/06/1989	10.462	9.169	15.292	22.969	1258.000
13/06/1989	4.847	8.988	15.629	22.983	1312.000
14/06/1989	1.446	10.320	14.799	24.017	1317.000
15/06/1989	4.372	8.526	16.012	22.745	1227.000
16/06/1989	2.295	9.838	15.187	23.732	1148.000
17/06/1989	2.131	8.454	16.052	22.757	1089.000
18/06/1989	4.148	7.838	15.985	21.957	1073.000
19/06/1989	11.047	6.527	15.162	19.804	1173.000
20/06/1989	7.118	8.663	15.390	22.520	1343.000
21/06/1989	4.093	9.394	14.752	22.871	1268.000
22/06/1989	5.341	8.242	15.881	22.372	1350.000
23/06/1989	10.805	7.200	14.834	20.349	1395.000
24/06/1989	5.084	8.288	15.052	21.754	1416.000
25/06/1989	10.578	7.240	14.752	20.315	1338.000
26/06/1989	11.074	8.656	14.558	21.853	1307.000
27/06/1989	4.353	7.775	14.753	20.979	1312.000
28/06/1989	5.616	9.699	14.504	23.145	1203.000
29/06/1989	1.812	10.166	14.331	23.584	1336.000
30/06/1989	3.648	9.060	14.916	22.632	1179.000
01/07/1989	4.484	8.940	14.479	22.157	1223.000
02/07/1989	3.683	9.269	15.001	22.898	1207.000
03/07/1989	1.515	9.989	14.763	23.614	1083.000
04/07/1989	2.480	8.769	13.701	21.410	1042.000
05/07/1989	5.376	8.577	15.246	22.256	1065.000
06/07/1989	4.154	8.018	14.931	21.307	1102.000
07/07/1989	0.982	8.603	14.680	21.818	1222.000
08/07/1989	2.344	9.328	14.716	22.778	1287.000
09/07/1989	2.518	9.223	14.482	22.491	1381.000
10/07/1989	8.386	11.165	13.499	24.221	1286.000
11/07/1989	1.364	10.736	13.868	23.914	1277.000
12/07/1989	2.025	11.400	14.395	25.070	1257.000
13/07/1989	0.481	10.677	14.864	24.447	1146.000
14/07/1989	1.429	10.964	15.228	25.040	1082.000
15/07/1989	0.000	12.227	15.040	26.464	965.000
16/07/1989	3.604	10.550	15.934	24.959	914.000
17/07/1989	0.533	10.461	15.250	24.448	945.000
18/07/1989	0.798	10.629	15.237	24.647	916.000
19/07/1989	4.384	8.575	16.180	22.862	1038.000
20/07/1989	15.298	9.042	15.037	22.575	1125.000
21/07/1989	6.310	8.525	15.345	22.157	1146.000
22/07/1989	12.176	8.450	15.305	22.016	1277.000
23/07/1989	8.770	9.209	14.914	22.649	1300.000
24/07/1989	6.875	7.892	15.264	21.327	1272.000
25/07/1989	13.348	9.016	15.175	22.569	1207.000
26/07/1989	15.708	6.675	15.612	20.179	1311.000
27/07/1989	8.210	9.254	15.615	23.168	1449.000
28/07/1989	5.555	10.566	13.661	23.380	1457.000
29/07/1989	3.834	10.379	14.013	23.382	1364.000
30/07/1989	3.471	10.095	15.291	23.915	1343.000
31/07/1989	4.764	10.376	15.485	24.337	1282.000
01/08/1989	6.950	9.723	15.767	23.733	1270.000
02/08/1989	6.758	10.025	15.386	23.819	1392.000
03/08/1989	1.201	10.636	14.182	23.718	1244.000
04/08/1989	1.722	10.455	14.554	23.780	1188.000
05/08/1989	2.217	10.072	14.880	23.504	1107.000
06/08/1989	5.970	9.563	15.245	23.116	1133.000
07/08/1989	1.400	10.150	14.728	23.495	1162.000
08/08/1989	5.841	10.124	14.440	23.197	1038.000
09/08/1989	4.296	10.108	15.054	23.599	964.000
10/08/1989	7.556	9.105	15.373	22.645	1121.000
11/08/1989	5.755	9.644	15.417	23.281	1137.000
12/08/1989	6.290	10.855	14.546	24.101	1060.000
13/08/1989	2.612	9.184	15.077	22.486	985.000
14/08/1989	3.988	9.543	14.614	22.554	1041.000
15/08/1989	4.491	9.529	15.284	22.999	997.000
16/08/1989	9.087	8.673	15.687	22.311	941.000
17/08/1989	7.774	10.306	14.909	23.640	1041.000
18/08/1989	0.307	9.521	15.172	22.884	989.000
19/08/1989	1.806	10.515	14.248	23.434	914.000
20/08/1989	3.340	9.884	14.658	22.944	864.000
21/08/1989	11.563	10.526	14.649	23.668	886.000
22/08/1989	7.100	10.534	14.983	23.870	871.000
23/08/1989	4.590	8.767	15.652	22.312	1080.000
24/08/1989	7.725	8.026	15.074	21.059	949.000
25/08/1989	1.779	10.571	14.816	23.824	961.000
26/08/1989	7.010	10.095	14.791	23.226	893.000
27/08/1989	6.653	9.837	15.208	23.181	960.000
28/08/1989	5.405	9.270	15.470	22.713	1053.000
29/08/1989	9.974	7.670	15.820	21.207	1104.000
30/08/1989	10.307	8.243	15.174	21.303	1220.000
31/08/1989	12.118	8.898	14.890	21.873	1311.000
01/09/1989	3.234	10.893	15.098	24.310	1320.000
02/09/1989	3.362	11.026	15.290	24.589	1148.000
03/09/1989	6.492	10.091	14.628	23.090	1115.000
04/09/1989	9.569	8.683	15.642	22.190	1085.000
05/09/1989	15.244	7.463	16.226	21.263	1089.000
06/09/1989	18.707	7.738	16.342	21.614	1111.000
07/09/1989	4.540	9.195	15.782	22.841	1151.000
08/09/1989	5.840	9.332	15.399	22.695	1151.000
09/09/1989	5.341	9.296	15.449	22.713	1482.000
10/09/1989	6.573	8.596	15.184	21.700	1413.000
11/09/1989	8.180	8.572	16.048	22.352	1325.000
12/09/1989	8.111	10.232	14.920	23.379	1306.000
13/09/1989	6.363	9.572	14.880	22.599	1481.000
14/09/1989	7.913	9.441	15.221	22.683	1642.000
15/09/1989	0.851	9.050	15.000	22.061	1571.000
16/09/1989	2.230	9.812	15.232	23.179	1439.000
17/09/1989	4.725	9.690	15.492	23.200	1301.000
18/09/1989	3.039	8.992	15.040	22.085	1250.000
19/09/1989	9.420	9.609	15.540	23.133	1367.000
20/09/1989	10.812	8.334	15.986	22.087	1484.000
21/09/1989	7.993	9.421	15.739	23.044	1469.000
22/09/1989	14.097	8.066	15.652	21.478	1522.000
23/09/1989	14.788	10.222	15.909	24.075	1567.000
24/09/1989	2.507	8.081	15.704	21.557	1502.000
25/09/1989	11.012	9.766	14.071	22.290	1507.000
26/09/1989	9.315	8.712	15.032	21.764	1500.000
27/09/1989	9.242	7.581	15.721	21.019	1748.000
28/09/1989	12.365	7.698	15.863	21.244	1671.000
29/09/1989	6.198	9.151	15.662	22.713	1625.000
30/09/1989	1.549	10.194	14.930	23.423	1581.000
01/10/1989	3.977	10.670	14.485	23.673	1469.000
02/10/1989	6.203	8.881	15.229	22.160	1489.000
03/10/1989	5.665	8.128	15.292	21.430	1640.000
04/10/1989	15.823	8.226	14.924	21.146	1623.000
05/10/1989	9.608	8.578	15.264	21.839	1708.000
06/10/1989	0.810	10.615	14.790	23.886	1493.000
07/10/1989	3.867	11.157	13.739	23.859	1404.000
08/10/1989	11.087	9.824	14.700	22.954	1324.000
09/10/1989	15.624	8.242	15.251	21.524	1229.000
10/10/1989	14.584	8.101	14.806	21.062	1167.000
11/10/1989	14.606	5.730	15.352	18.938	1534.000
12/10/1989	11.650	7.396	15.496	20.800	1741.000
13/10/1989	9.331	7.868	15.519	21.322	1738.000
14/10/1989	5.004	7.014	15.741	20.612	1600.000
15/10/1989	6.963	8.138	15.672	21.761	1715.000
16/10/1989	10.275	9.658	15.241	23.242	1828.000
17/10/1989	10.977	7.499	15.895	21.252	1678.000
18/10/1989	3.397	7.139	16.287	21.189	1723.000
19/10/1989	2.655	8.257	15.805	22.051	1590.000
20/10/1989	4.527	10.257	14.884	23.774	1749.000
21/10/1989	5.749	8.977	15.586	22.796	1472.000
22/10/1989	8.667	8.437	15.297	21.958	1458.000
23/10/1989	12.739	7.747	16.384	22.015	1520.000
24/10/1989	9.058	8.243	15.989	22.250	1445.000
25/10/1989	13.393	7.901	16.077	21.953	1445.000
26/10/1989	7.587	7.292	16.490	21.645	1411.000
27/10/1989	10.868	7.417	16.502	21.780	1438.000
28/10/1989	11.199	7.208	16.547	21.603	1288.000
29/10/1989	13.733	7.815	15.428	21.432	1540.000
30/10/1989	12.099	7.933	16.808	22.617	1349.000
31/10/1989	7.082	8.473	16.443	22.982	1741.000
01/11/1989	7.866	5.562	16.091	19.500	1650.000
02/11/1989	11.196	8.383	15.534	22.215	1790.000
03/11/1989	5.171	7.991	16.337	22.437	1696.000
04/11/1989	10.645	6.317	16.002	20.376	1730.000
05/11/1989	4.198	8.152	16.155	22.483	1523.000
06/11/1989	3.561	8.224	15.995	22.498	1489.000
07/11/1989	6.774	7.224	15.924	21.254	1282.000
08/11/1989	10.479	7.681	15.904	21.770	1424.000
09/11/1989	4.667	8.115	15.891	22.284	1544.000
10/11/1989	3.630	8.424	15.603	22.447	1568.000
11/11/1989	0.246	6.099	15.567	19.759	1327.000
12/11/1989	0.288	7.429	15.466	21.198	1080.000
13/11/1989	4.344	8.572	15.079	22.347	1034.000
14/11/1989	5.898	8.919	15.653	23.204	1065.000
15/11/1989	5.789	8.949	16.236	23.666	976.000
16/11/1989	6.792	9.418	15.767	23.958	948.000
17/11/1989	10.240	8.254	15.917	22.639	1158.000
18/11/1989	6.077	8.373	16.586	23.293	1201.000
19/11/1989	4.742	9.545	16.523	24.680	1329.000
20/11/1989	7.651	8.257	17.131	23.614	1016.000
21/11/1989	9.212	6.730	16.276	21.147	1130.000
22/11/1989	3.255	8.682	15.882	23.217	1235.000
23/11/1989	4.746	7.817	16.333	22.508	1145.000
24/11/1989	4.073	8.187	16.342	22.965	1142.000
25/11/1989	5.979	7.416	16.389	22.124	1229.000
26/11/1989	9.443	9.134	15.168	23.326	1096.000
27/11/1989	7.019	8.834	15.163	22.963	1009.000
28/11/1989	3.749	8.014	16.328	22.854	928.000
29/11/1989	9.498	8.160	15.605	22.474	985.000
30/11/1989	14.145	7.854	15.850	22.277	993.000
01/12/1989	15.623	6.797	16.812	21.762	1161.000
02/12/1989	9.835	5.789	16.264	20.219	1333.000
03/12/1989	7.487	8.389	15.677	22.813	1356.000
04/12/1989	10.297	6.652	16.317	21.203	1445.000
05/12/1989	9.630	7.323	15.930	21.715	1832.000
06/12/1989	5.552	8.744	15.971	23.521	1835.000
07/12/1989	0.267	9.038	15.491	23.600	1604.000
08/12/1989	1.404	9.651	15.285	24.236	1503.000
09/12/1989	2.369	8.984	15.718	23.708	1438.000
10/12/1989	5.331	7.087	16.796	22.145	1390.000
11/12/1989	2.496	6.937	16.756	21.989	1394.000
12/12/1989	2.836	8.337	16.217	23.221	1272.000
13/12/1989	3.720	8.893	15.587	23.483	1207.000
14/12/1989	1.301	8.156	16.548	23.280	1130.000
15/12/1989	0.550	9.737	14.941	24.127	1037.000
16/12/1989	0.368	8.301	15.264	22.513	1006.000
17/12/1989	0.052	9.785	14.838	24.135	966.000
18/12/1989	2.169	9.739	15.274	24.410	963.000
19/12/1989	0.196	9.972	14.557	24.196	895.000
20/12/1989	0.760	8.740	14.291	22.380	873.000
21/12/1989	0.395	7.806	14.544	21.357	845.000
22/12/1989	3.776	10.146	14.319	24.258	823.000
23/12/1989	4.924	8.211	15.252	22.390	765.000
24/12/1989	13.760	7.406	15.575	21.628	776.000
25/12/1989	9.054	7.092	15.898	21.454	784.000
26/12/1989	8.366	6.667	16.372	21.340	817.000
27/12/1989	7.347	7.276	15.727	21.587	839.000
28/12/1989	3.946	7.361	15.580	21.590	812.000
29/12/1989	4.566	8.634	15.102	22.736	798.000
30/12/1989	0.522	9.620	13.632	23.019	798.000
31/12/1989	6.522	8.460	14.734	22.280	820.000
01/01/1990	2.912	7.316	14.926	20.940	730.000
02/01/1990	2.981	9.007	14.640	22.858	778.000
03/01/1990	2.112	7.444	15.111	21.239	821.000
04/01/1990	7.653	6.727	14.894	20.216	767.000
05/01/1990	7.401	6.940	15.016	20.534	729.000
06/01/1990	4.557	7.558	15.036	21.256	740.000
07/01/1990	5.002	6.845	15.278	20.565	739.000
08/01/1990	7.858	5.718	15.866	19.736	753.000
09/01/1990	11.292	7.832	15.702	22.064	807.000
10/01/1990	8.704	7.252	15.545	21.234	785.000
11/01/1990	3.752	6.644	16.027	20.879	776.000
12/01/1990	11.830	7.142	15.624	21.141	822.000
13/01/1990	0.203	8.244	14.549	21.699	835.000
14/01/1990	3.021	8.744	14.689	22.442	842.000
15/01/1990	1.628	7.604	15.860	21.908	859.000
16/01/1990	0.442	9.379	15.228	23.577	830.000
17/01/1990	0.163	8.942	15.637	23.312	839.000
18/01/1990	2.889	8.422	15.829	22.774	792.000
19/01/1990	5.038	7.573	15.822	21.744	773.000
20/01/1990	1.596	9.582	15.331	23.822	781.000
21/01/1990	1.200	9.098	15.724	23.483	764.000
22/01/1990	10.162	8.045	15.639	22.090	780.000
23/01/1990	0.816	9.429	15.095	23.407	731.000
24/01/1990	1.503	10.281	14.883	24.309	739.000
25/01/1990	0.028	10.165	15.641	24.675	705.000
26/01/1990	5.101	6.750	16.118	20.907	713.000
27/01/1990	1.718	8.533	15.878	22.791	687.000
28/01/1990	1.715	10.348	15.067	24.411	682.000
29/01/1990	0.575	9.849	15.796	24.320	647.000
30/01/1990	1.681	8.428	15.737	22.528	635.000
31/01/1990	0.881	9.627	16.487	24.466	601.000
01/02/1990	1.001	9.894	16.262	24.630	592.000
02/02/1990	7.021	8.305	16.768	23.100	579.000
03/02/1990	9.975	8.131	16.598	22.731	563.000
04/02/1990	8.191	8.168	16.485	22.671	695.000
05/02/1990	31.130	6.330	16.578	20.697	791.000
06/02/1990	14.967	7.792	16.188	21.949	948.000
07/02/1990	1.835	9.015	16.078	23.269	835.000
08/02/1990	3.673	8.723	16.489	23.257	818.000
09/02/1990	11.805	8.453	15.909	22.465	789.000
10/02/1990	1.922	9.080	15.870	23.147	856.000
11/02/1990	1.053	8.599	16.477	23.037	877.000
12/02/1990	5.782	7.883	16.595	22.285	779.000
13/02/1990	0.831	8.413	16.181	22.578	779.000
14/02/1990	5.481	8.466	15.919	22.429	777.000
15/02/1990	4.317	7.562	16.742	22.022	724.000
16/02/1990	3.745	9.341	16.423	23.735	704.000
17/02/1990	7.124	8.965	15.648	22.730	722.000
18/02/1990	3.147	7.343	15.917	21.066	688.000
19/02/1990	0.085	8.082	14.891	21.078	713.000
20/02/1990	2.259	8.881	15.398	22.379	753.000
21/02/1990	2.894	9.651	15.171	23.097	811.000
22/02/1990	2.836	8.615	15.740	22.316	847.000
23/02/1990	5.868	9.336	14.878	22.460	862.000
24/02/1990	8.681	8.111	16.237	22.075	876.000
25/02/1990	1.412	8.612	15.216	21.836	856.000
26/02/1990	0.124	8.183	15.154	21.293	820.000
27/02/1990	0.000	8.813	15.312	22.107	817.000
28/02/1990	1.367	7.486	15.608	20.850	879.000
01/03/1990	0.647	9.164	14.771	22.062	821.000
02/03/1990	0.420	8.609	15.501	21.977	814.000
03/03/1990	0.586	8.062	15.067	21.043	816.000
04/03/1990	2.165	8.744	15.191	21.892	850.000
05/03/1990	3.421	8.802	15.581	22.215	864.000
06/03/1990	0.203	9.810	15.746	23.496	906.000
07/03/1990	2.353	9.378	16.363	23.436	898.000
08/03/1990	0.669	9.891	16.205	23.898	902.000
09/03/1990	1.562	10.600	16.167	24.637	869.000
10/03/1990	2.962	10.628	17.122	25.331	831.000
11/03/1990	5.093	9.031	16.373	23.009	798.000
12/03/1990	0.000	11.503	16.925	26.156	760.000
13/03/1990	2.207	11.640	16.514	26.019	740.000
14/03/1990	3.913	9.349	16.709	23.552	702.000
15/03/1990	7.942	9.051	16.303	22.947	668.000
16/03/1990	2.512	9.940	16.844	24.323	661.000
17/03/1990	10.242	9.933	16.430	24.026	656.000
18/03/1990	10.885	6.197	16.842	20.399	714.000
19/03/1990	3.375	10.199	15.569	23.687	857.000
20/03/1990	3.290	8.595	17.040	22.982	743.000
21/03/1990	17.626	6.908	16.742	21.058	847.000
22/03/1990	0.574	10.437	15.817	24.120	808.000
23/03/1990	8.838	8.538	16.504	22.526	771.000
24/03/1990	4.403	8.078	16.706	22.191	821.000
25/03/1990	16.991	8.137	16.215	21.855	874.000
26/03/1990	19.125	6.569	16.160	20.197	864.000
27/03/1990	6.599	10.512	15.105	23.669	978.000
28/03/1990	2.285	10.246	16.083	24.063	994.000
29/03/1990	0.597	10.846	16.172	24.804	955.000
30/03/1990	6.296	10.138	16.713	24.429	878.000
31/03/1990	3.178	9.151	16.584	23.205	829.000
01/04/1990	3.710	6.407	16.293	20.134	792.000
02/04/1990	5.370	9.587	15.834	23.178	836.000
03/04/1990	6.789	8.462	16.647	22.524	797.000
04/04/1990	7.401	7.237	16.181	20.877	799.000
05/04/1990	6.340	9.437	15.270	22.596	892.000
06/04/1990	3.033	9.021	15.664	22.387	1012.000
07/04/1990	5.688	10.752	15.965	24.562	990.000
08/04/1990	1.810	10.954	15.606	24.534	953.000
09/04/1990	0.451	11.297	15.919	25.188	861.000
10/04/1990	0.887	10.059	16.136	23.942	809.000
11/04/1990	2.462	9.219	16.788	23.511	864.000
12/04/1990	5.761	8.978	16.713	23.176	875.000
13/04/1990	6.767	9.112	17.085	23.624	839.000
14/04/1990	11.597	8.849	16.355	22.797	806.000
15/04/1990	14.060	9.835	16.206	23.798	832.000
16/04/1990	13.994	7.447	16.592	21.476	963.000
17/04/1990	3.247	8.490	16.610	22.635	1042.000
18/04/1990	3.039	8.826	16.117	22.597	999.000
19/04/1990	6.154	9.501	16.694	23.802	932.000
20/04/1990	7.930	7.497	16.994	21.919	932.000
21/04/1990	16.032	8.014	16.792	22.252	987.000
22/04/1990	8.539	8.626	16.363	22.576	1219.000
23/04/1990	12.211	8.894	16.530	23.028	1085.000
24/04/1990	11.724	7.784	16.622	21.910	1109.000
25/04/1990	8.808	7.096	15.684	20.452	1128.000
26/04/1990	10.719	7.506	16.217	21.315	1150.000
27/04/1990	8.541	8.724	16.238	22.674	1260.000
28/04/1990	17.316	7.021	16.439	20.985	1375.000
29/04/1990	10.370	8.117	15.657	21.592	1464.000
30/04/1990	7.210	7.640	15.714	21.091	1459.000
01/05/1990	15.449	7.306	15.832	20.804	1532.000
02/05/1990	3.143	9.027	15.376	22.438	1623.000
03/05/1990	5.808	8.197	15.754	21.750	1576.000
04/05/1990	8.993	7.858	15.739	21.380	1477.000
05/05/1990	7.385	8.147	16.599	22.372	1492.000
06/05/1990	11.852	8.756	15.944	22.554	1523.000
07/05/1990	2.128	9.299	16.909	23.968	1591.000
08/05/1990	11.080	8.972	16.196	23.017	1478.000
09/05/1990	4.038	9.509	16.154	23.678	1443.000
10/05/1990	2.668	9.339	16.365	23.648	1497.000
11/05/1990	6.676	9.816	16.327	24.147	1472.000
12/05/1990	4.823	7.284	16.796	21.729	1547.000
13/05/1990	8.154	8.727	16.058	22.719	1751.000
14/05/1990	6.642	8.254	16.536	22.561	1617.000
15/05/1990	1.915	9.374	15.998	23.439	1682.000
16/05/1990	3.324	10.150	16.352	24.640	1566.000
17/05/1990	4.892	9.218	16.130	23.376	1827.000
18/05/1990	2.186	9.202	16.337	23.554	1752.000
19/05/1990	0.865	9.237	16.992	24.066	1458.000
20/05/1990	3.325	9.460	16.896	24.269	1440.000
21/05/1990	6.959	9.100	16.491	23.575	1390.000
22/05/1990	8.940	9.009	16.413	23.425	1344.000
23/05/1990	3.649	9.098	16.100	23.316	1234.000
24/05/1990	4.897	9.175	15.711	23.138	1375.000
25/05/1990	4.565	8.984	16.549	23.549	1551.000
26/05/1990	2.735	9.709	15.763	23.794	1445.000
27/05/1990	8.444	8.096	15.841	22.048	1645.000
28/05/1990	8.508	9.097	15.395	22.876	1402.000
29/05/1990	16.978	7.972	15.570	21.679	1471.000
30/05/1990	3.293	9.537	15.629	23.546	1657.000
31/05/1990	6.683	8.891	15.277	22.592	1382.000
01/06/1990	2.909	8.283	15.890	22.358	1328.000
02/06/1990	1.283	10.258	14.264	23.490	1246.000
03/06/1990	0.466	9.348	15.771	23.471	1182.000
04/06/1990	2.938	7.724	15.966	21.735	1066.000
05/06/1990	5.991	8.497	15.736	22.491	1237.000
06/06/1990	0.990	10.001	16.373	24.737	1108.000
07/06/1990	1.227	10.566	15.365	24.682	994.000
08/06/1990	7.392	9.489	15.655	23.613	942.000
09/06/1990	11.221	7.827	16.160	22.014	976.000
10/06/1990	14.298	7.251	15.673	20.991	1064.000
11/06/1990	13.169	7.926	15.916	21.958	1140.000
12/06/1990	3.785	9.214	15.716	23.330	1157.000
13/06/1990	4.074	9.228	15.401	23.137	1066.000
14/06/1990	9.946	9.113	15.828	23.300	1253.000
15/06/1990	7.907	7.721	15.379	21.357	1105.000
16/06/1990	10.972	6.677	15.743	20.412	1348.000
17/06/1990	1.822	8.138	15.406	21.830	1265.000
18/06/1990	0.167	9.146	14.810	22.636	1111.000
19/06/1990	0.386	8.934	15.473	22.878	1035.000
20/06/1990	1.323	10.592	15.865	25.148	1239.000
21/06/1990	0.316	9.671	16.219	24.270	1026.000
22/06/1990	1.348	8.750	16.237	23.229	913.000
23/06/1990	3.504	8.354	16.047	22.601	1073.000
24/06/1990	8.632	8.041	16.216	22.353	1450.000
25/06/1990	9.066	9.080	15.321	22.962	1092.000
26/06/1990	3.509	9.377	15.076	23.134	1137.000
27/06/1990	6.010	7.768	16.036	21.894	965.000
28/06/1990	0.871	9.627	15.797	23.919	1364.000
29/06/1990	0.848	10.365	15.731	24.773	966.000
30/06/1990	1.967	7.686	15.855	21.697	967.000
01/07/1990	2.257	9.164	15.333	23.057	1004.000
02/07/1990	6.616	10.046	14.769	23.688	911.000
03/07/1990	4.123	9.117	16.043	23.496	900.000
04/07/1990	3.076	8.633	15.589	22.585	878.000
05/07/1990	11.102	7.839	16.003	21.936	1080.000
06/07/1990	5.331	8.838	15.674	22.879	891.000
07/07/1990	2.754	9.630	15.538	23.706	958.000
08/07/1990	4.983	9.219	15.332	23.091	898.000
09/07/1990	11.079	9.678	14.444	23.016	920.000
10/07/1990	9.977	7.574	15.714	21.423	947.000
11/07/1990	0.681	8.971	15.819	23.074	926.000
12/07/1990	9.104	9.755	15.269	23.607	905.000
13/07/1990	3.210	8.725	15.054	22.238	902.000
14/07/1990	7.847	8.015	15.890	22.066	938.000
15/07/1990	4.853	8.824	15.659	22.813	1121.000
16/07/1990	4.111	8.481	15.543	22.286	1231.000
17/07/1990	7.190	8.358	15.731	22.283	1338.000
18/07/1990	11.026	8.726	15.263	22.384	1192.000
19/07/1990	7.827	8.918	14.963	22.373	1281.000
20/07/1990	1.659	10.626	14.100	23.809	1234.000
21/07/1990	5.117	9.883	14.600	23.241	1076.000
22/07/1990	6.220	10.322	14.504	23.702	1079.000
23/07/1990	4.066	8.752	14.966	22.158	1288.000
24/07/1990	2.894	10.509	14.522	23.955	1324.000
25/07/1990	2.013	11.171	14.883	25.008	1076.000
26/07/1990	2.566	9.988	15.094	23.773	1188.000
27/07/1990	4.875	10.877	14.702	24.484	955.000
28/07/1990	0.992	10.725	15.283	24.627	1157.000
29/07/1990	1.687	10.205	16.158	24.649	1085.000
30/07/1990	7.730	9.856	14.901	23.267	962.000
31/07/1990	0.102	10.995	15.178	24.821	1063.000
01/08/1990	0.010	10.643	14.334	23.864	875.000
02/08/1990	1.580	9.888	15.392	23.683	900.000
03/08/1990	5.028	9.474	15.621	23.326	853.000
04/08/1990	3.381	9.402	14.950	22.716	1095.000
05/08/1990	1.197	10.282	15.529	24.231	880.000
06/08/1990	0.678	11.026	14.931	24.666	769.000
07/08/1990	3.631	10.353	15.668	24.369	807.000
08/08/1990	4.049	10.269	15.700	24.286	1105.000
09/08/1990	2.530	10.096	15.750	24.117	908.000
10/08/1990	5.795	8.581	15.779	22.306	973.000
11/08/1990	4.561	10.490	15.117	24.058	1233.000
12/08/1990	0.117	9.761	14.949	23.080	922.000
13/08/1990	4.507	8.727	16.154	22.776	1156.000
14/08/1990	6.741	8.864	15.389	22.324	1461.000
15/08/1990	5.259	9.680	14.722	22.816	1057.000
16/08/1990	0.839	9.535	16.510	23.884	1060.000
17/08/1990	1.812	11.180	15.253	24.916	1131.000
18/08/1990	8.281	9.670	15.958	23.644	964.000
19/08/1990	1.262	9.880	16.256	24.116	950.000
20/08/1990	2.839	10.053	15.612	23.796	867.000
21/08/1990	2.076	10.304	16.110	24.426	808.000
22/08/1990	1.071	9.653	15.806	23.463	712.000
23/08/1990	1.696	9.878	15.735	23.685	709.000
24/08/1990	2.667	11.130	14.786	24.475	681.000
25/08/1990	1.961	10.396	15.075	23.811	705.000
26/08/1990	11.627	9.318	15.295	22.671	624.000
27/08/1990	13.819	9.881	15.261	23.317	707.000
28/08/1990	10.493	6.595	16.301	20.474	793.000
29/08/1990	5.665	7.891	15.679	21.317	845.000
30/08/1990	5.091	9.715	15.431	23.206	980.000
31/08/1990	5.878	9.782	15.260	23.164	950.000
01/09/1990	6.691	10.171	15.297	23.636	999.000
02/09/1990	6.066	9.662	15.529	23.210	905.000
03/09/1990	6.055	8.883	15.890	22.596	1086.000
04/09/1990	1.297	11.155	15.186	24.663	1004.000
05/09/1990	0.810	10.230	16.210	24.332	838.000
06/09/1990	4.139	9.670	16.104	23.631	841.000
07/09/1990	4.932	9.707	15.608	23.287	807.000
08/09/1990	6.438	10.266	15.473	23.852	860.000
09/09/1990	5.557	9.097	15.479	22.532	944.000
10/09/1990	3.361	9.804	15.466	23.289	1001.000
11/09/1990	5.963	9.275	15.779	22.943	811.000
12/09/1990	9.710	9.414	15.835	23.100	847.000
13/09/1990	5.749	10.149	15.377	23.629	800.000
14/09/1990	3.463	8.390	16.178	22.231	1004.000
15/09/1990	3.051	9.974	15.589	23.525	1021.000
16/09/1990	1.328	11.316	14.354	24.288	877.000
17/09/1990	0.453	11.408	14.959	24.806	799.000
18/09/1990	3.594	10.640	15.316	24.149	925.000
19/09/1990	6.797	9.309	15.349	22.652	761.000
20/09/1990	9.041	8.895	15.525	22.316	842.000
21/09/1990	2.348	9.839	15.428	23.294	963.000
22/09/1990	12.589	9.155	15.200	22.352	929.000
23/09/1990	13.207	9.569	15.814	23.282	1041.000
24/09/1990	5.842	10.254	15.377	23.774	1028.000
25/09/1990	4.508	9.649	15.207	22.961	994.000
26/09/1990	7.389	8.747	15.404	22.087	861.000
27/09/1990	11.058	8.236	15.777	21.807	834.000
28/09/1990	8.963	8.289	15.567	21.701	985.000
29/09/1990	3.260	9.643	15.401	23.140	938.000
30/09/1990	4.716	9.381	14.405	22.111	839.000
01/10/1990	5.781	7.078	15.917	20.669	1058.000
02/10/1990	9.719	8.134	15.320	21.365	1094.000
03/10/1990	11.178	9.748	15.274	23.198	1253.000
04/10/1990	6.751	9.112	16.182	23.130	1273.000
05/10/1990	19.284	6.075	16.171	19.845	1255.000
06/10/1990	1.714	8.729	15.607	22.284	1282.000
07/10/1990	16.273	7.017	16.326	20.984	1291.000
08/10/1990	10.416	7.495	16.113	21.330	1293.000
09/10/1990	6.568	8.918	15.687	22.612	1290.000
10/10/1990	22.585	8.248	15.862	21.993	1262.000
11/10/1990	3.527	8.029	15.788	21.667	1302.000
12/10/1990	24.408	7.429	15.985	21.200	1313.000
13/10/1990	5.987	7.917	16.419	22.066	1649.000
14/10/1990	6.622	9.805	15.810	23.789	1596.000
15/10/1990	12.749	8.786	15.821	22.669	1661.000
16/10/1990	5.428	9.605	15.052	23.056	1713.000
17/10/1990	9.141	9.018	16.030	23.117	1634.000
18/10/1990	2.420	9.372	16.008	23.493	1569.000
19/10/1990	17.202	8.781	16.337	23.051	1495.000
20/10/1990	17.364	7.045	15.838	20.741	1291.000
21/10/1990	8.052	8.502	15.814	22.366	1691.000
22/10/1990	18.955	5.966	15.831	19.609	1729.000
23/10/1990	4.120	6.830	15.650	20.389	1816.000
24/10/1990	13.950	7.781	15.348	21.260	1527.000
25/10/1990	7.260	8.598	15.466	22.279	1656.000
26/10/1990	6.686	7.959	15.535	21.612	1765.000
27/10/1990	7.550	9.378	15.668	23.411	1781.000
28/10/1990	10.496	8.329	15.093	21.806	1703.000
29/10/1990	12.345	7.513	15.726	21.315	1629.000
30/10/1990	4.360	7.910	15.208	21.361	1608.000
31/10/1990	9.538	7.821	15.610	21.586	1564.000
01/11/1990	4.775	7.346	15.583	21.058	1467.000
02/11/1990	12.656	7.670	15.788	21.587	1453.000
03/11/1990	14.308	7.621	16.468	22.062	1568.000
04/11/1990	11.868	7.289	15.455	20.903	1647.000
05/11/1990	9.812	8.119	15.727	22.125	1823.000
06/11/1990	0.760	8.657	15.562	22.657	1722.000
07/11/1990	3.544	9.577	15.364	23.674	2067.000
08/11/1990	1.647	8.944	16.050	23.417	1740.000
09/11/1990	7.974	8.850	16.110	23.342	1577.000
10/11/1990	11.560	6.748	16.067	20.883	1539.000
11/11/1990	4.029	8.106	15.458	22.027	1453.000
12/11/1990	6.972	7.102	15.415	20.839	1301.000
13/11/1990	2.428	8.766	15.797	23.113	1408.000
14/11/1990	1.240	9.193	15.619	23.543	1160.000
15/11/1990	2.366	6.885	15.847	20.951	1318.000
16/11/1990	1.887	8.115	15.440	22.102	1322.000
17/11/1990	6.832	7.567	16.062	21.921	1147.000
18/11/1990	8.805	5.726	15.809	19.624	1133.000
19/11/1990	6.709	8.558	15.492	22.691	1258.000
20/11/1990	21.813	7.128	16.678	21.919	1272.000
21/11/1990	3.810	5.781	16.162	19.974	1245.000
22/11/1990	7.203	7.833	15.313	21.722	1208.000
23/11/1990	19.560	8.592	14.246	21.920	1455.000
24/11/1990	5.983	6.601	16.142	20.931	1236.000
25/11/1990	5.580	9.531	15.064	23.696	1295.000
26/11/1990	6.876	8.060	16.498	22.934	1256.000
27/11/1990	5.679	9.360	14.528	23.154	1275.000
28/11/1990	4.978	7.495	16.183	22.083	1231.000
29/11/1990	3.776	7.867	15.449	21.980	1249.000
30/11/1990	3.972	8.315	15.816	22.822	1345.000
01/12/1990	1.297	8.606	15.731	23.145	1167.000
02/12/1990	7.991	7.979	16.798	23.158	1094.000
03/12/1990	21.693	7.426	15.691	21.635	1145.000
04/12/1990	4.853	5.987	16.141	20.317	1230.000
05/12/1990	32.208	5.768	15.756	19.730	1233.000
06/12/1990	4.336	6.262	15.513	20.122	1564.000
07/12/1990	6.857	9.117	13.424	22.177	1662.000
08/12/1990	10.470	6.539	15.190	20.228	1791.000
09/12/1990	0.267	8.823	13.719	22.046	1756.000
10/12/1990	1.146	6.893	15.219	20.682	1874.000
11/12/1990	1.140	6.310	15.363	20.140	1597.000
12/12/1990	0.116	9.277	14.518	23.192	1394.000
13/12/1990	0.000	9.603	14.882	23.895	1220.000
14/12/1990	0.621	8.090	16.178	22.948	1108.000
15/12/1990	0.057	10.510	14.390	24.745	1038.000
16/12/1990	0.323	9.064	16.030	24.048	1163.000
17/12/1990	3.690	8.940	16.035	23.872	1205.000
18/12/1990	1.052	9.108	15.301	23.566	905.000
19/12/1990	3.982	7.489	16.180	22.185	850.000
20/12/1990	2.699	9.006	16.266	24.134	798.000
21/12/1990	2.043	8.900	15.799	23.709	806.000
22/12/1990	17.844	8.427	15.315	22.717	797.000
23/12/1990	1.896	8.777	15.349	23.207	813.000
24/12/1990	2.009	6.975	15.936	21.342	762.000
25/12/1990	0.405	7.710	15.488	21.934	726.000
26/12/1990	2.147	7.376	15.793	21.724	877.000
27/12/1990	15.221	7.507	15.988	22.032	864.000
28/12/1990	8.776	7.683	15.185	21.620	1024.000
29/12/1990	4.315	8.322	15.388	22.586	1052.000
30/12/1990	3.492	7.207	15.192	21.072	873.000
31/12/1990	1.450	8.399	15.430	22.707	813.000
01/01/1991	3.456	7.840	15.775	22.225	816.000
02/01/1991	4.737	8.286	15.891	22.857	904.000
03/01/1991	1.223	8.150	16.231	22.935	898.000
04/01/1991	1.636	7.603	16.645	22.580	890.000
05/01/1991	0.396	8.282	16.668	23.438	881.000
06/01/1991	1.118	8.658	15.671	23.137	855.000
07/01/1991	1.956	8.402	15.686	22.817	815.000
08/01/1991	1.038	8.745	16.007	23.469	802.000
09/01/1991	0.310	9.215	15.960	24.024	785.000
10/01/1991	1.824	9.496	15.582	24.099	778.000
11/01/1991	6.869	7.359	16.914	22.432	760.000
12/01/1991	7.228	7.377	16.679	22.250	788.000
13/01/1991	7.135	8.121	15.823	22.505	817.000
14/01/1991	4.750	8.159	15.940	22.595	822.000
15/01/1991	3.067	7.541	15.894	21.801	841.000
16/01/1991	5.371	8.567	15.582	22.800	897.000
17/01/1991	4.205	8.688	15.950	23.225	885.000
18/01/1991	1.507	8.520	16.686	23.544	739.000
19/01/1991	4.425	8.708	16.116	23.331	722.000
20/01/1991	0.975	8.312	15.559	22.408	720.000
21/01/1991	1.568	9.069	15.649	23.408	730.000
22/01/1991	0.277	9.740	15.195	23.875	719.000
23/01/1991	0.000	11.185	13.296	24.419	706.000
24/01/1991	0.001	10.534	15.064	24.770	700.000
25/01/1991	0.942	10.628	15.160	24.950	693.000
26/01/1991	0.201	10.835	14.858	24.962	688.000
27/01/1991	0.127	9.246	15.607	23.488	669.000
28/01/1991	0.226	10.464	15.141	24.626	655.000
29/01/1991	0.961	10.811	15.025	24.972	643.000
30/01/1991	1.842	10.384	15.037	24.435	638.000
31/01/1991	1.014	8.936	15.902	23.246	633.000
01/02/1991	0.101	10.201	15.357	24.361	621.000
02/02/1991	1.093	9.281	15.824	23.543	605.000
03/02/1991	11.546	6.611	15.884	20.445	591.000
04/02/1991	0.385	8.639	15.192	22.233	598.000
05/02/1991	0.727	9.281	15.426	23.166	666.000
06/02/1991	0.054	9.510	15.787	23.682	639.000
07/02/1991	0.252	9.467	15.923	23.728	624.000
08/02/1991	0.026	8.348	15.992	22.447	627.000
09/02/1991	0.347	9.696	15.667	23.783	622.000
10/02/1991	0.000	10.532	15.706	24.785	603.000
11/02/1991	4.613	9.015	16.049	23.281	610.000
12/02/1991	11.530	8.512	16.634	23.098	616.000
13/02/1991	3.128	8.355	16.730	22.945	630.000
14/02/1991	2.229	8.573	16.762	23.221	617.000
15/02/1991	0.649	8.968	16.256	23.239	613.000
16/02/1991	11.435	8.163	16.372	22.412	622.000
17/02/1991	1.175	9.869	16.035	24.069	631.000
18/02/1991	4.134	9.581	16.210	23.831	641.000
19/02/1991	4.371	8.437	16.714	22.906	593.000
20/02/1991	1.868	7.934	16.581	22.214	587.000
21/02/1991	0.007	8.225	16.718	22.653	586.000
22/02/1991	0.000	10.105	15.750	24.021	580.000
23/02/1991	2.045	10.019	16.644	24.546	613.000
24/02/1991	0.000	9.869	17.076	24.672	594.000
25/02/1991	3.819	10.949	16.604	25.558	601.000
26/02/1991	4.409	8.080	17.556	23.082	616.000
27/02/1991	1.163	9.859	16.112	23.949	599.000
28/02/1991	5.498	9.335	16.986	23.991	564.000
01/03/1991	10.722	8.442	16.323	22.502	546.000
02/03/1991	6.968	7.094	16.400	21.053	537.000
03/03/1991	6.589	9.721	16.180	23.773	556.000
04/03/1991	7.516	8.859	16.723	23.157	658.000
05/03/1991	8.689	8.864	16.546	23.037	705.000
06/03/1991	4.046	9.540	16.550	23.760	684.000
07/03/1991	14.634	8.036	16.814	22.335	680.000
08/03/1991	2.355	10.108	16.317	24.211	655.000
09/03/1991	2.133	8.550	16.899	22.890	692.000
10/03/1991	11.338	7.781	16.045	21.413	739.000
11/03/1991	2.623	8.880	16.781	23.146	812.000
12/03/1991	10.264	8.658	16.702	22.845	825.000
13/03/1991	7.795	9.948	16.730	24.269	797.000
14/03/1991	11.236	8.306	17.048	22.772	817.000
15/03/1991	3.383	10.407	15.475	23.866	825.000
16/03/1991	4.231	9.808	16.561	24.052	875.000
17/03/1991	1.795	9.711	16.755	24.023	850.000
18/03/1991	0.411	10.252	16.653	24.525	807.000
19/03/1991	0.008	11.651	14.943	24.943	734.000
20/03/1991	0.000	11.340	16.009	25.301	687.000
21/03/1991	0.191	11.790	15.218	25.259	636.000
22/03/1991	1.032	9.736	16.553	23.892	600.000
23/03/1991	3.839	10.297	15.692	23.881	587.000
24/03/1991	18.733	8.673	16.154	22.478	612.000
25/03/1991	6.949	8.954	16.670	23.058	644.000
26/03/1991	20.789	7.146	16.711	21.177	744.000
27/03/1991	8.276	8.343	16.260	22.090	905.000
28/03/1991	5.643	7.517	15.876	20.888	1099.000
29/03/1991	0.414	10.720	15.021	23.831	1060.000
30/03/1991	1.921	10.229	15.616	23.681	1034.000
31/03/1991	4.651	8.720	15.953	22.249	1022.000
01/04/1991	0.631	9.446	14.868	22.289	1018.000
02/04/1991	0.152	10.014	15.830	23.593	1007.000
03/04/1991	0.703	10.504	15.438	23.855	996.000
04/04/1991	4.794	9.434	16.400	23.448	945.000
05/04/1991	5.189	10.503	16.030	24.312	883.000
06/04/1991	3.967	9.730	15.889	23.339	872.000
07/04/1991	8.131	10.386	16.163	24.283	876.000
08/04/1991	16.942	7.471	16.820	21.645	838.000
09/04/1991	10.160	8.409	16.293	22.191	811.000
10/04/1991	4.534	8.199	16.468	22.144	865.000
11/04/1991	8.469	9.543	16.567	23.644	934.000
12/04/1991	17.895	8.839	16.030	22.515	961.000
13/04/1991	3.288	6.541	16.315	20.310	969.000
14/04/1991	4.321	9.407	15.830	22.996	1028.000
15/04/1991	7.218	8.903	16.175	22.689	1074.000
16/04/1991	6.967	10.431	15.788	24.124	1080.000
17/04/1991	7.707	8.069	16.715	22.234	1126.000
18/04/1991	4.497	10.227	15.221	23.584	1052.000
19/04/1991	3.448	9.646	16.146	23.541	991.000
20/04/1991	3.475	8.425	17.078	22.913	1021.000
21/04/1991	9.784	9.764	16.343	23.816	1196.000
22/04/1991	5.189	9.999	16.009	23.849	1088.000
23/04/1991	2.339	9.193	16.710	23.490	1018.000
24/04/1991	1.271	9.788	16.767	24.280	1098.000
25/04/1991	1.034	9.573	16.865	24.048	962.000
26/04/1991	6.439	9.143	15.712	22.813	893.000
27/04/1991	8.949	8.166	16.521	22.303	880.000
28/04/1991	10.627	8.577	16.628	22.847	894.000
29/04/1991	7.022	9.452	16.899	23.982	946.000
30/04/1991	6.052	9.251	15.902	23.025	906.000
01/05/1991	8.506	9.386	16.751	23.847	879.000
02/05/1991	5.685	8.515	17.123	23.156	1083.000
03/05/1991	17.656	8.328	16.034	22.181	1013.000
04/05/1991	4.195	8.386	16.573	22.621	1039.000
05/05/1991	2.550	8.207	16.699	22.527	1065.000
06/05/1991	1.151	9.896	16.653	24.410	1131.000
07/05/1991	5.234	8.190	16.453	22.330	1108.000
08/05/1991	0.397	10.152	16.470	24.624	1029.000
09/05/1991	10.204	9.071	16.849	23.675	1000.000
10/05/1991	7.119	9.081	16.685	23.537	1141.000
11/05/1991	6.480	9.741	16.217	23.963	1028.000
12/05/1991	7.459	9.178	16.033	23.250	1212.000
13/05/1991	11.343	9.905	16.433	24.344	1134.000
14/05/1991	1.583	8.041	17.290	22.921	1211.000
15/05/1991	7.800	8.702	16.875	23.326	1176.000
16/05/1991	22.694	7.234	17.101	21.925	1419.000
17/05/1991	15.414	5.791	16.838	20.259	1422.000
18/05/1991	5.118	7.691	16.167	21.705	1416.000
19/05/1991	10.388	7.422	16.470	21.651	1537.000
20/05/1991	9.763	7.637	16.345	21.813	1594.000
21/05/1991	12.334	7.685	16.266	21.801	1621.000
22/05/1991	9.919	7.090	16.172	21.042	1680.000
23/05/1991	2.355	8.329	15.848	22.200	1707.000
24/05/1991	12.146	6.038	15.973	19.830	1664.000
25/05/1991	2.502	10.678	15.332	24.699	1628.000
26/05/1991	3.395	10.165	15.438	24.147	1607.000
27/05/1991	6.055	9.404	16.717	24.160	1656.000
28/05/1991	5.004	9.542	15.503	23.431	1434.000
29/05/1991	10.456	9.001	16.464	23.546	1384.000
30/05/1991	6.825	7.533	16.529	21.932	1352.000
31/05/1991	2.600	7.725	16.114	21.829	1328.000
01/06/1991	5.586	8.453	16.336	22.844	1337.000
02/06/1991	2.418	8.777	16.375	23.264	1321.000
03/06/1991	6.556	8.892	16.732	23.658	1322.000
04/06/1991	7.227	9.299	16.542	23.993	1292.000
05/06/1991	10.855	8.126	16.559	22.676	1313.000
06/06/1991	7.024	7.580	15.851	21.481	1295.000
07/06/1991	2.310	9.181	15.816	23.326	1320.000
08/06/1991	0.499	8.284	16.215	22.562	1266.000
09/06/1991	1.116	9.881	15.956	24.417	1180.000
10/06/1991	0.660	9.334	16.542	24.074	1115.000
11/06/1991	4.306	11.181	16.193	26.095	1149.000
12/06/1991	0.083	10.784	15.579	25.146	1048.000
13/06/1991	3.590	8.794	16.607	23.525	980.000
14/06/1991	11.259	7.468	16.664	22.115	1107.000
15/06/1991	3.184	6.969	16.190	21.101	1041.000
16/06/1991	5.562	7.073	16.373	21.369	1168.000
17/06/1991	9.047	7.729	16.250	22.066	1126.000
18/06/1991	10.055	9.113	16.382	23.723	1233.000
19/06/1991	2.781	7.242	16.204	21.438	1245.000
20/06/1991	5.229	9.095	15.901	23.345	1232.000
21/06/1991	7.251	8.120	16.486	22.619	1207.000
22/06/1991	8.886	8.277	16.099	22.545	1227.000
23/06/1991	5.240	8.823	16.070	23.187	1178.000
24/06/1991	7.345	8.935	15.782	23.088	1157.000
25/06/1991	7.849	8.817	15.927	23.060	1152.000
26/06/1991	8.450	9.324	15.088	23.087	1197.000
27/06/1991	7.265	7.768	15.481	21.514	1168.000
28/06/1991	7.595	8.626	15.445	22.484	1217.000
29/06/1991	3.622	7.958	15.791	21.912	1335.000
30/06/1991	2.633	8.955	15.225	22.664	1276.000
01/07/1991	4.804	8.084	16.196	22.375	1267.000
02/07/1991	2.654	9.886	15.653	24.134	1211.000
03/07/1991	3.119	9.317	15.687	23.436	1151.000
04/07/1991	12.680	7.314	16.130	21.451	1211.000
05/07/1991	8.869	7.815	16.253	22.069	1251.000
06/07/1991	5.998	9.188	14.628	22.533	1216.000
07/07/1991	5.359	8.056	15.329	21.689	1272.000
08/07/1991	3.877	9.061	15.596	23.045	1278.000
09/07/1991	5.549	8.938	15.628	22.935	1266.000
10/07/1991	3.709	9.456	15.880	23.689	1178.000
11/07/1991	4.761	8.227	15.392	21.867	1139.000
12/07/1991	4.685	9.077	15.661	23.118	956.000
13/07/1991	4.416	8.927	14.845	22.335	887.000
14/07/1991	1.753	10.364	15.230	24.270	929.000
15/07/1991	0.445	10.323	15.793	24.626	906.000
16/07/1991	0.933	9.686	16.177	24.148	1146.000
17/07/1991	0.661	10.171	14.907	23.815	1105.000
18/07/1991	6.344	10.045	15.653	24.209	1151.000
19/07/1991	0.371	10.449	15.928	24.840	1045.000
20/07/1991	2.894	7.895	15.739	21.706	972.000
21/07/1991	0.446	8.770	15.107	22.245	1096.000
22/07/1991	1.575	9.462	15.125	23.090	1008.000
23/07/1991	0.561	10.083	14.504	23.366	928.000
24/07/1991	0.864	8.649	15.317	22.211	894.000
25/07/1991	3.960	10.120	15.628	24.188	795.000
26/07/1991	3.157	8.832	15.915	22.864	784.000
27/07/1991	0.684	7.917	16.095	21.967	782.000
28/07/1991	1.627	8.762	15.238	22.285	804.000
29/07/1991	9.936	9.706	14.880	23.128	780.000
30/07/1991	12.189	8.090	15.316	21.575	801.000
31/07/1991	21.254	7.128	15.844	20.834	915.000
01/08/1991	22.378	7.398	15.373	20.774	1024.000
02/08/1991	2.494	10.569	14.438	23.768	1049.000
03/08/1991	2.086	10.387	14.981	23.939	930.000
04/08/1991	0.233	10.575	14.898	24.114	973.000
05/08/1991	2.346	8.609	15.425	22.155	1188.000
06/08/1991	3.334	10.248	15.281	23.936	1113.000
07/08/1991	3.121	9.865	15.390	23.558	1044.000
08/08/1991	13.826	8.424	15.878	22.288	994.000
09/08/1991	3.163	8.262	15.448	21.729	1067.000
10/08/1991	5.311	10.030	15.216	23.571	1124.000
11/08/1991	0.079	10.787	15.465	24.628	1185.000
12/08/1991	2.424	10.326	14.893	23.714	1072.000
13/08/1991	0.794	10.612	14.908	24.008	976.000
14/08/1991	1.200	10.974	15.609	24.893	971.000
15/08/1991	0.000	11.217	15.076	24.797	903.000
16/08/1991	0.051	9.790	15.895	23.739	822.000
17/08/1991	1.366	10.209	15.073	23.607	802.000
18/08/1991	4.100	9.533	15.196	22.898	919.000
19/08/1991	3.238	9.724	14.764	22.797	912.000
20/08/1991	4.476	10.655	14.641	23.821	1043.000
21/08/1991	4.803	9.805	14.994	23.066	982.000
22/08/1991	1.539	10.702	14.418	23.685	892.000
23/08/1991	0.076	11.131	14.768	24.430	822.000
24/08/1991	0.444	9.607	15.077	22.879	840.000
25/08/1991	0.133	11.361	14.735	24.684	932.000
26/08/1991	1.919	10.098	13.978	22.672	852.000
27/08/1991	1.056	9.684	14.893	22.803	825.000
28/08/1991	4.059	9.391	16.121	23.358	840.000
29/08/1991	1.508	9.206	14.806	22.202	780.000
30/08/1991	2.427	9.064	16.062	22.958	716.000
31/08/1991	1.186	10.066	15.401	23.572	764.000
01/09/1991	5.101	10.231	15.913	24.109	860.000
02/09/1991	0.015	11.883	15.074	25.453	811.000
03/09/1991	3.374	9.514	14.818	22.544	748.000
04/09/1991	1.112	8.607	15.672	22.107	769.000
05/09/1991	2.006	10.256	15.288	23.701	776.000
06/09/1991	6.817	9.343	15.891	23.106	821.000
07/09/1991	3.816	11.045	15.799	24.945	822.000
08/09/1991	2.551	11.247	15.135	24.700	721.000
09/09/1991	0.996	11.682	16.079	25.863	727.000
10/09/1991	0.095	10.970	16.011	24.977	945.000
11/09/1991	0.330	10.755	16.458	25.059	777.000
12/09/1991	0.102	11.976	15.495	25.799	723.000
13/09/1991	0.000	10.964	15.655	24.779	668.000
14/09/1991	5.347	10.783	15.193	24.237	674.000
15/09/1991	20.565	8.782	16.129	22.636	739.000
16/09/1991	18.471	7.298	16.232	21.123	788.000
17/09/1991	10.113	8.833	15.716	22.375	774.000
18/09/1991	6.918	9.071	16.113	22.912	839.000
19/09/1991	7.509	8.886	16.127	22.713	817.000
20/09/1991	7.053	6.900	16.593	20.975	1068.000
21/09/1991	10.058	8.178	15.840	21.727	1021.000
22/09/1991	11.306	7.828	16.149	21.626	1075.000
23/09/1991	10.192	9.204	15.395	22.556	997.000
24/09/1991	8.451	7.560	16.415	21.505	1304.000
25/09/1991	10.447	8.718	15.672	22.267	1336.000
26/09/1991	18.793	8.284	15.412	21.552	1301.000
27/09/1991	7.447	9.868	15.803	23.648	1310.000
28/09/1991	5.054	10.107	15.749	23.911	1363.000
29/09/1991	4.864	9.770	15.761	23.548	1354.000
30/09/1991	7.157	9.392	16.495	23.631	1320.000
01/10/1991	12.130	8.173	15.551	21.625	1203.000
02/10/1991	5.311	9.489	15.633	23.114	1218.000
03/10/1991	4.909	10.077	15.442	23.708	1183.000
04/10/1991	4.446	9.387	15.511	22.999	1374.000
05/10/1991	4.351	10.310	14.827	23.568	1180.000
06/10/1991	5.940	8.718	15.291	22.065	1017.000
07/10/1991	7.597	9.548	14.977	22.779	1188.000
08/10/1991	13.876	8.828	15.070	21.991	1222.000
09/10/1991	14.789	6.818	15.387	20.001	1412.000
10/10/1991	6.428	8.062	15.447	21.444	1561.000
11/10/1991	3.853	8.783	14.835	21.826	1499.000
12/10/1991	2.175	9.677	14.057	22.344	1378.000
13/10/1991	5.199	9.969	15.303	23.590	1321.000
14/10/1991	9.413	9.370	14.990	22.705	1397.000
15/10/1991	4.978	9.473	14.601	22.559	1326.000
16/10/1991	7.529	9.700	14.876	22.998	1306.000
17/10/1991	6.499	8.968	15.789	22.823	1232.000
18/10/1991	5.403	7.364	15.360	20.685	1427.000
19/10/1991	0.620	8.244	15.014	21.451	1388.000
20/10/1991	0.003	10.733	13.646	23.482	1257.000
21/10/1991	0.026	11.808	14.094	25.144	1153.000
22/10/1991	0.446	10.910	13.990	24.011	1047.000
23/10/1991	2.647	10.569	14.583	24.006	1035.000
24/10/1991	9.275	9.328	15.103	22.912	969.000
25/10/1991	8.627	7.216	16.246	21.385	932.000
26/10/1991	8.424	7.492	15.114	20.760	918.000
27/10/1991	10.911	7.869	14.561	20.777	1002.000
28/10/1991	5.052	8.137	14.751	21.277	1020.000
29/10/1991	3.796	10.574	14.524	24.114	987.000
30/10/1991	8.916	8.625	15.183	22.193	1163.000
31/10/1991	5.319	7.365	15.466	20.973	1099.000
01/11/1991	7.002	9.613	14.450	22.927	1043.000
02/11/1991	8.879	8.887	15.385	22.740	1177.000
03/11/1991	4.553	8.557	14.753	21.911	1137.000
04/11/1991	9.520	6.187	16.203	20.305	1162.000
05/11/1991	7.507	8.483	15.576	22.419	1138.000
06/11/1991	13.062	7.310	16.093	21.458	1132.000
07/11/1991	7.139	7.920	15.722	21.886	1110.000
08/11/1991	9.301	6.284	15.323	19.735	1194.000
09/11/1991	13.046	7.282	15.249	20.824	1195.000
10/11/1991	11.113	7.671	15.443	21.422	1193.000
11/11/1991	4.836	9.288	15.067	23.145	1410.000
12/11/1991	5.955	7.817	15.599	21.810	1124.000
13/11/1991	26.486	5.302	15.622	19.037	1134.000
14/11/1991	8.851	5.944	15.122	19.289	1124.000
15/11/1991	4.781	7.552	15.212	21.206	1223.000
16/11/1991	1.762	6.328	15.574	20.039	1364.000
17/11/1991	3.874	7.218	16.005	21.450	1453.000
18/11/1991	1.046	8.666	15.176	22.592	1547.000
19/11/1991	10.731	8.685	14.480	22.123	1364.000
20/11/1991	3.384	9.518	14.677	23.377	1241.000
21/11/1991	2.058	8.611	15.616	22.913	1250.000
22/11/1991	6.528	8.507	15.669	22.828	1524.000
23/11/1991	11.367	8.378	15.995	22.917	1285.000
24/11/1991	8.707	7.458	16.638	22.352	1353.000
25/11/1991	23.323	6.188	16.078	20.429	1360.000
26/11/1991	14.904	6.512	16.066	20.790	1411.000
27/11/1991	2.520	8.885	15.695	23.391	1505.000
28/11/1991	2.926	7.078	15.997	21.399	1525.000
29/11/1991	3.544	6.750	16.127	21.147	1677.000
30/11/1991	3.929	7.195	15.786	21.422	1834.000
01/12/1991	1.533	7.890	16.126	22.579	1447.000
02/12/1991	9.299	8.306	15.841	22.877	1261.000
03/12/1991	7.474	6.867	16.161	21.349	1147.000
04/12/1991	15.504	9.135	15.390	23.567	1128.000
05/12/1991	6.340	6.492	15.810	20.640	1111.000
06/12/1991	3.170	8.815	15.682	23.386	1417.000
07/12/1991	0.360	7.433	16.481	22.275	1378.000
08/12/1991	1.405	8.326	16.645	23.502	1371.000
09/12/1991	5.709	5.940	16.504	20.579	1402.000
10/12/1991	7.707	7.958	16.013	22.581	1371.000
11/12/1991	2.331	9.359	15.104	23.697	1385.000
12/12/1991	2.160	9.184	15.469	23.752	1464.000
13/12/1991	21.327	8.050	16.224	22.872	1318.000
14/12/1991	5.315	6.033	16.480	20.658	1585.000
15/12/1991	2.785	6.014	16.783	20.882	1494.000
16/12/1991	1.514	6.436	16.110	20.814	1290.000
17/12/1991	14.256	5.551	15.865	19.636	2552.000
18/12/1991	1.751	9.132	14.408	22.954	1753.000
19/12/1991	0.376	8.259	15.527	22.636	1849.000
20/12/1991	0.727	7.378	15.479	21.513	1360.000
21/12/1991	2.020	8.250	15.309	22.432	1297.000
22/12/1991	0.468	7.069	15.721	21.315	1258.000
23/12/1991	3.622	7.889	16.059	22.543	1258.000
24/12/1991	3.279	8.071	15.656	22.456	1241.000
25/12/1991	0.860	7.510	15.053	21.363	1160.000
26/12/1991	0.873	8.165	13.948	21.357	1079.000
27/12/1991	0.195	8.585	14.945	22.620	1059.000
28/12/1991	1.386	7.817	14.888	21.605	1043.000
29/12/1991	19.855	8.189	15.352	22.381	1050.000
30/12/1991	0.253	9.265	14.500	23.162	1121.000
31/12/1991	0.000	9.678	14.432	23.652	1134.000
01/01/1992	0.119	7.746	14.201	20.971	899.000
02/01/1992	1.258	8.206	14.738	21.924	864.000
03/01/1992	4.167	8.395	14.819	22.191	864.000
04/01/1992	0.096	7.597	15.144	21.485	868.000
05/01/1992	3.578	7.743	15.361	21.792	838.000
06/01/1992	8.933	6.666	15.561	20.637	864.000
07/01/1992	5.824	8.350	15.050	22.311	857.000
08/01/1992	0.691	8.803	14.699	22.583	844.000
09/01/1992	0.368	9.113	14.640	22.951	795.000
10/01/1992	0.000	9.018	14.574	22.781	779.000
11/01/1992	0.979	9.251	14.471	23.029	749.000
12/01/1992	1.364	8.715	14.923	22.582	749.000
13/01/1992	4.333	7.734	15.980	22.142	746.000
14/01/1992	9.841	6.781	16.700	21.557	734.000
15/01/1992	1.858	6.568	16.174	20.885	721.000
16/01/1992	0.039	8.007	15.703	22.207	750.000
17/01/1992	0.000	9.156	15.012	23.147	805.000
18/01/1992	0.000	9.549	14.724	23.443	746.000
19/01/1992	0.000	8.946	15.285	23.085	724.000
20/01/1992	0.000	10.386	14.918	24.590	730.000
21/01/1992	3.976	9.056	16.053	23.717	681.000
22/01/1992	0.631	9.978	15.319	24.287	679.000
23/01/1992	3.689	10.111	14.714	24.024	673.000
24/01/1992	4.579	7.896	15.910	22.137	675.000
25/01/1992	9.201	8.178	16.237	22.667	669.000
26/01/1992	0.589	8.421	14.964	21.992	672.000
27/01/1992	5.107	6.592	15.812	20.571	654.000
28/01/1992	4.209	6.691	15.549	20.408	621.000
29/01/1992	2.398	7.238	15.680	21.051	621.000
30/01/1992	1.072	8.115	16.063	22.380	660.000
31/01/1992	1.772	8.206	15.601	22.110	678.000
01/02/1992	4.065	6.994	15.348	20.497	669.000
02/02/1992	0.090	10.863	13.326	23.748	693.000
03/02/1992	0.134	9.790	15.567	23.960	663.000
04/02/1992	0.505	8.844	15.381	22.669	618.000
05/02/1992	0.000	9.320	16.062	23.689	609.000
06/02/1992	0.210	8.199	16.560	22.746	589.000
07/02/1992	0.000	8.682	15.508	22.493	562.000
08/02/1992	0.462	8.929	15.657	22.897	560.000
09/02/1992	6.941	7.619	15.865	21.525	535.000
10/02/1992	13.000	7.919	15.350	21.414	586.000
11/02/1992	15.928	6.549	15.666	20.085	606.000
12/02/1992	1.988	6.183	15.495	19.646	615.000
13/02/1992	0.068	8.964	14.445	21.897	685.000
14/02/1992	0.929	11.079	14.687	24.604	730.000
15/02/1992	1.469	10.517	14.952	24.128	675.000
16/02/1992	2.400	7.951	15.346	21.411	703.000
17/02/1992	3.863	9.475	15.678	23.339	702.000
18/02/1992	1.302	8.872	15.266	22.312	681.000
19/02/1992	1.372	8.673	15.621	22.349	657.000
20/02/1992	16.688	7.553	15.524	20.978	660.000
21/02/1992	6.299	8.003	15.813	21.647	681.000
22/02/1992	3.899	9.740	15.588	23.475	690.000
23/02/1992	2.710	9.946	15.738	23.807	681.000
24/02/1992	1.119	8.913	15.582	22.493	672.000
25/02/1992	0.087	10.398	16.420	24.784	681.000
26/02/1992	2.086	8.408	16.643	22.710	666.000
27/02/1992	2.898	9.054	15.483	22.610	660.000
28/02/1992	1.006	10.712	15.426	24.404	654.000
29/02/1992	3.792	9.027	15.872	22.748	648.000
01/03/1992	3.548	10.138	16.087	24.154	651.000
02/03/1992	2.253	9.647	16.118	23.621	636.000
03/03/1992	4.101	11.313	15.789	25.292	688.000
04/03/1992	5.726	7.589	17.002	22.074	691.000
05/03/1992	0.927	10.110	16.275	24.167	660.000
06/03/1992	1.276	10.803	15.911	24.739	654.000
07/03/1992	16.741	9.022	16.094	22.867	621.000
08/03/1992	0.760	9.951	16.172	23.985	639.000
09/03/1992	1.076	9.903	15.723	23.518	618.000
10/03/1992	0.049	11.315	16.103	25.391	621.000
11/03/1992	1.843	10.115	17.251	24.883	615.000
12/03/1992	2.281	9.271	17.047	23.770	660.000
13/03/1992	4.284	9.418	17.000	23.888	612.000
14/03/1992	5.082	7.911	16.844	22.234	657.000
15/03/1992	8.060	8.442	16.760	22.679	681.000
16/03/1992	4.049	9.136	16.805	23.430	690.000
17/03/1992	0.062	10.335	17.077	24.944	660.000
18/03/1992	0.000	9.939	16.418	23.991	654.000
19/03/1992	0.692	10.125	17.207	24.814	621.000
20/03/1992	5.442	9.375	16.784	23.641	618.000
21/03/1992	3.988	7.206	16.716	21.303	621.000
22/03/1992	0.030	10.489	15.166	23.681	612.000
23/03/1992	0.023	11.464	15.490	25.045	579.000
24/03/1992	0.000	9.940	15.571	23.395	577.000
25/03/1992	0.287	9.457	14.879	22.357	574.000
26/03/1992	0.439	10.607	15.725	24.220	574.000
27/03/1992	1.117	10.768	15.712	24.390	569.000
28/03/1992	1.297	10.616	16.747	24.949	581.000
29/03/1992	2.023	10.850	16.677	25.166	579.000
30/03/1992	9.938	8.202	16.259	21.973	577.000
31/03/1992	7.578	7.611	16.222	21.283	590.000
01/04/1992	0.770	9.312	15.084	22.254	618.000
02/04/1992	2.115	10.386	15.448	23.768	600.000
03/04/1992	1.029	9.858	16.515	23.987	591.000
04/04/1992	0.399	9.429	16.259	23.338	565.000
05/04/1992	7.962	9.582	15.596	23.016	594.000
06/04/1992	1.377	11.145	15.657	24.851	607.000
07/04/1992	2.145	9.734	15.949	23.445	612.000
08/04/1992	1.742	11.900	15.658	25.665	581.000
09/04/1992	2.190	10.512	16.438	24.603	572.000
10/04/1992	7.429	9.480	16.930	23.879	581.000
11/04/1992	6.272	7.146	16.591	21.177	581.000
12/04/1992	14.408	7.089	16.466	20.991	603.000
13/04/1992	2.290	8.525	16.256	22.399	605.000
14/04/1992	8.408	9.937	15.608	23.464	615.000
15/04/1992	11.954	9.086	15.274	22.232	630.000
16/04/1992	4.137	7.135	16.510	21.105	642.000
17/04/1992	6.591	7.658	16.190	21.407	646.000
18/04/1992	6.250	7.859	15.853	21.392	609.000
19/04/1992	12.246	7.785	16.258	21.586	630.000
20/04/1992	1.205	11.093	15.565	24.800	678.000
21/04/1992	11.372	8.859	16.791	23.184	648.000
22/04/1992	1.814	8.142	16.588	22.246	615.000
23/04/1992	5.388	9.095	16.653	23.349	684.000
24/04/1992	6.665	6.569	16.604	20.635	708.000
25/04/1992	11.275	8.887	16.010	22.668	714.000
26/04/1992	7.262	6.233	16.921	20.616	693.000
27/04/1992	5.585	7.422	16.843	21.772	775.000
28/04/1992	4.107	6.919	16.536	21.042	730.000
29/04/1992	8.472	7.216	16.218	21.077	766.000
30/04/1992	6.309	8.213	16.167	22.110	741.000
01/05/1992	4.990	8.516	16.266	22.538	752.000
02/05/1992	5.160	9.270	15.675	23.000	712.000
03/05/1992	11.071	8.539	15.643	22.065	829.000
04/05/1992	6.618	8.424	15.801	22.063	800.000
05/05/1992	6.565	9.096	15.757	22.861	707.000
06/05/1992	7.664	7.793	15.736	21.374	738.000
07/05/1992	10.031	9.192	15.790	22.968	841.000
08/05/1992	1.169	7.490	15.691	20.999	899.000
09/05/1992	6.292	10.048	14.753	23.272	802.000
10/05/1992	0.000	9.996	16.239	24.317	773.000
11/05/1992	10.743	10.052	16.925	24.873	827.000
12/05/1992	9.281	9.353	16.441	23.722	797.000
13/05/1992	6.293	8.311	16.311	22.506	846.000
14/05/1992	3.490	9.176	16.306	23.435	848.000
15/05/1992	9.181	9.905	15.884	23.988	917.000
16/05/1992	7.621	6.950	16.201	20.900	906.000
17/05/1992	8.252	9.051	16.430	23.450	841.000
18/05/1992	4.453	10.057	15.777	24.139	906.000
19/05/1992	18.395	8.066	17.048	22.853	1048.000
20/05/1992	4.549	8.798	15.797	22.718	1097.000
21/05/1992	9.303	7.671	16.497	21.996	1119.000
22/05/1992	7.874	7.007	16.168	21.012	1133.000
23/05/1992	3.765	6.802	16.307	20.891	1056.000
24/05/1992	7.991	8.323	16.275	22.544	1084.000
25/05/1992	1.088	10.687	15.034	24.506	982.000
26/05/1992	6.216	9.598	16.016	23.888	999.000
27/05/1992	9.014	8.965	15.758	22.980	1048.000
28/05/1992	13.441	8.269	16.078	22.395	1045.000
29/05/1992	10.180	7.285	15.335	20.698	1090.000
30/05/1992	3.293	9.266	15.435	23.099	1065.000
31/05/1992	4.879	8.604	16.463	23.081	1020.000
01/06/1992	6.648	9.239	16.521	23.887	1093.000
02/06/1992	7.099	8.349	16.103	22.524	1069.000
03/06/1992	6.744	7.601	16.262	21.835	1187.000
04/06/1992	7.296	9.496	15.333	23.338	1109.000
05/06/1992	2.340	9.223	15.459	23.135	1101.000
06/06/1992	5.356	9.249	15.261	23.047	1047.000
07/06/1992	2.984	8.307	15.024	21.724	1024.000
08/06/1992	4.908	8.928	15.092	22.550	1285.000
09/06/1992	3.425	8.817	15.831	22.944	1220.000
10/06/1992	1.717	9.516	15.739	23.724	1048.000
11/06/1992	1.646	9.556	16.044	23.998	1195.000
12/06/1992	4.783	8.422	16.424	22.918	1017.000
13/06/1992	2.351	9.498	16.211	24.050	890.000
14/06/1992	0.134	9.814	15.935	24.209	785.000
15/06/1992	1.825	10.763	16.047	25.486	699.000
16/06/1992	0.854	9.706	15.706	23.963	652.000
17/06/1992	2.213	9.990	15.450	24.144	725.000
18/06/1992	4.048	8.789	15.815	22.955	731.000
19/06/1992	10.275	7.663	16.334	21.987	881.000
20/06/1992	11.287	7.728	15.530	21.506	869.000
21/06/1992	0.410	10.646	15.968	25.254	802.000
22/06/1992	0.006	10.569	16.494	25.539	649.000
23/06/1992	0.745	10.693	15.494	25.013	680.000
24/06/1992	2.133	9.669	14.914	23.408	596.000
25/06/1992	0.914	10.190	15.146	24.161	639.000
26/06/1992	1.161	8.438	15.088	21.992	642.000
27/06/1992	5.633	8.501	15.225	22.182	606.000
28/06/1992	1.219	8.397	15.455	22.212	600.000
29/06/1992	4.078	10.304	15.436	24.486	625.000
30/06/1992	8.469	9.327	15.647	23.543	615.000
01/07/1992	5.726	9.469	16.186	24.031	618.000
02/07/1992	4.237	9.001	15.814	23.194	596.000
03/07/1992	1.264	6.517	16.562	20.886	642.000
04/07/1992	1.025	8.069	15.368	21.708	609.000
05/07/1992	0.655	10.388	14.935	24.205	570.000
06/07/1992	3.364	8.686	14.485	21.790	699.000
07/07/1992	5.151	9.209	15.093	22.860	753.000
08/07/1992	6.753	9.678	15.042	23.415	1110.000
09/07/1992	4.984	9.007	15.320	22.742	955.000
10/07/1992	6.593	8.469	15.812	22.506	952.000
11/07/1992	4.322	8.606	13.936	21.289	903.000
12/07/1992	4.430	8.848	14.132	21.734	899.000
13/07/1992	30.252	6.144	15.136	19.322	1030.000
14/07/1992	3.512	8.186	14.905	21.519	1006.000
15/07/1992	5.762	9.053	14.244	22.002	998.000
16/07/1992	7.041	9.807	14.872	23.365	955.000
17/07/1992	4.002	10.013	14.801	23.560	864.000
18/07/1992	0.796	12.514	14.124	26.177	811.000
19/07/1992	0.178	10.802	14.689	24.448	828.000
20/07/1992	0.845	11.370	14.701	25.088	853.000
21/07/1992	12.414	7.391	15.465	20.942	615.000
22/07/1992	3.536	9.209	14.931	22.652	896.000
23/07/1992	0.776	10.467	14.783	23.983	931.000
24/07/1992	0.240	10.943	15.151	24.833	827.000
25/07/1992	1.176	9.243	14.384	22.297	808.000
26/07/1992	6.084	8.150	15.279	21.651	938.000
27/07/1992	3.654	9.412	15.343	23.171	896.000
28/07/1992	3.583	10.449	14.809	24.000	1013.000
29/07/1992	3.745	8.699	14.854	21.948	990.000
30/07/1992	4.627	8.625	14.577	21.584	1086.000
31/07/1992	5.346	10.415	14.474	23.704	1230.000
01/08/1992	6.482	9.652	14.822	23.013	1158.000
02/08/1992	3.004	10.622	15.040	24.258	1310.000
03/08/1992	2.745	11.395	14.745	24.970	1283.000
04/08/1992	2.959	10.337	15.081	23.965	1126.000
05/08/1992	4.314	8.735	14.987	21.983	1046.000
06/08/1992	1.051	7.976	16.071	21.927	934.000
07/08/1992	10.495	9.568	15.218	23.074	990.000
08/08/1992	2.565	9.519	15.428	23.147	945.000
09/08/1992	4.493	8.437	15.534	22.002	1011.000
10/08/1992	7.132	8.040	15.619	21.603	1162.000
11/08/1992	4.718	10.946	13.870	23.748	1246.000
12/08/1992	2.097	10.921	15.525	24.814	1078.000
13/08/1992	8.219	10.000	15.445	23.696	1158.000
14/08/1992	4.400	9.060	15.710	22.760	1150.000
15/08/1992	8.715	7.727	15.352	20.989	1086.000
16/08/1992	2.083	9.024	14.917	22.119	1122.000
17/08/1992	2.199	8.754	15.982	22.598	1018.000
18/08/1992	1.429	10.055	15.842	23.988	1006.000
19/08/1992	5.510	10.820	15.494	24.616	945.000
20/08/1992	4.753	11.535	14.839	24.987	868.000
21/08/1992	0.312	11.185	14.957	24.664	934.000
22/08/1992	3.438	9.888	15.562	23.534	792.000
23/08/1992	11.763	8.945	15.803	22.634	788.000
24/08/1992	5.262	9.765	15.707	23.514	818.000
25/08/1992	0.141	11.335	14.874	24.701	827.000
26/08/1992	2.611	9.505	14.096	22.076	792.000
27/08/1992	4.027	10.362	14.748	23.478	736.000
28/08/1992	4.622	10.388	15.076	23.731	733.000
29/08/1992	9.304	10.912	14.906	24.219	740.000
30/08/1992	10.480	9.928	15.816	23.718	769.000
31/08/1992	8.621	10.088	15.085	23.403	910.000
01/09/1992	1.662	10.285	15.361	23.805	1030.000
02/09/1992	1.711	10.193	14.707	23.237	906.000
03/09/1992	6.593	10.547	15.524	24.197	828.000
04/09/1992	11.738	9.828	15.802	23.560	832.000
05/09/1992	0.221	10.783	15.322	24.331	834.000
06/09/1992	5.895	9.039	15.963	22.812	821.000
07/09/1992	7.469	8.030	15.671	21.449	831.000
08/09/1992	2.862	9.079	14.799	21.964	864.000
09/09/1992	4.401	9.305	15.393	22.677	990.000
10/09/1992	5.358	9.878	15.093	23.100	1038.000
11/09/1992	0.353	11.450	14.661	24.629	1082.000
12/09/1992	2.692	11.085	14.740	24.265	938.000
13/09/1992	12.101	7.624	16.132	21.410	883.000
14/09/1992	12.398	8.409	15.337	21.592	861.000
15/09/1992	11.244	7.320	15.713	20.671	871.000
16/09/1992	3.391	7.516	15.546	20.754	943.000
17/09/1992	2.053	11.080	14.731	24.232	1086.000
18/09/1992	12.553	8.761	15.324	22.005	1070.000
19/09/1992	5.466	9.974	15.124	23.243	1006.000
20/09/1992	9.862	10.591	15.386	24.151	1070.000
21/09/1992	15.728	9.243	13.494	21.288	1094.000
22/09/1992	5.582	8.044	15.368	21.218	1142.000
23/09/1992	7.980	8.534	14.808	21.358	1190.000
24/09/1992	6.108	8.372	15.746	21.879	1296.000
25/09/1992	8.251	9.906	14.930	23.047	1341.000
26/09/1992	4.104	10.227	15.445	23.795	1305.000
27/09/1992	21.647	7.487	15.704	20.924	1487.000
28/09/1992	2.176	8.822	14.937	21.829	1671.000
29/09/1992	2.936	9.578	14.767	22.579	1490.000
30/09/1992	2.922	10.034	14.426	22.917	1223.000
01/10/1992	14.266	8.489	14.762	21.404	1176.000
02/10/1992	11.024	7.722	15.045	20.701	1148.000
03/10/1992	8.459	8.696	15.161	21.879	1146.000
04/10/1992	1.911	8.601	14.719	21.487	1040.000
05/10/1992	7.144	8.348	14.726	21.254	977.000
06/10/1992	4.485	8.540	15.808	22.245	1182.000
07/10/1992	5.752	10.116	14.766	23.305	1223.000
08/10/1992	8.474	8.477	15.332	21.829	1357.000
09/10/1992	6.651	10.595	15.179	24.211	1342.000
10/10/1992	11.929	8.062	15.728	21.667	1493.000
11/10/1992	6.974	8.896	15.379	22.357	1310.000
12/10/1992	17.354	7.150	15.185	20.258	1195.000
13/10/1992	1.388	10.476	14.552	23.662	1193.000
14/10/1992	1.844	10.599	14.803	24.030	1098.000
15/10/1992	0.782	11.397	14.407	24.757	962.000
16/10/1992	9.901	9.744	15.563	23.611	920.000
17/10/1992	3.503	9.760	15.471	23.581	937.000
18/10/1992	10.953	8.875	15.933	22.895	878.000
19/10/1992	5.159	7.787	16.239	21.907	908.000
20/10/1992	3.092	8.519	15.721	22.353	955.000
21/10/1992	12.195	9.202	15.802	23.220	782.000
22/10/1992	7.019	8.298	15.592	22.054	906.000
23/10/1992	3.136	8.045	15.602	21.790	829.000
24/10/1992	5.009	6.804	16.101	20.754	835.000
25/10/1992	3.185	8.843	15.562	22.694	1013.000
26/10/1992	3.159	9.757	15.006	23.408	1015.000
27/10/1992	1.222	9.696	14.796	23.224	914.000
28/10/1992	11.573	8.375	16.334	22.784	861.000
29/10/1992	11.826	8.515	16.136	22.827	812.000
30/10/1992	3.614	8.508	15.703	22.487	742.000
31/10/1992	0.774	9.837	15.501	23.993	716.000
01/11/1992	3.200	9.425	16.204	24.000	648.000
02/11/1992	17.571	8.460	15.719	22.533	612.000
03/11/1992	3.191	9.286	15.416	23.293	573.000
04/11/1992	6.326	8.423	15.597	22.443	560.000
05/11/1992	10.342	9.819	13.998	22.992	588.000
06/11/1992	9.448	7.418	15.199	20.891	589.000
07/11/1992	3.757	8.850	15.744	23.050	723.000
08/11/1992	0.208	9.799	15.302	23.927	672.000
09/11/1992	7.258	8.248	15.853	22.494	597.000
10/11/1992	4.311	8.714	15.617	22.866	559.000
11/11/1992	11.569	8.638	15.716	22.854	546.000
12/11/1992	14.611	8.367	15.755	22.575	568.000
13/11/1992	20.788	6.448	15.799	20.407	580.000
14/11/1992	4.439	7.893	16.051	22.253	729.000
15/11/1992	8.010	7.372	15.765	21.408	677.000
16/11/1992	5.738	7.545	15.677	21.597	932.000
17/11/1992	12.567	6.779	15.736	20.726	949.000
18/11/1992	13.755	7.244	15.876	21.399	931.000
19/11/1992	1.312	8.544	15.956	23.043	970.000
20/11/1992	5.283	8.544	16.414	23.403	875.000
21/11/1992	27.723	8.094	15.713	22.365	876.000
22/11/1992	7.446	8.659	15.074	22.618	808.000
23/11/1992	12.214	7.804	15.679	22.014	839.000
24/11/1992	3.537	7.628	15.701	21.814	1174.000
25/11/1992	2.445	8.033	15.663	22.292	928.000
26/11/1992	2.774	7.923	15.848	22.304	967.000
27/11/1992	4.537	5.574	16.024	19.703	956.000
28/11/1992	5.235	7.136	15.323	20.979	1002.000
29/11/1992	12.927	8.094	15.225	22.093	1118.000
30/11/1992	8.847	7.655	15.788	21.987	1213.000
01/12/1992	6.826	8.603	15.826	23.175	1219.000
02/12/1992	14.335	7.783	15.720	22.107	1217.000
03/12/1992	2.844	8.745	15.419	23.068	1208.000
04/12/1992	17.676	7.168	15.986	21.567	1370.000
05/12/1992	6.070	7.325	16.024	21.786	1344.000
06/12/1992	7.494	7.775	15.209	21.735	1221.000
07/12/1992	0.101	8.188	15.887	22.796	1148.000
08/12/1992	8.298	7.952	16.070	22.657	1225.000
09/12/1992	14.867	6.661	16.202	21.167	1146.000
10/12/1992	0.649	7.411	15.676	21.651	1041.000
11/12/1992	0.036	7.653	15.990	22.185	1198.000
12/12/1992	6.101	6.410	16.132	20.837	1320.000
13/12/1992	2.003	7.191	16.180	21.784	1169.000
14/12/1992	2.433	9.400	15.324	23.938	1192.000
15/12/1992	14.101	8.660	15.853	23.410	1031.000
16/12/1992	2.478	8.019	16.403	22.999	1015.000
17/12/1992	2.468	7.930	16.496	22.941	1026.000
18/12/1992	1.660	8.756	15.304	23.120	835.000
19/12/1992	4.929	8.636	15.558	23.148	878.000
20/12/1992	5.805	8.241	15.611	22.735	795.000
21/12/1992	2.988	7.825	16.168	22.582	730.000
22/12/1992	2.615	8.650	15.802	23.329	693.000
23/12/1992	0.001	9.278	15.429	23.847	646.000
24/12/1992	2.264	8.783	14.617	22.646	616.000
25/12/1992	0.026	9.373	15.658	24.138	602.000
26/12/1992	0.855	9.092	15.411	23.611	585.000
27/12/1992	0.255	9.635	15.282	24.218	572.000
28/12/1992	1.823	8.555	15.973	23.336	557.000
29/12/1992	15.041	7.777	16.801	22.942	541.000
30/12/1992	6.606	8.758	15.320	23.050	523.000
31/12/1992	7.285	6.384	16.303	20.878	516.000
01/01/1993	0.192	8.789	15.835	23.484	773.000
02/01/1993	3.419	8.093	15.888	22.627	802.000
03/01/1993	8.517	8.442	16.279	23.376	785.000
04/01/1993	6.551	7.994	16.114	22.690	789.000
05/01/1993	9.323	7.698	15.460	21.798	817.000
06/01/1993	19.335	6.832	15.595	20.849	828.000
07/01/1993	3.761	6.412	15.451	20.226	809.000
08/01/1993	6.227	7.121	15.169	20.805	828.000
09/01/1993	2.366	9.060	15.167	23.224	822.000
10/01/1993	1.193	9.443	15.150	23.714	918.000
11/01/1993	10.337	8.653	15.758	23.144	913.000
12/01/1993	9.290	9.115	14.725	22.957	910.000
13/01/1993	5.048	6.926	16.009	21.201	922.000
14/01/1993	0.623	6.876	16.334	21.370	926.000
15/01/1993	4.759	5.526	16.193	19.738	935.000
16/01/1993	0.557	7.942	14.877	21.505	958.000
17/01/1993	5.993	7.701	14.910	21.220	1334.000
18/01/1993	6.213	9.517	14.870	23.432	1454.000
19/01/1993	5.408	8.834	15.746	23.208	1112.000
20/01/1993	7.780	9.103	15.845	23.610	1064.000
21/01/1993	1.274	9.019	15.713	23.400	1003.000
22/01/1993	1.857	9.756	14.697	23.570	973.000
23/01/1993	1.104	9.072	15.256	23.109	977.000
24/01/1993	2.438	9.296	15.863	23.788	984.000
25/01/1993	2.532	9.403	14.882	23.202	969.000
26/01/1993	3.728	9.835	14.561	23.478	966.000
27/01/1993	0.779	9.121	15.428	23.228	947.000
28/01/1993	4.357	9.218	15.290	23.219	974.000
29/01/1993	2.245	9.601	15.860	24.054	1062.000
30/01/1993	1.893	8.438	15.321	22.269	986.000
31/01/1993	10.036	8.882	15.257	22.687	969.000
01/02/1993	11.109	9.586	15.589	23.762	922.000
02/02/1993	0.277	8.127	16.228	22.453	924.000
03/02/1993	3.388	7.602	15.665	21.415	920.000
04/02/1993	0.069	9.027	15.683	23.080	926.000
05/02/1993	11.906	9.404	15.234	23.193	952.000
06/02/1993	0.042	8.901	15.978	23.118	966.000
07/02/1993	0.062	8.173	15.544	21.902	910.000
08/02/1993	0.159	7.863	15.976	21.864	905.000
09/02/1993	14.402	8.830	15.453	22.573	871.000
10/02/1993	3.861	9.949	15.118	23.668	877.000
11/02/1993	9.163	8.661	15.791	22.598	890.000
12/02/1993	2.458	8.893	15.519	22.664	871.000
13/02/1993	4.308	9.611	16.050	23.863	827.000
14/02/1993	0.342	9.842	15.577	23.803	809.000
15/02/1993	0.000	10.808	15.014	24.532	797.000
16/02/1993	0.092	10.520	15.147	24.221	790.000
17/02/1993	1.864	9.153	15.777	23.062	766.000
18/02/1993	4.753	8.293	15.222	21.626	757.000
19/02/1993	0.030	9.037	15.076	22.346	729.000
20/02/1993	0.012	9.407	15.297	22.902	703.000
21/02/1993	0.008	10.740	15.019	24.251	710.000
22/02/1993	0.000	10.160	15.595	23.966	708.000
23/02/1993	0.613	9.980	15.407	23.676	701.000
24/02/1993	9.709	8.609	15.642	22.177	696.000
25/02/1993	10.283	8.753	15.732	22.417	698.000
26/02/1993	1.221	7.740	16.058	21.548	701.000
27/02/1993	3.683	9.574	15.442	23.137	699.000
28/02/1993	6.476	9.219	15.609	22.793	701.000
01/03/1993	4.867	8.798	15.279	22.061	708.000
02/03/1993	4.739	9.639	14.983	22.815	704.000
03/03/1993	8.786	8.876	15.970	22.642	706.000
04/03/1993	3.911	7.466	15.663	20.873	705.000
05/03/1993	0.340	9.378	14.833	22.409	788.000
06/03/1993	3.193	8.216	15.662	21.653	787.000
07/03/1993	3.157	9.678	14.924	22.732	812.000
08/03/1993	1.355	9.092	16.207	23.021	837.000
09/03/1993	3.991	7.765	15.996	21.404	821.000
10/03/1993	3.298	10.584	15.307	24.022	798.000
11/03/1993	3.654	9.707	16.163	23.588	802.000
12/03/1993	2.764	11.165	16.024	25.146	767.000
13/03/1993	0.482	11.818	15.826	25.751	778.000
14/03/1993	10.514	9.254	16.200	23.142	796.000
15/03/1993	0.382	9.870	16.560	24.077	1103.000
16/03/1993	8.964	8.805	15.600	22.185	1132.000
17/03/1993	7.715	9.391	16.246	23.284	1009.000
18/03/1993	9.759	8.165	15.958	21.691	938.000
19/03/1993	0.638	10.315	15.703	23.896	794.000
20/03/1993	7.820	8.642	16.732	22.811	795.000
21/03/1993	8.290	7.536	16.216	21.261	764.000
22/03/1993	4.494	9.931	16.173	23.764	776.000
23/03/1993	18.118	7.393	16.288	21.171	797.000
24/03/1993	7.462	8.968	15.694	22.369	843.000
25/03/1993	12.523	7.924	16.359	21.724	884.000
26/03/1993	7.104	9.041	16.130	22.742	955.000
27/03/1993	11.124	7.369	15.125	20.158	1017.000
28/03/1993	7.351	8.207	14.857	20.864	1018.000
29/03/1993	3.977	10.126	15.129	23.223	1009.000
30/03/1993	9.963	9.068	15.660	22.429	1019.000
31/03/1993	4.765	9.203	16.433	23.158	1061.000
01/04/1993	2.573	9.229	16.010	22.937	1082.000
02/04/1993	5.128	9.335	16.131	23.137	1053.000
03/04/1993	5.769	9.585	16.262	23.482	1001.000
04/04/1993	1.822	9.327	16.144	23.121	1028.000
05/04/1993	16.162	8.275	16.378	22.130	1008.000
06/04/1993	6.285	8.171	16.438	22.083	1024.000
07/04/1993	4.564	8.669	16.252	22.504	1036.000
08/04/1993	16.699	7.853	15.945	21.346	1132.000
09/04/1993	3.807	9.760	16.111	23.570	1338.000
10/04/1993	9.812	9.245	16.050	22.948	1300.000
11/04/1993	4.424	9.873	16.000	23.641	1268.000
12/04/1993	9.102	9.622	16.210	23.517	1216.000
13/04/1993	18.393	7.443	16.737	21.585	1359.000
14/04/1993	8.137	8.507	16.492	22.476	1271.000
15/04/1993	5.668	9.706	16.279	23.682	1300.000
16/04/1993	9.109	8.510	16.325	22.380	1268.000
17/04/1993	12.586	9.467	16.696	23.751	1268.000
18/04/1993	11.412	8.166	16.417	22.085	1461.000
19/04/1993	12.054	9.387	16.351	23.390	1431.000
20/04/1993	6.221	9.226	16.514	23.397	1694.000
21/04/1993	6.479	9.405	16.382	23.476	1650.000
22/04/1993	7.391	8.538	16.319	22.520	1738.000
23/04/1993	9.830	6.709	16.422	20.621	1670.000
24/04/1993	7.711	8.712	16.522	22.801	1530.000
25/04/1993	3.987	10.605	15.763	24.428	1595.000
26/04/1993	25.603	7.063	16.890	21.401	1626.000
27/04/1993	2.682	8.412	16.273	22.341	1572.000
28/04/1993	12.137	6.370	16.714	20.510	1614.000
29/04/1993	4.931	9.473	15.934	23.292	1854.000
30/04/1993	6.212	10.212	16.321	24.454	1862.000
01/05/1993	19.551	7.742	16.768	22.042	1638.000
02/05/1993	7.165	8.950	16.302	23.014	1670.000
03/05/1993	7.804	9.085	16.057	22.987	1746.000
04/05/1993	9.331	9.156	16.677	23.580	1826.000
05/05/1993	11.246	8.690	17.275	23.501	1742.000
06/05/1993	7.877	8.705	16.871	23.236	1634.000
07/05/1993	12.847	8.342	16.940	22.907	2002.000
08/05/1993	7.760	8.609	17.664	23.755	2132.000
09/05/1993	11.312	7.812	17.079	22.450	2081.000
10/05/1993	14.701	8.044	16.370	22.176	1850.000
11/05/1993	2.467	9.966	15.945	24.071	2025.000
12/05/1993	14.038	9.460	16.837	24.139	2088.000
13/05/1993	10.960	6.560	16.945	21.099	1870.000
14/05/1993	4.647	8.139	16.077	22.147	1938.000
15/05/1993	4.205	9.099	16.557	23.516	2052.000
16/05/1993	8.167	9.060	16.467	23.438	1794.000
17/05/1993	8.227	8.950	16.784	23.576	1810.000
18/05/1993	11.878	8.487	15.904	22.418	1834.000
19/05/1993	2.230	9.384	16.193	23.633	1886.000
20/05/1993	11.900	9.303	16.062	23.474	1758.000
21/05/1993	18.828	7.632	16.184	21.715	1946.000
22/05/1993	2.159	9.910	15.661	23.943	2014.000
23/05/1993	17.628	7.630	16.520	21.953	1989.000
24/05/1993	5.080	8.212	16.532	22.692	2088.000
25/05/1993	15.845	6.497	16.200	20.546	1854.000
26/05/1993	3.713	8.817	15.948	22.881	2042.000
27/05/1993	5.766	9.298	16.290	23.689	2240.000
28/05/1993	10.770	6.838	16.696	21.282	2280.000
29/05/1993	12.869	6.945	16.428	21.199	2117.000
30/05/1993	2.433	9.152	15.400	22.926	1946.000
31/05/1993	2.283	9.281	15.654	23.368	1810.000
01/06/1993	0.294	10.267	15.937	24.636	1706.000
02/06/1993	0.088	11.704	15.940	26.421	1626.000
03/06/1993	0.505	10.745	16.036	25.376	1430.000
04/06/1993	0.463	10.206	15.795	24.545	1377.000
05/06/1993	3.013	9.914	15.878	24.243	1257.000
06/06/1993	2.070	9.580	15.896	23.865	1128.000
07/06/1993	3.056	9.250	16.335	23.810	1095.000
08/06/1993	5.259	9.153	16.281	23.685	1047.000
09/06/1993	6.008	9.559	15.949	23.895	1009.000
10/06/1993	2.991	9.194	16.379	23.786	978.000
11/06/1993	9.848	7.979	16.126	22.177	1128.000
12/06/1993	0.124	8.821	16.120	23.166	1043.000
13/06/1993	2.310	8.700	15.837	22.815	1219.000
14/06/1993	6.420	9.505	15.966	23.894	1040.000
15/06/1993	2.284	8.830	15.040	22.431	1453.000
16/06/1993	6.786	8.023	15.843	22.105	1185.000
17/06/1993	2.692	9.913	15.848	24.293	1009.000
18/06/1993	7.734	9.151	15.932	23.433	997.000
19/06/1993	8.190	8.491	16.159	22.853	1072.000
20/06/1993	6.635	6.090	16.206	20.209	1123.000
21/06/1993	7.686	9.809	15.309	23.772	1155.000
22/06/1993	4.186	10.071	15.362	24.235	1094.000
23/06/1993	6.248	7.129	15.885	21.080	1299.000
24/06/1993	5.315	8.269	15.131	21.854	1252.000
25/06/1993	2.062	7.256	15.261	20.747	1163.000
26/06/1993	8.080	5.486	15.811	19.240	1131.000
27/06/1993	5.702	6.336	15.435	19.843	1094.000
28/06/1993	7.421	8.802	14.855	22.246	1085.000
29/06/1993	5.172	9.108	14.985	22.670	1082.000
30/06/1993	6.799	8.969	15.341	22.808	1035.000
01/07/1993	9.237	8.411	15.522	22.345	1301.000
02/07/1993	6.125	7.778	15.947	21.868	1365.000
03/07/1993	1.824	10.809	14.564	24.479	1346.000
04/07/1993	8.482	8.176	16.013	22.372	1138.000
05/07/1993	7.760	8.468	15.690	22.471	1559.000
06/07/1993	0.124	9.823	14.547	23.279	1257.000
07/07/1993	1.012	10.385	13.624	23.308	1058.000
08/07/1993	9.538	9.437	15.884	23.711	993.000
09/07/1993	6.397	8.668	15.911	22.829	930.000
10/07/1993	10.544	8.009	16.515	22.500	957.000
11/07/1993	3.771	8.982	15.712	23.003	1469.000
12/07/1993	3.740	9.990	15.921	24.382	1204.000
13/07/1993	2.728	10.587	16.071	25.192	1304.000
14/07/1993	4.991	9.206	15.744	23.278	1287.000
15/07/1993	4.378	9.080	15.404	22.897	1095.000
16/07/1993	7.219	8.567	15.542	22.407	1186.000
17/07/1993	0.462	11.066	13.931	24.330	1125.000
18/07/1993	0.102	11.142	15.068	25.100	1203.000
19/07/1993	1.110	10.483	15.559	24.640	1063.000
20/07/1993	4.699	9.760	16.093	24.141	1346.000
21/07/1993	2.029	8.036	15.278	21.522	1089.000
22/07/1993	2.413	9.596	14.464	22.795	976.000
23/07/1993	6.426	8.623	15.050	22.047	984.000
24/07/1993	7.760	7.487	15.481	21.004	916.000
25/07/1993	1.840	8.817	15.228	22.324	955.000
26/07/1993	0.949	9.374	14.231	22.331	1036.000
27/07/1993	3.705	10.199	14.634	23.585	974.000
28/07/1993	3.897	11.009	15.395	25.121	890.000
29/07/1993	6.502	10.731	16.261	25.320	935.000
30/07/1993	3.416	10.483	15.463	24.441	882.000
31/07/1993	3.251	9.995	16.617	24.661	894.000
01/08/1993	0.589	11.610	14.619	25.181	943.000
02/08/1993	1.171	11.220	14.987	24.995	894.000
03/08/1993	0.096	11.239	15.433	25.259	928.000
04/08/1993	0.213	11.819	15.361	25.899	903.000
05/08/1993	0.135	11.354	15.321	25.298	785.000
06/08/1993	4.859	11.382	15.664	25.546	780.000
07/08/1993	5.475	11.437	14.824	25.084	708.000
08/08/1993	1.566	9.432	15.065	22.889	751.000
09/08/1993	11.800	8.595	16.502	22.921	693.000
10/08/1993	6.143	8.602	16.257	22.728	839.000
11/08/1993	7.534	8.956	16.193	23.102	1218.000
12/08/1993	8.475	10.126	16.132	24.360	1069.000
13/08/1993	3.605	9.748	16.184	23.939	957.000
14/08/1993	8.038	9.954	15.898	23.978	1109.000
15/08/1993	1.046	8.478	15.914	22.345	940.000
16/08/1993	9.600	9.187	15.635	22.878	937.000
17/08/1993	5.704	8.813	15.945	22.661	1089.000
18/08/1993	6.364	9.083	15.541	22.620	1287.000
19/08/1993	0.346	11.011	15.085	24.575	1451.000
20/08/1993	2.071	11.040	15.391	24.836	959.000
21/08/1993	3.802	12.316	14.749	25.866	924.000
22/08/1993	4.869	9.888	15.953	23.828	1041.000
23/08/1993	7.719	8.624	15.651	22.198	1112.000
24/08/1993	8.756	8.980	14.972	22.061	1164.000
25/08/1993	1.375	7.437	15.419	20.665	1157.000
26/08/1993	0.914	9.320	15.185	22.614	1131.000
27/08/1993	7.274	9.025	15.584	22.533	1186.000
28/08/1993	8.978	7.993	15.566	21.330	1112.000
29/08/1993	0.719	10.850	15.005	24.185	957.000
30/08/1993	4.370	9.663	15.203	23.020	911.000
31/08/1993	4.180	9.833	14.379	22.601	846.000
01/09/1993	16.720	9.092	15.026	22.181	813.000
02/09/1993	8.684	7.408	15.530	20.677	960.000
03/09/1993	0.935	9.063	14.914	22.065	871.000
04/09/1993	13.142	7.755	14.847	20.543	888.000
05/09/1993	8.705	6.687	15.594	19.952	983.000
06/09/1993	10.588	6.761	15.207	19.708	1292.000
07/09/1993	3.978	6.434	15.350	19.521	1466.000
08/09/1993	0.710	10.693	14.480	23.609	1283.000
09/09/1993	9.748	9.378	15.296	22.658	1070.000
10/09/1993	7.549	9.271	15.402	22.586	1354.000
11/09/1993	2.783	10.173	15.212	23.569	1209.000
12/09/1993	9.664	9.573	15.680	23.183	1134.000
13/09/1993	11.059	8.630	16.416	22.634	1235.000
14/09/1993	21.709	9.249	16.075	23.064	1527.000
15/09/1993	12.639	6.971	15.844	20.452	1954.000
16/09/1993	4.922	8.309	15.801	21.839	2063.000
17/09/1993	9.452	11.030	15.663	24.849	1786.000
18/09/1993	4.464	8.091	16.494	22.131	1706.000
19/09/1993	2.955	9.473	15.388	22.882	1314.000
20/09/1993	2.428	11.037	14.712	24.181	1183.000
21/09/1993	8.505	10.919	15.801	24.848	1154.000
22/09/1993	3.492	9.179	15.370	22.551	1216.000
23/09/1993	11.063	6.919	16.213	20.736	1666.000
24/09/1993	7.604	8.854	15.276	22.103	1595.000
25/09/1993	0.937	11.197	14.892	24.521	1320.000
26/09/1993	17.230	8.306	16.493	22.435	1177.000
27/09/1993	8.004	9.290	16.184	23.283	1134.000
28/09/1993	11.452	8.215	16.149	22.051	1134.000
29/09/1993	14.769	7.528	15.658	20.917	1193.000
30/09/1993	2.699	7.449	15.240	20.501	1690.000
01/10/1993	6.036	8.300	14.584	20.991	1419.000
02/10/1993	5.152	8.969	14.694	21.867	1570.000
03/10/1993	8.015	8.369	15.023	21.411	1235.000
04/10/1993	5.594	9.109	14.647	22.052	1415.000
05/10/1993	2.420	9.910	14.763	23.032	1458.000
06/10/1993	2.917	8.484	15.138	21.709	1180.000
07/10/1993	4.392	9.409	15.125	22.736	1058.000
08/10/1993	6.834	8.643	14.941	21.726	1002.000
09/10/1993	4.346	9.237	15.034	22.486	1131.000
10/10/1993	8.677	10.445	15.055	23.941	1377.000
11/10/1993	6.883	8.632	15.649	22.267	1158.000
12/10/1993	3.840	9.124	15.664	22.880	1082.000
13/10/1993	4.470	8.811	15.129	22.108	1105.000
14/10/1993	6.635	8.696	15.327	22.181	1078.000
15/10/1993	8.177	8.599	15.721	22.356	1099.000
16/10/1993	14.830	8.226	15.817	22.003	1128.000
17/10/1993	5.498	8.547	15.925	22.441	1089.000
18/10/1993	6.481	8.560	16.271	22.730	1028.000
19/10/1993	9.752	7.811	16.200	21.854	1046.000
20/10/1993	9.971	8.979	15.626	22.760	1232.000
21/10/1993	6.124	7.662	15.733	21.369	1309.000
22/10/1993	5.167	9.219	15.271	22.837	1411.000
23/10/1993	10.617	8.126	16.252	22.318	1536.000
24/10/1993	7.674	9.478	15.346	23.240	1434.000
25/10/1993	5.583	8.482	16.372	22.838	1545.000
26/10/1993	22.681	6.390	15.941	20.174	1196.000
27/10/1993	8.860	7.304	16.020	21.317	1446.000
28/10/1993	5.824	8.157	15.746	22.072	1170.000
29/10/1993	5.649	7.100	16.499	21.486	1154.000
30/10/1993	6.605	8.757	15.316	22.433	1186.000
31/10/1993	10.362	7.792	15.875	21.792	1170.000
01/11/1993	3.412	8.491	15.267	22.129	1193.000
02/11/1993	4.129	8.410	15.686	22.356	1290.000
03/11/1993	16.261	8.562	14.886	22.026	1734.000
04/11/1993	12.645	7.342	15.610	21.110	1662.000
05/11/1993	13.032	8.709	15.230	22.456	1766.000
06/11/1993	4.263	8.825	14.449	22.050	1650.000
07/11/1993	27.735	6.207	15.930	20.154	1562.000
08/11/1993	3.489	8.864	15.251	22.746	1658.000
09/11/1993	3.968	7.871	16.042	22.159	1481.000
10/11/1993	11.950	9.347	14.636	22.935	1465.000
11/11/1993	11.629	6.379	16.321	20.673	1842.000
12/11/1993	5.182	8.082	15.924	22.318	1662.000
13/11/1993	15.496	7.411	16.135	21.766	1622.000
14/11/1993	25.185	6.373	16.315	20.732	1586.000
15/11/1993	15.092	7.488	15.617	21.443	1670.000
16/11/1993	8.920	7.188	14.950	20.554	1977.000
17/11/1993	1.464	8.844	15.362	22.916	2031.000
18/11/1993	2.992	8.646	16.188	23.291	2006.000
19/11/1993	2.795	7.830	16.610	22.663	2034.000
20/11/1993	20.134	6.283	16.365	20.713	2012.000
21/11/1993	13.404	8.668	15.546	22.930	2121.000
22/11/1993	10.479	7.887	15.488	21.931	2025.000
23/11/1993	4.416	7.545	15.731	21.754	1928.000
24/11/1993	1.564	8.930	15.119	22.968	1866.000
25/11/1993	5.590	6.911	14.984	20.408	1867.000
26/11/1993	4.098	9.015	15.200	23.191	1814.000
27/11/1993	7.333	7.652	16.370	22.379	1810.000
28/11/1993	18.639	5.614	16.447	20.157	1863.000
29/11/1993	25.047	7.309	15.816	21.541	1995.000
30/11/1993	6.946	7.948	15.508	22.108	2332.000
01/12/1993	4.361	8.067	16.165	22.758	2453.000
02/12/1993	3.772	7.202	16.838	22.260	2305.000
03/12/1993	18.984	6.564	16.575	21.334	2304.000
04/12/1993	2.837	8.710	15.783	23.316	2413.000
05/12/1993	4.241	8.333	16.030	23.058	2421.000
06/12/1993	4.753	8.597	16.264	23.564	2196.000
07/12/1993	7.975	8.299	16.259	23.202	2002.000
08/12/1993	9.631	8.998	16.058	23.943	1785.000
09/12/1993	2.076	8.376	16.949	23.823	1646.000
10/12/1993	7.009	6.750	16.512	21.541	1546.000
11/12/1993	11.028	6.089	16.076	20.448	1599.000
12/12/1993	4.047	8.085	15.851	22.659	1587.000
13/12/1993	14.211	7.457	16.292	22.241	1592.000
14/12/1993	3.829	7.510	16.050	22.125	1570.000
15/12/1993	18.824	5.778	16.829	20.708	1888.000
16/12/1993	8.102	6.691	16.361	21.350	2011.000
17/12/1993	11.412	6.028	15.992	20.353	1965.000
18/12/1993	2.190	6.659	15.445	20.652	1967.000
19/12/1993	0.024	6.950	15.666	21.128	2075.000
20/12/1993	0.251	9.533	14.682	23.667	2064.000
21/12/1993	0.725	8.025	15.904	22.695	1834.000
22/12/1993	1.274	8.152	15.098	22.219	1640.000
23/12/1993	4.164	8.182	15.158	22.347	1594.000
24/12/1993	0.035	9.134	14.911	23.322	1536.000
25/12/1993	2.606	7.103	15.890	21.547	1465.000
26/12/1993	4.566	7.263	15.198	21.173	1393.000
27/12/1993	0.807	8.588	14.565	22.311	1315.000
28/12/1993	4.663	8.154	14.875	22.014	1249.000
29/12/1993	3.431	6.799	15.491	20.863	1206.000
30/12/1993	9.960	7.097	14.786	20.621	1204.000
31/12/1993	0.218	8.218	14.799	22.042	1180.000
01/01/1994	0.000	9.202	14.189	22.849	1343.000
02/01/1994	0.025	9.066	14.192	22.698	1297.000
03/01/1994	4.688	7.096	15.215	20.889	1286.000
04/01/1994	5.947	6.867	15.407	20.794	1308.000
05/01/1994	3.924	7.095	15.074	20.779	1268.000
06/01/1994	0.107	8.034	14.579	21.546	1220.000
07/01/1994	7.897	6.984	15.417	20.859	1201.000
08/01/1994	14.447	7.083	15.718	21.211	1246.000
09/01/1994	2.213	7.540	15.449	21.551	1366.000
10/01/1994	0.523	8.096	15.548	22.305	1380.000
11/01/1994	12.351	7.422	15.896	21.720	1369.000
12/01/1994	0.436	8.290	16.522	23.218	1348.000
13/01/1994	0.941	8.611	15.949	23.209	1359.000
14/01/1994	15.947	7.504	15.386	21.414	1407.000
15/01/1994	7.110	7.756	15.765	21.996	1561.000
16/01/1994	2.516	7.930	15.749	22.175	1570.000
17/01/1994	2.264	8.452	14.965	22.216	1528.000
18/01/1994	11.510	7.927	16.018	22.341	1466.000
19/01/1994	0.159	8.705	15.413	22.804	1480.000
20/01/1994	0.042	9.233	14.512	22.812	1390.000
21/01/1994	0.028	9.736	14.781	23.649	1348.000
22/01/1994	0.683	9.593	14.731	23.391	1319.000
23/01/1994	0.634	9.387	15.392	23.579	1279.000
24/01/1994	0.216	6.794	15.699	20.686	1235.000
25/01/1994	0.000	9.588	14.589	23.236	1189.000
26/01/1994	0.000	9.460	14.632	23.093	1141.000
27/01/1994	0.301	9.745	14.747	23.480	1105.000
28/01/1994	6.707	7.746	15.825	21.823	1092.000
29/01/1994	17.413	8.837	15.603	22.927	1072.000
30/01/1994	12.888	7.542	15.652	21.477	1080.000
31/01/1994	2.733	6.622	15.624	20.381	1143.000
01/02/1994	0.076	8.505	15.065	22.055	1191.000
02/02/1994	3.304	9.207	14.703	22.591	1225.000
03/02/1994	13.754	8.067	15.470	21.787	1228.000
04/02/1994	2.453	8.327	15.857	22.386	1232.000
05/02/1994	7.313	7.709	16.104	21.844	1239.000
06/02/1994	3.679	8.182	15.920	22.221	1250.000
07/02/1994	0.142	10.142	14.930	23.830	1253.000
08/02/1994	1.021	9.988	15.103	23.736	1203.000
09/02/1994	0.648	9.461	15.536	23.407	1183.000
10/02/1994	1.548	9.038	15.907	23.148	1184.000
11/02/1994	0.028	8.949	14.709	22.124	1132.000
12/02/1994	3.473	8.244	14.917	21.491	1091.000
13/02/1994	3.820	8.247	14.714	21.254	1068.000
14/02/1994	12.416	7.396	15.325	20.707	1045.000
15/02/1994	0.055	6.719	15.936	20.449	1030.000
16/02/1994	1.760	8.815	15.343	22.325	1020.000
17/02/1994	3.627	8.575	15.437	22.132	998.000
18/02/1994	0.830	8.036	15.861	21.805	982.000
19/02/1994	0.950	8.741	15.627	22.402	972.000
20/02/1994	6.005	8.198	16.522	22.443	977.000
21/02/1994	7.923	8.844	15.892	22.716	1006.000
22/02/1994	7.203	9.339	16.241	23.516	964.000
23/02/1994	12.853	7.244	16.379	21.247	982.000
24/02/1994	3.544	7.800	16.641	22.045	993.000
25/02/1994	7.186	6.660	16.501	20.731	1033.000
26/02/1994	3.445	7.787	15.973	21.490	1120.000
27/02/1994	6.591	8.374	15.119	21.476	1182.000
28/02/1994	3.318	9.466	16.113	23.432	1169.000
01/03/1994	1.680	9.932	16.258	24.106	1143.000
02/03/1994	7.136	9.633	16.415	23.845	1175.000
03/03/1994	11.208	8.003	16.676	22.255	1137.000
04/03/1994	13.254	6.994	16.159	20.741	1132.000
05/03/1994	0.802	7.635	15.959	21.229	1135.000
06/03/1994	0.350	9.503	15.292	22.815	1156.000
07/03/1994	8.192	9.351	15.580	22.853	1144.000
08/03/1994	0.379	9.747	15.573	23.282	1120.000
09/03/1994	1.436	9.374	16.002	23.150	1096.000
10/03/1994	3.802	9.404	15.987	23.167	1096.000
11/03/1994	7.906	9.004	15.652	22.487	1083.000
12/03/1994	7.988	8.047	15.761	21.508	1142.000
13/03/1994	6.582	7.543	15.875	21.007	1182.000
14/03/1994	1.971	7.963	15.975	21.511	1220.000
15/03/1994	3.422	8.864	15.897	22.441	1213.000
16/03/1994	4.260	8.513	16.748	22.740	1224.000
17/03/1994	4.055	8.075	16.193	21.815	1198.000
18/03/1994	1.167	8.446	15.924	21.981	1183.000
19/03/1994	3.694	8.469	15.770	21.888	1150.000
20/03/1994	7.167	8.324	15.623	21.704	1277.000
21/03/1994	1.485	9.774	15.860	23.394	1208.000
22/03/1994	10.361	8.454	16.787	22.644	1186.000
23/03/1994	5.509	9.317	16.192	23.115	1162.000
24/03/1994	6.725	10.194	16.433	24.246	1129.000
25/03/1994	0.040	10.762	15.442	24.224	1111.000
26/03/1994	7.606	8.687	17.044	23.085	1192.000
27/03/1994	11.952	6.969	16.978	21.239	1227.000
28/03/1994	14.333	7.763	16.591	21.735	1282.000
29/03/1994	12.848	5.894	16.401	19.751	1366.000
30/03/1994	11.051	8.229	16.118	21.905	1562.000
31/03/1994	13.898	6.918	15.890	20.289	1631.000
01/04/1994	1.613	9.328	16.000	22.958	1891.000
02/04/1994	21.532	6.981	15.927	20.394	1871.000
03/04/1994	5.590	9.139	15.764	22.622	1799.000
04/04/1994	8.783	9.922	15.435	23.262	1981.000
05/04/1994	11.766	9.240	16.192	23.072	1891.000
06/04/1994	9.964	7.758	16.199	21.446	1834.000
07/04/1994	4.298	9.135	16.050	22.853	1900.000
08/04/1994	5.849	8.013	16.567	22.040	1829.000
09/04/1994	1.770	8.811	16.175	22.605	1762.000
10/04/1994	7.021	9.048	16.580	23.124	1686.000
11/04/1994	7.560	9.349	15.539	22.721	1601.000
12/04/1994	18.174	7.091	16.060	20.678	1549.000
13/04/1994	10.432	9.119	16.108	22.867	1724.000
14/04/1994	7.383	8.749	16.478	22.736	1777.000
15/04/1994	3.225	10.268	15.999	24.109	1929.000
16/04/1994	7.942	9.580	16.261	23.558	1848.000
17/04/1994	6.792	8.934	16.647	23.127	1800.000
18/04/1994	13.233	8.066	16.690	22.205	1720.000
19/04/1994	8.024	8.419	16.025	22.079	1843.000
20/04/1994	6.742	8.818	15.930	22.450	1701.000
21/04/1994	2.913	8.308	15.455	21.571	1800.000
22/04/1994	3.397	10.456	15.596	24.099	1705.000
23/04/1994	3.143	10.394	16.004	24.351	1615.000
24/04/1994	3.342	10.459	16.089	24.492	1488.000
25/04/1994	13.760	9.911	16.086	23.899	1591.000
26/04/1994	22.028	6.697	16.880	21.015	1563.000
27/04/1994	12.357	6.713	15.569	20.028	1729.000
28/04/1994	4.660	8.588	15.886	22.248	1569.000
29/04/1994	12.024	6.677	16.262	20.513	1596.000
30/04/1994	5.889	8.166	15.886	21.838	2066.000
01/05/1994	5.232	9.303	15.523	22.806	2285.000
02/05/1994	2.273	10.427	15.565	24.189	2147.000
03/05/1994	4.617	9.727	16.453	24.026	2066.000
04/05/1994	7.106	9.123	16.422	23.340	2057.000
05/05/1994	0.728	9.128	16.652	23.539	1830.000
06/05/1994	8.164	6.741	16.353	20.686	1721.000
07/05/1994	2.163	9.255	16.115	23.286	1734.000
08/05/1994	8.388	6.785	16.522	20.941	1836.000
09/05/1994	11.535	8.496	16.211	22.551	1814.000
10/05/1994	4.513	9.065	16.144	23.113	1634.000
11/05/1994	10.620	8.356	16.413	22.532	1577.000
12/05/1994	7.046	8.507	16.299	22.653	1549.000
13/05/1994	6.793	9.131	16.447	23.455	1676.000
14/05/1994	8.074	7.350	16.290	21.391	1566.000
15/05/1994	3.669	9.287	16.583	23.836	1526.000
16/05/1994	15.636	7.838	16.560	22.140	1462.000
17/05/1994	4.959	6.583	16.295	20.637	1477.000
18/05/1994	8.535	6.867	16.376	20.966	1529.000
19/05/1994	4.097	8.414	16.181	22.522	1676.000
20/05/1994	11.316	9.699	16.062	23.912	1639.000
21/05/1994	1.610	8.196	17.162	23.077	1543.000
22/05/1994	4.064	8.427	17.137	23.360	1591.000
23/05/1994	20.524	6.746	16.740	21.212	1596.000
24/05/1994	11.033	6.687	16.388	20.870	1680.000
25/05/1994	5.004	6.703	16.212	20.751	1725.000
26/05/1994	5.639	6.922	16.093	20.853	1701.000
27/05/1994	5.085	9.372	16.174	23.701	1666.000
28/05/1994	10.234	9.931	15.904	24.232	1784.000
29/05/1994	21.326	8.015	16.630	22.568	1902.000
30/05/1994	8.370	8.428	16.171	22.654	1820.000
31/05/1994	6.166	8.168	15.822	22.102	1780.000
01/06/1994	4.278	9.315	16.051	23.634	1981.000
02/06/1994	1.652	8.561	15.905	22.649	1892.000
03/06/1994	6.068	8.003	16.892	22.737	1779.000
04/06/1994	15.362	7.975	16.268	22.262	2079.000
05/06/1994	4.746	8.795	16.177	23.138	2135.000
06/06/1994	4.697	8.955	15.497	22.830	2091.000
07/06/1994	4.134	9.205	15.836	23.385	1880.000
08/06/1994	3.046	9.048	16.141	23.452	1753.000
09/06/1994	1.279	10.151	15.751	24.461	1720.000
10/06/1994	0.097	10.523	15.907	25.040	1590.000
11/06/1994	6.314	9.175	15.843	23.377	1494.000
12/06/1994	6.529	8.094	15.882	22.195	1551.000
13/06/1994	3.838	9.923	15.379	23.947	1437.000
14/06/1994	5.045	8.765	16.038	23.034	1456.000
15/06/1994	6.294	8.512	16.509	23.120	1532.000
16/06/1994	4.420	9.817	16.214	24.429	1443.000
17/06/1994	1.170	9.617	15.615	23.771	1355.000
18/06/1994	8.044	8.279	14.987	21.734	1380.000
19/06/1994	1.575	9.382	15.714	23.592	1276.000
20/06/1994	4.459	7.626	15.255	21.179	1335.000
21/06/1994	6.425	5.576	15.574	19.158	1333.000
22/06/1994	6.927	7.678	15.033	21.051	1369.000
23/06/1994	6.747	8.138	15.318	21.829	1286.000
24/06/1994	3.509	8.880	15.004	22.506	1235.000
25/06/1994	2.896	10.136	14.818	23.875	1251.000
26/06/1994	7.208	9.242	15.272	23.104	1223.000
27/06/1994	4.177	7.881	15.096	21.315	1270.000
28/06/1994	4.757	9.176	14.842	22.775	1381.000
29/06/1994	2.242	9.397	14.502	22.752	1332.000
30/06/1994	2.936	9.409	14.075	22.445	1365.000
01/07/1994	3.776	9.828	13.909	22.848	1424.000
02/07/1994	2.371	10.118	14.640	23.710	1422.000
03/07/1994	12.756	7.163	15.792	21.048	1310.000
04/07/1994	13.546	7.734	15.627	21.618	1425.000
05/07/1994	3.956	7.622	14.974	20.875	1351.000
06/07/1994	2.480	9.273	14.588	22.599	1453.000
07/07/1994	8.275	8.812	14.976	22.360	1420.000
08/07/1994	0.585	8.494	15.739	22.508	1361.000
09/07/1994	0.482	8.646	15.953	22.794	1287.000
10/07/1994	1.257	11.303	15.754	25.835	1194.000
11/07/1994	2.876	9.692	15.771	23.891	1136.000
12/07/1994	2.077	8.658	15.745	22.647	1093.000
13/07/1994	0.165	9.237	15.481	23.151	1063.000
14/07/1994	0.163	10.222	14.918	23.957	1036.000
15/07/1994	0.073	9.139	15.319	22.893	1008.000
16/07/1994	0.805	8.660	15.647	22.575	980.000
17/07/1994	5.578	8.573	15.733	22.521	988.000
18/07/1994	5.064	9.096	15.359	22.856	1091.000
19/07/1994	0.123	9.050	14.994	22.554	1015.000
20/07/1994	7.484	8.326	14.999	21.665	1015.000
21/07/1994	8.705	8.061	14.879	21.287	1126.000
22/07/1994	7.021	8.326	14.888	21.609	1112.000
23/07/1994	3.098	8.972	15.097	22.454	1181.000
24/07/1994	1.533	8.086	15.518	21.706	1080.000
25/07/1994	4.051	9.410	14.758	22.731	1086.000
26/07/1994	4.293	11.010	14.888	24.755	1080.000
27/07/1994	1.467	9.797	15.435	23.654	1016.000
28/07/1994	7.303	9.213	14.888	22.556	983.000
29/07/1994	1.118	9.628	14.967	23.080	1019.000
30/07/1994	2.040	10.935	15.168	24.771	1000.000
31/07/1994	3.181	10.227	15.386	24.082	952.000
01/08/1994	0.662	10.162	14.842	23.633	914.000
02/08/1994	3.357	10.981	14.562	24.371	938.000
03/08/1994	12.205	9.157	15.541	22.856	962.000
04/08/1994	0.155	11.605	15.358	25.654	929.000
05/08/1994	6.736	8.861	16.018	22.870	913.000
06/08/1994	10.086	7.603	15.411	20.980	1049.000
07/08/1994	5.284	7.863	15.866	21.608	1062.000
08/08/1994	13.514	9.451	15.334	23.042	1257.000
09/08/1994	1.248	10.781	15.284	24.571	1161.000
10/08/1994	6.707	8.641	15.930	22.527	1060.000
11/08/1994	11.336	10.202	15.246	23.797	1141.000
12/08/1994	1.999	8.834	15.728	22.539	1084.000
13/08/1994	5.990	10.833	14.915	24.335	1213.000
14/08/1994	1.548	9.917	15.176	23.379	1139.000
15/08/1994	6.765	9.413	15.335	22.923	1426.000
16/08/1994	4.383	10.782	14.320	23.822	1502.000
17/08/1994	0.389	10.949	14.757	24.268	1334.000
18/08/1994	3.363	10.324	14.660	23.481	1270.000
19/08/1994	6.422	9.916	15.049	23.255	1293.000
20/08/1994	5.291	9.171	15.596	22.755	1326.000
21/08/1994	3.534	11.414	14.845	24.835	1351.000
22/08/1994	4.348	9.198	15.335	22.621	1280.000
23/08/1994	2.690	8.546	15.068	21.683	1147.000
24/08/1994	4.235	8.181	14.935	21.202	1168.000
25/08/1994	9.634	9.231	15.201	22.490	1497.000
26/08/1994	0.379	10.398	15.311	23.909	1359.000
27/08/1994	0.459	11.111	15.163	24.661	1177.000
28/08/1994	4.239	10.379	15.737	24.201	1107.000
29/08/1994	1.673	9.413	15.131	22.632	1058.000
30/08/1994	11.832	9.356	15.205	22.681	1162.000
31/08/1994	7.799	9.806	14.846	22.876	1123.000
01/09/1994	3.881	9.081	15.380	22.448	1275.000
02/09/1994	2.551	9.663	15.108	22.867	1213.000
03/09/1994	7.613	8.190	15.722	21.683	1195.000
04/09/1994	1.018	11.004	15.314	24.575	1177.000
05/09/1994	1.072	11.289	15.883	25.277	1099.000
06/09/1994	1.969	10.016	15.191	23.354	1030.000
07/09/1994	1.556	10.919	15.622	24.669	993.000
08/09/1994	3.633	10.933	15.279	24.473	920.000
09/09/1994	1.823	10.152	15.603	23.788	958.000
10/09/1994	3.585	9.391	15.255	22.686	952.000
11/09/1994	4.214	10.331	15.904	24.208	924.000
12/09/1994	6.674	10.407	16.397	24.632	998.000
13/09/1994	3.427	10.390	16.047	24.381	1016.000
14/09/1994	2.263	10.451	15.866	24.315	957.000
15/09/1994	9.238	10.248	15.810	24.034	930.000
16/09/1994	10.001	8.472	15.557	21.821	1022.000
17/09/1994	0.395	8.798	16.041	22.580	958.000
18/09/1994	3.172	10.266	15.973	24.170	917.000
19/09/1994	2.133	10.403	16.098	24.428	917.000
20/09/1994	4.009	9.971	15.439	23.492	993.000
21/09/1994	20.337	9.890	15.743	23.642	929.000
22/09/1994	2.061	7.571	15.835	21.093	975.000
23/09/1994	10.538	8.650	16.448	22.725	996.000
24/09/1994	7.770	6.981	16.556	21.034	974.000
25/09/1994	7.345	9.358	15.850	23.060	999.000
26/09/1994	5.256	8.561	15.578	21.961	1032.000
27/09/1994	5.614	8.690	15.358	21.967	1096.000
28/09/1994	19.869	8.050	15.974	21.749	1326.000
29/09/1994	1.751	8.517	15.619	22.024	1491.000
30/09/1994	15.447	7.594	15.766	21.101	1337.000
01/10/1994	4.350	8.715	14.763	21.603	1438.000
02/10/1994	3.219	9.148	14.530	21.920	1308.000
03/10/1994	9.308	8.444	15.037	21.505	1222.000
04/10/1994	10.018	9.289	15.000	22.440	1269.000
05/10/1994	3.289	10.213	15.045	23.584	1240.000
06/10/1994	8.836	8.165	15.332	21.446	1299.000
07/10/1994	19.095	7.226	15.535	20.600	1237.000
08/10/1994	8.114	8.299	15.394	21.642	1365.000
09/10/1994	11.366	7.899	15.668	21.414	1371.000
10/10/1994	10.990	9.411	14.938	22.649	1685.000
11/10/1994	8.064	9.207	15.379	22.696	1401.000
12/10/1994	15.980	8.856	15.270	22.260	1394.000
13/10/1994	12.492	6.400	15.605	19.807	1455.000
14/10/1994	3.347	8.545	15.438	21.988	1687.000
15/10/1994	11.030	9.568	15.490	23.256	1634.000
16/10/1994	5.653	9.839	15.537	23.704	1564.000
17/10/1994	12.912	8.262	15.917	22.181	1477.000
18/10/1994	25.036	5.017	15.485	18.373	1449.000
19/10/1994	9.069	6.905	15.094	19.963	1863.000
20/10/1994	8.439	9.063	14.287	21.881	2034.000
21/10/1994	0.721	10.561	15.177	24.353	2111.000
22/10/1994	2.352	9.661	16.001	23.879	1868.000
23/10/1994	11.649	7.510	15.717	21.205	1795.000
24/10/1994	7.258	7.765	15.819	21.586	2010.000
25/10/1994	18.789	7.324	15.967	21.222	2295.000
26/10/1994	1.226	9.628	15.632	23.663	2141.000
27/10/1994	3.953	9.448	15.501	23.379	1884.000
28/10/1994	4.185	9.340	16.009	23.650	1761.000
29/10/1994	11.238	9.232	15.812	23.391	1685.000
30/10/1994	1.866	10.490	14.944	24.321	1441.000
31/10/1994	15.953	8.218	16.181	22.542	1437.000
01/11/1994	17.733	7.836	16.325	22.183	1537.000
02/11/1994	5.197	8.360	15.610	22.273	1578.000
03/11/1994	11.171	7.245	15.968	21.271	1678.000
04/11/1994	10.053	7.254	16.286	21.548	1957.000
05/11/1994	29.706	6.219	15.281	19.585	2075.000
06/11/1994	12.735	8.308	14.769	21.645	2264.000
07/11/1994	4.764	9.463	14.884	23.131	2137.000
08/11/1994	6.971	8.527	15.730	22.682	2073.000
09/11/1994	6.080	8.228	15.478	22.151	2023.000
10/11/1994	8.968	8.676	15.632	22.830	2050.000
11/11/1994	12.702	8.342	15.690	22.441	1977.000
12/11/1994	1.477	9.414	15.028	23.334	1704.000
13/11/1994	4.418	8.485	16.227	23.081	1777.000
14/11/1994	12.342	8.279	15.866	22.584	1782.000
15/11/1994	3.394	8.812	15.422	22.932	1763.000
16/11/1994	8.282	9.311	15.562	23.674	1852.000
17/11/1994	5.877	8.917	15.676	23.272	1663.000
18/11/1994	4.928	8.785	16.148	23.455	1536.000
19/11/1994	8.831	7.937	16.078	22.417	1478.000
20/11/1994	1.957	7.285	15.991	21.566	1439.000
21/11/1994	10.251	7.525	15.905	21.783	1389.000
22/11/1994	7.869	6.449	16.138	20.717	1541.000
23/11/1994	5.267	6.893	15.903	21.057	1814.000
24/11/1994	25.990	7.523	15.791	21.716	1828.000
25/11/1994	15.173	7.707	15.716	21.910	2421.000
26/11/1994	7.478	7.505	15.685	21.668	2492.000
27/11/1994	6.225	7.079	15.903	21.341	2290.000
28/11/1994	5.247	7.499	15.542	21.564	2244.000
29/11/1994	5.410	8.890	15.341	23.172	2251.000
30/11/1994	10.205	8.255	14.777	21.976	2076.000
01/12/1994	19.686	7.299	15.581	21.380	1928.000
02/12/1994	2.143	7.392	15.827	21.693	1904.000
03/12/1994	1.943	8.013	15.809	22.436	1709.000
04/12/1994	2.993	8.928	15.405	23.352	1591.000
05/12/1994	1.347	9.321	15.503	23.932	1627.000
06/12/1994	5.747	8.727	15.591	23.233	1536.000
07/12/1994	1.210	8.570	15.684	23.116	1576.000
08/12/1994	2.895	7.953	15.920	22.539	1576.000
09/12/1994	1.117	9.208	15.625	23.900	1583.000
10/12/1994	4.490	9.404	15.840	24.305	1467.000
11/12/1994	1.052	8.564	16.431	23.677	1467.000
12/12/1994	2.925	9.466	14.797	23.669	1398.000
13/12/1994	6.462	8.846	15.541	23.405	1335.000
14/12/1994	8.145	8.487	15.856	23.153	1321.000
15/12/1994	5.331	8.303	16.648	23.518	1260.000
16/12/1994	3.866	8.496	15.862	23.190	1232.000
17/12/1994	0.000	9.799	15.303	24.488	1259.000
18/12/1994	4.676	8.338	16.087	23.178	1206.000
19/12/1994	4.209	6.954	16.627	21.918	1224.000
20/12/1994	4.436	7.401	16.383	22.219	1293.000
21/12/1994	8.390	7.376	16.523	22.307	1197.000
22/12/1994	2.371	7.809	16.499	22.791	1177.000
23/12/1994	24.130	6.706	16.485	21.500	1162.000
24/12/1994	1.424	7.522	15.626	21.767	1140.000
25/12/1994	0.015	7.361	15.218	21.288	1184.000
26/12/1994	0.006	8.219	15.316	22.379	1174.000
27/12/1994	0.076	7.394	15.530	21.511	1142.000
28/12/1994	0.000	8.916	15.387	23.330	1124.000
29/12/1994	0.414	7.903	15.931	22.438	1101.000
30/12/1994	0.385	9.858	15.389	24.552	1063.000
31/12/1994	0.000	8.609	15.015	22.684	1043.000
01/01/1995	0.000	8.297	15.665	22.758	983.000
02/01/1995	0.194	9.891	15.777	24.839	972.000
03/01/1995	0.001	9.925	15.818	24.894	952.000
04/01/1995	0.254	8.241	15.763	22.770	930.000
05/01/1995	2.720	9.826	14.836	24.070	919.000
06/01/1995	0.288	10.131	14.479	24.210	908.000
07/01/1995	0.386	10.369	15.144	24.960	895.000
08/01/1995	3.006	9.600	15.742	24.381	886.000
09/01/1995	3.231	9.929	14.818	24.127	879.000
10/01/1995	0.643	7.514	15.105	21.283	869.000
11/01/1995	0.000	9.398	15.095	23.656	852.000
12/01/1995	0.164	8.663	15.317	22.787	841.000
13/01/1995	3.252	8.578	15.537	22.815	841.000
14/01/1995	0.382	10.951	13.931	24.731	846.000
15/01/1995	1.322	10.029	14.661	24.013	834.000
16/01/1995	0.190	9.569	14.916	23.599	848.000
17/01/1995	1.842	9.647	15.568	24.111	841.000
18/01/1995	0.000	9.986	16.231	25.011	845.000
19/01/1995	6.871	9.250	15.950	23.891	854.000
20/01/1995	8.152	7.785	16.240	22.322	866.000
21/01/1995	1.210	8.943	14.949	22.690	829.000
22/01/1995	6.577	8.654	15.305	22.604	803.000
23/01/1995	2.180	11.482	14.011	25.250	792.000
24/01/1995	2.853	8.910	15.610	23.136	772.000
25/01/1995	1.038	10.745	15.147	25.046	761.000
26/01/1995	0.597	9.568	16.005	24.173	756.000
27/01/1995	3.687	10.501	16.063	25.315	751.000
28/01/1995	2.888	8.881	16.444	23.617	742.000
29/01/1995	0.197	10.830	15.138	25.073	728.000
30/01/1995	0.965	9.970	15.498	24.212	736.000
31/01/1995	3.183	9.708	15.506	23.896	726.000
01/02/1995	1.409	9.985	15.364	24.101	712.000
02/02/1995	0.194	10.708	15.562	25.106	704.000
03/02/1995	0.191	10.942	15.579	25.396	711.000
04/02/1995	4.739	9.303	15.712	23.489	713.000
05/02/1995	7.747	7.823	16.373	22.195	706.000
06/02/1995	5.054	9.730	16.222	24.252	660.000
07/02/1995	0.120	11.623	15.267	25.873	645.000
08/02/1995	0.313	11.256	15.919	25.898	641.000
09/02/1995	0.808	10.291	15.807	24.619	630.000
10/02/1995	1.256	11.474	14.625	25.201	639.000
11/02/1995	0.084	12.435	14.239	26.098	612.000
12/02/1995	0.000	11.508	14.344	25.010	601.000
13/02/1995	0.536	11.680	15.410	25.891	588.000
14/02/1995	0.000	11.561	15.222	25.583	590.000
15/02/1995	0.000	12.436	15.158	26.588	590.000
16/02/1995	0.009	12.149	15.027	26.147	584.000
17/02/1995	0.519	10.980	15.243	24.847	580.000
18/02/1995	0.013	11.490	14.407	24.830	569.000
19/02/1995	0.530	11.507	15.277	25.415	575.000
20/02/1995	19.523	9.629	16.171	23.823	561.000
21/02/1995	1.379	6.211	16.202	20.060	569.000
22/02/1995	0.003	10.900	15.104	24.483	602.000
23/02/1995	0.060	12.042	14.590	25.501	630.000
24/02/1995	0.492	9.654	15.573	23.352	653.000
25/02/1995	0.735	9.721	16.153	23.802	617.000
26/02/1995	0.343	8.649	15.353	22.002	635.000
27/02/1995	1.182	11.159	15.064	24.676	615.000
28/02/1995	0.330	9.538	15.766	23.265	623.000
01/03/1995	0.273	10.431	16.474	24.795	614.000
02/03/1995	1.431	10.124	16.488	24.433	602.000
03/03/1995	0.009	10.830	16.311	25.072	586.000
04/03/1995	4.743	9.420	17.125	24.073	569.000
05/03/1995	2.041	10.206	16.852	24.735	582.000
06/03/1995	4.107	10.741	16.739	25.256	590.000
07/03/1995	6.451	8.838	16.747	23.114	600.000
08/03/1995	7.139	10.024	16.568	24.322	578.000
09/03/1995	9.274	8.839	16.848	23.172	578.000
10/03/1995	6.576	9.654	16.577	23.878	594.000
11/03/1995	7.834	7.460	16.867	21.759	647.000
12/03/1995	1.027	8.968	16.402	22.942	690.000
13/03/1995	0.772	11.583	15.200	25.067	752.000
14/03/1995	0.000	11.552	14.820	24.769	733.000
15/03/1995	0.027	11.786	14.255	24.655	701.000
16/03/1995	0.133	11.425	14.502	24.363	714.000
17/03/1995	3.007	11.755	14.591	24.782	693.000
18/03/1995	2.364	10.142	16.284	24.113	647.000
19/03/1995	10.226	9.757	16.867	24.168	614.000
20/03/1995	9.973	9.782	16.359	23.809	621.000
21/03/1995	11.227	9.195	15.550	22.528	627.000
22/03/1995	13.315	9.770	15.915	23.440	741.000
23/03/1995	9.821	7.621	16.065	21.184	810.000
24/03/1995	3.927	9.744	16.078	23.474	752.000
25/03/1995	3.166	9.462	16.264	23.314	787.000
26/03/1995	7.065	11.269	15.853	25.043	799.000
27/03/1995	9.819	11.229	16.251	25.307	777.000
28/03/1995	7.333	9.260	16.336	23.188	806.000
29/03/1995	5.192	9.109	16.398	23.068	799.000
30/03/1995	4.291	9.931	16.490	24.022	801.000
31/03/1995	0.641	10.713	16.614	24.967	794.000
01/04/1995	14.784	9.309	16.520	23.388	854.000
02/04/1995	4.925	10.571	15.112	23.788	855.000
03/04/1995	1.746	11.921	15.073	25.286	830.000
04/04/1995	0.409	10.270	16.778	24.611	825.000
05/04/1995	2.582	9.677	16.802	23.988	820.000
06/04/1995	4.613	11.554	15.833	25.397	805.000
07/04/1995	11.015	9.602	17.045	24.130	783.000
08/04/1995	8.040	9.270	16.516	23.335	856.000
09/04/1995	4.033	9.697	16.139	23.550	929.000
10/04/1995	4.516	10.416	16.623	24.669	879.000
11/04/1995	4.690	10.544	16.653	24.874	869.000
12/04/1995	8.339	9.798	17.050	24.356	851.000
13/04/1995	6.916	10.319	16.582	24.570	832.000
14/04/1995	17.910	6.776	17.136	21.214	811.000
15/04/1995	0.684	9.764	15.329	23.019	838.000
16/04/1995	7.347	10.432	16.846	24.889	1003.000
17/04/1995	30.583	6.786	16.934	21.082	992.000
18/04/1995	3.159	8.397	16.027	22.031	1043.000
19/04/1995	6.659	8.864	15.976	22.520	1152.000
20/04/1995	11.775	7.818	16.181	21.562	1188.000
21/04/1995	9.292	8.227	16.268	22.062	1274.000
22/04/1995	12.582	6.854	16.354	20.716	1442.000
23/04/1995	6.866	10.727	15.647	24.456	1383.000
24/04/1995	7.765	9.702	16.842	24.155	1317.000
25/04/1995	2.475	10.342	16.332	24.497	1326.000
26/04/1995	6.766	7.795	16.103	21.520	1359.000
27/04/1995	12.730	9.121	16.463	23.280	1460.000
28/04/1995	13.666	8.585	16.779	22.988	1573.000
29/04/1995	18.625	7.829	16.540	21.937	1748.000
30/04/1995	9.083	9.037	16.272	23.069	1601.000
01/05/1995	12.014	10.265	15.904	24.200	1506.000
02/05/1995	11.937	9.844	15.794	23.657	1642.000
03/05/1995	4.502	10.342	16.260	24.594	1714.000
04/05/1995	5.053	8.258	16.637	22.557	1655.000
05/05/1995	6.177	9.986	15.526	23.777	1553.000
06/05/1995	12.311	7.944	16.543	22.140	1495.000
07/05/1995	11.873	8.706	16.144	22.698	1703.000
08/05/1995	1.534	10.043	15.335	23.677	1694.000
09/05/1995	6.382	8.689	17.072	23.398	1752.000
10/05/1995	6.237	9.853	16.546	24.348	1724.000
11/05/1995	2.177	10.153	16.103	24.386	1741.000
12/05/1995	6.477	9.019	17.373	24.037	1681.000
13/05/1995	16.244	8.152	16.939	22.737	1550.000
14/05/1995	8.775	7.198	16.501	21.407	1455.000
15/05/1995	4.500	9.421	16.616	23.981	1474.000
16/05/1995	17.883	6.389	16.466	20.522	1601.000
17/05/1995	0.527	9.328	15.586	23.085	1677.000
18/05/1995	7.017	8.640	15.670	22.382	1762.000
19/05/1995	3.219	8.465	15.954	22.424	1772.000
20/05/1995	3.859	10.756	15.371	24.727	1806.000
21/05/1995	3.461	10.026	16.229	24.443	1556.000
22/05/1995	3.155	8.516	16.152	22.652	1411.000
23/05/1995	6.786	9.808	15.254	23.541	1391.000
24/05/1995	14.232	7.915	14.674	20.882	1355.000
25/05/1995	6.811	7.884	15.787	21.674	1388.000
26/05/1995	9.021	8.054	15.814	21.896	1360.000
27/05/1995	4.913	9.084	15.935	23.175	1370.000
28/05/1995	5.118	9.708	16.234	24.176	1415.000
29/05/1995	9.575	8.991	16.753	23.729	1639.000
30/05/1995	13.874	8.880	16.347	23.341	1513.000
31/05/1995	5.330	10.397	15.716	24.663	1484.000
01/06/1995	12.327	8.499	15.968	22.597	1424.000
02/06/1995	6.615	6.921	15.844	20.712	1465.000
03/06/1995	5.156	8.764	15.552	22.630	1514.000
04/06/1995	9.255	10.169	15.978	24.624	1677.000
05/06/1995	15.209	7.825	16.649	22.350	1700.000
06/06/1995	9.675	8.490	16.214	22.823	1695.000
07/06/1995	8.126	8.067	16.058	22.230	1780.000
08/06/1995	12.737	8.696	15.523	22.529	1695.000
09/06/1995	4.717	7.765	15.679	21.620	1827.000
10/06/1995	3.754	10.513	15.845	24.986	1794.000
11/06/1995	6.716	10.295	16.336	25.071	1705.000
12/06/1995	11.423	9.555	16.231	24.115	1653.000
13/06/1995	10.316	9.004	16.225	23.484	1695.000
14/06/1995	5.198	9.068	15.993	23.349	1648.000
15/06/1995	5.395	7.988	16.078	22.200	1571.000
16/06/1995	0.497	7.895	16.011	22.015	1644.000
17/06/1995	2.851	9.245	16.493	23.998	1570.000
18/06/1995	13.740	9.034	16.572	23.793	1846.000
19/06/1995	10.374	8.019	16.590	22.589	1714.000
20/06/1995	1.997	9.181	16.209	23.673	1846.000
21/06/1995	5.510	9.983	16.078	24.573	1705.000
22/06/1995	1.733	9.828	16.077	24.363	1482.000
23/06/1995	9.292	9.490	15.717	23.743	1611.000
24/06/1995	14.250	5.768	15.967	19.642	1491.000
25/06/1995	4.473	9.796	15.516	23.901	1584.000
26/06/1995	1.459	9.427	15.307	23.333	1556.000
27/06/1995	4.980	9.788	15.819	24.128	1433.000
28/06/1995	4.080	9.212	15.550	23.248	1433.000
29/06/1995	7.146	8.758	16.089	23.141	1330.000
30/06/1995	7.501	9.456	15.924	23.825	1500.000
01/07/1995	4.250	10.087	15.564	24.284	1639.000
02/07/1995	1.902	11.083	15.405	25.433	1724.000
03/07/1995	7.564	8.606	15.685	22.600	1620.000
04/07/1995	4.769	8.471	15.575	22.354	1487.000
05/07/1995	9.770	6.286	15.830	20.085	1500.000
06/07/1995	4.883	6.427	16.096	20.449	1695.000
07/07/1995	5.292	8.705	14.718	22.037	1851.000
08/07/1995	0.005	9.673	14.748	23.214	1813.000
09/07/1995	3.577	9.436	14.826	22.955	1570.000
10/07/1995	4.995	10.274	14.603	23.801	1592.000
11/07/1995	3.967	9.006	15.194	22.693	1397.000
12/07/1995	5.698	10.078	15.598	24.254	1320.000
13/07/1995	4.538	9.232	15.535	23.236	1370.000
14/07/1995	6.420	8.716	15.017	22.177	1215.000
15/07/1995	1.960	10.202	15.345	24.243	1316.000
16/07/1995	18.562	8.965	15.855	23.074	1308.000
17/07/1995	14.021	8.266	16.105	22.464	1343.000
18/07/1995	7.045	8.890	15.664	22.833	1379.000
19/07/1995	5.303	8.611	16.174	22.891	1482.000
20/07/1995	6.294	8.724	15.564	22.538	1370.000
21/07/1995	16.579	7.159	15.864	21.004	1612.000
22/07/1995	6.628	9.536	15.887	23.696	1916.000
23/07/1995	7.588	9.225	15.056	22.757	1695.000
24/07/1995	7.756	8.572	16.000	22.667	2170.000
25/07/1995	8.442	9.947	15.788	24.110	1823.000
26/07/1995	17.454	7.711	15.705	21.451	2156.000
27/07/1995	6.690	6.862	15.422	20.290	2081.000
28/07/1995	1.197	7.493	15.187	20.756	2118.000
29/07/1995	1.763	9.412	15.811	23.404	2128.000
30/07/1995	15.393	11.306	14.623	24.872	1949.000
31/07/1995	17.811	10.062	15.269	23.791	1818.000
01/08/1995	15.405	7.479	15.585	21.060	1968.000
02/08/1995	7.731	6.912	15.630	20.453	1945.000
03/08/1995	3.532	7.745	15.362	21.140	1987.000
04/08/1995	10.955	8.841	14.951	22.056	1977.000
05/08/1995	2.732	9.486	15.243	23.023	2015.000
06/08/1995	6.677	9.938	15.115	23.436	2057.000
07/08/1995	0.000	12.038	14.960	25.837	1827.000
08/08/1995	1.427	9.702	15.415	23.375	1528.000
09/08/1995	7.663	9.681	15.302	23.304	1813.000
10/08/1995	5.559	8.600	15.698	22.314	1672.000
11/08/1995	5.756	8.217	15.665	21.790	1870.000
12/08/1995	3.267	9.369	15.245	22.790	1845.000
13/08/1995	6.934	9.595	14.940	22.840	1630.000
14/08/1995	1.907	9.981	15.624	23.788	1839.000
15/08/1995	13.403	9.024	15.499	22.595	1713.000
16/08/1995	8.521	9.226	15.387	22.679	1874.000
17/08/1995	3.117	9.733	15.129	23.104	1762.000
18/08/1995	7.494	8.738	16.017	22.598	1666.000
19/08/1995	9.748	9.496	15.711	23.208	1623.000
20/08/1995	9.605	8.604	15.839	22.333	1787.000
21/08/1995	3.806	10.473	15.119	23.896	1893.000
22/08/1995	2.064	11.207	15.126	24.794	1937.000
23/08/1995	15.181	9.651	15.568	23.292	1826.000
24/08/1995	1.729	10.226	15.226	23.654	1879.000
25/08/1995	6.569	8.952	15.736	22.611	1706.000
26/08/1995	7.556	9.422	15.224	22.713	1907.000
27/08/1995	2.959	9.290	16.310	23.379	1923.000
28/08/1995	4.169	9.202	16.265	23.216	1936.000
29/08/1995	2.148	9.918	15.928	23.778	1831.000
30/08/1995	0.000	12.017	15.256	25.731	1583.000
31/08/1995	3.145	10.622	15.667	24.422	1584.000
01/09/1995	1.114	11.067	15.033	24.465	1564.000
02/09/1995	2.827	10.856	15.070	24.231	1465.000
03/09/1995	0.536	11.818	15.614	25.685	1262.000
04/09/1995	0.071	10.644	15.811	24.517	1290.000
05/09/1995	1.185	9.180	15.369	22.525	1208.000
06/09/1995	1.698	10.657	14.825	23.807	1178.000
07/09/1995	0.515	8.273	15.815	21.811	1069.000
08/09/1995	3.324	8.956	15.845	22.588	1318.000
09/09/1995	2.121	7.882	15.951	21.538	1241.000
10/09/1995	12.642	10.280	15.857	24.111	1267.000
11/09/1995	10.470	9.075	15.982	22.851	1366.000
12/09/1995	10.947	7.976	15.207	21.016	1324.000
13/09/1995	7.914	8.759	15.879	22.390	1457.000
14/09/1995	13.213	6.573	16.253	20.398	1449.000
15/09/1995	2.514	8.205	15.451	21.450	1403.000
16/09/1995	12.417	7.841	15.358	20.968	1408.000
17/09/1995	2.273	9.489	14.871	22.466	1534.000
18/09/1995	3.492	7.560	15.788	21.052	1539.000
19/09/1995	2.116	10.957	15.452	24.619	1363.000
20/09/1995	6.182	10.491	15.431	24.066	1396.000
21/09/1995	0.772	10.460	15.972	24.414	1300.000
22/09/1995	12.310	8.474	16.320	22.438	1333.000
23/09/1995	8.900	9.562	15.980	23.393	1419.000
24/09/1995	5.028	10.839	15.261	24.342	1309.000
25/09/1995	5.439	8.831	16.474	22.962	1266.000
26/09/1995	8.806	10.262	15.990	24.246	1337.000
27/09/1995	0.426	10.495	15.255	24.007	1289.000
28/09/1995	2.196	11.581	14.496	24.751	1171.000
29/09/1995	6.430	9.597	16.221	23.692	1113.000
30/09/1995	11.622	8.481	15.634	21.957	1147.000
01/10/1995	6.653	6.983	16.079	20.709	1101.000
02/10/1995	2.906	10.346	15.650	24.124	1116.000
03/10/1995	1.108	10.394	15.383	24.010	1055.000
04/10/1995	2.626	10.823	15.352	24.548	1059.000
05/10/1995	11.746	7.640	16.321	21.660	1084.000
06/10/1995	4.143	9.822	15.309	23.309	1138.000
07/10/1995	14.719	7.307	16.469	21.401	1267.000
08/10/1995	6.844	7.676	15.235	20.853	1248.000
09/10/1995	43.023	5.669	16.460	19.716	1459.000
10/10/1995	1.250	5.200	15.793	18.708	1629.000
11/10/1995	5.929	8.570	14.746	21.490	1502.000
12/10/1995	8.034	8.874	15.001	22.120	1740.000
13/10/1995	11.918	10.137	15.660	24.065	2057.000
14/10/1995	16.970	8.106	16.072	22.027	2011.000
15/10/1995	5.377	9.826	15.299	23.442	1855.000
16/10/1995	18.365	7.954	15.930	21.785	2124.000
17/10/1995	6.023	8.430	15.820	22.215	1957.000
18/10/1995	7.806	6.666	15.473	20.034	1794.000
19/10/1995	8.262	6.682	15.484	20.041	2169.000
20/10/1995	7.650	7.772	15.199	21.069	2224.000
21/10/1995	6.696	7.947	15.268	21.325	2176.000
22/10/1995	6.883	7.016	15.445	20.443	2417.000
23/10/1995	9.111	8.735	15.261	22.275	2502.000
24/10/1995	8.658	9.977	14.858	23.503	2395.000
25/10/1995	7.185	7.483	15.384	20.926	2159.000
26/10/1995	7.434	7.398	15.730	21.108	2208.000
27/10/1995	8.757	6.104	15.984	19.927	2147.000
28/10/1995	9.380	6.932	15.360	20.412	2189.000
29/10/1995	7.704	7.461	15.040	20.763	2087.000
30/10/1995	5.335	8.811	14.621	22.020	2035.000
31/10/1995	7.667	6.536	15.326	19.945	1901.000
01/11/1995	3.523	7.579	14.618	20.565	1811.000
02/11/1995	5.787	8.604	14.913	22.087	1722.000
03/11/1995	5.350	6.137	15.377	19.558	1642.000
04/11/1995	13.994	8.251	14.908	21.633	1660.000
05/11/1995	10.338	7.650	15.095	21.125	1630.000
06/11/1995	7.941	9.945	15.279	24.019	1726.000
07/11/1995	18.116	6.103	15.591	19.785	1735.000
08/11/1995	10.436	6.526	14.909	19.717	1758.000
09/11/1995	5.279	8.486	15.225	22.254	1896.000
10/11/1995	2.711	6.738	15.134	20.132	1841.000
11/11/1995	1.936	6.932	14.874	20.207	1824.000
12/11/1995	0.008	5.810	14.877	18.933	1772.000
13/11/1995	3.538	6.747	14.994	20.044	1813.000
14/11/1995	11.241	7.655	14.265	20.661	2129.000
15/11/1995	15.622	9.165	15.172	23.152	2177.000
16/11/1995	7.022	8.802	15.380	22.892	2058.000
17/11/1995	18.830	7.426	15.848	21.619	1971.000
18/11/1995	4.782	7.222	14.738	20.515	1826.000
19/11/1995	9.627	7.957	15.587	22.038	1749.000
20/11/1995	1.727	9.156	15.629	23.597	1661.000
21/11/1995	28.157	6.384	15.940	20.500	1564.000
22/11/1995	1.781	8.482	15.420	22.602	1496.000
23/11/1995	1.540	10.380	14.820	24.605	1489.000
24/11/1995	1.928	8.952	16.233	23.863	1463.000
25/11/1995	3.918	6.929	16.170	21.348	1406.000
26/11/1995	0.515	8.091	15.524	22.268	1536.000
27/11/1995	0.809	9.449	15.568	24.022	1596.000
28/11/1995	0.000	8.407	15.747	22.856	1524.000
29/11/1995	2.927	7.994	15.655	22.272	1479.000
30/11/1995	0.033	9.876	15.210	24.344	1421.000
01/12/1995	1.388	9.410	16.305	24.564	1373.000
02/12/1995	4.179	8.042	16.086	22.714	1331.000
03/12/1995	10.463	8.171	16.195	22.960	1197.000
04/12/1995	26.859	6.993	16.212	21.545	1385.000
05/12/1995	3.437	8.780	15.231	23.000	1593.000
06/12/1995	7.554	8.958	15.009	23.077	1685.000
07/12/1995	6.178	6.227	15.949	20.439	1577.000
08/12/1995	0.000	9.301	14.998	23.531	1786.000
09/12/1995	0.089	7.917	14.802	21.639	1758.000
10/12/1995	10.574	5.542	15.750	19.543	1540.000
11/12/1995	13.642	7.628	15.150	21.523	1358.000
12/12/1995	1.307	8.975	14.703	22.926	1523.000
13/12/1995	7.036	7.718	15.996	22.292	1660.000
14/12/1995	9.858	7.639	16.154	22.323	1661.000
15/12/1995	14.040	7.942	15.948	22.558	1733.000
16/12/1995	3.870	8.123	15.705	22.603	1656.000
17/12/1995	9.279	7.891	15.781	22.344	1634.000
18/12/1995	6.402	8.279	15.431	22.562	1648.000
19/12/1995	10.323	8.192	16.491	23.264	1663.000
20/12/1995	10.659	8.602	15.406	23.003	1625.000
21/12/1995	7.646	7.356	15.034	21.149	1641.000
22/12/1995	2.982	8.738	14.652	22.621	1745.000
23/12/1995	3.328	8.901	15.048	23.135	1620.000
24/12/1995	2.563	8.321	15.340	22.619	1505.000
25/12/1995	0.780	6.183	15.880	20.383	1639.000
26/12/1995	0.866	7.594	14.599	21.109	1567.000
27/12/1995	1.128	7.469	15.108	21.334	1401.000
28/12/1995	8.151	8.561	15.126	22.732	1401.000
29/12/1995	3.128	8.430	15.141	22.551	1338.000
30/12/1995	2.737	8.963	14.827	22.994	1320.000
31/12/1995	0.000	9.742	14.963	24.112	1315.000
01/01/1996	0.176	7.964	14.374	21.420	1397.000
02/01/1996	0.078	9.602	14.765	23.755	1427.000
03/01/1996	0.000	9.271	15.060	23.522	1310.000
04/01/1996	3.443	9.179	15.132	23.468	1219.000
05/01/1996	1.302	9.252	14.912	23.403	1181.000
06/01/1996	1.755	9.016	14.652	22.884	1147.000
07/01/1996	0.459	7.847	15.091	21.727	1125.000
08/01/1996	0.642	9.328	14.232	22.959	1094.000
09/01/1996	3.838	7.992	14.873	21.688	1068.000
10/01/1996	3.322	9.773	14.005	23.344	1137.000
11/01/1996	0.523	9.065	15.145	23.229	1060.000
12/01/1996	5.826	7.591	15.369	21.535	1045.000
13/01/1996	17.145	8.164	15.384	22.208	1042.000
14/01/1996	7.784	7.530	15.055	21.141	976.000
15/01/1996	6.225	8.574	15.608	22.847	958.000
16/01/1996	11.970	8.853	15.064	22.821	939.000
17/01/1996	18.756	6.907	15.133	20.460	947.000
18/01/1996	12.629	7.133	14.780	20.434	990.000
19/01/1996	1.156	7.561	14.259	20.515	1038.000
20/01/1996	2.058	8.115	13.281	20.492	1051.000
21/01/1996	1.806	7.164	14.500	20.231	1086.000
22/01/1996	5.277	6.268	15.003	19.550	1159.000
23/01/1996	2.827	8.190	14.165	21.164	1179.000
24/01/1996	0.064	8.248	14.679	21.594	1210.000
25/01/1996	10.553	7.177	15.180	20.684	1311.000
26/01/1996	1.169	9.707	15.143	23.703	1315.000
27/01/1996	2.610	9.960	14.655	23.688	1266.000
28/01/1996	4.121	9.035	15.421	23.030	1354.000
29/01/1996	3.415	8.441	15.452	22.317	1343.000
30/01/1996	4.959	9.865	14.122	23.100	1271.000
31/01/1996	6.103	7.932	14.673	21.111	1239.000
01/02/1996	1.241	7.841	14.412	20.795	1300.000
02/02/1996	0.423	8.788	14.772	22.201	1224.000
03/02/1996	3.162	8.269	15.445	22.054	1204.000
04/02/1996	21.523	9.074	14.758	22.470	1215.000
05/02/1996	6.247	6.008	15.135	19.196	1263.000
06/02/1996	1.813	6.861	14.514	19.575	1369.000
07/02/1996	1.910	7.092	15.429	20.618	1295.000
08/02/1996	0.465	7.938	15.339	21.473	1480.000
09/02/1996	5.790	9.975	14.896	23.558	1617.000
10/02/1996	10.864	8.718	14.473	21.719	1624.000
11/02/1996	3.525	9.073	15.554	22.892	1568.000
12/02/1996	2.720	10.627	15.283	24.523	1577.000
13/02/1996	4.675	9.139	15.109	22.598	1559.000
14/02/1996	1.437	8.766	14.874	21.980	1530.000
15/02/1996	2.517	8.751	15.187	22.180	1491.000
16/02/1996	2.269	9.398	15.695	23.288	1446.000
17/02/1996	14.738	8.087	14.814	21.108	1448.000
18/02/1996	7.413	9.091	15.357	22.622	1496.000
19/02/1996	3.834	10.359	15.400	24.132	1476.000
20/02/1996	2.662	11.017	14.727	24.432	1381.000
21/02/1996	3.906	8.015	15.485	21.501	1340.000
22/02/1996	10.656	7.415	15.090	20.453	1291.000
23/02/1996	1.177	9.481	15.948	23.436	1304.000
24/02/1996	2.336	9.617	15.364	23.153	1266.000
25/02/1996	1.777	10.964	14.599	24.170	1249.000
26/02/1996	2.528	10.392	16.065	24.494	1233.000
27/02/1996	16.737	8.519	15.759	22.133	1248.000
28/02/1996	2.769	9.501	15.578	23.123	1231.000
29/02/1996	5.026	8.868	15.445	22.303	1248.000
01/03/1996	6.248	9.092	16.299	23.130	1419.000
02/03/1996	8.031	8.112	16.377	22.116	1412.000
03/03/1996	1.064	9.776	16.096	23.726	1590.000
04/03/1996	10.198	9.040	16.432	23.132	1524.000
05/03/1996	18.072	7.184	16.604	21.263	1414.000
06/03/1996	11.165	7.929	16.409	21.872	1437.000
07/03/1996	7.384	7.788	16.146	21.505	1804.000
08/03/1996	8.438	7.312	16.024	20.917	2208.000
09/03/1996	2.143	8.950	15.692	22.431	2113.000
10/03/1996	14.185	6.958	15.946	20.439	1930.000
11/03/1996	10.921	5.212	16.260	19.064	2086.000
12/03/1996	0.229	9.226	15.231	22.417	2567.000
13/03/1996	2.264	9.440	15.899	23.134	2609.000
14/03/1996	0.996	8.321	15.768	21.802	2332.000
15/03/1996	11.375	5.831	15.962	19.326	2298.000
16/03/1996	9.527	7.094	15.365	20.098	2271.000
17/03/1996	0.470	8.540	15.154	21.481	2419.000
18/03/1996	2.254	12.348	14.409	25.358	2523.000
19/03/1996	0.794	9.489	15.386	22.752	2316.000
20/03/1996	2.301	9.345	14.756	22.159	2124.000
21/03/1996	2.919	8.593	15.401	21.740	2143.000
22/03/1996	7.674	8.084	15.255	21.084	2025.000
23/03/1996	9.984	9.358	15.146	22.371	1892.000
24/03/1996	8.432	9.371	15.142	22.401	1832.000
25/03/1996	11.675	8.455	15.802	21.912	1852.000
26/03/1996	6.176	9.307	15.393	22.497	1857.000
27/03/1996	8.663	9.551	15.323	22.747	1780.000
28/03/1996	7.053	9.663	15.243	22.862	1729.000
29/03/1996	6.354	9.194	15.733	22.643	1679.000
30/03/1996	7.033	9.562	15.472	22.867	1642.000
31/03/1996	7.005	8.853	16.096	22.559	1564.000
01/04/1996	1.832	9.056	15.914	22.607	1536.000
02/04/1996	4.726	7.736	16.134	21.370	1731.000
03/04/1996	28.294	6.390	16.091	19.974	1821.000
04/04/1996	0.715	9.758	15.297	22.946	1820.000
05/04/1996	10.703	8.067	15.965	21.588	1852.000
06/04/1996	6.049	8.435	16.100	22.062	1806.000
07/04/1996	14.241	8.460	16.124	22.158	1784.000
08/04/1996	4.145	8.946	15.784	22.419	1780.000
09/04/1996	7.981	8.280	15.570	21.581	1760.000
10/04/1996	2.718	8.023	15.456	21.202	1740.000
11/04/1996	5.938	8.307	15.219	21.334	1952.000
12/04/1996	15.157	7.866	15.995	21.421	2041.000
13/04/1996	2.692	8.729	15.339	21.888	1823.000
14/04/1996	14.063	7.744	15.734	21.127	1670.000
15/04/1996	2.307	8.381	15.698	21.770	1629.000
16/04/1996	2.840	8.138	15.533	21.380	1561.000
17/04/1996	4.875	9.764	14.374	22.403	1514.000
18/04/1996	4.213	8.360	14.937	21.211	1462.000
19/04/1996	6.255	8.030	14.928	20.826	1407.000
20/04/1996	0.698	8.857	14.725	21.609	1394.000
21/04/1996	6.517	8.701	15.218	21.822	1416.000
22/04/1996	11.851	9.393	15.142	22.538	1517.000
23/04/1996	10.664	7.306	15.787	20.731	1520.000
24/04/1996	8.344	6.958	15.471	20.126	1487.000
25/04/1996	0.651	8.326	14.945	21.246	1554.000
26/04/1996	5.036	8.813	15.295	22.048	1574.000
27/04/1996	5.398	9.183	15.164	22.385	1887.000
28/04/1996	10.880	6.913	15.670	20.268	1732.000
29/04/1996	10.038	8.054	15.493	21.385	1819.000
30/04/1996	9.685	6.293	16.307	20.153	2040.000
01/05/1996	6.911	6.986	16.034	20.676	1846.000
02/05/1996	0.354	9.045	15.479	22.528	1661.000
03/05/1996	3.393	8.633	15.844	22.362	1635.000
04/05/1996	5.987	8.633	15.861	22.359	1578.000
05/05/1996	12.519	8.097	15.987	21.877	1666.000
06/05/1996	22.310	7.004	16.010	20.721	1629.000
07/05/1996	7.019	7.233	15.812	20.811	1982.000
08/05/1996	8.950	7.915	15.856	21.609	2190.000
09/05/1996	4.738	7.811	16.086	21.661	1885.000
10/05/1996	5.760	8.883	16.159	22.937	1834.000
11/05/1996	11.278	7.399	16.433	21.507	2021.000
12/05/1996	26.150	5.105	16.661	19.381	2250.000
13/05/1996	6.862	6.253	15.677	19.755	2126.000
14/05/1996	10.379	8.228	15.386	21.630	2071.000
15/05/1996	9.993	7.795	15.564	21.382	2190.000
16/05/1996	13.099	8.112	15.939	21.973	2023.000
17/05/1996	2.617	9.171	16.048	23.284	1952.000
18/05/1996	1.234	10.827	15.835	25.104	1973.000
19/05/1996	15.086	8.124	15.879	21.984	1897.000
20/05/1996	11.066	6.846	15.833	20.545	1926.000
21/05/1996	0.856	10.041	15.186	23.753	1824.000
22/05/1996	4.894	10.853	14.399	24.250	1859.000
23/05/1996	15.281	8.207	15.389	21.762	1792.000
24/05/1996	1.719	7.452	15.759	21.187	1832.000
25/05/1996	15.849	7.800	14.858	20.894	1801.000
26/05/1996	13.184	6.411	15.534	19.902	1938.000
27/05/1996	6.611	9.429	15.121	23.007	2398.000
28/05/1996	13.453	8.884	15.802	22.914	2409.000
29/05/1996	17.187	6.970	14.972	20.091	2329.000
30/05/1996	3.191	6.872	15.323	20.256	2510.000
31/05/1996	8.825	9.419	15.201	23.121	2378.000
01/06/1996	4.683	9.178	15.552	23.088	2340.000
02/06/1996	13.517	6.094	16.144	20.083	2362.000
03/06/1996	5.243	7.097	15.701	20.815	2518.000
04/06/1996	13.627	6.961	15.614	20.560	2716.000
05/06/1996	10.585	8.063	15.424	21.685	2348.000
06/06/1996	1.668	9.388	14.439	22.573	2062.000
07/06/1996	5.612	9.816	14.846	23.436	1778.000
08/06/1996	1.764	9.017	14.710	22.345	1642.000
09/06/1996	0.394	11.620	14.561	25.432	1588.000
10/06/1996	1.712	11.299	14.936	25.315	1677.000
11/06/1996	6.293	8.957	14.959	22.504	1545.000
12/06/1996	4.051	9.724	14.946	23.401	1530.000
13/06/1996	1.437	7.682	15.747	21.572	1697.000
14/06/1996	8.909	8.289	15.518	22.124	1750.000
15/06/1996	6.922	7.693	16.206	21.950	1608.000
16/06/1996	8.418	8.288	15.828	22.324	1779.000
17/06/1996	5.275	8.095	16.323	22.545	1711.000
18/06/1996	5.767	7.363	15.845	21.303	1839.000
19/06/1996	3.216	9.429	15.961	23.815	2057.000
20/06/1996	12.847	7.383	15.827	21.318	1885.000
21/06/1996	3.371	7.597	15.808	21.536	1764.000
22/06/1996	7.957	8.933	15.373	22.787	1653.000
23/06/1996	2.521	7.773	15.993	21.901	1783.000
24/06/1996	6.107	7.939	15.547	21.741	1909.000
25/06/1996	25.059	5.267	15.955	19.179	2046.000
26/06/1996	9.776	7.393	15.139	20.799	2137.000
27/06/1996	10.343	7.607	15.408	21.228	2124.000
28/06/1996	13.538	4.577	15.590	18.168	2366.000
29/06/1996	5.294	7.887	14.364	20.753	2759.000
30/06/1996	20.144	6.186	15.465	19.648	2978.000
01/07/1996	14.413	6.593	15.451	20.130	2897.000
02/07/1996	14.649	6.241	15.162	19.501	2806.000
03/07/1996	1.697	8.631	14.781	21.968	2594.000
04/07/1996	3.944	9.731	14.666	23.218	2351.000
05/07/1996	6.370	9.318	14.726	22.739	2366.000
06/07/1996	3.471	8.916	15.220	22.638	2305.000
07/07/1996	5.442	6.678	15.184	19.993	2249.000
08/07/1996	5.868	10.242	14.142	23.464	2094.000
09/07/1996	10.253	8.607	14.506	21.718	2410.000
10/07/1996	7.519	8.530	14.893	21.879	2233.000
11/07/1996	7.596	9.266	15.966	23.516	2498.000
12/07/1996	10.469	8.737	15.971	22.900	2276.000
13/07/1996	3.080	9.927	15.179	23.713	2057.000
14/07/1996	4.147	10.300	15.303	24.298	1959.000
15/07/1996	1.340	10.405	15.494	24.536	1844.000
16/07/1996	3.816	9.835	15.339	23.731	1680.000
17/07/1996	3.474	9.175	15.206	22.824	1901.000
18/07/1996	2.051	9.268	15.163	22.865	1782.000
19/07/1996	0.359	10.798	15.100	24.678	1719.000
20/07/1996	6.208	8.926	16.669	23.580	1493.000
21/07/1996	2.140	10.779	15.762	25.054	1359.000
22/07/1996	4.841	9.694	15.873	23.847	1260.000
23/07/1996	7.978	10.616	15.186	24.518	1326.000
24/07/1996	1.586	11.440	14.356	24.917	1389.000
25/07/1996	3.690	11.469	15.628	25.795	1474.000
26/07/1996	12.670	8.046	15.979	21.964	1505.000
27/07/1996	4.126	10.711	14.859	24.321	1339.000
28/07/1996	4.512	9.096	15.777	23.000	1252.000
29/07/1996	1.513	8.266	15.906	22.187	1209.000
30/07/1996	5.318	8.329	15.862	22.177	1190.000
31/07/1996	4.324	10.966	15.464	25.003	1275.000
01/08/1996	2.823	10.762	15.744	24.928	1404.000
02/08/1996	3.329	9.257	15.120	22.723	1411.000
03/08/1996	4.333	10.213	15.415	24.055	1329.000
04/08/1996	9.866	9.720	16.139	23.948	1470.000
05/08/1996	6.042	10.035	16.343	24.452	1738.000
06/08/1996	7.185	8.408	16.764	22.911	1860.000
07/08/1996	10.701	8.293	16.218	22.352	2006.000
08/08/1996	0.009	10.525	14.881	23.976	1705.000
09/08/1996	5.836	10.581	14.353	23.648	1611.000
10/08/1996	9.994	7.982	15.601	21.524	1616.000
11/08/1996	2.193	10.593	14.308	23.625	2212.000
12/08/1996	2.769	11.909	14.445	25.255	1888.000
13/08/1996	0.518	10.223	14.182	23.103	1546.000
14/08/1996	2.585	10.803	15.248	24.470	1410.000
15/08/1996	4.862	8.875	14.493	21.657	1364.000
16/08/1996	0.417	10.165	15.101	23.571	1223.000
17/08/1996	6.163	11.388	14.027	24.290	1645.000
18/08/1996	4.748	9.870	14.409	22.749	1663.000
19/08/1996	3.307	10.628	14.290	23.514	1298.000
20/08/1996	7.505	10.583	14.434	23.572	1350.000
21/08/1996	9.071	10.790	14.702	23.982	1460.000
22/08/1996	4.852	9.784	15.209	23.153	1223.000
23/08/1996	6.106	8.931	15.529	22.445	1254.000
24/08/1996	8.470	9.800	15.554	23.413	1091.000
25/08/1996	13.079	8.926	15.521	22.411	1246.000
26/08/1996	5.915	8.684	16.058	22.487	1577.000
27/08/1996	4.095	8.064	15.952	21.766	1297.000
28/08/1996	3.362	11.801	14.489	24.970	1270.000
29/08/1996	5.425	8.719	15.102	21.793	1173.000
30/08/1996	18.298	9.805	16.025	23.715	1286.000
31/08/1996	10.433	10.018	15.739	23.728	1215.000
01/09/1996	5.994	9.974	15.738	23.677	1214.000
02/09/1996	9.347	9.014	16.105	22.871	1565.000
03/09/1996	3.966	9.182	15.832	22.861	1301.000
04/09/1996	5.072	10.499	14.974	23.750	1370.000
05/09/1996	7.120	9.795	15.722	23.465	1259.000
06/09/1996	5.346	9.213	15.477	22.620	1243.000
07/09/1996	0.758	10.355	14.831	23.459	1173.000
08/09/1996	6.376	9.961	14.505	22.790	1172.000
09/09/1996	2.520	10.802	15.682	24.562	1079.000
10/09/1996	2.008	8.826	16.047	22.636	1022.000
11/09/1996	2.998	12.594	14.420	25.812	991.000
12/09/1996	3.601	10.744	16.064	24.805	1100.000
13/09/1996	0.578	9.826	16.149	23.823	1019.000
14/09/1996	5.506	10.148	16.764	24.609	1094.000
15/09/1996	6.767	8.795	16.593	22.986	1061.000
16/09/1996	5.063	10.701	15.757	24.513	1093.000
17/09/1996	2.967	9.291	15.657	22.835	1099.000
18/09/1996	3.330	10.967	15.818	24.878	1191.000
19/09/1996	11.593	10.355	16.390	24.578	1121.000
20/09/1996	15.249	9.212	16.199	23.172	1084.000
21/09/1996	6.238	9.638	15.965	23.469	1228.000
22/09/1996	0.978	10.810	16.396	25.127	1226.000
23/09/1996	2.317	10.751	15.390	24.366	1142.000
24/09/1996	14.862	8.431	15.899	22.112	1126.000
25/09/1996	4.966	10.271	15.951	24.206	1183.000
26/09/1996	5.029	10.344	15.826	24.193	1198.000
27/09/1996	9.054	8.522	15.728	22.119	1168.000
28/09/1996	8.128	9.444	15.865	23.240	1199.000
29/09/1996	9.765	9.075	15.885	22.815	1117.000
30/09/1996	8.856	7.508	15.948	21.146	1145.000
01/10/1996	17.174	8.229	16.041	22.023	1354.000
02/10/1996	2.346	9.602	15.759	23.406	1322.000
03/10/1996	5.015	9.292	15.757	23.042	1217.000
04/10/1996	7.461	7.001	16.027	20.742	1449.000
05/10/1996	4.915	10.283	14.803	23.496	1346.000
06/10/1996	15.955	8.958	15.933	22.802	1339.000
07/10/1996	13.338	7.646	15.849	21.258	1353.000
08/10/1996	2.623	8.668	15.112	21.892	1288.000
09/10/1996	10.709	7.472	15.426	20.826	1245.000
10/10/1996	8.412	7.225	14.941	20.154	1243.000
11/10/1996	7.671	9.903	15.347	23.520	1255.000
12/10/1996	12.770	9.131	16.113	23.216	1302.000
13/10/1996	6.075	8.273	15.169	21.506	1491.000
14/10/1996	4.815	8.819	14.897	21.951	1403.000
15/10/1996	18.992	8.734	15.755	22.519	1783.000
16/10/1996	3.288	6.963	15.714	20.546	1981.000
17/10/1996	2.711	9.160	15.714	23.036	1846.000
18/10/1996	20.018	8.732	15.431	22.390	1839.000
19/10/1996	1.221	9.780	14.785	23.137	1896.000
20/10/1996	12.974	9.041	15.510	22.782	1927.000
21/10/1996	2.508	8.289	14.812	21.422	2006.000
22/10/1996	13.068	8.202	15.500	21.903	1869.000
23/10/1996	8.551	8.777	15.433	22.472	1764.000
24/10/1996	0.546	10.336	15.468	24.381	1632.000
25/10/1996	8.673	10.194	14.990	23.903	1407.000
26/10/1996	1.113	11.060	15.240	25.149	1418.000
27/10/1996	8.717	9.292	16.332	23.841	1352.000
28/10/1996	13.306	7.519	15.710	21.279	1338.000
29/10/1996	8.986	8.046	16.173	22.260	1552.000
30/10/1996	8.501	9.620	15.703	23.778	1609.000
31/10/1996	16.288	9.715	16.152	24.278	1681.000
01/11/1996	6.382	9.845	15.864	24.253	1698.000
02/11/1996	10.705	9.167	15.959	23.553	1570.000
03/11/1996	5.610	8.972	15.364	22.875	1614.000
04/11/1996	9.235	9.372	15.356	23.348	1449.000
05/11/1996	0.267	10.542	15.691	25.055	1321.000
06/11/1996	3.124	9.666	16.234	24.401	1285.000
07/11/1996	20.468	7.739	15.547	21.629	1277.000
08/11/1996	3.235	7.103	15.627	20.923	1262.000
09/11/1996	7.094	8.157	15.009	21.702	1277.000
10/11/1996	1.847	9.687	15.264	23.791	1248.000
11/11/1996	5.579	9.332	15.445	23.511	1334.000
12/11/1996	6.904	9.898	15.495	24.263	1273.000
13/11/1996	11.888	8.214	16.051	22.693	1279.000
14/11/1996	11.763	6.445	16.238	20.738	1284.000
15/11/1996	12.989	7.651	15.670	21.690	1384.000
16/11/1996	10.271	8.216	14.788	21.756	1498.000
17/11/1996	4.607	8.934	15.337	23.093	1609.000
18/11/1996	5.919	9.497	14.307	23.029	1862.000
19/11/1996	0.894	10.239	13.072	23.205	1890.000
20/11/1996	0.025	9.742	13.353	22.753	1659.000
21/11/1996	0.721	8.292	13.187	20.756	1495.000
22/11/1996	4.542	9.276	14.412	22.903	1285.000
23/11/1996	1.840	7.069	14.871	20.483	1270.000
24/11/1996	0.444	7.658	14.437	20.910	1224.000
25/11/1996	0.000	7.789	14.814	21.365	1134.000
26/11/1996	4.493	9.317	15.792	24.019	1077.000
27/11/1996	3.788	7.459	15.441	21.485	1042.000
28/11/1996	12.847	8.337	16.034	23.008	1023.000
29/11/1996	16.827	6.783	15.606	20.796	1043.000
30/11/1996	3.754	8.695	15.438	23.017	1142.000
01/12/1996	14.724	7.953	14.707	21.566	1290.000
02/12/1996	0.666	9.360	15.452	23.935	1256.000
03/12/1996	14.469	7.260	15.767	21.558	1204.000
04/12/1996	9.435	7.558	15.594	21.769	1150.000
05/12/1996	8.007	7.763	15.566	22.011	1109.000
06/12/1996	5.478	7.933	15.634	22.256	1101.000
07/12/1996	1.487	9.826	14.753	24.043	1267.000
08/12/1996	19.104	7.559	14.721	21.187	1273.000
09/12/1996	10.455	7.078	14.953	20.719	1285.000
10/12/1996	0.746	9.340	14.545	23.280	1317.000
11/12/1996	13.239	6.009	15.421	19.806	1296.000
12/12/1996	1.355	6.604	15.137	20.300	1292.000
13/12/1996	0.546	8.389	15.447	22.726	1258.000
14/12/1996	0.571	9.344	15.073	23.669	1255.000
15/12/1996	8.996	7.927	16.094	22.622	1327.000
16/12/1996	0.205	8.526	15.198	22.724	1285.000
17/12/1996	3.032	9.158	15.097	23.504	1218.000
18/12/1996	1.193	9.148	15.292	23.615	1141.000
19/12/1996	3.788	8.060	15.551	22.453	1075.000
20/12/1996	1.471	10.517	14.168	24.631	1059.000
21/12/1996	0.862	8.058	15.488	22.368	1024.000
22/12/1996	9.178	8.429	15.644	22.961	1017.000
23/12/1996	0.549	8.717	14.254	22.325	1004.000
24/12/1996	0.001	9.446	15.042	23.804	968.000
25/12/1996	0.000	9.594	15.969	24.638	940.000
26/12/1996	4.749	9.046	15.391	23.532	931.000
27/12/1996	11.514	8.044	16.336	22.967	931.000
28/12/1996	0.356	7.400	16.160	22.039	925.000
29/12/1996	0.000	8.907	15.208	23.172	904.000
30/12/1996	0.000	7.898	15.697	22.264	901.000
31/12/1996	1.182	7.881	15.320	21.973	914.000
01/01/1997	3.274	6.512	15.483	20.495	982.000
02/01/1997	0.787	7.156	15.662	21.307	1001.000
03/01/1997	0.334	8.374	15.650	22.784	1233.000
04/01/1997	0.749	9.116	15.744	23.794	1269.000
05/01/1997	0.635	7.721	15.168	21.598	1228.000
06/01/1997	1.845	8.093	16.269	22.856	1152.000
07/01/1997	7.896	7.543	15.423	21.567	1032.000
08/01/1997	1.898	9.559	15.176	23.902	1120.000
09/01/1997	2.267	8.166	15.461	22.338	1126.000
10/01/1997	3.385	6.380	15.862	20.507	1081.000
11/01/1997	0.081	8.081	15.627	22.323	1224.000
12/01/1997	0.938	8.176	15.769	22.555	1353.000
13/01/1997	18.636	8.417	15.035	22.298	1266.000
14/01/1997	0.480	9.869	14.710	23.868	1326.000
15/01/1997	2.984	7.464	16.088	21.940	1285.000
16/01/1997	3.400	8.545	15.369	22.630	1209.000
17/01/1997	4.638	7.597	15.859	21.865	1302.000
18/01/1997	0.618	8.416	15.227	22.346	1425.000
19/01/1997	9.614	8.823	14.856	22.611	1418.000
20/01/1997	14.294	8.584	15.212	22.533	1372.000
21/01/1997	2.549	7.695	15.936	21.954	1376.000
22/01/1997	6.986	9.261	15.147	23.246	1542.000
23/01/1997	7.925	8.812	15.402	22.847	1576.000
24/01/1997	25.831	9.038	15.302	23.029	1670.000
25/01/1997	4.928	8.341	15.639	22.412	1788.000
26/01/1997	12.464	8.020	15.360	21.846	1822.000
27/01/1997	8.848	9.088	15.595	23.244	1968.000
28/01/1997	1.119	9.210	15.440	23.261	2042.000
29/01/1997	1.610	9.401	15.589	23.598	1821.000
30/01/1997	2.582	9.667	15.550	23.880	1740.000
31/01/1997	0.000	9.646	15.107	23.514	1695.000
01/02/1997	0.496	7.234	14.476	20.105	1705.000
02/02/1997	0.647	8.401	14.531	21.504	1773.000
03/02/1997	3.114	8.792	14.551	22.000	1775.000
04/02/1997	15.541	9.228	14.535	22.512	1710.000
05/02/1997	8.266	8.401	15.000	21.795	1735.000
06/02/1997	2.284	9.102	14.703	22.443	1685.000
07/02/1997	2.117	8.478	15.022	21.866	1715.000
08/02/1997	6.738	8.490	15.776	22.394	1735.000
09/02/1997	17.410	9.060	14.881	22.410	1784.000
10/02/1997	6.311	9.309	15.188	22.929	1540.000
11/02/1997	9.872	6.823	15.357	20.157	1575.000
12/02/1997	5.068	9.470	15.454	23.266	1770.000
13/02/1997	6.317	10.013	14.677	23.346	1730.000
14/02/1997	0.368	9.644	15.597	23.534	1650.000
15/02/1997	8.633	10.697	15.249	24.524	1444.000
16/02/1997	9.791	8.329	16.213	22.471	1399.000
17/02/1997	3.528	7.995	16.271	22.101	1426.000
18/02/1997	2.296	9.477	15.595	23.252	1492.000
19/02/1997	0.438	10.860	15.336	24.705	1336.000
20/02/1997	6.907	10.459	15.744	24.518	1417.000
21/02/1997	0.048	11.391	15.341	25.310	1540.000
22/02/1997	1.720	9.403	16.788	23.978	1390.000
23/02/1997	7.927	9.027	16.997	23.685	1242.000
24/02/1997	2.679	10.016	16.430	24.392	1201.000
25/02/1997	8.303	8.988	15.809	22.727	1193.000
26/02/1997	0.424	10.216	16.138	24.363	1267.000
27/02/1997	0.091	11.174	16.192	25.466	1128.000
28/02/1997	0.319	9.938	16.014	23.909	1034.000
01/03/1997	14.473	8.842	16.357	22.954	1038.000
02/03/1997	14.837	10.812	15.891	24.813	1038.000
03/03/1997	3.674	9.658	16.526	23.907	982.000
04/03/1997	6.345	10.659	15.954	24.657	956.000
05/03/1997	6.013	9.326	16.216	23.284	963.000
06/03/1997	0.000	11.001	15.447	24.643	943.000
07/03/1997	0.000	12.517	14.701	25.907	978.000
08/03/1997	0.008	11.803	15.562	25.636	999.000
09/03/1997	0.052	10.140	17.060	24.774	1032.000
10/03/1997	2.938	10.323	17.313	25.156	1041.000
11/03/1997	1.515	10.025	17.133	24.670	1000.000
12/03/1997	7.300	11.579	16.820	26.183	1004.000
13/03/1997	3.856	7.921	16.660	21.993	1032.000
14/03/1997	5.680	11.740	16.036	25.805	992.000
15/03/1997	8.930	10.698	17.112	25.392	985.000
16/03/1997	11.679	8.342	17.205	22.919	933.000
17/03/1997	13.052	7.729	16.931	22.017	1034.000
18/03/1997	3.045	7.388	16.957	21.683	1348.000
19/03/1997	2.628	9.356	16.320	23.270	1464.000
20/03/1997	0.893	10.211	15.591	23.694	1376.000
21/03/1997	0.036	9.320	15.238	22.407	1366.000
22/03/1997	0.000	11.689	14.628	24.739	1336.000
23/03/1997	0.145	10.826	15.369	24.225	1307.000
24/03/1997	0.000	11.218	14.861	24.309	1305.000
25/03/1997	0.000	11.153	15.906	24.968	1198.000
26/03/1997	0.005	9.761	16.455	23.800	1132.000
27/03/1997	0.350	11.244	15.404	24.721	1084.000
28/03/1997	0.032	10.431	15.122	23.627	1038.000
29/03/1997	7.449	9.931	15.540	23.302	950.000
30/03/1997	10.550	9.733	16.167	23.517	937.000
31/03/1997	11.870	9.775	15.825	23.330	890.000
01/04/1997	1.887	9.827	15.583	23.224	921.000
02/04/1997	0.292	12.355	14.426	25.336	942.000
03/04/1997	2.237	10.069	16.687	24.316	964.000
04/04/1997	17.585	9.481	16.177	23.288	1001.000
05/04/1997	0.630	10.465	15.689	24.021	1097.000
06/04/1997	1.749	11.153	15.885	24.946	1126.000
07/04/1997	12.257	10.935	15.736	24.604	1005.000
08/04/1997	10.007	9.697	16.246	23.606	1050.000
09/04/1997	5.370	9.490	16.655	23.707	998.000
10/04/1997	2.804	9.878	16.607	24.071	1037.000
11/04/1997	4.466	9.760	16.314	23.735	1050.000
12/04/1997	3.586	11.257	16.194	25.296	992.000
13/04/1997	6.106	10.664	16.721	25.045	1012.000
14/04/1997	10.738	8.011	16.318	21.834	1014.000
15/04/1997	4.512	10.786	16.245	24.875	1030.000
16/04/1997	8.773	9.428	15.860	23.072	1058.000
17/04/1997	19.326	8.675	15.879	22.242	996.000
18/04/1997	9.989	7.192	16.070	20.842	1079.000
19/04/1997	3.048	6.709	15.701	20.083	1130.000
20/04/1997	14.801	7.184	15.726	20.549	1177.000
21/04/1997	7.462	5.888	15.731	19.224	1380.000
22/04/1997	11.283	6.158	15.759	19.531	1385.000
23/04/1997	10.899	7.332	15.418	20.472	1556.000
24/04/1997	15.268	8.405	15.428	21.625	1563.000
25/04/1997	6.251	8.067	15.409	21.286	1572.000
26/04/1997	0.600	9.554	15.937	23.369	1491.000
27/04/1997	5.258	9.281	16.113	23.215	1408.000
28/04/1997	3.079	9.132	16.193	23.124	1511.000
29/04/1997	0.950	11.348	15.581	25.222	1503.000
30/04/1997	6.184	10.347	15.859	24.281	1297.000
01/05/1997	2.359	10.273	16.204	24.430	1262.000
02/05/1997	8.002	10.693	16.147	24.876	1235.000
03/05/1997	1.253	11.456	16.279	25.855	1085.000
04/05/1997	7.415	10.183	16.004	24.196	1197.000
05/05/1997	0.417	10.900	15.918	25.008	1112.000
06/05/1997	12.632	11.034	15.349	24.788	1121.000
07/05/1997	7.529	10.232	15.529	23.980	1021.000
08/05/1997	1.387	11.193	15.492	25.108	1092.000
09/05/1997	11.236	9.470	16.013	23.478	1017.000
10/05/1997	11.589	6.816	16.449	20.935	1115.000
11/05/1997	12.783	6.551	15.480	19.857	1356.000
12/05/1997	3.514	11.287	15.200	25.094	1209.000
13/05/1997	9.416	9.142	16.658	23.645	1314.000
14/05/1997	5.439	9.900	15.394	23.608	1270.000
15/05/1997	3.627	10.254	15.263	23.964	1096.000
16/05/1997	1.499	10.345	15.355	24.127	1173.000
17/05/1997	1.616	10.900	14.789	24.418	1179.000
18/05/1997	0.779	9.737	15.501	23.536	1117.000
19/05/1997	10.016	10.759	15.389	24.677	1110.000
20/05/1997	3.562	9.230	16.195	23.473	1047.000
21/05/1997	2.668	10.977	15.458	25.050	975.000
22/05/1997	15.081	9.460	16.304	23.872	984.000
23/05/1997	1.037	10.818	16.007	25.275	1097.000
24/05/1997	6.121	10.464	15.727	24.652	1109.000
25/05/1997	13.442	9.002	16.142	23.275	1026.000
26/05/1997	8.349	7.002	16.244	21.065	1050.000
27/05/1997	6.295	9.845	15.926	24.059	1123.000
28/05/1997	14.908	9.410	15.830	23.532	1226.000
29/05/1997	5.822	10.380	15.021	24.110	1210.000
30/05/1997	8.200	8.145	15.628	21.912	1156.000
31/05/1997	6.334	9.948	16.028	24.355	1157.000
01/06/1997	9.305	9.729	15.916	24.009	1207.000
02/06/1997	7.048	9.680	15.143	23.442	1247.000
03/06/1997	6.348	8.907	16.828	23.761	1137.000
04/06/1997	27.094	6.466	16.361	20.628	1164.000
05/06/1997	0.905	9.602	15.382	23.531	1259.000
06/06/1997	7.272	7.532	15.121	20.899	1343.000
07/06/1997	12.238	7.145	16.641	21.633	1401.000
08/06/1997	12.738	7.941	15.520	21.697	1723.000
09/06/1997	5.562	10.099	15.293	24.089	1898.000
10/06/1997	7.592	9.908	14.759	23.508	1694.000
11/06/1997	8.034	9.662	14.501	22.994	1705.000
12/06/1997	13.241	7.226	15.970	21.219	1921.000
13/06/1997	4.841	8.701	15.509	22.604	1946.000
14/06/1997	7.567	9.301	15.894	23.573	1799.000
15/06/1997	1.190	9.341	15.379	23.245	1603.000
16/06/1997	7.066	9.413	16.124	23.883	1308.000
17/06/1997	4.964	6.977	15.862	20.847	1493.000
18/06/1997	10.438	8.812	15.533	22.741	1403.000
19/06/1997	8.117	8.337	15.828	22.412	1369.000
20/06/1997	2.874	8.832	15.755	22.935	1416.000
21/06/1997	2.460	7.934	15.264	21.519	1394.000
22/06/1997	0.695	10.277	15.020	24.177	1466.000
23/06/1997	1.321	11.055	15.312	25.325	1366.000
24/06/1997	15.496	9.058	16.337	23.640	1460.000
25/06/1997	4.397	6.882	15.573	20.556	1299.000
26/06/1997	7.452	7.906	15.655	21.784	1290.000
27/06/1997	4.538	8.421	15.734	22.465	1310.000
28/06/1997	1.298	11.166	14.757	25.076	1259.000
29/06/1997	4.998	10.762	15.078	24.839	1164.000
30/06/1997	4.025	10.062	15.424	24.204	1173.000
01/07/1997	4.499	8.812	16.220	23.249	1295.000
02/07/1997	0.568	10.543	15.409	24.754	1123.000
03/07/1997	2.209	9.312	15.723	23.512	1134.000
04/07/1997	0.324	10.326	15.786	24.764	1156.000
05/07/1997	0.248	9.695	15.339	23.641	1089.000
06/07/1997	3.621	8.723	16.707	23.479	1016.000
07/07/1997	4.886	10.457	16.262	25.197	941.000
08/07/1997	4.361	9.848	15.919	24.222	1005.000
09/07/1997	9.364	9.514	16.029	23.908	970.000
10/07/1997	2.871	8.859	15.956	23.170	1095.000
11/07/1997	1.518	10.398	15.684	24.693	1259.000
12/07/1997	0.793	10.542	16.662	25.564	1027.000
13/07/1997	0.108	10.528	15.780	24.906	1045.000
14/07/1997	0.989	11.120	16.208	25.893	1025.000
15/07/1997	1.454	9.659	16.412	24.312	1006.000
16/07/1997	1.598	9.924	16.491	24.678	1137.000
17/07/1997	3.496	9.001	15.548	22.912	1014.000
18/07/1997	1.409	11.813	16.182	26.661	1030.000
19/07/1997	0.837	9.792	16.540	24.497	1010.000
20/07/1997	0.088	10.934	15.244	24.930	932.000
21/07/1997	1.158	9.954	15.650	24.029	911.000
22/07/1997	2.505	9.608	15.811	23.722	1090.000
23/07/1997	0.104	11.860	16.388	26.798	946.000
24/07/1997	0.790	12.385	16.631	27.544	872.000
25/07/1997	4.961	10.430	17.225	25.669	810.000
26/07/1997	3.261	11.316	16.543	26.204	790.000
27/07/1997	9.924	10.098	16.760	24.919	863.000
28/07/1997	7.286	6.570	17.082	21.273	817.000
29/07/1997	1.223	7.097	16.374	21.288	901.000
30/07/1997	3.041	9.091	15.531	22.866	949.000
31/07/1997	1.763	10.831	15.720	25.035	888.000
01/08/1997	2.709	11.315	14.746	24.913	844.000
02/08/1997	3.713	9.243	15.520	22.981	865.000
03/08/1997	2.612	11.286	15.209	25.172	893.000
04/08/1997	0.600	10.926	15.311	24.782	796.000
05/08/1997	0.581	11.990	15.274	26.023	773.000
06/08/1997	1.265	9.935	16.362	24.318	755.000
07/08/1997	6.397	9.909	16.602	24.451	780.000
08/08/1997	0.813	9.137	16.049	23.130	707.000
09/08/1997	5.185	10.078	15.692	24.009	799.000
10/08/1997	0.642	10.680	16.176	24.991	765.000
11/08/1997	4.627	11.699	14.451	25.058	781.000
12/08/1997	4.246	10.984	15.846	25.145	731.000
13/08/1997	5.763	9.117	15.321	22.574	918.000
14/08/1997	2.955	10.386	15.621	24.248	945.000
15/08/1997	2.727	11.686	15.630	25.790	928.000
16/08/1997	2.040	9.888	15.769	23.763	802.000
17/08/1997	2.164	10.235	15.073	23.645	791.000
18/08/1997	2.487	9.018	15.491	22.542	765.000
19/08/1997	3.525	9.402	15.489	22.951	853.000
20/08/1997	3.671	11.242	15.936	25.374	1076.000
21/08/1997	0.102	12.082	15.148	25.827	951.000
22/08/1997	2.685	10.188	15.673	23.968	1147.000
23/08/1997	2.154	10.560	15.351	24.206	1056.000
24/08/1997	3.546	10.542	14.857	23.834	842.000
25/08/1997	0.102	13.356	15.287	27.393	779.000
26/08/1997	4.493	11.917	17.177	26.965	744.000
27/08/1997	8.344	8.429	16.727	22.746	728.000
28/08/1997	0.108	12.263	15.820	26.406	779.000
29/08/1997	0.013	11.374	15.825	25.408	728.000
30/08/1997	0.538	12.217	14.972	25.801	1362.000
31/08/1997	2.429	10.046	15.061	23.307	733.000
01/09/1997	3.046	9.941	15.448	23.475	914.000
02/09/1997	3.181	7.238	16.504	21.267	802.000
03/09/1997	4.335	10.003	16.030	23.923	771.000
04/09/1997	6.724	11.199	15.530	24.969	748.000
05/09/1997	10.564	11.591	15.996	25.755	742.000
06/09/1997	11.635	9.490	16.638	23.793	796.000
07/09/1997	4.924	9.236	16.249	23.214	778.000
08/09/1997	8.539	8.375	16.658	22.568	839.000
09/09/1997	5.011	10.265	16.415	24.485	896.000
10/09/1997	7.649	11.234	16.679	25.754	983.000
11/09/1997	1.575	11.255	16.633	25.767	1042.000
12/09/1997	4.045	10.589	16.743	25.062	983.000
13/09/1997	3.502	9.978	17.114	24.679	909.000
14/09/1997	2.142	10.208	16.434	24.432	802.000
15/09/1997	2.862	8.986	16.367	23.019	772.000
16/09/1997	5.618	10.489	16.841	25.004	760.000
17/09/1997	6.800	9.217	16.576	23.426	710.000
18/09/1997	0.970	11.563	15.282	25.192	705.000
19/09/1997	3.840	9.656	16.192	23.670	700.000
20/09/1997	3.033	8.209	16.576	22.344	896.000
21/09/1997	5.969	9.455	15.586	22.996	772.000
22/09/1997	22.950	8.295	16.174	22.123	784.000
23/09/1997	6.765	7.070	16.222	20.830	820.000
24/09/1997	12.360	10.298	16.021	24.244	896.000
25/09/1997	7.434	10.893	16.234	25.089	941.000
26/09/1997	5.558	8.705	16.653	22.963	902.000
27/09/1997	3.068	9.279	16.478	23.450	889.000
28/09/1997	8.540	9.868	16.536	24.166	876.000
29/09/1997	4.588	10.252	15.188	23.671	935.000
30/09/1997	0.209	11.862	14.981	25.414	827.000
01/10/1997	2.009	8.205	16.125	22.098	889.000
02/10/1997	7.313	9.439	16.161	23.449	1089.000
03/10/1997	13.944	6.267	16.466	20.280	1209.000
04/10/1997	3.491	10.634	15.636	24.473	996.000
05/10/1997	14.119	9.092	16.133	23.091	1058.000
06/10/1997	0.784	8.786	15.243	22.101	1176.000
07/10/1997	1.306	11.048	15.161	24.649	1112.000
08/10/1997	4.662	10.329	16.102	24.522	1201.000
09/10/1997	8.195	10.191	15.284	23.799	1034.000
10/10/1997	11.819	10.499	15.909	24.597	1153.000
11/10/1997	10.145	10.493	16.171	24.804	1286.000
12/10/1997	11.319	10.036	16.375	24.430	1081.000
13/10/1997	8.304	8.863	16.042	22.833	1234.000
14/10/1997	3.321	10.351	15.493	24.190	1267.000
15/10/1997	9.512	9.377	15.779	23.287	1267.000
16/10/1997	5.580	8.329	15.387	21.802	1267.000
17/10/1997	20.952	8.101	15.529	21.652	1152.000
18/10/1997	7.136	9.490	15.593	23.347	1251.000
19/10/1997	4.885	10.077	15.455	23.917	1259.000
20/10/1997	4.172	10.803	15.152	24.652	1267.000
21/10/1997	6.593	6.656	16.929	21.276	1209.000
22/10/1997	10.063	8.658	15.806	22.595	1284.000
23/10/1997	2.101	10.629	15.640	24.797	1373.000
24/10/1997	2.021	11.382	16.475	26.317	1292.000
25/10/1997	2.384	10.437	16.503	25.260	1453.000
26/10/1997	4.024	10.441	16.524	25.269	1372.000
27/10/1997	2.068	7.969	16.731	22.612	1058.000
28/10/1997	14.150	9.421	16.572	24.159	1252.000
29/10/1997	3.431	9.104	15.861	23.282	929.000
30/10/1997	3.766	9.572	16.474	24.321	992.000
31/10/1997	6.685	7.958	15.691	21.881	863.000
01/11/1997	3.054	6.494	16.386	20.730	1078.000
02/11/1997	2.712	8.798	15.953	23.043	1003.000
03/11/1997	13.724	7.835	16.111	22.060	1058.000
04/11/1997	10.546	7.397	15.954	21.429	1081.000
05/11/1997	6.393	9.193	16.358	23.855	1027.000
06/11/1997	20.546	8.432	16.481	23.085	1201.000
07/11/1997	15.996	6.409	16.827	21.045	1081.000
08/11/1997	23.577	5.079	16.501	19.474	1209.000
09/11/1997	13.677	6.790	15.989	20.828	1467.000
10/11/1997	4.909	6.296	15.597	19.980	1491.000
11/11/1997	11.501	9.064	15.926	23.544	1766.000
12/11/1997	10.325	8.265	15.905	22.574	1720.000
13/11/1997	5.159	7.456	15.161	21.045	1670.000
14/11/1997	5.316	7.079	15.770	21.104	1680.000
15/11/1997	6.914	8.306	14.937	21.899	1798.000
16/11/1997	0.618	10.333	13.850	23.746	1750.000
17/11/1997	7.157	8.081	15.838	22.335	1720.000
18/11/1997	10.087	9.389	15.269	23.557	1827.000
19/11/1997	11.689	9.194	15.151	23.289	1705.000
20/11/1997	11.772	6.257	15.825	20.265	1580.000
21/11/1997	4.918	9.279	15.292	23.504	1620.000
22/11/1997	1.828	9.062	15.871	23.674	1408.000
23/11/1997	2.664	8.448	15.918	22.968	1292.000
24/11/1997	13.288	6.861	15.858	21.034	1147.000
25/11/1997	7.400	7.211	16.705	22.103	1201.000
26/11/1997	10.580	7.404	15.755	21.606	1251.000
27/11/1997	1.133	8.706	15.182	22.785	1251.000
28/11/1997	0.783	10.847	14.935	25.374	1382.000
29/11/1997	2.433	8.392	15.663	22.810	1420.000
30/11/1997	13.355	7.174	15.898	21.488	1205.000
01/12/1997	13.931	8.441	16.618	23.566	1284.000
02/12/1997	10.230	8.508	16.194	23.389	1218.000
03/12/1997	2.652	9.748	16.103	24.864	1319.000
04/12/1997	2.856	10.063	14.790	24.362	1197.000
05/12/1997	0.502	10.111	16.099	25.350	1234.000
06/12/1997	0.186	10.680	16.210	26.166	1128.000
07/12/1997	2.880	9.644	16.597	25.097	1027.000
08/12/1997	0.103	9.423	15.595	24.122	928.000
09/12/1997	0.000	10.920	15.041	25.723	902.000
10/12/1997	3.465	10.980	14.049	25.153	896.000
11/12/1997	1.381	8.863	15.678	23.515	857.000
12/12/1997	1.094	9.919	16.286	25.313	838.000
13/12/1997	0.389	10.820	15.455	25.899	838.000
14/12/1997	3.761	9.406	16.011	24.459	851.000
15/12/1997	7.444	8.623	16.107	23.556	820.000
16/12/1997	1.452	8.186	16.456	23.225	778.000
17/12/1997	0.906	8.855	16.542	24.156	730.000
18/12/1997	0.044	9.515	16.165	24.739	742.000
19/12/1997	0.036	10.288	14.971	24.880	760.000
20/12/1997	1.319	10.284	14.899	24.815	725.000
21/12/1997	3.077	10.427	15.187	25.213	720.000
22/12/1997	0.000	9.796	14.908	24.178	742.000
23/12/1997	0.000	10.811	15.699	26.042	725.000
24/12/1997	0.000	10.570	16.146	26.015	715.000
25/12/1997	0.112	10.809	16.183	26.362	705.000
26/12/1997	1.070	10.759	15.908	26.111	705.000
27/12/1997	0.610	10.117	15.689	25.167	700.000
28/12/1997	0.108	10.360	15.823	25.540	705.000
29/12/1997	1.106	10.813	15.265	25.746	700.000
30/12/1997	4.283	9.978	15.464	24.766	700.000
31/12/1997	2.870	9.783	16.211	25.040	710.000
01/01/1998	3.496	8.965	16.140	23.977	524.000
02/01/1998	0.000	11.551	15.553	26.779	511.000
03/01/1998	0.028	10.827	15.826	26.041	514.000
04/01/1998	0.048	11.412	16.494	27.209	498.000
05/01/1998	0.539	10.793	16.349	26.343	495.000
06/01/1998	8.511	9.270	17.080	24.971	483.000
07/01/1998	9.118	8.498	16.906	23.867	480.000
08/01/1998	0.804	8.945	16.777	24.257	468.000
09/01/1998	0.726	10.406	16.126	25.645	468.000
10/01/1998	0.006	10.268	15.949	25.307	467.000
11/01/1998	0.918	9.063	16.411	24.107	453.000
12/01/1998	7.075	9.820	17.103	25.559	531.000
13/01/1998	1.267	10.528	16.785	26.166	458.000
14/01/1998	3.105	8.322	16.844	23.508	438.000
15/01/1998	3.220	8.561	16.771	23.725	441.000
16/01/1998	0.882	10.193	16.611	25.590	456.000
17/01/1998	1.267	10.515	16.461	25.851	462.000
18/01/1998	0.502	10.668	16.394	25.985	453.000
19/01/1998	0.305	10.924	16.434	26.306	432.000
20/01/1998	0.533	9.548	17.159	25.136	419.000
21/01/1998	0.101	9.759	17.110	25.294	413.000
22/01/1998	1.580	11.254	16.301	26.579	432.000
23/01/1998	0.057	10.344	17.599	26.342	381.000
24/01/1998	0.453	9.635	16.732	24.861	368.000
25/01/1998	0.000	10.948	16.026	25.925	363.000
26/01/1998	0.000	10.842	15.399	25.338	366.000
27/01/1998	0.373	11.091	16.281	26.241	354.000
28/01/1998	0.657	9.420	17.300	24.935	379.000
29/01/1998	0.368	10.378	16.449	25.427	359.000
30/01/1998	2.212	10.045	16.946	25.363	353.000
31/01/1998	1.000	10.375	16.841	25.612	350.000
01/02/1998	0.126	10.587	17.036	26.018	350.000
02/02/1998	1.764	11.320	17.873	27.415	350.000
03/02/1998	6.227	8.971	18.291	25.022	350.000
04/02/1998	0.455	7.885	16.981	22.801	366.000
05/02/1998	5.933	9.210	17.695	24.871	355.000
06/02/1998	2.039	7.398	17.470	22.641	407.000
07/02/1998	7.101	8.074	17.581	23.384	365.000
08/02/1998	37.268	6.706	17.295	21.664	626.000
09/02/1998	10.770	7.495	17.069	22.345	596.000
10/02/1998	9.463	7.879	17.303	22.902	569.000
11/02/1998	8.251	8.067	17.014	22.849	535.000
12/02/1998	6.226	8.638	16.070	22.741	528.000
13/02/1998	3.074	10.836	16.385	25.526	505.000
14/02/1998	7.370	9.867	17.273	25.040	528.000
15/02/1998	1.887	10.649	16.820	25.591	549.000
16/02/1998	0.136	12.797	16.073	27.594	552.000
17/02/1998	0.000	13.648	16.233	28.672	512.000
18/02/1998	5.357	11.179	17.668	26.760	483.000
19/02/1998	1.050	9.393	16.900	24.118	447.000
20/02/1998	0.141	10.453	17.024	25.418	450.000
21/02/1998	0.375	10.282	17.382	25.461	423.000
22/02/1998	2.141	7.848	17.811	23.100	398.000
23/02/1998	0.266	10.082	17.014	24.938	427.000
24/02/1998	1.028	10.556	17.030	25.458	435.000
25/02/1998	0.799	10.242	16.538	24.702	437.000
26/02/1998	1.068	10.109	16.968	24.881	431.000
27/02/1998	0.058	11.304	17.000	26.225	414.000
28/02/1998	0.922	9.864	16.156	23.988	389.000
01/03/1998	4.640	9.820	16.342	23.994	368.000
02/03/1998	2.277	10.347	16.517	24.736	365.000
03/03/1998	0.441	11.331	16.957	26.129	366.000
04/03/1998	1.382	10.966	17.408	26.040	389.000
05/03/1998	0.713	9.775	16.942	24.354	378.000
06/03/1998	0.923	10.900	17.161	25.738	374.000
07/03/1998	4.303	8.344	17.390	23.103	377.000
08/03/1998	4.783	8.691	17.267	23.390	396.000
09/03/1998	5.737	10.998	16.521	25.388	431.000
10/03/1998	8.696	10.473	16.545	24.815	452.000
11/03/1998	4.412	11.335	16.656	25.841	413.000
12/03/1998	0.346	12.031	16.625	26.570	411.000
13/03/1998	0.368	11.351	17.141	26.142	420.000
14/03/1998	1.407	9.270	16.668	23.525	393.000
15/03/1998	3.387	10.209	16.502	24.403	372.000
16/03/1998	0.353	10.627	17.350	25.488	383.000
17/03/1998	1.416	10.148	16.592	24.393	372.000
18/03/1998	0.183	11.506	16.603	25.916	372.000
19/03/1998	1.462	11.213	16.556	25.532	369.000
20/03/1998	7.447	10.434	16.841	24.900	356.000
21/03/1998	3.755	8.919	17.048	23.375	359.000
22/03/1998	2.538	9.652	17.173	24.221	358.000
23/03/1998	12.545	7.089	17.122	21.533	378.000
24/03/1998	2.222	9.924	17.065	24.435	387.000
25/03/1998	6.030	11.421	17.379	26.306	412.000
26/03/1998	13.489	8.540	17.974	23.628	418.000
27/03/1998	25.672	9.627	17.172	24.208	424.000
28/03/1998	15.383	8.344	17.412	23.009	474.000
29/03/1998	4.854	7.464	17.536	22.239	520.000
30/03/1998	7.442	7.682	17.573	22.450	589.000
31/03/1998	3.033	9.724	17.712	24.684	717.000
01/04/1998	5.529	11.517	16.721	25.927	779.000
02/04/1998	7.120	8.389	17.278	22.968	784.000
03/04/1998	3.588	9.893	17.268	24.553	778.000
04/04/1998	8.989	10.377	16.941	24.851	939.000
05/04/1998	5.283	9.097	17.116	23.583	892.000
06/04/1998	11.008	8.544	17.142	23.034	849.000
07/04/1998	7.626	9.618	17.477	24.445	885.000
08/04/1998	3.900	8.318	17.322	22.944	1038.000
09/04/1998	6.117	10.510	16.829	24.937	1028.000
10/04/1998	6.913	11.581	16.889	26.206	899.000
11/04/1998	18.750	7.779	17.823	22.770	851.000
12/04/1998	6.043	8.818	17.140	23.344	929.000
13/04/1998	6.147	7.395	17.253	21.927	969.000
14/04/1998	10.033	10.145	16.966	24.653	1131.000
15/04/1998	4.990	10.655	17.367	25.500	1186.000
16/04/1998	10.213	9.528	18.068	24.863	1231.000
17/04/1998	13.577	8.880	17.990	24.065	1249.000
18/04/1998	8.680	8.055	18.181	23.396	1177.000
19/04/1998	9.051	7.576	17.352	22.237	1205.000
20/04/1998	8.204	9.493	17.397	24.318	1184.000
21/04/1998	3.948	9.514	17.882	24.724	1250.000
22/04/1998	4.964	9.545	17.410	24.386	1304.000
23/04/1998	18.116	8.521	17.650	23.493	1396.000
24/04/1998	7.848	7.239	17.392	21.977	1497.000
25/04/1998	6.347	10.389	17.215	25.235	1488.000
26/04/1998	15.458	7.573	17.343	22.333	1497.000
27/04/1998	7.752	9.238	17.159	23.956	1537.000
28/04/1998	4.344	8.702	17.758	23.833	1418.000
29/04/1998	4.384	10.209	17.212	25.096	1247.000
30/04/1998	7.950	8.396	17.335	23.177	1227.000
01/05/1998	11.204	7.035	17.470	21.883	1284.000
02/05/1998	23.876	9.326	17.079	24.008	1390.000
03/05/1998	16.337	5.006	17.760	20.243	1664.000
04/05/1998	15.650	6.061	16.914	20.440	2220.000
05/05/1998	7.582	8.816	15.939	22.641	2870.000
06/05/1998	8.052	8.483	17.080	23.104	2373.000
07/05/1998	6.857	9.659	17.361	24.732	2228.000
08/05/1998	5.938	10.264	17.123	25.152	2174.000
09/05/1998	7.768	8.722	17.740	23.931	2169.000
10/05/1998	3.787	9.994	16.287	24.288	2080.000
11/05/1998	6.576	9.692	17.100	24.574	1900.000
12/05/1998	8.917	8.457	16.947	23.099	1852.000
13/05/1998	0.796	11.063	17.146	26.174	1769.000
14/05/1998	0.922	10.526	16.837	25.376	1517.000
15/05/1998	8.989	9.307	17.402	24.416	1279.000
16/05/1998	3.649	10.052	16.444	24.561	1125.000
17/05/1998	8.697	8.679	17.195	23.535	1171.000
18/05/1998	5.862	9.831	17.653	25.200	1297.000
19/05/1998	9.080	10.182	17.185	25.343	1383.000
20/05/1998	0.297	11.600	16.843	26.792	1264.000
21/05/1998	3.142	11.388	17.175	26.752	1083.000
22/05/1998	2.758	8.693	17.407	23.824	1156.000
23/05/1998	12.762	8.646	17.865	24.142	1276.000
24/05/1998	5.102	9.083	17.308	24.192	1000.000
25/05/1998	15.470	8.696	17.655	24.060	1025.000
26/05/1998	22.898	7.463	17.394	22.504	1142.000
27/05/1998	7.048	7.755	16.899	22.451	1601.000
28/05/1998	23.505	7.069	17.023	21.798	2182.000
29/05/1998	27.197	6.041	16.384	20.247	2344.000
30/05/1998	5.203	8.950	16.087	23.178	2345.000
31/05/1998	6.058	7.757	16.431	22.101	2176.000
01/06/1998	15.520	7.827	16.167	21.995	2185.000
02/06/1998	3.550	8.359	15.796	22.315	2061.000
03/06/1998	5.798	9.376	16.334	23.886	2022.000
04/06/1998	1.083	9.571	16.144	24.042	2204.000
05/06/1998	3.781	9.733	16.163	24.229	2127.000
06/06/1998	6.154	7.808	16.406	22.166	2023.000
07/06/1998	4.027	8.145	16.720	22.823	2172.000
08/06/1998	4.808	8.445	17.004	23.405	1892.000
09/06/1998	8.775	9.480	16.583	24.296	2024.000
10/06/1998	8.542	10.008	16.406	24.790	1881.000
11/06/1998	4.012	10.392	15.997	24.943	1760.000
12/06/1998	3.187	10.714	16.605	25.755	1621.000
13/06/1998	1.475	10.451	16.951	25.704	1443.000
14/06/1998	2.079	7.864	15.978	22.003	1269.000
15/06/1998	22.387	6.445	16.008	20.400	1516.000
16/06/1998	5.418	7.934	16.546	22.503	1512.000
17/06/1998	2.354	9.617	15.542	23.697	1690.000
18/06/1998	5.908	10.478	15.683	24.888	1752.000
19/06/1998	1.087	9.260	16.022	23.650	1299.000
20/06/1998	5.579	8.740	16.256	23.217	1671.000
21/06/1998	9.191	7.134	16.021	21.173	1479.000
22/06/1998	11.075	7.800	15.755	21.759	1962.000
23/06/1998	1.390	8.898	15.786	23.054	1779.000
24/06/1998	6.918	9.311	16.226	23.875	1624.000
25/06/1998	0.951	9.786	16.154	24.373	1470.000
26/06/1998	3.818	9.884	16.701	24.892	1306.000
27/06/1998	6.146	8.657	16.832	23.536	1473.000
28/06/1998	4.205	7.283	15.994	21.360	1519.000
29/06/1998	7.018	8.326	15.882	22.466	1797.000
30/06/1998	0.909	9.960	15.188	23.900	1453.000
01/07/1998	0.880	10.953	15.216	25.140	1259.000
02/07/1998	4.429	10.036	16.517	24.915	1455.000
03/07/1998	8.247	9.361	16.643	24.218	1526.000
04/07/1998	11.659	8.443	16.093	22.782	1323.000
05/07/1998	13.995	7.280	16.187	21.536	1399.000
06/07/1998	3.148	7.919	16.292	22.250	1734.000
07/07/1998	15.601	7.199	15.760	21.015	1827.000
08/07/1998	6.283	8.926	15.825	23.107	2023.000
09/07/1998	15.851	8.640	15.559	22.522	2213.000
10/07/1998	5.701	9.734	15.721	23.939	2380.000
11/07/1998	3.169	8.837	15.999	23.059	2055.000
12/07/1998	6.020	10.385	16.333	25.151	1861.000
13/07/1998	7.034	10.160	15.924	24.600	1870.000
14/07/1998	1.190	9.410	14.892	22.940	1576.000
15/07/1998	3.244	9.601	15.583	23.668	1551.000
16/07/1998	4.974	8.175	15.590	21.982	1549.000
17/07/1998	7.373	8.233	15.264	21.785	1608.000
18/07/1998	6.220	8.033	15.193	21.501	1712.000
19/07/1998	9.483	7.857	15.126	21.177	1726.000
20/07/1998	8.398	11.023	15.228	25.058	1786.000
21/07/1998	2.571	10.854	15.390	24.944	1913.000
22/07/1998	5.683	7.705	16.128	21.798	1790.000
23/07/1998	3.928	10.014	15.560	24.065	1624.000
24/07/1998	7.614	8.935	15.812	22.943	1907.000
25/07/1998	3.695	8.323	16.146	22.483	2031.000
26/07/1998	1.575	8.782	15.678	22.631	1923.000
27/07/1998	1.611	10.876	14.418	24.241	1531.000
28/07/1998	3.732	9.054	16.304	23.408	1394.000
29/07/1998	4.718	9.075	15.778	23.008	1321.000
30/07/1998	8.754	9.528	16.535	24.082	1461.000
31/07/1998	6.346	8.951	15.445	22.635	1264.000
01/08/1998	4.630	10.454	15.990	24.757	1444.000
02/08/1998	2.004	10.675	15.591	24.696	1155.000
03/08/1998	1.529	9.810	15.742	23.788	1083.000
04/08/1998	2.494	9.183	16.412	23.582	1075.000
05/08/1998	9.260	9.443	16.500	23.922	993.000
06/08/1998	16.940	7.556	16.198	21.552	994.000
07/08/1998	6.654	8.695	16.136	22.782	1321.000
08/08/1998	4.079	7.975	15.780	21.679	1299.000
09/08/1998	1.243	9.949	14.612	23.092	1260.000
10/08/1998	8.351	11.122	14.931	24.721	1138.000
11/08/1998	7.208	10.067	15.980	24.168	1036.000
12/08/1998	4.056	10.463	16.064	24.687	1113.000
13/08/1998	2.725	10.435	15.356	24.140	976.000
14/08/1998	4.922	9.925	15.254	23.483	995.000
15/08/1998	11.202	8.188	15.798	21.870	1175.000
16/08/1998	1.459	9.786	15.647	23.556	1262.000
17/08/1998	3.337	10.130	15.465	23.821	1110.000
18/08/1998	0.877	10.505	15.472	24.255	1034.000
19/08/1998	15.466	8.834	15.896	22.630	1015.000
20/08/1998	6.840	9.385	15.697	23.079	1180.000
21/08/1998	10.017	9.812	16.220	23.945	1442.000
22/08/1998	3.057	9.152	16.060	23.070	1463.000
23/08/1998	7.605	10.374	15.509	24.080	1471.000
24/08/1998	0.265	11.247	15.872	25.323	1234.000
25/08/1998	13.212	8.535	16.303	22.561	1419.000
26/08/1998	12.110	8.934	15.826	22.600	1704.000
27/08/1998	6.270	9.738	16.076	23.705	2061.000
28/08/1998	0.685	9.267	15.729	22.928	1946.000
29/08/1998	2.849	9.250	15.710	22.918	1615.000
30/08/1998	8.720	9.988	15.833	23.774	1491.000
31/08/1998	4.532	8.869	15.525	22.331	1479.000
01/09/1998	2.972	9.086	15.690	22.663	1478.000
02/09/1998	8.121	11.055	15.137	24.542	1291.000
03/09/1998	12.934	7.700	16.645	21.874	1336.000
04/09/1998	4.662	8.327	15.434	21.624	1542.000
05/09/1998	5.370	9.534	15.265	22.866	2049.000
06/09/1998	0.268	11.853	14.673	25.145	1704.000
07/09/1998	9.675	10.687	15.943	24.670	1399.000
08/09/1998	13.321	7.751	16.038	21.474	1258.000
09/09/1998	3.188	9.836	15.997	23.690	1346.000
10/09/1998	9.299	8.652	16.328	22.664	1418.000
11/09/1998	13.617	9.775	15.411	23.230	1586.000
12/09/1998	9.063	8.468	15.315	21.708	1598.000
13/09/1998	7.100	7.657	15.918	21.229	1601.000
14/09/1998	8.714	10.339	15.419	23.826	1942.000
15/09/1998	8.765	8.690	15.733	22.203	1764.000
16/09/1998	3.146	11.180	15.613	24.973	1882.000
17/09/1998	2.033	10.637	16.027	24.660	1778.000
18/09/1998	8.773	8.921	15.694	22.443	1621.000
19/09/1998	8.642	9.753	15.348	23.126	1445.000
20/09/1998	2.004	9.442	16.404	23.584	1524.000
21/09/1998	6.171	9.225	16.167	23.149	1567.000
22/09/1998	13.699	7.758	16.472	21.798	1427.000
23/09/1998	16.747	8.058	16.068	21.784	1710.000
24/09/1998	14.939	10.167	16.337	24.356	1802.000
25/09/1998	1.404	9.820	15.953	23.696	1928.000
26/09/1998	12.846	9.242	15.999	23.102	2000.000
27/09/1998	3.439	9.582	15.816	23.337	2231.000
28/09/1998	3.864	8.902	15.572	22.415	2150.000
29/09/1998	0.421	11.355	15.037	24.878	2154.000
30/09/1998	1.122	11.489	16.309	25.916	1932.000
01/10/1998	1.209	11.438	15.687	25.477	1732.000
02/10/1998	14.912	8.477	16.599	22.736	1635.000
03/10/1998	7.043	8.303	16.006	22.089	1710.000
04/10/1998	6.769	10.025	15.286	23.545	1582.000
05/10/1998	5.564	9.589	16.398	23.864	2155.000
06/10/1998	8.466	9.212	16.631	23.640	1777.000
07/10/1998	6.529	7.905	16.163	21.815	2055.000
08/10/1998	5.033	10.233	16.001	24.322	1991.000
09/10/1998	12.397	8.607	16.884	23.174	2057.000
10/10/1998	0.830	10.827	15.653	24.824	1837.000
11/10/1998	10.795	10.898	15.810	25.052	1542.000
12/10/1998	9.400	8.230	16.257	22.323	1476.000
13/10/1998	4.675	8.154	15.423	21.612	1389.000
14/10/1998	2.846	9.043	14.758	22.124	1395.000
15/10/1998	4.249	8.034	16.032	21.946	1376.000
16/10/1998	12.254	8.512	16.065	22.536	1522.000
17/10/1998	2.794	7.900	15.759	21.597	1386.000
18/10/1998	6.544	8.487	16.015	22.467	1356.000
19/10/1998	10.873	8.416	15.671	22.165	1358.000
20/10/1998	4.598	9.410	15.299	23.101	1538.000
21/10/1998	15.976	9.196	15.787	23.182	1371.000
22/10/1998	12.208	8.888	15.802	22.870	1366.000
23/10/1998	4.729	7.188	15.950	21.032	1353.000
24/10/1998	17.598	6.682	15.873	20.460	1441.000
25/10/1998	11.415	6.996	15.477	20.476	1980.000
26/10/1998	3.315	7.953	15.500	21.620	2094.000
27/10/1998	2.496	8.504	15.060	21.955	2114.000
28/10/1998	1.569	6.938	15.998	20.879	2204.000
29/10/1998	4.362	7.189	16.410	21.463	2198.000
30/10/1998	20.848	7.701	16.619	22.238	2143.000
31/10/1998	10.648	8.495	16.538	23.096	2133.000
01/11/1998	8.565	8.089	15.892	22.199	2181.000
02/11/1998	6.076	9.615	16.019	24.069	2075.000
03/11/1998	5.470	8.724	16.116	23.101	1894.000
04/11/1998	8.367	6.943	16.503	21.357	1733.000
05/11/1998	11.982	7.860	16.765	22.624	1709.000
06/11/1998	20.770	8.246	16.003	22.502	1794.000
07/11/1998	16.699	7.458	15.436	21.166	1972.000
08/11/1998	3.199	8.399	14.844	21.879	1966.000
09/11/1998	5.134	9.533	15.051	23.442	1859.000
10/11/1998	10.095	8.281	16.267	22.808	1813.000
11/11/1998	2.279	8.796	15.460	22.863	2076.000
12/11/1998	9.987	6.561	15.504	20.246	2169.000
13/11/1998	7.871	6.920	15.913	20.953	1914.000
14/11/1998	9.408	6.192	15.916	20.189	1986.000
15/11/1998	7.806	8.204	16.205	22.745	2223.000
16/11/1998	4.024	8.907	16.303	23.703	2299.000
17/11/1998	17.417	8.121	15.765	22.385	2164.000
18/11/1998	4.610	9.029	16.362	23.941	2154.000
19/11/1998	6.967	7.715	16.301	22.310	2060.000
20/11/1998	12.526	7.488	16.049	21.848	2224.000
21/11/1998	13.326	8.648	15.386	22.796	2231.000
22/11/1998	15.540	6.548	15.770	20.550	2224.000
23/11/1998	4.352	8.800	15.812	23.278	2175.000
24/11/1998	5.440	7.545	16.540	22.347	2211.000
25/11/1998	24.638	6.440	15.574	20.329	2147.000
26/11/1998	4.230	6.804	15.791	20.934	2338.000
27/11/1998	8.832	7.835	15.599	22.027	2300.000
28/11/1998	7.012	5.810	16.121	20.079	2432.000
29/11/1998	2.194	8.935	15.722	23.474	2688.000
30/11/1998	1.814	8.459	15.678	22.870	2530.000
01/12/1998	2.206	8.276	16.051	22.978	2574.000
02/12/1998	15.541	7.314	16.193	21.894	2398.000
03/12/1998	7.305	8.803	16.064	23.626	2499.000
04/12/1998	6.803	9.154	15.779	23.874	2554.000
05/12/1998	9.607	9.082	16.319	24.208	2531.000
06/12/1998	15.571	7.645	16.068	22.228	2406.000
07/12/1998	4.974	7.819	15.957	22.352	2409.000
08/12/1998	2.534	8.725	15.854	23.426	2571.000
09/12/1998	1.552	8.276	16.544	23.377	2512.000
10/12/1998	1.553	7.398	16.805	22.529	2293.000
11/12/1998	4.978	8.338	16.086	23.132	2360.000
12/12/1998	7.062	7.784	16.550	22.824	2296.000
13/12/1998	3.334	7.900	15.962	22.518	2320.000
14/12/1998	2.656	9.206	15.839	24.062	2299.000
15/12/1998	2.868	7.761	16.539	22.762	2260.000
16/12/1998	11.029	7.623	15.563	21.892	2119.000
17/12/1998	4.237	8.468	15.657	23.040	1956.000
18/12/1998	3.268	8.820	15.726	23.503	1830.000
19/12/1998	6.153	9.370	15.471	24.027	1831.000
20/12/1998	4.706	8.422	15.417	22.842	1747.000
21/12/1998	8.188	6.395	15.464	20.284	1819.000
22/12/1998	5.010	8.935	15.345	23.354	1662.000
23/12/1998	2.766	9.757	14.480	23.807	1499.000
24/12/1998	1.735	8.776	15.427	23.188	1476.000
25/12/1998	5.242	6.905	15.569	20.978	1565.000
26/12/1998	11.493	8.353	14.794	22.204	1764.000
27/12/1998	6.310	8.520	15.371	22.823	1698.000
28/12/1998	8.534	7.905	16.004	22.526	1697.000
29/12/1998	10.727	7.393	15.637	21.581	1663.000
30/12/1998	5.045	9.272	14.702	23.293	1486.000
31/12/1998	2.911	8.991	16.014	23.866	1366.000
01/01/1999	3.680	9.518	14.934	23.805	1322.000
02/01/1999	2.650	8.494	16.125	23.326	1447.000
03/01/1999	11.267	8.400	16.501	23.478	1267.000
04/01/1999	7.949	6.376	16.224	20.871	1285.000
05/01/1999	8.983	6.550	16.078	20.922	1499.000
06/01/1999	0.654	8.637	15.801	23.231	1560.000
07/01/1999	3.591	8.723	16.399	23.748	1574.000
08/01/1999	9.220	6.637	16.698	21.482	1712.000
09/01/1999	15.592	8.037	16.278	22.786	1770.000
10/01/1999	13.676	6.934	15.795	21.085	2074.000
11/01/1999	16.837	5.232	15.964	19.359	2066.000
12/01/1999	4.790	7.495	15.761	21.707	2058.000
13/01/1999	5.067	8.640	14.651	22.295	2011.000
14/01/1999	0.156	8.253	15.156	22.114	1882.000
15/01/1999	0.816	8.436	15.423	22.528	1880.000
16/01/1999	0.000	7.935	14.859	21.471	1832.000
17/01/1999	0.000	9.758	14.265	23.346	1784.000
18/01/1999	0.054	9.371	14.625	23.091	1730.000
19/01/1999	2.161	9.122	15.239	23.212	1740.000
20/01/1999	5.904	9.251	15.380	23.443	1690.000
21/01/1999	2.607	8.933	15.474	23.098	1660.000
22/01/1999	3.917	8.325	15.664	22.475	1650.000
23/01/1999	4.042	7.872	15.290	21.649	1730.000
24/01/1999	11.871	8.047	15.133	21.727	1740.000
25/01/1999	1.327	8.049	15.575	22.027	1635.000
26/01/1999	10.538	6.935	15.858	20.926	1650.000
27/01/1999	12.327	9.185	16.103	23.742	1585.000
28/01/1999	8.046	8.880	15.778	23.111	1580.000
29/01/1999	1.266	8.442	15.744	22.539	1740.000
30/01/1999	0.000	9.427	16.133	24.017	1735.000
31/01/1999	0.447	9.961	15.580	24.234	1570.000
01/02/1999	7.880	8.657	16.438	23.291	1690.000
02/02/1999	5.968	8.081	16.393	22.525	1570.000
03/02/1999	10.236	9.466	15.849	23.743	1570.000
04/02/1999	4.568	8.194	16.105	22.403	1515.000
05/02/1999	10.003	7.765	15.643	21.529	1769.000
06/02/1999	12.832	8.170	16.106	22.367	1560.000
07/02/1999	4.784	7.763	16.030	21.807	1757.000
08/02/1999	0.418	10.268	15.282	24.209	1977.000
09/02/1999	0.084	9.591	15.742	23.697	1878.000
10/02/1999	16.315	6.524	16.757	20.995	1928.000
11/02/1999	1.935	8.313	15.102	21.654	1962.000
12/02/1999	16.319	8.129	15.041	21.410	1718.000
13/02/1999	14.690	6.846	15.503	20.273	1754.000
14/02/1999	9.795	7.325	15.349	20.654	1664.000
15/02/1999	3.845	7.150	15.321	20.444	1655.000
16/02/1999	6.791	7.762	15.634	21.351	1818.000
17/02/1999	20.519	6.139	15.795	19.677	2189.000
18/02/1999	6.029	8.741	15.202	22.095	2170.000
19/02/1999	7.720	7.263	15.787	20.857	2146.000
20/02/1999	24.495	6.387	15.420	19.612	2279.000
21/02/1999	5.543	7.520	14.824	20.381	2336.000
22/02/1999	28.397	8.074	15.304	21.333	2608.000
23/02/1999	1.278	8.806	15.759	22.523	2552.000
24/02/1999	10.535	7.405	15.811	21.017	2639.000
27/02/1999	4.802	8.598	15.551	22.064	2870.000
28/02/1999	11.488	8.102	15.684	21.580	3058.000
05/03/1999	0.693	9.737	14.933	22.838	2823.000
06/03/1999	0.947	11.544	15.130	25.090	2758.000
07/03/1999	5.884	11.172	15.330	24.797	2626.000
08/03/1999	3.350	10.821	14.947	24.074	2509.000
09/03/1999	8.024	9.153	15.510	22.538	2452.000
10/03/1999	7.674	7.863	15.546	21.157	2414.000
11/03/1999	6.080	10.338	15.295	23.693	2426.000
12/03/1999	1.343	10.224	15.992	24.047	2330.000
13/03/1999	13.545	9.768	16.304	23.742	2386.000
14/03/1999	3.791	10.722	15.690	24.423	2270.000
15/03/1999	8.307	8.623	15.809	22.141	2283.000
16/03/1999	8.350	8.256	15.757	21.694	2236.000
17/03/1999	6.727	10.370	15.581	23.887	2243.000
18/03/1999	16.620	7.567	15.751	20.915	2705.000
19/03/1999	2.491	7.085	15.592	20.290	2396.000
20/03/1999	6.979	9.524	16.084	23.286	2451.000
21/03/1999	2.523	7.668	15.554	20.837	2370.000
22/03/1999	1.443	9.644	15.758	23.154	2279.000
23/03/1999	1.038	10.366	15.539	23.839	2185.000
24/03/1999	5.878	10.494	15.129	23.666	2041.000
25/03/1999	8.266	11.048	15.130	24.304	1997.000
26/03/1999	2.845	10.495	15.958	24.258	1943.000
27/03/1999	21.967	7.603	17.348	22.195	2004.000
28/03/1999	8.263	9.369	16.432	23.396	2001.000
29/03/1999	5.838	8.751	16.295	22.600	2164.000
30/03/1999	3.502	10.766	15.524	24.280	2163.000
31/03/1999	4.201	10.303	15.822	23.935	2421.000
01/04/1999	8.868	10.353	15.831	24.013	2416.000
02/04/1999	7.370	10.128	16.399	24.171	2426.000
03/04/1999	16.942	8.397	16.108	22.005	1943.000
04/04/1999	6.134	9.340	15.920	22.950	2007.000
05/04/1999	6.137	10.048	15.335	23.292	1856.000
06/04/1999	4.173	9.458	16.070	23.189	1962.000
07/04/1999	13.316	9.829	16.001	23.557	2266.000
08/04/1999	18.424	8.407	16.283	22.243	2563.000
09/04/1999	11.464	8.661	16.133	22.351	2439.000
10/04/1999	16.131	7.111	16.387	20.887	2486.000
11/04/1999	4.606	9.264	15.634	22.684	2496.000
12/04/1999	5.609	7.967	16.122	21.654	2616.000
13/04/1999	7.686	9.194	16.259	23.070	2662.000
14/04/1999	11.358	9.418	16.489	23.499	2924.000
15/04/1999	8.239	9.100	15.666	22.562	2665.000
16/04/1999	2.913	10.892	16.090	24.889	2637.000
17/04/1999	0.910	11.835	16.101	25.994	2342.000
18/04/1999	2.053	11.052	16.090	25.098	2078.000
19/04/1999	2.385	8.663	16.053	22.387	2005.000
20/04/1999	4.039	9.223	15.429	22.528	1854.000
21/04/1999	1.939	9.272	15.265	22.486	1797.000
22/04/1999	1.670	12.216	15.014	25.734	1680.000
23/04/1999	23.648	9.419	16.217	23.376	1720.000
24/04/1999	14.184	7.376	16.240	21.191	1779.000
25/04/1999	11.516	8.586	15.938	22.268	2003.000
26/04/1999	4.952	6.945	16.195	20.719	2064.000
27/04/1999	10.716	6.382	16.010	19.974	2498.000
28/04/1999	3.820	8.482	14.919	21.403	2490.000
29/04/1999	7.132	7.272	15.700	20.718	2355.000
30/04/1999	30.950	5.310	15.922	18.864	2608.000
01/05/1999	2.879	9.031	14.900	22.062	2465.000
02/05/1999	14.478	7.381	15.359	20.574	2516.000
03/05/1999	7.815	7.826	15.120	20.872	2504.000
04/05/1999	9.883	7.367	15.138	20.431	2352.000
05/05/1999	8.497	8.617	14.754	21.504	2407.000
06/05/1999	8.324	7.644	15.205	20.779	2445.000
07/05/1999	11.360	8.919	15.194	22.242	2375.000
08/05/1999	6.343	9.330	15.274	22.759	2471.000
09/05/1999	16.075	9.486	15.113	22.846	2484.000
10/05/1999	12.096	6.597	15.372	19.798	2823.000
12/05/1999	6.845	8.833	15.265	22.220	2845.000
13/05/1999	13.770	7.621	15.488	21.009	2874.000
14/05/1999	4.970	10.324	14.454	23.476	2845.000
15/05/1999	0.768	8.394	15.734	22.108	2709.000
16/05/1999	6.469	10.792	15.202	24.590	2751.000
17/05/1999	3.451	8.639	14.957	21.870	2443.000
18/05/1999	4.530	8.123	15.173	21.454	2400.000
19/05/1999	5.475	9.774	15.195	23.374	2321.000
20/05/1999	6.265	8.801	15.939	22.774	2111.000
21/05/1999	7.337	8.524	15.881	22.512	2289.000
22/05/1999	2.718	8.140	15.255	21.556	2250.000
23/05/1999	4.657	10.463	15.712	24.626	2372.000
24/05/1999	0.578	10.789	15.263	24.723	2275.000
25/05/1999	4.059	9.922	15.463	23.848	2076.000
26/05/1999	0.106	7.914	15.448	21.545	1787.000
27/05/1999	0.393	8.827	15.585	22.652	1689.000
28/05/1999	3.806	9.196	16.001	23.398	1522.000
29/05/1999	9.480	8.879	16.476	23.389	1531.000
30/05/1999	18.152	9.707	15.496	23.675	1889.000
31/05/1999	1.169	10.669	15.138	24.586	1812.000
01/06/1999	7.685	9.105	15.720	23.146	1671.000
02/06/1999	9.236	9.135	15.890	23.295	1670.000
03/06/1999	1.519	9.657	15.635	23.789	1629.000
04/06/1999	11.358	6.533	16.449	20.832	1584.000
05/06/1999	5.617	8.588	15.645	22.500	1786.000
06/06/1999	4.648	9.108	15.077	22.743	2043.000
07/06/1999	5.541	9.549	15.384	23.521	1705.000
08/06/1999	16.077	7.891	15.517	21.607	1860.000
09/06/1999	2.966	9.121	15.412	23.079	2076.000
10/06/1999	13.335	10.259	14.944	24.029	2194.000
11/06/1999	13.022	7.538	14.778	20.654	2259.000
12/06/1999	6.573	9.391	15.263	23.218	2256.000
13/06/1999	5.114	6.776	16.075	20.826	2013.000
14/06/1999	9.149	7.675	15.417	21.329	1994.000
15/06/1999	2.292	8.519	15.253	22.179	1825.000
16/06/1999	12.565	7.215	14.906	20.439	1981.000
17/06/1999	3.582	7.179	14.964	20.392	1798.000
18/06/1999	12.733	5.532	15.825	19.286	2169.000
19/06/1999	3.464	9.191	15.609	23.274	2106.000
20/06/1999	5.033	9.071	15.825	23.270	2021.000
21/06/1999	13.791	7.949	16.043	22.120	2222.000
22/06/1999	3.689	8.236	15.775	22.270	2445.000
23/06/1999	2.814	8.285	15.266	21.928	2026.000
24/06/1999	4.745	8.847	14.736	22.256	1867.000
25/06/1999	5.100	9.656	15.015	23.417	1718.000
26/06/1999	11.605	8.073	15.359	21.773	1870.000
27/06/1999	14.604	6.511	14.797	19.555	1982.000
28/06/1999	10.342	7.385	15.286	20.896	2151.000
29/06/1999	4.699	9.750	14.553	23.169	2464.000
30/06/1999	4.409	9.942	14.594	23.479	2118.000
01/07/1999	14.286	8.188	15.423	21.951	2069.000
02/07/1999	0.418	9.612	15.229	23.502	1941.000
03/07/1999	6.144	8.662	15.010	22.190	1900.000
04/07/1999	5.201	9.538	15.272	23.437	2158.000
05/07/1999	1.526	10.768	13.156	23.497	1852.000
06/07/1999	2.257	9.505	15.167	23.335	1598.000
07/07/1999	9.088	7.575	15.140	20.984	1784.000
08/07/1999	1.984	9.835	14.994	23.537	1674.000
09/07/1999	6.527	10.444	14.537	24.003	1685.000
10/07/1999	3.016	10.214	14.193	23.526	1871.000
11/07/1999	2.442	10.490	14.086	23.763	1815.000
12/07/1999	4.956	9.316	15.600	23.412	1635.000
13/07/1999	4.265	10.521	14.943	24.361	1625.000
14/07/1999	3.054	11.295	14.704	25.139	1560.000
15/07/1999	2.865	11.021	15.117	25.071	1466.000
16/07/1999	2.411	9.192	15.922	23.474	1377.000
17/07/1999	3.038	8.712	15.159	22.260	1304.000
18/07/1999	6.555	9.777	15.695	23.910	1426.000
19/07/1999	2.154	8.896	15.557	22.779	1344.000
20/07/1999	11.643	9.659	15.687	23.751	1495.000
21/07/1999	2.679	8.253	16.204	22.452	1422.000
22/07/1999	3.018	10.594	15.339	24.591	1308.000
23/07/1999	6.090	9.785	15.287	23.578	1312.000
24/07/1999	4.988	10.034	15.490	24.005	1445.000
25/07/1999	1.178	11.154	15.495	25.320	1210.000
26/07/1999	2.228	11.673	14.745	25.476	1233.000
27/07/1999	4.403	9.973	16.498	24.636	1323.000
28/07/1999	5.828	9.784	16.200	24.194	1069.000
29/07/1999	6.566	10.006	15.899	24.230	1469.000
30/07/1999	1.915	8.955	15.315	22.547	1261.000
31/07/1999	9.182	10.667	15.436	24.603	1415.000
01/08/1999	4.517	9.368	15.016	22.769	1472.000
02/08/1999	3.140	9.058	15.357	22.684	1433.000
03/08/1999	8.109	8.493	15.364	22.014	1602.000
04/08/1999	4.268	9.020	14.551	22.023	1813.000
05/08/1999	1.325	9.463	15.356	23.169	1554.000
06/08/1999	3.282	10.087	16.089	24.364	1400.000
07/08/1999	16.374	9.791	15.411	23.496	1324.000
08/08/1999	2.231	7.148	16.065	21.001	1380.000
09/08/1999	4.109	9.457	15.586	23.179	1242.000
10/08/1999	3.258	10.821	15.322	24.644	1251.000
11/08/1999	1.184	10.680	15.165	24.300	1143.000
12/08/1999	6.201	10.199	14.734	23.457	1260.000
13/08/1999	6.128	9.714	15.360	23.302	1195.000
14/08/1999	17.928	9.498	15.497	23.134	1732.000
15/08/1999	12.616	9.126	14.920	22.268	2205.000
16/08/1999	0.267	10.848	15.776	24.881	2091.000
17/08/1999	2.925	11.710	14.861	25.308	1555.000
18/08/1999	5.139	10.219	14.794	23.499	1534.000
19/08/1999	6.984	10.683	14.838	24.043	1405.000
20/08/1999	1.305	9.378	15.108	22.657	1214.000
21/08/1999	10.446	7.953	15.834	21.573	1262.000
22/08/1999	2.878	10.012	14.535	22.980	1322.000
23/08/1999	0.950	11.153	14.764	24.450	1188.000
24/08/1999	8.750	8.088	15.966	21.770	1297.000
25/08/1999	7.694	8.605	16.015	22.445	1224.000
26/08/1999	5.038	8.206	15.764	21.743	1237.000
27/08/1999	6.610	8.517	15.454	21.826	1367.000
28/08/1999	9.882	9.039	15.797	22.700	1425.000
29/08/1999	3.231	10.750	15.411	24.368	1367.000
30/08/1999	10.303	9.761	16.076	23.706	1627.000
31/08/1999	0.582	9.922	14.919	23.079	1391.000
01/09/1999	5.079	9.503	15.888	23.308	1505.000
02/09/1999	10.211	8.668	15.473	22.001	1853.000
03/09/1999	8.029	9.553	15.960	23.386	1891.000
04/09/1999	3.107	8.620	16.160	22.449	1773.000
05/09/1999	12.229	8.445	15.409	21.718	1507.000
06/09/1999	1.256	9.462	14.755	22.390	1579.000
07/09/1999	8.247	9.996	15.811	23.785	1239.000
08/09/1999	14.489	10.665	15.247	24.127	1371.000
09/09/1999	11.040	9.807	15.449	23.268	1477.000
10/09/1999	8.208	7.545	15.586	20.851	1261.000
11/09/1999	7.838	9.782	15.168	23.029	1381.000
12/09/1999	17.635	8.406	15.654	21.839	1674.000
13/09/1999	3.326	9.404	15.349	22.759	1893.000
14/09/1999	26.624	8.303	15.203	21.360	1936.000
15/09/1999	3.975	9.114	15.341	22.373	2123.000
16/09/1999	6.224	10.298	16.038	24.239	2203.000
17/09/1999	17.973	8.172	16.237	22.044	2299.000
18/09/1999	3.731	9.793	15.115	23.002	2270.000
19/09/1999	3.311	8.900	15.360	22.189	2196.000
20/09/1999	4.937	9.415	15.252	22.728	1895.000
21/09/1999	5.047	10.243	15.337	23.719	1764.000
22/09/1999	22.500	7.927	15.305	21.061	2018.000
23/09/1999	13.617	7.440	15.621	20.764	2358.000
24/09/1999	3.600	9.755	15.568	23.334	2003.000
25/09/1999	12.266	7.525	16.137	21.291	2273.000
26/09/1999	8.569	8.858	15.425	22.219	2122.000
27/09/1999	14.425	9.027	15.061	22.110	2405.000
28/09/1999	10.203	5.919	15.494	19.092	2645.000
29/09/1999	13.863	7.573	14.980	20.440	2880.000
30/09/1999	9.140	9.757	15.350	23.222	2872.000
01/10/1999	11.610	8.754	15.371	22.109	2789.000
02/10/1999	7.165	9.027	14.481	21.730	2891.000
04/10/1999	9.332	9.393	15.344	22.831	2451.000
05/10/1999	13.916	10.458	14.548	23.510	2603.000
06/10/1999	15.227	7.929	15.127	21.012	2502.000
07/10/1999	1.511	9.888	14.636	22.915	2565.000
08/10/1999	3.304	10.040	14.508	23.023	2518.000
09/10/1999	9.320	8.111	14.848	21.052	2283.000
10/10/1999	10.942	9.270	15.182	22.674	2381.000
11/10/1999	8.739	6.529	15.267	19.670	2300.000
12/10/1999	5.984	10.215	14.344	23.195	2495.000
13/10/1999	7.195	9.076	14.983	22.336	2477.000
14/10/1999	0.319	9.688	15.432	23.357	2170.000
15/10/1999	13.232	8.411	14.297	21.078	2319.000
16/10/1999	9.480	7.280	15.555	20.777	2324.000
17/10/1999	6.171	9.223	14.890	22.468	2458.000
18/10/1999	7.813	9.533	15.216	23.087	2204.000
19/10/1999	8.584	8.208	15.625	21.880	2308.000
20/10/1999	3.485	9.010	15.600	22.836	2159.000
21/10/1999	15.388	10.061	15.566	24.050	2206.000
22/10/1999	11.091	7.531	15.919	21.371	2163.000
23/10/1999	14.843	7.593	15.890	21.440	2366.000
24/10/1999	6.933	9.551	15.625	23.524	2544.000
25/10/1999	4.825	6.777	15.823	20.526	2528.000
26/10/1999	8.245	9.386	15.650	23.394	2546.000
27/10/1999	12.796	7.060	16.164	21.156	2555.000
28/10/1999	22.736	6.231	15.863	19.992	2618.000
29/10/1999	8.213	8.599	15.662	22.507	2995.000
30/10/1999	26.554	6.872	15.496	20.422	2967.000
31/10/1999	0.173	9.995	14.644	23.497	2952.000
01/11/1999	2.474	9.110	15.299	22.958	2938.000
02/11/1999	6.525	8.598	16.668	23.336	2896.000
03/11/1999	17.077	8.685	16.162	23.100	2722.000
04/11/1999	9.255	8.934	16.338	23.541	2670.000
05/11/1999	2.814	8.538	16.529	23.260	2642.000
06/11/1999	11.842	8.122	15.499	22.017	2545.000
07/11/1999	18.954	5.025	15.933	18.932	2457.000
08/11/1999	5.213	8.543	15.134	22.248	2447.000
09/11/1999	0.178	8.420	16.226	22.928	2413.000
10/11/1999	2.113	8.221	15.828	22.404	2402.000
11/11/1999	10.047	7.153	16.401	21.609	2365.000
12/11/1999	4.941	5.682	15.780	19.475	2584.000
13/11/1999	15.198	8.102	15.654	22.167	2417.000
14/11/1999	5.289	8.943	15.962	23.438	2366.000
15/11/1999	18.978	6.432	16.152	20.681	2356.000
16/11/1999	3.572	8.580	15.109	22.406	2268.000
17/11/1999	14.628	7.171	15.366	20.897	2285.000
18/11/1999	10.702	7.071	15.765	21.087	2352.000
19/11/1999	12.996	5.898	15.845	19.846	2898.000
20/11/1999	6.169	7.304	15.486	21.187	3001.000
21/11/1999	6.161	8.155	15.442	22.211	2804.000
24/11/1999	12.723	5.293	15.176	18.678	3089.000
27/11/1999	2.830	8.017	14.092	21.122	3056.000
28/11/1999	0.604	8.175	14.300	21.491	2999.000
29/11/1999	1.204	10.168	13.883	23.800	2890.000
30/11/1999	13.780	9.057	13.968	22.435	2725.000
01/12/1999	8.774	6.181	16.002	20.387	2903.000
02/12/1999	0.863	7.099	15.806	21.334	2609.000
03/12/1999	1.030	7.795	15.639	22.078	2550.000
04/12/1999	15.968	8.254	16.029	22.916	2487.000
08/12/1999	0.712	8.826	15.841	23.522	2902.000
09/12/1999	3.446	9.076	16.614	24.430	2542.000
10/12/1999	19.868	7.770	16.343	22.639	2397.000
11/12/1999	11.391	8.604	15.681	23.164	2394.000
12/12/1999	21.451	7.186	16.346	21.974	2456.000
13/12/1999	15.786	7.520	16.364	22.332	2505.000
14/12/1999	10.654	7.380	15.104	21.197	2649.000
20/12/1999	4.815	7.192	15.861	21.573	3054.000
21/12/1999	2.705	7.908	16.242	22.751	2888.000
22/12/1999	6.993	7.457	16.441	22.325	2753.000
23/12/1999	7.985	8.431	14.468	22.139	2542.000
24/12/1999	3.305	7.444	15.729	21.757	2832.000
25/12/1999	2.790	7.053	15.432	21.024	3101.000
27/12/1999	0.039	8.939	14.520	22.753	2720.000
28/12/1999	0.000	9.175	14.100	22.761	2617.000
29/12/1999	0.046	9.156	14.805	23.221	2626.000
30/12/1999	0.085	9.515	14.183	23.263	2842.000
31/12/1999	0.000	9.187	15.068	23.460	2795.000
01/01/2000	0.307	8.489	16.096	23.308	2029.000
02/01/2000	0.012	7.718	15.781	22.093	2006.000
03/01/2000	5.388	7.848	15.649	22.138	1921.000
04/01/2000	1.192	8.482	15.019	22.443	1926.000
05/01/2000	1.327	7.986	15.223	21.952	1959.000
06/01/2000	2.709	7.058	15.470	21.027	1836.000
07/01/2000	0.720	5.946	15.745	20.055	2057.000
08/01/2000	0.177	7.534	14.936	21.149	2137.000
09/01/2000	0.581	8.502	14.347	21.926	2250.000
10/01/2000	0.603	8.323	15.002	22.176	2090.000
11/01/2000	0.697	8.506	15.489	22.735	1949.000
12/01/2000	1.177	8.876	15.564	23.261	1898.000
13/01/2000	0.935	9.466	14.919	23.516	1846.000
14/01/2000	2.478	10.205	14.496	24.172	1750.000
15/01/2000	11.821	7.844	15.508	21.918	1680.000
16/01/2000	3.074	7.642	15.109	21.329	1740.000
17/01/2000	1.180	8.190	14.789	21.701	1655.000
18/01/2000	2.990	8.334	15.491	22.412	1635.000
19/01/2000	0.705	9.227	14.466	22.803	1620.000
20/01/2000	0.348	8.661	15.302	22.652	1700.000
21/01/2000	0.343	8.588	16.116	23.138	1660.000
22/01/2000	0.613	9.765	15.986	24.453	1590.000
23/01/2000	0.060	9.677	15.690	24.151	1595.000
24/01/2000	2.985	8.857	15.290	22.834	1535.000
25/01/2000	12.205	8.949	15.873	23.343	1555.000
26/01/2000	45.606	7.053	15.891	21.091	1665.000
27/01/2000	18.814	9.384	15.290	23.416	1590.000
28/01/2000	5.074	8.723	15.473	22.734	1478.000
29/01/2000	1.314	7.402	15.848	21.381	1417.000
30/01/2000	0.687	9.010	15.131	22.735	1530.000
31/01/2000	1.750	8.850	15.420	22.738	1510.000
01/02/2000	3.277	8.062	15.460	21.856	1580.000
02/02/2000	2.012	7.556	14.872	20.784	1625.000
03/02/2000	7.031	9.533	15.274	23.434	1650.000
04/02/2000	10.205	9.441	15.177	23.256	1500.000
05/02/2000	2.177	9.531	14.958	23.136	1458.000
06/02/2000	0.294	10.134	14.404	23.485	1476.000
07/02/2000	0.000	10.464	14.974	24.294	1417.000
08/02/2000	0.286	11.115	13.930	24.348	1359.000
09/02/2000	3.976	11.286	13.667	24.369	1300.000
10/02/2000	4.779	10.271	15.593	24.384	1300.000
11/02/2000	1.659	9.879	16.098	24.272	1267.000
12/02/2000	4.482	10.004	15.184	23.732	1242.000
13/02/2000	3.825	10.634	14.622	24.062	1284.000
14/02/2000	0.316	10.456	14.331	23.625	1271.000
15/02/2000	1.068	9.908	14.701	23.191	1201.000
16/02/2000	4.979	9.044	14.935	22.315	1135.000
17/02/2000	13.873	7.224	14.604	19.954	1222.000
18/02/2000	3.370	9.158	14.805	22.287	1341.000
19/02/2000	9.883	8.892	14.973	22.081	1341.000
20/02/2000	16.934	8.959	14.573	21.865	1368.000
21/02/2000	9.746	8.398	15.257	21.695	1481.000
22/02/2000	6.977	7.983	15.458	21.372	1485.000
23/02/2000	2.621	8.488	15.873	22.263	1730.000
24/02/2000	11.687	7.280	16.065	21.052	1822.000
25/02/2000	15.036	8.411	15.584	21.900	2288.000
26/02/2000	10.131	9.111	15.473	22.596	2208.000
27/02/2000	6.170	8.238	15.663	21.747	2339.000
28/02/2000	4.409	9.303	15.623	22.896	2405.000
29/02/2000	0.683	8.888	15.822	22.559	2410.000
01/03/2000	4.434	8.743	15.711	22.336	2415.000
02/03/2000	3.161	8.085	16.161	21.917	2269.000
03/03/2000	4.500	9.779	15.758	23.494	2306.000
04/03/2000	13.285	9.989	15.216	23.318	2231.000
05/03/2000	2.456	10.235	15.528	23.823	2231.000
06/03/2000	1.756	9.636	16.098	23.547	1921.000
07/03/2000	8.258	9.406	15.927	23.159	2067.000
08/03/2000	7.694	8.895	15.838	22.498	2048.000
09/03/2000	1.081	9.024	16.209	22.903	1982.000
10/03/2000	4.240	10.410	15.241	23.745	1926.000
11/03/2000	6.335	10.427	15.426	23.893	1860.000
12/03/2000	4.317	8.926	15.706	22.408	1841.000
13/03/2000	4.600	9.793	15.440	23.160	1832.000
14/03/2000	5.818	9.711	15.955	23.438	1750.000
15/03/2000	2.205	11.127	15.453	24.684	1750.000
16/03/2000	1.970	10.431	15.906	24.238	1725.000
17/03/2000	2.593	10.391	15.363	23.764	1865.000
18/03/2000	0.154	9.928	15.553	23.376	1715.000
19/03/2000	0.651	9.986	14.679	22.808	1755.000
20/03/2000	2.691	10.104	14.727	22.935	1735.000
21/03/2000	0.389	9.374	15.386	22.615	1620.000
22/03/2000	5.056	9.597	15.843	23.173	1468.000
23/03/2000	16.840	7.472	16.234	21.211	1426.000
24/03/2000	2.057	9.774	15.420	23.044	1515.000
25/03/2000	13.170	6.890	15.735	20.137	1796.000
26/03/2000	4.541	9.199	15.689	22.590	1818.000
27/03/2000	5.734	10.429	15.542	23.879	1700.000
28/03/2000	9.543	10.516	14.837	23.458	1675.000
29/03/2000	0.762	10.848	15.163	24.094	1690.000
30/03/2000	15.334	9.896	15.383	23.176	1615.000
31/03/2000	4.754	11.068	15.251	24.394	1660.000
01/04/2000	4.535	10.465	15.384	23.821	1615.000
02/04/2000	2.157	11.694	14.602	24.713	1655.000
03/04/2000	12.827	8.841	15.643	22.183	1615.000
04/04/2000	5.990	8.815	15.574	22.125	1625.000
05/04/2000	2.391	8.463	15.516	21.645	1720.000
06/04/2000	0.430	9.954	15.733	23.537	1750.000
07/04/2000	4.893	10.007	16.247	23.953	1772.000
08/04/2000	12.185	11.002	15.561	24.565	1808.000
09/04/2000	5.711	11.476	15.606	25.168	1587.000
10/04/2000	7.672	10.099	15.998	23.886	1534.000
11/04/2000	10.339	9.042	15.606	22.402	1517.000
12/04/2000	17.601	7.375	16.045	20.914	1524.000
13/04/2000	6.306	9.731	15.239	22.909	1637.000
14/04/2000	10.570	8.338	15.496	21.589	1742.000
15/04/2000	1.834	10.081	15.486	23.556	1827.000
16/04/2000	4.516	9.208	15.444	22.495	1937.000
17/04/2000	14.232	6.967	16.098	20.615	1977.000
18/04/2000	3.828	10.749	15.434	24.311	2115.000
19/04/2000	8.254	9.621	16.128	23.503	1976.000
20/04/2000	5.838	9.144	15.894	22.797	2097.000
21/04/2000	20.634	8.736	15.942	22.407	1983.000
22/04/2000	6.518	9.353	16.283	23.375	1885.000
23/04/2000	11.154	7.999	16.413	21.987	1814.000
24/04/2000	6.258	7.919	16.358	21.835	1954.000
25/04/2000	4.198	9.587	16.060	23.487	2011.000
26/04/2000	4.389	9.484	15.878	23.253	1813.000
27/04/2000	8.043	10.299	16.065	24.322	1799.000
28/04/2000	1.962	10.386	15.764	24.228	1670.000
29/04/2000	10.045	8.713	16.124	22.618	1769.000
30/04/2000	4.675	9.547	15.778	23.318	1715.000
01/05/2000	14.113	8.965	16.053	22.875	1649.000
02/05/2000	6.255	10.646	14.711	23.866	1682.000
03/05/2000	8.877	9.398	16.464	23.683	1634.000
04/05/2000	16.504	7.695	16.453	21.797	1717.000
05/05/2000	6.735	8.980	16.104	22.981	1831.000
06/05/2000	13.946	8.314	16.128	22.254	2546.000
07/05/2000	3.449	9.441	16.170	23.565	2533.000
08/05/2000	13.917	8.380	16.260	22.419	2461.000
09/05/2000	1.857	9.384	15.569	23.074	2472.000
10/05/2000	2.487	8.713	16.035	22.645	2293.000
11/05/2000	3.388	9.656	16.307	23.978	2361.000
12/05/2000	13.838	9.393	16.391	23.746	2266.000
13/05/2000	8.823	8.147	15.743	21.854	2065.000
14/05/2000	9.588	7.976	16.309	22.100	2126.000
15/05/2000	6.288	8.074	15.914	21.894	2013.000
16/05/2000	2.909	10.181	16.235	24.640	1922.000
17/05/2000	20.377	8.069	16.594	22.456	2234.000
18/05/2000	4.513	9.189	16.626	23.771	2306.000
19/05/2000	27.792	6.786	16.181	20.748	2239.000
20/05/2000	6.233	8.711	15.507	22.388	2552.000
21/05/2000	9.384	8.355	16.016	22.344	2648.000
22/05/2000	10.167	9.069	16.107	23.276	2729.000
23/05/2000	12.903	9.930	15.742	24.007	2762.000
24/05/2000	5.091	9.995	15.706	24.093	2957.000
25/05/2000	6.473	9.647	15.778	23.748	2950.000
26/05/2000	9.273	10.393	16.114	24.872	2964.000
27/05/2000	3.258	8.693	16.486	23.193	2972.000
28/05/2000	19.627	7.576	16.161	21.674	2750.000
29/05/2000	9.185	8.347	15.951	22.382	2600.000
30/05/2000	8.169	7.150	15.725	20.883	2622.000
31/05/2000	9.696	8.544	15.579	22.425	2565.000
01/06/2000	6.978	8.741	15.793	22.751	2631.000
02/06/2000	8.641	9.429	15.734	23.579	3120.000
03/06/2000	0.981	10.241	16.136	24.818	2800.000
04/06/2000	11.944	8.973	16.445	23.549	2730.000
05/06/2000	6.561	10.081	15.865	24.456	2658.000
06/06/2000	5.230	8.753	16.568	23.414	2603.000
07/06/2000	5.881	8.376	15.594	22.228	2440.000
08/06/2000	9.850	8.308	15.779	22.250	2441.000
09/06/2000	7.302	8.472	16.013	22.659	2463.000
10/06/2000	12.940	9.383	15.753	23.550	2413.000
11/06/2000	3.926	10.435	15.327	24.527	2322.000
12/06/2000	7.367	8.868	15.852	23.057	2187.000
13/06/2000	4.946	8.658	14.874	22.078	2087.000
14/06/2000	4.360	9.446	15.966	23.846	2388.000
15/06/2000	11.726	8.855	15.780	22.999	2129.000
16/06/2000	4.246	7.822	16.268	22.182	2508.000
17/06/2000	17.752	8.156	15.783	22.154	2640.000
18/06/2000	9.015	7.960	15.575	21.782	2537.000
19/06/2000	7.671	8.898	15.650	22.983	2765.000
20/06/2000	3.604	9.422	15.613	23.569	2456.000
21/06/2000	10.045	9.529	15.518	23.611	2318.000
22/06/2000	7.493	8.801	15.442	22.707	2368.000
23/06/2000	13.389	7.278	15.556	20.974	2799.000
24/06/2000	17.080	6.836	15.216	20.190	3208.000
25/06/2000	10.379	9.557	15.076	23.306	3256.000
26/06/2000	1.275	10.272	15.259	24.328	3281.000
27/06/2000	1.416	10.719	14.797	24.556	2798.000
28/06/2000	6.349	10.387	14.544	23.957	2621.000
29/06/2000	2.064	10.185	15.533	24.422	2479.000
30/06/2000	5.186	9.565	15.609	23.704	2317.000
01/07/2000	5.453	9.965	15.569	24.165	2212.000
02/07/2000	3.833	9.390	16.188	23.917	2086.000
03/07/2000	6.731	9.120	15.694	23.223	2123.000
04/07/2000	2.507	9.755	15.974	24.202	1977.000
05/07/2000	11.273	8.280	16.012	22.450	2006.000
06/07/2000	4.119	8.389	15.606	22.264	1883.000
07/07/2000	5.793	8.545	15.139	22.089	1873.000
08/07/2000	1.516	10.592	15.595	24.892	1745.000
09/07/2000	5.328	10.189	15.595	24.402	1635.000
10/07/2000	1.551	10.003	15.421	24.098	1477.000
11/07/2000	6.244	10.238	15.330	24.263	1381.000
12/07/2000	1.365	10.134	15.843	24.492	1317.000
13/07/2000	6.456	10.360	15.851	24.758	1390.000
14/07/2000	4.161	8.815	16.287	23.253	1300.000
15/07/2000	4.080	9.535	15.820	23.733	1390.000
16/07/2000	5.562	10.601	14.667	24.262	1674.000
17/07/2000	6.741	9.511	15.504	23.486	1440.000
18/07/2000	18.437	9.164	15.395	22.964	1600.000
19/07/2000	3.686	9.717	14.861	23.207	1482.000
20/07/2000	7.709	9.210	15.256	22.882	1359.000
21/07/2000	7.829	7.837	15.603	21.516	1730.000
22/07/2000	8.797	9.560	15.186	23.222	1851.000
23/07/2000	0.071	10.349	15.684	24.521	1575.000
24/07/2000	0.678	9.951	15.812	24.165	1332.000
25/07/2000	9.632	8.211	15.744	21.999	1564.000
26/07/2000	8.627	9.635	16.278	24.045	1450.000
27/07/2000	6.873	9.765	15.591	23.680	1798.000
28/07/2000	11.993	9.415	15.340	23.118	1620.000
29/07/2000	4.107	8.436	15.467	22.037	1824.000
30/07/2000	8.873	9.265	14.445	22.275	1973.000
31/07/2000	0.763	10.498	14.391	23.709	1771.000
01/08/2000	4.281	9.884	15.289	23.573	1605.000
02/08/2000	10.032	9.226	15.162	22.705	1515.000
03/08/2000	4.349	10.194	14.860	23.603	1463.000
04/08/2000	14.149	8.199	15.351	21.642	1720.000
05/08/2000	5.066	8.792	14.455	21.679	1883.000
06/08/2000	5.634	9.180	15.242	22.666	1675.000
07/08/2000	1.381	10.297	14.864	23.673	1511.000
08/08/2000	9.567	9.763	15.439	23.471	1590.000
09/08/2000	2.781	9.139	15.568	22.849	1600.000
10/08/2000	5.013	10.995	15.053	24.612	1350.000
11/08/2000	3.971	11.323	14.986	24.917	1288.000
12/08/2000	1.940	11.938	14.537	25.384	1323.000
13/08/2000	2.397	10.345	15.143	23.899	1297.000
14/08/2000	1.557	10.450	14.565	23.558	1277.000
15/08/2000	2.184	11.602	14.390	24.816	1209.000
16/08/2000	5.201	11.008	15.351	24.737	1160.000
17/08/2000	3.465	11.126	14.791	24.507	1251.000
18/08/2000	5.106	10.379	15.315	24.000	1209.000
19/08/2000	0.110	11.188	15.311	24.905	1131.000
20/08/2000	0.108	11.912	14.860	25.448	1042.000
21/08/2000	3.109	11.299	15.550	25.178	1136.000
22/08/2000	1.629	11.515	15.549	25.401	1034.000
23/08/2000	4.399	10.682	15.607	24.455	1011.000
24/08/2000	5.274	9.993	16.491	24.329	1132.000
25/08/2000	7.728	10.111	16.159	24.205	1065.000
26/08/2000	6.939	10.184	16.069	24.279	1259.000
27/08/2000	0.004	11.135	15.522	24.902	1156.000
28/08/2000	3.770	10.580	15.885	24.526	1185.000
29/08/2000	7.891	10.170	15.976	24.108	1336.000
30/08/2000	9.230	10.633	15.674	24.458	1511.000
31/08/2000	19.169	9.649	15.634	23.269	1277.000
01/09/2000	8.836	9.067	16.054	22.894	1271.000
02/09/2000	10.072	9.124	16.017	22.929	1395.000
03/09/2000	4.794	9.973	15.870	23.768	1404.000
04/09/2000	20.333	6.694	15.199	19.650	1444.000
05/09/2000	7.670	8.079	15.171	21.081	1615.000
06/09/2000	7.017	10.135	15.669	23.784	1620.000
07/09/2000	17.121	9.542	15.280	22.843	1575.000
08/09/2000	1.347	10.839	14.694	23.935	1650.000
09/09/2000	6.653	9.672	15.643	23.265	1650.000
10/09/2000	19.221	7.692	15.541	20.944	2067.000
11/09/2000	2.864	10.081	15.785	23.861	2081.000
12/09/2000	1.348	11.435	14.848	24.722	1935.000
13/09/2000	3.130	10.288	16.501	24.590	1883.000
14/09/2000	5.559	9.182	15.656	22.721	1555.000
15/09/2000	11.343	9.073	15.423	22.440	1869.000
16/09/2000	1.831	10.466	15.119	23.840	1640.000
17/09/2000	8.188	9.370	14.579	22.144	1797.000
18/09/2000	0.082	8.632	14.914	21.594	1774.000
19/09/2000	7.619	11.133	15.129	24.576	1620.000
20/09/2000	18.989	7.484	15.807	20.947	1720.000
21/09/2000	0.373	10.166	14.773	23.212	1779.000
22/09/2000	11.469	10.516	15.082	23.847	1700.000
23/09/2000	9.501	9.267	15.371	22.618	1417.000
24/09/2000	9.430	9.003	15.678	22.535	1807.000
25/09/2000	11.025	10.019	15.474	23.559	1720.000
26/09/2000	4.543	8.979	15.908	22.693	1710.000
27/09/2000	13.881	8.404	15.998	22.186	1803.000
28/09/2000	5.977	8.435	15.631	21.904	1926.000
29/09/2000	22.184	6.941	15.959	20.550	2086.000
30/09/2000	6.338	9.458	15.432	22.911	2109.000
01/10/2000	8.445	10.166	15.018	23.475	2161.000
02/10/2000	8.745	9.216	15.148	22.486	2382.000
03/10/2000	5.940	9.595	14.888	22.730	2490.000
04/10/2000	10.361	9.037	15.196	22.307	2584.000
05/10/2000	4.724	10.301	15.034	23.690	2541.000
06/10/2000	2.185	10.139	14.603	23.216	2118.000
07/10/2000	3.295	10.303	15.360	23.965	1754.000
08/10/2000	10.988	9.128	15.806	22.932	1804.000
09/10/2000	1.574	9.033	15.729	22.755	1660.000
10/10/2000	4.986	10.333	15.621	24.201	1717.000
11/10/2000	6.108	9.920	15.687	23.790	1699.000
12/10/2000	2.613	9.570	15.305	23.157	1500.000
13/10/2000	4.169	9.535	15.940	23.596	1600.000
14/10/2000	0.977	9.743	15.644	23.621	1426.000
15/10/2000	8.124	9.206	15.891	23.196	1570.000
16/10/2000	2.564	9.945	16.005	24.136	1259.000
17/10/2000	2.978	10.450	15.478	24.372	1368.000
18/10/2000	12.726	10.277	15.326	24.094	1600.000
19/10/2000	3.949	10.027	15.725	24.110	1285.000
20/10/2000	8.254	10.563	14.798	24.112	1304.000
21/10/2000	10.061	8.722	15.399	22.381	1143.000
22/10/2000	12.083	7.904	15.935	21.844	1390.000
23/10/2000	11.831	7.749	16.118	21.826	1293.000
24/10/2000	14.649	6.851	15.787	20.560	1292.000
25/10/2000	10.314	7.899	15.673	21.630	1448.000
26/10/2000	4.941	8.701	15.504	22.471	1564.000
27/10/2000	6.270	8.334	16.083	22.508	1473.000
28/10/2000	6.491	9.587	16.220	24.118	1381.000
29/10/2000	19.610	9.163	15.366	23.014	1468.000
30/10/2000	17.808	7.638	15.844	21.581	1600.000
31/10/2000	8.146	7.009	15.673	20.708	1665.000
01/11/2000	21.823	7.675	16.367	22.047	1590.000
02/11/2000	16.797	6.601	16.462	20.950	1781.000
03/11/2000	2.261	9.774	15.218	23.719	1987.000
04/11/2000	2.343	7.780	16.140	22.031	1836.000
05/11/2000	4.897	9.039	16.071	23.502	1785.000
06/11/2000	8.264	8.766	16.458	23.447	2100.000
07/11/2000	3.163	5.977	16.573	20.419	2006.000
08/11/2000	8.872	9.165	14.878	22.870	2203.000
09/11/2000	2.698	9.681	15.176	23.708	2095.000
10/11/2000	11.351	8.175	16.401	22.807	2043.000
11/11/2000	14.130	6.184	16.040	20.251	1963.000
12/11/2000	2.742	9.239	15.477	23.459	2048.000
13/11/2000	2.959	9.087	15.002	22.917	2071.000
14/11/2000	1.983	7.134	15.795	21.211	1730.000
15/11/2000	0.958	7.485	15.034	21.066	1675.000
16/11/2000	0.199	9.120	15.453	23.366	1715.000
17/11/2000	6.415	5.338	16.268	19.566	1625.000
18/11/2000	26.230	7.664	16.074	22.101	1764.000
19/11/2000	10.580	8.696	15.762	23.139	2100.000
20/11/2000	10.633	8.370	15.866	22.800	2034.000
21/11/2000	0.128	10.138	15.308	24.631	1992.000
22/11/2000	10.762	8.986	15.410	23.272	1799.000
23/11/2000	1.237	8.822	15.208	22.923	1675.000
24/11/2000	2.355	9.397	15.180	23.630	1649.000
25/11/2000	3.608	8.790	16.114	23.555	1605.000
26/11/2000	3.060	9.608	14.131	23.226	1583.000
27/11/2000	7.335	8.684	14.547	22.337	1565.000
28/11/2000	2.982	9.189	15.058	23.365	1485.000
29/11/2000	6.244	6.804	15.536	20.769	1423.000
30/11/2000	2.896	7.252	15.055	20.938	1346.000
01/12/2000	3.336	9.563	16.020	24.548	1214.000
02/12/2000	4.833	8.311	15.836	22.875	1333.000
03/12/2000	2.096	8.827	15.669	23.429	1379.000
04/12/2000	0.428	8.191	15.665	22.622	1219.000
05/12/2000	3.861	8.829	15.927	23.608	1171.000
06/12/2000	4.623	8.058	15.854	22.589	1265.000
07/12/2000	0.583	6.508	15.862	20.744	1206.000
08/12/2000	3.895	8.618	15.859	23.315	1141.000
09/12/2000	0.181	9.385	16.034	24.403	1037.000
10/12/2000	11.960	8.796	16.495	24.038	964.000
11/12/2000	17.163	8.997	15.922	23.853	910.000
12/12/2000	0.851	9.187	15.776	23.986	949.000
13/12/2000	3.366	10.186	14.858	24.663	891.000
14/12/2000	8.649	7.524	15.690	21.876	889.000
15/12/2000	0.060	8.470	14.756	22.332	954.000
16/12/2000	0.794	7.662	15.596	21.966	987.000
17/12/2000	0.657	8.357	15.030	22.383	941.000
18/12/2000	0.764	8.276	14.862	22.141	980.000
19/12/2000	8.370	6.993	15.589	21.091	967.000
20/12/2000	7.596	7.470	15.857	21.882	1133.000
21/12/2000	1.984	9.516	15.094	23.950	1421.000
22/12/2000	0.574	10.040	14.761	24.394	1161.000
23/12/2000	2.735	9.473	15.114	23.904	1075.000
24/12/2000	5.772	8.842	15.649	23.435	1034.000
25/12/2000	6.623	7.888	16.258	22.711	1080.000
26/12/2000	1.362	9.500	14.868	23.731	935.000
27/12/2000	13.271	7.592	15.764	21.958	948.000
28/12/2000	6.342	8.725	15.134	22.928	883.000
29/12/2000	25.741	7.276	14.816	20.858	1057.000
30/12/2000	5.278	8.703	15.443	23.088	1244.000
31/12/2000	1.191	9.116	14.992	23.286	1121.000
01/01/2001	1.299	9.308	15.570	23.944	915.000
02/01/2001	0.369	10.292	14.738	24.626	1029.000
03/01/2001	1.944	10.093	13.955	23.834	983.000
04/01/2001	6.435	10.428	14.156	24.413	934.000
05/01/2001	2.259	7.732	16.270	22.461	903.000
06/01/2001	2.700	8.580	15.841	23.165	889.000
07/01/2001	0.029	9.288	15.507	23.825	863.000
08/01/2001	0.177	10.042	14.637	24.175	851.000
09/01/2001	6.624	9.958	14.350	23.832	829.000
10/01/2001	2.894	8.150	15.318	22.235	805.000
11/01/2001	0.603	9.557	14.932	23.670	823.000
12/01/2001	0.635	9.757	14.626	23.723	830.000
13/01/2001	3.906	9.103	14.894	23.038	766.000
14/01/2001	0.192	9.841	14.813	23.922	728.000
15/01/2001	3.309	9.804	14.585	23.703	655.000
16/01/2001	1.470	9.572	14.785	23.525	650.000
17/01/2001	22.767	7.446	15.267	21.202	658.000
18/01/2001	0.569	8.633	14.874	22.342	695.000
19/01/2001	1.150	8.873	15.214	22.877	703.000
20/01/2001	11.728	8.234	15.341	22.159	790.000
21/01/2001	1.305	9.373	14.640	23.080	867.000
22/01/2001	5.300	9.861	13.533	22.893	853.000
23/01/2001	11.255	8.157	14.461	21.391	886.000
24/01/2001	0.557	9.258	14.523	22.763	1007.000
25/01/2001	0.991	10.086	14.485	23.762	996.000
26/01/2001	0.574	9.321	14.796	23.006	954.000
27/01/2001	0.667	10.287	13.810	23.524	892.000
28/01/2001	0.000	10.740	14.458	24.493	829.000
29/01/2001	0.000	9.890	14.800	23.675	757.000
30/01/2001	0.426	11.745	12.497	24.472	731.000
31/01/2001	0.004	10.634	14.169	24.119	685.000
01/02/2001	1.092	9.419	14.644	22.914	668.000
02/02/2001	12.834	9.312	14.585	22.697	658.000
03/02/2001	4.188	9.201	14.720	22.631	650.000
04/02/2001	2.279	8.761	15.162	22.372	643.000
05/02/2001	0.227	10.518	14.625	24.135	655.000
06/02/2001	0.359	11.343	14.584	25.078	665.000
07/02/2001	1.074	11.241	14.882	25.133	658.000
08/02/2001	2.645	11.159	15.103	25.136	630.000
09/02/2001	4.042	11.111	14.989	24.960	758.000
10/02/2001	8.735	11.368	14.696	25.071	735.000
11/02/2001	0.340	11.068	14.738	24.714	630.000
12/02/2001	0.871	11.921	14.792	25.775	580.000
13/02/2001	0.231	12.520	14.936	26.573	542.000
14/02/2001	7.211	11.803	15.594	26.127	468.000
15/02/2001	0.027	10.507	16.321	25.069	462.000
16/02/2001	15.507	9.840	16.458	24.388	471.000
17/02/2001	0.000	9.775	16.214	24.116	416.000
18/02/2001	0.250	11.049	15.206	24.866	408.000
19/02/2001	0.375	10.790	15.084	24.447	486.000
20/02/2001	8.196	9.615	16.079	23.749	558.000
21/02/2001	22.741	7.294	16.491	21.477	608.000
22/02/2001	1.711	8.226	15.924	22.034	663.000
23/02/2001	5.038	9.224	15.675	22.936	658.000
24/02/2001	0.743	9.003	15.779	22.732	633.000
25/02/2001	0.109	9.732	15.581	23.431	660.000
26/02/2001	0.771	6.864	16.038	20.601	675.000
27/02/2001	0.182	9.480	15.618	23.120	727.000
28/02/2001	0.010	9.686	15.931	23.557	868.000
01/03/2001	0.075	9.353	15.825	23.075	802.000
02/03/2001	0.361	10.051	15.382	23.546	787.000
03/03/2001	1.712	10.912	15.892	24.885	733.000
04/03/2001	6.473	8.733	16.389	22.796	749.000
05/03/2001	11.516	8.920	15.165	22.072	718.000
06/03/2001	9.200	8.672	16.200	22.553	842.000
07/03/2001	2.217	9.019	16.605	23.243	892.000
08/03/2001	5.028	9.819	15.599	23.353	878.000
09/03/2001	5.904	9.646	16.490	23.848	915.000
10/03/2001	8.874	9.920	15.748	23.583	787.000
11/03/2001	3.543	10.883	15.900	24.774	1050.000
12/03/2001	0.052	12.211	14.679	25.474	1003.000
13/03/2001	0.485	11.619	15.145	25.119	889.000
14/03/2001	9.578	9.231	16.080	23.024	849.000
15/03/2001	9.271	9.802	16.219	23.720	928.000
16/03/2001	12.298	8.949	16.059	22.649	879.000
17/03/2001	3.500	9.397	15.690	22.871	899.000
18/03/2001	5.339	8.898	15.978	22.526	918.000
19/03/2001	9.276	8.134	16.632	22.161	994.000
20/03/2001	8.342	11.169	15.284	24.589	1058.000
21/03/2001	8.667	6.644	16.460	20.538	1143.000
22/03/2001	2.325	9.536	15.761	23.042	1263.000
23/03/2001	7.249	8.681	15.824	22.175	1381.000
24/03/2001	7.367	9.551	15.738	23.037	1337.000
25/03/2001	5.845	10.258	15.756	23.862	1255.000
26/03/2001	4.800	10.329	15.553	23.809	1345.000
27/03/2001	4.727	10.835	15.501	24.324	1259.000
28/03/2001	2.378	11.606	15.181	25.013	1185.000
29/03/2001	9.842	9.225	16.489	23.246	1153.000
30/03/2001	4.133	11.284	15.350	24.719	1166.000
31/03/2001	3.690	11.143	15.431	24.643	1100.000
01/04/2001	4.571	11.397	15.288	24.853	1109.000
02/04/2001	0.583	11.030	15.431	24.501	1115.000
03/04/2001	1.490	11.141	15.070	24.380	1072.000
04/04/2001	0.485	10.426	15.782	24.138	970.000
05/04/2001	2.195	9.894	15.905	23.537	905.000
06/04/2001	2.134	11.129	15.960	24.980	910.000
07/04/2001	11.794	9.352	16.685	23.499	943.000
08/04/2001	2.942	11.072	16.220	25.124	917.000
09/04/2001	3.594	9.982	16.426	24.060	921.000
10/04/2001	6.088	10.753	15.800	24.467	879.000
11/04/2001	8.001	9.972	16.151	23.852	922.000
12/04/2001	6.723	10.533	16.129	24.464	939.000
13/04/2001	4.358	10.260	15.886	23.993	1175.000
14/04/2001	10.368	9.231	16.247	23.134	1049.000
15/04/2001	8.437	10.189	15.947	23.965	1114.000
16/04/2001	4.126	9.303	16.109	23.097	989.000
17/04/2001	10.818	6.052	16.278	19.801	1064.000
18/04/2001	2.344	10.670	15.563	24.304	1214.000
19/04/2001	17.756	8.629	16.178	22.462	1074.000
20/04/2001	1.872	10.460	16.095	24.478	1067.000
21/04/2001	4.041	11.805	14.988	25.238	1175.000
22/04/2001	7.553	8.963	15.548	22.398	1050.000
23/04/2001	5.233	6.961	15.759	20.344	851.000
24/04/2001	2.744	10.477	15.463	24.042	829.000
25/04/2001	0.397	9.135	16.279	23.166	883.000
26/04/2001	0.800	10.336	16.903	24.969	847.000
27/04/2001	1.111	11.402	16.335	25.763	899.000
28/04/2001	3.359	10.430	16.889	25.063	784.000
29/04/2001	11.234	9.966	16.594	24.347	859.000
30/04/2001	5.000	9.360	16.776	23.853	811.000
01/05/2001	4.071	10.346	16.698	24.884	833.000
02/05/2001	9.815	9.440	16.781	23.929	896.000
03/05/2001	7.641	8.790	16.025	22.623	997.000
04/05/2001	5.319	8.819	16.393	23.005	1159.000
05/05/2001	4.845	8.619	16.279	22.729	1037.000
06/05/2001	7.566	9.384	16.991	24.111	1105.000
07/05/2001	9.158	8.566	17.082	23.305	1179.000
08/05/2001	27.800	5.879	17.033	20.415	1193.000
09/05/2001	5.091	8.585	16.157	22.557	1156.000
10/05/2001	3.596	8.738	17.210	23.546	1744.000
11/05/2001	0.774	10.701	16.516	25.347	1359.000
12/05/2001	5.706	10.136	16.758	24.848	1304.000
13/05/2001	8.689	9.045	16.899	23.745	1164.000
14/05/2001	5.724	9.551	16.183	23.844	1108.000
15/05/2001	10.553	9.034	16.655	23.595	1272.000
16/05/2001	8.461	8.332	16.330	22.551	1560.000
17/05/2001	3.362	11.176	16.162	25.695	1480.000
18/05/2001	2.500	9.771	17.223	24.857	1329.000
19/05/2001	17.105	7.980	16.413	22.228	1436.000
20/05/2001	6.255	9.342	16.212	23.634	1168.000
21/05/2001	21.426	7.174	16.429	21.359	1464.000
22/05/2001	2.876	9.645	15.309	23.359	1450.000
23/05/2001	5.090	9.996	15.679	24.065	1395.000
24/05/2001	5.068	8.076	15.636	21.831	1683.000
25/05/2001	1.873	10.157	14.527	23.519	1120.000
26/05/2001	9.999	6.434	16.208	20.435	1149.000
27/05/2001	8.227	8.972	15.652	22.882	1590.000
28/05/2001	3.056	9.518	15.699	23.549	1354.000
29/05/2001	2.981	10.205	15.769	24.453	1390.000
30/05/2001	5.709	10.290	15.471	24.332	1383.000
31/05/2001	11.301	9.455	15.662	23.533	1468.000
01/06/2001	6.385	7.519	15.961	21.545	1620.000
02/06/2001	8.792	8.485	14.966	21.887	1474.000
03/06/2001	12.052	8.509	14.117	21.259	1730.000
04/06/2001	0.780	10.353	14.307	23.649	1600.000
05/06/2001	8.951	9.905	14.484	23.267	1918.000
06/06/2001	4.104	9.993	15.051	23.789	1512.000
07/06/2001	5.723	10.319	14.967	24.109	1434.000
08/06/2001	6.323	10.360	15.297	24.379	1525.000
09/06/2001	4.304	9.451	15.928	23.752	1488.000
10/06/2001	0.855	10.081	15.791	24.413	1176.000
11/06/2001	7.034	8.506	15.795	22.547	1570.000
12/06/2001	4.978	9.122	15.270	22.962	1468.000
13/06/2001	9.248	9.501	14.673	22.948	1169.000
14/06/2001	6.819	8.738	15.113	22.355	1413.000
15/06/2001	4.121	9.189	15.696	23.285	1272.000
16/06/2001	9.708	10.202	15.478	24.381	925.000
17/06/2001	7.700	9.247	15.747	23.431	899.000
18/06/2001	6.697	10.033	15.463	24.161	1012.000
19/06/2001	4.558	9.279	15.985	23.620	1535.000
20/06/2001	2.178	9.176	16.282	23.726	1198.000
21/06/2001	5.529	9.556	15.857	23.910	1286.000
22/06/2001	1.563	11.427	14.912	25.524	1259.000
23/06/2001	1.069	7.647	14.823	20.872	1205.000
24/06/2001	1.525	10.762	14.895	24.727	1342.000
25/06/2001	1.029	10.903	15.398	25.239	1218.000
26/06/2001	1.774	12.049	15.662	26.774	1046.000
27/06/2001	1.760	11.498	16.209	26.472	935.000
28/06/2001	2.042	10.625	15.920	25.203	993.000
29/06/2001	11.951	8.449	16.268	22.861	1050.000
30/06/2001	1.237	9.355	16.576	24.184	1038.000
01/07/2001	5.780	9.015	16.577	23.766	1709.000
02/07/2001	0.019	10.265	16.022	24.841	1138.000
03/07/2001	0.599	10.005	16.460	24.844	1027.000
04/07/2001	3.508	9.839	16.640	24.771	928.000
05/07/2001	3.764	10.431	16.157	25.119	886.000
06/07/2001	12.461	9.129	16.335	23.687	1011.000
07/07/2001	2.845	9.562	16.550	24.367	1011.000
08/07/2001	5.934	9.688	16.259	24.314	951.000
09/07/2001	5.108	7.158	15.831	20.993	954.000
10/07/2001	9.052	9.359	15.972	23.708	1350.000
11/07/2001	8.019	9.835	15.269	23.748	1081.000
12/07/2001	3.151	9.032	15.935	23.250	1023.000
13/07/2001	2.044	9.268	15.655	23.281	1007.000
14/07/2001	4.870	9.192	15.788	23.347	1099.000
15/07/2001	5.335	8.153	15.224	21.695	1058.000
16/07/2001	0.405	10.878	15.206	24.912	1058.000
17/07/2001	7.055	10.378	15.043	24.198	1046.000
18/07/2001	8.444	10.797	15.616	25.075	1101.000
19/07/2001	11.218	8.748	16.623	23.364	1018.000
20/07/2001	2.124	9.067	15.744	23.067	951.000
21/07/2001	7.020	8.974	15.476	22.744	1038.000
22/07/2001	3.217	9.709	15.386	23.594	1096.000
23/07/2001	5.747	10.151	14.854	23.697	1065.000
24/07/2001	0.062	12.152	13.748	25.422	970.000
25/07/2001	3.240	12.151	14.040	25.615	992.000
26/07/2001	6.735	8.666	15.041	22.124	948.000
27/07/2001	1.113	11.366	14.437	24.852	925.000
28/07/2001	10.074	9.246	15.109	22.705	1259.000
29/07/2001	1.001	11.456	14.578	25.051	1085.000
30/07/2001	7.351	9.507	15.387	23.250	915.000
31/07/2001	4.607	10.032	15.442	23.880	1008.000
01/08/2001	1.057	11.190	15.614	25.381	905.000
02/08/2001	3.426	10.414	15.972	24.682	984.000
03/08/2001	3.423	10.411	15.092	24.040	915.000
04/08/2001	8.597	9.955	15.144	23.568	1112.000
05/08/2001	2.960	9.545	15.768	23.524	1152.000
06/08/2001	0.449	10.741	15.463	24.694	1160.000
07/08/2001	0.150	11.494	15.551	25.614	1089.000
08/08/2001	3.652	11.152	15.508	25.164	1218.000
09/08/2001	2.836	11.933	15.189	25.866	1104.000
10/08/2001	0.022	10.794	15.060	24.374	912.000
11/08/2001	3.090	11.176	15.969	25.443	925.000
12/08/2001	0.131	11.693	15.856	25.998	808.000
13/08/2001	1.627	8.652	16.302	22.800	830.000
14/08/2001	2.207	10.788	16.046	25.000	912.000
15/08/2001	1.968	11.337	15.771	25.435	799.000
16/08/2001	1.553	11.476	16.148	25.851	760.000
17/08/2001	0.542	12.200	16.119	26.690	787.000
18/08/2001	0.804	9.362	16.711	23.839	718.000
19/08/2001	2.035	11.540	16.523	26.186	790.000
20/08/2001	0.368	12.110	16.454	26.769	723.000
21/08/2001	2.867	11.942	16.503	26.562	736.000
22/08/2001	9.899	8.915	17.255	23.679	972.000
23/08/2001	2.579	10.052	15.079	23.415	821.000
24/08/2001	3.445	9.827	14.783	22.940	820.000
25/08/2001	4.479	9.274	14.991	22.456	920.000
26/08/2001	3.164	10.627	14.706	23.792	796.000
27/08/2001	2.735	11.834	15.355	25.643	675.000
28/08/2001	4.506	11.168	15.832	25.154	830.000
29/08/2001	3.849	11.338	15.302	24.983	811.000
30/08/2001	0.000	11.033	15.021	24.405	673.000
31/08/2001	3.833	10.657	15.832	24.549	648.000
01/09/2001	6.974	9.817	15.979	23.700	734.000
02/09/2001	8.175	9.169	15.930	22.929	826.000
03/09/2001	1.241	11.296	15.364	24.934	740.000
04/09/2001	4.210	10.122	15.996	24.063	1176.000
05/09/2001	4.248	10.496	16.240	24.647	1212.000
06/09/2001	11.347	9.658	16.151	23.647	1475.000
07/09/2001	2.417	10.777	14.214	23.558	1315.000
08/09/2001	5.544	10.137	14.664	23.091	1058.000
09/09/2001	7.675	11.689	14.334	24.717	905.000
10/09/2001	3.084	10.749	15.392	24.312	948.000
11/09/2001	7.358	10.892	15.228	24.369	893.000
12/09/2001	17.059	8.042	16.105	21.796	1077.000
13/09/2001	5.053	9.805	15.723	23.434	1027.000
14/09/2001	27.269	6.724	15.488	19.833	1220.000
15/09/2001	2.570	10.266	15.510	23.821	1390.000
16/09/2001	1.296	13.102	13.604	25.907	1214.000
17/09/2001	2.375	12.209	14.735	25.567	1209.000
18/09/2001	14.223	9.587	15.499	23.047	1255.000
19/09/2001	4.722	8.621	15.239	21.773	1177.000
20/09/2001	11.714	10.603	15.271	24.055	1566.000
21/09/2001	3.868	10.287	15.730	24.046	1329.000
22/09/2001	12.732	10.720	15.082	24.112	1370.000
23/09/2001	11.434	9.211	15.799	22.877	1250.000
24/09/2001	5.083	10.494	15.779	24.340	1521.000
25/09/2001	2.794	11.917	14.521	25.132	1254.000
26/09/2001	2.145	10.683	15.777	24.571	1185.000
27/09/2001	16.160	6.852	16.578	20.979	1397.000
28/09/2001	5.726	9.451	15.966	23.297	1177.000
29/09/2001	1.149	10.476	15.828	24.382	1164.000
30/09/2001	8.894	9.545	15.932	23.441	1501.000
01/10/2001	0.381	12.054	14.559	25.408	1202.000
02/10/2001	1.146	11.016	16.234	25.328	1094.000
03/10/2001	5.827	9.256	16.181	23.329	1103.000
04/10/2001	4.628	9.851	16.190	23.977	1417.000
05/10/2001	11.265	9.917	15.774	23.751	1209.000
06/10/2001	4.629	9.987	16.181	24.164	1219.000
07/10/2001	9.952	7.578	15.984	21.314	1572.000
08/10/2001	0.586	10.176	16.340	24.530	1217.000
09/10/2001	1.557	8.497	16.412	22.703	1158.000
10/10/2001	16.723	8.374	15.315	21.761	1524.000
11/10/2001	1.299	9.956	15.669	23.809	1276.000
12/10/2001	2.283	11.342	16.233	25.855	1403.000
13/10/2001	7.580	10.024	17.021	24.904	1181.000
14/10/2001	14.535	10.023	16.081	24.238	1112.000
15/10/2001	9.363	8.982	16.548	23.411	1162.000
16/10/2001	17.961	7.195	16.704	21.561	1537.000
17/10/2001	4.401	7.581	16.220	21.576	1537.000
18/10/2001	2.287	9.185	15.896	23.166	1455.000
19/10/2001	2.563	11.200	15.850	25.552	1550.000
20/10/2001	13.986	9.327	16.653	23.952	1548.000
21/10/2001	10.373	8.742	16.103	22.900	1515.000
22/10/2001	12.339	8.321	16.272	22.531	1645.000
23/10/2001	5.127	8.031	16.156	22.153	1491.000
24/10/2001	9.057	8.954	15.603	22.796	1428.000
25/10/2001	0.741	10.996	16.045	25.571	1323.000
26/10/2001	6.310	9.701	16.654	24.523	1421.000
27/10/2001	31.960	7.093	16.388	21.323	1277.000
28/10/2001	2.494	9.640	15.745	23.835	1552.000
29/10/2001	1.518	9.665	16.804	24.604	1741.000
30/10/2001	6.630	7.358	17.030	22.159	1860.000
31/10/2001	8.714	7.489	16.252	21.695	1901.000
01/11/2001	6.364	8.835	15.044	22.359	2080.000
02/11/2001	4.329	6.893	15.364	20.332	2069.000
03/11/2001	0.741	10.653	14.262	24.150	1806.000
04/11/2001	0.000	9.915	15.385	24.011	1631.000
05/11/2001	0.650	10.152	15.985	24.767	2039.000
06/11/2001	6.909	8.871	16.619	23.734	1919.000
07/11/2001	3.929	10.214	16.278	25.106	1791.000
08/11/2001	2.582	9.891	15.723	24.344	2016.000
09/11/2001	7.764	9.712	15.621	24.056	1630.000
10/11/2001	2.732	9.062	15.324	23.062	1831.000
11/11/2001	10.159	8.631	16.810	23.647	1796.000
12/11/2001	9.499	8.902	16.331	23.666	1797.000
13/11/2001	14.781	8.912	15.978	23.424	2060.000
14/11/2001	21.460	7.356	16.280	21.809	1863.000
15/11/2001	17.932	7.118	16.355	21.602	1769.000
16/11/2001	4.983	9.723	15.683	24.272	1676.000
17/11/2001	12.623	8.994	15.920	23.571	1858.000
18/11/2001	11.407	8.688	16.096	23.354	1771.000
19/11/2001	4.438	8.727	16.204	23.460	1690.000
20/11/2001	6.419	7.947	16.239	22.557	1752.000
21/11/2001	11.002	6.353	16.300	20.787	1884.000
22/11/2001	4.017	7.873	15.945	22.266	1869.000
23/11/2001	1.490	9.001	16.309	23.943	1701.000
24/11/2001	5.315	8.611	16.211	23.452	1586.000
25/11/2001	12.922	7.520	16.113	22.029	1659.000
26/11/2001	14.057	6.000	16.452	20.537	1820.000
27/11/2001	9.502	7.816	15.836	22.166	1970.000
28/11/2001	18.814	8.045	16.205	22.754	1949.000
29/11/2001	16.913	7.065	16.024	21.450	2055.000
30/11/2001	4.144	8.745	15.736	23.292	2050.000
01/12/2001	14.536	6.019	16.509	20.641	2313.000
02/12/2001	0.098	8.495	15.626	22.904	2382.000
03/12/2001	0.452	9.230	15.533	23.795	2179.000
04/12/2001	1.011	9.661	15.034	24.007	2031.000
05/12/2001	1.034	9.276	15.859	24.100	1902.000
06/12/2001	3.719	9.292	15.889	24.147	1736.000
07/12/2001	6.538	8.671	16.348	23.727	1694.000
08/12/2001	14.323	8.156	16.709	23.365	2151.000
09/12/2001	12.123	8.037	16.377	22.963	2031.000
10/12/2001	1.350	8.500	16.720	23.801	1787.000
11/12/2001	4.674	9.010	16.923	24.581	1707.000
12/12/2001	6.798	9.648	16.113	24.837	1918.000
13/12/2001	28.005	5.444	16.721	20.282	1784.000
14/12/2001	0.654	9.175	15.189	23.555	1904.000
15/12/2001	0.031	9.000	16.608	24.362	1927.000
16/12/2001	0.477	8.259	16.954	23.688	1981.000
17/12/2001	3.765	7.556	17.011	22.893	1768.000
18/12/2001	21.593	7.290	16.629	22.282	1713.000
19/12/2001	8.218	7.688	16.719	22.815	1700.000
20/12/2001	5.804	9.231	16.630	24.685	1686.000
21/12/2001	8.354	7.448	16.503	22.406	1618.000
22/12/2001	6.147	9.008	16.533	24.313	1499.000
23/12/2001	0.556	8.647	17.210	24.388	1593.000
24/12/2001	14.129	6.446	17.421	21.955	1520.000
25/12/2001	3.723	8.186	16.022	22.903	1751.000
26/12/2001	5.740	8.300	15.654	22.800	1635.000
27/12/2001	7.525	8.476	16.478	23.608	1482.000
28/12/2001	1.048	9.678	15.597	24.500	1509.000
29/12/2001	5.432	8.846	17.133	24.522	1448.000
30/12/2001	8.814	8.728	16.670	24.062	1393.000
31/12/2001	0.316	9.273	16.767	24.805	1257.000
01/01/2002	0.855	9.079	16.193	24.140	1220.000
02/01/2002	0.864	10.028	15.730	24.994	1204.000
03/01/2002	1.036	8.619	16.196	23.552	1169.000
04/01/2002	0.000	8.321	15.944	22.977	1081.000
05/01/2002	0.000	10.280	14.845	24.670	1036.000
06/01/2002	1.512	9.806	15.756	24.693	1119.000
07/01/2002	13.577	8.427	16.427	23.406	1258.000
08/01/2002	10.578	8.932	15.638	23.430	1243.000
09/01/2002	0.104	8.906	15.685	23.434	1151.000
10/01/2002	0.000	9.882	15.229	24.319	1102.000
11/01/2002	1.452	10.153	15.355	24.733	1050.000
12/01/2002	2.288	8.494	15.557	22.774	1121.000
13/01/2002	5.811	7.496	16.225	22.054	1120.000
14/01/2002	3.132	8.962	15.654	23.415	1065.000
15/01/2002	0.659	9.898	14.634	23.866	1054.000
16/01/2002	1.496	9.733	15.396	24.174	1011.000
17/01/2002	0.762	10.264	15.146	24.633	959.000
18/01/2002	0.566	9.978	14.627	23.895	949.000
19/01/2002	0.000	10.245	14.592	24.207	948.000
20/01/2002	3.835	9.553	15.042	23.627	949.000
21/01/2002	3.544	9.851	15.313	24.136	1053.000
22/01/2002	1.446	8.682	16.078	23.204	929.000
23/01/2002	1.668	10.290	15.689	24.876	907.000
24/01/2002	7.355	10.318	15.816	24.992	880.000
25/01/2002	1.140	9.545	16.806	24.737	856.000
26/01/2002	1.412	9.110	15.990	23.598	902.000
27/01/2002	0.323	10.228	15.567	24.628	852.000
28/01/2002	0.297	10.569	15.947	25.302	833.000
29/01/2002	0.234	10.401	16.285	25.320	820.000
30/01/2002	9.889	8.804	16.728	23.686	794.000
31/01/2002	7.516	9.315	16.180	23.871	822.000
01/02/2002	0.211	10.191	16.318	25.012	866.000
02/02/2002	2.139	9.587	16.155	24.133	870.000
03/02/2002	18.263	8.189	16.696	22.899	805.000
04/02/2002	14.178	7.771	15.924	21.784	772.000
05/02/2002	0.159	10.204	15.258	24.178	752.000
06/02/2002	0.183	10.181	15.847	24.540	738.000
07/02/2002	0.033	9.180	16.070	23.458	757.000
08/02/2002	0.000	8.820	15.568	22.678	751.000
09/02/2002	0.030	8.482	15.948	22.549	733.000
10/02/2002	0.000	9.335	15.779	23.410	730.000
11/02/2002	0.792	10.241	15.282	24.101	725.000
12/02/2002	5.104	10.445	15.947	24.794	701.000
13/02/2002	2.743	10.657	15.681	24.858	675.000
14/02/2002	0.921	10.896	15.495	24.979	684.000
15/02/2002	0.066	10.441	15.066	24.086	680.000
16/02/2002	0.082	10.686	15.759	24.860	664.000
17/02/2002	0.482	10.551	15.953	24.823	707.000
18/02/2002	0.108	10.274	16.386	24.788	694.000
19/02/2002	3.358	8.870	16.473	23.203	649.000
20/02/2002	0.040	10.888	15.873	25.107	638.000
21/02/2002	2.578	10.678	15.817	24.795	682.000
22/02/2002	2.519	10.123	16.420	24.526	703.000
23/02/2002	10.464	10.074	16.281	24.374	631.000
24/02/2002	0.593	11.064	16.368	25.567	619.000
25/02/2002	0.000	11.357	16.193	25.776	649.000
26/02/2002	2.041	9.936	16.618	24.426	636.000
27/02/2002	4.583	9.102	16.245	23.192	577.000
28/02/2002	3.846	11.094	15.582	24.971	554.000
01/03/2002	4.402	11.080	15.804	25.049	547.000
02/03/2002	0.052	10.935	16.160	25.153	489.000
03/03/2002	2.504	10.832	16.766	25.447	455.000
04/03/2002	1.562	9.901	16.082	23.874	440.000
05/03/2002	0.574	9.858	15.540	23.431	447.000
06/03/2002	1.037	11.096	15.555	24.843	461.000
07/03/2002	4.349	10.907	16.097	24.973	497.000
08/03/2002	3.130	10.779	16.233	24.909	465.000
09/03/2002	1.352	11.792	16.086	25.956	423.000
10/03/2002	0.105	10.938	14.935	24.191	411.000
11/03/2002	0.201	10.766	15.796	24.552	417.000
12/03/2002	5.061	8.611	16.595	22.718	386.000
13/03/2002	4.804	11.632	16.667	26.113	383.000
14/03/2002	10.022	10.024	16.785	24.405	386.000
15/03/2002	2.350	9.564	16.176	23.430	413.000
16/03/2002	4.921	10.996	16.030	24.925	467.000
17/03/2002	10.532	9.500	16.105	23.264	456.000
18/03/2002	6.716	10.315	16.485	24.469	629.000
19/03/2002	25.992	8.001	16.747	22.133	742.000
20/03/2002	4.708	9.458	16.537	23.562	747.000
21/03/2002	9.535	6.762	16.378	20.581	775.000
22/03/2002	3.299	10.594	16.425	24.748	856.000
23/03/2002	9.013	9.967	16.108	23.770	1112.000
24/03/2002	1.927	11.283	16.340	25.425	984.000
25/03/2002	12.950	10.996	16.452	25.179	954.000
26/03/2002	2.949	11.519	15.882	25.352	949.000
27/03/2002	11.046	10.916	15.589	24.515	1058.000
28/03/2002	14.924	9.800	16.855	24.143	1058.000
29/03/2002	6.639	6.884	16.911	21.109	1211.000
30/03/2002	0.931	10.772	15.944	24.528	1336.000
31/03/2002	2.263	11.853	17.093	26.584	1202.000
01/04/2002	3.365	10.909	17.184	25.616	1061.000
02/04/2002	19.202	7.288	17.114	21.671	1129.000
03/04/2002	6.436	10.467	16.451	24.589	1312.000
04/04/2002	5.788	11.111	16.982	25.693	1030.000
05/04/2002	7.971	11.000	16.423	25.190	1069.000
06/04/2002	14.212	10.385	16.327	24.442	1085.000
07/04/2002	18.617	7.221	16.402	21.043	1527.000
08/04/2002	3.131	9.173	16.514	23.216	1513.000
09/04/2002	15.979	9.878	15.645	23.360	1462.000
10/04/2002	3.617	9.508	15.384	22.726	1558.000
11/04/2002	3.125	9.947	15.603	23.435	1855.000
12/04/2002	2.051	11.122	15.132	24.458	1788.000
13/04/2002	2.776	10.126	15.833	23.820	1705.000
14/04/2002	2.396	10.558	15.740	24.233	1792.000
15/04/2002	5.997	11.147	15.666	24.867	1468.000
16/04/2002	3.282	11.046	16.161	25.124	1783.000
17/04/2002	5.651	10.186	16.408	24.327	1223.000
18/04/2002	25.430	8.725	16.676	22.918	1418.000
19/04/2002	5.646	8.599	16.317	22.498	1289.000
20/04/2002	7.553	9.362	16.358	23.359	1280.000
21/04/2002	18.457	8.546	16.372	22.524	1531.000
22/04/2002	1.489	9.549	16.662	23.837	1551.000
23/04/2002	8.322	9.994	16.393	24.195	1758.000
24/04/2002	19.512	9.662	17.142	24.350	1669.000
25/04/2002	26.104	6.555	16.812	20.803	1953.000
26/04/2002	6.160	8.483	16.531	22.619	2240.000
27/04/2002	4.575	8.650	16.405	22.686	2373.000
28/04/2002	3.996	9.292	16.496	23.516	2362.000
29/04/2002	10.022	10.913	15.742	24.841	2409.000
30/04/2002	20.850	8.969	16.899	23.486	2383.000
01/05/2002	3.193	9.898	16.158	23.942	2386.000
02/05/2002	3.025	10.746	16.322	25.075	2292.000
03/05/2002	6.951	9.338	16.591	23.717	2109.000
04/05/2002	3.623	10.802	16.136	25.058	2092.000
05/05/2002	0.389	11.283	16.069	25.545	1906.000
06/05/2002	0.326	11.260	16.773	26.050	1672.000
07/05/2002	1.957	10.906	16.584	25.556	1589.000
08/05/2002	11.369	9.951	16.906	24.697	1521.000
09/05/2002	2.234	11.270	16.551	25.973	1612.000
10/05/2002	7.936	10.953	17.134	26.005	1556.000
11/05/2002	8.038	9.939	16.809	24.621	1403.000
12/05/2002	0.071	11.562	16.746	26.464	1269.000
13/05/2002	0.788	11.166	16.613	25.931	1120.000
14/05/2002	5.851	9.987	17.175	24.959	1163.000
15/05/2002	5.914	10.082	17.109	25.078	1115.000
16/05/2002	14.033	8.202	16.473	22.471	1060.000
17/05/2002	16.735	8.437	17.527	23.581	1408.000
18/05/2002	10.599	9.065	17.099	23.941	1759.000
19/05/2002	15.570	9.271	16.442	23.717	1694.000
20/05/2002	5.272	9.962	16.349	24.494	1610.000
21/05/2002	12.824	8.414	16.400	22.734	1946.000
22/05/2002	6.138	7.456	16.954	22.180	1794.000
23/05/2002	3.800	9.131	15.898	23.173	2005.000
24/05/2002	10.647	10.723	16.518	25.523	1963.000
25/05/2002	19.607	6.904	16.383	21.077	2090.000
26/05/2002	6.273	8.264	15.252	21.713	2086.000
27/05/2002	10.036	8.833	16.598	23.405	2026.000
28/05/2002	9.007	7.931	15.767	21.747	2361.000
29/05/2002	3.845	9.148	15.389	22.860	2171.000
30/05/2002	2.365	9.062	15.998	23.261	1974.000
31/05/2002	9.617	7.159	15.924	20.984	2015.000
01/06/2002	4.483	9.083	15.400	22.909	2259.000
02/06/2002	18.703	8.565	15.848	22.624	2048.000
03/06/2002	8.599	8.595	16.351	23.004	1973.000
04/06/2002	11.677	7.296	15.378	20.776	2005.000
05/06/2002	6.764	7.953	15.556	21.710	2394.000
06/06/2002	10.207	7.616	15.653	21.353	2494.000
07/06/2002	10.978	8.065	15.452	21.752	2508.000
08/06/2002	7.118	9.956	15.287	23.918	2594.000
09/06/2002	22.848	8.324	15.326	21.966	2530.000
10/06/2002	1.487	10.527	15.083	24.456	2614.000
11/06/2002	7.617	9.422	15.593	23.475	2296.000
12/06/2002	4.089	9.794	15.740	24.076	2312.000
13/06/2002	4.134	8.452	15.674	22.435	2046.000
14/06/2002	4.872	9.808	15.376	23.885	1891.000
15/06/2002	4.955	8.836	15.214	22.523	2019.000
16/06/2002	0.646	10.058	15.553	24.276	2040.000
17/06/2002	8.492	8.942	16.363	23.492	1753.000
18/06/2002	4.550	10.060	15.525	24.286	1627.000
19/06/2002	0.112	10.696	15.913	25.276	1537.000
20/06/2002	0.572	10.179	16.331	24.972	1397.000
21/06/2002	1.408	10.258	15.959	24.809	1287.000
22/06/2002	0.884	10.307	16.207	25.001	1301.000
23/06/2002	0.661	11.092	15.764	25.667	1235.000
24/06/2002	1.556	10.392	15.771	24.861	1185.000
25/06/2002	1.405	10.785	15.903	25.399	1223.000
26/06/2002	0.636	10.776	15.785	25.305	1182.000
27/06/2002	2.397	10.763	16.428	25.743	1178.000
28/06/2002	1.058	11.394	15.499	25.863	1098.000
29/06/2002	3.071	9.712	16.352	24.408	1032.000
30/06/2002	5.472	10.571	16.430	25.541	1054.000
01/07/2002	0.447	10.681	16.550	25.707	960.000
02/07/2002	0.221	10.927	16.609	26.040	1145.000
03/07/2002	2.543	11.083	16.272	26.018	1182.000
04/07/2002	6.831	9.713	17.514	25.302	1349.000
05/07/2002	16.949	7.139	17.090	22.063	1158.000
06/07/2002	5.139	7.054	16.505	21.418	1104.000
07/07/2002	2.490	10.028	16.119	24.611	1084.000
08/07/2002	0.016	10.811	16.403	25.741	1079.000
09/07/2002	0.351	11.145	15.909	25.794	1016.000
10/07/2002	6.289	9.885	16.912	25.046	1020.000
11/07/2002	4.200	9.512	16.230	24.039	967.000
12/07/2002	5.640	10.211	16.492	25.056	1025.000
13/07/2002	0.000	11.116	16.483	26.098	935.000
14/07/2002	4.104	10.615	16.507	25.525	991.000
15/07/2002	2.438	10.615	15.848	25.045	1002.000
16/07/2002	3.486	10.409	15.802	24.800	1131.000
17/07/2002	5.359	10.270	16.642	25.207	1058.000
18/07/2002	19.159	8.464	16.254	22.777	1096.000
19/07/2002	1.878	9.984	16.104	24.419	1031.000
20/07/2002	7.739	9.562	15.857	23.760	973.000
21/07/2002	5.097	9.701	15.866	23.919	1068.000
22/07/2002	2.295	10.237	15.645	24.381	1080.000
23/07/2002	2.446	9.300	16.219	23.671	995.000
24/07/2002	5.959	10.129	15.964	24.441	1012.000
25/07/2002	3.641	9.970	15.990	24.249	935.000
26/07/2002	1.694	11.013	16.057	25.545	943.000
27/07/2002	3.018	10.837	15.703	25.080	1034.000
28/07/2002	3.175	8.827	15.418	22.428	979.000
29/07/2002	0.683	10.600	16.351	25.195	1007.000
30/07/2002	1.455	11.929	14.719	25.695	1031.000
31/07/2002	4.552	9.834	15.083	23.409	1101.000
01/08/2002	0.619	10.180	14.835	23.600	1030.000
02/08/2002	2.110	11.396	15.456	25.483	949.000
03/08/2002	2.207	10.871	15.221	24.673	946.000
04/08/2002	4.113	10.834	15.003	24.470	1114.000
05/08/2002	5.191	11.240	15.284	25.168	1073.000
06/08/2002	0.045	12.277	14.904	26.121	963.000
07/08/2002	3.438	10.974	15.336	24.821	941.000
08/08/2002	2.379	10.451	15.918	24.624	939.000
09/08/2002	8.557	9.718	15.922	23.728	947.000
10/08/2002	0.028	11.447	15.582	25.513	954.000
11/08/2002	0.510	10.618	16.195	24.963	918.000
12/08/2002	0.833	11.164	15.974	25.430	857.000
13/08/2002	0.327	11.816	15.986	26.186	823.000
14/08/2002	2.832	12.024	15.915	26.366	876.000
15/08/2002	1.421	12.039	16.651	26.863	871.000
16/08/2002	3.249	10.731	17.108	25.658	889.000
17/08/2002	0.241	12.706	15.575	26.871	1017.000
18/08/2002	1.148	11.564	15.848	25.721	996.000
19/08/2002	6.002	9.983	15.716	23.788	947.000
20/08/2002	1.097	9.127	16.415	23.338	886.000
21/08/2002	2.923	11.851	16.449	26.433	887.000
22/08/2002	2.561	11.674	16.406	26.204	1028.000
23/08/2002	5.659	10.416	16.204	24.606	1150.000
24/08/2002	1.773	12.051	15.860	26.238	1095.000
25/08/2002	2.057	10.783	16.630	25.313	1223.000
26/08/2002	10.756	9.389	16.208	23.453	1158.000
27/08/2002	8.030	8.030	16.581	22.200	1017.000
28/08/2002	5.564	11.216	15.683	25.120	1197.000
29/08/2002	28.818	7.911	16.401	21.899	1259.000
30/08/2002	1.659	10.163	15.483	23.752	1111.000
31/08/2002	4.985	10.268	16.232	24.418	991.000
01/09/2002	4.819	10.032	15.997	23.963	1171.000
02/09/2002	8.241	10.271	15.773	24.031	961.000
03/09/2002	3.838	9.948	16.430	24.169	954.000
04/09/2002	7.076	11.401	16.154	25.614	1020.000
05/09/2002	2.285	10.931	15.821	24.852	971.000
06/09/2002	0.292	11.205	16.369	25.529	1007.000
07/09/2002	6.046	10.730	16.030	24.753	954.000
08/09/2002	0.017	12.321	15.656	26.342	954.000
09/09/2002	1.136	11.525	15.760	25.476	926.000
10/09/2002	8.500	9.549	15.939	23.344	908.000
11/09/2002	2.758	10.353	15.982	24.254	899.000
12/09/2002	4.449	11.034	15.313	24.620	914.000
13/09/2002	1.595	11.853	15.545	25.697	981.000
14/09/2002	8.158	10.428	15.911	24.311	1132.000
15/09/2002	2.196	10.844	16.131	24.954	985.000
16/09/2002	2.703	10.006	16.408	24.185	955.000
17/09/2002	5.198	9.028	15.443	22.396	948.000
18/09/2002	7.792	10.234	15.473	23.757	969.000
19/09/2002	5.670	10.235	15.928	24.129	1074.000
20/09/2002	3.020	10.936	15.159	24.392	1264.000
21/09/2002	3.319	10.743	16.460	25.081	1484.000
22/09/2002	2.926	11.787	15.409	25.606	1627.000
23/09/2002	12.444	11.689	15.698	25.680	1373.000
24/09/2002	8.341	10.124	16.096	24.160	1252.000
25/09/2002	10.565	9.110	16.048	22.976	1101.000
26/09/2002	9.882	7.992	15.992	21.678	1138.000
27/09/2002	4.638	10.947	15.926	24.944	993.000
28/09/2002	20.831	8.818	16.039	22.622	959.000
29/09/2002	0.960	11.056	15.056	24.532	1057.000
30/09/2002	1.844	12.293	14.078	25.349	1025.000
01/10/2002	4.514	10.197	15.243	23.682	948.000
02/10/2002	1.103	11.758	14.677	25.147	986.000
03/10/2002	1.932	11.583	15.294	25.354	1109.000
04/10/2002	1.758	11.183	15.967	25.358	997.000
05/10/2002	4.454	11.221	15.805	25.313	1139.000
06/10/2002	3.280	10.390	16.403	24.779	926.000
07/10/2002	22.236	8.729	16.414	22.932	1210.000
08/10/2002	2.125	9.773	15.699	23.576	876.000
09/10/2002	3.000	9.814	16.201	24.017	896.000
10/10/2002	5.464	9.670	16.424	24.033	897.000
11/10/2002	16.038	8.352	16.109	22.284	1201.000
12/10/2002	2.204	9.885	15.770	23.823	944.000
13/10/2002	4.595	10.624	15.754	24.694	1057.000
14/10/2002	1.568	12.228	14.469	25.783	1103.000
15/10/2002	4.768	9.082	15.827	22.988	1181.000
16/10/2002	2.927	9.853	16.045	24.080	1109.000
17/10/2002	8.950	8.724	15.936	22.675	1213.000
18/10/2002	9.989	9.071	15.676	22.877	1069.000
19/10/2002	4.408	10.361	15.564	24.340	1106.000
20/10/2002	13.151	10.020	15.836	24.190	1169.000
21/10/2002	15.128	9.144	15.844	23.175	1093.000
22/10/2002	10.276	7.376	15.979	21.266	1105.000
23/10/2002	4.251	9.677	15.505	23.584	1089.000
24/10/2002	17.154	9.514	15.680	23.525	1169.000
25/10/2002	10.371	10.197	15.165	23.994	1625.000
26/10/2002	4.287	8.479	16.239	22.798	1431.000
27/10/2002	30.494	7.415	16.006	21.381	1565.000
28/10/2002	3.939	8.976	16.027	23.205	1806.000
29/10/2002	10.421	8.483	15.869	22.515	1940.000
30/10/2002	25.877	7.447	15.894	21.334	1865.000
31/10/2002	2.508	8.378	15.830	22.451	2118.000
01/11/2002	6.685	8.670	15.584	22.662	2043.000
02/11/2002	11.994	8.093	15.850	22.153	1874.000
03/11/2002	11.324	7.046	15.818	20.936	2147.000
04/11/2002	6.675	9.680	15.246	23.656	2086.000
05/11/2002	21.284	8.924	15.371	22.839	1977.000
06/11/2002	3.732	8.801	15.686	22.949	2039.000
07/11/2002	11.614	7.888	15.820	21.976	2147.000
08/11/2002	16.163	8.203	15.436	22.054	2137.000
09/11/2002	2.480	9.101	15.728	23.381	2410.000
10/11/2002	7.211	10.589	14.401	24.330	2137.000
11/11/2002	2.712	9.556	15.204	23.611	2053.000
12/11/2002	4.263	9.095	15.866	23.536	1912.000
13/11/2002	8.354	8.770	15.189	22.695	1879.000
14/11/2002	5.214	8.863	15.672	23.150	1827.000
15/11/2002	8.320	9.559	15.797	24.135	1916.000
16/11/2002	2.604	9.858	15.953	24.593	1818.000
17/11/2002	11.491	9.194	15.637	23.597	1585.000
18/11/2002	1.685	9.557	14.799	23.502	1560.000
19/11/2002	1.809	9.277	15.355	23.539	1555.000
20/11/2002	0.251	10.133	15.522	24.710	1453.000
21/11/2002	2.928	9.197	16.181	24.052	1336.000
22/11/2002	5.031	9.508	15.766	24.144	1381.000
23/11/2002	2.167	9.318	15.810	24.001	1118.000
24/11/2002	0.220	9.758	15.363	24.233	1413.000
25/11/2002	0.003	10.710	15.654	25.645	1710.000
26/11/2002	0.597	10.068	16.462	25.424	1042.000
27/11/2002	4.497	9.243	16.793	24.658	886.000
28/11/2002	0.349	9.419	16.471	24.656	896.000
29/11/2002	8.865	8.586	16.609	23.731	826.000
30/11/2002	1.678	9.838	16.369	25.146	829.000
01/12/2002	0.918	10.168	16.521	25.681	854.000
02/12/2002	0.399	10.007	16.629	25.581	820.000
03/12/2002	5.386	8.912	17.169	24.616	833.000
04/12/2002	4.212	10.263	15.615	25.181	854.000
05/12/2002	10.242	9.736	15.998	24.801	877.000
06/12/2002	9.800	8.826	16.313	23.903	899.000
07/12/2002	2.970	8.913	16.234	23.966	850.000
08/12/2002	6.819	8.195	16.763	23.452	870.000
09/12/2002	5.158	8.240	16.269	23.158	886.000
10/12/2002	1.166	9.849	15.817	24.820	889.000
11/12/2002	2.715	8.785	16.952	24.341	918.000
12/12/2002	2.940	9.417	16.173	24.561	886.000
13/12/2002	6.340	9.054	16.804	24.597	928.000
14/12/2002	11.292	7.238	17.221	22.696	896.000
15/12/2002	36.897	5.050	17.014	20.120	913.000
16/12/2002	3.509	7.636	15.970	22.190	1045.000
17/12/2002	12.396	6.140	16.298	20.647	1494.000
18/12/2002	12.787	8.316	15.977	23.015	1821.000
19/12/2002	6.502	9.010	16.207	24.093	2109.000
20/12/2002	13.215	8.751	16.269	23.831	2057.000
21/12/2002	3.386	8.083	16.631	23.266	1916.000
22/12/2002	0.096	10.098	15.177	24.750	1784.000
23/12/2002	1.282	10.071	15.527	24.973	1645.000
24/12/2002	1.160	9.043	15.879	23.897	1390.000
25/12/2002	0.254	10.072	15.988	25.318	1309.000
26/12/2002	0.740	10.404	14.927	24.982	1238.000
27/12/2002	0.003	9.822	15.483	24.599	1105.000
28/12/2002	0.449	9.706	15.239	24.291	1108.000
29/12/2002	2.580	9.144	16.300	24.305	1045.000
30/12/2002	3.361	9.110	16.343	24.276	977.000
31/12/2002	3.406	9.453	16.625	24.911	954.000
01/01/2003	1.236	10.224	15.712	25.247	954.000
02/01/2003	0.946	10.622	15.379	25.506	931.000
03/01/2003	4.256	9.432	14.858	23.624	902.000
04/01/2003	1.216	9.605	15.532	24.284	944.000
05/01/2003	1.033	9.923	15.337	24.545	848.000
06/01/2003	0.460	9.939	15.976	25.023	799.000
07/01/2003	0.034	11.025	14.729	25.548	775.000
08/01/2003	0.956	10.635	15.727	25.675	769.000
09/01/2003	0.003	9.869	15.822	24.777	799.000
10/01/2003	0.000	10.851	16.052	26.150	796.000
11/01/2003	0.006	11.303	15.015	26.026	754.000
12/01/2003	0.514	10.227	15.696	25.106	730.000
13/01/2003	0.394	10.020	16.254	25.182	668.000
14/01/2003	5.334	9.916	16.082	24.943	588.000
15/01/2003	3.787	9.390	16.645	24.632	742.000
16/01/2003	2.432	10.518	16.122	25.643	655.000
17/01/2003	2.125	10.101	17.063	25.790	593.000
18/01/2003	6.199	9.591	16.335	24.618	540.000
19/01/2003	4.889	6.945	17.130	22.057	459.000
20/01/2003	2.469	9.896	15.348	24.250	606.000
21/01/2003	0.007	10.562	15.305	25.037	696.000
22/01/2003	0.030	10.137	15.272	24.459	640.000
23/01/2003	0.491	9.062	15.590	23.281	655.000
24/01/2003	0.105	9.854	15.871	24.456	691.000
25/01/2003	1.284	10.085	15.780	24.666	728.000
26/01/2003	0.095	10.701	15.175	25.019	653.000
27/01/2003	0.460	10.206	15.359	24.501	585.000
28/01/2003	0.000	11.582	14.527	25.631	582.000
29/01/2003	0.124	11.102	15.765	25.823	536.000
30/01/2003	0.510	10.435	16.395	25.421	777.000
31/01/2003	14.367	9.634	16.826	24.741	458.000
01/02/2003	1.190	9.827	15.590	24.059	429.000
02/02/2003	0.017	8.585	15.764	22.684	453.000
03/02/2003	0.381	10.923	15.530	25.281	440.000
04/02/2003	0.006	11.690	16.036	26.551	416.000
05/02/2003	0.000	11.023	17.237	26.571	442.000
06/02/2003	0.184	11.202	16.397	26.158	492.000
07/02/2003	1.604	10.983	17.169	26.402	447.000
08/02/2003	11.177	8.820	16.947	23.726	443.000
09/02/2003	1.984	10.958	15.973	25.478	421.000
10/02/2003	6.352	10.519	16.002	24.969	419.000
11/02/2003	4.797	10.032	16.807	24.949	480.000
12/02/2003	3.991	10.682	16.189	25.234	483.000
13/02/2003	8.341	8.539	17.411	23.649	514.000
14/02/2003	1.647	10.677	16.470	25.409	459.000
15/02/2003	13.462	8.871	16.929	23.618	419.000
16/02/2003	0.237	8.850	16.769	23.468	429.000
17/02/2003	2.299	9.364	16.840	24.038	490.000
18/02/2003	6.210	8.585	16.523	22.937	685.000
19/02/2003	10.034	10.431	15.910	24.598	713.000
20/02/2003	5.574	9.718	16.351	24.047	739.000
21/02/2003	1.156	11.085	16.471	25.713	728.000
22/02/2003	0.069	10.422	16.994	25.300	703.000
23/02/2003	0.295	9.884	16.175	24.088	720.000
24/02/2003	3.237	9.647	16.909	24.297	685.000
25/02/2003	7.600	10.989	16.808	25.770	635.000
26/02/2003	13.880	9.294	16.307	23.434	660.000
27/02/2003	2.754	9.371	16.359	23.604	781.000
28/02/2003	1.008	9.501	16.018	23.435	688.000
01/03/2003	1.235	10.856	15.167	24.356	877.000
02/03/2003	0.069	9.961	16.843	24.537	745.000
03/03/2003	3.846	10.929	15.862	24.910	811.000
04/03/2003	0.796	10.320	16.324	24.503	809.000
05/03/2003	0.000	11.327	16.296	25.605	853.000
06/03/2003	0.019	13.063	15.520	27.108	755.000
07/03/2003	0.042	12.324	15.643	26.316	640.000
08/03/2003	0.054	11.472	16.619	25.968	858.000
09/03/2003	0.719	12.268	16.542	26.802	1019.000
10/03/2003	6.334	10.114	17.353	24.954	883.000
11/03/2003	0.174	10.604	16.882	25.119	805.000
12/03/2003	0.005	11.443	16.937	26.128	793.000
13/03/2003	8.411	10.525	17.433	25.446	787.000
14/03/2003	18.603	9.598	16.534	23.728	745.000
15/03/2003	21.155	7.945	16.782	22.169	718.000
16/03/2003	2.176	9.296	16.143	23.080	709.000
17/03/2003	4.801	9.904	16.219	23.782	698.000
18/03/2003	5.532	11.421	16.197	25.517	858.000
19/03/2003	15.427	7.604	16.624	21.614	902.000
20/03/2003	2.828	10.837	15.854	24.592	1020.000
21/03/2003	8.644	11.037	15.436	24.535	1015.000
22/03/2003	10.862	11.000	16.258	25.066	948.000
23/03/2003	3.829	10.383	16.226	24.334	941.000
24/03/2003	0.497	11.942	15.482	25.599	814.000
25/03/2003	2.641	8.594	16.368	22.448	763.000
26/03/2003	2.258	6.712	16.448	20.535	808.000
27/03/2003	1.238	9.789	16.302	23.681	754.000
28/03/2003	1.569	10.017	16.146	23.839	755.000
29/03/2003	8.237	8.837	16.909	23.132	814.000
30/03/2003	9.469	10.238	15.858	23.897	811.000
31/03/2003	6.469	9.900	16.212	23.857	958.000
01/04/2003	0.038	11.200	15.507	24.717	970.000
02/04/2003	0.007	11.526	15.983	25.418	955.000
03/04/2003	1.211	9.422	17.085	23.892	817.000
04/04/2003	8.978	9.802	17.198	24.407	726.000
05/04/2003	1.503	11.403	16.380	25.578	700.000
06/04/2003	0.465	11.632	16.904	26.208	740.000
07/04/2003	2.039	11.837	16.645	26.273	670.000
08/04/2003	24.599	8.869	17.165	23.383	771.000
09/04/2003	9.570	6.773	16.860	20.943	698.000
10/04/2003	5.503	10.610	15.991	24.434	945.000
11/04/2003	1.533	10.481	16.828	24.930	967.000
12/04/2003	17.023	7.181	17.194	21.671	973.000
13/04/2003	12.315	7.750	16.629	21.888	1330.000
14/04/2003	11.402	9.504	16.232	23.383	1354.000
15/04/2003	22.117	8.686	16.405	22.634	1802.000
16/04/2003	6.273	10.621	15.852	24.410	1832.000
17/04/2003	12.960	9.223	16.607	23.386	2039.000
18/04/2003	6.745	10.843	15.886	24.725	1874.000
19/04/2003	10.745	7.747	16.898	22.032	1879.000
20/04/2003	3.542	10.352	16.379	24.546	1926.000
21/04/2003	21.240	8.430	16.909	22.818	1987.000
22/04/2003	13.569	8.554	16.372	22.535	1836.000
23/04/2003	5.046	9.291	16.476	23.428	2264.000
24/04/2003	8.686	9.160	16.440	23.258	2250.000
25/04/2003	16.453	9.164	16.281	23.214	2292.000
26/04/2003	4.720	10.550	15.744	24.357	1869.000
27/04/2003	7.759	9.267	16.495	23.472	2269.000
28/04/2003	5.628	10.748	17.082	25.542	2491.000
29/04/2003	3.830	9.883	16.376	24.119	2389.000
30/04/2003	3.897	10.239	16.498	24.597	2386.000
01/05/2003	0.827	11.909	16.136	26.263	2183.000
02/05/2003	3.179	11.118	16.254	25.464	2009.000
03/05/2003	4.012	9.416	16.446	23.678	1887.000
04/05/2003	14.238	9.438	16.616	23.818	1956.000
05/05/2003	5.177	9.518	16.681	23.981	2023.000
06/05/2003	11.426	9.423	16.661	23.869	1941.000
07/05/2003	4.631	9.987	16.589	24.477	1975.000
08/05/2003	13.064	9.772	16.158	23.932	1930.000
09/05/2003	10.323	8.920	16.587	23.267	1956.000
10/05/2003	4.781	10.250	15.992	24.378	1926.000
11/05/2003	6.745	8.652	16.256	22.743	2016.000
12/05/2003	5.663	10.183	16.397	24.677	2255.000
13/05/2003	4.057	10.245	15.784	24.268	2186.000
14/05/2003	4.298	10.169	16.416	24.690	2035.000
15/05/2003	4.506	10.848	15.947	25.129	1971.000
16/05/2003	7.616	10.287	16.832	25.109	1841.000
17/05/2003	2.108	10.261	16.557	24.922	1829.000
18/05/2003	13.824	8.233	16.782	22.820	1799.000
19/05/2003	18.651	7.335	16.647	21.774	2222.000
20/05/2003	3.269	9.865	16.615	24.517	2387.000
21/05/2003	5.482	10.478	16.749	25.384	2170.000
22/05/2003	11.359	9.228	16.199	23.513	2081.000
23/05/2003	2.864	10.459	15.899	24.793	1926.000
24/05/2003	10.656	9.750	16.313	24.246	1924.000
25/05/2003	9.901	7.067	16.237	21.132	2237.000
26/05/2003	4.525	9.159	16.365	23.617	2069.000
27/05/2003	3.776	9.013	16.409	23.478	1989.000
28/05/2003	3.077	9.826	16.091	24.179	1823.000
29/05/2003	4.856	10.337	16.343	25.040	1626.000
30/05/2003	13.548	9.850	15.991	24.184	1770.000
31/05/2003	5.335	9.109	16.194	23.508	1754.000
01/06/2003	4.888	9.117	16.270	23.582	1717.000
02/06/2003	7.852	9.100	15.987	23.344	1606.000
03/06/2003	6.705	8.075	16.132	22.313	1979.000
04/06/2003	2.133	10.362	15.578	24.550	2220.000
05/06/2003	31.309	7.198	16.469	21.564	2076.000
06/06/2003	6.073	9.179	14.952	22.728	1955.000
07/06/2003	9.499	9.520	15.462	23.487	2167.000
08/06/2003	0.380	8.994	15.166	22.641	2026.000
09/06/2003	9.242	8.916	16.301	23.433	1899.000
10/06/2003	3.400	10.269	15.481	24.448	2034.000
11/06/2003	19.990	8.218	15.622	22.097	2047.000
12/06/2003	4.575	8.932	15.243	22.710	2143.000
13/06/2003	14.805	7.557	15.736	21.424	2011.000
14/06/2003	2.835	7.155	15.788	21.006	2180.000
15/06/2003	9.625	8.544	15.468	22.367	2272.000
16/06/2003	6.431	9.702	15.764	24.040	2517.000
17/06/2003	15.606	8.162	15.634	22.026	2381.000
18/06/2003	13.349	5.930	15.903	19.755	2609.000
19/06/2003	2.020	8.694	15.549	22.594	2694.000
20/06/2003	3.637	10.261	15.433	24.452	2599.000
21/06/2003	7.440	8.540	15.639	22.517	2424.000
22/06/2003	7.413	9.280	15.324	23.189	2303.000
23/06/2003	3.737	8.898	15.429	22.764	2422.000
24/06/2003	4.995	9.528	15.288	23.450	2384.000
25/06/2003	3.042	8.762	14.724	22.131	2048.000
26/06/2003	3.023	10.304	15.151	24.279	2082.000
27/06/2003	2.247	8.836	15.146	22.547	1966.000
28/06/2003	3.846	9.904	15.175	23.811	1861.000
29/06/2003	6.461	9.271	15.100	23.022	1861.000
30/06/2003	2.353	8.874	15.382	22.727	1637.000
01/07/2003	5.299	9.473	14.997	23.207	1780.000
02/07/2003	2.032	11.108	15.545	25.565	1671.000
03/07/2003	8.170	9.171	16.691	24.000	1513.000
04/07/2003	6.655	8.871	15.893	23.103	1546.000
05/07/2003	4.000	9.232	15.588	23.312	1395.000
06/07/2003	5.102	10.380	14.854	24.163	1299.000
07/07/2003	6.518	9.246	15.455	23.198	1453.000
08/07/2003	7.417	8.329	15.761	22.346	1427.000
09/07/2003	3.904	7.465	15.727	21.272	1687.000
10/07/2003	6.380	9.992	15.517	24.125	1661.000
11/07/2003	5.345	9.446	14.984	23.102	1537.000
12/07/2003	1.655	9.306	15.949	23.605	1330.000
13/07/2003	6.116	9.993	16.021	24.469	1718.000
14/07/2003	2.874	11.799	14.456	25.559	1668.000
15/07/2003	2.473	11.161	15.172	25.265	1471.000
16/07/2003	2.651	9.730	15.710	23.916	1416.000
17/07/2003	6.255	9.628	15.833	23.836	1680.000
18/07/2003	0.395	11.076	15.512	25.351	1472.000
19/07/2003	1.751	11.201	15.428	25.424	1501.000
20/07/2003	0.621	11.149	15.899	25.686	1281.000
21/07/2003	0.923	10.804	15.935	25.279	1203.000
22/07/2003	2.644	10.151	16.330	24.754	1116.000
23/07/2003	5.086	9.670	16.694	24.441	1089.000
24/07/2003	6.754	9.948	16.688	24.804	1258.000
25/07/2003	4.236	9.397	16.810	24.202	1238.000
26/07/2003	6.847	9.428	16.336	23.888	1618.000
27/07/2003	5.771	10.018	16.481	24.660	1782.000
28/07/2003	2.696	11.003	15.601	25.201	1573.000
29/07/2003	0.365	10.007	16.795	24.867	1360.000
30/07/2003	8.621	9.635	16.703	24.346	1617.000
31/07/2003	7.373	10.332	16.144	24.760	1331.000
01/08/2003	10.172	10.011	16.070	24.315	1966.000
02/08/2003	3.979	8.645	16.141	22.753	1634.000
03/08/2003	18.829	8.106	15.353	21.535	2018.000
04/08/2003	0.196	9.961	15.454	23.770	2140.000
05/08/2003	1.227	10.194	15.819	24.308	1700.000
06/08/2003	3.155	11.167	16.004	25.558	1596.000
07/08/2003	1.974	9.763	15.996	23.922	1371.000
08/08/2003	7.342	9.360	14.922	22.650	1554.000
09/08/2003	6.477	10.205	15.128	23.732	1291.000
10/08/2003	1.393	11.182	15.945	25.481	1271.000
11/08/2003	3.536	10.619	15.568	24.537	1244.000
12/08/2003	1.835	10.893	15.764	25.002	1125.000
13/08/2003	5.565	10.211	15.991	24.321	1084.000
14/08/2003	7.257	10.639	16.382	25.086	1510.000
15/08/2003	3.326	9.814	15.888	23.789	1277.000
16/08/2003	3.375	10.816	14.764	24.146	1493.000
17/08/2003	1.427	10.931	15.727	24.944	1264.000
18/08/2003	5.343	11.139	15.402	24.946	1427.000
19/08/2003	1.073	12.348	15.430	26.383	1179.000
20/08/2003	13.248	8.645	15.932	22.467	1237.000
21/08/2003	5.598	10.627	15.961	24.684	1324.000
22/08/2003	15.609	8.797	16.344	22.867	1818.000
23/08/2003	3.710	10.358	16.008	24.394	1502.000
24/08/2003	4.399	10.241	15.737	24.056	1643.000
25/08/2003	1.955	10.928	16.076	25.089	1447.000
26/08/2003	6.051	11.057	16.277	25.343	1324.000
27/08/2003	8.580	9.192	16.365	23.281	1487.000
28/08/2003	4.976	10.798	16.344	25.062	1411.000
29/08/2003	6.692	10.037	16.108	24.068	1618.000
30/08/2003	0.561	10.601	15.863	24.526	1506.000
31/08/2003	3.288	11.851	15.214	25.526	1648.000
01/09/2003	1.820	11.137	15.956	25.215	1345.000
02/09/2003	1.272	12.007	15.222	25.657	1176.000
03/09/2003	1.151	11.912	15.527	25.818	1071.000
04/09/2003	4.878	10.910	16.005	24.968	1050.000
05/09/2003	8.608	10.066	15.860	23.891	1133.000
06/09/2003	6.696	9.800	15.506	23.327	1308.000
07/09/2003	13.352	8.431	15.884	22.060	1284.000
08/09/2003	3.215	10.508	15.941	24.426	1375.000
09/09/2003	10.319	8.941	16.652	23.147	1168.000
10/09/2003	9.858	9.853	16.411	24.031	1681.000
11/09/2003	7.092	10.139	16.200	24.168	1413.000
12/09/2003	2.764	9.797	16.399	23.966	1438.000
13/09/2003	3.187	10.991	15.931	24.977	1276.000
14/09/2003	4.046	10.512	16.600	24.903	1489.000
15/09/2003	2.197	10.312	16.116	24.338	1266.000
16/09/2003	3.001	11.179	15.647	25.019	1355.000
17/09/2003	1.188	9.944	15.443	23.419	1183.000
18/09/2003	12.550	9.505	15.881	23.252	1403.000
19/09/2003	5.594	9.770	15.993	23.638	1525.000
20/09/2003	14.552	8.954	16.054	22.745	1685.000
21/09/2003	5.119	9.564	15.602	23.074	1773.000
22/09/2003	4.939	9.732	15.444	23.174	1613.000
23/09/2003	4.985	8.090	15.949	21.747	1827.000
24/09/2003	6.187	10.797	14.806	24.002	1903.000
25/09/2003	8.943	10.985	15.464	24.682	1881.000
26/09/2003	9.350	8.656	16.374	22.683	1832.000
27/09/2003	9.416	9.181	16.089	23.080	1797.000
28/09/2003	4.270	9.008	16.120	22.880	1739.000
29/09/2003	4.551	9.891	16.448	24.171	1685.000
30/09/2003	14.778	8.816	16.238	22.819	1540.000
01/10/2003	4.579	8.942	16.155	22.909	1565.000
02/10/2003	6.665	10.219	15.230	23.711	1660.000
03/10/2003	6.144	10.611	15.274	24.195	1630.000
04/10/2003	6.319	9.965	16.137	24.088	1856.000
05/10/2003	16.931	8.451	16.169	22.435	1794.000
06/10/2003	22.635	6.548	16.249	20.406	2053.000
07/10/2003	11.613	9.212	15.961	23.102	1874.000
08/10/2003	11.350	7.474	16.054	21.284	1996.000
09/10/2003	5.531	7.935	16.218	21.890	1783.000
10/10/2003	2.540	8.835	15.459	22.322	2391.000
11/10/2003	2.480	11.074	15.458	24.951	2382.000
12/10/2003	5.457	9.631	16.678	24.199	2396.000
13/10/2003	20.712	8.392	16.646	22.764	2419.000
14/10/2003	11.886	7.447	16.106	21.314	2123.000
15/10/2003	7.802	8.688	15.586	22.334	2302.000
16/10/2003	11.511	9.113	15.441	22.718	2302.000
17/10/2003	3.622	10.374	15.575	24.350	2227.000
18/10/2003	19.427	9.000	16.073	23.114	2030.000
19/10/2003	5.812	9.514	15.775	23.581	1727.000
20/10/2003	9.697	8.341	16.533	22.732	2363.000
21/10/2003	14.205	8.207	16.198	22.331	2527.000
22/10/2003	1.699	9.210	14.849	22.522	2650.000
23/10/2003	0.960	11.020	15.986	25.547	2349.000
24/10/2003	8.204	9.933	16.202	24.433	2654.000
25/10/2003	1.823	10.571	15.789	24.907	2363.000
26/10/2003	13.930	7.596	16.399	21.891	2212.000
27/10/2003	18.445	6.446	16.167	20.443	2208.000
28/10/2003	4.766	9.263	15.362	23.081	2368.000
29/10/2003	25.010	6.915	16.078	20.867	2321.000
30/10/2003	12.709	8.668	15.212	22.257	2809.000
31/10/2003	8.654	7.067	16.116	21.098	2988.000
01/11/2003	1.640	7.114	15.357	20.634	3087.000
02/11/2003	1.579	11.009	13.976	24.383	3110.000
03/11/2003	11.639	8.673	15.337	22.423	2875.000
04/11/2003	1.199	10.440	14.451	24.053	2584.000
05/11/2003	2.890	10.534	14.528	24.242	2344.000
06/11/2003	9.120	9.594	14.968	23.400	2198.000
07/11/2003	15.993	8.272	15.358	22.061	2541.000
08/11/2003	6.593	7.860	15.750	21.871	2349.000
09/11/2003	5.292	9.747	15.400	23.947	2556.000
10/11/2003	14.659	7.763	16.749	22.558	2170.000
11/11/2003	12.257	7.727	16.210	22.168	2640.000
12/11/2003	7.347	8.113	15.653	22.188	2697.000
13/11/2003	4.398	10.070	15.280	24.317	2302.000
14/11/2003	11.694	8.007	16.635	22.850	2678.000
15/11/2003	9.917	9.238	16.242	24.040	2607.000
16/11/2003	5.348	9.250	16.199	24.059	2847.000
17/11/2003	1.261	7.504	15.666	21.619	2607.000
18/11/2003	12.872	8.733	15.322	22.810	2546.000
19/11/2003	5.387	10.190	15.749	24.932	2278.000
20/11/2003	14.485	8.782	15.943	23.348	2151.000
21/11/2003	9.662	8.712	16.008	23.303	2316.000
22/11/2003	20.647	5.512	16.158	19.749	2513.000
23/11/2003	3.957	8.594	15.347	22.750	2457.000
24/11/2003	14.055	8.505	15.959	23.080	2259.000
25/11/2003	9.216	7.513	16.106	22.002	2748.000
26/11/2003	3.714	9.727	15.765	24.485	2574.000
27/11/2003	3.890	9.847	16.089	24.891	2532.000
28/11/2003	10.422	8.308	16.280	23.175	1813.000
29/11/2003	25.781	6.961	15.717	21.104	2537.000
30/11/2003	2.066	8.188	16.002	22.818	2668.000
01/12/2003	3.852	8.397	16.177	23.179	2654.000
02/12/2003	30.073	7.130	16.401	21.808	2664.000
03/12/2003	17.436	7.567	16.304	22.297	2997.000
04/12/2003	3.035	9.813	15.515	24.536	3190.000
05/12/2003	8.543	9.665	15.714	24.501	3176.000
06/12/2003	14.900	8.225	15.813	22.761	3068.000
07/12/2003	0.856	8.479	16.055	23.261	2908.000
08/12/2003	1.934	9.469	15.575	24.170	2969.000
09/12/2003	0.000	9.879	15.921	24.953	2635.000
10/12/2003	1.520	9.086	16.281	24.275	2339.000
11/12/2003	10.201	8.298	15.912	22.973	2297.000
12/12/2003	4.421	8.260	15.971	22.979	2245.000
13/12/2003	2.274	8.476	15.685	23.069	2123.000
14/12/2003	5.026	7.683	15.754	22.131	2006.000
15/12/2003	0.237	9.326	15.007	23.638	1883.000
16/12/2003	0.000	10.148	15.131	24.795	1773.000
17/12/2003	0.000	10.148	14.889	24.661	1575.000
18/12/2003	2.501	8.953	15.695	23.651	1645.000
19/12/2003	7.058	7.701	16.479	22.690	1535.000
20/12/2003	1.581	8.758	16.272	23.822	1540.000
21/12/2003	6.783	8.631	16.400	23.733	1485.000
22/12/2003	9.146	8.804	16.448	24.004	1586.000
23/12/2003	0.432	9.549	15.837	24.496	1495.000
24/12/2003	0.317	9.468	16.178	24.652	1413.000
25/12/2003	7.572	7.167	16.345	21.933	1341.000
26/12/2003	13.394	7.973	16.207	22.810	1267.000
27/12/2003	1.938	5.620	15.892	19.750	1318.000
28/12/2003	0.079	7.742	15.941	22.264	1359.000
29/12/2003	0.356	8.091	16.243	22.900	1386.000
30/12/2003	6.896	8.779	15.951	23.547	1350.000
31/12/2003	0.173	9.805	15.159	24.299	1323.000
01/01/2004	1.547	10.287	15.707	25.276	1310.000
02/01/2004	0.000	10.589	15.902	25.804	1189.000
03/01/2004	0.000	9.826	16.636	25.376	1131.000
04/01/2004	0.033	9.754	15.773	24.652	1124.000
05/01/2004	23.267	7.640	16.675	22.703	912.000
06/01/2004	3.935	7.920	16.090	22.555	938.000
07/01/2004	6.847	8.233	16.151	22.976	1023.000
08/01/2004	8.394	7.499	16.313	22.184	1176.000
09/01/2004	9.497	7.733	16.441	22.548	1336.000
10/01/2004	13.035	7.913	16.227	22.603	1691.000
11/01/2004	3.357	8.249	16.999	23.562	1963.000
12/01/2004	12.905	8.597	16.479	23.606	1670.000
13/01/2004	2.384	9.669	16.663	25.022	1495.000
14/01/2004	8.144	9.557	16.469	24.726	1446.000
15/01/2004	9.592	9.023	16.438	24.024	1345.000
16/01/2004	5.178	7.851	15.922	22.199	1213.000
17/01/2004	4.122	7.961	15.744	22.167	1170.000
18/01/2004	0.000	8.255	14.433	21.537	1253.000
19/01/2004	0.010	10.202	14.803	24.256	1259.000
20/01/2004	0.022	9.513	14.932	23.476	1267.000
21/01/2004	0.061	7.234	16.909	22.181	1292.000
22/01/2004	1.860	6.700	15.083	20.100	1275.000
23/01/2004	0.000	8.723	14.964	22.418	1570.000
24/01/2004	1.489	11.022	14.308	24.851	1426.000
25/01/2004	1.225	10.749	14.312	24.516	1473.000
26/01/2004	0.061	10.736	14.646	24.698	1413.000
27/01/2004	0.006	10.807	14.537	24.695	1399.000
28/01/2004	0.006	11.134	14.205	24.866	1323.000
29/01/2004	0.000	11.418	13.912	25.006	1242.000
30/01/2004	0.131	11.066	13.776	24.460	1156.000
31/01/2004	0.000	10.641	14.695	24.502	1034.000
01/02/2004	0.018	11.272	14.547	25.131	915.000
02/02/2004	0.000	11.501	14.479	25.372	988.000
03/02/2004	0.567	10.422	15.334	24.595	925.000
04/02/2004	0.121	11.260	14.769	25.190	889.000
05/02/2004	0.108	11.193	15.081	25.325	857.000
06/02/2004	0.000	11.810	13.177	24.778	820.000
07/02/2004	0.000	11.272	14.746	25.126	796.000
08/02/2004	0.094	10.164	15.438	24.204	763.000
09/02/2004	0.000	11.417	14.845	25.277	766.000
10/02/2004	0.861	11.301	15.306	25.454	796.000
11/02/2004	2.129	11.284	15.181	25.325	772.000
12/02/2004	3.097	11.158	15.577	25.398	754.000
13/02/2004	3.696	9.579	16.314	24.067	825.000
14/02/2004	1.848	10.946	14.884	24.631	859.000
15/02/2004	0.242	10.503	16.078	24.905	833.000
16/02/2004	1.474	11.320	15.558	25.487	790.000
17/02/2004	0.382	11.126	15.265	25.023	802.000
18/02/2004	2.392	11.085	16.156	25.580	751.000
19/02/2004	9.426	9.939	16.376	24.362	718.000
20/02/2004	8.206	8.452	16.374	22.619	728.000
21/02/2004	4.995	8.877	16.634	23.284	713.000
22/02/2004	13.448	8.986	16.410	23.227	705.000
23/02/2004	11.413	7.119	15.825	20.711	728.000
24/02/2004	1.298	11.037	14.797	24.428	738.000
25/02/2004	2.820	9.137	15.648	22.754	846.000
26/02/2004	1.440	11.598	15.321	25.432	790.000
27/02/2004	0.684	9.482	15.628	23.129	766.000
28/02/2004	2.345	9.454	15.775	23.264	772.000
29/02/2004	1.046	10.080	16.035	24.093	754.000
01/03/2004	2.351	9.450	16.716	23.858	739.000
02/03/2004	2.058	9.668	16.772	24.113	787.000
03/03/2004	8.125	10.688	16.353	24.946	830.000
04/03/2004	1.523	11.557	15.950	25.643	909.000
05/03/2004	5.876	11.114	16.295	25.365	823.000
06/03/2004	6.987	9.078	16.173	22.948	748.000
07/03/2004	2.688	8.267	16.731	22.482	763.000
08/03/2004	1.207	11.108	15.455	24.751	814.000
09/03/2004	1.127	10.526	16.116	24.518	823.000
10/03/2004	1.034	8.410	17.235	23.006	796.000
11/03/2004	1.514	8.736	16.986	23.159	748.000
12/03/2004	0.373	11.752	16.514	26.141	746.000
13/03/2004	1.156	11.976	16.203	26.194	734.000
14/03/2004	0.000	11.915	15.894	25.889	688.000
15/03/2004	1.304	10.923	16.546	25.204	643.000
16/03/2004	4.550	10.433	16.942	24.941	587.000
17/03/2004	0.007	10.773	15.687	24.413	576.000
18/03/2004	0.786	11.616	15.604	25.327	529.000
19/03/2004	0.683	10.350	16.674	24.667	510.000
20/03/2004	0.028	11.080	15.051	24.330	515.000
21/03/2004	7.296	9.311	16.742	23.557	665.000
22/03/2004	1.572	10.930	15.425	24.397	817.000
23/03/2004	0.267	11.139	16.276	25.192	775.000
24/03/2004	0.071	10.964	17.561	25.934	745.000
25/03/2004	14.970	8.649	17.506	23.393	818.000
26/03/2004	7.291	10.083	16.967	24.532	725.000
27/03/2004	9.777	10.761	16.247	24.792	689.000
28/03/2004	6.414	10.579	16.638	24.819	643.000
29/03/2004	1.374	10.089	16.578	24.267	770.000
30/03/2004	0.944	11.402	16.226	25.463	785.000
31/03/2004	1.603	11.283	16.816	25.758	673.000
01/04/2004	5.649	9.648	16.550	23.762	586.000
02/04/2004	2.840	8.963	16.820	23.256	623.000
03/04/2004	19.778	6.728	16.958	21.026	673.000
04/04/2004	2.336	9.827	16.357	23.827	974.000
05/04/2004	1.132	12.994	15.501	26.799	988.000
06/04/2004	3.981	11.253	16.453	25.533	848.000
07/04/2004	2.777	11.383	16.334	25.598	741.000
08/04/2004	7.510	9.255	17.767	24.273	698.000
09/04/2004	1.131	9.661	17.660	24.679	705.000
10/04/2004	2.859	9.275	17.009	23.775	733.000
11/04/2004	0.535	10.036	16.537	24.302	874.000
12/04/2004	3.307	11.687	16.392	25.987	788.000
13/04/2004	38.471	8.695	17.017	23.132	708.000
14/04/2004	10.437	7.233	17.401	21.938	713.000
15/04/2004	2.901	6.316	16.752	20.465	670.000
16/04/2004	3.152	9.100	15.856	22.682	1020.000
17/04/2004	5.435	8.498	17.273	23.150	1260.000
18/04/2004	12.907	8.817	16.432	22.861	1336.000
19/04/2004	4.462	9.789	16.266	23.831	1305.000
20/04/2004	22.501	7.047	17.038	21.498	1803.000
21/04/2004	10.837	9.273	16.370	23.343	1425.000
22/04/2004	16.927	6.186	17.105	20.697	1640.000
23/04/2004	11.025	6.869	16.177	20.576	1665.000
24/04/2004	1.591	9.304	16.225	23.247	1654.000
25/04/2004	7.221	8.430	15.982	22.132	1610.000
26/04/2004	1.079	10.567	14.525	23.533	1949.000
27/04/2004	6.575	10.002	16.123	24.051	1898.000
28/04/2004	6.822	9.995	16.119	24.053	1921.000
29/04/2004	2.832	10.518	16.397	24.868	2330.000
01/05/2004	9.239	8.828	16.267	22.891	1332.000
02/05/2004	8.434	9.527	16.611	23.935	1535.000
03/05/2004	12.065	7.431	16.784	21.788	1755.000
04/05/2004	13.440	7.958	16.584	22.207	1959.000
05/05/2004	5.176	8.763	16.805	23.231	1730.000
06/05/2004	7.739	10.448	16.858	25.197	1859.000
07/05/2004	2.067	10.135	16.659	24.741	1902.000
08/05/2004	4.902	9.852	16.979	24.599	1705.000
09/05/2004	13.463	8.459	16.885	23.010	1683.000
10/05/2004	2.004	8.866	16.839	23.443	1507.000
11/05/2004	7.710	9.277	16.878	23.969	1570.000
12/05/2004	5.274	7.785	17.330	22.697	1408.000
13/05/2004	4.891	10.263	16.544	24.850	1724.000
14/05/2004	2.424	10.350	17.196	25.466	1395.000
15/05/2004	14.704	6.558	17.284	21.332	1796.000
16/05/2004	4.994	9.058	15.465	22.725	1669.000
17/05/2004	18.484	7.018	16.710	21.416	1417.000
18/05/2004	12.298	7.329	16.384	21.514	1689.000
19/05/2004	18.919	5.653	16.619	19.940	1595.000
20/05/2004	6.859	8.358	15.927	22.301	1625.000
21/05/2004	9.660	9.195	16.040	23.357	1832.000
22/05/2004	12.647	6.809	16.358	20.915	2241.000
23/05/2004	3.794	8.999	15.511	22.758	2462.000
24/05/2004	4.384	9.441	15.593	23.420	2353.000
25/05/2004	4.974	8.964	15.671	22.915	2015.000
26/05/2004	9.832	8.579	15.534	22.321	2250.000
27/05/2004	4.835	7.997	16.030	22.063	2062.000
28/05/2004	8.097	7.192	16.170	21.278	1940.000
29/05/2004	2.796	7.767	15.614	21.494	1796.000
30/05/2004	6.431	10.094	15.247	23.955	2165.000
31/05/2004	10.926	9.324	16.169	23.710	1935.000
01/06/2004	13.203	8.256	15.474	21.977	2034.000
02/06/2004	4.220	8.702	15.411	22.425	1855.000
03/06/2004	1.170	10.096	15.435	24.115	1808.000
04/06/2004	8.303	8.384	16.017	22.543	1724.000
05/06/2004	12.702	6.532	15.580	20.152	2208.000
06/06/2004	8.244	7.451	15.474	21.028	2415.000
07/06/2004	0.006	10.564	14.351	23.981	2353.000
08/06/2004	0.605	9.483	15.442	23.453	2010.000
09/06/2004	8.515	8.776	15.330	22.534	2189.000
10/06/2004	2.035	8.396	15.504	22.247	2100.000
11/06/2004	0.016	9.984	14.330	23.326	1788.000
12/06/2004	1.400	9.008	15.689	23.108	1670.000
13/06/2004	1.273	9.136	15.752	23.289	1498.000
14/06/2004	4.899	9.547	15.635	23.722	1395.000
15/06/2004	1.556	9.783	14.884	23.464	1404.000
16/06/2004	0.913	9.812	15.980	24.235	1275.000
17/06/2004	9.998	9.077	15.611	23.111	1346.000
18/06/2004	0.183	10.448	15.589	24.780	1222.000
19/06/2004	3.756	9.444	15.503	23.525	1311.000
20/06/2004	4.680	7.874	16.222	22.210	1390.000
21/06/2004	3.420	9.244	16.203	23.772	1804.000
22/06/2004	0.000	10.382	15.439	24.589	1372.000
23/06/2004	0.743	10.982	15.253	25.219	1300.000
24/06/2004	1.667	10.020	15.279	24.027	1238.000
25/06/2004	1.134	8.256	15.566	22.149	1213.000
26/06/2004	0.217	9.336	15.449	23.348	1038.000
27/06/2004	1.894	9.515	14.930	23.191	992.000
28/06/2004	4.302	8.935	15.901	23.195	892.000
29/06/2004	8.321	8.300	15.584	22.222	1073.000
30/06/2004	1.885	8.097	15.369	21.874	1259.000
01/07/2004	3.117	8.320	15.328	22.069	996.000
02/07/2004	6.705	9.995	15.861	24.423	1025.000
03/07/2004	9.198	8.735	15.790	22.872	866.000
04/07/2004	8.289	7.413	15.729	21.287	1048.000
05/07/2004	0.482	7.823	15.972	21.909	1259.000
06/07/2004	5.185	8.308	15.728	22.305	1166.000
07/07/2004	9.138	7.878	15.135	21.347	1058.000
08/07/2004	2.702	8.308	15.097	21.829	990.000
09/07/2004	10.039	9.420	15.771	23.602	1275.000
10/07/2004	7.423	8.961	15.521	22.933	1168.000
11/07/2004	9.414	8.741	15.329	22.452	1373.000
12/07/2004	6.309	8.545	15.433	22.363	1242.000
13/07/2004	6.980	7.491	15.803	21.450	1257.000
14/07/2004	5.563	7.626	15.906	21.610	1132.000
15/07/2004	4.982	8.138	15.487	21.871	1261.000
16/07/2004	8.037	9.438	15.220	23.150	1642.000
17/07/2004	1.304	8.945	14.867	22.312	1341.000
18/07/2004	4.105	9.462	14.785	22.956	1291.000
19/07/2004	7.556	9.070	14.867	22.488	1694.000
20/07/2004	5.844	9.750	15.593	23.783	850.000
21/07/2004	9.941	9.916	15.600	23.955	1435.000
22/07/2004	8.310	8.666	15.226	22.262	1744.000
23/07/2004	2.513	8.944	14.838	22.258	1750.000
24/07/2004	4.747	9.002	14.947	22.430	1449.000
25/07/2004	6.279	9.217	14.570	22.387	1305.000
26/07/2004	3.379	9.150	15.449	22.914	1752.000
27/07/2004	5.639	8.805	15.899	22.801	1230.000
28/07/2004	4.898	8.866	15.317	22.501	1447.000
29/07/2004	3.736	9.552	15.036	23.041	1354.000
30/07/2004	7.697	9.726	15.368	23.429	1794.000
31/07/2004	2.191	10.277	15.037	23.843	1560.000
01/08/2004	3.755	12.327	14.004	25.626	1329.000
02/08/2004	0.739	10.454	14.177	23.489	1129.000
03/08/2004	3.817	9.048	15.025	22.397	1144.000
04/08/2004	3.224	9.319	15.739	23.227	1543.000
05/08/2004	6.763	9.384	15.189	22.894	1741.000
06/08/2004	4.739	8.829	15.341	22.379	2138.000
07/08/2004	0.000	11.261	14.649	24.666	1724.000
08/08/2004	0.225	11.944	14.530	25.397	1373.000
09/08/2004	0.046	10.300	14.886	23.665	1174.000
10/08/2004	4.208	10.954	14.317	24.089	1172.000
11/08/2004	2.609	9.557	15.806	23.475	1450.000
12/08/2004	1.849	10.187	15.250	23.828	1213.000
13/08/2004	0.164	10.564	14.900	23.938	1056.000
14/08/2004	3.219	9.509	15.451	23.095	1031.000
15/08/2004	1.327	10.051	15.907	24.080	992.000
16/08/2004	4.143	11.533	16.100	25.925	1091.000
17/08/2004	1.503	9.542	16.801	24.101	1000.000
18/08/2004	11.883	9.961	16.224	24.142	1026.000
19/08/2004	0.079	10.237	16.515	24.669	956.000
20/08/2004	6.412	9.755	16.509	24.180	1193.000
21/08/2004	5.970	10.157	15.890	24.111	1022.000
22/08/2004	4.562	11.292	16.258	25.645	1196.000
23/08/2004	1.127	10.605	15.485	24.319	996.000
24/08/2004	3.445	9.961	16.005	23.940	1058.000
25/08/2004	2.596	8.639	16.679	22.955	866.000
26/08/2004	1.795	9.111	16.099	23.065	1156.000
27/08/2004	6.620	9.634	16.150	23.690	1170.000
28/08/2004	11.835	9.315	16.258	23.354	931.000
29/08/2004	8.153	9.536	15.966	23.361	1086.000
30/08/2004	1.058	10.353	15.564	24.008	1112.000
31/08/2004	8.421	9.799	16.348	23.979	1252.000
01/09/2004	3.198	11.309	14.809	24.625	1049.000
02/09/2004	0.209	12.835	15.263	26.706	956.000
03/09/2004	4.910	10.392	14.869	23.598	955.000
04/09/2004	16.661	8.062	16.961	22.528	1053.000
05/09/2004	12.156	8.635	16.275	22.569	1049.000
06/09/2004	8.623	9.138	15.298	22.418	1311.000
07/09/2004	19.770	7.917	15.779	21.426	1153.000
08/09/2004	9.987	7.097	15.379	20.185	1216.000
09/09/2004	5.282	8.623	15.688	22.075	1356.000
10/09/2004	6.845	8.818	16.156	22.621	1628.000
11/09/2004	10.504	8.140	16.227	21.958	1815.000
12/09/2004	1.570	10.233	15.562	23.803	1926.000
13/09/2004	1.293	10.739	15.211	24.180	1762.000
14/09/2004	16.275	9.053	15.869	22.799	1730.000
15/09/2004	4.444	9.811	15.244	23.163	1831.000
16/09/2004	4.483	11.317	14.614	24.458	2004.000
17/09/2004	7.535	9.778	14.876	22.857	2123.000
18/09/2004	2.053	10.804	15.537	24.482	1699.000
19/09/2004	9.780	9.206	15.370	22.612	1744.000
20/09/2004	5.566	9.165	15.608	22.716	1726.000
21/09/2004	7.184	10.002	15.423	23.507	1575.000
22/09/2004	1.670	11.206	14.725	24.446	1462.000
23/09/2004	0.941	9.887	16.218	23.954	1387.000
24/09/2004	9.679	9.970	15.931	23.847	1347.000
25/09/2004	5.526	9.740	15.651	23.405	1215.000
26/09/2004	5.859	9.367	15.711	23.053	1386.000
27/09/2004	16.612	8.494	15.985	22.286	1471.000
28/09/2004	1.389	9.708	15.627	23.356	1474.000
29/09/2004	11.272	8.138	15.825	21.756	1629.000
30/09/2004	5.530	9.555	15.975	23.439	1840.000
01/10/2004	9.936	8.703	15.929	22.452	1747.000
02/10/2004	1.731	10.533	15.623	24.366	1450.000
03/10/2004	5.794	9.364	16.207	23.458	1594.000
04/10/2004	14.882	8.661	16.067	22.581	1441.000
05/10/2004	1.183	9.018	15.406	22.510	1774.000
06/10/2004	12.360	9.091	16.327	23.235	1821.000
07/10/2004	8.030	6.654	16.526	20.761	1820.000
08/10/2004	4.750	8.876	16.030	22.808	1622.000
09/10/2004	8.217	10.293	16.426	24.729	1607.000
10/10/2004	16.434	9.282	15.937	23.223	1728.000
11/10/2004	5.393	9.988	15.467	23.810	1702.000
12/10/2004	20.067	9.034	15.925	23.004	1939.000
13/10/2004	1.505	10.746	16.062	25.079	2027.000
14/10/2004	4.737	9.397	17.044	24.271	1948.000
15/10/2004	2.608	10.769	16.237	25.274	1707.000
16/10/2004	5.893	10.660	16.165	25.137	1580.000
17/10/2004	21.008	8.885	16.061	22.998	1816.000
18/10/2004	9.238	9.509	15.810	23.558	1715.000
19/10/2004	13.854	8.572	16.073	22.676	1821.000
20/10/2004	12.034	8.906	15.995	22.971	2581.000
21/10/2004	17.788	7.588	15.759	21.296	2001.000
22/10/2004	0.781	8.328	15.934	22.287	2215.000
23/10/2004	11.815	7.045	16.031	20.941	2173.000
24/10/2004	6.966	9.809	15.807	23.959	2183.000
25/10/2004	5.642	9.807	15.464	23.762	2194.000
26/10/2004	7.837	9.270	15.975	23.498	2463.000
27/10/2004	14.975	8.740	16.004	22.928	2367.000
28/10/2004	9.532	8.456	15.886	22.512	2416.000
29/10/2004	8.422	8.994	15.871	23.150	2386.000
30/10/2004	7.331	9.896	15.060	23.667	2363.000
31/10/2004	6.853	9.636	16.000	24.030	2372.000
01/11/2004	7.193	10.200	15.670	24.555	1861.000
02/11/2004	20.074	8.250	16.329	22.713	2339.000
03/11/2004	10.899	9.695	15.445	23.806	2349.000
04/11/2004	5.614	9.013	16.359	23.709	2490.000
05/11/2004	19.292	8.750	16.603	23.546	2278.000
06/11/2004	13.285	6.846	16.504	21.295	2621.000
07/11/2004	6.249	9.424	15.767	23.736	2819.000
08/11/2004	19.655	6.978	16.238	21.255	2894.000
09/11/2004	9.270	8.363	16.495	23.061	2899.000
10/11/2004	5.391	8.423	16.248	22.961	2795.000
11/11/2004	0.829	9.028	15.534	23.259	2720.000
12/11/2004	9.734	7.765	16.256	22.211	2645.000
13/11/2004	6.623	8.350	16.601	23.181	2494.000
14/11/2004	4.802	8.189	16.058	22.613	2612.000
15/11/2004	5.334	9.401	15.644	23.801	2541.000
16/11/2004	8.391	9.383	15.989	24.064	2523.000
17/11/2004	8.331	7.845	16.580	22.671	2598.000
18/11/2004	17.733	8.479	16.465	23.331	2485.000
19/11/2004	9.833	8.460	16.442	23.324	2546.000
20/11/2004	10.496	9.150	16.077	23.918	2635.000
21/11/2004	1.580	9.257	15.903	23.938	2579.000
22/11/2004	1.456	10.322	15.714	25.175	2500.000
23/11/2004	10.984	10.593	14.289	24.594	2305.000
24/11/2004	8.594	9.425	15.276	23.743	2174.000
25/11/2004	9.150	7.633	16.201	22.284	2057.000
26/11/2004	21.458	8.309	15.652	22.675	1980.000
27/11/2004	1.830	8.618	15.938	23.264	2231.000
28/11/2004	2.500	9.492	15.670	24.188	2133.000
29/11/2004	0.568	8.692	16.481	23.788	1965.000
30/11/2004	4.653	9.434	16.349	24.615	1896.000
01/12/2004	7.881	7.325	17.042	22.571	1839.000
02/12/2004	4.192	6.890	16.611	21.707	2166.000
03/12/2004	2.026	8.365	16.012	23.065	2012.000
04/12/2004	1.194	8.790	16.006	23.589	1844.000
05/12/2004	4.296	7.627	16.868	22.831	1717.000
06/12/2004	7.096	9.102	16.070	24.078	1635.000
07/12/2004	14.340	8.439	16.031	23.219	1581.000
08/12/2004	20.098	8.032	16.391	23.013	1642.000
09/12/2004	1.044	8.899	15.923	23.746	1734.000
10/12/2004	0.470	8.862	16.171	23.856	1805.000
11/12/2004	5.250	6.894	16.739	21.892	1796.000
12/12/2004	1.100	7.718	16.649	22.803	2065.000
13/12/2004	2.410	8.502	16.603	23.704	2000.000
14/12/2004	7.794	8.890	15.989	23.791	1899.000
15/12/2004	26.295	6.132	16.855	21.133	1830.000
16/12/2004	2.985	8.702	16.179	23.662	1830.000
17/12/2004	4.387	5.713	16.066	19.977	1836.000
18/12/2004	0.811	8.649	16.092	23.520	1758.000
19/12/2004	0.479	8.344	16.554	23.530	1799.000
20/12/2004	0.044	9.783	15.667	24.693	1814.000
21/12/2004	0.615	9.589	15.919	24.613	1684.000
22/12/2004	4.408	9.196	15.907	24.120	1707.000
23/12/2004	4.162	9.625	15.370	24.274	1573.000
24/12/2004	1.049	8.828	16.415	24.014	1477.000
25/12/2004	2.211	8.682	16.423	23.809	1416.000
26/12/2004	9.441	10.007	14.649	24.232	1368.000
27/12/2004	1.686	9.324	15.430	23.884	1384.000
28/12/2004	1.074	8.665	15.367	22.979	1327.000
29/12/2004	0.000	9.252	14.955	23.431	1308.000
30/12/2004	0.081	8.767	15.326	23.073	1325.000
31/12/2004	0.831	9.696	15.389	24.328	1287.000
01/01/2005	0.012	9.839	14.404	23.856	1226.000
02/01/2005	0.833	10.127	14.764	24.458	1180.000
03/01/2005	2.137	9.316	15.533	23.932	1006.000
04/01/2005	5.009	8.624	16.141	23.523	993.900
05/01/2005	1.109	8.497	16.539	23.584	1083.000
06/01/2005	3.712	8.668	16.562	23.798	1042.000
07/01/2005	1.662	9.838	16.637	25.286	1061.000
08/01/2005	9.003	8.993	16.630	24.259	1092.000
09/01/2005	15.990	8.458	16.194	23.233	1015.000
10/01/2005	2.013	8.714	15.874	23.323	1011.000
11/01/2005	6.945	9.004	16.182	23.873	1089.000
12/01/2005	5.461	9.197	16.861	24.602	1102.000
13/01/2005	0.506	9.468	16.952	24.979	1156.000
14/01/2005	7.601	7.765	16.712	22.790	1191.000
15/01/2005	22.897	8.024	16.152	22.611	1069.000
16/01/2005	2.719	7.726	16.841	22.735	1340.000
17/01/2005	5.346	7.240	16.720	22.092	1259.000
18/01/2005	0.000	9.007	15.862	23.511	1263.000
19/01/2005	0.000	9.089	16.042	23.721	1328.000
20/01/2005	0.036	6.800	16.440	21.299	1205.000
21/01/2005	0.725	8.359	16.373	23.059	1010.000
22/01/2005	1.099	8.961	16.392	23.771	1247.000
23/01/2005	1.217	9.501	16.151	24.253	1413.000
24/01/2005	1.103	8.091	15.808	22.341	1300.000
25/01/2005	0.605	9.526	15.908	24.054	1296.000
26/01/2005	0.112	10.290	15.713	24.845	1332.000
27/01/2005	0.000	10.834	15.573	25.430	1318.000
28/01/2005	0.013	10.117	16.299	25.009	1164.000
29/01/2005	6.652	9.131	16.392	23.865	1123.000
30/01/2005	17.878	8.976	16.191	23.489	1144.000
31/01/2005	1.017	9.581	16.318	24.281	1170.000
01/02/2005	0.116	8.763	16.215	23.223	1231.000
02/02/2005	3.023	9.326	16.568	24.159	1147.000
03/02/2005	2.601	9.380	16.562	24.170	1172.000
04/02/2005	0.073	9.365	16.236	23.902	1100.000
05/02/2005	0.709	9.182	16.775	24.090	1081.000
06/02/2005	1.880	10.297	16.743	25.317	1101.000
07/02/2005	0.100	9.481	17.513	24.944	894.800
08/02/2005	9.077	8.340	17.499	23.606	1044.000
09/02/2005	5.367	8.618	17.265	23.711	1050.000
10/02/2005	7.217	7.659	17.123	22.524	1147.000
11/02/2005	16.312	7.330	17.465	22.420	1124.000
12/02/2005	37.481	7.002	17.222	21.838	1327.000
13/02/2005	0.754	10.208	16.369	24.800	1477.000
14/02/2005	0.899	9.666	17.096	24.696	1500.000
15/02/2005	0.195	9.152	16.270	23.491	1458.000
16/02/2005	0.359	7.583	16.728	22.012	1381.000
17/02/2005	0.207	9.267	16.868	23.966	1367.000
18/02/2005	0.000	11.374	15.655	25.564	1393.000
19/02/2005	0.322	9.787	16.379	24.201	1254.000
20/02/2005	0.123	10.136	16.706	24.799	1180.000
21/02/2005	0.009	9.962	16.561	24.477	1204.000
22/02/2005	0.000	11.164	16.588	25.871	1214.000
23/02/2005	0.023	10.639	17.027	25.570	1279.000
24/02/2005	0.274	10.247	17.049	25.117	1161.000
25/02/2005	0.000	12.174	16.236	26.760	1109.000
26/02/2005	0.000	9.631	17.085	24.433	1059.000
27/02/2005	1.493	10.214	17.006	25.007	1083.000
28/02/2005	4.562	8.814	17.117	23.497	1073.000
01/03/2005	1.777	10.707	16.571	25.237	925.500
02/03/2005	0.710	8.748	17.984	24.075	1129.000
03/03/2005	5.565	9.167	17.604	24.269	1099.000
04/03/2005	13.550	7.199	17.407	21.975	1155.000
05/03/2005	0.635	9.696	16.871	24.226	1572.000
06/03/2005	4.012	9.453	17.148	24.195	1499.000
07/03/2005	12.668	8.679	17.305	23.409	1470.000
08/03/2005	1.002	9.725	17.153	24.415	1165.000
09/03/2005	7.221	9.984	16.356	24.135	1209.000
10/03/2005	3.070	10.205	16.795	24.693	1485.000
11/03/2005	0.151	11.045	16.364	25.298	1514.000
12/03/2005	0.058	11.311	16.713	25.857	1565.000
13/03/2005	2.437	11.739	16.794	26.369	1426.000
14/03/2005	1.011	11.496	16.093	25.592	1279.000
15/03/2005	0.640	11.017	16.532	25.325	1304.000
16/03/2005	3.543	10.889	16.210	24.960	1246.000
17/03/2005	8.839	11.373	16.525	25.719	1027.000
18/03/2005	13.489	9.479	16.708	23.718	1175.000
19/03/2005	6.030	11.642	15.668	25.379	1343.000
20/03/2005	14.131	10.122	16.492	24.281	1198.000
21/03/2005	6.424	10.178	15.807	23.869	1550.000
22/03/2005	0.106	11.436	16.103	25.466	1624.000
23/03/2005	0.686	10.732	16.841	25.179	1372.000
24/03/2005	8.855	9.557	16.904	23.912	1303.000
25/03/2005	2.239	10.914	15.816	24.716	1258.000
26/03/2005	3.872	9.587	16.493	23.726	1246.000
27/03/2005	12.061	9.848	16.265	23.777	1208.000
28/03/2005	0.031	10.861	16.535	25.116	1135.000
29/03/2005	12.473	9.869	16.278	23.847	1364.000
30/03/2005	2.915	11.087	16.378	25.260	1400.000
31/03/2005	7.304	10.242	16.392	24.284	1272.000
01/04/2005	2.837	10.310	16.529	24.481	1185.000
02/04/2005	7.620	9.878	16.544	24.000	1131.000
03/04/2005	10.365	9.602	16.468	23.654	1294.000
04/04/2005	1.757	11.015	16.750	25.415	1502.000
05/04/2005	4.456	10.062	17.590	24.965	1399.000
06/04/2005	13.138	7.586	17.347	22.212	1381.000
07/04/2005	3.322	9.347	17.414	24.088	1350.000
08/04/2005	10.515	9.335	17.161	23.891	1548.000
09/04/2005	8.968	9.919	17.423	24.685	1598.000
10/04/2005	4.368	10.516	16.880	24.985	1678.000
11/04/2005	14.421	7.776	17.143	22.245	1808.000
12/04/2005	0.532	9.038	16.117	22.831	1708.000
13/04/2005	2.525	10.831	16.952	25.398	2019.000
14/04/2005	7.142	10.271	16.894	24.761	1865.000
15/04/2005	5.348	8.563	17.496	23.371	1741.000
16/04/2005	0.170	10.963	16.536	25.290	1482.000
17/04/2005	5.373	8.283	17.355	22.963	1505.000
18/04/2005	7.851	10.141	16.675	24.516	1441.000
19/04/2005	5.228	11.141	16.962	25.853	1376.000
20/04/2005	18.015	7.493	17.732	22.488	1235.000
21/04/2005	17.588	8.408	17.025	22.855	1440.000
22/04/2005	11.346	9.537	16.816	23.994	2029.000
23/04/2005	6.212	9.402	17.612	24.403	1665.000
24/04/2005	9.442	8.947	16.969	23.485	1495.000
25/04/2005	0.952	10.280	16.875	24.863	1738.000
26/04/2005	8.084	10.125	16.540	24.491	1751.000
27/04/2005	7.291	9.762	16.793	24.251	1545.000
28/04/2005	10.078	10.224	17.132	25.036	1508.000
29/04/2005	5.279	9.327	17.290	24.172	1650.000
30/04/2005	2.269	9.776	16.140	23.842	1480.000
01/05/2005	11.125	10.576	16.237	24.826	1404.000
02/05/2005	15.443	9.716	16.084	23.778	1631.000
03/05/2005	14.306	9.193	16.354	23.415	1735.000
04/05/2005	5.635	9.646	16.530	23.949	1855.000
05/05/2005	5.927	8.812	16.985	23.440	1930.000
06/05/2005	8.299	9.045	16.463	23.372	2015.000
07/05/2005	1.093	10.341	16.611	24.883	2283.000
08/05/2005	10.742	10.254	16.291	24.568	2356.000
09/05/2005	7.052	9.297	16.925	23.971	2367.000
10/05/2005	4.942	10.150	16.686	24.744	1936.000
11/05/2005	8.572	9.641	17.896	25.098	1930.000
12/05/2005	10.174	10.066	17.271	25.140	1794.000
13/05/2005	6.132	9.952	17.251	25.049	1730.000
14/05/2005	40.290	6.728	17.119	21.346	2324.000
15/05/2005	2.162	9.109	16.818	23.753	2683.000
16/05/2005	9.381	7.671	17.047	22.313	2691.000
17/05/2005	16.026	7.038	16.771	21.548	2739.000
18/05/2005	2.238	9.429	16.336	23.818	3261.000
19/05/2005	15.979	8.268	16.851	22.859	3293.000
20/05/2005	0.753	11.076	16.549	25.923	3209.000
21/05/2005	5.161	10.122	16.557	24.863	2931.000
22/05/2005	6.266	9.170	16.581	23.729	2635.000
23/05/2005	18.059	7.340	16.546	21.636	2559.000
24/05/2005	0.392	10.637	14.729	24.221	2786.000
25/05/2005	6.269	9.865	16.374	24.428	2490.000
26/05/2005	4.823	8.967	16.547	23.545	2341.000
27/05/2005	6.618	9.803	16.540	24.491	2097.000
28/05/2005	5.277	10.425	16.121	24.924	2172.000
29/05/2005	0.572	10.932	15.643	25.206	2081.000
30/05/2005	5.655	10.518	15.932	24.932	1655.000
31/05/2005	10.637	8.709	17.035	23.630	1757.000
01/06/2005	6.613	8.679	16.659	23.354	2123.000
02/06/2005	4.234	8.385	16.376	22.787	1836.000
03/06/2005	8.355	8.889	16.535	23.486	1874.000
04/06/2005	7.081	8.228	17.330	23.359	1740.000
05/06/2005	14.823	8.553	16.693	23.253	1987.000
06/06/2005	10.135	8.259	16.198	22.555	2457.000
07/06/2005	8.529	7.330	16.502	21.702	2852.000
08/06/2005	3.308	9.425	16.200	23.973	2800.000
09/06/2005	13.886	8.361	16.767	23.105	2687.000
10/06/2005	4.929	8.874	16.440	23.476	2368.000
11/06/2005	9.034	8.317	16.211	22.662	2327.000
12/06/2005	7.790	9.416	16.023	23.802	2652.000
13/06/2005	4.902	10.256	16.111	24.919	2471.000
14/06/2005	4.846	9.227	16.678	24.063	2225.000
15/06/2005	6.735	8.916	17.033	24.003	2519.000
16/06/2005	1.141	10.250	16.789	25.371	2478.000
17/06/2005	3.851	9.681	16.973	24.854	2395.000
18/06/2005	1.020	10.018	16.170	24.694	1973.000
19/06/2005	3.373	9.484	16.382	24.230	1828.000
20/06/2005	5.128	8.580	16.350	23.104	1660.000
21/06/2005	1.949	9.802	15.998	24.257	1678.000
22/06/2005	4.784	8.412	16.591	23.091	1811.000
23/06/2005	8.947	9.429	15.711	23.628	1919.000
24/06/2005	1.537	10.369	15.440	24.615	1910.000
25/06/2005	6.324	10.165	15.957	24.714	2097.000
26/06/2005	0.347	9.840	15.918	24.327	2010.000
27/06/2005	13.292	8.829	16.702	23.645	1855.000
28/06/2005	4.904	8.896	16.603	23.642	1581.000
29/06/2005	6.559	7.200	15.728	21.001	1666.000
30/06/2005	5.158	7.340	15.752	21.204	1746.000
01/07/2005	0.630	9.704	15.747	23.959	1569.000
02/07/2005	2.733	9.352	15.817	23.584	1436.000
03/07/2005	4.347	11.018	14.789	24.938	1424.000
04/07/2005	5.178	10.665	15.002	24.599	1253.000
05/07/2005	8.309	10.713	15.467	25.014	1470.000
06/07/2005	9.463	9.575	16.075	24.001	1565.000
07/07/2005	3.706	10.804	15.749	25.269	1553.000
08/07/2005	0.082	11.205	15.981	25.942	1508.000
09/07/2005	5.053	10.569	16.084	25.232	1488.000
10/07/2005	2.120	11.116	15.666	25.604	1438.000
11/07/2005	7.024	10.806	15.081	24.828	1359.000
12/07/2005	5.067	9.206	16.130	23.657	1630.000
13/07/2005	8.463	8.539	16.046	22.842	1923.000
14/07/2005	4.360	7.654	16.489	22.116	1870.000
15/07/2005	7.020	8.779	15.597	22.691	1726.000
16/07/2005	1.363	9.681	16.287	24.236	1862.000
17/07/2005	10.130	9.584	16.603	24.388	1669.000
18/07/2005	4.711	9.555	16.783	24.411	1794.000
19/07/2005	10.590	8.811	16.713	23.500	1799.000
20/07/2005	9.257	9.837	16.208	24.305	1693.000
21/07/2005	1.323	9.966	15.780	24.161	1709.000
22/07/2005	4.645	10.209	16.623	25.025	1688.000
23/07/2005	1.810	11.502	15.039	25.496	1471.000
24/07/2005	1.496	11.072	16.422	25.886	1498.000
25/07/2005	2.638	10.858	16.960	26.012	1524.000
26/07/2005	0.027	11.750	16.308	26.605	1275.000
27/07/2005	0.116	11.470	16.659	26.482	1266.000
28/07/2005	2.372	10.587	16.709	25.460	1167.000
29/07/2005	1.140	11.145	16.890	26.225	1019.000
30/07/2005	4.986	9.006	16.905	23.775	946.100
31/07/2005	2.745	11.091	15.957	25.504	1128.000
01/08/2005	1.984	9.980	15.891	24.167	933.900
02/08/2005	3.202	10.312	16.380	24.889	1019.000
03/08/2005	0.383	10.339	15.879	24.510	1016.000
04/08/2005	3.072	10.167	16.126	24.482	986.900
05/08/2005	2.433	8.882	16.684	23.450	853.700
06/08/2005	0.126	11.081	15.988	25.449	915.000
07/08/2005	0.090	11.374	15.785	25.617	844.000
08/08/2005	5.983	9.845	16.682	24.490	961.300
09/08/2005	10.444	10.367	16.483	24.907	1301.000
10/08/2005	0.043	10.810	15.892	25.005	1229.000
11/08/2005	7.085	9.164	16.474	23.519	1045.000
12/08/2005	1.588	11.062	15.699	25.132	976.000
13/08/2005	9.378	9.094	16.405	23.440	925.000
14/08/2005	7.375	9.208	16.072	23.232	954.700
15/08/2005	4.587	8.674	16.396	22.877	823.300
16/08/2005	10.212	9.313	15.941	23.193	942.100
17/08/2005	8.024	7.923	16.378	22.021	1302.000
18/08/2005	2.017	10.047	14.824	23.226	1398.000
19/08/2005	4.125	11.041	15.312	24.674	1228.000
20/08/2005	0.128	10.897	15.596	24.754	1045.000
21/08/2005	8.107	8.804	16.562	23.094	1022.000
22/08/2005	6.747	8.854	16.093	22.779	740.800
23/08/2005	7.991	10.783	15.360	24.420	1061.000
24/08/2005	9.022	8.456	15.731	22.064	1358.000
25/08/2005	2.243	10.006	14.676	23.018	1269.000
26/08/2005	6.540	9.616	15.132	22.890	1363.000
27/08/2005	0.397	11.407	13.393	23.836	1065.000
28/08/2005	6.514	9.390	15.253	22.757	1230.000
29/08/2005	0.514	10.243	15.333	23.747	1058.000
30/08/2005	4.971	11.398	15.133	24.952	950.900
31/08/2005	4.524	9.929	16.114	23.952	826.700
01/09/2005	2.220	10.745	15.707	24.582	858.400
02/09/2005	7.332	8.886	15.678	22.440	799.700
03/09/2005	8.030	9.777	15.823	23.558	986.800
04/09/2005	0.441	11.397	15.515	25.165	826.100
05/09/2005	6.668	10.424	16.381	24.677	841.800
06/09/2005	3.182	10.381	16.032	24.376	785.400
07/09/2005	2.585	10.240	16.285	24.365	874.900
08/09/2005	3.968	10.521	15.889	24.390	1219.000
09/09/2005	3.859	10.748	15.927	24.667	1048.000
10/09/2005	4.355	10.219	16.515	24.504	869.400
11/09/2005	2.399	10.134	16.232	24.211	757.300
12/09/2005	4.313	10.426	15.904	24.320	781.500
13/09/2005	2.305	10.124	14.971	23.318	921.300
14/09/2005	1.136	10.399	15.990	24.337	747.600
15/09/2005	4.518	9.544	16.577	23.848	949.900
16/09/2005	1.065	10.883	16.382	25.193	946.100
17/09/2005	1.008	11.605	15.743	25.587	927.400
18/09/2005	0.439	11.642	15.924	25.746	836.700
19/09/2005	6.044	9.679	17.218	24.468	772.000
20/09/2005	5.020	9.606	16.246	23.683	790.500
21/09/2005	14.057	9.301	16.111	23.291	1189.000
22/09/2005	2.202	9.872	15.746	23.610	853.600
23/09/2005	25.115	7.649	16.602	21.780	927.700
24/09/2005	8.733	8.997	16.139	22.910	1076.000
25/09/2005	3.998	10.891	15.157	24.383	1188.000
26/09/2005	13.225	8.245	15.728	21.772	1170.000
27/09/2005	9.421	9.635	15.824	23.360	1091.000
28/09/2005	18.849	9.641	15.722	23.330	998.700
29/09/2005	5.061	10.143	14.975	23.411	1489.000
30/09/2005	5.003	10.449	16.092	24.543	1416.000
01/10/2005	20.869	7.060	16.569	21.188	1800.000
02/10/2005	1.519	10.346	14.815	23.542	1661.000
03/10/2005	4.045	10.062	15.970	24.076	1497.000
04/10/2005	6.470	9.810	15.708	23.593	1405.000
05/10/2005	4.464	10.905	14.995	24.385	1330.000
06/10/2005	5.920	8.899	15.855	22.731	1456.000
07/10/2005	7.877	8.422	16.209	22.413	1461.000
08/10/2005	0.839	9.835	15.294	23.359	1225.000
09/10/2005	27.774	6.973	15.752	20.500	1300.000
10/10/2005	6.363	9.982	15.062	23.374	1293.000
11/10/2005	14.007	10.491	15.698	24.432	1449.000
12/10/2005	5.559	9.923	16.037	24.052	1438.000
13/10/2005	17.899	8.913	16.331	23.132	1311.000
14/10/2005	6.381	8.246	16.300	22.392	1716.000
15/10/2005	10.512	8.253	15.625	21.870	1606.000
16/10/2005	1.918	9.617	15.760	23.548	1586.000
17/10/2005	13.570	8.832	16.632	23.315	1818.000
18/10/2005	12.941	9.091	16.025	23.178	1768.000
19/10/2005	2.514	9.459	16.014	23.612	1654.000
20/10/2005	18.489	8.549	15.756	22.418	1676.000
21/10/2005	9.245	10.373	15.415	24.294	1749.000
22/10/2005	20.616	7.736	16.446	22.018	1784.000
23/10/2005	11.197	8.055	16.478	22.413	1894.000
24/10/2005	32.764	7.009	16.240	21.075	1948.000
25/10/2005	9.393	7.450	16.043	21.416	2095.000
26/10/2005	7.198	8.621	15.351	22.269	2906.000
27/10/2005	4.939	8.996	16.304	23.424	3145.000
28/10/2005	15.820	6.815	16.649	21.259	3123.000
29/10/2005	5.600	9.141	16.027	23.427	2884.000
30/10/2005	7.087	8.315	16.347	22.719	3269.000
31/10/2005	6.040	8.062	17.123	23.030	2863.000
01/11/2005	12.761	7.333	16.639	21.885	2347.000
02/11/2005	5.165	8.900	16.227	23.395	2354.000
03/11/2005	2.441	8.310	16.438	22.854	2619.000
04/11/2005	13.144	8.438	16.053	22.721	2507.000
05/11/2005	4.531	8.646	16.171	23.144	2582.000
06/11/2005	5.767	9.615	16.061	24.185	2075.000
07/11/2005	13.089	9.550	15.988	24.103	2005.000
08/11/2005	9.314	9.350	15.020	23.179	2286.000
09/11/2005	20.338	7.927	16.362	22.458	1957.000
10/11/2005	13.846	7.861	16.429	22.458	1812.000
11/11/2005	27.026	5.126	16.632	19.630	1996.000
12/11/2005	4.108	8.438	15.402	22.373	2240.000
13/11/2005	16.429	7.322	16.721	22.057	2431.000
14/11/2005	6.956	8.137	15.649	22.288	2371.000
15/11/2005	12.997	7.938	16.519	22.673	2512.000
16/11/2005	27.182	8.534	16.439	23.356	2859.000
17/11/2005	4.885	8.306	15.819	22.651	3218.000
18/11/2005	5.092	7.507	16.799	22.465	3555.000
19/11/2005	1.150	8.767	16.331	23.575	3607.000
20/11/2005	1.140	9.440	16.412	24.497	3201.000
21/11/2005	10.344	7.868	16.945	23.023	2890.000
22/11/2005	43.712	6.717	16.195	21.072	2815.000
23/11/2005	2.619	8.490	15.349	22.581	3089.000
24/11/2005	2.039	9.190	15.820	23.833	3330.000
25/11/2005	0.974	10.176	14.898	24.441	3456.000
26/11/2005	4.675	8.412	16.073	23.067	2875.000
27/11/2005	0.489	9.380	15.332	23.754	2730.000
28/11/2005	0.053	9.731	15.432	24.310	2481.000
29/11/2005	0.357	8.917	15.850	23.578	2129.000
30/11/2005	0.740	8.156	15.910	22.659	1951.000
01/12/2005	1.026	9.061	15.860	23.764	1920.000
02/12/2005	0.291	9.582	15.373	24.095	1807.000
03/12/2005	3.522	9.425	15.905	24.296	1570.000
04/12/2005	23.451	8.092	16.159	22.871	1399.000
05/12/2005	8.562	6.229	15.963	20.465	1471.000
06/12/2005	4.456	7.856	15.692	22.194	1702.000
07/12/2005	1.232	8.677	15.625	23.201	1716.000
08/12/2005	1.536	7.728	16.265	22.539	1693.000
09/12/2005	1.515	9.170	15.287	23.584	1561.000
10/12/2005	0.815	9.086	16.475	24.389	1611.000
11/12/2005	0.262	8.888	16.175	23.918	1516.000
12/12/2005	25.985	7.253	16.714	22.305	1442.000
13/12/2005	2.982	9.114	15.774	23.919	1415.000
14/12/2005	18.208	7.856	16.308	22.730	1455.000
15/12/2005	6.999	8.817	15.700	23.450	1328.000
16/12/2005	9.081	8.670	15.987	23.500	1584.000
17/12/2005	2.502	8.321	15.827	22.946	1611.000
18/12/2005	0.693	8.760	15.819	23.490	1453.000
19/12/2005	0.255	8.144	15.106	22.204	1357.000
20/12/2005	4.215	8.536	15.485	22.957	1403.000
21/12/2005	16.745	8.153	15.783	22.687	1543.000
22/12/2005	12.072	7.902	15.525	22.190	1766.000
23/12/2005	5.693	7.477	16.079	22.095	1766.000
24/12/2005	5.080	7.321	16.088	21.909	1593.000
25/12/2005	6.582	7.661	15.234	21.689	1734.000
26/12/2005	0.604	8.145	15.865	22.740	1775.000
27/12/2005	1.265	8.883	15.183	23.205	1839.000
28/12/2005	0.564	8.946	14.875	23.035	1689.000
29/12/2005	1.353	9.015	15.009	23.199	1501.000
30/12/2005	0.308	9.205	14.983	23.397	1427.000
31/12/2005	0.465	10.713	13.416	24.355	1283.000
01/01/2006	2.366	9.175	14.898	23.313	1164.000
02/01/2006	0.053	8.674	15.223	22.906	1102.000
03/01/2006	3.145	7.297	15.893	21.670	1114.000
04/01/2006	1.229	7.137	15.773	21.335	1106.000
05/01/2006	0.075	7.098	15.767	21.287	1102.000
06/01/2006	0.083	6.725	15.763	20.862	1205.000
07/01/2006	0.056	6.612	15.427	20.416	1593.000
08/01/2006	0.150	8.517	15.872	23.092	1743.000
09/01/2006	0.533	9.908	14.735	24.035	2105.000
10/01/2006	12.445	8.610	15.856	23.192	1702.000
11/01/2006	14.433	8.191	16.504	23.146	1502.000
12/01/2006	3.711	8.879	16.242	23.739	1502.000
13/01/2006	1.228	10.140	15.518	24.783	1396.000
14/01/2006	0.845	9.794	14.659	23.755	1205.000
15/01/2006	16.973	7.765	16.100	22.269	1122.000
16/01/2006	6.472	8.594	15.918	23.116	1155.000
17/01/2006	0.615	9.088	15.487	23.369	1143.000
18/01/2006	4.324	8.794	15.739	23.192	1127.000
19/01/2006	1.220	9.150	14.957	23.050	1172.000
20/01/2006	0.513	9.761	14.763	23.656	1131.000
21/01/2006	0.073	9.048	15.057	22.950	802.600
22/01/2006	0.000	10.062	15.331	24.383	565.200
23/01/2006	0.068	8.549	16.496	23.360	545.600
24/01/2006	8.056	8.130	16.044	22.524	565.200
25/01/2006	0.316	9.661	16.353	24.541	584.800
26/01/2006	0.021	8.862	16.764	23.891	597.900
27/01/2006	39.047	7.034	17.111	22.033	640.400
28/01/2006	11.435	9.044	16.390	23.772	594.600
29/01/2006	7.540	8.777	15.359	22.672	611.000
30/01/2006	0.499	9.559	15.663	23.855	855.800
01/02/2006	7.003	7.488	16.127	21.680	1064.000
02/02/2006	10.247	8.415	15.937	22.573	1213.000
03/02/2006	2.905	7.710	16.966	22.562	1234.000
04/02/2006	8.328	6.888	16.101	20.981	1184.000
05/02/2006	25.848	7.712	15.850	21.624	1197.000
06/02/2006	10.836	9.097	15.824	23.237	1151.000
07/02/2006	0.324	9.097	16.140	23.463	1151.000
08/02/2006	1.019	9.156	16.455	23.710	1135.000
09/02/2006	1.203	9.866	15.655	23.961	1155.000
10/02/2006	0.908	9.918	16.275	24.452	1114.000
11/02/2006	0.027	10.178	16.094	24.609	1073.000
12/02/2006	0.219	10.060	16.096	24.473	1033.000
13/02/2006	5.689	9.817	16.216	24.269	988.400
14/02/2006	0.676	10.268	15.851	24.493	1044.000
15/02/2006	0.000	10.970	14.905	24.623	1050.000
16/02/2006	0.017	11.028	15.110	24.841	895.500
17/02/2006	0.381	9.812	16.665	24.484	850.800
18/02/2006	1.630	10.318	16.596	24.972	837.000
19/02/2006	2.418	9.158	16.933	23.885	840.500
20/02/2006	7.700	10.219	15.537	24.045	673.300
21/02/2006	2.449	9.523	15.928	23.494	624.100
22/02/2006	3.045	10.579	15.312	24.279	597.900
23/02/2006	0.000	11.414	15.087	25.141	594.600
24/02/2006	0.348	10.780	15.468	24.626	571.700
25/02/2006	0.303	10.056	15.595	23.823	519.400
26/02/2006	3.112	8.449	16.912	22.968	506.300
27/02/2006	5.521	8.650	15.486	22.086	561.900
28/02/2006	0.714	10.563	15.433	24.219	584.800
01/03/2006	2.131	10.685	16.181	24.889	476.900
02/03/2006	5.921	10.892	16.313	25.238	444.200
03/03/2006	1.641	9.970	16.358	24.219	450.800
04/03/2006	1.291	10.123	16.393	24.371	444.200
05/03/2006	0.906	9.776	16.586	24.086	450.800
06/03/2006	15.570	8.190	17.203	22.819	450.800
07/03/2006	11.191	7.896	16.918	22.271	444.200
08/03/2006	12.106	8.191	16.418	22.151	512.900
09/03/2006	8.857	8.247	16.524	22.324	552.100
10/03/2006	4.078	9.739	16.206	23.705	624.100
11/03/2006	7.155	9.717	15.004	22.831	730.400
12/03/2006	8.329	10.572	14.780	23.617	706.300
13/03/2006	6.935	10.402	15.346	23.790	754.500
15/03/2006	8.061	8.490	16.709	22.637	1040.000
16/03/2006	7.784	9.750	16.275	23.684	1072.000
17/03/2006	10.078	8.838	16.604	22.939	1085.000
18/03/2006	3.643	9.130	15.470	22.391	1141.000
19/03/2006	3.696	10.055	15.987	23.822	1328.000
20/03/2006	9.535	9.683	16.012	23.408	1365.000
21/03/2006	5.108	10.428	15.847	24.119	1320.000
22/03/2006	11.010	8.659	16.128	22.369	1295.000
23/03/2006	8.859	9.123	16.076	22.828	1287.000
24/03/2006	21.289	7.177	16.584	21.122	1468.000
25/03/2006	12.210	8.013	16.449	21.898	2004.000
26/03/2006	4.379	9.394	16.106	23.151	2065.000
27/03/2006	2.817	9.497	16.247	23.354	1880.000
28/03/2006	5.687	10.186	16.016	23.953	1929.000
29/03/2006	0.595	11.331	15.635	24.963	1895.000
30/03/2006	15.307	10.103	16.499	24.218	1781.000
31/03/2006	2.393	9.272	15.914	22.951	1525.000
01/04/2006	1.602	10.000	15.911	23.725	1508.000
02/04/2006	10.322	8.998	16.509	23.054	1337.000
03/04/2006	5.670	9.790	16.330	23.761	1360.000
04/04/2006	19.233	7.424	16.412	21.251	1132.000
05/04/2006	5.760	7.747	16.757	21.869	1182.000
06/04/2006	1.506	10.257	16.011	24.047	1589.000
07/04/2006	11.343	8.092	16.370	21.930	1579.000
08/04/2006	5.588	9.818	16.279	23.807	1648.000
09/04/2006	13.503	9.549	16.068	23.337	1755.000
10/04/2006	9.244	9.862	15.645	23.370	1825.000
11/04/2006	11.339	9.917	16.545	24.076	1743.000
12/04/2006	24.449	6.172	16.667	20.230	1680.000
13/04/2006	4.206	8.070	16.149	21.750	1807.000
14/04/2006	7.481	8.282	15.706	21.644	1907.000
15/04/2006	2.004	10.487	15.737	24.169	2029.000
16/04/2006	1.058	9.538	16.241	23.479	1898.000
17/04/2006	0.752	8.725	16.771	22.983	1707.000
18/04/2006	9.121	8.430	16.766	22.700	1760.000
19/04/2006	11.366	10.515	15.688	24.207	1761.000
20/04/2006	11.916	10.420	16.444	24.632	1807.000
21/04/2006	6.553	10.487	16.100	24.469	1880.000
22/04/2006	3.087	10.461	16.584	24.819	1761.000
23/04/2006	15.231	6.986	17.568	21.869	1522.000
24/04/2006	11.817	8.622	16.964	23.078	1488.000
25/04/2006	11.912	9.232	16.133	23.131	1403.000
26/04/2006	9.882	7.089	16.443	21.116	1689.000
27/04/2006	12.154	8.674	16.430	22.720	2065.000
28/04/2006	6.961	9.449	16.348	23.555	2487.000
29/04/2006	7.356	8.727	16.730	23.044	2342.000
30/04/2006	19.123	8.253	16.697	22.583	2144.000
01/05/2006	7.872	9.605	16.198	23.654	2491.000
02/05/2006	18.249	8.433	16.070	22.252	2447.000
03/05/2006	6.389	9.749	16.863	24.368	2709.000
04/05/2006	13.540	9.115	16.805	23.616	2550.000
05/05/2006	21.199	7.365	16.701	21.618	2582.000
06/05/2006	7.596	8.582	16.407	22.755	3060.000
07/05/2006	10.902	8.114	16.695	22.468	3393.000
08/05/2006	8.997	8.585	16.535	22.862	3179.000
09/05/2006	19.075	7.032	16.877	21.447	3084.000
10/05/2006	12.461	8.269	16.370	22.449	3224.000
11/05/2006	10.098	8.674	16.378	22.890	3067.000
12/05/2006	10.091	8.614	16.544	22.960	2912.000
13/05/2006	6.479	9.302	16.236	23.518	2720.000
14/05/2006	3.159	11.299	15.684	25.508	2539.000
15/05/2006	0.652	10.195	16.494	24.846	2486.000
16/05/2006	10.844	9.384	16.705	24.054	2159.000
17/05/2006	25.369	7.669	16.675	22.150	2495.000
18/05/2006	5.250	9.622	16.432	24.108	2338.000
19/05/2006	11.674	7.616	16.364	21.790	2973.000
20/05/2006	2.807	9.836	15.499	23.716	3016.000
21/05/2006	5.607	8.812	16.259	23.093	2667.000
22/05/2006	1.256	10.414	15.770	24.620	2243.000
23/05/2006	1.641	10.507	15.261	24.448	2152.000
24/05/2006	4.175	8.608	16.759	23.267	1807.000
25/05/2006	3.036	10.228	16.245	24.775	1607.000
26/05/2006	4.804	9.178	16.495	23.748	1297.000
27/05/2006	7.620	8.740	16.338	23.156	1600.000
28/05/2006	4.777	8.978	16.229	23.359	1702.000
29/05/2006	10.908	6.489	15.960	20.398	1593.000
30/05/2006	3.386	9.320	15.302	23.088	1643.000
31/05/2006	6.959	9.990	15.815	24.246	1476.000
01/06/2006	13.914	6.924	16.482	21.238	1568.000
02/06/2006	22.962	7.642	15.767	21.473	1457.000
03/06/2006	14.211	8.907	15.661	22.890	1775.000
04/06/2006	6.565	8.204	16.520	22.712	2154.000
05/06/2006	16.532	8.267	15.896	22.333	2761.000
06/06/2006	21.457	7.251	16.183	21.379	2391.000
07/06/2006	6.688	6.292	16.147	20.311	2964.000
08/06/2006	10.525	7.855	15.750	21.744	2794.000
09/06/2006	3.962	7.677	15.873	21.644	2805.000
10/06/2006	10.407	7.152	15.883	21.080	3022.000
11/06/2006	4.698	8.667	14.726	21.966	2911.000
12/06/2006	5.179	9.653	15.097	23.403	2954.000
13/06/2006	4.852	9.629	15.507	23.708	2714.000
14/06/2006	11.931	8.934	15.425	22.842	2592.000
15/06/2006	8.184	8.858	15.858	23.029	2475.000
16/06/2006	4.030	8.753	15.991	23.014	2386.000
17/06/2006	1.525	9.321	15.655	23.445	2708.000
18/06/2006	4.827	9.474	15.334	23.384	2591.000
19/06/2006	2.487	9.936	15.667	24.234	2785.000
20/06/2006	7.708	9.022	16.320	23.609	2065.000
21/06/2006	5.092	7.478	16.473	21.996	1917.000
22/06/2006	0.000	10.230	15.709	24.615	1986.000
23/06/2006	2.033	8.798	16.689	23.644	1585.000
24/06/2006	2.823	9.847	15.625	24.131	1606.000
25/06/2006	0.380	10.093	15.356	24.267	1634.000
26/06/2006	3.548	10.152	16.269	24.930	1689.000
27/06/2006	1.089	9.242	17.178	24.491	1561.000
28/06/2006	4.325	9.837	16.516	24.723	1561.000
29/06/2006	0.031	11.338	16.083	26.179	1470.000
30/06/2006	0.002	10.790	16.904	26.104	1337.000
01/07/2006	0.008	11.077	16.874	26.418	1230.000
02/07/2006	1.053	10.160	17.222	25.556	1122.000
03/07/2006	2.624	9.743	17.095	24.975	1073.000
04/07/2006	5.802	8.803	17.014	23.815	1097.000
05/07/2006	3.161	9.323	16.584	24.128	1062.000
06/07/2006	0.292	10.559	16.237	25.368	1197.000
07/07/2006	1.825	9.117	17.106	24.300	1073.000
08/07/2006	3.902	9.184	16.805	24.144	1056.000
09/07/2006	2.797	9.734	16.370	24.473	1238.000
10/07/2006	0.581	10.458	15.825	24.894	1123.000
11/07/2006	4.180	9.881	16.450	24.637	1230.000
12/07/2006	1.209	9.859	16.360	24.605	1085.000
13/07/2006	9.692	8.286	17.152	23.331	1180.000
14/07/2006	5.740	8.640	16.891	23.567	1483.000
15/07/2006	3.795	9.403	16.370	23.979	1172.000
16/07/2006	4.520	9.406	16.373	24.003	1340.000
17/07/2006	1.366	10.183	16.106	24.729	1328.000
18/07/2006	4.927	9.497	16.968	24.518	1426.000
19/07/2006	2.571	10.180	16.589	25.021	1343.000
20/07/2006	1.528	9.534	15.991	23.876	1271.000
21/07/2006	3.921	10.203	16.324	24.832	1067.000
22/07/2006	13.942	7.493	16.405	21.767	1142.000
23/07/2006	4.319	9.363	16.007	23.656	1110.000
24/07/2006	2.100	8.814	16.127	23.054	1065.000
25/07/2006	2.280	8.844	16.257	23.196	943.700
26/07/2006	11.421	8.165	15.572	21.926	909.300
27/07/2006	9.233	8.146	15.608	21.943	1083.000
28/07/2006	17.584	6.985	15.553	20.451	1299.000
29/07/2006	0.633	9.037	15.323	22.602	1387.000
30/07/2006	4.070	10.545	15.313	24.406	1641.000
31/07/2006	3.598	10.889	15.314	24.835	1569.000
01/08/2006	0.223	10.614	16.165	25.050	1516.000
02/08/2006	4.740	10.579	15.980	24.901	1418.000
03/08/2006	1.927	11.233	15.014	24.992	1287.000
04/08/2006	0.203	10.913	15.316	24.799	1122.000
05/08/2006	4.960	10.643	15.796	24.799	1310.000
06/08/2006	0.171	11.209	15.418	25.209	1135.000
07/08/2006	5.726	8.867	16.254	23.124	1010.000
08/08/2006	0.686	9.415	16.654	23.951	981.500
09/08/2006	7.571	10.078	15.600	23.991	1017.000
10/08/2006	1.268	11.226	16.455	25.864	769.400
11/08/2006	13.279	8.424	16.896	22.986	792.300
12/08/2006	0.822	11.197	15.578	25.207	806.100
13/08/2006	0.972	11.889	15.643	26.052	807.500
14/08/2006	0.565	11.625	15.574	25.694	792.300
15/08/2006	5.563	9.255	16.518	23.647	792.300
16/08/2006	6.855	9.537	15.983	23.512	799.500
17/08/2006	5.877	9.362	16.121	23.434	656.800
18/08/2006	7.184	6.743	16.962	21.270	822.100
19/08/2006	1.540	9.802	16.034	23.856	878.600
20/08/2006	9.249	10.396	15.750	24.285	1151.000
21/08/2006	11.740	10.047	16.350	24.280	1401.000
22/08/2006	0.168	11.106	15.565	24.960	897.000
23/08/2006	2.635	10.503	16.087	24.659	1191.000
24/08/2006	7.164	9.307	15.924	23.202	1003.000
25/08/2006	4.083	8.437	15.594	21.926	996.300
26/08/2006	12.412	8.025	16.176	21.880	1158.000
27/08/2006	2.675	9.074	15.478	22.487	1275.000
28/08/2006	0.876	10.381	15.550	24.020	1272.000
29/08/2006	3.876	10.954	15.142	24.430	1081.000
30/08/2006	10.655	10.000	15.357	23.509	970.600
31/08/2006	2.077	11.699	14.780	25.040	1069.000
01/09/2006	8.390	9.224	15.964	23.024	965.800
02/09/2006	2.493	11.308	15.400	25.000	1265.000
03/09/2006	2.114	10.163	15.928	24.075	1180.000
04/09/2006	6.862	8.961	16.301	23.011	957.400
05/09/2006	4.319	10.715	15.692	24.491	933.400
06/09/2006	7.593	10.468	15.507	24.106	978.100
07/09/2006	7.899	8.720	16.122	22.563	1071.000
08/09/2006	5.616	9.810	15.945	23.627	1160.000
09/09/2006	8.515	10.093	15.927	23.950	1209.000
10/09/2006	0.762	10.924	16.014	24.954	1179.000
11/09/2006	7.921	9.568	15.879	23.317	1164.000
12/09/2006	4.088	9.456	16.228	23.460	1210.000
13/09/2006	13.210	9.178	16.047	22.993	1449.000
14/09/2006	4.727	10.154	15.470	23.693	1365.000
15/09/2006	7.388	9.768	15.294	23.131	1483.000
16/09/2006	6.288	10.218	16.156	24.244	1658.000
17/09/2006	9.095	8.509	16.098	22.319	1746.000
18/09/2006	8.967	7.968	16.093	21.678	1873.000
19/09/2006	4.306	9.516	15.878	23.272	1870.000
20/09/2006	6.117	11.066	15.306	24.653	1997.000
21/09/2006	4.564	11.547	14.810	24.882	1676.000
22/09/2006	7.108	11.648	15.385	25.404	1659.000
23/09/2006	1.726	11.426	15.884	25.495	1521.000
24/09/2006	11.460	9.814	15.718	23.507	1267.000
25/09/2006	4.985	11.245	15.562	25.086	1183.000
26/09/2006	4.801	11.389	15.398	25.118	1089.000
27/09/2006	0.362	12.482	15.273	26.354	1145.000
28/09/2006	1.206	12.037	14.876	25.610	1070.000
29/09/2006	2.812	10.552	15.800	24.493	1052.000
30/09/2006	6.883	9.532	16.523	23.833	1000.000
01/10/2006	2.880	10.615	15.406	24.252	943.700
02/10/2006	9.879	8.342	16.600	22.598	947.300
03/10/2006	9.749	8.807	16.156	22.807	1150.000
04/10/2006	8.069	9.227	16.311	23.356	1179.000
05/10/2006	3.672	10.209	16.532	24.635	1194.000
06/10/2006	0.980	9.855	17.010	24.645	1114.000
07/10/2006	3.362	10.375	16.200	24.634	998.700
08/10/2006	6.170	9.897	16.244	24.141	921.000
09/10/2006	5.734	9.615	15.678	23.415	868.000
10/10/2006	11.276	11.207	16.139	25.620	866.600
11/10/2006	24.735	6.661	16.483	20.776	866.600
12/10/2006	7.401	9.124	15.981	23.097	855.200
13/10/2006	16.145	7.866	16.591	22.128	874.900
14/10/2006	19.307	6.997	16.739	21.353	972.800
15/10/2006	7.142	7.770	16.517	22.012	1107.000
16/10/2006	3.216	8.675	15.900	22.554	1172.000
17/10/2006	6.290	6.680	15.937	20.381	1828.000
18/10/2006	2.338	10.571	15.242	24.381	1701.000
19/10/2006	7.127	7.144	16.263	21.248	1520.000
20/10/2006	3.308	9.380	16.146	23.608	1611.000
21/10/2006	1.819	10.436	15.478	24.411	1645.000
22/10/2006	4.730	9.332	16.540	23.888	1506.000
23/10/2006	6.113	8.784	15.729	22.713	1296.000
24/10/2006	4.631	10.765	15.291	24.782	1304.000
25/10/2006	5.628	9.877	16.055	24.290	1106.000
26/10/2006	11.599	9.336	16.171	23.774	1318.000
27/10/2006	4.064	9.742	16.154	24.226	1552.000
28/10/2006	18.899	8.034	16.470	22.497	1293.000
29/10/2006	3.547	9.078	16.357	23.617	1560.000
30/10/2006	19.742	7.265	16.343	21.598	1727.000
31/10/2006	11.129	8.102	16.442	22.590	1733.000
01/11/2006	6.230	7.584	16.417	21.972	1511.000
02/11/2006	0.770	9.136	16.116	23.560	1498.000
03/11/2006	1.105	9.401	16.852	24.426	1368.000
04/11/2006	1.990	9.925	16.061	24.590	1427.000
05/11/2006	23.421	7.935	15.999	22.161	1287.000
06/11/2006	3.468	8.605	15.950	22.895	1188.000
07/11/2006	7.290	7.721	16.121	22.003	1238.000
08/11/2006	16.360	6.091	16.379	20.350	1287.000
09/11/2006	9.457	8.941	15.997	23.375	1754.000
10/11/2006	24.773	9.205	15.901	23.663	2006.000
11/11/2006	6.604	8.528	16.080	23.061	2059.000
12/11/2006	22.562	7.193	16.050	21.399	1888.000
13/11/2006	5.240	7.789	15.558	21.742	2213.000
14/11/2006	18.149	6.321	16.002	20.404	2107.000
15/11/2006	10.139	6.713	15.542	20.472	2440.000
16/11/2006	5.805	8.590	15.185	22.452	2351.000
17/11/2006	5.424	8.327	15.601	22.474	2361.000
18/11/2006	8.042	8.859	14.720	22.517	2263.000
19/11/2006	1.206	9.635	14.425	23.302	2068.000
20/11/2006	18.178	8.425	15.695	22.746	2019.000
21/11/2006	17.300	8.630	15.650	22.998	1903.000
22/11/2006	3.932	8.460	15.776	22.854	2104.000
23/11/2006	2.929	9.280	15.512	23.721	2101.000
24/11/2006	5.920	7.508	16.769	22.496	1983.000
25/11/2006	7.220	8.160	16.205	22.835	1894.000
26/11/2006	11.413	8.511	15.820	23.020	1935.000
27/11/2006	4.592	8.214	15.962	22.764	1857.000
28/11/2006	5.939	8.348	15.889	22.903	1771.000
29/11/2006	10.364	7.607	16.520	22.509	1757.000
30/11/2006	0.890	9.213	16.241	24.251	1643.000
01/12/2006	1.570	9.665	15.225	24.127	1461.000
02/12/2006	7.541	7.404	16.478	22.251	1514.000
03/12/2006	5.770	9.521	15.517	24.148	1379.000
04/12/2006	3.741	9.043	16.659	24.389	1348.000
05/12/2006	11.866	7.722	17.083	23.108	1281.000
06/12/2006	11.360	8.388	16.832	23.700	1218.000
07/12/2006	16.191	6.683	16.505	21.435	1256.000
08/12/2006	6.979	8.651	16.133	23.549	1458.000
09/12/2006	15.471	5.624	16.873	20.606	1933.000
10/12/2006	2.264	8.672	16.065	23.517	2108.000
11/12/2006	2.404	8.187	16.525	23.297	2108.000
12/12/2006	31.751	6.998	15.990	21.439	2015.000
13/12/2006	0.947	6.810	16.236	21.443	2124.000
14/12/2006	0.411	7.305	16.470	22.159	2117.000
15/12/2006	1.817	8.727	15.935	23.522	1908.000
16/12/2006	0.202	7.387	16.397	22.224	1893.000
17/12/2006	0.617	9.291	15.278	23.818	1755.000
18/12/2006	1.112	9.122	15.593	23.796	1618.000
19/12/2006	13.485	7.797	16.636	22.942	1464.000
20/12/2006	21.456	5.597	16.609	20.342	1261.000
21/12/2006	1.333	7.814	16.183	22.572	1511.000
22/12/2006	0.562	8.575	16.045	23.425	1902.000
23/12/2006	1.502	8.602	16.044	23.451	1711.000
24/12/2006	11.073	8.644	16.094	23.555	1606.000
25/12/2006	9.768	7.836	15.695	22.278	1521.000
26/12/2006	3.781	6.696	15.764	20.878	1548.000
27/12/2006	5.494	7.723	15.655	22.042	1563.000
28/12/2006	0.620	9.356	15.705	24.137	1718.000
29/12/2006	0.011	10.292	15.603	25.249	1533.000
30/12/2006	1.922	9.965	15.231	24.610	1287.000
31/12/2006	5.481	9.562	15.266	24.097	1279.000
01/01/2007	2.542	9.768	15.772	24.690	1230.000
02/01/2007	1.660	9.350	15.684	24.087	1198.000
03/01/2007	0.688	10.406	15.375	25.198	1139.000
04/01/2007	7.740	9.037	15.679	23.672	1105.000
05/01/2007	0.108	9.578	15.324	24.121	903.100
06/01/2007	0.611	9.737	15.602	24.478	979.700
07/01/2007	5.006	8.883	16.444	23.983	825.200
08/01/2007	3.040	8.683	16.748	23.972	849.500
09/01/2007	4.009	7.541	17.012	22.747	834.300
10/01/2007	3.884	8.804	16.954	24.215	785.900
11/01/2007	0.000	9.705	16.093	24.713	831.600
12/01/2007	0.023	9.644	16.243	24.702	774.100
13/01/2007	4.841	8.276	17.393	23.862	728.100
14/01/2007	2.600	8.590	17.300	24.139	728.700
15/01/2007	0.800	9.732	17.366	25.558	723.500
16/01/2007	4.111	9.676	16.861	25.136	744.300
17/01/2007	5.365	9.073	16.396	24.049	703.700
18/01/2007	6.519	9.262	17.002	24.698	736.800
19/01/2007	9.354	7.847	17.388	23.314	704.000
20/01/2007	0.563	9.269	16.242	24.098	719.500
21/01/2007	0.793	9.776	16.667	25.002	815.500
22/01/2007	2.883	9.472	16.890	24.776	759.500
23/01/2007	4.064	10.144	16.142	25.068	790.400
24/01/2007	0.670	10.140	16.650	25.394	753.800
25/01/2007	13.906	7.044	17.216	22.174	754.500
26/01/2007	8.514	6.253	17.233	21.288	689.500
27/01/2007	0.162	9.553	16.667	24.594	929.900
28/01/2007	0.000	10.741	16.268	25.780	780.900
29/01/2007	0.000	11.541	15.366	26.138	681.400
30/01/2007	0.050	9.814	16.158	24.544	806.100
31/01/2007	0.000	10.737	16.170	25.594	813.000
01/02/2007	0.428	11.577	15.820	26.420	777.000
02/02/2007	0.000	12.172	15.867	27.152	735.300
03/02/2007	0.000	12.602	15.166	27.195	831.300
04/02/2007	0.000	11.944	14.398	25.859	868.000
05/02/2007	0.000	11.706	15.376	26.166	854.200
06/02/2007	0.000	11.929	14.486	25.833	826.700
07/02/2007	0.000	11.055	14.282	24.568	833.600
08/02/2007	0.194	11.723	14.732	25.659	840.500
09/02/2007	1.221	10.986	15.248	25.081	854.200
10/02/2007	1.269	10.709	16.142	25.281	833.600
11/02/2007	1.289	11.008	16.028	25.576	813.000
12/02/2007	2.310	10.797	15.301	24.778	813.000
13/02/2007	1.820	11.559	16.161	26.261	785.400
14/02/2007	15.462	9.590	16.771	24.355	709.800
15/02/2007	5.486	8.786	16.034	22.856	716.600
16/02/2007	5.194	7.955	16.242	22.032	709.800
17/02/2007	0.858	9.814	15.738	23.769	730.400
18/02/2007	0.676	9.342	15.173	22.795	737.300
19/02/2007	4.291	9.114	16.079	23.165	723.500
20/02/2007	3.245	10.885	14.884	24.395	716.600
21/02/2007	1.398	11.448	14.388	24.701	737.300
22/02/2007	0.019	12.617	14.351	26.086	723.500
23/02/2007	0.000	12.603	14.903	26.389	723.500
24/02/2007	0.000	12.619	14.263	25.999	716.600
25/02/2007	1.467	9.613	16.565	24.018	716.600
26/02/2007	1.255	11.079	16.252	25.422	716.600
27/02/2007	1.415	12.349	15.846	26.620	709.800
28/02/2007	0.426	12.421	15.736	26.621	689.500
01/03/2007	2.736	11.563	16.703	26.271	401.700
02/03/2007	0.747	11.441	16.241	25.803	369.000
03/03/2007	0.000	11.356	17.165	26.322	348.200
04/03/2007	4.054	8.802	17.208	23.488	327.400
05/03/2007	3.497	9.559	16.425	23.710	317.000
06/03/2007	4.516	9.937	15.671	23.610	306.600
07/03/2007	6.267	9.658	16.507	23.870	317.000
08/03/2007	10.069	9.216	16.500	23.337	330.000
09/03/2007	6.412	8.554	16.806	22.898	363.800
10/03/2007	4.782	9.927	16.520	24.150	591.400
11/03/2007	7.785	9.974	16.365	24.086	532.500
12/03/2007	3.164	10.543	16.377	24.721	476.900
13/03/2007	5.630	9.936	15.865	23.695	413.100
14/03/2007	5.474	9.959	16.248	23.958	509.000
15/03/2007	5.153	9.856	16.146	23.765	478.400
16/03/2007	10.762	9.274	16.296	23.205	457.300
17/03/2007	7.239	9.656	15.793	23.260	470.200
18/03/2007	3.281	10.097	16.043	23.881	626.700
19/03/2007	2.343	9.421	17.237	24.023	669.700
20/03/2007	5.401	9.656	17.422	24.426	761.400
21/03/2007	15.686	9.427	17.088	23.936	486.700
22/03/2007	16.340	7.123	16.999	21.470	676.400
23/03/2007	3.465	9.819	16.064	23.578	699.400
24/03/2007	4.780	9.744	16.575	23.872	815.800
25/03/2007	8.625	6.813	16.994	21.111	888.100
26/03/2007	2.334	9.636	16.099	23.404	960.700
27/03/2007	9.261	6.354	17.357	21.004	1008.000
28/03/2007	4.758	9.345	16.716	23.519	1068.000
29/03/2007	8.114	9.217	16.546	23.269	1196.000
30/03/2007	5.976	9.524	16.607	23.671	1321.000
31/03/2007	17.889	8.524	16.942	22.835	1439.000
01/04/2007	3.068	10.626	16.731	24.960	1657.000
02/04/2007	16.465	7.829	17.150	22.272	1553.000
03/04/2007	7.665	8.565	17.012	22.975	1486.000
04/04/2007	20.416	8.816	16.334	22.671	1483.000
05/04/2007	13.910	8.676	17.241	23.208	2006.000
06/04/2007	5.065	9.994	16.572	24.123	2138.000
07/04/2007	8.483	9.991	16.808	24.350	1898.000
08/04/2007	13.291	7.494	16.358	21.392	2215.000
09/04/2007	17.133	9.505	15.768	23.068	2266.000
10/04/2007	6.912	10.294	16.159	24.260	2297.000
11/04/2007	3.146	10.942	16.242	25.045	1785.000
12/04/2007	0.950	10.648	16.476	24.887	1525.000
13/04/2007	1.897	10.431	16.241	24.480	1388.000
14/04/2007	7.249	8.945	17.050	23.468	1337.000
15/04/2007	5.845	10.561	15.878	24.395	1444.000
16/04/2007	4.253	8.311	16.558	22.420	1244.000
17/04/2007	2.226	9.919	16.205	23.926	1336.000
18/04/2007	17.891	8.058	16.986	22.550	1395.000
19/04/2007	9.166	8.163	16.981	22.599	1293.000
20/04/2007	23.957	6.087	16.484	20.114	1523.000
21/04/2007	6.680	8.129	15.979	21.738	1912.000
22/04/2007	16.738	9.966	15.585	23.526	2236.000
23/04/2007	8.725	9.266	16.480	23.414	2550.000
24/04/2007	10.640	8.845	16.591	23.049	2404.000
25/04/2007	21.180	7.222	16.595	21.299	2352.000
26/04/2007	6.165	8.569	16.610	22.785	2773.000
27/04/2007	11.818	9.521	16.211	23.552	2982.000
28/04/2007	3.411	9.193	16.449	23.378	2938.000
29/04/2007	13.105	8.333	16.508	22.472	2733.000
30/04/2007	5.936	9.987	16.446	24.265	2364.000
01/05/2007	15.806	8.424	16.334	22.466	2449.000
02/05/2007	5.051	9.388	15.846	23.207	2579.000
03/05/2007	3.370	8.582	16.309	22.605	2683.000
04/05/2007	1.696	8.034	16.977	22.553	2566.000
05/05/2007	2.320	10.163	16.568	24.641	2560.000
06/05/2007	7.764	8.871	16.624	23.252	2441.000
07/05/2007	9.513	8.698	17.040	23.414	2454.000
08/05/2007	13.769	7.619	17.251	22.363	2355.000
09/05/2007	2.989	8.447	17.143	23.151	2577.000
10/05/2007	10.578	8.090	16.952	22.653	2512.000
11/05/2007	0.790	10.354	16.758	25.091	2507.000
12/05/2007	6.901	9.149	16.879	23.788	2082.000
13/05/2007	7.963	8.892	16.622	23.444	2030.000
14/05/2007	2.775	10.036	16.158	24.305	2036.000
15/05/2007	6.868	9.474	16.889	24.221	1892.000
16/05/2007	18.810	8.311	16.968	23.002	1605.000
17/05/2007	9.195	7.879	17.149	22.725	1795.000
18/05/2007	18.804	6.659	17.186	21.398	1986.000
19/05/2007	5.226	8.636	16.684	23.194	2159.000
20/05/2007	11.656	8.243	16.972	22.954	2585.000
21/05/2007	19.763	7.619	16.728	22.092	3039.000
22/05/2007	17.648	9.163	16.074	23.329	2863.000
23/05/2007	2.329	9.199	15.713	23.120	3011.000
24/05/2007	8.559	8.036	16.324	22.308	3102.000
25/05/2007	14.086	7.372	15.657	21.043	2794.000
26/05/2007	18.622	7.874	15.924	21.785	2620.000
27/05/2007	5.379	9.567	15.795	23.704	2746.000
28/05/2007	18.633	7.825	16.064	21.860	2805.000
29/05/2007	12.537	7.074	15.753	20.836	2955.000
30/05/2007	3.351	8.090	15.797	21.973	2988.000
31/05/2007	15.675	7.283	15.776	21.034	3201.000
01/06/2007	6.343	7.854	15.712	21.679	3314.000
02/06/2007	14.460	6.858	16.172	20.912	3352.000
03/06/2007	6.619	7.603	16.107	21.706	3393.000
04/06/2007	3.623	9.130	15.484	23.009	3439.000
05/06/2007	13.754	8.275	15.845	22.304	3422.000
06/06/2007	4.861	9.451	15.197	23.261	3393.000
07/06/2007	5.484	9.003	16.153	23.387	3078.000
08/06/2007	5.953	8.228	15.846	22.293	2919.000
09/06/2007	12.890	8.898	15.802	23.032	2939.000
10/06/2007	1.211	9.292	15.584	23.322	3005.000
11/06/2007	1.247	8.281	16.305	22.688	2593.000
12/06/2007	1.818	9.327	16.123	23.819	2698.000
13/06/2007	0.243	9.874	15.125	23.726	2322.000
14/06/2007	2.547	8.665	15.528	22.623	2255.000
15/06/2007	2.331	9.591	15.393	23.595	2075.000
16/06/2007	1.509	9.175	15.338	23.059	1927.000
17/06/2007	1.655	9.579	15.677	23.794	1833.000
18/06/2007	3.505	9.346	15.953	23.740	1818.000
19/06/2007	1.790	9.493	16.092	23.964	1677.000
20/06/2007	7.718	8.205	16.548	22.829	1813.000
21/06/2007	3.883	9.904	14.858	23.614	1743.000
22/06/2007	3.157	6.975	16.128	21.136	1666.000
23/06/2007	2.521	8.132	16.237	22.560	2030.000
24/06/2007	8.225	8.733	16.045	23.045	2045.000
25/06/2007	1.675	9.292	16.432	23.984	2105.000
26/06/2007	4.737	9.395	15.759	23.647	1962.000
27/06/2007	1.399	8.881	16.337	23.439	1956.000
28/06/2007	3.427	9.508	15.935	23.884	1829.000
29/06/2007	7.969	8.014	16.006	22.232	1815.000
30/06/2007	6.142	9.268	15.762	23.522	1810.000
01/07/2007	0.267	10.697	15.963	25.342	1871.000
02/07/2007	1.762	10.242	16.527	25.177	1691.000
03/07/2007	0.495	10.797	15.579	25.230	1698.000
04/07/2007	0.036	12.199	15.049	26.573	1498.000
05/07/2007	0.499	11.382	15.904	26.127	1386.000
06/07/2007	4.967	10.001	16.019	24.555	1271.000
07/07/2007	4.156	9.397	16.311	24.020	1217.000
08/07/2007	7.083	8.726	16.241	23.195	1510.000
09/07/2007	17.409	9.049	16.058	23.402	1727.000
10/07/2007	4.067	9.383	16.515	24.096	1830.000
11/07/2007	5.648	9.285	16.472	23.955	1605.000
12/07/2007	2.391	9.782	16.371	24.482	1429.000
13/07/2007	2.126	9.250	16.768	24.158	1364.000
14/07/2007	4.474	9.957	16.000	24.412	1262.000
15/07/2007	4.602	8.434	16.518	23.042	1213.000
16/07/2007	5.860	8.919	16.007	23.161	1168.000
17/07/2007	11.127	9.051	15.690	23.110	1166.000
18/07/2007	8.210	8.762	15.777	22.803	1123.000
19/07/2007	1.317	9.409	15.513	23.320	1224.000
20/07/2007	11.137	8.569	15.513	22.341	1381.000
21/07/2007	6.272	8.136	15.474	21.807	1346.000
22/07/2007	4.125	7.726	15.949	21.708	1454.000
23/07/2007	16.422	8.023	15.394	21.570	1572.000
24/07/2007	10.274	9.337	16.008	23.567	1805.000
25/07/2007	4.006	9.485	14.987	22.995	1817.000
26/07/2007	2.580	10.609	15.637	24.761	1821.000
27/07/2007	8.399	9.050	15.635	22.911	1515.000
28/07/2007	4.840	10.547	15.245	24.460	1504.000
29/07/2007	0.237	11.226	15.636	25.491	1617.000
30/07/2007	2.314	10.820	14.867	24.478	1349.000
31/07/2007	3.340	10.788	15.021	24.535	1205.000
01/08/2007	5.517	9.744	15.590	23.647	1105.000
02/08/2007	3.775	9.948	16.019	24.187	1090.000
03/08/2007	8.212	8.849	16.276	23.077	1121.000
04/08/2007	4.563	9.255	16.550	23.756	1266.000
05/08/2007	8.535	8.788	16.499	23.152	1606.000
06/08/2007	2.644	8.939	16.006	23.002	1391.000
07/08/2007	11.469	9.343	15.670	23.202	1376.000
08/08/2007	8.018	9.031	15.994	23.042	1976.000
09/08/2007	4.595	8.839	16.064	22.872	2225.000
10/08/2007	3.933	9.266	15.805	23.191	1989.000
11/08/2007	9.516	8.994	15.838	22.892	2209.000
12/08/2007	1.361	9.633	15.854	23.581	2352.000
13/08/2007	4.700	9.119	16.668	23.602	2217.000
14/08/2007	12.818	8.408	16.018	22.332	2023.000
15/08/2007	4.222	9.128	16.047	23.129	2051.000
16/08/2007	4.807	10.092	15.913	24.116	1948.000
17/08/2007	14.276	8.344	16.277	22.375	1895.000
18/08/2007	6.569	8.649	15.776	22.345	1948.000
19/08/2007	2.630	10.459	14.958	23.807	2272.000
20/08/2007	9.713	8.549	16.028	22.423	2087.000
21/08/2007	3.800	8.897	15.926	22.651	2146.000
22/08/2007	9.346	9.203	15.364	22.644	2283.000
23/08/2007	2.245	10.191	15.078	23.565	2144.000
24/08/2007	5.039	8.374	15.875	22.106	1760.000
25/08/2007	19.213	7.108	15.773	20.644	1735.000
26/08/2007	3.476	7.883	15.542	21.279	1985.000
27/08/2007	5.836	9.544	15.614	23.126	2166.000
28/08/2007	1.698	10.047	15.846	23.907	2026.000
29/08/2007	10.525	8.155	16.484	22.261	2077.000
30/08/2007	24.589	8.669	15.717	22.264	1920.000
31/08/2007	3.464	10.362	15.006	23.624	2014.000
01/09/2007	3.964	9.104	15.462	22.493	1870.000
02/09/2007	0.554	9.626	16.121	23.570	1809.000
03/09/2007	5.018	9.652	15.611	23.223	1980.000
04/09/2007	4.291	10.045	15.128	23.325	1973.000
05/09/2007	6.229	9.656	15.929	23.464	2093.000
06/09/2007	1.418	11.187	15.026	24.590	1743.000
07/09/2007	7.730	10.520	15.417	24.048	1625.000
08/09/2007	5.614	10.136	15.584	23.746	1640.000
09/09/2007	5.362	8.881	15.881	22.550	1627.000
10/09/2007	0.250	11.188	15.002	24.556	1525.000
11/09/2007	7.206	9.632	16.286	23.654	1430.000
12/09/2007	3.363	10.735	15.494	24.391	1353.000
13/09/2007	3.977	9.364	15.848	23.121	1238.000
14/09/2007	5.564	8.936	16.847	23.383	1295.000
15/09/2007	13.867	7.698	16.469	21.708	1385.000
16/09/2007	1.413	8.275	15.619	21.660	1760.000
17/09/2007	2.137	10.766	14.846	23.955	1660.000
18/09/2007	0.962	11.249	15.844	25.236	1746.000
19/09/2007	11.780	9.207	16.183	23.215	1317.000
20/09/2007	11.597	10.377	15.805	24.221	1608.000
21/09/2007	9.668	9.556	16.018	23.433	1840.000
22/09/2007	1.492	11.586	15.211	25.198	1871.000
23/09/2007	10.638	9.144	16.165	23.108	1678.000
24/09/2007	2.731	9.532	15.342	22.951	1557.000
25/09/2007	12.715	8.657	15.836	22.307	1449.000
26/09/2007	5.775	9.523	15.935	23.371	1763.000
27/09/2007	3.220	9.546	15.865	23.320	1703.000
28/09/2007	3.455	10.682	15.702	24.533	1723.000
29/09/2007	4.181	9.676	16.080	23.657	1565.000
30/09/2007	6.200	10.370	15.381	23.982	1378.000
01/10/2007	10.269	7.411	16.075	21.160	1396.000
02/10/2007	0.780	11.223	15.012	24.711	1354.000
03/10/2007	10.726	10.619	15.491	24.396	1349.000
04/10/2007	8.984	9.274	15.164	22.595	1247.000
05/10/2007	9.693	9.068	14.960	22.190	1337.000
06/10/2007	4.860	9.249	15.398	22.726	1598.000
07/10/2007	8.353	8.477	15.623	22.028	1596.000
08/10/2007	6.338	8.984	15.723	22.697	1451.000
09/10/2007	34.916	5.736	16.255	19.627	1784.000
10/10/2007	2.614	9.910	14.717	23.096	2285.000
11/10/2007	7.067	9.125	14.957	22.340	2302.000
12/10/2007	15.100	7.663	15.771	21.282	2140.000
13/10/2007	1.904	9.055	15.961	23.022	2219.000
14/10/2007	9.592	7.660	16.395	21.781	2310.000
15/10/2007	24.511	8.182	16.156	22.214	2424.000
16/10/2007	6.077	9.119	15.683	22.928	2562.000
17/10/2007	11.588	9.951	15.882	24.062	2282.000
18/10/2007	32.631	6.064	16.474	20.217	2594.000
19/10/2007	7.812	8.123	15.651	21.783	2651.000
20/10/2007	14.203	6.756	15.760	20.367	3496.000
21/10/2007	10.061	7.517	15.667	21.138	3235.000
22/10/2007	12.500	9.453	15.813	23.487	3462.000
23/10/2007	7.974	9.072	16.330	23.476	3339.000
24/10/2007	9.103	8.217	15.811	22.100	3384.000
25/10/2007	2.220	9.251	15.516	23.079	3393.000
26/10/2007	10.025	8.765	16.052	22.928	3022.000
27/10/2007	21.128	7.044	16.436	21.332	3235.000
28/10/2007	2.808	7.061	16.006	20.991	3055.000
29/10/2007	4.843	8.044	15.765	21.975	2830.000
30/10/2007	20.275	7.049	15.854	20.919	2783.000
31/10/2007	10.737	7.449	15.786	21.309	3185.000
01/11/2007	21.681	7.000	15.891	20.894	3218.000
02/11/2007	2.070	8.259	15.908	22.363	3201.000
03/11/2007	7.212	8.340	16.115	22.647	3291.000
04/11/2007	7.093	7.587	16.392	21.999	3480.000
05/11/2007	7.722	9.022	15.287	22.906	3381.000
06/11/2007	3.933	8.639	15.834	22.836	3317.000
07/11/2007	3.185	8.142	16.379	22.691	3248.000
08/11/2007	7.262	8.513	16.166	22.982	3305.000
09/11/2007	47.003	4.602	16.402	18.883	3296.000
10/11/2007	0.860	8.024	14.691	21.325	3585.000
11/11/2007	3.597	8.320	15.504	22.305	3480.000
12/11/2007	5.512	9.002	15.233	22.961	3215.000
13/11/2007	7.172	8.009	15.164	21.727	2960.000
14/11/2007	1.604	8.096	16.357	22.730	3048.000
15/11/2007	1.356	9.836	15.104	23.951	2960.000
16/11/2007	4.155	8.217	16.543	23.062	2667.000
17/11/2007	13.265	7.674	16.384	22.302	2334.000
18/11/2007	3.812	9.292	15.624	23.692	2447.000
19/11/2007	0.789	10.028	15.295	24.420	2309.000
20/11/2007	2.362	9.866	14.670	23.842	2231.000
21/11/2007	2.543	9.085	15.291	23.287	2177.000
22/11/2007	5.246	8.554	16.457	23.489	2095.000
23/11/2007	26.365	6.920	16.546	21.659	2194.000
24/11/2007	7.318	8.257	15.294	22.273	2319.000
25/11/2007	3.378	9.147	15.977	23.901	2316.000
26/11/2007	1.413	9.577	15.600	24.208	2036.000
27/11/2007	6.968	8.517	15.523	22.855	1956.000
28/11/2007	11.859	7.446	16.260	22.127	1854.000
29/11/2007	7.292	7.246	16.072	21.717	1781.000
30/11/2007	3.000	6.854	15.978	21.182	1717.000
01/12/2007	19.965	6.863	15.351	20.702	1707.000
02/12/2007	0.960	7.226	15.629	21.333	2166.000
03/12/2007	0.596	6.389	15.769	20.438	2347.000
04/12/2007	1.256	8.239	14.367	21.678	2370.000
05/12/2007	0.000	8.852	14.428	22.589	2440.000
06/12/2007	0.626	8.691	15.116	22.839	2303.000
07/12/2007	0.743	8.550	14.998	22.613	2016.000
08/12/2007	2.456	8.548	15.560	22.989	1923.000
09/12/2007	7.954	8.529	16.030	23.306	1899.000
10/12/2007	3.095	7.668	15.936	22.183	1787.000
11/12/2007	1.153	7.294	15.587	21.466	1752.000
12/12/2007	4.098	7.849	16.064	22.502	1830.000
13/12/2007	12.500	7.184	16.403	21.981	1784.000
14/12/2007	15.575	6.762	16.150	21.300	1761.000
15/12/2007	12.589	5.591	16.177	19.977	1995.000
16/12/2007	7.243	7.537	15.336	21.557	2157.000
17/12/2007	2.953	6.462	15.680	20.556	2227.000
18/12/2007	18.618	7.799	15.002	21.645	2611.000
19/12/2007	4.104	7.011	15.590	21.140	2946.000
20/12/2007	0.535	8.040	15.438	22.330	2969.000
21/12/2007	0.213	7.847	15.631	22.204	2767.000
22/12/2007	0.246	8.301	15.693	22.810	2387.000
23/12/2007	3.590	7.560	16.578	22.563	2497.000
24/12/2007	28.656	8.272	15.913	22.958	2714.000
25/12/2007	8.495	7.749	16.549	22.807	2520.000
26/12/2007	27.057	6.883	16.345	21.569	2415.000
27/12/2007	9.447	7.287	16.260	22.001	2417.000
28/12/2007	1.915	8.876	15.794	23.591	2378.000
29/12/2007	1.458	8.837	15.786	23.525	2263.000
30/12/2007	0.523	9.815	14.750	24.058	2149.000
31/12/2007	1.679	9.352	15.638	24.080	2003.000
01/01/2008	0.000	10.221	14.932	24.700	1886.000
02/01/2008	4.433	8.426	15.783	23.019	1784.000
03/01/2008	7.672	7.066	16.095	21.515	1683.000
04/01/2008	1.299	9.353	15.343	23.802	1613.000
05/01/2008	0.078	8.816	16.298	23.783	1532.000
06/01/2008	2.791	8.456	16.810	23.754	1433.000
07/01/2008	12.844	8.194	15.705	22.593	1362.000
08/01/2008	3.433	8.388	16.112	23.123	1330.000
09/01/2008	32.260	5.167	16.547	19.759	1348.000
10/01/2008	1.703	7.496	15.683	21.667	1534.000
11/01/2008	0.289	8.234	16.079	22.830	1601.000
12/01/2008	3.534	8.935	15.871	23.546	1423.000
13/01/2008	0.333	8.872	15.566	23.229	1306.000
14/01/2008	0.048	8.136	16.132	22.737	1268.000
15/01/2008	3.154	8.492	15.967	23.052	1245.000
16/01/2008	13.888	6.293	16.408	20.793	1227.000
17/01/2008	1.325	8.174	15.464	22.222	1284.000
18/01/2008	2.357	9.433	15.186	23.580	1302.000
19/01/2008	0.021	9.864	14.337	23.544	1292.000
20/01/2008	5.460	9.076	14.892	22.929	1189.000
21/01/2008	6.578	8.924	15.323	22.980	1122.000
22/01/2008	0.567	9.841	15.612	24.319	1091.000
23/01/2008	0.000	10.190	15.681	24.779	1048.000
24/01/2008	2.176	9.406	16.085	24.086	1017.000
25/01/2008	7.531	8.889	16.450	23.721	985.800
26/01/2008	19.163	8.352	16.473	23.074	1001.000
27/01/2008	0.655	7.605	16.856	22.480	1121.000
28/01/2008	0.820	8.884	15.444	22.925	1211.000
29/01/2008	2.089	9.605	14.938	23.456	1206.000
30/01/2008	0.099	8.446	15.897	22.681	1123.000
31/01/2008	1.037	8.038	15.057	21.547	1022.000
01/02/2008	0.000	8.337	15.356	22.050	995.000
02/02/2008	0.000	9.463	14.667	22.912	1034.000
03/02/2008	0.000	8.900	14.877	22.341	1043.000
04/02/2008	0.000	9.663	14.862	23.244	1021.000
05/02/2008	0.000	10.036	14.541	23.492	1000.000
06/02/2008	0.000	9.014	15.356	22.781	994.100
07/02/2008	0.016	9.800	15.306	23.674	1006.000
08/02/2008	0.000	10.600	15.157	24.526	1045.000
09/02/2008	2.093	9.274	15.829	23.386	1094.000
10/02/2008	2.890	8.471	15.891	22.488	1019.000
11/02/2008	3.078	9.665	15.487	23.540	1120.000
12/02/2008	7.960	9.691	15.840	23.816	1024.000
13/02/2008	10.610	9.680	16.118	23.980	991.600
14/02/2008	10.392	9.065	16.292	23.386	1002.000
15/02/2008	2.201	9.930	16.015	24.179	1061.000
16/02/2008	21.244	7.785	16.188	21.816	1132.000
17/02/2008	9.572	7.930	15.754	21.624	1114.000
18/02/2008	15.524	7.995	16.225	22.031	1272.000
19/02/2008	37.076	6.970	15.769	20.551	1327.000
20/02/2008	3.140	7.509	15.819	21.139	1781.000
21/02/2008	13.966	7.572	16.027	21.382	2091.000
22/02/2008	1.237	8.586	15.840	22.329	2098.000
23/02/2008	0.516	10.275	15.419	23.973	2316.000
24/02/2008	1.687	9.764	15.833	23.681	2241.000
25/02/2008	4.954	9.148	15.543	22.732	1945.000
26/02/2008	1.089	9.851	15.745	23.656	1893.000
27/02/2008	1.858	8.859	15.790	22.554	1871.000
28/02/2008	2.299	8.064	15.764	21.621	1823.000
29/02/2008	0.588	11.286	14.887	24.668	1962.000
01/03/2008	0.287	10.017	16.028	24.031	1739.000
02/03/2008	3.329	9.747	16.290	23.854	1504.000
03/03/2008	3.340	9.562	16.335	23.677	1475.000
04/03/2008	10.725	8.774	16.169	22.653	1461.000
05/03/2008	20.725	9.090	15.644	22.630	1560.000
06/03/2008	10.788	6.179	16.099	19.887	1686.000
07/03/2008	9.682	9.700	14.656	22.531	1575.000
08/03/2008	2.627	9.475	15.846	23.123	1772.000
09/03/2008	2.541	10.026	15.224	23.305	1769.000
10/03/2008	0.818	7.902	16.395	21.799	1728.000
11/03/2008	0.213	8.476	16.344	22.354	1730.000
12/03/2008	0.149	9.205	15.567	22.618	1967.000
13/03/2008	12.123	7.057	15.917	20.545	2075.000
14/03/2008	11.438	6.443	15.809	19.806	2148.000
15/03/2008	12.291	10.345	14.802	23.307	2579.000
16/03/2008	0.557	11.128	14.859	24.279	2563.000
17/03/2008	6.216	10.228	15.535	23.711	2182.000
18/03/2008	0.298	10.350	14.917	23.409	2034.000
19/03/2008	2.573	10.699	15.404	24.146	1990.000
20/03/2008	3.764	10.293	15.771	23.926	1915.000
21/03/2008	3.443	9.846	15.677	23.369	1796.000
22/03/2008	6.210	9.767	16.195	23.628	1746.000
23/03/2008	8.619	9.543	16.039	23.276	1716.000
24/03/2008	5.179	10.365	15.727	23.964	1662.000
25/03/2008	4.571	10.047	16.223	23.960	1704.000
26/03/2008	5.015	11.286	15.544	24.893	1676.000
27/03/2008	4.422	9.337	16.379	23.310	1480.000
28/03/2008	8.343	9.422	16.416	23.425	1375.000
29/03/2008	10.112	8.893	16.709	23.059	1402.000
30/03/2008	19.697	8.310	16.631	22.384	1369.000
31/03/2008	9.651	6.709	16.380	20.489	1534.000
01/04/2008	1.754	8.199	15.875	21.621	1734.000
02/04/2008	0.036	10.579	14.828	23.573	2064.000
03/04/2008	0.000	10.653	14.605	23.498	2011.000
04/04/2008	0.077	11.406	13.791	23.822	1818.000
05/04/2008	4.207	10.933	14.661	23.869	1632.000
06/04/2008	5.015	10.653	14.963	23.749	1507.000
07/04/2008	15.352	8.739	15.782	22.218	1413.000
08/04/2008	4.437	10.657	15.190	23.976	1491.000
09/04/2008	20.666	8.190	15.996	21.771	1433.000
10/04/2008	4.317	8.876	15.854	22.435	1730.000
11/04/2008	15.476	7.354	16.254	21.081	1640.000
12/04/2008	8.113	9.201	15.494	22.489	1680.000
13/04/2008	8.359	6.578	16.053	20.130	1949.000
14/04/2008	4.114	8.752	15.812	22.257	1964.000
15/04/2008	5.560	9.881	15.758	23.495	2061.000
16/04/2008	2.252	10.361	16.108	24.310	2311.000
17/04/2008	2.483	11.376	15.491	25.037	2002.000
18/04/2008	2.578	10.930	16.046	24.934	1769.000
19/04/2008	5.991	10.377	16.349	24.529	1659.000
20/04/2008	14.125	9.761	16.211	23.786	1530.000
21/04/2008	19.721	8.902	16.647	23.150	1489.000
22/04/2008	7.170	10.098	16.381	24.306	1601.000
23/04/2008	17.500	7.364	16.756	21.597	2051.000
24/04/2008	5.198	8.008	16.235	21.927	1892.000
25/04/2008	7.631	7.537	16.436	21.558	2193.000
26/04/2008	13.946	8.691	16.151	22.566	2313.000
27/04/2008	12.852	7.067	16.383	21.031	2447.000
28/04/2008	3.591	9.604	15.950	23.500	2658.000
29/04/2008	9.273	10.803	16.063	24.948	2478.000
30/04/2008	5.642	8.899	16.578	23.207	2402.000
01/05/2008	10.559	7.605	16.180	21.452	2272.000
02/05/2008	21.582	9.158	16.085	23.095	2545.000
03/05/2008	11.293	8.597	15.796	22.310	2962.000
04/05/2008	14.215	8.472	15.977	22.247	2896.000
05/05/2008	8.113	8.893	16.048	22.804	3103.000
06/05/2008	4.581	9.161	16.734	23.671	3343.000
07/05/2008	1.678	10.795	15.708	24.799	3115.000
08/05/2008	9.345	9.285	16.387	23.524	2790.000
09/05/2008	4.269	9.177	16.057	23.177	2741.000
10/05/2008	1.057	10.429	15.366	24.184	2555.000
11/05/2008	8.147	9.121	15.653	22.911	2328.000
12/05/2008	3.753	10.694	15.243	24.422	2105.000
13/05/2008	3.061	10.367	15.433	24.210	1976.000
14/05/2008	3.732	9.976	16.103	24.242	1843.000
15/05/2008	4.012	9.811	16.215	24.177	1702.000
16/05/2008	11.319	8.652	16.165	22.796	1670.000
17/05/2008	7.547	6.911	16.675	21.281	1807.000
18/05/2008	4.173	9.067	15.620	22.912	1807.000
19/05/2008	15.909	7.508	16.672	21.949	2189.000
20/05/2008	29.459	7.069	16.152	21.019	2539.000
21/05/2008	11.309	8.099	16.168	22.202	2921.000
22/05/2008	19.215	7.764	15.979	21.686	2979.000
23/05/2008	13.378	7.411	16.131	21.390	3314.000
24/05/2008	8.782	7.665	16.126	21.726	3325.000
25/05/2008	14.041	7.749	15.911	21.622	3280.000
26/05/2008	5.310	8.548	15.670	22.379	3708.000
27/05/2008	23.379	7.068	16.110	21.037	3779.000
28/05/2008	14.710	6.933	16.038	20.845	3847.000
29/05/2008	2.525	8.005	15.927	21.964	4040.000
31/05/2008	14.923	9.531	15.474	23.483	3974.000
01/06/2008	5.470	9.034	15.588	22.974	3400.000
02/06/2008	12.607	9.161	15.607	23.108	3325.000
03/06/2008	13.793	7.856	15.851	21.810	3519.000
04/06/2008	0.651	9.005	15.242	22.711	3464.000
05/06/2008	7.666	8.787	15.454	22.632	3366.000
06/06/2008	5.880	8.865	15.966	23.106	3080.000
07/06/2008	14.184	7.903	16.085	22.096	2938.000
08/06/2008	10.360	8.681	15.552	22.552	2979.000
09/06/2008	2.440	8.739	15.550	22.693	3189.000
10/06/2008	8.481	8.984	15.737	23.097	3035.000
11/06/2008	6.047	8.182	16.181	22.491	2961.000
12/06/2008	5.312	9.114	15.892	23.371	2706.000
13/06/2008	6.951	9.803	16.064	24.348	2603.000
14/06/2008	13.713	7.923	15.980	22.044	2443.000
15/06/2008	5.807	8.516	15.473	22.425	2445.000
16/06/2008	5.854	9.142	15.955	23.452	2419.000
17/06/2008	11.707	7.874	16.505	22.407	2385.000
18/06/2008	4.012	8.339	15.755	22.467	2354.000
19/06/2008	3.798	9.225	16.151	23.752	2319.000
20/06/2008	6.250	9.595	16.096	24.148	2189.000
21/06/2008	4.758	8.468	15.828	22.600	2092.000
22/06/2008	12.731	7.604	16.124	21.806	2292.000
23/06/2008	10.777	8.448	15.687	22.486	2291.000
24/06/2008	6.790	8.080	15.601	21.953	2758.000
25/06/2008	17.592	7.692	15.973	21.837	3336.000
26/06/2008	2.956	9.763	15.729	24.023	3418.000
27/06/2008	7.760	10.058	15.386	24.162	2818.000
28/06/2008	13.518	7.383	16.513	21.821	2874.000
29/06/2008	6.049	9.090	15.821	23.274	3015.000
30/06/2008	4.378	9.114	15.703	23.234	2712.000
01/07/2008	5.679	7.765	16.658	22.411	2336.000
02/07/2008	12.367	7.967	15.839	21.980	2238.000
03/07/2008	8.905	7.679	16.654	22.301	2797.000
04/07/2008	14.135	8.476	15.940	22.629	3029.000
05/07/2008	6.070	7.819	16.052	22.023	3219.000
06/07/2008	4.894	8.555	16.086	22.870	2997.000
07/07/2008	3.676	8.828	16.011	23.104	2742.000
08/07/2008	13.086	7.619	16.080	21.728	2551.000
09/07/2008	10.684	7.904	15.841	21.891	2404.000
10/07/2008	7.603	6.951	15.968	20.896	2823.000
11/07/2008	2.829	9.088	15.389	22.940	2411.000
12/07/2008	3.899	8.147	16.290	22.445	2441.000
13/07/2008	9.866	7.816	15.942	21.907	2505.000
14/07/2008	11.874	8.522	15.608	22.407	2352.000
15/07/2008	12.109	7.910	15.870	21.883	2364.000
16/07/2008	8.433	7.488	15.506	21.105	2772.000
17/07/2008	6.742	8.680	15.315	22.352	3067.000
18/07/2008	5.401	9.798	15.227	23.562	2845.000
19/07/2008	10.331	9.198	15.662	23.180	2738.000
20/07/2008	5.681	9.303	16.316	23.769	2695.000
21/07/2008	3.878	9.930	15.829	24.128	2357.000
22/07/2008	4.325	8.955	15.840	22.987	2041.000
23/07/2008	3.000	11.593	14.232	25.038	1963.000
24/07/2008	0.878	9.817	15.823	24.011	1797.000
25/07/2008	4.040	10.258	15.815	24.502	1722.000
26/07/2008	8.334	9.108	16.149	23.368	1778.000
27/07/2008	2.372	9.425	15.712	23.415	1725.000
28/07/2008	13.003	9.191	15.687	23.072	1798.000
29/07/2008	4.278	8.945	15.944	23.038	2374.000
30/07/2008	4.347	8.961	15.921	23.014	1997.000
31/07/2008	8.876	9.256	15.022	22.736	1789.000
01/08/2008	0.903	9.613	15.958	23.744	1780.000
02/08/2008	16.912	8.556	16.069	22.604	1843.000
03/08/2008	0.470	9.503	15.773	23.447	1996.000
04/08/2008	5.159	9.523	15.988	23.656	1862.000
05/08/2008	5.728	10.438	15.241	24.254	1928.000
06/08/2008	5.272	8.672	16.147	22.730	1639.000
07/08/2008	5.337	11.203	15.523	25.227	1589.000
08/08/2008	1.959	10.182	15.590	24.079	1411.000
09/08/2008	1.403	9.820	15.514	23.622	1353.000
10/08/2008	7.047	7.700	16.641	22.056	1444.000
11/08/2008	11.430	7.602	15.760	21.252	1570.000
12/08/2008	0.991	10.433	14.878	23.804	1561.000
13/08/2008	6.753	8.956	15.475	22.501	1447.000
14/08/2008	11.036	8.640	15.595	22.206	1353.000
15/08/2008	5.440	9.724	15.399	23.299	1534.000
16/08/2008	18.628	7.487	16.105	21.390	1800.000
17/08/2008	6.945	8.478	15.759	22.155	2174.000
18/08/2008	8.010	8.202	16.033	22.009	2194.000
19/08/2008	10.312	8.201	15.827	21.880	1843.000
20/08/2008	3.751	9.355	15.430	22.828	2144.000
21/08/2008	8.908	8.731	15.636	22.299	1698.000
22/08/2008	10.552	7.735	15.824	21.365	1903.000
23/08/2008	10.047	9.100	15.419	22.504	2407.000
24/08/2008	15.932	8.805	16.093	22.666	2805.000
25/08/2008	6.414	8.842	15.779	22.477	2869.000
26/08/2008	6.057	8.709	15.882	22.406	2635.000
27/08/2008	3.876	9.988	15.177	23.339	2519.000
28/08/2008	16.521	9.130	15.449	22.549	2263.000
29/08/2008	10.126	8.506	15.655	21.995	2519.000
30/08/2008	16.081	9.293	15.934	23.053	2472.000
31/08/2008	2.840	8.992	16.129	22.871	2438.000
01/09/2008	2.571	9.717	15.863	23.521	2434.000
02/09/2008	10.435	8.064	16.473	22.146	2331.000
03/09/2008	7.377	6.948	16.533	20.950	2313.000
04/09/2008	7.667	8.154	16.261	22.020	2667.000
05/09/2008	5.083	9.552	16.496	23.742	2675.000
06/09/2008	0.543	10.856	15.225	24.336	2294.000
07/09/2008	4.643	9.336	16.010	23.140	2048.000
08/09/2008	8.893	9.457	15.605	22.983	2130.000
09/09/2008	0.610	9.811	16.146	23.737	1888.000
10/09/2008	3.774	10.307	15.296	23.730	1892.000
11/09/2008	0.334	11.741	15.123	25.250	1679.000
12/09/2008	4.462	11.862	14.734	25.192	1596.000
13/09/2008	1.277	11.217	14.931	24.582	1488.000
14/09/2008	3.481	9.818	16.097	23.757	1650.000
15/09/2008	16.693	8.340	16.396	22.395	1959.000
16/09/2008	8.109	8.667	15.843	22.252	1749.000
17/09/2008	14.739	8.287	16.127	22.073	1881.000
18/09/2008	5.183	10.357	15.226	23.748	1584.000
19/09/2008	7.742	7.497	16.038	21.178	1523.000
20/09/2008	4.572	8.939	15.801	22.586	1526.000
21/09/2008	5.680	9.792	15.780	23.520	1589.000
22/09/2008	6.884	7.959	15.991	21.678	1713.000
23/09/2008	13.608	8.266	15.767	21.847	1855.000
24/09/2008	1.561	10.124	15.547	23.750	1604.000
25/09/2008	5.437	10.549	15.805	24.394	1438.000
26/09/2008	10.414	10.042	15.821	23.902	1847.000
27/09/2008	11.505	9.141	15.956	22.968	1797.000
28/09/2008	4.064	9.570	15.831	23.410	1641.000
29/09/2008	14.128	9.078	15.973	22.910	1788.000
30/09/2008	2.092	9.093	16.186	23.118	1862.000
01/10/2008	20.614	8.596	15.927	22.355	2104.000
02/10/2008	4.030	9.163	15.743	22.900	1926.000
03/10/2008	8.055	8.712	15.667	22.344	1818.000
04/10/2008	5.616	8.747	15.503	22.244	1741.000
05/10/2008	3.047	7.937	15.837	21.562	1691.000
06/10/2008	7.807	9.177	15.650	22.835	1719.000
07/10/2008	17.480	7.439	15.115	20.450	1981.000
08/10/2008	0.651	10.300	15.139	23.805	1784.000
09/10/2008	7.707	9.247	15.457	22.832	2007.000
10/10/2008	14.703	6.918	15.693	20.432	2472.000
11/10/2008	2.512	9.712	14.921	22.992	2338.000
12/10/2008	22.197	8.064	15.950	21.854	2083.000
13/10/2008	2.773	8.697	15.697	22.420	2101.000
14/10/2008	14.395	8.797	15.789	22.587	2055.000
15/10/2008	7.680	9.337	15.481	23.043	2044.000
16/10/2008	11.215	8.382	15.903	22.261	2099.000
17/10/2008	10.218	8.929	16.195	23.118	2287.000
18/10/2008	9.098	8.552	16.168	22.703	2286.000
19/10/2008	12.716	9.414	15.485	23.231	2555.000
20/10/2008	6.168	9.203	15.841	23.240	2471.000
21/10/2008	3.398	8.694	16.176	22.918	2278.000
22/10/2008	5.844	9.248	16.103	23.528	2128.000
23/10/2008	1.331	9.374	16.184	23.779	1935.000
24/10/2008	3.330	9.865	15.501	23.861	2005.000
25/10/2008	5.531	9.528	15.295	23.318	1689.000
26/10/2008	6.481	9.153	15.862	23.318	1658.000
27/10/2008	6.742	8.144	16.444	22.616	1675.000
28/10/2008	21.903	8.939	15.983	23.162	2091.000
29/10/2008	6.559	8.426	16.428	22.940	2164.000
30/10/2008	1.593	10.190	15.052	24.098	1893.000
31/10/2008	9.359	8.858	15.527	22.811	1763.000
01/11/2008	8.791	5.349	16.289	19.493	2062.000
02/11/2008	3.900	8.881	15.659	22.939	2134.000
03/11/2008	22.656	8.627	15.838	22.756	2365.000
04/11/2008	11.470	6.437	15.698	20.218	2480.000
05/11/2008	1.081	7.793	15.760	21.814	2476.000
06/11/2008	5.414	9.471	15.756	23.832	2647.000
07/11/2008	4.825	9.097	15.505	23.210	2183.000
08/11/2008	8.855	7.558	15.818	21.614	2089.000
09/11/2008	1.063	10.297	14.448	23.964	1957.000
10/11/2008	0.626	10.131	15.211	24.334	1660.000
11/11/2008	5.189	9.586	15.396	23.829	1574.000
12/11/2008	12.475	8.465	16.141	22.999	1601.000
13/11/2008	12.053	5.426	16.753	20.058	1727.000
14/11/2008	0.910	6.925	16.093	21.162	2191.000
15/11/2008	0.719	7.053	15.934	21.215	2852.000
16/11/2008	2.594	7.136	16.240	21.513	3164.000
17/11/2008	8.544	7.356	15.727	21.425	3079.000
18/11/2008	19.638	7.105	16.333	21.584	3058.000
19/11/2008	11.483	7.953	16.533	22.790	2978.000
20/11/2008	28.386	6.485	16.609	21.143	3285.000
21/11/2008	5.068	8.167	16.199	22.784	3306.000
22/11/2008	3.926	8.725	16.915	24.036	3315.000
23/11/2008	28.021	8.445	17.144	23.899	3891.000
25/11/2008	29.790	5.999	16.911	20.917	3697.000
29/11/2008	11.781	7.625	16.480	22.470	4003.000
01/12/2008	3.315	7.700	16.748	22.816	3846.000
02/12/2008	6.845	7.906	16.185	22.646	3858.000
03/12/2008	12.074	9.202	16.105	24.182	3670.000
04/12/2008	15.649	8.136	15.981	22.791	3636.000
05/12/2008	7.956	9.346	14.996	23.591	3690.000
06/12/2008	2.506	9.446	15.800	24.284	3443.000
07/12/2008	6.712	8.180	15.700	22.655	2967.000
08/12/2008	9.938	8.940	15.610	23.524	2840.000
09/12/2008	2.274	9.538	15.663	24.377	2612.000
10/12/2008	2.697	9.271	15.704	24.055	2398.000
11/12/2008	43.834	7.310	16.158	21.978	2295.000
12/12/2008	6.302	7.502	16.148	22.145	2158.000
13/12/2008	3.384	8.348	15.458	22.700	2114.000
14/12/2008	7.311	7.980	15.999	22.637	2026.000
15/12/2008	2.123	8.499	15.845	23.181	1910.000
16/12/2008	11.101	8.648	15.834	23.382	2026.000
17/12/2008	0.671	9.671	14.947	24.020	2103.000
18/12/2008	1.426	8.147	15.681	22.647	1963.000
19/12/2008	0.297	7.359	15.742	21.673	1761.000
20/12/2008	0.399	7.010	16.048	21.461	1729.000
21/12/2008	0.000	6.273	15.700	20.317	2046.000
22/12/2008	0.101	7.595	16.069	22.205	2418.000
23/12/2008	0.249	8.373	16.027	23.155	2318.000
24/12/2008	0.414	8.676	15.759	23.330	2161.000
25/12/2008	7.113	9.286	15.753	24.088	1980.000
26/12/2008	3.473	8.058	15.795	22.595	1817.000
27/12/2008	0.078	8.799	15.622	23.386	1838.000
28/12/2008	0.041	9.373	15.759	24.188	1942.000
29/12/2008	1.048	8.080	15.810	22.604	1895.000
30/12/2008	1.351	8.536	15.702	23.065	1800.000
31/12/2008	0.296	9.097	15.681	23.735	1722.000
01/01/2009	0.000	9.261	16.188	24.338	1653.000
02/01/2009	0.212	8.944	16.468	24.127	1698.000
03/01/2009	1.487	9.288	16.507	24.584	1566.000
04/01/2009	2.783	9.447	15.959	24.376	1477.000
05/01/2009	1.382	9.373	15.834	24.178	1452.000
06/01/2009	7.990	8.530	16.254	23.443	1404.000
07/01/2009	3.313	8.392	16.205	23.194	1433.000
08/01/2009	2.939	7.525	15.926	21.966	1403.000
09/01/2009	2.052	8.302	15.842	22.813	1402.000
10/01/2009	0.391	8.300	15.775	22.729	1407.000
11/01/2009	0.199	8.650	16.212	23.479	1368.000
12/01/2009	0.682	8.271	16.270	23.061	1285.000
13/01/2009	7.148	8.176	16.218	22.878	1237.000
14/01/2009	5.271	8.740	15.501	23.035	1232.000
15/01/2009	2.565	8.548	15.871	23.043	1209.000
16/01/2009	2.572	8.005	15.636	22.174	1164.000
17/01/2009	6.818	6.740	16.348	21.204	1202.000
18/01/2009	4.241	9.206	15.005	23.139	1384.000
19/01/2009	10.414	6.504	16.789	21.272	1430.000
20/01/2009	16.356	7.804	16.242	22.296	1577.000
21/01/2009	1.570	8.903	15.609	23.196	1576.000
22/01/2009	6.617	8.186	16.335	22.828	1560.000
23/01/2009	26.634	7.660	16.602	22.399	1587.000
24/01/2009	1.756	8.935	16.268	23.616	1580.000
25/01/2009	1.092	8.592	15.382	22.582	1502.000
26/01/2009	0.163	9.589	15.620	23.930	1706.000
27/01/2009	0.485	9.879	15.254	23.977	1693.000
28/01/2009	0.931	9.353	15.899	23.797	1503.000
29/01/2009	5.336	8.972	15.793	23.216	1435.000
30/01/2009	19.437	7.929	16.120	22.223	1408.000
31/01/2009	13.929	8.004	16.186	22.333	1545.000
01/02/2009	8.467	8.741	15.617	22.772	1565.000
02/02/2009	1.810	9.338	15.980	23.715	1472.000
03/02/2009	3.884	10.218	15.426	24.365	1509.000
04/02/2009	1.561	9.835	15.577	24.000	1548.000
05/02/2009	0.476	10.178	15.552	24.399	1534.000
06/02/2009	1.722	9.478	16.066	23.857	1511.000
07/02/2009	3.584	9.431	15.705	23.535	1425.000
08/02/2009	4.116	8.940	16.415	23.446	1369.000
09/02/2009	4.919	9.053	15.862	23.203	1445.000
10/02/2009	2.187	8.944	16.164	23.211	1402.000
11/02/2009	0.820	9.240	16.389	23.701	1353.000
12/02/2009	22.979	8.796	16.101	22.983	1328.000
13/02/2009	5.558	8.923	16.005	23.048	1436.000
14/02/2009	12.108	7.147	16.666	21.548	1390.000
15/02/2009	2.328	9.195	15.676	23.073	1417.000
16/02/2009	7.121	8.669	16.098	22.745	1487.000
17/02/2009	1.029	9.938	15.484	23.756	1446.000
18/02/2009	0.361	10.112	15.245	23.749	1480.000
19/02/2009	3.851	9.666	15.966	23.759	1418.000
20/02/2009	10.585	9.630	15.551	23.374	1451.000
21/02/2009	9.693	8.892	15.897	22.772	1510.000
22/02/2009	4.498	8.795	16.220	22.905	1434.000
23/02/2009	4.170	9.999	15.480	23.694	1364.000
24/02/2009	3.911	9.806	15.650	23.588	1412.000
25/02/2009	2.430	9.501	16.157	23.606	1436.000
26/02/2009	1.952	10.556	15.619	24.427	1346.000
27/02/2009	2.443	9.828	15.570	23.486	1309.000
28/02/2009	4.465	10.238	15.920	24.199	1282.000
01/03/2009	6.604	8.362	16.266	22.352	1221.000
02/03/2009	7.944	8.773	16.220	22.813	1256.000
03/03/2009	2.619	8.122	16.921	22.541	1330.000
04/03/2009	2.254	9.555	16.723	23.930	1334.000
05/03/2009	4.739	10.155	16.592	24.536	1297.000
06/03/2009	4.326	9.508	16.429	23.664	1181.000
07/03/2009	13.033	8.765	16.470	22.848	1068.000
08/03/2009	0.956	10.363	16.073	24.307	1247.000
09/03/2009	7.027	10.290	15.674	23.950	1221.000
10/03/2009	1.088	10.873	16.177	24.976	1204.000
11/03/2009	0.866	10.924	16.452	25.200	1133.000
12/03/2009	2.829	10.166	16.687	24.505	1046.000
13/03/2009	1.167	9.078	16.632	23.251	1007.000
14/03/2009	0.655	10.934	16.070	24.881	999.900
15/03/2009	2.174	10.120	17.093	24.726	963.200
16/03/2009	4.024	9.681	16.438	23.758	943.100
17/03/2009	17.886	8.234	16.780	22.450	1130.000
18/03/2009	2.050	8.518	16.731	22.690	1075.000
19/03/2009	9.793	7.838	16.234	21.544	1190.000
20/03/2009	5.087	8.978	16.642	23.097	1293.000
21/03/2009	5.359	8.987	16.564	23.063	1396.000
22/03/2009	9.429	8.990	16.593	23.068	1554.000
23/03/2009	23.235	8.278	16.597	22.330	1868.000
24/03/2009	3.245	9.621	15.904	23.272	1796.000
25/03/2009	10.841	9.317	16.584	23.399	1751.000
26/03/2009	7.037	9.116	16.887	23.399	1786.000
27/03/2009	6.628	10.414	16.466	24.522	1867.000
28/03/2009	7.092	9.176	16.259	23.039	1767.000
29/03/2009	22.250	9.051	16.439	22.996	1804.000
30/03/2009	2.057	10.811	15.921	24.576	1782.000
31/03/2009	12.871	7.277	16.811	21.468	1745.000
01/04/2009	9.613	8.858	16.598	22.914	1811.000
02/04/2009	4.306	10.295	15.756	23.890	2080.000
03/04/2009	3.799	10.592	15.834	24.289	2444.000
04/04/2009	4.485	10.281	16.511	24.421	2301.000
05/04/2009	0.511	11.757	15.957	25.716	2249.000
06/04/2009	0.000	10.683	16.744	25.072	1985.000
07/04/2009	1.827	10.011	16.437	24.100	1797.000
08/04/2009	23.795	7.680	16.819	21.888	1764.000
09/04/2009	2.401	9.705	16.278	23.650	1907.000
10/04/2009	13.076	9.276	16.510	23.329	1836.000
11/04/2009	8.050	9.522	16.199	23.375	1765.000
12/04/2009	15.757	9.518	16.124	23.296	1914.000
13/04/2009	5.520	9.527	16.486	23.637	1868.000
14/04/2009	3.563	8.504	16.565	22.594	1814.000
15/04/2009	6.048	10.074	16.369	24.151	1729.000
16/04/2009	3.737	10.880	15.961	24.798	1736.000
17/04/2009	9.964	10.216	16.890	24.736	1897.000
18/04/2009	0.474	9.864	16.885	24.352	1722.000
19/04/2009	8.170	10.303	16.300	24.416	1774.000
20/04/2009	5.068	9.288	17.090	23.879	1616.000
21/04/2009	15.077	8.427	17.369	23.110	1854.000
22/04/2009	4.789	9.592	16.708	23.948	1809.000
23/04/2009	5.993	9.628	16.376	23.784	1864.000
24/04/2009	3.492	10.364	16.577	24.730	1797.000
25/04/2009	3.542	10.273	16.744	24.767	1747.000
26/04/2009	7.971	8.692	16.868	23.112	1526.000
27/04/2009	3.665	10.920	16.096	25.047	1470.000
28/04/2009	9.806	8.595	17.604	23.571	1376.000
29/04/2009	8.189	9.119	16.981	23.689	1500.000
30/04/2009	11.005	7.310	16.792	21.610	1484.000
01/05/2009	4.987	9.220	16.644	23.573	1756.000
02/05/2009	30.208	8.499	16.382	22.613	1522.000
03/05/2009	9.741	7.307	16.031	21.009	1764.000
04/05/2009	13.108	8.311	16.305	22.304	2066.000
05/05/2009	3.636	10.722	15.619	24.654	2724.000
06/05/2009	6.721	10.879	16.203	25.187	2598.000
07/05/2009	5.159	10.250	16.463	24.702	2233.000
08/05/2009	10.857	9.481	16.322	23.820	2066.000
09/05/2009	3.458	10.629	15.747	24.615	1975.000
10/05/2009	8.992	10.697	16.672	25.384	1899.000
11/05/2009	19.723	8.952	16.787	23.497	1961.000
12/05/2009	2.943	11.024	15.446	24.977	1892.000
13/05/2009	9.282	8.360	16.381	22.545	1781.000
14/05/2009	1.815	9.984	15.842	24.024	1836.000
15/05/2009	4.839	8.982	15.582	22.739	1786.000
16/05/2009	1.853	10.239	15.952	24.473	1753.000
17/05/2009	6.994	9.399	16.653	23.973	1847.000
18/05/2009	5.315	9.923	16.332	24.377	1978.000
19/05/2009	12.786	9.152	16.817	23.839	2057.000
20/05/2009	6.041	8.931	17.268	23.953	1704.000
21/05/2009	5.071	9.070	16.351	23.427	1810.000
22/05/2009	3.714	9.065	16.390	23.504	1678.000
23/05/2009	2.546	9.088	16.282	23.500	1497.000
24/05/2009	6.330	10.214	15.954	24.546	1416.000
25/05/2009	6.024	9.527	15.961	23.758	1452.000
26/05/2009	2.768	11.078	15.321	25.161	1500.000
27/05/2009	2.958	9.491	16.566	24.179	1373.000
28/05/2009	7.985	8.512	16.520	23.068	1266.000
29/05/2009	8.520	8.107	16.599	22.613	1236.000
30/05/2009	4.126	9.490	16.086	23.870	1428.000
31/05/2009	8.953	9.346	15.791	23.489	1317.000
01/06/2009	1.583	10.749	16.074	25.332	1242.000
02/06/2009	0.070	11.397	16.001	26.111	1173.000
03/06/2009	3.084	10.230	16.482	25.028	1111.000
04/06/2009	13.265	8.964	17.549	24.372	1017.000
05/06/2009	13.734	6.643	16.871	21.336	1176.000
06/06/2009	1.198	9.232	16.465	23.856	1455.000
07/06/2009	2.997	9.041	16.157	23.497	2154.000
08/06/2009	7.990	9.020	15.885	23.220	1686.000
09/06/2009	9.091	10.608	15.599	24.940	1602.000
10/06/2009	25.913	7.815	16.864	22.538	1870.000
11/06/2009	3.789	9.461	16.367	24.116	2172.000
12/06/2009	11.203	8.963	16.566	23.664	1641.000
13/06/2009	20.295	6.299	15.966	20.246	1975.000
14/06/2009	2.972	7.808	15.546	21.585	2557.000
15/06/2009	6.973	9.201	15.683	23.345	2318.000
16/06/2009	2.987	8.824	16.573	23.544	2092.000
17/06/2009	5.234	10.008	15.836	24.448	1853.000
18/06/2009	7.650	8.100	16.805	22.846	1543.000
19/06/2009	4.557	9.098	16.363	23.716	1570.000
20/06/2009	4.764	8.961	16.637	23.760	1395.000
21/06/2009	8.104	9.011	16.172	23.532	1402.000
22/06/2009	17.867	6.330	16.269	20.484	1479.000
23/06/2009	3.925	8.570	15.780	22.656	1964.000
24/06/2009	2.677	8.829	15.618	22.873	1776.000
25/06/2009	3.973	8.898	15.238	22.673	1552.000
26/06/2009	0.601	10.089	16.252	24.835	1412.000
27/06/2009	4.449	9.504	15.800	23.733	1449.000
28/06/2009	5.304	8.780	15.600	22.806	1356.000
29/06/2009	2.271	9.726	16.309	24.401	1271.000
30/06/2009	9.702	8.369	15.929	22.521	1496.000
01/07/2009	0.594	9.638	15.931	24.033	1391.000
02/07/2009	17.244	8.915	16.549	23.633	1469.000
03/07/2009	3.261	8.362	16.302	22.836	1364.000
04/07/2009	3.887	9.388	16.025	23.820	1378.000
05/07/2009	7.572	9.245	16.072	23.661	1502.000
06/07/2009	3.558	9.113	15.545	23.108	1410.000
07/07/2009	2.062	10.499	16.002	25.102	1285.000
08/07/2009	7.340	7.820	16.715	22.462	1341.000
09/07/2009	4.968	9.733	16.235	24.323	1319.000
10/07/2009	3.994	9.614	16.147	24.121	1268.000
11/07/2009	1.941	9.333	15.875	23.654	1340.000
12/07/2009	0.989	11.056	15.887	25.668	1202.000
13/07/2009	0.577	11.391	15.825	26.022	1084.000
14/07/2009	0.950	10.205	16.303	24.931	998.700
15/07/2009	2.980	10.183	16.011	24.658	1020.000
16/07/2009	0.245	10.948	16.319	25.782	964.000
17/07/2009	2.132	10.687	16.656	25.710	957.900
18/07/2009	3.533	10.029	16.694	24.903	928.500
19/07/2009	2.255	11.475	16.142	26.259	899.200
20/07/2009	13.810	8.388	17.126	23.354	1123.000
21/07/2009	2.027	9.769	16.017	24.191	1016.000
22/07/2009	5.670	8.908	16.917	23.786	1138.000
23/07/2009	3.259	10.028	16.141	24.534	1014.000
24/07/2009	2.585	9.712	16.892	24.654	1014.000
25/07/2009	2.383	10.465	16.580	25.273	1080.000
26/07/2009	0.269	10.476	16.833	25.500	899.500
27/07/2009	1.216	11.365	16.433	26.225	854.500
28/07/2009	3.208	11.312	16.940	26.504	832.700
29/07/2009	2.847	9.667	16.939	24.549	793.800
30/07/2009	4.777	9.921	16.867	24.858	832.500
31/07/2009	2.982	10.538	15.899	24.832	1167.000
01/08/2009	3.325	10.965	16.464	25.688	915.600
02/08/2009	0.476	11.459	16.532	26.331	891.200
03/08/2009	1.014	11.748	16.611	26.676	842.200
04/08/2009	5.184	10.412	17.428	25.718	935.300
05/08/2009	4.519	9.043	17.562	24.269	831.300
06/08/2009	7.428	8.491	16.811	23.058	903.800
07/08/2009	10.919	9.199	16.018	23.251	1246.000
08/08/2009	3.119	9.516	16.197	23.717	1115.000
09/08/2009	3.506	10.051	16.121	24.294	1126.000
10/08/2009	3.470	10.945	16.111	25.301	1159.000
11/08/2009	3.295	11.055	16.383	25.587	987.800
12/08/2009	5.123	11.050	16.678	25.813	974.900
13/08/2009	2.648	10.120	16.644	24.691	943.700
14/08/2009	6.750	9.919	16.458	24.343	935.900
15/08/2009	2.432	9.943	16.335	24.310	1109.000
16/08/2009	5.045	9.357	16.406	23.674	1040.000
17/08/2009	18.151	9.989	16.247	24.210	1076.000
18/08/2009	6.268	9.898	16.795	24.483	1073.000
19/08/2009	3.500	9.931	16.591	24.414	1165.000
20/08/2009	5.887	8.855	16.937	23.473	1010.000
21/08/2009	2.325	10.053	16.171	24.223	996.100
22/08/2009	5.922	9.939	16.295	24.179	1186.000
23/08/2009	7.870	10.521	16.260	24.790	1209.000
24/08/2009	7.677	9.446	17.057	24.119	1125.000
25/08/2009	3.880	10.385	16.877	25.001	1271.000
26/08/2009	4.323	9.620	17.089	24.340	1059.000
27/08/2009	1.395	11.038	16.379	25.406	932.200
28/08/2009	3.712	10.622	16.536	25.047	1032.000
29/08/2009	7.069	9.205	16.630	23.543	936.800
30/08/2009	7.101	9.136	16.561	23.403	1112.000
31/08/2009	1.909	11.261	15.669	25.126	994.400
01/09/2009	1.047	10.545	16.145	24.698	1081.000
02/09/2009	0.192	11.511	16.587	26.054	957.900
03/09/2009	2.643	10.632	16.955	25.302	870.000
04/09/2009	13.656	8.919	17.202	23.595	1082.000
05/09/2009	1.889	11.733	16.521	26.245	952.300
06/09/2009	0.075	12.586	15.952	26.856	854.500
07/09/2009	1.448	10.793	16.580	25.242	851.100
08/09/2009	2.112	11.102	16.254	25.329	799.200
09/09/2009	7.946	8.444	17.396	23.261	1005.000
10/09/2009	2.135	10.289	16.774	24.799	932.500
11/09/2009	0.055	10.887	15.892	24.877	901.000
12/09/2009	7.780	9.764	16.473	23.996	1009.000
13/09/2009	6.327	11.511	15.341	25.216	1026.000
14/09/2009	2.382	11.522	15.901	25.579	954.600
15/09/2009	17.070	9.407	16.576	23.678	1035.000
16/09/2009	7.383	8.302	16.553	22.398	1246.000
17/09/2009	2.673	8.698	16.651	22.917	1261.000
18/09/2009	5.931	10.974	16.116	25.094	1249.000
19/09/2009	2.674	11.604	16.073	25.783	1174.000
20/09/2009	6.455	11.242	15.659	25.081	1053.000
21/09/2009	2.286	10.804	17.099	25.626	989.100
22/09/2009	12.982	9.053	17.061	23.656	1064.000
23/09/2009	0.632	10.935	16.148	25.108	1100.000
24/09/2009	0.000	11.798	16.886	26.592	919.600
25/09/2009	0.088	10.690	16.482	25.076	848.500
26/09/2009	3.454	11.126	16.534	25.645	873.200
27/09/2009	2.063	10.689	16.413	25.044	806.400
28/09/2009	1.970	10.293	17.216	25.161	815.500
29/09/2009	0.983	11.354	16.534	25.891	934.900
30/09/2009	0.052	11.986	16.550	26.639	768.500
01/10/2009	8.901	10.225	16.392	24.620	712.900
02/10/2009	2.828	10.968	16.542	25.526	685.800
03/10/2009	12.186	8.972	17.110	23.665	987.900
04/10/2009	8.131	10.435	16.790	25.074	1283.000
05/10/2009	7.141	9.590	16.075	23.615	1077.000
06/10/2009	2.465	10.902	16.086	25.164	984.100
07/10/2009	12.052	9.061	17.333	23.984	967.500
08/10/2009	1.950	10.030	17.182	24.928	870.000
09/10/2009	0.536	11.335	15.742	25.473	825.600
10/10/2009	0.569	11.007	15.516	24.995	777.100
11/10/2009	23.901	8.558	16.839	23.149	877.500
12/10/2009	12.806	8.559	16.459	22.826	865.700
13/10/2009	6.968	7.690	16.758	22.106	984.000
14/10/2009	3.718	6.380	16.638	20.675	1059.000
15/10/2009	3.109	8.937	15.873	22.828	990.300
16/10/2009	0.609	11.361	15.206	25.261	1068.000
17/10/2009	3.310	10.584	15.142	24.303	953.500
18/10/2009	14.734	9.144	15.915	23.234	1050.000
19/10/2009	15.694	9.143	16.316	23.471	1006.000
20/10/2009	7.570	7.370	17.106	22.091	1229.000
21/10/2009	1.750	10.286	16.254	24.792	1285.000
22/10/2009	4.722	9.704	17.030	24.688	1199.000
23/10/2009	1.077	10.013	17.350	25.306	1080.000
24/10/2009	15.066	8.122	17.169	23.040	1276.000
25/10/2009	5.585	9.950	16.649	24.745	1438.000
26/10/2009	1.699	10.343	16.147	24.891	1246.000
27/10/2009	23.873	8.134	16.727	22.783	1128.000
01/01/2010	0.054	10.344	15.226	25.082	661.000
02/01/2010	0.000	10.134	15.547	25.056	654.200
03/01/2010	0.000	10.945	14.695	25.516	587.400
04/01/2010	0.000	10.808	14.507	25.192	574.300
05/01/2010	0.000	10.447	14.714	24.869	536.500
06/01/2010	0.000	10.446	14.375	24.629	505.500
07/01/2010	0.000	10.582	15.252	25.302	481.800
08/01/2010	0.000	9.380	17.110	25.099	441.300
09/01/2010	1.086	9.439	16.572	24.766	402.500
10/01/2010	1.070	9.328	16.735	24.729	391.500
11/01/2010	0.527	10.233	16.257	25.491	397.000
12/01/2010	0.005	10.334	15.594	25.192	402.500
13/01/2010	0.013	10.710	15.685	25.657	365.500
14/01/2010	0.041	10.737	15.434	25.539	325.100
15/01/2010	0.000	10.558	15.572	25.360	296.400
16/01/2010	0.013	10.722	16.489	26.162	282.700
17/01/2010	0.027	10.072	16.912	25.675	277.900
18/01/2010	0.000	10.615	16.346	25.891	273.500
19/01/2010	0.000	9.782	17.029	25.322	269.100
20/01/2010	0.000	11.137	16.324	26.466	296.700
21/01/2010	0.000	11.387	16.432	26.848	350.400
22/01/2010	7.334	10.037	16.335	25.120	301.200
23/01/2010	3.765	10.343	16.021	25.257	277.900
24/01/2010	2.686	9.090	17.312	24.604	264.700
25/01/2010	12.913	8.775	17.085	24.047	278.300
26/01/2010	10.169	8.737	16.687	23.695	302.600
27/01/2010	4.828	9.820	16.960	25.160	325.100
28/01/2010	4.893	9.292	16.781	24.366	301.200
29/01/2010	3.419	10.518	16.018	25.285	296.700
30/01/2010	0.259	9.929	17.142	25.357	317.300
31/01/2010	0.008	11.293	16.990	26.861	305.900
01/02/2010	0.000	12.257	16.602	27.733	296.400
02/02/2010	0.000	11.941	17.472	27.917	277.900
03/02/2010	0.000	11.603	17.613	27.588	255.800
04/02/2010	0.000	11.932	17.555	27.905	255.800
05/02/2010	5.073	10.100	17.268	25.559	242.500
06/02/2010	18.835	7.760	17.871	23.268	255.800
07/02/2010	0.117	10.526	16.175	25.205	218.100
08/02/2010	0.000	10.148	16.589	25.024	269.400
09/02/2010	1.373	8.560	17.315	23.700	269.100
10/02/2010	0.329	10.142	16.750	25.083	264.700
11/02/2010	1.427	10.214	17.488	25.659	312.800
12/02/2010	0.100	11.289	17.613	26.996	363.200
13/02/2010	0.570	10.925	16.896	26.062	329.900
14/02/2010	12.944	7.065	18.064	22.621	310.700
15/02/2010	0.123	11.230	16.697	26.201	277.900
16/02/2010	2.354	9.744	17.774	25.233	296.700
17/02/2010	0.198	10.546	17.479	25.966	264.700
18/02/2010	0.118	11.129	17.055	26.269	301.200
19/02/2010	0.004	9.319	18.220	25.065	287.900
20/02/2010	2.132	8.895	18.812	25.052	264.700
21/02/2010	3.851	9.784	18.072	25.404	265.400
22/02/2010	1.434	11.046	17.415	26.348	256.500
23/02/2010	19.154	7.333	18.149	22.818	256.500
24/02/2010	3.979	10.535	16.438	25.015	393.100
25/02/2010	15.290	9.963	16.638	24.503	500.700
26/02/2010	4.240	7.983	17.017	22.569	469.900
27/02/2010	0.057	10.678	16.468	25.202	481.600
28/02/2010	0.318	11.440	16.658	26.139	442.700
01/03/2010	0.293	11.003	17.428	26.168	355.200
02/03/2010	5.543	9.165	17.676	24.292	310.700
03/03/2010	6.222	8.595	17.252	23.356	368.700
04/03/2010	1.841	11.217	16.182	25.487	325.400
05/03/2010	1.502	10.437	17.860	25.847	517.500
06/03/2010	3.779	10.084	17.930	25.471	497.700
07/03/2010	8.418	10.665	17.618	25.854	470.100
08/03/2010	2.326	10.174	17.693	25.375	628.200
09/03/2010	3.987	10.471	17.680	25.619	583.600
10/03/2010	4.578	10.836	17.893	26.185	557.100
11/03/2010	11.037	10.317	17.418	25.289	419.000
12/03/2010	0.290	11.470	16.800	26.097	460.600
13/03/2010	0.537	10.757	17.587	25.843	408.000
14/03/2010	3.378	11.129	17.311	26.085	423.200
15/03/2010	0.644	12.177	16.308	26.549	392.200
16/03/2010	4.828	10.935	17.195	25.714	445.800
17/03/2010	10.505	7.340	17.770	22.378	387.100
18/03/2010	4.291	9.193	17.178	23.798	386.400
19/03/2010	4.337	10.914	17.408	25.806	668.300
20/03/2010	3.031	11.009	17.273	25.820	587.400
21/03/2010	2.268	11.181	17.752	26.392	563.000
22/03/2010	3.244	12.053	16.165	26.242	483.900
23/03/2010	0.832	12.461	16.733	27.076	458.500
24/03/2010	0.188	11.715	17.959	27.105	408.000
25/03/2010	0.213	12.185	16.513	26.687	301.200
26/03/2010	4.000	9.637	17.514	24.466	269.100
27/03/2010	1.961	11.303	17.403	26.249	274.900
28/03/2010	2.956	10.368	17.540	25.278	277.900
29/03/2010	12.036	10.202	17.009	24.767	363.700
30/03/2010	8.004	8.177	18.146	23.415	454.400
31/03/2010	3.537	9.814	17.606	24.761	425.900
01/04/2010	6.855	11.117	17.077	25.815	409.800
02/04/2010	8.384	11.065	17.428	26.027	452.000
03/04/2010	15.269	9.050	17.911	24.140	509.700
04/04/2010	16.959	9.263	17.910	24.423	792.800
05/04/2010	8.661	10.038	17.489	24.899	717.100
06/04/2010	16.783	7.459	17.492	22.150	751.500
07/04/2010	5.564	9.944	17.055	24.452	972.300
08/04/2010	17.491	9.534	17.049	23.991	932.100
09/04/2010	9.876	8.763	18.100	24.006	1183.000
10/04/2010	6.613	10.042	17.520	24.928	1175.000
11/04/2010	19.706	7.786	17.497	22.522	1095.000
12/04/2010	5.957	10.070	16.384	24.159	1366.000
13/04/2010	7.974	8.685	17.045	23.087	1577.000
14/04/2010	10.348	9.734	17.416	24.553	1547.000
15/04/2010	3.005	9.145	17.136	23.683	1442.000
16/04/2010	2.301	8.878	17.280	23.560	1365.000
17/04/2010	6.139	10.854	16.651	25.251	1418.000
18/04/2010	1.200	11.647	16.587	26.130	1241.000
19/04/2010	17.078	6.977	17.732	21.920	1080.000
20/04/2010	1.876	11.205	16.309	25.470	987.100
21/04/2010	5.701	11.491	17.460	26.611	1339.000
22/04/2010	1.691	11.368	17.856	26.751	1121.000
23/04/2010	0.382	11.374	17.480	26.520	896.600
24/04/2010	5.517	9.788	18.191	25.293	805.600
25/04/2010	5.197	8.646	18.888	24.668	774.400
26/04/2010	15.615	7.959	17.649	22.959	977.000
27/04/2010	5.659	9.645	17.835	24.915	955.600
28/04/2010	22.782	7.683	17.903	22.871	1104.000
29/04/2010	8.470	7.992	17.348	22.772	1230.000
01/05/2010	4.279	8.457	17.284	23.287	1473.000
02/05/2010	18.953	9.144	17.473	24.195	1342.000
03/05/2010	21.301	7.408	17.271	22.114	1438.000
04/05/2010	3.793	8.514	16.937	23.012	1617.000
05/05/2010	7.823	9.673	16.853	24.278	2031.000
06/05/2010	9.755	9.302	17.077	24.028	2347.000
07/05/2010	0.986	10.485	16.981	25.348	2308.000
08/05/2010	3.276	10.170	17.765	25.528	2064.000
09/05/2010	5.850	10.512	17.619	25.850	2410.000
10/05/2010	5.988	8.859	18.757	24.904	2043.000
11/05/2010	6.894	10.135	17.577	25.415	1843.000
12/05/2010	14.286	8.498	17.787	23.786	1776.000
13/05/2010	4.781	10.640	17.607	26.046	1981.000
14/05/2010	5.190	10.866	17.657	26.356	1821.000
15/05/2010	4.519	10.272	17.910	25.903	1769.000
16/05/2010	5.598	10.099	18.088	25.835	1732.000
17/05/2010	5.969	10.442	17.472	25.820	1390.000
18/05/2010	7.298	9.695	18.479	25.728	1331.000
19/05/2010	12.274	10.010	17.448	25.283	1210.000
20/05/2010	11.691	8.751	18.066	24.434	1411.000
21/05/2010	19.038	7.494	17.707	22.746	1340.000
22/05/2010	7.611	8.755	16.909	23.504	1531.000
23/05/2010	8.263	8.285	17.768	23.675	1626.000
24/05/2010	9.183	9.301	17.388	24.543	1520.000
25/05/2010	3.041	10.046	17.299	25.313	1586.000
26/05/2010	6.437	6.592	17.707	21.827	1637.000
27/05/2010	11.878	6.323	17.299	21.266	1667.000
28/05/2010	0.914	10.424	15.955	24.829	1832.000
29/05/2010	3.780	10.379	16.841	25.453	1604.000
30/05/2010	6.756	9.201	17.712	24.695	1554.000
31/05/2010	18.301	7.914	17.569	23.182	1439.000
01/06/2010	8.862	9.142	16.980	24.134	1450.000
02/06/2010	11.073	8.140	16.672	22.747	1679.000
03/06/2010	11.811	8.153	16.509	22.621	1788.000
04/06/2010	2.159	9.049	16.379	23.614	1866.000
05/06/2010	3.345	10.887	16.370	25.741	1657.000
06/06/2010	1.619	9.933	16.827	24.945	1409.000
07/06/2010	6.962	9.558	16.663	24.456	1421.000
08/06/2010	3.633	9.423	16.306	24.037	1596.000
09/06/2010	8.350	8.634	16.739	23.420	1429.000
10/06/2010	2.443	8.302	16.747	23.047	1379.000
11/06/2010	7.567	9.910	15.653	24.089	1401.000
12/06/2010	5.970	9.312	16.817	24.302	1190.000
13/06/2010	9.094	9.050	16.062	23.476	1274.000
14/06/2010	9.306	8.572	15.826	22.721	1459.000
15/06/2010	2.227	8.057	16.477	22.595	1511.000
16/06/2010	7.106	7.023	17.050	21.867	1866.000
17/06/2010	10.041	9.702	16.390	24.453	1994.000
18/06/2010	4.703	8.629	16.959	23.604	1971.000
19/06/2010	11.425	7.546	16.973	22.405	1700.000
20/06/2010	29.217	5.883	16.357	20.050	1759.000
21/06/2010	1.840	9.099	15.135	22.810	2298.000
22/06/2010	7.080	9.086	15.696	23.176	2576.000
23/06/2010	1.587	9.267	16.954	24.373	2525.000
24/06/2010	17.736	9.267	16.600	24.112	2784.000
25/06/2010	3.653	9.084	17.133	24.284	2924.000
26/06/2010	8.799	9.324	16.804	24.310	2363.000
27/06/2010	13.251	7.498	17.193	22.569	2521.000
28/06/2010	2.977	9.170	16.192	23.671	2612.000
29/06/2010	5.165	9.778	16.631	24.708	2383.000
01/07/2010	1.948	8.718	16.168	23.145	1813.000
02/07/2010	14.335	8.589	16.120	22.934	1665.000
03/07/2010	2.721	9.262	16.443	23.972	1791.000
04/07/2010	19.641	7.668	16.772	22.332	1868.000
05/07/2010	13.694	8.307	16.637	23.022	2343.000
06/07/2010	16.467	8.338	16.837	23.159	2307.000
07/07/2010	9.028	7.883	16.824	22.586	2465.000
08/07/2010	2.738	8.402	16.542	22.965	2504.000
09/07/2010	9.625	9.071	16.899	24.063	2338.000
10/07/2010	9.680	9.445	17.249	24.727	2287.000
11/07/2010	23.038	6.515	16.916	21.189	2695.000
12/07/2010	2.208	8.443	15.891	22.566	2708.000
13/07/2010	8.927	8.857	16.588	23.523	2916.000
14/07/2010	6.084	8.478	16.932	23.355	2837.000
15/07/2010	23.066	5.437	16.771	19.980	3038.000
16/07/2010	15.441	5.951	16.269	20.058	3506.000
17/07/2010	4.575	9.053	16.181	23.382	3816.000
18/07/2010	14.917	8.511	16.850	23.241	3965.000
19/07/2010	0.777	10.212	16.475	24.981	3592.000
20/07/2010	7.701	9.394	15.952	23.668	3631.000
21/07/2010	7.001	9.636	15.983	23.982	3825.000
22/07/2010	0.307	10.552	15.703	24.821	3743.000
23/07/2010	6.691	9.808	15.697	23.893	3177.000
24/07/2010	2.120	9.359	16.683	24.065	3042.000
25/07/2010	3.678	10.103	16.222	24.613	2580.000
26/07/2010	16.119	8.340	16.588	22.818	2656.000
27/07/2010	12.370	8.395	16.718	22.955	2470.000
28/07/2010	8.698	9.155	16.231	23.482	2517.000
29/07/2010	2.374	8.952	16.455	23.398	2578.000
30/07/2010	4.193	8.932	16.133	23.110	2620.000
31/07/2010	18.002	7.678	16.899	22.312	2572.000
01/08/2010	6.594	8.145	16.404	22.402	3054.000
02/08/2010	8.875	9.550	16.113	23.792	3226.000
03/08/2010	8.183	7.458	16.883	22.000	2669.000
04/08/2010	6.563	10.164	16.111	24.447	2360.000
05/08/2010	2.906	10.574	16.042	24.863	2541.000
06/08/2010	6.771	10.031	16.740	24.773	2881.000
07/08/2010	2.173	9.594	15.950	23.669	2738.000
08/08/2010	2.371	8.990	17.116	23.843	2627.000
09/08/2010	8.532	9.915	16.742	24.651	2879.000
10/08/2010	1.655	9.590	16.199	23.842	3014.000
11/08/2010	3.564	10.015	16.376	24.437	2473.000
12/08/2010	7.589	9.063	16.201	23.249	2177.000
13/08/2010	7.154	9.483	16.253	23.689	2267.000
14/08/2010	1.113	9.413	15.443	22.984	2308.000
15/08/2010	3.713	10.556	15.879	24.607	2308.000
16/08/2010	7.477	10.205	15.865	24.225	2433.000
17/08/2010	2.275	10.258	15.435	23.975	2352.000
18/08/2010	9.872	9.103	15.778	22.868	2184.000
19/08/2010	5.087	8.577	16.385	22.722	2208.000
20/08/2010	8.114	9.689	15.960	23.625	2064.000
21/08/2010	1.029	10.080	15.663	23.844	2037.000
22/08/2010	9.271	10.166	16.361	24.471	2246.000
23/08/2010	0.554	10.229	16.494	24.652	2308.000
24/08/2010	8.278	9.947	16.094	23.996	2495.000
25/08/2010	6.965	9.265	16.884	23.787	2327.000
26/08/2010	15.545	8.272	17.101	22.866	2304.000
27/08/2010	5.952	9.434	15.985	23.295	2547.000
28/08/2010	16.614	9.176	16.294	23.221	2336.000
29/08/2010	9.278	8.765	16.945	23.274	3187.000
30/08/2010	0.270	11.248	15.792	25.221	2713.000
31/08/2010	18.394	7.947	16.854	22.301	2473.000
01/09/2010	11.555	8.700	16.549	22.906	2497.000
02/09/2010	21.767	7.646	16.666	21.802	2866.000
03/09/2010	2.024	8.826	16.304	22.820	2983.000
04/09/2010	4.433	9.525	16.275	23.579	2747.000
05/09/2010	11.656	9.887	15.673	23.550	3222.000
06/09/2010	8.032	8.439	16.501	22.500	3134.000
07/09/2010	14.094	7.930	16.277	21.807	3149.000
08/09/2010	4.293	8.636	16.148	22.482	3235.000
09/09/2010	4.242	9.970	16.415	24.134	3136.000
10/09/2010	4.913	10.363	16.307	24.539	2893.000
11/09/2010	3.034	10.059	16.696	24.445	2858.000
12/09/2010	10.015	10.108	16.577	24.438	3062.000
13/09/2010	4.933	9.660	16.874	24.127	2692.000
14/09/2010	4.635	10.959	15.845	24.860	2442.000
15/09/2010	2.131	10.557	15.565	24.227	2451.000
16/09/2010	10.096	9.515	16.515	23.765	2364.000
17/09/2010	4.512	9.082	16.234	23.096	2342.000
18/09/2010	4.645	9.877	16.346	24.042	2155.000
19/09/2010	5.882	9.272	16.233	23.258	2286.000
20/09/2010	18.098	7.543	15.840	21.025	2799.000
21/09/2010	4.910	9.496	15.840	23.181	3291.000
22/09/2010	9.372	8.146	17.042	22.657	3118.000
23/09/2010	12.558	8.046	16.550	22.133	3168.000
24/09/2010	13.138	9.131	16.234	23.143	3026.000
25/09/2010	5.224	8.466	16.673	22.707	3006.000
26/09/2010	7.883	9.486	15.927	23.292	3074.000
27/09/2010	19.554	7.731	16.401	21.737	3523.000
28/09/2010	1.107	9.655	16.688	24.068	4717.000
29/09/2010	4.727	10.585	16.735	25.153	4013.000
01/10/2010	3.171	10.419	15.888	24.440	2966.000
02/10/2010	16.155	8.046	16.360	22.066	3038.000
03/10/2010	1.956	9.744	15.826	23.570	2689.000
04/10/2010	26.129	7.208	16.642	21.389	2512.000
05/10/2010	11.703	9.422	16.105	23.475	3185.000
06/10/2010	10.037	7.712	16.992	22.213	3452.000
07/10/2010	7.293	10.503	16.527	25.000	3438.000
08/10/2010	6.755	9.663	16.655	24.146	3531.000
09/10/2010	1.820	9.729	16.449	24.087	3866.000
10/10/2010	1.447	10.874	16.440	25.429	3594.000
11/10/2010	1.278	10.600	16.484	25.158	3044.000
12/10/2010	1.891	10.956	16.189	25.424	2593.000
13/10/2010	3.777	10.573	16.367	25.095	2601.000
14/10/2010	2.667	9.358	16.721	23.999	2388.000
15/10/2010	14.782	8.007	16.196	22.073	2227.000
16/10/2010	8.981	8.479	16.250	22.618	2214.000
17/10/2010	5.155	7.555	16.767	22.029	2124.000
18/10/2010	11.518	8.365	16.007	22.351	2159.000
19/10/2010	11.442	9.136	16.124	23.315	2070.000
20/10/2010	12.264	7.928	16.118	21.936	1877.000
21/10/2010	1.127	9.536	15.732	23.510	2120.000
22/10/2010	8.044	8.223	16.371	22.513	2129.000
23/10/2010	16.365	8.305	16.032	22.385	2002.000
24/10/2010	10.593	9.000	16.217	23.317	2368.000
26/10/2010	5.558	8.915	16.190	23.241	2453.000
27/10/2010	9.181	7.687	17.134	22.611	2505.000
28/10/2010	7.862	8.319	16.651	22.917	2443.000
29/10/2010	9.421	8.275	16.041	22.428	2474.000
30/10/2010	18.246	8.026	16.762	22.684	2598.000
31/10/2010	23.802	9.344	16.677	24.184	2742.000
01/11/2010	20.756	7.114	16.881	21.828	2991.000
02/11/2010	11.524	8.529	16.587	23.205	3451.000
03/11/2010	23.364	7.178	16.635	21.706	3777.000
04/11/2010	9.886	9.340	16.473	24.118	4243.000
05/11/2010	5.037	9.381	16.668	24.328	4277.000
06/11/2010	48.841	6.333	16.943	21.075	3991.000
07/11/2010	2.874	7.020	16.470	21.498	3859.000
08/11/2010	2.672	7.642	16.192	21.970	3965.000
09/11/2010	2.167	8.307	15.957	22.591	3872.000
10/11/2010	4.595	8.424	15.987	22.781	3845.000
11/11/2010	10.181	7.167	16.250	21.539	3857.000
12/11/2010	5.490	7.912	15.654	21.986	3894.000
13/11/2010	19.395	7.088	16.242	21.434	3939.000
14/11/2010	37.131	7.379	16.042	21.632	4440.000
15/11/2010	11.272	7.191	15.893	21.321	5066.000
16/11/2010	4.580	7.944	16.385	22.589	5415.000
17/11/2010	41.457	6.282	16.263	20.592	5497.000
18/11/2010	5.065	7.896	15.854	22.162	5564.000
19/11/2010	4.018	7.843	15.962	22.199	5923.000
20/11/2010	10.379	8.820	15.449	23.032	5372.000
21/11/2010	3.587	8.147	15.880	22.542	5088.000
22/11/2010	10.929	8.534	15.734	22.903	5459.000
23/11/2010	11.436	7.785	16.244	22.393	5727.000
24/11/2010	10.656	7.282	16.384	21.909	5426.000
25/11/2010	8.050	8.715	15.957	23.346	4853.000
26/11/2010	0.800	8.242	16.295	23.045	4458.000
27/11/2010	9.010	7.665	16.419	22.432	4330.000
28/11/2010	20.676	7.109	16.402	21.793	4238.000
29/11/2010	16.426	8.547	16.567	23.652	4323.000
01/12/2010	8.891	7.279	17.166	22.604	4415.000
02/12/2010	4.536	6.450	16.690	21.274	4311.000
03/12/2010	21.257	6.031	16.494	20.640	4625.000
04/12/2010	32.286	5.687	16.331	20.127	5256.000
05/12/2010	5.468	8.478	15.731	22.980	5412.000
06/12/2010	1.229	9.171	15.986	24.084	5395.000
07/12/2010	4.607	7.510	16.686	22.563	4839.000
08/12/2010	4.857	7.648	16.282	22.435	4197.000
09/12/2010	9.278	8.395	16.173	23.286	3982.000
10/12/2010	4.429	7.664	16.071	22.295	3896.000
11/12/2010	4.683	8.166	16.766	23.423	3897.000
12/12/2010	4.986	7.903	16.866	23.194	3559.000
13/12/2010	23.745	6.566	17.111	21.823	3196.000
14/12/2010	8.630	8.405	16.099	23.261	3614.000
15/12/2010	22.601	6.461	16.283	21.053	3743.000
16/12/2010	15.707	7.530	16.207	22.248	4225.000
17/12/2010	7.985	8.468	15.794	23.119	4686.000
18/12/2010	14.448	6.742	16.512	21.562	4304.000
19/12/2010	7.068	8.359	15.264	22.561	3997.000
20/12/2010	0.822	7.200	15.854	21.580	3948.000
21/12/2010	0.000	8.189	15.236	22.326	3892.000
22/12/2010	0.024	8.111	15.784	22.644	3426.000
23/12/2010	1.566	7.676	16.139	22.372	3081.000
24/12/2010	4.399	8.238	16.019	22.976	2887.000
25/12/2010	1.653	9.147	15.329	23.612	2778.000
26/12/2010	11.889	7.342	15.859	21.759	2728.000
27/12/2010	4.444	8.283	16.106	23.102	3225.000
28/12/2010	1.380	9.009	15.471	23.526	2864.000
29/12/2010	2.349	9.389	16.416	24.690	2709.000
30/12/2010	1.192	9.318	16.165	24.419	2501.000
01/01/2011	0.000	9.654	15.776	24.536	2170.000
02/01/2011	0.289	9.398	15.604	24.081	2023.000
03/01/2011	5.129	7.870	16.170	22.572	1981.000
04/01/2011	5.465	7.135	15.718	21.308	1879.000
05/01/2011	2.005	8.688	15.964	23.397	1766.000
06/01/2011	1.054	9.401	15.459	23.929	1966.000
07/01/2011	7.479	7.514	15.713	21.774	1755.000
08/01/2011	1.874	8.607	15.828	23.172	1663.000
09/01/2011	8.853	8.169	16.590	23.168	1652.000
10/01/2011	10.997	8.769	16.011	23.504	1597.000
11/01/2011	1.365	9.943	16.059	24.967	1496.000
12/01/2011	4.500	9.530	16.337	24.664	1412.000
13/01/2011	7.096	8.588	16.434	23.540	1350.000
14/01/2011	0.493	9.035	16.217	23.923	1278.000
15/01/2011	0.275	10.235	15.187	24.678	1227.000
16/01/2011	1.875	8.682	16.070	23.356	1104.000
17/01/2011	3.677	9.467	16.745	24.781	1101.000
18/01/2011	1.209	10.011	15.527	24.557	1048.000
19/01/2011	0.704	9.456	16.431	24.543	978.600
20/01/2011	0.379	9.979	15.884	24.722	935.800
21/01/2011	0.438	8.954	16.122	23.597	900.100
22/01/2011	0.756	9.708	16.175	24.559	859.900
23/01/2011	0.050	10.284	16.043	25.151	823.600
24/01/2011	0.256	9.724	15.397	24.025	779.200
25/01/2011	0.452	10.395	14.734	24.349	751.800
26/01/2011	3.262	9.531	15.649	23.909	716.500
27/01/2011	11.248	9.115	15.911	23.522	737.000
28/01/2011	13.967	9.149	16.089	23.701	765.500
29/01/2011	2.254	9.849	15.643	24.199	675.800
30/01/2011	0.732	10.176	15.479	24.464	647.300
31/01/2011	0.627	9.937	15.749	24.345	619.700
01/02/2011	0.605	9.656	16.009	24.145	604.000
02/02/2011	0.134	10.285	16.662	25.374	622.600
03/02/2011	0.360	10.913	15.463	25.262	576.500
04/02/2011	3.147	9.771	16.533	24.606	535.200
05/02/2011	4.436	9.433	16.776	24.361	523.900
06/02/2011	9.855	9.261	16.726	24.088	521.000
07/02/2011	11.973	5.935	16.810	20.448	520.500
08/02/2011	1.651	8.415	16.152	22.606	700.100
09/02/2011	4.458	8.447	16.742	23.079	791.700
10/02/2011	7.363	8.952	16.298	23.317	815.000
11/02/2011	6.206	8.726	16.296	23.032	874.800
12/02/2011	3.045	9.041	16.799	23.748	829.300
13/02/2011	11.315	7.944	17.367	22.948	821.000
14/02/2011	19.687	9.519	15.920	23.624	795.800
15/02/2011	4.746	9.394	16.246	23.701	1013.000
16/02/2011	21.807	7.292	16.799	21.761	1152.000
17/02/2011	15.389	7.792	16.884	22.333	1303.000
18/02/2011	4.987	9.231	16.195	23.416	1610.000
19/02/2011	1.857	9.388	16.478	23.774	1484.000
20/02/2011	1.587	10.246	16.338	24.643	1442.000
21/02/2011	0.000	9.977	15.777	23.914	1378.000
22/02/2011	1.753	9.967	15.998	24.028	1275.000
23/02/2011	10.167	8.312	16.900	22.827	1185.000
24/02/2011	8.896	6.538	16.829	20.901	1141.000
25/02/2011	8.635	10.267	15.759	24.173	1411.000
26/02/2011	2.171	11.052	15.360	24.800	1457.000
27/02/2011	17.106	8.956	16.171	22.932	1390.000
28/02/2011	4.753	9.490	15.855	23.337	1354.000
01/03/2011	27.288	7.673	16.643	21.859	1441.000
02/03/2011	0.180	7.520	16.513	21.602	1727.000
03/03/2011	0.609	9.035	16.265	23.059	2004.000
04/03/2011	0.370	10.091	16.100	24.083	2001.000
05/03/2011	1.621	9.119	16.089	22.943	1944.000
06/03/2011	0.314	7.851	16.080	21.558	1807.000
07/03/2011	0.226	10.352	15.582	23.960	1871.000
08/03/2011	5.973	8.849	16.754	23.153	1805.000
09/03/2011	20.874	8.083	16.653	22.257	1825.000
10/03/2011	17.504	7.860	16.055	21.523	1971.000
11/03/2011	1.369	9.682	15.225	22.939	2190.000
12/03/2011	0.300	9.841	16.170	23.757	1879.000
13/03/2011	0.142	10.510	16.137	24.470	1646.000
14/03/2011	0.009	10.797	15.799	24.558	1522.000
15/03/2011	0.182	10.406	16.264	24.430	1448.000
16/03/2011	0.066	10.111	16.761	24.457	1370.000
17/03/2011	1.779	10.378	16.357	24.468	1333.000
18/03/2011	1.347	9.827	16.864	24.201	1306.000
19/03/2011	9.622	9.516	16.815	23.828	1294.000
20/03/2011	23.474	7.395	16.702	21.488	1599.000
21/03/2011	16.561	8.164	16.509	22.116	1669.000
22/03/2011	4.590	8.812	16.323	22.673	1633.000
23/03/2011	2.329	9.327	16.563	23.391	1702.000
24/03/2011	5.693	10.453	16.610	24.683	1929.000
25/03/2011	20.144	10.202	16.494	24.304	1986.000
26/03/2011	2.223	9.416	16.816	23.680	1974.000
27/03/2011	5.601	10.982	16.647	25.327	1940.000
28/03/2011	13.819	9.550	17.101	24.050	1607.000
29/03/2011	4.892	10.338	16.377	24.419	1540.000
30/03/2011	2.992	10.824	16.032	24.707	1484.000
31/03/2011	4.909	11.088	16.501	25.326	1334.000
01/04/2011	3.901	11.119	16.491	25.351	1255.000
02/04/2011	13.108	10.465	16.825	24.841	1268.000
03/04/2011	4.647	10.058	16.221	24.026	1359.000
04/04/2011	8.335	9.601	16.846	23.932	1232.000
05/04/2011	9.727	9.089	16.792	23.359	1176.000
06/04/2011	5.654	8.798	16.723	22.965	1317.000
07/04/2011	7.134	9.461	16.599	23.614	1678.000
08/04/2011	12.638	10.767	16.395	24.907	1760.000
09/04/2011	25.749	8.366	16.326	22.199	2307.000
10/04/2011	23.045	7.657	16.102	21.259	2345.000
11/04/2011	4.046	8.957	16.510	23.029	2906.000
12/04/2011	20.065	8.907	16.314	22.766	3279.000
13/04/2011	12.171	9.272	16.237	23.132	3475.000
14/04/2011	9.761	10.172	16.177	24.116	3706.000
15/04/2011	17.102	7.279	16.957	21.557	3355.000
16/04/2011	12.717	8.058	16.206	21.854	3342.000
17/04/2011	15.993	8.677	16.530	22.703	3750.000
18/04/2011	11.246	8.464	16.101	22.204	3835.000
19/04/2011	15.593	8.938	16.199	22.805	3722.000
20/04/2011	10.187	7.920	16.662	22.043	3811.000
21/04/2011	3.248	8.901	16.550	23.030	4214.000
22/04/2011	5.671	8.666	16.512	22.726	4782.000
23/04/2011	10.684	9.422	16.271	23.407	4834.000
24/04/2011	10.337	10.151	16.381	24.351	4801.000
25/04/2011	15.656	8.272	17.003	22.724	4410.000
26/04/2011	7.681	10.331	16.532	24.708	4232.000
27/04/2011	16.780	9.923	16.206	23.988	4063.000
28/04/2011	18.728	9.173	16.534	23.445	4014.000
29/04/2011	2.277	10.657	16.741	25.229	4166.000
30/04/2011	8.661	10.891	16.902	25.683	4009.000
01/05/2011	6.450	9.588	17.378	24.522	3689.000
02/05/2011	2.998	10.230	16.923	24.914	3285.000
03/05/2011	11.124	6.883	17.583	21.799	3038.000
04/05/2011	4.784	9.537	17.057	24.246	2745.000
05/05/2011	5.169	9.324	17.298	24.224	2766.000
06/05/2011	3.198	10.741	16.992	25.609	2566.000
07/05/2011	6.017	10.062	17.574	25.271	2656.000
08/05/2011	3.601	9.203	17.652	24.433	2402.000
09/05/2011	10.951	9.514	17.849	24.918	2529.000
10/05/2011	5.425	10.387	17.329	25.536	2215.000
11/05/2011	19.796	8.602	17.863	23.940	2176.000
12/05/2011	7.815	8.545	17.631	23.754	2102.000
13/05/2011	16.899	6.266	17.588	21.346	2068.000
14/05/2011	17.419	6.912	16.851	21.342	2388.000
15/05/2011	3.484	9.553	16.384	23.942	3481.000
16/05/2011	10.465	7.814	17.082	22.574	3334.000
17/05/2011	6.874	9.188	16.505	23.679	3073.000
18/05/2011	4.402	9.494	16.160	23.812	2991.000
19/05/2011	4.837	8.110	16.410	22.314	2721.000
20/05/2011	0.613	9.736	15.977	23.953	2332.000
21/05/2011	7.683	8.885	16.695	23.486	2074.000
22/05/2011	15.462	8.269	16.569	22.697	2177.000
23/05/2011	3.768	9.352	16.456	23.891	2364.000
24/05/2011	4.231	9.052	16.791	23.810	2048.000
25/05/2011	11.952	9.296	16.892	24.194	2138.000
26/05/2011	6.911	8.868	16.790	23.561	2410.000
27/05/2011	5.026	10.176	16.418	24.827	2283.000
28/05/2011	5.432	8.105	16.986	22.918	2312.000
29/05/2011	4.792	8.850	16.770	23.566	2593.000
30/05/2011	3.612	9.438	17.089	24.486	2730.000
31/05/2011	8.706	8.528	17.609	23.932	2638.000
01/06/2011	8.493	7.863	17.293	22.944	2504.000
02/06/2011	17.305	6.919	16.846	21.532	3163.000
03/06/2011	16.384	7.825	16.859	22.494	4044.000
04/06/2011	9.290	6.952	17.125	21.756	3551.000
05/06/2011	5.832	9.412	16.792	24.304	3531.000
06/06/2011	3.832	9.246	16.991	24.298	2972.000
07/06/2011	10.473	8.246	17.109	23.242	2855.000
08/06/2011	0.270	9.801	16.454	24.596	2481.000
09/06/2011	0.086	9.888	17.807	25.653	2014.000
10/06/2011	2.047	9.795	17.362	25.227	1878.000
11/06/2011	2.189	9.875	17.119	25.121	1755.000
12/06/2011	0.538	10.295	17.565	25.971	1604.000
13/06/2011	1.084	10.385	17.068	25.717	1455.000
14/06/2011	7.033	8.326	17.632	23.731	1476.000
15/06/2011	2.530	8.902	16.618	23.654	1323.000
16/06/2011	9.456	8.740	16.432	23.345	1296.000
17/06/2011	9.369	8.661	16.932	23.648	1633.000
18/06/2011	2.661	8.227	16.870	23.054	1394.000
19/06/2011	4.841	8.123	17.229	23.295	1590.000
20/06/2011	2.150	9.453	16.085	23.952	1348.000
21/06/2011	1.965	10.440	15.967	25.037	1310.000
22/06/2011	1.905	9.414	16.405	24.152	1261.000
23/06/2011	12.265	7.873	16.784	22.610	1285.000
24/06/2011	9.947	9.039	16.657	23.902	1365.000
25/06/2011	16.658	6.966	16.429	21.325	1994.000
26/06/2011	9.603	8.988	16.315	23.536	2147.000
27/06/2011	8.331	8.308	16.955	23.255	2432.000
28/06/2011	0.300	10.905	15.006	24.961	2051.000
29/06/2011	4.159	9.597	15.899	24.035	1678.000
30/06/2011	10.821	8.317	16.548	22.970	1611.000
01/07/2011	11.469	9.849	15.744	24.141	1545.000
02/07/2011	1.864	8.534	16.624	23.243	1547.000
03/07/2011	4.320	10.306	15.827	24.811	1451.000
04/07/2011	7.372	8.364	16.803	23.220	1344.000
05/07/2011	1.701	10.300	16.066	24.973	1314.000
06/07/2011	7.311	8.655	16.388	23.193	1463.000
07/07/2011	4.022	8.960	16.369	23.506	1247.000
08/07/2011	0.024	11.434	15.600	25.948	1141.000
09/07/2011	1.567	9.347	16.993	24.429	1207.000
10/07/2011	4.254	9.711	17.026	24.864	1175.000
11/07/2011	2.541	9.973	16.650	24.904	1137.000
12/07/2011	8.257	9.093	17.004	24.169	1344.000
13/07/2011	16.283	7.933	16.304	22.242	1814.000
14/07/2011	9.048	8.007	15.786	21.980	2246.000
15/07/2011	16.015	8.017	15.920	22.012	2108.000
16/07/2011	2.719	9.779	15.999	24.133	2041.000
17/07/2011	4.404	9.131	16.529	23.777	1653.000
18/07/2011	6.561	9.545	16.133	23.988	1588.000
19/07/2011	2.137	10.073	16.730	24.975	1609.000
20/07/2011	2.682	10.572	16.792	25.635	1382.000
21/07/2011	2.810	9.772	16.749	24.635	1181.000
22/07/2011	0.872	10.718	16.872	25.820	1193.000
23/07/2011	3.074	10.428	17.029	25.574	1189.000
24/07/2011	4.405	10.109	16.961	25.145	1144.000
25/07/2011	0.641	9.834	17.349	25.096	1250.000
26/07/2011	7.372	10.184	16.606	24.971	1181.000
27/07/2011	2.731	9.378	17.240	24.503	1400.000
28/07/2011	27.927	8.096	16.654	22.584	1460.000
29/07/2011	13.204	7.717	16.133	21.721	1752.000
30/07/2011	9.970	7.433	16.655	21.836	1847.000
31/07/2011	7.187	9.911	15.426	23.708	1946.000
01/08/2011	3.067	10.213	15.365	24.052	1636.000
02/08/2011	3.089	10.385	16.430	24.986	1541.000
03/08/2011	9.661	9.194	16.728	23.808	1744.000
04/08/2011	4.328	10.398	16.073	24.680	1564.000
05/08/2011	3.634	11.241	17.098	26.393	1352.000
06/08/2011	0.312	11.893	15.665	26.198	1178.000
07/08/2011	3.635	10.697	16.190	25.117	1220.000
08/08/2011	0.120	11.640	16.129	26.173	1049.000
09/08/2011	5.373	10.691	16.203	25.107	997.900
10/08/2011	1.354	11.358	15.996	25.723	972.400
11/08/2011	4.566	10.211	16.640	24.858	1155.000
12/08/2011	8.265	8.639	16.108	22.679	1181.000
13/08/2011	1.723	9.824	16.290	24.096	1061.000
14/08/2011	4.794	10.235	15.806	24.210	1142.000
15/08/2011	9.101	8.864	16.569	23.211	1240.000
16/08/2011	5.944	9.444	16.137	23.574	1279.000
17/08/2011	3.841	10.287	15.663	24.142	1128.000
18/08/2011	6.136	10.512	16.453	24.959	1046.000
19/08/2011	11.241	10.136	15.793	24.063	1219.000
20/08/2011	1.803	9.377	16.374	23.583	1152.000
21/08/2011	2.859	10.300	15.674	24.146	1030.000
22/08/2011	6.741	9.859	16.249	24.018	1005.000
23/08/2011	7.106	9.601	16.624	24.002	1127.000
24/08/2011	12.611	8.648	16.335	22.674	1171.000
25/08/2011	2.750	10.745	15.839	24.747	1165.000
26/08/2011	2.162	11.396	16.462	25.879	980.000
27/08/2011	2.723	10.207	16.231	24.348	967.800
28/08/2011	11.560	9.940	16.181	24.024	1101.000
29/08/2011	5.275	9.761	16.452	24.014	1218.000
30/08/2011	0.591	12.213	15.876	26.394	1013.000
31/08/2011	0.152	10.653	17.267	25.574	859.400
01/09/2011	3.184	11.519	15.887	25.588	792.000
02/09/2011	1.477	11.264	15.387	24.991	698.600
03/09/2011	1.836	9.435	15.741	23.092	753.000
04/09/2011	0.000	10.356	15.275	23.799	666.300
05/09/2011	0.000	12.030	15.244	25.738	632.500
06/09/2011	0.900	10.589	15.588	24.276	604.800
07/09/2011	7.496	10.126	16.155	24.136	763.700
08/09/2011	10.747	7.875	16.036	21.650	675.000
09/09/2011	16.258	8.967	15.966	22.674	835.300
10/09/2011	8.840	10.190	15.977	24.064	898.600
11/09/2011	12.742	9.282	16.474	23.393	1082.000
12/09/2011	2.442	9.169	17.003	23.682	1151.000
13/09/2011	3.033	11.089	16.316	25.371	1099.000
14/09/2011	2.538	11.974	15.221	25.610	913.900
15/09/2011	4.907	10.574	15.934	24.504	987.000
16/09/2011	9.504	9.377	15.643	22.949	978.500
17/09/2011	2.442	9.247	16.229	23.205	919.400
18/09/2011	10.513	7.935	16.302	21.876	1020.000
19/09/2011	7.557	10.042	16.027	23.937	1252.000
20/09/2011	12.418	8.998	16.688	23.303	1740.000
21/09/2011	1.689	9.961	15.765	23.682	1728.000
22/09/2011	6.009	10.924	16.243	25.159	1301.000
23/09/2011	10.181	10.543	16.145	24.677	1259.000
24/09/2011	13.923	10.300	16.866	24.903	1158.000
25/09/2011	3.749	9.610	16.937	24.183	1072.000
26/09/2011	6.970	9.530	17.186	24.278	1656.000
27/09/2011	0.065	11.472	15.719	25.445	1223.000
28/09/2011	1.699	10.170	16.772	24.713	1096.000
29/09/2011	7.304	10.666	15.568	24.462	1222.000
30/09/2011	2.426	10.614	16.252	24.867	974.100
01/10/2011	12.923	9.422	16.583	23.775	930.500
02/10/2011	8.037	8.862	16.739	23.277	873.800
03/10/2011	9.128	8.339	16.564	22.591	1038.000
04/10/2011	14.292	6.592	16.684	20.800	1021.000
05/10/2011	9.201	8.630	16.103	22.542	1137.000
06/10/2011	11.212	8.722	17.031	23.329	1385.000
07/10/2011	10.623	9.813	17.051	24.603	1609.000
08/10/2011	21.897	8.020	17.195	22.703	1846.000
09/10/2011	5.210	9.648	16.550	24.061	1700.000
10/10/2011	17.230	7.944	16.793	22.371	1858.000
11/10/2011	6.914	8.717	16.681	23.155	2073.000
12/10/2011	17.528	8.668	16.766	23.147	1881.000
13/10/2011	11.128	9.170	16.162	23.297	2579.000
14/10/2011	8.651	7.642	16.822	22.129	2597.000
15/10/2011	26.800	8.152	15.945	21.982	2326.000
16/10/2011	14.551	8.224	15.766	21.958	2618.000
17/10/2011	8.221	7.238	15.881	20.932	2920.000
18/10/2011	21.688	8.063	15.243	21.383	3474.000
19/10/2011	4.565	9.592	15.160	23.168	3950.000
20/10/2011	4.989	8.754	15.765	22.608	3760.000
21/10/2011	2.989	9.884	14.858	23.300	3171.000
22/10/2011	0.015	10.558	15.172	24.356	2632.000
23/10/2011	2.111	9.528	15.654	23.504	2317.000
24/10/2011	5.072	9.089	15.902	23.196	1959.000
25/10/2011	4.487	9.488	15.590	23.447	1783.000
26/10/2011	1.220	9.476	16.571	24.170	1664.000
27/10/2011	3.165	10.271	16.161	24.844	1648.000
28/10/2011	24.579	7.208	16.753	21.792	1766.000
29/10/2011	6.516	8.173	16.281	22.515	1856.000
30/10/2011	23.600	6.562	16.351	20.766	2178.000
31/10/2011	1.151	9.929	15.089	23.742	2323.000
01/11/2011	0.685	10.350	15.753	24.766	2029.000
02/11/2011	0.317	10.175	15.902	24.716	1693.000
03/11/2011	19.241	8.561	16.527	23.221	1500.000
04/11/2011	5.284	8.130	17.465	23.443	1409.000
05/11/2011	5.260	9.313	16.145	23.853	1371.000
06/11/2011	16.235	7.352	17.203	22.406	1531.000
07/11/2011	12.117	9.351	16.968	24.552	1614.000
08/11/2011	12.538	6.462	16.994	21.307	1449.000
09/11/2011	7.718	8.402	16.518	23.118	1679.000
10/11/2011	10.173	8.441	16.598	23.286	1934.000
11/11/2011	15.099	8.217	16.249	22.746	1710.000
12/11/2011	16.968	6.616	16.227	20.891	2172.000
13/11/2011	13.484	7.855	15.801	21.997	2594.000
14/11/2011	9.624	9.125	16.065	23.735	3395.000
15/11/2011	10.751	9.137	16.187	23.864	3276.000
16/11/2011	14.498	7.646	16.497	22.334	2894.000
17/11/2011	15.811	8.676	16.079	23.292	3058.000
18/11/2011	8.105	7.816	16.260	22.398	3066.000
19/11/2011	5.370	8.235	16.286	22.914	3495.000
20/11/2011	6.756	8.081	16.118	22.610	3744.000
21/11/2011	13.148	8.754	15.904	23.295	3666.000
22/11/2011	9.693	8.046	15.995	22.518	3836.000
23/11/2011	6.037	8.946	15.962	23.584	4028.000
24/11/2011	11.568	7.464	16.310	22.058	4278.000
25/11/2011	3.123	8.931	15.985	23.637	4301.000
26/11/2011	5.922	8.703	16.622	23.853	3791.000
27/11/2011	16.246	7.769	16.692	22.771	3751.000
28/11/2011	12.354	7.834	16.342	22.596	3755.000
29/11/2011	18.721	6.677	16.435	21.303	3486.000
30/11/2011	2.142	7.196	16.264	21.860	3281.000
01/12/2011	15.564	6.910	16.674	21.827	3082.000
02/12/2011	0.740	7.729	16.715	22.802	3155.000
03/12/2011	2.967	7.617	16.609	22.589	2895.000
04/12/2011	11.392	7.137	16.455	21.898	2984.000
05/12/2011	19.967	7.049	16.729	22.024	3100.000
06/12/2011	5.373	6.974	16.588	21.817	3313.000
07/12/2011	12.119	6.940	16.355	21.609	3628.000
08/12/2011	8.326	7.223	16.356	21.960	3764.000
09/12/2011	0.809	8.853	16.142	23.815	4193.000
10/12/2011	13.996	8.559	16.572	23.787	3983.000
11/12/2011	18.471	8.396	16.489	23.518	3665.000
12/12/2011	21.347	7.501	16.401	22.332	3785.000
13/12/2011	9.066	7.144	16.733	22.189	3828.000
14/12/2011	8.176	6.384	16.782	21.371	3969.000
15/12/2011	3.014	7.010	16.716	22.022	4259.000
16/12/2011	2.879	6.408	16.721	21.326	4786.000
17/12/2011	1.311	7.941	16.422	22.902	5281.000
18/12/2011	14.399	7.760	16.765	22.935	5558.000
19/12/2011	20.312	5.725	16.981	20.753	5093.000
20/12/2011	1.917	8.284	16.395	23.316	5143.000
21/12/2011	0.015	8.685	17.049	24.302	5105.000
22/12/2011	0.000	9.936	16.185	25.256	4437.000
23/12/2011	0.640	9.050	16.394	24.352	3833.000
24/12/2011	12.282	8.116	16.901	23.510	3460.000
25/12/2011	4.119	9.253	16.342	24.510	3413.000
26/12/2011	6.641	8.615	16.495	23.789	3079.000
27/12/2011	0.000	8.906	16.375	24.061	2874.000
28/12/2011	2.538	8.460	17.227	24.132	2850.000
29/12/2011	0.609	8.890	16.463	24.100	2570.000
30/12/2011	15.179	8.977	16.658	24.340	2543.000
31/12/2011	1.257	9.448	16.568	24.885	2413.000
01/01/2012	0.000	10.784	15.765	25.989	2197.000
02/01/2012	23.428	7.668	16.805	22.885	1994.000
03/01/2012	10.575	7.559	17.112	22.906	1928.000
04/01/2012	12.037	7.992	16.744	23.133	1895.000
05/01/2012	3.216	5.400	17.216	20.559	1898.000
06/01/2012	0.682	8.162	16.605	23.211	1917.000
07/01/2012	0.015	8.279	16.426	23.222	1995.000
08/01/2012	0.012	8.515	16.675	23.695	1910.000
09/01/2012	4.692	9.123	16.688	24.419	1754.000
10/01/2012	0.991	9.411	16.553	24.695	1655.000
11/01/2012	1.653	9.105	16.750	24.432	1561.000
12/01/2012	1.572	8.844	16.720	24.075	1546.000
13/01/2012	8.486	8.640	17.288	24.239	1507.000
14/01/2012	0.864	8.372	16.996	23.700	1389.000
15/01/2012	3.168	8.832	16.582	23.930	1353.000
16/01/2012	1.857	9.453	15.747	24.039	1338.000
17/01/2012	6.941	8.784	16.113	23.445	1248.000
18/01/2012	17.902	8.331	16.308	23.024	1219.000
19/01/2012	11.852	8.148	16.246	22.730	1339.000
20/01/2012	13.318	8.464	16.455	23.261	1363.000
21/01/2012	14.700	7.776	16.613	22.569	1315.000
22/01/2012	8.229	7.231	16.904	22.138	1333.000
23/01/2012	10.171	8.354	16.067	22.820	1416.000
24/01/2012	7.295	6.765	16.573	21.367	1556.000
25/01/2012	0.035	9.480	15.780	23.917	1749.000
26/01/2012	0.000	9.214	15.696	23.512	1924.000
27/01/2012	0.000	8.319	16.697	23.158	1781.000
28/01/2012	0.016	8.971	16.450	23.743	1695.000
29/01/2012	5.539	9.414	16.092	23.996	1624.000
30/01/2012	7.305	8.457	16.451	23.088	1597.000
31/01/2012	0.855	9.300	15.833	23.619	1652.000
01/02/2012	0.010	9.495	16.256	24.122	1737.000
02/02/2012	0.641	9.544	16.398	24.287	1832.000
03/02/2012	1.068	9.638	16.033	24.094	1709.000
04/02/2012	0.103	9.779	16.936	24.905	1823.000
05/02/2012	4.736	8.741	16.572	23.377	1574.000
06/02/2012	7.992	7.374	16.849	22.022	1533.000
07/02/2012	2.360	9.819	16.149	24.320	1515.000
08/02/2012	19.915	6.819	16.619	21.232	1454.000
09/02/2012	10.508	9.646	15.480	23.606	1469.000
10/02/2012	3.454	8.757	16.402	23.224	1444.000
11/02/2012	4.985	9.113	16.688	23.810	1457.000
12/02/2012	2.832	9.513	16.382	24.012	1389.000
13/02/2012	0.286	10.506	15.853	24.801	1428.000
14/02/2012	0.147	10.629	15.416	24.599	1372.000
15/02/2012	0.284	11.034	14.858	24.689	1251.000
16/02/2012	0.115	10.157	15.493	24.028	1176.000
17/02/2012	0.038	9.690	16.331	24.049	1120.000
18/02/2012	0.309	9.717	15.641	23.575	1098.000
19/02/2012	0.764	10.230	14.563	23.401	1135.000
20/02/2012	0.589	10.933	14.442	24.157	1118.000
21/02/2012	0.149	10.928	15.159	24.634	1102.000
22/02/2012	2.249	10.298	14.849	23.622	1056.000
23/02/2012	0.062	10.718	15.156	24.302	1016.000
24/02/2012	1.779	10.322	16.063	24.485	984.600
25/02/2012	7.079	9.156	16.056	23.121	955.200
26/02/2012	6.126	9.567	16.269	23.730	968.700
27/02/2012	3.922	10.729	15.506	24.486	1048.000
28/02/2012	9.658	9.139	16.117	23.082	948.400
29/02/2012	4.756	9.330	15.754	23.008	1008.000
01/03/2012	3.565	10.648	15.978	24.654	1011.000
02/03/2012	1.387	10.063	15.835	23.856	989.100
03/03/2012	1.693	10.221	16.640	24.601	957.000
04/03/2012	6.548	10.487	16.952	25.148	950.800
05/03/2012	6.847	9.305	16.494	23.491	992.600
06/03/2012	7.053	9.594	16.527	23.835	1001.000
07/03/2012	2.135	10.673	15.988	24.624	948.400
08/03/2012	0.614	10.683	16.267	24.789	943.400
09/03/2012	6.451	9.846	16.742	24.181	885.300
10/03/2012	11.388	8.818	16.307	22.684	893.700
11/03/2012	0.046	10.230	16.400	24.331	918.600
12/03/2012	3.160	10.447	16.517	24.672	833.700
13/03/2012	11.854	10.764	16.648	25.093	849.200
14/03/2012	7.156	9.701	16.545	23.852	923.400
15/03/2012	0.376	11.119	16.392	25.320	833.300
16/03/2012	9.156	9.538	16.955	23.946	857.500
17/03/2012	7.993	8.913	16.596	22.988	791.700
18/03/2012	2.952	10.726	16.276	24.792	849.100
19/03/2012	18.866	7.560	16.856	21.759	879.600
20/03/2012	3.075	8.899	16.482	22.897	1033.000
21/03/2012	5.197	9.647	16.405	23.656	1060.000
22/03/2012	15.501	7.934	16.345	21.721	1206.000
23/03/2012	5.630	10.588	16.113	24.488	1219.000
24/03/2012	13.939	9.205	16.507	23.219	1340.000
25/03/2012	3.556	9.878	16.730	24.132	1148.000
26/03/2012	7.146	7.542	16.903	21.801	1189.000
27/03/2012	1.499	10.658	16.164	24.580	1189.000
28/03/2012	4.046	10.268	16.826	24.629	1191.000
29/03/2012	0.469	11.015	16.531	25.246	1117.000
30/03/2012	13.813	9.208	17.589	24.024	1089.000
31/03/2012	0.469	10.343	17.619	25.315	1151.000
01/04/2012	10.306	9.333	17.209	23.916	769.100
02/04/2012	1.337	10.850	16.510	25.064	719.000
03/04/2012	9.022	10.194	16.613	24.435	728.400
04/04/2012	9.119	9.739	16.559	23.865	726.400
05/04/2012	14.561	7.810	16.571	21.841	786.500
06/04/2012	8.437	9.580	15.886	23.209	815.600
07/04/2012	26.497	7.287	16.692	21.336	853.800
08/04/2012	9.406	7.639	16.652	21.678	1344.000
09/04/2012	3.605	9.126	16.466	23.143	1270.000
10/04/2012	9.773	9.402	16.569	23.521	1197.000
11/04/2012	4.816	8.866	16.310	22.753	1206.000
12/04/2012	24.496	7.075	16.540	21.004	1172.000
13/04/2012	3.069	10.316	15.586	23.836	1309.000
14/04/2012	9.614	9.346	16.017	23.077	1584.000
15/04/2012	4.237	10.283	15.940	24.123	1546.000
16/04/2012	18.166	9.385	16.469	23.474	1453.000
17/04/2012	11.681	8.098	16.751	22.301	1434.000
18/04/2012	11.059	8.823	16.438	22.828	1351.000
19/04/2012	11.415	8.946	16.560	23.052	1304.000
20/04/2012	9.576	9.504	16.054	23.344	1511.000
21/04/2012	13.653	8.937	16.355	22.919	1604.000
22/04/2012	7.755	9.084	16.764	23.384	1740.000
23/04/2012	2.185	10.632	16.130	24.717	1643.000
24/04/2012	14.114	9.740	16.301	23.852	1724.000
25/04/2012	1.654	11.381	15.554	25.184	1818.000
26/04/2012	11.344	8.963	16.834	23.381	1935.000
27/04/2012	7.886	10.058	16.850	24.698	1693.000
28/04/2012	19.964	7.599	16.624	21.758	1808.000
29/04/2012	6.183	9.327	16.985	23.917	1802.000
30/04/2012	6.758	9.464	16.666	23.872	1672.000
01/05/2012	15.082	8.544	16.484	22.704	1580.000
02/05/2012	4.111	9.062	16.289	23.165	2022.000
03/05/2012	8.045	10.586	16.511	25.065	2025.000
04/05/2012	13.869	8.609	16.538	22.925	1909.000
05/05/2012	13.060	8.956	16.472	23.222	1897.000
06/05/2012	8.009	9.161	16.659	23.595	2109.000
07/05/2012	18.578	7.374	16.856	21.805	2289.000
08/05/2012	6.120	10.675	15.526	24.524	2503.000
09/05/2012	6.100	8.453	16.844	23.028	2401.000
10/05/2012	3.028	10.434	15.699	24.452	2140.000
11/05/2012	6.667	8.945	16.667	23.440	2022.000
12/05/2012	4.059	9.402	16.834	24.079	1825.000
13/05/2012	7.564	8.401	17.025	23.104	2072.000
14/05/2012	7.465	8.590	16.661	23.054	1981.000
15/05/2012	1.226	10.805	16.277	25.347	1678.000
16/05/2012	1.008	10.133	16.804	24.959	1451.000
17/05/2012	4.453	9.968	16.851	24.787	1373.000
18/05/2012	10.039	9.483	16.759	24.252	1296.000
19/05/2012	9.464	7.421	17.075	22.118	1241.000
20/05/2012	5.259	8.128	16.600	22.637	1421.000
21/05/2012	0.227	9.887	16.361	24.406	1338.000
22/05/2012	11.127	8.602	16.796	23.284	1340.000
23/05/2012	8.175	10.010	16.476	24.680	1475.000
24/05/2012	5.056	9.360	17.104	24.394	1345.000
25/05/2012	6.782	9.296	16.071	23.620	1272.000
26/05/2012	2.726	10.211	15.747	24.423	1191.000
27/05/2012	3.981	11.077	15.716	25.449	1188.000
28/05/2012	4.135	9.637	16.545	24.327	1273.000
29/05/2012	0.266	9.719	16.950	24.774	1042.000
30/05/2012	3.217	9.180	16.880	24.093	931.300
31/05/2012	1.584	10.180	16.164	24.754	851.300
01/06/2012	3.404	9.113	16.710	23.901	789.300
02/06/2012	0.092	10.272	16.404	25.032	750.000
03/06/2012	6.910	9.465	16.245	23.948	788.300
04/06/2012	2.493	10.443	16.145	25.109	740.100
05/06/2012	5.352	9.733	16.768	24.718	751.100
06/06/2012	0.483	11.022	15.655	25.469	728.100
07/06/2012	2.060	10.650	16.593	25.654	698.700
08/06/2012	7.225	8.907	17.018	23.945	636.200
09/06/2012	1.633	10.354	16.291	25.123	615.300
10/06/2012	1.842	10.466	16.765	25.562	570.000
11/06/2012	8.624	8.602	17.161	23.725	658.500
12/06/2012	7.461	8.421	16.190	22.818	705.700
13/06/2012	7.954	8.703	15.970	22.969	719.300
14/06/2012	1.860	9.354	16.091	23.857	696.000
15/06/2012	6.389	9.339	15.891	23.641	672.000
16/06/2012	14.040	7.645	16.142	21.830	740.400
17/06/2012	1.744	10.071	15.221	24.060	834.300
18/06/2012	5.678	10.121	16.293	24.919	699.400
19/06/2012	5.916	10.525	16.575	25.574	663.700
20/06/2012	1.497	10.122	16.140	24.798	788.000
21/06/2012	7.295	8.344	16.017	22.594	773.200
22/06/2012	0.198	11.008	14.776	24.932	777.000
23/06/2012	3.728	9.879	14.823	23.562	649.400
24/06/2012	4.478	9.525	15.832	23.937	630.900
25/06/2012	0.975	8.639	15.735	22.713	584.600
26/06/2012	7.184	8.307	15.729	22.357	619.600
27/06/2012	4.729	10.596	14.873	24.488	659.200
28/06/2012	2.825	9.624	15.842	23.956	608.500
29/06/2012	2.048	9.195	15.623	23.305	553.000
30/06/2012	6.812	8.818	15.662	22.853	576.400
01/07/2012	6.535	10.030	15.588	24.209	668.900
02/07/2012	0.359	10.863	15.825	25.435	700.100
03/07/2012	6.922	9.623	15.557	23.752	615.400
04/07/2012	1.515	9.698	16.163	24.293	572.900
05/07/2012	5.603	9.125	16.492	23.836	582.300
06/07/2012	5.393	9.982	15.779	24.341	794.400
07/07/2012	0.565	9.926	16.652	24.895	671.900
08/07/2012	1.858	10.514	16.705	25.578	627.000
09/07/2012	1.434	9.896	16.786	24.945	553.800
10/07/2012	2.810	10.007	16.090	24.552	563.200
11/07/2012	6.370	8.023	17.136	23.041	550.800
12/07/2012	6.976	8.964	16.254	23.439	531.000
13/07/2012	6.972	7.385	16.589	21.837	603.900
14/07/2012	2.605	9.293	15.450	23.145	685.900
15/07/2012	4.262	9.434	15.427	23.293	670.800
16/07/2012	2.249	11.059	15.596	25.403	655.200
17/07/2012	0.892	10.367	16.220	24.988	593.900
18/07/2012	6.083	10.745	16.974	25.960	698.100
19/07/2012	0.766	10.750	16.352	25.503	583.000
20/07/2012	9.247	9.429	16.541	24.152	624.600
21/07/2012	0.998	10.731	15.453	24.917	593.700
22/07/2012	0.171	10.903	16.056	25.432	523.100
23/07/2012	3.070	10.151	16.138	24.611	514.900
24/07/2012	4.224	9.733	16.267	24.190	572.900
25/07/2012	0.593	11.868	15.491	26.195	508.000
26/07/2012	0.011	11.419	15.988	25.986	467.900
27/07/2012	5.899	10.587	16.319	25.176	449.200
28/07/2012	7.195	9.227	17.330	24.343	538.900
29/07/2012	2.758	9.228	16.523	23.817	574.100
30/07/2012	5.747	7.760	16.788	22.320	620.300
31/07/2012	2.855	10.097	16.077	24.425	582.700
01/08/2012	2.242	10.442	15.787	24.573	552.900
02/08/2012	9.313	10.686	15.395	24.648	651.800
03/08/2012	1.911	9.320	15.962	23.471	647.800
04/08/2012	6.207	9.504	16.496	23.982	677.300
05/08/2012	9.510	9.359	16.277	23.672	730.400
06/08/2012	3.126	11.028	15.318	24.966	838.000
07/08/2012	0.475	10.198	16.158	24.603	766.700
08/08/2012	4.276	10.391	16.493	25.043	680.200
09/08/2012	6.241	10.385	16.202	24.737	772.900
10/08/2012	0.923	10.553	16.328	24.999	629.000
11/08/2012	7.663	9.410	16.628	23.919	630.500
12/08/2012	7.873	9.517	16.311	23.799	681.100
13/08/2012	8.221	7.476	16.462	21.579	681.200
14/08/2012	10.303	8.875	16.389	23.050	876.700
15/08/2012	2.357	10.381	16.158	24.617	942.000
16/08/2012	3.784	10.196	15.968	24.276	810.000
17/08/2012	10.235	8.145	16.252	22.177	793.000
18/08/2012	12.141	9.895	15.936	23.853	966.800
19/08/2012	3.898	10.626	15.682	24.494	946.300
20/08/2012	6.219	10.481	15.133	23.950	1124.000
21/08/2012	4.292	9.672	16.537	24.037	1039.000
22/08/2012	2.993	9.586	16.258	23.711	983.400
23/08/2012	8.305	9.837	16.199	23.966	908.400
24/08/2012	4.337	8.922	16.451	23.159	1003.000
25/08/2012	6.927	9.750	15.960	23.616	875.300
26/08/2012	2.462	10.252	16.294	24.493	817.100
27/08/2012	0.585	9.667	16.794	24.135	780.000
28/08/2012	0.729	11.548	15.997	25.696	685.900
29/08/2012	4.571	10.659	16.540	25.042	628.300
30/08/2012	3.052	10.765	16.198	24.928	584.400
31/08/2012	0.862	10.233	15.806	24.064	618.700
01/09/2012	1.583	10.468	15.238	23.905	584.600
02/09/2012	2.217	10.899	15.309	24.464	663.300
03/09/2012	3.797	10.984	15.679	24.807	694.000
04/09/2012	2.882	9.617	16.169	23.613	740.100
05/09/2012	3.589	9.861	15.939	23.711	769.900
06/09/2012	0.943	11.469	15.382	25.123	774.000
07/09/2012	3.395	11.836	15.915	25.956	689.400
08/09/2012	2.969	11.170	15.805	25.140	650.000
09/09/2012	4.446	11.909	16.149	26.168	782.200
10/09/2012	3.710	11.109	15.866	25.067	679.000
11/09/2012	0.924	10.519	15.800	24.343	701.400
12/09/2012	3.439	9.534	16.543	23.794	592.300
13/09/2012	3.636	10.027	16.631	24.357	666.000
14/09/2012	1.330	11.531	15.267	25.154	638.200
15/09/2012	0.354	11.974	15.305	25.683	532.900
16/09/2012	2.388	11.381	15.377	25.051	519.700
17/09/2012	9.095	8.962	16.475	23.118	581.700
18/09/2012	5.022	10.621	15.911	24.532	653.400
19/09/2012	4.270	12.083	15.031	25.651	592.000
20/09/2012	2.380	9.151	16.495	23.330	524.600
21/09/2012	3.792	11.276	15.940	25.335	538.300
22/09/2012	5.784	9.158	16.521	23.368	495.300
23/09/2012	7.021	8.627	16.335	22.657	514.600
24/09/2012	6.936	8.838	15.717	22.443	631.800
25/09/2012	5.357	8.718	16.510	22.861	567.400
26/09/2012	0.898	10.624	16.020	24.652	554.800
27/09/2012	3.857	10.549	15.749	24.397	586.900
28/09/2012	6.542	9.321	16.170	23.350	616.100
29/09/2012	3.898	10.606	15.685	24.446	584.400
30/09/2012	12.206	8.940	17.216	23.710	597.700
01/10/2012	7.604	9.922	16.084	23.971	577.800
02/10/2012	9.558	9.816	15.884	23.731	590.200
03/10/2012	3.719	11.421	14.832	24.884	520.100
04/10/2012	6.277	9.322	16.016	23.309	522.000
05/10/2012	12.849	8.663	16.589	22.971	620.000
06/10/2012	8.244	8.197	16.952	22.684	690.700
07/10/2012	8.923	8.627	17.044	23.255	705.800
08/10/2012	3.127	8.370	16.851	22.893	719.700
09/10/2012	1.037	10.239	15.917	24.344	694.600
10/10/2012	10.121	10.846	15.189	24.565	651.800
11/10/2012	4.163	9.786	15.844	23.790	592.700
12/10/2012	5.296	9.871	16.001	23.981	586.800
13/10/2012	19.299	9.059	16.733	23.585	605.300
14/10/2012	12.341	7.174	16.811	21.605	713.500
15/10/2012	13.888	9.497	16.233	23.761	794.300
16/10/2012	21.427	5.858	16.943	20.392	885.400
17/10/2012	3.196	8.406	16.364	22.634	858.700
18/10/2012	20.379	6.527	16.602	20.783	1041.000
19/10/2012	11.869	8.399	16.074	22.430	1021.000
20/10/2012	6.940	10.268	16.032	24.612	1027.000
21/10/2012	4.472	10.526	15.983	24.896	1250.000
22/10/2012	15.523	7.199	16.824	21.797	1304.000
23/10/2012	4.303	10.173	15.642	24.292	1145.000
24/10/2012	10.029	7.515	17.141	22.384	1154.000
25/10/2012	12.258	9.458	15.837	23.593	1132.000
26/10/2012	7.800	9.011	15.700	23.017	1235.000
27/10/2012	0.429	9.970	16.382	24.701	1044.000
28/10/2012	0.226	10.497	15.843	24.976	923.200
29/10/2012	5.469	9.326	16.135	23.846	948.300
30/10/2012	10.524	7.736	16.318	22.081	854.700
31/10/2012	6.539	8.817	16.291	23.303	890.100
01/11/2012	4.022	9.913	15.771	24.245	828.400
02/11/2012	8.918	8.951	16.039	23.341	1033.000
03/11/2012	11.931	9.454	16.235	24.119	799.500
04/11/2012	5.114	9.206	16.340	23.871	933.300
05/11/2012	11.191	8.371	16.463	23.036	964.900
06/11/2012	0.451	9.090	15.976	23.548	957.900
07/11/2012	1.686	9.944	15.256	24.083	861.400
08/11/2012	2.165	9.555	16.129	24.239	867.700
09/11/2012	12.323	8.643	16.635	23.552	788.100
10/11/2012	10.828	9.778	15.758	24.296	797.100
11/11/2012	38.123	7.918	16.015	22.241	792.100
12/11/2012	9.903	7.983	15.558	22.027	822.500
13/11/2012	5.303	8.075	16.609	22.896	969.600
14/11/2012	5.692	7.377	16.851	22.285	854.700
15/11/2012	9.963	6.090	16.870	20.889	834.000
16/11/2012	3.082	8.401	16.629	23.344	1115.000
17/11/2012	4.055	7.513	16.897	22.517	1210.000
18/11/2012	6.648	6.552	16.818	21.376	1244.000
19/11/2012	0.347	9.251	16.004	23.961	1240.000
20/11/2012	8.281	8.693	16.946	24.011	1083.000
21/11/2012	15.316	7.638	16.809	22.702	975.000
22/11/2012	5.449	8.050	16.133	22.645	918.400
23/11/2012	2.882	8.511	16.909	23.778	1011.000
24/11/2012	0.443	9.525	16.652	24.876	902.000
25/11/2012	1.928	9.612	16.568	24.959	810.900
26/11/2012	2.017	8.961	15.984	23.739	750.900
27/11/2012	4.955	9.002	16.356	24.090	844.300
28/11/2012	3.128	8.200	16.776	23.420	709.600
29/11/2012	5.960	7.570	17.299	23.047	670.900
30/11/2012	7.551	7.035	16.767	22.018	734.600
01/12/2012	4.023	7.737	16.731	22.822	909.000
02/12/2012	6.644	7.771	16.816	22.927	964.100
03/12/2012	13.175	8.999	16.071	23.909	952.500
04/12/2012	4.974	8.548	16.088	23.361	907.500
05/12/2012	4.088	7.877	16.548	22.888	814.900
06/12/2012	1.994	8.941	16.285	24.019	865.000
07/12/2012	0.395	9.185	16.356	24.374	847.800
08/12/2012	0.962	9.134	16.794	24.647	803.800
09/12/2012	0.796	9.605	16.409	24.983	775.200
10/12/2012	0.230	9.915	16.069	25.142	731.300
11/12/2012	3.137	9.237	15.775	24.101	695.500
12/12/2012	9.652	8.779	16.375	23.942	625.300
13/12/2012	17.505	7.082	16.166	21.726	640.800
14/12/2012	3.353	6.865	16.250	21.506	602.100
15/12/2012	3.456	8.380	16.587	23.551	693.700
16/12/2012	4.208	8.756	16.302	23.817	801.400
17/12/2012	4.397	7.683	16.202	22.430	784.800
18/12/2012	0.315	7.412	16.527	22.339	794.700
19/12/2012	0.310	8.615	15.683	23.228	795.400
20/12/2012	0.579	9.428	15.444	24.100	861.800
21/12/2012	2.033	8.587	16.202	23.588	808.400
22/12/2012	2.624	9.291	15.650	24.063	779.800
23/12/2012	4.707	7.881	16.585	22.943	900.900
24/12/2012	22.667	7.919	16.047	22.614	836.000
25/12/2012	3.579	8.783	15.942	23.581	707.700
26/12/2012	6.133	9.105	16.346	24.293	669.800
27/12/2012	1.878	8.701	17.007	24.280	657.000
28/12/2012	0.346	9.561	16.311	24.835	608.900
29/12/2012	2.445	9.680	16.103	24.862	617.000
30/12/2012	0.320	9.152	16.056	24.154	547.500
31/12/2012	0.040	10.243	14.953	24.731	513.000
01/01/2013	0.696	10.034	15.601	24.927	482.400
02/01/2013	0.003	10.582	15.246	25.363	449.300
03/01/2013	0.587	10.007	15.606	24.879	436.200
04/01/2013	1.880	9.807	16.168	25.002	405.800
05/01/2013	0.037	10.343	16.151	25.663	391.300
06/01/2013	0.020	10.554	15.636	25.541	369.900
07/01/2013	0.692	10.451	15.662	25.447	350.100
08/01/2013	0.000	11.659	15.151	26.605	324.400
09/01/2013	0.000	11.022	15.131	25.779	309.300
10/01/2013	0.071	10.493	16.668	26.154	291.200
11/01/2013	0.176	10.839	15.830	26.001	278.600
12/01/2013	14.933	8.547	16.429	23.573	259.500
13/01/2013	12.313	7.665	17.269	23.029	250.600
14/01/2013	1.382	8.457	17.245	23.931	240.700
15/01/2013	1.419	8.649	16.627	23.736	235.700
16/01/2013	0.524	8.919	17.068	24.342	233.600
17/01/2013	2.570	8.007	17.659	23.679	263.300
18/01/2013	0.000	7.585	17.466	23.040	277.200
19/01/2013	0.000	9.680	15.620	24.183	264.800
20/01/2013	0.000	9.415	16.442	24.441	274.200
21/01/2013	0.010	9.491	17.279	25.136	251.600
22/01/2013	0.000	9.251	17.247	24.800	243.600
23/01/2013	0.277	8.455	17.241	23.812	256.200
24/01/2013	14.673	8.071	17.502	23.551	299.200
25/01/2013	4.772	8.060	17.663	23.657	303.700
26/01/2013	0.259	9.975	16.619	25.104	266.200
27/01/2013	0.587	10.890	16.319	25.997	299.600
28/01/2013	0.087	10.033	17.136	25.504	283.300
29/01/2013	0.000	11.213	15.973	26.122	292.500
30/01/2013	0.037	10.233	16.949	25.585	284.100
31/01/2013	0.560	9.714	17.026	24.976	275.000
01/02/2013	0.743	7.934	17.335	23.139	284.100
02/02/2013	2.804	5.685	17.047	20.537	298.500
03/02/2013	0.915	9.272	16.489	23.985	388.400
04/02/2013	9.507	8.869	16.797	23.739	394.000
05/02/2013	32.846	7.812	16.707	22.439	513.400
06/02/2013	6.232	8.604	16.741	23.342	514.900
07/02/2013	4.464	8.861	16.911	23.776	489.100
08/02/2013	9.230	7.610	17.426	22.744	727.300
09/02/2013	18.040	7.627	17.067	22.450	804.900
10/02/2013	10.494	7.099	16.665	21.559	890.400
11/02/2013	10.084	8.811	16.447	23.250	721.100
12/02/2013	2.913	6.682	16.513	20.991	836.900
13/02/2013	0.281	9.497	15.692	23.455	890.900
14/02/2013	2.920	8.522	15.975	22.514	901.800
15/02/2013	0.620	9.307	16.122	23.515	792.400
16/02/2013	0.880	9.910	15.879	24.005	737.500
17/02/2013	3.839	7.265	16.192	21.266	821.700
18/02/2013	0.187	9.233	16.114	23.366	718.100
19/02/2013	0.023	10.424	16.125	24.762	673.200
20/02/2013	4.194	10.208	16.525	24.746	697.000
21/02/2013	9.882	8.912	17.157	23.742	657.000
22/02/2013	0.554	10.232	16.420	24.648	632.700
23/02/2013	0.971	9.752	16.788	24.386	634.700
24/02/2013	4.107	8.224	17.326	23.088	736.900
25/02/2013	0.146	10.730	16.415	25.158	584.400
26/02/2013	3.234	10.153	16.696	24.712	561.400
27/02/2013	1.455	9.549	17.161	24.372	549.500
28/02/2013	6.067	8.800	17.696	23.925	595.800
01/03/2013	6.979	8.894	17.147	23.615	679.700
02/03/2013	2.611	10.022	16.954	24.676	644.600
03/03/2013	3.486	8.428	17.406	23.295	572.600
04/03/2013	0.693	8.981	17.235	23.690	535.500
05/03/2013	0.336	10.257	17.340	25.190	483.600
06/03/2013	5.631	9.817	17.975	25.180	635.000
07/03/2013	9.539	10.056	17.756	25.226	582.400
08/03/2013	1.137	10.654	17.108	25.444	561.500
09/03/2013	0.260	9.387	17.713	24.474	569.100
10/03/2013	3.091	10.282	16.790	24.751	616.500
11/03/2013	1.537	10.620	16.645	25.040	604.100
12/03/2013	4.280	9.880	17.186	24.582	603.700
13/03/2013	16.056	9.143	17.511	24.032	678.300
14/03/2013	1.854	8.988	17.308	23.721	1036.000
15/03/2013	15.277	6.527	17.528	21.340	1077.000
16/03/2013	1.627	11.019	16.402	25.207	1047.000
17/03/2013	7.776	8.792	17.848	23.851	1288.000
18/03/2013	18.885	9.821	16.839	24.197	1201.000
19/03/2013	14.717	9.975	16.842	24.352	1156.000
20/03/2013	5.520	9.275	17.853	24.364	1119.000
21/03/2013	7.461	5.555	17.857	20.703	1200.000
22/03/2013	8.497	8.910	17.022	23.335	1092.000
23/03/2013	9.740	9.459	16.758	23.693	1060.000
24/03/2013	1.845	10.756	16.417	24.905	1107.000
25/03/2013	5.952	10.803	16.220	24.835	954.900
26/03/2013	6.331	9.755	16.940	24.139	926.800
27/03/2013	1.081	11.282	16.346	25.516	863.700
28/03/2013	4.663	9.727	17.128	24.313	907.100
29/03/2013	0.789	10.161	16.675	24.430	832.400
30/03/2013	2.545	10.205	17.308	24.899	891.600
31/03/2013	3.718	11.150	17.479	26.072	863.700
01/04/2013	6.002	9.837	17.748	24.818	751.200
02/04/2013	10.686	8.074	17.390	22.726	711.500
03/04/2013	1.810	9.966	16.987	24.471	621.300
04/04/2013	1.954	10.599	16.909	25.075	605.700
05/04/2013	2.003	10.069	17.057	24.632	596.700
06/04/2013	2.902	11.326	16.372	25.560	677.400
07/04/2013	2.599	10.221	17.343	25.005	620.200
08/04/2013	4.915	9.612	17.605	24.545	604.200
09/04/2013	2.632	10.763	17.257	25.534	553.800
10/04/2013	6.621	9.512	17.599	24.467	588.900
11/04/2013	6.928	10.484	16.773	24.916	518.000
12/04/2013	4.881	10.124	17.163	24.810	659.200
13/04/2013	3.283	10.859	17.335	25.739	609.800
14/04/2013	6.740	9.043	17.605	23.953	569.500
15/04/2013	6.560	9.152	18.010	24.376	687.100
16/04/2013	1.777	11.172	17.000	25.858	644.900
17/04/2013	12.001	9.912	17.256	24.722	677.200
18/04/2013	20.935	9.365	16.880	23.775	592.200
19/04/2013	18.687	7.390	16.904	21.692	752.000
20/04/2013	7.343	8.787	16.408	22.779	758.200
21/04/2013	5.218	8.168	16.677	22.311	870.800
22/04/2013	11.754	9.147	16.877	23.532	965.300
23/04/2013	7.598	9.453	16.589	23.663	1063.000
24/04/2013	4.007	10.023	16.487	24.313	1105.000
25/04/2013	6.882	10.229	17.165	25.064	1166.000
26/04/2013	6.651	10.448	16.075	24.560	1099.000
27/04/2013	8.557	10.067	16.138	24.145	1278.000
28/04/2013	9.550	9.998	16.258	24.118	1215.000
29/04/2013	10.133	8.298	16.890	22.713	1148.000
30/04/2013	9.527	10.334	16.630	24.807	1059.000
01/05/2013	9.716	7.715	17.096	22.292	1139.000
02/05/2013	7.519	8.562	17.028	23.165	1308.000
03/05/2013	13.270	9.350	16.876	23.882	1307.000
04/05/2013	6.253	10.284	16.547	24.776	1377.000
05/05/2013	19.110	8.013	16.895	22.444	1317.000
06/05/2013	2.113	9.110	16.932	23.741	1535.000
07/05/2013	8.202	8.311	16.537	22.499	1504.000
08/05/2013	1.182	10.116	16.293	24.442	1353.000
09/05/2013	8.129	8.313	16.879	22.824	1249.000
10/05/2013	10.387	9.568	16.846	24.246	1249.000
11/05/2013	2.401	9.082	16.832	23.677	1377.000
12/05/2013	0.649	10.207	16.299	24.585	1128.000
13/05/2013	8.156	9.319	16.802	23.959	1150.000
14/05/2013	13.334	9.390	17.306	24.440	1101.000
15/05/2013	13.678	7.182	17.198	21.958	1253.000
16/05/2013	10.027	8.620	16.601	23.092	1334.000
17/05/2013	20.574	7.653	16.627	21.964	1350.000
18/05/2013	1.273	10.015	16.729	24.754	1742.000
19/05/2013	3.409	8.986	17.182	23.929	1603.000
20/05/2013	10.619	8.259	17.197	23.155	1487.000
21/05/2013	18.896	7.012	16.831	21.524	1561.000
22/05/2013	4.321	8.122	16.907	22.784	1637.000
23/05/2013	17.941	7.937	16.509	22.273	2026.000
24/05/2013	12.107	8.424	16.721	23.017	2278.000
25/05/2013	2.565	10.162	16.388	24.770	2461.000
26/05/2013	11.712	8.524	16.672	23.097	2160.000
27/05/2013	8.618	8.951	16.343	23.383	2006.000
28/05/2013	8.779	7.542	16.921	22.183	1895.000
29/05/2013	13.701	8.435	16.097	22.604	1762.000
30/05/2013	4.993	9.321	15.836	23.476	1690.000
31/05/2013	20.801	6.638	16.709	21.110	1950.000
01/06/2013	0.487	9.525	15.134	23.248	1795.000
02/06/2013	4.642	10.050	16.319	24.677	1724.000
03/06/2013	4.588	9.799	16.514	24.532	1663.000
04/06/2013	4.636	9.972	16.525	24.753	1648.000
05/06/2013	6.630	9.443	16.084	23.845	1724.000
06/06/2013	2.434	9.555	15.940	23.926	1583.000
07/06/2013	0.807	9.042	16.607	23.757	1320.000
08/06/2013	1.203	10.153	16.218	24.816	1175.000
09/06/2013	3.027	10.490	16.122	25.160	1213.000
10/06/2013	3.211	10.115	15.879	24.527	1088.000
11/06/2013	4.463	8.783	16.582	23.503	1095.000
12/06/2013	9.809	9.413	16.137	23.901	1075.000
13/06/2013	4.859	9.800	16.303	24.481	1220.000
14/06/2013	5.727	8.520	16.803	23.397	1200.000
15/06/2013	10.507	9.562	16.366	24.281	1168.000
16/06/2013	2.379	9.590	17.162	24.915	1153.000
17/06/2013	3.276	10.271	16.333	25.102	1109.000
18/06/2013	2.507	10.218	16.970	25.466	950.300
19/06/2013	11.647	8.871	17.188	24.074	1046.000
20/06/2013	0.798	9.354	16.462	24.089	970.400
21/06/2013	1.062	9.712	15.821	24.080	853.100
22/06/2013	1.823	9.834	16.490	24.744	802.800
23/06/2013	3.241	9.938	16.690	24.965	730.100
24/06/2013	9.716	8.997	17.048	24.123	735.700
25/06/2013	9.156	10.003	15.869	24.446	957.000
26/06/2013	1.308	10.520	16.769	25.716	991.600
27/06/2013	5.746	8.761	16.776	23.680	821.800
28/06/2013	20.644	7.850	16.252	22.199	778.200
29/06/2013	1.493	9.510	15.182	23.378	952.300
30/06/2013	5.151	8.122	15.565	21.981	897.800
01/07/2013	6.511	8.369	16.384	22.904	897.800
02/07/2013	2.521	9.496	15.909	23.836	937.600
03/07/2013	1.776	10.313	14.878	24.118	917.900
04/07/2013	2.553	9.584	15.353	23.569	827.400
05/07/2013	4.565	8.512	15.675	22.510	742.200
06/07/2013	1.677	10.445	16.101	25.085	677.500
07/07/2013	0.691	10.511	15.279	24.633	666.300
08/07/2013	3.769	10.402	16.363	25.254	724.100
09/07/2013	2.374	10.085	15.899	24.486	649.500
10/07/2013	6.450	9.115	16.792	23.968	621.900
11/07/2013	4.520	9.698	16.019	24.117	704.000
12/07/2013	0.854	9.934	15.807	24.223	603.200
13/07/2013	1.392	9.867	15.880	24.236	541.800
14/07/2013	0.626	10.674	15.652	25.011	568.700
15/07/2013	5.072	9.100	16.257	23.556	525.500
16/07/2013	0.377	10.520	16.311	25.234	494.900
17/07/2013	5.910	9.484	17.385	24.799	582.500
18/07/2013	4.188	9.320	16.849	24.239	528.400
19/07/2013	5.324	8.310	16.736	23.002	547.500
20/07/2013	1.853	10.280	15.939	24.654	507.000
21/07/2013	3.013	9.719	16.361	24.302	588.500
22/07/2013	7.517	9.845	16.476	24.540	672.700
23/07/2013	5.534	10.081	16.252	24.611	620.700
24/07/2013	0.590	10.918	16.580	25.817	584.300
25/07/2013	1.255	11.524	16.224	26.291	555.400
26/07/2013	11.285	9.747	17.001	24.713	664.100
27/07/2013	2.694	10.905	15.938	25.309	629.700
28/07/2013	0.733	11.030	15.824	25.382	579.700
29/07/2013	3.376	10.869	15.908	25.224	730.600
30/07/2013	3.703	10.276	15.490	24.257	835.000
31/07/2013	2.527	10.125	16.299	24.651	806.800
01/08/2013	4.321	8.791	16.241	23.042	897.000
02/08/2013	1.971	9.594	16.547	24.172	798.100
03/08/2013	1.904	10.402	17.061	25.466	740.500
04/08/2013	2.428	10.732	16.119	25.137	870.700
05/08/2013	3.726	10.486	16.269	24.991	686.100
06/08/2013	1.255	9.796	17.085	24.799	603.000
07/08/2013	9.395	9.344	16.489	23.787	585.600
08/08/2013	18.816	8.023	16.226	22.101	683.800
09/08/2013	10.440	9.298	16.029	23.357	669.400
10/08/2013	12.754	8.530	16.404	22.715	751.200
11/08/2013	11.536	7.732	16.341	21.789	880.300
12/08/2013	5.860	9.172	16.253	23.317	950.300
13/08/2013	14.059	8.018	16.790	22.427	1110.000
14/08/2013	3.841	10.405	17.060	25.292	1046.000
15/08/2013	2.253	9.920	16.998	24.660	1011.000
16/08/2013	9.855	10.346	16.297	24.696	937.600
17/08/2013	9.945	8.850	16.681	23.241	865.400
18/08/2013	6.810	9.356	16.333	23.549	917.700
19/08/2013	4.798	9.308	16.553	23.652	997.400
20/08/2013	3.120	10.096	16.862	24.714	1110.000
21/08/2013	3.851	9.659	16.907	24.307	1141.000
22/08/2013	3.660	9.799	16.518	24.156	1061.000
23/08/2013	1.867	9.999	15.768	23.857	977.100
24/08/2013	15.200	8.247	15.976	22.039	963.700
25/08/2013	2.721	10.146	15.121	23.505	846.900
26/08/2013	10.769	9.453	16.221	23.486	814.900
27/08/2013	4.181	9.807	15.490	23.406	1011.000
28/08/2013	1.573	11.189	15.785	25.136	917.900
29/08/2013	6.433	9.956	16.469	24.220	1040.000
30/08/2013	3.762	10.996	15.476	24.790	1054.000
31/08/2013	2.437	10.784	15.736	24.670	1032.000
01/09/2013	8.217	9.850	16.261	23.988	1175.000
02/09/2013	3.362	10.989	14.987	24.361	970.600
03/09/2013	9.770	9.910	15.371	23.411	1190.000
04/09/2013	5.882	9.648	15.251	22.971	1109.000
05/09/2013	3.017	10.004	16.086	23.997	938.000
06/09/2013	13.180	8.153	16.344	22.117	1081.000
07/09/2013	6.789	9.445	16.305	23.486	1358.000
08/09/2013	2.182	9.505	16.333	23.579	1124.000
09/09/2013	6.131	9.882	16.530	24.175	1111.000
10/09/2013	12.870	9.401	16.091	23.277	990.700
11/09/2013	6.046	8.923	16.535	23.081	1240.000
12/09/2013	3.764	9.571	15.914	23.353	1235.000
13/09/2013	6.160	10.295	16.017	24.231	1111.000
14/09/2013	4.288	9.566	16.612	23.845	1117.000
15/09/2013	5.160	9.700	17.223	24.454	1039.000
16/09/2013	5.843	10.991	16.447	25.377	1053.000
17/09/2013	3.421	8.961	17.046	23.529	1005.000
18/09/2013	10.481	9.062	16.749	23.413	1053.000
19/09/2013	3.381	8.305	17.040	22.820	1103.000
20/09/2013	1.070	10.651	16.207	24.783	951.000
21/09/2013	2.134	13.261	14.798	26.906	950.500
22/09/2013	4.641	11.092	16.463	25.559	957.000
23/09/2013	1.172	10.752	17.742	26.045	878.400
24/09/2013	3.257	9.837	17.079	24.532	944.900
25/09/2013	2.778	10.331	16.295	24.554	796.400
26/09/2013	7.318	10.232	16.630	24.700	828.300
27/09/2013	7.750	9.393	16.754	23.845	700.800
28/09/2013	17.088	7.045	16.784	21.302	790.100
29/09/2013	10.921	8.503	16.698	22.780	833.700
30/09/2013	6.414	8.629	16.619	22.919	937.400
01/10/2013	2.486	10.173	15.130	23.575	1029.000
02/10/2013	2.931	10.874	15.640	24.749	784.800
03/10/2013	6.001	8.739	16.397	22.842	865.200
04/10/2013	12.324	9.059	16.131	23.077	951.800
05/10/2013	5.036	10.866	16.450	25.341	930.900
06/10/2013	0.000	11.150	15.332	24.938	924.600
07/10/2013	0.606	9.969	15.607	23.793	802.800
08/10/2013	1.239	9.641	16.612	24.119	736.200
09/10/2013	4.532	10.498	16.078	24.732	833.700
10/10/2013	12.008	8.685	16.311	22.863	754.100
11/10/2013	12.069	8.494	16.355	22.688	684.700
12/10/2013	6.621	8.290	16.898	22.865	728.800
13/10/2013	14.846	8.101	16.490	22.317	852.500
14/10/2013	14.310	6.539	16.443	20.659	975.500
15/10/2013	4.388	8.880	15.780	22.711	1081.000
16/10/2013	17.523	8.081	15.711	21.750	1132.000
17/10/2013	5.249	9.183	15.850	23.107	1108.000
18/10/2013	2.683	10.942	15.709	25.145	1273.000
19/10/2013	7.608	11.293	15.168	25.240	1337.000
20/10/2013	3.465	10.174	15.552	24.178	1177.000
21/10/2013	9.207	7.984	16.325	22.233	1162.000
22/10/2013	4.837	8.455	16.502	22.874	1178.000
23/10/2013	3.918	10.095	16.356	24.706	1310.000
24/10/2013	15.471	8.942	16.682	23.619	1212.000
25/10/2013	5.186	10.056	16.366	24.686	1160.000
26/10/2013	3.628	9.769	16.031	24.190	1078.000
27/10/2013	6.444	8.497	15.859	22.569	1104.000
28/10/2013	6.565	10.229	16.009	24.692	1114.000
29/10/2013	12.906	8.583	16.660	23.305	1052.000
30/10/2013	10.994	8.737	16.174	23.085	988.700
31/10/2013	12.589	6.748	16.672	21.253	1026.000
01/11/2013	0.996	8.080	15.869	22.100	1195.000
02/11/2013	0.254	9.314	15.500	23.318	1190.000
03/11/2013	3.818	8.733	15.577	22.690	1125.000
04/11/2013	24.765	6.791	16.333	21.034	1058.000
05/11/2013	16.859	8.274	15.870	22.410	1296.000
06/11/2013	11.127	8.816	15.639	22.941	1421.000
07/11/2013	9.414	7.763	16.101	22.022	1339.000
08/11/2013	2.707	9.301	15.983	23.786	1566.000
09/11/2013	4.345	9.052	16.361	23.756	1461.000
10/11/2013	7.823	7.838	16.231	22.289	1458.000
11/11/2013	3.944	9.253	16.190	23.960	1269.000
12/11/2013	2.945	9.166	16.715	24.240	1164.000
13/11/2013	5.217	9.587	16.128	24.358	1192.000
14/11/2013	5.995	9.190	16.148	23.934	1155.000
15/11/2013	5.622	9.388	16.868	24.683	1068.000
16/11/2013	1.646	9.817	16.779	25.187	1087.000
17/11/2013	9.445	9.471	16.137	24.307	950.800
18/11/2013	7.859	7.685	17.027	22.821	889.900
19/11/2013	26.821	7.444	16.368	22.027	871.000
20/11/2013	2.599	8.083	16.643	22.989	1160.000
21/11/2013	5.672	8.938	16.236	23.786	1087.000
22/11/2013	12.266	7.800	16.224	22.397	1061.000
23/11/2013	10.543	7.799	15.629	22.002	1053.000
24/11/2013	13.920	6.497	16.337	20.954	1137.000
25/11/2013	10.429	8.120	15.812	22.492	1269.000
26/11/2013	15.636	8.387	15.920	22.911	1427.000
27/11/2013	2.766	8.635	16.007	23.320	1460.000
28/11/2013	8.453	7.740	16.285	22.417	1547.000
29/11/2013	6.829	7.232	16.456	22.056	1686.000
30/11/2013	6.184	7.571	16.314	22.266	1656.000
01/12/2013	1.315	8.333	16.445	23.290	1729.000
02/12/2013	14.860	6.562	16.781	21.446	1909.000
03/12/2013	8.859	7.959	16.088	22.619	2019.000
04/12/2013	7.157	9.332	15.644	24.001	2046.000
05/12/2013	6.360	8.246	16.362	23.222	1923.000
06/12/2013	8.132	9.058	15.788	23.823	1693.000
07/12/2013	22.671	7.838	15.792	22.304	1633.000
08/12/2013	2.402	6.711	16.507	21.471	1638.000
09/12/2013	1.717	7.599	16.179	22.253	1652.000
10/12/2013	0.330	8.881	15.503	23.392	1597.000
11/12/2013	0.441	9.836	15.337	24.511	1473.000
12/12/2013	2.730	9.202	16.248	24.392	1388.000
13/12/2013	18.285	7.286	16.947	22.517	1347.000
14/12/2013	6.590	8.641	16.338	23.723	1252.000
15/12/2013	2.837	9.521	15.566	24.316	1376.000
16/12/2013	4.039	8.734	17.008	24.361	1191.000
17/12/2013	12.788	7.448	16.906	22.709	1146.000
18/12/2013	7.836	7.029	16.963	22.225	1130.000
19/12/2013	5.886	8.184	16.938	23.598	1156.000
20/12/2013	3.561	8.301	16.583	23.506	1149.000
21/12/2013	0.341	7.995	17.501	23.793	1072.000
22/12/2013	0.396	7.612	17.198	23.090	1097.000
23/12/2013	30.563	5.627	16.756	20.469	1119.000
24/12/2013	0.454	7.327	16.010	21.846	1541.000
25/12/2013	0.000	9.280	15.323	23.774	1699.000
26/12/2013	0.564	8.946	15.955	23.781	1619.000
27/12/2013	0.022	9.864	15.582	24.713	1488.000
28/12/2013	0.000	10.697	15.201	25.532	1392.000
29/12/2013	0.092	10.624	15.831	25.888	1283.000
30/12/2013	2.255	9.183	16.266	24.355	1192.000
31/12/2013	0.629	8.706	16.137	23.664	1080.000
01/01/2014	0.872	9.071	16.440	24.290	1038.000
02/01/2014	0.011	8.381	15.533	22.781	1044.000
03/01/2014	0.525	9.666	15.947	24.655	984.200
04/01/2014	0.226	9.731	16.358	25.039	938.700
05/01/2014	2.291	9.069	16.421	24.270	865.500
06/01/2014	20.497	6.576	17.118	21.753	830.900
07/01/2014	23.587	7.293	16.013	21.736	862.200
08/01/2014	1.052	8.119	16.663	23.188	928.700
09/01/2014	1.837	7.356	16.438	22.111	897.600
10/01/2014	2.090	7.821	16.089	22.399	893.300
11/01/2014	1.054	8.409	16.940	23.690	965.100
12/01/2014	3.865	8.662	16.285	23.541	1020.000
13/01/2014	0.849	9.723	15.758	24.462	999.200
14/01/2014	0.285	9.415	16.418	24.554	1005.000
15/01/2014	1.214	9.729	16.036	24.653	973.300
16/01/2014	1.609	9.796	16.284	24.870	923.300
17/01/2014	0.106	9.241	16.546	24.364	882.800
18/01/2014	0.028	9.086	16.690	24.230	853.800
19/01/2014	4.012	8.384	17.423	23.928	804.100
20/01/2014	1.692	9.219	16.470	24.204	780.800
21/01/2014	15.807	8.699	16.475	23.582	770.500
22/01/2014	10.029	8.131	17.258	23.438	838.400
23/01/2014	2.788	10.108	15.677	24.677	840.100
24/01/2014	0.250	10.134	15.768	24.775	817.100
25/01/2014	1.498	9.217	16.436	24.103	732.700
26/01/2014	9.112	7.339	17.190	22.419	715.800
27/01/2014	0.000	9.960	15.777	24.441	762.200
28/01/2014	1.963	9.084	16.968	24.232	742.600
29/01/2014	3.899	9.195	16.420	23.965	697.100
30/01/2014	2.502	7.485	16.944	22.352	686.000
31/01/2014	0.000	10.052	15.784	24.503	671.100
01/02/2014	0.018	10.117	16.375	25.004	653.700
02/02/2014	1.469	8.409	16.467	23.023	636.000
03/02/2014	0.723	10.008	15.351	24.060	709.000
04/02/2014	4.822	9.927	15.650	24.147	729.000
05/02/2014	14.811	6.904	16.981	21.682	643.000
06/02/2014	2.454	9.581	15.556	23.590	617.200
07/02/2014	0.505	9.542	16.266	24.031	637.300
08/02/2014	0.333	9.419	16.711	24.223	622.800
09/02/2014	3.443	9.534	16.155	23.936	636.400
10/02/2014	3.281	10.013	16.291	24.570	673.300
11/02/2014	8.101	8.920	16.640	23.562	723.400
12/02/2014	2.856	9.998	16.098	24.388	647.400
13/02/2014	4.469	8.926	16.408	23.359	602.100
14/02/2014	6.757	9.098	16.078	23.265	651.100
15/02/2014	0.238	9.972	16.122	24.292	669.500
16/02/2014	1.733	10.606	16.019	24.939	649.300
17/02/2014	8.250	9.771	16.241	24.134	623.500
18/02/2014	5.903	10.259	16.198	24.609	625.800
19/02/2014	4.462	8.686	16.808	23.240	621.700
20/02/2014	4.420	9.263	16.795	23.856	623.500
21/02/2014	7.227	8.456	17.171	23.239	619.200
22/02/2014	5.341	8.965	16.394	23.200	627.000
23/02/2014	4.297	9.396	16.438	23.680	705.600
24/02/2014	5.574	9.234	17.097	23.998	666.700
25/02/2014	5.919	8.340	17.439	23.234	682.500
26/02/2014	0.660	9.113	17.497	24.117	724.400
27/02/2014	10.420	7.564	17.507	22.483	768.600
28/02/2014	14.555	8.996	16.282	23.048	832.000
01/03/2014	10.845	7.636	17.293	22.348	1054.000
02/03/2014	3.823	9.165	16.782	23.609	945.200
03/03/2014	3.600	8.598	16.863	22.992	1048.000
04/03/2014	1.293	9.318	16.776	23.701	1162.000
05/03/2014	13.396	8.086	17.511	22.913	1244.000
06/03/2014	3.264	8.824	16.929	23.240	1286.000
07/03/2014	4.771	8.925	17.017	23.478	1258.000
08/03/2014	15.923	8.796	16.873	23.177	1258.000
09/03/2014	11.072	7.892	16.859	22.230	1288.000
10/03/2014	9.079	9.237	16.341	23.240	1291.000
11/03/2014	4.459	9.382	16.825	23.749	1354.000
12/03/2014	1.402	8.754	17.336	23.477	1311.000
13/03/2014	8.098	8.858	16.923	23.239	1281.000
14/03/2014	3.658	9.470	16.753	23.772	1268.000
15/03/2014	6.082	9.436	17.199	24.065	1205.000
16/03/2014	5.443	10.090	16.731	24.409	1140.000
17/03/2014	3.980	10.085	16.876	24.523	1129.000
18/03/2014	4.965	8.572	17.469	23.323	1192.000
19/03/2014	0.291	11.315	16.359	25.490	1158.000
20/03/2014	0.160	10.775	17.438	25.704	1035.000
21/03/2014	2.005	9.907	18.047	25.166	937.900
22/03/2014	0.756	10.478	17.174	25.168	894.400
23/03/2014	3.924	9.777	17.288	24.453	869.000
24/03/2014	6.061	8.918	16.841	23.198	839.200
25/03/2014	7.746	9.961	16.700	24.185	820.800
26/03/2014	11.106	8.390	16.967	22.744	928.600
27/03/2014	2.015	11.037	15.905	24.811	957.700
28/03/2014	0.158	11.785	16.276	25.958	933.100
29/03/2014	1.679	10.680	16.616	24.990	859.300
30/03/2014	4.446	9.485	16.743	23.710	800.500
31/03/2014	0.310	10.779	16.724	25.133	786.300
01/04/2014	0.046	12.118	15.540	25.805	735.500
02/04/2014	1.182	10.835	16.591	25.115	685.800
03/04/2014	8.304	8.590	17.410	23.263	734.600
04/04/2014	5.319	11.279	16.717	25.667	709.300
05/04/2014	3.607	11.131	16.936	25.654	704.900
06/04/2014	3.895	11.178	17.206	25.945	696.600
07/04/2014	1.381	10.278	17.611	25.237	673.400
08/04/2014	1.059	9.494	17.570	24.395	658.300
09/04/2014	6.996	9.746	16.863	24.144	653.700
10/04/2014	3.981	10.992	16.045	24.911	609.600
11/04/2014	1.141	10.376	17.038	24.985	600.900
12/04/2014	6.297	9.498	17.037	23.996	634.500
13/04/2014	1.035	11.818	14.876	25.097	652.100
14/04/2014	2.569	10.938	16.332	25.101	615.000
15/04/2014	14.294	8.016	17.263	22.590	571.100
16/04/2014	3.677	9.677	16.726	23.974	641.000
17/04/2014	4.719	9.524	16.591	23.732	831.000
18/04/2014	7.904	9.845	16.065	23.704	786.000
19/04/2014	6.080	10.176	16.308	24.233	795.200
20/04/2014	12.525	9.501	16.670	23.775	846.900
21/04/2014	3.585	9.780	16.911	24.292	892.500
22/04/2014	10.704	7.991	17.263	22.622	878.500
23/04/2014	10.569	8.627	16.931	23.105	1033.000
24/04/2014	28.456	8.315	16.778	22.561	1134.000
25/04/2014	2.668	10.326	16.194	24.438	959.000
26/04/2014	15.965	8.035	16.761	22.309	955.400
27/04/2014	6.208	9.938	16.702	24.391	1129.000
28/04/2014	7.521	10.629	16.703	25.175	1168.000
29/04/2014	10.773	9.184	17.190	23.909	1084.000
30/04/2014	3.499	9.248	17.142	24.046	1072.000
01/05/2014	10.706	9.244	16.678	23.659	1130.000
02/05/2014	7.430	7.091	17.219	21.781	1133.000
03/05/2014	13.320	9.609	16.662	24.045	1334.000
04/05/2014	5.500	8.869	16.647	23.246	1392.000
05/05/2014	4.175	10.547	16.270	24.868	1239.000
06/05/2014	17.860	8.778	17.208	23.629	1206.000
07/05/2014	11.067	6.876	17.102	21.485	1330.000
08/05/2014	6.050	7.636	17.289	22.398	1348.000
09/05/2014	21.412	8.009	16.647	22.279	1338.000
10/05/2014	5.096	7.985	17.130	22.659	1693.000
11/05/2014	0.783	7.960	17.087	22.615	1823.000
12/05/2014	1.357	9.836	16.692	24.478	1855.000
13/05/2014	2.187	10.899	16.347	25.419	1765.000
14/05/2014	15.990	8.060	17.726	23.289	1645.000
15/05/2014	6.959	9.487	16.826	24.231	1627.000
16/05/2014	2.083	9.344	17.048	24.222	1560.000
17/05/2014	9.929	8.503	16.731	23.023	1556.000
18/05/2014	2.486	8.781	17.070	23.613	1604.000
19/05/2014	4.315	9.684	16.520	24.238	1514.000
20/05/2014	12.958	8.319	17.239	23.320	1355.000
21/05/2014	2.900	9.412	16.012	23.627	1392.000
22/05/2014	3.269	10.882	16.187	25.428	1434.000
23/05/2014	10.767	8.171	16.520	22.639	1332.000
24/05/2014	5.813	9.905	16.356	24.434	1438.000
25/05/2014	2.752	9.994	16.064	24.363	1285.000
26/05/2014	2.682	9.397	16.828	24.258	1120.000
27/05/2014	9.143	9.255	16.375	23.752	1003.000
28/05/2014	7.754	8.893	16.404	23.337	981.300
29/05/2014	20.535	7.119	16.884	21.707	1041.000
30/05/2014	1.736	9.685	15.932	23.953	1112.000
31/05/2014	5.843	9.142	17.030	24.146	1220.000
01/06/2014	2.616	9.174	17.029	24.212	1281.000
02/06/2014	8.836	8.163	16.781	22.887	1227.000
03/06/2014	3.434	10.244	16.352	24.971	1227.000
04/06/2014	4.753	9.114	17.317	24.344	1153.000
05/06/2014	4.658	9.876	16.820	24.928	1389.000
06/06/2014	2.592	9.819	17.116	25.048	1228.000
07/06/2014	14.453	8.230	17.144	23.251	1569.000
08/06/2014	6.337	8.804	16.684	23.564	1422.000
09/06/2014	2.397	9.848	16.200	24.445	1397.000
10/06/2014	4.074	9.895	16.590	24.800	1491.000
11/06/2014	3.087	10.659	16.334	25.521	1178.000
12/06/2014	1.815	9.727	16.742	24.684	1056.000
13/06/2014	4.835	10.007	16.679	24.989	1002.000
14/06/2014	8.142	9.539	16.660	24.411	1261.000
15/06/2014	5.813	10.588	16.212	25.343	1473.000
16/06/2014	1.729	9.949	17.000	25.169	1455.000
17/06/2014	1.285	10.116	16.859	25.235	1212.000
18/06/2014	6.946	8.473	17.344	23.723	1231.000
19/06/2014	0.926	10.109	16.552	25.031	1007.000
20/06/2014	1.913	10.266	15.925	24.831	938.400
21/06/2014	3.753	9.955	16.146	24.600	929.900
22/06/2014	4.668	9.847	16.635	24.791	915.700
23/06/2014	4.836	9.422	16.889	24.520	894.400
24/06/2014	11.932	8.050	16.986	23.008	1242.000
25/06/2014	11.198	6.864	16.763	21.511	1119.000
26/06/2014	3.004	9.114	16.256	23.677	1321.000
27/06/2014	1.601	9.669	16.281	24.367	1240.000
28/06/2014	1.791	10.190	15.799	24.632	990.500
29/06/2014	2.568	10.492	16.823	25.677	882.800
30/06/2014	9.753	8.695	16.589	23.401	830.100
01/07/2014	5.914	9.503	17.316	24.895	992.700
02/07/2014	4.251	9.865	16.730	24.866	855.000
03/07/2014	1.212	10.609	16.522	25.618	932.600
04/07/2014	1.959	9.861	16.540	24.761	871.400
05/07/2014	6.937	10.006	16.752	25.061	793.000
06/07/2014	0.986	9.555	17.184	24.830	795.600
07/07/2014	2.490	9.831	16.684	24.801	898.500
08/07/2014	2.711	9.802	16.916	24.907	734.400
09/07/2014	1.810	10.706	16.166	25.408	743.800
10/07/2014	6.478	10.373	16.367	25.146	761.900
11/07/2014	5.963	10.112	16.717	25.096	797.300
12/07/2014	4.321	10.626	16.955	25.865	723.900
13/07/2014	1.676	11.007	16.595	26.037	753.500
14/07/2014	1.934	10.932	16.567	25.963	761.500
15/07/2014	1.383	10.175	16.912	25.259	827.600
16/07/2014	1.121	10.369	17.001	25.601	797.100
17/07/2014	0.315	10.327	16.827	25.402	745.100
18/07/2014	3.429	9.957	17.025	25.114	740.200
19/07/2014	0.002	11.317	16.749	26.494	726.800
20/07/2014	0.591	10.657	16.544	25.532	709.500
21/07/2014	4.171	10.800	16.523	25.700	789.400
22/07/2014	0.233	10.554	17.051	25.735	716.200
23/07/2014	0.453	10.982	17.308	26.448	671.000
24/07/2014	2.067	11.533	16.603	26.596	705.200
25/07/2014	0.514	11.272	16.692	26.330	611.200
26/07/2014	0.058	10.582	16.177	25.168	532.100
27/07/2014	5.234	9.420	16.586	24.066	643.900
28/07/2014	0.039	12.038	15.913	26.635	516.400
29/07/2014	0.881	10.640	16.206	25.187	540.500
30/07/2014	0.700	10.996	16.433	25.725	497.100
31/07/2014	3.785	11.706	15.966	26.272	549.300
01/08/2014	0.748	10.911	15.712	25.154	440.700
02/08/2014	10.824	8.178	16.763	22.725	529.500
03/08/2014	2.534	9.289	15.949	23.414	552.700
04/08/2014	3.702	10.466	15.539	24.445	556.500
05/08/2014	2.558	9.392	15.812	23.344	486.700
06/08/2014	5.888	9.263	16.529	23.720	544.100
07/08/2014	8.675	9.620	15.726	23.509	725.500
08/08/2014	4.205	9.629	15.785	23.565	750.700
09/08/2014	2.571	9.069	16.606	23.550	634.800
10/08/2014	7.149	9.947	15.667	23.901	685.900
11/08/2014	2.245	9.519	16.621	24.042	676.200
12/08/2014	6.424	9.596	16.070	23.670	665.800
13/08/2014	7.228	10.309	16.035	24.491	717.200
14/08/2014	7.380	10.610	16.412	25.080	810.600
15/08/2014	0.070	12.009	16.080	26.463	655.300
16/08/2014	1.833	11.246	16.549	25.902	607.900
17/08/2014	2.943	10.375	16.836	25.051	541.600
18/08/2014	6.786	9.825	16.784	24.383	706.700
19/08/2014	6.349	8.792	16.646	23.144	849.000
20/08/2014	2.676	11.228	15.552	25.118	830.400
21/08/2014	4.585	10.584	16.241	24.890	770.100
22/08/2014	1.296	9.993	15.767	23.880	653.400
23/08/2014	7.597	8.823	16.307	22.926	838.500
24/08/2014	2.117	10.438	16.797	25.033	768.900
25/08/2014	10.803	8.607	16.579	22.855	1060.000
26/08/2014	5.916	8.945	16.513	23.147	893.700
27/08/2014	12.383	8.574	16.464	22.729	1314.000
28/08/2014	8.373	9.648	15.528	23.198	1594.000
29/08/2014	1.739	10.609	16.134	24.710	1364.000
30/08/2014	1.686	12.692	15.409	26.657	1137.000
31/08/2014	0.000	12.612	15.009	26.287	963.300
01/09/2014	0.164	11.774	16.030	26.010	813.200
02/09/2014	10.557	8.871	16.741	23.218	786.100
03/09/2014	2.969	10.693	16.297	24.955	666.600
04/09/2014	9.277	10.106	16.745	24.553	789.900
05/09/2014	0.535	10.624	16.292	24.810	728.900
06/09/2014	5.256	10.713	16.441	25.052	734.000
07/09/2014	1.553	9.759	16.804	24.208	592.800
08/09/2014	2.941	10.030	16.963	24.599	647.600
09/09/2014	0.257	11.453	15.735	25.380	539.300
10/09/2014	3.919	9.518	16.337	23.652	668.500
11/09/2014	6.593	7.843	17.000	22.345	555.600
12/09/2014	6.637	8.434	17.440	23.228	629.800
13/09/2014	5.545	9.786	16.389	23.910	824.000
14/09/2014	5.250	8.113	16.602	22.322	703.200
15/09/2014	9.330	9.117	16.506	23.290	1146.000
16/09/2014	0.562	10.672	15.912	24.619	1002.000
17/09/2014	5.222	10.807	15.116	24.205	992.200
18/09/2014	9.906	8.438	16.832	22.807	975.200
19/09/2014	5.481	9.288	16.220	23.307	898.900
20/09/2014	18.325	8.300	16.628	22.446	882.000
21/09/2014	7.398	9.749	16.358	23.862	1116.000
22/09/2014	4.311	7.644	16.151	21.452	1031.000
23/09/2014	6.137	10.449	15.744	24.241	1189.000
24/09/2014	2.320	10.529	16.167	24.635	1019.000
25/09/2014	12.296	9.155	16.917	23.700	1125.000
26/09/2014	4.653	10.101	15.765	23.938	976.000
27/09/2014	2.584	10.301	16.623	24.722	893.100
28/09/2014	4.078	9.588	16.544	23.899	973.000
29/09/2014	1.444	11.036	16.771	25.714	834.900
30/09/2014	0.080	12.324	15.399	26.253	731.200
01/10/2014	3.131	11.366	15.977	25.557	700.200
02/10/2014	6.908	9.950	16.283	24.146	757.200
03/10/2014	1.574	9.352	16.499	23.658	643.100
04/10/2014	6.015	10.172	16.620	24.698	676.600
05/10/2014	12.876	9.646	16.569	24.066	724.500
06/10/2014	28.512	8.118	16.924	22.616	831.500
07/10/2014	14.218	8.365	16.713	22.721	812.500
08/10/2014	17.560	7.234	16.564	21.410	934.400
09/10/2014	9.718	6.584	16.330	20.526	943.600
10/10/2014	0.735	8.049	16.993	22.595	1197.000
11/10/2014	5.306	8.370	16.835	22.870	1203.000
12/10/2014	7.618	9.468	16.241	23.711	1423.000
13/10/2014	9.034	8.512	16.554	22.861	1327.000
14/10/2014	8.336	9.111	16.368	23.421	1487.000
15/10/2014	1.852	9.340	16.146	23.518	1354.000
16/10/2014	2.793	9.937	16.345	24.366	1207.000
17/10/2014	11.900	8.719	16.441	23.108	1171.000
18/10/2014	18.479	7.909	16.386	22.127	1037.000
19/10/2014	6.569	8.279	16.716	22.771	1244.000
20/10/2014	11.828	8.210	16.286	22.404	1239.000
21/10/2014	10.001	9.912	16.111	24.233	1489.000
22/10/2014	14.277	7.893	16.882	22.577	1325.000
23/10/2014	13.308	10.018	15.622	24.084	1266.000
24/10/2014	9.875	9.682	15.921	23.936	1270.000
25/10/2014	4.838	7.926	16.969	22.676	1156.000
26/10/2014	4.706	6.326	16.582	20.633	1254.000
27/10/2014	0.257	9.626	15.980	23.933	1422.000
28/10/2014	6.152	9.634	16.328	24.223	1473.000
29/10/2014	5.118	9.154	16.529	23.812	1273.000
30/10/2014	16.628	9.321	16.739	24.189	1189.000
31/10/2014	15.115	8.107	16.364	22.501	1177.000
01/11/2014	4.103	9.562	16.103	24.069	1301.000
02/11/2014	16.005	8.728	16.469	23.385	1411.000
03/11/2014	1.111	10.397	15.933	24.990	1211.000
04/11/2014	16.322	8.270	16.773	23.109	1169.000
05/11/2014	12.080	8.184	17.110	23.245	1117.000
06/11/2014	10.938	8.759	17.221	24.033	1147.000
07/11/2014	11.948	9.456	16.903	24.637	1246.000
08/11/2014	16.262	8.023	17.186	23.152	1456.000
09/11/2014	9.507	8.646	16.781	23.626	1593.000
10/11/2014	17.615	7.357	16.655	22.050	1637.000
11/11/2014	19.756	6.787	17.188	21.828	1657.000
12/11/2014	15.190	6.011	16.605	20.515	1733.000
13/11/2014	4.006	8.091	16.162	22.578	2026.000
14/11/2014	3.126	8.399	16.287	23.009	1902.000
15/11/2014	1.140	9.469	15.447	23.727	1881.000
16/11/2014	7.200	8.726	15.677	23.014	1810.000
17/11/2014	2.196	9.149	16.339	24.061	1625.000
18/11/2014	8.928	9.275	15.811	23.841	1609.000
19/11/2014	12.428	6.811	17.057	21.879	1532.000
20/11/2014	1.393	8.685	16.355	23.538	1473.000
21/11/2014	6.790	8.235	16.925	23.407	1433.000
22/11/2014	3.774	7.919	16.214	22.515	1460.000
23/11/2014	2.885	9.585	16.200	24.553	1501.000
24/11/2014	1.009	8.765	16.987	24.214	1506.000
25/11/2014	11.002	7.722	16.881	22.871	1307.000
26/11/2014	3.181	6.255	16.355	20.767	1216.000
27/11/2014	0.690	9.027	16.352	24.047	1373.000
28/11/2014	0.698	9.655	16.412	24.895	1362.000
29/11/2014	0.646	10.022	16.077	25.141	1187.000
30/11/2014	11.909	8.829	17.022	24.330	1129.000
01/12/2014	3.785	9.107	17.034	24.691	1132.000
02/12/2014	4.745	8.934	16.685	24.267	1093.000
03/12/2014	6.236	9.168	16.276	24.300	1004.000
04/12/2014	0.647	8.856	16.313	23.914	916.700
05/12/2014	10.890	7.201	17.083	22.502	921.400
06/12/2014	5.395	6.936	16.807	21.960	937.600
07/12/2014	16.998	7.392	16.637	22.347	1043.000
08/12/2014	11.633	8.835	16.739	24.208	1079.000
09/12/2014	24.122	6.473	17.049	21.638	1148.000
10/12/2014	1.085	8.588	16.418	23.663	1179.000
11/12/2014	12.690	7.316	16.163	21.919	1401.000
12/12/2014	5.977	8.898	16.070	23.832	1424.000
13/12/2014	21.533	5.873	16.625	20.662	1514.000
14/12/2014	1.059	8.352	16.067	23.166	1691.000
15/12/2014	2.302	9.363	15.435	23.974	1791.000
16/12/2014	1.635	9.416	16.175	24.593	1532.000
17/12/2014	3.588	6.960	16.490	21.797	1569.000
18/12/2014	2.671	8.859	16.090	23.821	1500.000
19/12/2014	1.662	9.366	15.921	24.323	1347.000
20/12/2014	2.165	8.655	16.662	23.974	1249.000
21/12/2014	1.719	8.889	16.755	24.335	1184.000
22/12/2014	2.305	9.942	16.062	25.157	1140.000
23/12/2014	0.005	10.296	15.683	25.417	1077.000
24/12/2014	0.000	9.908	15.807	24.980	999.500
25/12/2014	0.119	8.909	16.659	24.326	928.400
26/12/2014	0.133	10.248	16.128	25.607	861.300
27/12/2014	0.158	9.157	17.130	24.967	812.900
28/12/2014	0.346	8.994	16.463	24.287	762.200
29/12/2014	0.242	10.020	15.919	25.204	712.000
30/12/2014	0.960	9.951	15.321	24.681	661.500
31/12/2014	0.032	10.039	16.322	25.454	614.500
01/01/2015	0.039	10.366	16.141	25.718	594.600
02/01/2015	0.000	10.413	16.086	25.741	558.400
03/01/2015	0.000	11.446	15.099	26.407	526.700
04/01/2015	0.000	11.353	14.939	26.165	494.500
05/01/2015	0.000	10.641	15.665	25.711	462.400
06/01/2015	0.000	11.409	14.610	25.974	435.300
07/01/2015	0.000	10.934	14.451	25.238	404.000
08/01/2015	0.302	9.298	15.949	24.155	375.000
09/01/2015	0.804	9.567	16.347	24.745	353.300
10/01/2015	0.258	9.885	16.463	25.199	336.600
11/01/2015	0.000	10.165	16.149	25.307	335.100
12/01/2015	0.069	9.633	16.792	25.099	337.500
13/01/2015	2.066	9.240	16.538	24.450	329.000
14/01/2015	5.642	9.065	17.004	24.523	350.400
15/01/2015	15.428	8.503	17.178	23.943	325.500
16/01/2015	6.635	8.914	16.391	23.857	345.800
17/01/2015	10.262	8.092	16.409	22.859	311.500
18/01/2015	2.422	8.967	16.357	23.851	309.800
19/01/2015	2.936	8.538	16.782	23.633	396.100
20/01/2015	2.162	7.890	16.880	22.948	426.500
21/01/2015	8.875	6.435	16.652	21.062	473.900
22/01/2015	11.092	7.184	16.446	21.741	501.700
23/01/2015	4.292	8.419	16.315	23.065	547.300
24/01/2015	4.671	8.548	16.572	23.434	638.300
25/01/2015	3.188	9.472	16.281	24.286	567.700
26/01/2015	1.034	9.723	16.021	24.421	611.900
27/01/2015	3.374	8.606	16.503	23.390	649.500
28/01/2015	1.618	9.196	16.232	23.861	638.500
29/01/2015	0.380	10.705	15.744	25.302	595.100
30/01/2015	1.654	9.312	16.354	24.033	516.200
31/01/2015	4.302	8.648	16.567	23.385	511.500
01/02/2015	0.888	9.952	16.876	25.100	516.200
02/02/2015	1.284	9.471	16.517	24.276	440.800
03/02/2015	4.848	8.596	17.277	23.793	406.400
04/02/2015	0.282	9.722	16.574	24.579	374.500
05/02/2015	7.479	8.657	17.301	23.864	379.500
06/02/2015	23.430	7.522	16.700	22.119	382.800
07/02/2015	16.230	7.596	16.398	21.933	396.700
08/02/2015	9.583	7.016	16.922	21.661	464.900
09/02/2015	1.216	7.688	16.697	22.196	447.000
10/02/2015	0.431	7.581	16.432	21.860	500.800
11/02/2015	0.269	8.913	16.982	23.794	645.000
12/02/2015	0.526	9.797	17.001	24.824	678.500
13/02/2015	0.636	9.968	17.144	25.065	661.300
14/02/2015	6.083	9.733	16.947	24.652	730.000
15/02/2015	4.779	10.038	17.259	25.197	712.400
16/02/2015	5.377	10.837	16.884	25.826	621.700
17/02/2015	1.223	11.106	16.448	25.856	568.000
18/02/2015	3.141	10.190	16.778	24.991	521.600
19/02/2015	0.445	8.313	17.400	23.296	486.700
20/02/2015	0.450	9.371	17.042	24.180	491.600
21/02/2015	0.470	11.108	15.961	25.379	436.200
22/02/2015	0.277	11.757	16.139	26.228	443.300
23/02/2015	2.127	10.853	16.240	25.257	424.700
24/02/2015	4.196	10.058	16.069	24.174	397.100
25/02/2015	0.237	9.709	16.487	24.060	391.800
26/02/2015	0.287	10.466	16.527	24.938	366.500
27/02/2015	1.597	10.858	16.251	25.171	352.700
28/02/2015	1.496	10.608	16.234	24.839	327.200
01/03/2015	9.412	10.947	16.563	25.482	378.100
02/03/2015	10.069	10.239	17.010	24.941	400.900
03/03/2015	2.449	9.597	17.239	24.391	433.100
04/03/2015	4.738	9.801	17.488	24.766	382.800
05/03/2015	2.191	10.202	16.987	24.846	357.700
06/03/2015	6.091	8.958	17.200	23.618	345.500
07/03/2015	1.471	9.343	17.340	24.137	371.900
08/03/2015	6.314	11.033	17.236	25.886	416.000
09/03/2015	0.188	10.889	17.436	25.886	476.600
10/03/2015	0.673	10.589	18.115	26.043	470.700
11/03/2015	0.000	10.506	18.282	26.081	429.800
12/03/2015	2.472	10.081	17.577	25.112	377.200
13/03/2015	3.900	9.643	17.150	24.260	304.200
14/03/2015	8.083	8.228	17.606	23.108	276.400
15/03/2015	1.531	10.334	17.284	25.107	283.300
16/03/2015	3.567	8.663	17.810	23.696	270.700
17/03/2015	1.358	7.389	18.111	22.683	289.600
18/03/2015	22.835	6.419	17.606	21.231	358.700
19/03/2015	1.874	7.505	16.964	21.847	411.900
20/03/2015	3.202	8.883	16.796	23.096	531.000
21/03/2015	2.129	9.512	16.718	23.702	638.600
22/03/2015	0.466	10.650	16.061	24.505	767.000
23/03/2015	5.299	11.001	15.991	24.869	832.700
24/03/2015	9.286	10.718	17.013	25.270	760.700
25/03/2015	9.024	10.556	16.584	24.784	734.800
26/03/2015	5.418	10.110	17.174	24.706	668.300
27/03/2015	0.425	10.664	17.115	25.350	600.900
28/03/2015	4.545	9.085	17.045	23.550	598.600
29/03/2015	21.823	8.112	17.008	22.430	538.800
30/03/2015	4.653	9.171	16.267	23.021	699.000
31/03/2015	6.218	10.570	16.800	24.958	805.800
01/04/2015	3.150	9.888	17.190	24.492	900.400
02/04/2015	1.866	9.856	17.312	24.560	877.800
03/04/2015	5.615	8.755	16.958	23.080	827.200
04/04/2015	4.326	8.889	16.909	23.245	893.900
05/04/2015	10.937	9.855	16.487	23.943	940.800
06/04/2015	3.984	10.402	16.763	24.744	1018.000
07/04/2015	9.537	10.665	16.844	25.082	997.400
08/04/2015	17.462	8.998	16.840	23.263	951.000
09/04/2015	1.943	10.959	16.530	25.210	951.600
10/04/2015	2.061	10.708	17.202	25.429	871.000
11/04/2015	18.992	7.905	17.403	22.581	886.400
12/04/2015	0.881	10.954	16.633	25.279	888.400
13/04/2015	3.429	9.346	17.597	24.278	761.700
14/04/2015	4.641	8.579	17.440	23.321	717.800
15/04/2015	10.063	9.121	16.584	23.331	764.700
16/04/2015	15.499	8.657	16.819	22.931	943.000
17/04/2015	7.480	8.371	16.493	22.358	1054.000
18/04/2015	4.628	10.690	16.400	24.894	1102.000
19/04/2015	14.883	8.128	16.777	22.343	1242.000
20/04/2015	6.209	10.063	16.785	24.499	1292.000
21/04/2015	11.263	9.378	16.761	23.711	1430.000
22/04/2015	0.495	10.086	16.583	24.411	1459.000
23/04/2015	1.681	10.839	16.889	25.473	1321.000
24/04/2015	4.001	10.153	17.238	25.000	1214.000
25/04/2015	5.115	8.528	17.323	23.288	1159.000
26/04/2015	1.440	11.306	16.986	26.093	1068.000
27/04/2015	0.422	11.305	16.921	26.068	921.800
28/04/2015	1.893	10.085	17.378	25.025	840.500
29/04/2015	2.100	10.189	17.072	24.981	803.100
30/04/2015	6.580	8.786	16.929	23.393	792.500
01/05/2015	4.262	9.069	16.982	23.681	747.200
02/05/2015	7.881	10.164	16.117	24.324	764.900
03/05/2015	12.791	8.808	17.243	23.636	750.300
04/05/2015	4.065	11.184	15.715	25.259	729.100
05/05/2015	1.682	10.677	16.166	24.968	734.600
06/05/2015	4.786	10.360	16.558	24.863	646.200
07/05/2015	6.167	11.593	16.028	25.938	588.400
08/05/2015	3.336	10.275	17.445	25.417	659.700
09/05/2015	2.748	9.127	17.790	24.431	585.500
10/05/2015	6.208	10.471	17.171	25.469	530.700
11/05/2015	7.266	10.108	17.879	25.613	484.400
12/05/2015	0.115	11.422	16.897	26.403	432.100
13/05/2015	9.247	9.424	18.181	25.106	403.100
14/05/2015	4.453	8.275	18.248	23.904	386.900
15/05/2015	22.620	8.418	17.357	23.409	423.000
16/05/2015	3.211	9.900	16.800	24.652	531.500
17/05/2015	16.528	7.951	17.474	23.017	694.800
18/05/2015	4.038	9.697	17.388	24.866	685.200
19/05/2015	6.367	10.169	16.899	25.071	821.500
20/05/2015	0.938	10.252	17.051	25.314	733.100
21/05/2015	12.599	8.930	17.515	24.156	794.600
22/05/2015	1.184	9.338	16.925	24.241	780.200
23/05/2015	0.477	10.800	16.351	25.486	728.800
24/05/2015	3.848	10.020	16.180	24.507	656.100
25/05/2015	6.414	8.214	16.753	22.834	656.200
26/05/2015	4.017	9.665	16.685	24.453	838.400
27/05/2015	7.203	8.928	17.095	23.884	893.400
28/05/2015	14.948	7.095	17.007	21.864	833.500
29/05/2015	6.525	6.882	16.661	21.347	1208.000
30/05/2015	3.875	9.295	15.731	23.363	1371.000
31/05/2015	7.244	9.961	16.311	24.584	1365.000
01/06/2015	3.573	9.306	16.659	24.055	1309.000
02/06/2015	0.196	10.128	16.486	24.915	1025.000
03/06/2015	6.868	9.695	17.036	24.778	1083.000
04/06/2015	1.857	9.233	17.372	24.570	968.100
05/06/2015	8.143	8.728	16.390	23.267	961.900
06/06/2015	0.461	9.565	16.818	24.548	793.800
07/06/2015	4.678	8.786	16.419	23.362	988.800
08/06/2015	3.835	8.495	16.962	23.429	968.200
09/06/2015	6.187	8.518	16.484	23.122	960.500
10/06/2015	5.319	9.189	16.284	23.715	962.600
11/06/2015	2.482	9.934	16.261	24.562	1056.000
12/06/2015	0.508	10.505	16.441	25.407	956.600
13/06/2015	4.652	9.513	16.104	23.963	889.800
14/06/2015	3.325	9.636	16.654	24.596	990.400
15/06/2015	6.081	9.365	16.716	24.285	951.900
16/06/2015	0.869	11.423	16.561	26.614	804.700
17/06/2015	6.352	9.711	17.003	24.891	706.500
18/06/2015	1.380	10.182	16.931	25.409	616.400
19/06/2015	0.386	10.845	17.016	26.213	547.200
20/06/2015	3.058	10.298	17.080	25.653	487.800
21/06/2015	2.235	9.539	16.683	24.499	492.700
22/06/2015	1.884	9.954	16.647	24.941	479.500
23/06/2015	1.584	11.102	16.964	26.487	482.800
24/06/2015	2.102	11.720	17.079	27.310	496.000
25/06/2015	0.255	11.327	16.624	26.533	439.400
26/06/2015	3.892	9.204	17.282	24.470	404.600
27/06/2015	9.746	9.528	17.710	25.165	362.500
28/06/2015	1.855	10.384	16.827	25.546	341.700
29/06/2015	2.268	9.605	16.238	24.221	333.000
30/06/2015	1.509	9.788	16.185	24.432	313.800
01/07/2015	0.619	12.272	15.853	27.171	304.700
02/07/2015	0.115	11.357	17.107	26.931	290.900
03/07/2015	0.823	12.129	16.416	27.407	280.300
04/07/2015	7.452	10.246	17.441	25.800	260.600
05/07/2015	10.192	9.115	17.991	24.945	262.800
06/07/2015	6.117	9.057	17.226	24.307	250.500
07/07/2015	13.721	8.906	17.164	24.079	281.300
08/07/2015	4.623	10.079	16.529	24.946	363.200
09/07/2015	1.482	10.478	16.269	25.263	366.400
10/07/2015	3.320	9.884	16.578	24.715	530.200
11/07/2015	6.960	8.628	17.733	24.126	422.500
12/07/2015	2.771	8.274	17.388	23.464	405.600
13/07/2015	2.345	10.128	16.731	25.160	423.800
14/07/2015	0.758	9.597	17.275	24.894	333.800
15/07/2015	8.834	8.832	16.806	23.700	662.100
16/07/2015	6.078	9.744	16.506	24.488	753.000
17/07/2015	2.283	10.647	16.248	25.387	765.100
18/07/2015	2.101	9.590	16.505	24.310	576.000
19/07/2015	1.609	8.953	16.526	23.587	492.300
20/07/2015	6.463	8.377	16.540	22.926	1037.000
21/07/2015	8.651	9.605	16.530	24.310	1273.000
22/07/2015	7.094	9.371	17.144	24.433	1200.000
23/07/2015	6.207	9.547	16.082	23.903	1428.000
24/07/2015	4.359	11.513	15.244	25.641	1174.000
25/07/2015	0.021	12.888	15.655	27.525	872.600
26/07/2015	4.647	11.016	16.257	25.692	720.500
27/07/2015	7.376	9.483	17.264	24.646	672.700
28/07/2015	1.127	10.035	16.884	24.951	591.100
29/07/2015	6.222	10.251	16.388	24.824	556.300
30/07/2015	2.071	9.878	16.668	24.581	486.900
31/07/2015	0.960	10.192	16.318	24.687	439.600
01/08/2015	3.694	10.328	16.259	24.824	613.900
02/08/2015	0.441	10.925	17.032	26.040	448.200
03/08/2015	0.393	11.940	16.287	26.696	410.900
04/08/2015	3.150	11.789	17.063	27.038	419.600
05/08/2015	0.594	11.254	17.396	26.602	386.500
06/08/2015	0.339	12.198	16.667	27.228	350.900
07/08/2015	11.801	8.805	17.835	24.152	426.800
08/08/2015	5.717	8.267	17.282	23.174	696.400
09/08/2015	10.535	7.813	16.877	22.337	705.700
10/08/2015	1.367	9.969	15.877	23.980	522.200
11/08/2015	3.171	10.261	16.697	24.885	521.300
12/08/2015	0.158	10.681	16.197	25.023	431.100
13/08/2015	3.718	9.417	17.064	24.231	396.900
14/08/2015	5.805	9.458	16.850	24.106	439.400
15/08/2015	2.978	9.879	16.389	24.223	478.500
16/08/2015	2.253	9.780	16.807	24.448	415.800
17/08/2015	3.486	10.225	17.143	25.182	607.200
18/08/2015	3.031	10.957	16.215	25.322	795.700
19/08/2015	3.651	11.496	16.320	25.971	579.500
20/08/2015	3.550	11.105	17.017	26.014	556.800
21/08/2015	12.291	9.748	16.885	24.383	576.200
22/08/2015	1.836	10.288	16.607	24.812	611.900
23/08/2015	2.921	10.658	16.553	25.189	548.100
24/08/2015	6.230	9.215	17.687	24.354	482.800
25/08/2015	5.828	9.573	16.695	24.012	645.400
26/08/2015	7.788	9.741	16.657	24.194	922.800
27/08/2015	3.927	9.996	16.511	24.343	753.400
28/08/2015	2.273	10.416	17.407	25.441	663.500
29/08/2015	1.347	12.230	16.566	26.904	600.400
30/08/2015	2.317	11.181	16.154	25.434	518.600
31/08/2015	2.747	10.975	17.103	25.805	631.200
01/09/2015	2.690	10.573	16.898	25.207	805.800
02/09/2015	1.398	10.149	16.490	24.444	667.800
03/09/2015	10.360	10.357	16.443	24.635	550.700
04/09/2015	1.544	12.249	16.142	26.613	470.700
05/09/2015	1.880	10.492	17.182	25.353	447.700
06/09/2015	6.581	9.664	16.769	24.098	431.500
07/09/2015	4.036	10.889	17.120	25.712	479.800
08/09/2015	3.988	11.289	16.941	26.080	704.900
09/09/2015	1.618	9.827	17.432	24.796	544.500
10/09/2015	7.738	8.773	17.227	23.522	449.100
11/09/2015	6.254	7.483	16.667	21.675	543.600
12/09/2015	0.137	12.975	14.741	26.472	543.200
13/09/2015	0.026	12.776	15.138	26.599	447.400
14/09/2015	0.604	12.853	15.106	26.616	344.400
15/09/2015	3.911	12.195	15.938	26.370	400.100
16/09/2015	0.554	11.715	16.866	26.514	327.200
17/09/2015	6.980	9.997	16.953	24.604	320.000
18/09/2015	8.008	8.673	17.454	23.570	275.100
19/09/2015	11.770	10.436	17.011	25.094	317.700
20/09/2015	6.853	8.913	17.590	23.866	321.700
21/09/2015	3.720	10.762	16.452	25.108	342.900
22/09/2015	4.100	9.983	17.624	25.079	342.900
23/09/2015	4.454	9.793	17.171	24.571	276.400
24/09/2015	5.687	10.491	16.694	25.028	378.300
25/09/2015	1.162	11.759	16.247	26.126	299.400
26/09/2015	0.409	11.338	16.495	25.854	277.000
27/09/2015	0.112	11.659	16.727	26.370	221.800
28/09/2015	4.029	11.936	16.892	26.827	206.500
29/09/2015	7.662	9.620	17.405	24.604	172.300
30/09/2015	15.812	10.002	16.422	24.276	237.300
01/10/2015	4.565	7.630	16.996	22.078	248.800
02/10/2015	1.822	9.735	16.862	24.307	308.100
03/10/2015	10.215	9.700	17.134	24.487	458.300
04/10/2015	1.137	11.188	17.402	26.388	379.700
05/10/2015	5.644	12.045	16.615	26.835	352.100
06/10/2015	3.344	10.937	17.058	25.927	301.200
07/10/2015	12.298	10.217	16.843	24.955	315.000
08/10/2015	1.812	9.805	17.064	24.632	252.000
09/10/2015	11.558	9.602	16.532	24.038	261.500
10/10/2015	3.618	9.883	16.643	24.444	274.900
11/10/2015	5.588	7.543	16.967	22.074	424.400
12/10/2015	5.410	8.999	16.905	23.634	421.500
13/10/2015	11.405	8.637	17.246	23.543	578.000
14/10/2015	25.686	8.868	16.825	23.458	407.900
15/10/2015	5.795	7.994	17.209	22.787	627.900
16/10/2015	15.395	7.073	17.147	21.799	906.500
17/10/2015	1.541	10.333	16.583	24.996	898.400
18/10/2015	13.114	8.664	17.147	23.569	1015.000
19/10/2015	4.024	11.049	16.188	25.635	796.200
20/10/2015	4.102	9.879	16.768	24.721	725.900
21/10/2015	4.415	10.913	15.995	25.377	671.000
22/10/2015	2.285	10.415	16.484	25.130	627.500
23/10/2015	6.345	8.581	17.292	23.661	600.700
24/10/2015	7.629	8.224	16.375	22.580	574.700
25/10/2015	18.043	8.244	16.655	22.784	738.800
26/10/2015	5.526	7.534	16.852	22.171	731.000
27/10/2015	12.156	7.099	16.994	21.852	664.100
28/10/2015	0.963	10.114	15.993	24.547	578.000
29/10/2015	2.640	9.674	15.993	24.077	538.500
30/10/2015	12.142	9.905	16.261	24.570	589.000
31/10/2015	8.260	8.018	16.963	22.885	722.100
01/11/2015	6.460	6.854	17.119	21.735	656.300
02/11/2015	1.647	7.327	16.315	21.590	706.800
03/11/2015	0.819	9.320	16.581	24.131	751.500
04/11/2015	12.167	8.142	16.824	22.955	1076.000
05/11/2015	17.722	6.717	16.844	21.381	946.100
06/11/2015	5.862	8.713	16.937	23.741	850.500
07/11/2015	4.261	6.109	17.182	21.114	900.800
08/11/2015	9.605	9.522	16.239	24.237	989.000
09/11/2015	20.533	8.026	16.735	22.881	918.900
10/11/2015	7.162	9.852	16.175	24.655	931.000
11/11/2015	3.628	8.719	16.493	23.527	925.700
12/11/2015	0.791	9.282	16.649	24.331	848.500
13/11/2015	10.389	9.872	16.413	24.917	843.500
14/11/2015	5.253	9.499	17.195	25.042	725.500
15/11/2015	29.415	7.831	17.701	23.474	727.500
16/11/2015	20.795	8.085	17.297	23.480	670.100
17/11/2015	32.136	6.375	16.974	21.282	713.500
18/11/2015	2.816	7.569	16.340	22.183	894.400
19/11/2015	0.901	8.817	16.322	23.651	940.800
20/11/2015	1.320	8.670	16.764	23.813	899.800
21/11/2015	5.738	8.314	16.971	23.553	849.000
22/11/2015	11.365	8.382	17.514	24.065	827.700
23/11/2015	3.549	9.095	16.326	24.078	1014.000
24/11/2015	2.943	8.426	16.629	23.521	969.000
25/11/2015	5.597	9.528	16.350	24.659	825.400
26/11/2015	3.139	9.127	16.501	24.311	872.700
27/11/2015	15.883	8.634	16.428	23.644	934.500
28/11/2015	5.327	7.752	17.248	23.235	833.100
29/11/2015	1.963	9.653	16.678	25.080	749.800
30/11/2015	6.201	9.137	17.447	25.031	669.000
01/12/2015	4.853	8.252	17.943	24.341	616.600
02/12/2015	0.747	8.915	17.825	25.066	561.800
03/12/2015	2.697	9.155	16.040	24.074	504.500
04/12/2015	20.995	7.860	17.238	23.371	523.200
05/12/2015	5.810	9.819	16.313	25.135	461.700
06/12/2015	4.048	9.793	15.832	24.762	519.800
07/12/2015	11.436	8.840	16.618	24.151	439.600
08/12/2015	5.767	9.344	16.105	24.392	427.600
09/12/2015	7.337	9.650	16.163	24.859	375.500
10/12/2015	5.267	9.988	16.378	25.406	344.600
11/12/2015	0.453	10.111	16.095	25.418	314.700
12/12/2015	0.048	11.362	14.633	26.066	288.200
13/12/2015	6.890	9.188	16.003	24.207	260.000
14/12/2015	5.320	8.810	16.401	23.978	240.500
15/12/2015	7.380	8.326	16.401	23.383	275.600
16/12/2015	6.687	9.145	16.618	24.532	459.900
17/12/2015	18.000	7.485	17.574	23.273	442.000
18/12/2015	3.174	8.925	16.272	24.028	425.500
19/12/2015	4.459	9.151	17.465	25.176	367.900
20/12/2015	4.563	9.204	17.123	25.017	293.600
21/12/2015	8.115	10.523	15.859	25.793	265.900
22/12/2015	1.199	10.436	16.011	25.814	231.700
23/12/2015	0.629	10.053	16.534	25.680	217.800
24/12/2015	0.235	10.378	16.208	25.869	202.500
25/12/2015	0.662	11.134	15.686	26.448	186.700
26/12/2015	0.916	10.654	15.728	25.864	167.100
02/01/2016	10.798	7.624	17.776	23.521	543.633
03/01/2016	1.415	9.783	16.451	25.176	501.059
04/01/2016	25.691	8.279	17.379	23.970	508.690
05/01/2016	4.799	9.068	17.086	24.737	498.037
06/01/2016	10.374	8.306	17.465	24.055	518.383
07/01/2016	6.847	9.540	17.407	25.489	500.902
08/01/2016	7.416	8.687	18.752	25.452	546.901
09/01/2016	6.385	9.526	17.601	25.614	500.910
10/01/2016	3.221	8.518	17.458	24.295	471.718
11/01/2016	0.931	7.787	17.075	23.078	460.710
12/01/2016	0.075	10.286	16.200	25.526	470.856
13/01/2016	0.059	9.641	17.103	25.343	477.094
14/01/2016	0.698	10.487	16.185	25.722	488.353
15/01/2016	0.000	11.915	15.283	26.880	471.647
16/01/2016	0.000	11.353	16.224	26.812	450.957
17/01/2016	0.012	11.262	16.017	26.526	451.134
18/01/2016	0.095	11.267	16.816	27.076	440.488
19/01/2016	0.080	11.782	15.418	26.744	425.369
20/01/2016	0.000	10.867	15.811	25.804	411.335
21/01/2016	0.184	9.733	16.386	24.793	400.500
22/01/2016	0.133	9.882	17.206	25.509	394.631
23/01/2016	1.427	10.458	17.499	26.427	386.757
24/01/2016	0.026	9.454	17.708	25.410	380.708
25/01/2016	0.141	10.139	17.162	25.729	378.153
26/01/2016	0.132	11.086	16.386	26.336	383.949
27/01/2016	0.000	11.423	16.581	26.863	390.824
28/01/2016	0.192	10.485	15.965	25.319	373.087
29/01/2016	0.727	10.521	16.483	25.657	370.528
30/01/2016	0.055	10.808	16.102	25.716	362.892
31/01/2016	0.000	11.456	15.770	26.236	405.299
01/02/2016	0.000	11.692	15.739	26.483	373.151
02/02/2016	0.021	11.288	16.055	26.190	355.468
03/02/2016	0.038	11.072	16.798	26.395	349.712
04/02/2016	5.442	9.774	16.695	24.737	346.264
05/02/2016	5.684	9.222	17.430	24.606	343.694
06/02/2016	0.004	11.979	15.773	26.665	347.470
07/02/2016	0.050	10.223	17.468	25.774	371.025
08/02/2016	0.309	9.431	18.090	25.243	362.642
09/02/2016	0.237	9.892	17.484	25.373	370.092
10/02/2016	0.492	9.967	17.559	25.448	405.939
11/02/2016	3.475	9.123	17.992	24.839	365.446
12/02/2016	13.047	9.300	17.691	24.718	367.280
13/02/2016	1.123	9.913	17.722	25.438	349.429
14/02/2016	0.337	10.827	18.176	26.772	344.681
15/02/2016	0.050	10.677	17.551	26.140	350.049
16/02/2016	0.000	11.179	17.829	26.890	347.286
17/02/2016	7.372	9.413	18.072	25.099	336.938
18/02/2016	1.650	11.236	17.277	26.522	335.794
19/02/2016	2.934	11.474	17.627	27.050	368.233
20/02/2016	0.014	9.595	18.600	25.607	348.195
21/02/2016	4.302	6.229	18.686	22.193	357.693
22/02/2016	0.999	8.915	18.053	24.385	368.620
23/02/2016	8.360	10.607	18.345	26.460	510.811
24/02/2016	5.969	9.407	18.109	24.927	478.358
25/02/2016	7.771	8.687	17.888	24.029	436.838
26/02/2016	1.783	10.343	17.232	25.315	416.487
27/02/2016	0.301	11.084	18.011	26.670	384.045
28/02/2016	0.515	9.928	18.595	25.837	399.806
29/02/2016	0.102	10.040	18.091	25.564	405.054
01/03/2016	3.410	10.034	18.160	25.600	430.893
02/03/2016	6.705	9.009	18.305	24.584	382.742
03/03/2016	0.797	9.724	18.254	25.295	390.278
04/03/2016	2.404	8.357	18.673	24.207	415.746
05/03/2016	4.617	10.484	17.699	25.677	395.704
06/03/2016	6.411	9.327	17.513	24.272	432.034
07/03/2016	4.821	9.499	17.403	24.334	469.222
08/03/2016	6.115	10.509	17.307	25.355	503.181
09/03/2016	6.713	10.549	17.296	25.384	466.613
10/03/2016	7.295	10.298	17.713	25.435	476.737
11/03/2016	3.890	10.573	17.772	25.738	463.338
12/03/2016	2.589	10.052	18.221	25.501	522.681
13/03/2016	4.159	9.814	18.126	25.158	492.105
14/03/2016	3.931	9.504	17.975	24.703	485.303
15/03/2016	1.956	10.914	18.042	26.258	551.697
16/03/2016	0.911	10.532	18.077	25.881	602.860
17/03/2016	6.771	8.700	18.688	24.431	535.823
18/03/2016	5.306	10.533	17.648	25.546	537.303
19/03/2016	0.142	10.749	18.162	26.178	567.025
20/03/2016	4.855	9.934	18.368	25.486	548.853
21/03/2016	1.426	9.066	17.817	24.113	542.454
22/03/2016	1.899	10.531	17.868	25.741	536.356
23/03/2016	1.506	10.326	18.310	25.808	571.378
24/03/2016	0.100	12.212	16.694	26.745	550.748
25/03/2016	0.921	12.722	17.624	27.929	508.606
26/03/2016	0.220	12.303	17.550	27.425	470.309
27/03/2016	3.605	10.184	19.067	26.228	451.193
28/03/2016	3.828	9.857	18.427	25.368	443.179
29/03/2016	4.054	11.906	17.799	27.131	439.614
30/03/2016	21.988	8.306	18.763	24.069	449.132
31/03/2016	6.470	9.983	17.562	24.853	447.824
01/04/2016	3.572	8.277	17.984	23.378	489.413
02/04/2016	11.104	7.244	18.001	22.368	470.206
03/04/2016	0.374	9.428	17.496	24.205	503.822
04/04/2016	1.413	8.479	17.506	23.233	606.313
05/04/2016	2.183	10.194	18.077	25.506	569.900
06/04/2016	1.827	10.640	17.560	25.589	614.995
07/04/2016	11.606	9.790	18.620	25.498	612.460
08/04/2016	0.455	10.135	18.562	25.783	606.148
09/04/2016	27.066	8.338	18.651	23.981	616.133
10/04/2016	4.218	8.642	18.335	24.120	703.623
11/04/2016	8.100	8.797	17.811	23.843	679.034
12/04/2016	21.896	5.362	18.017	20.627	624.666
13/04/2016	0.489	8.897	17.234	23.479	760.446
14/04/2016	0.871	11.514	16.689	26.021	946.259
15/04/2016	0.459	11.221	18.186	26.733	890.030
16/04/2016	15.102	8.973	18.739	24.751	861.771
17/04/2016	6.363	8.451	18.251	23.811	880.684
18/04/2016	0.434	9.853	18.291	25.359	842.851
19/04/2016	7.074	10.066	17.261	24.869	962.288
20/04/2016	1.544	9.985	17.861	25.228	846.077
21/04/2016	5.880	10.914	17.852	26.234	846.066
22/04/2016	5.533	9.468	18.316	25.001	814.554
23/04/2016	5.918	8.720	17.999	24.028	933.462
24/04/2016	10.353	6.039	18.088	21.501	951.108
25/04/2016	10.974	9.192	17.301	23.970	887.323
26/04/2016	8.944	8.769	17.872	23.965	941.551
27/04/2016	11.379	8.190	17.809	23.366	897.428
28/04/2016	9.327	6.970	17.519	21.892	934.335
29/04/2016	10.400	10.118	17.106	24.907	997.889
30/04/2016	9.285	8.313	17.728	23.396	1075.211
01/05/2016	7.122	9.119	17.272	23.918	1107.488
02/05/2016	8.067	7.831	17.544	22.828	1298.123
03/05/2016	1.546	8.813	16.837	23.261	1316.070
04/05/2016	16.006	9.354	17.242	24.229	1468.248
05/05/2016	3.044	9.903	17.458	25.003	1351.311
06/05/2016	17.094	9.037	17.323	23.999	1433.926
07/05/2016	13.478	8.759	16.745	23.246	1509.559
08/05/2016	5.115	8.752	16.646	23.205	1507.959
09/05/2016	12.704	8.699	17.296	23.586	1494.145
10/05/2016	23.029	6.460	17.129	21.174	1671.017
11/05/2016	0.981	9.746	16.506	24.184	1932.542
12/05/2016	0.434	10.803	16.518	25.462	1935.355
13/05/2016	1.278	9.785	17.311	24.827	1681.700
14/05/2016	8.412	9.880	17.131	24.856	1607.211
15/05/2016	3.551	10.331	17.648	25.779	1579.003
16/05/2016	3.198	10.252	17.472	25.561	1420.622
17/05/2016	2.784	10.193	17.880	25.844	1252.489
18/05/2016	9.587	8.899	18.176	24.628	1142.316
19/05/2016	1.575	9.308	17.693	24.681	1101.720
20/05/2016	2.734	9.663	17.888	25.297	1078.022
21/05/2016	3.649	10.448	17.597	25.932	1128.930
22/05/2016	3.932	9.948	18.356	25.953	1124.169
23/05/2016	2.009	10.076	18.084	25.887	1015.490
24/05/2016	2.993	9.297	17.882	24.889	989.072
25/05/2016	5.869	9.042	17.674	24.541	977.562
26/05/2016	20.561	7.809	17.413	22.865	990.867
27/05/2016	2.168	9.954	16.207	24.507	1126.571
28/05/2016	9.177	7.849	17.347	22.900	1051.927
29/05/2016	9.352	7.821	17.452	22.994	1189.032
30/05/2016	7.124	9.708	16.991	24.774	1098.175
31/05/2016	13.000	8.354	16.644	22.960	1499.972
01/06/2016	2.788	9.177	16.102	23.547	1405.795
02/06/2016	4.800	8.746	17.144	23.772	1412.706
03/06/2016	5.502	7.993	16.856	22.774	1633.550
04/06/2016	5.079	10.422	16.205	25.103	1525.555
05/06/2016	0.583	11.477	15.349	25.832	1445.189
06/06/2016	3.641	8.256	16.303	22.663	1344.526
07/06/2016	3.704	8.702	15.937	22.946	1457.426
08/06/2016	4.392	10.255	16.113	24.848	1502.326
09/06/2016	2.439	9.224	16.350	23.804	1305.345
10/06/2016	6.851	8.495	16.516	23.099	1300.260
11/06/2016	1.670	9.582	15.998	23.958	1324.943
12/06/2016	2.270	10.851	15.732	25.311	1247.822
13/06/2016	7.739	9.001	16.735	23.884	1173.628
14/06/2016	9.657	7.845	16.690	22.559	1088.005
15/06/2016	4.604	9.645	16.400	24.358	1073.382
16/06/2016	3.340	11.000	15.612	25.450	1087.918
17/06/2016	0.363	10.291	16.078	24.915	997.420
18/06/2016	3.929	9.304	16.409	24.015	1020.586
19/06/2016	9.779	8.753	16.746	23.590	1037.889
20/06/2016	5.048	8.786	16.767	23.707	1006.578
21/06/2016	5.982	9.081	16.161	23.549	976.715
22/06/2016	2.488	10.238	16.490	25.164	1094.051
23/06/2016	3.819	9.663	16.725	24.603	1217.792
24/06/2016	8.132	8.629	16.595	23.344	1156.179
25/06/2016	4.939	9.830	16.278	24.547	1116.346
26/06/2016	4.685	9.242	16.261	23.793	1245.631
27/06/2016	0.052	11.382	16.033	26.200	1167.098
28/06/2016	7.163	10.306	17.170	25.701	1044.026
29/06/2016	6.153	10.061	16.807	25.166	1006.578
30/06/2016	1.419	9.626	16.964	24.737	955.811
01/07/2016	17.180	8.828	17.363	24.120	997.994
02/07/2016	7.456	8.566	17.178	23.732	1018.046
03/07/2016	8.464	9.339	16.985	24.440	1088.415
04/07/2016	3.193	9.414	17.372	24.828	1074.540
05/07/2016	4.035	8.678	17.080	23.792	1215.503
06/07/2016	5.561	9.285	16.150	23.723	1276.512
07/07/2016	0.605	10.719	16.502	25.717	1225.235
08/07/2016	1.389	10.605	17.397	26.221	1166.989
09/07/2016	0.058	11.661	16.254	26.666	1051.129
10/07/2016	2.686	9.707	17.442	25.171	1001.184
11/07/2016	1.960	9.930	16.901	25.076	993.744
12/07/2016	7.232	10.088	16.335	24.817	1109.799
13/07/2016	5.545	9.009	16.765	23.853	1074.985
14/07/2016	8.802	9.490	16.411	24.131	948.182
15/07/2016	7.413	9.074	16.544	23.749	1087.526
16/07/2016	8.125	8.323	16.238	22.708	1307.151
17/07/2016	2.852	9.354	16.362	23.877	1351.028
18/07/2016	5.873	8.765	16.194	23.068	1334.381
19/07/2016	0.864	9.441	16.554	24.120	1099.997
20/07/2016	2.739	9.582	16.072	23.908	1029.037
21/07/2016	5.557	9.371	16.407	23.941	1107.931
22/07/2016	5.667	9.646	16.083	24.020	1117.432
23/07/2016	3.596	9.740	15.875	24.027	1035.222
24/07/2016	5.000	9.640	15.777	23.773	1054.094
25/07/2016	8.847	9.398	15.870	23.474	1181.219
26/07/2016	1.229	11.315	15.189	25.308	1098.497
27/07/2016	4.480	9.905	16.397	24.460	1067.090
28/07/2016	7.743	10.264	15.973	24.541	1129.736
29/07/2016	4.984	9.604	16.653	24.277	1165.443
30/07/2016	2.635	9.741	16.098	24.006	1113.137
31/07/2016	4.254	10.367	16.057	24.717	1011.296
01/08/2016	2.674	10.515	16.360	25.074	996.360
02/08/2016	5.978	9.590	17.059	24.486	1153.941
03/08/2016	3.761	9.549	16.814	24.284	1167.944
04/08/2016	8.107	9.175	16.824	23.881	1465.754
05/08/2016	0.367	11.348	15.662	25.513	1232.850
06/08/2016	0.209	11.877	16.429	26.649	1063.452
07/08/2016	2.378	10.203	16.652	24.866	1016.368
08/08/2016	3.070	10.324	16.833	25.122	990.634
09/08/2016	3.503	9.734	17.036	24.572	987.478
10/08/2016	8.734	9.663	16.865	24.334	1075.638
11/08/2016	1.099	9.740	16.770	24.361	1012.214
12/08/2016	3.636	10.690	15.823	24.774	988.198
13/08/2016	3.890	10.482	16.538	24.999	976.444
14/08/2016	5.724	10.264	16.633	24.862	932.569
15/08/2016	1.243	9.948	16.833	24.613	955.962
16/08/2016	4.866	10.121	16.926	24.892	894.488
17/08/2016	3.785	10.264	17.284	25.286	799.415
18/08/2016	5.632	9.168	17.274	24.037	852.900
19/08/2016	2.152	10.404	16.147	24.586	831.531
20/08/2016	1.474	11.175	15.623	25.109	800.778
21/08/2016	2.688	11.654	16.259	26.077	828.846
22/08/2016	0.336	10.338	16.845	24.951	765.658
23/08/2016	2.376	11.950	15.926	26.195	722.468
24/08/2016	4.142	10.137	15.955	24.154	748.310
25/08/2016	0.807	10.788	16.453	25.212	700.038
26/08/2016	10.462	8.776	16.708	23.187	737.206
27/08/2016	3.579	10.376	16.179	24.500	891.026
28/08/2016	7.225	10.422	16.211	24.612	934.314
29/08/2016	5.026	11.133	15.899	25.159	886.801
30/08/2016	18.688	8.704	16.559	22.942	872.446
31/08/2016	8.303	9.537	16.296	23.648	1102.904
01/09/2016	11.048	8.832	16.414	22.920	1011.373
02/09/2016	0.865	9.623	16.159	23.676	997.588
03/09/2016	3.081	11.779	14.951	25.297	969.438
04/09/2016	5.867	9.829	17.011	24.462	845.851
05/09/2016	8.852	10.516	16.244	24.666	892.832
06/09/2016	9.470	9.906	16.600	24.249	1339.019
07/09/2016	11.344	7.764	16.509	21.807	1436.044
08/09/2016	0.276	11.787	14.947	25.217	1293.657
09/09/2016	3.768	10.200	16.616	24.591	1146.392
10/09/2016	9.104	9.741	16.347	23.851	1108.311
11/09/2016	9.241	9.176	16.567	23.386	1137.355
12/09/2016	4.137	8.995	16.409	23.146	1172.173
13/09/2016	0.702	9.409	16.639	23.738	1185.660
14/09/2016	16.755	8.661	16.708	22.916	1171.470
15/09/2016	19.416	9.559	15.900	23.354	1217.319
16/09/2016	0.180	11.896	15.479	25.736	1409.868
17/09/2016	1.553	11.273	16.169	25.482	1277.998
18/09/2016	3.409	10.577	16.173	24.689	1114.386
19/09/2016	3.437	10.519	16.244	24.626	1060.835
20/09/2016	6.888	10.799	16.794	25.382	989.207
21/09/2016	10.581	8.999	16.803	23.405	1065.549
22/09/2016	0.530	9.505	15.972	23.392	967.759
23/09/2016	0.858	10.393	16.399	24.664	915.282
24/09/2016	5.184	8.437	17.198	23.119	904.231
25/09/2016	5.908	9.586	16.537	23.884	844.511
26/09/2016	4.319	10.291	16.409	24.565	824.345
27/09/2016	13.264	10.405	16.571	24.838	863.648
28/09/2016	1.505	9.972	16.448	24.274	842.065
29/09/2016	6.939	9.841	16.713	24.357	821.640
30/09/2016	6.664	9.671	16.526	24.021	835.291
01/10/2016	12.179	7.676	16.748	21.936	868.840
02/10/2016	6.812	9.395	16.797	23.877	974.618
03/10/2016	1.995	8.479	16.963	23.041	1045.873
04/10/2016	5.207	10.508	17.268	25.536	928.081
05/10/2016	20.966	9.405	16.916	24.006	1026.091
06/10/2016	9.132	8.592	17.524	23.663	975.109
07/10/2016	15.112	8.073	16.917	22.585	935.829
08/10/2016	4.687	8.929	16.921	23.531	1121.785
09/10/2016	11.920	8.703	16.998	23.384	1288.272
10/10/2016	11.113	8.284	16.937	22.869	1338.780
11/10/2016	6.031	8.109	17.055	22.807	1389.095
12/10/2016	15.183	7.919	16.843	22.411	1359.415
13/10/2016	1.721	9.989	16.455	24.489	1499.585
14/10/2016	13.880	9.318	17.073	24.183	1351.993
15/10/2016	6.373	8.956	17.117	23.826	1281.099
16/10/2016	13.368	10.326	16.125	24.695	1227.957
17/10/2016	6.150	9.857	16.720	24.583	1297.576
18/10/2016	16.437	6.364	17.147	21.108	1429.781
19/10/2016	0.097	10.160	15.848	24.328	1414.309
20/10/2016	3.262	9.377	16.495	23.919	1508.424
21/10/2016	3.181	9.396	16.548	24.052	1444.775
22/10/2016	10.171	9.035	16.427	23.547	1305.124
23/10/2016	7.455	8.512	16.948	23.323	1208.682
24/10/2016	7.683	9.280	16.708	24.051	1222.237
25/10/2016	14.040	6.436	16.830	21.012	1164.219
26/10/2016	4.147	8.432	16.841	23.200	1480.276
27/10/2016	1.204	10.324	16.227	24.988	1426.279
28/10/2016	11.598	9.187	17.166	24.305	1640.482
29/10/2016	24.983	7.690	16.708	22.285	1835.409
30/10/2016	0.571	10.336	15.503	24.558	1744.724
31/10/2016	11.339	8.634	16.360	23.188	1664.402
01/11/2016	19.223	8.360	16.457	22.918	1615.489
02/11/2016	4.378	8.201	17.003	23.130	1615.966
03/11/2016	6.333	9.186	16.661	24.048	1695.706
04/11/2016	4.045	8.484	17.553	23.908	1612.550
05/11/2016	6.181	8.885	16.904	23.951	1612.943
06/11/2016	16.680	8.043	17.038	23.109	1726.830
07/11/2016	7.951	8.279	16.674	23.108	1731.786
08/11/2016	3.985	8.972	16.159	23.562	1549.443
09/11/2016	5.090	8.923	17.195	24.309	1522.463
10/11/2016	16.105	7.556	17.482	22.949	1448.322
11/11/2016	28.507	5.726	17.023	20.569	1421.010
12/11/2016	6.383	8.288	16.038	22.757	1448.972
13/11/2016	3.172	8.990	17.061	24.310	1532.306
14/11/2016	13.122	6.657	16.998	21.632	1555.460
15/11/2016	6.867	8.154	16.490	22.928	1615.832
16/11/2016	4.296	8.817	16.446	23.693	1776.742
17/11/2016	7.645	7.733	16.888	22.759	1699.899
18/11/2016	6.929	8.165	16.918	23.309	1696.958
19/11/2016	21.832	5.958	16.818	20.740	1807.583
20/11/2016	5.815	8.235	16.736	23.268	2123.075
21/11/2016	0.278	11.195	14.183	25.275	2153.988
22/11/2016	0.000	12.349	12.429	25.653	1847.419
23/11/2016	3.151	9.957	14.973	24.197	1670.158
24/11/2016	3.310	8.005	17.052	23.335	1833.754
25/11/2016	9.242	7.060	16.975	22.157	1629.662
26/11/2016	13.210	7.915	16.697	22.963	1456.506
27/11/2016	13.056	7.812	16.794	22.894	1652.966
28/11/2016	4.031	8.495	17.343	24.131	1621.890
29/11/2016	11.345	7.014	17.465	22.542	1856.668
30/11/2016	7.813	8.460	17.076	23.956	1944.724
01/12/2016	24.559	6.486	17.641	22.104	1737.137
02/12/2016	16.780	5.438	17.233	20.619	1971.171
03/12/2016	14.490	6.338	16.730	21.220	1892.991
04/12/2016	2.163	8.266	16.542	23.362	1793.546
05/12/2016	10.816	8.049	16.271	22.893	1897.337
06/12/2016	6.724	9.505	15.815	24.399	1878.129
07/12/2016	10.958	7.917	16.794	23.164	1775.927
08/12/2016	3.527	8.628	16.392	23.730	1871.496
09/12/2016	3.177	8.603	16.004	23.397	1731.718
10/12/2016	1.955	8.375	16.941	23.797	1826.579
11/12/2016	1.826	9.350	16.065	24.410	2255.706
12/12/2016	4.965	8.988	16.308	24.151	1918.055
13/12/2016	3.907	8.828	16.241	23.924	1640.739
14/12/2016	1.251	10.492	15.043	25.203	1526.099
15/12/2016	0.416	9.189	16.383	24.452	1473.654
16/12/2016	5.663	8.689	16.489	23.884	1469.203
17/12/2016	2.718	8.918	16.215	23.976	1374.816
18/12/2016	0.783	9.358	16.091	24.441	1366.681
19/12/2016	3.473	8.976	16.243	24.106	1318.611
20/12/2016	15.515	8.235	15.777	22.802	1236.923
21/12/2016	16.454	4.807	16.866	19.692	1202.409
22/12/2016	0.714	8.401	15.999	23.167	1321.320
23/12/2016	1.310	8.569	16.208	23.487	1382.617
24/12/2016	0.364	8.042	17.018	23.482	1348.323
25/12/2016	3.881	8.170	16.431	23.209	1414.046
26/12/2016	1.919	8.427	16.797	23.788	1478.627
27/12/2016	5.964	8.008	16.945	23.367	1487.144
28/12/2016	3.901	9.766	16.775	25.411	1461.073
29/12/2016	2.993	8.264	17.250	23.889	1375.917
30/12/2016	8.330	7.040	17.403	22.554	1318.246
31/12/2016	12.235	8.046	16.460	23.023	1261.910
01/01/2017	0.636	9.644	16.299	24.918	1292.885
02/01/2017	0.984	9.444	16.846	25.046	1257.846
03/01/2017	0.568	9.806	16.107	24.986	1284.004
04/01/2017	14.753	8.424	16.572	23.582	1327.743
05/01/2017	8.637	7.554	16.645	22.513	1287.153
06/01/2017	2.517	8.965	16.394	24.042	1267.843
07/01/2017	1.521	9.160	16.758	24.549	1226.589
08/01/2017	23.927	7.595	16.429	22.386	1206.522
09/01/2017	15.336	7.529	16.251	22.158	1514.075
10/01/2017	13.930	8.338	16.174	23.063	1395.685
11/01/2017	4.891	8.181	16.810	23.371	1241.330
12/01/2017	2.470	9.067	16.382	24.078	1197.163
13/01/2017	4.720	8.807	16.923	24.144	1282.234
14/01/2017	9.869	6.844	16.875	21.775	1244.705
15/01/2017	0.799	8.193	16.466	23.018	1237.537
16/01/2017	2.745	8.975	16.758	24.151	1258.391
17/01/2017	1.332	8.765	16.648	23.815	1321.945
18/01/2017	2.228	6.509	16.484	21.024	1326.282
19/01/2017	2.435	9.368	16.024	24.109	1411.626
20/01/2017	7.712	7.963	16.534	22.742	1533.362
21/01/2017	4.772	7.688	16.325	22.249	1552.506
22/01/2017	0.000	10.877	14.459	24.815	1730.649
23/01/2017	0.000	11.966	13.043	25.310	1822.734
24/01/2017	0.003	10.376	14.421	24.126	1703.209
25/01/2017	0.076	10.681	14.837	24.741	1555.457
26/01/2017	0.000	9.581	16.114	24.267	1493.370
27/01/2017	0.931	8.947	17.089	24.177	1437.930
28/01/2017	0.613	9.388	16.817	24.480	1377.963
29/01/2017	1.839	9.373	16.733	24.381	1331.443
30/01/2017	7.925	8.377	17.017	23.426	1267.519
31/01/2017	4.192	9.109	16.602	23.970	1232.794
01/02/2017	3.055	10.135	15.905	24.634	1204.691
02/02/2017	1.146	10.100	15.939	24.621	1198.532
03/02/2017	1.270	10.019	16.121	24.628	1172.572
04/02/2017	0.892	10.593	16.477	25.526	1150.339
05/02/2017	1.573	11.749	16.621	27.008	1120.830
06/02/2017	4.859	11.891	16.117	26.830	1096.488
07/02/2017	0.161	10.549	16.183	25.202	1049.499
08/02/2017	0.651	11.313	16.395	26.264	1022.961
09/02/2017	4.334	10.407	16.722	25.361	963.726
10/02/2017	1.411	10.291	16.107	24.746	916.683
11/02/2017	2.467	10.496	16.636	25.343	885.862
12/02/2017	9.215	8.634	17.753	23.996	859.552
13/02/2017	0.915	10.323	16.242	24.802	877.562
14/02/2017	0.000	10.185	15.784	24.326	941.886
15/02/2017	0.198	12.553	14.522	26.294	869.410
16/02/2017	0.033	11.578	15.036	25.407	830.716
17/02/2017	0.289	10.135	15.832	24.205	845.378
18/02/2017	0.058	10.713	15.600	24.733	842.236
19/02/2017	0.004	11.363	15.966	25.733	813.437
20/02/2017	0.922	11.346	16.312	25.906	791.968
21/02/2017	2.199	10.975	16.540	25.634	783.590
22/02/2017	6.156	8.306	16.929	22.860	789.943
23/02/2017	1.176	11.331	15.332	25.152	764.097
24/02/2017	1.737	8.805	16.238	22.851	762.071
25/02/2017	6.896	10.392	15.872	24.358	726.370
26/02/2017	13.073	9.009	16.515	23.293	728.326
27/02/2017	4.133	9.972	15.787	23.795	766.957
28/02/2017	3.483	9.740	17.050	24.443	740.133
01/03/2017	3.003	10.382	15.843	24.298	737.129
02/03/2017	4.091	10.227	16.369	24.440	737.618
03/03/2017	1.639	9.647	17.086	24.326	782.913
04/03/2017	0.992	11.955	15.557	25.865	800.870
05/03/2017	12.232	9.407	17.912	24.687	804.011
06/03/2017	9.694	9.282	17.774	24.402	838.295
07/03/2017	13.718	8.382	16.900	22.765	885.391
08/03/2017	21.098	6.640	17.259	21.221	941.885
09/03/2017	3.677	10.546	16.543	24.840	1069.827
10/03/2017	9.881	6.307	17.624	21.263	1139.684
11/03/2017	6.798	9.147	16.866	23.542	1083.983
12/03/2017	31.858	7.547	16.523	21.516	1216.723
13/03/2017	4.038	9.656	16.164	23.528	1408.096
14/03/2017	9.629	8.714	16.704	22.928	1420.932
15/03/2017	7.476	6.033	17.053	20.426	1405.193
16/03/2017	0.351	10.411	16.284	24.458	1470.736
17/03/2017	0.762	9.476	17.186	24.062	1533.312
18/03/2017	2.200	9.996	16.909	24.425	1444.265
19/03/2017	8.616	8.861	16.741	23.049	1431.110
20/03/2017	3.834	9.435	16.823	23.722	1446.152
21/03/2017	9.777	9.731	16.616	23.895	1436.571
22/03/2017	3.660	8.710	17.158	23.208	1457.415
23/03/2017	7.672	8.447	16.715	22.672	1461.313
24/03/2017	13.333	6.686	17.336	21.262	1465.989
25/03/2017	6.798	9.904	17.125	24.443	1532.256
26/03/2017	13.908	6.407	17.296	20.958	1652.773
27/03/2017	6.114	10.149	16.830	24.501	1795.104
28/03/2017	12.068	10.416	16.990	24.941	1807.089
29/03/2017	13.389	8.390	17.438	23.093	1672.741
30/03/2017	15.414	6.811	17.038	21.141	1667.505
31/03/2017	11.694	8.427	17.341	23.006	1966.217
01/04/2017	2.613	10.327	16.836	24.706	2175.710
02/04/2017	0.578	11.226	17.100	25.912	2152.449
03/04/2017	0.366	11.185	17.366	26.057	1873.091
04/04/2017	0.157	11.899	16.772	26.475	1741.805
05/04/2017	0.571	11.958	16.270	26.197	1648.058
06/04/2017	0.740	11.942	15.928	25.929	1601.076
07/04/2017	1.435	11.186	16.805	25.696	1504.932
08/04/2017	16.118	9.704	17.069	24.266	1430.135
09/04/2017	13.561	7.529	16.911	21.795	1444.165
10/04/2017	4.821	10.247	16.585	24.456	1454.648
11/04/2017	3.329	8.955	17.539	23.754	1547.512
12/04/2017	1.947	9.306	16.853	23.611	1475.393
13/04/2017	3.061	10.943	17.123	25.660	1451.959
14/04/2017	30.096	6.435	18.089	21.700	1561.463
15/04/2017	1.730	11.155	16.865	25.677	1620.854
16/04/2017	15.973	9.915	17.834	25.063	1628.204
17/04/2017	15.426	8.565	17.145	23.120	1533.112
18/04/2017	7.913	8.811	17.150	23.432	1481.628
19/04/2017	13.711	8.263	17.023	22.686	1457.086
20/04/2017	8.074	5.937	17.629	20.902	1732.089
21/04/2017	6.605	9.628	16.711	23.942	1896.803
22/04/2017	2.762	12.148	15.802	26.231	1925.475
23/04/2017	0.797	11.514	17.053	26.407	1741.034
24/04/2017	22.395	8.580	17.634	23.631	1686.022
25/04/2017	7.056	8.449	17.457	23.306	1677.518
26/04/2017	13.594	8.138	17.137	22.699	1685.531
27/04/2017	0.007	11.153	16.052	25.369	1988.270
28/04/2017	0.390	10.900	16.793	25.515	1825.192
29/04/2017	4.500	9.508	17.360	24.389	1538.696
30/04/2017	12.243	6.783	17.512	21.693	1566.415
01/05/2017	4.854	9.675	16.249	23.792	1681.412
02/05/2017	16.137	9.013	16.840	23.506	1663.704
03/05/2017	13.984	8.116	16.913	22.584	1985.130
04/05/2017	8.952	9.757	15.962	23.708	2021.169
05/05/2017	11.271	8.377	16.734	22.846	1877.196
06/05/2017	24.929	7.899	16.689	22.196	1809.416
07/05/2017	1.482	8.682	16.708	23.121	2293.816
08/05/2017	23.115	7.908	17.263	22.673	2687.921
09/05/2017	14.598	7.115	17.118	21.792	2695.657
10/05/2017	13.429	8.446	16.749	22.915	2681.494
11/05/2017	11.263	7.673	17.021	22.270	2773.071
12/05/2017	10.033	7.656	17.015	22.320	3101.211
13/05/2017	7.843	8.601	17.058	23.331	3378.893
14/05/2017	23.759	8.966	17.135	23.797	3273.778
15/05/2017	17.915	9.160	17.352	24.270	3169.664
16/05/2017	17.878	9.527	16.851	24.288	3358.052
17/05/2017	5.894	9.819	16.861	24.646	3688.403
18/05/2017	3.834	10.299	17.484	25.645	3720.348
19/05/2017	2.799	11.283	16.550	26.163	3487.295
20/05/2017	13.363	8.152	17.489	23.280	3204.778
21/05/2017	3.985	9.128	17.442	24.359	2872.758
22/05/2017	9.967	6.777	17.498	21.818	2718.948
23/05/2017	1.415	10.170	16.404	24.790	2662.371
24/05/2017	0.076	11.119	16.824	26.210	2449.838
25/05/2017	2.988	10.302	17.922	26.056	2250.090
26/05/2017	1.867	10.397	16.606	25.360	2088.425
27/05/2017	5.006	9.435	16.714	24.261	2138.239
28/05/2017	0.754	10.733	16.629	25.685	1930.777
29/05/2017	4.156	8.810	16.880	23.711	1871.255
30/05/2017	4.528	10.144	16.993	25.315	1799.534
31/05/2017	6.726	8.688	17.395	23.906	1776.876
01/06/2017	2.194	9.295	17.526	24.696	1716.342
02/06/2017	3.832	10.372	17.223	25.708	1643.511
03/06/2017	0.467	10.935	17.246	26.440	1523.709
04/06/2017	12.035	8.330	17.752	23.786	1431.694
05/06/2017	5.301	9.933	17.818	25.749	1433.253
06/06/2017	0.232	10.965	16.277	25.881	1355.363
07/06/2017	11.787	6.685	17.781	22.097	1368.709
08/06/2017	11.036	7.498	16.735	22.233	1457.639
09/06/2017	10.184	9.055	16.701	23.862	1602.227
10/06/2017	2.076	9.932	17.289	25.338	1474.984
11/06/2017	10.454	8.314	17.083	23.321	1364.812
12/06/2017	17.816	7.458	16.988	22.299	1518.342
13/06/2017	12.857	8.416	16.708	23.147	1806.120
14/06/2017	7.046	9.330	16.167	23.799	1855.439
15/06/2017	9.180	7.940	16.205	22.323	2006.486
16/06/2017	0.281	9.923	15.956	24.423	1801.740
17/06/2017	10.174	8.045	16.188	22.421	1846.335
18/06/2017	3.360	8.812	16.566	23.556	1736.514
19/06/2017	14.035	9.425	16.170	24.001	1642.829
20/06/2017	8.907	8.992	16.720	23.817	1651.691
21/06/2017	14.809	8.650	16.332	23.199	1680.783
22/06/2017	1.254	8.592	16.697	23.426	1686.851
23/06/2017	3.831	9.340	16.490	24.156	1695.670
24/06/2017	0.665	10.226	15.915	24.748	1717.001
25/06/2017	7.941	8.485	16.911	23.414	1709.968
26/06/2017	6.542	8.813	16.216	23.291	1712.626
27/06/2017	8.018	9.259	16.168	23.764	1789.383
28/06/2017	6.268	8.839	16.629	23.614	1900.954
29/06/2017	1.174	10.137	16.489	25.061	1850.693
30/06/2017	10.463	9.185	16.838	24.146	1832.722
01/07/2017	1.009	10.899	17.302	26.517	1898.364
02/07/2017	3.595	9.308	17.967	25.142	1656.187
03/07/2017	4.435	9.911	16.530	24.779	1587.805
04/07/2017	2.367	9.635	17.193	24.933	1470.436
05/07/2017	2.167	10.267	16.722	25.379	1374.261
06/07/2017	4.817	9.591	17.135	24.829	1361.499
07/07/2017	2.884	9.949	17.117	25.213	1346.304
08/07/2017	3.511	9.765	17.333	25.145	1310.301
09/07/2017	4.230	10.038	17.025	25.243	1229.465
10/07/2017	1.806	9.040	17.416	24.431	1180.740
11/07/2017	10.240	8.696	16.993	23.706	1195.745
12/07/2017	4.920	9.615	16.915	24.707	1450.574
13/07/2017	0.680	10.691	15.808	25.188	1298.973
14/07/2017	2.249	9.207	16.670	24.080	1355.945
15/07/2017	5.320	9.138	16.039	23.509	1439.248
16/07/2017	3.219	10.626	15.762	25.025	1476.242
17/07/2017	9.948	9.166	16.498	23.799	1482.978
18/07/2017	2.944	10.017	17.024	25.173	1407.777
19/07/2017	12.279	10.091	17.148	25.311	1427.164
20/07/2017	3.278	9.256	16.349	23.859	1382.057
21/07/2017	0.317	11.035	15.288	25.177	1322.768
22/07/2017	2.647	10.584	16.709	25.564	1265.152
23/07/2017	3.973	10.875	16.286	25.647	1235.269
24/07/2017	0.250	10.748	17.332	26.159	1127.454
25/07/2017	3.489	10.827	17.282	26.176	1156.557
26/07/2017	3.419	10.560	16.830	25.578	1157.592
27/07/2017	0.549	10.788	16.756	25.768	1117.292
28/07/2017	2.711	10.017	17.746	25.588	1153.720
29/07/2017	2.346	10.344	16.940	25.366	1126.392
30/07/2017	5.734	8.780	16.550	23.302	1213.893
31/07/2017	1.396	9.144	16.515	23.746	1208.796
01/08/2017	0.143	11.093	14.890	24.817	1198.532
02/08/2017	0.494	11.597	15.783	26.013	1193.829
03/08/2017	0.415	11.800	16.032	26.389	1139.843
04/08/2017	10.112	8.317	16.836	22.879	1263.925
05/08/2017	4.276	10.212	16.063	24.509	1271.877
06/08/2017	1.475	11.108	16.596	25.916	1228.374
07/08/2017	4.611	9.830	17.183	24.869	1249.099
08/08/2017	6.915	9.896	17.325	25.053	1263.205
09/08/2017	5.977	8.495	17.451	23.566	1137.703
10/08/2017	0.850	10.856	15.942	25.144	1107.815
11/08/2017	15.352	8.972	17.131	23.826	1339.655
12/08/2017	7.596	9.432	16.316	23.735	1347.764
13/08/2017	0.124	10.585	17.167	25.645	1244.955
14/08/2017	0.588	11.885	15.926	26.282	1105.456
15/08/2017	2.245	10.729	16.520	25.318	1073.559
16/08/2017	10.078	8.567	17.029	23.278	1181.265
17/08/2017	3.286	11.316	16.816	26.145	1131.254
18/08/2017	11.846	9.454	17.370	24.472	1083.718
19/08/2017	18.952	7.706	16.823	22.092	1075.988
20/08/2017	11.677	9.525	16.701	23.999	1245.788
21/08/2017	7.025	10.479	16.802	25.119	1348.433
22/08/2017	1.363	10.613	16.937	25.403	1245.232
23/08/2017	3.549	10.181	15.802	24.123	1465.754
24/08/2017	1.738	9.375	16.041	23.334	1222.148
25/08/2017	1.699	10.028	16.808	24.643	1130.613
26/08/2017	2.577	9.911	16.698	24.409	1056.092
27/08/2017	7.841	10.694	16.312	24.979	1094.287
28/08/2017	5.041	9.241	16.572	23.562	1099.174
29/08/2017	5.240	9.518	16.021	23.417	1106.228
30/08/2017	8.712	9.679	16.453	23.945	1246.264
31/08/2017	2.815	10.618	16.543	25.019	1327.355
01/09/2017	1.688	13.127	15.053	26.918	1248.911
02/09/2017	2.870	10.013	16.299	24.211	1093.460
03/09/2017	1.732	11.027	16.476	25.489	1043.464
04/09/2017	0.019	11.432	15.932	25.553	985.800
05/09/2017	5.629	11.267	15.569	25.103	970.233
06/09/2017	4.449	10.460	16.357	24.714	1056.076
07/09/2017	7.696	9.372	17.133	24.091	985.721
08/09/2017	7.298	7.669	16.612	21.828	1063.482
09/09/2017	15.963	7.712	17.040	22.178	1243.759
10/09/2017	12.865	9.163	17.107	23.762	1352.862
11/09/2017	4.329	10.897	17.135	25.734	1408.021
12/09/2017	5.612	9.893	16.698	24.326	1290.708
13/09/2017	14.001	9.436	17.080	24.071	1437.425
14/09/2017	1.451	10.414	16.702	24.879	1634.759
15/09/2017	14.207	9.636	16.922	24.136	1351.046
16/09/2017	5.383	9.571	17.301	24.416	1378.791
17/09/2017	5.349	8.455	17.543	23.397	1356.860
18/09/2017	1.353	10.174	16.679	24.587	1218.109
19/09/2017	7.707	10.790	17.013	25.538	1252.067
20/09/2017	4.872	8.611	17.482	23.520	1420.436
21/09/2017	1.030	10.133	16.884	24.760	1257.372
22/09/2017	3.155	10.584	16.713	25.132	1225.556
23/09/2017	17.782	9.172	17.414	24.082	1519.943
24/09/2017	6.269	9.837	16.868	24.400	1390.478
25/09/2017	8.946	8.837	17.424	23.767	1625.135
26/09/2017	6.726	9.908	16.246	24.049	1432.088
27/09/2017	1.379	11.809	15.713	25.882	1290.140
28/09/2017	13.347	7.870	17.500	22.766	1303.088
29/09/2017	3.132	9.142	16.913	23.681	1222.575
30/09/2017	12.201	6.686	17.130	21.246	1288.043
01/10/2017	6.719	9.330	16.197	23.402	1475.342
02/10/2017	15.108	8.772	16.683	23.130	1481.782
03/10/2017	18.571	8.325	16.512	22.512	1836.918
04/10/2017	15.956	7.433	16.806	21.766	1788.244
05/10/2017	7.612	6.577	16.797	20.954	1888.470
06/10/2017	4.616	9.124	16.058	23.084	1743.908
07/10/2017	3.837	9.440	15.768	23.208	1707.061
08/10/2017	1.930	11.432	14.735	24.884	1494.572
09/10/2017	15.542	7.747	15.810	21.453	1497.946
10/10/2017	1.664	10.444	14.991	23.894	1431.387
11/10/2017	8.086	8.221	17.200	23.011	1659.816
12/10/2017	3.346	10.835	16.322	25.370	1489.964
13/10/2017	2.977	9.685	16.308	24.031	1298.308
14/10/2017	1.512	9.005	17.178	23.904	1349.027
15/10/2017	2.797	9.417	17.172	24.370	1331.970
16/10/2017	0.067	9.790	17.253	24.899	1186.613
17/10/2017	2.178	11.039	16.942	26.090	1162.716
18/10/2017	6.233	10.159	17.033	25.150	1100.375
19/10/2017	8.544	9.943	16.716	24.748	1107.126
20/10/2017	1.216	9.620	17.024	24.603	1034.990
21/10/2017	7.392	8.686	17.765	24.119	1053.646
22/10/2017	17.448	7.715	17.782	23.101	1267.379
23/10/2017	5.713	8.123	17.537	23.306	1208.058
24/10/2017	27.674	5.698	16.892	20.263	1235.762
25/10/2017	4.909	8.328	16.372	22.673	1339.526
26/10/2017	5.716	6.629	16.470	20.889	1320.576
27/10/2017	1.356	10.458	15.603	24.696	1302.463
28/10/2017	20.576	5.919	16.679	20.327	1343.471
29/10/2017	12.739	6.834	16.243	20.907	1580.514
30/10/2017	4.242	8.493	15.448	22.281	1453.968
31/10/2017	6.325	9.548	16.066	24.002	1444.569
01/11/2017	8.149	10.297	15.839	24.763	1739.978
02/11/2017	10.396	9.517	15.802	23.837	1525.264
03/11/2017	6.455	8.843	16.436	23.518	1334.905
04/11/2017	31.915	7.947	16.601	22.546	1484.076
05/11/2017	2.509	9.087	15.986	23.470	1647.896
06/11/2017	1.286	10.680	15.714	25.218	1621.969
07/11/2017	7.475	7.987	17.079	23.045	1464.977
08/11/2017	9.883	8.950	15.744	23.169	1361.694
09/11/2017	6.551	7.539	16.874	22.401	1441.145
10/11/2017	5.544	8.691	17.062	23.878	1511.038
11/11/2017	4.020	8.698	17.218	24.053	1565.503
12/11/2017	2.308	8.561	17.110	23.880	1657.494
13/11/2017	24.752	7.755	17.097	22.919	1550.351
14/11/2017	14.532	7.295	16.401	21.880	1397.319
15/11/2017	24.052	7.272	16.104	21.560	1488.767
16/11/2017	25.585	8.258	16.587	23.139	1778.929
17/11/2017	6.490	7.966	16.577	22.775	1974.440
18/11/2017	6.099	8.471	16.329	23.226	2229.248
19/11/2017	2.213	7.458	16.753	22.337	2359.579
20/11/2017	12.016	7.936	16.833	22.973	2395.919
21/11/2017	1.645	8.894	16.204	23.694	2579.776
22/11/2017	0.503	9.280	16.065	24.117	2530.214
23/11/2017	4.027	8.838	16.642	24.005	2505.219
24/11/2017	11.843	7.778	16.433	22.601	2318.603
25/11/2017	4.282	9.298	16.148	24.214	2229.840
26/11/2017	0.751	9.050	16.893	24.494	2081.371
27/11/2017	12.878	7.795	16.694	22.830	1913.097
28/11/2017	3.802	8.810	16.703	24.076	1844.127
29/11/2017	2.775	8.785	16.915	24.217	1772.393
30/11/2017	4.612	8.604	16.885	23.998	1738.882
01/12/2017	9.061	7.417	17.911	23.346	1648.015
02/12/2017	11.153	7.734	17.037	23.038	1579.745
03/12/2017	4.649	8.549	16.766	23.858	1758.829
04/12/2017	1.160	8.050	17.060	23.513	1652.458
05/12/2017	0.584	9.475	16.849	25.093	1603.888
06/12/2017	1.926	9.761	16.193	25.016	1582.049
07/12/2017	4.002	9.260	15.763	24.110	1497.467
08/12/2017	9.431	7.419	16.494	22.374	1482.357
09/12/2017	14.705	8.912	15.802	23.634	1460.971
10/12/2017	10.168	7.369	16.574	22.335	1611.610
11/12/2017	1.762	7.377	16.886	22.595	1518.129
12/12/2017	0.265	7.509	16.873	22.707	1752.527
13/12/2017	1.345	10.077	14.964	24.602	1718.599
14/12/2017	0.000	10.171	15.820	25.287	1679.029
15/12/2017	0.000	10.543	14.872	25.134	1539.848
16/12/2017	0.005	10.224	15.788	25.355	1469.107
17/12/2017	0.000	10.488	16.622	26.290	1403.976
18/12/2017	0.000	10.996	15.492	26.172	1286.875
19/12/2017	0.000	10.928	15.234	25.905	1217.692
20/12/2017	0.085	10.235	15.786	25.407	1152.249
21/12/2017	1.467	9.302	16.081	24.459	1111.221
22/12/2017	5.303	9.782	16.778	25.486	1064.460
23/12/2017	0.651	9.498	16.849	25.190	1044.539
24/12/2017	8.503	8.318	16.870	23.738	1059.500
25/12/2017	1.478	8.224	16.614	23.409	1041.624
26/12/2017	2.506	8.080	16.382	23.047	1054.252
27/12/2017	0.648	7.829	16.565	22.876	1084.318
28/12/2017	9.547	6.480	16.799	21.481	1133.685
29/12/2017	12.606	6.668	16.434	21.364	1311.736
30/12/2017	11.421	8.133	16.290	23.003	1398.958
31/12/2017	16.752	6.618	16.321	21.202	1448.322
01/01/2018	2.294	6.649	16.361	21.357	1553.989
02/01/2018	13.865	8.289	16.167	23.082	1578.431
03/01/2018	11.871	9.551	16.119	24.627	1832.677
04/01/2018	18.626	9.331	15.664	24.032	1946.460
05/01/2018	5.697	8.272	16.408	23.262	1813.257
06/01/2018	3.416	8.643	15.892	23.275	1753.054
07/01/2018	2.928	9.947	15.249	24.482	1614.828
08/01/2018	1.757	9.825	15.534	24.519	1492.131
09/01/2018	11.683	6.275	16.374	20.878	1497.478
10/01/2018	5.746	9.223	15.497	23.683	1561.263
11/01/2018	1.742	9.058	15.838	23.702	1521.020
12/01/2018	11.151	8.198	16.007	22.746	1465.210
13/01/2018	16.964	7.908	16.131	22.458	1481.678
14/01/2018	10.118	8.035	16.728	23.054	1482.278
15/01/2018	2.258	8.756	15.680	23.153	1375.478
16/01/2018	3.657	7.697	15.890	21.985	1375.234
17/01/2018	1.875	7.271	15.857	21.438	1381.079
18/01/2018	3.721	8.234	16.033	22.747	1394.581
19/01/2018	4.704	9.224	16.050	23.937	1561.813
20/01/2018	1.957	9.656	15.722	24.228	1495.078
21/01/2018	0.634	9.325	16.518	24.370	1415.375
22/01/2018	4.345	8.397	16.360	23.101	1347.519
23/01/2018	6.676	9.050	16.149	23.713	1293.451
24/01/2018	0.326	10.113	15.192	24.340	1232.109
25/01/2018	2.373	9.998	15.218	24.193	1171.290
26/01/2018	4.701	9.030	16.076	23.585	1120.830
27/01/2018	0.750	10.214	15.685	24.738	1093.926
28/01/2018	5.729	9.318	16.744	24.374	1055.428
29/01/2018	0.685	10.422	16.696	25.665	1040.943
30/01/2018	2.700	8.815	17.224	24.137	995.989
31/01/2018	2.495	10.751	16.190	25.644	971.758
01/02/2018	7.863	10.135	16.761	25.297	951.289
02/02/2018	18.476	8.463	17.647	23.988	891.945
03/02/2018	6.823	7.715	17.503	22.956	869.011
04/02/2018	0.136	9.321	17.486	24.750	906.690
05/02/2018	2.226	9.184	17.861	24.861	923.221
06/02/2018	6.661	9.620	17.444	25.030	902.984
07/02/2018	0.947	10.024	17.102	25.264	970.748
08/02/2018	0.009	9.397	17.196	24.546	900.077
09/02/2018	0.000	10.112	16.392	24.838	827.313
10/02/2018	0.027	9.911	16.825	24.866	821.204
11/02/2018	0.523	8.241	17.428	23.401	835.167
12/02/2018	0.217	9.855	16.416	24.423	834.993
13/02/2018	0.297	10.926	15.920	25.334	859.183
14/02/2018	1.631	8.774	17.049	23.640	835.714
15/02/2018	3.423	9.387	16.943	24.185	823.647
16/02/2018	4.627	9.576	17.080	24.513	790.186
17/02/2018	10.217	9.026	17.480	24.178	791.700
18/02/2018	9.593	9.427	17.066	24.273	842.092
19/02/2018	24.124	9.536	16.559	24.035	889.156
20/02/2018	3.078	9.373	16.787	23.971	935.456
21/02/2018	2.791	9.903	16.303	24.246	1021.906
22/02/2018	2.704	6.754	17.091	21.349	1006.106
23/02/2018	0.099	9.112	16.414	23.317	1108.423
24/02/2018	0.545	8.668	16.123	22.590	1194.745
25/02/2018	0.267	9.298	15.827	23.058	1136.915
26/02/2018	0.058	10.610	15.998	24.700	1204.462
27/02/2018	0.007	10.823	15.161	24.380	1200.585
28/02/2018	0.115	11.070	15.690	25.003	1157.636
01/03/2018	2.430	11.718	15.881	25.847	1115.065
02/03/2018	0.061	8.322	17.215	22.974	1077.592
03/03/2018	0.485	10.368	16.187	24.465	1016.775
04/03/2018	0.693	8.060	17.516	22.978	955.875
05/03/2018	2.370	9.500	16.700	23.870	994.355
06/03/2018	0.862	9.710	16.691	24.059	955.851
07/03/2018	0.025	10.814	16.829	25.364	998.313
08/03/2018	0.301	10.327	17.027	24.970	952.401
09/03/2018	2.847	10.501	17.578	25.543	983.643
10/03/2018	0.114	12.108	16.279	26.460	906.587
11/03/2018	0.151	12.770	16.425	27.288	858.542
12/03/2018	0.000	11.297	16.454	25.673	818.673
13/03/2018	0.747	10.139	16.632	24.477	817.102
14/03/2018	0.157	11.886	16.127	26.090	799.644
15/03/2018	3.921	9.497	16.734	23.817	852.906
16/03/2018	0.810	11.040	16.206	25.117	767.153
17/03/2018	2.185	11.585	15.917	25.546	711.438
18/03/2018	4.724	10.617	16.316	24.729	731.293
19/03/2018	4.874	9.689	16.610	23.917	737.129
20/03/2018	8.033	9.134	17.057	23.600	753.757
21/03/2018	3.298	10.220	16.897	24.681	844.123
22/03/2018	18.461	8.811	17.593	23.646	819.820
23/03/2018	3.737	10.313	17.103	24.878	745.318
24/03/2018	17.193	8.982	16.721	23.136	806.733
25/03/2018	4.301	10.990	16.705	25.354	1055.636
26/03/2018	4.024	10.441	17.680	25.443	1034.408
27/03/2018	7.448	9.983	17.572	24.868	903.421
28/03/2018	7.033	9.908	17.234	24.546	872.385
29/03/2018	22.067	7.445	17.496	22.130	958.970
30/03/2018	14.217	8.709	17.431	23.430	877.048
31/03/2018	18.046	8.933	16.806	23.139	892.736
01/04/2018	19.561	8.530	16.825	22.753	1016.895
02/04/2018	12.048	7.397	17.199	21.882	1205.653
03/04/2018	3.902	8.295	16.855	22.514	1263.094
04/04/2018	9.680	8.128	16.893	22.351	1328.674
05/04/2018	7.440	9.225	16.511	23.277	1370.789
06/04/2018	5.615	8.226	16.196	21.905	1481.649
07/04/2018	0.397	10.425	15.815	24.124	1473.834
08/04/2018	0.861	11.794	16.038	25.803	1508.429
09/04/2018	1.904	10.918	16.174	24.920	1417.689
10/04/2018	21.256	7.937	16.694	22.036	1377.353
11/04/2018	7.862	8.503	16.970	22.885	1476.548
12/04/2018	13.801	8.884	16.559	22.972	1602.258
13/04/2018	5.876	9.411	16.644	23.623	1709.870
15/04/2018	7.650	10.250	16.098	24.215	1784.188
16/04/2018	4.643	9.689	16.645	24.018	1865.319
17/04/2018	5.250	8.942	16.212	22.824	1803.128
18/04/2018	7.199	10.015	16.992	24.561	1781.551
19/04/2018	2.726	10.152	17.203	24.829	1654.814
20/04/2018	12.625	8.151	17.379	22.828	1525.684
21/04/2018	1.750	10.842	16.026	24.831	1375.748
22/04/2018	10.929	8.796	16.716	23.099	1283.546
23/04/2018	2.283	10.646	16.997	25.325	1234.303
24/04/2018	11.237	9.677	17.340	24.539	1278.548
25/04/2018	8.237	9.433	16.820	23.871	1265.003
26/04/2018	10.291	9.101	16.922	23.585	1245.343
27/04/2018	13.142	8.487	17.035	23.039	1348.340
28/04/2018	9.768	8.505	17.124	23.123	1367.150
29/04/2018	14.900	7.457	16.562	21.567	1084.501
30/04/2018	0.605	10.382	15.667	24.201	1211.108
01/05/2018	4.211	9.368	16.432	23.638	873.693
02/05/2018	5.271	9.720	16.999	24.436	677.957
03/05/2018	16.843	8.669	17.279	23.527	717.643
04/05/2018	11.310	8.722	16.403	22.901	726.572
05/05/2018	21.686	8.020	16.946	22.555	1056.863
06/05/2018	11.183	8.827	16.376	22.982	1323.374
07/05/2018	22.374	7.848	16.935	22.343	1325.018
08/05/2018	4.799	7.861	16.835	22.268	798.555
09/05/2018	2.488	8.910	16.566	23.260	799.506
10/05/2018	8.437	9.167	16.333	23.387	796.872
11/05/2018	8.453	8.735	17.005	23.475	752.937
12/05/2018	6.155	9.110	16.879	23.765	1227.053
13/05/2018	15.128	7.072	16.741	21.424	1730.608
14/05/2018	8.775	7.865	16.619	22.329	1711.152
15/05/2018	4.340	9.345	16.240	23.594	1932.247
16/05/2018	8.076	9.401	16.111	23.597	1974.181
17/05/2018	7.013	10.072	16.330	24.516	1948.423
18/05/2018	12.125	8.349	16.909	23.026	2027.357
19/05/2018	11.174	9.458	16.326	23.879	2000.437
20/05/2018	10.956	8.947	16.702	23.514	2134.396
21/05/2018	10.591	6.939	16.758	21.406	1815.424
22/05/2018	1.557	10.641	15.330	24.588	1678.526
23/05/2018	19.260	8.594	16.840	23.267	1791.648
24/05/2018	2.252	9.637	16.791	24.473	1652.281
25/05/2018	4.485	10.203	16.954	25.226	1653.639
26/05/2018	10.434	7.809	17.298	22.896	2021.030
27/05/2018	7.247	9.587	16.708	24.386	2049.206
28/05/2018	20.566	8.246	16.926	22.982	1930.998
29/05/2018	2.267	9.619	16.794	24.506	1761.758
30/05/2018	17.150	9.234	17.103	24.337	1738.294
31/05/2018	5.398	10.303	16.706	25.248	1736.314
01/06/2018	17.078	6.981	17.317	21.992	1707.906
02/06/2018	6.014	10.262	16.091	24.772	1813.456
03/06/2018	4.023	10.081	16.809	25.136	1647.786
07/06/2018	1.977	10.268	16.566	25.230	1555.231
08/06/2018	1.911	9.948	17.201	25.278	1528.802
09/06/2018	3.128	8.689	18.044	24.485	1493.190
10/06/2018	12.326	8.265	17.786	23.816	1560.183
11/06/2018	3.741	8.612	17.310	23.918	1499.254
12/06/2018	9.229	9.867	16.620	24.760	1588.784
13/06/2018	2.842	9.530	16.668	24.450	1545.504
14/06/2018	9.145	9.313	16.825	24.287	1573.775
15/06/2018	3.912	9.486	16.261	24.078	1498.687
16/06/2018	1.353	10.187	16.624	25.170	1496.972
18/06/2018	4.870	9.337	16.715	24.266	1480.915
19/06/2018	4.663	9.355	16.466	24.144	1619.464
20/06/2018	3.195	9.456	15.686	23.677	1754.117
21/06/2018	0.963	9.772	15.681	24.057	1530.207
22/06/2018	4.335	10.300	15.753	24.748	1605.516
23/06/2018	6.700	9.263	16.455	24.001	1527.529
24/06/2018	5.387	9.231	16.120	23.719	1398.951
25/06/2018	6.229	9.190	16.236	23.748	1447.608
26/06/2018	4.379	9.577	15.659	23.804	1359.843
27/06/2018	5.616	9.314	16.152	23.854	1440.302
28/06/2018	13.034	8.644	15.839	22.809	1367.320
29/06/2018	3.106	8.744	16.453	23.394	1397.652
30/06/2018	6.237	8.567	15.976	22.819	1357.960
01/07/2018	6.282	10.490	15.303	24.651	1315.201
02/07/2018	7.316	8.932	16.063	23.320	1418.955
03/07/2018	7.004	9.651	15.906	24.008	1367.198
04/07/2018	0.227	10.661	16.247	25.480	1279.737
05/07/2018	3.633	9.549	17.365	24.991	1264.467
06/07/2018	3.116	9.640	16.131	24.199	1261.088
07/07/2018	4.556	9.586	17.022	24.731	1231.638
08/07/2018	2.305	10.670	16.844	25.880	1174.581
09/07/2018	1.660	9.673	17.162	24.923	1155.391
10/07/2018	3.538	9.833	16.597	24.726	1160.754
11/07/2018	2.950	10.841	15.911	25.442	1401.118
12/07/2018	0.986	11.064	16.870	26.328	1270.264
13/07/2018	1.683	9.830	16.964	24.941	1242.082
14/07/2018	2.777	10.458	17.117	25.770	1352.036
15/07/2018	2.241	9.628	17.494	25.077	1204.919
16/07/2018	2.786	10.283	16.408	25.084	1230.777
17/07/2018	2.607	10.029	17.014	25.189	1238.602
18/07/2018	2.299	9.981	16.809	24.976	1160.357
19/07/2018	0.693	9.586	17.237	24.805	1100.225
21/07/2018	3.222	9.949	17.332	25.283	1106.733
22/07/2018	7.799	7.950	17.679	23.287	1149.802
23/07/2018	0.757	9.704	16.780	24.629	1078.873
24/07/2018	6.380	8.128	17.133	23.008	1177.593
25/07/2018	2.023	10.173	16.356	24.809	1074.998
26/07/2018	8.480	8.576	18.012	24.243	1070.003
27/07/2018	8.650	8.884	16.899	23.661	1242.406
28/07/2018	5.704	9.823	16.378	24.384	1170.884
29/07/2018	6.791	8.803	17.226	23.840	1224.726
30/07/2018	3.954	7.838	16.894	22.494	1154.822
31/07/2018	19.977	8.096	16.427	22.405	1202.421
01/08/2018	2.990	10.056	15.455	23.916	1076.738
02/08/2018	4.720	9.772	16.626	24.416	1235.229
03/08/2018	7.309	10.009	15.727	24.102	1111.435
04/08/2018	9.469	9.733	16.313	24.112	1199.218
05/08/2018	14.861	8.789	16.264	22.990	1342.036
06/08/2018	0.465	10.999	15.555	25.048	1303.128
07/08/2018	1.305	11.243	15.584	25.339	1202.295
08/08/2018	3.568	12.136	16.172	26.756	1210.906
09/08/2018	0.815	10.571	17.062	25.531	1116.389
10/08/2018	1.354	11.685	15.912	26.020	1087.520
11/08/2018	0.000	13.162	13.819	26.404	1045.861
12/08/2018	1.670	10.660	15.925	24.802	1031.952
13/08/2018	2.565	10.154	16.701	24.775	1001.384
14/08/2018	11.922	7.106	16.608	21.377	1060.891
15/08/2018	8.998	9.488	16.216	23.629	1163.522
16/08/2018	0.595	12.286	14.781	25.899	1018.537
17/08/2018	1.886	10.944	15.924	25.076	1004.980
18/08/2018	4.650	10.011	16.638	24.517	1058.544
19/08/2018	6.928	9.318	16.722	23.839	1069.045
20/08/2018	0.980	11.299	15.948	25.473	1004.587
21/08/2018	3.352	10.830	16.520	25.331	1072.576
22/08/2018	4.288	10.301	16.816	24.939	1087.133
23/08/2018	2.166	10.778	15.955	24.873	1034.162
24/08/2018	9.217	10.941	16.460	25.377	1131.982
25/08/2018	0.257	10.554	16.219	24.766	1058.233
26/08/2018	4.967	10.031	16.788	24.643	1087.045
27/08/2018	3.977	10.251	16.642	24.735	1016.868
28/08/2018	0.489	10.747	16.004	24.812	965.499
29/08/2018	5.236	9.747	16.764	24.223	1031.438
30/08/2018	7.015	9.779	16.486	24.106	1096.397
31/08/2018	3.916	10.900	16.292	25.166	1024.429
01/09/2018	4.797	10.276	16.946	24.980	990.934
02/09/2018	2.063	11.155	16.794	25.816	921.105
03/09/2018	8.614	10.284	16.252	24.446	886.236
04/09/2018	11.736	8.688	16.895	23.091	913.881
05/09/2018	4.543	9.721	16.237	23.791	936.783
06/09/2018	6.674	9.940	16.013	23.873	1122.725
07/09/2018	3.674	8.978	16.665	23.285	1046.670
08/09/2018	6.981	10.195	16.917	24.759	1180.957
09/09/2018	6.024	9.421	16.941	23.979	1339.731
10/09/2018	1.782	10.802	16.300	25.049	1209.620
11/09/2018	8.338	9.145	17.412	23.991	1148.102
12/09/2018	6.159	10.142	16.410	24.412	1223.250
13/09/2018	6.898	8.089	16.775	22.391	1199.942
14/09/2018	16.851	8.777	16.686	22.994	1068.327
15/09/2018	15.337	8.277	16.481	22.316	1066.584
16/09/2018	5.006	7.651	16.422	21.583	1112.502
17/09/2018	0.275	12.251	14.944	25.791	1058.054
18/09/2018	2.939	11.241	16.764	25.859	1045.940
19/09/2018	10.996	11.203	16.236	25.435	1176.729
20/09/2018	4.624	11.481	16.666	26.081	1172.171
21/09/2018	0.082	11.644	16.266	25.993	1070.687
22/09/2018	5.043	10.367	16.555	24.792	1125.006
23/09/2018	0.340	10.529	16.965	25.249	1042.141
24/09/2018	5.520	10.328	16.985	25.044	1213.063
25/09/2018	1.593	9.954	16.120	23.981	1147.354
26/09/2018	3.392	9.596	16.945	24.198	1153.753
27/09/2018	9.153	8.013	17.197	22.705	1146.667
28/09/2018	3.113	10.633	15.771	24.522	1081.509
29/09/2018	6.525	10.719	16.303	25.041	1102.428
30/09/2018	10.644	9.478	17.138	24.209	1218.686
01/10/2018	6.043	9.308	16.629	23.650	1127.748
02/10/2018	17.223	9.925	16.918	24.582	1329.055
03/10/2018	9.115	8.751	17.334	23.620	1197.472
04/10/2018	9.269	10.341	16.035	24.390	1309.483
05/10/2018	13.022	8.474	16.712	22.830	1486.812
06/10/2018	8.800	8.438	16.180	22.369	1319.617
07/10/2018	2.347	10.097	16.357	24.416	1230.547
08/10/2018	25.961	8.602	16.615	22.926	1213.153
09/10/2018	11.994	7.815	16.584	22.050	1259.817
10/10/2018	3.288	8.683	16.944	23.281	1185.993
11/10/2018	20.503	8.841	16.204	22.878	1168.332
12/10/2018	1.510	8.821	16.399	23.066	1209.262
13/10/2018	1.188	10.282	16.305	24.685	1216.384
14/10/2018	3.405	10.972	15.763	25.104	1326.457
15/10/2018	3.477	10.312	16.313	24.763	1209.595
16/10/2018	11.754	8.602	17.272	23.583	1252.814
17/10/2018	8.924	9.442	16.700	24.094	1196.942
18/10/2018	1.824	8.440	16.558	22.893	1135.737
19/10/2018	7.698	9.772	16.870	24.592	1126.808
20/10/2018	16.168	9.150	16.929	23.955	1160.226
21/10/2018	10.521	7.678	16.731	22.167	1307.314
22/10/2018	1.079	9.619	16.362	24.114	1253.436
23/10/2018	2.854	9.611	17.084	24.614	1203.778
24/10/2018	8.358	9.275	17.235	24.376	1185.188
25/10/2018	7.954	9.255	17.036	24.218	1215.887
26/10/2018	12.797	8.631	17.672	24.039	1339.591
27/10/2018	7.126	9.103	17.133	24.169	1235.606
28/10/2018	5.438	9.712	16.902	24.755	1337.166
29/10/2018	5.190	8.230	17.135	23.262	1256.825
30/10/2018	5.891	8.879	15.984	23.111	1197.163
31/10/2018	3.989	9.912	16.582	24.828	1173.819
02/11/2018	22.891	7.579	16.501	22.124	1169.473
03/11/2018	10.346	7.973	16.243	22.315	1151.488
04/11/2018	10.440	7.241	16.391	21.636	1209.844
06/11/2018	2.215	8.858	16.462	23.550	1459.104
07/11/2018	1.416	9.349	16.711	24.337	1527.957
08/11/2018	12.625	8.643	17.005	23.792	1771.324
09/11/2018	12.407	7.410	16.935	22.304	1912.495
10/11/2018	6.718	7.810	17.212	22.978	1953.816
11/11/2018	11.033	7.837	17.321	23.153	1994.564
12/11/2018	12.427	8.452	17.528	23.999	1857.687
13/11/2018	7.136	7.613	17.231	22.833	1759.312
14/11/2018	6.391	8.277	16.547	23.118	1791.844
15/11/2018	1.260	9.883	16.283	24.887	1694.788
16/11/2018	3.077	8.511	17.216	23.925	1573.956
17/11/2018	11.896	8.496	17.522	24.144	1353.535
18/11/2018	14.040	9.257	16.975	24.647	1342.616
19/11/2018	21.099	8.227	17.005	23.459	1433.237
20/11/2018	4.478	9.058	17.307	24.710	1405.998
21/11/2018	13.482	7.518	16.885	22.577	1714.974
22/11/2018	6.371	9.147	16.758	24.422	1687.292
23/11/2018	5.562	8.590	17.598	24.384	1665.392
24/11/2018	5.330	9.034	17.183	24.612	1730.504
25/11/2018	5.837	8.659	17.237	24.227	1671.434
26/11/2018	20.025	6.040	17.851	21.765	1609.094
27/11/2018	13.213	7.089	16.540	21.837	1480.683
28/11/2018	8.106	7.786	16.875	22.944	1761.315
29/11/2018	3.295	9.219	16.319	24.285	1744.026
30/11/2018	14.311	6.965	17.015	22.160	1702.615
01/12/2018	7.385	9.160	16.181	24.117	1665.525
02/12/2018	1.192	9.259	16.200	24.335	1950.174
03/12/2018	0.980	9.330	16.311	24.524	1915.487
04/12/2018	0.556	8.873	16.607	24.112	1725.213
05/12/2018	5.169	7.861	16.842	23.065	1700.961
06/12/2018	3.143	9.108	16.239	24.165	1869.710
07/12/2018	0.997	8.385	16.068	23.202	2055.853
08/12/2018	0.032	9.221	16.202	24.335	2126.414
09/12/2018	2.524	9.957	15.964	25.091	2022.538
10/12/2018	0.077	9.869	15.754	24.867	1747.598
11/12/2018	4.492	8.434	16.408	23.524	1656.827
12/12/2018	0.877	8.803	17.310	24.629	1540.527
13/12/2018	5.847	8.843	16.489	24.099	1531.123
14/12/2018	12.583	8.394	16.472	23.519	1271.571
15/12/2018	0.277	10.064	15.287	24.802	1518.132
16/12/2018	0.000	10.534	15.534	25.592	1405.205
17/12/2018	0.686	9.958	15.585	24.903	1224.307
18/12/2018	1.343	9.921	15.906	25.082	1206.972
19/12/2018	1.140	9.436	16.085	24.561	1189.293
20/12/2018	2.139	9.063	16.251	24.231	1170.589
21/12/2018	7.253	9.123	16.173	24.259	1142.324
22/12/2018	4.304	9.149	15.989	24.103	998.087
23/12/2018	1.058	9.256	14.637	23.316	967.719
24/12/2018	3.047	9.450	16.417	24.791	952.080
25/12/2018	3.250	10.184	15.890	25.365	940.219
26/12/2018	1.945	10.480	15.820	25.712	932.280
27/12/2018	1.569	10.028	15.870	25.149	925.089
28/12/2018	2.402	10.535	15.914	25.825	918.084
29/12/2018	0.202	10.848	15.497	25.930	914.329
31/12/2018	0.047	10.527	15.553	25.526	909.471
01/01/2019	0.000	12.642	14.753	27.710	890.532
02/01/2019	0.000	12.290	14.898	27.337	880.819
03/01/2019	0.000	11.668	15.165	26.705	880.819
04/01/2019	0.248	11.665	15.386	26.826	881.379
05/01/2019	0.877	11.115	15.719	26.319	884.742
06/01/2019	12.593	8.438	17.206	24.060	872.413
07/01/2019	19.905	7.964	17.155	23.392	867.370
08/01/2019	2.671	9.013	16.626	24.253	870.245
09/01/2019	0.691	7.368	16.389	22.049	860.076
10/01/2019	0.178	8.147	16.198	22.830	859.516
11/01/2019	0.221	9.646	16.203	24.670	854.803
12/01/2019	0.180	9.288	16.607	24.489	862.391
13/01/2019	1.287	8.459	16.570	23.452	848.556
14/01/2019	3.583	8.233	16.887	23.403	839.618
15/01/2019	0.138	9.531	16.203	24.476	818.673
16/01/2019	4.419	8.918	17.330	24.564	814.940
17/01/2019	1.714	8.795	16.489	23.746	508.280
18/01/2019	0.031	9.055	16.766	24.269	477.406
19/01/2019	0.264	9.380	17.291	25.030	472.593
20/01/2019	0.106	8.995	16.998	24.323	468.964
21/01/2019	0.735	8.785	17.496	24.445	538.649
22/01/2019	0.000	10.988	16.794	26.550	499.665
23/01/2019	0.083	11.360	16.716	26.936	490.086
24/01/2019	0.000	11.294	16.538	26.734	478.149
25/01/2019	1.583	10.396	16.823	25.818	471.090
26/01/2019	0.034	11.802	16.361	27.162	471.090
27/01/2019	0.770	9.571	17.050	24.942	476.291
28/01/2019	19.348	7.339	17.570	22.728	472.576
29/01/2019	1.895	10.555	16.174	25.413	477.034
30/01/2019	0.724	10.148	17.476	25.856	476.663
31/01/2019	0.462	9.846	16.731	24.948	473.691
01/02/2019	0.975	8.300	17.107	23.424	474.062
02/02/2019	0.678	9.807	17.215	25.173	476.663
03/02/2019	0.488	10.470	16.897	25.736	472.204
04/02/2019	0.009	9.774	17.087	25.015	482.606
05/02/2019	0.103	10.056	17.544	25.642	480.704
06/02/2019	1.887	10.241	17.481	25.784	388.175
11/02/2019	0.007	9.987	17.858	25.669	376.287
12/02/2019	1.141	9.868	17.440	25.208	477.764
13/02/2019	0.370	11.127	16.884	26.255	575.742
14/02/2019	2.273	10.188	17.466	25.526	635.515
15/02/2019	0.244	11.562	16.355	26.370	590.348
16/02/2019	0.345	10.569	17.304	25.823	511.736
17/02/2019	3.283	9.293	17.695	24.639	485.579
18/02/2019	3.622	9.675	17.226	24.683	471.479
19/02/2019	12.980	7.364	17.856	22.659	474.554
20/02/2019	7.611	9.336	17.294	24.318	491.151
21/02/2019	3.439	10.816	17.399	26.063	525.337
22/02/2019	8.122	11.690	16.713	26.580	546.790
23/02/2019	13.986	9.058	17.443	24.112	514.683
24/02/2019	12.558	8.201	17.592	23.261	517.061
25/02/2019	7.325	10.257	17.244	25.219	498.559
26/02/2019	5.915	7.491	17.717	22.554	490.779
27/02/2019	3.646	8.090	17.296	22.847	497.095
28/02/2019	1.074	9.823	17.497	24.858	491.597
01/03/2019	2.493	10.763	16.843	25.450	591.488
02/03/2019	4.460	9.496	16.807	23.947	695.756
03/03/2019	3.991	9.989	16.892	24.586	742.452
04/03/2019	6.616	10.785	16.616	25.256	797.273
05/03/2019	10.456	9.902	17.789	25.128	727.122
06/03/2019	2.658	10.390	17.453	25.417	653.770
07/03/2019	6.000	9.134	18.005	24.422	667.917
08/03/2019	2.840	9.902	17.405	24.789	660.190
09/03/2019	0.601	10.832	17.749	26.027	625.665
10/03/2019	11.382	9.031	17.491	23.910	628.706
11/03/2019	3.396	9.710	17.665	24.702	634.238
12/03/2019	6.088	9.481	17.595	24.440	643.032
13/03/2019	1.263	11.748	16.797	26.356	710.917
14/03/2019	5.544	8.441	18.153	23.753	707.526
15/03/2019	1.589	10.037	17.325	24.782	648.749
16/03/2019	2.944	9.810	17.591	24.761	683.890
17/03/2019	4.740	9.747	18.496	25.363	688.454
18/03/2019	6.832	8.923	18.146	24.234	724.479
19/03/2019	15.991	6.176	17.644	21.062	781.396
20/03/2019	1.927	8.813	17.116	23.301	1057.733
21/03/2019	3.631	8.968	17.007	23.391	910.466
22/03/2019	9.370	8.655	17.164	23.172	864.589
23/03/2019	5.518	9.457	17.126	23.999	925.440
24/03/2019	5.396	7.816	17.477	22.531	1023.756
25/03/2019	2.607	11.680	16.057	25.697	978.608
26/03/2019	6.812	9.297	17.701	24.239	982.803
27/03/2019	1.146	10.329	18.024	25.609	989.070
28/03/2019	4.482	9.830	18.005	25.083	859.084
29/03/2019	17.491	6.745	17.977	21.879	860.425
30/03/2019	3.527	9.974	17.500	24.804	970.968
31/03/2019	5.004	9.345	18.508	24.922	965.237
01/04/2019	28.644	9.042	17.337	23.689	946.369
02/04/2019	11.046	7.976	17.567	22.768	1284.002
03/04/2019	4.956	9.510	16.463	23.551	1290.468
04/04/2019	3.844	9.288	17.060	23.719	1190.459
05/04/2019	12.612	8.518	17.894	23.537	1324.201
06/04/2019	14.104	9.612	17.493	24.423	1575.930
07/04/2019	1.421	9.675	17.516	24.491	1816.733
08/04/2019	1.996	10.330	17.039	24.909	1695.502
09/04/2019	7.315	8.911	17.277	23.560	1372.288
10/04/2019	8.397	9.268	16.593	23.459	1471.630
11/04/2019	4.964	10.604	17.086	25.233	1531.556
12/04/2019	4.596	10.779	17.372	25.657	1544.696
13/04/2019	6.511	8.546	18.599	24.203	1269.389
14/04/2019	6.610	10.089	17.066	24.713	1191.004
15/04/2019	13.698	9.666	16.948	24.089	1201.269
16/04/2019	2.993	10.456	17.205	25.221	1274.650
17/04/2019	15.866	8.391	17.673	23.386	1232.254
18/04/2019	11.119	9.071	17.260	23.785	1231.873
19/04/2019	15.640	8.021	17.462	22.793	1420.443
20/04/2019	7.155	8.529	17.137	23.158	1410.703
21/04/2019	11.279	8.054	17.358	22.745	1391.214
22/04/2019	15.589	7.816	17.266	22.418	1497.574
23/04/2019	6.689	9.618	17.182	24.335	1868.776
24/04/2019	9.023	9.613	17.420	24.460	1866.569
25/04/2019	4.699	9.454	17.605	24.482	1769.914
26/04/2019	2.535	9.909	17.652	25.036	1760.257
27/04/2019	4.557	9.632	18.009	25.011	1687.438
28/04/2019	4.875	9.909	17.708	25.075	1746.092
29/04/2019	7.619	9.520	17.781	24.721	1431.075
30/04/2019	2.712	10.183	17.140	25.050	1330.666
01/05/2019	0.639	11.934	16.341	26.500	1288.336
02/05/2019	0.708	11.255	16.726	25.951	1204.184
03/05/2019	3.707	9.837	17.639	25.009	1131.079
04/05/2019	2.895	9.054	17.644	24.198	1179.955
05/05/2019	1.236	11.273	18.052	26.953	1081.632
06/05/2019	8.983	9.708	18.692	25.723	1052.285
07/05/2019	8.445	9.665	18.270	25.369	986.004
08/05/2019	7.342	7.977	17.577	23.074	1020.192
09/05/2019	3.916	7.948	17.370	22.806	1043.567
10/05/2019	11.100	8.665	17.329	23.615	1295.892
11/05/2019	1.104	8.786	17.327	23.814	1409.434
12/05/2019	4.160	10.028	17.280	25.068	1355.509
13/05/2019	9.689	8.108	17.259	22.966	1345.510
14/05/2019	12.013	9.796	17.060	24.725	1210.268
15/05/2019	6.974	8.517	17.344	23.554	1361.019
16/05/2019	7.617	10.284	16.641	24.963	1172.898
17/05/2019	15.061	8.586	17.335	23.593	1173.940
18/05/2019	1.554	8.503	17.061	23.352	1262.777
19/05/2019	21.526	7.495	17.014	22.146	1379.769
20/05/2019	17.031	9.293	16.937	24.121	1607.306
21/05/2019	5.962	9.466	16.929	24.407	1930.857
22/05/2019	9.778	9.799	16.840	24.654	1824.592
23/05/2019	17.988	7.152	17.030	21.825	1914.142
24/05/2019	3.159	9.794	16.708	24.596	1787.926
25/05/2019	13.660	6.781	16.983	21.429	2111.026
26/05/2019	5.095	9.682	16.220	24.154	2087.063
27/05/2019	17.709	9.728	16.500	24.407	2045.782
28/05/2019	12.520	6.986	17.158	21.879	2160.484
29/05/2019	4.518	9.488	16.321	24.009	1883.374
30/05/2019	22.269	7.524	16.976	22.333	2198.566
31/05/2019	12.560	8.353	17.130	23.311	2352.830
01/06/2019	7.400	8.071	16.800	22.721	2443.447
02/06/2019	2.824	9.673	16.429	24.407	2419.611
03/06/2019	5.902	9.111	17.035	24.131	2335.155
04/06/2019	3.228	10.690	16.775	25.806	2113.872
05/06/2019	7.743	8.783	17.545	24.170	2003.808
06/06/2019	15.707	8.231	16.789	22.967	1672.515
07/06/2019	10.640	6.960	16.740	21.557	1699.917
08/06/2019	1.224	10.283	15.571	24.463	2182.369
09/06/2019	2.566	9.852	16.604	24.733	2207.025
10/06/2019	10.396	8.730	17.269	23.946	1917.776
11/06/2019	7.854	8.942	17.113	24.068	1800.433
12/06/2019	5.525	8.778	17.236	23.964	2213.113
13/06/2019	4.211	8.605	17.367	23.933	2235.296
14/06/2019	4.323	9.271	17.490	24.752	1853.277
15/06/2019	9.828	9.335	17.223	24.649	1860.264
16/06/2019	1.573	9.361	17.216	24.643	1659.889
17/06/2019	0.067	10.920	16.113	25.675	1554.000
18/06/2019	0.534	10.709	17.001	26.061	1438.077
19/06/2019	7.455	8.948	17.638	24.460	1365.834
20/06/2019	1.323	10.239	16.779	25.368	1299.075
21/06/2019	4.953	9.955	17.202	25.334	1208.112
22/06/2019	5.737	9.401	17.500	24.859	1213.587
23/06/2019	4.632	8.781	17.556	24.196	1172.078
24/06/2019	4.337	9.121	17.018	24.269	1224.237
25/06/2019	6.881	8.210	16.872	23.079	1367.862
26/06/2019	0.026	10.739	16.379	25.708	1267.241
27/06/2019	0.529	10.195	17.093	25.637	1232.063
28/06/2019	8.328	8.872	17.859	24.573	1189.636
29/06/2019	0.215	9.965	16.616	24.906	1161.579
30/06/2019	3.398	9.724	16.400	24.527	1113.143
01/07/2019	6.951	9.013	17.229	24.267	1091.364
02/07/2019	2.313	9.939	16.598	24.884	1100.638
03/07/2019	4.525	10.263	16.805	25.453	1191.907
04/07/2019	3.454	10.278	17.058	25.642	1212.311
05/07/2019	13.506	10.480	16.703	25.573	1192.122
06/07/2019	6.964	11.705	16.271	26.761	1128.357
07/07/2019	0.069	10.611	16.667	25.694	1146.612
08/07/2019	6.240	9.562	17.250	24.918	961.081
09/07/2019	4.247	9.802	16.013	24.315	1092.365
10/07/2019	1.340	9.928	16.976	25.134	1013.354
11/07/2019	2.481	10.428	16.839	25.624	1117.859
12/07/2019	2.133	9.720	17.021	24.904	1020.421
13/07/2019	3.079	9.578	16.596	24.395	1026.201
14/07/2019	4.304	9.520	17.162	24.728	1036.953
15/07/2019	7.270	8.579	16.647	23.328	1022.362
16/07/2019	3.435	9.819	15.482	23.810	1030.154
17/07/2019	2.822	11.359	15.704	25.833	1015.769
18/07/2019	2.376	11.812	16.663	27.014	976.703
19/07/2019	3.884	11.582	16.750	26.800	994.947
20/07/2019	0.909	11.554	16.795	26.751	954.799
21/07/2019	5.322	10.017	17.706	25.615	874.819
22/07/2019	7.294	8.770	17.577	24.108	798.414
23/07/2019	8.481	8.171	16.988	22.977	896.390
24/07/2019	8.204	9.136	17.014	24.109	1018.510
25/07/2019	0.691	9.454	16.927	24.351	1039.354
26/07/2019	6.552	9.794	16.435	24.381	917.397
27/07/2019	1.713	10.944	16.746	25.903	866.093
28/07/2019	1.223	10.202	16.843	25.129	861.674
29/07/2019	0.765	10.634	16.565	25.443	944.141
30/07/2019	2.902	10.473	17.017	25.571	832.092
31/07/2019	0.839	11.272	16.099	25.852	788.736
01/08/2019	2.265	10.311	16.578	25.108	929.613
02/08/2019	4.067	9.511	17.245	24.595	847.892
03/08/2019	6.741	9.191	17.018	24.035	833.481
04/08/2019	2.641	10.431	17.045	25.470	945.344
05/08/2019	1.593	11.282	16.999	26.430	891.723
06/08/2019	2.097	10.871	16.296	25.445	881.379
07/08/2019	2.411	10.889	16.707	25.767	869.773
08/08/2019	0.927	10.846	16.726	25.690	796.117
09/08/2019	3.157	11.133	16.709	25.985	933.951
10/08/2019	0.160	11.754	16.005	26.184	839.322
11/08/2019	2.011	11.158	16.654	25.927	754.350
12/08/2019	1.855	11.435	16.810	26.339	800.939
13/08/2019	2.941	9.810	17.736	25.182	856.812
14/08/2019	2.153	10.447	17.383	25.581	846.814
15/08/2019	4.054	10.296	16.050	24.526	981.389
16/08/2019	5.226	8.749	16.073	22.779	894.263
17/08/2019	2.728	9.720	16.387	24.098	1284.995
18/08/2019	0.604	11.274	16.436	25.823	1040.412
19/08/2019	2.057	10.622	15.603	24.476	936.165
20/08/2019	6.428	11.727	15.945	25.960	977.419
21/08/2019	1.871	11.947	16.328	26.500	976.571
22/08/2019	0.136	12.935	14.812	26.631	922.116
23/08/2019	0.693	11.655	16.003	25.944	865.386
24/08/2019	0.311	11.373	16.599	25.983	800.453
25/08/2019	3.048	12.308	15.567	26.371	843.507
26/08/2019	0.290	11.305	16.094	25.488	740.167
27/08/2019	1.038	12.071	16.200	26.455	724.413
28/08/2019	10.228	9.450	16.836	23.949	789.201
29/08/2019	0.055	12.299	15.767	26.425	737.791
30/08/2019	0.557	12.456	15.671	26.590	706.287
31/08/2019	2.561	10.866	16.764	25.455	661.984
01/09/2019	2.546	10.150	17.162	24.952	655.139
02/09/2019	6.341	9.631	17.253	24.470	716.314
03/09/2019	1.083	12.895	16.042	27.274	656.994
04/09/2019	4.536	10.575	17.286	25.498	609.370
05/09/2019	3.121	10.900	17.112	25.726	741.853
06/09/2019	4.187	9.745	17.182	24.501	966.104
07/09/2019	0.079	11.194	16.838	25.884	829.049
08/09/2019	3.886	11.008	17.313	26.027	757.735
09/09/2019	0.125	11.481	16.079	25.652	690.085
10/09/2019	0.653	12.198	16.215	26.542	648.750
11/09/2019	4.101	11.018	17.883	26.402	634.269
12/09/2019	3.780	10.372	17.399	25.326	611.467
13/09/2019	5.869	10.353	17.508	25.428	595.296
14/09/2019	2.311	9.325	17.615	24.419	580.401
15/09/2019	5.034	9.486	17.261	24.276	605.084
16/09/2019	1.814	9.554	16.894	24.156	579.183
17/09/2019	3.507	9.850	16.888	24.430	567.647
18/09/2019	18.499	7.691	17.027	22.177	579.329
19/09/2019	10.142	8.791	16.793	23.115	611.042
20/09/2019	22.954	7.143	17.137	21.674	631.762
21/09/2019	7.577	9.191	16.190	23.147	889.389
22/09/2019	1.260	11.010	16.167	25.187	725.489
23/09/2019	10.229	9.647	16.299	23.741	692.110
24/09/2019	6.698	10.183	16.361	24.405	781.238
25/09/2019	8.927	9.936	16.640	24.296	752.788
26/09/2019	13.513	9.830	16.594	24.200	900.219
27/09/2019	0.670	9.699	17.035	24.387	856.962
28/09/2019	6.872	10.357	17.007	25.125	838.328
29/09/2019	8.125	9.257	16.163	23.243	749.563
30/09/2019	7.279	9.537	16.554	23.870	727.348
01/10/2019	11.450	10.343	15.841	24.249	725.913
02/10/2019	3.562	8.462	17.059	23.114	796.070
03/10/2019	11.567	7.894	16.351	21.888	816.961
04/10/2019	0.627	10.557	15.377	24.228	901.553
05/10/2019	3.675	9.504	16.746	24.020	925.943
06/10/2019	4.853	8.696	16.636	23.039	801.272
07/10/2019	6.866	10.090	16.118	24.259	788.228
08/10/2019	4.289	8.544	16.704	22.953	780.329
09/10/2019	7.541	10.404	15.038	23.878	840.142
10/10/2019	7.557	8.600	16.606	22.977	856.888
11/10/2019	5.422	8.635	16.666	23.047	782.853
12/10/2019	10.148	9.869	16.154	24.077	767.451
13/10/2019	23.223	8.139	16.636	22.510	808.411
14/10/2019	5.328	8.711	16.436	23.021	1100.259
15/10/2019	1.403	9.109	16.015	23.169	1006.696
16/10/2019	12.070	8.838	16.515	23.235	798.227
17/10/2019	4.452	10.017	15.496	23.885	906.466
18/10/2019	11.430	7.753	16.514	22.084	1089.301
19/10/2019	18.063	8.486	16.017	22.505	1184.028
20/10/2019	5.332	8.832	16.256	23.064	1325.986
21/10/2019	8.081	7.406	16.483	21.737	1223.895
22/10/2019	14.140	7.993	16.194	22.137	1197.655
23/10/2019	6.117	8.648	16.262	22.929	1352.916
24/10/2019	11.273	7.714	16.684	22.223	1795.124
25/10/2019	9.409	9.246	16.340	23.692	1912.796
26/10/2019	5.488	9.844	15.762	24.024	1598.468
27/10/2019	12.092	9.471	16.183	23.934	1538.739
28/10/2019	1.295	9.948	16.197	24.534	1592.402
29/10/2019	13.136	9.033	16.693	23.843	1377.387
30/10/2019	3.875	10.145	15.446	24.259	1271.810
31/10/2019	3.708	9.290	16.013	23.659	1265.569
01/11/2019	5.626	8.890	16.238	23.393	1130.410
02/11/2019	6.852	9.125	16.529	23.886	1077.560
03/11/2019	5.982	8.533	17.018	23.585	1084.470
04/11/2019	10.249	8.817	16.815	23.784	1119.616
05/11/2019	13.078	8.783	17.028	23.911	1114.990
06/11/2019	2.950	9.684	16.557	24.649	1246.290
07/11/2019	4.177	10.094	16.722	25.287	1138.683
08/11/2019	4.456	8.979	17.659	24.671	1028.973
09/11/2019	34.576	7.504	17.129	22.559	1157.821
10/11/2019	8.896	9.235	16.617	24.203	1208.529
11/11/2019	9.778	7.829	17.504	23.273	1304.654
12/11/2019	20.503	6.305	17.176	21.313	1420.301
13/11/2019	20.272	7.108	16.344	21.577	1610.502
14/11/2019	12.720	7.930	16.566	22.688	1716.394
15/11/2019	11.269	8.066	16.679	22.927	1638.842
16/11/2019	13.693	9.430	16.556	24.517	1646.822
17/11/2019	2.758	8.972	16.838	24.170	1768.761
18/11/2019	4.201	8.648	17.042	23.946	1590.660
19/11/2019	5.202	8.985	15.785	23.467	1513.155
20/11/2019	1.874	9.026	16.586	24.124	1538.039
21/11/2019	4.991	8.853	16.550	23.885	1533.262
22/11/2019	5.153	7.901	16.461	22.694	1468.428
23/11/2019	0.147	9.050	15.506	23.389	1433.253
24/11/2019	1.052	8.989	16.694	24.175	1462.442
25/11/2019	0.126	9.991	16.633	25.440	1373.923
26/11/2019	1.564	9.113	17.480	24.995	1272.540
27/11/2019	4.179	9.247	17.032	24.868	1251.486
28/11/2019	4.535	8.327	17.202	23.858	1164.404
29/11/2019	9.392	7.908	16.801	23.075	1250.972
30/11/2019	2.353	8.922	16.518	24.093	1178.453
01/12/2019	0.575	9.149	17.585	25.150	1111.221
02/12/2019	1.170	8.344	17.544	24.199	1083.677
03/12/2019	4.833	8.336	16.560	23.469	1138.388
04/12/2019	6.723	8.862	16.634	24.197	1043.148
05/12/2019	7.219	9.169	16.642	24.536	985.201
06/12/2019	3.222	8.460	16.445	23.580	1004.980
07/12/2019	10.453	7.017	16.143	21.592	992.434
08/12/2019	0.929	8.891	15.526	23.403	1050.221
09/12/2019	3.210	10.430	15.813	25.587	1045.777
10/12/2019	2.763	9.043	16.489	24.360	963.009
11/12/2019	9.274	8.386	16.453	23.463	898.829
12/12/2019	6.447	8.116	16.424	23.124	959.973
13/12/2019	1.985	7.985	16.725	23.191	991.794
14/12/2019	3.237	7.285	16.966	22.499	1020.564
15/12/2019	8.974	8.351	16.768	23.670	1046.212
16/12/2019	4.328	8.752	16.846	24.243	1210.155
17/12/2019	7.270	8.426	16.552	23.628	1206.790
18/12/2019	8.105	8.596	16.773	24.006	1203.322
19/12/2019	1.166	9.757	16.361	25.158	1240.275
20/12/2019	1.032	8.816	17.169	24.573	1199.522
21/12/2019	3.207	9.103	17.005	24.780	1088.977
22/12/2019	1.978	9.064	17.199	24.895	1042.265
23/12/2019	0.938	8.331	17.752	24.431	976.926
24/12/2019	0.166	9.628	16.835	25.327	932.973
25/12/2019	5.169	8.814	17.794	25.079	984.665
26/12/2019	6.402	10.019	16.769	25.749	995.390
27/12/2019	13.355	6.928	18.069	23.011	1005.268
28/12/2019	0.271	9.623	16.673	25.172	951.609
29/12/2019	1.596	8.933	16.975	24.562	908.277
30/12/2019	16.845	7.276	17.709	23.126	915.002
31/12/2019	11.642	6.782	17.313	22.201	875.656
01/01/2020	10.267	8.831	16.938	24.324	1027.611
02/01/2020	6.885	8.885	17.299	24.709	1144.138
03/01/2020	0.263	10.524	16.607	26.198	1072.040
04/01/2020	0.000	11.045	15.368	26.051	1089.122
05/01/2020	0.042	9.287	16.693	24.722	1050.954
06/01/2020	0.050	10.381	15.551	25.310	979.007
07/01/2020	0.000	11.304	14.704	25.889	942.598
08/01/2020	0.000	11.769	14.531	26.376	873.159
09/01/2020	0.000	11.379	14.959	26.110	803.074
10/01/2020	0.000	11.457	15.575	26.617	756.855
11/01/2020	0.000	11.130	14.912	25.732	719.278
12/01/2020	0.000	11.718	15.246	26.666	700.429
13/01/2020	0.005	11.672	15.817	26.970	666.548
14/01/2020	0.082	10.819	16.725	26.490	669.895
15/01/2020	2.385	10.312	16.090	25.412	631.232
16/01/2020	0.143	10.807	16.397	26.204	595.367
17/01/2020	0.076	12.263	16.048	27.746	608.063
18/01/2020	0.002	12.113	16.377	27.751	639.779
19/01/2020	1.463	10.398	17.093	26.158	595.778
20/01/2020	13.415	6.909	18.286	22.962	636.427
21/01/2020	15.782	7.291	17.458	22.708	603.759
22/01/2020	14.544	6.588	17.066	21.549	596.715
23/01/2020	0.039	10.717	15.432	25.240	775.903
24/01/2020	2.998	9.252	17.228	24.714	731.826
25/01/2020	2.567	9.693	17.649	25.561	660.023
26/01/2020	1.741	9.256	18.198	25.400	660.794
27/01/2020	3.449	8.606	17.044	23.767	666.548
28/01/2020	0.159	9.323	17.357	24.815	652.594
29/01/2020	0.044	9.725	16.778	24.843	729.562
30/01/2020	0.030	11.598	15.427	26.167	704.251
31/01/2020	0.050	10.578	16.818	25.864	641.980
01/02/2020	0.671	10.446	16.951	25.793	771.681
02/02/2020	7.174	9.608	17.159	24.940	830.288
03/02/2020	0.295	10.961	16.655	26.140	691.579
04/02/2020	0.053	11.729	16.504	26.995	582.839
05/02/2020	0.000	12.447	15.587	27.226	550.951
06/02/2020	0.000	12.294	15.098	26.680	505.821
07/02/2020	0.004	12.365	14.746	26.491	486.817
08/02/2020	0.848	10.169	17.232	25.489	468.986
09/02/2020	2.176	11.409	15.867	25.994	453.208
10/02/2020	0.002	12.447	15.564	26.986	456.802
11/02/2020	0.082	12.420	16.272	27.436	448.831
12/02/2020	0.093	11.515	15.981	26.149	442.413
13/02/2020	0.006	11.544	16.853	26.741	437.350
14/02/2020	0.816	9.946	17.286	25.160	439.492
15/02/2020	0.739	11.220	16.897	26.334	448.298
16/02/2020	0.617	11.104	17.417	26.522	440.455
17/02/2020	0.016	11.873	17.614	27.522	443.236
18/02/2020	0.025	12.942	16.678	28.112	448.789
19/02/2020	0.930	11.673	16.931	26.797	436.017
20/02/2020	10.312	9.520	18.095	25.170	436.000
21/02/2020	6.105	9.085	17.542	24.229	418.499
22/02/2020	10.918	8.314	17.654	23.428	406.989
23/02/2020	4.009	8.940	17.748	24.156	482.229
24/02/2020	7.024	9.327	18.045	24.785	534.898
25/02/2020	18.343	9.665	17.400	24.680	498.558
26/02/2020	7.924	7.845	17.626	22.937	521.496
27/02/2020	0.028	9.922	17.228	24.820	561.363
28/02/2020	0.033	11.449	16.623	26.102	607.637
29/02/2020	1.430	11.242	16.483	25.746	606.419
01/03/2020	2.416	10.476	18.022	25.959	550.503
02/03/2020	4.209	10.622	17.596	25.787	541.637
03/03/2020	6.419	11.065	16.987	25.852	555.522
04/03/2020	3.858	11.194	17.864	26.586	552.001
05/03/2020	0.000	12.248	16.917	27.124	527.367
06/03/2020	1.501	11.697	17.194	26.659	521.818
07/03/2020	10.918	9.603	17.297	24.383	507.152
08/03/2020	0.331	10.690	17.106	25.418	501.206
09/03/2020	2.053	10.703	18.045	26.085	503.585
10/03/2020	7.410	9.835	18.197	25.254	506.756
11/03/2020	14.321	9.819	18.040	25.148	510.125
12/03/2020	0.489	10.095	18.086	25.457	530.288
13/03/2020	6.296	9.070	18.326	24.558	578.871
14/03/2020	5.837	8.816	17.962	23.977	562.124
15/03/2020	0.572	10.318	17.227	25.009	670.732
16/03/2020	1.658	10.430	17.781	25.551	685.259
17/03/2020	0.583	11.125	16.880	25.687	687.726
18/03/2020	2.260	11.369	17.046	26.038	592.533
19/03/2020	0.734	10.988	17.456	25.881	571.465
20/03/2020	1.327	7.420	18.247	22.737	566.475
21/03/2020	0.382	11.384	15.857	25.218	548.801
22/03/2020	0.000	13.408	13.981	26.356	542.429
23/03/2020	0.220	12.389	16.082	26.492	536.484
24/03/2020	2.072	9.649	16.772	23.880	522.239
25/03/2020	0.263	11.586	17.015	26.212	501.405
26/03/2020	5.703	11.066	17.290	25.835	482.752
27/03/2020	3.951	11.328	17.221	26.103	492.654
28/03/2020	0.195	12.250	16.759	26.794	488.922
29/03/2020	0.317	8.992	18.292	24.392	474.926
30/03/2020	0.257	8.582	17.660	23.416	468.627
31/03/2020	7.917	9.983	17.544	24.848	480.791
01/04/2020	8.032	8.346	17.514	23.075	523.874
02/04/2020	2.896	10.498	17.298	25.224	644.828
03/04/2020	0.474	10.035	18.277	25.449	638.499
04/04/2020	0.073	9.714	18.772	25.502	525.716
05/04/2020	3.176	10.155	18.150	25.493	497.313
06/04/2020	6.346	9.360	18.475	24.932	494.147
07/04/2020	5.162	10.478	17.895	25.659	508.928
08/04/2020	2.478	10.301	18.239	25.726	528.854
09/04/2020	8.468	9.430	18.257	24.837	556.303
10/04/2020	6.247	9.879	17.957	25.119	526.178
11/04/2020	25.078	8.621	17.853	23.673	525.385
12/04/2020	19.693	8.123	18.252	23.472	523.007
13/04/2020	4.451	8.480	17.326	23.211	592.283
14/04/2020	2.512	8.445	17.466	23.201	595.179
15/04/2020	0.471	10.048	17.077	24.643	716.770
16/04/2020	2.906	10.714	16.343	24.858	744.465
17/04/2020	6.150	10.814	16.377	24.987	802.291
18/04/2020	7.084	8.634	16.696	22.845	728.489
19/04/2020	3.485	10.330	16.377	24.515	794.453
20/04/2020	4.143	11.078	15.988	25.083	823.365
21/04/2020	9.583	9.150	16.941	23.638	785.247
22/04/2020	3.696	9.572	16.683	23.920	816.794
23/04/2020	8.595	9.804	16.655	24.158	806.434
24/04/2020	4.627	9.222	17.047	23.835	734.439
25/04/2020	2.118	10.279	16.958	24.965	718.708
26/04/2020	1.373	10.790	16.812	25.429	657.961
27/04/2020	3.601	10.765	16.653	25.299	600.474
28/04/2020	7.650	10.275	17.544	25.397	603.807
29/04/2020	3.023	10.345	17.563	25.484	620.438
30/04/2020	10.481	9.589	17.664	24.793	630.562
01/05/2020	6.110	9.011	18.104	24.504	667.492
02/05/2020	0.883	10.357	17.445	25.466	691.895
03/05/2020	3.322	10.135	17.676	25.379	681.236
04/05/2020	6.665	9.339	18.151	24.915	640.082
05/05/2020	4.813	11.269	16.691	25.994	627.349
06/05/2020	4.319	9.279	17.892	24.696	669.400
07/05/2020	3.500	9.057	17.983	24.491	657.457
08/05/2020	0.469	9.823	17.561	25.009	567.529
09/05/2020	0.409	10.893	18.408	26.887	538.664
10/05/2020	1.883	11.282	17.343	26.547	529.770
11/05/2020	9.935	9.480	17.759	24.927	488.370
12/05/2020	7.290	8.259	18.033	23.743	464.672
13/05/2020	5.010	8.120	17.307	22.978	497.243
14/05/2020	2.514	11.126	16.065	25.550	625.613
15/05/2020	2.887	9.843	18.086	25.517	608.276
16/05/2020	2.836	10.419	17.637	25.872	602.743
17/05/2020	7.658	9.407	18.167	25.154	619.357
18/05/2020	3.353	9.805	17.496	25.124	598.204
19/05/2020	6.473	7.056	17.586	22.258	683.103
20/05/2020	0.778	11.212	17.003	26.401	624.258
21/05/2020	2.308	10.705	17.619	26.282	605.297
22/05/2020	4.131	8.657	17.818	24.164	561.333
23/05/2020	1.053	11.348	16.976	26.575	530.868
24/05/2020	2.126	10.062	17.501	25.451	516.533
25/05/2020	1.810	10.755	17.797	26.517	549.076
26/05/2020	3.188	9.529	18.187	25.421	539.329
27/05/2020	26.397	7.733	17.755	23.113	619.738
28/05/2020	5.213	8.371	16.964	23.281	620.709
29/05/2020	8.169	8.458	17.092	23.395	566.928
30/05/2020	10.956	5.974	17.275	20.906	551.159
31/05/2020	1.063	9.083	16.334	23.573	569.421
01/06/2020	7.319	9.021	16.933	23.934	574.160
02/06/2020	9.383	8.545	16.595	23.240	615.676
03/06/2020	10.622	6.513	16.344	20.698	757.300
04/06/2020	6.482	10.932	16.128	25.641	944.875
05/06/2020	3.294	9.404	17.276	24.700	929.707
06/06/2020	11.058	8.347	16.759	23.097	945.980
07/06/2020	0.573	10.898	16.417	25.868	855.050
08/06/2020	1.226	10.875	15.950	25.500	741.466
09/06/2020	3.799	8.968	16.853	23.916	759.090
10/06/2020	4.536	7.392	16.265	21.688	744.001
11/06/2020	4.837	8.896	15.640	22.909	711.416
12/06/2020	6.425	8.139	16.862	22.926	786.024
13/06/2020	4.977	10.625	15.721	25.089	758.373
14/06/2020	7.807	9.604	16.886	24.664	704.526
15/06/2020	2.633	9.227	16.575	24.033	666.928
16/06/2020	0.584	9.998	15.972	24.497	658.181
17/06/2020	8.784	7.939	16.562	22.532	721.034
18/06/2020	0.598	9.732	16.287	24.410	748.774
19/06/2020	7.466	10.109	16.417	24.946	780.565
20/06/2020	8.476	9.768	16.489	24.612	691.345
21/06/2020	6.673	10.411	17.251	25.921	822.752
22/06/2020	2.249	10.002	16.976	25.211	793.783
23/06/2020	3.626	9.834	17.193	25.196	768.312
24/06/2020	4.011	10.438	16.422	25.368	738.352
25/06/2020	1.108	10.308	15.832	24.769	740.634
26/06/2020	6.158	9.430	16.841	24.455	742.020
27/06/2020	2.407	9.390	16.543	24.213	758.032
28/06/2020	13.851	8.030	16.851	22.897	780.935
29/06/2020	2.430	10.336	16.141	25.010	888.885
30/06/2020	3.992	9.512	16.866	24.563	798.369
01/07/2020	6.372	9.432	16.569	24.266	674.643
02/07/2020	17.016	9.213	16.612	24.031	772.775
03/07/2020	2.970	9.826	16.840	24.906	1136.623
04/07/2020	17.059	8.195	16.663	22.885	1061.172
05/07/2020	13.914	8.654	16.402	23.224	1379.631
06/07/2020	1.645	9.955	16.487	24.780	1232.389
07/07/2020	7.999	8.989	16.593	23.747	1129.318
08/07/2020	8.874	9.891	16.598	24.805	1197.137
09/07/2020	8.732	10.567	16.415	25.420	1418.527
10/07/2020	16.471	7.910	17.221	23.004	1389.972
11/07/2020	7.055	8.494	16.696	23.234	1318.484
12/07/2020	2.342	8.965	16.726	23.779	1451.796
13/07/2020	2.305	10.496	16.417	25.295	1297.440
14/07/2020	8.262	10.147	16.365	24.856	1285.903
15/07/2020	0.992	10.939	15.932	25.469	1177.090
16/07/2020	2.266	9.960	16.272	24.571	1078.877
17/07/2020	2.559	11.827	15.699	26.347	959.905
18/07/2020	2.598	11.520	15.705	26.029	907.461
19/07/2020	2.998	10.940	16.343	25.715	1011.236
20/07/2020	3.388	9.502	17.126	24.640	904.542
21/07/2020	3.599	9.424	16.981	24.421	949.203
22/07/2020	13.655	9.281	16.734	24.057	930.278
23/07/2020	8.000	8.488	16.752	23.129	958.532
24/07/2020	11.919	8.890	16.733	23.601	1050.574
25/07/2020	8.617	7.265	17.017	21.937	1469.956
26/07/2020	3.290	10.079	16.341	24.609	1412.793
27/07/2020	9.852	9.862	16.762	24.673	1365.664
28/07/2020	4.914	10.769	16.647	25.616	1444.444
29/07/2020	3.526	10.581	16.862	25.544	1676.736
30/07/2020	7.184	9.960	17.211	25.071	1332.133
31/07/2020	2.802	10.795	17.120	25.985	1213.630
01/08/2020	1.190	11.418	16.443	26.218	1266.372
02/08/2020	0.020	12.953	15.312	27.295	1062.319
03/08/2020	1.825	10.998	16.336	25.647	1018.948
04/08/2020	1.196	10.960	16.330	25.537	1011.918
05/08/2020	4.181	10.092	16.149	24.357	1081.010
06/08/2020	1.688	9.987	16.655	24.637	953.221
07/08/2020	1.516	10.379	17.001	25.268	1006.917
08/08/2020	0.954	11.440	16.976	26.472	980.688
09/08/2020	0.407	11.375	16.444	26.037	857.541
10/08/2020	1.732	11.057	17.040	26.129	925.542
11/08/2020	2.851	10.118	17.857	25.649	877.195
12/08/2020	11.231	11.454	16.754	26.352	915.125
13/08/2020	8.854	10.074	17.357	25.144	855.039
14/08/2020	12.873	9.295	17.225	24.180	1028.883
15/08/2020	10.157	9.068	16.962	23.721	1169.137
16/08/2020	5.198	9.776	16.634	24.286	1071.110
17/08/2020	11.947	9.243	16.106	23.276	956.963
18/08/2020	0.739	9.896	17.133	24.749	994.792
19/08/2020	17.437	7.445	17.486	22.311	1060.568
20/08/2020	16.658	9.487	16.608	23.889	1159.017
21/08/2020	5.664	9.071	17.384	23.998	1591.316
22/08/2020	9.879	9.054	16.342	23.157	1454.873
23/08/2020	2.149	10.197	16.120	24.306	1592.717
24/08/2020	6.666	10.455	16.115	24.581	1494.377
25/08/2020	16.349	9.057	16.300	23.153	1764.417
26/08/2020	4.069	9.868	16.388	24.106	1547.136
27/08/2020	3.232	9.751	16.548	24.078	1331.657
28/08/2020	7.067	10.276	16.820	24.875	1419.831
29/08/2020	11.696	8.824	16.542	23.020	1184.822
30/08/2020	7.888	8.859	15.941	22.577	1180.320
31/08/2020	1.694	11.551	14.546	24.672	1261.259
01/09/2020	4.324	9.733	15.966	23.580	1228.451
02/09/2020	15.738	8.462	16.450	22.508	1266.978
03/09/2020	2.844	10.679	15.467	24.324	1439.530
04/09/2020	7.255	9.392	16.256	23.392	1268.848
05/09/2020	1.715	11.424	16.512	25.877	1281.136
06/09/2020	7.229	10.273	16.020	24.251	1258.964
07/09/2020	0.787	10.413	15.605	24.111	1319.829
08/09/2020	17.106	6.883	16.284	20.713	1361.264
09/09/2020	0.611	10.665	14.335	23.463	1484.491
10/09/2020	5.754	10.923	15.734	24.737	1329.124
11/09/2020	6.506	9.921	16.858	24.452	1153.808
12/09/2020	6.492	10.429	16.087	24.437	1148.174
13/09/2020	1.215	10.319	16.345	24.499	1208.969
14/09/2020	1.849	11.549	15.804	25.522	1205.940
15/09/2020	1.654	9.595	16.819	24.123	1066.729
16/09/2020	2.923	9.450	15.892	23.237	1135.903
17/09/2020	6.672	9.407	16.086	23.295	1453.898
18/09/2020	5.765	9.487	16.176	23.453	1241.708
19/09/2020	6.244	10.112	16.134	24.112	1251.789
20/09/2020	8.144	9.846	16.703	24.234	1240.388
21/09/2020	2.195	9.759	16.797	24.238	1307.204
22/09/2020	6.734	11.658	15.958	25.784	1518.657
23/09/2020	1.966	9.341	16.650	23.676	1196.127
24/09/2020	2.512	9.964	16.778	24.451	1169.065
25/09/2020	7.541	10.860	15.847	24.870	1183.670
26/09/2020	1.623	9.277	16.027	23.167	995.720
27/09/2020	4.990	10.125	15.908	24.071	1027.486
28/09/2020	6.205	11.004	16.065	25.163	1119.878
29/09/2020	6.626	9.579	16.001	23.533	969.294
30/09/2020	9.172	8.790	16.443	22.984	1002.661
01/10/2020	3.739	10.270	16.152	24.450	1071.511
02/10/2020	8.032	9.560	15.874	23.464	1110.668
03/10/2020	5.101	9.890	15.837	23.803	1052.049
04/10/2020	14.251	7.628	16.406	21.652	1045.603
05/10/2020	2.665	9.408	15.635	23.088	1131.861
06/10/2020	6.369	10.312	15.200	23.866	1264.514
07/10/2020	5.908	9.596	15.809	23.520	1104.804
08/10/2020	3.223	9.622	15.982	23.631	1104.520
09/10/2020	2.762	10.245	16.182	24.516	1146.221
10/10/2020	0.092	13.251	14.753	27.117	1082.525
11/10/2020	7.267	10.930	15.573	24.943	982.292
12/10/2020	4.982	10.001	15.828	24.041	959.150
13/10/2020	13.083	8.440	15.618	22.071	1050.865
14/10/2020	1.687	10.295	15.232	24.005	1248.999
15/10/2020	2.144	10.665	15.703	24.784	1010.627
16/10/2020	1.285	9.654	16.380	24.077	911.079
17/10/2020	7.428	9.814	15.841	23.919	897.364
18/10/2020	6.677	10.127	16.206	24.560	833.520
19/10/2020	22.021	7.116	16.727	21.527	979.596
20/10/2020	4.697	10.378	15.818	24.607	1044.633
21/10/2020	9.192	9.487	16.877	24.332	983.651
22/10/2020	9.805	9.888	16.575	24.616	1146.752
23/10/2020	2.054	9.385	16.781	24.246	1108.883
24/10/2020	8.202	7.008	16.703	21.534	992.558
25/10/2020	1.036	10.027	15.678	24.188	1006.179
26/10/2020	4.845	9.852	16.625	24.674	999.259
27/10/2020	8.974	8.714	16.710	23.515	904.355
28/10/2020	24.924	7.893	16.547	22.403	885.302
29/10/2020	6.696	9.619	16.239	24.184	916.683
30/10/2020	6.203	8.820	16.756	23.623	914.076
31/10/2020	7.007	6.984	16.904	21.688	1045.323
01/11/2020	11.768	8.047	16.944	22.887	1350.898
02/11/2020	0.527	9.991	16.449	24.860	1359.882
03/11/2020	0.831	10.057	15.964	24.625	1242.014
04/11/2020	1.600	10.960	15.642	25.513	1190.075
05/11/2020	9.294	8.553	17.218	23.788	983.241
06/11/2020	4.220	8.740	15.705	22.893	1051.832
07/11/2020	3.018	9.854	15.754	24.289	1116.986
08/11/2020	1.396	9.681	15.884	24.220	1027.688
09/11/2020	19.693	8.409	16.483	23.159	1082.256
10/11/2020	3.622	7.850	16.563	22.564	1074.139
11/11/2020	15.194	7.104	16.287	21.494	1136.829
12/11/2020	2.344	8.272	15.989	22.624	1290.801
13/11/2020	18.547	8.467	16.236	23.078	1158.095
14/11/2020	13.861	7.403	16.732	22.215	1455.507
15/11/2020	3.867	8.419	16.205	23.031	1757.193
16/11/2020	25.856	7.756	16.428	22.416	1556.445
17/11/2020	18.229	6.378	16.609	20.985	1568.242
18/11/2020	7.975	7.849	16.249	22.426	1650.450
19/11/2020	9.495	8.701	16.143	23.432	1864.086
20/11/2020	4.877	7.743	16.297	22.384	1638.002
21/11/2020	6.330	8.387	15.963	22.917	1545.277
22/11/2020	1.887	10.159	15.909	25.105	1727.658
23/11/2020	2.074	9.761	15.891	24.613	1570.309
24/11/2020	5.722	9.142	16.007	23.983	1375.771
25/11/2020	5.057	8.478	16.122	23.228	1300.711
26/11/2020	6.746	8.893	16.022	23.649	1342.917
27/11/2020	9.586	7.270	16.528	22.104	1312.035
28/11/2020	10.863	8.466	16.431	23.424	1266.757
29/11/2020	8.601	9.588	15.952	24.503	1356.181
30/11/2020	11.243	8.189	16.234	23.009	1372.565
01/12/2020	5.815	8.971	16.437	24.136	1365.876
02/12/2020	14.986	7.531	16.796	22.672	1270.241
03/12/2020	10.605	7.907	16.749	23.057	1418.317
04/12/2020	0.069	9.550	16.578	24.969	1527.958
05/12/2020	0.106	8.744	16.693	24.076	1317.150
06/12/2020	0.638	9.572	15.753	24.432	1204.470
07/12/2020	2.690	9.478	15.391	24.103	1242.345
08/12/2020	6.089	8.732	16.201	23.715	1153.057
09/12/2020	6.069	8.813	16.234	23.838	1068.410
10/12/2020	2.592	9.600	15.751	24.490	1052.251
11/12/2020	5.094	9.643	15.749	24.538	1041.431
12/12/2020	2.628	9.893	15.528	24.725	998.487
13/12/2020	1.174	9.969	15.728	24.971	978.208
14/12/2020	0.608	9.855	15.278	24.557	964.222
15/12/2020	3.447	8.737	15.623	23.364	937.137
16/12/2020	2.711	10.042	15.194	24.693	861.408
17/12/2020	5.168	8.943	15.746	23.699	902.706
18/12/2020	10.197	8.899	15.729	23.629	897.910
19/12/2020	2.972	9.798	15.988	24.949	870.797
20/12/2020	3.967	8.236	16.329	23.206	843.545
21/12/2020	1.148	9.915	15.623	24.843	831.851
22/12/2020	6.953	9.190	15.937	24.123	826.265
23/12/2020	3.811	10.078	15.785	25.148	821.640
24/12/2020	6.552	9.048	16.437	24.321	897.597
25/12/2020	24.830	7.990	16.485	23.022	862.308
26/12/2020	11.797	6.353	15.978	20.674	990.725
27/12/2020	2.856	7.610	15.558	21.817	1185.074
28/12/2020	3.839	8.337	15.795	22.901	1257.227
29/12/2020	0.767	8.487	15.862	23.133	1337.242
30/12/2020	2.658	8.497	15.952	23.218	1322.264
31/12/2020	1.872	8.735	15.995	23.542	1194.891
01/01/2021	0.474	8.883	16.447	24.050	1158.271
02/01/2021	1.246	9.679	15.506	24.379	1104.602
03/01/2021	13.683	8.367	16.205	23.242	1080.367
04/01/2021	3.625	8.872	15.835	23.617	1190.915
05/01/2021	4.078	8.181	15.981	22.796	1133.988
06/01/2021	1.366	8.579	16.005	23.265	1079.193
07/01/2021	1.826	9.031	15.918	23.792	1084.318
08/01/2021	6.734	8.375	15.141	22.358	1105.456
09/01/2021	8.455	8.470	15.933	23.083	1146.583
10/01/2021	4.240	9.470	15.835	24.229	1242.863
11/01/2021	4.782	9.172	15.971	23.949	1256.680
12/01/2021	4.083	9.818	16.027	24.799	1399.824
13/01/2021	0.137	10.489	15.385	25.166	1259.019
14/01/2021	1.278	10.621	15.712	25.542	1180.070
15/01/2021	0.447	10.323	16.123	25.448	1105.456
16/01/2021	0.584	10.241	15.551	24.914	1053.095
17/01/2021	0.000	10.181	15.563	24.825	1044.039
18/01/2021	0.000	10.403	15.696	25.182	1020.564
19/01/2021	0.108	11.563	14.680	25.926	946.348
20/01/2021	0.047	11.034	15.058	25.483	916.596
21/01/2021	0.393	10.290	15.838	25.082	852.010
22/01/2021	0.422	10.163	16.135	25.091	845.640
23/01/2021	8.620	9.391	15.910	23.951	815.531
24/01/2021	0.311	10.467	15.587	25.022	891.702
25/01/2021	3.249	9.918	16.763	25.145	835.587
26/01/2021	10.568	10.072	16.111	24.876	794.761
27/01/2021	0.950	10.801	16.224	25.836	790.135
28/01/2021	2.316	10.462	15.935	25.199	727.125
29/01/2021	0.531	11.805	15.603	26.582	701.604
30/01/2021	1.164	11.094	15.657	25.729	712.583
31/01/2021	0.000	12.198	14.902	26.556	676.588
01/02/2021	0.874	10.333	15.973	24.945	648.509
02/02/2021	3.097	9.523	16.853	24.590	592.440
03/02/2021	2.263	9.930	16.827	25.034	679.288
04/02/2021	1.156	10.776	15.783	25.262	568.571
05/02/2021	3.265	9.684	16.719	24.603	631.098
06/02/2021	4.263	10.578	16.679	25.598	685.260
07/02/2021	2.341	10.923	16.001	25.556	647.016
08/02/2021	7.323	9.226	17.014	24.213	612.411
09/02/2021	12.894	9.539	16.490	24.207	577.422
10/02/2021	8.477	9.441	16.377	23.932	646.776
11/02/2021	2.077	9.784	16.667	24.519	678.414
12/02/2021	0.143	8.345	16.791	22.977	641.479
13/02/2021	0.141	8.114	16.634	22.565	540.846
14/02/2021	2.328	8.767	16.175	22.940	730.728
15/02/2021	16.445	9.711	16.336	24.134	760.979
16/02/2021	2.637	9.373	16.066	23.547	698.527
17/02/2021	4.881	8.070	16.408	22.329	687.085
18/02/2021	1.070	7.339	16.783	21.853	640.078
19/02/2021	16.618	7.476	16.745	21.868	729.049
20/02/2021	2.396	9.158	15.633	22.858	947.391
21/02/2021	5.050	8.995	16.075	22.984	1068.509
22/02/2021	1.336	8.334	16.478	22.525	1034.162
23/02/2021	1.037	10.135	16.233	24.395	1012.172
24/02/2021	0.099	10.868	15.637	24.780	1080.557
25/02/2021	0.828	9.607	17.439	24.622	1041.572
26/02/2021	7.491	10.310	16.712	24.862	920.801
27/02/2021	14.378	9.300	16.662	23.700	920.045
28/02/2021	5.370	9.400	16.724	23.838	926.209
01/03/2021	7.447	7.782	17.089	22.336	916.123
02/03/2021	2.987	8.978	16.203	22.922	1015.121
03/03/2021	1.821	8.839	16.113	22.654	1214.711
04/03/2021	4.356	8.870	16.698	23.140	1274.454
05/03/2021	6.844	8.588	16.273	22.472	1265.641
06/03/2021	1.458	9.550	16.066	23.425	1266.371
07/03/2021	4.138	9.423	16.934	23.891	1301.441
08/03/2021	23.805	6.882	17.248	21.499	1428.244
09/03/2021	3.674	9.667	16.543	23.879	1643.046
10/03/2021	6.611	7.557	16.009	21.134	1440.479
11/03/2021	4.489	6.464	16.344	20.295	1310.209
12/03/2021	3.468	7.433	16.260	21.225	1413.145
13/03/2021	4.995	8.885	15.868	22.417	1649.100
14/03/2021	3.902	10.884	15.774	24.630	1760.929
15/03/2021	5.800	8.637	15.698	22.005	1711.806
16/03/2021	13.360	9.851	15.909	23.551	1600.456
17/03/2021	4.337	9.734	15.854	23.373	1724.908
18/03/2021	10.006	7.497	16.539	21.502	1722.404
19/03/2021	6.635	9.123	16.195	22.951	1792.244
20/03/2021	4.319	8.046	16.074	21.650	1822.512
21/03/2021	2.210	10.406	15.231	23.653	1811.263
22/03/2021	5.290	6.747	16.624	20.718	1809.444
23/03/2021	1.157	9.946	15.918	23.639	1823.838
24/03/2021	8.658	8.940	16.434	22.870	1933.958
25/03/2021	3.590	10.918	15.759	24.645	1922.930
26/03/2021	10.584	9.820	16.175	23.716	1834.698
27/03/2021	12.166	8.661	16.701	22.759	1796.265
28/03/2021	11.787	10.256	16.779	24.571	1812.367
29/03/2021	4.538	9.647	16.656	23.809	1715.182
30/03/2021	1.499	10.461	16.500	24.581	1546.578
31/03/2021	15.759	10.279	17.607	25.187	1422.786
01/04/2021	24.486	8.031	17.235	22.539	1481.810
02/04/2021	10.134	9.037	16.696	23.195	1316.006
03/04/2021	7.031	9.412	16.729	23.622	1464.772
04/04/2021	10.594	9.221	16.431	23.192	1478.460
05/04/2021	5.847	9.920	16.761	24.213	1393.993
06/04/2021	12.132	8.242	16.689	22.343	1590.587
07/04/2021	4.471	9.515	15.966	23.169	1884.144
08/04/2021	4.118	9.673	16.541	23.804	1662.911
09/04/2021	9.457	7.664	16.585	21.714	1664.194
10/04/2021	1.601	10.570	16.123	24.507	1619.691
11/04/2021	4.484	10.100	16.795	24.473	1588.934
12/04/2021	11.212	8.873	16.875	23.168	1385.087
13/04/2021	1.550	11.062	15.905	24.931	1276.600
14/04/2021	22.353	9.879	16.968	24.407	1205.682
15/04/2021	9.688	9.891	16.748	24.222	1059.624
16/04/2021	18.625	9.606	16.402	23.687	1143.965
17/04/2021	9.561	9.761	16.230	23.738	1231.703
18/04/2021	7.115	9.174	16.435	23.284	1317.386
19/04/2021	5.505	9.023	16.787	23.355	1216.555
20/04/2021	4.158	10.969	15.820	24.855	1199.216
21/04/2021	7.226	9.345	15.998	23.162	1171.887
22/04/2021	2.346	11.350	15.371	25.036	1142.274
23/04/2021	8.877	8.250	16.962	22.668	1295.619
24/04/2021	1.773	10.140	15.932	24.040	1227.970
25/04/2021	5.393	9.746	16.631	24.124	1124.979
26/04/2021	11.559	9.060	16.841	23.465	1006.986
27/04/2021	9.126	7.948	17.183	22.573	966.631
28/04/2021	7.218	7.958	16.400	21.952	1178.574
29/04/2021	2.734	7.361	16.571	21.443	1481.658
30/04/2021	9.170	6.301	16.536	20.353	1576.211
01/05/2021	3.003	9.495	14.952	22.677	1840.479
02/05/2021	7.332	8.107	17.075	22.687	1854.383
03/05/2021	11.496	8.123	16.249	22.091	1849.696
04/05/2021	1.266	10.406	15.789	24.349	1952.084
05/05/2021	3.856	9.095	16.725	23.553	1879.108
06/05/2021	8.195	8.902	16.460	23.144	1765.727
07/05/2021	4.045	10.077	16.130	24.240	1708.898
08/05/2021	7.701	9.883	16.254	24.113	1764.845
09/05/2021	12.369	9.837	16.462	24.219	1714.245
10/05/2021	10.736	9.546	16.517	23.904	1720.473
11/05/2021	3.712	10.574	16.317	24.988	1780.336
12/05/2021	5.498	10.020	16.787	24.743	1730.168
13/05/2021	5.208	11.010	16.548	25.727	1584.692
14/05/2021	9.780	9.647	17.368	24.776	1415.220
15/05/2021	8.952	9.099	17.024	23.920	1188.638
16/05/2021	17.275	9.128	17.008	23.954	1241.329
17/05/2021	9.187	7.683	17.023	22.359	1540.257
18/05/2021	9.411	8.092	16.694	22.555	1766.761
19/05/2021	1.826	10.817	16.254	25.368	2197.865
20/05/2021	0.954	10.603	16.435	25.285	2251.185
21/05/2021	11.060	9.965	16.729	24.826	2034.562
22/05/2021	14.930	8.950	17.414	24.128	1808.221
23/05/2021	7.182	8.806	17.042	23.675	1742.409
24/05/2021	0.602	8.749	17.554	24.044	1677.262
25/05/2021	2.995	9.455	16.870	24.344	1685.562
26/05/2021	14.265	9.228	16.907	24.075	1401.466
27/05/2021	6.767	8.642	17.040	23.543	1614.931
28/05/2021	8.704	7.874	16.816	22.541	1825.188
29/05/2021	7.207	7.335	16.908	22.046	1953.200
30/05/2021	2.671	9.346	16.494	23.945	1831.172
31/05/2021	7.637	8.121	17.452	23.300	1766.220
01/06/2021	9.606	8.827	16.187	23.161	1749.520
02/06/2021	7.205	8.948	16.494	23.542	1847.050
03/06/2021	4.971	9.383	16.938	24.359	1800.903
04/06/2021	10.400	9.443	16.414	24.068	1710.113
05/06/2021	15.428	9.055	16.295	23.566	1826.816
06/06/2021	4.785	7.825	16.636	22.388	1757.796
07/06/2021	11.126	7.188	16.759	21.781	1590.408
08/06/2021	5.650	7.357	16.442	21.713	1622.685
09/06/2021	4.920	8.017	15.966	22.131	1926.708
10/06/2021	5.641	8.386	16.156	22.669	2072.890
11/06/2021	4.817	9.753	16.290	24.413	2102.901
12/06/2021	6.083	9.701	16.351	24.426	1967.081
13/06/2021	19.598	7.071	16.084	21.122	1878.754
14/06/2021	4.929	8.329	16.651	23.019	1797.110
15/06/2021	10.645	7.693	16.016	21.766	1866.020
16/06/2021	5.531	9.563	15.373	23.540	1869.619
17/06/2021	1.632	9.464	16.202	24.028	1916.225
18/06/2021	7.197	10.160	15.961	24.704	1960.580
19/06/2021	4.738	9.982	16.700	25.034	1955.535
20/06/2021	2.324	8.702	16.418	23.302	1862.120
21/06/2021	10.084	9.407	15.760	23.646	1886.731
22/06/2021	1.793	9.029	15.051	22.765	1914.792
23/06/2021	2.336	9.744	15.048	23.559	1815.241
24/06/2021	7.996	8.703	15.607	22.716	1669.510
25/06/2021	4.428	8.267	15.004	21.705	1928.244
26/06/2021	5.718	9.145	15.486	23.166	1991.131
27/06/2021	3.452	9.051	15.867	23.311	1882.560
28/06/2021	3.333	10.200	15.187	24.194	1670.944
29/06/2021	2.998	10.264	15.680	24.605	1560.433
30/06/2021	5.887	9.411	15.737	23.619	1557.090
01/07/2021	3.720	8.799	15.992	23.127	1323.273
02/07/2021	3.202	9.844	16.216	24.492	1575.214
03/07/2021	0.488	9.850	15.716	24.261	1476.272
04/07/2021	0.790	10.504	14.861	24.392	1471.545
05/07/2021	2.099	10.219	15.632	24.531	1526.694
06/07/2021	1.190	11.285	15.125	25.483	1259.260
07/07/2021	0.741	10.824	15.891	25.398	1134.413
08/07/2021	4.087	10.436	16.148	25.124	1140.325
09/07/2021	4.979	9.123	16.657	23.920	1143.505
10/07/2021	7.228	7.561	16.973	22.445	1269.606
11/07/2021	7.315	9.013	16.002	23.298	1545.963
12/07/2021	0.631	9.424	16.658	24.239	1484.216
13/07/2021	5.179	9.945	15.914	24.319	1377.123
14/07/2021	4.384	10.434	15.989	24.958	1159.673
15/07/2021	2.374	10.477	16.389	25.275	1071.731
16/07/2021	6.387	10.578	15.873	25.002	1073.907
17/07/2021	5.713	9.637	16.084	24.037	1295.147
18/07/2021	3.480	9.731	16.515	24.458	1400.623
19/07/2021	3.750	10.784	16.659	25.755	1367.860
20/07/2021	0.893	11.475	16.240	26.281	1110.681
21/07/2021	2.177	10.917	15.823	25.308	1038.357
22/07/2021	5.675	10.652	16.756	25.636	1104.345
23/07/2021	5.981	9.968	17.251	25.207	1099.599
24/07/2021	13.806	7.332	16.806	21.983	1038.440
25/07/2021	12.367	7.040	15.974	20.949	1110.452
26/07/2021	4.710	8.947	15.827	22.955	1216.499
27/07/2021	18.269	7.219	16.616	21.592	1464.141
28/07/2021	3.314	11.023	15.290	24.970	1733.958
29/07/2021	1.828	10.419	16.380	25.042	1511.955
30/07/2021	9.252	10.743	16.241	25.285	1567.581
31/07/2021	2.565	12.501	16.438	27.509	1659.470
01/08/2021	1.482	9.725	16.074	23.932	1578.823
02/08/2021	3.350	10.701	15.804	24.912	1305.684
03/08/2021	5.088	8.902	16.193	23.081	1209.481
04/08/2021	1.992	11.305	15.286	25.256	1164.144
05/08/2021	1.159	12.133	14.672	25.812	1097.769
06/08/2021	2.553	10.693	15.135	24.415	1040.609
07/08/2021	3.297	10.884	15.355	24.797	996.106
08/08/2021	7.840	10.000	15.698	23.966	967.439
09/08/2021	8.701	10.711	16.211	25.097	997.993
10/08/2021	10.750	8.967	16.825	23.539	1212.090
11/08/2021	5.361	9.627	16.613	24.155	1200.145
12/08/2021	5.509	9.151	16.526	23.539	1300.122
13/08/2021	7.604	9.568	16.043	23.630	1224.275
14/08/2021	7.733	8.602	16.375	22.786	1571.667
15/08/2021	18.114	9.433	15.891	23.358	1616.530
16/08/2021	3.983	7.875	15.841	21.532	1794.224
17/08/2021	11.743	8.957	15.670	22.572	1873.130
18/08/2021	4.623	8.835	16.341	22.967	2084.951
19/08/2021	10.365	7.634	16.417	21.709	2329.465
20/08/2021	3.094	8.308	16.120	22.171	2191.070
21/08/2021	3.061	9.967	15.861	23.830	2069.217
22/08/2021	3.592	10.177	16.643	24.680	2020.337
23/08/2021	4.351	9.406	16.715	23.845	1581.995
24/08/2021	12.701	6.949	16.662	21.160	1738.069
25/08/2021	4.565	8.146	16.923	22.586	1908.111
26/08/2021	18.899	9.372	16.640	23.729	1947.516
27/08/2021	5.129	9.440	16.730	23.868	1973.542
28/08/2021	9.907	10.034	16.340	24.233	1875.303
29/08/2021	3.888	9.116	16.359	23.209	1803.335
30/08/2021	8.371	7.913	16.810	22.220	1899.629
31/08/2021	5.598	8.542	15.951	22.243	2009.436
01/09/2021	4.912	9.885	15.684	23.532	2071.893
02/09/2021	2.231	12.155	15.192	25.833	2071.893
03/09/2021	3.107	10.908	15.786	24.801	1828.817
04/09/2021	9.360	11.133	15.506	24.893	1598.738
05/09/2021	8.450	10.429	15.588	24.124	1502.593
06/09/2021	11.481	8.273	16.550	22.371	1607.730
07/09/2021	4.025	9.017	15.908	22.753	1758.881
08/09/2021	3.840	8.780	16.190	22.680	1692.142
09/09/2021	3.514	10.721	16.040	24.744	1680.321
10/09/2021	3.491	10.389	16.205	24.479	1478.249
11/09/2021	11.402	8.750	16.145	22.593	1715.023
12/09/2021	2.461	8.527	16.455	22.594	1743.575
13/09/2021	2.326	10.976	15.089	24.404	1664.447
14/09/2021	2.344	9.975	15.667	23.705	1448.832
15/09/2021	4.469	11.018	14.692	24.167	1355.507
16/09/2021	2.481	11.087	15.193	24.551	1384.977
17/09/2021	1.959	12.056	15.728	26.076	1391.555
18/09/2021	1.929	11.227	15.539	25.036	1288.290
19/09/2021	4.916	10.526	15.544	24.216	1226.419
20/09/2021	1.263	10.328	16.200	24.471	1133.798
21/09/2021	7.469	9.225	16.330	23.271	1269.163
22/09/2021	3.534	7.980	16.547	22.161	1233.210
23/09/2021	14.707	7.842	16.091	21.589	1348.198
24/09/2021	3.768	10.204	16.118	24.229	1585.299
25/09/2021	0.849	11.208	16.921	25.936	1389.473
26/09/2021	2.213	12.279	15.750	26.430	1327.196
27/09/2021	0.246	12.977	14.989	26.751	1113.660
28/09/2021	10.486	7.853	16.646	22.099	1109.940
29/09/2021	2.353	9.304	16.107	23.260	1081.930
30/09/2021	7.232	7.531	16.233	21.392	1234.512
01/10/2021	4.454	10.210	15.473	23.833	1356.375
02/10/2021	3.868	10.156	15.895	24.101	1273.306
03/10/2021	3.866	10.911	15.542	24.774	1277.313
04/10/2021	5.443	10.246	16.347	24.567	1262.821
05/10/2021	7.129	8.594	16.972	23.169	1207.474
06/10/2021	4.606	8.910	16.984	23.519	1360.026
07/10/2021	14.287	9.915	16.733	24.503	1214.924
08/10/2021	5.966	10.337	16.130	24.592	1329.118
09/10/2021	17.174	7.717	16.944	22.233	1253.704
10/10/2021	4.393	8.896	16.390	23.114	1363.581
11/10/2021	6.998	8.590	16.426	22.792	1271.716
12/10/2021	0.743	9.327	17.147	24.222	1184.161
13/10/2021	2.796	10.169	16.400	24.643	1146.452
14/10/2021	12.154	9.316	17.162	24.230	1155.507
15/10/2021	14.681	9.846	16.724	24.523	1171.159
16/10/2021	17.347	8.402	16.315	22.614	1247.118
17/10/2021	12.641	8.299	16.398	22.536	1297.230
18/10/2021	2.489	9.532	15.838	23.570	1919.462
19/10/2021	1.717	9.503	15.570	23.375	1727.824
20/10/2021	9.450	8.956	15.720	22.862	1560.111
21/10/2021	9.612	8.276	16.022	22.322	1616.056
22/10/2021	15.080	8.735	16.721	23.356	1450.998
23/10/2021	8.089	7.559	16.601	22.023	1377.441
24/10/2021	4.424	10.004	15.319	23.855	1620.021
25/10/2021	2.081	8.322	16.650	22.901	1498.908
26/10/2021	7.752	8.550	16.819	23.266	1404.925
27/10/2021	23.137	8.741	16.206	23.044	1817.703
28/10/2021	5.408	9.958	16.523	24.730	1827.497
29/10/2021	17.797	8.354	16.052	22.550	1986.044
30/10/2021	4.510	8.820	15.453	22.668	1932.698
31/10/2021	3.429	7.786	16.320	22.097	1864.992
01/11/2021	6.980	8.599	16.295	23.041	1652.860
02/11/2021	3.246	8.526	16.885	23.428	1468.328
03/11/2021	10.250	8.034	16.580	22.629	1674.054
04/11/2021	5.082	8.228	16.117	22.514	1888.214
05/11/2021	2.016	9.112	16.279	23.736	1998.938
06/11/2021	0.962	9.656	16.084	24.258	1682.183
07/11/2021	1.278	10.011	15.155	24.079	1462.442
08/11/2021	17.572	7.794	16.120	22.140	1410.649
09/11/2021	10.646	7.875	16.177	22.276	1398.178
10/11/2021	11.989	7.899	16.568	22.579	1534.483
11/11/2021	9.304	8.944	16.482	23.765	1577.902
12/11/2021	2.955	9.087	16.654	24.119	1635.943
13/11/2021	5.433	6.960	16.467	21.514	1660.550
14/11/2021	4.077	8.428	16.611	23.311	1551.610
15/11/2021	6.291	7.292	16.763	22.163	1678.085
16/11/2021	4.907	8.917	16.573	23.914	1678.914
17/11/2021	5.314	9.341	16.542	24.427	1559.152
18/11/2021	1.996	7.902	16.303	22.591	1397.838
19/11/2021	1.153	7.381	15.964	21.642	1278.061
20/11/2021	0.483	8.642	16.118	23.269	1272.216
21/11/2021	5.146	8.518	16.798	23.692	1320.146
22/11/2021	9.557	7.682	16.417	22.415	1411.972
23/11/2021	11.820	6.558	16.217	20.952	1504.896
24/11/2021	10.479	6.697	16.393	21.238	1588.219
25/11/2021	24.928	6.614	16.534	21.289	1764.845
26/11/2021	6.599	7.353	16.273	21.955	1887.429
27/11/2021	7.397	8.694	16.088	23.463	2013.245
28/11/2021	1.295	9.418	15.897	24.231	2078.872
29/11/2021	16.195	7.380	16.513	22.235	2024.034
30/11/2021	9.910	6.921	16.645	21.764	1960.282
01/12/2021	0.803	9.180	15.731	23.855	1957.648
02/12/2021	1.385	9.692	15.913	24.644	2103.571
03/12/2021	10.882	8.349	16.757	23.610	2014.733
04/12/2021	7.952	8.929	16.582	24.198	1866.748
05/12/2021	8.922	8.610	16.648	23.878	1785.079
06/12/2021	3.875	8.703	16.948	24.233	1695.208
07/12/2021	0.067	9.991	16.188	25.294	1512.704
08/12/2021	0.844	9.429	16.310	24.692	1401.491
09/12/2021	8.357	8.356	16.804	23.722	1315.508
10/12/2021	7.456	8.318	16.614	23.486	1226.043
11/12/2021	26.927	5.768	17.311	21.149	1203.322
12/12/2021	10.549	5.163	16.784	20.034	1170.475
13/12/2021	0.000	8.954	15.589	23.552	1202.000
14/12/2021	0.000	8.602	16.256	23.635	1246.073
15/12/2021	0.410	8.578	16.479	23.752	1159.207
16/12/2021	0.000	8.241	16.542	23.365	1142.915
17/12/2021	1.894	7.756	17.492	23.538	1143.599
18/12/2021	6.925	6.359	17.162	21.634	1118.311
19/12/2021	0.587	8.623	16.962	24.176	1138.765
20/12/2021	3.438	8.664	16.760	24.062	1127.876
21/12/2021	1.848	6.438	17.117	21.700	1081.115
22/12/2021	0.149	7.150	17.278	22.649	1066.382
23/12/2021	0.000	7.973	17.432	23.708	1106.737
24/12/2021	0.078	8.539	17.687	24.621	1123.392
25/12/2021	3.664	7.951	17.741	23.925	1114.424
26/12/2021	6.990	8.055	17.478	23.862	1109.940
27/12/2021	3.985	7.509	16.914	22.801	1114.511
28/12/2021	2.580	8.423	16.308	23.411	1196.654
29/12/2021	9.689	6.803	16.876	21.915	1153.470
30/12/2021	9.381	8.642	16.440	23.765	1120.189
31/12/2021	0.278	8.399	16.399	23.422	1129.157
01/01/2022	14.094	7.749	17.386	23.374	1126.595
02/01/2022	6.282	7.993	17.078	23.427	1153.609
03/01/2022	5.622	8.493	16.640	23.713	1434.386
04/01/2022	0.692	8.332	16.312	23.338	1286.309
05/01/2022	2.235	8.512	15.891	23.234	1078.262
06/01/2022	0.487	7.046	16.592	21.863	1060.617
07/01/2022	19.778	6.678	16.208	21.131	1256.950
08/01/2022	1.904	9.456	15.296	23.865	1571.084
09/01/2022	4.459	8.312	15.953	22.863	1508.770
10/01/2022	1.630	6.689	16.596	21.409	1349.408
11/01/2022	2.053	7.048	16.270	21.600	1217.240
12/01/2022	0.003	8.459	16.504	23.403	1214.271
13/01/2022	0.070	6.350	16.559	20.958	1191.776
14/01/2022	0.335	8.284	15.818	22.651	1111.993
15/01/2022	0.788	9.098	15.290	23.305	1064.460
16/01/2022	0.877	9.818	15.070	24.032	1047.824
17/01/2022	1.366	8.461	15.629	22.715	1024.160
18/01/2022	0.000	9.069	15.600	23.428	1014.570
19/01/2022	0.084	10.304	16.229	25.386	1010.374
20/01/2022	0.921	9.996	16.655	25.307	1011.573
21/01/2022	2.889	8.952	16.573	23.976	1019.964
22/01/2022	5.002	7.993	16.810	22.977	950.486
23/01/2022	5.241	9.671	15.881	24.245	930.132
24/01/2022	0.631	9.003	17.263	24.452	939.098
25/01/2022	16.534	6.518	17.188	21.535	922.847
26/01/2022	11.330	8.618	16.272	23.202	876.896
27/01/2022	2.311	7.967	16.719	22.804	905.476
28/01/2022	1.127	9.467	15.913	23.972	886.607
29/01/2022	1.301	9.172	15.835	23.543	822.375
30/01/2022	0.740	8.894	15.780	23.159	829.145
31/01/2022	0.273	9.615	15.322	23.678	792.561
01/02/2022	1.225	10.249	15.519	24.528	778.838
02/02/2022	0.049	10.235	15.747	24.659	790.432
03/02/2022	0.007	9.817	16.138	24.407	706.665
04/02/2022	6.219	8.677	16.617	23.366	681.173
05/02/2022	4.320	8.507	16.150	22.786	844.624
06/02/2022	2.335	8.383	16.550	22.932	947.777
07/02/2022	3.540	7.230	17.079	22.020	945.301
08/02/2022	32.651	6.847	16.743	21.326	954.778
09/02/2022	9.114	8.607	15.777	22.556	1067.514
10/02/2022	5.320	9.542	16.062	23.841	1058.050
11/02/2022	4.652	10.097	16.218	24.592	1022.362
12/02/2022	2.859	10.042	16.688	24.840	924.807
13/02/2022	3.636	8.737	16.974	23.527	842.760
14/02/2022	23.925	7.595	17.035	22.264	863.512
15/02/2022	2.976	9.192	16.618	23.745	942.460
16/02/2022	2.798	9.948	16.472	24.498	941.900
17/02/2022	6.130	9.756	16.686	24.403	879.460
18/02/2022	43.173	6.612	16.626	20.861	886.014
19/02/2022	4.045	8.911	15.973	22.840	1045.415
20/02/2022	3.268	7.762	16.713	22.121	1135.041
21/02/2022	1.117	10.197	15.727	24.138	1218.377
22/02/2022	3.955	10.795	15.047	24.317	1195.110
23/02/2022	4.802	10.156	16.268	24.445	1174.071
24/02/2022	16.168	8.782	16.610	23.158	1101.145
25/02/2022	10.185	8.481	16.531	22.676	1026.681
26/02/2022	3.058	8.327	16.916	22.802	1005.062
27/02/2022	5.318	7.561	16.745	21.854	1104.422
28/02/2022	9.591	7.912	16.685	22.156	1158.500
01/03/2022	11.578	8.756	17.025	23.315	1448.177
02/03/2022	20.577	6.749	16.980	21.170	1618.599
03/03/2022	4.324	9.301	16.688	23.639	1685.969
04/03/2022	10.839	8.906	16.681	23.178	1550.596
05/03/2022	9.598	8.192	16.984	22.655	1650.631
06/03/2022	9.930	6.126	16.882	20.446	1752.061
07/03/2022	1.520	9.645	16.145	23.594	1943.648
08/03/2022	0.881	10.531	15.927	24.387	2079.881
09/03/2022	0.163	11.239	15.463	24.919	2127.071
10/03/2022	0.988	11.029	16.014	25.027	1994.610
11/03/2022	1.622	10.243	16.225	24.233	1810.166
12/03/2022	0.522	11.393	15.236	24.850	1681.717
13/03/2022	5.120	11.234	15.923	25.141	1600.404
14/03/2022	2.232	10.813	16.464	25.065	1477.951
15/03/2022	12.281	10.032	16.275	24.029	1371.728
16/03/2022	2.970	9.735	16.807	24.073	1335.050
17/03/2022	8.037	10.297	16.321	24.344	1313.862
18/03/2022	1.347	9.930	16.896	24.335	1328.474
19/03/2022	6.815	9.926	16.755	24.246	1301.441
20/03/2022	9.549	9.292	17.426	24.040	1286.829
21/03/2022	6.773	9.772	16.986	24.219	1355.508
22/03/2022	6.350	9.080	17.127	23.556	1343.817
23/03/2022	1.073	10.182	17.058	24.727	1372.312
24/03/2022	3.412	10.198	17.073	24.738	1301.534
25/03/2022	5.332	8.079	17.237	22.597	1240.275
26/03/2022	9.125	8.196	17.421	22.846	1269.757
27/03/2022	12.187	6.866	17.379	21.494	1290.482
28/03/2022	12.067	9.703	16.808	24.006	1343.282
29/03/2022	15.876	7.840	17.185	22.325	1442.224
30/03/2022	20.094	8.783	16.838	23.010	1612.633
31/03/2022	17.080	7.865	16.995	22.210	1839.002
01/04/2022	5.561	9.327	16.277	23.248	1924.805
02/04/2022	4.820	9.580	17.124	24.084	2021.295
03/04/2022	8.493	9.249	16.951	23.648	2103.571
04/04/2022	12.439	9.546	16.440	23.552	1928.990
05/04/2022	6.187	10.647	15.983	24.450	1915.270
06/04/2022	9.445	9.572	17.205	24.186	2012.308
07/04/2022	16.927	9.198	16.753	23.419	2067.905
08/04/2022	6.091	8.649	17.309	23.314	2179.305
09/04/2022	5.976	10.373	16.803	24.777	2223.545
10/04/2022	8.499	9.962	16.825	24.360	2153.448
11/04/2022	3.551	9.650	17.438	24.458	2087.491
12/04/2022	2.709	9.183	17.354	23.892	1908.649
13/04/2022	5.780	8.902	17.380	23.649	1815.235
14/04/2022	2.419	11.033	15.846	24.878	1767.823
15/04/2022	6.130	10.288	17.216	24.996	1829.351
16/04/2022	26.366	7.491	17.129	21.996	1732.373
17/04/2022	9.401	8.893	16.894	23.253	1607.301
18/04/2022	22.940	7.704	17.014	22.097	1605.223
19/04/2022	12.327	6.997	16.564	20.987	1623.061
20/04/2022	2.094	8.099	16.481	22.079	1798.941
21/04/2022	6.735	8.787	16.652	22.985	2069.291
22/04/2022	6.324	9.396	16.390	23.486	2422.591
23/04/2022	3.929	9.848	16.447	24.013	2602.244
24/04/2022	5.449	9.223	16.968	23.721	2487.665
25/04/2022	16.655	6.954	16.856	21.203	2411.638
26/04/2022	1.617	9.065	15.587	22.598	2345.160
27/04/2022	3.203	9.764	16.809	24.234	2290.958
28/04/2022	23.319	6.637	17.043	21.162	2364.421
29/04/2022	7.608	10.047	16.454	24.290	2869.068
30/04/2022	5.814	9.778	16.761	24.280	2908.387
01/05/2022	5.484	10.068	16.635	24.535	2486.961
02/05/2022	2.036	10.779	16.135	25.070	2206.364
03/05/2022	0.169	12.202	16.614	27.032	2018.084
04/05/2022	2.507	9.795	17.398	24.833	1854.704
05/05/2022	10.651	6.749	16.763	21.070	1705.518
06/05/2022	4.857	7.793	17.150	22.472	1671.341
07/05/2022	5.590	8.520	16.393	22.642	1784.460
08/05/2022	3.162	11.003	16.274	25.430	1791.592
09/05/2022	13.989	9.444	16.984	24.232	1751.139
10/05/2022	14.520	9.042	16.357	23.315	1728.468
11/05/2022	7.630	8.058	17.149	22.818	1763.258
12/05/2022	6.173	9.119	17.490	24.185	1739.958
13/05/2022	11.078	8.994	17.048	23.785	1910.950
14/05/2022	5.274	8.872	17.428	23.926	1810.551
15/05/2022	3.336	10.059	17.619	25.482	1694.088
16/05/2022	8.920	8.796	17.075	23.618	1569.834
17/05/2022	13.271	7.449	17.634	22.606	1757.738
18/05/2022	13.859	7.284	16.822	21.773	1977.835
19/05/2022	5.130	8.293	16.877	22.941	1791.749
20/05/2022	10.669	8.273	16.476	22.647	1600.234
21/05/2022	2.798	9.056	16.496	23.521	1945.166
22/05/2022	1.766	10.693	16.323	25.342	1915.439
23/05/2022	10.997	8.848	16.431	23.264	1634.897
24/05/2022	2.498	9.695	16.076	24.001	1778.345
25/05/2022	10.774	8.942	16.955	23.758	1748.905
26/05/2022	10.067	8.471	17.389	23.580	1663.683
27/05/2022	2.538	8.820	16.982	23.658	1632.564
28/05/2022	4.993	8.589	16.677	23.210	1538.344
29/05/2022	2.699	9.156	16.263	23.568	1424.292
30/05/2022	5.978	8.575	16.527	23.102	1408.963
31/05/2022	7.221	8.452	16.642	23.078	1440.193
01/06/2022	3.564	8.711	15.547	22.532	1517.810
02/06/2022	15.818	7.766	16.111	21.873	1515.090
03/06/2022	2.526	6.787	16.120	20.772	1646.337
04/06/2022	4.999	8.608	15.671	22.537	1637.752
05/06/2022	14.680	8.875	15.665	22.886	1486.874
06/06/2022	9.308	9.770	14.995	23.478	1532.946
07/06/2022	26.930	6.762	16.166	20.843	1652.090
08/06/2022	0.808	8.974	15.336	22.719	1822.957
09/06/2022	4.306	8.255	15.902	22.321	2055.109
10/06/2022	3.580	9.237	15.663	23.318	1957.777
11/06/2022	16.643	7.124	16.328	21.398	2049.680
12/06/2022	3.726	8.633	16.312	23.080	2057.435
13/06/2022	10.900	8.055	16.543	22.546	2169.754
14/06/2022	6.597	7.833	15.987	21.995	2238.683
15/06/2022	3.080	8.930	15.692	23.033	2385.311
16/06/2022	5.962	8.824	16.013	23.146	2507.261
17/06/2022	9.436	6.802	16.308	21.173	2711.793
18/06/2022	7.328	8.673	15.295	22.422	2483.337
19/06/2022	12.816	8.467	15.591	22.407	2506.465
20/06/2022	15.261	8.027	16.105	22.241	2534.318
21/06/2022	12.736	8.785	15.812	22.959	2583.069
22/06/2022	5.073	9.112	16.025	23.460	2570.714
23/06/2022	6.824	8.170	15.777	22.161	2327.039
24/06/2022	2.990	8.573	15.574	22.536	2033.601
25/06/2022	7.072	8.130	15.895	22.257	2070.340
26/06/2022	11.066	7.511	15.850	21.427	2066.374
27/06/2022	7.003	8.526	15.046	22.067	2415.526
28/06/2022	2.920	8.611	15.622	22.608	2608.354
29/06/2022	11.306	8.630	16.099	22.934	2609.979
30/06/2022	2.663	8.837	16.005	23.138	2560.046
01/07/2022	5.959	9.018	16.538	23.742	2617.757
02/07/2022	4.597	8.955	16.846	23.894	2454.587
03/07/2022	0.077	9.603	17.020	24.785	2286.912
04/07/2022	5.153	8.577	17.144	23.683	2299.379
05/07/2022	3.930	9.240	16.680	24.112	1926.124
06/07/2022	3.108	9.721	16.642	24.653	1673.648
07/07/2022	1.842	10.430	16.208	25.219	1593.846
08/07/2022	7.384	8.951	16.766	23.793	1700.592
09/07/2022	0.541	10.311	16.585	25.266	1538.091
10/07/2022	5.706	8.720	17.147	23.823	1650.529
11/07/2022	6.979	7.762	16.741	22.423	2135.748
12/07/2022	0.334	9.020	16.562	23.727	1947.122
13/07/2022	5.790	9.306	16.479	23.982	1670.692
14/07/2022	4.399	9.375	16.639	24.183	1543.015
15/07/2022	0.736	9.440	16.698	24.270	1557.116
16/07/2022	2.430	9.633	16.454	24.331	1474.032
17/07/2022	7.243	8.575	16.628	23.195	1403.196
18/07/2022	11.689	9.537	16.605	24.274	1488.013
19/07/2022	1.184	10.759	16.265	25.486	1469.728
20/07/2022	2.317	8.516	16.721	23.219	1345.135
21/07/2022	6.529	9.065	16.568	23.714	1373.529
22/07/2022	5.491	8.709	16.483	23.253	1373.874
23/07/2022	12.959	7.158	16.846	21.741	1418.688
24/07/2022	5.834	8.483	16.494	22.966	1585.159
25/07/2022	16.904	7.467	16.382	21.665	1685.459
26/07/2022	6.281	7.720	16.490	22.048	2172.324
27/07/2022	10.476	7.559	16.464	21.835	1959.993
28/07/2022	12.242	8.280	16.226	22.434	2047.956
29/07/2022	5.409	10.961	15.704	25.188	2461.329
30/07/2022	1.499	10.492	16.653	25.298	2360.605
31/07/2022	23.082	9.037	16.880	23.817	2108.738
01/08/2022	8.566	9.166	16.621	23.753	1911.222
02/08/2022	9.584	8.206	16.433	22.467	1894.051
03/08/2022	5.258	9.276	16.541	23.737	1984.330
04/08/2022	7.793	8.808	16.658	23.297	1976.431
05/08/2022	12.404	7.925	16.811	22.448	1971.148
06/08/2022	8.306	8.412	16.459	22.694	1998.586
07/08/2022	0.642	10.443	16.126	24.748	2395.761
08/08/2022	0.012	11.098	16.467	25.786	2174.080
09/08/2022	1.693	8.912	17.164	23.756	1638.028
10/08/2022	4.247	9.581	16.800	24.221	1517.173
11/08/2022	5.977	10.116	16.000	24.297	1516.444
12/08/2022	3.021	9.846	16.034	23.991	1547.873
13/08/2022	9.619	8.465	16.195	22.519	1693.501
14/08/2022	4.731	9.009	16.512	23.328	1698.908
15/08/2022	15.899	8.757	16.540	23.061	2333.511
16/08/2022	4.993	10.331	15.549	24.159	2314.217
17/08/2022	1.396	11.618	15.687	25.686	1841.539
18/08/2022	2.751	10.431	16.382	24.826	1509.635
19/08/2022	1.855	10.804	16.371	25.210	1368.319
20/08/2022	12.287	9.040	16.209	23.099	1345.758
21/08/2022	7.015	9.244	15.597	22.871	1834.465
22/08/2022	4.861	8.235	16.228	22.236	1681.330
23/08/2022	4.972	10.594	15.104	24.095	1635.822
24/08/2022	0.266	11.905	14.834	25.410	1503.024
25/08/2022	2.037	10.017	15.578	23.739	1571.516
26/08/2022	5.384	10.063	15.871	23.981	1484.313
27/08/2022	3.492	10.498	15.467	24.172	1307.314
28/08/2022	9.711	8.246	15.764	21.777	1290.641
29/08/2022	5.484	9.299	16.002	23.119	1557.068
30/08/2022	2.407	10.729	16.250	24.940	1493.858
31/08/2022	5.388	9.399	16.226	23.440	1298.519
01/09/2022	3.868	9.992	15.822	23.834	1243.336
02/09/2022	4.858	9.051	16.498	23.239	1168.585
03/09/2022	2.037	10.819	16.316	25.050	1297.987
04/09/2022	10.427	9.350	16.783	23.735	1541.027
05/09/2022	1.217	10.568	15.699	24.353	1534.721
06/09/2022	3.820	10.338	16.815	24.851	1572.350
07/09/2022	1.585	10.250	16.421	24.534	1401.077
08/09/2022	5.138	10.716	15.938	24.749	1294.459
09/09/2022	7.448	10.519	15.881	24.383	1308.526
10/09/2022	1.425	10.544	16.113	24.605	1275.184
11/09/2022	7.549	9.982	16.374	24.187	1396.186
12/09/2022	3.380	11.078	15.419	24.807	1287.872
13/09/2022	9.229	9.761	16.123	23.714	1425.533
14/09/2022	8.020	9.176	15.701	22.745	1295.236
15/09/2022	4.124	10.256	16.060	24.205	1238.500
16/09/2022	17.553	8.028	16.540	22.162	1231.918
17/09/2022	6.341	9.655	16.109	23.609	1412.585
18/09/2022	5.000	9.228	16.137	23.172	1330.788
19/09/2022	6.490	9.053	15.645	22.610	1346.448
20/09/2022	13.540	8.933	16.178	22.832	1369.310
21/09/2022	2.824	9.406	15.814	23.074	1359.876
22/09/2022	8.376	9.079	16.083	22.960	1714.525
23/09/2022	2.505	10.715	15.862	24.652	1613.675
24/09/2022	11.227	8.956	15.919	22.668	1502.820
25/09/2022	9.717	9.679	15.907	23.480	1691.416
26/09/2022	5.973	10.665	15.960	24.696	1418.905
27/09/2022	2.454	10.784	15.734	24.692	1401.508
28/09/2022	4.591	8.152	16.427	22.208	1274.185
29/09/2022	7.977	9.171	16.351	23.295	1360.953
30/09/2022	15.989	7.996	16.172	21.840	1313.618
01/10/2022	9.382	8.374	16.297	22.368	1355.199
02/10/2022	2.908	11.191	15.400	24.900	1426.173
03/10/2022	0.487	11.070	15.996	25.252	1311.619
04/10/2022	17.141	8.909	16.242	23.003	1174.376
05/10/2022	20.744	8.718	15.931	22.514	1099.691
06/10/2022	7.151	8.728	16.630	23.048	1138.664
07/10/2022	9.077	8.988	16.236	23.059	1376.960
08/10/2022	24.921	7.046	16.449	21.078	1337.242
09/10/2022	6.085	8.742	16.363	22.930	1375.430
10/10/2022	5.263	8.849	16.680	23.313	1391.944
11/10/2022	1.988	9.884	16.027	24.004	1368.773
12/10/2022	15.779	8.935	15.555	22.606	1360.615
13/10/2022	13.467	8.290	15.502	21.820	1269.093
14/10/2022	12.190	9.608	16.292	23.905	1196.251
15/10/2022	7.013	8.065	16.975	22.757	1178.344
16/10/2022	7.978	9.792	16.426	24.275	1119.706
17/10/2022	24.468	8.080	16.392	22.317	1193.240
18/10/2022	18.902	7.825	16.467	22.045	1270.340
19/10/2022	11.091	8.241	16.719	22.736	1297.752
20/10/2022	28.332	6.607	16.350	20.681	1469.579
21/10/2022	6.188	8.837	16.132	22.993	1936.952
22/10/2022	8.710	7.895	17.042	22.654	1858.236
23/10/2022	15.912	7.925	16.968	22.627	1785.479
24/10/2022	37.401	7.470	16.781	22.031	1894.468
25/10/2022	10.892	8.494	16.730	23.126	2131.439
26/10/2022	58.483	6.073	17.088	20.822	2080.716
27/10/2022	8.143	9.106	16.247	23.491	1893.140
28/10/2022	23.512	6.707	16.931	21.379	1905.215
29/10/2022	22.685	8.795	16.297	23.213	2021.879
30/10/2022	3.903	9.948	16.200	24.539	2179.951
31/10/2022	3.907	10.761	15.662	25.174	2128.383
01/11/2022	0.392	10.955	16.003	25.653	1989.555
02/11/2022	9.366	8.670	16.589	23.384	1798.607
03/11/2022	18.126	8.480	16.523	23.141	1796.271
04/11/2022	11.129	7.177	16.949	21.989	1820.748
05/11/2022	6.051	7.640	16.380	22.060	1859.308
06/11/2022	11.056	8.715	16.392	23.319	1894.486
07/11/2022	10.025	8.676	16.050	23.084	1730.785
08/11/2022	22.514	9.066	16.110	23.588	1815.568
09/11/2022	15.003	7.801	15.897	21.935	2026.957
10/11/2022	15.266	8.435	16.060	22.804	2328.340
11/11/2022	7.338	8.472	16.157	22.993	2464.342
12/11/2022	18.879	6.254	16.189	20.512	2310.748
13/11/2022	6.088	8.711	15.277	22.639	2217.055
14/11/2022	2.950	8.746	16.316	23.467	2157.814
15/11/2022	4.410	8.189	17.107	23.453	2049.150
16/11/2022	8.208	8.238	16.958	23.407	1985.148
17/11/2022	17.341	7.668	16.574	22.479	2002.099
18/11/2022	10.285	6.948	16.605	21.641	2005.090
19/11/2022	2.067	9.361	15.756	23.896	2029.019
20/11/2022	5.047	7.711	16.982	22.889	1962.216
21/11/2022	16.565	7.800	16.757	22.802	1928.495
22/11/2022	5.051	7.212	16.785	22.195	1838.447
23/11/2022	0.554	8.257	16.219	22.920	1817.825
24/11/2022	0.230	8.345	15.815	22.743	1829.074
25/11/2022	1.957	8.869	16.100	23.626	1767.601
26/11/2022	8.739	6.395	17.185	21.584	1732.709
27/11/2022	9.488	7.369	15.873	21.688	1783.993
28/11/2022	5.747	7.041	15.802	21.221	1862.180
29/11/2022	13.525	7.071	16.236	21.590	1982.396
30/11/2022	13.516	7.528	16.380	22.257	2069.785
01/12/2022	11.308	7.753	16.587	22.804	1956.536
02/12/2022	1.320	8.743	16.142	23.655	1678.440
03/12/2022	3.546	8.626	15.676	23.147	1662.264
04/12/2022	2.683	5.569	16.036	19.806	1667.450
05/12/2022	1.966	7.805	15.827	22.204	1635.197
06/12/2022	0.863	8.593	15.200	22.741	1598.588
07/12/2022	3.228	7.293	16.141	21.942	1584.487
08/12/2022	1.731	8.234	15.624	22.632	1513.376
09/12/2022	2.053	8.372	15.752	22.922	1550.630
10/12/2022	2.451	8.125	16.151	22.914	1585.417
11/12/2022	6.866	8.236	16.437	23.253	1459.323
12/12/2022	4.613	7.906	16.124	22.657	1400.079
13/12/2022	1.952	8.521	15.379	22.855	1442.606
14/12/2022	0.542	8.694	16.059	23.572	1431.159
15/12/2022	2.638	9.560	15.378	24.222	1274.902
16/12/2022	0.717	9.574	15.991	24.685	1164.316
17/12/2022	2.138	8.838	16.220	23.918	1150.980
18/12/2022	7.064	7.761	15.729	22.224	1146.452
19/12/2022	0.432	9.619	15.601	24.432	1101.613
20/12/2022	0.826	9.669	16.116	24.896	1067.187
21/12/2022	1.353	9.074	16.403	24.344	1004.420
22/12/2022	0.049	9.655	15.759	24.601	950.462
23/12/2022	2.196	9.329	16.582	24.786	956.455
24/12/2022	18.989	7.716	16.571	22.889	922.925
25/12/2022	6.644	8.763	15.826	23.473	894.268
26/12/2022	3.723	7.352	16.334	22.136	962.137
27/12/2022	6.841	7.492	15.864	21.990	991.958
28/12/2022	2.607	8.273	15.916	22.932	1098.657
29/12/2022	3.887	9.518	15.488	24.191	1122.111
30/12/2022	2.726	9.570	14.948	23.888	1075.039
31/12/2022	19.345	7.347	15.988	21.870	966.452
