Fecha	Precipitacion	ETP_	Temperatura_minima	Temperatura_maxima	Caudal
01/01/1981	13.375	8.539	20.298	26.736	212.600
02/01/1981	12.789	8.821	20.062	26.875	183.900
03/01/1981	1.889	9.702	19.688	27.639	107.400
04/01/1981	0.000	8.836	21.389	27.880	68.500
05/01/1981	0.000	9.521	20.587	28.067	49.600
06/01/1981	0.000	8.831	20.091	26.865	41.800
07/01/1981	0.000	9.702	19.779	27.630	37.300
08/01/1981	20.793	8.065	20.880	26.587	50.700
09/01/1981	0.144	8.554	21.308	27.466	53.600
10/01/1981	1.920	10.119	19.293	27.760	37.900
11/01/1981	0.000	10.145	19.649	28.038	35.800
12/01/1981	1.352	9.638	19.947	27.635	47.900
13/01/1981	1.312	7.650	18.851	24.423	50.200
14/01/1981	0.000	8.660	19.702	26.245	101.100
15/01/1981	3.350	8.468	20.596	26.707	75.200
16/01/1981	2.593	8.518	19.702	26.062	42.900
17/01/1981	0.000	9.078	20.452	27.250	33.600
18/01/1981	1.609	9.627	19.471	27.144	28.400
19/01/1981	2.015	9.268	19.981	27.096	28.600
20/01/1981	0.000	9.964	19.231	27.317	25.200
21/01/1981	0.000	10.743	18.938	28.034	23.700
22/01/1981	0.401	8.618	19.798	26.149	20.200
23/01/1981	0.000	10.567	18.841	27.688	27.700
24/01/1981	0.000	9.970	19.760	27.635	19.100
25/01/1981	0.000	8.296	20.740	26.457	17.200
26/01/1981	7.266	8.949	18.274	25.288	65.700
27/01/1981	0.000	9.352	20.601	27.481	40.600
28/01/1981	0.000	8.412	21.678	27.274	48.300
29/01/1981	0.387	8.388	20.841	26.572	83.400
30/01/1981	1.310	9.579	18.173	25.865	81.200
31/01/1981	7.375	9.162	20.894	27.418	47.900
01/02/1981	0.103	9.514	19.966	27.067	73.900
02/02/1981	2.658	10.133	20.423	28.106	48.400
03/02/1981	13.369	8.384	21.135	26.697	47.400
04/02/1981	0.000	10.033	20.764	28.183	56.700
05/02/1981	0.416	10.105	19.793	27.514	47.700
06/02/1981	0.000	10.323	20.154	28.010	30.000
07/02/1981	0.000	11.158	20.332	29.048	24.500
08/02/1981	0.000	11.195	19.880	28.755	24.500
09/02/1981	19.874	7.985	21.034	26.101	20.700
10/02/1981	0.000	11.625	19.490	28.913	23.800
11/02/1981	1.552	11.800	21.120	30.255	15.200
12/02/1981	10.153	9.373	20.399	27.034	16.500
13/02/1981	0.000	10.713	19.875	28.072	43.800
14/02/1981	0.000	8.434	21.562	26.885	22.100
15/02/1981	0.000	9.656	21.062	27.745	17.600
16/02/1981	0.000	9.772	21.707	28.341	15.400
17/02/1981	1.502	9.394	21.038	27.404	13.500
18/02/1981	4.121	10.010	21.707	28.562	12.300
19/02/1981	16.986	9.023	20.938	26.933	12.500
20/02/1981	20.441	7.598	21.024	25.548	88.500
21/02/1981	1.153	11.552	19.115	28.284	71.100
22/02/1981	0.574	9.366	21.255	27.447	38.000
23/02/1981	43.537	7.434	20.962	25.274	237.900
24/02/1981	0.000	10.190	20.837	27.962	161.500
25/02/1981	1.112	8.084	20.659	25.644	47.200
26/02/1981	0.000	9.110	20.731	26.731	39.500
27/02/1981	0.000	11.154	22.274	30.029	41.000
28/02/1981	12.488	10.245	21.534	28.490	36.800
01/03/1981	0.250	11.068	21.375	29.221	30.500
02/03/1981	26.422	9.390	21.846	27.803	26.000
03/03/1981	14.861	11.007	21.543	29.216	72.500
04/03/1981	8.977	12.067	21.562	30.341	50.100
05/03/1981	11.577	10.204	20.962	27.909	52.900
06/03/1981	9.110	7.624	20.904	25.260	315.400
07/03/1981	3.157	9.329	21.288	27.221	195.500
08/03/1981	5.718	10.087	20.702	27.553	93.100
09/03/1981	0.706	8.701	20.827	26.231	66.700
10/03/1981	17.150	9.433	21.034	27.091	71.500
11/03/1981	7.020	10.501	20.548	27.808	66.200
12/03/1981	8.062	8.113	21.043	25.793	66.500
13/03/1981	2.600	10.621	21.178	28.399	58.600
14/03/1981	5.346	9.897	21.106	27.582	67.000
15/03/1981	7.295	9.707	20.928	27.245	168.100
16/03/1981	4.894	9.864	20.933	27.394	90.300
17/03/1981	0.914	9.440	20.553	26.639	64.700
18/03/1981	0.000	11.111	19.962	27.923	57.800
19/03/1981	0.000	11.026	19.144	27.236	48.800
20/03/1981	2.735	10.967	19.822	27.644	32.600
21/03/1981	0.000	10.622	20.293	27.649	41.600
22/03/1981	1.143	10.035	20.077	26.851	26.200
23/03/1981	5.476	10.467	19.947	27.197	29.500
24/03/1981	9.284	9.990	20.462	27.087	28.100
25/03/1981	0.259	9.562	20.529	26.707	45.600
26/03/1981	0.000	7.145	21.005	24.788	28.600
27/03/1981	1.244	12.228	18.115	27.750	25.400
28/03/1981	0.000	12.511	19.505	29.014	21.700
29/03/1981	4.628	11.820	18.822	27.788	21.200
30/03/1981	8.627	11.493	20.236	28.452	17.500
31/03/1981	4.082	10.363	20.933	27.817	28.400
01/04/1981	0.000	12.746	20.327	29.861	20.200
02/04/1981	10.081	10.948	21.288	28.678	17.300
03/04/1981	14.059	9.321	21.413	27.154	16.400
04/04/1981	23.375	8.603	21.226	26.293	13.700
05/04/1981	14.589	7.141	20.827	24.654	21.700
06/04/1981	0.992	12.241	19.865	28.962	27.100
07/04/1981	9.474	9.037	21.861	27.216	25.700
08/04/1981	12.918	8.490	21.947	26.774	24.100
09/04/1981	8.192	7.522	22.000	25.942	34.200
10/04/1981	0.093	10.437	21.327	28.202	21.900
11/04/1981	9.619	10.273	21.659	28.293	17.900
12/04/1981	13.123	7.801	22.663	26.769	17.900
13/04/1981	31.500	8.770	21.601	26.784	100.700
14/04/1981	21.630	8.294	21.909	26.577	103.700
15/04/1981	3.457	8.692	20.923	26.154	141.300
16/04/1981	3.442	7.364	21.952	25.779	71.500
17/04/1981	9.299	11.298	20.548	28.505	83.600
18/04/1981	24.873	9.931	20.793	27.308	64.900
19/04/1981	29.098	5.976	21.144	23.894	270.900
20/04/1981	0.344	11.069	20.139	27.986	238.700
21/04/1981	1.377	11.117	22.043	29.481	89.300
22/04/1981	16.923	8.530	21.010	26.125	227.400
23/04/1981	5.036	10.386	20.841	27.827	302.400
24/04/1981	0.000	8.871	22.188	27.404	124.300
25/04/1981	0.000	10.385	21.841	28.625	96.400
26/04/1981	19.267	8.852	22.779	27.909	92.500
27/04/1981	21.799	7.784	21.567	25.923	181.800
28/04/1981	21.812	8.628	20.885	26.139	442.600
29/04/1981	7.570	10.343	21.067	28.014	172.900
30/04/1981	11.751	9.380	21.240	27.216	216.800
01/05/1981	2.674	9.338	20.611	26.668	129.800
02/05/1981	21.989	10.033	19.769	26.745	214.400
03/05/1981	35.521	8.083	20.457	25.308	444.200
04/05/1981	3.490	9.464	19.798	26.192	237.200
05/05/1981	5.962	7.220	21.409	25.303	184.400
06/05/1981	20.286	7.552	20.913	25.168	225.500
07/05/1981	4.316	9.953	20.125	26.962	158.300
08/05/1981	20.492	8.811	19.966	25.659	374.800
09/05/1981	12.889	7.930	20.519	25.250	362.000
10/05/1981	9.393	10.359	20.865	27.986	295.800
11/05/1981	11.268	10.384	20.101	27.452	226.800
12/05/1981	27.771	8.619	20.611	26.019	224.600
13/05/1981	0.000	9.916	21.197	27.822	163.300
14/05/1981	35.098	8.059	21.899	26.582	166.000
15/05/1981	16.339	9.322	21.452	27.447	389.500
16/05/1981	12.207	8.337	21.423	26.510	180.900
17/05/1981	3.469	8.884	21.428	27.010	152.700
18/05/1981	7.948	8.221	20.731	25.784	193.600
19/05/1981	0.153	9.638	20.990	27.462	114.000
20/05/1981	0.429	12.725	20.611	30.495	85.400
21/05/1981	10.776	10.478	21.841	29.034	61.300
22/05/1981	30.899	10.485	21.615	28.832	77.100
23/05/1981	23.750	10.044	21.409	28.221	331.200
24/05/1981	2.485	8.233	21.596	26.553	196.400
25/05/1981	7.528	6.905	20.928	24.736	263.600
26/05/1981	19.727	10.585	21.163	28.630	154.600
27/05/1981	10.868	7.856	21.673	26.255	107.300
28/05/1981	19.977	8.920	21.284	27.024	112.600
29/05/1981	22.751	6.743	21.611	25.212	124.500
30/05/1981	10.971	10.264	19.274	26.947	127.000
31/05/1981	13.996	9.212	20.361	26.625	440.900
01/06/1981	9.957	8.257	21.712	26.745	190.300
02/06/1981	30.803	7.885	20.856	25.683	384.200
03/06/1981	8.192	10.943	20.149	28.375	316.900
04/06/1981	9.222	10.153	21.087	28.221	208.100
05/06/1981	0.465	11.295	21.976	30.120	158.500
06/06/1981	13.315	9.516	21.490	27.865	193.000
07/06/1981	29.821	7.871	22.269	26.822	164.900
08/06/1981	15.378	8.161	21.534	26.543	196.000
09/06/1981	16.502	8.274	20.760	26.029	418.700
10/06/1981	8.240	8.421	21.510	26.803	317.900
11/06/1981	12.305	7.639	21.755	26.216	277.500
12/06/1981	1.395	8.546	21.947	27.260	163.400
13/06/1981	20.011	8.593	21.207	26.745	245.800
14/06/1981	5.996	8.698	21.043	26.731	94.300
15/06/1981	9.757	10.428	21.264	28.731	116.700
16/06/1981	18.080	8.541	20.918	26.462	189.700
17/06/1981	5.512	10.114	20.957	28.139	188.600
18/06/1981	18.973	6.464	21.500	24.976	180.400
19/06/1981	12.495	9.124	20.212	26.529	152.800
20/06/1981	4.450	10.122	20.438	27.760	177.000
21/06/1981	8.839	10.032	21.197	28.240	148.700
22/06/1981	4.109	9.289	21.370	27.601	112.200
23/06/1981	9.267	7.785	21.014	25.803	110.000
24/06/1981	5.219	10.176	20.034	27.534	78.100
25/06/1981	12.925	8.438	20.913	26.346	144.500
26/06/1981	0.000	10.235	20.486	27.928	102.100
27/06/1981	8.858	9.830	20.726	27.692	110.700
28/06/1981	3.448	8.789	22.207	27.750	75.000
29/06/1981	22.268	6.993	21.264	25.202	125.300
30/06/1981	33.591	7.433	20.865	25.293	278.000
01/07/1981	4.091	8.840	21.510	27.226	125.000
02/07/1981	0.283	10.646	21.115	28.861	85.400
03/07/1981	5.245	9.751	21.750	28.380	81.500
04/07/1981	22.830	9.357	21.082	27.428	76.600
05/07/1981	14.050	7.822	21.606	26.274	186.100
06/07/1981	5.359	10.205	20.601	27.942	284.100
07/07/1981	6.556	10.853	20.438	28.558	121.700
08/07/1981	9.790	11.077	21.529	29.596	83.000
09/07/1981	12.944	9.744	21.163	27.865	105.300
10/07/1981	8.450	8.188	20.957	26.135	108.500
11/07/1981	1.825	8.592	21.702	27.096	147.200
12/07/1981	2.354	9.070	22.500	28.207	106.800
13/07/1981	12.171	10.438	21.957	29.212	60.600
14/07/1981	4.320	7.820	21.779	26.418	58.300
15/07/1981	13.484	8.483	22.322	27.457	87.200
16/07/1981	3.017	9.034	22.274	27.981	78.900
17/07/1981	21.529	7.013	21.000	24.957	76.800
18/07/1981	0.707	9.428	21.135	27.447	74.800
19/07/1981	4.197	8.489	21.562	26.827	68.800
20/07/1981	4.747	10.042	20.942	27.933	58.800
21/07/1981	12.320	9.096	20.803	26.812	94.200
22/07/1981	1.293	8.382	21.981	27.019	96.400
23/07/1981	0.613	11.035	20.779	28.870	77.900
24/07/1981	2.203	10.917	20.245	28.351	62.400
25/07/1981	0.000	11.669	20.433	29.279	36.100
26/07/1981	0.000	11.133	20.034	28.370	29.600
27/07/1981	5.084	11.272	20.409	28.798	52.300
28/07/1981	1.777	11.216	21.221	29.332	34.700
29/07/1981	5.576	11.242	20.644	28.904	40.600
30/07/1981	0.123	11.102	21.529	29.409	41.100
31/07/1981	3.392	10.452	22.072	29.139	44.800
01/08/1981	2.530	11.038	21.312	29.163	36.400
02/08/1981	4.375	10.201	20.673	27.812	33.400
03/08/1981	25.831	8.977	21.298	26.990	50.400
04/08/1981	0.000	10.606	20.952	28.413	44.900
05/08/1981	0.147	11.147	22.202	29.918	31.600
06/08/1981	26.519	10.744	21.125	28.649	92.700
07/08/1981	5.452	8.226	21.168	26.168	67.500
08/08/1981	25.971	10.015	20.173	27.144	105.200
09/08/1981	1.120	9.299	21.394	27.351	144.100
10/08/1981	0.000	9.941	21.486	28.077	70.400
11/08/1981	8.068	8.909	22.236	27.625	50.100
12/08/1981	13.654	8.050	21.663	26.312	61.700
13/08/1981	2.174	8.940	20.096	25.938	51.400
14/08/1981	12.482	9.275	19.798	26.029	65.200
15/08/1981	0.000	10.175	21.688	28.404	66.400
16/08/1981	1.418	10.932	20.692	28.438	98.000
17/08/1981	18.189	7.719	21.553	25.856	77.100
18/08/1981	3.676	8.435	20.500	25.712	53.300
19/08/1981	9.315	10.036	19.976	26.952	81.200
20/08/1981	0.000	10.645	20.346	27.861	40.500
21/08/1981	2.095	9.418	21.712	27.620	36.000
22/08/1981	27.685	9.426	20.505	26.668	102.400
23/08/1981	7.541	8.653	21.322	26.548	68.300
24/08/1981	18.935	10.707	20.341	27.870	122.200
25/08/1981	14.407	7.358	21.149	25.163	334.600
26/08/1981	24.720	8.997	20.072	25.861	131.500
27/08/1981	0.000	10.158	19.625	26.774	77.300
28/08/1981	0.000	10.527	21.288	28.385	51.300
29/08/1981	28.381	8.373	20.471	25.572	40.900
30/08/1981	3.583	9.227	20.486	26.447	63.100
31/08/1981	0.000	8.384	19.606	24.885	66.800
01/09/1981	7.944	6.610	20.668	24.087	135.200
02/09/1981	8.391	9.141	19.197	25.293	217.000
03/09/1981	12.870	8.745	19.966	25.519	96.200
04/09/1981	25.587	8.295	19.274	24.529	91.100
05/09/1981	2.345	7.991	21.356	25.938	70.500
06/09/1981	10.138	9.339	20.553	26.582	122.900
07/09/1981	9.192	10.883	20.000	27.769	142.600
08/09/1981	7.893	8.307	21.380	26.245	91.400
09/09/1981	0.658	9.106	20.817	26.558	164.500
10/09/1981	13.577	7.862	21.755	26.139	109.900
11/09/1981	13.849	8.381	20.663	25.736	201.500
12/09/1981	1.556	11.321	18.726	27.317	118.400
13/09/1981	14.160	10.405	20.144	27.389	202.200
14/09/1981	7.353	9.020	20.774	26.500	97.000
15/09/1981	14.625	7.586	20.572	24.904	84.900
16/09/1981	18.646	8.806	20.428	25.971	81.100
17/09/1981	10.648	10.372	19.942	27.216	68.100
18/09/1981	0.000	11.158	21.019	28.870	48.800
19/09/1981	14.841	8.583	21.135	26.337	139.600
20/09/1981	5.614	10.069	20.688	27.481	109.200
21/09/1981	6.352	10.296	21.236	28.154	85.600
22/09/1981	0.000	10.601	21.769	28.894	60.700
23/09/1981	0.000	10.517	21.322	28.466	42.900
24/09/1981	22.327	10.463	21.245	28.351	111.900
25/09/1981	0.000	10.780	21.476	28.875	56.800
26/09/1981	24.024	6.554	22.567	25.731	39.900
27/09/1981	2.629	7.372	22.442	26.365	33.100
28/09/1981	1.438	8.067	21.856	26.495	30.000
29/09/1981	7.334	8.464	21.298	26.442	35.600
30/09/1981	4.062	10.609	20.856	28.303	30.300
01/10/1981	20.831	7.274	20.601	24.731	44.500
02/10/1981	4.998	8.545	21.260	26.476	37.000
03/10/1981	8.479	6.888	21.188	24.875	30.500
04/10/1981	2.326	8.220	20.067	25.240	36.900
05/10/1981	1.116	8.502	19.784	25.322	37.300
06/10/1981	4.454	7.051	22.178	25.928	37.100
07/10/1981	15.145	8.537	20.764	26.149	90.700
08/10/1981	23.966	7.455	20.663	25.024	77.300
09/10/1981	10.992	7.652	21.188	25.688	142.200
10/10/1981	10.269	7.547	20.385	24.918	130.500
11/10/1981	23.105	8.133	20.341	25.447	211.100
12/10/1981	23.962	8.885	19.755	25.769	192.000
13/10/1981	0.000	10.892	19.572	27.822	87.900
14/10/1981	8.522	10.193	20.341	27.654	147.400
15/10/1981	5.595	8.216	21.106	26.226	99.100
16/10/1981	18.546	7.543	20.861	25.351	272.600
17/10/1981	0.279	9.919	20.389	27.462	136.400
18/10/1981	22.284	7.704	21.750	26.293	110.600
19/10/1981	9.963	8.513	21.284	26.692	164.900
20/10/1981	0.000	8.839	20.423	26.385	113.300
21/10/1981	0.703	9.036	21.072	27.125	69.600
22/10/1981	23.280	7.501	20.894	25.404	168.800
23/10/1981	38.722	8.091	20.327	25.625	175.100
24/10/1981	20.856	6.779	20.462	24.375	419.200
25/10/1981	0.475	9.832	19.712	27.010	160.900
26/10/1981	13.214	8.419	20.990	26.529	165.500
27/10/1981	22.551	7.884	20.841	25.861	254.200
28/10/1981	15.249	6.701	20.548	24.442	408.400
29/10/1981	8.850	8.792	20.510	26.572	186.500
30/10/1981	25.313	7.293	20.553	25.067	227.500
31/10/1981	5.999	7.200	20.966	25.303	197.800
01/11/1981	4.813	8.964	21.130	27.279	123.300
02/11/1981	6.428	11.169	19.779	28.779	104.300
03/11/1981	0.261	10.890	20.562	29.048	141.300
04/11/1981	2.972	8.129	21.029	26.418	150.400
05/11/1981	20.591	7.734	21.115	26.096	203.200
06/11/1981	11.552	8.818	21.106	27.226	152.700
07/11/1981	23.601	7.329	22.413	26.745	147.900
08/11/1981	10.118	6.600	22.447	26.120	136.600
09/11/1981	17.061	7.727	21.774	26.639	187.700
10/11/1981	9.699	9.754	20.832	28.115	129.900
11/11/1981	0.000	10.281	20.582	28.572	78.200
12/11/1981	16.329	9.304	21.106	27.885	187.400
13/11/1981	3.013	7.467	21.466	26.188	269.200
14/11/1981	6.171	8.227	21.678	27.192	144.200
15/11/1981	1.615	7.867	20.971	26.221	129.300
16/11/1981	10.058	7.914	21.519	26.760	116.600
17/11/1981	4.159	7.989	21.548	26.875	135.000
18/11/1981	0.000	8.743	20.072	26.567	89.900
19/11/1981	5.623	9.571	20.178	27.615	76.000
20/11/1981	0.622	8.721	21.361	27.558	171.400
21/11/1981	0.735	8.784	21.043	27.389	148.800
22/11/1981	12.769	8.251	20.538	26.418	101.300
23/11/1981	15.311	8.300	21.471	27.236	270.400
24/11/1981	9.055	8.175	20.899	26.692	123.500
25/11/1981	3.151	8.149	21.750	27.337	168.000
26/11/1981	0.000	9.844	20.288	28.144	97.200
27/11/1981	0.000	9.728	20.577	28.240	69.500
28/11/1981	9.103	8.990	21.519	28.111	90.000
29/11/1981	5.445	7.972	21.447	26.928	88.600
30/11/1981	32.501	7.805	21.154	26.538	226.000
01/12/1981	6.732	8.589	21.639	27.803	202.800
02/12/1981	11.072	8.566	21.029	27.322	113.400
03/12/1981	8.273	9.565	20.188	27.856	89.400
04/12/1981	8.885	10.883	20.332	29.534	63.200
05/12/1981	8.349	7.867	21.812	27.178	77.000
06/12/1981	0.922	8.505	20.971	27.207	269.100
07/12/1981	2.367	8.291	21.101	27.087	171.100
08/12/1981	4.658	8.897	20.966	27.716	95.900
09/12/1981	3.406	8.832	21.264	27.861	79.500
10/12/1981	2.689	9.134	21.442	28.327	95.400
11/12/1981	6.662	8.764	20.072	26.880	125.400
12/12/1981	6.494	8.093	20.322	26.279	226.600
13/12/1981	0.000	8.970	21.245	28.000	100.700
14/12/1981	3.609	8.331	21.534	27.524	88.600
15/12/1981	9.749	9.321	19.812	27.370	84.100
16/12/1981	0.000	8.595	20.856	27.303	68.600
17/12/1981	0.000	9.468	20.481	28.043	59.300
18/12/1981	0.000	9.538	20.159	27.880	75.700
19/12/1981	3.934	8.187	20.966	26.918	71.400
20/12/1981	5.687	8.672	20.159	26.851	59.700
21/12/1981	11.336	7.725	20.413	25.947	151.400
22/12/1981	8.546	8.637	19.678	26.438	84.500
23/12/1981	0.000	8.989	20.149	27.202	74.500
24/12/1981	0.000	8.295	20.649	26.764	47.500
25/12/1981	0.000	9.041	20.966	27.875	62.500
26/12/1981	0.000	8.425	20.216	26.567	142.000
27/12/1981	4.127	7.663	21.803	26.966	102.600
28/12/1981	6.152	9.377	19.784	27.361	101.000
29/12/1981	23.729	8.102	20.606	26.500	99.000
30/12/1981	1.328	8.541	20.288	26.731	83.800
31/12/1981	3.222	9.361	20.558	27.904	83.200
01/01/1982	0.000	9.836	19.822	27.923	47.700
02/01/1982	32.254	7.367	20.365	25.428	259.300
03/01/1982	1.829	8.227	21.125	27.000	124.000
04/01/1982	42.993	7.448	20.625	25.712	95.100
05/01/1982	7.932	7.536	20.481	25.692	235.000
06/01/1982	20.302	6.830	20.269	24.745	162.200
07/01/1982	0.000	7.492	19.774	25.034	235.700
08/01/1982	0.000	10.530	17.918	27.308	103.200
09/01/1982	0.000	10.145	18.462	27.183	78.700
10/01/1982	0.000	8.900	20.490	27.202	63.400
11/01/1982	0.000	9.101	20.635	27.543	53.300
12/01/1982	0.000	8.103	20.462	26.245	47.400
13/01/1982	4.966	9.317	20.115	27.361	42.900
14/01/1982	0.000	9.049	20.500	27.322	34.300
15/01/1982	0.000	10.023	19.327	27.582	30.000
16/01/1982	0.607	10.127	19.918	28.111	51.300
17/01/1982	0.000	8.235	21.111	26.841	74.700
18/01/1982	0.000	10.262	19.471	27.904	36.700
19/01/1982	0.000	9.563	21.779	28.779	29.100
20/01/1982	0.000	9.288	21.327	28.091	26.400
21/01/1982	0.000	12.382	18.452	29.673	23.700
22/01/1982	0.000	9.992	19.615	27.596	20.400
23/01/1982	0.000	12.280	18.236	29.351	19.900
24/01/1982	0.000	10.446	20.139	28.476	18.700
25/01/1982	0.000	10.762	18.072	27.346	17.600
26/01/1982	0.000	11.353	18.399	28.245	18.200
27/01/1982	0.000	9.358	19.293	26.486	17.600
28/01/1982	0.000	9.285	19.923	26.861	17.800
29/01/1982	11.783	8.016	20.341	25.750	39.500
30/01/1982	0.000	8.723	20.337	26.543	52.700
31/01/1982	0.000	8.022	20.769	26.072	23.100
01/02/1982	0.000	10.188	19.490	27.495	19.400
02/02/1982	20.795	8.510	20.442	26.293	42.800
03/02/1982	0.000	10.189	19.577	27.500	34.600
04/02/1982	0.000	8.409	20.764	26.428	28.400
05/02/1982	19.682	9.049	21.433	27.620	22.000
06/02/1982	31.388	9.388	20.077	26.909	63.500
07/02/1982	0.000	9.266	20.942	27.413	44.600
08/02/1982	4.267	10.075	20.803	28.202	63.000
09/02/1982	1.669	9.755	21.010	27.962	38.200
10/02/1982	0.252	8.353	20.577	26.120	35.000
11/02/1982	17.631	8.276	21.380	26.649	27.700
12/02/1982	0.000	9.859	20.644	27.731	39.700
13/02/1982	17.238	8.181	20.635	25.923	106.600
14/02/1982	0.000	9.504	20.764	27.375	87.600
15/02/1982	19.639	8.378	21.058	26.433	91.100
16/02/1982	0.000	10.014	19.928	27.264	68.000
17/02/1982	0.000	10.741	18.678	27.115	42.400
18/02/1982	0.000	10.079	19.447	26.928	152.500
19/02/1982	0.000	7.618	21.240	25.716	122.300
20/02/1982	0.207	7.312	20.529	24.808	143.600
21/02/1982	1.411	9.408	21.346	27.572	205.400
22/02/1982	0.000	10.173	19.736	27.130	122.200
23/02/1982	0.000	9.089	20.707	26.702	57.400
24/02/1982	6.628	9.277	20.274	26.558	88.900
25/02/1982	0.000	10.463	20.827	28.212	55.400
26/02/1982	0.000	10.291	19.702	27.183	38.200
27/02/1982	0.232	8.787	20.986	26.591	30.700
28/02/1982	0.884	9.625	21.115	27.524	28.000
01/03/1982	6.300	8.226	21.558	26.457	77.000
02/03/1982	0.000	9.645	20.644	27.120	58.000
03/03/1982	0.698	10.557	20.120	27.683	30.900
04/03/1982	0.000	10.974	20.034	28.048	33.600
05/03/1982	0.000	9.733	21.260	27.659	35.700
06/03/1982	0.000	9.811	20.308	26.971	34.600
07/03/1982	0.000	11.793	19.312	28.356	51.900
08/03/1982	0.000	10.812	20.341	28.043	26.500
09/03/1982	0.000	11.142	18.707	27.168	23.600
10/03/1982	0.000	12.054	18.490	28.000	26.200
11/03/1982	0.000	10.012	19.356	26.380	18.100
12/03/1982	0.000	7.856	21.793	26.159	16.800
13/03/1982	0.000	9.559	20.837	27.053	17.400
14/03/1982	19.062	9.641	21.024	27.264	51.300
15/03/1982	0.000	8.788	21.889	27.101	26.200
16/03/1982	13.654	9.929	21.072	27.572	35.200
17/03/1982	3.543	11.562	19.952	28.423	32.200
18/03/1982	0.906	8.813	21.688	26.947	53.900
19/03/1982	2.440	9.849	20.817	27.250	39.700
20/03/1982	4.283	9.879	21.255	27.611	36.400
21/03/1982	0.316	10.240	22.216	28.721	29.300
22/03/1982	9.885	10.232	21.341	28.034	31.500
23/03/1982	22.839	10.980	19.918	27.716	22.700
24/03/1982	15.900	8.818	21.606	26.846	40.500
25/03/1982	0.393	11.339	20.587	28.572	34.900
26/03/1982	13.270	10.197	21.106	27.793	59.800
27/03/1982	23.081	11.350	20.942	28.827	49.600
28/03/1982	0.848	8.509	21.928	26.788	60.800
29/03/1982	8.216	7.764	21.947	26.120	72.300
30/03/1982	13.114	9.892	20.596	27.082	44.000
31/03/1982	13.094	9.335	22.221	27.808	44.200
01/04/1982	12.167	8.083	22.486	26.865	46.500
02/04/1982	17.076	9.694	21.010	27.188	52.100
03/04/1982	6.787	9.392	21.279	27.096	198.000
04/04/1982	23.371	6.579	21.798	25.019	146.300
05/04/1982	6.313	9.644	21.202	27.308	178.400
06/04/1982	27.592	7.738	21.649	25.841	312.300
07/04/1982	4.158	9.582	21.240	27.250	195.100
08/04/1982	18.080	8.935	21.062	26.471	194.600
09/04/1982	14.130	9.017	21.245	26.702	168.500
10/04/1982	11.247	9.622	20.832	27.010	197.100
11/04/1982	10.513	9.378	21.793	27.538	169.600
12/04/1982	47.419	10.068	20.644	27.293	398.900
13/04/1982	0.000	9.018	21.139	26.635	222.300
14/04/1982	0.941	10.434	21.274	28.149	148.100
15/04/1982	3.387	11.465	20.226	28.433	159.600
16/04/1982	0.000	10.350	20.962	27.846	108.500
17/04/1982	38.363	8.415	21.438	26.327	164.100
18/04/1982	11.000	7.204	21.601	25.346	326.000
19/04/1982	0.000	9.253	20.889	26.683	241.800
20/04/1982	1.219	8.979	21.543	26.957	150.700
21/04/1982	7.535	9.007	21.048	26.601	222.000
22/04/1982	6.829	10.197	20.692	27.529	228.500
23/04/1982	10.680	9.110	21.481	27.048	82.100
24/04/1982	2.464	9.942	21.981	28.312	76.400
25/04/1982	1.231	10.580	21.856	28.841	59.100
26/04/1982	0.268	10.080	21.000	27.692	55.500
27/04/1982	2.490	9.594	21.423	27.529	429.800
28/04/1982	60.658	6.106	22.082	24.870	240.200
29/04/1982	16.350	10.835	20.726	28.288	135.000
30/04/1982	0.935	8.536	21.279	26.394	441.800
01/05/1982	7.136	10.976	20.409	28.216	240.500
02/05/1982	12.758	7.596	21.543	25.726	339.500
03/05/1982	28.941	9.641	20.942	27.264	382.300
04/05/1982	25.118	8.733	21.288	26.644	352.700
05/05/1982	23.367	8.804	21.846	27.130	185.100
06/05/1982	16.604	9.427	20.293	26.553	148.700
07/05/1982	20.547	8.364	21.264	26.269	211.000
08/05/1982	5.797	7.368	21.447	25.510	181.300
09/05/1982	4.604	8.522	21.582	26.721	128.400
10/05/1982	13.017	7.687	22.115	26.356	166.600
11/05/1982	25.394	10.264	20.712	27.798	137.200
12/05/1982	3.068	9.593	20.938	27.298	83.800
13/05/1982	12.968	9.211	21.077	27.019	115.800
14/05/1982	12.030	7.503	21.226	25.490	217.700
15/05/1982	3.855	9.121	21.029	26.909	146.200
16/05/1982	16.788	9.298	20.716	26.841	402.400
17/05/1982	13.201	8.164	21.500	26.370	154.300
18/05/1982	12.789	7.938	21.529	26.168	132.400
19/05/1982	17.959	7.619	21.505	25.870	210.100
20/05/1982	2.790	8.937	20.601	26.457	182.600
21/05/1982	39.621	6.675	21.139	24.702	197.000
22/05/1982	14.409	7.185	20.995	25.053	157.600
23/05/1982	1.046	8.381	20.486	25.803	275.300
24/05/1982	22.545	9.218	19.548	25.957	208.200
25/05/1982	24.564	9.193	20.067	26.308	371.800
26/05/1982	2.258	9.332	19.981	26.423	266.600
27/05/1982	11.109	8.232	20.918	26.014	394.800
28/05/1982	6.329	9.410	20.428	26.865	225.100
29/05/1982	8.919	8.392	20.928	26.197	144.500
30/05/1982	22.184	9.496	20.255	26.832	183.000
31/05/1982	2.169	9.518	20.688	27.192	128.900
01/06/1982	17.008	9.733	21.740	28.260	267.300
02/06/1982	0.000	9.331	21.644	27.798	121.500
03/06/1982	14.131	10.020	22.010	28.779	89.400
04/06/1982	14.676	8.848	21.245	26.986	173.700
05/06/1982	5.679	8.007	22.221	26.938	141.800
06/06/1982	12.869	8.848	21.707	27.346	137.900
07/06/1982	17.475	9.254	21.577	27.692	253.900
08/06/1982	16.157	8.401	22.067	27.212	254.200
09/06/1982	4.801	9.071	20.793	26.880	116.100
10/06/1982	9.553	10.337	20.135	27.755	252.300
11/06/1982	9.781	8.657	21.755	27.231	110.100
12/06/1982	22.568	7.842	21.596	26.288	182.400
13/06/1982	3.082	8.893	21.529	27.303	116.300
14/06/1982	8.826	8.629	22.139	27.538	142.100
15/06/1982	19.869	9.433	21.284	27.668	126.900
16/06/1982	1.119	9.864	21.029	27.938	97.500
17/06/1982	10.193	9.479	19.990	26.745	76.300
18/06/1982	18.847	7.986	20.731	25.764	94.900
19/06/1982	0.000	10.338	20.370	27.938	112.600
20/06/1982	14.977	8.674	21.260	26.870	72.100
21/06/1982	9.516	8.742	21.106	26.817	81.000
22/06/1982	6.889	8.900	21.452	27.279	69.600
23/06/1982	4.660	9.269	21.163	27.428	76.900
24/06/1982	10.950	9.771	20.356	27.361	68.800
25/06/1982	1.498	9.369	21.529	27.803	55.700
26/06/1982	0.000	9.589	20.519	27.260	42.300
27/06/1982	2.597	8.228	21.433	26.587	40.700
28/06/1982	1.471	10.063	20.486	27.736	35.200
29/06/1982	0.179	9.463	21.582	27.947	42.500
30/06/1982	5.106	10.082	20.740	27.971	37.100
01/07/1982	4.773	11.659	21.125	29.962	29.700
02/07/1982	6.580	10.477	21.120	28.654	27.000
03/07/1982	5.682	9.472	22.255	28.462	26.900
04/07/1982	1.360	10.609	21.212	28.865	40.500
05/07/1982	10.364	11.141	21.216	29.447	50.300
06/07/1982	9.628	10.706	21.361	29.072	50.400
07/07/1982	12.386	10.233	22.120	29.125	111.100
08/07/1982	0.359	9.639	21.423	27.971	66.000
09/07/1982	7.071	9.662	22.284	28.673	61.800
10/07/1982	7.316	10.752	21.851	29.481	43.500
11/07/1982	7.300	9.256	22.639	28.519	53.900
12/07/1982	11.589	9.997	21.995	28.755	185.700
13/07/1982	14.664	9.094	21.327	27.308	225.900
14/07/1982	0.132	10.075	22.029	28.851	90.700
15/07/1982	0.000	11.850	21.803	30.572	53.700
16/07/1982	11.594	11.208	21.822	29.899	42.600
17/07/1982	2.433	10.164	21.591	28.601	34.600
18/07/1982	0.784	11.316	21.322	29.611	35.300
19/07/1982	9.598	11.420	19.812	28.625	67.300
20/07/1982	4.231	10.465	20.683	28.197	61.000
21/07/1982	0.000	10.959	21.947	29.649	46.500
22/07/1982	12.649	11.032	22.019	29.784	47.300
23/07/1982	16.474	11.235	21.562	29.644	76.300
24/07/1982	0.714	12.473	21.611	31.005	45.400
25/07/1982	7.320	11.835	21.856	30.481	55.500
26/07/1982	19.277	10.101	21.947	28.712	98.100
27/07/1982	8.602	7.307	21.726	25.779	86.900
28/07/1982	5.910	8.959	21.567	27.236	68.800
29/07/1982	0.000	9.846	21.957	28.433	103.600
30/07/1982	2.097	8.972	21.947	27.567	42.200
31/07/1982	0.000	12.154	21.005	30.135	33.300
01/08/1982	1.845	10.632	20.298	27.976	65.300
02/08/1982	6.093	11.519	20.894	29.375	48.600
03/08/1982	19.254	10.956	20.611	28.538	69.300
04/08/1982	0.000	11.821	21.567	30.163	41.500
05/08/1982	0.000	10.483	21.452	28.649	33.100
06/08/1982	10.936	10.028	21.380	28.096	32.300
07/08/1982	5.188	9.092	20.471	26.447	37.100
08/08/1982	5.906	9.032	20.827	26.639	77.500
09/08/1982	0.000	11.688	21.130	29.639	80.560
10/08/1982	5.848	12.277	19.707	29.240	28.700
11/08/1982	0.661	12.051	20.409	29.510	26.200
12/08/1982	2.442	12.124	20.620	29.697	32.800
13/08/1982	2.048	12.207	19.962	29.312	29.140
14/08/1982	2.098	10.355	21.861	28.736	30.190
15/08/1982	12.887	12.416	20.125	29.615	26.000
16/08/1982	12.899	10.503	21.885	28.904	30.190
17/08/1982	0.865	10.633	20.582	28.048	42.100
18/08/1982	0.176	11.251	20.909	28.933	32.900
19/08/1982	16.127	8.844	22.264	27.534	27.570
20/08/1982	5.956	11.148	20.918	28.798	28.610
21/08/1982	8.049	12.248	20.240	29.471	33.340
22/08/1982	0.000	10.849	22.293	29.538	26.000
23/08/1982	7.290	11.247	22.226	29.870	27.000
24/08/1982	9.113	11.302	21.885	29.673	36.490
25/08/1982	14.006	10.464	22.490	29.284	66.600
26/08/1982	0.000	10.076	22.029	28.495	45.400
27/08/1982	2.351	11.647	21.803	29.947	25.990
28/08/1982	16.063	11.560	21.019	29.274	24.420
29/08/1982	14.536	12.388	21.144	30.212	34.200
30/08/1982	6.446	10.891	21.750	29.111	28.400
31/08/1982	14.242	11.061	20.755	28.529	29.660
01/09/1982	10.136	10.702	21.529	28.745	30.600
02/09/1982	0.000	12.138	21.832	30.452	45.200
03/09/1982	7.867	9.470	21.928	27.822	44.360
04/09/1982	6.684	11.072	21.144	28.812	28.000
05/09/1982	2.845	9.258	22.471	28.058	28.000
06/09/1982	11.672	11.177	21.760	29.409	33.900
07/09/1982	0.000	11.781	21.971	30.173	22.840
08/09/1982	10.180	12.499	21.678	30.712	20.220
09/09/1982	6.312	11.079	22.139	29.577	32.900
10/09/1982	19.929	8.690	21.856	26.986	52.300
11/09/1982	12.913	8.905	21.457	26.870	65.800
12/09/1982	28.248	8.255	22.082	26.774	120.800
13/09/1982	13.624	10.882	21.534	28.918	65.400
14/09/1982	25.046	8.186	22.486	27.034	102.000
15/09/1982	0.330	8.813	21.308	26.678	62.900
16/09/1982	21.819	8.333	21.226	26.144	57.300
17/09/1982	3.465	6.880	21.250	24.837	144.600
18/09/1982	0.000	9.218	21.111	26.918	94.600
19/09/1982	7.572	8.131	21.288	26.010	86.900
20/09/1982	4.049	8.556	22.188	27.168	94.000
21/09/1982	22.264	9.209	21.130	26.957	96.400
22/09/1982	0.000	9.638	21.192	27.452	58.800
23/09/1982	6.518	10.750	20.567	28.154	38.100
24/09/1982	14.188	8.317	20.736	25.812	36.900
25/09/1982	8.712	7.919	20.582	25.284	55.200
26/09/1982	8.590	9.489	19.611	26.077	145.600
27/09/1982	0.325	10.743	21.135	28.577	81.500
28/09/1982	34.642	9.025	20.861	26.620	150.300
29/09/1982	1.077	8.766	21.168	26.606	81.500
30/09/1982	2.193	9.817	21.245	27.755	74.300
01/10/1982	28.302	6.796	20.269	23.981	198.600
02/10/1982	0.000	9.154	19.317	25.567	190.400
03/10/1982	19.406	7.352	20.433	24.649	90.000
04/10/1982	7.819	10.089	19.529	26.760	237.700
05/10/1982	2.685	8.507	20.029	25.534	105.700
06/10/1982	4.261	9.320	19.986	26.337	87.500
07/10/1982	14.475	8.912	21.149	26.856	84.000
08/10/1982	23.856	8.236	20.668	25.769	279.100
09/10/1982	18.298	8.160	20.154	25.312	177.700
10/10/1982	5.433	8.580	20.784	26.240	228.000
11/10/1982	0.000	8.473	21.188	26.486	160.800
12/10/1982	16.918	7.338	21.010	25.221	173.900
13/10/1982	0.000	7.988	19.659	24.769	110.000
14/10/1982	8.083	8.112	20.620	25.707	107.700
15/10/1982	17.954	8.439	20.938	26.279	268.000
16/10/1982	4.428	9.934	19.058	26.438	117.200
17/10/1982	10.454	7.391	20.423	24.846	90.700
18/10/1982	17.040	7.571	20.192	24.909	131.200
19/10/1982	29.891	7.335	21.207	25.486	100.300
20/10/1982	20.226	8.081	20.486	25.683	125.800
21/10/1982	36.881	6.288	20.029	23.500	297.100
22/10/1982	0.930	9.472	20.139	26.880	136.600
23/10/1982	25.003	6.697	21.332	25.034	196.000
24/10/1982	17.089	7.721	20.288	25.173	318.400
25/10/1982	14.562	5.739	21.428	24.308	285.100
26/10/1982	26.561	7.244	19.995	24.524	283.900
27/10/1982	0.000	7.587	20.317	25.101	99.700
28/10/1982	14.615	7.060	19.851	24.183	117.300
29/10/1982	4.567	8.394	19.106	25.038	77.300
30/10/1982	5.230	8.730	20.058	26.192	96.300
31/10/1982	0.000	8.917	20.091	26.447	73.400
01/11/1982	26.861	7.793	21.572	26.462	134.800
02/11/1982	0.000	8.388	20.726	26.385	97.400
03/11/1982	25.258	6.165	20.774	24.207	360.600
04/11/1982	14.799	8.976	20.014	26.524	262.400
05/11/1982	0.000	10.939	19.043	28.077	130.500
06/11/1982	0.000	9.892	20.240	27.769	98.200
07/11/1982	0.662	8.528	21.500	27.255	83.800
08/11/1982	20.511	8.178	21.822	27.139	74.000
09/11/1982	0.000	10.018	20.774	28.385	58.300
10/11/1982	17.324	9.228	21.231	27.870	47.900
11/11/1982	15.151	6.901	21.707	25.841	65.400
12/11/1982	9.233	7.548	21.639	26.413	184.300
13/11/1982	0.000	9.773	21.125	28.433	82.900
14/11/1982	0.000	9.527	20.837	27.966	53.700
15/11/1982	0.000	9.008	22.236	28.490	43.800
16/11/1982	13.202	8.627	22.341	28.178	80.100
17/11/1982	8.148	7.640	21.851	26.764	62.000
18/11/1982	1.983	7.368	20.933	25.712	45.400
19/11/1982	0.000	9.344	21.322	28.216	36.000
20/11/1982	12.436	6.873	21.553	25.764	38.900
21/11/1982	1.624	8.355	20.620	26.587	33.700
22/11/1982	4.693	8.042	20.764	26.365	65.500
23/11/1982	1.370	8.059	20.433	26.135	69.700
24/11/1982	19.908	6.689	21.764	25.774	49.600
25/11/1982	0.000	7.835	21.091	26.466	67.600
26/11/1982	3.863	8.159	20.567	26.423	62.500
27/11/1982	13.881	9.583	20.043	27.663	86.400
28/11/1982	26.971	10.097	20.058	28.303	369.900
29/11/1982	0.000	9.992	18.928	27.380	134.700
30/11/1982	0.000	9.586	21.159	28.562	77.400
01/12/1982	0.985	8.473	21.351	27.418	49.600
02/12/1982	3.142	8.915	21.885	28.346	46.300
03/12/1982	1.834	9.980	20.096	28.260	46.800
04/12/1982	19.062	8.059	20.764	26.543	127.900
05/12/1982	0.517	9.402	20.221	27.712	79.100
06/12/1982	14.371	9.559	20.139	27.841	36.300
07/12/1982	1.047	8.341	21.880	27.740	83.100
08/12/1982	15.505	9.102	21.538	28.385	97.900
09/12/1982	6.441	6.897	22.034	26.332	127.100
10/12/1982	8.615	8.621	20.986	27.413	97.500
11/12/1982	1.188	9.095	20.750	27.784	58.300
12/12/1982	0.701	7.613	21.553	26.740	47.400
13/12/1982	3.103	7.737	22.202	27.385	38.600
14/12/1982	3.187	8.538	20.880	27.260	30.900
15/12/1982	0.000	10.388	20.428	29.115	28.200
16/12/1982	0.000	10.333	20.197	28.875	26.200
17/12/1982	0.066	8.665	21.096	27.572	24.800
18/12/1982	0.000	7.784	20.596	26.144	24.700
19/12/1982	2.119	8.517	21.375	27.596	51.600
20/12/1982	15.348	8.186	21.543	27.356	46.000
21/12/1982	0.000	9.857	20.053	28.178	48.900
22/12/1982	0.000	9.530	20.538	28.139	37.200
23/12/1982	0.000	10.055	20.659	28.865	47.400
24/12/1982	1.875	10.004	21.587	29.495	56.100
25/12/1982	0.961	9.074	20.351	27.452	67.300
26/12/1982	0.000	10.758	19.154	28.620	157.700
27/12/1982	0.000	7.245	21.173	26.010	55.800
28/12/1982	0.745	9.458	20.346	27.865	101.100
29/12/1982	31.848	9.786	19.346	27.534	80.000
30/12/1982	0.000	9.034	21.462	28.207	76.000
31/12/1982	0.000	10.062	20.490	28.683	46.300
01/01/1983	0.000	11.434	20.000	29.990	28.200
02/01/1983	0.000	10.478	20.721	29.337	28.400
03/01/1983	6.057	10.284	21.240	29.505	28.200
04/01/1983	0.000	9.892	21.457	29.173	28.400
05/01/1983	4.119	6.988	22.337	26.639	24.100
06/01/1983	0.737	9.324	21.553	28.558	22.000
07/01/1983	10.132	10.113	20.481	28.663	22.000
08/01/1983	10.641	9.354	19.582	27.077	28.800
09/01/1983	2.278	9.403	20.899	28.125	33.900
10/01/1983	9.879	9.543	21.587	28.812	29.400
11/01/1983	10.476	8.119	22.596	27.971	36.700
12/01/1983	0.436	8.564	21.721	27.745	39.100
13/01/1983	0.000	10.713	20.399	29.212	94.200
14/01/1983	0.000	9.092	21.264	27.947	91.700
15/01/1983	0.000	9.954	20.351	28.245	37.500
16/01/1983	0.414	8.361	22.635	28.178	26.200
17/01/1983	0.000	7.821	22.447	27.457	22.700
18/01/1983	0.000	8.657	21.938	27.933	19.400
19/01/1983	0.000	9.797	22.428	29.538	32.670
20/01/1983	0.000	8.537	22.966	28.567	31.060
21/01/1983	0.000	10.226	21.995	29.649	29.630
22/01/1983	0.000	9.559	23.332	29.942	27.780
23/01/1983	0.000	9.405	23.745	30.062	26.570
24/01/1983	0.000	9.987	22.106	29.399	25.880
25/01/1983	0.000	7.902	23.894	28.601	25.000
26/01/1983	0.000	8.424	23.135	28.476	24.400
27/01/1983	3.879	6.970	23.957	27.726	24.540
28/01/1983	6.286	8.441	21.625	27.260	27.700
29/01/1983	0.000	10.112	21.274	28.803	95.000
30/01/1983	0.000	11.074	20.072	28.995	64.400
31/01/1983	2.118	10.158	20.567	28.279	25.000
01/02/1983	0.639	10.382	20.923	28.779	48.300
02/02/1983	0.000	10.709	20.760	28.971	34.650
03/02/1983	11.022	10.013	22.010	29.111	34.800
04/02/1983	0.000	9.042	22.173	28.188	32.280
05/02/1983	4.318	9.768	21.870	28.712	42.740
06/02/1983	2.088	9.402	20.817	27.486	76.900
07/02/1983	3.319	10.451	20.625	28.490	33.400
08/02/1983	14.981	10.020	20.365	27.755	71.700
09/02/1983	0.815	11.593	19.005	28.548	34.600
10/02/1983	0.000	12.204	19.433	29.534	32.000
11/02/1983	0.426	10.724	21.822	29.562	41.640
12/02/1983	2.872	9.956	21.514	28.486	35.930
13/02/1983	0.000	9.077	22.154	28.038	34.150
14/02/1983	0.000	11.470	20.212	29.120	30.940
15/02/1983	0.000	12.745	20.279	30.596	29.360
16/02/1983	0.000	12.195	22.322	31.404	27.940
17/02/1983	12.137	9.968	22.236	28.938	26.720
18/02/1983	8.423	10.029	20.971	28.010	28.260
19/02/1983	3.482	10.320	21.606	28.788	52.500
20/02/1983	0.000	9.725	21.774	28.269	22.300
21/02/1983	6.869	8.763	21.971	27.433	29.600
22/02/1983	3.699	12.125	20.317	29.712	37.180
23/02/1983	6.279	12.684	21.606	31.236	27.100
24/02/1983	7.170	9.120	22.245	27.966	28.910
25/02/1983	0.442	10.841	21.889	29.452	24.640
26/02/1983	0.000	12.020	22.139	30.865	26.090
27/02/1983	0.000	10.231	23.274	29.841	27.940
28/02/1983	2.836	10.662	22.827	29.870	25.260
01/03/1983	12.782	8.760	22.077	27.394	34.000
02/03/1983	8.481	10.939	21.990	29.500	85.600
03/03/1983	0.317	9.307	21.577	27.495	70.100
04/03/1983	0.000	10.829	20.933	28.558	28.900
05/03/1983	0.000	11.664	20.471	29.096	18.200
06/03/1983	0.000	8.469	23.226	27.981	16.300
07/03/1983	0.879	10.873	20.942	28.548	53.000
08/03/1983	5.902	9.870	20.654	27.264	77.000
09/03/1983	0.465	10.489	21.341	28.423	40.000
10/03/1983	26.583	9.804	21.529	27.837	53.400
11/03/1983	0.000	10.971	21.808	29.250	53.200
12/03/1983	0.000	9.400	21.154	27.130	24.100
13/03/1983	0.000	8.839	21.067	26.495	22.400
14/03/1983	0.961	8.900	20.885	26.409	20.500
15/03/1983	0.000	11.502	21.144	29.255	16.500
16/03/1983	6.085	11.349	22.981	30.486	13.400
17/03/1983	12.477	9.801	21.322	27.635	11.800
18/03/1983	6.948	10.891	21.173	28.620	25.700
19/03/1983	0.000	9.586	22.548	28.385	31.400
20/03/1983	0.000	13.361	20.688	30.851	16.300
21/03/1983	0.158	9.908	22.226	28.413	11.800
22/03/1983	1.274	10.448	22.606	29.212	12.600
23/03/1983	2.530	9.770	22.159	28.245	15.900
24/03/1983	2.407	12.527	20.591	29.822	11.900
25/03/1983	13.839	8.064	22.361	26.769	36.000
26/03/1983	5.816	10.292	21.529	28.221	48.000
27/03/1983	24.384	9.416	21.154	27.062	45.300
28/03/1983	0.258	12.029	20.760	29.418	45.000
29/03/1983	1.033	12.016	21.245	29.764	21.700
30/03/1983	4.627	11.118	21.000	28.639	16.300
31/03/1983	0.200	10.063	21.452	27.918	23.600
01/04/1983	1.920	10.874	22.067	29.188	14.800
02/04/1983	5.563	9.227	22.197	27.678	11.600
03/04/1983	9.243	9.275	22.043	27.611	10.700
04/04/1983	4.072	9.371	21.726	27.442	11.500
05/04/1983	4.376	11.169	22.024	29.447	10.500
06/04/1983	5.787	10.062	22.192	28.495	34.200
07/04/1983	13.533	9.295	21.678	27.341	168.700
08/04/1983	3.418	10.320	20.625	27.524	236.700
09/04/1983	17.301	9.686	21.572	27.625	85.100
10/04/1983	16.411	9.314	21.399	27.120	53.900
11/04/1983	22.268	8.741	22.019	27.096	101.300
12/04/1983	0.000	11.105	21.707	29.159	118.600
13/04/1983	2.052	9.962	21.938	28.202	52.000
14/04/1983	22.057	10.623	20.774	27.976	87.500
15/04/1983	2.369	12.353	21.438	30.245	66.100
16/04/1983	15.327	8.975	21.534	26.938	102.400
17/04/1983	8.002	9.645	21.740	27.750	124.500
18/04/1983	20.476	6.994	22.139	25.615	210.800
19/04/1983	0.095	8.576	21.808	26.774	201.300
20/04/1983	11.570	10.969	21.861	29.207	98.600
21/04/1983	22.447	7.945	21.716	26.115	420.600
22/04/1983	5.742	11.633	20.861	29.130	248.500
23/04/1983	2.772	11.222	21.870	29.476	140.600
24/04/1983	2.249	8.698	22.938	27.865	86.200
25/04/1983	0.294	9.031	21.861	27.288	90.900
26/04/1983	6.420	8.966	22.697	27.923	130.300
27/04/1983	15.653	10.273	21.317	28.130	157.400
28/04/1983	31.176	9.827	21.606	27.909	212.400
29/04/1983	18.210	7.058	21.043	24.798	137.200
30/04/1983	4.840	9.372	21.212	27.149	107.000
01/05/1983	11.428	8.433	21.837	26.798	72.600
02/05/1983	14.449	10.380	20.981	28.038	84.000
03/05/1983	5.147	10.966	22.202	29.572	167.800
04/05/1983	12.449	9.852	21.495	27.894	189.600
05/05/1983	6.770	10.482	21.601	28.668	118.000
06/05/1983	5.704	10.239	22.418	29.048	103.400
07/05/1983	14.221	8.516	22.178	27.202	158.900
08/05/1983	2.355	10.161	21.798	28.505	179.900
09/05/1983	3.092	11.827	21.389	29.938	82.900
10/05/1983	14.037	9.372	21.740	27.683	192.800
11/05/1983	11.700	8.830	22.995	28.173	86.300
12/05/1983	6.790	10.525	21.875	28.957	193.800
13/05/1983	0.367	9.250	22.370	28.101	93.400
14/05/1983	16.450	9.583	21.716	27.909	61.500
15/05/1983	14.949	9.539	21.683	27.870	159.800
16/05/1983	1.419	8.658	21.755	27.029	134.200
17/05/1983	18.581	9.814	21.192	27.779	59.900
18/05/1983	12.781	8.339	21.635	26.625	148.100
19/05/1983	26.469	6.913	21.490	25.236	185.800
20/05/1983	0.312	9.415	21.120	27.332	124.900
21/05/1983	10.991	8.164	21.928	26.745	92.800
22/05/1983	11.756	8.865	21.269	26.880	166.900
23/05/1983	0.000	10.438	20.466	27.947	206.000
24/05/1983	13.395	8.803	22.173	27.582	126.000
25/05/1983	2.120	10.095	21.784	28.630	78.900
26/05/1983	18.348	9.876	22.370	28.832	91.500
27/05/1983	3.001	9.694	22.519	28.798	62.200
28/05/1983	21.993	7.643	21.904	26.279	168.000
29/05/1983	7.394	8.513	21.716	27.019	233.400
30/05/1983	21.078	8.735	21.418	26.952	250.800
31/05/1983	10.422	10.315	21.558	28.712	106.900
01/06/1983	6.935	7.443	23.548	27.538	114.900
02/06/1983	11.915	9.232	22.462	28.332	119.000
03/06/1983	11.771	7.103	22.188	26.048	90.700
04/06/1983	13.026	6.694	21.534	25.130	106.600
05/06/1983	8.521	7.957	21.923	26.659	245.600
06/06/1983	1.739	7.812	21.284	26.005	149.300
07/06/1983	0.312	8.450	21.702	26.971	75.200
08/06/1983	17.139	6.962	22.236	25.962	69.000
09/06/1983	0.492	10.218	19.423	27.058	51.800
10/06/1983	26.883	9.016	20.957	26.966	103.900
11/06/1983	15.936	7.625	22.029	26.466	83.100
12/06/1983	12.691	11.035	19.918	28.389	354.600
13/06/1983	12.467	11.488	20.885	29.582	140.100
14/06/1983	14.662	8.556	21.764	27.144	98.200
15/06/1983	0.088	9.767	21.885	28.505	82.200
16/06/1983	12.867	11.157	20.832	29.188	123.300
17/06/1983	19.041	8.760	20.904	26.654	138.100
18/06/1983	1.033	11.233	20.125	28.760	114.200
19/06/1983	0.875	9.986	21.062	28.101	85.100
20/06/1983	0.513	9.179	21.139	27.327	58.800
21/06/1983	15.203	9.433	21.322	27.726	120.900
22/06/1983	7.757	10.660	20.933	28.750	58.300
23/06/1983	2.139	8.562	21.500	26.952	49.900
24/06/1983	0.000	10.099	20.736	27.976	38.200
25/06/1983	3.566	10.776	20.495	28.543	34.200
26/06/1983	9.621	10.286	21.356	28.635	53.100
27/06/1983	8.685	8.937	22.538	28.183	47.700
28/06/1983	12.355	10.280	21.654	28.861	112.700
29/06/1983	7.303	8.847	21.188	27.024	65.700
30/06/1983	0.925	10.126	20.279	27.635	43.100
01/07/1983	8.212	10.194	21.683	28.788	59.600
02/07/1983	11.259	9.829	22.202	28.793	51.000
03/07/1983	1.715	11.275	20.308	28.942	56.700
04/07/1983	2.982	10.005	22.062	28.861	39.700
05/07/1983	23.649	10.383	21.572	28.894	62.000
06/07/1983	11.982	8.664	21.904	27.370	108.300
07/07/1983	1.898	10.248	22.317	29.303	67.000
08/07/1983	1.609	9.076	23.048	28.663	71.000
09/07/1983	14.151	6.683	22.543	25.966	54.700
10/07/1983	5.300	9.065	21.111	27.106	59.800
11/07/1983	1.816	7.441	22.793	26.885	47.700
12/07/1983	2.000	9.135	22.909	28.611	54.700
13/07/1983	8.928	13.101	20.865	31.308	166.500
14/07/1983	0.581	10.385	21.798	29.019	42.400
15/07/1983	19.240	8.820	22.418	27.870	46.800
16/07/1983	2.763	9.525	22.351	28.543	62.700
17/07/1983	4.277	11.077	21.957	29.851	44.000
18/07/1983	5.279	11.257	21.976	30.058	50.100
19/07/1983	1.948	10.149	21.803	28.736	37.200
20/07/1983	16.227	9.886	21.380	28.120	32.300
21/07/1983	0.256	10.123	21.471	28.457	39.600
22/07/1983	6.004	9.267	22.043	27.995	35.100
23/07/1983	11.793	5.505	22.038	24.538	37.100
24/07/1983	0.000	8.840	21.697	27.279	36.600
25/07/1983	0.000	10.487	21.043	28.476	28.400
26/07/1983	0.000	11.981	21.072	30.082	18.100
27/07/1983	3.463	10.249	21.101	28.207	14.100
28/07/1983	22.541	10.784	21.986	29.452	72.100
29/07/1983	21.850	9.851	22.139	28.611	100.100
30/07/1983	25.271	6.462	23.288	26.375	55.900
31/07/1983	8.829	10.230	20.678	27.861	68.400
01/08/1983	13.187	7.065	21.423	25.279	193.700
02/08/1983	5.091	7.922	20.558	25.356	101.000
03/08/1983	0.255	6.854	21.880	25.442	106.900
04/08/1983	6.715	9.832	20.986	27.611	117.500
05/08/1983	11.350	9.338	20.341	26.587	91.600
06/08/1983	6.413	7.827	20.755	25.433	57.900
07/08/1983	8.340	8.873	20.236	26.005	87.200
08/08/1983	0.188	8.910	21.404	27.005	66.700
09/08/1983	0.000	11.372	21.202	29.370	44.500
10/08/1983	12.894	9.704	21.418	27.774	53.900
11/08/1983	0.000	9.513	21.774	27.851	39.700
12/08/1983	11.857	9.019	21.841	27.394	27.500
13/08/1983	10.554	10.911	21.639	29.159	25.700
14/08/1983	2.920	11.098	21.370	29.149	27.800
15/08/1983	5.091	8.926	21.990	27.413	25.800
16/08/1983	7.454	11.568	22.385	30.365	25.900
17/08/1983	15.977	9.846	21.889	28.264	37.700
18/08/1983	8.561	8.934	22.082	27.500	38.700
19/08/1983	14.344	9.391	21.846	27.740	38.500
20/08/1983	0.130	10.943	20.452	28.231	38.300
21/08/1983	15.944	11.676	20.399	28.957	41.800
22/08/1983	21.970	8.569	22.438	27.380	126.400
23/08/1983	6.868	9.289	22.966	28.510	106.700
24/08/1983	22.543	9.751	22.312	28.433	64.400
25/08/1983	2.770	10.162	21.591	28.250	52.400
26/08/1983	16.208	9.790	21.668	27.933	150.900
27/08/1983	0.221	10.937	21.423	28.918	76.900
28/08/1983	15.286	7.469	21.663	25.726	49.400
29/08/1983	28.050	9.603	21.284	27.457	137.800
30/08/1983	5.064	10.640	20.779	28.139	91.700
31/08/1983	3.763	11.800	21.226	29.659	56.600
01/09/1983	12.287	9.400	21.832	27.688	69.300
02/09/1983	18.023	8.094	21.707	26.312	56.200
03/09/1983	0.369	9.144	21.731	27.332	44.700
04/09/1983	10.357	8.101	21.865	26.452	104.600
05/09/1983	5.717	9.948	21.837	28.212	66.500
06/09/1983	11.787	7.260	21.880	25.688	178.100
07/09/1983	14.294	7.625	20.928	25.269	109.400
08/09/1983	5.501	6.502	21.538	24.726	61.800
09/09/1983	3.043	10.361	20.803	27.822	68.400
10/09/1983	2.873	7.215	21.745	25.567	46.500
11/09/1983	13.851	8.859	20.284	25.909	60.090
12/09/1983	0.147	7.806	20.995	25.452	78.700
13/09/1983	0.078	9.128	20.885	26.649	52.400
14/09/1983	9.347	10.680	20.370	27.861	66.700
15/09/1983	7.273	10.440	21.841	28.750	76.900
16/09/1983	13.470	7.191	21.183	25.048	79.200
17/09/1983	0.000	8.520	21.505	26.577	53.100
18/09/1983	18.516	8.092	21.567	26.240	41.200
19/09/1983	1.025	9.753	20.981	27.404	47.500
20/09/1983	7.604	9.796	20.216	26.846	39.200
21/09/1983	7.649	9.335	20.245	26.433	59.400
22/09/1983	5.141	7.705	21.337	25.678	54.500
23/09/1983	3.184	11.372	20.337	28.630	63.600
24/09/1983	15.933	7.132	21.808	25.562	78.800
25/09/1983	3.829	9.920	22.101	28.471	81.300
26/09/1983	9.183	9.927	21.688	28.178	72.600
27/09/1983	8.395	8.237	22.361	27.034	54.400
28/09/1983	11.193	7.680	22.755	26.880	47.500
29/09/1983	3.636	10.501	21.639	28.760	68.600
30/09/1983	12.426	7.998	22.197	26.779	84.800
01/10/1983	6.955	9.078	20.462	26.428	87.700
02/10/1983	3.093	7.742	20.913	25.413	115.500
03/10/1983	6.668	9.116	21.923	27.615	101.200
04/10/1983	5.642	7.669	20.510	25.062	79.400
05/10/1983	2.653	8.322	21.913	26.865	49.000
06/10/1983	0.000	9.933	22.163	28.668	41.400
07/10/1983	13.186	10.473	19.510	27.245	61.900
08/10/1983	15.903	6.900	20.726	24.562	46.000
09/10/1983	0.355	9.059	18.654	25.058	35.600
10/10/1983	23.141	9.436	19.808	26.370	63.800
11/10/1983	3.295	8.762	19.971	25.822	44.500
12/10/1983	30.849	6.784	20.894	24.668	46.800
13/10/1983	0.266	6.893	21.144	24.947	61.300
14/10/1983	31.356	6.959	19.885	23.942	79.200
15/10/1983	0.000	8.018	19.192	24.490	79.500
16/10/1983	6.587	7.878	19.327	24.428	222.800
17/10/1983	0.000	9.954	19.202	26.596	149.800
18/10/1983	0.000	11.334	18.683	27.798	72.900
19/10/1983	3.805	7.336	20.548	24.928	192.200
20/10/1983	37.116	5.591	20.543	23.312	230.200
21/10/1983	14.332	9.241	19.130	25.827	256.900
22/10/1983	14.740	8.322	19.510	25.149	332.300
23/10/1983	0.127	8.679	20.130	26.048	133.400
24/10/1983	0.000	8.519	20.837	26.481	88.500
25/10/1983	35.058	6.858	20.649	24.620	156.300
26/10/1983	6.121	8.553	19.591	25.543	99.400
27/10/1983	17.815	7.328	21.418	25.764	92.500
28/10/1983	3.439	7.689	20.630	25.481	85.100
29/10/1983	26.507	6.797	20.255	24.332	97.500
30/10/1983	17.374	7.681	20.510	25.394	162.100
31/10/1983	15.460	7.982	19.957	25.308	164.100
01/11/1983	0.000	8.834	20.038	26.303	108.500
02/11/1983	4.602	9.341	20.668	27.356	93.500
03/11/1983	19.266	6.862	21.788	25.702	214.400
04/11/1983	1.078	9.357	21.745	28.260	152.600
05/11/1983	12.228	10.363	21.500	29.216	139.600
06/11/1983	3.875	8.474	21.683	27.317	83.500
07/11/1983	0.153	9.888	20.817	28.236	95.200
08/11/1983	1.975	8.104	21.798	27.058	89.400
09/11/1983	19.887	8.136	20.490	26.043	72.300
10/11/1983	2.898	8.273	20.769	26.438	64.400
11/11/1983	17.157	7.282	21.630	26.111	68.600
12/11/1983	0.304	8.955	20.644	27.115	117.200
13/11/1983	1.634	9.950	20.856	28.438	99.600
14/11/1983	3.691	9.309	19.356	26.615	75.500
15/11/1983	2.504	8.719	21.043	27.236	100.300
16/11/1983	0.000	7.715	21.712	26.750	65.800
17/11/1983	7.518	6.962	21.784	25.986	49.500
18/11/1983	12.242	8.326	20.918	26.764	67.900
19/11/1983	0.000	9.144	21.303	27.995	65.800
20/11/1983	14.780	8.139	23.192	28.399	39.100
21/11/1983	10.478	8.172	22.697	28.058	78.200
22/11/1983	6.994	7.089	22.519	26.798	78.900
23/11/1983	0.000	7.440	21.620	26.462	47.700
24/11/1983	9.523	9.879	20.014	27.938	63.400
25/11/1983	0.000	9.181	19.231	26.572	52.000
26/11/1983	0.000	7.994	20.736	26.394	37.600
27/11/1983	19.964	7.663	20.731	26.010	119.200
28/11/1983	30.699	6.736	20.596	24.909	269.000
29/11/1983	16.938	6.792	20.918	25.221	102.200
30/11/1983	2.587	6.840	20.644	25.072	60.700
01/12/1983	0.326	8.552	19.481	26.082	80.400
02/12/1983	0.625	9.746	19.495	27.538	61.600
03/12/1983	0.000	9.216	20.582	27.721	53.100
04/12/1983	40.754	8.891	20.332	27.173	125.100
05/12/1983	9.812	8.058	20.058	25.986	157.100
06/12/1983	0.000	6.370	20.736	24.697	151.200
07/12/1983	1.821	7.618	19.524	25.053	156.800
08/12/1983	8.645	9.966	18.394	27.077	110.600
09/12/1983	6.917	8.207	20.678	26.663	104.700
10/12/1983	0.587	8.270	19.933	26.178	110.900
11/12/1983	3.507	7.345	19.543	24.788	89.300
12/12/1983	27.522	8.728	18.716	25.808	79.600
13/12/1983	1.429	10.413	18.481	27.726	116.400
14/12/1983	0.192	8.160	20.101	26.197	76.000
15/12/1983	16.588	8.408	20.673	26.962	67.900
16/12/1983	28.752	7.871	20.981	26.572	83.700
17/12/1983	11.316	9.179	20.106	27.404	133.200
18/12/1983	5.373	9.546	19.471	27.385	108.500
19/12/1983	5.419	9.542	20.534	28.183	130.600
20/12/1983	0.283	7.585	20.231	25.668	76.700
21/12/1983	0.000	9.192	20.851	28.014	117.300
22/12/1983	1.131	8.070	20.226	26.207	89.300
23/12/1983	3.811	8.907	19.183	26.380	89.600
24/12/1983	14.884	8.067	21.188	26.957	72.800
25/12/1983	0.454	8.913	20.346	27.288	56.500
26/12/1983	18.854	9.192	20.062	27.389	44.100
27/12/1983	0.000	8.057	20.255	26.197	72.400
28/12/1983	1.321	9.182	20.543	27.731	44.100
29/12/1983	8.285	9.054	20.957	27.885	36.800
30/12/1983	2.005	7.544	21.293	26.404	31.400
31/12/1983	9.880	9.461	19.279	27.082	101.800
01/01/1984	0.982	6.928	19.995	24.683	68.000
02/01/1984	0.000	9.485	19.183	27.010	47.300
03/01/1984	0.000	9.491	19.062	26.942	42.100
04/01/1984	0.000	9.452	19.577	27.231	41.000
05/01/1984	0.000	9.930	18.433	27.005	30.300
06/01/1984	0.000	8.129	18.947	25.163	29.700
07/01/1984	0.000	8.224	18.962	25.264	39.500
08/01/1984	0.000	6.993	18.769	23.673	54.200
09/01/1984	0.000	9.073	18.827	26.159	71.900
10/01/1984	0.000	9.224	19.596	26.885	96.100
11/01/1984	0.000	10.088	19.034	27.500	61.200
12/01/1984	1.351	8.925	19.894	26.736	62.000
13/01/1984	0.000	10.447	18.452	27.476	35.500
14/01/1984	0.000	9.368	19.231	26.745	28.800
15/01/1984	0.000	8.428	20.317	26.476	28.900
16/01/1984	10.690	8.446	20.380	26.519	24.400
17/01/1984	0.845	8.369	19.418	25.678	25.000
18/01/1984	28.316	8.455	20.159	26.312	29.300
19/01/1984	0.000	10.199	19.567	27.865	47.000
20/01/1984	14.693	9.302	19.188	26.514	37.600
21/01/1984	14.989	8.243	19.163	25.264	37.100
22/01/1984	0.000	8.203	19.135	25.139	65.400
23/01/1984	0.000	10.758	17.851	27.216	40.900
24/01/1984	0.000	10.551	17.404	26.635	44.700
25/01/1984	0.000	9.793	19.106	26.913	27.800
26/01/1984	0.000	8.974	20.678	27.135	23.400
27/01/1984	0.000	9.085	18.793	25.808	20.400
28/01/1984	0.470	9.180	19.130	26.154	16.900
29/01/1984	0.151	9.209	18.750	25.880	18.000
30/01/1984	0.000	10.520	18.986	27.596	29.300
31/01/1984	0.000	9.823	19.615	27.192	17.800
01/02/1984	0.000	8.834	19.764	26.178	15.200
02/02/1984	20.176	8.788	20.394	26.577	17.500
03/02/1984	0.836	10.876	19.178	28.024	39.100
04/02/1984	0.000	6.735	20.293	24.341	63.700
05/02/1984	17.202	8.586	19.707	25.764	106.200
06/02/1984	17.294	7.774	18.856	24.231	74.500
07/02/1984	19.032	9.097	19.466	26.082	58.100
08/02/1984	13.240	9.304	18.615	25.654	50.500
09/02/1984	0.000	8.211	19.760	25.303	61.600
10/02/1984	0.000	8.285	19.519	25.173	84.700
11/02/1984	6.209	9.479	18.712	25.894	51.900
12/02/1984	0.000	11.190	18.909	27.957	36.200
13/02/1984	0.747	9.230	20.120	26.601	27.100
14/02/1984	3.698	9.685	19.793	26.832	29.100
15/02/1984	0.000	7.388	19.851	24.428	68.800
16/02/1984	0.000	8.106	20.168	25.409	57.300
17/02/1984	6.819	8.534	20.154	25.827	44.500
18/02/1984	0.000	10.332	19.716	27.438	31.700
19/02/1984	6.076	9.294	20.183	26.639	32.400
20/02/1984	18.748	7.152	21.135	25.221	70.100
21/02/1984	0.000	9.051	20.385	26.486	51.800
22/02/1984	30.296	7.470	21.014	25.375	45.300
23/02/1984	9.580	7.750	20.817	25.577	71.200
24/02/1984	12.321	8.135	20.885	25.923	74.300
25/02/1984	17.662	7.958	19.894	24.904	90.800
26/02/1984	3.639	8.507	20.077	25.591	121.300
27/02/1984	0.000	11.255	19.812	28.293	87.400
28/02/1984	5.428	9.202	20.952	26.942	59.700
29/02/1984	0.720	9.256	19.784	26.087	67.600
01/03/1984	3.008	8.938	19.986	25.880	61.500
02/03/1984	0.453	10.321	19.106	26.688	53.600
03/03/1984	24.218	8.856	19.471	25.365	55.600
04/03/1984	0.000	9.849	18.529	25.692	56.500
05/03/1984	16.074	9.419	19.659	26.077	56.900
06/03/1984	4.023	11.571	19.774	28.462	55.200
07/03/1984	0.267	10.647	20.428	27.923	33.700
08/03/1984	0.559	9.140	20.394	26.322	32.000
09/03/1984	0.000	11.845	19.221	28.293	33.200
10/03/1984	0.000	11.344	20.087	28.356	25.800
11/03/1984	0.000	9.789	19.500	26.293	21.600
12/03/1984	0.000	11.002	19.034	27.202	19.100
13/03/1984	0.000	10.514	19.481	26.971	17.400
14/03/1984	0.000	10.856	19.490	27.346	16.400
15/03/1984	0.000	11.557	19.918	28.394	15.300
16/03/1984	0.000	8.482	20.279	25.481	14.900
17/03/1984	0.000	12.037	19.010	28.260	14.900
18/03/1984	6.233	10.129	19.630	26.649	18.500
19/03/1984	0.000	9.839	19.567	26.274	16.000
20/03/1984	4.262	11.262	19.668	27.861	15.100
21/03/1984	0.000	11.115	19.615	27.644	14.100
22/03/1984	10.474	11.064	20.125	27.962	18.400
23/03/1984	10.141	7.510	20.952	25.072	27.400
24/03/1984	15.639	10.073	20.428	27.149	44.600
25/03/1984	0.000	10.828	20.255	27.808	30.100
26/03/1984	0.000	10.754	19.947	27.529	28.100
27/03/1984	0.147	10.928	19.899	27.620	19.500
28/03/1984	8.374	12.437	20.231	29.462	33.400
29/03/1984	7.613	10.008	20.087	26.841	28.200
30/03/1984	8.100	7.365	20.784	24.822	38.100
31/03/1984	3.425	10.715	20.990	28.226	32.200
01/04/1984	4.915	8.877	20.365	25.865	23.600
02/04/1984	3.211	11.351	19.466	27.740	21.400
03/04/1984	0.000	12.123	19.688	28.721	35.500
04/04/1984	0.000	11.847	20.490	29.034	19.200
05/04/1984	0.000	10.771	20.721	28.067	15.500
06/04/1984	3.003	10.245	19.457	26.577	40.500
07/04/1984	5.253	10.415	20.087	27.255	36.200
08/04/1984	12.858	8.829	20.755	26.163	18.100
09/04/1984	1.519	10.792	20.837	28.163	16.100
10/04/1984	11.223	9.623	19.962	26.312	18.800
11/04/1984	0.920	7.819	20.611	25.072	19.400
12/04/1984	24.153	9.636	18.851	25.481	30.000
13/04/1984	0.758	8.808	20.317	25.784	33.800
14/04/1984	0.258	10.426	20.062	27.274	30.600
15/04/1984	20.002	10.218	21.106	27.832	27.600
16/04/1984	7.837	8.535	20.942	26.115	54.200
17/04/1984	12.763	9.170	19.649	25.673	116.500
18/04/1984	0.318	12.901	19.856	29.755	65.900
19/04/1984	0.000	11.757	20.918	29.303	32.100
20/04/1984	0.000	9.900	20.817	27.308	24.800
21/04/1984	0.000	11.105	21.312	28.952	22.000
22/04/1984	8.783	10.208	20.019	27.067	31.000
23/04/1984	11.527	9.221	19.971	26.010	56.900
24/04/1984	5.741	10.407	21.197	28.173	80.900
25/04/1984	20.785	8.115	20.947	25.688	86.100
26/04/1984	0.000	8.668	21.471	26.654	67.200
27/04/1984	24.737	10.195	20.654	27.548	79.200
28/04/1984	17.603	9.895	21.168	27.625	266.600
29/04/1984	15.982	9.036	19.413	25.438	285.700
30/04/1984	12.523	10.406	20.495	27.673	200.900
01/05/1984	0.000	11.535	19.087	27.861	118.200
02/05/1984	9.768	11.344	19.567	28.010	91.200
03/05/1984	11.183	10.100	20.269	27.207	97.900
04/05/1984	13.948	12.327	19.385	29.019	138.600
05/05/1984	0.000	10.505	22.058	29.043	69.200
06/05/1984	0.000	9.899	21.611	28.067	47.700
07/05/1984	7.687	10.364	20.913	28.034	73.700
08/05/1984	1.200	9.712	19.731	26.466	58.400
09/05/1984	23.163	7.880	20.399	25.135	75.500
10/05/1984	15.431	10.896	19.971	27.933	71.500
11/05/1984	16.380	9.808	20.067	26.856	59.600
12/05/1984	20.282	9.496	19.269	25.909	138.600
13/05/1984	22.875	7.307	19.370	23.726	102.500
14/05/1984	13.773	9.329	19.423	25.889	169.200
15/05/1984	0.990	7.894	20.058	24.913	244.300
16/05/1984	3.038	9.778	19.394	26.370	225.900
17/05/1984	13.149	10.036	20.553	27.519	144.800
18/05/1984	23.097	10.630	20.760	28.322	168.600
19/05/1984	13.542	10.335	20.317	27.702	144.200
20/05/1984	6.779	8.102	21.659	26.462	99.900
21/05/1984	1.303	8.811	21.803	27.303	116.200
22/05/1984	18.171	9.170	21.486	27.418	97.200
23/05/1984	15.197	8.096	19.995	25.106	73.900
24/05/1984	25.609	9.966	19.827	26.971	76.500
25/05/1984	3.265	9.718	19.938	26.774	81.800
26/05/1984	15.173	7.390	19.308	23.909	193.100
27/05/1984	14.536	7.351	19.457	23.990	190.900
28/05/1984	4.657	8.782	18.986	25.096	132.100
29/05/1984	2.119	8.848	19.726	25.774	106.600
30/05/1984	9.746	11.428	21.351	29.774	107.700
31/05/1984	7.406	8.683	21.269	26.808	102.500
01/06/1984	45.316	9.682	20.601	27.332	121.900
02/06/1984	6.063	8.123	20.380	25.582	101.400
03/06/1984	5.809	8.625	19.649	25.481	182.700
04/06/1984	6.340	6.397	21.471	24.788	129.900
05/06/1984	7.725	8.364	20.385	25.822	127.100
06/06/1984	2.604	11.470	19.928	28.827	153.600
07/06/1984	27.697	6.898	21.101	24.986	116.900
08/06/1984	20.793	7.791	20.457	25.322	265.400
09/06/1984	3.365	9.463	20.269	26.880	272.700
10/06/1984	0.000	8.570	20.808	26.423	124.100
11/06/1984	13.812	9.300	21.139	27.423	128.000
12/06/1984	2.559	9.215	21.601	27.712	121.100
13/06/1984	0.000	9.098	20.423	26.654	101.900
14/06/1984	4.300	10.626	20.495	28.375	90.800
15/06/1984	17.561	8.649	20.091	25.918	98.900
16/06/1984	5.405	9.909	20.803	27.812	150.200
17/06/1984	1.688	9.425	20.447	27.043	89.700
18/06/1984	16.174	7.992	20.183	25.308	116.400
19/06/1984	11.793	7.989	21.337	26.255	78.400
20/06/1984	0.487	10.234	20.538	27.981	67.200
21/06/1984	0.000	10.703	20.226	28.255	52.100
22/06/1984	17.194	7.419	21.188	25.543	60.400
23/06/1984	14.574	7.424	21.529	25.856	59.800
24/06/1984	9.139	7.708	21.000	25.692	86.800
25/06/1984	5.761	7.339	22.115	26.236	86.100
26/06/1984	18.217	7.598	20.341	25.034	87.100
27/06/1984	9.206	6.293	20.942	24.279	96.000
28/06/1984	8.701	9.780	19.375	26.577	80.000
29/06/1984	16.177	10.291	20.231	27.793	131.800
30/06/1984	12.592	9.359	20.298	26.827	127.200
01/07/1984	10.992	10.362	20.361	27.952	96.800
02/07/1984	19.674	7.769	20.957	25.702	203.800
03/07/1984	18.593	11.023	21.115	29.231	151.800
04/07/1984	23.958	8.713	21.293	26.928	106.200
05/07/1984	7.989	7.700	20.702	25.442	92.700
06/07/1984	28.834	7.051	20.995	25.029	123.500
07/07/1984	5.664	9.097	20.947	27.019	91.600
08/07/1984	2.185	9.057	21.058	27.053	71.200
09/07/1984	0.000	8.672	20.620	26.332	65.600
10/07/1984	9.767	7.954	21.399	26.202	76.900
11/07/1984	0.000	9.273	21.409	27.558	67.800
12/07/1984	17.321	9.377	19.784	26.394	76.300
13/07/1984	1.795	5.293	21.298	23.760	87.300
14/07/1984	13.211	9.122	20.062	26.327	96.100
15/07/1984	10.385	6.974	21.385	25.240	89.300
16/07/1984	15.488	8.353	20.591	25.923	85.600
17/07/1984	0.000	10.639	20.178	28.024	60.900
18/07/1984	0.257	11.097	19.279	27.889	45.700
19/07/1984	18.010	9.831	20.812	27.639	93.800
20/07/1984	11.209	11.374	19.168	28.091	111.100
21/07/1984	0.000	12.001	18.168	28.072	72.900
22/07/1984	2.439	7.584	20.750	25.279	69.900
23/07/1984	1.769	8.206	20.885	25.947	54.400
24/07/1984	2.963	9.145	20.188	26.351	52.300
25/07/1984	21.434	8.700	21.024	26.577	101.200
26/07/1984	10.596	10.381	20.659	28.043	72.800
27/07/1984	0.000	11.898	20.678	29.678	56.500
28/07/1984	3.036	10.289	21.260	28.351	82.100
29/07/1984	6.840	10.576	21.154	28.577	97.300
30/07/1984	2.373	11.306	20.880	29.144	53.800
31/07/1984	21.353	8.523	20.404	25.861	74.200
01/08/1984	1.334	9.020	19.808	25.870	83.400
02/08/1984	7.920	9.832	19.654	26.601	98.800
03/08/1984	10.387	8.713	20.668	26.226	207.000
04/08/1984	15.880	9.415	20.803	27.024	209.500
05/08/1984	6.920	8.282	19.957	25.250	98.500
06/08/1984	5.551	10.435	20.548	27.889	72.100
07/08/1984	6.633	11.689	21.250	29.755	54.700
08/08/1984	6.648	10.030	20.808	27.673	46.100
09/08/1984	4.632	8.969	20.841	26.567	43.900
10/08/1984	1.462	10.212	19.774	27.067	57.100
11/08/1984	0.433	8.326	20.125	25.380	45.000
12/08/1984	10.606	9.337	20.649	26.764	46.700
13/08/1984	2.641	10.302	20.115	27.346	44.700
14/08/1984	4.586	9.366	21.125	27.178	44.800
15/08/1984	16.390	10.229	20.457	27.529	75.200
16/08/1984	5.842	11.009	19.880	27.938	50.200
17/08/1984	16.661	9.498	20.899	27.087	82.800
18/08/1984	23.737	6.890	20.534	24.303	90.900
19/08/1984	3.640	9.018	18.904	25.024	74.700
20/08/1984	16.587	7.449	20.971	25.139	82.300
21/08/1984	6.301	9.405	21.014	27.067	81.500
22/08/1984	9.423	9.038	20.558	26.332	90.000
23/08/1984	14.431	9.109	19.495	25.562	64.000
24/08/1984	5.441	10.248	20.019	27.139	46.200
25/08/1984	1.811	8.983	21.582	27.072	38.800
26/08/1984	12.208	9.988	19.639	26.596	61.900
27/08/1984	4.450	10.725	20.091	27.688	73.400
28/08/1984	9.964	8.708	20.630	26.043	44.800
29/08/1984	1.195	6.252	20.909	23.986	52.700
30/08/1984	2.138	9.120	21.505	27.125	58.600
31/08/1984	7.429	9.726	20.077	26.635	49.600
01/09/1984	8.358	10.621	19.038	26.803	54.500
02/09/1984	2.811	11.435	19.692	28.159	40.300
03/09/1984	2.875	11.764	19.990	28.712	39.900
04/09/1984	19.050	10.539	19.654	27.159	55.400
05/09/1984	0.000	9.621	20.721	27.038	62.100
06/09/1984	6.595	9.853	20.827	27.308	64.100
07/09/1984	26.974	8.602	20.462	25.784	110.600
08/09/1984	13.647	9.100	20.707	26.476	71.600
09/09/1984	17.928	7.153	20.322	24.269	127.100
10/09/1984	7.195	9.076	19.428	25.442	109.800
11/09/1984	7.294	6.650	20.649	24.106	146.500
12/09/1984	4.969	9.124	20.000	25.957	103.900
13/09/1984	15.038	10.562	20.091	27.500	160.800
14/09/1984	18.413	9.710	21.087	27.394	291.900
15/09/1984	19.850	10.833	18.971	27.005	179.900
16/09/1984	9.111	8.312	19.062	24.409	170.600
17/09/1984	34.878	7.646	21.288	25.582	120.300
18/09/1984	9.037	9.588	19.562	26.130	233.200
19/09/1984	14.574	8.916	19.793	25.625	297.000
20/09/1984	28.115	8.401	20.159	25.394	297.200
21/09/1984	10.230	9.539	19.938	26.385	275.800
22/09/1984	9.401	9.386	20.346	26.562	235.500
23/09/1984	12.730	8.181	20.029	25.111	177.700
24/09/1984	6.169	10.747	18.750	26.808	144.600
25/09/1984	19.021	12.583	17.870	28.260	229.300
26/09/1984	6.114	10.440	20.159	27.534	143.800
27/09/1984	7.754	11.014	20.337	28.317	133.500
28/09/1984	2.960	11.299	19.293	27.870	110.000
29/09/1984	11.312	11.022	21.067	28.861	139.100
30/09/1984	12.338	9.209	20.274	26.409	137.600
01/10/1984	19.552	10.260	19.769	27.144	115.900
02/10/1984	4.877	8.701	20.543	26.115	146.500
03/10/1984	9.514	9.672	20.043	26.702	103.700
04/10/1984	11.669	8.299	19.168	24.601	105.500
05/10/1984	2.584	9.085	19.462	25.716	119.500
06/10/1984	14.858	8.693	19.942	25.654	94.200
07/10/1984	18.734	8.184	20.837	25.880	248.500
08/10/1984	18.294	8.550	19.755	25.409	245.700
09/10/1984	22.851	8.975	19.139	25.365	176.300
10/10/1984	0.000	8.226	20.399	25.615	112.700
11/10/1984	20.118	8.257	21.322	26.418	83.600
12/10/1984	10.555	9.541	20.615	27.163	113.500
13/10/1984	32.948	9.195	20.832	26.966	146.100
14/10/1984	10.081	7.333	20.087	24.567	129.200
15/10/1984	23.603	10.687	20.245	28.168	271.200
16/10/1984	31.289	8.421	20.923	26.317	173.200
17/10/1984	17.352	6.944	20.755	24.721	130.600
18/10/1984	10.524	8.678	19.798	25.707	103.400
19/10/1984	0.877	9.760	19.962	27.038	81.200
20/10/1984	14.315	9.218	19.981	26.466	171.600
21/10/1984	9.381	7.994	20.986	26.024	191.300
22/10/1984	27.768	9.849	20.659	27.707	203.400
23/10/1984	0.678	6.771	21.139	24.942	108.100
24/10/1984	20.883	6.496	20.005	23.726	104.800
25/10/1984	26.114	9.064	20.630	26.918	305.500
26/10/1984	5.665	8.627	20.010	25.962	167.000
27/10/1984	21.453	6.749	20.803	24.712	110.100
28/10/1984	24.042	7.721	20.130	25.154	107.000
29/10/1984	19.238	9.388	19.822	26.716	106.700
30/10/1984	6.686	7.305	21.082	25.529	85.900
31/10/1984	3.944	10.371	19.399	27.577	143.300
01/11/1984	1.321	8.373	20.433	26.168	189.700
02/11/1984	3.419	8.332	20.207	25.928	175.000
03/11/1984	32.937	9.502	19.712	26.865	340.700
04/11/1984	0.000	10.111	19.091	27.120	210.400
05/11/1984	0.000	9.623	19.577	26.962	172.300
06/11/1984	5.428	8.368	20.779	26.495	193.700
07/11/1984	2.462	7.476	20.635	25.462	283.900
08/11/1984	1.966	8.818	20.409	26.712	265.300
09/11/1984	35.604	10.852	19.361	28.317	153.700
10/11/1984	1.046	10.375	19.726	28.048	94.900
11/11/1984	0.000	9.664	19.466	27.048	88.200
12/11/1984	35.479	8.181	19.808	25.625	162.500
13/11/1984	2.918	8.674	19.611	26.038	185.000
14/11/1984	0.143	9.446	19.548	26.942	171.700
15/11/1984	14.051	10.093	19.101	27.375	127.000
16/11/1984	5.950	9.640	20.582	27.986	92.700
17/11/1984	0.000	8.242	20.827	26.601	81.900
18/11/1984	7.900	9.175	21.337	28.067	122.100
19/11/1984	1.765	8.107	21.380	26.962	156.400
20/11/1984	4.929	7.927	21.361	26.745	136.700
21/11/1984	0.000	7.560	21.760	26.688	102.200
22/11/1984	0.000	10.480	20.510	29.034	72.900
23/11/1984	53.071	7.954	21.620	27.014	119.700
24/11/1984	15.133	9.168	20.250	27.308	106.000
25/11/1984	4.755	8.801	19.673	26.476	135.000
26/11/1984	5.701	9.751	20.288	28.048	108.600
27/11/1984	0.000	8.142	20.745	26.558	173.400
28/11/1984	41.384	9.301	19.774	27.188	171.700
29/11/1984	0.000	8.860	19.226	26.221	157.900
30/11/1984	0.000	8.854	20.933	27.543	114.600
01/12/1984	0.714	9.126	20.183	27.322	92.700
02/12/1984	0.000	8.878	20.312	27.139	65.400
03/12/1984	1.737	9.900	19.481	27.755	51.800
04/12/1984	17.245	10.502	19.409	28.433	58.900
05/12/1984	0.000	10.240	19.255	28.005	57.900
06/12/1984	0.000	9.633	19.688	27.577	42.200
07/12/1984	0.000	10.794	19.361	28.774	37.500
08/12/1984	0.596	8.896	19.562	26.620	37.600
09/12/1984	0.000	8.818	20.375	27.135	69.200
10/12/1984	0.000	8.819	20.784	27.457	43.900
11/12/1984	0.000	8.192	20.197	26.293	39.500
12/12/1984	0.000	9.876	19.947	28.115	37.400
13/12/1984	0.000	8.385	21.702	27.697	31.300
14/12/1984	14.855	8.117	21.817	27.500	44.600
15/12/1984	0.000	8.558	21.471	27.736	36.900
16/12/1984	3.434	9.358	20.447	27.865	74.500
17/12/1984	16.974	8.358	19.731	26.144	221.600
18/12/1984	27.713	8.695	19.760	26.562	184.000
19/12/1984	0.000	9.043	18.928	26.361	122.400
20/12/1984	3.242	8.606	20.673	27.149	151.200
21/12/1984	0.601	9.286	19.062	26.755	75.200
22/12/1984	5.141	7.740	19.837	25.524	90.200
23/12/1984	0.407	7.948	19.745	25.683	111.800
24/12/1984	0.000	8.834	18.928	26.111	69.300
25/12/1984	9.559	9.160	19.702	27.072	59.000
26/12/1984	10.757	11.270	18.712	28.971	45.500
27/12/1984	0.000	10.267	19.543	28.274	40.800
28/12/1984	16.817	9.942	19.731	28.019	55.400
29/12/1984	0.000	11.152	18.779	28.812	39.500
30/12/1984	0.000	10.233	20.356	28.784	31.300
31/12/1984	0.000	9.798	20.216	28.154	27.900
01/01/1985	0.135	9.100	20.120	27.231	25.300
02/01/1985	0.000	10.235	19.793	28.337	23.600
03/01/1985	0.000	8.881	20.976	27.611	21.700
04/01/1985	0.448	9.255	20.226	27.466	23.800
05/01/1985	6.912	7.365	21.240	26.111	142.300
06/01/1985	0.000	8.067	20.635	26.404	91.500
07/01/1985	0.000	9.242	20.062	27.312	49.200
08/01/1985	0.000	9.948	19.750	27.899	35.700
09/01/1985	0.000	10.681	18.562	27.923	28.400
10/01/1985	6.330	9.792	19.274	27.317	24.700
11/01/1985	0.000	10.346	18.707	27.591	22.900
12/01/1985	3.704	10.311	19.442	28.038	21.600
13/01/1985	3.532	9.595	19.091	26.899	49.300
14/01/1985	0.000	9.589	19.861	27.442	33.800
15/01/1985	0.000	10.702	19.231	28.303	24.800
16/01/1985	3.444	10.584	18.952	27.942	21.100
17/01/1985	5.803	9.966	19.678	27.707	18.000
18/01/1985	0.000	9.478	20.644	27.822	16.100
19/01/1985	5.935	10.323	20.163	28.438	15.200
20/01/1985	2.230	10.300	20.264	28.466	14.600
21/01/1985	0.000	9.080	19.495	26.438	15.300
22/01/1985	4.676	7.631	19.490	24.769	38.600
23/01/1985	0.000	8.416	19.034	25.274	42.900
24/01/1985	0.549	9.738	19.365	27.048	25.800
25/01/1985	0.000	10.805	19.798	28.591	18.900
26/01/1985	0.000	9.464	19.663	26.913	23.800
27/01/1985	0.000	9.709	19.486	27.038	15.700
28/01/1985	0.000	8.520	20.019	26.072	14.000
29/01/1985	0.000	10.089	18.659	26.832	12.400
30/01/1985	0.000	10.000	20.178	27.827	11.500
31/01/1985	4.055	11.277	19.202	28.567	10.700
01/02/1985	0.000	11.391	19.625	28.962	10.200
02/02/1985	0.000	10.946	18.639	27.707	9.900
03/02/1985	0.000	11.463	18.269	28.048	9.500
04/02/1985	0.000	11.610	18.591	28.404	9.200
05/02/1985	0.000	12.774	19.668	30.490	9.000
06/02/1985	0.000	13.683	17.163	29.880	8.800
07/02/1985	0.000	12.302	19.428	29.712	8.500
08/02/1985	0.000	12.541	21.034	31.082	8.000
09/02/1985	0.000	8.545	20.418	26.212	11.100
10/02/1985	2.784	10.942	20.712	29.024	13.900
11/02/1985	24.057	11.591	20.202	29.356	20.800
12/02/1985	1.090	9.799	20.793	27.784	19.800
13/02/1985	27.700	9.565	20.750	27.452	31.200
14/02/1985	0.000	11.248	19.346	28.269	36.600
15/02/1985	0.850	9.881	20.115	27.284	22.800
16/02/1985	0.000	11.601	19.197	28.495	25.200
17/02/1985	0.000	11.075	21.010	29.207	28.600
18/02/1985	0.000	11.818	20.990	29.981	26.600
19/02/1985	0.000	9.994	22.885	29.428	17.200
20/02/1985	0.000	12.655	20.538	30.524	13.100
21/02/1985	0.000	10.039	20.827	27.870	11.900
22/02/1985	0.000	12.350	19.500	29.389	10.600
23/02/1985	22.633	10.205	22.067	28.913	10.300
24/02/1985	1.848	10.898	21.139	28.923	16.500
25/02/1985	0.000	11.045	21.418	29.264	21.100
26/02/1985	0.000	11.186	19.567	28.048	15.800
27/02/1985	0.000	10.739	21.957	29.298	12.700
28/02/1985	0.000	12.681	19.880	29.875	10.200
01/03/1985	0.000	11.888	20.899	29.726	9.600
02/03/1985	0.000	13.746	22.149	32.596	9.100
03/03/1985	15.053	13.255	21.750	31.755	12.100
04/03/1985	30.723	11.553	22.611	30.553	42.300
05/03/1985	0.000	10.913	21.635	29.159	32.400
06/03/1985	3.981	10.901	21.236	28.837	22.700
07/03/1985	5.923	9.259	21.173	27.091	28.400
08/03/1985	0.000	10.858	19.904	27.769	16.700
09/03/1985	13.416	12.895	20.731	30.529	13.600
10/03/1985	17.232	10.207	21.861	28.524	20.400
11/03/1985	10.612	10.456	20.760	27.933	21.400
12/03/1985	0.000	11.750	21.091	29.495	20.100
13/03/1985	0.000	11.949	20.707	29.413	23.600
14/03/1985	0.000	13.099	19.322	29.663	33.700
15/03/1985	0.000	13.595	20.577	31.067	26.700
16/03/1985	0.000	11.679	21.101	29.394	17.200
17/03/1985	0.000	12.815	20.668	30.260	13.300
18/03/1985	0.000	8.124	21.279	25.952	54.200
19/03/1985	0.000	10.717	21.322	28.519	139.300
20/03/1985	0.000	8.969	21.466	26.889	222.500
21/03/1985	0.000	12.395	19.812	29.149	160.200
22/03/1985	0.000	13.149	19.495	29.731	66.300
23/03/1985	0.000	12.701	19.976	29.572	47.300
24/03/1985	0.000	11.629	21.101	29.255	41.300
25/03/1985	0.000	11.521	22.303	30.038	29.900
26/03/1985	6.320	10.934	23.514	30.365	25.000
27/03/1985	36.966	11.101	21.380	28.909	54.900
28/03/1985	2.290	10.698	21.784	28.793	46.400
29/03/1985	45.605	9.792	21.692	27.817	153.200
30/03/1985	12.178	8.429	21.048	26.019	138.600
31/03/1985	26.580	8.927	19.793	25.466	254.400
01/04/1985	8.516	8.347	20.317	25.303	188.400
02/04/1985	5.917	9.323	21.260	27.010	135.700
03/04/1985	30.948	11.372	20.154	28.293	204.500
04/04/1985	0.980	9.104	20.889	26.538	187.800
05/04/1985	0.000	12.434	20.745	29.817	111.900
06/04/1985	0.000	10.933	20.966	28.409	89.800
07/04/1985	8.325	9.939	20.587	27.106	67.300
08/04/1985	6.291	8.636	21.096	26.240	56.600
09/04/1985	4.418	9.856	20.062	26.625	47.400
10/04/1985	28.722	11.217	19.351	27.524	146.700
11/04/1985	11.888	10.689	20.428	27.774	95.700
12/04/1985	3.496	10.620	20.894	28.067	99.700
13/04/1985	0.000	11.127	21.793	29.288	65.100
14/04/1985	0.000	10.924	20.909	28.380	49.000
15/04/1985	0.000	8.418	22.144	26.909	41.600
16/04/1985	0.000	10.079	22.226	28.572	35.200
17/04/1985	8.250	11.912	20.663	29.255	28.500
18/04/1985	0.000	9.733	21.351	27.558	30.600
19/04/1985	6.248	9.763	22.288	28.312	81.300
20/04/1985	28.017	8.104	21.029	25.731	41.400
21/04/1985	8.513	9.536	21.841	27.740	134.300
22/04/1985	14.818	8.942	20.534	26.130	92.900
23/04/1985	4.526	10.549	20.332	27.601	72.000
24/04/1985	18.568	9.553	20.764	26.933	86.300
25/04/1985	6.810	6.748	20.861	24.356	56.000
26/04/1985	32.321	9.823	20.288	26.856	366.800
27/04/1985	0.455	7.546	19.683	24.135	290.700
28/04/1985	0.000	12.037	19.308	28.510	116.000
29/04/1985	0.000	9.158	20.293	26.264	91.300
30/04/1985	5.846	9.780	20.115	26.731	153.300
01/05/1985	4.906	9.055	19.149	25.226	286.500
02/05/1985	0.000	11.384	18.784	27.471	185.100
03/05/1985	0.000	9.926	20.231	27.010	97.900
04/05/1985	10.376	7.534	21.159	25.428	139.500
05/05/1985	6.908	11.130	19.812	27.995	124.300
06/05/1985	8.838	8.429	21.433	26.481	80.100
07/05/1985	21.240	9.482	20.745	26.981	89.700
08/05/1985	4.916	10.017	21.231	27.904	75.000
09/05/1985	19.570	9.362	20.476	26.659	220.700
10/05/1985	5.683	8.739	20.399	25.971	125.400
11/05/1985	7.347	7.758	20.356	25.034	136.900
12/05/1985	15.417	9.484	19.760	26.260	129.500
13/05/1985	0.000	7.835	20.183	24.918	117.300
14/05/1985	12.451	8.678	20.298	25.865	109.700
15/05/1985	12.263	8.794	20.183	25.894	77.300
16/05/1985	20.333	8.596	20.611	26.058	92.000
17/05/1985	0.977	7.123	20.663	24.678	147.600
18/05/1985	0.797	10.618	19.000	27.000	138.400
19/05/1985	6.752	11.031	19.207	27.615	79.300
20/05/1985	4.089	11.218	20.644	28.885	60.500
21/05/1985	0.069	11.047	20.231	28.413	48.400
22/05/1985	11.729	10.193	19.933	27.279	53.500
23/05/1985	0.524	9.367	21.611	27.688	49.500
24/05/1985	11.190	7.480	21.500	25.769	58.000
25/05/1985	3.287	10.710	20.433	28.231	62.100
26/05/1985	12.497	8.938	20.663	26.558	63.700
27/05/1985	5.040	8.453	20.639	26.087	68.300
28/05/1985	0.000	9.400	20.452	26.899	46.100
29/05/1985	8.925	9.448	21.053	27.404	50.000
30/05/1985	0.000	8.146	21.803	26.712	52.300
31/05/1985	13.151	9.057	21.101	27.058	40.700
01/06/1985	4.696	8.187	20.639	25.808	81.500
02/06/1985	24.229	6.028	21.231	24.240	157.000
03/06/1985	9.823	7.798	20.154	25.010	141.100
04/06/1985	16.770	8.754	20.053	25.942	126.000
05/06/1985	11.703	9.337	20.736	27.082	92.600
06/06/1985	22.271	9.375	20.394	26.870	166.600
07/06/1985	12.391	10.208	20.880	28.135	149.300
08/06/1985	5.632	9.835	20.298	27.322	133.700
09/06/1985	5.727	9.735	20.308	27.202	110.600
10/06/1985	3.026	7.876	20.731	25.611	96.100
11/06/1985	3.231	10.284	19.750	27.409	74.500
12/06/1985	3.237	9.963	19.000	26.486	63.900
13/06/1985	7.390	9.955	19.207	26.649	52.400
14/06/1985	0.000	10.731	19.774	27.942	50.500
15/06/1985	5.696	9.093	20.875	27.014	41.200
16/06/1985	0.000	10.331	20.447	28.024	35.800
17/06/1985	3.731	10.705	20.168	28.207	32.400
18/06/1985	4.063	10.157	19.846	27.365	29.000
19/06/1985	6.266	10.256	19.462	27.207	42.100
20/06/1985	0.720	11.149	19.827	28.476	36.400
21/06/1985	3.747	10.322	19.538	27.317	27.200
22/06/1985	0.000	10.974	19.755	28.226	32.300
23/06/1985	6.429	12.219	19.760	29.620	35.700
24/06/1985	0.000	10.160	20.606	27.942	26.700
25/06/1985	0.668	10.777	21.226	29.096	25.000
26/06/1985	15.569	9.016	21.159	27.159	41.100
27/06/1985	4.285	11.619	20.245	29.274	53.700
28/06/1985	5.566	9.978	20.404	27.596	45.400
29/06/1985	1.013	7.649	20.827	25.481	32.800
30/06/1985	0.000	9.654	19.361	26.447	34.900
01/07/1985	0.000	9.480	20.846	27.375	28.800
02/07/1985	3.378	11.059	20.889	29.139	22.200
03/07/1985	5.285	9.602	21.947	28.375	35.300
04/07/1985	0.509	9.482	20.923	27.447	27.500
05/07/1985	0.259	10.408	20.519	28.125	21.100
06/07/1985	10.048	9.948	21.779	28.577	19.500
07/07/1985	5.055	8.409	21.471	26.755	19.000
08/07/1985	11.694	10.510	21.096	28.644	20.300
09/07/1985	4.422	9.505	20.736	27.308	31.900
10/07/1985	2.408	9.178	20.938	27.101	34.200
11/07/1985	2.095	10.564	21.365	28.899	49.600
12/07/1985	1.751	11.321	20.197	28.841	54.600
13/07/1985	0.000	10.753	20.005	28.067	31.000
14/07/1985	6.245	10.318	21.197	28.495	22.500
15/07/1985	7.780	9.276	20.966	27.202	20.000
16/07/1985	0.665	10.546	20.716	28.337	106.800
17/07/1985	2.239	11.916	20.620	29.745	68.900
18/07/1985	17.014	7.917	20.837	25.659	76.400
19/07/1985	4.807	10.736	20.673	28.505	62.500
20/07/1985	13.428	9.218	19.986	26.317	40.400
21/07/1985	3.783	9.323	20.971	27.207	48.200
22/07/1985	0.425	10.645	20.721	28.389	83.600
23/07/1985	15.893	9.277	20.389	26.663	66.900
24/07/1985	17.806	8.483	20.995	26.317	122.400
25/07/1985	18.707	7.619	20.736	25.245	97.600
26/07/1985	7.986	11.485	20.144	28.851	77.500
27/07/1985	18.380	8.599	21.072	26.514	141.500
28/07/1985	7.078	10.947	20.769	28.721	124.400
29/07/1985	6.659	9.448	20.678	27.043	84.200
30/07/1985	10.278	9.507	21.106	27.423	67.100
31/07/1985	0.261	8.699	21.663	27.024	61.400
01/08/1985	2.870	8.067	20.707	25.630	42.800
02/08/1985	1.877	9.206	21.082	27.082	43.800
03/08/1985	7.890	10.407	20.495	27.865	69.000
04/08/1985	21.118	9.990	20.413	27.370	53.200
05/08/1985	2.063	10.148	21.173	28.091	41.800
06/08/1985	28.374	8.731	20.889	26.418	67.200
07/08/1985	0.000	7.131	20.337	24.394	72.600
08/08/1985	7.617	9.629	19.788	26.486	127.600
09/08/1985	7.441	10.901	19.462	27.572	102.400
10/08/1985	0.790	8.752	19.856	25.596	80.400
11/08/1985	1.939	11.355	19.942	28.385	49.200
12/08/1985	2.440	9.841	20.163	26.928	39.300
13/08/1985	4.719	10.613	20.481	27.962	32.500
14/08/1985	24.609	9.928	20.745	27.442	77.000
15/08/1985	16.841	10.829	20.173	27.952	94.800
16/08/1985	4.558	9.835	19.885	26.688	100.400
17/08/1985	3.835	9.348	20.788	26.841	57.700
18/08/1985	30.482	9.382	20.231	26.476	138.700
19/08/1985	10.168	9.618	20.399	26.841	178.800
20/08/1985	13.783	6.963	20.779	24.567	190.700
21/08/1985	18.653	7.997	20.385	25.212	141.100
22/08/1985	0.641	10.639	19.668	27.312	116.600
23/08/1985	9.436	10.243	20.183	27.303	84.500
24/08/1985	0.156	12.028	19.986	29.043	73.900
25/08/1985	16.801	10.171	20.438	27.389	97.200
26/08/1985	9.114	7.615	20.750	25.077	118.700
27/08/1985	2.117	11.244	19.096	27.510	143.200
28/08/1985	2.271	11.533	19.938	28.466	212.500
29/08/1985	16.330	7.905	20.332	25.038	99.700
30/08/1985	9.167	8.964	20.591	26.255	73.500
31/08/1985	0.923	10.641	19.466	27.144	59.500
01/09/1985	4.779	11.100	20.284	28.245	48.400
02/09/1985	7.953	8.662	21.048	26.322	41.100
03/09/1985	2.666	10.606	21.096	28.322	54.300
04/09/1985	13.172	8.173	21.596	26.284	131.200
05/09/1985	6.516	11.611	20.082	28.635	68.400
06/09/1985	38.698	10.647	20.663	28.038	58.000
07/09/1985	5.898	9.774	20.303	26.865	73.600
08/09/1985	6.803	11.843	19.404	28.365	88.800
09/09/1985	14.646	9.194	20.389	26.303	245.900
10/09/1985	8.660	9.569	20.562	26.817	161.800
11/09/1985	7.959	9.405	21.135	27.144	186.900
12/09/1985	17.351	8.310	21.183	26.062	184.300
13/09/1985	1.066	8.450	20.788	25.894	115.900
14/09/1985	24.226	9.404	20.899	26.952	147.100
15/09/1985	0.000	9.837	20.091	26.774	115.000
16/09/1985	4.335	10.211	21.216	28.038	90.200
17/09/1985	1.964	10.178	21.163	27.957	67.300
18/09/1985	7.684	9.612	20.130	26.543	99.000
19/09/1985	14.980	10.227	21.678	28.413	89.500
20/09/1985	12.869	9.143	21.490	27.202	72.600
21/09/1985	4.625	8.339	21.067	26.048	60.200
22/09/1985	21.692	8.842	20.322	26.000	89.700
23/09/1985	11.435	10.423	19.923	27.317	92.300
24/09/1985	14.656	8.950	20.976	26.591	114.600
25/09/1985	11.818	8.819	20.577	26.163	81.200
26/09/1985	13.152	8.088	20.861	25.697	136.800
27/09/1985	8.822	8.231	20.519	25.524	140.600
28/09/1985	10.410	7.020	20.755	24.577	141.400
29/09/1985	0.000	10.464	19.207	26.875	110.800
30/09/1985	1.452	11.817	20.293	29.154	63.700
01/10/1985	13.643	7.951	20.745	25.505	135.300
02/10/1985	12.527	8.055	20.010	25.005	113.500
03/10/1985	19.160	7.704	20.130	24.788	220.800
04/10/1985	6.717	7.215	20.861	24.918	96.000
05/10/1985	8.047	8.271	20.216	25.462	71.200
06/10/1985	12.021	8.239	20.332	25.486	137.800
07/10/1985	20.511	10.563	19.712	27.466	151.900
08/10/1985	8.324	8.586	21.034	26.413	127.200
09/10/1985	14.403	7.290	20.731	24.942	166.600
10/10/1985	7.283	8.427	19.125	24.779	111.000
11/10/1985	3.574	11.358	18.601	27.615	133.400
12/10/1985	10.477	9.680	20.341	27.096	107.100
13/10/1985	0.000	9.018	21.226	27.106	70.300
14/10/1985	5.667	8.689	21.173	26.750	49.000
15/10/1985	13.531	9.621	19.837	26.688	70.500
16/10/1985	3.302	8.593	20.755	26.346	61.000
17/10/1985	9.675	9.187	20.990	27.144	69.000
18/10/1985	2.308	9.465	20.308	26.952	134.200
19/10/1985	9.125	9.072	20.173	26.413	126.100
20/10/1985	24.409	8.507	19.688	25.442	207.800
21/10/1985	0.466	10.049	19.644	27.120	119.900
22/10/1985	3.797	9.895	19.524	26.909	208.300
23/10/1985	12.005	9.802	19.639	26.918	254.300
24/10/1985	34.670	5.814	20.010	23.062	268.000
25/10/1985	10.903	9.769	18.558	26.087	241.900
26/10/1985	3.204	10.680	19.548	27.885	278.500
27/10/1985	0.000	10.561	18.803	27.221	193.400
28/10/1985	12.922	9.258	20.005	26.639	322.800
29/10/1985	19.173	8.094	19.981	25.428	247.200
30/10/1985	22.497	6.449	20.240	23.938	241.000
31/10/1985	34.895	9.313	19.298	26.240	236.100
01/11/1985	0.000	9.630	18.558	26.072	136.800
02/11/1985	7.445	10.156	19.808	27.635	141.200
03/11/1985	0.000	10.328	19.385	27.538	107.200
04/11/1985	0.000	9.601	19.587	26.904	71.600
05/11/1985	0.000	8.034	19.808	25.337	61.000
06/11/1985	7.250	7.254	20.120	24.808	151.000
07/11/1985	0.000	7.371	21.019	25.702	119.900
08/11/1985	3.842	9.232	19.538	26.510	96.400
09/11/1985	0.000	9.833	20.803	28.188	84.500
10/11/1985	24.200	9.269	21.091	27.793	97.900
11/11/1985	0.584	9.541	20.178	27.409	74.500
12/11/1985	16.317	6.290	21.120	24.731	64.700
13/11/1985	0.298	7.158	19.971	24.644	97.100
14/11/1985	41.106	6.497	19.827	23.837	178.700
15/11/1985	0.000	8.791	19.188	25.870	161.000
16/11/1985	0.000	8.752	19.130	25.812	129.700
17/11/1985	1.200	8.962	19.457	26.317	89.600
18/11/1985	4.362	8.512	19.668	26.000	60.700
19/11/1985	9.241	8.130	19.803	25.688	55.700
20/11/1985	30.821	8.640	20.649	26.923	147.500
21/11/1985	40.596	8.627	20.365	26.697	292.700
22/11/1985	0.000	8.960	20.476	27.159	159.100
23/11/1985	18.926	8.195	19.861	25.827	203.100
24/11/1985	3.623	8.494	19.832	26.168	224.100
25/11/1985	0.000	9.276	19.707	27.014	143.500
26/11/1985	0.000	10.333	18.514	27.457	107.600
27/11/1985	0.000	9.193	19.433	26.731	72.400
28/11/1985	2.275	8.620	20.812	27.135	58.100
29/11/1985	7.181	8.825	20.808	27.380	87.500
30/11/1985	15.638	7.106	21.144	25.740	54.100
01/12/1985	19.283	8.492	19.817	26.274	75.000
02/12/1985	45.008	7.973	21.048	26.654	195.200
03/12/1985	0.000	10.854	19.481	28.889	72.700
04/12/1985	2.404	6.287	21.077	24.865	74.500
05/12/1985	16.019	8.705	20.558	27.139	206.800
06/12/1985	2.776	9.586	20.010	27.750	204.000
07/12/1985	6.242	7.610	19.990	25.457	218.700
08/12/1985	8.585	8.657	20.668	27.183	127.600
09/12/1985	6.726	8.149	20.736	26.649	173.200
10/12/1985	0.000	8.499	21.154	27.385	152.600
11/12/1985	0.000	8.888	21.793	28.332	119.900
12/12/1985	0.000	7.619	21.438	26.635	77.300
13/12/1985	0.000	7.715	20.865	26.303	64.500
14/12/1985	0.000	8.717	19.692	26.538	50.500
15/12/1985	0.000	9.097	19.543	26.889	45.400
16/12/1985	0.000	9.214	18.442	26.216	39.300
17/12/1985	0.000	10.786	18.957	28.543	35.500
18/12/1985	0.000	10.042	19.899	28.293	31.900
19/12/1985	0.000	8.508	20.846	27.236	30.100
20/12/1985	0.000	11.249	18.409	28.764	28.100
21/12/1985	0.000	9.806	18.197	26.788	25.800
22/12/1985	0.000	10.499	19.885	28.861	24.900
23/12/1985	0.000	10.726	20.005	29.216	24.700
24/12/1985	0.000	9.990	19.885	28.212	23.200
25/12/1985	0.000	7.739	20.875	26.337	26.800
26/12/1985	0.000	9.390	19.875	27.471	22.500
27/12/1985	0.000	9.743	21.159	28.856	22.200
28/12/1985	0.000	9.159	18.654	26.250	19.700
29/12/1985	0.000	8.703	19.125	26.053	19.100
30/12/1985	0.000	9.354	18.038	26.014	17.400
31/12/1985	0.000	9.816	18.606	27.019	21.400
01/01/1986	0.000	9.959	19.452	27.779	10.800
02/01/1986	0.000	8.936	20.178	27.082	8.900
03/01/1986	2.616	11.118	19.721	29.389	8.500
04/01/1986	4.428	9.723	18.846	27.043	8.400
05/01/1986	4.858	7.238	21.308	26.034	19.400
06/01/1986	0.000	10.450	18.649	27.764	30.200
07/01/1986	0.000	9.993	19.447	27.769	12.000
08/01/1986	0.000	8.832	20.990	27.514	9.500
09/01/1986	0.000	10.033	20.192	28.308	8.800
10/01/1986	0.000	9.749	20.077	27.865	7.900
11/01/1986	0.000	11.037	19.139	28.745	7.600
12/01/1986	0.431	8.383	21.337	27.264	7.500
13/01/1986	0.000	10.307	20.130	28.534	8.600
14/01/1986	3.617	8.998	20.913	27.567	9.700
15/01/1986	12.532	10.434	19.827	28.442	40.200
16/01/1986	0.000	8.573	20.808	26.962	35.200
17/01/1986	0.000	10.133	19.529	27.788	19.900
18/01/1986	0.000	10.494	18.885	27.745	38.100
19/01/1986	0.000	10.258	20.462	28.587	12.400
20/01/1986	0.000	9.746	19.923	27.582	8.300
21/01/1986	0.000	7.754	22.346	27.236	7.900
22/01/1986	0.000	9.202	20.909	27.635	7.600
23/01/1986	2.126	10.489	18.976	27.683	26.600
24/01/1986	26.301	7.863	20.111	25.514	64.900
25/01/1986	0.000	8.471	20.130	26.163	31.000
26/01/1986	1.301	8.900	19.183	25.904	29.400
27/01/1986	40.934	7.182	20.120	24.731	132.400
28/01/1986	0.000	7.970	19.250	24.865	85.200
29/01/1986	0.000	10.533	18.601	27.332	31.000
30/01/1986	0.000	10.554	19.183	27.736	21.200
31/01/1986	22.004	9.248	18.803	25.909	15.500
01/02/1986	0.000	9.857	19.495	27.120	77.000
02/02/1986	0.000	10.997	19.327	28.269	29.200
03/02/1986	0.000	11.139	19.034	28.207	30.000
04/02/1986	0.000	10.578	18.731	27.317	17.600
05/02/1986	0.000	11.007	18.995	27.981	11.200
06/02/1986	0.000	10.704	19.466	27.938	8.500
07/02/1986	0.000	12.585	18.077	29.154	8.200
08/02/1986	0.000	12.651	17.740	28.938	8.000
09/02/1986	0.000	9.825	20.981	27.995	7.500
10/02/1986	0.000	10.769	20.216	28.452	30.000
11/02/1986	0.000	10.590	19.827	27.933	38.900
12/02/1986	0.000	11.924	18.889	28.779	28.500
13/02/1986	43.111	9.009	20.139	26.380	52.900
14/02/1986	0.000	9.583	19.577	26.562	52.600
15/02/1986	0.000	9.240	20.293	26.702	19.100
16/02/1986	0.120	8.151	20.476	25.673	14.200
17/02/1986	1.601	8.562	20.053	25.779	27.100
18/02/1986	9.530	8.742	19.832	25.774	43.400
19/02/1986	11.874	10.790	19.380	27.635	53.900
20/02/1986	0.333	11.357	18.688	27.750	52.400
21/02/1986	0.000	11.293	19.120	27.957	80.300
22/02/1986	0.000	10.988	20.091	28.303	36.200
23/02/1986	0.000	11.009	19.567	27.947	30.200
24/02/1986	46.202	9.807	20.567	27.341	30.300
25/02/1986	9.902	9.305	20.082	26.413	80.800
26/02/1986	9.367	10.447	19.721	27.332	129.000
27/02/1986	0.000	7.632	19.144	23.923	147.600
28/02/1986	0.000	9.661	19.029	25.962	52.700
01/03/1986	4.864	7.861	20.207	24.966	32.200
02/03/1986	0.000	6.778	19.875	23.620	163.400
03/03/1986	0.000	7.559	20.111	24.562	171.200
04/03/1986	0.000	10.790	19.851	27.707	63.500
05/03/1986	1.041	10.830	19.827	27.707	40.300
06/03/1986	0.000	11.740	19.601	28.538	38.400
07/03/1986	1.402	9.834	20.101	26.832	24.400
08/03/1986	0.000	10.639	19.760	27.409	20.700
09/03/1986	0.000	11.599	19.159	27.990	20.400
10/03/1986	4.114	10.875	19.524	27.457	14.800
11/03/1986	6.144	9.947	19.726	26.625	21.800
12/03/1986	11.068	9.124	20.255	26.149	52.300
13/03/1986	0.000	8.609	20.865	26.101	20.400
14/03/1986	8.726	11.425	20.216	28.514	18.900
15/03/1986	0.000	13.883	18.264	29.808	33.600
16/03/1986	0.000	12.497	19.264	28.962	18.300
17/03/1986	0.000	10.328	19.885	27.087	12.900
18/03/1986	3.864	11.754	19.938	28.620	15.800
19/03/1986	0.000	9.850	21.625	27.933	10.000
20/03/1986	8.174	10.723	20.332	27.827	10.700
21/03/1986	4.835	11.018	20.750	28.404	24.700
22/03/1986	10.022	10.715	20.365	27.812	28.600
23/03/1986	5.141	10.260	19.784	26.865	63.000
24/03/1986	0.000	10.485	20.495	27.649	49.500
25/03/1986	0.000	10.047	20.587	27.269	17.600
26/03/1986	0.000	11.937	20.731	29.322	21.000
27/03/1986	0.409	9.489	21.188	27.144	20.100
28/03/1986	0.000	10.062	21.053	27.615	11.000
29/03/1986	31.496	9.830	21.385	27.630	17.900
30/03/1986	12.623	10.948	21.284	28.668	41.400
31/03/1986	27.439	8.938	21.312	26.731	25.000
01/04/1986	9.521	9.017	21.327	26.764	58.300
02/04/1986	14.792	8.239	20.837	25.630	51.000
03/04/1986	2.955	10.821	21.005	28.346	81.700
04/04/1986	5.692	8.311	21.159	25.976	64.100
05/04/1986	12.462	8.092	21.519	26.062	53.700
06/04/1986	0.870	10.318	20.957	27.788	75.000
07/04/1986	14.808	7.989	20.106	24.784	104.600
08/04/1986	7.298	8.484	20.111	25.308	208.100
09/04/1986	2.459	9.119	20.082	25.889	148.600
10/04/1986	10.755	9.116	20.798	26.447	64.800
11/04/1986	1.276	10.374	21.101	27.966	71.000
12/04/1986	11.894	9.822	21.678	27.875	95.300
13/04/1986	12.076	8.833	21.803	26.990	71.700
14/04/1986	11.945	10.177	21.380	27.981	197.000
15/04/1986	11.549	8.834	20.976	26.380	202.000
16/04/1986	0.801	12.319	20.269	29.413	111.800
17/04/1986	31.573	6.757	20.851	24.322	147.600
18/04/1986	9.525	9.781	21.625	27.788	217.500
19/04/1986	40.836	7.739	20.909	25.255	326.800
20/04/1986	6.573	8.243	20.630	25.514	232.900
21/04/1986	13.387	9.732	20.567	26.947	282.900
22/04/1986	12.829	9.607	19.909	26.317	183.300
23/04/1986	34.138	9.636	20.755	27.053	324.100
24/04/1986	8.389	7.940	21.841	26.240	230.700
25/04/1986	10.493	10.056	20.913	27.577	136.500
26/04/1986	22.307	8.527	20.688	25.904	207.300
27/04/1986	0.000	9.946	20.630	27.264	110.900
28/04/1986	17.829	7.761	21.139	25.505	145.400
29/04/1986	3.425	10.220	21.418	28.168	105.900
30/04/1986	23.739	8.722	20.904	26.260	87.900
01/05/1986	9.510	10.916	20.351	28.106	95.800
02/05/1986	2.421	10.541	21.038	28.255	77.700
03/05/1986	4.667	7.955	21.904	26.389	52.900
04/05/1986	12.918	9.058	20.370	26.226	152.500
05/05/1986	6.055	9.985	19.558	26.562	139.900
06/05/1986	6.083	8.522	19.889	25.327	67.500
07/05/1986	3.659	9.984	20.135	27.014	84.200
08/05/1986	13.779	9.227	20.649	26.639	67.900
09/05/1986	0.793	10.079	20.457	27.389	45.900
10/05/1986	21.435	7.488	21.601	25.731	158.000
11/05/1986	4.362	10.623	20.885	28.337	116.000
12/05/1986	39.922	6.771	20.452	24.101	162.600
13/05/1986	0.000	9.549	20.082	26.596	137.500
14/05/1986	1.317	10.177	20.779	27.827	75.800
15/05/1986	12.373	9.419	20.361	26.707	134.900
16/05/1986	2.299	10.510	21.337	28.601	87.600
17/05/1986	0.419	9.604	20.596	27.091	58.800
18/05/1986	8.054	10.140	20.553	27.625	37.500
19/05/1986	6.277	9.921	21.846	28.418	75.200
20/05/1986	11.671	9.615	21.654	27.947	47.200
21/05/1986	29.188	7.797	21.466	26.005	98.700
22/05/1986	20.009	9.534	19.591	26.303	93.000
23/05/1986	30.510	8.205	20.337	25.519	103.500
24/05/1986	0.269	8.346	21.202	26.327	119.100
25/05/1986	6.450	8.107	21.130	26.062	79.100
26/05/1986	22.448	6.893	20.442	24.308	170.400
27/05/1986	23.652	7.060	20.139	24.216	145.900
28/05/1986	23.202	7.750	20.562	25.245	399.500
29/05/1986	14.374	8.191	19.702	25.014	275.600
30/05/1986	1.756	11.436	18.418	27.654	144.400
31/05/1986	5.133	10.511	18.793	26.870	112.900
01/06/1986	28.466	7.697	20.683	25.332	138.500
02/06/1986	2.897	8.479	19.750	25.375	84.200
03/06/1986	11.260	9.765	19.611	26.668	159.400
04/06/1986	6.193	10.210	19.692	27.207	218.700
05/06/1986	14.254	7.982	20.077	25.154	204.300
06/06/1986	10.387	7.879	20.702	25.553	132.000
07/06/1986	7.002	8.481	19.337	25.101	133.400
08/06/1986	0.000	8.507	20.288	25.880	95.500
09/06/1986	22.698	10.183	20.428	27.798	75.200
10/06/1986	3.228	10.079	20.274	27.582	67.500
11/06/1986	6.393	9.510	20.375	27.038	84.000
12/06/1986	16.665	9.889	20.625	27.639	142.700
13/06/1986	1.547	9.453	21.043	27.481	102.900
14/06/1986	22.615	7.796	21.413	26.101	78.000
15/06/1986	4.460	8.794	20.072	26.043	64.100
16/06/1986	1.277	8.918	21.274	27.111	44.400
17/06/1986	3.924	10.954	19.577	28.038	34.800
18/06/1986	14.361	8.822	21.236	27.019	51.100
19/06/1986	6.000	10.517	20.322	28.130	46.200
20/06/1986	3.096	9.641	20.519	27.317	33.400
21/06/1986	11.832	9.980	19.942	27.264	33.500
22/06/1986	5.341	9.152	20.966	27.168	34.100
23/06/1986	17.192	6.339	21.389	24.707	56.100
24/06/1986	15.803	8.662	21.043	26.688	72.500
25/06/1986	0.594	9.648	19.356	26.452	55.700
26/06/1986	8.799	10.156	20.163	27.606	37.300
27/06/1986	2.345	8.902	21.144	27.024	30.200
28/06/1986	0.579	9.432	20.678	27.202	33.100
29/06/1986	12.670	8.151	20.423	25.673	32.700
30/06/1986	0.000	7.296	20.976	25.255	33.400
01/07/1986	0.000	9.011	21.298	27.260	50.300
02/07/1986	0.000	10.488	19.904	27.784	35.500
03/07/1986	0.473	10.176	20.606	27.957	53.900
04/07/1986	5.420	8.938	21.769	27.510	45.300
05/07/1986	5.678	9.761	21.591	28.245	32.700
06/07/1986	11.328	9.976	20.115	27.327	22.000
07/07/1986	6.408	9.615	20.240	27.034	19.700
08/07/1986	8.314	9.816	20.740	27.615	19.400
09/07/1986	1.098	11.294	20.101	28.793	18.600
10/07/1986	4.205	10.733	20.519	28.476	15.400
11/07/1986	4.576	11.104	20.486	28.832	34.300
12/07/1986	0.592	9.644	21.269	27.851	34.700
13/07/1986	0.461	10.358	21.298	28.620	26.400
14/07/1986	7.635	9.917	21.115	27.990	16.600
15/07/1986	4.026	11.950	20.409	29.663	13.700
16/07/1986	7.245	8.996	20.760	26.731	12.800
17/07/1986	9.648	8.911	20.817	26.673	27.000
18/07/1986	14.676	8.994	21.125	26.981	65.600
19/07/1986	0.000	11.383	20.058	28.745	49.500
20/07/1986	0.000	11.164	20.971	29.159	21.700
21/07/1986	2.635	8.608	21.481	26.889	15.000
22/07/1986	23.066	9.213	20.591	26.793	49.500
23/07/1986	1.349	10.565	20.308	27.995	34.400
24/07/1986	0.000	10.474	20.385	27.947	16.400
25/07/1986	0.000	10.912	21.091	28.942	12.400
26/07/1986	0.862	9.831	20.673	27.452	10.800
27/07/1986	0.967	9.960	20.793	27.668	8.800
28/07/1986	0.000	11.856	20.962	29.841	8.500
29/07/1986	0.000	12.115	21.183	30.269	8.200
30/07/1986	8.065	10.930	21.202	28.995	7.800
31/07/1986	2.820	10.278	21.812	28.755	7.400
01/08/1986	2.221	11.263	20.721	28.962	7.200
02/08/1986	3.438	10.907	20.529	28.413	10.100
03/08/1986	10.131	11.288	20.106	28.524	8.400
04/08/1986	17.322	9.651	21.183	27.606	12.500
05/08/1986	2.595	10.782	21.226	28.798	13.200
06/08/1986	5.486	11.344	20.317	28.721	17.200
07/08/1986	4.649	10.983	20.197	28.202	10.100
08/08/1986	4.709	11.575	20.938	29.399	8.000
09/08/1986	0.000	11.505	20.351	28.861	7.500
10/08/1986	0.000	11.484	20.928	29.269	7.000
11/08/1986	11.152	9.726	21.442	27.808	6.700
12/08/1986	15.420	8.687	21.514	26.827	7.300
13/08/1986	16.616	7.343	21.288	25.337	68.800
14/08/1986	6.415	8.719	21.683	26.957	48.300
15/08/1986	1.345	8.995	21.197	26.837	19.200
16/08/1986	7.911	9.007	22.019	27.505	11.800
17/08/1986	2.391	10.182	20.332	27.380	13.800
18/08/1986	20.350	8.317	21.024	26.029	88.700
19/08/1986	0.000	10.164	19.048	26.385	46.200
20/08/1986	29.568	8.884	21.442	26.909	26.400
21/08/1986	9.053	7.926	20.163	24.928	94.600
22/08/1986	16.723	10.775	20.490	28.067	124.100
23/08/1986	2.634	9.807	20.438	27.000	59.600
24/08/1986	13.190	9.077	20.904	26.649	47.100
25/08/1986	7.901	8.739	20.769	26.202	51.500
26/08/1986	8.736	8.487	21.202	26.327	57.100
27/08/1986	0.000	10.951	20.168	27.990	34.500
28/08/1986	14.419	9.550	21.053	27.221	30.400
29/08/1986	7.147	8.997	21.207	26.808	37.900
30/08/1986	44.676	9.218	20.053	26.072	96.600
31/08/1986	5.937	9.835	20.471	27.024	110.900
01/09/1986	13.261	8.246	20.274	25.264	75.400
02/09/1986	2.519	9.748	18.750	25.611	133.600
03/09/1986	20.242	9.358	19.548	25.817	155.700
04/09/1986	7.647	8.331	20.659	25.649	107.200
05/09/1986	15.634	10.582	19.841	27.337	169.900
06/09/1986	3.072	11.489	20.615	28.899	83.600
07/09/1986	4.849	11.564	20.760	29.072	46.300
08/09/1986	9.604	12.199	19.683	28.957	43.500
09/09/1986	0.000	12.760	19.428	29.399	29.700
10/09/1986	0.000	10.773	20.375	27.952	20.800
11/09/1986	1.730	10.092	21.606	28.207	16.200
12/09/1986	12.812	8.482	21.649	26.601	27.100
13/09/1986	21.265	8.296	21.221	26.130	137.400
14/09/1986	6.901	7.704	22.221	26.428	126.900
15/09/1986	0.000	10.702	20.971	28.361	57.600
16/09/1986	0.000	10.147	20.784	27.620	32.800
17/09/1986	0.950	10.252	21.279	28.115	21.300
18/09/1986	18.557	8.720	22.394	27.495	54.500
19/09/1986	20.739	10.737	20.538	28.067	81.900
20/09/1986	10.127	10.444	21.019	28.173	72.200
21/09/1986	21.673	11.075	20.216	28.216	199.300
22/09/1986	0.872	8.775	21.067	26.490	108.500
23/09/1986	13.163	7.645	20.976	25.375	106.000
24/09/1986	27.897	8.509	21.399	26.495	180.200
25/09/1986	13.847	7.446	20.846	25.111	152.200
26/09/1986	7.999	7.785	20.793	25.399	92.800
27/09/1986	28.360	8.196	21.149	26.048	116.300
28/09/1986	7.563	6.928	21.293	24.986	126.300
29/09/1986	4.966	9.544	20.067	26.553	276.500
30/09/1986	4.560	9.796	20.394	27.096	163.400
01/10/1986	18.778	8.278	21.822	26.673	81.500
02/10/1986	14.737	7.218	20.726	24.769	95.700
03/10/1986	12.468	8.394	20.087	25.438	87.200
04/10/1986	9.489	8.232	20.250	25.409	64.600
05/10/1986	20.201	7.600	20.812	25.221	60.600
06/10/1986	8.724	9.930	19.635	26.712	58.100
07/10/1986	36.421	7.247	20.899	24.990	206.000
08/10/1986	1.004	9.055	21.168	27.005	141.700
09/10/1986	5.897	8.531	20.197	25.731	66.600
10/10/1986	25.085	7.246	21.159	25.250	80.000
11/10/1986	44.296	7.158	20.462	24.601	254.500
12/10/1986	0.000	8.401	20.490	25.846	168.600
13/10/1986	7.580	8.858	19.889	25.865	160.200
14/10/1986	15.329	6.813	20.058	23.957	131.500
15/10/1986	11.804	7.809	19.524	24.514	160.800
16/10/1986	13.703	8.463	20.284	25.798	341.100
17/10/1986	0.885	10.024	18.957	26.500	247.200
18/10/1986	13.424	7.336	20.567	24.928	254.300
19/10/1986	13.961	8.545	20.486	26.111	228.000
20/10/1986	15.866	6.455	20.889	24.380	143.800
21/10/1986	7.450	7.630	20.697	25.394	121.300
22/10/1986	15.678	9.141	20.774	27.000	181.500
23/10/1986	5.738	9.310	20.053	26.683	119.000
24/10/1986	8.635	9.540	20.981	27.635	82.400
25/10/1986	35.481	8.313	20.111	25.663	91.000
26/10/1986	10.199	4.697	20.558	22.611	238.600
27/10/1986	10.836	8.936	19.481	25.865	185.600
28/10/1986	11.172	8.352	19.087	24.962	185.700
29/10/1986	15.072	7.117	19.933	24.337	141.800
30/10/1986	2.554	8.998	19.736	26.202	93.000
31/10/1986	11.217	8.499	20.322	26.183	150.900
01/11/1986	8.756	8.201	21.082	26.452	123.300
02/11/1986	1.790	8.386	21.731	27.173	119.500
03/11/1986	38.834	7.808	20.856	25.899	111.900
04/11/1986	7.636	7.827	20.192	25.418	109.500
05/11/1986	0.000	9.804	19.875	27.370	73.500
06/11/1986	6.168	9.056	20.462	27.000	67.500
07/11/1986	12.277	9.320	20.091	27.043	108.100
08/11/1986	19.120	8.359	21.577	27.139	102.300
09/11/1986	13.782	8.452	20.918	26.731	123.500
10/11/1986	10.365	9.084	20.615	27.207	266.400
11/11/1986	0.000	8.752	22.111	28.048	129.200
12/11/1986	7.562	8.439	20.663	26.596	70.800
13/11/1986	19.335	7.892	21.317	26.524	94.700
14/11/1986	7.095	8.371	21.370	27.067	73.400
15/11/1986	0.000	9.364	20.361	27.447	54.900
16/11/1986	0.000	8.940	20.750	27.274	43.700
17/11/1986	4.539	9.262	21.226	28.024	44.000
18/11/1986	28.867	9.622	20.356	27.798	57.200
19/11/1986	24.292	8.169	20.755	26.486	73.300
20/11/1986	18.789	9.336	20.226	27.385	79.000
21/11/1986	17.382	9.133	19.803	26.865	74.100
22/11/1986	8.886	7.479	21.308	26.212	143.900
23/11/1986	0.741	7.481	20.144	25.288	109.500
24/11/1986	1.456	7.594	20.409	25.644	122.400
25/11/1986	12.452	8.209	21.192	26.933	144.000
26/11/1986	0.000	8.481	21.231	27.284	90.900
27/11/1986	9.991	7.982	20.625	26.250	271.800
28/11/1986	0.000	8.755	19.663	26.438	238.900
29/11/1986	0.000	8.565	19.832	26.337	111.900
30/11/1986	0.000	9.759	18.856	27.024	78.600
01/12/1986	0.000	9.495	18.091	26.192	61.500
02/12/1986	0.000	9.812	19.048	27.279	48.700
03/12/1986	0.000	9.825	19.736	27.808	52.100
04/12/1986	0.000	8.301	20.692	26.769	34.300
05/12/1986	1.629	8.776	21.149	27.659	29.700
06/12/1986	5.695	7.980	21.596	27.178	32.400
07/12/1986	2.509	7.273	21.038	25.918	26.700
08/12/1986	14.086	6.929	21.572	26.000	37.000
09/12/1986	0.895	7.873	21.495	26.952	57.000
10/12/1986	6.841	7.314	22.351	27.082	53.900
11/12/1986	0.000	8.225	21.255	27.207	41.500
12/12/1986	9.728	9.254	20.928	28.120	48.600
13/12/1986	15.428	8.442	20.067	26.486	47.500
14/12/1986	0.000	9.259	19.120	26.755	39.500
15/12/1986	8.666	9.039	19.601	26.851	50.900
16/12/1986	0.000	8.260	21.490	27.413	61.300
17/12/1986	0.000	10.251	18.654	27.649	28.700
18/12/1986	0.000	8.794	20.649	27.351	23.300
19/12/1986	0.000	9.522	20.428	28.048	16.900
20/12/1986	0.000	9.097	21.990	28.760	14.400
21/12/1986	0.000	8.853	21.596	28.188	13.400
22/12/1986	0.000	7.800	23.038	28.159	21.000
23/12/1986	7.538	8.850	20.452	27.269	13.300
24/12/1986	6.630	7.763	21.471	26.827	19.100
25/12/1986	10.382	8.070	20.726	26.572	58.400
26/12/1986	0.000	7.825	22.966	28.106	38.300
27/12/1986	0.000	8.305	21.288	27.288	17.200
28/12/1986	0.000	9.217	19.971	27.337	20.600
29/12/1986	0.000	8.055	21.433	27.091	11.700
30/12/1986	0.000	8.188	21.721	27.471	12.800
31/12/1986	24.287	8.799	21.144	27.692	10.200
01/01/1987	15.023	7.804	21.207	26.620	30.800
02/01/1987	0.000	8.538	20.529	26.909	33.400
03/01/1987	0.000	9.584	21.024	28.486	26.500
04/01/1987	0.000	9.237	20.928	27.981	20.600
05/01/1987	4.713	9.074	19.399	26.644	19.500
06/01/1987	0.000	8.275	20.548	26.601	52.000
07/01/1987	0.000	6.437	20.856	24.793	36.800
08/01/1987	0.000	5.644	20.769	23.942	45.300
09/01/1987	0.000	6.870	21.288	25.591	38.700
10/01/1987	0.000	10.101	19.673	28.010	26.100
11/01/1987	0.000	7.883	20.413	26.010	22.000
12/01/1987	2.159	11.424	18.058	28.457	19.700
13/01/1987	0.000	9.982	21.553	29.207	18.000
14/01/1987	0.000	10.053	20.130	28.226	21.200
15/01/1987	0.000	10.878	20.255	29.269	31.000
16/01/1987	4.968	9.335	20.452	27.577	18.800
17/01/1987	0.000	10.350	20.894	29.062	15.800
18/01/1987	0.000	12.790	20.558	31.716	15.100
19/01/1987	0.000	9.440	20.798	27.918	15.400
20/01/1987	0.000	8.820	21.019	27.370	16.400
21/01/1987	0.000	7.592	20.389	25.490	15.300
22/01/1987	0.000	8.026	21.375	26.736	14.700
23/01/1987	41.620	8.918	21.087	27.452	33.000
24/01/1987	0.000	8.712	20.519	26.755	74.900
25/01/1987	0.000	9.009	20.389	26.976	46.500
26/01/1987	0.000	8.483	21.260	27.072	25.800
27/01/1987	0.000	8.150	21.255	26.678	21.100
28/01/1987	5.022	8.321	21.639	27.163	23.700
29/01/1987	0.000	8.228	22.332	27.601	30.800
30/01/1987	0.000	10.757	20.260	28.764	22.500
31/01/1987	0.000	8.074	22.361	27.428	17.700
01/02/1987	0.000	9.218	20.971	27.510	15.500
02/02/1987	0.000	11.693	20.159	29.707	14.800
03/02/1987	1.610	9.740	21.856	28.736	16.000
04/02/1987	0.212	9.996	20.803	28.192	14.000
05/02/1987	0.000	10.215	20.981	28.548	15.100
06/02/1987	1.107	9.948	20.356	27.740	13.200
07/02/1987	0.000	10.074	20.846	28.236	12.200
08/02/1987	34.453	7.674	20.606	25.442	42.000
09/02/1987	0.000	8.117	20.678	25.923	51.200
10/02/1987	0.421	8.824	20.817	26.774	24.400
11/02/1987	2.134	8.468	20.904	26.442	42.600
12/02/1987	21.372	9.051	21.322	27.351	54.800
13/02/1987	13.728	10.133	20.240	27.707	49.600
14/02/1987	2.344	8.102	20.000	25.284	85.600
15/02/1987	5.233	10.784	18.567	27.125	75.100
16/02/1987	1.909	10.799	19.952	28.125	53.800
17/02/1987	18.228	10.554	20.486	28.226	52.100
18/02/1987	8.013	9.069	21.793	27.635	62.800
19/02/1987	13.848	7.938	22.562	27.139	52.300
20/02/1987	0.000	11.172	19.865	28.394	40.200
21/02/1987	2.748	12.296	19.500	29.370	27.800
22/02/1987	0.000	11.744	20.490	29.452	22.200
23/02/1987	0.000	11.302	21.394	29.596	19.900
24/02/1987	2.350	11.967	20.707	29.798	18.100
25/02/1987	0.000	11.234	21.471	29.534	16.500
26/02/1987	0.000	12.389	21.519	30.774	15.300
27/02/1987	1.321	10.481	22.688	29.620	16.300
28/02/1987	8.277	12.374	21.356	30.611	25.100
01/03/1987	0.000	12.142	21.947	30.755	28.000
02/03/1987	18.824	11.245	21.856	29.712	18.300
03/03/1987	1.896	11.876	21.433	30.062	16.000
04/03/1987	3.315	9.989	21.755	28.298	20.200
05/03/1987	24.274	9.645	21.582	27.812	85.400
06/03/1987	11.178	8.817	20.841	26.356	74.400
07/03/1987	0.614	9.496	21.322	27.418	41.900
08/03/1987	6.469	10.396	20.087	27.375	41.900
09/03/1987	3.513	8.489	19.899	25.250	51.200
10/03/1987	0.000	10.315	19.091	26.514	34.000
11/03/1987	0.000	10.402	18.913	26.457	26.200
12/03/1987	0.000	10.459	19.688	27.101	20.300
13/03/1987	0.000	9.224	20.500	26.433	22.300
14/03/1987	25.946	8.091	19.990	24.880	133.600
15/03/1987	0.000	8.979	20.000	25.779	85.700
16/03/1987	2.913	8.467	19.264	24.659	38.800
17/03/1987	2.582	10.175	20.837	27.620	58.300
18/03/1987	11.685	9.733	21.322	27.553	51.900
19/03/1987	8.611	11.319	20.625	28.635	52.800
20/03/1987	14.367	12.338	19.822	29.130	46.500
21/03/1987	5.335	8.712	22.269	27.293	32.800
22/03/1987	9.505	9.879	21.971	28.173	23.800
23/03/1987	6.698	10.160	21.601	28.154	27.700
24/03/1987	19.084	10.310	20.457	27.413	100.800
25/03/1987	1.913	12.287	21.269	30.062	56.400
26/03/1987	23.611	9.776	20.803	27.125	31.200
27/03/1987	13.865	10.933	21.019	28.476	25.900
28/03/1987	13.122	10.782	21.159	28.404	25.400
29/03/1987	3.407	9.423	21.500	27.303	21.500
30/03/1987	1.044	10.290	21.947	28.514	24.700
31/03/1987	23.449	11.284	20.712	28.587	112.800
01/04/1987	6.261	7.771	20.995	25.303	146.900
02/04/1987	8.631	9.266	20.971	26.736	103.800
03/04/1987	16.316	6.696	21.428	24.750	144.700
04/04/1987	14.994	10.451	21.615	28.413	176.200
05/04/1987	15.774	8.912	21.404	26.745	77.200
06/04/1987	5.591	11.080	20.255	28.058	114.800
07/04/1987	3.524	10.985	21.188	28.635	81.400
08/04/1987	16.180	8.046	21.529	26.062	44.700
09/04/1987	2.191	9.077	21.139	26.692	37.900
10/04/1987	4.855	8.108	21.394	25.971	58.000
11/04/1987	0.476	9.795	21.514	27.731	46.700
12/04/1987	0.000	10.334	20.841	27.745	32.100
13/04/1987	0.000	12.454	20.740	29.885	31.100
14/04/1987	0.000	9.662	21.918	27.894	24.200
15/04/1987	0.000	10.520	20.529	27.688	21.300
16/04/1987	0.000	10.332	21.817	28.490	19.600
17/04/1987	0.193	9.486	21.255	27.221	18.100
18/04/1987	35.881	9.451	21.034	27.005	17.400
19/04/1987	0.000	10.139	21.500	28.077	18.500
20/04/1987	11.382	11.569	21.596	29.625	66.800
21/04/1987	23.451	9.136	22.423	27.822	34.100
22/04/1987	4.689	10.240	22.361	28.870	23.800
23/04/1987	3.160	8.836	21.837	27.101	23.100
24/04/1987	21.644	8.266	21.490	26.269	34.600
25/04/1987	19.174	9.134	21.312	26.971	45.300
26/04/1987	14.753	7.706	21.562	25.812	76.600
27/04/1987	10.538	8.957	21.062	26.615	77.800
28/04/1987	3.370	7.248	21.260	25.159	61.500
29/04/1987	19.189	9.575	20.452	26.760	155.700
30/04/1987	11.222	8.903	21.168	26.659	68.300
01/05/1987	13.243	7.840	20.442	25.029	225.800
02/05/1987	0.840	9.496	21.673	27.659	148.300
03/05/1987	9.862	8.976	21.087	26.692	81.800
04/05/1987	4.934	9.237	21.625	27.399	113.900
05/05/1987	8.439	7.840	20.962	25.548	129.600
06/05/1987	0.000	8.969	19.856	25.740	134.900
07/05/1987	17.546	8.844	21.043	26.577	214.900
08/05/1987	0.000	9.527	21.601	27.702	149.700
09/05/1987	3.684	9.887	20.788	27.438	90.000
10/05/1987	26.306	9.380	20.889	27.024	156.600
11/05/1987	4.555	10.665	20.923	28.413	112.500
12/05/1987	7.808	9.678	21.014	27.466	67.500
13/05/1987	16.165	10.963	21.591	29.245	67.600
14/05/1987	17.965	9.328	20.865	27.000	46.400
15/05/1987	7.322	9.122	21.553	27.356	45.600
16/05/1987	31.914	8.990	20.188	26.173	123.700
17/05/1987	10.003	8.921	20.601	26.394	116.800
18/05/1987	17.843	10.372	20.938	28.159	99.400
19/05/1987	0.000	12.209	20.649	29.957	64.900
20/05/1987	17.694	9.366	22.173	28.091	45.700
21/05/1987	31.790	9.321	20.591	26.832	171.200
22/05/1987	22.915	7.574	21.452	25.779	218.500
23/05/1987	7.079	9.196	20.466	26.615	383.000
24/05/1987	11.625	7.714	20.409	25.101	348.000
25/05/1987	0.000	10.520	20.014	27.731	192.300
26/05/1987	25.769	11.000	20.620	28.736	119.400
27/05/1987	19.009	10.052	20.894	27.913	102.600
28/05/1987	0.000	11.329	20.096	28.688	79.700
29/05/1987	0.000	12.110	19.462	29.139	76.100
30/05/1987	0.000	11.449	20.558	29.188	65.900
31/05/1987	0.373	10.201	20.625	27.894	49.900
01/06/1987	7.937	10.334	20.721	28.101	79.300
02/06/1987	11.785	8.986	22.135	27.812	73.900
03/06/1987	0.000	9.536	21.096	27.567	67.600
04/06/1987	34.698	7.813	21.760	26.365	67.600
05/06/1987	9.451	7.931	21.615	26.370	64.300
06/06/1987	24.012	7.192	21.519	25.591	69.300
07/06/1987	9.405	9.093	21.529	27.462	62.100
08/06/1987	5.180	10.209	21.986	29.034	64.000
09/06/1987	4.495	8.946	21.231	27.091	104.400
10/06/1987	0.000	9.900	21.096	28.010	74.200
11/06/1987	10.144	9.763	21.865	28.481	48.300
12/06/1987	0.380	10.762	22.149	29.726	48.500
13/06/1987	8.916	10.193	21.462	28.611	52.600
14/06/1987	11.274	8.249	21.207	26.399	60.200
15/06/1987	11.754	9.667	20.779	27.534	82.200
16/06/1987	14.403	10.220	21.260	28.500	54.600
17/06/1987	1.850	9.852	22.351	28.957	36.000
18/06/1987	0.972	8.909	20.990	26.938	34.300
19/06/1987	15.740	10.734	21.125	28.971	55.100
20/06/1987	0.000	9.021	21.577	27.495	70.100
21/06/1987	2.801	10.684	20.894	28.721	56.800
22/06/1987	0.000	10.869	20.548	28.673	36.300
23/06/1987	2.570	9.014	21.779	27.663	42.500
24/06/1987	12.563	9.494	21.582	27.995	76.100
25/06/1987	0.669	9.234	21.490	27.620	43.500
26/06/1987	5.180	10.584	20.764	28.519	30.400
27/06/1987	13.100	9.945	21.726	28.567	29.800
28/06/1987	0.000	11.127	21.644	29.779	29.800
29/06/1987	0.000	10.228	20.986	28.308	30.000
30/06/1987	1.677	9.745	21.529	28.192	25.700
01/07/1987	12.086	10.093	22.264	29.130	68.300
02/07/1987	14.556	10.514	21.966	29.356	27.300
03/07/1987	8.193	8.818	22.918	28.370	23.500
04/07/1987	11.938	9.310	22.562	28.553	35.300
05/07/1987	4.423	9.670	21.889	28.389	79.600
06/07/1987	0.000	9.770	21.933	28.514	114.400
07/07/1987	0.000	11.182	21.572	29.740	55.000
08/07/1987	17.653	8.875	21.755	27.433	34.300
09/07/1987	7.976	10.200	22.803	29.611	36.200
10/07/1987	0.000	10.984	22.678	30.341	31.600
11/07/1987	11.460	9.288	22.481	28.447	46.100
12/07/1987	0.000	11.909	21.538	30.486	35.900
13/07/1987	7.780	10.829	22.471	30.000	25.100
14/07/1987	0.868	9.912	23.240	29.635	26.400
15/07/1987	8.814	9.796	23.332	29.577	30.800
16/07/1987	0.168	11.703	22.606	31.000	45.200
17/07/1987	19.644	9.057	23.111	28.639	43.700
18/07/1987	29.162	8.664	21.606	27.048	131.000
19/07/1987	10.076	10.527	21.293	28.731	99.200
20/07/1987	8.036	11.649	22.673	30.957	80.800
21/07/1987	13.036	11.560	21.971	30.332	41.600
22/07/1987	14.716	10.223	21.894	28.846	44.200
23/07/1987	0.541	9.297	22.745	28.591	58.200
24/07/1987	23.694	6.768	22.827	26.308	68.000
25/07/1987	17.861	9.228	21.452	27.457	70.300
26/07/1987	4.900	9.845	22.317	28.745	110.300
27/07/1987	17.634	9.536	21.894	28.096	118.400
28/07/1987	12.349	8.831	21.293	26.923	81.900
29/07/1987	19.890	9.947	21.928	28.538	99.300
30/07/1987	26.131	9.424	21.817	27.923	144.000
31/07/1987	26.022	8.302	22.341	27.221	188.500
01/08/1987	49.367	7.288	20.668	24.837	232.200
02/08/1987	14.563	9.251	20.913	26.981	206.100
03/08/1987	11.559	7.879	19.726	24.625	177.200
04/08/1987	4.151	11.177	20.024	28.322	221.000
05/08/1987	0.000	9.708	20.726	27.274	188.300
06/08/1987	6.587	8.747	20.981	26.481	113.000
07/08/1987	23.596	10.363	21.688	28.673	114.100
08/08/1987	10.115	9.546	22.120	28.178	88.600
09/08/1987	12.044	9.878	20.971	27.635	90.700
10/08/1987	3.973	8.994	21.490	27.101	71.600
11/08/1987	15.989	8.904	21.774	27.240	166.000
12/08/1987	11.334	8.143	21.471	26.255	127.900
13/08/1987	13.973	9.840	20.899	27.481	170.700
14/08/1987	0.000	9.418	22.264	28.173	109.300
15/08/1987	0.000	11.075	21.111	28.918	86.500
16/08/1987	8.455	10.422	21.596	28.591	57.300
17/08/1987	0.572	10.369	22.308	29.062	46.200
18/08/1987	19.137	8.614	22.255	27.293	63.300
19/08/1987	8.827	10.084	22.923	29.250	70.000
20/08/1987	0.556	10.093	21.659	28.303	62.800
21/08/1987	4.794	10.462	22.245	29.082	45.100
22/08/1987	12.647	11.284	20.841	28.885	48.800
23/08/1987	4.720	12.473	21.038	30.279	59.100
24/08/1987	8.309	12.474	21.346	30.505	53.800
25/08/1987	4.009	12.077	21.678	30.308	49.900
26/08/1987	2.570	11.919	22.385	30.649	80.000
27/08/1987	16.543	8.948	22.716	27.981	46.700
28/08/1987	18.863	10.411	21.231	28.216	82.600
29/08/1987	11.757	10.938	21.688	29.101	89.800
30/08/1987	32.035	9.831	22.053	28.303	142.600
31/08/1987	7.905	9.962	22.649	28.885	120.700
01/09/1987	15.636	9.272	22.337	27.981	120.900
02/09/1987	4.402	10.326	20.942	27.894	71.800
03/09/1987	32.360	8.609	21.582	26.707	104.300
04/09/1987	16.331	9.087	21.514	27.125	127.200
05/09/1987	15.506	8.307	21.139	26.043	122.100
06/09/1987	6.632	9.006	21.375	26.918	111.800
07/09/1987	6.123	11.802	20.755	29.312	123.000
08/09/1987	13.431	9.266	22.418	28.005	104.600
09/09/1987	21.276	7.665	22.240	26.370	193.500
10/09/1987	1.987	9.905	21.572	27.957	117.000
11/09/1987	11.288	10.133	21.082	27.808	90.100
12/09/1987	0.000	10.495	22.317	29.139	66.700
13/09/1987	0.450	12.109	22.192	30.697	52.800
14/09/1987	7.104	9.514	21.264	27.327	170.000
15/09/1987	35.700	9.640	21.558	27.692	113.800
16/09/1987	17.609	11.615	22.240	30.260	138.000
17/09/1987	2.211	8.775	22.495	27.663	94.400
18/09/1987	13.609	10.819	21.899	29.192	83.000
19/09/1987	0.000	8.739	22.553	27.615	65.900
20/09/1987	13.521	9.885	22.029	28.365	61.000
21/09/1987	22.273	9.417	21.337	27.346	60.600
22/09/1987	7.375	10.652	19.764	27.404	84.500
23/09/1987	12.554	8.943	21.312	26.870	71.400
24/09/1987	19.552	10.767	20.870	28.389	246.200
25/09/1987	2.680	9.153	21.202	26.986	139.200
26/09/1987	8.210	8.420	20.793	25.962	105.700
27/09/1987	0.000	11.273	19.861	28.212	98.100
28/09/1987	0.000	11.291	21.058	29.139	60.000
29/09/1987	15.241	9.735	20.962	27.438	88.900
30/09/1987	13.530	6.860	21.649	25.216	71.300
01/10/1987	1.344	8.907	19.933	25.793	78.100
02/10/1987	3.650	10.332	20.856	28.000	164.500
03/10/1987	16.165	6.931	20.500	24.332	132.100
04/10/1987	17.113	9.605	21.067	27.433	173.600
05/10/1987	14.767	9.100	20.726	26.673	156.000
06/10/1987	10.559	7.653	21.010	25.514	84.300
07/10/1987	22.778	7.007	21.216	25.077	90.600
08/10/1987	5.697	8.172	20.971	25.981	79.600
09/10/1987	34.873	7.950	20.659	25.495	266.700
10/10/1987	0.000	8.546	20.284	25.798	233.700
11/10/1987	4.669	9.584	21.375	27.769	128.700
12/10/1987	26.777	10.871	20.135	28.221	180.200
13/10/1987	13.988	9.195	21.476	27.514	130.800
14/10/1987	0.000	8.778	21.216	26.856	175.800
15/10/1987	25.013	8.625	21.462	26.904	225.100
16/10/1987	6.839	9.390	21.409	27.663	160.000
17/10/1987	25.534	6.471	21.889	25.212	138.800
18/10/1987	15.957	7.372	21.885	26.067	112.300
19/10/1987	4.338	7.193	20.798	25.014	113.700
20/10/1987	5.335	8.057	21.572	26.505	103.600
21/10/1987	9.359	8.335	20.745	26.120	100.200
22/10/1987	2.728	8.990	21.380	27.317	100.200
23/10/1987	5.208	8.791	21.332	27.111	125.200
24/10/1987	18.231	8.656	20.851	26.601	91.600
25/10/1987	16.576	9.071	20.423	26.716	78.100
26/10/1987	4.795	8.797	21.611	27.370	87.600
27/10/1987	68.741	6.471	21.635	25.120	152.900
28/10/1987	14.958	8.027	21.514	26.582	273.700
29/10/1987	4.278	8.863	20.736	26.822	224.700
30/10/1987	0.928	7.302	20.976	25.389	236.500
31/10/1987	4.877	8.563	20.990	26.736	151.100
01/11/1987	0.000	9.784	21.106	28.163	330.300
02/11/1987	6.545	8.708	20.995	26.909	272.200
03/11/1987	0.000	9.683	21.260	28.207	155.000
04/11/1987	0.000	9.047	20.010	26.577	132.000
05/11/1987	36.596	8.995	21.639	27.822	147.100
06/11/1987	2.521	6.322	22.188	25.606	90.300
07/11/1987	33.036	9.856	20.947	28.303	248.000
08/11/1987	0.977	10.409	18.755	27.322	136.400
09/11/1987	0.000	9.991	20.731	28.303	91.800
10/11/1987	0.000	9.498	21.207	28.120	67.500
11/11/1987	0.000	10.690	21.389	29.663	65.300
12/11/1987	0.000	8.945	22.178	28.332	52.900
13/11/1987	13.171	10.115	20.231	28.178	54.300
14/11/1987	23.533	9.507	21.389	28.361	61.400
15/11/1987	0.573	9.106	21.514	28.038	196.100
16/11/1987	5.918	8.926	21.611	27.923	111.300
17/11/1987	8.552	9.892	21.082	28.630	78.000
18/11/1987	3.715	9.292	21.356	28.192	96.900
19/11/1987	1.998	9.691	21.534	28.769	78.000
20/11/1987	30.810	7.370	21.236	26.000	153.500
21/11/1987	0.000	6.819	20.712	25.000	141.400
22/11/1987	0.000	7.762	20.505	25.875	71.800
23/11/1987	0.000	10.695	18.736	27.971	64.700
24/11/1987	1.250	9.072	21.250	27.933	51.500
25/11/1987	34.523	6.941	21.750	26.034	118.600
26/11/1987	0.000	9.772	21.029	28.620	90.800
27/11/1987	2.394	8.652	20.995	27.317	114.500
28/11/1987	4.354	8.296	20.683	26.678	145.400
29/11/1987	17.845	9.116	22.322	28.899	133.000
30/11/1987	31.630	6.326	21.923	25.644	78.300
01/12/1987	27.016	7.815	20.745	26.221	324.700
02/12/1987	15.908	7.762	21.173	26.524	185.700
03/12/1987	0.973	9.423	20.370	27.808	156.200
04/12/1987	17.839	9.788	20.793	28.562	142.800
05/12/1987	4.138	8.685	21.726	27.995	126.100
06/12/1987	3.762	9.053	20.726	27.678	101.700
07/12/1987	0.127	7.224	20.971	25.803	84.800
08/12/1987	0.251	10.677	19.716	28.894	79.700
09/12/1987	0.107	9.612	20.567	28.236	66.900
10/12/1987	2.607	7.242	21.188	26.005	62.700
11/12/1987	12.202	8.939	21.370	28.091	152.700
12/12/1987	0.261	8.267	21.769	27.635	97.500
13/12/1987	0.000	7.731	22.611	27.721	63.800
14/12/1987	0.000	9.213	21.952	28.861	60.900
15/12/1987	5.639	8.723	21.125	27.659	49.200
16/12/1987	0.000	9.612	21.538	29.000	50.600
17/12/1987	0.000	8.880	21.207	27.889	45.700
18/12/1987	0.000	10.442	21.221	29.745	34.700
19/12/1987	0.000	10.364	19.466	28.389	31.200
20/12/1987	0.000	9.703	21.236	28.909	28.500
21/12/1987	0.475	10.662	19.856	29.062	26.900
22/12/1987	0.000	10.773	19.495	28.909	25.600
23/12/1987	0.000	9.768	20.721	28.572	24.000
24/12/1987	0.000	9.150	21.438	28.375	23.000
25/12/1987	0.000	10.873	21.178	30.226	22.000
26/12/1987	0.000	9.640	21.067	28.659	21.100
27/12/1987	0.000	9.683	21.284	28.846	20.000
28/12/1987	0.000	8.343	20.933	27.029	19.000
29/12/1987	2.556	8.373	22.000	27.909	20.800
30/12/1987	11.652	8.403	21.442	27.500	55.800
31/12/1987	8.939	9.759	19.870	27.889	42.100
01/01/1988	1.676	9.574	20.226	27.899	41.300
02/01/1988	0.000	8.669	21.149	27.534	33.000
03/01/1988	0.000	9.536	20.447	28.014	22.900
04/01/1988	0.000	8.762	20.423	27.077	21.100
05/01/1988	0.000	9.096	20.577	27.543	22.200
06/01/1988	0.000	9.455	20.784	28.106	19.300
07/01/1988	0.000	10.070	20.327	28.490	17.300
08/01/1988	0.000	9.008	21.880	28.413	18.400
09/01/1988	0.000	9.418	21.043	28.226	22.500
10/01/1988	2.370	7.902	21.779	27.082	17.500
11/01/1988	4.434	8.599	20.933	27.202	16.200
12/01/1988	0.000	8.857	20.620	27.231	15.700
13/01/1988	0.000	8.891	20.226	26.942	14.700
14/01/1988	0.000	9.955	20.053	28.019	14.300
15/01/1988	0.257	9.839	20.962	28.534	14.300
16/01/1988	0.000	9.010	20.832	27.490	13.300
17/01/1988	7.020	9.622	20.731	28.096	49.500
18/01/1988	0.000	10.398	19.654	28.183	44.200
19/01/1988	0.000	10.204	19.928	28.149	47.000
20/01/1988	0.076	9.246	21.312	28.048	22.400
21/01/1988	0.000	10.406	19.798	28.240	17.700
22/01/1988	0.000	11.506	18.817	28.822	15.400
23/01/1988	0.616	9.494	20.399	27.587	14.500
24/01/1988	0.708	10.565	20.827	29.082	14.600
25/01/1988	0.000	10.293	21.481	29.245	13.500
26/01/1988	0.000	10.804	19.764	28.553	18.200
27/01/1988	0.000	11.504	19.149	28.913	15.800
28/01/1988	0.000	11.316	20.317	29.471	13.500
29/01/1988	1.655	10.933	20.731	29.308	23.600
30/01/1988	30.244	11.693	19.865	29.543	16.400
31/01/1988	2.056	11.189	20.433	29.351	22.500
01/02/1988	0.000	13.450	19.721	31.476	16.000
02/02/1988	44.123	11.367	20.962	29.880	31.000
03/02/1988	0.528	11.138	21.712	30.144	39.200
04/02/1988	15.885	9.009	20.702	26.995	41.800
05/02/1988	0.000	8.249	20.601	26.091	47.900
06/02/1988	0.000	11.202	19.870	28.784	42.500
07/02/1988	24.290	8.985	21.346	27.418	75.500
08/02/1988	1.193	11.744	21.207	30.308	60.600
09/02/1988	35.245	9.013	22.053	27.976	50.500
10/02/1988	0.000	9.996	20.577	27.846	58.300
11/02/1988	41.137	9.613	20.154	27.091	91.700
12/02/1988	0.000	10.967	20.481	28.832	66.300
13/02/1988	0.000	10.163	20.514	27.904	111.700
14/02/1988	0.000	8.826	20.885	26.736	103.600
15/02/1988	0.000	11.319	21.668	29.990	46.500
16/02/1988	0.000	10.963	21.702	29.620	33.200
17/02/1988	0.000	10.741	22.111	29.659	26.400
18/02/1988	0.000	11.898	21.457	30.399	22.700
19/02/1988	0.000	11.912	21.486	30.399	20.100
20/02/1988	0.000	11.724	21.976	30.529	17.400
21/02/1988	0.000	9.070	22.750	28.356	16.200
22/02/1988	0.000	9.501	22.019	28.192	17.000
23/02/1988	0.000	11.158	22.332	30.130	17.500
24/02/1988	0.000	9.974	22.144	28.745	21.400
25/02/1988	0.000	10.030	21.269	28.125	50.300
26/02/1988	0.000	8.116	21.433	26.260	150.500
27/02/1988	0.000	7.159	20.904	24.880	235.200
28/02/1988	0.000	8.501	20.822	26.115	187.400
29/02/1988	0.000	10.224	20.663	27.755	92.600
01/03/1988	0.000	9.919	20.534	27.322	68.000
02/03/1988	0.000	10.962	19.264	27.462	81.000
03/03/1988	0.000	11.239	20.418	28.591	45.200
04/03/1988	0.000	13.700	19.370	30.529	32.400
05/03/1988	0.000	10.505	22.486	29.375	27.100
06/03/1988	0.000	13.481	19.159	30.111	24.200
07/03/1988	0.000	12.917	20.245	30.221	22.100
08/03/1988	0.000	11.542	20.548	28.928	20.700
09/03/1988	0.000	9.988	21.048	27.673	19.200
10/03/1988	0.000	11.455	20.361	28.678	20.800
11/03/1988	0.000	12.855	19.514	29.567	18.800
12/03/1988	0.000	12.087	20.764	29.601	17.300
13/03/1988	0.000	8.912	20.880	26.413	16.400
14/03/1988	0.000	11.614	19.755	28.351	15.800
15/03/1988	0.000	11.215	19.543	27.755	22.200
16/03/1988	0.000	9.913	20.048	26.755	30.600
17/03/1988	5.736	9.620	20.168	26.534	23.600
18/03/1988	0.000	10.734	20.856	28.221	18.300
19/03/1988	0.000	13.274	20.784	30.846	16.500
20/03/1988	1.467	12.327	20.476	29.611	15.200
21/03/1988	0.000	11.361	21.216	29.106	14.200
22/03/1988	26.140	12.998	21.928	31.312	16.100
23/03/1988	0.000	10.599	22.466	29.255	14.700
24/03/1988	0.000	12.571	22.399	31.207	13.900
25/03/1988	0.000	12.634	22.740	31.505	13.100
26/03/1988	0.000	12.501	22.332	31.038	12.100
27/03/1988	0.000	11.254	21.832	29.399	11.800
28/03/1988	0.000	11.043	21.808	29.163	11.800
29/03/1988	0.000	10.375	23.048	29.481	12.200
30/03/1988	8.768	10.333	22.312	28.832	19.500
31/03/1988	35.385	10.517	21.784	28.606	30.600
01/04/1988	7.045	11.187	21.990	29.438	21.500
02/04/1988	10.168	9.453	21.490	27.322	44.700
03/04/1988	5.705	10.490	21.202	28.125	83.200
04/04/1988	11.239	10.654	21.202	28.298	65.600
05/04/1988	15.080	11.969	21.240	29.683	40.800
06/04/1988	12.829	8.025	21.562	26.005	73.800
07/04/1988	14.442	8.875	21.236	26.582	98.200
08/04/1988	14.784	9.784	21.010	27.293	46.400
09/04/1988	9.772	7.936	21.740	26.120	72.700
10/04/1988	11.503	8.771	21.870	26.981	89.600
11/04/1988	10.238	9.436	21.163	27.058	161.200
12/04/1988	6.132	7.901	21.663	26.034	112.900
13/04/1988	10.284	7.555	20.288	24.635	286.400
14/04/1988	4.455	10.374	21.505	28.288	303.400
15/04/1988	3.992	8.570	20.899	26.019	155.400
16/04/1988	0.000	10.159	20.505	27.312	121.700
17/04/1988	0.000	9.392	21.312	27.168	88.100
18/04/1988	12.536	11.831	20.784	29.274	59.900
19/04/1988	0.000	10.491	21.130	28.130	54.900
20/04/1988	7.050	10.114	21.365	27.952	52.600
21/04/1988	20.183	10.572	21.332	28.389	50.300
22/04/1988	3.973	9.238	21.697	27.337	60.100
23/04/1988	5.626	9.269	20.731	26.625	82.800
24/04/1988	5.705	10.756	21.543	28.764	73.800
25/04/1988	0.669	10.617	20.918	28.168	58.600
26/04/1988	6.540	9.515	21.707	27.683	53.800
27/04/1988	7.134	8.085	21.274	25.942	45.200
28/04/1988	0.000	10.353	20.288	27.442	56.500
29/04/1988	8.240	9.203	21.865	27.514	60.400
30/04/1988	55.079	9.230	21.361	27.139	172.100
01/05/1988	0.000	10.026	20.966	27.654	111.400
02/05/1988	13.321	8.803	21.058	26.486	153.200
03/05/1988	0.000	10.315	20.476	27.587	102.100
04/05/1988	26.274	7.221	21.082	25.024	103.300
05/05/1988	5.006	11.297	19.788	28.149	120.600
06/05/1988	3.658	9.617	21.067	27.365	223.100
07/05/1988	4.098	9.483	20.779	26.990	134.900
08/05/1988	1.353	8.977	21.048	26.716	84.100
09/05/1988	22.517	8.938	21.481	27.038	88.500
10/05/1988	13.319	7.757	22.452	26.692	115.600
11/05/1988	1.375	9.665	21.284	27.644	74.200
12/05/1988	30.385	8.727	21.351	26.745	73.100
13/05/1988	9.634	9.629	20.692	27.154	78.800
14/05/1988	17.078	8.662	20.995	26.423	85.800
15/05/1988	0.000	9.958	20.255	27.173	77.100
16/05/1988	8.332	8.878	20.072	25.909	188.200
17/05/1988	0.000	8.227	22.048	26.885	113.300
18/05/1988	19.856	8.895	20.981	26.712	135.200
19/05/1988	4.248	9.865	19.947	26.909	120.600
20/05/1988	25.964	10.082	20.649	27.673	92.300
21/05/1988	0.000	9.094	22.072	27.793	70.100
22/05/1988	18.240	8.219	21.981	26.870	86.200
23/05/1988	0.000	8.215	21.596	26.567	75.700
24/05/1988	0.000	8.773	21.861	27.322	52.300
25/05/1988	1.524	9.919	21.442	28.173	44.100
26/05/1988	27.151	9.707	21.726	28.168	128.100
27/05/1988	3.343	10.248	21.101	28.274	63.600
28/05/1988	32.599	8.889	20.409	26.312	154.500
29/05/1988	0.000	8.773	20.817	26.519	130.800
30/05/1988	2.014	10.601	20.005	27.861	95.000
31/05/1988	2.149	9.369	20.471	26.894	78.300
01/06/1988	18.032	8.333	20.567	25.880	104.500
02/06/1988	16.553	8.426	21.312	26.625	98.100
03/06/1988	3.829	7.781	20.822	25.572	185.900
04/06/1988	0.953	7.790	21.120	25.812	93.200
05/06/1988	1.312	9.847	20.524	27.510	69.500
06/06/1988	0.000	9.597	21.524	27.976	53.000
07/06/1988	4.624	10.132	20.769	27.995	51.800
08/06/1988	0.000	11.125	20.899	29.163	47.500
09/06/1988	9.716	9.451	20.038	26.731	37.600
10/06/1988	9.768	9.863	21.231	28.058	31.500
11/06/1988	37.115	8.356	20.923	26.269	73.300
12/06/1988	19.040	7.998	20.827	25.822	50.100
13/06/1988	0.000	9.377	20.202	26.736	64.900
14/06/1988	0.000	9.123	20.692	26.880	199.600
15/06/1988	0.000	9.356	20.288	26.817	138.000
16/06/1988	1.644	7.672	20.803	25.466	118.000
17/06/1988	35.691	7.733	20.870	25.606	256.500
18/06/1988	21.655	6.291	20.957	24.284	207.000
19/06/1988	0.000	8.476	19.293	25.120	144.400
20/06/1988	14.599	7.180	20.846	25.024	126.500
21/06/1988	7.052	8.058	20.865	25.923	104.900
22/06/1988	1.419	9.993	19.673	27.058	75.000
23/06/1988	54.744	8.343	21.524	26.740	66.500
24/06/1988	5.995	9.022	20.043	26.298	97.300
25/06/1988	6.441	7.368	19.913	24.476	220.800
26/06/1988	0.000	8.603	19.654	25.510	245.100
27/06/1988	0.000	10.966	18.337	27.168	155.200
28/06/1988	19.600	8.462	20.885	26.351	145.000
29/06/1988	36.691	7.755	20.808	25.567	136.700
30/06/1988	1.994	10.413	19.183	27.149	168.400
01/07/1988	19.294	7.565	21.750	26.178	120.500
02/07/1988	13.596	7.428	21.413	25.726	120.500
03/07/1988	8.994	8.418	21.625	26.870	127.200
04/07/1988	3.479	6.991	21.986	25.827	150.500
05/07/1988	27.278	8.169	20.572	25.788	172.900
06/07/1988	12.105	7.861	20.798	25.625	166.700
07/07/1988	8.372	8.286	21.048	26.264	184.400
08/07/1988	11.508	9.193	21.082	27.245	129.900
09/07/1988	0.283	11.452	20.322	29.120	160.700
10/07/1988	12.736	10.203	20.423	27.798	100.900
11/07/1988	16.968	9.815	20.582	27.486	132.400
12/07/1988	0.216	9.143	20.418	26.625	94.000
13/07/1988	1.417	10.633	20.279	28.149	112.300
14/07/1988	0.000	10.818	19.668	27.880	83.100
15/07/1988	9.105	10.970	19.918	28.216	96.400
16/07/1988	8.048	11.176	19.736	28.298	79.800
17/07/1988	0.480	10.863	19.952	28.101	79.800
18/07/1988	7.797	10.446	20.221	27.841	54.600
19/07/1988	16.703	10.440	20.558	28.072	117.300
20/07/1988	1.198	9.516	20.697	27.188	100.100
21/07/1988	0.000	11.070	20.562	28.755	70.900
22/07/1988	6.531	9.927	20.615	27.553	61.500
23/07/1988	17.365	8.714	21.962	27.337	66.300
24/07/1988	1.078	8.448	22.702	27.668	58.500
25/07/1988	0.000	9.790	21.159	27.803	49.000
26/07/1988	11.653	11.113	20.971	29.053	200.300
27/07/1988	8.513	8.620	21.178	26.562	235.600
28/07/1988	10.380	11.128	20.918	28.976	138.000
29/07/1988	14.674	11.041	20.303	28.428	89.400
30/07/1988	22.817	7.766	20.947	25.553	219.300
31/07/1988	1.897	10.487	21.197	28.500	147.000
01/08/1988	26.333	9.368	20.317	26.625	132.200
02/08/1988	12.266	8.878	21.062	26.712	124.400
03/08/1988	8.833	9.206	20.938	26.923	144.200
04/08/1988	22.090	9.844	20.529	27.279	125.100
05/08/1988	0.000	10.928	21.135	28.851	98.400
06/08/1988	2.572	8.353	21.245	26.312	80.500
07/08/1988	1.098	9.586	20.269	26.774	75.000
08/08/1988	38.040	8.385	21.274	26.322	196.500
09/08/1988	12.440	9.216	21.115	27.029	149.800
10/08/1988	4.828	10.102	21.029	27.870	126.700
11/08/1988	0.000	8.007	20.188	25.082	107.300
12/08/1988	1.136	10.354	18.726	26.385	97.800
13/08/1988	1.789	9.644	20.514	26.976	137.600
14/08/1988	21.878	9.753	20.673	27.188	95.600
15/08/1988	8.102	8.537	20.683	25.986	110.400
16/08/1988	10.273	9.575	20.899	27.207	116.900
17/08/1988	9.048	8.698	19.962	25.529	182.400
18/08/1988	10.392	10.702	19.591	27.351	179.100
19/08/1988	25.678	9.313	20.649	26.683	130.100
20/08/1988	3.999	8.090	21.048	25.793	124.300
21/08/1988	20.335	8.759	20.601	26.082	119.200
22/08/1988	7.798	8.660	19.817	25.351	166.500
23/08/1988	9.520	12.205	19.856	29.135	120.800
24/08/1988	8.973	9.020	21.990	27.442	102.300
25/08/1988	26.154	8.936	20.837	26.428	149.400
26/08/1988	7.790	7.953	20.490	25.173	113.800
27/08/1988	18.014	6.485	20.957	24.255	115.500
28/08/1988	3.048	11.054	20.543	28.380	116.600
29/08/1988	3.168	8.440	20.736	25.885	72.400
30/08/1988	5.507	6.869	21.106	24.716	67.700
31/08/1988	19.931	8.969	20.312	26.029	139.600
01/09/1988	0.000	9.989	21.269	27.812	226.400
02/09/1988	7.796	10.781	20.909	28.356	100.800
03/09/1988	8.378	9.776	19.976	26.591	89.000
04/09/1988	9.872	10.119	20.495	27.332	115.900
05/09/1988	9.207	8.087	21.510	26.125	122.200
06/09/1988	2.246	9.898	21.034	27.500	100.100
07/09/1988	17.407	7.358	21.096	25.120	82.400
08/09/1988	19.760	7.769	20.966	25.385	134.600
09/09/1988	0.550	8.565	20.178	25.538	137.200
10/09/1988	9.108	7.550	20.880	25.096	360.200
11/09/1988	0.000	8.812	20.784	26.245	219.200
12/09/1988	10.427	8.755	20.327	25.837	281.200
13/09/1988	24.712	10.111	20.500	27.356	194.300
14/09/1988	2.229	8.867	20.788	26.327	198.700
15/09/1988	1.181	10.505	21.361	28.409	115.600
16/09/1988	2.457	11.100	20.553	28.452	84.600
17/09/1988	16.231	10.063	20.312	27.192	107.500
18/09/1988	15.352	9.330	21.644	27.476	110.900
19/09/1988	9.271	8.219	20.774	25.683	129.100
20/09/1988	0.000	8.992	21.404	26.986	95.400
21/09/1988	1.368	10.374	20.423	27.615	141.300
22/09/1988	0.493	9.318	21.389	27.279	141.900
23/09/1988	14.272	8.473	22.058	27.000	133.900
24/09/1988	0.000	9.485	22.274	28.178	125.600
25/09/1988	0.000	10.045	21.784	28.361	109.100
26/09/1988	6.186	7.735	21.442	25.851	84.900
27/09/1988	8.377	9.772	21.601	27.995	67.600
28/09/1988	7.247	8.665	20.697	26.139	63.700
29/09/1988	7.127	9.752	21.351	27.760	72.400
30/09/1988	19.916	7.242	21.457	25.452	52.100
01/10/1988	9.480	9.029	19.913	25.918	58.200
02/10/1988	0.095	8.596	20.587	26.010	108.800
03/10/1988	16.988	8.747	20.457	26.091	200.400
04/10/1988	20.366	7.835	21.332	25.875	121.300
05/10/1988	6.190	10.226	20.005	27.322	92.500
06/10/1988	19.014	9.398	20.351	26.707	197.000
07/10/1988	16.463	8.250	20.505	25.663	131.800
08/10/1988	9.241	7.095	20.784	24.817	167.500
09/10/1988	3.168	10.223	19.514	27.043	116.700
10/10/1988	5.859	11.143	18.683	27.433	97.200
11/10/1988	32.524	7.881	21.212	25.962	83.600
12/10/1988	16.695	7.541	20.615	25.130	103.000
13/10/1988	10.184	8.814	20.106	26.010	296.500
14/10/1988	0.000	9.283	19.745	26.226	308.300
15/10/1988	36.422	8.975	19.620	25.856	355.100
16/10/1988	5.470	9.640	19.562	26.543	302.000
17/10/1988	1.754	10.036	19.346	26.851	239.600
18/10/1988	5.670	10.041	20.188	27.471	250.600
19/10/1988	32.656	10.246	19.793	27.447	364.400
20/10/1988	0.553	11.689	18.837	28.375	225.900
21/10/1988	13.081	9.060	20.596	26.822	274.500
22/10/1988	35.647	7.877	21.312	26.139	358.400
23/10/1988	0.000	11.169	19.221	28.163	246.600
24/10/1988	15.019	10.151	20.457	27.957	142.000
25/10/1988	13.151	8.736	20.769	26.649	243.800
26/10/1988	1.723	9.599	19.553	26.702	175.700
27/10/1988	3.254	10.117	19.582	27.341	158.400
28/10/1988	7.747	6.254	20.861	24.298	203.100
29/10/1988	16.765	9.995	20.096	27.582	168.700
30/10/1988	20.496	7.551	21.024	25.721	121.600
31/10/1988	12.298	9.936	19.885	27.418	98.700
01/11/1988	22.803	8.248	21.000	26.447	97.800
02/11/1988	54.113	9.162	21.048	27.510	256.300
03/11/1988	26.324	8.533	21.337	27.067	221.600
04/11/1988	0.000	9.610	20.038	27.255	130.100
05/11/1988	4.107	9.170	20.659	27.279	98.700
06/11/1988	0.113	8.223	21.149	26.615	244.000
07/11/1988	7.155	9.333	20.207	27.149	138.800
08/11/1988	48.235	8.412	21.000	26.769	190.200
09/11/1988	25.037	7.302	21.361	25.913	138.500
10/11/1988	37.364	7.323	21.303	25.861	226.900
11/11/1988	43.929	8.496	21.062	26.952	324.300
12/11/1988	0.000	7.486	21.774	26.481	230.700
13/11/1988	14.905	7.714	21.096	26.159	224.500
14/11/1988	2.832	9.170	19.957	26.933	167.900
15/11/1988	10.573	6.874	21.096	25.322	292.600
16/11/1988	40.354	8.376	21.010	26.846	185.100
17/11/1988	49.506	8.670	20.880	27.082	361.500
18/11/1988	1.877	8.954	20.582	27.202	228.500
19/11/1988	1.994	8.260	20.774	26.587	255.700
20/11/1988	1.376	9.750	20.841	28.361	247.100
21/11/1988	4.108	5.196	21.380	24.005	330.500
22/11/1988	0.000	8.804	21.058	27.462	242.900
23/11/1988	0.000	8.456	20.971	27.019	186.800
24/11/1988	2.721	8.190	20.837	26.630	172.000
25/11/1988	0.000	8.144	21.500	27.115	311.400
26/11/1988	1.740	8.611	19.808	26.332	261.900
27/11/1988	5.435	8.665	21.572	27.779	164.600
28/11/1988	1.738	8.222	21.721	27.428	119.500
29/11/1988	35.996	7.207	21.269	25.976	176.100
30/11/1988	1.742	8.671	20.481	27.005	141.400
01/12/1988	0.000	8.857	21.337	27.865	119.200
02/12/1988	19.211	9.107	21.173	28.038	126.200
03/12/1988	6.769	9.174	19.341	26.755	195.900
04/12/1988	6.627	6.054	20.668	24.293	198.000
05/12/1988	0.724	9.239	19.639	27.048	148.000
06/12/1988	4.066	9.743	19.505	27.582	209.700
07/12/1988	8.887	7.823	21.029	26.500	144.900
08/12/1988	7.677	6.408	20.966	24.933	180.100
09/12/1988	10.111	8.707	20.197	26.875	202.800
10/12/1988	0.076	8.320	21.250	27.264	132.000
11/12/1988	0.000	9.884	19.356	27.688	104.700
12/12/1988	0.000	8.290	21.337	27.317	77.900
13/12/1988	5.362	9.089	20.615	27.707	104.600
14/12/1988	32.097	6.780	21.202	25.524	137.100
15/12/1988	6.222	7.487	21.341	26.413	131.800
16/12/1988	0.000	9.355	19.788	27.413	84.900
17/12/1988	8.972	9.798	18.976	27.308	70.600
18/12/1988	0.000	8.474	19.885	26.389	93.600
19/12/1988	0.000	9.098	18.707	26.255	77.000
20/12/1988	0.000	9.844	19.308	27.615	62.600
21/12/1988	0.000	9.872	19.567	27.827	56.500
22/12/1988	3.277	8.961	18.966	26.279	60.500
23/12/1988	0.000	9.028	19.029	26.394	68.500
24/12/1988	0.000	8.068	20.197	26.139	96.500
25/12/1988	0.000	10.539	18.385	27.808	67.100
26/12/1988	0.000	9.035	20.062	27.173	65.800
27/12/1988	0.000	8.264	20.909	26.923	69.400
28/12/1988	8.885	8.547	19.587	26.231	79.100
29/12/1988	51.226	7.863	19.245	25.173	142.100
30/12/1988	0.000	6.463	20.337	24.442	146.500
31/12/1988	0.000	7.561	19.837	25.250	89.900
01/01/1989	2.208	7.818	19.721	25.442	99.100
02/01/1989	18.517	6.043	20.462	24.115	180.600
03/01/1989	8.736	9.384	19.851	27.356	151.000
04/01/1989	23.906	8.124	20.178	26.120	108.300
05/01/1989	5.080	6.469	19.904	24.062	171.800
06/01/1989	6.528	7.299	19.255	24.457	137.800
07/01/1989	0.382	6.952	19.659	24.409	104.900
08/01/1989	0.000	7.417	19.957	25.115	79.400
09/01/1989	0.000	9.532	19.457	27.178	67.600
10/01/1989	0.000	9.441	18.058	26.019	66.000
11/01/1989	0.000	9.081	19.678	26.788	46.100
12/01/1989	0.000	8.577	18.428	25.197	38.300
13/01/1989	0.000	9.119	19.130	26.385	36.900
14/01/1989	1.273	7.749	20.197	25.625	41.100
15/01/1989	0.000	9.574	19.817	27.399	45.000
16/01/1989	0.000	9.993	19.654	27.760	38.600
17/01/1989	23.709	8.050	21.130	26.659	55.300
18/01/1989	0.000	9.436	19.760	27.125	43.900
19/01/1989	0.258	10.058	19.062	27.337	34.800
20/01/1989	2.532	11.296	18.740	28.591	49.800
21/01/1989	17.117	7.891	21.404	26.678	50.200
22/01/1989	8.168	7.191	21.067	25.625	40.500
23/01/1989	0.125	11.121	18.923	28.447	39.400
24/01/1989	1.913	8.492	21.010	26.938	38.900
25/01/1989	5.845	9.472	19.471	26.798	43.000
26/01/1989	0.000	9.065	19.264	26.149	33.300
27/01/1989	0.703	8.018	20.947	26.288	44.200
28/01/1989	0.000	8.589	19.288	25.591	57.700
29/01/1989	0.000	10.039	19.447	27.380	39.000
30/01/1989	0.456	9.116	18.990	25.913	27.200
31/01/1989	3.879	8.675	20.649	26.678	24.400
01/02/1989	0.000	9.968	19.183	26.995	21.900
02/02/1989	0.000	9.510	19.423	26.639	23.900
03/02/1989	1.768	9.508	19.284	26.476	21.900
04/02/1989	2.955	8.760	19.163	25.543	24.800
05/02/1989	0.000	9.382	18.712	25.870	30.200
06/02/1989	0.000	10.331	19.428	27.471	22.900
07/02/1989	7.496	8.039	20.014	25.375	22.700
08/02/1989	15.384	8.364	19.346	25.178	53.800
09/02/1989	7.989	9.731	19.784	26.981	93.300
10/02/1989	0.000	8.958	19.822	26.139	55.400
11/02/1989	0.193	10.889	19.226	27.832	32.100
12/02/1989	0.000	12.360	18.202	28.793	25.000
13/02/1989	0.000	10.966	20.082	28.481	35.600
14/02/1989	0.000	11.337	19.221	28.250	36.800
15/02/1989	0.000	11.300	19.490	28.380	30.400
16/02/1989	0.000	12.913	17.245	28.668	24.200
17/02/1989	0.000	13.007	16.534	28.288	20.000
18/02/1989	0.000	12.869	17.154	28.471	17.900
19/02/1989	5.683	8.179	20.654	25.784	16.900
20/02/1989	18.262	9.974	21.231	28.096	34.200
21/02/1989	2.780	9.623	21.082	27.587	34.000
22/02/1989	45.547	9.297	20.274	26.611	26.200
23/02/1989	11.062	6.088	20.370	23.553	36.200
24/02/1989	7.191	8.739	19.562	25.428	76.400
25/02/1989	0.000	6.999	20.462	24.413	67.800
26/02/1989	1.960	8.367	20.240	25.548	59.500
27/02/1989	2.254	11.793	19.163	28.404	83.200
28/02/1989	15.010	11.438	20.798	29.197	55.700
01/03/1989	17.064	11.174	20.808	28.904	104.300
02/03/1989	34.745	9.632	21.601	27.856	86.200
03/03/1989	15.612	9.046	21.274	27.000	56.700
04/03/1989	18.867	10.795	20.462	28.178	40.600
05/03/1989	32.099	8.761	20.524	26.091	134.700
06/03/1989	7.873	9.845	19.716	26.558	78.000
07/03/1989	13.406	9.576	20.000	26.486	46.400
08/03/1989	34.633	8.894	20.048	25.793	104.300
09/03/1989	6.999	10.074	19.447	26.562	124.300
10/03/1989	10.197	8.924	19.572	25.428	127.900
11/03/1989	0.037	7.404	19.784	24.091	180.900
12/03/1989	0.083	5.535	20.240	22.793	262.100
13/03/1989	0.275	5.880	19.942	22.808	283.200
14/03/1989	0.623	6.864	19.731	23.514	233.600
15/03/1989	0.599	9.099	20.317	26.130	169.000
16/03/1989	3.019	10.105	18.817	26.024	264.300
17/03/1989	1.071	8.363	19.644	24.865	232.000
18/03/1989	0.000	9.348	18.312	24.822	128.900
19/03/1989	0.000	9.599	19.346	25.856	101.100
20/03/1989	11.840	8.873	19.260	25.029	181.800
21/03/1989	0.000	8.858	19.827	25.457	189.600
22/03/1989	0.000	8.839	18.788	24.615	105.500
23/03/1989	0.000	10.627	18.274	26.130	108.900
24/03/1989	0.000	9.350	19.793	25.909	87.100
25/03/1989	0.000	11.083	17.692	26.192	65.300
26/03/1989	0.000	10.533	19.284	26.764	50.300
27/03/1989	0.000	10.606	18.298	26.115	68.500
28/03/1989	0.000	9.963	18.947	25.875	82.500
29/03/1989	0.000	10.719	18.101	26.067	185.000
30/03/1989	0.000	10.719	18.168	26.115	171.400
31/03/1989	0.000	11.293	18.558	27.019	90.700
01/04/1989	1.578	10.770	19.096	26.841	197.100
02/04/1989	4.613	8.715	20.822	26.062	116.900
03/04/1989	6.643	10.132	20.245	27.053	86.600
04/04/1989	3.866	10.176	21.038	27.692	64.900
05/04/1989	9.154	10.292	21.173	27.933	170.700
06/04/1989	7.230	10.650	19.822	27.274	99.200
07/04/1989	1.107	11.743	20.380	28.846	71.400
08/04/1989	8.598	10.264	21.375	28.062	65.100
09/04/1989	7.889	10.563	21.370	28.351	53.700
10/04/1989	11.852	10.049	20.755	27.361	50.600
11/04/1989	3.697	11.250	20.380	28.312	44.200
12/04/1989	4.416	9.397	20.832	26.798	39.700
13/04/1989	4.307	9.641	21.721	27.726	39.100
14/04/1989	6.745	10.424	20.745	27.745	37.200
15/04/1989	0.340	9.734	21.639	27.784	34.800
16/04/1989	0.144	10.832	20.389	27.933	31.800
17/04/1989	12.024	9.249	21.966	27.572	63.400
18/04/1989	0.209	12.033	19.639	28.668	41.500
19/04/1989	0.000	10.029	20.736	27.399	31.100
20/04/1989	5.848	8.089	20.284	25.096	27.400
21/04/1989	7.538	10.894	19.880	27.625	25.000
22/04/1989	16.070	9.515	20.793	26.942	25.600
23/04/1989	11.109	9.211	21.115	26.865	43.500
24/04/1989	0.397	10.726	21.394	28.639	57.100
25/04/1989	9.652	10.308	21.572	28.361	81.200
26/04/1989	8.851	10.408	20.534	27.654	62.500
27/04/1989	25.975	9.968	20.505	27.197	70.100
28/04/1989	2.989	9.672	20.659	27.000	63.200
29/04/1989	0.053	8.167	21.087	25.880	39.600
30/04/1989	6.652	9.412	21.101	27.144	48.900
01/05/1989	14.151	8.038	20.981	25.712	128.700
02/05/1989	12.358	7.912	20.087	24.875	129.300
03/05/1989	6.775	9.036	19.923	25.832	98.800
04/05/1989	12.413	10.639	19.341	27.087	67.900
05/05/1989	17.326	10.005	19.812	26.769	54.500
06/05/1989	16.797	9.101	20.548	26.413	162.400
07/05/1989	15.547	9.049	20.423	26.279	131.900
08/05/1989	33.110	6.290	20.812	23.971	124.500
09/05/1989	7.053	9.648	19.038	25.856	219.900
10/05/1989	2.355	8.809	19.538	25.346	137.400
11/05/1989	10.174	11.631	19.630	28.481	154.700
12/05/1989	5.778	6.953	21.202	24.942	153.300
13/05/1989	5.613	9.352	20.115	26.404	128.200
14/05/1989	2.592	8.424	20.034	25.409	103.700
15/05/1989	8.222	8.937	21.000	26.712	123.500
16/05/1989	10.125	8.795	21.245	26.769	87.900
17/05/1989	0.811	9.333	20.644	26.861	60.000
18/05/1989	0.000	9.877	20.423	27.279	47.600
19/05/1989	0.000	9.147	21.178	27.111	45.600
20/05/1989	0.000	10.265	21.308	28.380	47.500
21/05/1989	0.000	11.150	20.014	28.346	45.600
22/05/1989	0.000	10.197	20.202	27.471	33.300
23/05/1989	11.120	8.458	20.683	26.043	54.700
24/05/1989	36.013	9.709	20.188	26.952	128.100
25/05/1989	20.865	8.278	20.803	25.971	116.700
26/05/1989	1.069	7.977	20.096	25.087	113.100
27/05/1989	5.052	9.743	20.000	26.875	116.700
29/05/1989	6.412	7.708	20.351	25.091	89.000
30/05/1989	6.893	9.385	20.216	26.692	54.100
31/05/1989	7.729	7.921	20.889	25.731	83.700
01/06/1989	6.904	9.392	21.553	27.740	74.000
02/06/1989	22.252	9.363	21.798	27.938	76.100
04/06/1989	7.564	6.961	21.591	25.423	93.900
05/06/1989	3.961	6.386	21.216	24.558	126.600
06/06/1989	7.298	8.461	20.668	26.159	70.100
07/06/1989	4.245	9.333	21.000	27.293	75.900
08/06/1989	5.299	9.376	21.438	27.712	65.700
09/06/1989	6.721	7.236	21.087	25.298	58.100
10/06/1989	5.724	9.357	20.356	26.861	109.700
12/06/1989	14.130	9.859	20.428	27.447	189.000
13/06/1989	0.894	9.504	21.293	27.740	135.000
14/06/1989	5.386	11.153	20.288	28.779	107.400
15/06/1989	7.243	9.531	21.207	27.745	103.200
16/06/1989	0.399	9.794	20.856	27.750	79.700
17/06/1989	1.218	9.281	21.654	27.856	57.300
18/06/1989	5.951	9.156	21.293	27.418	62.300
20/06/1989	5.602	8.898	21.413	27.255	61.800
21/06/1989	8.904	10.022	20.462	27.697	53.100
22/06/1989	12.135	9.348	21.322	27.635	59.900
23/06/1989	12.350	7.969	20.072	25.192	97.500
24/06/1989	9.860	10.375	19.375	27.269	97.500
25/06/1989	17.250	7.722	19.928	24.837	77.000
26/06/1989	11.171	9.084	20.490	26.702	98.900
27/06/1989	8.667	8.256	21.240	26.413	109.300
28/06/1989	1.970	8.812	20.938	26.745	88.300
29/06/1989	1.255	9.370	21.611	27.861	60.200
30/06/1989	4.465	8.366	21.505	26.764	47.500
01/07/1989	8.229	10.453	20.361	28.067	57.800
02/07/1989	0.250	9.513	20.543	27.212	51.200
03/07/1989	1.545	9.628	21.293	27.899	45.300
04/07/1989	5.954	11.105	19.495	28.135	45.400
05/07/1989	1.586	9.193	21.577	27.654	49.100
06/07/1989	18.176	10.436	20.808	28.380	127.200
07/07/1989	8.846	9.394	20.702	27.159	89.300
08/07/1989	10.994	9.911	20.240	27.337	138.500
09/07/1989	2.663	9.061	20.341	26.505	100.000
10/07/1989	7.609	10.299	20.274	27.784	150.100
11/07/1989	0.000	10.854	19.635	27.928	95.500
12/07/1989	0.000	10.781	20.841	28.740	59.400
13/07/1989	0.000	11.272	20.399	28.928	46.400
14/07/1989	3.207	12.085	21.399	30.558	39.000
15/07/1989	0.000	12.792	20.317	30.558	34.700
16/07/1989	0.536	13.035	20.135	30.688	31.500
17/07/1989	0.505	10.790	20.755	28.644	30.900
18/07/1989	0.000	11.644	20.736	29.558	36.500
19/07/1989	9.428	10.370	21.788	28.957	69.400
20/07/1989	13.769	8.719	21.024	26.620	45.400
21/07/1989	2.894	10.066	21.279	28.226	36.500
22/07/1989	24.921	8.523	21.207	26.601	74.500
23/07/1989	0.399	9.911	20.558	27.486	69.100
24/07/1989	22.971	8.178	20.947	25.986	72.700
25/07/1989	17.837	10.548	20.178	27.861	65.500
26/07/1989	18.437	7.749	21.024	25.615	99.800
27/07/1989	10.843	9.238	21.635	27.601	81.300
28/07/1989	10.302	8.981	20.337	26.284	75.600
29/07/1989	3.206	10.351	20.870	28.130	48.600
30/07/1989	8.592	9.812	22.274	28.654	110.000
31/07/1989	1.283	9.248	21.808	27.702	96.200
01/08/1989	14.446	9.192	20.995	27.014	66.400
02/08/1989	16.514	9.611	20.635	27.183	55.100
03/08/1989	2.103	10.252	20.625	27.812	57.400
04/08/1989	0.626	9.722	20.043	26.798	43.500
05/08/1989	1.070	9.504	21.760	27.865	36.100
06/08/1989	10.862	9.021	20.361	26.293	74.500
07/08/1989	0.000	9.372	20.500	26.736	62.800
08/08/1989	0.209	11.371	19.486	28.087	43.300
09/08/1989	40.992	9.254	19.591	25.933	107.500
10/08/1989	0.096	9.632	20.245	26.784	80.000
11/08/1989	16.320	9.338	21.308	27.298	176.300
12/08/1989	7.442	9.107	20.981	26.784	162.000
13/08/1989	0.140	9.451	20.986	27.144	117.800
14/08/1989	14.858	9.391	21.173	27.216	106.800
15/08/1989	13.105	9.778	21.053	27.514	88.600
16/08/1989	9.782	9.126	20.764	26.659	76.300
17/08/1989	17.238	9.608	20.149	26.630	81.400
18/08/1989	0.000	9.422	20.899	27.005	72.400
19/08/1989	4.577	9.063	21.587	27.202	63.700
20/08/1989	12.299	9.687	20.692	27.115	72.200
21/08/1989	8.043	9.068	21.375	27.024	110.700
22/08/1989	14.216	9.504	20.904	27.101	93.600
23/08/1989	4.137	9.843	20.630	27.207	77.300
24/08/1989	9.521	8.949	19.918	25.731	173.100
25/08/1989	6.142	9.017	20.293	26.115	100.000
26/08/1989	8.018	8.980	22.014	27.418	118.200
27/08/1989	31.784	10.296	20.827	27.803	137.200
28/08/1989	22.787	8.895	20.942	26.471	206.700
29/08/1989	32.415	7.619	20.774	25.091	249.600
30/08/1989	13.122	8.544	20.577	25.827	265.800
31/08/1989	0.000	8.891	19.899	25.635	159.900
01/09/1989	6.497	10.092	21.106	27.788	112.800
02/09/1989	6.053	10.723	21.264	28.577	103.400
03/09/1989	19.410	9.912	21.538	27.938	135.800
04/09/1989	5.407	8.406	20.678	25.784	137.400
05/09/1989	12.611	8.091	21.572	26.197	109.200
06/09/1989	26.402	9.043	21.014	26.659	183.900
07/09/1989	6.689	8.843	21.034	26.476	140.800
08/09/1989	10.127	8.305	21.553	26.404	175.800
09/09/1989	4.792	8.520	22.312	27.216	142.500
10/09/1989	3.787	7.952	21.293	25.808	233.700
11/09/1989	2.171	9.378	20.769	26.803	165.700
12/09/1989	4.874	10.055	21.192	27.817	128.100
13/09/1989	24.201	9.063	19.981	25.899	148.900
14/09/1989	24.319	8.699	20.837	26.183	138.600
15/09/1989	3.984	8.296	20.793	25.779	107.300
16/09/1989	0.584	10.002	21.312	27.889	98.000
17/09/1989	13.749	9.549	21.274	27.389	119.400
18/09/1989	0.667	7.876	21.510	25.962	169.700
19/09/1989	0.000	8.869	20.572	26.188	113.200
20/09/1989	13.282	6.766	20.875	24.452	128.200
21/09/1989	14.348	9.378	20.125	26.341	133.200
22/09/1989	33.343	7.333	20.962	25.014	196.100
23/09/1989	18.164	11.334	19.558	28.019	251.400
24/09/1989	12.650	8.681	21.375	26.673	218.700
25/09/1989	14.311	9.054	19.721	25.769	262.600
26/09/1989	16.966	10.057	19.500	26.620	163.600
27/09/1989	6.815	7.482	21.029	25.226	141.000
28/09/1989	21.718	9.804	20.567	27.183	143.000
29/09/1989	20.449	10.110	20.048	27.135	316.000
30/09/1989	0.346	9.695	20.471	27.029	177.800
01/10/1989	5.010	11.320	19.553	28.082	140.900
02/10/1989	18.312	8.416	21.899	26.889	121.700
03/10/1989	4.092	6.875	21.005	24.760	155.000
04/10/1989	13.533	7.450	19.923	24.389	126.000
05/10/1989	11.471	9.168	19.144	25.514	108.400
06/10/1989	0.000	8.153	20.822	25.822	84.100
07/10/1989	17.335	10.338	19.683	27.221	72.100
08/10/1989	0.396	7.771	20.918	25.534	81.500
09/10/1989	26.369	8.982	19.601	25.731	77.900
10/10/1989	3.454	7.926	19.529	24.630	76.000
11/10/1989	17.609	6.688	20.159	23.952	157.500
12/10/1989	3.045	7.892	19.120	24.269	147.600
13/10/1989	26.090	8.797	19.548	25.543	143.400
14/10/1989	2.639	7.416	20.082	24.582	157.200
15/10/1989	5.299	7.279	20.822	25.072	124.700
16/10/1989	9.820	9.462	19.639	26.404	126.900
17/10/1989	8.455	10.098	19.909	27.327	161.800
18/10/1989	28.359	8.304	21.178	26.452	98.000
19/10/1989	10.872	7.466	21.101	25.543	78.200
20/10/1989	0.000	10.136	19.466	27.067	108.700
21/10/1989	6.861	8.904	20.856	26.812	119.200
22/10/1989	14.257	8.322	21.385	26.644	81.300
23/10/1989	14.042	8.130	20.548	25.784	170.700
24/10/1989	29.884	7.428	20.832	25.317	185.200
25/10/1989	2.059	8.431	20.803	26.337	144.200
26/10/1989	4.837	8.609	20.428	26.255	114.200
27/10/1989	19.086	7.250	21.163	25.466	108.500
28/10/1989	22.385	8.293	20.562	26.053	162.000
29/10/1989	9.275	8.845	20.125	26.298	110.600
30/10/1989	20.110	6.951	21.774	25.745	81.300
31/10/1989	12.767	8.746	20.500	26.548	214.800
01/11/1989	10.867	6.951	21.154	25.298	210.000
02/11/1989	5.958	9.751	19.587	27.034	222.100
03/11/1989	6.204	9.063	20.197	26.716	217.400
04/11/1989	1.853	8.366	21.125	26.702	192.700
05/11/1989	8.815	8.506	21.014	26.788	198.500
06/11/1989	9.005	7.834	21.394	26.385	165.600
07/11/1989	7.797	8.705	20.625	26.745	107.800
08/11/1989	12.239	8.039	20.755	26.130	95.800
09/11/1989	4.143	9.275	21.173	27.808	91.700
10/11/1989	5.517	8.295	20.899	26.534	80.200
11/11/1989	6.028	7.704	20.346	25.495	75.900
12/11/1989	8.979	6.984	21.072	25.332	151.200
13/11/1989	0.000	7.946	20.154	25.615	206.100
14/11/1989	0.000	9.397	21.231	28.101	151.500
15/11/1989	0.000	8.456	22.159	27.817	94.800
16/11/1989	0.325	9.345	22.168	28.808	78.500
17/11/1989	7.195	7.755	21.635	26.663	137.600
18/11/1989	18.232	8.902	21.601	27.923	101.300
19/11/1989	13.849	10.322	21.115	29.192	79.500
20/11/1989	3.781	9.549	22.096	29.062	59.700
21/11/1989	2.939	8.094	21.447	27.000	59.500
22/11/1989	17.311	8.524	21.332	27.399	77.500
23/11/1989	18.975	8.130	21.399	27.000	139.300
24/11/1989	11.679	9.094	22.058	28.587	147.300
25/11/1989	12.667	7.558	21.808	26.784	107.400
26/11/1989	17.247	8.922	20.865	27.514	208.600
27/11/1989	1.514	9.936	19.274	27.524	133.900
28/11/1989	2.412	8.201	22.365	27.904	96.400
29/11/1989	37.419	9.012	21.337	28.024	77.400
30/11/1989	4.388	7.685	21.221	26.466	63.900
01/12/1989	31.267	7.321	21.154	26.019	202.000
02/12/1989	39.956	7.679	20.788	26.101	208.900
03/12/1989	6.248	9.213	20.188	27.418	259.000
04/12/1989	13.440	8.775	20.183	26.909	307.500
05/12/1989	8.870	8.069	20.678	26.490	293.000
06/12/1989	7.478	7.776	20.837	26.288	247.000
07/12/1989	4.293	9.572	20.529	28.149	143.600
08/12/1989	0.000	8.623	21.442	27.764	99.400
09/12/1989	1.390	8.783	22.413	28.673	80.300
10/12/1989	0.000	8.112	21.697	27.370	69.100
11/12/1989	8.304	7.023	21.788	26.284	68.100
12/12/1989	7.451	8.687	20.678	27.240	85.900
13/12/1989	0.162	8.762	20.769	27.399	83.300
14/12/1989	0.000	7.265	22.096	26.788	58.300
15/12/1989	0.555	8.567	21.029	27.404	52.500
16/12/1989	0.000	8.392	20.457	26.750	46.500
17/12/1989	0.000	8.551	20.264	26.784	42.200
18/12/1989	0.000	8.540	21.154	27.457	39.400
19/12/1989	0.000	10.188	19.721	28.337	37.900
20/12/1989	0.000	9.078	19.490	26.822	34.900
21/12/1989	0.000	8.895	19.822	26.851	34.900
22/12/1989	1.606	10.440	19.548	28.538	37.000
23/12/1989	1.748	9.058	19.447	26.755	31.100
24/12/1989	6.446	6.641	20.986	25.221	29.500
25/12/1989	1.130	7.460	20.620	25.788	59.500
26/12/1989	0.734	5.365	21.106	24.005	71.400
27/12/1989	1.057	6.225	20.361	24.221	126.800
28/12/1989	0.000	9.493	19.245	27.096	88.000
29/12/1989	0.000	9.375	18.736	26.582	76.400
30/12/1989	0.000	11.348	16.889	27.788	57.200
31/12/1989	0.000	10.513	17.942	27.438	41.400
01/01/1990	0.000	9.412	18.327	26.298	27.400
02/01/1990	0.000	9.343	19.784	27.269	27.500
03/01/1990	0.000	7.901	20.745	26.322	26.400
04/01/1990	0.000	8.553	18.861	25.649	24.500
05/01/1990	0.000	7.501	20.399	25.625	27.000
06/01/1990	0.000	8.331	19.846	26.096	40.000
07/01/1990	13.820	8.024	20.183	26.005	67.600
08/01/1990	0.000	7.750	19.707	25.284	61.300
09/01/1990	0.000	8.144	19.639	25.668	30.500
10/01/1990	0.000	7.096	20.428	25.120	39.600
11/01/1990	0.000	8.893	19.731	26.596	42.700
12/01/1990	0.000	8.385	20.755	26.784	28.800
13/01/1990	39.626	8.193	19.774	25.788	79.400
14/01/1990	0.000	8.373	20.125	26.264	71.000
15/01/1990	0.000	8.277	21.053	26.861	39.500
16/01/1990	18.266	9.349	20.625	27.712	30.100
17/01/1990	0.000	10.135	19.846	28.048	28.800
18/01/1990	1.425	8.236	21.582	27.183	27.000
19/01/1990	0.000	7.817	21.856	26.947	27.900
20/01/1990	3.921	9.315	21.250	28.115	23.900
21/01/1990	2.497	8.905	21.149	27.543	31.900
22/01/1990	34.051	6.937	21.274	25.519	30.100
23/01/1990	0.000	9.719	19.341	27.077	28.900
24/01/1990	0.000	11.729	19.341	29.442	25.500
25/01/1990	0.000	10.607	20.058	28.582	30.300
26/01/1990	15.256	8.594	20.918	26.952	59.700
27/01/1990	5.843	8.682	21.091	27.144	110.600
28/01/1990	0.252	11.452	19.236	28.899	46.300
29/01/1990	0.000	10.702	20.471	28.870	27.900
30/01/1990	0.266	10.124	19.832	27.721	25.000
31/01/1990	0.000	9.808	21.774	28.798	24.500
01/02/1990	0.000	11.059	20.928	29.567	21.700
02/02/1990	4.958	8.511	22.380	27.846	20.500
03/02/1990	1.109	8.796	21.341	27.327	21.400
04/02/1990	7.450	8.985	21.740	27.784	73.800
05/02/1990	41.747	6.464	21.351	24.894	132.500
06/02/1990	4.197	8.050	20.663	25.913	110.600
07/02/1990	2.058	8.008	21.019	26.130	47.800
08/02/1990	0.103	7.857	21.053	26.000	37.000
09/02/1990	12.870	9.254	20.577	27.062	43.100
10/02/1990	0.000	10.286	20.481	28.101	50.500
11/02/1990	0.000	10.003	19.986	27.394	38.600
12/02/1990	0.000	8.957	20.192	26.375	47.900
13/02/1990	9.810	8.592	21.380	26.909	29.300
14/02/1990	0.000	9.687	19.990	26.971	25.000
15/02/1990	0.000	9.962	20.197	27.418	24.300
16/02/1990	0.000	8.874	20.904	26.774	29.400
17/02/1990	0.000	10.979	19.462	27.942	23.100
18/02/1990	0.000	10.984	18.221	27.043	20.700
19/02/1990	0.000	10.023	17.962	25.755	36.700
20/02/1990	0.000	7.954	21.365	26.135	51.000
21/02/1990	0.389	10.513	20.034	27.764	24.700
22/02/1990	0.000	10.232	19.918	27.365	20.600
23/02/1990	0.380	11.638	19.284	28.423	19.200
24/02/1990	2.129	9.326	19.817	26.269	18.700
25/02/1990	8.748	10.739	19.173	27.284	33.600
26/02/1990	0.000	11.382	17.639	26.889	22.700
27/02/1990	0.000	13.358	16.620	28.466	18.700
28/02/1990	0.000	12.743	17.880	28.558	16.600
01/03/1990	0.000	12.857	17.885	28.673	15.500
02/03/1990	0.000	11.603	18.125	27.423	14.800
03/03/1990	9.822	10.653	19.740	27.476	15.300
04/03/1990	13.040	9.673	20.288	26.856	17.600
05/03/1990	1.118	8.405	20.361	25.582	27.800
06/03/1990	4.455	9.670	20.712	27.149	38.500
07/03/1990	9.183	10.116	20.615	27.510	48.400
08/03/1990	4.903	8.964	21.673	27.154	32.000
09/03/1990	0.000	11.534	20.572	28.952	22.400
10/03/1990	9.023	11.672	21.101	29.471	19.300
11/03/1990	6.604	9.975	20.654	27.361	39.500
12/03/1990	3.411	11.348	21.361	29.303	33.700
13/03/1990	0.000	12.134	21.683	30.322	22.800
14/03/1990	8.106	11.364	21.639	29.490	24.400
15/03/1990	11.366	10.263	21.361	28.120	46.200
16/03/1990	3.779	11.120	22.139	29.577	47.900
17/03/1990	10.600	11.708	21.250	29.519	30.500
18/03/1990	21.482	6.854	21.639	25.072	108.800
19/03/1990	5.293	10.430	19.688	26.986	75.000
20/03/1990	9.097	9.181	21.875	27.404	37.200
21/03/1990	22.507	7.417	21.361	25.332	55.000
22/03/1990	2.115	10.594	20.067	27.409	55.500
23/03/1990	18.440	9.532	21.072	27.111	74.000
24/03/1990	22.145	7.107	21.312	25.005	126.900
25/03/1990	3.121	8.899	19.995	25.635	99.100
26/03/1990	22.547	5.814	20.606	23.312	98.600
27/03/1990	2.939	12.349	19.101	28.562	151.300
28/03/1990	0.000	11.550	19.750	28.163	65.300
29/03/1990	0.000	11.752	21.067	29.341	45.400
30/03/1990	0.000	12.019	21.125	29.654	38.100
31/03/1990	0.514	9.370	22.135	27.769	30.700
01/04/1990	11.971	8.417	21.303	26.178	30.200
02/04/1990	2.358	9.772	20.889	27.163	75.400
03/04/1990	6.000	9.660	20.822	26.990	58.700
04/04/1990	11.445	8.381	20.726	25.663	168.300
05/04/1990	4.784	8.970	20.264	25.894	140.100
06/04/1990	9.126	9.557	20.562	26.702	121.400
07/04/1990	4.918	11.399	20.562	28.587	100.400
08/04/1990	3.977	11.264	21.918	29.462	67.400
09/04/1990	0.000	11.303	21.375	29.125	61.500
10/04/1990	0.000	12.126	21.077	29.736	45.900
11/04/1990	0.000	10.615	22.519	29.293	35.100
12/04/1990	21.659	7.936	22.346	26.601	32.600
13/04/1990	14.875	9.423	22.716	28.293	36.500
14/04/1990	15.099	9.152	21.327	26.918	29.800
15/04/1990	9.063	9.805	21.505	27.731	41.300
16/04/1990	43.199	9.034	21.168	26.688	262.500
17/04/1990	0.144	8.417	21.659	26.548	156.500
18/04/1990	5.093	8.337	21.370	26.216	99.800
19/04/1990	1.919	9.068	22.236	27.630	81.500
20/04/1990	1.668	7.743	21.072	25.438	75.600
21/04/1990	18.337	8.398	20.702	25.740	124.500
22/04/1990	3.939	9.528	20.404	26.620	112.700
23/04/1990	20.317	10.203	20.986	27.769	94.300
24/04/1990	28.795	8.750	20.990	26.341	128.900
25/04/1990	2.841	9.245	20.957	26.798	100.600
26/04/1990	11.078	8.544	21.587	26.596	287.900
27/04/1990	16.262	10.550	20.577	27.827	116.200
28/04/1990	12.984	8.867	20.567	26.125	163.000
29/04/1990	9.959	9.063	20.856	26.548	142.700
30/04/1990	8.385	7.693	21.115	25.462	256.000
01/05/1990	10.589	9.593	19.659	26.202	241.500
02/05/1990	16.232	8.574	19.846	25.317	258.200
03/05/1990	7.982	9.807	19.707	26.462	204.300
04/05/1990	7.433	8.847	20.269	25.938	156.500
05/05/1990	13.558	8.590	21.135	26.341	262.300
06/05/1990	8.903	10.537	20.279	27.688	220.100
07/05/1990	9.153	9.431	22.606	28.394	127.100
08/05/1990	25.961	8.215	21.606	26.428	122.300
09/05/1990	0.358	10.526	21.269	28.476	94.100
10/05/1990	5.643	9.621	21.856	28.005	72.700
11/05/1990	13.007	9.538	21.625	27.755	81.800
12/05/1990	4.506	7.634	22.034	26.264	68.000
13/05/1990	15.093	9.621	21.087	27.442	53.300
14/05/1990	15.302	8.774	21.034	26.543	115.800
15/05/1990	0.231	9.179	20.562	26.620	113.500
16/05/1990	11.786	11.127	20.611	28.736	97.700
17/05/1990	13.387	9.640	21.462	27.793	102.900
18/05/1990	6.553	8.759	22.510	27.774	80.900
19/05/1990	1.138	10.471	21.409	28.678	61.700
20/05/1990	4.995	10.199	21.683	28.577	97.000
21/05/1990	0.182	9.421	21.692	27.827	76.300
22/05/1990	15.076	8.932	21.495	27.183	120.000
23/05/1990	0.000	9.178	20.707	26.808	75.400
24/05/1990	6.581	7.344	20.462	24.779	76.600
25/05/1990	9.887	7.903	21.577	26.216	101.600
26/05/1990	7.567	9.804	21.207	27.841	118.400
27/05/1990	7.065	8.692	21.385	26.880	86.800
28/05/1990	18.709	8.452	21.264	26.606	120.500
29/05/1990	36.187	7.131	20.995	25.058	208.300
30/05/1990	0.000	10.542	19.486	27.394	146.700
31/05/1990	0.225	7.997	20.524	25.514	86.800
01/06/1990	12.266	7.357	21.596	25.750	89.400
02/06/1990	1.306	10.946	19.562	27.918	99.300
03/06/1990	6.410	9.930	20.981	27.899	64.300
04/06/1990	3.819	9.389	21.837	27.990	53.300
05/06/1990	9.709	8.886	21.505	27.221	59.400
06/06/1990	10.191	10.845	21.543	29.332	82.400
07/06/1990	0.000	10.402	20.913	28.385	62.700
08/06/1990	0.000	11.342	20.750	29.308	47.500
09/06/1990	8.566	10.340	21.976	29.130	41.800
10/06/1990	12.036	9.538	19.904	26.692	37.800
11/06/1990	18.537	7.259	20.909	25.178	57.100
12/06/1990	0.763	11.838	20.173	29.462	62.900
13/06/1990	1.511	12.094	19.812	29.490	64.000
14/06/1990	29.174	10.599	21.192	28.827	183.400
15/06/1990	9.499	8.506	20.731	26.293	97.000
16/06/1990	20.645	7.851	20.827	25.668	123.700
17/06/1990	0.000	9.152	20.269	26.611	80.200
18/06/1990	3.226	8.884	20.183	26.236	74.800
19/06/1990	1.118	9.141	21.553	27.577	66.200
20/06/1990	3.479	10.203	21.577	28.750	54.300
21/06/1990	3.070	9.492	21.264	27.736	43.700
22/06/1990	0.542	10.760	20.764	28.716	36.500
23/06/1990	3.894	11.184	21.361	29.620	38.400
24/06/1990	17.019	8.301	21.721	26.861	36.700
25/06/1990	3.924	10.644	20.312	28.264	55.900
26/06/1990	0.000	9.440	21.442	27.808	44.600
27/06/1990	2.573	8.747	21.606	27.250	35.800
28/06/1990	18.089	8.406	21.341	26.668	38.400
29/06/1990	5.435	10.799	20.721	28.712	63.200
30/06/1990	0.000	9.090	21.163	27.212	49.200
01/07/1990	0.495	11.447	21.072	29.683	44.400
02/07/1990	5.483	12.086	21.654	30.817	44.400
03/07/1990	19.391	10.276	22.423	29.438	54.700
04/07/1990	7.142	9.114	22.543	28.337	44.400
05/07/1990	23.898	8.972	22.284	27.957	77.700
06/07/1990	8.805	9.676	21.173	27.837	152.900
07/07/1990	14.411	10.096	21.572	28.567	121.200
08/07/1990	16.372	8.308	22.082	27.168	94.700
09/07/1990	12.017	8.998	20.827	26.808	77.300
10/07/1990	8.296	7.023	21.736	25.615	65.100
11/07/1990	1.096	8.882	21.779	27.481	70.800
12/07/1990	3.958	11.472	20.361	29.120	59.300
13/07/1990	1.705	8.944	21.183	27.034	52.800
14/07/1990	9.396	8.908	21.779	27.471	48.100
15/07/1990	16.907	8.837	21.428	27.101	55.400
16/07/1990	13.865	8.337	20.966	26.231	105.900
17/07/1990	3.556	8.039	22.202	26.904	70.100
18/07/1990	0.364	8.778	21.481	27.048	80.600
19/07/1990	16.058	9.671	19.957	26.788	97.300
20/07/1990	1.882	11.442	20.269	28.957	66.700
21/07/1990	1.730	8.959	22.053	27.673	47.700
22/07/1990	4.172	9.664	20.793	27.413	40.100
23/07/1990	10.851	11.466	20.106	28.827	33.700
24/07/1990	0.000	8.941	21.923	27.553	63.800
25/07/1990	0.000	10.721	20.500	28.293	60.500
26/07/1990	9.842	9.214	21.399	27.380	49.400
27/07/1990	0.125	10.012	21.005	27.909	49.500
28/07/1990	3.785	10.183	20.726	27.870	36.100
29/07/1990	5.706	10.440	21.558	28.760	57.400
30/07/1990	6.991	10.100	20.889	27.861	59.500
31/07/1990	5.024	10.783	21.433	29.000	45.400
01/08/1990	3.231	10.570	20.356	27.933	35.500
02/08/1990	18.080	10.256	21.500	28.452	39.600
03/08/1990	0.329	10.688	20.183	27.957	37.400
04/08/1990	3.214	9.344	19.981	26.317	27.200
05/08/1990	0.237	9.519	21.615	27.764	24.500
06/08/1990	11.951	10.772	20.413	28.159	23.400
07/08/1990	9.707	10.851	20.832	28.538	68.200
08/08/1990	14.634	11.477	20.760	29.163	99.300
09/08/1990	5.022	10.482	21.072	28.303	55.100
10/08/1990	12.562	8.812	20.962	26.510	56.900
11/08/1990	20.120	9.688	19.856	26.519	56.400
12/08/1990	4.106	10.154	20.197	27.264	62.800
13/08/1990	10.603	8.931	21.774	27.245	49.100
14/08/1990	8.153	9.137	20.856	26.712	53.000
15/08/1990	11.701	7.509	20.841	25.096	83.000
16/08/1990	2.310	10.574	20.649	28.014	112.100
17/08/1990	4.130	11.589	19.764	28.452	69.800
18/08/1990	4.502	10.365	21.404	28.385	48.300
19/08/1990	6.337	8.896	21.909	27.317	36.900
20/08/1990	3.203	10.195	20.957	27.861	43.400
21/08/1990	0.668	11.907	20.760	29.490	35.200
22/08/1990	0.000	11.304	21.207	29.178	27.900
23/08/1990	2.823	8.371	21.577	26.514	25.000
24/08/1990	6.461	9.341	21.394	27.288	23.900
25/08/1990	18.104	9.106	21.697	27.284	30.500
26/08/1990	14.581	10.257	21.572	28.332	30.600
27/08/1990	16.788	9.215	21.091	26.933	42.000
28/08/1990	26.417	7.475	21.308	25.423	59.400
29/08/1990	2.515	8.333	20.380	25.476	86.300
30/08/1990	7.824	10.278	20.688	27.683	94.500
31/08/1990	7.408	8.857	21.005	26.471	117.400
01/09/1990	0.000	9.037	21.178	26.784	71.600
02/09/1990	9.891	9.653	21.264	27.462	46.000
03/09/1990	13.737	8.242	21.236	26.053	45.300
04/09/1990	3.485	10.082	20.264	27.149	38.100
05/09/1990	0.656	10.173	21.707	28.346	30.100
06/09/1990	2.731	8.990	22.202	27.572	76.000
07/09/1990	10.219	8.613	21.115	26.317	49.300
08/09/1990	3.988	10.017	21.827	28.279	37.900
09/09/1990	21.220	7.123	21.918	25.596	35.200
10/09/1990	13.736	9.653	21.500	27.639	71.900
11/09/1990	10.507	10.887	19.995	27.788	48.800
12/09/1990	15.631	8.383	21.596	26.486	67.500
13/09/1990	12.659	9.142	20.909	26.702	86.600
14/09/1990	5.677	8.861	21.846	27.159	138.000
15/09/1990	0.314	10.735	21.067	28.418	73.000
16/09/1990	4.197	11.712	19.236	28.139	47.400
17/09/1990	5.977	11.604	20.409	28.880	69.900
18/09/1990	1.517	9.922	21.207	27.716	48.200
19/09/1990	9.599	10.021	21.144	27.788	37.500
20/09/1990	7.327	9.866	20.620	27.221	43.900
21/09/1990	7.401	9.977	20.481	27.245	49.100
22/09/1990	27.774	9.599	19.702	26.264	75.200
23/09/1990	4.594	9.652	20.130	26.644	142.300
24/09/1990	8.703	10.568	19.572	27.216	98.200
25/09/1990	3.862	9.789	19.952	26.678	84.000
26/09/1990	2.319	9.196	20.726	26.668	64.900
27/09/1990	2.077	9.438	21.024	27.163	58.000
28/09/1990	14.844	6.895	21.447	25.087	64.500
29/09/1990	6.910	11.479	20.529	28.942	48.600
30/09/1990	1.855	8.312	20.702	25.822	58.300
01/10/1990	2.990	7.905	20.548	25.303	91.400
02/10/1990	8.928	7.733	20.231	24.856	69.000
03/10/1990	19.578	9.264	19.072	25.529	106.300
04/10/1990	32.344	9.696	19.990	26.702	88.900
05/10/1990	9.135	7.606	20.418	24.928	91.700
06/10/1990	7.255	9.002	20.745	26.587	101.800
07/10/1990	36.504	9.027	20.543	26.471	174.500
08/10/1990	20.781	6.462	20.615	24.034	196.700
09/10/1990	10.613	9.036	20.106	26.168	116.600
10/10/1990	9.885	8.856	20.567	26.356	106.800
11/10/1990	0.000	9.673	19.495	26.404	76.900
12/10/1990	51.406	7.662	19.668	24.447	134.900
13/10/1990	9.648	8.999	20.019	26.135	128.400
14/10/1990	0.000	9.884	20.856	27.726	137.300
15/10/1990	0.000	9.413	20.519	26.976	138.800
16/10/1990	5.946	8.909	20.221	26.245	152.000
17/10/1990	0.985	9.565	20.087	26.875	141.300
18/10/1990	7.880	8.716	20.447	26.250	129.900
19/10/1990	2.982	8.965	20.721	26.726	85.900
20/10/1990	46.427	7.058	20.053	24.279	104.600
21/10/1990	19.179	9.333	20.505	26.981	104.600
22/10/1990	26.256	8.217	19.524	25.072	173.300
23/10/1990	3.001	8.176	19.899	25.327	93.200
24/10/1990	7.683	7.998	20.048	25.260	81.400
25/10/1990	10.757	8.916	19.928	26.202	245.600
26/10/1990	16.790	8.538	20.274	26.038	162.400
27/10/1990	26.209	7.810	21.058	25.947	160.800
28/10/1990	28.868	8.899	20.548	26.678	182.200
29/10/1990	20.943	7.795	20.942	25.870	118.600
30/10/1990	3.469	8.278	20.274	25.832	223.000
31/10/1990	8.692	7.998	20.452	25.721	310.400
01/11/1990	11.983	7.554	21.072	25.764	184.800
02/11/1990	4.808	8.761	20.341	26.471	120.300
03/11/1990	19.016	7.973	21.173	26.322	109.600
04/11/1990	6.122	8.538	20.654	26.514	192.600
05/11/1990	26.602	8.909	20.298	26.678	444.700
06/11/1990	7.855	9.959	19.548	27.327	249.900
07/11/1990	2.919	10.020	21.317	28.750	142.900
08/11/1990	22.009	7.387	21.716	26.221	340.000
09/11/1990	8.431	8.614	21.519	27.418	224.300
10/11/1990	14.075	6.750	21.332	25.312	178.500
11/11/1990	0.000	7.837	21.514	26.596	141.600
12/11/1990	1.097	8.060	21.356	26.707	104.000
13/11/1990	0.765	8.618	22.385	28.154	83.800
14/11/1990	0.000	8.490	22.183	27.894	78.900
15/11/1990	0.000	7.665	21.385	26.389	85.500
16/11/1990	4.541	8.815	20.663	27.087	91.100
17/11/1990	34.887	9.668	20.913	28.240	120.700
18/11/1990	26.773	6.820	20.438	24.779	232.200
19/11/1990	1.105	7.430	20.957	25.808	231.500
20/11/1990	4.495	7.539	21.514	26.413	132.100
21/11/1990	22.621	7.170	21.139	25.736	92.900
22/11/1990	1.697	8.676	20.577	26.952	72.300
23/11/1990	2.805	8.820	19.707	26.486	84.700
24/11/1990	2.043	7.588	20.053	25.351	105.600
25/11/1990	2.356	10.036	19.702	27.923	103.300
26/11/1990	1.597	9.179	21.159	28.019	74.900
27/11/1990	12.266	9.351	19.957	27.346	93.800
28/11/1990	3.466	8.514	21.250	27.375	84.300
29/11/1990	23.121	7.863	20.413	26.000	275.500
30/11/1990	5.355	8.337	20.779	26.808	172.300
01/12/1990	0.000	8.825	21.524	27.966	112.700
02/12/1990	7.350	8.634	20.697	27.144	94.700
03/12/1990	55.142	7.414	20.774	25.793	244.900
04/12/1990	10.127	8.331	20.130	26.346	142.200
05/12/1990	11.752	5.440	20.822	23.822	209.300
06/12/1990	0.000	8.981	19.721	26.808	136.000
07/12/1990	0.000	9.016	19.928	27.048	117.100
08/12/1990	9.430	7.064	20.654	25.385	192.600
09/12/1990	0.000	9.483	19.716	27.447	208.800
10/12/1990	0.000	8.616	19.327	26.120	109.800
11/12/1990	0.000	7.110	20.712	25.490	115.200
12/12/1990	0.000	8.512	20.567	26.952	258.800
13/12/1990	0.000	8.897	19.938	26.933	68.000
14/12/1990	0.000	8.676	21.457	27.861	62.600
15/12/1990	0.000	9.160	21.312	28.293	61.800
16/12/1990	4.009	9.553	20.418	28.120	54.500
17/12/1990	6.654	9.889	20.923	28.885	53.800
18/12/1990	0.000	10.608	19.120	28.442	51.500
19/12/1990	7.590	8.721	20.904	27.486	48.000
20/12/1990	3.008	10.362	20.846	29.409	46.500
21/12/1990	4.417	8.525	21.601	27.822	43.800
22/12/1990	0.000	9.801	20.375	28.356	41.900
23/12/1990	0.000	9.589	19.909	27.764	39.800
24/12/1990	0.000	9.216	19.904	27.298	38.400
25/12/1990	0.000	8.602	19.341	26.135	37.800
26/12/1990	0.000	7.939	20.760	26.433	44.000
27/12/1990	4.830	8.677	20.197	26.856	42.300
28/12/1990	22.218	8.861	19.471	26.529	56.800
29/12/1990	0.000	9.581	19.553	27.423	52.800
30/12/1990	6.642	9.090	19.683	26.938	35.300
31/12/1990	3.775	9.536	20.053	27.760	42.000
01/01/1991	0.391	9.139	20.159	27.341	59.300
02/01/1991	11.097	8.787	19.851	26.678	44.800
03/01/1991	0.000	9.233	19.688	27.067	50.400
04/01/1991	0.000	7.599	20.990	26.188	28.200
05/01/1991	0.724	8.706	21.380	27.731	22.800
06/01/1991	5.921	8.592	21.115	27.380	19.500
07/01/1991	29.485	8.914	20.111	26.971	60.300
08/01/1991	2.468	9.198	19.889	27.130	45.500
09/01/1991	0.442	9.672	21.053	28.534	31.000
10/01/1991	0.000	10.858	19.332	28.673	29.000
11/01/1991	6.755	9.056	20.351	27.284	25.000
12/01/1991	0.000	8.904	20.442	27.144	24.300
13/01/1991	0.000	9.886	19.466	27.548	18.000
14/01/1991	0.199	9.541	19.245	26.938	16.300
15/01/1991	0.000	10.112	19.346	27.697	14.300
16/01/1991	0.000	10.056	18.769	27.178	13.700
17/01/1991	0.000	9.357	19.433	26.837	39.100
18/01/1991	0.190	8.274	20.837	26.639	21.200
19/01/1991	1.117	10.112	19.659	27.841	35.000
20/01/1991	0.000	9.581	19.293	26.913	21.600
21/01/1991	0.088	9.930	19.010	27.101	17.500
22/01/1991	0.000	9.329	19.731	26.928	14.000
23/01/1991	0.000	10.889	19.019	28.202	12.400
24/01/1991	0.000	11.432	19.135	28.928	11.500
25/01/1991	0.000	11.399	19.529	29.130	11.100
26/01/1991	0.000	10.768	19.582	28.389	9.900
27/01/1991	0.000	10.459	20.154	28.409	9.200
28/01/1991	0.000	11.418	20.394	29.668	8.900
29/01/1991	0.617	11.620	20.053	29.649	8.500
30/01/1991	0.000	12.091	19.159	29.553	10.900
31/01/1991	0.000	10.658	20.865	29.058	9.500
01/02/1991	0.000	11.159	20.260	29.178	8.100
02/02/1991	0.000	11.443	20.154	29.385	7.700
03/02/1991	0.000	11.325	19.337	28.630	13.800
04/02/1991	0.000	11.174	19.120	28.284	10.700
05/02/1991	0.000	10.640	19.750	28.091	9.200
06/02/1991	0.000	12.005	19.846	29.702	13.400
07/02/1991	0.000	10.131	21.457	28.731	10.600
08/02/1991	0.000	8.983	20.990	27.120	12.800
09/02/1991	0.000	9.991	20.303	27.663	57.400
10/02/1991	0.000	9.276	21.385	27.692	20.000
11/02/1991	9.975	10.017	21.101	28.260	14.100
12/02/1991	0.486	8.689	21.288	26.976	11.700
13/02/1991	5.569	10.102	20.764	28.072	27.100
14/02/1991	0.000	11.494	21.606	30.168	17.500
15/02/1991	10.023	10.512	21.197	28.769	14.300
16/02/1991	39.490	6.600	22.106	25.553	35.300
17/02/1991	3.853	9.957	21.409	28.288	41.400
18/02/1991	0.000	12.093	20.183	29.697	20.600
19/02/1991	0.000	12.080	20.562	29.952	16.300
20/02/1991	0.000	11.868	20.909	29.918	14.000
21/02/1991	0.000	10.410	21.817	28.995	11.600
22/02/1991	0.000	12.405	20.601	30.240	23.300
23/02/1991	0.000	11.090	23.269	30.784	14.300
24/02/1991	9.540	10.318	23.216	29.938	14.800
25/02/1991	0.000	12.972	23.538	32.875	30.000
26/02/1991	1.489	10.722	23.404	30.447	19.100
27/02/1991	6.796	11.050	22.192	29.822	11.800
28/02/1991	16.465	11.199	22.817	30.442	18.600
01/03/1991	0.000	10.637	21.803	29.091	31.300
02/03/1991	27.094	10.612	21.385	28.688	34.400
03/03/1991	8.354	11.518	20.779	29.216	67.800
04/03/1991	5.016	10.609	20.856	28.264	57.000
05/03/1991	12.240	8.283	21.096	26.087	158.200
06/03/1991	5.261	8.721	21.288	26.639	107.600
07/03/1991	3.976	10.399	21.188	28.240	46.600
08/03/1991	4.932	10.610	21.490	28.707	37.700
09/03/1991	20.234	9.002	21.226	26.841	85.100
10/03/1991	6.492	8.842	21.293	26.707	80.400
11/03/1991	10.666	7.593	21.611	25.774	246.400
12/03/1991	3.996	9.374	21.312	27.250	154.400
13/03/1991	11.327	10.340	21.433	28.288	167.500
14/03/1991	6.124	10.742	21.755	28.957	79.600
15/03/1991	1.036	11.914	20.077	28.918	72.900
16/03/1991	6.574	10.837	22.048	29.236	77.300
17/03/1991	0.000	11.411	21.173	29.173	41.500
18/03/1991	0.000	11.179	20.995	28.774	29.300
19/03/1991	0.000	12.046	20.577	29.361	21.200
20/03/1991	0.000	11.545	21.077	29.216	18.700
21/03/1991	0.000	11.449	22.043	29.808	22.000
22/03/1991	0.000	9.540	23.428	29.010	17.300
23/03/1991	0.000	12.966	21.269	30.812	15.100
24/03/1991	3.747	12.293	21.562	30.293	15.900
25/03/1991	0.000	11.741	21.832	29.918	15.900
26/03/1991	0.346	10.243	21.558	28.178	12.600
27/03/1991	0.000	7.276	20.971	24.875	15.500
28/03/1991	1.281	8.165	20.490	25.303	16.300
29/03/1991	0.000	13.008	19.904	29.837	18.100
30/03/1991	5.445	12.682	20.197	29.692	14.000
31/03/1991	17.622	10.258	21.351	28.029	17.300
01/04/1991	0.000	10.497	21.394	28.293	84.100
02/04/1991	0.000	11.438	20.587	28.644	62.000
03/04/1991	0.000	12.402	20.601	29.668	27.200
04/04/1991	0.000	10.259	23.149	29.423	16.800
05/04/1991	14.283	11.975	21.784	30.091	13.700
06/04/1991	9.947	9.355	22.293	27.865	25.300
07/04/1991	0.000	10.892	22.062	29.202	24.100
08/04/1991	11.097	11.307	21.413	29.135	18.700
09/04/1991	17.792	8.776	21.365	26.572	32.400
10/04/1991	14.603	7.927	21.596	25.971	40.200
11/04/1991	16.313	9.604	22.356	28.168	43.900
12/04/1991	1.299	10.627	20.938	28.091	33.800
13/04/1991	34.807	7.450	20.938	25.014	199.300
14/04/1991	0.000	10.700	20.438	27.784	150.600
15/04/1991	8.468	8.924	20.875	26.361	117.400
16/04/1991	0.423	11.418	20.760	28.817	71.600
17/04/1991	7.178	9.762	22.601	28.553	40.300
18/04/1991	20.400	10.732	21.014	28.288	85.800
19/04/1991	6.884	9.734	21.361	27.543	116.100
20/04/1991	0.467	9.566	22.159	28.048	60.600
21/04/1991	0.504	9.821	21.101	27.481	33.800
22/04/1991	7.278	10.168	21.712	28.332	22.900
23/04/1991	7.506	10.791	21.389	28.707	42.000
24/04/1991	9.406	9.368	22.692	28.337	45.100
25/04/1991	3.747	11.077	23.673	30.750	29.300
26/04/1991	8.995	9.874	21.803	28.139	54.000
27/04/1991	0.000	8.836	22.269	27.490	32.800
28/04/1991	23.876	8.197	21.856	26.519	29.900
29/04/1991	21.074	11.039	21.322	28.923	106.500
30/04/1991	12.133	10.139	20.760	27.582	118.700
01/05/1991	11.513	10.245	20.918	27.856	58.000
02/05/1991	15.072	8.807	22.433	27.639	152.900
03/05/1991	6.790	9.155	21.197	27.000	92.900
04/05/1991	24.293	7.712	21.308	25.683	301.500
05/05/1991	11.918	9.342	21.298	27.260	124.200
06/05/1991	0.215	9.715	21.832	28.058	85.400
07/05/1991	6.900	9.835	21.356	27.832	71.300
08/05/1991	5.423	10.390	21.154	28.264	70.000
09/05/1991	9.400	9.562	22.264	28.288	54.300
10/05/1991	21.318	9.372	21.846	27.774	103.500
11/05/1991	7.093	10.390	21.327	28.399	101.400
12/05/1991	11.323	8.082	21.659	26.361	111.800
13/05/1991	13.333	10.215	21.606	28.452	100.400
14/05/1991	0.000	10.121	21.548	28.337	75.300
15/05/1991	10.600	8.433	22.135	27.149	41.000
16/05/1991	21.442	8.531	21.832	27.000	67.000
17/05/1991	38.788	8.092	21.346	26.173	202.700
18/05/1991	21.409	5.769	21.144	23.894	451.800
19/05/1991	4.211	8.323	21.072	26.168	179.900
20/05/1991	6.946	7.215	21.332	25.337	290.000
21/05/1991	14.406	7.737	21.433	25.904	165.700
22/05/1991	21.527	8.993	20.553	26.457	168.600
23/05/1991	7.585	9.328	20.755	26.976	94.300
24/05/1991	2.226	6.977	20.736	24.644	131.200
25/05/1991	0.288	9.141	20.534	26.663	105.500
26/05/1991	9.871	9.646	21.212	27.707	124.300
27/05/1991	10.648	10.231	21.135	28.274	139.500
28/05/1991	0.000	8.782	21.577	27.115	80.600
29/05/1991	13.810	10.170	21.361	28.423	51.500
30/05/1991	12.156	9.350	21.495	27.654	62.200
31/05/1991	8.884	7.362	20.875	25.188	63.200
01/06/1991	0.337	8.526	21.721	27.000	112.700
02/06/1991	5.962	9.158	22.442	28.221	60.000
03/06/1991	17.410	8.354	22.303	27.317	73.600
04/06/1991	6.952	10.482	21.510	28.918	77.000
05/06/1991	16.303	9.331	22.173	28.216	112.900
06/06/1991	10.674	7.712	21.606	26.207	133.800
07/06/1991	17.218	9.465	21.288	27.688	247.000
08/06/1991	0.000	9.588	21.236	27.774	100.400
09/06/1991	0.094	11.045	21.207	29.327	61.100
10/06/1991	3.087	9.746	21.125	27.851	60.900
11/06/1991	1.981	10.314	21.341	28.668	82.100
12/06/1991	4.426	11.717	20.625	29.649	52.200
13/06/1991	2.284	9.726	21.673	28.298	40.000
14/06/1991	17.499	7.777	21.466	26.130	44.700
15/06/1991	15.115	7.136	21.716	25.721	47.100
16/06/1991	9.069	7.732	21.572	26.183	157.500
17/06/1991	5.354	7.835	21.466	26.188	80.000
18/06/1991	16.156	10.656	21.144	28.889	73.500
19/06/1991	21.312	8.546	21.981	27.317	77.500
20/06/1991	4.414	9.364	22.019	28.192	184.500
21/06/1991	9.330	9.038	22.409	28.178	84.900
22/06/1991	7.733	8.441	22.370	27.543	82.400
23/06/1991	6.327	8.323	22.630	27.625	58.000
24/06/1991	3.444	9.035	21.173	27.197	96.100
25/06/1991	6.434	8.615	21.264	26.846	70.200
26/06/1991	12.524	9.552	21.317	27.832	100.100
27/06/1991	13.519	8.459	20.639	26.173	103.000
28/06/1991	18.382	6.723	21.264	25.014	179.700
29/06/1991	19.745	8.633	20.337	26.106	127.800
30/06/1991	0.000	10.683	19.668	27.808	88.600
01/07/1991	0.425	9.854	21.101	27.990	53.900
02/07/1991	0.195	9.275	22.245	28.288	65.200
03/07/1991	3.965	9.763	21.202	27.981	60.300
04/07/1991	26.345	9.189	21.562	27.635	204.400
05/07/1991	31.745	8.615	21.750	27.183	128.200
06/07/1991	21.915	9.727	21.413	28.077	144.600
07/07/1991	14.811	7.504	22.053	26.375	102.700
08/07/1991	0.483	9.833	21.255	28.058	169.500
09/07/1991	0.745	7.760	21.716	26.308	120.200
10/07/1991	4.014	10.384	21.115	28.519	91.000
11/07/1991	3.662	8.814	22.087	27.649	57.800
12/07/1991	6.425	8.146	22.264	27.115	45.500
13/07/1991	6.869	9.543	21.572	27.947	36.200
14/07/1991	2.334	10.078	22.683	29.375	94.900
15/07/1991	0.376	11.013	21.904	29.760	45.500
16/07/1991	6.773	10.219	22.029	29.005	185.000
17/07/1991	0.000	10.204	21.529	28.577	115.800
18/07/1991	0.170	9.407	22.721	28.697	86.000
19/07/1991	0.000	10.503	21.952	29.202	91.400
20/07/1991	20.689	9.307	21.197	27.361	60.900
21/07/1991	0.360	9.938	21.240	28.067	80.900
22/07/1991	13.181	9.876	20.976	27.779	57.600
23/07/1991	0.285	10.984	20.452	28.567	37.700
24/07/1991	0.000	8.349	21.202	26.380	80.500
25/07/1991	0.938	11.211	20.933	29.149	58.400
26/07/1991	0.000	11.230	21.154	29.308	36.400
27/07/1991	0.646	9.572	21.620	27.913	29.900
28/07/1991	2.493	8.238	22.793	27.524	28.200
29/07/1991	5.247	10.598	21.697	29.010	32.600
30/07/1991	26.282	7.785	22.476	26.832	41.800
31/07/1991	23.382	7.751	21.731	26.178	46.700
01/08/1991	29.300	6.174	20.505	23.736	92.200
02/08/1991	11.326	10.699	19.029	27.101	77.900
03/08/1991	2.300	11.037	20.197	28.317	53.500
04/08/1991	0.000	10.742	19.865	27.726	35.500
05/08/1991	0.790	7.960	21.346	26.024	73.600
06/08/1991	0.208	10.605	20.438	28.010	75.200
07/08/1991	8.916	9.948	20.851	27.601	41.000
08/08/1991	15.070	9.407	22.149	28.062	38.500
09/08/1991	0.000	8.315	21.019	26.082	36.200
10/08/1991	25.076	9.194	19.909	26.087	42.500
11/08/1991	15.870	10.002	21.139	27.889	50.800
12/08/1991	0.709	11.171	20.620	28.688	38.100
13/08/1991	0.000	10.229	20.058	27.250	30.800
14/08/1991	0.000	11.931	19.889	28.952	21.600
15/08/1991	0.323	12.708	19.894	29.808	17.400
16/08/1991	0.000	10.868	20.240	28.034	17.600
17/08/1991	24.554	11.130	20.351	28.370	17.800
18/08/1991	0.000	10.920	20.389	28.183	41.000
19/08/1991	0.556	10.485	20.163	27.558	41.500
20/08/1991	10.712	9.761	20.798	27.260	67.400
21/08/1991	0.943	11.641	20.587	29.067	62.300
22/08/1991	0.000	11.774	20.043	28.808	41.700
23/08/1991	1.070	11.237	19.769	28.038	28.900
24/08/1991	4.332	10.261	20.159	27.288	26.700
25/08/1991	0.000	11.132	20.014	28.077	44.300
26/08/1991	0.000	9.781	21.058	27.447	28.100
27/08/1991	0.000	10.263	20.894	27.812	19.100
28/08/1991	0.000	10.206	21.288	28.101	18.200
29/08/1991	0.000	9.848	20.264	26.913	19.000
30/08/1991	6.945	11.190	20.659	28.615	14.400
31/08/1991	0.000	11.422	20.370	28.635	12.800
01/09/1991	5.525	10.855	20.375	28.038	11.400
02/09/1991	1.879	12.415	20.399	29.707	10.900
03/09/1991	6.741	10.887	20.312	28.000	14.400
04/09/1991	12.508	9.290	21.505	27.332	15.900
05/09/1991	1.520	9.103	21.288	26.957	19.400
06/09/1991	0.000	9.855	20.784	27.298	12.000
07/09/1991	10.900	12.447	20.120	29.524	15.900
08/09/1991	1.334	12.299	20.649	29.755	13.000
09/09/1991	0.000	10.365	22.582	29.231	23.300
10/09/1991	0.000	11.673	21.385	29.635	25.100
11/09/1991	0.000	10.850	21.087	28.582	16.700
12/09/1991	0.000	13.774	20.308	31.115	13.400
13/09/1991	1.182	11.442	20.178	28.500	10.200
14/09/1991	14.503	9.995	21.889	28.303	10.000
15/09/1991	25.944	7.811	22.048	26.327	14.700
16/09/1991	31.010	8.076	21.779	26.399	12.600
17/09/1991	29.545	9.292	21.087	26.976	123.600
18/09/1991	5.933	10.185	20.702	27.601	103.900
19/09/1991	18.805	8.929	21.611	27.053	140.100
20/09/1991	13.890	7.376	21.755	25.760	120.500
21/09/1991	19.979	8.592	21.183	26.404	101.500
22/09/1991	13.789	7.363	21.216	25.269	86.800
23/09/1991	18.252	8.546	21.466	26.577	134.400
24/09/1991	13.259	8.143	21.168	25.971	181.500
25/09/1991	11.769	10.105	19.942	27.019	153.800
26/09/1991	23.950	8.879	20.053	25.832	162.100
27/09/1991	8.461	10.986	20.740	28.553	94.000
28/09/1991	16.163	9.646	21.572	27.822	111.300
29/09/1991	8.677	8.110	21.731	26.452	188.400
30/09/1991	0.976	9.784	21.442	27.875	132.500
01/10/1991	23.549	9.832	20.615	27.293	165.800
02/10/1991	14.051	9.655	20.337	26.889	156.600
03/10/1991	19.367	8.929	20.197	26.053	188.800
04/10/1991	0.123	9.538	20.423	26.889	117.100
05/10/1991	8.004	9.680	20.688	27.236	101.500
06/10/1991	18.834	9.485	20.630	26.995	64.900
07/10/1991	1.541	9.255	20.168	26.413	57.400
08/10/1991	38.563	9.221	19.188	25.615	293.900
09/10/1991	1.112	7.529	20.558	25.000	262.100
10/10/1991	7.505	7.885	20.197	25.072	149.400
11/10/1991	6.941	9.093	19.442	25.755	127.500
12/10/1991	10.309	10.133	18.639	26.288	181.400
13/10/1991	0.154	10.605	19.875	27.755	132.500
14/10/1991	27.475	7.702	20.163	24.933	163.900
15/10/1991	0.000	10.190	19.481	27.053	107.800
16/10/1991	11.179	8.779	19.606	25.625	248.300
17/10/1991	6.512	8.662	20.712	26.370	207.900
18/10/1991	12.194	7.505	20.567	25.091	97.700
19/10/1991	0.000	8.115	19.865	25.159	98.400
20/10/1991	0.000	10.694	18.841	27.250	72.900
21/10/1991	0.000	11.418	18.731	28.019	57.400
22/10/1991	1.413	10.932	19.630	28.111	48.800
23/10/1991	15.310	10.181	19.399	27.154	42.300
24/10/1991	0.000	10.011	20.851	28.043	40.500
25/10/1991	12.138	8.005	20.923	26.043	34.900
26/10/1991	2.398	7.497	19.962	24.707	36.000
27/10/1991	13.425	8.329	18.981	24.856	79.000
28/10/1991	3.857	9.109	19.178	25.885	120.500
29/10/1991	12.379	11.366	20.014	29.091	84.900
30/10/1991	35.400	7.956	21.000	26.067	61.700
31/10/1991	2.938	8.927	19.423	25.923	63.200
01/11/1991	5.683	9.469	20.822	27.601	50.100
02/11/1991	12.386	9.638	20.846	27.827	47.500
03/11/1991	13.155	8.214	20.740	26.221	57.300
04/11/1991	11.012	6.447	21.452	25.053	50.100
05/11/1991	0.136	9.149	20.625	27.183	43.500
06/11/1991	0.000	7.686	21.067	26.005	49.000
07/11/1991	7.654	7.969	20.803	26.077	34.900
08/11/1991	26.942	8.296	20.327	26.072	28.600
09/11/1991	39.284	8.507	19.904	26.000	187.300
10/11/1991	7.037	6.859	20.635	24.822	155.600
11/11/1991	0.000	9.971	20.154	27.875	150.600
12/11/1991	0.565	8.593	21.317	27.250	137.000
13/11/1991	5.133	7.171	20.981	25.481	123.900
14/11/1991	47.696	8.626	20.370	26.582	336.000
15/11/1991	23.819	7.938	20.505	25.957	284.800
16/11/1991	0.000	7.832	20.370	25.707	206.100
17/11/1991	2.840	8.305	21.082	26.827	120.500
18/11/1991	0.000	8.591	21.418	27.423	97.700
19/11/1991	7.162	8.487	21.058	27.048	63.200
20/11/1991	3.762	10.155	20.375	28.466	63.200
21/11/1991	13.731	8.172	21.644	27.202	93.000
22/11/1991	25.803	9.411	21.000	28.106	131.200
23/11/1991	5.268	8.523	21.389	27.413	83.000
24/11/1991	33.779	8.040	21.962	27.356	66.400
25/11/1991	24.440	7.965	21.188	26.678	215.600
26/11/1991	8.316	6.858	21.351	25.654	260.900
27/11/1991	20.265	9.405	20.861	28.091	163.800
28/11/1991	0.000	8.643	21.014	27.370	157.900
29/11/1991	0.000	6.612	22.841	26.688	228.000
30/11/1991	0.000	7.812	21.889	27.149	146.000
01/12/1991	0.000	7.960	22.404	27.736	112.800
02/12/1991	5.891	9.162	21.178	28.115	88.300
03/12/1991	20.309	7.873	20.966	26.490	144.900
04/12/1991	26.816	9.726	20.567	28.327	116.000
05/12/1991	1.061	8.356	20.293	26.538	107.700
06/12/1991	0.399	8.905	21.231	27.880	97.700
07/12/1991	0.000	7.456	22.418	27.245	72.200
08/12/1991	0.000	8.780	22.380	28.649	56.800
09/12/1991	0.000	7.118	21.913	26.486	56.800
10/12/1991	0.684	8.298	21.591	27.519	78.100
11/12/1991	6.363	10.135	19.909	28.389	125.300
12/12/1991	0.000	10.088	21.466	29.486	70.200
13/12/1991	0.000	8.902	21.870	28.423	47.300
14/12/1991	0.000	7.829	21.764	27.130	43.000
15/12/1991	0.000	7.752	21.149	26.558	34.000
16/12/1991	7.252	8.970	20.096	27.125	29.700
17/12/1991	21.465	6.207	20.601	24.418	37.000
18/12/1991	11.750	8.433	20.620	26.928	36.000
19/12/1991	0.000	8.368	20.904	27.058	64.100
20/12/1991	0.000	7.875	20.788	26.418	41.300
21/12/1991	0.000	10.002	19.144	27.702	32.000
22/12/1991	0.000	9.104	20.183	27.370	29.300
23/12/1991	0.000	9.460	19.745	27.471	22.900
24/12/1991	0.000	9.842	19.596	27.808	18.700
25/12/1991	0.000	8.788	19.255	26.264	22.900
26/12/1991	0.000	8.578	20.038	26.606	17.300
27/12/1991	0.000	8.899	20.726	27.519	17.300
28/12/1991	0.000	9.194	21.101	28.149	18.700
29/12/1991	0.676	9.586	20.312	28.005	20.800
30/12/1991	0.000	8.922	20.885	27.663	20.100
31/12/1991	0.000	9.339	20.995	28.226	20.100
01/01/1992	0.000	8.077	19.938	25.942	16.600
02/01/1992	0.000	8.048	21.240	26.889	15.100
03/01/1992	25.225	8.827	20.423	27.173	55.000
04/01/1992	0.000	8.979	20.178	27.149	41.000
05/01/1992	30.687	6.999	21.553	26.005	182.400
06/01/1992	6.444	7.256	20.788	25.659	151.400
07/01/1992	0.756	8.949	20.558	27.375	97.500
08/01/1992	0.000	8.117	21.000	26.760	52.900
09/01/1992	0.000	9.569	20.159	27.755	28.600
10/01/1992	0.000	8.923	21.096	27.697	17.300
11/01/1992	0.000	9.960	20.062	28.096	12.500
12/01/1992	6.432	9.082	20.798	27.625	9.300
13/01/1992	0.000	9.092	20.558	27.438	15.900
14/01/1992	0.000	9.373	20.615	27.774	13.000
15/01/1992	0.000	8.992	20.135	26.962	11.700
16/01/1992	0.000	7.834	21.202	26.476	9.300
17/01/1992	0.000	7.758	21.760	26.837	9.300
18/01/1992	0.000	10.255	19.447	27.885	10.200
19/01/1992	0.000	10.532	20.029	28.611	8.600
20/01/1992	0.000	11.133	19.942	29.226	9.300
21/01/1992	0.000	7.615	22.615	27.332	8.000
22/01/1992	0.000	9.839	21.534	28.841	12.200
23/01/1992	22.340	10.965	20.288	29.221	12.900
24/01/1992	9.594	8.554	20.851	26.865	50.900
25/01/1992	17.474	9.249	20.144	27.077	42.300
26/01/1992	0.000	10.172	20.510	28.365	46.500
27/01/1992	0.000	7.846	20.837	26.024	22.900
28/01/1992	0.000	9.910	19.486	27.255	31.500
29/01/1992	0.000	9.028	20.591	27.062	20.800
30/01/1992	0.000	10.447	20.962	28.928	19.400
31/01/1992	2.788	10.467	20.534	28.606	16.700
01/02/1992	1.663	8.664	20.038	26.197	24.900
02/02/1992	0.000	11.977	17.601	28.269	25.100
03/02/1992	3.534	10.562	21.197	29.130	17.300
04/02/1992	0.000	10.581	19.135	27.615	17.300
05/02/1992	0.000	11.404	20.178	29.288	13.100
06/02/1992	0.000	9.465	21.611	28.149	8.600
07/02/1992	1.050	7.522	21.005	25.644	9.100
08/02/1992	0.000	10.100	21.553	28.764	9.300
09/02/1992	16.106	9.275	21.183	27.577	29.800
10/02/1992	0.000	8.634	20.596	26.409	37.600
11/02/1992	16.846	4.715	21.082	23.096	44.100
12/02/1992	0.874	8.203	20.053	25.471	249.700
13/02/1992	0.000	7.754	20.370	25.250	142.000
14/02/1992	0.000	10.879	19.159	27.712	77.500
15/02/1992	0.000	10.371	19.577	27.409	42.300
16/02/1992	0.000	9.857	19.529	26.779	27.200
17/02/1992	5.605	9.547	20.639	27.284	24.900
18/02/1992	0.000	9.211	20.269	26.606	26.100
19/02/1992	13.958	9.448	20.567	27.048	20.800
20/02/1992	5.651	9.317	20.096	26.543	19.400
21/02/1992	25.561	7.769	21.188	25.793	60.400
22/02/1992	0.000	11.194	19.827	28.351	62.000
23/02/1992	4.412	10.619	20.351	28.067	29.300
24/02/1992	0.000	10.543	20.601	28.163	22.900
25/02/1992	0.000	12.091	21.707	30.635	15.900
26/02/1992	12.597	8.719	22.159	27.447	15.900
27/02/1992	10.118	9.272	21.423	27.418	15.700
28/02/1992	7.004	10.867	21.062	28.798	14.600
29/02/1992	5.222	8.751	22.341	27.601	16.600
01/03/1992	13.247	9.104	21.553	27.293	61.900
02/03/1992	0.000	10.720	21.572	28.933	46.500
03/03/1992	0.436	11.136	21.663	29.433	27.200
04/03/1992	1.410	9.211	21.928	27.625	17.300
05/03/1992	3.471	11.623	21.034	29.428	16.300
06/03/1992	0.000	12.589	20.798	30.284	20.800
07/03/1992	26.661	9.818	21.495	27.889	63.900
08/03/1992	0.000	9.373	21.663	27.538	69.500
09/03/1992	0.687	11.254	20.337	28.481	28.200
10/03/1992	0.000	12.260	21.582	30.447	16.600
11/03/1992	0.000	10.389	23.255	29.779	11.700
12/03/1992	21.696	8.759	22.442	27.538	12.500
13/03/1992	6.523	10.020	22.740	29.010	15.700
14/03/1992	0.000	8.312	22.591	27.236	15.600
15/03/1992	0.781	9.101	21.803	27.337	35.100
16/03/1992	6.135	9.802	21.938	28.120	43.000
17/03/1992	0.000	10.372	22.380	29.010	64.800
18/03/1992	0.000	11.119	22.433	29.817	20.800
19/03/1992	0.000	12.564	22.096	31.024	14.400
20/03/1992	0.000	10.947	22.438	29.591	10.500
21/03/1992	0.000	8.294	20.519	25.433	10.200
22/03/1992	0.000	10.711	21.077	28.298	8.600
23/03/1992	0.000	12.563	20.793	30.034	8.600
24/03/1992	0.000	9.964	20.894	27.394	8.600
25/03/1992	0.000	10.625	20.894	28.077	8.000
26/03/1992	4.409	11.288	20.067	28.125	7.000
27/03/1992	0.000	11.402	20.481	28.558	7.500
28/03/1992	0.000	10.983	21.774	29.077	8.600
29/03/1992	0.000	11.686	21.380	29.514	7.300
30/03/1992	2.987	8.665	21.635	26.688	8.000
31/03/1992	22.656	8.625	20.394	25.668	8.900
01/04/1992	0.000	10.631	20.144	27.495	32.400
02/04/1992	0.000	12.142	20.413	29.250	10.200
03/04/1992	0.062	9.131	22.952	28.188	9.800
04/04/1992	0.326	9.612	22.188	28.043	8.400
05/04/1992	17.065	10.445	20.851	27.832	9.500
06/04/1992	0.000	10.649	21.577	28.596	8.900
07/04/1992	0.000	11.064	21.755	29.159	6.300
08/04/1992	0.000	13.696	21.014	31.380	6.300
09/04/1992	0.773	12.660	22.245	31.159	6.000
10/04/1992	19.377	11.510	22.111	29.889	6.000
11/04/1992	9.037	11.183	22.356	29.740	8.900
12/04/1992	14.522	9.525	22.197	27.976	20.400
13/04/1992	1.224	9.528	22.058	27.875	12.900
14/04/1992	5.919	11.081	20.952	28.587	10.800
15/04/1992	11.899	11.035	20.865	28.471	9.100
16/04/1992	15.577	8.482	21.596	26.505	14.000
17/04/1992	0.000	8.156	21.476	26.115	13.000
18/04/1992	12.531	9.565	21.077	27.192	9.900
19/04/1992	14.721	8.538	21.231	26.308	124.200
20/04/1992	0.000	11.786	21.370	29.663	59.100
21/04/1992	0.317	11.464	20.909	29.005	27.000
22/04/1992	10.703	9.056	22.125	27.514	20.800
23/04/1992	18.179	10.025	21.308	27.851	69.600
24/04/1992	6.343	7.444	21.995	25.971	57.000
25/04/1992	11.890	9.308	21.135	27.010	74.800
26/04/1992	23.572	7.490	21.851	25.894	62.400
27/04/1992	9.207	7.791	21.553	25.885	226.100
28/04/1992	0.375	8.516	21.356	26.428	95.500
29/04/1992	0.041	9.206	21.471	27.212	79.600
30/04/1992	0.386	9.696	21.240	27.505	63.200
01/05/1992	6.996	9.333	20.870	26.865	46.300
02/05/1992	15.599	9.435	21.370	27.380	130.100
03/05/1992	20.543	9.452	20.582	26.803	106.000
04/05/1992	31.721	10.574	20.438	27.856	338.000
05/05/1992	5.886	9.551	21.591	27.688	163.100
06/05/1992	24.316	8.630	20.889	26.288	268.200
07/05/1992	18.967	10.138	20.990	27.841	207.800
08/05/1992	0.000	9.177	19.971	26.077	111.700
09/05/1992	4.120	10.789	20.317	28.077	103.900
10/05/1992	0.000	11.083	21.106	28.971	76.900
11/05/1992	5.330	10.760	21.846	29.192	35.100
12/05/1992	18.849	10.342	21.880	28.788	52.100
13/05/1992	14.887	9.104	21.466	27.240	105.400
14/05/1992	0.000	10.089	21.663	28.404	150.600
15/05/1992	10.450	10.452	20.966	28.245	77.500
16/05/1992	8.040	8.041	20.817	25.668	76.300
17/05/1992	11.761	9.596	20.986	27.385	73.800
18/05/1992	7.502	9.286	21.361	27.365	110.800
19/05/1992	6.603	9.676	22.351	28.562	72.900
20/05/1992	24.106	9.310	21.476	27.519	127.400
21/05/1992	16.077	8.965	21.000	26.827	193.100
22/05/1992	23.196	8.148	21.168	26.139	208.800
23/05/1992	1.358	8.532	20.861	26.284	124.700
24/05/1992	9.902	10.924	20.798	28.745	97.500
25/05/1992	0.000	10.767	20.981	28.712	116.200
26/05/1992	5.768	7.252	22.851	26.716	166.700
27/05/1992	7.103	9.844	21.923	28.486	113.500
28/05/1992	13.699	8.878	21.240	26.990	140.100
29/05/1992	19.265	7.567	20.442	25.010	109.200
30/05/1992	1.870	8.606	20.668	26.236	85.200
31/05/1992	7.353	9.094	21.601	27.486	139.300
01/06/1992	1.400	9.185	21.562	27.577	91.600
02/06/1992	9.302	8.978	22.188	27.865	60.100
03/06/1992	26.883	9.318	20.885	27.178	70.000
04/06/1992	1.872	10.118	20.365	27.635	59.900
05/06/1992	4.801	10.702	21.471	29.106	78.600
06/06/1992	5.051	9.272	21.380	27.553	119.800
07/06/1992	1.747	9.602	21.062	27.639	110.600
08/06/1992	5.727	9.151	21.293	27.341	98.300
09/06/1992	14.351	8.548	21.404	26.817	72.400
10/06/1992	9.359	9.417	21.514	27.803	79.600
11/06/1992	6.452	10.818	20.510	28.558	105.500
12/06/1992	14.051	7.996	21.029	26.024	77.500
13/06/1992	0.000	9.933	21.120	28.111	50.100
14/06/1992	0.000	10.981	20.678	28.885	32.400
15/06/1992	0.082	11.915	21.260	30.365	18.700
16/06/1992	0.000	10.077	21.144	28.250	26.000
17/06/1992	0.965	9.388	21.245	27.630	22.900
18/06/1992	0.237	10.297	20.995	28.370	21.800
19/06/1992	13.619	9.556	21.231	27.769	50.900
20/06/1992	40.086	8.158	20.087	25.433	328.400
21/06/1992	6.264	10.128	20.875	28.135	122.100
22/06/1992	0.000	11.856	20.846	30.000	61.100
23/06/1992	0.000	9.948	20.928	27.976	42.300
24/06/1992	5.233	10.311	20.615	28.135	22.900
25/06/1992	7.976	10.294	20.688	28.168	38.800
26/06/1992	4.116	9.062	20.971	27.101	27.400
27/06/1992	2.142	8.215	21.639	26.712	48.200
28/06/1992	2.608	9.140	20.543	26.808	37.400
29/06/1992	0.337	8.491	21.111	26.558	31.500
30/06/1992	15.987	10.078	20.981	28.149	22.900
01/07/1992	0.000	8.870	23.010	28.481	24.900
02/07/1992	18.235	11.206	21.490	29.712	27.400
03/07/1992	0.000	9.090	21.433	27.457	69.500
04/07/1992	0.000	9.198	21.260	27.409	47.400
05/07/1992	1.129	10.801	21.077	28.957	22.900
06/07/1992	0.587	8.911	21.909	27.625	19.700
07/07/1992	2.930	9.716	21.264	27.942	19.700
08/07/1992	14.648	8.942	21.303	27.130	14.400
09/07/1992	5.487	10.817	21.380	29.173	30.300
10/07/1992	10.048	8.026	21.620	26.481	33.600
11/07/1992	1.531	9.057	19.587	25.899	68.200
12/07/1992	9.455	9.498	20.524	27.082	44.300
13/07/1992	27.426	7.385	21.250	25.514	56.200
14/07/1992	12.906	8.166	20.543	25.721	117.000
15/07/1992	2.443	9.878	19.538	26.721	97.700
16/07/1992	12.489	10.436	21.043	28.471	56.200
17/07/1992	7.366	10.720	21.471	29.101	67.300
18/07/1992	0.000	11.804	20.120	29.264	36.300
19/07/1992	0.000	11.811	20.649	29.673	26.000
20/07/1992	0.000	13.125	19.990	30.635	15.100
21/07/1992	19.406	9.467	20.322	26.846	17.900
22/07/1992	12.342	9.475	21.048	27.413	35.500
23/07/1992	11.399	10.022	20.654	27.663	73.000
24/07/1992	0.000	11.459	21.312	29.721	84.500
25/07/1992	5.634	8.781	20.726	26.404	19.600
26/07/1992	24.911	9.343	20.812	27.043	37.100
27/07/1992	0.000	8.677	21.288	26.769	24.900
28/07/1992	0.000	9.061	21.827	27.548	24.900
29/07/1992	2.745	9.476	21.423	27.644	29.300
30/07/1992	11.507	7.659	21.269	25.721	50.900
31/07/1992	0.000	10.175	20.913	27.971	53.700
01/08/1992	14.299	9.025	21.476	27.216	39.800
02/08/1992	2.923	9.914	21.188	27.880	67.300
03/08/1992	0.451	11.022	20.433	28.462	57.800
04/08/1992	5.625	10.796	20.812	28.514	34.000
05/08/1992	0.571	8.843	20.721	26.394	33.500
06/08/1992	2.261	9.156	21.380	27.202	18.000
07/08/1992	27.068	9.668	21.149	27.534	55.000
08/08/1992	5.004	10.449	20.457	27.808	46.000
09/08/1992	1.770	6.646	22.471	25.736	34.200
10/08/1992	15.718	9.305	20.812	26.861	30.400
11/08/1992	9.369	10.849	19.308	27.365	94.100
12/08/1992	3.683	10.930	21.048	28.745	46.500
13/08/1992	16.419	9.416	21.197	27.269	77.800
14/08/1992	9.631	9.428	21.880	27.856	80.600
15/08/1992	13.086	7.280	21.106	25.115	113.800
16/08/1992	1.247	9.007	20.716	26.476	109.200
17/08/1992	13.824	7.044	21.601	25.317	88.100
18/08/1992	2.313	9.846	21.447	27.875	64.800
19/08/1992	11.575	10.540	21.197	28.389	162.200
20/08/1992	1.789	10.528	20.870	28.139	105.000
21/08/1992	0.000	11.422	20.668	28.923	70.000
22/08/1992	10.009	9.109	21.361	27.029	49.000
23/08/1992	5.224	10.437	21.635	28.591	54.600
24/08/1992	10.574	9.733	20.726	27.183	31.500
25/08/1992	0.000	11.377	20.192	28.495	24.900
26/08/1992	1.408	8.584	21.688	26.817	25.100
27/08/1992	14.901	10.366	20.221	27.418	18.700
28/08/1992	0.388	10.188	21.356	28.087	33.800
29/08/1992	15.044	10.015	20.817	27.514	56.700
30/08/1992	6.933	10.422	21.163	28.202	89.800
31/08/1992	15.974	7.811	21.005	25.471	162.600
01/09/1992	4.036	10.018	21.543	28.038	132.500
02/09/1992	0.362	7.948	21.812	26.303	63.900
03/09/1992	5.769	9.651	21.452	27.620	42.400
04/09/1992	13.718	9.609	20.875	27.101	33.800
05/09/1992	3.556	9.552	21.471	27.548	33.800
06/09/1992	4.208	8.400	21.731	26.606	27.000
07/09/1992	27.569	9.219	19.740	25.861	87.600
08/09/1992	0.000	9.250	19.702	25.856	43.500
09/09/1992	13.807	7.240	21.764	25.572	33.800
10/09/1992	16.558	9.110	21.438	27.067	38.800
11/09/1992	0.000	10.457	20.861	27.986	37.600
12/09/1992	1.238	9.397	21.500	27.394	23.900
13/09/1992	22.985	8.174	21.380	26.125	29.300
14/09/1992	5.376	8.892	20.212	25.899	38.800
15/09/1992	25.438	8.209	20.808	25.702	60.700
16/09/1992	11.715	8.505	20.476	25.716	165.600
17/09/1992	1.456	9.659	20.745	27.101	113.500
18/09/1992	19.256	8.446	21.322	26.356	46.500
19/09/1992	13.333	9.473	20.500	26.721	73.800
20/09/1992	0.000	9.859	21.111	27.620	91.900
21/09/1992	23.127	9.158	19.303	25.500	146.500
22/09/1992	0.000	9.607	20.197	26.639	63.900
23/09/1992	0.970	10.607	19.120	26.899	43.500
24/09/1992	12.604	9.435	19.635	26.053	94.000
25/09/1992	8.194	10.300	19.486	26.870	94.300
26/09/1992	1.895	9.374	21.462	27.438	103.100
27/09/1992	12.396	8.217	21.894	26.673	79.600
28/09/1992	5.490	8.339	20.553	25.740	48.800
29/09/1992	3.429	9.448	20.846	27.082	51.500
30/09/1992	7.809	9.533	21.303	27.534	62.000
01/10/1992	2.749	7.599	21.476	25.798	100.500
02/10/1992	27.326	5.644	20.846	23.514	148.700
03/10/1992	0.219	8.749	20.192	25.933	119.300
04/10/1992	2.865	9.591	19.486	26.236	124.400
05/10/1992	21.110	7.501	20.562	24.957	116.200
06/10/1992	2.714	8.485	19.995	25.476	80.000
07/10/1992	6.082	10.125	19.438	26.793	84.500
08/10/1992	18.181	8.687	20.058	25.745	63.900
09/10/1992	2.996	9.322	21.000	27.163	76.300
10/10/1992	28.565	10.571	20.909	28.452	71.600
11/10/1992	17.134	9.310	20.428	26.774	83.400
12/10/1992	26.565	6.442	20.370	23.856	215.900
13/10/1992	0.000	9.380	19.760	26.370	169.900
14/10/1992	0.000	11.160	20.375	28.788	76.300
15/10/1992	0.000	10.490	19.952	27.755	51.500
16/10/1992	0.000	11.546	19.740	28.764	43.500
17/10/1992	25.713	9.442	20.957	27.447	41.000
18/10/1992	0.000	9.522	20.447	27.135	41.000
19/10/1992	15.600	7.239	21.216	25.389	100.000
20/10/1992	0.000	8.323	20.591	26.005	87.300
21/10/1992	19.702	8.865	21.221	27.096	128.600
22/10/1992	3.534	8.399	21.841	27.111	97.500
23/10/1992	19.234	7.653	20.865	25.587	51.500
24/10/1992	1.123	8.506	20.466	26.173	46.300
25/10/1992	16.850	8.397	20.861	26.413	91.400
26/10/1992	20.954	9.270	20.995	27.413	86.800
27/10/1992	17.540	9.512	20.457	27.284	87.100
28/10/1992	3.384	7.904	21.606	26.529	105.500
29/10/1992	29.133	8.418	21.731	27.173	132.900
30/10/1992	2.417	7.522	21.462	26.077	76.300
31/10/1992	0.000	8.812	20.716	26.808	74.600
01/11/1992	10.196	8.723	21.880	27.659	87.300
02/11/1992	0.752	8.291	21.683	27.101	38.800
03/11/1992	9.711	8.510	22.298	27.817	36.300
04/11/1992	0.271	10.133	21.034	28.615	29.400
05/11/1992	28.204	9.575	20.168	27.351	49.600
06/11/1992	1.318	8.886	20.082	26.529	36.300
07/11/1992	18.679	8.920	20.808	27.144	46.500
08/11/1992	0.000	10.424	19.976	28.236	48.800
09/11/1992	0.000	8.014	21.938	27.096	31.500
10/11/1992	7.321	8.888	21.106	27.404	27.000
11/11/1992	26.958	8.318	21.207	26.894	25.100
12/11/1992	17.461	8.257	21.178	26.769	32.600
13/11/1992	6.577	7.517	20.899	25.798	41.500
14/11/1992	0.136	7.365	21.346	26.038	76.900
15/11/1992	9.210	8.539	20.577	26.697	45.000
16/11/1992	2.874	7.433	21.178	25.981	41.000
17/11/1992	20.311	7.536	20.986	25.952	140.100
18/11/1992	1.035	7.360	20.856	25.668	120.900
19/11/1992	11.477	9.374	20.620	27.760	83.800
20/11/1992	1.207	8.416	22.149	27.875	66.600
21/11/1992	32.951	7.779	21.918	27.014	83.200
22/11/1992	10.020	8.981	20.154	27.014	64.500
23/11/1992	25.548	8.651	21.154	27.375	422.800
24/11/1992	0.000	9.647	20.163	27.779	147.900
25/11/1992	27.816	8.524	20.611	26.832	160.500
26/11/1992	7.797	7.785	21.240	26.524	194.400
27/11/1992	5.896	7.512	20.716	25.851	172.500
28/11/1992	17.095	9.087	20.197	27.236	132.500
29/11/1992	22.226	7.251	21.649	26.317	210.600
30/11/1992	4.781	8.780	20.433	27.091	225.800
01/12/1992	0.000	9.875	21.332	29.038	151.800
02/12/1992	13.164	7.993	20.986	26.620	135.000
03/12/1992	20.900	9.837	19.971	28.014	294.300
04/12/1992	6.758	7.962	21.221	26.798	214.200
05/12/1992	23.499	7.894	20.337	26.048	234.600
06/12/1992	8.861	7.399	20.707	25.784	140.600
07/12/1992	0.000	8.549	21.024	27.337	126.300
08/12/1992	0.000	8.381	21.769	27.736	57.300
09/12/1992	0.000	8.429	21.159	27.317	63.200
10/12/1992	20.830	8.572	20.678	27.115	73.800
11/12/1992	0.989	8.550	20.404	26.861	105.500
12/12/1992	5.158	8.023	20.284	26.163	120.700
13/12/1992	19.686	8.784	20.750	27.428	101.300
14/12/1992	0.000	10.760	18.851	28.438	101.500
15/12/1992	1.795	9.744	20.183	28.144	64.800
16/12/1992	3.695	9.330	20.144	27.625	121.100
17/12/1992	3.689	8.558	21.774	27.962	187.000
18/12/1992	1.555	10.276	19.442	28.255	113.100
19/12/1992	5.639	10.074	19.803	28.269	105.000
20/12/1992	5.122	9.223	20.048	27.394	51.500
21/12/1992	2.039	9.964	19.962	28.240	43.200
22/12/1992	3.034	8.079	21.572	27.260	31.500
23/12/1992	0.000	8.637	20.663	27.188	28.100
24/12/1992	0.000	9.689	20.303	28.154	27.200
25/12/1992	0.000	10.794	20.380	29.553	22.900
26/12/1992	0.000	10.885	20.726	29.889	20.800
27/12/1992	6.809	11.326	20.346	30.154	27.400
28/12/1992	2.288	9.933	21.072	28.995	36.300
29/12/1992	0.239	9.715	21.615	29.135	31.500
30/12/1992	10.783	9.191	20.851	27.928	75.500
31/12/1992	3.334	7.010	22.087	26.476	43.800
01/01/1993	0.000	8.580	21.125	27.428	58.600
02/01/1993	10.519	7.383	21.899	26.697	68.200
03/01/1993	0.719	8.205	22.327	27.933	65.700
04/01/1993	23.098	8.923	21.726	28.279	33.800
05/01/1993	30.141	8.564	20.490	26.875	43.500
06/01/1993	14.040	6.720	20.870	25.168	30.900
07/01/1993	13.504	8.093	19.918	25.875	219.500
08/01/1993	1.190	7.751	19.519	25.168	205.600
09/01/1993	4.765	9.315	18.764	26.433	98.000
10/01/1993	0.000	9.883	19.736	27.784	83.400
11/01/1993	1.730	9.862	20.216	28.106	80.000
12/01/1993	3.919	9.607	19.851	27.510	43.800
13/01/1993	0.000	8.334	20.346	26.380	34.000
14/01/1993	0.000	8.741	20.524	26.981	29.400
15/01/1993	1.575	8.533	19.678	26.072	22.900
16/01/1993	0.000	9.158	19.226	26.438	22.900
17/01/1993	21.581	8.414	18.966	25.351	52.800
18/01/1993	0.000	9.251	20.005	27.096	66.600
19/01/1993	7.624	9.731	20.308	27.865	87.500
20/01/1993	11.693	9.560	21.130	28.264	34.000
21/01/1993	0.000	9.131	21.159	27.788	20.800
22/01/1993	2.095	9.868	20.543	28.139	21.400
23/01/1993	1.482	10.364	19.798	28.139	13.000
24/01/1993	0.486	10.235	20.683	28.611	27.200
25/01/1993	1.049	10.080	20.404	28.202	15.600
26/01/1993	10.269	10.612	20.014	28.519	10.500
27/01/1993	1.277	8.193	21.375	26.832	7.000
28/01/1993	11.829	8.735	20.053	26.351	6.000
29/01/1993	9.144	9.171	21.293	27.779	48.200
30/01/1993	0.235	8.808	21.082	27.202	34.400
31/01/1993	17.254	8.264	20.827	26.399	41.000
01/02/1993	0.000	10.023	19.856	27.562	41.000
02/02/1993	0.000	9.145	20.351	26.933	128.400
03/02/1993	0.000	8.082	20.764	26.072	120.500
04/02/1993	0.000	8.641	20.726	26.635	112.000
05/02/1993	9.764	11.153	19.183	28.288	64.800
06/02/1993	0.000	9.994	20.654	28.005	20.800
07/02/1993	0.000	8.137	20.995	26.260	25.900
08/02/1993	16.461	9.403	20.875	27.505	33.800
09/02/1993	18.437	10.021	20.279	27.702	24.900
10/02/1993	4.473	10.574	20.601	28.538	20.800
11/02/1993	2.119	9.311	19.779	26.490	33.800
12/02/1993	6.057	9.810	20.303	27.418	20.800
13/02/1993	8.720	9.025	20.812	26.928	25.100
14/02/1993	0.000	9.121	21.678	27.688	18.700
15/02/1993	0.000	10.025	21.197	28.260	20.800
16/02/1993	0.000	11.367	20.279	29.005	15.900
17/02/1993	0.000	10.829	19.812	28.043	13.000
18/02/1993	0.000	10.197	19.034	26.755	29.300
19/02/1993	0.000	10.424	18.274	26.442	19.400
20/02/1993	0.000	11.218	18.856	27.721	15.900
21/02/1993	0.000	11.517	19.202	28.274	15.900
22/02/1993	0.000	12.484	20.043	29.923	14.400
23/02/1993	1.794	11.269	20.740	29.058	12.400
24/02/1993	3.915	9.800	20.365	27.212	9.300
25/02/1993	0.000	7.137	21.524	25.409	119.300
26/02/1993	0.000	9.031	21.125	26.938	71.000
27/02/1993	0.000	10.502	20.010	27.635	36.500
28/02/1993	1.772	9.400	20.726	26.976	18.700
01/03/1993	0.000	9.308	20.212	26.462	27.000
02/03/1993	0.000	10.833	19.490	27.529	21.800
03/03/1993	0.000	9.679	19.620	26.365	15.100
04/03/1993	0.000	9.823	19.981	26.769	14.400
05/03/1993	0.000	11.607	19.745	28.524	13.700
06/03/1993	0.000	9.698	20.389	26.947	17.300
07/03/1993	0.000	10.616	20.038	27.615	18.000
08/03/1993	0.000	10.139	20.986	27.846	19.400
09/03/1993	11.178	9.062	20.779	26.543	15.900
10/03/1993	4.753	10.742	20.510	28.077	15.900
11/03/1993	10.082	9.982	21.731	28.197	25.900
12/03/1993	1.093	12.399	21.356	30.409	24.900
13/03/1993	0.972	13.215	21.471	31.346	17.300
14/03/1993	12.869	8.322	22.207	26.923	15.100
15/03/1993	0.387	10.835	21.264	28.673	20.000
16/03/1993	0.085	11.265	21.731	29.433	17.900
17/03/1993	31.612	9.899	21.611	27.962	64.600
18/03/1993	34.863	8.560	20.337	25.601	109.000
19/03/1993	0.830	11.390	20.212	28.418	124.400
20/03/1993	0.894	9.394	21.582	27.394	46.300
21/03/1993	23.154	9.787	20.462	26.942	84.100
22/03/1993	1.594	11.068	20.659	28.365	94.000
23/03/1993	26.630	9.351	21.154	27.005	115.600
24/03/1993	11.058	8.582	20.769	25.923	72.000
25/03/1993	23.165	9.238	20.409	26.284	135.000
26/03/1993	2.374	10.959	20.736	28.293	54.600
27/03/1993	34.149	8.254	20.264	25.192	72.000
28/03/1993	4.140	9.062	18.774	24.827	90.700
29/03/1993	2.563	11.951	20.139	28.870	47.500
30/03/1993	22.605	9.938	20.928	27.361	78.200
31/03/1993	1.728	9.748	21.226	27.433	56.100
01/04/1993	11.295	10.162	22.212	28.606	22.900
02/04/1993	14.989	9.296	22.197	27.774	52.100
03/04/1993	8.757	9.926	21.567	27.861	41.000
04/04/1993	0.000	12.485	20.894	29.976	54.300
05/04/1993	17.644	10.096	22.038	28.394	78.200
06/04/1993	17.743	8.616	21.231	26.317	111.600
07/04/1993	2.736	9.204	21.260	26.928	62.500
08/04/1993	16.168	9.109	21.101	26.673	119.200
09/04/1993	4.455	10.131	21.332	27.885	90.500
10/04/1993	5.949	10.825	21.096	28.423	95.000
11/04/1993	9.454	9.808	21.288	27.534	83.800
12/04/1993	15.270	9.691	21.635	27.707	146.900
13/04/1993	9.209	7.418	22.760	26.558	103.100
14/04/1993	9.221	6.926	21.553	25.077	88.800
15/04/1993	1.338	9.662	21.428	27.510	87.300
16/04/1993	2.322	8.656	21.284	26.409	66.400
17/04/1993	20.370	9.547	21.971	27.851	88.900
18/04/1993	5.797	7.654	21.245	25.442	140.100
19/04/1993	1.324	9.237	21.394	27.087	83.400
20/04/1993	13.771	8.563	23.149	27.885	124.400
21/04/1993	19.782	9.076	22.178	27.582	164.300
22/04/1993	1.995	9.735	20.861	27.197	109.200
23/04/1993	7.894	7.125	21.899	25.615	103.100
24/04/1993	0.220	10.557	21.226	28.317	87.300
25/04/1993	13.874	11.303	20.495	28.558	128.200
26/04/1993	17.914	9.298	22.058	27.726	60.500
27/04/1993	31.905	8.619	21.678	26.760	83.800
28/04/1993	25.660	7.874	21.567	25.966	339.000
29/04/1993	1.132	10.362	20.620	27.692	178.900
30/04/1993	0.218	10.042	21.990	28.433	53.600
01/05/1993	12.836	8.964	21.952	27.361	78.400
02/05/1993	13.252	8.224	21.197	26.048	62.300
03/05/1993	11.189	10.529	19.736	27.250	68.200
04/05/1993	0.919	10.374	20.337	27.577	33.000
05/05/1993	10.734	9.943	21.548	28.043	97.400
06/05/1993	17.851	9.149	21.779	27.447	72.500
07/05/1993	16.844	9.103	21.567	27.226	37.600
08/05/1993	0.864	8.315	22.183	27.005	41.000
09/05/1993	6.318	9.434	22.678	28.495	41.700
10/05/1993	14.991	7.780	21.500	25.928	233.000
11/05/1993	5.445	9.152	20.923	26.812	99.200
12/05/1993	7.419	9.607	21.495	27.726	113.900
13/05/1993	18.826	6.137	21.966	24.889	291.700
14/05/1993	8.803	7.533	20.995	25.298	177.200
15/05/1993	5.336	9.349	20.654	26.851	128.700
16/05/1993	0.690	9.525	21.740	27.889	79.900
17/05/1993	19.155	10.777	21.601	29.096	26.800
18/05/1993	14.795	9.158	20.817	26.817	38.800
19/05/1993	4.665	10.386	20.899	28.183	24.900
20/05/1993	17.615	10.950	20.212	28.284	48.300
21/05/1993	27.924	6.742	21.510	25.072	31.000
22/05/1993	0.922	10.001	20.736	27.654	52.800
23/05/1993	19.314	8.506	21.784	26.952	80.400
24/05/1993	2.562	8.655	21.793	27.183	48.300
25/05/1993	16.600	7.431	20.812	25.163	44.500
26/05/1993	15.400	7.997	20.938	25.798	94.100
27/05/1993	11.245	9.870	20.264	27.207	87.800
28/05/1993	11.787	8.805	21.159	26.808	25.100
29/05/1993	16.145	6.337	21.120	24.399	49.200
30/05/1993	0.000	9.376	20.394	26.817	27.400
31/05/1993	1.154	9.941	20.620	27.606	127.500
01/06/1993	0.000	10.061	20.875	27.942	114.000
02/06/1993	0.702	11.214	22.149	30.159	26.500
03/06/1993	7.519	10.607	22.014	29.413	16.000
04/06/1993	2.693	9.880	21.587	28.327	11.500
05/06/1993	10.553	11.102	21.990	29.918	23.800
06/06/1993	6.467	9.102	22.543	28.322	36.300
07/06/1993	6.108	10.543	21.913	29.293	32.100
08/06/1993	9.551	9.702	21.976	28.466	36.200
09/06/1993	6.524	10.633	20.654	28.466	26.800
10/06/1993	3.411	10.398	21.428	28.784	51.300
11/06/1993	9.258	9.700	21.154	27.851	36.700
12/06/1993	6.772	9.945	21.327	28.231	14.600
13/06/1993	12.386	9.133	20.726	26.909	58.400
14/06/1993	1.306	9.883	21.053	27.947	26.100
15/06/1993	2.873	9.236	21.207	27.389	11.200
16/06/1993	36.295	7.135	22.077	26.029	8.500
17/06/1993	0.309	10.213	21.952	29.019	4.800
18/06/1993	0.863	9.920	21.264	28.178	4.700
19/06/1993	0.757	10.727	21.236	29.043	8.200
20/06/1993	0.706	6.766	22.043	25.688	18.800
21/06/1993	1.227	10.392	20.774	28.312	45.700
22/06/1993	5.301	10.947	20.760	28.913	27.800
23/06/1993	7.623	8.006	21.207	26.178	33.500
24/06/1993	6.596	8.438	21.173	26.587	12.800
25/06/1993	1.605	7.347	20.697	25.139	7.200
26/06/1993	16.831	6.285	20.750	24.178	5.300
27/06/1993	4.545	6.823	20.971	24.846	6.600
28/06/1993	20.200	9.064	20.337	26.577	3.600
29/06/1993	4.493	9.387	20.327	26.880	9.900
30/06/1993	0.094	10.388	20.889	28.399	4.200
01/07/1993	20.841	8.640	22.577	27.875	3.100
02/07/1993	23.722	7.798	21.380	26.082	32.000
03/07/1993	3.117	9.931	20.803	27.808	51.500
04/07/1993	2.899	9.178	22.139	28.067	32.200
05/07/1993	22.460	7.169	21.760	25.784	6.400
06/07/1993	0.661	9.420	21.159	27.553	18.600
07/07/1993	0.081	10.056	20.663	27.846	14.400
08/07/1993	9.931	9.623	23.149	29.303	4.800
09/07/1993	8.517	8.910	22.697	28.240	3.000
10/07/1993	8.203	9.192	22.418	28.288	6.700
11/07/1993	2.786	9.164	21.264	27.346	15.300
12/07/1993	7.183	9.411	21.889	28.082	12.500
13/07/1993	2.820	10.217	22.764	29.587	3.800
14/07/1993	7.904	10.741	21.625	29.269	3.500
15/07/1993	3.741	10.680	20.529	28.375	8.200
16/07/1993	14.973	8.779	20.957	26.649	3.300
17/07/1993	1.327	10.504	19.712	27.562	12.000
18/07/1993	0.000	12.013	21.010	30.139	3.300
19/07/1993	0.000	11.071	21.322	29.332	3.200
20/07/1993	12.013	10.930	21.659	29.438	3.100
21/07/1993	10.119	9.620	21.067	27.591	43.200
22/07/1993	1.203	9.150	22.442	28.168	13.500
23/07/1993	3.391	7.983	22.029	26.692	54.600
24/07/1993	2.555	8.415	21.197	26.442	57.000
25/07/1993	8.969	9.443	21.375	27.620	118.800
26/07/1993	0.888	9.548	22.000	28.202	28.100
27/07/1993	1.098	10.756	21.423	29.010	11.600
28/07/1993	7.917	11.195	21.433	29.476	6.000
29/07/1993	15.944	12.095	21.755	30.659	24.300
30/07/1993	5.456	10.402	21.760	28.856	62.300
31/07/1993	1.162	11.607	22.361	30.562	15.500
01/08/1993	2.576	11.748	19.774	28.822	33.400
02/08/1993	0.326	11.811	20.663	29.486	31.400
03/08/1993	0.867	12.243	20.870	30.120	22.000
04/08/1993	1.114	12.462	20.620	30.168	31.500
05/08/1993	0.462	12.119	20.649	29.793	21.800
06/08/1993	7.821	12.703	20.793	30.519	23.900
07/08/1993	7.660	12.178	20.212	29.500	19.900
08/08/1993	1.304	10.010	21.240	27.947	17.800
09/08/1993	12.587	9.466	22.010	28.034	18.400
10/08/1993	18.412	9.470	21.067	27.269	71.900
11/08/1993	10.488	7.922	21.966	26.466	93.500
12/08/1993	9.048	9.161	22.784	28.332	58.000
13/08/1993	14.314	9.478	21.087	27.269	56.400
14/08/1993	12.449	8.427	21.865	26.870	41.500
15/08/1993	1.360	8.154	22.784	27.332	32.200
16/08/1993	19.101	8.979	20.889	26.577	80.500
17/08/1993	14.309	8.003	21.774	26.356	46.700
18/08/1993	4.147	9.644	21.327	27.587	83.800
19/08/1993	0.000	8.895	21.769	27.192	86.800
20/08/1993	11.641	10.833	21.418	28.870	76.300
21/08/1993	2.065	12.038	20.726	29.615	52.800
22/08/1993	18.926	10.909	21.625	29.096	91.600
23/08/1993	19.140	8.363	22.048	26.875	132.000
24/08/1993	18.889	8.374	21.317	26.308	100.800
25/08/1993	9.829	6.399	21.269	24.438	95.000
26/08/1993	2.639	9.380	20.519	26.620	60.500
27/08/1993	14.703	8.903	20.981	26.500	107.700
28/08/1993	5.539	7.818	20.764	25.269	79.600
29/08/1993	5.036	10.960	20.774	28.447	66.700
30/08/1993	0.521	11.635	21.212	29.486	49.900
31/08/1993	18.404	7.222	21.678	25.534	36.000
01/09/1993	7.649	9.198	21.072	26.885	34.400
02/09/1993	15.080	8.136	21.577	26.308	37.900
03/09/1993	7.649	8.880	20.803	26.341	49.400
04/09/1993	14.371	8.940	21.394	26.837	77.800
05/09/1993	22.497	6.661	21.101	24.519	207.300
06/09/1993	11.707	7.297	20.010	24.178	171.600
07/09/1993	16.877	7.600	20.837	25.120	148.600
08/09/1993	0.286	9.250	20.774	26.707	112.300
09/09/1993	15.684	9.319	21.231	27.106	125.100
10/09/1993	0.448	8.681	20.644	26.019	76.300
11/09/1993	8.411	10.588	21.255	28.413	201.400
12/09/1993	14.600	9.123	21.144	26.846	135.000
13/09/1993	21.654	9.336	21.207	27.096	95.400
14/09/1993	33.685	12.297	20.207	29.466	431.200
15/09/1993	18.841	7.385	21.308	25.341	465.700
16/09/1993	7.442	9.461	20.471	26.673	366.900
17/09/1993	9.858	10.243	21.952	28.630	180.100
18/09/1993	8.856	9.724	21.510	27.750	184.700
19/09/1993	4.803	8.607	21.889	26.981	85.400
20/09/1993	4.453	10.550	20.659	27.971	85.400
21/09/1993	9.033	11.089	21.668	29.312	104.200
22/09/1993	3.802	9.092	21.620	27.260	87.500
23/09/1993	10.634	8.105	21.668	26.327	82.700
24/09/1993	33.550	8.240	20.538	25.538	140.100
25/09/1993	2.377	10.182	20.111	27.207	121.900
26/09/1993	0.239	9.193	22.716	28.274	83.700
27/09/1993	20.895	10.039	21.885	28.452	158.700
28/09/1993	30.646	8.469	21.385	26.486	112.200
29/09/1993	9.260	6.718	20.519	24.120	120.200
30/09/1993	5.198	7.566	20.486	24.904	116.600
01/10/1993	4.619	9.077	19.889	25.957	99.000
02/10/1993	20.699	7.651	20.471	24.981	305.300
03/10/1993	10.884	8.498	20.952	26.192	124.200
04/10/1993	6.657	8.661	20.596	26.096	108.800
05/10/1993	4.406	9.659	21.231	27.649	94.000
06/10/1993	5.598	7.869	21.639	26.197	72.900
07/10/1993	2.003	9.603	21.048	27.471	71.200
08/10/1993	1.638	8.396	21.293	26.438	63.600
09/10/1993	2.851	9.082	21.087	26.995	126.100
10/10/1993	1.930	10.660	20.365	28.115	156.200
11/10/1993	11.773	9.270	20.644	26.846	217.400
12/10/1993	1.980	7.908	21.591	26.341	81.800
13/10/1993	1.294	6.440	20.904	24.317	49.300
14/10/1993	1.576	6.952	21.404	25.250	34.900
15/10/1993	15.530	8.446	20.990	26.385	54.300
16/10/1993	8.101	7.104	21.135	25.144	49.800
17/10/1993	6.192	9.125	20.264	26.514	91.900
18/10/1993	8.261	8.743	20.476	26.303	54.500
19/10/1993	30.659	8.824	20.784	26.630	135.400
20/10/1993	17.481	10.176	20.178	27.625	244.000
21/10/1993	12.552	8.314	20.438	25.865	348.700
22/10/1993	8.575	9.444	20.163	26.904	280.800
23/10/1993	12.439	7.107	21.394	25.514	201.600
24/10/1993	15.307	8.554	20.784	26.438	96.100
25/10/1993	22.530	7.999	21.130	26.163	133.200
26/10/1993	35.156	7.196	21.101	25.361	325.100
27/10/1993	11.024	6.993	21.423	25.447	137.600
28/10/1993	5.821	7.372	20.312	24.942	117.800
29/10/1993	3.616	7.252	21.731	25.966	76.300
30/10/1993	7.844	9.145	20.183	26.712	87.300
31/10/1993	10.227	7.532	20.793	25.510	108.300
01/11/1993	12.125	9.133	20.173	26.769	165.700
02/11/1993	12.755	8.046	21.308	26.481	186.900
03/11/1993	30.703	6.832	20.909	24.952	178.800
04/11/1993	9.965	7.007	21.072	25.250	184.400
05/11/1993	0.480	9.973	20.212	27.803	91.300
06/11/1993	20.013	9.894	19.375	27.125	96.300
07/11/1993	15.576	6.975	22.120	26.178	70.200
08/11/1993	1.860	9.319	20.822	27.601	60.800
09/11/1993	2.855	8.955	20.481	26.957	82.200
10/11/1993	14.366	10.277	20.038	28.125	75.000
11/11/1993	36.177	7.174	20.697	25.245	388.800
12/11/1993	1.765	9.803	20.702	28.149	154.100
13/11/1993	4.388	7.698	21.322	26.312	125.100
14/11/1993	25.009	7.776	20.885	26.082	166.100
15/11/1993	15.533	7.921	21.014	26.351	192.600
16/11/1993	10.946	8.711	19.832	26.303	243.200
17/11/1993	0.000	10.107	19.312	27.582	148.900
18/11/1993	0.000	8.801	21.553	27.760	74.600
19/11/1993	0.000	8.712	21.870	27.938	67.900
20/11/1993	20.843	8.348	21.135	26.966	138.400
21/11/1993	21.790	9.092	20.630	27.423	137.100
22/11/1993	6.275	8.249	21.688	27.322	169.000
23/11/1993	3.366	7.786	21.582	26.760	83.700
24/11/1993	0.955	10.204	20.861	28.947	194.600
25/11/1993	4.406	9.900	19.038	27.274	197.600
26/11/1993	10.941	8.998	20.841	27.591	501.100
27/11/1993	3.099	6.097	22.163	25.587	230.900
28/11/1993	31.156	6.548	21.433	25.418	243.800
29/11/1993	28.787	6.782	21.731	25.928	501.200
30/11/1993	0.000	8.260	20.216	26.274	236.800
01/12/1993	1.378	8.433	21.024	27.120	159.300
02/12/1993	0.000	8.822	21.995	28.327	133.900
03/12/1993	32.347	6.852	21.856	26.091	116.200
04/12/1993	2.256	8.139	21.591	27.264	131.800
05/12/1993	0.000	7.658	22.274	27.317	142.600
06/12/1993	1.747	8.322	22.149	27.962	97.700
07/12/1993	15.966	9.063	21.433	28.250	82.300
08/12/1993	1.125	10.522	21.332	29.880	70.100
09/12/1993	10.360	9.220	22.188	29.024	42.100
10/12/1993	15.755	7.260	21.938	26.654	104.000
11/12/1993	4.107	5.304	21.192	24.111	67.000
12/12/1993	8.590	8.616	20.851	27.303	94.000
13/12/1993	3.840	6.769	22.832	26.899	100.800
14/12/1993	30.529	7.963	22.034	27.500	106.100
15/12/1993	26.044	6.387	21.947	25.784	337.600
16/12/1993	6.709	6.894	21.077	25.596	167.200
17/12/1993	3.176	6.381	21.298	25.202	176.000
18/12/1993	0.000	7.938	20.611	26.337	272.100
19/12/1993	0.000	7.503	20.702	25.928	203.700
20/12/1993	0.000	8.863	21.212	27.923	98.600
21/12/1993	0.000	8.526	21.966	28.106	71.300
22/12/1993	0.000	7.951	21.476	27.053	53.700
23/12/1993	3.383	6.962	22.538	26.870	49.000
24/12/1993	0.000	8.046	21.423	27.125	43.800
25/12/1993	0.000	7.181	22.038	26.654	34.500
26/12/1993	0.000	8.880	19.894	26.899	32.600
27/12/1993	0.000	8.420	21.284	27.428	33.500
28/12/1993	0.000	9.660	18.736	26.971	29.700
29/12/1993	0.000	7.611	21.399	26.562	28.400
30/12/1993	0.000	6.991	21.688	26.154	25.400
31/12/1993	0.618	8.265	21.519	27.380	19.700
01/01/1994	0.000	7.781	21.125	26.519	17.300
02/01/1994	0.000	9.167	19.904	27.149	17.100
03/01/1994	0.000	8.411	19.404	25.880	18.600
04/01/1994	3.263	8.744	18.764	25.808	34.200
05/01/1994	0.436	8.997	18.630	25.976	26.900
06/01/1994	0.000	7.416	19.712	24.938	67.000
07/01/1994	0.000	7.247	20.837	25.635	59.000
08/01/1994	0.000	8.850	19.327	26.284	24.000
09/01/1994	0.000	6.897	20.202	24.745	53.900
10/01/1994	0.000	8.127	20.101	25.986	47.000
11/01/1994	0.645	6.976	21.207	25.639	22.900
12/01/1994	0.000	9.397	19.688	27.120	25.300
13/01/1994	0.000	9.078	21.500	28.120	25.300
14/01/1994	4.465	6.751	20.957	25.163	45.400
15/01/1994	44.483	6.522	20.745	24.793	129.600
16/01/1994	0.195	7.655	21.125	26.216	169.700
17/01/1994	0.000	9.633	19.163	26.952	102.600
18/01/1994	2.960	8.642	20.308	26.654	56.200
19/01/1994	0.000	9.002	20.163	26.909	34.600
20/01/1994	0.000	10.074	19.423	27.587	18.700
21/01/1994	0.000	9.049	20.077	26.851	17.300
22/01/1994	0.000	10.075	19.029	27.250	16.300
23/01/1994	0.000	10.022	18.837	27.038	17.600
24/01/1994	0.000	7.604	19.995	25.111	16.600
25/01/1994	0.000	9.845	20.216	27.769	15.000
26/01/1994	0.000	9.450	21.101	27.990	15.000
27/01/1994	0.000	9.447	21.428	28.226	14.600
28/01/1994	18.770	9.428	20.394	27.385	14.100
29/01/1994	2.130	10.454	20.255	28.438	18.700
30/01/1994	0.000	9.699	20.024	27.370	32.500
31/01/1994	0.000	8.650	19.457	25.740	18.400
01/02/1994	0.000	10.562	18.144	26.952	94.500
02/02/1994	0.000	9.188	19.312	26.168	23.900
03/02/1994	6.571	9.438	19.495	26.587	20.800
04/02/1994	12.982	8.492	20.524	26.298	60.300
05/02/1994	0.000	9.971	20.231	27.668	58.600
06/02/1994	2.184	10.846	18.995	27.755	46.800
07/02/1994	0.574	10.040	20.510	27.947	34.700
08/02/1994	0.019	9.265	21.721	27.995	26.400
09/02/1994	0.074	10.059	20.812	28.120	20.200
10/02/1994	2.040	9.866	21.399	28.351	17.400
11/02/1994	0.000	10.102	19.803	27.375	14.600
12/02/1994	2.792	8.956	20.913	26.957	14.900
13/02/1994	15.638	8.859	19.755	25.933	14.600
14/02/1994	5.715	9.455	19.091	26.053	16.400
15/02/1994	0.000	8.474	20.255	25.865	26.800
16/02/1994	18.118	9.218	20.620	26.904	34.900
17/02/1994	0.000	10.199	19.928	27.423	46.000
18/02/1994	21.990	8.485	20.760	26.231	69.300
19/02/1994	0.728	9.132	20.721	26.851	39.000
20/02/1994	2.929	8.611	22.231	27.514	29.700
21/02/1994	19.899	8.393	22.125	27.207	149.100
22/02/1994	0.000	9.735	20.918	27.591	74.400
23/02/1994	0.000	8.585	21.389	26.740	39.900
24/02/1994	28.894	8.301	21.418	26.462	246.200
25/02/1994	2.324	7.612	21.216	25.625	151.800
26/02/1994	5.208	9.460	20.433	26.851	91.200
27/02/1994	13.499	8.456	20.644	25.957	88.600
28/02/1994	6.526	10.284	20.567	27.760	54.900
01/03/1994	0.000	10.360	21.216	28.346	40.300
02/03/1994	8.086	10.329	21.885	28.808	36.500
03/03/1994	10.659	7.641	21.308	25.663	55.100
04/03/1994	25.602	7.025	20.514	24.394	125.900
05/03/1994	0.300	5.645	20.341	23.014	209.100
06/03/1994	0.000	11.334	18.668	27.399	140.900
07/03/1994	0.000	10.701	20.034	27.688	61.100
08/03/1994	0.000	9.561	20.793	27.077	54.000
09/03/1994	8.985	9.324	20.111	26.293	43.100
10/03/1994	0.000	9.457	20.255	26.505	33.300
11/03/1994	20.307	7.592	20.692	25.024	27.600
12/03/1994	9.440	7.888	20.163	24.870	51.800
13/03/1994	5.134	6.552	20.808	24.173	191.000
14/03/1994	0.000	9.478	20.091	26.361	115.100
15/03/1994	0.000	10.135	20.058	27.005	80.000
16/03/1994	0.000	8.492	21.625	26.601	52.100
17/03/1994	11.918	7.178	21.010	24.870	32.600
18/03/1994	2.484	8.673	20.966	26.202	47.100
19/03/1994	11.146	9.296	21.000	26.851	37.800
20/03/1994	18.090	7.745	21.351	25.663	55.200
21/03/1994	1.269	9.858	21.303	27.635	52.100
22/03/1994	16.129	7.399	21.870	25.769	62.500
23/03/1994	0.150	8.888	20.913	26.346	56.200
24/03/1994	7.311	10.299	20.659	27.582	56.700
25/03/1994	0.071	9.236	21.798	27.389	45.300
26/03/1994	12.491	10.239	21.380	28.053	30.100
27/03/1994	18.361	7.822	21.889	26.130	27.900
28/03/1994	16.397	9.323	21.851	27.490	95.500
29/03/1994	4.356	7.280	20.981	24.865	92.900
30/03/1994	30.505	7.048	21.029	24.712	225.000
31/03/1994	2.034	8.069	20.812	25.442	223.100
01/04/1994	8.328	9.582	21.053	27.120	111.600
02/04/1994	12.591	7.311	21.346	25.216	113.400
03/04/1994	9.933	9.004	21.082	26.587	272.000
04/04/1994	16.462	9.628	20.938	27.082	189.500
05/04/1994	7.303	10.519	20.543	27.678	86.800
06/04/1994	12.792	7.526	21.495	25.529	202.900
07/04/1994	0.700	8.509	20.663	25.788	155.500
08/04/1994	4.807	9.140	21.279	26.861	87.100
09/04/1994	6.900	9.715	20.697	26.966	66.400
10/04/1994	1.184	9.342	21.769	27.438	48.800
11/04/1994	4.196	11.299	20.702	28.606	43.500
12/04/1994	18.902	8.214	21.885	26.514	58.900
13/04/1994	4.545	9.202	21.389	27.010	61.800
14/04/1994	9.242	8.796	21.471	26.702	64.800
15/04/1994	10.019	10.173	21.635	28.163	66.400
16/04/1994	7.211	10.561	21.394	28.409	58.400
17/04/1994	28.456	9.443	21.726	27.538	45.600
18/04/1994	7.679	9.311	21.947	27.639	60.200
19/04/1994	27.087	8.243	21.274	26.067	210.800
20/04/1994	2.915	8.865	20.861	26.308	132.300
21/04/1994	13.885	9.471	21.418	27.356	75.600
22/04/1994	15.055	9.609	21.168	27.317	196.000
23/04/1994	0.000	11.541	20.514	28.803	76.800
24/04/1994	2.701	11.337	21.534	29.399	57.700
25/04/1994	21.774	10.070	21.591	28.101	138.800
26/04/1994	15.580	7.699	22.673	26.736	97.100
27/04/1994	43.560	6.855	20.904	24.510	283.400
28/04/1994	0.182	9.361	21.043	26.990	164.300
29/04/1994	19.353	7.200	21.418	25.240	269.500
30/04/1994	7.843	8.527	21.303	26.389	157.800
01/05/1994	3.963	8.634	20.038	25.490	160.400
02/05/1994	0.000	11.599	20.519	28.952	120.400
03/05/1994	0.318	9.085	22.553	27.976	72.300
04/05/1994	8.884	8.497	22.553	27.433	70.600
05/05/1994	24.772	8.582	22.351	27.380	94.200
06/05/1994	5.490	6.427	22.356	25.481	126.900
07/05/1994	1.406	9.889	20.582	27.250	84.900
08/05/1994	11.120	7.967	21.562	26.130	242.800
09/05/1994	19.535	9.015	21.120	26.846	235.200
10/05/1994	15.286	8.098	21.572	26.303	275.000
11/05/1994	4.356	9.702	21.139	27.558	176.800
12/05/1994	17.666	9.055	21.144	26.889	223.400
13/05/1994	27.279	8.770	21.548	26.947	253.500
14/05/1994	5.448	8.444	21.293	26.447	153.200
15/05/1994	16.308	9.094	21.591	27.346	225.700
16/05/1994	19.467	9.789	21.572	28.053	225.000
17/05/1994	14.548	6.618	21.043	24.577	314.800
18/05/1994	9.442	6.897	21.587	25.240	225.000
19/05/1994	12.217	9.174	20.413	26.519	285.200
20/05/1994	10.977	9.703	20.913	27.476	257.400
21/05/1994	1.571	8.547	22.716	27.774	109.900
22/05/1994	5.271	7.828	21.567	26.188	74.600
23/05/1994	26.737	7.493	21.755	26.005	89.400
24/05/1994	18.022	7.096	22.341	26.135	84.500
25/05/1994	24.886	7.010	20.519	24.519	158.900
26/05/1994	7.113	4.983	21.476	23.562	220.900
27/05/1994	2.155	8.940	20.587	26.500	156.200
28/05/1994	8.464	9.736	21.260	27.837	139.100
29/05/1994	12.450	8.922	20.942	26.764	86.800
30/05/1994	19.310	8.063	21.601	26.476	115.400
31/05/1994	8.587	8.992	20.529	26.567	215.900
01/06/1994	5.985	8.895	21.615	27.322	312.600
02/06/1994	4.104	8.685	21.904	27.351	188.700
03/06/1994	8.242	9.430	22.154	28.269	127.200
04/06/1994	20.096	9.830	21.519	28.197	98.500
05/06/1994	6.728	8.757	21.856	27.385	226.100
06/06/1994	7.781	8.870	21.481	27.192	124.700
07/06/1994	4.994	9.972	21.399	28.298	192.700
08/06/1994	5.969	9.682	22.062	28.534	102.000
09/06/1994	13.238	10.220	20.788	28.144	119.200
10/06/1994	1.579	11.096	21.096	29.298	76.300
11/06/1994	1.364	9.939	21.250	28.149	68.200
12/06/1994	15.506	8.065	21.837	26.721	71.300
13/06/1994	10.148	9.101	21.250	27.279	171.800
14/06/1994	9.072	9.062	21.731	27.659	79.400
15/06/1994	13.268	8.227	21.740	26.808	149.000
16/06/1994	18.873	10.080	21.841	28.793	210.200
17/06/1994	0.000	10.453	21.192	28.716	83.900
18/06/1994	24.611	7.340	21.538	25.788	83.400
19/06/1994	0.000	9.213	20.966	27.221	170.400
20/06/1994	6.268	8.149	21.120	26.221	172.000
21/06/1994	12.965	6.070	21.058	24.178	127.300
22/06/1994	5.572	6.808	20.649	24.524	123.300
23/06/1994	0.000	8.204	21.500	26.611	83.400
24/06/1994	0.000	9.755	21.332	28.101	62.900
25/06/1994	1.565	9.910	20.942	27.913	58.600
26/06/1994	0.000	8.584	20.952	26.562	46.300
27/06/1994	6.837	8.363	21.178	26.510	45.500
28/06/1994	3.509	10.131	21.433	28.534	46.800
29/06/1994	15.502	10.128	19.716	27.221	73.900
30/06/1994	7.376	9.018	20.947	26.981	51.000
01/07/1994	1.327	9.771	21.062	27.870	63.600
02/07/1994	6.163	10.495	20.899	28.543	64.800
03/07/1994	10.048	8.700	21.385	26.990	45.400
04/07/1994	29.039	8.494	21.721	27.043	107.700
05/07/1994	9.588	8.495	21.611	26.933	264.800
06/07/1994	4.275	10.664	21.111	28.827	140.600
07/07/1994	32.653	6.567	21.784	25.226	317.400
08/07/1994	0.000	9.544	21.082	27.615	254.700
09/07/1994	0.000	9.908	20.904	27.837	124.400
10/07/1994	0.000	12.599	20.731	30.678	102.200
11/07/1994	4.380	10.588	20.774	28.476	68.100
12/07/1994	0.412	9.258	20.659	26.962	72.900
13/07/1994	0.000	8.705	21.394	26.976	71.200
14/07/1994	0.000	10.963	20.692	28.793	49.000
15/07/1994	3.939	9.757	20.466	27.312	42.300
16/07/1994	5.477	10.357	20.740	28.163	37.300
17/07/1994	6.391	10.794	21.101	28.899	43.800
18/07/1994	13.693	9.624	21.351	27.827	60.700
19/07/1994	1.037	9.041	22.183	27.875	36.700
20/07/1994	10.266	8.295	21.716	26.774	33.800
21/07/1994	13.920	7.041	22.231	25.990	118.400
22/07/1994	1.267	7.702	22.038	26.457	76.900
23/07/1994	0.977	8.024	21.577	26.356	52.100
24/07/1994	7.076	10.481	20.582	28.106	49.000
25/07/1994	4.770	10.025	20.534	27.572	43.000
26/07/1994	2.657	10.450	21.317	28.606	40.000
27/07/1994	3.245	9.215	22.308	28.091	58.300
28/07/1994	9.488	10.345	20.582	27.909	55.500
29/07/1994	7.832	10.277	21.000	28.163	43.500
30/07/1994	13.844	12.301	20.817	30.183	56.900
31/07/1994	5.260	10.267	21.856	28.769	36.000
01/08/1994	2.380	10.022	20.606	27.548	32.600
02/08/1994	14.662	10.544	20.351	27.899	49.600
03/08/1994	7.606	9.659	21.106	27.538	49.300
04/08/1994	2.708	11.332	20.125	28.577	35.400
05/08/1994	1.037	10.780	21.288	28.822	30.600
06/08/1994	31.340	7.788	21.288	25.817	80.700
07/08/1994	7.937	10.251	21.077	28.082	101.500
08/08/1994	20.731	9.188	20.880	26.822	81.100
09/08/1994	0.000	9.832	21.005	27.572	54.400
10/08/1994	7.642	10.031	21.572	28.264	57.000
11/08/1994	13.310	8.305	21.481	26.457	254.000
12/08/1994	3.751	10.116	20.606	27.587	112.800
13/08/1994	8.647	9.757	20.721	27.250	110.100
14/08/1994	1.674	8.359	21.788	26.697	55.000
15/08/1994	8.313	10.833	20.173	27.962	97.700
16/08/1994	2.118	9.182	21.202	27.024	73.800
17/08/1994	1.523	10.565	21.154	28.404	51.800
18/08/1994	16.966	11.160	20.495	28.500	57.000
19/08/1994	13.476	9.299	21.317	27.250	87.100
20/08/1994	0.000	9.165	20.562	26.481	66.400
21/08/1994	7.878	9.272	21.423	27.255	61.100
22/08/1994	7.456	9.516	21.284	27.385	66.100
23/08/1994	1.104	8.631	22.058	27.130	48.800
24/08/1994	10.327	7.927	20.615	25.293	55.000
25/08/1994	0.610	9.206	20.630	26.548	53.700
26/08/1994	0.000	10.060	21.375	28.005	38.000
27/08/1994	0.814	12.313	20.231	29.510	30.400
28/08/1994	26.928	10.066	21.567	28.163	27.500
29/08/1994	4.981	9.834	21.173	27.601	24.500
30/08/1994	20.636	7.919	21.851	26.322	96.100
31/08/1994	4.215	9.991	20.543	27.288	67.100
01/09/1994	11.413	8.018	20.394	25.163	58.700
02/09/1994	4.065	9.647	20.995	27.260	71.700
03/09/1994	18.665	7.601	21.505	25.692	72.900
04/09/1994	9.924	9.135	21.038	26.769	72.900
05/09/1994	3.668	11.481	21.394	29.433	66.700
06/09/1994	11.114	10.802	21.192	28.582	49.400
07/09/1994	17.846	10.198	22.471	28.947	120.800
08/09/1994	11.615	11.697	21.091	29.433	110.100
09/09/1994	18.038	9.415	22.361	28.111	68.100
10/09/1994	29.234	9.074	21.120	26.784	94.600
11/09/1994	9.887	9.047	21.385	26.971	104.200
12/09/1994	1.601	10.486	21.221	28.298	67.600
13/09/1994	4.859	10.046	21.471	28.053	44.600
14/09/1994	0.483	8.873	22.865	27.990	38.800
15/09/1994	21.822	9.585	22.288	28.216	51.600
16/09/1994	18.484	8.803	21.409	26.764	49.000
17/09/1994	8.254	8.986	21.337	26.933	67.100
18/09/1994	0.000	11.524	20.649	29.000	51.600
19/09/1994	1.534	11.054	21.899	29.428	35.300
20/09/1994	11.554	10.196	22.130	28.740	59.800
21/09/1994	11.198	10.180	22.558	29.038	50.600
22/09/1994	31.530	7.466	21.385	25.486	63.900
23/09/1994	0.452	9.171	21.543	27.264	85.100
24/09/1994	12.842	7.833	21.341	25.812	285.200
25/09/1994	15.713	7.971	20.837	25.538	409.400
26/09/1994	10.316	9.163	20.365	26.370	234.800
27/09/1994	18.450	7.979	21.139	25.798	223.600
28/09/1994	9.687	8.808	21.404	26.846	223.300
29/09/1994	3.159	7.824	21.486	25.976	139.100
30/09/1994	10.597	7.955	21.303	25.938	122.100
01/10/1994	0.406	9.240	19.938	26.163	89.000
02/10/1994	5.017	9.350	20.649	26.837	106.200
03/10/1994	25.094	7.153	21.077	25.091	93.700
04/10/1994	5.831	9.976	19.760	26.841	74.000
05/10/1994	10.138	10.297	19.505	27.014	57.400
06/10/1994	9.643	7.416	21.298	25.486	119.700
07/10/1994	31.812	6.179	21.058	24.197	233.000
08/10/1994	0.979	9.065	20.154	26.226	161.400
09/10/1994	15.144	7.604	20.207	24.788	254.300
10/10/1994	6.770	9.400	19.582	26.159	207.900
11/10/1994	1.855	9.305	19.481	25.981	199.100
12/10/1994	11.488	8.747	19.587	25.529	170.900
13/10/1994	30.413	7.684	19.957	24.697	307.700
14/10/1994	10.146	6.542	20.356	23.962	144.500
15/10/1994	0.000	11.337	19.788	28.538	121.300
16/10/1994	32.391	10.130	21.611	28.601	112.400
17/10/1994	1.596	10.030	19.505	26.962	104.600
18/10/1994	17.730	5.113	20.635	22.995	226.900
19/10/1994	0.900	7.409	20.173	24.697	151.000
20/10/1994	2.069	9.987	18.832	26.413	125.200
21/10/1994	9.051	10.857	19.452	27.889	144.900
22/10/1994	2.673	9.481	20.966	27.519	357.300
23/10/1994	35.303	8.311	20.154	25.654	437.500
24/10/1994	14.975	8.482	20.692	26.298	432.200
25/10/1994	33.749	7.030	20.678	24.837	335.600
26/10/1994	0.000	9.475	20.841	27.500	225.500
27/10/1994	21.759	9.809	20.712	27.784	324.100
28/10/1994	0.000	9.800	21.760	28.587	163.900
29/10/1994	10.261	9.145	20.654	27.062	102.600
30/10/1994	0.000	9.848	20.885	28.034	83.100
31/10/1994	6.537	9.250	20.529	27.154	73.900
01/11/1994	57.833	9.553	21.216	28.010	193.400
02/11/1994	10.093	7.946	22.058	27.029	147.900
03/11/1994	27.208	6.804	21.418	25.346	295.900
04/11/1994	1.015	7.163	21.966	26.173	166.700
05/11/1994	25.648	7.372	20.861	25.466	538.000
06/11/1994	9.411	6.744	20.721	24.755	298.300
07/11/1994	13.144	9.660	20.832	27.957	260.900
08/11/1994	20.697	8.014	22.356	27.394	194.400
09/11/1994	13.410	7.070	21.635	25.856	118.500
10/11/1994	8.409	8.432	21.822	27.447	87.900
11/11/1994	19.595	7.667	21.548	26.438	127.000
12/11/1994	0.390	9.400	21.115	27.995	90.900
13/11/1994	14.107	7.518	21.885	26.635	77.900
14/11/1994	17.456	8.836	21.832	27.957	75.600
15/11/1994	0.463	7.915	21.298	26.548	78.300
16/11/1994	0.000	8.462	21.976	27.697	66.400
17/11/1994	6.650	8.516	21.476	27.399	102.300
18/11/1994	13.220	7.284	22.236	26.707	105.000
19/11/1994	5.617	8.093	21.846	27.245	71.200
20/11/1994	6.647	8.083	21.577	27.024	84.800
21/11/1994	9.992	6.890	21.048	25.356	88.900
22/11/1994	1.938	6.778	21.168	25.365	100.500
23/11/1994	10.359	7.367	21.024	25.889	166.400
24/11/1994	60.332	7.001	21.139	25.567	396.000
25/11/1994	21.296	8.463	21.000	27.053	466.000
26/11/1994	20.256	6.827	20.606	24.976	462.400
27/11/1994	0.000	7.592	20.250	25.524	300.200
28/11/1994	0.396	5.528	21.587	24.567	176.400
29/11/1994	1.836	9.982	20.231	28.303	165.700
30/11/1994	0.000	9.054	21.361	28.091	175.500
01/12/1994	1.385	7.518	22.178	27.034	87.500
02/12/1994	1.185	7.264	21.024	25.865	107.800
03/12/1994	0.000	7.192	21.654	26.274	71.300
04/12/1994	2.189	9.511	21.125	28.490	65.700
05/12/1994	19.664	9.314	21.505	28.567	55.900
06/12/1994	8.824	8.464	21.659	27.736	62.600
07/12/1994	0.000	8.586	21.072	27.442	97.700
08/12/1994	20.839	6.640	22.120	26.173	93.600
09/12/1994	0.445	8.246	21.678	27.519	51.500
10/12/1994	6.551	9.025	21.438	28.260	71.600
11/12/1994	2.122	8.604	22.178	28.332	54.900
12/12/1994	0.000	9.488	21.226	28.620	52.100
13/12/1994	10.588	8.940	21.471	28.168	55.400
14/12/1994	0.165	8.289	21.255	27.274	38.500
15/12/1994	14.860	8.601	20.889	27.327	65.100
16/12/1994	0.000	8.240	22.298	28.019	43.800
17/12/1994	0.000	10.100	20.764	29.000	32.400
18/12/1994	0.000	7.068	22.870	27.240	32.600
19/12/1994	9.957	7.125	22.538	27.014	41.000
20/12/1994	6.129	8.617	21.029	27.457	99.400
21/12/1994	0.000	8.384	21.399	27.471	75.100
22/12/1994	0.000	7.914	21.793	27.250	48.400
23/12/1994	7.200	7.868	21.332	26.817	46.300
24/12/1994	0.000	7.083	20.188	25.043	50.700
25/12/1994	0.000	9.285	19.904	27.356	71.300
26/12/1994	0.000	7.471	19.865	25.168	200.100
27/12/1994	0.000	7.923	19.471	25.389	178.900
28/12/1994	0.000	7.892	20.135	25.870	72.900
29/12/1994	0.000	9.949	19.173	27.611	48.600
30/12/1994	0.000	9.901	19.024	27.447	36.800
31/12/1994	0.000	7.864	21.293	26.760	30.400
01/01/1995	0.000	9.231	20.851	27.986	22.000
02/01/1995	0.000	9.660	20.178	27.976	21.000
03/01/1995	0.000	9.052	22.038	28.649	21.000
04/01/1995	0.000	8.617	21.058	27.394	19.700
05/01/1995	0.000	10.008	20.082	28.250	19.200
06/01/1995	0.000	10.644	19.538	28.630	21.500
07/01/1995	0.000	11.010	19.707	29.178	17.500
08/01/1995	0.000	9.904	20.404	28.346	17.300
09/01/1995	0.000	9.118	20.567	27.524	27.400
10/01/1995	0.388	7.897	20.870	26.337	20.400
11/01/1995	0.000	10.530	19.279	28.221	26.900
12/01/1995	0.000	10.964	19.024	28.543	20.600
13/01/1995	0.000	10.881	19.298	28.596	23.500
06/04/1995	19.627	10.622	21.471	28.500	26.400
07/04/1995	3.968	10.017	22.933	29.014	25.700
08/04/1995	1.943	10.680	20.870	28.096	29.100
09/04/1995	1.216	10.543	21.014	28.048	20.100
10/04/1995	0.000	10.562	21.534	28.471	33.100
11/04/1995	0.000	10.993	22.327	29.529	27.800
12/04/1995	0.000	10.753	22.010	29.053	20.200
13/04/1995	23.451	10.536	21.745	28.611	18.700
14/04/1995	13.262	6.928	22.173	25.577	138.000
15/04/1995	0.000	11.246	20.221	28.202	155.100
16/04/1995	4.720	10.183	22.260	28.678	99.100
17/04/1995	34.902	8.134	21.750	26.317	107.800
18/04/1995	0.750	9.380	21.312	27.163	108.000
19/04/1995	6.427	10.514	20.385	27.582	110.300
20/04/1995	2.294	8.723	20.995	26.274	161.700
21/04/1995	10.281	8.916	21.212	26.615	87.600
22/04/1995	11.881	9.169	21.058	26.793	89.900
23/04/1995	5.830	11.942	20.668	29.361	73.700
24/04/1995	16.450	11.424	22.351	30.087	39.600
25/04/1995	1.953	11.931	20.740	29.413	216.200
26/04/1995	23.594	8.641	21.245	26.442	172.700
27/04/1995	10.838	10.925	21.476	28.938	186.400
28/04/1995	6.176	9.628	21.832	27.885	181.300
29/04/1995	12.770	6.802	21.385	24.865	269.600
30/04/1995	16.199	10.448	21.803	28.707	197.100
01/05/1995	12.112	11.262	20.995	28.942	114.200
02/05/1995	11.231	10.516	21.019	28.202	123.900
03/05/1995	1.325	10.259	20.928	27.904	90.400
04/05/1995	7.756	9.137	21.784	27.442	84.700
05/05/1995	10.208	10.147	21.139	27.947	84.700
06/05/1995	18.196	9.432	21.562	27.543	168.300
07/05/1995	11.490	7.525	21.106	25.356	210.400
08/05/1995	0.000	9.744	20.466	27.029	182.700
09/05/1995	0.000	8.014	22.322	26.837	182.500
10/05/1995	12.316	10.396	20.990	28.188	135.600
11/05/1995	9.658	10.906	20.913	28.639	101.800
12/05/1995	2.065	10.518	21.764	28.918	76.200
13/05/1995	13.158	9.835	21.938	28.337	106.700
14/05/1995	12.460	8.210	21.288	26.221	185.800
15/05/1995	8.427	10.035	21.452	28.192	148.600
16/05/1995	18.205	8.862	20.481	26.284	104.900
17/05/1995	8.290	10.186	20.221	27.418	172.300
18/05/1995	1.038	9.795	20.697	27.389	123.000
19/05/1995	0.000	10.267	21.149	28.240	91.000
20/05/1995	11.638	11.004	21.337	29.149	66.000
21/05/1995	5.900	9.648	22.168	28.418	65.700
22/05/1995	7.974	8.972	21.688	27.361	41.500
23/05/1995	3.782	10.730	20.510	28.303	32.600
24/05/1995	29.599	9.729	19.543	26.519	92.000
25/05/1995	28.222	8.092	20.683	25.678	132.500
26/05/1995	16.467	8.725	20.952	26.548	188.900
27/05/1995	11.657	10.183	20.750	27.918	252.100
28/05/1995	10.957	9.429	21.010	27.356	155.500
29/05/1995	27.889	7.246	21.712	25.726	149.700
30/05/1995	20.864	9.433	21.043	27.380	182.500
31/05/1995	5.173	12.156	19.649	29.356	165.600
01/06/1995	10.953	8.160	22.303	27.130	75.700
02/06/1995	28.770	7.896	21.053	25.837	70.800
03/06/1995	8.577	9.539	20.380	27.034	108.200
04/06/1995	6.072	10.471	21.668	28.981	258.600
05/06/1995	16.002	9.557	21.841	28.173	160.000
06/06/1995	21.234	9.031	21.562	27.433	155.100
07/06/1995	1.985	9.024	21.317	27.264	185.800
08/06/1995	20.857	8.940	21.231	27.077	152.200
09/06/1995	10.174	8.430	20.620	26.101	110.300
10/06/1995	0.103	11.185	20.966	29.303	109.300
11/06/1995	6.713	11.009	22.553	30.284	138.700
12/06/1995	5.403	11.753	21.692	30.462	81.900
13/06/1995	8.136	10.636	21.380	29.010	158.400
14/06/1995	13.210	8.690	21.279	26.870	148.600
15/06/1995	23.340	8.635	21.904	27.351	99.200
16/06/1995	0.814	8.756	21.726	27.312	68.200
17/06/1995	0.470	9.136	22.365	28.231	71.400
18/06/1995	33.998	7.898	21.452	26.240	100.200
19/06/1995	0.620	9.401	21.457	27.788	79.000
20/06/1995	2.474	9.195	21.692	27.774	84.700
21/06/1995	9.286	9.983	21.740	28.625	99.200
22/06/1995	0.000	10.458	21.529	28.952	62.600
23/06/1995	21.824	9.330	21.125	27.481	112.100
24/06/1995	0.115	8.136	20.788	25.957	119.900
25/06/1995	13.751	10.094	21.173	28.308	99.000
26/06/1995	0.000	9.794	20.784	27.697	76.200
27/06/1995	2.893	10.867	20.904	28.962	55.600
28/06/1995	14.554	8.668	21.976	27.438	61.200
29/06/1995	6.723	8.628	22.058	27.476	89.000
30/06/1995	6.718	9.563	20.889	27.529	163.700
01/07/1995	0.699	10.090	22.346	29.207	63.100
02/07/1995	0.000	10.977	22.572	30.312	50.100
03/07/1995	8.749	10.254	22.091	29.183	43.300
04/07/1995	10.398	10.469	21.736	29.120	52.400
05/07/1995	1.893	8.249	21.087	26.298	84.700
06/07/1995	6.695	6.476	22.005	25.370	55.600
07/07/1995	1.582	7.546	20.562	25.192	56.400
08/07/1995	0.000	9.577	21.019	27.611	46.700
09/07/1995	20.313	10.665	20.962	28.716	103.800
10/07/1995	5.999	10.467	20.856	28.418	168.600
11/07/1995	0.304	11.329	20.024	28.750	65.700
12/07/1995	10.553	11.329	21.740	29.995	53.200
13/07/1995	17.779	9.709	21.861	28.356	125.500
14/07/1995	10.240	8.696	21.562	27.096	99.000
15/07/1995	12.332	10.895	21.976	29.683	68.500
16/07/1995	24.548	9.230	22.389	28.250	54.400
17/07/1995	4.208	7.671	22.250	26.649	113.700
18/07/1995	13.729	9.395	22.019	28.135	147.300
19/07/1995	6.202	10.109	21.649	28.562	74.300
20/07/1995	0.620	10.094	21.716	28.606	56.800
21/07/1995	23.326	7.543	21.298	25.668	60.600
22/07/1995	8.563	10.620	21.663	29.087	64.400
23/07/1995	11.055	9.687	21.726	28.144	61.800
24/07/1995	15.479	9.722	21.413	27.952	68.500
25/07/1995	12.588	10.586	21.856	29.173	64.900
26/07/1995	23.852	8.275	21.442	26.476	60.800
27/07/1995	11.314	8.004	21.202	26.024	65.400
28/07/1995	19.895	7.442	20.481	24.880	137.200
29/07/1995	0.112	10.443	20.841	28.202	128.600
30/07/1995	0.157	11.532	20.740	29.293	92.100
31/07/1995	35.863	11.653	20.899	29.543	101.700
01/08/1995	21.717	8.602	21.038	26.457	77.200
02/08/1995	7.972	7.286	20.659	24.856	93.300
03/08/1995	0.154	7.045	20.933	24.822	105.000
04/08/1995	13.688	9.561	20.168	26.697	160.100
05/08/1995	6.962	9.646	21.101	27.505	153.100
06/08/1995	2.160	10.656	20.163	27.880	116.100
07/08/1995	2.735	11.260	20.577	28.822	70.900
08/08/1995	8.987	9.773	21.019	27.572	67.700
09/08/1995	30.708	9.039	20.865	26.678	115.200
10/08/1995	5.104	8.720	21.562	26.889	90.400
11/08/1995	2.891	9.990	20.207	27.130	93.800
12/08/1995	9.268	11.303	20.154	28.481	101.800
13/08/1995	16.829	8.236	21.332	26.231	70.300
14/08/1995	0.000	11.526	20.510	28.966	78.400
15/08/1995	22.216	9.442	20.788	26.986	65.900
16/08/1995	6.334	9.708	21.139	27.519	136.300
17/08/1995	4.303	10.237	20.250	27.385	112.900
18/08/1995	9.206	9.622	20.712	27.096	86.200
19/08/1995	8.845	10.402	20.207	27.519	101.500
20/08/1995	8.613	8.638	21.168	26.471	83.300
21/08/1995	1.372	10.776	20.226	27.904	99.100
22/08/1995	6.628	11.773	20.625	29.245	87.300
23/08/1995	15.844	9.055	20.875	26.620	75.900
24/08/1995	8.449	10.781	20.293	27.928	79.100
25/08/1995	23.059	8.713	21.072	26.413	132.400
26/08/1995	14.221	10.714	20.625	28.087	106.100
27/08/1995	39.557	9.745	21.524	27.764	214.800
28/08/1995	6.801	10.780	21.154	28.562	194.700
29/08/1995	0.930	10.647	21.188	28.462	159.200
30/08/1995	0.000	11.341	21.096	29.120	112.500
31/08/1995	4.761	9.591	21.971	28.010	76.200
01/09/1995	2.704	10.556	20.692	27.971	102.400
02/09/1995	0.490	11.172	21.149	28.962	68.100
03/09/1995	0.325	12.165	21.034	29.923	52.600
04/09/1995	0.000	12.129	20.726	29.644	41.500
05/09/1995	0.000	11.321	21.091	29.048	36.300
06/09/1995	0.661	11.571	21.082	29.298	35.800
07/09/1995	11.336	9.139	21.163	26.851	35.800
08/09/1995	5.657	8.465	21.048	26.139	41.800
09/09/1995	11.945	8.971	21.457	26.971	44.300
10/09/1995	23.266	11.640	20.740	29.154	61.800
11/09/1995	35.446	9.748	21.880	28.034	63.100
12/09/1995	10.833	9.539	20.721	26.938	58.100
13/09/1995	26.188	9.510	21.226	27.317	237.400
14/09/1995	9.935	8.207	21.308	26.096	131.000
15/09/1995	6.655	8.220	20.625	25.558	115.900
16/09/1995	12.764	9.726	20.582	27.029	87.600
17/09/1995	0.000	10.085	20.740	27.543	68.700
18/09/1995	21.022	6.876	22.091	25.620	118.500
19/09/1995	12.073	10.530	21.625	28.692	99.200
20/09/1995	3.540	11.059	20.385	28.298	63.900
21/09/1995	16.830	10.199	21.163	27.971	59.300
22/09/1995	11.071	10.057	21.447	28.082	124.200
23/09/1995	14.284	11.480	20.774	29.072	102.700
24/09/1995	18.790	11.409	20.139	28.524	110.400
25/09/1995	7.864	9.620	21.534	27.740	110.200
26/09/1995	8.604	11.016	21.750	29.337	135.400
27/09/1995	8.117	8.977	21.553	27.096	87.000
28/09/1995	0.780	11.890	20.409	29.293	70.800
29/09/1995	14.705	10.544	21.577	28.750	67.300
30/09/1995	21.521	8.653	21.500	26.817	106.800
01/10/1995	23.446	7.153	20.750	24.740	77.000
02/10/1995	5.054	11.372	20.014	28.510	84.200
03/10/1995	0.000	11.535	20.192	28.837	91.900
04/10/1995	4.949	10.090	20.856	27.784	75.400
05/10/1995	21.051	9.316	21.697	27.644	93.500
06/10/1995	14.074	10.855	20.697	28.514	222.300
07/10/1995	28.111	8.582	20.740	26.168	146.600
08/10/1995	10.944	8.733	20.418	26.091	111.700
09/10/1995	26.456	6.894	20.654	24.462	100.300
10/10/1995	1.080	7.531	20.481	24.957	132.800
11/10/1995	9.866	10.395	19.673	27.317	188.500
12/10/1995	6.343	7.528	20.995	25.413	219.900
14/10/1995	4.124	9.301	20.841	27.115	147.800
15/10/1995	5.620	9.850	21.240	28.000	108.400
16/10/1995	26.661	9.295	21.024	27.308	267.400
17/10/1995	13.581	8.902	21.082	26.933	136.900
18/10/1995	15.106	7.738	20.168	25.024	273.000
19/10/1995	12.440	7.938	20.558	25.524	188.600
20/10/1995	12.663	8.375	19.837	25.423	193.400
23/10/1995	0.886	10.018	20.034	27.433	110.900
24/10/1995	7.350	9.891	19.885	27.192	120.500
25/10/1995	36.206	8.235	20.048	25.553	101.800
26/10/1995	5.251	8.327	20.486	25.995	90.400
27/10/1995	24.614	5.655	20.659	23.534	79.000
28/10/1995	0.213	8.455	19.644	25.529	74.900
29/10/1995	26.697	8.234	20.322	25.841	71.500
30/10/1995	1.381	8.697	19.712	25.865	84.100
31/10/1995	24.176	8.701	19.918	26.053	83.300
01/11/1995	0.603	8.670	20.034	26.139	74.200
02/11/1995	0.000	10.240	19.644	27.625	65.100
03/11/1995	28.097	7.565	21.534	26.197	113.100
04/11/1995	1.890	8.000	20.736	26.024	120.500
05/11/1995	16.969	8.295	20.447	26.144	92.200
06/11/1995	1.419	9.584	21.375	28.264	132.000
07/11/1995	42.325	8.022	21.490	26.712	70.500
08/11/1995	16.829	7.394	20.303	25.111	147.600
09/11/1995	22.924	9.404	19.894	27.024	109.100
10/11/1995	0.000	6.345	21.120	24.750	150.600
11/11/1995	5.365	8.481	20.178	26.221	165.000
13/11/1995	0.000	6.939	19.538	24.077	208.300
14/11/1995	0.000	10.207	18.312	26.918	133.600
15/11/1995	15.315	8.767	21.351	27.534	173.400
16/11/1995	2.121	7.658	21.928	26.832	107.700
17/11/1995	23.830	8.455	21.519	27.346	104.300
18/11/1995	15.501	6.938	20.909	25.279	91.800
19/11/1995	5.175	7.835	20.942	26.255	83.000
20/11/1995	0.000	8.527	21.986	27.856	64.600
21/11/1995	29.021	7.405	21.663	26.413	57.800
22/11/1995	24.233	9.279	20.601	27.668	69.900
23/11/1995	17.007	9.650	20.615	28.115	109.400
24/11/1995	0.000	8.695	23.010	28.913	65.200
25/11/1995	7.827	8.748	21.264	27.596	56.600
26/11/1995	11.586	9.216	20.423	27.495	126.600
27/11/1995	0.348	8.533	20.399	26.697	86.200
28/11/1995	0.000	10.109	20.995	29.000	61.600
29/11/1995	0.000	8.738	21.361	27.697	46.300
30/11/1995	0.000	10.648	20.115	29.043	43.200
01/12/1995	0.000	9.893	20.971	28.798	35.900
02/12/1995	0.225	8.803	21.447	27.885	34.700
03/12/1995	2.185	8.779	21.005	27.534	34.800
04/12/1995	47.771	9.681	20.933	28.558	117.700
05/12/1995	0.000	9.412	20.385	27.822	117.600
06/12/1995	13.270	9.165	20.370	27.524	130.000
07/12/1995	0.000	8.222	20.870	26.817	164.400
08/12/1995	0.000	10.095	19.327	27.909	109.600
09/12/1995	0.000	9.140	19.255	26.692	62.900
10/12/1995	0.000	6.993	21.087	25.659	52.300
11/12/1995	3.925	9.388	20.062	27.611	50.600
12/12/1995	22.253	8.177	20.736	26.692	158.200
13/12/1995	7.646	8.823	20.481	27.245	56.900
14/12/1995	13.257	7.620	21.000	26.288	97.600
15/12/1995	7.222	7.223	21.625	26.380	87.600
16/12/1995	0.174	9.044	20.303	27.380	70.900
17/12/1995	0.132	9.024	21.548	28.327	19.500
18/12/1995	7.593	8.429	20.087	26.495	84.000
19/12/1995	8.831	8.625	20.769	27.255	64.700
20/12/1995	17.110	9.245	20.226	27.572	44.200
21/12/1995	0.000	7.715	20.933	26.361	45.900
22/12/1995	7.495	9.254	19.298	26.913	54.600
23/12/1995	15.364	8.076	20.726	26.620	56.400
24/12/1995	26.160	9.403	20.139	27.731	55.100
25/12/1995	3.353	6.508	20.976	25.087	54.800
26/12/1995	1.416	7.121	20.351	25.212	58.100
27/12/1995	0.000	8.131	20.284	26.327	51.100
28/12/1995	1.495	10.386	19.865	28.678	42.900
29/12/1995	0.461	9.535	19.851	27.606	33.800
30/12/1995	1.020	9.534	20.380	28.000	35.700
31/12/1995	0.000	8.879	22.062	28.510	35.800
01/01/1996	0.000	8.593	18.957	25.784	37.000
02/01/1996	0.000	9.752	19.332	27.457	28.200
03/01/1996	0.000	9.695	19.423	27.438	19.600
04/01/1996	15.768	9.443	20.817	28.178	21.500
05/01/1996	0.000	9.863	19.635	27.798	22.800
06/01/1996	0.000	9.440	19.861	27.433	23.500
07/01/1996	0.000	9.738	19.587	27.572	22.500
08/01/1996	2.328	9.295	19.913	27.264	22.200
09/01/1996	13.746	7.847	20.274	25.841	22.300
10/01/1996	1.147	9.693	19.649	27.519	26.800
11/01/1996	0.000	7.531	20.952	26.000	23.800
12/01/1996	0.000	8.949	19.769	26.688	23.800
13/01/1996	35.951	8.768	20.486	27.010	22.800
14/01/1996	10.497	8.449	18.784	25.312	62.700
15/01/1996	6.686	9.342	20.005	27.255	85.300
16/01/1996	0.000	10.011	19.087	27.375	37.200
17/01/1996	0.000	9.603	18.606	26.505	36.800
18/01/1996	0.000	7.693	20.226	25.495	36.500
19/01/1996	0.000	9.148	18.519	25.851	29.600
20/01/1996	0.000	9.343	18.038	25.731	31.800
21/01/1996	0.000	9.559	18.846	26.538	34.300
22/01/1996	3.142	8.880	19.216	26.000	30.600
23/01/1996	0.371	9.049	18.822	25.875	33.000
24/01/1996	0.000	9.822	18.707	26.688	35.600
25/01/1996	0.000	8.475	19.572	25.745	38.300
26/01/1996	0.000	10.282	20.317	28.365	33.300
27/01/1996	0.000	10.561	19.433	28.010	31.300
28/01/1996	0.000	10.062	19.005	27.087	25.200
29/01/1996	0.000	10.260	20.000	28.005	40.900
30/01/1996	0.000	10.764	18.764	27.692	24.700
31/01/1996	0.000	8.085	20.726	26.115	23.300
01/02/1996	0.000	8.240	20.144	25.808	31.800
02/02/1996	0.000	8.885	20.812	27.014	21.900
03/02/1996	0.209	9.028	21.942	28.029	21.300
04/02/1996	37.037	6.603	20.452	24.308	20.800
05/02/1996	8.875	6.650	19.466	23.538	21.700
06/02/1996	0.000	9.004	18.510	25.279	25.700
07/02/1996	2.774	7.092	20.933	25.144	31.800
08/02/1996	0.000	7.533	20.404	25.130	35.100
09/02/1996	0.000	9.327	19.865	26.625	72.100
10/02/1996	22.169	8.719	19.740	25.841	35.800
11/02/1996	6.947	10.566	19.433	27.659	39.600
12/02/1996	1.113	11.153	19.596	28.404	61.300
13/02/1996	1.635	9.330	19.697	26.409	30.500
14/02/1996	0.000	10.346	19.635	27.476	113.900
15/02/1996	9.433	8.729	20.663	26.471	27.100
16/02/1996	3.215	10.015	21.183	28.221	27.700
17/02/1996	29.025	8.248	20.029	25.438	28.600
18/02/1996	0.704	9.447	19.644	26.385	48.900
19/02/1996	0.000	11.201	20.207	28.721	42.400
20/02/1996	7.002	11.672	19.971	29.053	37.400
21/02/1996	0.792	9.077	20.505	26.582	27.600
22/02/1996	0.000	8.153	20.087	25.284	25.700
23/02/1996	0.000	9.902	20.764	27.615	80.100
24/02/1996	1.824	8.816	21.688	27.231	28.000
25/02/1996	1.425	12.093	20.534	29.788	23.300
26/02/1996	7.207	12.150	19.966	29.404	22.300
27/02/1996	14.025	10.550	20.635	28.135	22.600
28/02/1996	7.861	10.562	20.827	28.293	72.100
29/02/1996	11.023	9.157	20.308	26.375	78.400
01/03/1996	0.000	9.882	21.356	27.942	89.000
02/03/1996	23.561	9.228	21.072	27.019	86.100
03/03/1996	0.000	11.184	19.832	28.130	40.600
04/03/1996	0.000	9.584	21.510	27.697	38.700
05/03/1996	18.587	8.936	20.611	26.327	37.800
06/03/1996	17.589	9.253	20.471	26.529	86.700
07/03/1996	0.000	8.164	20.769	25.649	85.300
08/03/1996	18.034	8.212	20.793	25.692	76.000
09/03/1996	0.000	9.566	20.168	26.567	104.700
10/03/1996	58.130	7.627	20.524	24.889	94.700
11/03/1996	5.339	5.283	20.558	22.865	314.700
12/03/1996	0.000	6.248	19.837	23.024	272.200
13/03/1996	0.000	7.077	19.745	23.731	197.400
14/03/1996	0.000	8.367	20.091	25.226	216.800
15/03/1996	0.000	6.510	19.837	23.255	221.700
16/03/1996	0.000	9.366	18.990	25.351	294.700
17/03/1996	0.000	10.030	19.000	26.043	186.400
18/03/1996	0.000	11.730	19.264	28.082	102.800
19/03/1996	0.000	8.917	21.591	26.928	79.900
20/03/1996	0.000	8.842	20.740	26.178	61.300
21/03/1996	16.428	8.799	20.500	25.938	55.100
22/03/1996	12.752	8.363	19.702	24.880	136.900
23/03/1996	0.000	10.536	19.062	26.620	69.200
24/03/1996	7.871	9.752	20.471	26.846	125.400
25/03/1996	0.000	10.529	20.245	27.486	53.800
26/03/1996	26.315	9.056	20.476	26.173	56.300
27/03/1996	0.000	11.008	19.692	27.567	60.800
28/03/1996	0.883	10.083	20.928	27.548	47.200
29/03/1996	38.144	10.122	21.322	27.875	45.700
30/03/1996	8.830	8.951	20.913	26.389	62.100
31/03/1996	0.000	10.174	19.875	26.798	80.000
01/04/1996	10.223	10.055	20.409	27.101	61.400
02/04/1996	3.111	9.952	20.625	27.168	149.100
03/04/1996	19.174	7.986	20.423	25.077	292.400
04/04/1996	11.078	10.515	19.721	27.048	282.000
05/04/1996	18.284	9.808	20.293	26.779	136.900
06/04/1996	8.237	9.535	21.303	27.260	109.600
07/04/1996	8.851	10.969	19.976	27.726	106.700
08/04/1996	19.471	9.314	21.312	27.096	69.500
09/04/1996	6.704	9.433	21.399	27.274	59.600
10/04/1996	5.168	8.313	20.779	25.678	135.000
11/04/1996	5.686	8.220	20.375	25.245	156.700
12/04/1996	15.174	7.757	20.812	25.188	112.100
13/04/1996	0.439	9.775	20.288	26.740	127.600
14/04/1996	0.703	10.087	19.981	26.851	74.800
15/04/1996	7.684	9.697	20.221	26.601	92.000
16/04/1996	0.000	9.156	20.308	26.130	94.700
17/04/1996	10.938	9.453	20.990	26.976	63.600
18/04/1996	0.000	10.097	19.736	26.673	55.600
19/04/1996	2.179	8.659	20.120	25.514	41.900
20/04/1996	0.754	9.469	19.423	25.764	40.200
21/04/1996	2.964	10.291	19.457	26.683	38.700
22/04/1996	46.028	7.707	20.649	25.048	78.000
23/04/1996	6.145	8.844	20.981	26.394	63.700
24/04/1996	3.362	8.334	20.284	25.337	59.300
25/04/1996	0.000	8.786	19.870	25.514	72.100
26/04/1996	17.035	10.052	20.096	26.966	64.500
27/04/1996	10.485	10.075	20.202	27.096	93.500
28/04/1996	17.028	8.821	21.130	26.562	296.400
29/04/1996	8.008	8.825	21.365	26.745	101.800
30/04/1996	9.630	8.546	20.803	26.014	89.900
01/05/1996	12.235	6.674	21.062	24.514	78.500
02/05/1996	2.392	9.910	19.779	26.620	84.700
03/05/1996	3.084	8.598	21.183	26.404	61.600
04/05/1996	0.000	9.346	20.370	26.524	84.700
05/05/1996	6.198	7.789	21.019	25.514	104.900
06/05/1996	11.055	7.405	20.909	25.082	70.900
07/05/1996	14.629	6.890	21.303	24.928	64.600
08/05/1996	16.632	7.619	20.889	25.279	193.500
09/05/1996	9.302	8.923	19.779	25.731	193.500
10/05/1996	6.698	10.055	20.264	27.245	115.700
11/05/1996	17.031	9.455	20.389	26.731	80.200
12/05/1996	20.134	6.987	21.178	24.947	156.800
13/05/1996	32.570	7.442	20.798	25.048	257.800
14/05/1996	13.222	8.710	20.346	25.947	270.000
15/05/1996	18.921	8.093	20.442	25.442	201.200
16/05/1996	25.102	9.261	21.096	27.115	132.400
17/05/1996	10.982	9.001	20.471	26.361	147.600
18/05/1996	3.823	11.339	20.644	29.000	138.300
19/05/1996	5.208	8.980	20.995	26.793	146.500
20/05/1996	13.461	6.870	21.005	24.769	123.900
21/05/1996	0.000	10.291	19.370	26.957	135.600
22/05/1996	8.740	11.024	19.385	27.760	76.500
23/05/1996	16.689	8.174	20.341	25.481	148.500
24/05/1996	18.351	8.909	18.894	25.139	116.800
25/05/1996	19.964	8.011	20.913	25.774	93.300
26/05/1996	17.842	8.311	19.726	25.178	192.300
27/05/1996	5.889	8.941	20.260	26.245	178.700
28/05/1996	18.936	9.754	20.856	27.582	218.800
29/05/1996	22.930	9.272	19.812	26.288	155.000
30/05/1996	8.213	7.726	20.149	24.947	127.900
31/05/1996	7.277	10.870	18.538	27.130	130.500
01/06/1996	1.055	9.859	21.558	28.264	98.700
02/06/1996	23.836	7.721	21.596	26.120	132.000
03/06/1996	2.075	8.349	21.197	26.433	135.700
04/06/1996	13.188	6.923	21.567	25.365	200.100
05/06/1996	20.408	7.858	21.024	25.803	243.200
06/06/1996	0.189	10.507	19.111	27.173	128.100
07/06/1996	0.765	9.920	20.577	27.630	92.700
08/06/1996	11.918	9.905	20.029	27.192	84.900
09/06/1996	14.750	12.619	19.673	29.976	90.700
10/06/1996	3.060	11.613	21.615	30.240	71.400
11/06/1996	5.746	10.839	20.034	28.231	73.000
12/06/1996	11.934	10.441	21.048	28.582	64.100
13/06/1996	11.781	8.601	20.548	26.250	75.000
14/06/1996	17.971	8.941	21.130	27.038	98.800
15/06/1996	4.751	9.121	21.505	27.519	73.400
16/06/1996	34.161	8.269	21.683	26.817	140.700
17/06/1996	19.073	7.800	22.207	26.750	121.200
18/06/1996	1.653	7.850	20.841	25.707	241.600
19/06/1996	0.032	10.673	21.072	28.841	166.800
20/06/1996	9.584	8.998	20.875	26.909	148.400
21/06/1996	7.373	7.830	21.077	25.904	127.000
22/06/1996	1.551	9.791	20.250	27.279	107.900
23/06/1996	8.780	8.544	21.250	26.760	128.300
24/06/1996	7.489	9.563	20.399	27.135	177.000
25/06/1996	31.947	8.217	20.779	26.043	202.700
26/06/1996	25.038	7.203	20.668	24.923	330.100
27/06/1996	8.003	9.126	20.394	26.659	268.800
28/06/1996	21.499	6.466	20.567	24.115	230.900
29/06/1996	4.771	9.029	19.510	25.870	167.000
30/06/1996	14.801	7.348	20.466	24.894	160.400
01/07/1996	10.237	9.301	19.649	26.284	174.900
02/07/1996	21.272	6.803	20.611	24.476	159.400
03/07/1996	5.376	10.015	20.899	27.981	177.000
04/07/1996	14.426	10.821	20.216	28.351	160.000
05/07/1996	10.555	9.975	21.370	28.312	116.800
06/07/1996	3.579	10.535	21.327	28.885	95.100
07/07/1996	13.371	8.241	22.149	27.125	93.700
08/07/1996	13.234	11.627	20.885	29.702	179.200
09/07/1996	7.459	9.046	21.048	27.048	109.700
10/07/1996	20.943	8.846	20.457	26.375	78.000
11/07/1996	0.135	11.298	21.101	29.486	91.000
12/07/1996	21.347	10.335	21.058	28.433	58.700
13/07/1996	3.527	9.952	21.236	28.125	69.700
14/07/1996	16.789	11.072	21.909	29.812	212.400
15/07/1996	0.294	11.268	20.971	29.341	98.400
16/07/1996	24.564	11.084	20.231	28.582	47.900
17/07/1996	0.339	11.179	19.702	28.293	73.700
18/07/1996	0.000	11.196	20.274	28.702	28.800
19/07/1996	0.000	13.365	20.154	31.019	15.200
20/07/1996	2.120	9.165	22.995	28.649	18.500
21/07/1996	11.125	11.878	20.952	29.938	74.300
22/07/1996	8.766	12.477	20.486	30.226	40.100
23/07/1996	0.760	11.751	20.938	29.736	17.000
24/07/1996	0.697	11.534	21.692	30.048	14.400
25/07/1996	0.839	12.027	21.678	30.548	11.200
26/07/1996	5.613	11.435	21.327	29.659	10.100
27/07/1996	11.227	12.461	20.721	30.346	62.800
28/07/1996	12.699	8.667	22.135	27.394	29.100
29/07/1996	3.540	8.281	21.966	26.913	24.500
30/07/1996	4.424	9.402	21.716	27.798	11.800
31/07/1996	4.675	12.213	21.293	30.409	34.700
01/08/1996	13.764	10.977	21.615	29.317	50.000
02/08/1996	0.000	11.798	19.457	28.601	44.300
03/08/1996	21.304	9.950	21.832	28.413	17.300
04/08/1996	0.000	9.180	21.639	27.481	54.100
05/08/1996	3.370	10.730	21.389	28.865	128.600
06/08/1996	10.569	11.045	22.250	29.832	57.900
07/08/1996	23.497	9.323	21.341	27.370	99.600
08/08/1996	2.275	9.908	21.678	28.188	45.300
09/08/1996	1.735	10.174	21.029	27.971	69.300
10/08/1996	13.231	9.119	21.173	27.010	51.400
11/08/1996	0.000	10.252	20.096	27.327	49.400
12/08/1996	9.402	11.412	20.683	28.971	30.900
13/08/1996	0.000	11.715	19.909	28.712	19.200
15/08/1996	15.546	8.211	20.875	25.832	37.200
16/08/1996	0.000	10.704	20.216	27.856	48.900
17/08/1996	15.432	13.046	19.851	30.096	35.100
18/08/1996	3.260	8.872	20.240	25.933	30.600
19/08/1996	11.530	10.813	19.880	27.668	43.400
20/08/1996	16.636	11.589	19.986	28.587	36.100
21/08/1996	18.116	10.604	21.514	28.673	75.300
22/08/1996	9.693	7.591	21.375	25.591	43.100
23/08/1996	13.176	9.187	21.827	27.486	44.900
24/08/1996	2.582	10.578	21.745	28.812	56.300
25/08/1996	7.898	8.952	20.861	26.466	120.300
26/08/1996	4.009	9.217	21.043	26.870	94.700
27/08/1996	3.751	10.463	20.438	27.702	223.100
28/08/1996	8.057	12.297	20.024	29.337	101.700
29/08/1996	8.306	9.983	20.375	27.125	61.600
30/08/1996	13.358	10.012	21.139	27.731	126.500
31/08/1996	16.556	10.949	20.582	28.293	89.300
01/09/1996	12.086	11.226	20.269	28.351	67.700
02/09/1996	4.778	8.154	21.274	25.990	80.400
03/09/1996	11.787	9.867	21.322	27.726	143.500
04/09/1996	23.078	9.494	20.899	27.029	130.800
05/09/1996	15.251	9.410	21.659	27.514	83.000
06/09/1996	6.248	9.732	19.875	26.476	129.800
07/09/1996	2.562	12.363	19.827	29.226	85.600
08/09/1996	17.552	11.174	20.514	28.438	64.400
09/09/1996	5.536	11.368	20.769	28.861	65.700
10/09/1996	0.000	9.071	21.111	26.769	55.600
11/09/1996	10.200	11.063	20.577	28.423	115.200
12/09/1996	1.995	11.116	20.981	28.808	93.900
13/09/1996	11.819	8.789	22.043	27.240	97.300
14/09/1996	10.644	11.625	22.188	30.216	157.700
15/09/1996	16.844	9.910	21.865	28.231	163.400
16/09/1996	1.516	12.056	21.380	30.072	168.000
17/09/1996	0.984	8.277	21.264	26.159	98.400
18/09/1996	1.517	12.273	21.279	30.236	73.200
19/09/1996	21.166	10.761	21.957	29.183	76.400
20/09/1996	27.029	10.537	21.582	28.683	94.700
21/09/1996	15.843	9.887	21.375	27.856	56.300
22/09/1996	0.554	10.952	21.697	29.226	43.000
23/09/1996	0.380	11.731	22.168	30.356	40.200
24/09/1996	21.727	8.455	21.168	26.298	36.800
25/09/1996	6.074	9.282	21.428	27.317	52.700
26/09/1996	8.052	10.562	21.404	28.644	60.100
27/09/1996	23.426	9.506	20.481	26.803	98.700
28/09/1996	15.664	10.292	21.216	28.212	129.300
29/09/1996	2.320	9.836	21.072	27.659	109.200
30/09/1996	22.395	7.041	21.183	25.053	89.000
01/10/1996	9.353	10.118	19.971	27.115	138.200
02/10/1996	0.835	10.787	21.067	28.654	69.200
03/10/1996	28.966	10.149	20.659	27.712	147.100
04/10/1996	0.000	6.581	20.986	24.433	77.600
05/10/1996	4.910	10.388	19.490	27.101	101.000
06/10/1996	9.057	10.262	20.731	27.904	89.000
07/10/1996	8.359	7.755	20.764	25.394	65.100
08/10/1996	20.220	9.799	19.913	26.846	70.000
09/10/1996	12.920	7.245	19.808	24.183	76.200
10/10/1996	11.440	8.126	19.476	24.788	217.200
11/10/1996	15.827	11.211	19.740	28.288	168.800
14/10/1996	3.617	9.614	19.255	26.226	259.800
15/10/1996	11.057	7.741	20.101	24.918	320.400
16/10/1996	0.330	5.987	21.418	24.413	182.500
17/10/1996	0.000	8.980	21.534	27.370	122.700
19/10/1996	0.857	10.335	19.894	27.601	184.400
20/10/1996	11.103	8.721	20.418	26.293	196.400
21/10/1996	0.274	7.902	20.303	25.327	165.000
22/10/1996	15.188	9.758	20.072	27.183	116.800
23/10/1996	4.147	9.488	20.264	27.082	89.200
24/10/1996	9.777	11.448	20.149	29.178	71.700
25/10/1996	8.720	10.138	20.332	27.856	86.100
26/10/1996	0.000	10.068	21.659	28.822	69.200
27/10/1996	3.214	10.255	21.476	28.875	58.200
28/10/1996	31.050	8.767	20.365	26.433	133.900
29/10/1996	17.057	9.143	19.476	26.192	102.900
30/10/1996	10.682	10.614	19.947	28.221	90.400
31/10/1996	3.861	9.737	20.779	27.894	53.100
01/11/1996	19.780	8.619	22.452	28.019	93.500
02/11/1996	0.000	9.663	21.913	28.716	81.900
03/11/1996	16.245	8.683	21.303	27.192	96.700
04/11/1996	0.000	10.438	20.745	28.740	69.800
05/11/1996	0.000	11.719	20.620	30.139	46.300
06/11/1996	1.363	10.683	21.673	29.750	45.100
07/11/1996	17.993	9.451	21.101	27.971	49.500
08/11/1996	27.473	6.843	21.178	25.298	43.900
09/11/1996	8.988	9.489	20.293	27.409	295.900
10/11/1996	1.026	9.358	20.284	27.279	271.800
11/11/1996	0.337	9.619	21.029	28.168	105.200
12/11/1996	0.000	9.289	21.163	27.918	80.300
13/11/1996	40.418	10.929	21.832	30.293	90.700
14/11/1996	24.648	7.889	21.635	26.817	266.400
15/11/1996	20.625	8.424	21.447	27.245	363.700
16/11/1996	31.031	9.178	20.413	27.312	188.300
17/11/1996	0.000	9.425	20.312	27.534	146.200
18/11/1996	0.000	9.694	19.505	27.269	223.700
19/11/1996	0.000	11.025	19.389	28.788	166.400
20/11/1996	0.000	10.643	19.615	28.505	71.300
21/11/1996	0.536	9.729	18.553	26.654	121.100
22/11/1996	6.701	9.187	19.562	26.755	57.600
23/11/1996	0.000	7.667	19.736	25.149	64.500
24/11/1996	0.000	7.261	20.731	25.534	70.600
25/11/1996	0.000	7.817	20.154	25.712	51.200
26/11/1996	0.000	9.334	21.226	28.264	43.200
27/11/1996	0.000	8.367	21.606	27.495	41.100
28/11/1996	4.540	8.447	21.255	27.308	40.900
29/11/1996	10.975	7.637	20.740	26.038	49.600
30/11/1996	6.687	8.250	21.880	27.615	51.700
01/12/1996	2.657	8.226	19.543	25.764	51.600
02/12/1996	1.640	9.311	20.558	27.841	41.700
03/12/1996	12.934	6.423	20.601	24.639	39.700
04/12/1996	31.613	9.399	20.154	27.625	55.500
05/12/1996	1.241	9.449	20.332	27.822	110.600
06/12/1996	2.540	7.245	20.409	25.356	125.600
07/12/1996	1.064	10.103	19.486	28.062	104.400
08/12/1996	2.128	10.009	20.120	28.375	46.700
09/12/1996	40.879	8.259	20.620	26.736	74.800
10/12/1996	0.200	8.833	21.120	27.764	130.600
11/12/1996	5.578	7.712	20.519	26.038	77.000
12/12/1996	24.539	7.460	20.264	25.548	65.800
13/12/1996	0.929	8.370	20.962	27.120	103.300
14/12/1996	12.172	9.652	19.760	27.745	140.300
15/12/1996	27.644	9.467	21.236	28.635	113.700
16/12/1996	0.000	9.599	21.024	28.635	79.800
17/12/1996	0.000	10.129	21.106	29.327	51.600
18/12/1996	0.000	9.463	21.149	28.558	40.400
19/12/1996	0.000	10.308	21.125	29.548	34.000
20/12/1996	1.991	9.924	21.788	29.548	34.900
21/12/1996	0.000	8.576	21.284	27.596	34.800
22/12/1996	0.000	9.539	21.361	28.764	59.000
23/12/1996	0.000	10.080	18.923	27.630	39.800
24/12/1996	0.000	9.916	19.909	28.163	34.700
25/12/1996	0.000	8.525	22.000	28.077	32.100
26/12/1996	0.000	8.424	21.072	27.245	30.800
27/12/1996	0.000	9.924	21.784	29.529	28.600
28/12/1996	0.000	10.782	19.572	28.928	33.300
29/12/1996	0.000	11.221	19.865	29.659	22.200
30/12/1996	0.000	10.444	19.942	28.769	29.400
31/12/1996	0.000	9.978	20.438	28.543	32.700
01/01/1997	0.000	10.310	19.798	28.476	39.400
02/01/1997	0.000	8.965	20.365	27.269	41.100
03/01/1997	3.956	9.059	20.312	27.322	42.000
04/01/1997	0.000	10.065	20.024	28.303	36.600
05/01/1997	0.000	11.213	18.899	28.889	48.000
06/01/1997	0.000	11.795	19.476	29.995	31.600
07/01/1997	0.000	11.349	18.683	28.899	26.700
08/01/1997	1.854	10.952	19.298	28.808	22.900
09/01/1997	0.091	10.233	19.087	27.750	25.000
10/01/1997	10.924	8.456	20.173	26.447	23.400
11/01/1997	0.000	9.780	19.697	27.630	79.600
12/01/1997	2.804	8.435	20.418	26.591	65.800
13/01/1997	0.076	9.944	18.702	27.058	78.500
14/01/1997	0.085	10.119	18.760	27.298	40.400
15/01/1997	5.629	8.588	21.380	27.447	44.700
16/01/1997	1.972	9.499	20.260	27.611	47.700
17/01/1997	4.258	8.512	20.534	26.688	50.600
18/01/1997	4.672	8.368	20.731	26.654	63.400
19/01/1997	4.644	9.612	17.861	25.899	51.600
20/01/1997	0.374	10.329	19.327	27.832	37.400
21/01/1997	7.510	8.859	20.212	26.755	31.300
22/01/1997	0.000	10.530	19.764	28.327	27.000
23/01/1997	3.566	11.223	19.490	28.933	25.200
24/01/1997	2.665	11.032	18.688	28.125	23.100
25/01/1997	0.297	10.833	20.120	28.865	27.000
26/01/1997	0.393	9.398	21.221	28.014	23.200
27/01/1997	0.000	9.874	20.577	28.034	55.100
28/01/1997	0.000	9.706	19.721	27.212	38.400
29/01/1997	0.098	10.686	20.149	28.620	28.700
30/01/1997	5.269	9.584	20.976	27.942	22.600
31/01/1997	0.000	9.151	20.279	26.928	27.200
01/02/1997	0.000	7.449	19.817	24.683	38.400
02/02/1997	0.000	9.285	19.192	26.207	61.500
03/02/1997	0.348	10.434	20.163	28.207	50.400
04/02/1997	19.570	9.300	19.909	26.740	28.100
05/02/1997	22.174	8.480	19.899	25.827	39.100
06/02/1997	1.424	10.347	19.644	27.663	66.000
07/02/1997	1.539	9.941	20.317	27.688	42.000
08/02/1997	6.812	9.291	21.178	27.625	30.100
09/02/1997	18.704	10.178	19.798	27.534	50.700
10/02/1997	18.471	11.310	20.279	29.135	42.800
11/02/1997	9.680	8.509	19.923	25.745	46.600
12/02/1997	13.882	10.377	19.601	27.524	127.900
13/02/1997	5.777	9.488	19.476	26.438	122.000
15/02/1997	2.071	12.696	19.596	30.101	45.900
16/02/1997	3.896	11.120	21.130	29.375	35.200
19/02/1997	0.000	11.699	19.971	29.091	39.600
21/02/1997	0.000	11.462	20.269	28.966	43.100
22/02/1997	0.000	10.449	21.904	29.072	34.900
23/02/1997	13.813	11.075	21.433	29.394	34.200
26/02/1997	0.000	11.229	22.115	30.014	44.400
27/02/1997	0.000	12.454	21.697	30.947	32.600
28/02/1997	8.973	12.379	21.769	30.909	34.200
01/03/1997	0.710	12.076	21.486	30.346	45.300
02/03/1997	0.000	12.818	21.115	30.865	34.400
03/03/1997	0.000	12.117	20.827	29.870	26.100
04/03/1997	0.000	12.198	22.048	30.817	26.100
05/03/1997	0.000	12.308	21.918	30.808	29.700
06/03/1997	0.000	13.287	22.351	32.135	22.500
07/03/1997	0.000	12.781	22.130	31.428	36.100
08/03/1997	0.000	12.633	22.885	31.798	19.500
09/03/1997	0.000	13.153	21.841	31.582	17.200
10/03/1997	0.000	11.352	23.370	30.851	16.700
11/03/1997	10.673	12.155	21.837	30.524	16.400
12/03/1997	32.402	13.821	21.683	32.130	26.300
14/03/1997	0.000	12.925	22.389	31.654	47.300
15/03/1997	0.621	13.777	22.947	32.923	27.900
16/03/1997	1.755	10.032	22.173	28.500	42.000
17/03/1997	0.000	8.153	21.889	26.457	26.100
18/03/1997	0.000	9.020	21.375	26.889	32.300
19/03/1997	0.000	9.269	20.721	26.639	132.200
20/03/1997	0.000	12.505	19.918	29.365	123.000
21/03/1997	0.000	10.762	19.322	27.029	44.800
23/03/1997	0.000	12.212	19.139	28.462	46.500
24/03/1997	0.000	13.992	18.822	30.192	37.300
25/03/1997	0.000	12.034	20.788	29.447	29.000
26/03/1997	0.000	9.285	19.947	25.938	23.900
27/03/1997	0.000	11.503	19.601	28.000	27.000
29/03/1997	18.202	10.766	20.212	27.683	31.200
30/03/1997	0.000	12.349	20.625	29.649	26.400
31/03/1997	3.886	12.687	20.010	29.567	22.900
01/04/1997	0.000	10.344	21.000	27.861	27.800
02/04/1997	0.000	13.263	20.635	30.615	37.800
03/04/1997	0.000	11.295	22.659	30.053	32.600
04/04/1997	18.584	9.826	21.572	27.760	28.000
07/04/1997	15.561	11.713	22.361	30.255	44.000
08/04/1997	1.806	11.732	21.452	29.606	38.700
09/04/1997	20.764	10.310	21.856	28.481	33.400
11/04/1997	13.925	10.452	22.053	28.788	49.200
12/04/1997	1.541	12.906	21.779	31.062	41.100
13/04/1997	14.555	13.023	22.308	31.577	41.500
14/04/1997	12.317	8.903	21.803	27.053	42.200
15/04/1997	1.430	13.119	21.519	31.120	38.300
16/04/1997	8.475	9.293	22.317	27.870	33.100
20/04/1997	8.051	7.065	21.197	24.918	47.000
22/04/1997	12.982	8.819	19.774	25.462	233.400
23/04/1997	9.685	8.852	19.668	25.375	293.300
29/04/1997	0.000	11.142	21.216	28.981	47.200
30/04/1997	10.154	11.096	20.750	28.611	42.200
02/06/1997	1.689	10.932	20.308	28.462	48.200
03/06/1997	4.764	11.131	22.216	30.106	87.200
08/06/1997	21.720	8.085	20.514	25.663	179.500
09/06/1997	23.722	10.021	20.519	27.678	129.200
18/06/1997	9.433	10.271	21.428	28.692	47.500
19/06/1997	15.373	8.971	20.957	26.947	104.800
20/06/1997	0.335	10.887	20.442	28.630	106.500
21/06/1997	6.506	8.959	21.207	27.125	56.300
22/06/1997	1.103	10.383	21.308	28.731	46.300
23/06/1997	1.254	12.271	20.519	30.236	43.700
24/06/1997	22.811	10.640	21.673	29.279	36.800
25/06/1997	14.437	8.810	20.986	26.803	73.100
26/06/1997	2.350	8.165	20.423	25.659	99.200
27/06/1997	6.512	9.804	20.755	27.649	60.300
28/06/1997	0.000	12.542	19.837	30.034	54.300
29/06/1997	23.409	11.625	20.615	29.558	40.600
30/06/1997	1.906	9.885	21.216	28.130	73.600
01/07/1997	1.873	9.949	21.524	28.418	60.600
02/07/1997	3.694	12.758	21.587	31.519	44.800
03/07/1997	5.033	9.392	22.284	28.438	46.500
04/07/1997	0.000	12.111	21.433	30.683	41.800
05/07/1997	6.202	10.957	21.755	29.654	40.700
06/07/1997	1.453	10.886	21.716	29.534	40.000
07/07/1997	5.174	12.646	21.990	31.644	39.600
08/07/1997	15.631	11.376	21.803	30.130	46.300
09/07/1997	15.115	11.441	21.856	30.231	91.300
10/07/1997	6.874	8.658	22.692	27.995	110.400
11/07/1997	0.299	11.433	21.875	30.236	71.800
12/07/1997	3.354	11.860	21.577	30.457	52.600
13/07/1997	0.000	12.659	21.356	31.159	72.300
14/07/1997	6.669	13.059	22.135	32.144	42.800
15/07/1997	3.945	11.903	22.303	30.995	40.900
16/07/1997	0.964	13.259	22.803	32.803	40.900
17/07/1997	1.180	11.200	21.683	29.755	41.500
18/07/1997	2.048	13.769	21.380	32.346	41.200
19/07/1997	0.000	11.860	22.462	31.038	41.300
20/07/1997	0.000	13.305	21.303	31.745	26.700
21/07/1997	4.710	12.593	21.808	31.317	29.100
22/07/1997	6.621	11.584	22.351	30.639	52.600
23/07/1997	1.887	12.427	23.091	32.072	34.300
24/07/1997	0.000	15.087	23.072	34.885	26.000
25/07/1997	0.752	12.183	23.562	32.125	22.200
26/07/1997	0.125	14.007	22.952	33.611	21.300
27/07/1997	7.927	14.078	23.274	33.889	20.400
28/07/1997	21.983	10.235	23.274	29.861	19.600
29/07/1997	0.000	8.452	23.885	28.606	34.100
30/07/1997	8.026	10.796	22.452	29.764	34.600
31/07/1997	6.926	11.927	22.529	31.019	45.000
01/08/1997	12.971	12.763	22.130	31.611	141.100
02/08/1997	0.205	12.359	21.692	30.837	59.800
03/08/1997	12.855	11.859	22.043	30.548	105.800
04/08/1997	0.000	13.305	21.125	31.423	57.600
05/08/1997	0.406	14.313	21.524	32.812	47.700
06/08/1997	2.066	13.413	22.404	32.452	35.200
07/08/1997	5.704	13.766	22.495	32.875	30.600
08/08/1997	0.000	12.603	22.606	31.697	28.900
09/08/1997	13.064	12.212	21.760	30.659	27.600
10/08/1997	3.402	12.151	22.832	31.361	27.600
11/08/1997	0.073	13.305	22.308	32.178	31.400
12/08/1997	8.687	11.561	22.495	30.476	26.700
13/08/1997	11.742	12.603	21.279	30.673	23.300
14/08/1997	0.000	11.674	22.144	30.332	31.100
15/08/1997	3.409	11.738	22.832	30.885	26.100
16/08/1997	1.266	11.077	23.317	30.577	25.500
17/08/1997	10.242	11.306	23.327	30.822	24.500
18/08/1997	1.143	12.074	22.274	30.798	26.000
19/08/1997	10.013	11.983	22.139	30.591	24.800
20/08/1997	10.242	11.717	22.024	30.216	135.800
21/08/1997	0.000	12.159	22.712	31.197	74.000
22/08/1997	8.220	11.510	22.736	30.534	27.700
23/08/1997	0.784	11.045	23.519	30.688	26.800
24/08/1997	14.212	10.278	22.332	28.966	61.300
25/08/1997	5.419	13.203	22.779	32.298	92.200
26/08/1997	1.025	14.201	23.510	33.841	54.100
27/08/1997	21.010	11.102	23.005	30.293	37.600
28/08/1997	0.000	13.540	21.591	31.793	29.200
29/08/1997	0.000	14.256	21.351	32.365	23.300
30/08/1997	1.822	12.601	22.745	31.620	21.400
31/08/1997	0.514	12.001	22.769	30.990	22.300
01/09/1997	18.026	12.623	21.601	30.798	20.600
02/09/1997	17.230	9.458	21.322	27.322	78.700
03/09/1997	4.651	11.999	21.846	30.298	26.700
04/09/1997	0.490	11.103	22.466	29.841	44.300
05/09/1997	20.197	12.052	22.519	30.865	35.200
06/09/1997	32.266	10.971	22.120	29.481	47.500
07/09/1997	4.403	11.100	21.524	29.154	40.200
08/09/1997	7.242	9.827	21.587	27.889	106.700
09/09/1997	7.146	11.509	21.803	29.755	58.900
10/09/1997	1.618	9.992	22.178	28.567	26.800
11/09/1997	2.050	12.047	22.913	31.163	65.100
12/09/1997	8.688	13.245	22.365	32.010	150.700
13/09/1997	9.672	13.304	22.553	32.221	71.300
14/09/1997	2.293	11.232	22.760	30.212	43.400
15/09/1997	13.045	11.373	21.726	29.606	36.600
16/09/1997	0.000	12.586	23.462	32.159	32.900
17/09/1997	6.357	13.413	22.207	32.115	35.100
18/09/1997	32.991	12.046	22.096	30.587	37.900
19/09/1997	3.488	11.170	21.885	29.500	34.700
20/09/1997	21.491	10.319	21.413	28.293	39.400
21/09/1997	6.151	10.717	21.731	28.966	68.000
22/09/1997	18.977	10.986	22.038	29.471	92.800
23/09/1997	30.249	8.895	21.639	27.077	263.700
24/09/1997	28.451	9.171	21.385	27.135	196.800
25/09/1997	13.723	10.600	22.029	29.106	171.900
26/09/1997	4.306	9.162	22.144	27.745	100.500
27/09/1997	7.565	11.333	21.524	29.510	130.800
28/09/1997	5.941	9.607	22.697	28.654	93.100
29/09/1997	15.069	10.078	21.221	28.014	78.900
30/09/1997	0.000	12.143	20.649	29.755	50.600
01/10/1997	3.399	9.332	21.663	27.591	38.400
02/10/1997	14.325	10.220	21.370	28.288	92.300
03/10/1997	18.522	8.485	21.471	26.654	87.700
04/10/1997	4.539	12.145	20.457	29.688	55.900
05/10/1997	0.467	10.122	20.731	27.731	46.300
06/10/1997	5.901	9.180	20.341	26.495	38.200
07/10/1997	11.030	9.360	21.288	27.399	36.500
08/10/1997	1.720	11.568	20.942	29.490	37.100
09/10/1997	14.548	10.994	21.447	29.245	36.300
10/10/1997	14.297	10.297	21.558	28.620	39.700
11/10/1997	23.036	10.538	20.596	28.188	71.300
12/10/1997	0.301	10.047	21.466	28.332	63.400
13/10/1997	10.690	10.609	21.082	28.639	229.800
14/10/1997	1.588	10.956	20.697	28.731	144.800
15/10/1997	10.858	10.322	21.880	28.976	84.300
16/10/1997	17.553	9.582	20.990	27.543	55.300
17/10/1997	4.726	8.683	20.543	26.279	150.200
18/10/1997	23.138	9.403	21.038	27.423	97.500
19/10/1997	4.420	9.412	21.361	27.692	73.400
20/10/1997	0.305	11.700	20.144	29.312	64.400
21/10/1997	6.505	7.450	22.053	26.346	42.400
22/10/1997	16.798	9.930	20.476	27.688	48.700
23/10/1997	0.099	10.143	20.832	28.178	55.400
24/10/1997	0.940	11.808	21.553	30.572	46.100
25/10/1997	0.000	10.950	21.375	29.529	36.300
26/10/1997	0.674	11.070	21.639	29.865	35.200
27/10/1997	2.151	8.037	22.481	27.365	35.300
28/10/1997	9.614	11.041	21.322	29.639	35.200
29/10/1997	25.629	8.658	21.562	27.264	35.400
30/10/1997	3.767	10.318	21.567	29.072	47.400
31/10/1997	0.168	10.414	20.529	28.413	35.800
01/11/1997	22.412	8.653	22.058	27.692	71.000
02/11/1997	0.000	9.891	21.625	28.721	51.100
03/11/1997	2.738	10.490	21.875	29.587	46.000
04/11/1997	23.443	10.049	21.678	28.976	62.200
05/11/1997	5.061	9.891	22.750	29.635	39.400
06/11/1997	0.482	8.725	22.562	28.279	39.200
07/11/1997	35.622	7.831	22.317	27.159	94.400
08/11/1997	51.190	5.574	21.755	24.558	163.100
09/11/1997	9.771	6.307	21.327	24.865	110.800
10/11/1997	33.262	6.225	21.572	24.990	136.000
11/11/1997	1.654	10.031	22.519	29.755	86.400
12/11/1997	1.683	9.503	21.812	28.635	72.400
13/11/1997	17.518	8.677	20.466	26.683	66.300
14/11/1997	27.245	9.116	21.154	27.721	149.200
15/11/1997	4.411	7.942	21.168	26.466	243.400
16/11/1997	0.000	9.878	20.457	28.130	144.400
17/11/1997	3.524	8.694	20.851	27.125	75.100
18/11/1997	24.329	9.809	20.712	28.279	118.200
19/11/1997	8.995	10.976	20.327	29.394	92.400
20/11/1997	35.035	8.321	21.312	27.106	76.200
21/11/1997	2.194	7.916	21.135	26.558	60.500
22/11/1997	2.058	9.779	21.788	29.139	51.100
23/11/1997	0.550	10.299	21.981	29.913	37.100
24/11/1997	8.052	8.135	21.231	26.909	34.700
25/11/1997	3.119	8.030	22.236	27.611	35.200
26/11/1997	8.717	7.796	21.553	26.793	35.900
27/11/1997	0.000	10.156	20.264	28.505	53.100
28/11/1997	0.000	11.630	20.014	30.149	36.200
29/11/1997	0.000	9.365	21.712	28.702	34.600
30/11/1997	26.612	7.852	22.356	27.558	56.400
01/12/1997	23.516	9.505	22.399	29.404	157.800
02/12/1997	1.322	7.976	21.649	27.149	93.100
03/12/1997	0.549	10.641	21.774	30.327	63.800
04/12/1997	1.139	10.383	20.572	29.144	47.400
05/12/1997	0.319	11.071	21.702	30.788	34.500
06/12/1997	0.727	11.353	22.250	31.538	34.700
07/12/1997	4.808	9.985	22.014	29.779	31.800
08/12/1997	0.000	10.751	21.346	30.178	29.000
09/12/1997	2.286	12.008	21.769	32.005	22.900
10/12/1997	4.292	10.915	21.404	30.438	23.700
11/12/1997	0.206	9.470	23.361	30.216	22.400
12/12/1997	0.000	9.384	23.620	30.346	21.400
13/12/1997	0.260	10.845	23.072	31.582	20.400
14/12/1997	0.000	10.833	21.933	30.745	19.900
15/12/1997	0.000	7.676	22.048	27.197	27.200
16/12/1997	0.000	7.857	21.760	27.144	25.800
17/12/1997	0.000	9.006	22.125	28.736	25.000
18/12/1997	0.000	8.919	22.236	28.740	33.100
19/12/1997	0.000	9.402	21.740	28.904	60.800
20/12/1997	0.580	9.115	22.341	29.048	32.100
21/12/1997	0.000	10.811	21.572	30.466	27.300
22/12/1997	0.000	10.152	21.952	29.986	24.700
23/12/1997	0.000	11.843	22.159	32.139	22.800
24/12/1997	0.096	12.144	22.894	33.019	21.400
25/12/1997	0.000	12.618	22.101	33.005	20.400
26/12/1997	31.507	11.176	22.548	31.611	19.900
27/12/1997	0.000	11.591	23.135	32.490	21.700
28/12/1997	0.000	9.712	24.139	31.082	22.000
29/12/1997	0.380	12.143	22.062	32.361	21.300
30/12/1997	0.000	8.701	22.466	28.635	23.900
31/12/1997	0.000	9.557	22.159	29.380	22.400
01/01/1998	0.569	9.854	21.534	29.226	21.800
02/01/1998	0.000	11.767	21.216	31.284	25.000
03/01/1998	0.000	10.678	22.466	30.894	25.100
04/01/1998	0.000	12.198	22.062	32.370	20.100
05/01/1998	0.000	12.763	21.986	32.962	19.200
06/01/1998	0.000	11.633	22.163	31.712	17.600
07/01/1998	14.321	10.681	22.471	30.822	16.300
08/01/1998	0.000	10.320	22.442	30.370	23.700
09/01/1998	0.000	12.309	20.957	31.611	20.800
10/01/1998	0.000	10.106	21.928	29.712	19.900
11/01/1998	0.000	9.824	22.111	29.490	19.500
12/01/1998	9.016	9.196	23.476	29.822	18.800
13/01/1998	0.000	11.343	23.231	32.034	18.300
14/01/1998	3.144	9.201	23.168	29.538	21.900
15/01/1998	0.000	10.040	22.433	29.904	32.900
16/01/1998	0.000	10.342	23.226	30.827	20.200
17/01/1998	0.786	9.383	22.918	29.495	19.100
18/01/1998	0.000	10.119	23.707	30.913	25.900
19/01/1998	0.000	12.421	21.986	32.231	19.700
20/01/1998	1.567	9.632	23.365	30.082	75.400
21/01/1998	0.000	10.622	23.832	31.486	57.600
22/01/1998	0.000	12.025	22.760	32.264	31.100
23/01/1998	0.000	11.592	23.798	32.495	23.100
24/01/1998	0.000	10.111	24.197	31.173	27.800
25/01/1998	0.000	10.881	23.851	31.688	43.700
26/01/1998	0.000	11.725	22.322	31.495	20.900
27/01/1998	0.000	12.639	22.346	32.500	70.100
28/01/1998	39.247	8.586	22.779	28.332	139.900
29/01/1998	0.000	9.975	22.635	29.692	22.200
30/01/1998	0.120	11.055	23.192	31.269	20.600
31/01/1998	0.000	12.140	23.707	32.827	19.900
01/02/1998	16.068	10.837	23.106	30.928	19.500
02/02/1998	0.000	12.853	22.885	32.952	22.700
03/02/1998	0.000	11.775	24.457	32.909	19.900
05/02/1998	1.700	9.496	23.293	29.529	129.900
06/02/1998	1.081	8.263	22.750	27.851	38.500
07/02/1998	1.585	7.790	22.952	27.543	133.300
08/02/1998	33.113	5.993	22.861	25.788	233.000
10/02/1998	25.919	7.760	20.923	25.755	262.800
11/02/1998	3.966	8.197	21.428	26.587	154.600
12/02/1998	0.530	8.656	21.394	27.038	101.300
13/02/1998	13.540	9.586	22.192	28.606	85.900
14/02/1998	12.389	9.849	23.168	29.649	59.300
15/02/1998	0.558	11.327	21.091	29.625	134.300
16/02/1998	0.000	12.335	20.731	30.466	21.000
17/02/1998	0.000	13.492	21.899	32.534	112.600
18/02/1998	0.000	10.947	23.793	31.154	93.600
19/02/1998	0.000	9.196	23.553	29.192	47.500
20/02/1998	0.378	10.725	21.885	29.399	43.100
21/02/1998	0.000	10.019	23.048	29.538	49.200
22/02/1998	0.000	9.169	22.870	28.534	47.000
23/02/1998	0.000	8.742	23.817	28.880	46.000
24/02/1998	7.266	10.261	22.716	29.490	44.600
25/02/1998	21.924	11.381	21.861	29.986	38.600
26/02/1998	0.000	9.958	22.543	29.014	48.900
27/02/1998	0.000	11.388	22.702	30.596	58.600
28/02/1998	0.000	9.485	22.423	28.385	47.500
01/03/1998	0.883	10.364	22.221	29.111	26.800
02/03/1998	0.675	11.359	21.168	29.337	25.500
03/03/1998	0.000	12.221	21.784	30.707	21.800
04/03/1998	9.060	11.217	22.837	30.433	21.000
05/03/1998	2.136	10.237	22.683	29.288	35.600
06/03/1998	0.000	11.925	22.649	30.966	17.100
07/03/1998	12.487	9.581	23.370	29.135	59.100
08/03/1998	0.000	9.176	22.976	28.413	69.000
09/03/1998	18.598	11.527	22.221	30.178	38.000
10/03/1998	0.000	11.242	22.293	29.928	27.600
11/03/1998	0.000	11.667	22.923	30.812	116.100
12/03/1998	0.000	11.991	21.447	30.029	29.800
13/03/1998	0.000	12.076	22.870	31.163	26.400
14/03/1998	0.000	9.602	22.337	28.269	20.800
15/03/1998	0.000	11.454	22.904	30.524	19.600
16/03/1998	1.113	11.395	23.043	30.562	35.300
17/03/1998	0.534	11.074	22.841	30.087	25.700
18/03/1998	7.944	11.189	23.183	30.438	27.800
19/03/1998	16.465	12.201	23.476	31.663	22.200
20/03/1998	0.000	12.618	23.312	31.947	19.600
21/03/1998	9.106	8.581	22.399	27.250	17.900
22/03/1998	2.374	9.891	22.861	28.875	27.000
23/03/1998	20.605	7.444	22.332	26.212	58.600
24/03/1998	0.000	10.421	22.312	28.966	65.400
25/03/1998	12.019	10.627	22.486	29.322	62.300
26/03/1998	10.212	9.566	23.370	28.990	70.700
27/03/1998	36.509	10.529	23.351	29.856	81.900
28/03/1998	19.926	9.619	22.207	28.072	81.000
29/03/1998	3.184	7.899	22.293	26.543	95.000
30/03/1998	0.000	4.827	22.841	24.606	75.600
31/03/1998	0.000	10.355	22.606	29.082	105.400
01/04/1998	0.000	12.986	22.226	31.462	83.800
03/04/1998	0.358	8.609	23.005	27.779	123.700
04/04/1998	16.638	11.903	22.630	30.654	103.300
05/04/1998	10.388	11.603	22.269	30.077	66.700
06/04/1998	24.790	9.586	22.726	28.447	95.600
07/04/1998	16.876	10.263	22.240	28.716	142.400
08/04/1998	0.785	8.517	22.745	27.481	70.800
09/04/1998	2.340	11.389	22.312	29.947	54.400
10/04/1998	0.137	13.158	22.457	31.817	68.700
11/04/1998	8.336	11.396	22.918	30.380	91.000
12/04/1998	14.244	9.699	22.380	28.288	128.700
13/04/1998	6.675	6.635	22.303	25.442	148.500
14/04/1998	15.548	10.682	21.957	28.918	275.000
15/04/1998	4.093	12.889	22.010	31.250	102.400
16/04/1998	4.609	10.545	23.163	29.760	61.600
17/04/1998	7.589	10.848	22.587	29.596	54.600
18/04/1998	16.473	9.830	23.466	29.341	63.100
19/04/1998	30.621	8.464	22.351	27.115	77.500
20/04/1998	9.509	10.403	22.034	28.764	112.800
21/04/1998	15.866	11.528	22.880	30.534	118.000
22/04/1998	5.447	11.051	21.611	29.130	160.200
23/04/1998	7.997	11.380	22.639	30.240	101.800
24/04/1998	21.455	7.480	23.769	27.505	96.700
25/04/1998	12.649	11.766	22.337	30.399	148.800
26/04/1998	12.202	7.968	22.375	26.779	113.400
27/04/1998	1.350	11.849	21.471	29.899	102.400
28/04/1998	1.764	8.994	23.202	28.404	73.800
29/04/1998	8.215	9.394	22.851	28.490	68.000
30/04/1998	16.386	9.642	23.000	28.870	86.700
01/05/1998	20.531	8.237	22.596	27.216	239.600
03/05/1998	12.048	6.437	22.755	25.841	122.600
04/05/1998	20.882	6.496	21.966	25.120	136.700
05/05/1998	8.697	9.703	20.808	27.226	238.000
06/05/1998	7.587	9.054	22.173	27.659	157.100
07/05/1998	5.660	8.834	22.221	27.500	250.300
09/05/1998	7.953	8.948	22.163	27.587	178.600
10/05/1998	0.417	10.702	21.139	28.572	129.100
11/05/1998	9.816	11.780	22.240	30.538	151.700
12/05/1998	21.783	9.841	21.572	28.087	148.100
13/05/1998	0.000	11.538	22.048	30.197	87.300
14/05/1998	0.000	10.462	22.500	29.433	67.800
15/05/1998	6.573	10.002	22.476	28.942	70.500
16/05/1998	0.000	10.785	21.375	28.928	58.600
17/05/1998	19.091	10.957	21.005	28.837	75.500
18/05/1998	4.932	9.958	22.678	29.120	118.600
19/05/1998	4.517	9.625	22.288	28.466	89.300
20/05/1998	0.000	10.826	23.183	30.380	84.500
21/05/1998	14.940	11.640	22.942	31.053	131.400
22/05/1998	1.318	9.261	23.212	28.861	78.700
23/05/1998	10.581	8.837	23.216	28.490	76.000
24/05/1998	4.055	9.361	22.351	28.284	69.000
25/05/1998	4.061	9.839	22.048	28.524	67.500
26/05/1998	28.227	8.429	22.486	27.490	130.400
27/05/1998	10.474	7.612	21.938	26.274	117.400
28/05/1998	19.311	7.315	21.827	25.923	151.600
29/05/1998	15.031	6.060	21.312	24.351	186.600
30/05/1998	4.623	9.452	21.308	27.611	118.100
31/05/1998	2.031	8.247	21.341	26.418	80.800
01/06/1998	19.248	8.880	21.769	27.428	73.000
02/06/1998	5.062	8.742	21.284	26.894	67.300
03/06/1998	3.011	10.459	21.212	28.654	66.400
04/06/1998	0.448	10.426	21.596	28.928	69.500
05/06/1998	6.356	11.735	20.529	29.548	85.400
06/06/1998	9.169	9.340	21.798	27.923	87.600
07/06/1998	14.496	7.335	22.572	26.611	68.500
08/06/1998	14.617	8.455	21.962	27.221	58.300
09/06/1998	0.000	10.767	20.962	28.827	99.500
10/06/1998	10.073	10.542	21.899	29.298	73.800
11/06/1998	3.284	9.669	22.596	28.938	87.300
12/06/1998	25.070	10.639	22.817	30.115	110.100
13/06/1998	2.544	10.727	22.649	30.087	91.000
14/06/1998	0.744	10.355	21.293	28.649	56.100
16/06/1998	7.273	8.179	21.938	26.933	129.400
17/06/1998	0.000	9.599	21.091	27.692	106.900
18/06/1998	1.951	12.110	20.938	30.327	80.200
19/06/1998	8.746	9.206	22.077	28.087	90.400
29/06/1998	6.312	9.866	20.327	27.413	135.800
30/06/1998	0.000	10.211	20.837	28.163	72.400
01/07/1998	8.669	11.529	21.034	29.755	54.100
02/07/1998	0.109	11.618	22.471	30.904	52.900
03/07/1998	11.213	11.771	22.178	30.856	69.000
04/07/1998	14.565	10.249	22.510	29.471	82.700
05/07/1998	19.807	7.912	22.029	26.750	214.300
06/07/1998	6.682	8.173	22.149	27.091	101.000
07/07/1998	20.243	8.199	21.760	26.745	63.900
08/07/1998	9.236	9.578	21.740	28.149	57.800
09/07/1998	9.930	9.589	21.707	28.139	74.200
10/07/1998	12.162	11.461	20.346	29.130	178.100
11/07/1998	1.845	10.988	20.476	28.702	106.700
12/07/1998	2.224	11.384	21.788	30.101	61.600
13/07/1998	14.822	11.182	21.298	29.529	115.600
14/07/1998	13.228	11.048	20.428	28.683	51.900
15/07/1998	4.756	10.123	22.120	28.981	54.200
16/07/1998	7.465	8.966	22.356	27.966	90.100
17/07/1998	17.449	9.519	22.000	28.226	145.000
18/07/1998	25.686	8.937	21.812	27.481	114.800
19/07/1998	5.547	9.578	20.394	27.034	80.500
20/07/1998	13.485	11.691	21.024	29.793	216.200
21/07/1998	5.562	10.792	22.202	29.683	84.500
22/07/1998	19.224	7.842	22.351	26.832	55.100
23/07/1998	0.393	10.840	21.928	29.514	69.000
24/07/1998	9.587	10.203	21.803	28.726	63.300
25/07/1998	11.342	8.288	22.308	27.216	49.500
26/07/1998	6.912	10.336	21.389	28.553	93.600
27/07/1998	7.253	12.582	20.091	30.010	96.100
28/07/1998	21.327	9.312	21.587	27.639	172.800
29/07/1998	13.100	10.984	21.615	29.370	105.900
30/07/1998	14.643	10.129	22.880	29.433	68.600
31/07/1998	20.970	10.410	20.918	28.221	47.800
01/08/1998	6.363	10.628	21.178	28.639	80.200
02/08/1998	3.756	11.641	21.433	29.885	55.100
03/08/1998	0.000	11.255	21.755	29.721	39.600
04/08/1998	11.879	9.411	22.433	28.365	32.600
05/08/1998	15.402	10.716	22.274	29.495	35.900
06/08/1998	13.328	8.242	21.351	26.279	38.500
07/08/1998	20.343	9.257	21.014	27.010	59.400
08/08/1998	0.000	8.582	20.957	26.293	85.600
09/08/1998	1.372	10.564	20.841	28.226	117.100
10/08/1998	15.711	10.495	21.024	28.303	108.800
11/08/1998	0.000	10.302	21.837	28.712	85.300
12/08/1998	11.683	9.354	22.639	28.380	63.600
13/08/1998	7.382	10.457	21.317	28.457	43.500
14/08/1998	0.000	9.521	21.899	27.918	37.300
15/08/1998	20.070	9.564	20.803	27.082	48.400
16/08/1998	1.938	10.027	20.534	27.385	55.800
17/08/1998	3.419	9.680	20.846	27.240	45.800
18/08/1998	0.000	11.098	20.856	28.721	28.500
19/08/1998	20.249	11.098	21.212	28.966	85.200
20/08/1998	30.805	9.581	20.986	27.221	94.800
21/08/1998	12.543	9.407	21.067	27.111	103.400
22/08/1998	11.124	10.517	21.034	28.221	113.700
23/08/1998	2.987	10.158	21.505	28.226	56.000
24/08/1998	14.027	11.069	22.654	30.010	28.300
25/08/1998	12.306	8.751	21.250	26.577	28.000
26/08/1998	13.471	8.312	21.385	26.274	119.900
27/08/1998	7.792	9.612	20.995	27.250	87.300
28/08/1998	0.000	9.270	21.000	26.894	69.800
29/08/1998	0.083	9.069	22.365	27.769	48.700
30/08/1998	14.566	9.656	22.014	28.072	72.200
31/08/1998	7.734	8.217	21.010	25.913	119.600
01/09/1998	7.716	9.309	20.938	26.880	90.100
02/09/1998	14.120	10.872	21.236	28.678	65.400
03/09/1998	25.099	8.038	21.784	26.341	119.000
04/09/1998	4.991	9.313	20.817	26.798	130.400
05/09/1998	4.641	9.539	21.043	27.159	86.400
06/09/1998	0.000	11.013	20.688	28.438	92.400
07/09/1998	14.045	9.596	21.346	27.495	80.200
08/09/1998	34.182	8.383	21.750	26.601	53.300
09/09/1998	0.941	10.317	20.909	27.870	73.900
10/09/1998	2.146	9.287	21.505	27.317	72.800
11/09/1998	45.683	9.368	21.077	27.072	95.400
12/09/1998	15.587	8.663	21.010	26.274	117.000
13/09/1998	8.349	8.175	21.505	26.216	68.000
14/09/1998	2.306	12.211	19.990	29.216	82.200
15/09/1998	3.752	9.028	21.529	27.062	155.500
16/09/1998	0.532	10.639	21.596	28.764	129.200
17/09/1998	1.371	11.127	21.394	29.111	93.800
18/09/1998	19.659	10.261	21.750	28.490	108.800
19/09/1998	5.356	9.822	21.630	27.947	87.300
20/09/1998	0.981	9.258	21.755	27.524	74.800
21/09/1998	1.307	9.848	21.500	27.899	60.300
22/09/1998	3.067	9.370	22.356	28.101	50.600
23/09/1998	8.320	9.178	21.553	27.279	53.300
24/09/1998	18.125	10.194	21.188	28.048	116.800
25/09/1998	1.724	8.508	21.678	26.745	61.600
26/09/1998	14.527	9.399	21.601	27.567	118.300
27/09/1998	12.484	10.005	21.601	28.173	110.000
28/09/1998	12.478	9.282	21.370	27.279	123.300
29/09/1998	5.570	10.460	21.207	28.375	73.300
30/09/1998	9.836	10.806	21.966	29.356	147.000
01/10/1998	9.216	11.321	21.207	29.351	75.700
02/10/1998	20.145	10.186	21.596	28.447	97.500
03/10/1998	10.049	9.440	20.957	27.168	44.500
04/10/1998	13.704	9.874	20.716	27.447	92.100
05/10/1998	15.210	9.237	21.524	27.462	80.000
06/10/1998	12.338	9.547	21.620	27.861	107.000
07/10/1998	30.470	8.740	21.048	26.615	113.100
08/10/1998	12.622	10.992	21.082	28.990	117.100
09/10/1998	24.323	8.599	20.899	26.370	292.400
10/10/1998	0.000	10.887	20.413	28.428	138.900
11/10/1998	0.195	10.323	21.995	29.038	63.200
12/10/1998	6.741	9.505	22.038	28.202	53.900
13/10/1998	28.730	7.969	20.856	25.736	94.400
14/10/1998	0.514	8.378	21.005	26.260	110.300
15/10/1998	11.418	8.773	21.519	27.101	53.900
16/10/1998	40.343	9.104	20.611	26.726	112.800
17/10/1998	0.000	9.588	21.038	27.601	92.700
18/10/1998	16.388	9.282	20.692	27.034	124.800
19/10/1998	1.303	8.172	21.197	26.332	114.200
20/10/1998	10.512	8.868	21.101	26.966	127.700
21/10/1998	20.719	9.455	20.630	27.250	84.300
23/10/1998	39.484	9.704	20.303	27.303	284.900
25/10/1998	6.464	8.305	20.303	25.817	193.500
26/10/1998	0.826	9.586	20.663	27.495	166.600
27/10/1998	0.000	8.994	21.139	27.231	142.500
28/10/1998	1.935	8.873	20.750	26.817	127.600
29/10/1998	1.291	7.059	21.067	25.236	105.500
30/10/1998	32.682	7.835	20.793	25.846	128.900
31/10/1998	14.881	8.844	21.332	27.322	118.300
01/11/1998	37.098	8.952	21.538	27.611	124.600
02/11/1998	5.591	9.710	21.731	28.587	124.500
03/11/1998	8.794	8.092	21.236	26.490	99.300
04/11/1998	4.361	7.278	21.904	26.236	87.000
05/11/1998	3.378	8.625	21.899	27.635	119.900
06/11/1998	18.735	8.597	20.856	26.779	132.800
07/11/1998	11.576	7.348	20.380	25.082	288.100
08/11/1998	2.235	8.717	20.957	27.029	147.100
09/11/1998	8.200	8.995	21.385	27.683	50.100
10/11/1998	3.389	8.937	21.769	27.942	69.300
11/11/1998	5.024	8.994	21.370	27.726	63.200
12/11/1998	25.935	6.850	21.288	25.418	69.600
13/11/1998	6.636	8.692	21.173	27.260	66.300
14/11/1998	0.000	8.311	21.365	27.014	65.900
15/11/1998	11.643	8.797	21.928	28.014	89.600
16/11/1998	0.184	9.093	21.298	27.880	73.300
17/11/1998	11.957	8.895	21.673	27.957	50.600
18/11/1998	28.578	9.353	21.226	28.163	101.400
19/11/1998	18.124	9.937	21.043	28.692	264.100
20/11/1998	17.829	9.037	21.452	28.014	225.000
21/11/1998	12.078	8.094	22.154	27.524	210.900
22/11/1998	16.998	7.611	21.490	26.486	177.700
23/11/1998	10.477	7.455	21.144	26.067	161.400
24/11/1998	0.000	10.341	19.644	28.236	96.100
25/11/1998	0.373	9.584	20.678	28.106	81.700
26/11/1998	0.000	8.941	21.337	27.875	67.700
27/11/1998	0.000	8.617	20.707	27.048	60.100
28/11/1998	0.000	7.702	21.620	26.745	50.600
29/11/1998	0.000	9.907	20.428	28.365	51.600
30/11/1998	0.000	10.090	20.317	28.505	75.000
01/12/1998	7.983	9.499	20.923	28.269	86.800
02/12/1998	0.000	9.314	20.490	27.755	65.900
03/12/1998	6.271	10.098	21.154	29.192	46.200
04/12/1998	17.578	9.262	21.159	28.245	99.300
05/12/1998	6.510	9.117	21.447	28.279	77.100
06/12/1998	22.767	8.207	21.668	27.457	64.900
07/12/1998	30.345	8.735	20.630	27.245	216.900
08/12/1998	0.000	9.444	21.130	28.452	108.700
09/12/1998	4.853	8.421	21.490	27.562	284.900
10/12/1998	9.034	8.706	21.707	28.058	130.700
11/12/1998	0.790	8.065	21.346	27.043	120.500
12/12/1998	22.884	8.044	21.543	27.197	114.900
13/12/1998	3.653	9.266	20.880	28.111	174.800
14/12/1998	2.895	9.903	20.428	28.558	105.000
15/12/1998	18.178	8.802	21.101	27.736	107.800
16/12/1998	26.770	9.197	21.067	28.154	94.100
17/12/1998	0.222	8.696	21.875	28.226	94.400
18/12/1998	4.257	8.554	21.577	27.803	124.500
19/12/1998	0.000	9.755	20.558	28.433	102.400
20/12/1998	0.000	9.629	20.293	28.096	78.500
21/12/1998	9.223	7.883	20.712	26.365	64.400
22/12/1998	4.168	8.628	21.072	27.495	58.300
23/12/1998	0.000	10.100	19.668	28.207	54.100
24/12/1998	0.000	8.489	20.889	27.183	55.600
25/12/1998	0.000	9.517	20.606	28.159	75.700
26/12/1998	13.963	9.543	20.188	27.889	103.500
27/12/1998	2.118	8.367	21.101	27.226	99.300
28/12/1998	1.870	9.296	20.288	27.659	48.200
29/12/1998	10.106	8.873	20.784	27.514	34.100
30/12/1998	14.418	8.858	20.293	27.130	49.200
31/12/1998	0.000	7.839	21.490	26.880	43.500
01/01/1999	6.636	10.516	19.529	28.553	42.000
02/01/1999	6.812	8.254	21.476	27.341	42.700
03/01/1999	1.182	8.876	21.178	27.798	48.000
04/01/1999	7.283	7.310	20.620	25.606	44.100
05/01/1999	0.000	9.023	20.024	27.072	42.800
06/01/1999	0.000	9.774	20.082	27.995	51.600
07/01/1999	0.000	8.878	21.380	27.909	67.600
08/01/1999	0.000	9.033	21.197	27.923	51.800
09/01/1999	4.838	8.668	20.803	27.183	41.500
10/01/1999	17.557	8.124	20.236	26.111	41.500
11/01/1999	19.778	7.915	19.976	25.692	45.900
12/01/1999	5.923	9.980	19.962	28.038	85.900
13/01/1999	0.000	10.137	18.457	27.115	144.800
14/01/1999	0.000	9.082	19.048	26.236	79.700
15/01/1999	0.000	9.650	18.764	26.716	55.900
16/01/1999	0.000	10.027	17.952	26.567	65.500
17/01/1999	0.000	10.818	18.149	27.659	45.100
18/01/1999	10.994	8.759	20.481	26.904	38.400
19/01/1999	0.000	8.360	20.337	26.341	37.400
20/01/1999	0.000	9.192	20.832	27.635	37.100
21/01/1999	1.181	9.924	19.639	27.577	40.800
22/01/1999	0.000	8.969	20.082	26.774	56.000
23/01/1999	16.069	9.122	20.202	27.014	44.100
24/01/1999	14.643	8.476	20.091	26.188	38.400
25/01/1999	44.375	8.264	20.236	26.029	56.700
26/01/1999	0.000	8.483	21.053	26.899	132.600
27/01/1999	0.000	9.811	20.957	28.284	105.800
28/01/1999	3.605	9.339	20.519	27.370	58.000
29/01/1999	0.000	9.760	20.308	27.668	49.200
30/01/1999	0.000	10.614	20.769	28.976	42.200
31/01/1999	18.232	9.895	21.269	28.505	35.000
01/02/1999	0.993	8.192	21.394	26.736	41.900
02/02/1999	0.000	9.469	20.923	27.750	45.900
03/02/1999	10.539	9.285	21.024	27.596	51.500
04/02/1999	0.000	9.100	20.298	26.812	49.200
05/02/1999	2.530	9.635	19.938	27.087	46.900
06/02/1999	0.989	8.650	20.894	26.731	59.900
07/02/1999	0.000	8.357	20.466	26.053	55.800
08/02/1999	0.000	10.336	19.976	27.837	51.700
09/02/1999	0.000	9.780	19.938	27.178	49.300
10/02/1999	39.340	7.967	20.913	25.971	40.100
11/02/1999	1.741	8.486	19.957	25.726	40.200
12/02/1999	24.927	9.856	19.274	26.692	70.600
13/02/1999	26.821	7.862	20.639	25.577	244.200
14/02/1999	3.550	8.991	20.572	26.678	155.800
15/02/1999	14.087	9.302	19.851	26.433	320.800
17/02/1999	0.000	8.177	20.466	25.678	116.500
18/02/1999	10.314	9.068	19.716	26.029	197.900
19/02/1999	12.912	9.047	20.005	26.202	281.800
20/02/1999	9.321	7.159	20.688	24.817	230.800
21/02/1999	8.955	8.478	20.135	25.663	244.900
22/02/1999	31.503	9.017	20.101	26.168	415.100
23/02/1999	0.000	8.385	20.870	26.120	252.600
24/02/1999	9.236	7.263	20.452	24.692	228.000
25/02/1999	13.333	10.441	19.784	27.428	225.400
26/02/1999	10.270	8.467	20.889	26.207	304.800
27/02/1999	9.332	9.706	19.798	26.596	332.800
28/02/1999	3.671	8.146	20.466	25.486	302.900
01/03/1999	1.336	7.837	20.144	24.880	287.700
02/03/1999	14.841	8.399	19.538	24.995	185.100
03/03/1999	4.052	10.589	19.260	27.087	269.800
04/03/1999	0.000	8.959	20.971	26.654	95.300
05/03/1999	0.230	9.842	20.688	27.317	79.600
06/03/1999	0.355	10.782	21.370	28.817	74.800
07/03/1999	3.748	10.382	20.567	27.755	52.100
08/03/1999	0.242	10.995	19.587	27.663	48.700
09/03/1999	0.000	10.522	19.913	27.370	47.800
10/03/1999	2.966	9.039	19.966	25.880	44.400
11/03/1999	8.724	10.738	19.659	27.409	49.400
12/03/1999	3.202	10.807	20.750	28.284	46.700
13/03/1999	14.078	10.576	21.250	28.404	41.100
14/03/1999	17.550	10.749	20.827	28.255	70.200
15/03/1999	15.265	10.346	20.635	27.702	63.600
16/03/1999	7.076	9.281	20.567	26.534	80.100
17/03/1999	9.669	10.413	20.101	27.327	82.200
18/03/1999	16.468	8.913	20.279	25.913	71.800
19/03/1999	0.702	8.318	20.106	25.173	82.900
20/03/1999	1.146	10.110	20.534	27.288	84.300
21/03/1999	0.000	10.463	18.188	25.913	54.800
22/03/1999	0.316	10.929	19.351	27.274	65.900
23/03/1999	0.286	9.117	20.178	26.019	59.400
24/03/1999	6.987	10.344	20.250	27.298	46.200
25/03/1999	12.138	11.215	20.385	28.317	59.600
26/03/1999	0.777	9.653	21.918	27.918	44.800
27/03/1999	20.121	7.995	22.707	26.976	41.300
28/03/1999	17.787	8.188	22.038	26.591	112.700
29/03/1999	2.130	9.925	20.649	27.168	131.100
30/03/1999	0.800	11.289	20.606	28.514	75.400
31/03/1999	15.119	10.814	21.106	28.399	87.200
01/04/1999	1.710	10.760	21.413	28.601	73.300
02/04/1999	38.316	9.367	21.519	27.284	192.900
03/04/1999	12.937	10.205	21.005	27.697	130.300
04/04/1999	25.844	8.335	21.034	25.904	146.000
05/04/1999	0.000	11.179	20.471	28.284	291.100
06/04/1999	0.000	11.715	20.418	28.822	130.100
07/04/1999	0.703	10.587	21.212	28.231	88.000
08/04/1999	37.880	8.347	20.462	25.462	201.500
09/04/1999	6.951	10.137	20.505	27.250	201.100
10/04/1999	0.000	8.548	21.058	26.087	113.600
11/04/1999	7.895	10.991	20.130	27.841	144.900
12/04/1999	8.583	9.409	20.918	26.856	167.600
13/04/1999	14.008	10.544	21.702	28.591	154.600
14/04/1999	6.841	10.448	21.260	28.183	110.000
15/04/1999	5.035	9.241	21.861	27.462	116.000
16/04/1999	1.118	11.257	21.625	29.346	120.800
17/04/1999	0.000	12.217	21.159	29.986	74.700
18/04/1999	0.000	12.393	20.962	29.995	59.000
19/04/1999	0.000	10.076	21.067	27.663	59.500
20/04/1999	3.118	9.641	21.861	27.875	56.900
21/04/1999	2.884	9.344	21.087	26.995	66.100
22/04/1999	4.551	13.408	19.784	30.274	57.800
23/04/1999	17.640	11.270	21.236	29.067	94.000
24/04/1999	24.165	9.890	21.596	27.962	89.200
25/04/1999	20.743	8.377	21.639	26.519	174.300
26/04/1999	8.767	7.374	21.462	25.433	178.300
27/04/1999	19.983	7.481	20.577	24.774	227.100
28/04/1999	3.414	9.365	20.226	26.361	147.600
29/04/1999	19.654	8.751	21.053	26.428	162.000
30/04/1999	26.290	8.867	21.341	26.803	128.100
01/05/1999	22.009	8.925	20.510	26.163	204.600
02/05/1999	9.804	9.399	19.784	26.111	173.200
03/05/1999	5.340	8.099	20.236	25.163	149.100
04/05/1999	11.080	7.549	21.250	25.466	129.700
05/05/1999	4.070	9.851	19.438	26.332	224.700
06/05/1999	9.622	9.090	19.505	25.591	133.700
07/05/1999	9.071	9.006	20.010	25.952	104.800
08/05/1999	18.994	9.971	19.981	26.904	161.400
09/05/1999	29.867	10.688	20.538	28.087	197.000
10/05/1999	20.292	8.996	20.726	26.476	200.700
11/05/1999	14.542	9.998	18.947	26.192	198.700
12/05/1999	27.658	9.183	20.010	26.130	371.700
13/05/1999	15.889	8.859	20.327	26.082	287.600
14/05/1999	9.245	11.339	19.404	28.038	244.300
15/05/1999	3.242	9.636	20.986	27.423	156.600
16/05/1999	9.282	11.758	19.861	28.870	130.300
17/05/1999	0.000	7.947	21.553	26.202	113.000
18/05/1999	0.000	8.058	21.438	26.226	99.100
19/05/1999	13.666	11.456	21.019	29.413	100.500
20/05/1999	12.148	10.543	20.173	27.793	96.600
21/05/1999	18.850	8.399	21.870	26.942	93.300
22/05/1999	0.000	8.171	21.332	26.288	83.900
23/05/1999	16.602	10.851	21.173	28.947	163.600
24/05/1999	3.190	12.133	20.716	29.986	117.000
25/05/1999	4.307	10.445	21.596	28.832	91.000
26/05/1999	0.000	8.209	20.981	26.034	95.700
27/05/1999	0.000	7.913	21.966	26.572	74.800
28/05/1999	0.000	9.855	22.409	28.861	67.300
29/05/1999	25.100	8.646	22.466	27.707	78.100
30/05/1999	23.693	10.683	20.221	28.106	286.000
31/05/1999	0.000	11.217	19.817	28.394	152.200
01/06/1999	11.763	10.634	21.764	29.221	87.600
02/06/1999	1.181	9.863	21.861	28.534	112.100
03/06/1999	0.000	11.572	21.514	30.072	83.300
04/06/1999	13.461	8.481	22.087	27.255	86.700
05/06/1999	14.549	9.236	21.062	27.250	77.600
06/06/1999	0.000	9.083	20.591	26.716	76.000
07/06/1999	2.332	9.952	21.365	28.236	73.500
08/06/1999	8.762	9.305	20.447	26.865	102.200
09/06/1999	18.738	9.121	20.668	26.846	231.700
10/06/1999	10.840	11.204	20.034	28.620	109.700
11/06/1999	8.850	9.424	20.476	26.995	72.800
12/06/1999	30.366	9.460	20.736	27.245	197.200
13/06/1999	1.477	9.140	21.442	27.462	129.500
14/06/1999	23.295	7.248	21.144	25.370	77.400
15/06/1999	3.115	9.252	21.288	27.462	104.700
16/06/1999	35.794	7.132	21.231	25.303	117.400
17/06/1999	20.743	9.215	20.442	26.803	171.300
18/06/1999	15.559	7.876	21.130	25.976	185.800
19/06/1999	1.081	8.425	21.125	26.519	160.000
20/06/1999	11.167	10.209	21.053	28.346	107.000
21/06/1999	18.829	9.829	20.928	27.827	115.600
22/06/1999	4.666	9.506	21.111	27.630	98.400
23/06/1999	4.683	8.588	20.981	26.538	84.500
24/06/1999	8.850	9.241	20.668	27.010	71.300
25/06/1999	11.731	9.883	20.841	27.817	101.000
26/06/1999	21.807	11.093	20.380	28.812	91.300
27/06/1999	14.530	6.932	20.856	24.808	94.100
28/06/1999	24.268	8.600	20.409	26.130	94.400
29/06/1999	12.743	10.081	20.005	27.389	109.800
30/06/1999	0.000	11.596	19.817	28.971	176.000
01/07/1999	9.126	8.425	21.572	26.875	108.100
02/07/1999	7.966	10.442	21.279	28.745	120.500
03/07/1999	8.078	7.624	21.553	26.062	106.700
04/07/1999	6.283	10.602	20.808	28.548	96.400
05/07/1999	0.922	9.873	19.769	26.966	101.500
06/07/1999	0.358	10.786	21.091	28.971	85.000
07/07/1999	20.818	7.613	21.197	25.745	76.500
08/07/1999	6.477	10.788	21.688	29.394	96.400
09/07/1999	15.394	11.390	19.769	28.644	116.200
10/07/1999	4.702	10.251	19.793	27.399	84.400
11/07/1999	12.130	9.689	21.365	27.952	157.000
12/07/1999	20.045	8.846	21.553	27.231	98.400
13/07/1999	7.762	10.004	20.726	27.837	90.700
14/07/1999	1.372	12.485	20.764	30.534	81.900
15/07/1999	6.709	9.443	22.846	28.861	68.200
16/07/1999	0.000	9.434	23.250	29.173	70.800
17/07/1999	0.570	9.655	21.303	27.832	58.600
18/07/1999	10.013	11.182	21.365	29.495	45.500
19/07/1999	8.393	9.475	21.639	27.899	45.400
20/07/1999	21.507	10.359	22.529	29.500	85.900
21/07/1999	7.469	9.203	21.894	27.822	124.200
22/07/1999	1.025	11.322	22.010	30.087	106.000
23/07/1999	2.264	9.567	21.986	28.216	80.200
24/07/1999	1.464	10.061	22.269	28.952	79.900
25/07/1999	7.530	12.201	21.365	30.534	67.500
26/07/1999	9.940	11.918	21.490	30.298	44.700
27/07/1999	8.479	12.755	21.462	31.188	113.000
28/07/1999	9.563	10.499	21.577	28.846	97.300
29/07/1999	5.570	10.060	22.048	28.731	67.300
30/07/1999	3.319	9.333	22.024	27.947	45.500
31/07/1999	5.364	11.670	21.197	29.760	32.400
01/08/1999	20.234	10.397	20.264	27.683	34.900
02/08/1999	19.441	10.839	20.337	28.236	41.500
03/08/1999	8.319	10.603	19.918	27.659	76.600
04/08/1999	11.594	9.645	20.457	26.995	127.300
05/08/1999	4.117	8.544	21.038	26.351	140.100
06/08/1999	11.502	10.076	21.389	28.173	148.100
07/08/1999	22.662	8.926	20.726	26.476	122.000
08/08/1999	1.889	7.638	21.096	25.519	99.800
09/08/1999	0.995	10.937	20.986	28.764	86.400
10/08/1999	11.668	10.386	21.385	28.452	123.000
11/08/1999	6.968	11.114	20.909	28.837	91.300
12/08/1999	6.737	9.748	21.149	27.587	143.000
13/08/1999	3.435	9.610	21.062	27.361	54.400
14/08/1999	9.725	11.149	20.649	28.639	122.000
15/08/1999	8.560	9.712	20.120	26.755	103.800
16/08/1999	0.597	11.018	20.558	28.433	90.700
17/08/1999	6.867	12.664	20.269	29.976	104.000
18/08/1999	14.446	10.201	21.760	28.476	196.600
19/08/1999	13.165	11.608	19.846	28.558	257.600
20/08/1999	10.275	8.478	20.760	25.947	91.000
21/08/1999	0.000	9.915	20.404	27.106	117.700
22/08/1999	23.304	10.144	20.380	27.322	178.900
23/08/1999	13.892	11.610	19.692	28.385	119.000
24/08/1999	14.858	9.432	20.913	26.990	110.000
25/08/1999	5.399	9.359	20.966	26.942	103.000
26/08/1999	14.687	8.341	21.240	26.188	116.200
27/08/1999	3.209	9.527	21.183	27.284	123.600
28/08/1999	2.269	8.648	21.029	26.298	99.500
29/08/1999	4.479	10.102	21.361	28.048	108.600
30/08/1999	13.208	9.880	22.264	28.514	91.300
31/08/1999	0.625	10.849	20.620	28.226	60.200
01/09/1999	4.017	9.509	21.712	27.697	36.500
02/09/1999	24.415	9.483	20.462	26.673	99.500
03/09/1999	14.015	10.526	20.995	28.178	120.900
04/09/1999	2.701	9.814	22.005	28.226	103.800
05/09/1999	8.393	8.497	21.096	26.159	107.300
06/09/1999	6.873	9.766	21.298	27.601	95.000
07/09/1999	1.752	10.948	21.149	28.736	53.600
08/09/1999	29.398	10.209	20.721	27.606	68.100
09/09/1999	16.204	9.570	21.024	27.188	50.200
10/09/1999	6.513	7.982	20.697	25.370	126.800
11/09/1999	12.393	10.705	20.221	27.764	102.100
12/09/1999	10.263	9.171	20.019	26.005	186.200
13/09/1999	6.981	10.607	19.654	27.236	257.800
14/09/1999	36.474	9.820	20.269	26.880	264.900
15/09/1999	2.273	9.420	21.197	27.207	438.200
16/09/1999	11.553	11.196	21.236	29.043	190.700
17/09/1999	13.675	9.353	20.769	26.798	137.600
18/09/1999	0.229	9.622	21.125	27.370	81.700
19/09/1999	4.799	8.378	22.072	26.889	124.500
20/09/1999	1.149	8.983	21.327	26.909	73.600
21/09/1999	5.096	10.229	21.370	28.183	109.100
22/09/1999	26.812	8.224	20.615	25.601	135.300
23/09/1999	18.225	9.806	19.639	26.442	103.300
24/09/1999	0.000	9.666	20.740	27.149	105.100
25/09/1999	6.730	9.096	20.981	26.750	80.400
26/09/1999	23.682	10.539	20.957	28.231	144.800
27/09/1999	20.213	9.651	20.428	26.899	114.300
28/09/1999	18.966	5.236	20.966	23.274	299.200
29/09/1999	3.058	9.762	19.154	26.082	216.500
30/09/1999	5.740	9.763	20.654	27.236	183.000
01/10/1999	7.351	9.109	20.163	26.188	120.200
02/10/1999	13.973	9.867	19.726	26.659	125.100
03/10/1999	0.000	8.864	20.067	25.918	133.400
04/10/1999	25.609	9.646	20.591	27.154	78.500
05/10/1999	5.860	10.453	20.043	27.567	151.400
06/10/1999	14.813	9.184	19.663	25.933	98.400
07/10/1999	6.598	10.036	19.288	26.572	109.400
08/10/1999	6.447	10.073	18.942	26.389	94.700
09/10/1999	7.185	9.482	19.894	26.476	87.600
10/10/1999	28.371	9.346	20.399	26.731	205.800
11/10/1999	11.683	6.239	20.688	23.942	99.300
12/10/1999	10.717	10.735	19.413	27.538	102.700
13/10/1999	12.648	9.492	20.438	26.995	75.300
14/10/1999	0.000	9.865	20.702	27.601	104.700
15/10/1999	24.906	8.109	20.899	25.923	172.400
16/10/1999	23.990	8.372	20.514	25.923	145.200
17/10/1999	10.928	9.225	19.476	26.005	110.600
18/10/1999	0.000	10.043	19.702	27.096	141.100
19/10/1999	24.729	9.733	20.096	27.082	144.400
20/10/1999	19.624	9.885	20.433	27.543	162.500
21/10/1999	44.204	9.430	20.678	27.240	355.500
22/10/1999	7.066	9.164	19.779	26.284	282.200
23/10/1999	22.847	8.348	20.298	25.817	313.100
24/10/1999	25.765	8.519	20.885	26.486	393.000
25/10/1999	0.000	7.446	20.668	25.221	288.100
26/10/1999	17.257	9.650	20.899	27.755	218.300
27/10/1999	1.316	10.326	20.375	28.115	189.300
28/10/1999	43.011	9.078	20.659	26.962	198.100
29/10/1999	1.170	9.125	20.620	26.995	170.100
30/10/1999	2.681	6.948	20.611	24.745	195.700
31/10/1999	15.645	8.667	20.077	26.154	135.100
01/11/1999	0.000	9.955	21.096	28.356	113.700
02/11/1999	4.976	8.806	21.846	27.697	109.700
03/11/1999	15.017	7.845	21.587	26.500	115.200
04/11/1999	17.724	8.972	21.837	27.904	105.800
05/11/1999	5.172	9.028	22.178	28.255	106.900
06/11/1999	4.340	9.796	21.601	28.683	80.400
07/11/1999	13.990	8.178	21.409	26.798	65.700
08/11/1999	41.528	8.971	21.149	27.500	135.000
09/11/1999	0.408	8.477	21.591	27.312	163.400
10/11/1999	0.000	9.358	21.303	28.048	250.200
11/11/1999	39.511	8.807	21.168	27.370	203.000
12/11/1999	9.238	8.013	20.952	26.356	124.500
13/11/1999	27.100	9.502	20.928	28.014	121.700
14/11/1999	11.040	10.414	20.798	28.938	174.500
15/11/1999	19.790	9.574	20.139	27.543	247.300
16/11/1999	0.855	9.885	21.062	28.577	149.500
17/11/1999	22.140	7.630	20.510	25.620	127.300
18/11/1999	6.580	7.283	21.389	25.990	136.000
19/11/1999	31.898	6.170	20.736	24.356	218.000
20/11/1999	0.888	6.132	20.885	24.447	186.100
21/11/1999	0.000	9.753	20.534	28.115	119.300
22/11/1999	12.847	9.217	20.106	27.207	107.600
23/11/1999	3.513	9.726	19.514	27.370	97.000
24/11/1999	2.288	7.208	19.745	24.649	71.900
25/11/1999	21.914	6.753	19.486	24.000	175.800
26/11/1999	23.207	7.581	19.808	25.144	112.100
27/11/1999	3.352	6.767	19.822	24.269	121.400
28/11/1999	0.000	6.786	20.558	24.909	107.900
29/11/1999	0.000	10.519	19.115	28.139	92.700
30/11/1999	11.908	8.678	19.678	26.351	71.000
01/12/1999	32.206	8.566	19.519	26.135	128.200
02/12/1999	1.918	7.403	21.447	26.317	107.400
03/12/1999	6.779	9.030	20.683	27.591	120.400
04/12/1999	12.068	8.008	21.683	27.221	100.700
05/12/1999	7.575	8.562	21.303	27.548	107.400
06/12/1999	11.315	7.958	21.370	26.904	91.300
07/12/1999	0.000	8.624	21.303	27.620	115.300
08/12/1999	0.000	8.336	21.010	27.058	81.900
09/12/1999	0.000	10.163	20.986	29.226	68.700
10/12/1999	11.001	8.370	21.976	27.909	95.300
11/12/1999	42.150	9.136	20.327	27.538	76.000
12/12/1999	2.241	8.260	21.394	27.327	119.000
13/12/1999	20.346	7.970	21.101	26.798	277.600
14/12/1999	20.251	8.218	20.918	26.899	265.000
15/12/1999	2.599	8.483	21.409	27.611	200.500
16/12/1999	29.983	7.540	20.981	26.192	338.100
17/12/1999	5.957	7.284	21.683	26.524	323.600
18/12/1999	6.573	8.225	20.986	26.962	210.500
19/12/1999	12.267	8.273	21.322	27.293	139.500
20/12/1999	3.915	7.327	20.899	25.889	263.500
21/12/1999	0.000	7.906	21.514	27.019	111.800
22/12/1999	0.000	8.791	20.798	27.466	95.000
23/12/1999	0.000	8.667	19.163	26.062	75.500
24/12/1999	0.000	10.136	18.740	27.558	57.100
25/12/1999	0.000	9.665	19.558	27.587	47.200
26/12/1999	0.000	8.377	19.668	26.106	43.900
27/12/1999	0.000	7.720	19.399	25.139	118.200
28/12/1999	0.000	8.658	19.375	26.188	115.900
29/12/1999	0.000	9.078	20.322	27.399	101.800
30/12/1999	0.000	8.840	19.639	26.620	97.900
31/12/1999	0.000	7.755	20.740	26.207	55.600
01/01/2000	0.000	9.506	20.034	27.678	49.700
02/01/2000	0.000	9.540	19.394	27.240	46.700
03/01/2000	0.000	7.955	19.587	25.471	48.200
04/01/2000	0.000	8.717	18.899	25.827	45.000
05/01/2000	0.000	7.834	19.625	25.361	85.000
06/01/2000	0.000	9.277	18.216	26.034	76.800
07/01/2000	0.000	9.592	19.024	26.962	86.100
08/01/2000	0.000	8.857	19.534	26.442	115.100
09/01/2000	0.000	7.153	18.889	23.947	104.000
10/01/2000	0.000	9.103	18.947	26.255	116.500
11/01/2000	0.000	9.114	19.779	26.904	118.000
12/01/2000	0.000	8.852	19.769	26.567	49.900
13/01/2000	0.000	9.129	20.236	27.221	40.400
14/01/2000	0.000	9.623	20.226	27.774	38.500
15/01/2000	0.000	8.761	19.562	26.236	41.500
16/01/2000	0.000	8.601	19.298	25.822	38.900
17/01/2000	0.000	9.577	18.442	26.322	35.500
18/01/2000	0.000	9.060	19.678	26.611	29.200
19/01/2000	0.000	9.446	18.894	26.490	27.000
20/01/2000	0.000	8.722	20.995	27.216	25.500
21/01/2000	0.000	8.546	20.865	26.933	24.400
22/01/2000	0.314	10.132	20.019	28.091	44.200
23/01/2000	0.000	11.368	19.582	29.202	37.200
24/01/2000	38.730	8.610	20.274	26.481	35.200
25/01/2000	0.000	10.691	18.587	27.620	36.500
26/01/2000	58.535	7.309	20.038	24.808	43.000
27/01/2000	2.098	7.201	20.380	24.957	123.700
28/01/2000	0.000	8.634	20.543	26.620	152.700
29/01/2000	0.000	9.696	19.212	26.788	95.500
30/01/2000	0.000	9.845	19.337	27.038	81.000
31/01/2000	0.000	8.998	19.538	26.192	56.100
01/02/2000	16.190	7.186	20.644	25.115	92.700
02/02/2000	0.000	8.294	19.721	25.500	86.100
03/02/2000	0.000	10.092	20.466	28.077	76.200
04/02/2000	1.182	9.367	20.433	27.212	40.400
05/02/2000	26.764	7.923	20.149	25.389	47.300
06/02/2000	0.000	8.718	20.197	26.288	39.900
07/02/2000	0.000	10.729	19.938	28.312	50.900
08/02/2000	0.000	9.968	20.462	27.808	35.100
09/02/2000	0.000	9.727	20.812	27.769	33.600
10/02/2000	0.000	9.113	20.697	26.990	31.300
11/02/2000	0.000	9.363	20.875	27.389	34.400
12/02/2000	0.000	9.675	20.375	27.312	32.400
13/02/2000	0.893	10.385	20.111	27.880	29.800
14/02/2000	0.000	10.645	19.471	27.688	28.600
15/02/2000	0.000	10.979	19.731	28.202	24.500
16/02/2000	9.918	10.075	20.370	27.649	25.700
17/02/2000	20.943	9.300	19.019	25.779	102.900
18/02/2000	0.172	8.834	19.385	25.500	123.000
19/02/2000	0.000	9.538	19.024	25.976	67.900
20/02/2000	14.658	10.325	18.438	26.399	88.800
21/02/2000	0.000	9.402	20.106	26.606	89.900
22/02/2000	3.399	9.124	19.260	25.654	58.800
23/02/2000	5.269	9.286	20.178	26.519	50.600
24/02/2000	15.002	7.953	20.135	25.091	195.800
25/02/2000	19.660	8.494	19.822	25.365	151.400
26/02/2000	1.626	9.525	20.130	26.683	103.400
27/02/2000	36.345	8.644	19.894	25.558	207.700
28/02/2000	0.464	9.916	20.659	27.447	127.600
29/02/2000	0.000	8.340	20.635	25.812	127.900
01/03/2000	4.373	8.520	20.418	25.808	147.000
02/03/2000	9.905	8.389	21.212	26.303	109.300
03/03/2000	5.264	10.858	20.067	27.981	99.300
04/03/2000	0.494	10.336	20.760	27.913	87.000
05/03/2000	10.374	10.869	20.120	28.000	81.900
06/03/2000	18.229	9.634	21.760	27.923	85.900
07/03/2000	6.735	9.344	21.428	27.346	141.900
08/03/2000	3.200	9.409	20.111	26.375	182.100
09/03/2000	1.353	8.659	20.788	26.135	103.300
10/03/2000	0.000	8.773	21.024	26.438	94.700
11/03/2000	0.000	10.316	20.231	27.375	86.100
12/03/2000	8.237	9.209	20.889	26.726	100.400
13/03/2000	14.575	9.813	20.519	27.048	108.300
14/03/2000	4.406	10.567	20.577	27.856	84.700
15/03/2000	5.531	10.594	20.649	27.962	81.900
16/03/2000	1.813	9.508	21.774	27.668	54.300
17/03/2000	10.042	9.230	21.183	26.933	38.600
18/03/2000	3.846	10.177	19.716	26.745	67.700
19/03/2000	0.886	8.939	19.519	25.308	69.000
20/03/2000	0.000	10.214	19.024	26.231	41.900
21/03/2000	0.000	9.663	20.788	27.019	53.600
22/03/2000	0.250	9.476	20.808	26.841	61.600
23/03/2000	0.000	6.976	20.524	24.212	77.000
24/03/2000	0.000	10.286	20.260	27.240	116.000
25/03/2000	36.291	6.968	19.808	23.577	109.900
26/03/2000	3.093	9.674	19.803	26.221	68.700
27/03/2000	6.679	9.745	19.909	26.394	45.000
28/03/2000	2.093	12.673	18.120	28.236	45.900
29/03/2000	8.811	11.824	19.966	28.625	50.600
30/03/2000	24.563	10.228	21.192	27.880	48.900
31/03/2000	7.695	11.694	20.337	28.736	47.700
01/04/2000	1.264	10.102	21.538	28.038	48.200
02/04/2000	0.203	11.694	20.726	29.038	42.200
03/04/2000	2.190	9.089	22.101	27.462	43.100
04/04/2000	26.521	9.343	20.856	26.740	68.500
05/04/2000	20.584	8.957	20.567	26.091	216.500
06/04/2000	0.000	9.722	21.375	27.534	139.400
07/04/2000	7.369	9.917	20.861	27.365	155.500
08/04/2000	1.006	11.843	20.587	29.091	87.100
09/04/2000	0.000	11.675	21.726	29.755	87.000
10/04/2000	22.170	10.945	20.856	28.385	52.800
01/05/2000	10.242	10.393	20.808	27.909	97.300
02/05/2000	1.969	10.333	20.327	27.510	104.900
03/05/2000	22.339	10.716	20.822	28.293	96.700
04/05/2000	18.318	8.878	21.303	26.808	128.800
05/05/2000	4.767	9.340	21.332	27.298	94.700
06/05/2000	18.084	8.845	21.091	26.601	116.800
07/05/2000	5.524	10.889	20.591	28.351	108.700
08/05/2000	16.307	9.843	21.197	27.726	145.800
09/05/2000	0.908	10.511	19.995	27.514	93.300
10/05/2000	8.698	8.953	21.317	26.913	307.000
11/05/2000	6.697	10.267	21.606	28.505	169.800
12/05/2000	16.593	8.734	21.990	27.255	80.000
13/05/2000	4.667	10.015	20.837	27.688	138.700
14/05/2000	24.982	10.001	20.375	27.312	178.200
15/05/2000	10.339	8.287	20.471	25.659	232.000
16/05/2000	14.549	9.310	21.837	27.764	240.400
17/05/2000	24.060	9.028	22.038	27.659	233.900
18/05/2000	5.184	10.146	20.639	27.736	130.300
19/05/2000	15.530	9.573	21.534	27.841	197.400
20/05/2000	9.816	8.232	20.731	25.841	125.100
21/05/2000	8.585	8.135	20.538	25.615	225.400
22/05/2000	1.004	9.264	19.966	26.317	109.100
23/05/2000	9.113	11.106	20.654	28.822	101.800
24/05/2000	13.023	10.265	20.933	28.144	129.000
25/05/2000	3.722	9.782	20.332	27.183	105.300
26/05/2000	5.128	11.501	20.447	29.125	82.200
27/05/2000	3.165	9.330	21.721	27.803	119.900
28/05/2000	30.867	8.628	21.111	26.601	86.500
29/05/2000	1.676	10.148	20.668	27.861	129.000
30/05/2000	10.030	8.452	20.755	26.183	139.100
31/05/2000	17.591	8.843	20.135	26.053	126.700
01/06/2000	0.783	9.399	21.298	27.587	90.400
02/06/2000	10.529	8.678	21.163	26.716	274.800
03/06/2000	0.284	10.801	21.394	29.163	109.700
04/06/2000	8.456	10.221	22.337	29.260	91.300
05/06/2000	19.746	9.935	20.942	27.918	130.100
06/06/2000	5.698	10.342	22.062	29.178	106.200
07/06/2000	22.182	10.061	20.904	27.995	82.400
08/06/2000	8.504	10.419	21.779	29.048	81.900
09/06/2000	4.713	10.160	20.837	28.082	102.100
10/06/2000	13.735	10.487	20.904	28.500	136.900
11/06/2000	9.843	11.703	21.048	29.947	84.800
12/06/2000	25.320	9.662	21.615	28.163	83.300
13/06/2000	0.452	8.928	20.938	26.894	113.400
14/06/2000	19.642	10.125	21.587	28.630	110.600
15/06/2000	3.242	9.364	21.087	27.486	101.800
16/06/2000	3.924	9.576	20.736	27.433	155.900
17/06/2000	31.679	9.056	21.091	27.149	99.100
18/06/2000	7.652	7.985	20.962	25.904	115.400
19/06/2000	0.605	8.295	21.361	26.562	116.800
20/06/2000	4.844	10.513	20.202	28.043	90.700
21/06/2000	14.197	11.045	21.192	29.356	87.600
22/06/2000	13.927	9.450	20.534	27.144	56.800
23/06/2000	20.771	8.653	21.351	26.923	113.100
24/06/2000	26.336	5.639	21.029	23.784	182.300
25/06/2000	0.952	10.559	19.567	27.606	240.100
26/06/2000	0.000	11.220	20.380	28.971	110.000
27/06/2000	6.072	10.788	21.038	28.947	87.600
28/06/2000	14.310	10.585	21.442	29.024	89.900
29/06/2000	11.960	10.536	21.413	28.957	85.000
30/06/2000	2.721	11.721	20.120	29.317	97.600
01/07/2000	6.290	11.157	21.827	29.928	51.800
02/07/2000	3.814	10.270	22.649	29.601	44.800
03/07/2000	10.984	10.139	21.750	28.760	58.100
04/07/2000	7.834	9.955	22.154	28.870	63.100
05/07/2000	18.490	9.920	21.625	28.438	99.000
06/07/2000	7.948	9.403	21.803	28.019	87.600
07/07/2000	12.007	10.412	21.288	28.692	166.200
08/07/2000	3.729	10.359	22.082	29.231	102.400
09/07/2000	5.055	10.870	22.731	30.274	70.800
10/07/2000	0.500	10.198	21.615	28.697	46.300
11/07/2000	2.278	12.135	21.327	30.562	50.100
12/07/2000	7.503	10.096	22.005	28.870	40.600
13/07/2000	23.819	10.616	21.861	29.308	44.600
14/07/2000	9.693	10.004	21.399	28.293	49.200
15/07/2000	0.000	10.888	20.952	28.880	99.800
16/07/2000	3.571	8.982	22.433	28.058	66.700
17/07/2000	4.072	10.734	21.630	29.207	54.300
18/07/2000	38.035	9.564	21.207	27.635	67.900
19/07/2000	4.049	9.656	20.476	27.159	65.700
20/07/2000	1.183	9.114	20.803	26.837	80.100
21/07/2000	7.837	9.263	20.707	26.909	94.100
22/07/2000	13.410	10.791	20.438	28.346	88.100
23/07/2000	0.000	10.982	21.399	29.255	55.600
24/07/2000	7.255	10.492	21.284	28.659	42.400
25/07/2000	22.492	10.820	22.048	29.562	40.300
26/07/2000	20.346	11.224	21.168	29.312	58.600
27/07/2000	29.425	12.101	21.312	30.356	127.900
28/07/2000	30.825	11.021	20.394	28.486	243.800
29/07/2000	2.672	8.891	21.755	27.322	141.100
30/07/2000	10.163	9.886	20.822	27.601	115.000
31/07/2000	0.000	10.350	20.197	27.601	116.800
01/08/2000	2.096	10.435	20.264	27.712	132.200
02/08/2000	26.809	10.726	20.471	28.188	112.100
03/08/2000	16.091	11.666	19.341	28.389	98.100
04/08/2000	11.042	9.136	20.740	26.702	99.000
05/08/2000	0.262	8.901	20.111	25.971	76.700
06/08/2000	0.662	8.786	20.793	26.365	74.600
07/08/2000	16.764	12.332	19.505	29.173	71.100
08/08/2000	0.971	9.710	20.577	27.149	74.300
09/08/2000	14.291	9.542	21.990	28.062	118.400
10/08/2000	8.898	11.487	20.702	29.101	98.700
11/08/2000	0.151	10.946	20.909	28.668	65.700
12/08/2000	16.818	11.930	20.827	29.635	51.800
13/08/2000	0.108	10.964	21.558	29.159	49.800
14/08/2000	0.445	11.464	20.154	28.620	71.100
15/08/2000	11.211	11.058	21.043	28.841	99.600
16/08/2000	13.473	11.983	21.106	29.861	91.800
17/08/2000	7.226	13.018	20.212	30.322	107.300
18/08/2000	14.791	10.939	21.514	29.067	99.000
19/08/2000	1.009	12.747	20.909	30.514	64.600
20/08/2000	0.000	12.712	21.577	30.923	48.700
21/08/2000	9.845	12.245	21.702	30.538	38.300
22/08/2000	6.290	11.960	21.341	29.947	52.700
23/08/2000	14.374	11.443	22.255	30.101	38.300
24/08/2000	8.422	11.719	22.125	30.274	56.300
25/08/2000	12.209	10.764	21.798	29.034	48.200
26/08/2000	14.411	9.121	22.303	27.788	81.500
27/08/2000	0.000	11.993	21.692	30.221	70.400
28/08/2000	0.074	11.684	21.962	30.087	42.200
29/08/2000	12.417	10.240	21.899	28.558	45.100
30/08/2000	13.370	10.708	20.947	28.293	72.200
31/08/2000	11.565	9.251	20.952	26.803	45.500
01/09/2000	13.829	10.198	21.048	27.837	96.100
02/09/2000	18.324	10.609	21.024	28.255	106.400
03/09/2000	2.124	11.164	21.279	29.024	48.800
04/09/2000	38.470	8.525	19.721	25.087	92.100
05/09/2000	11.431	7.949	20.591	25.245	126.800
06/09/2000	1.035	10.563	20.389	27.721	142.200
07/09/2000	11.066	9.292	21.832	27.558	91.600
08/09/2000	5.553	10.937	20.837	28.442	61.500
09/09/2000	13.704	11.193	21.005	28.846	26.400
10/09/2000	24.356	8.635	21.255	26.447	174.000
11/09/2000	11.364	9.542	21.308	27.394	183.000
12/09/2000	3.772	10.636	20.899	28.188	112.100
13/09/2000	1.662	10.111	22.341	28.779	103.500
14/09/2000	2.361	9.333	21.308	27.188	108.000
15/09/2000	29.632	8.854	20.817	26.327	128.500
16/09/2000	5.427	10.177	20.793	27.659	106.100
17/09/2000	10.754	8.323	20.447	25.543	145.800
18/09/2000	0.000	8.863	20.500	26.115	112.100
19/09/2000	10.454	11.565	21.067	29.341	111.100
20/09/2000	32.534	9.714	20.447	26.928	109.100
21/09/2000	0.900	9.832	20.188	26.856	100.400
22/09/2000	16.983	10.791	20.308	27.995	114.900
23/09/2000	15.588	9.660	21.087	27.385	105.800
24/09/2000	25.962	9.537	20.625	26.942	233.200
25/09/2000	7.500	9.275	21.457	27.346	210.600
26/09/2000	0.000	9.362	21.053	27.135	142.000
27/09/2000	8.352	7.500	20.510	24.827	119.900
28/09/2000	0.000	10.418	20.322	27.654	81.900
29/09/2000	58.207	7.220	20.928	24.942	265.500
30/09/2000	14.926	10.301	19.865	27.231	292.900
01/10/2000	11.846	11.444	20.000	28.567	242.700
02/10/2000	17.191	6.971	20.817	24.635	161.700
03/10/2000	16.622	9.840	19.966	26.851	152.400
04/10/2000	11.623	9.332	20.072	26.399	123.000
05/10/2000	3.177	9.511	20.293	26.764	105.200
06/10/2000	10.446	9.751	20.538	27.236	76.200
07/10/2000	1.663	10.337	20.822	28.082	75.000
08/10/2000	20.712	11.236	20.861	29.106	83.500
09/10/2000	22.011	9.519	21.005	27.399	149.400
10/10/2000	10.280	9.879	20.928	27.740	136.000
11/10/2000	0.000	8.568	21.197	26.630	90.400
12/10/2000	11.318	10.483	20.125	27.822	76.800
13/10/2000	5.558	9.676	20.894	27.548	65.700
14/10/2000	2.721	9.297	20.904	27.173	56.800
15/10/2000	25.817	9.574	20.740	27.361	91.900
16/10/2000	3.044	10.363	20.822	28.264	91.900
17/10/2000	0.603	10.338	21.438	28.731	60.600
18/10/2000	19.643	9.356	21.317	27.678	52.600
19/10/2000	0.791	11.880	20.346	29.678	53.100
20/10/2000	24.298	10.101	20.803	28.058	80.600
21/10/2000	8.157	8.982	20.534	26.668	159.500
22/10/2000	34.040	8.232	20.683	26.014	103.600
23/10/2000	0.974	10.399	20.269	28.067	99.200
24/10/2000	22.500	8.351	20.841	26.312	124.400
25/10/2000	1.853	7.219	20.812	25.154	142.700
26/10/2000	18.024	9.914	20.471	27.726	232.800
27/10/2000	12.140	8.520	20.293	26.111	242.900
28/10/2000	16.781	10.626	20.909	28.899	138.700
29/10/2000	3.580	10.232	20.418	28.120	145.100
30/10/2000	34.879	9.356	20.409	27.159	296.900
31/10/2000	4.387	8.678	20.697	26.654	321.100
01/11/2000	1.252	9.438	21.688	28.260	284.400
02/11/2000	3.447	6.674	21.663	25.428	112.100
03/11/2000	62.760	9.740	20.312	27.596	237.400
04/11/2000	1.927	7.348	20.562	25.221	138.700
05/11/2000	0.000	9.327	20.606	27.399	152.000
06/11/2000	0.000	9.149	21.077	27.562	106.200
07/11/2000	0.000	5.891	21.899	24.942	113.700
08/11/2000	5.662	9.061	20.481	27.043	109.200
09/11/2000	2.537	10.284	19.880	28.029	139.100
10/11/2000	22.026	9.037	21.163	27.582	119.900
11/11/2000	7.936	7.666	20.447	25.548	119.900
12/11/2000	6.532	8.453	21.183	26.986	116.800
13/11/2000	0.000	9.743	19.986	27.548	104.700
14/11/2000	0.000	8.222	20.587	26.293	182.200
15/11/2000	2.894	8.129	20.462	26.139	152.000
16/11/2000	0.000	10.016	21.394	28.981	99.800
17/11/2000	15.251	5.606	21.611	24.543	97.600
18/11/2000	5.206	8.072	21.173	26.702	111.800
19/11/2000	4.444	8.725	21.058	27.346	89.000
20/11/2000	0.000	8.959	21.279	27.774	99.000
21/11/2000	0.000	9.831	21.106	28.668	99.000
22/11/2000	0.566	10.087	20.654	28.639	60.600
23/11/2000	5.682	8.982	21.385	27.933	49.400
24/11/2000	10.398	9.545	21.048	28.365	80.300
25/11/2000	22.090	9.514	21.245	28.495	73.300
26/11/2000	22.891	10.459	19.812	28.562	76.200
27/11/2000	2.230	9.473	20.058	27.562	55.600
28/11/2000	9.617	10.337	20.130	28.668	81.900
29/11/2000	28.173	7.181	20.894	25.644	68.500
30/11/2000	3.148	7.970	21.260	26.822	55.600
01/12/2000	13.460	9.463	21.909	29.024	47.000
02/12/2000	14.413	10.000	21.514	29.327	73.800
03/12/2000	15.712	8.464	21.957	27.928	78.200
04/12/2000	0.000	6.962	20.981	25.510	114.600
05/12/2000	0.000	9.011	21.322	28.087	91.300
06/12/2000	1.019	9.455	21.043	28.385	85.400
07/12/2000	2.068	6.530	21.034	25.130	77.700
08/12/2000	4.736	8.704	20.601	27.212	69.800
09/12/2000	0.000	8.192	21.572	27.365	63.600
10/12/2000	0.000	9.603	21.236	28.755	46.600
11/12/2000	16.147	8.690	21.659	28.034	104.500
12/12/2000	4.808	9.473	20.659	28.183	88.400
13/12/2000	0.000	9.732	20.736	28.548	54.100
14/12/2000	0.000	9.692	20.630	28.409	45.000
15/12/2000	0.000	9.275	19.856	27.341	39.400
16/12/2000	0.000	9.936	19.659	27.990	39.500
17/12/2000	0.000	10.369	19.067	28.101	33.100
18/12/2000	0.000	10.485	17.962	27.471	33.600
19/12/2000	19.596	9.464	19.111	27.019	35.100
20/12/2000	0.412	6.501	20.562	24.721	34.300
21/12/2000	0.000	10.593	19.649	28.793	35.700
22/12/2000	0.000	10.803	19.788	29.149	34.400
23/12/2000	1.405	9.805	20.351	28.332	29.600
24/12/2000	6.619	9.807	21.240	29.000	32.900
25/12/2000	15.214	8.724	22.264	28.514	53.000
26/12/2000	12.748	10.351	20.596	29.178	50.900
27/12/2000	3.738	8.001	21.736	27.279	50.700
28/12/2000	12.261	10.219	20.038	28.582	38.100
29/12/2000	32.478	8.773	20.298	27.072	91.100
30/12/2000	0.000	8.625	20.178	26.784	146.700
31/12/2000	12.933	9.744	19.649	27.721	118.300
01/01/2001	1.798	10.433	20.500	29.183	126.700
02/01/2001	0.000	10.313	20.716	29.173	85.600
03/01/2001	0.000	11.123	19.337	29.120	28.300
04/01/2001	0.000	10.884	19.981	29.260	31.300
05/01/2001	11.240	8.662	20.606	27.062	71.200
06/01/2001	0.000	7.976	20.178	25.942	71.200
07/01/2001	0.000	7.594	20.938	26.106	89.300
08/01/2001	0.000	10.095	20.096	28.356	45.000
09/01/2001	5.426	10.474	19.500	28.351	51.400
10/01/2001	1.797	9.977	19.707	27.904	67.500
11/01/2001	2.048	9.789	19.976	27.856	59.900
12/01/2001	0.000	10.123	19.543	27.923	68.000
13/01/2001	0.000	9.449	19.668	27.173	54.300
14/01/2001	0.000	9.769	20.005	27.779	32.400
15/01/2001	0.000	9.664	20.332	27.899	27.600
16/01/2001	0.000	9.736	19.409	27.260	30.500
17/01/2001	22.826	7.919	20.293	25.832	46.200
18/01/2001	0.000	8.986	19.731	26.606	72.900
19/01/2001	7.060	10.290	19.702	28.096	27.700
20/01/2001	16.851	7.202	20.399	25.062	105.300
21/01/2001	9.232	10.178	19.197	27.534	109.200
22/01/2001	7.644	10.753	18.438	27.649	78.700
23/01/2001	9.551	9.484	18.375	26.096	86.400
24/01/2001	19.735	8.655	19.971	26.298	90.400
25/01/2001	0.000	9.537	20.072	27.341	94.400
26/01/2001	0.000	9.005	20.784	27.250	59.300
27/01/2001	0.000	10.022	19.837	27.663	35.700
28/01/2001	0.000	10.730	19.418	28.183	32.300
29/01/2001	0.000	10.948	20.106	28.909	33.300
30/01/2001	0.000	12.202	17.486	28.534	25.700
31/01/2001	0.000	10.459	20.010	28.197	23.900
01/02/2001	0.000	10.082	20.500	28.096	21.700
02/02/2001	0.000	10.574	20.130	28.361	22.300
03/02/2001	0.000	11.286	18.846	28.245	20.700
04/02/2001	0.000	10.022	20.712	28.125	24.200
05/02/2001	0.000	10.761	19.745	28.226	24.400
06/02/2001	0.000	11.288	20.288	29.197	22.100
07/02/2001	0.000	11.354	19.620	28.764	20.300
08/02/2001	0.000	12.931	19.721	30.639	20.100
09/02/2001	3.439	12.784	19.659	30.385	18.400
10/02/2001	13.372	12.594	19.337	29.928	22.300
11/02/2001	0.000	12.927	19.726	30.548	22.600
12/02/2001	0.000	12.732	19.957	30.447	18.700
13/02/2001	0.000	13.797	20.139	31.755	19.000
14/02/2001	0.829	12.937	21.111	31.418	17.200
15/02/2001	6.715	11.692	22.832	31.264	17.700
16/02/2001	0.000	10.254	23.548	30.274	17.800
17/02/2001	0.000	10.795	22.168	29.755	18.600
18/02/2001	0.000	11.139	22.038	29.990	17.300
19/02/2001	24.325	10.159	22.298	29.144	18.700
20/02/2001	0.333	10.134	22.620	29.337	34.500
21/02/2001	19.061	9.784	21.091	27.779	21.900
22/02/2001	0.000	11.628	20.822	29.524	34.100
23/02/2001	0.000	13.152	19.688	30.413	27.800
24/02/2001	0.000	10.187	21.500	28.457	27.800
25/02/2001	0.000	10.757	22.207	29.548	26.000
26/02/2001	3.333	10.130	21.288	28.178	19.600
27/02/2001	0.000	11.300	20.620	28.923	42.000
28/02/2001	0.000	11.879	20.447	29.394	55.900
01/03/2001	0.000	10.822	20.466	28.264	36.400
02/03/2001	0.000	12.460	19.817	29.553	90.400
03/03/2001	2.877	13.142	21.014	31.115	66.200
04/03/2001	9.179	11.469	21.615	29.755	47.500
05/03/2001	24.998	10.609	20.553	27.990	79.400
06/03/2001	15.209	9.079	20.505	26.361	63.100
07/03/2001	0.272	9.332	21.553	27.452	92.000
08/03/2001	11.885	9.579	20.654	26.976	96.100
09/03/2001	3.991	10.787	20.654	28.269	87.500
10/03/2001	13.496	10.281	21.125	28.034	132.500
11/03/2001	14.693	10.359	20.221	27.404	142.700
12/03/2001	0.000	10.325	21.096	28.038	115.400
13/03/2001	0.000	11.838	20.875	29.442	48.300
14/03/2001	2.437	9.695	21.846	27.947	43.000
15/03/2001	0.000	10.046	20.808	27.519	30.600
16/03/2001	12.397	10.238	20.716	27.625	78.500
17/03/2001	0.000	9.798	20.457	26.957	54.900
18/03/2001	17.084	10.214	21.284	27.986	68.800
19/03/2001	12.214	9.859	20.442	26.976	82.900
20/03/2001	12.485	11.015	20.721	28.380	54.100
21/03/2001	27.596	8.196	20.764	25.553	191.300
22/03/2001	4.989	9.506	20.322	26.495	103.300
23/03/2001	0.000	8.306	21.014	25.875	107.600
24/03/2001	15.855	10.063	20.760	27.409	81.900
25/03/2001	12.283	11.086	20.529	28.284	86.700
26/03/2001	1.576	11.441	20.106	28.322	116.800
27/03/2001	0.288	10.427	20.712	27.726	87.000
28/03/2001	3.286	10.959	20.712	28.288	63.600
29/03/2001	26.418	10.183	21.947	28.433	95.800
30/03/2001	0.000	11.056	20.913	28.510	55.300
31/03/2001	1.218	11.349	21.351	29.125	50.400
01/04/2001	12.884	10.672	21.649	28.663	47.700
02/04/2001	1.401	10.764	20.620	27.976	50.000
03/04/2001	0.000	12.400	20.322	29.486	37.900
04/04/2001	4.960	8.108	21.447	26.043	42.700
05/04/2001	1.159	10.651	20.495	27.784	45.000
06/04/2001	0.000	9.846	22.255	28.337	31.800
07/04/2001	7.055	11.111	21.250	28.837	31.800
08/04/2001	10.029	12.400	20.986	29.947	34.100
09/04/2001	6.565	11.148	21.966	29.404	33.900
10/04/2001	31.092	11.679	20.702	29.010	63.100
11/04/2001	3.973	11.585	21.236	29.317	79.500
12/04/2001	5.602	10.545	21.760	28.659	67.300
13/04/2001	13.412	11.302	21.558	29.264	53.200
14/04/2001	5.160	10.477	22.375	29.058	59.700
15/04/2001	10.842	10.681	21.168	28.332	44.600
16/04/2001	9.037	10.223	21.938	28.500	97.300
17/04/2001	22.540	7.288	21.774	25.558	97.700
18/04/2001	0.000	11.476	20.572	28.740	64.700
19/04/2001	24.834	9.687	21.014	27.240	207.700
20/04/2001	3.630	10.340	21.356	28.154	115.700
21/04/2001	1.676	12.736	19.995	29.692	70.700
22/04/2001	0.238	9.821	21.904	28.120	48.400
23/04/2001	16.140	8.838	21.115	26.514	33.600
24/04/2001	0.205	10.171	21.279	27.976	84.000
25/04/2001	0.326	8.790	22.135	27.337	53.100
26/04/2001	10.723	9.307	22.106	27.788	50.700
27/04/2001	3.833	11.995	21.139	29.793	48.400
28/04/2001	0.398	11.988	21.745	30.260	65.100
29/04/2001	10.535	11.781	21.798	30.091	88.500
30/04/2001	16.653	10.587	21.582	28.712	76.500
01/05/2001	13.744	10.657	22.111	29.168	83.500
02/05/2001	11.861	11.536	22.327	30.245	64.400
03/05/2001	10.349	8.653	21.510	26.740	116.800
04/05/2001	5.997	9.827	20.558	27.173	97.200
05/05/2001	0.265	9.088	21.087	26.837	56.900
06/05/2001	11.943	9.163	21.529	27.260	150.400
07/05/2001	50.840	8.661	21.462	26.726	118.600
08/05/2001	22.469	6.725	21.490	25.010	272.600
09/05/2001	3.843	7.233	21.077	25.058	291.600
10/05/2001	3.927	9.475	21.577	27.644	256.400
11/05/2001	8.442	8.845	21.986	27.375	211.700
12/05/2001	4.284	9.957	21.529	28.144	185.400
13/05/2001	13.559	7.843	22.284	26.712	111.900
14/05/2001	17.501	9.050	21.452	27.192	117.400
15/05/2001	18.834	9.181	21.130	27.062	235.300
16/05/2001	16.023	9.536	20.659	27.067	209.400
17/05/2001	0.634	11.378	21.279	29.486	110.100
18/05/2001	1.074	11.448	21.495	29.745	238.500
19/05/2001	19.406	8.189	21.625	26.510	186.000
20/05/2001	7.837	8.517	21.154	26.457	104.200
21/05/2001	23.541	8.389	20.909	26.149	114.600
22/05/2001	9.704	10.211	20.212	27.486	364.700
23/05/2001	10.012	11.142	20.370	28.639	167.900
24/05/2001	7.840	9.893	20.716	27.562	129.700
25/05/2001	2.555	10.048	20.870	27.861	98.700
26/05/2001	21.805	7.420	20.784	25.120	115.900
27/05/2001	18.587	9.350	19.712	26.236	159.600
28/05/2001	4.045	9.161	19.909	26.231	115.900
29/05/2001	8.156	10.566	20.452	28.154	127.000
30/05/2001	2.868	10.269	20.861	28.135	93.000
31/05/2001	18.117	8.738	20.933	26.620	103.000
01/06/2001	13.657	6.756	21.683	25.303	80.200
02/06/2001	19.250	6.874	20.803	24.644	109.400
03/06/2001	4.654	9.594	19.394	26.308	164.800
04/06/2001	6.210	10.531	19.731	27.620	147.000
05/06/2001	21.229	9.101	20.216	26.462	101.300
06/06/2001	10.252	9.556	20.942	27.500	91.900
07/06/2001	6.715	10.517	21.154	28.702	78.500
08/06/2001	4.312	10.412	20.918	28.418	61.100
09/06/2001	2.180	10.733	21.173	28.952	57.800
10/06/2001	2.598	10.415	21.476	28.851	124.800
11/06/2001	12.172	9.245	21.370	27.548	91.500
12/06/2001	14.926	9.035	21.654	27.538	86.300
13/06/2001	7.774	9.879	20.111	27.236	78.900
14/06/2001	0.826	9.097	21.062	27.139	60.600
15/06/2001	11.795	10.195	20.774	28.111	79.700
16/06/2001	6.174	10.773	21.144	29.000	59.300
17/06/2001	14.270	9.733	21.457	28.125	53.800
18/06/2001	12.127	10.713	20.981	28.827	83.400
19/06/2001	12.146	10.246	20.957	28.303	56.800
20/06/2001	4.986	10.000	21.418	28.385	84.400
21/06/2001	14.241	9.662	21.433	28.043	84.100
22/06/2001	0.169	11.514	20.024	29.019	73.100
23/06/2001	3.449	8.316	20.913	26.212	54.100
24/06/2001	1.503	10.537	21.168	28.769	55.100
25/06/2001	0.000	9.963	22.183	28.923	50.900
26/06/2001	0.000	12.255	21.005	30.543	21.500
27/06/2001	1.589	12.086	21.159	30.466	27.800
28/06/2001	0.114	12.172	20.769	30.269	40.000
29/06/2001	25.333	11.746	20.630	29.697	32.400
30/06/2001	0.000	8.848	22.534	28.067	53.300
01/07/2001	10.801	9.353	21.923	28.125	97.900
02/07/2001	0.000	10.644	22.255	29.716	77.000
03/07/2001	1.995	10.830	22.601	30.168	34.800
04/07/2001	0.092	11.864	22.115	30.899	39.300
05/07/2001	2.362	13.076	21.673	31.904	39.400
06/07/2001	16.901	10.918	22.332	30.034	51.700
07/07/2001	7.088	8.879	22.394	27.957	55.400
08/07/2001	18.743	10.675	22.433	29.827	56.100
09/07/2001	16.527	8.915	21.558	27.303	96.400
10/07/2001	6.352	8.958	22.630	28.212	56.800
11/07/2001	12.400	9.648	21.572	28.087	73.100
12/07/2001	12.143	9.715	21.755	28.288	114.400
13/07/2001	0.351	10.905	22.087	29.788	78.500
14/07/2001	13.413	9.703	22.745	29.019	48.400
15/07/2001	9.646	7.225	21.135	25.245	89.300
16/07/2001	5.548	11.632	21.072	29.798	91.600
17/07/2001	6.061	11.609	20.639	29.447	52.800
18/07/2001	4.323	12.062	21.245	30.389	90.800
19/07/2001	17.607	9.933	22.524	29.043	90.700
20/07/2001	21.906	10.620	21.308	28.827	115.200
21/07/2001	12.562	12.178	21.428	30.582	71.500
22/07/2001	0.000	9.188	21.918	27.788	65.700
23/07/2001	10.280	11.280	20.827	29.163	93.900
24/07/2001	5.445	11.998	20.534	29.721	81.900
25/07/2001	1.509	13.282	21.572	31.861	49.400
26/07/2001	19.475	8.880	21.880	27.418	62.200
27/07/2001	5.843	11.586	20.995	29.577	86.400
28/07/2001	3.617	10.500	21.462	28.745	81.800
29/07/2001	4.583	11.775	21.221	29.928	88.100
30/07/2001	7.006	10.105	22.966	29.490	58.100
31/07/2001	4.791	9.423	21.548	27.707	42.000
01/08/2001	3.044	11.589	20.591	29.221	37.800
02/08/2001	5.635	11.541	20.827	29.346	45.000
03/08/2001	7.190	12.014	20.582	29.663	61.900
04/08/2001	18.904	10.687	20.933	28.500	46.700
05/08/2001	10.643	9.967	20.889	27.702	101.900
06/08/2001	0.000	11.024	21.370	29.159	87.600
07/08/2001	1.526	11.498	21.572	29.808	80.700
08/08/2001	16.612	10.063	21.601	28.332	56.000
09/08/2001	0.000	13.081	19.952	30.317	57.600
10/08/2001	0.000	11.093	20.635	28.625	38.500
11/08/2001	1.753	12.501	21.034	30.433	32.800
12/08/2001	6.214	11.650	21.274	29.663	42.500
13/08/2001	9.489	11.596	21.442	29.726	38.900
14/08/2001	4.503	11.642	22.082	30.240	33.400
15/08/2001	6.111	11.861	21.346	29.913	34.300
16/08/2001	6.004	12.323	21.769	30.721	30.800
17/08/2001	6.125	12.439	22.639	31.466	32.100
18/08/2001	2.127	11.236	21.856	29.615	34.600
19/08/2001	8.094	11.030	22.188	29.663	32.900
20/08/2001	0.648	12.468	21.774	30.827	39.700
21/08/2001	16.534	12.811	22.269	31.562	31.300
22/08/2001	8.356	10.368	22.168	28.947	47.000
23/08/2001	2.483	11.410	20.707	28.913	35.300
24/08/2001	17.088	9.634	21.611	27.760	38.700
25/08/2001	7.145	9.436	21.053	27.106	94.400
26/08/2001	7.392	9.160	20.784	26.644	82.200
27/08/2001	6.403	11.009	22.197	29.577	95.000
28/08/2001	10.886	9.850	21.144	27.587	47.900
29/08/2001	18.827	12.377	20.928	30.053	130.800
30/08/2001	0.718	12.083	21.245	29.966	80.900
31/08/2001	0.000	12.841	21.596	31.024	81.300
01/09/2001	25.579	10.494	22.827	29.538	91.600
02/09/2001	12.566	10.180	21.418	28.106	47.200
03/09/2001	11.585	12.161	20.558	29.562	65.700
04/09/2001	0.365	10.320	21.452	28.288	67.700
05/09/2001	0.481	10.313	21.841	28.606	47.000
06/09/2001	6.557	11.241	21.918	29.611	51.600
07/09/2001	4.459	11.835	21.558	29.913	80.800
08/09/2001	10.374	9.485	20.553	26.750	71.600
09/09/2001	17.144	11.261	20.202	28.341	59.300
10/09/2001	3.946	11.199	21.173	28.995	48.000
11/09/2001	10.083	11.147	20.904	28.755	42.200
12/09/2001	13.440	8.786	21.736	27.014	53.100
13/09/2001	5.189	9.572	21.303	27.423	48.200
14/09/2001	19.313	7.846	21.370	25.827	225.400
15/09/2001	2.032	11.048	21.192	28.861	215.100
16/09/2001	0.000	12.417	21.043	30.192	111.200
17/09/2001	4.449	13.165	20.827	30.837	63.800
18/09/2001	18.762	9.942	21.442	27.918	71.400
19/09/2001	3.512	10.068	21.005	27.726	80.600
20/09/2001	14.169	10.777	20.178	27.837	122.500
21/09/2001	1.774	11.689	21.332	29.683	118.300
22/09/2001	29.745	11.030	20.635	28.490	115.200
23/09/2001	15.279	9.959	20.889	27.558	93.300
24/09/2001	14.848	9.487	21.202	27.332	122.700
25/09/2001	16.615	11.232	21.096	29.053	107.600
26/09/2001	6.268	11.287	22.293	30.014	105.500
27/09/2001	31.304	8.510	21.226	26.375	91.600
28/09/2001	1.958	9.949	21.538	28.111	92.700
29/09/2001	0.000	10.805	21.173	28.726	78.100
30/09/2001	7.624	7.864	21.423	25.942	48.200
01/10/2001	6.298	11.886	19.942	28.990	47.000
02/10/2001	6.341	9.327	21.688	27.639	46.100
03/10/2001	11.880	8.225	22.029	26.837	43.800
04/10/2001	7.930	10.100	22.120	28.803	51.900
05/10/2001	18.407	9.723	20.894	27.438	79.900
06/10/2001	9.464	10.079	21.231	28.077	101.600
07/10/2001	23.079	7.855	21.250	25.846	158.400
08/10/2001	0.000	10.392	20.659	28.014	132.900
09/10/2001	10.990	10.770	21.375	28.966	98.400
10/10/2001	21.611	8.141	21.615	26.495	104.800
11/10/2001	11.622	9.825	20.678	27.481	163.600
12/10/2001	0.000	10.561	20.798	28.399	157.200
13/10/2001	4.113	10.969	21.029	29.000	120.100
14/10/2001	29.091	10.277	21.245	28.423	148.200
15/10/2001	27.678	10.328	20.851	28.197	101.800
16/10/2001	34.885	7.953	20.875	25.774	115.200
17/10/2001	0.000	9.131	21.293	27.308	109.200
18/10/2001	10.680	9.637	20.409	27.183	129.100
19/10/2001	7.173	11.535	20.279	29.221	136.600
20/10/2001	0.191	10.150	21.683	28.769	109.100
21/10/2001	31.375	9.063	21.399	27.394	106.800
22/10/2001	24.116	8.828	20.913	26.798	133.200
23/10/2001	16.995	9.135	21.029	27.236	115.200
24/10/2001	1.331	9.056	20.856	27.034	113.700
25/10/2001	7.518	11.228	20.558	29.212	142.400
26/10/2001	21.437	10.946	21.534	29.635	117.100
27/10/2001	42.617	8.327	21.260	26.649	238.100
28/10/2001	0.000	9.330	20.736	27.327	150.700
29/10/2001	4.641	11.427	20.361	29.394	133.500
30/10/2001	2.862	10.200	20.841	28.375	204.600
31/10/2001	9.072	8.590	20.471	26.380	188.800
01/11/2001	18.871	9.702	20.260	27.433	196.700
02/11/2001	0.000	8.126	21.043	26.346	275.000
03/11/2001	0.000	9.003	21.221	27.438	237.400
04/11/2001	0.000	9.650	21.351	28.269	175.400
05/11/2001	0.000	9.676	21.812	28.683	146.000
06/11/2001	0.000	7.926	21.620	26.683	105.200
07/11/2001	3.474	8.523	21.543	27.284	109.100
08/11/2001	12.644	11.010	21.255	29.822	104.900
09/11/2001	14.959	9.454	21.861	28.562	91.800
10/11/2001	2.660	9.730	20.635	27.971	100.400
11/11/2001	14.441	8.616	22.538	28.226	118.300
12/11/2001	30.073	9.522	22.149	28.933	112.100
13/11/2001	8.297	8.927	20.740	27.178	136.900
14/11/2001	14.029	8.904	20.755	27.178	229.400
15/11/2001	0.349	8.448	21.663	27.423	103.300
16/11/2001	10.989	10.231	20.399	28.524	97.700
17/11/2001	25.988	8.353	21.995	27.635	109.900
18/11/2001	11.625	8.575	21.341	27.337	112.100
19/11/2001	19.864	8.495	21.524	27.428	152.900
20/11/2001	11.346	9.811	21.149	28.635	173.900
21/11/2001	27.806	8.530	21.154	27.212	202.500
22/11/2001	35.023	8.405	21.303	27.197	236.000
23/11/2001	0.000	8.719	21.264	27.543	137.100
24/11/2001	7.577	9.668	21.837	29.072	92.200
25/11/2001	0.374	8.764	21.875	28.087	102.800
26/11/2001	4.487	9.194	21.240	28.115	156.900
27/11/2001	42.083	8.301	21.144	27.048	201.500
28/11/2001	16.875	8.105	21.053	26.755	228.500
29/11/2001	0.000	8.430	21.298	27.308	228.500
30/11/2001	0.000	10.390	20.548	29.048	138.400
01/12/2001	0.000	8.110	20.327	26.221	119.200
02/12/2001	0.000	9.609	19.918	27.683	156.700
03/12/2001	0.000	10.083	19.803	28.173	114.800
04/12/2001	0.000	9.822	20.620	28.481	86.800
05/12/2001	0.000	8.409	21.913	27.846	68.000
06/12/2001	1.233	9.042	22.582	29.091	58.400
07/12/2001	12.759	9.152	22.332	29.029	113.600
08/12/2001	22.995	9.265	21.625	28.630	90.200
09/12/2001	25.412	8.881	21.601	28.192	75.800
10/12/2001	0.000	8.181	22.048	27.745	75.800
11/12/2001	7.981	9.779	21.837	29.409	75.200
12/12/2001	2.997	10.056	21.788	29.707	75.800
13/12/2001	27.514	7.755	22.572	27.702	65.500
14/12/2001	0.864	9.894	20.438	28.529	52.300
15/12/2001	0.000	9.304	21.793	28.832	136.200
16/12/2001	0.000	9.406	21.957	29.087	88.700
17/12/2001	24.521	8.231	22.197	27.947	117.800
18/12/2001	1.098	8.454	21.962	28.029	157.300
19/12/2001	27.060	8.104	21.553	27.293	140.600
20/12/2001	7.309	9.754	21.649	29.288	90.600
21/12/2001	15.439	8.630	21.346	27.716	200.400
22/12/2001	10.483	8.963	22.038	28.625	163.800
23/12/2001	0.000	8.663	22.442	28.615	109.700
24/12/2001	15.642	9.297	22.048	29.024	98.300
25/12/2001	7.934	6.606	21.255	25.418	104.200
26/12/2001	7.694	9.678	20.500	28.303	99.100
27/12/2001	24.720	6.764	21.260	25.611	129.700
28/12/2001	0.000	9.228	21.029	28.125	100.900
29/12/2001	23.127	9.232	21.846	28.774	107.500
30/12/2001	0.251	9.710	21.750	29.260	94.100
31/12/2001	0.000	10.163	21.375	29.471	67.600
01/01/2002	0.000	8.842	21.707	28.168	46.200
02/01/2002	0.000	9.444	20.673	28.111	43.800
03/01/2002	0.000	8.609	20.971	27.380	34.100
04/01/2002	0.000	9.373	20.428	27.798	32.500
05/01/2002	0.000	9.779	19.678	27.712	37.100
06/01/2002	0.000	8.456	22.351	28.188	26.600
07/01/2002	0.000	8.798	21.399	27.827	25.500
08/01/2002	9.384	8.379	21.240	27.212	46.800
09/01/2002	0.718	8.968	20.380	27.197	94.000
10/01/2002	0.000	9.328	20.192	27.490	49.800
11/01/2002	0.000	9.952	19.500	27.688	30.900
12/01/2002	0.000	9.169	19.712	26.875	29.600
13/01/2002	0.000	7.875	21.159	26.514	14.000
14/01/2002	0.000	8.324	21.356	27.168	20.200
15/01/2002	0.820	8.580	20.913	27.082	20.600
16/01/2002	1.294	8.831	21.125	27.529	33.300
17/01/2002	0.000	9.315	20.808	27.837	6.500
18/01/2002	0.000	8.693	20.928	27.168	7.800
19/01/2002	0.000	10.364	19.356	27.938	5.100
20/01/2002	0.000	9.349	20.197	27.351	5.400
21/01/2002	0.000	9.824	20.183	27.865	4.300
22/01/2002	3.993	9.215	21.072	27.841	3.900
23/01/2002	0.000	10.517	20.601	28.952	14.600
24/01/2002	0.000	11.291	20.245	29.562	17.900
25/01/2002	0.000	10.868	21.476	29.938	25.700
26/01/2002	0.000	8.848	22.596	28.534	7.100
27/01/2002	0.000	11.280	20.111	29.361	5.700
28/01/2002	0.000	11.977	20.673	30.553	4.100
29/01/2002	0.000	11.606	20.529	29.976	4.800
30/01/2002	41.141	10.432	21.750	29.538	5.100
31/01/2002	6.011	11.571	21.288	30.447	7.100
01/02/2002	2.072	10.971	21.413	29.827	21.900
02/02/2002	10.562	9.719	22.308	29.082	16.900
03/02/2002	25.525	7.851	22.418	27.216	14.800
04/02/2002	10.297	7.859	21.149	26.178	14.000
05/02/2002	0.904	9.137	20.649	27.096	10.600
06/02/2002	0.000	11.191	19.466	28.519	72.600
07/02/2002	0.000	10.969	20.005	28.587	49.000
08/02/2002	0.000	10.583	19.495	27.788	14.800
09/02/2002	0.000	10.691	19.827	28.111	9.100
10/02/2002	0.000	10.965	20.365	28.788	16.300
11/02/2002	0.000	11.097	20.303	28.861	18.000
12/02/2002	0.000	10.540	22.101	29.567	10.600
13/02/2002	0.000	11.161	22.014	30.135	5.000
14/02/2002	0.000	11.585	21.341	30.067	3.900
15/02/2002	0.000	10.952	21.000	29.101	5.100
16/02/2002	0.000	10.825	22.808	30.298	4.300
17/02/2002	0.000	11.829	21.130	30.130	4.100
18/02/2002	0.000	10.136	22.769	29.519	5.700
19/02/2002	0.523	9.535	22.087	28.351	4.100
20/02/2002	0.000	12.393	21.178	30.707	12.300
21/02/2002	0.000	11.898	21.029	30.024	3.900
22/02/2002	0.000	11.577	21.981	30.346	4.100
23/02/2002	37.462	10.769	22.668	30.000	5.100
24/02/2002	9.756	10.515	21.976	29.178	9.000
25/02/2002	0.000	11.800	23.596	31.702	14.800
26/02/2002	0.000	10.315	22.851	29.577	11.000
27/02/2002	0.164	10.110	21.861	28.601	4.500
28/02/2002	0.419	11.069	20.788	28.769	40.800
01/03/2002	0.000	11.997	20.812	29.788	9.100
02/03/2002	0.000	13.070	21.447	31.380	6.500
03/03/2002	0.000	11.712	22.885	30.947	14.800
04/03/2002	0.000	11.452	22.486	30.375	5.100
05/03/2002	8.647	11.101	21.442	29.202	4.100
06/03/2002	0.000	12.077	21.562	30.312	5.000
07/03/2002	0.000	12.385	22.764	31.486	5.100
08/03/2002	0.000	12.671	21.851	31.101	26.200
09/03/2002	0.000	14.290	22.505	33.264	5.800
10/03/2002	12.637	11.579	22.673	30.543	6.500
11/03/2002	0.000	12.157	22.413	30.913	3.700
12/03/2002	18.360	9.955	21.947	28.303	6.500
13/03/2002	1.716	13.006	21.596	31.188	12.000
14/03/2002	8.120	11.430	23.120	30.688	11.900
15/03/2002	35.636	9.468	21.529	27.471	16.800
16/03/2002	4.961	12.638	22.298	31.279	17.600
17/03/2002	12.268	10.955	22.591	29.764	12.600
18/03/2002	9.254	13.656	22.163	32.197	56.100
19/03/2002	15.316	9.559	23.062	28.784	30.500
20/03/2002	8.157	9.858	21.861	28.091	18.000
21/03/2002	7.356	8.131	21.462	26.087	32.700
22/03/2002	14.061	10.368	21.861	28.562	29.900
23/03/2002	13.662	10.548	22.005	28.851	79.200
24/03/2002	3.455	11.550	22.014	29.885	91.300
25/03/2002	27.284	12.290	21.986	30.596	59.700
26/03/2002	0.534	11.669	23.010	30.721	63.000
27/03/2002	7.633	10.814	21.630	28.803	81.800
28/03/2002	18.424	9.883	21.933	28.130	62.200
29/03/2002	24.979	8.271	21.476	26.226	128.900
30/03/2002	0.000	12.566	19.856	29.332	139.600
31/03/2002	0.000	12.760	22.365	31.332	63.400
01/04/2002	13.296	12.156	22.567	30.875	43.400
02/04/2002	22.124	8.828	22.995	27.966	43.300
03/04/2002	5.458	11.382	22.024	29.663	33.600
04/04/2002	8.566	11.704	21.846	29.885	28.300
05/04/2002	9.972	11.480	22.606	30.221	39.900
06/04/2002	17.745	10.140	22.562	28.841	92.800
07/04/2002	22.049	7.532	21.716	25.707	246.400
08/04/2002	0.325	7.483	21.332	25.346	144.200
09/04/2002	6.265	9.060	21.154	26.683	122.300
10/04/2002	2.764	11.044	20.827	28.428	125.800
11/04/2002	1.062	11.080	20.534	28.255	90.400
12/04/2002	10.240	11.382	20.577	28.601	152.100
13/04/2002	11.582	10.365	21.014	27.889	240.900
14/04/2002	2.665	11.036	20.135	27.928	116.700
15/04/2002	12.811	11.479	20.990	29.043	59.000
16/04/2002	6.500	11.721	21.673	29.817	88.200
17/04/2002	25.303	9.770	22.221	28.250	95.700
18/04/2002	19.198	9.788	21.649	27.837	86.200
19/04/2002	3.258	10.175	21.279	27.942	100.400
20/04/2002	16.346	10.026	21.678	28.130	261.000
21/04/2002	5.996	9.228	21.673	27.308	148.900
22/04/2002	1.699	10.862	22.846	29.875	109.000
23/04/2002	9.572	9.829	22.317	28.452	120.500
24/04/2002	13.044	9.699	22.250	28.255	120.600
25/04/2002	29.252	6.609	21.404	24.716	112.600
26/04/2002	0.000	11.710	20.716	29.149	113.800
27/04/2002	0.548	9.079	21.582	27.144	113.000
28/04/2002	25.806	8.429	21.745	26.659	159.700
29/04/2002	0.000	11.009	20.577	28.351	111.800
30/04/2002	22.218	9.271	22.418	28.038	155.000
01/05/2002	9.918	10.831	20.880	28.442	142.600
02/05/2002	5.931	11.141	21.159	28.990	90.300
03/05/2002	8.943	9.506	22.582	28.442	72.500
04/05/2002	12.376	10.599	21.750	28.899	82.100
05/05/2002	0.000	11.369	21.707	29.678	94.900
06/05/2002	0.133	11.337	21.462	29.466	91.600
07/05/2002	14.848	10.339	22.293	29.072	68.500
08/05/2002	8.951	10.834	21.524	29.005	107.500
09/05/2002	0.463	11.385	21.928	29.889	91.600
10/05/2002	16.833	11.212	21.894	29.707	109.000
11/05/2002	15.051	10.790	21.986	29.346	111.600
12/05/2002	2.015	12.192	21.332	30.346	58.200
13/05/2002	14.159	11.363	21.490	29.596	86.400
14/05/2002	1.412	12.221	21.466	30.505	36.700
15/05/2002	1.365	10.711	22.067	29.346	98.900
16/05/2002	18.734	9.959	21.418	28.091	89.500
17/05/2002	20.970	10.224	23.197	29.740	105.700
18/05/2002	15.978	10.179	21.606	28.486	71.900
19/05/2002	13.360	10.609	21.120	28.596	107.200
20/05/2002	8.594	11.866	21.202	29.995	63.900
21/05/2002	22.316	9.025	20.995	26.846	328.800
22/05/2002	13.988	6.269	21.611	24.764	120.600
23/05/2002	5.366	9.878	20.538	27.399	97.100
24/05/2002	2.014	11.259	21.880	29.909	88.800
26/05/2002	32.932	8.752	20.481	26.183	242.800
27/05/2002	0.000	9.439	21.245	27.505	270.200
30/05/2002	8.588	8.586	21.163	26.591	334.000
31/05/2002	8.840	7.001	20.428	24.452	259.800
01/06/2002	0.000	10.027	21.000	28.010	230.600
02/06/2002	6.443	8.269	21.385	26.466	117.900
03/06/2002	23.906	9.679	22.096	28.505	128.500
04/06/2002	2.579	9.248	20.784	27.038	208.500
05/06/2002	15.531	8.354	20.764	26.062	116.700
06/06/2002	14.500	8.194	20.976	26.091	135.800
07/06/2002	14.584	9.603	20.409	27.144	248.500
08/06/2002	7.687	11.673	19.793	28.990	155.300
09/06/2002	33.083	9.210	21.284	27.418	124.300
10/06/2002	4.440	10.523	20.952	28.577	164.600
11/06/2002	21.529	9.778	20.851	27.683	129.600
12/06/2002	4.365	9.089	21.543	27.510	135.800
13/06/2002	0.210	7.014	21.668	25.567	103.200
14/06/2002	6.733	8.827	22.188	27.784	91.600
15/06/2002	3.723	9.695	20.808	27.591	80.000
16/06/2002	6.419	10.995	20.447	28.750	78.100
17/06/2002	5.878	11.240	21.082	29.500	92.300
18/06/2002	23.347	9.547	20.880	27.510	112.200
19/06/2002	0.000	10.539	20.957	28.644	112.400
20/06/2002	3.676	10.409	21.221	28.673	124.300
21/06/2002	8.058	11.231	20.173	28.808	46.000
22/06/2002	8.185	10.746	20.841	28.769	54.400
23/06/2002	3.878	10.852	21.019	29.019	22.000
24/06/2002	4.015	11.018	21.058	29.236	36.700
25/06/2002	0.113	11.475	21.072	29.740	102.500
26/06/2002	3.786	10.681	21.188	28.942	95.700
27/06/2002	3.188	11.420	21.534	30.000	73.400
28/06/2002	5.149	11.164	21.274	29.500	40.700
29/06/2002	12.507	9.704	22.087	28.587	25.900
30/06/2002	3.797	11.803	21.149	30.149	107.000
01/07/2002	0.000	11.828	21.553	30.476	43.400
02/07/2002	5.552	11.381	21.721	30.096	30.600
03/07/2002	0.836	11.358	22.312	30.505	28.500
04/07/2002	14.144	10.869	24.010	31.269	25.900
05/07/2002	15.988	9.111	23.154	28.817	28.300
06/07/2002	11.802	8.017	21.726	26.567	99.800
07/07/2002	0.000	10.863	21.500	29.351	70.200
08/07/2002	0.000	11.334	22.986	30.981	42.000
09/07/2002	2.907	12.118	22.409	31.351	28.500
10/07/2002	9.029	9.620	23.673	29.750	22.300
11/07/2002	7.976	11.149	20.885	29.183	43.300
12/07/2002	5.290	11.206	21.788	29.923	43.300
13/07/2002	0.647	11.208	21.644	29.784	22.900
14/07/2002	9.353	11.607	22.548	30.889	18.300
15/07/2002	9.065	11.024	22.005	29.841	25.200
16/07/2002	5.577	10.140	22.442	29.250	35.900
17/07/2002	5.453	11.708	21.913	30.495	50.000
18/07/2002	14.260	9.842	21.784	28.428	35.800
19/07/2002	6.327	10.572	21.808	29.178	42.000
20/07/2002	11.932	9.892	22.688	29.125	39.100
21/07/2002	11.986	9.108	21.630	27.481	61.100
22/07/2002	0.000	10.121	22.183	28.957	55.100
23/07/2002	1.975	10.177	22.577	29.337	19.600
24/07/2002	12.451	9.440	21.938	28.048	52.000
25/07/2002	10.230	9.649	22.471	28.692	74.900
26/07/2002	0.000	12.274	20.904	30.288	44.700
27/07/2002	0.000	10.818	22.370	29.803	48.300
28/07/2002	11.157	10.549	21.918	29.173	31.300
29/07/2002	9.451	12.266	21.688	30.798	41.800
30/07/2002	1.546	12.480	21.529	30.904	33.800
31/07/2002	7.651	11.321	22.125	30.082	51.700
01/08/2002	0.000	11.107	20.803	28.856	48.600
02/08/2002	14.193	12.946	20.957	30.957	44.000
03/08/2002	4.540	11.384	21.654	29.774	37.000
04/08/2002	7.151	12.755	20.447	30.365	33.500
05/08/2002	0.232	11.485	21.909	30.048	30.600
06/08/2002	5.618	13.462	21.317	31.712	26.400
07/08/2002	3.497	11.481	21.986	30.077	31.800
08/08/2002	10.513	11.872	21.399	30.077	19.400
09/08/2002	19.851	11.412	20.688	29.019	86.200
10/08/2002	0.000	11.556	21.144	29.490	78.100
11/08/2002	9.956	12.460	20.933	30.308	45.300
12/08/2002	0.000	12.744	21.721	31.178	45.600
13/08/2002	0.000	12.130	21.885	30.639	25.000
14/08/2002	6.626	12.124	22.322	30.933	27.200
15/08/2002	12.411	13.130	22.053	31.793	32.800
16/08/2002	7.624	13.346	21.832	31.851	71.600
17/08/2002	0.000	14.017	21.678	32.452	43.300
18/08/2002	0.520	13.582	22.043	32.226	22.100
19/08/2002	14.788	11.805	22.139	30.380	14.200
20/08/2002	12.089	8.760	22.240	27.433	21.700
21/08/2002	14.546	12.948	21.303	31.010	69.400
22/08/2002	5.969	12.224	22.163	30.856	47.100
23/08/2002	16.928	10.696	22.375	29.433	40.700
24/08/2002	7.305	11.979	21.976	30.428	60.300
25/08/2002	10.218	11.362	22.774	30.394	51.000
26/08/2002	23.026	10.249	22.058	28.716	107.000
27/08/2002	9.359	9.346	22.163	27.933	94.000
28/08/2002	4.623	11.521	20.870	29.101	76.400
29/08/2002	22.613	9.623	21.317	27.476	135.500
30/08/2002	0.000	10.471	21.216	28.293	122.500
31/08/2002	12.817	10.367	21.524	28.423	139.000
01/09/2002	0.775	9.692	21.750	27.899	156.700
02/09/2002	15.443	11.455	21.389	29.428	118.800
03/09/2002	0.000	10.603	22.409	29.322	104.100
04/09/2002	0.000	11.644	22.447	30.438	65.800
05/09/2002	12.016	10.015	21.803	28.279	42.000
06/09/2002	2.447	11.321	22.168	29.861	40.200
07/09/2002	8.752	11.207	21.683	29.404	54.700
08/09/2002	0.594	12.178	21.481	30.279	76.100
09/09/2002	11.905	9.966	22.596	28.822	30.700
10/09/2002	14.670	10.537	21.957	28.904	41.200
11/09/2002	18.092	10.421	21.058	28.087	46.000
12/09/2002	2.458	9.550	21.413	27.514	48.300
13/09/2002	4.400	11.229	21.293	29.135	30.800
14/09/2002	9.048	10.144	22.356	28.841	118.600
15/09/2002	10.629	11.785	21.582	29.947	107.500
16/09/2002	0.734	10.593	22.562	29.438	92.900
17/09/2002	16.928	9.828	20.707	27.231	47.400
18/09/2002	1.484	10.806	20.514	28.115	109.600
19/09/2002	22.271	11.219	21.091	28.990	55.400
20/09/2002	5.749	10.671	22.279	29.346	60.600
21/09/2002	0.470	11.434	22.298	30.168	33.000
22/09/2002	0.542	11.848	21.466	29.986	31.700
23/09/2002	18.548	10.937	21.764	29.212	105.300
24/09/2002	15.869	10.617	21.716	28.875	70.400
25/09/2002	27.687	8.553	21.418	26.591	47.400
26/09/2002	9.671	10.506	20.615	27.928	160.400
27/09/2002	8.073	12.054	21.163	30.000	156.000
28/09/2002	6.844	9.497	21.178	27.356	107.500
29/09/2002	11.975	10.497	21.534	28.688	105.100
30/09/2002	3.118	12.232	20.466	29.750	107.600
01/10/2002	20.739	9.982	20.538	27.389	95.200
02/10/2002	0.000	11.556	21.207	29.558	77.800
03/10/2002	0.000	10.406	21.817	28.875	47.400
04/10/2002	0.000	12.920	20.601	30.659	38.000
05/10/2002	2.107	11.564	21.236	29.668	28.500
06/10/2002	14.483	10.088	22.288	28.913	21.600
07/10/2002	10.566	10.727	21.019	28.606	30.600
08/10/2002	28.073	9.629	20.385	26.976	52.900
09/10/2002	5.683	8.970	22.163	27.731	46.300
10/10/2002	0.000	10.461	21.048	28.438	86.100
11/10/2002	12.433	9.056	20.918	26.861	84.800
12/10/2002	1.434	10.738	20.606	28.442	86.100
13/10/2002	0.620	10.791	20.837	28.678	68.500
14/10/2002	2.251	11.531	21.471	29.952	42.000
15/10/2002	17.127	8.418	21.567	26.793	91.700
16/10/2002	3.150	8.211	21.442	26.500	56.200
17/10/2002	21.473	8.899	20.236	26.245	71.700
18/10/2002	0.392	10.430	21.029	28.529	51.800
19/10/2002	20.499	9.489	21.327	27.750	44.700
20/10/2002	0.673	9.735	22.010	28.587	43.300
21/10/2002	11.305	10.009	21.327	28.361	51.500
22/10/2002	14.081	7.819	20.909	25.793	135.800
23/10/2002	3.022	9.352	20.216	26.822	175.200
24/10/2002	21.547	10.103	20.870	28.163	106.000
25/10/2002	14.794	10.228	20.370	27.966	123.400
26/10/2002	7.394	9.348	21.457	27.851	87.800
27/10/2002	51.714	8.210	20.433	25.841	114.900
28/10/2002	2.054	9.609	20.284	27.255	107.900
29/10/2002	9.394	9.200	20.476	26.971	245.000
31/10/2002	0.000	8.191	21.149	26.466	303.300
01/11/2002	2.318	10.096	21.635	28.938	128.000
02/11/2002	7.836	8.943	20.962	27.221	116.700
03/11/2002	19.095	9.210	20.986	27.529	155.700
04/11/2002	30.095	10.862	20.764	29.216	255.300
05/11/2002	17.936	9.899	21.087	28.361	242.200
06/11/2002	9.840	9.535	21.221	28.115	258.700
07/11/2002	18.560	8.798	21.207	27.308	197.600
08/11/2002	25.444	7.897	21.111	26.250	284.600
09/11/2002	2.525	8.554	20.918	26.827	244.400
10/11/2002	0.000	9.949	20.774	28.322	152.000
11/11/2002	2.678	10.268	21.255	29.067	99.000
12/11/2002	1.521	11.006	21.048	29.788	88.500
13/11/2002	8.981	8.898	21.341	27.620	83.100
14/11/2002	20.974	8.594	21.510	27.447	92.300
15/11/2002	1.137	10.392	21.260	29.293	103.900
16/11/2002	21.142	10.326	21.649	29.534	96.200
17/11/2002	16.546	10.479	21.538	29.639	99.300
18/11/2002	8.353	8.669	21.827	27.837	83.000
19/11/2002	5.834	10.185	20.726	28.764	78.500
20/11/2002	0.000	11.094	20.909	29.981	86.400
21/11/2002	0.000	9.904	22.490	29.793	47.400
22/11/2002	9.570	9.822	22.591	29.812	50.000
23/11/2002	19.790	8.244	22.452	27.990	46.300
24/11/2002	6.284	9.410	22.798	29.500	36.700
25/11/2002	0.161	11.077	21.572	30.538	104.300
26/11/2002	0.000	10.315	22.654	30.471	100.400
27/11/2002	4.825	10.011	23.413	30.731	30.400
28/11/2002	23.143	9.497	22.851	29.736	66.400
29/11/2002	1.518	9.594	23.077	30.034	40.800
30/11/2002	3.146	10.889	22.611	31.173	50.800
01/12/2002	9.041	9.479	22.774	29.692	96.700
02/12/2002	0.344	10.225	22.721	30.524	55.700
03/12/2002	0.063	9.926	23.101	30.481	103.900
04/12/2002	2.275	11.576	21.697	31.370	28.300
05/12/2002	13.460	10.921	21.875	30.760	27.100
06/12/2002	0.987	9.269	22.702	29.462	60.600
07/12/2002	0.533	9.839	22.683	30.067	79.400
08/12/2002	0.000	10.220	22.322	30.264	63.700
09/12/2002	3.806	10.198	22.389	30.298	43.300
10/12/2002	0.162	10.547	22.096	30.495	29.600
11/12/2002	0.000	9.434	23.457	30.250	27.100
12/12/2002	0.000	9.919	22.678	30.212	22.100
13/12/2002	0.000	9.834	23.462	30.712	25.100
14/12/2002	4.979	7.615	23.745	28.534	12.300
15/12/2002	47.777	6.443	22.548	26.322	65.200
16/12/2002	0.000	8.474	21.740	27.870	81.500
17/12/2002	34.708	6.632	21.558	25.673	230.600
18/12/2002	35.258	8.863	21.365	27.990	385.800
19/12/2002	6.010	9.840	22.038	29.654	197.600
20/12/2002	0.641	9.272	22.601	29.428	120.600
21/12/2002	8.645	9.343	22.380	29.370	70.900
22/12/2002	0.000	10.407	21.048	29.625	68.400
23/12/2002	0.319	10.408	21.361	29.832	130.700
24/12/2002	0.000	9.515	22.514	29.644	98.900
25/12/2002	0.000	10.737	21.668	30.433	97.600
26/12/2002	1.496	10.640	21.928	30.495	97.100
27/12/2002	0.000	10.482	21.582	30.067	38.200
28/12/2002	0.000	9.239	23.207	29.822	33.000
29/12/2002	0.000	9.160	22.476	29.173	21.700
30/12/2002	0.000	9.695	23.457	30.514	21.500
31/12/2002	0.000	11.115	22.293	31.293	25.900
01/01/2003	0.000	9.948	23.043	30.486	44.800
02/01/2003	0.000	11.537	21.442	31.178	18.600
03/01/2003	0.000	11.486	20.928	30.702	21.700
04/01/2003	0.000	10.208	21.952	29.942	15.900
05/01/2003	4.887	10.772	22.029	30.625	15.400
06/01/2003	7.642	10.211	22.817	30.562	14.000
07/01/2003	1.786	11.694	21.856	31.558	19.600
08/01/2003	0.000	11.363	22.644	31.721	17.500
09/01/2003	0.000	10.329	22.846	30.663	19.600
10/01/2003	0.000	12.118	22.308	32.346	12.300
11/01/2003	0.000	11.002	22.192	30.928	17.600
12/01/2003	0.000	11.169	22.764	31.514	14.000
13/01/2003	0.000	10.866	22.942	31.269	9.100
14/01/2003	0.560	10.081	23.399	30.697	11.300
15/01/2003	0.333	10.655	22.707	30.793	9.100
16/01/2003	0.000	10.660	22.548	30.688	10.800
17/01/2003	0.000	11.498	22.899	31.856	7.800
18/01/2003	0.455	9.254	22.909	29.332	24.600
19/01/2003	5.923	8.059	21.067	26.538	34.900
20/01/2003	0.000	9.784	20.029	27.678	50.300
21/01/2003	1.185	10.783	20.716	29.356	42.100
22/01/2003	0.000	11.401	19.481	29.173	18.600
23/01/2003	0.000	10.131	19.490	27.644	14.800
24/01/2003	0.000	12.234	18.856	29.673	33.000
25/01/2003	0.000	9.571	22.173	28.971	22.600
26/01/2003	0.000	10.589	22.139	30.034	9.100
27/01/2003	8.027	11.214	21.601	30.337	41.200
28/01/2003	0.000	11.573	20.822	30.173	5.800
29/01/2003	0.000	11.728	21.524	30.827	4.500
30/01/2003	0.000	11.616	22.457	31.322	3.900
31/01/2003	4.142	10.875	22.274	30.356	5.100
01/02/2003	0.127	11.353	21.067	29.986	5.100
02/02/2003	0.000	9.539	21.841	28.529	5.800
03/02/2003	0.000	11.945	21.755	31.101	7.800
04/02/2003	0.000	12.447	21.938	31.760	5.100
05/02/2003	0.000	12.513	23.356	32.812	4.300
06/02/2003	0.000	12.834	21.702	31.971	5.000
07/02/2003	10.379	13.172	22.356	32.788	6.700
08/02/2003	25.178	11.811	21.976	30.976	7.800
09/02/2003	13.379	12.482	22.014	31.712	15.200
10/02/2003	10.143	12.679	21.337	31.409	24.900
11/02/2003	0.000	11.001	23.284	30.962	30.600
12/02/2003	5.219	11.200	22.495	30.548	34.000
13/02/2003	0.000	10.551	23.389	30.519	93.400
14/02/2003	1.522	11.106	23.317	31.024	93.300
15/02/2003	0.000	11.187	23.764	31.409	93.400
16/02/2003	5.110	10.461	22.966	30.019	80.100
17/02/2003	0.000	12.254	22.615	31.644	36.700
18/02/2003	6.460	9.697	21.913	28.370	56.400
19/02/2003	0.000	12.092	22.736	31.500	21.300
20/02/2003	0.000	11.456	22.909	30.942	17.600
21/02/2003	0.000	12.896	21.755	31.620	7.800
22/02/2003	0.000	12.470	23.087	32.091	20.800
23/02/2003	0.000	10.230	23.072	29.726	6.500
24/02/2003	0.000	10.067	22.880	29.385	6.100
25/02/2003	1.270	13.190	23.139	32.812	4.800
26/02/2003	26.809	9.547	21.457	27.707	19.600
27/02/2003	0.243	10.389	21.635	28.755	39.900
28/02/2003	4.070	10.889	22.014	29.510	21.700
01/03/2003	0.000	11.553	22.279	30.380	17.600
02/03/2003	0.444	11.843	22.519	30.822	28.300
03/03/2003	0.000	11.000	22.611	30.019	30.400
04/03/2003	0.000	10.300	23.793	30.245	21.000
05/03/2003	0.000	13.959	22.014	32.673	7.800
06/03/2003	0.000	14.625	22.005	33.356	9.100
07/03/2003	0.000	13.440	23.274	32.947	6.500
08/03/2003	0.000	13.829	22.486	32.784	3.900
09/03/2003	0.000	13.197	23.438	32.784	3.100
10/03/2003	0.000	11.789	24.351	32.000	3.300
11/03/2003	7.814	11.350	24.361	31.572	3.700
12/03/2003	0.000	12.850	23.356	32.327	3.700
13/03/2003	2.901	12.730	23.846	32.548	5.000
14/03/2003	28.227	11.986	21.688	30.168	39.300
15/03/2003	6.743	10.211	22.529	29.000	161.300
16/03/2003	12.301	9.495	20.803	26.909	130.000
17/03/2003	1.660	12.183	20.933	29.784	80.300
18/03/2003	13.245	12.385	20.784	29.880	89.700
19/03/2003	22.482	10.112	21.365	27.952	102.100
20/03/2003	0.073	12.462	20.952	30.072	176.200
21/03/2003	0.000	11.907	21.870	30.135	109.600
22/03/2003	32.221	10.516	21.899	28.755	88.800
23/03/2003	0.000	12.535	22.139	30.966	46.500
24/03/2003	0.000	13.530	21.312	31.438	55.800
25/03/2003	0.000	10.790	20.745	28.125	84.100
26/03/2003	0.000	7.858	21.784	26.067	35.700
27/03/2003	0.000	11.201	20.870	28.654	38.000
28/03/2003	0.000	10.873	21.736	28.952	29.200
29/03/2003	11.219	10.168	22.216	28.644	28.000
30/03/2003	27.705	10.068	22.481	28.740	38.000
31/03/2003	8.249	10.231	21.346	27.995	147.600
01/04/2003	0.000	10.454	21.957	28.688	88.800
02/04/2003	0.000	12.520	21.486	30.462	42.000
03/04/2003	1.291	11.763	22.606	30.481	31.500
04/04/2003	13.262	11.054	23.034	30.120	22.500
05/04/2003	0.244	13.332	22.322	31.904	19.200
06/04/2003	10.142	12.350	23.808	31.995	35.500
07/04/2003	0.655	14.753	22.938	33.808	37.000
08/04/2003	19.795	11.094	22.486	29.731	23.600
09/04/2003	14.547	8.630	22.274	27.173	51.700
10/04/2003	2.117	10.890	21.298	28.635	72.100
11/04/2003	8.399	11.591	22.149	29.995	93.300
12/04/2003	19.027	7.800	22.322	26.457	75.600
13/04/2003	9.991	8.539	21.279	26.317	133.500
14/04/2003	8.583	10.597	21.587	28.567	123.600
15/04/2003	23.878	9.739	20.971	27.231	144.000
16/04/2003	2.516	12.025	21.697	30.106	111.900
18/04/2003	0.000	12.079	20.923	29.635	189.400
20/04/2003	1.329	10.590	22.053	28.962	324.300
21/04/2003	26.071	7.725	22.346	26.476	276.800
22/04/2003	3.248	10.883	21.596	28.913	143.600
23/04/2003	5.027	11.016	20.923	28.567	107.200
24/04/2003	20.207	11.399	22.058	29.827	113.500
25/04/2003	16.785	9.644	21.692	27.788	260.100
26/04/2003	13.494	10.549	22.221	29.096	186.700
27/04/2003	9.778	9.136	21.702	27.322	131.900
28/04/2003	14.330	13.304	20.880	31.005	189.000
29/04/2003	7.096	10.271	21.865	28.567	151.600
30/04/2003	6.362	11.063	22.678	30.034	221.600
01/05/2003	1.885	11.367	22.288	30.048	116.700
02/05/2003	12.447	10.414	22.986	29.606	139.800
03/05/2003	16.955	9.058	22.947	28.279	60.300
04/05/2003	6.948	11.610	21.707	29.889	139.800
05/05/2003	22.935	10.263	21.534	28.346	102.100
06/05/2003	0.626	11.049	22.135	29.644	105.700
07/05/2003	22.225	11.327	21.269	29.298	147.600
08/05/2003	13.632	9.999	22.173	28.620	109.600
09/05/2003	10.513	10.481	21.596	28.668	116.700
10/05/2003	14.273	10.725	21.125	28.596	151.700
11/05/2003	5.727	10.705	21.558	28.913	102.100
12/05/2003	20.961	10.025	21.620	28.284	168.600
13/05/2003	20.442	10.930	21.351	29.000	159.700
14/05/2003	0.000	11.871	21.178	29.899	151.600
15/05/2003	8.416	10.644	22.582	29.688	100.600
16/05/2003	11.395	10.940	21.971	29.534	261.000
17/05/2003	1.915	12.135	21.418	30.389	145.600
18/05/2003	8.072	8.685	21.611	26.933	255.300
19/05/2003	2.096	8.936	21.548	27.183	151.700
20/05/2003	16.882	10.442	21.476	28.659	118.600
21/05/2003	2.133	11.013	21.683	29.462	130.000
22/05/2003	25.154	11.099	21.072	29.091	174.000
23/05/2003	5.626	10.968	21.514	29.288	133.800
24/05/2003	23.545	11.149	21.428	29.418	324.100
25/05/2003	19.408	7.581	21.361	25.712	258.400
26/05/2003	2.331	8.808	22.197	27.620	180.700
27/05/2003	18.012	9.771	21.952	28.442	238.200
28/05/2003	0.693	9.897	21.885	28.486	166.200
29/05/2003	14.068	10.925	21.490	29.298	106.200
30/05/2003	23.960	10.434	20.928	28.370	151.600
31/05/2003	7.994	8.560	21.337	26.726	100.600
01/06/2003	6.185	10.007	22.005	28.740	103.900
02/06/2003	10.429	9.757	20.962	27.707	223.800
03/06/2003	18.128	8.724	21.346	26.928	249.600
04/06/2003	0.000	11.040	21.284	29.327	219.400
05/06/2003	25.387	6.988	22.639	26.332	126.100
06/06/2003	8.479	9.628	20.707	27.375	111.300
07/06/2003	27.050	10.075	20.159	27.486	182.000
08/06/2003	1.525	10.168	21.240	28.389	120.900
09/06/2003	6.403	10.683	21.966	29.481	73.500
10/06/2003	6.756	10.368	21.308	28.654	79.500
11/06/2003	22.796	9.341	21.712	27.870	121.300
12/06/2003	22.231	9.575	21.000	27.591	161.800
13/06/2003	22.228	9.564	21.010	27.591	168.200
14/06/2003	5.328	8.924	20.654	26.649	124.500
15/06/2003	4.969	8.352	21.000	26.322	120.900
16/06/2003	3.740	10.553	20.947	28.625	114.200
17/06/2003	18.851	8.450	20.793	26.264	236.500
18/06/2003	31.801	8.369	20.740	26.149	163.800
19/06/2003	4.476	8.657	20.721	26.433	139.800
20/06/2003	7.853	11.275	20.851	29.346	149.700
21/06/2003	16.474	11.101	20.466	28.899	93.400
22/06/2003	18.372	8.856	21.125	26.947	124.500
23/06/2003	0.364	9.520	20.990	27.562	120.500
24/06/2003	0.367	9.021	21.803	27.654	77.400
25/06/2003	0.000	9.428	20.389	27.010	81.100
26/06/2003	0.000	11.241	20.428	29.024	62.200
27/06/2003	9.841	9.788	21.418	28.149	84.900
28/06/2003	15.873	9.606	21.981	28.385	60.600
29/06/2003	22.324	7.598	20.615	25.264	43.300
30/06/2003	6.705	10.577	21.337	28.942	38.800
01/07/2003	10.443	8.843	21.303	27.072	163.600
02/07/2003	0.000	11.725	21.087	30.010	117.900
03/07/2003	4.796	11.199	21.312	29.611	57.700
04/07/2003	26.653	9.239	21.745	27.841	137.300
05/07/2003	2.094	9.989	21.418	28.356	98.600
06/07/2003	4.802	11.224	20.899	29.312	91.600
07/07/2003	6.967	8.743	21.889	27.433	80.400
08/07/2003	14.317	9.256	22.399	28.351	60.600
09/07/2003	9.276	9.019	21.740	27.587	91.600
10/07/2003	1.080	10.569	21.240	28.817	67.000
11/07/2003	9.999	8.103	21.538	26.495	57.700
12/07/2003	1.276	10.663	21.178	28.880	44.700
13/07/2003	10.693	10.371	21.601	28.880	91.300
14/07/2003	0.178	11.717	20.548	29.534	59.300
15/07/2003	1.585	11.744	21.361	30.139	61.100
16/07/2003	0.000	10.540	21.447	28.899	69.900
17/07/2003	19.234	8.986	21.433	27.255	126.700
18/07/2003	0.190	12.013	20.697	29.928	75.300
19/07/2003	3.556	11.177	21.606	29.673	34.400
20/07/2003	2.819	11.996	21.236	30.279	47.400
21/07/2003	0.000	11.968	21.279	30.260	42.800
22/07/2003	7.632	11.102	21.837	29.740	31.300
23/07/2003	0.220	12.158	21.971	30.942	40.700
24/07/2003	14.568	10.393	22.101	29.159	39.400
25/07/2003	16.099	9.344	21.803	27.846	73.400
26/07/2003	12.410	10.651	21.514	28.957	96.400
27/07/2003	8.909	11.433	21.505	29.788	97.800
28/07/2003	3.918	11.246	21.803	29.798	65.400
29/07/2003	3.116	11.166	22.385	30.130	48.900
30/07/2003	25.277	10.630	21.688	29.043	72.500
31/07/2003	6.783	11.765	21.471	30.101	75.900
01/08/2003	14.040	10.772	21.548	29.062	127.000
02/08/2003	2.023	9.300	21.587	27.548	124.500
03/08/2003	14.232	7.640	20.913	25.365	131.800
04/08/2003	1.285	10.800	20.726	28.442	144.800
05/08/2003	3.337	11.166	21.188	29.178	68.500
06/08/2003	6.366	11.373	21.635	29.721	54.600
07/08/2003	2.240	11.050	21.538	29.298	47.400
08/08/2003	18.719	9.107	21.058	26.880	81.500
09/08/2003	3.204	10.590	20.553	28.048	84.500
10/08/2003	6.587	12.030	21.159	30.038	48.900
11/08/2003	3.897	10.839	21.053	28.673	38.300
12/08/2003	9.461	10.714	21.279	28.726	42.000
13/08/2003	7.648	10.271	21.293	28.255	28.300
14/08/2003	19.790	11.362	21.462	29.500	180.400
15/08/2003	0.070	10.841	22.548	29.764	157.700
16/08/2003	12.391	10.140	20.957	27.827	66.400
17/08/2003	4.997	9.151	21.721	27.404	74.100
18/08/2003	6.650	11.672	20.596	29.163	113.900
19/08/2003	4.954	13.326	21.303	31.399	68.500
20/08/2003	31.859	9.740	22.010	28.212	50.300
21/08/2003	5.470	10.256	21.303	28.168	84.900
22/08/2003	12.364	9.359	21.298	27.250	126.000
23/08/2003	7.001	10.494	21.486	28.543	120.700
24/08/2003	4.968	11.199	20.947	28.870	93.000
25/08/2003	16.876	9.843	22.010	28.269	88.200
26/08/2003	7.396	10.819	21.688	29.019	118.600
27/08/2003	9.438	10.434	20.885	28.034	109.400
28/08/2003	6.581	11.253	21.668	29.442	92.900
29/08/2003	1.724	10.584	21.346	28.524	74.800
30/08/2003	5.965	10.748	20.582	28.101	98.600
31/08/2003	2.324	11.535	20.481	28.856	51.700
01/09/2003	1.077	11.428	20.966	29.106	41.200
02/09/2003	3.696	12.485	20.870	30.125	30.600
03/09/2003	13.943	11.730	21.361	29.702	29.900
04/09/2003	8.473	10.375	21.639	28.514	35.600
05/09/2003	0.000	8.340	21.707	26.548	48.100
06/09/2003	10.462	9.939	21.567	27.976	50.300
07/09/2003	2.904	9.805	21.413	27.721	60.600
08/09/2003	15.721	10.295	21.159	28.072	72.600
09/09/2003	17.202	9.800	21.423	27.745	75.300
10/09/2003	14.607	9.373	20.986	26.990	107.100
11/09/2003	21.733	11.272	21.034	28.962	94.700
12/09/2003	0.000	10.094	22.043	28.558	147.600
13/09/2003	5.333	9.025	22.274	27.654	157.800
14/09/2003	0.227	11.102	21.837	29.418	91.600
15/09/2003	1.092	11.558	21.216	29.413	93.300
16/09/2003	8.785	10.369	21.596	28.486	117.000
17/09/2003	4.378	10.257	21.678	28.442	95.100
18/09/2003	32.189	10.301	20.861	27.832	164.400
19/09/2003	6.953	10.654	20.663	28.062	241.100
20/09/2003	17.056	11.365	20.875	28.990	169.600
21/09/2003	5.276	9.585	21.471	27.625	124.500
22/09/2003	9.993	9.829	20.755	27.317	147.600
23/09/2003	10.996	7.670	21.543	25.822	109.500
24/09/2003	10.368	10.882	20.452	28.207	128.200
25/09/2003	13.168	10.926	20.620	28.370	149.600
26/09/2003	0.000	10.343	21.822	28.712	96.900
27/09/2003	23.543	10.058	21.135	27.880	219.400
29/09/2003	14.442	9.288	21.812	27.668	274.400
30/09/2003	21.409	8.175	22.106	26.832	141.800
01/10/2003	3.281	10.940	20.404	28.332	103.900
02/10/2003	0.346	10.553	20.466	27.976	91.600
03/10/2003	17.252	11.229	19.731	28.149	249.600
04/10/2003	5.538	9.566	21.697	27.885	135.800
05/10/2003	35.463	7.722	21.341	25.803	197.600
06/10/2003	19.024	9.412	21.356	27.490	164.200
07/10/2003	14.675	9.409	20.822	27.106	130.300
08/10/2003	9.128	8.448	20.971	26.226	135.800
09/10/2003	5.613	9.301	19.990	26.380	155.700
10/10/2003	4.827	10.965	19.337	27.688	221.600
11/10/2003	8.812	11.745	20.101	29.139	177.100
12/10/2003	3.208	10.156	21.990	28.846	128.000
13/10/2003	15.712	8.692	21.452	26.952	128.200
14/10/2003	15.072	8.359	21.168	26.389	114.900
15/10/2003	23.710	8.553	20.197	25.827	157.700
16/10/2003	0.000	7.395	20.361	24.793	102.400
17/10/2003	0.000	10.759	20.404	28.394	100.600
18/10/2003	0.000	10.042	20.913	28.048	111.900
19/10/2003	60.154	8.212	21.649	26.702	180.300
20/10/2003	3.023	8.639	21.154	26.774	209.100
21/10/2003	30.930	8.972	20.615	26.726	131.900
22/10/2003	0.000	9.748	20.264	27.264	141.900
23/10/2003	2.116	10.979	21.034	29.240	104.000
24/10/2003	22.799	9.575	21.572	28.144	140.200
25/10/2003	10.855	9.358	21.168	27.615	197.900
26/10/2003	9.815	9.257	21.183	27.538	128.000
27/10/2003	30.936	7.665	21.577	26.221	172.400
28/10/2003	0.000	9.779	20.668	27.731	124.500
29/10/2003	21.318	7.609	19.832	24.846	288.800
30/10/2003	5.319	10.391	19.635	27.707	185.300
31/10/2003	6.278	8.473	20.538	26.284	189.800
01/11/2003	5.916	8.959	20.750	26.995	131.900
02/11/2003	0.000	10.491	20.923	28.846	152.800
03/11/2003	23.550	7.936	21.736	26.740	169.500
04/11/2003	0.233	10.746	19.755	28.312	102.400
05/11/2003	4.371	10.829	20.880	29.274	77.400
06/11/2003	10.853	11.066	20.885	29.587	135.800
07/11/2003	42.173	9.316	20.692	27.490	131.900
08/11/2003	0.602	8.739	21.409	27.423	126.300
09/11/2003	10.558	9.618	21.380	28.365	192.200
10/11/2003	12.632	8.261	22.082	27.476	120.900
11/11/2003	27.306	6.914	22.096	26.115	118.200
12/11/2003	0.000	7.990	21.322	26.591	110.000
13/11/2003	9.173	10.674	21.130	29.466	147.600
14/11/2003	3.089	9.055	21.452	27.918	105.900
15/11/2003	11.750	9.384	22.337	28.995	168.200
16/11/2003	1.933	8.581	22.678	28.404	124.300
17/11/2003	4.835	8.369	21.562	27.298	75.200
18/11/2003	18.465	8.839	21.986	28.168	77.900
19/11/2003	0.000	11.010	20.957	29.885	52.600
20/11/2003	11.564	8.429	21.870	27.649	50.300
21/11/2003	6.034	8.450	21.760	27.596	126.000
22/11/2003	11.658	6.452	21.361	25.212	170.100
23/11/2003	0.000	9.219	21.481	28.288	101.300
24/11/2003	14.539	8.941	21.332	27.861	86.600
25/11/2003	6.188	7.609	21.433	26.495	105.300
26/11/2003	0.290	10.242	20.702	28.947	76.800
27/11/2003	12.078	10.621	21.663	30.106	89.600
28/11/2003	1.059	9.819	21.659	29.197	70.100
30/11/2003	1.933	7.530	21.942	26.846	189.500
01/12/2003	5.275	10.122	20.495	28.688	140.900
02/12/2003	20.494	8.473	21.346	27.428	231.200
04/12/2003	0.000	10.331	20.885	29.298	227.500
05/12/2003	10.367	9.646	21.385	28.865	231.100
06/12/2003	30.244	7.216	21.159	25.952	252.000
07/12/2003	0.000	8.768	21.462	27.909	163.200
08/12/2003	0.100	9.346	21.668	28.736	112.100
09/12/2003	0.000	9.658	21.923	29.327	94.900
10/12/2003	0.000	9.913	21.990	29.683	70.900
11/12/2003	29.233	7.999	21.971	27.495	102.200
12/12/2003	0.853	8.709	21.120	27.649	82.800
13/12/2003	0.000	9.897	20.774	28.769	69.200
14/12/2003	4.361	9.085	20.380	27.519	143.200
15/12/2003	0.462	9.127	21.312	28.269	152.000
16/12/2003	0.000	10.639	20.308	29.380	88.800
17/12/2003	0.000	11.001	20.240	29.736	56.500
18/12/2003	12.839	8.897	22.192	28.707	45.200
19/12/2003	0.000	8.163	23.260	28.707	49.900
20/12/2003	36.932	8.733	22.062	28.418	53.700
21/12/2003	2.999	8.707	21.928	28.274	61.700
22/12/2003	12.236	9.103	21.731	28.577	55.400
23/12/2003	1.721	9.810	22.005	29.615	80.500
24/12/2003	11.472	9.972	21.394	29.317	56.700
25/12/2003	5.735	6.666	22.365	26.452	46.300
26/12/2003	20.558	8.294	22.010	27.856	40.900
27/12/2003	3.545	7.964	20.279	26.111	125.000
28/12/2003	0.000	6.888	20.779	25.312	105.500
29/12/2003	0.614	8.536	21.192	27.442	64.600
30/12/2003	0.000	9.365	19.519	27.178	59.000
31/12/2003	0.000	10.502	18.288	27.659	40.100
01/01/2004	0.000	10.568	19.692	28.755	28.130
02/01/2004	0.000	11.339	20.457	30.212	22.050
03/01/2004	0.000	10.812	20.428	29.543	19.430
04/01/2004	0.000	10.639	20.942	29.678	17.590
05/01/2004	13.302	8.644	21.303	27.620	35.740
06/01/2004	0.000	8.738	20.995	27.481	32.780
07/01/2004	0.000	8.182	21.582	27.264	25.700
08/01/2004	64.739	7.919	21.995	27.303	43.140
09/01/2004	0.000	8.328	20.947	26.933	69.970
10/01/2004	0.380	8.532	20.933	27.135	47.590
11/01/2004	0.121	8.653	21.812	27.928	79.900
12/01/2004	0.000	8.230	22.115	27.697	64.540
13/01/2004	0.000	9.319	21.986	28.779	36.480
14/01/2004	0.000	10.523	20.582	29.091	26.280
15/01/2004	0.000	9.994	20.029	28.062	29.700
16/01/2004	0.000	11.342	18.889	28.846	32.110
17/01/2004	0.000	10.749	19.519	28.548	22.480
18/01/2004	0.000	9.678	19.072	26.923	29.240
19/01/2004	0.000	11.109	19.197	28.707	17.650
20/01/2004	0.000	10.321	20.240	28.495	17.650
21/01/2004	0.000	5.959	21.341	24.591	16.960
22/01/2004	0.000	6.280	20.438	24.120	23.440
23/01/2004	0.000	7.748	20.087	25.341	37.950
24/01/2004	0.000	9.572	19.317	26.832	25.830
25/01/2004	0.000	10.066	19.284	27.365	19.420
26/01/2004	0.000	9.912	19.990	27.668	17.650
27/01/2004	0.000	9.095	21.361	27.760	14.800
28/01/2004	0.000	10.080	19.909	27.788	14.010
29/01/2004	0.000	10.972	19.986	28.841	13.660
30/01/2004	0.000	10.902	19.707	28.505	13.780
31/01/2004	0.000	10.995	19.962	28.774	10.850
01/02/2004	0.000	11.543	19.644	29.178	39.480
02/02/2004	0.000	11.972	19.865	29.784	39.690
03/02/2004	0.000	9.338	22.332	28.654	39.570
04/02/2004	0.590	10.425	22.029	29.567	32.310
05/02/2004	0.000	11.817	20.846	30.240	13.240
06/02/2004	0.000	13.662	18.904	31.005	11.070
07/02/2004	0.000	12.380	20.370	30.466	10.110
08/02/2004	0.244	11.453	20.120	29.212	9.565
09/02/2004	0.000	12.057	20.981	30.481	9.419
10/02/2004	0.000	13.068	20.745	31.438	9.666
11/02/2004	0.000	12.162	21.490	30.913	9.372
12/02/2004	1.888	12.041	21.500	30.774	9.372
13/02/2004	0.000	10.623	21.457	29.135	11.430
14/02/2004	1.132	12.069	21.245	30.562	17.870
15/02/2004	0.226	10.781	21.981	29.683	18.500
16/02/2004	0.500	11.342	22.452	30.591	12.260
17/02/2004	0.000	11.756	21.529	30.317	10.480
18/02/2004	0.000	12.420	22.236	31.529	9.666
19/02/2004	2.878	10.117	22.442	29.226	10.620
20/02/2004	25.843	9.392	21.731	27.904	45.980
21/02/2004	0.528	11.160	21.558	29.596	48.750
22/02/2004	1.851	10.013	21.837	28.567	28.130
23/02/2004	15.201	8.034	21.433	26.240	40.620
24/02/2004	15.104	11.290	20.841	29.154	36.170
25/02/2004	0.128	12.008	20.409	29.587	36.670
26/02/2004	0.000	12.817	20.933	30.832	17.470
27/02/2004	6.485	9.443	22.514	28.457	21.840
28/02/2004	2.862	9.445	22.423	28.370	25.420
29/02/2004	1.861	10.722	22.048	29.346	28.680
01/03/2004	4.406	10.326	22.957	29.649	41.310
02/03/2004	0.091	12.244	21.990	30.889	37.160
03/03/2004	15.623	12.810	22.091	31.524	51.350
04/03/2004	5.103	13.202	22.337	32.091	39.300
05/03/2004	11.915	12.245	23.024	31.558	26.770
06/03/2004	8.943	11.330	21.817	29.702	45.440
07/03/2004	0.000	8.786	23.024	28.091	47.220
08/03/2004	10.215	12.247	21.909	30.678	158.000
09/03/2004	0.000	12.340	21.774	30.697	72.220
10/03/2004	5.456	9.899	22.885	29.034	34.290
11/03/2004	2.630	11.867	22.740	30.870	25.950
12/03/2004	0.000	13.303	23.010	32.543	23.890
13/03/2004	0.000	12.973	23.312	32.399	20.150
14/03/2004	0.000	13.790	23.111	33.087	15.630
15/03/2004	0.262	11.762	24.399	31.962	13.770
16/03/2004	17.440	12.531	23.101	31.736	15.000
17/03/2004	0.220	10.811	22.861	29.803	16.600
18/03/2004	0.000	12.754	23.135	31.966	12.210
19/03/2004	0.320	10.832	24.822	31.341	11.210
20/03/2004	0.000	11.945	22.817	30.870	11.400
21/03/2004	4.535	10.771	23.947	30.587	10.470
22/03/2004	0.000	11.941	22.486	30.606	14.120
23/03/2004	0.000	11.931	23.207	31.135	11.720
24/03/2004	2.323	12.321	24.048	32.154	10.890
25/03/2004	28.127	10.787	23.346	30.106	12.730
26/03/2004	10.563	11.586	22.582	30.332	16.090
27/03/2004	27.314	11.147	21.808	29.269	80.550
28/03/2004	27.120	11.873	21.514	29.793	157.200
29/03/2004	0.661	11.326	21.947	29.553	81.800
30/03/2004	2.564	13.106	21.370	30.957	94.220
31/03/2004	0.000	14.223	20.885	31.803	61.570
01/04/2004	3.454	10.923	21.986	29.159	28.950
02/04/2004	8.571	7.472	22.495	26.332	36.850
03/04/2004	28.155	7.800	22.413	26.543	44.600
04/04/2004	0.000	10.226	21.856	28.389	30.150
05/04/2004	7.266	12.671	21.101	30.337	24.440
06/04/2004	9.657	11.783	23.284	31.019	24.280
07/04/2004	11.036	12.802	22.375	31.394	23.440
08/04/2004	26.030	11.485	23.308	30.755	25.790
09/04/2004	6.851	9.856	23.000	28.933	17.000
10/04/2004	8.801	9.543	23.024	28.659	23.900
11/04/2004	7.306	10.177	22.091	28.543	35.880
12/04/2004	2.190	11.566	22.240	30.019	28.550
13/04/2004	21.170	9.598	23.130	28.837	24.830
14/04/2004	23.570	7.666	22.572	26.606	79.710
17/04/2004	0.098	8.696	22.202	27.216	206.700
18/04/2004	7.719	9.263	21.293	27.053	135.600
19/04/2004	16.712	9.735	21.269	27.514	122.600
20/04/2004	25.475	9.507	21.726	27.654	95.480
21/04/2004	13.571	8.869	21.514	26.841	130.700
22/04/2004	8.285	7.414	22.062	25.966	111.800
23/04/2004	26.944	6.049	21.014	23.870	236.200
24/04/2004	5.504	10.731	20.106	27.663	174.100
25/04/2004	2.931	8.927	21.048	26.524	86.620
26/04/2004	0.000	11.464	19.197	27.788	104.100
27/04/2004	5.452	11.593	20.149	28.673	59.250
28/04/2004	22.388	9.981	21.188	27.755	174.100
29/04/2004	4.462	10.556	21.409	28.524	111.700
30/04/2004	17.136	10.031	22.125	28.562	72.190
01/05/2004	10.101	8.964	21.120	26.692	168.800
02/05/2004	0.214	11.067	21.389	29.043	90.960
03/05/2004	23.505	7.770	22.019	26.298	113.200
04/05/2004	7.256	9.379	20.817	26.904	137.800
05/05/2004	10.606	10.008	21.957	28.438	178.400
06/05/2004	13.023	10.014	22.245	28.688	174.100
07/05/2004	6.259	9.323	21.745	27.668	105.900
08/05/2004	13.242	10.120	22.365	28.913	174.400
09/05/2004	7.832	9.315	21.264	27.245	78.610
10/05/2004	0.151	10.102	22.024	28.644	51.710
11/05/2004	13.442	8.896	22.149	27.577	62.720
12/05/2004	10.322	8.677	22.394	27.543	74.480
13/05/2004	12.696	9.499	22.418	28.375	185.000
14/05/2004	0.166	9.285	22.870	28.548	100.900
15/05/2004	12.024	9.060	22.048	27.721	73.260
16/05/2004	0.336	9.651	20.712	27.240	63.260
17/05/2004	36.016	7.019	21.149	24.986	272.200
18/05/2004	7.533	9.401	21.178	27.380	184.300
21/05/2004	0.451	10.739	20.620	28.346	258.600
22/05/2004	19.303	7.683	20.938	25.452	283.000
23/05/2004	1.689	9.346	20.995	27.202	163.500
24/05/2004	13.740	8.098	21.029	25.962	199.100
25/05/2004	13.915	9.418	19.793	26.375	146.900
26/05/2004	14.751	8.648	20.894	26.423	81.110
27/05/2004	16.752	7.103	22.062	25.885	127.800
28/05/2004	2.610	8.574	20.231	25.875	111.400
29/05/2004	15.201	8.796	20.005	25.894	131.000
30/05/2004	14.773	9.538	20.837	27.317	136.300
31/05/2004	9.418	10.125	20.659	27.856	96.950
01/06/2004	18.066	9.026	20.966	26.942	76.500
02/06/2004	11.922	9.355	20.510	26.942	98.940
03/06/2004	0.821	10.670	20.495	28.356	66.440
04/06/2004	22.995	9.950	21.529	28.356	91.940
05/06/2004	19.655	9.060	21.091	27.106	183.200
06/06/2004	10.270	7.081	20.885	24.933	176.100
07/06/2004	0.285	11.304	19.865	28.620	127.500
08/06/2004	3.795	10.537	20.615	28.317	74.170
09/06/2004	11.168	8.201	21.938	26.928	115.200
10/06/2004	2.251	9.214	20.774	27.038	82.500
11/06/2004	0.000	8.845	21.534	27.250	56.350
12/06/2004	4.984	10.055	20.466	27.726	40.980
13/06/2004	0.843	9.548	21.043	27.591	41.800
14/06/2004	3.929	10.162	21.197	28.399	32.170
15/06/2004	12.632	9.072	21.663	27.606	43.850
16/06/2004	3.603	10.712	20.288	28.298	48.290
17/06/2004	7.224	9.968	20.683	27.788	58.140
18/06/2004	0.605	11.008	20.370	28.712	53.330
19/06/2004	4.078	10.794	19.990	28.173	52.210
20/06/2004	14.392	7.780	21.327	26.048	60.230
21/06/2004	10.351	9.406	22.101	28.288	56.580
22/06/2004	0.000	10.272	20.995	28.361	40.550
23/06/2004	1.042	10.481	20.846	28.466	28.780
24/06/2004	3.281	11.010	19.889	28.327	27.050
25/06/2004	0.000	9.017	21.899	27.755	27.060
26/06/2004	0.000	10.714	21.096	28.899	23.480
27/06/2004	5.727	9.698	21.947	28.452	28.130
28/06/2004	2.744	9.080	21.010	27.115	25.990
29/06/2004	10.910	8.782	20.688	26.534	19.380
30/06/2004	1.018	8.862	21.312	27.106	17.420
01/07/2004	4.254	6.851	22.332	26.000	20.490
02/07/2004	15.278	9.826	21.918	28.562	41.470
03/07/2004	8.700	10.266	21.793	28.928	46.460
04/07/2004	10.416	7.630	21.760	26.188	42.950
05/07/2004	2.176	7.621	21.548	26.034	54.720
06/07/2004	0.254	8.042	21.534	26.428	60.860
07/07/2004	19.725	8.291	21.803	26.885	61.390
08/07/2004	1.483	9.145	20.534	26.740	60.530
09/07/2004	9.952	9.297	22.120	28.163	51.770
10/07/2004	16.840	9.928	21.697	28.471	55.550
11/07/2004	15.915	8.560	21.808	27.163	59.630
12/07/2004	9.780	8.324	22.010	27.091	52.670
13/07/2004	16.560	6.518	22.365	25.673	60.990
14/07/2004	1.220	7.065	22.269	26.106	49.600
15/07/2004	5.299	9.788	20.587	27.428	56.030
16/07/2004	10.794	8.745	21.269	26.846	40.890
17/07/2004	3.772	9.295	20.909	27.144	32.200
18/07/2004	5.940	9.014	21.486	27.308	32.660
19/07/2004	13.146	9.257	20.990	27.154	93.880
20/07/2004	6.081	9.041	22.721	28.312	54.180
21/07/2004	15.420	9.989	22.500	29.072	43.930
22/07/2004	9.256	7.848	22.192	26.697	35.970
23/07/2004	1.078	8.624	21.428	26.817	34.810
24/07/2004	5.535	7.737	21.779	26.260	35.300
25/07/2004	6.699	8.308	20.779	25.957	61.550
26/07/2004	8.257	10.106	20.774	27.803	52.640
27/07/2004	12.335	10.544	21.404	28.750	85.900
28/07/2004	4.483	7.563	21.606	25.923	62.180
29/07/2004	0.154	10.856	20.115	28.096	41.850
30/07/2004	2.809	10.465	20.928	28.279	31.950
31/07/2004	0.640	11.835	20.471	29.413	30.610
01/08/2004	3.144	12.748	19.043	29.380	26.990
02/08/2004	3.443	11.814	19.337	28.534	26.010
03/08/2004	4.283	9.762	20.332	27.043	20.280
04/08/2004	6.524	9.652	21.817	28.058	22.090
05/08/2004	7.248	10.503	19.904	27.495	28.660
06/08/2004	14.379	8.056	21.457	26.192	37.280
07/08/2004	0.000	10.519	20.173	27.697	38.650
08/08/2004	0.675	11.373	20.014	28.481	22.280
09/08/2004	0.832	11.649	19.510	28.404	17.170
10/08/2004	4.969	11.135	18.904	27.409	15.770
11/08/2004	4.661	9.506	20.721	27.024	19.540
12/08/2004	0.000	10.393	19.721	27.173	18.030
13/08/2004	0.000	10.931	19.947	27.899	15.320
14/08/2004	1.943	11.516	19.433	28.163	13.710
15/08/2004	0.000	11.318	21.433	29.409	12.670
16/08/2004	11.376	10.195	22.082	28.740	12.060
17/08/2004	10.882	10.185	21.707	28.428	14.540
18/08/2004	21.503	10.072	22.024	28.543	21.800
19/08/2004	1.667	10.811	21.736	29.082	33.600
20/08/2004	12.100	8.999	21.851	27.361	52.180
21/08/2004	8.618	9.137	21.688	27.365	37.960
22/08/2004	0.000	10.952	20.606	28.351	57.780
23/08/2004	1.134	12.448	20.269	29.688	30.790
24/08/2004	18.919	9.514	21.106	27.216	41.140
25/08/2004	1.447	9.164	22.154	27.692	38.530
26/08/2004	1.261	7.944	22.014	26.457	37.780
27/08/2004	10.652	8.408	21.909	26.803	27.960
28/08/2004	4.333	9.992	21.832	28.245	26.480
29/08/2004	14.478	9.262	21.375	27.192	24.770
30/08/2004	4.944	9.809	21.678	27.966	21.850
31/08/2004	7.360	8.703	22.476	27.519	46.810
01/09/2004	7.439	10.243	21.231	28.024	37.920
02/09/2004	0.000	12.837	20.034	29.904	30.930
03/09/2004	9.944	11.191	20.192	28.240	19.550
04/09/2004	17.765	9.020	21.798	27.264	27.760
05/09/2004	20.775	8.612	21.663	26.788	75.180
06/09/2004	7.104	10.029	19.865	26.760	86.150
07/09/2004	5.407	8.120	21.067	25.808	33.380
08/09/2004	29.446	10.255	19.966	27.062	128.700
09/09/2004	24.293	8.025	20.428	25.178	258.700
10/09/2004	11.719	10.004	20.822	27.505	131.000
11/09/2004	12.171	8.322	21.827	26.596	240.200
12/09/2004	0.000	10.091	20.524	27.332	140.600
13/09/2004	0.131	11.113	20.928	28.726	65.670
14/09/2004	19.014	8.362	21.120	26.115	68.830
15/09/2004	9.351	8.867	21.221	26.663	63.940
16/09/2004	2.711	11.865	19.909	28.793	96.470
17/09/2004	19.909	9.799	20.255	26.875	65.040
18/09/2004	0.472	10.115	21.769	28.385	55.830
19/09/2004	14.325	9.973	20.404	27.159	47.400
20/09/2004	5.942	8.134	21.591	26.279	60.550
21/09/2004	7.497	10.932	19.582	27.582	48.500
22/09/2004	6.966	10.909	19.957	27.832	40.890
23/09/2004	3.395	10.556	20.933	28.221	35.830
24/09/2004	17.913	9.449	21.885	27.817	88.270
25/09/2004	5.904	8.380	21.668	26.625	48.200
26/09/2004	0.000	9.886	21.120	27.707	50.750
27/09/2004	22.695	7.544	21.197	25.471	110.100
28/09/2004	10.000	10.527	20.361	27.793	203.000
29/09/2004	27.158	8.643	21.188	26.529	168.600
30/09/2004	8.671	9.972	21.005	27.736	107.800
01/10/2004	22.277	8.317	20.654	25.764	194.400
02/10/2004	0.535	10.797	20.130	27.966	120.100
03/10/2004	4.450	9.760	22.062	28.375	65.180
04/10/2004	36.956	7.821	21.418	25.962	84.220
05/10/2004	4.855	9.176	20.495	26.591	78.610
06/10/2004	12.400	9.364	21.529	27.582	141.800
07/10/2004	9.352	8.434	21.587	26.707	107.500
08/10/2004	18.844	6.774	21.332	24.942	100.600
09/10/2004	3.396	10.035	20.764	27.760	75.790
10/10/2004	9.373	10.015	21.115	28.038	51.270
11/10/2004	9.149	9.743	19.837	26.793	56.690
12/10/2004	18.838	8.148	21.659	26.577	86.260
13/10/2004	0.000	9.466	20.462	26.990	58.090
14/10/2004	4.894	8.675	21.678	27.163	60.210
15/10/2004	6.417	9.870	21.697	28.385	44.450
16/10/2004	11.013	9.368	21.413	27.663	77.340
17/10/2004	32.773	9.061	20.990	27.067	112.500
18/10/2004	18.633	8.967	20.144	26.317	78.010
19/10/2004	19.813	9.352	20.154	26.740	129.900
20/10/2004	8.801	8.717	20.538	26.375	159.300
22/10/2004	1.116	9.430	20.543	27.149	202.900
23/10/2004	30.436	9.069	21.582	27.587	401.800
25/10/2004	2.076	10.196	20.072	27.712	358.800
26/10/2004	7.827	9.164	21.601	27.764	260.000
27/10/2004	24.708	8.084	21.000	26.178	323.000
28/10/2004	16.088	9.344	20.399	27.077	209.000
29/10/2004	26.046	9.026	20.827	27.077	336.100
30/10/2004	0.411	10.078	19.500	27.264	204.700
01/11/2004	11.557	10.250	21.913	29.312	214.300
02/11/2004	27.584	9.352	21.577	28.125	187.200
03/11/2004	45.610	9.449	21.284	27.986	246.400
04/11/2004	0.164	9.524	21.558	28.312	165.000
05/11/2004	0.000	9.348	21.957	28.462	112.700
06/11/2004	22.808	6.635	22.236	25.933	173.900
07/11/2004	0.267	8.355	21.913	27.404	198.600
08/11/2004	20.709	8.569	22.048	27.750	228.400
09/11/2004	12.688	6.368	22.135	25.639	336.100
10/11/2004	5.189	9.122	22.019	28.361	261.800
11/11/2004	33.286	8.038	20.788	26.274	394.700
12/11/2004	0.765	8.012	22.159	27.317	267.200
13/11/2004	0.000	8.566	21.149	27.111	225.300
14/11/2004	0.000	9.116	21.005	27.615	260.600
15/11/2004	0.000	10.684	19.913	28.654	203.600
16/11/2004	6.305	9.391	21.399	28.279	128.700
17/11/2004	11.468	9.247	21.144	27.966	96.320
18/11/2004	16.557	8.279	22.197	27.731	242.200
19/11/2004	9.857	8.212	22.159	27.663	125.900
20/11/2004	0.960	9.675	21.197	28.553	98.000
21/11/2004	4.730	8.627	22.062	28.072	78.510
22/11/2004	10.066	10.311	21.567	29.611	65.390
23/11/2004	0.000	10.548	21.524	29.851	58.830
24/11/2004	23.806	8.697	20.861	27.260	45.320
25/11/2004	8.217	8.518	22.322	28.197	46.480
26/11/2004	28.678	7.761	21.058	26.399	107.200
27/11/2004	0.000	8.720	21.870	28.072	55.610
28/11/2004	0.000	8.557	21.798	27.861	54.850
29/11/2004	8.423	9.428	21.909	28.942	124.400
30/11/2004	0.000	9.787	21.043	28.697	66.800
01/12/2004	12.341	8.423	22.260	28.115	87.760
02/12/2004	14.293	7.753	21.649	26.885	80.260
03/12/2004	13.125	8.548	20.337	26.755	64.100
04/12/2004	0.000	9.691	20.947	28.591	45.320
05/12/2004	5.700	9.330	21.438	28.538	36.800
06/12/2004	15.756	10.704	20.740	29.668	42.590
07/12/2004	4.998	9.028	21.683	28.409	42.100
08/12/2004	20.453	9.013	22.370	28.913	61.530
09/12/2004	4.154	9.102	21.236	28.168	74.820
10/12/2004	0.000	9.651	20.688	28.399	80.060
11/12/2004	0.000	8.220	22.125	27.846	57.420
12/12/2004	25.533	8.424	21.913	27.899	135.900
13/12/2004	0.000	8.147	22.062	27.716	60.760
14/12/2004	0.000	9.383	20.938	28.264	57.420
15/12/2004	18.906	8.300	21.034	27.082	78.600
16/12/2004	8.621	8.625	21.558	27.865	236.700
17/12/2004	0.322	6.750	21.510	25.774	142.400
18/12/2004	0.000	9.071	21.433	28.284	114.300
19/12/2004	0.000	9.754	20.495	28.418	59.990
20/12/2004	0.000	9.272	20.837	28.067	48.930
21/12/2004	2.007	9.101	20.755	27.846	51.560
22/12/2004	0.000	9.393	21.909	29.029	60.250
23/12/2004	0.000	9.518	20.880	28.409	38.870
24/12/2004	0.233	9.579	21.173	28.678	30.160
25/12/2004	18.119	9.026	21.481	28.269	72.860
26/12/2004	0.216	10.188	19.510	28.173	57.420
27/12/2004	0.000	10.458	18.654	27.909	59.990
28/12/2004	0.000	10.419	18.510	27.736	40.030
29/12/2004	0.000	10.556	19.428	28.538	29.360
30/12/2004	0.000	10.746	18.606	28.183	27.650
31/12/2004	0.000	10.560	19.832	28.803	19.690
01/01/2005	0.000	11.264	19.471	29.404	17.760
02/01/2005	0.247	10.794	19.731	29.019	16.280
03/01/2005	0.000	10.277	20.769	29.120	18.330
04/01/2005	0.000	10.327	19.827	28.466	16.960
05/01/2005	0.000	7.935	22.115	27.462	15.030
06/01/2005	0.293	8.794	21.245	27.740	27.890
07/01/2005	17.234	10.901	20.447	29.596	37.190
08/01/2005	3.094	10.063	21.428	29.303	59.990
09/01/2005	34.784	9.205	21.495	28.327	40.940
10/01/2005	13.889	10.480	19.832	28.582	178.300
11/01/2005	32.111	10.183	20.812	28.913	78.910
12/01/2005	0.000	10.201	21.764	29.630	64.230
13/01/2005	3.148	9.702	21.817	29.082	37.950
14/01/2005	13.935	9.425	21.817	28.755	32.900
15/01/2005	50.073	6.334	21.332	25.043	193.300
16/01/2005	0.000	8.552	21.452	27.433	275.200
18/01/2005	0.000	8.231	20.327	26.173	272.800
19/01/2005	0.000	10.307	18.721	27.370	181.600
20/01/2005	0.000	10.044	18.793	27.101	86.780
21/01/2005	0.000	9.403	20.312	27.452	59.990
22/01/2005	0.000	9.754	19.524	27.260	49.960
23/01/2005	0.000	10.606	21.144	29.413	42.100
24/01/2005	0.000	9.164	20.399	27.163	37.830
25/01/2005	0.141	9.353	20.673	27.562	44.410
26/01/2005	0.000	9.601	20.341	27.601	31.990
27/01/2005	0.000	9.689	21.966	28.904	25.030
28/01/2005	0.000	10.458	21.471	29.370	22.640
29/01/2005	2.990	9.729	22.250	29.115	21.850
30/01/2005	5.409	9.676	21.346	28.385	49.050
31/01/2005	0.000	10.478	20.966	28.942	45.430
01/02/2005	0.000	9.742	21.490	28.471	40.520
02/02/2005	0.000	9.165	22.832	28.885	16.960
03/02/2005	0.000	10.420	21.683	29.337	24.230
04/02/2005	0.000	9.405	21.587	28.115	25.150
05/02/2005	0.000	7.711	22.812	27.351	16.960
06/02/2005	0.000	10.067	22.928	29.822	16.280
07/02/2005	4.661	10.429	22.683	30.000	13.890
08/02/2005	49.857	9.298	22.087	28.303	97.180
10/02/2005	2.089	7.278	22.327	26.428	209.000
14/02/2005	0.000	8.971	22.644	28.303	266.100
15/02/2005	0.000	11.301	20.827	29.356	160.800
16/02/2005	0.000	11.062	20.957	29.159	151.700
17/02/2005	0.000	10.810	21.178	29.038	130.100
18/02/2005	0.000	10.808	21.024	28.885	71.310
19/02/2005	0.000	9.545	22.409	28.582	51.240
20/02/2005	0.592	10.503	22.370	29.534	89.410
21/02/2005	0.000	11.481	21.654	30.005	66.170
22/02/2005	0.000	11.838	22.096	30.692	46.020
23/02/2005	0.000	13.571	21.452	32.082	36.250
24/02/2005	0.000	11.824	22.202	30.702	31.990
25/02/2005	0.000	13.018	21.928	31.769	18.330
26/02/2005	0.000	11.630	23.332	31.288	12.750
27/02/2005	0.000	9.846	24.034	30.019	12.180
28/02/2005	0.572	10.603	23.038	29.990	13.320
01/03/2005	0.000	12.068	22.332	30.966	21.050
02/03/2005	0.000	9.999	22.904	29.245	68.420
04/03/2005	0.224	10.830	21.505	28.986	48.770
05/03/2005	6.848	9.827	21.856	28.207	63.210
06/03/2005	0.383	8.896	21.731	27.163	80.130
07/03/2005	0.000	8.166	22.077	26.774	55.260
08/03/2005	0.000	10.670	22.149	29.236	42.520
09/03/2005	0.000	10.160	21.365	28.101	32.410
10/03/2005	0.000	9.472	22.125	28.014	33.660
11/03/2005	2.353	10.110	21.279	27.981	25.270
12/03/2005	0.000	10.141	23.683	29.856	27.090
13/03/2005	0.000	11.680	22.322	30.351	21.480
14/03/2005	0.000	10.044	24.029	30.024	19.200
15/03/2005	0.000	10.655	23.019	29.803	17.840
16/03/2005	0.000	12.151	21.543	30.202	16.780
17/03/2005	0.000	11.292	23.413	30.740	16.090
18/03/2005	3.380	10.464	21.986	28.793	16.960
19/03/2005	0.975	12.340	20.683	29.760	17.500
20/03/2005	44.084	10.477	22.351	29.062	16.640
21/03/2005	17.183	11.542	20.649	28.875	17.250
22/03/2005	0.000	12.297	20.159	29.332	19.330
23/03/2005	0.000	12.854	20.678	30.269	16.160
24/03/2005	25.019	8.178	22.678	27.106	14.610
25/03/2005	0.681	12.473	22.755	31.365	14.550
26/03/2005	19.095	10.381	22.659	29.202	18.620
27/03/2005	0.748	10.313	21.654	28.322	18.640
28/03/2005	0.154	11.971	21.716	30.058	18.110
29/03/2005	17.686	12.420	21.279	30.202	18.540
30/03/2005	0.756	11.194	21.851	29.356	40.280
31/03/2005	0.000	11.932	21.663	29.995	43.180
01/04/2005	13.234	11.406	21.673	29.442	34.590
02/04/2005	1.678	10.838	22.010	29.120	29.030
03/04/2005	24.590	7.847	21.889	26.130	19.290
04/04/2005	0.000	12.028	20.976	29.562	40.250
05/04/2005	9.824	11.396	22.413	30.019	35.940
06/04/2005	6.922	9.097	21.861	27.298	45.910
07/04/2005	7.178	11.132	21.115	28.731	47.000
08/04/2005	15.336	11.513	21.255	29.231	78.880
09/04/2005	23.223	8.655	22.793	27.620	173.700
10/04/2005	18.093	9.769	22.014	28.058	161.500
11/04/2005	15.989	8.528	22.308	27.101	112.500
12/04/2005	11.398	8.132	21.341	25.966	219.000
13/04/2005	10.408	11.135	21.688	29.197	125.900
14/04/2005	7.861	10.950	21.894	29.188	67.240
15/04/2005	17.954	8.443	22.226	27.000	223.300
16/04/2005	1.261	11.297	20.947	28.827	95.740
17/04/2005	7.702	8.236	22.745	27.236	70.460
18/04/2005	2.525	10.791	21.538	28.731	57.230
19/04/2005	17.017	10.687	22.462	29.361	76.040
20/04/2005	29.872	7.992	22.514	26.817	72.610
21/04/2005	4.682	8.688	22.774	27.716	53.050
22/04/2005	17.731	8.093	22.135	26.620	68.620
23/04/2005	6.798	9.174	21.639	27.279	92.210
24/04/2005	9.558	8.108	20.865	25.625	97.440
25/04/2005	5.298	10.555	21.202	28.322	106.500
26/04/2005	7.914	9.431	21.899	27.740	55.830
27/04/2005	1.765	7.967	22.942	27.216	46.260
28/04/2005	1.190	10.992	21.659	29.120	49.760
29/04/2005	18.148	8.285	22.543	27.192	54.920
30/04/2005	12.837	11.784	20.519	29.149	80.760
01/05/2005	20.867	11.364	21.024	29.077	183.100
02/05/2005	12.738	9.132	21.745	27.375	86.180
03/05/2005	30.043	8.482	21.303	26.389	157.800
04/05/2005	2.059	10.383	20.322	27.553	119.500
05/05/2005	22.054	9.515	21.644	27.712	102.100
07/05/2005	3.519	11.225	21.163	29.091	203.500
08/05/2005	10.912	12.241	21.010	30.077	149.600
09/05/2005	15.525	10.007	21.817	28.385	93.420
10/05/2005	10.527	10.020	21.909	28.452	105.300
11/05/2005	0.000	10.726	21.692	29.048	81.330
12/05/2005	11.807	11.165	22.293	29.971	49.610
13/05/2005	8.358	10.704	21.990	29.288	41.710
14/05/2005	28.992	10.154	21.240	28.115	253.300
17/05/2005	25.114	6.442	21.683	24.923	286.900
18/05/2005	8.736	9.364	21.663	27.678	269.000
20/05/2005	12.103	10.271	21.712	28.683	254.700
21/05/2005	2.107	10.807	21.534	29.139	130.100
22/05/2005	7.947	10.805	20.577	28.428	166.700
23/05/2005	19.906	8.386	21.462	26.577	249.900
24/05/2005	0.493	9.160	20.957	26.971	193.300
25/05/2005	19.241	9.836	21.736	28.303	132.700
26/05/2005	8.356	8.265	22.279	27.178	90.340
27/05/2005	5.222	10.028	21.361	28.240	113.600
28/05/2005	2.810	10.443	21.462	28.779	100.300
29/05/2005	0.000	11.206	21.591	29.678	70.340
30/05/2005	3.664	10.186	21.510	28.538	49.240
31/05/2005	31.723	10.374	22.091	29.183	87.260
01/06/2005	24.006	9.303	21.745	27.841	115.400
02/06/2005	2.277	8.553	22.264	27.495	156.200
03/06/2005	16.597	9.629	22.269	28.572	161.100
04/06/2005	3.661	10.033	21.380	28.332	101.000
05/06/2005	28.682	9.778	21.841	28.438	253.000
08/06/2005	11.424	9.437	21.793	28.029	216.700
09/06/2005	6.222	8.867	21.601	27.322	165.500
10/06/2005	8.037	10.116	21.298	28.394	118.300
11/06/2005	13.186	8.268	21.361	26.505	111.800
12/06/2005	4.567	10.389	21.505	28.851	240.500
13/06/2005	0.215	10.930	20.909	28.990	95.390
14/06/2005	17.401	9.706	21.385	28.043	95.490
15/06/2005	3.975	7.937	22.087	26.837	81.560
16/06/2005	1.077	11.369	21.457	29.899	61.600
17/06/2005	7.263	9.861	22.625	29.188	73.350
18/06/2005	5.012	9.130	22.889	28.639	57.790
19/06/2005	8.424	9.112	22.269	28.144	42.330
20/06/2005	2.675	7.787	22.139	26.740	40.320
21/06/2005	1.346	10.923	20.351	28.601	41.630
22/06/2005	16.646	8.626	22.341	27.712	45.150
23/06/2005	16.885	9.763	20.428	27.380	58.410
24/06/2005	1.829	11.559	20.192	29.212	45.160
25/06/2005	16.177	10.662	20.923	28.736	38.450
26/06/2005	1.499	9.272	21.865	27.947	36.990
27/06/2005	2.321	9.331	22.303	28.356	40.380
28/06/2005	16.729	8.850	22.692	28.207	36.060
29/06/2005	4.258	7.352	21.909	26.077	31.570
30/06/2005	13.709	7.140	21.457	25.500	132.100
01/07/2005	0.000	10.433	20.957	28.481	72.410
02/07/2005	0.000	10.771	21.558	29.303	40.330
03/07/2005	11.327	10.532	22.615	29.837	76.060
04/07/2005	7.597	11.522	21.250	29.875	51.290
05/07/2005	22.267	10.947	21.798	29.659	58.760
06/07/2005	11.703	11.931	21.788	30.712	43.010
07/07/2005	1.757	11.156	21.356	29.567	64.490
08/07/2005	6.713	11.640	21.832	30.442	53.250
09/07/2005	3.439	10.679	22.346	29.764	33.960
10/07/2005	12.906	11.683	22.038	30.611	65.280
11/07/2005	18.188	11.597	20.861	29.668	41.120
12/07/2005	4.699	9.871	22.606	29.106	37.950
13/07/2005	15.866	8.032	23.255	27.817	49.780
14/07/2005	1.630	9.859	22.779	29.212	52.810
15/07/2005	4.513	9.479	21.740	28.000	40.790
16/07/2005	5.121	8.249	22.380	27.288	68.520
17/07/2005	2.543	10.177	21.966	28.885	57.980
18/07/2005	1.266	10.826	22.255	29.808	50.460
19/07/2005	15.473	8.713	22.688	27.952	53.190
20/07/2005	7.122	9.883	21.827	28.466	60.850
21/07/2005	4.981	9.507	21.476	27.788	39.210
22/07/2005	7.419	10.561	21.558	28.947	139.300
23/07/2005	1.601	11.141	20.788	29.005	68.450
24/07/2005	8.812	11.506	22.293	30.476	44.070
25/07/2005	18.506	10.861	22.697	30.111	41.900
26/07/2005	5.918	12.146	21.952	30.899	44.370
27/07/2005	5.126	11.997	22.221	30.928	31.500
28/07/2005	5.903	11.688	22.361	30.688	28.200
29/07/2005	4.950	11.789	21.841	30.389	36.000
30/07/2005	0.134	11.992	21.812	30.577	29.720
31/07/2005	12.998	10.941	22.183	29.726	28.490
01/08/2005	11.228	10.415	22.067	29.091	117.000
02/08/2005	13.902	11.437	20.808	29.221	107.800
03/08/2005	6.156	12.041	20.529	29.649	72.080
04/08/2005	5.829	11.503	21.476	29.731	66.190
05/08/2005	7.668	10.068	21.745	28.452	104.700
06/08/2005	8.755	11.349	21.462	29.577	87.070
07/08/2005	1.624	11.560	20.745	29.245	54.440
08/08/2005	4.250	12.127	21.567	30.418	54.800
09/08/2005	13.816	10.784	21.716	29.125	199.300
10/08/2005	4.154	10.819	21.139	28.716	64.000
11/08/2005	14.322	10.700	21.577	28.894	40.070
12/08/2005	3.310	12.520	20.312	29.928	57.660
13/08/2005	10.138	10.100	21.995	28.606	53.460
14/08/2005	16.192	7.410	21.596	25.639	41.760
15/08/2005	8.408	8.978	20.750	26.471	45.990
16/08/2005	15.196	10.176	21.322	28.144	50.010
17/08/2005	6.965	8.054	21.692	26.337	45.510
18/08/2005	0.172	10.403	19.841	27.226	35.750
19/08/2005	4.533	11.119	20.500	28.476	39.310
20/08/2005	0.000	10.464	22.192	29.096	39.610
21/08/2005	12.919	10.169	21.413	28.178	31.070
22/08/2005	14.275	7.597	22.168	26.288	33.580
23/08/2005	5.373	11.192	21.245	29.082	127.000
24/08/2005	10.204	7.958	21.880	26.332	89.430
25/08/2005	0.000	8.936	20.812	26.433	202.200
26/08/2005	1.551	10.275	20.418	27.466	67.470
27/08/2005	6.966	11.075	20.005	27.990	45.810
28/08/2005	4.024	8.731	20.673	26.077	51.660
29/08/2005	14.160	10.204	20.731	27.625	50.730
30/08/2005	8.902	10.215	22.077	28.663	44.040
31/08/2005	1.371	10.098	21.418	28.072	68.450
01/09/2005	4.171	9.855	22.082	28.317	40.800
02/09/2005	2.797	8.662	21.846	26.971	39.360
03/09/2005	12.012	10.471	20.221	27.519	55.050
04/09/2005	8.063	11.299	21.466	29.293	104.100
05/09/2005	2.172	9.860	22.841	28.918	52.810
06/09/2005	13.784	8.409	22.337	27.120	46.590
07/09/2005	5.550	9.412	22.212	27.981	64.830
08/09/2005	4.457	11.284	21.721	29.490	44.620
09/09/2005	3.390	10.145	22.106	28.615	34.210
10/09/2005	5.033	11.176	21.438	29.168	122.600
11/09/2005	6.549	10.215	21.913	28.553	295.600
12/09/2005	7.400	9.285	21.240	27.087	286.900
13/09/2005	4.935	9.052	21.139	26.793	286.200
14/09/2005	0.000	10.539	21.625	28.649	290.000
15/09/2005	22.047	9.409	22.062	27.870	300.800
16/09/2005	1.362	10.627	21.505	28.663	310.600
17/09/2005	1.745	11.296	20.755	28.832	317.800
18/09/2005	0.000	10.393	21.159	28.202	321.100
19/09/2005	2.227	10.167	21.952	28.601	327.900
20/09/2005	10.219	9.970	21.572	28.087	321.800
21/09/2005	11.807	7.944	21.639	26.159	313.200
22/09/2005	5.392	9.268	20.596	26.601	308.000
23/09/2005	6.238	9.152	20.962	26.774	300.200
24/09/2005	16.475	9.595	20.591	26.981	296.900
25/09/2005	11.861	11.309	20.962	29.043	293.100
26/09/2005	28.593	9.786	20.587	27.154	290.600
27/09/2005	10.671	9.753	21.106	27.538	292.500
28/09/2005	25.528	10.072	20.394	27.346	295.000
29/09/2005	5.616	9.304	20.178	26.389	297.500
30/09/2005	0.693	11.171	21.168	29.096	298.200
01/10/2005	34.908	9.509	21.216	27.409	297.500
02/10/2005	2.546	10.196	19.178	26.620	295.000
03/10/2005	9.855	10.319	20.192	27.514	291.200
04/10/2005	26.180	10.232	20.048	27.303	289.400
05/10/2005	0.000	11.257	19.596	28.120	291.200
06/10/2005	11.369	9.858	20.673	27.423	320.500
07/10/2005	26.377	9.224	20.495	26.644	331.300
08/10/2005	0.000	10.921	18.894	27.288	367.700
09/10/2005	25.592	7.451	20.111	24.543	389.700
10/10/2005	0.204	10.817	19.471	27.606	407.700
11/10/2005	19.788	10.612	19.933	27.740	421.600
12/10/2005	2.855	10.248	20.370	27.712	421.600
13/10/2005	5.713	9.987	20.591	27.606	416.200
14/10/2005	1.218	10.142	20.038	27.385	406.900
15/10/2005	4.643	7.933	19.750	24.832	399.400
16/10/2005	0.000	8.685	20.981	26.591	387.400
17/10/2005	1.594	10.329	21.091	28.428	380.700
18/10/2005	42.057	9.178	20.841	27.029	360.600
19/10/2005	6.078	9.032	21.582	27.466	97.960
20/10/2005	1.346	10.089	20.702	27.942	80.510
21/10/2005	0.649	10.036	21.111	28.226	99.780
22/10/2005	53.966	8.366	20.933	26.322	161.600
23/10/2005	13.347	8.459	21.481	26.880	177.200
25/10/2005	0.000	6.735	20.933	24.740	221.900
26/10/2005	24.621	9.753	19.341	26.678	154.800
27/10/2005	1.003	9.043	21.000	27.197	101.400
29/10/2005	8.405	8.254	20.798	26.226	319.500
01/11/2005	36.787	7.962	21.966	26.952	264.500
02/11/2005	43.150	9.373	21.279	27.885	292.600
03/11/2005	2.304	8.377	21.139	26.760	180.300
04/11/2005	27.164	8.901	21.490	27.553	152.900
05/11/2005	0.723	8.387	21.986	27.476	134.500
06/11/2005	4.686	8.982	21.933	28.038	113.800
07/11/2005	22.421	9.754	21.356	28.466	154.600
08/11/2005	1.741	9.255	20.692	27.433	88.630
09/11/2005	34.504	8.250	21.139	26.702	113.300
10/11/2005	14.332	7.724	22.163	26.971	99.040
11/11/2005	38.859	6.854	21.466	25.567	133.600
12/11/2005	15.892	9.321	20.707	27.582	186.700
14/11/2005	0.000	10.801	20.514	29.188	192.700
17/11/2005	0.000	9.880	20.486	28.159	222.700
18/11/2005	0.000	9.126	21.216	27.885	112.400
19/11/2005	0.696	7.439	21.163	26.019	150.000
20/11/2005	0.000	8.940	21.490	27.913	144.200
21/11/2005	7.827	7.294	21.346	26.024	153.300
22/11/2005	32.666	8.809	20.399	26.947	131.900
23/11/2005	0.000	9.116	20.216	27.183	189.100
25/11/2005	0.000	8.898	20.986	27.534	307.400
26/11/2005	0.000	8.678	21.846	27.971	165.400
27/11/2005	0.000	9.707	20.591	28.226	116.500
28/11/2005	0.000	11.103	19.038	28.808	82.120
29/11/2005	0.000	10.092	19.274	27.736	64.080
30/11/2005	0.000	10.305	19.639	28.279	51.980
01/12/2005	0.000	9.851	20.091	28.067	43.690
02/12/2005	0.000	8.858	20.731	27.385	39.680
03/12/2005	0.000	8.419	21.938	27.846	37.380
04/12/2005	11.862	8.131	22.606	28.087	34.510
05/12/2005	31.996	9.073	20.370	27.389	135.500
07/12/2005	0.000	8.639	20.529	27.058	188.900
08/12/2005	0.000	8.770	22.062	28.394	111.100
09/12/2005	0.000	10.104	20.389	28.702	83.770
10/12/2005	0.000	8.388	22.774	28.543	63.410
11/12/2005	1.261	8.761	21.678	28.130	44.380
12/12/2005	6.453	7.449	21.736	26.726	45.830
13/12/2005	31.872	9.135	20.688	27.808	107.600
14/12/2005	0.000	9.428	20.904	28.284	70.510
15/12/2005	12.321	9.514	19.986	27.736	114.000
16/12/2005	0.871	9.405	20.207	27.760	88.270
17/12/2005	0.000	9.376	20.236	27.760	49.940
18/12/2005	0.000	9.273	20.880	28.111	44.860
19/12/2005	0.000	9.985	18.861	27.476	43.060
20/12/2005	1.050	9.057	21.438	28.264	184.600
21/12/2005	0.000	9.099	20.760	27.798	107.500
23/12/2005	7.978	7.648	21.317	26.596	168.600
24/12/2005	5.946	7.807	21.774	27.135	121.600
25/12/2005	13.893	8.219	20.438	26.529	173.600
26/12/2005	2.916	8.409	20.654	26.938	223.600
27/12/2005	0.000	10.367	19.779	28.591	110.400
28/12/2005	0.000	10.597	19.654	28.769	68.940
29/12/2005	0.000	9.948	19.298	27.697	52.350
30/12/2005	0.000	8.971	19.904	26.962	42.260
31/12/2005	0.000	10.524	19.207	28.337	36.640
01/01/2006	0.000	9.644	18.942	27.043	32.850
02/01/2006	0.000	10.680	19.082	28.423	29.880
03/01/2006	0.000	9.658	19.644	27.567	27.610
04/01/2006	0.813	5.969	21.034	24.486	37.970
05/01/2006	0.000	5.651	20.500	23.702	56.620
06/01/2006	0.000	8.097	19.947	25.918	169.400
07/01/2006	0.000	6.907	20.010	24.601	216.000
08/01/2006	0.000	8.896	20.149	26.957	139.300
09/01/2006	0.000	9.436	20.029	27.495	89.380
10/01/2006	6.579	8.944	21.000	27.635	69.700
11/01/2006	0.418	9.017	20.803	27.553	60.280
12/01/2006	0.000	9.733	19.817	27.663	40.340
13/01/2006	0.000	10.265	20.149	28.495	34.310
14/01/2006	0.000	10.020	20.736	28.625	30.420
15/01/2006	20.652	8.026	21.048	26.615	63.450
16/01/2006	0.638	8.986	21.226	27.793	69.700
17/01/2006	0.000	9.073	21.072	27.731	36.080
18/01/2006	0.137	9.090	20.812	27.548	35.880
19/01/2006	0.000	10.030	19.188	27.399	37.150
20/01/2006	0.000	10.185	18.630	27.144	27.170
21/01/2006	0.000	10.934	18.567	27.976	22.930
22/01/2006	0.000	10.425	19.962	28.361	20.720
23/01/2006	0.000	7.622	22.250	26.990	19.270
24/01/2006	9.353	10.109	20.029	27.990	18.290
25/01/2006	2.570	10.310	20.606	28.644	21.000
26/01/2006	0.000	8.685	21.644	27.567	19.160
27/01/2006	51.353	6.798	22.188	26.096	17.750
28/01/2006	0.000	10.108	20.750	28.447	19.010
29/01/2006	41.338	9.132	20.534	27.139	34.620
30/01/2006	8.049	9.969	20.255	27.870	34.880
31/01/2006	0.000	9.359	20.899	27.659	23.280
01/02/2006	23.669	8.337	20.245	26.014	46.290
02/02/2006	3.146	9.033	20.236	26.721	45.490
03/02/2006	29.237	7.209	21.548	25.875	59.870
04/02/2006	21.200	6.438	21.034	24.635	128.100
05/02/2006	4.292	6.782	20.466	24.476	79.270
06/02/2006	0.142	9.070	19.707	26.264	72.150
07/02/2006	0.000	10.068	19.755	27.394	48.730
08/02/2006	0.000	10.168	19.875	27.577	39.250
09/02/2006	0.000	9.800	19.673	26.990	32.660
10/02/2006	0.000	8.231	21.740	26.909	24.730
11/02/2006	0.000	10.426	20.793	28.466	20.700
12/02/2006	0.000	9.517	21.303	27.856	18.840
13/02/2006	4.259	8.069	20.442	25.620	29.050
14/02/2006	0.000	8.035	20.236	25.428	44.220
15/02/2006	0.000	10.630	19.332	27.524	24.910
16/02/2006	0.000	9.680	20.101	26.995	19.260
17/02/2006	0.000	9.476	21.173	27.582	17.090
18/02/2006	0.000	10.061	21.418	28.394	17.490
19/02/2006	0.577	10.080	20.721	27.865	16.250
20/02/2006	0.000	10.199	19.822	27.284	17.100
21/02/2006	0.000	11.005	20.688	28.774	17.160
22/02/2006	0.000	11.545	19.293	28.365	15.070
23/02/2006	0.000	11.025	19.543	27.928	13.410
24/02/2006	0.000	10.678	20.755	28.409	12.860
25/02/2006	0.116	10.237	20.601	27.808	12.270
26/02/2006	0.000	8.822	22.837	28.096	12.010
27/02/2006	22.831	8.514	19.899	25.409	53.650
28/02/2006	2.267	9.946	20.192	27.139	57.300
01/03/2006	0.000	11.792	20.005	28.966	23.670
02/03/2006	2.026	11.004	21.240	29.005	17.090
03/03/2006	0.000	10.056	21.197	27.957	14.720
04/03/2006	0.650	9.817	20.659	27.298	13.970
05/03/2006	5.179	8.853	21.635	27.087	25.300
06/03/2006	20.486	8.642	21.312	26.587	39.340
07/03/2006	26.218	7.053	20.755	24.625	119.100
08/03/2006	5.057	8.808	20.130	25.803	105.900
09/03/2006	7.869	8.462	20.899	26.029	69.780
10/03/2006	7.718	10.306	20.538	27.611	146.600
11/03/2006	0.272	10.961	19.462	27.486	100.100
12/03/2006	15.114	12.095	19.207	28.524	78.500
13/03/2006	0.000	11.865	19.312	28.346	71.090
14/03/2006	0.000	11.392	20.163	28.423	50.770
15/03/2006	0.467	10.685	20.418	27.846	38.040
16/03/2006	0.984	8.439	22.255	27.048	33.190
17/03/2006	23.806	9.428	21.399	27.308	26.590
18/03/2006	0.953	9.174	20.462	26.322	28.540
19/03/2006	1.028	10.662	20.058	27.538	24.710
20/03/2006	14.605	9.278	21.058	26.875	36.810
21/03/2006	6.775	11.524	20.702	28.885	34.670
22/03/2006	24.479	10.296	20.284	27.312	100.900
23/03/2006	28.613	9.956	20.284	26.918	111.300
24/03/2006	14.601	9.395	21.404	27.221	96.450
25/03/2006	16.036	9.238	20.178	26.111	150.400
26/03/2006	18.782	8.766	20.654	26.010	255.800
27/03/2006	1.313	9.570	19.990	26.312	103.700
28/03/2006	4.366	10.025	20.288	26.986	65.590
29/03/2006	0.000	11.607	20.058	28.466	50.590
30/03/2006	15.124	10.540	21.736	28.611	69.960
31/03/2006	5.150	8.739	21.337	26.519	57.030
01/04/2006	6.786	10.034	21.505	27.923	51.210
02/04/2006	15.564	9.462	21.755	27.538	54.720
03/04/2006	0.390	10.024	20.250	26.952	61.300
04/04/2006	21.654	8.081	21.159	25.798	79.970
05/04/2006	20.622	6.679	21.317	24.615	160.000
06/04/2006	2.318	10.289	20.904	27.726	91.510
07/04/2006	4.792	8.432	21.538	26.399	68.600
08/04/2006	8.502	10.691	20.577	27.880	72.720
09/04/2006	12.832	11.274	20.245	28.274	67.530
10/04/2006	3.917	11.791	19.779	28.452	109.400
11/04/2006	8.927	10.450	20.678	27.697	74.700
12/04/2006	35.423	7.176	20.716	24.577	91.720
16/04/2006	0.000	10.024	21.447	27.885	186.700
17/04/2006	15.009	9.178	21.178	26.885	145.600
18/04/2006	9.897	10.112	20.668	27.418	111.600
19/04/2006	16.790	10.724	21.389	28.582	166.500
20/04/2006	0.000	10.878	20.606	28.163	102.900
21/04/2006	17.203	10.582	21.038	28.207	142.700
22/04/2006	0.000	10.671	21.072	28.317	75.550
23/04/2006	18.306	8.769	21.697	26.942	50.040
24/04/2006	3.231	9.479	21.755	27.639	91.090
25/04/2006	15.393	10.283	21.510	28.260	64.020
26/04/2006	15.566	7.630	21.120	25.404	114.700
27/04/2006	13.114	9.766	21.361	27.639	105.000
28/04/2006	14.452	7.948	21.062	25.644	215.100
29/04/2006	0.000	10.042	20.851	27.562	137.000
02/05/2006	17.399	8.199	21.264	26.082	159.100
03/05/2006	5.938	9.849	21.163	27.630	114.600
04/05/2006	13.512	10.987	21.500	29.058	108.200
05/05/2006	19.844	7.786	21.159	25.620	133.000
06/05/2006	17.777	9.779	20.538	27.101	156.500
07/05/2006	4.010	9.116	20.659	26.548	151.200
09/05/2006	17.959	8.656	21.389	26.678	371.100
10/05/2006	25.945	9.002	21.014	26.726	237.600
11/05/2006	6.238	9.831	20.721	27.361	144.900
12/05/2006	19.746	9.426	21.245	27.341	293.800
13/05/2006	1.421	10.115	20.726	27.683	190.700
14/05/2006	9.894	10.041	21.346	28.096	154.100
15/05/2006	4.961	10.505	21.312	28.567	91.100
16/05/2006	8.437	9.750	21.740	28.139	92.470
18/05/2006	15.820	9.082	21.106	26.938	129.500
20/05/2006	1.587	10.268	20.091	27.447	140.400
21/05/2006	0.805	9.446	21.894	27.981	122.500
22/05/2006	5.458	11.417	20.793	29.260	86.890
23/05/2006	3.367	10.147	20.803	27.894	70.310
24/05/2006	4.072	9.450	21.010	27.327	44.780
25/05/2006	6.251	9.917	21.841	28.452	52.790
26/05/2006	2.854	9.303	20.976	27.154	55.510
27/05/2006	20.549	9.495	20.163	26.760	48.360
28/05/2006	8.898	8.446	20.981	26.312	43.500
29/05/2006	21.106	8.045	19.798	24.976	69.840
30/05/2006	0.803	9.020	20.726	26.726	53.260
31/05/2006	13.360	10.036	20.995	27.986	80.250
01/06/2006	27.554	8.986	20.971	26.923	150.200
02/06/2006	21.874	8.526	20.918	26.356	259.800
03/06/2006	3.779	8.451	21.380	26.688	189.100
04/06/2006	6.185	9.025	21.846	27.654	194.000
05/06/2006	14.503	8.721	20.471	26.245	343.300
06/06/2006	2.659	6.834	21.279	25.053	165.900
07/06/2006	8.417	6.880	21.553	25.312	122.000
08/06/2006	4.819	6.456	20.966	24.404	272.800
09/06/2006	0.000	8.522	21.188	26.615	139.300
10/06/2006	46.862	6.924	21.221	25.062	256.500
11/06/2006	0.000	8.207	20.731	25.976	179.000
12/06/2006	4.622	10.529	19.909	27.817	246.300
13/06/2006	7.926	10.537	20.433	28.226	177.400
14/06/2006	22.178	7.667	21.202	25.817	157.800
15/06/2006	4.720	9.486	21.038	27.538	106.900
16/06/2006	12.681	8.844	21.365	27.120	153.900
17/06/2006	0.313	10.378	21.091	28.553	92.960
18/06/2006	11.608	9.669	20.740	27.510	89.870
19/06/2006	8.691	10.032	21.264	28.303	126.200
20/06/2006	7.145	9.032	22.692	28.399	120.900
21/06/2006	10.394	7.666	20.774	25.481	112.200
22/06/2006	1.831	9.643	20.404	27.255	100.200
23/06/2006	0.000	9.804	21.938	28.582	111.200
24/06/2006	28.284	8.175	21.389	26.486	70.830
25/06/2006	3.962	9.479	21.293	27.731	47.640
26/06/2006	7.803	9.390	21.769	28.029	48.800
27/06/2006	3.092	9.542	22.029	28.370	40.940
28/06/2006	10.114	10.223	20.885	28.236	62.550
29/06/2006	2.114	10.580	20.760	28.519	66.170
30/06/2006	0.000	11.677	21.476	30.264	41.180
01/07/2006	0.000	12.565	21.827	31.476	30.160
02/07/2006	0.000	11.739	21.909	30.611	26.620
03/07/2006	3.409	10.698	21.288	29.014	22.640
04/07/2006	6.120	10.048	22.495	29.240	26.530
05/07/2006	12.677	10.444	22.101	29.370	28.330
06/07/2006	5.941	10.823	21.947	29.635	64.620
07/07/2006	6.061	10.431	22.284	29.471	65.650
08/07/2006	11.934	10.116	22.817	29.558	84.750
09/07/2006	1.284	9.871	22.798	29.288	50.710
10/07/2006	8.549	9.975	22.721	29.312	32.900
11/07/2006	9.829	10.078	22.774	29.457	76.970
12/07/2006	0.000	10.582	21.587	29.062	43.500
13/07/2006	7.364	9.967	22.457	29.087	36.000
14/07/2006	10.027	8.753	22.721	28.082	31.070
15/07/2006	10.184	10.390	21.635	28.880	108.000
16/07/2006	13.439	10.616	21.337	28.894	110.600
17/07/2006	0.846	11.359	21.207	29.587	56.770
18/07/2006	21.839	9.936	22.202	28.812	40.940
19/07/2006	7.120	9.779	22.139	28.596	61.520
20/07/2006	0.000	10.384	21.034	28.365	113.500
21/07/2006	3.243	11.037	22.298	29.995	57.930
22/07/2006	8.457	9.325	22.221	28.173	60.760
23/07/2006	3.810	8.943	22.135	27.721	60.250
24/07/2006	0.000	8.298	23.115	27.899	43.250
25/07/2006	2.638	9.575	21.904	28.139	31.070
26/07/2006	0.000	9.734	21.707	28.159	22.640
27/07/2006	34.302	7.977	21.221	25.995	165.900
28/07/2006	14.501	6.569	21.264	24.707	198.600
29/07/2006	4.836	11.204	19.659	28.139	94.040
30/07/2006	0.208	10.802	22.024	29.490	55.100
31/07/2006	11.151	9.971	21.827	28.457	41.670
01/08/2006	0.166	10.944	21.394	29.125	35.210
02/08/2006	7.522	12.013	20.894	29.904	29.480
03/08/2006	1.439	10.599	20.389	28.010	47.820
04/08/2006	1.473	11.191	20.452	28.649	20.370
05/08/2006	9.585	10.972	21.764	29.385	16.960
06/08/2006	0.484	11.474	20.803	29.188	35.210
07/08/2006	17.017	7.523	23.308	27.240	22.640
08/08/2006	5.540	9.690	21.803	28.077	19.350
09/08/2006	12.661	9.837	20.731	27.375	29.240
10/08/2006	0.000	10.055	22.933	29.308	22.640
11/08/2006	23.396	10.012	21.596	28.226	31.990
12/08/2006	0.682	10.792	20.764	28.404	33.810
13/08/2006	0.000	12.087	20.995	29.918	27.650
14/08/2006	0.000	11.652	21.548	29.870	19.690
15/08/2006	8.842	9.241	22.505	28.125	19.690
16/08/2006	6.950	9.211	21.514	27.332	45.420
17/08/2006	9.265	9.278	21.173	27.106	74.400
18/08/2006	24.034	7.395	21.322	25.447	43.400
19/08/2006	4.637	9.811	20.418	27.053	113.300
20/08/2006	0.107	10.893	20.476	28.236	45.320
21/08/2006	19.157	9.269	21.332	27.192	40.940
22/08/2006	0.534	10.949	20.880	28.587	29.240
23/08/2006	6.668	11.579	21.312	29.519	25.030
24/08/2006	48.931	8.129	21.702	26.351	149.300
25/08/2006	0.000	8.486	21.163	26.264	107.400
26/08/2006	15.313	8.516	21.279	26.394	366.600
27/08/2006	1.152	9.279	20.505	26.543	241.300
28/08/2006	4.169	10.803	20.788	28.298	93.500
29/08/2006	5.431	11.757	20.837	29.341	65.390
30/08/2006	6.018	9.183	21.096	26.894	71.310
31/08/2006	0.000	10.918	21.053	28.615	45.570
01/09/2006	9.962	10.615	21.418	28.572	36.800
02/09/2006	0.163	9.950	21.909	28.279	39.360
03/09/2006	4.252	9.351	21.101	27.024	22.640
04/09/2006	13.850	8.576	21.644	26.712	60.250
05/09/2006	13.418	9.976	21.380	27.880	43.250
06/09/2006	10.891	10.290	21.014	27.928	208.900
07/09/2006	12.455	8.199	21.620	26.337	209.000
08/09/2006	11.451	9.981	21.139	27.716	147.100
09/09/2006	10.009	9.890	20.615	27.202	141.000
10/09/2006	0.679	10.535	21.538	28.587	122.000
11/09/2006	6.076	9.641	20.788	27.101	142.400
12/09/2006	8.839	9.702	22.322	28.380	151.000
13/09/2006	23.715	9.031	21.269	26.841	110.600
14/09/2006	0.834	10.736	20.764	28.202	99.950
15/09/2006	8.212	8.521	21.269	26.380	118.100
16/09/2006	5.463	8.322	21.192	26.159	95.980
17/09/2006	4.161	8.048	21.010	25.721	70.800
18/09/2006	8.752	8.971	20.529	26.269	76.450
19/09/2006	15.262	9.820	20.760	27.279	125.000
20/09/2006	1.884	10.473	21.683	28.673	77.120
21/09/2006	5.997	10.540	21.260	28.438	61.310
22/09/2006	8.734	10.065	21.683	28.284	58.620
23/09/2006	0.173	10.184	22.495	29.024	50.500
24/09/2006	27.820	10.400	22.327	29.139	60.440
25/09/2006	2.593	9.191	21.284	27.139	59.790
26/09/2006	9.114	11.453	20.192	28.668	65.910
27/09/2006	0.679	11.577	21.534	29.793	55.610
28/09/2006	3.166	11.327	21.216	29.274	34.970
29/09/2006	3.561	9.121	22.490	28.038	43.250
30/09/2006	14.581	9.530	22.466	28.404	78.600
01/10/2006	15.399	11.129	19.981	28.178	50.210
02/10/2006	10.841	9.677	21.341	27.678	52.530
03/10/2006	1.055	7.614	21.601	25.942	38.870
05/10/2006	0.000	10.233	21.149	28.163	103.300
06/10/2006	0.000	8.855	22.995	28.293	65.390
07/10/2006	9.943	8.271	22.409	27.264	49.960
08/10/2006	24.268	9.425	21.649	27.803	38.870
09/10/2006	5.218	8.904	20.505	26.327	35.210
10/10/2006	14.220	9.906	22.019	28.577	54.850
11/10/2006	15.265	7.463	21.284	25.572	133.100
12/10/2006	5.449	9.567	20.692	27.250	90.410
14/10/2006	11.412	9.164	20.413	26.630	256.500
15/10/2006	13.206	8.375	21.072	26.327	130.400
16/10/2006	8.098	8.558	20.822	26.351	169.500
18/10/2006	0.000	11.194	20.601	29.019	343.000
19/10/2006	18.176	9.256	20.745	27.062	209.300
20/10/2006	4.032	10.188	19.596	27.231	204.200
21/10/2006	6.387	11.637	19.197	28.587	125.900
22/10/2006	2.185	9.397	20.736	27.245	110.600
23/10/2006	16.153	6.856	21.788	25.567	158.900
24/10/2006	24.059	9.642	21.808	28.375	89.600
25/10/2006	2.675	9.996	21.245	28.356	78.660
26/10/2006	13.103	7.780	21.990	26.663	93.490
27/10/2006	6.346	9.292	21.812	28.087	84.770
28/10/2006	19.855	9.513	21.587	28.159	140.500
29/10/2006	14.107	9.147	21.010	27.361	142.000
30/10/2006	23.511	7.674	21.154	25.923	217.400
31/10/2006	27.899	8.597	20.856	26.688	265.200
01/11/2006	2.067	8.410	22.144	27.529	188.400
02/11/2006	2.692	10.403	21.005	28.808	196.700
03/11/2006	0.000	10.079	21.697	29.014	121.700
04/11/2006	2.615	9.645	22.312	29.024	88.290
05/11/2006	18.235	8.820	22.548	28.351	71.140
06/11/2006	19.054	8.053	22.034	27.168	84.120
07/11/2006	11.004	8.612	21.154	27.053	100.800
08/11/2006	1.827	7.366	21.572	26.091	92.440
09/11/2006	12.271	7.134	21.495	25.832	141.200
10/11/2006	8.205	8.332	21.601	27.168	99.410
11/11/2006	7.662	9.703	21.168	28.370	148.100
12/11/2006	25.111	8.115	21.048	26.529	135.500
13/11/2006	15.482	7.111	21.226	25.663	148.600
17/11/2006	9.098	8.538	21.750	27.606	244.100
18/11/2006	36.430	9.401	20.663	27.764	267.000
19/11/2006	16.303	8.141	20.510	26.231	274.900
20/11/2006	7.813	9.003	21.630	28.111	246.000
21/11/2006	31.726	7.515	21.654	26.500	198.300
22/11/2006	0.000	8.314	21.942	27.601	121.300
23/11/2006	1.650	8.656	21.707	27.803	125.100
24/11/2006	1.221	6.551	21.894	25.788	115.700
25/11/2006	22.166	7.670	21.447	26.548	170.900
26/11/2006	20.575	7.924	21.462	26.851	181.700
27/11/2006	4.796	8.042	21.649	27.173	110.200
28/11/2006	15.072	9.422	20.269	27.663	92.750
29/11/2006	5.529	7.228	21.841	26.486	92.140
30/11/2006	2.215	9.036	21.481	28.197	79.970
01/12/2006	0.000	10.454	20.476	29.096	56.280
02/12/2006	10.367	9.010	21.216	27.976	67.530
03/12/2006	2.632	9.663	20.692	28.356	73.630
04/12/2006	0.000	8.849	21.399	27.942	56.620
05/12/2006	6.099	8.137	22.034	27.630	54.140
06/12/2006	3.775	8.967	21.495	28.163	205.100
07/12/2006	0.224	7.994	21.591	27.139	128.600
08/12/2006	1.887	8.002	21.591	27.178	76.370
09/12/2006	32.841	6.527	22.447	26.308	118.800
10/12/2006	0.000	9.281	21.413	28.490	92.620
11/12/2006	13.631	7.792	22.024	27.317	82.480
12/12/2006	55.069	8.401	20.913	27.087	257.300
13/12/2006	7.699	7.329	21.173	26.130	174.400
14/12/2006	0.000	7.799	20.918	26.423	179.500
15/12/2006	0.241	9.039	20.264	27.346	113.400
16/12/2006	0.000	6.162	22.880	26.351	72.010
17/12/2006	0.000	9.021	20.817	27.769	53.790
18/12/2006	0.000	7.203	22.635	27.168	43.000
19/12/2006	0.000	7.639	22.841	27.798	38.800
20/12/2006	19.363	6.538	22.740	26.620	36.900
21/12/2006	3.042	7.691	21.534	26.832	45.450
22/12/2006	3.531	8.197	20.846	26.846	76.420
23/12/2006	22.899	7.533	21.591	26.707	48.560
24/12/2006	4.938	9.502	20.106	27.812	40.740
25/12/2006	3.553	7.989	21.346	26.981	33.670
26/12/2006	12.671	8.882	20.630	27.438	32.590
27/12/2006	10.648	7.349	21.370	26.293	77.770
28/12/2006	0.000	8.903	20.418	27.312	63.130
29/12/2006	0.000	9.798	20.707	28.582	37.890
30/12/2006	0.000	10.595	20.471	29.346	30.510
31/12/2006	0.000	9.555	21.788	29.077	39.730
01/01/2007	0.113	10.049	20.312	28.548	31.990
02/01/2007	12.896	9.849	20.567	28.519	22.640
03/01/2007	0.000	9.877	20.332	28.365	20.480
04/01/2007	5.789	9.438	20.769	28.168	39.360
05/01/2007	0.000	10.245	20.019	28.510	47.640
06/01/2007	0.000	9.391	21.048	28.245	31.070
07/01/2007	0.143	8.521	21.317	27.433	16.960
08/01/2007	0.000	9.537	21.577	28.788	29.240
09/01/2007	8.390	7.154	22.481	26.894	22.640
10/01/2007	2.606	7.731	21.986	27.062	24.230
11/01/2007	0.000	9.470	20.558	27.889	29.480
12/01/2007	0.138	10.120	20.274	28.418	21.280
13/01/2007	0.000	8.188	22.226	27.745	18.330
14/01/2007	0.000	8.672	22.308	28.298	18.780
15/01/2007	0.143	11.122	20.736	29.904	27.230
16/01/2007	0.149	10.538	21.284	29.606	25.830
17/01/2007	11.710	9.484	20.817	28.043	34.970
18/01/2007	0.166	9.295	21.139	28.038	41.180
19/01/2007	0.000	8.457	21.779	27.558	44.990
20/01/2007	0.000	10.131	20.216	28.250	50.210
21/01/2007	0.000	10.546	21.101	29.346	33.140
22/01/2007	0.000	10.467	21.226	29.346	19.690
23/01/2007	6.350	10.599	21.337	29.543	22.640
24/01/2007	0.000	10.172	22.841	30.178	27.650
25/01/2007	0.142	10.458	21.553	29.495	26.620
26/01/2007	31.830	6.803	22.433	26.279	79.120
27/01/2007	0.219	10.041	21.327	28.788	57.930
28/01/2007	0.000	11.028	21.409	29.957	25.830
29/01/2007	0.000	10.577	22.062	29.904	25.030
30/01/2007	0.132	9.258	22.803	29.029	24.230
31/01/2007	8.861	11.060	22.327	30.582	31.550
01/02/2007	3.935	11.179	22.077	30.514	21.280
02/02/2007	0.000	12.527	21.644	31.692	13.890
03/02/2007	0.000	11.089	23.159	31.168	14.460
04/02/2007	0.000	13.200	20.212	31.389	12.180
05/02/2007	0.000	11.517	21.279	30.178	10.580
06/02/2007	0.000	11.845	20.183	29.760	8.260
07/02/2007	0.000	11.941	19.865	29.615	9.187
08/02/2007	0.000	12.109	20.793	30.423	6.612
09/02/2007	3.155	12.417	20.409	30.466	12.410
10/02/2007	3.683	11.844	21.058	30.284	12.290
11/02/2007	2.282	11.096	21.933	30.067	21.960
12/02/2007	0.000	11.905	21.038	30.250	15.550
13/02/2007	0.000	12.424	21.346	31.019	15.030
14/02/2007	0.000	12.025	20.659	30.072	12.750
15/02/2007	22.678	9.094	21.375	27.375	59.900
16/02/2007	3.103	10.086	20.654	27.856	41.180
17/02/2007	4.043	9.959	20.380	27.486	29.240
18/02/2007	0.000	10.728	19.428	27.615	35.760
19/02/2007	3.075	7.989	20.010	25.072	25.830
20/02/2007	0.000	11.826	19.615	28.942	22.080
21/02/2007	6.051	11.802	19.808	29.034	16.690
22/02/2007	0.000	12.218	20.380	29.856	15.030
23/02/2007	0.000	12.927	21.587	31.457	13.660
24/02/2007	0.000	12.691	20.274	30.279	12.640
25/02/2007	4.631	11.441	21.904	30.058	13.090
26/02/2007	0.142	13.152	21.236	31.389	11.040
27/02/2007	0.000	14.038	20.731	32.000	13.210
28/02/2007	0.000	15.388	20.486	33.303	10.950
01/03/2007	0.000	13.434	22.356	32.418	10.850
02/03/2007	0.000	13.010	21.611	31.409	18.770
03/03/2007	0.000	13.347	22.120	32.130	10.210
04/03/2007	6.197	10.386	23.606	30.130	14.460
05/03/2007	22.732	9.526	21.591	27.683	25.830
06/03/2007	0.228	9.515	21.014	27.236	27.650
07/03/2007	17.952	9.496	21.913	27.904	30.160
08/03/2007	8.015	9.048	22.144	27.625	30.280
09/03/2007	27.777	8.551	22.236	27.231	25.830
10/03/2007	0.114	9.591	21.865	27.904	22.640
11/03/2007	28.297	9.440	21.990	27.856	36.800
12/03/2007	2.878	9.014	22.712	28.000	20.130
13/03/2007	15.638	8.879	21.870	27.188	27.420
14/03/2007	3.414	10.153	21.630	28.260	32.900
15/03/2007	0.849	9.114	21.173	26.837	21.850
16/03/2007	13.450	9.724	21.202	27.452	18.100
17/03/2007	18.631	8.253	20.327	25.308	18.330
18/03/2007	1.702	9.722	20.832	27.154	49.010
19/03/2007	3.672	9.347	21.591	27.361	29.480
20/03/2007	6.355	11.634	21.630	29.707	22.640
21/03/2007	17.289	9.448	21.702	27.543	29.240
22/03/2007	16.351	7.701	21.447	25.673	32.900
23/03/2007	0.000	8.943	20.635	26.183	100.400
24/03/2007	7.311	9.577	21.207	27.245	45.320
25/03/2007	14.192	6.504	21.558	24.678	89.570
26/03/2007	0.000	9.700	19.764	26.250	75.190
27/03/2007	11.653	6.674	21.567	24.841	47.640
28/03/2007	4.743	10.217	21.034	27.736	64.620
29/03/2007	12.012	7.445	21.144	25.149	175.700
30/03/2007	0.000	9.809	21.654	27.817	96.590
31/03/2007	49.972	8.691	21.726	26.817	76.970
01/04/2007	4.925	11.668	21.543	29.611	103.300
02/04/2007	16.711	9.914	22.303	28.447	102.200
03/04/2007	14.769	9.303	22.014	27.611	76.970
04/04/2007	22.118	9.703	21.889	27.894	169.200
05/04/2007	9.924	8.542	21.947	26.822	118.900
06/04/2007	9.083	11.122	21.168	28.764	83.150
07/04/2007	3.846	10.074	22.029	28.370	110.600
08/04/2007	18.489	7.828	21.808	26.120	111.400
09/04/2007	10.293	9.893	20.505	27.019	93.500
10/04/2007	3.697	10.368	22.034	28.688	106.900
11/04/2007	1.330	9.868	22.048	28.197	60.250
12/04/2007	0.000	8.856	22.995	27.990	99.250
13/04/2007	7.194	9.981	22.745	28.875	61.270
14/04/2007	5.666	8.900	22.293	27.486	38.870
15/04/2007	0.000	10.534	21.514	28.457	40.940
16/04/2007	5.804	7.453	22.072	25.986	67.980
17/04/2007	0.776	9.387	22.462	28.091	99.950
18/04/2007	15.331	7.818	22.389	26.572	96.190
19/04/2007	9.170	8.585	21.755	26.774	87.580
20/04/2007	37.602	5.916	21.207	23.933	161.700
21/04/2007	0.000	9.864	20.942	27.351	130.100
22/04/2007	20.588	9.228	20.596	26.466	192.900
23/04/2007	12.746	10.943	20.418	28.115	110.600
24/04/2007	9.172	9.304	21.745	27.466	143.300
25/04/2007	30.212	8.202	22.034	26.697	136.800
26/04/2007	19.320	8.255	21.812	26.567	394.700
27/04/2007	7.764	9.818	21.125	27.524	309.300
28/04/2007	0.819	9.172	21.620	27.274	134.900
29/04/2007	38.478	8.130	21.562	26.255	156.100
30/04/2007	6.322	9.383	22.000	27.817	125.900
01/05/2007	24.624	8.798	21.298	26.702	132.100
02/05/2007	4.152	10.077	20.221	27.159	166.700
03/05/2007	12.869	8.237	21.365	26.183	164.700
04/05/2007	8.054	8.529	21.558	26.649	122.000
05/05/2007	4.569	11.411	20.538	28.817	126.200
06/05/2007	21.356	9.860	21.082	27.625	173.900
07/05/2007	16.108	8.253	22.380	27.125	372.200
08/05/2007	13.209	6.892	21.462	25.125	294.600
09/05/2007	11.706	10.577	21.178	28.481	118.400
10/05/2007	24.581	9.138	21.413	27.163	194.700
11/05/2007	6.262	11.892	20.942	29.702	190.700
12/05/2007	7.194	10.109	21.216	28.048	106.900
13/05/2007	29.668	9.819	20.413	27.183	174.500
14/05/2007	3.781	9.892	20.341	27.202	110.600
15/05/2007	2.675	10.818	21.688	29.178	192.900
16/05/2007	22.061	9.626	21.692	27.952	134.000
17/05/2007	13.827	8.028	22.317	26.909	150.200
18/05/2007	8.377	7.890	21.543	26.163	130.100
20/05/2007	14.324	8.496	21.457	26.673	259.800
23/05/2007	0.000	8.539	20.240	25.774	184.900
24/05/2007	14.134	7.562	20.986	25.438	125.900
25/05/2007	4.572	8.505	19.745	25.399	92.920
26/05/2007	16.761	9.029	19.635	25.827	250.300
27/05/2007	10.687	10.164	19.966	27.322	190.200
28/05/2007	13.972	8.700	21.606	27.077	183.000
30/05/2007	7.293	9.015	20.524	26.553	236.900
31/05/2007	11.138	8.582	20.260	25.904	225.900
01/06/2007	7.537	7.548	20.918	25.466	174.500
02/06/2007	0.158	7.577	21.221	25.688	193.600
03/06/2007	6.866	6.141	20.812	24.029	169.500
04/06/2007	0.000	10.073	20.351	27.572	190.200
05/06/2007	31.354	8.825	21.111	26.856	190.200
06/06/2007	1.698	10.009	19.904	27.183	213.400
07/06/2007	5.930	8.463	22.005	27.240	122.000
08/06/2007	1.201	9.446	20.913	27.389	78.510
09/06/2007	24.586	7.866	21.317	26.072	213.400
10/06/2007	2.376	9.335	20.899	27.274	151.300
11/06/2007	5.088	8.912	21.120	27.000	273.700
12/06/2007	3.998	10.071	22.067	28.962	80.060
13/06/2007	0.000	10.701	21.303	29.062	57.420
14/06/2007	3.785	8.497	21.822	27.154	54.850
15/06/2007	7.743	8.896	20.659	26.644	59.990
16/06/2007	7.680	9.253	21.005	27.269	71.830
17/06/2007	3.719	10.941	20.673	28.861	43.250
18/06/2007	8.654	9.322	21.750	27.938	55.100
19/06/2007	19.057	11.040	21.101	29.288	103.900
20/06/2007	0.834	8.649	21.774	27.288	76.970
21/06/2007	7.915	10.905	19.202	27.740	62.820
22/06/2007	0.447	7.868	22.178	26.822	40.940
23/06/2007	0.411	8.433	21.538	26.832	44.290
24/06/2007	7.229	8.273	21.663	26.788	66.940
25/06/2007	17.151	10.060	21.341	28.409	57.930
26/06/2007	7.367	8.578	20.904	26.486	57.420
27/06/2007	1.032	9.195	21.308	27.457	65.390
28/06/2007	11.614	9.758	21.966	28.577	75.190
29/06/2007	12.906	9.661	20.380	27.236	92.960
30/06/2007	0.228	8.468	21.168	26.601	110.600
01/07/2007	8.045	11.505	21.418	30.014	63.070
02/07/2007	8.283	10.266	21.567	28.769	73.570
03/07/2007	7.721	10.592	21.005	28.702	60.070
04/07/2007	0.000	12.054	20.611	30.005	46.570
05/07/2007	8.028	11.329	22.048	30.255	40.200
06/07/2007	7.404	10.922	21.481	29.399	41.420
07/07/2007	4.116	9.816	22.447	28.976	49.910
08/07/2007	5.951	8.442	22.736	27.812	51.200
09/07/2007	14.643	9.329	21.438	27.639	87.190
10/07/2007	12.208	9.751	21.899	28.476	101.500
11/07/2007	13.101	10.731	21.250	28.990	103.400
12/07/2007	4.117	9.542	22.240	28.481	65.210
13/07/2007	0.565	10.204	21.659	28.726	58.940
14/07/2007	14.547	9.978	21.779	28.567	122.800
15/07/2007	18.725	7.281	22.361	26.365	57.580
16/07/2007	18.835	8.516	22.620	27.740	66.210
17/07/2007	15.527	7.802	22.428	26.885	93.390
18/07/2007	3.162	9.396	21.745	27.913	73.250
19/07/2007	4.070	9.127	22.519	28.250	52.590
20/07/2007	19.561	9.231	21.197	27.293	71.170
21/07/2007	24.576	7.842	21.341	26.019	91.730
22/07/2007	13.049	7.492	21.534	25.832	100.800
23/07/2007	10.065	7.420	21.659	25.846	119.200
24/07/2007	17.093	9.232	21.596	27.582	163.400
25/07/2007	2.619	10.456	20.587	28.082	108.500
26/07/2007	4.411	10.330	21.639	28.750	63.600
27/07/2007	14.387	10.619	21.183	28.678	90.320
28/07/2007	2.681	8.737	21.553	27.034	67.600
29/07/2007	2.078	11.206	20.615	28.885	57.040
30/07/2007	1.662	10.946	20.971	28.827	42.770
31/07/2007	9.789	10.489	21.462	28.721	51.720
01/08/2007	0.698	10.719	20.519	28.231	48.010
02/08/2007	1.209	9.598	21.476	27.793	43.730
03/08/2007	8.650	10.784	20.668	28.399	62.960
04/08/2007	0.533	9.497	20.625	27.034	53.690
05/08/2007	19.111	8.653	21.082	26.505	67.050
06/08/2007	2.525	9.532	20.683	27.082	62.960
07/08/2007	19.496	8.716	21.159	26.601	52.980
08/08/2007	31.068	7.965	21.524	26.159	121.700
09/08/2007	0.000	7.827	21.149	25.692	125.100
10/08/2007	0.000	9.581	20.875	27.264	68.100
11/08/2007	6.014	9.798	20.365	27.072	156.100
12/08/2007	1.683	9.761	20.298	26.933	100.700
13/08/2007	8.747	10.711	21.226	28.649	74.140
14/08/2007	25.309	7.651	21.279	25.591	134.800
15/08/2007	3.164	6.954	21.918	25.553	99.790
16/08/2007	20.625	9.672	21.264	27.591	205.900
17/08/2007	0.000	9.249	21.909	27.644	122.400
18/08/2007	5.645	9.506	20.457	26.784	198.500
20/08/2007	31.068	7.546	20.755	25.077	320.800
21/08/2007	6.364	10.040	19.639	26.697	164.700
22/08/2007	7.712	10.144	19.481	26.668	166.600
23/08/2007	1.537	9.593	20.966	27.207	95.110
24/08/2007	0.203	8.246	21.952	26.668	75.140
25/08/2007	31.039	7.462	20.976	25.130	183.900
26/08/2007	5.129	7.932	20.774	25.399	164.800
27/08/2007	8.739	9.280	20.822	26.769	187.900
28/08/2007	0.983	10.749	21.053	28.466	116.100
29/08/2007	2.090	8.196	21.596	26.332	78.390
30/08/2007	32.857	8.531	20.976	26.149	92.000
31/08/2007	4.389	11.695	19.466	28.255	102.900
01/09/2007	7.110	8.961	20.125	25.875	199.900
02/09/2007	0.326	9.967	21.303	27.803	115.100
03/09/2007	4.529	9.590	20.620	26.952	82.950
04/09/2007	1.736	8.528	20.514	25.745	73.660
05/09/2007	15.874	9.546	20.524	26.779	82.920
06/09/2007	4.528	9.760	21.346	27.659	57.880
07/09/2007	16.734	11.242	20.269	28.351	63.080
08/09/2007	6.183	11.246	21.183	29.024	74.080
09/09/2007	5.259	7.841	21.428	25.837	55.200
10/09/2007	0.731	10.411	21.010	28.062	48.780
11/09/2007	5.753	9.267	21.635	27.399	72.970
12/09/2007	23.358	9.449	21.788	27.721	85.070
13/09/2007	3.281	8.323	21.615	26.486	61.050
15/09/2007	22.035	9.414	21.207	27.212	231.800
16/09/2007	9.303	7.796	21.385	25.846	143.800
17/09/2007	0.000	10.289	20.534	27.577	150.100
18/09/2007	10.688	11.018	21.663	29.202	150.200
19/09/2007	19.350	7.578	22.803	26.817	118.900
20/09/2007	17.076	10.063	21.091	27.803	265.500
21/09/2007	8.727	10.349	21.606	28.471	114.800
22/09/2007	2.910	10.060	21.077	27.808	89.180
23/09/2007	25.307	9.150	21.635	27.303	128.400
24/09/2007	9.296	8.152	21.505	26.303	144.400
25/09/2007	16.464	7.899	20.952	25.591	165.600
26/09/2007	22.283	9.344	20.620	26.745	234.600
27/09/2007	1.923	10.767	20.740	28.327	137.100
28/09/2007	6.895	10.139	21.572	28.308	146.700
29/09/2007	0.292	9.730	21.659	27.995	89.010
30/09/2007	14.974	9.898	21.596	28.115	77.970
01/10/2007	26.407	8.350	20.688	25.841	221.700
02/10/2007	0.000	11.337	19.832	28.346	137.200
03/10/2007	6.614	9.508	21.144	27.375	91.150
04/10/2007	4.995	10.672	19.803	27.601	107.700
05/10/2007	15.966	9.926	18.827	26.091	152.400
06/10/2007	2.819	9.088	20.341	26.365	116.900
07/10/2007	19.797	8.604	20.462	25.971	190.800
08/10/2007	13.644	9.235	20.125	26.370	112.200
09/10/2007	29.450	7.126	20.986	24.962	187.400
10/10/2007	11.182	10.487	19.279	27.120	250.200
11/10/2007	1.395	9.675	19.471	26.389	140.800
13/10/2007	0.237	9.682	19.875	26.731	306.100
14/10/2007	0.237	8.359	21.144	26.361	210.200
15/10/2007	60.650	7.869	20.639	25.490	245.900
16/10/2007	0.000	8.951	20.221	26.269	121.600
17/10/2007	2.482	9.579	20.981	27.562	81.930
18/10/2007	56.044	7.032	21.178	25.144	230.200
19/10/2007	3.040	8.670	19.923	25.846	226.700
20/10/2007	32.255	7.125	20.370	24.635	208.800
21/10/2007	14.920	6.778	20.755	24.577	309.600
22/10/2007	3.060	9.543	20.149	26.976	231.400
23/10/2007	10.948	8.706	21.428	27.135	162.300
24/10/2007	13.289	6.985	20.889	24.981	178.200
25/10/2007	0.117	10.410	18.933	27.111	126.900
26/10/2007	0.000	10.604	19.630	27.841	130.100
28/10/2007	1.621	9.424	19.438	26.428	272.600
30/10/2007	21.707	6.742	20.923	24.812	386.400
01/11/2007	0.781	8.797	20.740	26.822	261.400
03/11/2007	0.000	10.048	20.942	28.375	201.700
06/11/2007	5.545	9.316	21.178	27.817	240.300
07/11/2007	1.050	7.624	21.611	26.394	183.900
08/11/2007	36.317	7.820	21.423	26.438	218.000
09/11/2007	1.698	6.592	21.774	25.538	214.100
10/11/2007	27.615	8.904	20.404	26.837	240.100
11/11/2007	13.743	8.365	20.615	26.418	262.300
13/11/2007	6.947	9.027	20.543	27.159	217.600
14/11/2007	0.449	8.806	21.587	27.740	129.000
15/11/2007	0.000	8.748	21.341	27.514	113.100
16/11/2007	0.668	8.924	22.043	28.260	91.640
17/11/2007	22.958	8.394	20.894	26.817	178.000
18/11/2007	3.226	10.132	20.062	28.178	148.200
19/11/2007	0.000	10.154	19.856	28.072	87.890
20/11/2007	3.894	9.791	21.442	28.827	66.420
21/11/2007	0.000	9.072	20.731	27.519	76.850
22/11/2007	24.433	8.163	21.481	27.072	244.100
23/11/2007	7.020	7.644	20.788	26.000	107.200
24/11/2007	4.301	8.071	20.870	26.524	90.610
25/11/2007	8.420	8.814	20.962	27.447	123.500
26/11/2007	0.000	9.285	20.976	28.038	79.210
27/11/2007	17.506	9.608	20.615	28.149	91.370
28/11/2007	0.000	8.058	21.500	27.072	76.500
29/11/2007	11.239	8.287	20.457	26.505	92.190
30/11/2007	0.000	8.612	20.678	27.058	80.960
01/12/2007	0.000	9.734	18.803	27.005	61.730
02/12/2007	0.000	9.654	19.019	27.072	45.530
03/12/2007	0.000	9.093	19.293	26.601	40.380
04/12/2007	0.469	8.145	20.255	26.221	122.600
06/12/2007	0.000	8.947	19.620	26.712	142.700
07/12/2007	0.331	7.854	19.788	25.562	89.580
08/12/2007	0.000	8.589	20.986	27.327	62.090
09/12/2007	0.000	9.159	20.615	27.712	50.840
10/12/2007	0.000	8.185	21.668	27.423	60.690
11/12/2007	0.000	7.539	20.558	25.841	54.610
12/12/2007	0.000	7.935	20.668	26.375	53.870
13/12/2007	8.694	7.001	20.880	25.529	55.870
14/12/2007	8.953	8.233	20.130	26.312	93.310
15/12/2007	56.592	7.021	21.115	25.745	158.400
16/12/2007	8.870	7.665	20.000	25.529	135.900
17/12/2007	4.594	7.334	19.784	25.019	182.400
18/12/2007	1.262	7.654	20.558	25.966	255.500
19/12/2007	1.431	7.432	20.764	25.899	223.600
20/12/2007	0.000	8.733	20.312	27.034	112.500
21/12/2007	0.000	8.176	20.611	26.630	87.650
22/12/2007	0.000	8.338	20.014	26.351	78.660
23/12/2007	6.221	7.791	20.745	26.308	72.490
24/12/2007	49.740	7.377	21.178	26.197	108.000
25/12/2007	20.181	8.063	20.577	26.466	90.120
26/12/2007	11.764	7.500	21.409	26.500	93.430
27/12/2007	25.534	7.037	21.788	26.332	165.900
28/12/2007	3.196	8.140	21.231	27.058	107.300
29/12/2007	0.000	7.754	21.442	26.798	76.420
30/12/2007	0.000	8.232	21.736	27.543	56.480
31/12/2007	0.000	9.231	20.962	28.062	46.660
01/01/2008	0.000	9.066	20.058	27.168	40.400
02/01/2008	0.000	9.241	20.255	27.519	47.300
03/01/2008	0.000	8.227	19.938	26.067	45.140
04/01/2008	0.000	8.398	20.375	26.601	45.400
05/01/2008	0.000	8.264	21.986	27.721	34.070
06/01/2008	0.000	9.324	21.577	28.567	30.600
07/01/2008	23.808	8.950	20.812	27.543	30.530
08/01/2008	37.201	8.793	20.216	26.899	67.170
09/01/2008	16.546	8.256	20.178	26.231	97.540
10/01/2008	1.586	8.323	20.784	26.779	48.450
11/01/2008	0.332	8.590	20.476	26.827	88.270
12/01/2008	0.000	8.976	19.490	26.514	91.710
13/01/2008	0.000	8.027	22.005	27.370	46.120
14/01/2008	0.000	7.419	22.067	26.779	36.490
15/01/2008	5.888	8.090	21.111	26.707	99.290
16/01/2008	6.237	7.218	21.438	26.024	61.750
17/01/2008	11.565	7.690	20.312	25.606	57.990
18/01/2008	0.000	10.062	19.240	27.490	52.120
19/01/2008	0.000	10.256	18.865	27.442	46.780
20/01/2008	0.192	10.280	20.231	28.418	32.780
21/01/2008	5.952	8.321	21.582	27.221	29.850
22/01/2008	0.000	10.073	20.510	28.356	32.420
23/01/2008	0.000	10.360	20.149	28.409	29.640
24/01/2008	0.000	8.498	22.413	28.034	30.530
25/01/2008	0.000	9.045	21.856	28.149	25.800
26/01/2008	0.817	9.612	20.409	27.654	49.880
27/01/2008	0.000	9.319	20.644	27.481	60.240
28/01/2008	0.000	9.711	19.582	27.106	33.540
29/01/2008	0.000	11.067	18.005	27.548	27.530
30/01/2008	0.000	9.664	19.870	27.207	24.190
31/01/2008	0.000	9.315	19.490	26.505	30.180
01/02/2008	0.467	8.977	20.130	26.582	24.210
02/02/2008	0.000	9.431	18.159	25.577	24.020
03/02/2008	0.000	9.105	19.106	25.899	48.040
04/02/2008	0.000	10.091	18.024	26.216	40.890
05/02/2008	0.000	10.949	19.226	28.062	26.000
06/02/2008	0.000	10.615	19.649	27.962	21.620
07/02/2008	0.000	10.137	21.024	28.428	20.400
08/02/2008	0.000	11.589	20.139	29.389	21.050
09/02/2008	0.000	9.860	21.668	28.558	19.400
10/02/2008	1.196	8.349	21.904	27.149	20.480
11/02/2008	1.274	9.325	21.495	27.812	25.170
12/02/2008	2.502	11.119	20.442	28.957	55.770
13/02/2008	37.342	10.914	21.269	29.327	41.950
14/02/2008	5.227	9.095	22.149	28.053	39.140
15/02/2008	20.741	9.975	21.486	28.428	33.610
16/02/2008	48.038	9.839	20.192	27.279	62.730
17/02/2008	1.030	10.027	19.803	27.154	72.630
18/02/2008	10.013	9.444	20.538	27.053	64.450
19/02/2008	6.918	6.716	20.447	24.240	108.000
20/02/2008	0.000	9.228	20.293	26.601	121.200
21/02/2008	0.000	8.233	21.159	26.236	69.370
22/02/2008	0.234	11.096	19.274	27.837	92.940
23/02/2008	0.000	9.372	21.058	27.303	68.960
24/02/2008	0.000	10.437	21.000	28.346	40.260
25/02/2008	2.916	9.300	20.894	27.043	32.860
26/02/2008	0.000	10.203	20.101	27.385	35.060
27/02/2008	0.000	9.831	19.827	26.755	28.190
28/02/2008	0.829	8.247	20.438	25.572	30.580
29/02/2008	0.000	10.110	20.702	27.688	37.910
01/03/2008	0.000	9.010	21.894	27.462	31.560
02/03/2008	0.000	11.272	20.173	28.500	25.280
03/03/2008	0.000	10.248	20.683	27.755	26.190
04/03/2008	9.958	10.022	20.601	27.452	23.580
05/03/2008	18.738	9.283	20.207	26.370	88.010
06/03/2008	0.762	6.371	20.202	23.514	125.900
07/03/2008	3.068	10.216	19.096	26.471	138.800
08/03/2008	0.000	10.959	20.062	27.952	48.040
09/03/2008	0.000	8.981	20.279	26.048	63.820
10/03/2008	3.729	10.138	20.587	27.457	50.330
11/03/2008	0.000	10.594	19.702	27.274	67.750
12/03/2008	0.000	10.417	19.188	26.668	54.070
13/03/2008	2.035	7.021	21.332	24.995	36.740
14/03/2008	31.590	5.724	20.385	23.038	74.460
15/03/2008	5.253	9.996	20.072	26.846	121.000
16/03/2008	0.000	12.188	19.168	28.524	60.700
17/03/2008	2.805	9.190	21.947	27.514	42.660
18/03/2008	0.000	10.434	20.788	27.837	35.980
19/03/2008	0.909	11.735	19.644	28.351	29.410
20/03/2008	0.000	10.553	21.197	28.250	25.410
21/03/2008	22.120	8.634	21.288	26.423	77.910
22/03/2008	0.000	10.669	20.803	28.058	59.500
23/03/2008	19.417	9.836	21.510	27.745	53.500
24/03/2008	24.832	10.788	20.928	28.260	143.000
25/03/2008	9.713	9.839	21.365	27.625	63.370
26/03/2008	2.274	10.690	20.837	28.096	40.040
27/03/2008	0.126	10.063	21.476	27.938	35.420
28/03/2008	11.843	9.772	21.591	27.750	35.210
29/03/2008	7.672	10.143	21.062	27.697	34.430
30/03/2008	21.615	9.033	21.111	26.630	49.990
31/03/2008	24.545	8.139	20.635	25.370	103.900
01/04/2008	0.000	8.231	19.856	24.812	157.900
02/04/2008	3.753	10.212	20.620	27.409	174.800
03/04/2008	4.203	11.621	19.010	27.702	142.100
04/04/2008	0.000	10.504	19.005	26.505	121.000
05/04/2008	19.442	10.076	20.514	27.207	55.390
06/04/2008	0.228	11.676	19.587	28.173	84.700
07/04/2008	12.549	9.243	21.317	26.990	65.710
08/04/2008	12.734	9.859	21.476	27.721	54.390
09/04/2008	13.309	9.607	20.880	27.010	38.240
10/04/2008	19.335	9.084	20.933	26.534	45.150
11/04/2008	21.803	10.075	20.615	27.279	74.200
12/04/2008	0.680	10.010	20.264	26.938	68.800
13/04/2008	22.636	8.218	20.639	25.471	140.800
14/04/2008	3.076	9.619	20.524	26.788	94.630
15/04/2008	16.430	8.301	21.043	25.880	175.900
16/04/2008	0.000	10.200	20.904	27.678	108.200
17/04/2008	0.000	10.858	20.779	28.284	56.540
18/04/2008	1.299	11.661	20.591	28.966	41.670
19/04/2008	11.403	11.399	22.135	29.827	37.810
20/04/2008	18.670	9.916	21.577	27.918	130.500
21/04/2008	4.545	10.299	22.385	28.928	59.850
22/04/2008	0.577	10.647	21.226	28.394	38.020
23/04/2008	18.019	7.875	21.558	25.962	43.290
24/04/2008	22.641	7.451	21.394	25.438	118.100
25/04/2008	12.163	7.280	21.240	25.144	131.200
26/04/2008	3.185	10.141	20.913	27.663	129.700
27/04/2008	25.990	7.107	21.274	25.082	131.200
28/04/2008	2.252	10.097	21.442	28.062	128.900
29/04/2008	13.961	12.197	20.163	29.337	96.460
30/04/2008	18.613	9.057	21.918	27.409	169.400
01/05/2008	8.066	9.174	20.389	26.327	147.700
02/05/2008	9.669	10.338	20.947	27.966	113.200
03/05/2008	12.354	9.123	20.274	26.192	156.400
04/05/2008	24.288	7.634	20.514	24.933	147.900
05/05/2008	0.000	10.257	19.933	27.139	91.370
06/05/2008	1.747	9.262	21.077	27.029	64.920
07/05/2008	6.235	11.717	19.880	28.697	74.940
08/05/2008	7.966	10.673	20.433	28.014	59.590
09/05/2008	15.793	11.112	20.596	28.591	107.900
10/05/2008	3.265	11.554	20.072	28.697	95.540
11/05/2008	3.296	10.306	21.697	28.620	62.710
12/05/2008	26.280	10.419	21.274	28.433	110.800
13/05/2008	0.717	9.958	21.529	28.159	71.280
14/05/2008	7.278	10.874	21.053	28.750	52.630
15/05/2008	1.871	9.831	21.024	27.649	47.090
16/05/2008	17.481	7.567	21.707	25.957	57.150
17/05/2008	12.333	7.053	21.433	25.284	114.100
18/05/2008	13.119	9.504	20.524	26.962	146.100
19/05/2008	19.454	7.120	21.639	25.529	132.000
20/05/2008	27.427	8.442	20.486	25.841	236.900
21/05/2008	4.569	8.950	20.014	26.019	170.300
22/05/2008	9.123	7.342	20.716	24.957	119.100
23/05/2008	22.480	8.096	20.087	25.197	135.800
24/05/2008	8.801	7.152	20.178	24.365	191.800
25/05/2008	8.710	9.358	20.101	26.529	182.200
26/05/2008	0.163	9.500	19.721	26.413	146.700
27/05/2008	37.702	8.754	20.014	25.851	283.200
28/05/2008	54.880	6.234	20.553	23.846	340.100
29/05/2008	0.000	9.004	19.611	25.832	253.400
30/05/2008	0.589	10.737	20.495	28.375	146.300
31/05/2008	14.099	10.178	20.837	28.038	107.400
01/06/2008	24.066	8.770	21.154	26.827	114.300
02/06/2008	11.583	8.422	21.851	27.029	116.000
03/06/2008	19.685	8.025	21.519	26.375	121.700
04/06/2008	0.000	9.291	20.524	26.875	81.190
05/06/2008	10.375	9.305	20.303	26.736	76.340
06/06/2008	17.040	8.169	21.418	26.442	95.740
07/06/2008	16.197	9.306	20.620	27.010	74.880
08/06/2008	10.745	8.519	21.591	26.947	158.000
09/06/2008	8.620	8.026	21.380	26.303	84.480
10/06/2008	7.417	7.129	22.072	25.995	113.500
11/06/2008	9.195	9.859	20.490	27.510	129.900
12/06/2008	7.711	9.443	21.889	28.159	93.440
13/06/2008	10.789	9.460	22.091	28.332	80.960
14/06/2008	15.268	8.275	21.841	26.928	101.900
15/06/2008	13.157	8.099	20.673	25.856	108.800
16/06/2008	11.938	7.770	22.010	26.611	112.100
17/06/2008	0.000	8.757	22.197	27.721	69.950
18/06/2008	25.697	7.216	22.308	26.327	60.190
19/06/2008	0.000	9.071	21.577	27.534	61.800
20/06/2008	0.364	8.977	22.168	27.918	54.870
21/06/2008	10.060	8.571	21.428	26.889	73.790
22/06/2008	25.246	8.548	21.418	26.856	69.080
23/06/2008	0.120	8.048	20.952	26.000	66.880
24/06/2008	5.804	9.069	21.288	27.303	110.000
25/06/2008	25.228	6.152	21.274	24.428	81.330
26/06/2008	2.594	10.003	20.596	27.750	131.900
27/06/2008	6.972	11.915	20.481	29.784	71.920
28/06/2008	11.394	8.379	21.053	26.423	57.560
29/06/2008	11.803	9.453	20.736	27.279	46.090
30/06/2008	1.468	9.960	20.495	27.644	42.350
01/07/2008	12.150	8.846	22.361	27.947	61.390
02/07/2008	19.693	9.000	20.769	26.827	47.720
03/07/2008	2.254	8.403	22.091	27.269	46.350
04/07/2008	11.406	9.207	22.091	28.043	94.780
05/07/2008	7.794	7.919	22.606	27.183	139.700
06/07/2008	10.369	8.137	22.519	27.322	141.800
07/07/2008	4.954	8.631	22.048	27.433	105.000
08/07/2008	25.585	9.432	21.298	27.654	80.730
09/07/2008	7.837	8.557	21.716	27.101	78.460
10/07/2008	9.377	6.569	22.120	25.596	105.100
11/07/2008	1.337	9.716	21.188	27.837	75.430
12/07/2008	1.520	9.637	21.784	28.207	56.880
13/07/2008	12.260	7.405	23.346	27.308	124.000
14/07/2008	16.313	8.090	22.106	26.885	147.800
15/07/2008	15.973	8.675	21.894	27.308	125.200
16/07/2008	27.345	9.156	21.212	27.240	158.600
18/07/2008	2.097	10.885	20.630	28.611	216.300
19/07/2008	13.563	9.027	22.288	27.957	320.500
20/07/2008	0.191	10.668	21.269	28.861	118.900
21/07/2008	12.565	10.162	21.649	28.591	96.320
22/07/2008	0.000	10.295	21.091	28.317	68.220
23/07/2008	2.242	11.045	20.490	28.654	54.850
24/07/2008	0.052	9.047	23.370	28.827	55.610
25/07/2008	5.677	9.293	23.226	28.923	40.940
26/07/2008	20.530	8.478	22.553	27.606	61.270
27/07/2008	0.859	9.668	21.885	28.212	57.420
28/07/2008	21.532	8.973	21.462	27.159	160.800
29/07/2008	1.117	8.607	22.308	27.486	77.230
30/07/2008	1.717	8.671	22.846	27.957	84.750
31/07/2008	12.799	8.714	22.163	27.433	103.300
01/08/2008	0.000	10.296	21.226	28.303	65.390
02/08/2008	39.422	8.661	21.851	27.125	160.700
03/08/2008	12.959	8.491	21.534	26.683	105.800
04/08/2008	6.110	9.170	21.303	27.192	87.920
05/08/2008	19.735	8.999	22.351	27.861	152.200
06/08/2008	14.290	7.263	22.125	26.005	85.100
07/08/2008	0.000	10.387	20.774	28.014	68.780
08/08/2008	0.596	11.094	20.938	28.861	52.780
09/08/2008	4.123	9.715	21.173	27.591	43.250
10/08/2008	8.843	9.393	21.452	27.462	47.640
11/08/2008	34.308	7.037	20.197	24.159	69.270
12/08/2008	6.062	10.831	20.577	28.260	65.390
13/08/2008	5.603	8.334	21.486	26.452	54.850
14/08/2008	11.000	9.323	20.649	26.745	88.380
15/08/2008	5.170	10.177	20.841	27.764	62.820
16/08/2008	10.713	7.642	21.615	25.841	111.200
17/08/2008	3.010	7.668	21.197	25.543	134.000
18/08/2008	28.947	8.323	20.683	25.764	209.000
19/08/2008	14.566	7.227	20.851	24.837	162.300
20/08/2008	0.486	10.294	20.913	27.894	101.000
21/08/2008	11.853	10.619	20.380	27.856	76.970
22/08/2008	7.392	8.357	20.433	25.562	65.390
23/08/2008	1.677	9.137	20.466	26.332	132.300
24/08/2008	26.440	8.866	21.298	26.736	105.800
25/08/2008	6.095	10.428	20.558	27.731	87.580
26/08/2008	5.741	9.016	20.495	26.260	136.800
27/08/2008	6.439	10.045	20.740	27.471	96.590
28/08/2008	18.673	11.026	20.567	28.346	226.900
29/08/2008	0.163	9.325	21.135	27.048	122.000
30/08/2008	40.359	9.074	22.010	27.476	175.100
31/08/2008	1.476	9.768	21.519	27.788	157.000
01/09/2008	7.707	9.429	21.712	27.596	166.700
02/09/2008	6.508	7.869	21.764	26.154	209.000
03/09/2008	11.957	7.555	22.582	26.524	316.700
04/09/2008	35.781	8.279	20.981	25.875	347.600
05/09/2008	6.472	9.590	21.476	27.567	209.300
06/09/2008	0.809	10.266	21.712	28.442	214.300
07/09/2008	1.984	8.467	23.221	27.923	88.320
08/09/2008	13.079	8.906	21.433	26.894	122.600
09/09/2008	4.688	10.692	21.168	28.476	77.100
10/09/2008	0.000	10.479	20.827	27.990	47.640
11/09/2008	0.543	10.871	21.125	28.601	65.390
12/09/2008	8.513	10.643	21.837	28.904	52.530
13/09/2008	4.502	11.965	20.933	29.611	47.640
14/09/2008	14.919	10.097	22.351	28.774	77.290
15/09/2008	20.411	7.832	21.553	25.957	140.000
16/09/2008	1.738	9.508	21.562	27.558	77.590
17/09/2008	39.199	6.829	21.361	24.904	62.820
18/09/2008	3.022	11.132	20.216	28.236	38.870
20/09/2008	2.616	8.300	21.212	26.125	371.600
21/09/2008	1.794	10.044	19.885	26.865	343.000
22/09/2008	2.830	8.394	21.841	26.745	279.300
23/09/2008	18.388	9.358	21.245	27.221	183.800
24/09/2008	5.982	10.088	20.644	27.519	130.400
25/09/2008	13.509	9.997	20.726	27.490	101.300
26/09/2008	31.744	9.394	21.385	27.389	86.780
27/09/2008	10.138	9.336	21.760	27.649	136.800
28/09/2008	3.580	9.346	21.212	27.236	110.600
29/09/2008	9.567	9.415	21.591	27.596	118.400
30/09/2008	1.566	9.332	21.010	27.091	72.460
01/10/2008	11.530	8.955	20.692	26.471	165.300
02/10/2008	0.000	9.289	21.058	27.087	143.400
03/10/2008	23.318	10.114	20.034	27.178	114.800
04/10/2008	33.635	9.249	20.168	26.389	114.500
05/10/2008	1.882	7.948	20.822	25.601	89.870
06/10/2008	21.158	10.136	20.067	27.264	99.950
07/10/2008	6.672	8.303	19.447	24.875	157.000
08/10/2008	2.902	9.969	20.005	27.096	201.300
09/10/2008	3.080	10.047	20.322	27.433	158.900
10/10/2008	30.797	7.760	20.466	25.178	371.300
12/10/2008	52.787	8.503	20.264	25.774	188.500
13/10/2008	3.036	9.353	20.115	26.601	401.800
14/10/2008	22.830	10.328	19.692	27.337	339.500
15/10/2008	0.676	10.429	20.413	28.024	198.900
16/10/2008	24.177	9.241	21.058	27.255	278.400
17/10/2008	18.262	10.706	20.529	28.457	209.900
18/10/2008	9.305	9.606	21.322	27.885	221.400
19/10/2008	18.698	9.960	21.644	28.524	329.300
20/10/2008	1.074	8.094	21.774	26.736	364.100
21/10/2008	1.049	9.164	21.442	27.591	203.900
22/10/2008	10.870	8.824	21.500	27.284	158.900
23/10/2008	0.000	8.948	21.663	27.558	118.100
24/10/2008	19.164	10.669	20.793	28.760	133.500
25/10/2008	7.915	8.465	20.087	25.841	103.600
26/10/2008	0.000	9.889	19.688	27.101	103.300
27/10/2008	31.442	8.229	21.216	26.553	92.220
28/10/2008	33.667	8.236	20.462	25.971	203.900
29/10/2008	0.000	8.410	21.332	26.846	110.600
30/10/2008	0.000	10.080	20.087	27.707	134.900
31/10/2008	10.773	9.948	19.865	27.423	110.600
01/11/2008	21.354	7.494	20.659	25.428	113.300
02/11/2008	12.455	8.750	20.548	26.644	265.600
03/11/2008	1.457	9.837	20.394	27.750	204.200
04/11/2008	43.277	6.619	21.361	25.188	265.300
05/11/2008	0.000	6.991	21.226	25.423	198.600
06/11/2008	0.241	7.922	21.409	26.543	260.600
07/11/2008	0.000	9.198	21.125	27.683	122.600
08/11/2008	2.177	8.753	21.481	27.505	92.960
09/11/2008	0.000	9.115	20.601	27.226	71.310
10/11/2008	0.000	8.741	21.577	27.611	103.300
11/11/2008	0.000	9.680	21.514	28.615	57.420
12/11/2008	4.957	8.086	21.880	27.178	114.800
13/11/2008	32.810	7.163	21.144	25.630	167.400
14/11/2008	14.529	8.535	21.024	26.995	182.500
15/11/2008	8.079	6.307	21.096	24.755	239.800
16/11/2008	15.840	7.836	21.317	26.505	276.700
17/11/2008	0.000	8.578	20.875	26.981	279.300
18/11/2008	2.365	8.889	20.938	27.404	188.500
19/11/2008	1.754	8.943	21.760	28.111	122.000
20/11/2008	23.911	7.271	21.659	26.279	177.200
21/11/2008	0.000	9.397	21.457	28.413	122.000
22/11/2008	4.077	8.148	21.438	27.053	106.900
23/11/2008	2.745	9.021	21.779	28.298	141.600
24/11/2008	42.377	7.310	22.288	26.880	116.200
25/11/2008	46.994	6.241	21.784	25.389	195.900
26/11/2008	27.040	4.246	21.596	23.409	386.200
27/11/2008	0.000	8.178	20.317	26.240	309.300
30/11/2008	0.000	8.066	21.793	27.322	258.000
01/12/2008	0.000	8.216	21.534	27.312	246.400
02/12/2008	12.918	7.997	21.399	26.942	214.300
03/12/2008	0.000	9.510	21.062	28.423	336.100
04/12/2008	14.192	9.174	22.380	29.058	162.300
05/12/2008	20.516	9.285	19.832	27.255	105.100
06/12/2008	0.000	9.819	20.447	28.370	92.960
07/12/2008	19.323	7.470	22.019	26.952	133.700
08/12/2008	2.080	8.298	21.279	27.260	165.000
09/12/2008	0.272	9.913	20.740	28.755	83.420
10/12/2008	0.000	8.551	22.197	28.274	103.300
11/12/2008	17.319	9.314	20.606	27.928	57.420
12/12/2008	33.659	8.388	20.053	26.452	208.200
13/12/2008	2.274	7.763	20.510	26.058	142.400
14/12/2008	0.860	8.161	20.909	26.832	110.600
15/12/2008	0.000	10.060	20.399	28.692	89.870
16/12/2008	0.000	9.690	20.111	28.019	54.080
17/12/2008	0.000	9.860	19.447	27.731	50.210
18/12/2008	0.000	10.198	19.029	27.846	40.940
19/12/2008	0.000	9.789	19.596	27.740	47.640
20/12/2008	0.000	8.870	20.087	27.029	36.800
21/12/2008	0.000	6.370	21.149	25.072	37.040
22/12/2008	0.000	6.659	21.226	25.423	34.970
23/12/2008	0.000	7.550	20.591	25.904	39.690
24/12/2008	0.000	9.355	20.721	28.077	43.250
25/12/2008	0.000	9.561	21.601	28.971	60.250
26/12/2008	0.000	9.223	20.447	27.683	53.540
27/12/2008	0.000	10.824	18.981	28.567	34.730
28/12/2008	0.000	11.642	19.322	29.817	35.760
29/12/2008	0.000	11.341	18.788	29.077	29.240
30/12/2008	0.000	10.157	19.798	28.293	32.900
31/12/2008	0.000	10.338	21.221	29.553	26.620
01/01/2009	0.000	8.341	21.404	27.365	26.620
02/01/2009	0.000	9.190	21.788	28.620	27.100
03/01/2009	0.000	9.541	21.663	28.947	29.240
04/01/2009	0.000	9.784	21.178	28.837	35.940
05/01/2009	0.000	9.561	21.495	28.798	32.350
06/01/2009	1.074	8.643	22.096	28.226	37.830
07/01/2009	9.009	7.126	21.678	26.236	52.780
08/01/2009	17.276	8.044	20.380	26.178	57.930
09/01/2009	0.000	6.870	21.399	25.731	54.850
10/01/2009	0.389	8.385	19.995	26.255	82.930
11/01/2009	0.000	9.197	21.120	28.010	64.230
12/01/2009	0.338	8.051	21.990	27.413	58.700
13/01/2009	0.000	8.578	20.875	27.106	36.800
14/01/2009	27.122	7.237	21.615	26.231	31.990
15/01/2009	0.000	8.789	20.433	26.962	45.570
16/01/2009	0.000	9.016	19.702	26.635	47.730
17/01/2009	25.707	6.636	20.620	24.721	45.320
18/01/2009	0.000	9.569	19.466	27.087	40.940
19/01/2009	3.436	7.050	21.312	25.692	60.250
20/01/2009	0.000	8.120	19.688	25.519	34.970
21/01/2009	8.253	7.787	20.712	25.966	122.000
22/01/2009	29.455	7.433	21.457	26.168	59.990
23/01/2009	6.975	6.429	21.822	25.500	62.690
24/01/2009	12.427	9.304	20.519	27.433	135.300
25/01/2009	0.000	9.987	19.240	27.245	83.950
26/01/2009	0.000	10.345	19.091	27.529	51.120
27/01/2009	0.000	9.887	20.596	28.087	36.800
28/01/2009	0.187	9.932	20.601	28.120	31.990
29/01/2009	0.000	9.225	20.981	27.606	27.420
30/01/2009	6.209	9.676	20.812	27.962	56.130
31/01/2009	25.054	7.653	20.837	25.755	34.180
01/02/2009	15.649	9.127	20.053	26.712	44.540
02/02/2009	8.248	9.645	20.144	27.361	32.900
03/02/2009	1.549	10.170	20.764	28.389	30.160
04/02/2009	11.401	8.664	21.438	27.236	65.390
05/02/2009	1.806	9.634	19.899	27.087	62.820
06/02/2009	1.482	8.413	20.385	26.115	63.080
07/02/2009	0.000	10.336	19.745	27.688	53.560
08/02/2009	0.000	9.503	21.202	27.851	51.750
09/02/2009	0.000	8.816	20.346	26.404	30.160
10/02/2009	11.266	9.868	20.212	27.447	37.040
11/02/2009	1.698	9.043	21.495	27.519	37.950
12/02/2009	1.790	10.460	19.865	27.817	57.390
13/02/2009	17.821	10.037	20.269	27.649	31.070
14/02/2009	2.656	8.718	20.620	26.433	49.960
15/02/2009	7.113	10.672	19.769	27.918	57.420
16/02/2009	0.000	10.700	19.784	27.933	40.940
17/02/2009	0.000	8.447	19.731	25.389	33.930
18/02/2009	2.682	10.300	19.712	27.351	38.870
19/02/2009	14.599	10.090	20.308	27.562	34.420
20/02/2009	27.198	9.768	20.471	27.327	54.300
21/02/2009	0.000	8.304	22.000	27.014	50.710
22/02/2009	0.000	8.661	22.250	27.567	37.950
23/02/2009	1.136	8.525	21.188	26.529	32.900
24/02/2009	1.768	9.376	20.885	27.149	32.900
25/02/2009	20.966	9.665	20.601	27.192	35.760
26/02/2009	1.075	9.130	20.490	26.538	29.430
27/02/2009	0.000	10.425	19.904	27.466	25.830
28/02/2009	4.335	9.836	20.962	27.601	37.040
01/03/2009	23.696	10.241	20.538	27.702	31.070
02/03/2009	46.940	7.137	21.106	25.029	252.700
03/03/2009	1.983	8.457	20.462	25.750	126.800
04/03/2009	3.395	9.078	20.875	26.702	113.300
05/03/2009	3.787	9.353	20.745	26.865	96.320
06/03/2009	0.000	10.091	20.966	27.779	67.190
07/03/2009	7.002	9.815	21.188	27.654	65.390
08/03/2009	0.434	10.777	20.505	28.111	53.250
09/03/2009	2.455	9.793	20.538	27.106	38.870
10/03/2009	15.295	10.509	20.486	27.798	63.850
11/03/2009	0.000	11.457	19.183	27.837	47.640
12/03/2009	0.000	10.909	20.226	27.995	36.800
13/03/2009	0.000	11.170	19.125	27.452	31.990
14/03/2009	0.000	11.982	18.981	28.216	49.430
15/03/2009	4.192	11.316	21.226	29.111	29.240
16/03/2009	7.291	9.891	20.817	27.317	31.070
17/03/2009	34.923	7.932	21.774	26.183	34.730
18/03/2009	2.834	8.324	20.875	25.803	82.180
19/03/2009	6.216	9.009	21.091	26.654	72.460
20/03/2009	23.649	9.048	20.582	26.269	241.300
21/03/2009	0.744	7.911	21.529	25.918	127.600
22/03/2009	41.978	7.976	20.986	25.538	114.200
23/03/2009	3.306	9.596	21.250	27.312	206.000
24/03/2009	11.014	9.126	20.038	25.880	123.100
25/03/2009	19.920	9.200	20.688	26.462	126.800
26/03/2009	6.270	9.777	21.067	27.327	114.700
27/03/2009	3.204	11.641	20.067	28.500	71.050
28/03/2009	29.880	10.324	20.913	27.788	121.100
29/03/2009	8.994	9.008	21.038	26.529	103.300
30/03/2009	1.370	11.435	20.510	28.591	96.320
31/03/2009	6.129	8.300	20.673	25.591	61.530
01/04/2009	1.808	11.093	20.091	27.928	122.000
02/04/2009	0.000	9.199	20.274	26.115	148.000
03/04/2009	0.000	11.260	20.856	28.659	83.150
04/04/2009	12.988	9.372	21.615	27.337	188.800
05/04/2009	0.000	12.094	20.284	29.125	179.500
06/04/2009	0.000	9.409	23.087	28.567	65.390
07/04/2009	0.000	10.419	22.096	28.760	54.850
08/04/2009	17.160	7.860	20.769	25.212	248.500
09/04/2009	0.895	9.142	20.577	26.317	193.600
10/04/2009	25.829	9.573	20.938	27.029	101.900
11/04/2009	14.636	11.695	21.264	29.428	87.920
12/04/2009	19.279	10.092	21.240	27.793	101.800
13/04/2009	0.000	10.171	21.298	27.899	101.000
14/04/2009	0.000	8.767	21.428	26.639	61.530
15/04/2009	5.148	10.200	21.173	27.875	77.290
16/04/2009	7.167	11.325	21.000	28.880	60.250
17/04/2009	17.848	9.142	22.389	27.788	52.530
18/04/2009	8.162	9.630	21.812	27.798	77.760
19/04/2009	10.416	11.198	21.418	29.091	67.450
20/04/2009	9.152	8.196	22.178	26.760	43.250
21/04/2009	12.550	8.814	22.202	27.341	100.700
22/04/2009	15.701	9.975	20.909	27.462	134.400
23/04/2009	12.090	9.428	21.779	27.611	84.830
24/04/2009	24.509	9.758	22.125	28.202	127.000
25/04/2009	0.109	10.816	20.918	28.356	86.780
26/04/2009	16.467	9.119	21.731	27.298	101.500
27/04/2009	1.344	10.909	22.087	29.375	73.310
28/04/2009	22.496	9.947	22.620	28.837	59.990
29/04/2009	9.361	9.960	21.995	28.351	89.870
01/05/2009	0.000	9.674	21.447	27.649	221.400
02/05/2009	30.803	9.129	21.481	27.163	222.200
03/05/2009	8.870	8.559	20.750	25.995	142.700
05/05/2009	0.000	10.521	21.303	28.442	251.400
06/05/2009	5.385	11.218	20.837	28.851	126.200
07/05/2009	7.004	9.708	21.562	27.885	91.280
08/05/2009	21.574	8.314	21.567	26.495	265.300
09/05/2009	5.568	9.917	20.702	27.428	202.300
10/05/2009	0.211	11.468	21.875	29.938	123.900
11/05/2009	17.294	9.460	22.534	28.409	111.900
12/05/2009	10.359	11.672	20.793	29.375	141.600
13/05/2009	17.651	10.195	21.639	28.476	134.900
14/05/2009	0.000	10.113	20.745	27.697	85.360
15/05/2009	14.781	8.097	21.192	26.053	127.000
16/05/2009	1.093	10.649	20.438	28.077	96.320
17/05/2009	36.912	8.621	21.495	26.784	211.800
18/05/2009	0.000	10.055	20.764	27.716	263.000
19/05/2009	9.791	10.164	21.625	28.490	122.000
20/05/2009	15.914	9.664	22.154	28.438	76.970
21/05/2009	11.472	9.960	20.966	27.784	128.100
22/05/2009	1.181	9.310	22.226	28.115	64.620
23/05/2009	0.445	9.246	21.659	27.663	54.850
24/05/2009	6.685	10.187	20.957	28.072	70.300
25/05/2009	7.817	9.743	21.779	28.226	71.050
26/05/2009	1.196	10.769	20.841	28.611	61.270
27/05/2009	1.161	9.225	22.274	28.135	65.390
28/05/2009	14.936	7.855	22.159	26.702	57.420
29/05/2009	13.665	7.149	22.115	25.986	104.600
30/05/2009	2.630	10.216	20.654	27.909	60.250
31/05/2009	8.656	9.579	20.856	27.409	65.400
01/06/2009	0.000	10.555	21.894	29.240	55.610
02/06/2009	0.000	11.958	21.038	30.125	57.420
03/06/2009	2.724	10.134	21.769	28.712	34.850
04/06/2009	13.294	11.347	21.962	30.159	35.760
05/06/2009	24.116	6.873	21.880	25.567	71.340
06/06/2009	7.413	10.896	20.923	28.928	147.100
07/06/2009	11.633	6.812	21.322	25.058	106.900
08/06/2009	0.000	9.794	21.510	28.202	131.200
09/06/2009	19.134	11.430	20.562	29.274	81.600
10/06/2009	36.054	9.386	22.337	28.433	374.400
11/06/2009	14.140	9.868	21.663	28.418	144.900
12/06/2009	9.635	9.875	21.452	28.240	179.100
13/06/2009	24.007	7.173	20.909	25.053	188.500
14/06/2009	4.681	7.957	20.514	25.500	209.300
15/06/2009	4.982	9.063	21.495	27.438	209.300
16/06/2009	14.233	9.061	22.139	27.976	118.400
17/06/2009	15.646	9.618	21.601	28.120	141.600
18/06/2009	1.596	10.191	21.139	28.380	91.410
19/06/2009	15.545	8.487	21.928	27.221	76.970
20/06/2009	10.833	8.851	22.207	27.817	111.900
21/06/2009	26.612	8.611	21.861	27.284	110.600
22/06/2009	28.513	7.820	21.154	25.947	175.100
23/06/2009	6.506	8.829	21.111	26.913	198.800
24/06/2009	0.947	9.244	21.351	27.548	106.100
25/06/2009	16.359	7.424	21.144	25.538	133.700
26/06/2009	0.000	10.059	21.635	28.620	92.960
27/06/2009	8.666	11.501	20.442	29.303	57.420
28/06/2009	17.566	10.061	20.356	27.678	88.380
29/06/2009	3.577	10.668	20.678	28.524	76.970
30/06/2009	9.844	8.822	21.130	26.952	54.850
01/07/2009	6.575	9.682	21.702	28.269	86.780
02/07/2009	8.320	8.835	21.942	27.601	64.870
03/07/2009	0.000	8.731	22.303	27.769	57.420
04/07/2009	2.253	9.609	22.159	28.538	39.900
05/07/2009	1.569	9.366	22.337	28.423	74.400
06/07/2009	8.470	8.485	22.447	27.630	36.800
07/07/2009	12.776	9.630	22.452	28.779	42.590
08/07/2009	6.872	8.147	23.312	28.014	34.850
09/07/2009	7.575	9.450	22.101	28.303	48.640
10/07/2009	2.412	9.872	21.428	28.236	34.970
11/07/2009	0.748	8.432	21.702	26.947	35.760
12/07/2009	0.085	9.256	22.288	28.255	37.950
13/07/2009	0.000	11.266	21.087	29.452	38.870
14/07/2009	1.253	10.173	21.413	28.514	37.830
15/07/2009	13.040	10.121	21.548	28.534	86.510
16/07/2009	0.000	11.006	21.918	29.745	40.940
17/07/2009	8.838	10.855	22.471	30.005	29.240
18/07/2009	5.205	11.307	21.462	29.726	32.900
19/07/2009	0.000	11.588	22.067	30.457	32.110
20/07/2009	24.026	10.878	22.889	30.288	40.030
21/07/2009	11.282	7.373	22.438	26.462	59.340
22/07/2009	0.079	9.227	22.111	28.000	54.850
23/07/2009	9.916	7.437	22.692	26.712	50.710
24/07/2009	0.000	9.913	22.250	28.803	43.130
25/07/2009	0.262	11.367	21.399	29.663	40.940
26/07/2009	1.743	9.760	22.981	29.207	37.830
27/07/2009	2.803	11.790	22.082	30.606	27.420
28/07/2009	0.348	10.246	22.442	29.269	23.440
29/07/2009	10.043	11.133	21.784	29.668	49.050
30/07/2009	8.528	10.453	22.659	29.615	89.870
31/07/2009	6.241	10.548	22.284	29.409	60.250
01/08/2009	0.000	10.911	21.601	29.231	93.500
02/08/2009	4.776	11.115	22.168	29.894	62.820
03/08/2009	1.141	11.766	22.101	30.510	40.520
04/08/2009	22.255	9.986	22.803	29.231	86.780
05/08/2009	7.549	10.564	22.447	29.514	65.390
06/08/2009	15.534	8.781	21.567	27.019	59.990
07/08/2009	14.515	10.682	20.938	28.438	81.120
08/08/2009	4.415	8.398	22.389	27.284	68.740
09/08/2009	9.948	9.610	21.740	27.947	108.800
10/08/2009	0.000	10.757	20.909	28.490	55.100
11/08/2009	1.204	10.001	22.240	28.712	53.820
12/08/2009	9.179	11.159	21.625	29.413	201.800
13/08/2009	20.156	11.639	21.433	29.755	112.400
14/08/2009	4.636	10.148	21.159	28.014	127.600
15/08/2009	1.926	8.654	21.529	26.774	69.630
16/08/2009	6.444	8.952	21.529	27.067	87.920
17/08/2009	31.183	10.445	21.163	28.264	71.310
18/08/2009	20.460	10.232	21.788	28.534	146.800
19/08/2009	0.850	9.424	22.111	27.971	55.610
20/08/2009	20.922	9.418	21.620	27.596	61.270
21/08/2009	22.651	8.425	21.462	26.481	80.060
22/08/2009	10.443	9.727	21.875	28.082	135.700
23/08/2009	2.192	10.225	21.019	27.889	85.360
24/08/2009	0.360	10.244	21.264	28.115	60.250
25/08/2009	4.286	9.961	22.327	28.663	47.640
26/08/2009	8.052	9.676	22.548	28.538	80.920
27/08/2009	6.787	10.556	21.865	28.889	160.800
28/08/2009	0.000	11.537	21.216	29.399	65.650
29/08/2009	5.007	10.277	21.688	28.442	48.800
30/08/2009	28.368	9.346	21.572	27.423	90.410
31/08/2009	0.864	9.786	22.178	28.308	66.800
01/09/2009	0.593	9.224	22.163	27.760	48.140
02/09/2009	1.171	10.414	22.606	29.284	35.760
03/09/2009	10.009	11.843	22.370	30.538	36.800
04/09/2009	16.237	9.561	22.505	28.365	45.570
05/09/2009	0.195	11.534	22.077	30.029	44.160
06/09/2009	0.000	11.800	22.029	30.260	32.900
07/09/2009	0.000	9.189	23.947	29.173	26.620
08/09/2009	1.824	11.032	22.125	29.529	23.440
09/09/2009	20.503	9.079	22.769	28.101	50.650
10/09/2009	16.940	9.495	22.495	28.312	66.170
11/09/2009	0.000	10.042	22.106	28.529	52.780
12/09/2009	10.234	9.150	22.558	28.010	36.800
13/09/2009	1.893	9.943	21.303	27.822	46.070
14/09/2009	6.044	10.382	21.293	28.269	40.940
15/09/2009	35.659	8.773	22.053	27.245	61.270
16/09/2009	4.516	8.480	22.202	27.087	57.930
17/09/2009	0.603	9.303	21.034	26.976	52.780
18/09/2009	3.725	10.691	21.788	28.976	55.610
19/09/2009	2.647	11.737	21.476	29.817	59.460
20/09/2009	17.611	10.294	22.202	28.885	88.430
21/09/2009	3.010	10.557	23.120	29.894	62.820
22/09/2009	28.321	9.990	22.519	28.880	141.600
23/09/2009	3.612	9.974	22.029	28.457	89.870
24/09/2009	0.000	11.239	22.361	30.034	60.250
25/09/2009	1.603	12.187	21.572	30.404	43.250
26/09/2009	0.330	9.514	22.442	28.375	31.070
27/09/2009	6.538	9.682	22.260	28.385	54.850
28/09/2009	10.838	8.515	22.327	27.308	71.310
29/09/2009	0.000	12.216	21.154	30.212	47.640
30/09/2009	0.000	11.936	22.260	30.745	32.900
01/10/2009	0.085	10.338	22.438	29.264	25.830
02/10/2009	6.697	10.789	21.115	28.688	29.240
03/10/2009	23.901	9.809	21.154	27.745	52.150
04/10/2009	9.608	11.089	20.957	28.928	71.050
05/10/2009	0.086	11.154	20.817	28.918	41.180
06/10/2009	4.693	10.862	21.697	29.255	29.240
07/10/2009	36.265	9.233	22.505	28.216	49.050
08/10/2009	9.142	9.638	21.178	27.620	60.250
09/10/2009	0.000	11.354	20.500	28.971	42.220
10/10/2009	1.847	10.094	22.183	28.904	30.160
11/10/2009	23.695	8.063	21.721	26.529	52.780
12/10/2009	23.242	8.729	20.798	26.428	80.920
13/10/2009	1.103	8.420	21.077	26.365	88.380
14/10/2009	16.821	8.248	21.053	26.178	128.100
15/10/2009	1.016	9.057	20.332	26.462	258.300
16/10/2009	0.000	9.688	20.043	26.928	153.900
17/10/2009	0.000	10.775	19.909	28.043	65.650
18/10/2009	17.666	8.907	21.370	27.192	81.120
19/10/2009	13.307	9.022	20.861	26.899	86.510
20/10/2009	1.913	9.470	20.957	27.462	65.390
21/10/2009	8.640	10.426	21.091	28.625	85.360
22/10/2009	5.953	11.836	20.053	29.452	91.680
23/10/2009	6.424	9.972	22.433	29.221	59.090
24/10/2009	9.025	7.374	21.764	26.038	113.500
25/10/2009	17.211	9.469	21.154	27.702	254.000
26/10/2009	0.000	10.453	21.284	28.938	139.300
27/10/2009	2.481	9.986	22.462	29.365	71.310
28/10/2009	42.429	8.973	21.413	27.495	168.200
29/10/2009	2.603	10.430	20.846	28.620	89.870
30/10/2009	52.804	7.050	21.707	25.769	277.800
31/10/2009	0.000	8.388	21.298	26.832	126.800
01/11/2009	20.271	10.497	21.240	29.048	254.100
02/11/2009	17.383	7.959	21.885	26.870	178.700
03/11/2009	0.944	9.015	20.894	27.245	122.600
04/11/2009	0.000	9.857	21.375	28.534	112.400
05/11/2009	4.625	9.847	21.601	28.707	101.000
06/11/2009	15.902	10.341	20.697	28.596	275.200
07/11/2009	0.000	9.256	21.332	27.918	230.600
08/11/2009	10.251	8.638	22.130	27.865	180.400
09/11/2009	16.737	9.743	21.962	28.962	179.500
10/11/2009	13.763	9.691	22.688	29.486	118.100
11/11/2009	25.333	9.097	22.399	28.625	194.600
12/11/2009	11.247	10.047	21.404	28.938	176.800
13/11/2009	2.602	8.640	22.505	28.274	91.410
14/11/2009	27.925	7.648	21.760	26.649	219.700
15/11/2009	0.000	8.741	22.596	28.486	114.500
16/11/2009	6.008	10.138	21.082	28.885	55.610
17/11/2009	29.978	8.327	22.038	27.649	108.700
18/11/2009	0.525	8.121	22.750	28.000	81.120
19/11/2009	4.049	10.394	20.933	29.149	76.970
20/11/2009	0.000	10.090	21.697	29.399	52.530
21/11/2009	0.800	9.201	22.726	29.188	44.410
22/11/2009	2.794	9.169	22.721	29.183	36.800
23/11/2009	24.343	9.347	22.476	29.231	47.360
24/11/2009	0.000	9.527	20.971	28.269	59.990
25/11/2009	0.964	9.447	21.298	28.452	49.680
26/11/2009	6.806	8.881	21.923	28.284	32.900
27/11/2009	17.891	9.470	21.760	28.827	95.520
28/11/2009	7.971	9.282	21.774	28.663	59.480
29/11/2009	5.942	7.724	22.601	27.591	141.600
30/11/2009	0.316	8.503	22.159	28.101	60.250
01/12/2009	0.000	8.901	22.365	28.721	60.250
02/12/2009	0.000	10.132	21.077	29.168	33.810
03/12/2009	0.000	8.873	22.894	29.139	29.240
04/12/2009	0.000	9.855	21.250	29.000	25.830
05/12/2009	0.000	9.900	22.091	29.673	25.830
06/12/2009	9.859	10.278	20.731	29.135	26.620
07/12/2009	4.788	8.894	21.663	28.236	28.330
08/12/2009	0.000	9.758	20.572	28.399	29.240
09/12/2009	0.000	9.680	21.322	28.880	28.770
10/12/2009	0.000	8.277	21.558	27.462	31.070
11/12/2009	0.301	9.490	21.260	28.630	29.240
12/12/2009	1.036	9.032	22.264	28.880	24.230
13/12/2009	0.000	10.687	20.279	29.375	33.140
14/12/2009	0.000	10.143	20.841	29.125	23.440
15/12/2009	0.000	11.027	20.510	29.942	21.850
16/12/2009	1.004	8.602	22.933	28.918	25.830
17/12/2009	0.196	10.013	21.962	29.793	23.440
18/12/2009	2.591	8.059	22.000	27.596	26.620
19/12/2009	12.411	7.451	21.712	26.712	22.640
20/12/2009	4.273	7.330	21.817	26.654	91.460
21/12/2009	0.339	6.321	22.288	26.029	49.960
22/12/2009	33.879	8.805	21.260	27.870	35.210
23/12/2009	28.105	7.773	21.332	26.764	14.460
24/12/2009	0.000	9.174	20.995	28.077	29.240
25/12/2009	20.110	9.163	21.423	28.385	39.900
26/12/2009	14.946	8.122	21.952	27.606	36.800
27/12/2009	3.880	8.623	21.529	27.861	36.920
28/12/2009	1.371	10.292	19.433	28.255	50.710
29/12/2009	0.000	10.855	18.933	28.582	50.210
30/12/2009	0.000	9.633	21.115	28.663	31.070
31/12/2009	0.000	9.507	21.620	28.880	21.530
01/01/2010	0.000	9.570	20.817	28.361	20.850
02/01/2010	0.000	10.683	19.606	28.798	18.780
03/01/2010	0.000	10.956	20.399	29.673	16.370
04/01/2010	0.000	9.716	21.264	28.817	14.060
05/01/2010	0.000	10.498	20.534	29.207	13.850
06/01/2010	0.000	9.902	20.010	28.096	14.570
07/01/2010	0.000	10.184	20.168	28.534	13.950
08/01/2010	0.000	9.446	22.942	29.760	13.440
09/01/2010	0.000	9.542	23.168	30.019	12.520
10/01/2010	0.000	8.293	22.562	28.168	12.320
11/01/2010	0.000	9.932	20.654	28.519	14.750
12/01/2010	0.000	10.240	20.865	29.034	19.390
13/01/2010	0.427	10.207	21.562	29.476	15.170
14/01/2010	0.000	11.158	20.615	29.880	13.950
15/01/2010	0.000	10.702	22.115	30.428	12.420
16/01/2010	0.000	11.535	22.495	31.639	12.320
17/01/2010	0.000	9.732	24.255	30.947	12.210
18/01/2010	0.000	11.643	21.409	30.966	11.290
19/01/2010	0.000	9.255	23.596	29.885	10.390
20/01/2010	0.000	11.453	23.197	31.981	10.130
21/01/2010	0.000	12.584	21.740	32.216	9.963
22/01/2010	0.210	10.648	23.197	31.043	9.281
23/01/2010	7.574	9.622	22.774	29.558	8.769
24/01/2010	8.760	8.370	22.966	28.346	14.540
25/01/2010	2.695	10.121	22.423	29.793	18.310
26/01/2010	19.825	8.702	22.587	28.361	14.360
27/01/2010	1.559	9.951	22.245	29.409	14.460
28/01/2010	3.124	9.526	22.894	29.457	14.060
29/01/2010	0.000	11.033	22.351	30.644	22.310
30/01/2010	0.103	9.773	23.264	29.938	19.270
31/01/2010	0.000	12.196	22.572	32.082	16.470
01/02/2010	0.000	13.323	21.697	32.702	11.910
02/02/2010	0.000	13.659	21.620	32.990	10.880
03/02/2010	0.000	12.473	23.149	32.702	10.970
04/02/2010	0.000	13.089	22.649	33.000	9.281
05/02/2010	0.187	10.870	24.082	31.606	9.451
06/02/2010	5.374	8.443	23.692	28.793	13.390
07/02/2010	0.000	10.440	22.236	29.688	29.320
08/02/2010	0.000	9.462	22.231	28.596	22.160
09/02/2010	2.674	9.466	23.692	29.755	15.910
10/02/2010	5.346	10.808	21.740	29.649	13.440
11/02/2010	0.000	10.052	23.144	29.894	13.540
12/02/2010	0.000	11.487	23.962	31.990	22.190
13/02/2010	0.000	10.218	23.861	30.591	16.860
14/02/2010	13.352	7.627	22.764	27.115	24.420
15/02/2010	0.447	11.104	22.500	30.404	27.250
16/02/2010	0.000	10.246	22.649	29.591	18.780
17/02/2010	0.000	8.747	23.577	28.812	21.870
18/02/2010	0.000	10.239	22.067	29.115	15.650
19/02/2010	0.000	9.904	23.726	30.043	13.340
20/02/2010	0.000	10.550	22.707	29.846	11.910
21/02/2010	23.764	11.950	22.649	31.255	12.520
22/02/2010	0.212	11.670	22.587	30.899	12.010
23/02/2010	46.374	7.805	22.938	27.274	12.210
24/02/2010	0.104	10.940	22.115	29.721	36.530
25/02/2010	24.861	9.169	21.255	27.212	61.410
26/02/2010	3.574	8.363	21.635	26.707	94.260
27/02/2010	0.000	10.367	22.135	29.087	38.780
28/02/2010	0.000	9.573	22.288	28.385	23.770
01/03/2010	0.000	10.433	22.870	29.707	15.770
02/03/2010	0.257	9.871	23.207	29.361	15.170
03/03/2010	36.740	8.079	22.163	26.779	94.850
04/03/2010	0.000	8.973	21.827	27.341	90.380
05/03/2010	1.281	7.899	23.279	27.543	35.290
06/03/2010	9.225	9.403	22.644	28.409	61.610
07/03/2010	37.343	8.504	22.293	27.236	144.600
08/03/2010	3.826	8.261	22.101	26.880	64.350
09/03/2010	0.311	9.761	22.418	28.524	67.930
10/03/2010	1.756	11.104	23.115	30.413	50.570
11/03/2010	17.091	10.214	22.784	29.255	169.900
12/03/2010	0.204	10.150	22.654	29.058	58.870
13/03/2010	0.000	10.275	22.447	29.019	34.260
14/03/2010	3.218	10.195	22.375	28.880	26.970
15/03/2010	0.000	11.465	21.793	29.697	23.040
16/03/2010	0.541	10.489	22.308	29.091	23.180
17/03/2010	7.361	8.264	23.226	27.712	29.320
18/03/2010	22.641	10.125	21.707	28.245	125.200
19/03/2010	27.665	10.745	22.514	29.514	159.300
20/03/2010	6.642	11.159	23.062	30.312	61.970
21/03/2010	2.376	9.966	23.591	29.562	40.850
22/03/2010	1.295	10.729	21.952	29.019	53.960
23/03/2010	0.000	11.406	22.423	30.053	46.720
24/03/2010	0.000	11.073	23.880	30.837	31.280
25/03/2010	0.000	11.805	21.356	29.644	22.600
26/03/2010	0.515	10.517	22.663	29.337	24.500
27/03/2010	6.165	10.461	23.005	29.538	37.910
28/03/2010	0.000	9.934	23.486	29.389	24.500
29/03/2010	0.000	10.834	22.260	29.317	18.780
30/03/2010	36.739	7.284	22.322	25.990	93.420
31/03/2010	2.849	11.146	21.889	29.337	92.740
01/04/2010	1.263	9.883	22.678	28.721	42.920
02/04/2010	11.067	10.696	23.188	29.909	55.770
03/04/2010	15.854	8.258	22.356	26.889	42.080
04/04/2010	6.825	8.321	23.014	27.519	35.290
05/04/2010	10.847	9.922	22.548	28.639	56.630
06/04/2010	14.879	9.506	22.192	27.947	50.860
07/04/2010	8.464	10.462	22.327	28.986	45.370
08/04/2010	13.006	10.822	22.029	29.135	44.810
09/04/2010	11.484	11.780	22.673	30.606	74.150
10/04/2010	10.542	11.395	22.577	30.106	48.790
11/04/2010	15.814	9.540	22.192	27.976	135.600
12/04/2010	3.397	10.470	21.111	28.072	82.950
13/04/2010	6.787	10.518	22.043	28.856	146.200
14/04/2010	1.580	10.311	22.082	28.663	64.350
15/04/2010	3.142	11.517	21.452	29.389	86.050
16/04/2010	3.522	8.932	22.808	27.942	42.920
17/04/2010	4.856	13.041	21.024	30.702	57.060
18/04/2010	3.648	13.137	21.635	31.255	36.320
19/04/2010	19.850	7.936	23.221	27.404	58.370
20/04/2010	1.404	12.393	21.322	30.274	53.960
21/04/2010	0.291	11.376	22.976	30.471	37.360
22/04/2010	11.884	11.470	23.418	30.942	32.190
23/04/2010	2.073	11.126	23.774	30.861	27.840
24/04/2010	1.731	8.311	24.995	29.216	22.010
25/04/2010	11.663	9.483	24.438	29.827	21.580
26/04/2010	7.537	9.731	22.678	28.644	27.840
27/04/2010	14.876	8.382	23.043	27.736	62.540
28/04/2010	15.124	8.201	23.029	27.577	74.640
29/04/2010	4.068	10.367	22.707	29.332	77.240
30/04/2010	0.367	9.134	23.457	28.731	97.400
01/05/2010	0.000	8.544	23.149	27.966	64.350
02/05/2010	24.343	8.469	22.500	27.337	72.600
03/05/2010	10.861	7.539	21.755	25.923	89.230
05/05/2010	14.771	9.287	22.096	27.827	281.500
06/05/2010	1.809	10.103	21.130	27.909	195.200
07/05/2010	7.327	9.138	22.418	27.976	180.500
08/05/2010	9.840	10.064	22.933	29.288	77.020
09/05/2010	17.277	10.321	22.558	29.255	188.900
10/05/2010	13.674	10.238	23.062	29.606	112.200
11/05/2010	18.890	10.812	21.673	29.106	99.630
12/05/2010	16.012	10.280	22.154	28.962	301.900
13/05/2010	5.879	10.893	22.438	29.784	166.700
14/05/2010	8.551	10.840	22.567	29.832	176.000
15/05/2010	7.660	10.718	22.736	29.861	179.400
16/05/2010	9.274	10.057	23.048	29.457	103.100
17/05/2010	10.548	9.071	22.188	27.827	112.200
18/05/2010	1.943	9.423	23.365	29.115	64.160
19/05/2010	11.212	9.729	22.870	29.024	52.520
20/05/2010	26.043	9.134	22.327	28.000	227.600
21/05/2010	14.650	6.780	22.375	25.889	227.200
22/05/2010	11.698	8.440	21.668	26.803	257.600
23/05/2010	23.744	8.988	22.832	28.293	224.800
24/05/2010	3.149	9.333	22.404	28.308	149.100
25/05/2010	25.955	8.292	21.909	26.875	116.500
26/05/2010	30.509	7.481	22.293	26.438	267.000
27/05/2010	3.815	5.836	21.572	24.337	270.200
28/05/2010	0.913	11.125	19.793	28.250	273.400
29/05/2010	9.108	10.583	21.091	28.625	157.200
30/05/2010	3.990	9.695	22.312	28.663	84.190
31/05/2010	13.600	8.021	21.923	26.683	232.100
01/06/2010	6.051	9.905	22.928	29.375	200.800
02/06/2010	2.156	10.335	21.731	28.904	99.840
03/06/2010	4.985	8.422	22.096	27.226	122.600
04/06/2010	0.000	10.003	21.798	28.611	118.200
05/06/2010	22.453	10.536	22.370	29.615	198.300
06/06/2010	17.869	11.135	21.841	29.856	74.150
07/06/2010	20.551	11.179	22.101	30.120	68.070
08/06/2010	1.716	7.198	22.663	26.587	62.980
09/06/2010	13.107	8.933	21.755	27.500	105.800
10/06/2010	0.000	8.969	22.471	28.101	62.160
11/06/2010	18.350	9.586	21.188	27.731	128.700
12/06/2010	12.250	11.302	21.341	29.726	114.100
13/06/2010	28.850	10.080	21.308	28.380	212.400
14/06/2010	18.726	9.075	21.452	27.418	185.900
15/06/2010	0.000	8.676	22.038	27.505	127.600
16/06/2010	20.616	7.427	22.721	26.841	234.200
17/06/2010	7.323	10.353	21.582	28.909	136.500
18/06/2010	5.612	8.221	23.173	27.971	74.770
19/06/2010	8.799	9.903	22.240	28.952	88.870
20/06/2010	14.880	5.133	22.038	24.240	247.300
21/06/2010	2.996	9.350	21.380	27.654	182.300
22/06/2010	17.897	8.247	22.120	27.120	192.300
23/06/2010	1.651	10.103	22.149	29.077	86.050
24/06/2010	11.874	9.766	22.538	29.000	69.400
25/06/2010	12.171	8.619	22.077	27.486	165.700
26/06/2010	3.382	10.260	22.125	29.212	128.800
27/06/2010	41.438	7.127	22.769	26.615	239.100
28/06/2010	0.000	8.728	22.197	27.692	153.500
29/06/2010	2.892	9.354	22.731	28.736	104.000
30/06/2010	8.208	9.484	22.188	28.442	101.600
01/07/2010	20.180	9.523	21.668	28.082	128.600
02/07/2010	11.907	9.204	21.962	27.986	329.100
03/07/2010	10.682	11.032	21.163	29.312	105.800
04/07/2010	21.889	9.223	22.096	28.096	136.000
05/07/2010	3.125	7.825	23.183	27.577	186.300
06/07/2010	23.632	7.288	22.428	26.433	294.400
07/07/2010	7.437	7.996	22.788	27.413	293.300
08/07/2010	3.646	7.781	22.120	26.692	279.700
09/07/2010	18.382	9.521	22.779	28.918	143.800
10/07/2010	1.128	9.202	23.558	29.212	88.590
11/07/2010	25.866	6.379	22.760	25.885	147.500
12/07/2010	0.000	8.579	21.740	27.101	115.900
13/07/2010	19.703	8.242	22.269	27.221	109.700
14/07/2010	15.627	10.218	22.240	29.183	100.600
15/07/2010	41.851	7.629	22.524	26.808	247.400
16/07/2010	43.040	5.579	22.375	24.885	267.000
17/07/2010	6.984	9.324	22.038	28.072	215.300
19/07/2010	4.405	9.337	23.144	28.966	247.900
20/07/2010	8.429	9.472	21.966	28.163	233.500
21/07/2010	15.988	8.737	22.394	27.745	186.300
22/07/2010	8.691	10.905	21.808	29.500	107.000
23/07/2010	4.974	9.324	22.433	28.356	111.700
24/07/2010	2.404	8.835	22.231	27.697	178.400
25/07/2010	0.000	9.884	22.423	28.889	95.110
26/07/2010	15.160	8.305	23.183	27.928	78.790
27/07/2010	33.818	8.888	22.726	28.115	171.900
29/07/2010	1.605	7.832	22.861	27.202	130.600
30/07/2010	2.750	9.848	22.572	28.913	107.300
31/07/2010	14.868	8.449	22.510	27.476	205.800
01/08/2010	3.190	7.078	21.856	25.678	136.000
02/08/2010	28.561	10.306	21.202	28.303	257.600
03/08/2010	10.705	7.975	21.707	26.327	147.500
04/08/2010	3.675	10.714	21.048	28.587	109.900
05/08/2010	10.494	11.724	20.615	29.346	71.520
06/08/2010	25.127	9.542	22.327	28.351	54.230
07/08/2010	6.030	8.778	21.947	27.288	77.720
08/08/2010	3.767	9.956	21.764	28.317	57.840
09/08/2010	2.237	9.536	22.404	28.389	65.400
10/08/2010	2.015	10.189	21.163	28.087	106.300
11/08/2010	6.504	9.620	21.611	27.851	92.770
12/08/2010	4.226	10.580	21.519	28.736	64.470
13/08/2010	1.966	10.087	21.587	28.274	63.790
14/08/2010	8.384	7.608	21.635	25.889	107.100
15/08/2010	19.536	11.308	20.736	28.880	55.870
16/08/2010	10.830	10.311	21.356	28.312	102.300
17/08/2010	2.546	10.403	21.236	28.279	61.680
18/08/2010	17.887	8.988	21.091	26.712	73.380
19/08/2010	0.000	9.551	21.803	27.856	69.760
20/08/2010	33.404	9.060	21.029	26.726	147.300
21/08/2010	2.836	10.500	19.837	27.341	85.620
22/08/2010	10.858	10.576	21.163	28.389	48.360
23/08/2010	0.000	10.034	22.240	28.659	43.920
24/08/2010	6.424	10.141	21.361	28.087	44.130
25/08/2010	27.061	8.533	21.486	26.562	62.880
26/08/2010	26.431	8.859	21.928	27.226	182.300
27/08/2010	21.479	8.917	21.572	26.995	252.000
28/08/2010	17.124	10.010	20.942	27.591	286.300
29/08/2010	20.437	8.408	22.005	26.856	207.600
30/08/2010	0.000	10.408	21.870	28.726	148.600
31/08/2010	21.408	9.508	22.159	28.019	115.200
01/09/2010	13.512	8.582	21.865	26.913	114.000
02/09/2010	14.861	7.846	21.990	26.322	105.200
03/09/2010	0.247	7.544	22.298	26.308	102.800
04/09/2010	7.175	8.967	22.279	27.596	109.600
05/09/2010	18.419	9.263	21.096	26.928	228.100
06/09/2010	2.722	8.698	21.971	27.111	97.790
07/09/2010	34.504	7.879	20.865	25.413	210.200
08/09/2010	0.762	8.998	20.716	26.380	188.800
09/09/2010	17.692	10.283	21.803	28.505	293.000
10/09/2010	10.535	11.064	21.933	29.423	141.900
11/09/2010	0.000	10.437	22.053	28.875	71.420
13/09/2010	7.070	9.063	22.433	27.822	312.300
15/09/2010	3.014	10.021	22.038	28.471	281.600
16/09/2010	26.287	9.606	22.558	28.481	154.400
17/09/2010	5.970	8.702	22.413	27.476	218.700
18/09/2010	19.828	9.869	21.466	27.894	245.900
19/09/2010	15.562	9.697	20.822	27.207	157.400
22/09/2010	3.794	9.847	20.947	27.452	371.100
23/09/2010	23.116	9.996	20.639	27.409	290.200
24/09/2010	29.300	7.723	21.399	25.798	240.000
25/09/2010	10.213	9.157	21.620	27.322	139.200
26/09/2010	8.564	9.823	21.221	27.678	118.600
28/09/2010	0.505	10.593	21.236	28.529	244.300
29/09/2010	27.194	11.574	21.620	29.851	227.500
30/09/2010	5.009	9.985	21.178	27.865	122.800
01/10/2010	13.064	11.432	20.298	28.755	119.900
03/10/2010	2.977	11.040	20.591	28.572	182.900
06/10/2010	11.921	8.392	21.630	26.721	372.300
07/10/2010	7.480	10.630	21.514	28.899	285.500
08/10/2010	20.025	10.553	21.668	28.942	326.500
09/10/2010	8.513	8.998	21.865	27.534	232.200
10/10/2010	4.207	8.744	22.755	28.038	119.900
11/10/2010	0.000	9.586	22.644	28.784	80.610
12/10/2010	7.530	9.907	22.106	28.697	95.660
13/10/2010	2.716	9.321	23.058	28.870	75.440
14/10/2010	26.479	7.826	23.558	27.861	121.400
15/10/2010	19.080	8.029	21.750	26.553	109.600
16/10/2010	14.372	7.790	20.938	25.673	105.800
17/10/2010	23.207	8.305	20.942	26.207	122.100
18/10/2010	9.331	7.611	20.716	25.327	272.300
19/10/2010	3.286	10.559	20.385	28.207	149.100
21/10/2010	12.848	9.949	19.216	26.697	240.200
22/10/2010	28.178	7.444	21.784	26.120	184.200
23/10/2010	7.653	7.643	20.803	25.495	123.400
24/10/2010	4.784	8.941	20.788	26.856	216.600
25/10/2010	9.633	8.213	21.385	26.577	297.600
26/10/2010	0.000	7.805	21.394	26.207	173.200
27/10/2010	9.826	6.817	22.745	26.394	174.900
28/10/2010	4.953	9.435	20.913	27.548	181.400
29/10/2010	27.976	10.105	19.966	27.611	293.800
30/10/2010	12.152	9.795	20.279	27.505	336.500
31/10/2010	19.994	8.859	21.245	27.274	230.900
01/11/2010	14.100	8.771	22.019	27.803	175.300
02/11/2010	26.205	10.610	21.308	29.284	295.800
03/11/2010	2.372	10.284	20.822	28.553	287.800
04/11/2010	11.246	10.017	22.341	29.452	258.000
05/11/2010	24.138	9.490	22.221	28.788	251.600
06/11/2010	28.541	8.637	21.966	27.683	311.600
08/11/2010	0.905	6.615	21.471	25.255	300.100
09/11/2010	1.174	7.320	20.846	25.476	292.400
10/11/2010	1.744	8.115	21.120	26.538	269.900
11/11/2010	0.000	8.601	21.303	27.240	150.500
12/11/2010	36.787	8.594	21.562	27.471	262.300
13/11/2010	21.826	6.973	22.019	26.154	201.100
16/11/2010	0.000	8.421	21.784	27.500	357.000
17/11/2010	13.814	5.412	21.341	24.115	304.900
18/11/2010	4.702	5.433	21.601	24.428	239.800
19/11/2010	0.000	7.768	20.716	25.976	195.000
20/11/2010	0.000	7.594	21.913	26.798	126.400
21/11/2010	15.798	8.832	20.990	27.423	170.800
22/11/2010	0.000	8.597	21.707	27.740	117.100
23/11/2010	43.260	8.384	21.322	27.192	297.800
24/11/2010	0.000	8.469	21.058	27.106	250.000
25/11/2010	5.184	7.744	22.014	27.091	158.800
26/11/2010	0.000	8.091	21.673	27.202	111.100
27/11/2010	7.837	8.570	21.620	27.712	195.600
28/11/2010	27.158	9.154	21.620	28.380	170.100
29/11/2010	37.374	8.035	22.442	27.788	187.000
30/11/2010	0.000	8.766	21.183	27.630	116.900
01/12/2010	13.754	8.752	21.423	27.808	190.800
02/12/2010	6.987	9.014	21.697	28.351	306.000
03/12/2010	8.216	6.575	21.962	25.933	342.100
06/12/2010	0.000	9.482	21.779	28.981	191.700
07/12/2010	0.000	7.710	22.865	27.909	106.100
08/12/2010	8.089	8.438	21.630	27.673	147.900
09/12/2010	13.934	8.552	21.779	27.976	196.600
10/12/2010	0.000	8.400	21.630	27.659	205.800
11/12/2010	20.838	8.062	21.889	27.476	243.300
12/12/2010	4.931	7.627	22.466	27.476	117.000
13/12/2010	24.645	5.568	22.524	25.462	183.200
14/12/2010	0.000	7.272	21.986	26.692	197.800
15/12/2010	4.386	6.900	21.385	25.808	304.200
16/12/2010	8.353	7.477	21.812	26.803	253.500
17/12/2010	14.076	8.641	21.236	27.649	171.900
18/12/2010	13.655	7.532	21.707	26.793	106.500
19/12/2010	32.835	8.334	20.457	26.668	148.600
21/12/2010	0.000	7.409	20.269	25.452	287.000
22/12/2010	0.000	8.168	21.365	27.183	136.900
23/12/2010	0.000	8.467	20.981	27.226	120.800
24/12/2010	0.000	8.806	20.957	27.620	86.950
25/12/2010	0.589	8.235	21.962	27.750	79.010
26/12/2010	22.120	8.811	21.053	27.697	111.300
27/12/2010	15.060	8.564	21.938	28.087	94.900
28/12/2010	0.000	9.193	21.284	28.308	62.980
29/12/2010	0.000	8.443	23.486	29.163	50.570
30/12/2010	0.000	8.924	22.337	28.784	49.200
31/12/2010	0.000	10.391	20.962	29.442	46.600
01/01/2011	0.000	9.981	20.538	28.630	42.000
02/01/2011	0.000	9.151	21.375	28.255	36.170
03/01/2011	0.000	9.113	20.308	27.394	35.240
04/01/2011	1.826	8.949	19.952	26.909	61.330
05/01/2011	27.305	8.822	21.894	28.250	250.900
06/01/2011	0.000	9.593	21.005	28.442	130.100
07/01/2011	4.741	6.932	21.769	26.091	93.240
08/01/2011	1.515	7.852	21.635	26.957	103.000
09/01/2011	10.038	7.973	21.635	27.106	67.100
10/01/2011	0.730	7.671	22.510	27.462	58.700
11/01/2011	0.000	9.024	21.683	28.250	44.350
12/01/2011	0.481	9.044	22.072	28.558	39.770
13/01/2011	0.000	8.458	21.832	27.712	35.240
14/01/2011	0.000	9.187	22.087	28.692	31.110
15/01/2011	0.000	10.600	20.308	28.976	37.850
16/01/2011	17.584	9.015	21.510	28.029	42.760
17/01/2011	0.679	8.245	22.303	27.798	40.720
18/01/2011	4.369	8.890	21.688	27.990	92.090
19/01/2011	0.000	9.169	21.625	28.269	52.570
20/01/2011	0.000	11.045	19.620	28.904	33.410
21/01/2011	0.000	9.954	20.173	27.981	35.680
22/01/2011	0.000	10.783	19.760	28.649	25.410
23/01/2011	0.000	8.698	21.019	27.154	22.500
24/01/2011	0.000	8.994	21.303	27.678	21.180
25/01/2011	0.000	10.390	19.288	27.745	20.360
26/01/2011	0.000	10.347	21.197	29.067	19.050
27/01/2011	46.488	9.180	21.481	27.976	21.200
28/01/2011	0.000	9.906	20.500	28.024	38.470
29/01/2011	3.058	10.258	20.736	28.558	25.560
30/01/2011	0.000	10.471	20.827	28.851	24.300
31/01/2011	0.000	9.502	22.486	29.000	30.610
01/02/2011	0.000	9.925	21.514	28.712	21.690
02/02/2011	0.000	10.457	22.562	30.067	19.560
03/02/2011	0.000	10.545	21.322	29.197	17.690
04/02/2011	1.344	10.832	21.173	29.385	16.890
05/02/2011	0.000	12.220	20.212	30.250	16.190
06/02/2011	0.000	11.524	20.841	29.865	15.480
07/02/2011	9.819	8.398	23.202	28.298	22.070
08/02/2011	0.000	7.699	21.466	26.168	23.540
09/02/2011	0.000	9.191	21.274	27.534	25.300
10/02/2011	0.000	10.828	21.024	29.101	37.760
11/02/2011	1.372	10.954	20.312	28.707	24.970
12/02/2011	1.867	9.637	22.139	28.649	24.630
13/02/2011	16.597	8.885	22.260	27.933	21.660
14/02/2011	8.496	9.901	20.558	27.659	49.470
15/02/2011	2.747	10.137	21.394	28.524	31.350
16/02/2011	13.800	8.359	21.764	26.962	26.870
17/02/2011	23.168	8.303	20.837	26.106	100.700
18/02/2011	0.976	9.330	20.466	26.885	57.750
19/02/2011	0.000	10.399	20.312	27.918	62.500
20/02/2011	0.000	11.488	20.038	28.880	37.210
21/02/2011	0.000	13.090	18.490	29.591	30.520
22/02/2011	0.000	12.825	19.019	29.606	21.070
23/02/2011	1.138	8.394	22.611	27.538	18.110
24/02/2011	0.704	8.626	21.288	26.683	22.980
25/02/2011	4.418	10.257	21.207	28.298	18.380
26/02/2011	7.144	10.468	22.212	29.260	17.090
27/02/2011	33.819	8.570	22.077	27.231	16.320
28/02/2011	0.000	10.368	21.236	28.385	29.180
01/03/2011	45.344	8.006	21.135	25.889	229.300
02/03/2011	16.419	7.331	20.745	24.933	242.400
03/03/2011	1.434	7.770	20.817	25.375	300.300
04/03/2011	0.000	9.092	21.178	26.952	203.300
05/03/2011	0.000	10.343	19.409	26.889	81.310
06/03/2011	0.156	9.910	20.197	26.995	119.400
07/03/2011	0.928	9.710	20.736	27.197	166.500
08/03/2011	7.366	9.760	21.173	27.587	89.990
09/03/2011	18.096	9.745	21.178	27.538	134.800
11/03/2011	0.000	9.531	20.899	27.077	169.100
12/03/2011	0.000	10.455	21.082	28.159	183.300
13/03/2011	0.000	10.929	20.115	27.909	174.000
14/03/2011	0.000	10.922	20.663	28.308	103.000
15/03/2011	0.000	12.462	19.861	29.341	70.430
16/03/2011	0.000	11.242	21.356	29.130	55.980
17/03/2011	0.000	11.137	21.615	29.202	42.220
18/03/2011	6.955	10.477	22.611	29.303	37.540
19/03/2011	20.443	10.759	21.389	28.659	32.420
20/03/2011	20.418	10.171	20.788	27.572	74.840
21/03/2011	13.092	8.891	20.894	26.370	176.100
23/03/2011	1.479	9.258	20.957	26.736	268.800
24/03/2011	8.349	11.366	20.779	28.764	171.900
25/03/2011	29.117	10.260	20.764	27.635	216.000
26/03/2011	7.325	10.498	21.202	28.168	276.000
27/03/2011	24.775	11.357	22.173	29.784	276.700
28/03/2011	6.763	10.330	22.793	29.245	169.200
29/03/2011	18.316	10.955	21.764	29.058	223.200
30/03/2011	0.431	11.824	20.774	29.226	176.900
31/03/2011	11.770	11.089	21.692	29.154	171.900
01/04/2011	0.905	11.743	22.548	30.433	84.620
02/04/2011	17.487	10.710	22.413	29.303	93.920
03/04/2011	1.061	8.925	22.106	27.351	102.700
04/04/2011	13.924	10.410	21.880	28.601	106.300
05/04/2011	13.732	10.121	21.793	28.250	88.900
06/04/2011	7.351	9.878	21.784	27.995	183.000
07/04/2011	8.510	11.016	21.514	28.928	120.300
08/04/2011	20.884	9.703	21.562	27.644	156.500
09/04/2011	8.996	9.226	21.466	27.106	89.860
10/04/2011	37.481	7.452	20.913	24.962	155.800
11/04/2011	1.754	9.446	21.029	26.981	146.800
12/04/2011	13.530	6.671	21.308	24.615	254.800
14/04/2011	18.980	9.852	21.308	27.587	277.600
15/04/2011	22.788	8.268	21.995	26.606	276.700
18/04/2011	14.815	9.612	21.543	27.558	291.700
19/04/2011	8.927	9.219	21.817	27.399	257.100
20/04/2011	20.907	7.686	21.904	26.043	236.700
22/04/2011	1.971	9.744	20.423	26.837	309.400
23/04/2011	8.373	9.250	21.418	27.144	213.000
24/04/2011	20.443	9.240	21.880	27.524	268.400
25/04/2011	35.545	8.236	22.505	27.087	356.000
26/04/2011	13.585	12.235	21.337	30.168	214.100
27/04/2011	12.761	11.745	21.514	29.788	330.500
28/04/2011	17.364	8.824	21.558	26.875	272.900
29/04/2011	0.000	11.893	21.130	29.688	150.600
30/04/2011	11.335	9.438	22.014	27.899	190.400
01/05/2011	12.748	9.671	22.010	28.106	170.800
02/05/2011	16.724	10.427	20.851	27.995	204.300
03/05/2011	19.026	8.680	21.635	26.875	118.300
04/05/2011	3.069	10.667	21.764	28.942	83.790
05/05/2011	22.811	9.896	22.365	28.630	155.000
06/05/2011	7.873	10.868	21.933	29.308	109.100
07/05/2011	4.713	10.911	21.543	29.062	140.500
08/05/2011	5.499	10.263	22.577	29.236	81.820
09/05/2011	12.691	10.783	22.010	29.312	210.100
10/05/2011	14.137	8.868	23.337	28.481	112.300
11/05/2011	15.937	9.118	22.365	27.966	152.600
12/05/2011	23.524	7.801	22.428	26.784	163.700
13/05/2011	3.860	6.995	21.587	25.385	98.670
14/05/2011	18.506	8.756	20.952	26.471	354.700
15/05/2011	0.733	9.297	21.697	27.611	163.500
20/05/2011	2.343	7.725	22.245	26.567	372.400
21/05/2011	14.504	10.028	20.865	27.779	228.900
22/05/2011	8.880	9.134	21.702	27.524	189.600
24/05/2011	13.286	8.671	21.923	27.269	285.400
25/05/2011	23.557	8.794	21.981	27.423	214.400
26/05/2011	9.468	8.605	21.692	27.019	249.300
27/05/2011	5.342	10.326	21.188	28.413	136.600
28/05/2011	22.383	10.482	20.947	28.409	155.700
29/05/2011	1.785	9.578	20.962	27.452	138.800
30/05/2011	0.571	9.757	21.317	27.933	96.860
31/05/2011	18.265	8.751	22.591	27.923	223.000
01/06/2011	17.983	9.956	22.442	29.038	283.300
04/06/2011	4.080	8.262	22.091	27.082	248.200
05/06/2011	3.160	10.383	21.428	28.750	208.800
06/06/2011	1.236	9.532	22.822	28.933	121.200
07/06/2011	14.643	8.644	21.784	27.216	251.500
08/06/2011	1.522	8.804	22.188	27.721	244.100
09/06/2011	4.538	9.596	23.144	29.279	127.700
10/06/2011	0.870	10.266	22.135	29.197	84.420
11/06/2011	1.959	10.471	22.221	29.481	91.280
12/06/2011	16.633	10.813	22.798	30.293	93.910
13/06/2011	5.246	9.705	23.197	29.466	92.600
14/06/2011	13.891	9.671	23.034	29.298	242.900
15/06/2011	6.558	9.398	22.673	28.750	87.430
16/06/2011	17.724	9.034	22.519	28.221	121.600
17/06/2011	9.157	7.436	23.091	27.183	107.700
18/06/2011	2.200	9.051	22.394	28.139	82.890
19/06/2011	3.372	7.235	22.337	26.346	84.800
20/06/2011	8.111	9.633	21.981	28.418	95.300
21/06/2011	0.801	10.525	21.481	29.000	120.200
22/06/2011	3.384	9.125	22.899	28.644	69.110
23/06/2011	25.214	8.792	21.620	27.303	138.800
24/06/2011	14.487	9.705	21.087	27.832	281.900
25/06/2011	28.258	7.845	22.029	26.668	292.700
26/06/2011	20.597	8.897	21.861	27.587	233.500
27/06/2011	7.441	7.717	22.202	26.697	168.800
28/06/2011	0.000	10.332	21.668	28.933	113.400
29/06/2011	2.227	9.779	21.962	28.562	67.090
30/06/2011	23.480	8.285	22.014	27.082	84.470
01/07/2011	19.819	9.767	21.832	28.423	236.300
02/07/2011	1.179	9.840	21.986	28.639	134.000
03/07/2011	0.000	10.440	21.760	29.144	107.900
04/07/2011	6.585	7.968	22.788	27.409	70.400
05/07/2011	0.271	9.630	21.173	27.808	130.600
06/07/2011	6.236	8.250	22.159	27.154	68.860
07/07/2011	1.399	10.196	21.274	28.476	95.110
08/07/2011	0.326	11.456	21.356	29.875	53.280
09/07/2011	0.000	9.327	23.524	29.293	42.490
10/07/2011	21.861	10.914	22.029	29.784	46.660
11/07/2011	14.516	9.759	22.274	28.764	109.700
12/07/2011	14.542	8.684	23.024	28.274	65.760
13/07/2011	20.297	7.835	21.918	26.529	70.210
14/07/2011	15.671	7.850	21.707	26.351	189.200
16/07/2011	5.486	10.483	21.274	28.688	202.700
17/07/2011	0.000	9.868	22.779	29.221	88.250
18/07/2011	19.153	8.001	22.995	27.548	177.200
19/07/2011	10.408	10.545	22.332	29.558	147.200
20/07/2011	5.397	8.224	23.981	28.577	101.400
21/07/2011	4.746	10.131	22.361	29.149	82.790
22/07/2011	0.277	11.663	22.351	30.712	65.570
23/07/2011	5.506	10.936	22.654	30.159	60.290
24/07/2011	8.259	10.423	21.601	28.808	48.660
25/07/2011	0.000	11.009	22.438	30.053	41.520
26/07/2011	14.439	11.092	22.433	30.125	53.680
27/07/2011	9.206	10.155	22.510	29.192	46.360
28/07/2011	16.106	10.290	22.240	29.115	51.700
30/07/2011	12.327	5.627	22.053	24.572	288.000
31/07/2011	1.214	10.384	20.745	28.034	173.700
01/08/2011	1.754	9.824	21.312	27.899	92.600
02/08/2011	13.412	10.029	22.534	29.048	82.660
03/08/2011	23.874	8.705	21.894	27.202	162.900
04/08/2011	0.206	10.715	21.005	28.582	87.870
05/08/2011	0.000	10.447	21.663	28.808	64.310
06/08/2011	0.093	11.903	21.010	29.827	53.340
07/08/2011	15.501	11.941	21.236	30.029	52.170
08/08/2011	0.000	11.445	21.562	29.731	48.170
09/08/2011	0.000	9.984	22.601	28.995	39.020
10/08/2011	8.952	11.681	20.957	29.500	109.000
11/08/2011	7.998	11.485	21.471	29.659	70.240
12/08/2011	33.533	8.387	21.721	26.673	73.980
13/08/2011	5.072	10.135	21.827	28.514	156.600
14/08/2011	4.767	9.520	22.250	28.216	101.200
15/08/2011	17.187	7.978	21.846	26.389	134.300
16/08/2011	12.778	10.289	20.909	27.933	170.200
17/08/2011	10.896	9.672	20.918	27.274	186.500
18/08/2011	17.235	10.355	22.394	29.115	114.000
19/08/2011	22.756	8.614	20.755	26.072	343.100
20/08/2011	5.204	8.298	21.288	26.192	194.100
21/08/2011	2.095	9.526	21.337	27.447	89.660
22/08/2011	11.809	9.588	21.120	27.327	147.200
23/08/2011	6.434	9.307	22.404	28.067	91.630
24/08/2011	29.046	9.165	21.216	26.971	152.400
25/08/2011	15.568	9.812	21.240	27.639	239.600
26/08/2011	9.469	9.684	21.654	27.841	113.900
27/08/2011	0.000	10.769	22.038	29.212	68.650
28/08/2011	22.293	9.415	21.553	27.462	212.800
29/08/2011	4.842	10.087	21.423	28.043	91.460
30/08/2011	7.651	11.876	21.385	29.851	80.590
31/08/2011	0.000	10.638	22.346	29.317	58.610
01/09/2011	1.157	11.679	21.399	29.678	45.720
02/09/2011	1.041	11.704	20.861	29.279	40.820
03/09/2011	26.295	9.820	20.659	27.159	46.960
04/09/2011	0.000	10.860	21.019	28.500	40.900
05/09/2011	0.000	10.820	21.966	29.202	33.990
06/09/2011	3.561	9.300	22.659	28.245	31.410
07/09/2011	2.824	9.108	23.077	28.399	56.040
08/09/2011	5.714	9.230	20.971	26.827	62.480
09/09/2011	18.246	10.636	21.245	28.428	246.500
10/09/2011	17.269	9.886	21.918	28.226	94.890
11/09/2011	3.759	8.366	21.668	26.538	105.500
12/09/2011	3.564	10.040	21.846	28.351	82.420
13/09/2011	1.913	11.508	21.654	29.683	44.390
14/09/2011	3.393	11.422	21.365	29.375	58.580
15/09/2011	5.266	10.436	22.837	29.510	48.800
16/09/2011	21.455	9.600	20.909	27.159	33.840
17/09/2011	0.000	9.728	21.740	27.928	104.200
18/09/2011	10.119	7.845	21.341	25.793	81.370
19/09/2011	12.981	11.293	21.399	29.288	111.900
20/09/2011	30.273	9.497	21.389	27.457	160.900
21/09/2011	4.823	9.281	21.077	27.019	76.720
22/09/2011	4.382	10.109	22.606	29.048	131.900
23/09/2011	0.868	11.165	22.038	29.659	53.940
24/09/2011	26.221	9.962	22.490	28.817	75.450
25/09/2011	6.318	10.506	21.178	28.380	43.730
26/09/2011	10.404	10.215	21.707	28.490	35.500
27/09/2011	0.000	11.237	20.962	29.005	30.450
28/09/2011	8.559	9.776	23.077	29.125	29.580
29/09/2011	34.985	8.189	23.317	27.841	63.670
30/09/2011	0.419	9.942	22.240	28.663	42.080
01/10/2011	14.707	8.246	22.144	26.947	42.920
02/10/2011	10.778	8.848	21.380	26.894	77.740
03/10/2011	5.178	9.415	21.481	27.572	62.800
04/10/2011	23.264	7.021	21.601	25.351	41.880
05/10/2011	0.579	8.652	20.788	26.260	62.980
06/10/2011	8.916	7.716	21.885	26.255	128.400
07/10/2011	18.165	9.676	21.188	27.639	263.800
08/10/2011	15.322	8.709	21.663	27.058	152.100
09/10/2011	19.103	9.354	20.899	27.163	167.500
10/10/2011	27.263	8.587	21.625	26.913	431.200
11/10/2011	3.973	7.745	21.034	25.663	217.400
12/10/2011	9.206	9.739	21.264	27.841	229.600
14/10/2011	0.000	9.510	21.476	27.793	334.300
15/10/2011	20.746	9.037	20.649	26.697	385.900
16/10/2011	6.847	8.498	21.058	26.466	239.500
17/10/2011	0.367	8.576	20.938	26.486	213.100
18/10/2011	45.222	8.536	20.394	26.019	393.100
19/10/2011	0.000	8.319	20.736	26.082	186.300
20/10/2011	35.149	7.292	20.548	24.899	313.900
21/10/2011	4.414	8.774	20.284	26.207	266.300
22/10/2011	0.000	11.179	19.312	28.183	132.400
23/10/2011	0.000	10.885	19.375	27.899	80.840
24/10/2011	0.893	6.915	21.750	25.596	64.350
25/10/2011	11.122	7.750	20.817	25.639	76.600
26/10/2011	5.815	8.955	21.534	27.476	77.700
27/10/2011	3.774	8.835	21.375	27.264	122.400
28/10/2011	36.611	6.065	21.654	24.779	210.200
29/10/2011	6.580	8.912	21.048	27.115	174.100
30/10/2011	19.305	6.589	20.889	24.639	288.100
31/10/2011	0.000	9.740	19.452	26.856	189.600
01/11/2011	0.000	8.725	21.553	27.365	88.030
02/11/2011	0.000	10.197	21.755	29.144	99.320
03/11/2011	12.237	10.282	21.514	29.101	73.310
04/11/2011	11.451	7.230	22.442	26.635	223.600
05/11/2011	0.000	9.785	21.255	28.380	92.410
06/11/2011	19.431	8.740	22.144	27.976	139.000
07/11/2011	16.314	9.112	22.389	28.572	143.900
08/11/2011	25.993	7.761	21.966	26.832	130.800
09/11/2011	1.979	7.873	21.707	26.736	244.800
10/11/2011	4.942	8.589	21.957	27.736	185.100
11/11/2011	2.645	6.075	21.712	24.990	235.500
12/11/2011	27.099	7.672	21.827	26.663	371.200
13/11/2011	2.600	7.330	21.346	25.933	294.000
14/11/2011	7.949	8.676	21.447	27.490	142.300
15/11/2011	28.874	9.785	20.875	28.293	190.000
16/11/2011	13.601	7.708	22.014	26.933	184.900
17/11/2011	0.634	7.779	21.793	26.837	112.000
19/11/2011	2.945	8.054	20.976	26.510	284.800
20/11/2011	0.232	6.425	21.322	25.096	182.500
21/11/2011	11.774	7.803	21.337	26.534	170.300
22/11/2011	7.687	10.242	20.298	28.543	176.900
23/11/2011	5.945	8.375	21.702	27.505	193.300
24/11/2011	21.265	7.997	21.481	26.938	314.300
25/11/2011	12.854	8.034	21.524	26.995	370.000
26/11/2011	4.869	8.773	21.630	27.933	152.100
27/11/2011	33.373	8.318	21.851	27.611	297.400
28/11/2011	26.813	8.466	21.260	27.322	327.900
29/11/2011	29.987	8.371	20.760	26.837	486.000
30/11/2011	1.430	9.833	20.649	28.471	270.400
02/12/2011	0.000	9.596	20.822	28.322	291.400
03/12/2011	1.594	7.703	22.178	27.260	229.600
04/12/2011	1.844	8.970	21.101	27.846	159.200
05/12/2011	15.332	6.597	22.510	26.394	159.300
08/12/2011	27.721	7.271	21.418	26.221	431.200
09/12/2011	0.000	9.633	21.346	28.846	226.300
10/12/2011	0.000	9.081	21.885	28.635	142.300
11/12/2011	34.403	8.397	21.913	27.885	160.500
12/12/2011	60.584	7.275	21.644	26.428	382.000
13/12/2011	0.000	6.429	21.981	25.822	255.200
14/12/2011	1.937	8.023	21.332	27.048	273.300
15/12/2011	6.627	8.235	21.620	27.500	321.500
16/12/2011	21.867	7.010	22.293	26.697	431.200
17/12/2011	7.805	7.378	21.933	26.798	391.100
18/12/2011	4.301	8.712	21.587	28.005	269.800
19/12/2011	11.677	7.536	22.202	27.202	393.400
20/12/2011	2.923	8.059	21.981	27.606	270.100
21/12/2011	0.000	8.340	23.250	28.904	129.200
22/12/2011	0.560	10.336	21.192	29.601	92.180
23/12/2011	0.000	7.275	24.000	28.404	77.600
24/12/2011	0.000	8.293	21.918	27.793	58.510
25/12/2011	0.558	7.818	22.707	27.889	50.620
26/12/2011	0.000	8.533	22.774	28.716	45.370
27/12/2011	0.000	9.120	21.433	28.341	55.770
28/12/2011	13.848	8.560	22.173	28.288	42.920
29/12/2011	0.000	9.232	21.091	28.207	39.010
30/12/2011	19.567	7.604	23.192	28.043	44.680
31/12/2011	0.000	9.205	21.986	28.837	39.430
01/01/2012	0.000	9.920	21.851	29.524	47.830
02/01/2012	3.948	9.036	22.038	28.663	37.360
03/01/2012	1.675	7.587	21.308	26.438	53.850
04/01/2012	0.000	8.232	20.702	26.692	47.830
05/01/2012	3.314	6.881	21.255	25.596	45.370
06/01/2012	0.763	8.766	20.986	27.495	80.970
07/01/2012	0.109	8.216	22.067	27.707	57.640
08/01/2012	2.430	9.595	20.678	28.192	37.360
09/01/2012	0.000	8.981	20.861	27.611	37.360
10/01/2012	0.000	9.400	21.096	28.231	32.190
11/01/2012	2.432	8.068	21.750	27.255	57.750
12/01/2012	0.000	7.591	22.712	27.524	31.320
13/01/2012	0.000	9.527	21.481	28.649	38.390
14/01/2012	13.019	9.321	21.096	28.091	46.050
15/01/2012	6.084	8.392	22.043	27.798	60.110
16/01/2012	0.942	9.778	20.375	28.053	226.500
17/01/2012	1.422	8.926	20.909	27.442	34.260
18/01/2012	15.235	9.655	19.880	27.495	36.120
19/01/2012	1.946	8.526	21.072	27.077	88.680
20/01/2012	0.000	9.794	20.183	27.837	46.590
21/01/2012	0.000	9.900	21.091	28.601	40.020
22/01/2012	0.000	9.584	20.620	27.865	35.290
23/01/2012	0.000	9.472	20.981	27.990	27.840
24/01/2012	4.137	9.280	21.490	28.149	24.500
25/01/2012	2.537	8.328	19.798	25.774	60.440
26/01/2012	0.000	9.743	19.880	27.413	35.450
27/01/2012	2.590	7.866	22.058	27.019	24.500
28/01/2012	0.000	8.027	22.087	27.202	22.890
29/01/2012	1.946	8.499	22.500	28.005	23.040
30/01/2012	5.645	8.780	20.822	27.000	46.600
31/01/2012	7.377	10.441	20.154	28.308	48.790
01/02/2012	0.000	9.771	21.279	28.351	41.690
02/02/2012	0.000	9.693	21.486	28.418	37.360
03/02/2012	0.000	10.514	20.466	28.529	30.450
04/02/2012	0.000	11.036	21.591	29.909	27.840
05/02/2012	11.943	9.152	21.808	27.986	55.900
06/02/2012	16.310	6.941	22.125	26.034	38.390
07/02/2012	0.000	10.391	21.043	28.726	36.320
08/02/2012	36.379	7.453	22.514	26.812	83.300
09/02/2012	9.186	10.928	20.635	28.981	98.610
10/02/2012	0.169	9.590	21.562	28.188	87.480
11/02/2012	3.627	9.424	22.293	28.553	67.880
12/02/2012	2.632	9.049	21.111	27.212	42.080
13/02/2012	0.209	10.696	20.745	28.683	41.880
14/02/2012	0.000	11.649	20.197	29.327	30.450
15/02/2012	0.000	10.701	20.947	28.803	24.500
16/02/2012	0.000	10.501	20.683	28.346	22.310
17/02/2012	0.000	11.947	19.774	29.269	20.120
18/02/2012	0.000	12.225	19.500	29.365	19.390
19/02/2012	0.000	11.910	20.000	29.337	17.580
20/02/2012	0.000	12.005	19.572	29.135	16.740
21/02/2012	0.000	11.115	21.072	29.178	16.980
22/02/2012	0.175	11.435	21.043	29.476	17.820
23/02/2012	0.000	12.526	20.841	30.524	15.890
24/02/2012	0.000	11.163	22.606	30.303	15.290
25/02/2012	3.468	10.670	22.817	29.942	14.570
26/02/2012	5.000	10.417	22.188	29.202	16.620
27/02/2012	0.000	12.576	20.779	30.433	16.010
28/02/2012	0.000	11.474	21.341	29.601	16.010
29/02/2012	0.000	12.122	21.067	30.091	14.260
01/03/2012	0.000	12.803	20.986	30.740	16.980
02/03/2012	0.000	12.592	21.274	30.707	17.820
03/03/2012	6.776	13.738	21.250	31.894	15.530
04/03/2012	11.149	13.873	22.712	33.062	15.770
05/03/2012	22.970	11.469	21.221	29.413	49.440
06/03/2012	0.463	12.340	21.678	30.663	30.480
07/03/2012	4.087	11.557	22.394	30.351	25.000
08/03/2012	2.786	12.647	21.606	30.894	28.710
09/03/2012	8.863	11.769	21.774	30.062	23.040
10/03/2012	19.968	7.537	21.380	25.510	28.710
11/03/2012	10.291	11.444	21.048	29.168	45.560
12/03/2012	0.000	11.730	21.712	29.913	25.510
13/03/2012	22.699	11.652	22.346	30.293	27.660
14/03/2012	3.468	11.889	21.928	30.226	48.270
15/03/2012	6.466	13.135	21.615	31.303	21.580
16/03/2012	13.946	11.658	22.433	30.337	29.920
17/03/2012	14.370	9.646	21.692	27.740	56.020
18/03/2012	2.506	11.861	22.394	30.495	30.780
19/03/2012	18.305	9.629	21.784	27.774	94.220
20/03/2012	4.066	10.629	20.788	28.019	129.600
21/03/2012	10.749	11.352	21.394	29.188	35.500
22/03/2012	31.411	8.344	20.875	25.769	196.200
23/03/2012	0.119	12.060	21.976	30.341	124.200
24/03/2012	0.112	12.004	20.798	29.404	43.900
25/03/2012	16.957	11.400	21.197	29.072	58.510
27/03/2012	0.000	11.847	21.269	29.596	200.700
28/03/2012	1.257	11.283	21.822	29.418	63.160
29/03/2012	0.690	12.187	22.149	30.596	46.850
30/03/2012	34.169	10.183	22.125	28.558	334.300
31/03/2012	0.000	12.146	22.457	30.764	96.240
01/04/2012	14.334	11.367	22.462	30.000	64.710
02/04/2012	12.606	11.257	22.154	29.635	267.600
03/04/2012	12.133	10.902	22.072	29.216	96.030
04/04/2012	15.057	9.571	21.933	27.817	120.000
05/04/2012	12.695	7.963	22.216	26.534	93.880
06/04/2012	5.875	9.941	21.101	27.490	114.100
07/04/2012	32.132	7.989	21.452	25.889	141.700
08/04/2012	11.936	9.035	21.212	26.740	196.500
09/04/2012	1.299	7.440	21.394	25.370	178.000
10/04/2012	0.707	11.249	20.178	28.163	123.600
11/04/2012	2.892	9.927	20.635	27.149	91.980
12/04/2012	22.844	6.806	21.125	24.572	323.800
13/04/2012	28.216	9.861	21.005	27.365	223.400
14/04/2012	8.775	10.151	20.740	27.452	160.500
15/04/2012	7.637	10.305	21.721	28.404	93.880
16/04/2012	10.167	10.746	21.288	28.514	57.140
17/04/2012	26.407	8.337	21.885	26.620	111.000
18/04/2012	8.528	9.436	21.438	27.312	305.500
19/04/2012	13.272	10.608	21.043	28.202	343.600
20/04/2012	1.213	9.399	21.399	27.293	211.800
21/04/2012	16.501	11.121	20.986	28.678	147.300
22/04/2012	12.507	10.422	21.067	28.053	118.600
23/04/2012	0.000	10.686	21.601	28.731	75.940
24/04/2012	24.683	9.509	21.096	27.159	318.700
25/04/2012	9.718	11.672	20.553	29.005	342.300
26/04/2012	12.807	10.550	22.236	29.115	320.500
27/04/2012	17.873	10.635	21.745	28.856	185.400
28/04/2012	8.306	9.146	21.322	27.043	180.300
29/04/2012	6.783	9.778	21.716	27.962	276.700
30/04/2012	6.954	9.998	22.409	28.740	119.500
01/05/2012	18.427	9.497	21.635	27.644	272.600
02/05/2012	7.143	9.790	20.558	27.115	153.600
03/05/2012	4.538	10.008	21.702	28.212	151.800
04/05/2012	12.285	10.321	21.601	28.495	257.200
06/05/2012	3.863	9.909	21.548	28.019	385.600
07/05/2012	24.990	6.939	21.197	24.894	311.200
08/05/2012	5.678	10.686	20.048	27.731	270.700
09/05/2012	23.764	7.971	21.274	25.938	272.500
10/05/2012	1.371	10.708	20.990	28.481	174.100
11/05/2012	14.412	8.084	21.365	26.135	229.900
12/05/2012	4.193	9.778	21.562	27.981	217.100
13/05/2012	7.907	9.505	21.668	27.808	217.400
14/05/2012	2.552	8.892	22.870	28.173	92.740
15/05/2012	3.922	10.457	21.692	28.812	269.800
16/05/2012	3.130	9.201	23.163	28.716	74.150
17/05/2012	14.571	10.853	21.587	29.173	118.800
18/05/2012	13.151	8.753	22.601	27.841	126.200
19/05/2012	16.729	7.081	21.625	25.466	100.500
20/05/2012	24.120	8.583	20.572	26.082	74.150
21/05/2012	11.093	9.476	21.077	27.399	57.960
22/05/2012	8.673	8.765	21.923	27.356	58.510
23/05/2012	14.851	9.895	21.240	27.976	175.300
24/05/2012	17.933	9.524	21.538	27.822	229.800
25/05/2012	11.736	9.669	21.822	28.212	128.900
26/05/2012	6.766	8.944	21.327	27.072	142.300
27/05/2012	5.608	10.945	21.279	29.163	84.430
28/05/2012	3.636	8.863	22.111	27.663	61.610
29/05/2012	0.000	10.968	20.986	28.976	49.200
30/05/2012	5.212	10.337	21.091	28.389	42.430
31/05/2012	0.655	7.810	21.697	26.322	38.390
01/06/2012	0.000	9.504	21.649	27.986	35.910
02/06/2012	6.300	9.932	21.663	28.428	34.260
03/06/2012	21.964	9.710	22.312	28.688	64.710
04/06/2012	0.000	11.014	21.620	29.548	38.780
05/06/2012	11.608	10.292	22.192	29.236	52.920
06/06/2012	0.000	11.255	21.788	29.976	42.080
07/06/2012	0.000	11.291	22.082	30.231	30.450
08/06/2012	11.166	9.969	21.567	28.423	31.480
09/06/2012	0.000	9.843	21.543	28.298	41.240
10/06/2012	4.766	11.270	21.894	30.087	31.320
11/06/2012	10.772	10.521	21.659	29.082	31.480
12/06/2012	21.261	10.391	20.274	27.933	40.370
13/06/2012	5.577	7.847	21.077	25.889	32.870
14/06/2012	5.761	9.593	21.231	27.803	67.360
15/06/2012	0.501	10.562	20.620	28.361	43.640
16/06/2012	30.407	6.900	21.846	25.577	84.470
17/06/2012	0.643	10.591	20.053	27.981	61.970
18/06/2012	3.668	9.615	21.981	28.418	39.430
19/06/2012	5.176	10.968	22.385	30.159	45.870
20/06/2012	1.092	10.244	22.933	29.812	35.290
21/06/2012	18.996	8.240	21.274	26.442	34.260
22/06/2012	0.266	10.526	20.668	28.409	42.080
23/06/2012	0.000	9.556	20.957	27.543	32.350
24/06/2012	9.408	9.641	20.663	27.404	23.770
25/06/2012	6.161	9.615	20.538	27.298	22.890
26/06/2012	25.391	9.043	20.995	27.067	33.220
27/06/2012	2.621	8.192	21.774	26.817	17.420
28/06/2012	3.357	10.011	21.591	28.510	31.320
29/06/2012	19.186	8.942	22.226	27.909	48.790
30/06/2012	4.556	8.763	21.163	26.875	35.290
01/07/2012	9.891	9.003	22.202	27.942	92.730
02/07/2012	1.059	10.674	21.558	29.197	46.740
03/07/2012	13.566	11.357	21.034	29.548	30.450
04/07/2012	9.105	10.078	21.668	28.630	43.110
05/07/2012	7.736	9.460	22.312	28.481	136.100
06/07/2012	10.624	10.048	20.793	27.913	59.000
07/07/2012	0.000	9.727	21.707	28.308	43.320
08/07/2012	0.000	11.437	21.659	30.062	30.450
09/07/2012	4.613	11.093	22.332	30.178	61.430
10/07/2012	3.004	9.699	23.048	29.274	58.690
11/07/2012	10.239	9.303	23.130	28.957	51.890
12/07/2012	9.686	9.153	22.346	28.144	40.850
13/07/2012	11.985	7.950	22.409	27.010	39.010
14/07/2012	2.113	10.027	21.601	28.462	176.600
15/07/2012	7.920	8.815	22.125	27.625	64.350
16/07/2012	3.288	10.015	22.188	28.889	47.830
17/07/2012	2.874	11.331	22.226	30.288	36.320
18/07/2012	8.220	10.927	22.173	29.832	67.450
19/07/2012	9.630	12.536	21.087	30.745	46.050
20/07/2012	3.629	10.871	22.010	29.620	61.260
21/07/2012	0.307	10.771	21.938	29.447	36.320
22/07/2012	0.000	11.841	22.029	30.649	32.560
23/07/2012	0.529	10.378	22.500	29.452	26.970
24/07/2012	14.028	11.333	21.962	30.038	36.170
25/07/2012	0.000	11.571	21.346	29.837	30.450
26/07/2012	7.930	10.683	21.514	28.990	23.770
27/07/2012	1.534	12.035	21.750	30.587	29.580
28/07/2012	20.741	10.758	22.202	29.591	30.780
29/07/2012	7.167	10.117	21.933	28.673	50.860
30/07/2012	24.223	8.313	22.659	27.457	70.030
31/07/2012	2.027	9.000	22.337	27.865	58.550
01/08/2012	2.957	11.710	20.577	29.322	41.890
02/08/2012	35.190	10.660	21.019	28.495	82.410
03/08/2012	4.013	8.349	21.692	26.683	68.390
04/08/2012	9.777	10.016	22.010	28.567	52.580
05/08/2012	17.437	10.290	21.010	28.106	102.900
06/08/2012	10.342	8.973	21.288	26.942	123.600
07/08/2012	0.000	8.826	22.740	27.942	78.040
08/08/2012	3.587	8.851	23.495	28.601	76.240
09/08/2012	10.410	9.507	20.870	27.159	56.720
10/08/2012	7.199	10.709	20.740	28.288	41.050
11/08/2012	4.175	9.996	21.870	28.380	37.420
12/08/2012	21.846	9.054	22.178	27.688	44.470
13/08/2012	7.658	10.098	21.351	28.091	48.940
14/08/2012	21.582	8.822	21.000	26.500	209.700
15/08/2012	3.721	9.714	20.861	27.279	84.240
16/08/2012	0.388	9.328	22.404	28.106	49.050
17/08/2012	14.758	7.715	22.606	26.731	57.780
18/08/2012	15.676	9.946	21.490	27.986	94.150
19/08/2012	12.937	11.697	20.115	28.798	135.300
20/08/2012	4.158	8.720	22.058	27.216	60.050
21/08/2012	1.931	9.113	22.202	27.731	53.310
22/08/2012	7.599	9.726	21.731	27.957	52.690
23/08/2012	16.872	9.878	21.346	27.764	180.200
24/08/2012	11.842	9.286	21.736	27.500	139.000
25/08/2012	21.183	10.710	20.466	27.981	217.100
26/08/2012	8.208	10.058	20.841	27.587	185.600
27/08/2012	6.282	10.102	21.462	28.087	229.000
28/08/2012	0.000	11.761	21.159	29.591	85.700
29/08/2012	0.000	11.626	20.870	29.240	56.430
30/08/2012	17.631	9.726	22.212	28.308	57.030
31/08/2012	5.549	11.047	21.274	28.885	47.000
01/09/2012	1.376	11.106	20.596	28.457	45.230
02/09/2012	1.650	11.533	21.183	29.341	54.160
03/09/2012	13.214	10.688	20.851	28.216	47.550
04/09/2012	6.498	10.341	22.197	28.885	66.650
05/09/2012	0.132	9.379	20.591	26.649	42.640
06/09/2012	4.437	11.177	20.793	28.659	41.610
07/09/2012	8.469	12.865	21.077	30.659	65.220
08/09/2012	7.997	9.054	22.236	27.688	50.980
09/09/2012	0.000	10.757	21.923	29.096	31.340
10/09/2012	7.268	12.192	21.591	30.341	41.930
11/09/2012	1.257	9.982	22.452	28.736	36.050
12/09/2012	4.961	10.939	21.053	28.649	78.840
13/09/2012	12.871	9.881	21.240	27.702	49.140
14/09/2012	0.000	11.795	19.899	28.697	41.420
15/09/2012	0.000	12.653	19.731	29.490	27.280
16/09/2012	0.900	10.686	22.038	29.139	23.330
17/09/2012	16.018	9.075	22.288	27.745	23.210
18/09/2012	19.853	10.617	20.587	27.952	48.460
19/09/2012	7.536	11.723	20.928	29.394	48.920
20/09/2012	4.043	9.617	22.774	28.678	43.520
21/09/2012	18.722	9.975	21.971	28.394	31.980
22/09/2012	11.526	8.896	22.115	27.447	43.340
23/09/2012	9.718	9.862	21.962	28.288	70.300
24/09/2012	14.583	8.919	20.990	26.582	69.290
25/09/2012	11.406	9.455	21.611	27.606	54.750
26/09/2012	0.000	10.610	21.471	28.707	63.510
27/09/2012	18.967	9.951	21.841	28.327	50.720
28/09/2012	3.742	10.375	21.769	28.692	86.270
29/09/2012	9.976	10.283	21.534	28.457	104.000
30/09/2012	5.271	9.262	22.423	28.154	57.950
01/10/2012	12.165	8.630	21.986	27.163	34.030
02/10/2012	20.151	7.671	21.899	26.183	31.970
03/10/2012	2.131	11.462	20.351	28.856	31.660
04/10/2012	2.431	9.722	21.788	28.130	29.470
05/10/2012	19.646	9.827	21.125	27.760	94.320
06/10/2012	0.093	9.614	20.793	27.274	89.080
07/10/2012	24.605	9.438	21.875	27.947	202.400
08/10/2012	17.561	8.030	21.457	26.260	187.300
09/10/2012	0.698	10.337	20.808	28.101	114.000
10/10/2012	33.416	9.775	20.534	27.312	149.300
11/10/2012	0.000	10.357	21.260	28.490	124.100
12/10/2012	5.782	9.704	21.327	27.861	66.580
13/10/2012	37.532	8.943	21.625	27.337	213.700
14/10/2012	1.084	8.501	21.447	26.784	168.900
15/10/2012	7.946	10.460	20.538	28.173	191.800
16/10/2012	23.115	9.515	20.433	27.053	146.400
17/10/2012	12.400	8.829	21.639	27.327	252.500
18/10/2012	48.067	8.371	21.024	26.351	213.200
19/10/2012	0.000	8.013	21.192	26.159	197.300
20/10/2012	16.888	10.491	20.966	28.601	282.900
21/10/2012	11.755	10.117	21.692	28.779	267.000
22/10/2012	12.422	9.894	20.827	27.875	295.000
23/10/2012	14.709	10.014	21.639	28.668	270.500
24/10/2012	34.410	9.097	22.240	28.188	312.800
25/10/2012	23.633	9.466	21.413	27.938	359.000
26/10/2012	13.661	9.562	21.101	27.808	190.800
27/10/2012	0.000	9.672	22.000	28.644	115.300
28/10/2012	4.418	10.369	21.543	29.091	72.480
29/10/2012	5.240	9.786	21.072	28.125	67.650
30/10/2012	18.046	7.311	22.332	26.548	99.250
31/10/2012	29.662	9.174	21.404	27.740	300.800
01/11/2012	0.122	9.875	21.803	28.812	185.400
02/11/2012	1.668	8.278	22.615	27.798	90.990
03/11/2012	26.859	8.345	22.495	27.827	125.200
04/11/2012	0.000	8.787	22.062	27.928	97.740
05/11/2012	19.289	7.337	22.442	26.769	66.590
06/11/2012	2.920	10.392	20.712	28.692	90.050
07/11/2012	0.254	8.640	21.990	27.764	60.050
08/11/2012	0.000	8.521	22.293	27.899	46.810
09/11/2012	0.323	8.835	22.173	28.163	41.290
10/11/2012	13.114	9.892	22.058	29.236	42.910
11/11/2012	17.493	9.403	21.702	28.447	48.730
12/11/2012	19.666	8.130	21.154	26.668	101.300
13/11/2012	0.000	9.145	21.438	28.000	65.810
14/11/2012	0.000	8.664	22.096	28.000	41.230
15/11/2012	37.556	8.128	21.793	27.212	213.700
16/11/2012	3.485	8.236	21.837	27.361	268.500
17/11/2012	1.174	9.150	21.178	27.870	114.300
18/11/2012	40.371	6.085	22.135	25.438	346.200
19/11/2012	19.226	7.992	22.062	27.337	300.200
20/11/2012	0.000	8.862	22.087	28.298	147.100
21/11/2012	10.058	8.684	22.923	28.784	92.520
22/11/2012	18.377	8.425	21.538	27.418	104.500
23/11/2012	0.000	7.926	22.995	28.067	79.150
24/11/2012	2.628	8.750	22.351	28.466	64.650
25/11/2012	0.000	9.070	22.346	28.827	51.890
26/11/2012	2.339	10.158	20.788	28.904	45.870
27/11/2012	0.000	7.425	22.827	27.466	44.230
28/11/2012	0.000	9.086	22.447	28.947	51.870
29/11/2012	0.000	8.134	22.457	27.918	60.470
30/11/2012	1.880	8.327	22.188	27.933	119.200
01/12/2012	0.923	7.311	22.038	26.716	119.400
02/12/2012	0.183	8.010	21.250	26.856	77.490
03/12/2012	0.489	9.389	20.981	28.245	141.000
04/12/2012	0.000	8.516	21.091	27.322	76.250
05/12/2012	0.000	8.780	20.543	27.183	56.040
06/12/2012	0.000	10.085	19.582	28.067	42.940
07/12/2012	0.000	9.401	20.452	27.894	31.900
08/12/2012	0.000	8.242	22.630	28.269	29.230
09/12/2012	0.095	9.734	21.284	28.947	28.710
10/12/2012	0.000	10.609	21.087	29.832	27.460
11/12/2012	4.291	9.485	22.692	29.716	20.120
12/12/2012	17.535	9.574	21.240	28.721	22.890
13/12/2012	0.883	8.829	21.192	27.827	52.540
14/12/2012	11.731	8.190	21.183	27.067	110.300
15/12/2012	4.239	8.573	21.096	27.447	58.510
16/12/2012	0.000	10.060	20.562	28.803	58.870
17/12/2012	0.000	9.844	20.697	28.654	39.620
18/12/2012	0.000	6.331	23.538	27.067	33.390
19/12/2012	0.000	8.421	21.543	27.615	32.600
20/12/2012	0.000	9.177	21.716	28.644	30.450
21/12/2012	1.977	7.877	22.322	27.654	26.970
22/12/2012	13.477	8.815	21.793	28.279	34.260
23/12/2012	5.669	7.417	22.048	26.942	34.260
24/12/2012	0.000	9.323	21.413	28.548	26.970
25/12/2012	28.526	9.115	21.663	28.505	26.240
26/12/2012	25.589	7.386	22.726	27.462	31.320
27/12/2012	0.000	8.679	22.615	28.769	27.840
28/12/2012	0.073	10.368	21.438	29.803	20.850
29/12/2012	3.108	9.360	22.481	29.428	22.310
30/12/2012	5.085	8.901	22.577	28.957	16.860
31/12/2012	0.160	9.856	21.332	29.072	21.410
01/01/2013	1.848	9.947	20.558	28.620	20.850
02/01/2013	0.000	10.656	20.534	29.438	21.430
03/01/2013	0.000	10.641	20.019	29.024	16.980
04/01/2013	3.408	9.966	21.111	28.981	16.860
05/01/2013	0.000	10.632	20.702	29.486	17.220
06/01/2013	2.297	11.206	19.990	29.659	15.330
07/01/2013	0.000	11.644	19.240	29.649	19.680
08/01/2013	0.000	11.404	20.139	29.976	15.860
09/01/2013	0.114	11.313	20.000	29.745	17.580
10/01/2013	2.707	11.797	20.442	30.615	16.740
11/01/2013	0.000	12.470	19.716	30.918	15.770
12/01/2013	0.000	10.742	21.245	29.870	16.620
13/01/2013	0.694	10.824	20.611	29.490	15.260
14/01/2013	2.412	10.443	20.923	29.255	13.240
15/01/2013	5.429	9.195	22.303	28.841	12.830
16/01/2013	1.042	10.195	21.490	29.341	13.030
17/01/2013	0.000	10.226	21.216	29.144	13.030
18/01/2013	0.000	8.726	22.135	28.144	12.210
19/01/2013	0.000	9.089	22.438	28.760	10.580
20/01/2013	0.000	9.313	22.572	29.106	11.390
21/01/2013	0.000	9.179	23.841	29.942	13.030
22/01/2013	0.000	8.905	23.587	29.413	11.910
23/01/2013	0.130	8.484	22.668	28.226	10.780
24/01/2013	14.136	10.426	22.173	29.938	12.320
25/01/2013	0.000	8.413	22.620	28.087	26.970
26/01/2013	6.091	10.135	22.111	29.529	21.580
27/01/2013	0.000	10.712	22.019	30.072	26.620
28/01/2013	0.000	10.478	23.428	30.865	16.370
29/01/2013	6.637	10.810	22.755	30.683	16.370
30/01/2013	0.000	11.993	22.524	31.803	16.010
31/01/2013	0.000	10.766	23.303	31.000	15.170
01/02/2013	7.249	9.515	22.144	28.731	75.630
02/02/2013	0.000	9.307	22.308	28.601	45.370
03/02/2013	1.204	12.095	20.505	30.356	23.770
04/02/2013	9.537	10.285	21.370	28.923	122.600
05/02/2013	23.312	9.027	21.688	27.764	53.960
06/02/2013	1.793	8.732	21.197	27.043	49.200
07/02/2013	3.054	9.431	21.764	28.221	41.690
08/02/2013	0.181	9.349	21.841	28.168	30.100
09/02/2013	22.629	7.947	21.591	26.519	184.000
10/02/2013	0.371	9.210	21.236	27.505	105.800
11/02/2013	0.183	9.481	21.832	28.245	71.470
12/02/2013	0.000	11.021	21.062	29.303	57.060
13/02/2013	0.000	11.435	20.255	29.144	54.940
14/02/2013	0.000	12.204	19.875	29.707	39.820
15/02/2013	0.000	9.614	22.553	28.865	28.360
16/02/2013	0.000	11.898	21.606	30.567	24.500
17/02/2013	0.798	6.700	21.716	25.269	27.860
18/02/2013	1.153	9.252	21.837	27.861	75.390
19/02/2013	0.000	11.221	21.433	29.630	38.780
20/02/2013	33.991	9.697	22.433	28.764	30.450
21/02/2013	1.798	10.900	22.019	29.659	34.260
22/02/2013	18.476	11.444	21.726	30.005	18.780
23/02/2013	0.000	11.107	22.798	30.428	21.580
24/02/2013	0.000	10.652	22.942	30.043	20.730
25/02/2013	17.830	11.331	22.731	30.572	19.150
26/02/2013	6.297	11.701	21.678	30.159	23.040
27/02/2013	8.842	9.435	23.413	29.163	27.250
28/02/2013	17.610	8.456	23.423	28.202	20.120
01/03/2013	17.854	9.616	22.154	28.312	42.240
02/03/2013	0.000	11.386	22.130	30.077	40.850
03/03/2013	3.810	8.588	21.899	27.038	30.450
04/03/2013	1.959	7.995	22.216	26.712	22.010
05/03/2013	2.247	10.344	23.130	29.716	25.790
06/03/2013	2.615	10.483	23.418	30.067	16.740
07/03/2013	32.922	9.093	22.923	28.303	54.770
08/03/2013	0.000	10.402	22.558	29.293	35.450
09/03/2013	0.127	9.867	23.394	29.442	23.040
10/03/2013	12.447	11.284	21.495	29.370	30.450
11/03/2013	0.274	12.208	22.231	30.861	33.390
12/03/2013	30.796	9.087	22.428	27.870	43.980
13/03/2013	0.491	9.606	22.577	28.471	41.240
14/03/2013	27.273	8.719	21.885	27.053	60.110
15/03/2013	14.135	7.178	22.144	25.832	175.800
16/03/2013	0.000	11.128	21.312	28.966	95.190
17/03/2013	14.603	9.710	22.399	28.380	64.350
18/03/2013	2.292	9.697	22.029	28.091	82.640
19/03/2013	8.177	10.099	21.337	27.913	53.310
20/03/2013	11.127	10.345	21.760	28.471	138.800
21/03/2013	0.360	9.176	21.957	27.476	70.550
22/03/2013	6.496	7.414	22.361	26.202	84.990
23/03/2013	16.306	9.937	20.644	27.197	50.430
24/03/2013	3.161	11.592	21.981	29.885	36.320
25/03/2013	19.989	10.333	22.356	28.909	37.360
26/03/2013	1.425	11.941	22.202	30.389	53.640
27/03/2013	2.189	9.782	22.596	28.548	30.450
28/03/2013	4.384	9.438	22.856	28.442	55.390
29/03/2013	8.530	9.615	21.764	27.707	39.630
30/03/2013	7.534	10.258	22.697	29.087	37.910
31/03/2013	22.820	11.030	22.341	29.577	49.820
02/04/2013	16.500	10.404	22.870	29.337	66.930
03/04/2013	0.800	9.356	22.875	28.351	50.080
04/04/2013	0.000	12.257	21.774	30.385	37.360
05/04/2013	1.469	10.384	23.207	29.591	26.440
06/04/2013	0.296	10.938	22.337	29.476	23.770
07/04/2013	5.648	11.023	22.620	29.779	17.580
08/04/2013	8.167	10.890	22.438	29.505	19.770
09/04/2013	10.038	12.627	22.019	30.962	28.710
10/04/2013	23.514	9.671	24.106	29.639	26.970
11/04/2013	5.090	12.165	21.899	30.394	23.620
12/04/2013	0.644	11.772	23.279	31.024	18.180
13/04/2013	7.896	12.012	22.543	30.740	60.810
14/04/2013	12.875	10.360	23.865	30.111	29.320
15/04/2013	7.099	11.391	23.442	30.808	39.480
16/04/2013	9.264	12.510	22.188	30.976	46.600
17/04/2013	21.021	10.173	22.909	29.197	37.360
18/04/2013	21.179	9.650	22.769	28.577	49.820
19/04/2013	20.353	6.947	22.337	25.827	40.850
20/04/2013	0.118	10.346	21.644	28.385	28.710
21/04/2013	23.989	7.784	21.447	25.760	98.970
22/04/2013	0.000	11.911	20.976	29.514	60.970
23/04/2013	1.219	9.711	21.688	27.812	34.260
24/04/2013	3.787	10.079	22.971	29.178	52.090
25/04/2013	0.297	10.192	22.553	28.976	46.720
26/04/2013	12.001	10.864	21.803	29.072	46.720
27/04/2013	5.440	12.231	20.793	29.769	46.720
28/04/2013	11.300	11.010	21.726	29.207	117.500
29/04/2013	6.662	8.715	21.803	27.010	53.310
30/04/2013	6.565	12.090	21.663	30.308	47.420
01/05/2013	16.062	10.146	21.938	28.529	54.990
02/05/2013	16.436	9.306	21.755	27.553	56.410
03/05/2013	24.019	9.212	21.543	27.288	506.000
04/05/2013	0.115	12.311	20.933	30.034	238.100
05/05/2013	27.931	9.714	21.058	27.452	338.800
06/05/2013	1.296	8.731	21.923	27.163	252.100
07/05/2013	9.528	8.482	20.995	26.154	258.800
08/05/2013	5.516	10.549	21.019	28.303	194.100
09/05/2013	7.846	10.323	22.192	28.976	102.500
10/05/2013	32.465	7.894	22.284	26.692	258.600
11/05/2013	0.000	9.812	22.683	28.875	91.000
12/05/2013	4.040	10.489	22.505	29.438	63.700
13/05/2013	20.084	8.647	22.942	27.990	59.500
14/05/2013	19.377	9.055	22.760	28.231	86.250
15/05/2013	2.704	8.371	22.942	27.721	71.750
16/05/2013	24.745	9.454	22.077	28.091	197.500
17/05/2013	9.922	7.657	22.106	26.385	260.100
18/05/2013	4.842	10.708	21.245	28.740	166.500
19/05/2013	1.364	9.907	22.433	28.856	70.000
20/05/2013	26.925	9.349	22.144	28.053	241.500
21/05/2013	29.036	9.037	21.774	27.486	153.100
22/05/2013	1.440	8.498	21.644	26.894	107.500
23/05/2013	23.055	9.179	21.611	27.524	245.400
24/05/2013	6.544	7.876	21.779	26.385	207.700
25/05/2013	3.587	9.372	21.803	27.875	137.800
26/05/2013	11.227	7.805	22.404	26.832	103.000
27/05/2013	7.073	8.452	21.827	26.962	62.130
28/05/2013	7.163	7.892	22.173	26.736	54.250
29/05/2013	23.486	8.112	20.981	25.981	85.750
30/05/2013	4.557	9.233	21.308	27.385	88.650
31/05/2013	21.849	8.108	21.250	26.207	288.400
01/06/2013	4.628	8.000	20.736	25.721	135.100
02/06/2013	0.579	10.682	21.034	28.716	68.250
03/06/2013	10.415	9.788	21.481	28.163	132.500
04/06/2013	5.298	10.939	21.880	29.668	94.250
05/06/2013	16.786	10.392	21.923	29.115	96.000
06/06/2013	7.315	6.372	23.466	26.587	46.900
07/06/2013	0.000	9.396	21.673	27.889	58.630
08/06/2013	5.453	11.424	20.784	29.399	43.220
09/06/2013	6.604	11.033	20.769	28.986	35.250
10/06/2013	12.329	10.273	21.562	28.745	29.000
11/06/2013	17.568	9.299	21.875	27.976	50.400
12/06/2013	13.567	9.003	21.553	27.433	78.000
13/06/2013	1.629	9.127	21.913	27.827	144.700
14/06/2013	7.147	10.704	20.851	28.692	77.000
15/06/2013	4.911	9.113	21.159	27.250	39.380
16/06/2013	8.497	10.519	21.702	29.144	60.380
17/06/2013	2.822	10.213	22.707	29.587	91.000
18/06/2013	2.412	10.758	22.139	29.736	44.280
19/06/2013	21.255	8.022	22.928	27.591	33.500
20/06/2013	7.471	8.538	22.062	27.409	39.900
21/06/2013	10.349	9.544	21.337	27.841	89.000
22/06/2013	1.076	10.207	22.476	29.404	43.050
23/06/2013	0.000	10.505	22.269	29.567	34.380
24/06/2013	16.336	9.314	22.587	28.572	49.500
25/06/2013	7.616	8.769	20.769	26.567	106.500
26/06/2013	5.633	10.986	22.288	30.096	59.500
27/06/2013	0.000	11.191	22.101	30.178	35.250
28/06/2013	44.467	8.115	21.380	26.380	107.900
29/06/2013	0.398	8.167	20.654	25.880	56.000
30/06/2013	10.540	8.010	21.212	26.154	43.750
01/07/2013	14.038	7.650	21.312	25.894	122.500
02/07/2013	0.000	9.704	21.933	28.466	98.000
03/07/2013	0.000	11.333	21.356	29.755	43.750
04/07/2013	1.945	10.258	21.510	28.716	33.500
05/07/2013	6.734	7.241	22.885	26.841	44.630
06/07/2013	3.047	11.065	21.562	29.611	41.130
07/07/2013	1.620	11.553	21.062	29.760	30.500
08/07/2013	15.927	10.512	22.760	29.933	279.300
09/07/2013	1.597	9.269	22.817	28.678	44.630
10/07/2013	7.955	9.929	22.524	29.120	35.880
11/07/2013	7.393	9.262	21.986	28.019	46.380
12/07/2013	0.000	10.378	22.168	29.279	38.750
13/07/2013	0.364	9.303	23.308	29.077	29.750
14/07/2013	1.366	10.677	22.471	29.812	27.500
15/07/2013	6.540	10.759	21.587	29.226	22.250
16/07/2013	0.000	11.659	21.649	30.250	29.000
17/07/2013	8.575	11.741	22.135	30.673	45.000
18/07/2013	3.571	11.488	21.986	30.279	34.000
19/07/2013	14.548	7.139	23.760	27.389	28.250
20/07/2013	2.453	10.662	21.385	28.938	24.500
21/07/2013	0.000	11.693	21.442	30.077	20.000
22/07/2013	1.007	8.966	22.957	28.389	16.880
23/07/2013	6.954	10.649	22.409	29.659	18.500
24/07/2013	2.524	11.363	22.625	30.562	17.300
25/07/2013	10.371	11.904	22.548	31.087	16.700
26/07/2013	10.902	10.404	22.615	29.553	42.890
27/07/2013	5.538	10.007	21.630	28.375	29.000
28/07/2013	0.677	11.571	21.322	29.784	22.250
29/07/2013	1.469	11.202	20.832	29.010	17.750
30/07/2013	19.805	11.169	21.572	29.510	16.570
31/07/2013	0.508	10.719	22.236	29.514	28.700
01/08/2013	12.974	9.218	21.755	27.606	28.250
02/08/2013	4.236	8.158	21.947	26.740	29.750
03/08/2013	6.634	9.733	22.197	28.471	33.500
04/08/2013	1.395	11.194	20.625	28.784	26.000
05/08/2013	4.765	10.579	21.774	28.986	58.100
06/08/2013	0.109	10.456	23.139	29.889	42.750
07/08/2013	3.268	7.738	22.428	26.707	24.050
08/08/2013	14.560	9.546	20.966	27.269	18.500
09/08/2013	7.206	10.129	21.394	28.207	59.500
10/08/2013	22.069	10.316	22.207	29.000	39.380
11/08/2013	11.763	10.233	21.048	28.000	52.500
12/08/2013	15.043	9.266	21.639	27.495	101.300
13/08/2013	7.455	9.201	21.221	27.091	109.100
14/08/2013	10.022	11.198	22.125	29.808	91.000
15/08/2013	6.972	9.880	21.702	28.154	43.750
16/08/2013	22.000	11.820	21.024	29.644	74.500
17/08/2013	16.054	9.058	22.159	27.654	68.030
18/08/2013	16.856	8.444	21.620	26.620	78.130
19/08/2013	10.539	9.191	21.356	27.144	195.600
20/08/2013	11.444	11.396	21.712	29.649	213.600
21/08/2013	10.366	9.574	21.760	27.817	122.300
22/08/2013	10.556	10.571	21.885	28.913	93.500
23/08/2013	8.209	9.570	22.010	28.000	109.700
24/08/2013	8.325	6.693	22.438	25.697	59.330
25/08/2013	6.311	8.397	22.173	27.005	45.150
26/08/2013	7.672	10.186	20.837	27.702	105.000
27/08/2013	6.674	8.264	21.231	26.101	70.650
28/08/2013	0.373	11.077	20.861	28.635	39.550
29/08/2013	14.349	10.635	20.707	28.072	32.900
30/08/2013	2.365	9.482	20.981	27.101	45.500
31/08/2013	0.000	10.085	21.255	27.913	33.500
01/09/2013	5.591	8.675	22.418	27.447	29.900
02/09/2013	13.427	9.676	21.774	27.880	45.750
03/09/2013	16.133	9.925	20.548	27.192	100.900
04/09/2013	2.106	8.957	20.654	26.298	84.630
05/09/2013	20.346	10.306	20.894	27.837	101.000
06/09/2013	10.642	9.657	21.486	27.649	52.500
07/09/2013	6.836	8.593	21.442	26.553	133.000
08/09/2013	19.061	9.424	22.231	28.014	65.800
09/09/2013	9.503	9.323	22.514	28.125	80.500
10/09/2013	1.216	10.206	21.298	28.053	67.200
11/09/2013	11.329	8.474	22.159	27.034	103.500
12/09/2013	2.245	9.477	21.947	27.832	53.200
13/09/2013	22.852	8.447	22.250	27.096	82.400
14/09/2013	0.898	10.782	21.226	28.606	54.250
15/09/2013	1.552	9.590	22.279	28.255	40.250
16/09/2013	12.082	9.768	21.966	28.159	85.000
17/09/2013	3.798	8.010	22.909	27.255	67.900
18/09/2013	8.730	8.325	23.183	27.803	31.250
19/09/2013	5.569	7.963	22.625	27.024	32.750
20/09/2013	0.000	11.063	21.240	28.933	33.750
21/09/2013	0.000	11.796	22.236	30.433	26.000
22/09/2013	0.786	11.049	21.933	29.466	22.550
23/09/2013	19.426	9.337	23.726	29.226	71.000
24/09/2013	16.232	11.018	22.341	29.760	14.710
25/09/2013	0.000	11.608	21.870	30.029	29.000
26/09/2013	31.484	8.946	22.245	27.649	30.750
27/09/2013	3.077	11.106	20.832	28.774	36.130
28/09/2013	33.522	9.192	21.529	27.341	81.500
29/09/2013	0.000	9.488	21.837	27.880	54.950
30/09/2013	23.683	9.810	21.673	28.062	131.900
01/10/2013	6.234	7.482	20.716	25.038	217.000
02/10/2013	4.100	11.215	20.428	28.611	234.800
03/10/2013	0.000	10.191	21.534	28.394	54.250
04/10/2013	25.596	7.522	20.538	24.933	72.000
05/10/2013	4.081	10.462	20.837	28.173	258.600
06/10/2013	0.000	11.360	20.221	28.707	45.500
07/10/2013	3.301	8.064	21.928	26.668	36.750
08/10/2013	11.976	9.918	20.812	27.639	33.500
09/10/2013	8.563	10.289	21.433	28.510	35.400
10/10/2013	27.184	10.058	21.673	28.462	70.000
11/10/2013	29.282	8.019	20.740	25.688	63.000
12/10/2013	11.451	9.671	21.447	27.913	42.530
13/10/2013	34.711	8.769	21.192	26.808	85.750
14/10/2013	7.530	7.436	21.755	25.995	57.750
15/10/2013	6.798	8.788	21.058	26.745	47.250
16/10/2013	28.850	7.157	20.385	24.596	314.800
17/10/2013	4.767	9.456	20.346	26.904	223.100
18/10/2013	11.524	10.064	21.428	28.413	81.500
19/10/2013	4.941	11.559	20.010	29.048	79.630
20/10/2013	0.714	10.324	21.019	28.423	50.750
21/10/2013	10.151	8.115	21.808	26.764	59.500
22/10/2013	13.037	8.583	21.250	26.822	73.630
23/10/2013	4.944	9.951	20.264	27.529	132.100
24/10/2013	4.021	9.596	21.726	28.293	57.750
25/10/2013	12.018	10.608	21.380	29.178	90.750
26/10/2013	18.256	9.584	21.639	28.221	56.000
27/10/2013	9.347	9.503	20.630	27.394	43.220
28/10/2013	1.768	9.693	21.712	28.447	44.100
29/10/2013	0.229	8.369	22.014	27.332	36.000
30/10/2013	6.812	9.769	21.101	28.096	56.500
31/10/2013	21.373	7.665	21.399	26.111	222.600
01/11/2013	0.000	10.664	21.048	29.096	107.500
02/11/2013	0.000	10.540	21.139	29.053	63.000
03/11/2013	1.071	9.277	21.024	27.587	119.900
04/11/2013	14.657	7.517	21.442	26.091	74.380
05/11/2013	20.280	7.579	21.240	25.995	88.500
06/11/2013	4.610	10.133	20.659	28.337	59.500
07/11/2013	34.923	7.041	21.361	25.591	311.000
08/11/2013	0.000	10.185	20.356	28.216	272.400
09/11/2013	0.000	9.484	21.481	28.284	110.500
10/11/2013	13.938	6.666	22.216	25.976	123.700
11/11/2013	0.000	10.508	21.082	29.202	164.800
12/11/2013	8.338	9.552	22.938	29.562	55.130
13/11/2013	8.449	10.590	20.812	29.159	151.400
14/11/2013	14.908	9.953	20.981	28.567	98.000
15/11/2013	0.583	8.684	22.851	28.625	65.970
16/11/2013	1.441	9.558	23.269	29.899	59.500
17/11/2013	0.000	9.326	23.226	29.649	83.220
18/11/2013	20.409	9.382	21.774	28.587	130.700
19/11/2013	22.198	9.965	20.548	28.337	162.300
20/11/2013	7.278	8.398	21.452	27.298	86.000
21/11/2013	0.000	8.384	22.082	27.779	88.130
22/11/2013	0.000	8.956	21.062	27.620	44.100
23/11/2013	0.000	9.819	20.760	28.423	133.300
24/11/2013	29.758	8.336	21.250	27.139	162.400
25/11/2013	36.274	8.436	21.481	27.399	79.380
26/11/2013	0.000	8.843	21.240	27.712	102.000
27/11/2013	1.777	8.699	20.938	27.308	209.000
28/11/2013	9.894	8.468	21.024	27.120	127.300
29/11/2013	0.000	8.331	21.288	27.207	143.800
30/11/2013	12.765	8.838	20.990	27.548	86.000
01/12/2013	0.470	8.875	21.202	27.784	115.000
02/12/2013	19.722	8.371	21.034	27.087	64.280
03/12/2013	10.179	7.854	21.538	26.913	51.140
04/12/2013	0.000	8.688	21.000	27.438	106.800
05/12/2013	24.501	9.231	21.250	28.274	61.660
06/12/2013	2.255	10.132	20.841	29.038	65.170
07/12/2013	31.277	8.649	21.173	27.567	127.000
08/12/2013	7.172	7.351	21.962	26.755	143.600
09/12/2013	0.000	7.760	21.264	26.635	105.700
10/12/2013	3.910	8.381	21.736	27.697	56.600
11/12/2013	0.000	9.504	21.779	29.034	45.080
12/12/2013	0.000	9.010	22.375	28.923	39.890
13/12/2013	29.784	7.336	22.327	27.072	60.270
14/12/2013	3.719	9.052	21.668	28.457	48.260
15/12/2013	1.955	9.790	20.966	28.779	54.910
16/12/2013	1.631	7.909	22.630	27.923	40.020
17/12/2013	0.761	8.505	22.332	28.370	40.630
18/12/2013	39.784	8.059	21.654	27.332	176.000
19/12/2013	2.868	8.473	22.361	28.351	137.900
20/12/2013	0.000	10.275	20.226	28.832	69.190
21/12/2013	0.000	10.271	21.510	29.760	46.770
22/12/2013	0.000	10.796	20.654	29.769	34.930
23/12/2013	0.000	8.051	21.625	27.260	30.460
24/12/2013	0.000	6.245	22.471	26.048	31.960
25/12/2013	0.000	9.683	20.899	28.606	34.520
26/12/2013	0.000	8.049	22.755	28.159	38.340
27/12/2013	0.000	10.493	20.904	29.558	34.620
28/12/2013	0.000	11.728	20.341	30.659	26.660
29/12/2013	0.000	11.639	20.697	30.784	23.890
30/12/2013	0.000	10.862	22.096	30.846	22.200
31/12/2013	0.000	8.987	23.351	29.659	16.700
01/01/2014	0.000	10.151	21.928	29.865	20.510
02/01/2014	0.000	8.947	21.587	28.212	24.440
03/01/2014	0.000	10.016	21.755	29.553	20.940
04/01/2014	0.000	10.231	22.625	30.438	19.170
05/01/2014	1.213	11.300	21.611	30.933	19.820
06/01/2014	36.964	6.623	22.909	26.764	32.030
07/01/2014	2.022	7.636	21.183	26.375	48.850
08/01/2014	2.415	8.799	21.760	28.101	41.130
09/01/2014	3.589	8.043	21.312	26.913	37.710
10/01/2014	0.000	9.725	21.404	28.856	38.090
11/01/2014	0.000	10.944	21.337	30.212	32.140
12/01/2014	0.000	9.883	21.317	28.918	43.350
13/01/2014	0.000	10.852	21.760	30.361	24.860
14/01/2014	0.000	9.087	24.053	30.125	21.210
15/01/2014	0.000	10.549	22.293	30.365	19.770
16/01/2014	0.000	10.067	22.087	29.654	22.850
17/01/2014	0.000	9.883	22.029	29.365	18.760
18/01/2014	12.288	8.788	24.428	30.058	18.760
19/01/2014	0.000	9.742	23.817	30.577	29.560
20/01/2014	9.867	10.547	22.293	30.293	20.110
21/01/2014	0.532	9.996	23.096	30.240	22.940
22/01/2014	18.634	8.654	22.534	28.322	25.770
23/01/2014	11.698	9.292	21.856	28.466	45.750
24/01/2014	0.000	9.763	23.101	29.938	25.210
25/01/2014	0.000	10.691	22.649	30.572	20.310
26/01/2014	0.000	9.802	21.438	28.644	19.560
27/01/2014	0.000	11.159	20.317	29.361	35.730
28/01/2014	0.000	10.197	22.019	29.471	22.960
29/01/2014	7.058	10.373	22.553	30.072	22.800
30/01/2014	1.498	9.591	22.317	28.990	68.570
31/01/2014	0.000	11.955	20.500	30.308	56.820
01/02/2014	0.000	10.775	22.452	30.337	29.700
02/02/2014	0.000	9.936	23.034	29.851	22.940
03/02/2014	4.998	10.695	21.736	29.683	30.880
04/02/2014	5.099	11.331	21.760	30.370	33.680
05/02/2014	6.906	10.342	22.072	29.519	26.300
06/02/2014	0.000	11.985	20.438	30.120	21.060
07/02/2014	0.000	12.204	20.038	30.072	18.450
08/02/2014	0.000	10.415	23.635	30.673	17.000
09/02/2014	0.000	11.440	22.880	31.173	16.560
10/02/2014	10.674	11.113	22.933	30.837	16.270
11/02/2014	23.811	12.377	21.788	31.351	23.440
12/02/2014	0.112	11.852	21.947	30.880	28.150
13/02/2014	9.687	9.331	22.909	28.904	19.950
14/02/2014	3.351	10.297	21.154	28.548	24.700
15/02/2014	0.000	11.232	22.245	30.327	22.940
16/02/2014	20.030	10.714	22.534	29.990	24.890
17/02/2014	13.349	11.016	22.947	30.582	42.700
18/02/2014	0.000	11.772	20.938	29.889	28.450
19/02/2014	0.000	10.014	23.231	29.716	20.800
20/02/2014	2.710	10.363	22.601	29.572	19.630
21/02/2014	0.000	11.716	22.913	31.207	19.090
22/02/2014	21.045	11.237	22.264	30.178	26.190
23/02/2014	0.000	11.380	22.240	30.274	36.170
24/02/2014	3.553	12.300	23.303	32.019	24.130
25/02/2014	22.924	9.826	22.495	28.832	31.640
26/02/2014	0.000	9.843	22.740	29.019	41.770
27/02/2014	2.565	9.139	22.822	28.375	28.880
28/02/2014	34.188	7.325	21.986	25.957	141.700
01/03/2014	6.667	7.243	21.582	25.543	92.070
02/03/2014	1.097	9.673	21.005	27.413	159.000
03/03/2014	0.000	10.685	20.668	28.212	162.400
04/03/2014	0.155	11.955	20.375	29.351	55.130
05/03/2014	0.000	10.938	21.548	29.106	41.070
06/03/2014	10.484	8.932	21.798	27.245	33.370
07/03/2014	17.689	9.798	22.327	28.514	31.900
08/03/2014	21.799	9.686	21.486	27.731	97.860
09/03/2014	9.942	9.353	20.846	26.894	112.700
10/03/2014	0.000	10.845	20.096	27.846	86.890
11/03/2014	0.000	12.000	20.577	29.433	42.670
12/03/2014	0.000	10.523	22.308	29.154	33.000
13/03/2014	18.596	11.023	21.038	28.707	27.920
14/03/2014	5.918	9.118	21.452	27.067	50.290
15/03/2014	3.619	10.635	22.255	29.197	32.730
16/03/2014	1.298	10.909	21.587	28.962	34.420
17/03/2014	0.253	11.885	22.212	30.409	47.450
18/03/2014	22.800	8.961	22.630	27.865	48.350
19/03/2014	0.513	10.970	22.846	29.966	42.140
20/03/2014	0.264	11.615	23.404	31.038	32.420
21/03/2014	23.900	9.863	23.966	29.755	35.280
22/03/2014	1.869	11.458	23.183	30.678	41.240
23/03/2014	11.913	9.641	23.462	29.115	27.940
24/03/2014	23.267	10.152	22.630	28.957	31.460
25/03/2014	5.161	10.328	22.952	29.356	24.960
26/03/2014	10.697	8.933	22.365	27.553	33.690
27/03/2014	2.462	11.320	21.543	29.279	54.850
28/03/2014	0.000	13.034	21.635	31.106	33.170
29/03/2014	0.000	12.611	22.543	31.322	24.070
30/03/2014	0.305	12.558	21.596	30.572	20.530
31/03/2014	0.000	10.909	22.034	29.192	23.740
01/04/2014	0.000	11.990	21.582	30.000	18.730
02/04/2014	1.798	12.760	21.596	30.769	17.170
03/04/2014	6.138	11.120	23.418	30.476	16.700
04/04/2014	3.924	12.312	23.120	31.438	16.890
05/04/2014	4.999	13.036	22.543	31.745	24.380
06/04/2014	0.281	11.944	22.668	30.745	27.460
07/04/2014	19.096	10.750	23.990	30.596	28.600
08/04/2014	1.663	10.058	24.846	30.606	28.110
09/04/2014	0.877	10.002	23.505	29.500	19.820
10/04/2014	0.000	10.967	22.952	29.990	20.110
11/04/2014	2.486	11.175	24.202	31.173	28.040
12/04/2014	1.003	11.993	23.418	31.351	29.810
13/04/2014	2.201	12.695	21.668	30.798	37.220
14/04/2014	9.744	12.182	23.014	31.245	43.410
15/04/2014	21.247	8.686	23.904	28.615	41.180
16/04/2014	0.446	10.975	23.024	30.038	52.770
17/04/2014	2.066	10.504	22.923	29.510	34.820
18/04/2014	0.116	12.458	21.673	30.567	28.160
19/04/2014	19.411	10.402	22.505	29.101	28.720
20/04/2014	21.954	11.024	22.385	29.659	36.050
21/04/2014	14.126	10.324	22.755	29.245	44.030
22/04/2014	24.181	7.751	22.529	26.625	42.410
23/04/2014	10.079	10.570	21.986	28.938	32.520
24/04/2014	22.615	8.677	21.990	27.053	108.500
25/04/2014	14.251	11.294	22.019	29.683	82.570
26/04/2014	25.068	8.914	22.625	27.822	148.200
27/04/2014	8.565	9.684	22.000	28.072	63.730
28/04/2014	11.193	10.915	23.274	30.284	45.010
29/04/2014	9.198	10.265	23.428	29.774	44.090
30/04/2014	5.015	9.832	23.168	29.178	63.780
01/05/2014	11.295	9.035	22.832	28.168	104.100
02/05/2014	27.204	8.489	22.341	27.260	90.860
03/05/2014	10.470	9.356	22.476	28.192	139.100
04/05/2014	15.317	10.399	20.923	28.014	135.500
05/05/2014	8.467	9.681	22.308	28.375	70.840
06/05/2014	3.568	9.408	22.601	28.351	49.420
07/05/2014	24.648	7.319	22.245	26.125	84.500
08/05/2014	12.708	8.579	22.082	27.130	60.660
09/05/2014	30.401	8.381	21.476	26.481	114.900
10/05/2014	1.064	9.586	20.591	26.990	76.650
11/05/2014	2.377	9.370	21.712	27.668	166.300
12/05/2014	0.000	10.539	20.846	28.202	112.700
13/05/2014	3.315	10.577	21.380	28.659	77.580
14/05/2014	11.824	10.072	22.577	29.087	71.600
15/05/2014	34.040	9.334	21.812	27.760	168.000
16/05/2014	10.116	8.621	22.558	27.663	70.260
17/05/2014	13.863	8.286	22.250	27.077	80.580
18/05/2014	9.343	9.351	22.139	28.058	110.900
19/05/2014	24.223	10.053	21.971	28.654	128.500
20/05/2014	13.028	8.264	23.298	27.976	93.140
21/05/2014	0.835	8.800	21.034	26.668	64.990
22/05/2014	5.728	10.918	21.519	29.240	60.620
23/05/2014	22.721	7.859	22.524	26.971	54.470
24/05/2014	16.195	10.288	21.779	28.798	159.200
25/05/2014	0.000	11.258	21.361	29.524	62.140
26/05/2014	0.397	9.467	22.899	28.851	40.820
27/05/2014	6.446	8.374	22.418	27.428	33.910
28/05/2014	3.125	10.462	21.264	28.606	38.720
29/05/2014	17.441	10.174	21.654	28.625	87.530
30/05/2014	20.089	9.759	21.043	27.769	126.600
31/05/2014	5.331	9.323	22.841	28.712	51.420
01/06/2014	4.961	8.155	24.288	28.788	44.870
02/06/2014	5.771	8.750	23.183	28.404	39.620
03/06/2014	5.652	10.771	22.029	29.577	39.730
04/06/2014	1.853	9.754	23.514	29.688	38.310
05/06/2014	16.213	8.457	23.812	28.673	44.640
06/06/2014	2.471	9.828	23.010	29.375	36.690
07/06/2014	31.355	10.163	21.851	28.812	70.300
08/06/2014	6.929	9.772	22.312	28.764	59.390
09/06/2014	0.000	9.668	22.471	28.808	45.940
10/06/2014	0.327	9.719	23.168	29.438	46.150
11/06/2014	8.779	10.155	22.577	29.394	37.670
12/06/2014	1.980	10.232	22.620	29.534	33.190
13/06/2014	5.377	13.024	20.909	31.303	31.040
14/06/2014	16.199	10.372	22.106	29.332	30.360
15/06/2014	6.179	10.891	21.779	29.577	129.900
16/06/2014	7.546	11.330	22.163	30.361	64.290
17/06/2014	0.108	11.699	21.938	30.582	46.420
18/06/2014	5.392	11.830	22.010	30.808	51.060
19/06/2014	8.200	10.781	22.188	29.793	39.820
20/06/2014	7.401	10.041	21.731	28.678	50.030
21/06/2014	0.000	11.101	21.332	29.490	61.130
22/06/2014	4.198	10.939	21.812	29.663	43.730
23/06/2014	6.150	10.535	21.913	29.322	51.740
24/06/2014	17.911	11.338	22.183	30.380	60.390
25/06/2014	6.669	7.095	22.433	26.312	64.360
26/06/2014	0.000	10.358	21.745	28.990	44.940
27/06/2014	0.000	10.737	23.067	30.447	35.010
28/06/2014	7.872	8.243	23.135	27.938	33.550
29/06/2014	1.850	12.555	21.077	30.918	54.970
30/06/2014	10.554	10.811	22.240	29.865	36.400
01/07/2014	14.776	8.847	23.149	28.567	29.900
02/07/2014	11.536	11.478	22.889	31.048	113.600
03/07/2014	0.107	10.103	24.736	31.067	57.990
04/07/2014	4.760	9.746	24.558	30.558	39.420
05/07/2014	14.428	10.141	23.519	30.120	66.440
06/07/2014	3.638	9.739	23.240	29.495	48.760
07/07/2014	3.029	9.529	22.404	28.635	42.830
08/07/2014	0.000	10.071	22.413	29.207	36.640
09/07/2014	6.526	11.007	21.764	29.673	31.910
10/07/2014	6.729	11.267	22.279	30.322	64.280
11/07/2014	0.502	10.996	22.159	29.947	36.790
12/07/2014	18.739	11.276	22.192	30.264	58.540
13/07/2014	5.929	12.476	21.481	31.034	55.330
14/07/2014	0.000	11.352	21.966	30.173	44.230
15/07/2014	2.525	12.547	21.529	31.125	32.890
16/07/2014	8.343	9.882	22.938	29.351	32.770
17/07/2014	0.000	11.541	22.365	30.639	31.020
18/07/2014	10.116	12.026	22.135	30.986	35.420
19/07/2014	0.000	11.805	23.111	31.462	34.860
20/07/2014	3.005	12.365	21.851	31.115	27.240
21/07/2014	9.926	11.880	22.683	31.197	24.940
22/07/2014	5.937	13.977	22.356	33.202	29.590
23/07/2014	3.289	10.997	23.534	30.909	32.100
24/07/2014	0.487	12.723	22.846	32.178	26.160
25/07/2014	1.380	13.316	23.183	33.043	25.300
26/07/2014	7.796	11.004	24.615	31.707	23.910
27/07/2014	12.864	9.073	23.120	28.615	46.750
28/07/2014	0.827	12.919	23.111	32.548	32.340
29/07/2014	2.805	10.624	23.029	30.111	26.270
30/07/2014	0.388	12.569	22.457	31.668	23.040
31/07/2014	10.716	12.152	22.822	31.471	23.210
01/08/2014	8.262	12.474	22.130	31.269	32.770
02/08/2014	24.662	9.822	22.543	28.837	66.230
03/08/2014	4.713	9.975	21.462	28.139	45.970
04/08/2014	2.160	10.330	21.942	28.880	34.980
05/08/2014	0.000	9.022	22.952	28.337	36.010
06/08/2014	8.072	9.837	22.216	28.562	28.280
07/08/2014	22.459	10.095	21.894	28.543	119.200
08/08/2014	1.175	9.721	21.303	27.712	50.700
09/08/2014	9.580	10.506	21.986	29.038	53.370
10/08/2014	9.072	9.390	21.846	27.769	44.540
11/08/2014	14.854	10.299	22.106	28.899	45.100
12/08/2014	12.112	8.805	22.692	27.865	37.070
13/08/2014	0.000	11.092	21.721	29.423	32.650
14/08/2014	7.224	9.987	21.692	28.255	29.010
15/08/2014	0.000	12.460	21.293	30.534	32.470
16/08/2014	5.010	11.637	21.880	30.082	26.190
17/08/2014	9.809	11.889	21.495	30.043	38.490
18/08/2014	13.771	11.962	22.034	30.505	84.880
19/08/2014	24.267	10.380	21.404	28.394	98.980
20/08/2014	0.000	11.418	20.885	29.072	53.030
21/08/2014	2.818	10.629	21.784	28.904	37.850
22/08/2014	16.526	10.684	22.221	29.284	57.500
23/08/2014	41.271	8.702	21.591	26.812	207.000
24/08/2014	6.423	10.565	21.274	28.438	112.500
25/08/2014	16.299	8.542	21.779	26.798	82.430
26/08/2014	9.376	8.413	21.375	26.375	69.400
27/08/2014	4.425	8.707	21.130	26.447	62.270
28/08/2014	8.716	9.317	21.038	26.947	74.110
29/08/2014	0.000	10.753	21.428	28.755	49.150
30/08/2014	0.000	12.393	20.798	30.014	37.920
31/08/2014	0.000	12.640	20.889	30.303	32.480
01/09/2014	0.000	11.710	22.317	30.375	31.100
02/09/2014	20.011	9.662	21.808	27.909	28.250
03/09/2014	11.549	9.311	22.466	28.115	31.250
04/09/2014	4.174	9.412	21.712	27.601	47.630
05/09/2014	0.000	9.696	22.745	28.668	35.130
06/09/2014	9.452	9.036	23.101	28.308	43.000
07/09/2014	4.699	11.320	21.178	29.111	34.380
08/09/2014	1.464	11.429	21.817	29.716	36.750
09/09/2014	0.000	12.242	21.082	30.014	34.380
10/09/2014	9.690	10.487	21.981	28.861	29.900
11/09/2014	20.547	8.198	22.101	26.764	29.000
12/09/2014	16.390	8.908	22.183	27.466	34.250
13/09/2014	11.342	9.706	21.452	27.678	111.500
14/09/2014	13.466	8.249	22.077	26.803	63.250
15/09/2014	16.238	8.226	21.659	26.433	54.000
16/09/2014	0.181	10.464	21.702	28.639	56.000
17/09/2014	7.320	11.698	20.269	28.870	55.850
18/09/2014	18.715	7.413	22.399	26.284	159.800
19/09/2014	4.180	10.113	22.091	28.601	103.600
20/09/2014	46.424	9.017	21.880	27.351	122.300
21/09/2014	15.550	9.515	21.231	27.356	98.000
22/09/2014	2.710	10.224	21.212	28.062	112.800
23/09/2014	28.674	8.628	21.803	26.952	190.800
24/09/2014	7.275	11.095	21.611	29.264	98.000
25/09/2014	13.074	9.993	21.938	28.438	93.250
26/09/2014	17.058	8.083	22.005	26.620	171.500
27/09/2014	0.000	9.467	22.423	28.298	94.630
28/09/2014	0.681	9.601	22.745	28.721	56.500
29/09/2014	12.028	11.771	21.712	30.159	96.000
30/09/2014	0.000	11.967	21.341	30.111	58.000
01/10/2014	12.651	9.949	21.788	28.332	39.030
02/10/2014	12.937	11.097	20.750	28.750	96.910
03/10/2014	0.000	10.924	21.341	29.019	45.750
04/10/2014	21.077	10.202	21.971	28.750	42.790
05/10/2014	17.498	10.401	21.423	28.558	43.860
06/10/2014	36.113	9.362	21.760	27.760	43.270
07/10/2014	20.248	9.059	21.553	27.332	90.860
08/10/2014	24.164	8.590	21.135	26.519	189.600
09/10/2014	10.027	6.176	21.034	24.144	256.500
10/10/2014	0.000	8.897	21.630	27.250	216.300
11/10/2014	2.326	9.766	21.553	28.091	78.750
13/10/2014	28.817	9.097	22.351	28.048	307.300
15/10/2014	1.006	9.328	22.091	28.135	158.900
16/10/2014	14.488	9.190	22.072	28.000	257.600
17/10/2014	19.971	8.290	22.312	27.322	181.200
18/10/2014	19.761	8.196	21.260	26.351	260.600
19/10/2014	6.902	7.242	21.726	25.841	143.700
20/10/2014	11.987	9.145	19.995	26.375	259.600
21/10/2014	9.762	10.839	20.678	28.750	183.500
22/10/2014	10.912	8.311	21.812	27.019	131.400
23/10/2014	3.169	10.407	21.010	28.601	88.020
24/10/2014	17.168	9.291	21.106	27.486	251.700
25/10/2014	0.000	8.900	21.812	27.620	128.100
26/10/2014	0.000	9.346	21.048	27.514	95.750
27/10/2014	13.516	9.448	20.317	27.106	200.900
28/10/2014	1.048	10.512	20.125	28.183	73.330
29/10/2014	11.658	9.298	21.284	27.726	68.640
30/10/2014	17.458	9.889	21.495	28.562	69.730
31/10/2014	27.113	8.382	22.082	27.418	120.900
01/11/2014	1.945	9.592	21.894	28.606	85.670
02/11/2014	2.329	7.191	22.322	26.510	118.000
03/11/2014	0.000	9.148	22.841	28.875	73.320
04/11/2014	0.000	9.810	22.130	29.058	52.880
05/11/2014	47.739	7.248	22.236	26.490	219.800
06/11/2014	0.000	8.488	21.274	27.000	135.700
07/11/2014	24.865	9.276	21.736	28.240	250.700
09/11/2014	24.328	7.818	22.538	27.433	247.000
10/11/2014	0.168	7.244	21.933	26.322	136.300
11/11/2014	49.442	8.041	21.668	26.933	318.600
12/11/2014	0.000	6.366	21.635	25.226	253.100
13/11/2014	3.904	8.339	21.601	27.231	377.300
14/11/2014	0.000	9.115	21.077	27.668	260.500
15/11/2014	0.623	8.906	20.524	27.024	187.400
16/11/2014	0.964	7.688	21.192	26.250	126.000
17/11/2014	0.152	10.031	21.240	28.913	76.010
18/11/2014	21.129	8.718	22.562	28.466	82.050
19/11/2014	34.946	8.025	22.452	27.654	170.600
20/11/2014	0.264	7.937	22.279	27.447	109.300
21/11/2014	0.833	9.143	21.312	28.038	95.180
22/11/2014	2.266	8.505	21.495	27.476	147.600
23/11/2014	9.751	9.479	21.822	28.837	89.250
24/11/2014	13.111	7.386	23.413	27.880	66.020
25/11/2014	7.132	8.618	22.389	28.341	60.910
26/11/2014	13.736	7.266	21.077	25.861	127.400
27/11/2014	0.187	8.340	21.399	27.264	151.300
28/11/2014	0.000	9.486	21.043	28.327	73.440
29/11/2014	0.000	10.271	21.077	29.293	45.740
30/11/2014	10.254	8.904	22.587	28.889	59.970
01/12/2014	7.668	8.800	22.942	29.067	66.890
02/12/2014	10.526	8.969	22.067	28.591	54.570
03/12/2014	0.322	8.529	23.144	28.947	52.630
04/12/2014	0.000	9.668	22.053	29.385	39.170
05/12/2014	16.034	6.034	22.817	26.154	41.430
06/12/2014	0.000	8.264	22.053	27.812	50.150
07/12/2014	20.025	8.938	20.822	27.639	146.500
08/12/2014	15.006	7.801	22.183	27.409	146.200
09/12/2014	21.738	7.697	22.197	27.346	90.750
10/12/2014	3.312	8.243	21.596	27.452	101.000
12/12/2014	5.097	9.218	21.832	28.750	214.300
13/12/2014	15.400	6.718	21.793	25.966	204.800
14/12/2014	12.156	8.017	21.659	27.279	225.100
15/12/2014	0.000	9.190	20.625	27.827	155.600
16/12/2014	0.000	7.880	22.808	28.034	69.140
17/12/2014	0.000	7.926	21.678	27.192	60.970
18/12/2014	0.000	8.890	21.942	28.500	62.800
19/12/2014	0.000	10.074	21.062	29.197	48.780
20/12/2014	0.000	9.868	21.889	29.577	42.070
21/12/2014	0.000	8.521	22.812	28.755	37.640
22/12/2014	0.000	9.647	21.957	29.370	37.300
23/12/2014	0.000	10.811	21.188	30.188	34.540
24/12/2014	0.000	10.644	21.091	29.899	31.250
25/12/2014	0.000	8.267	23.952	29.370	29.470
26/12/2014	0.000	10.405	21.663	30.019	28.150
27/12/2014	0.000	11.233	21.207	30.688	27.050
28/12/2014	0.000	10.081	22.029	29.889	26.010
29/12/2014	0.000	9.477	23.606	30.399	25.160
30/12/2014	0.000	9.082	23.192	29.620	24.500
31/12/2014	0.000	9.538	23.188	30.144	24.010
01/01/2015	0.000	9.482	23.029	29.938	24.460
02/01/2015	0.000	10.381	21.183	29.601	23.400
03/01/2015	0.000	12.603	18.851	30.654	22.880
04/01/2015	0.000	12.755	18.673	30.697	21.920
05/01/2015	0.000	11.592	20.197	30.279	21.070
06/01/2015	0.000	12.443	19.212	30.635	20.510
07/01/2015	0.000	12.485	18.091	29.933	20.070
08/01/2015	0.000	10.496	20.130	28.846	19.650
09/01/2015	0.000	11.030	20.087	29.428	19.340
10/01/2015	6.743	11.945	20.125	30.562	19.040
11/01/2015	1.404	11.164	20.851	30.115	18.910
12/01/2015	17.528	11.047	21.736	30.615	19.260
13/01/2015	1.599	9.580	22.731	29.663	18.560
14/01/2015	0.000	10.705	22.284	30.567	18.690
15/01/2015	14.855	9.140	22.817	29.183	22.170
16/01/2015	0.000	9.377	21.596	28.481	30.740
17/01/2015	30.992	8.071	21.534	27.019	26.280
18/01/2015	3.110	7.788	21.760	26.851	53.040
19/01/2015	14.119	9.742	21.428	28.726	47.030
20/01/2015	0.164	8.422	20.803	26.736	37.200
21/01/2015	27.867	7.813	21.183	26.380	27.990
22/01/2015	31.828	7.368	21.567	26.250	62.130
23/01/2015	5.396	7.990	21.106	26.447	94.490
24/01/2015	1.490	9.304	20.625	27.514	48.420
25/01/2015	2.186	9.555	20.942	28.024	44.140
26/01/2015	0.000	10.493	21.375	29.370	42.130
27/01/2015	5.060	8.584	22.197	27.904	41.700
28/01/2015	1.923	8.133	21.159	26.587	61.740
29/01/2015	0.000	10.153	20.466	28.255	36.160
30/01/2015	0.000	11.591	20.428	29.846	27.500
31/01/2015	47.922	9.692	21.303	28.332	28.050
01/02/2015	5.533	9.537	21.130	28.005	89.000
02/02/2015	2.945	11.007	20.793	29.351	65.140
03/02/2015	28.618	9.311	22.865	29.058	77.360
04/02/2015	0.000	9.795	21.668	28.625	47.450
05/02/2015	0.000	11.261	21.885	30.375	42.320
06/02/2015	15.184	8.030	21.986	26.971	46.840
07/02/2015	13.440	9.901	21.192	28.279	138.400
08/02/2015	26.758	7.328	21.760	26.043	147.100
09/02/2015	0.876	8.306	21.702	26.952	193.800
10/02/2015	0.000	9.022	21.192	27.288	90.330
11/02/2015	0.174	8.520	21.822	27.245	90.780
12/02/2015	0.000	9.403	21.822	28.135	53.820
13/02/2015	4.578	9.186	21.851	27.918	51.200
14/02/2015	6.126	10.243	22.413	29.442	189.300
15/02/2015	15.224	10.472	21.938	29.308	102.100
16/02/2015	0.000	11.741	22.202	30.832	55.080
17/02/2015	0.000	11.709	22.822	31.212	42.160
18/02/2015	0.000	10.827	22.298	29.880	37.230
19/02/2015	0.000	10.035	22.149	28.899	34.070
20/02/2015	0.000	10.137	20.505	27.721	31.240
21/02/2015	0.000	12.778	20.428	30.577	37.920
22/02/2015	0.000	11.754	21.894	30.462	31.030
23/02/2015	0.000	11.997	22.226	30.928	26.560
24/02/2015	0.000	13.270	21.154	31.510	24.350
25/02/2015	0.000	12.080	21.442	30.404	23.300
26/02/2015	2.889	11.889	22.332	30.832	23.090
27/02/2015	0.000	11.736	22.582	30.832	26.210
28/02/2015	12.276	11.969	22.808	31.236	23.690
01/03/2015	3.582	11.087	22.221	29.841	31.070
02/03/2015	3.279	10.665	22.534	29.649	29.670
03/03/2015	0.000	11.189	22.538	30.154	29.100
04/03/2015	0.000	12.883	22.091	31.577	25.640
05/03/2015	0.000	11.654	22.750	30.731	23.100
06/03/2015	0.192	10.624	22.923	29.808	20.850
07/03/2015	1.031	10.201	22.880	29.351	19.790
08/03/2015	0.000	13.057	22.207	31.769	23.290
09/03/2015	0.286	13.964	22.067	32.611	26.090
10/03/2015	0.460	13.674	23.000	32.947	21.790
11/03/2015	8.713	13.682	23.327	33.168	19.980
12/03/2015	0.059	13.684	22.865	32.837	26.180
13/03/2015	9.727	10.739	23.312	30.149	48.340
14/03/2015	0.958	10.911	23.183	30.188	47.170
15/03/2015	0.000	12.019	23.130	31.245	28.530
16/03/2015	16.722	12.001	23.221	31.298	47.050
17/03/2015	0.000	9.211	23.072	28.428	61.370
18/03/2015	22.216	8.896	22.639	27.784	33.860
19/03/2015	14.088	7.152	21.611	25.327	160.900
20/03/2015	0.000	8.638	21.438	26.543	245.400
21/03/2015	11.721	8.739	21.663	26.798	205.800
22/03/2015	0.000	11.960	21.096	29.625	212.500
23/03/2015	0.000	12.181	21.245	29.952	67.000
24/03/2015	0.000	11.839	22.221	30.327	47.520
25/03/2015	0.000	10.922	22.130	29.332	37.510
26/03/2015	0.000	11.306	22.471	29.952	32.750
27/03/2015	0.000	11.691	23.221	30.923	30.060
28/03/2015	5.751	9.122	23.341	28.548	27.990
29/03/2015	50.180	7.514	21.889	25.856	66.060
30/03/2015	3.943	8.487	21.221	26.255	112.200
31/03/2015	6.889	11.041	21.558	28.981	53.660
01/04/2015	3.872	10.301	22.231	28.760	66.070
02/04/2015	2.455	9.341	22.760	28.245	58.830
03/04/2015	18.095	9.125	21.971	27.385	60.840
04/04/2015	7.442	10.499	22.346	29.038	129.800
05/04/2015	31.742	8.717	22.322	27.312	191.600
06/04/2015	3.495	10.070	21.942	28.327	140.200
07/04/2015	13.165	9.692	22.755	28.572	82.880
08/04/2015	15.692	9.244	21.817	27.404	193.400
09/04/2015	4.343	11.527	20.538	28.721	68.440
10/04/2015	1.195	11.400	21.649	29.433	47.530
11/04/2015	20.666	9.155	21.947	27.423	93.080
12/04/2015	16.790	11.687	21.894	29.894	100.300
13/04/2015	21.013	9.382	23.332	28.764	130.400
14/04/2015	8.646	9.266	22.495	27.976	70.870
15/04/2015	16.441	7.807	22.154	26.438	66.970
16/04/2015	5.962	7.839	22.260	26.490	76.880
17/04/2015	1.425	8.733	21.543	26.716	50.210
18/04/2015	6.938	9.660	21.572	27.644	60.940
19/04/2015	17.085	7.699	22.279	26.356	84.780
20/04/2015	7.908	10.056	22.567	28.832	104.100
21/04/2015	28.996	9.079	21.779	27.260	122.800
22/04/2015	3.937	10.110	21.962	28.413	140.300
23/04/2015	1.164	10.988	22.404	29.659	68.010
24/04/2015	18.320	10.679	22.822	29.683	54.950
25/04/2015	15.777	8.580	23.038	27.846	59.100
26/04/2015	11.047	10.046	22.115	28.529	91.410
27/04/2015	0.347	12.734	22.255	31.375	50.120
28/04/2015	22.747	9.405	24.226	29.625	40.830
29/04/2015	0.000	10.878	22.173	29.438	38.530
30/04/2015	28.020	8.915	23.442	28.553	58.390
01/05/2015	9.679	8.168	22.053	26.673	82.220
02/05/2015	0.000	12.456	20.370	29.779	69.560
03/05/2015	11.590	10.134	22.678	29.135	41.470
04/05/2015	21.752	8.392	22.038	26.913	62.700
05/05/2015	0.000	9.960	22.346	28.702	47.720
06/05/2015	0.283	10.856	22.779	29.928	36.590
07/05/2015	13.206	11.266	22.356	30.043	154.100
08/05/2015	8.627	10.157	22.538	29.062	60.970
09/05/2015	0.934	9.217	22.558	28.183	43.860
10/05/2015	0.000	11.603	21.865	30.062	39.130
11/05/2015	0.000	11.230	22.995	30.558	34.790
12/05/2015	0.405	11.889	22.793	31.087	32.790
13/05/2015	3.923	11.150	22.663	30.231	47.960
14/05/2015	17.627	10.423	22.865	29.659	87.440
15/05/2015	13.696	8.917	22.255	27.702	60.190
16/05/2015	10.144	10.935	21.101	28.856	62.050
17/05/2015	10.668	8.552	22.322	27.399	49.930
18/05/2015	22.217	10.790	21.846	29.298	88.040
19/05/2015	14.628	10.076	22.082	28.740	68.120
20/05/2015	3.545	10.999	21.865	29.558	106.400
21/05/2015	18.259	10.637	21.880	29.188	190.100
22/05/2015	2.952	8.251	23.043	27.769	202.500
23/05/2015	3.749	10.033	21.779	28.534	111.500
24/05/2015	4.831	11.039	21.245	29.188	168.600
25/05/2015	12.270	7.742	22.072	26.481	75.200
26/05/2015	1.886	10.270	21.702	28.712	173.100
27/05/2015	2.241	9.899	22.231	28.774	65.100
28/05/2015	17.213	9.030	21.438	27.312	156.500
29/05/2015	6.746	7.302	21.880	25.957	226.200
30/05/2015	10.205	10.482	20.255	27.894	232.900
01/06/2015	1.320	8.538	22.413	27.596	105.300
02/06/2015	4.159	10.037	21.938	28.750	73.660
03/06/2015	8.903	10.393	22.764	29.774	69.550
04/06/2015	5.947	8.626	23.558	28.630	48.630
05/06/2015	11.429	8.424	22.231	27.365	42.320
06/06/2015	4.901	10.731	22.101	29.615	38.470
07/06/2015	26.248	7.868	22.481	27.019	40.360
08/06/2015	1.711	6.939	23.058	26.673	45.800
09/06/2015	9.216	8.696	22.236	27.673	85.000
10/06/2015	5.211	9.045	22.413	28.149	68.640
11/06/2015	6.989	8.449	22.130	27.322	136.700
12/06/2015	1.708	11.559	21.697	30.264	64.050
13/06/2015	21.896	9.575	22.827	29.019	49.600
14/06/2015	5.197	8.797	23.572	28.837	44.890
15/06/2015	3.804	8.173	23.279	27.976	48.060
16/06/2015	15.411	11.110	22.697	30.538	105.500
17/06/2015	0.000	10.063	21.755	28.740	58.080
18/06/2015	5.603	10.430	22.457	29.644	48.130
19/06/2015	0.961	12.265	22.029	31.322	39.380
20/06/2015	0.387	10.594	22.043	29.519	37.800
21/06/2015	4.267	11.365	21.793	30.149	33.800
22/06/2015	1.075	9.433	22.543	28.654	32.750
23/06/2015	0.000	11.492	22.240	30.625	37.630
24/06/2015	0.000	12.006	22.375	31.284	33.350
25/06/2015	3.045	12.213	22.192	31.361	31.250
26/06/2015	0.195	9.412	22.942	28.976	39.000
27/06/2015	0.000	10.940	22.870	30.490	37.880
28/06/2015	0.000	10.896	22.062	29.832	35.880
29/06/2015	0.000	11.552	21.976	30.476	29.750
30/06/2015	0.000	11.247	22.601	30.611	26.750
01/07/2015	0.345	12.194	22.817	31.779	24.500
02/07/2015	0.320	13.064	23.399	33.130	28.250
03/07/2015	9.277	11.826	24.726	32.812	24.500
04/07/2015	4.284	12.913	23.947	33.361	20.750
05/07/2015	3.886	12.420	24.375	33.154	18.200
06/07/2015	0.389	10.431	24.245	30.981	23.750
07/07/2015	11.449	9.772	22.889	29.236	24.500
08/07/2015	4.828	10.503	22.606	29.769	25.250
09/07/2015	0.345	11.893	23.154	31.654	36.150
10/07/2015	9.881	10.301	23.389	30.163	45.500
11/07/2015	0.099	11.289	23.303	31.120	45.500
12/07/2015	3.618	9.522	24.067	29.933	45.500
13/07/2015	20.633	10.266	23.894	30.490	106.200
14/07/2015	0.305	10.213	23.981	30.510	49.750
15/07/2015	31.410	9.289	23.534	29.226	43.570
16/07/2015	11.932	10.351	22.865	29.764	224.500
17/07/2015	8.180	12.261	21.851	31.034	122.500
18/07/2015	3.574	10.388	22.596	29.587	109.000
19/07/2015	2.665	9.020	23.784	29.144	114.300
20/07/2015	4.024	8.980	23.038	28.495	130.000
21/07/2015	8.657	8.744	22.745	28.053	135.100
22/07/2015	0.454	11.154	22.990	30.649	77.000
23/07/2015	2.172	8.671	21.875	27.255	54.000
24/07/2015	3.723	10.628	22.197	29.481	59.500
25/07/2015	0.000	12.050	21.606	30.543	62.000
26/07/2015	0.000	12.254	22.024	31.067	43.750
27/07/2015	10.794	10.457	23.207	30.053	40.250
28/07/2015	3.408	11.020	22.490	30.091	55.880
29/07/2015	10.449	11.227	23.457	31.005	37.800
30/07/2015	16.784	10.476	22.779	29.716	36.380
31/07/2015	0.297	11.858	21.966	30.524	47.250
01/08/2015	8.523	11.174	22.490	30.192	56.380
02/08/2015	3.516	11.529	22.861	30.827	38.500
03/08/2015	3.849	11.757	22.447	30.740	39.380
04/08/2015	7.819	11.303	23.043	30.697	43.750
05/08/2015	5.014	13.262	23.120	32.798	36.750
06/08/2015	0.000	12.560	23.894	32.625	33.500
07/08/2015	10.529	11.195	23.668	31.043	45.500
08/08/2015	10.569	8.999	23.365	28.625	47.250
09/08/2015	14.331	9.280	21.639	27.505	57.000
10/08/2015	1.042	8.219	21.822	26.615	65.500
11/08/2015	14.061	11.025	22.197	29.697	60.750
12/08/2015	1.815	12.171	21.582	30.462	52.250
13/08/2015	5.136	10.960	21.712	29.303	44.500
14/08/2015	4.221	10.862	21.875	29.288	33.500
15/08/2015	2.413	11.304	21.654	29.596	50.150
16/08/2015	3.695	9.826	21.793	28.154	52.630
17/08/2015	0.486	10.413	22.332	29.154	86.000
18/08/2015	1.298	12.008	21.308	30.019	60.630
19/08/2015	0.000	13.033	21.990	31.582	47.750
20/08/2015	20.676	12.866	22.192	31.538	44.100
21/08/2015	33.099	11.249	23.077	30.538	72.880
22/08/2015	1.615	10.879	22.702	29.870	90.500
23/08/2015	1.854	10.247	22.611	29.139	65.880
24/08/2015	18.478	10.725	23.207	30.072	58.630
25/08/2015	2.428	11.368	22.308	30.048	50.630
26/08/2015	20.140	7.661	23.183	27.178	45.150
27/08/2015	1.061	9.527	22.620	28.413	59.250
28/08/2015	10.774	10.728	22.288	29.380	79.250
29/08/2015	7.589	12.177	22.048	30.697	55.250
30/08/2015	9.163	11.927	22.125	30.457	42.360
31/08/2015	8.564	10.240	23.236	29.615	34.470
01/09/2015	7.404	11.834	21.837	30.159	66.900
02/09/2015	6.538	11.033	21.606	29.130	48.900
03/09/2015	13.664	11.157	21.779	29.385	62.830
04/09/2015	0.000	10.807	22.788	29.808	54.980
05/09/2015	4.776	11.483	23.649	31.139	36.340
06/09/2015	39.743	8.901	22.067	27.385	100.500
07/09/2015	8.533	11.187	22.087	29.639	56.750
08/09/2015	19.491	10.392	22.832	29.428	107.400
09/09/2015	0.000	10.956	23.327	30.370	66.580
10/09/2015	14.688	10.440	22.764	29.418	42.660
11/09/2015	16.494	6.643	22.317	25.519	46.210
12/09/2015	0.000	12.364	20.894	30.058	51.090
13/09/2015	0.000	13.666	20.611	31.245	37.710
14/09/2015	0.000	12.193	21.909	30.591	32.160
15/09/2015	10.771	12.072	21.846	30.413	29.550
16/09/2015	11.855	13.026	22.966	32.240	35.740
17/09/2015	32.549	9.838	23.625	29.534	45.680
18/09/2015	2.707	9.532	23.630	29.260	49.130
19/09/2015	27.377	10.352	22.668	29.279	112.100
20/09/2015	6.486	8.982	23.404	28.567	68.700
21/09/2015	10.880	11.554	22.442	30.356	145.600
22/09/2015	0.000	10.289	24.635	30.846	71.760
23/09/2015	4.601	10.128	24.274	30.370	43.680
24/09/2015	17.987	9.951	23.019	29.202	130.300
25/09/2015	0.000	10.260	22.736	29.327	64.720
26/09/2015	0.349	11.032	22.375	29.841	40.290
27/09/2015	2.786	10.680	23.433	30.312	34.890
28/09/2015	8.216	11.903	23.663	31.750	32.540
29/09/2015	0.510	11.487	22.990	30.803	29.610
30/09/2015	15.781	9.185	22.731	28.288	32.250
01/10/2015	0.000	8.594	21.861	27.029	34.540
02/10/2015	0.272	9.491	22.154	28.135	30.410
03/10/2015	19.686	10.524	22.279	29.332	28.630
04/10/2015	12.628	10.183	23.659	30.067	34.820
05/10/2015	0.000	10.576	23.149	30.111	38.310
06/10/2015	2.471	11.131	23.716	31.101	29.560
07/10/2015	30.683	9.805	23.774	29.837	29.620
08/10/2015	6.090	10.565	22.750	29.784	33.990
09/10/2015	16.650	10.617	21.841	29.149	29.580
10/10/2015	0.000	10.063	22.457	29.067	29.560
11/10/2015	13.245	7.999	21.846	26.553	43.010
12/10/2015	1.254	8.887	21.952	27.519	41.050
13/10/2015	8.761	8.369	22.000	27.111	121.900
14/10/2015	16.175	8.897	21.889	27.510	160.900
15/10/2015	3.405	7.872	22.649	27.125	73.500
16/10/2015	35.042	9.022	22.216	27.913	111.700
17/10/2015	7.162	10.251	22.341	29.322	80.840
18/10/2015	27.470	9.646	23.091	29.269	58.320
19/10/2015	0.413	9.322	22.976	28.885	73.150
20/10/2015	0.000	10.971	23.053	30.673	53.350
21/10/2015	39.515	10.588	22.115	29.577	110.900
22/10/2015	0.000	10.941	22.274	30.087	57.590
23/10/2015	6.343	8.989	23.380	28.933	39.390
24/10/2015	13.046	6.544	21.947	25.413	39.770
25/10/2015	0.616	8.884	21.841	27.644	43.050
26/10/2015	17.486	8.160	21.769	26.870	84.960
27/10/2015	0.000	7.515	22.322	26.697	61.370
28/10/2015	0.092	10.638	21.178	29.077	56.550
29/10/2015	16.809	8.674	21.962	27.611	79.060
30/10/2015	18.232	9.877	21.510	28.558	127.000
31/10/2015	0.000	9.692	21.029	27.990	62.840
01/11/2015	22.183	8.095	22.577	27.543	58.300
03/11/2015	0.000	11.145	21.010	29.678	223.300
04/11/2015	6.513	8.542	22.404	27.899	83.810
06/11/2015	3.974	7.616	22.630	27.207	254.500
08/11/2015	40.837	10.170	21.654	29.188	293.200
09/11/2015	0.514	9.352	22.024	28.601	140.100
10/11/2015	25.068	9.428	22.082	28.726	116.600
11/11/2015	18.420	8.930	22.697	28.721	87.360
12/11/2015	3.363	9.550	23.327	29.870	63.840
13/11/2015	30.413	9.925	22.375	29.543	109.400
14/11/2015	1.094	10.299	22.577	30.168	82.830
15/11/2015	34.605	8.750	23.385	29.163	78.720
16/11/2015	37.351	8.572	22.245	28.067	115.600
17/11/2015	14.369	7.843	22.668	27.625	101.400
18/11/2015	22.638	6.137	22.788	26.072	163.500
19/11/2015	0.000	9.089	22.111	28.553	105.200
20/11/2015	0.000	9.330	21.375	28.293	68.080
21/11/2015	0.154	7.774	22.760	27.683	65.610
22/11/2015	0.000	8.258	23.981	29.236	72.250
23/11/2015	34.519	7.197	23.111	27.413	148.300
24/11/2015	0.000	8.236	23.322	28.688	99.490
25/11/2015	17.659	8.342	23.418	28.889	99.490
26/11/2015	0.000	9.145	23.312	29.654	78.770
27/11/2015	10.362	7.514	23.062	27.750	58.360
28/11/2015	3.494	6.364	23.231	26.760	46.950
29/11/2015	0.000	8.794	22.399	28.601	42.440
30/11/2015	0.000	9.119	22.808	29.284	39.320
01/12/2015	0.000	8.161	22.928	28.365	35.480
02/12/2015	0.000	8.996	23.505	29.764	33.330
03/12/2015	6.616	8.535	22.702	28.635	32.910
04/12/2015	39.081	8.202	22.947	28.418	57.890
05/12/2015	7.242	10.272	21.692	29.837	42.210
06/12/2015	0.651	10.107	22.072	29.938	90.620
07/12/2015	0.970	9.985	22.130	29.841	46.390
08/12/2015	11.155	9.434	22.125	29.202	35.740
09/12/2015	3.054	9.928	22.553	30.115	33.410
10/12/2015	10.739	8.439	23.601	29.284	42.650
11/12/2015	9.193	9.225	23.865	30.351	42.290
12/12/2015	0.000	10.902	21.562	30.543	33.910
13/12/2015	0.000	10.287	22.202	30.274	29.120
14/12/2015	7.913	8.845	22.668	29.000	29.200
15/12/2015	19.609	8.124	22.269	27.885	49.430
16/12/2015	2.680	9.745	22.361	29.774	42.070
17/12/2015	0.000	9.112	22.981	29.529	41.960
18/12/2015	3.131	8.328	21.731	27.697	42.650
19/12/2015	6.936	9.086	23.923	30.250	47.630
20/12/2015	0.782	9.524	23.596	30.495	54.270
21/12/2015	0.000	11.009	22.087	31.067	40.450
22/12/2015	0.000	10.616	21.942	30.500	36.810
23/12/2015	0.000	9.265	23.928	30.462	35.190
24/12/2015	0.000	11.551	21.841	31.538	35.670
25/12/2015	0.000	12.736	21.582	32.769	36.140
26/12/2015	0.000	12.218	22.380	32.707	35.450
27/12/2015	0.000	11.665	22.327	32.000	37.030
28/12/2015	0.000	11.575	23.293	32.577	36.120
29/12/2015	0.000	12.175	22.889	32.981	35.410
30/12/2015	0.000	9.873	24.990	31.928	35.770
31/12/2015	0.000	10.859	23.793	32.111	36.750
01/01/2016	0.000	10.758	23.087	31.471	23.783
02/01/2016	25.142	7.966	23.558	28.707	23.163
03/01/2016	0.000	11.383	21.490	30.981	23.231
04/01/2016	33.963	9.560	23.447	30.303	23.475
05/01/2016	4.851	10.050	23.413	30.827	24.731
06/01/2016	25.306	9.481	23.029	29.875	26.340
07/01/2016	0.000	10.121	23.298	30.808	28.606
08/01/2016	0.000	10.380	23.317	31.082	27.175
09/01/2016	0.000	10.412	22.606	30.567	27.350
10/01/2016	0.000	11.874	20.981	31.091	27.025
11/01/2016	0.000	11.547	20.481	30.322	27.188
12/01/2016	0.000	13.060	20.649	32.260	27.319
13/01/2016	0.000	9.569	22.053	29.135	27.044
14/01/2016	0.000	11.734	21.543	31.240	25.462
15/01/2016	0.000	10.847	22.803	31.091	24.656
16/01/2016	0.000	11.582	23.038	32.077	24.344
17/01/2016	0.000	12.806	22.087	32.798	23.956
18/01/2016	0.000	10.161	24.111	31.269	23.619
19/01/2016	0.000	11.378	22.240	31.207	23.425
20/01/2016	0.000	12.282	22.029	32.077	23.337
21/01/2016	0.000	12.080	22.769	32.356	25.144
22/01/2016	0.000	12.310	23.587	33.163	24.044
23/01/2016	0.000	12.402	23.000	32.822	23.325
24/01/2016	0.000	9.624	23.293	29.913	23.828
25/01/2016	0.000	9.763	21.596	28.716	34.055
26/01/2016	0.000	9.939	24.163	30.885	38.283
27/01/2016	0.000	10.343	24.870	31.837	28.925
28/01/2016	0.000	10.670	23.380	31.010	25.794
29/01/2016	0.000	10.211	24.308	31.226	24.902
30/01/2016	0.000	10.871	22.572	30.596	30.342
31/01/2016	0.000	12.407	21.899	31.812	34.933
01/02/2016	0.000	12.081	22.784	32.043	27.550
02/02/2016	0.000	12.746	22.462	32.514	26.750
03/02/2016	0.000	12.042	24.428	33.135	26.238
04/02/2016	1.113	11.908	23.269	32.101	26.275
05/02/2016	0.000	9.785	22.611	29.284	29.837
06/02/2016	0.000	11.625	23.168	31.678	29.719
07/02/2016	0.000	10.547	23.654	30.856	27.431
08/02/2016	1.381	9.893	24.096	30.500	24.825
09/02/2016	0.000	13.121	22.043	32.452	25.131
10/02/2016	0.000	12.021	23.587	32.303	28.631
11/02/2016	36.770	11.123	22.971	30.880	44.902
12/02/2016	0.000	11.201	24.750	32.260	38.667
13/02/2016	0.000	11.107	24.337	31.817	29.946
14/02/2016	0.647	10.821	24.726	31.808	49.869
15/02/2016	0.000	13.819	22.837	33.572	37.458
16/02/2016	0.000	13.903	24.466	34.788	30.130
17/02/2016	36.594	11.534	23.490	31.538	110.795
18/02/2016	0.000	12.425	23.913	32.764	44.366
19/02/2016	0.000	11.308	23.745	31.442	34.290
20/02/2016	0.000	10.061	25.067	31.183	35.455
21/02/2016	2.407	8.707	23.962	29.000	31.424
22/02/2016	0.000	9.677	23.659	29.668	33.602
23/02/2016	0.000	13.152	23.591	33.163	29.044
24/02/2016	7.990	12.327	24.322	32.817	27.859
25/02/2016	18.511	8.940	23.303	28.615	41.106
26/02/2016	4.183	9.515	22.567	28.548	279.380
27/02/2016	0.000	11.966	23.048	31.418	78.775
28/02/2016	0.000	10.046	24.212	30.351	43.313
29/02/2016	0.000	11.021	24.111	31.212	28.125
01/03/2016	0.244	11.655	23.856	31.654	26.000
02/03/2016	0.202	11.374	23.245	30.870	26.656
03/03/2016	0.000	11.167	23.678	30.986	26.094
04/03/2016	0.000	10.596	24.024	30.668	27.031
05/03/2016	0.000	12.347	23.212	31.827	26.094
06/03/2016	10.227	10.535	22.442	29.337	30.187
07/03/2016	4.728	9.955	22.264	28.611	58.250
08/03/2016	0.362	10.366	22.514	29.188	51.844
09/03/2016	0.000	11.623	22.452	30.423	40.188
10/03/2016	8.686	12.107	22.635	31.034	28.531
11/03/2016	0.168	12.553	22.370	31.298	26.000
12/03/2016	0.000	13.532	22.856	32.635	27.219
13/03/2016	0.000	11.936	23.923	31.769	27.031
14/03/2016	0.000	10.623	23.659	30.269	29.337
15/03/2016	0.000	12.393	24.293	32.490	24.538
16/03/2016	2.310	13.637	23.298	32.995	23.981
17/03/2016	18.578	9.289	23.466	28.812	59.869
18/03/2016	0.188	11.554	23.481	31.024	43.288
19/03/2016	2.885	11.544	24.322	31.639	27.519
20/03/2016	10.091	11.511	24.062	31.413	26.094
21/03/2016	0.953	10.859	23.462	30.293	24.275
22/03/2016	0.146	9.935	24.168	29.957	25.050
23/03/2016	0.000	12.589	24.005	32.433	23.788
24/03/2016	0.430	14.450	23.130	33.659	21.312
25/03/2016	0.000	13.817	24.817	34.236	19.781
26/03/2016	0.000	14.903	23.659	34.481	18.837
27/03/2016	15.369	13.394	25.404	34.216	18.400
28/03/2016	13.972	10.967	23.495	30.380	23.631
29/03/2016	17.354	13.650	23.370	32.966	31.592
30/03/2016	19.491	9.371	24.625	29.779	26.446
31/03/2016	24.029	10.157	23.024	29.226	53.445
01/04/2016	0.678	9.775	24.269	29.846	48.029
02/04/2016	25.731	7.696	23.096	27.014	87.561
03/04/2016	0.000	8.762	22.409	27.385	82.019
04/04/2016	1.245	9.377	23.327	28.712	42.765
05/04/2016	1.316	9.908	23.471	29.356	32.685
06/04/2016	0.222	9.676	23.279	28.957	35.408
07/04/2016	0.000	10.923	23.760	30.538	32.125
08/04/2016	10.227	11.108	23.428	30.462	74.975
09/04/2016	31.285	9.067	23.793	28.827	78.971
10/04/2016	4.875	10.190	23.519	29.678	48.777
11/04/2016	4.886	10.695	23.438	30.077	167.582
12/04/2016	20.812	7.965	22.909	27.120	206.468
13/04/2016	0.361	8.519	22.442	27.226	297.054
14/04/2016	0.000	12.350	21.423	30.250	129.240
15/04/2016	0.000	11.669	23.543	31.139	56.258
16/04/2016	13.063	10.001	24.269	30.115	41.964
17/04/2016	18.544	8.695	24.111	28.788	37.130
18/04/2016	0.000	11.571	23.745	31.221	35.067
19/04/2016	0.000	10.330	23.938	30.207	31.681
20/04/2016	17.400	9.014	23.231	28.385	44.308
21/04/2016	8.663	11.677	23.370	31.072	38.786
22/04/2016	8.696	11.082	23.827	30.837	35.954
23/04/2016	21.006	8.599	23.846	28.524	124.070
24/04/2016	11.039	6.018	23.139	25.750	161.582
25/04/2016	4.815	10.265	22.514	29.034	104.244
26/04/2016	0.189	9.413	23.591	29.077	56.778
27/04/2016	28.142	9.320	22.418	28.058	58.582
28/04/2016	7.456	8.256	22.087	26.846	63.800
29/04/2016	13.192	9.346	22.952	28.510	158.841
30/04/2016	6.053	9.842	23.548	29.486	79.210
01/05/2016	15.253	8.227	22.702	27.264	134.565
02/05/2016	3.557	8.096	22.635	27.096	83.185
03/05/2016	0.797	10.700	21.101	28.476	55.130
04/05/2016	21.006	8.503	22.067	27.043	212.787
05/05/2016	0.072	11.405	22.029	29.928	138.358
06/05/2016	6.074	7.749	23.317	27.413	59.027
07/05/2016	20.894	9.330	21.760	27.620	167.095
08/05/2016	3.576	8.133	22.288	26.928	77.812
09/05/2016	12.803	9.470	22.130	28.067	159.564
10/05/2016	18.621	6.446	21.562	24.769	207.990
11/05/2016	0.000	9.285	22.240	27.995	108.207
12/05/2016	1.302	12.296	20.909	30.144	61.619
13/05/2016	6.034	9.148	22.260	27.913	58.927
14/05/2016	5.971	10.473	22.058	29.120	53.432
15/05/2016	2.746	11.153	22.361	30.048	56.166
16/05/2016	4.024	10.891	21.837	29.394	57.821
17/05/2016	11.490	10.817	22.923	30.173	56.485
18/05/2016	9.810	9.002	23.062	28.462	53.816
19/05/2016	0.301	8.478	22.750	27.716	44.443
20/05/2016	3.770	11.356	22.712	30.572	38.325
21/05/2016	8.471	11.098	23.168	30.663	52.385
22/05/2016	8.383	11.255	23.178	30.851	41.020
23/05/2016	2.458	11.733	22.981	31.216	37.664
24/05/2016	14.177	11.303	22.928	30.740	34.957
25/05/2016	9.288	9.001	22.587	28.159	46.733
26/05/2016	28.498	8.689	22.058	27.404	317.409
27/05/2016	2.083	10.171	22.356	29.144	106.978
28/05/2016	10.788	8.649	23.312	28.399	68.186
29/05/2016	19.290	8.386	22.428	27.438	134.708
30/05/2016	5.264	10.274	21.726	28.788	192.550
31/05/2016	21.255	10.161	21.538	28.529	135.434
01/06/2016	5.755	8.723	22.077	27.529	243.400
02/06/2016	2.511	9.219	22.245	28.144	126.413
03/06/2016	25.677	7.878	22.178	26.798	159.404
04/06/2016	0.000	11.065	21.841	29.764	148.077
05/06/2016	0.000	11.978	22.577	31.308	81.215
06/06/2016	14.532	9.027	22.562	28.216	73.812
07/06/2016	5.295	7.121	22.245	26.149	102.946
08/06/2016	0.127	10.713	21.663	29.284	121.649
09/06/2016	12.846	9.291	22.514	28.466	72.664
10/06/2016	2.804	9.161	21.572	27.582	125.870
11/06/2016	4.994	10.596	22.087	29.490	127.708
12/06/2016	1.895	11.043	22.130	29.995	70.199
13/06/2016	19.056	9.329	23.034	28.933	55.732
14/06/2016	23.030	7.475	22.279	26.548	54.878
15/06/2016	0.671	9.330	21.274	27.553	68.436
16/06/2016	0.664	11.961	20.625	29.938	52.190
17/06/2016	0.000	10.353	23.038	29.986	42.435
18/06/2016	14.119	9.083	22.793	28.510	55.750
19/06/2016	22.795	9.965	22.659	29.284	85.411
20/06/2016	12.777	8.477	22.154	27.380	61.709
21/06/2016	10.607	9.792	20.990	27.841	66.572
22/06/2016	2.258	9.973	21.462	28.389	42.915
23/06/2016	0.000	10.468	22.361	29.596	36.338
24/06/2016	7.655	10.074	21.928	28.851	36.486
25/06/2016	18.252	11.076	21.077	29.279	39.368
26/06/2016	0.000	10.369	21.572	28.875	79.129
27/06/2016	2.328	12.111	21.490	30.726	48.763
28/06/2016	0.000	12.657	21.822	31.572	37.161
29/06/2016	2.025	11.354	22.159	30.385	31.894
30/06/2016	21.973	10.759	22.082	29.678	33.682
01/07/2016	12.592	11.508	23.111	31.250	41.457
02/07/2016	18.265	9.036	23.500	29.010	33.888
03/07/2016	17.266	8.363	23.212	28.139	37.489
04/07/2016	9.492	10.409	22.942	29.971	55.229
05/07/2016	8.085	8.355	22.990	27.918	73.052
06/07/2016	11.945	8.091	23.457	28.038	98.011
07/07/2016	14.697	10.472	22.351	29.582	75.723
08/07/2016	0.000	10.484	23.500	30.457	61.811
09/07/2016	0.000	11.616	22.841	31.130	40.693
10/07/2016	7.351	9.689	24.466	30.423	34.180
11/07/2016	11.524	9.713	23.375	29.587	37.271
12/07/2016	11.024	10.748	22.087	29.630	41.342
13/07/2016	1.187	8.867	23.731	29.014	33.707
14/07/2016	12.498	10.244	22.120	29.091	28.873
15/07/2016	3.899	9.666	22.803	29.038	33.486
16/07/2016	8.404	7.221	22.817	26.697	45.600
17/07/2016	5.200	10.140	21.668	28.625	52.613
18/07/2016	14.512	8.556	22.029	27.284	45.094
19/07/2016	8.291	9.752	22.505	28.861	42.582
20/07/2016	2.491	9.537	23.183	29.154	40.420
21/07/2016	6.413	9.697	22.264	28.611	37.541
22/07/2016	14.414	8.378	23.149	27.976	87.990
23/07/2016	1.714	9.614	23.173	29.197	52.251
24/07/2016	3.330	9.580	22.019	28.269	78.183
25/07/2016	6.805	10.357	21.721	28.812	69.731
26/07/2016	5.718	12.395	21.760	31.000	44.427
27/07/2016	17.644	10.493	22.317	29.394	81.451
28/07/2016	6.272	10.345	21.870	28.885	56.017
29/07/2016	13.072	11.868	21.726	30.361	99.601
30/07/2016	13.166	10.113	22.101	28.788	60.058
31/07/2016	10.522	10.881	21.851	29.399	46.307
01/08/2016	4.794	11.153	20.899	28.971	77.593
02/08/2016	12.798	9.978	21.769	28.375	111.242
03/08/2016	10.613	10.972	21.486	29.183	189.339
04/08/2016	12.019	9.213	21.284	27.202	98.875
05/08/2016	2.869	10.873	20.947	28.639	96.107
06/08/2016	0.000	12.123	21.981	30.745	68.894
07/08/2016	1.544	10.998	22.433	29.889	46.940
08/08/2016	11.129	11.036	22.178	29.736	42.207
09/08/2016	4.019	7.832	23.659	27.812	41.197
10/08/2016	18.257	10.587	22.317	29.337	87.328
11/08/2016	3.793	11.515	21.385	29.601	52.716
12/08/2016	17.158	10.256	22.053	28.769	64.244
13/08/2016	5.321	11.311	22.115	29.913	51.807
14/08/2016	28.321	10.398	22.163	29.019	56.611
15/08/2016	10.257	9.078	22.832	28.231	53.990
16/08/2016	3.759	10.043	22.846	29.173	65.677
17/08/2016	3.711	11.150	22.337	29.894	43.787
18/08/2016	15.495	8.414	22.562	27.370	40.112
19/08/2016	0.177	11.082	21.207	28.952	42.374
20/08/2016	0.000	12.340	21.231	30.312	34.251
21/08/2016	14.832	11.482	22.106	30.043	27.885
22/08/2016	4.430	11.251	22.418	30.038	25.757
23/08/2016	0.000	12.779	20.885	30.495	28.339
24/08/2016	13.220	11.908	21.851	30.240	26.449
25/08/2016	13.960	9.781	23.226	29.168	27.776
26/08/2016	19.213	8.490	21.630	26.668	72.276
27/08/2016	0.000	9.994	21.303	27.846	64.473
28/08/2016	21.489	9.746	22.038	28.173	193.642
29/08/2016	0.000	12.151	21.832	30.462	102.388
30/08/2016	27.694	8.361	22.322	27.058	54.228
31/08/2016	1.920	8.100	22.337	26.837	51.153
01/09/2016	17.144	7.462	21.312	25.409	37.442
02/09/2016	0.000	8.126	21.236	26.029	34.821
03/09/2016	4.115	10.440	21.933	28.784	42.421
04/09/2016	8.396	9.975	22.337	28.639	48.696
05/09/2016	22.095	9.875	22.005	28.274	62.899
06/09/2016	14.355	10.786	20.716	28.216	102.234
07/09/2016	3.065	5.572	22.707	25.053	95.727
08/09/2016	11.618	10.638	21.438	28.591	62.227
09/09/2016	0.251	9.960	21.601	28.043	47.623
10/09/2016	6.109	8.894	22.505	27.707	37.319
11/09/2016	13.762	10.542	20.851	28.053	38.828
12/09/2016	10.460	8.067	22.832	27.212	49.796
13/09/2016	6.345	8.512	21.659	26.673	51.819
14/09/2016	2.701	8.704	22.288	27.409	59.963
15/09/2016	7.120	9.601	20.683	26.976	53.718
16/09/2016	5.347	10.308	22.654	29.216	44.584
17/09/2016	0.289	11.587	21.851	29.918	42.389
18/09/2016	18.720	10.191	23.159	29.524	35.586
19/09/2016	20.525	10.530	21.933	28.923	34.753
20/09/2016	1.613	11.649	22.543	30.534	36.747
21/09/2016	12.859	10.962	22.120	29.510	68.649
22/09/2016	6.959	8.992	22.168	27.620	54.725
23/09/2016	0.000	10.614	22.312	29.337	36.219
24/09/2016	16.296	8.793	23.418	28.433	41.038
25/09/2016	17.671	8.599	23.216	28.082	95.946
26/09/2016	1.592	10.895	22.087	29.462	71.427
27/09/2016	11.255	9.679	23.692	29.510	49.452
28/09/2016	1.997	9.237	23.702	29.115	46.737
29/09/2016	2.286	10.567	23.000	29.865	38.678
30/09/2016	0.527	12.096	23.337	31.697	35.603
01/10/2016	12.094	9.199	22.433	28.087	105.156
02/10/2016	11.026	8.216	22.553	27.245	164.501
03/10/2016	12.350	8.275	21.707	26.606	277.526
04/10/2016	0.000	10.945	21.904	29.500	148.151
05/10/2016	35.334	8.801	21.476	26.962	228.217
06/10/2016	0.000	8.953	22.870	28.250	152.336
07/10/2016	22.103	7.717	22.019	26.370	125.523
08/10/2016	0.193	9.180	21.029	27.038	112.336
09/10/2016	21.967	8.750	21.745	27.183	115.877
10/10/2016	33.377	8.220	21.740	26.683	157.675
11/10/2016	8.670	8.740	22.409	27.755	151.631
12/10/2016	38.499	7.947	21.457	26.188	166.816
13/10/2016	1.054	10.518	21.135	28.606	104.784
14/10/2016	13.516	9.492	22.245	28.409	87.260
15/10/2016	15.363	8.282	22.529	27.462	172.920
16/10/2016	38.445	9.479	21.745	28.034	101.451
17/10/2016	4.364	9.757	21.668	28.279	108.032
18/10/2016	24.519	6.671	22.630	26.053	100.802
19/10/2016	0.000	10.513	20.808	28.481	68.284
20/10/2016	3.566	8.610	22.125	27.514	55.153
21/10/2016	2.436	9.282	21.447	27.683	52.039
22/10/2016	3.996	9.319	21.769	27.995	62.532
23/10/2016	0.000	8.224	22.139	27.197	55.859
24/10/2016	0.000	9.602	21.755	28.322	49.032
25/10/2016	21.596	9.154	21.183	27.418	94.866
26/10/2016	43.927	8.943	21.764	27.673	238.418
27/10/2016	4.441	9.453	21.447	27.976	102.436
28/10/2016	0.315	9.877	20.894	28.091	58.178
29/10/2016	27.305	6.775	21.562	25.370	103.138
30/10/2016	0.000	10.240	20.702	28.356	269.846
31/10/2016	2.179	9.468	21.442	28.077	129.081
01/11/2016	21.199	7.352	22.072	26.418	156.576
02/11/2016	1.228	9.441	21.481	28.125	253.743
03/11/2016	0.471	10.654	20.678	28.909	191.719
04/11/2016	0.073	8.538	22.933	28.361	107.069
05/11/2016	2.554	9.079	21.697	28.005	74.264
06/11/2016	22.407	9.346	21.808	28.404	168.095
07/11/2016	26.408	7.173	23.135	27.216	208.923
08/11/2016	7.235	8.573	22.024	27.745	113.205
09/11/2016	0.275	8.765	23.101	28.827	82.454
10/11/2016	33.810	8.268	22.812	28.087	123.851
11/11/2016	44.032	6.579	22.596	26.240	295.305
12/11/2016	0.000	8.344	21.885	27.433	138.163
13/11/2016	0.390	8.325	23.144	28.471	83.161
14/11/2016	20.849	6.492	21.793	25.538	209.624
16/11/2016	0.000	9.511	20.962	28.082	302.508
17/11/2016	0.000	7.390	22.245	26.817	177.418
18/11/2016	1.976	8.361	22.683	28.197	133.295
19/11/2016	4.054	7.674	22.048	26.957	128.322
20/11/2016	58.548	7.185	21.683	26.173	232.337
21/11/2016	1.931	10.216	21.072	29.101	319.225
22/11/2016	0.000	11.320	20.115	29.712	177.228
23/11/2016	0.000	8.840	22.351	28.534	99.098
24/11/2016	1.123	7.887	22.500	27.630	106.767
25/11/2016	17.534	7.633	21.952	26.938	105.258
26/11/2016	0.167	8.802	21.596	27.952	104.151
27/11/2016	15.727	7.757	21.351	26.601	184.703
28/11/2016	3.624	8.241	22.606	28.173	186.152
29/11/2016	23.048	6.705	22.615	26.577	178.080
30/11/2016	5.880	8.699	22.370	28.495	264.663
01/12/2016	12.574	7.764	23.303	28.231	151.127
02/12/2016	28.733	7.015	22.226	26.582	258.459
03/12/2016	21.516	6.493	22.601	26.375	313.408
04/12/2016	12.260	7.905	22.678	27.909	285.143
05/12/2016	4.036	7.620	22.423	27.399	242.094
06/12/2016	0.000	9.117	22.139	28.841	148.262
07/12/2016	3.596	8.102	23.202	28.562	122.930
08/12/2016	27.194	8.428	22.226	28.173	207.897
09/12/2016	7.787	7.417	21.981	26.841	179.260
10/12/2016	7.075	8.692	21.529	27.899	126.073
11/12/2016	0.995	9.235	21.130	28.250	108.729
12/12/2016	1.375	8.818	22.889	29.125	68.249
13/12/2016	13.418	7.724	22.981	28.019	56.635
14/12/2016	0.000	9.766	21.168	28.899	80.042
15/12/2016	0.000	7.868	23.019	28.221	59.751
16/12/2016	0.000	8.507	22.630	28.596	51.568
17/12/2016	0.158	9.136	21.740	28.644	47.884
18/12/2016	0.000	8.953	21.904	28.514	44.748
19/12/2016	0.000	9.952	22.365	30.048	38.887
20/12/2016	0.000	9.177	21.534	28.486	37.029
21/12/2016	2.058	5.800	22.938	26.058	35.801
22/12/2016	4.378	9.333	21.250	28.438	48.964
23/12/2016	0.000	8.854	21.250	27.904	58.098
24/12/2016	0.000	8.619	22.837	28.846	42.330
25/12/2016	8.252	8.975	21.538	28.255	40.979
26/12/2016	0.000	7.661	22.538	27.577	55.342
27/12/2016	6.233	8.653	21.812	28.062	117.777
28/12/2016	15.780	9.850	21.928	29.548	141.810
29/12/2016	0.000	8.262	23.668	29.101	66.703
30/12/2016	0.000	7.121	23.312	27.654	46.368
31/12/2016	35.481	6.741	22.361	26.452	58.809
01/01/2017	4.519	9.674	21.389	28.904	69.570
02/01/2017	0.000	9.815	22.442	29.880	45.198
03/01/2017	0.924	9.961	22.312	29.909	42.374
04/01/2017	0.000	10.750	20.486	29.476	55.204
05/01/2017	13.447	8.128	21.909	27.529	45.957
06/01/2017	0.000	8.702	21.793	28.067	51.969
07/01/2017	19.215	8.429	22.611	28.365	51.511
08/01/2017	25.288	6.007	22.957	26.168	67.057
09/01/2017	34.177	7.090	21.139	25.750	149.314
10/01/2017	0.190	6.982	21.635	25.990	118.445
11/01/2017	0.000	9.180	21.423	28.212	68.343
12/01/2017	0.000	10.631	20.567	29.250	49.298
13/01/2017	0.000	10.259	21.317	29.337	40.670
14/01/2017	0.000	8.148	21.303	26.942	38.984
15/01/2017	0.000	10.519	20.370	28.933	33.921
16/01/2017	0.000	11.102	20.202	29.481	30.374
17/01/2017	0.000	11.419	19.721	29.500	27.401
18/01/2017	0.000	9.422	20.947	28.005	26.095
19/01/2017	0.000	11.654	20.351	30.168	26.514
20/01/2017	0.000	11.388	21.034	30.327	29.455
21/01/2017	0.000	11.508	20.024	29.736	25.060
22/01/2017	0.000	12.549	19.861	30.865	23.439
23/01/2017	0.000	14.622	17.875	32.024	22.467
24/01/2017	0.000	12.131	19.712	30.183	22.991
25/01/2017	0.000	9.083	22.091	28.370	31.597
26/01/2017	0.000	9.752	23.212	29.957	23.208
27/01/2017	0.000	11.389	22.562	31.245	21.532
28/01/2017	0.538	10.224	23.841	30.894	20.745
29/01/2017	0.000	12.492	21.875	31.957	23.851
30/01/2017	30.632	8.264	24.038	28.995	30.590
31/01/2017	0.000	9.921	23.053	29.933	42.829
01/02/2017	6.348	11.273	22.231	30.736	35.952
02/02/2017	0.000	10.961	22.279	30.433	31.201
03/02/2017	0.000	11.480	21.380	30.303	31.551
04/02/2017	0.000	12.996	22.019	32.457	25.449
05/02/2017	0.000	13.584	22.077	33.135	22.783
06/02/2017	0.000	13.448	22.010	32.909	22.694
07/02/2017	0.000	11.950	22.462	31.505	26.333
08/02/2017	0.000	13.610	22.173	33.125	21.562
09/02/2017	14.477	12.276	22.231	31.635	24.093
10/02/2017	10.428	12.577	22.154	31.885	42.733
11/02/2017	0.000	14.204	20.505	32.562	55.126
12/02/2017	0.446	12.487	21.995	31.606	32.697
13/02/2017	2.151	12.809	22.173	32.053	24.720
14/02/2017	0.000	11.863	22.332	31.111	25.045
15/02/2017	0.000	14.147	21.620	33.106	21.957
16/02/2017	0.000	12.655	21.697	31.447	20.482
17/02/2017	0.000	12.082	22.529	31.413	29.103
18/02/2017	0.000	14.255	20.558	32.389	29.640
19/02/2017	0.000	14.366	20.606	32.519	32.154
20/02/2017	2.554	14.080	22.010	33.125	23.204
21/02/2017	0.215	12.645	23.207	32.404	20.672
22/02/2017	0.000	12.794	21.793	31.505	19.028
23/02/2017	0.817	13.340	22.356	32.471	22.839
24/02/2017	0.000	9.749	23.553	29.606	24.192
25/02/2017	2.480	13.384	22.231	32.385	20.293
26/02/2017	2.005	9.858	24.577	30.500	25.281
27/02/2017	1.951	10.896	23.029	30.308	32.947
28/02/2017	5.356	10.907	25.029	31.837	25.044
01/03/2017	8.079	13.796	22.644	33.014	25.376
02/03/2017	1.245	12.171	23.452	31.865	21.957
03/03/2017	0.000	12.077	23.163	31.524	36.549
04/03/2017	5.159	13.574	23.168	33.087	48.402
05/03/2017	18.885	9.864	23.808	29.784	72.123
06/03/2017	13.444	11.425	23.673	31.207	42.847
07/03/2017	33.403	11.200	21.952	29.649	82.657
08/03/2017	20.625	7.522	22.490	26.471	71.100
09/03/2017	4.714	12.262	21.716	30.534	73.520
10/03/2017	11.118	8.953	23.639	28.712	47.174
11/03/2017	17.350	11.062	22.808	30.106	95.748
13/03/2017	0.836	10.709	21.471	28.678	165.483
14/03/2017	4.495	11.611	23.024	30.774	69.071
17/03/2017	1.536	9.770	21.928	28.062	185.012
18/03/2017	0.554	11.564	21.418	29.481	106.386
19/03/2017	3.421	12.715	20.697	30.149	59.239
20/03/2017	0.933	10.248	21.654	28.317	96.471
21/03/2017	0.000	10.689	21.995	28.990	99.211
22/03/2017	3.599	9.292	22.913	28.332	66.857
23/03/2017	11.150	8.605	21.601	26.644	59.050
24/03/2017	20.839	6.368	22.269	25.226	62.801
25/03/2017	1.276	9.672	21.688	27.712	62.106
26/03/2017	30.150	7.390	21.995	25.841	120.211
27/03/2017	15.231	9.469	22.284	28.000	131.283
28/03/2017	12.766	10.243	22.769	29.120	71.403
29/03/2017	13.438	8.938	22.582	27.745	136.291
30/03/2017	15.640	7.957	20.990	25.471	102.913
31/03/2017	0.628	8.683	22.438	27.361	89.456
01/04/2017	5.429	8.482	22.591	27.346	127.760
02/04/2017	0.000	10.542	23.942	30.341	94.052
03/04/2017	4.456	10.873	23.697	30.452	50.798
04/04/2017	0.000	11.763	23.822	31.399	39.111
05/04/2017	0.000	12.154	23.192	31.317	31.744
06/04/2017	0.000	13.151	22.087	31.519	27.506
07/04/2017	6.419	12.398	22.221	30.837	25.285
08/04/2017	21.583	9.565	23.327	28.923	29.909
09/04/2017	19.612	8.391	22.130	26.880	56.505
10/04/2017	0.095	10.402	22.077	28.736	39.392
11/04/2017	12.909	9.421	22.764	28.327	64.299
12/04/2017	4.810	9.402	22.692	28.245	134.881
13/04/2017	9.613	11.635	22.548	30.332	99.304
14/04/2017	33.655	6.860	23.389	26.577	88.314
15/04/2017	0.000	11.853	21.817	30.014	96.218
16/04/2017	0.337	11.237	22.486	29.909	48.987
17/04/2017	25.852	9.775	22.673	28.606	141.536
18/04/2017	6.306	9.023	23.683	28.740	105.841
19/04/2017	37.353	9.721	22.567	28.490	222.548
20/04/2017	5.658	8.325	22.740	27.322	133.165
22/04/2017	2.326	13.138	21.495	31.168	148.789
23/04/2017	0.689	13.042	23.101	32.240	92.312
24/04/2017	33.088	9.276	23.197	28.601	134.302
25/04/2017	5.090	9.148	23.043	28.346	127.357
26/04/2017	22.222	9.090	22.659	28.000	100.170
27/04/2017	0.000	10.904	21.851	29.178	73.738
28/04/2017	5.168	10.719	22.971	29.856	46.151
29/04/2017	3.675	11.869	22.779	30.865	46.167
30/04/2017	25.051	7.574	23.351	27.202	89.713
01/05/2017	7.894	11.357	22.067	29.817	110.902
02/05/2017	18.361	9.223	21.899	27.567	89.757
03/05/2017	20.428	7.586	22.457	26.486	146.838
04/05/2017	6.098	10.969	21.582	29.106	143.461
05/05/2017	9.784	8.262	23.207	27.750	97.449
06/05/2017	39.774	9.125	22.101	27.663	121.936
07/05/2017	3.649	9.420	21.673	27.649	166.935
08/05/2017	19.608	9.588	21.428	27.606	233.466
09/05/2017	24.693	6.822	22.240	25.688	179.353
10/05/2017	5.506	7.652	22.120	26.332	150.531
11/05/2017	21.571	7.983	22.188	26.678	206.068
12/05/2017	4.204	6.938	22.125	25.716	166.332
13/05/2017	2.089	10.926	21.202	28.894	101.017
14/05/2017	4.853	10.729	22.221	29.452	117.821
15/05/2017	23.202	9.031	22.856	28.274	91.623
16/05/2017	6.854	10.548	22.760	29.707	92.190
17/05/2017	10.551	9.533	22.067	28.149	184.058
18/05/2017	11.120	10.762	23.207	30.308	190.094
19/05/2017	2.062	10.625	23.433	30.341	128.832
20/05/2017	14.770	8.822	23.168	28.394	88.647
21/05/2017	6.457	9.749	22.495	28.745	95.008
22/05/2017	6.885	5.653	23.029	25.505	122.865
23/05/2017	0.000	9.896	21.385	28.062	94.620
24/05/2017	5.088	11.122	21.577	29.510	56.690
25/05/2017	4.734	10.986	22.457	30.048	44.601
26/05/2017	2.483	10.578	22.601	29.736	40.067
27/05/2017	11.269	9.432	22.697	28.654	35.697
28/05/2017	6.645	9.976	22.803	29.293	59.236
29/05/2017	18.525	9.015	22.913	28.418	62.717
30/05/2017	24.407	9.729	23.490	29.601	121.392
31/05/2017	12.336	10.294	22.976	29.784	102.106
01/06/2017	3.459	9.921	23.308	29.678	103.225
02/06/2017	8.276	11.702	22.764	31.106	82.134
03/06/2017	2.927	12.510	23.755	32.716	70.299
04/06/2017	11.424	10.674	24.053	31.043	90.580
05/06/2017	10.142	8.911	23.812	29.115	114.785
06/06/2017	0.000	11.104	23.726	31.240	71.802
07/06/2017	34.598	7.333	23.572	27.423	55.270
08/06/2017	15.349	5.927	22.668	25.423	132.277
09/06/2017	0.963	9.152	21.731	27.692	235.205
10/06/2017	6.565	10.219	22.909	29.716	106.893
11/06/2017	6.076	9.611	22.341	28.649	114.239
12/06/2017	17.788	8.345	22.130	27.221	122.213
13/06/2017	6.471	9.633	22.154	28.538	130.051
14/06/2017	4.067	9.734	21.885	28.428	80.342
15/06/2017	20.457	5.898	22.894	25.635	126.163
16/06/2017	0.000	10.920	20.817	28.904	126.631
17/06/2017	2.140	8.353	22.394	27.433	71.311
18/06/2017	16.595	9.769	22.038	28.596	201.290
19/06/2017	23.272	9.417	22.841	28.885	273.863
20/06/2017	7.747	9.296	23.000	28.870	143.293
21/06/2017	17.441	10.530	22.202	29.529	108.263
22/06/2017	0.151	9.317	22.370	28.409	77.546
23/06/2017	3.943	8.956	23.490	28.947	90.547
24/06/2017	0.308	10.134	22.817	29.591	84.852
25/06/2017	11.332	8.698	22.827	28.207	91.005
26/06/2017	16.226	8.198	22.014	27.024	87.174
27/06/2017	16.400	9.931	21.462	28.337	105.550
28/06/2017	1.463	9.721	22.822	29.168	88.985
29/06/2017	11.769	8.985	23.514	28.976	79.655
30/06/2017	16.076	9.144	21.990	27.928	106.700
01/07/2017	13.419	11.317	23.010	30.986	83.751
02/07/2017	12.988	9.982	24.067	30.438	94.722
03/07/2017	3.598	10.569	22.356	29.692	177.820
04/07/2017	8.671	11.664	23.125	31.423	135.269
05/07/2017	0.000	9.564	24.019	29.962	101.651
06/07/2017	5.953	9.985	23.620	30.048	55.163
07/07/2017	5.130	10.962	22.567	30.245	42.241
08/07/2017	6.269	12.135	23.058	31.851	36.185
09/07/2017	4.834	12.632	22.793	32.173	43.225
10/07/2017	1.342	11.209	22.587	30.486	38.845
11/07/2017	19.612	8.753	23.091	28.399	50.888
12/07/2017	20.716	7.794	23.125	27.476	129.406
13/07/2017	0.810	10.136	23.005	29.683	68.522
14/07/2017	7.874	10.602	22.505	29.760	115.242
15/07/2017	2.561	7.900	23.442	27.827	71.062
16/07/2017	0.739	11.651	22.447	30.808	97.278
17/07/2017	14.570	9.389	22.120	28.197	67.853
18/07/2017	12.337	10.565	23.014	30.111	52.589
19/07/2017	13.409	11.173	23.154	30.822	108.690
20/07/2017	11.155	8.525	22.938	27.957	127.242
21/07/2017	0.000	11.244	22.428	30.322	122.425
22/07/2017	0.000	11.140	22.524	30.288	73.908
23/07/2017	1.634	10.574	24.034	30.832	79.585
24/07/2017	1.922	11.114	23.197	30.750	56.736
25/07/2017	0.370	12.489	22.678	31.793	38.131
26/07/2017	11.388	10.191	23.188	29.774	37.029
27/07/2017	2.716	12.198	22.188	31.106	34.515
28/07/2017	1.997	11.665	23.231	31.303	43.425
29/07/2017	1.569	11.861	23.231	31.481	55.825
30/07/2017	26.961	8.411	24.125	28.779	64.838
31/07/2017	0.210	8.614	22.644	27.740	60.210
01/08/2017	0.000	10.839	21.428	29.010	46.818
02/08/2017	0.000	10.136	23.856	30.163	39.804
03/08/2017	7.403	11.655	22.202	30.442	35.823
04/08/2017	14.138	11.055	21.899	29.577	44.545
05/08/2017	8.920	9.249	22.236	28.005	55.467
06/08/2017	2.882	11.700	21.649	30.062	36.108
07/08/2017	2.582	9.865	23.096	29.264	41.607
08/08/2017	7.417	10.318	23.159	29.764	32.226
09/08/2017	22.780	9.528	23.067	28.904	65.327
10/08/2017	1.702	9.325	22.514	28.260	54.748
11/08/2017	13.486	10.607	22.587	29.562	38.789
12/08/2017	27.384	8.278	22.029	26.808	99.724
13/08/2017	0.132	7.936	22.990	27.312	68.568
14/08/2017	0.000	11.794	21.413	29.894	40.238
15/08/2017	0.756	10.377	23.716	30.173	40.999
16/08/2017	24.394	10.289	23.019	29.534	35.644
17/08/2017	1.645	11.586	22.851	30.721	41.080
18/08/2017	11.778	10.110	22.760	29.149	38.963
19/08/2017	5.935	7.233	22.688	26.385	70.665
20/08/2017	14.306	10.346	21.361	28.284	73.674
21/08/2017	1.348	8.751	22.500	27.630	53.345
22/08/2017	3.981	11.341	22.317	30.043	36.844
23/08/2017	11.729	10.887	22.606	29.808	48.802
24/08/2017	26.858	8.503	22.779	27.606	81.678
25/08/2017	12.476	9.924	23.000	29.130	70.386
26/08/2017	9.450	11.079	22.760	30.077	50.123
27/08/2017	11.338	10.456	22.572	29.293	50.469
28/08/2017	15.742	8.705	22.913	27.894	58.860
29/08/2017	7.057	10.210	22.024	28.611	82.656
30/08/2017	7.088	10.192	22.096	28.659	109.202
31/08/2017	0.000	10.540	21.798	28.803	72.261
01/09/2017	0.000	12.825	22.077	31.365	42.216
02/09/2017	9.749	10.546	23.337	29.966	44.856
03/09/2017	10.609	10.139	22.606	29.014	45.436
04/09/2017	0.000	11.140	22.784	30.154	47.310
05/09/2017	9.887	10.302	22.736	29.240	38.372
06/09/2017	9.644	11.206	22.976	30.370	66.843
07/09/2017	7.452	9.133	23.293	28.587	58.890
08/09/2017	14.293	7.496	22.183	26.144	83.506
09/09/2017	6.930	8.339	22.260	26.986	115.253
10/09/2017	19.093	10.584	21.471	28.553	200.653
11/09/2017	10.196	11.247	22.822	30.288	144.250
12/09/2017	7.247	8.711	22.534	27.572	94.163
13/09/2017	2.800	9.051	22.308	27.712	89.075
14/09/2017	1.580	10.556	21.697	28.736	59.458
15/09/2017	4.955	9.573	22.279	28.192	77.463
16/09/2017	0.289	10.034	22.442	28.784	102.794
17/09/2017	21.334	7.985	23.577	27.798	207.388
18/09/2017	4.945	10.308	23.274	29.721	172.686
19/09/2017	3.376	12.052	21.745	30.332	145.283
20/09/2017	16.464	8.176	23.466	27.856	123.228
21/09/2017	0.769	10.335	22.389	29.067	110.345
22/09/2017	13.371	10.018	23.139	29.356	65.564
23/09/2017	13.001	8.090	21.769	26.399	118.735
24/09/2017	10.163	9.451	22.918	28.668	90.766
25/09/2017	5.904	9.448	23.053	28.755	88.812
26/09/2017	5.266	10.340	21.260	28.260	59.315
27/09/2017	3.740	12.212	21.471	30.380	75.801
28/09/2017	22.294	9.077	22.543	28.029	108.922
29/09/2017	0.000	9.526	21.582	27.740	96.067
30/09/2017	29.522	7.612	22.130	26.322	149.810
01/10/2017	7.908	10.431	20.909	28.130	189.865
03/10/2017	17.088	9.308	21.769	27.663	218.603
04/10/2017	31.312	8.134	21.716	26.486	298.372
05/10/2017	0.430	9.436	21.375	27.510	148.922
06/10/2017	15.467	9.107	20.341	26.380	226.661
07/10/2017	0.573	8.993	21.721	27.375	123.506
08/10/2017	8.543	12.085	19.880	29.279	81.230
09/10/2017	11.570	8.993	20.832	26.712	53.344
10/10/2017	5.042	11.956	19.452	28.880	59.979
11/10/2017	12.456	7.961	22.356	26.938	60.916
12/10/2017	1.865	10.374	21.731	28.846	48.495
13/10/2017	1.835	9.863	22.702	29.101	65.579
14/10/2017	6.526	8.588	23.389	28.413	83.367
15/10/2017	6.922	9.339	23.385	29.149	73.516
16/10/2017	0.294	10.279	21.918	29.000	55.094
17/10/2017	1.364	11.632	22.019	30.534	48.177
18/10/2017	12.126	12.301	21.793	31.120	43.058
19/10/2017	26.250	11.642	21.168	29.957	77.399
20/10/2017	0.000	9.838	22.697	29.197	51.438
21/10/2017	13.014	9.385	23.317	29.255	40.421
22/10/2017	15.720	8.097	22.587	27.404	87.733
23/10/2017	3.198	9.195	21.697	27.827	88.061
24/10/2017	12.913	8.212	22.548	27.514	41.026
25/10/2017	3.125	8.431	22.385	27.596	35.811
26/10/2017	27.580	4.954	22.880	24.971	47.921
27/10/2017	0.000	11.603	20.630	29.707	79.918
28/10/2017	35.046	8.885	21.269	27.255	82.728
30/10/2017	5.079	9.618	20.389	27.399	218.894
31/10/2017	5.032	8.601	22.663	28.106	104.016
01/11/2017	2.308	10.469	21.990	29.596	140.687
02/11/2017	0.000	8.759	22.567	28.231	99.352
03/11/2017	4.912	10.071	21.952	29.173	92.727
04/11/2017	29.478	7.554	22.288	26.803	130.471
05/11/2017	0.855	8.346	21.591	27.067	115.303
06/11/2017	2.106	10.514	21.389	29.317	108.550
07/11/2017	0.000	8.423	23.014	28.341	66.016
08/11/2017	23.508	10.560	20.466	28.740	91.685
09/11/2017	29.467	7.373	22.582	26.976	123.468
10/11/2017	0.122	8.406	21.875	27.447	110.623
11/11/2017	0.000	8.384	22.630	28.077	91.841
12/11/2017	7.273	9.181	23.139	29.341	88.771
13/11/2017	10.078	8.404	23.101	28.500	87.019
14/11/2017	33.387	7.826	22.067	27.082	93.080
15/11/2017	17.662	8.412	21.620	27.341	152.433
19/11/2017	0.000	8.503	21.654	27.524	319.089
20/11/2017	2.283	8.220	22.101	27.587	260.417
21/11/2017	0.000	9.415	21.524	28.486	194.420
22/11/2017	0.576	7.948	22.543	27.692	161.705
23/11/2017	0.000	9.527	22.034	29.034	127.567
24/11/2017	47.321	8.472	22.399	28.168	221.986
25/11/2017	6.937	8.834	22.721	28.832	125.983
26/11/2017	0.269	8.453	23.058	28.731	88.019
27/11/2017	2.797	8.729	23.091	29.062	68.857
28/11/2017	14.019	8.022	23.505	28.659	83.761
29/11/2017	0.120	9.026	24.043	30.149	93.175
30/11/2017	22.742	8.700	23.192	29.130	145.412
01/12/2017	0.000	8.629	22.952	28.875	91.893
02/12/2017	29.347	7.539	22.399	27.260	115.350
03/12/2017	0.000	8.924	22.630	28.962	83.053
04/12/2017	0.164	7.930	22.904	28.101	53.957
05/12/2017	7.222	10.520	22.058	30.385	46.679
06/12/2017	0.000	10.681	21.678	30.312	54.261
07/12/2017	0.000	11.182	21.832	31.019	41.561
08/12/2017	25.786	8.081	23.514	28.808	69.246
09/12/2017	6.252	8.769	22.947	29.077	58.245
10/12/2017	23.715	6.943	22.904	27.149	180.314
11/12/2017	1.899	7.808	22.615	27.788	232.517
12/12/2017	0.000	8.287	21.957	27.779	154.399
13/12/2017	3.463	9.676	21.365	28.971	212.304
14/12/2017	0.000	9.691	20.760	28.519	122.735
15/12/2017	0.000	9.866	21.178	29.024	58.737
16/12/2017	0.000	10.232	23.000	30.817	46.509
17/12/2017	0.000	8.815	24.317	30.279	45.004
18/12/2017	0.000	10.165	23.553	31.168	37.094
19/12/2017	0.000	10.991	22.091	31.038	34.150
20/12/2017	0.000	11.278	22.221	31.481	35.087
21/12/2017	0.000	11.236	21.500	30.904	35.130
22/12/2017	0.000	11.964	20.928	31.394	29.430
23/12/2017	0.000	10.593	22.904	31.163	28.873
24/12/2017	0.000	10.956	22.226	31.096	27.520
25/12/2017	0.250	9.387	22.913	29.779	28.145
26/12/2017	0.000	10.646	21.596	30.269	26.900
27/12/2017	0.000	11.876	21.649	31.774	42.130
28/12/2017	0.000	10.820	21.962	30.702	45.941
29/12/2017	14.578	8.946	23.471	29.712	64.525
30/12/2017	17.956	7.402	22.317	27.087	83.230
31/12/2017	1.379	7.786	21.385	26.740	81.906
01/01/2018	20.845	7.337	22.303	27.010	78.077
02/01/2018	0.000	7.186	21.904	26.510	84.236
03/01/2018	0.755	10.794	20.587	29.606	62.558
04/01/2018	38.462	9.041	21.514	28.236	54.362
05/01/2018	0.939	9.866	21.245	28.976	40.886
07/01/2018	0.000	10.998	19.409	28.966	140.166
08/01/2018	0.000	11.106	20.221	29.659	70.435
09/01/2018	1.255	6.797	22.010	26.154	56.129
10/01/2018	0.934	8.924	21.899	28.298	164.478
11/01/2018	0.000	8.628	22.188	28.207	83.027
12/01/2018	2.463	6.274	22.216	25.841	48.954
13/01/2018	41.112	8.491	21.644	27.611	134.417
14/01/2018	18.272	9.092	21.774	28.337	147.255
15/01/2018	10.881	9.297	21.639	28.452	146.988
16/01/2018	5.008	7.654	22.462	27.322	128.929
17/01/2018	6.985	6.779	21.365	25.505	130.434
18/01/2018	0.000	8.858	21.812	28.058	154.093
19/01/2018	2.913	9.707	21.764	28.966	102.805
20/01/2018	0.000	11.372	20.596	30.010	67.304
21/01/2018	0.000	11.029	21.519	30.231	46.254
22/01/2018	0.078	11.495	21.029	30.399	40.326
23/01/2018	2.382	12.049	21.745	31.534	34.326
24/01/2018	3.001	10.529	23.236	30.875	36.788
25/01/2018	0.000	12.310	20.731	31.058	37.407
26/01/2018	7.237	9.664	23.673	30.216	31.202
27/01/2018	0.000	11.021	22.620	30.889	30.661
28/01/2018	7.175	10.899	23.236	31.168	28.137
29/01/2018	0.000	12.388	22.144	32.014	25.285
30/01/2018	0.000	11.357	23.216	31.630	24.920
31/01/2018	0.000	11.823	22.635	31.683	24.920
01/02/2018	0.000	12.093	22.067	31.543	25.194
02/02/2018	12.782	9.495	24.769	30.779	24.647
03/02/2018	5.646	10.824	21.856	29.913	25.644
04/02/2018	1.581	12.251	21.663	31.361	32.059
05/02/2018	4.941	12.720	21.692	31.861	32.659
06/02/2018	5.922	13.025	21.178	31.832	24.703
07/02/2018	0.000	13.343	21.986	32.721	21.003
08/02/2018	0.000	14.387	20.135	32.611	22.005
09/02/2018	0.000	12.003	22.389	31.433	20.189
10/02/2018	0.000	9.645	25.462	31.308	19.338
11/02/2018	0.000	10.985	24.428	31.808	19.042
12/02/2018	0.000	9.928	23.889	30.284	21.008
13/02/2018	0.309	12.585	22.457	32.010	22.713
14/02/2018	0.000	9.955	23.885	30.269	30.043
15/02/2018	0.268	12.006	22.543	31.375	35.300
16/02/2018	0.000	10.718	24.490	31.476	30.556
17/02/2018	8.332	12.247	23.620	32.375	27.520
18/02/2018	0.960	11.909	23.462	31.894	21.798
19/02/2018	0.000	13.656	21.409	32.308	17.559
20/02/2018	1.078	14.299	21.966	33.346	16.476
21/02/2018	5.198	12.886	22.817	32.389	15.793
22/02/2018	0.000	13.910	20.841	32.072	14.374
23/02/2018	0.000	13.509	21.264	31.899	14.310
24/02/2018	0.000	12.515	23.024	32.053	15.360
25/02/2018	0.000	12.069	22.462	31.149	26.640
26/02/2018	1.341	13.179	22.543	32.356	25.309
27/02/2018	0.291	12.949	22.466	32.048	22.858
28/02/2018	0.000	12.373	22.394	31.365	20.250
01/03/2018	0.252	14.091	21.365	32.447	30.316
02/03/2018	0.000	11.709	23.442	31.370	36.830
03/03/2018	0.000	11.575	23.784	31.481	22.412
04/03/2018	34.251	9.684	23.361	29.255	79.962
05/03/2018	0.000	8.446	21.745	26.750	94.768
06/03/2018	0.000	10.224	22.115	28.769	59.704
07/03/2018	0.000	12.252	23.053	31.562	35.034
08/03/2018	0.000	12.579	22.750	31.663	32.537
09/03/2018	4.000	12.498	24.139	32.606	28.124
10/03/2018	0.000	12.701	24.995	33.433	21.732
11/03/2018	0.000	15.202	22.952	34.519	26.028
12/03/2018	0.000	13.354	25.173	34.192	19.990
13/03/2018	24.412	11.463	25.250	32.356	18.774
14/03/2018	0.186	12.897	23.476	32.447	26.413
15/03/2018	3.095	9.748	23.885	29.611	44.713
16/03/2018	8.643	12.420	23.010	31.567	70.441
17/03/2018	10.650	14.209	21.471	32.312	44.549
18/03/2018	5.182	9.438	22.885	28.519	35.492
19/03/2018	8.762	11.927	22.130	30.380	35.728
20/03/2018	1.031	9.461	22.899	28.500	26.343
21/03/2018	19.049	10.416	22.192	28.899	43.019
22/03/2018	0.312	11.225	23.495	30.663	35.266
23/03/2018	22.103	9.652	22.135	28.048	34.091
24/03/2018	19.113	10.683	21.933	28.904	52.041
25/03/2018	0.000	11.717	22.611	30.457	71.790
26/03/2018	13.316	12.079	23.274	31.341	79.377
27/03/2018	15.899	12.356	23.264	31.582	50.619
28/03/2018	1.264	9.187	23.702	28.889	31.849
29/03/2018	15.715	9.729	22.269	28.221	33.915
30/03/2018	11.742	9.801	23.490	29.255	36.916
31/03/2018	18.062	8.873	22.370	27.510	46.315
02/04/2018	3.243	10.065	21.731	28.120	184.129
03/04/2018	15.872	8.343	21.606	26.361	237.922
04/04/2018	5.897	9.898	21.947	28.130	148.618
05/04/2018	2.325	10.423	21.731	28.490	100.763
08/04/2018	0.000	12.985	22.120	31.380	130.901
09/04/2018	3.899	12.820	22.178	31.260	79.655
10/04/2018	33.687	8.593	22.389	27.226	135.350
11/04/2018	24.731	9.818	22.399	28.447	144.882
12/04/2018	9.164	9.331	21.942	27.577	128.981
13/04/2018	0.946	11.306	21.115	28.933	129.330
14/04/2018	12.725	8.190	22.548	27.024	159.783
15/04/2018	8.842	9.083	22.736	28.010	138.328
16/04/2018	16.253	7.958	23.240	27.418	168.204
17/04/2018	1.165	10.070	22.923	29.101	98.665
18/04/2018	2.867	10.690	22.692	29.538	83.674
19/04/2018	11.916	11.284	23.269	30.582	136.683
20/04/2018	8.208	8.846	23.764	28.716	82.354
21/04/2018	0.899	12.170	21.423	30.120	62.446
22/04/2018	14.438	10.533	21.803	28.707	48.733
23/04/2018	15.206	11.312	23.572	30.856	41.591
24/04/2018	9.918	10.051	23.683	29.721	62.502
25/04/2018	19.211	10.404	22.582	29.226	165.202
26/04/2018	10.643	9.658	22.808	28.668	125.151
28/04/2018	15.016	10.328	22.668	29.221	237.069
29/04/2018	9.165	6.534	22.452	25.562	165.969
30/04/2018	1.666	10.365	21.740	28.562	102.324
01/05/2018	8.439	9.674	22.462	28.486	72.320
02/05/2018	9.798	8.477	22.663	27.486	78.036
03/05/2018	17.778	9.998	22.553	28.875	87.572
04/05/2018	48.817	8.449	21.260	26.312	220.398
05/05/2018	20.108	8.678	22.082	27.216	141.107
06/05/2018	16.607	9.526	21.236	27.399	154.499
07/05/2018	37.295	9.250	21.558	27.380	306.900
08/05/2018	18.313	7.740	21.673	26.010	171.746
10/05/2018	16.027	8.719	21.788	27.072	259.041
11/05/2018	9.764	7.757	21.365	25.788	324.501
12/05/2018	0.537	9.919	22.067	28.495	160.756
13/05/2018	17.234	8.541	21.779	26.899	122.490
14/05/2018	11.450	7.503	21.812	25.990	245.586
15/05/2018	9.928	7.425	21.010	25.202	330.622
16/05/2018	2.855	10.607	21.423	28.750	251.375
17/05/2018	5.297	9.379	22.534	28.394	148.917
18/05/2018	16.472	9.656	21.548	27.899	106.719
19/05/2018	18.149	8.989	21.740	27.380	134.227
20/05/2018	10.885	9.830	21.351	27.938	113.244
21/05/2018	7.212	7.669	21.389	25.827	130.805
22/05/2018	12.864	9.753	21.322	27.856	167.434
23/05/2018	9.022	8.831	21.688	27.197	122.699
24/05/2018	3.145	9.235	21.361	27.399	100.002
25/05/2018	14.842	10.683	21.692	29.139	139.885
26/05/2018	25.518	7.920	22.582	27.101	172.511
27/05/2018	10.374	8.096	22.125	26.875	171.091
28/05/2018	33.115	7.429	21.688	25.889	138.342
29/05/2018	4.171	9.063	21.933	27.683	118.799
30/05/2018	6.883	10.465	21.784	29.034	85.142
31/05/2018	5.366	9.881	22.072	28.663	123.802
01/06/2018	10.225	8.808	22.721	28.111	124.621
03/06/2018	8.507	10.671	22.678	29.976	178.739
04/06/2018	1.595	9.309	23.375	29.135	94.851
05/06/2018	18.214	10.720	21.822	29.385	78.240
06/06/2018	6.132	10.222	23.159	29.885	104.854
07/06/2018	2.570	9.463	23.534	29.438	81.931
08/06/2018	9.266	11.023	22.774	30.457	79.060
09/06/2018	7.807	10.911	22.885	30.409	77.676
10/06/2018	19.458	8.490	22.673	27.822	81.088
11/06/2018	12.798	7.045	23.524	27.192	132.759
12/06/2018	10.177	10.487	21.130	28.649	106.431
13/06/2018	5.465	9.629	22.409	28.721	82.186
14/06/2018	2.158	10.071	22.111	28.962	55.103
15/06/2018	4.572	10.096	21.745	28.707	45.263
16/06/2018	9.052	9.546	22.038	28.370	91.987
17/06/2018	8.584	10.706	22.207	29.712	77.633
18/06/2018	15.232	10.420	21.803	29.115	127.021
19/06/2018	5.165	9.513	21.659	28.058	112.187
20/06/2018	3.334	9.457	20.538	27.154	116.492
21/06/2018	1.041	10.262	21.495	28.697	111.381
22/06/2018	1.437	10.557	22.024	29.423	134.337
23/06/2018	25.747	10.704	22.077	29.611	104.991
24/06/2018	17.084	9.191	22.413	28.298	94.808
25/06/2018	0.231	9.531	21.202	27.697	97.187
26/06/2018	4.495	10.257	20.875	28.245	61.833
27/06/2018	19.244	9.496	21.144	27.625	62.375
28/06/2018	0.000	9.653	21.534	28.077	101.445
29/06/2018	0.160	9.680	21.995	28.462	60.006
30/06/2018	4.653	8.719	22.221	27.663	52.510
01/07/2018	3.296	10.790	22.625	30.111	40.478
02/07/2018	9.837	9.518	23.135	29.202	53.073
03/07/2018	18.957	8.340	21.803	26.942	81.162
04/07/2018	0.104	11.034	21.990	29.904	75.624
05/07/2018	11.640	10.407	22.615	29.716	50.473
06/07/2018	4.705	10.489	22.486	29.683	115.149
07/07/2018	11.661	10.321	23.361	30.173	60.224
08/07/2018	6.888	11.214	23.236	31.010	60.899
09/07/2018	8.244	11.725	23.683	31.865	54.840
10/07/2018	15.563	10.029	22.697	29.346	98.748
11/07/2018	0.451	10.714	22.240	29.707	68.541
12/07/2018	6.061	12.103	22.663	31.490	77.854
13/07/2018	0.368	11.087	23.014	30.673	67.053
14/07/2018	12.766	11.384	22.962	30.952	93.855
15/07/2018	6.766	11.737	23.481	31.692	91.376
16/07/2018	1.462	11.814	23.183	31.543	65.891
17/07/2018	12.121	10.365	22.827	29.740	121.124
18/07/2018	1.309	10.704	23.014	30.221	66.688
19/07/2018	6.110	12.033	21.808	30.716	47.583
20/07/2018	6.727	12.093	23.154	31.755	38.057
21/07/2018	2.166	11.353	23.524	31.255	32.059
22/07/2018	14.589	13.391	21.543	31.986	35.968
23/07/2018	1.506	10.636	23.173	30.245	44.359
24/07/2018	12.034	10.605	23.269	30.293	95.076
25/07/2018	10.715	11.676	22.337	30.654	94.537
26/07/2018	7.953	10.174	23.125	29.712	84.549
27/07/2018	15.511	10.246	21.889	28.827	69.680
28/07/2018	3.735	10.180	22.490	29.188	78.902
29/07/2018	6.174	8.382	24.135	28.764	78.206
30/07/2018	0.150	8.971	23.644	28.913	67.188
31/07/2018	4.945	7.920	22.457	26.933	65.271
01/08/2018	9.111	8.872	21.841	27.346	56.577
02/08/2018	0.959	9.282	22.029	27.880	108.598
03/08/2018	3.183	10.560	21.375	28.663	55.322
04/08/2018	6.908	8.491	22.337	27.341	50.115
05/08/2018	30.264	8.782	20.909	26.447	65.432
06/08/2018	0.000	12.509	21.000	30.462	59.612
07/08/2018	5.046	10.793	21.841	29.231	40.353
08/08/2018	5.132	11.305	21.500	29.514	33.618
09/08/2018	7.889	11.133	22.524	30.091	44.657
10/08/2018	0.000	12.404	21.788	30.889	36.923
11/08/2018	0.000	13.843	19.986	31.139	31.307
12/08/2018	0.000	11.666	21.380	29.750	29.088
13/08/2018	5.217	13.184	21.365	31.351	30.375
14/08/2018	20.382	7.968	22.288	26.721	82.480
15/08/2018	15.517	10.334	21.591	28.495	87.512
16/08/2018	2.137	12.697	20.072	29.880	43.545
17/08/2018	4.472	12.574	21.716	30.909	31.713
18/08/2018	9.368	12.291	21.986	30.808	52.254
19/08/2018	13.754	10.965	22.365	29.697	91.646
20/08/2018	2.069	12.005	21.913	30.438	50.698
21/08/2018	11.194	11.839	22.096	30.385	86.102
22/08/2018	6.616	12.468	22.971	31.688	120.113
23/08/2018	7.111	13.266	20.981	31.067	55.969
24/08/2018	19.324	10.973	22.433	29.716	126.326
25/08/2018	3.884	11.780	22.519	30.606	74.084
26/08/2018	10.921	10.890	23.024	30.101	106.725
27/08/2018	4.640	12.496	22.029	30.976	66.427
28/08/2018	3.864	11.736	21.361	29.688	62.709
29/08/2018	3.677	11.360	22.423	30.091	57.221
30/08/2018	18.438	11.329	22.510	30.111	137.087
31/08/2018	5.699	11.988	21.337	29.923	123.843
01/09/2018	30.849	11.402	22.803	30.413	166.091
02/09/2018	3.281	10.926	22.755	29.899	108.840
03/09/2018	16.167	10.113	23.236	29.462	75.937
04/09/2018	30.788	9.446	21.490	27.438	91.330
05/09/2018	6.170	9.785	22.697	28.726	98.851
06/09/2018	8.366	9.748	21.144	27.442	150.429
07/09/2018	9.862	7.259	21.923	25.731	145.664
08/09/2018	7.630	10.811	21.697	28.957	115.974
09/09/2018	3.691	9.920	22.014	28.312	87.351
10/09/2018	0.934	10.322	21.942	28.697	74.503
11/09/2018	13.663	8.759	23.269	28.192	55.876
12/09/2018	9.543	8.258	23.250	27.716	46.467
13/09/2018	2.088	9.474	22.736	28.466	44.416
14/09/2018	12.542	7.690	22.120	26.312	58.590
15/09/2018	7.652	9.057	21.524	27.106	82.350
16/09/2018	7.278	8.688	21.495	26.731	272.247
17/09/2018	2.945	10.147	21.625	28.274	133.678
18/09/2018	4.066	11.279	22.490	30.101	62.435
19/09/2018	0.628	11.635	22.346	30.365	59.972
20/09/2018	10.202	11.061	22.846	30.163	73.655
21/09/2018	0.000	11.451	22.663	30.423	59.916
22/09/2018	16.148	9.648	23.173	29.010	79.857
23/09/2018	1.968	10.992	22.168	29.596	55.491
24/09/2018	21.678	10.248	22.399	29.024	103.181
25/09/2018	0.649	11.178	21.558	29.322	73.461
26/09/2018	19.731	11.118	22.298	29.846	58.780
27/09/2018	26.295	8.095	22.202	26.827	195.226
28/09/2018	1.856	10.681	21.534	28.822	148.883
29/09/2018	9.325	11.509	22.125	30.154	113.151
30/09/2018	13.946	10.817	22.293	29.577	112.511
01/10/2018	5.804	8.400	21.832	26.841	66.539
02/10/2018	24.722	10.407	21.500	28.582	179.785
03/10/2018	0.262	9.315	21.990	27.875	95.558
04/10/2018	18.270	9.965	20.976	27.716	198.711
05/10/2018	2.457	9.033	21.596	27.308	167.730
07/10/2018	2.021	10.653	21.587	28.957	262.414
08/10/2018	5.233	9.223	22.452	28.202	180.120
10/10/2018	1.735	9.763	21.673	28.149	213.140
13/10/2018	5.816	11.399	20.750	29.260	282.227
14/10/2018	1.043	10.182	21.649	28.639	190.409
15/10/2018	21.367	8.810	21.933	27.476	238.703
16/10/2018	15.010	8.962	22.111	27.798	175.053
17/10/2018	34.371	9.770	22.731	29.111	273.330
18/10/2018	10.175	8.455	22.264	27.433	171.448
20/10/2018	10.988	11.013	21.663	29.668	179.808
22/10/2018	0.000	9.278	21.024	27.380	236.498
24/10/2018	6.179	9.287	22.154	28.303	269.053
25/10/2018	9.636	8.880	22.346	28.048	196.921
26/10/2018	34.880	8.015	22.264	27.120	240.625
27/10/2018	0.000	9.099	22.966	28.822	168.906
28/10/2018	7.732	9.957	22.442	29.312	133.205
29/10/2018	10.555	8.952	22.880	28.635	122.099
30/10/2018	0.000	8.788	23.101	28.630	99.142
31/10/2018	20.211	8.812	22.635	28.337	162.753
01/11/2018	1.617	10.216	22.279	29.558	113.038
02/11/2018	42.179	6.972	22.226	26.188	344.223
03/11/2018	1.610	8.753	22.130	27.894	259.454
04/11/2018	2.301	8.204	22.587	27.721	263.592
06/11/2018	1.523	10.045	21.284	28.726	253.834
07/11/2018	0.000	8.647	21.918	27.683	159.810
08/11/2018	0.000	10.347	21.875	29.514	101.152
09/11/2018	40.251	6.909	23.303	27.125	194.827
10/11/2018	0.137	8.452	23.438	28.788	157.813
11/11/2018	0.333	8.162	22.774	27.966	103.179
12/11/2018	2.447	8.603	23.918	29.380	78.591
13/11/2018	14.794	6.976	23.322	27.245	83.500
14/11/2018	2.848	9.531	23.231	29.812	86.697
15/11/2018	5.652	8.172	22.899	28.135	161.494
16/11/2018	2.267	8.471	22.938	28.495	119.120
17/11/2018	11.271	9.252	23.231	29.582	72.801
18/11/2018	21.903	9.101	22.913	29.188	86.960
19/11/2018	22.145	7.536	22.832	27.486	154.201
20/11/2018	1.114	9.365	22.620	29.264	121.003
21/11/2018	4.165	8.507	23.279	28.880	57.965
22/11/2018	9.545	8.700	22.885	28.784	137.732
23/11/2018	2.143	8.378	22.764	28.332	114.194
24/11/2018	0.000	9.597	21.798	28.981	63.963
25/11/2018	0.726	7.910	23.524	28.514	58.899
26/11/2018	8.773	7.993	23.154	28.308	55.231
27/11/2018	25.141	7.795	22.125	27.284	160.235
28/11/2018	3.903	7.721	22.000	27.082	156.996
29/11/2018	1.746	9.645	21.404	28.798	75.537
30/11/2018	0.991	8.007	22.212	27.611	56.826
01/12/2018	1.776	9.220	22.260	28.966	50.879
02/12/2018	0.000	11.767	19.308	29.918	51.741
03/12/2018	0.000	12.295	19.457	30.688	38.267
04/12/2018	0.000	11.390	20.188	30.082	32.585
05/12/2018	0.000	11.373	19.260	29.428	28.663
06/12/2018	0.000	11.389	20.096	30.048	30.346
07/12/2018	0.000	10.155	21.538	29.572	27.506
08/12/2018	0.000	10.303	22.548	30.514	26.875
09/12/2018	0.000	9.882	23.173	30.514	27.948
10/12/2018	0.000	10.692	22.760	31.139	24.556
11/12/2018	2.438	10.013	22.606	30.260	25.011
12/12/2018	0.000	9.922	23.058	30.500	23.554
13/12/2018	30.868	10.926	22.947	31.587	24.675
14/12/2018	0.680	9.867	23.841	31.062	28.586
15/12/2018	0.723	11.987	21.332	31.702	26.126
16/12/2018	1.492	9.810	24.428	31.457	28.137
17/12/2018	0.000	10.499	22.875	31.034	26.005
18/12/2018	0.000	10.201	23.413	31.101	27.832
19/12/2018	0.000	10.093	23.399	30.966	24.857
20/12/2018	14.901	10.805	21.856	30.654	26.414
21/12/2018	5.538	8.736	23.510	29.577	39.523
22/12/2018	5.227	8.928	23.226	29.524	44.945
23/12/2018	1.116	10.161	22.385	30.269	31.969
24/12/2018	1.136	11.556	21.971	31.606	27.178
25/12/2018	0.634	12.092	22.207	32.423	25.019
26/12/2018	0.000	11.073	23.298	32.010	22.188
27/12/2018	0.000	11.493	21.923	31.505	21.550
28/12/2018	0.000	11.876	21.630	31.745	21.851
29/12/2018	0.000	11.968	21.351	31.649	19.415
30/12/2018	0.000	12.020	22.423	32.452	16.631
31/12/2018	0.000	12.632	21.115	32.264	19.376
01/01/2019	0.000	13.405	20.327	32.663	20.873
02/01/2019	0.000	13.506	20.803	33.096	16.890
03/01/2019	0.000	12.919	21.005	32.495	16.476
04/01/2019	0.000	13.383	20.957	33.000	16.940
05/01/2019	0.000	13.453	21.447	33.404	16.476
06/01/2019	2.369	9.130	24.038	30.298	18.023
07/01/2019	37.053	8.396	23.024	28.673	27.237
08/01/2019	0.000	10.784	21.428	30.139	64.407
09/01/2019	0.000	9.852	21.077	28.764	33.173
10/01/2019	0.141	10.099	21.769	29.562	83.752
11/01/2019	0.000	9.873	22.399	29.755	51.975
12/01/2019	0.000	11.822	20.942	30.928	63.447
13/01/2019	0.000	10.128	23.490	30.822	33.238
14/01/2019	0.000	10.139	22.673	30.197	27.822
15/01/2019	1.797	11.556	22.582	31.740	30.661
16/01/2019	9.935	10.234	24.269	31.486	71.770
17/01/2019	3.246	10.258	23.173	30.659	53.229
18/01/2019	0.000	11.012	22.938	31.322	45.805
19/01/2019	0.000	10.861	22.639	30.909	38.921
20/01/2019	0.126	12.376	22.053	32.197	28.979
21/01/2019	0.693	9.451	23.870	30.269	25.495
22/01/2019	0.000	12.483	22.837	32.837	24.381
23/01/2019	0.000	12.738	22.721	33.029	20.923
24/01/2019	0.000	13.656	22.649	33.990	19.183
25/01/2019	0.853	12.077	23.298	32.615	17.327
26/01/2019	0.000	11.966	23.034	32.279	18.332
27/01/2019	0.000	10.971	23.375	31.389	20.061
28/01/2019	31.867	8.690	22.846	28.548	24.774
29/01/2019	0.888	10.309	22.462	29.933	65.468
30/01/2019	0.000	10.476	22.712	30.264	51.931
31/01/2019	0.000	9.493	23.178	29.534	32.288
01/02/2019	0.000	11.513	23.505	31.938	21.392
02/02/2019	6.619	11.031	23.740	31.582	21.846
03/02/2019	0.000	11.151	23.678	31.625	37.833
04/02/2019	0.000	11.344	23.322	31.538	27.324
05/02/2019	3.962	10.917	23.481	31.192	20.978
06/02/2019	21.581	11.139	23.332	31.264	17.691
07/02/2019	0.000	10.335	23.928	30.846	24.401
08/02/2019	0.000	11.423	23.457	31.630	21.094
09/02/2019	0.000	10.306	24.370	31.115	26.439
10/02/2019	0.423	11.645	23.981	32.188	35.297
11/02/2019	0.000	12.095	24.375	32.942	25.538
12/02/2019	4.092	12.876	24.087	33.538	22.005
13/02/2019	4.751	13.258	24.115	33.928	19.520
14/02/2019	33.248	10.526	23.375	30.476	175.831
15/02/2019	0.000	12.576	23.308	32.567	128.379
16/02/2019	0.000	11.247	23.913	31.572	54.433
17/02/2019	4.099	10.561	23.404	30.476	41.740
18/02/2019	0.341	10.096	23.976	30.404	34.852
19/02/2019	1.804	9.159	23.707	29.245	45.242
20/02/2019	67.204	9.441	22.870	28.841	30.383
21/02/2019	5.999	11.917	23.707	31.995	35.300
22/02/2019	4.472	14.365	22.606	33.788	27.710
23/02/2019	9.209	11.738	23.298	31.471	25.218
24/02/2019	17.720	9.381	23.827	29.505	93.459
25/02/2019	0.000	11.862	23.865	31.971	69.495
26/02/2019	0.000	11.994	23.418	31.740	35.666
27/02/2019	0.000	9.178	24.144	29.495	29.905
28/02/2019	0.000	12.146	24.486	32.644	48.300
01/03/2019	1.383	13.896	23.188	33.500	28.056
02/03/2019	10.971	11.128	22.312	29.913	28.603
03/03/2019	0.000	11.947	22.712	31.082	32.876
04/03/2019	0.000	11.842	22.716	30.933	24.675
05/03/2019	18.082	11.840	23.154	31.260	48.860
06/03/2019	0.140	10.447	23.909	30.404	48.932
07/03/2019	2.949	10.809	23.240	30.231	29.971
08/03/2019	2.553	11.471	23.212	30.880	29.634
09/03/2019	0.404	13.395	23.000	32.678	23.281
10/03/2019	21.924	11.384	23.476	30.952	24.647
11/03/2019	15.521	10.706	23.736	30.462	22.033
12/03/2019	5.164	12.318	23.538	31.894	25.794
13/03/2019	0.246	13.383	23.346	32.851	25.804
14/03/2019	11.982	10.906	24.712	31.370	24.370
15/03/2019	1.952	10.026	23.649	29.683	35.084
16/03/2019	5.975	11.341	24.341	31.486	27.955
17/03/2019	0.472	12.250	23.654	31.851	24.857
18/03/2019	3.395	10.040	24.240	30.139	24.580
19/03/2019	30.026	7.927	22.615	26.851	149.072
20/03/2019	1.014	10.378	23.317	29.721	100.599
21/03/2019	3.147	9.424	23.317	28.798	44.114
22/03/2019	1.247	10.552	22.529	29.269	55.722
24/03/2019	3.022	9.924	23.115	29.106	235.319
25/03/2019	1.570	11.668	23.048	30.736	76.314
26/03/2019	18.973	8.659	23.856	28.514	53.771
27/03/2019	1.957	9.136	23.812	28.904	57.148
28/03/2019	0.200	10.915	23.769	30.534	47.163
29/03/2019	22.003	7.642	23.005	26.880	58.667
30/03/2019	5.522	11.020	22.231	29.442	140.256
31/03/2019	9.374	11.735	23.846	31.380	53.912
01/04/2019	18.334	8.743	22.760	27.683	51.801
02/04/2019	8.011	8.177	23.048	27.404	133.366
03/04/2019	0.000	10.663	22.889	29.601	99.888
04/04/2019	0.000	13.401	21.221	31.163	51.470
05/04/2019	0.000	10.913	22.774	29.779	42.571
06/04/2019	0.226	13.217	22.043	31.562	33.328
07/04/2019	1.719	9.812	23.683	29.409	46.585
08/04/2019	24.916	10.532	23.774	30.173	42.837
09/04/2019	12.656	10.342	23.332	29.630	38.442
10/04/2019	3.863	10.094	22.784	28.995	52.840
11/04/2019	14.448	10.138	22.716	28.976	187.405
12/04/2019	4.596	12.424	22.620	31.178	78.918
13/04/2019	13.004	12.065	24.163	31.971	46.584
14/04/2019	4.711	12.749	23.014	31.832	100.122
15/04/2019	9.227	10.825	22.591	29.558	78.773
16/04/2019	7.486	12.156	22.889	31.139	45.649
17/04/2019	16.438	9.715	23.620	29.356	39.299
18/04/2019	12.227	9.088	22.928	28.178	45.927
19/04/2019	13.772	10.325	22.505	29.005	121.048
20/04/2019	25.079	9.317	23.159	28.606	150.893
22/04/2019	17.725	8.098	22.322	26.774	245.283
23/04/2019	9.085	12.842	21.245	30.697	178.781
24/04/2019	9.739	11.022	22.875	30.038	111.407
25/04/2019	9.668	10.167	23.462	29.649	90.689
26/04/2019	13.738	10.414	23.178	29.692	121.939
27/04/2019	2.620	12.175	22.976	31.322	165.410
28/04/2019	10.975	11.504	23.428	30.995	116.300
29/04/2019	1.645	12.283	22.957	31.438	73.623
30/04/2019	1.999	12.719	23.548	32.346	63.928
01/05/2019	4.561	13.256	23.125	32.601	47.307
02/05/2019	0.000	13.080	23.423	32.625	40.688
03/05/2019	6.325	13.117	23.481	32.721	58.546
04/05/2019	10.239	10.809	23.913	30.716	52.134
05/05/2019	0.199	12.449	24.154	32.567	42.654
06/05/2019	0.000	12.566	24.370	32.846	35.060
07/05/2019	8.185	12.501	23.755	32.361	28.768
08/05/2019	23.075	7.092	23.462	26.947	43.449
09/05/2019	11.394	9.843	22.808	28.947	61.363
10/05/2019	30.094	9.439	22.188	28.077	105.137
11/05/2019	5.655	9.154	22.284	27.889	119.958
12/05/2019	8.011	11.538	22.312	30.337	234.030
13/05/2019	6.607	9.312	23.159	28.817	134.801
14/05/2019	18.125	10.131	21.827	28.558	220.717
15/05/2019	11.178	10.446	22.481	29.380	107.916
16/05/2019	6.383	11.704	23.024	31.101	74.133
17/05/2019	24.562	10.073	22.764	29.231	141.200
18/05/2019	5.246	9.304	22.514	28.317	138.357
19/05/2019	24.705	7.795	21.947	26.399	150.237
20/05/2019	13.024	9.279	22.255	28.087	208.923
21/05/2019	15.296	7.771	22.279	26.668	169.372
22/05/2019	4.814	9.947	22.577	29.024	109.119
23/05/2019	23.431	7.854	22.380	26.837	130.925
24/05/2019	13.036	9.250	21.865	27.788	158.061
25/05/2019	14.102	7.421	21.861	26.034	117.944
26/05/2019	6.664	10.473	20.971	28.385	79.240
27/05/2019	26.543	8.565	21.654	26.938	224.056
28/05/2019	15.830	8.207	22.163	27.024	246.373
29/05/2019	5.525	9.624	21.697	28.082	177.770
30/05/2019	39.981	7.652	21.500	25.962	146.126
31/05/2019	16.600	8.027	22.130	26.841	140.142
02/06/2019	0.000	9.877	22.683	29.135	191.880
03/06/2019	3.025	11.198	22.514	30.409	121.674
04/06/2019	8.213	10.765	22.428	29.889	103.670
05/06/2019	12.607	11.013	22.933	30.553	144.187
06/06/2019	4.184	10.531	21.793	29.173	168.734
07/06/2019	22.929	7.291	22.135	26.212	246.931
08/06/2019	0.000	10.943	21.538	29.433	216.898
09/06/2019	6.279	11.583	22.010	30.481	130.852
10/06/2019	19.977	10.267	22.245	29.264	94.613
11/06/2019	12.541	10.261	22.303	29.308	98.368
12/06/2019	7.438	10.300	23.183	30.029	144.218
13/06/2019	5.990	10.026	23.298	29.827	132.398
14/06/2019	10.818	11.208	22.447	30.428	153.883
15/06/2019	11.517	10.365	22.433	29.543	94.756
16/06/2019	5.222	7.996	23.745	28.221	80.028
17/06/2019	0.000	11.052	22.173	30.077	54.447
18/06/2019	1.986	11.801	22.644	31.231	49.091
19/06/2019	3.206	10.823	22.423	30.014	99.515
20/06/2019	0.000	11.685	22.106	30.721	50.371
21/06/2019	2.166	11.751	21.981	30.688	37.391
22/06/2019	4.193	10.900	22.962	30.510	37.874
23/06/2019	1.944	10.769	22.423	29.976	38.502
24/06/2019	7.969	10.709	22.529	29.981	78.643
25/06/2019	4.666	9.946	22.101	28.851	117.116
26/06/2019	0.000	10.113	23.524	30.130	65.437
27/06/2019	16.939	12.252	22.168	31.380	46.269
28/06/2019	0.000	10.517	23.154	30.264	40.525
29/06/2019	8.401	11.358	21.529	29.918	36.185
30/06/2019	2.306	11.287	21.630	29.904	48.513
01/07/2019	4.943	10.415	23.442	30.351	41.228
02/07/2019	0.000	10.576	22.490	29.769	34.496
03/07/2019	1.366	9.748	23.486	29.697	38.839
04/07/2019	0.000	11.606	23.692	31.769	34.413
05/07/2019	17.163	12.035	22.385	31.269	71.920
06/07/2019	1.870	12.399	22.120	31.462	54.925
07/07/2019	0.000	12.934	23.043	32.702	42.041
08/07/2019	11.460	11.413	22.933	30.990	32.565
09/07/2019	7.792	9.841	22.163	28.740	79.074
10/07/2019	0.000	9.059	23.322	28.861	47.820
11/07/2019	0.624	10.209	23.519	30.144	36.978
12/07/2019	4.211	11.184	23.163	30.885	45.288
13/07/2019	2.024	8.905	23.755	29.043	55.876
14/07/2019	0.234	11.257	23.466	31.178	43.987
15/07/2019	21.631	10.678	23.649	30.712	43.832
16/07/2019	10.027	8.888	23.538	28.817	54.694
17/07/2019	1.916	12.716	22.692	32.120	96.328
18/07/2019	7.890	11.838	23.707	31.938	41.423
19/07/2019	4.626	11.782	23.125	31.438	31.954
20/07/2019	1.018	12.401	22.721	31.779	32.133
21/07/2019	12.145	12.679	23.827	32.870	37.858
22/07/2019	9.175	11.428	23.803	31.538	38.846
23/07/2019	13.458	9.196	23.442	28.995	66.830
24/07/2019	5.527	10.018	23.462	29.822	51.622
25/07/2019	0.459	10.990	23.476	30.812	44.384
26/07/2019	6.533	10.246	23.870	30.356	43.394
27/07/2019	5.014	12.282	22.880	31.688	77.157
28/07/2019	4.905	11.572	23.409	31.332	45.357
29/07/2019	0.088	12.187	23.019	31.673	48.205
30/07/2019	8.632	10.808	24.072	31.053	43.978
31/07/2019	1.525	12.211	22.476	31.274	46.868
01/08/2019	1.221	10.643	21.861	29.144	45.534
02/08/2019	5.056	10.256	23.558	30.034	36.519
03/08/2019	25.223	9.566	22.375	28.433	57.574
04/08/2019	0.784	11.161	21.846	29.668	66.231
05/08/2019	8.347	11.272	22.423	30.197	46.133
06/08/2019	15.631	11.390	22.846	30.649	48.202
07/08/2019	0.000	11.215	21.649	29.548	38.117
08/08/2019	5.531	10.647	21.784	29.029	29.315
09/08/2019	0.000	12.144	21.976	30.740	36.744
10/08/2019	1.007	11.836	22.183	30.538	31.831
11/08/2019	7.521	13.819	22.082	32.562	58.664
12/08/2019	5.734	12.732	23.130	32.163	47.483
13/08/2019	2.442	12.278	23.010	31.596	34.865
14/08/2019	11.339	9.582	23.529	29.279	74.225
15/08/2019	3.935	9.724	21.784	28.029	51.688
16/08/2019	1.024	8.231	22.202	26.875	33.156
17/08/2019	0.000	11.127	21.736	29.385	45.063
18/08/2019	8.069	11.416	23.293	30.861	35.092
19/08/2019	16.680	12.189	22.043	30.721	28.116
20/08/2019	1.313	12.407	21.452	30.524	28.538
21/08/2019	6.435	12.584	22.721	31.630	35.270
22/08/2019	0.000	12.800	21.404	30.870	29.848
23/08/2019	14.448	12.156	22.322	30.856	25.023
24/08/2019	6.050	11.738	22.087	30.279	29.511
25/08/2019	16.091	12.227	23.216	31.596	43.333
26/08/2019	0.000	13.334	22.365	32.111	39.710
27/08/2019	4.278	13.559	22.567	32.471	26.098
28/08/2019	33.072	11.879	22.774	30.894	34.846
29/08/2019	0.000	12.963	22.851	32.072	31.608
30/08/2019	0.000	12.835	22.851	31.933	23.540
31/08/2019	8.938	11.775	23.731	31.500	28.930
01/09/2019	13.054	11.929	23.716	31.635	26.996
02/09/2019	3.010	10.778	23.774	30.529	24.647
03/09/2019	7.809	13.710	22.856	32.808	23.335
04/09/2019	6.839	11.923	23.399	31.399	21.187
05/09/2019	6.566	12.393	23.231	31.745	33.801
06/09/2019	14.127	12.346	23.495	31.875	32.501
07/09/2019	0.297	12.204	23.784	31.966	26.853
08/09/2019	9.510	12.949	23.019	32.178	19.449
09/09/2019	0.046	13.150	22.769	32.188	19.527
10/09/2019	0.325	13.833	22.466	32.673	18.301
11/09/2019	5.214	12.201	24.572	32.548	18.240
12/09/2019	8.321	12.833	22.894	31.952	19.230
13/09/2019	23.447	11.228	23.399	30.707	20.893
14/09/2019	3.299	11.419	23.923	31.303	34.438
15/09/2019	14.749	13.381	22.635	32.341	28.064
16/09/2019	23.276	8.867	24.216	29.130	23.354
17/09/2019	2.072	10.585	23.639	30.255	25.837
18/09/2019	19.526	7.892	22.144	26.490	148.705
19/09/2019	17.141	9.708	22.269	28.332	114.780
20/09/2019	5.728	8.291	22.188	26.918	81.103
21/09/2019	21.126	8.167	22.091	26.716	166.241
22/09/2019	1.280	11.371	21.986	29.812	71.339
23/09/2019	19.564	9.023	22.144	27.582	84.125
24/09/2019	5.421	9.312	23.361	28.841	186.671
25/09/2019	9.403	11.292	22.486	30.130	119.721
26/09/2019	11.651	9.966	21.865	28.317	161.702
27/09/2019	0.000	11.279	21.957	29.755	122.778
28/09/2019	11.034	11.259	22.774	30.375	47.998
29/09/2019	6.197	9.315	21.279	27.240	49.083
30/09/2019	12.761	9.540	22.707	28.625	68.937
01/10/2019	7.695	11.166	21.269	29.168	101.825
02/10/2019	3.136	8.431	21.635	26.740	62.678
03/10/2019	21.797	7.355	20.731	24.904	147.725
04/10/2019	5.809	11.404	19.644	28.264	106.622
05/10/2019	0.000	9.352	22.534	28.337	58.815
06/10/2019	9.171	8.861	21.942	27.413	110.549
07/10/2019	27.079	8.626	21.019	26.442	109.249
08/10/2019	3.030	7.775	21.851	26.312	82.036
09/10/2019	12.347	10.670	20.587	28.274	192.735
10/10/2019	21.589	8.262	21.308	26.327	90.446
11/10/2019	2.541	9.658	21.750	28.115	73.550
12/10/2019	30.647	9.083	21.567	27.394	281.736
13/10/2019	9.861	9.611	21.827	28.159	117.484
14/10/2019	20.942	7.082	21.769	25.659	89.602
15/10/2019	2.434	8.611	21.101	26.606	66.471
16/10/2019	20.882	8.262	22.409	27.327	73.950
17/10/2019	13.478	11.171	19.952	28.490	198.587
18/10/2019	20.756	7.859	21.630	26.356	213.405
19/10/2019	10.755	8.409	21.183	26.534	121.728
20/10/2019	5.889	9.872	20.625	27.625	125.301
21/10/2019	13.200	8.082	22.072	26.962	113.220
22/10/2019	7.706	8.162	21.144	26.284	181.920
23/10/2019	5.924	8.862	20.909	26.837	229.722
24/10/2019	17.492	7.634	21.587	26.144	181.900
25/10/2019	14.386	9.883	22.000	28.822	158.818
26/10/2019	30.075	10.144	21.312	28.587	109.321
27/10/2019	19.193	9.363	21.519	27.928	91.109
28/10/2019	0.272	10.726	20.942	29.005	67.323
29/10/2019	9.661	9.958	22.312	29.221	79.088
30/10/2019	14.281	8.692	22.341	27.942	87.603
31/10/2019	6.246	9.026	22.163	28.139	70.123
01/11/2019	9.500	9.107	22.726	28.721	113.033
02/11/2019	13.863	7.565	22.822	27.250	105.331
03/11/2019	1.408	9.044	23.101	28.966	61.634
04/11/2019	16.733	10.181	22.010	29.370	80.887
05/11/2019	13.993	7.907	23.716	28.375	64.983
06/11/2019	10.224	9.831	23.058	29.822	65.167
07/11/2019	5.935	8.703	23.904	29.356	49.453
08/11/2019	6.423	9.860	23.303	30.111	42.509
09/11/2019	44.682	6.125	23.149	26.274	156.642
10/11/2019	17.266	8.455	22.125	27.721	119.919
12/11/2019	20.247	7.670	22.558	27.264	196.522
13/11/2019	14.538	6.916	22.562	26.538	309.187
14/11/2019	14.709	8.159	21.558	27.005	162.752
15/11/2019	9.569	7.275	21.558	26.072	185.194
16/11/2019	0.000	9.916	21.981	29.293	147.247
17/11/2019	0.000	10.327	20.827	28.971	110.491
18/11/2019	0.000	10.226	21.452	29.312	52.168
19/11/2019	17.475	9.431	21.928	28.760	142.005
20/11/2019	9.356	8.815	22.423	28.495	146.117
21/11/2019	2.781	6.689	22.856	26.659	101.037
22/11/2019	4.136	9.065	22.096	28.534	116.440
23/11/2019	0.661	8.292	20.803	26.707	79.385
24/11/2019	0.590	8.034	22.197	27.543	47.303
25/11/2019	0.000	8.838	22.827	28.909	46.747
26/11/2019	0.128	8.476	23.837	29.365	39.477
27/11/2019	0.000	10.263	21.841	29.817	34.270
28/11/2019	28.302	9.347	23.034	29.688	32.512
29/11/2019	1.585	7.827	23.495	28.457	34.684
30/11/2019	1.734	7.491	23.178	27.837	42.548
01/12/2019	0.000	9.290	22.423	29.183	43.756
02/12/2019	0.000	9.716	22.587	29.798	35.224
03/12/2019	47.833	8.319	22.481	28.212	52.160
04/12/2019	0.000	8.882	23.380	29.534	49.597
05/12/2019	7.469	7.962	23.173	28.404	38.324
06/12/2019	0.476	9.141	23.207	29.688	44.019
07/12/2019	4.045	7.763	21.957	27.216	34.248
08/12/2019	2.329	7.127	21.707	26.293	81.653
09/12/2019	1.459	10.264	20.832	29.216	72.989
10/12/2019	0.000	9.346	22.995	29.774	36.165
11/12/2019	0.000	9.141	22.178	28.928	27.861
12/12/2019	0.759	8.874	22.476	28.851	27.753
13/12/2019	0.000	10.340	21.404	29.769	40.491
14/12/2019	0.238	8.481	21.495	27.673	28.654
15/12/2019	1.418	8.099	23.365	28.721	27.927
16/12/2019	3.655	10.402	21.654	30.014	51.035
17/12/2019	2.016	10.245	22.942	30.803	28.897
18/12/2019	24.942	8.009	23.053	28.404	29.050
19/12/2019	0.000	9.181	23.221	29.846	56.153
20/12/2019	3.968	9.683	23.418	30.529	35.015
21/12/2019	0.709	8.548	24.101	29.822	38.492
22/12/2019	17.652	10.303	23.053	30.962	36.064
23/12/2019	0.000	9.754	23.692	30.822	29.863
24/12/2019	0.000	10.903	22.702	31.389	22.661
25/12/2019	10.997	9.959	24.784	31.889	31.007
26/12/2019	32.391	9.452	23.312	30.163	73.740
27/12/2019	3.548	8.022	23.702	28.928	38.301
28/12/2019	1.179	11.208	22.663	31.678	25.674
29/12/2019	7.453	9.256	24.236	30.663	22.415
30/12/2019	9.435	8.183	23.745	29.096	20.754
31/12/2019	39.487	7.055	23.034	27.327	83.390
01/01/2020	0.824	8.923	21.567	28.188	104.741
02/01/2020	0.000	10.117	22.577	30.322	37.735
03/01/2020	0.000	11.652	20.812	30.861	28.109
04/01/2020	0.000	11.141	21.240	30.534	24.374
05/01/2020	0.000	11.124	20.534	29.971	23.517
06/01/2020	0.000	11.378	20.125	29.986	22.625
07/01/2020	0.000	11.069	20.793	30.058	25.376
08/01/2020	0.000	9.540	22.769	29.707	21.969
09/01/2020	0.000	11.978	21.240	31.418	17.404
10/01/2020	0.000	12.154	22.236	32.322	18.255
11/01/2020	0.000	13.269	19.428	31.707	17.961
12/01/2020	0.000	13.593	20.087	32.500	17.528
13/01/2020	0.000	13.481	20.933	32.913	15.756
14/01/2020	0.000	12.560	22.413	32.822	16.358
15/01/2020	0.000	12.551	22.058	32.538	16.404
16/01/2020	0.000	11.793	22.226	31.764	14.341
17/01/2020	0.000	13.520	21.875	33.505	15.088
18/01/2020	0.000	13.079	22.212	33.192	14.436
19/01/2020	0.100	13.419	22.793	33.957	14.617
20/01/2020	22.866	8.825	25.596	31.010	16.920
21/01/2020	0.000	9.457	23.812	30.221	22.094
22/01/2020	29.214	7.712	22.356	27.212	64.210
23/01/2020	0.000	11.392	20.889	30.154	79.631
24/01/2020	0.000	10.461	22.312	30.115	35.811
25/01/2020	3.238	9.860	23.240	30.125	28.905
26/01/2020	0.000	8.965	22.837	28.822	51.905
27/01/2020	0.000	11.378	22.115	30.909	41.393
28/01/2020	0.910	10.454	21.981	29.731	30.567
29/01/2020	0.000	11.589	21.558	30.692	50.736
30/01/2020	0.000	12.188	21.356	31.221	26.281
31/01/2020	0.000	11.344	22.962	31.385	22.201
01/02/2020	0.387	12.377	23.043	32.562	20.034
02/02/2020	8.287	8.947	23.538	29.240	18.193
03/02/2020	0.000	11.764	22.933	31.750	18.379
04/02/2020	0.000	11.380	24.625	32.562	19.260
05/02/2020	0.000	12.123	23.909	32.803	16.451
06/02/2020	0.000	14.109	21.519	33.303	15.333
07/02/2020	0.000	13.071	22.394	32.697	15.294
08/02/2020	0.000	12.785	22.611	32.500	15.218
09/02/2020	0.000	13.539	21.740	32.712	14.464
10/02/2020	0.000	12.900	22.298	32.341	15.141
11/02/2020	0.000	14.035	22.986	34.058	14.821
12/02/2020	0.000	13.432	22.716	33.163	15.141
13/02/2020	0.000	12.842	23.327	32.933	15.358
14/02/2020	0.000	12.219	23.096	32.048	14.988
15/02/2020	0.000	12.601	23.337	32.620	15.218
16/02/2020	0.000	14.063	22.548	33.611	16.321
17/02/2020	18.591	12.519	24.197	33.120	19.025
18/02/2020	0.000	15.698	22.649	35.438	21.924
19/02/2020	0.000	15.179	22.913	34.990	18.796
20/02/2020	26.106	12.148	25.510	33.625	16.900
21/02/2020	9.776	11.305	25.630	32.841	31.563
22/02/2020	9.986	9.180	22.788	28.476	37.207
23/02/2020	0.000	7.170	22.721	26.486	134.204
24/02/2020	0.000	10.282	22.495	29.308	89.251
25/02/2020	0.000	11.208	24.000	31.399	36.736
26/02/2020	6.095	10.134	22.957	29.466	29.081
27/02/2020	0.000	9.727	23.413	29.409	54.087
28/02/2020	0.000	11.244	22.159	29.971	39.791
29/02/2020	0.000	11.386	23.923	31.433	43.785
01/03/2020	0.000	11.519	23.240	31.038	26.311
02/03/2020	0.000	12.193	23.062	31.582	21.823
03/03/2020	6.815	13.672	23.038	33.096	21.974
04/03/2020	0.000	12.460	24.111	32.601	19.199
05/03/2020	0.000	13.843	23.760	33.764	18.765
06/03/2020	0.000	14.123	23.370	33.745	17.559
07/03/2020	0.000	12.810	23.197	32.245	16.321
08/03/2020	6.055	10.479	24.591	30.952	17.571
09/03/2020	0.142	12.044	24.216	32.154	23.126
10/03/2020	1.276	12.215	23.880	32.062	19.597
11/03/2020	24.737	9.922	24.240	30.087	18.147
12/03/2020	0.580	12.433	23.236	31.788	18.441
13/03/2020	14.424	10.046	23.736	29.769	62.462
14/03/2020	0.139	10.287	22.615	29.106	91.882
15/03/2020	0.139	10.700	22.712	29.606	54.852
16/03/2020	0.000	12.699	22.380	31.370	31.789
17/03/2020	0.000	13.128	20.764	30.663	24.584
18/03/2020	0.000	13.189	20.553	30.567	23.258
19/03/2020	0.000	13.255	21.582	31.322	19.268
20/03/2020	21.938	10.561	22.933	29.577	26.502
21/03/2020	0.000	11.543	22.663	30.351	108.066
22/03/2020	0.000	14.582	20.077	31.702	83.091
23/03/2020	0.372	13.771	21.745	31.947	38.217
24/03/2020	0.000	12.064	22.293	30.567	37.418
25/03/2020	0.000	13.136	22.606	31.899	25.327
26/03/2020	1.831	13.088	24.029	32.894	23.445
27/03/2020	0.000	13.543	22.332	32.120	26.390
28/03/2020	0.000	12.587	23.822	32.226	42.858
29/03/2020	0.000	11.290	25.255	32.062	25.399
30/03/2020	0.000	11.520	23.942	31.260	21.422
31/03/2020	24.769	11.970	24.067	31.769	22.592
01/04/2020	34.738	11.515	22.082	29.832	51.302
02/04/2020	0.000	10.693	23.351	29.976	53.787
03/04/2020	3.001	11.636	23.269	30.861	39.106
04/04/2020	13.090	11.400	23.688	30.933	51.224
05/04/2020	9.804	12.941	23.577	32.394	41.417
06/04/2020	17.133	10.595	23.505	30.038	35.205
07/04/2020	11.611	11.352	24.058	31.202	31.459
08/04/2020	4.759	12.724	24.788	33.111	31.573
09/04/2020	6.781	12.124	23.582	31.587	30.402
10/04/2020	7.196	10.264	24.832	30.798	48.082
11/04/2020	22.722	10.452	23.207	29.668	47.099
12/04/2020	12.076	10.682	23.159	29.856	60.344
13/04/2020	0.000	10.298	23.803	30.014	45.740
14/04/2020	6.032	10.624	23.072	29.731	30.999
15/04/2020	7.178	11.023	21.644	29.034	93.423
16/04/2020	0.000	12.818	21.620	30.875	106.517
17/04/2020	6.795	9.491	23.216	28.769	46.288
18/04/2020	4.848	10.611	22.798	29.529	34.674
19/04/2020	9.734	10.365	22.745	29.260	29.147
20/04/2020	1.857	14.838	21.654	33.087	29.189
21/04/2020	22.238	8.797	22.649	27.673	78.365
22/04/2020	5.487	11.078	22.644	29.904	101.748
23/04/2020	3.410	11.108	22.611	29.918	44.759
24/04/2020	0.694	12.443	23.082	31.644	46.482
25/04/2020	0.087	11.747	22.731	30.697	33.460
26/04/2020	2.639	12.402	23.904	32.245	27.520
27/04/2020	0.000	11.922	24.409	32.178	23.750
28/04/2020	27.355	12.467	23.279	31.865	61.492
29/04/2020	13.530	9.971	23.322	29.433	45.793
30/04/2020	13.460	11.427	23.226	30.803	27.874
01/05/2020	5.873	9.774	23.168	29.130	35.498
02/05/2020	0.763	12.135	22.399	30.938	41.871
03/05/2020	7.350	11.499	23.423	31.058	29.851
04/05/2020	10.472	12.011	23.639	31.740	31.397
05/05/2020	13.975	12.889	23.288	32.389	65.165
06/05/2020	19.813	10.378	23.361	29.909	82.950
07/05/2020	2.486	11.981	23.236	31.438	55.573
08/05/2020	1.265	11.568	22.861	30.750	35.766
09/05/2020	3.010	11.033	24.207	31.274	32.821
10/05/2020	0.000	13.108	23.639	32.928	30.769
11/05/2020	15.589	10.365	24.120	30.548	28.482
12/05/2020	7.116	9.974	23.077	29.351	37.099
13/05/2020	22.150	8.942	22.149	27.596	176.720
14/05/2020	6.503	11.492	21.322	29.596	111.432
15/05/2020	14.912	10.659	23.688	30.562	51.817
16/05/2020	7.462	12.066	23.048	31.519	52.712
17/05/2020	6.404	10.709	23.452	30.462	51.098
18/05/2020	12.508	12.434	23.688	32.389	67.241
19/05/2020	5.301	7.690	23.668	27.731	114.939
20/05/2020	0.000	12.113	22.740	31.375	58.577
21/05/2020	10.213	12.061	23.707	32.053	71.710
22/05/2020	14.488	10.382	23.827	30.490	98.001
23/05/2020	7.029	11.794	23.923	31.976	57.849
24/05/2020	4.265	12.435	23.322	32.207	61.917
25/05/2020	10.784	12.375	23.990	32.635	39.850
26/05/2020	4.271	11.309	23.346	31.072	52.389
27/05/2020	22.880	9.861	23.159	29.462	227.680
28/05/2020	31.596	6.089	22.438	25.356	143.763
29/05/2020	2.302	10.209	22.447	29.250	92.573
30/05/2020	23.110	6.929	21.452	25.236	117.740
31/05/2020	11.414	7.916	21.567	26.284	196.584
01/06/2020	17.069	9.916	22.798	29.264	149.680
02/06/2020	6.470	10.139	22.130	28.986	138.273
03/06/2020	11.653	7.545	21.486	25.894	185.157
04/06/2020	4.593	11.254	21.596	29.769	157.249
05/06/2020	3.710	9.965	23.058	29.553	75.543
06/06/2020	21.305	8.342	22.913	27.851	94.304
07/06/2020	0.000	11.262	21.519	29.750	160.333
08/06/2020	7.856	11.947	21.639	30.596	126.690
09/06/2020	4.199	10.645	23.356	30.500	95.999
10/06/2020	20.628	8.387	21.486	26.726	201.869
11/06/2020	15.182	10.171	21.793	28.822	163.203
12/06/2020	25.544	8.642	22.163	27.519	164.489
13/06/2020	8.918	10.428	21.644	28.962	215.363
14/06/2020	10.990	10.626	22.457	29.827	127.987
15/06/2020	5.344	9.967	21.851	28.683	126.774
16/06/2020	0.780	10.735	21.649	29.322	78.540
17/06/2020	17.989	8.846	22.548	28.067	70.040
18/06/2020	13.092	10.154	21.236	28.375	89.440
19/06/2020	0.930	11.116	22.221	30.163	65.473
20/06/2020	8.328	9.554	21.822	28.226	50.966
21/06/2020	13.010	10.470	22.375	29.625	84.076
22/06/2020	7.445	10.267	23.034	29.899	67.648
23/06/2020	0.198	11.182	22.212	30.236	46.179
24/06/2020	0.000	10.417	22.933	29.986	36.400
25/06/2020	0.401	11.517	22.438	30.745	32.785
26/06/2020	11.756	9.909	22.558	29.159	29.115
27/06/2020	2.184	11.120	22.284	30.236	34.799
28/06/2020	12.916	8.114	22.413	27.221	77.490
29/06/2020	6.293	10.860	21.740	29.534	74.434
30/06/2020	13.404	11.326	22.308	30.447	39.327
01/07/2020	5.747	8.388	23.764	28.606	37.489
02/07/2020	15.228	9.274	22.351	28.346	39.657
03/07/2020	0.244	10.342	22.173	29.308	44.171
04/07/2020	4.055	9.894	22.952	29.428	40.827
05/07/2020	19.342	7.893	22.538	27.115	108.245
06/07/2020	6.606	9.126	23.077	28.745	103.715
07/07/2020	2.060	11.420	22.788	30.889	48.763
08/07/2020	17.172	10.589	22.933	30.130	42.209
09/07/2020	2.335	11.593	22.322	30.707	70.850
10/07/2020	5.869	10.747	23.038	30.356	58.359
11/07/2020	17.721	8.756	21.952	27.462	62.309
12/07/2020	1.743	8.114	22.784	27.486	59.916
13/07/2020	4.647	11.281	22.462	30.447	75.923
14/07/2020	12.410	11.139	22.327	30.216	130.296
15/07/2020	0.000	11.573	22.332	30.635	65.220
16/07/2020	8.825	11.104	23.043	30.683	57.207
17/07/2020	6.481	11.891	22.529	31.135	51.525
18/07/2020	4.326	12.931	23.130	32.649	50.507
19/07/2020	2.165	11.383	24.274	31.880	86.866
20/07/2020	7.918	10.479	24.755	31.351	51.011
21/07/2020	14.067	10.978	22.957	30.462	39.047
22/07/2020	14.602	9.154	22.409	28.144	66.690
23/07/2020	4.010	8.721	23.058	28.236	99.178
24/07/2020	22.527	8.718	22.803	28.019	144.401
27/07/2020	18.502	10.594	21.543	28.923	337.814
28/07/2020	5.727	11.981	22.861	31.332	174.027
29/07/2020	0.271	11.063	24.115	31.332	107.915
30/07/2020	4.587	10.263	22.851	29.548	106.294
31/07/2020	6.145	11.725	23.476	31.519	92.824
01/08/2020	2.235	10.821	23.683	30.731	101.617
02/08/2020	0.141	12.422	22.284	31.332	67.712
03/08/2020	1.159	10.685	24.245	31.024	45.367
04/08/2020	11.645	10.090	23.240	29.663	40.908
05/08/2020	2.707	12.179	23.038	31.587	47.738
06/08/2020	19.819	10.542	22.731	29.673	50.284
07/08/2020	8.508	11.788	22.548	30.793	90.128
08/08/2020	0.000	12.004	22.644	31.067	72.228
09/08/2020	13.600	12.904	22.337	31.788	66.018
10/08/2020	5.801	11.587	23.462	31.269	47.847
11/08/2020	10.236	10.350	24.005	30.438	38.477
12/08/2020	19.850	10.875	22.697	29.938	64.552
13/08/2020	13.692	11.910	23.337	31.462	60.934
14/08/2020	3.302	10.698	23.216	30.139	56.690
15/08/2020	4.701	10.577	22.298	29.279	85.803
16/08/2020	4.092	10.331	22.197	28.962	113.824
17/08/2020	28.768	6.806	22.337	25.760	174.631
18/08/2020	0.257	10.682	22.130	29.231	93.119
19/08/2020	5.757	9.819	22.312	28.510	77.785
20/08/2020	20.220	8.933	21.635	27.096	241.603
21/08/2020	4.431	9.228	22.466	28.038	146.990
22/08/2020	14.862	10.156	21.966	28.548	163.636
23/08/2020	2.557	9.081	22.062	27.543	192.479
24/08/2020	11.123	10.426	22.255	29.029	191.162
25/08/2020	35.540	10.526	22.062	28.966	245.493
26/08/2020	8.673	9.203	21.274	27.048	229.390
27/08/2020	0.395	10.894	21.106	28.630	169.909
28/08/2020	2.376	9.616	22.731	28.601	112.454
29/08/2020	5.359	11.006	22.298	29.630	74.349
30/08/2020	0.583	10.103	20.976	27.688	59.174
31/08/2020	7.047	11.693	20.154	28.726	65.477
01/09/2020	8.639	10.915	22.587	29.755	49.198
03/09/2020	0.000	10.363	21.995	28.731	184.721
04/09/2020	14.165	10.948	21.428	28.942	111.206
05/09/2020	0.351	10.849	22.197	29.404	114.918
06/09/2020	11.495	10.262	22.067	28.683	95.946
07/09/2020	0.195	9.815	22.207	28.346	67.280
08/09/2020	28.492	8.155	21.510	26.202	65.601
09/09/2020	0.456	9.949	19.856	26.678	64.669
10/09/2020	6.066	11.573	20.688	29.034	113.064
11/09/2020	0.000	10.165	23.601	29.822	89.439
12/09/2020	23.428	10.117	21.846	28.394	100.115
13/09/2020	16.058	10.470	22.596	29.356	180.786
14/09/2020	0.000	10.648	22.192	29.226	114.931
15/09/2020	5.292	9.396	22.865	28.505	89.992
16/09/2020	4.634	8.388	22.183	27.038	133.488
17/09/2020	13.682	8.921	21.659	27.101	124.007
18/09/2020	15.201	9.295	22.077	27.788	125.312
19/09/2020	12.550	8.704	22.418	27.490	205.254
20/09/2020	17.468	10.210	22.245	28.827	119.801
21/09/2020	15.052	9.551	22.452	28.370	106.595
22/09/2020	4.886	11.816	21.750	30.149	90.128
23/09/2020	2.791	8.197	22.413	27.034	66.383
24/09/2020	2.733	9.486	22.404	28.284	56.849
25/09/2020	11.231	9.319	22.226	28.014	94.660
26/09/2020	1.424	9.582	22.413	28.389	100.763
27/09/2020	3.393	8.581	22.149	27.207	77.659
28/09/2020	2.255	11.172	21.029	28.986	58.661
29/09/2020	7.409	9.707	22.024	28.240	85.914
30/09/2020	20.586	9.341	21.904	27.798	254.995
01/10/2020	7.999	9.797	21.274	27.774	250.964
02/10/2020	16.122	10.168	20.649	27.702	157.582
03/10/2020	22.510	10.059	21.572	28.337	146.324
04/10/2020	16.430	9.233	19.837	26.115	259.467
05/10/2020	12.156	8.675	21.288	26.673	238.130
06/10/2020	17.038	10.149	19.889	27.168	170.083
07/10/2020	5.452	10.975	20.192	28.279	116.515
08/10/2020	15.752	9.133	20.702	26.731	267.329
09/10/2020	12.272	10.096	21.058	28.029	321.666
10/10/2020	3.569	12.464	20.274	30.048	142.362
11/10/2020	4.578	12.319	20.500	30.082	96.635
12/10/2020	24.588	10.759	20.817	28.625	125.271
13/10/2020	22.552	8.128	21.442	26.385	223.504
14/10/2020	16.432	8.700	20.769	26.462	138.043
15/10/2020	0.783	10.745	20.096	28.144	111.288
16/10/2020	0.850	9.783	21.793	28.404	96.243
17/10/2020	10.995	10.956	20.635	28.832	84.741
18/10/2020	23.705	10.860	21.168	29.106	108.993
19/10/2020	19.145	7.715	21.038	25.731	100.327
20/10/2020	0.000	10.120	20.240	27.654	77.152
21/10/2020	16.122	9.262	21.750	27.909	96.422
22/10/2020	33.267	8.858	21.865	27.601	168.554
23/10/2020	11.879	9.742	21.740	28.457	207.783
24/10/2020	25.623	7.811	21.764	26.514	175.359
25/10/2020	0.386	9.176	20.827	27.163	135.308
26/10/2020	12.623	9.438	21.933	28.332	101.370
27/10/2020	11.599	8.620	21.587	27.231	87.570
28/10/2020	13.152	8.469	21.101	26.678	81.944
29/10/2020	20.748	8.747	21.115	27.010	210.606
30/10/2020	7.660	8.336	20.827	26.346	167.826
31/10/2020	10.147	8.014	20.837	26.053	121.293
02/11/2020	0.000	9.955	22.337	29.332	202.098
03/11/2020	0.000	11.025	20.394	29.115	120.449
04/11/2020	0.875	9.951	21.038	28.418	136.782
05/11/2020	14.356	9.154	22.192	28.433	154.754
06/11/2020	3.979	10.070	20.731	28.337	148.286
07/11/2020	25.869	10.473	20.591	28.745	176.183
08/11/2020	28.618	10.169	21.000	28.707	128.651
09/11/2020	2.774	9.083	21.774	28.106	161.308
10/11/2020	8.285	9.157	21.567	28.029	203.558
12/11/2020	0.972	7.904	21.952	27.038	248.726
13/11/2020	35.760	8.982	21.466	27.832	266.351
14/11/2020	0.000	9.124	21.087	27.692	191.668
15/11/2020	8.330	9.307	22.240	28.837	124.132
17/11/2020	11.710	6.584	21.784	25.601	332.360
18/11/2020	18.331	9.036	20.938	27.567	211.224
19/11/2020	7.598	9.372	20.692	27.774	238.630
20/11/2020	0.218	7.500	22.635	27.317	237.612
21/11/2020	14.922	9.022	21.572	28.101	175.316
22/11/2020	0.677	10.020	20.875	28.731	118.887
23/11/2020	8.745	9.023	22.284	28.688	164.553
25/11/2020	0.000	9.802	22.298	29.591	167.200
26/11/2020	5.625	9.757	21.212	28.745	124.251
27/11/2020	23.124	7.430	22.649	27.322	190.847
28/11/2020	13.342	9.256	21.332	28.274	260.284
29/11/2020	22.014	9.822	21.976	29.442	155.869
30/11/2020	28.255	9.403	22.038	29.005	154.547
01/12/2020	34.972	8.873	22.457	28.774	216.826
02/12/2020	6.029	8.955	21.875	28.442	182.806
03/12/2020	23.359	7.962	22.418	27.755	248.078
04/12/2020	0.000	9.146	22.231	28.923	169.239
05/12/2020	0.000	8.904	21.995	28.466	115.453
06/12/2020	0.000	8.715	22.495	28.654	88.490
07/12/2020	0.882	9.898	21.361	29.163	68.172
08/12/2020	11.320	8.252	22.716	28.346	103.313
09/12/2020	1.063	8.418	21.894	27.880	87.097
10/12/2020	0.000	9.866	20.889	28.817	57.402
11/12/2020	1.593	11.038	19.971	29.558	55.088
12/12/2020	13.478	8.893	22.356	28.788	97.141
13/12/2020	0.000	9.404	22.014	29.111	71.177
14/12/2020	0.000	10.889	19.788	29.236	53.640
15/12/2020	0.000	10.693	20.514	29.534	27.087
16/12/2020	2.706	9.599	21.856	29.231	22.051
17/12/2020	0.621	9.471	21.938	29.139	56.932
18/12/2020	22.883	9.543	21.760	29.087	58.777
19/12/2020	0.000	9.825	21.332	29.091	46.324
20/12/2020	0.000	9.798	21.341	29.087	42.439
21/12/2020	0.000	11.534	21.082	30.957	51.556
22/12/2020	2.582	9.908	21.798	29.558	46.764
23/12/2020	0.000	11.043	21.567	30.716	32.004
24/12/2020	0.000	9.816	21.885	29.500	19.561
25/12/2020	0.447	9.657	21.466	29.014	21.394
26/12/2020	1.516	8.719	21.014	27.534	49.976
27/12/2020	15.618	9.017	20.327	27.346	165.154
28/12/2020	0.000	10.172	19.976	28.490	145.299
29/12/2020	0.000	9.913	20.870	28.803	55.383
30/12/2020	0.797	9.443	22.058	29.135	35.239
31/12/2020	1.721	10.180	21.673	29.697	39.374
01/01/2021	1.273	10.426	21.981	30.216	45.618
02/01/2021	0.179	10.069	22.438	30.125	33.696
03/01/2021	1.985	9.819	21.457	29.115	48.375
04/01/2021	0.000	11.780	19.697	30.202	37.345
05/01/2021	0.000	11.604	20.385	30.423	22.643
06/01/2021	0.000	12.118	19.082	30.135	22.566
07/01/2021	0.000	9.726	22.327	29.572	18.410
08/01/2021	26.423	7.745	22.043	27.197	19.688
09/01/2021	0.336	9.359	22.034	28.918	49.442
10/01/2021	15.060	10.136	22.178	29.899	60.926
11/01/2021	4.280	10.799	21.721	30.327	64.443
12/01/2021	0.000	10.690	22.692	30.913	53.500
13/01/2021	0.000	11.552	22.120	31.457	40.127
14/01/2021	0.000	12.068	21.769	31.774	27.328
15/01/2021	0.000	11.677	21.462	31.077	23.463
16/01/2021	0.000	11.074	21.654	30.510	19.920
17/01/2021	0.000	12.685	20.014	31.231	21.619
18/01/2021	0.000	11.953	21.673	31.481	16.375
19/01/2021	0.000	12.247	21.471	31.659	13.352
20/01/2021	0.000	11.308	22.471	31.255	14.246
21/01/2021	0.000	11.401	23.654	32.207	13.543
22/01/2021	0.000	11.899	22.389	31.812	14.118
23/01/2021	0.000	11.521	21.663	30.832	12.599
24/01/2021	10.350	9.939	23.683	30.558	13.621
25/01/2021	0.000	11.896	23.837	32.808	17.946
26/01/2021	5.385	12.257	22.745	32.394	14.451
27/01/2021	0.000	13.743	21.447	33.159	13.543
28/01/2021	0.000	10.284	24.337	31.346	11.310
29/01/2021	0.000	12.244	21.048	31.087	9.715
30/01/2021	0.000	11.504	23.111	31.692	7.963
31/01/2021	0.000	13.973	20.913	32.942	7.585
01/02/2021	0.000	13.933	21.226	33.058	8.210
02/02/2021	32.714	11.285	23.736	31.846	8.884
03/02/2021	5.780	10.153	23.154	30.178	8.876
04/02/2021	0.000	13.258	21.865	32.625	8.876
05/02/2021	8.996	12.242	22.438	31.865	8.103
06/02/2021	33.077	12.861	23.245	33.087	37.139
07/02/2021	0.000	13.529	23.341	33.865	24.025
08/02/2021	22.125	10.325	24.428	31.212	22.627
09/02/2021	0.325	12.684	22.024	31.918	44.290
10/02/2021	18.964	10.805	22.769	30.389	72.296
11/02/2021	0.000	12.302	21.712	31.212	88.657
12/02/2021	0.000	13.449	21.385	32.226	32.444
13/02/2021	0.000	11.077	23.553	31.178	32.483
14/02/2021	4.871	10.102	23.183	29.875	60.180
15/02/2021	0.000	12.494	22.543	31.913	67.546
16/02/2021	18.815	12.374	22.332	31.606	63.073
17/02/2021	0.000	10.361	20.918	28.380	64.601
18/02/2021	0.000	12.843	22.038	31.865	58.217
19/02/2021	0.000	11.247	21.990	30.062	39.588
20/02/2021	0.000	12.486	20.962	30.630	34.382
21/02/2021	0.000	11.160	21.649	29.673	45.840
22/02/2021	0.000	11.451	22.226	30.370	65.253
23/02/2021	0.000	10.728	24.130	31.043	44.775
24/02/2021	8.603	12.439	23.303	32.154	30.914
25/02/2021	0.000	12.504	23.207	32.144	28.907
28/02/2021	0.369	10.829	23.058	30.255	82.473
01/03/2021	0.000	12.999	22.505	32.067	80.829
03/03/2021	0.000	13.355	22.659	32.495	75.712
04/03/2021	1.189	11.670	23.865	31.635	71.243
05/03/2021	0.000	10.245	23.486	29.885	77.138
12/03/2021	0.734	10.771	20.894	28.332	177.030
13/03/2021	5.581	12.240	20.659	29.697	184.610
14/03/2021	3.399	12.110	22.264	30.702	117.604
15/03/2021	8.480	10.681	21.625	28.750	72.805
16/03/2021	7.216	11.940	22.236	30.486	78.238
19/03/2021	7.297	10.219	20.990	27.769	99.021
20/03/2021	4.129	10.551	21.644	28.591	97.955
21/03/2021	2.083	12.030	20.293	29.139	99.270
22/03/2021	4.113	7.082	22.630	26.111	76.389
25/03/2021	13.124	12.025	21.341	29.846	84.218
27/03/2021	29.970	7.813	22.361	26.514	90.908
28/03/2021	1.511	12.249	22.173	30.702	76.859
31/03/2021	28.997	10.537	22.947	29.562	76.859
03/04/2021	18.090	9.466	22.178	27.904	201.205
04/04/2021	9.565	8.441	22.803	27.452	109.696
05/04/2021	15.672	11.194	22.548	29.861	95.335
06/04/2021	11.289	9.846	22.279	28.370	116.868
07/04/2021	9.155	11.142	21.394	28.971	265.494
08/04/2021	0.389	10.762	21.293	28.481	143.052
09/04/2021	22.117	7.556	21.764	25.808	199.987
10/04/2021	4.713	12.255	21.543	30.212	119.657
11/04/2021	22.858	9.702	22.572	28.471	203.419
12/04/2021	5.411	10.809	22.159	29.207	114.958
13/04/2021	2.000	11.417	22.332	29.962	75.054
14/04/2021	10.811	11.564	22.365	30.135	71.119
15/04/2021	13.639	8.821	22.462	27.548	137.353
16/04/2021	19.901	11.421	22.308	29.947	93.788
17/04/2021	10.431	11.490	21.596	29.510	87.713
18/04/2021	5.928	9.281	21.933	27.615	149.913
19/04/2021	6.409	8.822	23.120	28.120	85.097
20/04/2021	0.000	12.675	21.644	30.769	73.930
21/04/2021	14.549	9.716	21.731	27.856	80.441
22/04/2021	0.000	13.412	20.423	30.716	72.688
23/04/2021	1.560	9.946	23.447	29.423	64.092
24/04/2021	0.282	10.163	22.812	29.149	68.780
25/04/2021	2.536	10.858	23.173	30.139	79.677
26/04/2021	6.208	10.429	23.082	29.635	73.368
27/04/2021	30.070	7.782	21.990	26.255	155.396
28/04/2021	8.178	7.462	21.654	25.688	258.934
29/04/2021	1.510	7.888	21.764	26.144	182.348
30/04/2021	3.809	6.974	21.409	25.038	190.259
01/05/2021	0.000	10.770	19.659	27.433	122.206
02/05/2021	13.229	8.930	22.236	27.562	296.464
03/05/2021	21.693	7.816	20.817	25.351	339.569
04/05/2021	3.216	10.151	20.769	27.644	207.771
05/05/2021	8.058	9.842	21.861	28.173	172.158
06/05/2021	11.431	8.630	21.188	26.457	127.209
07/05/2021	0.494	11.032	21.106	28.861	103.422
08/05/2021	15.039	10.103	21.471	28.192	148.664
09/05/2021	7.782	11.332	21.471	29.447	106.539
10/05/2021	7.049	11.127	21.005	28.918	99.957
11/05/2021	8.261	11.090	21.053	28.923	82.400
12/05/2021	5.206	10.709	22.034	29.288	102.723
13/05/2021	8.950	10.505	22.981	29.808	93.315
14/05/2021	0.000	10.472	23.851	30.466	82.525
15/05/2021	10.814	10.344	23.668	30.197	83.726
16/05/2021	18.670	10.138	21.880	28.625	110.911
17/05/2021	16.517	7.866	21.822	26.337	137.568
18/05/2021	15.919	9.674	21.231	27.654	227.896
19/05/2021	12.852	11.631	20.990	29.558	209.472
20/05/2021	11.250	10.424	21.952	29.029	112.486
21/05/2021	5.910	11.592	21.697	30.067	122.297
22/05/2021	3.764	9.074	23.087	28.572	78.252
23/05/2021	20.182	10.000	22.764	29.231	86.208
24/05/2021	7.891	8.686	22.264	27.553	95.112
25/05/2021	7.543	9.654	22.135	28.438	222.331
26/05/2021	17.495	9.350	22.822	28.663	153.888
27/05/2021	8.615	8.204	22.543	27.308	98.458
28/05/2021	7.489	8.972	21.620	27.332	233.408
30/05/2021	3.796	9.277	21.274	27.409	257.833
31/05/2021	3.875	10.205	22.096	28.995	141.059
01/06/2021	21.668	9.878	21.793	28.438	314.059
03/06/2021	7.137	10.168	22.462	29.288	136.267
04/06/2021	21.615	9.350	22.476	28.442	177.830
05/06/2021	8.277	10.745	21.500	29.173	116.038
06/06/2021	11.429	8.603	21.918	27.264	158.222
07/06/2021	5.284	10.238	21.010	28.264	110.533
08/06/2021	15.390	7.425	21.716	26.005	199.977
10/06/2021	0.150	8.490	21.779	27.043	340.765
11/06/2021	2.129	11.192	21.673	29.812	168.934
12/06/2021	14.738	10.085	21.236	28.298	191.307
13/06/2021	18.840	8.343	22.760	27.736	176.232
14/06/2021	9.023	7.683	21.947	26.438	149.057
15/06/2021	1.334	7.120	21.808	25.784	101.514
16/06/2021	0.000	9.193	21.630	27.678	84.095
17/06/2021	1.451	11.327	20.952	29.457	69.932
18/06/2021	15.936	10.078	22.514	29.322	83.659
19/06/2021	11.626	9.835	22.293	28.909	64.431
20/06/2021	8.859	8.594	22.250	27.572	53.481
21/06/2021	14.940	11.241	20.861	29.308	64.247
22/06/2021	3.107	8.113	22.091	26.957	65.631
23/06/2021	3.273	10.696	21.519	29.192	67.524
24/06/2021	17.603	9.536	20.995	27.562	110.682
25/06/2021	5.796	9.723	20.274	27.207	195.714
26/06/2021	16.328	7.542	20.913	25.452	231.832
27/06/2021	8.583	9.115	21.067	27.173	181.946
28/06/2021	3.354	9.705	21.481	28.111	138.557
29/06/2021	4.779	10.923	21.524	29.466	105.388
30/06/2021	8.379	10.558	21.139	28.764	88.398
01/07/2021	8.253	9.547	22.221	28.529	79.380
02/07/2021	7.953	9.287	23.082	28.918	90.761
03/07/2021	6.544	10.291	22.038	29.173	125.409
04/07/2021	0.000	10.243	21.106	28.418	99.111
05/07/2021	0.104	11.329	21.486	29.832	59.868
06/07/2021	2.136	11.185	22.159	30.173	68.721
07/07/2021	7.310	12.955	21.409	31.558	68.387
08/07/2021	8.591	12.207	22.115	31.240	94.180
09/07/2021	6.544	10.659	22.875	30.144	79.247
10/07/2021	12.688	9.099	23.091	28.731	66.416
11/07/2021	14.078	8.785	23.260	28.534	123.290
12/07/2021	3.892	10.934	22.726	30.303	107.325
13/07/2021	6.363	11.425	21.702	30.048	105.916
14/07/2021	2.677	11.141	22.231	30.120	74.018
15/07/2021	14.053	12.909	22.409	32.159	77.116
16/07/2021	9.897	12.503	22.543	31.788	101.472
17/07/2021	13.781	9.965	22.438	29.048	106.333
18/07/2021	0.720	9.676	22.260	28.635	76.393
19/07/2021	12.516	11.012	23.236	30.736	75.244
20/07/2021	0.000	12.480	22.399	31.644	64.769
21/07/2021	8.302	12.642	21.928	31.462	40.622
22/07/2021	4.175	12.287	22.611	31.562	50.215
23/07/2021	1.306	12.529	23.457	32.438	54.195
24/07/2021	21.053	8.973	24.197	29.404	57.522
25/07/2021	26.409	7.256	22.120	26.111	67.627
26/07/2021	5.146	10.716	20.284	28.120	94.334
27/07/2021	6.215	8.170	22.351	27.101	103.177
28/07/2021	8.187	11.276	21.716	29.760	120.423
29/07/2021	11.101	10.476	22.707	29.678	92.140
30/07/2021	9.520	11.251	22.043	29.981	68.457
31/07/2021	4.484	12.146	22.779	31.428	67.003
01/08/2021	8.203	11.621	21.351	29.822	48.686
02/08/2021	2.560	11.317	21.111	29.332	49.331
03/08/2021	15.037	10.373	21.236	28.394	81.308
04/08/2021	16.524	11.375	20.322	28.769	54.322
05/08/2021	4.464	13.164	20.707	30.971	42.917
06/08/2021	6.362	12.653	21.024	30.635	61.501
07/08/2021	7.509	12.214	21.413	30.418	54.264
08/08/2021	8.913	9.292	21.250	27.221	102.883
09/08/2021	4.423	11.014	21.889	29.466	91.027
10/08/2021	13.434	9.888	21.519	28.058	74.167
11/08/2021	8.099	9.422	21.572	27.596	93.210
12/08/2021	7.790	9.549	21.692	27.812	89.434
13/08/2021	6.314	9.328	21.663	27.538	88.046
14/08/2021	6.517	8.842	21.418	26.885	113.087
15/08/2021	15.976	10.510	20.659	27.990	139.135
16/08/2021	3.781	9.497	20.952	27.139	113.803
18/08/2021	6.251	9.234	21.524	27.322	253.998
19/08/2021	10.599	7.834	21.519	25.957	260.904
20/08/2021	8.242	7.720	21.356	25.683	199.325
21/08/2021	6.116	10.586	20.625	27.986	205.408
22/08/2021	8.124	9.865	22.913	29.024	123.953
23/08/2021	5.728	10.672	22.625	29.582	136.208
24/08/2021	27.132	8.928	22.135	27.471	168.420
25/08/2021	5.528	9.520	22.139	28.062	142.450
26/08/2021	5.285	9.136	21.904	27.490	251.774
27/08/2021	10.869	8.679	22.226	27.293	130.852
28/08/2021	11.919	9.211	21.885	27.524	145.828
29/08/2021	4.016	11.503	20.534	28.851	115.753
30/08/2021	22.152	10.199	21.317	28.062	269.829
31/08/2021	8.200	8.987	20.966	26.615	214.751
01/09/2021	6.114	10.258	21.312	28.101	162.436
02/09/2021	6.843	12.425	21.889	30.779	153.135
03/09/2021	6.788	10.305	23.115	29.558	99.657
04/09/2021	6.230	10.036	22.827	29.062	104.707
05/09/2021	13.445	9.123	22.062	27.562	111.091
06/09/2021	9.194	9.508	21.067	27.154	121.113
07/09/2021	12.170	9.823	21.659	27.957	185.321
08/09/2021	1.779	9.390	21.731	27.567	138.917
09/09/2021	9.958	10.204	22.433	28.923	181.312
10/09/2021	5.022	10.572	22.514	29.351	102.942
11/09/2021	24.920	8.554	21.832	26.841	124.596
12/09/2021	8.665	10.029	21.519	28.048	159.963
13/09/2021	0.000	11.205	20.827	28.736	111.797
14/09/2021	18.376	8.945	22.332	27.630	94.819
15/09/2021	3.185	9.487	21.966	27.875	93.710
16/09/2021	14.496	10.546	22.529	29.385	97.026
17/09/2021	0.453	12.603	21.188	30.500	79.790
18/09/2021	7.169	11.369	22.596	30.240	79.293
19/09/2021	22.559	11.122	21.726	29.351	79.475
20/09/2021	3.101	9.123	22.750	28.168	88.429
21/09/2021	18.689	9.291	22.202	27.889	202.422
22/09/2021	10.520	9.886	21.476	27.933	185.749
23/09/2021	21.359	9.047	21.322	26.981	184.749
24/09/2021	8.023	9.489	21.899	27.870	127.554
25/09/2021	0.411	12.313	21.784	30.692	96.659
26/09/2021	3.464	12.979	21.226	31.019	68.958
27/09/2021	3.172	13.257	20.875	31.091	53.753
28/09/2021	22.162	8.797	22.832	27.966	53.208
29/09/2021	1.737	10.270	21.606	28.519	64.492
01/10/2021	7.416	10.420	20.562	27.846	196.036
02/10/2021	1.956	11.460	21.562	29.721	117.120
03/10/2021	15.294	11.555	21.000	29.452	123.114
04/10/2021	27.162	10.156	21.659	28.490	161.060
05/10/2021	16.447	9.884	22.159	28.582	203.489
06/10/2021	33.400	9.463	21.462	27.620	118.310
07/10/2021	0.000	9.884	21.692	28.264	83.158
08/10/2021	19.040	9.104	21.957	27.673	89.554
09/10/2021	0.178	9.478	21.769	27.918	77.908
10/10/2021	16.632	9.093	21.543	27.394	102.080
11/10/2021	14.357	9.520	21.106	27.495	107.111
12/10/2021	0.000	9.681	22.159	28.481	72.588
13/10/2021	12.023	10.248	21.909	28.899	66.663
14/10/2021	4.802	9.964	21.904	28.630	67.250
16/10/2021	0.339	8.294	22.111	27.106	161.833
17/10/2021	31.898	8.497	20.861	26.337	102.184
18/10/2021	5.074	10.089	20.938	28.077	87.846
19/10/2021	6.529	9.257	21.495	27.673	69.396
20/10/2021	19.691	9.405	21.317	27.678	90.957
21/10/2021	1.116	9.195	20.317	26.712	122.351
22/10/2021	29.547	9.660	21.058	27.798	90.243
23/10/2021	5.443	8.788	20.913	26.798	111.263
24/10/2021	24.334	10.268	20.332	27.938	341.914
25/10/2021	2.319	8.735	21.399	27.125	146.214
26/10/2021	8.898	8.269	21.731	26.938	125.657
27/10/2021	34.768	8.850	21.043	27.034	181.072
28/10/2021	1.542	10.563	21.865	29.500	107.074
29/10/2021	41.752	7.665	21.529	26.207	193.804
30/10/2021	15.322	9.157	20.673	27.111	181.593
31/10/2021	0.339	8.210	20.909	26.288	205.887
01/11/2021	11.569	9.922	21.062	28.303	222.430
02/11/2021	12.588	9.334	20.995	27.635	241.000
03/11/2021	4.101	8.964	22.087	28.087	211.705
04/11/2021	11.779	8.731	21.587	27.466	189.018
05/11/2021	0.000	8.330	22.481	27.784	174.847
06/11/2021	0.000	9.214	22.861	29.019	94.444
07/11/2021	4.215	9.551	22.764	29.337	76.849
08/11/2021	24.434	7.557	22.130	26.788	147.985
10/11/2021	0.000	9.355	21.846	28.481	157.846
11/11/2021	0.000	9.746	21.894	28.966	99.167
12/11/2021	0.000	10.348	21.183	29.115	66.029
13/11/2021	0.000	9.760	22.452	29.418	61.585
14/11/2021	6.098	8.516	23.000	28.567	134.250
15/11/2021	8.832	7.150	22.490	26.745	99.865
16/11/2021	2.084	9.830	22.529	29.635	119.054
17/11/2021	0.000	10.342	22.120	29.923	82.073
18/11/2021	0.965	10.517	21.755	29.870	65.819
19/11/2021	0.000	10.120	20.894	28.793	81.042
20/11/2021	3.425	10.230	21.755	29.596	61.156
21/11/2021	7.962	7.987	23.005	28.125	63.354
22/11/2021	2.123	8.124	22.298	27.702	68.404
23/11/2021	6.862	8.455	22.413	28.159	89.779
25/11/2021	33.986	9.318	21.250	28.250	268.666
26/11/2021	18.910	7.803	21.683	26.909	139.680
27/11/2021	0.000	9.538	21.202	28.476	113.675
28/11/2021	0.735	10.247	21.947	29.889	80.494
29/11/2021	0.230	8.667	22.889	28.846	62.921
30/11/2021	25.737	8.262	22.639	28.236	115.924
01/12/2021	49.788	9.776	21.365	28.933	253.837
02/12/2021	0.000	9.748	21.889	29.317	110.226
03/12/2021	4.240	9.258	23.327	29.870	76.625
04/12/2021	55.668	9.192	23.303	29.788	86.275
05/12/2021	0.167	9.128	23.096	29.587	68.565
06/12/2021	0.000	9.513	23.476	30.337	70.833
07/12/2021	0.000	9.259	23.264	29.894	57.438
08/12/2021	0.000	9.604	23.096	30.144	48.281
09/12/2021	0.000	9.894	23.394	30.702	48.211
10/12/2021	0.000	9.314	23.394	30.053	48.327
11/12/2021	7.843	8.824	23.548	29.635	42.694
12/12/2021	8.943	9.278	22.784	29.543	38.115
13/12/2021	0.000	9.254	21.827	28.784	36.804
14/12/2021	0.000	9.044	22.962	29.433	33.207
15/12/2021	0.000	9.068	23.221	29.659	44.374
16/12/2021	2.039	10.224	22.038	30.096	65.525
17/12/2021	3.190	8.792	22.909	29.130	56.817
18/12/2021	20.123	7.646	22.043	27.183	71.242
19/12/2021	0.000	9.897	22.005	29.688	66.703
20/12/2021	0.174	10.238	21.885	29.995	45.907
21/12/2021	0.000	8.750	22.769	28.971	50.660
22/12/2021	11.270	8.513	23.077	28.923	137.409
23/12/2021	0.000	7.265	23.380	27.851	132.678
24/12/2021	0.296	8.440	22.649	28.500	79.780
25/12/2021	0.000	8.768	23.062	29.207	52.735
26/12/2021	0.000	9.144	22.971	29.562	49.412
27/12/2021	2.037	8.540	22.995	28.889	38.251
28/12/2021	0.000	7.924	23.135	28.327	60.629
29/12/2021	7.466	8.477	22.812	28.659	85.395
30/12/2021	5.231	9.251	22.337	29.163	95.892
31/12/2021	0.000	9.171	23.091	29.654	61.583
01/01/2022	1.939	9.524	23.606	30.423	46.048
02/01/2022	3.368	9.308	23.005	29.702	55.313
03/01/2022	4.857	10.587	21.962	30.385	47.596
04/01/2022	0.000	9.976	21.630	29.409	50.776
05/01/2022	0.000	11.808	20.534	30.798	39.960
06/01/2022	2.697	9.739	21.413	28.933	30.811
07/01/2022	10.663	7.842	22.034	27.245	24.493
08/01/2022	0.000	10.470	21.356	29.697	20.061
09/01/2022	0.000	9.415	22.053	28.995	15.053
10/01/2022	3.049	10.899	20.130	29.317	13.607
11/01/2022	0.000	9.245	21.317	28.240	16.197
12/01/2022	0.000	10.215	21.697	29.601	21.464
13/01/2022	1.855	9.322	21.659	28.529	26.195
14/01/2022	12.158	9.165	20.601	27.534	82.730
15/01/2022	1.497	9.505	22.216	29.135	47.270
16/01/2022	0.272	10.753	21.524	30.019	37.994
17/01/2022	0.000	9.121	22.995	29.288	30.949
18/01/2022	0.000	8.826	22.596	28.625	34.982
19/01/2022	0.000	10.306	23.240	30.736	25.341
20/01/2022	0.000	12.513	21.370	31.889	20.216
21/01/2022	0.000	10.651	23.481	31.250	16.967
22/01/2022	0.000	9.092	24.250	30.168	13.288
23/01/2022	0.000	11.143	21.702	30.466	11.013
24/01/2022	0.000	10.043	23.327	30.394	9.625
25/01/2022	8.814	9.409	23.048	29.505	7.544
26/01/2022	2.789	10.026	22.625	29.832	30.635
27/01/2022	1.285	7.416	22.442	26.885	62.223
28/01/2022	0.104	10.882	21.692	30.019	49.725
29/01/2022	0.000	11.317	21.466	30.322	39.646
30/01/2022	0.000	10.060	21.072	28.553	30.707
31/01/2022	0.000	11.713	19.861	29.562	36.583
01/02/2022	0.000	11.715	20.409	29.947	47.440
02/02/2022	0.000	11.535	21.380	30.370	39.111
03/02/2022	0.000	12.598	21.375	31.572	29.802
04/02/2022	0.000	9.744	23.577	30.043	19.780
05/02/2022	2.309	8.743	21.764	27.548	63.779
06/02/2022	0.000	10.103	21.635	28.861	89.790
07/02/2022	0.000	6.668	23.255	26.745	50.682
08/02/2022	10.909	7.651	22.688	27.120	52.386
09/02/2022	16.219	8.376	21.793	27.111	111.266
10/02/2022	12.909	9.962	22.298	29.125	95.067
11/02/2022	5.168	9.648	22.981	29.308	55.976
12/02/2022	0.000	11.987	21.904	30.981	41.444
13/02/2022	2.010	10.112	24.495	30.938	29.984
14/02/2022	5.708	9.300	22.793	28.764	25.133
15/02/2022	5.166	9.721	22.216	28.716	127.236
16/02/2022	0.162	11.322	22.495	30.582	88.711
17/02/2022	0.521	10.848	24.288	31.428	25.395
18/02/2022	5.003	8.354	22.760	27.707	15.131
19/02/2022	5.689	10.013	21.846	28.654	47.183
20/02/2022	0.000	9.318	22.149	28.144	78.800
21/02/2022	0.000	13.041	20.784	31.101	60.949
22/02/2022	0.000	13.527	20.524	31.418	37.245
23/02/2022	15.622	12.529	22.644	31.798	19.116
24/02/2022	0.000	12.459	21.683	31.024	10.238
25/02/2022	0.000	12.403	22.274	31.361	9.468
26/02/2022	0.000	9.612	23.236	29.178	10.357
27/02/2022	0.000	8.803	22.793	28.005	8.617
28/02/2022	48.947	8.090	22.442	27.038	58.759
01/03/2022	0.142	10.898	22.635	29.971	91.251
02/03/2022	29.196	7.595	22.087	26.269	93.512
03/03/2022	3.333	10.564	22.053	29.135	90.447
04/03/2022	31.139	8.463	21.688	26.740	114.612
05/03/2022	4.558	8.637	21.976	27.125	102.906
06/03/2022	32.836	7.225	21.692	25.558	66.957
08/03/2022	0.000	12.348	20.130	29.543	201.512
09/03/2022	0.000	11.544	21.010	29.298	103.505
10/03/2022	0.000	10.944	22.053	29.418	68.780
11/03/2022	0.105	11.442	21.784	29.712	95.719
12/03/2022	5.350	12.298	21.875	30.644	69.430
13/03/2022	7.432	9.485	21.462	27.462	118.156
14/03/2022	12.025	10.439	22.399	29.111	86.369
15/03/2022	11.549	10.988	21.548	29.024	146.791
16/03/2022	2.580	10.655	23.149	29.894	116.769
17/03/2022	2.714	11.550	22.327	30.163	88.879
18/03/2022	5.205	10.354	22.159	28.827	64.880
19/03/2022	2.651	10.988	22.812	29.947	65.151
20/03/2022	11.183	10.288	22.630	29.106	95.698
21/03/2022	9.118	10.418	23.168	29.639	114.554
22/03/2022	25.418	10.325	23.005	29.418	67.100
23/03/2022	0.137	10.661	23.755	30.341	55.264
24/03/2022	1.700	11.952	22.928	30.957	45.420
25/03/2022	9.645	9.244	23.361	28.663	85.332
26/03/2022	10.660	10.477	23.510	29.947	174.316
27/03/2022	19.407	6.923	22.793	26.111	112.547
28/03/2022	13.266	10.354	22.130	28.726	95.153
29/03/2022	16.501	10.605	21.923	28.827	100.412
30/03/2022	21.291	8.903	23.029	28.067	184.205
31/03/2022	16.644	9.307	23.048	28.433	132.931
01/04/2022	12.024	9.922	22.567	28.649	169.226
02/04/2022	7.035	9.775	22.909	28.769	221.024
03/04/2022	23.081	11.190	22.111	29.553	178.322
05/04/2022	1.550	9.597	21.808	27.731	162.543
06/04/2022	7.970	12.034	22.774	30.885	121.185
07/04/2022	36.351	8.448	22.048	26.812	145.757
08/04/2022	15.739	9.297	22.495	27.995	119.681
09/04/2022	4.303	8.848	22.587	27.639	193.302
10/04/2022	7.590	9.971	21.639	27.966	162.250
11/04/2022	1.600	9.304	23.534	28.837	112.370
12/04/2022	11.556	9.487	23.534	29.029	117.332
13/04/2022	22.419	8.911	23.317	28.346	101.001
14/04/2022	0.203	9.655	22.909	28.683	86.293
15/04/2022	4.311	10.449	22.596	29.202	63.008
16/04/2022	16.448	8.174	22.726	27.178	50.368
17/04/2022	25.847	6.719	21.697	25.005	142.492
18/04/2022	13.943	5.637	22.240	24.644	117.529
20/04/2022	4.929	9.004	21.923	27.288	285.755
23/04/2022	0.000	10.692	20.452	27.856	275.728
24/04/2022	0.000	10.370	21.966	28.692	156.243
26/04/2022	0.000	10.618	20.490	27.817	276.845
27/04/2022	1.350	10.743	22.192	29.264	189.369
28/04/2022	23.418	6.150	22.750	25.510	285.581
29/04/2022	17.887	11.458	20.736	28.938	278.836
30/04/2022	2.827	11.249	21.394	29.255	150.705
01/05/2022	9.658	11.063	20.904	28.678	101.458
02/05/2022	11.433	9.371	22.755	28.418	101.895
03/05/2022	0.000	12.360	22.111	30.957	69.111
04/05/2022	0.129	11.253	23.428	30.808	63.992
05/05/2022	22.816	8.111	22.370	26.913	131.749
06/05/2022	11.830	7.911	21.913	26.351	129.099
07/05/2022	6.759	8.337	21.409	26.346	173.047
08/05/2022	3.463	10.721	21.428	28.779	109.681
09/05/2022	8.942	10.273	21.779	28.620	78.720
10/05/2022	32.529	7.808	22.620	26.889	75.653
11/05/2022	16.378	9.225	21.312	27.202	242.671
12/05/2022	19.731	10.098	22.000	28.620	325.347
13/05/2022	12.955	9.725	21.538	27.899	170.870
14/05/2022	11.681	9.140	21.889	27.601	189.197
15/05/2022	4.571	9.985	23.029	29.361	135.564
16/05/2022	19.450	10.247	22.111	28.913	299.503
17/05/2022	19.648	9.287	23.356	28.966	268.308
20/05/2022	10.245	9.082	21.990	27.678	293.516
21/05/2022	0.690	8.762	22.058	27.418	213.396
22/05/2022	0.000	11.128	22.375	30.111	127.903
23/05/2022	1.612	9.520	22.851	28.846	97.155
24/05/2022	14.119	9.368	21.769	27.808	102.953
25/05/2022	13.602	7.605	21.817	26.139	128.079
26/05/2022	20.042	9.011	22.149	27.798	100.366
27/05/2022	18.573	10.731	20.913	28.625	79.169
28/05/2022	6.289	9.921	21.736	28.404	79.039
29/05/2022	20.275	8.468	22.043	27.173	103.698
30/05/2022	6.834	8.680	22.404	27.683	110.098
31/05/2022	18.615	8.116	21.812	26.663	105.269
01/06/2022	2.371	9.919	21.889	28.553	103.322
02/06/2022	23.136	8.428	21.457	26.688	168.631
03/06/2022	3.110	6.853	20.990	24.784	252.280
04/06/2022	7.842	7.656	21.587	26.043	160.231
05/06/2022	7.712	8.190	21.351	26.428	146.195
06/06/2022	13.655	10.345	21.779	28.962	113.790
07/06/2022	17.221	7.684	21.173	25.769	170.912
08/06/2022	10.512	8.273	20.567	25.870	126.345
09/06/2022	18.522	8.467	20.812	26.269	92.142
10/06/2022	3.111	9.998	21.149	28.139	156.660
11/06/2022	26.285	7.302	21.649	25.793	153.928
12/06/2022	5.116	8.487	21.365	26.736	125.940
13/06/2022	8.696	8.745	22.207	27.663	142.042
14/06/2022	14.247	7.830	21.014	25.808	168.131
15/06/2022	1.655	8.095	21.726	26.639	101.268
16/06/2022	8.063	9.294	22.255	28.288	123.127
17/06/2022	9.682	6.541	22.269	25.625	194.489
18/06/2022	7.763	9.049	20.058	26.327	139.749
19/06/2022	18.815	7.743	21.019	25.740	248.230
20/06/2022	27.010	9.233	21.375	27.519	220.448
21/06/2022	0.697	9.190	21.361	27.457	114.618
22/06/2022	4.967	10.707	20.952	28.803	146.780
23/06/2022	27.292	9.578	21.144	27.731	157.122
24/06/2022	9.812	9.491	21.053	27.562	121.173
25/06/2022	2.141	9.369	21.101	27.457	127.160
26/06/2022	35.379	8.032	20.630	25.692	118.627
27/06/2022	13.614	8.121	21.894	26.822	259.344
28/06/2022	12.341	9.674	20.793	27.538	244.848
29/06/2022	6.892	8.587	21.327	26.822	172.078
30/06/2022	17.238	9.472	21.981	28.274	178.790
01/07/2022	9.802	9.788	21.995	28.591	149.664
02/07/2022	3.212	9.006	22.601	28.260	78.871
03/07/2022	3.941	10.036	21.856	28.764	99.457
04/07/2022	2.611	9.030	22.486	28.207	117.268
05/07/2022	1.584	9.840	21.938	28.606	87.801
06/07/2022	4.899	10.316	21.505	28.774	85.790
07/07/2022	12.079	10.551	22.471	29.736	156.098
08/07/2022	10.176	8.646	22.231	27.615	127.996
09/07/2022	0.000	10.761	21.587	29.288	93.719
10/07/2022	0.177	9.793	22.654	29.062	87.572
11/07/2022	18.119	7.513	22.269	26.490	99.627
12/07/2022	0.511	10.353	22.082	29.188	147.206
13/07/2022	7.151	9.518	22.154	28.394	106.235
14/07/2022	0.000	10.423	22.192	29.365	102.636
15/07/2022	0.000	9.948	22.202	28.861	66.524
16/07/2022	8.068	9.570	22.558	28.731	48.587
17/07/2022	9.250	9.711	21.938	28.423	77.202
18/07/2022	14.775	8.136	22.764	27.500	139.597
19/07/2022	3.262	10.131	22.014	28.865	102.635
20/07/2022	0.735	10.230	22.029	28.966	94.902
21/07/2022	14.555	8.518	22.938	27.990	145.887
22/07/2022	5.324	9.526	22.707	28.750	95.895
23/07/2022	8.032	10.117	21.774	28.663	90.348
24/07/2022	10.121	8.831	22.731	28.125	104.554
25/07/2022	21.962	8.120	22.197	26.942	119.436
26/07/2022	4.907	6.313	23.029	26.038	206.946
27/07/2022	3.438	8.971	22.490	28.024	121.731
29/07/2022	9.413	10.285	22.202	29.058	248.790
30/07/2022	0.163	11.633	21.899	30.260	137.009
31/07/2022	34.562	9.180	23.269	28.798	135.124
01/08/2022	19.092	9.833	21.837	28.293	121.184
02/08/2022	17.428	8.550	21.428	26.702	172.178
03/08/2022	4.355	8.841	21.130	26.726	135.039
04/08/2022	1.559	9.376	21.793	27.774	84.756
05/08/2022	16.385	9.318	21.308	27.361	93.754
06/08/2022	8.138	9.506	20.938	27.231	80.970
07/08/2022	0.085	9.118	21.870	27.558	81.743
08/08/2022	0.000	10.730	21.827	29.173	73.625
09/08/2022	2.421	8.932	22.606	27.942	58.525
10/08/2022	16.049	10.059	21.370	28.101	53.181
11/08/2022	4.177	10.632	21.207	28.577	55.631
12/08/2022	10.721	9.369	22.510	28.284	164.206
13/08/2022	4.095	7.860	21.856	26.284	182.723
14/08/2022	35.146	8.478	22.293	27.207	172.602
15/08/2022	13.856	9.811	21.226	27.683	174.788
16/08/2022	11.112	7.994	21.587	26.173	251.949
17/08/2022	0.339	10.968	21.957	29.394	159.618
18/08/2022	0.860	10.318	23.697	30.115	85.697
19/08/2022	8.228	10.680	23.130	30.005	63.448
20/08/2022	17.637	9.674	21.591	27.793	77.375
21/08/2022	18.193	9.060	21.942	27.442	102.113
22/08/2022	26.197	7.969	21.962	26.418	102.172
23/08/2022	2.890	9.991	20.418	27.192	157.519
24/08/2022	3.510	11.003	21.111	28.760	84.934
25/08/2022	6.579	10.356	21.067	28.077	63.618
26/08/2022	20.843	8.499	21.827	26.798	78.252
27/08/2022	0.000	11.578	19.938	28.481	106.087
28/08/2022	34.770	9.355	21.029	26.986	169.235
29/08/2022	2.594	8.473	21.918	26.851	143.567
30/08/2022	16.446	11.638	20.154	28.702	135.655
31/08/2022	6.923	10.212	21.524	28.216	84.803
01/09/2022	7.529	9.431	22.293	28.067	189.306
02/09/2022	6.033	9.792	22.255	28.375	187.151
03/09/2022	15.190	10.824	21.894	29.139	228.054
04/09/2022	24.880	9.373	21.341	27.245	304.824
05/09/2022	0.000	10.209	20.341	27.361	122.246
06/09/2022	3.913	9.707	22.178	28.226	110.279
07/09/2022	0.619	9.958	22.582	28.803	108.602
08/09/2022	29.558	9.975	21.798	28.207	132.441
09/09/2022	2.711	10.391	20.389	27.553	177.318
10/09/2022	1.372	11.577	21.337	29.510	124.239
11/09/2022	21.950	10.874	20.865	28.423	109.777
12/09/2022	9.445	8.511	21.889	26.861	85.185
13/09/2022	11.353	11.299	20.399	28.505	199.549
14/09/2022	13.948	10.440	20.760	27.885	140.151
15/09/2022	4.488	11.029	21.394	28.990	90.605
16/09/2022	27.212	8.250	22.399	27.048	164.785
17/09/2022	11.678	10.152	21.702	28.332	238.464
18/09/2022	1.777	10.161	21.082	27.865	169.426
20/09/2022	0.931	10.112	21.413	28.087	215.674
22/09/2022	13.257	8.196	21.788	26.500	175.407
23/09/2022	0.527	10.726	21.510	28.803	120.852
24/09/2022	9.242	9.946	20.885	27.538	342.387
25/09/2022	19.157	10.514	21.077	28.264	193.560
26/09/2022	4.135	11.805	21.438	29.909	99.299
27/09/2022	6.082	11.625	20.476	29.024	119.375
28/09/2022	10.274	9.569	21.505	27.678	148.906
29/09/2022	26.616	9.081	22.077	27.639	147.582
30/09/2022	9.933	8.957	20.928	26.625	254.229
02/10/2022	1.498	9.572	21.394	27.630	223.373
03/10/2022	6.133	11.290	21.139	29.240	121.804
04/10/2022	9.892	9.484	22.933	28.774	109.415
05/10/2022	23.179	8.408	21.312	26.442	171.665
06/10/2022	24.820	9.126	21.264	27.130	218.319
07/10/2022	5.037	10.053	21.212	28.048	160.877
08/10/2022	25.164	10.328	20.168	27.572	224.823
11/10/2022	1.057	9.626	21.312	27.745	167.227
12/10/2022	15.628	9.611	20.803	27.361	119.445
14/10/2022	10.690	9.019	21.231	27.096	284.061
15/10/2022	9.361	8.257	22.212	27.183	184.556
16/10/2022	0.648	9.396	21.423	27.678	173.220
17/10/2022	26.727	9.329	21.101	27.399	280.567
18/10/2022	39.280	7.993	21.231	26.149	151.029
19/10/2022	3.045	8.334	20.558	25.986	129.851
23/10/2022	5.640	7.427	21.644	25.981	213.051
24/10/2022	43.223	8.602	21.726	27.240	260.717
26/10/2022	29.986	8.504	21.851	27.260	254.704
29/10/2022	1.002	8.620	21.010	26.769	308.949
30/10/2022	1.394	10.163	19.942	27.678	211.412
31/10/2022	0.000	11.481	19.389	28.808	103.893
01/11/2022	0.000	11.720	20.740	30.062	79.810
02/11/2022	12.560	8.346	22.837	28.014	82.480
03/11/2022	12.324	9.413	22.120	28.601	225.786
04/11/2022	19.849	7.955	22.942	27.736	146.899
05/11/2022	21.769	7.960	22.192	27.159	266.970
07/11/2022	8.704	10.320	21.082	28.880	211.855
08/11/2022	27.122	9.358	20.832	27.620	214.401
09/11/2022	7.538	8.361	21.543	27.135	143.301
10/11/2022	0.199	9.217	21.221	27.822	135.743
11/11/2022	19.014	7.219	22.058	26.389	191.298
12/11/2022	3.590	7.548	22.183	26.827	190.674
14/11/2022	0.000	8.893	22.101	28.245	293.264
15/11/2022	16.916	8.848	22.125	28.212	184.452
16/11/2022	14.065	9.430	21.375	28.293	234.966
17/11/2022	18.992	10.071	21.159	28.880	176.354
18/11/2022	25.160	6.393	22.034	25.673	183.261
19/11/2022	19.045	8.970	22.111	28.404	173.038
20/11/2022	9.745	10.138	22.611	30.101	164.535
22/11/2022	7.683	8.300	22.514	28.029	313.732
23/11/2022	0.000	10.189	20.639	28.760	178.389
24/11/2022	2.239	9.376	21.072	28.149	138.400
25/11/2022	4.277	8.543	21.471	27.529	148.351
26/11/2022	20.638	5.416	22.793	25.510	197.188
27/11/2022	0.878	8.313	20.716	26.697	130.272
28/11/2022	17.480	8.261	21.385	27.183	165.203
29/11/2022	25.292	7.565	21.832	26.774	258.071
30/11/2022	8.796	7.537	22.014	26.918	243.606
01/12/2022	0.000	7.799	21.644	26.904	175.723
02/12/2022	0.000	9.363	21.923	28.885	144.850
03/12/2022	0.000	10.544	19.947	28.817	104.458
04/12/2022	0.000	9.700	20.630	28.322	75.769
05/12/2022	0.156	7.739	21.851	27.048	52.677
06/12/2022	0.493	8.173	22.279	27.870	54.096
07/12/2022	0.000	8.690	20.947	27.404	52.265
08/12/2022	0.000	9.712	20.942	28.596	65.481
09/12/2022	0.000	8.680	22.490	28.611	57.438
10/12/2022	0.000	8.663	22.197	28.375	47.342
11/12/2022	0.288	8.621	22.452	28.529	35.523
12/12/2022	28.587	9.411	21.077	28.389	39.081
13/12/2022	26.958	8.949	20.630	27.519	164.292
14/12/2022	1.938	8.894	21.615	28.231	128.993
15/12/2022	4.531	10.706	21.048	29.947	56.490
16/12/2022	0.000	10.285	22.519	30.524	48.863
17/12/2022	0.000	9.473	22.649	29.683	36.794
18/12/2022	0.000	8.297	21.125	27.197	66.667
19/12/2022	0.000	10.859	20.471	29.716	80.641
20/12/2022	0.000	10.617	22.207	30.668	48.568
21/12/2022	0.000	9.239	23.163	29.812	39.111
22/12/2022	0.859	10.985	21.034	30.264	30.377
23/12/2022	0.000	11.453	21.582	31.236	29.208
24/12/2022	0.000	10.364	23.096	31.048	33.150
25/12/2022	0.000	11.691	21.159	31.188	21.277
26/12/2022	0.000	11.340	20.688	30.423	19.655
27/12/2022	0.000	10.604	23.034	31.236	10.978
29/12/2022	0.313	10.218	22.462	30.356	134.392
30/12/2022	0.000	10.979	21.971	30.880	75.912
31/12/2022	0.000	9.267	23.846	30.317	53.601
