Fecha	Precipitacion	ETP_	Temperatura_minima	Temperatura_maxima	Caudal
01/01/1994	0.000	7.738	6.562	15.167	9.200
02/01/1994	0.000	8.373	6.396	15.979	9.000
03/01/1994	0.000	7.319	7.917	15.458	8.000
04/01/1994	0.000	5.721	9.188	14.167	10.550
05/01/1994	0.000	6.760	8.438	15.021	13.300
06/01/1994	0.000	5.629	8.792	13.729	11.150
07/01/1994	0.000	5.799	8.583	13.792	10.250
08/01/1994	30.646	5.684	9.042	13.979	14.700
09/01/1994	0.000	7.417	8.792	16.146	11.300
10/01/1994	0.000	6.729	9.167	15.458	10.700
11/01/1994	15.597	6.019	8.979	14.354	9.650
12/01/1994	2.654	6.388	9.479	15.208	9.500
13/01/1994	0.000	7.235	8.146	15.396	9.000
14/01/1994	3.942	6.591	8.417	14.688	9.450
15/01/1994	2.438	7.145	8.208	15.292	11.300
16/01/1994	0.000	7.023	8.375	15.229	10.250
17/01/1994	2.339	6.192	8.917	14.479	15.200
18/01/1994	5.347	6.717	8.708	15.021	18.700
19/01/1994	0.000	6.471	8.667	14.646	11.900
20/01/1994	0.000	6.754	8.292	14.750	10.550
21/01/1994	0.000	8.961	6.125	16.396	9.000
22/01/1994	0.000	8.624	6.521	16.146	8.500
23/01/1994	0.000	8.347	7.250	16.208	8.900
24/01/1994	0.000	6.212	7.083	13.083	8.800
25/01/1994	0.000	8.182	7.146	15.875	8.700
26/01/1994	0.000	8.301	7.521	16.271	8.400
27/01/1994	0.000	7.305	7.771	15.042	8.200
28/01/1994	10.738	6.234	9.042	14.500	8.500
29/01/1994	49.568	6.934	9.250	15.562	8.200
30/01/1994	2.114	4.610	9.104	12.479	10.000
31/01/1994	0.000	5.099	8.729	12.771	31.750
01/02/1994	0.000	5.467	9.271	13.646	43.470
02/02/1994	3.863	6.649	8.354	14.479	18.020
03/02/1994	19.427	6.633	8.229	14.354	14.400
04/02/1994	3.897	6.514	8.667	14.500	10.400
06/02/1994	3.301	7.075	8.771	15.292	14.600
07/02/1994	0.000	7.911	7.938	15.812	18.250
08/02/1994	3.114	7.292	7.125	14.396	11.600
09/02/1994	0.000	7.430	8.729	15.688	9.500
10/02/1994	1.751	7.454	8.229	15.354	12.500
11/02/1994	0.000	7.238	7.979	14.875	7.900
12/02/1994	3.342	6.814	7.625	14.042	7.300
13/02/1994	0.909	6.884	7.979	14.375	9.500
14/02/1994	2.920	7.118	7.438	14.292	8.500
15/02/1994	0.000	6.286	8.542	13.979	8.400
16/02/1994	8.573	7.223	8.104	14.875	8.400
17/02/1994	0.000	7.100	8.667	15.104	7.800
18/02/1994	0.000	6.116	8.542	13.729	8.000
19/02/1994	4.787	6.884	8.312	14.542	8.000
20/02/1994	3.960	6.213	8.792	14.021	9.800
21/02/1994	0.000	7.393	8.104	15.042	12.050
22/02/1994	11.570	8.177	8.771	16.521	18.500
24/02/1994	10.124	6.769	9.604	15.292	19.450
25/02/1994	3.732	6.753	8.938	14.771	18.450
26/02/1994	1.063	6.532	9.271	14.729	14.200
27/02/1994	0.000	7.000	8.646	14.854	17.700
28/02/1994	0.000	7.967	9.021	16.354	18.200
01/03/1994	6.535	7.296	9.500	15.833	14.200
02/03/1994	10.743	7.186	9.417	15.625	13.450
03/03/1994	15.504	6.893	9.500	15.312	11.650
04/03/1994	18.158	6.837	9.125	14.958	33.560
06/03/1994	3.410	7.810	8.667	15.854	19.950
07/03/1994	15.899	5.919	9.354	13.979	17.950
08/03/1994	5.649	7.921	7.417	15.125	21.750
09/03/1994	0.000	7.976	7.958	15.562	16.000
10/03/1994	0.000	8.353	7.542	15.771	11.450
11/03/1994	4.606	7.736	8.188	15.396	11.750
12/03/1994	0.000	6.508	8.667	14.167	12.500
13/03/1994	0.000	6.933	8.562	14.625	13.400
14/03/1994	2.357	6.549	9.167	14.583	18.950
15/03/1994	4.606	7.798	8.417	15.625	21.250
16/03/1994	0.000	7.926	9.167	16.312	16.750
17/03/1994	13.248	5.683	8.792	13.229	11.750
18/03/1994	0.000	5.913	8.750	13.479	10.850
19/03/1994	0.000	6.787	8.604	14.458	10.100
20/03/1994	3.702	7.503	8.167	15.062	10.100
21/03/1994	8.301	7.136	8.708	14.979	11.150
22/03/1994	9.863	7.032	9.229	15.229	15.000
23/03/1994	4.300	8.278	8.729	16.458	10.850
24/03/1994	17.074	6.097	9.542	14.312	20.450
25/03/1994	0.000	7.717	8.146	15.333	15.600
26/03/1994	0.000	7.186	8.667	15.021	13.600
27/03/1994	9.233	5.624	8.792	13.167	13.200
28/03/1994	0.000	6.141	8.938	13.917	15.000
29/03/1994	0.000	5.119	8.917	12.667	18.450
30/03/1994	0.000	7.547	8.667	15.500	27.900
31/03/1994	38.004	5.391	9.104	13.146	23.800
01/04/1994	0.000	7.241	9.396	15.646	47.030
02/04/1994	24.433	4.326	8.938	11.792	23.800
03/04/1994	0.000	6.855	8.479	14.500	17.950
04/04/1994	5.191	9.069	8.000	17.062	15.850
05/04/1994	12.806	9.134	9.083	17.875	24.850
06/04/1994	1.003	7.085	8.792	15.042	25.100
07/04/1994	10.639	8.129	9.000	16.542	20.700
08/04/1994	23.047	5.571	9.625	13.812	25.100
09/04/1994	2.731	7.587	8.812	15.729	17.450
10/04/1994	7.339	6.177	9.688	14.604	22.100
11/04/1994	1.965	6.884	8.854	14.875	19.700
12/04/1994	10.727	5.424	8.625	12.875	19.450
13/04/1994	2.230	7.407	8.229	15.125	21.720
14/04/1994	3.930	6.105	9.188	14.167	17.950
15/04/1994	0.000	7.561	7.875	15.104	16.950
16/04/1994	0.000	7.666	8.312	15.562	13.000
17/04/1994	2.245	7.790	8.750	16.042	11.300
18/04/1994	0.000	6.000	9.333	14.188	11.750
19/04/1994	6.447	6.701	9.562	15.250	14.600
20/04/1994	12.550	5.833	9.521	14.146	35.800
21/04/1994	0.000	7.827	7.812	15.500	18.450
22/04/1994	0.000	7.093	8.562	15.062	13.800
23/04/1994	0.000	6.596	8.667	14.500	18.280
24/04/1994	0.000	7.884	8.062	15.792	38.120
25/04/1994	0.000	8.033	8.479	16.292	22.000
26/04/1994	18.332	5.258	8.938	13.042	16.800
27/04/1994	0.000	6.919	8.354	14.750	19.900
28/04/1994	9.618	6.305	9.062	14.479	17.700
29/04/1994	2.392	5.353	8.938	13.188	26.850
30/04/1994	9.618	7.695	8.562	15.979	33.340
01/05/1994	30.837	6.723	9.146	15.125	22.500
02/05/1994	7.169	7.721	8.917	16.292	22.760
03/05/1994	0.000	7.657	9.104	16.354	25.920
04/05/1994	0.000	7.013	9.167	15.562	26.220
05/05/1994	0.000	7.481	9.562	16.479	81.900
06/05/1994	0.000	5.668	8.938	13.667	38.350
07/05/1994	0.000	7.564	8.438	15.833	77.870
08/05/1994	0.000	5.395	8.875	13.292	40.900
09/05/1994	15.198	6.471	8.562	14.479	32.750
10/05/1994	32.781	6.187	9.083	14.500	32.260
11/05/1994	15.208	5.049	8.917	12.917	36.500
12/05/1994	0.000	7.506	8.312	15.750	26.140
13/05/1994	5.808	6.560	9.354	15.229	24.110
14/05/1994	0.825	6.064	8.562	14.000	21.200
15/05/1994	0.000	7.935	8.625	16.604	20.960
16/05/1994	0.000	6.700	9.125	15.292	19.200
17/05/1994	0.000	6.742	9.229	15.438	39.610
18/05/1994	7.400	6.848	8.750	15.250	23.800
19/05/1994	5.961	7.263	9.312	16.229	22.500
20/05/1994	22.478	6.351	9.375	15.062	25.140
21/05/1994	6.541	6.260	9.688	15.188	20.200
22/05/1994	0.000	5.616	9.438	14.167	21.480
23/05/1994	9.779	5.877	9.417	14.500	19.960
24/05/1994	12.508	6.704	8.479	14.938	22.700
25/05/1994	0.000	6.690	9.979	16.021	25.380
26/05/1994	16.755	6.170	9.521	15.000	60.000
27/05/1994	8.378	6.967	9.375	15.979	26.400
28/05/1994	0.000	6.817	8.979	15.500	24.390
29/05/1994	23.818	7.857	9.292	17.167	22.240
30/05/1994	8.172	6.261	9.417	15.083	19.700
31/05/1994	1.751	5.025	8.750	12.938	30.950
01/06/1994	0.000	6.515	8.167	14.542	38.610
02/06/1994	0.000	5.922	9.125	14.438	28.680
03/06/1994	13.328	4.474	9.062	12.500	66.530
04/06/1994	0.000	5.841	8.667	14.000	26.600
05/06/1994	0.000	6.550	8.542	14.896	22.500
07/06/1994	0.000	6.689	9.292	15.646	16.700
08/06/1994	0.000	6.420	8.646	14.812	34.500
09/06/1994	0.000	6.710	8.417	15.062	37.000
10/06/1994	0.000	7.290	8.604	16.021	42.300
11/06/1994	8.962	6.893	7.583	14.750	35.750
12/06/1994	20.588	7.592	7.958	16.021	28.360
13/06/1994	0.000	6.440	8.771	14.958	19.450
14/06/1994	30.195	6.730	8.688	15.312	21.200
15/06/1994	0.000	5.693	9.104	14.188	57.010
16/06/1994	0.000	7.142	8.500	15.771	61.030
17/06/1994	0.000	6.671	8.438	15.062	24.060
18/06/1994	0.000	6.016	8.354	14.083	25.700
19/06/1994	23.928	6.982	8.750	15.729	32.260
20/06/1994	0.000	6.878	7.833	14.938	19.950
21/06/1994	0.000	5.678	8.396	13.646	20.750
22/06/1994	19.657	7.031	8.229	15.438	16.200
23/06/1994	0.000	5.657	9.479	14.438	22.760
24/06/1994	9.353	8.247	8.021	17.042	18.700
25/06/1994	0.000	7.438	8.688	16.333	15.600
26/06/1994	26.253	6.218	8.396	14.396	22.700
27/06/1994	0.000	4.630	7.667	11.646	42.150
28/06/1994	0.000	6.757	7.583	14.583	40.650
29/06/1994	0.000	6.770	7.708	14.688	40.900
30/06/1994	0.000	6.309	6.708	13.312	24.200
01/07/1994	0.000	5.628	7.104	12.604	21.040
02/07/1994	0.000	6.147	7.229	13.438	34.040
03/07/1994	13.684	5.446	7.771	12.833	60.250
04/07/1994	24.627	7.356	7.479	15.354	38.300
05/07/1994	0.000	5.876	7.896	13.521	33.780
06/07/1994	0.000	7.207	6.833	14.688	25.880
07/07/1994	0.000	7.452	8.312	16.042	20.720
08/07/1994	5.395	5.644	8.875	13.917	29.950
09/07/1994	0.000	4.183	8.542	11.729	59.000
10/07/1994	0.000	6.128	8.562	14.333	97.470
11/07/1994	0.000	3.726	7.854	10.583	41.550
12/07/1994	0.000	3.999	6.833	10.083	25.880
13/07/1994	0.000	4.654	6.854	10.979	25.360
14/07/1994	0.000	6.175	7.167	13.354	18.700
15/07/1994	0.000	5.329	7.917	12.708	17.450
16/07/1994	0.000	5.483	8.000	12.979	22.800
17/07/1994	0.000	5.837	7.833	13.333	33.100
18/07/1994	0.000	6.003	7.417	13.250	33.000
19/07/1994	0.000	6.120	7.229	13.271	22.550
20/07/1994	18.372	6.137	7.729	13.646	20.200
21/07/1994	2.706	7.358	7.229	15.021	18.700
22/07/1994	30.289	7.861	7.979	16.229	17.200
23/07/1994	0.000	5.206	9.104	13.396	18.450
24/07/1994	0.000	4.652	8.458	12.167	29.100
25/07/1994	0.000	6.417	8.271	14.375	18.700
26/07/1994	9.801	7.428	7.917	15.521	21.750
27/07/1994	3.023	6.838	8.833	15.333	23.800
28/07/1994	0.000	6.419	7.917	14.083	24.060
29/07/1994	0.000	5.839	8.167	13.458	25.620
30/07/1994	0.000	6.997	8.354	15.167	38.990
31/07/1994	0.000	7.331	7.979	15.354	30.600
01/08/1994	0.000	7.568	6.833	14.896	23.540
02/08/1994	0.000	7.525	7.354	15.167	17.450
03/08/1994	0.000	5.950	8.208	13.583	22.500
04/08/1994	0.000	7.487	7.750	15.354	20.200
05/08/1994	0.000	5.378	8.333	12.896	20.470
06/08/1994	0.000	5.661	8.021	13.021	30.400
07/08/1994	0.445	5.635	7.583	12.646	49.290
08/08/1994	0.000	8.649	7.833	16.958	23.640
09/08/1994	0.000	9.117	8.021	17.708	16.200
10/08/1994	0.000	5.880	9.458	14.354	23.100
11/08/1994	0.977	6.235	8.833	14.333	20.200
12/08/1994	0.934	5.864	7.833	13.083	67.930
13/08/1994	0.000	8.664	6.688	16.146	37.100
14/08/1994	0.000	7.318	7.854	15.042	20.450
15/08/1994	0.000	6.928	7.708	14.396	18.700
16/08/1994	0.000	7.318	7.354	14.667	39.650
17/08/1994	0.000	7.690	7.479	15.250	25.880
18/08/1994	0.000	8.420	6.604	15.667	19.950
19/08/1994	1.110	7.346	7.417	14.708	17.950
20/08/1994	67.728	5.682	7.854	12.771	34.150
21/08/1994	0.000	7.833	6.833	14.958	63.350
22/08/1994	0.000	5.559	8.250	12.896	31.460
23/08/1994	0.000	7.147	7.521	14.458	48.400
24/08/1994	0.000	6.708	6.792	13.333	26.400
25/08/1994	0.000	6.263	7.271	13.062	28.940
26/08/1994	0.000	6.472	7.271	13.333	19.450
27/08/1994	0.000	6.917	7.583	14.146	17.950
28/08/1994	0.000	6.718	7.271	13.646	16.200
29/08/1994	0.000	6.867	7.562	14.042	15.200
30/08/1994	1.122	7.062	8.146	14.708	19.700
31/08/1994	0.000	6.333	8.271	13.833	19.200
01/09/1994	0.000	7.391	8.354	15.271	43.480
02/09/1994	0.000	7.091	7.604	14.333	13.800
03/09/1994	2.242	6.624	7.812	13.854	18.700
04/09/1994	0.000	6.572	7.917	13.854	25.600
05/09/1994	0.000	6.339	7.917	13.542	29.200
06/09/1994	0.000	6.806	6.979	13.479	18.200
07/09/1994	0.000	7.911	7.521	15.333	16.700
08/09/1994	0.000	7.504	7.417	14.708	18.450
09/09/1994	0.000	7.125	7.375	14.167	18.820
10/09/1994	0.000	6.936	6.854	13.542	18.200
11/09/1994	0.000	7.424	7.688	14.771	12.200
12/09/1994	0.000	7.489	7.479	14.708	13.000
13/09/1994	0.000	7.993	7.229	15.208	15.650
14/09/1994	0.000	8.759	7.729	16.562	14.800
15/09/1994	0.000	8.305	7.458	15.771	12.800
16/09/1994	0.000	6.625	8.479	14.271	23.200
17/09/1994	0.000	6.091	8.417	13.542	17.000
18/09/1994	0.000	7.679	8.229	15.458	23.540
19/09/1994	0.000	7.624	8.333	15.458	17.450
20/09/1994	0.000	7.711	8.354	15.583	17.050
21/09/1994	9.031	9.939	7.396	17.896	40.670
22/09/1994	8.199	8.146	8.042	15.938	11.300
23/09/1994	53.411	8.199	9.542	17.042	11.150
24/09/1994	11.634	7.534	9.646	16.271	22.500
25/09/1994	0.000	7.757	9.333	16.333	19.950
26/09/1994	4.011	5.382	8.833	12.979	31.180
27/09/1994	0.000	6.711	7.875	13.938	44.330
28/09/1994	25.939	7.346	7.396	14.438	45.980
29/09/1994	0.000	8.439	7.792	16.167	45.980
30/09/1994	5.934	7.745	8.958	16.062	27.350
01/10/1994	8.456	7.011	7.979	14.417	13.800
02/10/1994	6.443	6.096	7.979	13.229	11.900
03/10/1994	0.000	5.998	7.812	12.979	15.600
04/10/1994	5.619	7.659	7.146	14.708	14.600
05/10/1994	0.000	7.994	6.771	14.917	13.800
06/10/1994	0.000	7.331	7.104	14.250	11.600
07/10/1994	0.000	7.295	7.792	14.688	10.850
08/10/1994	33.298	7.945	8.042	15.729	50.100
09/10/1994	5.421	7.468	9.104	15.854	15.000
10/10/1994	29.383	7.902	7.979	15.646	14.700
11/10/1994	0.000	8.248	8.667	16.583	13.800
12/10/1994	9.016	7.334	8.729	15.438	15.200
13/10/1994	17.439	6.495	8.667	14.312	30.600
14/10/1994	2.814	5.853	7.979	12.979	16.700
15/10/1994	18.998	6.616	7.104	13.354	30.600
16/10/1994	0.000	9.615	7.167	17.479	19.700
17/10/1994	10.263	8.241	7.729	16.000	14.950
18/10/1994	10.275	4.216	9.333	12.104	23.760
19/10/1994	12.052	6.205	9.125	14.333	24.320
20/10/1994	13.252	8.756	7.917	16.854	21.720
21/10/1994	0.000	9.354	8.292	17.917	12.600
22/10/1994	7.165	8.155	9.875	17.417	13.900
23/10/1994	0.000	6.079	9.479	14.479	13.200
24/10/1994	25.448	7.273	8.229	15.125	19.950
25/10/1994	8.201	6.585	9.625	15.250	16.700
26/10/1994	0.000	8.896	8.354	17.417	13.600
27/10/1994	10.574	8.376	8.812	17.042	11.600
28/10/1994	2.091	8.533	8.667	17.167	10.250
29/10/1994	0.759	7.483	9.979	16.708	10.100
30/10/1994	7.982	8.043	7.875	16.000	9.500
31/10/1994	5.711	7.633	7.667	15.312	9.200
01/11/1994	10.687	6.553	7.958	14.062	39.740
02/11/1994	0.000	5.458	7.833	12.521	17.050
03/11/1994	0.000	7.438	7.146	14.729	12.550
04/11/1994	17.732	7.042	8.792	15.354	14.200
05/11/1994	24.011	5.593	8.083	12.917	18.200
06/11/1994	10.326	6.512	7.979	14.083	18.950
07/11/1994	0.000	6.715	8.479	14.729	22.550
08/11/1994	0.916	7.289	7.708	14.979	15.400
09/11/1994	2.421	6.998	8.083	14.854	13.800
10/11/1994	2.388	8.695	7.292	16.688	11.900
11/11/1994	1.260	6.496	7.812	14.000	42.000
12/11/1994	0.000	7.723	6.729	14.979	35.970
13/11/1994	0.608	7.743	7.688	15.667	12.600
14/11/1994	11.381	7.420	7.688	15.229	10.550
15/11/1994	0.849	7.525	8.000	15.604	9.350
16/11/1994	4.528	8.755	8.354	17.562	9.350
17/11/1994	0.000	7.735	8.354	16.167	9.100
19/11/1994	14.419	7.723	8.917	16.562	10.850
20/11/1994	0.000	7.619	9.104	16.562	13.000
21/11/1994	0.000	7.000	8.958	15.625	12.300
22/11/1994	13.433	5.787	9.062	14.083	14.600
23/11/1994	10.752	4.865	8.562	12.500	22.500
24/11/1994	5.097	6.446	8.375	14.479	18.200
25/11/1994	0.000	5.398	8.938	13.500	28.400
26/11/1994	2.908	6.965	8.979	15.646	23.950
27/11/1994	0.000	5.924	9.042	14.292	19.700
28/11/1994	8.051	6.415	8.812	14.792	17.450
29/11/1994	0.000	7.043	7.750	14.917	17.200
30/11/1994	30.327	7.003	7.188	14.479	14.450
01/12/1994	11.011	6.112	8.521	14.188	11.300
02/12/1994	11.535	7.721	8.500	16.417	11.450
03/12/1994	7.013	7.685	8.625	16.458	14.200
04/12/1994	6.003	7.306	8.625	15.938	17.500
05/12/1994	0.000	7.618	8.312	16.167	14.200
06/12/1994	0.000	7.254	8.500	15.792	10.400
07/12/1994	0.000	5.518	9.042	13.812	9.800
08/12/1994	20.824	6.678	8.562	15.042	58.450
09/12/1994	0.000	6.720	8.562	15.104	15.800
10/12/1994	0.000	7.240	8.229	15.604	15.200
11/12/1994	0.000	6.950	8.625	15.479	23.350
12/12/1994	0.000	6.971	7.688	14.854	14.400
13/12/1994	0.000	8.034	8.521	16.938	11.850
14/12/1994	28.818	7.082	9.146	16.042	11.750
15/12/1994	13.689	6.841	9.604	16.042	16.550
16/12/1994	0.000	7.017	8.562	15.542	20.000
17/12/1994	0.000	7.355	8.688	16.104	11.600
18/12/1994	0.000	6.873	8.667	15.417	12.000
19/12/1994	0.000	6.053	8.771	14.354	11.000
20/12/1994	0.000	6.100	8.938	14.542	11.450
21/12/1994	20.304	7.019	9.000	15.854	15.700
22/12/1994	18.214	6.797	9.083	15.604	19.720
23/12/1994	33.323	6.031	9.979	15.229	15.200
24/12/1994	0.000	8.462	8.833	17.750	15.000
25/12/1994	0.000	6.867	8.958	15.604	18.700
26/12/1994	0.000	6.511	9.208	15.292	14.200
27/12/1994	0.000	6.879	9.292	15.854	9.950
28/12/1994	0.000	8.445	9.083	17.875	9.200
29/12/1994	0.000	6.199	9.458	15.042	8.900
30/12/1994	0.000	7.556	9.229	16.729	9.400
31/12/1994	0.000	7.633	7.625	15.729	8.800
01/01/1995	0.000	6.318	8.667	14.604	8.320
02/01/1995	0.000	7.641	9.062	16.708	8.100
03/01/1995	0.000	7.307	8.396	15.771	7.440
04/01/1995	0.000	8.088	8.354	16.833	7.220
05/01/1995	5.454	8.596	7.979	17.292	7.000
06/01/1995	0.000	7.868	7.729	16.083	6.930
07/01/1995	0.000	8.875	7.562	17.396	9.360
08/01/1995	7.484	8.859	8.292	17.833	7.000
09/01/1995	14.431	8.121	9.167	17.375	7.220
10/01/1995	0.000	5.702	8.729	13.750	7.000
11/01/1995	0.000	7.673	8.521	16.292	7.000
12/01/1995	0.000	5.829	9.188	14.250	6.860
13/01/1995	0.529	6.505	8.104	14.354	8.100
14/01/1995	0.000	8.604	6.458	16.208	7.000
15/01/1995	0.000	8.873	5.667	16.083	7.330
16/01/1995	0.000	6.474	7.458	13.812	7.330
17/01/1995	0.000	6.560	7.917	14.250	7.220
18/01/1995	0.000	6.521	7.979	14.229	6.860
19/01/1995	2.914	7.436	7.396	15.083	9.220
20/01/1995	0.000	6.009	8.167	13.646	11.720
21/01/1995	0.000	5.797	7.646	12.958	15.230
22/01/1995	9.680	4.729	7.958	11.771	16.980
23/01/1995	17.317	7.047	7.479	14.542	13.480
24/01/1995	0.000	6.447	7.354	13.604	8.760
25/01/1995	0.000	7.424	7.396	14.979	8.100
26/01/1995	0.000	7.079	8.604	15.333	7.770
27/01/1995	0.000	5.806	9.562	14.354	7.550
28/01/1995	0.000	6.014	8.979	14.167	6.930
29/01/1995	2.257	7.599	7.833	15.458	6.860
30/01/1995	2.096	7.944	8.104	16.104	6.720
31/01/1995	0.000	7.839	8.854	16.458	6.090
01/02/1995	4.233	7.585	8.500	15.854	7.000
02/02/1995	0.000	9.496	8.104	18.167	6.930
03/02/1995	0.000	9.690	7.125	17.792	6.720
04/02/1995	11.587	8.675	7.417	16.562	6.790
05/02/1995	19.139	5.372	9.812	13.917	6.860
06/02/1995	31.256	6.563	9.292	15.000	6.790
07/02/1995	0.000	8.515	8.271	16.854	6.720
08/02/1995	0.000	10.019	7.667	18.479	6.580
09/02/1995	0.000	9.661	6.812	17.438	6.370
10/02/1995	0.000	8.573	7.125	16.125	6.440
11/02/1995	0.000	9.277	5.854	16.271	6.160
12/02/1995	0.000	9.008	7.000	16.604	10.240
13/02/1995	0.000	8.357	8.667	16.812	6.440
14/02/1995	0.000	9.316	7.375	17.229	7.340
15/02/1995	0.000	8.792	6.500	15.938	6.580
16/02/1995	0.000	9.635	5.667	16.562	6.090
17/02/1995	0.000	10.267	6.562	17.958	5.740
18/02/1995	0.000	9.143	7.354	16.917	6.300
19/02/1995	0.000	7.899	7.854	15.562	6.160
20/02/1995	23.983	9.395	8.167	17.750	6.090
21/02/1995	0.000	5.774	8.979	13.604	6.720
22/02/1995	0.000	7.934	8.750	16.188	7.130
23/02/1995	0.000	9.758	7.750	17.917	6.790
24/02/1995	0.000	8.037	8.438	16.083	6.790
25/02/1995	0.000	7.183	9.104	15.438	7.330
26/02/1995	8.903	7.884	9.083	16.312	6.860
27/02/1995	0.000	7.657	8.979	15.938	6.520
28/02/1995	3.220	6.209	8.667	13.854	7.880
01/03/1995	0.676	7.359	9.188	15.688	6.860
02/03/1995	9.095	6.219	8.917	14.042	14.470
03/03/1995	0.000	6.670	8.667	14.417	28.850
04/03/1995	8.078	5.913	9.021	13.729	17.580
05/03/1995	11.127	6.614	9.312	14.812	14.660
06/03/1995	7.644	7.212	8.979	15.312	11.640
07/03/1995	9.692	6.801	8.812	14.667	8.100
08/03/1995	10.322	7.907	8.979	16.188	13.520
09/03/1995	9.060	7.140	9.042	15.250	21.420
10/03/1995	4.794	7.834	9.479	16.438	17.340
11/03/1995	0.000	5.004	9.854	13.292	24.990
12/03/1995	13.279	6.569	9.542	14.896	13.340
13/03/1995	0.000	10.163	8.854	18.979	15.220
14/03/1995	0.000	10.164	7.979	18.417	9.720
15/03/1995	0.000	10.858	8.042	19.354	7.240
16/03/1995	0.000	8.909	8.417	17.062	6.930
17/03/1995	9.943	7.919	8.646	15.938	9.080
18/03/1995	6.096	6.455	8.521	13.979	6.720
19/03/1995	7.864	8.716	9.312	17.417	6.650
20/03/1995	2.815	8.752	9.062	17.292	6.650
21/03/1995	5.012	7.429	8.917	15.500	6.720
22/03/1995	4.385	8.086	8.875	16.312	7.820
23/03/1995	13.173	6.093	9.438	14.229	7.770
24/03/1995	1.951	7.721	9.354	16.188	7.440
25/03/1995	12.653	6.457	9.042	14.375	8.320
26/03/1995	12.014	7.981	8.875	16.188	10.380
27/03/1995	0.000	7.843	8.708	15.896	7.880
28/03/1995	0.000	7.213	8.667	15.062	7.220
29/03/1995	0.000	7.264	8.917	15.312	6.790
30/03/1995	0.000	7.414	8.292	15.062	6.580
31/03/1995	0.000	7.598	7.854	15.000	6.300
01/04/1995	0.000	7.981	9.250	16.479	6.020
02/04/1995	2.552	8.397	8.375	16.417	6.160
03/04/1995	14.191	7.158	8.979	15.250	6.510
04/04/1995	0.000	6.594	8.750	14.375	6.510
05/04/1995	0.000	6.896	8.958	14.917	6.230
06/04/1995	0.000	8.200	9.062	16.667	6.790
07/04/1995	0.000	9.118	9.083	17.875	7.080
08/04/1995	2.298	8.064	9.375	16.729	7.770
09/04/1995	10.485	8.644	9.458	17.542	8.870
10/04/1995	14.984	7.355	9.562	15.979	7.440
11/04/1995	12.311	7.738	8.771	15.917	6.650
12/04/1995	16.241	7.640	9.812	16.542	6.440
13/04/1995	8.600	7.784	9.188	16.292	7.370
14/04/1995	15.006	5.709	10.312	14.562	6.650
15/04/1995	5.852	5.822	9.250	13.875	8.430
16/04/1995	29.427	7.264	9.375	15.792	59.100
17/04/1995	0.000	5.950	8.250	13.292	49.350
18/04/1995	18.237	6.539	9.125	14.708	21.330
19/04/1995	11.164	6.980	9.250	15.375	21.050
20/04/1995	0.000	6.614	9.250	14.917	13.900
21/04/1995	8.317	5.664	9.188	13.688	19.560
22/04/1995	13.551	4.699	9.500	12.792	40.540
23/04/1995	9.116	7.770	8.125	15.667	40.540
24/04/1995	0.000	6.440	8.583	14.250	30.780
25/04/1995	0.000	6.672	7.979	14.125	28.170
26/04/1995	0.000	6.924	8.188	14.625	18.150
27/04/1995	0.000	7.575	8.771	15.917	63.060
28/04/1995	7.611	8.043	8.479	16.354	18.680
29/04/1995	9.711	7.447	8.792	15.792	15.230
30/04/1995	26.489	6.555	9.375	15.062	26.950
01/05/1995	11.094	6.429	9.604	15.083	20.580
02/05/1995	5.405	6.828	8.938	15.125	26.470
03/05/1995	3.884	7.414	8.375	15.521	17.680
04/05/1995	4.264	5.961	9.542	14.479	13.430
05/05/1995	7.157	9.331	8.458	18.208	10.740
06/05/1995	13.151	5.990	10.625	15.375	19.380
07/05/1995	1.531	8.192	9.688	17.542	15.420
08/05/1995	0.000	7.706	9.125	16.521	11.580
09/05/1995	23.774	6.509	9.458	15.188	11.440
10/05/1995	0.000	6.688	9.375	15.375	21.400
11/05/1995	0.000	7.323	8.458	15.583	13.900
12/05/1995	0.000	6.391	10.250	15.667	14.660
13/05/1995	26.689	5.371	9.083	13.479	23.000
14/05/1995	0.000	6.278	8.854	14.500	30.500
15/05/1995	0.000	8.038	8.812	16.875	23.010
16/05/1995	0.000	6.680	8.500	14.812	22.910
17/05/1995	0.000	6.845	8.604	15.125	13.900
18/05/1995	0.000	5.190	9.104	13.312	15.070
19/05/1995	0.000	6.652	8.292	14.667	17.210
20/05/1995	0.000	8.248	8.042	16.729	12.950
21/05/1995	9.654	6.547	9.000	15.062	12.250
22/05/1995	8.019	5.025	8.792	12.896	16.250
23/05/1995	15.514	7.296	8.125	15.500	12.580
24/05/1995	0.000	5.406	8.229	12.979	12.530
25/05/1995	0.000	6.373	8.146	14.250	13.330
26/05/1995	0.000	5.889	8.188	13.625	15.420
27/05/1995	0.000	6.123	8.417	14.125	13.900
28/05/1995	0.000	6.964	8.250	15.188	10.040
29/05/1995	0.000	6.772	8.729	15.271	8.980
30/05/1995	0.000	5.816	8.604	13.875	8.980
31/05/1995	0.000	7.808	7.729	16.062	10.740
01/06/1995	17.993	7.271	8.729	16.000	9.820
02/06/1995	0.000	5.487	9.125	13.854	8.210
03/06/1995	0.000	6.755	8.979	15.479	8.980
04/06/1995	0.000	7.703	9.104	16.896	8.430
05/06/1995	18.404	5.497	8.917	13.729	7.110
06/06/1995	27.241	7.227	8.958	16.146	9.900
07/06/1995	2.819	7.141	9.292	16.271	18.150
08/06/1995	28.595	5.503	9.958	14.562	33.630
09/06/1995	0.000	6.058	9.229	14.750	27.500
10/06/1995	0.000	7.301	8.729	16.125	10.880
11/06/1995	0.000	7.391	8.750	16.271	8.650
12/06/1995	0.000	6.278	8.854	14.792	8.100
13/06/1995	0.000	6.319	8.771	14.792	8.430
14/06/1995	0.000	6.148	8.521	14.375	8.540
15/06/1995	0.000	7.666	8.604	16.583	9.150
16/06/1995	0.000	6.564	9.375	15.583	8.320
17/06/1995	0.000	7.204	9.792	16.771	8.980
18/06/1995	0.000	6.396	9.792	15.667	11.840
19/06/1995	0.000	5.270	8.833	13.417	37.970
20/06/1995	0.000	5.651	8.917	14.000	30.630
21/06/1995	0.000	7.083	9.104	16.125	18.150
22/06/1995	4.864	6.285	8.833	14.812	37.250
23/06/1995	19.751	7.793	7.938	16.333	40.170
24/06/1995	14.720	5.248	8.542	13.167	32.220
25/06/1995	0.000	6.089	8.438	14.250	19.520
26/06/1995	0.000	6.141	9.104	14.812	14.850
27/06/1995	0.000	6.245	8.312	14.375	37.920
28/06/1995	0.000	6.297	8.646	14.688	12.680
29/06/1995	0.000	6.152	8.979	14.729	12.250
30/06/1995	12.206	4.906	8.396	12.583	35.580
01/07/1995	0.000	6.196	8.021	14.083	26.900
02/07/1995	0.000	6.694	7.854	14.667	18.150
03/07/1995	0.000	5.427	7.667	12.729	12.000
04/07/1995	0.000	4.910	8.271	12.479	46.830
05/07/1995	0.000	4.767	8.417	12.396	22.550
06/07/1995	0.000	5.886	8.729	14.146	14.850
07/07/1995	0.000	6.805	6.792	14.062	16.800
08/07/1995	0.000	6.424	7.417	13.938	16.980
09/07/1995	0.000	5.424	7.354	12.458	19.520
10/07/1995	0.000	6.237	6.729	13.167	16.780
11/07/1995	0.000	5.943	7.792	13.500	12.380
12/07/1995	0.000	6.720	8.042	14.771	11.160
13/07/1995	0.000	7.748	7.583	15.917	10.320
14/07/1995	3.701	6.197	7.792	13.833	9.340
15/07/1995	0.509	6.981	7.792	14.938	9.200
16/07/1995	8.175	6.082	9.167	14.667	22.190
17/07/1995	41.708	6.261	8.479	14.396	22.420
18/07/1995	0.000	5.974	8.375	13.917	14.850
19/07/1995	0.000	7.038	8.125	15.208	11.720
20/07/1995	7.101	5.167	8.708	13.062	24.630
21/07/1995	27.904	6.312	8.438	14.396	14.850
22/07/1995	0.000	6.407	8.271	14.396	35.250
23/07/1995	0.000	7.449	7.479	15.292	21.880
24/07/1995	0.000	7.957	8.375	16.604	18.620
25/07/1995	0.000	7.855	9.125	16.958	22.550
26/07/1995	19.126	6.990	8.292	15.167	22.510
27/07/1995	0.000	5.977	9.250	14.479	28.100
28/07/1995	10.633	7.343	7.646	15.188	19.520
29/07/1995	11.443	6.824	9.188	15.542	24.510
30/07/1995	0.000	8.164	8.083	16.604	18.150
31/07/1995	9.455	7.680	8.271	16.042	13.140
01/08/1995	0.000	6.135	8.375	13.979	10.880
02/08/1995	2.497	6.144	8.458	14.042	10.880
03/08/1995	1.886	7.422	8.521	15.812	14.850
04/08/1995	0.000	7.259	8.562	15.604	13.480
05/08/1995	0.000	7.151	8.438	15.354	11.020
06/08/1995	0.000	6.475	7.708	13.896	9.480
07/08/1995	0.000	7.024	7.750	14.667	8.870
08/08/1995	0.000	6.867	7.604	14.333	38.970
09/08/1995	0.000	8.351	7.542	16.333	17.490
10/08/1995	4.937	7.858	7.958	15.917	11.160
11/08/1995	0.446	7.012	8.208	14.917	10.320
12/08/1995	0.000	7.624	8.500	15.938	11.860
13/08/1995	14.804	7.095	8.646	15.312	12.950
14/08/1995	0.000	7.655	8.271	15.792	12.430
15/08/1995	2.589	9.870	7.458	18.271	9.770
16/08/1995	3.149	7.022	8.896	15.354	15.420
17/08/1995	0.000	6.725	8.708	14.812	10.740
18/08/1995	0.000	6.640	9.021	14.917	11.300
19/08/1995	0.000	7.319	8.042	15.104	11.160
20/08/1995	23.394	5.687	8.062	12.938	22.310
21/08/1995	0.000	7.719	7.104	14.979	15.310
22/08/1995	0.415	9.002	7.583	17.042	9.900
23/08/1995	0.000	8.447	7.708	16.354	12.120
24/08/1995	0.000	7.785	7.521	15.312	11.930
25/08/1995	0.000	8.411	7.042	15.833	7.550
26/08/1995	5.743	6.301	8.521	14.021	6.510
27/08/1995	0.000	7.847	7.792	15.542	7.560
28/08/1995	0.000	7.544	8.333	15.500	7.000
29/08/1995	0.000	7.091	8.021	14.667	7.550
30/08/1995	0.000	8.203	8.333	16.354	7.220
31/08/1995	0.939	6.948	8.917	15.104	7.110
01/09/1995	0.000	6.851	7.542	13.979	8.320
02/09/1995	0.000	7.064	7.417	14.167	16.030
03/09/1995	0.000	7.175	7.188	14.146	16.980
04/09/1995	0.000	7.217	6.271	13.562	14.470
05/09/1995	0.000	6.877	6.833	13.479	8.980
06/09/1995	0.000	6.901	6.708	13.417	10.040
07/09/1995	0.000	7.657	7.104	14.708	10.320
08/09/1995	0.000	7.381	8.542	15.333	8.430
09/09/1995	0.000	6.533	8.542	14.229	10.600
10/09/1995	1.644	7.855	8.833	16.146	10.180
11/09/1995	0.000	8.047	8.208	15.958	10.320
12/09/1995	19.958	7.724	8.917	16.021	16.640
13/09/1995	0.000	8.212	8.729	16.521	10.740
14/09/1995	1.349	6.794	8.542	14.542	18.620
15/09/1995	5.780	6.506	8.792	14.354	18.150
16/09/1995	0.000	6.509	7.917	13.708	17.300
17/09/1995	0.000	7.636	8.250	15.417	10.600
18/09/1995	0.000	7.459	7.417	14.604	8.760
19/09/1995	0.000	8.379	7.979	16.208	7.990
20/09/1995	0.000	7.585	8.500	15.521	7.770
21/09/1995	0.000	7.470	8.625	15.458	8.760
22/09/1995	0.000	8.225	8.500	16.354	8.650
23/09/1995	0.000	8.570	8.479	16.792	12.780
24/09/1995	0.000	8.336	7.417	15.771	9.240
25/09/1995	0.000	7.307	8.042	14.833	7.990
26/09/1995	3.391	8.970	8.438	17.292	7.660
27/09/1995	0.000	9.520	8.188	17.854	7.550
28/09/1995	19.425	8.770	8.542	17.104	11.920
29/09/1995	0.000	8.280	9.229	16.938	8.650
30/09/1995	21.880	6.384	9.167	14.479	11.950
01/10/1995	19.129	5.165	7.917	12.000	55.400
02/10/1995	0.000	7.209	7.667	14.458	17.390
03/10/1995	0.000	7.725	7.479	15.021	15.070
04/10/1995	0.000	9.868	6.917	17.542	9.900
05/10/1995	0.862	7.281	8.542	15.188	9.090
06/10/1995	6.920	8.723	8.542	17.083	8.870
07/10/1995	0.000	7.528	8.542	15.521	8.100
08/10/1995	3.842	5.827	9.750	14.271	7.990
09/10/1995	34.247	5.449	9.792	13.854	8.320
10/10/1995	0.000	4.621	9.229	12.438	8.430
11/10/1995	17.645	6.710	8.479	14.438	9.900
12/10/1995	4.116	7.998	8.312	16.021	8.980
13/10/1995	24.662	9.438	9.042	18.417	10.180
14/10/1995	8.222	6.972	9.354	15.438	11.020
15/10/1995	1.245	7.453	8.854	15.708	11.300
16/10/1995	13.135	7.588	8.292	15.500	15.070
17/10/1995	1.372	5.536	8.479	12.979	25.250
18/10/1995	0.000	6.455	7.917	13.750	15.070
19/10/1995	2.874	6.887	7.917	14.333	11.020
20/10/1995	0.000	7.661	8.479	15.771	11.720
21/10/1995	0.000	6.135	8.667	13.917	8.800
22/10/1995	23.732	5.959	7.792	13.042	15.310
23/10/1995	3.164	6.862	8.542	14.792	9.620
24/10/1995	0.000	8.748	8.604	17.354	21.450
25/10/1995	0.000	6.282	8.417	13.958	12.860
26/10/1995	0.000	5.751	8.104	13.042	12.440
27/10/1995	1.719	6.769	7.667	14.083	14.470
28/10/1995	0.000	6.276	7.562	13.354	12.000
29/10/1995	0.000	6.257	7.667	13.417	9.480
30/10/1995	0.000	6.876	8.229	14.667	8.210
31/10/1995	1.719	5.843	8.542	13.542	10.760
01/11/1995	0.773	6.080	8.083	13.521	12.060
02/11/1995	0.000	7.194	7.771	14.812	9.900
03/11/1995	4.913	6.389	8.542	14.292	8.980
04/11/1995	10.526	5.502	8.521	13.125	12.400
05/11/1995	16.009	4.829	8.562	12.312	12.970
06/11/1995	0.000	6.449	7.958	13.979	40.600
07/11/1995	0.000	6.231	7.688	13.500	10.480
08/11/1995	0.000	6.288	7.938	13.771	15.800
09/11/1995	0.000	7.139	8.604	15.417	13.240
10/11/1995	0.000	6.464	7.917	14.021	12.680
11/11/1995	0.000	6.550	7.854	14.104	13.900
12/11/1995	0.000	6.502	7.583	13.854	13.480
13/11/1995	0.000	6.036	8.438	13.854	11.720
14/11/1995	1.101	6.326	7.250	13.396	10.180
15/11/1995	35.514	7.179	8.417	15.417	14.660
16/11/1995	31.345	7.296	8.167	15.417	8.980
17/11/1995	19.406	7.316	8.021	15.354	8.210
18/11/1995	7.369	7.079	7.938	14.979	8.210
19/11/1995	11.627	7.856	8.438	16.417	8.980
20/11/1995	7.105	7.611	8.521	16.146	23.250
21/11/1995	3.091	6.762	8.854	15.229	12.770
22/11/1995	6.779	8.451	8.979	17.646	10.880
23/11/1995	23.824	8.281	7.562	16.479	18.620
24/11/1995	0.000	7.504	9.229	16.542	12.280
25/11/1995	0.000	7.870	9.062	16.938	8.980
26/11/1995	0.000	8.043	9.729	17.646	8.650
27/11/1995	5.693	9.055	9.167	18.667	8.430
28/11/1995	0.000	6.560	8.625	14.854	7.880
29/11/1995	9.982	5.721	8.854	13.896	7.330
30/11/1995	0.000	7.436	8.979	16.333	7.220
01/12/1995	0.000	6.930	9.792	16.229	6.790
02/12/1995	7.537	6.386	9.417	15.229	6.860
03/12/1995	4.760	7.468	9.000	16.417	6.720
04/12/1995	0.886	6.993	8.562	15.458	7.220
05/12/1995	7.089	7.406	8.833	16.229	7.000
06/12/1995	0.000	8.277	8.438	17.188	7.110
07/12/1995	0.000	6.168	9.438	14.979	6.720
08/12/1995	0.000	8.130	8.042	16.729	6.580
09/12/1995	0.000	6.569	8.333	14.729	6.860
10/12/1995	1.855	6.060	9.083	14.583	6.510
11/12/1995	9.025	7.670	8.583	16.458	6.860
12/12/1995	2.729	7.843	7.875	16.229	12.210
13/12/1995	6.423	6.868	8.979	15.625	9.120
14/12/1995	16.221	6.662	9.083	15.417	8.210
15/12/1995	10.468	6.553	9.000	15.208	9.760
16/12/1995	1.417	7.455	8.938	16.417	9.790
17/12/1995	0.000	5.987	8.833	14.312	7.220
18/12/1995	0.000	5.689	8.625	13.750	7.110
19/12/1995	15.586	6.655	8.396	14.917	6.940
20/12/1995	0.000	7.586	6.917	15.229	6.510
21/12/1995	0.000	6.340	7.854	14.083	6.720
22/12/1995	22.998	6.832	7.750	14.708	8.430
23/12/1995	0.000	6.702	7.958	14.667	7.990
24/12/1995	18.451	7.196	7.729	15.208	10.460
25/12/1995	0.000	5.707	8.188	13.438	10.320
26/12/1995	0.000	6.466	7.854	14.250	15.880
27/12/1995	0.000	5.814	8.167	13.562	12.910
28/12/1995	0.927	7.821	8.125	16.354	8.430
29/12/1995	4.171	7.549	7.875	15.792	7.660
30/12/1995	0.000	6.657	7.792	14.458	6.930
31/12/1995	0.000	8.026	8.250	16.708	6.860
01/01/1996	0.000	7.988	6.833	15.708	8.020
02/01/1996	0.000	7.462	7.792	15.583	8.020
03/01/1996	0.000	6.792	8.646	15.229	8.400
04/01/1996	0.000	6.727	8.604	15.104	9.040
05/01/1996	0.000	6.231	8.271	14.167	8.530
06/01/1996	0.000	5.848	7.979	13.417	12.430
07/01/1996	0.000	7.580	6.896	15.104	9.040
08/01/1996	0.000	8.324	6.479	15.896	8.150
09/01/1996	0.000	6.636	7.792	14.354	7.770
10/01/1996	6.372	7.643	6.875	15.146	7.270
11/01/1996	0.000	7.757	7.583	15.771	7.140
12/01/1996	0.000	6.899	8.229	15.000	7.270
13/01/1996	10.417	6.598	8.792	14.979	8.280
14/01/1996	11.913	7.024	7.958	14.958	7.010
15/01/1996	5.402	6.810	8.917	15.333	7.390
16/01/1996	17.516	7.332	8.542	15.771	7.520
17/01/1996	13.245	4.851	9.042	12.833	7.520
18/01/1996	0.000	6.713	7.958	14.479	7.900
19/01/1996	0.000	5.694	8.167	13.229	7.770
20/01/1996	3.579	6.758	6.750	13.667	8.150
21/01/1996	0.000	5.700	8.708	13.625	30.240
22/01/1996	14.956	4.909	8.771	12.646	10.300
23/01/1996	0.000	7.424	6.333	14.292	10.180
24/01/1996	0.000	6.173	8.583	14.125	9.540
25/01/1996	38.554	5.862	8.729	13.812	9.920
26/01/1996	0.000	6.360	8.417	14.229	18.340
27/01/1996	0.000	7.310	8.271	15.396	10.810
28/01/1996	5.337	6.663	8.667	14.792	9.920
29/01/1996	6.163	7.616	8.729	16.104	13.370
30/01/1996	14.464	7.666	7.167	15.083	13.990
31/01/1996	7.970	6.299	7.417	13.354	14.610
01/02/1996	0.000	5.490	7.500	12.312	11.190
02/02/1996	0.000	5.325	7.854	12.354	11.440
03/02/1996	7.225	7.112	7.438	14.438	13.060
04/02/1996	13.195	7.322	8.000	15.104	13.530
05/02/1996	4.264	5.918	8.000	13.208	16.480
06/02/1996	0.967	5.577	8.542	13.167	15.700
07/02/1996	7.650	7.068	7.604	14.438	19.210
08/02/1996	4.773	6.018	8.896	13.979	16.170
09/02/1996	11.122	7.018	8.062	14.667	16.630
10/02/1996	14.761	6.311	8.167	13.792	17.040
11/02/1996	6.794	5.537	8.917	13.354	20.640
12/02/1996	1.278	6.778	8.417	14.562	18.960
13/02/1996	6.068	6.056	7.062	12.604	20.270
14/02/1996	3.552	5.363	7.542	12.042	19.900
15/02/1996	11.902	6.382	6.917	12.917	19.000
16/02/1996	7.265	7.167	7.854	14.625	14.610
17/02/1996	1.123	6.854	7.375	13.854	11.820
18/02/1996	24.047	6.165	8.292	13.604	38.930
19/02/1996	0.000	7.282	8.312	15.062	13.530
20/02/1996	0.270	7.539	8.646	15.625	11.190
21/02/1996	14.383	7.402	8.417	15.271	10.930
22/02/1996	9.882	5.385	8.667	12.875	11.570
23/02/1996	0.000	8.011	9.042	16.479	10.930
24/02/1996	0.000	7.088	7.604	14.250	10.810
25/02/1996	0.000	5.554	6.792	11.625	10.680
26/02/1996	9.801	5.034	8.375	12.188	10.680
27/02/1996	8.183	5.961	7.854	12.938	10.430
28/02/1996	0.000	6.066	7.938	13.125	10.680
29/02/1996	0.000	7.408	7.750	14.729	11.570
01/03/1996	0.000	6.382	8.729	14.104	11.440
02/03/1996	0.000	6.680	8.479	14.292	14.420
03/03/1996	0.000	6.155	8.792	13.854	19.430
04/03/1996	23.000	7.780	8.917	16.000	17.600
05/03/1996	20.011	5.928	9.250	13.917	13.060
06/03/1996	9.296	6.568	9.292	14.729	15.550
07/03/1996	0.000	6.347	8.917	14.167	20.830
08/03/1996	0.000	7.879	8.979	16.146	18.280
09/03/1996	23.656	7.625	8.708	15.625	15.080
10/03/1996	0.000	5.559	8.729	13.042	12.160
11/03/1996	0.000	4.860	9.312	12.688	11.570
12/03/1996	10.598	9.010	8.271	17.104	16.010
13/03/1996	0.000	8.370	8.792	16.625	15.700
14/03/1996	1.420	7.123	8.292	14.667	11.880
15/03/1996	23.733	5.786	8.979	13.500	11.060
16/03/1996	22.430	6.367	8.833	14.104	13.060
17/03/1996	3.192	6.775	8.479	14.354	14.460
18/03/1996	0.580	9.506	8.354	17.792	13.370
19/03/1996	3.617	7.434	8.146	14.958	13.060
20/03/1996	1.117	8.070	7.729	15.500	12.910
21/03/1996	4.514	6.533	8.417	14.000	8.910
22/03/1996	5.013	4.692	8.562	11.875	13.370
23/03/1996	4.483	6.018	8.083	13.104	20.500
24/03/1996	5.048	6.065	7.417	12.667	14.930
25/03/1996	4.266	7.019	7.750	14.146	10.930
26/03/1996	2.987	6.835	8.646	14.562	9.920
27/03/1996	3.557	6.437	8.979	14.312	10.180
28/03/1996	1.932	6.403	8.583	13.979	9.290
29/03/1996	3.713	6.350	8.667	13.979	9.160
30/03/1996	6.515	7.346	8.583	15.188	9.670
31/03/1996	4.111	6.658	8.667	14.375	8.910
01/04/1996	0.000	6.565	8.562	14.188	9.420
02/04/1996	0.000	6.620	8.375	14.125	10.430
03/04/1996	19.559	5.723	8.542	13.125	18.410
04/04/1996	5.447	6.366	8.875	14.188	13.370
05/04/1996	10.279	4.971	8.625	12.292	11.570
06/04/1996	0.000	6.440	8.000	13.646	12.270
07/04/1996	0.000	6.470	7.938	13.646	10.810
08/04/1996	2.670	6.005	8.417	13.417	10.430
09/04/1996	0.000	6.755	8.062	14.125	20.660
10/04/1996	0.000	6.897	8.312	14.500	17.600
11/04/1996	26.488	6.151	9.188	14.208	17.560
12/04/1996	0.000	6.113	9.375	14.312	13.220
13/04/1996	0.000	7.139	8.417	14.917	13.060
14/04/1996	3.339	5.357	9.333	13.375	16.110
15/04/1996	0.000	7.020	8.625	14.938	15.700
16/04/1996	0.000	6.395	8.688	14.188	11.440
17/04/1996	3.245	6.696	8.229	14.250	12.810
18/04/1996	28.989	6.740	7.729	13.958	11.440
19/04/1996	0.000	5.972	8.312	13.396	11.570
20/04/1996	0.000	6.932	7.479	14.062	16.170
21/04/1996	0.000	6.121	8.500	13.750	11.570
22/04/1996	0.000	6.855	7.292	13.854	9.670
23/04/1996	0.000	5.542	8.542	13.062	9.160
24/04/1996	34.651	5.324	8.688	12.917	17.720
25/04/1996	0.000	6.581	8.042	14.062	15.080
26/04/1996	0.644	6.268	8.750	14.188	14.610
27/04/1996	2.185	6.301	8.000	13.688	12.290
28/04/1996	9.603	6.000	7.562	12.979	23.260
29/04/1996	0.612	7.027	8.000	14.688	21.760
30/04/1996	11.223	4.450	8.625	11.854	18.310
01/05/1996	0.000	5.819	8.667	13.604	25.720
02/05/1996	0.000	7.352	8.938	15.833	18.750
03/05/1996	0.456	6.754	8.312	14.604	14.770
04/05/1996	7.781	6.243	8.708	14.229	11.190
05/05/1996	10.420	6.776	9.125	15.250	14.610
06/05/1996	23.820	5.701	8.542	13.417	12.440
07/05/1996	0.415	6.255	9.500	14.875	11.570
08/05/1996	3.384	5.899	9.104	14.125	10.930
09/05/1996	0.000	5.191	8.938	13.104	13.790
10/05/1996	0.000	4.823	9.188	12.854	19.370
11/05/1996	0.000	4.866	9.188	12.917	34.000
12/05/1996	39.455	4.984	9.229	13.104	37.440
13/05/1996	0.000	6.562	8.417	14.562	19.520
14/05/1996	13.152	4.702	9.812	13.250	33.390
15/05/1996	2.584	6.244	8.542	14.250	19.520
16/05/1996	27.635	6.693	9.688	15.708	18.960
17/05/1996	0.000	7.993	9.708	17.479	15.700
18/05/1996	0.000	7.703	9.708	17.104	13.680
19/05/1996	0.000	6.760	9.396	15.625	11.690
20/05/1996	18.705	4.928	9.062	12.979	32.620
21/05/1996	0.000	7.396	8.729	16.042	21.390
22/05/1996	0.000	9.097	7.167	17.417	15.860
23/05/1996	3.530	6.583	8.104	14.500	12.910
24/05/1996	0.000	6.254	8.542	14.375	12.290
25/05/1996	0.000	6.137	7.604	13.542	11.440
26/05/1996	0.000	4.701	8.188	12.042	17.320
27/05/1996	0.000	6.064	8.000	13.750	16.790
28/05/1996	31.941	6.449	8.625	14.750	17.720
29/05/1996	0.000	5.801	7.708	13.188	16.980
30/05/1996	0.000	6.229	8.417	14.312	19.870
31/05/1996	0.000	6.795	8.812	15.396	18.470
01/06/1996	0.000	5.964	9.104	14.479	14.150
02/06/1996	0.000	5.621	8.438	13.521	18.960
03/06/1996	27.429	4.407	8.875	12.271	16.790
04/06/1996	0.000	4.884	8.333	12.458	16.700
05/06/1996	0.000	4.434	8.125	11.708	24.370
06/06/1996	0.000	5.565	7.396	12.688	15.700
07/06/1996	0.000	6.841	7.271	14.438	12.910
08/06/1996	0.000	4.876	7.708	11.979	13.370
09/06/1996	0.000	4.973	7.583	12.021	39.250
10/06/1996	0.000	6.377	7.542	13.979	34.910
11/06/1996	0.000	6.231	7.771	13.938	24.190
12/06/1996	0.000	6.357	7.917	14.229	19.060
13/06/1996	0.000	5.853	8.458	13.917	16.790
14/06/1996	0.000	6.409	8.354	14.625	17.720
15/06/1996	0.000	6.632	9.042	15.438	14.610
16/06/1996	0.000	5.463	9.500	14.188	28.840
17/06/1996	0.000	6.786	8.938	15.583	22.330
18/06/1996	17.609	5.835	9.000	14.312	19.340
19/06/1996	0.000	7.229	9.292	16.458	21.760
20/06/1996	0.000	5.602	9.167	14.125	18.660
21/06/1996	0.000	5.719	8.625	13.875	19.340
22/06/1996	0.000	5.501	8.854	13.750	16.790
23/06/1996	0.000	5.077	9.104	13.375	19.340
24/06/1996	0.000	4.536	8.917	12.521	22.140
25/06/1996	47.372	4.562	8.646	12.333	27.500
26/06/1996	20.971	6.706	7.417	14.396	19.340
27/06/1996	6.860	5.885	9.688	14.896	28.080
28/06/1996	10.564	4.697	9.625	13.292	16.010
29/06/1996	23.423	5.528	8.958	13.854	19.000
30/06/1996	0.000	3.630	8.771	11.271	35.410
01/07/1996	1.471	5.811	7.604	13.229	23.630
02/07/1996	0.000	3.689	7.729	10.458	22.510
03/07/1996	0.000	7.104	6.604	14.396	16.940
04/07/1996	0.564	6.227	7.729	13.896	16.480
05/07/1996	2.327	4.862	6.917	11.354	37.350
06/07/1996	0.000	6.180	7.604	13.729	36.430
07/07/1996	0.000	6.983	6.542	14.146	22.700
08/07/1996	15.832	8.260	6.771	16.167	15.860
09/07/1996	2.642	6.387	8.729	14.812	17.870
10/07/1996	0.000	6.064	7.583	13.521	14.610
11/07/1996	0.628	5.795	7.771	13.271	23.810
12/07/1996	0.000	5.768	7.667	13.146	76.200
13/07/1996	1.706	5.772	7.979	13.375	26.790
14/07/1996	0.000	7.267	6.854	14.708	20.210
15/07/1996	0.000	6.180	7.646	13.688	58.110
16/07/1996	1.196	6.020	7.167	13.104	64.200
17/07/1996	0.000	4.748	7.771	11.792	52.590
18/07/1996	0.000	3.948	8.146	11.062	43.580
19/07/1996	3.468	5.985	8.271	13.833	46.470
20/07/1996	1.840	6.086	8.688	14.271	69.870
21/07/1996	0.000	5.457	8.583	13.333	50.530
22/07/1996	0.602	6.185	8.167	14.000	53.890
23/07/1996	0.000	8.461	6.229	15.917	23.070
24/07/1996	0.000	8.630	6.854	16.542	15.550
25/07/1996	3.301	7.801	8.646	16.542	15.550
26/07/1996	35.713	5.541	8.583	13.396	12.600
27/07/1996	21.518	7.171	7.667	14.958	11.690
28/07/1996	4.499	5.909	8.146	13.542	10.430
29/07/1996	4.592	5.398	7.729	12.521	12.130
30/07/1996	0.662	5.191	8.125	12.542	33.640
31/07/1996	0.000	7.421	8.271	15.667	36.340
01/08/1996	0.000	6.277	8.583	14.312	35.040
02/08/1996	0.000	6.289	7.521	13.542	21.390
03/08/1996	0.000	7.345	7.583	15.042	16.010
04/08/1996	0.000	7.419	8.271	15.604	12.600
05/08/1996	0.000	7.000	8.833	15.417	11.190
06/08/1996	0.000	6.389	9.083	14.771	24.660
07/08/1996	0.000	6.225	8.833	14.354	19.160
08/08/1996	0.000	6.553	7.646	13.917	19.430
09/08/1996	22.965	7.118	7.625	14.667	14.670
10/08/1996	0.000	4.519	8.667	12.021	22.330
11/08/1996	0.000	8.123	6.229	15.104	19.210
12/08/1996	0.000	8.150	6.958	15.604	13.680
13/08/1996	0.000	8.032	6.667	15.229	11.190
14/08/1996	0.000	6.821	8.062	14.500	11.060
15/08/1996	0.000	6.198	6.854	12.771	11.690
16/08/1996	0.000	6.537	7.646	13.792	14.930
17/08/1996	6.511	7.616	6.417	14.417	13.060
18/08/1996	0.000	7.399	6.854	14.396	11.820
19/08/1996	0.000	7.268	7.229	14.458	11.060
20/08/1996	0.000	7.174	7.521	14.521	9.920
21/08/1996	0.000	7.128	7.271	14.271	9.290
22/08/1996	0.589	6.924	8.208	14.646	14.930
23/08/1996	0.000	7.187	7.938	14.792	16.480
24/08/1996	1.988	7.687	8.667	15.958	14.150
25/08/1996	28.396	8.822	8.771	17.521	13.220
26/08/1996	0.000	7.368	9.667	16.229	19.180
27/08/1996	0.000	7.384	9.479	16.104	14.610
28/08/1996	4.541	7.880	8.458	16.021	24.510
29/08/1996	29.787	5.967	8.667	13.667	13.220
30/08/1996	5.789	7.981	8.958	16.479	12.910
31/08/1996	0.000	7.773	8.646	15.979	18.410
01/09/1996	0.000	6.649	8.417	14.333	18.960
02/09/1996	0.000	7.602	8.250	15.458	17.870
03/09/1996	22.050	8.213	8.542	16.458	23.990
04/09/1996	0.000	10.191	6.792	17.958	12.220
05/09/1996	0.000	8.457	8.062	16.438	11.190
06/09/1996	0.000	7.722	7.708	15.208	19.210
07/09/1996	0.000	7.131	7.354	14.167	11.190
08/09/1996	0.000	9.922	6.667	17.479	10.300
09/09/1996	14.235	7.966	8.750	16.229	10.930
10/09/1996	0.000	6.047	8.958	13.917	9.800
11/09/1996	0.000	8.152	7.833	15.833	8.400
12/09/1996	0.000	7.053	8.042	14.521	9.290
13/09/1996	0.000	5.765	8.292	13.042	12.560
14/09/1996	0.000	7.639	8.292	15.458	10.180
15/09/1996	0.000	6.100	8.125	13.333	9.160
16/09/1996	0.000	7.246	7.729	14.542	11.310
17/09/1996	6.232	6.495	8.542	14.146	17.870
18/09/1996	0.000	8.620	7.875	16.458	11.190
19/09/1996	6.232	7.222	9.583	15.833	11.190
20/09/1996	0.000	7.545	8.396	15.396	8.020
21/09/1996	0.000	5.627	8.479	13.000	17.510
22/09/1996	0.000	5.933	8.958	13.750	12.220
23/09/1996	0.000	8.539	7.479	16.083	10.050
24/09/1996	13.778	8.007	8.333	15.958	7.390
25/09/1996	0.000	7.890	7.833	15.458	6.760
26/09/1996	3.221	5.956	8.292	13.271	11.150
27/09/1996	3.221	7.552	7.750	14.958	9.540
28/09/1996	16.566	7.865	8.354	15.792	9.920
29/09/1996	10.851	7.100	8.667	15.021	14.340
30/09/1996	0.000	5.762	8.438	13.146	18.100
01/10/1996	0.000	6.796	8.104	14.229	17.470
02/10/1996	0.000	8.114	7.417	15.500	9.420
03/10/1996	0.000	8.824	7.417	16.458	9.040
04/10/1996	8.922	6.683	8.917	14.688	14.330
05/10/1996	23.704	7.680	7.542	15.021	10.930
06/10/1996	28.464	6.712	8.479	14.417	17.100
07/10/1996	0.000	7.455	8.667	15.521	17.650
08/10/1996	5.230	6.419	9.083	14.500	18.030
09/10/1996	13.182	6.574	8.417	14.208	15.480
10/10/1996	0.000	7.520	7.500	14.812	14.460
11/10/1996	6.421	9.269	8.542	17.854	11.570
12/10/1996	0.000	8.512	9.625	17.604	11.190
13/10/1996	33.217	7.466	8.667	15.583	10.050
14/10/1996	18.299	7.738	8.229	15.646	13.370
15/10/1996	19.607	6.184	8.750	14.000	16.790
16/10/1996	0.000	5.620	8.667	13.229	38.050
17/10/1996	0.000	6.922	8.417	14.729	22.510
18/10/1996	0.000	9.416	7.917	17.729	19.150
19/10/1996	0.000	9.607	6.500	17.104	10.430
20/10/1996	27.286	7.518	8.375	15.521	27.160
21/10/1996	0.000	7.453	7.042	14.521	16.480
22/10/1996	21.233	6.070	8.479	13.708	37.100
23/10/1996	0.000	6.567	7.833	13.896	18.340
24/10/1996	0.000	8.752	8.479	17.292	11.190
25/10/1996	0.000	7.474	8.167	15.375	11.190
26/10/1996	0.000	6.833	8.792	14.979	11.960
27/10/1996	0.000	6.197	9.875	14.979	9.920
28/10/1996	17.405	6.684	8.917	14.896	12.580
29/10/1996	12.301	6.183	9.625	14.792	15.390
30/10/1996	0.000	6.122	9.083	14.312	31.040
31/10/1996	18.686	6.854	7.917	14.438	13.530
01/11/1996	0.000	7.579	7.521	15.167	9.920
02/11/1996	0.000	7.346	7.875	15.104	9.920
03/11/1996	0.000	7.765	7.375	15.354	9.040
04/11/1996	8.799	6.960	8.167	14.812	25.370
05/11/1996	0.000	7.841	8.646	16.354	10.870
06/11/1996	0.000	6.478	8.542	14.458	9.040
07/11/1996	0.000	6.670	8.375	14.604	8.660
08/11/1996	0.000	6.700	8.562	14.792	9.800
09/11/1996	0.000	7.568	8.500	15.938	10.560
10/11/1996	0.000	8.454	8.125	16.917	10.180
11/11/1996	0.000	6.631	8.292	14.542	13.840
12/11/1996	0.000	7.629	7.646	15.479	23.990
13/11/1996	9.260	7.791	7.938	15.917	16.480
14/11/1996	13.173	6.019	9.104	14.354	11.570
15/11/1996	22.259	7.686	9.104	16.604	12.600
16/11/1996	0.000	7.614	7.688	15.542	10.050
17/11/1996	0.000	9.233	8.667	18.458	10.050
18/11/1996	3.171	8.188	8.125	16.667	7.390
19/11/1996	9.375	9.889	6.250	17.896	6.760
20/11/1996	0.000	8.825	6.667	16.646	6.500
21/11/1996	0.000	7.189	7.375	14.792	7.220
22/11/1996	8.447	8.778	7.312	17.021	6.230
23/11/1996	0.000	6.650	7.833	14.375	6.230
24/11/1996	0.000	5.856	8.188	13.542	6.410
25/11/1996	0.000	5.320	8.167	12.812	5.970
26/11/1996	26.365	6.040	8.354	13.938	6.320
27/11/1996	0.000	7.240	7.812	15.229	6.230
28/11/1996	0.000	7.280	9.062	16.167	9.980
29/11/1996	37.595	5.400	8.646	13.312	13.530
30/11/1996	0.000	6.662	8.479	14.917	10.050
01/12/1996	0.000	5.956	8.438	13.917	6.890
02/12/1996	0.000	7.939	8.312	16.604	13.220
03/12/1996	16.759	7.104	9.083	15.979	8.530
04/12/1996	12.999	6.146	9.292	14.833	7.390
05/12/1996	37.711	5.958	8.958	14.333	11.190
06/12/1996	0.000	7.480	7.479	15.417	11.880
07/12/1996	0.000	6.437	8.479	14.646	8.780
08/12/1996	11.184	6.742	7.458	14.354	6.840
09/12/1996	29.458	7.074	8.083	15.271	6.500
10/12/1996	0.000	7.466	7.938	15.729	8.530
11/12/1996	41.698	5.207	8.396	12.917	9.920
12/12/1996	0.000	6.074	7.083	13.146	16.230
13/12/1996	0.000	7.475	7.812	15.667	13.370
14/12/1996	0.000	6.054	7.521	13.438	14.150
15/12/1996	0.000	5.570	7.958	13.083	20.210
16/12/1996	0.000	5.799	7.583	13.125	14.930
17/12/1996	0.000	6.687	7.208	14.125	9.920
18/12/1996	0.000	5.865	7.229	12.958	8.530
19/12/1996	0.000	6.110	6.917	13.083	13.150
20/12/1996	0.000	6.949	6.229	13.833	11.580
21/12/1996	0.000	6.068	7.667	13.562	8.910
22/12/1996	3.220	6.223	8.312	14.250	7.390
23/12/1996	0.000	5.981	7.354	13.208	7.390
24/12/1996	0.000	7.245	8.083	15.521	6.890
25/12/1996	0.000	7.179	9.146	16.167	6.410
26/12/1996	0.000	7.549	8.500	16.229	6.410
27/12/1996	0.000	6.781	9.312	15.729	7.270
28/12/1996	0.000	5.782	9.229	14.312	5.700
29/12/1996	0.000	6.575	8.562	14.896	7.900
30/12/1996	0.000	6.797	9.042	15.542	5.740
31/12/1996	0.000	5.712	9.125	14.125	13.030
01/01/1997	0.000	4.910	9.292	13.208	12.600
02/01/1997	0.000	6.016	9.229	14.604	12.910
03/01/1997	10.828	8.757	9.312	18.417	10.050
04/01/1997	0.000	7.728	8.729	16.583	8.660
05/01/1997	0.000	5.242	8.667	13.125	8.660
06/01/1997	12.866	6.161	9.729	15.146	7.390
07/01/1997	0.000	6.956	8.521	15.333	7.650
08/01/1997	1.788	8.040	8.146	16.583	10.050
09/01/1997	6.325	6.668	8.604	14.979	6.760
10/01/1997	23.415	5.208	8.792	13.146	8.660
11/01/1997	0.000	7.906	8.104	16.333	11.440
12/01/1997	0.000	7.218	8.521	15.646	9.670
13/01/1997	30.506	7.089	8.875	15.708	9.040
14/01/1997	0.000	7.964	7.854	16.208	7.900
15/01/1997	12.039	6.368	9.104	14.875	7.140
16/01/1997	0.000	7.011	8.604	15.375	8.530
17/01/1997	20.489	6.376	8.979	14.771	7.390
18/01/1997	9.732	7.358	8.708	15.896	11.060
19/01/1997	23.855	7.088	9.417	16.021	9.160
20/01/1997	20.489	5.417	9.354	13.771	18.030
21/01/1997	0.000	6.047	9.312	14.542	24.010
22/01/1997	0.000	7.479	7.646	15.271	20.830
23/01/1997	5.917	6.799	8.667	15.042	17.410
24/01/1997	6.000	6.873	8.750	15.188	18.590
25/01/1997	0.000	6.859	8.417	14.917	10.930
26/01/1997	0.000	6.424	8.042	14.042	9.160
27/01/1997	0.000	7.492	7.208	14.917	8.400
28/01/1997	3.425	6.407	8.396	14.250	9.160
29/01/1997	0.000	7.508	8.583	15.854	7.770
30/01/1997	0.000	8.110	8.479	16.583	7.270
31/01/1997	0.000	7.122	8.625	15.333	9.540
01/02/1997	0.000	6.650	7.521	13.896	12.270
02/02/1997	0.000	6.612	7.729	13.979	10.810
03/02/1997	1.590	7.232	7.646	14.750	7.270
04/02/1997	13.821	7.573	7.688	15.229	6.580
05/02/1997	2.251	6.914	7.771	14.375	5.970
06/02/1997	11.834	7.516	7.479	14.979	6.050
07/02/1997	1.090	5.999	8.333	13.542	6.050
08/02/1997	26.270	5.084	8.167	12.229	7.390
09/02/1997	0.000	6.671	6.875	13.354	9.920
10/02/1997	0.000	6.347	7.875	13.625	16.480
11/02/1997	0.000	5.173	8.062	12.229	21.760
12/02/1997	14.517	5.792	8.208	13.125	16.480
13/02/1997	0.000	6.493	6.938	13.104	14.460
14/02/1997	0.000	5.589	8.167	12.812	13.990
15/02/1997	0.000	7.182	8.042	14.792	12.440
16/02/1997	0.000	6.442	8.792	14.354	16.290
17/02/1997	0.000	8.641	8.354	16.917	12.120
18/02/1997	0.000	6.802	8.042	14.250	17.720
19/02/1997	0.000	7.197	8.292	14.938	8.570
20/02/1997	0.000	9.198	5.542	15.812	7.520
21/02/1997	0.000	8.257	7.833	16.000	5.880
22/02/1997	0.000	6.724	8.896	14.729	5.530
23/02/1997	0.000	5.546	8.958	13.292	8.910
24/02/1997	0.000	7.051	8.375	14.750	7.900
25/02/1997	26.997	5.696	8.417	13.042	12.770
26/02/1997	0.561	6.415	8.604	14.083	12.030
27/02/1997	0.000	6.753	8.312	14.292	15.670
28/02/1997	0.000	6.769	9.229	14.979	10.050
01/03/1997	0.000	8.049	7.729	15.562	7.270
02/03/1997	9.315	8.030	8.958	16.375	6.760
03/03/1997	0.696	7.049	9.604	15.583	8.280
04/03/1997	9.292	7.032	9.188	15.250	19.430
05/03/1997	14.359	6.438	7.729	13.417	9.420
06/03/1997	0.000	8.404	4.938	14.167	7.010
07/03/1997	0.000	8.625	5.354	14.729	5.610
08/03/1997	0.000	8.132	6.500	14.792	5.350
09/03/1997	0.000	5.997	8.917	13.729	5.530
10/03/1997	0.000	6.428	9.292	14.542	5.440
11/03/1997	0.000	6.430	8.458	13.917	14.150
12/03/1997	6.491	8.031	9.021	16.354	12.990
13/03/1997	0.000	6.712	9.250	14.854	21.760
14/03/1997	10.761	8.216	8.354	16.125	16.480
15/03/1997	14.796	7.643	9.750	16.375	12.490
16/03/1997	17.198	7.878	9.312	16.354	10.560
17/03/1997	20.345	6.688	9.667	15.125	10.810
18/03/1997	3.819	7.695	9.292	16.104	13.840
19/03/1997	0.000	7.527	9.438	16.000	12.910
20/03/1997	0.000	9.960	8.542	18.500	8.020
21/03/1997	5.982	7.951	8.708	16.021	8.660
22/03/1997	0.000	10.794	8.083	19.292	6.320
23/03/1997	0.000	9.460	8.854	18.062	5.880
24/03/1997	0.000	8.605	7.604	16.125	5.530
25/03/1997	0.000	8.694	9.250	17.354	5.170
26/03/1997	0.000	9.436	9.042	18.167	5.000
27/03/1997	0.000	11.239	8.271	20.000	5.000
28/03/1997	0.000	9.672	7.500	17.479	4.820
29/03/1997	28.081	7.855	8.104	15.500	6.890
30/03/1997	1.472	5.580	9.167	13.417	5.170
31/03/1997	0.000	7.133	8.354	14.750	5.080
01/04/1997	0.000	7.448	9.062	15.667	5.080
02/04/1997	7.784	8.235	8.500	16.292	7.390
03/04/1997	6.475	6.900	9.396	15.229	7.270
04/04/1997	5.359	7.230	7.229	14.104	6.140
05/04/1997	0.000	7.140	8.062	14.583	6.050
06/04/1997	0.000	6.780	8.438	14.396	6.050
07/04/1997	0.000	7.179	8.438	14.917	9.540
08/04/1997	0.000	8.154	8.396	16.167	8.660
09/04/1997	0.000	7.186	8.688	15.125	10.930
10/04/1997	0.000	7.731	8.354	15.604	11.190
11/04/1997	0.000	7.611	8.500	15.562	10.870
12/04/1997	0.000	6.431	9.500	14.792	20.480
13/04/1997	6.149	8.082	9.083	16.604	40.130
14/04/1997	22.055	5.917	8.646	13.521	12.650
15/04/1997	14.634	7.352	9.146	15.729	8.660
16/04/1997	11.953	6.935	8.750	14.917	11.060
17/04/1997	0.000	6.180	8.417	13.708	8.660
18/04/1997	0.000	6.119	8.229	13.500	16.480
19/04/1997	0.000	6.492	8.062	13.875	12.600
20/04/1997	12.251	5.990	8.750	13.750	15.700
21/04/1997	6.885	5.426	8.417	12.792	19.340
22/04/1997	10.273	7.146	7.938	14.688	12.130
23/04/1997	11.830	5.844	8.979	13.771	10.300
24/04/1997	12.892	6.059	8.854	13.958	12.650
25/04/1997	18.639	5.042	8.104	12.104	13.060
26/04/1997	0.000	7.531	8.875	15.917	22.880
27/04/1997	0.000	7.397	8.750	15.667	14.300
28/04/1997	0.000	8.073	8.875	16.667	8.400
29/04/1997	0.000	6.805	9.292	15.312	9.290
30/04/1997	10.583	6.306	8.125	13.812	9.670
01/05/1997	1.281	6.358	8.438	14.125	8.910
02/05/1997	0.000	6.110	9.188	14.375	14.670
03/05/1997	5.117	6.710	8.500	14.667	20.640
04/05/1997	0.000	5.968	8.042	13.354	60.490
05/05/1997	0.000	6.295	8.479	14.125	41.470
06/05/1997	0.000	7.742	8.146	15.854	63.510
07/05/1997	0.000	6.542	8.188	14.271	34.400
08/05/1997	0.000	6.621	8.250	14.438	21.760
09/05/1997	0.000	6.149	8.750	14.188	17.410
10/05/1997	2.028	5.705	8.812	13.667	15.860
11/05/1997	5.488	6.191	8.500	14.083	21.760
12/05/1997	5.488	7.268	8.688	15.688	20.830
13/05/1997	15.764	6.780	9.062	15.312	21.760
14/05/1997	0.000	6.742	8.625	14.958	28.240
15/05/1997	5.926	6.859	8.875	15.312	15.550
16/05/1997	0.000	6.878	8.500	15.083	11.440
17/05/1997	1.545	6.874	8.021	14.750	11.310
18/05/1997	0.000	4.865	8.729	12.604	14.800
19/05/1997	0.000	6.163	8.354	14.042	11.820
20/05/1997	8.632	4.435	8.604	11.979	28.090
21/05/1997	0.000	7.036	8.417	15.312	20.830
22/05/1997	9.513	7.835	8.479	16.479	21.020
23/05/1997	0.000	6.790	9.000	15.417	16.170
24/05/1997	25.177	6.515	8.667	14.812	13.220
25/05/1997	12.040	6.155	9.229	14.750	14.460
26/05/1997	6.831	5.817	8.292	13.604	48.840
27/05/1997	15.323	5.707	9.438	14.333	27.500
28/05/1997	59.418	6.791	8.417	15.062	22.510
29/05/1997	0.000	6.226	7.646	13.729	32.180
30/05/1997	1.664	5.953	7.729	13.417	35.780
31/05/1997	6.033	7.540	8.625	16.292	19.710
01/06/1997	2.493	6.661	9.417	15.646	18.340
02/06/1997	0.000	7.674	7.667	15.854	16.170
03/06/1997	7.319	6.504	8.771	14.979	12.600
04/06/1997	19.047	6.182	9.667	15.208	15.230
05/06/1997	0.000	8.180	9.854	18.083	13.830
06/06/1997	6.454	6.254	9.062	14.875	19.900
07/06/1997	3.165	6.977	10.042	16.583	24.920
08/06/1997	6.138	6.902	8.958	15.708	19.900
09/06/1997	12.207	8.225	9.062	17.646	19.900
10/06/1997	2.153	7.078	8.854	15.896	13.370
11/06/1997	0.000	5.578	9.000	13.938	17.870
12/06/1997	11.359	5.919	8.625	14.125	19.340
13/06/1997	1.933	5.844	8.812	14.167	14.150
14/06/1997	0.000	6.226	8.854	14.729	12.750
15/06/1997	0.000	6.438	8.646	14.875	12.600
16/06/1997	10.279	6.609	9.375	15.646	10.930
17/06/1997	0.000	4.851	9.562	13.438	6.790
18/06/1997	0.564	6.358	8.646	14.771	10.180
19/06/1997	11.173	5.984	8.896	14.438	20.460
20/06/1997	0.000	5.557	8.729	13.729	20.830
21/06/1997	0.000	6.833	7.833	14.875	13.250
22/06/1997	0.000	5.933	8.396	14.000	10.300
23/06/1997	0.000	5.877	8.750	14.188	8.780
24/06/1997	18.553	5.736	9.750	14.750	24.150
25/06/1997	8.407	5.086	8.875	13.208	19.710
26/06/1997	24.577	5.766	8.625	13.938	16.480
27/06/1997	0.000	7.763	7.917	16.271	13.370
28/06/1997	0.000	7.187	8.188	15.625	10.560
29/06/1997	0.000	7.023	7.208	14.708	9.290
30/06/1997	0.000	6.248	7.771	13.979	8.400
01/07/1997	0.000	5.292	8.396	13.104	35.090
02/07/1997	0.000	6.119	7.167	13.354	22.210
03/07/1997	0.000	5.293	7.667	12.542	12.600
04/07/1997	0.000	5.113	8.562	12.979	26.610
05/07/1997	0.000	5.077	8.146	12.604	55.910
06/07/1997	0.000	5.464	8.500	13.396	91.700
07/07/1997	0.000	5.650	8.500	13.646	96.760
08/07/1997	0.000	5.554	8.354	13.396	95.890
09/07/1997	4.849	6.543	7.979	14.500	73.550
10/07/1997	0.000	6.533	7.833	14.375	34.300
11/07/1997	0.000	3.897	8.375	11.229	33.090
12/07/1997	0.000	5.275	9.438	13.833	47.670
13/07/1997	0.000	5.861	7.854	13.417	22.880
14/07/1997	0.000	4.872	7.604	11.854	26.930
15/07/1997	0.000	4.980	7.667	12.042	26.790
16/07/1997	0.000	5.530	7.917	12.979	46.640
17/07/1997	0.000	6.226	7.625	13.729	31.060
18/07/1997	0.000	6.336	8.521	14.521	25.680
19/07/1997	0.000	5.852	7.771	13.292	28.240
20/07/1997	0.000	5.320	7.104	12.042	17.250
21/07/1997	0.000	6.229	7.479	13.583	23.990
22/07/1997	0.000	4.901	7.792	11.979	23.450
23/07/1997	0.000	5.917	8.104	13.583	41.270
24/07/1997	0.000	6.052	8.625	14.146	53.800
25/07/1997	48.707	5.464	8.771	13.458	56.390
26/07/1997	28.912	6.696	8.479	14.896	33.070
27/07/1997	0.000	5.771	7.896	13.188	38.130
28/07/1997	15.260	5.114	7.979	12.354	25.640
29/07/1997	0.000	6.453	7.229	13.625	18.960
30/07/1997	0.000	6.848	7.729	14.521	16.170
31/07/1997	0.000	6.760	8.271	14.771	16.010
01/08/1997	0.000	5.886	8.208	13.521	19.210
02/08/1997	0.000	6.050	8.208	13.729	13.840
03/08/1997	0.000	6.563	7.604	13.979	20.060
04/08/1997	0.000	5.727	7.792	12.958	19.900
05/08/1997	5.164	5.606	7.271	12.396	20.830
06/08/1997	0.000	5.964	8.146	13.521	23.630
07/08/1997	18.345	5.760	9.042	13.917	27.350
08/08/1997	0.000	5.014	8.438	12.479	46.560
09/08/1997	38.840	5.776	8.083	13.188	32.180
10/08/1997	0.000	5.804	6.583	12.104	27.730
11/08/1997	0.000	8.486	5.917	15.438	18.500
12/08/1997	0.000	7.629	7.458	15.229	14.150
13/08/1997	0.000	5.634	8.333	13.146	12.270
14/08/1997	0.000	6.367	7.708	13.646	16.450
15/08/1997	0.000	7.037	7.917	14.688	24.740
16/08/1997	0.000	6.623	7.729	13.979	19.900
17/08/1997	4.676	6.233	7.833	13.521	23.770
18/08/1997	0.000	5.795	7.958	13.021	13.220
19/08/1997	0.000	6.124	8.062	13.521	13.370
20/08/1997	0.000	6.058	9.104	14.208	12.600
21/08/1997	16.425	6.757	8.458	14.625	11.820
22/08/1997	0.000	6.256	8.208	13.771	20.060
23/08/1997	0.000	7.022	7.438	14.229	29.700
24/08/1997	0.000	7.151	7.708	14.583	15.350
25/08/1997	0.000	8.360	7.396	16.000	12.750
26/08/1997	0.000	7.503	9.208	16.083	16.670
27/08/1997	0.000	6.519	8.146	14.021	44.570
28/08/1997	3.600	6.928	8.396	14.729	22.700
29/08/1997	0.000	8.507	7.521	16.229	16.010
30/08/1997	0.000	9.419	6.979	17.104	11.190
31/08/1997	0.000	7.512	7.604	14.917	11.190
01/09/1997	0.000	7.518	7.396	14.771	10.300
02/09/1997	0.000	5.922	9.396	14.146	12.740
03/09/1997	7.219	6.957	9.167	15.271	17.690
04/09/1997	0.000	8.657	7.917	16.625	16.010
05/09/1997	6.964	9.300	8.500	17.854	11.310
06/09/1997	2.400	8.383	8.854	16.875	9.540
07/09/1997	2.320	7.547	8.667	15.646	19.440
08/09/1997	0.000	7.829	8.896	16.167	16.170
09/09/1997	0.000	9.037	8.542	17.500	14.770
10/09/1997	4.611	7.607	9.000	15.938	10.930
11/09/1997	0.000	6.883	8.854	14.896	10.680
12/09/1997	9.693	6.776	9.271	15.062	11.060
13/09/1997	0.000	6.917	9.146	15.146	10.930
14/09/1997	2.333	7.540	8.646	15.583	9.920
15/09/1997	0.000	5.377	9.229	13.292	9.540
16/09/1997	0.000	6.359	8.708	14.104	9.420
17/09/1997	2.713	6.853	8.104	14.292	10.300
18/09/1997	0.000	8.300	7.667	15.896	8.910
19/09/1997	0.000	7.992	8.604	16.125	8.150
20/09/1997	4.546	7.333	9.479	15.896	8.280
21/09/1997	1.108	8.584	8.667	16.938	8.280
22/09/1997	0.000	8.315	8.875	16.729	8.660
23/09/1997	31.828	6.413	9.271	14.583	13.380
24/09/1997	3.307	7.632	9.646	16.396	10.180
25/09/1997	0.000	6.801	9.542	15.271	14.460
26/09/1997	2.625	7.020	9.333	15.396	14.460
27/09/1997	0.000	7.253	8.750	15.271	11.060
28/09/1997	9.463	5.812	9.146	13.750	11.060
29/09/1997	0.000	8.195	7.438	15.604	10.180
30/09/1997	0.000	8.357	7.167	15.646	10.050
01/10/1997	0.000	7.990	7.062	15.083	8.150
02/10/1997	0.000	7.260	8.542	15.146	7.140
03/10/1997	8.509	5.732	8.500	13.167	6.580
04/10/1997	0.000	8.293	8.104	16.208	7.140
05/10/1997	1.818	7.669	8.417	15.604	6.760
06/10/1997	0.000	6.746	8.229	14.271	6.760
07/10/1997	0.000	5.943	8.375	13.354	6.760
08/10/1997	0.000	6.519	8.417	14.125	6.760
09/10/1997	0.000	8.471	7.604	16.146	6.580
10/10/1997	6.080	9.327	8.167	17.667	7.270
11/10/1997	0.000	9.629	8.979	18.604	6.670
12/10/1997	0.000	9.176	9.292	18.229	6.760
13/10/1997	1.811	7.479	9.562	16.229	7.270
14/10/1997	20.049	8.673	9.396	17.667	7.010
15/10/1997	17.022	8.421	9.583	17.479	8.150
16/10/1997	17.085	6.546	9.021	14.667	8.400
17/10/1997	20.448	8.723	8.229	16.979	15.700
18/10/1997	13.282	8.161	8.729	16.583	22.550
19/10/1997	12.716	7.686	9.104	16.229	16.630
20/10/1997	7.090	8.757	8.854	17.479	9.420
21/10/1997	7.910	6.579	9.438	15.062	9.800
22/10/1997	0.000	7.432	9.229	16.021	13.370
23/10/1997	7.675	7.550	8.729	15.833	7.770
24/10/1997	4.920	7.306	9.396	16.000	8.530
25/10/1997	0.000	7.273	9.729	16.208	7.770
26/10/1997	0.000	7.420	9.479	16.229	7.010
27/10/1997	13.532	6.706	9.500	15.333	6.760
28/10/1997	0.000	7.731	9.750	16.854	9.040
29/10/1997	0.000	7.038	9.854	16.042	21.390
30/10/1997	0.000	7.727	9.688	16.833	9.290
31/10/1997	0.000	5.854	9.396	14.208	8.660
01/11/1997	0.000	5.077	8.688	12.688	8.280
02/11/1997	0.000	6.225	8.062	13.708	8.780
03/11/1997	6.417	5.491	8.146	12.812	8.020
04/11/1997	7.776	6.398	8.000	13.917	8.020
05/11/1997	7.497	7.217	8.000	15.042	8.150
06/11/1997	0.000	7.344	8.625	15.667	14.670
07/11/1997	0.000	5.091	9.021	13.021	14.360
08/11/1997	16.076	6.228	8.333	13.979	12.110
09/11/1997	4.809	6.915	8.417	14.979	11.060
10/11/1997	0.730	6.359	8.146	14.042	11.060
11/11/1997	0.000	6.531	8.667	14.667	11.850
12/11/1997	0.000	6.708	8.583	14.854	8.660
13/11/1997	0.000	6.495	9.042	14.917	14.610
14/11/1997	0.000	7.637	8.250	15.917	10.560
15/11/1997	13.414	6.830	8.562	15.042	9.920
16/11/1997	4.762	8.277	6.479	15.667	11.670
17/11/1997	0.000	7.022	8.688	15.417	16.940
18/11/1997	0.000	7.057	8.250	15.167	11.930
19/11/1997	23.412	8.401	8.146	16.979	12.810
20/11/1997	13.839	5.785	8.625	13.729	12.810
21/11/1997	6.942	7.311	8.708	15.875	10.050
22/11/1997	4.120	6.178	8.979	14.542	8.150
23/11/1997	0.000	5.425	8.750	13.375	7.520
24/11/1997	17.278	6.058	8.667	14.167	7.520
25/11/1997	10.227	6.170	9.792	15.167	8.400
26/11/1997	0.000	6.972	9.167	15.792	8.530
27/11/1997	0.000	8.227	8.792	17.271	8.020
28/11/1997	1.909	7.752	8.583	16.479	8.150
29/11/1997	6.224	6.260	8.833	14.604	8.020
30/11/1997	14.801	6.235	8.667	14.458	11.140
01/12/1997	30.427	7.539	9.479	16.833	14.460
02/12/1997	6.009	7.406	9.312	16.542	16.760
03/12/1997	0.000	7.161	8.979	15.979	12.870
04/12/1997	0.000	7.655	6.854	15.229	9.540
05/12/1997	0.000	6.585	8.271	14.688	7.140
06/12/1997	0.377	6.448	9.188	15.167	6.670
07/12/1997	0.471	5.912	8.979	14.292	6.500
08/12/1997	0.000	6.067	7.354	13.312	6.320
09/12/1997	0.000	7.663	7.812	15.917	6.230
10/12/1997	2.824	7.600	6.917	15.229	5.880
11/12/1997	0.000	6.398	7.812	14.125	5.700
12/12/1997	0.000	7.298	8.458	15.854	5.880
13/12/1997	0.000	9.030	8.021	18.021	5.790
14/12/1997	13.086	7.732	8.833	16.729	5.700
15/12/1997	8.001	7.193	9.542	16.479	13.100
16/12/1997	6.268	7.122	9.062	16.042	12.130
17/12/1997	0.000	7.788	8.500	16.583	10.560
18/12/1997	4.419	7.729	8.438	16.458	7.770
19/12/1997	3.021	7.702	8.521	16.479	6.140
20/12/1997	0.000	7.920	8.250	16.604	5.970
21/12/1997	3.035	7.285	7.562	15.229	5.970
22/12/1997	1.806	6.482	7.042	13.708	5.880
23/12/1997	0.000	5.831	8.062	13.521	5.880
24/12/1997	0.000	5.434	8.646	13.417	5.700
25/12/1997	0.000	6.231	8.646	14.500	5.610
26/12/1997	0.000	7.843	8.250	16.479	5.700
27/12/1997	0.000	7.182	7.771	15.208	5.080
28/12/1997	1.272	7.704	8.250	16.271	5.080
29/12/1997	0.000	7.595	8.146	16.042	5.000
30/12/1997	2.889	6.491	8.583	14.792	5.000
31/12/1997	0.000	6.315	9.146	14.958	6.050
01/01/1998	0.000	6.499	8.583	14.792	6.230
02/01/1998	0.000	7.856	7.792	16.146	5.880
03/01/1998	0.000	6.673	7.500	14.250	5.080
04/01/1998	0.000	5.486	8.750	13.521	5.080
05/01/1998	0.000	6.415	8.583	14.646	5.530
06/01/1998	0.000	7.441	9.417	16.646	5.170
07/01/1998	30.377	7.839	9.667	17.354	5.170
08/01/1998	1.660	6.135	10.396	15.604	6.140
09/01/1998	0.000	7.935	9.417	17.292	5.700
10/01/1998	0.000	6.920	8.979	15.583	5.170
11/01/1998	0.000	5.593	9.229	13.979	5.170
12/01/1998	0.000	7.034	8.729	15.542	5.170
13/01/1998	0.000	6.990	8.917	15.604	5.000
14/01/1998	0.000	7.149	8.688	15.646	4.910
15/01/1998	3.511	6.773	9.417	15.646	4.590
16/01/1998	0.000	8.147	7.979	16.521	4.590
17/01/1998	0.000	7.142	9.542	16.208	4.370
18/01/1998	0.000	7.384	9.979	16.833	4.820
19/01/1998	0.000	7.506	9.417	16.583	4.820
20/01/1998	0.000	8.052	9.125	17.104	4.910
21/01/1998	0.000	6.293	10.021	15.396	4.710
22/01/1998	0.000	7.806	9.167	16.771	4.480
23/01/1998	0.000	7.138	9.917	16.396	4.370
24/01/1998	0.000	8.232	8.271	16.708	4.480
25/01/1998	0.000	8.322	8.667	17.083	4.590
26/01/1998	0.000	8.109	8.042	16.354	4.370
27/01/1998	0.000	8.951	9.062	18.167	4.480
28/01/1998	0.000	8.511	9.104	17.583	4.480
29/01/1998	0.000	7.637	9.729	16.833	4.590
30/01/1998	11.644	8.012	9.250	16.979	4.480
31/01/1998	0.000	7.655	8.521	15.979	4.590
01/02/1998	0.000	7.594	9.167	16.333	4.590
02/02/1998	0.000	6.721	10.375	16.062	4.590
03/02/1998	0.932	8.026	9.854	17.354	4.370
04/02/1998	0.000	8.095	9.417	17.125	4.370
05/02/1998	2.263	8.985	9.146	18.104	4.370
06/02/1998	0.000	9.098	9.042	18.167	4.370
07/02/1998	12.344	8.531	10.438	18.354	4.140
08/02/1998	8.051	7.074	10.750	16.708	4.140
09/02/1998	14.466	6.805	10.688	16.312	9.800
10/02/1998	35.579	6.965	10.688	16.500	13.370
11/02/1998	17.640	5.567	10.562	14.688	12.270
12/02/1998	19.850	4.817	9.396	12.854	21.020
13/02/1998	0.000	7.308	8.771	15.500	14.610
14/02/1998	1.891	7.395	9.417	16.062	11.310
15/02/1998	5.072	8.045	8.854	16.500	40.440
16/02/1998	0.000	8.142	8.417	16.312	19.280
17/02/1998	0.000	9.423	8.229	17.875	11.060
18/02/1998	14.755	9.301	9.042	18.229	10.300
19/02/1998	0.455	7.252	10.042	16.271	6.580
20/02/1998	2.221	8.472	9.479	17.417	6.410
21/02/1998	0.000	8.153	9.667	17.125	5.880
22/02/1998	0.000	8.050	9.667	16.979	5.700
23/02/1998	0.000	9.238	8.521	17.729	5.530
24/02/1998	0.000	7.518	10.229	16.688	5.350
25/02/1998	1.206	7.322	9.979	16.250	6.740
26/02/1998	0.000	7.915	9.354	16.542	6.230
27/02/1998	0.000	8.130	9.625	17.000	7.010
28/02/1998	0.000	7.696	9.479	16.333	5.170
01/03/1998	3.181	7.107	9.625	15.688	5.170
02/03/1998	1.723	7.532	9.562	16.167	10.450
03/03/1998	2.435	7.983	8.729	16.146	5.530
04/03/1998	0.200	6.790	9.292	15.021	5.260
05/03/1998	0.000	5.613	9.729	13.917	5.170
06/03/1998	0.000	6.862	9.438	15.208	7.010
07/03/1998	0.000	4.301	9.792	12.479	8.400
08/03/1998	0.000	6.600	8.604	14.250	14.300
09/03/1998	0.000	8.150	9.229	16.667	12.800
10/03/1998	0.000	8.819	9.542	17.729	7.270
11/03/1998	3.464	9.421	8.583	17.854	6.580
12/03/1998	0.000	7.434	10.125	16.396	5.790
13/03/1998	0.000	8.052	9.104	16.438	5.260
14/03/1998	2.677	8.150	8.417	16.083	5.260
15/03/1998	3.300	8.144	9.333	16.708	5.350
16/03/1998	0.000	7.439	10.188	16.438	6.410
17/03/1998	0.000	6.739	9.667	15.188	6.050
18/03/1998	0.000	6.392	9.292	14.479	5.970
19/03/1998	0.000	7.236	8.417	14.896	6.140
20/03/1998	0.000	6.406	8.854	14.167	5.790
21/03/1998	0.000	6.648	10.062	15.375	5.700
22/03/1998	1.704	7.040	9.417	15.375	5.440
23/03/1998	0.591	6.131	9.812	14.562	5.440
24/03/1998	12.760	7.322	10.125	16.250	8.580
25/03/1998	5.521	7.789	10.188	16.875	5.610
26/03/1998	0.000	6.150	9.938	14.688	6.580
27/03/1998	33.025	8.864	9.104	17.479	8.910
28/03/1998	24.673	6.643	9.938	15.292	19.840
29/03/1998	18.819	5.502	10.438	14.333	25.140
30/03/1998	0.000	8.113	9.562	16.854	9.290
31/03/1998	0.000	7.546	10.625	16.917	8.530
01/04/1998	14.211	7.842	10.750	17.375	15.700
02/04/1998	0.000	6.108	9.562	14.375	12.130
03/04/1998	0.000	7.981	9.938	16.979	41.920
04/04/1998	0.000	7.175	9.792	15.875	21.020
05/04/1998	9.179	7.240	9.875	16.021	17.250
06/04/1998	1.679	6.360	10.354	15.312	17.720
07/04/1998	1.042	8.108	10.104	17.292	16.170
08/04/1998	12.090	5.727	10.417	14.625	16.790
09/04/1998	13.315	5.977	9.979	14.583	11.310
10/04/1998	6.045	9.006	9.062	17.750	9.800
11/04/1998	6.881	7.042	10.167	16.042	8.020
12/04/1998	1.605	5.196	10.854	14.396	9.040
13/04/1998	3.910	6.902	9.979	15.750	31.720
14/04/1998	3.910	8.147	9.125	16.729	17.100
15/04/1998	11.622	6.256	10.479	15.354	12.290
16/04/1998	7.936	8.537	10.375	18.125	11.190
17/04/1998	11.879	6.148	10.625	15.354	9.800
18/04/1998	4.246	6.291	10.875	15.729	8.780
19/04/1998	8.643	5.601	10.417	14.562	16.480
20/04/1998	0.000	6.738	10.542	16.042	12.750
21/04/1998	3.771	7.380	10.375	16.729	23.110
22/04/1998	0.000	6.761	10.000	15.688	21.020
23/04/1998	23.562	4.925	9.729	13.250	20.270
24/04/1998	4.933	6.182	9.500	14.604	15.080
25/04/1998	0.000	7.967	9.979	17.250	13.680
26/04/1998	6.227	6.839	9.375	15.375	10.560
27/04/1998	0.000	7.822	9.375	16.667	12.250
28/04/1998	0.000	6.572	10.688	16.042	9.290
29/04/1998	13.826	6.799	10.542	16.229	16.170
30/04/1998	3.348	5.867	10.292	14.896	16.010
01/05/1998	0.000	5.834	10.542	15.062	17.870
02/05/1998	20.810	6.424	10.750	15.958	17.720
03/05/1998	6.737	5.743	11.208	15.500	35.720
04/05/1998	24.289	3.997	11.042	13.417	11.060
05/05/1998	9.095	8.468	9.479	17.729	19.900
06/05/1998	22.811	5.363	10.250	14.312	19.280
07/05/1998	3.196	7.654	9.104	16.417	15.860
08/05/1998	0.512	6.712	9.625	15.562	14.460
09/05/1998	1.332	5.141	10.438	14.229	14.150
10/05/1998	0.000	6.739	9.229	15.333	13.370
11/05/1998	2.988	7.966	9.688	17.312	12.130
12/05/1998	9.101	6.846	9.479	15.688	13.680
13/05/1998	0.000	6.826	9.750	15.875	13.680
14/05/1998	0.000	6.731	9.875	15.854	13.120
15/05/1998	14.206	5.538	10.250	14.625	12.870
16/05/1998	10.226	5.840	9.500	14.438	13.680
17/05/1998	0.000	4.503	9.875	13.083	16.880
18/05/1998	0.000	5.319	9.292	13.625	19.520
19/05/1998	0.000	6.911	8.375	15.083	16.420
20/05/1998	0.000	8.911	7.667	17.417	9.920
21/05/1998	0.000	7.707	8.729	16.458	8.660
22/05/1998	0.000	4.522	9.521	12.854	7.650
23/05/1998	0.000	6.870	9.250	15.708	7.650
24/05/1998	7.165	6.116	10.250	15.458	8.400
25/05/1998	1.229	7.369	9.958	16.917	9.040
26/05/1998	9.416	6.066	10.500	15.604	12.400
27/05/1998	14.976	6.973	10.312	16.667	19.900
28/05/1998	16.204	5.548	10.812	15.208	43.340
29/05/1998	29.153	5.453	9.625	14.167	29.280
30/05/1998	1.145	6.082	9.542	14.938	16.480
31/05/1998	0.000	5.229	10.000	14.188	17.720
01/06/1998	10.953	5.522	10.229	14.750	34.000
02/06/1998	8.959	6.084	9.167	14.688	20.640
03/06/1998	9.532	5.485	9.604	14.229	71.690
04/06/1998	0.000	6.454	8.938	15.042	64.060
05/06/1998	0.000	5.634	9.167	14.104	55.820
06/06/1998	0.000	4.362	9.312	12.583	29.320
07/06/1998	0.748	5.277	8.604	13.208	25.790
08/06/1998	3.517	5.774	10.042	14.979	20.460
09/06/1998	0.000	6.790	9.479	15.938	21.390
10/06/1998	0.000	7.002	9.354	16.146	19.340
11/06/1998	0.000	5.882	9.583	14.792	17.250
12/06/1998	0.988	6.906	9.146	15.875	22.700
13/06/1998	0.000	6.375	8.979	15.021	16.480
14/06/1998	0.000	5.202	8.854	13.333	15.550
15/06/1998	15.416	4.365	9.042	12.396	25.670
16/06/1998	4.172	5.849	8.312	13.812	29.510
17/06/1998	0.000	5.184	8.229	12.833	25.410
18/06/1998	0.000	7.058	9.250	16.188	16.480
19/06/1998	14.962	5.392	9.375	14.000	14.460
20/06/1998	2.269	6.367	9.021	15.062	16.170
21/06/1998	1.521	4.459	8.729	12.271	16.540
22/06/1998	19.482	5.844	8.396	13.875	31.290
23/06/1998	11.313	5.854	8.542	14.000	24.380
24/06/1998	5.232	5.601	9.688	14.521	18.030
25/06/1998	0.638	5.469	9.562	14.250	15.390
26/06/1998	10.373	6.154	9.583	15.188	20.390
27/06/1998	3.023	5.399	9.417	14.042	53.620
28/06/1998	0.000	4.376	8.479	11.958	60.850
29/06/1998	1.068	5.322	8.146	12.958	47.770
30/06/1998	0.000	5.447	8.167	13.146	26.970
01/07/1998	0.000	5.274	7.938	12.729	17.720
02/07/1998	0.000	6.132	8.833	14.583	20.460
03/07/1998	0.000	6.379	9.000	15.042	34.300
04/07/1998	3.643	7.930	8.104	16.604	21.760
05/07/1998	0.000	5.934	8.938	14.375	19.340
06/07/1998	0.000	5.771	8.771	14.021	21.390
07/07/1998	0.000	6.040	8.167	13.938	17.440
08/07/1998	4.478	7.225	8.125	15.583	14.300
09/07/1998	34.850	5.021	8.938	13.125	15.240
10/07/1998	11.774	6.348	9.229	15.125	17.410
11/07/1998	4.938	4.659	9.042	12.729	23.260
12/07/1998	10.118	6.317	8.396	14.458	66.650
13/07/1998	0.000	6.639	8.479	14.958	48.500
14/07/1998	0.000	4.737	7.917	11.917	22.140
15/07/1998	0.000	6.763	7.875	14.688	18.030
16/07/1998	0.000	5.892	8.479	13.896	20.120
17/07/1998	3.165	5.542	8.375	13.333	22.330
18/07/1998	0.000	5.961	8.292	13.833	26.780
19/07/1998	0.000	4.660	8.792	12.479	37.440
20/07/1998	0.000	6.972	8.042	15.042	33.980
21/07/1998	0.000	6.703	7.854	14.521	22.510
22/07/1998	3.227	4.826	9.021	12.854	43.540
23/07/1998	3.149	7.196	8.417	15.583	32.620
24/07/1998	0.000	5.523	9.250	13.917	26.610
25/07/1998	0.000	5.743	8.917	13.938	29.280
26/07/1998	3.295	5.833	8.438	13.688	22.880
27/07/1998	2.790	7.981	7.021	15.688	19.520
28/07/1998	0.000	6.424	8.854	14.771	16.790
29/07/1998	0.000	5.375	9.188	13.625	14.610
30/07/1998	0.000	5.623	8.729	13.583	41.510
31/07/1998	0.000	6.103	7.479	13.292	22.140
01/08/1998	7.120	5.977	9.292	14.458	19.900
02/08/1998	0.000	6.714	8.021	14.500	15.860
03/08/1998	0.000	5.868	8.271	13.521	17.250
04/08/1998	0.000	6.249	8.583	14.250	19.340
05/08/1998	0.000	7.282	9.854	16.542	21.020
06/08/1998	34.578	5.229	9.229	13.396	23.990
07/08/1998	0.000	6.323	9.062	14.667	30.170
08/08/1998	0.000	6.299	8.979	14.562	19.150
09/08/1998	0.000	7.119	8.521	15.312	13.370
10/08/1998	0.000	8.372	8.021	16.667	12.440
11/08/1998	0.000	6.397	9.667	15.167	21.760
12/08/1998	0.000	6.134	8.500	13.938	17.010
13/08/1998	0.000	6.637	8.771	14.792	24.010
14/08/1998	0.000	7.254	8.333	15.292	16.760
15/08/1998	0.000	6.299	8.646	14.229	16.480
16/08/1998	0.000	7.582	8.396	15.750	13.990
17/08/1998	0.000	6.767	8.083	14.417	14.770
18/08/1998	0.000	8.172	8.771	16.771	16.540
19/08/1998	1.507	7.631	8.333	15.729	11.640
20/08/1998	0.000	7.156	8.896	15.479	11.690
21/08/1998	2.922	7.334	9.021	15.792	13.530
22/08/1998	0.000	6.617	8.271	14.292	13.680
23/08/1998	0.000	7.225	7.792	14.750	15.390
24/08/1998	0.000	8.256	8.208	16.417	12.130
25/08/1998	0.000	8.037	8.812	16.521	11.440
26/08/1998	0.000	6.829	8.375	14.604	20.890
27/08/1998	5.610	6.951	9.146	15.312	22.700
28/08/1998	0.000	7.061	9.021	15.354	18.960
29/08/1998	0.000	5.964	9.208	14.083	16.170
31/08/1998	18.053	6.298	8.333	13.833	60.490
01/09/1998	0.000	7.893	7.104	15.083	18.960
02/09/1998	0.000	8.954	6.333	16.021	13.060
03/09/1998	8.587	6.085	8.979	14.021	11.980
04/09/1998	0.000	6.297	8.042	13.583	12.440
05/09/1998	9.746	7.071	7.792	14.417	14.300
06/09/1998	0.000	9.425	7.875	17.604	16.010
07/09/1998	0.000	8.421	8.854	16.917	14.790
08/09/1998	14.356	6.686	9.396	15.062	10.930
09/09/1998	0.000	7.071	8.938	15.208	14.930
10/09/1998	17.410	6.538	9.104	14.646	20.210
11/09/1998	4.598	7.764	8.833	16.021	16.650
12/09/1998	5.762	8.099	7.750	15.708	15.080
13/09/1998	4.221	6.786	8.521	14.521	17.870
14/09/1998	0.000	7.398	8.292	15.146	18.190
15/09/1998	0.000	6.587	7.688	13.646	13.680
16/09/1998	0.000	8.922	7.667	16.729	11.060
17/09/1998	0.000	10.176	7.604	18.354	10.050
18/09/1998	0.000	7.427	8.167	15.083	9.920
19/09/1998	0.000	6.598	9.042	14.646	10.050
20/09/1998	0.000	6.621	8.833	14.521	9.540
21/09/1998	16.615	6.484	8.229	13.896	18.660
22/09/1998	0.000	5.862	9.021	13.708	20.550
23/09/1998	0.000	6.315	8.438	13.833	15.550
24/09/1998	0.000	7.957	7.979	15.646	11.190
25/09/1998	0.000	7.426	7.729	14.771	9.670
26/09/1998	12.214	8.194	8.583	16.375	9.670
27/09/1998	0.000	8.140	8.167	16.021	9.800
28/09/1998	4.239	8.554	8.000	16.458	11.710
29/09/1998	0.000	8.713	8.646	17.104	12.910
30/09/1998	7.550	7.322	9.396	15.833	10.930
01/10/1998	1.105	8.267	6.938	15.375	9.290
02/10/1998	0.000	5.790	8.167	12.979	13.680
03/10/1998	0.000	6.997	7.792	14.271	12.600
04/10/1998	0.000	9.312	7.792	17.354	11.060
05/10/1998	0.000	7.892	8.292	15.812	10.680
06/10/1998	1.857	8.340	8.729	16.708	9.040
07/10/1998	5.017	6.273	9.042	14.271	17.410
08/10/1998	6.235	7.421	8.729	15.521	17.100
09/10/1998	9.737	6.525	9.125	14.667	17.250
10/10/1998	0.000	7.516	7.729	14.958	13.370
11/10/1998	0.000	9.288	7.396	17.125	9.800
12/10/1998	4.678	8.020	8.604	16.250	8.150
13/10/1998	4.678	8.179	7.979	16.042	8.020
14/10/1998	20.071	7.416	8.229	15.208	8.020
15/10/1998	2.845	6.108	9.271	14.292	8.400
16/10/1998	3.055	7.868	8.417	15.958	14.930
17/10/1998	0.000	6.942	8.479	14.792	14.930
18/10/1998	14.374	7.294	8.667	15.396	22.510
19/10/1998	11.188	5.887	9.104	13.917	34.600
20/10/1998	6.181	8.109	7.042	15.396	12.530
21/10/1998	0.000	7.626	7.812	15.271	9.800
22/10/1998	1.115	8.238	8.542	16.604	9.800
23/10/1998	0.000	7.367	8.542	15.458	10.430
24/10/1998	18.285	7.088	8.167	14.833	11.570
25/10/1998	44.377	6.091	8.417	13.708	17.720
26/10/1998	0.000	6.372	9.083	14.583	19.900
27/10/1998	0.000	7.350	7.729	14.917	17.250
28/10/1998	0.000	5.890	9.375	14.208	15.860
29/10/1998	0.000	5.462	9.646	13.896	11.820
30/10/1998	17.883	5.477	9.479	13.792	14.610
31/10/1998	0.000	6.238	8.854	14.292	14.610
01/11/1998	0.000	6.910	8.042	14.604	13.060
02/11/1998	2.744	7.171	8.500	15.292	10.810
03/11/1998	0.000	7.192	8.792	15.542	8.910
04/11/1998	0.000	5.795	9.792	14.479	8.530
05/11/1998	34.611	6.270	9.562	14.917	10.430
06/11/1998	21.330	6.655	8.438	14.604	17.350
07/11/1998	4.044	7.070	7.625	14.604	13.660
08/11/1998	0.000	7.952	7.083	15.479	9.920
09/11/1998	0.000	7.757	8.292	16.042	9.920
10/11/1998	0.000	6.849	8.438	14.917	12.600
11/11/1998	0.804	6.988	8.417	15.104	10.300
12/11/1998	19.278	6.726	8.375	14.729	9.160
13/11/1998	8.870	5.713	8.562	13.521	9.290
14/11/1998	13.258	4.558	9.042	12.438	11.190
15/11/1998	0.000	7.132	8.688	15.542	11.190
16/11/1998	0.000	6.354	9.167	14.854	10.810
17/11/1998	12.301	6.466	8.438	14.479	9.800
18/11/1998	0.000	6.363	9.208	14.917	12.500
19/11/1998	6.552	7.684	8.875	16.479	9.920
20/11/1998	12.751	6.960	8.667	15.354	12.910
21/11/1998	0.000	7.580	9.042	16.479	9.920
22/11/1998	15.038	6.567	9.375	15.354	15.700
23/11/1998	0.000	7.346	9.021	16.167	12.220
24/11/1998	0.000	7.514	9.979	17.083	7.390
25/11/1998	3.744	4.811	9.312	13.042	10.810
26/11/1998	12.472	5.742	9.042	14.042	10.430
27/11/1998	6.484	7.034	9.125	15.854	10.560
28/11/1998	0.000	5.249	9.375	13.667	13.680
29/11/1998	0.000	7.997	9.229	17.271	12.110
30/11/1998	0.000	7.267	8.000	15.417	9.670
01/12/1998	4.839	8.326	9.083	17.646	9.040
02/12/1998	22.387	8.479	9.000	17.812	8.400
03/12/1998	0.000	8.382	9.062	17.729	8.400
04/12/1998	0.000	7.701	8.333	16.292	8.660
05/12/1998	0.000	8.267	8.688	17.333	8.660
06/12/1998	0.000	7.477	8.500	16.104	11.820
07/12/1998	23.550	7.610	9.188	16.771	11.190
08/12/1998	0.000	8.503	8.250	17.396	9.670
09/12/1998	0.000	8.139	9.312	17.604	8.400
10/12/1998	0.000	6.972	10.042	16.521	13.660
11/12/1998	0.000	7.517	9.521	16.896	13.990
12/12/1998	0.000	7.527	8.625	16.292	12.470
13/12/1998	0.000	6.465	9.000	15.083	10.930
14/12/1998	0.000	5.931	9.000	14.354	10.430
15/12/1998	0.000	5.142	8.771	13.125	15.230
16/12/1998	0.000	5.896	8.021	13.583	13.220
17/12/1998	5.713	7.017	7.938	15.104	10.300
18/12/1998	10.400	7.011	8.396	15.417	10.680
19/12/1998	10.400	6.921	8.188	15.146	9.290
20/12/1998	3.160	7.542	7.479	15.542	7.900
21/12/1998	12.635	6.283	9.104	14.917	7.650
22/12/1998	5.288	7.704	9.250	16.979	7.140
23/12/1998	0.392	7.506	7.500	15.500	7.010
24/12/1998	0.000	6.098	8.271	14.042	7.390
25/12/1998	0.000	5.324	8.167	12.896	7.010
26/12/1998	0.000	7.499	7.312	15.354	7.010
27/12/1998	12.598	7.535	7.521	15.542	7.650
28/12/1998	0.857	7.239	8.146	15.542	7.900
29/12/1998	23.127	6.300	8.938	14.792	7.900
30/12/1998	8.267	8.005	8.312	16.729	7.520
31/12/1998	18.551	6.660	8.958	15.292	13.680
01/01/1999	0.000	7.149	8.896	15.917	13.990
02/01/1999	0.000	7.274	9.604	16.583	10.050
03/01/1999	0.000	6.896	9.375	15.896	8.910
04/01/1999	0.000	5.442	9.208	13.812	8.400
05/01/1999	4.210	6.100	9.604	14.979	8.530
06/01/1999	0.000	8.034	9.354	17.417	9.290
07/01/1999	0.000	5.972	9.021	14.354	9.160
08/01/1999	6.007	4.302	9.667	12.729	11.670
09/01/1999	0.000	6.775	8.896	15.333	12.600
10/01/1999	22.516	6.234	9.167	14.792	10.430
11/01/1999	25.482	4.726	9.104	12.771	10.930
12/01/1999	17.953	6.278	8.604	14.417	8.780
13/01/1999	0.000	6.848	8.375	15.021	8.400
14/01/1999	9.412	7.990	8.604	16.750	9.040
15/01/1999	0.810	7.766	8.833	16.583	8.020
16/01/1999	0.000	5.768	8.792	13.833	7.770
17/01/1999	0.000	7.693	7.833	15.771	7.140
18/01/1999	0.000	7.466	8.042	15.583	8.280
19/01/1999	0.000	6.754	8.854	15.167	11.310
20/01/1999	5.547	6.110	8.688	14.167	10.300
21/01/1999	57.024	5.935	8.625	13.875	13.990
22/01/1999	0.000	5.319	8.417	12.896	16.480
23/01/1999	0.000	5.153	8.146	12.458	16.480
24/01/1999	0.000	5.572	8.229	13.062	18.030
25/01/1999	0.000	5.886	8.604	13.750	17.250
26/01/1999	45.127	5.665	9.104	13.833	19.150
27/01/1999	10.979	7.223	8.792	15.646	15.240
28/01/1999	0.000	7.123	8.500	15.292	14.150
29/01/1999	0.000	6.367	8.458	14.229	21.300
30/01/1999	0.000	6.260	8.917	14.417	13.530
31/01/1999	0.000	7.426	8.604	15.729	9.800
01/02/1999	0.000	7.827	9.292	16.729	8.910
02/02/1999	17.506	6.690	8.708	14.792	8.910
03/02/1999	11.468	7.589	9.042	16.208	11.330
04/02/1999	0.000	6.774	8.104	14.438	18.530
05/02/1999	7.393	5.704	8.396	13.229	10.810
06/02/1999	0.000	6.421	8.500	14.229	9.540
07/02/1999	27.905	7.414	8.188	15.312	17.720
08/02/1999	0.000	7.112	7.688	14.542	13.370
09/02/1999	0.000	6.362	8.229	13.917	9.800
10/02/1999	2.242	6.039	8.312	13.542	10.610
11/02/1999	0.000	5.834	7.375	12.562	17.290
12/02/1999	0.000	5.982	7.854	13.104	12.440
13/02/1999	0.000	5.983	8.062	13.250	15.700
14/02/1999	1.780	6.485	7.750	13.667	13.250
15/02/1999	18.782	5.426	8.125	12.562	11.190
16/02/1999	0.000	6.388	8.438	14.021	13.370
17/02/1999	14.984	5.141	8.417	12.417	31.060
18/02/1999	15.602	6.359	8.458	13.979	28.240
19/02/1999	7.801	5.487	8.771	13.104	21.950
20/02/1999	11.210	5.416	8.333	12.667	13.370
21/02/1999	1.415	6.146	7.750	13.146	21.330
22/02/1999	24.394	6.058	8.854	13.854	25.480
23/02/1999	0.000	7.019	9.333	15.417	19.900
24/02/1999	16.944	6.790	8.292	14.354	32.240
25/02/1999	8.830	6.061	8.854	13.833	18.750
26/02/1999	0.000	7.820	8.667	15.938	14.150
27/02/1999	0.000	6.751	8.771	14.625	12.910
28/02/1999	17.300	7.705	8.729	15.812	13.530
01/03/1999	15.487	7.599	9.083	15.917	17.970
02/03/1999	0.000	6.341	7.958	13.479	13.220
03/03/1999	0.000	7.503	8.604	15.438	10.810
04/03/1999	3.742	7.031	7.750	14.208	11.190
05/03/1999	3.517	6.881	7.479	13.812	10.300
06/03/1999	0.000	8.797	7.500	16.354	9.540
07/03/1999	0.000	9.791	6.812	17.229	8.150
08/03/1999	1.689	8.977	7.979	16.896	7.900
09/03/1999	6.463	6.978	8.979	15.000	7.390
10/03/1999	0.000	7.674	7.000	14.500	7.010
11/03/1999	0.000	7.000	6.917	13.542	7.140
12/03/1999	0.000	5.805	7.354	12.292	7.140
13/03/1999	0.000	5.653	8.208	12.750	7.140
14/03/1999	0.000	7.879	7.354	15.000	7.390
15/03/1999	0.000	7.836	8.167	15.500	10.810
16/03/1999	0.000	7.226	8.458	14.917	10.810
17/03/1999	10.365	7.630	8.583	15.521	10.300
18/03/1999	14.466	6.833	7.979	14.062	13.060
19/03/1999	5.317	7.074	8.417	14.688	10.680
20/03/1999	10.365	9.008	9.042	17.604	11.190
21/03/1999	11.167	6.504	8.521	14.042	11.190
22/03/1999	1.553	6.553	8.688	14.229	9.800
23/03/1999	0.000	6.951	8.167	14.354	9.670
24/03/1999	0.000	7.721	7.812	15.104	9.540
25/03/1999	11.850	6.956	8.729	14.771	8.280
26/03/1999	0.468	7.103	8.146	14.542	8.660
27/03/1999	24.411	5.495	8.562	12.833	8.660
28/03/1999	5.258	7.176	8.354	14.792	12.090
29/03/1999	6.199	6.805	8.229	14.229	18.030
30/03/1999	0.942	8.448	8.000	16.208	13.840
31/03/1999	0.469	6.802	9.104	14.875	10.180
01/04/1999	23.522	7.242	8.646	15.104	11.060
02/04/1999	11.759	7.858	8.396	15.729	9.290
03/04/1999	8.768	5.763	8.562	13.188	9.290
04/04/1999	5.879	8.505	7.958	16.292	9.040
05/04/1999	21.945	7.176	8.812	15.167	21.950
06/04/1999	29.567	7.401	8.688	15.375	15.860
07/04/1999	0.000	8.091	8.104	15.875	21.050
08/04/1999	0.000	7.470	8.625	15.438	14.360
09/04/1999	15.601	5.780	9.188	13.729	20.640
10/04/1999	33.124	4.555	8.125	11.417	46.670
11/04/1999	2.169	7.127	7.542	14.250	28.830
12/04/1999	10.122	6.364	8.104	13.667	18.400
13/04/1999	7.480	5.809	8.562	13.312	22.510
14/04/1999	1.157	7.164	7.604	14.375	19.900
15/04/1999	0.000	5.664	8.292	12.938	21.200
16/04/1999	0.000	6.448	8.104	13.812	21.580
17/04/1999	0.000	6.890	7.979	14.312	14.930
18/04/1999	8.561	5.326	8.688	12.854	11.840
19/04/1999	0.000	4.814	8.750	12.292	12.500
20/04/1999	0.000	6.026	7.438	12.812	21.580
21/04/1999	0.000	4.844	7.750	11.542	31.730
22/04/1999	0.000	6.903	7.604	14.125	37.720
23/04/1999	0.000	6.088	8.042	13.375	32.180
24/04/1999	39.615	5.929	7.521	12.792	29.280
25/04/1999	0.000	6.919	7.604	14.188	18.500
26/04/1999	0.000	7.402	7.750	14.958	16.790
27/04/1999	5.921	4.924	8.812	12.542	27.340
28/04/1999	3.953	5.451	7.958	12.542	22.330
29/04/1999	0.000	6.647	7.688	13.938	15.860
30/04/1999	23.162	4.287	8.417	11.479	13.060
01/05/1999	0.000	6.383	8.562	14.250	12.600
02/05/1999	4.197	5.880	8.062	13.229	12.750
03/05/1999	21.178	5.235	8.167	12.479	13.680
04/05/1999	23.757	6.139	8.354	13.812	13.530
05/05/1999	0.000	6.610	8.042	14.229	11.620
06/05/1999	20.282	5.900	8.625	13.729	20.000
07/05/1999	0.000	6.955	8.250	14.875	16.160
08/05/1999	5.630	6.053	8.354	13.750	14.330
09/05/1999	16.044	6.617	7.979	14.250	25.030
10/05/1999	0.000	6.896	7.917	14.604	19.100
11/05/1999	35.383	5.917	8.375	13.625	18.580
12/05/1999	0.000	6.174	8.875	14.354	17.690
13/05/1999	14.253	5.114	8.229	12.479	27.190
14/05/1999	0.000	7.346	7.167	14.771	20.360
15/05/1999	0.000	5.126	8.021	12.354	17.180
16/05/1999	0.000	7.189	8.042	15.188	16.330
17/05/1999	0.000	6.075	7.646	13.375	13.480
18/05/1999	0.816	5.859	7.354	12.875	12.490
19/05/1999	0.000	5.928	7.292	12.938	15.350
20/05/1999	0.816	4.635	7.979	11.729	50.360
21/05/1999	0.000	6.330	7.167	13.438	15.070
22/05/1999	0.000	5.005	7.896	12.167	13.580
23/05/1999	0.000	6.833	8.625	15.208	21.940
24/05/1999	0.000	7.317	7.792	15.312	20.400
25/05/1999	0.000	6.475	7.917	14.229	17.940
26/05/1999	0.000	6.835	8.042	14.833	13.830
27/05/1999	0.000	6.221	8.625	14.417	11.500
28/05/1999	2.513	5.483	9.104	13.792	11.360
29/05/1999	0.000	5.788	8.500	13.750	41.880
30/05/1999	0.000	6.864	8.479	15.229	24.650
31/05/1999	0.000	6.114	7.229	13.292	15.650
01/06/1999	0.000	6.538	8.062	14.500	12.490
02/06/1999	0.000	6.256	8.396	14.354	34.800
03/06/1999	0.000	5.843	8.479	13.854	25.220
04/06/1999	0.000	4.201	8.583	11.771	15.650
05/06/1999	0.000	5.567	8.875	13.792	17.010
06/06/1999	0.000	7.058	6.833	14.438	15.140
07/06/1999	0.000	7.172	8.250	15.583	16.030
08/06/1999	16.480	4.956	9.062	13.146	15.140
09/06/1999	0.000	7.828	8.042	16.396	16.160
10/06/1999	16.480	6.550	8.521	14.917	20.670
11/06/1999	11.282	5.609	7.896	13.146	22.940
12/06/1999	0.000	6.804	8.938	15.583	15.650
13/06/1999	17.177	4.502	9.042	12.562	17.920
14/06/1999	0.000	6.210	7.771	13.917	17.350
15/06/1999	0.000	6.495	8.792	15.062	17.860
16/06/1999	0.000	6.027	8.146	13.938	13.320
17/06/1999	56.118	6.049	8.271	14.062	38.050
18/06/1999	0.000	5.308	8.604	13.292	17.350
19/06/1999	0.000	6.156	9.750	15.312	18.870
20/06/1999	0.000	5.311	9.375	13.896	39.100
21/06/1999	0.000	5.086	9.250	13.500	22.420
22/06/1999	0.000	5.730	8.438	13.750	16.840
23/06/1999	0.000	5.573	8.312	13.438	15.650
24/06/1999	0.000	6.089	7.146	13.312	14.480
25/06/1999	20.076	6.862	7.833	14.917	14.140
26/06/1999	0.000	6.291	8.104	14.292	12.320
27/06/1999	2.608	5.141	7.896	12.521	18.170
28/06/1999	2.722	7.008	7.625	14.979	14.470
29/06/1999	0.000	6.562	8.042	14.625	12.320
30/06/1999	0.000	5.791	8.729	14.042	15.680
01/07/1999	62.479	5.151	8.458	12.958	15.480
02/07/1999	2.392	6.408	8.188	14.500	14.140
03/07/1999	5.730	6.040	8.167	13.958	12.400
04/07/1999	0.000	7.145	7.708	15.208	16.500
05/07/1999	0.000	6.485	7.208	13.896	12.320
06/07/1999	0.000	5.738	7.854	13.292	10.940
07/07/1999	2.676	4.249	7.708	11.146	17.150
08/07/1999	0.000	6.011	7.229	13.208	19.530
09/07/1999	0.000	6.959	6.604	14.146	11.040
10/07/1999	0.000	7.670	5.292	14.333	10.800
11/07/1999	0.000	7.295	5.792	14.083	9.820
12/07/1999	1.237	6.712	7.167	14.146	8.980
13/07/1999	0.000	6.395	6.854	13.458	8.700
14/07/1999	0.000	6.367	7.042	13.542	13.480
15/07/1999	0.000	6.580	7.479	14.146	11.500
16/07/1999	1.793	6.495	7.896	14.312	9.680
17/07/1999	0.000	5.398	7.729	12.646	8.700
18/07/1999	0.000	7.149	7.917	15.229	8.700
19/07/1999	0.000	5.361	8.333	13.042	8.430
20/07/1999	0.000	5.984	8.188	13.771	8.430
21/07/1999	0.000	5.647	8.292	13.375	22.750
22/07/1999	0.000	5.987	7.417	13.188	21.620
23/07/1999	1.556	6.471	8.167	14.396	21.800
24/07/1999	0.742	6.452	8.104	14.312	36.770
25/07/1999	0.000	6.553	8.042	14.396	32.330
26/07/1999	0.000	7.568	6.792	14.958	25.240
27/07/1999	0.000	5.381	8.479	13.104	21.900
28/07/1999	0.000	6.194	7.917	13.771	14.850
29/07/1999	0.000	5.999	8.042	13.583	52.360
30/07/1999	0.000	5.672	7.562	12.771	25.600
31/07/1999	3.532	6.542	7.792	14.125	43.200
01/08/1999	0.372	5.327	7.854	12.500	48.950
02/08/1999	0.000	5.811	6.500	12.146	39.100
03/08/1999	0.000	6.653	7.042	13.708	38.020
04/08/1999	0.000	6.324	6.479	12.833	16.500
05/08/1999	0.691	7.425	7.292	14.938	12.490
06/08/1999	0.000	8.597	8.646	17.458	11.660
07/08/1999	7.580	6.516	9.083	14.938	15.150
08/08/1999	0.000	3.907	8.708	11.354	61.450
09/08/1999	10.669	5.391	7.958	12.583	23.700
10/08/1999	0.000	7.988	7.229	15.604	18.300
11/08/1999	0.000	5.681	6.917	12.167	14.640
12/08/1999	3.790	6.649	7.458	13.875	17.400
13/08/1999	5.803	6.889	8.333	14.812	18.300
14/08/1999	0.000	6.392	8.208	14.042	19.150
15/08/1999	0.677	6.333	7.271	13.271	51.550
16/08/1999	0.000	7.167	7.708	14.708	42.900
17/08/1999	0.000	9.551	4.917	16.229	29.730
18/08/1999	0.000	7.631	6.292	14.354	15.990
19/08/1999	0.000	7.508	7.396	14.917	13.980
20/08/1999	0.000	6.178	7.896	13.458	11.630
21/08/1999	0.000	6.501	8.208	14.104	10.590
22/08/1999	0.000	8.450	7.083	15.958	11.520
23/08/1999	0.000	8.560	7.354	16.271	9.960
24/08/1999	0.797	6.338	7.833	13.583	9.680
25/08/1999	0.303	7.251	8.333	15.146	9.820
26/08/1999	0.000	6.438	7.854	13.708	10.100
27/08/1999	7.069	6.254	7.771	13.396	9.540
28/08/1999	1.165	7.476	8.521	15.542	8.980
29/08/1999	0.805	8.071	8.208	16.104	9.400
30/08/1999	12.851	6.323	8.646	14.104	8.700
31/08/1999	0.000	7.608	7.354	14.875	8.700
01/09/1999	0.000	7.102	8.188	14.771	8.430
02/09/1999	3.493	7.350	7.646	14.708	9.820
03/09/1999	1.674	7.462	7.167	14.521	11.080
04/09/1999	0.000	6.438	7.729	13.542	11.360
05/09/1999	11.239	6.460	8.042	13.792	11.500
06/09/1999	0.000	6.931	8.729	14.896	10.800
07/09/1999	0.000	8.583	8.292	16.750	10.520
08/09/1999	0.000	8.935	8.042	17.042	12.660
09/09/1999	6.416	9.192	8.104	17.417	10.520
10/09/1999	30.824	6.425	8.625	14.146	10.660
11/09/1999	8.315	6.913	9.229	15.208	22.770
12/09/1999	6.573	8.458	7.688	16.146	14.800
13/09/1999	0.000	8.441	8.229	16.479	14.800
14/09/1999	23.038	6.988	8.771	14.958	14.470
15/09/1999	4.109	7.609	8.792	15.771	15.650
16/09/1999	3.547	6.862	9.708	15.479	17.940
17/09/1999	8.517	4.591	8.500	11.771	27.700
18/09/1999	0.000	7.355	7.500	14.521	21.520
19/09/1999	16.725	6.359	7.792	13.417	13.650
20/09/1999	8.871	7.577	8.333	15.396	14.640
21/09/1999	0.000	7.945	8.125	15.729	14.470
22/09/1999	3.784	6.487	8.250	13.917	23.700
23/09/1999	0.000	6.603	8.104	13.958	21.800
24/09/1999	0.000	8.178	8.042	15.979	14.820
25/09/1999	0.000	6.849	8.292	14.417	11.360
26/09/1999	11.430	8.089	8.542	16.208	11.500
27/09/1999	19.015	5.960	8.667	13.562	23.700
28/09/1999	0.000	3.992	8.667	11.229	26.950
29/09/1999	9.426	7.018	8.208	14.583	22.800
30/09/1999	5.213	8.105	7.208	15.333	20.540
01/10/1999	14.592	8.571	6.625	15.583	22.850
02/10/1999	21.256	6.478	6.604	12.729	18.300
03/10/1999	0.000	7.165	7.979	14.625	17.970
04/10/1999	0.000	6.385	7.375	13.167	31.400
05/10/1999	18.421	7.655	6.062	13.979	31.020
06/10/1999	1.261	7.229	6.521	13.708	19.100
07/10/1999	0.000	6.857	7.438	13.854	17.180
08/10/1999	0.000	7.158	6.125	13.354	15.480
09/10/1999	0.000	5.888	6.875	12.167	12.540
10/10/1999	0.000	8.321	6.542	15.250	11.220
11/10/1999	0.000	7.452	7.479	14.708	10.380
12/10/1999	22.854	7.190	7.104	14.104	11.420
13/10/1999	0.000	5.498	6.833	11.646	26.120
14/10/1999	0.000	6.351	7.667	13.396	19.150
15/10/1999	0.000	6.965	6.250	13.229	15.650
16/10/1999	0.000	7.752	6.938	14.792	15.320
17/10/1999	10.503	8.026	7.542	15.583	13.810
18/10/1999	0.000	7.416	8.021	15.104	13.980
19/10/1999	0.000	6.231	8.104	13.604	17.310
20/10/1999	0.000	6.904	8.104	14.500	13.980
21/10/1999	0.000	9.002	7.000	16.604	11.220
22/10/1999	0.000	7.145	7.854	14.667	10.100
23/10/1999	18.786	6.714	8.667	14.688	8.700
24/10/1999	0.000	8.002	8.417	16.229	12.540
25/10/1999	0.000	5.266	9.229	13.292	12.050
26/10/1999	0.000	7.633	8.729	15.979	10.520
27/10/1999	0.000	4.304	8.979	11.958	10.380
28/10/1999	11.150	6.166	8.354	13.792	15.950
29/10/1999	0.000	7.486	9.271	16.208	14.470
30/10/1999	57.999	6.018	8.667	13.854	26.740
31/10/1999	0.000	7.713	8.417	15.938	15.320
01/11/1999	0.000	8.031	7.854	16.000	10.940
02/11/1999	16.278	6.927	9.979	16.042	11.080
03/11/1999	22.161	7.905	8.917	16.583	15.330
04/11/1999	2.300	7.974	9.542	17.125	13.650
05/11/1999	0.000	7.156	9.000	15.667	14.990
06/11/1999	0.000	6.935	8.521	15.042	12.050
07/11/1999	18.038	5.516	9.188	13.688	10.240
08/11/1999	0.000	7.222	9.083	15.854	9.820
09/11/1999	0.000	7.882	9.438	17.000	9.960
10/11/1999	0.000	6.357	9.167	14.792	11.080
11/11/1999	0.000	5.208	9.104	13.271	18.940
12/11/1999	0.000	5.601	8.250	13.125	18.300
13/11/1999	0.000	6.904	8.542	15.104	18.300
14/11/1999	0.000	8.126	7.958	16.396	11.080
15/11/1999	0.000	6.113	9.354	14.667	9.120
16/11/1999	14.197	7.738	8.188	16.042	11.080
17/11/1999	31.602	6.294	8.500	14.292	10.380
18/11/1999	0.000	5.799	8.625	13.729	22.750
19/11/1999	0.000	6.489	8.708	14.729	15.160
20/11/1999	0.000	7.111	9.167	15.917	11.500
21/11/1999	10.540	7.528	8.604	16.104	11.220
22/11/1999	26.713	5.400	8.396	13.062	11.660
23/11/1999	15.251	6.838	8.417	15.042	17.890
24/11/1999	15.595	6.199	8.125	13.958	12.820
25/11/1999	0.000	5.268	8.458	12.958	13.150
26/11/1999	7.493	6.910	8.500	15.229	12.820
27/11/1999	4.910	6.050	7.229	13.125	11.830
28/11/1999	28.052	6.333	7.208	13.521	13.980
29/11/1999	0.000	7.605	7.250	15.375	13.150
30/11/1999	17.708	7.117	8.125	15.292	9.820
01/12/1999	0.000	6.090	9.208	14.667	10.800
02/12/1999	0.000	5.294	9.292	13.688	12.870
03/12/1999	7.464	7.171	8.250	15.479	12.820
04/12/1999	0.000	6.591	9.021	15.229	14.510
05/12/1999	30.165	6.989	9.208	15.917	23.340
06/12/1999	4.852	7.203	9.312	16.292	14.310
07/12/1999	0.000	6.714	9.250	15.583	18.560
08/12/1999	5.546	6.600	9.229	15.417	15.650
09/12/1999	10.795	5.705	9.417	14.354	13.650
10/12/1999	11.077	7.212	8.375	15.667	11.220
11/12/1999	26.657	6.867	8.083	14.979	12.980
12/12/1999	24.318	6.301	9.000	14.854	11.080
13/12/1999	2.339	5.994	9.604	14.896	15.650
14/12/1999	0.000	5.972	7.938	13.625	19.490
15/12/1999	0.000	6.923	8.896	15.646	16.840
16/12/1999	0.000	6.774	8.833	15.396	12.540
17/12/1999	0.000	6.986	9.500	16.167	20.540
18/12/1999	1.990	6.626	9.146	15.417	24.840
19/12/1999	0.000	7.154	8.375	15.604	17.180
20/12/1999	26.353	6.699	9.062	15.458	11.830
21/12/1999	0.000	6.271	9.688	15.333	11.660
22/12/1999	13.722	5.620	10.271	14.917	13.480
23/12/1999	21.582	6.219	7.833	13.896	13.810
24/12/1999	0.000	6.277	9.292	15.042	13.650
25/12/1999	0.000	7.066	8.833	15.792	21.440
26/12/1999	0.000	7.870	7.729	16.167	18.540
27/12/1999	0.000	7.652	8.562	16.417	10.800
28/12/1999	0.000	8.364	7.042	16.417	9.960
29/12/1999	0.000	8.116	7.312	16.229	8.980
30/12/1999	0.000	7.937	8.271	16.604	8.700
31/12/1999	0.000	7.788	7.854	16.104	8.020
01/01/2000	0.000	7.593	9.771	17.146	7.620
02/01/2000	0.000	6.709	9.396	15.667	7.760
03/01/2000	0.000	7.086	9.125	15.979	7.890
04/01/2000	8.478	7.978	9.042	17.146	7.480
05/01/2000	0.000	7.720	8.667	16.521	7.480
06/01/2000	0.000	6.137	9.104	14.646	7.480
07/01/2000	0.000	3.703	9.854	12.208	18.810
08/01/2000	0.000	7.538	8.354	16.021	12.660
09/01/2000	0.000	7.611	7.854	15.771	14.470
10/01/2000	0.000	6.975	8.667	15.438	18.560
11/01/2000	0.000	6.548	8.917	15.021	12.730
12/01/2000	0.000	6.605	8.479	14.771	8.720
13/01/2000	0.000	7.685	7.771	15.771	9.270
14/01/2000	0.000	8.603	7.146	16.646	11.480
15/01/2000	0.000	6.835	8.021	14.729	11.220
16/01/2000	0.000	6.623	8.333	14.646	11.690
17/01/2000	0.000	6.168	8.792	14.354	8.700
18/01/2000	0.000	6.493	8.292	14.417	16.500
19/01/2000	0.000	6.884	6.833	13.917	10.100
20/01/2000	0.000	4.173	8.104	11.208	27.550
21/01/2000	0.000	6.188	8.396	14.042	13.650
22/01/2000	0.000	6.072	8.479	13.938	9.680
23/01/2000	0.000	6.799	9.042	15.312	8.700
24/01/2000	0.000	7.724	8.104	15.896	9.830
25/01/2000	40.209	6.790	9.125	15.333	7.760
26/01/2000	38.607	6.127	8.667	14.104	9.130
27/01/2000	52.492	7.202	7.854	14.958	12.260
28/01/2000	0.000	7.554	8.979	16.208	12.940
29/01/2000	0.000	6.801	9.292	15.417	11.280
30/01/2000	24.743	6.592	8.604	14.625	13.150
31/01/2000	0.000	7.103	8.688	15.354	15.680
01/02/2000	0.000	6.143	7.812	13.417	18.420
02/02/2000	0.000	5.563	7.854	12.667	14.800
03/02/2000	0.000	7.194	7.812	14.812	15.680
04/02/2000	0.000	7.876	7.812	15.729	12.320
05/02/2000	0.000	7.615	7.750	15.312	9.260
06/02/2000	0.000	7.545	6.812	14.562	8.980
07/02/2000	0.000	7.422	6.688	14.292	8.160
08/02/2000	0.000	8.514	6.042	15.375	7.080
09/02/2000	0.000	8.734	6.562	16.000	6.540
10/02/2000	3.687	7.697	9.167	16.333	5.780
11/02/2000	3.306	7.855	8.229	15.875	6.400
12/02/2000	0.000	8.282	8.083	16.333	5.780
13/02/2000	0.000	8.677	7.938	16.750	6.270
14/02/2000	0.000	7.675	7.917	15.375	5.780
15/02/2000	0.000	7.642	6.875	14.604	5.560
16/02/2000	0.000	7.920	6.042	14.417	6.680
17/02/2000	27.572	5.573	6.750	11.688	7.770
18/02/2000	0.000	6.696	7.771	13.917	6.270
19/02/2000	0.000	7.154	8.021	14.688	6.400
20/02/2000	0.000	7.427	7.938	14.979	6.680
21/02/2000	0.000	6.787	8.083	14.229	6.940
22/02/2000	17.575	6.011	8.354	13.417	7.760
23/02/2000	0.000	7.529	8.417	15.417	8.020
24/02/2000	28.363	6.345	8.562	13.979	7.480
25/02/2000	0.000	6.917	9.396	15.312	9.680
26/02/2000	0.000	7.152	8.479	14.938	13.650
27/02/2000	9.649	7.910	8.062	15.625	21.150
28/02/2000	28.249	7.740	8.396	15.625	15.680
29/02/2000	0.000	6.462	8.667	14.167	12.820
01/03/2000	12.759	6.159	8.271	13.479	27.520
02/03/2000	9.049	6.164	8.104	13.354	17.250
03/03/2000	0.619	6.968	8.729	14.833	19.660
04/03/2000	0.000	6.681	8.667	14.417	17.440
05/03/2000	8.356	5.943	8.167	13.104	15.650
06/03/2000	5.724	5.857	8.479	13.229	12.320
07/03/2000	0.000	8.454	7.917	16.167	16.160
08/03/2000	11.484	7.261	8.917	15.312	13.980
09/03/2000	2.785	7.412	8.917	15.500	9.120
10/03/2000	0.000	7.227	8.729	15.125	8.430
11/03/2000	0.000	8.102	8.167	15.854	7.620
12/03/2000	0.000	6.951	7.375	13.792	7.890
13/03/2000	0.000	7.074	8.667	14.875	8.840
14/03/2000	0.000	7.489	8.188	15.062	7.890
15/03/2000	0.000	8.043	7.688	15.438	10.100
16/03/2000	0.000	9.224	7.604	16.938	8.710
17/03/2000	0.000	8.496	8.104	16.312	7.480
18/03/2000	0.000	7.868	8.562	15.812	6.270
19/03/2000	0.000	6.932	8.292	14.417	7.080
20/03/2000	0.000	6.490	8.208	13.792	7.350
21/03/2000	0.000	7.557	7.167	14.438	7.490
22/03/2000	0.000	6.053	8.604	13.542	6.940
23/03/2000	22.287	6.863	7.833	14.000	8.020
24/03/2000	16.620	7.503	8.625	15.396	6.140
25/03/2000	24.930	4.514	8.000	11.208	39.000
26/03/2000	0.000	7.587	7.000	14.375	18.300
27/03/2000	1.179	8.607	6.438	15.375	18.300
28/03/2000	38.950	6.675	7.688	13.667	29.250
29/03/2000	0.000	6.624	7.771	13.667	14.340
30/03/2000	0.000	7.639	7.896	15.083	11.500
31/03/2000	0.000	8.362	7.625	15.854	16.840
01/04/2000	0.000	7.226	7.729	14.438	11.080
02/04/2000	0.000	6.951	7.729	14.083	9.260
03/04/2000	0.000	6.494	7.479	13.312	12.840
04/04/2000	0.000	6.203	8.896	14.000	8.300
05/04/2000	0.000	5.204	8.354	12.354	12.430
06/04/2000	0.000	6.953	7.479	13.938	10.660
07/04/2000	0.678	6.246	8.354	13.667	17.940
08/04/2000	15.825	7.278	7.792	14.604	11.080
09/04/2000	6.420	7.940	8.500	15.979	11.410
10/04/2000	0.000	6.967	8.188	14.500	10.100
11/04/2000	14.804	6.133	7.917	13.229	8.570
12/04/2000	0.000	5.572	8.188	12.729	7.620
13/04/2000	22.661	7.164	7.604	14.375	20.000
14/04/2000	22.661	7.077	8.625	15.000	15.340
15/04/2000	0.000	7.369	8.750	15.479	17.240
16/04/2000	15.723	5.807	8.438	13.250	13.150
17/04/2000	1.209	4.844	8.250	11.917	23.700
18/04/2000	0.000	8.358	7.792	16.167	22.280
19/04/2000	12.942	7.228	8.438	15.125	16.170
20/04/2000	0.000	5.522	8.771	13.188	20.720
21/04/2000	9.953	6.125	7.708	13.167	15.680
22/04/2000	1.534	7.567	7.917	15.250	13.810
23/04/2000	14.212	5.471	8.625	13.042	10.940
24/04/2000	0.000	4.085	8.938	11.646	11.390
25/04/2000	0.000	6.783	7.667	14.062	36.000
26/04/2000	0.000	6.103	8.562	13.833	14.170
27/04/2000	2.268	5.936	8.750	13.771	14.820
28/04/2000	0.000	6.257	7.667	13.396	13.150
29/04/2000	0.000	6.613	8.167	14.250	11.990
30/04/2000	0.000	7.048	7.938	14.688	20.000
01/05/2000	1.831	7.178	9.167	15.750	16.500
02/05/2000	23.428	8.013	8.229	16.229	12.320
03/05/2000	3.744	6.838	9.625	15.667	10.970
04/05/2000	12.002	5.571	8.792	13.417	33.810
05/05/2000	0.000	6.605	8.667	14.688	17.520
06/05/2000	21.284	6.235	8.604	14.167	16.500
07/05/2000	0.000	7.022	8.979	15.500	21.660
08/05/2000	0.000	5.745	9.250	14.042	19.100
09/05/2000	7.425	5.385	8.167	12.750	21.900
10/05/2000	0.000	4.631	8.938	12.417	20.000
11/05/2000	0.000	7.176	8.542	15.458	13.980
12/05/2000	0.000	6.708	8.938	15.125	17.690
13/05/2000	26.889	6.955	8.979	15.500	19.100
14/05/2000	0.000	6.900	8.625	15.188	20.000
15/05/2000	0.000	6.425	8.375	14.375	20.000
16/05/2000	0.000	8.164	8.479	16.854	18.200
17/05/2000	0.000	5.467	9.312	13.833	14.800
18/05/2000	33.022	5.720	10.062	14.750	15.650
19/05/2000	30.123	5.422	8.417	13.104	37.200
20/05/2000	10.157	7.289	8.604	15.792	22.750
21/05/2000	38.316	5.024	9.479	13.438	35.250
22/05/2000	0.000	6.279	8.750	14.542	27.880
23/05/2000	8.762	5.551	8.083	13.062	37.150
24/05/2000	0.000	5.943	8.104	13.625	27.500
25/05/2000	0.000	6.457	8.771	14.833	30.780
26/05/2000	0.000	6.571	9.229	15.333	36.150
27/05/2000	0.000	5.787	9.750	14.688	33.300
28/05/2000	0.000	5.732	8.354	13.562	26.580
29/05/2000	0.000	6.260	8.229	14.208	17.400
30/05/2000	0.000	6.538	7.167	13.854	28.470
31/05/2000	0.000	6.400	8.188	14.396	25.600
01/06/2000	1.517	6.202	8.667	14.479	26.550
02/06/2000	0.000	7.283	7.833	15.417	23.320
03/06/2000	0.000	6.545	9.479	15.562	17.690
04/06/2000	0.000	6.311	8.854	14.792	14.800
05/06/2000	2.439	7.192	8.521	15.792	13.980
06/06/2000	0.000	6.372	9.229	15.167	14.970
07/06/2000	0.000	6.618	8.521	15.000	14.800
08/06/2000	1.400	5.713	8.938	14.062	15.310
09/06/2000	0.000	6.530	8.271	14.708	14.820
10/06/2000	15.887	6.424	8.438	14.688	12.820
11/06/2000	0.000	5.935	8.146	13.792	11.990
12/06/2000	0.000	6.665	8.354	14.979	11.220
13/06/2000	0.000	6.042	7.583	13.542	10.800
14/06/2000	0.000	7.084	8.562	15.729	11.690
15/06/2000	0.000	6.375	9.188	15.188	11.830
16/06/2000	11.798	5.636	9.688	14.562	22.340
17/06/2000	28.703	5.011	9.062	13.250	31.400
18/06/2000	16.807	5.843	8.708	14.104	22.750
19/06/2000	0.000	6.324	8.646	14.729	17.710
20/06/2000	0.000	5.968	8.750	14.312	14.140
21/06/2000	8.794	5.900	8.792	14.250	28.520
22/06/2000	0.000	6.249	8.646	14.625	40.050
23/06/2000	0.000	4.954	8.729	12.917	36.220
24/06/2000	20.223	5.775	8.188	13.625	57.720
25/06/2000	25.435	5.675	8.375	13.625	39.970
26/06/2000	1.637	6.857	8.146	15.125	28.830
27/06/2000	0.000	7.517	7.708	15.771	27.500
28/06/2000	0.000	6.391	7.333	13.875	29.400
29/06/2000	0.000	6.970	7.958	15.146	21.800
30/06/2000	9.033	6.008	9.146	14.646	16.500
01/07/2000	0.000	5.837	8.708	14.083	16.500
02/07/2000	0.000	6.560	8.854	15.188	17.520
03/07/2000	3.808	5.410	8.583	13.396	18.950
04/07/2000	0.000	5.733	8.583	13.833	22.180
05/07/2000	0.000	5.692	8.500	13.708	28.450
06/07/2000	1.649	6.884	8.042	15.042	31.400
07/07/2000	5.350	6.104	7.417	13.479	22.390
08/07/2000	0.000	6.531	7.917	14.438	17.860
09/07/2000	0.000	6.738	8.333	15.021	16.840
10/07/2000	0.000	7.041	7.792	15.062	15.650
11/07/2000	0.000	6.700	8.229	14.875	14.800
12/07/2000	0.000	6.249	8.396	14.354	15.650
13/07/2000	0.000	6.153	8.812	14.521	18.300
14/07/2000	0.000	5.972	7.979	13.646	32.330
15/07/2000	0.000	6.151	8.104	13.979	33.300
16/07/2000	0.000	7.666	6.292	14.896	23.700
17/07/2000	0.000	6.676	7.771	14.458	20.360
18/07/2000	0.000	7.996	8.375	16.729	16.160
19/07/2000	0.000	7.265	9.146	16.229	19.300
20/07/2000	66.585	5.942	9.062	14.354	20.000
21/07/2000	2.502	6.049	8.292	13.917	19.280
22/07/2000	0.000	7.190	8.104	15.354	18.400
23/07/2000	0.000	6.671	8.896	15.188	16.160
24/07/2000	0.000	5.607	8.688	13.583	16.500
25/07/2000	0.000	4.218	8.833	11.917	17.520
26/07/2000	0.000	5.984	8.625	14.021	42.850
27/07/2000	0.000	5.957	7.167	12.896	29.290
28/07/2000	0.000	6.750	7.104	13.958	23.130
29/07/2000	0.000	5.198	7.042	11.729	19.100
30/07/2000	0.000	7.201	6.479	14.146	22.750
31/07/2000	8.415	8.302	5.854	15.312	22.230
01/08/2000	0.000	6.320	8.333	14.188	22.750
02/08/2000	2.938	7.705	7.646	15.604	16.330
03/08/2000	2.448	6.607	8.375	14.583	18.200
04/08/2000	35.673	5.334	8.083	12.646	38.100
05/08/2000	0.000	7.388	7.083	14.729	26.740
06/08/2000	1.987	7.203	8.021	15.104	20.000
07/08/2000	0.000	6.323	8.062	13.917	17.180
08/08/2000	0.921	7.504	7.646	15.229	20.360
09/08/2000	0.000	6.422	8.625	14.438	25.220
10/08/2000	0.000	7.334	7.938	15.167	29.020
11/08/2000	1.495	6.733	6.792	13.521	27.500
12/08/2000	0.000	7.836	6.646	14.958	22.750
13/08/2000	0.000	7.819	7.271	15.333	16.840
14/08/2000	0.290	6.161	7.167	12.958	15.310
15/08/2000	0.593	8.115	6.729	15.354	15.820
16/08/2000	2.165	6.452	7.979	13.917	54.900
17/08/2000	0.000	6.980	7.042	13.958	37.200
18/08/2000	0.000	7.428	7.104	14.604	32.330
19/08/2000	0.000	6.578	8.021	14.083	33.300
20/08/2000	0.000	7.435	6.729	14.333	26.930
21/08/2000	1.005	7.714	7.167	15.000	29.670
22/08/2000	0.000	6.442	9.021	14.604	20.450
23/08/2000	0.000	6.977	8.333	14.792	37.100
24/08/2000	1.005	6.088	8.458	13.708	30.780
25/08/2000	0.000	7.744	9.229	16.417	50.500
01/01/2001	0.000	5.896	8.271	13.729	49.500
02/01/2001	0.000	7.051	7.646	14.896	47.700
03/01/2001	0.000	7.321	6.750	14.667	40.600
04/01/2001	11.898	8.673	7.083	16.833	37.200
05/01/2001	0.609	6.087	8.792	14.354	35.300
06/01/2001	1.066	7.705	8.896	16.646	38.200
07/01/2001	0.000	7.959	8.021	16.396	38.200
08/01/2001	0.000	7.912	7.667	16.083	36.000
09/01/2001	0.000	7.715	7.542	15.708	35.100
10/01/2001	0.589	7.071	8.479	15.438	35.400
11/01/2001	10.494	7.831	7.333	15.708	35.400
12/01/2001	0.000	6.951	7.979	14.896	35.100
13/01/2001	4.110	6.943	7.146	14.292	34.100
14/01/2001	0.000	7.509	6.771	14.833	34.300
15/01/2001	2.340	7.840	6.354	15.021	33.300
16/01/2001	0.000	7.011	7.479	14.583	33.700
17/01/2001	32.432	5.964	7.646	13.229	33.700
18/01/2001	0.779	6.153	7.646	13.479	34.100
19/01/2001	0.596	6.555	7.583	13.979	32.300
20/01/2001	0.000	6.885	7.896	14.646	34.700
21/01/2001	0.000	6.319	7.979	13.917	36.200
22/01/2001	1.227	7.807	7.208	15.438	36.800
23/01/2001	0.000	7.372	7.458	14.979	34.300
24/01/2001	0.000	6.250	7.271	13.271	34.100
25/01/2001	0.000	6.365	7.271	13.417	33.700
26/01/2001	0.000	6.089	7.438	13.146	46.700
27/01/2001	0.000	7.364	6.646	14.354	32.700
28/01/2001	0.000	7.517	7.396	15.062	32.900
29/01/2001	0.000	7.128	7.083	14.292	31.900
30/01/2001	0.000	8.403	6.125	15.438	31.400
31/01/2001	0.000	8.086	7.188	15.667	31.400
01/02/2001	0.000	7.207	6.750	14.125	31.400
02/02/2001	3.849	7.236	7.042	14.354	31.200
03/02/2001	14.828	6.798	7.979	14.396	31.400
04/02/2001	0.326	6.941	6.688	13.667	33.100
05/02/2001	0.326	6.570	6.312	12.875	32.500
06/02/2001	0.567	6.258	7.000	12.917	32.100
07/02/2001	0.000	6.878	6.875	13.667	31.700
08/02/2001	0.000	6.007	7.917	13.229	32.100
09/02/2001	0.000	7.303	7.062	14.354	33.900
10/02/2001	20.021	6.679	6.938	13.396	41.000
11/02/2001	6.029	6.207	7.438	13.104	51.500
12/02/2001	0.000	7.264	7.562	14.604	38.200
13/02/2001	0.000	7.422	7.667	14.875	38.200
14/02/2001	0.000	8.087	7.062	15.354	34.100
15/02/2001	0.000	8.214	7.792	16.000	33.700
16/02/2001	0.000	9.308	6.625	16.708	32.300
17/02/2001	0.000	9.112	7.167	16.771	31.700
18/02/2001	0.000	8.469	7.250	15.938	32.300
19/02/2001	3.858	8.048	7.562	15.562	31.500
20/02/2001	6.305	8.186	8.229	16.188	32.100
21/02/2001	10.257	7.118	8.500	14.958	39.300
22/02/2001	19.476	4.534	9.292	12.375	43.300
23/02/2001	9.146	6.857	8.792	14.812	42.500
24/02/2001	0.000	6.570	8.083	13.917	41.000
25/02/2001	3.074	8.284	6.729	15.250	38.200
26/02/2001	5.016	6.631	8.375	14.188	36.000
27/02/2001	0.518	8.060	8.771	16.312	36.400
28/02/2001	0.000	7.248	8.854	15.312	42.900
01/03/2001	0.000	5.978	9.000	13.812	41.200
02/03/2001	0.000	6.499	8.021	13.729	38.200
03/03/2001	11.191	7.444	8.271	15.125	36.200
04/03/2001	11.191	6.068	8.604	13.604	43.800
05/03/2001	0.000	7.605	6.875	14.354	53.400
06/03/2001	4.762	6.238	8.917	14.042	44.200
07/03/2001	0.000	7.166	8.604	14.979	37.600
08/03/2001	0.000	6.652	7.542	13.542	37.200
09/03/2001	0.392	6.908	8.729	14.729	36.800
10/03/2001	9.524	7.104	8.333	14.688	36.800
11/03/2001	0.719	7.907	8.104	15.562	35.800
12/03/2001	0.000	8.546	6.792	15.521	33.300
13/03/2001	0.000	8.854	7.000	16.062	32.300
14/03/2001	9.010	7.700	7.667	14.979	34.100
15/03/2001	5.423	7.033	8.396	14.625	32.900
16/03/2001	12.342	6.867	8.604	14.562	35.600
17/03/2001	0.711	6.722	8.458	14.271	36.000
18/03/2001	8.272	6.679	7.792	13.729	35.800
19/03/2001	0.000	5.649	8.979	13.333	35.800
20/03/2001	11.526	9.009	8.104	16.979	36.800
21/03/2001	8.013	5.546	8.604	12.917	38.200
22/03/2001	17.083	7.914	7.938	15.438	49.400
23/03/2001	14.476	6.624	7.917	13.750	46.100
24/03/2001	2.307	6.313	7.750	13.229	43.500
25/03/2001	0.000	7.538	8.062	15.042	39.500
26/03/2001	6.492	7.330	7.583	14.438	36.200
27/03/2001	3.232	7.402	7.979	14.812	35.600
28/03/2001	0.000	7.749	8.042	15.312	34.700
29/03/2001	9.130	5.444	8.208	12.500	35.100
30/03/2001	0.000	6.781	7.750	13.854	36.400
31/03/2001	0.000	8.267	7.542	15.667	36.600
01/04/2001	0.000	8.660	8.188	16.625	35.300
02/04/2001	15.127	7.125	8.438	14.812	35.400
03/04/2001	2.741	6.326	8.625	13.938	35.100
04/04/2001	0.000	8.386	7.354	15.729	33.500
05/04/2001	0.000	6.717	8.188	14.125	32.900
06/04/2001	10.963	6.303	8.750	14.021	34.700
07/04/2001	0.000	4.625	9.188	12.354	37.600
08/04/2001	0.000	7.598	7.854	15.062	53.400
09/04/2001	0.000	6.490	8.625	14.188	39.700
10/04/2001	0.000	7.764	7.354	14.958	33.300
11/04/2001	0.000	6.912	7.854	14.188	36.800
12/04/2001	0.000	6.713	8.771	14.604	37.600
13/04/2001	8.805	7.067	8.062	14.562	62.500
14/04/2001	9.212	7.398	7.604	14.688	43.500
15/04/2001	11.580	7.569	7.979	15.188	41.400
16/04/2001	0.000	6.286	8.104	13.604	42.900
17/04/2001	0.000	4.880	7.312	11.208	49.700
18/04/2001	0.000	7.854	7.458	15.250	54.000
19/04/2001	25.489	7.636	8.312	15.562	47.700
20/04/2001	0.000	8.027	8.604	16.292	49.000
21/04/2001	0.000	7.509	7.979	15.188	44.600
22/04/2001	0.000	7.449	8.250	15.312	42.500
23/04/2001	7.339	5.756	8.688	13.438	41.800
24/04/2001	0.000	6.634	8.750	14.625	42.700
25/04/2001	0.000	6.196	8.042	13.542	42.500
26/04/2001	2.678	6.434	9.125	14.667	55.200
27/04/2001	0.000	7.343	7.812	14.938	55.600
28/04/2001	6.685	6.366	9.125	14.604	54.000
29/04/2001	0.000	5.871	9.062	13.938	47.100
30/04/2001	15.413	6.809	8.438	14.708	48.200
01/05/2001	14.495	7.480	9.125	16.104	63.100
02/05/2001	0.422	6.736	8.875	14.958	49.900
03/05/2001	0.000	5.930	8.542	13.667	45.200
04/05/2001	0.480	6.770	8.604	14.833	67.700
05/05/2001	0.000	7.296	8.292	15.333	57.800
06/05/2001	0.507	7.727	9.167	16.542	42.700
07/05/2001	0.000	7.653	9.812	16.917	43.500
08/05/2001	36.352	4.841	9.812	13.354	61.300
09/05/2001	0.000	6.918	9.521	15.771	63.700
11/05/2001	0.000	7.468	8.979	16.146	57.800
12/05/2001	0.000	7.164	9.062	15.812	57.400
13/05/2001	0.922	6.671	9.604	15.562	44.000
14/05/2001	9.824	6.764	8.729	15.062	43.500
15/05/2001	0.000	7.281	9.188	16.104	43.700
16/05/2001	0.000	7.678	8.750	16.354	40.600
17/05/2001	0.000	7.081	8.938	15.688	40.400
18/05/2001	12.232	6.629	9.500	15.500	41.600
19/05/2001	0.000	5.409	9.500	13.917	83.400
20/05/2001	12.867	7.678	8.479	16.229	81.900
21/05/2001	1.538	4.986	8.812	12.854	46.300
22/05/2001	7.188	6.775	8.292	14.875	47.300
23/05/2001	0.000	6.741	8.542	15.021	44.000
24/05/2001	0.000	7.080	8.271	15.312	41.900
25/05/2001	0.000	7.451	8.042	15.688	40.600
26/05/2001	9.898	5.103	9.042	13.229	44.200
27/05/2001	0.000	6.730	8.375	14.938	43.500
28/05/2001	0.000	5.952	8.854	14.229	62.100
29/05/2001	26.564	6.219	8.917	14.646	62.200
30/05/2001	5.306	5.561	7.792	12.917	60.800
31/05/2001	0.000	6.414	7.479	13.896	56.000
01/06/2001	0.000	5.761	9.229	14.292	49.700
02/06/2001	0.000	7.891	7.604	16.125	47.700
03/06/2001	26.494	6.034	7.896	13.688	44.600
04/06/2001	0.000	6.698	6.958	13.979	45.800
05/06/2001	0.000	6.707	7.583	14.438	50.300
06/06/2001	2.724	6.673	8.083	14.750	49.200
07/06/2001	12.215	6.529	7.833	14.375	57.900
08/06/2001	0.000	7.018	7.292	14.708	54.000
09/06/2001	8.648	4.701	9.417	13.104	54.400
10/06/2001	0.000	5.279	8.583	13.208	80.200
11/06/2001	0.934	4.805	8.458	12.479	101.700
12/06/2001	0.000	6.069	8.000	13.875	71.700
13/06/2001	2.024	6.897	7.708	14.854	54.400
14/06/2001	1.673	6.873	6.604	14.062	36.500
15/06/2001	5.188	5.962	8.021	13.750	45.400
16/06/2001	19.163	7.040	8.083	15.333	45.800
17/06/2001	20.768	6.360	8.958	15.000	43.800
18/06/2001	12.488	5.923	8.812	14.292	42.700
19/06/2001	0.000	5.356	9.167	13.792	90.800
20/06/2001	0.000	4.291	8.917	12.208	78.600
21/06/2001	0.000	5.253	7.333	12.250	55.500
22/06/2001	0.000	6.629	7.062	14.042	45.900
23/06/2001	0.000	5.010	6.208	11.062	42.700
24/06/2001	0.000	7.331	6.521	14.708	39.700
25/06/2001	0.000	6.207	8.125	14.188	40.200
26/06/2001	0.000	6.894	8.125	15.167	36.800
27/06/2001	0.000	5.897	8.271	13.854	43.800
28/06/2001	0.000	6.157	7.771	13.854	64.200
29/06/2001	0.000	5.067	8.354	12.771	94.000
30/06/2001	0.000	5.919	8.688	14.188	51.800
01/07/2001	0.000	5.774	8.958	14.188	54.400
02/07/2001	0.000	6.652	7.729	14.521	43.800
03/07/2001	0.000	6.046	9.000	14.583	42.000
04/07/2001	0.000	5.722	9.396	14.438	40.600
05/07/2001	0.000	6.222	9.167	14.938	36.800
06/07/2001	24.382	5.927	8.542	14.062	57.400
07/07/2001	0.000	6.409	8.771	14.896	48.700
08/07/2001	1.338	6.183	8.896	14.667	41.600
09/07/2001	1.196	4.808	8.708	12.667	39.900
10/07/2001	1.082	7.286	8.896	16.188	40.600
11/07/2001	0.000	7.135	8.292	15.542	40.000
12/07/2001	0.000	4.605	9.208	12.792	38.700
13/07/2001	0.000	4.026	9.021	11.917	37.200
14/07/2001	0.000	7.443	7.604	15.479	36.200
15/07/2001	0.000	5.859	8.021	13.521	33.900
16/07/2001	0.000	7.292	7.979	15.500	36.800
17/07/2001	0.000	7.237	8.229	15.583	34.900
18/07/2001	0.000	6.044	8.979	14.458	33.500
19/07/2001	17.503	5.746	9.271	14.271	32.100
20/07/2001	14.648	5.339	9.271	13.729	40.200
21/07/2001	2.088	4.984	8.917	12.979	40.400
22/07/2001	0.000	6.774	8.521	15.083	49.300
23/07/2001	0.000	5.869	7.542	13.104	42.300
24/07/2001	0.000	7.652	6.188	14.708	38.500
25/07/2001	0.000	8.726	6.042	16.167	32.900
26/07/2001	2.155	8.035	7.229	15.917	31.700
27/07/2001	1.521	8.016	7.729	16.208	35.300
28/07/2001	24.333	5.265	8.042	12.604	34.700
29/07/2001	0.000	7.875	6.729	15.312	34.900
30/07/2001	1.215	6.618	8.729	14.917	33.900
31/07/2001	0.000	6.254	8.167	14.000	36.600
01/08/2001	0.000	7.393	7.875	15.354	34.300
02/08/2001	6.342	5.543	8.333	13.146	39.300
03/08/2001	0.000	6.239	7.875	13.729	61.100
04/08/2001	0.000	6.243	7.167	13.208	59.900
05/08/2001	0.000	7.384	7.708	15.167	44.800
06/08/2001	0.000	5.824	8.312	13.458	39.100
07/08/2001	0.000	6.981	7.833	14.667	36.000
08/08/2001	5.949	6.401	7.625	13.708	43.700
09/08/2001	0.000	7.827	6.917	15.188	40.100
10/08/2001	0.000	4.640	7.042	10.875	43.800
11/08/2001	0.000	4.777	7.646	11.521	84.500
12/08/2001	0.000	7.221	6.979	14.333	44.000
13/08/2001	0.000	5.928	7.396	12.833	33.900
14/08/2001	0.800	7.545	7.458	15.083	39.600
15/08/2001	5.014	6.365	8.583	14.271	37.700
16/08/2001	0.211	7.031	8.208	14.875	37.600
17/08/2001	0.000	6.558	8.583	14.500	36.200
18/08/2001	3.130	4.472	9.333	12.458	38.500
19/08/2001	0.000	6.473	8.708	14.458	35.300
20/08/2001	1.001	8.118	8.646	16.583	64.800
21/08/2001	0.000	6.668	8.333	14.417	69.000
22/08/2001	8.567	6.174	8.771	14.083	37.200
23/08/2001	11.783	6.879	6.646	13.479	29.600
24/08/2001	0.000	6.961	7.042	13.854	27.900
25/08/2001	10.513	7.576	7.104	14.729	26.000
26/08/2001	1.684	8.064	7.458	15.625	26.000
27/08/2001	0.000	8.159	8.062	16.146	27.100
28/08/2001	0.000	7.340	8.333	15.229	24.600
29/08/2001	6.757	6.779	7.958	14.208	24.100
30/08/2001	0.000	6.451	7.708	13.583	23.500
31/08/2001	0.000	7.337	7.521	14.625	22.400
01/09/2001	0.000	6.548	7.729	13.708	22.200
02/09/2001	0.000	7.754	7.854	15.396	25.200
03/09/2001	0.000	8.150	8.042	16.042	23.900
04/09/2001	0.000	6.805	8.417	14.521	24.800
05/09/2001	0.000	7.099	9.021	15.333	36.400
06/09/2001	10.607	5.959	8.167	13.229	54.500
07/09/2001	0.000	7.703	6.646	14.458	32.300
08/09/2001	0.000	7.145	7.417	14.229	25.800
09/09/2001	0.000	8.884	7.042	16.312	24.600
10/09/2001	0.000	7.601	8.771	15.771	23.900
11/09/2001	0.000	7.816	8.917	16.146	26.500
12/09/2001	17.022	7.713	8.042	15.396	36.400
13/09/2001	2.845	8.346	8.104	16.271	25.600
14/09/2001	43.178	5.005	8.167	12.000	29.400
15/09/2001	0.000	7.141	7.979	14.583	28.600
16/09/2001	0.000	9.204	7.021	16.688	28.500
17/09/2001	0.000	7.686	7.583	15.021	25.600
18/09/2001	0.000	7.295	7.792	14.646	23.700
19/09/2001	0.000	7.117	7.271	14.042	23.700
20/09/2001	0.000	8.199	7.688	15.771	23.500
21/09/2001	0.000	7.896	7.854	15.479	22.600
22/09/2001	0.000	7.901	7.354	15.146	22.600
23/09/2001	15.664	7.171	8.729	15.146	22.900
24/09/2001	0.000	8.760	7.917	16.667	24.300
25/09/2001	0.000	8.957	7.229	16.479	22.900
26/09/2001	0.000	8.570	8.875	17.062	22.600
27/09/2001	7.461	6.364	9.375	14.604	22.400
28/09/2001	13.884	7.106	8.750	15.083	29.400
29/09/2001	0.000	7.862	8.896	16.167	24.600
30/09/2001	0.000	8.064	9.021	16.521	22.800
01/10/2001	0.000	9.893	7.292	17.792	21.400
02/10/2001	3.049	7.918	9.104	16.396	19.800
04/10/2001	0.000	6.359	8.354	13.854	31.000
05/10/2001	0.000	7.351	7.792	14.750	28.500
06/10/2001	5.786	6.264	8.396	13.771	22.800
07/10/2001	2.867	6.872	8.167	14.396	21.400
08/10/2001	0.000	9.041	8.042	17.188	21.100
09/10/2001	0.000	6.707	8.042	14.104	20.200
10/10/2001	0.000	8.415	7.646	16.104	18.900
11/10/2001	0.000	8.879	7.729	16.792	17.700
12/10/2001	0.000	9.033	8.729	17.667	19.500
13/10/2001	10.273	6.754	8.750	14.708	17.900
14/10/2001	0.315	8.545	8.354	16.792	16.900
15/10/2001	4.462	7.728	8.667	15.938	20.000
16/10/2001	14.030	8.019	9.479	16.896	17.900
17/10/2001	7.016	7.850	9.062	16.396	20.000
18/10/2001	1.246	6.126	10.083	14.958	22.200
19/10/2001	0.000	9.698	8.688	18.604	40.700
20/10/2001	34.032	6.520	9.771	15.229	27.500
21/10/2001	0.000	7.599	8.729	15.875	22.400
22/10/2001	8.940	6.399	9.646	15.000	21.800
23/10/2001	0.000	7.652	8.417	15.750	23.100
24/10/2001	33.052	6.338	8.417	14.021	25.600
25/10/2001	0.000	7.667	8.292	15.708	26.200
26/10/2001	0.000	6.557	9.125	14.854	21.400
27/10/2001	0.000	7.113	8.917	15.438	21.100
28/10/2001	0.000	8.485	9.312	17.542	19.300
29/10/2001	0.520	9.007	9.562	18.417	18.000
30/10/2001	11.967	6.862	10.646	16.417	17.700
31/10/2001	11.395	6.153	9.417	14.604	19.900
01/11/2001	0.000	7.262	8.521	15.417	18.400
02/11/2001	23.052	5.209	7.500	11.938	20.000
03/11/2001	0.000	9.037	7.250	17.021	17.900
04/11/2001	0.000	8.670	7.688	16.812	17.000
05/11/2001	0.000	8.656	8.667	17.458	16.300
06/11/2001	0.000	7.026	9.479	15.854	17.700
07/11/2001	23.834	7.692	8.646	16.167	19.500
08/11/2001	0.000	7.078	7.438	14.500	12.500
09/11/2001	0.000	7.289	7.958	15.167	18.700
10/11/2001	0.000	7.225	8.333	15.354	19.500
11/11/2001	0.000	6.926	9.229	15.604	22.200
12/11/2001	0.000	6.998	9.167	15.667	40.500
13/11/2001	10.361	7.679	9.000	16.479	23.900
14/11/2001	10.103	7.057	8.646	15.396	22.600
15/11/2001	23.234	5.073	9.354	13.333	25.600
16/11/2001	0.000	8.025	8.125	16.396	22.400
17/11/2001	14.644	7.500	8.375	15.854	21.400
18/11/2001	0.000	7.769	8.938	16.625	21.800
19/11/2001	10.264	7.058	9.083	15.771	22.200
20/11/2001	3.455	6.486	9.125	15.042	23.700
21/11/2001	14.238	6.789	8.542	15.042	22.200
22/11/2001	0.000	6.627	8.750	14.979	21.100
23/11/2001	0.000	6.985	8.750	15.479	20.500
24/11/2001	0.000	7.422	8.917	16.208	19.600
25/11/2001	0.000	7.689	8.667	16.417	20.000
26/11/2001	2.406	6.011	9.479	14.729	20.900
27/11/2001	17.409	6.667	9.125	15.354	33.700
28/11/2001	20.655	7.294	8.812	16.000	32.300
29/11/2001	20.367	6.238	8.958	14.667	36.200
30/11/2001	0.000	7.442	8.188	15.792	28.500
01/12/2001	10.700	4.739	9.479	13.125	27.500
02/12/2001	0.000	7.354	8.521	15.917	25.600
03/12/2001	0.000	7.883	8.646	16.750	23.300
04/12/2001	0.000	7.776	8.271	16.354	24.500
05/12/2001	0.000	7.630	8.833	16.542	22.200
06/12/2001	19.116	7.137	8.646	15.729	18.400
07/12/2001	14.833	6.947	9.271	15.917	19.800
08/12/2001	8.286	6.953	9.688	16.229	20.900
09/12/2001	0.000	5.843	8.979	14.208	20.200
10/12/2001	0.000	5.868	9.375	14.542	22.800
11/12/2001	0.000	6.362	9.146	15.042	23.300
12/12/2001	0.000	7.897	8.688	16.854	22.400
13/12/2001	0.000	6.915	9.646	16.167	27.000
14/12/2001	0.000	7.882	7.500	16.042	26.000
15/12/2001	0.000	8.313	9.167	17.771	20.200
16/12/2001	0.000	6.377	9.188	15.104	21.400
17/12/2001	0.000	7.848	9.042	17.042	23.900
18/12/2001	25.626	7.124	9.146	16.104	26.200
19/12/2001	23.155	4.756	9.708	13.375	27.700
20/12/2001	0.000	7.319	8.938	16.229	25.400
21/12/2001	10.273	7.476	9.521	16.854	22.200
22/12/2001	0.000	7.340	9.583	16.708	22.400
23/12/2001	0.844	7.278	10.229	17.083	24.500
24/12/2001	40.994	4.466	10.021	13.271	23.700
25/12/2001	10.273	6.546	8.188	14.604	22.900
26/12/2001	8.230	6.626	8.729	15.104	22.400
27/12/2001	1.685	7.187	8.958	16.042	31.300
28/12/2001	0.000	7.522	8.562	16.229	26.500
29/12/2001	0.000	7.569	9.167	16.708	26.500
30/12/2001	0.000	6.960	8.896	15.667	24.600
31/12/2001	0.000	7.554	10.104	17.333	21.100
01/01/2002	2.606	7.551	9.854	17.146	19.300
02/01/2002	0.000	7.402	10.062	17.083	17.500
03/01/2002	0.000	8.926	7.771	17.646	17.400
04/01/2002	0.000	6.500	8.979	15.062	18.900
05/01/2002	0.000	8.387	8.396	17.271	18.400
06/01/2002	0.000	8.429	8.729	17.542	16.300
07/01/2002	12.542	6.508	9.792	15.646	16.300
08/01/2002	8.326	8.309	8.792	17.396	17.500
09/01/2002	0.000	7.150	9.312	16.146	17.900
10/01/2002	2.343	8.042	8.729	16.958	17.500
11/01/2002	29.546	7.589	8.208	15.958	17.500
12/01/2002	1.717	5.770	8.438	13.604	17.200
13/01/2002	2.192	5.764	8.792	13.854	17.900
14/01/2002	1.366	7.814	7.146	15.521	21.800
15/01/2002	0.000	8.021	6.396	15.312	28.500
16/01/2002	1.045	7.906	7.833	16.083	23.700
17/01/2002	0.000	7.799	8.167	16.146	19.500
18/01/2002	0.000	8.132	7.333	16.042	17.000
19/01/2002	0.000	7.960	6.750	15.396	16.200
20/01/2002	4.556	8.604	6.708	16.271	15.500
21/01/2002	0.000	7.662	7.458	15.417	16.000
22/01/2002	0.000	6.077	8.104	13.667	16.200
23/01/2002	1.293	5.988	8.646	13.938	16.000
24/01/2002	0.000	6.039	8.542	13.917	16.200
25/01/2002	1.148	6.028	8.938	14.188	16.000
26/01/2002	0.000	5.774	8.292	13.354	16.200
27/01/2002	0.000	5.995	8.333	13.667	16.200
28/01/2002	0.000	6.288	7.646	13.542	15.800
29/01/2002	0.000	7.620	8.604	16.021	16.200
30/01/2002	0.831	5.833	8.854	13.812	16.200
31/01/2002	2.622	5.499	8.833	13.354	16.200
01/02/2002	0.000	6.350	8.792	14.417	19.500
02/02/2002	0.000	5.592	8.542	13.229	19.600
03/02/2002	32.781	6.022	8.729	13.917	17.900
04/02/2002	2.024	7.598	8.000	15.479	20.200
05/02/2002	8.336	8.865	9.292	18.042	27.500
06/02/2002	0.000	8.094	9.167	16.917	19.800
07/02/2002	0.000	6.452	9.333	14.875	18.600
08/02/2002	0.000	7.391	8.958	15.812	17.200
09/02/2002	0.000	7.012	8.542	15.000	16.000
10/02/2002	0.000	7.456	8.167	15.312	16.000
11/02/2002	0.000	7.578	8.521	15.708	16.000
12/02/2002	0.000	7.167	8.542	15.167	15.800
13/02/2002	0.000	8.854	7.542	16.729	15.700
14/02/2002	0.000	9.861	6.625	17.500	15.500
15/02/2002	0.000	7.363	7.729	14.812	14.600
16/02/2002	0.000	7.780	7.354	15.104	14.100
17/02/2002	0.000	6.478	8.604	14.250	14.500
18/02/2002	0.000	6.455	8.854	14.396	14.600
19/02/2002	0.000	6.419	9.208	14.604	14.600
20/02/2002	0.640	7.976	8.542	16.125	14.600
21/02/2002	0.000	7.246	8.500	15.125	14.600
22/02/2002	0.000	6.760	9.000	14.854	14.300
23/02/2002	0.000	6.504	9.646	15.000	14.100
24/02/2002	2.038	6.765	9.021	14.854	14.500
25/02/2002	0.000	8.049	8.250	15.958	14.800
26/02/2002	0.000	7.553	8.979	15.812	14.500
27/02/2002	0.000	6.643	9.042	14.688	14.800
28/02/2002	34.492	8.794	9.312	17.625	15.100
01/03/2002	23.153	6.656	8.417	14.229	16.000
02/03/2002	0.000	6.576	8.396	14.104	14.600
03/03/2002	0.000	7.232	8.917	15.312	14.800
04/03/2002	6.613	7.366	8.542	15.208	14.800
05/03/2002	0.543	7.233	8.062	14.688	15.100
06/03/2002	0.000	8.299	8.042	16.062	14.800
07/03/2002	0.000	7.752	7.854	15.208	19.600
08/03/2002	2.477	8.051	8.292	15.896	16.300
09/03/2002	0.000	7.943	8.021	15.562	14.600
10/03/2002	0.000	8.923	5.167	15.000	14.500
11/03/2002	0.000	7.127	7.917	14.417	13.300
12/03/2002	4.940	5.630	8.542	12.979	14.800
13/03/2002	18.398	7.568	8.917	15.688	14.800
14/03/2002	0.000	7.087	9.042	15.167	14.600
15/03/2002	0.000	7.621	8.208	15.250	15.300
16/03/2002	2.903	8.028	7.625	15.375	14.800
17/03/2002	0.759	5.981	8.396	13.292	18.300
18/03/2002	6.218	6.535	9.000	14.438	20.900
19/03/2002	40.884	6.293	8.792	13.979	23.700
20/03/2002	9.942	8.282	8.938	16.604	36.400
21/03/2002	14.634	4.084	9.000	11.562	44.800
22/03/2002	2.750	9.182	8.167	17.250	30.400
23/03/2002	0.000	7.124	8.583	14.875	37.200
24/03/2002	2.968	6.908	9.042	14.938	31.300
25/03/2002	7.728	5.473	8.792	12.979	23.800
26/03/2002	0.000	6.880	8.229	14.312	19.100
27/03/2002	2.425	8.387	6.229	14.938	19.100
28/03/2002	1.245	6.342	9.354	14.479	20.400
29/03/2002	7.460	4.581	9.438	12.479	21.300
31/03/2002	1.700	7.325	8.271	14.938	112.200
01/04/2002	1.280	7.406	8.875	15.479	110.200
06/04/2002	0.685	8.310	7.292	15.604	105.100
07/04/2002	7.345	6.498	8.125	13.812	104.000
08/04/2002	15.603	6.389	9.500	14.708	109.400
09/04/2002	12.815	8.599	7.979	16.479	106.200
10/04/2002	0.000	7.996	8.667	16.167	104.000
11/04/2002	0.000	10.622	8.667	19.604	101.800
12/04/2002	0.000	9.940	8.500	18.625	99.500
13/04/2002	0.000	8.417	8.938	16.938	99.500
14/04/2002	0.000	7.581	9.188	16.042	98.600
15/04/2002	5.380	6.599	9.625	15.125	98.600
16/04/2002	0.000	7.783	8.604	15.917	98.100
17/04/2002	6.209	6.569	9.312	14.875	98.100
18/04/2002	13.240	6.945	8.958	15.104	95.200
19/04/2002	3.438	7.797	7.979	15.542	95.000
22/04/2002	0.592	5.830	8.417	13.312	116.500
23/04/2002	0.608	7.380	8.688	15.542	113.900
24/04/2002	9.939	7.350	9.250	15.917	104.000
03/05/2002	0.000	6.742	9.104	15.146	104.000
04/05/2002	0.000	7.303	8.979	15.812	101.800
05/05/2002	1.544	5.785	9.438	14.188	100.600
06/05/2002	0.000	6.252	9.375	14.750	96.100
07/05/2002	0.000	6.833	9.458	15.583	104.000
08/05/2002	0.000	6.436	8.792	14.583	102.900
09/05/2002	0.000	7.828	8.562	16.312	103.100
10/05/2002	0.000	6.837	9.167	15.417	101.800
11/05/2002	0.000	6.690	9.125	15.208	102.900
12/05/2002	0.000	6.868	8.167	14.771	104.000
13/05/2002	0.000	7.351	8.479	15.667	110.400
14/05/2002	0.000	5.217	9.479	13.604	104.000
15/05/2002	23.727	6.588	9.292	15.250	104.000
16/05/2002	1.172	5.621	9.271	13.979	103.600
18/05/2002	0.000	7.230	9.833	16.542	110.400
19/05/2002	9.559	6.691	9.625	15.688	108.300
20/05/2002	0.000	7.604	9.167	16.604	102.900
21/05/2002	12.172	6.003	9.583	14.771	103.600
22/05/2002	0.000	7.125	9.604	16.292	102.900
23/05/2002	17.028	6.587	8.833	15.021	77.800
24/05/2002	0.000	6.858	8.854	15.417	86.300
25/05/2002	0.000	6.367	9.042	14.896	85.100
26/05/2002	14.613	7.104	8.542	15.562	116.000
27/05/2002	0.000	7.178	10.250	16.896	106.200
28/05/2002	20.060	6.619	8.312	14.750	101.800
29/05/2002	1.042	6.606	9.188	15.375	100.600
30/05/2002	0.000	6.740	9.354	15.688	87.100
31/05/2002	10.529	3.745	9.208	11.729	108.300
01/06/2002	13.148	6.567	8.354	14.750	104.000
03/06/2002	0.000	6.078	9.167	14.688	96.800
04/06/2002	35.833	5.473	8.312	13.229	104.000
05/06/2002	0.000	6.967	8.479	15.438	112.200
07/06/2002	0.000	6.935	8.521	15.438	85.100
08/06/2002	0.000	7.065	8.958	15.938	73.900
09/06/2002	39.907	5.242	8.521	13.104	90.700
10/06/2002	0.000	5.345	8.167	12.979	77.500
11/06/2002	5.315	5.496	7.854	12.958	90.800
12/06/2002	0.000	7.131	7.833	15.271	75.400
13/06/2002	0.000	6.191	7.583	13.750	48.800
14/06/2002	0.000	6.895	7.646	14.812	35.300
15/06/2002	21.951	5.046	7.833	12.333	70.600
16/06/2002	0.000	5.738	8.438	13.750	64.200
17/06/2002	0.000	5.207	8.271	12.896	67.800
18/06/2002	0.000	5.620	7.417	12.833	65.700
19/06/2002	0.000	4.837	7.625	11.896	66.700
20/06/2002	0.000	5.325	8.542	13.271	78.700
21/06/2002	0.000	5.442	8.083	13.083	66.000
22/06/2002	0.000	4.395	8.833	12.271	45.800
23/06/2002	0.000	4.743	7.146	11.396	45.400
24/06/2002	0.000	4.818	6.521	11.021	58.700
25/06/2002	0.000	5.470	6.833	12.188	78.700
26/06/2002	0.000	5.395	6.583	11.896	62.200
27/06/2002	0.000	6.426	8.188	14.542	46.700
28/06/2002	0.000	7.069	7.771	15.167	41.600
29/06/2002	0.000	4.733	9.229	13.021	41.900
30/06/2002	0.000	5.807	8.646	14.000	46.700
01/07/2002	0.000	6.295	9.062	14.979	43.800
02/07/2002	0.000	6.119	8.917	14.625	85.100
03/07/2002	0.000	6.652	8.354	14.958	70.200
04/07/2002	0.000	7.003	9.333	16.146	47.800
05/07/2002	0.000	5.224	9.688	14.000	69.500
06/07/2002	20.735	5.175	9.562	13.833	76.500
07/07/2002	0.000	7.045	8.958	15.917	35.800
08/07/2002	0.000	6.469	9.125	15.229	42.900
09/07/2002	1.587	6.694	8.583	15.146	38.200
10/07/2002	0.000	6.869	9.938	16.354	36.800
11/07/2002	0.000	5.988	8.667	14.208	36.200
12/07/2002	0.000	6.542	9.083	15.271	70.800
13/07/2002	0.000	6.042	9.062	14.562	67.800
14/07/2002	0.000	7.280	8.125	15.604	44.800
15/07/2002	0.000	5.830	8.104	13.542	43.100
16/07/2002	0.000	7.024	7.958	15.104	49.200
17/07/2002	0.000	7.272	8.729	15.979	51.300
18/07/2002	0.000	6.145	8.542	14.271	102.900
19/07/2002	0.000	6.662	8.458	14.917	62.500
20/07/2002	47.260	7.021	8.562	15.479	42.900
21/07/2002	3.790	7.708	8.458	16.354	37.200
22/07/2002	13.529	7.532	8.833	16.354	38.200
23/07/2002	0.000	5.349	9.583	13.958	38.200
24/07/2002	0.000	5.923	9.438	14.583	35.300
25/07/2002	0.000	5.377	9.000	13.521	39.100
26/07/2002	0.000	6.842	8.229	14.917	60.600
27/07/2002	0.000	5.787	7.729	13.083	53.400
28/07/2002	0.000	5.100	7.354	11.854	50.700
29/07/2002	0.000	6.463	8.312	14.417	38.000
30/07/2002	0.000	6.647	7.479	14.062	45.900
31/07/2002	0.000	5.472	8.104	12.896	57.400
01/08/2002	0.000	5.662	8.083	13.125	38.700
02/08/2002	0.000	6.473	7.583	13.854	34.300
03/08/2002	0.000	5.847	6.958	12.521	42.000
04/08/2002	0.000	7.230	6.479	14.125	42.900
05/08/2002	0.000	7.878	7.083	15.438	43.800
06/08/2002	0.000	7.527	6.979	14.854	35.200
07/08/2002	0.000	5.325	7.333	12.042	41.400
08/08/2002	0.000	6.353	8.146	14.021	66.000
09/08/2002	0.000	6.067	7.583	13.208	86.300
10/08/2002	0.000	7.384	6.875	14.521	42.900
11/08/2002	0.000	6.910	7.521	14.292	40.600
12/08/2002	0.000	6.995	8.083	14.792	44.400
13/08/2002	0.000	6.435	7.479	13.583	52.800
14/08/2002	0.000	5.413	8.312	12.833	68.900
15/08/2002	0.000	5.616	9.229	13.792	62.500
16/08/2002	0.000	5.694	9.167	13.833	83.900
17/08/2002	0.000	7.539	8.021	15.417	61.500
18/08/2002	0.000	7.773	7.792	15.562	46.700
19/08/2002	0.000	6.680	7.729	14.021	47.800
20/08/2002	0.000	6.187	8.500	13.917	42.500
21/08/2002	0.000	6.208	9.062	14.354	46.700
22/08/2002	0.000	6.723	8.708	14.750	41.000
23/08/2002	0.000	6.906	8.708	14.979	55.400
24/08/2002	0.000	7.300	8.521	15.354	37.100
25/08/2002	0.000	7.131	9.083	15.521	46.700
26/08/2002	0.000	7.122	8.708	15.229	47.300
27/08/2002	0.000	7.308	9.167	15.792	43.700
28/08/2002	3.774	9.264	7.917	17.521	42.900
29/08/2002	103.823	7.579	10.188	16.854	39.700
30/08/2002	2.828	7.086	9.604	15.792	40.000
31/08/2002	0.000	8.012	9.792	17.104	38.200
01/09/2002	3.052	6.146	9.021	14.146	38.700
02/09/2002	0.000	6.495	8.604	14.271	39.500
03/09/2002	0.000	7.390	8.646	15.458	47.800
04/09/2002	0.000	7.122	8.125	14.729	42.500
05/09/2002	0.000	7.672	7.417	14.958	41.900
06/09/2002	0.000	7.747	8.458	15.771	36.400
07/09/2002	0.000	6.362	8.146	13.729	33.300
08/09/2002	0.000	7.655	7.667	15.083	33.100
09/09/2002	7.351	7.703	7.646	15.125	32.500
10/09/2002	0.000	6.956	7.938	14.333	34.900
11/09/2002	0.000	6.870	8.042	14.292	36.000
12/09/2002	0.000	9.303	6.646	16.604	35.100
13/09/2002	0.000	8.131	7.417	15.521	33.300
14/09/2002	0.000	7.797	8.167	15.583	31.500
15/09/2002	12.992	7.434	8.792	15.542	31.400
16/09/2002	0.000	7.104	8.833	15.146	31.000
17/09/2002	4.262	8.154	8.042	15.958	31.000
18/09/2002	0.000	7.494	8.042	15.083	31.500
19/09/2002	0.000	7.423	8.354	15.208	38.200
20/09/2002	0.000	8.467	6.292	15.208	32.900
21/09/2002	0.000	6.768	8.667	14.583	34.900
22/09/2002	0.000	8.927	7.354	16.521	35.100
23/09/2002	0.000	9.843	7.562	17.875	33.900
24/09/2002	0.000	9.060	8.167	17.229	33.300
25/09/2002	2.388	8.023	8.667	16.208	22.800
26/09/2002	17.602	6.966	8.917	15.021	31.800
27/09/2002	16.895	7.546	8.479	15.458	35.400
28/09/2002	0.000	7.365	8.042	14.917	33.900
29/09/2002	0.000	8.184	7.521	15.646	27.500
30/09/2002	0.000	9.427	6.771	16.833	35.600
01/10/2002	0.000	8.096	6.250	14.688	31.000
02/10/2002	0.000	8.094	6.562	14.896	29.400
03/10/2002	0.000	8.037	6.792	14.979	31.000
04/10/2002	0.000	7.022	7.854	14.354	29.400
05/10/2002	0.000	7.165	8.229	14.812	28.300
06/10/2002	0.000	7.309	8.042	14.875	28.600
07/10/2002	0.000	8.592	8.042	16.583	27.200
08/10/2002	0.000	7.811	7.292	15.042	28.500
09/10/2002	6.318	7.049	8.667	15.000	28.300
10/10/2002	0.000	6.588	8.500	14.292	27.900
11/10/2002	6.864	5.511	8.167	12.667	28.300
12/10/2002	11.694	6.639	7.708	13.792	31.400
13/10/2002	0.478	7.948	7.667	15.521	36.200
14/10/2002	1.385	9.629	7.042	17.396	31.900
15/10/2002	1.931	7.082	8.104	14.688	29.000
16/10/2002	0.000	7.380	8.417	15.312	31.000
17/10/2002	0.000	6.936	8.229	14.604	30.600
18/10/2002	0.000	6.888	7.667	14.146	31.900
19/10/2002	0.000	7.648	8.042	15.438	33.300
20/10/2002	0.000	7.621	8.167	15.500	35.300
21/10/2002	34.343	6.751	8.167	14.354	34.500
22/10/2002	0.000	5.593	8.417	13.042	35.400
23/10/2002	0.000	8.263	8.104	16.354	37.200
24/10/2002	10.006	8.745	7.854	16.854	36.200
25/10/2002	0.000	7.809	8.229	15.854	31.900
26/10/2002	1.762	7.363	9.083	15.875	31.400
27/10/2002	50.624	6.433	8.854	14.500	56.200
28/10/2002	7.347	7.267	9.312	15.938	34.700
29/10/2002	51.779	7.018	9.083	15.458	50.700
30/10/2002	1.005	6.106	9.125	14.312	37.900
31/10/2002	19.932	6.116	8.792	14.083	39.700
01/11/2002	0.000	6.424	8.479	14.271	38.700
02/11/2002	8.231	6.931	8.250	14.792	37.200
03/11/2002	2.664	5.392	8.312	12.812	31.200
04/11/2002	1.083	8.210	7.854	16.292	32.900
05/11/2002	29.685	7.210	7.833	14.917	28.600
06/11/2002	23.141	6.935	7.875	14.583	34.500
07/11/2002	0.000	6.999	7.375	14.333	32.300
08/11/2002	0.000	7.454	7.375	14.979	28.600
09/11/2002	13.356	7.431	8.250	15.562	32.300
10/11/2002	6.832	7.523	7.375	15.104	32.500
11/11/2002	9.882	6.347	8.208	14.083	32.300
12/11/2002	0.000	7.206	8.333	15.354	33.700
13/11/2002	23.465	7.403	7.896	15.333	31.500
14/11/2002	0.000	6.672	8.271	14.604	31.700
15/11/2002	0.000	6.670	8.083	14.479	30.400
16/11/2002	0.000	5.048	7.771	12.062	34.400
17/11/2002	0.000	6.560	7.562	13.979	38.700
18/11/2002	0.000	7.842	7.000	15.417	37.200
19/11/2002	1.017	7.587	7.521	15.417	32.300
20/11/2002	0.000	6.345	9.042	14.792	29.000
21/11/2002	0.000	5.606	8.375	13.312	28.100
22/11/2002	0.000	5.398	8.375	13.042	27.100
23/11/2002	0.000	7.253	7.500	14.979	27.300
24/11/2002	0.000	7.015	6.979	14.292	25.600
25/11/2002	0.000	6.941	7.833	14.792	25.600
26/11/2002	0.000	6.646	8.917	15.167	26.000
27/11/2002	0.000	6.194	9.562	15.042	25.600
28/11/2002	0.000	6.806	8.938	15.417	25.600
29/11/2002	0.000	6.276	9.562	15.167	24.800
30/11/2002	0.000	7.373	9.042	16.292	24.800
01/12/2002	7.734	6.977	9.271	15.917	24.100
02/12/2002	0.000	6.632	9.562	15.667	28.500
03/12/2002	0.000	6.662	9.583	15.729	28.600
04/12/2002	4.390	6.901	8.688	15.417	27.900
05/12/2002	0.000	7.821	8.625	16.667	28.600
06/12/2002	11.031	6.971	9.146	15.854	32.500
07/12/2002	1.653	6.747	8.958	15.417	28.500
08/12/2002	22.062	7.571	8.833	16.479	30.400
09/12/2002	3.545	5.499	9.688	14.292	27.500
10/12/2002	0.881	7.321	8.333	15.792	31.500
11/12/2002	6.069	7.240	8.312	15.667	27.500
12/12/2002	0.000	7.940	7.479	16.104	27.500
13/12/2002	0.000	7.466	8.562	16.167	27.300
14/12/2002	1.342	7.768	8.208	16.354	27.500
15/12/2002	28.828	6.611	8.917	15.229	25.600
16/12/2002	1.651	7.387	9.312	16.583	57.400
17/12/2002	40.862	4.150	9.292	12.292	63.300
18/12/2002	18.654	6.352	9.062	14.979	32.900
19/12/2002	0.000	7.438	7.792	15.604	45.800
20/12/2002	2.905	6.768	8.875	15.417	41.000
21/12/2002	0.000	6.296	9.083	14.917	45.800
22/12/2002	0.000	8.361	7.396	16.667	36.800
23/12/2002	2.097	6.989	8.000	15.104	31.000
24/12/2002	0.992	4.669	9.125	12.792	31.400
25/12/2002	0.000	7.331	8.750	16.104	25.600
26/12/2002	0.000	6.941	8.292	15.229	25.600
27/12/2002	0.000	6.640	8.125	14.688	25.200
28/12/2002	0.000	7.409	8.250	15.854	24.800
29/12/2002	0.000	7.468	8.500	16.104	25.600
30/12/2002	0.000	6.758	8.938	15.417	25.200
31/12/2002	0.000	7.447	7.188	15.167	25.200
01/01/2003	0.000	7.874	7.021	15.667	24.840
02/01/2003	0.000	6.126	7.958	13.812	23.700
03/01/2003	0.000	6.953	7.792	14.854	23.700
04/01/2003	0.000	7.414	7.333	15.188	23.700
05/01/2003	0.000	6.568	7.583	14.146	23.700
06/01/2003	0.000	6.176	8.042	13.917	22.940
07/01/2003	0.000	6.789	7.312	14.250	23.320
08/01/2003	0.000	6.983	8.417	15.292	23.700
09/01/2003	0.000	6.796	8.271	14.917	23.700
10/01/2003	0.000	6.834	9.229	15.646	22.750
11/01/2003	0.000	7.673	7.667	15.708	21.800
12/01/2003	0.000	7.433	8.271	15.771	21.800
13/01/2003	0.000	7.508	9.125	16.458	21.800
14/01/2003	14.339	8.333	9.042	17.521	22.750
15/01/2003	2.388	6.803	9.417	15.688	23.700
16/01/2003	0.000	7.258	9.042	16.021	23.700
17/01/2003	0.000	8.240	9.292	17.521	22.750
18/01/2003	0.000	8.687	8.021	17.271	21.800
19/01/2003	3.611	5.868	9.292	14.312	21.800
20/01/2003	42.928	8.487	8.833	17.500	21.800
21/01/2003	0.000	8.156	8.167	16.583	26.550
22/01/2003	0.000	7.696	9.292	16.708	26.360
23/01/2003	0.000	8.396	8.312	16.979	26.360
24/01/2003	0.000	6.157	8.583	14.104	26.930
25/01/2003	0.000	7.120	7.708	14.771	22.750
26/01/2003	0.000	8.480	7.042	16.208	21.800
27/01/2003	0.000	6.820	8.354	14.792	21.800
28/01/2003	0.000	7.885	8.604	16.396	21.800
29/01/2003	0.000	6.286	8.854	14.417	21.800
30/01/2003	0.000	6.961	9.104	15.479	21.800
31/01/2003	0.000	7.328	9.292	16.083	21.800
01/02/2003	0.000	6.602	9.021	14.917	27.500
02/02/2003	5.344	5.657	9.083	13.729	27.500
03/02/2003	6.812	4.733	9.042	12.542	27.500
04/02/2003	0.000	6.596	8.229	14.292	21.800
05/02/2003	0.000	6.486	8.958	14.667	22.940
06/02/2003	0.000	6.390	8.667	14.312	23.700
07/02/2003	0.000	6.615	9.104	14.917	23.700
08/02/2003	0.468	6.856	8.979	15.125	23.700
09/02/2003	0.000	6.312	9.104	14.500	21.800
10/02/2003	0.000	7.028	8.792	15.188	21.800
11/02/2003	1.820	6.969	9.229	15.417	21.800
12/02/2003	0.000	7.030	9.083	15.375	21.800
13/02/2003	3.045	5.813	9.625	14.229	22.750
14/02/2003	7.106	9.156	8.854	17.979	22.370
15/02/2003	0.000	7.233	9.292	15.750	23.700
16/02/2003	4.420	7.712	9.229	16.312	24.650
17/02/2003	7.540	6.453	10.062	15.312	23.320
18/02/2003	0.000	7.628	8.979	16.000	25.600
19/02/2003	12.384	8.802	7.917	16.812	24.460
20/02/2003	2.863	6.163	9.479	14.479	23.700
21/02/2003	4.693	8.026	8.979	16.479	23.700
22/02/2003	0.000	6.954	8.229	14.542	22.940
23/02/2003	7.813	6.454	8.417	14.021	21.800
24/02/2003	0.000	6.526	8.417	14.104	21.800
25/02/2003	0.537	8.669	8.583	17.000	21.800
26/02/2003	13.249	7.907	7.688	15.375	21.800
27/02/2003	0.597	7.915	8.625	16.021	27.500
28/02/2003	11.879	6.514	8.708	14.271	37.200
01/03/2003	0.000	5.057	8.021	11.917	37.200
02/03/2003	0.000	6.320	8.667	13.979	33.300
03/03/2003	0.000	7.658	8.229	15.375	31.350
04/03/2003	0.000	5.092	9.083	12.792	44.800
05/03/2003	0.000	5.924	7.833	12.833	35.250
06/03/2003	0.000	7.599	7.292	14.625	34.470
07/03/2003	0.000	7.228	7.792	14.479	27.120
08/03/2003	0.000	6.227	8.896	14.000	25.220
09/03/2003	0.000	7.141	8.229	14.667	23.700
10/03/2003	0.846	6.813	8.729	14.604	23.700
11/03/2003	0.000	5.828	9.354	13.854	26.170
12/03/2003	0.000	7.643	8.542	15.521	24.460
13/03/2003	0.000	6.821	9.604	15.250	23.130
14/03/2003	0.000	7.624	9.083	15.875	22.370
15/03/2003	22.787	8.215	8.604	16.292	22.940
16/03/2003	3.237	6.939	9.417	15.250	23.700
17/03/2003	12.063	6.719	9.167	14.792	24.460
18/03/2003	0.000	10.384	8.104	18.771	24.840
19/03/2003	22.582	6.833	9.542	15.208	23.320
20/03/2003	6.031	8.784	8.542	16.979	23.700
21/03/2003	0.000	8.640	8.042	16.458	21.800
22/03/2003	10.415	9.563	8.333	17.854	24.080
23/03/2003	29.516	7.858	8.667	15.875	25.600
24/03/2003	0.000	11.122	7.625	19.438	26.360
25/03/2003	2.724	7.377	8.854	15.396	25.220
26/03/2003	8.844	5.441	8.917	13.042	33.680
27/03/2003	2.491	6.908	9.312	15.146	36.220
28/03/2003	0.000	7.602	8.521	15.458	31.350
29/03/2003	0.000	6.004	8.938	13.750	32.910
30/03/2003	6.041	6.632	8.354	14.104	31.940
31/03/2003	0.000	8.659	8.354	16.729	25.600
01/04/2003	0.000	6.836	8.125	14.208	27.880
02/04/2003	0.000	5.881	8.104	12.979	27.500
03/04/2003	0.000	5.927	8.979	13.708	24.650
04/04/2003	1.561	7.209	8.938	15.292	25.220
05/04/2003	0.000	7.207	8.812	15.208	25.220
06/04/2003	0.000	6.649	9.812	15.250	24.460
07/04/2003	0.000	7.455	8.312	15.188	23.700
08/04/2003	18.205	7.268	8.875	15.354	22.180
09/04/2003	14.078	6.203	9.271	14.312	21.800
10/04/2003	0.000	8.223	8.417	16.292	25.600
11/04/2003	13.590	7.158	9.375	15.604	29.400
12/04/2003	4.068	6.136	9.021	14.062	29.400
13/04/2003	0.000	6.885	8.625	14.729	44.800
14/04/2003	0.000	7.106	8.417	14.875	37.200
15/04/2003	0.000	7.519	7.896	15.062	37.200
16/04/2003	5.341	8.232	8.042	16.125	34.280
17/04/2003	21.535	7.706	9.438	16.417	36.220
18/04/2003	8.670	8.318	8.812	16.792	35.250
19/04/2003	5.517	5.916	8.750	13.646	29.590
20/04/2003	10.535	7.637	9.417	16.354	35.440
21/04/2003	21.398	6.889	8.750	14.917	31.350
22/04/2003	5.313	7.589	8.938	15.979	35.250
23/04/2003	14.720	7.156	8.750	15.292	37.200
24/04/2003	0.000	6.127	8.625	13.875	36.220
25/04/2003	0.000	7.992	7.271	15.417	37.200
26/04/2003	0.000	7.104	8.292	14.938	37.200
27/04/2003	0.000	5.923	8.125	13.271	28.520
28/04/2003	0.000	5.865	9.250	14.062	21.800
29/04/2003	0.000	7.923	8.417	16.167	29.400
30/04/2003	7.081	5.790	8.938	13.750	44.410
01/05/2003	0.000	6.620	9.188	15.021	38.150
02/05/2003	0.000	6.485	9.042	14.750	30.760
03/05/2003	0.000	5.604	8.604	13.292	29.400
04/05/2003	0.000	7.157	9.104	15.708	27.500
05/05/2003	2.987	7.104	9.583	16.000	24.840
06/05/2003	31.070	5.893	9.542	14.417	27.690
07/05/2003	0.000	5.907	9.312	14.271	36.610
08/05/2003	0.000	7.162	8.979	15.688	62.200
09/05/2003	8.340	6.024	8.917	14.146	44.800
10/05/2003	0.000	7.039	8.292	15.062	43.850
11/05/2003	0.000	5.698	8.729	13.604	38.150
12/05/2003	0.000	6.996	8.917	15.479	37.200
13/05/2003	0.000	5.852	8.542	13.688	46.700
14/05/2003	0.000	6.515	8.042	14.229	48.220
15/05/2003	38.444	6.272	8.167	14.000	45.750
16/05/2003	0.000	5.709	9.042	13.917	41.000
17/05/2003	0.000	6.426	9.375	15.125	48.600
18/05/2003	0.000	6.466	9.542	15.312	76.450
19/05/2003	0.000	6.445	9.250	15.083	74.300
20/05/2003	0.000	5.313	9.562	13.854	67.150
21/05/2003	0.000	7.547	9.312	16.646	50.500
22/05/2003	6.020	7.299	9.062	16.146	21.800
23/05/2003	23.719	6.602	8.979	15.146	36.220
24/05/2003	1.347	6.234	9.354	14.938	35.250
25/05/2003	0.000	5.350	9.042	13.542	41.000
26/05/2003	0.000	6.573	9.125	15.250	35.250
27/05/2003	1.516	5.590	9.312	14.083	90.700
28/05/2003	3.988	4.653	8.417	12.167	44.800
29/05/2003	0.000	6.508	8.167	14.500	45.750
30/05/2003	37.856	5.702	8.479	13.625	41.000
31/05/2003	0.000	6.334	8.417	14.458	35.250
01/06/2003	0.000	6.758	8.625	15.208	33.300
02/06/2003	0.000	6.563	9.500	15.583	35.440
03/06/2003	0.000	7.253	7.958	15.458	41.950
04/06/2003	8.801	7.934	8.167	16.583	39.480
05/06/2003	29.022	5.829	9.562	14.667	47.650
06/06/2003	0.000	6.477	8.958	15.104	43.850
07/06/2003	0.000	5.984	8.542	14.125	36.220
08/06/2003	1.680	5.460	7.417	12.562	34.280
09/06/2003	8.278	6.337	8.021	14.250	33.300
10/06/2003	0.000	6.623	8.229	14.812	32.130
11/06/2003	1.034	6.610	7.896	14.562	32.130
12/06/2003	0.000	6.550	8.792	15.125	37.200
13/06/2003	5.815	5.913	9.104	14.479	36.220
14/06/2003	0.000	5.410	8.792	13.562	33.300
15/06/2003	28.093	5.741	8.771	14.000	34.470
16/06/2003	1.096	7.246	8.917	16.208	42.900
17/06/2003	15.083	6.159	8.542	14.417	33.300
18/06/2003	0.000	5.054	8.854	13.146	32.520
19/06/2003	0.000	5.351	9.042	13.688	27.500
20/06/2003	19.472	6.010	8.729	14.354	49.850
21/06/2003	5.355	6.459	7.917	14.396	33.300
22/06/2003	8.880	5.897	8.854	14.292	34.280
23/06/2003	0.000	5.884	8.542	14.042	41.100
24/06/2003	0.000	6.715	8.042	14.854	35.250
25/06/2003	21.151	6.026	7.646	13.583	37.200
26/06/2003	0.000	6.294	7.521	13.875	36.220
27/06/2003	0.000	6.218	7.646	13.854	35.250
28/06/2003	0.000	5.842	8.292	13.792	33.300
29/06/2003	0.000	5.476	8.250	13.250	35.250
30/06/2003	0.000	5.715	8.479	13.750	37.200
01/07/2003	5.529	7.759	7.292	15.833	39.670
02/07/2003	0.000	7.271	8.125	15.688	46.460
03/07/2003	0.630	6.102	8.104	14.000	33.300
04/07/2003	28.725	6.168	8.438	14.333	36.810
05/07/2003	3.842	7.043	7.479	14.896	39.860
06/07/2003	0.000	6.840	8.354	15.208	34.860
07/07/2003	3.059	6.477	8.812	15.021	35.250
08/07/2003	14.784	5.902	8.854	14.250	40.620
09/07/2003	2.938	5.972	7.917	13.646	45.560
10/07/2003	0.000	6.458	8.479	14.729	36.600
11/07/2003	5.602	5.597	8.021	13.188	36.220
12/07/2003	0.000	5.637	8.042	13.250	36.220
13/07/2003	0.000	6.125	7.167	13.292	56.230
14/07/2003	0.000	6.013	7.229	13.167	84.050
15/07/2003	0.000	6.922	6.771	14.146	46.130
16/07/2003	0.000	5.607	7.917	13.083	35.610
17/07/2003	0.000	4.861	7.167	11.479	59.160
18/07/2003	0.000	5.196	6.979	11.792	55.800
19/07/2003	0.000	5.702	7.354	12.771	52.400
20/07/2003	1.258	6.320	7.979	14.083	43.850
21/07/2003	0.000	4.864	7.604	11.792	44.850
22/07/2003	0.000	5.489	7.979	12.917	52.400
23/07/2003	0.000	4.302	8.354	11.646	67.150
24/07/2003	0.000	6.493	8.312	14.521	88.450
25/07/2003	2.798	5.037	8.792	12.917	52.400
26/07/2003	0.424	3.816	8.292	10.979	51.260
27/07/2003	2.894	6.063	7.917	13.604	56.400
28/07/2003	0.000	6.825	6.479	13.646	43.280
29/07/2003	1.046	6.408	8.729	14.646	38.530
30/07/2003	0.000	5.576	8.292	13.188	38.150
31/07/2003	5.391	6.381	8.042	14.083	80.820
01/08/2003	0.483	7.949	8.021	16.229	42.850
02/08/2003	4.462	6.476	7.229	13.604	40.050
03/08/2003	2.874	5.552	7.979	12.875	33.300
04/08/2003	0.000	7.383	7.417	14.979	37.200
05/08/2003	0.000	7.600	8.271	15.854	35.830
06/08/2003	0.000	7.771	8.833	16.458	35.250
07/08/2003	0.000	6.423	8.458	14.354	31.350
08/08/2003	16.198	8.087	7.812	16.167	29.400
09/08/2003	15.828	4.638	8.646	12.167	29.400
10/08/2003	0.000	6.703	7.958	14.333	32.910
11/08/2003	0.466	6.752	7.208	13.854	33.300
12/08/2003	0.000	7.038	7.646	14.542	30.380
13/08/2003	0.866	6.399	8.062	13.958	36.610
14/08/2003	0.000	6.612	8.833	14.792	35.640
15/08/2003	0.000	7.339	7.771	15.000	34.670
16/08/2003	0.000	6.989	7.938	14.625	35.250
17/08/2003	0.000	6.601	7.958	14.104	27.550
18/08/2003	0.000	6.697	7.708	14.042	21.800
19/08/2003	0.000	8.581	7.083	16.188	27.160
20/08/2003	4.307	7.099	8.125	14.854	32.520
21/08/2003	2.241	7.898	8.458	16.146	33.300
22/08/2003	6.679	7.661	8.062	15.542	33.300
23/08/2003	4.381	7.567	8.083	15.417	33.300
24/08/2003	0.000	6.963	8.271	14.729	33.300
25/08/2003	0.000	6.362	8.146	13.833	32.520
26/08/2003	0.000	6.035	8.146	13.396	32.520
27/08/2003	0.000	6.881	8.438	14.708	32.330
28/08/2003	0.000	6.144	9.146	14.271	54.500
29/08/2003	0.000	5.203	8.021	12.208	40.950
30/08/2003	4.772	6.653	7.333	13.583	69.600
31/08/2003	0.000	6.390	6.708	12.771	41.000
01/09/2003	0.000	6.229	7.562	13.167	32.520
02/09/2003	0.000	7.534	6.646	14.271	32.720
03/09/2003	0.000	7.207	6.521	13.729	32.520
04/09/2003	0.000	6.677	7.583	13.750	33.300
05/09/2003	0.000	7.533	7.417	14.771	29.400
06/09/2003	0.000	7.442	7.604	14.771	30.400
07/09/2003	13.443	8.302	7.854	16.083	33.300
08/09/2003	10.989	7.930	9.542	16.750	33.300
09/09/2003	5.358	6.718	9.208	14.958	70.250
10/09/2003	0.000	8.249	8.667	16.542	33.300
11/09/2003	2.838	7.039	8.229	14.646	33.300
12/09/2003	0.000	7.227	8.417	15.021	35.250
13/09/2003	0.000	7.202	7.854	14.583	33.690
14/09/2003	0.000	6.148	7.667	13.062	34.080
15/09/2003	0.000	7.062	6.708	13.583	33.300
16/09/2003	0.000	7.827	7.667	15.271	37.150
17/09/2003	0.000	6.084	8.125	13.312	34.280
18/09/2003	0.000	6.888	8.104	14.333	57.400
19/09/2003	2.454	8.257	7.417	15.667	33.300
20/09/2003	4.793	8.026	7.750	15.583	31.350
21/09/2003	0.000	6.693	8.312	14.229	34.080
22/09/2003	0.000	5.975	8.042	13.104	34.080
23/09/2003	0.000	6.218	8.708	13.917	33.300
24/09/2003	7.377	8.461	7.542	16.021	31.350
25/09/2003	0.000	9.746	7.729	17.854	31.350
26/09/2003	21.677	6.665	9.292	14.917	31.350
27/09/2003	23.730	7.734	9.229	16.229	29.400
28/09/2003	10.751	6.003	10.083	14.708	29.400
29/09/2003	1.388	7.451	9.292	15.917	41.950
30/09/2003	0.000	6.942	8.604	14.771	33.300
01/10/2003	0.000	6.206	8.354	13.646	34.860
02/10/2003	0.000	8.100	7.729	15.688	34.860
03/10/2003	0.000	7.459	7.542	14.708	31.350
04/10/2003	0.000	7.329	8.667	15.333	33.300
05/10/2003	5.544	7.234	8.042	14.771	31.350
06/10/2003	2.825	6.222	8.104	13.500	33.300
07/10/2003	0.000	7.874	8.875	16.208	36.220
08/10/2003	31.105	5.252	9.229	13.167	41.950
09/10/2003	0.000	6.547	9.312	14.833	33.300
10/10/2003	38.705	6.851	9.375	15.271	31.350
11/10/2003	23.971	7.287	8.854	15.458	29.400
12/10/2003	7.072	7.711	8.917	16.062	35.250
13/10/2003	1.278	6.873	8.479	14.667	34.280
14/10/2003	0.000	5.472	8.688	13.042	41.000
15/10/2003	0.000	8.482	7.625	16.229	35.250
16/10/2003	0.000	8.449	8.292	16.646	35.830
17/10/2003	6.945	8.936	7.604	16.854	31.350
18/10/2003	4.956	7.783	8.729	16.083	33.300
19/10/2003	0.000	7.889	8.542	16.104	21.800
20/10/2003	0.000	7.076	8.625	15.104	31.400
21/10/2003	9.131	6.865	8.938	15.062	34.280
22/10/2003	0.000	7.769	7.417	15.208	39.100
23/10/2003	0.000	8.679	8.542	17.208	29.500
24/10/2003	0.000	7.894	8.292	16.000	31.350
25/10/2003	0.000	8.210	8.354	16.479	29.400
26/10/2003	11.554	6.795	9.500	15.438	53.750
27/10/2003	0.000	5.865	9.208	14.042	31.350
28/10/2003	0.000	9.069	7.854	17.354	23.700
29/10/2003	42.623	4.563	9.000	12.292	35.200
30/10/2003	11.554	6.799	8.229	14.562	39.050
31/10/2003	0.000	5.516	9.167	13.604	39.100
01/11/2003	0.000	5.807	8.562	13.521	36.220
02/11/2003	4.419	9.078	7.188	17.021	33.300
03/11/2003	19.066	5.050	8.125	12.229	33.300
04/11/2003	0.000	8.402	7.521	16.333	37.100
05/11/2003	0.000	7.167	7.438	14.583	40.950
06/11/2003	1.764	6.867	7.062	13.917	29.450
07/11/2003	5.336	7.879	7.604	15.708	25.600
08/11/2003	0.000	6.481	7.833	13.958	36.810
09/11/2003	0.000	8.497	6.875	16.125	38.670
10/11/2003	22.688	6.596	9.417	15.292	37.150
11/11/2003	0.000	7.413	8.812	15.958	40.950
12/11/2003	20.602	8.008	7.625	15.979	25.600
13/11/2003	0.000	7.190	7.688	14.896	35.250
14/11/2003	0.000	6.880	8.833	15.292	31.350
15/11/2003	0.000	6.794	8.542	14.979	36.770
16/11/2003	0.000	6.756	8.250	14.729	32.910
17/11/2003	0.000	6.270	8.542	14.292	32.330
18/11/2003	0.000	9.176	7.396	17.562	29.400
19/11/2003	31.869	8.148	8.333	16.750	29.020
20/11/2003	2.330	8.118	8.250	16.667	34.860
21/11/2003	15.192	6.574	8.917	15.021	42.520
22/11/2003	10.588	5.071	7.938	12.271	32.920
23/11/2003	0.000	7.445	7.833	15.479	29.400
24/11/2003	7.275	7.891	7.750	16.062	33.300
25/11/2003	0.520	8.038	7.792	16.312	34.280
26/11/2003	1.181	7.136	8.229	15.354	34.470
27/11/2003	13.055	7.091	8.396	15.417	29.400
28/11/2003	23.713	6.815	8.917	15.417	29.400
29/11/2003	5.178	6.803	8.667	15.229	31.740
30/11/2003	0.475	7.845	8.792	16.771	33.690
01/12/2003	19.202	7.230	8.958	16.042	36.610
02/12/2003	25.020	6.071	9.729	15.042	32.910
03/12/2003	6.679	7.159	9.250	16.167	29.400
04/12/2003	2.872	8.789	8.250	17.771	29.400
05/12/2003	1.120	8.901	7.896	17.708	27.500
06/12/2003	18.840	6.894	8.771	15.479	28.260
07/12/2003	5.218	7.077	9.021	15.917	42.900
08/12/2003	0.000	7.768	8.062	16.229	33.300
09/12/2003	0.000	6.587	9.333	15.479	28.450
10/12/2003	0.000	7.209	8.500	15.750	27.500
11/12/2003	2.088	6.979	9.125	15.875	25.600
12/12/2003	0.000	5.848	8.875	14.146	27.880
13/12/2003	17.139	5.744	8.312	13.583	26.740
14/12/2003	0.000	6.022	8.438	14.062	25.980
15/12/2003	0.000	6.409	7.750	14.104	28.650
16/12/2003	0.000	6.090	7.562	13.521	25.600
17/12/2003	0.000	6.340	7.062	13.521	27.500
18/12/2003	0.000	5.395	8.438	13.208	28.640
19/12/2003	0.000	6.017	8.271	13.938	29.990
20/12/2003	0.000	6.329	8.250	14.354	34.280
21/12/2003	0.000	5.391	8.500	13.250	42.120
22/12/2003	0.000	7.207	8.271	15.604	38.320
23/12/2003	0.000	5.346	8.146	12.917	37.200
24/12/2003	0.000	6.370	8.438	14.542	35.830
25/12/2003	0.000	6.960	7.979	15.042	29.400
26/12/2003	17.246	7.276	8.688	15.979	28.070
27/12/2003	1.923	4.932	9.000	13.021	29.020
28/12/2003	4.105	7.981	9.083	17.229	26.360
29/12/2003	1.845	6.937	9.542	16.104	27.500
30/12/2003	16.595	7.987	9.271	17.354	25.600
31/12/2003	0.000	7.545	8.812	16.417	25.600
01/01/2004	0.000	5.611	7.875	13.042	25.920
02/01/2004	0.000	6.280	9.000	14.792	25.520
03/01/2004	0.000	6.338	9.354	15.125	25.390
04/01/2004	0.000	7.097	9.000	15.896	25.130
05/01/2004	0.000	7.335	9.167	16.333	24.710
06/01/2004	0.000	7.833	8.542	16.583	26.120
07/01/2004	0.000	7.459	9.604	16.792	25.760
08/01/2004	0.000	6.676	9.438	15.604	25.850
09/01/2004	0.000	7.078	9.188	15.958	25.920
10/01/2004	15.447	7.998	9.729	17.583	26.390
11/01/2004	0.000	7.908	9.562	17.333	26.220
12/01/2004	0.000	7.239	10.146	16.833	25.320
13/01/2004	0.000	7.951	9.604	17.396	24.590
14/01/2004	5.537	8.900	9.250	18.438	24.290
15/01/2004	45.272	6.362	10.833	16.167	24.490
16/01/2004	1.278	6.853	9.542	15.833	37.110
17/01/2004	9.171	6.322	9.188	14.854	29.780
18/01/2004	0.000	7.839	7.458	15.708	27.280
19/01/2004	0.000	8.490	8.458	17.271	27.550
20/01/2004	0.000	8.506	8.542	17.333	25.440
21/01/2004	0.000	6.920	10.271	16.396	24.700
22/01/2004	2.198	7.338	9.000	16.021	25.280
23/01/2004	0.000	8.139	8.250	16.583	25.770
24/01/2004	0.000	8.584	8.292	17.208	24.540
25/01/2004	0.000	8.607	8.083	17.083	23.730
26/01/2004	0.000	8.939	7.208	16.958	23.240
27/01/2004	0.000	9.378	6.896	17.354	22.960
28/01/2004	0.000	9.747	6.396	17.542	22.810
29/01/2004	0.000	9.058	6.938	16.896	22.580
30/01/2004	0.000	9.191	6.375	16.708	22.560
31/01/2004	0.000	9.885	6.146	17.521	22.620
01/02/2004	0.000	8.602	5.938	15.562	22.510
02/02/2004	0.000	8.982	7.125	16.833	22.260
03/02/2004	0.000	8.822	6.979	16.500	22.180
04/02/2004	0.496	9.175	7.125	17.062	22.610
05/02/2004	0.000	8.569	7.000	16.125	22.100
06/02/2004	0.000	7.745	6.583	14.688	21.930
07/02/2004	0.000	8.334	8.104	16.500	21.800
08/02/2004	0.000	7.478	8.083	15.312	21.800
09/02/2004	0.000	6.983	8.333	14.812	21.910
10/02/2004	0.000	9.670	6.188	17.042	21.750
11/02/2004	0.000	8.706	7.000	16.208	21.750
12/02/2004	0.000	8.897	7.167	16.562	21.780
13/02/2004	0.000	8.764	7.979	16.896	21.720
14/02/2004	0.000	8.781	7.750	16.750	22.020
15/02/2004	0.000	8.644	8.396	16.979	21.720
16/02/2004	0.000	9.114	8.229	17.479	21.470
17/02/2004	0.000	10.405	7.312	18.604	21.410
18/02/2004	0.000	10.222	8.229	18.917	21.300
19/02/2004	0.000	9.898	8.729	18.792	21.280
20/02/2004	9.088	7.156	9.167	15.500	23.270
21/02/2004	58.505	5.774	9.542	14.042	22.040
22/02/2004	0.000	6.667	8.854	14.625	25.140
23/02/2004	12.674	6.611	8.083	13.979	47.760
24/02/2004	4.424	8.165	8.979	16.625	53.330
25/02/2004	0.000	7.132	8.354	14.833	38.690
26/02/2004	0.960	9.411	8.167	17.688	32.030
27/02/2004	0.000	5.726	8.250	12.938	28.700
28/02/2004	0.000	7.515	7.833	14.938	27.990
29/02/2004	0.000	7.015	7.688	14.167	27.120
01/03/2004	0.000	6.208	8.604	13.792	26.670
02/03/2004	0.000	5.696	8.792	13.292	44.450
03/03/2004	0.000	6.801	8.104	14.167	49.780
04/03/2004	0.000	6.402	8.667	14.062	33.800
05/03/2004	0.000	7.045	8.292	14.604	28.870
06/03/2004	0.000	8.010	8.000	15.646	26.570
07/03/2004	0.000	6.570	8.875	14.417	26.280
08/03/2004	2.704	8.050	7.542	15.375	25.130
09/03/2004	0.000	7.210	7.438	14.188	24.440
10/03/2004	3.957	4.761	8.917	12.250	23.890
11/03/2004	20.579	4.646	9.229	12.375	28.820
12/03/2004	0.000	6.071	8.896	13.792	38.390
13/03/2004	0.000	7.150	7.833	14.375	29.300
14/03/2004	0.000	6.308	8.292	13.625	26.140
15/03/2004	0.402	7.055	8.792	14.938	24.950
16/03/2004	1.329	6.258	9.042	14.125	24.460
17/03/2004	0.000	7.384	7.500	14.438	23.910
18/03/2004	0.000	7.752	7.792	15.125	23.230
19/03/2004	0.000	8.146	8.042	15.812	22.810
20/03/2004	0.000	8.446	7.583	15.896	22.450
21/03/2004	0.000	8.847	8.604	17.104	22.180
22/03/2004	25.440	7.583	8.104	15.125	22.160
23/03/2004	0.000	5.309	9.354	13.229	22.640
24/03/2004	0.000	7.252	8.958	15.312	33.800
25/03/2004	8.658	7.232	9.104	15.396	30.730
26/03/2004	0.000	8.501	9.417	17.229	27.610
27/03/2004	13.796	8.720	9.000	17.229	29.740
28/03/2004	15.305	8.322	10.083	17.479	32.340
29/03/2004	9.063	10.486	8.854	19.417	27.850
30/03/2004	4.045	8.239	8.542	16.312	25.550
31/03/2004	1.652	9.150	8.792	17.667	24.650
01/04/2004	0.867	8.126	9.333	16.729	24.600
02/04/2004	1.741	7.690	9.750	16.479	26.410
03/04/2004	35.349	5.726	9.417	13.812	32.930
04/04/2004	0.000	7.770	8.375	15.625	31.160
05/04/2004	0.000	7.642	8.750	15.729	27.860
06/04/2004	35.562	8.458	7.729	16.104	25.270
07/04/2004	0.000	9.641	7.604	17.604	24.030
08/04/2004	0.000	6.386	9.604	14.792	24.630
09/04/2004	3.411	7.615	9.625	16.354	38.610
10/04/2004	0.000	8.281	8.104	16.167	65.420
11/04/2004	0.000	9.035	9.062	17.812	42.800
12/04/2004	3.638	9.355	9.479	18.521	64.200
13/04/2004	35.544	8.159	10.292	17.562	57.170
14/04/2004	13.745	7.331	9.875	16.229	52.300
15/04/2004	0.000	6.010	10.229	14.875	48.690
16/04/2004	5.195	7.539	9.562	16.292	46.180
17/04/2004	9.152	7.603	9.750	16.521	44.590
18/04/2004	5.195	7.390	9.271	15.917	43.060
19/04/2004	0.000	7.956	8.375	16.042	41.520
20/04/2004	0.000	7.156	8.875	15.354	40.600
21/04/2004	0.000	8.149	8.958	16.729	39.620
22/04/2004	20.778	6.088	8.792	13.938	38.580
23/04/2004	10.532	6.138	8.938	14.125	43.230
24/04/2004	1.277	6.727	9.250	15.125	46.300
25/04/2004	0.978	7.013	8.312	14.833	37.560
26/04/2004	0.000	8.460	7.667	16.354	32.930
27/04/2004	2.551	7.672	8.562	15.917	32.050
28/04/2004	8.299	7.791	9.000	16.396	32.310
29/04/2004	0.000	7.705	8.812	16.167	33.330
30/04/2004	0.000	6.460	9.521	15.062	29.900
01/05/2004	12.464	8.250	9.250	17.229	29.790
02/05/2004	0.000	8.248	9.500	17.417	28.900
03/05/2004	0.000	7.209	9.500	16.062	37.160
04/05/2004	0.000	6.784	9.500	15.521	46.080
05/05/2004	0.000	6.857	9.521	15.646	45.420
06/05/2004	0.000	7.165	10.062	16.458	38.640
07/05/2004	0.000	6.979	9.000	15.458	37.360
08/05/2004	0.000	4.771	10.083	13.500	42.160
09/05/2004	29.184	5.787	9.000	13.917	50.190
10/05/2004	5.297	6.975	8.333	15.021	43.990
11/05/2004	0.408	6.918	8.479	15.062	38.650
12/05/2004	4.955	7.525	8.792	16.125	36.380
13/05/2004	0.000	7.325	9.125	16.104	37.380
14/05/2004	0.000	7.235	9.188	16.042	36.440
15/05/2004	22.072	5.856	9.229	14.250	36.290
16/05/2004	1.199	7.160	9.375	16.104	36.350
17/05/2004	0.000	6.614	9.188	15.250	47.830
18/05/2004	10.954	5.692	9.812	14.521	47.260
19/05/2004	21.732	4.841	9.292	13.042	54.860
20/05/2004	0.861	6.380	8.229	14.271	42.610
21/05/2004	0.000	8.283	8.104	16.854	35.820
22/05/2004	0.000	6.647	9.438	15.542	33.850
23/05/2004	5.707	5.810	9.625	14.583	33.450
24/05/2004	0.000	7.621	8.604	16.312	31.900
25/05/2004	0.000	6.088	9.250	14.688	30.310
26/05/2004	1.131	6.399	8.375	14.479	36.900
27/05/2004	0.000	5.949	8.667	14.083	43.090
28/05/2004	11.774	5.885	8.375	13.792	59.650
29/05/2004	16.025	6.756	8.188	14.875	44.800
30/05/2004	1.131	6.889	7.729	14.750	42.920
31/05/2004	32.050	5.852	8.625	13.958	50.040
01/06/2004	0.000	6.250	7.458	13.667	40.920
02/06/2004	0.000	6.193	8.417	14.292	57.170
03/06/2004	0.000	6.361	8.542	14.625	72.010
04/06/2004	0.000	6.712	8.458	15.062	59.930
05/06/2004	9.118	5.945	8.458	14.000	65.370
06/06/2004	3.642	5.205	8.354	12.917	49.990
07/06/2004	0.000	5.658	7.771	13.104	42.440
08/06/2004	9.676	6.146	8.729	14.500	40.490
09/06/2004	4.000	6.592	7.646	14.354	38.700
10/06/2004	0.000	6.372	7.583	14.000	39.650
11/06/2004	0.000	5.688	7.146	12.708	36.890
12/06/2004	7.139	5.743	8.833	14.042	49.020
13/06/2004	0.000	4.459	8.667	12.208	76.280
14/06/2004	2.436	7.012	7.271	14.729	48.630
15/06/2004	0.000	6.720	7.458	14.438	54.760
16/06/2004	2.533	3.965	9.104	11.958	64.000
17/06/2004	0.000	4.236	7.958	11.354	47.800
18/06/2004	0.848	5.124	8.812	13.208	43.250
19/06/2004	1.809	6.287	7.271	13.688	59.720
20/06/2004	0.400	6.068	8.396	14.188	54.440
21/06/2004	0.000	5.986	8.521	14.167	54.980
22/06/2004	0.789	6.614	8.188	14.812	50.230
23/06/2004	8.168	6.193	7.833	13.958	41.020
24/06/2004	0.427	5.379	8.146	13.042	41.710
25/06/2004	6.163	6.316	8.229	14.417	41.740
26/06/2004	0.000	6.309	8.562	14.646	36.690
27/06/2004	19.907	5.253	8.729	13.312	35.280
28/06/2004	6.211	6.123	8.354	14.229	43.820
29/06/2004	0.000	6.456	8.375	14.708	47.610
30/06/2004	6.688	6.369	8.146	14.417	38.830
01/07/2004	0.000	6.554	8.625	15.021	41.020
02/07/2004	4.594	8.264	8.312	17.229	37.900
03/07/2004	8.800	6.385	9.021	15.062	35.330
04/07/2004	11.468	6.037	8.667	14.312	37.510
05/07/2004	2.716	6.335	8.333	14.479	42.930
06/07/2004	0.000	6.739	7.979	14.792	46.690
07/07/2004	2.013	7.047	7.229	14.708	40.620
08/07/2004	2.427	8.709	7.667	17.396	36.400
09/07/2004	19.610	6.834	9.312	15.854	49.280
10/07/2004	10.696	8.356	8.562	17.458	39.730
11/07/2004	4.875	6.280	9.062	14.896	45.520
12/07/2004	0.000	6.242	7.604	13.771	63.390
13/07/2004	2.229	6.572	8.562	14.917	47.830
14/07/2004	6.292	6.179	8.833	14.562	59.360
15/07/2004	0.000	6.431	7.792	14.146	50.620
16/07/2004	0.000	6.482	7.792	14.208	42.500
17/07/2004	1.085	4.767	7.979	11.979	40.750
18/07/2004	0.000	6.957	6.667	14.083	39.450
19/07/2004	0.000	7.321	7.104	14.896	36.770
20/07/2004	2.222	6.648	8.312	14.771	38.590
21/07/2004	0.000	6.709	7.979	14.604	41.250
22/07/2004	0.000	7.869	6.729	15.396	39.770
23/07/2004	1.957	7.692	7.292	15.500	40.160
24/07/2004	0.000	7.089	7.292	14.625	38.970
25/07/2004	0.000	6.502	7.604	14.000	39.940
26/07/2004	3.269	7.150	7.542	14.854	37.080
27/07/2004	1.161	5.588	8.542	13.417	52.920
28/07/2004	4.077	7.241	7.938	15.229	47.940
29/07/2004	12.144	7.054	8.208	15.146	43.970
30/07/2004	0.000	5.984	8.042	13.542	41.820
31/07/2004	0.000	5.899	7.792	13.229	72.730
01/08/2004	0.000	7.200	7.292	14.667	54.870
02/08/2004	7.268	6.644	6.792	13.521	45.450
03/08/2004	0.000	6.543	7.833	14.104	42.820
04/08/2004	0.000	5.808	8.521	13.604	59.470
05/08/2004	0.000	6.606	6.896	13.500	68.260
06/08/2004	0.000	5.273	7.646	12.208	48.150
07/08/2004	0.000	6.141	7.229	13.062	45.480
08/08/2004	0.000	6.246	7.333	13.271	57.500
09/08/2004	6.647	5.402	7.896	12.542	53.800
10/08/2004	0.000	7.525	6.229	14.271	52.500
11/08/2004	0.000	5.516	7.042	12.021	46.670
12/08/2004	0.000	5.994	7.188	12.771	45.850
13/08/2004	0.000	5.294	7.646	12.167	57.180
14/08/2004	0.000	6.493	7.229	13.458	52.150
15/08/2004	0.000	7.065	8.083	14.833	50.230
16/08/2004	5.071	7.853	8.250	16.000	43.990
17/08/2004	1.117	6.818	8.958	15.104	40.760
18/08/2004	12.015	7.410	9.458	16.229	39.100
19/08/2004	1.222	6.054	8.896	14.042	43.320
20/08/2004	0.000	6.353	9.146	14.604	54.680
21/08/2004	0.000	6.533	8.729	14.521	42.350
22/08/2004	0.000	8.149	7.542	15.833	38.850
23/08/2004	0.000	6.495	7.458	13.521	37.880
24/08/2004	0.000	6.184	8.375	13.771	39.350
25/08/2004	3.347	6.454	9.208	14.729	52.060
26/08/2004	0.000	7.259	8.646	15.354	43.200
27/08/2004	0.000	6.945	9.000	15.188	38.700
28/08/2004	8.991	7.554	8.896	15.896	37.640
29/08/2004	0.000	7.722	8.083	15.542	39.530
30/08/2004	0.000	7.004	7.271	14.000	39.390
31/08/2004	7.787	6.957	8.396	14.729	37.390
01/09/2004	0.000	8.442	6.458	15.396	36.160
02/09/2004	0.000	8.500	6.771	15.667	35.090
03/09/2004	0.000	7.650	7.083	14.708	34.390
04/09/2004	16.198	7.132	8.354	14.896	36.460
05/09/2004	8.477	7.126	7.938	14.583	38.050
06/09/2004	0.000	7.509	7.667	14.896	37.780
07/09/2004	0.000	7.141	8.104	14.708	41.000
08/09/2004	43.693	6.493	8.417	14.083	42.290
09/09/2004	0.000	7.452	8.250	15.208	39.310
10/09/2004	8.417	6.728	7.667	13.833	44.170
11/09/2004	0.000	7.518	7.604	14.833	37.960
12/09/2004	0.000	6.333	6.729	12.625	36.030
13/09/2004	0.000	7.523	6.542	14.104	37.170
14/09/2004	0.000	7.637	7.396	14.833	41.190
15/09/2004	0.000	8.640	7.917	16.521	35.640
16/09/2004	0.000	8.322	6.396	15.083	33.690
17/09/2004	0.000	8.644	6.333	15.479	32.720
18/09/2004	0.000	8.268	7.583	15.792	32.520
19/09/2004	0.000	9.206	7.354	16.896	32.720
20/09/2004	0.000	9.105	7.438	16.812	32.130
21/09/2004	3.322	8.808	8.292	16.979	33.300
22/09/2004	0.000	9.095	7.812	17.042	32.130
23/09/2004	11.874	7.616	8.708	15.708	31.740
24/09/2004	0.000	9.060	8.167	17.229	33.300
25/09/2004	0.000	8.187	8.354	16.208	35.810
26/09/2004	0.000	7.943	7.083	15.021	33.890
27/09/2004	1.742	7.928	7.292	15.146	35.060
28/09/2004	0.000	7.624	8.417	15.521	32.130
29/09/2004	0.000	9.481	8.125	17.771	31.550
30/09/2004	0.000	7.823	8.812	16.062	30.960
01/10/2004	0.000	7.590	8.167	15.312	30.760
02/10/2004	0.000	8.280	8.229	16.271	35.060
03/10/2004	1.039	8.686	7.542	16.354	31.740
04/10/2004	0.000	8.397	8.479	16.604	31.550
05/10/2004	0.000	7.081	7.729	14.354	33.690
06/10/2004	0.000	7.636	7.917	15.229	36.790
07/10/2004	0.815	6.916	8.104	14.417	42.900
08/10/2004	13.427	9.161	8.042	17.354	39.860
09/10/2004	16.764	8.699	8.667	17.167	38.150
10/10/2004	10.678	7.574	8.917	15.875	33.690
11/10/2004	0.000	9.409	8.354	17.917	32.130
12/10/2004	8.472	9.072	8.542	17.604	34.470
13/10/2004	7.793	9.637	9.104	18.729	40.240
14/10/2004	5.348	8.379	9.542	17.396	33.300
15/10/2004	12.239	8.367	8.854	16.917	39.860
16/10/2004	0.000	9.536	8.292	18.104	33.500
17/10/2004	0.000	8.249	9.229	17.042	32.330
18/10/2004	0.000	9.265	8.229	17.729	34.080
19/10/2004	39.941	8.974	8.292	17.396	37.880
20/10/2004	8.867	6.940	8.167	14.604	47.350
21/10/2004	1.369	7.413	7.667	14.896	42.140
22/10/2004	8.522	7.106	9.312	15.667	39.670
23/10/2004	0.000	5.601	9.188	13.667	39.860
24/10/2004	13.732	8.171	9.250	17.042	36.030
25/10/2004	11.629	9.053	8.792	17.917	34.280
26/10/2004	23.178	9.421	8.042	17.938	33.890
27/10/2004	20.100	8.206	8.208	16.417	34.860
28/10/2004	0.000	6.810	8.917	15.062	32.520
29/10/2004	0.000	7.658	7.667	15.333	34.470
30/10/2004	3.023	7.915	8.292	16.125	34.470
31/10/2004	0.000	6.857	8.896	15.146	34.860
01/11/2004	0.000	7.741	7.375	15.292	34.080
02/11/2004	0.957	7.381	7.625	14.979	37.540
03/11/2004	2.771	7.546	8.000	15.479	36.800
04/11/2004	0.000	8.554	8.938	17.500	35.250
05/11/2004	28.243	7.109	8.979	15.604	35.250
06/11/2004	0.943	6.711	8.917	15.042	35.060
07/11/2004	9.585	6.375	9.417	14.979	52.190
08/11/2004	0.000	6.416	7.625	13.729	42.520
09/11/2004	3.113	8.109	7.958	16.312	39.100
10/11/2004	2.904	7.695	8.979	16.458	37.200
11/11/2004	0.000	8.763	9.625	18.354	35.830
12/11/2004	0.000	6.325	8.333	14.167	34.080
13/11/2004	14.829	7.328	9.417	16.312	34.670
14/11/2004	1.094	8.449	8.729	17.375	34.670
15/11/2004	19.311	8.067	8.562	16.750	36.590
16/11/2004	10.588	8.972	8.729	18.125	41.000
17/11/2004	6.815	8.476	8.667	17.417	36.420
18/11/2004	18.096	8.424	9.375	17.833	42.520
19/11/2004	6.338	6.957	8.938	15.542	39.860
20/11/2004	18.442	6.499	7.938	14.208	43.090
21/11/2004	0.000	6.714	7.708	14.354	39.860
22/11/2004	0.000	7.602	8.000	15.812	33.890
23/11/2004	0.000	9.880	5.854	17.708	32.130
24/11/2004	0.000	7.851	7.875	16.104	31.740
25/11/2004	35.587	6.253	8.479	14.312	39.480
26/11/2004	20.205	7.146	8.104	15.292	50.880
27/11/2004	0.000	8.039	8.792	17.021	37.350
28/11/2004	0.812	7.648	9.229	16.792	35.060
29/11/2004	0.000	8.011	8.479	16.792	33.690
30/11/2004	0.000	7.712	9.438	17.042	38.300
01/12/2004	28.220	5.803	9.646	14.625	36.570
02/12/2004	0.000	6.343	8.896	14.792	33.500
03/12/2004	1.333	7.217	8.417	15.667	32.910
04/12/2004	0.000	6.191	8.875	14.583	34.670
05/12/2004	0.000	4.667	9.438	13.021	40.240
06/12/2004	0.000	6.610	8.875	15.167	34.080
07/12/2004	0.000	7.092	7.917	15.167	32.910
08/12/2004	0.000	7.530	8.000	15.854	33.690
09/12/2004	0.000	7.592	8.958	16.604	32.910
10/12/2004	0.000	7.826	9.021	16.979	32.330
11/12/2004	7.774	7.516	8.979	16.521	31.940
12/12/2004	2.900	6.794	8.833	15.417	31.550
13/12/2004	2.392	7.138	9.125	16.104	32.330
14/12/2004	8.851	7.432	8.958	16.396	39.100
15/12/2004	11.069	5.858	9.042	14.292	39.100
16/12/2004	11.203	7.951	8.896	17.083	35.440
17/12/2004	16.487	4.666	9.354	12.979	35.830
18/12/2004	0.000	7.039	9.458	16.208	36.220
19/12/2004	0.000	7.650	9.083	16.792	34.670
20/12/2004	0.000	8.472	8.833	17.771	31.550
21/12/2004	3.954	7.502	9.292	16.729	30.180
22/12/2004	1.890	7.132	9.312	16.229	30.180
23/12/2004	0.000	7.442	8.521	16.104	29.990
24/12/2004	2.939	8.121	9.417	17.667	28.640
25/12/2004	0.000	9.072	8.521	18.396	28.260
26/12/2004	4.875	8.680	7.875	17.417	28.260
27/12/2004	21.089	8.100	8.625	17.083	28.830
28/12/2004	6.362	7.787	8.021	16.229	27.880
29/12/2004	0.000	7.832	7.562	15.979	28.260
30/12/2004	0.000	6.529	8.083	14.479	28.070
31/12/2004	0.000	8.031	8.000	16.542	27.880
01/01/2005	0.000	8.524	7.083	16.646	27.690
02/01/2005	0.000	7.195	8.250	15.521	27.690
03/01/2005	0.000	7.651	8.146	16.083	27.500
04/01/2005	22.260	7.401	9.292	16.521	28.450
05/01/2005	0.000	6.984	9.604	16.167	27.690
06/01/2005	0.000	5.715	9.542	14.417	28.260
07/01/2005	0.000	6.178	10.042	15.396	29.600
08/01/2005	0.000	7.248	8.667	15.833	28.070
09/01/2005	5.024	7.215	8.417	15.604	34.280
10/01/2005	0.000	7.467	7.896	15.583	40.240
11/01/2005	0.000	8.441	8.479	17.333	33.690
12/01/2005	0.000	7.933	10.042	17.688	31.350
13/01/2005	0.000	7.440	9.875	16.896	30.570
14/01/2005	18.308	7.808	8.729	16.583	31.540
15/01/2005	18.308	7.478	9.042	16.333	29.790
16/01/2005	0.000	8.539	9.500	18.083	28.640
17/01/2005	30.140	8.405	10.667	18.688	28.640
18/01/2005	0.000	7.667	10.417	17.521	28.260
19/01/2005	0.000	7.059	10.417	16.708	28.640
20/01/2005	0.000	7.596	10.146	17.208	29.790
21/01/2005	0.000	8.782	9.000	18.000	30.190
22/01/2005	6.807	7.513	10.167	17.083	31.740
23/01/2005	0.905	8.466	8.417	17.146	33.500
24/01/2005	0.000	8.248	8.792	17.083	30.960
25/01/2005	0.000	7.251	9.312	16.083	30.380
26/01/2005	0.000	7.958	7.208	15.583	28.450
27/01/2005	0.000	8.529	7.729	16.708	28.260
28/01/2005	0.000	7.993	8.938	16.771	27.310
29/01/2005	0.000	7.565	8.917	16.167	27.120
30/01/2005	0.000	6.613	8.854	14.833	27.500
31/01/2005	0.000	7.429	8.688	15.792	27.880
01/02/2005	0.000	8.493	7.625	16.500	27.690
02/02/2005	0.000	8.754	8.688	17.542	26.930
03/02/2005	0.000	7.452	8.917	15.938	27.120
04/02/2005	0.000	6.920	8.583	14.979	27.500
05/02/2005	0.000	7.040	8.729	15.229	35.960
06/02/2005	0.000	7.082	8.583	15.167	41.570
07/02/2005	0.000	8.357	9.229	17.292	49.440
08/02/2005	26.535	7.601	9.625	16.562	38.720
09/02/2005	0.000	7.955	9.792	17.125	39.100
10/02/2005	18.792	7.139	9.542	15.875	54.840
11/02/2005	0.000	6.204	10.271	15.229	43.660
12/02/2005	60.247	5.507	10.167	14.292	47.840
13/02/2005	0.000	8.337	9.042	17.042	41.380
14/02/2005	0.000	9.077	9.104	18.042	34.670
15/02/2005	0.000	8.429	8.542	16.792	31.940
16/02/2005	0.000	7.623	9.917	16.688	30.760
17/02/2005	0.000	8.430	8.979	17.062	33.300
18/02/2005	0.000	8.092	8.917	16.562	31.350
19/02/2005	0.000	8.275	9.042	16.875	29.990
20/02/2005	0.000	7.769	9.812	16.750	29.210
21/02/2005	0.000	8.774	9.229	17.625	28.450
22/02/2005	0.000	10.397	8.167	19.042	28.070
23/02/2005	0.000	9.795	8.646	18.542	27.500
24/02/2005	0.000	9.621	8.729	18.354	27.120
25/02/2005	0.000	10.408	7.417	18.542	27.120
26/02/2005	0.000	10.243	8.479	18.979	26.740
27/02/2005	0.000	8.286	9.521	17.125	26.740
28/02/2005	18.589	6.960	9.667	15.542	28.650
01/03/2005	0.663	8.944	9.479	17.917	27.690
02/03/2005	0.000	6.714	10.562	15.896	27.120
03/03/2005	0.000	8.076	10.188	17.292	30.970
04/03/2005	30.945	5.250	10.354	14.000	39.430
05/03/2005	0.000	8.152	9.125	16.625	35.820
06/03/2005	3.739	8.848	9.542	17.792	30.380
07/03/2005	9.061	5.735	10.375	14.562	28.830
08/03/2005	9.061	7.315	10.104	16.250	29.220
09/03/2005	0.000	7.859	9.604	16.562	29.400
10/03/2005	0.433	8.347	9.083	16.812	29.590
11/03/2005	0.000	8.724	9.812	17.792	28.830
12/03/2005	0.000	9.351	8.729	17.854	27.690
13/03/2005	2.920	9.943	9.000	18.792	27.310
14/03/2005	0.000	9.574	7.979	17.646	26.550
15/03/2005	0.000	7.958	9.167	16.354	26.550
16/03/2005	0.000	7.538	9.042	15.729	26.360
17/03/2005	3.826	9.254	9.125	17.979	26.170
18/03/2005	8.849	6.852	8.917	14.771	29.790
19/03/2005	22.260	7.068	9.229	15.271	31.380
20/03/2005	0.346	7.776	9.292	16.208	31.350
21/03/2005	9.056	8.312	8.000	16.000	31.550
22/03/2005	0.000	7.540	8.833	15.583	29.410
23/03/2005	12.284	5.250	8.604	12.562	28.070
24/03/2005	0.000	6.221	8.604	13.750	34.820
25/03/2005	0.000	9.781	7.458	17.583	39.090
26/03/2005	0.000	8.382	9.188	16.917	33.300
27/03/2005	0.000	7.236	8.833	15.208	36.020
28/03/2005	0.000	9.250	8.729	17.729	32.130
29/03/2005	3.294	8.107	8.354	16.000	30.180
30/03/2005	10.509	8.999	8.167	17.042	29.020
31/03/2005	17.054	6.209	8.562	13.729	28.450
01/04/2005	0.000	8.281	8.938	16.646	27.690
02/04/2005	1.795	7.275	9.125	15.500	27.690
03/04/2005	0.000	8.235	8.854	16.542	27.690
04/04/2005	15.251	6.506	9.729	15.000	37.930
05/04/2005	10.356	7.260	8.750	15.229	36.000
06/04/2005	2.707	6.284	9.250	14.375	44.040
07/04/2005	4.909	6.407	9.562	14.771	47.520
08/04/2005	0.000	7.785	9.438	16.417	54.840
09/04/2005	31.600	6.897	9.000	14.979	74.960
10/04/2005	0.000	6.602	9.125	14.708	49.170
11/04/2005	0.791	8.020	7.875	15.667	40.620
12/04/2005	0.000	8.162	8.104	16.021	34.670
13/04/2005	0.000	5.716	9.625	14.021	45.600
14/04/2005	7.613	5.802	8.562	13.312	46.320
15/04/2005	18.128	6.583	8.812	14.500	42.520
16/04/2005	0.000	6.317	9.000	14.312	38.910
17/04/2005	0.000	6.603	8.667	14.438	53.000
18/04/2005	17.683	8.069	8.562	16.292	47.460
19/04/2005	0.000	9.114	8.562	17.688	36.030
20/04/2005	0.000	8.090	9.917	17.292	33.100
21/04/2005	35.479	6.485	9.562	15.000	36.610
22/04/2005	0.000	8.332	9.062	17.042	34.470
23/04/2005	19.020	7.956	10.188	17.354	44.440
24/04/2005	16.632	9.510	9.250	18.750	47.460
25/04/2005	5.919	8.730	9.875	18.167	35.220
26/04/2005	16.760	7.654	9.792	16.729	42.520
27/04/2005	18.355	6.647	9.438	15.188	42.520
28/04/2005	0.000	8.322	9.062	17.125	36.600
29/04/2005	3.998	8.151	9.333	17.104	32.910
30/04/2005	8.877	6.685	9.062	15.000	40.560
01/05/2005	0.000	8.146	8.292	16.417	36.400
02/05/2005	2.012	8.640	6.729	16.083	32.910
03/05/2005	1.849	8.780	8.542	17.479	27.160
04/05/2005	13.956	6.314	10.812	15.896	23.890
05/05/2005	7.627	7.647	9.958	16.979	24.650
06/05/2005	0.000	8.272	9.104	17.229	23.700
07/05/2005	0.000	7.102	9.458	15.938	23.700
08/05/2005	0.839	8.121	9.167	17.104	24.650
09/05/2005	0.000	6.308	10.083	15.396	24.270
10/05/2005	0.000	7.071	9.167	15.729	30.570
11/05/2005	0.000	6.596	10.333	15.979	26.580
12/05/2005	0.000	6.155	9.438	14.750	34.460
13/05/2005	0.000	6.870	9.500	15.750	38.520
14/05/2005	34.219	4.573	9.604	12.917	39.290
15/05/2005	3.197	7.757	9.875	17.229	33.890
16/05/2005	7.021	6.625	9.688	15.604	49.840
17/05/2005	1.366	7.603	8.875	16.354	55.680
18/05/2005	5.744	9.053	8.479	18.104	48.980
19/05/2005	11.607	7.266	9.833	16.604	42.900
20/05/2005	2.546	9.323	8.938	18.812	37.960
21/05/2005	0.872	9.070	9.188	18.646	37.010
22/05/2005	1.893	6.290	10.062	15.521	36.030
23/05/2005	24.807	7.453	9.396	16.604	35.250
24/05/2005	1.309	9.329	8.167	18.396	34.860
25/05/2005	0.000	7.987	9.292	17.292	35.060
26/05/2005	0.000	6.355	9.833	15.479	33.690
27/05/2005	36.503	6.081	9.167	14.625	39.290
28/05/2005	17.687	5.917	8.417	13.854	44.800
29/05/2005	0.000	6.246	7.750	13.833	42.900
30/05/2005	0.000	6.224	8.354	14.250	38.720
31/05/2005	2.539	4.604	9.167	12.729	81.460
01/06/2005	0.000	6.140	8.146	14.000	52.860
02/06/2005	0.000	6.980	9.229	15.958	49.020
03/06/2005	0.000	6.898	9.688	16.188	41.570
04/06/2005	0.000	6.514	9.167	15.292	39.860
05/06/2005	0.000	6.473	9.208	15.271	63.520
06/06/2005	0.000	6.208	8.896	14.688	56.000
07/06/2005	0.000	5.679	8.875	13.958	45.560
08/06/2005	0.000	8.236	7.833	16.833	39.100
09/06/2005	8.149	5.745	9.375	14.438	49.660
10/06/2005	0.000	6.853	8.562	15.375	41.380
11/06/2005	2.806	7.391	8.479	16.083	38.720
12/06/2005	0.000	6.638	8.271	14.875	37.380
13/06/2005	21.422	7.325	8.417	15.958	35.440
14/06/2005	0.000	6.664	9.479	15.792	34.470
15/06/2005	0.000	6.346	9.979	15.729	38.330
16/06/2005	0.000	5.559	9.500	14.312	37.760
17/06/2005	0.000	6.690	8.750	15.312	37.580
18/06/2005	0.000	6.685	8.583	15.188	36.030
19/06/2005	0.000	6.889	8.646	15.521	35.830
20/06/2005	0.000	5.982	9.229	14.688	53.180
21/06/2005	0.000	5.886	9.042	14.417	48.410
22/06/2005	0.000	6.409	8.042	14.417	44.420
23/06/2005	0.000	6.236	7.896	14.062	57.740
24/06/2005	0.000	7.006	7.167	14.667	52.040
25/06/2005	0.000	7.101	7.271	14.875	40.240
26/06/2005	0.000	7.541	8.021	16.021	37.960
27/06/2005	0.000	7.041	8.604	15.708	36.030
28/06/2005	0.000	6.225	9.375	15.125	36.420
29/06/2005	53.900	3.926	9.188	11.979	61.220
30/06/2005	0.000	5.458	8.229	13.208	50.880
01/07/2005	0.000	6.810	7.667	14.708	41.950
02/07/2005	0.000	5.973	8.542	14.146	37.390
03/07/2005	0.000	8.077	6.979	16.083	35.440
04/07/2005	0.000	7.958	7.479	16.229	34.280
05/07/2005	5.766	7.835	8.958	17.042	35.060
06/07/2005	22.181	5.828	8.417	13.833	35.640
07/07/2005	0.000	6.646	7.604	14.396	45.040
08/07/2005	0.000	5.923	7.458	13.250	51.260
09/07/2005	0.000	6.569	7.604	14.271	43.280
10/07/2005	0.000	6.397	7.229	13.750	35.060
11/07/2005	0.000	6.855	5.750	13.396	34.470
12/07/2005	0.000	5.908	7.042	12.896	32.330
13/07/2005	0.000	8.994	6.125	16.792	30.960
14/07/2005	0.000	7.374	8.354	15.896	31.940
15/07/2005	0.000	7.124	7.979	15.271	31.940
16/07/2005	0.000	7.497	8.042	15.833	31.550
17/07/2005	27.848	7.144	9.771	16.542	34.860
18/07/2005	16.468	5.047	10.146	14.062	45.940
19/07/2005	6.706	5.822	9.875	14.833	63.520
20/07/2005	1.250	5.948	8.562	14.000	52.180
21/07/2005	0.000	5.622	8.667	13.625	53.260
22/07/2005	0.000	6.209	9.375	14.938	43.660
23/07/2005	0.000	7.624	7.354	15.458	42.900
24/07/2005	0.000	6.304	7.667	13.792	44.420
25/07/2005	0.000	5.395	8.833	13.417	64.810
26/07/2005	0.000	6.229	8.417	14.208	67.320
27/07/2005	0.000	6.806	8.458	15.021	65.160
28/07/2005	0.000	5.510	8.104	12.979	58.000
29/07/2005	0.000	6.380	8.354	14.333	74.420
30/07/2005	0.000	5.442	8.521	13.188	45.940
31/07/2005	5.038	6.477	8.292	14.396	71.900
01/08/2005	0.000	5.827	8.646	13.771	52.120
02/08/2005	0.000	7.182	8.583	15.542	68.460
03/08/2005	0.000	5.717	8.208	13.271	63.780
04/08/2005	0.000	5.812	8.500	13.604	55.600
05/08/2005	0.000	7.587	8.146	15.750	54.650
06/08/2005	0.000	7.572	7.896	15.542	44.040
07/08/2005	0.000	7.140	8.146	15.104	41.190
08/08/2005	0.000	6.554	8.521	14.562	47.480
09/08/2005	0.000	5.943	7.896	13.271	56.020
10/08/2005	0.000	7.348	7.708	15.042	47.840
11/08/2005	0.000	4.779	8.583	12.271	51.680
12/08/2005	0.000	7.595	6.792	14.729	44.040
13/08/2005	1.666	7.760	7.521	15.438	38.910
14/08/2005	0.000	7.219	8.312	15.229	36.810
15/08/2005	0.000	7.822	8.208	15.958	36.220
16/08/2005	0.000	6.903	8.333	14.792	44.800
17/08/2005	9.658	6.932	7.771	14.417	46.890
18/08/2005	0.000	7.139	7.833	14.729	43.090
19/08/2005	1.741	5.067	8.771	12.708	67.550
20/08/2005	0.000	6.252	7.333	13.146	44.040
21/08/2005	0.000	7.125	8.708	15.292	41.000
22/08/2005	0.000	8.555	8.125	16.792	37.960
23/08/2005	4.271	9.130	8.333	17.688	48.240
24/08/2005	69.763	7.172	8.438	15.125	42.330
25/08/2005	0.000	7.351	7.458	14.667	36.620
26/08/2005	0.000	8.147	7.667	15.875	35.830
27/08/2005	0.000	9.108	6.104	16.167	35.640
28/08/2005	0.000	8.100	7.271	15.521	35.640
29/08/2005	0.000	7.769	8.458	15.875	35.060
30/08/2005	0.000	9.628	7.583	17.771	34.280
31/08/2005	0.000	6.588	9.792	15.292	38.150
01/09/2005	0.000	8.414	8.104	16.458	38.530
02/09/2005	0.000	7.278	8.312	15.083	35.060
03/09/2005	16.931	6.670	8.417	14.354	49.360
04/09/2005	0.000	7.959	7.938	15.708	40.050
05/09/2005	0.000	7.614	7.167	14.708	35.830
06/09/2005	0.000	8.182	8.354	16.271	44.420
07/09/2005	0.000	6.327	8.125	13.667	54.740
08/09/2005	0.000	6.802	7.333	13.708	53.660
09/09/2005	1.067	5.940	7.917	13.000	45.180
10/09/2005	0.000	6.687	8.167	14.146	41.000
11/09/2005	0.000	7.203	8.042	14.729	37.580
12/09/2005	0.000	7.531	8.917	15.771	36.220
13/09/2005	0.000	7.240	7.542	14.417	35.440
14/09/2005	0.000	7.374	8.688	15.396	36.990
15/09/2005	0.000	6.565	9.083	14.646	42.130
16/09/2005	0.000	7.499	8.292	15.271	40.620
17/09/2005	0.000	8.855	7.333	16.417	37.190
18/09/2005	0.000	7.177	8.188	14.771	34.670
19/09/2005	0.000	7.117	8.646	15.021	34.860
20/09/2005	0.000	6.765	8.500	14.458	40.050
21/09/2005	0.000	8.760	7.917	16.667	36.420
22/09/2005	7.680	10.567	7.021	18.500	35.640
23/09/2005	0.817	8.403	9.104	17.000	33.890
24/09/2005	24.114	8.671	8.958	17.250	35.440
25/09/2005	11.479	9.909	8.729	18.708	35.250
26/09/2005	28.324	7.596	8.479	15.521	40.620
27/09/2005	20.376	6.944	8.667	14.812	37.390
28/09/2005	4.663	8.833	7.979	16.812	48.260
29/09/2005	5.464	9.499	7.250	17.229	43.090
30/09/2005	6.998	9.029	8.521	17.438	43.470
01/10/2005	0.000	6.308	8.792	14.104	38.510
02/10/2005	0.000	8.703	6.917	15.958	35.060
03/10/2005	0.000	9.736	7.604	17.792	39.050
04/10/2005	0.000	10.192	8.021	18.667	37.160
05/10/2005	2.060	9.204	8.417	17.625	33.490
06/10/2005	0.000	7.529	8.250	15.312	33.300
07/10/2005	15.860	7.299	8.229	15.000	34.080
08/10/2005	1.014	8.220	7.438	15.688	35.640
09/10/2005	0.979	6.730	7.479	13.729	35.250
10/10/2005	3.327	8.533	7.562	16.208	36.580
11/10/2005	4.354	7.143	8.854	15.271	38.150
12/10/2005	3.949	8.983	8.417	17.396	37.960
13/10/2005	18.965	8.266	8.938	16.812	34.280
14/10/2005	0.000	7.234	8.917	15.458	32.720
15/10/2005	9.021	8.474	8.167	16.583	31.930
16/10/2005	0.000	7.784	8.667	16.021	31.740
17/10/2005	27.295	6.229	9.271	14.458	31.740
18/10/2005	0.734	7.450	8.729	15.646	32.330
19/10/2005	0.000	7.340	8.479	15.333	32.720
20/10/2005	0.000	7.315	7.917	14.917	33.690
21/10/2005	7.577	8.623	7.979	16.729	36.400
22/10/2005	0.000	7.454	9.188	16.021	35.640
23/10/2005	23.848	7.518	9.812	16.562	39.670
24/10/2005	31.488	6.487	9.167	14.771	49.420
25/10/2005	0.983	6.324	9.042	14.479	51.920
26/10/2005	0.000	8.017	8.438	16.292	45.180
27/10/2005	0.000	6.867	9.812	15.771	41.000
28/10/2005	7.709	7.920	9.667	17.042	41.380
29/10/2005	0.000	9.526	9.250	18.896	38.720
30/10/2005	3.937	8.657	9.854	18.167	37.000
31/10/2005	26.476	5.778	9.625	14.292	36.420
01/11/2005	27.587	5.659	8.458	13.250	40.240
02/11/2005	0.000	7.444	8.062	15.354	39.100
03/11/2005	0.000	7.642	8.375	15.854	36.220
04/11/2005	0.000	7.030	7.938	14.729	38.720
05/11/2005	0.000	8.422	7.708	16.500	37.010
06/11/2005	0.000	8.225	9.104	17.188	36.220
07/11/2005	0.000	7.916	8.354	16.271	45.560
08/11/2005	0.000	7.395	7.312	14.854	47.460
09/11/2005	12.606	6.766	8.438	14.792	39.100
10/11/2005	20.947	8.670	7.375	16.708	45.820
11/11/2005	13.314	6.111	8.500	13.979	44.800
12/11/2005	15.017	6.890	8.500	15.042	37.750
13/11/2005	2.521	6.297	9.479	14.979	39.480
14/11/2005	7.389	7.696	8.854	16.417	36.800
15/11/2005	16.762	8.100	9.250	17.250	34.080
16/11/2005	0.000	7.691	9.604	16.958	33.100
17/11/2005	0.000	8.471	9.229	17.771	33.690
18/11/2005	1.877	7.692	9.979	17.250	34.080
19/11/2005	0.000	8.229	8.875	17.229	32.720
20/11/2005	14.096	8.775	9.229	18.229	31.350
21/11/2005	19.591	6.786	9.729	15.896	43.250
22/11/2005	24.347	7.282	8.896	15.979	40.810
23/11/2005	0.000	8.901	8.396	17.896	35.640
24/11/2005	0.000	9.343	8.062	18.312	32.720
25/11/2005	0.444	10.232	8.021	19.542	31.740
26/11/2005	4.037	8.332	7.583	16.604	33.690
27/11/2005	0.000	8.782	7.771	17.375	30.380
28/11/2005	0.000	8.036	8.458	16.792	30.180
29/11/2005	0.000	8.777	7.875	17.458	29.990
30/11/2005	0.000	7.102	9.771	16.438	29.590
01/12/2005	0.000	8.041	9.021	17.208	29.020
02/12/2005	0.000	8.106	8.875	17.208	29.210
03/12/2005	0.000	7.437	8.250	15.854	29.990
04/12/2005	42.033	6.862	8.500	15.229	29.220
05/12/2005	6.780	6.780	8.792	15.333	33.110
06/12/2005	23.551	8.084	8.438	16.917	45.180
07/12/2005	0.000	7.885	8.812	16.896	36.220
08/12/2005	0.000	6.363	8.562	14.604	33.100
09/12/2005	0.000	7.346	8.292	15.792	34.860
10/12/2005	7.633	8.479	8.312	17.417	32.720
11/12/2005	0.000	7.000	8.438	15.417	31.150
12/12/2005	0.000	6.148	9.417	14.958	36.170
13/12/2005	0.000	7.908	8.750	16.917	36.610
14/12/2005	42.323	7.055	9.375	16.167	37.580
15/12/2005	0.000	7.713	8.688	16.604	38.340
16/12/2005	0.000	8.958	9.000	18.562	36.780
17/12/2005	0.000	7.416	8.833	16.292	40.620
18/12/2005	0.000	7.034	8.583	15.583	35.440
19/12/2005	0.000	7.222	7.604	15.167	38.330
20/12/2005	0.000	7.019	8.646	15.604	41.380
21/12/2005	0.000	6.592	8.521	14.917	38.340
22/12/2005	0.000	6.324	8.375	14.438	38.330
23/12/2005	0.000	5.126	8.958	13.250	35.640
24/12/2005	18.884	5.766	8.688	13.896	39.670
25/12/2005	0.000	7.091	7.708	15.042	41.380
26/12/2005	0.000	6.912	8.875	15.604	35.250
27/12/2005	30.693	6.756	8.833	15.354	33.690
28/12/2005	0.000	7.780	8.396	16.479	33.100
29/12/2005	0.000	8.540	7.979	17.271	33.110
30/12/2005	0.000	7.850	8.083	16.354	30.760
31/12/2005	0.000	8.846	7.125	17.146	29.790
01/01/2006	0.000	7.964	7.833	16.333	5.988
02/01/2006	0.000	7.994	7.875	16.396	5.600
03/01/2006	0.000	7.354	8.479	15.896	6.363
04/01/2006	0.000	6.297	9.354	15.062	7.500
05/01/2006	0.000	7.376	8.729	16.083	7.113
06/01/2006	0.000	6.444	9.104	15.062	12.390
07/01/2006	19.716	6.369	8.604	14.583	14.770
08/01/2006	0.000	7.576	9.000	16.521	18.800
09/01/2006	0.000	7.587	8.271	16.021	13.650
10/01/2006	21.710	6.868	8.729	15.333	10.300
11/01/2006	4.458	8.832	8.979	18.208	9.300
12/01/2006	3.174	7.283	9.542	16.458	11.680
13/01/2006	0.000	8.415	8.479	17.271	10.700
14/01/2006	0.000	9.114	6.083	16.708	8.300
15/01/2006	37.685	6.639	9.062	15.208	15.100
16/01/2006	9.594	5.850	9.771	14.688	17.420
17/01/2006	0.000	6.804	8.146	14.750	14.240
18/01/2006	0.922	6.297	8.771	14.500	11.300
19/01/2006	11.118	6.446	9.417	15.167	10.300
20/01/2006	2.747	7.467	8.771	16.062	9.300
21/01/2006	0.000	6.506	8.917	14.854	7.700
22/01/2006	0.000	7.219	7.021	14.479	7.513
23/01/2006	0.000	6.626	8.646	14.792	9.300
24/01/2006	0.000	6.537	9.167	15.042	6.163
25/01/2006	0.000	6.394	9.604	15.167	6.738
26/01/2006	0.000	8.117	9.042	17.042	8.325
27/01/2006	21.323	5.203	9.542	13.583	14.430
28/01/2006	0.000	6.146	8.917	14.292	32.470
29/01/2006	0.000	6.385	7.708	13.708	21.580
30/01/2006	0.000	7.064	7.833	14.708	16.740
31/01/2006	14.375	6.828	9.167	15.333	24.560
01/02/2006	0.000	6.231	8.917	14.354	39.600
02/02/2006	0.573	7.127	8.771	15.417	27.160
03/02/2006	1.476	6.656	9.583	15.375	21.380
04/02/2006	2.907	6.944	9.292	15.521	29.450
05/02/2006	54.966	6.911	9.083	15.312	23.360
06/02/2006	2.304	8.910	9.042	17.917	21.590
07/02/2006	0.468	10.084	9.750	19.917	16.120
08/02/2006	0.000	7.689	9.875	16.854	14.630
09/02/2006	0.000	7.822	9.771	16.938	13.260
10/02/2006	2.246	7.759	9.229	16.458	12.670
11/02/2006	0.000	7.138	7.875	14.667	10.700
12/02/2006	0.964	8.234	9.125	16.979	9.700
13/02/2006	0.000	8.764	8.979	17.562	8.900
14/02/2006	0.000	8.323	9.750	17.500	13.620
15/02/2006	0.000	8.733	8.250	17.000	8.900
16/02/2006	0.000	10.588	6.500	18.375	7.113
17/02/2006	0.000	9.114	7.875	17.229	7.113
18/02/2006	1.740	8.405	9.021	17.042	6.925
19/02/2006	1.239	7.570	9.625	16.375	6.550
20/02/2006	24.768	8.278	9.479	17.167	9.700
21/02/2006	7.048	6.639	8.604	14.417	6.738
22/02/2006	0.000	7.399	8.021	14.979	7.300
23/02/2006	0.000	9.666	6.188	16.812	6.938
24/02/2006	0.000	9.395	7.646	17.354	5.788
25/02/2006	0.000	6.593	9.104	14.688	6.738
26/02/2006	0.000	8.570	8.854	17.042	7.900
27/02/2006	0.531	8.373	7.896	16.125	7.313
28/02/2006	0.000	7.042	8.583	14.854	6.738
01/03/2006	2.106	7.428	8.542	15.312	7.900
02/03/2006	0.000	8.842	7.667	16.562	6.163
03/03/2006	0.000	8.340	8.479	16.438	6.175
04/03/2006	6.973	8.596	9.167	17.229	5.356
05/03/2006	1.683	6.698	8.750	14.500	4.912
06/03/2006	11.647	6.860	8.479	14.500	9.700
07/03/2006	0.000	6.854	9.292	15.083	11.480
08/03/2006	22.568	7.337	9.062	15.521	22.480
09/03/2006	0.000	7.108	9.438	15.500	25.230
10/03/2006	16.500	7.341	9.042	15.500	39.380
11/03/2006	0.860	7.539	8.958	15.688	20.730
12/03/2006	9.016	9.119	7.667	16.854	19.160
13/03/2006	17.127	9.903	8.792	18.604	16.470
14/03/2006	10.657	8.250	9.104	16.688	19.750
15/03/2006	0.000	5.970	9.417	14.062	27.970
16/03/2006	29.788	6.162	9.167	14.104	17.420
17/03/2006	5.449	6.585	9.500	14.875	14.040
18/03/2006	2.662	7.817	7.667	15.125	12.260
19/03/2006	0.661	7.018	9.229	15.208	23.290
20/03/2006	8.433	8.450	8.167	16.292	14.240
21/03/2006	0.000	8.082	8.646	16.146	13.650
22/03/2006	0.000	6.076	8.812	13.729	19.400
23/03/2006	2.483	8.012	8.292	15.812	18.130
24/03/2006	15.814	5.893	9.104	13.729	13.260
25/03/2006	21.361	6.242	8.979	14.062	23.690
26/03/2006	10.403	7.586	8.354	15.312	25.080
27/03/2006	0.000	7.544	7.833	14.896	22.980
28/03/2006	0.000	7.220	8.042	14.625	25.230
29/03/2006	0.000	7.545	8.854	15.625	19.370
30/03/2006	0.000	8.174	8.583	16.250	11.890
31/03/2006	0.000	8.421	8.500	16.521	13.260
01/04/2006	11.806	8.133	9.062	16.542	9.900
02/04/2006	1.238	8.187	9.312	16.792	8.113
03/04/2006	0.000	8.260	9.438	16.979	8.500
04/04/2006	6.113	7.020	9.438	15.417	9.300
05/04/2006	16.516	5.835	10.042	14.438	30.810
06/04/2006	0.000	8.469	9.375	17.229	26.340
07/04/2006	17.899	5.399	9.625	13.604	23.560
08/04/2006	0.000	8.150	8.312	16.104	16.370
09/04/2006	14.626	8.376	8.229	16.354	21.620
10/04/2006	8.016	8.187	8.938	16.604	14.240
11/04/2006	10.595	7.607	9.333	16.146	13.450
12/04/2006	6.666	4.933	9.562	13.042	12.480
13/04/2006	11.666	7.256	9.521	15.854	11.890
14/04/2006	11.187	7.361	9.146	15.729	9.113
15/04/2006	6.666	8.766	8.312	17.000	8.500
16/04/2006	0.000	7.686	8.667	15.833	12.480
17/04/2006	0.000	6.013	9.625	14.417	14.430
18/04/2006	0.000	7.220	8.812	15.354	33.210
19/04/2006	12.531	9.242	7.500	17.167	20.310
20/04/2006	18.255	7.902	8.750	16.229	15.950
21/04/2006	12.240	6.628	8.500	14.396	13.260
22/04/2006	0.000	6.663	8.562	14.500	36.730
23/04/2006	0.000	5.231	9.438	13.375	43.450
24/04/2006	26.507	6.572	8.750	14.542	31.220
25/04/2006	2.874	7.648	8.167	15.562	26.750
26/04/2006	0.000	7.448	8.438	15.500	22.640
27/04/2006	19.261	5.220	9.250	13.250	31.750
28/04/2006	0.000	7.171	9.000	15.562	21.780
29/04/2006	7.327	6.493	9.500	15.062	17.770
30/04/2006	27.827	7.936	9.000	16.604	14.820
01/05/2006	0.000	6.549	9.229	14.958	13.060
02/05/2006	0.000	5.330	8.667	12.979	17.600
03/05/2006	0.000	6.525	9.625	15.250	20.150
04/05/2006	0.000	8.349	8.667	17.000	17.550
05/05/2006	8.984	6.280	9.562	14.917	14.040
06/05/2006	0.000	7.611	9.146	16.375	13.260
07/05/2006	0.000	7.028	8.812	15.375	11.300
08/05/2006	1.346	7.195	8.979	15.729	23.210
09/05/2006	0.000	6.286	9.292	14.771	22.750
10/05/2006	29.404	6.750	8.229	14.625	17.430
11/05/2006	8.031	7.161	8.417	15.333	16.470
12/05/2006	1.137	7.526	7.729	15.375	13.450
13/05/2006	0.000	5.953	8.417	13.729	11.690
14/05/2006	0.000	8.175	6.875	15.750	10.100
15/05/2006	0.000	6.302	7.854	13.812	9.700
16/05/2006	0.000	8.678	7.708	17.042	7.700
17/05/2006	9.244	9.054	8.312	17.979	7.300
18/05/2006	0.000	8.486	8.250	17.167	7.313
19/05/2006	0.000	7.098	7.979	15.062	6.925
20/05/2006	0.000	7.805	8.979	16.750	7.113
21/05/2006	10.071	7.152	10.146	16.708	8.300
22/05/2006	0.000	7.284	9.417	16.375	8.100
23/05/2006	0.000	7.047	6.792	14.229	7.313
24/05/2006	24.820	6.277	8.938	14.688	9.500
25/05/2006	0.000	7.090	8.083	15.208	49.630
26/05/2006	0.000	6.426	8.229	14.396	39.950
27/05/2006	0.000	6.954	8.229	15.146	34.630
28/05/2006	0.000	7.744	8.229	16.271	20.480
29/05/2006	0.000	6.279	8.146	14.167	15.210
30/05/2006	0.000	7.102	8.208	15.375	15.390
31/05/2006	0.000	6.985	8.188	15.208	12.280
01/06/2006	14.380	5.980	8.979	14.396	25.710
02/06/2006	40.958	6.079	8.417	14.125	40.880
03/06/2006	0.000	7.341	8.771	16.146	18.800
04/06/2006	2.550	7.108	9.479	16.333	19.790
05/06/2006	0.000	8.008	8.646	17.021	17.850
06/06/2006	52.727	7.155	8.979	16.062	60.650
07/06/2006	4.659	5.040	9.354	13.479	23.450
08/06/2006	7.781	5.923	9.479	14.750	25.280
09/06/2006	0.000	5.521	9.250	14.042	33.260
10/06/2006	0.000	7.193	8.979	16.146	23.920
11/06/2006	8.689	6.551	7.542	14.229	18.110
12/06/2006	10.298	6.499	8.458	14.812	28.170
13/06/2006	0.000	6.651	7.708	14.500	17.940
14/06/2006	16.581	7.233	7.417	15.146	17.430
15/06/2006	3.417	5.964	8.354	14.000	15.210
16/06/2006	0.000	5.354	7.708	12.667	14.430
17/06/2006	0.000	4.750	7.542	11.708	58.750
18/06/2006	0.000	6.025	7.396	13.396	77.400
19/06/2006	0.000	5.925	7.333	13.208	21.780
20/06/2006	0.000	5.561	8.667	13.688	16.650
21/06/2006	0.000	6.053	8.396	14.167	19.080
22/06/2006	4.772	6.845	9.250	15.896	47.240
23/06/2006	0.000	6.564	8.375	14.875	69.180
24/06/2006	0.000	7.641	6.958	15.458	31.450
25/06/2006	0.000	8.049	6.708	15.896	18.170
26/06/2006	0.000	6.480	8.458	14.812	14.820
27/06/2006	0.000	6.340	9.104	15.083	19.570
28/06/2006	0.000	6.019	9.417	14.875	53.100
29/06/2006	0.000	4.621	8.083	11.958	43.000
30/06/2006	0.000	5.692	9.021	14.125	33.250
01/07/2006	0.000	5.769	9.438	14.542	32.640
02/07/2006	0.000	5.898	9.708	14.917	30.410
03/07/2006	0.000	5.340	9.750	14.208	71.740
04/07/2006	4.688	4.780	8.833	12.750	54.850
05/07/2006	0.000	5.377	7.854	12.792	32.030
06/07/2006	0.000	6.281	7.542	13.833	32.440
07/07/2006	0.000	6.540	8.375	14.792	28.170
08/07/2006	0.000	6.595	8.042	14.625	22.950
09/07/2006	0.000	6.073	8.771	14.417	22.250
10/07/2006	0.000	6.081	8.229	14.021	18.960
11/07/2006	0.000	6.715	8.771	15.292	18.630
12/07/2006	0.000	6.588	8.562	14.958	24.020
13/07/2006	0.000	6.515	8.833	15.042	19.470
14/07/2006	0.000	6.437	9.333	15.292	25.940
15/07/2006	7.788	4.448	9.042	12.438	32.720
16/07/2006	0.000	6.909	8.042	15.000	27.560
17/07/2006	0.000	6.076	7.604	13.500	19.300
18/07/2006	0.000	5.173	7.979	12.521	21.750
19/07/2006	0.000	5.828	7.479	13.042	17.940
20/07/2006	0.000	5.562	7.042	12.333	19.200
21/07/2006	0.000	6.052	7.792	13.562	26.050
22/07/2006	17.535	5.482	8.458	13.271	37.330
23/07/2006	0.000	6.577	8.771	14.979	30.000
24/07/2006	0.000	6.224	8.021	13.938	27.160
25/07/2006	0.000	6.998	9.396	15.979	29.800
26/07/2006	0.000	8.760	7.146	16.896	21.990
27/07/2006	0.000	8.624	8.896	17.833	16.540
28/07/2006	59.728	4.671	9.271	12.812	26.550
29/07/2006	0.000	5.944	8.729	14.021	24.580
30/07/2006	0.000	6.604	8.521	14.750	25.280
31/07/2006	0.000	7.680	7.167	15.292	17.770
01/08/2006	0.907	4.896	8.521	12.458	15.210
02/08/2006	2.243	6.192	8.625	14.229	36.280
03/08/2006	0.000	6.468	6.792	13.271	31.020
04/08/2006	0.000	5.907	7.292	12.833	18.290
05/08/2006	0.000	7.675	7.604	15.500	24.670
06/08/2006	0.000	6.740	7.458	14.083	20.230
07/08/2006	0.000	7.262	7.667	14.938	17.770
08/08/2006	0.000	6.418	8.625	14.458	19.100
09/08/2006	0.000	8.238	8.271	16.667	17.940
10/08/2006	0.000	7.175	9.021	15.729	16.320
11/08/2006	0.578	6.589	9.333	15.167	16.640
12/08/2006	0.000	6.648	8.562	14.667	16.470
13/08/2006	0.000	6.463	7.771	13.833	15.020
14/08/2006	0.000	8.119	7.208	15.708	16.270
15/08/2006	0.968	7.207	8.708	15.479	14.430
16/08/2006	0.000	7.036	9.042	15.479	31.220
17/08/2006	0.000	7.996	7.812	15.896	28.380
18/08/2006	0.748	6.693	8.583	14.667	15.710
19/08/2006	0.000	8.158	8.271	16.396	15.560
20/08/2006	0.000	6.543	8.542	14.417	16.810
21/08/2006	15.079	6.437	8.833	14.479	46.260
22/08/2006	0.693	6.926	7.958	14.479	33.660
23/08/2006	0.000	8.438	7.229	16.021	24.100
24/08/2006	0.000	8.419	7.479	16.146	17.940
25/08/2006	0.000	6.590	7.417	13.604	15.780
26/08/2006	2.247	7.213	7.833	14.729	15.020
27/08/2006	2.714	6.881	8.208	14.542	14.630
28/08/2006	1.696	7.397	8.667	15.542	15.600
29/08/2006	34.746	8.406	7.979	16.396	14.820
30/08/2006	0.000	7.994	8.042	15.875	14.630
31/08/2006	0.000	9.423	7.354	17.333	13.260
01/09/2006	0.000	8.961	8.167	17.229	13.260
02/09/2006	0.000	9.214	7.667	17.229	12.870
03/09/2006	0.000	8.803	7.667	16.667	11.100
04/09/2006	0.000	8.574	8.979	17.229	11.300
05/09/2006	12.320	7.073	7.938	14.521	9.507
06/09/2006	0.000	7.510	7.292	14.646	12.480
07/09/2006	0.000	7.739	7.708	15.229	20.060
08/09/2006	0.000	8.246	6.854	15.333	16.100
09/09/2006	0.000	8.357	7.208	15.708	12.870
10/09/2006	0.000	7.573	8.292	15.396	11.500
11/09/2006	0.000	6.086	8.042	13.271	12.870
12/09/2006	0.000	6.961	7.854	14.271	14.820
13/09/2006	0.000	7.512	8.604	15.521	14.240
14/09/2006	0.000	8.963	6.958	16.333	11.100
15/09/2006	0.000	9.139	7.083	16.646	11.100
16/09/2006	0.000	6.929	9.396	15.333	10.300
17/09/2006	1.347	7.276	8.354	15.021	16.650
18/09/2006	29.440	5.724	7.604	12.458	32.270
19/09/2006	0.000	7.414	8.104	15.021	20.640
20/09/2006	0.000	9.336	7.021	16.854	17.030
21/09/2006	0.000	9.392	6.771	16.771	13.070
22/09/2006	0.000	9.233	9.021	18.021	14.240
23/09/2006	15.977	9.448	8.979	18.271	11.900
24/09/2006	20.147	6.064	9.208	14.104	27.840
25/09/2006	15.977	8.320	7.354	15.708	45.000
26/09/2006	0.000	7.164	7.333	14.146	43.510
27/09/2006	5.863	9.631	6.979	17.229	22.810
28/09/2006	0.000	9.978	6.021	17.104	15.020
29/09/2006	0.000	8.282	7.417	15.708	13.060
30/09/2006	0.000	8.929	8.500	17.292	12.680
01/10/2006	0.000	7.142	8.438	14.917	18.580
02/10/2006	0.000	7.633	8.354	15.500	12.870
03/10/2006	0.000	8.283	8.438	16.417	12.480
04/10/2006	2.914	8.972	8.667	17.479	12.480
05/10/2006	0.000	8.507	8.875	17.021	15.200
06/10/2006	0.000	7.595	9.104	16.000	12.090
07/10/2006	0.000	7.631	8.229	15.438	13.850
08/10/2006	26.339	7.848	8.167	15.688	15.210
09/10/2006	0.000	8.801	8.292	17.042	14.630
10/10/2006	0.000	9.190	8.729	17.854	13.260
11/10/2006	0.000	7.737	9.354	16.396	11.300
12/10/2006	13.332	8.139	9.042	16.708	12.870
13/10/2006	47.749	6.351	9.854	15.021	14.050
14/10/2006	2.800	5.939	9.854	14.521	16.100
15/10/2006	23.499	7.633	9.229	16.208	29.590
16/10/2006	0.000	8.406	9.688	17.542	17.030
17/10/2006	0.000	5.769	8.667	13.417	12.480
18/10/2006	0.000	10.536	7.167	18.750	11.500
19/10/2006	12.812	8.657	8.479	17.083	12.270
20/10/2006	0.000	8.113	9.542	17.104	10.300
21/10/2006	5.099	8.685	8.417	17.104	12.280
22/10/2006	0.000	7.557	9.438	16.333	13.840
23/10/2006	0.000	7.516	8.229	15.438	15.220
24/10/2006	0.000	9.384	8.354	18.042	13.850
25/10/2006	0.000	8.814	8.604	17.458	10.700
26/10/2006	0.000	9.872	8.354	18.729	10.300
27/10/2006	31.170	8.791	9.292	17.917	10.100
28/10/2006	0.000	8.013	8.646	16.458	10.900
29/10/2006	2.907	8.496	9.729	17.854	10.700
30/10/2006	1.088	7.796	9.083	16.500	10.500
31/10/2006	0.000	8.077	9.938	17.479	12.280
01/11/2006	22.601	7.394	8.625	15.667	10.900
02/11/2006	9.133	7.559	9.354	16.417	10.300
03/11/2006	0.000	7.320	9.167	15.979	11.300
04/11/2006	0.000	8.029	8.562	16.521	10.100
05/11/2006	0.000	7.685	8.312	15.896	9.700
06/11/2006	0.000	7.360	9.854	16.562	10.300
07/11/2006	0.000	7.477	8.792	15.979	31.840
08/11/2006	24.969	4.718	9.500	12.958	24.220
09/11/2006	4.325	7.512	9.042	16.229	19.810
10/11/2006	30.766	8.375	8.562	17.083	25.080
11/11/2006	0.000	7.795	8.812	16.479	22.800
12/11/2006	9.232	4.938	9.000	12.854	41.730
13/11/2006	0.000	7.044	7.562	14.604	27.160
14/11/2006	49.397	4.641	9.021	12.521	35.370
15/11/2006	26.313	4.989	8.729	12.729	27.970
16/11/2006	0.000	6.597	8.979	15.042	22.680
17/11/2006	11.967	6.845	8.000	14.688	17.260
18/11/2006	1.927	7.168	8.208	15.292	28.120
19/11/2006	1.927	7.335	8.396	15.667	23.000
20/11/2006	1.890	7.118	7.646	14.854	24.090
21/11/2006	0.000	8.398	6.771	16.104	24.060
22/11/2006	0.000	7.450	7.292	15.104	15.610
23/11/2006	0.000	8.651	7.688	17.083	14.430
24/11/2006	0.000	6.482	9.417	15.292	14.430
25/11/2006	0.000	6.841	9.688	15.979	15.910
26/11/2006	5.742	7.535	8.417	16.042	15.780
27/11/2006	7.523	6.238	8.979	14.667	14.240
28/11/2006	0.000	8.414	7.500	16.688	15.370
29/11/2006	20.106	7.772	8.833	16.688	15.760
30/11/2006	0.000	6.831	9.125	15.604	13.260
01/12/2006	0.000	8.603	8.438	17.604	10.700
02/12/2006	11.479	7.528	9.250	16.667	11.100
03/12/2006	0.000	8.682	8.333	17.667	10.900
04/12/2006	6.362	8.691	9.125	18.208	12.870
05/12/2006	15.156	7.478	9.583	16.854	12.870
06/12/2006	10.910	6.254	10.125	15.604	16.250
07/12/2006	11.370	7.072	8.500	15.542	23.360
08/12/2006	9.196	7.184	9.917	16.708	29.210
09/12/2006	10.869	5.882	9.979	15.021	22.000
10/12/2006	10.126	7.790	8.000	16.229	15.980
11/12/2006	0.000	9.027	8.396	18.250	14.240
12/12/2006	23.257	6.629	8.896	15.229	14.430
13/12/2006	0.000	7.341	9.083	16.354	13.070
14/12/2006	3.253	7.427	9.771	16.958	17.880
15/12/2006	6.998	7.590	8.938	16.604	17.600
16/12/2006	0.000	6.666	8.812	15.229	13.840
17/12/2006	0.000	7.926	7.583	16.167	13.260
18/12/2006	0.000	7.316	9.062	16.312	12.670
19/12/2006	14.791	6.959	9.438	16.083	11.900
20/12/2006	24.028	5.899	9.271	14.521	12.270
21/12/2006	0.000	6.389	9.250	15.167	22.870
22/12/2006	9.118	6.490	9.062	15.167	12.660
23/12/2006	0.000	6.818	8.521	15.229	12.670
24/12/2006	0.000	7.664	8.521	16.417	13.450
25/12/2006	0.000	7.267	8.521	15.854	13.850
26/12/2006	0.000	5.804	8.458	13.771	15.020
27/12/2006	1.097	6.916	8.312	15.208	14.040
28/12/2006	0.000	5.819	9.271	14.396	13.070
29/12/2006	0.000	6.740	8.146	14.833	14.040
30/12/2006	0.000	7.841	6.562	15.333	10.900
31/12/2006	6.769	7.061	7.271	14.667	10.500
01/01/2007	0.000	7.413	7.792	15.521	9.900
02/01/2007	0.000	6.923	7.875	14.875	9.100
03/01/2007	0.000	7.833	7.854	16.146	8.900
04/01/2007	0.000	7.124	6.938	14.500	10.690
05/01/2007	0.000	7.787	7.542	15.854	10.300
06/01/2007	0.000	8.098	8.083	16.646	7.900
07/01/2007	0.000	7.801	7.979	16.146	6.738
08/01/2007	0.000	7.465	8.229	15.833	6.175
09/01/2007	0.000	7.911	8.979	16.958	6.738
10/01/2007	5.481	7.608	9.417	16.833	6.363
11/01/2007	0.000	8.575	8.479	17.521	6.738
12/01/2007	0.000	9.228	8.708	18.562	6.550
13/01/2007	0.000	7.596	9.042	16.521	6.550
14/01/2007	0.000	7.703	8.667	16.396	6.738
15/01/2007	0.000	8.080	9.750	17.646	6.738
16/01/2007	0.000	9.183	8.479	18.292	6.363
17/01/2007	0.000	9.301	8.604	18.521	6.363
18/01/2007	29.895	7.626	10.229	17.333	6.175
19/01/2007	0.000	6.311	10.208	15.583	6.363
20/01/2007	0.000	7.538	9.375	16.583	8.113
21/01/2007	0.000	7.810	9.854	17.271	7.313
22/01/2007	6.501	7.210	9.854	16.458	7.113
23/01/2007	0.000	8.296	9.042	17.333	7.500
24/01/2007	0.000	7.942	8.854	16.708	7.113
25/01/2007	15.091	7.182	9.958	16.458	7.113
26/01/2007	7.751	5.789	10.542	15.104	12.660
27/01/2007	0.000	7.672	9.354	16.646	14.040
28/01/2007	0.000	8.249	8.521	16.833	9.900
29/01/2007	0.000	10.052	6.958	18.292	7.900
30/01/2007	0.000	8.356	8.167	16.708	6.738
31/01/2007	0.000	8.438	8.958	17.333	6.175
01/02/2007	4.333	9.308	8.375	18.104	5.800
02/02/2007	0.000	10.006	7.500	18.479	5.400
03/02/2007	0.000	10.737	7.333	19.354	5.034
04/02/2007	0.000	10.913	6.312	18.958	5.034
05/02/2007	0.000	10.877	7.542	19.625	5.034
06/02/2007	0.000	11.726	6.812	20.312	5.156
07/02/2007	0.000	10.665	6.646	18.750	5.034
08/02/2007	0.000	11.616	7.250	20.375	5.034
09/02/2007	0.000	11.350	7.500	20.146	4.912
10/02/2007	0.000	8.896	9.729	18.292	6.041
11/02/2007	0.000	10.054	8.708	19.125	5.034
12/02/2007	0.000	9.328	8.167	17.792	4.912
13/02/2007	0.000	10.890	8.604	20.125	5.034
14/02/2007	7.935	8.787	9.604	18.000	4.912
15/02/2007	0.000	8.425	8.854	17.000	5.278
16/02/2007	0.000	7.844	9.667	16.792	5.988
17/02/2007	33.372	9.451	8.333	17.979	5.600
18/02/2007	0.000	9.490	8.854	18.354	4.913
19/02/2007	0.000	8.213	9.042	16.792	5.400
20/02/2007	0.000	8.563	8.042	16.562	5.600
21/02/2007	0.000	8.871	7.250	16.438	6.363
22/02/2007	0.000	10.053	7.000	17.854	5.988
23/02/2007	0.000	8.808	6.458	15.812	5.278
24/02/2007	0.000	8.266	6.750	15.250	5.156
25/02/2007	0.000	4.969	9.292	12.854	5.788
26/02/2007	10.704	5.455	8.729	12.979	9.300
27/02/2007	0.000	8.011	7.500	15.375	6.925
28/02/2007	0.000	8.617	7.896	16.438	6.363
01/03/2007	0.000	9.378	7.875	17.417	5.988
02/03/2007	0.000	8.550	7.500	16.062	5.400
03/03/2007	0.000	7.712	9.167	16.104	5.400
04/03/2007	0.000	4.723	9.750	12.917	5.666
05/03/2007	0.000	7.373	7.979	14.812	10.300
06/03/2007	0.000	8.029	7.646	15.438	15.200
07/03/2007	0.999	6.416	9.125	14.417	11.880
08/03/2007	2.278	7.034	7.979	14.354	10.670
09/03/2007	20.408	7.636	8.417	15.438	11.690
10/03/2007	17.112	7.456	8.604	15.333	23.450
11/03/2007	0.000	8.672	8.042	16.521	13.060
12/03/2007	0.000	7.999	8.208	15.750	14.630
13/03/2007	0.000	8.690	7.833	16.396	9.900
14/03/2007	15.582	7.711	8.396	15.500	19.290
15/03/2007	13.573	8.219	8.292	16.083	11.300
16/03/2007	17.705	7.875	8.667	15.896	12.480
17/03/2007	14.019	8.783	8.354	16.854	16.250
18/03/2007	0.000	6.839	8.854	14.708	11.100
19/03/2007	0.000	5.799	9.604	14.000	10.100
20/03/2007	0.000	7.327	8.604	15.146	7.713
21/03/2007	19.898	7.977	8.542	15.938	6.738
22/03/2007	11.692	7.307	9.417	15.708	6.925
23/03/2007	19.115	8.099	9.562	16.812	10.100
24/03/2007	14.715	7.856	8.729	15.917	24.920
25/03/2007	11.363	5.950	8.438	13.292	22.790
26/03/2007	0.000	8.775	7.604	16.354	23.680
27/03/2007	0.000	9.028	8.792	17.479	14.430
28/03/2007	2.343	7.626	9.125	15.917	25.940
29/03/2007	0.000	5.599	9.354	13.583	52.150
30/03/2007	0.000	7.914	8.167	15.625	27.560
31/03/2007	0.000	7.872	8.417	15.750	20.210
01/04/2007	0.000	8.074	8.812	16.292	16.510
02/04/2007	0.000	6.518	9.062	14.500	14.430
03/04/2007	0.000	8.429	9.125	16.979	14.630
04/04/2007	1.322	7.696	8.854	15.854	12.090
05/04/2007	12.470	7.110	10.375	16.229	14.050
06/04/2007	13.210	6.435	9.250	14.562	28.380
07/04/2007	0.000	8.158	7.854	15.792	14.820
08/04/2007	6.989	7.651	8.292	15.438	16.700
09/04/2007	15.856	7.698	8.188	15.438	16.740
10/04/2007	3.667	9.054	8.500	17.438	14.630
11/04/2007	0.000	8.869	8.938	17.500	11.300
12/04/2007	0.000	7.858	9.688	16.729	12.480
13/04/2007	0.000	6.502	9.312	14.750	13.070
14/04/2007	4.588	7.146	9.208	15.500	17.740
15/04/2007	0.000	8.588	8.354	16.792	18.660
16/04/2007	0.000	6.007	9.375	14.208	12.090
17/04/2007	0.000	7.803	8.875	16.146	16.170
18/04/2007	44.689	8.618	7.854	16.542	16.270
19/04/2007	2.031	7.290	9.562	16.000	17.060
20/04/2007	0.000	6.052	8.562	13.688	14.820
21/04/2007	40.154	7.538	8.875	15.854	47.340
22/04/2007	0.000	7.120	8.688	15.188	24.690
23/04/2007	30.648	6.598	9.312	14.979	29.390
24/04/2007	0.000	7.779	8.688	16.083	17.260
25/04/2007	2.913	5.766	9.854	14.375	17.600
26/04/2007	30.883	7.550	8.750	15.854	23.650
27/04/2007	4.270	6.873	9.125	15.250	23.560
28/04/2007	8.456	5.864	9.333	14.125	16.570
29/04/2007	0.000	5.172	9.062	13.062	18.450
30/04/2007	0.000	6.536	8.562	14.438	23.660
01/05/2007	0.000	7.690	8.729	16.104	21.580
02/05/2007	0.000	8.116	8.417	16.479	40.780
03/05/2007	0.000	7.140	8.604	15.312	24.920
04/05/2007	0.000	7.216	9.312	15.938	22.000
05/05/2007	0.000	7.521	9.667	16.604	21.130
06/05/2007	8.877	7.589	9.250	16.417	16.690
07/05/2007	0.000	7.476	9.792	16.667	17.230
08/05/2007	3.990	6.314	10.062	15.375	21.080
09/05/2007	7.568	5.181	10.688	14.479	27.350
10/05/2007	17.728	4.917	9.292	13.042	44.400
11/05/2007	0.000	6.626	8.729	14.833	34.910
12/05/2007	0.000	5.850	8.229	13.438	19.530
13/05/2007	0.000	6.601	8.562	14.708	23.600
14/05/2007	0.000	6.891	9.042	15.458	25.080
15/05/2007	0.000	6.122	8.917	14.354	20.380
16/05/2007	0.000	7.304	8.292	15.521	18.220
17/05/2007	9.312	7.773	9.292	16.875	16.910
18/05/2007	41.688	4.708	10.000	13.438	16.910
19/05/2007	0.000	6.918	9.062	15.583	23.040
20/05/2007	0.000	6.352	9.875	15.438	24.100
21/05/2007	21.229	7.140	9.271	16.062	24.920
22/05/2007	11.061	7.431	9.812	16.854	21.580
23/05/2007	9.317	6.808	9.312	15.667	17.830
24/05/2007	4.025	7.299	9.875	16.750	15.210
25/05/2007	6.978	5.668	9.042	13.958	17.510
26/05/2007	0.000	6.288	8.917	14.708	16.170
27/05/2007	0.000	8.376	8.542	17.354	14.630
28/05/2007	34.531	6.785	8.604	15.188	30.660
29/05/2007	9.988	5.978	8.625	14.104	23.650
30/05/2007	34.011	5.369	8.792	13.417	52.030
31/05/2007	0.000	4.705	8.042	11.958	27.360
01/06/2007	2.100	6.806	8.708	15.333	21.550
02/06/2007	3.752	4.889	9.479	13.354	27.740
03/06/2007	0.635	6.482	8.292	14.604	22.860
04/06/2007	88.228	5.008	7.646	12.083	19.920
05/06/2007	0.000	6.344	7.583	13.917	21.790
06/06/2007	0.630	6.818	8.146	15.000	18.850
07/06/2007	0.597	6.129	8.583	14.354	26.750
08/06/2007	0.000	6.704	8.146	14.854	27.970
09/06/2007	0.000	6.945	7.583	14.812	53.070
10/06/2007	0.000	6.299	7.500	13.833	27.560
11/06/2007	33.192	5.657	8.750	13.854	22.950
12/06/2007	0.000	5.348	9.208	13.792	21.130
13/06/2007	0.714	6.064	7.833	13.750	22.640
14/06/2007	0.514	5.546	9.042	13.938	28.430
15/06/2007	0.000	6.755	8.750	15.396	37.440
16/06/2007	0.843	5.413	7.958	12.938	30.200
17/06/2007	1.573	6.214	8.667	14.583	39.840
18/06/2007	0.000	6.366	7.875	14.229	29.590
19/06/2007	0.000	6.302	7.854	14.125	25.530
20/06/2007	0.000	6.443	8.354	14.688	46.560
21/06/2007	0.000	6.189	8.417	14.375	32.690
22/06/2007	1.688	4.569	9.688	13.188	37.640
23/06/2007	0.714	6.060	8.833	14.500	29.800
24/06/2007	0.000	4.515	8.250	11.958	29.800
25/06/2007	0.000	4.614	8.479	12.271	43.290
26/06/2007	0.000	6.266	7.896	14.104	52.480
27/06/2007	0.000	5.277	8.333	13.042	42.810
28/06/2007	0.000	5.825	7.958	13.521	34.450
29/06/2007	0.000	4.763	7.521	11.708	27.360
30/06/2007	0.000	5.282	6.646	11.771	26.950
01/07/2007	0.000	4.466	7.354	11.167	43.670
02/07/2007	0.000	4.231	7.979	11.354	31.220
03/07/2007	0.000	6.302	7.417	13.792	21.800
04/07/2007	0.000	7.350	8.312	15.917	17.940
05/07/2007	0.000	7.133	8.229	15.542	9.769
06/07/2007	0.000	6.391	8.625	14.771	18.970
07/07/2007	0.000	6.301	8.750	14.729	19.530
08/07/2007	0.000	7.463	8.667	16.292	19.190
09/07/2007	0.000	6.306	8.042	14.208	20.390
10/07/2007	0.000	6.185	8.542	14.396	18.110
11/07/2007	0.000	6.409	8.896	14.958	17.770
12/07/2007	0.000	6.970	8.604	15.521	16.170
13/07/2007	0.000	7.184	8.667	15.854	23.850
14/07/2007	0.000	6.133	9.271	14.833	14.430
15/07/2007	0.000	6.138	8.854	14.521	58.660
16/07/2007	0.000	6.644	8.479	14.938	22.430
17/07/2007	0.000	8.091	8.604	17.042	22.750
18/07/2007	0.000	7.356	8.396	15.854	18.800
19/07/2007	0.000	6.510	8.375	14.646	12.090
20/07/2007	17.558	7.284	8.333	15.688	11.690
21/07/2007	0.000	7.374	8.292	15.771	12.090
22/07/2007	0.000	7.812	8.542	16.542	13.650
23/07/2007	47.861	7.615	8.417	16.167	17.230
24/07/2007	0.000	7.941	8.500	16.667	12.270
25/07/2007	26.603	8.545	9.042	17.854	10.100
26/07/2007	0.000	6.811	8.667	15.188	9.500
27/07/2007	0.000	5.936	8.042	13.521	14.020
28/07/2007	0.000	7.575	6.292	14.604	13.260
29/07/2007	0.000	6.980	7.354	14.458	9.500
30/07/2007	0.000	8.600	4.938	15.208	8.100
31/07/2007	0.000	7.245	6.479	14.208	6.738
01/08/2007	0.000	6.919	7.625	14.521	6.550
02/08/2007	0.000	6.694	8.146	14.562	6.925
03/08/2007	0.000	5.600	8.083	13.021	16.550
04/08/2007	0.000	6.629	8.625	14.792	37.800
05/08/2007	0.000	6.013	8.542	13.896	37.500
06/08/2007	0.000	7.459	7.396	15.042	19.700
07/08/2007	0.000	8.281	7.354	16.146	12.090
08/08/2007	0.000	6.889	8.208	14.792	19.780
09/08/2007	0.000	7.039	8.083	14.896	16.640
10/08/2007	0.000	6.892	7.208	14.062	13.840
11/08/2007	0.000	6.080	8.521	13.896	14.340
12/08/2007	0.000	6.972	8.854	15.312	25.850
13/08/2007	0.000	6.567	8.812	14.729	21.790
14/08/2007	0.000	6.990	8.917	15.354	15.610
15/08/2007	0.000	8.297	8.083	16.521	12.090
16/08/2007	0.000	8.259	8.646	16.833	12.660
17/08/2007	0.000	6.838	8.125	14.542	22.640
18/08/2007	0.000	7.669	7.604	15.292	16.810
19/08/2007	0.000	7.814	6.771	14.917	11.100
20/08/2007	0.000	6.850	8.271	14.625	10.500
21/08/2007	0.000	5.546	7.854	12.583	27.270
22/08/2007	0.000	6.620	7.833	13.979	19.870
23/08/2007	0.000	7.934	7.542	15.542	15.220
24/08/2007	0.000	8.999	8.750	17.771	10.700
25/08/2007	15.741	8.951	8.396	17.458	9.500
26/08/2007	14.051	8.256	8.312	16.458	12.660
27/08/2007	0.000	7.074	9.042	15.396	11.490
28/08/2007	0.000	7.034	8.375	14.854	9.700
29/08/2007	8.065	5.783	10.167	14.604	13.840
30/08/2007	73.095	7.251	7.854	14.750	12.860
31/08/2007	0.000	7.383	7.042	14.354	10.500
01/09/2007	0.000	6.547	7.062	13.229	11.290
02/09/2007	0.000	6.436	7.542	13.417	11.690
03/09/2007	0.681	7.320	7.292	14.417	12.270
04/09/2007	0.000	8.003	6.833	15.021	10.300
05/09/2007	0.000	8.149	7.854	15.896	11.100
06/09/2007	0.703	7.860	8.333	15.833	14.880
07/09/2007	1.641	6.684	7.542	13.708	12.480
08/09/2007	0.000	7.499	7.875	15.021	10.500
09/09/2007	0.000	6.936	7.792	14.208	8.300
10/09/2007	0.000	8.395	8.167	16.396	10.300
11/09/2007	0.000	6.181	8.958	14.083	11.100
12/09/2007	0.000	7.565	7.604	14.896	12.660
13/09/2007	0.000	7.070	8.271	14.708	29.190
14/09/2007	8.910	8.828	7.938	16.792	15.000
15/09/2007	0.855	5.783	8.375	13.125	10.700
16/09/2007	0.000	7.654	8.000	15.271	17.550
17/09/2007	0.000	7.781	7.521	15.104	12.470
18/09/2007	0.000	10.241	7.104	18.125	9.700
19/09/2007	0.000	7.493	8.667	15.521	8.725
20/09/2007	5.313	8.233	9.083	16.771	6.550
21/09/2007	0.000	8.321	7.667	15.917	10.700
22/09/2007	0.000	9.599	7.938	17.792	11.680
23/09/2007	8.626	8.919	8.354	17.167	9.900
24/09/2007	9.454	8.790	7.729	16.583	8.100
25/09/2007	0.000	6.693	8.542	14.396	9.900
26/09/2007	6.569	9.255	7.188	16.854	12.660
27/09/2007	8.600	7.764	7.979	15.396	9.100
28/09/2007	0.000	7.496	8.125	15.146	7.313
29/09/2007	0.000	6.937	7.688	14.104	7.313
30/09/2007	0.000	7.705	7.354	14.896	10.700
01/10/2007	0.000	6.727	7.542	13.729	8.100
02/10/2007	0.000	8.709	6.521	15.708	7.113
03/10/2007	0.000	9.075	7.292	16.708	6.750
04/10/2007	0.000	9.616	7.354	17.479	6.550
05/10/2007	0.000	8.002	7.562	15.458	5.988
06/10/2007	0.000	9.459	7.854	17.604	9.500
07/10/2007	0.000	7.758	7.625	15.188	8.500
08/10/2007	0.000	7.670	8.354	15.583	15.520
09/10/2007	58.526	5.694	8.042	12.792	41.650
10/10/2007	0.000	8.823	7.667	16.667	20.220
11/10/2007	9.529	8.631	8.042	16.667	13.060
12/10/2007	3.245	8.446	8.854	16.979	14.510
13/10/2007	0.000	8.256	9.292	17.042	14.700
14/10/2007	22.711	7.250	9.750	16.083	18.070
15/10/2007	35.825	8.124	8.667	16.458	33.750
16/10/2007	0.000	8.071	8.479	16.271	22.960
17/10/2007	47.182	7.574	8.688	15.771	19.730
18/10/2007	5.999	6.164	8.792	14.021	21.520
19/10/2007	1.245	7.170	8.792	15.333	29.470
20/10/2007	30.042	6.987	8.417	14.833	42.950
21/10/2007	19.357	7.351	8.604	15.458	18.510
22/10/2007	8.171	7.536	8.417	15.583	17.260
23/10/2007	0.000	7.298	9.167	15.812	20.370
24/10/2007	0.000	8.146	7.729	15.958	12.920
25/10/2007	10.592	7.371	9.292	16.021	21.480
26/10/2007	0.000	7.906	8.229	16.000	13.480
27/10/2007	20.498	7.613	9.396	16.438	11.870
28/10/2007	20.498	7.578	9.417	16.417	39.390
29/10/2007	0.000	7.901	8.812	16.438	19.940
30/10/2007	0.000	7.483	8.104	15.396	22.760
31/10/2007	12.090	7.361	8.854	15.771	11.550
01/11/2007	24.661	8.222	8.854	16.938	24.390
02/11/2007	0.000	7.818	8.625	16.250	19.940
03/11/2007	0.000	8.299	8.875	17.083	16.760
04/11/2007	6.454	6.807	8.708	14.979	13.870
05/11/2007	43.746	8.052	8.188	16.312	19.520
06/11/2007	0.000	7.706	8.458	16.042	17.600
07/11/2007	0.000	7.612	8.979	16.292	16.790
08/11/2007	12.207	8.377	8.417	16.958	17.180
09/11/2007	13.328	5.688	8.688	13.542	17.800
10/11/2007	0.000	6.747	8.542	14.854	22.310
11/11/2007	22.342	8.565	7.125	16.417	21.220
12/11/2007	0.000	7.598	8.250	15.833	17.180
13/11/2007	0.000	7.730	7.438	15.479	13.880
14/11/2007	0.000	8.036	9.542	17.354	12.270
15/11/2007	0.000	7.127	7.896	14.979	12.470
16/11/2007	18.433	6.650	9.312	15.354	11.870
17/11/2007	8.755	5.422	8.979	13.500	40.440
18/11/2007	8.444	6.673	7.646	14.208	22.980
19/11/2007	0.000	7.164	7.750	14.979	22.350
20/11/2007	0.000	8.587	6.271	16.042	15.110
21/11/2007	3.232	7.076	8.250	15.229	12.860
22/11/2007	0.000	8.024	8.375	16.646	12.270
23/11/2007	0.000	7.584	8.188	15.917	12.660
24/11/2007	13.177	7.285	8.917	16.021	15.110
25/11/2007	15.311	7.821	8.854	16.729	14.080
26/11/2007	0.000	6.751	8.458	14.979	12.870
27/11/2007	0.000	8.729	7.500	17.125	10.670
28/11/2007	16.217	7.486	8.667	16.167	9.486
29/11/2007	0.000	7.590	8.896	16.479	8.903
30/11/2007	2.516	5.823	9.354	14.417	11.470
01/12/2007	3.532	5.501	8.896	13.646	12.660
02/12/2007	0.000	6.225	9.458	15.042	12.070
03/12/2007	0.000	6.405	9.375	15.229	15.520
04/12/2007	23.748	8.802	7.708	17.438	10.680
05/12/2007	0.000	9.702	6.938	18.250	9.095
06/12/2007	0.000	9.049	6.729	17.188	8.132
07/12/2007	0.000	8.187	8.021	16.792	8.132
08/12/2007	0.000	8.341	8.562	17.375	8.132
09/12/2007	2.029	6.933	9.458	16.042	7.363
10/12/2007	0.000	6.838	8.938	15.542	8.132
11/12/2007	0.000	7.909	7.646	16.167	7.747
12/12/2007	5.070	7.439	8.562	16.125	9.101
13/12/2007	56.035	7.458	9.271	16.646	8.922
14/12/2007	0.000	5.801	9.229	14.354	10.670
15/12/2007	0.000	5.380	9.708	14.167	13.310
16/12/2007	5.702	6.951	8.958	15.729	12.070
17/12/2007	15.580	6.100	9.021	14.604	11.670
18/12/2007	0.000	7.214	8.042	15.458	10.480
19/12/2007	0.000	6.112	8.688	14.375	16.590
20/12/2007	0.000	7.353	9.021	16.333	24.550
21/12/2007	0.000	7.444	8.688	16.229	18.660
22/12/2007	0.000	6.837	8.917	15.542	14.700
23/12/2007	4.935	6.590	9.562	15.667	24.230
24/12/2007	1.663	7.693	8.583	16.500	18.310
25/12/2007	6.521	6.386	9.521	15.354	20.790
26/12/2007	20.688	6.287	9.083	14.896	30.650
27/12/2007	28.950	6.458	8.250	14.521	18.870
28/12/2007	0.000	6.196	8.896	14.625	18.020
29/12/2007	0.000	7.574	8.646	16.354	15.730
30/12/2007	0.000	7.756	8.188	16.292	11.270
31/12/2007	0.000	7.551	8.229	16.021	9.878
01/01/2008	0.000	7.968	7.917	16.396	8.903
02/01/2008	0.000	7.174	8.917	15.958	8.325
03/01/2008	14.154	6.160	9.229	14.792	9.878
04/01/2008	0.000	8.252	6.958	16.146	8.710
05/01/2008	0.000	5.288	8.854	13.333	8.903
06/01/2008	0.000	6.307	9.188	14.938	11.270
07/01/2008	0.000	7.393	8.542	15.958	9.095
08/01/2008	2.449	7.278	9.229	16.271	8.710
09/01/2008	31.727	5.529	9.479	14.104	16.770
10/01/2008	4.557	8.518	7.917	17.083	12.280
11/01/2008	0.000	8.081	8.667	16.958	9.486
12/01/2008	9.685	7.982	8.979	17.021	8.325
13/01/2008	0.000	7.274	8.542	15.729	7.747
14/01/2008	1.279	6.774	9.312	15.583	9.705
15/01/2008	1.999	7.822	9.354	17.021	9.486
16/01/2008	24.908	6.227	8.729	14.396	9.878
17/01/2008	2.279	6.600	9.167	15.208	11.870
18/01/2008	1.919	7.116	8.229	15.229	10.470
19/01/2008	0.000	6.799	7.396	14.188	8.710
20/01/2008	2.089	8.196	6.833	15.771	8.132
21/01/2008	0.000	6.746	8.271	14.708	7.747
22/01/2008	0.000	8.711	8.354	17.458	7.363
23/01/2008	0.000	8.821	7.958	17.333	6.785
24/01/2008	0.000	8.227	9.021	17.208	6.601
25/01/2008	0.000	8.117	8.896	16.958	5.453
26/01/2008	0.000	6.316	9.812	15.208	5.446
27/01/2008	0.000	6.260	10.417	15.583	11.880
28/01/2008	2.567	6.350	9.729	15.167	9.287
29/01/2008	3.783	6.287	9.604	14.979	12.280
30/01/2008	0.000	6.726	9.979	15.812	13.260
31/01/2008	0.000	6.342	9.292	14.792	9.095
01/02/2008	0.000	8.398	9.396	17.562	8.517
02/02/2008	0.000	9.935	8.188	18.812	7.362
03/02/2008	0.000	7.477	8.958	16.000	6.207
04/02/2008	0.000	7.062	8.000	14.750	5.823
05/02/2008	0.000	8.049	5.875	14.667	5.630
06/02/2008	0.000	7.159	7.375	14.417	5.446
07/02/2008	0.000	7.175	8.021	14.875	5.076
08/02/2008	0.000	7.865	7.625	15.521	5.076
09/02/2008	0.000	7.844	7.750	15.562	5.076
10/02/2008	5.002	7.822	8.542	16.062	7.370
11/02/2008	21.616	7.449	8.646	15.625	9.493
12/02/2008	0.000	7.860	8.208	15.854	18.870
13/02/2008	0.000	6.609	8.792	14.604	21.020
14/02/2008	0.000	6.339	9.354	14.667	18.440
15/02/2008	13.165	8.790	8.854	17.479	21.650
16/02/2008	9.858	7.353	9.354	15.938	26.300
17/02/2008	9.148	6.961	8.917	15.104	42.730
18/02/2008	15.082	7.332	9.167	15.750	21.230
19/02/2008	27.667	6.775	9.104	14.979	38.100
20/02/2008	12.525	6.430	9.562	14.875	40.440
21/02/2008	5.745	7.845	8.896	16.188	29.140
22/02/2008	0.000	8.117	8.854	16.500	22.180
23/02/2008	0.000	7.963	8.979	16.375	18.870
24/02/2008	0.000	6.605	9.208	14.792	15.320
25/02/2008	0.000	6.575	9.104	14.667	13.670
26/02/2008	7.678	7.625	9.229	16.083	13.480
27/02/2008	0.000	6.756	8.875	14.708	12.070
28/02/2008	15.233	5.962	9.312	14.042	10.470
29/02/2008	0.000	8.041	8.688	16.208	11.670
01/03/2008	0.000	8.812	8.542	17.104	9.486
02/03/2008	0.000	8.672	8.854	17.125	8.132
03/03/2008	0.000	7.658	9.125	16.000	7.940
04/03/2008	7.340	7.695	8.479	15.583	9.095
05/03/2008	15.746	8.729	8.104	16.667	10.470
06/03/2008	18.838	7.358	8.729	15.312	11.270
07/03/2008	9.373	8.886	7.562	16.500	9.294
08/03/2008	2.244	7.434	8.167	15.000	8.710
09/03/2008	0.000	7.271	9.021	15.396	7.363
10/03/2008	3.497	8.805	9.146	17.438	6.785
11/03/2008	0.000	7.087	9.062	15.188	8.909
12/03/2008	0.000	9.027	7.125	16.375	13.520
13/03/2008	50.616	6.226	8.396	13.604	12.480
14/03/2008	0.000	6.234	8.333	13.562	31.570
15/03/2008	0.000	7.238	8.062	14.646	27.730
16/03/2008	6.894	7.804	8.083	15.396	16.140
17/03/2008	6.894	7.622	8.271	15.292	16.350
18/03/2008	0.000	7.833	7.000	14.688	12.660
19/03/2008	0.000	8.187	7.812	15.708	10.470
20/03/2008	0.000	7.505	8.104	15.021	9.287
21/03/2008	2.849	8.069	8.458	16.000	9.095
22/03/2008	0.354	7.233	8.854	15.208	8.517
23/03/2008	0.000	8.057	7.750	15.500	8.132
24/03/2008	4.710	8.380	7.979	16.083	8.132
25/03/2008	0.000	8.099	8.479	16.062	7.555
26/03/2008	6.906	8.765	7.646	16.375	6.977
27/03/2008	0.000	8.831	8.167	16.812	6.400
28/03/2008	0.000	8.205	9.938	17.229	6.207
29/03/2008	9.630	6.659	10.125	15.458	6.977
30/03/2008	8.005	8.227	9.375	16.875	8.903
31/03/2008	18.145	5.551	9.229	13.438	11.870
01/04/2008	5.450	8.057	9.312	16.625	17.460
02/04/2008	0.000	10.035	8.312	18.521	9.287
03/04/2008	0.000	8.704	8.312	16.792	9.095
04/04/2008	0.000	8.892	7.646	16.604	7.747
05/04/2008	15.163	8.564	7.812	16.292	7.363
06/04/2008	7.279	7.323	8.875	15.417	7.940
07/04/2008	17.786	8.849	8.188	16.938	7.940
08/04/2008	0.351	8.325	8.875	16.729	8.325
09/04/2008	6.280	7.579	8.812	15.729	8.517
10/04/2008	0.000	7.547	8.354	15.375	17.430
11/04/2008	10.549	7.061	8.812	15.083	14.160
12/04/2008	0.000	7.368	9.062	15.667	12.880
13/04/2008	14.929	7.295	9.062	15.583	9.287
14/04/2008	11.785	6.965	9.312	15.354	9.486
15/04/2008	0.000	6.945	8.500	14.750	16.350
16/04/2008	0.000	7.148	8.812	15.250	12.660
17/04/2008	0.000	6.818	8.354	14.500	10.470
18/04/2008	19.415	7.570	8.438	15.562	9.679
19/04/2008	7.636	6.453	8.938	14.479	20.780
20/04/2008	0.000	8.934	7.417	16.729	14.290
21/04/2008	0.000	7.983	8.188	15.979	13.520
22/04/2008	0.000	8.243	8.938	16.854	13.280
23/04/2008	0.000	6.038	9.188	14.188	10.080
24/04/2008	33.184	6.959	8.750	15.062	19.070
25/04/2008	1.780	7.701	9.000	16.229	17.010
26/04/2008	28.317	6.753	9.396	15.292	30.500
27/04/2008	5.134	6.584	9.250	14.979	31.360
28/04/2008	3.371	7.581	9.688	16.604	19.310
29/04/2008	0.000	8.098	8.958	16.792	17.640
30/04/2008	1.009	7.981	9.250	16.854	13.080
01/05/2008	4.934	6.315	9.750	15.062	12.710
02/05/2008	25.858	7.479	9.375	16.312	23.180
03/05/2008	0.000	7.673	8.479	15.958	15.320
04/05/2008	5.979	5.560	8.729	13.354	13.690
05/05/2008	1.370	8.281	8.625	16.917	13.070
06/05/2008	0.000	7.464	9.312	16.312	9.300
07/05/2008	0.000	7.880	8.458	16.292	8.903
08/05/2008	0.000	5.847	9.812	14.604	13.170
09/05/2008	14.461	6.299	8.917	14.521	37.530
10/05/2008	0.000	7.867	7.917	15.958	19.080
11/05/2008	3.893	8.241	7.167	16.000	15.320
12/05/2008	0.000	7.529	8.667	16.042	13.280
13/05/2008	0.000	8.020	8.417	16.562	12.270
14/05/2008	0.000	7.771	9.312	16.854	14.960
15/05/2008	0.000	7.904	8.542	16.521	13.280
16/05/2008	0.000	7.047	8.917	15.625	13.870
17/05/2008	0.000	5.592	8.917	13.688	20.190
18/05/2008	0.000	8.155	8.354	16.792	14.910
19/05/2008	0.000	7.187	9.292	16.125	17.460
20/05/2008	26.463	5.435	9.750	14.167	22.570
21/05/2008	5.609	7.502	9.500	16.729	17.590
22/05/2008	8.011	7.230	9.208	16.167	18.030
23/05/2008	26.548	5.111	9.604	13.667	45.360
24/05/2008	0.731	6.841	9.500	15.875	28.090
25/05/2008	16.619	5.582	9.500	14.208	23.180
26/05/2008	0.545	6.020	9.688	14.938	21.450
27/05/2008	17.307	5.566	9.958	14.562	25.830
28/05/2008	15.449	5.212	9.417	13.688	22.930
29/05/2008	0.000	6.412	8.854	14.875	17.830
30/05/2008	1.514	6.672	9.062	15.396	14.910
31/05/2008	14.676	6.666	8.104	14.708	20.790
01/06/2008	0.000	6.461	8.604	14.792	19.080
02/06/2008	0.000	5.936	8.167	13.750	22.960
03/06/2008	8.088	6.829	7.792	14.750	32.270
04/06/2008	0.000	6.628	7.833	14.500	24.070
05/06/2008	10.855	6.302	7.771	14.000	17.620
06/06/2008	0.000	5.894	8.875	14.250	19.750
07/06/2008	0.000	6.826	8.667	15.396	45.060
08/06/2008	0.000	6.593	8.417	14.896	26.730
09/06/2008	0.000	7.877	7.646	16.208	24.070
10/06/2008	0.000	7.261	8.979	16.250	16.560
11/06/2008	2.570	7.766	9.604	17.396	20.170
12/06/2008	2.570	6.579	9.875	15.958	12.660
13/06/2008	16.924	8.017	9.229	17.500	12.270
14/06/2008	13.791	5.445	9.375	14.062	11.070
15/06/2008	0.000	7.991	8.188	16.771	38.110
16/06/2008	0.000	5.611	9.812	14.625	33.610
17/06/2008	12.803	5.981	9.542	14.917	45.010
18/06/2008	0.000	8.033	7.896	16.646	30.890
19/06/2008	0.000	8.049	8.604	17.146	19.950
20/06/2008	22.808	8.118	9.750	18.021	22.520
21/06/2008	18.838	6.545	9.792	15.875	17.380
22/06/2008	0.000	5.696	8.917	14.062	18.440
23/06/2008	0.000	7.684	7.896	16.146	20.610
24/06/2008	9.127	6.133	8.979	14.708	27.260
25/06/2008	4.126	6.575	8.562	15.021	17.380
26/06/2008	0.000	7.498	8.750	16.458	14.080
27/06/2008	11.290	6.892	8.021	15.083	14.510
28/06/2008	33.869	4.752	8.708	12.625	24.270
29/06/2008	5.721	4.342	8.229	11.708	46.010
30/06/2008	1.728	6.064	8.104	13.958	59.900
01/07/2008	0.000	5.549	9.146	14.021	43.840
02/07/2008	0.000	5.535	8.271	13.333	24.680
03/07/2008	0.000	5.560	8.312	13.396	58.960
04/07/2008	0.000	5.261	8.229	12.917	33.180
05/07/2008	0.000	6.269	7.479	13.771	24.500
06/07/2008	0.000	6.866	8.104	15.062	19.080
07/07/2008	0.000	6.789	8.562	15.271	17.180
08/07/2008	4.171	6.051	8.896	14.479	18.020
09/07/2008	0.000	5.212	8.729	13.208	40.440
10/07/2008	0.000	4.481	8.833	12.333	67.020
11/07/2008	0.000	6.089	7.604	13.562	40.930
12/07/2008	0.000	6.080	8.146	13.938	37.710
13/07/2008	0.000	7.210	7.604	15.146	24.730
14/07/2008	0.000	7.038	7.917	15.104	30.370
15/07/2008	64.804	6.332	8.417	14.458	31.530
16/07/2008	0.000	5.890	7.479	13.146	28.550
17/07/2008	0.000	8.522	5.646	15.729	24.290
18/07/2008	10.926	7.666	7.771	15.854	24.290
19/07/2008	35.573	5.848	9.021	14.208	31.530
20/07/2008	0.000	6.692	8.229	14.771	46.640
21/07/2008	0.000	6.424	8.583	14.646	37.600
22/07/2008	1.761	5.656	8.354	13.417	28.230
23/07/2008	0.000	7.250	7.729	15.167	20.370
24/07/2008	0.000	6.972	7.979	14.938	23.180
25/07/2008	2.201	7.900	8.354	16.479	33.890
26/07/2008	0.000	6.482	8.812	14.833	38.680
27/07/2008	0.000	7.200	8.146	15.333	31.550
28/07/2008	0.000	5.526	8.229	13.083	31.950
29/07/2008	0.000	7.467	8.104	15.646	32.710
30/07/2008	0.000	6.675	8.521	14.833	29.920
31/07/2008	0.000	8.767	7.708	17.167	20.580
01/08/2008	0.000	7.683	9.542	16.896	25.620
02/08/2008	0.000	7.428	8.271	15.646	27.110
03/08/2008	0.000	7.442	8.917	16.104	27.640
04/08/2008	0.000	7.213	8.583	15.542	24.510
05/08/2008	0.000	9.196	7.208	17.354	25.170
06/08/2008	0.000	5.449	9.208	13.646	27.530
07/08/2008	0.000	6.982	8.500	15.125	22.330
08/08/2008	0.000	7.061	7.896	14.792	19.510
09/08/2008	0.000	6.505	8.500	14.458	20.150
10/08/2008	1.373	5.888	9.458	14.354	27.470
11/08/2008	0.000	6.208	9.229	14.583	26.730
12/08/2008	0.000	8.816	7.646	16.979	21.250
13/08/2008	0.000	6.417	8.333	14.167	20.610
14/08/2008	28.536	6.711	8.208	14.458	21.430
15/08/2008	0.000	8.820	7.333	16.729	17.380
16/08/2008	0.000	8.094	9.083	16.896	16.760
17/08/2008	17.911	9.080	8.250	17.646	13.670
18/08/2008	37.776	6.604	9.042	14.875	29.820
19/08/2008	0.000	8.144	9.167	16.979	23.180
20/08/2008	0.000	7.304	9.104	15.812	20.580
21/08/2008	0.000	8.546	8.396	16.958	21.220
22/08/2008	10.502	8.680	8.146	16.958	18.020
23/08/2008	0.000	7.546	8.708	15.812	15.730
24/08/2008	0.000	7.912	8.146	15.896	14.290
25/08/2008	0.000	7.680	8.458	15.792	12.660
26/08/2008	0.729	7.021	8.646	15.042	11.870
27/08/2008	0.000	8.556	8.312	16.833	11.670
28/08/2008	0.000	9.422	8.188	17.896	11.870
29/08/2008	10.884	7.472	8.708	15.646	11.670
30/08/2008	16.560	7.677	8.396	15.688	11.870
31/08/2008	5.802	7.426	8.646	15.521	28.640
01/09/2008	0.000	7.773	8.542	15.896	17.180
02/09/2008	0.000	7.784	8.354	15.771	14.910
03/09/2008	0.000	7.444	8.646	15.521	12.860
04/09/2008	0.840	6.871	9.167	15.146	12.660
05/09/2008	32.538	8.293	8.812	16.729	27.260
06/09/2008	0.000	8.267	8.750	16.646	15.520
07/09/2008	0.000	6.529	8.708	14.354	24.000
08/09/2008	0.000	6.579	7.604	13.604	27.640
09/09/2008	17.354	5.460	8.521	12.854	24.510
10/09/2008	0.000	6.492	7.604	13.479	21.010
11/09/2008	0.000	7.727	7.562	15.083	18.660
12/09/2008	0.000	10.107	7.021	17.917	15.320
13/09/2008	0.000	8.121	7.292	15.417	15.940
14/09/2008	0.000	7.643	8.104	15.333	13.060
15/09/2008	0.000	7.639	7.938	15.208	32.710
16/09/2008	0.000	6.348	8.312	13.792	24.510
17/09/2008	0.000	7.351	8.042	14.896	37.040
18/09/2008	3.298	8.239	7.917	15.979	23.620
19/09/2008	10.640	8.680	8.104	16.688	15.940
20/09/2008	0.000	8.116	8.854	16.458	13.060
21/09/2008	0.000	9.155	7.625	17.000	11.470
22/09/2008	18.118	6.599	8.792	14.458	35.060
23/09/2008	2.553	8.358	8.333	16.417	17.180
24/09/2008	0.000	9.187	8.292	17.479	13.670
25/09/2008	9.922	7.386	9.208	15.771	12.860
26/09/2008	0.000	7.691	7.667	15.083	11.470
27/09/2008	0.000	8.554	8.188	16.583	11.670
28/09/2008	0.000	9.707	8.542	18.333	12.470
29/09/2008	1.188	8.472	8.646	16.792	11.270
30/09/2008	19.567	8.163	9.104	16.708	34.130
01/10/2008	11.776	7.414	8.229	15.125	17.620
02/10/2008	4.298	8.988	7.854	16.958	14.290
03/10/2008	1.011	9.524	8.354	18.000	17.620
04/10/2008	1.671	9.939	7.750	18.167	12.660
05/10/2008	17.987	8.503	8.292	16.625	12.070
06/10/2008	0.000	8.356	8.688	16.708	13.260
07/10/2008	42.015	5.914	8.667	13.542	16.360
08/10/2008	0.000	7.155	6.396	13.542	17.180
09/10/2008	0.000	7.441	7.062	14.396	25.650
10/10/2008	0.000	7.946	7.542	15.417	17.820
11/10/2008	6.553	7.911	8.542	16.062	16.350
12/10/2008	32.508	8.245	9.042	16.854	16.760
13/10/2008	0.000	7.597	8.688	15.771	14.700
14/10/2008	19.910	6.740	9.854	15.521	16.560
15/10/2008	0.000	7.902	9.104	16.479	13.670
16/10/2008	0.000	7.843	7.417	15.250	15.110
17/10/2008	0.000	7.577	8.104	15.375	16.770
18/10/2008	0.000	7.900	7.729	15.562	13.070
19/10/2008	0.000	8.568	7.354	16.229	13.870
20/10/2008	0.000	7.147	8.979	15.458	22.780
21/10/2008	0.000	7.834	9.104	16.458	17.820
22/10/2008	0.000	7.804	8.604	16.083	15.320
23/10/2008	0.000	7.726	9.479	16.604	14.700
24/10/2008	0.000	8.024	8.229	16.146	13.670
25/10/2008	0.000	8.354	8.104	16.521	12.270
26/10/2008	0.000	7.623	9.792	16.729	12.270
27/10/2008	0.000	8.388	9.771	17.729	17.820
28/10/2008	0.000	7.341	9.625	16.271	21.030
29/10/2008	63.645	7.905	8.875	16.500	33.180
30/10/2008	0.000	9.189	8.104	17.729	19.110
31/10/2008	3.398	8.392	9.042	17.292	15.520
01/11/2008	27.437	5.077	9.438	13.292	17.010
02/11/2008	0.000	8.132	8.562	16.646	18.870
03/11/2008	7.155	4.752	8.562	12.208	17.810
04/11/2008	0.000	4.967	7.521	11.667	22.090
05/11/2008	0.000	7.626	7.979	15.604	19.300
06/11/2008	0.000	8.575	7.812	16.812	15.730
07/11/2008	3.552	7.845	8.292	16.146	16.560
08/11/2008	0.000	6.753	8.375	14.729	14.910
09/11/2008	0.989	7.909	7.688	15.854	18.870
10/11/2008	0.000	7.730	8.667	16.292	13.670
11/11/2008	17.114	8.271	8.229	16.750	13.670
12/11/2008	0.000	7.981	8.583	16.604	14.520
13/11/2008	0.000	5.169	9.792	13.792	13.920
14/11/2008	0.000	6.587	9.354	15.292	14.490
15/11/2008	0.000	7.100	8.729	15.542	15.110
16/11/2008	1.839	5.907	9.354	14.417	26.560
17/11/2008	12.169	6.869	8.875	15.354	17.180
18/11/2008	30.631	6.749	9.167	15.417	19.300
19/11/2008	1.799	8.591	9.479	18.146	19.510
20/11/2008	0.000	6.649	9.750	15.729	35.280
21/11/2008	0.000	6.271	8.979	14.667	26.370
22/11/2008	0.000	7.237	9.729	16.521	28.760
23/11/2008	16.859	7.190	9.479	16.292	20.880
24/11/2008	37.605	7.176	9.229	16.104	49.120
25/11/2008	21.438	7.070	9.417	16.104	23.310
26/11/2008	31.946	5.092	9.604	13.646	30.280
27/11/2008	0.000	6.603	9.229	15.354	23.310
28/11/2008	0.000	7.954	9.042	17.083	21.080
29/11/2008	0.000	8.305	9.292	17.750	15.970
30/11/2008	0.000	7.532	9.729	17.000	15.970
01/12/2008	0.000	8.018	8.438	16.792	32.980
02/12/2008	74.654	6.711	9.062	15.417	62.690
03/12/2008	0.000	7.783	9.021	16.875	48.840
04/12/2008	0.000	7.309	8.938	16.167	31.870
05/12/2008	0.000	8.340	8.146	17.083	22.900
06/12/2008	0.000	7.513	8.958	16.479	15.160
07/12/2008	0.000	7.461	8.333	15.979	13.860
08/12/2008	0.000	6.809	9.000	15.542	12.410
09/12/2008	0.000	7.362	8.250	15.792	12.650
10/12/2008	0.000	7.815	8.125	16.354	11.270
11/12/2008	15.628	8.297	8.188	17.083	10.300
12/12/2008	18.112	8.324	8.938	17.625	11.460
13/12/2008	7.163	7.403	8.688	16.167	11.460
14/12/2008	0.000	6.196	9.438	15.042	11.170
15/12/2008	0.000	6.533	9.833	15.792	11.170
16/12/2008	7.374	7.520	9.521	16.917	10.590
17/12/2008	0.000	8.214	8.062	16.896	9.382
18/12/2008	0.000	7.048	9.292	16.104	9.012
19/12/2008	0.000	7.477	9.604	16.917	11.460
20/12/2008	0.000	6.768	9.396	15.792	11.070
21/12/2008	0.000	6.772	9.417	15.812	10.880
22/12/2008	0.000	7.539	9.312	16.792	11.170
23/12/2008	0.000	7.947	9.646	17.583	11.270
24/12/2008	0.000	7.317	9.375	16.521	10.880
25/12/2008	0.000	7.282	9.562	16.604	10.590
26/12/2008	38.968	7.488	8.896	16.417	10.400
27/12/2008	0.000	7.412	8.875	16.292	10.490
28/12/2008	0.000	7.188	9.500	16.417	10.400
29/12/2008	0.000	6.284	9.729	15.354	11.270
30/12/2008	0.000	7.943	8.792	16.958	10.980
31/12/2008	0.000	7.802	9.000	16.896	10.400
01/01/2009	0.000	7.764	9.167	16.958	10.110
02/01/2009	0.000	6.986	9.250	15.938	9.723
03/01/2009	0.000	6.881	9.229	15.771	9.530
04/01/2009	0.000	7.826	9.167	17.021	9.308
05/01/2009	19.957	7.487	9.312	16.646	8.938
06/01/2009	25.362	7.596	9.292	16.771	8.420
07/01/2009	6.900	7.578	9.250	16.708	8.790
08/01/2009	0.000	7.578	9.354	16.771	8.938
09/01/2009	0.000	6.653	8.979	15.229	11.460
10/01/2009	0.000	6.173	8.917	14.521	14.100
11/01/2009	0.000	6.970	8.604	15.375	14.900
12/01/2009	0.000	5.909	9.104	14.292	15.700
13/01/2009	0.000	4.782	9.062	12.792	10.980
14/01/2009	1.491	8.497	7.854	16.958	11.700
15/01/2009	0.000	7.000	8.375	15.208	15.160
16/01/2009	9.761	8.116	8.417	16.771	11.860
17/01/2009	2.438	6.098	9.417	14.729	12.170
18/01/2009	8.484	7.904	8.708	16.646	14.900
19/01/2009	8.916	5.831	9.792	14.646	10.880
20/01/2009	32.705	6.001	9.354	14.521	13.620
21/01/2009	0.000	8.082	8.042	16.396	16.820
22/01/2009	2.189	7.859	9.062	16.771	9.686
23/01/2009	39.961	7.428	8.938	16.083	2.472
24/01/2009	3.246	7.319	9.604	16.396	6.752
25/01/2009	7.524	7.541	8.583	15.958	12.220
26/01/2009	0.000	8.174	9.354	17.333	11.930
27/01/2009	0.000	7.508	8.958	16.146	11.700
28/01/2009	0.000	8.159	8.333	16.583	10.980
29/01/2009	0.000	7.168	8.875	15.604	10.980
30/01/2009	0.000	7.318	8.167	15.292	10.590
31/01/2009	29.895	7.066	8.583	15.229	10.400
01/02/2009	11.941	6.153	8.917	14.250	10.300
02/02/2009	0.000	6.918	8.667	15.062	10.210
03/02/2009	0.000	7.838	7.896	15.750	9.819
04/02/2009	0.000	7.768	8.542	16.083	8.886
05/02/2009	0.000	7.060	9.125	15.542	8.124
06/02/2009	1.022	6.886	9.146	15.312	8.346
07/02/2009	0.000	6.384	8.917	14.479	8.346
08/02/2009	0.000	8.263	8.854	16.896	7.976
09/02/2009	0.000	8.750	7.875	16.875	7.680
10/02/2009	0.000	6.792	9.354	15.292	7.828
11/02/2009	0.000	5.922	8.854	13.792	7.902
12/02/2009	49.739	5.768	8.958	13.667	13.980
13/02/2009	3.363	7.263	8.854	15.500	11.390
14/02/2009	0.000	4.486	10.021	12.979	10.880
15/02/2009	1.726	8.193	8.479	16.438	11.360
16/02/2009	32.245	7.609	9.417	16.312	16.550
17/02/2009	0.000	8.947	8.146	17.188	11.600
18/02/2009	3.497	6.398	8.979	14.417	23.170
19/02/2009	11.122	7.572	8.479	15.562	10.780
20/02/2009	8.710	8.136	8.417	16.250	10.980
21/02/2009	0.000	5.911	9.083	13.854	10.590
22/02/2009	0.000	8.111	8.229	16.062	11.070
23/02/2009	0.000	7.830	8.208	15.667	8.050
24/02/2009	0.000	7.673	8.729	15.812	7.902
25/02/2009	0.000	8.198	8.479	16.312	6.644
26/02/2009	0.000	10.258	8.646	19.104	5.544
27/02/2009	0.000	7.860	9.583	16.625	5.487
28/02/2009	2.275	7.668	8.708	15.750	5.430
01/03/2009	0.000	5.174	9.229	13.021	7.532
02/03/2009	0.000	8.104	7.667	15.583	7.754
03/03/2009	0.000	5.993	9.292	14.042	11.000
04/03/2009	0.000	6.496	9.000	14.438	19.980
05/03/2009	20.635	7.674	8.667	15.688	12.410
06/03/2009	0.323	7.776	8.729	15.854	10.300
07/03/2009	0.948	7.069	8.979	15.125	9.723
08/03/2009	0.000	7.263	8.208	14.812	9.530
09/03/2009	5.710	9.642	7.250	17.292	9.160
10/03/2009	3.975	8.218	8.688	16.375	8.864
11/03/2009	16.529	9.083	8.771	17.542	8.642
12/03/2009	13.783	8.448	9.542	17.250	9.086
13/03/2009	0.000	7.561	9.625	16.188	7.332
14/03/2009	0.000	8.866	8.771	17.250	5.772
15/03/2009	0.000	7.885	8.854	16.042	5.299
16/03/2009	0.687	6.512	8.812	14.271	5.212
17/03/2009	23.227	7.713	8.667	15.688	5.386
18/03/2009	3.456	6.837	9.083	14.875	5.544
19/03/2009	5.994	6.014	8.917	13.729	15.430
20/03/2009	0.567	7.876	9.083	16.188	18.080
21/03/2009	5.561	7.358	8.896	15.396	20.470
22/03/2009	2.728	7.777	8.729	15.812	22.700
23/03/2009	24.724	6.977	8.896	14.917	18.080
24/03/2009	6.796	7.763	8.688	15.771	26.720
25/03/2009	6.152	8.564	8.792	16.875	17.410
26/03/2009	0.000	6.575	9.479	14.854	13.360
27/03/2009	10.716	8.948	9.250	17.688	14.390
28/03/2009	0.000	8.200	8.729	16.375	14.320
29/03/2009	25.560	7.842	8.729	15.917	19.340
30/03/2009	8.502	8.527	9.042	17.021	15.720
31/03/2009	14.454	7.094	9.625	15.625	13.680
01/04/2009	7.035	8.054	9.562	16.792	14.900
02/04/2009	0.000	9.534	8.625	18.062	13.240
03/04/2009	3.504	10.102	8.438	18.688	11.360
04/04/2009	3.217	9.117	9.625	18.208	10.980
05/04/2009	0.000	8.528	9.188	17.167	10.300
06/04/2009	0.000	9.184	9.562	18.271	9.456
07/04/2009	2.233	7.623	9.125	15.979	10.400
08/04/2009	34.844	5.638	9.125	13.500	13.240
09/04/2009	0.000	7.032	8.875	15.062	11.360
10/04/2009	13.651	6.262	8.750	14.000	11.170
11/04/2009	0.000	7.199	8.375	14.938	10.590
12/04/2009	28.588	7.105	8.854	15.167	11.460
13/04/2009	0.000	7.625	9.271	16.146	64.540
14/04/2009	0.000	7.102	9.688	15.792	11.460
15/04/2009	4.144	6.550	8.812	14.458	11.070
16/04/2009	0.000	8.002	7.729	15.604	11.070
17/04/2009	0.000	7.852	8.812	16.167	10.400
18/04/2009	0.000	7.486	8.854	15.729	8.983
19/04/2009	2.087	6.840	8.729	14.812	8.050
20/04/2009	0.000	7.008	8.812	15.104	10.300
21/04/2009	11.691	5.348	8.938	13.104	13.830
22/04/2009	7.135	7.894	8.812	16.292	11.390
23/04/2009	0.000	8.718	8.375	17.104	10.590
24/04/2009	0.000	8.420	8.938	17.104	9.916
25/04/2009	0.000	8.050	10.062	17.417	9.819
26/04/2009	0.000	6.762	9.000	15.000	9.530
27/04/2009	2.075	6.681	9.042	14.938	10.490
28/04/2009	0.000	5.779	9.792	14.375	11.170
29/04/2009	0.000	8.208	9.375	17.208	11.170
30/04/2009	20.830	6.128	9.438	14.562	11.070
01/05/2009	0.889	6.826	8.875	15.062	11.360
02/05/2009	24.685	7.518	9.500	16.438	13.860
03/05/2009	0.000	6.895	9.229	15.438	11.460
04/05/2009	11.522	6.531	10.125	15.646	22.580
05/05/2009	0.000	8.802	9.188	17.979	29.660
06/05/2009	1.022	7.775	9.875	17.104	32.010
07/05/2009	10.197	8.443	9.688	17.875	33.810
08/05/2009	0.000	9.004	8.500	17.854	32.710
09/05/2009	13.943	6.829	9.396	15.562	27.100
10/05/2009	0.000	7.229	9.188	15.958	32.150
11/05/2009	4.652	7.269	8.417	15.479	27.510
12/05/2009	0.318	8.108	8.354	16.604	28.210
13/05/2009	0.000	7.531	8.750	16.104	28.070
14/05/2009	1.918	6.859	8.667	15.146	30.590
15/05/2009	0.000	8.453	7.771	16.750	26.130
16/05/2009	1.498	7.236	10.062	16.688	24.680
17/05/2009	0.000	7.526	9.083	16.396	25.890
18/05/2009	0.000	7.052	9.208	15.854	26.130
19/05/2009	17.427	6.293	8.875	14.604	24.680
20/05/2009	0.000	4.665	9.250	12.792	35.060
21/05/2009	0.000	6.797	8.354	14.938	35.950
22/05/2009	10.610	7.493	8.354	15.917	31.080
23/05/2009	0.000	6.823	8.792	15.312	28.310
24/05/2009	0.842	7.030	9.104	15.833	31.040
25/05/2009	0.000	7.185	8.667	15.750	26.610
26/05/2009	0.000	8.303	7.521	16.562	31.320
27/05/2009	0.685	6.994	8.417	15.333	29.930
28/05/2009	0.000	8.188	8.167	16.854	48.810
29/05/2009	11.231	6.771	9.167	15.583	35.880
30/05/2009	0.000	7.428	8.688	16.167	25.650
31/05/2009	11.543	7.313	8.750	16.062	23.950
01/06/2009	0.000	6.748	9.167	15.583	25.650
02/06/2009	0.000	6.766	9.000	15.500	21.680
03/06/2009	0.000	5.294	9.042	13.542	70.040
04/06/2009	0.000	5.559	9.979	14.625	61.710
05/06/2009	0.000	6.530	8.667	14.958	90.720
06/06/2009	0.000	5.013	9.562	13.604	81.000
07/06/2009	0.000	6.671	8.688	15.188	100.200
08/06/2009	0.000	6.666	8.250	14.875	58.760
09/06/2009	0.000	7.604	8.333	16.271	26.410
10/06/2009	57.205	5.913	9.812	15.000	19.300
11/06/2009	1.222	6.182	9.854	15.396	16.550
12/06/2009	15.290	6.137	8.271	14.167	41.610
13/06/2009	21.848	5.846	8.083	13.625	17.280
14/06/2009	0.000	8.541	7.854	17.333	18.770
15/06/2009	5.822	7.289	9.812	16.896	14.630
16/06/2009	35.722	6.845	9.875	16.333	14.630
17/06/2009	0.000	6.857	8.062	15.062	12.650
18/06/2009	0.000	5.292	8.875	13.479	13.740
19/06/2009	0.000	6.877	8.521	15.417	13.360
20/06/2009	0.000	6.720	9.667	16.021	13.000
21/06/2009	0.000	7.684	8.479	16.542	12.170
22/06/2009	2.381	5.242	8.958	13.479	11.930
23/06/2009	2.961	8.086	7.771	16.646	11.930
24/06/2009	0.000	7.598	8.354	16.333	11.360
25/06/2009	0.000	6.011	8.333	14.062	10.490
26/06/2009	0.000	6.860	8.875	15.646	11.170
27/06/2009	0.000	4.699	8.812	12.646	14.590
28/06/2009	0.000	6.881	7.833	14.938	18.130
29/06/2009	0.000	6.933	8.917	15.771	22.900
30/06/2009	4.806	5.338	8.854	13.521	12.650
01/07/2009	0.000	5.232	8.396	13.021	14.160
02/07/2009	0.000	4.921	8.958	13.042	23.310
03/07/2009	4.576	5.817	9.417	14.583	36.430
04/07/2009	6.061	7.723	8.542	16.604	21.680
05/07/2009	0.000	7.305	8.417	15.917	20.100
06/07/2009	7.277	5.804	7.729	13.292	17.760
07/07/2009	0.000	6.875	8.854	15.604	15.970
08/07/2009	2.263	5.136	8.417	12.875	33.300
09/07/2009	8.258	6.228	8.792	14.646	40.030
10/07/2009	5.510	6.774	9.021	15.562	16.010
11/07/2009	7.881	7.474	8.104	15.896	13.590
12/07/2009	0.000	8.036	7.979	16.604	12.290
13/07/2009	0.000	7.710	8.771	16.667	10.420
14/07/2009	0.000	7.055	8.458	15.521	25.120
15/07/2009	0.000	6.075	7.979	13.792	19.880
16/07/2009	0.000	6.847	8.458	15.208	14.280
17/07/2009	0.000	7.865	8.333	16.542	12.050
18/07/2009	0.000	6.292	9.000	14.812	18.280
19/07/2009	0.000	6.673	8.958	15.292	44.650
20/07/2009	27.548	6.159	8.542	14.271	44.320
21/07/2009	5.670	8.627	8.083	17.396	18.080
22/07/2009	7.929	8.128	9.271	17.479	19.520
23/07/2009	3.487	8.739	8.396	17.729	18.620
24/07/2009	0.000	6.131	9.708	15.062	14.630
25/07/2009	0.000	6.551	8.479	14.708	12.290
26/07/2009	0.000	6.683	9.396	15.542	11.820
27/07/2009	0.000	7.069	9.646	16.229	13.980
28/07/2009	0.000	6.406	8.917	14.792	24.680
29/07/2009	2.580	4.245	8.896	11.979	18.240
30/07/2009	0.000	7.314	7.417	14.958	15.970
31/07/2009	5.590	7.245	7.729	15.062	12.650
01/08/2009	0.000	6.761	9.271	15.479	12.760
02/08/2009	0.000	7.151	8.021	15.104	13.470
03/08/2009	0.000	7.154	9.417	16.083	12.760
04/08/2009	0.000	6.943	9.396	15.771	21.280
05/08/2009	0.000	6.352	9.146	14.792	55.360
06/08/2009	0.000	5.470	9.271	13.729	41.620
07/08/2009	0.000	5.725	8.583	13.521	21.850
08/08/2009	0.000	6.297	8.250	14.021	22.090
09/08/2009	0.000	8.346	7.833	16.521	19.030
10/08/2009	0.000	6.952	8.271	14.896	16.550
11/08/2009	1.466	7.060	7.792	14.688	31.940
12/08/2009	0.000	7.009	8.583	15.167	18.890
13/08/2009	0.000	7.414	8.271	15.479	16.120
14/08/2009	0.000	6.628	8.375	14.479	18.710
15/08/2009	0.000	8.312	8.146	16.583	13.980
16/08/2009	0.000	8.984	8.396	17.646	12.050
17/08/2009	39.945	7.530	9.083	16.146	11.930
18/08/2009	0.000	7.744	10.229	17.229	11.460
19/08/2009	0.000	8.931	8.958	17.896	12.290
20/08/2009	0.000	8.759	9.688	18.146	12.170
21/08/2009	35.722	9.298	8.833	18.271	13.240
22/08/2009	0.000	8.320	9.479	17.396	13.120
23/08/2009	2.813	9.024	8.958	17.958	11.270
24/08/2009	17.954	7.471	10.188	16.771	15.880
25/08/2009	0.000	5.373	9.854	13.896	14.760
26/08/2009	0.000	5.163	9.583	13.417	30.200
27/08/2009	0.000	8.092	8.771	16.542	17.550
28/08/2009	0.000	7.898	8.646	16.188	15.480
29/08/2009	18.623	6.841	8.396	14.604	16.500
30/08/2009	0.000	7.987	9.021	16.542	14.630
31/08/2009	0.000	7.978	7.938	15.771	13.490
01/09/2009	0.000	8.694	7.917	16.708	11.700
02/09/2009	0.000	7.586	8.979	15.958	38.310
03/09/2009	0.000	6.490	9.708	15.083	10.780
04/09/2009	37.202	6.253	8.479	13.854	16.740
05/09/2009	0.000	6.982	8.542	14.833	26.240
06/09/2009	0.000	8.559	7.167	15.979	14.760
07/09/2009	0.000	7.693	8.125	15.458	11.460
08/09/2009	0.000	9.191	8.854	17.917	14.630
09/09/2009	0.000	7.371	9.958	16.333	14.500
10/09/2009	1.250	6.693	8.979	14.750	16.430
11/09/2009	0.000	7.760	7.854	15.333	11.700
12/09/2009	0.000	7.562	8.417	15.458	11.270
13/09/2009	0.000	10.304	7.167	18.271	10.400
14/09/2009	0.000	9.195	7.896	17.250	9.723
15/09/2009	26.283	9.362	8.042	17.562	9.382
16/09/2009	3.378	7.957	8.896	16.292	10.490
17/09/2009	0.000	6.816	8.917	14.833	10.210
18/09/2009	0.000	8.217	8.354	16.250	11.930
19/09/2009	3.702	8.502	7.708	16.188	11.170
20/09/2009	19.367	6.856	8.854	14.833	9.273
21/09/2009	0.000	8.437	8.792	16.833	10.110
22/09/2009	0.000	7.121	9.021	15.292	10.950
23/09/2009	0.000	8.301	7.583	15.833	10.110
24/09/2009	0.000	8.143	8.167	16.021	9.456
25/09/2009	0.000	7.647	8.417	15.542	9.234
26/09/2009	2.007	8.819	9.042	17.500	9.308
27/09/2009	0.000	7.555	8.729	15.646	8.864
28/09/2009	0.000	6.905	9.104	15.083	5.705
29/09/2009	0.000	6.471	9.417	14.771	47.280
30/09/2009	0.000	7.052	8.667	14.958	16.650
01/10/2009	0.000	8.496	6.688	15.521	11.930
02/10/2009	0.000	8.237	8.229	16.208	10.110
03/10/2009	7.904	6.995	8.667	14.896	9.530
04/10/2009	4.805	7.849	8.354	15.792	10.010
05/10/2009	0.000	8.321	7.854	16.083	9.723
06/10/2009	0.000	8.407	8.542	16.667	9.479
07/10/2009	0.000	7.717	9.312	16.312	9.308
08/10/2009	0.000	5.780	9.688	14.167	9.382
09/10/2009	0.000	8.054	7.292	15.375	10.690
10/10/2009	0.000	9.744	7.792	17.979	9.160
11/10/2009	7.740	8.001	9.458	16.812	8.716
12/10/2009	24.028	8.136	10.062	17.417	11.690
13/10/2009	13.780	7.620	9.833	16.604	15.160
14/10/2009	0.000	5.985	9.833	14.562	13.240
15/10/2009	0.000	8.897	8.854	17.604	10.590
16/10/2009	0.000	9.459	7.792	17.667	9.916
17/10/2009	0.000	8.676	8.604	17.167	9.382
18/10/2009	15.020	9.531	8.667	18.354	9.694
19/10/2009	3.163	9.384	9.604	18.792	12.410
20/10/2009	0.000	6.779	9.979	15.708	12.880
21/10/2009	0.000	9.595	9.521	19.042	12.290
22/10/2009	40.540	7.230	10.021	16.333	54.390
23/10/2009	8.781	8.867	8.667	17.542	14.200
24/10/2009	6.204	8.164	9.250	17.021	12.410
25/10/2009	1.617	7.026	8.875	15.271	13.150
26/10/2009	0.000	7.582	8.854	16.000	11.580
27/10/2009	4.248	7.572	8.917	16.042	10.690
28/10/2009	0.000	8.518	8.417	16.979	9.382
29/10/2009	0.979	9.864	8.292	18.729	9.456
30/10/2009	0.000	8.621	9.188	17.667	8.790
31/10/2009	30.813	8.429	10.083	18.042	11.210
01/11/2009	0.000	5.949	9.417	14.354	9.382
02/11/2009	3.248	8.976	8.750	17.896	8.864
03/11/2009	12.345	8.582	9.479	17.875	8.716
04/11/2009	0.000	10.180	8.500	19.396	8.494
05/11/2009	11.041	6.931	9.667	15.854	5.624
06/11/2009	0.000	9.208	8.708	18.250	8.272
07/11/2009	5.596	9.475	8.250	18.333	8.272
08/11/2009	0.000	7.721	9.792	17.021	7.976
09/11/2009	3.190	8.239	9.042	17.208	8.124
10/11/2009	0.000	8.780	8.542	17.625	8.272
11/11/2009	0.000	7.854	9.271	16.875	8.272
12/11/2009	0.000	7.528	9.604	16.688	7.976
13/11/2009	0.000	6.999	9.062	15.604	8.198
14/11/2009	9.460	8.681	8.021	17.208	8.124
15/11/2009	13.793	9.006	8.229	17.812	8.420
16/11/2009	17.817	9.296	7.708	17.896	8.420
17/11/2009	21.294	8.241	8.833	17.188	8.346
18/11/2009	3.166	7.939	10.042	17.625	37.040
19/11/2009	0.000	6.655	9.542	15.562	8.642
20/11/2009	0.000	7.319	8.854	15.979	8.346
21/11/2009	0.000	6.349	9.104	14.854	8.124
22/11/2009	0.000	6.751	9.292	15.542	8.272
23/11/2009	0.000	6.881	9.500	15.875	8.050
24/11/2009	0.000	8.059	8.542	16.833	8.568
25/11/2009	1.690	8.813	8.542	17.896	8.124
26/11/2009	0.000	7.897	9.354	17.188	8.050
27/11/2009	5.131	7.971	9.854	17.646	7.976
28/11/2009	2.947	7.577	9.625	16.958	8.050
29/11/2009	5.065	6.833	10.417	16.542	8.124
30/11/2009	0.000	7.212	9.854	16.646	8.642
01/12/2009	0.000	7.792	8.458	16.479	8.050
02/12/2009	0.000	8.334	9.146	17.708	7.976
03/12/2009	0.000	7.705	8.521	16.417	7.902
04/12/2009	0.000	8.687	8.500	17.792	7.532
05/12/2009	10.203	7.441	9.979	17.083	7.532
06/12/2009	4.770	8.972	9.042	18.562	7.680
07/12/2009	0.000	7.233	9.333	16.354	7.458
08/12/2009	0.000	7.420	8.688	16.167	7.384
09/12/2009	0.000	7.343	8.896	16.208	7.384
10/12/2009	0.000	7.697	8.562	16.479	7.680
11/12/2009	0.000	8.225	8.562	17.229	7.680
12/12/2009	0.000	6.297	9.229	15.021	8.716
13/12/2009	0.000	7.101	8.938	15.917	7.976
14/12/2009	0.000	8.145	8.688	17.208	7.532
15/12/2009	0.000	7.813	7.646	16.042	7.384
16/12/2009	0.000	8.096	8.625	17.104	7.310
17/12/2009	0.000	8.951	8.438	18.188	7.088
18/12/2009	0.000	6.487	10.083	15.917	7.310
19/12/2009	29.738	5.571	9.625	14.354	7.828
20/12/2009	5.302	7.118	9.333	16.229	7.828
21/12/2009	7.895	7.584	9.458	16.958	7.828
22/12/2009	0.000	6.673	9.833	15.979	7.532
23/12/2009	0.000	7.206	9.521	16.479	7.532
24/12/2009	0.000	7.440	9.333	16.667	7.310
25/12/2009	12.267	8.004	9.229	17.375	7.532
26/12/2009	6.479	6.843	8.833	15.479	7.384
27/12/2009	20.241	7.636	9.021	16.708	7.828
28/12/2009	0.000	8.074	8.708	17.104	7.532
29/12/2009	0.000	8.330	8.896	17.583	7.532
30/12/2009	0.000	7.925	9.188	17.208	7.236
31/12/2009	0.000	8.992	7.646	17.688	7.236
01/01/2010	0.000	8.980	7.979	17.875	7.162
02/01/2010	0.000	9.076	7.125	17.458	7.088
03/01/2010	0.000	8.335	7.146	16.396	7.014
04/01/2010	0.000	9.119	5.750	16.646	7.014
05/01/2010	0.000	10.085	6.208	18.312	6.792
06/01/2010	0.000	9.905	6.208	18.042	6.792
07/01/2010	0.000	8.496	8.854	17.708	6.644
08/01/2010	0.000	6.633	9.917	15.896	6.570
09/01/2010	0.000	7.088	9.604	16.271	6.644
10/01/2010	0.000	8.036	9.292	17.333	6.587
11/01/2010	0.000	8.666	9.542	18.354	8.272
12/01/2010	0.000	9.315	9.354	19.104	7.162
13/01/2010	0.000	8.764	7.771	17.292	6.792
14/01/2010	0.000	8.445	7.396	16.583	6.792
15/01/2010	0.000	8.208	7.167	16.083	6.644
16/01/2010	0.000	7.705	8.521	16.271	6.644
17/01/2010	0.000	6.371	9.688	15.292	6.644
18/01/2010	0.000	7.257	9.167	16.083	6.792
19/01/2010	0.000	6.408	9.958	15.521	6.570
20/01/2010	0.000	7.443	9.292	16.396	6.644
21/01/2010	0.000	8.153	8.854	17.042	6.513
22/01/2010	0.000	9.552	7.583	18.125	6.570
23/01/2010	0.000	10.008	7.667	18.792	6.513
24/01/2010	0.000	7.847	11.021	18.104	7.532
25/01/2010	32.659	7.625	9.312	16.583	7.236
26/01/2010	16.453	7.545	9.750	16.771	7.828
27/01/2010	10.903	7.469	10.083	16.896	7.310
28/01/2010	0.000	7.330	9.750	16.458	8.346
29/01/2010	0.000	9.188	8.854	18.312	7.606
30/01/2010	0.000	9.153	8.604	18.083	7.014
31/01/2010	0.000	8.928	8.875	17.938	6.792
01/02/2010	0.000	7.565	9.104	16.250	6.792
02/02/2010	0.000	8.059	10.062	17.562	6.644
03/02/2010	0.000	7.509	9.750	16.604	6.792
04/02/2010	0.000	9.185	10.062	19.000	6.644
05/02/2010	30.135	9.226	9.417	18.604	7.976
06/02/2010	30.014	5.706	10.292	14.688	8.124
07/02/2010	0.000	9.511	8.417	18.292	8.124
08/02/2010	0.000	8.002	8.542	16.333	9.533
09/02/2010	0.000	7.496	9.167	16.083	7.754
10/02/2010	0.000	8.379	10.042	17.833	8.050
11/02/2010	0.000	7.543	9.792	16.562	7.606
12/02/2010	0.000	9.432	9.292	18.667	7.532
13/02/2010	0.000	8.551	9.208	17.438	7.236
14/02/2010	15.223	7.538	9.771	16.500	7.236
15/02/2010	0.000	9.904	9.479	19.354	9.430
16/02/2010	0.000	9.047	10.500	18.917	9.524
17/02/2010	0.000	8.738	10.792	18.708	7.606
18/02/2010	0.000	7.159	9.042	15.438	7.236
19/02/2010	0.000	6.375	10.812	15.771	7.310
20/02/2010	0.000	7.425	10.812	17.042	7.606
21/02/2010	0.000	8.323	10.750	18.104	8.346
22/02/2010	2.361	9.833	9.792	19.354	7.976
23/02/2010	18.878	5.730	11.000	15.125	7.532
24/02/2010	5.763	10.079	8.708	18.938	7.976
25/02/2010	11.906	9.952	8.854	18.854	7.828
26/02/2010	9.364	5.755	9.938	14.292	12.530
27/02/2010	0.895	9.578	8.396	18.042	9.501
28/02/2010	0.000	8.407	9.583	17.312	8.272
01/03/2010	0.000	7.911	9.312	16.479	7.606
02/03/2010	18.338	6.189	9.812	14.688	9.192
03/03/2010	6.012	5.995	9.854	14.479	11.530
04/03/2010	0.000	9.422	7.542	17.229	9.910
05/03/2010	0.000	7.334	9.875	16.125	8.198
06/03/2010	0.000	7.586	9.562	16.208	7.976
07/03/2010	0.000	9.032	9.667	18.104	9.234
08/03/2010	0.000	8.818	9.250	17.542	8.938
09/03/2010	0.000	8.250	9.938	17.292	7.976
10/03/2010	0.000	8.091	10.750	17.667	8.494
11/03/2010	17.668	8.907	9.750	17.979	8.790
12/03/2010	0.494	10.485	8.229	19.000	8.272
13/03/2010	0.000	10.194	9.500	19.438	8.272
14/03/2010	0.000	9.065	9.104	17.729	7.828
15/03/2010	1.323	10.457	8.667	19.229	7.458
16/03/2010	9.624	7.961	9.896	16.875	7.162
17/03/2010	9.271	5.873	9.938	14.354	7.532
18/03/2010	0.000	7.583	9.021	15.771	7.680
19/03/2010	0.000	7.386	9.625	15.958	7.532
20/03/2010	11.020	6.804	9.729	15.312	7.532
21/03/2010	2.854	8.294	9.812	17.229	10.520
22/03/2010	0.000	10.553	8.417	19.188	8.864
23/03/2010	3.412	9.030	10.458	18.604	8.494
24/03/2010	0.000	9.295	8.854	17.854	7.384
25/03/2010	0.000	11.311	7.521	19.625	7.310
26/03/2010	12.387	5.724	9.438	13.792	8.050
27/03/2010	0.000	9.091	9.229	17.854	7.606
28/03/2010	0.000	8.980	8.688	17.354	7.532
29/03/2010	0.000	9.115	8.354	17.312	6.940
30/03/2010	6.194	5.607	10.417	14.438	6.940
31/03/2010	0.000	6.360	9.667	14.750	7.088
01/04/2010	0.000	9.593	9.312	18.583	7.384
02/04/2010	15.177	9.702	9.625	18.938	8.198
03/04/2010	8.982	8.570	10.250	17.938	8.346
04/04/2010	12.936	8.064	10.042	17.167	12.300
05/04/2010	0.000	9.674	9.667	18.958	10.010
06/04/2010	0.000	6.051	9.812	14.521	8.272
07/04/2010	5.208	8.956	9.667	18.062	10.870
08/04/2010	0.000	7.171	9.562	15.729	11.120
09/04/2010	0.000	7.304	10.062	16.271	11.060
10/04/2010	1.908	7.277	10.125	16.292	14.360
11/04/2010	0.000	7.839	9.208	16.354	15.240
12/04/2010	16.470	8.548	9.979	17.812	16.470
13/04/2010	15.273	6.775	9.750	15.417	15.800
14/04/2010	21.966	8.010	10.292	17.375	24.190
15/04/2010	18.958	7.614	9.375	16.229	17.450
16/04/2010	0.000	7.570	9.438	16.229	12.530
17/04/2010	0.000	8.567	9.667	17.688	12.880
18/04/2010	1.886	9.154	8.604	17.750	14.100
19/04/2010	30.584	4.870	9.312	12.812	44.250
20/04/2010	3.704	8.677	8.062	16.792	16.110
21/04/2010	0.000	10.325	8.938	19.562	8.097
22/04/2010	2.093	7.518	10.750	17.188	10.490
23/04/2010	0.000	7.927	8.729	16.292	9.479
24/04/2010	0.000	6.086	9.438	14.438	10.420
25/04/2010	0.000	7.588	10.104	16.854	12.530
26/04/2010	0.000	6.643	10.688	16.104	11.580
27/04/2010	8.047	7.804	9.938	17.042	11.460
28/04/2010	20.714	6.194	9.771	14.875	21.280
29/04/2010	15.002	7.095	9.438	15.792	24.350
30/04/2010	8.417	6.265	10.521	15.562	14.160
01/05/2010	0.000	6.888	10.188	16.104	11.270
02/05/2010	2.129	8.942	9.896	18.583	26.940
03/05/2010	42.301	6.351	10.688	15.833	15.970
04/05/2010	6.066	7.363	10.375	16.896	14.690
05/05/2010	0.000	7.288	10.688	17.042	11.500
06/05/2010	0.000	6.820	10.125	16.042	18.080
07/05/2010	0.000	6.426	10.083	15.521	12.410
08/05/2010	0.000	6.812	10.521	16.354	16.230
09/05/2010	0.000	5.969	10.208	15.062	12.880
10/05/2010	0.000	6.525	10.250	15.812	13.670
11/05/2010	7.717	5.624	10.250	14.688	22.380
12/05/2010	7.717	6.373	8.375	14.250	15.160
13/05/2010	0.000	6.145	9.438	14.750	11.930
14/05/2010	0.000	7.638	9.354	16.688	11.620
15/05/2010	0.000	8.615	9.375	18.042	10.690
16/05/2010	0.000	7.439	10.271	17.104	10.030
17/05/2010	0.000	8.039	10.271	17.917	9.012
18/05/2010	1.741	7.238	10.938	17.354	9.086
19/05/2010	0.000	7.237	10.000	16.688	8.716
20/05/2010	0.000	8.002	10.125	17.812	8.272
21/05/2010	23.178	7.213	10.438	17.000	12.650
22/05/2010	27.630	6.050	10.688	15.688	34.950
23/05/2010	1.251	7.398	10.812	17.542	13.470
24/05/2010	0.000	7.362	11.542	18.042	12.880
25/05/2010	0.000	9.009	11.042	19.875	11.190
26/05/2010	6.327	5.114	11.083	14.875	11.170
27/05/2010	10.444	6.038	10.396	15.500	13.420
28/05/2010	0.000	7.799	9.333	17.104	9.916
29/05/2010	0.000	8.498	10.375	18.792	10.590
30/05/2010	16.648	6.729	11.625	17.354	16.740
31/05/2010	28.582	5.970	10.625	15.625	12.170
01/06/2010	31.665	7.280	10.417	17.208	14.420
02/06/2010	4.098	6.286	9.417	15.146	12.290
03/06/2010	12.063	4.563	9.438	12.917	18.080
04/06/2010	0.000	6.320	8.104	14.250	13.360
05/06/2010	0.000	5.897	9.500	14.708	14.420
06/06/2010	8.733	6.037	8.875	14.438	14.650
07/06/2010	0.000	7.694	8.625	16.583	14.630
08/06/2010	0.000	6.141	9.000	14.688	12.650
09/06/2010	0.000	4.943	9.917	13.812	23.650
10/06/2010	0.000	5.804	8.542	13.896	16.500
11/06/2010	0.000	5.785	7.646	13.208	15.300
12/06/2010	0.000	5.592	8.146	13.312	24.460
13/06/2010	0.000	7.675	7.458	15.812	15.050
14/06/2010	0.000	7.645	8.104	16.208	15.160
15/06/2010	0.000	6.577	8.979	15.312	13.280
16/06/2010	0.000	5.596	9.354	14.250	11.270
17/06/2010	4.281	7.055	9.292	16.208	18.890
18/06/2010	0.000	6.334	9.542	15.396	12.880
19/06/2010	0.000	6.248	10.083	15.688	15.300
20/06/2010	75.646	4.362	10.000	13.188	22.930
21/06/2010	0.000	7.441	9.042	16.583	15.240
22/06/2010	0.000	6.468	9.167	15.312	11.620
23/06/2010	0.000	7.493	8.208	16.083	10.210
24/06/2010	0.000	7.420	8.542	16.208	9.456
25/06/2010	0.000	6.706	9.000	15.521	9.308
26/06/2010	0.000	6.023	8.479	14.188	14.980
27/06/2010	0.000	5.777	9.188	14.375	15.970
28/06/2010	0.000	7.232	8.125	15.646	12.290
29/06/2010	0.000	6.614	8.583	15.083	16.270
30/06/2010	0.000	7.593	7.833	15.958	17.810
01/07/2010	0.000	7.070	9.125	16.104	15.050
02/07/2010	0.000	6.309	9.125	15.042	13.360
03/07/2010	0.000	6.973	8.625	15.604	11.210
04/07/2010	31.844	4.785	9.500	13.292	11.270
05/07/2010	1.046	7.227	9.021	16.229	11.700
06/07/2010	19.141	7.155	10.542	17.208	10.780
07/07/2010	7.600	6.218	10.083	15.604	12.410
08/07/2010	0.000	5.858	10.062	15.104	11.580
09/07/2010	24.538	6.763	10.208	16.417	14.450
10/07/2010	0.000	7.198	9.396	16.417	11.270
11/07/2010	11.522	6.317	9.521	15.292	12.760
12/07/2010	0.000	7.324	8.729	16.104	17.290
13/07/2010	9.352	7.335	9.521	16.667	14.810
14/07/2010	24.033	6.752	9.688	15.979	14.810
15/07/2010	4.465	6.452	8.979	15.042	13.120
16/07/2010	18.214	5.466	9.312	13.958	33.810
17/07/2010	18.440	5.392	8.667	13.354	26.700
18/07/2010	0.000	5.343	9.083	13.604	23.310
19/07/2010	0.000	7.056	7.854	15.042	15.160
20/07/2010	0.000	6.955	7.417	14.583	11.700
21/07/2010	0.000	8.178	7.938	16.667	10.110
22/07/2010	0.000	8.321	6.792	16.104	9.626
23/07/2010	0.000	5.843	7.792	13.250	9.456
24/07/2010	0.000	5.569	8.604	13.479	12.580
25/07/2010	0.000	6.948	8.354	15.167	15.970
26/07/2010	0.000	5.566	8.771	13.583	37.640
27/07/2010	0.000	5.478	8.229	13.042	48.020
28/07/2010	0.000	6.887	7.938	14.750	17.550
29/07/2010	0.000	6.205	8.792	14.417	12.410
30/07/2010	0.000	7.705	8.292	16.104	10.980
31/07/2010	0.000	7.628	9.396	16.750	10.690
01/08/2010	0.000	7.080	8.583	15.417	10.590
02/08/2010	52.432	6.723	8.958	15.188	30.380
03/08/2010	5.594	5.796	8.896	13.896	28.630
04/08/2010	0.000	6.757	7.771	14.354	16.810
05/08/2010	0.000	6.427	7.521	13.708	21.190
06/08/2010	0.000	5.972	7.542	13.083	17.450
07/08/2010	0.000	7.301	6.979	14.521	13.240
08/08/2010	0.000	6.803	8.458	14.854	12.170
09/08/2010	0.000	8.565	7.083	16.333	11.580
10/08/2010	0.000	5.620	8.396	13.208	11.070
11/08/2010	0.000	5.533	8.396	13.083	12.760
12/08/2010	0.000	6.919	7.792	14.479	13.500
13/08/2010	0.000	5.845	8.792	13.771	16.710
14/08/2010	0.000	4.576	7.708	11.292	14.050
15/08/2010	0.000	6.705	7.958	14.271	10.690
16/08/2010	0.000	9.155	5.604	16.104	9.456
17/08/2010	0.000	8.545	6.792	15.979	9.160
18/08/2010	0.000	7.761	7.542	15.375	9.649
19/08/2010	0.000	8.343	8.083	16.521	9.160
20/08/2010	0.000	8.078	8.083	16.146	9.086
21/08/2010	0.000	6.359	6.771	12.875	9.479
22/08/2010	0.000	7.046	8.083	14.729	9.160
23/08/2010	0.000	8.658	7.146	16.271	8.494
24/08/2010	0.000	8.474	8.083	16.625	8.420
25/08/2010	0.000	7.731	9.354	16.500	8.568
26/08/2010	0.000	6.876	9.521	15.500	8.124
27/08/2010	0.000	7.788	8.208	15.750	8.272
28/08/2010	0.000	6.752	9.396	15.229	9.160
29/08/2010	0.000	6.941	9.417	15.479	10.380
30/08/2010	0.000	8.225	9.083	16.896	38.410
31/08/2010	29.909	7.268	9.271	15.771	9.916
01/09/2010	0.000	8.868	8.854	17.562	9.382
02/09/2010	24.805	5.970	9.292	14.125	16.110
03/09/2010	4.169	6.840	8.771	14.833	11.740
04/09/2010	4.066	8.731	9.229	17.604	10.300
05/09/2010	0.000	8.921	7.458	16.667	9.819
06/09/2010	16.914	5.885	8.292	13.229	19.040
07/09/2010	0.584	6.143	8.167	13.458	15.160
08/09/2010	2.548	7.236	8.104	14.833	14.930
09/09/2010	0.000	9.245	7.354	17.000	10.880
10/09/2010	0.000	10.081	6.708	17.708	8.568
11/09/2010	0.888	9.238	7.521	17.083	8.790
12/09/2010	0.000	9.206	7.854	17.250	8.420
13/09/2010	0.000	9.738	8.125	18.125	8.124
14/09/2010	0.000	8.281	8.604	16.521	8.494
15/09/2010	9.901	6.566	8.604	14.292	8.346
16/09/2010	2.830	9.191	7.979	17.292	8.124
17/09/2010	0.000	9.738	7.667	17.812	7.828
18/09/2010	0.000	8.989	7.250	16.542	7.606
19/09/2010	0.000	7.741	8.417	15.667	7.754
20/09/2010	0.000	7.093	7.646	14.271	7.680
21/09/2010	0.000	7.854	8.833	16.104	7.680
22/09/2010	0.000	8.966	8.354	17.229	7.680
23/09/2010	7.622	6.351	9.208	14.458	8.420
24/09/2010	15.780	8.848	8.771	17.354	8.272
25/09/2010	1.088	7.767	8.938	16.062	9.768
26/09/2010	0.000	8.134	8.271	16.083	9.723
27/09/2010	11.036	9.270	8.500	17.729	10.230
28/09/2010	13.339	10.174	9.729	19.708	8.494
29/09/2010	3.131	8.922	10.333	18.521	13.960
30/09/2010	0.000	8.228	8.292	16.229	9.575
01/10/2010	0.000	10.730	7.917	19.292	8.346
02/10/2010	11.428	8.758	8.354	16.979	9.382
03/10/2010	0.386	9.666	9.167	18.708	9.086
04/10/2010	23.192	5.286	9.354	13.292	10.350
05/10/2010	0.000	8.444	8.812	16.896	10.110
06/10/2010	15.264	8.467	9.521	17.417	10.490
07/10/2010	0.000	9.856	8.771	18.729	8.716
08/10/2010	0.000	6.652	9.562	15.146	7.976
09/10/2010	0.000	6.578	8.729	14.438	8.420
10/10/2010	0.000	8.208	7.438	15.688	9.160
11/10/2010	2.753	6.843	7.979	14.250	8.124
12/10/2010	0.000	7.896	7.292	15.188	8.124
13/10/2010	0.000	8.225	8.042	16.146	7.976
14/10/2010	2.556	8.745	7.604	16.562	8.272
15/10/2010	6.312	8.202	8.333	16.333	8.124
16/10/2010	0.392	8.242	8.938	16.812	9.649
17/10/2010	0.313	7.548	8.917	15.896	16.030
18/10/2010	8.888	8.964	8.292	17.354	9.234
19/10/2010	19.215	7.601	8.875	15.958	11.270
20/10/2010	9.070	6.701	9.042	14.917	9.842
21/10/2010	0.000	7.989	8.917	16.521	8.938
22/10/2010	3.754	8.206	9.479	17.208	9.234
23/10/2010	0.000	8.898	9.167	17.917	9.012
24/10/2010	2.545	9.292	9.771	18.854	11.060
25/10/2010	27.795	7.425	9.833	16.479	11.070
26/10/2010	10.620	8.211	8.792	16.792	11.550
27/10/2010	0.000	8.074	10.021	17.479	9.456
28/10/2010	2.539	8.312	10.125	17.875	11.970
29/10/2010	17.835	7.807	10.208	17.292	10.690
30/10/2010	11.591	7.614	9.896	16.833	12.040
31/10/2010	23.182	8.885	9.729	18.396	10.300
01/11/2010	28.540	5.663	9.479	14.042	12.650
02/11/2010	3.169	8.580	9.229	17.688	10.400
03/11/2010	10.769	6.892	10.000	16.021	18.560
04/11/2010	2.976	8.897	9.792	18.521	9.575
05/11/2010	7.714	8.708	8.938	17.708	9.012
06/11/2010	40.632	5.728	10.354	14.854	9.160
07/11/2010	0.677	6.041	9.917	14.917	8.790
08/11/2010	3.342	8.345	8.729	17.125	8.938
09/11/2010	0.000	7.833	9.500	16.979	9.012
10/11/2010	5.553	8.527	8.688	17.375	10.210
11/11/2010	7.325	5.721	8.875	13.750	24.190
12/11/2010	9.668	6.391	8.312	14.229	15.480
13/11/2010	17.234	6.337	8.396	14.229	12.410
14/11/2010	25.191	6.606	9.312	15.271	14.130
15/11/2010	18.052	6.114	9.104	14.479	13.980
16/11/2010	5.990	7.445	9.479	16.542	14.540
17/11/2010	32.550	5.920	9.167	14.292	14.630
18/11/2010	0.000	6.966	8.896	15.500	13.390
19/11/2010	21.798	7.974	9.417	17.250	15.360
20/11/2010	0.903	8.761	8.188	17.521	11.930
21/11/2010	29.421	6.769	8.667	15.104	14.570
22/11/2010	0.000	8.499	7.396	16.667	22.490
23/11/2010	0.000	6.836	9.292	15.667	15.570
24/11/2010	1.537	7.758	9.479	17.062	18.900
25/11/2010	4.951	8.124	8.729	17.062	13.450
26/11/2010	0.000	7.451	9.125	16.417	17.130
27/11/2010	0.000	6.146	9.479	14.917	12.410
28/11/2010	6.721	7.114	9.042	15.917	13.590
29/11/2010	0.000	8.420	9.104	17.771	11.930
30/11/2010	13.399	6.658	9.104	15.354	11.170
01/12/2010	0.000	7.571	10.188	17.375	9.456
02/12/2010	10.398	5.911	9.896	14.958	11.270
03/12/2010	8.510	6.599	9.188	15.354	11.270
04/12/2010	33.340	6.622	9.562	15.667	11.930
05/12/2010	12.725	5.932	8.875	14.229	12.020
06/12/2010	0.000	8.398	7.354	16.646	11.120
07/12/2010	0.000	7.992	7.875	16.417	9.456
08/12/2010	0.000	6.980	8.938	15.729	10.210
09/12/2010	0.000	7.781	8.396	16.479	9.456
10/12/2010	0.000	8.699	8.917	18.125	9.479
11/12/2010	0.000	7.476	10.042	17.208	9.012
12/12/2010	0.000	7.420	9.792	16.958	8.568
13/12/2010	0.000	7.604	10.167	17.479	8.864
14/12/2010	10.884	8.669	9.458	18.458	8.272
15/12/2010	32.409	5.296	9.417	13.833	9.992
16/12/2010	22.112	7.333	8.312	15.812	12.220
17/12/2010	10.577	7.163	8.625	15.792	9.716
18/12/2010	10.895	5.602	9.083	13.979	9.723
19/12/2010	9.120	8.256	7.333	16.479	9.234
20/12/2010	6.526	7.628	8.917	16.646	10.490
21/12/2010	0.000	7.590	8.146	16.062	19.340
22/12/2010	0.000	6.105	8.562	14.271	11.460
23/12/2010	0.000	6.548	8.438	14.792	9.723
24/12/2010	0.000	7.086	8.312	15.458	9.552
25/12/2010	0.000	7.343	8.062	15.646	9.813
26/12/2010	20.586	5.004	8.958	13.083	9.160
27/12/2010	0.000	7.731	7.938	16.104	9.160
28/12/2010	0.000	7.034	8.438	15.458	9.086
29/12/2010	0.000	7.816	9.125	17.021	9.160
30/12/2010	0.000	7.470	9.042	16.479	9.160
31/12/2010	0.000	7.990	9.521	17.521	8.864
01/01/2011	0.000	8.046	9.417	17.521	8.050
02/01/2011	0.000	9.230	8.417	18.500	7.902
03/01/2011	6.317	6.287	9.167	14.917	8.272
04/01/2011	8.710	6.633	9.104	15.333	8.790
05/01/2011	0.000	8.714	8.396	17.729	8.346
06/01/2011	2.117	7.676	9.042	16.708	8.716
07/01/2011	14.678	7.020	8.333	15.292	8.494
08/01/2011	0.000	6.804	9.000	15.458	9.234
09/01/2011	18.650	5.097	9.417	13.500	15.840
10/01/2011	0.000	6.608	8.792	15.021	17.320
11/01/2011	0.000	7.639	8.833	16.458	10.690
12/01/2011	0.000	7.984	8.917	16.979	8.494
13/01/2011	0.699	8.280	7.917	16.708	9.086
14/01/2011	0.000	8.465	7.542	16.708	8.346
15/01/2011	2.728	9.406	7.146	17.771	7.976
16/01/2011	0.000	9.153	8.479	18.250	7.754
17/01/2011	1.966	6.681	10.708	16.458	7.976
18/01/2011	0.000	8.160	8.833	17.083	7.606
19/01/2011	0.000	8.185	9.354	17.458	7.680
20/01/2011	3.478	8.262	10.104	18.062	7.532
21/01/2011	0.000	7.991	9.417	17.208	7.458
22/01/2011	1.721	7.719	9.604	16.958	7.236
23/01/2011	0.000	9.011	8.417	17.896	7.828
24/01/2011	0.000	8.821	7.792	17.208	7.606
25/01/2011	0.000	9.330	7.729	17.854	7.310
26/01/2011	0.000	9.574	7.125	17.792	7.384
27/01/2011	3.148	8.543	8.396	17.167	7.384
28/01/2011	2.318	8.584	9.729	18.104	7.384
29/01/2011	8.846	7.689	9.188	16.521	7.458
30/01/2011	0.000	9.705	6.896	17.750	7.236
31/01/2011	0.000	7.757	8.500	16.104	7.236
01/02/2011	0.000	6.351	9.042	14.604	7.384
02/02/2011	0.000	7.139	9.042	15.625	7.236
03/02/2011	0.000	7.658	8.792	16.125	7.014
04/02/2011	0.000	8.572	8.917	17.417	7.088
05/02/2011	11.964	7.988	9.104	16.750	7.754
06/02/2011	3.183	7.782	9.042	16.417	9.488
07/02/2011	14.334	6.871	8.125	14.542	10.870
08/02/2011	0.000	6.973	8.854	15.188	11.070
09/02/2011	14.334	6.250	9.542	14.750	9.160
10/02/2011	0.000	7.359	9.146	15.875	8.494
11/02/2011	2.881	6.727	9.458	15.271	9.012
12/02/2011	2.492	6.364	9.479	14.812	9.916
13/02/2011	8.810	6.600	9.229	14.917	8.790
14/02/2011	9.391	9.064	8.188	17.417	8.568
15/02/2011	10.425	7.908	9.292	16.625	8.124
16/02/2011	9.802	5.768	9.812	14.292	8.642
17/02/2011	10.904	7.527	10.188	16.750	9.160
18/02/2011	3.548	9.312	8.354	17.792	8.716
19/02/2011	3.359	7.766	10.062	16.938	8.124
20/02/2011	6.401	9.033	9.792	18.354	8.050
21/02/2011	0.000	7.650	9.167	16.125	8.494
22/02/2011	0.000	7.227	8.021	14.750	8.050
23/02/2011	0.000	7.986	8.667	16.188	7.976
24/02/2011	12.232	6.100	9.979	14.750	9.681
25/02/2011	10.935	8.528	8.208	16.562	9.308
26/02/2011	6.402	9.102	8.188	17.292	8.568
27/02/2011	12.552	8.486	8.354	16.583	8.272
28/02/2011	0.000	8.963	9.271	17.812	8.716
01/03/2011	0.000	6.837	9.938	15.583	9.369
02/03/2011	0.000	8.052	9.604	16.854	9.012
03/03/2011	0.000	8.815	9.292	17.604	9.086
04/03/2011	0.000	8.660	9.500	17.542	8.198
05/03/2011	0.000	7.297	9.167	15.562	8.124
06/03/2011	0.000	6.539	9.417	14.792	10.060
07/03/2011	0.000	9.359	8.667	17.854	8.420
08/03/2011	5.174	7.634	9.354	16.104	12.010
09/03/2011	30.039	5.464	9.104	13.229	12.790
10/03/2011	16.691	8.698	8.667	16.979	10.590
11/03/2011	3.113	10.161	7.667	18.229	8.420
12/03/2011	0.000	8.587	9.167	17.167	8.272
13/03/2011	0.000	9.276	9.625	18.354	8.050
14/03/2011	0.000	8.788	9.104	17.375	7.606
15/03/2011	3.383	8.770	9.479	17.604	7.458
16/03/2011	0.000	8.449	9.438	17.167	7.532
17/03/2011	0.000	8.820	9.208	17.479	7.458
18/03/2011	0.000	7.732	9.688	16.438	7.236
19/03/2011	3.748	6.153	9.729	14.521	7.532
20/03/2011	35.302	6.258	9.125	14.188	7.846
21/03/2011	25.073	6.936	9.479	15.292	11.740
22/03/2011	11.303	8.681	9.375	17.417	10.880
23/03/2011	0.716	7.590	9.354	16.021	13.360
24/03/2011	0.000	7.811	9.167	16.167	13.390
25/03/2011	10.689	7.402	9.042	15.562	23.790
26/03/2011	0.000	6.266	8.854	14.000	29.010
27/03/2011	0.000	8.813	8.833	17.229	7.998
28/03/2011	0.000	6.805	9.000	14.792	10.880
29/03/2011	0.000	8.755	7.812	16.479	9.308
30/03/2011	0.000	6.845	8.667	14.604	8.864
31/03/2011	24.845	8.095	8.604	16.167	8.420
01/04/2011	2.629	8.782	8.292	16.854	8.198
02/04/2011	0.000	7.625	9.438	16.167	8.272
03/04/2011	13.574	8.981	8.625	17.354	8.346
04/04/2011	14.069	6.960	9.708	15.542	9.234
05/04/2011	0.000	7.795	9.542	16.479	10.400
06/04/2011	4.052	5.928	9.250	13.938	11.820
07/04/2011	17.560	6.727	9.312	14.979	40.710
08/04/2011	0.000	8.561	9.083	17.167	12.170
09/04/2011	23.570	6.285	9.000	14.208	13.000
10/04/2011	17.663	6.718	9.125	14.854	23.370
11/04/2011	0.000	7.254	9.750	16.000	15.770
12/04/2011	15.228	6.644	9.562	15.104	16.220
13/04/2011	0.000	7.401	9.438	15.979	18.870
14/04/2011	16.654	7.579	9.250	16.083	17.390
15/04/2011	10.765	4.660	9.188	12.438	23.100
16/04/2011	0.000	7.417	8.750	15.542	14.630
17/04/2011	10.228	7.021	9.125	15.312	13.000
18/04/2011	3.104	6.926	9.250	15.292	11.700
19/04/2011	28.778	7.583	7.875	15.188	22.500
20/04/2011	0.000	7.564	9.375	16.229	16.010
21/04/2011	0.000	7.444	9.688	16.312	24.920
22/04/2011	11.369	6.298	9.854	15.000	14.360
23/04/2011	3.564	6.910	8.875	15.062	14.690
24/04/2011	0.000	8.573	9.375	17.604	23.160
25/04/2011	11.205	7.208	9.312	15.792	16.370
26/04/2011	2.787	8.487	8.792	17.125	15.030
27/04/2011	6.997	6.786	8.250	14.500	11.270
28/04/2011	12.153	8.606	8.562	17.167	11.360
29/04/2011	8.908	9.361	9.875	19.062	12.450
30/04/2011	9.280	9.076	9.938	18.750	12.050
01/05/2011	1.701	7.278	10.500	16.833	12.170
02/05/2011	1.852	7.906	9.812	17.167	15.160
03/05/2011	0.000	4.186	9.896	12.625	50.570
04/05/2011	0.000	6.776	9.167	15.250	28.260
05/05/2011	0.000	7.312	8.938	15.812	15.160
06/05/2011	0.000	7.145	9.229	15.812	12.170
07/05/2011	0.000	6.275	10.062	15.312	12.260
08/05/2011	0.000	6.389	8.875	14.583	24.920
09/05/2011	0.000	7.989	9.125	16.917	17.280
10/05/2011	0.000	6.955	9.146	15.562	14.390
11/05/2011	0.000	7.207	9.875	16.438	11.310
12/05/2011	0.000	8.920	10.146	18.917	12.000
13/05/2011	51.630	3.702	11.250	13.354	14.100
14/05/2011	26.842	6.013	9.812	14.875	28.550
15/05/2011	1.193	7.523	10.312	17.229	8.673
16/05/2011	22.671	6.236	10.333	15.583	20.900
17/05/2011	17.295	8.468	9.188	17.750	14.540
18/05/2011	0.000	9.672	9.833	19.833	12.050
19/05/2011	20.318	6.009	9.875	14.979	10.980
20/05/2011	0.000	8.822	8.625	17.917	10.110
21/05/2011	24.637	7.789	9.438	17.062	9.626
22/05/2011	9.364	6.743	9.479	15.688	9.916
23/05/2011	25.602	7.423	9.188	16.417	40.510
24/05/2011	0.000	8.226	8.083	16.792	15.750
25/05/2011	0.000	8.187	9.438	17.667	12.530
26/05/2011	46.772	5.512	9.938	14.458	16.510
27/05/2011	0.000	7.323	9.042	16.229	33.140
28/05/2011	0.000	5.675	8.604	13.667	18.400
29/05/2011	0.000	5.309	8.854	13.375	69.300
30/05/2011	0.000	5.426	9.125	13.750	36.430
31/05/2011	0.000	7.091	8.688	15.708	18.080
01/06/2011	0.000	7.543	9.292	16.771	16.820
02/06/2011	0.000	5.703	10.375	15.104	17.390
03/06/2011	23.518	6.502	10.021	15.896	17.810
04/06/2011	27.111	3.572	10.896	13.021	15.300
05/06/2011	0.000	7.255	9.271	16.396	14.900
06/06/2011	0.000	9.411	8.333	18.812	12.650
07/06/2011	0.000	8.135	9.979	18.125	10.980
08/06/2011	1.226	7.086	10.083	16.771	10.300
09/06/2011	0.000	7.313	10.688	17.521	9.626
10/06/2011	0.000	7.358	10.042	17.125	10.350
11/06/2011	13.136	5.785	9.812	14.833	13.590
12/06/2011	0.000	5.909	10.000	15.146	14.500
13/06/2011	0.000	6.286	9.875	15.562	46.990
14/06/2011	0.000	5.181	9.292	13.646	72.340
15/06/2011	12.156	5.978	8.750	14.312	41.620
16/06/2011	24.618	6.986	8.104	15.271	16.740
17/06/2011	0.000	6.939	9.167	15.958	11.820
18/06/2011	1.067	5.128	9.792	13.979	11.600
19/06/2011	0.000	7.450	8.667	16.333	13.000
20/06/2011	0.000	8.283	8.479	17.396	35.220
21/06/2011	0.000	6.659	8.625	15.188	10.150
22/06/2011	0.000	6.653	9.042	15.479	8.568
23/06/2011	0.000	5.380	9.229	13.875	8.716
24/06/2011	0.000	6.653	8.667	15.208	34.740
25/06/2011	0.000	5.738	8.562	13.854	13.980
26/06/2011	0.000	5.445	8.875	13.688	12.450
27/06/2011	0.000	6.791	9.188	15.771	34.400
28/06/2011	0.000	8.351	7.771	17.021	12.880
29/06/2011	0.000	8.070	8.479	17.083	11.270
30/06/2011	53.558	6.532	10.000	16.000	15.170
01/07/2011	24.382	7.073	9.208	16.167	16.430
02/07/2011	0.000	6.330	9.396	15.271	12.050
03/07/2011	0.000	7.316	8.104	15.729	11.930
04/07/2011	0.000	6.932	8.771	15.646	9.723
05/07/2011	0.000	7.417	8.729	16.292	17.180
06/07/2011	0.000	5.852	8.792	14.146	52.680
07/07/2011	0.000	5.639	7.938	13.208	33.770
08/07/2011	0.000	6.985	7.542	14.833	16.700
09/07/2011	0.000	5.394	8.646	13.396	13.890
10/07/2011	0.000	5.522	8.729	13.625	20.880
11/07/2011	0.000	6.745	8.625	15.229	31.950
12/07/2011	0.000	7.303	9.333	16.500	20.420
13/07/2011	0.000	6.158	9.104	14.750	16.660
14/07/2011	0.000	7.773	8.292	16.417	15.160
15/07/2011	27.862	7.119	9.000	15.979	11.820
16/07/2011	27.389	7.104	9.396	16.229	14.630
17/07/2011	0.000	6.796	9.646	15.979	11.670
18/07/2011	0.000	6.885	8.417	15.208	15.560
19/07/2011	0.000	5.931	9.771	14.896	17.020
20/07/2011	0.000	6.503	9.062	15.125	13.180
21/07/2011	0.000	5.688	8.958	13.938	13.560
22/07/2011	0.000	7.212	8.667	15.792	12.050
23/07/2011	0.000	6.331	9.229	14.979	28.480
24/07/2011	0.000	6.822	9.104	15.542	63.350
25/07/2011	0.000	4.809	9.000	12.792	39.320
26/07/2011	0.000	7.093	8.292	15.312	23.160
27/07/2011	0.000	5.228	9.167	13.438	27.370
28/07/2011	1.070	6.854	8.854	15.354	21.680
29/07/2011	28.164	7.569	8.812	16.292	41.080
30/07/2011	22.053	5.982	9.750	14.833	20.980
31/07/2011	22.053	8.763	8.833	17.917	21.680
01/08/2011	9.758	8.105	9.146	17.208	17.010
02/08/2011	0.000	8.112	9.521	17.458	13.360
03/08/2011	0.000	6.985	8.833	15.438	11.820
04/08/2011	0.000	6.771	8.500	14.896	11.460
05/08/2011	0.000	7.077	9.396	15.938	11.170
06/08/2011	0.000	7.126	8.271	15.188	10.980
07/08/2011	0.000	6.995	7.271	14.292	10.780
08/08/2011	0.000	7.172	8.458	15.354	9.530
09/08/2011	0.969	5.632	8.771	13.521	9.308
10/08/2011	0.000	5.817	8.083	13.229	15.700
11/08/2011	0.000	6.968	8.146	14.812	12.650
12/08/2011	0.000	7.704	7.521	15.375	10.490
13/08/2011	0.000	7.238	7.542	14.729	9.382
14/08/2011	0.000	7.959	7.479	15.667	8.568
15/08/2011	0.000	7.525	8.396	15.688	9.012
16/08/2011	0.000	8.487	8.188	16.833	8.864
17/08/2011	0.000	8.661	7.667	16.708	8.346
18/08/2011	8.525	9.382	8.521	18.229	10.980
19/08/2011	0.000	9.231	8.250	17.833	9.308
20/08/2011	1.326	9.088	9.417	18.396	9.086
21/08/2011	0.000	9.266	8.708	18.146	10.200
22/08/2011	2.423	7.446	8.208	15.354	13.240
23/08/2011	3.817	7.807	8.250	15.854	10.400
24/08/2011	0.000	7.056	7.833	14.542	9.710
25/08/2011	0.000	8.664	7.208	16.292	8.124
26/08/2011	32.420	7.455	9.208	16.021	7.680
27/08/2011	0.000	7.717	7.771	15.354	6.903
28/08/2011	0.000	8.882	7.583	16.792	9.910
29/08/2011	1.711	6.506	8.958	14.583	11.070
30/08/2011	0.000	8.578	7.958	16.604	10.210
31/08/2011	0.000	5.219	9.667	13.521	8.790
01/09/2011	7.664	6.597	7.146	13.354	10.360
02/09/2011	0.000	8.585	5.333	14.875	13.120
03/09/2011	0.000	5.315	8.229	12.479	9.160
04/09/2011	0.000	7.081	7.292	14.083	10.300
05/09/2011	0.000	8.306	7.354	15.771	11.460
06/09/2011	0.000	6.875	8.396	14.583	9.086
07/09/2011	0.000	7.242	8.521	15.146	10.490
08/09/2011	0.000	8.942	8.625	17.438	11.410
09/09/2011	34.370	7.728	8.917	16.042	11.950
10/09/2011	0.000	7.846	8.042	15.583	12.880
11/09/2011	31.693	6.763	9.146	14.958	22.170
12/09/2011	4.678	6.004	8.104	13.208	27.940
13/09/2011	0.000	8.534	7.042	15.812	17.410
14/09/2011	0.000	7.912	7.583	15.333	11.710
15/09/2011	2.875	8.460	6.667	15.458	9.382
16/09/2011	0.000	9.329	7.729	17.312	9.620
17/09/2011	0.000	8.642	8.542	16.938	8.716
18/09/2011	0.000	8.509	7.625	16.146	8.864
19/09/2011	0.000	7.134	8.792	15.146	8.568
20/09/2011	0.687	8.901	8.229	17.062	8.568
21/09/2011	20.539	6.667	8.188	14.104	8.272
22/09/2011	0.000	9.347	8.354	17.729	9.308
23/09/2011	0.000	8.607	8.958	17.167	9.427
24/09/2011	0.000	7.376	10.208	16.479	8.716
25/09/2011	0.000	7.181	9.229	15.521	13.410
26/09/2011	2.051	7.164	9.083	15.396	22.520
27/09/2011	0.000	7.648	9.000	15.958	9.916
28/09/2011	8.586	6.302	8.729	14.042	10.210
29/09/2011	0.000	8.982	7.417	16.646	9.086
30/09/2011	0.000	8.781	8.229	16.917	8.864
01/10/2011	0.000	8.178	8.167	16.083	10.590
02/10/2011	3.715	7.742	9.042	16.125	13.710
03/10/2011	0.000	8.034	8.792	16.333	10.210
04/10/2011	2.397	6.001	9.500	14.271	10.690
05/10/2011	31.991	7.892	9.604	16.729	10.710
06/10/2011	28.522	5.866	9.729	14.292	14.020
07/10/2011	4.852	8.747	9.896	18.042	13.050
08/10/2011	1.136	7.035	9.812	15.812	11.180
09/10/2011	0.000	9.278	9.042	18.167	10.210
10/10/2011	1.762	8.904	9.104	17.729	16.740
11/10/2011	12.904	9.438	8.979	18.354	10.490
12/10/2011	27.632	7.844	9.354	16.542	11.930
13/10/2011	0.000	9.175	10.083	18.771	9.086
14/10/2011	0.000	7.680	10.062	16.854	8.716
15/10/2011	15.291	8.586	10.000	17.979	10.610
16/10/2011	16.182	8.270	9.458	17.208	9.746
17/10/2011	8.480	8.062	9.562	17.021	9.308
18/10/2011	7.799	8.670	8.562	17.146	8.272
19/10/2011	0.000	9.797	8.938	18.896	7.902
20/10/2011	0.000	8.950	8.938	17.792	7.828
21/10/2011	13.024	9.511	8.354	18.167	7.532
22/10/2011	0.000	9.270	8.729	18.104	7.236
23/10/2011	2.390	8.385	8.292	16.646	7.310
24/10/2011	12.154	8.025	8.854	16.562	7.606
25/10/2011	0.000	9.535	7.917	17.979	7.976
26/10/2011	0.000	7.789	9.354	16.625	10.050
27/10/2011	9.129	8.296	8.479	16.708	7.902
28/10/2011	9.129	7.256	8.104	15.062	7.828
29/10/2011	0.000	7.834	7.854	15.688	9.382
30/10/2011	6.401	6.813	8.750	14.958	10.490
31/10/2011	0.000	9.127	8.042	17.604	9.819
01/11/2011	0.000	9.464	7.062	17.458	8.568
02/11/2011	0.000	9.436	7.062	17.438	7.606
03/11/2011	3.711	8.203	8.604	16.771	7.310
04/11/2011	7.303	7.641	9.604	16.729	7.384
05/11/2011	7.834	9.552	7.812	18.125	7.458
06/11/2011	3.650	6.922	9.667	15.854	8.198
07/11/2011	2.386	8.895	9.292	18.229	7.458
08/11/2011	0.000	6.804	9.333	15.479	8.420
09/11/2011	6.719	8.162	9.917	17.708	9.819
10/11/2011	26.622	9.111	9.500	18.708	10.390
11/11/2011	17.293	8.631	9.167	17.854	11.070
12/11/2011	38.523	6.292	9.167	14.729	4.995
13/11/2011	5.268	7.792	8.750	16.458	23.460
14/11/2011	0.000	8.486	8.771	17.438	7.989
15/11/2011	8.587	9.132	7.896	17.771	9.916
16/11/2011	8.672	8.162	9.104	17.250	9.012
17/11/2011	8.015	7.894	8.125	16.229	10.010
18/11/2011	0.000	8.714	8.396	17.562	10.010
19/11/2011	9.865	8.865	8.500	17.854	14.220
20/11/2011	10.458	7.380	9.125	16.250	9.308
21/11/2011	4.229	7.870	8.708	16.646	9.575
22/11/2011	0.000	8.512	8.854	17.646	9.382
23/11/2011	0.000	7.644	8.583	16.271	9.597
24/11/2011	45.355	6.645	8.688	14.979	25.720
25/11/2011	0.000	8.362	9.167	17.688	14.360
26/11/2011	2.084	8.534	9.292	18.021	11.720
27/11/2011	0.000	7.729	8.979	16.708	12.260
28/11/2011	29.178	8.880	9.042	18.354	12.650
29/11/2011	18.876	6.911	9.417	15.917	11.410
30/11/2011	0.000	7.029	9.417	16.083	10.980
01/12/2011	0.000	6.109	10.167	15.417	11.500
02/12/2011	0.000	6.222	9.042	14.729	18.170
03/12/2011	0.000	7.245	9.083	16.167	15.430
04/12/2011	111.384	6.402	9.792	15.542	15.800
05/12/2011	35.063	7.189	9.083	16.104	25.030
06/12/2011	0.000	7.489	9.375	16.729	25.140
07/12/2011	0.000	5.995	9.354	14.688	23.310
08/12/2011	6.822	6.764	9.438	15.792	20.880
09/12/2011	0.000	8.312	8.521	17.312	17.450
10/12/2011	0.000	9.018	8.875	18.542	13.620
11/12/2011	0.000	7.739	8.833	16.729	11.310
12/12/2011	42.064	7.043	9.229	16.042	13.000
13/12/2011	0.000	6.654	9.729	15.875	11.070
14/12/2011	0.000	5.808	9.979	14.938	12.290
15/12/2011	0.000	6.207	9.917	15.417	11.700
16/12/2011	0.000	6.224	9.438	15.083	11.170
17/12/2011	0.000	8.125	9.729	17.896	12.650
18/12/2011	0.000	7.236	9.979	16.854	12.050
19/12/2011	0.000	4.895	9.750	13.583	13.240
20/12/2011	0.000	6.020	9.250	14.667	11.500
21/12/2011	0.000	6.251	9.417	15.104	9.723
22/12/2011	0.000	7.549	7.958	15.875	8.790
23/12/2011	0.000	8.600	6.667	16.542	9.450
24/12/2011	0.000	6.971	9.625	16.229	10.300
25/12/2011	0.000	7.580	8.333	16.167	9.723
26/12/2011	0.000	7.262	8.625	15.917	8.642
27/12/2011	0.000	7.197	8.583	15.792	8.494
28/12/2011	0.000	8.069	8.625	17.042	9.761
29/12/2011	0.000	7.399	8.521	16.021	10.300
30/12/2011	0.000	7.775	9.062	16.917	8.790
31/12/2011	0.000	8.518	9.333	18.125	8.568
01/01/2012	0.000	7.924	8.750	16.896	7.680
02/01/2012	0.000	8.580	8.979	17.958	7.680
03/01/2012	19.598	7.392	10.208	17.167	8.124
04/01/2012	38.617	7.804	9.604	17.292	9.012
05/01/2012	0.000	5.781	9.854	14.750	9.308
06/01/2012	14.578	6.812	9.479	15.833	12.530
07/01/2012	0.000	7.396	9.250	16.458	10.490
08/01/2012	0.000	5.987	10.104	15.188	10.010
09/01/2012	22.586	7.755	9.917	17.396	13.360
10/01/2012	0.000	8.838	8.375	17.833	9.887
11/01/2012	0.000	7.953	10.104	17.771	8.346
12/01/2012	10.743	6.723	9.917	15.979	8.124
13/01/2012	14.906	6.525	9.833	15.646	8.642
14/01/2012	0.000	7.030	9.354	15.958	7.680
15/01/2012	1.221	7.209	8.854	15.833	7.680
16/01/2012	0.884	6.819	8.479	15.021	7.902
17/01/2012	0.000	7.689	8.417	16.167	7.532
18/01/2012	20.497	7.423	9.292	16.396	12.170
19/01/2012	19.861	7.319	8.979	16.021	14.340
20/01/2012	25.685	6.353	9.792	15.312	13.360
21/01/2012	2.505	6.049	9.146	14.417	14.890
22/01/2012	0.000	6.095	9.604	14.812	10.400
23/01/2012	8.626	7.036	8.979	15.583	10.110
24/01/2012	0.000	7.133	9.104	15.792	9.672
25/01/2012	0.000	9.258	8.979	18.562	15.160
26/01/2012	0.000	7.698	9.104	16.521	11.550
27/01/2012	0.000	7.598	9.229	16.458	9.308
28/01/2012	0.000	8.047	8.833	16.771	18.710
29/01/2012	0.000	7.469	9.250	16.271	11.440
30/01/2012	0.000	6.900	9.104	15.396	9.234
31/01/2012	0.000	6.799	9.104	15.250	8.864
01/02/2012	0.000	7.303	9.271	16.021	8.938
02/02/2012	0.000	7.620	9.375	16.500	8.716
03/02/2012	0.000	7.443	8.458	15.604	8.568
04/02/2012	0.000	7.266	9.458	16.062	9.012
05/02/2012	0.000	6.178	8.854	14.188	10.110
06/02/2012	0.000	4.888	9.667	13.208	17.420
07/02/2012	0.000	7.500	8.438	15.604	14.100
08/02/2012	41.746	4.400	8.833	11.938	24.630
09/02/2012	0.000	7.653	6.812	14.667	16.060
10/02/2012	0.000	8.301	7.500	16.000	13.390
11/02/2012	17.521	7.706	9.583	16.625	12.650
12/02/2012	9.485	8.388	9.042	17.125	11.720
13/02/2012	0.000	9.059	9.396	18.229	9.961
14/02/2012	0.000	8.685	9.125	17.542	9.086
15/02/2012	0.000	8.642	8.708	17.188	8.420
16/02/2012	0.000	7.947	9.417	16.750	7.902
17/02/2012	0.000	7.598	9.104	16.062	8.716
18/02/2012	0.000	8.190	8.000	16.062	7.902
19/02/2012	0.000	6.780	8.500	14.542	7.680
20/02/2012	0.000	6.854	8.583	14.688	7.532
21/02/2012	0.000	8.112	7.875	15.833	7.384
22/02/2012	4.953	5.876	8.333	13.229	7.458
23/02/2012	0.000	6.933	7.229	13.792	7.384
24/02/2012	0.000	7.641	7.896	15.188	7.384
25/02/2012	12.288	6.510	8.542	14.167	7.828
26/02/2012	13.814	7.647	9.042	15.979	8.050
27/02/2012	0.000	7.692	8.917	15.938	7.384
28/02/2012	0.000	6.577	7.750	13.646	7.088
29/02/2012	17.757	8.242	8.792	16.542	10.570
01/03/2012	19.240	7.483	9.417	16.000	11.070
02/03/2012	0.000	5.616	7.812	12.438	9.456
03/03/2012	1.236	4.876	8.854	12.354	10.270
04/03/2012	6.102	7.412	8.292	15.083	15.160
05/03/2012	0.000	6.551	8.896	14.417	12.360
06/03/2012	0.000	7.032	8.729	14.896	9.234
07/03/2012	0.000	7.803	7.917	15.312	9.080
08/03/2012	0.000	6.226	8.292	13.542	7.828
09/03/2012	13.526	5.118	8.292	12.167	7.976
10/03/2012	12.662	5.400	8.042	12.312	9.234
11/03/2012	0.505	6.677	8.292	14.104	29.630
12/03/2012	0.000	5.874	8.479	13.229	18.890
13/03/2012	22.630	7.353	8.604	15.188	11.780
14/03/2012	0.000	5.903	8.354	13.167	9.308
15/03/2012	0.000	7.398	8.354	15.062	8.790
16/03/2012	2.322	6.521	8.521	14.062	13.010
17/03/2012	0.402	7.374	8.167	14.896	14.630
18/03/2012	4.098	8.760	8.125	16.667	10.110
19/03/2012	13.821	6.430	9.229	14.479	11.070
20/03/2012	0.939	7.682	8.812	15.750	9.916
21/03/2012	2.026	7.505	9.042	15.688	14.230
22/03/2012	16.459	5.706	9.104	13.500	17.550
23/03/2012	0.000	7.736	8.917	15.896	11.780
24/03/2012	18.956	7.263	9.625	15.812	10.490
25/03/2012	3.347	8.243	9.354	16.854	16.740
26/03/2012	19.452	7.579	8.979	15.750	13.000
27/03/2012	8.339	8.068	9.062	16.438	12.650
28/03/2012	0.000	8.426	8.542	16.542	10.490
29/03/2012	0.000	7.543	8.792	15.583	9.086
30/03/2012	0.000	7.054	9.042	15.146	12.530
31/03/2012	0.000	6.956	8.688	14.771	21.680
01/04/2012	0.000	8.157	8.375	16.104	21.680
02/04/2012	0.000	7.436	8.188	15.042	19.700
03/04/2012	0.000	8.007	7.729	15.479	12.650
04/04/2012	0.000	7.358	8.688	15.312	9.916
05/04/2012	26.431	8.225	8.562	16.354	9.382
06/04/2012	0.000	8.103	8.688	16.292	14.930
07/04/2012	0.000	7.034	9.312	15.375	13.590
08/04/2012	9.590	8.094	9.750	17.042	12.650
09/04/2012	8.445	7.792	9.396	16.417	11.070
10/04/2012	16.891	7.835	10.125	17.000	12.760
11/04/2012	0.493	7.260	8.688	15.250	11.400
12/04/2012	29.990	5.391	9.458	13.500	10.880
13/04/2012	4.674	8.072	8.875	16.458	11.700
14/04/2012	6.503	8.012	9.000	16.479	15.560
15/04/2012	7.518	8.570	8.458	16.854	10.850
16/04/2012	10.908	6.579	9.688	15.167	14.390
17/04/2012	1.349	7.827	9.375	16.542	12.020
18/04/2012	17.726	6.217	9.375	14.500	21.990
19/04/2012	12.478	6.750	9.438	15.229	17.810
20/04/2012	6.858	7.684	8.958	16.104	15.160
21/04/2012	0.000	6.951	9.250	15.375	17.450
22/04/2012	16.892	6.878	9.250	15.292	15.160
23/04/2012	4.168	9.019	8.625	17.688	14.530
24/04/2012	2.252	7.805	8.375	15.917	12.760
25/04/2012	0.000	7.560	7.167	14.771	10.690
26/04/2012	0.000	6.608	8.292	14.292	10.730
27/04/2012	0.000	8.120	8.875	16.729	10.110
28/04/2012	16.898	7.419	8.667	15.667	10.420
29/04/2012	1.053	7.190	9.562	16.021	10.980
30/04/2012	0.000	7.452	9.500	16.333	11.040
01/05/2012	11.869	6.514	8.792	14.604	17.820
02/05/2012	8.014	6.565	8.167	14.229	13.680
03/05/2012	0.000	6.332	9.188	14.688	12.530
04/05/2012	0.000	8.110	7.854	16.146	10.300
05/05/2012	0.000	6.878	8.854	15.188	9.626
06/05/2012	0.000	7.468	8.625	15.833	10.300
07/05/2012	3.099	6.048	8.417	13.792	11.120
08/05/2012	1.771	6.816	7.979	14.521	10.690
09/05/2012	0.000	7.057	8.167	15.000	9.012
10/05/2012	0.000	8.197	7.354	16.042	8.864
11/05/2012	0.000	7.246	8.229	15.333	8.790
12/05/2012	0.000	7.336	8.979	16.000	8.938
13/05/2012	0.000	6.962	8.938	15.479	9.382
14/05/2012	8.479	6.495	9.062	14.958	9.916
15/05/2012	0.000	7.006	9.188	15.750	9.768
16/05/2012	6.478	6.922	8.979	15.500	9.330
17/05/2012	3.554	6.192	9.688	15.062	15.560
18/05/2012	0.000	8.548	8.375	17.354	9.575
19/05/2012	3.658	5.268	9.479	13.729	16.620
20/05/2012	7.422	7.673	9.188	16.729	15.160
21/05/2012	10.498	6.405	9.188	15.021	13.270
22/05/2012	0.000	5.638	10.062	14.688	13.000
23/05/2012	0.000	7.547	8.562	16.167	9.916
24/05/2012	0.000	6.143	9.167	14.688	10.200
25/05/2012	3.114	7.167	8.479	15.604	11.500
26/05/2012	0.000	6.588	8.479	14.812	10.300
27/05/2012	0.000	7.055	7.979	15.125	9.723
28/05/2012	0.000	5.931	8.854	14.208	11.070
29/05/2012	13.104	5.719	9.271	14.250	21.680
30/05/2012	0.000	6.368	8.667	14.688	15.320
31/05/2012	0.000	6.849	7.167	14.312	12.290
01/06/2012	0.574	5.575	8.479	13.479	15.300
02/06/2012	0.704	6.113	9.354	14.875	31.320
03/06/2012	8.264	6.452	8.625	14.812	15.480
04/06/2012	37.721	7.882	8.354	16.646	10.690
05/06/2012	0.000	6.762	9.938	16.208	9.456
06/06/2012	0.000	7.008	8.104	15.250	6.128
07/06/2012	0.000	4.253	10.042	13.062	8.790
08/06/2012	0.822	6.461	9.188	15.271	8.272
09/06/2012	0.000	5.528	8.604	13.562	21.280
10/06/2012	0.000	5.125	9.000	13.333	83.040
11/06/2012	0.000	5.755	9.062	14.229	42.780
12/06/2012	0.000	6.596	8.229	14.792	18.080
13/06/2012	0.000	6.735	8.271	15.021	15.480
14/06/2012	0.000	7.438	8.167	15.958	17.760
15/06/2012	0.000	7.080	8.271	15.521	16.110
16/06/2012	0.000	7.329	8.021	15.708	10.690
17/06/2012	0.000	7.615	8.146	16.208	10.970
18/06/2012	4.762	8.671	8.146	17.729	11.020
19/06/2012	0.000	8.179	9.167	17.708	9.723
20/06/2012	0.783	6.189	8.333	14.312	9.012
21/06/2012	0.000	6.517	9.104	15.333	10.400
22/06/2012	7.296	7.573	7.542	15.750	10.110
23/06/2012	37.280	5.183	7.708	12.438	8.716
24/06/2012	19.886	6.596	8.312	14.875	8.568
25/06/2012	1.659	6.002	7.583	13.500	8.790
26/06/2012	0.770	6.376	7.708	14.125	18.080
27/06/2012	0.000	6.136	7.146	13.375	15.480
28/06/2012	0.000	5.966	8.146	13.854	19.500
29/06/2012	0.000	6.141	7.896	13.917	13.620
30/06/2012	0.755	5.816	8.938	14.229	13.360
01/07/2012	0.000	4.848	9.000	12.979	20.100
02/07/2012	0.000	5.708	8.229	13.542	17.760
03/07/2012	0.000	7.266	7.729	15.396	14.360
04/07/2012	0.000	7.600	8.042	16.083	18.770
05/07/2012	0.000	6.292	8.812	14.771	17.810
06/07/2012	3.839	7.008	8.021	15.208	14.130
07/07/2012	0.000	7.232	8.562	15.896	10.400
08/07/2012	0.000	6.175	9.396	15.021	10.980
09/07/2012	34.108	7.253	8.667	15.979	9.472
10/07/2012	0.000	5.873	9.125	14.396	11.170
11/07/2012	0.000	5.169	9.375	13.646	12.450
12/07/2012	0.000	8.687	7.979	17.521	10.400
13/07/2012	0.000	6.331	8.562	14.583	9.723
14/07/2012	0.000	5.924	8.208	13.750	9.234
15/07/2012	0.000	5.276	8.125	12.792	9.205
16/07/2012	0.000	6.961	8.042	15.062	11.270
17/07/2012	0.000	5.848	8.917	14.146	10.880
18/07/2012	0.000	5.419	9.021	13.646	26.470
19/07/2012	0.000	4.272	8.479	11.729	24.100
20/07/2012	43.045	7.083	5.812	13.667	13.150
21/07/2012	0.000	7.468	6.396	14.604	9.916
22/07/2012	0.000	4.611	8.125	11.854	9.382
23/07/2012	0.000	5.574	8.458	13.375	12.880
24/07/2012	0.000	4.956	8.208	12.354	14.160
25/07/2012	0.000	6.332	7.792	13.896	13.000
26/07/2012	0.000	5.707	8.042	13.208	14.160
27/07/2012	0.000	5.554	8.188	13.104	10.880
28/07/2012	0.000	4.805	9.125	12.854	50.250
29/07/2012	9.599	6.013	8.479	13.917	24.100
30/07/2012	0.000	6.204	8.542	14.208	18.400
31/07/2012	0.000	5.943	7.854	13.333	18.890
01/08/2012	0.000	5.091	8.771	12.896	31.320
02/08/2012	0.000	7.918	6.667	15.250	14.930
03/08/2012	0.000	8.810	7.604	17.104	11.070
04/08/2012	0.000	7.132	8.854	15.625	9.234
05/08/2012	7.412	5.199	8.083	12.458	9.086
06/08/2012	0.000	7.834	6.917	15.229	9.723
07/08/2012	0.000	9.290	7.229	17.458	8.864
08/08/2012	0.000	8.884	7.583	17.104	8.420
09/08/2012	0.000	6.620	6.708	13.333	8.642
10/08/2012	3.358	5.608	8.021	12.896	31.100
11/08/2012	0.000	6.963	8.583	15.104	13.920
12/08/2012	0.000	8.131	8.583	16.667	10.490
13/08/2012	15.103	5.082	8.771	12.771	13.180
14/08/2012	12.258	6.780	8.458	14.729	19.840
15/08/2012	0.000	7.631	8.000	15.542	14.930
16/08/2012	0.000	6.864	8.771	15.042	10.490
17/08/2012	0.382	4.661	8.833	12.271	37.970
18/08/2012	6.316	6.907	8.667	15.000	19.500
19/08/2012	0.000	6.415	8.062	13.896	15.160
20/08/2012	0.000	8.698	6.042	15.646	10.880
21/08/2012	0.000	6.576	8.854	14.667	9.382
22/08/2012	0.000	7.065	7.979	14.667	8.790
23/08/2012	0.000	8.808	7.812	16.896	8.716
24/08/2012	0.000	9.185	7.333	17.083	8.198
25/08/2012	0.352	5.500	8.312	12.833	8.346
26/08/2012	5.284	6.174	8.250	13.646	60.120
27/08/2012	0.000	6.011	8.708	13.771	45.060
28/08/2012	8.185	6.273	8.438	13.896	17.550
29/08/2012	0.000	6.183	8.688	13.958	43.440
30/08/2012	0.000	4.934	8.458	12.208	20.590
31/08/2012	0.000	5.246	7.333	11.708	17.180
01/09/2012	0.000	5.165	6.854	11.229	12.650
02/09/2012	0.000	6.050	6.083	11.833	11.270
03/09/2012	0.000	6.057	7.083	12.562	23.310
04/09/2012	0.000	5.732	7.583	12.500	16.510
05/09/2012	0.000	6.867	7.979	14.271	16.650
06/09/2012	0.000	6.809	6.958	13.458	11.930
07/09/2012	0.000	9.097	7.229	16.729	10.110
08/09/2012	0.000	7.354	7.625	14.646	9.723
09/09/2012	0.000	7.088	7.604	14.271	9.819
10/09/2012	0.000	6.365	7.917	13.542	9.086
11/09/2012	0.000	6.455	7.104	13.062	9.626
12/09/2012	0.000	6.788	7.917	14.083	9.308
13/09/2012	0.000	5.529	7.729	12.312	9.530
14/09/2012	0.000	5.956	6.062	11.625	11.670
15/09/2012	0.000	7.800	6.896	14.708	9.382
16/09/2012	0.000	8.186	6.583	15.021	8.790
17/09/2012	3.961	6.997	7.729	14.208	8.420
18/09/2012	0.000	8.115	8.250	16.042	9.234
19/09/2012	0.000	10.062	6.354	17.417	8.568
20/09/2012	0.000	7.490	8.500	15.396	8.124
21/09/2012	4.790	8.136	9.208	16.729	8.272
22/09/2012	0.000	6.778	8.479	14.458	8.642
23/09/2012	0.000	6.960	7.979	14.333	8.790
24/09/2012	17.000	8.580	7.396	16.083	8.864
25/09/2012	0.000	7.494	8.667	15.521	8.716
26/09/2012	0.000	7.891	7.917	15.521	8.272
27/09/2012	0.000	7.766	7.792	15.271	9.813
28/09/2012	0.000	7.819	7.042	14.833	9.382
29/09/2012	1.208	7.906	7.875	15.521	8.346
30/09/2012	56.238	6.021	8.667	13.646	14.360
01/10/2012	0.000	6.582	7.542	13.542	11.320
02/10/2012	0.842	7.857	7.312	15.083	9.790
03/10/2012	3.846	9.289	6.833	16.708	8.864
04/10/2012	0.000	8.407	8.854	16.875	8.124
05/10/2012	15.368	7.695	9.479	16.396	8.272
06/10/2012	4.389	5.921	10.146	14.688	8.272
07/10/2012	20.205	7.207	9.688	15.938	9.369
08/10/2012	5.698	6.513	8.979	14.542	11.270
09/10/2012	0.000	8.306	8.292	16.396	10.400
10/10/2012	0.000	11.001	7.292	19.354	8.494
11/10/2012	1.328	8.748	8.229	16.958	7.828
12/10/2012	14.415	7.684	9.104	16.167	7.828
13/10/2012	10.767	8.178	8.792	16.604	9.086
14/10/2012	6.410	6.770	9.042	14.958	10.700
15/10/2012	7.208	8.377	8.833	16.917	9.739
16/10/2012	15.524	6.968	9.438	15.521	8.790
17/10/2012	0.000	6.544	9.896	15.333	8.790
18/10/2012	16.113	6.368	9.042	14.479	11.380
19/10/2012	17.926	6.855	9.396	15.375	20.740
20/10/2012	5.175	9.168	8.417	17.750	12.260
21/10/2012	13.829	8.222	8.812	16.771	8.790
22/10/2012	16.531	8.096	9.250	16.917	8.420
23/10/2012	0.000	8.966	8.729	17.729	8.198
24/10/2012	0.000	5.751	8.854	13.604	13.780
25/10/2012	0.000	7.821	7.604	15.458	13.450
26/10/2012	0.000	7.215	8.229	15.083	8.420
27/10/2012	0.000	8.005	7.625	15.750	7.902
28/10/2012	0.000	8.501	7.042	16.062	7.976
29/10/2012	0.000	9.383	7.229	17.417	7.606
30/10/2012	0.000	7.459	8.042	15.333	7.606
31/10/2012	0.000	7.589	8.667	15.958	8.272
01/11/2012	0.000	7.599	7.938	15.479	7.828
02/11/2012	3.009	8.408	7.562	16.354	7.754
03/11/2012	8.628	8.353	8.250	16.750	7.532
04/11/2012	5.966	7.733	8.667	16.208	7.754
05/11/2012	0.000	7.220	8.062	15.104	8.198
06/11/2012	0.000	6.890	8.062	14.667	8.050
07/11/2012	0.000	8.562	7.625	16.688	7.162
08/11/2012	5.410	8.021	8.438	16.500	7.088
09/11/2012	0.000	7.921	8.583	16.479	6.718
10/11/2012	10.793	9.298	7.312	17.562	6.940
11/11/2012	10.860	7.279	8.812	15.792	7.088
12/11/2012	5.073	7.741	8.333	16.104	6.940
13/11/2012	0.000	6.997	9.854	16.188	6.792
14/11/2012	12.677	7.149	9.354	16.042	13.980
15/11/2012	17.838	6.488	10.104	15.729	11.680
16/11/2012	0.000	9.223	9.979	19.292	10.970
17/11/2012	0.000	7.511	9.792	16.875	11.680
18/11/2012	0.000	6.760	9.062	15.354	10.490
19/11/2012	0.000	8.861	8.354	17.771	8.568
20/11/2012	30.397	7.551	10.104	17.188	7.754
21/11/2012	0.000	7.139	9.229	16.021	7.236
22/11/2012	0.000	6.999	9.625	16.125	7.162
23/11/2012	0.000	7.206	10.292	16.896	6.866
24/11/2012	0.000	7.861	9.979	17.562	7.014
25/11/2012	0.000	7.936	8.667	16.771	7.162
26/11/2012	0.000	6.030	8.938	14.354	6.718
27/11/2012	0.000	7.614	9.312	16.792	7.088
28/11/2012	0.000	7.074	9.021	15.854	7.088
29/11/2012	0.000	7.839	9.104	16.979	6.883
30/11/2012	3.722	7.491	8.917	16.375	7.532
01/12/2012	3.881	7.481	9.875	17.042	7.902
02/12/2012	3.709	7.475	9.875	17.042	7.088
03/12/2012	15.207	9.692	8.083	18.938	7.014
04/12/2012	7.603	7.034	9.208	15.979	6.513
05/12/2012	4.664	8.865	9.583	18.771	7.162
06/12/2012	0.000	8.584	9.125	18.083	7.088
07/12/2012	0.000	7.723	9.312	17.021	7.310
08/12/2012	13.039	6.553	9.312	15.417	7.236
09/12/2012	0.000	5.543	9.417	14.146	6.718
10/12/2012	0.000	7.191	7.354	14.938	6.513
11/12/2012	0.000	8.753	7.604	17.354	6.399
12/12/2012	0.000	7.666	8.333	16.292	6.285
13/12/2012	0.993	6.435	8.396	14.604	6.621
14/12/2012	0.000	6.537	9.146	15.292	6.644
15/12/2012	11.943	7.489	9.583	16.917	6.661
16/12/2012	7.896	7.585	8.521	16.312	6.644
17/12/2012	0.000	6.958	8.146	15.167	7.014
18/12/2012	0.000	7.130	8.333	15.542	7.310
19/12/2012	0.000	7.743	8.438	16.479	28.100
20/12/2012	0.000	7.817	7.542	15.979	8.983
21/12/2012	0.000	7.187	8.938	16.042	7.031
22/12/2012	0.000	7.071	8.250	15.396	8.790
23/12/2012	0.000	4.356	8.688	12.042	10.940
24/12/2012	23.636	7.023	7.729	14.958	10.110
25/12/2012	14.752	6.917	7.771	14.833	8.346
26/12/2012	19.661	7.672	8.521	16.417	11.530
27/12/2012	11.631	5.147	9.125	13.396	25.610
28/12/2012	0.000	7.294	8.312	15.729	11.070
29/12/2012	0.000	7.084	7.938	15.167	8.938
30/12/2012	0.000	7.648	7.500	15.667	7.902
31/12/2012	0.000	6.713	7.458	14.292	7.236
01/01/2013	0.000	7.008	8.021	15.104	6.866
02/01/2013	0.000	6.795	8.250	14.958	6.570
03/01/2013	0.000	6.753	8.604	15.146	6.399
04/01/2013	2.166	6.793	8.333	15.000	6.456
05/01/2013	0.000	6.689	8.458	14.938	6.342
06/01/2013	0.000	7.274	7.958	15.396	6.285
07/01/2013	0.000	7.685	7.667	15.771	5.886
08/01/2013	0.000	7.169	6.958	14.542	5.430
09/01/2013	0.000	7.147	7.021	14.542	5.386
10/01/2013	0.000	7.103	9.417	16.146	5.256
11/01/2013	0.000	7.620	8.417	16.146	5.386
12/01/2013	27.473	7.623	8.792	16.396	5.571
13/01/2013	9.951	7.288	9.896	16.708	5.886
14/01/2013	0.000	5.807	10.417	15.146	5.772
15/01/2013	0.000	8.014	8.604	16.771	5.343
16/01/2013	0.000	8.089	9.604	17.542	5.386
17/01/2013	0.000	6.467	10.438	15.979	5.715
18/01/2013	0.000	5.600	9.646	14.250	6.285
19/01/2013	0.000	7.864	7.521	15.771	5.886
20/01/2013	0.000	7.312	9.188	16.146	5.943
21/01/2013	0.000	7.334	10.042	16.771	5.487
22/01/2013	0.000	8.917	9.750	18.667	5.943
23/01/2013	0.000	8.199	9.479	17.500	5.886
24/01/2013	0.000	7.467	9.854	16.771	5.829
25/01/2013	13.285	8.709	10.417	18.792	5.943
26/01/2013	0.000	8.704	9.500	18.146	8.272
27/01/2013	0.000	8.112	8.896	16.917	7.606
28/01/2013	4.444	7.010	9.667	15.979	6.604
29/01/2013	0.000	9.114	7.729	17.479	5.943
30/01/2013	0.000	7.701	9.125	16.479	5.715
31/01/2013	0.000	7.541	8.979	16.146	5.715
01/02/2013	0.000	8.104	9.750	17.417	5.658
02/02/2013	6.984	6.720	8.396	14.604	6.507
03/02/2013	0.000	7.401	9.042	15.958	6.114
04/02/2013	2.457	9.221	8.896	18.271	6.000
05/02/2013	40.688	6.432	9.083	14.688	10.490
06/02/2013	7.434	8.288	9.062	17.104	8.494
07/02/2013	10.119	8.242	9.417	17.271	7.014
08/02/2013	7.434	7.841	9.979	17.125	6.900
09/02/2013	37.756	6.339	9.938	15.167	11.360
10/02/2013	8.158	7.244	9.354	15.875	8.642
11/02/2013	33.075	7.276	9.229	15.812	9.375
12/02/2013	0.000	6.192	9.104	14.312	10.970
13/02/2013	0.000	7.537	9.229	16.125	10.490
14/02/2013	0.000	8.212	8.604	16.562	9.575
15/02/2013	0.000	7.062	8.646	15.062	8.864
16/02/2013	0.000	6.867	8.583	14.750	7.384
17/02/2013	0.000	6.195	8.167	13.562	8.272
18/02/2013	0.000	6.304	9.417	14.625	22.970
19/02/2013	0.000	6.859	8.646	14.750	11.040
20/02/2013	0.000	6.501	9.167	14.667	8.642
21/02/2013	0.000	5.831	9.292	13.917	9.160
22/02/2013	0.000	7.185	9.146	15.500	8.642
23/02/2013	0.000	6.461	9.354	14.729	7.754
24/02/2013	0.000	5.854	8.312	13.167	8.642
25/02/2013	0.000	8.228	8.604	16.438	8.494
26/02/2013	0.000	7.066	8.979	15.188	7.532
27/02/2013	0.000	5.254	9.562	13.396	17.670
28/02/2013	1.252	6.777	9.667	15.312	7.754
01/03/2013	0.000	7.114	8.958	15.208	12.650
02/03/2013	0.000	6.455	9.438	14.729	15.160
03/03/2013	0.000	6.367	9.042	14.312	9.234
04/03/2013	21.086	4.369	9.271	12.125	10.300
05/03/2013	0.000	6.107	8.875	13.854	12.700
06/03/2013	0.000	7.640	9.354	16.125	8.790
07/03/2013	0.000	7.166	9.750	15.812	8.124
08/03/2013	18.973	7.525	9.167	15.833	8.420
09/03/2013	0.000	5.770	9.354	13.792	9.160
10/03/2013	1.717	7.084	8.021	14.438	13.270
11/03/2013	0.000	8.152	8.188	15.938	9.813
12/03/2013	0.000	8.108	8.667	16.208	10.270
13/03/2013	0.000	8.344	9.438	17.042	9.086
14/03/2013	0.000	8.060	10.042	17.104	15.200
15/03/2013	0.000	5.694	9.729	13.979	15.750
16/03/2013	2.821	7.112	8.083	14.500	11.780
17/03/2013	2.522	6.820	9.500	15.167	9.597
18/03/2013	5.850	7.484	9.167	15.750	11.270
19/03/2013	22.170	8.402	9.438	17.104	13.000
20/03/2013	20.380	8.297	10.604	17.792	16.740
21/03/2013	13.325	4.320	10.229	12.854	13.680
22/03/2013	17.782	7.308	9.812	16.000	9.819
23/03/2013	10.522	6.553	8.604	14.167	10.010
24/03/2013	4.821	9.008	7.938	16.875	9.546
25/03/2013	2.223	8.708	8.979	17.188	8.346
26/03/2013	13.070	5.796	9.729	14.104	8.494
27/03/2013	0.000	8.820	7.979	16.667	7.754
28/03/2013	9.554	6.840	8.917	14.771	7.162
29/03/2013	0.000	8.208	7.979	15.875	6.604
30/03/2013	0.000	6.653	8.604	14.312	6.792
31/03/2013	0.000	7.669	8.792	15.750	7.384
01/04/2013	3.362	5.349	9.604	13.500	8.494
02/04/2013	5.470	7.154	8.646	15.000	8.124
03/04/2013	0.743	7.673	8.729	15.729	8.494
04/04/2013	7.615	6.557	9.229	14.688	7.310
05/04/2013	0.000	7.831	8.771	15.979	6.940
06/04/2013	0.000	8.753	8.375	16.917	6.792
07/04/2013	0.000	6.832	9.750	15.438	6.570
08/04/2013	10.912	7.131	9.375	15.542	6.399
09/04/2013	0.000	7.435	9.000	15.667	6.399
10/04/2013	0.000	7.141	9.188	15.438	8.494
11/04/2013	0.283	8.902	8.500	17.250	7.680
12/04/2013	0.000	8.186	9.208	16.812	7.384
13/04/2013	4.183	8.373	10.250	17.792	7.088
14/04/2013	12.526	5.705	10.292	14.542	6.513
15/04/2013	0.000	5.364	9.792	13.750	6.718
16/04/2013	0.000	7.919	9.688	16.854	10.880
17/04/2013	4.218	8.236	9.292	17.000	9.530
18/04/2013	34.872	7.631	8.938	15.979	15.160
19/04/2013	11.889	5.881	9.188	13.938	12.910
20/04/2013	0.000	6.685	8.812	14.688	45.060
21/04/2013	0.000	7.672	8.562	15.812	16.740
22/04/2013	24.241	6.966	9.792	15.792	15.750
23/04/2013	2.453	6.622	8.875	14.688	13.680
24/04/2013	0.000	8.404	7.229	15.938	10.490
25/04/2013	0.000	10.102	6.042	17.542	8.346
26/04/2013	0.000	10.792	6.375	18.708	7.458
27/04/2013	0.000	9.035	8.417	17.625	7.088
28/04/2013	7.244	8.068	9.188	16.875	9.533
29/04/2013	10.998	5.873	8.812	13.750	7.828
30/04/2013	1.377	8.242	7.938	16.292	6.866
01/05/2013	0.000	7.583	9.375	16.417	8.198
02/05/2013	0.000	6.942	10.604	16.500	6.644
03/05/2013	0.000	6.893	10.646	16.479	8.050
04/05/2013	20.446	7.876	10.000	17.292	8.272
05/05/2013	26.862	7.159	10.146	16.479	10.050
06/05/2013	9.351	6.677	10.062	15.812	10.690
07/05/2013	24.567	5.602	10.312	14.667	18.410
08/05/2013	0.000	7.866	8.604	16.375	12.650
09/05/2013	0.000	6.834	8.729	15.083	11.680
10/05/2013	0.000	7.857	9.625	17.104	10.150
11/05/2013	0.000	6.978	9.688	16.000	8.420
12/05/2013	1.623	6.276	9.229	14.750	8.198
13/05/2013	32.426	5.825	9.896	14.688	8.198
14/05/2013	0.000	6.555	10.125	15.812	12.660
15/05/2013	0.000	5.003	9.875	13.667	17.580
16/05/2013	0.000	6.765	9.375	15.562	13.830
17/05/2013	20.572	4.579	9.562	12.917	14.230
18/05/2013	0.000	6.361	9.250	14.958	14.810
19/05/2013	6.951	5.063	9.812	13.729	14.930
20/05/2013	0.000	6.696	9.938	15.938	12.050
21/05/2013	0.000	5.264	9.312	13.604	20.360
22/05/2013	0.000	6.541	9.167	15.188	13.770
23/05/2013	0.000	6.101	9.188	14.625	10.210
24/05/2013	0.000	6.134	8.917	14.479	9.012
25/05/2013	0.000	7.223	8.354	15.583	9.723
26/05/2013	1.385	4.464	9.167	12.521	10.060
27/05/2013	4.567	7.057	8.083	15.188	14.610
28/05/2013	6.720	6.043	8.938	14.417	9.768
29/05/2013	0.000	6.864	8.812	15.458	9.694
30/05/2013	14.227	7.195	8.854	15.958	9.723
31/05/2013	24.929	5.808	8.938	14.125	11.640
01/06/2013	0.000	7.397	8.417	15.958	12.290
02/06/2013	0.000	5.458	9.604	14.188	10.780
03/06/2013	12.921	5.774	8.938	14.104	9.530
04/06/2013	0.000	6.148	8.604	14.375	10.200
05/06/2013	6.786	6.164	8.562	14.375	12.260
06/06/2013	15.964	5.994	7.771	13.562	9.160
07/06/2013	0.000	6.097	9.062	14.667	13.420
08/06/2013	0.000	5.844	8.792	14.125	16.110
09/06/2013	0.000	6.048	8.208	13.979	16.280
10/06/2013	0.000	5.752	8.667	13.917	11.780
11/06/2013	0.000	6.124	9.375	14.958	15.570
12/06/2013	7.012	6.018	8.271	14.000	27.420
13/06/2013	0.000	6.981	8.667	15.646	15.800
14/06/2013	0.000	5.838	9.125	14.396	11.170
15/06/2013	0.000	6.819	8.417	15.250	13.980
16/06/2013	0.000	6.090	10.208	15.562	15.700
17/06/2013	0.000	6.255	9.125	14.979	10.010
18/06/2013	0.000	6.138	9.896	15.396	10.110
19/06/2013	0.000	5.496	9.438	14.188	9.456
20/06/2013	0.000	5.754	8.979	14.188	9.456
21/06/2013	0.000	5.751	8.708	13.979	9.456
22/06/2013	0.000	6.678	8.792	15.333	9.308
23/06/2013	0.000	6.286	9.792	15.521	8.198
24/06/2013	24.193	5.852	10.146	15.208	9.308
25/06/2013	0.000	7.485	8.042	15.958	9.234
26/06/2013	0.000	8.133	9.354	17.771	7.902
27/06/2013	0.000	6.410	8.771	14.938	8.272
28/06/2013	54.672	7.281	9.104	16.396	13.000
29/06/2013	0.000	7.772	7.625	16.083	9.813
30/06/2013	2.468	5.337	8.833	13.500	8.198
01/07/2013	11.182	6.194	8.854	14.688	16.030
02/07/2013	6.882	5.812	8.479	13.875	15.430
03/07/2013	73.740	7.213	8.104	15.583	13.470
04/07/2013	0.000	7.260	8.229	15.729	9.308
05/07/2013	0.000	5.084	8.833	13.146	10.880
06/07/2013	0.000	6.968	7.917	15.083	12.070
07/07/2013	0.000	7.012	7.417	14.792	9.234
08/07/2013	0.000	7.292	9.188	16.417	48.580
09/07/2013	0.000	5.657	8.833	13.896	57.780
10/07/2013	0.000	5.720	8.312	13.583	27.680
11/07/2013	0.000	6.385	7.792	14.125	18.080
12/07/2013	0.000	5.856	8.750	14.083	15.830
13/07/2013	0.000	6.673	8.146	14.771	14.900
14/07/2013	0.000	7.233	8.042	15.479	13.620
15/07/2013	0.000	5.139	8.812	13.146	42.670
16/07/2013	0.000	5.585	8.479	13.479	101.300
17/07/2013	5.924	4.311	9.458	12.604	74.050
18/07/2013	1.789	6.062	9.083	14.562	65.540
19/07/2013	0.000	5.710	8.812	13.875	20.880
20/07/2013	0.000	6.799	8.646	15.229	14.630
21/07/2013	0.000	6.367	8.562	14.562	13.360
22/07/2013	0.000	7.235	9.062	16.104	11.930
23/07/2013	8.665	5.588	9.021	13.833	10.490
24/07/2013	0.000	6.327	9.333	15.042	9.626
25/07/2013	3.470	5.523	8.917	13.646	10.730
26/07/2013	0.000	5.118	7.542	12.042	20.100
27/07/2013	0.000	5.041	7.417	11.833	11.070
28/07/2013	0.000	6.049	6.146	12.292	9.626
29/07/2013	0.000	6.162	7.417	13.354	18.710
30/07/2013	0.000	5.966	6.146	12.146	15.160
31/07/2013	0.000	7.161	8.229	15.292	13.240
01/08/2013	0.000	6.179	8.208	13.917	11.070
02/08/2013	0.000	6.312	9.000	14.667	10.690
03/08/2013	5.303	7.214	9.042	15.896	16.110
04/08/2013	0.000	5.686	8.771	13.646	15.560
05/08/2013	0.000	7.419	8.271	15.604	15.160
06/08/2013	0.000	7.037	9.521	15.958	11.820
07/08/2013	0.000	6.820	8.438	14.875	17.580
08/08/2013	27.608	7.366	8.021	15.312	13.860
09/08/2013	4.809	8.113	8.708	16.792	12.880
10/08/2013	25.011	6.194	9.833	15.042	15.240
11/08/2013	30.288	7.462	8.583	15.792	11.700
12/08/2013	5.082	7.818	9.146	16.646	10.780
13/08/2013	1.498	7.705	9.292	16.583	9.456
14/08/2013	3.437	6.727	10.042	15.833	9.234
15/08/2013	3.965	5.342	9.083	13.333	16.400
16/08/2013	0.000	7.949	8.708	16.458	15.160
17/08/2013	0.000	5.469	8.500	13.021	21.190
18/08/2013	0.000	5.421	8.646	13.062	14.160
19/08/2013	0.000	6.430	8.646	14.354	11.930
20/08/2013	11.278	3.911	9.229	11.729	12.480
21/08/2013	0.000	7.162	8.375	15.104	22.280
22/08/2013	0.000	7.048	8.979	15.375	14.570
23/08/2013	0.000	7.574	7.708	15.167	10.880
24/08/2013	1.385	7.766	7.833	15.500	9.382
25/08/2013	0.000	6.215	8.771	14.104	9.160
26/08/2013	34.101	5.418	8.688	13.021	15.830
27/08/2013	0.000	6.654	6.854	13.271	17.960
28/08/2013	0.000	5.751	7.667	12.646	29.220
29/08/2013	0.000	5.373	8.146	12.521	21.680
30/08/2013	0.000	7.772	5.854	14.104	13.120
31/08/2013	0.000	6.481	7.354	13.354	10.590
01/09/2013	0.000	6.952	7.792	14.292	11.170
02/09/2013	0.000	9.101	6.771	16.500	9.916
03/09/2013	0.000	9.882	6.854	17.604	9.086
04/09/2013	2.634	7.851	7.417	15.208	8.938
05/09/2013	4.394	7.404	7.604	14.729	9.382
06/09/2013	0.000	7.277	7.562	14.521	9.012
07/09/2013	0.000	7.736	8.042	15.458	8.346
08/09/2013	1.465	6.008	8.896	13.833	8.716
09/09/2013	0.000	7.187	8.292	14.896	14.930
10/09/2013	0.000	6.295	8.062	13.562	11.820
11/09/2013	0.000	7.649	8.188	15.417	9.575
12/09/2013	0.000	8.981	7.354	16.625	9.887
13/09/2013	0.000	8.347	8.688	16.667	11.270
14/09/2013	28.386	7.157	9.333	15.583	10.780
15/09/2013	21.058	5.903	9.208	13.917	13.980
16/09/2013	0.000	7.228	8.958	15.396	10.110
17/09/2013	0.000	5.710	8.854	13.396	14.900
18/09/2013	2.257	5.803	9.271	13.833	17.410
19/09/2013	0.000	5.055	8.729	12.500	36.400
20/09/2013	19.635	6.218	8.792	13.979	13.920
21/09/2013	0.000	10.194	6.271	17.542	9.382
22/09/2013	0.000	7.815	8.250	15.646	10.180
23/09/2013	0.000	6.254	10.104	15.021	9.842
24/09/2013	0.000	5.975	9.167	13.958	10.210
25/09/2013	0.000	7.393	7.792	14.771	11.710
26/09/2013	0.000	7.836	8.833	16.083	10.300
27/09/2013	0.000	6.423	9.333	14.646	11.070
28/09/2013	1.895	7.171	8.604	15.062	10.630
29/09/2013	18.055	6.407	8.771	14.208	11.820
30/09/2013	25.071	8.112	7.875	15.792	11.070
01/10/2013	0.000	9.783	7.062	17.500	9.427
02/10/2013	35.990	8.228	8.854	16.625	11.170
03/10/2013	12.528	7.002	8.708	14.938	9.086
04/10/2013	7.240	7.114	8.417	14.875	15.950
05/10/2013	0.000	7.036	8.667	14.958	11.350
06/10/2013	0.000	6.504	8.542	14.188	9.086
07/10/2013	0.000	6.847	6.479	13.167	8.568
08/10/2013	0.000	6.934	8.479	14.708	7.902
09/10/2013	0.000	7.872	7.562	15.312	7.828
10/10/2013	0.000	5.855	8.667	13.479	8.124
11/10/2013	6.539	7.185	8.604	15.146	8.716
12/10/2013	1.426	7.262	9.354	15.792	10.050
13/10/2013	28.251	7.129	9.458	15.708	17.970
14/10/2013	0.000	6.528	9.188	14.750	14.900
15/10/2013	0.000	7.463	8.833	15.708	10.270
16/10/2013	26.504	5.339	9.042	13.167	10.600
17/10/2013	0.000	6.901	8.354	14.646	9.234
18/10/2013	0.000	9.975	7.146	17.979	8.494
19/10/2013	0.000	9.502	7.604	17.646	7.902
20/10/2013	0.000	8.801	7.729	16.792	7.384
21/10/2013	0.000	7.309	8.917	15.625	7.902
22/10/2013	2.813	7.732	8.729	16.062	10.130
23/10/2013	13.009	9.568	8.958	18.667	10.590
24/10/2013	18.897	7.107	9.667	15.938	9.659
25/10/2013	0.000	7.503	7.979	15.271	8.272
26/10/2013	0.000	8.924	7.917	17.167	9.524
27/10/2013	0.000	7.297	7.688	14.812	7.902
28/10/2013	0.000	8.611	8.604	17.229	7.532
29/10/2013	0.000	7.643	9.188	16.354	11.460
30/10/2013	7.638	6.523	9.938	15.458	9.382
31/10/2013	0.000	6.749	10.375	16.083	11.270
01/11/2013	0.000	8.401	8.375	16.854	8.864
02/11/2013	0.000	8.191	9.167	17.125	10.730
03/11/2013	5.765	8.030	8.854	16.708	8.420
04/11/2013	39.682	5.134	8.854	12.917	8.272
05/11/2013	8.424	7.166	8.188	15.104	7.902
06/11/2013	3.159	8.262	8.479	16.812	8.346
07/11/2013	0.000	8.504	9.083	17.562	8.420
08/11/2013	18.992	7.498	9.854	16.771	8.738
09/11/2013	16.540	7.935	8.729	16.583	9.160
10/11/2013	0.000	7.670	8.083	15.792	8.716
11/11/2013	7.504	7.289	9.021	15.938	8.494
12/11/2013	0.000	7.454	8.917	16.104	7.828
13/11/2013	0.000	6.222	8.604	14.229	7.902
14/11/2013	1.040	5.859	8.375	13.583	9.308
15/11/2013	0.000	7.729	8.562	16.271	11.360
16/11/2013	0.000	7.832	9.062	16.771	9.234
17/11/2013	0.000	7.253	9.125	16.042	7.902
18/11/2013	30.587	6.529	9.667	15.479	8.880
19/11/2013	5.959	7.767	9.729	17.188	8.346
20/11/2013	12.694	5.734	9.854	14.604	7.976
21/11/2013	0.000	7.855	8.250	16.312	8.642
22/11/2013	4.347	6.800	8.854	15.292	9.012
23/11/2013	1.272	7.394	8.208	15.667	8.198
24/11/2013	28.088	6.141	9.604	14.979	8.790
25/11/2013	4.315	7.651	9.104	16.667	9.012
26/11/2013	0.000	7.767	8.979	16.750	11.430
27/11/2013	0.000	8.016	8.854	17.021	10.880
28/11/2013	13.416	6.939	8.854	15.542	9.012
29/11/2013	21.253	5.561	9.729	14.354	11.500
30/11/2013	0.000	7.193	9.479	16.354	12.760
01/12/2013	5.461	8.222	8.833	17.333	9.597
02/12/2013	13.781	6.207	9.542	15.083	12.410
03/12/2013	0.000	7.153	8.375	15.542	21.680
04/12/2013	0.543	6.619	8.708	15.042	18.400
05/12/2013	0.000	6.690	8.562	15.042	14.930
06/12/2013	24.503	7.876	8.042	16.354	16.770
07/12/2013	1.248	6.910	8.729	15.479	9.626
08/12/2013	3.285	6.039	9.021	14.500	11.070
09/12/2013	0.000	6.364	8.438	14.521	10.210
10/12/2013	0.000	6.116	8.250	14.042	9.916
11/12/2013	3.275	6.964	7.167	14.479	9.279
12/12/2013	3.549	8.355	8.562	17.417	7.902
13/12/2013	0.670	7.230	9.125	16.229	7.680
14/12/2013	11.788	6.389	9.000	14.979	7.902
15/12/2013	0.000	6.887	8.646	15.417	7.310
16/12/2013	0.000	6.530	9.583	15.604	7.236
17/12/2013	30.260	7.775	8.646	16.667	9.118
18/12/2013	17.345	6.803	10.354	16.542	9.176
19/12/2013	1.453	7.276	9.729	16.729	10.780
20/12/2013	1.039	7.069	10.354	16.896	8.346
21/12/2013	1.352	7.815	10.667	18.125	13.710
22/12/2013	7.935	5.216	10.417	14.521	17.450
23/12/2013	63.995	5.021	8.896	13.062	23.960
24/12/2013	1.282	8.106	8.708	17.167	14.220
25/12/2013	0.000	7.431	9.354	16.667	10.980
26/12/2013	2.847	7.124	8.812	15.854	9.308
27/12/2013	3.156	6.138	8.208	14.042	8.494
28/12/2013	0.000	5.901	8.625	14.021	7.902
29/12/2013	0.000	6.799	8.938	15.479	7.384
30/12/2013	0.000	8.359	8.062	17.062	7.236
31/12/2013	0.000	7.466	8.250	15.917	6.866
01/01/2014	0.000	7.888	8.458	16.646	5.672
02/01/2014	0.000	7.451	8.479	16.042	5.348
03/01/2014	0.000	8.511	8.667	17.646	5.456
04/01/2014	0.000	6.951	9.542	16.083	5.240
05/01/2014	1.288	6.951	9.292	15.896	5.564
06/01/2014	3.126	5.173	9.979	14.062	5.456
07/01/2014	50.922	6.498	8.875	14.958	9.310
08/01/2014	0.000	7.574	9.542	16.896	13.510
09/01/2014	0.000	6.121	9.167	14.646	12.760
10/01/2014	0.000	5.406	9.479	13.938	14.160
11/01/2014	0.000	5.984	9.292	14.542	21.780
12/01/2014	0.000	6.493	9.229	15.167	12.630
13/01/2014	0.000	8.225	6.896	15.958	8.075
14/01/2014	0.934	7.823	6.750	15.271	6.590
15/01/2014	0.000	7.984	7.958	16.292	6.050
16/01/2014	0.000	7.859	8.208	16.271	5.780
17/01/2014	0.000	6.855	8.542	15.104	5.456
18/01/2014	2.061	5.878	9.479	14.479	5.564
19/01/2014	0.000	6.350	9.729	15.271	6.509
20/01/2014	0.000	7.064	9.479	16.021	6.725
21/01/2014	11.781	7.933	8.438	16.458	5.672
22/01/2014	0.000	7.937	9.542	17.208	5.456
23/01/2014	0.000	8.914	7.854	17.396	5.942
24/01/2014	0.000	9.131	7.646	17.542	5.348
25/01/2014	0.633	8.609	9.479	18.021	5.240
26/01/2014	13.441	7.011	9.688	16.021	5.456
27/01/2014	0.000	7.598	9.729	16.812	5.240
28/01/2014	0.000	8.268	8.667	16.958	5.240
29/01/2014	18.965	8.460	8.583	17.146	4.700
30/01/2014	0.000	6.850	9.646	15.729	5.456
31/01/2014	0.000	7.793	8.854	16.396	5.807
01/02/2014	0.000	9.478	7.062	17.500	5.456
02/02/2014	0.000	7.414	7.229	14.729	4.808
03/02/2014	0.883	8.845	7.125	16.625	4.592
04/02/2014	7.465	7.759	9.042	16.417	5.456
05/02/2014	14.987	5.406	9.208	13.479	5.564
06/02/2014	22.690	7.990	8.125	16.062	5.618
07/02/2014	1.469	8.278	8.312	16.562	5.024
08/02/2014	0.000	7.572	8.708	15.875	5.240
09/02/2014	0.000	7.585	8.167	15.500	5.132
10/02/2014	0.000	7.815	8.646	16.125	4.916
11/02/2014	0.000	6.406	8.917	14.458	4.700
12/02/2014	0.000	7.732	7.854	15.438	4.916
13/02/2014	2.693	8.141	8.417	16.354	4.700
14/02/2014	26.736	7.969	8.438	16.125	5.240
15/02/2014	0.000	6.373	8.979	14.417	5.132
16/02/2014	0.000	9.283	7.625	17.312	5.024
17/02/2014	0.000	9.232	7.917	17.417	5.969
18/02/2014	2.889	8.903	8.542	17.375	5.564
19/02/2014	0.000	8.724	8.729	17.250	6.590
20/02/2014	0.000	8.919	9.021	17.688	5.672
21/02/2014	0.000	6.160	10.062	14.917	5.456
22/02/2014	9.612	7.154	8.854	15.250	5.564
23/02/2014	1.534	6.695	8.958	14.729	4.916
24/02/2014	0.000	7.369	9.625	16.062	5.024
25/02/2014	0.000	7.225	10.229	16.312	4.592
26/02/2014	0.000	7.256	10.188	16.312	5.024
27/02/2014	15.568	4.559	9.292	12.375	29.430
28/02/2014	15.568	7.814	8.167	15.562	12.720
01/03/2014	0.000	8.046	9.688	16.917	11.430
02/03/2014	23.946	6.632	10.500	15.750	14.480
03/03/2014	0.000	6.269	9.938	14.875	15.070
04/03/2014	1.615	7.668	9.021	15.938	11.360
05/03/2014	3.075	6.375	9.979	15.021	29.250
06/03/2014	5.240	6.208	9.812	14.688	12.600
07/03/2014	5.635	8.131	8.979	16.479	9.464
08/03/2014	0.000	8.222	9.562	17.000	11.430
09/03/2014	31.441	6.707	9.938	15.375	9.956
10/03/2014	10.480	7.118	9.542	15.583	7.940
11/03/2014	11.700	7.859	9.500	16.479	7.670
12/03/2014	5.463	8.892	9.875	18.042	8.644
13/03/2014	10.154	6.774	9.292	14.958	13.320
14/03/2014	6.999	7.911	9.688	16.667	8.731
15/03/2014	0.000	7.750	9.562	16.375	6.455
16/03/2014	0.000	7.389	9.417	15.812	7.130
17/03/2014	8.632	8.742	9.354	17.479	6.590
18/03/2014	0.000	5.821	9.938	14.292	6.185
19/03/2014	10.246	7.258	9.417	15.646	5.564
20/03/2014	0.000	8.200	9.625	16.979	7.400
21/03/2014	0.000	7.280	9.750	15.917	5.915
22/03/2014	6.446	6.865	9.542	15.250	5.456
23/03/2014	16.973	6.684	9.000	14.625	5.672
24/03/2014	0.000	7.078	8.458	14.729	7.130
25/03/2014	3.994	6.643	8.729	14.375	8.210
26/03/2014	9.004	6.787	8.104	14.104	12.560
27/03/2014	9.465	6.272	8.396	13.667	24.180
28/03/2014	0.000	8.065	7.312	15.229	15.260
29/03/2014	2.023	9.148	7.500	16.792	11.290
30/03/2014	6.426	7.557	9.292	15.958	6.050
31/03/2014	0.000	8.546	8.417	16.625	5.456
01/04/2014	0.000	6.756	8.354	14.271	5.132
02/04/2014	33.292	6.369	8.479	13.875	4.916
03/04/2014	7.804	6.906	8.188	14.354	12.770
04/04/2014	0.000	8.746	7.479	16.292	9.850
05/04/2014	0.000	8.206	8.521	16.292	6.320
06/04/2014	0.000	8.189	8.542	16.292	7.265
08/04/2014	0.000	6.436	9.312	14.625	23.120
09/04/2014	0.000	6.563	8.500	14.188	14.870
10/04/2014	0.000	6.477	9.000	14.458	10.780
11/04/2014	0.000	6.513	8.562	14.188	8.808
12/04/2014	0.000	6.023	8.958	13.875	7.670
13/04/2014	0.000	7.428	7.833	14.875	6.455
14/04/2014	0.000	7.172	7.854	14.562	6.185
15/04/2014	0.000	6.412	8.938	14.375	5.672
16/04/2014	0.000	7.453	8.062	15.104	6.860
17/04/2014	9.036	8.254	8.104	16.208	6.725
18/04/2014	3.162	7.166	8.500	15.062	9.175
19/04/2014	0.000	6.729	8.354	14.396	18.280
20/04/2014	0.000	6.456	9.125	14.625	17.920
21/04/2014	0.000	7.812	8.542	15.979	12.470
22/04/2014	0.000	6.295	9.312	14.583	9.181
23/04/2014	0.000	8.588	8.542	17.042	10.940
24/04/2014	64.774	5.048	9.438	13.167	42.330
25/04/2014	0.000	8.409	7.354	16.042	16.760
26/04/2014	0.000	6.767	8.562	14.688	11.100
27/04/2014	0.000	7.511	8.625	15.729	9.628
28/04/2014	0.000	8.446	7.292	16.104	8.268
30/04/2014	3.489	7.194	9.062	15.667	19.290
01/05/2014	0.000	8.451	8.792	17.167	17.010
02/05/2014	0.000	6.585	9.958	15.562	11.430
03/05/2014	11.262	5.250	10.250	14.146	14.290
04/05/2014	6.121	7.205	9.188	15.833	11.430
05/05/2014	1.278	8.275	8.667	16.917	10.120
06/05/2014	1.557	8.124	8.938	16.917	9.464
07/05/2014	0.000	6.731	10.062	15.896	15.550
08/05/2014	19.635	6.680	10.188	15.938	13.320
09/05/2014	40.831	5.797	10.271	14.896	58.840
10/05/2014	8.604	5.924	10.667	15.375	32.650
11/05/2014	0.000	5.740	10.625	15.125	32.910
12/05/2014	0.000	6.213	10.000	15.250	25.830
13/05/2014	4.879	7.113	9.688	16.208	21.240
14/05/2014	28.364	5.802	10.000	14.750	14.480
15/05/2014	0.000	7.243	9.375	16.188	9.894
16/05/2014	4.052	7.567	9.708	16.875	18.830
17/05/2014	0.000	6.794	8.729	15.146	16.100
18/05/2014	0.000	6.181	9.125	14.625	12.730
19/05/2014	0.000	5.694	8.396	13.438	50.240
20/05/2014	0.841	7.378	9.042	16.208	19.500
21/05/2014	0.000	8.475	8.667	17.479	11.300
22/05/2014	1.575	7.539	9.958	17.104	9.464
23/05/2014	18.271	6.623	10.271	16.125	9.136
24/05/2014	12.515	6.040	10.188	15.312	12.080
25/05/2014	0.000	7.166	8.854	15.854	9.628
26/05/2014	0.000	6.026	9.938	15.125	6.995
27/05/2014	26.234	7.377	9.292	16.479	8.808
28/05/2014	0.000	5.944	9.479	14.688	21.120
29/05/2014	2.769	4.604	9.333	12.854	13.700
30/05/2014	0.000	6.935	9.042	15.729	10.120
31/05/2014	0.000	6.593	9.500	15.604	11.100
01/06/2014	0.000	6.492	9.812	15.708	10.940
02/06/2014	2.407	6.289	9.438	15.167	12.340
03/06/2014	1.780	7.201	10.188	16.958	14.090
04/06/2014	9.150	5.415	9.979	14.438	14.480
05/06/2014	0.000	7.011	8.688	15.646	15.070
06/06/2014	2.340	5.348	9.646	14.104	53.330
07/06/2014	3.678	5.712	9.667	14.604	25.460
08/06/2014	3.455	6.248	9.812	15.438	36.560
09/06/2014	0.000	6.945	9.125	15.896	19.890
10/06/2014	5.927	6.023	10.083	15.354	17.670
11/06/2014	0.000	6.827	8.812	15.521	16.100
12/06/2014	0.000	6.558	9.750	15.833	17.700
13/06/2014	0.000	7.193	9.042	16.208	18.380
14/06/2014	3.250	6.310	9.688	15.458	21.780
15/06/2014	2.872	6.720	9.083	15.583	26.660
16/06/2014	0.000	6.200	8.271	14.271	22.300
17/06/2014	0.473	5.989	8.354	14.042	43.150
18/06/2014	2.945	5.900	7.958	13.625	84.080
19/06/2014	0.000	3.987	7.333	10.521	44.210
20/06/2014	0.000	5.770	7.208	12.896	24.410
21/06/2014	0.000	6.355	7.333	13.833	25.840
22/06/2014	2.041	5.980	8.812	14.375	40.990
23/06/2014	0.000	6.235	9.125	14.958	22.300
24/06/2014	24.882	4.743	9.417	13.188	17.920
25/06/2014	5.267	5.206	9.500	13.854	34.870
26/06/2014	9.107	5.980	9.208	14.667	27.260
27/06/2014	0.000	7.180	8.500	15.833	45.760
28/06/2014	4.832	6.607	8.708	15.167	23.720
29/06/2014	15.152	5.935	9.875	15.104	25.310
30/06/2014	53.910	6.008	9.167	14.667	17.010
01/07/2014	0.000	6.792	9.750	16.167	19.820
02/07/2014	1.151	5.262	9.875	14.208	54.600
03/07/2014	0.000	6.114	9.125	14.771	25.830
04/07/2014	0.000	7.045	8.667	15.729	16.100
05/07/2014	0.578	6.030	9.125	14.646	29.480
06/07/2014	0.000	6.030	9.521	14.938	21.780
07/07/2014	0.000	5.501	9.500	14.208	22.300
08/07/2014	1.122	4.750	9.188	12.979	65.000
09/07/2014	0.000	6.531	8.729	15.021	33.670
10/07/2014	0.000	4.178	8.479	11.667	25.830
11/07/2014	73.932	6.406	7.604	14.021	75.600
12/07/2014	0.000	6.781	7.354	14.375	76.660
14/07/2014	0.759	7.316	8.292	15.771	77.720
16/07/2014	0.000	5.636	8.938	13.896	52.690
17/07/2014	0.648	5.746	9.083	14.146	40.210
18/07/2014	0.000	5.855	8.292	13.688	60.760
19/07/2014	0.000	6.839	8.521	15.208	40.810
20/07/2014	0.000	5.458	8.938	13.625	33.670
21/07/2014	0.000	7.026	8.542	15.458	37.330
22/07/2014	0.000	5.132	8.708	13.000	39.670
23/07/2014	0.000	7.263	8.938	16.042	29.070
24/07/2014	0.000	6.071	8.479	14.062	21.250
25/07/2014	0.702	7.423	8.750	16.104	17.470
26/07/2014	0.000	7.553	7.229	15.229	16.100
27/07/2014	0.000	6.598	9.229	15.292	14.290
28/07/2014	0.000	6.117	8.875	14.375	19.290
29/07/2014	0.782	6.831	8.708	15.208	19.060
30/07/2014	0.679	6.149	8.542	14.146	49.290
31/07/2014	0.000	7.914	8.312	16.396	30.870
01/08/2014	0.000	6.924	7.292	14.292	21.780
02/08/2014	22.237	6.383	7.583	13.729	19.130
03/08/2014	3.404	6.125	7.458	13.271	21.250
04/08/2014	0.459	6.999	8.271	15.042	21.200
05/08/2014	20.587	4.818	9.208	12.875	16.100
07/08/2014	0.000	6.823	7.792	14.417	40.560
08/08/2014	0.000	6.536	7.833	14.042	22.830
09/08/2014	6.866	6.373	9.146	14.771	34.870
10/08/2014	0.000	8.221	7.708	16.250	19.820
11/08/2014	0.000	7.475	8.500	15.750	16.790
12/08/2014	6.917	5.522	8.833	13.396	28.780
13/08/2014	51.534	6.747	8.396	14.667	57.320
14/08/2014	13.875	7.041	8.562	15.167	32.470
15/08/2014	2.111	7.511	8.125	15.479	43.660
16/08/2014	0.000	6.967	9.083	15.417	26.660
17/08/2014	0.000	5.214	8.833	12.958	68.180
20/08/2014	0.000	6.130	6.354	12.271	22.830
21/08/2014	0.000	7.655	6.771	14.667	17.240
22/08/2014	0.000	8.161	6.958	15.479	15.260
23/08/2014	0.000	7.004	8.583	15.021	13.510
24/08/2014	1.601	7.541	9.396	16.292	11.950
25/08/2014	3.617	6.565	8.750	14.542	12.370
26/08/2014	6.412	6.077	8.438	13.667	21.160
27/08/2014	0.000	6.151	8.458	13.771	19.750
28/08/2014	0.000	6.267	7.875	13.479	21.130
29/08/2014	1.173	6.527	8.583	14.333	24.560
30/08/2014	0.000	7.929	7.771	15.604	17.920
31/08/2014	0.000	8.373	6.729	15.500	13.320
01/09/2014	0.000	7.424	7.667	14.833	13.510
03/09/2014	0.000	8.261	7.417	15.771	12.540
04/09/2014	8.037	7.591	8.104	15.333	17.920
05/09/2014	0.000	5.891	8.271	13.229	12.540
06/09/2014	0.000	6.998	7.146	13.854	9.792
07/09/2014	0.000	5.963	8.250	13.292	17.010
08/09/2014	6.521	6.216	8.354	13.688	61.290
09/09/2014	0.000	7.651	7.229	14.771	25.230
10/09/2014	0.000	7.759	7.938	15.396	14.120
11/09/2014	1.940	7.503	9.396	16.083	13.700
12/09/2014	0.000	5.561	10.333	14.396	19.580
13/09/2014	0.000	6.287	8.958	14.208	22.300
14/09/2014	0.000	7.207	8.292	14.896	17.470
15/09/2014	0.000	7.537	8.833	15.708	14.480
16/09/2014	0.000	6.417	9.583	14.833	12.340
17/09/2014	0.000	8.816	7.792	16.667	14.870
18/09/2014	0.000	7.718	8.604	15.771	10.780
19/09/2014	0.000	10.156	7.854	18.479	11.270
20/09/2014	11.652	6.777	8.479	14.458	11.100
21/09/2014	11.310	7.858	9.271	16.417	15.390
22/09/2014	8.273	6.550	8.479	14.167	15.530
23/09/2014	8.864	8.664	8.604	17.000	14.480
24/09/2014	0.000	8.498	8.000	16.375	9.956
25/09/2014	0.000	8.402	9.104	17.000	7.940
26/09/2014	0.000	9.855	7.729	18.000	7.670
27/09/2014	9.359	6.183	9.396	14.396	8.808
28/09/2014	0.000	7.190	8.250	14.833	8.075
29/09/2014	0.000	8.083	8.542	16.208	7.670
30/09/2014	0.000	7.648	6.917	14.521	7.130
01/10/2014	0.000	7.494	7.667	14.833	6.320
02/10/2014	0.000	6.240	7.729	13.229	6.590
03/10/2014	0.000	5.522	8.167	12.646	6.995
04/10/2014	0.000	8.458	7.750	16.188	19.830
05/10/2014	0.000	9.394	7.417	17.229	9.464
06/10/2014	47.016	7.652	8.375	15.562	7.805
07/10/2014	0.000	7.508	8.104	15.188	7.670
08/10/2014	0.000	6.230	8.938	14.146	13.700
09/10/2014	0.000	5.861	9.312	13.979	34.920
10/10/2014	14.951	6.034	9.896	14.646	19.750
11/10/2014	0.000	5.376	9.417	13.479	13.380
12/10/2014	0.000	7.111	8.292	14.833	18.450
13/10/2014	0.000	6.792	6.792	13.354	23.130
14/10/2014	0.000	7.415	7.542	14.729	96.280
15/10/2014	0.000	6.949	8.292	14.646	42.090
16/10/2014	0.000	7.030	8.479	14.896	18.610
17/10/2014	5.610	8.581	7.792	16.500	16.330
18/10/2014	22.916	7.734	8.792	16.062	21.780
19/10/2014	1.856	8.017	8.021	15.917	13.700
20/10/2014	15.848	6.953	8.479	14.833	14.870
21/10/2014	15.390	7.923	8.229	15.958	11.880
22/10/2014	0.000	5.957	8.792	13.792	10.900
23/10/2014	21.171	7.900	8.479	16.125	15.550
24/10/2014	0.000	9.246	8.542	17.979	13.510
25/10/2014	0.683	8.139	9.729	17.333	11.550
26/10/2014	3.590	5.670	9.646	14.125	14.870
27/10/2014	0.000	8.513	8.042	16.708	13.120
28/10/2014	7.715	8.899	9.146	17.979	15.980
29/10/2014	23.507	8.155	9.562	17.292	14.870
30/10/2014	20.392	8.170	9.604	17.354	18.610
31/10/2014	0.000	8.017	9.062	16.792	14.390
01/11/2014	10.594	8.907	8.125	17.375	11.490
02/11/2014	30.474	7.617	9.042	16.271	12.600
03/11/2014	3.904	7.633	8.542	15.958	10.120
04/11/2014	7.734	7.759	8.938	16.417	8.972
05/11/2014	3.347	7.890	9.292	16.854	32.090
06/11/2014	38.033	7.938	9.479	17.062	34.870
07/11/2014	32.295	7.103	9.667	16.104	15.460
08/11/2014	0.000	6.604	9.604	15.417	16.010
09/11/2014	0.651	9.227	8.333	18.083	15.880
10/11/2014	13.077	8.459	8.854	17.396	13.700
11/11/2014	27.688	6.482	9.854	15.479	25.830
12/11/2014	0.000	6.185	9.604	14.917	15.330
13/11/2014	0.000	8.065	9.479	17.333	10.940
14/11/2014	15.269	8.302	9.417	17.625	8.808
15/11/2014	0.000	7.333	8.917	15.979	9.136
16/11/2014	0.000	6.542	8.396	14.542	17.280
17/11/2014	0.000	6.439	9.167	14.979	12.600
18/11/2014	0.000	8.315	7.438	16.375	9.956
19/11/2014	1.581	6.470	9.083	14.979	8.972
20/11/2014	0.000	7.587	9.167	16.562	10.610
21/11/2014	37.556	7.086	9.979	16.479	8.662
22/11/2014	0.000	7.468	8.708	16.104	12.340
23/11/2014	0.000	7.578	8.625	16.208	20.560
24/11/2014	0.000	8.675	8.979	17.979	10.280
25/11/2014	1.530	6.748	9.854	15.979	8.210
26/11/2014	21.461	6.641	9.354	15.479	10.120
27/11/2014	0.000	8.436	9.104	17.771	10.780
28/11/2014	0.000	7.590	9.000	16.542	9.628
29/11/2014	0.000	7.135	8.875	15.833	8.210
30/11/2014	0.000	6.211	9.417	14.979	10.120
01/12/2014	1.919	6.812	9.667	15.979	8.866
02/12/2014	0.000	6.083	9.042	14.542	7.400
03/12/2014	0.000	8.097	7.792	16.479	6.725
04/12/2014	6.928	8.013	7.771	16.354	6.320
05/12/2014	0.000	6.822	9.208	15.688	6.455
06/12/2014	12.664	6.159	8.958	14.604	6.725
07/12/2014	38.949	5.323	9.750	14.104	7.265
08/12/2014	10.845	8.728	9.000	18.208	10.120
09/12/2014	2.341	5.548	9.604	14.292	30.390
10/12/2014	18.000	7.477	9.250	16.646	17.540
11/12/2014	19.025	5.634	9.229	14.125	14.870
12/12/2014	0.786	8.020	8.771	17.083	10.280
13/12/2014	0.000	7.124	8.625	15.729	9.464
14/12/2014	7.028	8.094	7.417	16.292	8.808
15/12/2014	0.000	9.164	7.417	17.833	10.450
16/12/2014	0.000	8.235	8.833	17.438	9.464
17/12/2014	0.000	5.686	9.562	14.458	7.805
18/12/2014	0.000	7.998	8.271	16.729	7.130
19/12/2014	4.302	7.481	9.062	16.542	6.320
20/12/2014	17.610	7.535	9.312	16.792	6.050
21/12/2014	1.872	7.313	9.750	16.792	6.320
22/12/2014	0.000	6.630	8.938	15.271	5.564
23/12/2014	0.000	7.068	7.479	14.854	5.564
24/12/2014	0.000	6.569	8.917	15.167	5.564
25/12/2014	1.992	5.633	9.146	14.062	5.132
26/12/2014	0.000	6.213	9.417	15.042	6.590
27/12/2014	0.000	6.468	9.208	15.229	6.104
28/12/2014	0.000	5.607	9.312	14.146	6.482
29/12/2014	0.000	7.218	9.000	16.104	5.456
30/12/2014	0.000	6.968	8.083	15.104	5.240
31/12/2014	0.000	6.917	9.250	15.854	6.970
01/01/2015	0.000	7.134	8.688	15.750	5.348
02/01/2015	0.000	6.437	8.479	14.625	4.808
03/01/2015	0.000	7.737	7.062	15.479	4.700
04/01/2015	0.000	7.299	7.271	14.979	4.808
05/01/2015	0.000	7.197	7.833	15.208	4.592
06/01/2015	0.000	8.059	6.458	15.521	4.268
07/01/2015	0.000	7.293	5.771	13.938	3.168
08/01/2015	0.000	5.940	8.167	13.667	2.117
09/01/2015	0.000	5.360	9.438	13.854	3.286
10/01/2015	0.000	6.422	8.396	14.479	5.456
11/01/2015	0.000	6.105	9.104	14.562	6.374
12/01/2015	0.000	6.754	9.062	15.396	6.725
13/01/2015	0.000	8.369	7.917	16.833	5.240
14/01/2015	0.000	6.487	9.438	15.292	4.808
15/01/2015	33.175	7.622	8.667	16.271	4.808
16/01/2015	15.916	8.439	7.646	16.708	5.132
17/01/2015	29.366	6.883	9.417	15.771	5.564
18/01/2015	2.308	7.060	9.104	15.771	6.860
19/01/2015	0.000	6.549	9.208	15.146	6.104
20/01/2015	2.752	5.842	9.104	14.125	6.077
21/01/2015	7.064	5.017	9.292	13.208	12.060
22/01/2015	21.336	4.814	8.896	12.625	25.600
23/01/2015	2.563	7.423	8.771	15.958	10.780
24/01/2015	29.847	7.357	8.708	15.812	9.792
25/01/2015	0.000	7.469	8.542	15.833	7.400
26/01/2015	0.000	7.291	8.729	15.708	5.834
27/01/2015	0.000	8.720	8.688	17.604	9.956
28/01/2015	0.000	6.347	9.625	15.083	7.535
29/01/2015	0.000	6.416	8.708	14.479	3.536
30/01/2015	0.000	7.435	8.271	15.521	5.208
01/02/2015	0.000	5.747	8.729	13.583	22.960
02/02/2015	0.000	6.578	8.771	14.688	22.830
03/02/2015	4.958	5.948	9.021	14.042	21.780
04/02/2015	0.000	6.741	8.771	14.875	24.920
05/02/2015	0.000	7.676	8.229	15.729	15.530
06/02/2015	18.946	7.043	8.917	15.354	11.690
07/02/2015	2.786	6.464	9.729	15.188	9.792
08/02/2015	4.236	6.234	9.438	14.667	15.320
09/02/2015	11.546	6.245	10.042	15.125	25.530
10/02/2015	0.000	6.741	9.417	15.271	17.670
11/02/2015	0.703	7.051	9.458	15.688	10.780
12/02/2015	8.254	8.092	8.792	16.562	8.808
13/02/2015	0.000	7.530	9.271	16.146	16.100
14/02/2015	35.706	5.821	9.333	14.000	12.540
15/02/2015	13.913	7.131	9.500	15.771	10.780
16/02/2015	0.000	7.979	8.458	16.125	7.670
17/02/2015	0.000	9.651	7.562	17.750	6.455
18/02/2015	0.000	10.281	7.375	18.458	6.050
19/02/2015	4.747	8.607	10.292	18.167	5.132
20/02/2015	0.000	8.241	10.792	18.042	4.916
21/02/2015	0.000	8.214	9.104	16.812	4.808
22/02/2015	0.000	8.014	8.354	16.021	5.240
23/02/2015	0.000	8.625	7.979	16.562	4.808
24/02/2015	0.000	7.816	8.375	15.750	4.160
25/02/2015	0.000	8.272	8.062	16.125	4.700
26/02/2015	0.000	9.288	8.479	17.729	4.592
27/02/2015	0.000	8.152	8.417	16.188	4.160
28/02/2015	0.000	8.240	8.417	16.292	4.160
01/03/2015	9.178	8.851	8.667	17.250	3.728
02/03/2015	11.932	8.019	9.688	16.875	5.483
03/03/2015	0.000	6.910	9.500	15.333	5.240
04/03/2015	11.091	6.955	9.604	15.458	7.400
05/03/2015	0.000	8.268	8.521	16.354	6.374
06/03/2015	0.000	7.166	8.917	15.208	4.700
07/03/2015	0.000	6.276	9.875	14.812	5.240
08/03/2015	0.000	6.081	9.375	14.188	5.348
09/03/2015	0.000	7.097	8.542	14.833	5.564
10/03/2015	0.000	7.359	9.417	15.792	13.380
11/03/2015	0.000	7.218	9.688	15.812	16.790
12/03/2015	0.000	7.793	9.562	16.438	10.120
13/03/2015	0.000	8.086	9.812	16.979	7.265
14/03/2015	0.000	6.577	10.250	15.438	15.260
15/03/2015	0.000	8.391	9.542	17.167	7.670
16/03/2015	0.000	7.102	9.562	15.562	5.564
17/03/2015	0.000	8.790	10.354	18.229	6.455
18/03/2015	31.943	5.288	9.854	13.604	22.830
19/03/2015	0.798	7.305	9.479	15.750	13.050
20/03/2015	24.476	7.423	9.792	16.125	10.610
21/03/2015	0.501	6.696	9.542	15.042	9.464
22/03/2015	0.000	8.130	9.062	16.500	8.808
23/03/2015	9.927	9.114	8.458	17.354	9.300
24/03/2015	8.745	7.729	9.250	16.125	8.210
25/03/2015	6.347	8.056	9.042	16.396	9.136
26/03/2015	0.702	8.195	9.083	16.604	7.130
27/03/2015	0.000	8.964	8.729	17.354	6.185
28/03/2015	1.807	7.914	9.167	16.312	5.456
29/03/2015	36.668	6.129	9.229	14.125	16.160
30/03/2015	3.256	7.686	8.708	15.708	13.050
31/03/2015	0.000	8.087	8.979	16.417	9.464
01/04/2015	4.472	7.762	9.438	16.333	9.792
02/04/2015	9.079	6.792	9.500	15.167	8.808
03/04/2015	8.394	7.018	8.938	15.042	25.830
04/04/2015	2.009	7.495	8.979	15.688	22.830
05/04/2015	10.301	7.370	9.250	15.729	19.500
06/04/2015	13.407	7.497	9.188	15.854	13.700
07/04/2015	15.860	6.627	9.562	15.042	18.610
08/04/2015	0.000	7.304	8.750	15.312	13.050
09/04/2015	0.000	7.852	8.500	15.854	8.268
10/04/2015	0.000	7.786	8.875	16.042	6.590
11/04/2015	0.000	6.776	9.438	15.167	11.260
12/04/2015	0.000	7.186	9.312	15.604	18.830
13/04/2015	0.000	7.548	9.000	15.854	10.450
14/04/2015	0.000	7.429	8.938	15.667	8.210
15/04/2015	2.384	8.497	8.312	16.646	7.130
16/04/2015	19.924	8.415	9.125	17.104	5.915
17/04/2015	7.544	6.840	8.417	14.562	5.672
18/04/2015	0.000	7.107	9.188	15.479	6.590
19/04/2015	3.195	6.145	9.000	14.125	6.725
20/04/2015	0.666	7.644	9.667	16.542	6.860
21/04/2015	19.383	6.579	9.125	14.792	27.150
22/04/2015	0.462	6.398	9.000	14.479	15.530
23/04/2015	0.462	7.081	9.688	15.875	27.260
24/04/2015	0.000	6.753	9.812	15.562	16.370
25/04/2015	0.000	6.312	8.875	14.312	36.290
26/04/2015	0.000	6.617	9.000	14.812	36.290
27/04/2015	0.000	6.908	9.062	15.250	66.060
28/04/2015	0.000	6.098	9.438	14.500	25.830
29/04/2015	0.000	7.004	8.562	15.042	15.850
30/04/2015	0.000	7.481	9.146	16.104	10.610
01/05/2015	17.999	6.382	9.625	15.042	8.808
02/05/2015	0.000	8.721	8.500	17.354	7.535
03/05/2015	1.869	7.526	9.375	16.375	7.670
04/05/2015	0.000	9.459	8.542	18.417	6.995
05/05/2015	15.544	6.416	9.750	15.229	6.050
06/05/2015	20.689	6.429	8.812	14.562	6.590
07/05/2015	0.000	7.551	8.104	15.583	5.807
08/05/2015	0.000	5.846	9.125	14.062	5.915
09/05/2015	0.000	6.211	9.229	14.625	7.130
10/05/2015	0.000	6.728	9.812	15.750	19.100
11/05/2015	0.000	5.584	10.312	14.688	21.470
12/05/2015	0.000	6.100	9.750	14.917	11.430
13/05/2015	0.000	5.649	10.208	14.708	13.050
14/05/2015	0.000	3.713	10.688	12.875	20.170
15/05/2015	2.398	6.246	8.750	14.396	15.260
16/05/2015	0.000	5.945	9.812	14.812	15.460
17/05/2015	1.126	5.964	9.875	14.896	16.630
19/05/2015	0.000	7.402	8.479	15.833	23.580
20/05/2015	0.000	6.761	9.250	15.521	20.780
21/05/2015	0.000	6.543	9.688	15.562	32.830
22/05/2015	12.665	7.686	8.688	16.417	21.780
23/05/2015	0.000	6.247	9.542	15.083	18.450
24/05/2015	0.000	7.372	8.583	15.938	11.430
25/05/2015	0.000	5.386	9.250	13.750	9.300
26/05/2015	0.000	6.639	8.917	15.188	12.270
27/05/2015	0.000	6.935	9.292	15.875	19.480
28/05/2015	0.000	6.326	9.125	14.938	18.450
29/05/2015	0.000	5.424	8.979	13.625	19.430
30/05/2015	13.081	6.667	7.896	14.542	18.980
31/05/2015	0.000	6.375	9.812	15.542	16.100
01/06/2015	0.000	5.683	9.771	14.604	19.750
02/06/2015	0.000	6.446	9.292	15.271	15.460
03/06/2015	0.000	4.969	9.604	13.562	36.540
04/06/2015	0.661	6.491	9.354	15.396	56.510
06/06/2015	0.000	6.245	9.417	15.125	68.600
07/06/2015	0.000	6.337	8.354	14.479	27.860
08/06/2015	0.000	6.258	9.375	15.125	68.600
09/06/2015	5.251	6.887	9.583	16.146	27.860
10/06/2015	34.489	6.970	9.417	16.146	47.390
11/06/2015	0.000	5.497	9.062	13.875	25.010
12/06/2015	0.000	5.969	9.812	15.083	25.830
13/06/2015	0.000	5.314	8.938	13.542	19.750
14/06/2015	0.658	7.362	8.271	15.917	17.470
15/06/2015	0.000	6.169	9.604	15.208	20.560
16/06/2015	0.000	6.604	9.354	15.625	27.940
17/06/2015	0.000	6.098	9.917	15.354	21.510
18/06/2015	0.000	5.543	9.250	14.104	19.750
19/06/2015	4.349	4.919	9.500	13.479	46.110
22/06/2015	0.000	4.714	8.312	12.271	70.300
23/06/2015	4.323	4.811	9.229	13.125	93.630
26/06/2015	1.237	3.968	9.542	12.333	72.420
28/06/2015	0.000	4.030	8.333	11.396	75.600
29/06/2015	0.000	5.933	8.292	13.917	59.570
30/06/2015	0.000	5.709	9.125	14.229	32.080
01/07/2015	0.000	6.743	9.208	15.708	25.830
02/07/2015	0.000	7.133	9.625	16.542	23.960
03/07/2015	0.000	7.298	7.042	14.979	16.560
04/07/2015	0.000	5.433	9.812	14.375	16.100
05/07/2015	0.000	5.371	10.188	14.583	19.290
06/07/2015	16.051	6.172	9.042	14.771	34.810
07/07/2015	0.000	7.596	9.438	17.021	25.080
08/07/2015	0.000	6.642	9.312	15.604	19.820
09/07/2015	0.000	7.002	9.062	15.917	14.480
10/07/2015	0.000	4.881	9.458	13.354	19.780
11/07/2015	0.000	5.543	9.458	14.208	65.200
12/07/2015	0.000	4.989	10.188	14.062	24.630
13/07/2015	0.000	7.754	8.771	16.729	15.260
14/07/2015	0.000	6.024	9.771	15.062	11.430
15/07/2015	0.000	6.167	9.250	14.854	11.600
16/07/2015	0.000	5.284	9.750	14.062	13.010
17/07/2015	0.000	7.045	7.542	14.833	13.320
18/07/2015	0.000	6.885	9.146	15.729	34.920
19/07/2015	0.000	6.214	9.688	15.208	19.960
20/07/2015	0.000	7.650	8.375	16.229	13.700
21/07/2015	0.000	7.121	9.208	16.062	12.540
22/07/2015	0.000	5.178	9.375	13.583	56.530
23/07/2015	0.000	6.139	9.125	14.646	43.990
24/07/2015	0.000	5.821	8.208	13.521	19.960
25/07/2015	0.000	6.083	8.417	14.021	16.100
26/07/2015	0.000	7.786	7.667	15.854	14.480
27/07/2015	34.938	6.414	8.938	14.833	57.290
28/07/2015	0.000	6.145	9.021	14.521	30.870
31/07/2015	0.000	6.819	8.042	14.688	79.840
01/08/2015	0.000	5.283	8.521	12.958	31.860
02/08/2015	2.355	5.863	8.958	14.042	33.670
03/08/2015	0.000	7.637	8.333	15.979	22.830
04/08/2015	0.000	6.508	9.354	15.167	19.750
05/08/2015	0.000	5.103	9.417	13.396	23.360
06/08/2015	0.000	7.731	8.062	15.875	17.920
07/08/2015	0.000	5.799	9.333	14.188	15.940
08/08/2015	4.963	5.413	9.625	13.917	16.170
09/08/2015	17.554	7.325	9.333	16.167	16.790
10/08/2015	0.000	7.285	7.833	15.042	13.510
11/08/2015	0.000	6.277	9.458	14.854	11.820
12/08/2015	0.000	5.739	8.958	13.771	9.628
13/08/2015	0.000	5.665	9.417	14.021	10.940
14/08/2015	2.121	5.480	10.042	14.271	28.830
16/08/2015	0.000	5.446	9.833	14.042	48.690
17/08/2015	5.018	7.424	9.396	16.229	27.940
18/08/2015	0.000	7.527	8.333	15.604	16.560
19/08/2015	0.000	6.402	8.271	14.042	25.080
20/08/2015	0.000	7.237	9.354	15.917	18.610
21/08/2015	0.000	5.395	8.750	13.083	12.930
22/08/2015	0.000	7.196	8.208	15.021	11.600
23/08/2015	0.609	7.460	9.000	15.917	10.610
24/08/2015	0.000	6.332	9.583	14.875	15.330
25/08/2015	2.474	6.713	8.771	14.750	15.260
26/08/2015	0.000	7.428	9.021	15.854	11.100
27/08/2015	0.000	7.062	7.958	14.604	14.480
28/08/2015	6.555	4.593	9.771	12.896	16.100
29/08/2015	0.000	6.509	8.646	14.354	12.930
30/08/2015	0.000	6.746	7.104	13.542	12.730
31/08/2015	0.000	5.670	9.083	13.604	15.820
01/09/2015	0.000	4.542	8.833	12.042	22.980
02/09/2015	0.000	6.737	7.854	14.042	16.100
03/09/2015	4.273	6.878	8.188	14.458	16.240
04/09/2015	0.000	8.078	6.396	14.833	11.820
05/09/2015	0.000	7.067	8.062	14.604	10.120
06/09/2015	0.000	6.432	8.667	14.208	10.280
07/09/2015	0.000	7.180	8.896	15.333	14.870
08/09/2015	0.000	8.275	8.958	16.792	11.950
09/09/2015	0.988	6.187	10.083	14.958	12.340
10/09/2015	0.000	7.727	9.104	16.167	25.830
11/09/2015	0.000	6.857	8.729	14.771	15.260
12/09/2015	0.000	8.345	7.854	16.104	11.300
13/09/2015	0.000	8.850	6.021	15.583	9.464
14/09/2015	0.000	8.927	6.583	16.042	7.805
15/09/2015	0.000	8.584	6.792	15.708	7.130
16/09/2015	0.000	7.883	8.375	15.833	6.320
17/09/2015	0.000	10.049	8.625	18.833	5.915
18/09/2015	2.293	7.966	8.979	16.354	6.050
19/09/2015	7.697	6.939	8.792	14.896	6.050
20/09/2015	0.000	7.051	8.188	14.604	5.672
21/09/2015	0.723	8.381	8.229	16.375	6.050
22/09/2015	0.635	7.146	9.292	15.521	6.860
23/09/2015	0.000	7.683	8.854	15.896	5.456
24/09/2015	0.000	7.953	8.292	15.854	5.132
25/09/2015	0.000	7.102	7.979	14.521	5.024
26/09/2015	0.000	8.051	7.792	15.646	5.024
27/09/2015	0.000	6.927	8.896	14.958	5.024
28/09/2015	0.000	7.934	8.104	15.708	4.808
29/09/2015	1.927	8.494	8.917	17.000	4.592
30/09/2015	32.750	9.139	9.583	18.292	3.836
01/10/2015	4.701	6.901	9.438	15.333	5.510
02/10/2015	0.000	8.269	8.292	16.292	6.455
03/10/2015	0.000	6.306	8.896	14.188	5.132
04/10/2015	0.000	6.983	9.958	15.833	7.130
05/10/2015	0.000	7.532	9.167	15.958	7.130
06/10/2015	0.000	8.723	7.854	16.625	5.834
07/10/2015	1.883	7.861	8.542	15.958	4.700
08/10/2015	0.000	8.240	8.229	16.250	4.700
09/10/2015	0.000	8.927	8.417	17.292	4.160
10/10/2015	0.000	7.566	9.146	16.021	4.052
11/10/2015	0.000	7.835	9.438	16.583	4.052
12/10/2015	1.207	6.632	9.646	15.208	4.376
13/10/2015	33.505	7.565	9.812	16.521	4.808
14/10/2015	17.052	6.545	9.521	15.021	5.132
15/10/2015	6.782	6.982	9.354	15.458	37.590
16/10/2015	0.000	6.031	8.979	13.979	18.980
17/10/2015	0.000	6.807	9.062	15.042	15.330
18/10/2015	0.000	5.973	8.479	13.542	16.300
19/10/2015	25.382	8.809	7.604	16.708	12.600
20/10/2015	0.000	7.637	8.167	15.521	6.860
21/10/2015	0.000	8.877	7.167	16.542	5.915
22/10/2015	0.000	9.220	7.583	17.292	5.564
23/10/2015	6.077	7.891	9.188	16.604	5.564
24/10/2015	3.302	7.897	8.042	15.833	4.808
25/10/2015	0.000	8.223	8.542	16.625	5.672
26/10/2015	1.927	7.214	7.833	14.792	5.186
27/10/2015	0.000	6.787	9.500	15.438	5.240
28/10/2015	0.000	8.747	7.854	16.917	7.728
29/10/2015	0.000	9.029	8.167	17.521	6.590
30/10/2015	0.000	10.034	8.167	18.896	5.888
31/10/2015	23.798	8.149	9.354	17.167	4.484
01/11/2015	30.707	6.916	10.354	16.292	5.888
02/11/2015	0.000	7.394	9.604	16.375	6.050
03/11/2015	28.837	8.215	9.312	17.271	6.185
04/11/2015	0.000	7.309	8.375	15.417	6.482
05/11/2015	0.000	6.579	9.104	14.979	6.185
06/11/2015	0.000	8.033	9.750	17.375	6.185
07/11/2015	27.818	4.168	9.354	12.188	14.870
08/11/2015	12.489	7.219	8.292	15.292	10.840
09/11/2015	4.533	7.045	8.167	14.979	7.130
10/11/2015	4.559	7.746	8.021	15.854	7.130
12/11/2015	0.000	6.471	9.354	15.104	4.835
13/11/2015	0.000	7.091	8.625	15.417	4.484
14/11/2015	0.000	6.648	8.833	14.979	4.484
15/11/2015	42.580	6.663	8.875	15.042	3.944
16/11/2015	21.206	7.254	9.083	16.000	5.564
17/11/2015	23.872	5.180	8.688	12.958	6.725
18/11/2015	0.000	6.794	8.667	15.104	7.940
19/11/2015	0.000	8.376	8.917	17.458	7.940
20/11/2015	0.000	7.630	9.229	16.667	7.535
21/11/2015	2.223	7.060	9.854	16.354	7.670
22/11/2015	0.000	6.735	9.750	15.854	15.530
23/11/2015	0.000	7.479	8.250	15.812	11.680
24/11/2015	0.000	7.322	8.875	16.042	10.090
25/11/2015	0.000	7.350	8.979	16.167	21.190
26/11/2015	0.000	7.976	8.125	16.458	9.850
27/11/2015	0.000	7.096	8.208	15.292	7.400
28/11/2015	0.000	8.563	8.917	17.833	6.050
29/11/2015	0.000	7.278	9.417	16.417	5.240
30/11/2015	3.872	6.211	9.667	15.167	5.564
01/12/2015	0.000	5.734	9.583	14.479	7.670
02/12/2015	0.000	4.889	10.042	13.771	11.930
03/12/2015	0.000	7.051	6.500	14.104	6.185
04/12/2015	3.905	5.061	9.188	13.312	5.240
05/12/2015	6.783	6.701	9.062	15.417	5.348
06/12/2015	0.000	7.471	7.417	15.354	4.484
07/12/2015	0.000	7.265	8.438	15.771	3.836
08/12/2015	0.000	7.787	8.021	16.229	3.728
09/12/2015	0.000	7.345	8.562	15.979	3.536
10/12/2015	13.253	6.681	8.688	15.146	3.119
11/12/2015	0.000	7.207	6.646	14.479	2.952
12/12/2015	0.000	8.543	6.417	16.292	2.785
13/12/2015	0.000	8.278	6.917	16.229	3.119
14/12/2015	0.000	7.348	8.708	16.104	2.868
15/12/2015	44.092	7.152	8.917	15.979	3.610
16/12/2015	37.155	6.512	9.104	15.229	3.836
17/12/2015	5.483	5.235	8.958	13.396	3.536
18/12/2015	0.000	7.875	8.438	16.667	5.294
19/12/2015	0.000	6.084	9.521	14.958	18.060
20/12/2015	0.000	5.567	8.625	13.583	9.715
21/12/2015	0.000	7.504	7.375	15.417	5.348
22/12/2015	0.000	7.904	7.354	15.979	4.052
23/12/2015	0.000	7.439	8.792	16.292	3.536
24/12/2015	0.000	8.166	7.167	16.229	3.728
25/12/2015	0.000	6.987	7.562	14.792	3.119
26/12/2015	25.785	6.901	8.104	15.042	3.202
27/12/2015	0.000	7.039	8.688	15.646	2.868
28/12/2015	0.000	7.228	8.438	15.729	3.384
29/12/2015	0.000	6.975	8.771	15.604	2.535
30/12/2015	0.000	5.981	9.521	14.792	2.535
31/12/2015	0.000	6.452	9.771	15.604	3.286
01/01/2016	0.000	7.559	9.125	16.646	2.933
02/01/2016	63.870	5.718	9.667	14.542	2.037
03/01/2016	0.000	7.605	8.604	16.333	1.875
04/01/2016	11.085	7.860	8.917	16.896	1.684
05/01/2016	1.534	8.615	9.417	18.271	2.428
06/01/2016	2.685	7.371	9.375	16.521	4.907
07/01/2016	1.698	8.801	10.062	18.938	7.134
08/01/2016	38.345	7.472	10.958	17.771	2.509
09/01/2016	25.889	8.283	9.875	18.083	2.387
10/01/2016	4.651	7.435	10.708	17.521	6.780
11/01/2016	0.000	7.592	10.521	17.583	6.604
12/01/2016	1.505	7.461	11.208	17.896	4.075
13/01/2016	0.000	7.754	10.604	17.833	2.606
14/01/2016	0.000	10.353	8.938	20.229	1.888
15/01/2016	0.000	9.613	8.208	18.729	1.262
16/01/2016	0.000	9.814	8.583	19.229	1.550
17/01/2016	0.000	8.943	9.042	18.312	1.088
18/01/2016	0.000	10.196	10.104	20.688	0.613
19/01/2016	0.000	10.118	7.833	19.125	0.517
21/01/2016	0.000	7.561	8.458	15.958	0.600
23/01/2016	0.000	8.946	9.438	18.479	0.567
24/01/2016	0.000	7.982	9.229	17.021	1.038
25/01/2016	0.000	7.112	9.250	15.854	0.613
26/01/2016	0.000	9.426	9.104	18.854	0.500
27/01/2016	0.000	10.727	7.958	19.875	0.500
28/01/2016	0.000	10.964	7.396	19.833	0.550
29/01/2016	0.000	10.307	8.708	19.729	0.588
30/01/2016	0.000	9.906	8.708	19.167	0.500
31/01/2016	0.000	10.587	8.542	19.958	0.500
01/02/2016	0.000	9.643	8.771	18.812	0.500
05/02/2016	23.807	6.603	10.125	15.688	1.100
06/02/2016	0.000	8.406	8.000	16.542	0.700
08/02/2016	0.000	5.120	9.604	13.417	5.357
09/02/2016	0.000	6.145	9.438	14.542	6.070
10/02/2016	0.000	5.834	10.729	15.146	3.935
11/02/2016	3.779	7.295	9.542	16.062	7.229
12/02/2016	0.000	5.895	10.125	14.729	3.128
13/02/2016	0.000	7.769	8.708	16.062	1.638
14/02/2016	0.000	7.582	9.312	16.229	1.300
15/02/2016	0.000	7.204	9.083	15.562	1.777
16/02/2016	0.000	6.809	9.792	15.562	6.108
17/02/2016	0.000	6.916	9.875	15.750	3.209
18/02/2016	0.000	6.552	9.417	14.938	3.419
19/02/2016	0.000	8.412	8.167	16.458	3.194
20/02/2016	0.000	7.908	10.062	17.104	1.275
21/02/2016	0.000	6.588	10.146	15.500	3.976
22/02/2016	0.000	8.755	10.438	18.417	6.971
23/02/2016	0.000	7.633	10.958	17.375	4.574
24/02/2016	0.000	7.089	10.500	16.354	6.101
25/02/2016	7.454	8.253	9.792	17.292	7.108
26/02/2016	14.210	8.540	10.625	18.229	13.219
27/02/2016	1.001	7.883	11.021	17.688	6.520
28/02/2016	0.000	8.134	10.750	17.792	2.456
29/02/2016	0.000	7.569	10.375	16.812	2.288
01/03/2016	23.488	7.173	10.875	16.688	2.163
02/03/2016	1.578	5.409	11.125	14.812	5.817
03/03/2016	0.000	6.190	10.500	15.208	8.716
04/03/2016	0.000	7.019	10.625	16.292	19.003
05/03/2016	0.831	8.367	10.146	17.604	16.581
06/03/2016	0.000	9.300	9.250	18.167	11.266
07/03/2016	39.368	7.361	10.479	16.583	9.124
08/03/2016	13.097	8.074	9.125	16.500	6.455
09/03/2016	0.000	8.187	10.146	17.354	3.559
10/03/2016	4.812	9.507	8.604	17.979	8.149
11/03/2016	14.891	9.100	10.042	18.417	18.062
12/03/2016	0.000	8.927	10.271	18.354	6.510
13/03/2016	24.285	7.756	10.562	17.104	26.484
14/03/2016	0.000	8.779	9.917	17.917	13.928
15/03/2016	0.000	7.256	9.812	15.938	8.669
16/03/2016	0.000	8.050	9.625	16.792	7.039
17/03/2016	0.000	7.007	10.062	15.812	16.543
18/03/2016	0.000	7.647	9.375	16.104	69.570
19/03/2016	0.000	7.280	9.750	15.917	20.402
20/03/2016	0.000	6.777	10.104	15.562	16.590
21/03/2016	0.000	5.346	9.562	13.438	15.855
22/03/2016	0.000	6.126	9.417	14.250	19.168
23/03/2016	0.000	5.884	9.438	13.979	23.734
24/03/2016	0.000	7.806	8.667	15.812	16.446
25/03/2016	0.000	8.609	9.312	17.292	9.525
26/03/2016	0.000	7.474	8.729	15.438	5.668
27/03/2016	0.000	8.351	9.979	17.438	3.638
28/03/2016	14.565	7.693	10.562	17.042	2.838
29/03/2016	0.000	9.025	10.062	18.354	2.325
30/03/2016	8.576	7.481	10.562	16.792	3.416
31/03/2016	3.631	7.907	10.000	16.917	2.784
01/04/2016	0.000	6.609	10.625	15.792	3.824
02/04/2016	5.300	6.371	10.500	15.417	14.114
03/04/2016	0.000	8.129	10.750	17.750	20.930
04/04/2016	6.579	5.513	10.438	14.375	62.551
05/04/2016	0.000	8.052	10.250	17.312	20.706
06/04/2016	0.000	6.731	10.250	15.688	13.478
07/04/2016	0.000	8.296	10.229	17.625	11.108
08/04/2016	0.000	7.503	10.604	16.917	10.526
09/04/2016	19.317	6.179	10.438	15.188	34.179
10/04/2016	0.000	7.229	9.938	16.104	20.945
11/04/2016	0.000	8.609	10.104	17.979	20.307
12/04/2016	33.784	3.881	10.979	13.125	19.554
13/04/2016	0.000	6.884	10.250	15.938	24.636
14/04/2016	0.000	9.581	10.000	19.188	19.805
15/04/2016	0.000	7.540	10.354	16.854	13.886
16/04/2016	0.000	7.243	10.562	16.646	8.494
17/04/2016	13.611	5.161	10.750	14.312	11.196
18/04/2016	0.000	6.701	9.562	15.250	19.893
19/04/2016	0.000	7.650	8.688	15.854	14.476
20/04/2016	0.000	7.161	9.583	15.875	9.834
21/04/2016	0.000	7.681	9.562	16.542	10.743
22/04/2016	21.416	6.040	10.229	14.979	14.220
23/04/2016	0.000	7.113	9.354	15.688	17.302
24/04/2016	0.000	6.378	10.312	15.479	17.257
25/04/2016	10.260	7.794	10.562	17.458	19.030
26/04/2016	4.576	7.458	10.125	16.729	10.836
27/04/2016	11.954	7.127	10.792	16.812	12.899
28/04/2016	19.052	4.149	10.000	12.646	34.015
29/04/2016	0.000	7.459	9.625	16.417	27.235
30/04/2016	1.636	4.528	9.500	12.667	14.154
01/05/2016	4.014	6.304	9.438	14.812	14.118
02/05/2016	4.214	8.266	9.104	17.167	11.023
03/05/2016	0.000	6.074	10.062	15.021	18.974
04/05/2016	2.144	7.427	9.604	16.438	17.499
05/05/2016	0.200	6.543	10.125	15.688	12.241
06/05/2016	6.445	8.111	8.417	16.562	12.209
07/05/2016	23.742	6.839	9.312	15.500	32.612
08/05/2016	0.000	8.284	8.354	16.792	15.089
09/05/2016	9.615	7.318	9.896	16.583	21.032
10/05/2016	1.532	7.040	9.375	15.854	16.214
11/05/2016	5.120	6.540	10.188	15.812	30.530
12/05/2016	6.610	6.703	9.375	15.438	17.567
13/05/2016	0.000	4.700	9.875	13.292	11.209
14/05/2016	0.000	5.768	9.688	14.479	15.273
15/05/2016	9.708	7.103	9.417	16.042	56.937
16/05/2016	0.000	6.732	10.125	16.083	45.525
17/05/2016	0.000	5.816	10.562	15.250	30.231
18/05/2016	0.000	5.927	10.771	15.562	28.326
19/05/2016	0.000	5.131	9.750	13.771	23.252
20/05/2016	0.000	5.714	10.312	14.958	19.764
21/05/2016	0.000	6.341	10.417	15.854	18.725
22/05/2016	0.000	6.282	10.667	15.979	20.461
23/05/2016	0.000	6.148	10.688	15.833	14.602
24/05/2016	0.000	5.348	10.292	14.521	58.126
25/05/2016	0.000	6.391	10.438	15.979	31.878
26/05/2016	1.475	6.383	9.292	15.125	15.094
27/05/2016	2.223	8.054	8.292	16.750	9.401
28/05/2016	6.065	5.461	9.292	13.917	9.150
29/05/2016	0.000	6.539	9.583	15.583	38.369
30/05/2016	0.000	8.033	9.354	17.479	23.555
31/05/2016	19.255	6.103	9.479	14.938	29.740
01/06/2016	0.000	6.821	9.792	16.146	63.891
02/06/2016	0.000	5.331	10.125	14.438	30.868
03/06/2016	0.000	6.720	9.979	16.167	19.618
04/06/2016	9.301	8.192	9.188	17.646	26.433
05/06/2016	0.000	8.276	8.875	17.562	15.517
06/06/2016	0.000	6.437	9.562	15.500	10.605
07/06/2016	0.000	6.980	8.625	15.583	10.118
08/06/2016	36.818	7.299	8.688	16.083	24.174
09/06/2016	0.000	6.347	8.250	14.438	15.566
10/06/2016	0.000	6.463	8.333	14.667	15.537
11/06/2016	0.000	5.654	8.667	13.792	24.159
12/06/2016	0.000	6.567	8.229	14.750	43.633
13/06/2016	13.893	4.498	9.250	12.729	56.519
14/06/2016	0.000	5.966	8.208	13.896	34.481
15/06/2016	0.000	5.895	8.479	14.000	26.221
16/06/2016	0.000	4.594	8.208	12.021	55.029
17/06/2016	0.000	5.137	8.771	13.188	38.583
18/06/2016	0.000	6.886	7.938	15.021	47.541
19/06/2016	0.000	4.589	9.146	12.771	54.444
20/06/2016	0.000	5.570	8.979	13.938	39.672
21/06/2016	0.000	6.627	8.833	15.292	65.812
22/06/2016	0.000	6.543	9.167	15.417	68.589
23/06/2016	0.000	5.796	9.479	14.625	42.824
24/06/2016	0.000	5.781	9.479	14.604	38.957
25/06/2016	0.000	6.157	8.792	14.604	59.491
26/06/2016	0.000	5.213	8.417	13.021	34.542
27/06/2016	0.000	6.724	8.417	15.125	35.389
28/06/2016	0.000	5.595	9.188	14.125	33.171
29/06/2016	0.000	6.074	9.354	14.896	43.695
30/06/2016	0.000	3.737	9.354	11.896	64.381
01/07/2016	0.000	4.396	9.000	12.396	98.058
02/07/2016	1.273	6.579	8.875	15.229	77.373
03/07/2016	0.000	4.486	9.708	13.083	61.800
04/07/2016	0.000	5.289	9.500	13.938	80.750
05/07/2016	0.000	6.721	8.417	15.083	62.734
06/07/2016	0.000	5.268	8.854	13.396	42.894
07/07/2016	0.000	7.315	8.333	15.854	33.817
08/07/2016	0.000	6.483	8.646	14.896	36.190
09/07/2016	0.000	6.281	8.271	14.333	26.327
10/07/2016	7.841	5.269	9.333	13.750	20.879
11/07/2016	0.000	6.669	8.958	15.354	21.481
12/07/2016	1.645	7.324	8.708	16.083	25.974
13/07/2016	0.000	6.607	9.500	15.646	16.798
14/07/2016	0.000	6.104	9.083	14.646	31.576
15/07/2016	0.000	7.603	8.583	16.354	27.521
16/07/2016	0.604	7.635	8.354	16.229	17.935
17/07/2016	15.703	6.637	8.896	15.208	23.811
18/07/2016	0.000	5.364	8.167	12.917	33.891
19/07/2016	0.000	6.268	8.479	14.375	24.431
20/07/2016	0.000	4.607	8.812	12.417	22.786
21/07/2016	0.000	4.895	8.042	12.167	57.564
22/07/2016	0.000	5.373	7.542	12.417	50.118
23/07/2016	0.000	6.871	8.104	14.896	31.920
24/07/2016	0.000	7.819	8.312	16.354	26.504
25/07/2016	15.174	4.975	8.188	12.354	41.023
26/07/2016	0.000	7.565	6.854	14.979	20.237
27/07/2016	4.834	5.737	8.667	13.708	59.139
28/07/2016	13.703	5.894	7.729	13.208	61.959
29/07/2016	0.000	6.233	7.958	13.833	73.118
30/07/2016	0.000	6.515	8.104	14.312	50.854
31/07/2016	0.000	4.989	8.688	12.708	41.862
01/08/2016	0.000	5.606	7.729	12.771	29.763
02/08/2016	0.000	4.282	8.583	11.729	23.790
03/08/2016	0.000	4.992	8.083	12.208	37.936
04/08/2016	0.000	6.412	8.583	14.458	36.415
05/08/2016	0.000	7.905	6.958	15.375	35.121
06/08/2016	0.000	7.275	8.833	15.771	29.812
07/08/2016	0.000	6.022	9.812	14.833	16.926
08/08/2016	0.000	6.090	9.333	14.542	29.255
09/08/2016	0.000	6.252	8.396	14.042	27.489
10/08/2016	0.000	6.026	8.896	14.104	24.520
11/08/2016	0.996	6.852	8.729	15.062	36.562
12/08/2016	0.000	6.738	8.208	14.521	32.633
13/08/2016	0.000	6.949	7.917	14.583	21.638
14/08/2016	0.000	7.142	8.125	14.979	21.714
15/08/2016	0.000	5.732	9.104	13.833	20.792
16/08/2016	0.000	5.933	9.354	14.271	17.527
17/08/2016	0.000	5.542	10.417	14.604	14.866
18/08/2016	0.000	7.239	9.479	16.021	14.927
19/08/2016	1.163	5.974	9.083	14.083	15.339
20/08/2016	0.000	7.245	7.417	14.542	15.613
21/08/2016	0.000	5.468	7.833	12.458	12.787
22/08/2016	4.757	5.414	8.979	13.271	57.143
23/08/2016	0.000	6.966	7.708	14.333	38.026
24/08/2016	0.000	8.288	6.854	15.542	19.931
25/08/2016	0.000	6.936	8.146	14.583	12.453
26/08/2016	0.000	5.832	8.750	13.583	21.174
27/08/2016	0.000	6.642	8.312	14.292	24.174
28/08/2016	0.000	8.366	8.521	16.708	18.702
29/08/2016	14.976	7.125	9.021	15.417	13.026
30/08/2016	16.868	6.483	9.104	14.646	10.665
31/08/2016	2.387	6.908	8.312	14.604	9.806
01/09/2016	11.269	7.297	8.542	15.271	15.116
02/09/2016	0.000	7.642	8.708	15.833	15.214
03/09/2016	0.000	9.893	6.583	17.438	10.088
04/09/2016	0.000	8.361	8.792	16.812	10.954
05/09/2016	0.000	8.624	8.167	16.729	11.407
06/09/2016	10.240	7.915	8.604	16.083	12.564
07/09/2016	0.000	6.344	8.917	14.271	22.983
08/09/2016	0.000	8.361	7.479	15.896	14.359
09/09/2016	0.000	7.960	8.729	16.208	11.724
10/09/2016	0.000	4.779	8.854	12.292	17.011
11/09/2016	0.000	6.748	8.583	14.521	26.558
12/09/2016	0.000	8.219	7.708	15.833	18.850
13/09/2016	0.000	10.229	8.167	18.792	17.436
14/09/2016	35.398	5.100	9.583	13.250	79.519
15/09/2016	0.000	7.168	8.604	15.062	30.271
16/09/2016	0.000	10.115	6.833	17.792	18.994
17/09/2016	0.000	8.549	8.292	16.646	13.873
18/09/2016	0.557	8.205	8.042	16.021	9.926
19/09/2016	0.000	6.117	8.104	13.333	11.422
20/09/2016	5.655	7.075	8.292	14.708	16.831
21/09/2016	14.799	8.243	7.417	15.646	11.350
22/09/2016	0.000	7.567	8.000	15.146	10.890
23/09/2016	0.000	7.824	9.333	16.417	13.535
24/09/2016	0.000	5.923	9.167	13.896	21.586
25/09/2016	0.000	6.683	8.729	14.521	19.883
26/09/2016	0.000	7.826	8.042	15.521	24.586
27/09/2016	0.000	7.824	8.375	15.750	19.661
28/09/2016	0.000	6.627	8.562	14.333	11.695
29/09/2016	0.000	8.343	8.708	16.667	9.785
30/09/2016	12.502	9.505	8.292	17.917	9.832
01/10/2016	26.589	7.691	9.604	16.458	18.167
02/10/2016	36.757	6.301	9.812	14.875	32.692
03/10/2016	0.000	7.465	8.417	15.333	19.594
04/10/2016	0.000	9.673	8.104	18.042	12.066
05/10/2016	2.582	7.505	9.500	16.167	23.340
06/10/2016	4.630	8.013	9.688	16.958	13.201
07/10/2016	33.801	8.002	9.312	16.688	15.780
08/10/2016	0.000	7.560	10.125	16.708	15.538
09/10/2016	30.384	6.837	9.625	15.438	20.099
10/10/2016	3.350	6.364	9.708	14.917	19.276
11/10/2016	0.000	7.744	8.917	16.104	11.695
12/10/2016	0.000	7.246	9.167	15.646	10.459
13/10/2016	0.000	9.622	9.229	18.792	10.864
14/10/2016	11.435	6.218	10.021	15.000	20.399
15/10/2016	0.000	6.906	8.729	14.917	18.158
16/10/2016	0.000	9.189	8.042	17.479	16.665
17/10/2016	0.000	8.867	7.729	16.854	9.716
18/10/2016	0.000	6.665	8.667	14.583	8.888
19/10/2016	0.000	8.979	7.583	16.938	7.680
20/10/2016	0.000	7.276	8.479	15.271	6.892
21/10/2016	0.000	6.845	9.417	15.396	7.149
22/10/2016	2.454	7.835	8.604	16.125	11.663
23/10/2016	2.300	8.627	9.854	18.042	11.408
24/10/2016	0.000	7.780	9.979	17.042	9.890
25/10/2016	0.000	7.300	10.042	16.479	10.579
26/10/2016	1.656	8.562	10.188	18.229	10.406
27/10/2016	0.000	10.270	8.938	19.667	8.520
28/10/2016	20.470	6.949	10.062	16.083	7.575
29/10/2016	0.000	7.221	8.750	15.500	6.525
30/10/2016	0.000	8.891	7.125	16.688	5.659
31/10/2016	4.795	9.920	7.792	18.542	7.286
01/11/2016	3.469	9.738	8.188	18.562	11.058
02/11/2016	0.000	7.079	9.438	15.854	8.729
03/11/2016	18.247	6.972	9.500	15.771	8.783
04/11/2016	0.000	5.658	9.729	14.271	13.914
05/11/2016	0.000	6.685	8.208	14.479	14.503
06/11/2016	13.359	8.152	7.438	15.979	10.576
07/11/2016	11.568	8.631	7.417	16.646	13.984
08/11/2016	4.302	8.296	8.375	16.833	8.822
09/11/2016	13.359	8.531	9.542	17.958	13.263
10/11/2016	2.923	8.138	9.562	17.458	11.576
11/11/2016	39.782	3.912	9.292	11.875	36.890
12/11/2016	0.000	9.618	7.042	17.875	17.984
13/11/2016	0.000	9.422	8.979	18.854	10.130
14/11/2016	8.071	6.659	10.354	16.125	8.356
15/11/2016	0.000	9.034	9.729	18.854	9.483
16/11/2016	0.000	8.041	9.354	17.271	6.061
17/11/2016	0.000	8.045	9.417	17.333	7.260
18/11/2016	22.705	8.473	8.875	17.562	8.855
19/11/2016	23.767	6.358	9.354	15.042	28.109
20/11/2016	0.000	8.625	9.792	18.417	18.586
21/11/2016	0.000	11.089	7.479	20.354	8.215
22/11/2016	0.000	10.955	5.604	19.083	7.475
23/11/2016	1.862	8.023	7.688	16.208	8.721
24/11/2016	0.000	7.463	9.354	16.583	6.239
25/11/2016	26.303	5.750	10.167	14.917	11.835
26/11/2016	26.654	7.960	9.604	17.458	22.345
27/11/2016	3.755	6.358	10.042	15.625	16.792
28/11/2016	0.000	7.272	9.812	16.688	18.415
29/11/2016	10.555	5.723	9.417	14.333	16.262
30/11/2016	0.000	7.739	8.354	16.333	16.166
01/12/2016	0.000	6.514	8.583	14.792	13.808
02/12/2016	12.252	6.014	8.458	14.021	11.597
03/12/2016	6.218	3.911	9.438	12.104	11.810
04/12/2016	0.000	7.259	7.292	14.958	10.861
05/12/2016	0.000	8.764	8.375	17.833	11.065
06/12/2016	0.000	7.976	9.021	17.167	11.569
07/12/2016	0.000	7.609	9.208	16.792	15.965
08/12/2016	0.000	7.986	9.104	17.250	11.855
09/12/2016	0.000	7.876	8.833	16.917	10.678
10/12/2016	0.000	7.728	9.729	17.333	9.296
11/12/2016	0.000	8.043	7.917	16.542	7.286
12/12/2016	14.722	6.814	8.500	15.208	4.456
13/12/2016	0.000	7.369	8.000	15.646	4.447
14/12/2016	0.000	8.389	7.812	16.979	4.075
15/12/2016	0.000	7.252	8.896	16.104	3.725
16/12/2016	0.000	5.120	8.646	13.000	5.325
17/12/2016	0.000	7.808	8.208	16.417	9.106
18/12/2016	3.428	7.497	8.396	16.104	3.812
19/12/2016	11.420	7.087	8.688	15.729	4.316
20/12/2016	18.014	5.898	9.354	14.583	3.922
21/12/2016	51.923	5.055	9.417	13.521	7.406
22/12/2016	0.000	8.335	8.500	17.354	11.145
23/12/2016	0.000	7.593	8.938	16.604	6.954
24/12/2016	0.000	6.211	9.917	15.417	5.300
25/12/2016	0.000	7.780	8.750	16.729	4.687
26/12/2016	0.000	7.666	9.500	17.083	7.759
27/12/2016	2.882	6.878	10.417	16.667	5.996
28/12/2016	0.000	7.861	9.667	17.458	5.969
29/12/2016	0.000	6.849	9.542	15.979	6.766
30/12/2016	27.689	5.636	10.167	14.833	5.936
01/01/2017	6.260	6.962	9.229	15.896	15.771
02/01/2017	2.660	6.616	9.000	15.250	13.286
03/01/2017	0.000	8.324	7.458	16.583	9.529
04/01/2017	4.602	7.750	9.500	17.146	7.499
05/01/2017	14.722	5.454	9.729	14.229	7.771
06/01/2017	0.000	5.837	9.167	14.292	9.324
07/01/2017	0.000	7.048	8.396	15.375	9.036
08/01/2017	0.000	5.593	9.062	13.875	11.722
09/01/2017	28.132	8.390	7.792	16.833	13.154
10/01/2017	14.710	7.780	9.167	16.896	18.804
11/01/2017	0.000	6.469	10.354	15.979	14.724
12/01/2017	0.000	7.738	9.104	16.771	16.984
13/01/2017	0.000	8.352	9.417	17.812	13.861
14/01/2017	41.683	6.596	9.042	15.146	13.269
15/01/2017	0.000	7.758	8.667	16.458	11.749
16/01/2017	0.000	7.925	9.979	17.583	9.899
17/01/2017	4.134	7.978	10.167	17.771	11.441
18/01/2017	25.276	5.604	9.292	13.979	15.790
19/01/2017	0.000	8.872	8.479	17.812	18.122
20/01/2017	48.174	6.459	9.354	15.125	14.057
21/01/2017	27.898	5.016	9.479	13.354	12.878
22/01/2017	0.000	10.101	6.646	18.312	10.353
23/01/2017	0.000	11.751	5.333	19.833	8.519
24/01/2017	0.000	10.222	5.667	17.854	7.641
25/01/2017	0.000	8.517	8.271	17.083	7.275
26/01/2017	0.000	5.732	8.417	13.396	7.312
27/01/2017	0.000	5.628	8.854	13.583	9.119
28/01/2017	0.000	6.075	8.792	14.104	12.140
29/01/2017	0.000	6.262	8.812	14.354	9.330
30/01/2017	0.000	7.664	8.208	15.792	10.785
31/01/2017	0.000	6.912	8.583	15.021	12.380
01/02/2017	0.000	8.496	7.521	16.438	11.000
02/02/2017	0.000	8.341	8.646	16.958	8.321
03/02/2017	0.000	8.000	8.125	16.125	7.600
04/02/2017	0.000	7.100	8.542	15.188	7.250
05/02/2017	0.000	8.446	8.667	17.062	7.125
06/02/2017	0.000	9.106	7.625	17.250	6.925
07/02/2017	0.000	7.173	8.729	15.375	5.925
08/02/2017	0.000	8.502	8.229	16.792	5.630
09/02/2017	0.000	8.788	9.729	18.167	5.449
10/02/2017	7.860	8.785	8.583	17.375	5.396
11/02/2017	0.000	9.338	8.979	18.354	5.754
12/02/2017	20.803	7.629	10.438	17.125	6.725
13/02/2017	2.891	9.003	9.688	18.354	6.513
14/02/2017	0.000	8.937	9.562	18.167	6.025
15/02/2017	19.535	9.471	7.854	17.729	5.845
16/02/2017	0.000	9.300	8.167	17.688	5.035
17/02/2017	0.000	9.061	8.833	17.792	5.545
18/02/2017	0.000	9.030	7.688	16.979	5.184
19/02/2017	0.000	9.509	9.188	18.583	5.696
20/02/2017	0.000	8.711	9.667	17.854	6.073
21/02/2017	0.000	9.458	8.417	17.979	5.056
22/02/2017	38.326	6.068	9.979	14.729	5.569
23/02/2017	0.000	9.039	8.000	17.125	5.154
24/02/2017	0.000	6.896	8.792	14.854	4.897
25/02/2017	5.902	7.579	8.917	15.812	5.549
26/02/2017	23.747	6.728	8.854	14.667	7.802
27/02/2017	0.000	6.277	8.542	13.854	7.172
28/02/2017	0.000	8.189	9.562	17.021	5.726
01/03/2017	6.045	8.529	8.979	17.042	6.362
02/03/2017	0.000	8.194	8.896	16.542	6.940
03/03/2017	3.330	8.164	9.500	16.917	9.748
04/03/2017	0.000	7.672	7.583	14.938	6.740
05/03/2017	3.985	7.908	9.542	16.604	5.962
06/03/2017	9.027	6.858	9.500	15.250	8.243
07/03/2017	16.229	4.371	9.500	12.312	8.372
08/03/2017	20.809	4.851	9.292	12.667	9.755
09/03/2017	0.000	6.730	9.062	14.750	10.861
10/03/2017	0.000	6.546	9.375	14.750	19.129
11/03/2017	6.864	7.311	8.667	15.188	11.591
12/03/2017	2.512	5.416	8.896	13.000	20.905
13/03/2017	8.181	7.268	9.125	15.458	16.494
14/03/2017	29.493	8.040	9.042	16.375	39.931
15/03/2017	7.537	5.532	9.417	13.542	17.964
16/03/2017	0.000	8.685	8.542	16.854	10.956
17/03/2017	0.000	8.737	10.625	18.354	10.573
18/03/2017	21.751	7.724	9.500	16.292	10.910
19/03/2017	0.000	7.025	9.188	15.188	11.923
20/03/2017	21.751	6.400	10.292	15.250	13.879
21/03/2017	0.000	7.864	9.104	16.188	13.699
22/03/2017	0.648	5.660	9.938	14.104	28.501
23/03/2017	0.639	9.033	8.521	17.292	17.469
24/03/2017	29.608	5.252	9.979	13.667	18.928
25/03/2017	27.084	8.437	9.750	17.375	27.631
26/03/2017	14.692	5.129	10.479	13.938	22.241
27/03/2017	19.720	8.259	9.375	16.896	14.854
28/03/2017	11.816	8.757	9.208	17.417	23.101
29/03/2017	29.768	5.929	10.500	14.875	16.692
30/03/2017	8.821	6.892	9.125	15.000	19.772
31/03/2017	21.650	5.851	9.812	14.250	35.853
01/04/2017	9.094	6.379	9.875	14.938	39.571
02/04/2017	0.000	7.223	9.875	15.979	15.972
03/04/2017	0.000	7.215	9.625	15.792	11.966
04/04/2017	0.000	9.419	8.542	17.875	9.478
05/04/2017	0.252	8.840	8.125	16.854	8.490
06/04/2017	0.000	8.321	8.104	16.167	7.716
07/04/2017	0.000	8.556	9.562	17.479	7.300
08/04/2017	9.835	8.374	9.375	17.125	7.100
09/04/2017	0.000	6.617	9.250	14.812	8.016
10/04/2017	10.604	7.728	9.479	16.396	8.199
11/04/2017	0.000	6.052	10.438	15.042	11.542
12/04/2017	1.985	5.804	9.688	14.167	14.324
13/04/2017	0.000	8.159	9.062	16.688	16.173
14/04/2017	9.424	6.443	9.812	15.062	17.067
15/04/2017	1.985	6.719	9.312	15.042	20.264
16/04/2017	0.000	8.485	8.625	16.854	15.311
17/04/2017	2.145	8.106	8.875	16.542	21.874
18/04/2017	10.071	8.602	9.000	17.292	16.038
19/04/2017	2.145	7.367	9.312	15.917	18.517
20/04/2017	20.479	5.615	10.542	14.688	18.762
21/04/2017	24.135	7.756	9.062	16.271	26.255
22/04/2017	11.252	8.677	9.500	17.792	32.899
23/04/2017	0.000	8.943	9.083	17.875	9.976
24/04/2017	4.149	7.459	9.312	16.104	8.964
25/04/2017	0.000	8.208	8.562	16.583	11.644
26/04/2017	27.973	5.549	10.125	14.333	17.205
27/04/2017	0.000	8.354	8.625	16.854	11.783
28/04/2017	1.679	5.396	9.438	13.625	8.835
29/04/2017	0.000	5.894	9.188	14.062	13.145
30/04/2017	0.000	5.612	8.854	13.458	28.209
01/05/2017	0.000	6.242	9.479	14.750	28.303
02/05/2017	0.000	7.622	9.104	16.292	18.203
03/05/2017	0.000	7.631	9.000	16.250	15.185
04/05/2017	4.599	7.428	9.562	16.396	18.171
05/05/2017	0.000	7.264	8.854	15.688	24.024
06/05/2017	5.829	6.564	9.896	15.542	17.135
07/05/2017	0.000	8.283	9.604	17.604	15.792
08/05/2017	33.011	5.757	10.667	15.146	20.097
09/05/2017	0.000	6.766	10.271	16.125	15.592
10/05/2017	59.529	6.728	10.125	15.979	34.337
11/05/2017	21.921	6.372	10.271	15.646	45.755
12/05/2017	10.314	7.882	10.062	17.479	20.441
13/05/2017	19.208	5.862	10.938	15.542	16.832
14/05/2017	25.766	5.512	10.854	15.062	22.894
15/05/2017	13.162	7.525	9.958	16.979	25.429
16/05/2017	12.965	6.934	9.812	16.104	18.841
17/05/2017	0.000	9.090	8.812	18.354	18.386
18/05/2017	0.000	7.303	10.188	16.896	14.822
19/05/2017	0.920	8.263	9.792	17.917	13.566
20/05/2017	0.000	7.215	10.021	16.688	12.514
21/05/2017	0.407	7.200	10.521	17.042	12.761
22/05/2017	19.745	4.094	10.562	13.229	26.805
23/05/2017	0.000	6.610	8.417	14.750	16.354
24/05/2017	0.000	6.285	9.958	15.458	11.720
25/05/2017	0.000	5.888	10.375	15.271	11.163
26/05/2017	0.000	7.107	9.417	16.188	10.691
27/05/2017	0.000	7.474	9.188	16.542	11.518
28/05/2017	0.000	6.997	8.542	15.438	10.202
29/05/2017	0.000	6.571	8.479	14.812	11.773
30/05/2017	0.000	7.251	9.042	16.167	10.394
31/05/2017	0.000	6.581	9.521	15.604	12.417
01/06/2017	0.000	5.810	11.146	15.833	17.404
02/06/2017	0.000	6.346	10.146	15.771	15.148
03/06/2017	0.000	6.559	10.646	16.438	11.684
04/06/2017	18.664	5.522	10.042	14.625	20.407
05/06/2017	5.838	7.264	10.854	17.542	31.366
06/06/2017	0.000	8.542	7.667	17.146	15.103
07/06/2017	0.000	6.212	9.917	15.458	15.011
08/06/2017	20.375	7.541	10.000	17.333	18.559
09/06/2017	16.763	7.840	10.000	17.750	16.705
10/06/2017	3.157	6.939	11.021	17.271	16.077
11/06/2017	0.000	7.070	10.000	16.708	15.276
12/06/2017	16.640	6.890	10.583	16.896	18.058
13/06/2017	35.612	4.502	10.438	13.708	23.837
14/06/2017	20.655	5.852	9.125	14.417	23.188
15/06/2017	0.000	5.491	9.188	13.979	19.533
16/06/2017	0.000	7.854	8.479	16.771	16.454
17/06/2017	0.000	7.722	8.750	16.771	17.040
18/06/2017	0.000	7.736	9.146	17.062	18.548
19/06/2017	0.000	7.588	9.646	17.208	16.459
20/06/2017	0.000	5.554	9.875	14.604	17.908
21/06/2017	1.747	6.527	8.396	14.833	41.892
22/06/2017	0.000	5.474	9.229	14.000	35.083
23/06/2017	0.000	7.584	9.292	16.958	19.513
24/06/2017	0.000	6.278	9.354	15.188	18.547
25/06/2017	0.000	6.416	9.438	15.438	23.292
26/06/2017	0.000	6.377	9.000	15.062	20.894
27/06/2017	0.000	7.044	8.333	15.521	16.789
28/06/2017	0.000	6.209	9.688	15.333	15.066
29/06/2017	0.000	7.260	9.417	16.583	14.904
30/06/2017	0.796	5.885	9.500	14.750	19.062
01/07/2017	0.000	6.535	8.604	14.979	15.211
02/07/2017	0.000	6.355	9.125	15.104	23.927
03/07/2017	1.081	6.086	9.375	14.917	45.425
04/07/2017	0.000	5.935	9.375	14.708	21.563
05/07/2017	0.000	7.471	7.979	15.854	17.689
06/07/2017	0.000	6.578	8.729	15.104	21.200
07/07/2017	0.000	5.733	9.396	14.438	24.526
08/07/2017	0.000	5.947	9.271	14.625	31.835
09/07/2017	0.000	5.583	9.104	14.000	35.441
10/07/2017	0.000	5.228	9.021	13.458	39.402
11/07/2017	0.000	4.890	8.188	12.354	27.160
12/07/2017	2.216	6.126	7.875	13.812	26.443
13/07/2017	0.000	7.694	6.729	15.271	18.314
14/07/2017	0.000	8.644	7.542	17.167	16.077
15/07/2017	0.000	9.054	8.271	18.208	15.319
16/07/2017	0.000	8.910	8.125	17.896	15.338
17/07/2017	3.021	6.132	10.333	15.604	14.776
18/07/2017	27.275	6.614	9.625	15.708	18.089
19/07/2017	0.000	4.823	9.208	13.021	41.892
20/07/2017	0.000	7.856	6.250	15.104	31.398
21/07/2017	0.000	8.256	6.333	15.729	17.584
22/07/2017	5.828	6.500	7.542	14.000	15.706
23/07/2017	0.000	7.537	7.479	15.417	15.488
24/07/2017	0.000	4.474	10.083	13.271	21.115
25/07/2017	3.447	5.298	9.583	13.875	38.056
26/07/2017	0.000	6.437	8.708	14.708	43.329
27/07/2017	0.000	4.387	8.896	12.167	57.660
28/07/2017	0.000	5.015	8.042	12.271	44.310
29/07/2017	0.000	4.566	8.333	11.917	34.470
30/07/2017	0.462	4.730	7.104	11.146	49.310
31/07/2017	0.000	7.041	6.479	13.917	33.263
01/08/2017	0.000	9.269	5.479	16.479	25.741
02/08/2017	0.000	9.302	7.417	17.708	20.793
03/08/2017	0.000	7.863	7.875	15.979	17.459
04/08/2017	0.000	5.416	8.771	13.292	19.629
05/08/2017	0.000	7.729	7.458	15.479	26.611
06/08/2017	0.000	7.166	8.958	15.729	21.842
07/08/2017	0.000	6.480	9.792	15.417	21.479
08/08/2017	0.000	7.369	9.229	16.167	21.390
09/08/2017	0.000	5.998	9.271	14.375	27.867
10/08/2017	0.000	8.403	7.833	16.583	24.560
11/08/2017	0.000	7.670	9.583	16.771	21.604
12/08/2017	0.000	7.399	8.458	15.604	20.264
13/08/2017	0.000	8.284	9.167	17.271	20.558
14/08/2017	0.000	8.932	7.396	16.958	17.082
15/08/2017	0.000	8.190	7.958	16.292	15.909
16/08/2017	0.000	8.006	9.167	16.854	18.045
17/08/2017	0.000	8.565	9.354	17.708	18.045
18/08/2017	0.000	9.486	9.229	18.833	17.040
19/08/2017	17.134	6.334	9.812	15.104	16.244
20/08/2017	23.273	8.454	8.562	16.979	16.747
21/08/2017	0.000	5.995	9.417	14.354	22.806
22/08/2017	27.727	6.398	9.083	14.604	22.261
23/08/2017	0.000	8.988	6.667	16.417	17.543
24/08/2017	0.000	7.521	8.458	15.604	16.265
25/08/2017	0.000	6.188	10.375	15.292	16.705
26/08/2017	0.000	8.093	8.750	16.542	16.223
27/08/2017	0.000	8.571	9.125	17.417	17.499
28/08/2017	20.436	8.189	9.146	16.917	33.096
29/08/2017	0.000	6.231	8.708	14.042	23.494
30/08/2017	10.545	6.931	8.646	14.896	44.413
31/08/2017	2.055	5.264	8.896	12.958	32.771
01/09/2017	0.000	9.380	6.146	16.500	22.260
02/09/2017	0.000	7.482	7.208	14.583	17.752
03/09/2017	0.000	8.450	8.375	16.667	19.720
04/09/2017	0.000	9.126	7.625	17.062	17.082
05/09/2017	0.000	9.435	6.896	17.000	15.452
06/09/2017	0.000	7.942	8.604	16.125	15.410
07/09/2017	0.000	7.960	9.208	16.562	15.392
08/09/2017	0.000	8.652	7.854	16.542	14.739
09/09/2017	5.824	7.633	9.583	16.396	15.499
10/09/2017	1.721	8.638	8.958	17.250	16.873
11/09/2017	4.391	8.833	9.146	17.625	14.258
12/09/2017	0.000	8.144	9.271	16.812	12.429
13/09/2017	0.000	6.682	10.271	15.688	10.491
14/09/2017	0.000	8.096	9.167	16.667	10.151
15/09/2017	2.695	6.704	9.354	15.021	13.265
16/09/2017	0.000	6.443	9.458	14.771	26.669
17/09/2017	1.028	5.840	9.854	14.333	40.622
18/09/2017	0.000	6.752	8.604	14.521	36.004
19/09/2017	0.000	9.389	8.167	17.667	33.644
20/09/2017	0.000	9.044	8.292	17.292	16.411
21/09/2017	0.000	9.601	8.417	18.104	15.120
22/09/2017	0.000	9.205	7.875	17.229	14.830
23/09/2017	33.966	7.496	8.667	15.521	15.035
24/09/2017	0.000	7.774	8.417	15.708	17.255
25/09/2017	0.000	7.394	9.083	15.688	32.241
26/09/2017	0.000	8.417	8.125	16.354	23.394
27/09/2017	0.586	10.048	7.979	18.417	16.166
28/09/2017	0.586	6.989	10.646	16.333	15.234
29/09/2017	0.000	8.668	9.104	17.354	16.376
30/09/2017	0.000	5.296	9.896	13.729	25.358
01/10/2017	0.000	8.887	7.917	16.854	19.179
02/10/2017	6.692	9.156	8.792	17.792	18.129
03/10/2017	0.000	8.593	8.854	17.104	15.499
04/10/2017	10.144	5.741	9.292	13.792	14.848
05/10/2017	0.000	6.743	8.354	14.354	21.342
06/10/2017	0.000	7.055	8.042	14.542	20.167
07/10/2017	14.163	6.664	7.792	13.854	17.752
08/10/2017	2.424	9.332	6.854	16.812	18.443
09/10/2017	2.887	9.014	7.479	16.792	16.893
10/10/2017	0.000	8.197	8.229	16.208	16.056
11/10/2017	0.000	8.254	8.104	16.208	15.813
12/10/2017	0.000	8.942	8.625	17.479	13.554
13/10/2017	0.000	5.801	9.458	14.042	13.888
14/10/2017	0.000	6.238	9.479	14.604	14.727
15/10/2017	0.000	6.053	9.229	14.188	19.577
16/10/2017	0.000	7.100	9.104	15.438	20.064
17/10/2017	0.000	6.832	8.479	14.646	16.893
18/10/2017	2.215	6.043	8.417	13.583	16.112
19/10/2017	0.000	7.929	8.917	16.417	14.576
20/10/2017	0.000	8.584	8.729	17.167	14.304
21/10/2017	0.000	8.150	10.521	17.854	14.405
22/10/2017	0.000	5.849	10.292	14.812	23.783
23/10/2017	4.960	5.797	9.667	14.271	20.080
24/10/2017	25.919	5.289	7.604	12.042	22.080
25/10/2017	0.000	7.750	7.917	15.562	18.080
26/10/2017	0.000	7.361	8.854	15.708	15.416
27/10/2017	1.568	9.856	8.167	18.604	14.604
28/10/2017	39.949	6.707	8.917	14.917	19.821
29/10/2017	12.321	6.190	9.188	14.458	18.129
30/10/2017	17.752	8.230	8.729	16.833	16.412
31/10/2017	0.000	8.842	8.250	17.354	21.264
01/11/2017	0.000	8.238	8.854	16.958	16.244
02/11/2017	13.174	8.522	8.604	17.188	22.670
03/11/2017	18.360	9.462	8.062	18.125	22.832
04/11/2017	27.530	7.417	9.229	16.167	20.643
05/11/2017	0.000	9.352	8.500	18.292	17.614
06/11/2017	9.027	8.359	8.250	16.792	14.497
07/11/2017	6.658	7.199	8.792	15.604	13.924
08/11/2017	9.768	7.441	9.021	16.104	14.822
09/11/2017	5.259	7.639	9.750	16.896	20.097
10/11/2017	11.945	7.295	10.042	16.667	16.579
11/11/2017	14.951	7.185	9.792	16.354	19.615
12/11/2017	0.000	6.334	8.812	14.521	16.462
13/11/2017	0.000	8.033	9.542	17.333	14.431
14/11/2017	13.378	7.660	9.104	16.542	15.657
15/11/2017	18.635	6.441	8.771	14.667	20.699
16/11/2017	2.417	6.524	10.042	15.729	20.668
17/11/2017	0.000	7.252	10.000	16.667	15.293
18/11/2017	1.736	8.072	8.938	17.042	13.779
19/11/2017	0.000	7.145	8.854	15.729	16.791
20/11/2017	51.098	7.093	9.667	16.250	30.746
21/11/2017	0.000	8.567	9.104	17.875	28.201
22/11/2017	0.000	8.522	8.333	17.312	17.082
23/11/2017	0.000	6.902	9.688	16.042	16.035
24/11/2017	0.000	7.015	8.500	15.354	15.579
25/11/2017	0.000	7.664	7.896	15.854	15.011
26/11/2017	0.000	7.305	8.729	15.938	13.996
27/11/2017	0.000	6.913	8.479	15.229	16.314
28/11/2017	5.522	7.461	9.375	16.625	27.922
29/11/2017	0.000	6.212	8.583	14.354	16.695
30/11/2017	0.000	8.307	9.042	17.583	14.286
01/12/2017	0.000	6.867	11.042	17.062	14.194
02/12/2017	45.268	6.675	10.333	16.292	20.128
03/12/2017	0.000	7.231	9.021	16.104	26.099
04/12/2017	0.000	4.872	10.188	13.875	20.683
05/12/2017	0.000	6.728	9.271	15.604	18.024
06/12/2017	0.000	7.459	8.021	15.750	15.623
07/12/2017	0.000	8.687	7.083	16.896	12.745
08/12/2017	0.000	7.026	9.375	16.104	12.614
09/12/2017	0.000	8.484	8.375	17.458	12.710
10/12/2017	3.027	7.858	8.812	16.875	14.214
11/12/2017	0.000	7.236	10.208	17.000	12.999
12/12/2017	26.822	6.824	9.792	16.146	12.902
13/12/2017	0.000	8.893	7.250	17.333	11.990
14/12/2017	0.000	9.520	7.000	18.083	11.332
15/12/2017	0.000	8.984	6.604	17.062	11.062
16/12/2017	0.000	8.196	7.375	16.417	11.011
17/12/2017	0.000	8.663	8.771	18.000	10.674
18/12/2017	0.000	7.350	8.875	16.229	10.758
19/12/2017	0.000	8.360	8.438	17.354	10.488
20/12/2017	0.000	7.546	9.083	16.646	10.353
21/12/2017	0.000	7.689	8.458	16.417	10.353
22/12/2017	7.717	7.265	9.021	16.208	11.079
23/12/2017	0.000	8.208	8.646	17.271	10.623
24/12/2017	0.000	7.507	8.750	16.354	10.758
25/12/2017	0.000	8.450	8.771	17.688	12.363
26/12/2017	0.000	7.482	9.438	16.792	12.854
27/12/2017	0.000	7.214	9.083	16.167	15.886
28/12/2017	0.000	5.963	9.042	14.417	14.059
29/12/2017	71.920	6.777	8.688	15.271	12.709
30/12/2017	7.375	7.461	8.250	15.917	13.600
31/12/2017	0.000	6.446	8.729	14.833	13.825
01/01/2018	20.741	4.161	9.729	12.646	25.931
02/01/2018	0.000	7.061	9.250	16.042	22.694
03/01/2018	9.730	8.007	7.792	16.354	20.683
04/01/2018	18.156	8.480	7.896	17.083	18.391
05/01/2018	0.000	7.510	9.000	16.458	14.376
06/01/2018	0.000	7.760	8.417	16.396	12.839
07/01/2018	0.000	8.504	8.083	17.208	12.154
08/01/2018	2.089	7.669	8.271	16.146	14.534
09/01/2018	3.413	7.484	8.208	15.833	14.741
10/01/2018	0.000	7.634	8.917	16.521	12.710
11/01/2018	13.946	8.261	7.729	16.583	13.083
12/01/2018	0.000	7.148	7.583	14.896	13.553
13/01/2018	0.000	7.668	8.292	16.104	11.371
14/01/2018	4.647	7.912	8.792	16.771	11.264
15/01/2018	0.000	7.260	8.604	15.729	11.626
16/01/2018	3.808	6.383	8.667	14.562	16.016
17/01/2018	0.000	6.553	8.104	14.375	17.333
18/01/2018	0.000	5.856	8.333	13.583	17.626
19/01/2018	0.000	6.501	8.979	14.917	17.595
20/01/2018	29.485	5.805	8.729	13.792	26.891
21/01/2018	0.000	5.754	9.104	14.000	17.928
22/01/2018	0.000	5.880	8.792	13.917	14.292
23/01/2018	8.741	6.979	8.354	15.062	12.513
24/01/2018	0.000	7.694	5.958	14.417	11.298
25/01/2018	0.000	7.084	7.208	14.375	10.134
26/01/2018	0.000	6.757	8.021	14.479	10.387
27/01/2018	0.000	7.521	8.333	15.729	11.011
28/01/2018	0.000	7.296	8.229	15.333	12.329
29/01/2018	0.000	8.684	8.875	17.646	12.874
30/01/2018	0.000	7.249	8.979	15.771	10.459
31/01/2018	0.000	7.806	9.188	16.646	10.117
01/02/2018	61.183	8.920	8.792	17.854	10.218
02/02/2018	0.000	9.355	8.500	18.229	10.086
03/02/2018	0.000	7.539	9.958	16.792	11.391
04/02/2018	0.000	6.804	10.688	16.375	22.458
05/02/2018	0.000	7.389	11.062	17.375	12.745
06/02/2018	0.000	7.457	10.938	17.354	11.518
07/02/2018	0.000	8.322	10.375	18.042	11.771
08/02/2018	0.000	8.786	10.708	18.854	11.669
09/02/2018	0.000	8.448	8.917	17.167	10.454
10/02/2018	0.000	9.175	8.521	17.854	10.691
11/02/2018	0.000	8.954	8.521	17.542	10.252
12/02/2018	0.000	8.721	8.479	17.188	10.103
13/02/2018	0.000	9.536	8.312	18.146	9.784
14/02/2018	0.000	7.801	9.292	16.500	9.769
15/02/2018	0.000	7.352	9.250	15.875	9.942
16/02/2018	0.000	8.061	9.146	16.708	10.070
17/02/2018	0.000	7.790	9.458	16.562	10.758
18/02/2018	0.000	7.624	9.979	16.708	11.959
19/02/2018	12.538	7.325	9.542	16.000	11.670
20/02/2018	26.307	7.275	9.646	16.000	11.522
21/02/2018	14.412	7.047	9.229	15.396	14.753
22/02/2018	25.162	5.029	9.104	12.792	19.071
23/02/2018	0.000	6.898	9.542	15.417	15.653
24/02/2018	0.000	7.067	9.208	15.375	15.486
25/02/2018	0.000	7.320	8.479	15.167	13.217
26/02/2018	0.000	8.089	8.792	16.375	12.896
27/02/2018	0.000	9.508	8.375	17.938	11.737
28/02/2018	0.000	9.442	8.208	17.729	10.792
01/03/2018	0.000	9.156	8.604	17.604	11.450
02/03/2018	10.194	4.534	9.938	12.875	13.941
03/03/2018	20.177	7.591	8.708	15.625	14.631
04/03/2018	0.000	8.553	9.062	17.104	13.763
05/03/2018	0.000	8.381	8.729	16.646	26.695
06/03/2018	3.868	6.744	9.104	14.812	17.734
07/03/2018	0.000	6.311	8.917	14.125	14.459
08/03/2018	5.027	6.734	9.417	15.021	11.800
09/03/2018	2.686	7.326	9.208	15.604	13.816
10/03/2018	0.000	7.949	6.917	14.812	10.893
11/03/2018	0.000	8.240	8.292	16.125	10.322
12/03/2018	0.000	9.354	7.479	17.042	9.424
13/03/2018	0.000	9.118	7.771	16.917	8.490
14/03/2018	0.000	10.134	6.750	17.604	9.338
15/03/2018	3.115	8.075	7.896	15.625	9.741
16/03/2018	0.000	7.585	8.042	15.083	9.913
17/03/2018	0.000	8.569	8.396	16.604	9.209
18/03/2018	11.517	8.640	7.917	16.375	9.237
19/03/2018	10.149	7.386	9.167	15.625	11.002
20/03/2018	0.000	7.868	9.125	16.208	10.168
21/03/2018	2.063	8.053	8.938	16.312	10.293
22/03/2018	0.000	7.575	8.917	15.688	9.683
23/03/2018	6.982	8.893	8.542	17.125	23.669
24/03/2018	2.845	6.693	8.646	14.375	14.994
25/03/2018	5.865	9.131	8.417	17.354	13.637
26/03/2018	2.675	7.245	10.500	16.438	21.238
27/03/2018	10.182	8.012	8.875	16.229	16.566
28/03/2018	2.670	7.979	8.958	16.250	14.342
29/03/2018	8.159	4.456	9.250	12.188	29.575
30/03/2018	17.706	8.104	9.312	16.667	21.194
31/03/2018	20.365	7.593	9.625	16.250	20.426
01/04/2018	34.384	8.853	9.938	18.062	19.085
02/04/2018	3.332	5.385	10.479	14.250	26.662
03/04/2018	1.565	6.251	9.792	14.729	25.956
04/04/2018	10.443	5.905	9.625	14.188	28.984
05/04/2018	5.038	9.048	8.500	17.375	19.612
06/04/2018	0.000	6.279	9.750	14.750	17.857
07/04/2018	0.000	8.983	9.188	17.771	15.460
08/04/2018	0.000	10.049	8.750	18.875	13.579
09/04/2018	0.000	9.027	9.688	18.188	14.228
10/04/2018	23.331	7.741	8.604	15.792	16.475
11/04/2018	10.817	7.094	10.250	16.167	25.977
12/04/2018	1.869	9.078	8.604	17.562	22.180
13/04/2018	0.000	9.296	9.250	18.292	22.540
14/04/2018	26.186	5.075	9.188	12.917	28.222
15/04/2018	0.000	9.174	7.062	16.729	20.385
16/04/2018	1.860	6.852	8.812	14.854	16.558
17/04/2018	5.308	8.297	7.771	16.042	16.140
18/04/2018	5.495	7.549	9.000	15.917	17.082
19/04/2018	0.000	5.549	9.312	13.625	27.400
20/04/2018	10.397	4.958	9.021	12.688	25.101
21/04/2018	0.000	6.564	8.417	14.250	23.795
22/04/2018	0.000	7.497	8.958	15.875	19.874
23/04/2018	10.116	7.449	9.000	15.854	27.153
24/04/2018	0.000	8.238	8.375	16.479	23.734
25/04/2018	6.982	7.197	10.104	16.354	20.258
26/04/2018	22.903	6.132	9.083	14.250	24.658
27/04/2018	0.000	7.275	8.979	15.667	24.530
28/04/2018	0.000	6.941	8.438	14.854	24.696
29/04/2018	6.910	5.141	8.875	12.875	32.302
30/04/2018	0.000	7.858	8.062	15.854	31.868
01/05/2018	0.000	7.455	8.312	15.500	19.195
02/05/2018	0.000	7.205	9.375	15.938	18.589
03/05/2018	0.000	8.144	9.792	17.479	17.674
04/05/2018	33.648	7.336	9.417	16.167	15.829
05/05/2018	9.724	7.935	9.688	17.167	14.872
06/05/2018	0.000	6.946	9.562	15.792	16.377
07/05/2018	0.000	6.483	9.875	15.438	29.069
08/05/2018	0.000	5.383	10.375	14.458	22.903
09/05/2018	0.000	6.739	10.125	15.979	23.107
10/05/2018	5.436	7.306	9.104	16.000	40.661
11/05/2018	0.000	8.546	9.438	17.917	25.467
12/05/2018	14.322	6.939	10.250	16.375	36.378
13/05/2018	16.523	6.285	10.000	15.354	33.234
14/05/2018	2.085	7.072	9.917	16.333	23.489
15/05/2018	0.000	7.248	9.688	16.417	18.134
16/05/2018	23.682	6.823	9.812	15.958	18.629
17/05/2018	0.000	6.896	9.000	15.479	22.186
18/05/2018	8.916	5.880	10.000	14.896	20.060
19/05/2018	0.000	8.024	8.438	16.667	17.312
20/05/2018	0.000	5.897	9.917	14.875	17.794
21/05/2018	1.589	6.835	9.125	15.542	25.630
22/05/2018	0.000	8.601	7.708	17.042	23.676
23/05/2018	0.000	5.563	9.354	14.042	24.222
24/05/2018	0.000	5.698	9.896	14.646	28.019
25/05/2018	0.000	5.628	9.812	14.500	29.446
26/05/2018	0.000	6.217	9.354	14.938	30.241
27/05/2018	0.000	7.393	8.812	16.167	29.984
28/05/2018	0.000	4.845	9.542	13.312	27.642
29/05/2018	0.000	7.630	8.479	16.292	25.493
30/05/2018	0.000	7.196	9.792	16.625	37.463
31/05/2018	0.000	7.072	9.312	16.125	42.399
01/06/2018	50.505	5.651	10.125	14.833	28.781
02/06/2018	0.000	6.630	9.375	15.583	23.817
03/06/2018	4.110	7.366	9.167	16.458	28.554
04/06/2018	0.000	4.687	10.083	13.604	51.803
05/06/2018	0.000	5.475	9.250	13.958	51.913
06/06/2018	0.000	6.340	9.188	15.083	53.070
07/06/2018	0.000	6.792	8.333	15.104	31.115
08/06/2018	0.637	4.532	9.938	13.312	43.683
09/06/2018	0.000	5.959	10.750	15.771	34.556
10/06/2018	8.074	7.677	9.771	17.375	56.337
11/06/2018	0.000	6.475	10.417	16.208	42.613
12/06/2018	7.555	5.980	10.667	15.750	31.852
13/06/2018	0.761	6.986	8.271	15.375	24.944
14/06/2018	1.870	5.993	8.979	14.500	23.504
15/06/2018	0.000	6.295	9.229	15.104	27.741
16/06/2018	0.527	6.396	9.604	15.521	30.131
17/06/2018	0.000	5.630	8.771	13.854	49.575
18/06/2018	0.000	5.901	8.292	13.875	36.086
19/06/2018	0.552	5.886	8.375	13.917	38.915
20/06/2018	0.000	5.666	7.833	13.208	24.945
21/06/2018	0.000	6.046	7.896	13.792	32.016
22/06/2018	0.000	6.633	8.271	14.896	27.954
23/06/2018	1.124	6.877	8.750	15.583	24.586
24/06/2018	0.000	6.311	8.667	14.729	34.760
25/06/2018	0.000	5.871	9.542	14.771	35.760
26/06/2018	0.587	6.203	9.188	14.958	29.620
27/06/2018	0.000	6.241	9.625	15.333	26.180
28/06/2018	0.000	5.983	8.812	14.375	20.562
29/06/2018	0.000	5.372	9.062	13.729	31.356
30/06/2018	0.000	5.618	9.042	14.042	25.817
01/07/2018	0.000	8.193	7.979	16.917	24.089
02/07/2018	0.000	7.762	8.167	16.417	18.820
03/07/2018	0.000	5.693	7.979	13.333	20.182
04/07/2018	0.000	7.039	7.479	14.896	31.933
05/07/2018	5.458	6.716	8.417	15.083	27.386
06/07/2018	0.000	6.637	7.792	14.521	28.588
07/07/2018	0.000	7.031	9.250	16.104	32.155
08/07/2018	0.000	6.759	8.708	15.333	26.296
09/07/2018	0.398	5.266	9.271	13.708	39.604
10/07/2018	5.281	7.196	7.792	15.292	36.283
11/07/2018	0.000	6.336	7.917	14.146	32.904
12/07/2018	0.000	6.815	8.938	15.542	29.512
13/07/2018	1.952	6.706	8.812	15.292	28.786
14/07/2018	0.000	7.209	8.896	16.042	29.639
15/07/2018	0.000	5.339	9.438	13.896	38.025
16/07/2018	0.000	6.625	7.458	14.188	32.177
17/07/2018	0.000	6.032	9.625	14.938	35.779
18/07/2018	0.490	6.499	9.271	15.292	35.700
19/07/2018	0.492	5.918	9.875	14.958	28.374
20/07/2018	0.000	6.557	10.125	15.979	25.404
21/07/2018	0.000	7.009	10.000	16.479	22.826
22/07/2018	7.963	5.806	10.021	14.896	29.234
23/07/2018	0.000	7.736	9.500	17.083	27.087
24/07/2018	0.000	4.827	9.583	13.292	32.943
25/07/2018	0.000	6.159	8.104	13.896	29.611
26/07/2018	9.778	5.871	8.812	14.021	30.824
27/07/2018	8.515	5.228	8.896	13.229	32.825
28/07/2018	0.000	6.094	9.000	14.438	35.921
29/07/2018	0.000	6.165	9.833	15.146	26.784
30/07/2018	8.445	5.607	9.458	14.125	29.636
31/07/2018	12.074	6.783	8.750	15.146	35.431
01/08/2018	1.088	7.794	6.792	15.188	39.211
02/08/2018	1.066	6.630	8.958	15.062	27.746
03/08/2018	0.000	8.983	7.458	17.271	23.564
04/08/2018	23.442	7.840	8.708	16.500	28.374
05/08/2018	0.000	6.640	8.708	14.854	23.570
06/08/2018	0.000	7.428	7.333	14.958	20.725
07/08/2018	0.000	7.160	7.896	14.958	21.791
08/08/2018	0.000	7.419	9.021	16.083	22.208
09/08/2018	0.920	5.494	9.854	14.188	23.008
10/08/2018	0.000	6.679	8.208	14.479	24.877
11/08/2018	0.000	8.169	5.521	14.729	19.636
12/08/2018	0.000	5.546	7.896	12.708	25.260
13/08/2018	0.000	6.707	8.500	14.688	28.323
14/08/2018	0.000	6.814	8.896	15.104	25.437
15/08/2018	0.000	5.824	9.458	14.229	23.987
16/08/2018	1.100	7.418	8.146	15.354	19.762
17/08/2018	12.063	6.360	8.146	13.917	17.501
18/08/2018	1.581	7.506	8.583	15.750	23.808
19/08/2018	1.961	6.959	8.312	14.812	21.189
20/08/2018	3.160	7.341	8.312	15.312	19.762
21/08/2018	0.000	6.573	8.646	14.521	22.753
22/08/2018	0.000	7.174	8.458	15.167	27.117
23/08/2018	0.000	8.418	7.646	16.271	20.795
24/08/2018	0.000	7.055	9.146	15.479	18.087
25/08/2018	0.000	7.181	8.438	15.125	18.274
26/08/2018	0.000	6.840	8.958	15.042	29.559
27/08/2018	0.000	4.892	8.646	12.333	32.234
28/08/2018	0.000	5.963	8.625	13.646	44.965
29/08/2018	0.000	6.421	8.208	13.917	30.477
30/08/2018	0.000	7.455	8.708	15.625	25.488
31/08/2018	0.449	8.057	7.688	15.708	22.580
01/09/2018	0.000	7.823	8.792	16.146	20.013
02/09/2018	0.000	7.850	9.083	16.375	17.438
03/09/2018	0.000	8.322	7.854	16.146	17.375
04/09/2018	1.405	6.749	8.771	14.708	21.353
05/09/2018	0.000	7.165	7.854	14.583	25.206
06/09/2018	0.000	8.035	7.167	15.271	22.772
07/09/2018	0.000	7.704	8.104	15.458	16.642
08/09/2018	1.151	5.365	9.271	13.333	15.573
09/09/2018	0.000	6.556	7.792	13.708	15.807
10/09/2018	0.000	7.663	8.208	15.458	18.296
11/09/2018	0.000	7.544	8.354	15.396	16.792
12/09/2018	0.000	9.422	7.083	17.042	15.558
13/09/2018	0.636	8.583	8.229	16.667	15.739
14/09/2018	20.106	6.913	9.583	15.458	20.599
15/09/2018	2.939	7.073	9.229	15.396	20.167
16/09/2018	9.467	5.702	9.583	13.958	34.055
17/09/2018	0.000	9.306	7.750	17.292	21.927
18/09/2018	11.442	7.703	8.896	15.958	17.270
19/09/2018	3.600	8.079	7.646	15.583	15.416
20/09/2018	0.000	8.333	7.979	16.146	14.703
21/09/2018	0.000	7.446	7.333	14.521	14.812
22/09/2018	1.861	7.555	8.292	15.333	14.703
23/09/2018	0.000	7.165	8.479	14.958	14.431
24/09/2018	0.000	7.294	7.917	14.729	14.794
25/09/2018	0.000	6.509	8.125	13.854	14.685
26/09/2018	0.000	6.698	9.125	14.833	14.685
27/09/2018	2.018	7.668	9.667	16.458	14.721
28/09/2018	0.000	8.632	8.312	16.771	15.833
29/09/2018	0.000	9.822	8.792	18.646	15.168
30/09/2018	0.824	9.200	8.750	17.812	13.724
01/10/2018	12.764	8.925	8.688	17.417	15.731
02/10/2018	7.348	9.245	9.458	18.354	14.073
03/10/2018	2.094	8.619	9.354	17.479	14.600
04/10/2018	0.000	7.596	8.438	15.521	22.719
05/10/2018	13.707	7.295	8.604	15.250	21.650
06/10/2018	2.212	6.953	9.375	15.375	30.755
07/10/2018	0.000	7.778	9.792	16.729	29.078
08/10/2018	0.000	7.621	8.417	15.562	25.594
09/10/2018	0.000	8.285	9.646	17.292	18.691
10/10/2018	11.294	8.458	10.125	17.854	17.166
11/10/2018	49.191	6.534	9.292	14.812	16.223
12/10/2018	7.538	8.102	9.292	16.833	15.183
13/10/2018	0.000	8.708	8.792	17.292	13.996
14/10/2018	5.661	8.952	8.542	17.458	13.652
15/10/2018	7.538	7.533	8.854	15.812	14.792
16/10/2018	10.303	7.714	9.625	16.604	16.818
17/10/2018	0.000	8.786	8.292	17.104	15.361
18/10/2018	8.357	9.074	8.542	17.667	16.507
19/10/2018	12.451	8.675	9.583	17.854	14.557
20/10/2018	29.579	7.607	10.250	16.958	13.579
21/10/2018	0.000	9.178	10.146	18.917	13.761
22/10/2018	0.000	9.228	10.708	19.375	14.304
23/10/2018	14.071	9.128	9.896	18.708	14.921
24/10/2018	9.474	8.919	9.104	17.917	15.746
25/10/2018	15.236	7.537	9.688	16.521	15.572
26/10/2018	0.000	8.004	10.521	17.729	17.231
27/10/2018	1.658	6.425	10.062	15.396	31.468
28/10/2018	0.000	8.205	9.125	17.042	19.828
29/10/2018	5.131	7.396	9.438	16.208	19.699
30/10/2018	0.000	8.694	7.917	16.917	17.187
31/10/2018	0.000	7.858	9.604	16.958	16.056
01/11/2018	11.852	7.107	9.479	15.896	15.646
02/11/2018	1.430	8.196	8.208	16.479	14.649
03/11/2018	0.000	8.090	8.854	16.792	17.508
04/11/2018	0.759	7.263	9.167	15.917	45.108
05/11/2018	20.432	6.414	9.729	15.229	22.336
06/11/2018	0.661	7.500	9.125	16.229	15.358
07/11/2018	9.452	7.749	9.375	16.750	15.138
08/11/2018	8.719	7.046	9.667	16.042	14.304
09/11/2018	10.798	5.809	9.625	14.417	15.084
10/11/2018	8.719	7.116	9.417	15.979	15.356
11/11/2018	10.700	7.399	10.354	17.042	14.431
12/11/2018	18.829	6.279	10.104	15.417	13.543
13/11/2018	6.194	7.803	9.000	16.646	13.217
14/11/2018	0.000	8.142	8.667	16.896	13.634
15/11/2018	0.000	9.159	8.417	18.146	14.558
16/11/2018	19.063	7.168	9.854	16.438	13.254
17/11/2018	5.912	7.360	9.917	16.750	12.936
18/11/2018	8.260	7.528	9.438	16.646	16.525
19/11/2018	12.243	7.936	9.312	17.125	37.552
20/11/2018	14.410	6.831	9.750	15.958	23.741
21/11/2018	1.423	6.343	8.438	14.354	18.589
22/11/2018	7.766	7.258	10.167	16.854	16.630
23/11/2018	0.000	7.449	9.854	16.896	14.576
24/11/2018	8.466	7.324	10.479	17.188	14.703
25/11/2018	8.577	7.563	9.604	16.896	14.641
26/11/2018	15.258	5.729	10.042	14.792	17.093
27/11/2018	23.497	7.012	9.688	16.229	15.338
28/11/2018	10.946	7.009	9.625	16.188	14.812
29/11/2018	0.000	7.963	9.479	17.396	15.217
30/11/2018	7.039	7.573	9.604	16.958	14.442
01/12/2018	6.197	7.904	8.688	16.792	18.228
02/12/2018	0.000	7.877	9.521	17.333	17.333
03/12/2018	6.246	7.919	9.604	17.458	16.056
04/12/2018	0.000	7.774	9.458	17.167	15.084
05/12/2018	1.931	6.517	10.167	15.979	13.869
06/12/2018	0.000	6.580	9.792	15.792	14.896
07/12/2018	2.623	6.133	9.333	14.854	15.797
08/12/2018	2.440	6.364	8.271	14.396	13.688
09/12/2018	0.000	7.319	8.167	15.667	12.836
10/12/2018	0.000	6.885	8.021	14.958	12.412
11/12/2018	0.000	5.504	8.750	13.583	13.927
12/12/2018	0.000	5.812	9.271	14.396	13.231
13/12/2018	6.627	5.547	9.104	13.917	22.593
14/12/2018	7.831	5.472	8.688	13.500	20.099
15/12/2018	0.000	7.761	7.479	15.854	17.643
16/12/2018	0.000	7.758	6.854	15.438	15.257
17/12/2018	4.239	8.018	7.292	16.104	13.154
18/12/2018	6.251	8.283	8.104	17.021	12.176
19/12/2018	6.628	7.253	8.083	15.542	12.074
20/12/2018	0.000	7.309	8.958	16.229	11.484
21/12/2018	21.355	6.602	9.021	15.292	11.804
22/12/2018	2.211	6.060	8.646	14.271	11.602
23/12/2018	0.047	6.743	5.917	13.312	11.045
24/12/2018	0.698	6.503	8.958	15.104	10.859
25/12/2018	0.000	6.447	8.521	14.708	10.454
26/12/2018	0.000	7.985	7.292	16.042	10.505
27/12/2018	16.430	6.915	8.875	15.604	10.471
28/12/2018	4.038	7.828	7.646	16.042	10.269
29/12/2018	0.000	8.038	7.104	15.979	10.454
30/12/2018	2.194	8.040	7.583	16.292	10.843
31/12/2018	0.000	7.816	6.854	15.479	10.201
01/01/2019	0.000	7.773	6.896	15.438	10.117
02/01/2019	0.000	7.794	6.896	15.458	10.884
03/01/2019	0.000	7.784	6.958	15.479	9.454
04/01/2019	0.000	7.772	8.458	16.458	9.266
05/01/2019	0.000	9.596	7.083	18.146	8.979
06/01/2019	0.000	8.338	9.229	17.750	9.151
07/01/2019	4.052	8.442	8.750	17.562	9.776
08/01/2019	47.180	8.038	8.979	17.146	10.640
09/01/2019	0.000	6.609	9.292	15.396	10.188
10/01/2019	0.000	8.648	9.125	18.062	9.971
11/01/2019	0.000	7.652	9.167	16.708	10.353
12/01/2019	0.000	6.825	9.417	15.750	10.252
13/01/2019	0.000	7.047	8.958	15.708	10.459
14/01/2019	28.681	6.109	9.521	14.854	11.974
15/01/2019	0.000	6.526	8.958	14.979	13.592
16/01/2019	0.000	6.194	9.792	15.146	12.084
17/01/2019	0.000	6.737	8.479	14.896	10.218
18/01/2019	0.000	5.741	9.979	14.688	12.790
19/01/2019	0.000	6.647	9.479	15.479	14.824
20/01/2019	0.000	4.882	9.750	13.417	27.998
21/01/2019	0.000	6.771	8.917	15.208	23.573
22/01/2019	0.000	7.263	9.146	16.021	17.814
23/01/2019	0.000	6.380	8.812	14.583	12.704
24/01/2019	0.000	8.020	8.333	16.458	12.347
25/01/2019	0.000	7.708	9.062	16.521	13.399
26/01/2019	0.000	8.906	8.688	17.875	13.691
27/01/2019	0.000	8.792	9.042	17.938	12.025
28/01/2019	7.071	7.315	9.604	16.333	14.985
29/01/2019	47.840	7.831	9.896	17.208	14.586
30/01/2019	0.000	8.025	10.208	17.667	16.676
31/01/2019	0.000	8.340	9.729	17.729	16.035
01/02/2019	30.389	5.142	10.188	13.979	21.138
02/02/2019	0.000	8.585	9.146	17.625	17.424
03/02/2019	0.000	6.474	9.479	15.062	13.616
04/02/2019	2.153	5.902	9.521	14.354	13.932
05/02/2019	1.644	7.470	10.062	16.750	15.036
06/02/2019	0.000	6.462	9.604	15.104	15.848
07/02/2019	0.000	7.929	9.500	16.917	13.380
08/02/2019	2.659	6.986	8.917	15.250	14.431
09/02/2019	0.000	7.159	9.917	16.188	14.866
10/02/2019	0.000	6.950	9.500	15.604	13.159
11/02/2019	0.000	7.717	10.000	16.938	11.737
12/02/2019	0.000	7.472	9.500	16.250	11.450
13/02/2019	0.000	8.667	9.167	17.562	10.910
14/02/2019	2.683	7.156	9.583	15.875	10.623
15/02/2019	0.000	8.544	8.625	17.000	10.134
16/02/2019	0.000	7.924	9.521	16.792	9.985
17/02/2019	6.693	8.099	9.396	16.917	9.784
18/02/2019	0.000	6.968	9.917	15.833	9.827
19/02/2019	1.677	7.005	10.625	16.396	10.319
20/02/2019	1.156	7.445	10.438	16.792	14.441
21/02/2019	3.314	7.132	10.417	16.375	12.854
22/02/2019	0.000	7.499	9.542	16.188	15.778
23/02/2019	0.000	9.162	9.917	18.562	14.495
24/02/2019	29.784	6.320	9.792	14.875	11.827
25/02/2019	8.776	8.072	9.792	17.062	20.859
26/02/2019	13.839	6.724	9.229	14.938	18.459
27/02/2019	0.000	7.386	9.292	15.812	18.930
28/02/2019	0.000	7.939	9.604	16.729	15.020
01/03/2019	0.896	8.643	8.854	17.104	12.444
02/03/2019	14.522	7.697	9.500	16.333	10.556
03/03/2019	0.000	7.308	9.417	15.771	10.708
04/03/2019	2.546	9.098	9.229	17.917	10.505
05/03/2019	2.186	8.906	9.604	17.917	10.252
06/03/2019	8.602	8.316	8.833	16.625	19.456
07/03/2019	0.000	6.459	9.667	14.875	23.359
08/03/2019	10.201	7.235	9.042	15.375	21.434
09/03/2019	0.000	6.391	9.979	15.021	18.900
10/03/2019	0.000	5.735	8.688	13.229	35.282
11/03/2019	0.980	6.813	9.104	14.875	18.808
12/03/2019	1.066	7.258	9.625	15.812	14.666
13/03/2019	1.763	7.868	9.729	16.646	13.362
14/03/2019	3.376	6.651	9.938	15.292	13.235
15/03/2019	14.297	5.362	9.667	13.542	12.954
16/03/2019	0.000	7.889	7.979	15.438	10.467
17/03/2019	12.445	6.504	10.125	15.250	8.644
18/03/2019	0.000	8.666	9.250	17.312	7.349
19/03/2019	0.000	6.182	9.625	14.479	6.687
20/03/2019	0.000	6.835	9.479	15.167	12.239
21/03/2019	0.000	7.530	9.667	16.167	19.239
22/03/2019	13.768	5.976	10.104	14.604	20.981
23/03/2019	5.252	7.960	8.479	15.875	18.381
24/03/2019	1.190	7.078	9.292	15.333	28.513
25/03/2019	5.995	9.799	7.750	17.792	17.456
26/03/2019	0.000	7.548	10.250	16.625	11.926
27/03/2019	0.000	8.605	10.750	18.292	10.019
28/03/2019	15.472	8.110	10.375	17.417	8.644
29/03/2019	0.000	6.716	9.542	15.083	9.030
30/03/2019	7.076	7.225	9.750	15.875	9.819
31/03/2019	6.449	7.022	10.250	16.000	10.409
01/04/2019	0.000	7.885	9.688	16.667	13.783
02/04/2019	7.543	7.276	10.854	16.771	21.756
03/04/2019	5.079	8.003	9.104	16.417	16.149
04/04/2019	0.000	8.272	10.292	17.604	17.895
05/04/2019	17.889	7.344	11.333	17.229	15.998
06/04/2019	21.500	7.803	10.938	17.500	20.057
07/04/2019	0.000	7.601	10.292	16.792	24.824
08/04/2019	0.000	6.086	9.875	14.625	19.343
09/04/2019	0.000	8.917	7.812	16.792	16.367
10/04/2019	0.000	9.716	8.125	18.062	14.170
11/04/2019	2.491	7.931	10.042	17.062	14.638
12/04/2019	5.378	7.456	9.875	16.354	21.655
13/04/2019	2.717	5.418	10.354	14.250	17.739
14/04/2019	1.057	7.935	9.250	16.542	15.494
15/04/2019	27.047	5.604	9.479	13.792	19.542
16/04/2019	5.801	7.210	8.604	15.167	16.821
17/04/2019	11.232	8.257	9.312	17.042	14.614
18/04/2019	11.232	8.744	9.188	17.604	14.583
19/04/2019	0.000	6.275	9.938	15.000	22.963
20/04/2019	0.000	7.934	8.958	16.417	20.801
21/04/2019	13.008	7.304	9.562	16.042	19.867
22/04/2019	13.828	6.915	9.938	15.833	44.607
23/04/2019	12.509	8.389	10.438	18.083	30.499
24/04/2019	15.347	6.231	10.479	15.417	36.557
25/04/2019	7.177	7.635	9.083	16.188	24.600
26/04/2019	0.000	7.598	9.542	16.479	25.966
27/04/2019	10.166	6.940	9.750	15.792	28.273
28/04/2019	3.962	6.341	9.500	14.854	22.548
29/04/2019	1.539	6.806	10.167	15.958	14.465
30/04/2019	2.217	7.747	9.000	16.354	12.044
01/05/2019	0.000	8.084	8.688	16.604	9.778
02/05/2019	0.000	7.500	8.500	15.708	8.837
03/05/2019	2.712	6.041	10.375	15.208	8.148
04/05/2019	6.281	6.731	9.417	15.375	8.038
05/05/2019	4.594	6.632	11.042	16.479	10.807
06/05/2019	0.000	6.265	10.479	15.604	27.610
07/05/2019	10.662	6.982	10.188	16.312	21.378
08/05/2019	0.000	6.975	9.812	16.042	23.975
09/05/2019	0.000	4.528	10.021	13.167	20.933
10/05/2019	0.000	7.560	9.479	16.604	17.431
11/05/2019	0.000	7.938	9.625	17.229	14.832
12/05/2019	0.798	7.647	10.500	17.479	25.430
13/05/2019	9.448	4.332	10.250	13.167	25.110
14/05/2019	15.208	5.707	10.021	14.646	35.425
15/05/2019	0.000	7.329	8.979	16.021	49.049
16/05/2019	0.000	7.177	9.479	16.188	40.255
17/05/2019	0.000	6.573	10.125	15.875	45.708
18/05/2019	0.000	6.974	9.812	16.188	26.559
19/05/2019	26.435	5.255	10.062	14.167	21.309
20/05/2019	13.175	6.709	9.688	15.771	28.608
21/05/2019	0.000	7.627	9.188	16.667	28.867
22/05/2019	1.185	7.725	9.062	16.729	32.725
23/05/2019	0.000	6.110	10.000	15.250	30.511
24/05/2019	1.676	8.111	8.604	16.979	26.204
25/05/2019	0.000	7.358	9.125	16.312	21.159
26/05/2019	19.293	7.145	9.667	16.417	26.968
27/05/2019	0.000	8.405	9.042	17.729	23.748
28/05/2019	4.155	7.102	9.479	16.250	16.831
29/05/2019	22.700	7.135	9.167	16.083	39.462
30/05/2019	0.000	7.378	9.500	16.667	45.903
31/05/2019	25.093	8.125	9.896	17.979	94.409
01/06/2019	0.000	7.176	9.917	16.708	32.194
02/06/2019	11.146	7.722	10.646	17.979	36.839
03/06/2019	48.121	6.312	9.104	14.958	33.224
04/06/2019	0.000	7.010	9.146	15.958	23.511
05/06/2019	0.000	6.386	9.479	15.354	24.350
06/06/2019	0.000	5.953	9.167	14.542	30.756
07/06/2019	0.000	6.875	9.542	16.083	22.680
08/06/2019	0.000	6.286	8.729	14.688	16.336
09/06/2019	0.000	5.821	9.625	14.729	17.739
10/06/2019	0.000	5.842	9.854	14.938	25.187
11/06/2019	5.280	5.675	9.646	14.562	35.025
12/06/2019	4.707	6.482	10.083	15.979	37.284
13/06/2019	5.248	5.931	10.062	15.229	32.958
14/06/2019	11.566	6.832	10.167	16.521	50.746
15/06/2019	3.569	6.814	9.938	16.333	30.051
16/06/2019	0.000	5.503	10.479	15.000	33.162
17/06/2019	0.000	5.044	9.062	13.292	28.098
14/12/2019	0.000	5.699	9.542	14.458	30.695
15/12/2019	45.711	6.810	9.229	15.729	22.483
16/12/2019	15.551	7.326	9.521	16.646	14.779
17/12/2019	0.000	6.159	9.583	15.104	12.780
18/12/2019	0.000	7.153	9.292	16.250	11.691
19/12/2019	0.000	7.292	8.812	16.104	13.280
20/12/2019	0.000	6.158	9.667	15.167	15.917
21/12/2019	0.000	4.996	9.667	13.646	18.269
22/12/2019	0.000	6.045	9.458	14.854	15.631
23/12/2019	0.000	5.461	10.292	14.729	15.246
24/12/2019	0.000	6.886	9.208	15.812	16.679
25/12/2019	0.000	6.539	9.833	15.792	18.581
26/12/2019	0.000	6.612	10.042	16.042	17.303
27/12/2019	0.000	4.421	10.542	13.646	14.936
28/12/2019	0.000	6.791	9.292	15.729	13.222
29/12/2019	0.000	8.414	8.562	17.479	13.221
30/12/2019	0.000	8.431	9.625	18.208	13.634
31/12/2019	63.417	6.902	10.396	16.667	13.197
01/01/2020	32.544	6.932	9.979	16.396	19.040
02/01/2020	31.055	6.775	9.958	16.167	17.812
03/01/2020	0.000	8.737	9.354	18.417	15.799
04/01/2020	0.000	10.080	7.604	19.167	11.545
05/01/2020	0.000	8.265	9.729	18.000	9.884
06/01/2020	0.000	8.408	9.792	18.229	8.672
07/01/2020	0.000	9.739	8.167	19.000	7.735
08/01/2020	0.000	9.618	7.062	18.125	6.825
09/01/2020	0.000	7.868	7.312	15.771	5.779
10/01/2020	0.000	8.261	7.167	16.229	5.159
11/01/2020	0.000	7.947	7.271	15.833	5.133
12/01/2020	0.000	7.775	8.396	16.333	5.600
13/01/2020	0.000	8.281	8.104	16.833	6.384
14/01/2020	0.000	8.092	8.396	16.750	6.577
15/01/2020	0.000	8.286	8.042	16.771	6.053
16/01/2020	0.000	6.871	8.729	15.271	6.329
17/01/2020	0.000	6.452	9.292	15.104	7.002
18/01/2020	0.000	6.707	8.812	15.083	12.968
19/01/2020	0.000	7.898	9.375	17.083	15.793
20/01/2020	0.000	6.948	10.292	16.458	22.552
21/01/2020	21.038	6.085	10.396	15.417	14.836
22/01/2020	0.000	7.202	10.042	16.583	17.313
23/01/2020	0.000	8.915	9.125	18.229	12.799
24/01/2020	11.201	8.039	9.958	17.604	8.234
25/01/2020	6.316	9.152	9.292	18.625	8.837
26/01/2020	3.465	8.038	10.833	18.188	8.451
27/01/2020	0.000	8.133	10.146	17.812	8.644
28/01/2020	0.000	8.770	9.917	18.479	8.644
29/01/2020	0.000	8.131	9.417	17.271	9.234
30/01/2020	0.000	7.892	9.271	16.833	12.491
31/01/2020	0.000	8.143	9.292	17.167	10.621
01/02/2020	0.000	6.441	10.000	15.438	7.762
02/02/2020	1.928	7.648	9.354	16.521	7.159
03/02/2020	1.252	6.468	9.875	15.354	9.828
04/02/2020	0.000	9.235	8.708	18.167	7.790
05/02/2020	0.000	11.385	6.562	19.729	6.853
06/02/2020	0.000	10.090	7.042	18.229	6.026
07/02/2020	0.000	10.631	6.375	18.542	5.943
08/02/2020	1.784	9.742	8.646	18.729	5.570
09/02/2020	5.743	10.335	8.750	19.562	5.600
10/02/2020	0.000	7.964	9.292	16.771	6.496
11/02/2020	0.000	9.626	7.708	17.917	5.998
12/02/2020	0.000	8.283	8.604	16.688	5.546
13/02/2020	0.000	9.832	8.833	18.875	4.954
14/02/2020	0.000	8.478	8.792	17.042	5.108
15/02/2020	2.920	9.353	8.292	17.854	5.778
16/02/2020	0.000	8.383	9.500	17.375	5.947
17/02/2020	0.000	7.661	9.458	16.396	5.185
18/02/2020	0.000	8.787	8.771	17.375	5.134
19/02/2020	0.000	7.336	9.896	16.271	5.108
20/02/2020	13.475	7.073	10.750	16.562	4.800
21/02/2020	4.366	7.881	10.479	17.354	5.989
22/02/2020	1.182	7.172	9.854	16.000	10.313
23/02/2020	9.325	7.009	10.479	16.250	17.918
24/02/2020	10.969	8.438	10.000	17.688	14.366
25/02/2020	37.179	8.660	9.854	17.854	12.945
26/02/2020	13.087	6.893	10.812	16.333	23.321
27/02/2020	0.490	8.603	10.438	18.167	23.009
28/02/2020	3.417	10.097	9.396	19.354	40.731
29/02/2020	1.417	8.643	8.854	17.104	15.847
01/03/2020	0.000	8.490	10.417	17.979	12.780
02/03/2020	0.000	8.073	9.667	16.917	11.485
03/03/2020	0.000	8.107	9.375	16.750	9.254
04/03/2020	0.000	8.152	9.750	17.062	7.376
05/03/2020	0.000	8.099	9.146	16.562	7.101
06/03/2020	0.000	8.973	9.500	17.917	6.632
07/03/2020	15.566	7.786	10.188	16.896	7.128
08/03/2020	2.903	8.282	9.167	16.792	8.010
09/03/2020	0.000	7.272	9.792	15.958	8.203
10/03/2020	0.000	7.897	9.667	16.646	6.967
11/03/2020	17.949	9.997	9.875	19.438	5.721
12/03/2020	0.852	8.080	10.000	17.104	10.240
13/03/2020	10.275	8.802	9.688	17.792	12.295
14/03/2020	6.534	8.050	10.000	17.062	33.331
15/03/2020	0.000	7.538	9.792	16.271	14.276
16/03/2020	0.000	7.604	11.500	17.604	12.863
17/03/2020	1.641	7.869	9.917	16.771	17.160
18/03/2020	50.973	10.052	9.479	19.229	11.720
19/03/2020	0.000	7.833	10.208	16.938	13.376
20/03/2020	6.656	5.882	10.875	15.104	8.466
21/03/2020	0.000	11.236	8.104	19.875	7.349
22/03/2020	0.000	11.396	6.375	19.042	7.266
23/03/2020	4.508	8.908	8.667	17.229	6.549
24/03/2020	0.000	6.140	9.604	14.417	7.183
25/03/2020	0.000	8.639	9.167	17.229	6.439
26/03/2020	1.677	8.498	9.750	17.458	6.191
27/03/2020	11.364	9.006	9.292	17.792	6.053
28/03/2020	0.000	9.348	9.188	18.167	7.156
29/03/2020	0.000	7.386	10.104	16.333	6.687
30/03/2020	0.000	5.540	9.854	13.917	16.970
31/03/2020	0.000	7.583	9.667	16.271	19.035
01/04/2020	0.000	7.254	9.792	15.958	24.661
02/04/2020	25.445	7.045	10.104	15.938	37.573
03/04/2020	0.000	7.045	9.250	15.312	22.385
04/04/2020	0.000	7.516	10.375	16.729	14.527
05/04/2020	12.055	7.913	9.938	16.917	26.290
06/04/2020	8.074	6.849	10.667	16.146	23.990
07/04/2020	4.505	6.133	10.125	14.875	21.576
08/04/2020	0.000	6.336	9.688	14.792	17.940
09/04/2020	11.840	6.279	10.688	15.500	21.997
10/04/2020	0.000	8.088	9.375	16.792	19.206
11/04/2020	1.906	6.846	10.312	15.917	14.700
12/04/2020	37.313	4.386	10.604	13.312	28.376
13/04/2020	0.827	8.344	8.479	16.542	18.909
14/04/2020	0.000	7.845	10.188	17.104	12.368
15/04/2020	0.000	7.585	10.792	17.229	12.368
16/04/2020	0.000	8.064	9.312	16.792	11.838
17/04/2020	0.000	6.258	9.625	14.729	13.133
18/04/2020	0.000	6.696	8.125	14.188	16.236
19/04/2020	0.000	8.345	8.167	16.417	15.437
20/04/2020	0.000	8.515	7.771	16.396	10.959
21/04/2020	0.000	7.586	8.500	15.667	9.085
22/04/2020	0.000	8.392	7.812	16.292	15.136
23/04/2020	0.000	7.686	8.625	15.917	14.702
24/04/2020	5.202	7.784	9.812	16.896	14.770
25/04/2020	0.000	7.516	10.417	17.000	16.464
26/04/2020	0.000	8.947	8.875	17.812	11.337
27/04/2020	13.737	6.831	9.125	15.208	10.736
28/04/2020	0.000	7.187	9.875	16.229	9.719
29/04/2020	0.000	7.872	9.833	17.104	9.499
30/04/2020	0.000	7.936	9.812	17.188	10.115
01/05/2020	4.786	6.510	10.938	16.208	15.061
02/05/2020	0.000	6.568	10.938	16.292	18.856
03/05/2020	0.000	6.820	10.500	16.292	15.253
04/05/2020	5.673	7.488	10.938	17.479	11.867
05/05/2020	3.040	7.321	9.250	16.062	13.085
06/05/2020	0.000	6.079	10.250	15.208	20.702
07/05/2020	28.125	4.761	10.688	13.979	24.874
08/05/2020	7.413	5.494	9.875	14.208	81.440
09/05/2020	1.035	6.799	9.688	15.750	51.342
10/05/2020	0.000	6.902	10.333	16.375	27.424
11/05/2020	3.967	7.247	10.271	16.792	22.469
12/05/2020	4.392	7.160	10.833	17.104	16.928
13/05/2020	28.856	5.355	10.938	14.938	23.302
14/05/2020	0.000	7.807	8.729	16.500	20.229
15/05/2020	0.000	6.557	10.312	15.979	14.714
16/05/2020	0.000	5.699	10.125	14.750	14.548
17/05/2020	14.646	7.595	9.938	17.104	44.641
18/05/2020	0.855	6.604	10.062	15.896	60.810
19/05/2020	0.000	5.324	9.146	13.542	29.260
20/05/2020	0.000	7.069	9.812	16.354	20.617
21/05/2020	0.263	6.640	10.146	16.042	27.857
22/05/2020	0.393	5.872	10.562	15.375	35.799
23/05/2020	1.199	6.327	9.521	15.188	18.986
24/05/2020	4.961	5.990	9.958	15.083	15.993
25/05/2020	0.801	7.836	10.375	17.854	33.609
26/05/2020	0.000	5.352	10.396	14.625	87.706
27/05/2020	14.296	6.366	9.250	15.083	77.773
28/05/2020	0.000	8.442	8.292	17.312	32.796
29/05/2020	1.452	7.397	9.375	16.604	27.824
30/05/2020	0.000	6.178	10.188	15.562	36.047
31/05/2020	1.510	7.618	9.354	16.917	28.288
01/06/2020	11.148	6.345	10.396	15.958	40.293
02/06/2020	12.559	6.966	10.021	16.521	30.237
03/06/2020	16.888	5.064	10.458	14.375	35.406
04/06/2020	11.455	6.895	9.354	15.958	27.925
05/06/2020	7.374	6.867	10.083	16.458	20.126
06/06/2020	1.419	4.476	9.417	12.812	24.477
07/06/2020	0.000	7.067	9.188	16.104	23.203
08/06/2020	0.000	6.980	8.646	15.604	17.493
09/06/2020	0.000	7.628	8.271	16.271	15.371
10/06/2020	0.000	8.049	8.667	17.146	13.987
11/06/2020	5.336	7.559	8.667	16.458	15.484
12/06/2020	15.837	6.420	10.167	15.958	33.710
13/06/2020	10.677	7.565	8.729	16.521	21.819
14/06/2020	20.623	5.283	10.521	14.750	39.472
15/06/2020	4.219	5.851	8.396	13.875	43.036
16/06/2020	0.000	7.008	8.854	15.833	36.771
17/06/2020	0.000	4.970	10.125	14.042	36.903
18/06/2020	0.000	7.540	10.042	17.417	26.958
19/06/2020	0.000	6.600	9.292	15.583	26.850
20/06/2020	0.000	6.211	9.562	15.250	48.447
21/06/2020	1.011	5.027	10.208	14.188	50.412
22/06/2020	0.000	5.290	10.021	14.375	64.643
23/06/2020	0.000	5.919	10.167	15.312	58.491
24/06/2020	0.000	7.225	9.562	16.646	33.659
25/06/2020	1.285	6.543	10.167	16.146	28.659
26/06/2020	0.000	5.541	10.438	15.021	26.035
27/06/2020	5.216	6.255	9.688	15.396	28.202
28/06/2020	0.000	6.383	9.958	15.771	30.951
29/06/2020	1.283	6.408	9.833	15.708	59.804
30/06/2020	0.000	7.488	10.042	17.333	29.457
01/07/2020	0.000	7.232	9.958	16.917	25.183
02/07/2020	41.376	5.177	10.333	14.458	54.841
03/07/2020	1.003	6.829	9.958	16.354	31.532
04/07/2020	8.099	5.937	9.625	14.896	40.918
05/07/2020	0.000	7.051	9.292	16.167	42.350
06/07/2020	17.615	6.191	10.542	15.917	48.864
07/07/2020	0.000	5.939	9.396	14.708	32.336
08/07/2020	0.000	7.499	8.146	15.979	26.995
09/07/2020	0.000	6.424	9.708	15.583	42.060
10/07/2020	0.000	5.067	9.271	13.438	26.277
11/07/2020	0.941	6.799	9.458	15.896	24.002
12/07/2020	0.000	8.004	9.146	17.333	20.780
13/07/2020	0.000	6.358	9.396	15.229	21.997
14/07/2020	7.582	5.541	10.062	14.646	21.734
15/07/2020	0.000	5.772	8.583	13.812	27.313
16/07/2020	0.948	6.667	8.708	15.125	24.428
17/07/2020	1.004	6.342	7.792	14.000	20.393
18/07/2020	0.375	7.456	7.479	15.354	17.646
19/07/2020	1.808	6.556	8.271	14.625	15.993
20/07/2020	1.419	6.369	9.521	15.271	16.228
21/07/2020	0.000	7.005	9.125	15.833	34.833
22/07/2020	0.000	6.660	9.729	15.792	24.792
23/07/2020	15.325	6.127	10.021	15.292	36.290
24/07/2020	10.102	6.009	9.521	14.750	48.981
25/07/2020	4.593	4.277	9.875	12.854	80.705
26/07/2020	0.000	6.437	8.896	14.833	45.263
27/07/2020	0.000	6.374	9.729	15.354	35.919
28/07/2020	0.000	6.643	9.375	15.438	23.658
29/07/2020	0.000	5.870	9.938	14.833	31.241
30/07/2020	0.000	6.510	9.708	15.479	45.406
31/07/2020	0.000	7.846	8.417	16.354	37.804
01/08/2020	0.000	7.228	7.417	14.792	23.297
02/08/2020	0.000	8.831	6.917	16.708	19.084
03/08/2020	0.000	6.809	6.292	13.396	16.804
04/08/2020	0.000	6.533	7.083	13.542	16.461
05/08/2020	0.000	5.619	7.542	12.604	17.530
06/08/2020	0.000	5.629	8.583	13.396	33.456
07/08/2020	0.000	3.837	9.146	11.646	43.112
08/08/2020	0.000	5.011	8.979	12.896	44.183
09/08/2020	0.000	6.292	8.208	13.958	29.474
10/08/2020	0.000	8.001	8.583	16.521	21.646
11/08/2020	0.000	8.214	9.646	17.521	18.114
12/08/2020	0.000	8.092	9.271	17.083	16.242
13/08/2020	0.840	6.825	9.729	15.729	18.892
14/08/2020	0.000	7.186	10.417	16.688	22.786
15/08/2020	22.400	6.688	10.167	15.854	31.904
16/08/2020	0.632	6.167	9.979	15.042	44.595
17/08/2020	16.498	8.461	9.729	17.812	28.872
18/08/2020	0.000	8.548	9.708	17.896	23.515
19/08/2020	0.884	6.798	10.958	16.542	19.118
20/08/2020	0.000	7.439	10.396	16.917	17.708
21/08/2020	0.000	6.796	10.104	15.875	22.119
22/08/2020	19.767	6.240	9.417	14.646	30.193
23/08/2020	0.000	8.459	8.333	16.771	29.945
24/08/2020	0.000	7.944	9.104	16.604	20.392
25/08/2020	0.000	8.351	8.771	16.896	17.001
26/08/2020	0.000	8.690	8.958	17.458	13.957
27/08/2020	12.676	6.181	9.771	14.792	13.722
28/08/2020	0.000	6.921	10.021	15.896	13.486
29/08/2020	8.852	7.074	9.854	15.958	13.784
30/08/2020	16.388	7.197	10.250	16.396	16.402
31/08/2020	1.491	8.297	8.458	16.542	15.404
01/09/2020	0.000	7.728	7.542	15.146	13.987
02/09/2020	0.000	7.004	7.604	14.208	13.663
03/09/2020	0.000	8.866	6.458	15.958	13.230
04/09/2020	5.013	6.806	8.854	14.833	27.101
05/09/2020	0.000	7.403	9.875	16.333	28.742
06/09/2020	0.000	7.292	8.167	14.958	19.235
07/09/2020	0.000	8.129	8.479	16.271	14.465
08/09/2020	12.392	6.803	8.750	14.729	14.891
09/09/2020	0.000	7.609	7.167	14.667	17.306
10/09/2020	0.000	6.779	8.292	14.354	13.639
11/09/2020	0.000	7.475	8.667	15.521	12.927
12/09/2020	0.000	7.427	8.583	15.396	11.632
13/09/2020	0.000	6.196	8.479	13.729	13.163
14/09/2020	0.000	7.285	8.417	15.083	14.134
15/09/2020	0.000	8.877	8.604	17.292	12.603
16/09/2020	2.252	8.348	8.646	16.625	13.251
17/09/2020	17.357	9.138	8.729	17.708	18.102
18/09/2020	10.008	9.081	8.625	17.562	17.908
19/09/2020	15.603	7.353	8.833	15.458	26.637
20/09/2020	7.174	6.906	9.646	15.479	19.548
21/09/2020	0.000	8.542	8.500	16.771	20.373
22/09/2020	0.000	8.959	9.021	17.667	21.141
23/09/2020	8.122	7.782	8.042	15.458	14.595
24/09/2020	2.096	6.389	8.729	14.146	24.579
25/09/2020	1.902	8.766	7.271	16.250	24.193
26/09/2020	0.000	7.414	8.104	15.021	15.814
27/09/2020	4.526	9.561	8.229	17.938	14.134
28/09/2020	0.000	8.188	10.021	17.375	13.074
29/09/2020	10.629	7.860	8.417	15.833	13.104
30/09/2020	0.000	5.719	8.938	13.479	22.400
01/10/2020	0.000	8.255	7.917	16.021	22.635
02/10/2020	0.000	9.237	6.854	16.646	14.820
03/10/2020	0.000	7.701	7.792	15.208	16.265
04/10/2020	0.000	5.568	8.917	13.292	20.824
05/10/2020	0.000	7.712	7.479	15.021	33.401
06/10/2020	0.000	8.845	6.375	15.833	23.463
07/10/2020	0.000	7.687	7.417	14.958	17.493
08/10/2020	0.000	7.467	7.229	14.542	15.373
09/10/2020	0.000	7.839	7.979	15.562	13.693
10/10/2020	0.000	10.173	6.958	18.042	12.309
11/10/2020	0.000	8.829	6.500	15.938	11.573
12/10/2020	0.000	7.917	7.604	15.438	10.690
13/10/2020	0.000	7.652	7.167	14.792	13.563
14/10/2020	0.000	8.071	7.854	15.833	15.773
15/10/2020	0.000	8.576	8.167	16.729	13.310
16/10/2020	0.000	6.440	8.917	14.458	15.245
17/10/2020	0.000	7.473	7.854	15.062	21.276
18/10/2020	4.042	7.442	8.729	15.646	24.819
19/10/2020	17.167	8.299	8.917	16.917	18.040
20/10/2020	2.539	8.371	8.667	16.854	14.049
21/10/2020	5.790	6.694	8.917	14.833	35.600
22/10/2020	0.000	6.795	8.292	14.521	21.418
23/10/2020	0.375	6.939	8.792	15.083	14.964
24/10/2020	0.000	7.876	9.417	16.771	12.515
25/10/2020	0.000	9.196	9.042	18.271	10.984
26/10/2020	5.407	8.547	9.854	17.979	13.840
27/10/2020	15.853	7.929	9.438	16.896	12.692
28/10/2020	28.448	8.722	9.104	17.729	10.925
29/10/2020	5.422	9.242	10.104	19.104	10.690
30/10/2020	14.685	7.985	10.812	17.979	11.043
31/10/2020	6.896	6.796	10.250	16.062	9.776
01/11/2020	25.618	6.794	10.042	15.917	9.471
02/11/2020	5.577	9.785	9.292	19.354	8.865
03/11/2020	0.000	9.605	8.833	18.833	8.286
04/11/2020	11.517	9.379	8.250	18.167	7.128
05/11/2020	5.577	7.662	9.792	16.917	8.561
06/11/2020	2.715	9.311	8.438	18.229	8.809
07/11/2020	15.933	8.574	8.917	17.562	9.361
08/11/2020	0.000	8.281	7.750	16.396	7.955
09/11/2020	0.000	8.597	8.854	17.583	7.294
10/11/2020	0.000	8.555	8.354	17.208	10.469
11/11/2020	5.765	8.270	8.479	16.917	14.188
12/11/2020	27.723	6.869	9.042	15.417	10.543
13/11/2020	32.715	7.631	8.625	16.167	17.256
14/11/2020	13.606	7.590	10.167	17.208	24.851
15/11/2020	0.000	6.804	9.542	15.729	21.019
16/11/2020	49.720	6.321	9.042	14.729	19.752
17/11/2020	1.740	5.962	9.000	14.229	22.165
18/11/2020	21.536	7.440	9.500	16.583	19.984
19/11/2020	0.000	8.697	8.479	17.625	18.457
20/11/2020	0.000	6.892	8.521	15.167	18.820
21/11/2020	3.882	7.411	8.729	16.042	30.974
22/11/2020	0.000	7.743	8.625	16.438	17.694
23/11/2020	8.220	7.217	8.812	15.854	14.281
24/11/2020	0.000	6.962	8.146	15.042	13.486
25/11/2020	0.000	8.154	7.938	16.583	12.809
26/11/2020	3.522	7.833	8.312	16.396	14.027
27/11/2020	0.000	6.874	8.979	15.542	19.478
28/11/2020	0.000	6.451	9.667	15.479	21.248
29/11/2020	14.330	6.975	8.938	15.667	16.365
30/11/2020	0.000	7.389	8.729	16.104	12.486
01/12/2020	0.000	7.194	9.979	16.729	14.139
02/12/2020	34.634	6.631	9.896	15.917	25.878
03/12/2020	0.000	8.262	8.896	17.458	21.901
04/12/2020	0.000	7.076	10.146	16.708	18.591
05/12/2020	0.000	5.867	9.646	14.729	14.551
06/12/2020	0.000	7.159	8.146	15.417	16.308
07/12/2020	0.000	8.002	7.562	16.229	16.367
08/12/2020	1.913	6.372	9.646	15.417	17.715
09/12/2020	8.394	7.477	9.250	16.646	20.063
10/12/2020	4.233	8.809	8.771	18.188	14.955
11/12/2020	0.308	8.047	8.438	16.896	11.661
12/12/2020	2.050	7.332	8.833	16.167	10.660
13/12/2020	0.000	7.354	8.604	16.042	9.984
14/12/2020	0.000	8.664	7.917	17.438	11.257
15/12/2020	0.000	6.606	8.375	14.833	10.124
16/12/2020	0.000	8.875	7.375	17.396	10.727
17/12/2020	0.000	6.052	8.688	14.292	9.421
18/12/2020	0.000	6.556	8.875	15.125	16.645
19/12/2020	14.925	7.082	8.875	15.854	16.114
20/12/2020	2.285	6.548	9.208	15.354	27.217
21/12/2020	1.685	8.387	7.500	16.771	15.610
22/12/2020	0.000	6.889	9.083	15.729	12.103
23/12/2020	0.000	7.721	9.312	17.042	12.015
24/12/2020	2.504	6.795	10.042	16.292	13.776
25/12/2020	16.418	7.584	9.979	17.312	21.880
26/12/2020	23.944	5.559	9.688	14.375	16.806
27/12/2020	20.508	7.638	9.229	16.854	18.418
28/12/2020	3.473	7.451	8.688	16.208	15.434
29/12/2020	5.975	7.182	8.812	15.917	13.327
30/12/2020	6.152	8.038	8.625	16.979	14.222
31/12/2020	1.816	8.042	8.938	17.188	14.016
01/01/2021	0.000	7.265	9.521	16.521	11.897
02/01/2021	1.344	7.245	9.042	16.146	10.925
03/01/2021	15.805	7.534	9.375	16.771	14.142
04/01/2021	12.093	6.476	9.167	15.167	21.580
05/01/2021	7.662	5.995	9.375	14.667	19.616
06/01/2021	1.993	5.682	9.354	14.229	21.319
07/01/2021	0.000	6.997	8.438	15.333	20.088
08/01/2021	26.856	6.352	8.417	14.417	21.354
09/01/2021	0.588	6.804	8.604	15.167	20.064
10/01/2021	0.000	6.530	8.708	14.854	20.486
11/01/2021	3.239	5.635	8.833	13.729	41.142
12/01/2021	0.000	7.706	9.167	16.771	32.324
13/01/2021	0.000	8.355	8.417	17.146	18.538
14/01/2021	0.517	8.355	8.625	17.271	13.817
15/01/2021	0.000	9.010	8.979	18.396	11.985
16/01/2021	3.370	8.956	8.292	17.854	10.028
17/01/2021	0.000	8.507	8.938	17.646	9.306
18/01/2021	0.000	7.998	8.792	16.833	8.837
19/01/2021	0.000	9.414	8.354	18.479	8.782
20/01/2021	0.000	8.500	7.896	16.896	8.010
21/01/2021	0.000	8.586	7.833	16.958	7.707
22/01/2021	6.394	6.806	9.042	15.333	8.148
23/01/2021	0.505	7.304	8.646	15.708	9.541
24/01/2021	3.029	7.447	9.125	16.229	12.633
25/01/2021	3.056	6.202	9.438	14.792	10.223
26/01/2021	14.247	6.545	9.667	15.396	9.113
27/01/2021	0.000	8.639	8.667	17.479	8.727
28/01/2021	5.327	9.139	8.479	18.021	9.333
29/01/2021	0.000	9.990	8.333	19.062	8.176
30/01/2021	1.086	8.463	8.229	16.896	6.880
31/01/2021	0.000	8.965	5.417	15.771	6.219
01/02/2021	0.000	7.205	8.458	15.312	6.412
02/02/2021	0.000	7.437	9.625	16.438	5.945
03/02/2021	0.000	8.027	9.250	16.938	5.159
04/02/2021	0.000	6.796	8.583	14.812	5.449
05/02/2021	0.000	7.518	9.188	16.188	7.817
06/02/2021	0.000	7.460	9.229	16.125	9.909
07/02/2021	0.000	7.072	9.229	15.604	9.589
08/02/2021	19.290	7.420	9.667	16.354	8.341
09/02/2021	11.654	8.559	8.792	17.229	11.088
10/02/2021	47.009	7.691	8.792	16.062	28.681
11/02/2021	29.015	6.344	10.562	15.625	16.727
12/02/2021	0.000	7.982	9.271	16.750	18.658
13/02/2021	0.000	8.132	8.708	16.542	15.674
14/02/2021	0.000	8.060	8.167	16.062	10.291
15/02/2021	16.602	8.799	9.667	18.042	11.249
16/02/2021	7.024	6.681	8.542	14.479	10.696
17/02/2021	0.000	7.274	9.167	15.688	8.784
18/02/2021	2.034	4.467	10.938	13.708	9.416
19/02/2021	27.458	5.706	10.104	14.417	26.726
20/02/2021	24.287	8.301	8.375	16.438	23.335
21/02/2021	0.000	7.554	8.458	15.500	21.333
22/02/2021	0.000	6.234	9.417	14.500	19.065
23/02/2021	16.562	7.304	8.917	15.479	16.883
24/02/2021	0.000	6.220	9.104	14.229	14.382
25/02/2021	21.989	6.561	9.875	15.229	20.564
26/02/2021	0.000	6.815	9.917	15.562	18.662
27/02/2021	0.000	6.331	9.938	14.979	15.113
28/02/2021	0.000	6.429	10.312	15.375	19.000
01/03/2021	12.294	7.896	9.250	16.417	34.499
02/03/2021	0.833	6.800	9.562	15.250	35.478
03/03/2021	0.000	5.633	8.729	13.167	31.781
04/03/2021	10.142	6.227	9.000	14.104	25.478
05/03/2021	1.059	5.757	8.979	13.500	18.872
06/03/2021	3.150	7.222	8.146	14.729	16.377
07/03/2021	0.000	5.521	9.167	13.354	42.723
08/03/2021	4.563	3.992	8.979	11.458	26.112
09/03/2021	0.000	8.441	8.229	16.354	26.064
10/03/2021	31.058	5.206	8.708	12.604	27.066
11/03/2021	12.237	5.418	9.625	13.583	23.186
12/03/2021	0.000	7.844	8.854	16.000	26.745
13/03/2021	12.564	7.498	9.042	15.688	25.259
14/03/2021	1.125	9.651	9.292	18.604	21.514
15/03/2021	14.869	5.829	8.667	13.312	25.588
16/03/2021	13.198	8.134	8.333	16.000	18.876
17/03/2021	4.134	6.998	8.604	14.729	16.713
18/03/2021	7.425	6.316	9.167	14.292	21.420
19/03/2021	5.371	6.935	8.917	14.875	19.589
20/03/2021	3.115	7.231	9.375	15.583	17.899
21/03/2021	1.632	8.736	7.917	16.500	16.675
22/03/2021	0.000	5.115	8.000	11.917	30.768
23/03/2021	4.039	8.016	8.042	15.646	18.876
24/03/2021	11.590	6.503	8.854	14.292	16.152
25/03/2021	0.000	8.281	8.229	16.125	13.133
26/03/2021	1.099	9.240	8.792	17.750	17.304
27/03/2021	6.938	6.303	9.500	14.542	21.279
28/03/2021	0.000	6.942	9.812	15.562	29.153
29/03/2021	0.000	6.225	9.292	14.292	23.127
30/03/2021	0.000	6.137	8.854	13.854	27.592
31/03/2021	0.000	6.170	9.479	14.375	22.085
01/04/2021	0.000	7.193	9.250	15.479	16.589
02/04/2021	12.096	7.662	9.312	16.125	18.074
03/04/2021	0.000	7.887	9.312	16.417	25.983
04/04/2021	27.027	5.967	9.312	14.021	30.429
05/04/2021	0.000	7.440	8.688	15.417	23.165
06/04/2021	0.000	5.187	8.771	12.667	16.523
07/04/2021	0.000	6.986	8.292	14.562	16.117
08/04/2021	0.000	7.648	8.625	15.667	15.444
09/04/2021	0.000	6.660	8.104	14.021	15.308
10/04/2021	0.000	7.614	8.125	15.292	19.072
11/04/2021	0.000	8.408	8.958	16.917	28.404
12/04/2021	22.276	4.672	8.938	12.229	33.508
13/04/2021	0.000	6.559	7.604	13.562	23.028
14/04/2021	0.000	8.052	9.333	16.750	28.366
15/04/2021	9.218	6.621	9.000	14.688	30.825
16/04/2021	3.433	8.309	8.750	16.708	23.778
17/04/2021	7.052	6.066	8.938	13.958	28.283
18/04/2021	0.000	7.807	8.792	16.104	21.458
19/04/2021	18.358	6.537	9.562	15.042	25.973
20/04/2021	0.921	9.040	7.833	17.125	20.801
21/04/2021	0.000	8.536	8.042	16.604	15.716
22/04/2021	3.950	8.389	7.750	16.229	13.457
23/04/2021	0.000	6.978	8.812	15.104	11.956
24/04/2021	9.046	7.857	9.375	16.667	12.692
25/04/2021	12.996	8.134	8.188	16.229	12.456
26/04/2021	17.359	6.332	10.125	15.292	11.838
27/04/2021	1.929	6.240	9.875	15.000	14.174
28/04/2021	8.404	6.209	9.333	14.562	32.676
29/04/2021	3.500	6.484	8.562	14.354	32.765
30/04/2021	2.198	6.155	8.812	14.125	47.430
01/05/2021	2.546	7.780	8.917	16.354	32.587
02/05/2021	3.776	6.807	10.250	16.062	30.108
03/05/2021	23.054	5.927	10.208	14.938	20.275
04/05/2021	0.000	8.085	9.875	17.479	18.238
05/05/2021	3.042	6.905	10.250	16.229	20.415
06/05/2021	11.936	7.337	9.979	16.604	22.753
07/05/2021	10.438	8.756	9.750	18.333	27.662
08/05/2021	0.000	6.801	9.042	15.250	34.086
09/05/2021	9.829	6.014	9.646	14.688	30.599
10/05/2021	0.000	5.368	9.000	13.375	41.200
11/05/2021	0.000	5.789	9.062	13.979	49.932
12/05/2021	0.000	6.250	8.938	14.500	40.805
13/05/2021	0.000	7.767	9.188	16.729	32.457
14/05/2021	0.000	7.218	9.938	16.542	26.505
15/05/2021	4.288	6.328	10.000	15.438	26.937
16/05/2021	16.011	8.157	9.708	17.667	42.369
17/05/2021	18.164	3.913	10.250	12.729	35.297
18/05/2021	0.428	5.932	9.312	14.438	50.739
19/05/2021	0.000	7.540	8.354	15.938	27.693
20/05/2021	0.000	7.790	8.917	16.688	19.956
21/05/2021	0.000	7.826	9.875	17.417	16.492
22/05/2021	17.039	6.637	10.458	16.271	15.806
23/05/2021	0.000	5.578	10.188	14.708	17.427
24/05/2021	0.000	6.687	10.646	16.500	19.461
25/05/2021	0.000	6.276	9.875	15.396	27.213
26/05/2021	0.000	5.415	9.750	14.188	41.876
27/05/2021	0.000	6.612	9.438	15.542	29.922
28/05/2021	0.000	7.928	9.167	17.167	20.732
29/05/2021	0.000	7.130	10.250	16.854	17.524
30/05/2021	0.000	6.676	9.812	15.938	18.900
31/05/2021	6.111	5.449	10.438	14.812	26.128
01/06/2021	6.758	7.534	9.042	16.583	27.150
02/06/2021	0.589	7.584	9.375	16.896	18.997
03/06/2021	0.000	7.111	9.750	16.521	17.330
04/06/2021	19.134	6.775	9.646	16.000	30.547
05/06/2021	19.049	7.200	8.667	15.896	25.997
06/06/2021	0.000	6.084	8.958	14.562	19.435
07/06/2021	18.441	5.247	10.229	14.438	21.583
08/06/2021	0.000	3.949	10.042	12.708	38.181
09/06/2021	0.783	6.796	9.500	15.958	26.881
10/06/2021	0.000	6.209	9.479	15.146	20.543
11/06/2021	0.000	7.240	9.938	16.896	18.956
12/06/2021	0.000	7.903	9.958	17.833	18.546
13/06/2021	16.336	4.591	9.417	12.979	47.338
14/06/2021	0.000	8.142	9.521	17.875	32.573
15/06/2021	21.963	5.029	9.958	13.979	75.476
16/06/2021	21.260	5.953	8.792	14.312	42.579
17/06/2021	0.767	6.156	9.000	14.750	35.492
18/06/2021	0.000	7.178	8.688	15.958	42.883
19/06/2021	0.000	7.703	9.417	17.208	39.162
20/06/2021	0.823	6.362	9.792	15.625	33.919
21/06/2021	0.000	6.735	8.562	15.250	38.825
22/06/2021	0.000	7.238	8.042	15.604	28.939
23/06/2021	0.000	6.278	8.042	14.229	25.238
24/06/2021	1.074	7.555	8.625	16.458	23.788
25/06/2021	0.000	6.114	7.646	13.708	19.364
26/06/2021	0.000	7.625	8.667	16.583	18.082
27/06/2021	8.498	6.521	9.188	15.396	17.926
28/06/2021	7.839	6.437	8.604	14.854	19.080
29/06/2021	0.000	6.485	8.542	14.875	23.854
30/06/2021	0.601	5.883	8.250	13.812	52.235
01/07/2021	0.000	6.977	7.042	14.521	50.104
02/07/2021	0.000	6.558	7.479	14.208	26.935
03/07/2021	0.000	6.759	6.854	14.062	19.227
04/07/2021	0.000	7.632	5.792	14.646	16.367
05/07/2021	0.000	7.106	7.104	14.729	14.789
06/07/2021	0.000	5.921	7.646	13.396	26.910
07/07/2021	0.000	6.605	8.042	14.646	24.415
08/07/2021	0.000	7.153	8.396	15.667	20.756
09/07/2021	0.000	5.185	8.792	13.229	40.666
10/07/2021	0.000	6.956	8.812	15.667	45.662
11/07/2021	0.000	5.079	9.646	13.750	39.058
12/07/2021	0.000	5.247	9.458	13.812	40.163
13/07/2021	0.000	5.721	8.562	13.750	59.857
14/07/2021	0.000	8.030	8.583	16.979	39.299
15/07/2021	0.000	8.092	8.562	17.042	24.210
16/07/2021	0.000	8.010	7.917	16.479	21.016
17/07/2021	0.000	6.516	9.875	15.771	20.486
18/07/2021	0.000	6.833	9.333	15.792	53.203
19/07/2021	0.000	6.276	9.188	14.917	58.944
20/07/2021	0.000	7.555	8.750	16.354	46.597
21/07/2021	0.000	5.008	8.479	12.667	62.338
22/07/2021	0.815	5.344	9.125	13.604	109.186
23/07/2021	20.430	5.538	9.188	13.896	98.483
24/07/2021	0.000	5.552	8.854	13.646	42.968
25/07/2021	0.896	5.470	8.271	13.083	28.351
26/07/2021	7.018	7.232	8.792	15.854	33.213
27/07/2021	17.699	6.143	9.292	14.729	35.881
28/07/2021	4.304	6.764	9.167	15.458	33.807
29/07/2021	0.697	7.524	8.271	15.854	25.260
30/07/2021	0.708	6.532	7.792	14.125	28.401
31/07/2021	0.000	7.740	8.333	16.167	24.913
01/08/2021	0.000	5.369	9.021	13.458	24.163
02/08/2021	0.000	5.602	8.396	13.271	62.128
03/08/2021	0.000	6.547	7.250	13.708	60.593
04/08/2021	0.000	7.202	5.917	13.708	28.438
05/08/2021	0.000	7.530	5.729	14.042	21.078
06/08/2021	0.000	7.238	6.167	13.896	19.080
07/08/2021	0.000	8.472	7.292	16.375	17.677
08/08/2021	0.000	8.273	8.333	16.771	17.178
09/08/2021	0.000	6.940	9.521	15.792	18.210
10/08/2021	3.833	6.577	9.083	14.979	25.280
11/08/2021	3.885	7.501	9.042	16.167	30.575
12/08/2021	0.000	6.784	8.771	15.000	32.334
13/08/2021	0.000	6.511	9.417	15.104	42.489
14/08/2021	0.000	7.116	9.208	15.729	30.377
15/08/2021	15.663	7.721	8.375	15.938	23.238
16/08/2021	0.000	6.887	8.625	14.979	28.945
17/08/2021	0.000	6.302	9.062	14.521	52.814
18/08/2021	23.938	7.103	9.333	15.750	50.461
19/08/2021	6.358	6.651	9.271	15.104	27.873
20/08/2021	0.000	7.906	9.083	16.604	25.525
21/08/2021	0.851	7.721	7.833	15.479	24.807
22/08/2021	0.000	7.822	9.521	16.771	19.726
23/08/2021	0.000	7.093	9.604	15.875	17.459
24/08/2021	0.000	7.688	9.771	16.750	17.382
25/08/2021	0.000	7.209	9.917	16.229	28.209
26/08/2021	20.794	8.050	9.729	17.167	34.856
27/08/2021	0.000	7.617	9.917	16.729	24.290
28/08/2021	24.115	7.777	9.792	16.833	35.778
29/08/2021	15.259	5.270	9.104	13.146	24.325
30/08/2021	0.000	6.102	9.021	14.104	30.718
31/08/2021	0.000	7.382	8.771	15.562	26.067
01/09/2021	11.194	7.464	8.750	15.646	24.816
02/09/2021	0.000	9.443	7.479	17.417	21.015
03/09/2021	25.916	7.415	9.042	15.771	16.835
04/09/2021	0.000	9.018	8.229	17.312	17.022
05/09/2021	0.000	8.078	8.604	16.312	19.207
06/09/2021	5.426	5.211	9.229	13.125	35.012
07/09/2021	0.000	7.684	7.417	14.958	26.523
08/09/2021	0.000	7.666	9.167	16.146	18.654
09/09/2021	0.000	7.725	9.188	16.229	17.552
10/09/2021	0.000	6.575	9.458	14.958	18.243
11/09/2021	0.000	6.616	9.396	14.958	19.989
12/09/2021	4.203	5.094	9.146	12.896	21.226
13/09/2021	0.000	7.903	8.562	16.000	17.756
14/09/2021	0.000	9.076	8.292	17.354	15.248
15/09/2021	0.000	7.684	7.938	15.271	15.709
16/09/2021	0.000	5.868	8.292	13.167	14.770
17/09/2021	0.000	7.838	7.833	15.396	15.478
18/09/2021	0.000	9.567	6.521	16.854	13.428
19/09/2021	0.000	8.646	8.542	16.938	11.867
20/09/2021	0.000	8.949	8.792	17.500	11.338
21/09/2021	0.858	6.712	9.104	14.833	10.896
22/09/2021	0.000	6.099	9.208	14.146	14.890
23/09/2021	0.000	7.097	8.167	14.646	23.230
24/09/2021	0.000	7.335	8.167	14.958	18.649
25/09/2021	0.000	6.265	8.604	13.896	22.286
26/09/2021	0.000	9.153	7.208	16.729	20.253
27/09/2021	0.000	9.867	6.167	17.042	13.613
28/09/2021	0.000	8.850	8.104	16.917	11.573
29/09/2021	0.000	7.665	8.729	15.792	11.102
30/09/2021	0.000	6.725	8.729	14.583	19.626
01/10/2021	0.000	7.201	8.479	15.021	18.719
02/10/2021	0.000	8.584	8.104	16.583	15.213
03/10/2021	0.000	8.911	8.042	16.979	12.515
04/10/2021	0.000	8.514	9.146	17.208	10.690
05/10/2021	0.000	6.854	10.250	15.896	10.425
06/10/2021	0.000	6.415	9.417	14.729	18.695
07/10/2021	11.114	6.944	9.750	15.646	52.791
08/10/2021	0.000	7.532	9.521	16.229	17.941
09/10/2021	0.000	7.477	9.667	16.271	14.851
10/10/2021	25.125	6.728	9.167	14.958	20.454
11/10/2021	5.155	6.430	9.104	14.542	24.622
12/10/2021	0.000	7.979	8.771	16.312	17.133
13/10/2021	6.835	8.630	8.667	17.104	13.457
14/10/2021	13.202	9.074	9.083	17.979	16.241
15/10/2021	2.493	8.008	9.604	16.958	18.458
16/10/2021	49.474	7.376	7.979	15.000	21.908
17/10/2021	1.104	6.160	9.167	14.292	39.676
18/10/2021	0.000	7.483	8.104	15.250	29.892
19/10/2021	0.000	7.509	7.979	15.208	17.022
20/10/2021	0.000	7.064	8.854	15.250	18.644
21/10/2021	20.892	5.987	9.625	14.458	23.718
22/10/2021	0.451	7.684	9.854	16.792	21.019
23/10/2021	4.974	7.127	9.875	16.104	22.230
24/10/2021	0.000	7.980	9.000	16.604	20.049
25/10/2021	1.268	8.443	9.729	17.729	18.269
26/10/2021	23.933	6.405	9.500	14.938	21.745
27/10/2021	16.077	7.367	9.000	15.833	25.741
28/10/2021	0.000	6.583	9.333	15.062	17.219
29/10/2021	0.000	7.608	7.604	15.208	13.549
30/10/2021	0.000	8.533	6.500	15.771	13.045
31/10/2021	0.000	6.660	9.688	15.458	14.105
01/11/2021	0.000	7.500	9.042	16.104	13.751
02/11/2021	9.562	7.661	9.667	16.771	12.986
03/11/2021	29.404	7.227	9.688	16.229	13.575
04/11/2021	0.000	8.065	8.854	16.771	15.906
05/11/2021	0.000	8.261	8.875	17.062	20.761
06/11/2021	2.905	7.088	9.312	15.812	18.962
07/11/2021	0.000	7.141	8.021	14.979	16.048
08/11/2021	23.177	7.101	8.521	15.292	15.120
09/11/2021	13.708	8.321	9.000	17.292	13.428
10/11/2021	9.475	6.490	9.604	15.292	17.207
11/11/2021	36.429	7.373	10.229	16.917	19.686
12/11/2021	0.000	5.471	9.917	14.250	25.141
13/11/2021	0.000	6.704	8.312	14.667	38.909
14/11/2021	0.000	7.608	8.667	16.167	22.971
15/11/2021	12.634	6.987	9.542	15.958	16.273
16/11/2021	0.000	7.394	9.167	16.250	13.869
17/11/2021	0.000	7.356	9.979	16.792	11.838
18/11/2021	0.000	5.872	9.812	14.729	11.544
19/11/2021	9.618	5.844	9.354	14.354	14.978
20/11/2021	0.000	6.496	8.938	14.917	16.371
21/11/2021	17.962	8.122	8.562	16.896	13.251
22/11/2021	0.000	7.257	8.854	15.917	23.253
23/11/2021	0.000	5.044	9.062	13.125	20.091
24/11/2021	0.000	5.914	9.312	14.458	15.487
25/11/2021	41.442	4.311	9.167	12.312	18.574
26/11/2021	2.405	7.533	8.875	16.354	18.242
27/11/2021	19.286	7.784	8.625	16.542	20.485
28/11/2021	0.000	7.462	8.146	15.771	16.755
29/11/2021	0.000	7.012	9.604	16.188	14.782
30/11/2021	0.000	5.845	8.792	14.021	16.622
01/12/2021	0.000	7.840	8.146	16.333	16.870
02/12/2021	0.000	8.586	8.458	17.604	13.284
03/12/2021	20.401	6.603	9.604	15.667	11.396
04/12/2021	1.419	7.340	8.646	16.000	10.690
05/12/2021	9.887	6.553	9.167	15.292	11.722
06/12/2021	0.000	6.266	9.688	15.292	15.142
07/12/2021	0.000	6.959	8.458	15.354	11.547
08/12/2021	0.000	6.557	9.479	15.542	9.971
09/12/2021	15.893	7.329	8.417	15.854	9.113
10/12/2021	27.546	5.987	10.479	15.542	9.223
11/12/2021	55.043	4.402	10.417	13.521	12.295
12/12/2021	0.000	5.249	10.479	14.604	10.540
13/12/2021	0.000	6.163	9.667	15.167	11.514
14/12/2021	0.000	7.093	10.146	16.771	12.073
15/12/2021	0.000	7.596	9.375	16.917	10.193
16/12/2021	0.000	5.667	9.625	14.479	9.085
17/12/2021	0.000	6.776	9.979	16.229	10.012
18/12/2021	0.000	5.400	10.625	14.917	16.069
19/12/2021	0.000	7.070	10.208	16.792	17.303
20/12/2021	0.000	7.621	9.292	16.896	14.434
21/12/2021	0.000	7.014	9.854	16.458	13.015
22/12/2021	0.000	6.751	11.208	17.104	15.503
23/12/2021	0.000	7.019	10.479	16.917	12.908
24/12/2021	0.000	7.730	10.604	17.958	9.780
25/12/2021	15.820	6.235	9.792	15.354	8.699
26/12/2021	0.000	6.729	10.167	16.292	8.975
27/12/2021	0.000	8.615	9.125	18.146	9.195
28/12/2021	23.790	7.192	9.104	16.146	8.341
29/12/2021	2.835	5.762	9.292	14.333	12.218
30/12/2021	2.809	7.609	9.396	16.917	10.464
31/12/2021	0.000	7.080	8.458	15.521	8.203
01/01/2022	0.000	7.691	9.042	16.771	7.294
02/01/2022	0.000	8.074	8.542	16.958	7.900
03/01/2022	55.674	6.958	9.604	16.146	8.258
04/01/2022	0.000	5.628	9.375	14.188	8.258
05/01/2022	0.000	4.095	10.354	13.083	9.857
06/01/2022	0.000	5.230	9.229	13.542	16.468
07/01/2022	0.000	7.481	7.542	15.396	10.563
08/01/2022	0.000	9.688	6.458	17.854	8.065
09/01/2022	0.000	7.327	8.792	16.021	7.817
10/01/2022	1.871	6.385	9.708	15.396	8.865
11/01/2022	8.218	6.085	9.917	15.146	7.790
12/01/2022	0.000	6.977	9.854	16.271	7.211
13/01/2022	0.000	4.794	9.354	13.042	8.497
14/01/2022	13.418	5.135	8.979	13.167	12.819
15/01/2022	32.783	7.152	7.292	14.667	10.990
16/01/2022	11.387	7.091	7.708	14.854	8.672
17/01/2022	0.000	7.016	7.188	14.375	8.176
18/01/2022	0.000	6.679	7.021	13.771	7.790
19/01/2022	0.000	5.574	9.354	13.979	7.459
20/01/2022	4.122	5.760	9.542	14.354	6.219
21/01/2022	0.000	7.082	8.854	15.583	6.163
22/01/2022	0.000	7.119	9.500	16.083	6.053
23/01/2022	0.000	7.234	9.042	15.896	7.101
24/01/2022	0.000	7.893	10.146	17.542	7.817
25/01/2022	0.000	5.779	9.417	14.229	6.439
26/01/2022	51.973	7.732	8.771	16.333	6.053
27/01/2022	1.707	5.810	10.146	14.812	6.121
28/01/2022	0.000	7.138	10.354	16.646	7.488
29/01/2022	0.000	7.996	9.917	17.438	6.026
30/01/2022	1.707	6.066	10.583	15.438	5.778
31/01/2022	0.000	6.630	9.771	15.521	5.943
01/02/2022	0.000	6.666	9.021	15.000	6.081
02/02/2022	0.000	6.632	8.729	14.729	6.728
03/02/2022	0.000	8.963	6.938	16.667	7.049
04/02/2022	2.810	7.820	8.229	15.938	5.791
05/02/2022	0.000	6.739	8.792	14.875	7.211
06/02/2022	3.234	6.406	9.729	15.125	16.429
07/02/2022	0.000	6.024	9.229	14.250	13.030
08/02/2022	57.963	5.033	9.292	13.062	18.396
09/02/2022	0.000	7.820	7.979	15.688	16.135
10/02/2022	7.252	8.289	8.729	16.812	12.107
11/02/2022	16.993	7.726	9.458	16.562	9.284
12/02/2022	0.000	6.835	8.917	15.000	9.787
13/02/2022	0.000	7.406	9.292	16.000	8.650
14/02/2022	14.142	6.368	9.500	14.812	11.059
15/02/2022	0.000	7.449	9.542	16.208	13.859
16/02/2022	0.000	8.213	8.583	16.521	13.104
17/02/2022	5.364	9.022	8.062	17.229	12.346
18/02/2022	41.287	6.386	9.083	14.479	12.370
19/02/2022	33.772	7.935	9.792	16.958	18.375
20/02/2022	9.164	5.087	10.083	13.667	22.894
21/02/2022	0.000	8.147	9.438	16.958	21.625
22/02/2022	0.000	8.538	7.542	16.167	16.949
23/02/2022	0.000	8.091	8.042	15.896	15.061
24/02/2022	1.936	6.905	9.458	15.354	13.291
25/02/2022	8.950	6.569	9.479	14.938	14.856
26/02/2022	0.000	7.520	9.417	16.083	25.592
27/02/2022	2.564	5.831	9.188	13.792	45.617
28/02/2022	0.000	6.637	9.146	14.750	28.004
01/03/2022	0.000	6.791	8.979	14.812	31.772
02/03/2022	15.662	6.086	9.542	14.354	31.911
03/03/2022	9.672	7.096	8.896	15.125	53.051
04/03/2022	0.000	6.872	8.667	14.667	27.206
05/03/2022	24.943	8.520	9.229	17.167	22.891
06/03/2022	0.974	4.950	9.500	12.958	24.972
07/03/2022	0.000	9.425	9.292	18.354	18.501
08/03/2022	1.647	8.536	9.500	17.354	14.112
09/03/2022	0.000	9.101	9.646	18.167	12.191
10/03/2022	0.000	7.822	9.354	16.333	11.485
11/03/2022	0.000	7.473	9.104	15.708	11.544
12/03/2022	0.000	8.130	8.896	16.396	11.897
13/03/2022	23.332	8.642	8.333	16.667	11.073
14/03/2022	12.889	9.345	8.750	17.854	11.956
15/03/2022	12.049	7.960	9.250	16.417	13.222
16/03/2022	0.000	8.020	8.667	16.083	12.986
17/03/2022	0.000	7.667	9.104	15.938	10.837
18/03/2022	0.000	7.429	9.000	15.562	13.948
19/03/2022	0.000	6.357	9.542	14.625	17.921
20/03/2022	30.918	6.904	9.479	15.250	17.562
21/03/2022	8.356	6.242	9.479	14.438	14.700
22/03/2022	4.333	5.658	9.229	13.542	12.048
23/03/2022	0.000	6.886	9.167	15.000	9.569
24/03/2022	0.664	6.642	9.542	14.979	10.514
25/03/2022	0.000	6.951	10.062	15.750	14.159
26/03/2022	20.320	4.402	9.479	12.312	14.746
27/03/2022	20.235	5.737	9.417	13.792	17.229
28/03/2022	25.072	6.704	8.979	14.646	22.639
29/03/2022	4.773	6.826	9.188	14.958	15.875
30/03/2022	2.082	6.170	9.292	14.229	15.251
31/03/2022	10.008	5.997	9.479	14.167	35.635
01/04/2022	0.000	6.782	9.188	14.917	22.596
02/04/2022	0.000	6.717	9.625	15.167	15.026
03/04/2022	0.000	7.911	8.312	15.750	13.428
04/04/2022	30.322	6.942	8.312	14.500	20.938
05/04/2022	0.000	8.218	8.042	15.979	17.074
06/04/2022	0.000	7.434	9.125	15.729	13.310
07/04/2022	0.000	8.095	9.062	16.542	16.057
08/04/2022	0.000	6.549	9.375	14.812	18.886
09/04/2022	0.000	7.377	9.562	16.000	17.958
10/04/2022	5.039	7.802	9.438	16.458	18.020
11/04/2022	7.700	7.111	9.312	15.500	15.681
12/04/2022	0.000	5.476	9.812	13.875	14.574
13/04/2022	0.000	6.066	9.854	14.625	11.632
14/04/2022	0.377	7.681	8.500	15.688	10.397
15/04/2022	0.000	7.054	8.812	15.104	9.499
16/04/2022	0.000	7.048	8.312	14.750	10.439
17/04/2022	28.779	7.886	9.375	16.604	12.191
18/04/2022	25.465	6.669	9.438	15.104	12.591
19/04/2022	14.649	6.305	9.062	14.375	26.649
20/04/2022	0.000	5.556	9.688	13.938	30.786
21/04/2022	17.774	6.444	9.688	15.042	18.799
22/04/2022	5.507	8.022	9.854	17.188	15.969
23/04/2022	0.000	8.288	9.938	17.604	15.761
24/04/2022	16.208	6.997	10.042	16.042	29.499
25/04/2022	16.208	4.786	9.500	12.917	26.895
26/04/2022	0.000	7.497	8.167	15.375	18.501
27/04/2022	0.000	7.735	9.062	16.333	15.962
28/04/2022	10.321	5.471	9.188	13.521	17.396
29/04/2022	1.679	5.873	8.812	13.750	15.225
30/04/2022	0.000	6.525	7.375	13.562	28.424
01/05/2022	0.000	6.730	8.188	14.438	24.464
02/05/2022	0.000	7.798	7.979	15.750	17.955
03/05/2022	0.000	8.781	8.854	17.688	12.841
04/05/2022	0.000	6.406	9.979	15.375	10.868
05/05/2022	12.682	4.264	9.896	12.729	10.732
06/05/2022	0.000	7.300	9.958	16.542	11.926
07/05/2022	0.000	5.276	9.479	13.604	13.604
08/05/2022	0.000	7.546	8.750	16.042	13.045
09/05/2022	12.150	7.805	8.854	16.479	8.622
10/05/2022	12.150	8.197	8.688	16.917	10.214
11/05/2022	28.219	6.462	10.312	15.792	14.963
12/05/2022	10.099	4.557	10.625	13.729	16.204
13/05/2022	0.000	6.097	9.438	14.688	30.453
14/05/2022	0.000	5.863	10.625	15.312	28.876
15/05/2022	0.000	6.541	10.938	16.417	27.293
16/05/2022	0.000	5.188	10.125	14.104	48.705
17/05/2022	44.319	4.739	9.938	13.417	22.524
18/05/2022	0.000	4.868	9.812	13.479	24.714
19/05/2022	0.000	4.824	8.938	12.729	23.083
20/05/2022	0.000	7.296	8.250	15.542	19.886
21/05/2022	0.000	6.772	8.750	15.188	25.737
22/05/2022	0.000	8.257	8.625	17.167	19.426
23/05/2022	6.855	6.148	9.438	14.875	27.477
24/05/2022	0.908	6.936	9.312	15.854	21.043
25/05/2022	11.834	5.556	9.500	14.167	25.581
26/05/2022	0.000	5.993	9.500	14.750	33.981
27/05/2022	0.000	5.504	9.562	14.167	54.778
28/05/2022	0.000	5.437	7.958	12.854	34.931
29/05/2022	0.000	6.217	9.562	15.125	39.751
30/05/2022	0.000	5.171	9.125	13.417	33.915
01/06/2022	0.000	7.263	8.688	15.958	25.370
02/06/2022	5.933	6.229	9.125	14.854	24.232
03/06/2022	4.274	5.538	9.917	14.542	19.761
04/06/2022	21.477	7.245	9.125	16.271	31.565
05/06/2022	39.746	7.960	8.375	16.771	37.603
06/06/2022	1.298	8.302	7.812	16.896	28.436
07/06/2022	30.641	6.923	8.750	15.583	22.502
08/06/2022	6.896	6.072	10.729	15.896	16.805
09/06/2022	0.000	7.065	9.854	16.583	18.650
10/06/2022	1.298	7.397	9.729	16.958	21.438
11/06/2022	15.703	4.378	9.292	12.604	23.312
12/06/2022	0.000	5.404	8.375	13.229	27.037
13/06/2022	0.000	4.354	8.375	11.833	33.844
14/06/2022	0.000	6.781	7.938	14.854	33.962
15/06/2022	0.000	7.531	8.062	16.021	25.238
16/06/2022	0.697	6.927	8.312	15.333	20.724
17/06/2022	4.426	7.766	8.750	16.833	17.116
18/06/2022	7.694	6.179	8.500	14.417	17.802
19/06/2022	8.782	6.929	8.562	15.521	25.967
20/06/2022	3.089	4.940	9.229	13.292	19.922
21/06/2022	0.000	7.356	7.583	15.458	17.958
22/06/2022	0.000	6.157	8.875	14.667	16.349
23/06/2022	0.000	3.768	9.229	11.833	31.807
24/06/2022	0.000	6.031	8.688	14.354	36.318
25/06/2022	0.000	4.695	8.688	12.542	54.563
26/06/2022	0.000	4.583	8.688	12.396	54.803
27/06/2022	0.000	8.239	6.958	16.333	28.701
28/06/2022	0.000	7.490	7.396	15.521	19.792
29/06/2022	0.000	5.370	9.229	13.854	19.845
30/06/2022	0.000	6.133	9.188	14.854	19.025
01/07/2022	0.000	6.948	8.750	15.667	15.743
02/07/2022	0.000	5.933	9.562	14.854	18.425
03/07/2022	0.000	6.191	9.938	15.479	35.320
04/07/2022	2.200	6.320	9.625	15.417	58.096
05/07/2022	0.000	5.874	9.438	14.667	55.741
06/07/2022	0.000	6.178	9.562	15.167	49.070
07/07/2022	0.000	6.811	8.188	15.042	28.856
08/07/2022	0.000	5.515	9.375	14.125	33.191
09/07/2022	0.000	6.404	9.000	15.042	36.840
10/07/2022	0.000	5.543	10.125	14.729	36.087
11/07/2022	0.000	6.858	9.625	16.104	28.871
12/07/2022	0.000	7.053	9.438	16.229	22.017
13/07/2022	3.368	6.518	9.938	15.854	37.784
14/07/2022	0.000	6.958	10.250	16.667	20.971
15/07/2022	0.000	6.948	9.938	16.417	24.967
16/07/2022	0.000	7.825	9.312	17.167	20.163
17/07/2022	36.994	4.396	9.938	13.104	16.928
18/07/2022	0.000	4.276	9.062	12.229	50.515
19/07/2022	0.000	6.673	8.438	14.917	36.538
20/07/2022	0.000	4.768	8.938	12.729	27.315
21/07/2022	0.000	6.500	6.875	13.542	33.211
22/07/2022	0.000	7.334	9.312	16.417	36.705
23/07/2022	13.606	4.791	9.938	13.542	27.912
24/07/2022	0.000	6.755	10.000	16.104	40.095
25/07/2022	19.726	6.137	9.688	15.042	33.192
26/07/2022	0.000	6.025	9.812	14.979	69.549
27/07/2022	48.646	5.695	9.812	14.542	44.816
28/07/2022	0.000	5.644	9.125	13.938	67.992
29/07/2022	0.000	7.981	7.604	16.042	35.357
30/07/2022	0.000	7.719	8.625	16.354	25.785
31/07/2022	12.041	8.244	8.688	17.104	20.459
01/08/2022	0.000	7.666	9.729	17.021	18.488
02/08/2022	0.000	5.563	10.104	14.542	23.182
03/08/2022	0.535	6.333	9.979	15.417	23.454
04/08/2022	0.491	6.753	9.167	15.354	22.888
05/08/2022	0.000	4.378	10.542	13.458	18.555
06/08/2022	0.000	6.433	9.354	15.042	18.082
07/08/2022	0.000	7.290	8.917	15.854	18.020
08/08/2022	0.000	7.266	9.917	16.521	15.932
09/08/2022	6.140	5.603	10.292	14.667	16.067
10/08/2022	0.523	6.026	9.292	14.417	39.040
11/08/2022	4.629	7.801	8.188	15.979	27.104
12/08/2022	0.000	6.885	9.417	15.604	16.968
13/08/2022	0.000	7.342	8.500	15.542	24.858
14/08/2022	0.000	5.370	9.104	13.396	34.308
15/08/2022	0.489	7.688	8.500	15.979	29.452
16/08/2022	0.000	8.763	8.188	17.208	22.642
17/08/2022	12.077	8.017	8.688	16.521	17.334
18/08/2022	1.065	9.938	8.688	19.083	16.336
19/08/2022	0.000	7.163	9.729	16.104	15.525
20/08/2022	25.825	4.745	8.750	12.292	26.679
21/08/2022	0.000	6.868	7.875	14.354	26.287
22/08/2022	0.000	6.975	6.979	13.854	15.671
23/08/2022	0.000	9.145	6.292	16.396	13.751
24/08/2022	0.000	8.173	7.167	15.604	13.398
25/08/2022	0.000	8.260	7.479	15.917	12.250
26/08/2022	0.000	8.074	9.479	17.021	11.426
27/08/2022	0.000	8.593	7.938	16.646	11.102
28/08/2022	0.000	5.569	8.625	13.146	10.837
29/08/2022	0.793	6.254	8.250	13.729	11.073
30/08/2022	0.489	8.309	8.188	16.396	19.848
31/08/2022	0.000	7.315	8.688	15.417	19.285
01/09/2022	0.000	8.253	8.604	16.583	12.991
02/09/2022	0.000	7.820	8.542	15.958	20.535
03/09/2022	0.000	6.856	8.917	14.958	17.226
04/09/2022	0.000	6.106	7.979	13.292	17.209
05/09/2022	0.000	5.750	7.604	12.542	14.152
06/09/2022	0.000	4.889	8.979	12.542	18.309
07/09/2022	0.000	7.028	8.042	14.521	18.425
08/09/2022	0.000	9.548	8.167	17.938	15.369
09/09/2022	0.000	7.566	7.667	14.958	12.603
10/09/2022	0.000	4.644	9.042	12.292	39.014
11/09/2022	0.000	7.873	8.542	15.958	35.323
12/09/2022	0.000	10.183	7.417	18.271	22.437
13/09/2022	23.378	8.912	7.917	16.896	21.070
14/09/2022	2.165	7.794	8.979	16.146	16.180
15/09/2022	0.000	7.825	8.479	15.833	15.712
16/09/2022	25.395	5.765	9.167	13.708	19.272
17/09/2022	0.000	7.723	7.417	14.958	19.521
18/09/2022	0.000	8.990	7.979	17.021	16.211
19/09/2022	0.000	9.372	8.042	17.562	17.028
20/09/2022	19.267	9.442	8.479	17.938	34.021
21/09/2022	0.000	7.392	8.854	15.521	17.569
22/09/2022	0.488	8.775	8.229	16.896	21.428
23/09/2022	9.543	9.659	8.042	17.938	14.776
24/09/2022	15.330	7.764	8.167	15.521	17.188
25/09/2022	0.000	8.396	8.042	16.271	16.060
26/09/2022	9.260	8.600	7.729	16.333	13.048
27/09/2022	2.877	9.463	7.854	17.562	10.692
28/09/2022	7.588	7.933	8.917	16.271	10.779
29/09/2022	11.714	9.513	8.417	18.000	18.010
30/09/2022	7.200	7.526	8.417	15.396	16.372
01/10/2022	3.417	6.469	7.667	13.479	30.339
02/10/2022	0.000	6.476	6.083	12.354	16.410
03/10/2022	0.000	7.831	7.729	15.333	13.725
04/10/2022	8.273	7.730	7.917	15.333	11.691
05/10/2022	7.034	8.144	8.958	16.604	15.926
06/10/2022	18.911	8.187	9.500	17.042	18.250
07/10/2022	19.524	7.756	8.292	15.646	15.650
08/10/2022	5.355	5.256	8.354	12.479	21.942
09/10/2022	0.000	7.913	7.354	15.229	22.853
10/10/2022	0.000	7.103	8.354	14.854	10.142
11/10/2022	0.000	6.960	8.604	14.854	11.757
12/10/2022	0.000	7.368	8.104	15.042	10.867
13/10/2022	12.518	7.498	8.354	15.396	14.384
14/10/2022	7.396	8.277	9.146	16.979	16.995
15/10/2022	40.786	5.849	9.688	14.292	36.016
16/10/2022	1.378	7.033	9.250	15.458	34.632
17/10/2022	0.000	7.776	8.667	16.021	18.568
18/10/2022	56.031	7.434	9.021	15.833	17.939
19/10/2022	0.000	5.944	10.062	14.729	37.705
20/10/2022	18.830	6.408	8.958	14.479	32.240
21/10/2022	0.000	8.668	9.375	17.729	27.143
22/10/2022	15.446	8.038	10.000	17.354	23.677
23/10/2022	44.892	6.182	10.125	15.104	26.862
24/10/2022	0.000	7.285	9.375	15.958	26.174
25/10/2022	16.135	7.574	9.562	16.479	23.494
26/10/2022	84.049	4.341	10.375	13.167	23.345
27/10/2022	30.192	9.268	9.438	18.646	22.621
28/10/2022	22.042	7.676	9.938	16.917	22.030
29/10/2022	126.793	7.337	9.750	16.354	19.333
30/10/2022	0.000	9.597	10.125	19.583	20.876
31/10/2022	0.000	9.455	9.438	18.958	26.180
01/11/2022	0.000	8.272	9.667	17.562	17.843
02/11/2022	35.735	4.211	8.938	11.854	23.912
03/11/2022	0.000	6.080	6.688	12.521	20.585
04/11/2022	0.000	7.258	7.938	15.042	14.465
05/11/2022	0.000	7.135	8.688	15.417	14.299
06/11/2022	8.636	7.171	8.750	15.521	18.120
07/11/2022	0.000	8.001	8.000	16.146	22.593
08/11/2022	1.038	7.936	8.812	16.625	20.469
09/11/2022	11.815	7.790	8.625	16.312	19.997
10/11/2022	33.707	6.061	8.938	14.229	21.438
11/11/2022	0.000	7.236	9.062	15.896	19.368
12/11/2022	8.789	5.306	8.938	13.271	19.521
13/11/2022	0.000	7.503	8.688	16.021	40.984
14/11/2022	0.000	7.992	9.479	17.250	14.770
15/11/2022	0.000	6.682	9.667	15.646	21.034
16/11/2022	13.803	5.829	10.229	14.979	20.241
17/11/2022	0.000	5.696	9.062	13.917	18.519
18/11/2022	0.000	6.419	8.938	14.792	16.341
19/11/2022	10.691	8.462	7.000	16.312	12.898
20/11/2022	4.873	7.378	8.625	15.896	13.438
21/11/2022	10.470	6.914	9.667	16.021	20.057
22/11/2022	27.094	7.009	9.792	16.250	13.561
23/11/2022	0.000	6.511	9.604	15.458	14.417
24/11/2022	0.000	6.834	8.500	15.104	14.964
25/11/2022	0.000	7.740	8.688	16.500	13.869
26/11/2022	0.000	8.255	9.000	17.438	11.956
27/11/2022	0.000	7.130	9.000	15.896	10.719
28/11/2022	25.318	6.709	8.688	15.104	15.092
29/11/2022	40.880	5.635	9.604	14.354	24.584
30/11/2022	0.000	6.911	9.292	15.833	22.125
01/12/2022	0.000	6.989	9.854	16.354	15.373
02/12/2022	1.549	7.469	9.542	16.792	12.868
03/12/2022	24.093	6.559	9.229	15.333	11.308
04/12/2022	2.260	5.694	9.354	14.271	11.190
05/12/2022	20.025	6.763	9.000	15.458	16.630
06/12/2022	0.000	7.706	7.688	15.875	13.982
07/12/2022	0.000	6.345	9.167	15.021	14.458
08/12/2022	0.000	6.982	8.875	15.688	13.369
09/12/2022	0.000	5.851	9.542	14.646	12.898
10/12/2022	0.000	6.186	8.938	14.646	11.573
11/12/2022	0.000	6.333	9.000	14.896	10.719
12/12/2022	14.060	6.778	8.750	15.333	10.631
13/12/2022	0.000	7.810	8.125	16.354	11.544
14/12/2022	0.000	5.492	9.167	13.896	20.949
15/12/2022	0.000	6.980	7.625	14.833	20.372
16/12/2022	0.000	7.049	9.292	16.104	15.404
17/12/2022	0.000	6.760	9.667	15.979	13.675
18/12/2022	0.000	6.908	8.125	15.083	12.311
19/12/2022	0.000	7.707	9.417	17.104	11.926
20/12/2022	0.000	8.244	8.812	17.438	10.631
21/12/2022	0.000	7.192	9.542	16.479	9.980
22/12/2022	0.000	7.761	9.042	16.917	10.858
23/12/2022	0.000	7.283	9.104	16.292	8.368
24/12/2022	16.700	6.272	9.354	15.083	8.396
25/12/2022	31.359	6.973	9.042	15.812	8.931
26/12/2022	26.480	6.044	8.688	14.271	12.756
27/12/2022	0.000	8.948	6.917	17.188	9.898
28/12/2022	0.000	8.319	8.000	16.979	8.644
29/12/2022	0.000	8.763	7.938	17.562	8.148
30/12/2022	0.000	8.062	8.750	17.104	8.010
31/12/2022	16.848	5.930	8.000	13.583	10.060
