Fecha	Precipitacion	ETP_	Temperatura_minima	Temperatura_maxima	Caudal
01/01/1981	6.658	8.917	17.169	24.727	478.000
02/01/1981	6.828	9.141	17.273	25.032	316.000
03/01/1981	5.511	9.905	16.215	25.265	229.000
04/01/1981	0.000	9.276	18.276	25.981	189.000
05/01/1981	0.008	9.632	17.359	25.765	161.000
06/01/1981	0.000	9.085	16.536	24.449	145.000
07/01/1981	0.000	10.262	15.703	25.299	136.000
08/01/1981	20.722	8.313	17.301	24.015	167.000
09/01/1981	4.878	8.509	18.318	25.007	140.000
10/01/1981	0.031	10.692	15.920	25.988	120.000
11/01/1981	0.000	9.554	16.906	25.196	114.000
12/01/1981	0.000	9.337	16.884	24.878	170.000
13/01/1981	1.385	8.691	15.323	22.924	266.000
14/01/1981	0.000	8.326	17.388	23.984	219.000
15/01/1981	0.049	9.884	16.589	25.305	164.000
16/01/1981	0.293	9.440	16.028	24.346	125.000
17/01/1981	0.000	9.421	16.948	24.926	114.000
18/01/1981	0.034	9.764	16.542	25.045	111.000
19/01/1981	0.357	9.637	16.866	25.108	102.000
20/01/1981	0.000	10.390	15.606	25.140	95.000
21/01/1981	0.398	10.701	16.163	25.865	84.000
22/01/1981	1.191	9.967	15.926	24.779	83.000
23/01/1981	0.070	11.276	15.235	25.938	78.000
24/01/1981	0.785	10.082	16.999	25.613	70.000
25/01/1981	0.000	8.705	17.477	24.294	85.000
26/01/1981	0.100	10.195	15.549	24.690	65.000
27/01/1981	0.000	10.422	16.728	25.797	74.000
28/01/1981	0.821	9.714	17.076	25.211	62.000
29/01/1981	0.217	9.340	17.356	24.879	100.000
30/01/1981	0.000	9.882	15.436	24.158	78.000
31/01/1981	22.671	8.722	18.260	24.779	72.000
01/02/1981	0.425	8.833	17.865	24.608	63.000
02/02/1981	5.171	10.690	17.574	26.589	70.000
03/02/1981	21.113	8.440	17.487	23.842	152.000
04/02/1981	0.000	10.437	17.186	25.917	102.000
05/02/1981	0.294	10.047	16.776	25.144	107.000
06/02/1981	0.000	9.603	18.282	25.709	81.000
07/02/1981	6.099	10.665	17.299	26.209	108.000
08/02/1981	0.000	10.551	17.488	26.176	78.000
09/02/1981	17.435	7.605	18.515	23.625	82.000
10/02/1981	0.000	11.474	16.762	26.703	75.000
11/02/1981	4.814	11.273	18.074	27.365	66.000
12/02/1981	16.017	9.076	17.369	24.304	206.000
13/02/1981	0.000	9.708	17.581	25.132	111.000
14/02/1981	0.000	8.209	18.103	23.828	78.000
15/02/1981	0.160	9.335	18.023	25.010	88.000
16/02/1981	0.000	8.975	19.067	25.365	73.000
17/02/1981	3.458	8.509	18.068	24.084	79.000
18/02/1981	0.379	10.129	18.251	26.006	96.000
19/02/1981	15.255	9.357	18.003	24.923	154.000
20/02/1981	10.522	8.203	18.317	23.911	237.000
21/02/1981	0.000	11.788	15.890	26.224	123.000
22/02/1981	0.090	8.941	18.696	24.940	99.000
23/02/1981	19.378	7.660	17.827	22.903	416.000
24/02/1981	0.733	9.588	18.218	25.278	194.000
25/02/1981	10.924	8.947	17.469	23.987	147.000
26/02/1981	0.117	9.772	18.217	25.429	121.000
27/02/1981	0.000	10.959	19.584	27.734	99.000
28/02/1981	1.100	10.506	18.876	26.685	114.000
01/03/1981	0.390	11.490	19.074	27.907	84.000
02/03/1981	22.473	9.712	19.102	25.946	84.000
03/03/1981	4.062	11.298	18.844	27.469	141.000
04/03/1981	3.084	12.454	18.751	28.670	119.000
05/03/1981	10.733	10.584	18.251	26.218	92.000
06/03/1981	10.787	7.558	19.193	23.765	458.000
07/03/1981	4.394	8.984	18.860	24.958	270.000
08/03/1981	4.917	9.723	18.174	25.198	171.000
09/03/1981	3.806	8.977	18.759	24.839	152.000
10/03/1981	20.868	9.554	18.783	25.449	472.000
11/03/1981	11.769	10.273	18.397	25.906	237.000
12/03/1981	5.713	8.762	18.501	24.395	295.000
13/03/1981	0.260	11.400	18.106	26.900	186.000
14/03/1981	4.860	8.907	19.583	25.346	251.000
15/03/1981	8.058	10.583	18.134	26.003	409.000
16/03/1981	5.457	9.604	19.219	25.744	221.000
17/03/1981	0.802	9.222	18.007	24.423	170.000
18/03/1981	0.000	11.669	16.945	26.317	141.000
19/03/1981	0.022	11.509	15.756	25.312	117.000
20/03/1981	0.000	11.129	17.417	26.031	98.000
21/03/1981	0.026	11.393	16.852	25.919	90.000
22/03/1981	3.325	10.735	17.331	25.531	88.000
23/03/1981	0.837	11.293	17.049	25.929	81.000
24/03/1981	1.582	10.783	17.576	25.749	87.000
25/03/1981	0.000	10.479	17.125	25.099	78.000
26/03/1981	2.108	8.537	18.051	23.718	92.000
27/03/1981	0.516	11.457	16.154	25.465	90.000
28/03/1981	0.000	12.997	16.317	27.336	62.000
29/03/1981	11.678	10.598	17.334	25.334	73.000
30/03/1981	7.717	11.314	17.840	26.491	95.000
31/03/1981	8.027	10.330	18.501	25.919	131.000
01/04/1981	0.000	12.555	17.766	27.834	90.000
02/04/1981	10.554	9.513	19.026	25.435	117.000
03/04/1981	22.831	9.204	18.980	25.131	162.000
04/04/1981	20.844	8.341	19.003	24.243	180.000
05/04/1981	2.150	6.730	18.533	22.334	185.000
06/04/1981	1.628	11.136	18.052	26.445	152.000
07/04/1981	10.285	8.620	19.115	24.590	206.000
08/04/1981	25.934	8.303	19.855	24.891	339.000
09/04/1981	18.475	8.378	19.282	24.497	261.000
10/04/1981	0.524	10.391	18.846	26.278	193.000
11/04/1981	4.550	10.071	19.754	26.606	153.000
12/04/1981	13.865	7.874	19.922	24.547	182.000
13/04/1981	36.155	8.883	19.131	24.898	234.000
14/04/1981	22.015	8.992	19.292	25.134	328.000
15/04/1981	10.178	8.001	19.126	24.035	365.000
16/04/1981	10.876	7.271	19.641	23.750	228.000
17/04/1981	7.066	11.124	18.060	26.509	213.000
18/04/1981	18.029	10.169	18.372	25.698	462.000
19/04/1981	30.162	6.025	19.227	22.260	1086.000
20/04/1981	0.430	9.973	17.789	25.078	677.000
21/04/1981	2.052	10.894	19.461	27.328	353.000
22/04/1981	17.217	8.021	18.990	23.996	1018.000
23/04/1981	5.199	10.283	17.955	25.583	861.000
24/04/1981	4.890	8.564	19.562	25.025	561.000
25/04/1981	7.998	10.644	19.282	26.969	426.000
26/04/1981	8.579	9.261	20.052	26.142	277.000
27/04/1981	36.451	8.426	19.499	24.874	352.000
28/04/1981	16.217	7.943	19.218	24.125	1040.000
29/04/1981	16.420	9.536	18.839	25.477	431.000
30/04/1981	9.765	9.611	18.836	25.612	322.000
01/05/1981	1.760	9.855	17.740	25.057	305.000
02/05/1981	13.990	9.560	17.949	24.875	630.000
03/05/1981	42.686	8.761	17.827	23.949	567.000
04/05/1981	8.978	9.050	17.555	24.036	433.000
05/05/1981	4.630	8.120	18.188	23.609	418.000
06/05/1981	29.174	7.035	18.859	22.987	416.000
07/05/1981	12.534	9.481	17.981	24.850	410.000
08/05/1981	17.037	8.248	17.740	23.337	1525.000
09/05/1981	17.725	8.098	17.792	23.249	1041.000
10/05/1981	2.976	10.313	17.881	25.708	953.000
11/05/1981	8.814	9.749	17.894	25.129	890.000
12/05/1981	7.387	8.476	18.038	23.858	902.000
13/05/1981	9.195	10.311	18.475	26.231	737.000
14/05/1981	40.513	8.793	19.654	25.504	539.000
15/05/1981	8.244	9.418	19.358	25.923	432.000
16/05/1981	14.989	8.994	18.499	24.900	478.000
17/05/1981	2.712	9.344	18.578	25.314	405.000
18/05/1981	12.308	9.126	18.657	25.121	371.000
19/05/1981	0.101	10.064	18.206	25.844	338.000
20/05/1981	0.804	12.330	18.298	28.465	314.000
21/05/1981	4.163	10.494	19.985	27.648	250.000
22/05/1981	14.683	10.149	19.385	26.817	266.000
23/05/1981	17.637	10.129	18.844	26.416	285.000
24/05/1981	13.192	8.770	18.765	24.910	320.000
25/05/1981	13.266	6.337	18.868	22.487	308.000
26/05/1981	10.494	10.288	18.968	26.682	266.000
27/05/1981	20.729	7.446	19.699	24.250	300.000
28/05/1981	13.280	9.870	18.574	26.015	285.000
29/05/1981	19.064	7.482	18.965	23.756	932.000
30/05/1981	13.376	9.247	17.917	24.830	864.000
31/05/1981	17.108	9.057	18.097	24.751	1415.000
01/06/1981	10.808	7.875	19.025	24.208	1416.000
02/06/1981	25.113	8.100	17.730	23.442	1495.000
03/06/1981	4.318	10.519	17.211	25.812	1263.000
04/06/1981	7.762	10.864	17.241	26.240	1052.000
05/06/1981	0.000	11.403	19.131	28.193	933.000
06/06/1981	13.434	10.303	18.282	26.362	776.000
07/06/1981	13.783	7.972	19.635	24.820	928.000
08/06/1981	11.952	8.177	18.603	24.257	613.000
09/06/1981	15.958	7.718	18.256	23.474	1204.000
10/06/1981	1.268	9.038	18.339	25.003	967.000
11/06/1981	14.931	8.411	18.586	24.510	931.000
12/06/1981	3.546	9.044	18.535	25.183	637.000
13/06/1981	9.419	8.888	18.302	24.839	438.000
14/06/1981	1.816	8.962	18.124	24.763	241.000
15/06/1981	12.231	10.304	18.321	26.467	243.000
16/06/1981	14.000	9.391	17.529	24.824	348.000
17/06/1981	9.987	10.096	18.395	26.256	327.000
18/06/1981	9.592	6.499	18.717	22.608	255.000
19/06/1981	7.954	9.501	17.452	24.897	272.000
20/06/1981	1.990	10.010	17.574	25.568	249.000
21/06/1981	8.056	10.646	17.499	26.254	288.000
22/06/1981	2.900	10.108	17.826	25.874	258.000
23/06/1981	11.741	8.831	18.297	24.772	334.000
24/06/1981	4.230	10.193	17.561	25.750	243.000
25/06/1981	11.050	8.931	17.828	24.517	251.000
26/06/1981	0.000	10.413	17.190	25.759	189.000
27/06/1981	6.642	10.064	17.744	25.762	232.000
28/06/1981	4.265	9.075	19.185	25.699	182.000
29/06/1981	11.355	8.146	17.783	23.622	166.000
30/06/1981	15.357	6.759	18.132	22.384	220.000
01/07/1981	2.017	9.552	17.894	25.279	205.000
02/07/1981	3.605	11.173	16.972	26.517	163.000
03/07/1981	7.544	9.889	18.945	26.445	171.000
04/07/1981	14.080	9.821	17.907	25.549	150.000
05/07/1981	6.720	9.092	17.400	24.381	218.000
06/07/1981	1.538	9.788	17.369	25.105	279.000
07/07/1981	6.184	10.338	17.952	26.179	178.000
08/07/1981	14.334	10.918	18.721	27.392	278.000
09/07/1981	9.254	9.664	17.672	25.157	152.000
10/07/1981	4.542	8.454	18.265	24.267	153.000
11/07/1981	12.353	9.324	18.788	25.648	201.000
12/07/1981	0.000	9.441	18.920	25.866	186.000
13/07/1981	0.518	11.199	18.167	27.326	130.000
14/07/1981	2.593	9.635	16.600	24.416	150.000
15/07/1981	8.839	9.932	17.810	25.567	197.000
16/07/1981	1.628	10.280	17.590	25.847	176.000
17/07/1981	18.572	7.728	17.132	22.584	279.000
18/07/1981	4.176	9.499	17.868	25.094	205.000
19/07/1981	2.143	9.398	17.541	24.731	142.000
20/07/1981	8.626	9.872	18.078	25.612	218.000
21/07/1981	2.009	9.545	18.067	25.234	282.000
22/07/1981	1.858	9.770	17.587	25.157	201.000
23/07/1981	0.685	11.089	17.749	26.791	141.000
24/07/1981	0.000	10.683	17.660	26.218	118.000
25/07/1981	0.000	11.509	17.602	27.084	110.000
26/07/1981	0.000	10.868	17.496	26.254	100.000
27/07/1981	0.505	11.114	17.878	26.811	96.000
28/07/1981	0.000	10.772	18.116	26.573	84.000
29/07/1981	0.842	11.191	17.321	26.488	102.000
30/07/1981	0.062	11.185	18.347	27.177	78.000
31/07/1981	2.206	11.085	18.315	27.051	71.000
01/08/1981	2.699	11.302	18.706	27.560	71.000
02/08/1981	0.000	10.117	18.042	25.749	65.000
03/08/1981	4.937	10.151	18.074	25.801	64.000
04/08/1981	0.000	11.280	17.812	26.890	59.000
05/08/1981	0.000	11.701	19.406	28.459	53.000
06/08/1981	12.514	11.511	18.404	27.493	100.000
07/08/1981	6.742	9.285	17.490	24.458	96.000
08/08/1981	13.562	10.815	17.215	25.862	125.000
09/08/1981	3.254	9.857	18.719	25.874	84.000
10/08/1981	2.982	11.143	17.999	26.802	94.000
11/08/1981	7.833	10.075	18.390	25.913	250.000
12/08/1981	13.694	8.781	18.805	24.783	132.000
13/08/1981	0.713	8.790	18.199	24.301	98.000
14/08/1981	7.690	9.587	17.299	24.483	74.000
15/08/1981	0.000	10.202	18.077	25.751	62.000
16/08/1981	0.000	11.058	17.719	26.422	82.000
17/08/1981	21.959	7.428	18.080	22.773	193.000
18/08/1981	5.228	9.331	17.374	24.240	124.000
19/08/1981	3.261	10.597	17.586	25.814	109.000
20/08/1981	0.000	11.180	17.174	26.138	75.000
21/08/1981	9.309	10.748	17.392	25.807	101.000
22/08/1981	13.595	10.044	17.320	24.910	149.000
23/08/1981	11.798	8.499	18.324	24.009	195.000
24/08/1981	13.289	10.517	17.279	25.411	139.000
25/08/1981	8.101	6.920	18.131	22.253	288.000
26/08/1981	3.685	10.341	16.230	24.455	209.000
27/08/1981	0.000	10.251	16.705	24.727	141.000
28/08/1981	0.950	11.135	17.413	26.201	109.000
29/08/1981	18.416	10.489	16.102	24.587	102.000
30/08/1981	3.532	8.998	17.703	24.045	117.000
31/08/1981	3.867	8.087	16.884	22.436	112.000
01/09/1981	9.600	7.442	17.358	22.134	303.000
02/09/1981	6.991	9.013	16.955	23.419	251.000
03/09/1981	8.377	8.951	17.189	23.589	220.000
04/09/1981	14.297	9.151	16.151	23.028	202.000
05/09/1981	2.256	9.311	17.344	24.112	169.000
06/09/1981	2.619	10.015	18.060	25.375	145.000
07/09/1981	3.143	11.394	17.060	26.179	144.000
08/09/1981	17.009	9.789	17.488	24.762	225.000
09/09/1981	1.583	10.354	17.520	25.382	191.000
10/09/1981	13.851	9.974	17.172	24.722	173.000
11/09/1981	6.148	9.342	17.990	24.605	246.000
12/09/1981	2.214	11.292	16.562	25.718	647.000
13/09/1981	11.075	9.905	17.558	24.879	330.000
14/09/1981	5.179	9.995	17.507	25.026	164.000
15/09/1981	25.068	8.141	17.529	23.020	335.000
16/09/1981	3.885	10.088	17.362	24.974	164.000
17/09/1981	5.562	9.992	18.003	25.336	168.000
18/09/1981	0.000	11.621	17.262	26.660	118.000
19/09/1981	3.538	9.141	17.743	24.215	135.000
20/09/1981	8.122	11.278	17.571	26.449	667.000
21/09/1981	0.474	10.426	18.814	26.462	134.000
22/09/1981	0.000	11.890	17.820	27.378	110.000
23/09/1981	0.000	10.873	18.404	26.676	88.000
24/09/1981	9.409	11.105	19.106	27.406	91.000
25/09/1981	0.000	11.386	18.358	27.192	73.000
26/09/1981	8.416	8.831	18.295	24.477	70.000
27/09/1981	0.518	9.113	18.249	24.714	66.000
28/09/1981	1.266	8.952	18.531	24.765	63.000
29/09/1981	6.674	9.266	18.363	24.985	59.000
30/09/1981	1.168	11.466	17.358	26.680	72.000
01/10/1981	19.257	8.447	18.198	23.953	75.000
02/10/1981	2.123	9.240	18.045	24.667	93.000
03/10/1981	3.417	8.049	18.144	23.509	59.000
04/10/1981	1.727	8.015	17.959	23.330	59.000
05/10/1981	0.291	8.663	17.452	23.645	70.000
06/10/1981	6.145	8.569	18.804	24.657	56.000
07/10/1981	26.218	9.025	18.077	24.532	145.000
08/10/1981	15.143	8.026	17.693	23.179	146.000
09/10/1981	8.655	8.804	18.093	24.336	208.000
10/10/1981	12.865	8.541	17.895	23.929	155.000
11/10/1981	16.774	7.397	18.036	22.804	180.000
12/10/1981	2.090	9.089	17.116	23.930	205.000
13/10/1981	0.822	10.497	16.869	25.352	141.000
14/10/1981	16.925	9.704	16.846	24.461	150.000
15/10/1981	4.059	8.757	18.202	24.442	132.000
16/10/1981	10.592	7.419	18.539	23.279	227.000
17/10/1981	0.000	10.179	17.706	25.706	142.000
18/10/1981	25.269	9.591	18.105	25.381	154.000
19/10/1981	5.040	9.291	18.423	25.265	284.000
20/10/1981	2.673	9.665	17.321	24.916	309.000
21/10/1981	5.365	10.214	17.422	25.635	169.000
22/10/1981	29.418	8.140	18.305	23.969	359.000
23/10/1981	23.367	8.052	18.419	23.977	307.000
24/10/1981	21.391	6.339	18.038	21.894	1605.000
25/10/1981	1.637	10.062	17.406	25.477	320.000
26/10/1981	13.208	8.972	18.142	24.833	634.000
27/10/1981	19.401	8.516	18.400	24.554	291.000
28/10/1981	25.707	6.691	18.308	22.528	1260.000
29/10/1981	8.396	9.119	17.179	24.314	279.000
30/10/1981	21.781	6.763	18.170	22.504	1040.000
31/10/1981	5.020	8.158	17.705	23.664	645.000
01/11/1981	9.744	8.294	18.532	24.455	416.000
02/11/1981	0.903	10.208	18.038	26.299	331.000
03/11/1981	0.000	10.668	17.654	26.593	263.000
04/11/1981	7.685	8.950	17.965	24.913	328.000
05/11/1981	22.239	9.517	17.734	25.414	348.000
06/11/1981	4.093	10.179	17.548	26.076	272.000
07/11/1981	14.134	7.754	19.270	24.589	220.000
08/11/1981	12.805	8.217	18.962	24.927	220.000
09/11/1981	13.185	8.411	18.676	24.898	397.000
10/11/1981	4.178	10.076	17.599	26.010	224.000
11/11/1981	0.000	10.223	17.810	26.363	190.000
12/11/1981	7.186	8.489	18.609	24.952	317.000
13/11/1981	13.874	8.013	17.955	23.930	313.000
14/11/1981	0.749	7.956	18.792	24.503	215.000
15/11/1981	0.075	8.090	18.108	24.163	225.000
16/11/1981	18.091	8.185	18.438	24.560	274.000
17/11/1981	0.920	8.262	18.455	24.644	286.000
18/11/1981	1.314	8.933	17.028	24.403	200.000
19/11/1981	3.160	9.546	17.568	25.539	217.000
20/11/1981	11.144	8.501	18.676	25.125	212.000
21/11/1981	11.384	8.621	18.568	25.201	250.000
22/11/1981	6.161	8.441	17.385	24.103	241.000
23/11/1981	17.948	8.075	18.654	24.721	277.000
24/11/1981	0.152	8.810	17.734	24.906	260.000
25/11/1981	4.250	8.673	18.430	25.257	354.000
26/11/1981	2.188	10.110	17.333	26.230	199.000
27/11/1981	1.803	9.481	17.767	25.728	215.000
28/11/1981	9.779	8.904	19.163	26.094	304.000
29/11/1981	8.247	7.912	18.186	24.203	327.000
30/11/1981	13.036	8.142	18.276	24.535	393.000
01/12/1981	11.589	8.192	18.624	24.916	230.000
02/12/1981	3.234	8.844	17.927	25.206	182.000
03/12/1981	2.660	9.793	16.953	25.682	157.000
04/12/1981	4.395	11.844	16.173	27.757	263.000
05/12/1981	7.158	7.669	19.201	24.789	422.000
06/12/1981	5.899	8.191	18.433	24.795	345.000
07/12/1981	5.692	8.654	17.940	25.004	234.000
08/12/1981	2.832	8.687	18.997	25.830	179.000
09/12/1981	1.387	9.601	17.750	26.061	151.000
10/12/1981	1.298	9.913	17.504	26.273	197.000
11/12/1981	2.366	8.597	17.212	24.404	157.000
12/12/1981	12.095	8.325	17.474	24.276	220.000
13/12/1981	0.285	9.693	17.654	26.099	141.000
14/12/1981	2.769	8.979	17.747	25.301	146.000
15/12/1981	17.808	9.463	17.307	25.605	140.000
16/12/1981	0.344	9.869	17.106	25.984	132.000
17/12/1981	0.000	10.477	16.315	26.222	111.000
18/12/1981	1.090	9.667	17.323	25.846	147.000
19/12/1981	4.193	8.053	17.969	24.340	217.000
20/12/1981	7.303	8.254	18.311	24.812	258.000
21/12/1981	12.875	7.038	18.157	23.276	202.000
22/12/1981	7.261	8.449	17.259	24.250	209.000
23/12/1981	0.159	8.609	17.685	24.766	161.000
24/12/1981	0.000	8.675	18.173	25.218	130.000
25/12/1981	0.802	9.953	16.834	25.872	110.000
26/12/1981	1.689	8.252	17.958	24.510	159.000
27/12/1981	0.000	8.071	18.808	24.965	123.000
28/12/1981	3.098	10.087	15.907	25.355	110.000
29/12/1981	32.960	7.861	17.465	23.676	103.000
30/12/1981	3.149	8.320	17.568	24.292	99.000
31/12/1981	0.153	8.983	17.435	24.990	261.000
01/01/1982	3.063	9.716	16.699	25.408	187.000
02/01/1982	25.727	7.418	17.507	23.132	245.000
03/01/1982	1.973	8.335	18.198	24.754	230.000
04/01/1982	9.177	8.225	17.504	24.071	244.000
05/01/1982	21.528	8.207	18.089	24.493	621.000
06/01/1982	6.295	7.584	17.429	23.250	729.000
07/01/1982	0.000	8.358	16.769	23.645	348.000
08/01/1982	0.000	10.426	15.278	25.198	227.000
09/01/1982	0.000	9.377	16.612	24.754	202.000
10/01/1982	0.000	8.622	17.650	24.632	183.000
11/01/1982	0.330	10.517	15.917	25.769	142.000
12/01/1982	1.302	9.766	15.890	24.737	142.000
13/01/1982	0.395	10.390	16.118	25.669	117.000
14/01/1982	2.817	9.764	16.779	25.372	123.000
15/01/1982	0.000	10.066	17.078	25.885	105.000
16/01/1982	0.000	10.801	16.278	26.240	105.000
17/01/1982	0.000	8.690	18.062	24.888	93.000
18/01/1982	0.000	10.120	17.199	25.968	90.000
19/01/1982	0.000	10.828	18.158	27.539	89.000
20/01/1982	0.000	10.302	17.235	26.253	81.000
21/01/1982	0.000	11.407	16.733	27.193	79.000
22/01/1982	0.000	9.435	17.124	25.004	74.000
23/01/1982	0.000	12.106	16.001	27.480	71.000
24/01/1982	0.000	10.036	17.381	25.855	66.000
25/01/1982	0.000	10.648	15.033	24.958	70.000
26/01/1982	0.000	11.067	15.568	25.804	72.000
27/01/1982	0.000	8.246	16.299	22.837	60.000
28/01/1982	0.000	8.652	17.589	24.254	82.000
29/01/1982	27.724	8.487	16.795	23.458	92.000
30/01/1982	3.157	9.118	17.535	24.744	68.000
31/01/1982	9.048	8.659	17.667	24.302	94.000
01/02/1982	4.256	9.881	17.138	25.347	93.000
02/02/1982	0.386	8.290	17.805	23.939	133.000
03/02/1982	0.930	9.860	17.195	25.286	112.000
04/02/1982	7.655	8.910	17.455	24.392	98.000
05/02/1982	6.006	9.381	18.349	25.558	115.000
06/02/1982	20.771	9.601	17.936	25.445	183.000
07/02/1982	9.973	8.562	19.067	25.110	232.000
08/02/1982	10.004	10.036	18.108	26.077	217.000
09/02/1982	4.435	10.264	17.866	26.126	278.000
10/02/1982	0.000	8.719	18.081	24.480	230.000
11/02/1982	9.694	8.629	18.618	24.756	216.000
12/02/1982	0.000	8.589	18.846	24.878	238.000
13/02/1982	38.282	8.411	18.406	24.321	487.000
14/02/1982	0.158	8.173	19.041	24.561	327.000
15/02/1982	15.375	7.526	19.241	24.026	478.000
16/02/1982	0.000	9.527	17.413	24.766	611.000
17/02/1982	0.000	10.095	17.000	25.068	508.000
18/02/1982	0.000	9.542	17.467	24.759	573.000
19/02/1982	0.983	7.804	18.432	23.558	596.000
20/02/1982	10.951	7.725	18.320	23.384	264.000
21/02/1982	0.000	9.032	18.938	25.241	334.000
22/02/1982	0.000	9.675	17.504	24.842	238.000
23/02/1982	0.000	9.091	18.026	24.576	188.000
24/02/1982	9.805	9.270	17.775	24.580	193.000
25/02/1982	3.403	10.820	17.797	26.295	159.000
26/02/1982	6.621	10.645	17.042	25.558	159.000
27/02/1982	5.839	9.261	18.529	25.090	168.000
28/02/1982	2.119	10.243	17.799	25.618	267.000
01/03/1982	15.478	9.820	18.360	25.570	799.000
02/03/1982	0.116	9.325	18.638	25.180	730.000
03/03/1982	5.095	10.564	17.571	25.754	311.000
04/03/1982	0.000	11.486	17.424	26.677	301.000
05/03/1982	0.000	10.008	17.650	25.201	244.000
06/03/1982	0.000	10.169	17.629	25.288	183.000
07/03/1982	0.000	11.495	16.929	26.272	311.000
08/03/1982	0.000	10.797	17.517	25.881	173.000
09/03/1982	0.000	11.028	16.169	25.177	214.000
10/03/1982	0.000	11.525	16.451	25.891	150.000
11/03/1982	0.438	9.235	17.661	24.215	168.000
12/03/1982	5.344	8.376	18.980	24.363	183.000
13/03/1982	0.671	10.326	17.475	25.270	168.000
14/03/1982	42.051	9.505	18.211	24.900	288.000
15/03/1982	5.584	9.794	18.417	25.388	293.000
16/03/1982	14.708	9.713	18.404	25.238	274.000
17/03/1982	5.063	10.903	17.634	25.977	285.000
18/03/1982	5.143	8.416	18.741	24.172	341.000
19/03/1982	2.666	9.550	18.725	25.304	311.000
20/03/1982	13.508	10.535	17.660	25.555	774.000
21/03/1982	0.486	10.636	18.844	26.548	438.000
22/03/1982	5.021	10.211	18.616	25.908	264.000
23/03/1982	19.080	10.961	17.411	25.805	311.000
24/03/1982	20.290	9.293	18.833	25.093	347.000
25/03/1982	2.219	10.224	19.150	26.299	327.000
26/03/1982	8.768	9.510	18.307	24.919	596.000
27/03/1982	12.648	10.162	18.719	25.888	457.000
28/03/1982	1.414	8.627	19.154	24.666	448.000
29/03/1982	5.716	8.057	19.047	24.028	311.000
30/03/1982	5.846	9.834	18.122	25.122	257.000
31/03/1982	13.415	9.714	18.955	25.616	298.000
01/04/1982	19.072	8.906	19.359	25.094	292.000
02/04/1982	20.240	9.692	18.353	25.151	331.000
03/04/1982	7.028	9.467	18.977	25.382	485.000
04/04/1982	33.012	7.189	19.608	23.631	954.000
05/04/1982	5.230	9.508	19.112	25.513	296.000
06/04/1982	31.395	7.098	19.565	23.506	739.000
07/04/1982	8.741	8.196	19.544	24.529	501.000
08/04/1982	21.986	8.453	18.981	24.337	545.000
09/04/1982	14.750	9.375	18.826	25.157	594.000
10/04/1982	6.523	9.797	18.644	25.484	749.000
11/04/1982	6.641	9.834	18.874	25.728	478.000
12/04/1982	40.544	9.296	18.648	24.952	1428.000
13/04/1982	0.415	9.272	18.295	24.677	542.000
14/04/1982	0.180	9.088	19.115	25.106	284.000
15/04/1982	6.134	10.533	17.981	25.791	338.000
16/04/1982	1.582	9.781	18.741	25.542	272.000
17/04/1982	30.453	8.531	19.427	24.831	469.000
18/04/1982	13.502	8.151	18.670	23.834	870.000
19/04/1982	0.217	8.997	18.859	24.842	540.000
20/04/1982	7.201	9.225	19.121	25.327	609.000
21/04/1982	6.516	8.765	18.603	24.419	325.000
22/04/1982	1.426	10.839	17.903	26.145	249.000
23/04/1982	17.055	8.897	19.432	25.199	285.000
24/04/1982	4.220	9.157	20.106	26.028	248.000
25/04/1982	4.383	11.099	19.301	27.462	221.000
26/04/1982	2.906	10.300	19.206	26.554	197.000
27/04/1982	13.006	9.967	19.302	26.275	448.000
28/04/1982	37.223	5.856	19.509	22.395	671.000
29/04/1982	14.100	10.364	19.032	26.517	405.000
30/04/1982	6.078	7.921	18.964	23.926	1114.000
01/05/1982	8.594	10.838	17.897	26.224	397.000
02/05/1982	33.141	7.408	19.712	24.032	1220.000
03/05/1982	10.704	10.253	17.961	25.696	875.000
04/05/1982	21.372	9.497	18.395	25.176	1008.000
05/05/1982	30.029	8.951	19.093	25.134	1090.000
06/05/1982	13.139	10.286	17.926	25.714	958.000
07/05/1982	14.092	8.728	19.106	24.935	822.000
08/05/1982	8.722	8.394	18.891	24.448	1178.000
09/05/1982	1.853	9.386	19.078	25.629	559.000
10/05/1982	10.371	8.108	18.926	24.214	518.000
11/05/1982	10.773	10.272	18.289	26.017	458.000
12/05/1982	3.932	10.113	18.762	26.217	399.000
13/05/1982	8.237	10.015	18.113	25.637	409.000
14/05/1982	15.807	8.734	18.401	24.488	458.000
15/05/1982	0.701	9.183	18.812	25.272	318.000
16/05/1982	18.544	8.985	18.141	24.560	354.000
17/05/1982	11.583	8.610	18.948	24.797	418.000
18/05/1982	28.209	7.692	19.222	24.077	624.000
19/05/1982	17.727	8.496	18.499	24.369	665.000
20/05/1982	0.213	9.369	17.929	24.900	458.000
21/05/1982	19.399	7.553	19.131	23.884	580.000
22/05/1982	13.611	7.895	18.703	23.910	576.000
23/05/1982	5.102	8.555	17.544	23.741	539.000
24/05/1982	15.726	9.969	16.641	24.689	583.000
25/05/1982	22.332	9.495	17.674	24.875	821.000
26/05/1982	9.696	8.976	17.765	24.372	870.000
27/05/1982	5.165	7.846	18.660	23.863	701.000
28/05/1982	4.422	9.274	18.330	25.118	652.000
29/05/1982	4.656	7.753	18.968	24.007	499.000
30/05/1982	20.149	8.677	18.485	24.622	822.000
31/05/1982	1.108	9.734	18.331	25.666	518.000
01/06/1982	9.946	9.466	19.115	25.971	468.000
02/06/1982	0.000	9.983	18.640	26.231	401.000
03/06/1982	3.960	9.662	19.763	26.718	293.000
04/06/1982	3.218	9.700	18.525	25.807	285.000
05/06/1982	5.599	8.365	19.281	24.964	285.000
06/06/1982	9.328	9.091	18.485	25.166	363.000
07/06/1982	7.502	9.431	18.427	25.519	285.000
08/06/1982	8.939	8.877	18.945	25.259	382.000
09/06/1982	2.603	9.842	17.487	25.267	278.000
10/06/1982	6.758	9.534	17.699	25.115	650.000
11/06/1982	5.907	9.281	18.398	25.321	257.000
12/06/1982	12.976	8.626	18.323	24.570	487.000
13/06/1982	0.897	9.643	18.362	25.738	293.000
14/06/1982	2.756	9.041	19.273	25.759	231.000
15/06/1982	9.375	10.065	18.174	26.060	701.000
16/06/1982	0.000	10.327	17.938	26.209	264.000
17/06/1982	4.998	9.699	18.054	25.542	240.000
18/06/1982	3.952	8.464	17.794	23.936	656.000
19/06/1982	0.111	10.214	17.919	26.044	264.000
20/06/1982	9.239	9.464	18.041	25.285	193.000
21/06/1982	3.905	9.715	17.337	25.081	178.000
22/06/1982	3.606	9.840	18.167	25.820	193.000
23/06/1982	5.693	9.878	18.366	26.019	330.000
24/06/1982	6.637	10.257	17.651	25.951	319.000
25/06/1982	4.224	9.959	18.298	26.080	178.000
26/06/1982	0.000	10.717	16.943	25.981	188.000
27/06/1982	5.561	8.767	19.020	25.256	336.000
28/06/1982	3.286	10.200	18.420	26.404	309.000
29/06/1982	0.386	10.877	18.385	27.188	178.000
30/06/1982	0.000	9.912	18.968	26.461	145.000
01/07/1982	0.069	11.751	18.297	28.064	178.000
02/07/1982	4.535	10.351	18.464	26.577	163.000
03/07/1982	2.969	9.354	18.872	25.799	150.000
04/07/1982	8.185	10.706	18.183	26.776	170.000
05/07/1982	3.820	11.592	18.442	28.013	136.000
06/07/1982	4.393	10.824	18.507	27.142	104.000
07/07/1982	5.948	10.980	18.753	27.491	136.000
08/07/1982	0.723	10.252	17.568	25.807	223.000
09/07/1982	8.379	10.891	18.060	26.927	159.000
10/07/1982	5.064	11.203	18.331	27.448	96.000
11/07/1982	7.516	9.518	19.679	26.552	174.000
12/07/1982	8.436	10.677	18.331	26.807	298.000
13/07/1982	9.023	10.424	17.587	26.009	193.000
14/07/1982	0.572	10.980	18.635	27.360	141.000
15/07/1982	0.572	12.896	18.603	29.531	127.000
16/07/1982	0.311	11.552	18.555	27.945	104.000
17/07/1982	1.462	11.330	17.917	27.263	109.000
18/07/1982	1.447	10.970	18.414	27.144	136.000
19/07/1982	11.169	11.645	17.230	27.054	113.000
20/07/1982	3.036	9.953	18.224	25.811	105.000
21/07/1982	0.367	11.632	17.823	27.487	104.000
22/07/1982	2.179	10.991	18.642	27.283	80.000
23/07/1982	8.944	11.243	19.308	28.032	76.000
24/07/1982	0.146	12.382	18.506	28.746	72.000
25/07/1982	0.000	12.500	17.882	28.445	68.000
26/07/1982	13.776	11.207	18.330	27.289	126.000
27/07/1982	11.075	8.387	17.910	23.855	100.000
28/07/1982	2.616	9.199	17.892	24.657	96.000
29/07/1982	0.065	10.434	18.311	26.384	96.000
30/07/1982	3.360	9.959	18.836	26.196	68.000
31/07/1982	0.080	11.780	18.334	27.855	68.000
01/08/1982	0.313	11.365	17.257	26.618	72.000
02/08/1982	5.563	11.682	18.728	27.994	72.000
03/08/1982	5.456	11.727	17.689	27.302	80.000
04/08/1982	0.000	13.053	18.110	29.118	74.000
05/08/1982	0.000	12.104	17.805	27.833	80.000
06/08/1982	6.424	11.385	17.919	27.068	113.000
07/08/1982	2.546	10.431	17.533	25.696	92.000
08/08/1982	6.097	10.626	17.371	25.792	136.000
09/08/1982	0.000	13.108	16.766	28.208	92.000
10/08/1982	2.642	13.025	17.365	28.455	88.000
11/08/1982	0.000	13.016	18.158	28.991	80.000
12/08/1982	0.000	12.596	18.382	28.674	72.000
13/08/1982	5.595	12.599	17.964	28.340	60.000
14/08/1982	1.267	11.304	18.788	27.478	60.000
15/08/1982	1.862	12.980	17.679	28.560	64.000
16/08/1982	7.202	11.996	18.799	28.206	108.000
17/08/1982	2.333	11.801	18.368	27.696	88.000
18/08/1982	0.188	12.202	18.449	28.189	92.000
19/08/1982	3.542	10.432	18.952	26.610	64.000
20/08/1982	2.519	11.392	18.844	27.545	92.000
21/08/1982	2.322	12.432	18.163	28.195	64.000
22/08/1982	0.000	12.453	18.749	28.657	53.000
23/08/1982	3.101	12.127	19.436	28.754	64.000
24/08/1982	4.377	11.755	18.824	27.901	49.000
25/08/1982	3.896	11.890	19.061	28.219	72.000
26/08/1982	0.014	11.074	18.406	26.856	68.000
27/08/1982	0.308	13.108	18.929	29.471	42.000
28/08/1982	7.981	11.636	18.462	27.500	49.000
29/08/1982	7.641	12.627	18.269	28.426	64.000
30/08/1982	2.793	11.443	18.815	27.532	56.000
31/08/1982	7.185	10.673	18.683	26.610	53.000
01/09/1982	4.485	11.280	18.456	27.077	128.000
02/09/1982	0.000	12.732	18.943	29.010	80.000
03/09/1982	0.803	11.257	18.890	27.342	49.000
04/09/1982	5.606	11.181	19.231	27.504	49.000
05/09/1982	2.146	10.830	19.221	27.126	49.000
06/09/1982	9.444	12.106	18.782	28.219	39.000
07/09/1982	0.000	12.594	19.286	29.061	42.000
08/09/1982	9.310	12.772	19.054	29.118	40.000
09/09/1982	5.979	11.535	19.366	27.968	69.000
10/09/1982	15.549	9.916	18.323	25.499	76.000
11/09/1982	9.843	9.067	18.967	25.080	64.000
12/09/1982	15.477	9.364	19.057	25.453	136.000
13/09/1982	14.804	11.619	18.372	27.372	118.000
14/09/1982	14.194	9.858	18.999	25.948	211.000
15/09/1982	0.746	9.416	17.942	24.722	118.000
16/09/1982	26.954	8.049	18.917	24.022	307.000
17/09/1982	4.415	6.476	18.653	22.286	238.000
18/09/1982	3.878	9.689	18.455	25.333	264.000
19/09/1982	5.720	8.930	18.656	24.715	304.000
20/09/1982	2.501	9.732	19.124	25.932	183.000
21/09/1982	16.291	10.303	18.265	25.919	164.000
22/09/1982	0.216	10.770	17.471	25.875	127.000
23/09/1982	2.437	12.154	16.339	26.702	88.000
24/09/1982	14.485	10.126	16.679	24.616	120.000
25/09/1982	7.307	6.952	18.551	22.648	154.000
26/09/1982	8.728	8.343	17.217	22.987	415.000
27/09/1982	5.325	10.646	18.289	26.305	223.000
28/09/1982	32.365	9.956	17.802	25.212	361.000
29/09/1982	5.576	8.770	18.756	24.680	318.000
30/09/1982	2.161	10.685	17.298	25.721	227.000
01/10/1982	27.849	7.716	17.397	22.552	426.000
02/10/1982	0.307	9.148	16.778	23.612	207.000
03/10/1982	12.201	8.216	17.305	22.993	189.000
04/10/1982	8.151	10.226	16.622	24.762	341.000
05/10/1982	16.107	9.021	17.151	23.830	353.000
06/10/1982	6.646	10.391	17.058	25.285	223.000
07/10/1982	9.299	9.476	18.326	25.211	167.000
08/10/1982	21.702	8.751	18.192	24.311	356.000
09/10/1982	18.721	7.937	17.772	23.158	350.000
10/10/1982	20.538	8.196	18.743	24.188	875.000
11/10/1982	0.628	8.896	18.547	24.797	390.000
12/10/1982	17.385	8.194	17.578	23.327	355.000
13/10/1982	2.014	7.952	17.596	23.067	266.000
14/10/1982	16.788	9.391	17.102	24.323	281.000
15/10/1982	11.018	9.089	17.843	24.513	326.000
16/10/1982	3.605	9.690	16.609	24.288	216.000
17/10/1982	16.303	7.498	17.718	22.735	281.000
18/10/1982	13.513	8.175	17.129	23.084	424.000
19/10/1982	30.012	8.684	17.798	24.145	272.000
20/10/1982	12.692	8.404	18.360	24.269	248.000
21/10/1982	30.133	5.871	18.092	21.438	726.000
22/10/1982	3.032	9.808	17.347	25.128	402.000
23/10/1982	13.769	7.211	18.749	23.372	489.000
24/10/1982	9.090	6.974	18.129	22.589	377.000
25/10/1982	4.983	6.771	18.715	22.916	436.000
26/10/1982	16.358	7.919	17.756	23.381	411.000
27/10/1982	0.832	7.836	17.469	23.047	265.000
28/10/1982	17.237	7.070	17.993	22.624	299.000
29/10/1982	7.231	8.436	16.908	23.326	236.000
30/10/1982	1.383	8.853	17.475	24.266	308.000
31/10/1982	4.199	9.292	17.276	24.625	489.000
01/11/1982	19.410	8.225	18.347	24.228	571.000
02/11/1982	9.596	8.147	18.047	23.961	759.000
03/11/1982	19.729	6.974	18.180	22.808	1023.000
04/11/1982	4.300	8.815	17.416	24.266	357.000
05/11/1982	0.000	9.619	16.967	24.898	293.000
06/11/1982	1.742	9.142	17.446	24.699	227.000
07/11/1982	0.000	9.229	17.938	25.225	284.000
08/11/1982	22.422	8.387	19.289	25.308	195.000
09/11/1982	0.000	10.760	17.342	26.682	175.000
10/11/1982	9.671	8.874	18.874	25.574	177.000
11/11/1982	12.568	7.099	19.299	23.975	247.000
12/11/1982	11.586	7.306	19.100	24.010	182.000
13/11/1982	0.000	9.971	18.020	26.273	153.000
14/11/1982	0.000	9.581	18.013	25.828	135.000
15/11/1982	0.000	8.240	20.070	25.862	136.000
16/11/1982	14.052	9.192	19.113	26.217	151.000
17/11/1982	13.853	7.679	18.987	24.404	156.000
18/11/1982	2.891	7.381	18.581	23.733	136.000
19/11/1982	1.939	9.113	18.875	25.972	123.000
20/11/1982	22.311	7.050	18.561	23.423	136.000
21/11/1982	1.750	8.400	17.270	23.990	137.000
22/11/1982	10.640	7.411	18.112	23.471	145.000
23/11/1982	13.203	8.005	17.163	23.456	158.000
24/11/1982	0.841	8.013	17.847	23.997	172.000
25/11/1982	1.729	8.447	17.719	24.452	173.000
26/11/1982	14.980	8.833	17.701	24.894	164.000
27/11/1982	15.975	9.495	17.125	25.282	525.000
28/11/1982	4.588	9.517	17.267	25.426	161.000
29/11/1982	0.000	9.881	15.788	24.881	156.000
30/11/1982	0.000	9.606	18.320	26.337	162.000
01/12/1982	1.909	8.755	18.247	25.244	169.000
02/12/1982	2.734	8.832	19.231	26.097	199.000
03/12/1982	3.733	9.454	17.593	25.654	163.000
04/12/1982	17.950	7.647	18.336	24.044	157.000
05/12/1982	4.002	9.643	17.297	25.733	147.000
06/12/1982	14.977	8.798	18.096	25.265	151.000
07/12/1982	5.806	8.352	19.096	25.481	689.000
08/12/1982	23.475	9.448	18.366	26.295	312.000
09/12/1982	3.593	7.329	19.099	24.339	682.000
10/12/1982	6.085	7.838	19.193	25.001	182.000
11/12/1982	2.830	8.779	17.535	24.876	154.000
12/12/1982	0.000	7.679	18.417	24.234	150.000
13/12/1982	7.599	7.302	19.388	24.562	148.000
14/12/1982	1.337	8.804	17.911	25.205	164.000
15/12/1982	2.023	11.119	17.702	27.952	690.000
16/12/1982	0.000	10.424	17.062	26.628	566.000
17/12/1982	0.000	7.866	18.523	24.516	256.000
18/12/1982	0.089	7.724	17.517	23.618	624.000
19/12/1982	5.311	8.271	17.837	24.469	201.000
20/12/1982	11.946	8.297	18.141	24.734	689.000
21/12/1982	0.423	9.540	17.297	25.644	258.000
22/12/1982	11.025	8.921	17.724	25.186	218.000
23/12/1982	4.939	9.551	18.253	26.336	287.000
24/12/1982	2.482	10.000	17.551	26.416	554.000
25/12/1982	9.314	8.217	18.090	24.592	162.000
26/12/1982	0.000	10.234	16.635	26.032	201.000
27/12/1982	8.140	7.383	18.209	23.718	186.000
28/12/1982	0.000	8.477	17.858	24.722	239.000
29/12/1982	25.043	9.417	16.225	24.674	600.000
30/12/1982	0.509	7.996	18.279	24.432	189.000
31/12/1982	0.000	9.943	17.629	26.337	233.000
01/01/1983	0.000	10.625	17.965	27.413	219.500
02/01/1983	0.000	9.583	18.429	26.443	210.000
03/01/1983	0.349	9.299	18.808	26.411	143.900
04/01/1983	0.000	8.562	18.953	25.622	131.300
05/01/1983	13.182	7.137	19.388	24.283	142.000
06/01/1983	0.197	9.037	18.119	25.533	126.400
07/01/1983	0.801	9.145	18.215	25.705	119.100
08/01/1983	8.951	9.688	16.554	25.154	115.900
09/01/1983	0.234	9.368	18.119	25.897	105.000
10/01/1983	9.441	8.930	19.369	26.288	171.800
11/01/1983	6.805	8.565	19.025	25.603	251.900
12/01/1983	2.217	8.378	18.695	25.110	233.400
13/01/1983	2.054	9.598	17.756	25.801	200.000
14/01/1983	0.000	8.995	18.273	25.480	188.200
15/01/1983	1.339	9.820	17.408	25.811	103.500
16/01/1983	0.000	8.164	19.578	25.484	97.200
17/01/1983	0.000	8.584	18.337	25.022	102.700
18/01/1983	0.000	9.674	17.188	25.500	94.100
19/01/1983	0.000	9.790	19.006	26.884	81.100
20/01/1983	0.000	9.039	18.685	25.743	81.100
21/01/1983	0.000	10.664	18.179	27.269	88.700
22/01/1983	0.000	10.231	19.548	27.785	86.000
23/01/1983	0.060	10.395	19.491	27.914	88.900
24/01/1983	0.000	10.348	18.198	26.924	91.000
25/01/1983	0.000	8.926	19.138	25.955	103.500
26/01/1983	0.000	8.225	19.781	25.523	97.200
27/01/1983	22.984	7.353	20.238	24.951	91.000
28/01/1983	0.000	8.050	18.795	24.506	195.400
29/01/1983	0.288	9.231	18.573	25.644	164.900
30/01/1983	0.000	10.511	17.342	26.257	153.600
31/01/1983	0.126	9.607	17.516	25.299	145.800
01/02/1983	1.454	9.499	18.451	25.807	135.200
02/02/1983	1.257	8.910	19.233	25.712	131.300
03/02/1983	4.005	9.082	19.565	26.137	129.400
04/02/1983	8.064	8.344	19.221	25.065	127.400
05/02/1983	15.920	10.157	18.189	26.323	123.500
06/02/1983	9.945	8.884	18.154	24.779	119.100
07/02/1983	11.207	9.295	18.741	25.674	115.900
08/02/1983	12.072	9.724	17.747	25.374	113.600
09/02/1983	0.070	11.503	15.702	26.042	108.100
10/02/1983	0.033	12.043	16.487	27.201	103.500
11/02/1983	0.000	9.965	19.097	26.580	99.600
12/02/1983	2.985	9.894	18.926	26.379	97.200
13/02/1983	0.000	9.858	18.590	26.128	87.300
14/02/1983	0.261	11.214	16.807	26.311	81.800
15/02/1983	0.000	11.700	17.987	27.676	77.000
16/02/1983	0.000	11.813	19.674	28.999	72.900
17/02/1983	0.314	11.364	17.549	26.974	67.400
18/02/1983	0.145	9.562	17.942	25.142	62.500
19/02/1983	1.860	10.505	18.429	26.549	61.300
20/02/1983	1.543	10.163	18.765	26.404	57.500
21/02/1983	3.768	9.161	18.695	25.230	54.200
22/02/1983	1.861	10.800	18.427	26.798	55.300
23/02/1983	0.432	12.382	19.250	29.151	53.600
24/02/1983	3.558	9.155	19.257	25.613	76.500
25/02/1983	1.986	10.209	19.422	26.855	53.600
26/02/1983	0.000	12.017	19.392	28.792	51.500
27/02/1983	0.019	11.015	19.185	27.515	45.400
28/02/1983	0.891	11.485	18.743	27.696	49.700
01/03/1983	3.710	9.077	19.477	25.631	53.900
02/03/1983	21.543	10.907	19.448	27.507	349.300
03/03/1983	0.189	9.165	19.353	25.542	124.700
04/03/1983	0.193	9.941	18.608	25.791	68.900
05/03/1983	2.133	10.826	18.145	26.390	66.900
06/03/1983	2.882	8.786	19.791	25.478	66.700
07/03/1983	2.684	9.601	18.958	25.656	77.700
08/03/1983	2.978	8.104	19.381	24.435	95.700
09/03/1983	4.160	8.821	19.503	25.251	112.000
10/03/1983	14.152	9.436	18.501	25.106	132.300
11/03/1983	0.050	10.713	19.637	27.283	169.900
12/03/1983	7.653	9.968	18.487	25.670	166.500
13/03/1983	0.000	9.616	17.872	24.840	117.700
14/03/1983	2.199	9.007	18.347	24.472	91.800
15/03/1983	0.000	11.122	18.536	26.897	82.500
16/03/1983	1.066	11.798	19.485	28.315	73.600
17/03/1983	12.731	9.639	18.656	25.400	59.100
18/03/1983	3.465	11.295	18.359	26.975	108.200
19/03/1983	0.046	10.023	19.384	26.363	71.500
20/03/1983	0.280	13.181	18.597	29.169	60.800
21/03/1983	0.823	10.545	18.828	26.491	56.400
22/03/1983	6.015	11.323	19.379	27.674	60.300
23/03/1983	0.000	10.719	19.295	26.977	54.200
24/03/1983	1.053	12.392	17.943	27.775	52.000
25/03/1983	18.326	9.084	19.561	25.554	69.300
26/03/1983	5.686	9.431	19.385	25.657	114.100
27/03/1983	27.228	8.525	18.897	24.369	114.000
28/03/1983	0.000	11.483	18.102	26.890	133.000
29/03/1983	0.000	10.929	18.927	26.871	92.500
30/03/1983	12.066	10.834	18.044	26.108	129.200
31/03/1983	0.976	10.236	19.491	26.593	144.200
01/04/1983	6.545	11.633	18.398	27.278	121.000
02/04/1983	2.388	10.188	19.013	26.189	98.800
03/04/1983	10.827	9.208	19.243	25.326	98.000
04/04/1983	13.165	9.683	19.580	26.047	126.400
05/04/1983	4.394	11.426	19.488	27.794	135.600
06/04/1983	13.598	9.915	19.961	26.577	210.100
07/04/1983	20.845	7.922	19.965	24.613	405.400
08/04/1983	6.483	9.198	19.029	25.118	608.300
09/04/1983	9.716	8.235	19.856	24.830	323.600
10/04/1983	19.045	7.187	20.128	24.076	291.600
11/04/1983	17.615	8.216	18.391	23.657	214.800
12/04/1983	0.614	10.693	18.818	26.554	288.500
13/04/1983	16.267	9.169	19.228	25.291	333.100
14/04/1983	22.282	10.055	18.049	25.321	328.500
15/04/1983	7.105	12.658	18.722	28.631	357.600
16/04/1983	25.238	9.088	19.485	25.416	346.400
17/04/1983	7.282	9.756	19.225	25.900	407.700
18/04/1983	25.360	7.824	19.115	23.891	435.800
19/04/1983	2.125	8.838	19.337	25.060	462.400
20/04/1983	11.976	11.556	19.644	28.179	411.500
21/04/1983	21.682	7.900	19.000	23.865	410.400
22/04/1983	6.963	11.775	18.773	27.781	429.100
23/04/1983	4.536	12.381	18.058	27.980	276.900
24/04/1983	13.134	8.704	20.070	25.568	375.900
25/04/1983	1.358	9.522	19.140	25.696	286.000
26/04/1983	9.931	10.075	19.118	26.272	297.800
27/04/1983	5.094	10.792	18.881	26.842	267.500
28/04/1983	28.370	9.975	19.198	26.218	487.400
29/04/1983	15.752	6.114	19.709	22.836	534.400
30/04/1983	14.524	9.045	19.305	25.343	335.700
01/05/1983	6.903	9.061	19.507	25.565	420.100
02/05/1983	14.972	10.436	18.779	26.458	312.800
03/05/1983	6.285	11.138	19.542	27.786	401.700
04/05/1983	16.051	10.342	18.334	26.033	327.300
05/05/1983	3.676	11.454	18.847	27.666	308.100
06/05/1983	8.502	11.004	19.488	27.658	294.800
07/05/1983	11.173	9.669	19.240	26.049	311.700
08/05/1983	1.960	10.952	18.830	27.164	414.100
09/05/1983	1.390	12.417	18.302	28.420	258.500
10/05/1983	9.254	10.176	19.339	26.690	243.100
11/05/1983	13.328	10.031	19.701	26.815	207.700
12/05/1983	7.096	11.046	18.900	27.330	248.800
13/05/1983	0.000	10.469	19.462	27.154	218.800
14/05/1983	10.493	10.424	18.661	26.513	169.500
15/05/1983	7.628	10.600	18.654	26.722	323.700
16/05/1983	12.370	7.591	19.562	24.247	279.200
17/05/1983	22.304	9.940	18.680	26.006	345.800
18/05/1983	12.981	8.256	19.282	24.677	233.400
19/05/1983	12.639	6.985	19.526	23.698	268.300
20/05/1983	15.842	8.860	19.081	25.163	488.000
21/05/1983	17.028	8.259	19.667	25.025	531.800
22/05/1983	20.497	8.459	19.198	24.844	593.400
23/05/1983	0.600	9.535	18.695	25.651	383.700
24/05/1983	24.595	8.808	19.865	25.773	449.700
25/05/1983	0.000	10.343	19.584	27.256	306.000
26/05/1983	9.234	9.769	19.837	26.805	721.700
27/05/1983	3.552	10.200	20.058	27.469	339.100
28/05/1983	18.717	8.586	19.555	25.358	631.400
29/05/1983	9.834	8.962	19.250	25.541	488.700
30/05/1983	19.448	9.342	18.808	25.631	328.700
31/05/1983	3.440	11.168	18.230	27.275	313.400
01/06/1983	13.226	9.095	19.112	25.638	274.200
02/06/1983	8.402	9.751	19.394	26.542	256.900
03/06/1983	9.882	7.896	18.904	24.179	253.200
04/06/1983	2.774	6.857	18.605	22.842	301.400
05/06/1983	10.255	8.633	18.464	24.658	388.900
06/06/1983	1.924	8.340	17.625	23.712	233.700
07/06/1983	0.185	9.699	17.317	25.047	212.400
08/06/1983	15.281	7.408	18.860	23.644	208.900
09/06/1983	0.119	9.848	16.500	24.560	189.900
10/06/1983	18.344	9.169	18.134	24.994	276.100
11/06/1983	12.981	8.740	18.725	24.981	334.900
12/06/1983	9.769	10.813	16.788	25.929	424.800
13/06/1983	4.171	11.602	17.891	27.641	250.200
14/06/1983	7.723	9.254	18.913	25.702	330.200
15/06/1983	0.000	9.926	18.812	26.394	180.100
16/06/1983	7.870	10.904	18.531	27.259	288.900
17/06/1983	5.852	8.277	18.703	24.451	274.200
18/06/1983	1.011	11.264	16.754	26.477	159.400
19/06/1983	0.095	10.881	17.249	26.375	142.900
20/06/1983	1.066	9.980	17.246	25.291	116.700
21/06/1983	13.855	9.547	18.276	25.580	115.200
22/06/1983	1.034	11.140	18.299	27.392	105.000
23/06/1983	0.032	8.803	18.469	24.898	101.100
24/06/1983	0.000	10.381	17.509	25.964	93.300
25/06/1983	0.958	11.700	16.452	26.820	88.000
26/06/1983	7.126	10.434	18.667	26.875	116.200
27/06/1983	4.781	10.470	18.004	26.453	99.600
28/06/1983	5.852	10.570	18.186	26.699	109.100
29/06/1983	3.644	9.131	18.097	24.956	94.200
30/06/1983	1.142	9.445	18.177	25.333	81.400
01/07/1983	3.354	10.527	18.448	26.781	77.300
02/07/1983	4.345	10.399	18.827	26.927	146.100
03/07/1983	3.993	11.522	17.340	27.182	113.400
04/07/1983	5.090	10.325	18.693	26.731	85.100
05/07/1983	11.380	9.916	18.528	26.135	99.900
06/07/1983	9.643	9.284	17.839	24.952	169.800
07/07/1983	0.827	11.406	17.626	27.192	133.000
08/07/1983	4.582	10.293	18.904	26.840	125.300
09/07/1983	15.135	7.808	18.724	23.938	111.900
10/07/1983	0.973	9.254	17.695	24.740	95.500
11/07/1983	9.511	9.836	18.045	25.718	89.900
12/07/1983	6.105	10.720	18.032	26.692	119.700
13/07/1983	0.538	13.215	17.923	29.480	112.200
14/07/1983	0.000	11.092	17.900	26.988	90.800
15/07/1983	8.981	9.510	18.138	25.324	178.800
16/07/1983	3.347	10.816	18.166	26.863	122.400
17/07/1983	2.633	11.707	17.935	27.703	92.700
18/07/1983	3.469	10.784	18.892	27.317	102.400
19/07/1983	1.171	10.479	18.173	26.394	81.200
20/07/1983	15.462	9.945	18.138	25.744	117.200
21/07/1983	0.256	9.756	18.868	26.071	82.200
22/07/1983	3.428	9.139	18.817	25.379	71.000
23/07/1983	13.093	6.228	18.714	22.301	110.200
24/07/1983	0.000	9.649	18.193	25.468	81.500
25/07/1983	0.000	11.052	17.202	26.330	65.000
26/07/1983	0.000	11.815	17.436	27.349	57.500
27/07/1983	2.267	10.418	17.496	25.778	55.400
28/07/1983	6.319	10.718	18.331	26.747	78.700
29/07/1983	7.965	10.337	18.624	26.515	75.700
30/07/1983	18.788	8.316	18.436	24.160	229.100
31/07/1983	6.842	10.509	17.903	26.113	149.800
01/08/1983	8.633	7.611	18.935	23.765	280.200
02/08/1983	4.230	8.406	17.907	23.776	143.500
03/08/1983	1.249	8.558	18.026	24.036	88.800
04/08/1983	2.911	10.651	17.789	26.151	113.000
05/08/1983	9.049	9.441	17.908	24.831	117.700
06/08/1983	5.099	8.345	18.413	24.060	84.800
07/08/1983	0.569	9.082	17.570	24.157	118.300
08/08/1983	0.000	9.748	18.084	25.331	89.200
09/08/1983	0.000	11.384	18.455	27.407	69.300
10/08/1983	1.508	10.089	18.461	25.935	60.700
11/08/1983	0.000	10.934	17.799	26.448	55.900
12/08/1983	4.490	9.840	18.516	25.728	53.700
13/08/1983	9.721	11.988	17.286	27.233	77.500
14/08/1983	0.000	11.606	18.154	27.398	55.100
15/08/1983	0.000	9.465	18.913	25.577	46.300
16/08/1983	2.365	11.935	19.150	28.424	57.700
17/08/1983	3.285	10.540	19.205	26.927	48.400
18/08/1983	5.769	8.548	19.430	24.997	43.200
19/08/1983	5.958	9.346	19.266	25.690	67.700
20/08/1983	0.174	11.143	17.693	26.438	53.600
21/08/1983	6.522	10.971	18.282	26.647	76.100
22/08/1983	12.936	9.262	19.259	25.558	108.100
23/08/1983	2.739	10.856	19.202	27.217	68.600
24/08/1983	9.756	9.955	18.855	25.994	191.600
25/08/1983	0.098	10.426	18.554	26.275	73.300
26/08/1983	12.878	10.491	18.339	26.140	112.600
27/08/1983	1.065	11.878	17.749	27.328	64.600
28/08/1983	5.401	7.400	18.560	23.112	76.100
29/08/1983	15.195	10.348	18.198	25.914	215.800
30/08/1983	3.536	10.883	17.586	26.074	86.200
31/08/1983	2.109	12.929	16.932	27.914	64.400
01/09/1983	7.184	10.223	18.401	25.942	62.700
02/09/1983	8.991	10.088	18.074	25.509	64.500
03/09/1983	1.057	10.217	18.628	26.090	59.800
04/09/1983	6.017	10.202	17.490	25.237	76.200
05/09/1983	4.614	11.153	18.347	26.888	58.400
06/09/1983	15.546	8.343	18.605	24.094	85.500
07/09/1983	10.264	8.569	17.711	23.642	74.600
08/09/1983	2.595	8.170	18.094	23.519	57.200
09/09/1983	3.345	10.864	17.469	25.910	98.400
10/09/1983	0.468	8.704	18.295	24.218	72.500
11/09/1983	10.433	9.151	17.404	23.969	125.000
12/09/1983	0.078	8.589	18.134	23.926	71.300
13/09/1983	0.056	9.313	18.304	24.834	59.300
14/09/1983	3.845	11.171	17.590	26.320	59.100
15/09/1983	6.668	11.229	17.815	26.606	196.100
16/09/1983	10.335	7.711	18.609	23.459	159.800
17/09/1983	0.358	9.674	18.512	25.433	166.700
18/09/1983	14.359	9.424	17.698	24.573	140.000
19/09/1983	2.579	10.727	17.211	25.667	80.500
20/09/1983	6.005	10.811	16.283	25.049	70.800
21/09/1983	4.925	10.398	16.913	25.068	112.000
22/09/1983	2.979	8.806	17.549	23.827	109.200
23/09/1983	0.000	12.230	17.142	27.302	87.700
24/09/1983	10.132	8.579	18.214	24.103	106.600
25/09/1983	2.708	11.643	18.478	27.608	97.200
26/09/1983	2.343	10.757	18.016	26.324	67.600
27/09/1983	0.927	9.444	18.305	25.083	98.400
28/09/1983	8.363	9.928	18.677	25.924	75.600
29/09/1983	4.552	11.671	17.749	27.176	101.100
30/09/1983	5.727	9.535	18.227	25.188	138.600
01/10/1983	6.322	10.095	17.192	25.038	99.400
02/10/1983	4.975	9.277	17.427	24.254	133.200
03/10/1983	12.618	10.180	19.001	26.422	107.400
04/10/1983	6.562	7.875	18.445	23.539	112.400
05/10/1983	4.093	10.036	18.577	26.023	76.300
06/10/1983	0.000	11.419	18.464	27.509	62.600
07/10/1983	3.680	11.153	16.631	25.908	50.900
08/10/1983	10.689	8.491	16.823	23.087	119.400
09/10/1983	1.209	9.980	14.875	23.310	72.900
10/10/1983	13.718	9.358	17.398	24.429	115.200
11/10/1983	3.355	9.150	17.131	24.035	74.300
12/10/1983	31.514	8.304	17.772	23.625	140.000
13/10/1983	9.990	7.797	18.605	23.747	181.200
14/10/1983	27.592	7.806	17.227	22.689	187.700
15/10/1983	3.406	8.057	16.199	22.148	125.100
16/10/1983	15.089	7.431	17.000	22.048	242.400
17/10/1983	0.108	9.338	17.198	24.328	170.300
18/10/1983	0.027	11.199	16.294	25.897	124.900
19/10/1983	4.139	6.910	18.324	22.624	264.000
20/10/1983	23.695	5.767	17.871	21.119	547.900
21/10/1983	9.079	9.074	16.432	23.542	256.200
22/10/1983	6.669	8.127	17.035	22.967	247.800
23/10/1983	4.697	8.739	17.214	23.807	197.500
24/10/1983	5.755	9.181	17.775	24.779	170.300
25/10/1983	26.070	7.585	18.124	23.237	410.900
26/10/1983	5.134	7.305	17.859	22.775	223.000
27/10/1983	17.618	8.526	17.693	24.012	334.000
28/10/1983	2.831	8.356	17.702	23.815	272.200
29/10/1983	32.659	7.704	17.544	22.997	251.500
30/10/1983	15.781	7.737	18.227	23.560	468.300
31/10/1983	16.959	7.443	17.765	22.898	443.800
01/11/1983	0.031	8.209	17.350	23.446	262.400
02/11/1983	6.979	9.115	17.846	24.872	214.800
03/11/1983	26.155	7.494	19.000	23.985	321.900
04/11/1983	1.265	9.724	18.616	26.217	230.100
05/11/1983	9.600	10.418	18.337	26.876	338.000
06/11/1983	2.496	9.814	17.615	25.715	175.800
07/11/1983	6.691	10.407	17.214	26.153	164.900
08/11/1983	12.207	8.659	17.953	24.597	155.200
09/11/1983	10.390	7.899	17.820	23.592	170.400
10/11/1983	6.717	8.067	17.545	23.597	181.100
11/11/1983	15.180	7.395	18.235	23.410	230.700
12/11/1983	4.075	8.999	17.125	24.417	239.900
13/11/1983	7.840	10.025	17.872	26.240	218.500
14/11/1983	3.864	9.362	16.135	24.215	205.700
15/11/1983	9.958	9.411	17.580	25.317	300.000
16/11/1983	8.393	9.677	17.936	25.952	266.900
17/11/1983	5.633	7.074	18.959	23.722	234.800
18/11/1983	0.969	8.475	18.573	25.007	241.900
19/11/1983	1.262	9.492	18.695	26.310	175.800
20/11/1983	11.959	9.931	18.523	26.747	281.000
21/11/1983	7.572	9.099	18.987	26.124	392.500
22/11/1983	16.046	8.225	18.914	25.073	225.400
23/11/1983	1.459	8.907	17.542	24.878	175.800
24/11/1983	10.387	9.725	16.980	25.410	245.300
25/11/1983	0.000	8.668	17.525	24.571	180.100
26/11/1983	21.089	9.040	17.497	25.016	164.400
27/11/1983	9.631	7.856	18.065	24.026	134.200
28/11/1983	34.553	7.251	17.919	23.225	295.500
29/11/1983	13.124	6.659	17.967	22.567	308.300
30/11/1983	0.582	6.035	18.449	22.339	213.000
01/12/1983	8.184	7.983	16.765	23.208	281.500
02/12/1983	4.100	9.738	16.904	25.528	335.400
03/12/1983	1.739	9.563	17.528	25.782	219.400
04/12/1983	28.134	8.971	18.015	25.416	391.900
05/12/1983	8.039	8.244	17.862	24.403	319.900
06/12/1983	1.316	7.201	16.807	22.368	535.600
07/12/1983	17.903	7.191	16.792	22.305	536.700
08/12/1983	2.459	9.396	16.170	24.634	314.100
09/12/1983	20.595	8.661	16.695	24.071	403.200
10/12/1983	3.940	8.178	16.285	23.176	362.500
11/12/1983	5.639	7.220	16.698	22.286	319.100
12/12/1983	24.450	8.532	15.549	23.090	311.600
13/12/1983	3.012	10.022	16.259	25.545	349.000
14/12/1983	3.409	8.381	17.445	24.334	254.300
15/12/1983	1.972	8.723	18.108	25.254	220.700
16/12/1983	21.805	8.147	17.467	24.078	263.100
17/12/1983	10.548	8.861	17.478	24.961	316.800
18/12/1983	1.638	9.394	16.692	25.029	290.400
19/12/1983	18.642	9.937	17.238	26.185	365.200
20/12/1983	9.696	7.317	18.198	23.632	366.900
21/12/1983	0.289	9.966	17.577	26.443	415.500
22/12/1983	7.322	8.489	17.224	24.279	409.400
23/12/1983	0.957	8.296	17.510	24.254	270.200
24/12/1983	18.416	8.894	17.564	25.051	284.900
25/12/1983	2.128	8.799	17.972	25.233	218.300
26/12/1983	14.185	9.201	16.773	24.837	211.200
27/12/1983	4.939	8.345	17.435	24.243	244.900
28/12/1983	6.336	9.515	18.182	26.260	189.500
29/12/1983	4.845	9.744	17.452	26.029	191.700
30/12/1983	16.644	7.649	18.282	24.102	225.700
31/12/1983	12.584	9.407	16.878	25.129	409.500
01/01/1984	5.519	6.771	17.281	22.211	273.000
02/01/1984	0.000	9.199	16.991	24.939	225.000
03/01/1984	0.091	8.843	16.593	24.218	189.000
04/01/1984	0.000	9.331	16.318	24.568	173.000
05/01/1984	0.076	9.459	15.991	24.535	157.000
06/01/1984	0.000	8.023	16.285	22.907	227.000
07/01/1984	2.737	7.720	16.625	22.743	213.000
08/01/1984	0.000	7.881	16.090	22.542	199.000
09/01/1984	0.166	10.010	15.978	25.144	262.000
10/01/1984	0.000	9.690	15.895	24.648	216.000
11/01/1984	0.000	10.441	16.150	25.757	260.000
12/01/1984	2.926	9.136	16.898	24.635	240.000
13/01/1984	0.000	10.604	15.882	25.749	188.000
14/01/1984	0.000	9.327	16.811	24.812	170.000
15/01/1984	0.000	9.706	15.826	24.606	129.000
16/01/1984	15.352	8.944	16.878	24.362	122.000
17/01/1984	2.706	8.948	16.999	24.414	122.000
18/01/1984	17.509	8.871	17.706	24.810	137.000
19/01/1984	2.114	10.548	16.977	26.307	130.000
20/01/1984	25.734	9.638	16.273	24.728	160.000
21/01/1984	22.372	7.807	16.538	22.616	220.000
22/01/1984	0.000	8.461	15.613	22.682	206.000
23/01/1984	0.000	10.291	15.917	25.151	148.000
24/01/1984	1.274	10.363	15.270	24.779	179.000
25/01/1984	0.000	9.442	16.725	24.644	160.000
26/01/1984	0.000	9.475	17.430	25.177	139.000
27/01/1984	0.000	9.142	16.106	23.767	137.000
28/01/1984	0.000	9.314	15.933	23.855	120.000
29/01/1984	7.218	8.923	15.926	23.337	176.000
30/01/1984	0.000	10.830	15.467	25.385	150.000
31/01/1984	0.000	10.263	16.703	25.490	116.000
01/02/1984	5.784	8.838	17.711	24.538	113.000
02/02/1984	4.393	9.461	17.765	25.243	127.000
03/02/1984	4.193	10.598	17.578	26.427	148.000
04/02/1984	23.518	7.109	17.878	22.642	225.000
05/02/1984	17.410	8.272	17.459	23.583	274.000
06/02/1984	10.732	7.819	17.126	22.834	324.000
07/02/1984	10.703	7.371	17.712	22.769	402.000
08/02/1984	4.265	8.785	16.650	23.483	223.000
09/02/1984	13.201	7.974	17.372	23.093	287.000
10/02/1984	2.024	8.884	16.847	23.724	291.000
11/02/1984	2.850	9.201	16.673	23.956	240.000
12/02/1984	1.732	11.201	17.119	26.612	176.000
13/02/1984	9.116	8.660	17.980	24.257	198.000
14/02/1984	0.494	9.073	17.509	24.363	334.000
15/02/1984	2.116	7.870	17.481	22.964	467.000
16/02/1984	0.197	8.958	17.400	24.087	213.000
17/02/1984	4.186	8.433	17.640	23.683	388.000
18/02/1984	0.000	10.959	16.606	25.804	195.000
19/02/1984	12.518	9.786	17.365	24.985	182.000
20/02/1984	12.965	7.753	18.406	23.523	203.000
21/02/1984	5.825	9.495	17.529	24.719	156.000
22/02/1984	15.490	8.046	18.438	23.858	346.000
23/02/1984	1.338	10.006	18.015	25.645	201.000
24/02/1984	28.031	9.118	17.830	24.513	188.000
25/02/1984	4.272	8.773	17.052	23.483	300.000
26/02/1984	12.438	8.429	18.487	24.188	237.000
27/02/1984	0.155	11.466	17.993	27.161	227.000
28/02/1984	6.541	10.633	17.122	25.609	430.000
29/02/1984	1.473	9.681	17.462	24.733	202.000
01/03/1984	4.365	8.713	17.946	24.022	186.000
02/03/1984	0.320	8.994	17.719	24.164	181.000
03/03/1984	21.872	9.172	17.170	23.894	222.000
04/03/1984	0.000	9.990	16.772	24.494	156.000
05/03/1984	8.608	8.941	17.378	23.773	169.000
06/03/1984	1.538	11.378	17.843	26.776	142.000
07/03/1984	6.719	10.895	18.080	26.388	199.000
08/03/1984	0.135	9.477	17.801	24.644	254.000
09/03/1984	0.000	11.576	16.609	26.078	147.000
10/03/1984	0.000	11.287	17.061	26.064	118.000
11/03/1984	0.000	10.337	16.696	24.753	105.000
12/03/1984	0.000	10.563	16.879	25.099	96.000
13/03/1984	0.000	10.962	16.743	25.446	89.000
14/03/1984	0.000	11.033	17.272	25.924	84.000
15/03/1984	0.550	11.649	17.554	26.775	112.000
16/03/1984	0.045	9.207	17.474	24.013	98.000
17/03/1984	0.000	11.580	16.830	26.173	200.000
18/03/1984	3.973	10.261	17.001	24.785	135.000
19/03/1984	0.000	9.175	17.307	23.802	202.000
20/03/1984	1.018	10.222	17.472	25.055	101.000
21/03/1984	0.000	9.653	17.911	24.794	120.000
22/03/1984	5.734	11.457	17.058	26.134	93.000
23/03/1984	10.391	7.629	18.701	23.343	699.000
24/03/1984	20.069	9.998	18.089	25.279	179.000
25/03/1984	0.000	10.833	17.272	25.573	222.000
26/03/1984	0.000	10.834	17.058	25.459	141.000
27/03/1984	6.069	11.235	17.462	26.157	180.000
28/03/1984	10.439	11.855	18.438	27.541	138.000
29/03/1984	8.474	9.567	18.026	24.791	348.000
30/03/1984	22.135	8.242	18.218	23.577	194.000
31/03/1984	5.403	11.070	18.147	26.452	156.000
01/04/1984	11.889	8.939	17.767	23.887	243.000
02/04/1984	5.633	10.860	17.087	25.445	360.000
03/04/1984	0.000	12.178	16.894	26.799	155.000
04/04/1984	0.143	11.746	18.310	27.317	126.000
05/04/1984	0.563	10.735	17.715	25.799	681.000
06/04/1984	2.866	10.021	17.426	24.814	280.000
07/04/1984	0.000	11.426	17.453	26.384	152.000
08/04/1984	21.029	8.890	17.916	24.012	190.000
09/04/1984	0.905	11.352	18.266	26.874	141.000
10/04/1984	8.834	9.371	18.285	24.747	171.000
11/04/1984	7.880	8.333	17.898	23.372	161.000
12/04/1984	17.218	9.207	17.057	23.667	265.000
13/04/1984	3.414	9.308	17.321	23.951	178.000
14/04/1984	6.729	10.716	17.811	25.895	194.000
15/04/1984	22.064	10.234	18.688	26.035	178.000
16/04/1984	8.858	8.318	18.416	23.850	313.000
17/04/1984	2.744	9.162	17.667	24.131	238.000
18/04/1984	0.307	13.034	17.596	28.356	160.000
19/04/1984	0.000	12.936	17.400	28.128	137.000
20/04/1984	2.093	10.446	17.975	25.824	123.000
21/04/1984	0.796	10.429	18.433	26.106	123.000
22/04/1984	10.435	9.622	17.490	24.541	187.000
23/04/1984	22.538	9.091	17.853	24.254	228.000
24/04/1984	7.506	10.518	18.721	26.449	194.000
25/04/1984	15.816	8.748	18.323	24.250	202.000
26/04/1984	2.043	8.650	18.823	24.539	233.000
27/04/1984	26.961	9.787	18.281	25.375	240.000
28/04/1984	26.746	10.484	18.406	26.205	557.000
29/04/1984	7.150	9.139	17.432	24.068	932.000
30/04/1984	13.104	10.391	17.533	25.471	685.000
01/05/1984	0.051	10.561	16.821	25.129	340.000
02/05/1984	17.343	10.995	17.029	25.810	420.000
03/05/1984	4.923	9.658	17.990	25.019	336.000
04/05/1984	16.569	12.881	16.250	27.549	306.000
05/05/1984	0.347	12.103	17.320	27.385	275.000
06/05/1984	3.407	10.225	18.237	25.929	195.000
07/05/1984	0.281	10.883	17.208	25.879	260.000
08/05/1984	10.889	9.128	17.586	24.215	483.000
09/05/1984	18.756	7.061	18.955	23.150	253.000
10/05/1984	14.838	10.445	18.240	26.176	203.000
11/05/1984	15.524	9.778	17.570	24.964	300.000
12/05/1984	18.359	8.232	17.583	23.272	851.000
13/05/1984	20.530	7.564	17.227	22.317	504.000
14/05/1984	11.729	8.726	17.286	23.610	504.000
15/05/1984	3.557	8.159	17.836	23.416	1210.000
16/05/1984	9.472	9.730	17.081	24.612	891.000
17/05/1984	8.212	10.699	17.644	26.124	443.000
18/05/1984	21.652	11.477	17.378	26.874	482.000
19/05/1984	10.658	9.767	18.057	25.443	366.000
20/05/1984	8.868	9.137	18.358	24.958	339.000
21/05/1984	3.756	9.406	19.148	25.872	247.000
22/05/1984	32.341	9.069	18.852	25.299	325.000
23/05/1984	16.160	8.461	16.997	23.169	330.000
24/05/1984	3.021	10.002	17.020	24.977	338.000
25/05/1984	12.831	9.212	17.499	24.420	589.000
26/05/1984	18.781	7.695	16.703	22.151	562.000
27/05/1984	13.758	7.644	17.064	22.395	573.000
28/05/1984	6.415	8.371	16.727	22.919	453.000
29/05/1984	2.274	8.914	17.574	24.201	354.000
30/05/1984	11.765	11.349	18.696	27.805	415.000
31/05/1984	6.559	9.852	18.157	25.705	395.000
01/06/1984	17.765	9.701	17.728	25.222	463.000
02/06/1984	1.023	8.276	17.898	23.794	352.000
03/06/1984	4.478	8.693	16.451	23.115	386.000
04/06/1984	9.759	6.957	18.113	22.531	281.000
05/06/1984	5.026	8.963	16.519	23.525	335.000
06/06/1984	6.666	11.721	16.714	26.897	361.000
07/06/1984	19.746	8.034	17.504	23.237	450.000
08/06/1984	7.587	8.172	17.561	23.449	367.000
09/06/1984	3.891	9.412	17.398	24.683	336.000
10/06/1984	1.052	9.254	17.548	24.715	235.000
11/06/1984	18.007	9.913	17.834	25.619	392.000
12/06/1984	5.461	9.727	17.628	25.310	386.000
13/06/1984	0.000	9.165	17.259	24.366	201.000
14/06/1984	0.519	10.768	17.228	26.228	190.000
15/06/1984	20.781	8.563	17.076	23.541	207.000
16/06/1984	2.031	10.400	17.503	25.977	301.000
17/06/1984	2.799	10.194	17.552	25.782	207.000
18/06/1984	9.167	7.902	17.625	23.224	212.000
19/06/1984	10.297	8.779	17.860	24.376	238.000
20/06/1984	0.130	10.855	17.067	26.215	189.000
21/06/1984	0.734	11.145	16.926	26.471	170.000
22/06/1984	14.190	8.042	17.500	23.279	161.000
23/06/1984	12.632	8.696	17.352	23.940	250.000
24/06/1984	5.590	7.934	17.719	23.337	205.000
25/06/1984	7.566	8.726	17.275	23.916	228.000
26/06/1984	15.894	8.369	16.446	22.849	252.000
27/06/1984	7.525	6.890	17.565	22.073	246.000
28/06/1984	1.916	9.439	16.461	24.064	201.000
29/06/1984	9.155	10.267	17.499	25.799	336.000
30/06/1984	9.749	9.886	16.943	24.962	344.000
01/07/1984	12.694	10.195	16.776	25.182	253.000
02/07/1984	15.813	8.022	17.077	22.920	616.000
03/07/1984	3.403	10.973	17.567	26.667	241.000
04/07/1984	20.731	9.144	17.808	24.773	386.000
05/07/1984	0.839	8.405	16.772	23.112	470.000
06/07/1984	20.036	7.635	17.035	22.487	278.000
07/07/1984	1.503	9.955	16.461	24.698	211.000
08/07/1984	5.387	9.548	17.145	24.692	194.000
09/07/1984	1.151	9.887	16.140	24.353	240.000
10/07/1984	7.436	8.529	16.804	23.263	231.000
11/07/1984	0.941	9.663	17.093	24.776	177.000
12/07/1984	10.543	9.099	16.775	23.852	318.000
13/07/1984	2.494	6.614	17.411	21.653	185.000
14/07/1984	15.784	8.745	17.179	23.727	251.000
15/07/1984	5.226	7.926	16.978	22.673	209.000
16/07/1984	7.798	9.729	16.103	24.113	225.000
17/07/1984	0.361	10.625	16.858	25.657	154.000
18/07/1984	0.876	10.342	16.676	25.177	140.000
19/07/1984	5.818	9.672	17.680	25.113	174.000
20/07/1984	5.210	11.369	16.109	25.962	185.000
21/07/1984	0.000	11.990	15.124	26.039	123.000
22/07/1984	0.630	8.707	16.472	23.145	110.000
23/07/1984	1.166	9.435	16.217	23.788	137.000
24/07/1984	2.358	9.688	16.475	24.206	129.000
25/07/1984	11.578	8.534	18.161	24.144	152.000
26/07/1984	4.314	9.593	17.744	25.009	137.000
27/07/1984	0.090	11.422	18.032	27.297	107.000
28/07/1984	0.000	9.669	18.362	25.499	184.000
29/07/1984	3.343	10.303	17.853	25.839	155.000
30/07/1984	0.000	10.486	18.429	26.467	94.000
31/07/1984	16.481	8.880	17.233	23.751	117.000
01/08/1984	1.302	8.710	17.151	23.529	159.000
02/08/1984	1.992	9.233	16.647	23.709	259.000
03/08/1984	6.371	8.948	17.469	24.001	309.000
04/08/1984	23.240	10.552	16.810	25.350	335.000
05/08/1984	3.236	9.032	16.368	23.320	156.000
06/08/1984	1.893	10.334	17.297	25.416	118.000
07/08/1984	5.048	12.166	16.807	27.189	110.000
08/08/1984	7.351	10.423	17.581	25.705	102.000
09/08/1984	6.133	9.838	17.198	24.735	133.000
10/08/1984	1.566	9.842	17.067	24.651	163.000
11/08/1984	4.763	8.644	17.358	23.529	111.000
12/08/1984	1.203	10.126	16.638	24.664	108.000
13/08/1984	4.081	10.419	17.269	25.379	112.000
14/08/1984	2.528	9.636	17.718	24.855	106.000
15/08/1984	7.981	10.666	17.754	26.019	116.000
16/08/1984	0.078	10.952	17.188	25.951	89.000
17/08/1984	13.136	10.312	17.368	25.337	162.000
18/08/1984	17.462	7.772	17.587	22.765	287.000
19/08/1984	5.243	8.481	16.570	22.648	149.000
20/08/1984	21.747	8.306	17.209	22.985	403.000
21/08/1984	5.054	10.348	17.234	25.251	169.000
22/08/1984	11.137	9.155	18.170	24.613	160.000
23/08/1984	4.732	9.122	16.004	22.936	135.000
24/08/1984	3.269	11.076	16.664	25.648	148.000
25/08/1984	2.613	10.088	17.804	25.366	123.000
26/08/1984	15.051	9.952	17.212	24.743	137.000
27/08/1984	2.443	10.829	17.725	26.064	101.000
28/08/1984	1.029	8.935	18.379	24.490	149.000
29/08/1984	0.009	7.010	18.161	22.368	94.000
30/08/1984	0.000	10.250	17.801	25.472	85.000
31/08/1984	0.000	10.048	17.442	24.964	92.000
01/09/1984	1.507	10.546	17.263	25.387	95.000
02/09/1984	0.000	11.095	17.490	26.179	81.000
03/09/1984	5.691	11.677	17.528	26.833	82.000
04/09/1984	10.377	11.011	16.426	25.315	105.000
05/09/1984	3.196	10.305	17.507	25.356	144.000
06/09/1984	3.815	10.587	17.698	25.757	168.000
07/09/1984	25.881	9.417	17.089	24.038	142.000
08/09/1984	4.712	9.562	17.513	24.504	333.000
09/09/1984	21.402	7.607	17.241	22.196	235.000
10/09/1984	0.590	8.792	16.914	23.179	170.000
11/09/1984	2.666	7.758	16.824	22.041	170.000
12/09/1984	7.100	9.566	16.635	23.879	210.000
13/09/1984	14.409	11.288	16.493	25.692	242.000
14/09/1984	13.951	10.873	17.068	25.689	304.000
15/09/1984	12.959	9.746	16.640	24.092	219.000
16/09/1984	3.482	9.009	15.853	22.689	187.000
17/09/1984	23.570	7.796	18.366	23.324	246.000
18/09/1984	7.565	9.007	17.234	23.735	311.000
19/09/1984	23.595	8.851	17.358	23.610	768.000
20/09/1984	17.323	7.765	17.231	22.365	791.000
21/09/1984	8.804	9.224	17.599	24.217	729.000
22/09/1984	8.806	9.831	16.968	24.464	571.000
23/09/1984	14.436	9.443	16.126	23.439	482.000
24/09/1984	4.310	10.109	15.890	24.000	462.000
25/09/1984	14.812	11.908	15.501	25.799	658.000
26/09/1984	7.020	10.476	16.932	25.164	369.000
27/09/1984	11.409	11.698	16.667	26.417	278.000
28/09/1984	5.109	11.865	16.086	26.224	239.000
29/09/1984	5.477	11.821	17.669	27.225	234.000
30/09/1984	7.170	9.198	18.106	24.672	277.000
01/10/1984	14.806	10.843	17.385	25.971	290.000
02/10/1984	11.374	10.086	16.920	24.811	265.000
03/10/1984	11.283	9.713	17.535	24.805	240.000
04/10/1984	4.437	8.706	16.462	22.908	243.000
05/10/1984	3.015	9.881	16.664	24.423	191.000
06/10/1984	22.266	8.745	17.391	23.658	285.000
07/10/1984	3.492	8.204	18.281	23.826	205.000
08/10/1984	19.355	8.890	17.699	24.093	645.000
09/10/1984	20.943	8.617	16.823	23.163	708.000
10/10/1984	0.000	9.070	17.182	23.974	413.000
11/10/1984	12.346	9.480	17.388	24.597	356.000
12/10/1984	1.753	10.031	17.961	25.645	269.000
13/10/1984	24.496	9.709	17.770	25.128	347.000
14/10/1984	1.872	8.274	17.282	23.219	348.000
15/10/1984	8.823	11.146	17.762	26.821	270.000
16/10/1984	20.078	9.150	17.929	24.706	290.000
17/10/1984	10.228	7.640	17.760	22.987	239.000
18/10/1984	9.855	8.602	17.765	23.991	399.000
19/10/1984	17.495	9.337	17.908	24.946	590.000
20/10/1984	22.322	9.535	17.408	24.817	898.000
21/10/1984	2.180	8.253	17.833	23.743	422.000
22/10/1984	17.810	10.755	18.115	26.788	1079.000
23/10/1984	5.815	6.504	18.750	22.619	396.000
24/10/1984	19.066	6.447	17.506	21.535	325.000
25/10/1984	20.627	8.717	18.144	24.561	1109.000
26/10/1984	10.408	8.609	17.433	23.882	847.000
27/10/1984	9.575	7.012	18.073	22.701	409.000
28/10/1984	12.994	8.176	17.991	23.875	507.000
29/10/1984	6.179	9.291	17.887	25.071	352.000
30/10/1984	0.790	7.247	18.504	23.307	277.000
31/10/1984	5.117	10.065	17.164	25.528	467.000
01/11/1984	0.375	9.236	17.071	24.510	457.000
02/11/1984	15.859	8.975	17.715	24.658	582.000
03/11/1984	4.746	9.382	17.715	25.144	600.000
04/11/1984	13.428	9.637	17.113	25.031	605.000
05/11/1984	2.230	8.882	17.286	24.314	568.000
06/11/1984	27.036	7.385	17.804	23.001	413.000
07/11/1984	13.758	5.718	18.052	21.472	925.000
08/11/1984	2.032	8.708	17.435	24.222	641.000
09/11/1984	13.811	10.405	16.826	25.863	501.000
10/11/1984	10.953	9.629	17.403	25.375	506.000
11/11/1984	0.084	9.321	16.535	24.388	346.000
12/11/1984	30.084	8.097	16.985	23.247	955.000
13/11/1984	3.588	8.627	16.430	23.478	645.000
14/11/1984	0.000	9.719	16.551	24.940	516.000
15/11/1984	5.335	11.001	15.061	25.578	351.000
16/11/1984	22.116	10.910	16.449	26.464	357.000
17/11/1984	0.000	8.343	17.699	24.218	265.000
18/11/1984	2.784	9.909	17.539	26.015	278.000
19/11/1984	0.000	9.271	18.288	25.797	444.000
20/11/1984	16.381	8.788	17.725	24.820	364.000
21/11/1984	0.280	8.607	17.590	24.536	280.000
22/11/1984	9.875	10.838	17.574	27.250	236.000
23/11/1984	32.723	7.614	19.094	24.558	375.000
24/11/1984	19.024	8.999	17.462	24.923	373.000
25/11/1984	1.252	8.646	17.172	24.305	504.000
26/11/1984	3.391	10.073	16.734	25.773	320.000
27/11/1984	8.985	8.498	18.004	24.769	606.000
28/11/1984	13.042	8.694	17.798	24.866	541.000
29/11/1984	4.265	8.071	17.012	23.503	494.000
30/11/1984	15.823	8.773	17.423	24.699	390.000
01/12/1984	8.174	9.651	16.888	25.404	391.000
02/12/1984	0.000	9.679	17.411	25.856	243.000
03/12/1984	0.651	10.383	16.337	25.997	223.000
04/12/1984	16.185	10.421	15.938	25.789	233.000
05/12/1984	0.267	10.357	16.144	25.837	216.000
06/12/1984	0.000	9.673	17.247	25.738	194.000
07/12/1984	0.491	10.553	16.407	26.286	170.000
08/12/1984	0.000	7.980	17.356	23.714	159.000
09/12/1984	0.000	7.652	18.013	23.824	189.000
10/12/1984	0.000	8.652	17.705	24.801	195.000
11/12/1984	12.646	8.212	17.262	23.952	203.000
12/12/1984	0.000	9.561	16.807	25.317	228.000
13/12/1984	0.000	9.042	17.587	25.259	219.000
14/12/1984	2.636	9.086	18.105	25.698	236.000
15/12/1984	0.000	9.909	17.122	26.042	191.000
16/12/1984	4.260	8.820	18.049	25.301	219.000
17/12/1984	22.779	8.241	16.689	23.618	472.000
18/12/1984	13.959	7.900	17.267	23.589	370.000
19/12/1984	4.509	8.286	16.962	23.855	295.000
20/12/1984	0.721	9.594	17.106	25.597	277.000
21/12/1984	6.758	9.560	16.844	25.360	204.000
22/12/1984	6.873	7.828	16.801	23.167	192.000
23/12/1984	4.642	7.395	17.231	22.971	197.000
24/12/1984	0.492	8.388	15.935	23.188	197.000
25/12/1984	4.372	9.241	16.360	24.606	190.000
26/12/1984	16.920	11.042	16.140	26.776	174.000
27/12/1984	1.674	9.731	17.362	25.897	159.000
28/12/1984	0.463	9.888	17.382	26.106	162.000
29/12/1984	2.652	11.246	15.887	26.804	153.000
30/12/1984	0.121	9.065	18.808	26.099	149.000
31/12/1984	0.000	8.798	18.557	25.590	162.000
01/01/1985	4.604	8.203	17.791	24.289	162.000
02/01/1985	19.288	9.851	17.337	25.975	171.000
03/01/1985	2.716	9.532	16.744	25.167	153.000
04/01/1985	0.000	9.168	16.817	24.733	167.000
05/01/1985	3.524	7.511	18.132	23.692	259.000
06/01/1985	0.000	8.491	17.499	24.382	340.000
07/01/1985	0.000	9.436	17.308	25.372	214.000
08/01/1985	0.000	9.591	17.395	25.612	196.000
09/01/1985	0.043	9.877	16.554	25.356	162.000
10/01/1985	0.472	9.223	17.160	24.936	138.000
11/01/1985	0.000	9.620	16.346	24.837	151.000
12/01/1985	0.253	9.220	17.395	25.081	140.000
13/01/1985	0.134	9.500	16.094	24.481	120.000
14/01/1985	0.806	9.725	15.983	24.645	117.000
15/01/1985	0.000	9.779	16.576	25.113	107.000
16/01/1985	8.703	10.508	15.631	25.356	83.000
17/01/1985	16.883	8.749	17.904	24.812	81.000
18/01/1985	0.000	8.511	18.174	24.714	75.000
19/01/1985	0.794	9.941	16.869	25.448	81.000
20/01/1985	0.000	10.178	16.548	25.529	83.000
21/01/1985	0.049	9.244	16.089	24.010	76.000
22/01/1985	0.000	8.700	16.294	23.493	74.000
23/01/1985	0.000	9.159	15.948	23.727	79.000
24/01/1985	0.000	10.238	16.376	25.371	81.000
25/01/1985	0.000	10.170	17.083	25.730	79.000
26/01/1985	0.000	9.242	16.997	24.542	93.000
27/01/1985	0.000	10.308	15.978	25.090	81.000
28/01/1985	0.000	9.168	16.013	23.696	76.000
29/01/1985	0.000	9.720	15.318	23.837	69.000
30/01/1985	0.000	10.274	17.119	25.797	67.000
31/01/1985	0.476	10.989	16.103	25.922	73.000
01/02/1985	0.000	11.979	16.315	27.244	62.000
02/02/1985	0.000	9.970	16.544	24.924	61.000
03/02/1985	0.000	11.011	15.331	25.317	58.000
04/02/1985	0.000	11.323	15.683	25.938	55.000
05/02/1985	0.000	13.026	16.221	28.390	53.000
06/02/1985	0.000	13.937	13.592	27.797	49.000
07/02/1985	0.000	12.125	16.432	27.320	47.000
08/02/1985	0.000	12.347	17.672	28.388	46.000
09/02/1985	0.743	8.956	17.467	24.285	47.000
10/02/1985	15.662	11.176	17.358	26.775	62.000
11/02/1985	10.497	12.019	17.624	27.920	57.000
12/02/1985	5.172	10.434	17.052	25.626	52.000
13/02/1985	13.753	10.369	16.782	25.379	46.000
14/02/1985	0.000	11.123	16.621	26.153	96.000
15/02/1985	0.335	9.934	17.057	24.994	65.000
16/02/1985	0.000	11.795	15.719	26.241	57.000
17/02/1985	0.000	11.091	17.520	26.666	61.000
18/02/1985	0.000	11.374	17.004	26.583	48.000
19/02/1985	5.618	10.212	18.849	26.542	44.000
20/02/1985	0.000	11.706	17.501	27.241	41.000
21/02/1985	0.156	10.145	17.061	25.138	38.000
22/02/1985	0.000	11.455	16.265	26.036	39.000
23/02/1985	22.855	10.059	17.933	25.560	39.000
24/02/1985	12.898	10.070	17.628	25.355	60.000
25/02/1985	3.110	10.248	17.961	25.760	82.000
26/02/1985	0.000	9.847	16.464	24.228	96.000
27/02/1985	0.000	9.472	17.664	24.669	70.000
28/02/1985	0.000	11.969	16.010	26.321	62.000
01/03/1985	0.000	10.850	17.571	26.115	53.000
02/03/1985	2.978	12.909	18.432	29.007	54.000
03/03/1985	14.401	12.033	18.453	28.004	50.000
04/03/1985	12.039	11.670	19.235	28.166	61.000
05/03/1985	0.787	10.083	18.926	26.189	56.000
06/03/1985	7.661	10.297	18.613	26.206	77.000
07/03/1985	4.401	9.400	18.590	25.190	91.000
08/03/1985	0.000	10.199	17.985	25.587	95.000
09/03/1985	8.462	12.798	17.740	28.276	81.000
10/03/1985	18.567	9.677	18.670	25.504	166.000
11/03/1985	3.759	9.914	18.349	25.497	159.000
12/03/1985	5.796	10.784	18.337	26.398	157.000
13/03/1985	1.149	11.588	18.109	27.109	271.000
14/03/1985	0.000	12.059	16.400	26.424	174.000
15/03/1985	0.000	11.542	17.878	26.887	113.000
16/03/1985	0.000	10.196	18.180	25.625	87.000
17/03/1985	0.000	11.284	17.786	26.493	81.000
18/03/1985	21.035	8.152	18.558	23.751	657.000
19/03/1985	0.000	9.246	18.564	24.837	296.000
20/03/1985	0.000	8.163	18.500	23.658	278.000
21/03/1985	0.000	12.417	16.182	26.599	229.000
22/03/1985	0.000	12.952	15.718	26.894	145.000
23/03/1985	0.000	12.563	16.148	26.712	117.000
24/03/1985	0.925	11.029	18.020	26.330	104.000
25/03/1985	0.000	11.846	17.702	27.058	92.000
26/03/1985	6.964	11.027	18.916	26.983	84.000
27/03/1985	20.873	10.601	18.858	26.481	123.000
28/03/1985	5.132	10.618	19.032	26.616	98.000
29/03/1985	28.694	9.409	19.250	25.510	135.000
30/03/1985	10.978	8.648	18.943	24.532	215.000
31/03/1985	13.172	8.880	17.932	23.956	310.000
01/04/1985	8.688	8.470	18.243	23.737	370.000
02/04/1985	4.348	9.375	18.839	25.156	211.000
03/04/1985	20.494	10.983	17.891	26.201	310.000
04/04/1985	0.000	9.587	17.578	24.456	220.000
05/04/1985	0.432	12.401	17.765	27.644	177.000
06/04/1985	12.403	11.644	18.440	27.307	185.000
07/04/1985	13.609	9.792	18.294	25.193	195.000
08/04/1985	8.899	9.015	18.549	24.583	211.000
09/04/1985	4.418	10.417	17.477	25.283	183.000
10/04/1985	19.297	11.235	16.767	25.703	316.000
11/04/1985	9.504	10.955	18.288	26.477	236.000
12/04/1985	3.039	10.650	18.844	26.558	190.000
13/04/1985	0.868	12.647	17.892	28.100	177.000
14/04/1985	2.852	12.402	16.642	26.959	163.000
15/04/1985	0.089	9.585	19.112	25.651	137.000
16/04/1985	0.041	10.718	18.808	26.635	109.000
17/04/1985	8.155	11.319	18.773	27.263	119.000
18/04/1985	0.000	9.656	18.946	25.628	94.000
19/04/1985	9.929	10.110	19.672	26.654	107.000
20/04/1985	18.360	7.661	19.113	23.698	113.000
21/04/1985	3.564	9.643	19.086	25.682	212.000
22/04/1985	33.627	8.519	18.469	24.071	176.000
23/04/1985	0.000	10.307	17.635	25.344	142.000
24/04/1985	20.615	9.049	18.392	24.578	191.000
25/04/1985	9.137	7.465	18.455	23.029	139.000
26/04/1985	23.331	8.993	18.318	24.465	956.000
27/04/1985	0.000	7.981	17.304	22.677	550.000
28/04/1985	0.000	9.694	17.638	24.763	279.000
29/04/1985	3.411	10.578	17.113	25.372	228.000
30/04/1985	0.722	10.235	17.709	25.424	269.000
01/05/1985	2.062	8.470	16.654	22.677	540.000
02/05/1985	0.352	11.380	16.328	25.741	413.000
03/05/1985	1.975	10.153	17.323	25.073	234.000
04/05/1985	15.160	8.367	18.154	23.810	227.000
05/05/1985	3.947	11.185	17.488	26.404	185.000
06/05/1985	3.987	9.678	17.949	25.057	214.000
07/05/1985	14.799	10.009	17.408	25.028	228.000
08/05/1985	12.378	9.536	18.750	25.528	235.000
09/05/1985	8.586	9.001	18.061	24.424	486.000
10/05/1985	4.245	8.704	17.555	23.756	284.000
11/05/1985	13.011	8.398	17.081	23.103	375.000
12/05/1985	4.528	9.251	17.270	24.134	283.000
13/05/1985	2.636	7.221	18.638	23.073	277.000
14/05/1985	12.327	9.323	16.952	24.031	295.000
15/05/1985	18.448	8.796	17.334	23.711	358.000
16/05/1985	7.549	9.793	17.605	25.028	385.000
17/05/1985	1.685	6.428	18.911	22.554	374.000
18/05/1985	9.328	10.801	16.292	25.328	386.000
19/05/1985	16.301	10.968	17.199	26.134	261.000
20/05/1985	0.145	12.166	17.267	27.609	210.000
21/05/1985	0.386	11.915	16.416	26.721	190.000
22/05/1985	14.678	11.163	16.750	26.097	191.000
23/05/1985	0.189	9.813	18.666	25.945	174.000
24/05/1985	8.714	8.413	18.222	24.099	268.000
25/05/1985	4.507	11.309	17.526	26.879	157.000
26/05/1985	13.011	9.637	17.866	25.198	127.000
27/05/1985	3.107	9.489	17.570	24.844	126.000
28/05/1985	3.115	9.498	18.068	25.202	113.000
29/05/1985	10.963	10.133	18.342	26.113	112.000
30/05/1985	0.100	9.062	18.669	25.206	105.000
31/05/1985	3.733	8.788	18.839	25.022	90.000
01/06/1985	6.891	8.119	17.965	23.600	220.000
02/06/1985	21.366	6.342	18.602	22.298	377.000
03/06/1985	3.015	7.244	17.605	22.423	244.000
04/06/1985	14.243	8.586	17.510	23.788	361.000
05/06/1985	4.310	8.992	17.690	24.397	254.000
06/06/1985	16.835	8.601	17.615	23.930	298.000
07/06/1985	2.586	9.805	17.647	25.295	318.000
08/06/1985	1.518	9.497	18.013	25.243	239.000
09/06/1985	4.413	9.433	18.015	25.160	220.000
10/06/1985	1.418	8.525	17.653	23.903	185.000
11/06/1985	0.000	10.582	16.394	25.337	155.000
12/06/1985	0.081	9.566	16.616	24.298	123.000
13/06/1985	4.497	9.829	16.782	24.730	118.000
14/06/1985	0.000	10.623	17.368	26.113	115.000
15/06/1985	2.948	9.172	17.922	24.833	102.000
16/06/1985	0.000	10.390	17.929	26.257	89.000
17/06/1985	5.294	10.734	17.722	26.504	83.000
18/06/1985	0.161	9.800	17.243	25.077	81.000
19/06/1985	2.502	9.831	17.016	24.945	77.000
20/06/1985	0.000	10.564	17.132	25.898	72.000
21/06/1985	2.084	10.034	17.182	25.270	67.000
22/06/1985	0.162	10.696	17.509	26.314	63.000
23/06/1985	3.839	11.723	17.228	27.301	60.000
24/06/1985	0.125	10.632	18.015	26.593	59.000
25/06/1985	1.921	9.947	18.792	26.371	58.000
26/06/1985	9.367	9.139	18.392	25.163	86.000
27/06/1985	1.020	11.295	17.820	27.205	78.000
28/06/1985	2.027	10.037	17.734	25.705	62.000
29/06/1985	0.671	8.391	17.349	23.554	60.000
30/06/1985	0.000	9.864	16.638	24.699	70.000
01/07/1985	0.000	10.282	16.724	25.333	59.000
02/07/1985	1.592	11.116	17.022	26.480	59.000
03/07/1985	6.239	10.098	18.137	26.067	100.000
04/07/1985	0.171	9.808	17.634	25.374	59.000
05/07/1985	0.000	10.708	17.015	25.969	51.000
06/07/1985	5.466	10.347	18.083	26.314	46.000
07/07/1985	1.191	9.248	17.836	24.849	44.000
08/07/1985	0.522	10.447	17.642	26.049	46.000
09/07/1985	0.624	9.371	17.523	24.747	47.000
10/07/1985	5.092	9.532	17.483	24.906	49.000
11/07/1985	4.561	10.520	17.866	26.310	51.000
12/07/1985	0.351	10.478	17.352	25.878	47.000
13/07/1985	0.000	10.564	16.770	25.538	39.000
14/07/1985	0.575	10.008	17.882	25.670	36.000
15/07/1985	0.258	9.458	17.703	24.913	38.000
16/07/1985	0.925	10.279	18.108	26.126	62.000
17/07/1985	3.144	11.914	16.913	27.150	45.000
18/07/1985	11.531	8.382	17.747	23.690	131.000
19/07/1985	5.990	10.744	17.634	26.312	69.000
20/07/1985	1.030	9.185	17.256	24.211	64.000
21/07/1985	3.303	8.619	18.074	24.244	61.000
22/07/1985	2.830	10.808	17.115	25.971	98.000
23/07/1985	11.006	8.984	17.644	24.235	101.000
24/07/1985	12.213	7.871	17.469	22.882	116.000
25/07/1985	16.205	8.645	16.504	23.045	186.000
26/07/1985	5.164	11.420	17.554	26.965	102.000
27/07/1985	26.294	8.947	17.811	24.336	236.000
28/07/1985	2.463	11.784	16.410	26.612	151.000
29/07/1985	3.465	9.185	17.455	24.321	97.000
30/07/1985	1.447	10.238	17.458	25.504	82.000
31/07/1985	4.415	9.668	17.574	24.936	97.000
01/08/1985	2.863	9.147	17.549	24.347	85.000
02/08/1985	0.518	10.159	17.198	25.209	73.000
03/08/1985	6.500	10.788	17.385	26.045	66.000
04/08/1985	8.091	10.383	17.423	25.605	63.000
05/08/1985	3.033	11.166	16.526	25.844	72.000
06/08/1985	19.965	9.351	17.955	24.811	97.000
07/08/1985	2.426	7.711	17.531	22.695	124.000
08/08/1985	9.588	9.688	16.318	23.975	184.000
09/08/1985	7.118	11.080	16.605	25.753	151.000
10/08/1985	0.000	9.059	16.302	23.205	117.000
11/08/1985	0.493	12.165	15.914	26.500	82.000
12/08/1985	3.865	10.382	16.859	25.083	79.000
13/08/1985	2.338	10.514	17.765	25.850	84.000
14/08/1985	16.005	10.013	17.932	25.411	95.000
15/08/1985	6.343	10.778	17.407	25.891	98.000
16/08/1985	5.596	10.035	16.983	24.744	120.000
17/08/1985	0.484	10.002	17.148	24.839	87.000
18/08/1985	16.799	9.681	17.044	24.419	142.000
19/08/1985	3.861	9.744	17.898	25.080	160.000
20/08/1985	7.602	7.861	17.622	22.844	296.000
21/08/1985	10.860	8.545	17.247	23.298	126.000
22/08/1985	3.242	10.953	16.281	25.238	132.000
23/08/1985	1.219	9.916	17.650	25.061	103.000
24/08/1985	2.259	12.524	16.874	27.439	88.000
25/08/1985	6.315	10.353	17.366	25.314	100.000
26/08/1985	1.117	7.481	18.113	22.802	149.000
27/08/1985	6.942	11.236	16.294	25.503	162.000
28/08/1985	4.417	11.271	17.605	26.513	174.000
29/08/1985	9.229	8.874	17.001	23.426	121.000
30/08/1985	12.591	9.841	17.010	24.487	140.000
31/08/1985	1.244	10.665	16.592	25.068	103.000
01/09/1985	6.727	12.103	16.503	26.696	81.000
02/09/1985	5.201	9.575	17.577	24.602	101.000
03/09/1985	1.622	10.964	18.185	26.529	77.000
04/09/1985	3.563	9.537	18.086	24.975	83.000
05/09/1985	1.341	12.019	16.814	26.740	68.000
06/09/1985	25.313	10.958	17.734	26.228	200.000
07/09/1985	6.914	10.132	17.658	25.254	150.000
08/09/1985	7.596	10.872	17.275	25.741	158.000
09/09/1985	20.162	8.877	17.945	24.057	885.000
10/09/1985	9.039	9.405	17.254	24.102	381.000
11/09/1985	10.823	9.849	17.799	25.032	307.000
12/09/1985	17.847	7.978	18.195	23.321	491.000
13/09/1985	4.729	8.472	17.936	23.647	226.000
14/09/1985	10.772	9.542	17.417	24.432	391.000
15/09/1985	7.163	11.147	16.404	25.491	313.000
16/09/1985	6.087	11.552	17.023	26.404	187.000
17/09/1985	1.621	11.240	17.235	26.241	148.000
18/09/1985	11.300	11.047	15.593	24.814	196.000
19/09/1985	8.563	11.580	17.218	26.576	198.000
20/09/1985	8.284	10.271	17.719	25.484	313.000
21/09/1985	3.731	9.647	17.640	24.753	162.000
22/09/1985	19.946	9.819	17.177	24.596	145.000
23/09/1985	5.925	10.244	17.562	25.327	161.000
24/09/1985	13.697	9.332	17.885	24.590	212.000
25/09/1985	8.372	8.873	18.055	24.212	197.000
26/09/1985	15.441	8.158	18.020	23.468	361.000
27/09/1985	7.092	8.269	17.757	23.324	242.000
28/09/1985	15.312	6.931	18.350	22.462	348.000
29/09/1985	0.000	9.425	17.051	24.083	206.000
30/09/1985	11.387	12.109	16.608	26.802	201.000
01/10/1985	9.063	7.414	18.292	22.923	220.000
02/10/1985	10.225	8.484	17.330	23.291	352.000
03/10/1985	6.601	8.473	17.830	23.711	433.000
04/10/1985	2.486	9.041	17.667	24.227	205.000
05/10/1985	2.854	9.316	17.071	24.142	151.000
06/10/1985	10.183	9.216	17.145	23.997	293.000
07/10/1985	31.365	10.011	17.894	25.449	336.000
08/10/1985	7.258	8.980	18.523	24.827	471.000
09/10/1985	24.779	8.731	18.076	24.240	554.000
10/10/1985	5.069	9.042	16.945	23.721	372.000
11/10/1985	4.120	10.941	17.137	26.016	389.000
12/10/1985	4.190	10.078	17.663	25.472	303.000
13/10/1985	0.000	10.498	17.052	25.552	210.000
14/10/1985	2.752	10.140	17.938	25.823	195.000
15/10/1985	16.228	10.787	16.760	25.702	114.000
16/10/1985	4.728	9.005	17.949	24.571	140.000
17/10/1985	19.149	8.939	18.217	24.669	104.000
18/10/1985	4.290	9.316	17.626	24.670	119.000
19/10/1985	11.504	9.011	17.336	24.118	146.000
20/10/1985	12.662	8.553	17.535	23.756	539.000
21/10/1985	7.063	9.548	17.379	24.788	331.000
22/10/1985	6.054	9.317	17.214	24.475	469.000
23/10/1985	16.718	9.937	16.763	24.872	432.000
24/10/1985	16.095	5.251	17.968	20.757	796.000
25/10/1985	11.305	9.015	17.132	24.068	523.000
26/10/1985	4.244	10.069	17.214	25.401	530.000
27/10/1985	0.535	9.920	16.379	24.629	311.000
28/10/1985	1.994	9.431	16.953	24.499	498.000
29/10/1985	19.344	8.019	17.856	23.584	342.000
30/10/1985	13.846	6.125	18.343	21.962	772.000
31/10/1985	8.895	8.823	17.442	24.182	594.000
01/11/1985	0.000	9.281	16.666	24.177	370.000
02/11/1985	1.407	9.680	17.517	25.298	287.000
03/11/1985	0.000	9.835	17.166	25.234	223.000
04/11/1985	0.000	9.374	16.948	24.619	200.000
05/11/1985	6.035	8.001	17.416	23.334	258.000
06/11/1985	0.292	8.272	16.823	23.230	365.000
07/11/1985	0.000	9.206	16.978	24.509	220.000
08/11/1985	0.831	10.094	16.068	24.900	193.000
09/11/1985	6.784	10.965	16.763	26.529	201.000
10/11/1985	25.806	9.346	17.706	25.227	199.000
11/11/1985	3.045	9.336	17.467	25.060	199.000
12/11/1985	12.873	6.282	18.430	22.385	253.000
13/11/1985	1.128	6.343	17.439	21.628	210.000
14/11/1985	50.081	4.939	17.821	20.580	1124.000
15/11/1985	0.000	8.718	16.904	23.955	508.000
16/11/1985	0.000	7.430	17.406	22.863	411.000
17/11/1985	0.000	8.951	16.996	24.355	379.000
18/11/1985	11.375	7.538	17.632	23.212	277.000
19/11/1985	6.796	7.966	17.565	23.650	228.000
20/11/1985	18.078	9.128	16.753	24.465	319.000
21/11/1985	33.950	8.041	18.240	24.281	1621.000
22/11/1985	0.915	8.768	17.609	24.680	357.000
23/11/1985	1.314	7.959	17.366	23.535	411.000
24/11/1985	3.760	7.808	17.664	23.609	591.000
25/11/1985	0.000	8.502	17.318	24.180	361.000
26/11/1985	0.000	10.362	15.565	25.291	301.000
27/11/1985	0.000	9.262	16.609	24.640	230.000
28/11/1985	0.389	8.675	17.631	24.674	315.000
29/11/1985	6.482	8.967	17.583	25.007	258.000
30/11/1985	25.689	7.465	17.310	22.988	216.000
01/12/1985	3.387	7.797	18.045	24.003	220.000
02/12/1985	44.086	7.286	18.645	23.891	621.000
03/12/1985	0.000	10.437	17.314	26.702	298.000
04/12/1985	1.442	6.490	18.250	22.661	290.000
05/12/1985	11.321	8.787	17.765	25.015	619.000
06/12/1985	9.155	8.930	17.802	25.203	649.000
07/12/1985	5.210	6.947	17.698	22.797	358.000
08/12/1985	13.282	9.603	16.517	25.140	324.000
09/12/1985	2.589	7.919	17.804	23.987	364.000
10/12/1985	0.293	8.117	18.631	24.882	311.000
11/12/1985	0.028	9.254	18.895	26.465	248.000
12/12/1985	0.052	7.941	17.849	24.116	235.000
13/12/1985	0.376	8.227	17.894	24.468	199.000
14/12/1985	0.000	8.690	16.882	24.263	193.000
15/12/1985	0.000	8.886	16.547	24.299	169.000
16/12/1985	0.000	9.352	15.767	24.360	133.000
17/12/1985	0.000	11.529	14.459	26.359	135.000
18/12/1985	0.000	10.770	16.246	26.539	122.000
19/12/1985	0.000	9.516	16.525	25.156	115.000
20/12/1985	0.000	11.329	15.089	26.526	107.000
21/12/1985	0.000	9.592	15.515	24.455	124.000
22/12/1985	0.000	10.609	16.785	26.673	102.000
23/12/1985	0.000	10.632	17.122	26.922	96.000
24/12/1985	0.000	10.032	16.347	25.619	90.000
25/12/1985	0.000	8.957	17.625	25.156	89.000
26/12/1985	0.000	9.926	16.904	25.844	85.000
27/12/1985	0.000	10.437	17.065	26.625	80.000
28/12/1985	0.000	9.219	15.515	23.904	76.000
29/12/1985	0.000	9.158	15.246	23.667	75.000
30/12/1985	0.000	10.105	14.523	24.372	99.000
31/12/1985	0.000	10.149	15.233	24.919	83.000
01/01/1986	0.000	10.640	15.948	26.036	70.000
02/01/1986	3.601	9.925	16.083	25.219	77.000
03/01/1986	0.711	11.317	16.638	27.366	67.000
04/01/1986	13.063	9.616	16.352	24.990	63.000
05/01/1986	11.718	7.641	18.215	23.923	118.000
06/01/1986	0.066	10.177	15.802	25.256	106.000
07/01/1986	0.000	10.097	17.060	26.049	102.000
08/01/1986	0.821	9.970	16.869	25.769	85.000
09/01/1986	0.000	10.907	15.866	26.254	78.000
10/01/1986	0.000	9.414	17.820	25.664	77.000
11/01/1986	0.000	10.875	16.424	26.535	66.000
12/01/1986	0.000	9.530	17.632	25.695	68.000
13/01/1986	0.000	11.385	16.480	27.202	70.000
14/01/1986	2.976	9.465	17.342	25.339	63.000
15/01/1986	3.461	10.399	17.237	26.403	83.000
16/01/1986	0.190	8.577	18.090	24.781	96.000
17/01/1986	0.000	9.486	17.124	25.144	111.000
18/01/1986	0.000	9.209	16.541	24.360	123.000
19/01/1986	0.000	9.736	17.522	25.673	93.000
20/01/1986	1.045	9.117	16.831	24.426	69.000
21/01/1986	0.000	8.336	18.320	24.586	82.000
22/01/1986	0.057	8.668	17.743	24.525	86.000
23/01/1986	2.859	9.951	16.288	24.980	92.000
24/01/1986	33.337	7.282	17.560	22.744	170.000
25/01/1986	4.830	7.902	17.826	23.642	194.000
26/01/1986	1.904	8.408	17.000	23.565	180.000
27/01/1986	30.673	6.091	17.876	21.679	446.000
28/01/1986	0.064	7.916	16.157	22.317	241.000
29/01/1986	0.000	10.925	15.422	25.478	170.000
30/01/1986	0.000	10.244	16.118	25.077	125.000
31/01/1986	35.878	8.567	16.336	23.160	401.000
01/02/1986	0.985	9.878	16.420	24.776	345.000
02/02/1986	0.000	10.933	15.922	25.693	245.000
03/02/1986	0.000	10.740	15.451	25.099	176.000
04/02/1986	0.000	9.485	16.233	24.113	136.000
05/02/1986	0.000	10.175	16.067	24.799	130.000
06/02/1986	0.000	10.193	16.064	24.781	105.000
07/02/1986	0.000	11.476	15.217	25.749	98.000
08/02/1986	0.000	11.657	15.285	25.980	89.000
09/02/1986	0.000	9.736	17.801	25.429	85.000
10/02/1986	4.304	9.273	17.885	24.923	133.000
11/02/1986	0.000	10.148	17.016	25.288	95.000
12/02/1986	4.842	11.350	15.978	25.999	89.000
13/02/1986	29.244	8.261	17.253	23.237	230.000
14/02/1986	1.519	8.960	16.250	23.278	121.000
15/02/1986	1.049	8.103	17.802	23.453	111.000
16/02/1986	5.264	7.622	17.602	22.788	137.000
17/02/1986	0.032	8.285	17.641	23.547	154.000
18/02/1986	14.310	8.438	17.452	23.525	234.000
19/02/1986	16.943	10.314	16.135	24.667	202.000
20/02/1986	2.533	10.555	15.971	24.831	213.000
21/02/1986	0.000	9.775	16.750	24.423	172.000
22/02/1986	4.373	9.654	17.246	24.608	152.000
23/02/1986	12.028	9.973	16.503	24.448	154.000
24/02/1986	18.371	9.296	17.472	24.381	222.000
25/02/1986	20.946	9.572	16.815	24.176	337.000
26/02/1986	1.381	8.619	17.517	23.616	614.000
27/02/1986	0.000	7.201	16.608	21.375	277.000
28/02/1986	0.000	9.483	16.310	23.637	185.000
01/03/1986	0.000	8.063	17.016	22.584	155.000
02/03/1986	1.359	7.391	17.160	21.956	482.000
03/03/1986	0.000	8.059	16.988	22.532	212.000
04/03/1986	0.425	10.827	17.375	25.888	149.000
05/03/1986	0.000	11.253	17.192	26.233	144.000
06/03/1986	0.000	11.633	16.108	25.863	125.000
07/03/1986	0.000	10.203	16.940	24.802	114.000
08/03/1986	0.000	11.629	16.222	25.927	114.000
09/03/1986	0.000	11.471	16.853	26.153	101.000
10/03/1986	3.112	11.219	16.371	25.491	91.000
11/03/1986	16.175	10.121	16.471	24.320	132.000
12/03/1986	1.460	9.691	16.192	23.609	129.000
13/03/1986	0.186	9.037	17.199	23.644	114.000
14/03/1986	0.834	11.657	16.719	26.206	176.000
15/03/1986	0.000	13.017	15.342	26.811	130.000
16/03/1986	1.480	11.008	16.766	25.469	101.000
17/03/1986	0.219	10.593	16.153	24.573	107.000
18/03/1986	3.890	10.832	17.529	25.804	96.000
19/03/1986	6.626	10.492	17.887	25.695	99.000
20/03/1986	12.110	10.335	18.020	25.608	83.000
21/03/1986	1.686	11.077	17.435	25.958	105.000
22/03/1986	0.349	10.625	17.237	25.344	161.000
23/03/1986	0.000	10.453	17.266	25.169	188.000
24/03/1986	0.087	11.014	16.969	25.596	103.000
25/03/1986	2.129	10.168	17.850	25.272	83.000
26/03/1986	5.142	11.551	18.087	26.943	88.000
27/03/1986	18.356	9.147	18.701	24.820	175.000
28/03/1986	0.396	9.194	18.358	24.635	100.000
29/03/1986	21.122	9.251	18.786	25.001	184.000
30/03/1986	10.438	10.924	18.635	26.645	180.000
31/03/1986	28.524	9.048	19.141	25.100	176.000
01/04/1986	9.656	9.301	18.234	24.609	324.000
02/04/1986	20.364	8.590	18.390	24.026	383.000
03/04/1986	3.024	10.672	18.337	26.202	278.000
04/04/1986	15.414	8.451	19.077	24.435	238.000
05/04/1986	15.857	8.879	18.993	24.788	372.000
06/04/1986	7.078	9.325	19.001	25.262	337.000
07/04/1986	25.912	7.965	18.017	23.054	371.000
08/04/1986	2.830	7.431	18.219	22.756	470.000
09/04/1986	17.305	8.888	18.545	24.430	415.000
10/04/1986	3.362	8.903	18.653	24.528	327.000
11/04/1986	2.607	11.086	18.198	26.539	280.000
12/04/1986	2.232	9.943	19.145	26.028	245.000
13/04/1986	11.142	9.820	18.494	25.394	174.000
14/04/1986	15.390	9.928	18.359	25.390	403.000
15/04/1986	7.582	9.158	18.608	24.846	268.000
16/04/1986	2.279	12.020	17.930	27.422	249.000
17/04/1986	29.898	7.153	18.342	22.571	556.000
18/04/1986	1.313	9.819	18.969	25.781	414.000
19/04/1986	38.460	8.020	18.344	23.499	1439.000
20/04/1986	9.787	8.070	18.304	23.458	540.000
21/04/1986	19.273	9.254	18.328	24.738	1195.000
22/04/1986	11.752	9.346	17.766	24.417	544.000
23/04/1986	40.624	9.448	18.686	25.253	1070.000
24/04/1986	3.813	8.638	18.757	24.448	481.000
25/04/1986	9.186	10.661	17.910	25.990	476.000
26/04/1986	19.595	9.201	17.898	24.453	498.000
27/04/1986	1.019	10.201	17.949	25.523	324.000
28/04/1986	23.077	7.225	19.234	23.439	423.000
29/04/1986	0.310	9.174	19.362	25.501	297.000
30/04/1986	17.540	9.004	18.802	24.881	722.000
01/05/1986	15.423	11.221	18.116	26.842	416.000
02/05/1986	1.788	10.975	18.227	26.640	280.000
03/05/1986	5.549	9.214	18.499	24.936	408.000
04/05/1986	16.024	9.441	17.802	24.657	318.000
05/05/1986	3.954	10.158	17.420	25.158	247.000
06/05/1986	3.553	9.049	17.131	23.741	236.000
07/05/1986	4.205	10.039	17.644	25.218	392.000
08/05/1986	13.956	9.107	18.391	24.778	330.000
09/05/1986	0.042	9.797	18.376	25.544	251.000
10/05/1986	17.089	7.697	19.106	23.892	524.000
11/05/1986	7.997	10.331	18.656	26.379	295.000
12/05/1986	27.314	6.528	18.517	22.272	553.000
13/05/1986	0.039	9.540	17.728	24.834	316.000
14/05/1986	7.500	10.404	18.658	26.490	262.000
15/05/1986	9.071	9.300	18.689	25.314	377.000
16/05/1986	2.750	11.683	17.955	27.465	243.000
17/05/1986	0.168	10.909	17.167	26.029	262.000
18/05/1986	9.768	10.559	18.119	26.317	255.000
19/05/1986	6.598	10.469	19.327	27.118	220.000
20/05/1986	11.513	10.052	19.135	26.517	210.000
21/05/1986	28.864	7.515	19.369	24.028	214.000
22/05/1986	5.233	9.609	17.487	24.817	190.000
23/05/1986	28.102	9.157	17.533	24.400	361.000
24/05/1986	0.567	9.050	18.087	24.660	269.000
25/05/1986	6.805	8.915	17.917	24.404	295.000
26/05/1986	14.636	6.599	18.281	22.238	424.000
27/05/1986	13.218	6.368	17.884	21.689	380.000
28/05/1986	16.248	6.911	18.474	22.712	1078.000
29/05/1986	11.861	9.417	16.840	24.183	425.000
30/05/1986	5.910	11.036	16.067	25.561	276.000
31/05/1986	4.655	9.875	17.266	25.052	240.000
01/06/1986	18.325	7.858	17.868	23.244	491.000
02/06/1986	12.029	7.605	17.442	22.645	244.000
03/06/1986	5.827	9.319	16.703	24.010	262.000
04/06/1986	13.646	10.100	16.467	24.737	298.000
05/06/1986	16.127	8.526	17.093	23.445	429.000
06/06/1986	5.495	8.330	17.653	23.647	382.000
07/06/1986	3.381	8.490	16.560	22.991	326.000
08/06/1986	1.830	8.757	16.858	23.513	269.000
09/06/1986	17.264	10.641	16.733	25.669	347.000
10/06/1986	3.612	10.198	17.908	25.972	289.000
11/06/1986	4.166	9.315	17.743	24.844	249.000
12/06/1986	6.166	10.836	16.958	26.061	241.000
13/06/1986	3.645	9.691	17.346	25.020	243.000
14/06/1986	7.001	8.790	17.672	24.231	277.000
15/06/1986	4.119	8.710	17.339	23.890	190.000
16/06/1986	0.302	10.010	17.802	25.731	172.000
17/06/1986	0.111	10.339	17.366	25.757	145.000
18/06/1986	7.662	8.209	18.628	24.328	169.000
19/06/1986	3.875	10.805	17.820	26.634	165.000
20/06/1986	2.321	9.396	18.435	25.468	135.000
21/06/1986	4.657	9.240	17.747	24.794	122.000
22/06/1986	3.858	9.538	17.996	25.346	113.000
23/06/1986	9.530	6.933	18.493	22.900	117.000
24/06/1986	9.979	8.932	18.009	24.647	289.000
25/06/1986	1.236	9.285	17.161	24.411	220.000
26/06/1986	1.930	10.450	17.984	26.378	214.000
27/06/1986	0.401	9.421	18.121	25.285	136.000
28/06/1986	0.401	9.393	18.041	25.192	128.000
29/06/1986	8.272	8.314	17.701	23.708	120.000
30/06/1986	0.953	7.676	18.097	23.349	133.000
01/07/1986	0.033	9.686	16.923	24.737	238.000
02/07/1986	0.000	9.708	17.669	25.265	131.000
03/07/1986	3.871	10.163	17.592	25.735	117.000
04/07/1986	5.857	9.271	17.927	24.943	174.000
05/07/1986	1.537	9.245	18.145	25.071	129.000
06/07/1986	6.588	9.473	17.281	24.650	157.000
07/07/1986	4.617	9.121	17.491	24.435	126.000
08/07/1986	3.695	9.954	17.170	25.151	102.000
09/07/1986	0.017	11.092	17.124	26.446	89.000
10/07/1986	2.737	10.236	17.722	25.872	79.000
11/07/1986	3.834	10.343	17.898	26.112	84.000
12/07/1986	2.014	9.433	18.148	25.260	113.000
13/07/1986	0.864	10.656	17.881	26.445	72.000
14/07/1986	0.371	9.953	18.077	25.757	77.000
15/07/1986	0.000	11.228	17.366	26.698	68.000
16/07/1986	7.327	9.601	16.610	24.292	65.000
17/07/1986	0.443	9.680	17.198	24.804	117.000
18/07/1986	7.341	9.248	17.651	24.613	106.000
19/07/1986	0.085	10.971	16.464	25.747	68.000
20/07/1986	0.000	11.311	17.304	26.721	66.000
21/07/1986	0.111	9.191	17.916	24.824	68.000
22/07/1986	13.353	8.957	18.068	24.562	80.000
23/07/1986	0.065	11.049	17.728	26.660	59.000
24/07/1986	0.000	11.037	17.539	26.507	57.000
25/07/1986	0.000	11.555	17.714	27.240	49.000
26/07/1986	0.000	10.591	16.866	25.496	44.000
27/07/1986	0.000	9.824	17.648	25.137	52.000
28/07/1986	0.000	11.995	17.759	27.735	47.000
29/07/1986	0.000	11.933	17.685	27.625	47.000
30/07/1986	6.787	11.371	16.786	26.339	45.000
31/07/1986	0.000	11.030	18.189	26.891	47.000
01/08/1986	5.364	11.161	17.602	26.602	49.000
02/08/1986	0.107	11.129	17.837	26.717	51.000
03/08/1986	1.638	11.495	16.967	26.523	46.000
04/08/1986	8.937	10.648	17.372	25.879	53.000
05/08/1986	3.469	10.967	18.045	26.664	54.000
06/08/1986	0.000	11.264	17.900	26.895	49.000
07/08/1986	0.000	11.857	17.519	27.263	40.000
08/08/1986	0.000	12.118	18.121	27.972	38.000
09/08/1986	0.000	11.976	17.871	27.610	36.000
10/08/1986	0.000	11.740	18.157	27.549	32.000
11/08/1986	4.440	10.670	18.206	26.372	33.000
12/08/1986	5.764	9.680	17.875	25.058	38.000
13/08/1986	9.731	8.298	18.010	23.641	83.000
14/08/1986	10.006	10.063	18.009	25.560	51.000
15/08/1986	0.844	10.931	16.199	25.251	39.000
16/08/1986	4.546	10.297	17.404	25.382	39.000
17/08/1986	0.419	11.097	16.578	25.667	52.000
18/08/1986	11.144	9.913	17.581	25.084	68.000
19/08/1986	0.000	10.652	16.044	24.750	54.000
20/08/1986	22.105	10.277	17.071	25.068	64.000
21/08/1986	5.643	8.403	17.390	23.227	106.000
22/08/1986	5.228	10.916	16.422	25.282	101.000
23/08/1986	1.667	11.163	16.308	25.472	73.000
24/08/1986	6.481	10.530	17.007	25.308	62.000
25/08/1986	5.034	9.673	17.001	24.343	74.000
26/08/1986	2.808	10.282	17.666	25.528	125.000
27/08/1986	0.728	11.313	17.166	26.222	62.000
28/08/1986	5.997	10.400	18.100	25.897	50.000
29/08/1986	11.814	10.448	17.057	25.188	52.000
30/08/1986	17.511	9.701	17.121	24.375	182.000
31/08/1986	2.987	10.907	16.254	25.099	81.000
01/09/1986	8.023	7.489	17.663	22.410	89.000
02/09/1986	10.403	9.739	16.132	23.647	244.000
03/09/1986	11.707	10.441	15.416	23.997	270.000
04/09/1986	4.289	8.935	17.358	23.724	134.000
05/09/1986	7.805	11.124	16.997	25.863	290.000
06/09/1986	1.518	12.094	17.279	27.170	125.000
07/09/1986	0.307	11.621	18.355	27.379	79.000
08/09/1986	1.413	12.390	17.856	27.858	62.000
09/09/1986	0.136	12.730	17.265	27.831	52.000
10/09/1986	0.854	10.263	18.350	25.847	50.000
11/09/1986	3.442	9.726	18.933	25.722	66.000
12/09/1986	4.815	8.563	19.093	24.622	68.000
13/09/1986	11.175	9.127	17.959	24.390	255.000
14/09/1986	4.418	9.526	18.188	25.026	134.000
15/09/1986	0.000	12.531	17.124	27.592	73.000
16/09/1986	0.000	10.628	17.571	25.792	54.000
17/09/1986	1.698	11.469	17.429	26.592	53.000
18/09/1986	12.997	10.243	18.562	26.057	73.000
19/09/1986	17.124	10.920	18.205	26.485	97.000
20/09/1986	7.263	10.546	18.741	26.499	102.000
21/09/1986	11.193	9.734	18.007	25.115	284.000
22/09/1986	1.386	8.911	17.824	24.067	169.000
23/09/1986	5.567	7.995	17.353	22.783	118.000
24/09/1986	26.096	9.098	18.081	24.449	182.000
25/09/1986	4.592	7.571	18.331	23.151	224.000
26/09/1986	7.260	9.367	17.321	24.288	143.000
27/09/1986	23.799	8.766	18.052	24.124	180.000
28/09/1986	7.664	6.947	19.001	23.044	311.000
29/09/1986	18.079	9.198	17.188	23.939	600.000
30/09/1986	1.243	10.125	17.497	25.212	273.000
01/10/1986	15.603	9.763	18.532	25.576	218.000
02/10/1986	8.481	7.360	18.166	22.779	600.000
03/10/1986	22.749	7.978	17.452	22.906	376.000
04/10/1986	13.407	8.573	17.862	23.812	257.000
05/10/1986	12.581	8.138	18.269	23.689	228.000
06/10/1986	18.563	9.721	17.574	24.860	283.000
07/10/1986	25.782	7.539	18.680	23.413	715.000
08/10/1986	2.364	8.703	18.852	24.769	377.000
09/10/1986	14.501	9.253	17.448	24.320	392.000
10/10/1986	4.287	7.321	18.727	23.275	300.000
11/10/1986	30.592	7.823	18.035	23.244	625.000
12/10/1986	0.435	7.707	18.381	23.423	387.000
13/10/1986	9.896	8.902	17.459	23.980	562.000
14/10/1986	6.824	7.202	17.600	22.305	317.000
15/10/1986	5.078	7.940	17.606	23.062	342.000
16/10/1986	5.959	8.398	18.092	23.935	479.000
17/10/1986	6.625	8.795	17.603	24.068	415.000
18/10/1986	14.093	7.603	17.667	22.814	767.000
19/10/1986	6.604	8.832	17.734	24.230	360.000
20/10/1986	31.368	6.695	18.359	22.462	554.000
21/10/1986	7.197	8.166	18.265	23.955	558.000
22/10/1986	22.554	9.280	18.413	25.285	493.000
23/10/1986	1.405	10.003	16.983	25.141	331.000
24/10/1986	9.399	9.297	18.605	25.465	271.000
25/10/1986	36.184	7.938	17.881	23.427	721.000
26/10/1986	23.406	4.607	18.438	20.605	1115.000
27/10/1986	8.620	8.414	17.131	23.413	708.000
28/10/1986	3.982	8.027	17.140	23.004	648.000
29/10/1986	13.689	7.671	16.949	22.513	769.000
30/10/1986	7.111	8.989	16.975	24.022	458.000
31/10/1986	10.427	8.412	17.206	23.594	465.000
01/11/1986	22.885	8.680	18.285	24.703	390.000
02/11/1986	2.060	8.128	18.834	24.525	408.000
03/11/1986	21.548	7.829	17.605	23.256	517.000
04/11/1986	6.559	7.178	18.131	22.985	432.000
05/11/1986	0.000	9.496	17.122	24.858	344.000
06/11/1986	9.893	8.682	18.308	24.830	452.000
07/11/1986	4.836	8.844	17.483	24.456	308.000
08/11/1986	4.394	8.790	18.599	25.206	303.000
09/11/1986	19.952	9.037	17.751	24.881	471.000
10/11/1986	7.041	9.062	18.118	25.199	522.000
11/11/1986	0.100	9.217	19.013	26.065	321.000
12/11/1986	8.409	8.443	18.794	25.025	282.000
13/11/1986	11.027	7.798	18.967	24.435	307.000
14/11/1986	9.128	8.799	18.342	25.137	326.000
15/11/1986	4.451	9.725	17.616	25.733	336.000
16/11/1986	0.345	9.514	17.416	25.371	306.000
17/11/1986	9.515	10.488	16.847	26.164	308.000
18/11/1986	20.861	9.144	17.866	25.246	435.000
19/11/1986	24.339	8.638	17.906	24.712	702.000
20/11/1986	16.453	9.723	17.318	25.609	475.000
21/11/1986	26.901	9.058	16.538	24.233	364.000
22/11/1986	0.614	8.327	18.371	24.741	385.000
23/11/1986	4.534	7.478	17.359	23.016	369.000
24/11/1986	3.170	8.044	17.843	24.041	638.000
25/11/1986	11.780	8.070	18.930	24.923	347.000
26/11/1986	2.545	8.267	18.307	24.690	336.000
27/11/1986	21.123	7.698	17.996	23.785	968.000
28/11/1986	0.000	8.737	16.844	24.186	478.000
29/11/1986	0.000	8.550	17.419	24.381	337.000
30/11/1986	0.000	9.787	15.698	24.683	307.000
01/12/1986	0.000	9.226	15.558	23.881	237.000
02/12/1986	0.000	10.036	15.388	24.824	204.000
03/12/1986	0.000	9.898	16.028	25.102	193.000
04/12/1986	0.000	9.394	16.920	25.156	170.000
05/12/1986	0.000	9.188	17.699	25.451	152.000
06/12/1986	2.140	8.395	18.276	24.953	140.000
07/12/1986	11.037	8.155	17.478	24.073	208.000
08/12/1986	27.533	8.647	17.956	24.990	208.000
09/12/1986	9.768	8.850	18.698	25.842	276.000
10/12/1986	4.548	8.609	18.797	25.615	137.000
11/12/1986	0.000	8.301	18.673	25.174	105.000
12/12/1986	1.198	9.947	17.962	26.625	93.000
13/12/1986	31.551	8.809	17.265	24.683	199.000
14/12/1986	0.891	8.955	16.666	24.436	174.000
15/12/1986	7.492	8.891	16.552	24.269	266.000
16/12/1986	0.000	8.513	18.017	24.922	194.000
17/12/1986	0.000	10.301	15.334	25.266	127.000
18/12/1986	0.000	9.401	17.446	25.608	114.000
19/12/1986	0.000	10.440	15.786	25.767	105.000
20/12/1986	0.000	9.108	18.663	26.137	115.000
21/12/1986	0.803	9.198	18.308	25.987	136.000
22/12/1986	0.000	8.956	18.969	26.201	108.000
23/12/1986	11.525	9.109	16.781	24.737	86.000
24/12/1986	12.593	8.619	17.910	24.945	130.000
25/12/1986	11.739	8.006	18.089	24.330	624.000
26/12/1986	0.000	8.883	19.174	26.259	188.000
27/12/1986	0.000	8.393	17.478	24.456	110.000
28/12/1986	0.000	8.501	17.753	24.674	112.000
29/12/1986	0.000	8.396	18.045	24.776	277.000
30/12/1986	3.487	9.466	16.818	25.260	171.000
31/12/1986	7.647	9.188	17.637	25.422	138.000
01/01/1987	8.626	8.322	17.629	24.355	264.000
02/01/1987	1.128	8.851	17.884	25.163	219.000
03/01/1987	0.000	10.396	16.471	26.134	176.000
04/01/1987	0.000	10.257	16.693	26.041	158.000
05/01/1987	21.082	8.990	16.603	24.356	195.000
06/01/1987	0.000	8.614	17.773	24.747	165.000
07/01/1987	2.548	6.386	18.406	22.653	179.000
08/01/1987	0.000	6.862	17.987	22.843	190.000
09/01/1987	0.000	7.291	18.658	23.834	146.000
10/01/1987	0.000	10.149	17.480	26.344	164.000
11/01/1987	0.996	9.594	16.850	25.237	147.000
12/01/1987	5.361	12.185	14.605	27.025	136.000
13/01/1987	0.000	12.096	16.554	28.180	127.000
14/01/1987	1.571	10.682	16.709	26.465	155.000
15/01/1987	0.122	11.173	17.291	27.407	127.000
16/01/1987	1.402	9.891	17.731	26.129	145.000
17/01/1987	0.000	10.531	18.914	27.719	112.000
18/01/1987	0.000	11.925	18.837	29.327	99.000
19/01/1987	0.971	9.104	17.932	25.257	93.000
20/01/1987	0.000	9.139	18.166	25.430	104.000
21/01/1987	1.013	8.157	17.887	24.062	94.000
22/01/1987	0.000	8.646	18.093	24.798	86.000
23/01/1987	27.984	8.142	18.817	24.727	299.000
24/01/1987	0.427	9.244	17.562	25.029	242.000
25/01/1987	0.000	9.516	17.574	25.369	129.000
26/01/1987	0.000	8.837	17.951	24.843	105.000
27/01/1987	0.000	9.247	16.756	24.408	110.000
28/01/1987	1.233	9.056	18.554	25.517	257.000
29/01/1987	0.000	9.344	18.487	25.808	124.000
30/01/1987	0.000	10.967	17.599	26.991	106.000
31/01/1987	10.462	8.183	18.952	24.778	102.000
01/02/1987	0.443	9.541	18.320	25.775	83.000
02/02/1987	0.000	11.901	17.775	28.193	81.000
03/02/1987	3.167	9.991	19.202	26.933	74.000
04/02/1987	0.000	10.968	17.400	26.760	68.000
05/02/1987	0.000	11.193	18.328	27.625	65.000
06/02/1987	0.000	10.641	17.238	26.201	61.000
07/02/1987	0.000	9.893	18.583	26.262	63.000
08/02/1987	18.050	8.363	17.669	23.798	124.000
09/02/1987	0.000	8.722	17.945	24.400	79.000
10/02/1987	0.000	9.097	18.105	24.933	70.000
11/02/1987	5.061	8.485	18.419	24.448	72.000
12/02/1987	18.622	9.592	17.653	25.061	90.000
13/02/1987	11.584	9.451	17.783	24.991	104.000
14/02/1987	2.176	7.138	17.874	22.520	134.000
15/02/1987	5.849	10.227	16.965	25.221	115.000
16/02/1987	2.379	10.067	18.186	25.920	82.000
17/02/1987	2.659	11.177	16.849	26.228	75.000
18/02/1987	1.592	9.349	18.714	25.493	76.000
19/02/1987	14.654	8.571	19.416	25.199	110.000
20/02/1987	0.000	11.370	17.717	26.996	89.000
21/02/1987	0.000	12.480	16.733	27.603	70.000
22/02/1987	2.787	11.635	17.506	27.185	62.000
23/02/1987	3.317	11.721	18.458	27.879	58.000
24/02/1987	0.303	12.010	17.519	27.526	60.000
25/02/1987	0.000	10.299	19.781	27.209	49.000
26/02/1987	0.000	11.759	19.077	28.256	46.000
27/02/1987	2.299	10.466	19.728	27.299	46.000
28/02/1987	1.046	11.822	18.719	28.060	52.000
01/03/1987	1.515	11.812	18.741	28.019	43.000
02/03/1987	11.998	11.171	18.814	27.347	49.000
03/03/1987	1.331	10.924	19.129	27.281	44.000
04/03/1987	13.193	9.409	18.876	25.417	52.000
05/03/1987	9.949	9.308	19.230	25.599	155.000
06/03/1987	5.051	8.833	18.157	24.224	134.000
07/03/1987	3.226	10.329	17.935	25.696	116.000
08/03/1987	3.884	9.992	17.337	24.850	173.000
09/03/1987	1.921	9.421	16.795	23.846	351.000
10/03/1987	0.000	9.380	17.449	24.219	187.000
11/03/1987	0.000	10.317	15.974	24.180	116.000
12/03/1987	0.293	10.760	17.102	25.471	89.000
13/03/1987	1.196	9.673	17.798	24.782	115.000
14/03/1987	16.300	8.187	17.289	22.783	486.000
15/03/1987	3.074	9.318	17.339	24.045	198.000
16/03/1987	0.604	9.205	16.987	23.626	133.000
17/03/1987	3.300	11.004	18.270	26.552	131.000
18/03/1987	8.526	9.851	19.198	25.980	188.000
19/03/1987	6.904	11.658	17.961	27.022	152.000
20/03/1987	8.533	12.262	17.542	27.382	144.000
21/03/1987	7.113	8.985	19.485	25.304	102.000
22/03/1987	7.474	10.779	19.282	27.003	83.000
23/03/1987	5.990	10.542	19.536	26.940	81.000
24/03/1987	11.383	11.091	17.949	26.371	275.000
25/03/1987	1.965	12.600	17.958	28.032	137.000
26/03/1987	13.408	10.631	17.642	25.634	121.000
27/03/1987	7.950	10.854	18.177	26.253	105.000
28/03/1987	9.437	9.996	18.766	25.754	102.000
29/03/1987	8.097	9.747	18.203	25.062	90.000
30/03/1987	6.903	9.602	19.253	25.706	157.000
31/03/1987	15.800	11.141	18.087	26.503	432.000
01/04/1987	4.919	9.436	18.148	24.693	324.000
02/04/1987	7.331	9.415	18.547	24.996	233.000
03/04/1987	16.737	6.568	18.804	22.375	776.000
04/04/1987	20.997	11.454	18.587	27.198	427.000
05/04/1987	6.504	9.844	18.446	25.355	245.000
06/04/1987	7.031	10.912	18.186	26.320	346.000
07/04/1987	6.472	11.108	19.129	27.208	221.000
08/04/1987	13.417	9.251	19.436	25.515	181.000
09/04/1987	1.165	10.154	18.311	25.631	167.000
10/04/1987	2.113	9.614	17.596	24.525	155.000
11/04/1987	0.942	10.988	18.490	26.686	147.000
12/04/1987	2.829	10.927	18.439	26.581	147.000
13/04/1987	0.000	12.374	18.381	28.112	120.000
14/04/1987	0.000	11.723	17.751	26.985	114.000
15/04/1987	6.408	11.134	17.731	26.304	105.000
16/04/1987	4.697	10.797	18.926	26.788	104.000
17/04/1987	4.112	10.246	18.621	25.983	95.000
18/04/1987	6.824	9.846	18.590	25.523	105.000
19/04/1987	6.441	9.838	19.586	26.298	90.000
20/04/1987	3.720	11.767	18.898	27.876	104.000
21/04/1987	19.173	10.391	19.131	26.555	83.000
22/04/1987	5.658	10.345	19.616	26.890	89.000
23/04/1987	12.972	9.739	19.235	25.967	102.000
24/04/1987	13.228	8.467	19.283	24.667	100.000
25/04/1987	17.262	9.931	18.657	25.770	105.000
26/04/1987	15.736	8.268	17.981	23.491	286.000
27/04/1987	12.650	9.284	18.391	24.876	206.000
28/04/1987	3.454	7.197	19.151	23.365	377.000
29/04/1987	32.737	8.877	18.567	24.586	400.000
30/04/1987	12.597	9.188	18.384	24.792	301.000
01/05/1987	12.291	7.282	18.247	22.688	718.000
02/05/1987	3.700	9.747	18.355	25.368	379.000
03/05/1987	19.653	10.040	17.836	25.369	388.000
04/05/1987	6.496	9.110	18.635	24.955	349.000
05/05/1987	5.724	7.883	18.358	23.496	440.000
06/05/1987	0.003	8.713	17.440	23.622	386.000
07/05/1987	11.974	8.995	17.993	24.404	725.000
08/05/1987	0.074	10.569	17.999	26.124	406.000
09/05/1987	5.194	10.576	17.878	26.023	342.000
10/05/1987	30.691	9.657	18.516	25.512	425.000
11/05/1987	0.081	10.958	18.699	27.097	289.000
12/05/1987	1.388	9.904	18.820	26.023	242.000
13/05/1987	13.988	10.948	19.240	27.487	199.000
14/05/1987	10.702	10.070	18.388	25.897	206.000
15/05/1987	5.495	10.121	18.438	26.049	240.000
16/05/1987	22.997	8.853	17.923	24.286	529.000
17/05/1987	19.725	8.720	18.219	24.327	287.000
18/05/1987	7.441	11.258	17.270	26.536	311.000
19/05/1987	0.000	11.592	18.717	27.901	255.000
20/05/1987	12.590	9.373	19.164	25.818	241.000
21/05/1987	14.190	9.161	18.141	24.808	582.000
22/05/1987	10.453	8.138	18.778	24.224	409.000
23/05/1987	21.295	8.188	18.640	24.163	1333.000
24/05/1987	13.384	7.421	17.474	22.448	855.000
25/05/1987	16.684	10.751	17.712	26.342	529.000
26/05/1987	1.118	11.034	18.387	27.169	351.000
27/05/1987	12.230	9.743	18.760	25.972	749.000
28/05/1987	8.831	11.635	17.141	26.990	372.000
29/05/1987	0.151	11.985	16.904	27.269	294.000
30/05/1987	0.000	11.537	18.320	27.730	265.000
31/05/1987	0.000	9.757	18.647	25.961	211.000
01/06/1987	0.473	10.051	17.676	25.549	224.000
02/06/1987	1.070	9.540	18.565	25.685	218.000
03/06/1987	1.244	9.496	18.110	25.282	188.000
04/06/1987	21.714	8.630	17.305	23.734	224.000
05/06/1987	7.447	8.268	18.456	24.201	183.000
06/06/1987	9.621	6.415	18.802	22.619	263.000
07/06/1987	15.893	9.454	18.475	25.557	249.000
08/06/1987	5.624	10.334	18.988	26.926	224.000
09/06/1987	0.168	9.118	18.570	25.214	289.000
10/06/1987	0.000	10.013	18.631	26.298	210.000
11/06/1987	4.862	9.252	19.401	26.044	196.000
12/06/1987	2.288	10.997	18.776	27.545	192.000
13/06/1987	6.786	10.104	18.193	26.125	231.000
14/06/1987	8.022	8.877	17.907	24.538	172.000
15/06/1987	5.753	9.539	17.477	24.955	162.000
16/06/1987	1.212	10.663	17.831	26.525	178.000
17/06/1987	0.568	10.859	18.808	27.461	150.000
18/06/1987	0.651	8.913	18.430	25.007	135.000
19/06/1987	10.354	10.066	19.336	26.938	131.000
20/06/1987	0.568	9.235	19.269	25.926	136.000
21/06/1987	1.746	10.754	18.109	26.810	133.000
22/06/1987	0.266	10.611	18.408	26.872	118.000
23/06/1987	1.604	8.862	19.145	25.488	112.000
24/06/1987	11.817	9.544	19.055	26.129	165.000
25/06/1987	1.191	9.302	18.500	25.416	116.000
26/06/1987	0.000	10.282	18.554	26.570	97.000
27/06/1987	2.273	9.683	19.581	26.685	92.000
28/06/1987	0.000	11.087	18.856	27.733	90.000
29/06/1987	0.000	9.771	18.531	25.994	82.000
30/06/1987	0.000	9.387	19.251	26.089	79.000
01/07/1987	11.630	10.418	18.339	26.578	85.000
02/07/1987	11.585	10.886	17.693	26.757	106.000
03/07/1987	4.731	9.484	18.568	25.719	115.000
04/07/1987	11.257	9.761	18.664	26.077	121.000
05/07/1987	2.880	8.745	19.201	25.344	152.000
06/07/1987	0.075	9.216	19.234	25.865	105.000
07/07/1987	0.117	11.299	17.823	27.233	83.000
08/07/1987	5.147	9.865	17.560	25.384	91.000
09/07/1987	11.743	9.889	19.401	26.751	116.000
10/07/1987	2.942	9.990	19.375	26.820	98.000
11/07/1987	4.644	9.591	18.862	26.006	97.000
12/07/1987	0.000	11.575	18.281	27.828	80.000
13/07/1987	3.588	11.407	18.701	27.924	92.000
14/07/1987	5.023	10.330	18.672	26.666	83.000
15/07/1987	4.070	10.531	19.151	27.218	97.000
16/07/1987	0.317	11.728	18.670	28.249	78.000
17/07/1987	18.135	9.828	18.594	26.019	219.000
18/07/1987	6.416	9.256	17.587	24.642	176.000
19/07/1987	6.316	10.088	17.499	25.459	165.000
20/07/1987	3.650	11.837	18.871	28.442	134.000
21/07/1987	10.865	10.812	19.060	27.395	97.000
22/07/1987	17.224	9.992	17.936	25.650	162.000
23/07/1987	2.703	9.897	18.939	26.275	132.000
24/07/1987	13.794	7.738	18.901	23.983	193.000
25/07/1987	13.725	9.805	18.150	25.564	330.000
26/07/1987	14.050	9.676	18.746	25.868	284.000
27/07/1987	23.852	10.144	17.576	25.560	296.000
28/07/1987	6.722	9.133	16.969	23.926	338.000
29/07/1987	7.976	9.369	18.621	25.445	291.000
30/07/1987	14.779	9.470	18.629	25.536	372.000
31/07/1987	13.857	8.678	19.001	24.953	336.000
01/08/1987	24.178	7.315	17.734	22.443	427.000
02/08/1987	7.770	9.105	17.660	24.349	263.000
03/08/1987	4.826	8.445	16.856	23.019	458.000
04/08/1987	0.666	11.114	16.919	26.061	236.000
05/08/1987	7.098	10.336	17.263	25.445	398.000
06/08/1987	12.265	9.565	17.432	24.653	286.000
07/08/1987	8.750	11.325	17.983	27.035	281.000
08/08/1987	5.562	10.034	18.262	25.772	254.000
09/08/1987	4.779	10.403	17.202	25.453	434.000
10/08/1987	0.806	10.499	17.020	25.371	210.000
11/08/1987	10.026	9.670	18.233	25.331	209.000
12/08/1987	9.966	8.642	18.340	24.263	260.000
13/08/1987	9.272	10.151	17.920	25.589	275.000
14/08/1987	0.000	10.521	18.010	26.142	183.000
15/08/1987	0.000	11.471	18.132	27.219	153.000
16/08/1987	2.776	10.568	18.682	26.584	154.000
17/08/1987	0.611	11.078	17.733	26.462	139.000
18/08/1987	7.226	9.936	18.254	25.555	176.000
19/08/1987	2.097	11.249	18.673	27.305	119.000
20/08/1987	0.000	10.839	17.783	26.224	103.000
21/08/1987	4.136	10.654	18.862	26.766	134.000
22/08/1987	1.534	11.168	17.609	26.398	95.000
23/08/1987	1.043	11.832	18.525	27.788	89.000
24/08/1987	1.824	11.535	19.017	27.792	77.000
25/08/1987	0.154	11.273	19.468	27.812	69.000
26/08/1987	1.334	12.096	19.161	28.475	80.000
27/08/1987	6.866	9.805	18.594	25.625	65.000
28/08/1987	9.495	10.468	17.433	25.433	148.000
29/08/1987	3.982	10.465	18.349	26.124	117.000
30/08/1987	15.179	10.725	17.827	26.052	198.000
31/08/1987	6.362	10.892	18.488	26.733	194.000
01/09/1987	19.253	10.109	19.323	26.474	171.000
02/09/1987	0.227	11.221	17.320	26.176	100.000
03/09/1987	9.628	8.541	18.584	24.266	136.000
04/09/1987	9.146	9.728	17.969	25.041	227.000
05/09/1987	7.894	8.409	18.263	23.824	433.000
06/09/1987	5.782	9.443	18.089	24.839	270.000
07/09/1987	1.992	11.710	18.097	27.275	203.000
08/09/1987	4.461	10.139	19.375	26.509	149.000
09/09/1987	18.523	9.443	18.376	25.057	280.000
10/09/1987	1.689	11.027	17.926	26.427	185.000
11/09/1987	8.418	10.824	17.135	25.645	145.000
12/09/1987	2.788	11.049	18.725	27.023	107.000
13/09/1987	0.000	12.230	18.724	28.295	94.000
14/09/1987	30.905	9.219	18.467	24.843	309.000
15/09/1987	9.583	9.309	18.968	25.311	300.000
16/09/1987	11.171	11.183	19.272	27.594	335.000
17/09/1987	10.896	10.235	18.650	26.151	196.000
18/09/1987	3.824	12.069	17.257	27.157	221.000
19/09/1987	3.368	10.044	18.113	25.536	175.000
20/09/1987	4.965	10.681	17.831	26.036	186.000
21/09/1987	15.713	10.041	17.794	25.270	170.000
22/09/1987	7.777	10.799	16.698	25.324	163.000
23/09/1987	10.966	10.237	17.750	25.468	277.000
24/09/1987	20.354	10.663	18.375	26.392	609.000
25/09/1987	4.128	9.002	18.695	24.866	272.000
26/09/1987	9.499	9.188	17.413	24.096	801.000
27/09/1987	7.298	11.574	16.969	26.446	263.000
28/09/1987	2.150	11.112	18.840	27.270	189.000
29/09/1987	25.483	9.849	18.571	25.683	239.000
30/09/1987	22.473	6.794	18.956	22.836	388.000
01/10/1987	1.439	8.728	17.956	24.017	260.000
02/10/1987	5.222	10.483	17.674	25.724	324.000
03/10/1987	25.180	6.820	18.062	22.158	387.000
04/10/1987	12.347	9.544	19.010	25.743	450.000
05/10/1987	3.653	8.826	18.642	24.722	372.000
06/10/1987	4.949	7.723	18.544	23.547	310.000
07/10/1987	6.563	8.174	17.958	23.573	251.000
08/10/1987	4.624	8.555	17.967	23.987	293.000
09/10/1987	32.082	7.604	18.249	23.145	728.000
10/10/1987	3.933	8.065	17.831	23.349	483.000
11/10/1987	6.977	10.095	18.382	25.981	371.000
12/10/1987	17.958	10.564	17.542	25.916	476.000
13/10/1987	16.316	9.140	18.507	25.092	447.000
14/10/1987	18.944	8.344	18.624	24.285	571.000
15/10/1987	8.594	8.940	19.032	25.275	556.000
16/10/1987	11.562	9.594	19.310	26.209	655.000
17/10/1987	21.078	6.244	19.770	23.157	821.000
18/10/1987	16.924	7.465	19.615	24.221	651.000
19/10/1987	2.141	6.785	18.532	22.696	418.000
20/10/1987	2.788	7.718	18.808	23.933	390.000
21/10/1987	9.464	8.762	18.004	24.458	380.000
22/10/1987	11.076	9.385	18.301	25.328	483.000
23/10/1987	13.370	9.694	18.526	25.878	316.000
24/10/1987	12.131	9.760	18.394	25.863	438.000
25/10/1987	7.814	9.238	18.180	25.126	365.000
26/10/1987	21.378	8.403	19.156	24.945	491.000
27/10/1987	43.941	6.905	19.317	23.558	723.000
28/10/1987	14.193	7.493	18.946	23.901	617.000
29/10/1987	4.603	8.840	18.581	25.071	577.000
30/10/1987	11.902	7.528	18.249	23.346	778.000
31/10/1987	0.418	9.421	17.307	24.824	656.000
01/11/1987	0.367	8.995	18.674	25.340	997.000
02/11/1987	3.115	8.394	18.282	24.376	687.000
03/11/1987	0.780	9.033	18.624	25.390	527.000
04/11/1987	0.000	9.037	17.478	24.565	490.000
05/11/1987	3.219	10.446	17.299	26.183	478.000
06/11/1987	1.329	7.099	18.968	23.628	283.000
07/11/1987	20.206	11.382	17.250	27.340	526.000
08/11/1987	4.971	10.981	15.049	25.368	278.000
09/11/1987	0.000	10.701	17.481	26.717	265.000
10/11/1987	0.000	10.472	17.408	26.390	228.000
11/11/1987	2.214	11.459	17.513	27.695	228.000
12/11/1987	0.000	10.084	18.459	26.741	219.000
13/11/1987	14.385	10.014	17.422	25.906	194.000
14/11/1987	15.293	9.833	18.257	26.305	231.000
15/11/1987	4.892	9.249	18.693	25.940	565.000
16/11/1987	5.674	9.723	17.712	25.820	221.000
17/11/1987	10.193	9.786	18.416	26.404	305.000
18/11/1987	0.000	8.873	19.190	25.959	313.000
19/11/1987	9.849	9.045	19.110	26.078	347.000
20/11/1987	30.753	7.255	18.942	23.958	927.000
21/11/1987	5.306	6.751	17.843	22.501	339.000
22/11/1987	1.202	8.967	17.400	24.767	294.000
23/11/1987	2.813	10.319	16.129	25.531	235.000
24/11/1987	1.418	9.991	17.265	25.959	228.000
25/11/1987	26.108	7.074	18.930	23.802	294.000
26/11/1987	0.658	9.509	18.169	26.093	254.000
27/11/1987	21.241	8.668	18.853	25.610	363.000
28/11/1987	2.542	8.088	17.539	23.908	406.000
29/11/1987	9.000	9.616	18.747	26.650	584.000
30/11/1987	35.097	6.853	18.586	23.347	460.000
01/12/1987	3.024	8.326	17.174	23.958	610.000
02/12/1987	0.490	8.533	18.193	25.003	403.000
03/12/1987	1.599	9.347	17.762	25.648	324.000
04/12/1987	8.694	9.710	18.019	26.288	335.000
05/12/1987	18.866	8.444	18.922	25.462	376.000
06/12/1987	3.759	8.774	17.858	25.073	438.000
07/12/1987	7.323	7.354	18.113	23.571	252.000
08/12/1987	0.824	10.840	16.436	26.666	333.000
09/12/1987	0.000	9.812	17.356	26.028	243.000
10/12/1987	2.251	7.690	17.959	23.862	293.000
11/12/1987	8.682	9.564	18.436	26.529	693.000
12/12/1987	0.351	8.597	18.833	25.647	259.000
13/12/1987	0.000	8.810	18.757	25.856	231.000
14/12/1987	0.901	9.802	18.032	26.519	234.000
15/12/1987	0.000	9.939	17.038	26.013	206.000
16/12/1987	0.000	10.400	17.445	26.879	201.000
17/12/1987	0.000	10.316	16.480	26.151	171.000
18/12/1987	0.000	11.808	15.964	27.744	161.000
19/12/1987	0.000	10.182	17.286	26.504	146.000
20/12/1987	0.000	9.034	19.555	26.715	137.000
21/12/1987	0.573	10.583	17.581	27.228	140.000
22/12/1987	0.000	10.418	17.047	26.651	118.000
23/12/1987	0.000	10.176	17.584	26.721	114.000
24/12/1987	0.000	9.730	18.249	26.632	109.000
25/12/1987	0.000	11.885	17.343	28.733	104.000
26/12/1987	3.941	9.447	18.009	26.125	99.000
27/12/1987	0.000	10.395	17.567	26.951	106.000
28/12/1987	6.902	7.678	18.603	24.365	107.000
29/12/1987	1.860	9.001	17.831	25.359	103.000
30/12/1987	3.382	8.365	17.856	24.580	123.000
31/12/1987	31.832	9.430	17.571	25.670	109.000
01/01/1988	0.000	9.490	17.722	25.831	86.000
02/01/1988	0.670	8.609	18.609	25.426	108.000
03/01/1988	0.044	8.791	18.083	25.217	95.000
04/01/1988	0.000	8.042	18.453	24.594	90.000
05/01/1988	2.264	8.184	18.589	24.868	85.000
06/01/1988	0.000	9.324	17.712	25.580	83.000
07/01/1988	0.000	10.109	17.254	26.215	85.000
08/01/1988	0.416	9.907	17.266	25.958	108.000
09/01/1988	0.000	9.843	18.193	26.519	87.000
10/01/1988	0.094	7.708	19.439	24.907	89.000
11/01/1988	0.300	8.669	18.263	25.125	84.000
12/01/1988	0.021	9.112	17.334	24.933	89.000
13/01/1988	0.000	8.506	17.606	24.375	85.000
14/01/1988	0.000	8.812	18.128	25.110	77.000
15/01/1988	0.000	9.093	18.097	25.435	82.000
16/01/1988	6.395	8.514	17.754	24.453	204.000
17/01/1988	0.380	9.016	18.080	25.282	276.000
18/01/1988	0.000	10.083	17.366	26.025	124.000
19/01/1988	0.000	10.032	17.003	25.728	98.000
20/01/1988	0.034	9.138	18.661	25.817	116.000
21/01/1988	0.000	9.990	17.504	25.984	116.000
22/01/1988	0.000	10.839	16.233	26.078	84.000
23/01/1988	0.055	10.027	17.025	25.609	99.000
24/01/1988	0.000	11.013	16.826	26.677	98.000
25/01/1988	0.286	10.259	17.642	26.333	93.000
26/01/1988	0.000	10.428	16.891	25.943	105.000
27/01/1988	0.000	10.683	16.169	25.711	84.000
28/01/1988	0.416	10.068	17.709	26.006	69.000
29/01/1988	28.762	9.511	17.916	25.462	139.000
30/01/1988	28.520	10.222	17.422	25.959	165.000
31/01/1988	0.000	10.514	17.850	26.576	106.000
01/02/1988	0.000	12.656	17.365	28.805	94.000
02/02/1988	30.165	9.970	18.432	26.310	98.000
03/02/1988	3.799	9.825	19.292	26.747	119.000
04/02/1988	22.989	7.268	18.526	23.346	164.000
05/02/1988	0.000	7.479	18.554	23.573	166.000
06/02/1988	0.000	10.159	17.570	25.846	151.000
07/02/1988	15.569	8.580	18.028	24.327	139.000
08/02/1988	3.994	10.794	18.519	27.174	112.000
09/02/1988	29.148	8.354	18.898	24.717	157.000
10/02/1988	0.000	9.198	17.756	24.744	119.000
11/02/1988	25.552	9.000	17.177	24.078	208.000
12/02/1988	0.000	9.433	18.051	25.209	137.000
13/02/1988	0.000	9.383	17.243	24.525	336.000
14/02/1988	0.000	8.576	17.812	24.015	224.000
15/02/1988	0.000	11.447	18.013	27.423	149.000
16/02/1988	0.000	10.252	18.679	26.545	120.000
17/02/1988	0.000	11.440	17.686	27.151	106.000
18/02/1988	0.000	11.080	18.908	27.618	100.000
19/02/1988	0.000	10.656	18.286	26.635	92.000
20/02/1988	0.000	11.504	19.195	28.196	79.000
21/02/1988	0.000	10.143	18.218	25.980	85.000
22/02/1988	0.000	9.023	18.815	25.158	77.000
23/02/1988	0.000	10.475	19.497	27.196	76.000
24/02/1988	0.242	8.963	19.705	25.718	100.000
25/02/1988	0.000	10.194	18.411	26.094	123.000
26/02/1988	0.435	8.528	18.616	24.372	120.000
27/02/1988	0.023	7.180	18.571	22.936	376.000
28/02/1988	0.000	8.404	18.047	23.782	267.000
29/02/1988	0.000	9.238	18.073	24.660	186.000
01/03/1988	0.707	9.644	17.522	24.717	152.000
02/03/1988	0.032	10.249	16.898	24.884	140.000
03/03/1988	0.000	10.855	18.196	26.462	110.000
04/03/1988	0.000	12.645	17.064	27.685	96.000
05/03/1988	0.000	11.407	18.055	27.062	92.000
06/03/1988	0.190	12.282	16.424	26.791	91.000
07/03/1988	0.000	11.924	17.244	26.942	86.000
08/03/1988	0.000	10.640	17.516	25.657	77.000
09/03/1988	0.490	9.344	17.722	24.375	76.000
10/03/1988	0.874	11.496	17.177	26.358	77.000
11/03/1988	0.514	11.983	16.392	26.344	73.000
12/03/1988	0.000	12.773	16.705	27.472	72.000
13/03/1988	0.637	9.844	17.083	24.440	70.000
14/03/1988	0.082	10.988	16.571	25.301	69.000
15/03/1988	2.185	11.627	16.202	25.782	72.000
16/03/1988	4.323	10.599	16.525	24.844	76.000
17/03/1988	4.540	10.319	16.638	24.605	73.000
18/03/1988	0.000	10.909	18.070	26.278	74.000
19/03/1988	1.366	13.690	17.876	29.224	70.000
20/03/1988	0.856	12.526	17.474	27.645	67.000
21/03/1988	0.000	11.594	18.188	27.084	65.000
22/03/1988	8.175	13.677	17.814	29.150	70.000
23/03/1988	0.000	12.303	17.583	27.471	68.000
24/03/1988	0.000	13.754	17.379	28.961	67.000
25/03/1988	0.000	12.380	19.593	28.993	67.000
26/03/1988	0.000	11.974	18.782	27.911	66.000
27/03/1988	0.000	11.173	18.619	26.935	66.000
28/03/1988	0.000	11.252	18.390	26.815	75.000
29/03/1988	0.000	10.175	19.731	26.641	77.000
30/03/1988	12.212	9.892	19.602	26.246	87.000
31/03/1988	27.578	10.202	18.839	26.038	120.000
01/04/1988	4.576	10.596	19.295	26.757	84.000
02/04/1988	6.362	9.456	18.603	25.061	224.000
03/04/1988	6.003	10.871	18.640	26.581	154.000
04/04/1988	24.524	9.416	19.352	25.574	196.000
05/04/1988	8.001	11.486	18.609	27.225	167.000
06/04/1988	16.514	7.308	19.267	23.424	225.000
07/04/1988	20.267	9.564	18.920	25.427	175.000
08/04/1988	4.958	9.219	19.007	25.161	307.000
09/04/1988	6.614	6.721	19.847	23.448	147.000
10/04/1988	6.518	7.831	19.517	24.156	203.000
11/04/1988	6.929	8.337	19.013	24.262	469.000
12/04/1988	6.865	9.230	19.281	25.416	309.000
13/04/1988	6.965	8.365	18.174	23.656	601.000
14/04/1988	4.735	11.362	18.496	27.089	627.000
15/04/1988	3.773	8.999	18.385	24.465	279.000
16/04/1988	7.035	10.672	17.642	25.718	452.000
17/04/1988	0.000	8.930	18.714	24.654	235.000
18/04/1988	7.293	11.558	18.052	27.000	209.000
19/04/1988	3.417	10.611	18.722	26.451	194.000
20/04/1988	3.984	10.596	18.432	26.240	224.000
21/04/1988	7.164	10.524	18.881	26.496	334.000
22/04/1988	2.273	8.804	19.324	25.035	225.000
23/04/1988	1.945	9.256	18.324	24.775	226.000
24/04/1988	1.575	11.474	18.065	26.987	205.000
25/04/1988	4.160	11.004	18.304	26.640	187.000
26/04/1988	9.115	9.571	18.560	25.307	315.000
27/04/1988	8.357	8.499	18.728	24.302	243.000
28/04/1988	4.748	10.310	18.472	26.048	379.000
29/04/1988	7.862	9.014	19.173	25.215	242.000
30/04/1988	41.603	9.948	18.933	26.007	402.000
01/05/1988	0.000	9.647	18.869	25.676	305.000
02/05/1988	21.804	8.058	19.350	24.382	428.000
03/05/1988	0.000	10.320	18.212	25.922	255.000
04/05/1988	12.884	8.144	18.163	23.580	255.000
05/05/1988	1.365	11.082	16.895	25.852	281.000
06/05/1988	2.404	9.984	18.525	25.798	669.000
07/05/1988	2.290	9.957	18.269	25.624	304.000
08/05/1988	2.178	9.387	18.376	25.094	300.000
09/05/1988	17.230	9.720	18.589	25.651	576.000
10/05/1988	8.438	8.532	19.503	25.086	408.000
11/05/1988	0.612	10.509	18.440	26.440	292.000
12/05/1988	23.541	9.559	18.433	25.376	369.000
13/05/1988	3.891	10.359	17.676	25.698	236.000
14/05/1988	31.929	9.197	18.074	24.721	703.000
15/05/1988	0.000	9.867	17.927	25.374	428.000
16/05/1988	1.281	9.462	17.922	24.908	556.000
17/05/1988	1.501	9.174	19.475	25.833	339.000
18/05/1988	13.083	8.169	18.467	23.962	485.000
19/05/1988	4.236	10.443	16.975	25.374	265.000
20/05/1988	12.617	10.102	17.916	25.693	461.000
21/05/1988	0.000	9.622	18.750	25.862	227.000
22/05/1988	7.945	10.197	18.318	26.154	276.000
23/05/1988	0.000	9.192	18.603	25.224	192.000
24/05/1988	0.483	9.308	19.645	26.196	169.000
25/05/1988	14.447	9.861	19.413	26.590	170.000
26/05/1988	32.655	9.666	19.297	26.295	370.000
27/05/1988	2.557	9.910	18.173	25.759	237.000
28/05/1988	5.527	8.998	17.972	24.619	200.000
29/05/1988	0.270	8.957	18.042	24.583	221.000
30/05/1988	17.617	10.227	17.862	25.900	387.000
31/05/1988	4.575	8.667	18.020	24.282	228.000
01/06/1988	9.724	8.133	17.548	23.331	286.000
02/06/1988	14.269	8.705	18.337	24.589	426.000
03/06/1988	5.330	8.138	17.856	23.603	254.000
04/06/1988	1.711	7.946	18.497	23.853	204.000
05/06/1988	0.000	10.343	18.215	26.352	178.000
06/06/1988	0.000	9.660	18.391	25.696	162.000
07/06/1988	6.941	10.704	16.881	25.821	179.000
08/06/1988	0.224	11.033	17.719	26.802	160.000
09/06/1988	4.373	10.023	17.353	25.371	190.000
10/06/1988	7.295	9.886	18.878	26.317	209.000
11/06/1988	1.916	8.214	18.276	24.000	152.000
12/06/1988	1.883	7.669	18.218	23.403	131.000
13/06/1988	0.018	9.381	17.539	24.760	194.000
14/06/1988	2.265	9.442	17.474	24.808	253.000
15/06/1988	0.186	9.984	17.301	25.291	317.000
16/06/1988	0.000	8.476	16.999	23.368	246.000
17/06/1988	34.988	8.083	17.606	23.404	851.000
18/06/1988	15.542	6.613	17.763	21.952	580.000
19/06/1988	0.000	8.555	16.150	22.815	338.000
20/06/1988	11.569	7.270	17.843	22.714	250.000
21/06/1988	8.763	8.816	17.148	23.853	219.000
22/06/1988	10.181	9.996	16.762	24.980	196.000
23/06/1988	25.097	9.282	18.308	25.270	222.000
24/06/1988	0.914	9.530	16.882	24.513	262.000
25/06/1988	0.063	7.476	16.811	22.113	514.000
26/06/1988	0.036	8.580	16.696	23.237	318.000
27/06/1988	0.729	11.315	14.939	25.266	330.000
28/06/1988	10.874	9.619	16.478	24.333	310.000
29/06/1988	24.143	8.343	17.709	23.756	286.000
30/06/1988	2.057	9.713	17.465	25.119	277.000
01/07/1988	12.724	8.588	17.679	24.035	212.000
02/07/1988	9.791	8.362	16.753	23.074	258.000
03/07/1988	11.892	8.567	18.078	24.273	244.000
04/07/1988	7.144	8.504	17.978	24.164	233.000
05/07/1988	8.808	8.288	17.499	23.517	284.000
06/07/1988	1.326	7.410	17.035	22.163	329.000
07/07/1988	6.358	8.990	16.625	23.644	303.000
08/07/1988	8.174	9.798	17.042	24.892	343.000
09/07/1988	1.110	10.645	17.834	26.448	306.000
10/07/1988	2.374	9.743	18.179	25.634	237.000
11/07/1988	5.849	9.586	17.808	25.172	233.000
12/07/1988	0.034	9.222	17.436	24.462	261.000
13/07/1988	2.545	10.632	17.381	26.052	195.000
14/07/1988	0.000	10.513	16.650	25.368	158.000
15/07/1988	0.000	10.702	16.831	25.735	141.000
16/07/1988	1.961	10.210	17.218	25.413	123.000
17/07/1988	0.233	10.282	17.052	25.360	132.000
18/07/1988	5.440	9.688	17.544	25.028	129.000
19/07/1988	4.564	9.749	18.205	25.577	147.000
20/07/1988	1.066	9.379	17.606	24.711	151.000
21/07/1988	0.000	10.859	17.786	26.506	109.000
22/07/1988	0.487	9.798	17.882	25.375	102.000
23/07/1988	17.735	9.143	18.688	25.249	109.000
24/07/1988	0.961	7.874	19.330	24.397	95.000
25/07/1988	0.339	10.989	17.142	26.198	90.000
26/07/1988	9.246	10.682	18.282	26.629	200.000
27/07/1988	2.699	8.885	18.086	24.423	155.000
28/07/1988	5.747	11.024	17.673	26.515	172.000
29/07/1988	4.661	10.861	17.535	26.233	119.000
30/07/1988	19.151	8.651	17.020	23.424	219.000
31/07/1988	1.155	10.116	18.099	25.810	165.000
01/08/1988	11.746	9.816	17.520	25.001	211.000
02/08/1988	21.499	9.137	18.427	24.959	293.000
03/08/1988	10.723	9.509	18.128	25.103	430.000
04/08/1988	18.250	10.053	17.459	25.205	251.000
05/08/1988	0.000	10.896	18.340	26.783	300.000
06/08/1988	2.567	8.676	19.394	25.164	195.000
07/08/1988	1.484	9.826	17.600	25.029	187.000
08/08/1988	20.473	8.072	18.203	23.597	399.000
09/08/1988	5.237	10.142	18.122	25.760	192.000
10/08/1988	0.455	10.107	18.397	25.919	197.000
11/08/1988	0.169	7.749	17.836	22.914	325.000
12/08/1988	6.862	10.098	16.196	24.256	170.000
13/08/1988	0.000	10.764	16.788	25.440	190.000
14/08/1988	10.233	9.542	17.799	24.818	138.000
15/08/1988	2.198	9.472	16.709	23.949	153.000
16/08/1988	8.164	10.450	16.807	25.129	204.000
17/08/1988	1.814	8.221	17.487	23.097	195.000
18/08/1988	5.037	10.149	17.295	25.045	175.000
19/08/1988	9.171	10.027	17.192	24.834	234.000
20/08/1988	4.630	8.217	17.922	23.424	204.000
21/08/1988	9.559	8.432	17.959	23.661	572.000
22/08/1988	1.718	8.324	17.193	22.930	461.000
23/08/1988	9.819	11.302	17.156	26.212	281.000
24/08/1988	11.996	9.982	18.044	25.385	278.000
25/08/1988	30.774	9.053	17.715	24.122	712.000
26/08/1988	2.820	8.738	17.602	23.679	437.000
27/08/1988	15.228	7.378	17.903	22.536	536.000
28/08/1988	0.897	11.539	16.980	26.349	346.000
29/08/1988	1.946	8.928	17.350	23.744	270.000
30/08/1988	4.125	8.420	16.799	22.749	481.000
31/08/1988	23.913	7.326	18.009	22.538	352.000
01/09/1988	0.347	10.127	17.983	25.458	333.000
02/09/1988	5.129	11.279	17.221	26.188	283.000
03/09/1988	4.307	9.834	17.895	25.042	390.000
04/09/1988	8.640	10.980	17.137	25.776	233.000
05/09/1988	4.344	8.581	18.567	24.257	241.000
06/09/1988	0.000	10.476	17.872	25.744	451.000
07/09/1988	8.449	7.215	18.026	22.452	234.000
08/09/1988	5.700	7.460	17.783	22.488	367.000
09/09/1988	0.000	9.025	16.594	23.217	271.000
10/09/1988	22.316	8.503	16.892	22.885	597.000
11/09/1988	0.000	9.247	17.330	23.990	294.000
12/09/1988	9.498	8.125	18.094	23.382	693.000
13/09/1988	24.488	9.537	17.887	24.757	365.000
14/09/1988	6.724	9.351	17.849	24.541	414.000
15/09/1988	7.671	10.488	17.855	25.741	277.000
16/09/1988	1.624	11.399	18.064	26.975	298.000
17/09/1988	13.466	11.115	16.512	25.533	355.000
18/09/1988	10.610	10.529	18.794	26.513	422.000
19/09/1988	7.697	8.571	18.170	23.946	333.000
20/09/1988	0.000	8.844	18.538	24.567	236.000
21/09/1988	0.670	10.967	17.076	25.795	243.000
22/09/1988	1.387	9.814	17.352	24.711	349.000
23/09/1988	13.805	9.760	18.244	25.305	583.000
24/09/1988	4.749	10.420	18.632	26.390	269.000
25/09/1988	11.273	10.826	17.988	26.342	220.000
26/09/1988	0.163	8.931	18.054	24.353	225.000
27/09/1988	13.130	11.401	17.110	26.413	173.000
28/09/1988	3.707	9.507	17.638	24.638	159.000
29/09/1988	10.130	11.209	16.996	26.109	150.000
30/09/1988	23.874	7.833	18.047	23.201	207.000
01/10/1988	10.370	8.569	17.917	23.839	247.000
02/10/1988	2.828	8.224	17.797	23.381	400.000
03/10/1988	21.781	9.840	17.029	24.615	660.000
04/10/1988	9.389	8.599	18.422	24.295	349.000
05/10/1988	3.862	10.641	17.924	26.196	252.000
06/10/1988	12.193	10.437	17.438	25.635	297.000
07/10/1988	8.746	9.121	17.844	24.452	352.000
08/10/1988	9.428	7.084	18.731	23.058	323.000
09/10/1988	9.542	9.501	17.760	24.897	234.000
10/10/1988	2.469	11.555	15.260	25.487	196.000
11/10/1988	30.971	9.586	17.344	24.728	274.000
12/10/1988	13.911	9.257	16.734	23.887	416.000
13/10/1988	2.333	8.205	17.892	23.580	715.000
14/10/1988	1.001	9.371	17.308	24.414	370.000
15/10/1988	11.555	7.483	17.715	22.719	661.000
16/10/1988	1.568	9.055	17.267	24.087	336.000
17/10/1988	12.895	9.358	17.411	24.596	471.000
18/10/1988	17.920	9.575	17.895	25.151	507.000
19/10/1988	14.340	10.132	17.860	25.805	1086.000
20/10/1988	1.109	11.146	16.714	26.161	404.000
21/10/1988	2.232	9.729	17.956	25.488	443.000
22/10/1988	22.502	8.922	17.817	24.477	584.000
23/10/1988	0.000	12.165	15.500	26.719	318.000
24/10/1988	13.309	11.083	16.221	25.940	247.000
25/10/1988	12.046	8.965	17.621	24.453	501.000
26/10/1988	1.230	9.852	17.180	25.147	290.000
27/10/1988	4.491	10.209	16.169	24.892	274.000
28/10/1988	17.594	7.884	17.779	23.403	441.000
29/10/1988	13.546	8.799	17.737	24.363	359.000
30/10/1988	8.965	8.318	17.496	23.708	285.000
31/10/1988	11.248	9.312	17.513	24.860	483.000
01/11/1988	31.108	8.207	18.500	24.360	355.000
02/11/1988	42.236	9.104	18.606	25.471	538.000
03/11/1988	15.046	9.648	18.169	25.802	662.000
04/11/1988	0.000	10.186	16.718	25.420	357.000
05/11/1988	3.894	9.694	17.381	25.330	307.000
06/11/1988	0.000	7.245	18.679	23.522	405.000
07/11/1988	6.290	9.106	17.298	24.593	297.000
08/11/1988	52.539	8.737	17.843	24.596	752.000
09/11/1988	12.784	7.883	18.205	23.910	439.000
10/11/1988	18.218	7.942	18.057	23.855	725.000
11/11/1988	61.464	8.500	18.481	24.868	866.000
12/11/1988	5.097	8.430	18.578	24.879	590.000
13/11/1988	8.669	7.594	18.647	23.977	836.000
14/11/1988	4.622	9.218	17.272	24.881	616.000
15/11/1988	18.092	6.909	18.558	23.188	964.000
16/11/1988	37.370	7.527	18.578	23.901	718.000
17/11/1988	12.519	8.149	18.158	24.321	1014.000
18/11/1988	4.455	8.599	17.964	24.676	628.000
19/11/1988	8.886	8.012	18.509	24.446	782.000
20/11/1988	10.847	8.368	18.480	24.856	776.000
21/11/1988	0.000	5.026	18.940	21.679	598.000
22/11/1988	0.000	8.886	18.161	25.243	490.000
23/11/1988	3.384	8.008	18.551	24.519	535.000
24/11/1988	1.006	8.211	17.445	23.952	556.000
25/11/1988	0.677	8.457	18.430	25.001	945.000
26/11/1988	5.134	9.009	16.315	24.096	785.000
27/11/1988	0.080	9.416	17.834	25.763	444.000
28/11/1988	9.047	8.945	17.967	25.295	376.000
29/11/1988	31.919	7.828	17.840	23.860	693.000
30/11/1988	0.884	8.607	17.670	24.673	534.000
01/12/1988	1.527	9.029	18.259	25.594	383.000
02/12/1988	13.505	9.317	17.568	25.478	543.000
03/12/1988	12.008	8.550	16.862	24.010	556.000
04/12/1988	0.143	7.679	17.099	23.173	647.000
05/12/1988	0.099	9.107	16.128	24.193	429.000
06/12/1988	3.052	9.341	16.712	24.910	545.000
07/12/1988	5.039	8.072	17.567	23.984	366.000
08/12/1988	10.256	6.854	18.015	22.903	543.000
09/12/1988	8.283	8.388	17.235	24.116	478.000
10/12/1988	6.806	8.688	17.795	24.945	390.000
11/12/1988	0.000	10.306	16.103	25.786	285.000
12/12/1988	0.000	9.232	17.070	25.118	245.000
13/12/1988	4.670	9.277	17.312	25.374	246.000
14/12/1988	26.478	7.417	17.719	23.365	292.000
15/12/1988	1.781	8.433	18.067	24.875	213.000
16/12/1988	0.000	10.768	15.597	26.097	210.000
17/12/1988	2.150	9.519	16.453	24.993	291.000
18/12/1988	0.000	8.569	17.035	24.228	241.000
19/12/1988	0.957	9.401	15.735	24.342	260.000
20/12/1988	0.000	9.996	16.467	25.653	189.000
21/12/1988	0.748	9.874	16.360	25.397	164.000
22/12/1988	0.332	8.250	16.847	23.701	146.000
23/12/1988	2.475	7.939	17.154	23.551	203.000
24/12/1988	0.178	8.384	16.853	23.865	303.000
25/12/1988	0.000	9.918	15.624	24.929	320.000
26/12/1988	0.723	8.280	17.404	24.137	561.000
27/12/1988	20.414	8.481	17.427	24.432	268.000
28/12/1988	9.154	8.897	15.888	23.823	226.000
29/12/1988	51.540	8.298	16.615	23.594	502.000
30/12/1988	2.166	6.888	17.315	22.366	437.000
31/12/1988	1.950	7.088	17.547	22.783	424.000
01/01/1989	7.071	7.638	16.956	22.984	354.800
02/01/1989	36.776	6.113	17.526	21.670	514.900
03/01/1989	2.575	9.379	17.151	25.257	393.500
04/01/1989	10.936	8.434	17.086	24.038	563.700
05/01/1989	13.745	6.581	17.334	22.012	808.100
06/01/1989	1.406	7.733	16.474	22.674	506.800
07/01/1989	0.965	8.126	16.224	22.994	461.500
08/01/1989	0.000	7.900	17.036	23.292	344.100
09/01/1989	0.000	9.670	16.613	25.135	378.600
10/01/1989	0.000	9.372	15.587	24.044	243.500
11/01/1989	0.000	9.156	17.031	24.811	335.500
12/01/1989	0.000	8.213	16.263	23.017	197.000
13/01/1989	5.951	9.186	16.593	24.459	185.700
14/01/1989	2.468	7.356	17.852	23.257	190.200
15/01/1989	2.215	10.070	17.029	25.856	186.900
16/01/1989	0.000	10.393	16.561	25.907	170.000
17/01/1989	19.325	9.441	17.195	25.177	227.200
18/01/1989	0.000	9.354	17.717	25.397	183.300
19/01/1989	0.073	9.979	17.251	25.810	167.800
20/01/1989	0.589	11.182	16.467	26.731	165.900
21/01/1989	5.590	8.910	17.788	24.900	161.700
22/01/1989	7.980	7.728	18.593	24.142	189.900
23/01/1989	3.105	11.064	16.664	26.680	185.000
24/01/1989	2.857	9.668	17.310	25.390	178.100
25/01/1989	6.754	9.170	16.714	24.295	179.100
26/01/1989	3.514	8.490	16.933	23.624	160.800
27/01/1989	13.186	7.380	18.583	23.618	251.200
28/01/1989	0.973	7.873	17.144	23.009	226.000
29/01/1989	3.590	9.441	16.994	24.775	191.000
30/01/1989	1.743	8.162	17.451	23.577	161.700
31/01/1989	7.484	8.642	17.669	24.265	220.300
01/02/1989	6.090	9.464	17.115	24.776	256.100
02/02/1989	0.599	9.105	17.674	24.769	201.000
03/02/1989	25.467	8.251	17.430	23.555	242.100
04/02/1989	11.095	8.207	17.427	23.500	286.300
05/02/1989	0.000	8.101	17.317	23.292	240.200
06/02/1989	0.000	10.660	16.375	25.586	228.300
07/02/1989	7.571	8.556	17.202	23.695	223.700
08/02/1989	19.427	8.035	17.106	22.981	226.700
09/02/1989	11.658	9.015	17.549	24.391	257.500
10/02/1989	0.202	8.436	17.186	23.449	221.000
11/02/1989	3.054	8.638	17.455	23.881	242.100
12/02/1989	0.000	11.278	16.799	26.440	204.800
13/02/1989	0.582	10.254	17.846	25.983	176.800
14/02/1989	0.000	10.786	16.545	25.626	166.900
15/02/1989	6.164	10.946	16.238	25.548	208.600
16/02/1989	0.000	11.917	15.346	26.078	161.700
17/02/1989	0.000	11.384	15.121	25.330	161.000
18/02/1989	0.000	10.648	16.757	25.536	161.000
19/02/1989	1.611	8.295	17.064	23.039	191.400
20/02/1989	24.205	9.240	18.154	24.906	220.600
21/02/1989	0.402	9.654	18.051	25.263	166.600
22/02/1989	25.883	8.981	17.666	24.231	152.000
23/02/1989	4.381	6.820	17.859	22.083	214.400
24/02/1989	1.487	9.134	16.510	23.483	334.900
25/02/1989	0.000	7.928	17.010	22.539	190.300
26/02/1989	1.967	8.527	17.477	23.480	387.400
27/02/1989	0.075	11.406	17.062	26.397	224.000
28/02/1989	1.306	10.988	18.882	27.222	147.500
01/03/1989	1.173	10.808	18.475	26.715	129.500
02/03/1989	6.010	10.746	17.847	26.201	174.500
03/03/1989	3.898	9.367	18.597	25.196	140.700
04/03/1989	26.503	11.519	17.384	26.682	127.200
05/03/1989	42.288	8.839	18.182	24.269	161.000
06/03/1989	8.381	9.397	17.589	24.398	134.000
07/03/1989	7.919	9.390	17.186	24.106	138.500
08/03/1989	13.928	8.349	17.391	23.115	225.000
09/03/1989	7.833	10.233	17.339	25.128	219.000
10/03/1989	8.286	9.278	16.951	23.762	158.700
11/03/1989	2.691	7.243	17.892	22.339	352.500
12/03/1989	0.000	7.178	18.484	22.747	313.700
13/03/1989	6.161	5.227	18.279	20.791	288.200
14/03/1989	11.529	7.615	17.327	22.250	252.000
15/03/1989	6.461	8.657	18.158	23.953	290.700
16/03/1989	1.385	9.989	16.629	24.215	333.200
17/03/1989	5.033	8.603	16.801	22.839	325.900
18/03/1989	0.089	9.196	16.051	22.911	230.000
19/03/1989	0.985	9.098	16.872	23.403	224.400
20/03/1989	0.695	8.664	16.628	22.741	239.000
21/03/1989	1.073	8.558	17.032	22.926	307.500
22/03/1989	2.558	8.969	15.949	22.561	211.600
23/03/1989	2.567	9.547	16.119	23.302	214.400
24/03/1989	3.229	9.993	16.065	23.762	361.900
25/03/1989	0.699	10.747	15.445	24.172	204.900
26/03/1989	0.879	10.110	16.879	24.481	193.600
27/03/1989	1.823	10.146	16.084	23.952	264.900
28/03/1989	3.335	10.274	15.573	23.702	194.700
29/03/1989	0.374	10.520	15.775	24.112	239.000
30/03/1989	0.138	10.144	16.169	24.009	217.500
31/03/1989	2.216	10.444	16.122	24.297	243.000
01/04/1989	0.000	9.651	17.198	24.201	192.500
02/04/1989	1.087	9.389	17.705	24.285	172.200
03/04/1989	3.471	10.094	17.808	25.172	188.000
04/04/1989	10.313	10.553	18.153	25.907	179.000
05/04/1989	6.318	10.618	18.763	26.430	174.500
06/04/1989	8.194	10.854	17.317	25.629	161.000
07/04/1989	0.036	11.688	17.964	27.029	136.200
08/04/1989	7.812	10.855	17.882	26.051	174.500
09/04/1989	9.274	10.817	18.981	26.815	145.200
10/04/1989	11.961	10.129	17.712	25.129	174.500
11/04/1989	3.595	12.252	17.190	27.112	145.200
12/04/1989	5.186	10.834	17.126	25.554	147.500
13/04/1989	3.556	10.807	18.661	26.597	147.500
14/04/1989	4.936	10.235	18.765	26.052	152.000
15/04/1989	9.388	10.431	18.635	26.212	165.500
16/04/1989	1.389	11.187	18.170	26.661	152.100
17/04/1989	7.563	10.192	18.872	26.121	145.200
18/04/1989	0.645	11.544	17.999	26.948	149.100
19/04/1989	0.193	11.020	18.156	26.555	143.000
20/04/1989	16.838	9.098	18.016	24.328	174.500
21/04/1989	5.974	11.225	17.436	26.221	138.500
22/04/1989	16.597	9.926	18.702	25.760	145.200
23/04/1989	3.764	9.136	18.826	24.999	235.800
24/04/1989	0.000	10.589	18.737	26.497	156.500
25/04/1989	7.592	11.045	18.609	26.913	179.000
26/04/1989	6.659	10.555	18.363	26.177	159.200
27/04/1989	9.223	9.209	18.943	25.203	405.600
28/04/1989	11.488	9.798	18.439	25.468	170.700
29/04/1989	4.236	8.243	18.352	23.753	133.200
30/04/1989	21.807	9.677	18.708	25.590	161.400
01/05/1989	18.581	8.689	18.467	24.350	206.600
02/05/1989	15.278	8.283	17.776	23.403	275.700
03/05/1989	10.738	8.843	17.810	23.985	325.200
04/05/1989	13.738	10.650	16.962	25.371	170.600
05/05/1989	13.963	10.669	16.535	25.122	221.300
06/05/1989	18.141	8.644	18.504	24.352	370.000
07/05/1989	15.072	8.594	18.281	24.170	212.800
08/05/1989	22.917	6.741	18.653	22.561	675.400
09/05/1989	11.278	9.037	17.032	23.679	428.000
10/05/1989	6.072	8.949	17.076	23.613	341.500
11/05/1989	14.500	11.474	17.526	26.828	292.900
12/05/1989	3.794	8.247	18.408	23.943	276.000
13/05/1989	3.814	9.260	17.919	24.632	280.000
14/05/1989	2.746	8.589	17.772	23.856	262.500
15/05/1989	9.997	9.687	18.057	25.262	237.000
16/05/1989	8.542	9.329	18.487	25.230	214.500
17/05/1989	0.123	9.675	18.154	25.347	176.700
18/05/1989	0.095	9.569	18.554	25.545	150.900
19/05/1989	0.000	9.432	18.446	25.307	148.600
20/05/1989	0.000	10.839	18.756	27.134	184.600
21/05/1989	0.383	10.892	18.311	26.859	147.500
22/05/1989	0.383	9.440	18.645	25.491	114.500
23/05/1989	3.427	8.473	18.525	24.344	110.000
24/05/1989	11.547	8.592	18.449	24.451	158.400
25/05/1989	6.113	7.642	18.294	23.334	157.200
26/05/1989	2.040	8.043	17.799	23.356	220.000
27/05/1989	7.195	10.031	17.484	25.326	180.100
28/05/1989	8.520	8.256	17.583	23.467	167.700
29/05/1989	6.052	8.489	16.868	23.219	162.100
30/05/1989	7.623	9.607	18.166	25.427	138.500
31/05/1989	10.729	8.610	17.996	24.237	157.600
01/06/1989	2.587	9.494	18.124	25.270	131.700
02/06/1989	8.576	9.931	17.812	25.570	130.200
03/06/1989	8.246	6.552	18.231	22.192	328.200
04/06/1989	10.138	8.744	18.376	24.653	185.700
05/06/1989	4.288	6.689	18.182	22.310	149.700
06/06/1989	11.229	8.975	17.597	24.353	188.900
07/06/1989	1.355	9.256	17.436	24.547	241.000
08/06/1989	4.721	9.930	18.000	25.773	155.400
09/06/1989	3.198	8.119	18.100	23.802	119.700
10/06/1989	5.710	9.670	17.849	25.340	143.000
11/06/1989	6.017	9.047	17.379	24.288	188.000
12/06/1989	19.694	10.122	17.858	25.856	181.200
13/06/1989	0.000	9.278	18.032	25.062	176.700
14/06/1989	0.222	10.969	17.581	26.642	176.700
15/06/1989	2.992	10.289	18.259	26.413	265.500
16/06/1989	0.000	10.127	17.946	26.022	152.000
17/06/1989	1.794	9.765	18.142	25.759	117.500
18/06/1989	2.500	9.555	18.065	25.419	125.700
19/06/1989	10.073	8.048	17.108	22.972	123.500
20/06/1989	2.019	9.530	17.988	25.378	114.500
21/06/1989	2.730	9.661	17.445	25.073	111.500
22/06/1989	7.913	9.526	18.596	25.779	175.600
23/06/1989	11.889	7.830	17.321	22.876	126.100
24/06/1989	3.119	10.048	16.767	25.012	156.500
25/06/1989	7.021	7.882	17.387	23.009	238.700
26/06/1989	17.093	9.436	17.406	24.812	129.500
27/06/1989	8.831	9.494	17.279	24.749	155.700
28/06/1989	8.028	9.480	17.327	24.801	139.600
29/06/1989	4.079	10.913	16.850	26.151	107.700
30/06/1989	2.702	9.929	16.862	24.997	112.200
01/07/1989	6.738	10.898	16.597	25.913	136.200
02/07/1989	0.336	10.080	16.804	25.092	129.500
03/07/1989	0.346	10.424	17.006	25.664	103.400
04/07/1989	2.038	11.106	15.701	25.525	100.600
05/07/1989	5.958	9.562	17.562	25.033	113.000
06/07/1989	6.588	9.742	18.003	25.532	154.300
07/07/1989	0.634	9.282	17.586	24.676	97.800
08/07/1989	6.688	9.625	17.719	25.158	131.400
09/07/1989	0.536	9.524	17.068	24.554	115.900
10/07/1989	4.079	10.385	17.314	25.737	100.800
11/07/1989	0.000	10.627	17.465	26.140	83.300
12/07/1989	0.000	11.293	17.650	27.048	76.200
13/07/1989	0.000	11.160	17.743	26.926	70.300
14/07/1989	0.000	11.987	17.541	27.719	66.900
15/07/1989	0.000	12.567	17.445	28.327	63.200
16/07/1989	0.000	11.555	18.203	27.661	60.200
17/07/1989	0.000	10.849	18.124	26.775	58.700
18/07/1989	0.000	11.865	17.657	27.628	57.400
19/07/1989	1.150	10.339	19.054	26.879	56.500
20/07/1989	10.598	9.527	17.887	25.090	72.700
21/07/1989	0.552	10.762	17.392	26.166	63.100
22/07/1989	12.849	9.610	17.747	25.094	69.900
23/07/1989	2.447	10.965	15.754	25.253	73.000
24/07/1989	11.421	8.435	17.266	23.390	91.600
25/07/1989	15.853	9.752	17.299	24.876	89.400
26/07/1989	8.920	8.033	18.227	23.685	93.000
27/07/1989	4.388	10.274	17.610	25.718	152.100
28/07/1989	13.121	10.569	15.422	24.539	90.900
29/07/1989	4.808	11.533	15.520	25.667	71.100
30/07/1989	3.382	9.889	18.789	26.083	117.500
31/07/1989	8.984	9.542	18.376	25.379	95.000
01/08/1989	6.148	10.102	17.564	25.403	73.600
02/08/1989	6.666	10.509	17.515	25.853	63.200
03/08/1989	0.804	11.961	16.108	26.551	59.900
04/08/1989	0.076	10.912	16.179	25.343	76.500
05/08/1989	0.134	10.881	17.669	26.360	59.500
06/08/1989	0.382	9.604	17.408	24.653	118.200
07/08/1989	0.000	9.822	17.208	24.746	80.400
08/08/1989	0.192	11.591	16.760	26.397	66.000
09/08/1989	27.162	9.731	17.157	24.602	114.900
10/08/1989	0.027	9.936	17.810	25.294	85.500
11/08/1989	4.951	10.202	18.026	25.730	144.400
12/08/1989	5.755	10.608	17.721	25.962	197.200
13/08/1989	0.000	10.268	17.269	25.257	95.500
14/08/1989	3.668	10.537	16.996	25.315	165.900
15/08/1989	6.633	10.202	18.190	25.812	177.500
16/08/1989	4.275	9.468	17.641	24.640	111.200
17/08/1989	12.754	10.563	16.828	25.235	149.700
18/08/1989	0.000	10.378	17.606	25.587	86.900
19/08/1989	0.951	10.542	16.964	25.358	96.800
20/08/1989	5.391	11.380	16.331	25.788	106.700
21/08/1989	10.015	9.250	18.203	24.754	118.400
22/08/1989	10.278	10.356	17.462	25.422	129.100
23/08/1989	0.485	10.369	17.554	25.480	129.500
24/08/1989	2.662	9.083	17.333	23.894	343.700
25/08/1989	5.266	10.809	16.025	24.938	129.900
26/08/1989	17.427	10.672	17.350	25.670	92.100
27/08/1989	7.018	11.582	17.029	26.448	110.400
28/08/1989	7.468	9.522	17.939	24.814	162.400
29/08/1989	22.994	8.182	18.215	23.551	458.700
30/08/1989	8.453	7.913	17.424	22.698	587.700
31/08/1989	8.527	9.443	16.943	23.962	231.600
01/09/1989	15.995	11.751	16.762	26.446	184.600
02/09/1989	5.516	11.613	17.802	27.012	147.500
03/09/1989	4.341	11.063	17.810	26.376	391.900
04/09/1989	16.526	9.134	17.993	24.417	224.400
05/09/1989	24.145	8.118	18.467	23.734	215.000
06/09/1989	49.068	8.531	18.282	23.977	358.000
07/09/1989	5.177	10.017	17.485	24.975	320.700
08/09/1989	8.798	9.873	17.560	24.926	205.900
09/09/1989	5.317	10.535	18.186	26.109	236.200
10/09/1989	6.298	8.980	17.289	23.688	504.300
11/09/1989	5.348	9.739	18.109	25.135	254.900
12/09/1989	9.347	11.022	17.045	25.785	254.200
13/09/1989	14.441	10.472	16.536	24.821	260.500
14/09/1989	11.569	9.427	18.041	24.746	524.200
15/09/1989	0.909	9.195	17.843	24.395	241.000
16/09/1989	0.446	10.425	17.938	25.781	196.000
17/09/1989	0.805	10.209	18.090	25.613	178.200
18/09/1989	0.446	8.707	18.388	24.281	464.700
19/09/1989	0.446	8.783	17.993	24.068	268.000
20/09/1989	4.381	7.456	17.962	22.744	240.600
21/09/1989	16.508	9.307	17.398	24.151	228.400
22/09/1989	22.860	8.029	17.987	23.230	485.500
23/09/1989	15.392	10.850	17.548	26.041	321.900
24/09/1989	5.582	9.858	17.863	25.148	385.400
25/09/1989	13.094	9.686	17.170	24.501	508.200
26/09/1989	11.660	10.259	17.192	25.100	371.700
27/09/1989	7.701	7.361	18.589	23.080	374.400
28/09/1989	18.423	8.841	17.910	24.100	537.900
29/09/1989	15.242	9.275	17.378	24.186	667.500
30/09/1989	1.115	10.409	17.193	25.330	321.000
01/10/1989	6.371	11.639	16.879	26.483	302.000
02/10/1989	12.220	10.216	17.645	25.451	259.700
03/10/1989	2.473	8.148	17.722	23.298	235.000
04/10/1989	5.492	7.516	17.068	22.134	202.600
05/10/1989	8.349	8.671	17.613	23.750	198.700
06/10/1989	11.425	9.591	17.474	24.696	164.400
07/10/1989	5.387	11.666	16.275	26.224	166.600
08/10/1989	7.088	8.939	17.977	24.395	224.700
09/10/1989	12.544	9.304	17.177	24.206	229.000
10/10/1989	8.091	8.101	17.288	23.001	170.000
11/10/1989	25.798	6.896	17.952	22.282	375.000
12/10/1989	2.481	7.485	17.254	22.289	314.200
13/10/1989	11.903	8.723	17.048	23.504	220.000
14/10/1989	8.846	8.292	17.794	23.616	577.500
15/10/1989	8.139	8.177	18.218	23.828	334.500
16/10/1989	13.941	9.592	17.483	24.849	333.200
17/10/1989	23.359	10.537	17.449	25.933	330.500
18/10/1989	8.089	9.272	18.281	25.129	272.500
19/10/1989	5.381	8.448	17.478	23.638	241.000
20/10/1989	1.301	10.545	17.106	25.766	221.000
21/10/1989	3.419	9.699	17.529	25.083	307.500
22/10/1989	4.504	8.347	18.584	24.419	241.000
23/10/1989	17.781	8.707	17.846	24.254	300.500
24/10/1989	18.481	7.831	17.974	23.376	371.500
25/10/1989	7.090	8.636	18.064	24.355	370.200
26/10/1989	21.666	8.474	17.791	23.978	452.900
27/10/1989	23.584	7.373	18.622	23.452	378.200
28/10/1989	11.337	8.917	17.984	24.663	462.000
29/10/1989	6.986	8.819	17.717	24.356	298.500
30/10/1989	22.433	7.679	19.426	24.487	298.700
31/10/1989	4.837	9.039	18.436	25.217	603.700
01/11/1989	3.738	7.428	18.413	23.442	417.200
02/11/1989	15.454	9.180	17.531	24.756	478.700
03/11/1989	20.990	8.700	17.938	24.487	470.000
04/11/1989	10.069	7.589	18.815	23.962	577.500
05/11/1989	11.159	9.342	17.358	24.846	449.000
06/11/1989	4.334	8.895	17.480	24.427	237.000
07/11/1989	6.539	9.236	17.203	24.679	221.000
08/11/1989	5.137	8.195	17.953	24.003	375.000
09/11/1989	1.697	8.759	18.445	25.042	225.000
10/11/1989	4.475	8.576	17.342	24.023	203.700
11/11/1989	1.485	8.655	17.173	24.023	182.400
12/11/1989	7.646	8.318	17.624	23.967	464.200
13/11/1989	0.454	8.248	17.770	24.023	381.400
14/11/1989	3.028	9.445	18.352	25.865	251.500
15/11/1989	11.596	8.794	18.323	25.163	222.300
16/11/1989	6.554	9.429	18.858	26.275	206.100
17/11/1989	8.881	8.408	18.606	24.919	343.900
18/11/1989	15.837	9.160	18.772	25.946	221.900
19/11/1989	13.968	10.369	18.336	27.118	204.200
20/11/1989	5.849	10.435	19.038	27.715	176.500
21/11/1989	4.382	8.325	18.209	24.613	249.200
22/11/1989	16.004	9.090	18.529	25.789	198.500
23/11/1989	7.235	8.740	18.195	25.113	191.600
24/11/1989	5.920	10.009	18.839	27.115	179.400
25/11/1989	3.583	8.141	19.260	25.292	218.000
26/11/1989	6.935	10.030	16.576	25.584	214.000
27/11/1989	20.551	9.767	16.679	25.330	147.100
28/11/1989	8.847	9.477	18.772	26.522	127.600
29/11/1989	8.303	9.833	17.897	26.330	156.500
30/11/1989	11.209	8.013	18.634	24.664	253.300
01/12/1989	42.977	7.035	18.621	23.580	480.000
02/12/1989	18.603	7.572	17.429	23.251	494.500
03/12/1989	1.157	8.922	18.041	25.344	235.000
04/12/1989	9.178	7.769	18.195	24.089	339.500
05/12/1989	0.466	7.397	18.257	23.731	356.500
06/12/1989	10.321	7.899	17.959	24.060	329.400
07/12/1989	2.101	10.450	16.907	26.522	221.000
08/12/1989	0.000	10.216	16.528	26.058	191.400
09/12/1989	0.759	9.425	18.423	26.342	175.600
10/12/1989	3.530	8.611	18.070	25.039	176.700
11/12/1989	1.312	7.796	18.272	24.278	219.500
12/12/1989	3.943	8.526	17.888	24.821	175.600
13/12/1989	0.093	8.851	17.788	25.140	189.100
14/12/1989	0.892	8.032	18.685	24.863	168.900
15/12/1989	0.000	9.672	17.179	25.820	140.700
16/12/1989	0.000	8.654	17.811	24.961	116.000
17/12/1989	1.569	9.323	16.705	25.015	112.200
18/12/1989	1.615	9.911	17.185	26.077	110.700
19/12/1989	0.012	11.188	15.413	26.532	99.500
20/12/1989	0.000	9.144	16.145	24.366	98.700
21/12/1989	0.000	10.104	14.725	24.634	88.700
22/12/1989	0.627	11.064	16.044	26.760	83.100
23/12/1989	0.904	9.199	16.740	24.847	80.600
24/12/1989	6.581	7.066	18.013	23.202	117.500
25/12/1989	1.329	7.098	17.705	22.948	130.600
26/12/1989	1.652	7.032	17.570	22.759	219.000
27/12/1989	1.088	7.744	17.192	23.320	230.700
28/12/1989	0.242	9.447	15.878	24.475	170.000
29/12/1989	0.927	9.753	15.401	24.529	164.200
30/12/1989	0.611	12.037	13.089	26.054	117.100
31/12/1989	0.000	10.922	14.468	25.420	94.700
01/01/1990	0.000	9.171	15.189	23.587	112.000
02/01/1990	0.132	8.870	17.166	24.632	164.000
03/01/1990	0.181	8.133	17.307	23.837	112.000
04/01/1990	2.685	9.251	15.657	24.042	79.000
05/01/1990	2.149	8.045	17.012	23.499	158.000
06/01/1990	0.000	7.843	17.049	23.269	122.000
07/01/1990	7.306	8.567	16.439	23.673	296.000
08/01/1990	0.000	7.566	17.022	22.872	175.000
09/01/1990	0.566	8.113	17.234	23.679	221.000
10/01/1990	0.682	7.042	17.955	22.955	176.000
11/01/1990	2.005	7.968	17.895	24.016	163.000
12/01/1990	3.544	8.169	18.068	24.384	145.000
13/01/1990	32.628	8.081	17.019	23.448	223.000
14/01/1990	0.000	8.840	17.235	24.504	165.000
15/01/1990	2.041	8.804	17.693	24.789	140.000
16/01/1990	17.228	9.850	17.836	26.135	138.000
17/01/1990	1.708	10.076	17.552	26.198	115.000
18/01/1990	0.529	8.635	18.331	25.039	125.000
19/01/1990	0.598	8.604	18.010	24.741	96.000
20/01/1990	7.801	9.734	17.820	25.948	216.000
21/01/1990	4.033	9.172	18.108	25.424	118.000
22/01/1990	22.576	7.200	18.092	23.105	134.000
23/01/1990	0.000	9.102	17.781	25.055	96.000
24/01/1990	0.000	10.790	17.619	26.961	76.000
25/01/1990	0.000	10.117	18.369	26.656	71.000
26/01/1990	9.589	7.600	18.935	24.186	97.000
27/01/1990	19.984	8.446	18.840	25.019	134.000
28/01/1990	3.931	10.879	17.417	26.814	69.000
29/01/1990	0.000	10.676	18.006	26.971	58.000
30/01/1990	1.323	9.533	17.372	25.129	52.000
31/01/1990	0.000	10.225	17.935	26.314	51.000
01/02/1990	0.000	11.279	17.952	27.578	44.000
02/02/1990	7.769	9.207	19.100	25.956	56.000
03/02/1990	14.084	8.271	19.173	24.939	64.000
04/02/1990	16.457	9.056	18.751	25.471	111.000
05/02/1990	14.492	6.309	19.222	22.897	389.000
06/02/1990	12.585	8.193	17.610	23.597	274.000
07/02/1990	5.576	8.019	18.491	24.073	175.000
08/02/1990	1.910	8.931	18.310	24.922	136.000
09/02/1990	14.013	8.928	18.020	24.680	323.000
10/02/1990	5.318	10.362	17.517	25.913	287.000
11/02/1990	0.000	10.103	17.670	25.721	217.000
12/02/1990	1.107	8.914	17.824	24.430	168.000
13/02/1990	8.591	8.699	18.696	24.865	137.000
14/02/1990	0.000	9.719	17.459	25.029	121.000
15/02/1990	0.000	9.381	17.804	24.884	120.000
16/02/1990	0.859	9.458	17.459	24.695	118.000
17/02/1990	0.000	11.357	16.068	25.900	102.000
18/02/1990	0.000	10.283	15.267	24.045	86.000
19/02/1990	0.000	9.412	15.417	23.068	173.000
20/02/1990	0.000	8.079	17.906	23.436	113.000
21/02/1990	4.863	10.481	16.446	25.039	103.000
22/02/1990	1.033	9.752	17.137	24.666	176.000
23/02/1990	3.663	10.812	17.019	25.781	118.000
24/02/1990	1.547	9.656	17.286	24.640	70.000
25/02/1990	4.174	10.355	16.228	24.641	105.000
26/02/1990	0.000	11.237	14.397	24.400	74.000
27/02/1990	0.000	12.343	13.900	25.392	60.000
28/02/1990	0.000	11.904	14.635	25.270	56.000
01/03/1990	0.000	11.690	15.647	25.709	52.000
02/03/1990	0.000	11.155	15.198	24.805	50.000
03/03/1990	3.982	9.699	17.109	24.419	62.000
04/03/1990	21.323	9.480	17.145	24.193	153.000
05/03/1990	0.389	8.382	17.501	23.250	143.000
06/03/1990	1.344	10.068	18.129	25.548	124.000
07/03/1990	8.540	10.282	18.632	26.129	138.000
08/03/1990	5.388	9.710	18.874	25.703	100.000
09/03/1990	0.000	10.906	18.592	26.770	70.000
10/03/1990	1.408	10.138	19.887	26.891	59.000
11/03/1990	2.776	10.107	18.065	25.474	62.000
12/03/1990	1.318	11.166	18.781	27.172	69.000
13/03/1990	0.000	11.709	19.090	27.936	49.000
14/03/1990	4.401	10.257	19.725	26.828	44.000
15/03/1990	6.711	9.885	18.888	25.811	69.000
16/03/1990	13.073	9.902	19.305	26.138	46.000
17/03/1990	12.453	11.575	19.065	27.724	41.000
18/03/1990	20.459	6.294	19.544	22.811	409.000
19/03/1990	4.878	10.258	17.951	25.459	167.000
20/03/1990	5.815	8.342	19.712	24.833	213.000
21/03/1990	16.211	7.910	18.779	23.661	255.000
22/03/1990	0.822	10.382	17.711	25.404	152.000
23/03/1990	16.282	9.064	19.137	25.093	256.000
24/03/1990	20.303	7.391	19.193	23.478	601.000
25/03/1990	7.590	8.020	18.397	23.458	313.000
26/03/1990	13.358	6.658	18.174	21.978	363.000
27/03/1990	2.532	11.949	16.725	26.426	316.000
28/03/1990	0.000	10.703	18.110	26.045	181.000
29/03/1990	0.125	11.903	17.685	27.061	139.000
30/03/1990	1.253	11.875	17.554	26.924	153.000
31/03/1990	5.109	9.153	19.097	25.153	151.000
01/04/1990	5.265	8.153	18.253	23.448	185.000
02/04/1990	6.789	9.209	18.725	24.882	234.000
03/04/1990	10.582	8.364	18.865	24.132	188.000
04/04/1990	21.908	8.131	17.884	23.137	386.000
05/04/1990	7.411	9.460	17.580	24.323	228.000
06/04/1990	13.538	9.933	17.628	24.863	267.000
07/04/1990	0.173	11.658	18.552	27.429	188.000
08/04/1990	1.880	11.591	18.625	27.379	139.000
09/04/1990	0.041	11.862	18.347	27.525	117.000
10/04/1990	0.000	11.824	18.703	27.696	96.000
11/04/1990	1.776	10.967	19.310	27.253	90.000
12/04/1990	10.836	8.236	19.491	24.551	102.000
13/04/1990	10.795	9.212	19.926	25.865	100.000
14/04/1990	23.673	9.395	18.782	25.167	133.000
15/04/1990	13.779	10.613	18.815	26.519	159.000
16/04/1990	25.424	9.135	18.234	24.513	459.000
17/04/1990	4.452	8.823	18.760	24.603	189.000
18/04/1990	1.431	9.128	18.189	24.507	361.000
19/04/1990	5.068	9.594	19.331	25.881	201.000
20/04/1990	1.389	8.993	18.564	24.637	146.000
21/04/1990	13.686	8.323	19.249	24.494	212.000
22/04/1990	14.535	8.736	18.548	24.366	298.000
23/04/1990	26.473	9.220	18.862	25.140	317.000
24/04/1990	33.949	8.448	19.025	24.480	507.000
25/04/1990	9.007	9.317	18.408	24.895	533.000
26/04/1990	21.538	9.225	18.964	25.203	850.000
27/04/1990	11.733	10.272	18.496	25.988	552.000
28/04/1990	10.816	8.931	18.773	24.788	815.000
29/04/1990	8.434	7.960	19.048	24.019	576.000
30/04/1990	17.017	7.688	18.054	22.968	739.000
01/06/1990	9.870	8.269	18.297	24.097	158.300
02/06/1990	3.820	11.182	16.461	26.028	248.600
03/06/1990	3.797	10.428	17.783	26.113	179.700
04/06/1990	1.861	9.599	18.445	25.660	136.100
05/06/1990	7.463	8.692	18.701	24.849	120.600
06/06/1990	4.640	10.697	19.148	27.448	162.300
07/06/1990	0.000	11.031	17.497	26.648	163.000
08/06/1990	0.110	10.971	18.237	27.092	139.000
09/06/1990	7.902	10.407	18.541	26.689	121.000
10/06/1990	12.180	9.698	17.619	25.192	119.000
11/06/1990	9.840	7.602	18.230	23.339	176.900
12/06/1990	1.377	11.317	17.696	27.160	154.000
13/06/1990	4.667	11.090	17.791	26.951	100.000
14/06/1990	14.870	10.649	18.257	26.760	164.100
15/06/1990	6.705	9.228	17.871	24.872	209.000
16/06/1990	7.526	7.897	18.343	23.743	193.000
17/06/1990	0.276	8.522	17.994	24.183	181.000
18/06/1990	0.467	9.277	17.836	24.922	133.000
19/06/1990	0.224	9.306	18.988	25.814	108.000
20/06/1990	0.897	10.331	18.904	26.924	91.000
21/06/1990	2.621	9.569	19.044	26.142	80.000
22/06/1990	0.113	10.412	18.673	26.814	62.000
23/06/1990	1.573	10.840	18.411	27.129	72.000
24/06/1990	5.955	9.038	18.471	25.154	50.000
25/06/1990	2.408	11.258	17.781	27.190	50.000
26/06/1990	0.648	10.054	18.378	26.231	50.000
27/06/1990	7.796	8.784	18.824	25.119	65.000
28/06/1990	5.111	8.895	18.599	25.049	47.000
29/06/1990	2.359	10.724	18.446	27.010	43.000
30/06/1990	0.782	8.898	18.930	25.289	42.000
01/07/1990	0.668	11.312	17.641	27.121	37.000
02/07/1990	2.075	12.150	17.499	28.006	38.000
03/07/1990	5.593	10.569	18.892	27.177	43.000
04/07/1990	1.252	9.984	18.580	26.283	39.000
05/07/1990	11.052	8.498	19.010	24.913	57.000
06/07/1990	2.704	9.288	18.094	25.099	84.000
07/07/1990	2.674	10.362	17.922	26.198	109.000
08/07/1990	6.417	9.363	18.330	25.387	139.000
09/07/1990	12.497	9.428	17.557	24.823	161.000
10/07/1990	20.098	7.596	18.430	23.516	236.000
11/07/1990	0.395	9.275	18.254	25.209	87.000
12/07/1990	4.486	11.302	17.872	27.208	72.000
13/07/1990	8.188	9.429	18.012	25.150	58.000
14/07/1990	6.512	9.428	17.773	24.965	68.000
15/07/1990	14.111	9.201	18.060	24.919	117.000
16/07/1990	10.387	8.769	17.570	24.092	221.000
17/07/1990	0.543	8.438	18.403	24.360	92.000
18/07/1990	5.623	9.831	16.557	24.500	195.000
19/07/1990	18.368	10.042	17.109	25.138	408.000
20/07/1990	2.501	11.748	16.221	26.515	158.000
21/07/1990	2.394	9.646	17.782	25.147	124.000
22/07/1990	1.942	10.248	17.094	25.363	112.000
23/07/1990	2.308	10.565	17.956	26.299	75.000
24/07/1990	0.240	9.949	17.874	25.593	59.000
25/07/1990	0.662	11.363	17.266	26.715	52.000
26/07/1990	2.662	9.474	18.547	25.468	55.000
27/07/1990	2.346	10.866	17.936	26.578	49.000
28/07/1990	0.753	10.008	18.269	25.846	37.000
29/07/1990	2.356	10.276	18.509	26.310	34.000
30/07/1990	4.775	10.347	17.584	25.690	31.000
31/07/1990	0.491	10.250	18.923	26.555	37.000
01/08/1990	0.000	10.990	17.067	26.022	28.000
02/08/1990	4.983	11.084	18.525	27.167	40.000
03/08/1990	0.000	10.047	18.653	26.116	36.000
04/08/1990	0.225	9.322	17.555	24.475	27.000
05/08/1990	0.922	10.247	18.233	26.036	26.000
06/08/1990	2.181	10.780	17.956	26.392	26.000
07/08/1990	2.897	11.595	17.626	27.055	44.000
08/08/1990	5.439	11.701	17.913	27.384	48.000
09/08/1990	0.824	11.419	18.092	27.172	52.000
10/08/1990	8.041	9.192	18.702	25.128	64.000
11/08/1990	5.314	9.755	17.474	24.804	52.000
12/08/1990	0.000	10.083	17.849	25.438	42.000
13/08/1990	1.329	9.385	18.945	25.491	51.000
14/08/1990	10.114	9.688	18.052	25.156	58.000
15/08/1990	6.801	9.001	17.275	23.826	89.000
16/08/1990	0.117	10.796	17.702	26.141	36.000
17/08/1990	5.229	12.346	16.567	27.092	36.000
18/08/1990	5.153	10.929	18.307	26.699	48.000
19/08/1990	5.653	9.776	18.570	25.677	42.000
20/08/1990	0.931	10.865	17.837	26.281	41.000
21/08/1990	0.195	12.261	18.267	28.094	39.000
22/08/1990	0.000	11.761	18.125	27.459	36.000
23/08/1990	1.282	10.064	18.031	25.552	35.000
24/08/1990	3.412	10.526	17.770	25.817	31.000
25/08/1990	7.424	9.954	18.388	25.596	28.000
26/08/1990	11.412	10.699	17.936	26.071	31.000
27/08/1990	14.792	9.777	17.955	25.131	42.000
28/08/1990	16.019	6.758	18.233	22.228	139.000
29/08/1990	1.912	8.063	17.741	23.108	72.000
30/08/1990	2.725	10.856	17.453	25.917	122.000
31/08/1990	11.588	10.023	17.483	25.031	177.000
01/09/1990	0.716	9.917	17.571	24.980	84.000
02/09/1990	8.328	10.708	17.340	25.641	96.000
03/09/1990	9.151	9.167	18.365	24.743	91.000
04/09/1990	2.131	9.947	18.330	25.552	55.000
05/09/1990	0.268	11.509	17.606	26.750	38.000
06/09/1990	1.408	11.141	17.637	26.391	71.000
07/09/1990	5.921	9.548	17.631	24.583	83.000
08/09/1990	3.547	11.607	17.049	26.491	64.000
09/09/1990	13.401	9.534	17.933	24.830	76.000
10/09/1990	8.786	10.054	17.734	25.231	81.000
11/09/1990	4.890	10.800	17.147	25.615	40.000
12/09/1990	16.677	9.691	17.833	24.904	148.000
13/09/1990	3.921	10.838	17.230	25.734	113.000
14/09/1990	4.540	9.679	18.802	25.594	177.000
15/09/1990	0.000	10.806	18.592	26.613	71.000
16/09/1990	2.181	11.152	17.653	26.359	40.000
17/09/1990	1.898	12.162	17.278	27.256	39.000
18/09/1990	2.106	10.798	18.251	26.395	43.000
19/09/1990	13.043	11.097	17.273	26.049	35.000
20/09/1990	4.503	9.614	17.903	24.884	38.000
21/09/1990	9.659	10.262	16.981	24.942	46.000
22/09/1990	27.308	9.245	16.965	23.794	265.000
23/09/1990	6.703	10.157	17.350	25.102	190.000
24/09/1990	17.789	10.681	16.661	25.195	102.000
25/09/1990	8.169	10.356	17.003	25.093	239.000
26/09/1990	1.237	9.422	18.105	24.853	190.000
27/09/1990	1.117	9.517	18.695	25.416	132.000
28/09/1990	7.372	8.445	17.826	23.674	85.000
29/09/1990	10.480	11.956	17.375	27.179	49.000
30/09/1990	4.925	9.691	16.702	24.170	57.000
01/10/1990	7.511	8.878	17.942	24.237	112.000
02/10/1990	4.295	7.681	18.269	23.209	128.000
03/10/1990	20.310	9.616	16.669	24.074	262.000
04/10/1990	11.711	10.026	17.740	25.328	124.000
05/10/1990	10.576	7.267	18.141	22.695	330.000
06/10/1990	4.375	8.755	18.711	24.708	199.000
07/10/1990	23.314	8.053	18.186	23.610	490.000
08/10/1990	24.385	7.280	18.273	22.856	479.000
09/10/1990	5.026	9.249	17.407	24.295	243.000
10/10/1990	16.111	8.551	18.439	24.321	874.000
11/10/1990	1.108	9.326	17.215	24.243	400.000
12/10/1990	24.989	7.766	17.799	23.029	620.000
13/10/1990	3.750	8.230	18.298	23.938	389.000
14/10/1990	7.308	10.737	17.785	26.330	790.300
15/10/1990	14.475	9.851	17.427	25.087	641.200
16/10/1990	5.789	8.842	17.871	24.310	769.900
17/10/1990	1.890	9.510	17.906	25.097	334.000
18/10/1990	4.462	9.566	18.145	25.366	430.000
19/10/1990	3.425	8.772	18.360	24.635	270.000
20/10/1990	40.354	7.815	17.766	23.150	261.000
21/10/1990	8.787	9.674	18.267	25.596	417.000
22/10/1990	17.698	6.810	17.615	22.062	382.000
23/10/1990	7.338	7.522	18.121	23.150	282.000
24/10/1990	8.297	7.527	18.038	23.080	343.000
25/10/1990	6.671	8.450	18.312	24.350	475.000
26/10/1990	11.301	8.683	17.923	24.294	316.000
27/10/1990	16.015	8.386	18.269	24.330	454.000
28/10/1990	21.861	9.319	16.964	24.390	692.000
29/10/1990	18.122	8.277	17.728	23.811	579.000
30/10/1990	5.256	8.646	17.062	23.703	597.000
31/10/1990	6.640	7.930	17.874	23.532	377.000
01/11/1990	10.215	7.919	18.488	24.007	356.000
02/11/1990	5.224	8.482	17.823	24.129	419.000
03/11/1990	26.620	8.352	18.086	24.282	543.000
04/11/1990	13.381	8.224	17.339	23.538	799.000
05/11/1990	16.401	9.001	17.951	24.929	1015.000
06/11/1990	0.528	9.944	16.978	25.324	561.000
07/11/1990	0.000	10.997	17.363	26.946	397.000
08/11/1990	10.718	8.914	18.381	25.196	492.000
09/11/1990	5.211	9.705	18.531	26.263	375.000
10/11/1990	18.041	7.450	18.677	23.804	474.000
11/11/1990	1.017	8.919	18.230	25.182	330.000
12/11/1990	1.731	9.009	17.794	24.975	267.000
13/11/1990	4.067	10.172	17.868	26.422	238.000
14/11/1990	0.000	9.999	18.368	26.600	281.000
15/11/1990	0.000	7.911	18.814	24.535	189.000
16/11/1990	0.199	9.267	17.778	25.353	182.000
17/11/1990	21.249	9.741	18.164	26.160	484.000
18/11/1990	35.492	6.574	18.480	22.778	598.000
19/11/1990	19.296	7.744	18.275	23.935	590.000
20/11/1990	1.785	8.173	18.578	24.706	348.000
21/11/1990	30.329	6.990	18.260	23.116	458.000
22/11/1990	10.509	8.889	17.735	24.968	337.000
23/11/1990	7.260	8.672	17.158	24.272	406.000
24/11/1990	0.994	6.886	17.564	22.471	419.000
25/11/1990	2.913	9.873	17.138	25.747	480.000
26/11/1990	4.564	9.058	18.452	25.715	320.000
27/11/1990	4.005	9.373	17.281	25.267	320.000
28/11/1990	3.439	9.022	18.693	25.922	328.000
29/11/1990	14.581	7.872	17.708	23.844	437.000
30/11/1990	5.650	8.556	17.975	24.805	567.000
01/12/1990	0.000	8.986	18.419	25.695	331.000
02/12/1990	7.697	8.128	18.411	24.689	317.000
03/12/1990	46.484	7.423	18.125	23.637	577.500
04/12/1990	5.535	7.822	17.408	23.552	493.000
05/12/1990	8.487	6.399	17.577	22.028	535.200
06/12/1990	0.758	8.612	17.097	24.285	550.000
07/12/1990	2.539	8.964	16.833	24.562	615.000
08/12/1990	3.523	7.556	16.945	22.906	601.600
09/12/1990	0.000	9.008	17.254	24.919	471.000
10/12/1990	0.000	7.984	17.033	23.509	375.000
11/12/1990	0.000	7.508	17.422	23.240	300.000
12/12/1990	0.171	9.113	16.670	24.660	371.000
13/12/1990	0.000	9.184	17.163	25.112	300.000
14/12/1990	0.000	9.468	18.118	26.176	232.000
15/12/1990	0.000	10.304	17.013	26.464	214.000
16/12/1990	0.000	9.582	17.913	26.166	173.000
17/12/1990	3.672	9.886	18.624	27.061	179.000
18/12/1990	0.776	10.107	17.077	26.208	133.000
19/12/1990	11.492	9.065	17.797	25.438	153.000
20/12/1990	6.628	10.449	18.458	27.629	153.000
21/12/1990	3.327	9.543	18.041	26.234	132.000
22/12/1990	0.000	9.957	17.212	26.164	112.000
23/12/1990	0.000	9.225	17.876	25.714	95.000
24/12/1990	3.408	8.411	17.762	24.608	127.000
25/12/1990	0.000	8.231	17.347	24.051	121.000
26/12/1990	3.238	7.970	17.696	24.015	126.000
27/12/1990	27.435	8.304	17.900	24.536	193.000
28/12/1990	9.192	8.379	16.831	23.863	231.000
29/12/1990	0.000	9.224	17.635	25.438	160.000
30/12/1990	9.698	8.543	17.272	24.353	209.000
31/12/1990	0.421	9.622	16.847	25.398	204.000
01/01/1991	12.738	8.741	17.811	24.965	195.800
02/01/1991	6.406	8.585	17.376	24.448	154.300
03/01/1991	0.721	8.882	17.297	24.738	164.500
04/01/1991	3.089	8.010	18.176	24.355	151.800
05/01/1991	0.269	8.784	18.811	25.741	130.500
06/01/1991	0.000	9.001	18.110	25.497	118.200
07/01/1991	19.570	9.010	17.388	24.938	176.000
08/01/1991	6.868	9.156	17.760	25.394	139.400
09/01/1991	0.000	10.273	17.868	26.824	110.800
10/01/1991	2.954	11.296	16.062	26.827	81.400
11/01/1991	0.891	8.709	18.304	25.189	76.000
12/01/1991	0.202	9.236	17.632	25.305	71.000
13/01/1991	0.314	10.364	16.186	25.661	65.000
14/01/1991	0.259	10.666	15.818	25.776	55.000
15/01/1991	0.000	9.861	16.638	25.315	52.000
16/01/1991	0.025	10.083	16.016	25.110	60.000
17/01/1991	0.106	9.792	16.390	25.006	105.900
18/01/1991	0.930	8.943	17.770	24.969	70.000
19/01/1991	0.051	9.795	17.535	25.785	73.200
20/01/1991	0.000	9.671	16.547	24.900	69.000
21/01/1991	0.733	10.221	15.677	24.955	61.000
22/01/1991	1.193	9.885	16.503	25.092	49.500
23/01/1991	0.000	11.899	14.965	26.576	45.100
24/01/1991	0.000	11.965	16.749	27.820	39.600
25/01/1991	0.000	12.014	16.858	27.932	34.600
26/01/1991	0.000	11.496	16.599	27.109	29.700
27/01/1991	0.000	10.158	18.012	26.404	29.100
28/01/1991	0.000	11.957	17.240	28.006	34.600
29/01/1991	0.260	12.463	17.192	28.560	28.600
30/01/1991	0.000	12.535	16.374	28.110	28.600
31/01/1991	0.000	10.486	17.725	26.472	27.800
01/02/1991	0.000	11.065	17.801	27.189	27.500
02/02/1991	0.000	10.677	17.985	26.799	26.700
03/02/1991	0.000	10.133	16.884	25.337	31.300
04/02/1991	0.000	10.167	16.603	25.164	38.500
05/02/1991	0.000	10.155	17.058	25.459	39.600
06/02/1991	0.000	10.650	17.924	26.624	35.700
07/02/1991	0.000	9.827	18.352	25.985	28.300
08/02/1991	0.000	8.320	17.580	23.667	64.200
09/02/1991	0.000	10.033	17.407	25.475	104.500
10/02/1991	0.000	8.714	18.430	24.766	65.000
11/02/1991	2.176	10.001	17.356	25.388	59.500
12/02/1991	0.925	9.274	18.631	25.467	45.600
13/02/1991	5.537	9.944	17.981	25.743	39.000
14/02/1991	3.015	10.614	19.519	27.560	54.500
15/02/1991	14.731	10.173	18.783	26.491	68.000
16/02/1991	45.197	7.424	19.270	23.956	101.100
17/02/1991	0.399	10.065	18.830	26.379	80.000
18/02/1991	4.427	10.222	18.302	26.135	69.400
19/02/1991	5.455	10.884	18.429	26.958	131.500
20/02/1991	0.000	10.821	17.392	26.151	195.200
21/02/1991	0.000	9.502	19.180	25.962	225.500
22/02/1991	0.000	11.337	17.985	27.089	112.600
23/02/1991	0.000	10.386	20.086	27.578	84.400
24/02/1991	0.000	8.869	20.708	26.416	61.000
25/02/1991	0.000	11.934	20.353	29.379	55.000
26/02/1991	2.287	9.795	20.608	27.272	49.500
27/02/1991	12.603	10.849	18.615	26.894	61.000
28/02/1991	12.212	11.260	19.584	28.033	71.000
01/03/1991	6.281	11.331	18.174	27.094	80.000
02/03/1991	19.831	9.432	18.368	25.081	108.500
03/03/1991	6.237	9.592	18.440	25.324	99.200
04/03/1991	3.857	8.984	18.496	24.722	82.200
05/03/1991	2.468	7.802	18.638	23.577	220.400
06/03/1991	3.343	8.750	18.625	24.535	167.100
07/03/1991	15.889	9.326	19.001	25.394	143.900
08/03/1991	4.091	9.532	18.936	25.574	211.500
09/03/1991	7.915	8.509	18.613	24.224	251.500
10/03/1991	17.064	9.017	17.913	24.183	167.100
11/03/1991	13.926	7.320	19.368	23.651	403.000
12/03/1991	20.539	9.398	18.688	25.193	429.600
13/03/1991	12.192	10.177	19.513	26.616	347.400
14/03/1991	8.216	10.523	19.776	27.164	280.000
15/03/1991	5.421	12.545	17.984	28.076	247.000
16/03/1991	0.262	11.508	18.413	27.253	220.000
17/03/1991	0.886	11.545	18.195	27.096	220.000
18/03/1991	0.759	11.547	17.791	26.826	167.100
19/03/1991	0.000	11.911	17.363	26.882	137.800
20/03/1991	0.000	11.771	17.911	27.105	130.500
21/03/1991	0.000	12.670	17.286	27.693	85.700
22/03/1991	0.000	10.302	19.150	26.420	73.000
23/03/1991	0.313	12.438	17.993	27.882	80.000
24/03/1991	9.625	12.373	17.975	27.759	91.100
25/03/1991	5.806	10.543	18.568	26.201	81.000
26/03/1991	3.795	9.360	18.426	24.830	105.300
27/03/1991	0.000	7.036	18.334	22.407	186.200
28/03/1991	25.025	8.089	17.840	23.081	145.400
29/03/1991	0.000	11.474	17.436	26.379	196.400
30/03/1991	0.795	11.518	17.385	26.400	154.300
31/03/1991	24.543	10.145	17.663	25.124	209.500
01/04/1991	2.704	9.757	17.865	24.824	305.000
02/04/1991	0.000	10.589	17.469	25.432	302.700
03/04/1991	0.000	11.333	16.782	25.757	220.000
04/04/1991	1.043	10.728	18.906	26.657	161.900
05/04/1991	0.268	11.781	18.561	27.509	128.000
06/04/1991	14.251	10.197	18.651	25.860	133.100
07/04/1991	2.926	10.105	19.397	26.374	119.400
08/04/1991	3.979	10.494	19.126	26.560	107.200
09/04/1991	30.741	9.184	19.109	25.170	137.800
10/04/1991	11.196	7.588	19.670	24.080	293.500
11/04/1991	12.031	9.010	19.608	25.406	272.500
12/04/1991	10.524	10.237	18.496	25.843	205.000
13/04/1991	23.319	7.326	19.151	23.382	406.200
14/04/1991	0.983	9.789	18.446	25.328	292.600
15/04/1991	6.311	8.949	18.009	24.147	278.000
16/04/1991	6.549	11.514	17.753	26.737	235.000
17/04/1991	14.335	9.930	19.685	26.440	188.700
18/04/1991	11.958	9.712	18.994	25.693	296.500
19/04/1991	4.009	9.728	18.749	25.558	227.900
20/04/1991	2.313	10.335	19.176	26.535	209.500
21/04/1991	1.563	10.896	18.827	26.862	215.600
22/04/1991	4.601	10.752	19.090	26.922	154.300
23/04/1991	5.216	10.203	19.456	26.624	119.400
24/04/1991	8.858	10.744	19.826	27.491	119.400
25/04/1991	1.413	12.209	19.651	28.962	107.100
26/04/1991	15.016	11.562	17.904	27.051	185.400
27/04/1991	3.458	9.577	19.525	26.068	158.400
28/04/1991	24.099	9.369	19.324	25.685	158.100
29/04/1991	23.935	11.291	19.128	27.596	221.600
30/04/1991	11.819	10.316	18.004	25.730	256.000
01/05/1991	20.777	10.708	18.879	26.798	280.000
02/05/1991	16.232	9.240	19.449	25.728	324.800
03/05/1991	13.461	10.067	18.567	25.930	286.000
04/05/1991	14.520	8.585	18.901	24.605	531.200
05/05/1991	9.721	9.196	18.942	25.301	532.200
06/05/1991	0.000	10.117	19.044	26.390	413.600
07/05/1991	6.611	10.234	18.686	26.237	324.700
08/05/1991	4.523	11.288	18.205	27.112	312.800
09/05/1991	7.519	10.479	19.390	27.039	241.400
10/05/1991	14.062	9.636	19.509	26.228	257.600
11/05/1991	4.456	10.112	19.233	26.533	244.000
12/05/1991	4.725	9.288	18.112	24.810	241.400
13/05/1991	21.326	10.557	18.946	26.817	320.700
14/05/1991	0.000	10.249	19.087	26.651	212.500
15/05/1991	2.542	9.540	19.283	26.031	214.000
16/05/1991	16.067	9.698	18.663	25.759	233.500
17/05/1991	33.797	7.839	19.035	24.084	358.500
18/05/1991	23.300	6.129	18.938	22.356	405.300
19/05/1991	1.597	7.463	19.137	23.759	413.600
20/05/1991	10.952	7.799	18.734	23.772	428.400
21/05/1991	6.300	7.359	18.632	23.266	474.500
22/05/1991	8.362	8.798	18.474	24.677	524.400
23/05/1991	5.788	9.718	17.404	24.885	399.500
24/05/1991	16.226	7.529	18.279	23.183	470.600
25/05/1991	5.335	9.738	17.747	25.259	392.100
26/05/1991	8.284	10.502	18.320	26.515	336.700
27/05/1991	10.535	10.818	18.626	27.080	326.300
28/05/1991	0.000	9.057	19.250	25.606	268.000
29/05/1991	1.720	10.250	19.295	26.965	235.000
30/05/1991	16.671	9.692	18.670	25.882	292.800
31/05/1991	4.962	7.914	18.847	24.116	277.000
01/06/1991	1.504	8.690	18.953	25.015	274.000
02/06/1991	1.495	9.217	19.224	25.801	251.500
03/06/1991	21.567	9.419	19.238	26.055	322.600
04/06/1991	1.475	10.902	18.770	27.382	262.000
05/06/1991	15.002	9.614	18.842	25.984	271.000
06/06/1991	4.586	7.836	18.251	23.626	265.500
07/06/1991	14.207	9.813	17.906	25.538	328.000
08/06/1991	0.000	9.272	18.850	25.634	236.500
09/06/1991	0.000	10.725	18.674	27.140	190.000
10/06/1991	0.301	9.646	19.090	26.215	168.500
11/06/1991	2.584	10.681	18.824	27.206	141.500
12/06/1991	0.000	11.627	18.244	27.874	131.900
13/06/1991	1.212	9.646	19.038	26.199	104.700
14/06/1991	10.349	7.426	19.276	23.988	157.100
15/06/1991	8.895	7.398	18.251	23.179	159.500
16/06/1991	8.488	7.704	18.798	23.929	266.500
17/06/1991	2.517	8.073	18.179	23.871	205.400
18/06/1991	7.640	11.132	18.156	27.302	169.600
19/06/1991	17.393	9.277	18.084	25.142	250.000
20/06/1991	3.370	10.041	18.782	26.501	170.900
21/06/1991	13.734	9.016	19.449	25.869	196.000
22/06/1991	5.831	9.772	18.138	25.750	177.300
23/06/1991	6.334	9.306	18.812	25.725	151.200
24/06/1991	0.564	9.584	17.965	25.397	136.500
25/06/1991	3.365	9.694	17.802	25.376	121.800
26/06/1991	5.753	10.476	17.033	25.730	179.500
27/06/1991	8.516	9.063	17.333	24.299	175.400
28/06/1991	9.276	8.335	18.198	24.167	270.400
29/06/1991	9.746	8.583	18.047	24.282	202.400
30/06/1991	1.227	10.214	17.169	25.477	128.000
01/07/1991	0.492	9.192	18.219	25.078	107.200
02/07/1991	1.495	9.980	18.757	26.363	121.800
03/07/1991	1.732	10.522	17.891	26.375	134.300
04/07/1991	8.762	9.254	18.616	25.445	168.900
05/07/1991	20.043	8.536	18.137	24.267	164.500
06/07/1991	18.297	10.394	16.890	25.500	179.500
07/07/1991	8.394	7.493	18.398	23.343	177.300
08/07/1991	1.704	9.674	18.283	25.656	184.900
09/07/1991	3.094	8.614	18.132	24.362	187.400
10/07/1991	1.121	10.291	18.145	26.267	172.100
11/07/1991	0.349	8.881	18.786	25.170	168.300
12/07/1991	3.740	9.208	18.308	25.151	93.700
13/07/1991	5.934	10.427	16.980	25.547	88.000
14/07/1991	1.127	11.081	18.157	27.167	74.000
15/07/1991	0.160	10.531	18.908	27.038	66.000
16/07/1991	0.189	10.280	19.228	26.968	68.000
17/07/1991	0.153	10.692	18.192	26.664	56.000
18/07/1991	2.199	10.224	18.719	26.548	58.900
19/07/1991	0.153	10.465	18.967	26.961	55.000
20/07/1991	8.477	9.793	17.724	25.308	46.700
21/07/1991	0.000	9.762	18.282	25.654	47.800
22/07/1991	0.245	10.525	17.744	26.142	75.000
23/07/1991	0.023	11.289	17.328	26.679	48.900
24/07/1991	0.000	8.355	18.653	24.349	47.300
25/07/1991	3.302	11.183	18.406	27.294	42.800
26/07/1991	1.345	10.641	18.324	26.606	42.800
27/07/1991	1.649	9.533	18.208	25.272	42.800
28/07/1991	5.402	9.516	18.304	25.352	39.000
29/07/1991	3.824	10.496	18.148	26.260	41.200
30/07/1991	16.475	8.723	18.115	24.314	58.000
31/07/1991	19.584	8.644	18.478	24.459	75.000
01/08/1991	13.455	6.892	17.356	21.818	108.400
02/08/1991	8.120	11.275	16.144	25.730	120.600
03/08/1991	6.188	11.229	17.712	26.751	73.000
04/08/1991	0.000	11.059	17.519	26.394	75.000
05/08/1991	0.000	9.078	17.533	24.150	108.400
06/08/1991	7.361	10.728	17.840	26.214	85.000
07/08/1991	2.982	10.398	17.945	25.913	62.000
08/08/1991	3.703	10.533	18.551	26.522	59.000
09/08/1991	3.239	9.895	16.779	24.551	48.900
10/08/1991	18.361	10.378	16.719	25.009	53.900
11/08/1991	3.180	10.244	18.594	26.227	118.900
12/08/1991	0.000	11.546	17.663	26.983	84.700
13/08/1991	0.000	11.006	17.725	26.403	48.900
14/08/1991	0.000	11.862	17.724	27.342	35.200
15/08/1991	0.000	12.620	17.256	27.852	30.200
16/08/1991	0.179	10.744	17.715	26.035	27.500
17/08/1991	0.377	11.351	17.564	26.590	30.800
18/08/1991	1.584	10.284	18.064	25.750	37.900
19/08/1991	0.249	10.440	17.686	25.647	30.200
20/08/1991	0.819	10.171	17.785	25.398	32.400
21/08/1991	0.293	11.247	18.219	26.908	33.500
22/08/1991	0.293	11.745	17.789	27.138	27.500
23/08/1991	0.024	11.734	17.346	26.840	32.400
24/08/1991	0.024	10.323	17.624	25.446	30.200
25/08/1991	0.024	11.286	17.603	26.491	23.000
26/08/1991	0.000	11.162	16.705	25.765	22.800
27/08/1991	0.000	10.651	17.749	25.935	22.200
28/08/1991	1.821	10.909	18.876	26.993	21.700
29/08/1991	0.000	10.152	17.587	25.205	21.700
30/08/1991	0.000	12.086	17.625	27.394	21.500
31/08/1991	0.000	11.768	17.612	27.019	21.700
01/09/1991	2.666	11.192	18.249	26.802	21.500
02/09/1991	0.000	13.162	17.501	28.485	21.900
03/09/1991	0.710	11.709	17.150	26.596	21.500
04/09/1991	5.950	9.747	18.818	25.672	22.400
05/09/1991	0.000	9.898	18.940	25.953	21.000
06/09/1991	6.254	10.450	18.068	25.858	19.500
07/09/1991	1.361	12.417	17.846	27.885	19.700
08/09/1991	3.069	13.235	16.888	28.190	20.600
09/09/1991	0.757	12.007	18.392	27.823	20.600
10/09/1991	3.007	12.239	19.144	28.586	21.000
11/09/1991	1.297	11.068	18.962	27.199	21.300
12/09/1991	1.297	13.487	17.677	28.980	21.300
13/09/1991	1.443	11.532	17.535	26.683	21.300
14/09/1991	5.076	11.611	17.049	26.483	35.600
15/09/1991	20.771	8.881	18.866	24.785	46.800
16/09/1991	16.240	9.494	18.510	25.228	33.500
17/09/1991	10.763	9.617	17.661	24.670	56.800
18/09/1991	2.957	9.780	18.394	25.398	104.500
19/09/1991	19.463	9.306	18.718	25.147	82.300
20/09/1991	15.896	7.951	19.121	24.092	69.000
21/09/1991	19.347	8.663	18.238	24.137	167.700
22/09/1991	6.748	8.483	17.538	23.404	92.100
23/09/1991	13.004	8.766	18.032	24.100	59.000
24/09/1991	12.978	8.184	18.276	23.683	249.400
25/09/1991	6.317	10.178	17.158	25.028	269.200
26/09/1991	15.373	8.523	17.842	23.685	196.600
27/09/1991	8.525	10.822	18.138	26.417	298.200
28/09/1991	8.469	11.121	18.185	26.821	163.700
29/09/1991	3.676	9.126	18.808	25.145	193.900
30/09/1991	3.164	9.468	18.990	25.610	190.000
01/10/1991	19.733	10.860	16.536	25.360	224.400
02/10/1991	9.146	10.697	17.435	25.828	253.500
03/10/1991	4.006	9.981	17.943	25.435	221.600
04/10/1991	0.000	10.616	17.549	25.881	172.000
05/10/1991	2.883	9.966	17.946	25.411	197.500
06/10/1991	10.122	9.682	17.387	24.693	108.400
07/10/1991	4.306	8.771	18.004	24.169	60.000
08/10/1991	34.703	8.898	16.871	23.452	386.400
09/10/1991	3.669	7.015	18.235	22.587	298.400
10/10/1991	11.117	8.313	17.866	23.610	346.600
11/10/1991	1.351	9.512	16.910	24.240	245.700
12/10/1991	11.344	10.336	16.244	24.727	317.000
13/10/1991	3.938	10.858	17.785	26.435	227.100
14/10/1991	18.170	8.081	18.028	23.577	220.000
15/10/1991	6.439	10.095	16.387	24.610	177.300
16/10/1991	6.039	9.675	16.199	23.996	177.300
17/10/1991	8.476	9.034	18.525	25.000	342.500
18/10/1991	15.917	7.456	18.824	23.581	220.000
19/10/1991	0.000	9.090	16.898	23.884	242.500
20/10/1991	0.000	11.372	15.600	25.702	164.500
21/10/1991	0.000	11.727	16.561	26.810	151.800
22/10/1991	0.000	11.395	16.612	26.455	125.500
23/10/1991	5.635	10.928	16.673	26.001	114.500
24/10/1991	0.000	10.727	18.033	26.714	91.100
25/10/1991	3.803	8.986	18.282	24.993	86.100
26/10/1991	5.380	7.836	17.927	23.382	96.400
27/10/1991	13.535	8.440	16.898	23.294	228.600
28/10/1991	2.848	9.008	17.068	24.103	132.900
29/10/1991	9.020	11.736	16.773	27.170	139.500
30/10/1991	20.536	8.089	18.513	24.172	126.800
31/10/1991	4.132	8.675	17.804	24.342	176.000
01/11/1991	1.996	10.029	17.759	25.862	192.200
02/11/1991	10.904	10.088	17.859	26.001	326.200
03/11/1991	9.677	8.561	17.754	24.209	289.800
04/11/1991	2.737	7.147	18.007	22.882	219.400
05/11/1991	3.251	8.882	17.589	24.501	190.000
06/11/1991	10.316	7.079	18.077	22.866	164.500
07/11/1991	6.588	7.885	17.767	23.516	177.300
08/11/1991	9.951	7.450	17.871	23.128	250.000
09/11/1991	21.956	7.808	17.802	23.474	371.200
10/11/1991	10.040	6.926	17.980	22.676	452.000
11/11/1991	1.827	9.548	17.235	25.115	319.400
12/11/1991	1.367	8.592	17.874	24.512	250.000
13/11/1991	4.622	7.458	17.589	23.000	235.000
14/11/1991	40.541	7.731	18.023	23.682	390.900
15/11/1991	12.408	8.607	17.978	24.658	619.000
16/11/1991	0.000	7.269	17.872	23.025	487.300
17/11/1991	1.709	8.970	17.422	24.683	375.000
18/11/1991	5.861	9.350	17.109	24.949	318.100
19/11/1991	2.950	9.260	17.025	24.801	265.000
20/11/1991	18.823	10.591	17.262	26.634	239.500
21/11/1991	29.032	8.094	18.923	24.888	328.400
22/11/1991	5.089	9.360	18.725	26.234	245.500
23/11/1991	2.169	8.115	18.711	24.781	268.000
24/11/1991	36.826	8.303	19.135	25.343	311.900
25/11/1991	27.150	7.965	18.747	24.658	505.600
26/11/1991	8.026	6.990	18.714	23.567	583.600
27/11/1991	5.009	9.616	18.311	26.311	514.400
28/11/1991	0.000	8.694	18.600	25.443	759.800
29/11/1991	0.000	8.268	18.407	24.812	627.100
30/11/1991	0.000	8.224	18.574	24.895	447.500
01/12/1991	0.000	9.675	18.074	26.292	318.700
02/12/1991	5.233	9.171	18.324	25.871	327.500
03/12/1991	7.922	8.532	18.093	24.898	447.500
04/12/1991	14.813	9.548	17.670	25.855	257.500
05/12/1991	16.735	7.893	17.820	23.980	283.200
06/12/1991	3.461	8.357	18.438	24.972	343.200
07/12/1991	0.000	7.674	19.203	24.827	235.000
08/12/1991	0.000	8.696	19.567	26.256	187.400
09/12/1991	1.498	6.573	19.571	23.868	235.800
10/12/1991	5.439	8.035	18.637	24.786	286.200
11/12/1991	2.998	9.973	16.782	25.810	297.100
12/12/1991	0.000	10.126	17.929	26.811	215.500
13/12/1991	8.583	8.434	19.269	25.753	176.900
14/12/1991	0.000	7.570	18.510	24.160	163.200
15/12/1991	0.000	7.490	18.132	23.785	147.900
16/12/1991	1.788	8.259	17.356	24.078	160.800
17/12/1991	1.328	5.916	17.962	21.853	167.100
18/12/1991	5.696	8.614	17.328	24.512	213.600
19/12/1991	15.300	8.600	17.770	24.826	214.400
20/12/1991	0.000	8.526	16.794	24.013	200.200
21/12/1991	1.296	9.278	16.387	24.661	151.800
22/12/1991	0.000	8.731	17.959	25.119	148.400
23/12/1991	0.000	8.445	17.519	24.446	154.300
24/12/1991	0.000	9.116	17.110	24.952	120.600
25/12/1991	0.000	8.151	16.855	23.555	109.600
26/12/1991	0.000	8.679	16.366	23.872	107.200
27/12/1991	0.000	9.662	16.788	25.430	90.000
28/12/1991	4.977	9.844	17.078	25.860	97.300
29/12/1991	13.523	8.946	17.609	25.090	135.000
30/12/1991	3.176	9.222	17.480	25.368	129.200
31/12/1991	0.000	10.719	16.387	26.522	90.000
01/01/1992	0.000	8.747	16.472	24.054	85.800
02/01/1992	2.211	8.762	17.240	24.584	91.700
03/01/1992	20.634	8.602	17.744	24.750	171.700
04/01/1992	0.000	8.743	17.469	24.709	106.100
05/01/1992	12.843	6.824	18.583	23.297	109.900
06/01/1992	4.612	7.654	17.827	23.658	91.500
07/01/1992	11.511	9.267	17.429	25.299	112.300
08/01/1992	0.000	9.093	17.057	24.804	94.600
09/01/1992	0.000	9.543	17.892	25.930	82.900
10/01/1992	0.000	9.794	17.017	25.685	74.500
11/01/1992	0.000	10.375	16.062	25.689	71.100
12/01/1992	5.324	8.929	17.315	24.728	83.100
13/01/1992	0.055	8.588	18.009	24.794	73.700
14/01/1992	0.000	8.925	17.962	25.132	64.500
15/01/1992	0.000	8.693	17.038	24.160	60.700
16/01/1992	0.000	8.355	17.622	24.192	58.000
17/01/1992	0.000	9.454	16.933	25.092	59.200
18/01/1992	0.000	10.435	16.757	26.099	51.800
19/01/1992	0.000	10.243	17.297	26.170	48.700
20/01/1992	0.000	11.128	17.055	27.115	46.600
21/01/1992	1.363	8.474	18.890	25.237	46.900
22/01/1992	0.000	10.637	17.254	26.587	46.100
23/01/1992	22.546	10.700	17.702	26.939	58.100
24/01/1992	5.512	7.989	18.590	24.391	60.900
25/01/1992	7.815	9.095	17.147	24.573	178.600
26/01/1992	0.000	9.943	16.599	25.131	82.700
27/01/1992	0.000	8.705	17.529	24.276	68.800
28/01/1992	0.000	9.302	16.419	24.163	63.600
29/01/1992	0.811	7.917	17.904	23.648	63.600
30/01/1992	2.192	9.555	17.855	25.499	68.600
31/01/1992	8.711	9.912	17.247	25.430	70.300
01/02/1992	5.048	8.462	17.003	23.538	109.300
02/02/1992	0.876	10.819	15.215	25.096	93.400
03/02/1992	0.726	10.560	17.408	26.259	68.200
04/02/1992	0.000	10.588	16.531	25.654	59.600
05/02/1992	0.770	10.751	17.676	26.610	53.000
06/02/1992	0.000	9.349	18.722	25.730	49.200
07/02/1992	0.000	8.288	18.020	24.013	48.200
08/02/1992	0.000	10.462	17.336	25.993	45.500
09/02/1992	0.000	9.504	18.169	25.467	109.100
10/02/1992	8.416	8.877	17.407	24.137	108.900
11/02/1992	19.996	6.440	18.478	22.346	583.100
12/02/1992	1.603	8.134	17.881	23.606	719.900
13/02/1992	0.000	9.254	16.754	24.031	280.100
14/02/1992	0.000	10.933	16.458	25.714	158.500
15/02/1992	0.000	10.785	16.948	25.866	113.200
16/02/1992	5.222	9.564	16.984	24.478	101.100
17/02/1992	17.766	10.081	18.308	26.045	126.200
18/02/1992	0.196	9.171	17.881	24.677	121.300
19/02/1992	9.166	10.203	17.490	25.491	109.900
20/02/1992	6.139	9.256	18.119	24.911	109.500
21/02/1992	18.933	7.734	18.757	23.731	312.200
22/02/1992	0.000	10.907	17.456	26.227	177.500
23/02/1992	1.600	9.914	18.725	26.009	154.500
24/02/1992	0.000	10.411	17.959	25.996	114.400
25/02/1992	0.000	11.397	19.920	28.491	94.000
26/02/1992	3.652	9.112	19.324	25.547	83.600
27/02/1992	16.595	10.285	18.254	26.007	200.400
28/02/1992	2.224	11.784	17.746	27.353	126.400
29/02/1992	13.452	9.719	18.823	25.808	137.400
01/03/1992	12.949	10.208	18.868	26.297	201.400
02/03/1992	0.584	11.025	19.076	27.355	99.200
03/03/1992	1.734	11.800	18.991	28.144	91.200
04/03/1992	6.850	8.549	19.837	25.292	84.200
05/03/1992	3.822	10.435	19.070	26.629	120.300
06/03/1992	2.035	11.966	19.148	28.347	88.900
07/03/1992	23.634	9.545	18.719	25.414	164.200
08/03/1992	0.000	9.964	18.875	25.951	112.000
09/03/1992	0.537	10.879	18.147	26.410	91.800
10/03/1992	0.000	12.040	19.467	28.629	75.100
11/03/1992	0.000	10.969	19.773	27.701	72.300
12/03/1992	11.578	9.429	19.629	25.945	87.800
13/03/1992	3.615	9.645	20.206	26.609	91.900
14/03/1992	14.520	9.295	19.570	25.722	92.400
15/03/1992	5.672	9.059	19.124	25.158	83.400
16/03/1992	3.189	9.964	19.081	26.041	71.100
17/03/1992	6.473	10.694	19.794	27.340	70.500
18/03/1992	0.000	11.670	18.391	27.388	66.300
19/03/1992	0.067	11.683	20.119	28.622	59.600
20/03/1992	1.419	10.426	18.781	26.262	90.700
21/03/1992	0.885	8.443	18.714	24.115	63.000
22/03/1992	0.000	10.627	18.269	26.087	55.600
23/03/1992	0.000	12.206	18.013	27.625	51.300
24/03/1992	0.000	10.587	18.007	25.871	48.700
25/03/1992	0.000	10.453	17.488	25.333	51.500
26/03/1992	1.698	10.903	17.733	25.971	81.500
27/03/1992	0.000	11.350	17.407	26.249	55.800
28/03/1992	0.349	11.003	18.831	26.859	40.300
29/03/1992	1.887	11.513	19.186	27.719	43.500
30/03/1992	3.389	8.490	18.738	24.188	39.300
31/03/1992	10.131	8.106	18.279	23.435	142.600
01/04/1992	2.618	10.304	17.094	24.850	62.600
02/04/1992	1.604	11.534	17.439	26.411	45.600
03/04/1992	5.928	9.878	19.054	25.866	74.100
04/04/1992	0.459	10.037	19.061	26.047	46.600
05/04/1992	18.303	9.805	18.356	25.278	87.500
06/04/1992	5.202	11.500	18.215	27.010	84.000
07/04/1992	2.723	11.120	18.731	26.939	81.600
08/04/1992	1.693	13.344	18.504	29.253	56.300
09/04/1992	1.238	11.794	19.900	28.526	54.100
10/04/1992	1.020	10.798	19.435	27.118	92.700
11/04/1992	4.459	9.974	19.493	26.307	108.700
12/04/1992	19.202	10.223	19.067	26.259	98.200
13/04/1992	2.249	10.069	18.953	26.023	49.800
14/04/1992	2.410	11.158	17.990	26.496	51.300
15/04/1992	9.013	10.294	17.576	25.234	65.800
16/04/1992	21.911	7.652	19.173	23.765	118.700
17/04/1992	0.000	7.904	18.696	23.622	75.600
18/04/1992	7.764	8.746	19.282	24.927	72.400
19/04/1992	20.408	8.787	18.719	24.544	345.600
20/04/1992	0.538	12.009	18.179	27.603	162.100
21/04/1992	4.918	10.508	18.618	26.270	115.300
22/04/1992	9.059	8.625	19.224	24.794	117.700
23/04/1992	12.443	10.054	18.831	26.009	137.000
24/04/1992	8.141	8.230	18.767	24.087	108.600
25/04/1992	2.305	9.286	18.932	25.265	138.000
26/04/1992	14.806	8.271	19.161	24.429	104.000
27/04/1992	1.493	8.429	19.597	24.922	114.900
28/04/1992	0.040	9.094	18.644	24.878	87.500
29/04/1992	1.590	9.175	18.638	25.023	89.900
30/04/1992	4.072	9.262	18.741	25.124	89.900
01/05/1992	6.223	9.507	18.141	24.959	71.200
02/05/1992	7.590	9.938	18.775	25.943	124.000
03/05/1992	14.837	9.143	17.927	24.429	307.400
04/05/1992	20.801	10.151	18.276	25.789	192.000
05/05/1992	16.107	10.116	18.183	25.702	170.000
06/05/1992	18.627	9.268	17.730	24.484	265.100
07/05/1992	17.429	9.995	18.725	26.006	397.100
08/05/1992	4.355	9.125	17.936	24.471	264.900
09/05/1992	6.124	11.357	17.297	26.571	210.500
10/05/1992	0.000	11.269	18.730	27.469	177.300
11/05/1992	5.497	11.497	19.174	28.032	138.800
12/05/1992	17.114	10.776	18.975	27.083	151.000
13/05/1992	9.771	9.572	18.914	25.757	137.200
14/05/1992	0.069	10.299	18.972	26.631	129.600
15/05/1992	8.633	10.560	18.706	26.719	140.700
16/05/1992	4.611	7.518	19.135	23.836	114.800
17/05/1992	5.181	9.852	18.424	25.734	110.400
18/05/1992	7.617	9.909	18.471	25.853	121.500
19/05/1992	8.922	9.717	19.730	26.624	194.300
20/05/1992	11.180	9.806	18.477	25.794	154.200
21/05/1992	10.476	8.662	18.871	24.843	200.000
22/05/1992	12.280	8.030	18.435	23.849	135.500
23/05/1992	2.393	8.440	18.286	24.208	135.500
24/05/1992	3.760	10.163	18.247	26.070	132.900
25/05/1992	0.645	11.115	18.144	27.105	135.700
26/05/1992	4.200	9.457	18.519	25.551	161.000
27/05/1992	3.523	10.434	18.301	26.467	135.500
28/05/1992	24.034	9.512	18.706	25.751	328.300
29/05/1992	34.711	7.988	17.400	23.038	322.000
30/05/1992	5.115	9.366	17.834	24.940	151.000
31/05/1992	9.547	9.171	19.012	25.586	466.900
01/06/1992	10.366	9.776	18.336	25.794	151.000
02/06/1992	12.286	9.616	18.217	25.529	161.000
03/06/1992	10.659	9.074	18.311	24.940	151.000
04/06/1992	4.024	9.932	17.278	25.144	151.000
05/06/1992	5.230	11.268	17.717	27.070	144.000
06/06/1992	1.054	10.539	17.077	25.820	131.700
07/06/1992	0.375	10.234	17.192	25.531	149.000
08/06/1992	0.402	9.625	17.830	25.276	131.700
09/06/1992	15.282	8.349	18.231	24.160	139.900
10/06/1992	2.930	9.484	18.170	25.371	311.000
11/06/1992	1.541	10.768	18.269	26.929	319.500
12/06/1992	3.040	9.106	18.884	25.501	126.100
13/06/1992	0.000	10.053	18.846	26.541	106.300
14/06/1992	0.000	10.669	18.092	26.682	79.500
15/06/1992	0.000	12.262	18.391	28.751	71.100
16/06/1992	0.000	9.426	18.932	25.884	64.200
17/06/1992	1.033	10.373	18.097	26.390	62.500
18/06/1992	0.000	10.543	17.788	26.327	62.500
19/06/1992	9.903	8.976	18.669	25.206	74.400
20/06/1992	19.901	7.678	17.696	23.057	236.900
21/06/1992	6.296	10.331	18.891	26.910	89.900
22/06/1992	0.000	11.550	19.231	28.542	68.800
23/06/1992	0.000	11.159	17.369	26.798	63.000
24/06/1992	1.944	10.472	17.424	25.996	52.400
25/06/1992	0.963	10.518	17.701	26.249	50.300
26/06/1992	2.239	9.750	17.674	25.378	51.300
27/06/1992	5.405	8.977	17.942	24.676	101.200
28/06/1992	1.665	9.450	17.259	24.695	60.700
29/06/1992	2.096	9.298	17.956	25.064	53.500
30/06/1992	0.599	10.687	17.449	26.327	46.100
01/07/1992	0.000	10.497	17.994	26.510	55.800
02/07/1992	0.578	10.896	18.099	26.946	47.100
03/07/1992	0.000	8.819	18.686	25.010	51.600
04/07/1992	0.000	9.656	18.238	25.634	53.800
05/07/1992	9.860	10.961	17.509	26.613	42.900
06/07/1992	0.000	9.777	17.222	25.039	40.800
07/07/1992	0.000	10.726	17.577	26.337	35.600
08/07/1992	7.786	8.468	17.910	23.996	35.000
09/07/1992	0.816	11.399	17.653	27.170	37.700
10/07/1992	4.756	9.092	18.326	24.999	34.000
11/07/1992	2.049	9.397	16.259	23.833	30.800
12/07/1992	2.000	9.851	17.035	24.887	31.200
13/07/1992	36.281	8.310	17.647	23.592	69.900
14/07/1992	10.063	8.106	17.384	23.225	85.400
15/07/1992	4.659	9.917	16.189	24.315	66.100
16/07/1992	4.286	10.860	17.863	26.669	69.400
17/07/1992	0.992	10.799	17.472	26.311	62.700
18/07/1992	0.152	11.792	16.551	26.807	45.500
19/07/1992	0.142	12.382	16.797	27.642	38.700
20/07/1992	0.142	12.433	17.414	28.105	33.600
21/07/1992	10.310	9.046	17.781	24.453	40.500
22/07/1992	3.393	9.568	17.978	25.196	35.000
23/07/1992	3.984	10.127	17.817	25.673	38.400
24/07/1992	0.000	12.470	17.404	28.097	34.800
25/07/1992	4.424	9.307	17.350	24.388	30.000
26/07/1992	14.882	9.217	18.250	24.956	31.200
27/07/1992	0.000	9.470	18.087	25.145	32.700
28/07/1992	0.000	10.878	16.913	25.882	30.800
29/07/1992	0.190	10.293	17.628	25.703	29.600
30/07/1992	1.412	8.847	17.783	24.174	39.900
31/07/1992	1.109	10.795	17.472	26.157	38.200
01/08/1992	18.214	10.123	17.516	25.419	67.700
02/08/1992	4.306	10.279	17.850	25.794	85.600
03/08/1992	0.036	11.742	17.279	27.016	63.800
04/08/1992	6.168	11.428	17.622	26.924	51.200
05/08/1992	0.000	9.395	17.875	24.762	44.800
06/08/1992	0.257	9.373	19.045	25.616	36.100
07/08/1992	11.999	10.549	18.180	26.254	39.800
08/08/1992	0.455	10.384	18.051	25.984	34.100
09/08/1992	1.418	8.878	18.485	24.657	32.800
10/08/1992	11.010	8.932	18.029	24.310	81.300
11/08/1992	6.113	11.341	16.048	25.628	76.800
12/08/1992	0.519	10.698	18.081	26.288	44.300
13/08/1992	10.915	10.090	17.733	25.360	36.600
14/08/1992	7.003	10.517	18.078	26.109	32.000
15/08/1992	8.213	8.343	17.673	23.432	41.500
16/08/1992	3.896	9.399	17.578	24.516	46.500
17/08/1992	1.398	7.974	18.709	23.849	58.600
18/08/1992	1.845	10.906	17.494	26.092	44.700
19/08/1992	11.885	11.858	17.291	27.010	48.700
20/08/1992	3.344	11.245	17.336	26.356	59.000
21/08/1992	0.000	11.994	17.464	27.246	42.000
22/08/1992	6.993	10.078	17.535	25.153	38.200
23/08/1992	0.616	11.726	17.674	27.084	33.600
24/08/1992	7.027	10.588	17.759	25.887	33.600
25/08/1992	0.000	12.041	17.078	27.016	29.600
26/08/1992	0.179	10.807	16.436	25.180	25.600
27/08/1992	5.516	10.854	16.642	25.379	24.800
28/08/1992	0.418	11.798	16.885	26.570	28.800
29/08/1992	9.881	11.297	17.073	26.134	44.400
30/08/1992	4.549	10.372	18.177	25.927	58.900
31/08/1992	12.744	9.038	17.743	24.103	170.700
01/09/1992	3.490	11.266	17.608	26.468	87.800
02/09/1992	1.229	9.445	18.161	24.932	53.200
03/09/1992	7.390	10.988	18.118	26.536	72.100
04/09/1992	13.738	9.909	18.523	25.613	83.600
05/09/1992	2.440	10.779	17.743	26.067	49.600
06/09/1992	0.952	9.405	18.221	24.891	41.700
07/09/1992	14.140	9.486	17.126	24.106	95.700
08/09/1992	0.917	9.440	17.310	24.205	98.800
09/09/1992	6.346	8.946	17.903	24.142	81.600
10/09/1992	9.263	10.033	18.020	25.401	104.400
11/09/1992	0.902	11.228	17.369	26.297	63.400
12/09/1992	0.301	11.309	16.858	26.033	42.300
13/09/1992	16.445	9.367	18.141	24.776	105.800
14/09/1992	3.719	7.969	17.958	23.179	79.200
15/09/1992	21.690	8.593	17.972	23.856	272.400
16/09/1992	2.954	8.810	17.552	23.740	160.900
17/09/1992	0.034	10.872	17.093	25.705	80.800
18/09/1992	10.196	9.459	17.507	24.424	81.000
19/09/1992	11.839	10.107	17.201	24.903	147.100
20/09/1992	0.095	11.362	16.759	26.073	68.200
21/09/1992	24.945	9.410	15.956	23.254	245.300
22/09/1992	3.976	9.202	17.484	24.129	107.000
23/09/1992	8.192	10.152	16.956	24.747	112.500
24/09/1992	15.702	9.281	16.358	23.401	161.800
25/09/1992	2.674	9.641	16.974	24.250	125.800
26/09/1992	6.905	10.474	17.535	25.593	217.300
27/09/1992	15.498	9.404	18.709	25.331	145.300
28/09/1992	0.745	9.583	17.209	24.420	117.300
29/09/1992	1.222	10.249	17.410	25.310	91.800
30/09/1992	0.496	10.856	16.962	25.709	91.800
01/10/1992	4.724	9.246	17.910	24.609	86.800
02/10/1992	15.769	7.266	17.812	22.483	83.200
03/10/1992	0.574	9.707	17.663	24.942	82.200
04/10/1992	4.074	10.102	16.740	24.740	99.100
05/10/1992	20.042	8.739	17.331	23.609	106.900
06/10/1992	1.460	9.421	17.408	24.445	99.000
07/10/1992	3.793	9.897	16.914	24.618	77.900
08/10/1992	16.325	8.484	17.869	23.765	314.200
09/10/1992	1.316	10.046	18.144	25.724	115.000
10/10/1992	14.432	10.372	18.424	26.320	216.000
11/10/1992	13.396	9.613	17.567	24.901	197.500
12/10/1992	20.380	6.921	17.458	21.879	354.400
13/10/1992	0.000	10.012	16.642	24.702	139.900
14/10/1992	0.000	11.564	16.868	26.683	82.500
15/10/1992	0.000	10.669	17.276	25.939	75.100
16/10/1992	0.000	11.689	16.975	26.926	67.600
17/10/1992	14.622	11.208	17.148	26.538	69.400
18/10/1992	1.849	10.134	17.679	25.677	63.600
19/10/1992	11.009	8.489	18.336	24.315	76.900
20/10/1992	0.000	8.681	18.013	24.311	71.100
21/10/1992	6.007	9.444	18.228	25.382	68.200
22/10/1992	12.087	9.911	17.718	25.557	66.500
23/10/1992	19.034	8.167	17.898	23.722	181.300
24/10/1992	0.298	8.237	18.391	24.193	97.100
25/10/1992	3.928	9.321	17.301	24.629	224.400
26/10/1992	13.705	10.779	16.660	25.891	166.700
27/10/1992	6.948	10.145	17.390	25.656	202.500
28/10/1992	1.620	8.704	18.638	24.969	100.800
29/10/1992	17.454	8.731	19.183	25.462	205.300
30/10/1992	12.923	8.323	18.938	24.860	244.200
31/10/1992	4.778	9.887	17.188	25.342	156.100
01/11/1992	5.631	9.580	18.717	26.084	118.900
02/11/1992	11.318	9.161	18.131	25.208	119.100
03/11/1992	3.870	8.341	19.208	25.118	101.200
04/11/1992	0.133	10.410	17.990	26.590	82.400
05/11/1992	16.867	10.104	17.358	25.818	95.700
06/11/1992	1.968	7.967	17.894	23.711	84.600
07/11/1992	5.546	9.362	17.958	25.384	98.300
08/11/1992	1.037	10.189	17.315	25.914	79.700
09/11/1992	0.000	8.797	18.189	24.929	68.100
10/11/1992	16.673	9.790	18.174	26.124	87.200
11/11/1992	21.808	9.161	17.711	25.064	85.600
12/11/1992	12.022	8.354	18.596	24.785	100.000
13/11/1992	10.112	7.157	18.740	23.576	234.200
14/11/1992	0.107	7.676	18.167	23.744	155.600
15/11/1992	7.297	7.609	18.196	23.677	195.700
16/11/1992	8.201	7.075	18.344	23.235	152.800
17/11/1992	13.928	7.478	17.837	23.289	202.700
18/11/1992	5.102	7.165	17.878	22.975	155.200
19/11/1992	7.122	9.949	17.228	25.823	205.700
20/11/1992	7.689	8.704	18.945	25.593	169.100
21/11/1992	25.169	8.149	18.719	24.823	395.800
22/11/1992	0.461	9.506	17.263	25.401	147.900
23/11/1992	17.890	8.336	18.231	24.696	411.200
24/11/1992	0.000	9.016	17.501	24.933	191.800
25/11/1992	7.877	7.952	18.208	24.237	179.000
26/11/1992	7.191	7.608	18.151	23.797	260.400
27/11/1992	0.048	7.246	17.368	22.821	192.400
28/11/1992	8.040	7.704	17.993	23.826	357.100
29/11/1992	17.628	7.507	19.073	24.440	447.400
30/11/1992	10.109	8.421	18.026	24.705	436.800
01/12/1992	3.101	10.262	17.573	26.661	286.300
02/12/1992	12.613	7.910	18.055	24.144	210.700
03/12/1992	5.265	9.621	17.304	25.693	296.300
04/12/1992	13.577	8.317	18.385	24.897	217.700
05/12/1992	7.872	7.623	18.148	23.938	252.700
06/12/1992	8.752	8.245	17.231	23.981	309.200
07/12/1992	2.858	8.612	18.121	25.062	266.100
08/12/1992	1.203	8.825	18.160	25.371	186.700
09/12/1992	4.779	7.727	18.395	24.254	179.600
10/12/1992	15.837	8.108	18.124	24.494	271.400
11/12/1992	8.798	8.577	17.339	24.464	215.900
12/12/1992	2.650	7.246	18.096	23.474	320.800
13/12/1992	8.789	8.517	17.807	24.749	220.100
14/12/1992	0.000	10.358	16.560	26.153	182.100
15/12/1992	3.854	9.613	17.868	26.154	155.000
16/12/1992	5.668	8.726	17.951	25.121	231.400
17/12/1992	0.918	8.638	18.294	25.273	234.400
18/12/1992	0.670	10.193	16.295	25.773	187.500
19/12/1992	1.688	10.205	16.249	25.751	149.300
20/12/1992	3.238	9.274	17.089	25.151	126.800
21/12/1992	4.244	9.952	16.878	25.849	116.000
22/12/1992	3.054	8.386	18.025	24.763	104.600
23/12/1992	0.000	8.984	17.375	25.038	94.800
24/12/1992	0.000	10.385	16.275	26.032	82.900
25/12/1992	0.822	10.786	17.658	27.472	83.200
26/12/1992	0.107	10.613	18.118	27.555	157.500
27/12/1992	3.480	11.063	17.917	27.965	118.000
28/12/1992	4.668	9.504	18.266	26.263	144.500
29/12/1992	1.277	8.718	19.304	26.089	119.300
30/12/1992	17.458	9.529	17.260	25.577	145.300
31/12/1992	6.185	7.328	19.267	24.452	278.500
01/01/1993	0.000	9.136	18.013	25.657	170.700
02/01/1993	6.643	7.633	18.984	24.561	206.200
03/01/1993	2.822	8.813	19.251	26.135	160.300
04/01/1993	6.271	9.045	18.520	25.890	146.600
05/01/1993	19.793	8.197	17.747	24.231	192.300
06/01/1993	13.467	6.894	17.879	22.827	177.000
07/01/1993	11.325	7.794	17.369	23.438	522.300
08/01/1993	11.743	7.716	17.070	23.084	293.500
09/01/1993	3.959	8.899	16.496	24.121	192.100
10/01/1993	0.000	9.871	16.753	25.478	154.700
11/01/1993	2.054	9.701	17.279	25.637	159.300
12/01/1993	5.449	9.117	17.259	24.866	138.600
13/01/1993	0.658	8.405	17.323	24.047	121.000
14/01/1993	0.251	7.876	17.890	23.862	118.500
15/01/1993	0.912	7.042	17.520	22.583	143.800
16/01/1993	0.000	8.453	17.017	23.833	186.000
17/01/1993	14.948	7.761	16.628	22.721	262.200
18/01/1993	0.138	8.866	17.263	24.483	148.200
19/01/1993	8.572	9.583	17.644	25.594	128.600
20/01/1993	6.893	9.672	17.618	25.674	163.000
21/01/1993	1.803	9.405	17.523	25.295	143.700
22/01/1993	2.868	10.242	16.975	25.908	136.100
23/01/1993	1.263	10.171	16.859	25.703	116.000
24/01/1993	1.069	10.285	17.879	26.531	102.600
25/01/1993	1.867	10.399	17.051	26.089	96.400
26/01/1993	6.132	10.679	17.029	26.376	90.800
27/01/1993	0.000	8.881	18.238	25.065	83.400
28/01/1993	5.548	9.148	16.953	24.442	87.100
29/01/1993	0.969	9.742	18.020	25.874	95.000
30/01/1993	4.615	9.759	17.182	25.254	112.600
31/01/1993	10.315	7.935	17.987	23.718	184.000
01/02/1993	8.074	9.514	17.583	25.177	184.400
02/02/1993	0.000	8.285	18.733	24.634	388.700
03/02/1993	0.000	8.022	18.352	24.033	239.900
04/02/1993	0.000	8.963	18.464	25.167	196.200
05/02/1993	10.723	10.196	17.626	25.952	182.900
06/02/1993	0.000	10.326	17.022	25.642	153.700
07/02/1993	0.000	8.109	17.981	23.799	142.000
08/02/1993	3.952	9.972	17.785	25.750	123.500
09/02/1993	17.743	9.975	17.352	25.414	116.000
10/02/1993	0.000	11.031	17.666	26.840	118.500
11/02/1993	1.763	8.815	17.562	24.183	116.400
12/02/1993	5.255	9.350	17.820	24.936	144.800
13/02/1993	5.809	9.294	18.025	24.997	167.300
14/02/1993	0.000	9.854	17.980	25.625	117.300
15/02/1993	0.000	10.599	17.222	25.914	97.700
16/02/1993	0.000	11.156	17.362	26.586	91.500
17/02/1993	0.000	10.319	17.592	25.750	137.100
18/02/1993	0.081	9.807	15.635	23.749	106.800
19/02/1993	0.000	10.495	15.055	24.131	86.500
20/02/1993	0.000	10.348	16.282	24.775	84.600
21/02/1993	0.062	10.500	16.642	25.176	74.000
22/02/1993	0.000	11.572	17.871	27.262	73.400
23/02/1993	3.079	10.140	18.724	26.260	65.400
24/02/1993	22.488	9.442	17.324	24.432	92.200
25/02/1993	0.224	8.563	18.010	23.980	187.000
26/02/1993	0.000	9.111	17.923	24.490	217.200
27/02/1993	1.680	10.889	17.173	25.911	192.100
28/02/1993	3.506	9.509	17.756	24.772	126.100
01/03/1993	0.000	9.263	17.980	24.638	118.000
02/03/1993	0.000	10.730	16.455	25.151	101.000
03/03/1993	9.482	10.118	16.965	24.795	97.000
04/03/1993	0.866	8.952	17.174	23.638	102.000
05/03/1993	0.000	10.334	17.517	25.408	99.000
06/03/1993	0.649	9.562	17.320	24.390	105.000
07/03/1993	1.719	10.562	16.987	25.263	101.000
08/03/1993	1.497	11.400	16.977	26.221	85.000
09/03/1993	16.615	8.870	17.980	24.097	84.000
10/03/1993	0.156	11.340	17.766	26.645	84.000
11/03/1993	5.564	9.761	18.906	25.734	75.000
12/03/1993	1.050	11.123	19.363	27.533	74.000
13/03/1993	0.000	13.196	18.718	29.326	75.000
14/03/1993	10.343	9.737	18.464	25.382	67.000
15/03/1993	0.507	11.148	18.763	27.097	70.000
16/03/1993	0.000	12.277	17.401	27.360	59.000
17/03/1993	17.956	9.764	18.561	25.436	254.000
18/03/1993	29.178	8.674	17.904	23.773	335.000
19/03/1993	1.142	10.591	17.298	25.398	127.000
20/03/1993	6.641	9.707	18.624	25.372	109.000
21/03/1993	19.386	9.112	18.483	24.650	181.000
22/03/1993	3.216	10.523	18.688	26.278	126.000
23/03/1993	20.554	9.341	18.859	25.138	342.000
24/03/1993	10.362	9.214	18.478	24.733	151.000
25/03/1993	14.233	8.710	18.596	24.299	489.000
26/03/1993	7.716	10.736	18.392	26.279	231.000
27/03/1993	22.721	8.345	17.612	23.141	300.000
28/03/1993	5.506	8.723	17.135	23.170	195.000
29/03/1993	9.337	10.845	18.219	26.250	211.000
30/03/1993	8.361	9.521	18.262	24.874	277.000
31/03/1993	7.525	9.406	19.112	25.417	203.000
01/04/1993	11.454	10.360	18.850	26.211	241.600
02/04/1993	13.365	10.073	18.401	25.602	175.700
03/04/1993	6.793	10.009	18.584	25.634	213.900
04/04/1993	1.135	11.655	18.189	27.100	146.500
05/04/1993	14.566	9.304	19.741	25.801	213.700
06/04/1993	15.571	7.656	19.374	23.898	343.100
07/04/1993	3.977	9.494	18.869	25.321	188.100
08/04/1993	26.210	8.235	18.737	23.919	406.700
09/04/1993	6.447	9.517	19.015	25.459	243.000
10/04/1993	5.556	10.694	18.302	26.163	203.700
11/04/1993	15.240	10.008	19.090	26.041	248.800
12/04/1993	23.393	10.730	19.060	26.769	360.000
13/04/1993	4.183	8.354	20.113	25.192	212.900
14/04/1993	3.179	7.329	19.781	23.916	431.900
15/04/1993	0.158	8.787	19.202	24.879	302.200
16/04/1993	4.024	9.153	18.320	24.576	270.900
17/04/1993	32.509	9.849	19.406	26.145	288.700
18/04/1993	5.956	7.872	19.475	24.195	795.900
19/04/1993	0.164	8.890	19.076	24.911	347.800
20/04/1993	17.862	9.549	19.484	25.949	380.300
21/04/1993	23.027	10.094	19.026	26.198	434.300
22/04/1993	4.192	10.020	19.071	26.128	292.400
23/04/1993	7.843	6.813	19.379	23.141	326.200
24/04/1993	0.000	10.457	18.919	26.480	229.100
25/04/1993	12.086	11.651	17.924	27.067	297.400
26/04/1993	19.971	9.159	19.724	25.725	320.800
27/04/1993	16.565	8.922	18.916	24.888	432.300
28/04/1993	17.514	6.471	19.449	22.926	469.000
29/04/1993	3.568	9.243	18.916	25.224	305.100
30/04/1993	2.065	9.306	19.869	26.031	255.600
01/05/1993	19.204	9.167	18.967	25.212	617.000
02/05/1993	14.323	8.489	19.468	24.911	328.000
03/05/1993	12.149	9.557	17.955	24.891	384.000
04/05/1993	1.732	10.441	17.765	25.753	308.000
05/05/1993	18.516	9.106	19.507	25.624	455.000
06/05/1993	17.967	9.582	19.285	25.951	437.000
07/05/1993	17.772	9.010	19.685	25.683	403.000
08/05/1993	2.760	9.345	19.478	25.906	272.000
09/05/1993	5.959	10.412	19.336	26.959	247.000
10/05/1993	14.235	8.139	19.003	24.331	556.000
11/05/1993	5.714	9.380	18.307	25.044	333.000
12/05/1993	16.472	9.661	18.821	25.731	397.000
13/05/1993	16.596	7.461	18.708	23.410	870.000
14/05/1993	3.826	7.307	19.029	23.485	392.000
15/05/1993	3.703	9.036	18.326	24.735	296.000
16/05/1993	11.566	10.197	18.695	26.331	247.000
17/05/1993	1.672	10.689	19.038	27.122	204.000
18/05/1993	12.390	9.607	18.885	25.818	286.000
19/05/1993	2.803	10.395	18.679	26.541	257.000
20/05/1993	13.503	11.527	16.920	26.609	351.000
21/05/1993	21.769	7.308	18.860	23.400	696.000
22/05/1993	0.284	11.220	17.828	26.882	223.000
23/05/1993	21.558	8.328	19.477	24.930	411.000
24/05/1993	3.031	9.303	18.751	25.542	257.000
25/05/1993	22.641	7.858	18.656	23.856	954.000
26/05/1993	13.613	7.729	18.996	23.980	644.000
27/05/1993	7.624	9.389	17.824	24.852	480.000
28/05/1993	8.614	8.630	18.674	24.686	308.000
29/05/1993	7.796	6.650	19.000	22.942	255.000
30/05/1993	0.645	9.761	17.436	25.077	232.000
31/05/1993	2.647	10.808	16.936	25.956	300.000
01/06/1993	1.312	10.657	17.587	26.272	201.000
02/06/1993	0.000	12.434	18.471	28.946	168.000
03/06/1993	0.661	11.153	18.733	27.664	150.000
04/06/1993	3.570	10.413	17.792	26.119	139.000
05/06/1993	7.829	11.132	18.288	27.314	151.000
06/06/1993	0.674	10.048	18.728	26.408	139.000
07/06/1993	5.156	10.824	18.224	26.914	154.000
08/06/1993	5.496	9.901	18.342	25.938	134.000
09/06/1993	0.756	10.482	18.157	26.493	124.000
10/06/1993	0.566	9.902	19.222	26.610	103.000
11/06/1993	5.780	9.414	18.651	25.651	109.000
12/06/1993	2.329	9.746	18.984	26.267	96.000
13/06/1993	6.041	9.235	18.435	25.272	97.000
14/06/1993	1.154	10.037	18.634	26.327	127.000
15/06/1993	1.708	9.341	18.717	25.619	96.000
16/06/1993	5.803	7.901	19.217	24.465	95.000
17/06/1993	1.692	10.563	18.997	27.237	83.000
18/06/1993	5.806	10.225	18.398	26.382	157.000
19/06/1993	2.728	10.951	19.009	27.650	86.000
20/06/1993	4.209	6.372	19.978	23.568	116.000
21/06/1993	2.048	9.705	18.128	25.634	119.000
22/06/1993	3.764	11.696	18.022	27.827	83.000
23/06/1993	2.775	8.753	18.302	24.727	95.000
24/06/1993	6.389	9.227	18.156	25.126	76.000
25/06/1993	2.697	7.827	17.972	23.438	77.000
26/06/1993	8.387	7.449	17.987	23.026	80.000
27/06/1993	3.777	8.078	17.573	23.388	75.000
28/06/1993	16.827	9.852	17.273	25.192	110.000
29/06/1993	5.382	9.766	17.443	25.154	77.000
30/06/1993	4.517	10.564	18.083	26.571	77.000
01/07/1993	15.616	8.982	19.302	25.708	105.000
02/07/1993	14.593	8.216	17.353	23.430	262.000
03/07/1993	5.081	9.929	16.997	25.013	134.000
04/07/1993	5.157	9.435	18.664	25.702	109.000
05/07/1993	13.238	8.903	17.743	24.432	173.000
06/07/1993	4.046	10.512	17.003	25.770	128.000
07/07/1993	0.142	10.978	16.390	25.901	96.000
08/07/1993	11.124	10.932	18.323	27.151	85.000
09/07/1993	10.949	9.599	18.871	26.051	222.000
10/07/1993	5.888	9.993	18.978	26.532	128.000
11/07/1993	2.366	9.487	17.872	25.132	104.000
12/07/1993	2.779	10.134	18.542	26.360	90.000
13/07/1993	2.450	10.494	19.545	27.494	73.000
14/07/1993	3.992	10.577	18.632	26.882	81.000
15/07/1993	0.814	10.445	17.657	26.000	66.000
16/07/1993	5.702	9.441	18.185	25.249	67.000
17/07/1993	0.229	11.004	16.408	25.802	66.000
18/07/1993	0.160	12.106	17.788	28.032	52.000
19/07/1993	0.201	11.243	18.323	27.366	53.000
20/07/1993	1.817	10.478	18.876	26.884	60.000
21/07/1993	1.879	9.665	18.140	25.423	61.000
22/07/1993	0.748	10.289	17.882	25.948	55.000
23/07/1993	1.581	8.478	18.760	24.597	71.000
24/07/1993	1.086	8.328	18.474	24.199	61.000
25/07/1993	4.119	9.470	18.206	25.249	61.000
26/07/1993	1.268	10.155	18.330	26.086	68.000
27/07/1993	1.124	10.847	18.295	26.846	66.000
28/07/1993	5.455	11.710	18.134	27.682	57.000
29/07/1993	9.318	12.156	18.672	28.548	52.000
30/07/1993	1.553	10.803	18.334	26.747	142.000
31/07/1993	1.161	11.844	19.305	28.647	70.000
01/08/1993	1.159	11.826	17.589	27.378	77.000
02/08/1993	0.280	11.744	18.560	27.920	54.000
03/08/1993	0.378	12.232	18.839	28.682	55.000
04/08/1993	0.724	12.369	18.900	28.846	49.000
05/08/1993	0.139	12.110	18.786	28.462	46.000
06/08/1993	0.597	12.815	18.641	29.144	44.000
07/08/1993	2.560	12.456	16.994	27.613	44.000
08/08/1993	0.811	10.852	17.552	26.145	44.000
09/08/1993	3.186	9.153	19.600	25.818	56.000
10/08/1993	7.639	10.147	18.234	25.852	71.000
11/08/1993	9.777	9.414	18.528	25.289	50.000
12/08/1993	14.556	10.946	18.330	26.830	70.000
13/08/1993	6.293	9.971	18.956	26.148	62.000
14/08/1993	10.225	9.702	18.935	25.852	68.000
15/08/1993	1.544	9.456	19.358	25.908	57.000
16/08/1993	9.763	9.862	17.773	25.142	113.000
17/08/1993	6.129	9.282	18.734	25.262	196.000
18/08/1993	2.345	10.742	17.359	25.798	103.000
19/08/1993	0.000	10.556	17.275	25.583	74.000
20/08/1993	3.889	11.516	18.420	27.417	78.000
21/08/1993	1.497	13.218	17.106	28.426	59.000
22/08/1993	4.655	11.887	18.517	27.869	60.000
23/08/1993	6.742	9.536	18.481	25.305	80.000
24/08/1993	10.345	9.658	17.432	24.638	66.000
25/08/1993	2.526	7.641	18.000	22.939	78.000
26/08/1993	2.886	9.934	17.270	24.757	55.000
27/08/1993	7.854	9.953	17.779	25.189	65.000
28/08/1993	3.112	7.714	17.599	22.679	67.000
29/08/1993	0.798	10.722	17.456	25.776	63.000
30/08/1993	0.000	12.329	17.526	27.606	51.000
31/08/1993	14.319	8.460	17.798	23.674	73.000
01/09/1993	5.110	9.970	17.677	25.094	53.000
02/09/1993	12.811	9.184	18.042	24.552	54.000
03/09/1993	3.851	9.504	18.004	24.812	55.000
04/09/1993	13.161	9.485	18.036	24.773	60.000
05/09/1993	22.757	6.833	18.411	22.392	178.000
06/09/1993	9.249	7.751	17.109	22.282	187.000
07/09/1993	12.373	8.253	17.170	22.844	225.000
08/09/1993	2.239	10.745	16.510	25.132	122.000
09/09/1993	9.041	10.132	17.875	25.385	96.000
10/09/1993	6.707	8.859	17.827	23.965	142.000
11/09/1993	5.217	10.976	18.131	26.499	126.000
12/09/1993	16.152	9.619	18.295	25.169	151.000
13/09/1993	17.297	8.805	19.074	24.840	141.000
14/09/1993	31.759	10.924	18.269	26.551	558.000
15/09/1993	19.035	7.511	18.673	23.297	510.000
16/09/1993	7.528	9.941	16.677	24.301	247.000
17/09/1993	7.568	11.411	18.172	27.031	277.000
18/09/1993	6.565	10.486	18.432	26.209	193.000
19/09/1993	3.670	9.759	18.235	25.350	199.000
20/09/1993	4.120	11.054	17.743	26.362	142.000
21/09/1993	7.765	12.169	17.940	27.744	151.000
22/09/1993	0.400	10.662	17.734	25.953	110.000
23/09/1993	5.566	8.807	18.551	24.531	136.000
24/09/1993	23.671	7.794	18.105	23.119	144.000
25/09/1993	1.093	10.734	16.958	25.452	98.000
26/09/1993	10.582	10.640	18.602	26.565	92.000
27/09/1993	15.693	10.941	18.144	26.570	188.000
28/09/1993	19.234	8.529	18.988	24.615	174.000
29/09/1993	12.720	7.214	17.772	22.289	255.000
30/09/1993	1.201	7.430	17.667	22.472	176.000
01/10/1993	7.324	10.015	16.609	24.503	148.000
02/10/1993	17.386	8.664	17.467	23.658	299.000
03/10/1993	16.401	8.918	17.836	24.158	189.000
04/10/1993	4.293	9.198	17.831	24.573	189.000
05/10/1993	6.318	10.407	17.907	25.951	129.000
06/10/1993	0.407	9.183	18.029	24.698	158.000
07/10/1993	0.693	10.647	17.770	26.089	206.000
08/10/1993	0.507	8.067	18.984	24.234	107.000
09/10/1993	0.920	10.020	18.116	25.682	180.000
10/10/1993	0.701	11.493	17.558	26.952	385.000
11/10/1993	5.547	9.816	18.326	25.618	240.000
12/10/1993	1.931	10.342	18.051	26.080	145.000
13/10/1993	1.247	7.593	17.821	22.895	132.000
14/10/1993	1.516	8.639	17.940	24.148	146.000
15/10/1993	8.175	9.904	17.344	25.131	144.000
16/10/1993	9.916	7.101	18.314	22.786	203.000
17/10/1993	4.330	8.676	17.951	24.170	136.000
18/10/1993	7.764	9.527	17.279	24.670	130.000
19/10/1993	28.651	8.381	18.471	24.289	328.000
20/10/1993	13.427	10.023	17.477	25.378	190.000
21/10/1993	7.009	8.526	17.808	23.993	391.000
22/10/1993	3.333	9.274	17.721	24.792	292.000
23/10/1993	15.359	8.267	18.247	24.113	322.000
24/10/1993	7.910	9.421	17.785	25.033	229.000
25/10/1993	14.886	9.324	17.767	24.955	270.000
26/10/1993	24.322	8.313	18.126	24.110	246.000
27/10/1993	8.890	7.765	18.269	23.638	278.000
28/10/1993	6.619	8.706	17.520	24.118	203.000
29/10/1993	6.882	7.604	19.141	24.141	305.000
30/10/1993	18.488	8.808	18.016	24.589	366.000
31/10/1993	12.506	7.336	18.500	23.376	243.000
01/11/1993	6.939	7.980	18.192	23.882	368.000
02/11/1993	7.494	8.152	18.212	24.067	287.000
03/11/1993	30.709	8.059	17.969	23.836	485.000
04/11/1993	24.327	6.597	18.555	22.699	566.000
05/11/1993	9.568	9.349	18.217	25.483	301.000
06/11/1993	17.508	9.659	16.477	24.645	289.000
07/11/1993	26.438	7.470	18.600	23.767	405.000
08/11/1993	3.177	9.775	17.536	25.628	246.000
09/11/1993	9.695	9.597	17.786	25.533	334.000
10/11/1993	8.676	10.577	16.487	25.847	218.000
11/11/1993	38.373	6.984	18.730	23.349	1039.000
12/11/1993	2.131	9.109	17.581	24.903	366.000
13/11/1993	4.739	8.324	18.031	24.346	409.000
14/11/1993	39.353	7.921	18.728	24.416	505.000
15/11/1993	17.234	7.966	18.257	24.141	467.000
16/11/1993	7.997	8.305	17.110	23.667	864.000
17/11/1993	1.026	9.812	16.706	25.209	462.000
18/11/1993	0.303	8.971	17.936	25.108	357.000
19/11/1993	0.000	8.647	18.541	25.243	349.000
20/11/1993	24.736	7.532	18.545	23.911	679.000
21/11/1993	17.751	8.473	18.308	24.826	445.000
22/11/1993	7.518	8.673	18.097	24.951	401.000
23/11/1993	1.950	8.637	18.987	25.577	301.000
24/11/1993	0.093	10.031	18.372	26.797	252.000
25/11/1993	4.720	8.123	17.044	23.613	428.000
26/11/1993	9.652	8.938	17.767	25.093	499.000
27/11/1993	1.094	6.825	19.003	23.609	394.000
28/11/1993	15.303	6.800	18.174	22.983	307.000
29/11/1993	16.632	6.578	18.978	23.328	856.000
30/11/1993	18.036	8.415	17.355	24.167	447.000
01/12/1993	0.185	8.324	18.029	24.587	349.000
02/12/1993	0.000	8.362	19.276	25.612	298.000
03/12/1993	36.791	7.106	18.826	23.839	414.000
04/12/1993	6.674	7.465	18.991	24.352	598.000
05/12/1993	4.528	8.036	19.089	25.113	382.000
06/12/1993	0.269	9.043	19.132	26.359	341.000
07/12/1993	10.450	9.372	18.692	26.426	263.000
08/12/1993	0.282	10.504	18.557	27.733	198.000
09/12/1993	10.618	10.052	18.751	27.314	206.000
10/12/1993	19.800	7.571	18.621	24.253	232.000
11/12/1993	6.791	6.645	18.154	22.895	221.000
12/12/1993	5.133	8.711	17.983	25.138	271.000
13/12/1993	0.531	7.856	18.721	24.690	207.000
14/12/1993	27.635	8.656	18.154	25.222	300.000
15/12/1993	22.814	6.470	19.016	23.378	773.000
16/12/1993	0.000	7.107	18.647	23.756	326.000
17/12/1993	5.622	7.887	17.398	23.702	260.000
18/12/1993	0.000	7.783	17.932	23.948	465.000
19/12/1993	0.342	8.390	16.782	23.833	506.000
20/12/1993	0.101	9.220	18.369	26.080	257.000
21/12/1993	0.000	8.682	18.641	25.660	219.000
22/12/1993	0.116	9.244	16.991	25.154	211.000
23/12/1993	5.616	8.748	17.930	25.249	194.000
24/12/1993	0.000	8.983	18.042	25.545	182.000
25/12/1993	0.000	8.093	18.202	24.593	101.000
26/12/1993	0.000	9.297	16.089	24.464	150.000
27/12/1993	0.000	9.884	15.817	25.089	145.000
28/12/1993	0.000	9.288	16.789	24.951	125.000
29/12/1993	1.721	8.136	17.903	24.379	144.000
30/12/1993	5.377	7.934	17.501	23.885	120.000
31/12/1993	0.000	8.870	17.217	24.844	136.000
01/01/1994	0.000	9.364	16.456	24.882	104.000
02/01/1994	0.000	9.777	16.353	25.266	100.000
03/01/1994	0.559	7.827	17.701	23.754	118.000
04/01/1994	0.691	8.734	16.067	23.677	132.000
05/01/1994	0.000	8.958	15.397	23.435	129.000
06/01/1994	0.000	7.687	17.028	23.023	128.000
07/01/1994	0.000	7.808	17.664	23.680	114.000
08/01/1994	0.000	7.874	17.807	23.871	110.000
09/01/1994	2.136	7.662	17.759	23.539	123.000
10/01/1994	0.000	8.020	17.442	23.702	139.000
11/01/1994	7.195	7.229	18.497	23.631	141.000
12/01/1994	0.114	8.594	18.347	25.060	147.000
13/01/1994	0.000	9.842	18.513	26.673	125.000
14/01/1994	15.858	6.663	18.336	22.858	82.000
15/01/1994	40.592	7.587	18.326	23.869	225.000
16/01/1994	6.056	8.057	18.065	24.160	194.000
17/01/1994	0.466	9.297	17.196	24.974	195.000
18/01/1994	4.189	8.550	17.615	24.372	182.000
19/01/1994	0.000	9.199	17.381	24.930	156.000
20/01/1994	0.000	9.689	16.936	25.217	138.000
21/01/1994	0.000	9.830	16.272	24.939	120.000
22/01/1994	0.000	9.613	16.769	24.932	127.000
23/01/1994	0.844	9.448	16.663	24.651	128.000
24/01/1994	0.000	7.608	17.359	22.971	115.000
25/01/1994	0.000	10.403	15.722	25.179	103.000
26/01/1994	0.000	10.404	16.535	25.708	101.000
27/01/1994	0.000	10.996	16.275	26.238	105.000
28/01/1994	7.863	9.071	17.730	24.858	100.000
29/01/1994	21.878	9.182	18.212	25.347	150.000
30/01/1994	9.412	9.558	17.057	24.891	315.000
31/01/1994	0.000	8.313	16.394	22.898	289.000
01/02/1994	0.000	9.445	16.488	24.312	162.000
02/02/1994	0.000	8.948	16.469	23.664	140.000
03/02/1994	18.396	9.283	16.791	24.299	197.000
04/02/1994	15.846	8.910	18.570	25.151	291.000
05/02/1994	7.896	9.215	17.876	24.969	412.000
06/02/1994	3.171	9.833	17.076	25.076	233.000
07/02/1994	1.428	10.892	17.663	26.749	191.000
08/02/1994	0.000	9.898	18.153	25.945	158.000
09/02/1994	1.934	10.422	18.048	26.384	140.000
10/02/1994	1.658	10.533	18.227	26.645	126.000
11/02/1994	3.708	9.891	17.068	25.042	117.000
12/02/1994	4.939	9.311	17.689	24.844	126.000
13/02/1994	14.649	8.500	17.722	23.868	122.000
14/02/1994	7.451	8.778	17.352	23.903	142.000
15/02/1994	0.185	8.040	17.981	23.551	164.000
16/02/1994	14.189	9.351	17.555	24.658	297.000
17/02/1994	3.188	9.924	17.435	25.188	212.000
18/02/1994	8.850	8.599	18.272	24.343	229.000
19/02/1994	1.847	8.721	18.391	24.544	152.000
20/02/1994	14.155	8.851	19.558	25.545	140.000
21/02/1994	20.846	9.312	18.785	25.452	292.000
22/02/1994	0.704	9.521	18.615	25.557	201.000
23/02/1994	7.604	8.417	18.349	24.122	199.000
24/02/1994	25.307	8.214	18.974	24.365	333.000
25/02/1994	0.653	6.623	18.971	22.788	218.000
26/02/1994	5.229	8.976	17.894	24.321	169.000
27/02/1994	10.270	8.163	17.756	23.304	309.000
28/02/1994	8.604	10.145	18.064	25.680	260.000
01/03/1994	0.061	10.221	19.041	26.487	221.000
02/03/1994	23.092	10.947	18.786	27.076	291.000
03/03/1994	10.389	8.067	19.179	24.312	413.000
04/03/1994	18.133	7.784	18.554	23.491	697.000
05/03/1994	0.108	5.877	18.879	21.940	351.000
06/03/1994	0.000	11.646	15.904	25.735	242.000
07/03/1994	0.097	10.302	18.057	25.753	206.000
08/03/1994	4.384	10.582	17.778	25.828	218.000
09/03/1994	18.795	9.108	18.233	24.552	323.000
10/03/1994	0.331	9.999	17.686	25.078	200.000
11/03/1994	22.648	8.255	18.330	23.727	291.000
12/03/1994	7.559	8.351	18.343	23.828	249.000
13/03/1994	5.314	6.792	18.455	22.366	458.000
14/03/1994	0.000	9.109	17.699	24.070	427.000
15/03/1994	0.738	9.910	17.573	24.853	273.000
16/03/1994	9.855	9.056	18.647	24.770	275.000
17/03/1994	5.228	7.599	18.629	23.291	228.000
18/03/1994	1.645	9.419	18.201	24.783	207.000
19/03/1994	4.480	9.946	17.830	25.073	208.000
20/03/1994	17.464	9.225	18.388	24.712	401.000
21/03/1994	0.078	10.202	18.706	25.990	229.000
22/03/1994	24.299	8.801	18.940	24.728	318.000
23/03/1994	0.306	9.145	18.644	24.808	204.000
24/03/1994	5.521	10.626	18.474	26.227	184.000
25/03/1994	0.000	10.458	19.163	26.580	160.000
26/03/1994	13.723	10.451	19.422	26.738	164.000
27/03/1994	19.874	7.572	20.100	24.381	163.000
28/03/1994	19.727	9.298	19.801	25.824	465.000
29/03/1994	12.358	7.475	19.057	23.424	353.000
30/03/1994	27.364	6.683	19.429	23.048	561.000
31/03/1994	4.545	7.576	18.888	23.371	359.000
01/04/1994	4.002	10.169	18.394	25.674	405.000
02/04/1994	12.035	7.613	18.640	23.231	498.000
03/04/1994	11.389	9.977	18.100	25.235	470.000
04/04/1994	16.481	10.855	17.698	25.910	328.000
05/04/1994	3.618	10.258	18.596	25.906	259.000
06/04/1994	23.061	8.279	18.906	24.144	645.000
07/04/1994	4.682	9.567	18.214	24.935	395.000
08/04/1994	4.944	8.534	19.564	24.888	390.000
09/04/1994	3.925	10.441	18.129	25.791	270.000
10/04/1994	2.054	10.291	18.860	26.163	222.000
11/04/1994	6.563	11.342	18.126	26.762	230.000
12/04/1994	26.002	8.344	18.753	24.061	355.000
13/04/1994	3.071	9.318	19.106	25.324	274.000
14/04/1994	15.890	8.516	19.262	24.647	447.000
15/04/1994	17.747	10.681	18.778	26.558	456.000
16/04/1994	12.382	10.423	19.249	26.613	359.000
17/04/1994	17.920	10.360	19.080	26.445	272.000
18/04/1994	12.640	9.112	19.895	25.781	323.000
19/04/1994	9.695	8.435	19.379	24.692	451.000
20/04/1994	1.224	8.813	19.076	24.840	314.000
21/04/1994	12.357	10.369	18.026	25.706	310.000
22/04/1994	19.515	10.633	19.205	26.887	455.000
23/04/1994	0.439	11.805	18.250	27.459	232.000
24/04/1994	0.994	12.131	18.676	28.158	267.000
25/04/1994	23.090	10.717	18.869	26.737	403.000
26/04/1994	26.547	7.839	20.212	24.815	420.000
27/04/1994	41.843	8.045	17.910	23.209	720.000
28/04/1994	1.196	8.871	19.203	25.065	408.000
29/04/1994	19.503	7.630	19.266	23.858	757.000
30/04/1994	13.567	7.535	19.283	23.783	754.000
01/05/1994	10.114	8.213	17.987	23.442	595.000
02/05/1994	0.131	11.600	17.775	26.999	473.000
03/05/1994	2.220	9.632	19.735	26.331	355.000
04/05/1994	6.932	9.872	19.452	26.375	396.000
05/05/1994	7.440	9.150	19.612	25.747	338.000
06/05/1994	6.502	7.887	19.286	24.203	251.000
07/05/1994	0.215	10.051	18.368	25.770	242.000
08/05/1994	5.616	7.699	18.839	23.656	337.000
09/05/1994	12.152	9.672	18.397	25.469	314.000
10/05/1994	9.072	8.993	18.885	25.065	332.000
11/05/1994	4.705	9.733	18.749	25.750	224.000
12/05/1994	15.836	8.868	19.292	25.272	323.000
13/05/1994	20.606	8.892	19.265	25.294	466.000
14/05/1994	11.280	8.786	18.984	24.945	413.000
15/05/1994	7.162	9.794	19.144	26.215	275.000
16/05/1994	16.743	10.428	18.626	26.494	279.000
17/05/1994	9.658	6.579	18.991	22.773	460.000
18/05/1994	17.925	6.758	19.384	23.265	756.000
19/05/1994	9.842	9.034	18.305	24.746	558.000
20/05/1994	7.292	9.190	19.211	25.651	362.000
21/05/1994	0.702	9.881	19.086	26.369	288.000
22/05/1994	10.348	8.887	19.243	25.408	400.000
23/05/1994	16.823	8.381	19.067	24.756	237.000
24/05/1994	4.590	7.926	19.237	24.392	235.000
25/05/1994	17.191	7.468	18.350	23.209	262.000
26/05/1994	6.615	6.093	19.110	22.481	278.000
27/05/1994	3.483	9.628	18.375	25.536	278.000
28/05/1994	5.225	9.602	19.414	26.320	239.000
29/05/1994	10.282	9.369	18.686	25.532	212.000
30/05/1994	11.359	8.741	18.446	24.705	255.000
31/05/1994	8.701	9.432	18.196	25.272	301.000
01/06/1994	6.244	10.286	17.972	26.092	415.000
02/06/1994	1.938	9.647	18.683	25.885	228.000
03/06/1994	6.503	9.062	19.632	25.955	226.000
04/06/1994	17.713	10.027	18.503	26.154	286.000
05/06/1994	5.602	9.444	18.417	25.472	326.000
06/06/1994	9.851	9.073	17.709	24.545	258.000
07/06/1994	3.044	10.071	18.438	26.238	325.000
08/06/1994	0.044	10.121	18.765	26.539	201.000
09/06/1994	8.141	10.660	18.179	26.695	177.000
10/06/1994	0.000	10.947	18.608	27.359	152.000
11/06/1994	0.000	10.110	18.029	25.961	141.000
12/06/1994	11.853	8.090	19.208	24.626	165.000
13/06/1994	9.064	9.460	18.270	25.433	263.000
14/06/1994	8.258	9.263	18.717	25.555	227.000
15/06/1994	7.819	9.415	18.908	25.885	161.000
16/06/1994	7.750	10.466	18.759	26.936	264.000
17/06/1994	0.125	10.229	18.792	26.717	142.000
18/06/1994	10.215	8.663	17.728	24.179	149.000
19/06/1994	0.000	9.862	18.061	25.772	183.000
20/06/1994	3.234	8.511	17.985	24.186	151.000
21/06/1994	14.748	6.997	18.132	22.676	149.000
22/06/1994	9.580	7.064	17.504	22.225	200.000
23/06/1994	0.000	8.202	18.765	24.478	157.000
24/06/1994	0.420	10.680	17.804	26.576	128.000
25/06/1994	3.962	10.695	16.971	25.942	169.000
26/06/1994	0.826	9.750	17.887	25.528	184.000
27/06/1994	8.610	8.681	18.286	24.629	127.000
28/06/1994	4.522	9.916	18.619	26.201	120.000
29/06/1994	3.673	10.083	17.269	25.411	113.000
30/06/1994	1.802	9.369	17.866	25.041	104.000
01/07/1994	2.898	10.568	16.927	25.773	179.000
02/07/1994	4.149	10.671	17.762	26.471	117.000
03/07/1994	2.944	8.832	18.158	24.644	111.000
04/07/1994	12.339	8.357	18.359	24.299	101.000
05/07/1994	5.310	8.208	17.032	23.038	199.000
06/07/1994	8.373	10.881	17.480	26.440	163.000
07/07/1994	30.203	6.991	18.221	22.663	775.000
08/07/1994	0.057	9.682	18.062	25.501	260.000
09/07/1994	0.000	9.585	18.388	25.615	157.000
10/07/1994	0.000	11.953	18.494	28.403	125.000
11/07/1994	3.558	10.169	18.164	26.092	111.000
12/07/1994	1.979	9.329	17.799	24.856	101.000
13/07/1994	0.000	9.522	17.728	25.023	93.000
14/07/1994	0.000	10.728	17.782	26.438	88.000
15/07/1994	0.292	9.478	17.888	25.060	82.000
16/07/1994	0.216	9.249	18.321	25.125	79.000
17/07/1994	1.292	10.525	18.326	26.561	77.000
18/07/1994	7.094	9.761	18.121	25.570	75.000
19/07/1994	0.040	9.585	18.403	25.578	72.000
20/07/1994	4.264	8.812	17.892	24.328	71.000
21/07/1994	13.982	8.059	18.584	24.041	99.000
22/07/1994	3.464	9.039	17.737	24.467	121.000
23/07/1994	0.385	8.852	17.911	24.400	92.000
24/07/1994	7.062	9.939	18.161	25.730	83.000
25/07/1994	2.559	10.507	17.045	25.571	79.000
26/07/1994	1.134	11.540	17.445	27.045	87.000
27/07/1994	4.029	9.883	18.343	25.769	74.000
28/07/1994	6.633	10.220	17.863	25.802	96.000
29/07/1994	3.363	10.742	17.528	26.144	73.000
30/07/1994	8.245	11.842	17.903	27.634	65.000
31/07/1994	6.814	10.745	18.888	27.089	160.000
01/08/1994	0.495	10.527	17.940	26.132	79.000
02/08/1994	14.334	10.931	17.177	26.049	115.000
03/08/1994	3.948	9.870	18.215	25.576	78.000
04/08/1994	0.000	11.812	17.334	27.160	65.000
05/08/1994	2.614	10.295	18.656	26.365	64.000
06/08/1994	15.425	7.890	18.522	23.641	87.000
07/08/1994	2.868	10.327	18.545	26.304	71.000
08/08/1994	12.284	9.084	17.708	24.315	80.000
09/08/1994	0.390	9.835	18.126	25.439	67.000
10/08/1994	2.939	9.882	18.645	25.890	68.000
11/08/1994	10.680	10.074	18.067	25.664	154.000
12/08/1994	0.995	10.864	18.096	26.525	84.000
13/08/1994	4.019	10.901	17.279	25.983	92.000
14/08/1994	2.635	10.046	18.294	25.737	99.000
15/08/1994	2.390	11.319	17.945	26.869	87.000
16/08/1994	1.523	10.531	17.369	25.561	73.000
17/08/1994	5.779	10.741	18.763	26.798	74.000
18/08/1994	3.597	10.924	18.384	26.682	74.000
19/08/1994	8.892	10.068	18.984	26.256	106.000
20/08/1994	2.887	9.196	18.459	24.890	81.000
21/08/1994	0.632	10.437	18.033	25.919	76.000
22/08/1994	4.800	10.442	17.744	25.679	85.000
23/08/1994	0.439	10.104	17.824	25.385	70.000
24/08/1994	2.874	8.149	18.211	23.587	74.000
25/08/1994	0.982	9.322	17.980	24.621	71.000
26/08/1994	0.226	10.601	18.109	26.118	59.000
27/08/1994	0.000	12.325	17.362	27.480	55.000
28/08/1994	9.225	10.880	18.307	26.570	55.000
29/08/1994	2.339	10.228	17.910	25.549	74.000
30/08/1994	17.477	9.874	17.924	25.209	87.000
31/08/1994	2.314	10.963	16.869	25.634	84.000
01/09/1994	7.295	8.913	17.740	24.015	199.000
02/09/1994	5.534	10.433	18.160	25.927	139.000
03/09/1994	9.812	8.831	18.224	24.295	186.000
04/09/1994	6.160	10.379	17.702	25.552	122.000
05/09/1994	1.962	12.021	18.467	27.898	68.000
06/09/1994	2.040	10.948	18.310	26.606	58.000
07/09/1994	7.752	11.449	18.635	27.397	132.000
08/09/1994	2.458	12.268	17.613	27.589	107.000
09/09/1994	9.193	10.770	18.935	26.869	71.000
10/09/1994	11.448	9.751	18.509	25.442	128.000
11/09/1994	2.158	9.817	19.035	25.908	89.000
12/09/1994	1.140	11.066	18.688	27.004	67.000
13/09/1994	6.264	10.724	18.849	26.773	56.000
14/09/1994	3.064	10.641	18.517	26.464	56.000
15/09/1994	10.005	11.028	17.959	26.449	99.000
16/09/1994	11.026	9.220	18.558	24.951	108.000
17/09/1994	2.321	10.009	17.824	25.295	114.000
18/09/1994	0.023	11.705	17.949	27.219	64.000
19/09/1994	1.955	12.036	18.339	27.868	56.000
20/09/1994	4.498	11.709	17.978	27.269	104.000
21/09/1994	9.862	11.457	18.624	27.422	60.000
22/09/1994	24.335	7.202	18.653	22.962	196.000
23/09/1994	1.997	8.858	18.703	24.692	90.000
24/09/1994	11.554	6.612	18.789	22.519	532.000
25/09/1994	20.092	8.235	18.398	23.788	381.000
26/09/1994	2.598	8.633	17.608	23.610	175.000
27/09/1994	19.952	9.309	17.331	24.145	388.000
28/09/1994	6.058	10.158	18.231	25.794	203.000
29/09/1994	4.835	8.839	17.890	24.160	180.000
30/09/1994	12.001	7.996	18.100	23.395	137.000
01/10/1994	0.421	9.957	16.773	24.541	117.000
02/10/1994	0.902	10.508	16.731	25.144	97.000
03/10/1994	14.457	8.952	17.073	23.731	100.000
04/10/1994	1.551	10.699	16.618	25.326	87.000
05/10/1994	4.626	10.904	17.631	26.257	79.000
06/10/1994	10.304	8.372	17.786	23.603	114.000
07/10/1994	26.404	6.613	18.529	22.453	352.000
08/10/1994	2.260	8.707	18.388	24.403	170.000
09/10/1994	31.289	7.327	17.849	22.551	682.000
10/10/1994	3.308	9.367	17.240	24.291	286.000
11/10/1994	5.496	8.852	17.516	23.924	230.000
12/10/1994	17.875	8.867	17.323	23.856	336.000
13/10/1994	15.401	7.646	17.876	22.929	363.000
14/10/1994	0.768	7.232	17.682	22.356	281.000
15/10/1994	0.555	10.845	18.214	26.776	191.000
16/10/1994	12.508	11.430	17.969	27.327	173.000
17/10/1994	2.192	9.864	16.843	24.783	149.000
18/10/1994	21.678	5.884	17.831	21.208	347.000
19/10/1994	3.289	7.280	17.445	22.314	226.000
20/10/1994	13.473	9.019	17.031	23.894	194.000
21/10/1994	3.951	10.878	16.664	25.843	371.000
22/10/1994	1.155	9.440	17.964	25.125	387.000
23/10/1994	39.947	8.320	17.656	23.641	1012.000
24/10/1994	9.729	8.197	18.378	24.126	966.000
25/10/1994	29.083	7.115	18.555	23.121	938.000
26/10/1994	0.000	10.013	17.600	25.612	428.000
27/10/1994	9.540	9.611	18.001	25.446	325.000
28/10/1994	3.544	10.117	18.429	26.388	273.000
29/10/1994	19.136	9.456	18.110	25.422	370.000
30/10/1994	0.747	11.221	16.785	26.584	247.000
31/10/1994	1.823	9.459	18.244	25.561	206.000
01/11/1994	42.205	9.771	18.722	26.275	258.000
02/11/1994	4.673	8.584	18.365	24.703	287.000
03/11/1994	30.887	7.696	18.453	23.767	811.000
04/11/1994	2.899	7.516	19.060	24.089	433.000
05/11/1994	32.471	6.611	18.536	22.699	1273.000
06/11/1994	14.268	6.679	18.497	22.779	529.000
07/11/1994	19.583	9.403	18.172	25.589	532.000
08/11/1994	13.576	8.050	19.608	25.156	551.000
09/11/1994	10.063	8.090	18.201	24.112	644.000
10/11/1994	20.187	8.569	19.263	25.517	402.000
11/11/1994	12.918	8.189	18.576	24.567	789.000
12/11/1994	0.000	10.238	17.485	26.214	342.000
13/11/1994	4.759	9.338	18.259	25.721	241.000
14/11/1994	9.934	9.868	18.414	26.490	299.000
15/11/1994	5.129	9.269	17.343	25.051	209.000
16/11/1994	1.336	8.869	18.464	25.366	238.000
17/11/1994	0.261	9.410	17.539	25.336	248.000
18/11/1994	11.462	7.687	19.109	24.507	254.000
19/11/1994	1.451	9.150	18.658	25.885	309.000
20/11/1994	13.946	8.351	18.438	24.776	301.000
21/11/1994	17.136	7.599	17.740	23.379	277.000
22/11/1994	7.601	6.596	18.227	22.664	325.000
23/11/1994	4.221	7.320	17.897	23.259	405.000
24/11/1994	51.622	7.386	18.538	23.817	857.000
25/11/1994	14.778	7.333	18.711	23.882	663.000
26/11/1994	17.245	7.888	17.908	23.910	1181.000
27/11/1994	0.000	8.401	16.943	23.815	625.000
28/11/1994	3.223	7.341	18.145	23.538	449.000
29/11/1994	1.220	9.712	17.164	25.622	362.000
30/11/1994	0.000	9.323	17.379	25.339	282.000
01/12/1994	17.508	7.123	19.125	24.068	291.000
02/12/1994	0.166	7.859	18.212	24.209	257.000
03/12/1994	0.266	7.583	18.124	23.802	247.000
04/12/1994	7.367	9.966	17.551	26.320	206.000
05/12/1994	15.061	10.123	17.865	26.738	319.000
06/12/1994	11.834	9.403	18.180	26.084	236.000
07/12/1994	0.000	8.890	18.235	25.516	189.000
08/12/1994	11.937	8.120	18.228	24.586	209.000
09/12/1994	0.000	9.459	17.860	25.958	168.000
10/12/1994	7.122	9.469	19.080	26.856	174.000
11/12/1994	0.993	8.972	19.533	26.608	145.000
12/12/1994	0.000	10.132	17.462	26.560	134.000
13/12/1994	18.017	9.488	18.196	26.256	145.000
14/12/1994	6.409	9.031	17.562	25.230	149.000
15/12/1994	13.338	7.704	18.885	24.619	233.000
16/12/1994	1.438	9.299	17.939	25.849	181.000
17/12/1994	0.000	10.356	17.387	26.770	171.000
18/12/1994	0.000	7.728	18.782	24.616	157.500
19/12/1994	1.400	8.141	18.773	25.073	138.000
20/12/1994	8.634	8.348	18.823	25.321	177.000
21/12/1994	2.954	7.460	18.859	24.314	199.000
22/12/1994	0.114	8.039	18.602	24.775	156.000
23/12/1994	5.952	8.434	17.586	24.475	181.000
24/12/1994	0.000	7.752	16.933	23.182	244.000
25/12/1994	0.000	9.607	16.461	25.103	158.000
26/12/1994	0.000	7.597	17.342	23.244	164.000
27/12/1994	0.000	7.751	16.874	23.070	234.000
28/12/1994	0.000	8.240	17.160	23.894	164.000
29/12/1994	0.000	9.722	16.353	25.172	145.000
30/12/1994	0.000	10.298	15.786	25.523	129.000
31/12/1994	0.000	9.079	16.943	24.817	119.000
01/01/1995	0.000	9.710	17.644	26.071	93.900
02/01/1995	0.039	9.643	17.545	25.895	89.600
03/01/1995	0.000	10.079	18.235	26.952	84.000
04/01/1995	0.000	9.282	17.657	25.597	78.600
05/01/1995	0.000	9.770	17.465	25.969	74.600
06/01/1995	0.000	11.133	16.097	26.734	72.300
07/01/1995	0.000	11.076	17.049	27.289	70.600
08/01/1995	2.236	9.534	18.217	26.156	74.600
09/01/1995	0.000	10.240	17.189	26.286	70.600
10/01/1995	0.161	8.425	17.340	24.100	66.000
11/01/1995	0.000	10.619	16.439	26.190	64.300
12/01/1995	0.000	10.241	16.887	25.999	59.100
13/01/1995	0.000	10.532	17.033	26.433	57.400
14/01/1995	0.000	11.936	16.430	27.808	56.200
15/01/1995	0.000	9.953	17.689	26.198	53.700
16/01/1995	3.348	10.492	16.305	25.862	86.100
17/01/1995	0.000	10.683	17.743	27.058	62.600
18/01/1995	1.830	11.933	18.128	28.853	58.000
19/01/1995	6.789	10.176	18.696	27.087	67.700
20/01/1995	13.786	8.612	19.183	25.613	54.900
21/01/1995	0.000	9.842	18.192	26.263	55.700
22/01/1995	8.949	10.086	17.919	26.339	56.500
23/01/1995	0.000	12.699	16.227	28.390	58.500
24/01/1995	0.000	10.836	18.721	27.814	52.400
25/01/1995	4.618	10.952	17.891	27.358	57.500
26/01/1995	0.000	9.895	18.647	26.593	55.500
27/01/1995	0.749	12.651	17.629	29.154	48.700
28/01/1995	26.208	10.491	18.892	27.432	55.400
29/01/1995	2.621	11.821	18.179	28.478	53.300
30/01/1995	0.155	10.717	17.227	26.469	77.100
31/01/1995	0.000	10.657	18.644	27.385	65.900
01/02/1995	0.186	10.171	18.445	26.599	58.400
02/02/1995	0.000	10.541	18.503	27.070	65.600
03/02/1995	1.095	10.674	18.432	27.157	53.300
04/02/1995	1.118	10.083	19.209	26.985	48.300
05/02/1995	5.545	7.848	18.872	24.211	53.700
06/02/1995	7.858	10.393	17.903	26.346	50.000
07/02/1995	1.238	11.565	17.679	27.573	47.100
08/02/1995	0.026	10.832	18.795	27.523	43.300
09/02/1995	2.976	9.461	18.776	25.855	41.700
10/02/1995	0.201	12.348	16.430	27.564	40.500
11/02/1995	0.000	13.709	15.571	28.638	39.200
12/02/1995	0.000	12.935	16.047	27.962	37.600
13/02/1995	0.000	12.904	17.269	28.674	37.100
14/02/1995	0.000	11.642	18.840	28.253	35.500
15/02/1995	0.000	13.241	18.801	30.052	35.100
16/02/1995	0.021	14.067	16.837	29.683	34.300
17/02/1995	0.041	11.947	19.039	28.661	32.600
18/02/1995	0.203	12.072	18.760	28.548	33.000
19/02/1995	6.918	12.804	18.182	28.968	32.400
20/02/1995	7.913	10.785	19.744	27.757	35.900
23/02/1995	9.539	11.344	17.741	26.876	70.100
24/02/1995	9.771	10.073	17.929	25.549	77.700
25/02/1995	2.815	10.674	19.047	27.060	123.500
26/02/1995	6.756	8.859	17.797	24.097	88.400
27/02/1995	5.076	11.466	18.016	27.141	69.900
28/02/1995	0.147	11.385	18.055	27.044	77.400
01/03/1995	1.902	11.330	19.279	27.847	53.600
02/03/1995	9.948	11.016	18.558	27.001	104.800
03/03/1995	0.000	10.974	19.513	27.603	76.300
04/03/1995	4.330	9.846	20.256	26.962	65.400
05/03/1995	4.367	10.736	19.740	27.474	92.700
06/03/1995	6.104	12.579	19.176	29.039	82.300
07/03/1995	17.401	9.561	19.642	26.137	109.500
08/03/1995	12.932	11.391	19.015	27.587	140.400
09/03/1995	9.517	10.243	19.259	26.528	240.900
10/03/1995	1.976	8.886	18.718	24.699	113.500
12/03/1995	2.975	11.140	18.119	26.628	185.000
14/03/1995	0.000	12.100	17.760	27.440	207.100
15/03/1995	0.000	12.555	17.965	28.047	208.900
16/03/1995	2.332	11.321	17.949	26.676	188.000
17/03/1995	1.194	12.040	17.445	27.099	124.400
18/03/1995	5.287	10.035	18.975	26.031	98.900
19/03/1995	6.271	9.661	19.574	26.058	176.900
20/03/1995	14.832	9.741	18.641	25.448	122.700
21/03/1995	19.625	9.332	18.374	24.795	319.000
22/03/1995	24.629	9.833	18.600	25.513	228.700
23/03/1995	3.264	8.257	19.029	24.173	176.800
25/03/1995	2.837	10.087	18.821	25.885	157.200
26/03/1995	11.108	12.219	18.109	27.714	131.100
27/03/1995	0.200	13.218	18.199	28.871	116.000
28/03/1995	12.613	11.071	18.917	27.115	161.500
29/03/1995	20.921	8.856	19.020	24.817	209.500
30/03/1995	10.533	11.079	19.092	27.192	172.700
03/04/1995	6.788	12.382	18.186	27.936	126.900
04/04/1995	1.035	12.884	19.153	29.182	106.600
05/04/1995	2.719	11.064	20.503	28.215	105.400
06/04/1995	25.475	11.978	18.057	27.438	92.700
07/04/1995	1.429	10.463	19.334	26.730	98.300
08/04/1995	6.901	10.774	18.690	26.557	165.900
09/04/1995	0.760	10.930	18.081	26.295	220.900
10/04/1995	0.000	11.550	18.360	27.188	179.600
11/04/1995	0.648	12.379	18.782	28.426	144.400
12/04/1995	8.214	11.218	19.025	27.283	145.600
13/04/1995	6.812	10.468	19.443	26.783	149.000
14/04/1995	13.287	7.070	19.616	23.557	333.500
15/04/1995	0.239	10.134	18.355	25.656	196.700
16/04/1995	7.010	9.893	19.712	26.419	191.900
17/04/1995	36.508	8.027	19.580	24.411	268.300
18/04/1995	0.245	8.675	19.045	24.658	250.600
19/04/1995	9.828	9.576	18.225	24.971	220.400
20/04/1995	7.817	8.592	18.576	24.224	304.500
21/04/1995	11.829	9.065	18.876	24.948	275.600
22/04/1995	13.890	9.428	19.142	25.545	274.900
23/04/1995	3.053	11.469	18.449	27.247	214.500
24/04/1995	8.095	11.205	20.282	28.291	180.300
25/04/1995	0.000	11.279	18.930	27.381	246.800
26/04/1995	11.620	8.680	19.054	24.731	281.500
27/04/1995	1.168	10.981	18.866	27.055	387.600
28/04/1995	8.188	10.180	19.128	26.411	243.500
29/04/1995	39.186	7.065	19.555	23.554	639.200
30/04/1995	18.837	10.872	18.699	26.856	327.200
01/05/1995	9.397	11.252	18.526	27.151	367.000
02/05/1995	7.264	11.123	18.218	26.805	258.800
03/05/1995	1.479	10.941	18.279	26.670	232.600
04/05/1995	4.214	9.474	19.330	25.891	225.500
05/05/1995	9.769	10.626	18.695	26.666	333.000
06/05/1995	17.080	9.006	19.208	25.297	429.700
07/05/1995	12.972	8.677	18.760	24.689	694.200
08/05/1995	0.370	9.769	18.067	25.270	356.300
09/05/1995	0.538	9.335	19.219	25.727	276.200
10/05/1995	2.878	10.790	18.878	27.039	254.000
11/05/1995	1.358	10.885	18.802	27.071	224.700
12/05/1995	1.400	10.681	19.794	27.603	187.300
13/05/1995	10.588	9.797	19.651	26.538	182.200
14/05/1995	8.812	8.802	18.827	24.865	218.000
15/05/1995	10.141	10.497	19.073	26.919	191.900
16/05/1995	20.966	8.118	18.568	23.997	236.300
17/05/1995	5.898	9.634	18.029	25.192	309.400
18/05/1995	1.792	9.770	18.196	25.483	184.100
19/05/1995	0.396	10.178	18.661	26.301	168.900
20/05/1995	5.668	11.277	18.703	27.584	198.900
21/05/1995	2.495	10.828	18.757	27.131	143.200
22/05/1995	10.582	9.481	18.629	25.542	148.800
23/05/1995	7.755	11.350	17.667	26.964	169.200
24/05/1995	14.957	10.025	17.161	25.105	203.300
25/05/1995	16.002	8.479	18.048	24.032	267.000
26/05/1995	14.346	8.752	17.953	24.267	297.600
27/05/1995	16.586	9.705	18.746	25.898	564.800
28/05/1995	20.889	9.157	19.265	25.731	846.700
29/05/1995	17.317	7.948	19.314	24.500	397.200
30/05/1995	24.617	9.346	19.060	25.785	750.700
31/05/1995	9.057	11.860	18.047	27.923	473.800
01/06/1995	6.332	9.000	19.297	25.619	331.600
02/06/1995	15.478	7.630	18.045	23.180	302.800
03/06/1995	7.263	9.542	17.542	24.920	331.600
04/06/1995	5.698	10.870	18.535	27.144	374.900
05/06/1995	18.125	8.898	19.189	25.427	338.300
06/06/1995	10.342	8.460	18.898	24.754	306.300
07/06/1995	15.112	9.055	18.452	25.094	297.700
08/06/1995	18.709	8.651	18.411	24.593	662.500
09/06/1995	6.833	9.183	17.219	24.317	456.200
10/06/1995	0.106	10.877	17.834	26.769	321.500
11/06/1995	2.375	11.247	19.455	28.323	250.800
12/06/1995	4.994	11.817	18.773	28.483	249.400
13/06/1995	15.044	10.914	18.548	27.272	488.600
14/06/1995	7.635	8.378	18.289	24.227	334.100
15/06/1995	11.039	8.846	18.682	25.078	260.300
16/06/1995	0.206	8.777	18.174	24.587	243.600
17/06/1995	0.453	9.622	18.939	26.167	220.900
19/06/1995	1.932	9.350	18.890	25.788	276.100
20/06/1995	0.612	9.752	18.504	25.953	215.500
21/06/1995	9.650	10.103	18.504	26.363	352.400
22/06/1995	3.433	10.060	18.881	26.564	199.000
23/06/1995	17.604	9.588	18.512	25.767	319.900
24/06/1995	4.230	7.635	18.384	23.525	240.100
25/06/1995	6.935	10.348	18.007	26.301	270.500
26/06/1995	0.544	9.999	17.701	25.674	178.900
27/06/1995	0.132	10.784	18.323	27.025	165.500
28/06/1995	9.115	9.400	18.735	25.746	164.200
29/06/1995	7.258	9.564	18.735	25.929	191.100
30/06/1995	8.288	10.020	18.574	26.320	267.100
01/07/1995	0.624	10.762	18.339	27.032	153.400
02/07/1995	0.580	11.682	18.035	27.876	190.500
03/07/1995	8.737	9.887	18.387	26.028	141.900
04/07/1995	3.287	9.963	18.400	26.103	159.100
05/07/1995	0.366	8.903	17.560	24.273	145.300
06/07/1995	4.165	7.598	18.166	23.363	167.000
07/07/1995	2.572	8.564	16.376	23.057	141.800
08/07/1995	0.141	10.493	16.804	25.545	118.500
09/07/1995	15.695	10.868	17.676	26.616	236.200
10/07/1995	5.937	10.149	17.898	25.932	180.300
11/07/1995	0.105	11.260	17.057	26.584	133.600
12/07/1995	7.361	11.365	18.350	27.608	160.500
13/07/1995	10.434	10.802	17.531	26.406	173.300
14/07/1995	11.454	9.274	17.910	24.920	186.300
15/07/1995	8.616	11.355	18.577	27.743	153.100
16/07/1995	22.876	10.280	18.318	26.315	125.300
17/07/1995	6.029	8.909	18.365	24.872	141.300
18/07/1995	8.180	10.267	18.244	26.247	180.000
19/07/1995	10.209	10.387	17.962	26.180	217.000
20/07/1995	1.687	10.554	17.820	26.240	185.700
21/07/1995	18.126	8.029	18.029	23.548	293.300
22/07/1995	1.601	10.579	18.372	26.632	249.400
23/07/1995	11.613	10.558	17.346	25.868	444.500
24/07/1995	10.815	9.436	18.222	25.238	216.100
25/07/1995	11.704	10.560	18.583	26.746	189.000
26/07/1995	22.685	8.809	17.852	24.246	259.700
27/07/1995	11.385	8.694	17.369	23.744	176.000
28/07/1995	6.751	7.569	17.256	22.420	261.600
29/07/1995	0.000	9.930	17.483	25.154	231.200
30/07/1995	2.672	11.640	17.381	27.045	186.000
31/07/1995	16.482	11.381	17.661	26.961	258.500
01/08/1995	8.684	8.810	18.092	24.358	424.000
02/08/1995	4.571	8.016	17.606	23.144	212.300
03/08/1995	3.993	8.303	17.041	22.993	254.700
04/08/1995	19.581	9.573	16.750	24.141	386.900
05/08/1995	4.524	9.863	17.875	25.331	275.400
06/08/1995	2.578	10.809	16.881	25.676	257.800
07/08/1995	0.000	11.746	17.900	27.443	183.400
08/08/1995	1.073	10.113	18.238	25.840	156.600
09/08/1995	9.890	10.050	17.619	25.288	160.800
10/08/1995	10.470	9.077	18.528	24.901	165.300
11/08/1995	4.858	8.910	18.115	24.375	270.700
12/08/1995	3.315	10.645	17.448	25.794	278.200
13/08/1995	17.128	9.165	17.267	24.071	191.400
14/08/1995	9.141	12.655	16.929	27.731	151.000
15/08/1995	10.317	9.849	17.799	25.153	163.000
16/08/1995	11.435	9.593	17.449	24.621	289.700
17/08/1995	5.182	10.450	16.910	25.142	207.700
18/08/1995	7.884	9.683	18.397	25.394	158.800
19/08/1995	7.601	10.318	17.881	25.705	158.600
20/08/1995	3.422	9.203	18.183	24.698	133.500
21/08/1995	5.080	10.571	17.360	25.551	143.300
22/08/1995	3.088	11.836	17.959	27.403	139.300
23/08/1995	12.736	9.123	18.544	24.876	277.500
24/08/1995	0.490	10.156	17.972	25.523	147.000
25/08/1995	28.120	8.721	18.672	24.528	636.300
26/08/1995	4.096	10.369	18.198	25.903	254.000
27/08/1995	22.277	9.073	19.135	25.224	687.200
28/08/1995	3.553	10.237	18.689	26.135	293.400
29/08/1995	0.565	10.627	18.440	26.376	356.500
30/08/1995	0.000	11.898	17.863	27.390	181.900
31/08/1995	4.359	10.637	18.185	26.237	151.900
01/09/1995	0.029	11.159	17.664	26.420	142.000
02/09/1995	0.000	11.355	18.869	27.467	122.700
03/09/1995	0.611	12.097	18.638	28.125	114.100
04/09/1995	0.249	12.458	17.891	27.958	100.800
05/09/1995	0.000	11.516	18.445	27.310	96.500
06/09/1995	1.802	12.229	17.621	27.528	101.300
07/09/1995	0.910	9.089	18.160	24.433	89.900
08/09/1995	2.591	9.368	17.932	24.625	83.700
09/09/1995	5.702	9.421	18.256	24.924	112.800
10/09/1995	13.125	12.276	17.975	27.860	99.500
11/09/1995	18.609	10.849	18.094	26.358	199.000
12/09/1995	10.230	9.238	18.278	24.730	137.000
13/09/1995	16.905	9.761	18.432	25.407	394.300
14/09/1995	15.025	8.238	18.608	23.955	378.400
15/09/1995	7.513	8.727	17.751	23.791	202.600
16/09/1995	9.406	9.857	17.769	24.994	495.600
17/09/1995	1.739	9.396	18.189	24.868	206.000
18/09/1995	9.498	8.599	17.949	23.879	215.700
19/09/1995	3.594	11.514	17.702	26.859	169.900
20/09/1995	6.848	11.598	17.760	26.968	177.800
21/09/1995	11.863	10.746	18.353	26.436	312.000
22/09/1995	14.364	10.310	18.743	26.244	280.500
23/09/1995	12.671	10.618	18.523	26.438	325.000
24/09/1995	14.331	11.351	17.576	26.568	386.300
25/09/1995	6.139	9.513	18.853	25.510	228.900
26/09/1995	3.280	11.986	18.156	27.746	254.900
27/09/1995	0.650	10.220	17.923	25.674	166.900
28/09/1995	1.989	12.417	16.576	27.169	147.900
29/09/1995	22.686	10.782	18.586	26.747	190.700
30/09/1995	18.241	9.146	18.474	24.895	245.700
01/10/1995	18.947	7.360	18.794	23.301	201.000
02/10/1995	0.000	11.065	17.872	26.564	142.600
03/10/1995	0.593	11.901	17.699	27.395	128.500
04/10/1995	0.331	10.922	18.371	26.801	120.300
05/10/1995	19.437	10.112	19.218	26.539	267.500
06/10/1995	6.491	10.936	18.549	26.977	392.100
07/10/1995	19.178	8.209	18.955	24.334	346.400
08/10/1995	3.995	9.009	17.959	24.407	178.000
09/10/1995	13.502	7.191	18.368	22.846	201.600
10/10/1995	2.391	7.468	18.301	23.074	169.600
11/10/1995	23.721	10.505	17.009	25.417	247.300
12/10/1995	6.498	7.791	18.929	23.942	202.800
13/10/1995	12.766	10.300	18.185	26.100	334.800
14/10/1995	12.341	9.254	18.186	24.999	461.200
15/10/1995	6.694	10.579	17.849	26.241	373.200
16/10/1995	17.893	9.486	18.465	25.491	336.500
17/10/1995	10.621	9.158	18.215	24.932	247.700
18/10/1995	3.290	8.011	17.349	23.032	226.700
19/10/1995	7.103	7.474	18.167	23.090	362.700
20/10/1995	6.412	8.584	16.874	23.292	288.700
21/10/1995	2.908	8.754	17.154	23.737	284.800
22/10/1995	4.798	8.565	17.205	23.592	226.400
23/10/1995	2.877	10.154	17.208	25.438	319.800
24/10/1995	6.340	9.958	17.494	25.439	275.900
25/10/1995	26.029	8.536	17.195	23.602	336.400
26/10/1995	20.418	7.548	18.144	23.254	388.300
27/10/1995	1.890	5.827	18.294	21.667	295.500
28/10/1995	1.219	8.706	17.222	23.882	270.600
29/10/1995	20.542	9.477	16.847	24.512	323.300
30/10/1995	10.556	9.042	17.163	24.246	266.700
31/10/1995	21.775	8.892	17.395	24.270	395.800
01/11/1995	19.757	8.590	17.312	23.887	501.500
02/11/1995	1.945	10.059	16.875	25.310	318.900
03/11/1995	15.397	7.776	18.276	23.728	766.600
04/11/1995	17.658	7.871	17.531	23.270	349.000
05/11/1995	12.857	8.854	17.023	24.077	405.700
06/11/1995	2.356	9.836	18.455	26.288	312.200
07/11/1995	31.662	8.970	17.593	24.663	369.500
08/11/1995	4.195	7.043	17.786	22.654	295.300
09/11/1995	9.196	9.839	16.831	25.166	303.200
10/11/1995	0.194	7.268	17.552	22.760	251.100
11/11/1995	0.247	8.752	17.193	24.161	233.900
12/11/1995	5.427	7.123	18.074	22.971	519.500
13/11/1995	0.000	7.912	16.734	22.860	399.300
14/11/1995	3.335	9.109	15.961	23.782	239.000
15/11/1995	23.962	9.369	17.922	25.528	297.500
16/11/1995	1.044	9.091	18.366	25.583	209.100
17/11/1995	23.380	8.501	18.972	25.317	284.700
18/11/1995	13.166	6.993	17.782	22.762	281.900
19/11/1995	4.871	7.889	18.411	24.221	250.900
20/11/1995	0.136	9.189	18.888	26.128	188.200
21/11/1995	26.490	7.057	18.797	23.663	441.100
22/11/1995	14.121	9.791	17.122	25.593	385.700
23/11/1995	0.066	10.562	16.833	26.382	272.900
24/11/1995	0.092	9.523	19.250	26.891	221.200
25/11/1995	4.354	8.566	18.645	25.292	249.300
26/11/1995	0.228	9.189	17.754	25.375	341.400
27/11/1995	0.000	9.250	17.558	25.315	226.800
28/11/1995	0.000	9.881	17.945	26.371	184.500
29/11/1995	0.000	8.600	18.602	25.311	161.300
30/11/1995	0.000	10.016	17.352	26.140	148.700
01/12/1995	0.000	10.012	18.124	26.738	138.400
02/12/1995	1.794	8.629	18.874	25.584	169.600
03/12/1995	8.820	8.068	18.955	25.000	234.900
04/12/1995	47.523	8.318	18.939	25.350	810.600
05/12/1995	1.228	8.800	18.225	25.365	304.400
06/12/1995	12.409	8.844	17.638	24.987	341.400
07/12/1995	0.000	7.558	17.467	23.307	374.800
08/12/1995	2.534	9.891	16.493	25.494	341.100
09/12/1995	0.000	8.695	16.781	24.172	217.900
10/12/1995	0.178	6.987	17.969	23.036	184.700
11/12/1995	19.925	9.191	17.499	25.344	343.000
12/12/1995	5.456	8.500	17.362	24.403	436.200
13/12/1995	3.557	8.799	18.036	25.254	255.900
14/12/1995	4.854	7.846	18.144	24.190	459.600
15/12/1995	12.161	7.732	18.648	24.478	631.800
16/12/1995	0.388	8.940	17.433	24.999	334.600
17/12/1995	6.297	9.184	18.353	26.012	282.500
18/12/1995	5.001	8.609	17.519	24.654	383.700
19/12/1995	10.569	8.581	18.212	25.156	266.000
20/12/1995	9.573	8.769	18.169	25.323	241.700
21/12/1995	0.340	8.080	17.711	24.169	239.400
22/12/1995	5.305	9.354	16.810	25.081	217.600
23/12/1995	0.209	8.939	17.706	25.253	200.400
24/12/1995	16.843	9.981	17.105	26.124	313.000
25/12/1995	1.327	7.560	17.291	23.240	223.300
26/12/1995	4.707	8.033	16.647	23.326	268.400
27/12/1995	4.048	8.903	17.064	24.715	206.200
28/12/1995	0.584	10.920	16.673	27.001	157.500
29/12/1995	0.248	9.770	16.689	25.506	173.300
30/12/1995	0.000	9.438	17.708	25.791	182.300
31/12/1995	0.000	10.061	18.074	26.852	148.600
01/01/1996	0.000	8.606	16.285	23.703	122.600
02/01/1996	0.000	9.880	16.474	25.433	120.800
03/01/1996	0.000	9.732	16.936	25.570	106.900
04/01/1996	4.015	10.387	16.653	26.224	111.500
05/01/1996	0.000	10.324	16.801	26.218	109.700
06/01/1996	0.000	10.047	16.346	25.560	89.000
07/01/1996	0.000	10.069	16.347	25.577	81.500
08/01/1996	2.393	9.761	16.616	25.371	98.800
09/01/1996	23.857	8.585	17.265	24.321	132.300
10/01/1996	2.628	10.911	15.708	26.156	126.100
11/01/1996	0.000	8.561	17.314	24.363	93.400
12/01/1996	0.625	8.658	17.369	24.433	83.600
13/01/1996	40.372	9.032	16.888	24.538	142.300
14/01/1996	2.834	8.210	16.413	23.138	160.700
15/01/1996	1.930	9.031	17.874	25.190	181.600
16/01/1996	5.070	9.007	17.131	24.603	174.400
17/01/1996	2.994	8.804	16.467	23.830	158.400
18/01/1996	0.200	7.997	16.884	23.148	140.100
19/01/1996	0.000	8.875	15.826	23.410	198.300
20/01/1996	0.000	9.102	14.930	23.054	148.200
21/01/1996	0.575	9.420	15.310	23.679	137.800
22/01/1996	1.774	8.170	16.574	23.033	154.600
23/01/1996	0.000	8.890	15.698	23.262	177.200
24/01/1996	0.000	9.065	16.145	23.773	130.800
25/01/1996	0.000	8.047	17.326	23.407	129.100
26/01/1996	0.000	10.327	17.439	26.211	105.000
27/01/1996	0.000	10.456	16.858	25.932	117.300
28/01/1996	0.000	9.716	16.453	24.714	116.100
29/01/1996	0.000	9.537	17.597	25.294	104.200
30/01/1996	0.000	10.366	15.820	25.013	86.000
31/01/1996	0.411	8.315	17.222	23.586	81.500
01/02/1996	2.054	9.039	16.692	24.006	84.500
02/02/1996	0.635	9.665	17.593	25.392	107.900
03/02/1996	1.445	9.206	18.927	25.810	92.600
04/02/1996	28.543	7.335	17.932	22.990	151.300
05/02/1996	4.003	6.729	17.047	21.541	224.800
06/02/1996	0.000	9.067	15.734	23.182	133.500
07/02/1996	1.783	7.053	18.664	23.166	120.700
08/02/1996	0.000	7.746	17.923	23.344	179.300
09/02/1996	11.959	10.226	16.747	25.266	166.100
10/02/1996	8.409	9.519	16.564	24.278	109.700
11/02/1996	0.215	10.339	17.532	25.917	182.500
12/02/1996	3.325	10.800	17.983	26.728	108.800
13/02/1996	4.026	9.277	17.895	24.906	103.600
14/02/1996	0.180	10.525	16.810	25.526	97.700
15/02/1996	6.610	9.407	18.179	25.231	166.400
16/02/1996	2.035	10.277	18.658	26.536	88.300
17/02/1996	9.054	9.086	16.469	23.541	195.900
18/02/1996	9.274	9.651	17.298	24.760	142.200
19/02/1996	3.864	11.590	17.542	27.166	103.000
20/02/1996	3.474	11.638	18.244	27.706	106.300
21/02/1996	0.402	9.045	18.061	24.613	88.300
22/02/1996	1.110	7.836	17.810	23.097	98.200
23/02/1996	2.358	10.720	18.286	26.619	143.000
24/02/1996	9.905	10.136	17.850	25.651	118.100
25/02/1996	2.151	12.367	17.397	27.847	120.500
26/02/1996	2.869	10.895	18.892	27.196	113.300
27/02/1996	15.628	10.251	17.930	25.718	144.200
28/02/1996	15.405	10.995	18.304	26.824	159.400
29/02/1996	11.629	9.383	17.613	24.506	129.800
01/03/1996	7.616	10.452	18.990	26.703	164.800
02/03/1996	18.020	9.242	19.048	25.410	275.100
03/03/1996	6.408	10.728	18.343	26.480	443.600
04/03/1996	0.000	10.010	18.770	25.994	325.200
05/03/1996	15.626	8.863	18.372	24.442	305.600
06/03/1996	27.183	7.976	18.968	24.006	431.900
07/03/1996	16.546	8.291	18.562	23.951	457.800
08/03/1996	14.086	7.347	18.860	23.235	533.400
09/03/1996	2.108	8.996	18.009	24.260	327.300
10/03/1996	36.003	8.034	17.993	23.199	531.500
12/03/1996	0.000	7.547	17.416	22.266	516.500
13/03/1996	0.000	8.258	17.974	23.400	429.200
14/03/1996	0.000	8.999	18.436	24.528	382.100
15/03/1996	0.000	7.899	17.439	22.613	520.100
16/03/1996	0.000	9.402	16.932	23.776	495.800
17/03/1996	0.000	10.140	16.291	24.108	366.200
18/03/1996	0.000	12.344	16.690	26.906	315.300
19/03/1996	0.000	10.354	18.041	25.651	244.900
20/03/1996	0.000	10.224	16.680	24.564	211.500
21/03/1996	5.109	9.242	17.567	24.100	261.500
22/03/1996	10.252	8.316	17.561	23.122	307.600
23/03/1996	7.411	10.358	17.520	25.253	284.400
24/03/1996	9.742	10.205	17.773	25.259	206.800
25/03/1996	6.901	10.641	18.257	26.077	285.200
26/03/1996	30.766	9.826	17.878	24.939	307.300
27/03/1996	1.748	11.249	17.858	26.451	225.000
28/03/1996	3.711	11.919	17.228	26.788	193.600
29/03/1996	4.333	11.177	17.749	26.289	184.300
30/03/1996	7.168	10.164	18.166	25.471	246.000
31/03/1996	0.520	10.047	18.388	25.515	178.000
01/04/1996	8.019	10.703	18.138	26.060	300.000
02/04/1996	7.193	9.607	18.863	25.423	206.400
03/04/1996	16.055	8.986	18.054	24.158	288.100
04/04/1996	11.132	10.624	18.033	25.900	256.300
05/04/1996	17.160	9.983	18.448	25.510	256.800
06/04/1996	6.984	10.066	18.176	25.398	230.300
07/04/1996	9.314	10.417	18.369	25.901	190.400
08/04/1996	7.141	10.301	18.355	25.807	165.000
09/04/1996	16.254	11.000	17.730	26.119	267.600
10/04/1996	1.111	8.167	18.709	23.862	305.600
11/04/1996	2.031	8.200	18.283	23.573	222.200
12/04/1996	18.059	8.305	18.253	23.637	401.800
13/04/1996	0.081	9.719	17.596	24.613	242.800
14/04/1996	1.108	10.365	16.913	24.856	222.700
15/04/1996	7.845	10.221	17.388	25.041	445.300
16/04/1996	0.247	10.259	17.124	24.881	212.700
17/04/1996	3.542	10.648	16.978	25.247	185.800
18/04/1996	2.892	9.743	17.672	24.722	206.700
19/04/1996	2.423	8.784	17.578	23.644	213.900
20/04/1996	9.488	8.692	17.871	23.767	335.000
21/04/1996	5.152	10.311	17.093	24.940	201.700
22/04/1996	39.665	7.606	18.760	23.387	519.900
23/04/1996	16.301	8.542	18.613	24.228	375.800
24/04/1996	2.644	7.039	18.512	22.628	533.400
25/04/1996	0.000	9.129	17.436	23.983	261.500
26/04/1996	44.536	10.339	17.689	25.467	257.500
27/04/1996	0.345	10.274	17.875	25.568	253.200
28/04/1996	8.851	8.428	18.898	24.408	335.600
29/04/1996	5.153	9.720	18.484	25.411	400.000
30/04/1996	1.783	7.848	19.061	23.930	312.800
01/05/1996	18.350	7.743	18.648	23.520	293.200
02/05/1996	0.110	9.599	17.930	24.901	216.500
03/05/1996	9.819	8.912	18.292	24.467	191.300
04/05/1996	0.778	8.983	18.657	24.823	211.100
05/05/1996	18.441	8.204	18.695	24.035	205.600
06/05/1996	8.387	8.073	18.650	23.907	226.500
07/05/1996	20.952	8.308	18.817	24.263	299.500
08/05/1996	15.440	7.466	18.613	23.266	496.200
09/05/1996	9.806	8.980	17.903	24.331	285.500
10/05/1996	1.483	9.529	18.619	25.433	253.800
11/05/1996	4.651	8.581	18.592	24.414	268.000
12/05/1996	10.181	6.333	19.177	22.650	368.700
13/05/1996	5.881	8.035	18.033	23.471	356.600
14/05/1996	15.787	8.761	17.923	24.140	295.700
15/05/1996	18.071	9.392	17.174	24.298	429.600
16/05/1996	26.878	9.432	18.253	25.167	350.100
17/05/1996	3.016	8.488	18.192	24.089	328.600
18/05/1996	3.034	11.348	18.068	27.189	266.900
19/05/1996	7.095	9.250	18.057	24.846	229.000
20/05/1996	6.862	8.055	17.676	23.304	277.500
21/05/1996	0.000	10.373	16.653	25.119	339.900
22/05/1996	7.007	11.033	16.661	25.862	271.700
23/05/1996	29.436	8.048	17.775	23.378	421.000
24/05/1996	9.088	8.529	17.219	23.446	477.100
25/05/1996	5.819	8.959	17.612	24.205	305.500
26/05/1996	18.671	8.719	17.577	23.958	367.800
27/05/1996	7.141	9.400	17.256	24.497	307.500
28/05/1996	15.917	10.215	17.860	25.891	283.800
29/05/1996	17.709	9.564	17.413	24.846	294.300
30/05/1996	1.361	7.816	17.525	22.959	238.200
31/05/1996	13.855	11.002	16.512	25.878	545.700
01/06/1996	1.040	10.799	17.625	26.430	276.100
02/06/1996	13.996	8.015	18.517	23.975	401.600
03/06/1996	4.666	8.363	18.273	24.157	282.600
04/06/1996	16.251	7.178	18.228	22.860	409.500
05/06/1996	20.267	7.872	18.217	23.583	532.500
06/06/1996	5.695	9.499	17.490	24.844	346.200
07/06/1996	0.000	9.773	18.138	25.650	238.400
08/06/1996	3.854	9.353	17.911	24.994	233.200
09/06/1996	3.203	12.201	17.467	28.010	220.900
10/06/1996	1.172	11.749	18.424	28.144	181.400
11/06/1996	10.523	10.359	17.531	25.897	174.900
12/06/1996	4.070	10.486	18.090	26.480	205.300
13/06/1996	6.265	8.760	18.013	24.442	241.000
14/06/1996	15.914	9.768	17.699	25.375	199.800
15/06/1996	1.422	9.138	18.570	25.302	190.100
16/06/1996	20.182	9.019	18.199	24.923	285.400
17/06/1996	4.762	9.429	17.940	25.190	215.000
18/06/1996	5.608	8.597	17.645	24.028	600.000
19/06/1996	1.679	10.800	18.099	26.865	283.600
20/06/1996	9.466	9.458	17.892	25.166	325.000
21/06/1996	3.488	9.166	17.814	24.808	269.300
22/06/1996	2.935	9.824	17.856	25.576	198.800
24/06/1996	7.856	9.240	17.850	24.875	194.600
25/06/1996	12.435	8.824	17.783	24.374	210.700
26/06/1996	15.597	7.535	17.603	22.834	449.900
27/06/1996	7.104	9.018	17.129	24.064	497.500
28/06/1996	25.706	5.691	18.270	21.467	830.000
29/06/1996	0.704	8.275	17.144	23.217	391.800
30/06/1996	26.934	7.599	17.224	22.541	391.800
01/07/1996	3.298	8.390	17.193	23.429	237.100
02/07/1996	14.279	6.992	17.297	21.996	324.500
03/07/1996	3.567	10.416	17.068	25.661	398.000
04/07/1996	5.088	10.973	16.701	26.054	317.100
05/07/1996	4.903	9.842	17.435	25.254	250.100
07/07/1996	5.825	9.202	17.308	24.427	255.300
08/07/1996	17.704	10.651	17.876	26.445	484.500
09/07/1996	6.014	9.301	16.975	24.240	216.100
10/07/1996	15.756	8.875	17.215	23.955	265.000
11/07/1996	3.975	10.591	18.388	26.746	293.000
12/07/1996	5.894	9.652	18.384	25.680	300.500
13/07/1996	4.240	9.168	18.362	25.096	329.600
14/07/1996	3.538	10.720	18.193	26.733	263.100
15/07/1996	0.056	10.875	18.241	26.938	192.300
16/07/1996	8.153	10.396	18.096	26.282	170.600
17/07/1996	0.000	10.654	17.109	25.837	146.300
18/07/1996	0.519	10.271	17.651	25.781	129.800
19/07/1996	0.000	12.202	17.645	27.983	117.900
20/07/1996	0.198	8.977	19.461	25.688	121.600
21/07/1996	5.862	11.133	18.235	27.169	122.500
22/07/1996	3.632	11.026	18.126	26.933	114.300
23/07/1996	0.514	11.748	17.737	27.483	97.800
24/07/1996	2.177	11.003	17.738	26.637	114.800
25/07/1996	12.391	11.652	18.251	27.692	176.900
26/07/1996	6.786	10.717	17.799	26.320	147.000
27/07/1996	11.498	11.620	17.860	27.414	186.800
28/07/1996	15.751	8.749	18.945	24.987	187.900
29/07/1996	0.745	9.084	18.042	24.660	136.300
30/07/1996	2.683	9.202	18.520	25.128	133.500
31/07/1996	1.196	12.055	18.081	27.997	104.200
01/08/1996	6.749	11.317	18.644	27.528	160.800
02/08/1996	0.078	11.372	16.999	26.401	154.300
03/08/1996	6.055	11.059	17.616	26.487	134.000
04/08/1996	0.266	9.885	18.794	26.022	166.000
05/08/1996	7.634	10.618	18.663	26.731	160.800
06/08/1996	6.200	11.470	18.706	27.715	122.500
07/08/1996	13.734	9.902	18.176	25.570	143.900
08/08/1996	1.390	11.302	17.648	26.788	90.500
09/08/1996	0.882	10.987	17.436	26.246	86.000
10/08/1996	1.982	10.161	17.554	25.382	99.600
11/08/1996	0.924	10.914	16.735	25.628	105.200
12/08/1996	1.877	11.366	17.468	26.644	75.500
13/08/1996	0.050	12.044	16.892	27.003	67.300
14/08/1996	1.609	12.222	17.129	27.392	63.100
15/08/1996	6.020	9.076	17.362	24.029	76.600
16/08/1996	0.405	10.557	17.276	25.541	64.600
17/08/1996	8.499	13.094	16.967	28.176	95.000
18/08/1996	1.763	9.764	17.129	24.545	122.500
19/08/1996	6.466	11.477	16.762	26.158	96.700
20/08/1996	4.949	11.975	16.392	26.496	106.000
21/08/1996	5.346	11.041	18.116	26.647	74.000
22/08/1996	3.453	9.220	17.424	24.188	98.900
23/08/1996	24.165	10.607	17.465	25.692	89.800
24/08/1996	1.790	11.292	17.985	26.811	106.900
29/08/1996	1.596	10.548	16.878	25.142	112.400
30/08/1996	9.336	9.647	18.516	25.336	200.300
31/08/1996	9.764	10.648	17.600	25.778	185.800
02/09/1996	5.517	9.394	17.968	24.741	115.200
03/09/1996	0.449	10.396	17.887	25.703	191.600
04/09/1996	15.785	10.543	17.661	25.744	193.300
05/09/1996	13.377	10.472	17.478	25.475	122.500
06/09/1996	7.959	9.931	17.356	24.807	193.300
07/09/1996	0.871	12.317	16.789	27.083	134.600
08/09/1996	15.976	10.559	17.411	25.500	152.500
09/09/1996	2.339	11.241	17.676	26.443	114.300
10/09/1996	0.781	9.962	17.969	25.262	104.500
11/09/1996	6.035	12.244	17.004	27.131	108.800
12/09/1996	0.230	11.720	18.807	27.821	100.500
13/09/1996	2.323	9.307	18.952	25.347	89.700
14/09/1996	5.010	11.337	19.699	28.042	74.800
15/09/1996	5.691	9.987	19.144	26.189	95.000
16/09/1996	1.736	11.892	18.660	27.891	78.500
17/09/1996	0.047	9.789	17.669	24.913	68.800
18/09/1996	1.112	12.246	18.025	27.856	65.000
19/09/1996	19.820	11.711	18.962	27.932	72.500
20/09/1996	20.416	11.098	18.847	27.212	317.200
21/09/1996	8.463	9.876	18.964	25.972	163.700
22/09/1996	0.000	12.098	18.265	27.961	104.200
23/09/1996	2.156	12.786	18.013	28.520	107.300
24/09/1996	22.819	8.586	18.757	24.478	196.800
25/09/1996	7.923	10.318	18.715	26.291	250.000
26/09/1996	2.916	11.220	17.975	26.786	150.700
27/09/1996	18.378	10.411	17.390	25.439	128.900
28/09/1996	12.249	10.127	18.695	26.103	93.300
29/09/1996	5.125	9.621	18.490	25.436	169.500
30/09/1996	8.796	8.168	18.058	23.599	360.500
01/10/1996	7.379	10.052	17.573	25.221	182.500
02/10/1996	0.552	11.705	17.670	27.167	162.800
03/10/1996	34.841	11.063	18.084	26.749	421.000
04/10/1996	6.662	7.189	18.519	22.953	184.700
05/10/1996	4.136	10.615	17.294	25.698	178.200
06/10/1996	15.903	10.427	18.169	26.121	180.300
07/10/1996	1.721	7.754	18.330	23.381	171.700
08/10/1996	11.359	9.679	17.475	24.823	323.000
09/10/1996	4.945	7.899	17.568	22.962	174.900
10/10/1996	12.984	8.475	16.772	22.985	280.800
11/10/1996	2.888	10.536	18.012	26.217	180.300
12/10/1996	46.985	9.808	17.682	25.215	593.000
13/10/1996	1.878	8.783	17.093	23.587	517.400
14/10/1996	5.540	8.985	17.368	24.035	485.500
15/10/1996	16.385	8.659	17.618	23.888	636.700
16/10/1996	0.146	7.096	18.640	23.071	371.500
17/10/1996	0.000	9.753	18.010	25.504	274.800
18/10/1996	31.772	7.368	17.994	22.844	545.800
19/10/1996	10.785	9.963	17.525	25.344	305.300
20/10/1996	6.540	8.598	17.792	24.051	509.500
21/10/1996	6.349	8.350	17.722	23.737	518.000
22/10/1996	8.349	10.306	17.602	25.894	366.700
23/10/1996	3.350	9.074	18.042	24.878	329.000
24/10/1996	2.348	11.646	17.397	27.391	289.800
25/10/1996	15.914	10.618	16.942	25.871	370.600
26/10/1996	0.096	11.232	18.031	27.387	261.800
27/10/1996	2.996	10.847	18.219	27.073	213.900
28/10/1996	38.294	8.489	18.488	24.584	577.400
29/10/1996	3.328	8.387	17.935	24.078	299.000
30/10/1996	0.000	10.297	17.756	26.186	235.800
31/10/1996	4.859	10.570	17.895	26.625	239.700
01/11/1996	13.524	10.522	18.212	26.837	491.500
02/11/1996	0.723	10.750	18.497	27.320	259.200
03/11/1996	12.785	9.584	18.265	25.840	306.800
04/11/1996	0.000	11.039	17.567	27.064	202.400
05/11/1996	0.000	12.015	17.862	28.462	168.400
06/11/1996	9.350	10.840	18.900	27.812	156.500
07/11/1996	18.025	9.804	17.599	25.695	148.300
08/11/1996	13.712	7.165	18.532	23.395	282.100
09/11/1996	4.129	9.104	17.894	25.070	618.400
10/11/1996	0.000	9.351	17.887	25.391	261.800
11/11/1996	11.706	9.622	18.108	25.913	239.700
12/11/1996	0.000	10.044	17.965	26.308	189.000
13/11/1996	14.233	10.684	18.929	27.789	215.000
14/11/1996	27.904	7.259	19.320	24.244	293.000
15/11/1996	12.808	7.700	19.090	24.513	852.000
16/11/1996	18.251	8.821	18.142	25.086	365.400
17/11/1996	0.000	9.296	17.933	25.501	294.000
18/11/1996	1.013	9.483	17.148	25.164	494.500
19/11/1996	0.000	9.560	17.390	25.453	298.400
20/11/1996	0.000	10.018	17.135	25.843	228.000
21/11/1996	0.388	9.751	15.349	24.259	298.500
22/11/1996	12.302	9.835	16.186	24.967	194.400
23/11/1996	1.636	7.806	16.196	22.471	182.500
24/11/1996	0.000	8.189	16.759	23.419	179.300
25/11/1996	0.000	9.033	16.878	24.549	154.300
26/11/1996	0.000	10.485	17.788	27.062	142.700
27/11/1996	0.000	9.097	18.234	25.695	138.100
28/11/1996	20.323	8.750	18.311	25.315	215.000
29/11/1996	4.402	7.898	17.871	23.975	424.800
30/11/1996	6.494	8.667	18.560	25.430	244.900
01/12/1996	10.373	8.725	16.603	24.052	213.700
02/12/1996	3.792	10.116	17.596	26.519	194.400
03/12/1996	6.263	6.797	17.983	22.821	192.500
04/12/1996	20.676	9.324	17.288	25.294	150.000
05/12/1996	0.000	9.557	17.222	25.555	259.200
06/12/1996	1.851	7.824	17.532	23.672	238.600
07/12/1996	0.332	10.220	17.215	26.414	193.300
08/12/1996	3.124	10.253	16.717	26.099	167.300
09/12/1996	40.815	7.990	17.674	24.062	483.300
10/12/1996	0.000	8.963	18.102	25.526	257.900
11/12/1996	2.250	8.096	17.562	24.081	199.800
12/12/1996	22.678	7.614	17.099	23.188	223.700
13/12/1996	2.155	8.894	17.795	25.230	217.600
14/12/1996	2.219	9.787	17.307	25.987	205.300
15/12/1996	13.287	9.154	18.548	26.093	161.900
16/12/1996	0.000	10.245	17.096	26.433	146.300
17/12/1996	0.000	10.626	17.426	27.214	130.800
18/12/1996	0.000	9.778	17.894	26.453	117.900
19/12/1996	0.000	9.957	18.148	26.840	107.800
20/12/1996	7.850	10.830	17.336	27.349	105.100
21/12/1996	9.064	9.230	17.717	25.592	95.000
22/12/1996	0.000	9.788	18.365	26.778	106.000
23/12/1996	0.000	9.982	16.356	25.557	59.000
24/12/1996	0.000	9.451	17.879	25.994	88.300
25/12/1996	0.000	9.288	18.695	26.358	83.800
26/12/1996	0.000	9.220	17.878	25.673	80.000
27/12/1996	0.000	9.540	18.683	26.644	75.500
28/12/1996	0.000	10.144	16.592	25.903	95.000
29/12/1996	0.000	10.852	16.622	26.824	131.700
30/12/1996	0.000	9.741	16.977	25.637	95.000
31/12/1996	0.000	9.778	17.436	26.020	120.700
01/01/1997	0.214	9.348	17.128	25.227	100.000
02/01/1997	0.073	9.299	17.468	25.387	113.000
04/01/1997	0.000	10.528	16.488	26.251	100.000
05/01/1997	0.000	10.892	15.890	26.237	114.000
06/01/1997	0.000	11.377	16.763	27.468	94.000
07/01/1997	1.027	11.203	15.517	26.400	85.000
08/01/1997	1.302	10.458	16.797	26.295	94.000
09/01/1997	0.000	9.533	17.084	25.315	87.000
10/01/1997	15.925	7.818	17.250	23.366	209.000
11/01/1997	0.000	9.187	17.176	24.975	251.000
12/01/1997	0.073	8.995	17.680	25.062	215.000
13/01/1997	2.219	10.335	15.574	25.218	145.000
14/01/1997	0.849	10.142	16.189	25.387	88.000
15/01/1997	3.405	8.231	18.747	24.904	115.000
16/01/1997	2.594	8.926	17.807	25.010	162.000
17/01/1997	16.539	8.424	17.645	24.262	327.000
18/01/1997	2.843	9.649	16.584	24.961	273.000
19/01/1997	0.258	10.018	15.342	24.513	183.000
20/01/1997	3.066	10.656	16.497	26.090	177.000
21/01/1997	4.543	8.802	17.798	24.757	145.000
22/01/1997	4.001	10.057	17.118	25.738	134.000
23/01/1997	3.054	11.491	16.000	26.714	139.000
24/01/1997	11.724	10.804	15.259	25.320	140.000
25/01/1997	6.293	9.817	17.352	25.525	166.000
26/01/1997	3.026	9.323	17.320	24.894	187.000
27/01/1997	0.000	10.164	17.544	26.068	207.000
28/01/1997	0.000	10.040	17.004	25.506	177.000
29/01/1997	0.969	9.954	17.840	25.961	150.000
30/01/1997	0.275	10.388	17.672	26.343	151.000
31/01/1997	0.000	10.658	16.635	25.908	130.000
01/02/1997	0.000	8.302	17.093	23.404	125.000
02/02/1997	0.773	9.210	16.208	23.795	262.000
03/02/1997	0.538	10.855	16.815	26.211	120.000
04/02/1997	20.248	9.663	16.837	24.797	341.000
05/02/1997	10.893	7.770	17.555	23.115	265.000
06/02/1997	0.319	10.251	16.987	25.516	167.000
07/02/1997	12.897	9.964	17.366	25.446	171.000
08/02/1997	7.314	9.537	17.997	25.369	159.000
09/02/1997	11.552	10.866	17.023	26.217	174.000
10/02/1997	29.886	10.898	17.818	26.757	198.000
11/02/1997	6.584	8.948	17.538	24.275	327.000
12/02/1997	11.657	10.641	17.523	26.195	335.000
13/02/1997	15.347	9.991	17.257	25.267	302.000
14/02/1997	10.526	9.877	18.855	26.270	226.000
15/02/1997	3.703	12.269	18.035	28.391	157.000
16/02/1997	19.477	11.001	18.799	27.440	239.000
17/02/1997	11.507	10.033	18.219	25.891	290.000
18/02/1997	6.464	10.121	17.962	25.794	349.000
19/02/1997	0.000	11.556	18.321	27.666	207.000
20/02/1997	7.109	11.431	18.644	27.760	319.000
21/02/1997	0.000	11.425	17.706	27.049	191.000
22/02/1997	1.808	10.470	19.334	27.103	161.000
23/02/1997	10.698	10.147	19.532	26.917	231.000
24/02/1997	8.090	11.382	18.693	27.602	179.000
25/02/1997	2.340	10.284	18.597	26.283	160.000
26/02/1997	0.846	11.046	19.520	27.799	136.000
27/02/1997	0.000	11.210	19.906	28.235	130.000
28/02/1997	4.324	11.845	18.811	28.109	129.000
01/03/1997	8.088	11.112	19.134	27.503	162.000
02/03/1997	2.552	11.509	19.554	28.257	200.000
03/03/1997	0.000	11.210	18.115	26.844	123.000
04/03/1997	0.000	11.724	18.561	27.727	109.000
05/03/1997	0.000	11.619	18.250	27.366	102.000
06/03/1997	0.000	12.783	19.054	29.212	92.000
07/03/1997	0.000	12.295	19.452	28.952	86.000
08/03/1997	0.000	12.894	18.747	29.113	77.000
09/03/1997	0.000	11.789	19.794	28.587	72.000
10/03/1997	0.000	10.786	20.592	28.112	70.000
11/03/1997	6.060	11.202	19.917	28.036	74.000
12/03/1997	21.107	12.515	19.375	29.028	87.000
13/03/1997	26.322	7.679	19.003	23.648	214.000
14/03/1997	0.000	12.394	19.176	28.753	117.000
15/03/1997	10.173	11.779	20.808	29.227	90.000
16/03/1997	38.233	8.763	19.885	25.422	156.000
17/03/1997	0.987	8.135	18.961	24.055	135.000
18/03/1997	1.923	7.467	19.234	23.624	238.000
19/03/1997	1.355	9.229	18.462	24.783	351.000
20/03/1997	0.000	11.673	17.642	26.807	221.000
21/03/1997	0.081	9.615	17.625	24.509	155.000
22/03/1997	0.158	12.510	16.352	26.855	115.000
23/03/1997	0.000	11.346	16.975	25.929	101.000
24/03/1997	0.000	13.540	15.882	27.698	95.000
25/03/1997	0.000	12.048	17.455	27.048	113.000
26/03/1997	0.136	10.128	18.081	25.381	150.000
27/03/1997	0.000	11.261	17.392	26.121	135.000
28/03/1997	0.144	9.854	17.372	24.580	91.000
29/03/1997	1.096	11.263	16.919	25.797	122.000
30/03/1997	0.000	11.477	18.094	26.847	107.000
31/03/1997	0.000	11.621	17.879	26.860	110.000
01/04/1997	1.887	10.162	17.858	25.282	182.000
02/04/1997	0.000	12.243	17.449	27.228	224.000
03/04/1997	8.528	11.617	18.830	27.516	237.000
04/04/1997	32.555	10.342	18.881	26.235	225.000
05/04/1997	7.510	10.553	18.923	26.462	303.000
06/04/1997	2.100	12.082	18.882	28.052	184.000
07/04/1997	17.158	11.401	19.592	27.847	234.000
08/04/1997	2.699	11.741	18.594	27.478	160.000
09/04/1997	22.591	10.237	18.874	26.106	325.000
10/04/1997	8.715	11.013	19.004	27.028	243.000
11/04/1997	13.500	10.235	19.371	26.496	319.000
12/04/1997	0.994	12.234	18.807	28.217	219.000
13/04/1997	5.121	12.312	19.650	28.903	196.000
14/04/1997	16.804	8.692	19.417	24.933	219.000
15/04/1997	5.718	12.315	19.267	28.654	186.000
16/04/1997	16.854	10.117	18.890	26.054	235.000
17/04/1997	26.728	10.124	18.810	25.997	229.000
18/04/1997	20.173	8.366	18.594	24.013	166.000
19/04/1997	8.615	8.765	18.125	24.065	191.000
20/04/1997	1.907	7.918	18.281	23.339	210.000
21/04/1997	10.577	7.889	18.190	23.234	428.000
22/04/1997	7.352	9.106	16.923	23.510	349.000
23/04/1997	10.024	8.152	18.126	23.446	437.000
24/04/1997	9.071	9.875	17.552	24.807	299.000
25/04/1997	12.593	9.374	17.574	24.295	338.000
26/04/1997	4.593	8.741	18.792	24.593	328.000
27/04/1997	3.653	11.118	18.406	26.903	231.000
28/04/1997	7.508	10.087	18.749	26.029	263.000
29/04/1997	0.042	12.000	17.967	27.583	232.000
30/04/1997	10.068	11.740	18.185	27.487	187.000
01/05/1997	1.124	10.688	18.512	26.538	162.000
02/05/1997	8.797	11.676	19.231	28.135	145.000
03/05/1997	5.397	12.375	18.946	28.712	156.000
04/05/1997	9.429	10.059	19.240	26.411	218.000
05/05/1997	1.139	11.397	18.577	27.378	130.000
06/05/1997	4.796	12.566	18.068	28.350	208.000
07/05/1997	39.142	11.280	18.362	27.128	237.000
08/05/1997	0.186	11.585	18.666	27.699	147.000
09/05/1997	1.729	11.470	18.836	27.703	226.000
10/05/1997	6.428	8.199	18.860	24.224	284.000
11/05/1997	21.095	5.642	18.235	21.209	281.000
12/05/1997	6.376	11.599	18.334	27.549	166.000
13/05/1997	17.133	10.762	19.262	27.299	224.000
14/05/1997	10.395	10.392	17.673	25.743	259.000
15/05/1997	7.874	10.261	18.475	26.196	193.000
16/05/1997	3.457	11.970	18.208	27.936	214.000
17/05/1997	8.438	12.290	17.772	28.028	290.000
18/05/1997	0.173	10.558	18.814	26.826	160.000
19/05/1997	6.792	12.166	18.158	28.166	148.000
20/05/1997	3.472	11.120	18.712	27.407	124.000
21/05/1997	4.447	11.215	18.721	27.509	121.000
22/05/1997	11.370	10.865	17.820	26.496	188.000
23/05/1997	4.911	10.888	18.645	27.128	189.000
24/05/1997	9.257	11.677	18.828	28.137	184.000
25/05/1997	19.916	9.170	19.629	25.991	211.000
26/05/1997	12.619	8.083	18.506	23.972	227.000
27/05/1997	13.270	9.478	18.836	25.730	328.000
28/05/1997	5.176	10.824	18.913	27.302	206.000
29/05/1997	3.236	11.271	17.661	26.940	162.000
30/05/1997	11.783	8.808	18.711	24.983	241.000
31/05/1997	10.806	11.486	17.850	27.333	285.000
01/06/1997	16.483	9.691	18.542	25.814	183.000
02/06/1997	8.395	10.386	17.398	25.762	140.000
03/06/1997	10.163	10.795	19.516	27.765	243.000
04/06/1997	21.604	8.656	18.778	24.876	367.000
05/06/1997	0.342	10.120	18.150	26.029	195.000
06/06/1997	17.088	8.137	18.006	23.733	341.000
07/06/1997	7.021	8.215	18.555	24.273	652.000
08/06/1997	11.917	9.483	17.414	24.815	466.000
09/06/1997	9.789	9.867	17.499	25.304	323.000
10/06/1997	3.032	11.354	16.676	26.493	237.000
11/06/1997	2.848	10.880	16.781	25.999	255.000
12/06/1997	17.218	8.396	18.320	24.281	490.000
13/06/1997	6.057	9.433	17.619	24.949	272.000
14/06/1997	6.548	10.136	18.051	26.086	233.000
15/06/1997	0.587	11.197	17.135	26.651	193.000
16/06/1997	5.976	10.784	18.125	26.884	218.000
17/06/1997	6.692	8.015	18.967	24.385	210.000
18/06/1997	12.141	10.861	17.938	26.833	219.000
19/06/1997	5.942	9.242	18.135	25.099	241.000
20/06/1997	2.289	10.708	17.724	26.491	212.000
21/06/1997	10.337	9.452	17.688	25.001	236.000
22/06/1997	0.000	10.936	17.672	26.751	155.000
23/06/1997	0.000	12.172	17.507	28.058	135.000
24/06/1997	9.168	10.835	19.124	27.624	233.000
25/06/1997	8.010	8.861	18.209	24.730	204.000
26/06/1997	2.560	9.026	17.560	24.419	238.000
27/06/1997	0.792	10.079	16.964	25.209	165.000
28/06/1997	0.110	12.170	17.397	27.962	132.000
29/06/1997	8.618	11.903	17.985	28.058	208.000
30/06/1997	9.187	10.038	18.439	26.238	373.000
01/07/1997	7.621	9.418	18.836	25.818	157.000
02/07/1997	0.896	12.428	18.202	28.830	119.000
03/07/1997	0.100	9.848	18.455	26.064	104.000
04/07/1997	0.000	11.534	18.869	28.247	95.000
05/07/1997	0.542	10.571	18.288	26.690	87.000
06/07/1997	2.235	10.119	18.686	26.449	83.000
07/07/1997	0.682	11.253	19.169	28.068	79.000
08/07/1997	4.851	10.727	18.935	27.326	76.000
09/07/1997	8.356	10.986	19.081	27.721	150.000
10/07/1997	0.346	9.280	19.270	25.958	124.000
11/07/1997	0.279	10.985	18.581	27.350	95.000
12/07/1997	1.085	11.120	18.923	27.711	81.000
13/07/1997	0.000	12.139	18.376	28.494	71.000
14/07/1997	0.563	12.293	18.802	28.972	65.000
15/07/1997	0.000	11.256	19.109	27.981	61.000
16/07/1997	1.618	12.711	19.346	29.783	66.000
17/07/1997	0.000	10.662	18.288	26.709	73.000
18/07/1997	0.909	12.990	18.916	29.811	79.000
19/07/1997	0.000	10.962	19.488	27.904	61.000
20/07/1997	0.000	12.434	17.897	28.408	58.000
21/07/1997	0.000	11.435	18.378	27.584	53.000
22/07/1997	0.591	10.897	18.719	27.211	50.000
23/07/1997	0.000	11.378	19.647	28.417	49.000
24/07/1997	0.000	13.047	19.849	30.411	46.000
25/07/1997	2.231	11.071	20.076	28.360	44.000
26/07/1997	0.000	12.235	20.212	29.753	43.000
27/07/1997	6.662	12.376	19.719	29.539	42.000
28/07/1997	2.571	9.101	19.794	25.994	34.000
29/07/1997	1.222	8.933	18.802	25.080	35.000
30/07/1997	5.529	10.931	17.645	26.423	41.000
31/07/1997	5.847	12.046	18.094	28.016	49.000
01/08/1997	7.044	13.140	17.225	28.695	238.000
02/08/1997	0.000	11.797	18.246	27.772	53.000
03/08/1997	3.655	10.995	18.362	26.961	45.000
04/08/1997	0.000	12.652	18.230	28.708	41.000
05/08/1997	0.438	13.514	17.765	29.374	34.000
06/08/1997	0.000	12.286	19.212	28.948	32.000
07/08/1997	0.991	12.293	19.570	29.195	30.000
08/08/1997	0.000	11.177	19.157	27.654	27.000
09/08/1997	4.149	11.161	18.622	27.227	26.000
10/08/1997	0.464	11.029	18.879	27.276	26.000
11/08/1997	0.000	12.920	17.404	28.365	27.000
12/08/1997	2.267	11.743	18.285	27.638	30.000
13/08/1997	4.316	11.294	18.472	27.237	28.000
14/08/1997	2.709	11.578	18.497	27.589	31.000
15/08/1997	2.730	11.560	18.538	27.584	28.000
16/08/1997	0.434	10.540	19.388	27.064	29.000
17/08/1997	11.112	11.473	18.288	27.314	27.000
18/08/1997	1.999	11.951	18.015	27.597	32.000
19/08/1997	7.912	12.104	18.006	27.781	31.000
20/08/1997	6.683	11.774	19.097	28.166	37.000
21/08/1997	0.000	12.725	17.978	28.468	30.000
22/08/1997	3.960	11.402	18.586	27.360	28.000
23/08/1997	0.057	11.671	18.265	27.458	28.000
24/08/1997	5.373	10.907	18.017	26.407	38.000
25/08/1997	5.373	12.893	18.831	29.185	34.000
26/08/1997	0.071	13.201	20.756	30.831	29.000
27/08/1997	9.738	10.730	20.288	27.850	24.000
28/08/1997	0.000	12.948	19.144	29.410	21.000
29/08/1997	0.000	13.582	18.089	29.400	20.000
30/08/1997	5.087	13.354	17.890	29.086	60.000
31/08/1997	0.853	11.310	18.824	27.387	29.000
01/09/1997	6.031	12.567	17.746	28.009	24.000
02/09/1997	12.855	9.222	18.717	25.073	150.000
03/09/1997	9.948	11.842	18.365	27.629	36.000
04/09/1997	3.053	11.921	17.916	27.455	31.000
05/09/1997	10.403	12.459	18.589	28.487	41.000
06/09/1997	28.761	11.197	19.328	27.612	158.000
07/09/1997	0.919	11.244	18.224	26.862	49.000
08/09/1997	4.753	8.593	19.028	24.635	307.000
09/09/1997	7.395	10.605	19.169	26.824	111.000
10/09/1997	1.811	10.353	19.138	26.654	77.000
11/09/1997	3.115	11.785	19.735	28.520	61.000
12/09/1997	6.427	12.333	19.565	28.987	300.000
13/09/1997	2.591	12.880	19.615	29.667	102.000
14/09/1997	0.605	11.756	18.600	27.747	64.000
15/09/1997	5.772	10.574	19.186	26.890	51.000
16/09/1997	0.000	12.531	19.185	29.000	39.000
17/09/1997	1.066	12.280	18.856	28.516	32.000
18/09/1997	10.404	12.318	17.708	27.765	34.000
19/09/1997	9.487	10.776	18.830	26.776	41.000
20/09/1997	17.938	10.233	18.455	25.977	419.000
21/09/1997	1.726	10.449	17.876	25.785	151.000
22/09/1997	21.396	10.323	18.485	26.109	163.000
23/09/1997	20.569	8.128	19.032	24.209	825.000
24/09/1997	17.022	8.845	18.892	24.815	412.000
25/09/1997	16.311	10.788	18.767	26.836	228.000
26/09/1997	5.486	9.723	19.244	26.042	301.000
27/09/1997	7.968	11.848	18.628	27.927	366.000
28/09/1997	4.442	11.183	18.688	27.283	190.000
29/09/1997	8.590	10.979	17.548	26.238	112.000
30/09/1997	1.102	12.138	17.452	27.452	91.000
01/10/1997	5.083	9.321	18.686	25.219	137.000
02/10/1997	14.544	10.664	18.499	26.594	418.000
03/10/1997	12.374	7.747	18.999	23.891	263.000
04/10/1997	0.861	12.044	18.135	27.881	172.000
05/10/1997	4.972	10.571	17.436	25.766	126.000
06/10/1997	0.154	10.475	16.872	25.285	90.000
07/10/1997	4.267	10.376	17.672	25.782	77.000
08/10/1997	0.256	11.471	18.600	27.654	67.000
09/10/1997	6.395	12.032	17.443	27.523	128.000
10/10/1997	18.689	10.572	18.818	26.840	77.000
11/10/1997	19.723	10.498	18.129	26.267	282.000
12/10/1997	2.820	10.365	18.499	26.387	132.000
13/10/1997	8.081	10.545	18.725	26.747	442.000
14/10/1997	1.270	10.282	18.153	26.038	224.000
15/10/1997	11.391	10.540	18.584	26.685	159.000
16/10/1997	15.437	8.134	18.884	24.308	157.000
17/10/1997	11.140	8.531	17.661	23.818	393.000
18/10/1997	10.216	10.150	17.610	25.612	283.000
19/10/1997	5.870	9.681	18.583	25.826	638.000
20/10/1997	6.219	11.754	17.251	27.256	234.000
21/10/1997	4.163	8.546	18.596	24.648	199.000
22/10/1997	11.779	11.355	17.235	26.887	224.000
23/10/1997	2.413	10.250	18.138	26.218	191.000
24/10/1997	0.000	12.548	18.231	28.993	141.000
25/10/1997	0.000	11.963	18.113	28.281	110.000
26/10/1997	0.237	11.810	18.446	28.334	96.000
27/10/1997	0.000	9.100	19.150	25.781	85.000
28/10/1997	13.227	11.631	18.451	28.166	79.000
29/10/1997	22.280	9.746	18.292	25.898	102.000
30/10/1997	0.000	11.017	18.298	27.404	103.000
31/10/1997	0.353	10.903	17.372	26.586	82.000
01/11/1997	17.126	9.073	18.962	25.654	166.000
02/11/1997	0.000	10.036	18.533	26.469	94.000
03/11/1997	5.964	9.969	18.597	26.468	113.000
04/11/1997	16.642	10.274	18.435	26.741	516.000
05/11/1997	9.555	10.213	18.984	27.070	161.000
06/11/1997	7.359	9.053	18.975	25.795	129.000
07/11/1997	30.509	7.519	19.670	24.625	424.000
08/11/1997	25.751	5.814	19.275	22.574	1071.000
09/11/1997	9.427	6.552	18.733	22.858	471.000
10/11/1997	18.859	6.583	18.616	22.821	668.000
11/11/1997	7.469	10.360	18.507	27.052	376.000
12/11/1997	4.121	9.630	18.621	26.273	311.000
13/11/1997	9.727	8.431	18.438	24.750	393.000
14/11/1997	18.495	8.904	18.509	25.365	670.000
15/11/1997	1.638	7.909	18.222	24.023	490.000
16/11/1997	0.000	9.949	16.933	25.523	290.000
17/11/1997	9.002	9.110	17.561	24.991	219.000
18/11/1997	18.731	9.780	18.016	26.137	358.000
19/11/1997	9.277	11.164	17.388	27.435	261.000
20/11/1997	30.827	8.234	18.549	24.765	465.000
21/11/1997	3.563	8.070	18.807	24.779	316.000
22/11/1997	1.609	10.626	17.807	27.148	288.000
23/11/1997	0.496	10.571	18.381	27.503	236.000
24/11/1997	7.842	8.577	17.709	24.641	232.000
25/11/1997	7.250	8.612	19.339	25.871	197.000
26/11/1997	3.964	8.818	17.834	24.984	217.000
27/11/1997	0.000	9.879	17.057	25.701	248.000
28/11/1997	0.155	11.682	16.692	27.781	176.000
29/11/1997	0.844	9.552	18.124	26.110	166.000
30/11/1997	23.508	8.524	18.028	24.859	210.000
01/12/1997	30.406	9.264	19.791	27.036	346.000
02/12/1997	4.171	8.992	18.580	25.884	226.000
03/12/1997	1.604	10.707	18.285	27.756	227.000
04/12/1997	1.678	10.381	17.672	26.961	175.000
05/12/1997	0.442	10.395	19.094	27.985	142.000
06/12/1997	2.717	11.176	19.717	29.371	125.000
07/12/1997	0.435	9.394	20.076	27.500	115.000
08/12/1997	0.000	10.120	18.680	27.347	103.000
09/12/1997	8.693	12.376	17.420	29.330	93.000
10/12/1997	2.259	11.806	16.673	28.137	128.000
11/12/1997	0.000	10.072	18.686	27.324	89.000
12/12/1997	0.315	10.368	18.472	27.622	116.000
13/12/1997	0.000	11.285	18.355	28.648	86.000
14/12/1997	0.000	10.468	18.469	27.673	112.000
15/12/1997	0.098	7.972	18.304	24.531	107.000
16/12/1997	0.000	7.587	18.756	24.408	84.000
17/12/1997	0.000	9.445	17.962	26.062	98.000
18/12/1997	0.000	9.636	17.683	26.102	85.000
19/12/1997	0.000	9.924	17.509	26.358	114.000
20/12/1997	0.000	9.985	18.016	26.772	85.000
21/12/1997	0.198	11.050	17.869	28.042	69.000
22/12/1997	0.668	10.340	17.613	26.958	61.000
23/12/1997	0.000	11.901	18.433	29.477	58.000
24/12/1997	0.000	11.373	19.961	29.850	55.000
25/12/1997	2.410	11.965	18.891	29.824	60.000
26/12/1997	0.859	11.983	17.542	28.953	55.000
27/12/1997	0.000	12.248	17.993	29.584	51.000
28/12/1997	0.000	10.382	19.443	28.304	57.000
29/12/1997	5.481	12.344	17.824	29.557	83.000
30/12/1997	11.266	8.589	18.372	25.320	113.000
31/12/1997	0.000	10.658	18.202	27.683	72.000
01/01/1998	0.000	9.575	18.384	26.436	94.600
02/01/1998	0.000	11.694	17.906	28.741	77.000
03/01/1998	0.000	11.531	17.522	28.273	55.000
04/01/1998	0.000	11.920	18.478	29.369	47.500
05/01/1998	0.000	11.888	18.834	29.548	46.300
06/01/1998	0.157	10.982	18.839	28.410	45.000
07/01/1998	12.890	9.605	19.558	27.269	101.500
08/01/1998	0.000	9.532	18.967	26.738	81.700
09/01/1998	0.000	11.686	17.510	28.312	52.500
10/01/1998	0.000	10.038	17.997	26.610	57.100
11/01/1998	0.420	9.072	18.971	26.131	43.100
12/01/1998	20.075	9.335	19.926	27.174	80.100
13/01/1998	0.000	11.467	19.515	29.366	53.100
14/01/1998	5.008	9.067	19.823	26.706	135.200
15/01/1998	0.000	8.862	20.065	26.667	97.400
16/01/1998	0.000	10.167	19.503	27.766	60.000
17/01/1998	0.000	10.120	18.692	27.121	51.900
18/01/1998	0.000	10.998	18.775	28.203	45.600
19/01/1998	0.000	11.959	18.205	28.938	42.500
20/01/1998	8.036	9.232	19.427	26.554	99.700
21/01/1998	0.000	10.455	19.608	28.055	88.700
22/01/1998	1.216	12.136	18.549	29.327	60.600
23/01/1998	0.000	11.493	20.017	29.548	56.300
24/01/1998	3.405	10.967	19.509	28.541	63.800
25/01/1998	0.000	11.562	18.436	28.510	51.300
26/01/1998	0.000	11.974	17.860	28.573	41.900
27/01/1998	0.000	12.825	17.876	29.549	38.500
28/01/1998	30.703	9.126	18.779	25.786	108.600
29/01/1998	0.000	10.466	18.529	27.128	85.500
30/01/1998	0.321	10.972	18.689	27.817	51.900
31/01/1998	0.000	11.569	19.487	29.006	46.300
01/02/1998	8.472	11.140	19.212	28.305	74.900
02/02/1998	0.000	11.009	21.222	29.565	51.300
03/02/1998	0.504	11.605	20.645	29.811	41.300
04/02/1998	10.461	8.622	20.090	26.048	89.700
05/02/1998	0.062	10.233	20.174	27.868	69.500
06/02/1998	8.712	9.226	19.501	26.251	61.900
07/02/1998	7.663	8.098	19.785	25.219	56.300
08/02/1998	17.555	5.610	20.218	23.132	333.600
09/02/1998	16.485	5.658	19.621	22.682	864.300
10/02/1998	30.945	8.557	18.798	24.862	307.800
11/02/1998	11.253	8.988	18.914	25.427	251.400
12/02/1998	5.089	9.939	17.735	25.594	202.400
13/02/1998	3.385	10.050	19.439	26.933	211.800
14/02/1998	16.840	11.053	20.109	28.506	160.800
15/02/1998	0.000	11.122	19.243	27.946	187.900
16/02/1998	0.000	12.826	18.445	29.310	134.400
17/02/1998	0.000	14.093	18.911	31.064	112.400
18/02/1998	0.000	11.966	20.227	29.568	93.700
19/02/1998	0.000	10.557	19.682	27.565	88.300
20/02/1998	1.329	11.486	19.007	28.071	122.500
21/02/1998	0.000	10.680	20.260	28.058	87.500
22/02/1998	0.000	9.469	20.022	26.562	68.500
23/02/1998	0.086	10.100	19.496	26.891	54.800
24/02/1998	3.858	10.810	19.186	27.365	142.800
25/02/1998	0.280	11.337	18.744	27.603	59.300
26/02/1998	0.000	10.654	19.801	27.587	72.500
27/02/1998	0.000	12.286	19.298	29.032	63.100
28/02/1998	0.155	10.266	18.525	26.190	95.500
01/03/1998	7.544	10.622	18.823	26.756	118.700
02/03/1998	0.000	11.522	18.420	27.449	94.300
03/03/1998	0.000	12.613	18.831	28.948	91.300
04/03/1998	0.123	11.609	20.328	28.908	66.500
05/03/1998	1.211	11.058	19.541	27.741	61.300
06/03/1998	0.000	11.843	19.812	28.721	59.400
07/03/1998	25.591	9.900	20.131	26.882	114.400
08/03/1998	21.603	9.786	20.198	26.795	178.200
09/03/1998	1.185	12.156	18.746	28.266	122.500
10/03/1998	0.547	10.974	19.433	27.472	140.600
11/03/1998	0.738	11.595	19.856	28.391	206.100
12/03/1998	0.000	10.970	19.379	27.381	217.100
13/03/1998	0.000	11.622	19.634	28.266	138.800
14/03/1998	3.534	10.244	18.628	26.044	139.000
15/03/1998	0.826	11.658	18.689	27.626	123.400
16/03/1998	0.000	11.048	19.555	27.573	103.300
17/03/1998	0.782	10.993	19.558	27.487	119.800
18/03/1998	1.469	11.710	19.641	28.310	98.700
19/03/1998	20.550	12.416	19.472	28.922	108.800
20/03/1998	2.337	12.565	19.406	29.035	86.800
21/03/1998	17.677	9.009	19.529	25.368	191.200
22/03/1998	0.120	9.571	19.333	25.782	125.300
23/03/1998	14.912	8.299	19.561	24.696	191.100
24/03/1998	0.000	10.011	19.262	26.188	221.500
25/03/1998	12.731	10.716	19.576	27.189	300.800
26/03/1998	2.719	9.710	20.289	26.658	202.000
27/03/1998	34.149	10.418	19.862	27.057	251.400
28/03/1998	20.233	9.523	19.314	25.702	284.900
29/03/1998	6.440	7.235	20.078	24.084	264.400
30/03/1998	1.560	6.113	20.164	23.157	376.700
31/03/1998	0.185	9.470	20.459	26.517	392.500
01/04/1998	1.838	11.993	19.596	28.484	291.900
03/04/1998	8.327	9.162	20.081	25.953	418.900
04/04/1998	8.199	11.966	19.618	28.488	381.300
05/04/1998	18.897	10.371	20.083	27.142	320.000
06/04/1998	27.740	9.378	20.253	26.282	317.800
07/04/1998	11.739	10.314	19.958	27.019	513.500
08/04/1998	1.953	9.185	19.910	25.833	288.600
09/04/1998	1.939	12.123	19.548	28.654	243.600
10/04/1998	1.844	13.691	19.419	30.237	247.500
11/04/1998	7.080	10.809	20.634	28.058	283.900
12/04/1998	19.024	9.432	20.161	26.278	389.500
13/04/1998	30.711	7.597	19.615	24.086	461.400
14/04/1998	7.689	10.248	19.961	26.956	590.500
15/04/1998	9.289	12.980	19.645	29.647	463.100
16/04/1998	14.360	10.477	20.554	27.670	389.500
17/04/1998	6.070	10.018	20.656	27.278	381.700
18/04/1998	22.669	10.285	20.778	27.647	422.200
19/04/1998	19.815	8.612	19.519	25.020	443.500
20/04/1998	6.585	10.490	19.827	27.182	572.500
21/04/1998	10.426	11.709	20.036	28.631	675.800
22/04/1998	15.372	10.500	19.549	27.010	757.600
23/04/1998	6.005	11.205	20.517	28.484	464.800
04/05/1998	19.165	5.877	19.602	22.578	918.500
05/05/1998	8.844	9.038	18.658	24.892	730.300
06/05/1998	12.161	8.665	20.015	25.567	527.200
07/05/1998	9.466	9.615	19.847	26.430	546.200
19/05/1998	0.000	9.539	20.339	26.876	203.100
20/05/1998	0.000	11.682	20.506	29.310	168.400
21/05/1998	0.128	12.087	20.773	29.974	171.700
22/05/1998	0.213	9.095	21.384	27.254	163.000
23/05/1998	15.979	9.120	20.943	26.974	144.500
24/05/1998	0.662	9.642	19.900	26.693	134.400
25/05/1998	3.427	10.301	19.526	27.129	154.400
26/05/1998	23.304	8.469	19.836	25.459	386.800
27/05/1998	1.853	8.779	19.076	25.212	247.500
28/05/1998	24.062	7.725	19.205	24.244	418.900
29/05/1998	12.680	6.990	18.682	23.026	497.500
30/05/1998	3.629	9.825	18.121	25.622	267.000
31/05/1998	4.710	8.653	18.705	24.766	200.900
01/06/1998	19.371	9.205	18.256	25.086	238.400
02/06/1998	1.599	9.089	18.262	24.929	217.800
03/06/1998	3.654	9.622	18.859	25.994	206.600
04/06/1998	0.820	10.792	18.690	27.206	238.800
05/06/1998	5.730	11.252	18.262	27.414	181.400
06/06/1998	8.121	9.634	18.411	25.680	222.800
07/06/1998	2.280	8.244	19.256	24.810	211.100
08/06/1998	5.693	8.896	19.189	25.488	211.800
09/06/1998	2.898	10.824	18.497	27.145	233.200
10/06/1998	6.160	10.663	18.785	27.170	247.500
11/06/1998	1.397	10.905	18.112	26.999	181.400
12/06/1998	4.721	10.820	19.461	27.852	157.600
13/06/1998	2.741	11.021	19.195	27.890	186.800
14/06/1998	1.484	9.795	18.810	26.192	145.600
15/06/1998	13.386	7.144	19.116	23.606	168.600
16/06/1998	7.418	8.931	18.961	25.387	248.800
17/06/1998	1.232	9.991	17.743	25.658	203.300
18/06/1998	7.657	11.715	18.423	28.177	198.500
19/06/1998	8.666	9.806	18.366	25.953	171.700
20/06/1998	14.926	10.095	18.621	26.426	261.700
21/06/1998	8.665	8.566	19.263	25.250	253.700
22/06/1998	11.607	8.703	18.811	25.019	207.900
23/06/1998	2.025	8.754	18.451	24.802	223.000
24/06/1998	1.969	9.702	18.674	26.036	245.800
25/06/1998	0.258	10.275	19.000	26.929	177.100
26/06/1998	2.932	11.852	19.408	29.010	183.600
27/06/1998	5.387	9.872	19.411	26.740	162.200
28/06/1998	3.124	8.605	19.365	25.315	121.600
29/06/1998	2.447	9.845	18.103	25.756	119.800
30/06/1998	0.000	10.476	18.093	26.481	99.800
01/07/1998	2.784	11.581	18.321	27.923	104.800
02/07/1998	0.000	10.744	19.426	27.730	80.800
03/07/1998	11.499	11.501	19.061	28.353	95.900
04/07/1998	2.214	10.556	18.933	27.157	116.100
05/07/1998	13.271	8.773	18.289	24.696	199.800
06/07/1998	3.517	8.707	18.991	25.183	216.500
07/07/1998	8.682	8.655	17.946	24.276	189.900
08/07/1998	13.993	10.041	18.225	26.058	171.700
09/07/1998	3.178	9.704	18.167	25.635	154.400
10/07/1998	4.738	10.920	17.991	26.871	148.700
11/07/1998	0.689	10.380	18.029	26.262	114.300
12/07/1998	3.741	11.089	19.305	27.990	111.500
13/07/1998	8.028	11.192	18.570	27.584	83.800
14/07/1998	3.319	10.508	17.895	26.288	80.000
15/07/1998	0.288	10.341	18.638	26.632	114.900
16/07/1998	1.098	9.647	18.253	25.564	80.000
17/07/1998	5.722	9.500	18.440	25.519	117.500
18/07/1998	19.876	9.200	18.145	24.949	188.400
19/07/1998	5.222	9.390	17.090	24.371	176.000
20/07/1998	13.297	11.825	17.783	27.685	225.200
21/07/1998	0.095	11.440	18.215	27.552	169.500
22/07/1998	15.557	8.792	18.382	24.669	183.600
23/07/1998	1.703	11.454	18.004	27.387	133.500
24/07/1998	4.718	10.270	18.462	26.318	125.300
25/07/1998	8.604	8.841	18.805	25.017	132.600
26/07/1998	1.997	10.247	18.288	26.157	138.800
27/07/1998	8.069	12.070	17.439	27.621	182.200
28/07/1998	5.279	9.414	18.866	25.667	156.800
29/07/1998	6.862	10.777	18.779	27.054	182.500
30/07/1998	5.700	10.215	20.003	27.331	153.800
31/07/1998	11.478	10.198	18.161	25.949	130.800
01/08/1998	1.697	10.668	18.661	26.847	103.300
02/08/1998	1.139	11.308	18.523	27.424	86.800
03/08/1998	0.000	12.024	18.129	27.962	78.500
04/08/1998	2.847	10.279	19.356	26.913	71.000
05/08/1998	5.700	11.903	18.656	28.158	86.100
06/08/1998	7.902	9.146	18.363	24.914	92.300
07/08/1998	18.182	10.091	18.295	25.890	171.800
08/08/1998	0.000	8.493	17.763	23.727	105.100
09/08/1998	1.885	10.882	16.955	25.769	79.300
10/08/1998	9.919	11.064	17.722	26.509	99.200
11/08/1998	0.305	10.891	18.203	26.648	82.300
12/08/1998	9.713	10.155	19.253	26.616	71.800
13/08/1998	1.182	11.534	17.371	26.782	77.800
14/08/1998	0.000	11.027	17.779	26.462	79.300
15/08/1998	22.498	9.372	18.253	24.949	146.800
16/08/1998	0.846	10.298	17.481	25.408	114.300
17/08/1998	2.365	10.689	17.318	25.737	90.500
18/08/1998	0.826	11.914	17.134	26.991	83.800
19/08/1998	9.141	10.581	17.872	25.946	167.600
20/08/1998	24.930	9.931	17.610	25.060	227.800
21/08/1998	15.570	10.060	18.439	25.820	471.000
22/08/1998	6.180	10.896	17.744	26.224	221.500
23/08/1998	0.643	10.695	18.478	26.531	205.500
24/08/1998	4.396	12.128	18.645	28.235	198.500
25/08/1998	9.527	9.069	18.549	24.799	214.300
26/08/1998	10.248	9.237	17.974	24.567	206.600
27/08/1998	2.410	10.062	17.884	25.408	145.000
28/08/1998	0.000	10.455	17.022	25.173	106.900
29/08/1998	0.497	10.756	17.071	25.586	91.300
30/08/1998	4.748	9.802	18.552	25.525	99.500
31/08/1998	3.253	9.182	18.199	24.654	117.900
01/09/1998	6.228	9.289	17.956	24.552	105.100
02/09/1998	8.963	11.309	18.141	26.862	113.300
03/09/1998	22.020	8.802	18.754	24.654	176.000
04/09/1998	0.562	10.289	17.214	25.122	192.300
05/09/1998	2.125	10.713	17.413	25.724	170.600
06/09/1998	1.384	12.776	16.179	27.234	120.700
07/09/1998	7.696	11.212	17.898	26.645	128.000
08/09/1998	16.356	9.092	18.641	24.872	160.200
09/09/1998	0.616	10.780	18.249	26.391	184.700
10/09/1998	6.130	10.272	17.994	25.683	231.000
11/09/1998	18.031	11.389	16.581	25.908	101.600
12/09/1998	8.489	8.955	17.971	24.205	115.100
13/09/1998	16.505	8.346	18.384	23.907	175.900
14/09/1998	5.322	11.787	17.365	26.866	205.300
15/09/1998	9.324	9.443	17.843	24.609	324.500
16/09/1998	1.992	11.458	18.356	27.219	398.100
17/09/1998	1.343	11.690	17.884	27.151	198.800
18/09/1998	27.075	10.124	18.208	25.651	383.900
19/09/1998	2.663	9.804	18.826	25.741	196.600
20/09/1998	1.818	9.835	18.898	25.888	158.700
21/09/1998	0.543	10.416	18.650	26.298	232.100
23/09/1998	13.172	9.297	18.792	25.198	293.000
24/09/1998	15.722	10.476	18.541	26.321	272.700
25/09/1998	8.223	9.692	18.151	25.203	255.500
26/09/1998	12.241	9.963	18.677	25.876	223.700
27/09/1998	6.740	9.825	18.888	25.888	371.800
28/09/1998	7.196	9.644	17.664	24.811	376.400
29/09/1998	0.083	10.872	18.006	26.483	242.300
30/09/1998	5.972	11.940	18.557	28.070	211.100
01/10/1998	13.851	11.786	18.807	28.073	186.800
02/10/1998	8.017	10.835	18.943	27.118	150.700
03/10/1998	7.807	9.526	18.529	25.360	142.700
04/10/1998	16.483	10.132	17.747	25.480	263.100
05/10/1998	16.145	10.354	18.456	26.256	223.400
06/10/1998	12.185	9.695	19.250	26.138	248.500
07/10/1998	15.808	9.470	18.641	25.474	443.500
08/10/1998	6.616	11.420	18.193	27.294	341.000
09/10/1998	21.021	9.558	18.609	25.533	495.100
10/10/1998	0.000	11.437	17.991	27.227	291.600
11/10/1998	0.071	11.712	18.859	28.214	207.400
12/10/1998	0.267	10.564	18.026	26.299	192.300
13/10/1998	37.629	8.135	18.504	23.969	437.300
14/10/1998	3.281	9.117	17.583	24.347	396.600
15/10/1998	12.183	8.640	18.741	24.737	255.300
16/10/1998	30.275	9.285	18.244	25.076	372.600
17/10/1998	0.396	9.283	18.182	25.007	235.800
18/10/1998	15.958	8.531	18.581	24.519	406.700
19/10/1998	4.437	8.674	17.999	24.278	259.200
20/10/1998	10.241	9.710	17.696	25.235	518.700
21/10/1998	8.792	9.890	17.778	25.528	372.700
22/10/1998	23.784	10.175	17.939	26.007	552.500
23/10/1998	26.841	9.507	18.717	25.797	487.500
24/10/1998	20.002	7.574	18.330	23.417	515.700
25/10/1998	6.656	8.169	17.961	23.760	499.100
26/10/1998	1.376	9.161	17.949	24.862	547.100
27/10/1998	0.000	9.015	18.246	24.952	372.900
28/10/1998	3.745	8.154	18.501	24.218	382.200
29/10/1998	7.031	7.413	18.504	23.485	273.000
30/10/1998	38.235	9.249	17.920	25.067	388.100
31/10/1998	0.286	9.244	19.186	26.033	329.000
01/11/1998	27.050	10.281	17.358	25.940	684.100
02/11/1998	1.738	10.160	18.371	26.506	288.800
03/11/1998	8.826	8.268	18.901	24.769	267.000
04/11/1998	7.491	7.262	19.318	24.042	250.100
05/11/1998	10.602	9.064	18.984	25.779	460.000
06/11/1998	13.517	8.754	18.163	24.801	357.500
07/11/1998	9.422	7.239	18.076	23.017	265.800
08/11/1998	2.005	8.479	17.987	24.385	252.700
09/11/1998	3.576	9.834	17.853	25.891	332.000
10/11/1998	17.881	9.103	19.185	26.042	429.100
11/11/1998	1.920	9.315	18.429	25.770	309.500
12/11/1998	10.715	7.226	18.093	23.138	332.000
13/11/1998	13.694	7.804	18.644	24.206	404.200
14/11/1998	18.885	7.742	18.597	24.141	421.000
15/11/1998	5.912	9.057	19.381	26.246	381.300
16/11/1998	11.217	9.409	18.406	25.969	315.500
01/12/1998	3.833	9.426	18.427	26.218	350.300
02/12/1998	0.851	9.307	17.725	25.580	330.900
03/12/1998	7.294	9.596	18.493	26.509	326.000
04/12/1998	3.863	8.727	18.676	25.618	251.400
05/12/1998	11.067	9.184	18.855	26.291	435.300
06/12/1998	15.279	8.024	19.177	25.195	312.600
07/12/1998	22.512	8.698	17.593	24.788	671.200
08/12/1998	3.995	8.654	17.875	24.949	586.800
09/12/1998	1.775	8.441	18.935	25.513	450.600
10/12/1998	9.702	8.579	18.779	25.536	625.200
11/12/1998	1.372	9.141	18.512	26.060	463.000
12/12/1998	5.196	8.666	18.211	25.260	366.500
13/12/1998	3.195	8.824	18.417	25.616	337.000
14/12/1998	0.000	10.396	17.981	27.233	247.500
15/12/1998	14.882	8.669	18.788	25.703	244.900
16/12/1998	4.240	9.686	17.702	26.128	263.100
17/12/1998	12.329	9.907	17.624	26.401	215.200
18/12/1998	11.546	9.119	17.999	25.680	264.400
19/12/1998	3.881	9.798	17.549	26.166	224.500
20/12/1998	4.224	9.594	17.888	26.190	210.700
21/12/1998	10.900	6.968	18.812	23.693	550.200
22/12/1998	7.939	8.520	18.247	25.096	374.000
23/12/1998	0.020	10.284	16.499	26.060	267.000
24/12/1998	2.985	8.379	17.990	24.721	229.300
25/12/1998	1.620	8.718	18.170	25.244	190.100
26/12/1998	7.188	9.234	17.080	25.115	268.300
27/12/1998	12.612	8.373	18.273	24.929	247.500
28/12/1998	15.450	9.020	17.932	25.453	374.500
29/12/1998	12.658	7.968	18.134	24.301	299.000
30/12/1998	4.299	9.426	17.212	25.436	318.500
31/12/1998	1.029	8.057	19.233	25.267	251.400
01/01/1999	0.920	10.972	16.004	26.558	227.000
02/01/1999	10.132	8.589	18.513	25.347	391.000
03/01/1999	3.750	8.816	18.680	25.702	281.000
04/01/1999	10.598	7.889	17.897	24.013	455.000
05/01/1999	0.000	8.495	17.856	24.690	262.000
06/01/1999	0.000	9.825	17.461	26.009	235.000
07/01/1999	0.000	8.470	19.041	25.532	217.000
08/01/1999	0.000	7.973	19.368	25.169	224.000
09/01/1999	13.140	8.615	18.320	25.128	343.000
10/01/1999	7.685	8.275	17.346	23.988	392.000
11/01/1999	10.285	7.668	17.064	23.026	398.000
12/01/1999	5.000	8.478	18.240	24.871	448.000
13/01/1999	0.000	9.803	16.023	24.840	370.000
14/01/1999	0.000	8.519	17.004	23.942	291.000
15/01/1999	0.000	9.395	16.115	24.350	304.000
16/01/1999	0.000	9.819	15.254	24.260	251.000
17/01/1999	0.000	10.985	14.968	25.536	219.000
18/01/1999	0.000	9.235	17.453	25.099	211.000
19/01/1999	0.000	8.970	17.188	24.590	191.000
20/01/1999	2.454	9.912	17.203	25.712	235.000
21/01/1999	2.732	9.954	17.190	25.709	227.000
22/01/1999	0.636	9.018	17.727	24.945	204.000
23/01/1999	18.647	9.134	18.012	25.267	188.000
24/01/1999	10.843	8.800	17.839	24.750	212.000
25/01/1999	24.813	8.062	17.946	23.923	457.000
26/01/1999	0.346	8.126	18.436	24.350	225.000
27/01/1999	4.745	9.773	18.350	26.208	204.000
28/01/1999	28.038	9.237	18.531	25.656	200.000
29/01/1999	2.071	9.174	18.423	25.497	205.000
30/01/1999	0.000	10.644	18.326	27.128	167.000
31/01/1999	8.319	10.537	18.054	26.792	178.000
01/02/1999	2.191	8.686	18.719	25.099	220.000
02/02/1999	1.688	8.733	19.164	25.493	184.000
03/02/1999	17.572	9.607	18.654	26.055	328.000
04/02/1999	0.000	8.826	18.186	24.802	289.000
05/02/1999	9.395	8.502	18.054	24.286	279.000
07/02/1999	0.509	8.135	18.702	24.362	348.000
08/02/1999	0.000	10.204	17.702	25.949	309.000
09/02/1999	0.000	9.212	18.442	25.321	227.000
10/02/1999	27.919	7.218	19.076	23.648	309.000
11/02/1999	1.448	8.437	17.709	23.850	226.000
12/02/1999	16.229	9.913	17.049	25.017	283.000
13/02/1999	24.539	7.286	18.055	22.844	605.000
14/02/1999	15.705	8.514	17.874	24.007	272.000
15/02/1999	17.032	8.474	17.438	23.608	535.000
16/02/1999	8.844	8.804	18.094	24.452	510.000
17/02/1999	14.039	7.709	18.422	23.503	423.000
18/02/1999	10.864	8.170	17.459	23.260	511.000
19/02/1999	4.396	8.876	17.150	23.754	406.000
20/02/1999	5.154	6.925	17.917	22.254	654.000
21/02/1999	7.093	8.776	17.390	23.805	453.000
23/02/1999	7.321	9.027	18.467	24.872	729.000
24/02/1999	8.511	7.987	17.387	22.900	529.000
25/02/1999	16.895	11.031	16.885	25.929	645.000
26/02/1999	3.891	9.221	18.443	25.020	504.000
27/02/1999	9.321	9.724	17.859	25.084	679.000
28/02/1999	6.377	9.113	18.062	24.571	643.000
01/03/1999	5.085	8.505	18.342	24.097	713.000
02/03/1999	10.392	8.487	17.507	23.448	478.000
03/03/1999	0.000	11.223	16.676	25.863	383.000
04/03/1999	0.965	9.781	17.894	25.132	326.000
05/03/1999	0.227	11.025	17.048	25.871	326.000
06/03/1999	0.781	12.164	17.815	27.695	283.000
07/03/1999	17.584	10.399	18.201	25.964	378.000
08/03/1999	0.346	11.343	17.004	26.151	421.000
09/03/1999	3.618	10.432	17.532	25.481	306.000
10/03/1999	6.399	8.983	18.365	24.531	305.000
11/03/1999	13.850	10.885	17.837	26.188	352.000
12/03/1999	3.596	10.944	18.494	26.705	264.000
13/03/1999	8.957	10.094	19.244	26.321	438.000
14/03/1999	18.931	11.663	18.042	27.154	476.000
15/03/1999	8.433	10.674	18.372	26.302	262.000
16/03/1999	5.191	9.615	18.055	24.924	421.000
17/03/1999	13.198	10.477	18.435	26.099	301.000
18/03/1999	17.233	8.615	18.753	24.366	452.000
19/03/1999	4.253	7.840	18.478	23.343	461.000
20/03/1999	1.204	10.644	17.346	25.452	478.000
21/03/1999	0.327	10.473	15.641	24.035	320.000
22/03/1999	1.102	11.015	16.756	25.453	280.000
23/03/1999	0.777	9.992	18.182	25.352	290.000
24/03/1999	11.671	11.023	18.105	26.401	282.000
25/03/1999	14.091	11.667	18.217	27.185	287.000
26/03/1999	0.374	10.331	19.270	26.555	238.000
27/03/1999	23.057	7.932	20.390	24.994	245.000
28/03/1999	19.172	9.835	19.147	25.897	461.000
29/03/1999	5.529	10.920	17.959	26.193	500.000
30/03/1999	2.379	11.351	18.397	26.964	264.000
31/03/1999	8.206	10.856	18.985	26.821	500.000
01/04/1999	3.356	11.392	18.965	27.427	320.000
02/04/1999	23.173	9.812	19.179	25.891	462.000
03/04/1999	8.961	9.824	19.064	25.788	274.000
04/04/1999	19.556	9.518	18.395	24.991	605.000
05/04/1999	0.853	10.816	17.801	25.916	392.000
06/04/1999	1.855	11.503	17.985	26.823	284.000
07/04/1999	19.969	10.813	18.423	26.381	357.000
08/04/1999	38.105	8.572	18.762	24.273	558.000
09/04/1999	11.454	9.471	18.109	24.696	453.000
10/04/1999	2.885	7.336	19.288	23.472	384.000
11/04/1999	9.543	11.208	18.010	26.522	629.000
12/04/1999	8.002	9.539	18.613	25.185	558.000
13/04/1999	19.416	11.101	19.128	27.237	618.000
14/04/1999	7.745	10.824	19.047	26.910	400.000
15/04/1999	11.840	9.756	19.188	25.895	378.000
16/04/1999	3.114	12.045	19.135	28.331	335.000
17/04/1999	0.000	13.139	18.185	28.856	242.000
18/04/1999	0.000	12.585	18.499	28.468	263.000
19/04/1999	0.291	10.134	18.567	25.846	218.000
20/04/1999	5.008	10.138	18.576	25.860	212.000
21/04/1999	0.228	9.649	18.821	25.517	196.000
22/04/1999	0.257	12.727	18.624	28.708	183.000
23/04/1999	19.446	10.945	19.368	27.328	205.000
24/04/1999	17.274	9.626	19.266	25.859	199.000
25/04/1999	23.229	8.330	18.725	24.150	382.000
26/04/1999	5.091	7.944	18.440	23.531	371.000
27/04/1999	19.718	6.961	18.653	22.695	491.000
28/04/1999	1.769	9.901	17.118	24.608	299.000
29/04/1999	15.849	9.432	18.131	24.859	334.000
30/04/1999	27.574	9.585	18.081	24.987	411.000
01/05/1999	10.580	9.069	17.940	24.336	321.000
02/05/1999	5.073	9.152	17.683	24.256	345.000
03/05/1999	6.690	8.866	17.064	23.509	281.000
04/05/1999	16.458	8.421	17.725	23.551	215.000
05/05/1999	7.455	9.961	17.017	24.657	387.000
06/05/1999	7.272	8.755	17.641	23.818	390.000
07/05/1999	21.794	9.625	17.344	24.584	432.000
08/05/1999	7.924	10.491	17.722	25.860	419.000
09/05/1999	21.927	10.734	18.371	26.562	399.000
10/05/1999	22.528	8.601	18.061	24.022	720.000
11/05/1999	15.267	8.779	17.257	23.599	335.000
12/05/1999	22.805	9.284	17.342	24.257	637.000
13/05/1999	7.989	9.434	17.680	24.692	701.000
14/05/1999	9.689	11.338	17.115	26.423	470.000
15/05/1999	2.080	9.922	18.397	25.797	405.000
16/05/1999	4.152	12.270	17.278	27.674	344.000
17/05/1999	6.307	9.748	17.176	24.749	288.000
18/05/1999	3.323	9.105	18.177	24.773	270.000
19/05/1999	0.823	11.816	18.452	28.022	287.000
20/05/1999	4.410	9.563	18.419	25.432	280.000
21/05/1999	9.616	8.575	19.433	25.183	331.000
22/05/1999	0.366	8.442	18.455	24.286	216.000
23/05/1999	11.218	11.731	17.939	27.608	355.000
24/05/1999	2.406	12.228	18.328	28.461	310.000
25/05/1999	3.816	11.112	18.535	27.376	192.000
26/05/1999	0.000	9.235	17.562	24.526	173.000
27/05/1999	0.000	8.312	19.022	24.642	188.000
28/05/1999	2.997	10.519	18.923	26.983	185.000
30/05/1999	27.197	10.866	18.254	26.900	303.000
31/05/1999	3.499	11.143	17.612	26.767	276.000
01/06/1999	10.786	10.542	18.734	26.892	283.000
02/06/1999	1.624	9.705	19.142	26.323	206.000
03/06/1999	0.191	11.655	18.247	27.884	163.000
04/06/1999	12.913	8.812	18.600	24.865	243.000
05/06/1999	11.322	9.622	17.866	25.272	213.000
06/06/1999	1.230	9.182	17.222	24.298	336.000
07/06/1999	7.841	10.390	17.977	26.231	187.000
08/06/1999	3.214	9.308	17.875	24.943	199.000
09/06/1999	13.224	9.427	17.562	24.866	256.000
10/06/1999	6.518	11.023	17.317	26.500	236.000
11/06/1999	3.425	8.950	17.810	24.475	188.000
12/06/1999	15.880	8.940	18.122	24.712	331.000
13/06/1999	8.048	9.140	18.076	24.904	224.000
14/06/1999	17.927	7.522	18.144	23.214	268.000
15/06/1999	4.853	8.874	17.996	24.544	232.000
16/06/1999	13.898	7.395	17.624	22.644	385.000
17/06/1999	16.075	8.790	17.515	24.132	573.000
18/06/1999	20.615	7.783	18.195	23.523	463.000
19/06/1999	0.422	8.362	18.504	24.449	335.000
20/06/1999	1.081	10.802	17.696	26.592	341.000
21/06/1999	16.397	9.983	17.664	25.590	447.000
22/06/1999	5.487	10.490	17.708	26.265	395.000
23/06/1999	9.940	9.119	17.331	24.376	272.000
24/06/1999	5.128	9.401	17.438	24.801	292.000
25/06/1999	7.037	10.366	17.262	25.794	254.000
26/06/1999	10.340	11.059	17.487	26.737	470.000
27/06/1999	13.561	6.891	18.259	22.670	667.000
28/06/1999	12.775	8.571	17.318	23.773	476.000
29/06/1999	7.375	9.683	16.721	24.590	308.000
30/06/1999	6.009	11.899	16.561	27.115	324.000
01/07/1999	13.531	9.360	17.499	24.794	408.000
02/07/1999	7.650	11.006	17.299	26.539	293.000
03/07/1999	1.509	9.147	17.500	24.544	271.000
04/07/1999	6.905	10.915	16.749	26.083	292.000
05/07/1999	1.092	10.995	14.914	24.871	245.000
06/07/1999	2.090	10.440	17.828	26.224	241.000
07/07/1999	9.580	7.642	18.246	23.376	219.000
08/07/1999	6.049	10.858	17.879	26.722	320.000
09/07/1999	9.944	10.988	17.350	26.494	291.000
10/07/1999	1.609	10.570	16.795	25.619	202.000
11/07/1999	1.984	10.662	16.693	25.631	192.000
12/07/1999	12.073	9.080	18.688	25.295	317.000
13/07/1999	0.404	10.039	18.259	26.045	197.000
14/07/1999	2.341	12.366	17.619	28.247	188.000
15/07/1999	1.241	11.028	18.334	27.233	170.000
16/07/1999	2.532	10.521	18.942	27.078	165.000
18/07/1999	11.105	11.487	17.414	27.038	187.000
19/07/1999	4.201	9.674	18.017	25.385	166.000
20/07/1999	20.059	10.570	18.738	26.929	300.000
21/07/1999	1.188	9.077	18.480	25.076	190.000
22/07/1999	0.000	10.669	18.651	26.940	149.000
23/07/1999	7.323	9.833	18.076	25.571	192.000
24/07/1999	0.291	10.610	17.910	26.350	127.000
25/07/1999	3.190	12.350	18.281	28.568	92.000
26/07/1999	1.790	11.552	18.057	27.459	77.000
27/07/1999	8.937	12.264	18.363	28.477	128.000
28/07/1999	5.438	10.672	18.496	26.754	270.000
29/07/1999	1.838	10.030	18.737	26.243	97.000
30/07/1999	3.362	10.055	17.317	25.217	63.000
31/07/1999	5.923	11.910	18.196	27.907	88.000
01/08/1999	6.480	10.029	17.842	25.500	145.000
02/08/1999	5.019	10.494	17.869	26.033	83.000
03/08/1999	4.500	10.400	17.849	25.906	106.000
04/08/1999	6.276	9.021	17.869	24.360	95.000
05/08/1999	1.923	9.561	18.140	25.188	96.000
06/08/1999	2.506	10.798	17.988	26.419	96.000
07/08/1999	10.290	10.042	17.407	25.176	129.000
08/08/1999	9.523	8.572	17.907	23.917	77.000
09/08/1999	2.293	11.162	17.938	26.788	49.000
10/08/1999	7.039	11.017	18.177	26.760	82.000
11/08/1999	5.419	11.130	18.214	26.911	76.000
12/08/1999	4.422	10.396	18.112	26.010	101.000
13/08/1999	5.557	10.592	17.202	25.576	160.000
14/08/1999	8.209	11.794	17.581	27.182	118.000
15/08/1999	7.216	10.220	17.310	25.188	143.000
16/08/1999	2.351	11.271	18.106	26.939	56.000
17/08/1999	9.204	12.600	18.189	28.452	61.000
18/08/1999	5.468	11.361	18.767	27.487	48.000
19/08/1999	9.001	11.408	18.017	27.007	45.000
20/08/1999	7.048	9.057	18.164	24.504	26.000
21/08/1999	9.173	9.651	18.109	25.083	211.000
22/08/1999	6.288	10.496	16.983	25.228	408.000
23/08/1999	15.482	11.056	17.365	26.097	170.000
24/08/1999	5.979	8.459	18.333	23.943	190.000
25/08/1999	15.054	9.001	18.696	24.798	298.000
26/08/1999	6.280	8.712	18.520	24.379	307.000
27/08/1999	10.568	9.130	18.406	24.725	346.000
28/08/1999	8.191	8.315	18.487	23.943	645.000
29/08/1999	0.180	10.661	18.073	26.144	255.000
30/08/1999	3.736	10.729	18.392	26.475	132.000
31/08/1999	0.000	11.584	16.828	26.289	79.000
01/09/1999	3.918	10.833	17.929	26.238	75.000
02/09/1999	12.837	9.148	17.833	24.299	124.000
03/09/1999	10.995	10.720	18.182	26.269	150.000
04/09/1999	1.598	9.987	18.504	25.730	76.000
05/09/1999	9.988	8.975	17.692	24.006	203.000
06/09/1999	0.648	10.558	17.594	25.656	105.000
07/09/1999	1.324	11.454	18.221	27.148	53.000
08/09/1999	30.056	10.827	17.551	25.922	139.000
09/09/1999	15.678	9.576	18.235	25.049	82.000
10/09/1999	2.441	8.145	17.882	23.279	394.000
11/09/1999	15.886	10.742	17.234	25.594	218.000
12/09/1999	9.513	9.037	17.456	23.910	456.000
13/09/1999	8.769	9.927	17.682	25.007	338.000
14/09/1999	27.321	9.655	17.525	24.599	709.000
15/09/1999	4.238	8.910	17.892	24.086	257.000
16/09/1999	6.884	11.444	17.866	26.859	272.000
17/09/1999	12.722	10.083	18.471	25.797	237.000
18/09/1999	1.395	10.400	17.887	25.741	189.000
19/09/1999	4.882	9.945	17.574	25.049	271.000
20/09/1999	1.971	10.686	17.251	25.629	167.000
21/09/1999	3.878	11.060	17.406	26.157	142.000
22/09/1999	29.984	9.171	17.097	23.836	153.000
23/09/1999	15.406	9.184	17.314	23.984	235.000
24/09/1999	3.737	9.976	17.807	25.231	301.000
25/09/1999	5.605	8.950	17.935	24.201	550.000
26/09/1999	11.702	11.172	17.054	26.048	317.000
27/09/1999	6.355	9.486	17.458	24.438	316.000
28/09/1999	12.641	6.372	17.685	21.446	499.000
29/09/1999	3.319	9.681	16.426	23.919	350.000
30/09/1999	6.329	10.160	17.379	25.180	359.000
01/10/1999	19.161	8.500	17.811	23.679	312.000
02/10/1999	11.011	9.625	17.208	24.499	632.000
03/10/1999	2.946	9.797	17.475	24.882	319.000
04/10/1999	16.949	10.703	18.188	26.440	258.000
05/10/1999	1.803	11.027	17.580	26.342	249.000
06/10/1999	21.544	8.914	17.751	24.097	383.000
07/10/1999	9.919	10.042	17.074	24.894	325.000
08/10/1999	2.779	9.582	17.227	24.513	305.000
09/10/1999	4.121	9.485	17.244	24.408	235.000
10/10/1999	15.877	9.945	17.776	25.358	313.000
11/10/1999	6.882	6.847	18.032	22.249	328.000
12/10/1999	2.174	11.149	16.939	26.173	254.000
13/10/1999	0.501	10.117	17.760	25.616	347.000
14/10/1999	1.402	10.393	17.535	25.791	205.000
15/10/1999	12.773	9.038	17.320	24.106	237.000
16/10/1999	27.175	9.270	17.657	24.629	277.000
17/10/1999	4.841	8.949	17.233	23.927	265.000
18/10/1999	13.149	9.424	17.519	24.703	283.000
19/10/1999	20.068	9.413	17.760	24.919	254.000
20/10/1999	12.713	10.354	17.589	25.884	481.000
21/10/1999	38.076	10.138	18.416	26.237	471.000
22/10/1999	9.065	7.928	17.946	23.469	785.000
23/10/1999	21.148	8.574	17.510	23.856	1123.000
24/10/1999	19.932	9.330	18.193	25.209	1355.000
25/10/1999	1.238	7.533	18.173	23.250	646.000
26/10/1999	17.686	10.119	17.879	25.974	781.000
27/10/1999	10.364	10.075	17.317	25.501	630.000
28/10/1999	36.406	8.066	18.609	24.234	679.000
29/10/1999	0.883	9.482	17.619	25.096	475.000
30/10/1999	5.881	7.317	17.860	22.900	583.000
31/10/1999	2.827	10.059	17.035	25.379	417.000
01/11/1999	4.114	10.871	16.933	26.298	352.000
02/11/1999	2.799	9.250	18.821	25.763	377.000
03/11/1999	16.417	8.431	18.785	24.850	369.000
04/11/1999	9.448	9.677	18.568	26.108	365.000
05/11/1999	13.567	9.346	19.323	26.346	648.000
06/11/1999	5.808	10.405	17.702	26.419	367.000
07/11/1999	4.886	8.136	18.134	24.087	331.000
08/11/1999	38.972	9.097	18.276	25.355	519.000
09/11/1999	2.192	9.255	18.116	25.455	564.000
10/11/1999	0.061	9.400	18.148	25.642	277.000
11/11/1999	23.924	9.320	18.403	25.783	647.000
12/11/1999	7.293	7.073	18.561	23.375	355.000
13/11/1999	17.567	9.871	17.679	25.927	848.000
14/11/1999	4.948	10.013	18.422	26.626	653.000
15/11/1999	7.786	8.922	18.004	25.062	762.000
16/11/1999	0.000	10.052	18.253	26.594	326.000
17/11/1999	7.011	7.576	17.850	23.381	466.000
18/11/1999	13.989	7.079	18.531	23.368	484.000
19/11/1999	19.004	6.637	18.302	22.737	512.000
20/11/1999	19.157	6.903	18.270	22.993	460.000
21/11/1999	0.677	8.661	18.410	25.147	448.000
22/11/1999	2.884	9.125	16.754	24.506	352.000
23/11/1999	12.607	9.856	16.298	25.103	290.000
24/11/1999	6.928	7.578	16.632	22.555	264.000
25/11/1999	7.539	7.224	16.464	22.044	409.000
26/11/1999	16.719	7.760	17.097	23.134	402.000
27/11/1999	0.217	7.598	16.368	22.400	363.000
28/11/1999	0.000	8.234	16.065	23.000	290.000
29/11/1999	0.000	10.865	15.459	25.929	238.000
30/11/1999	1.724	9.197	16.504	24.525	240.000
01/12/1999	27.011	8.085	17.484	23.887	552.000
02/12/1999	4.670	7.223	18.919	24.001	326.000
03/12/1999	3.680	8.999	18.144	25.515	311.000
04/12/1999	24.348	8.877	18.651	25.797	420.000
05/12/1999	1.893	8.851	18.602	25.719	381.000
06/12/1999	3.102	8.368	18.548	25.090	453.000
07/12/1999	2.037	8.997	17.618	25.161	410.000
08/12/1999	0.000	8.318	18.458	24.971	308.000
09/12/1999	0.000	10.291	18.424	27.392	301.000
10/12/1999	6.519	9.801	18.100	26.562	314.000
11/12/1999	48.976	9.663	17.488	25.951	447.000
12/12/1999	12.410	8.386	18.688	25.266	350.000
13/12/1999	21.749	8.001	18.517	24.693	939.000
14/12/1999	26.077	8.320	17.955	24.629	539.000
15/12/1999	9.138	8.584	18.756	25.581	559.000
16/12/1999	32.350	8.074	18.028	24.401	911.000
17/12/1999	4.775	8.560	19.023	25.756	801.000
18/12/1999	4.259	8.326	18.705	25.235	494.000
19/12/1999	0.746	9.403	17.346	25.573	412.000
20/12/1999	0.705	7.995	17.938	24.273	472.000
21/12/1999	0.000	9.402	18.366	26.276	326.000
22/12/1999	0.000	9.008	17.818	25.358	263.000
23/12/1999	0.000	9.575	16.038	24.797	257.000
24/12/1999	0.000	9.990	16.172	25.432	231.000
25/12/1999	0.000	9.825	16.419	25.408	211.000
26/12/1999	0.000	8.343	17.347	24.179	210.000
27/12/1999	0.000	9.049	16.557	24.499	286.000
28/12/1999	0.000	8.889	16.773	24.422	267.000
29/12/1999	0.000	9.537	16.765	25.228	199.000
30/12/1999	0.000	9.530	16.706	25.179	177.000
31/12/1999	0.000	9.287	17.411	25.391	170.000
01/01/2000	0.196	9.640	17.538	25.868	135.800
02/01/2000	0.000	9.798	16.936	25.651	166.600
03/01/2000	0.000	9.235	16.868	24.900	141.900
04/01/2000	0.000	9.411	16.538	24.839	290.500
05/01/2000	0.062	8.381	17.228	24.054	193.400
06/01/2000	0.000	8.945	16.196	24.006	172.200
07/01/2000	0.000	8.988	16.533	24.278	149.600
08/01/2000	0.000	9.492	16.307	24.728	231.000
09/01/2000	0.431	8.246	16.044	22.975	285.300
10/01/2000	0.159	9.251	16.388	24.439	173.600
11/01/2000	0.195	9.223	16.900	24.766	133.100
12/01/2000	0.000	9.034	17.307	24.831	109.200
13/01/2000	0.000	10.007	16.501	25.458	144.800
14/01/2000	0.000	10.244	16.637	25.852	109.100
15/01/2000	0.000	8.274	17.400	23.904	103.500
16/01/2000	0.000	8.562	17.125	24.013	91.200
17/01/2000	0.000	9.239	15.965	23.994	79.800
18/01/2000	0.000	8.827	17.472	24.590	69.800
19/01/2000	0.000	10.322	15.471	25.049	67.100
20/01/2000	0.000	9.439	17.323	25.247	66.300
21/01/2000	0.360	8.674	18.673	25.278	89.500
22/01/2000	0.000	10.010	18.084	26.436	79.800
23/01/2000	1.240	11.466	17.295	27.594	65.400
24/01/2000	22.537	9.613	16.846	24.999	72.800
25/01/2000	4.292	9.065	17.863	25.047	76.300
26/01/2000	36.811	6.978	17.663	22.480	405.800
27/01/2000	0.319	7.771	17.802	23.443	309.000
28/01/2000	0.192	9.601	17.400	25.251	230.300
29/01/2000	0.000	10.254	16.137	25.118	169.400
30/01/2000	0.000	9.817	16.903	25.109	146.100
31/01/2000	0.000	8.953	17.131	24.227	110.100
01/02/2000	2.726	8.427	17.413	23.837	116.800
02/02/2000	0.290	8.906	16.757	23.837	163.900
03/02/2000	6.365	10.877	17.336	26.637	122.600
04/02/2000	0.160	10.827	17.400	26.583	98.800
05/02/2000	1.976	8.692	17.339	24.013	97.800
06/02/2000	0.000	9.734	17.031	24.990	169.600
07/02/2000	0.000	11.465	16.689	26.817	111.600
08/02/2000	6.337	11.101	16.988	26.583	94.900
09/02/2000	3.221	10.828	16.847	26.055	109.300
10/02/2000	1.958	9.879	18.003	25.733	111.200
11/02/2000	0.000	9.677	19.109	26.305	90.200
12/02/2000	0.458	9.770	18.471	25.891	89.300
13/02/2000	0.564	10.188	17.833	25.887	75.900
14/02/2000	0.000	10.541	16.728	25.477	68.000
15/02/2000	0.177	11.167	17.134	26.485	58.400
16/02/2000	8.709	9.646	17.980	25.305	83.300
17/02/2000	18.561	8.528	17.054	23.323	247.500
18/02/2000	0.000	9.635	15.794	23.638	177.900
19/02/2000	0.447	8.998	17.135	23.874	103.500
20/02/2000	30.989	10.001	16.810	24.775	180.900
21/02/2000	7.971	8.683	18.036	24.166	74.600
22/02/2000	4.198	8.553	17.645	23.722	166.600
23/02/2000	6.527	9.011	18.279	24.709	333.000
24/02/2000	17.069	7.758	18.247	23.340	298.400
25/02/2000	11.035	8.456	17.923	23.788	532.300
26/02/2000	5.604	9.024	17.908	24.374	309.200
27/02/2000	30.336	8.852	17.195	23.641	741.500
28/02/2000	3.735	9.357	18.378	25.052	446.200
29/02/2000	2.990	8.847	17.526	23.865	366.600
01/03/2000	2.614	9.029	17.882	24.315	268.000
02/03/2000	13.334	8.859	18.311	24.430	237.400
03/03/2000	4.238	10.597	18.084	26.148	235.000
04/03/2000	6.578	11.199	17.608	26.464	212.200
05/03/2000	4.019	11.107	18.048	26.674	341.500
06/03/2000	14.401	10.940	18.714	26.946	239.900
07/03/2000	17.453	10.253	18.856	26.286	529.000
08/03/2000	3.030	9.644	17.922	24.904	435.000
09/03/2000	11.262	8.886	18.762	24.712	396.500
10/03/2000	0.000	9.492	18.490	25.163	380.000
11/03/2000	0.000	11.017	17.810	26.310	242.200
12/03/2000	13.010	9.980	17.702	25.086	213.400
13/03/2000	1.008	9.659	18.289	25.140	219.400
14/03/2000	9.972	10.753	18.375	26.391	237.400
15/03/2000	8.537	11.692	18.070	27.211	289.800
16/03/2000	1.356	10.848	18.381	26.500	180.800
17/03/2000	26.359	10.039	18.455	25.670	257.600
18/03/2000	0.000	10.722	17.166	25.443	269.800
19/03/2000	1.990	9.588	17.372	24.314	268.300
20/03/2000	0.000	10.339	16.958	24.807	250.300
21/03/2000	0.512	10.040	18.247	25.471	190.800
22/03/2000	8.026	10.413	17.750	25.509	119.800
23/03/2000	5.893	6.865	18.414	22.331	223.700
24/03/2000	0.254	10.600	17.626	25.587	207.000
25/03/2000	28.491	6.681	17.938	21.725	242.800
26/03/2000	3.821	9.100	18.012	24.231	290.500
27/03/2000	3.657	9.862	17.688	24.808	444.100
28/03/2000	5.671	12.117	16.539	26.484	271.800
29/03/2000	6.674	11.815	17.977	27.157	238.600
30/03/2000	23.718	11.324	18.020	26.640	223.000
31/03/2000	1.007	11.325	18.038	26.651	209.800
01/04/2000	2.876	11.502	17.948	26.828	190.800
02/04/2000	22.042	12.380	18.198	27.943	187.200
03/04/2000	3.166	9.775	18.631	25.427	149.400
04/04/2000	5.006	9.509	18.750	25.208	192.200
05/04/2000	8.497	8.998	18.051	24.163	516.300
06/04/2000	0.069	10.589	18.596	26.304	320.500
07/04/2000	9.716	11.112	18.587	26.881	232.600
08/04/2000	0.385	12.557	17.862	27.916	209.600
09/04/2000	7.440	12.346	18.509	28.160	167.900
10/04/2000	25.144	11.471	18.580	27.275	213.900
11/04/2000	19.481	10.040	19.026	26.061	265.800
12/04/2000	16.543	8.677	18.722	24.362	407.600
13/04/2000	4.579	10.928	18.599	26.642	277.700
14/04/2000	6.815	10.159	17.542	25.096	205.400
15/04/2000	4.681	10.435	17.913	25.695	244.700
16/04/2000	7.698	10.369	18.004	25.672	199.300
17/04/2000	3.936	8.957	18.241	24.356	346.800
18/04/2000	3.466	11.437	18.283	27.041	417.500
19/04/2000	7.807	10.666	19.119	26.842	217.000
20/04/2000	18.384	11.447	18.501	27.230	691.100
21/04/2000	11.001	8.830	19.439	25.206	275.500
22/04/2000	20.152	12.083	18.496	27.935	512.800
23/04/2000	8.770	10.005	19.275	26.272	381.100
24/04/2000	7.400	9.874	19.108	26.016	377.400
25/04/2000	4.495	10.581	18.641	26.430	424.100
26/04/2000	4.274	10.752	18.638	26.634	239.800
27/04/2000	1.294	11.872	18.850	28.019	262.200
28/04/2000	7.812	11.426	18.510	27.305	254.900
29/04/2000	31.873	9.761	19.972	26.631	373.500
30/04/2000	8.443	10.988	18.910	27.116	275.500
01/05/2000	12.730	10.031	18.654	25.897	575.300
02/05/2000	6.945	10.655	17.815	26.017	413.400
03/05/2000	14.203	10.931	18.672	26.933	327.300
04/05/2000	22.690	9.129	18.766	25.084	268.000
05/05/2000	1.075	10.215	19.032	26.465	226.600
06/05/2000	10.501	9.240	18.779	25.227	441.800
07/05/2000	0.493	11.010	18.392	26.875	272.000
08/05/2000	15.370	10.653	18.045	26.265	847.600
09/05/2000	1.661	10.922	17.565	26.234	273.000
10/05/2000	6.372	9.413	18.743	25.432	254.600
11/05/2000	1.500	10.691	18.952	26.991	266.800
12/05/2000	17.098	9.569	19.196	25.926	283.800
13/05/2000	1.593	9.586	18.913	25.802	261.900
14/05/2000	27.487	9.955	18.144	25.622	564.200
15/05/2000	6.523	9.244	17.647	24.501	411.600
16/05/2000	12.415	10.168	19.124	26.629	364.400
17/05/2000	12.123	9.408	19.202	25.859	428.400
18/05/2000	2.148	10.904	18.424	26.949	239.800
19/05/2000	13.819	10.212	18.648	26.352	268.100
20/05/2000	5.976	8.400	18.156	23.981	494.600
21/05/2000	7.338	8.868	18.276	24.610	329.100
22/05/2000	1.193	9.061	18.124	24.705	245.900
23/05/2000	4.529	10.935	18.544	27.122	280.500
24/05/2000	21.089	10.397	18.827	26.735	551.300
25/05/2000	0.545	10.229	18.135	26.042	326.300
26/05/2000	5.572	11.580	18.436	27.823	393.000
27/05/2000	0.609	9.728	19.057	26.219	233.800
28/05/2000	22.961	8.816	18.808	25.006	351.300
29/05/2000	9.601	10.352	17.714	25.935	220.600
30/05/2000	12.567	8.945	17.728	24.404	556.800
31/05/2000	9.703	9.698	17.552	25.108	304.500
01/06/2000	0.934	10.425	17.807	26.151	231.400
02/06/2000	9.330	9.954	17.602	25.477	324.100
03/06/2000	0.660	11.266	17.776	27.105	196.200
04/06/2000	10.769	10.806	18.456	27.062	214.100
05/06/2000	14.601	10.363	18.195	26.360	258.800
06/06/2000	6.831	10.331	19.174	27.052	253.600
07/06/2000	14.100	10.033	18.145	25.955	219.900
08/06/2000	7.293	9.806	18.578	26.001	186.500
09/06/2000	7.659	10.020	18.249	26.054	192.300
10/06/2000	11.091	10.478	18.019	26.385	257.200
11/06/2000	8.524	11.462	18.172	27.656	242.500
12/06/2000	13.641	9.699	18.795	26.076	209.100
13/06/2000	2.563	9.519	17.830	25.211	209.400
14/06/2000	12.852	10.338	18.087	26.339	330.900
15/06/2000	6.735	9.909	17.788	25.626	355.100
16/06/2000	0.354	9.788	17.993	25.647	229.000
17/06/2000	13.415	9.650	17.943	25.449	218.300
18/06/2000	4.023	8.820	17.542	24.185	299.600
19/06/2000	0.602	8.750	18.299	24.667	227.800
20/06/2000	9.492	10.483	17.202	25.879	209.900
21/06/2000	11.671	11.138	17.833	27.080	211.300
22/06/2000	11.662	9.740	17.621	25.336	304.300
23/06/2000	12.897	9.222	17.991	24.964	365.400
24/06/2000	16.096	6.122	18.151	21.788	289.000
25/06/2000	9.440	10.774	16.685	25.839	528.800
26/06/2000	0.028	11.358	17.352	27.007	260.800
27/06/2000	4.309	10.570	18.142	26.632	217.000
28/06/2000	11.294	11.003	17.781	26.897	296.100
29/06/2000	10.520	10.395	18.727	26.865	261.800
30/06/2000	3.163	11.352	17.868	27.346	193.600
01/07/2000	4.058	11.197	18.044	27.298	206.200
02/07/2000	4.198	10.720	18.808	27.288	225.400
03/07/2000	3.573	10.354	18.094	26.350	206.400
04/07/2000	1.645	10.516	18.493	26.802	232.100
05/07/2000	9.877	9.153	18.940	25.581	173.600
06/07/2000	5.088	8.643	18.606	24.751	147.100
07/07/2000	9.515	9.912	18.278	25.910	192.500
08/07/2000	7.631	10.599	18.587	26.940	199.100
09/07/2000	5.428	11.209	18.576	27.664	192.200
10/07/2000	2.148	10.310	17.922	26.147	142.800
11/07/2000	0.000	11.851	17.753	27.786	121.700
12/07/2000	0.323	10.238	18.432	26.387	105.400
13/07/2000	17.185	10.865	18.584	27.195	133.400
14/07/2000	6.451	9.578	18.637	25.749	130.500
15/07/2000	1.560	10.693	18.028	26.561	139.300
16/07/2000	2.223	10.012	18.131	25.916	106.300
17/07/2000	4.468	10.480	18.464	26.606	117.400
18/07/2000	25.786	9.200	18.302	25.045	159.100
19/07/2000	2.455	9.718	16.908	24.613	144.700
20/07/2000	6.666	9.333	17.349	24.499	152.300
21/07/2000	5.767	9.356	17.432	24.565	148.200
22/07/2000	5.496	9.940	17.424	25.221	141.900
23/07/2000	0.485	10.769	17.871	26.507	117.400
24/07/2000	1.128	10.592	18.028	26.391	94.000
25/07/2000	19.703	10.284	18.571	26.410	34.300
26/07/2000	8.330	10.737	18.680	26.974	115.900
27/07/2000	15.530	11.370	18.506	27.552	125.800
28/07/2000	19.129	11.057	16.987	26.096	231.600
30/07/2000	7.234	10.508	16.555	25.188	217.100
31/07/2000	0.507	10.853	16.783	25.722	179.400
01/08/2000	5.654	11.266	16.730	26.135	198.300
02/08/2000	16.097	10.859	16.953	25.810	231.500
03/08/2000	7.386	11.515	16.916	26.535	188.700
04/08/2000	10.311	9.593	17.735	24.939	212.200
05/08/2000	3.248	9.665	16.751	24.278	186.500
06/08/2000	0.124	8.723	17.494	23.791	141.000
07/08/2000	8.494	12.016	16.706	26.881	116.300
08/08/2000	0.543	10.660	17.487	25.935	100.600
09/08/2000	4.754	10.263	18.304	26.076	92.100
10/08/2000	3.920	12.003	17.260	27.259	99.700
11/08/2000	3.602	11.163	17.762	26.648	109.000
12/08/2000	1.428	12.211	17.440	27.581	82.600
13/08/2000	0.251	10.697	18.406	26.558	71.700
14/08/2000	1.533	11.425	16.765	26.172	71.600
15/08/2000	0.989	11.685	17.670	27.102	80.800
16/08/2000	6.763	11.865	17.967	27.501	186.000
17/08/2000	2.658	12.821	17.068	27.949	92.100
18/08/2000	6.350	11.069	18.137	26.699	140.000
20/08/2000	0.357	12.888	17.852	28.517	55.800
21/08/2000	1.834	12.430	18.429	28.401	50.500
22/08/2000	0.618	11.966	18.192	27.702	43.500
23/08/2000	1.626	11.835	18.212	27.565	39.400
24/08/2000	10.270	11.891	18.426	27.799	47.000
25/08/2000	3.475	11.353	18.474	27.198	79.300
26/08/2000	12.885	11.057	18.337	26.826	70.100
27/08/2000	0.000	12.825	17.448	28.169	57.500
28/08/2000	0.032	11.854	19.203	28.259	38.300
29/08/2000	6.216	11.006	18.499	26.831	95.800
30/08/2000	14.747	11.349	17.650	26.612	90.200
31/08/2000	10.049	10.427	17.904	25.731	156.300
01/09/2000	19.072	10.526	18.471	26.253	149.900
02/09/2000	7.830	10.475	18.385	26.150	129.500
03/09/2000	5.231	11.317	17.807	26.651	125.800
04/09/2000	16.531	7.822	17.257	22.429	336.700
05/09/2000	9.736	8.685	17.690	23.689	285.500
06/09/2000	1.386	10.721	17.666	25.824	160.400
07/09/2000	4.423	9.886	18.211	25.358	236.200
08/09/2000	5.437	11.475	17.299	26.440	120.900
09/09/2000	10.643	11.152	18.451	26.888	172.200
10/09/2000	37.711	8.639	18.128	23.990	750.100
11/09/2000	5.848	10.622	18.446	26.360	339.500
12/09/2000	0.026	12.031	16.919	26.862	226.600
13/09/2000	8.693	11.459	18.455	27.317	165.100
14/09/2000	0.549	10.351	18.126	25.827	224.400
15/09/2000	12.652	9.087	17.782	24.222	223.000
16/09/2000	3.527	11.040	17.503	26.199	289.000
17/09/2000	8.143	9.443	16.730	23.846	266.000
18/09/2000	0.252	9.654	17.382	24.536	159.600
19/09/2000	10.919	12.182	17.817	27.667	190.600
20/09/2000	27.987	9.733	17.872	24.975	312.800
21/09/2000	0.000	9.590	17.400	24.475	253.400
22/09/2000	24.878	10.845	17.619	26.029	294.800
23/09/2000	8.819	9.750	18.254	25.260	245.100
24/09/2000	20.590	9.269	18.711	25.164	633.800
25/09/2000	6.115	10.178	17.404	25.234	418.200
26/09/2000	0.152	9.580	18.253	25.169	243.600
27/09/2000	5.144	7.552	18.131	22.933	256.800
28/09/2000	2.570	10.321	17.711	25.568	259.700
29/09/2000	39.110	7.378	18.185	22.783	414.600
30/09/2000	20.764	10.076	17.472	25.148	558.800
01/10/2000	4.908	11.713	17.310	26.890	402.000
02/10/2000	21.300	8.817	18.328	24.504	334.300
03/10/2000	8.655	10.832	17.119	25.783	334.700
04/10/2000	13.994	9.343	17.446	24.394	386.000
05/10/2000	0.545	10.405	17.477	25.621	265.500
06/10/2000	4.112	11.400	16.919	26.403	132.900
07/10/2000	1.727	11.273	17.404	26.571	207.400
08/10/2000	14.430	10.963	18.436	26.984	310.300
09/10/2000	8.044	10.222	18.106	25.892	330.300
10/10/2000	1.403	10.807	17.983	26.525	213.900
11/10/2000	0.607	9.364	18.318	25.219	163.700
12/10/2000	4.042	10.801	17.634	26.323	146.100
13/10/2000	0.824	10.704	17.820	26.371	141.000
14/10/2000	0.000	10.349	17.959	26.076	122.600
15/10/2000	14.695	10.523	17.972	26.289	175.700
16/10/2000	5.127	10.993	18.109	26.897	116.500
17/10/2000	1.748	10.743	19.051	27.342	124.400
18/10/2000	12.730	10.400	17.747	26.083	138.500
19/10/2000	0.785	11.297	18.203	27.414	100.700
20/10/2000	18.500	11.640	16.679	26.782	109.200
21/10/2000	6.607	9.757	17.683	25.318	115.600
22/10/2000	30.518	8.425	18.262	24.283	190.500
23/10/2000	10.537	10.463	17.272	25.863	188.400
24/10/2000	25.005	8.262	18.496	24.308	407.800
25/10/2000	7.133	7.586	18.628	23.712	392.700
26/10/2000	7.480	9.656	17.924	25.452	230.200
27/10/2000	3.539	9.225	17.622	24.775	356.600
28/10/2000	27.025	10.918	18.156	27.135	646.600
29/10/2000	11.756	10.593	17.499	26.337	495.600
31/10/2000	2.185	7.365	18.792	23.666	479.800
01/11/2000	12.031	9.179	18.565	25.501	484.400
02/11/2000	4.604	6.590	19.100	23.156	448.900
03/11/2000	21.059	8.957	18.196	25.007	667.500
04/11/2000	7.703	8.012	17.577	23.499	404.100
05/11/2000	0.000	9.359	18.176	25.501	319.200
06/11/2000	0.520	9.591	17.522	25.304	286.800
07/11/2000	7.818	5.838	19.163	22.481	344.300
08/11/2000	0.108	9.474	17.201	24.985	346.600
09/11/2000	0.237	10.346	17.241	26.086	280.900
10/11/2000	5.744	8.974	18.744	25.573	288.000
11/11/2000	29.523	8.662	18.240	24.860	373.000
12/11/2000	0.567	7.920	19.260	24.823	351.500
13/11/2000	0.090	9.101	17.871	25.118	300.700
14/11/2000	0.000	8.462	17.606	24.189	378.500
15/11/2000	0.000	9.611	16.265	24.651	404.100
16/11/2000	0.119	10.599	17.372	26.647	269.300
17/11/2000	24.843	5.724	18.417	21.887	258.500
18/11/2000	15.873	8.539	18.368	24.985	268.100
19/11/2000	5.793	9.743	17.773	25.994	265.800
20/11/2000	2.321	9.201	18.644	25.959	284.300
21/11/2000	0.000	10.019	17.821	26.398	244.900
22/11/2000	1.968	9.829	17.642	26.023	165.100
23/11/2000	6.376	9.391	17.956	25.730	186.800
24/11/2000	19.521	9.946	17.578	26.154	296.700
25/11/2000	4.127	10.286	17.842	26.798	150.500
26/11/2000	11.121	10.668	16.737	26.533	192.000
27/11/2000	12.141	10.027	16.910	25.849	208.600
28/11/2000	5.527	10.453	17.672	26.935	200.600
29/11/2000	21.220	7.767	18.328	24.156	211.000
30/11/2000	0.108	8.569	17.865	24.805	177.900
01/12/2000	13.544	10.872	17.672	27.551	150.800
02/12/2000	14.157	10.575	17.876	27.291	200.900
03/12/2000	19.161	9.818	17.673	26.265	337.900
04/12/2000	1.696	7.838	18.010	24.096	332.700
05/12/2000	0.197	9.274	17.846	25.714	213.000
06/12/2000	1.240	9.690	17.690	26.106	146.300
07/12/2000	0.289	6.830	18.497	23.281	127.000
08/12/2000	1.143	8.573	18.227	25.134	140.100
09/12/2000	0.024	9.461	18.017	26.093	110.900
10/12/2000	0.862	10.062	18.449	27.128	129.100
11/12/2000	20.329	9.503	18.362	26.401	141.400
12/12/2000	4.647	9.932	17.679	26.446	180.800
13/12/2000	0.046	10.197	17.374	26.581	124.400
14/12/2000	1.719	9.663	17.573	25.993	113.500
15/12/2000	0.961	8.873	17.721	25.115	140.500
16/12/2000	0.000	9.561	17.445	25.772	114.400
17/12/2000	0.000	9.114	17.208	25.078	87.300
18/12/2000	0.023	9.526	15.916	24.672	76.900
19/12/2000	0.145	8.615	17.699	24.799	115.800
20/12/2000	7.049	7.483	17.895	23.600	100.700
21/12/2000	0.108	10.675	16.722	26.706	110.900
22/12/2000	0.000	11.017	16.597	27.071	86.400
23/12/2000	0.076	10.092	17.692	26.661	84.500
24/12/2000	2.259	9.705	18.317	26.613	66.300
25/12/2000	15.981	8.579	19.267	25.945	143.500
26/12/2000	15.414	10.181	18.115	27.039	120.400
27/12/2000	9.170	8.690	18.635	25.583	126.200
28/12/2000	28.207	9.759	18.222	26.561	173.700
29/12/2000	31.469	8.546	18.010	24.935	416.000
30/12/2000	4.481	8.876	17.811	25.183	360.000
31/12/2000	3.390	10.040	17.376	26.318	197.900
01/01/2001	0.362	10.495	18.324	27.548	152.300
02/01/2001	0.000	11.176	17.169	27.605	133.100
03/01/2001	2.575	11.585	15.852	27.241	118.300
04/01/2001	0.000	11.110	17.330	27.605	112.600
05/01/2001	0.174	8.002	18.509	24.583	230.600
06/01/2001	0.000	7.742	18.135	23.994	197.600
07/01/2001	0.000	8.545	17.987	24.871	115.500
08/01/2001	0.000	10.735	17.036	26.878	100.700
09/01/2001	2.044	10.344	16.903	26.211	118.200
10/01/2001	7.150	9.516	17.475	25.586	279.400
11/01/2001	0.000	9.796	17.616	26.026	134.900
12/01/2001	2.206	10.386	16.968	26.307	125.800
13/01/2001	0.000	9.200	17.670	25.299	86.400
14/01/2001	0.000	10.135	17.151	26.058	77.900
15/01/2001	3.763	10.274	17.190	26.267	78.800
16/01/2001	12.274	10.138	16.548	25.597	86.400
17/01/2001	20.330	8.093	18.035	24.167	229.000
18/01/2001	0.172	9.065	17.596	24.971	157.900
19/01/2001	10.859	10.253	17.504	26.336	162.800
20/01/2001	2.892	8.282	17.241	23.749	146.100
21/01/2001	0.437	10.316	16.862	25.917	142.600
22/01/2001	3.390	10.690	15.249	25.237	177.300
23/01/2001	23.477	9.081	15.858	23.640	187.500
24/01/2001	6.726	9.361	16.990	24.805	195.000
25/01/2001	0.317	10.469	16.251	25.632	149.300
26/01/2001	0.033	10.350	16.536	25.622	117.300
27/01/2001	0.000	11.071	15.824	26.038	96.800
28/01/2001	0.000	11.221	16.292	26.515	83.600
29/01/2001	0.000	11.741	16.307	27.131	76.900
30/01/2001	0.000	12.736	13.522	26.523	64.500
31/01/2001	0.000	11.013	16.323	26.173	92.300
01/02/2001	0.000	10.426	17.020	25.897	62.800
02/02/2001	2.515	9.882	17.930	25.840	72.800
03/02/2001	2.366	10.198	17.176	25.656	71.700
04/02/2001	0.749	9.550	17.890	25.411	74.500
05/02/2001	1.018	11.189	16.964	26.674	71.700
06/02/2001	0.029	10.520	18.669	27.071	54.900
07/02/2001	0.029	10.584	17.801	26.452	44.400
08/02/2001	0.029	11.741	18.449	28.246	43.500
09/02/2001	0.085	11.176	18.099	27.326	42.600
10/02/2001	9.170	11.810	17.436	27.593	52.300
11/02/2001	0.000	12.689	16.901	28.249	38.300
12/02/2001	0.000	12.520	16.946	28.048	34.300
13/02/2001	0.000	13.163	17.706	29.275	33.100
14/02/2001	2.850	12.531	18.488	29.026	37.200
15/02/2001	16.931	11.846	19.350	28.824	53.200
16/02/2001	3.285	10.448	20.485	28.108	33.700
17/02/2001	0.000	10.497	19.044	27.058	36.500
18/02/2001	0.000	10.911	18.529	27.124	33.100
19/02/2001	16.118	10.353	17.812	25.948	31.900
20/02/2001	3.015	9.832	18.997	26.185	41.500
21/02/2001	23.752	9.273	17.737	24.624	32.500
22/02/2001	0.122	10.871	17.163	25.961	97.700
23/02/2001	0.248	12.242	15.900	26.672	54.900
24/02/2001	0.148	9.462	18.080	25.010	54.000
25/02/2001	0.586	10.485	18.304	26.288	43.500
26/02/2001	3.840	8.055	18.581	23.844	70.300
27/02/2001	0.000	10.443	17.416	25.576	152.200
28/02/2001	0.028	11.009	17.328	26.124	111.800
01/03/2001	0.122	10.278	17.350	25.307	114.300
02/03/2001	0.000	10.760	17.642	26.039	139.300
03/03/2001	9.387	12.376	18.267	28.269	159.800
04/03/2001	6.094	11.051	18.568	26.994	188.600
05/03/2001	31.937	9.619	18.000	24.961	212.300
06/03/2001	0.994	9.413	18.074	24.833	199.200
07/03/2001	7.360	9.695	18.685	25.589	270.500
08/03/2001	14.641	9.609	18.375	25.219	306.800
09/03/2001	13.919	11.426	18.135	27.042	244.600
10/03/2001	13.152	11.591	17.879	27.001	199.300
11/03/2001	7.969	11.086	18.042	26.562	215.800
12/03/2001	0.041	11.727	17.670	27.038	156.600
13/03/2001	0.000	12.607	18.283	28.422	140.100
14/03/2001	23.462	10.430	18.536	26.198	289.900
15/03/2001	2.561	9.973	19.186	26.164	219.400
16/03/2001	19.401	9.950	18.719	25.741	208.600
17/03/2001	1.351	9.694	18.227	25.100	187.700
18/03/2001	14.866	9.988	18.445	25.597	169.400
19/03/2001	16.069	8.913	18.594	24.536	224.200
20/03/2001	15.739	11.412	17.592	26.478	264.500
21/03/2001	36.150	8.363	18.065	23.552	444.800
22/03/2001	1.373	9.642	17.952	24.820	422.900
23/03/2001	0.418	8.569	18.349	23.980	346.700
24/03/2001	4.109	9.869	18.331	25.327	270.500
25/03/2001	2.785	11.524	18.456	27.214	266.800
26/03/2001	4.589	11.889	17.666	27.044	325.600
27/03/2001	0.146	11.301	17.323	26.161	244.600
28/03/2001	4.425	10.894	19.177	27.057	205.100
29/03/2001	18.983	11.318	18.545	27.058	187.900
30/03/2001	0.037	11.670	18.512	27.388	172.200
31/03/2001	5.997	11.785	18.654	27.613	162.300
01/04/2001	7.590	11.446	18.474	27.116	155.100
02/04/2001	0.215	11.272	17.878	26.517	153.100
03/04/2001	0.232	12.514	17.778	27.811	133.100
04/04/2001	5.478	9.748	18.403	25.299	164.100
05/04/2001	7.167	10.126	18.419	25.656	137.700
06/04/2001	0.000	11.037	19.157	27.174	120.000
07/04/2001	12.434	9.848	19.390	26.096	103.500
08/04/2001	5.700	12.458	18.397	28.158	105.300
09/04/2001	8.772	11.768	18.930	27.794	191.900
10/04/2001	27.249	11.694	18.298	27.285	376.200
11/04/2001	6.135	11.386	18.891	27.353	221.900
12/04/2001	6.440	10.878	18.996	26.904	187.900
13/04/2001	14.302	11.776	19.055	27.903	233.800
14/04/2001	11.830	10.751	19.770	27.358	217.000
15/04/2001	6.333	11.010	18.744	26.891	242.200
16/04/2001	8.007	10.082	19.096	26.176	243.900
17/04/2001	8.005	7.442	19.077	23.429	201.500
18/04/2001	1.070	11.588	18.339	27.265	237.200
19/04/2001	13.961	10.210	18.205	25.637	182.200
20/04/2001	8.186	10.886	18.670	26.762	209.800
21/04/2001	0.921	12.879	17.366	28.049	159.400
22/04/2001	0.917	9.964	18.874	25.972	169.500
23/04/2001	10.913	8.716	18.145	24.103	290.100
24/04/2001	1.422	10.767	18.387	26.475	213.300
25/04/2001	5.873	9.995	18.858	26.048	170.800
26/04/2001	8.222	9.761	20.096	26.683	147.800
27/04/2001	0.626	11.572	19.337	28.038	124.400
28/04/2001	0.750	11.476	20.041	28.467	116.300
29/04/2001	3.871	11.524	19.552	28.176	171.000
30/04/2001	13.308	10.797	19.544	27.397	159.400
01/05/2001	6.868	10.217	19.772	26.956	224.200
02/05/2001	14.650	11.602	19.176	27.999	145.100
03/05/2001	9.700	8.909	19.336	25.273	250.100
04/05/2001	1.149	9.615	18.929	25.701	204.100
05/05/2001	2.562	9.640	18.427	25.360	197.900
06/05/2001	9.679	9.754	19.240	26.112	168.500
07/05/2001	38.649	8.658	19.176	24.911	516.200
08/05/2001	14.469	7.176	18.935	23.260	289.100
09/05/2001	18.438	7.443	18.759	23.410	553.300
10/05/2001	2.482	8.791	19.235	25.156	582.600
11/05/2001	2.378	10.245	18.686	26.358	433.600
12/05/2001	2.568	10.908	18.773	27.138	299.300
13/05/2001	10.093	8.883	19.368	25.423	344.500
14/05/2001	9.369	10.224	18.711	26.358	267.000
15/05/2001	11.750	10.105	18.637	26.163	214.900
16/05/2001	8.209	9.693	18.078	25.315	274.600
17/05/2001	2.369	11.550	18.455	27.664	284.300
18/05/2001	1.662	10.853	20.141	28.134	219.400
19/05/2001	18.017	8.913	19.033	25.199	183.400
20/05/2001	8.840	9.374	18.821	25.551	241.100
21/05/2001	21.751	8.276	18.862	24.404	286.100
22/05/2001	10.477	11.153	17.112	26.331	226.900
23/05/2001	7.267	11.169	18.270	27.176	232.600
24/05/2001	4.703	10.673	17.810	26.333	218.000
25/05/2001	4.183	9.960	18.440	25.987	268.500
26/05/2001	10.924	7.829	18.233	23.515	219.400
27/05/2001	16.703	9.550	17.481	24.817	235.800
28/05/2001	0.779	9.929	17.686	25.438	262.400
29/05/2001	6.661	10.680	18.333	26.772	221.800
30/05/2001	4.036	10.916	18.301	26.987	226.900
31/05/2001	11.360	9.743	18.391	25.795	215.600
01/06/2001	11.414	8.228	17.884	23.802	189.300
02/06/2001	9.040	7.588	17.452	22.705	319.000
03/06/2001	4.231	9.078	17.183	24.092	375.500
04/06/2001	3.429	10.697	16.847	25.746	263.300
05/06/2001	13.872	9.190	17.281	24.368	297.000
06/06/2001	3.344	10.007	17.964	25.785	226.600
07/06/2001	6.531	11.191	17.499	26.846	220.600
08/06/2001	0.194	9.920	18.529	26.103	175.100
09/06/2001	5.179	10.504	18.173	26.517	169.400
10/06/2001	1.253	10.434	18.522	26.717	154.800
11/06/2001	12.560	9.340	18.528	25.475	151.300
12/06/2001	8.241	10.018	17.977	25.843	140.100
13/06/2001	9.170	10.436	17.548	26.036	185.100
14/06/2001	1.291	9.312	18.233	25.240	161.800
15/06/2001	8.467	10.115	17.826	25.884	206.400
16/06/2001	6.240	11.016	18.176	27.170	167.500
17/06/2001	10.073	10.576	17.872	26.464	153.700
18/06/2001	6.332	11.036	18.215	27.225	209.000
19/06/2001	5.825	9.814	18.231	25.852	176.500
20/06/2001	3.269	9.750	18.980	26.289	133.100
21/06/2001	5.010	10.034	18.743	26.439	177.900
22/06/2001	0.000	11.444	17.606	27.267	127.900
23/06/2001	0.000	8.134	18.312	23.985	100.600
24/06/2001	0.228	10.453	18.485	26.740	93.100
25/06/2001	0.051	10.578	18.801	27.110	85.400
26/06/2001	0.353	11.425	19.001	28.215	78.800
27/06/2001	0.000	11.576	19.009	28.378	69.800
28/06/2001	0.411	11.087	18.685	27.599	62.800
29/06/2001	5.648	10.934	18.451	27.243	59.300
30/06/2001	3.041	9.647	19.327	26.439	64.500
01/07/2001	9.971	10.092	19.041	26.773	63.600
02/07/2001	0.000	10.698	18.887	27.310	58.400
03/07/2001	0.034	10.965	19.515	28.070	51.400
04/07/2001	0.170	11.415	19.035	28.219	51.400
05/07/2001	0.231	12.155	18.779	28.863	45.300
06/07/2001	8.520	10.255	18.840	26.746	41.800
07/07/2001	3.710	10.048	18.379	26.186	44.400
08/07/2001	8.643	11.163	18.397	27.448	70.600
09/07/2001	5.926	9.349	17.863	24.985	79.300
10/07/2001	5.665	9.372	18.791	25.731	51.700
11/07/2001	5.500	10.246	17.667	25.874	51.700
12/07/2001	8.776	9.802	18.267	25.789	88.300
13/07/2001	0.855	10.749	18.128	26.750	86.400
14/07/2001	5.667	10.705	18.468	26.933	73.600
15/07/2001	3.974	7.666	17.571	22.859	93.100
16/07/2001	4.429	11.386	17.763	27.199	68.000
17/07/2001	4.091	11.921	16.731	27.089	63.600
18/07/2001	1.663	11.838	18.070	27.929	68.000
19/07/2001	16.430	9.915	18.951	26.349	81.800
20/07/2001	5.787	10.350	18.109	26.203	71.700
21/07/2001	18.399	12.214	17.613	27.999	82.800
22/07/2001	0.824	9.294	18.237	25.108	58.400
23/07/2001	0.220	11.313	17.411	26.789	71.800
24/07/2001	3.346	12.051	16.955	27.331	42.600
25/07/2001	0.662	13.693	16.733	29.128	38.300
26/07/2001	11.406	8.746	18.276	24.512	70.600
27/07/2001	0.440	11.241	17.131	26.455	83.600
28/07/2001	11.221	10.493	17.520	25.863	105.200
29/07/2001	3.738	11.279	17.744	26.903	173.400
30/07/2001	8.085	10.259	18.468	26.250	74.400
31/07/2001	1.679	8.905	18.862	25.074	61.000
01/08/2001	0.956	11.244	18.231	27.158	53.100
02/08/2001	4.622	10.894	18.874	27.228	41.800
03/08/2001	3.177	11.313	18.067	27.096	41.500
04/08/2001	10.776	10.105	18.528	26.051	59.600
05/08/2001	2.911	10.012	18.429	25.884	59.300
06/08/2001	0.000	11.383	18.504	27.458	45.900
07/08/2001	0.071	11.924	18.363	27.948	39.200
08/08/2001	1.308	10.922	18.852	27.153	37.700
09/08/2001	0.409	12.966	17.840	28.741	33.100
10/08/2001	0.000	11.082	17.760	26.529	27.400
11/08/2001	1.071	12.401	18.529	28.541	25.000
12/08/2001	2.923	11.727	18.605	27.817	22.800
13/08/2001	1.248	11.448	18.129	27.137	23.900
14/08/2001	0.851	11.143	19.036	27.484	23.900
15/08/2001	0.000	11.724	18.209	27.535	23.900
16/08/2001	1.433	11.901	19.679	28.756	21.600
17/08/2001	1.777	12.599	18.935	28.999	19.300
18/08/2001	0.000	11.103	19.327	27.590	19.300
19/08/2001	6.559	11.451	18.984	27.740	17.600
20/08/2001	0.000	12.672	19.424	29.365	16.300
21/08/2001	4.991	12.952	19.935	30.028	16.900
22/08/2001	11.131	10.416	20.330	27.573	15.600
23/08/2001	0.059	11.725	17.692	27.094	14.900
24/08/2001	6.061	11.090	17.233	26.044	21.400
25/08/2001	3.595	9.936	17.991	25.282	40.000
26/08/2001	4.085	10.520	16.804	25.116	33.700
27/08/2001	6.001	12.249	17.988	27.862	33.700
28/08/2001	14.027	10.115	18.330	25.737	32.500
29/08/2001	17.223	11.911	18.265	27.664	70.400
30/08/2001	0.000	12.327	17.126	27.349	40.900
31/08/2001	0.000	12.970	17.719	28.481	21.600
01/09/2001	11.005	11.596	18.573	27.538	22.800
02/09/2001	14.073	10.464	18.589	26.272	50.500
03/09/2001	6.993	12.461	17.121	27.474	64.800
04/09/2001	1.035	10.956	18.157	26.548	40.900
05/09/2001	1.648	11.079	18.499	26.910	37.800
06/09/2001	7.008	11.132	18.895	27.221	46.100
07/09/2001	4.586	12.221	17.219	27.259	38.800
08/09/2001	5.877	10.639	17.163	25.465	55.800
09/09/2001	20.933	11.972	16.842	26.717	138.400
10/09/2001	6.496	10.846	17.924	26.224	67.100
11/09/2001	1.338	11.923	17.397	27.041	122.400
12/09/2001	21.497	8.733	18.564	24.458	115.400
13/09/2001	15.163	9.730	18.334	25.275	125.800
14/09/2001	10.269	7.886	18.219	23.265	291.000
15/09/2001	3.168	11.325	17.953	26.776	215.900
16/09/2001	0.813	12.864	16.599	27.608	133.100
17/09/2001	5.677	13.577	16.840	28.568	90.200
18/09/2001	6.630	9.909	18.225	25.407	137.600
19/09/2001	13.962	9.890	17.871	25.128	163.500
20/09/2001	12.816	10.314	17.583	25.408	152.500
21/09/2001	0.193	11.728	18.212	27.436	123.300
22/09/2001	20.701	11.067	17.584	26.281	197.400
23/09/2001	15.853	10.538	17.794	25.837	238.900
24/09/2001	12.807	10.159	17.844	25.496	248.400
25/09/2001	8.829	11.273	17.948	26.789	198.700
26/09/2001	3.940	11.729	18.369	27.600	135.800
27/09/2001	40.056	7.750	18.808	23.673	332.100
28/09/2001	6.006	10.373	18.682	26.343	210.600
29/09/2001	0.615	11.688	17.891	27.278	162.400
30/09/2001	9.268	8.061	18.506	23.817	119.100
01/10/2001	1.152	12.589	16.074	27.081	110.100
02/10/2001	1.790	10.777	17.965	26.355	109.800
03/10/2001	8.635	9.736	18.032	25.249	83.600
04/10/2001	4.674	11.454	18.451	27.467	139.100
05/10/2001	14.454	10.127	17.868	25.578	134.900
06/10/2001	11.797	10.485	18.695	26.561	219.400
07/10/2001	17.761	7.931	18.853	23.962	372.700
08/10/2001	0.000	11.306	17.557	26.730	140.000
09/10/2001	5.172	11.366	18.475	27.452	116.500
10/10/2001	16.434	9.227	18.664	25.266	179.400
11/10/2001	8.280	10.028	18.122	25.733	171.600
12/10/2001	0.621	11.099	18.086	26.965	128.800
13/10/2001	6.118	11.310	18.631	27.577	121.600
14/10/2001	19.405	10.826	18.446	26.906	425.800
15/10/2001	19.514	10.473	18.786	26.762	421.500
16/10/2001	42.537	7.816	18.840	23.968	509.500
17/10/2001	0.447	8.740	18.866	24.953	351.600
18/10/2001	7.558	9.574	18.337	25.478	409.800
19/10/2001	0.756	11.265	17.624	26.932	293.200
20/10/2001	14.138	10.318	18.962	26.853	306.300
21/10/2001	29.840	9.900	18.770	26.259	414.500
22/10/2001	19.243	9.144	18.493	25.221	393.000
23/10/2001	17.358	9.227	18.199	25.110	430.800
24/10/2001	4.016	10.231	17.782	25.990	265.500
25/10/2001	2.739	11.468	18.177	27.718	116.300
26/10/2001	5.507	11.668	18.642	28.285	285.700
27/10/2001	32.124	8.583	18.830	24.911	508.200
28/10/2001	0.033	9.807	18.078	25.785	169.600
29/10/2001	6.343	10.496	18.273	26.737	357.900
30/10/2001	1.407	10.645	18.113	26.823	295.000
31/10/2001	11.695	8.788	17.922	24.574	306.700
01/11/2001	0.689	10.410	17.054	25.827	311.100
02/11/2001	0.854	8.301	17.696	23.812	646.200
03/11/2001	12.484	9.248	18.459	25.516	479.800
04/11/2001	0.144	10.670	17.092	26.243	377.400
05/11/2001	0.000	9.869	18.401	26.272	284.300
06/11/2001	0.000	8.740	18.286	24.927	242.200
07/11/2001	1.377	10.728	17.946	27.051	285.800
08/11/2001	11.656	11.122	18.221	27.698	220.600
09/11/2001	3.184	9.904	18.834	26.708	203.400
10/11/2001	11.896	10.464	17.432	26.406	211.900
11/11/2001	6.200	8.847	19.709	26.205	195.000
12/11/2001	19.700	10.228	18.882	27.201	162.300
13/11/2001	3.674	9.799	17.968	26.031	208.400
14/11/2001	19.547	8.266	18.634	24.753	393.800
15/11/2001	8.685	8.364	19.081	25.221	220.400
16/11/2001	6.292	10.305	17.779	26.622	229.000
17/11/2001	11.025	10.052	18.028	26.509	227.800
18/11/2001	5.204	9.643	18.205	26.157	218.200
19/11/2001	6.496	9.344	18.592	26.062	302.300
20/11/2001	16.651	10.184	18.137	26.753	342.200
21/11/2001	22.426	8.912	17.965	25.131	377.600
22/11/2001	17.031	9.185	18.003	25.545	447.600
23/11/2001	0.000	9.848	17.863	26.256	254.600
24/11/2001	2.534	10.219	18.481	27.138	239.800
25/11/2001	9.135	8.960	18.823	25.881	242.400
26/11/2001	9.990	8.619	18.443	25.214	254.700
27/11/2001	48.116	8.552	18.083	24.903	582.600
28/11/2001	7.783	9.079	17.658	25.237	500.900
29/11/2001	0.082	8.734	17.980	25.007	443.400
30/11/2001	0.000	10.276	17.103	26.337	399.300
01/12/2001	0.000	8.153	17.368	23.900	312.200
02/12/2001	0.000	9.339	17.310	25.352	400.700
03/12/2001	0.000	9.947	17.314	26.102	319.200
04/12/2001	0.000	10.011	17.638	26.427	231.400
05/12/2001	0.000	9.254	18.179	25.892	224.200
06/12/2001	0.026	9.296	18.936	26.517	205.800
07/12/2001	8.978	9.670	19.048	27.045	196.500
08/12/2001	16.909	8.956	19.269	26.375	272.200
09/12/2001	23.242	8.637	18.734	25.629	286.200
10/12/2001	0.708	8.612	19.177	25.940	256.900
11/12/2001	8.752	10.034	19.170	27.612	248.200
12/12/2001	5.216	10.629	18.605	27.956	246.000
13/12/2001	29.968	7.356	19.573	24.754	220.600
14/12/2001	0.000	9.562	17.712	26.006	226.600
15/12/2001	0.000	9.824	18.657	27.015	263.000
16/12/2001	0.000	9.617	18.642	26.763	238.600
17/12/2001	12.147	8.595	19.289	26.009	300.300
18/12/2001	1.252	8.448	19.504	25.983	239.900
19/12/2001	28.116	8.041	18.940	25.064	464.400
20/12/2001	1.393	10.509	18.619	27.850	241.000
21/12/2001	5.243	8.962	18.465	25.812	361.000
22/12/2001	4.775	8.588	19.504	26.131	245.900
23/12/2001	0.000	8.855	19.544	26.503	217.000
24/12/2001	11.567	8.790	19.672	26.493	175.100
25/12/2001	2.955	7.470	19.190	24.592	206.800
26/12/2001	1.220	9.417	18.346	26.249	230.200
27/12/2001	32.406	8.084	18.603	24.888	356.400
28/12/2001	0.000	10.064	17.791	26.658	308.400
29/12/2001	11.317	9.422	19.206	26.904	232.600
30/12/2001	4.780	10.386	18.660	27.676	200.000
31/12/2001	0.000	10.239	18.844	27.603	189.300
01/01/2002	0.000	9.425	18.831	26.600	149.000
02/01/2002	0.000	10.271	17.388	26.626	158.000
03/01/2002	0.000	10.241	16.693	26.145	124.000
04/01/2002	0.000	9.226	17.904	25.619	117.000
05/01/2002	0.000	10.350	17.026	26.390	102.000
06/01/2002	0.000	9.835	18.189	26.605	92.000
07/01/2002	0.086	9.160	18.241	25.751	91.000
08/01/2002	4.186	9.102	18.211	25.656	60.000
09/01/2002	0.000	9.573	17.331	25.561	116.000
10/01/2002	0.000	10.631	16.099	26.025	92.000
11/01/2002	0.000	10.187	16.985	26.048	79.000
12/01/2002	0.000	9.332	17.394	25.237	93.000
13/01/2002	0.500	8.250	18.547	24.797	61.000
14/01/2002	0.000	9.099	18.217	25.609	90.000
15/01/2002	0.000	9.708	17.424	25.757	92.000
16/01/2002	1.403	9.948	17.974	26.392	90.000
17/01/2002	1.197	10.589	16.964	26.453	105.000
18/01/2002	2.592	9.782	17.093	25.522	196.000
19/01/2002	0.000	10.863	16.751	26.584	98.000
20/01/2002	0.098	9.693	17.240	25.531	71.000
21/01/2002	0.000	10.444	17.465	26.522	64.000
22/01/2002	20.138	9.358	18.282	25.811	78.000
23/01/2002	0.249	10.713	18.055	27.228	59.000
24/01/2002	0.064	10.988	18.487	27.814	48.000
25/01/2002	2.367	10.764	19.413	28.177	54.000
26/01/2002	9.094	9.383	19.430	26.625	50.000
27/01/2002	0.000	10.865	18.217	27.420	47.000
28/01/2002	0.000	11.505	18.443	28.328	45.000
29/01/2002	0.000	10.780	18.935	27.746	43.000
30/01/2002	26.500	10.168	19.221	27.231	71.000
31/01/2002	4.145	11.263	18.833	28.203	59.000
01/02/2002	4.362	11.300	18.881	28.246	53.000
02/02/2002	11.468	10.332	19.089	27.256	95.000
03/02/2002	31.794	8.943	19.051	25.645	71.000
04/02/2002	15.157	7.829	18.612	24.031	80.000
05/02/2002	0.832	9.488	17.792	25.254	164.000
06/02/2002	0.000	11.202	16.807	26.552	95.000
07/02/2002	0.000	10.683	17.689	26.484	65.000
08/02/2002	0.000	9.956	17.789	25.693	132.000
09/02/2002	0.000	10.133	17.605	25.753	181.000
10/02/2002	0.000	11.009	17.006	26.344	105.000
11/02/2002	0.380	11.156	17.833	27.054	95.000
12/02/2002	0.000	10.502	18.609	26.871	89.000
13/02/2002	0.000	11.913	17.951	27.991	88.000
14/02/2002	2.393	11.186	18.126	27.249	92.000
15/02/2002	0.000	10.613	17.888	26.397	91.000
16/02/2002	0.000	11.264	18.455	27.549	75.000
17/02/2002	0.099	11.754	18.359	27.999	61.000
18/02/2002	0.000	11.226	18.519	27.497	59.000
19/02/2002	5.105	9.756	18.717	25.951	102.000
20/02/2002	0.742	12.621	18.433	28.946	73.000
21/02/2002	0.638	11.715	18.805	28.166	61.000
22/02/2002	0.000	11.309	18.653	27.580	46.000
23/02/2002	25.191	11.802	18.533	28.007	70.000
24/02/2002	3.257	11.400	18.413	27.475	69.000
25/02/2002	0.000	12.700	18.733	29.132	52.000
26/02/2002	0.000	10.257	18.815	26.440	46.000
27/02/2002	7.598	10.035	18.532	25.962	74.000
28/02/2002	0.078	11.229	17.600	26.618	127.000
01/03/2002	1.652	11.741	17.545	27.131	70.000
02/03/2002	0.000	12.685	18.612	28.906	56.000
03/03/2002	2.482	12.817	18.464	28.930	48.000
04/03/2002	6.714	10.810	18.773	26.882	79.000
05/03/2002	0.764	10.893	18.004	26.379	196.000
06/03/2002	0.000	11.798	18.054	27.440	104.000
07/03/2002	7.004	11.696	18.769	27.786	121.000
08/03/2002	1.979	11.499	19.029	27.728	96.000
09/03/2002	0.000	13.643	19.760	30.592	78.000
10/03/2002	4.583	12.365	17.653	27.804	137.000
11/03/2002	0.000	11.594	18.266	27.275	63.000
12/03/2002	12.692	9.116	18.786	24.977	135.000
13/03/2002	0.966	12.688	19.019	28.945	107.000
15/03/2002	37.145	9.715	18.571	25.407	154.000
16/03/2002	2.766	12.570	19.400	29.057	145.000
17/03/2002	28.986	9.886	19.086	25.940	240.000
18/03/2002	13.677	12.143	19.333	28.493	224.000
19/03/2002	28.988	9.686	19.291	25.885	182.000
20/03/2002	5.765	9.923	19.020	25.919	210.000
21/03/2002	4.131	7.981	18.988	23.903	201.000
22/03/2002	8.163	11.561	18.599	27.372	227.000
23/03/2002	15.068	10.077	19.382	26.342	304.000
24/03/2002	2.673	11.706	19.353	28.057	233.000
25/03/2002	26.995	12.542	18.562	28.406	305.000
26/03/2002	1.757	12.448	18.696	28.369	181.000
27/03/2002	22.859	10.846	18.996	26.853	326.000
28/03/2002	13.053	10.196	19.666	26.672	290.000
29/03/2002	17.362	8.929	19.244	25.065	457.000
30/03/2002	0.437	11.110	17.733	26.186	282.000
31/03/2002	0.112	12.784	19.435	29.244	184.000
01/04/2002	21.406	11.664	20.217	28.590	177.000
02/04/2002	22.038	8.512	20.169	25.334	209.000
03/04/2002	5.453	11.510	19.230	27.712	169.000
04/04/2002	6.564	12.043	19.605	28.564	165.000
05/04/2002	6.040	12.153	19.106	28.321	175.000
06/04/2002	25.800	10.238	19.439	26.510	316.000
07/04/2002	25.195	7.368	19.263	23.516	817.000
08/04/2002	3.543	9.368	18.288	24.770	321.000
09/04/2002	4.142	9.845	19.188	25.926	287.000
10/04/2002	3.370	9.830	18.387	25.295	338.000
11/04/2002	1.227	11.086	17.586	26.112	272.000
12/04/2002	2.658	11.163	17.735	26.291	232.000
13/04/2002	11.647	10.281	17.522	25.193	323.000
14/04/2002	6.190	10.213	17.865	25.347	329.000
15/04/2002	7.594	11.062	18.535	26.783	280.000
16/04/2002	9.989	12.081	18.789	28.090	264.000
17/04/2002	27.305	10.503	19.108	26.616	591.000
18/04/2002	18.901	10.078	19.658	26.594	406.000
19/04/2002	8.664	10.278	18.794	26.153	324.000
20/04/2002	18.404	10.020	19.157	26.189	394.000
21/04/2002	15.820	8.999	19.288	25.215	351.000
22/04/2002	1.529	11.377	19.458	27.862	269.000
23/04/2002	6.169	10.710	19.837	27.432	276.000
24/04/2002	20.649	10.302	20.169	27.279	305.000
25/04/2002	36.407	6.798	19.515	23.286	1094.000
26/04/2002	2.070	11.030	18.683	26.927	450.000
27/04/2002	8.400	9.207	19.599	25.744	446.000
28/04/2002	20.355	9.411	19.247	25.706	581.000
29/04/2002	0.074	11.029	18.680	26.969	412.000
30/04/2002	27.212	10.053	19.677	26.706	434.000
01/05/2002	2.404	10.628	18.688	26.594	315.000
02/05/2002	7.430	11.118	19.436	27.690	308.000
03/05/2002	7.356	10.564	19.355	27.068	287.000
04/05/2002	8.796	11.882	18.314	27.757	334.000
05/05/2002	0.204	11.702	18.962	28.054	232.000
06/05/2002	0.000	11.836	19.147	28.330	197.000
07/05/2002	13.396	11.218	18.826	27.439	313.000
08/05/2002	1.097	10.700	19.299	27.196	184.000
09/05/2002	0.940	11.421	19.552	28.186	166.000
10/05/2002	12.132	10.689	20.134	27.837	168.000
11/05/2002	10.792	10.272	19.767	27.110	223.000
12/05/2002	0.086	11.994	19.594	28.900	208.000
13/05/2002	9.904	11.101	19.106	27.562	129.000
14/05/2002	0.000	11.706	19.440	28.496	117.000
15/05/2002	1.379	10.285	20.147	27.458	114.000
16/05/2002	13.290	9.835	18.860	26.020	167.000
17/05/2002	18.005	10.970	19.637	27.869	122.000
18/05/2002	11.538	10.093	19.504	26.811	211.000
19/05/2002	17.859	11.181	18.765	27.507	250.000
20/05/2002	6.737	12.406	18.214	28.545	217.000
21/05/2002	30.999	9.668	18.733	25.836	335.000
22/05/2002	3.703	6.852	19.278	23.372	219.000
23/05/2002	6.887	9.788	18.496	25.760	244.000
24/05/2002	4.512	11.769	19.219	28.576	194.000
26/05/2002	25.989	8.934	18.025	24.516	521.000
27/05/2002	0.071	9.915	18.304	25.821	347.000
28/05/2002	4.883	9.188	18.064	24.837	533.000
29/05/2002	10.592	10.250	18.294	26.196	688.000
30/05/2002	13.252	9.283	18.198	25.071	675.000
31/05/2002	10.786	7.633	17.286	22.565	392.000
01/06/2002	4.405	10.314	17.994	26.128	305.000
02/06/2002	5.854	8.619	17.955	24.211	294.000
03/06/2002	22.773	10.407	17.762	26.087	248.000
04/06/2002	3.104	8.968	17.490	24.250	287.000
05/06/2002	7.182	8.827	17.275	23.956	329.000
06/06/2002	5.700	8.337	18.206	24.084	490.000
07/06/2002	5.758	9.090	17.876	24.663	307.000
08/06/2002	4.729	10.983	17.347	26.496	259.000
09/06/2002	22.660	9.959	17.869	25.680	394.000
10/06/2002	3.622	10.790	17.949	26.702	276.000
11/06/2002	14.793	9.922	18.203	25.906	338.000
12/06/2002	7.070	9.908	18.260	25.965	278.000
13/06/2002	3.094	8.318	17.660	23.705	241.000
14/06/2002	1.487	9.961	18.323	26.067	192.000
15/06/2002	0.476	9.807	17.901	25.561	229.000
16/06/2002	2.832	10.576	18.430	26.844	264.000
17/06/2002	0.741	10.143	19.238	26.935	180.000
18/06/2002	6.837	9.704	18.576	25.940	191.000
19/06/2002	0.000	10.710	18.715	27.201	174.000
20/06/2002	0.301	10.436	19.108	27.153	159.000
21/06/2002	1.607	10.940	18.009	26.946	148.000
22/06/2002	0.844	10.329	19.028	26.975	123.000
23/06/2002	0.000	10.842	18.994	27.535	109.000
24/06/2002	0.674	11.178	18.640	27.657	86.000
25/06/2002	0.225	11.184	18.740	27.735	110.000
26/06/2002	0.000	10.654	19.102	27.384	61.000
27/06/2002	0.000	11.180	19.517	28.307	71.000
28/06/2002	0.991	10.888	18.860	27.465	75.000
29/06/2002	6.939	10.010	19.311	26.836	79.000
30/06/2002	4.478	11.915	19.315	28.988	158.000
01/07/2002	0.000	11.139	19.250	28.055	93.000
02/07/2002	0.345	11.178	19.394	28.192	84.000
03/07/2002	0.000	11.513	19.198	28.449	69.000
04/07/2002	6.829	11.749	20.076	29.339	71.000
05/07/2002	25.171	9.291	19.789	26.378	162.000
06/07/2002	7.952	7.760	19.199	24.267	181.000
07/07/2002	0.254	10.905	18.719	27.397	132.000
08/07/2002	0.000	11.353	19.862	28.719	91.000
09/07/2002	0.590	12.215	18.724	28.887	78.000
10/07/2002	7.885	10.159	20.424	27.808	82.000
11/07/2002	8.001	10.365	18.584	26.631	97.000
12/07/2002	1.839	10.995	19.078	27.728	73.000
13/07/2002	0.000	11.352	19.128	28.145	61.000
14/07/2002	2.815	11.061	19.384	27.996	59.000
15/07/2002	3.252	11.447	18.536	27.810	101.000
16/07/2002	3.030	10.199	19.208	26.885	108.000
17/07/2002	3.996	12.263	18.045	28.411	95.000
18/07/2002	12.888	10.137	19.227	26.802	97.000
19/07/2002	0.701	10.777	18.522	26.997	65.000
20/07/2002	10.556	11.248	18.217	27.324	85.000
21/07/2002	6.197	9.072	18.878	25.324	106.000
22/07/2002	0.584	11.567	17.589	27.244	73.000
23/07/2002	0.246	10.606	18.650	26.894	59.000
24/07/2002	9.305	10.208	18.491	26.302	63.000
25/07/2002	9.199	10.607	18.100	26.453	85.000
26/07/2002	0.000	11.969	18.068	27.962	65.000
27/07/2002	1.385	11.274	18.439	27.430	60.000
28/07/2002	2.649	9.562	18.862	25.821	64.000
29/07/2002	0.329	11.999	18.820	28.451	52.000
30/07/2002	0.138	12.760	17.406	28.394	47.000
31/07/2002	4.338	11.765	17.730	27.442	45.000
01/08/2002	0.000	11.154	17.385	26.472	43.000
02/08/2002	3.109	12.805	17.831	28.673	55.000
03/08/2002	3.325	11.936	18.163	27.882	43.000
04/08/2002	2.660	12.676	17.485	28.231	42.000
05/08/2002	1.929	11.492	18.353	27.520	43.000
06/08/2002	1.375	13.584	17.552	29.336	53.000
07/08/2002	4.422	11.201	19.276	27.801	47.000
08/08/2002	3.971	11.870	18.589	28.026	100.000
09/08/2002	10.691	10.974	18.519	26.942	104.000
10/08/2002	0.232	11.164	18.606	27.218	65.000
11/08/2002	0.000	11.812	18.804	28.068	45.000
12/08/2002	0.000	12.094	18.827	28.408	50.000
13/08/2002	0.000	12.032	18.939	28.403	41.000
14/08/2002	3.179	11.926	19.467	28.629	36.000
15/08/2002	1.515	13.026	19.565	29.903	35.000
16/08/2002	1.085	12.358	19.853	29.371	35.000
17/08/2002	0.000	13.170	19.118	29.741	32.000
18/08/2002	0.008	13.445	18.164	29.391	32.000
19/08/2002	6.974	12.032	18.552	28.071	47.000
20/08/2002	5.935	9.238	19.384	25.685	47.000
21/08/2002	7.047	13.157	18.535	29.301	39.000
22/08/2002	1.324	11.842	19.467	28.491	35.000
23/08/2002	5.197	11.244	19.070	27.526	42.000
24/08/2002	3.816	12.553	18.318	28.445	43.000
25/08/2002	3.801	12.124	18.993	28.455	35.000
26/08/2002	25.331	10.401	18.278	26.051	123.000
27/08/2002	4.485	9.477	18.597	25.301	148.000
28/08/2002	2.465	11.277	17.660	26.526	50.000
29/08/2002	17.727	10.222	18.549	26.004	195.000
30/08/2002	0.284	10.399	18.664	26.291	94.000
31/08/2002	7.480	11.345	17.907	26.821	304.000
01/09/2002	6.137	10.933	17.590	26.106	147.000
02/09/2002	10.661	11.635	18.166	27.246	192.000
03/09/2002	0.000	11.051	19.369	27.520	84.000
04/09/2002	0.090	12.875	18.298	28.769	57.000
05/09/2002	10.238	11.291	18.253	26.968	126.000
06/09/2002	4.824	11.941	18.892	28.112	112.000
07/09/2002	6.431	11.702	18.674	27.703	69.000
08/09/2002	0.000	12.738	18.349	28.645	47.000
09/09/2002	3.720	11.648	18.080	27.276	43.000
10/09/2002	8.754	11.233	18.301	26.917	42.000
11/09/2002	11.575	10.165	18.424	25.839	123.000
12/09/2002	0.039	10.545	17.891	25.910	54.000
13/09/2002	2.557	11.680	18.174	27.349	64.000
14/09/2002	6.527	10.839	18.891	26.903	122.000
15/09/2002	10.415	12.406	18.140	28.137	151.000
16/09/2002	1.857	11.531	19.031	27.776	67.000
17/09/2002	11.115	10.319	17.513	25.358	95.000
18/09/2002	2.979	10.825	17.760	26.077	58.000
19/09/2002	16.589	11.232	18.138	26.814	247.000
20/09/2002	5.820	11.065	18.738	27.103	88.000
21/09/2002	0.969	12.605	18.356	28.577	61.000
22/09/2002	0.422	12.618	17.953	28.310	44.000
23/09/2002	24.551	11.971	18.215	27.721	284.000
24/09/2002	0.999	10.585	18.626	26.513	75.000
25/09/2002	16.020	8.340	18.291	23.871	87.000
26/09/2002	22.627	9.904	18.464	25.612	217.000
27/09/2002	4.284	11.550	18.400	27.424	168.000
28/09/2002	19.739	8.867	18.509	24.615	333.000
29/09/2002	2.924	11.743	17.379	27.015	172.000
30/09/2002	0.848	13.179	16.083	27.776	110.000
01/10/2002	17.370	10.976	17.618	26.310	169.000
02/10/2002	3.519	13.042	17.160	28.328	101.000
03/10/2002	2.353	11.771	18.062	27.581	79.000
04/10/2002	0.024	12.852	17.865	28.647	65.000
05/10/2002	0.035	12.983	17.449	28.548	55.000
06/10/2002	15.760	11.106	18.817	27.365	64.000
07/10/2002	4.802	10.637	18.589	26.679	54.000
08/10/2002	7.199	9.562	17.926	25.019	130.000
09/10/2002	2.543	10.252	18.515	26.237	111.000
10/10/2002	3.525	11.059	18.374	27.057	149.000
11/10/2002	10.045	9.874	18.392	25.756	115.000
12/10/2002	2.800	10.799	18.321	26.759	70.000
13/10/2002	0.547	11.808	17.728	27.533	59.000
14/10/2002	0.000	12.431	17.388	28.047	60.000
15/10/2002	13.610	9.062	18.757	25.203	181.000
16/10/2002	5.459	9.353	18.785	25.586	107.000
17/10/2002	25.572	9.053	17.876	24.547	295.000
18/10/2002	10.564	10.611	18.337	26.654	206.000
19/10/2002	12.099	10.358	18.015	26.157	124.000
20/10/2002	7.272	10.070	18.885	26.516	114.000
21/10/2002	13.482	9.964	17.987	25.746	155.000
22/10/2002	11.096	7.880	18.394	23.786	160.000
23/10/2002	3.712	9.627	17.852	25.282	240.000
24/10/2002	28.632	10.585	18.340	26.746	300.000
25/10/2002	6.275	9.954	17.878	25.719	209.000
26/10/2002	15.280	9.872	18.301	26.003	363.000
27/10/2002	26.238	8.538	17.744	24.068	256.000
28/10/2002	1.741	9.100	17.874	24.788	287.000
29/10/2002	2.381	8.728	18.308	24.711	741.000
30/10/2002	26.760	8.332	17.759	23.874	367.000
31/10/2002	2.054	9.421	17.589	25.035	369.000
01/11/2002	0.000	10.140	18.209	26.346	272.000
02/11/2002	21.602	8.805	17.949	24.682	366.000
03/11/2002	12.377	9.572	17.775	25.432	426.000
04/11/2002	14.960	10.943	17.618	26.959	293.000
05/11/2002	16.967	9.758	18.164	25.924	348.000
06/11/2002	2.564	9.686	18.419	26.099	584.000
07/11/2002	15.271	9.158	18.097	25.249	289.000
08/11/2002	21.948	8.175	18.626	24.526	372.000
09/11/2002	0.793	9.020	17.858	24.940	278.000
10/11/2002	0.380	10.561	17.599	26.635	245.000
11/11/2002	0.058	10.856	17.666	27.076	198.000
12/11/2002	1.403	11.463	17.608	27.802	182.000
13/11/2002	3.115	9.625	17.461	25.471	194.000
14/11/2002	28.066	9.299	18.640	25.949	315.000
15/11/2002	4.212	11.112	17.953	27.658	263.000
16/11/2002	18.202	10.523	19.076	27.756	480.000
17/11/2002	6.157	10.705	18.797	27.802	260.000
18/11/2002	0.000	9.180	17.900	25.339	200.000
19/11/2002	3.024	10.062	17.753	26.334	238.000
20/11/2002	0.000	10.600	18.406	27.474	164.000
21/11/2002	0.365	10.194	18.965	27.414	134.000
22/11/2002	0.000	10.985	18.451	28.042	117.000
23/11/2002	10.821	9.315	18.725	26.283	165.000
24/11/2002	0.390	10.257	18.188	26.997	122.000
25/11/2002	6.997	11.247	18.266	28.267	120.000
26/11/2002	0.000	10.487	19.267	28.070	107.000
27/11/2002	0.723	9.987	19.837	27.914	108.000
28/11/2002	14.704	9.963	19.446	27.597	164.000
29/11/2002	9.009	10.429	18.661	27.612	92.000
30/11/2002	0.249	11.570	18.721	29.099	85.000
01/12/2002	7.299	9.940	19.360	27.564	148.000
02/12/2002	2.135	10.793	18.586	28.076	89.000
03/12/2002	9.333	10.028	19.609	27.887	76.000
04/12/2002	0.901	11.365	18.517	28.759	72.000
05/12/2002	9.866	10.801	18.305	27.935	295.000
06/12/2002	1.367	9.357	19.410	26.949	92.000
07/12/2002	6.849	9.075	19.320	26.507	130.000
08/12/2002	0.309	8.966	19.009	26.185	92.000
09/12/2002	6.975	9.490	18.600	26.522	209.000
10/12/2002	0.133	10.546	17.692	27.205	109.000
11/12/2002	2.597	9.454	19.254	26.994	180.000
12/12/2002	0.000	10.079	18.147	26.985	159.000
13/12/2002	0.315	9.921	18.733	27.247	131.000
14/12/2002	17.298	7.453	19.906	25.154	193.000
15/12/2002	52.886	5.857	19.219	22.842	370.000
16/12/2002	0.000	8.221	18.988	25.310	527.000
17/12/2002	18.763	6.854	19.097	23.820	659.000
18/12/2002	35.551	9.016	18.485	25.865	963.000
19/12/2002	8.245	9.387	19.596	27.163	419.000
20/12/2002	10.825	10.009	18.536	27.142	313.000
21/12/2002	11.527	9.206	19.507	26.901	326.000
22/12/2002	0.281	10.700	17.734	27.500	272.000
23/12/2002	0.000	10.412	18.124	27.397	233.000
24/12/2002	0.000	9.368	18.967	26.679	192.000
25/12/2002	0.000	10.744	18.282	27.885	171.000
26/12/2002	0.000	10.925	17.997	27.916	156.000
27/12/2002	0.000	10.482	17.869	27.275	171.000
28/12/2002	0.000	10.061	18.359	27.078	154.000
29/12/2002	14.404	8.891	18.942	26.054	110.000
30/12/2002	0.689	10.048	19.073	27.570	161.000
31/12/2002	0.000	11.199	18.452	28.545	139.000
01/01/2003	0.000	10.653	18.467	27.907	117.000
02/01/2003	0.000	11.563	17.717	28.490	113.000
03/01/2003	0.000	11.230	17.077	27.618	101.000
04/01/2003	0.000	10.231	17.763	26.859	94.000
05/01/2003	0.428	10.919	17.696	27.615	86.000
06/01/2003	7.986	10.885	18.094	27.874	91.000
07/01/2003	0.000	12.035	17.516	28.856	91.000
08/01/2003	0.063	11.386	18.382	28.619	78.000
09/01/2003	0.093	10.634	18.183	27.560	72.000
10/01/2003	0.153	12.186	18.467	29.600	67.000
11/01/2003	0.000	11.497	17.956	28.403	67.000
12/01/2003	0.000	11.623	18.276	28.782	63.000
13/01/2003	0.818	11.150	18.230	28.134	67.000
14/01/2003	0.000	10.742	18.442	27.757	69.000
15/01/2003	3.690	9.855	19.097	27.074	62.000
16/01/2003	0.000	10.619	18.237	27.384	63.000
17/01/2003	0.000	10.807	19.699	28.605	62.000
18/01/2003	14.864	9.626	18.930	26.628	73.000
19/01/2003	6.290	7.374	18.808	23.920	172.000
20/01/2003	2.856	9.452	18.061	25.734	183.000
21/01/2003	4.123	11.912	16.737	27.811	117.000
22/01/2003	0.000	12.163	16.510	27.904	90.000
23/01/2003	0.000	10.666	16.443	26.006	69.000
24/01/2003	0.062	12.049	15.898	27.307	70.000
25/01/2003	0.177	10.091	18.452	26.708	64.000
26/01/2003	0.000	11.683	17.747	28.097	65.000
27/01/2003	4.057	10.999	18.080	27.458	57.000
28/01/2003	2.092	11.638	17.372	27.690	55.000
29/01/2003	0.000	11.902	17.882	28.371	54.000
30/01/2003	0.000	12.104	18.461	28.967	50.000
31/01/2003	0.000	9.990	19.645	27.297	49.000
01/02/2003	0.000	11.045	17.874	27.228	48.000
02/02/2003	0.000	9.275	18.116	25.324	56.000
03/02/2003	0.000	11.744	18.170	28.221	51.000
04/02/2003	0.000	12.379	18.577	29.217	45.000
05/02/2003	0.000	12.260	20.202	30.173	46.000
06/02/2003	2.785	11.827	19.310	29.026	45.000
07/02/2003	1.272	11.829	20.394	29.756	44.000
08/02/2003	15.342	10.750	19.503	27.855	50.000
09/02/2003	6.540	12.064	18.733	28.788	84.000
10/02/2003	11.875	12.071	18.526	28.628	73.000
11/02/2003	2.532	10.834	19.496	27.900	50.000
12/02/2003	25.513	10.738	19.033	27.406	114.000
13/02/2003	2.748	10.422	19.015	27.023	103.000
14/02/2003	11.249	11.345	19.054	28.084	139.000
15/02/2003	1.823	9.931	20.045	27.189	153.000
16/02/2003	4.026	10.371	18.830	26.751	201.000
17/02/2003	0.000	10.844	18.940	27.346	174.000
18/02/2003	13.274	9.656	18.183	25.458	153.000
19/02/2003	0.558	11.103	18.653	27.400	116.000
20/02/2003	2.135	10.937	18.468	27.057	105.000
21/02/2003	0.000	12.611	17.811	28.499	83.000
22/02/2003	0.000	11.585	19.644	28.568	66.000
23/02/2003	0.854	10.239	18.251	26.070	65.000
24/02/2003	0.000	9.518	19.253	25.961	69.000
25/02/2003	0.948	12.192	19.914	29.331	64.000
26/02/2003	28.588	9.013	18.625	24.914	110.000
27/02/2003	0.087	10.278	17.773	25.670	71.000
28/02/2003	1.297	10.722	18.557	26.705	132.000
01/03/2003	1.071	11.538	18.029	27.215	125.000
02/03/2003	0.815	11.970	18.318	27.878	98.000
03/03/2003	5.835	11.203	18.754	27.326	88.000
04/03/2003	0.000	10.481	19.420	27.042	73.000
05/03/2003	0.000	12.779	18.981	29.192	62.000
06/03/2003	0.179	14.065	17.839	29.850	57.000
07/03/2003	0.000	13.372	18.496	29.504	60.000
08/03/2003	0.000	13.001	18.913	29.340	55.000
09/03/2003	0.291	12.455	19.751	29.289	49.000
10/03/2003	6.439	11.414	20.283	28.526	71.000
11/03/2003	1.473	11.424	20.307	28.571	60.000
12/03/2003	0.077	12.095	20.490	29.401	59.000
13/03/2003	1.206	12.185	20.510	29.478	51.000
14/03/2003	26.201	10.688	19.140	26.853	101.000
15/03/2003	13.887	9.348	19.786	25.956	83.000
16/03/2003	2.465	8.629	19.238	24.792	73.000
17/03/2003	1.674	11.821	17.794	27.108	67.000
18/03/2003	8.778	11.439	18.499	27.158	101.000
19/03/2003	28.020	8.984	18.830	24.781	116.000
20/03/2003	0.000	11.236	17.786	26.439	174.000
21/03/2003	3.993	10.737	18.938	26.695	129.000
22/03/2003	13.048	10.728	18.948	26.725	216.000
23/03/2003	0.581	12.203	18.430	27.919	103.000
24/03/2003	0.087	13.272	17.811	28.680	71.000
25/03/2003	0.000	10.305	18.158	25.706	132.000
26/03/2003	0.619	7.597	18.570	23.157	87.000
27/03/2003	0.000	10.021	18.743	25.773	91.000
28/03/2003	0.000	10.470	18.167	25.820	98.000
29/03/2003	12.077	10.023	18.999	25.975	116.000
30/03/2003	25.089	10.333	18.721	26.094	96.000
31/03/2003	0.743	11.025	18.054	26.385	171.000
01/04/2003	0.000	10.477	18.541	26.147	120.000
02/04/2003	0.000	12.237	18.318	27.872	88.000
03/04/2003	1.527	11.242	19.789	27.837	80.000
04/04/2003	21.857	10.992	19.712	27.510	100.000
05/04/2003	0.000	12.743	19.696	29.374	93.000
06/04/2003	8.753	12.494	20.115	29.416	104.000
07/04/2003	0.592	13.658	20.298	30.786	83.000
08/04/2003	23.257	10.623	19.558	27.042	167.000
09/04/2003	20.502	7.610	19.859	24.231	197.000
10/04/2003	0.323	9.976	19.041	25.993	156.000
11/04/2003	5.634	11.324	19.209	27.526	183.000
12/04/2003	20.213	7.284	20.073	24.122	236.000
13/04/2003	9.055	8.355	19.147	24.435	236.000
14/04/2003	9.660	9.833	19.205	25.964	354.000
15/04/2003	38.914	9.135	19.038	25.084	403.000
16/04/2003	19.252	11.565	19.369	27.919	282.000
17/04/2003	23.071	7.914	19.049	23.932	490.000
18/04/2003	0.060	11.884	18.448	27.621	325.000
19/04/2003	31.073	8.242	19.038	24.254	1038.000
20/04/2003	5.260	11.064	19.279	27.395	361.000
21/04/2003	31.375	8.670	19.664	25.228	379.000
22/04/2003	1.758	10.259	18.853	26.235	376.000
23/04/2003	2.904	10.263	18.712	26.134	296.000
24/04/2003	6.610	11.774	18.494	27.642	312.000
25/04/2003	15.172	9.911	19.163	26.116	398.000
26/04/2003	11.572	11.605	18.672	27.587	365.000
27/04/2003	9.055	10.236	19.366	26.613	384.000
28/04/2003	6.221	12.960	18.751	29.189	276.000
29/04/2003	5.737	11.398	18.297	27.161	278.000
30/04/2003	4.551	11.429	20.004	28.423	240.000
01/05/2003	0.799	11.960	19.275	28.497	191.000
02/05/2003	16.133	11.377	19.153	27.747	257.000
03/05/2003	5.235	10.487	19.507	27.106	192.000
04/05/2003	3.931	11.722	19.125	28.161	194.000
05/05/2003	14.016	10.645	19.070	26.939	255.000
06/05/2003	3.160	11.680	19.119	28.113	192.000
07/05/2003	11.993	11.475	18.842	27.703	204.000
08/05/2003	12.007	11.344	19.326	27.924	322.000
09/05/2003	9.330	10.008	19.366	26.488	304.000
10/05/2003	10.238	11.481	18.116	27.228	237.000
11/05/2003	2.750	10.667	18.903	26.929	184.000
12/05/2003	12.422	10.548	19.408	27.188	201.000
13/05/2003	18.298	10.853	18.866	27.108	719.000
14/05/2003	0.579	11.722	18.644	27.956	289.000
15/05/2003	3.193	11.245	19.051	27.743	213.000
16/05/2003	5.100	10.501	20.081	27.688	227.000
17/05/2003	0.597	11.410	19.469	28.208	170.000
18/05/2003	5.912	8.670	19.375	25.174	158.000
19/05/2003	0.459	9.342	18.182	25.036	222.000
20/05/2003	15.221	10.499	19.015	26.891	172.000
21/05/2003	0.555	11.805	18.756	28.244	147.000
22/05/2003	22.642	11.295	18.531	27.499	324.000
23/05/2003	10.151	11.102	18.853	27.516	183.000
24/05/2003	14.698	11.459	19.062	28.087	202.000
25/05/2003	18.404	7.900	19.092	24.224	627.000
26/05/2003	4.706	10.430	18.676	26.690	425.000
27/05/2003	12.852	10.867	18.334	26.968	460.000
28/05/2003	0.023	10.047	19.182	26.654	249.000
29/05/2003	12.689	11.167	19.113	27.839	309.000
30/05/2003	15.036	10.848	18.500	27.058	343.000
31/05/2003	4.923	8.779	18.968	25.153	374.000
01/06/2003	6.820	10.598	18.547	26.824	182.000
02/06/2003	10.613	10.499	18.363	26.583	365.000
03/06/2003	18.061	8.329	18.824	24.565	460.000
04/06/2003	0.489	9.922	18.487	26.045	335.000
05/06/2003	24.307	7.712	19.693	24.619	280.000
06/06/2003	2.988	9.576	17.975	25.317	236.000
07/06/2003	17.350	10.089	17.392	25.488	378.000
08/06/2003	2.129	10.093	17.831	25.797	223.000
09/06/2003	0.057	10.530	18.859	27.062	190.000
10/06/2003	1.551	10.421	18.297	26.515	173.000
11/06/2003	14.827	9.449	18.497	25.581	291.000
12/06/2003	11.832	9.738	17.892	25.467	257.000
13/06/2003	9.249	9.576	17.587	25.064	377.000
14/06/2003	1.731	8.943	17.551	24.302	285.000
15/06/2003	2.739	8.931	17.690	24.432	357.000
16/06/2003	6.265	10.117	18.554	26.403	223.000
17/06/2003	16.308	8.510	18.183	24.318	471.000
18/06/2003	22.699	7.532	18.106	23.219	467.000
19/06/2003	3.795	8.676	17.451	23.953	290.000
20/06/2003	4.611	11.214	17.807	27.160	235.000
21/06/2003	8.013	10.968	17.938	26.983	571.000
22/06/2003	11.942	9.885	16.951	25.023	284.000
23/06/2003	2.003	9.552	17.919	25.330	267.000
24/06/2003	0.160	9.883	18.081	25.853	237.000
25/06/2003	2.971	9.665	17.616	25.233	211.000
26/06/2003	0.444	11.152	17.948	27.185	157.000
27/06/2003	8.585	9.291	18.868	25.711	185.000
28/06/2003	14.426	10.431	17.594	26.083	163.000
29/06/2003	10.965	8.956	17.589	24.379	162.000
30/06/2003	2.495	10.936	17.507	26.624	146.000
01/07/2003	12.436	8.423	17.940	24.070	235.000
02/07/2003	0.000	11.490	18.353	27.827	160.000
03/07/2003	5.894	10.583	18.920	27.190	159.000
04/07/2003	16.199	9.454	18.424	25.560	221.000
05/07/2003	1.380	9.899	18.206	25.897	223.000
06/07/2003	4.158	11.908	17.042	27.422	196.000
07/07/2003	11.477	9.244	18.244	25.185	169.000
08/07/2003	4.404	9.648	18.545	25.858	212.000
09/07/2003	2.816	9.299	17.666	24.802	182.000
10/07/2003	3.346	10.648	17.712	26.376	198.000
11/07/2003	4.413	9.499	17.327	24.770	143.000
12/07/2003	1.119	10.575	18.025	26.490	128.000
13/07/2003	5.500	10.728	18.622	27.083	133.000
14/07/2003	3.167	11.521	17.451	27.154	164.000
15/07/2003	0.348	11.829	17.709	27.683	121.000
16/07/2003	0.000	10.302	18.625	26.555	114.000
17/07/2003	9.929	8.957	18.664	25.090	215.000
18/07/2003	0.000	11.330	18.108	27.336	123.000
19/07/2003	3.002	11.612	17.919	27.554	108.000
20/07/2003	0.129	11.105	18.914	27.641	95.000
21/07/2003	0.386	11.350	18.551	27.626	89.000
22/07/2003	0.000	10.329	19.090	26.858	84.000
23/07/2003	0.266	11.677	19.196	28.438	80.000
24/07/2003	7.217	10.059	19.151	26.602	78.000
25/07/2003	11.245	9.510	19.218	26.032	133.000
26/07/2003	4.429	10.179	19.169	26.693	90.000
27/07/2003	1.130	10.963	18.698	27.249	84.000
28/07/2003	0.000	10.931	18.719	27.234	77.000
29/07/2003	0.076	11.058	19.475	27.887	71.000
30/07/2003	12.499	10.059	19.297	26.615	96.000
31/07/2003	5.601	11.468	18.900	27.911	103.000
01/08/2003	11.525	11.520	18.528	27.679	23.000
02/08/2003	0.536	9.136	18.562	25.077	27.000
03/08/2003	20.224	7.829	18.208	23.379	91.000
04/08/2003	0.173	11.461	16.898	26.452	101.000
05/08/2003	3.246	10.860	18.590	26.985	93.000
06/08/2003	0.416	12.486	17.689	28.190	95.000
07/08/2003	0.870	11.364	18.237	27.276	21.000
08/08/2003	13.621	9.949	18.023	25.480	29.000
09/08/2003	6.295	10.510	17.926	26.060	27.000
10/08/2003	1.046	12.015	19.076	28.525	31.000
11/08/2003	1.598	11.520	17.786	27.057	21.000
12/08/2003	2.469	10.683	18.628	26.718	21.000
13/08/2003	3.756	10.715	18.824	26.885	21.000
14/08/2003	8.726	11.679	18.743	27.868	20.000
15/08/2003	2.333	11.860	18.603	27.978	21.000
16/08/2003	12.080	11.178	17.032	26.122	21.000
17/08/2003	1.530	9.641	18.898	25.730	21.000
18/08/2003	8.271	11.644	18.032	27.272	21.000
19/08/2003	8.169	12.458	18.773	28.672	21.000
20/08/2003	15.706	10.320	18.712	26.278	55.000
21/08/2003	2.597	10.373	18.455	26.185	20.000
22/08/2003	12.554	9.279	18.763	25.201	146.000
23/08/2003	10.140	10.565	18.455	26.368	63.000
24/08/2003	7.155	11.307	17.413	26.411	67.000
25/08/2003	6.130	10.623	18.733	26.640	49.000
26/08/2003	1.855	11.158	19.025	27.390	30.000
27/08/2003	5.395	10.426	18.661	26.324	51.000
28/08/2003	8.499	11.218	19.193	27.565	20.000
29/08/2003	2.270	10.192	19.180	26.443	35.000
30/08/2003	1.722	10.283	18.519	26.028	20.000
31/08/2003	0.751	11.653	17.903	27.110	20.000
01/09/2003	1.188	11.675	18.067	27.238	20.000
02/09/2003	0.000	12.383	17.797	27.847	20.000
03/09/2003	1.607	12.113	18.693	28.170	20.000
04/09/2003	2.717	11.615	17.981	27.128	70.000
05/09/2003	2.639	9.384	18.731	25.241	64.000
06/09/2003	7.542	10.231	18.234	25.754	61.000
07/09/2003	5.751	10.107	18.186	25.560	78.000
08/09/2003	8.302	10.497	18.109	25.978	112.000
09/09/2003	16.430	9.645	18.938	25.653	80.000
10/09/2003	13.169	9.749	18.238	25.250	159.000
11/09/2003	9.669	10.461	18.452	26.180	139.000
12/09/2003	1.524	10.260	19.410	26.703	85.000
13/09/2003	4.500	10.971	18.150	26.539	120.000
14/09/2003	1.339	11.186	19.999	28.086	71.000
15/09/2003	0.062	11.116	19.172	27.422	68.000
16/09/2003	1.476	10.974	18.647	26.904	58.000
17/09/2003	2.483	10.507	18.648	26.394	64.000
18/09/2003	12.679	10.186	18.201	25.672	94.000
19/09/2003	6.321	10.839	17.767	26.102	76.000
20/09/2003	18.821	10.761	18.243	26.379	127.000
21/09/2003	0.127	9.598	18.391	25.262	103.000
22/09/2003	6.811	10.111	17.538	25.172	142.000
23/09/2003	4.247	8.788	18.342	24.355	114.000
24/09/2003	7.182	11.519	16.737	26.202	196.000
25/09/2003	15.790	11.011	17.613	26.227	207.000
26/09/2003	6.555	9.469	19.071	25.654	134.000
27/09/2003	9.894	10.154	17.930	25.555	150.000
28/09/2003	15.298	9.940	18.078	25.416	364.000
29/09/2003	10.703	9.640	19.081	25.879	253.000
30/09/2003	14.896	9.601	18.307	25.275	153.000
01/10/2003	7.131	11.020	18.410	26.910	132.000
02/10/2003	2.379	11.220	17.467	26.516	124.000
03/10/2003	8.059	11.208	16.891	26.058	119.000
04/10/2003	2.554	10.849	18.094	26.523	121.000
05/10/2003	26.655	9.211	18.631	25.166	335.000
06/10/2003	13.355	8.664	18.962	24.834	164.000
07/10/2003	29.399	9.088	18.346	24.814	309.000
08/10/2003	7.625	7.986	18.369	23.635	270.000
09/10/2003	2.965	8.531	17.765	23.795	229.000
10/10/2003	5.850	9.782	16.882	24.526	200.000
11/10/2003	5.505	10.862	17.592	26.273	575.000
12/10/2003	6.011	11.289	18.436	27.397	219.000
13/10/2003	11.242	9.265	18.571	25.254	274.000
14/10/2003	22.918	8.196	18.570	24.070	264.000
15/10/2003	21.787	8.520	18.349	24.288	427.000
16/10/2003	3.706	8.328	17.339	23.311	315.000
17/10/2003	0.000	11.246	17.298	26.629	270.000
18/10/2003	1.329	10.125	18.179	26.048	278.000
19/10/2003	37.980	8.765	19.173	25.275	625.000
20/10/2003	11.849	9.320	18.151	25.125	443.000
21/10/2003	8.603	9.161	18.374	25.170	504.000
22/10/2003	0.535	9.886	17.035	24.959	274.000
23/10/2003	2.421	11.483	17.759	27.401	208.000
24/10/2003	9.947	11.187	18.029	27.262	250.000
25/10/2003	16.039	10.071	17.974	25.987	364.000
26/10/2003	2.655	9.269	18.344	25.297	290.000
27/10/2003	13.945	8.263	18.656	24.449	257.000
28/10/2003	0.000	9.193	18.642	25.474	203.000
29/10/2003	9.498	7.532	17.895	23.113	272.000
30/10/2003	2.681	9.668	17.211	24.990	241.000
01/11/2003	5.563	8.441	18.233	24.385	445.000
02/11/2003	0.000	10.147	18.250	26.388	248.000
03/11/2003	27.381	7.495	18.693	23.731	541.000
04/11/2003	2.221	10.706	16.817	26.055	312.000
05/11/2003	2.596	11.393	17.087	27.141	222.000
06/11/2003	10.170	11.233	17.606	27.342	207.000
07/11/2003	34.409	9.878	17.703	25.775	321.000
08/11/2003	7.354	8.218	18.523	24.532	278.000
09/11/2003	5.702	10.226	17.865	26.371	284.000
10/11/2003	26.011	7.699	19.406	24.686	434.000
11/11/2003	16.139	7.814	18.756	24.334	462.000
12/11/2003	0.000	8.012	18.769	24.499	341.000
13/11/2003	2.150	10.052	18.246	26.552	311.000
14/11/2003	5.375	9.416	18.766	26.190	373.000
15/11/2003	22.941	10.390	18.573	27.250	793.000
16/11/2003	0.000	9.874	18.631	26.714	320.000
17/11/2003	2.737	9.770	17.767	25.968	255.000
18/11/2003	21.054	9.880	17.594	26.009	236.000
19/11/2003	1.271	10.331	18.624	27.262	198.000
20/11/2003	14.595	9.078	18.589	25.782	254.000
21/11/2003	4.050	9.022	18.596	25.738	346.000
22/11/2003	24.711	7.222	18.823	23.852	618.000
23/11/2003	6.398	9.380	17.948	25.722	413.000
24/11/2003	12.929	8.756	18.407	25.321	391.000
25/11/2003	21.510	7.669	18.648	24.259	595.000
26/11/2003	0.922	10.155	17.810	26.619	427.000
27/11/2003	9.341	10.640	18.650	27.834	353.000
28/11/2003	7.124	10.546	18.358	27.548	319.000
29/11/2003	34.432	8.185	18.528	24.831	427.000
30/11/2003	4.637	7.361	19.533	24.645	527.000
01/12/2003	6.239	10.261	17.717	26.724	413.000
02/12/2003	4.195	8.625	18.291	25.180	448.000
03/12/2003	39.500	8.763	18.190	25.285	928.000
04/12/2003	0.527	10.122	18.520	27.198	429.000
05/12/2003	21.214	9.391	18.823	26.523	595.000
06/12/2003	15.814	7.245	18.525	23.797	354.000
07/12/2003	0.000	8.962	18.144	25.525	307.000
08/12/2003	0.000	9.866	17.981	26.535	314.000
09/12/2003	0.000	10.325	18.243	27.321	251.000
10/12/2003	2.912	10.720	18.475	27.977	226.000
11/12/2003	27.215	9.213	18.237	25.990	329.000
12/12/2003	3.335	9.031	17.735	25.350	251.000
13/12/2003	0.000	9.923	18.166	26.794	251.000
14/12/2003	3.775	8.960	18.048	25.483	327.000
15/12/2003	0.000	9.887	17.706	26.430	251.000
16/12/2003	0.000	11.201	17.039	27.650	206.000
17/12/2003	0.000	10.960	17.632	27.741	169.000
18/12/2003	8.542	9.734	17.709	26.254	177.000
19/12/2003	1.208	8.678	19.789	26.493	156.000
20/12/2003	10.947	8.923	19.365	26.459	223.000
21/12/2003	1.767	8.557	19.547	26.131	153.000
22/12/2003	12.508	9.265	19.135	26.674	185.000
23/12/2003	1.743	10.063	18.733	27.385	147.000
24/12/2003	5.232	10.566	18.445	27.791	182.000
25/12/2003	6.734	7.348	19.077	24.398	179.000
26/12/2003	22.623	8.998	18.785	26.103	480.000
27/12/2003	0.830	7.490	18.134	23.756	420.000
28/12/2003	0.000	7.333	17.974	23.474	264.000
29/12/2003	0.000	8.359	18.423	24.997	191.000
30/12/2003	0.000	9.847	16.442	25.426	162.000
31/12/2003	0.103	10.342	15.885	25.651	140.000
01/01/2004	0.000	11.141	16.375	27.013	132.000
02/01/2004	0.000	11.097	18.975	28.740	117.600
03/01/2004	0.000	10.794	18.497	28.010	106.600
04/01/2004	0.914	11.091	18.087	28.083	101.000
05/01/2004	22.975	8.215	18.959	25.246	151.300
06/01/2004	3.120	9.012	17.827	25.308	166.200
07/01/2004	0.143	8.548	18.901	25.526	180.100
08/01/2004	36.636	7.915	19.055	24.903	260.400
09/01/2004	0.771	8.549	18.406	25.131	258.700
10/01/2004	3.781	7.797	19.081	24.749	217.400
11/01/2004	0.000	8.416	19.227	25.568	264.900
12/01/2004	0.152	8.531	18.920	25.452	228.300
13/01/2004	7.755	9.444	18.714	26.369	193.800
14/01/2004	0.000	10.653	17.814	27.140	159.600
15/01/2004	0.000	10.532	16.648	26.172	141.000
16/01/2004	1.812	10.907	15.969	26.160	127.100
17/01/2004	0.000	10.514	16.449	25.961	115.800
18/01/2004	0.000	9.192	16.270	24.144	105.600
19/01/2004	0.081	11.149	15.890	26.328	95.490
20/01/2004	0.020	10.576	16.881	26.265	98.480
21/01/2004	4.020	7.087	19.233	23.933	152.500
22/01/2004	0.023	7.227	18.019	23.058	263.400
23/01/2004	0.080	8.809	16.779	23.946	209.800
24/01/2004	0.000	10.943	15.365	25.599	144.100
25/01/2004	2.970	10.802	16.503	26.142	230.400
26/01/2004	1.234	10.754	16.715	26.206	100.100
27/01/2004	0.000	10.429	17.199	26.144	90.190
28/01/2004	0.000	10.523	17.404	26.371	83.720
29/01/2004	0.000	11.781	16.430	27.230	72.390
30/01/2004	0.000	12.295	15.186	27.022	73.200
31/01/2004	0.000	11.941	16.289	27.272	62.260
01/02/2004	0.000	12.509	16.096	27.820	59.260
02/02/2004	0.000	12.545	16.807	28.305	61.870
03/02/2004	0.078	10.599	18.472	27.144	66.720
04/02/2004	1.007	11.711	17.773	27.887	61.300
05/02/2004	0.000	12.680	17.131	28.618	56.020
06/02/2004	0.000	14.346	14.654	29.009	52.600
07/02/2004	0.000	12.848	16.523	28.304	64.300
08/02/2004	0.222	11.145	18.019	27.250	50.890
09/02/2004	0.000	11.879	18.142	28.177	48.610
10/02/2004	0.000	13.100	17.619	29.241	46.910
11/02/2004	11.248	12.172	19.022	29.094	47.480
12/02/2004	4.316	12.372	18.589	29.029	64.300
13/02/2004	8.228	10.822	18.301	26.994	60.640
14/02/2004	0.097	11.862	18.188	28.054	51.460
15/02/2004	2.744	10.848	19.013	27.499	52.030
16/02/2004	0.000	12.360	18.355	28.727	47.480
17/02/2004	0.000	11.416	18.727	27.855	41.780
18/02/2004	5.355	12.160	19.041	28.885	61.030
19/02/2004	18.108	9.580	19.962	26.650	79.490
20/02/2004	6.570	8.952	18.725	25.036	123.100
21/02/2004	0.706	10.623	18.395	26.618	90.530
22/02/2004	4.487	9.535	18.112	25.156	63.490
23/02/2004	0.878	7.864	17.993	23.247	81.290
24/02/2004	10.210	10.518	18.086	26.185	90.420
25/02/2004	0.644	10.629	17.193	25.651	65.910
26/02/2004	1.145	12.509	17.068	27.709	60.250
27/02/2004	0.993	9.582	18.991	25.824	75.630
28/02/2004	1.493	10.492	18.029	26.094	64.300
29/02/2004	3.386	10.282	18.602	26.256	62.680
01/03/2004	8.456	10.595	19.712	27.385	71.010
02/03/2004	0.224	11.694	19.198	28.170	70.770
03/03/2004	10.374	11.797	19.512	28.490	130.300
04/03/2004	3.699	12.855	19.328	29.516	63.490
05/03/2004	20.547	11.852	19.984	28.839	96.000
06/03/2004	20.275	10.440	18.561	26.244	218.500
07/03/2004	0.125	8.806	19.891	25.558	130.200
08/03/2004	12.960	11.759	18.890	27.939	346.300
09/03/2004	1.282	11.026	19.163	27.360	168.400
10/03/2004	1.211	9.750	19.594	26.302	133.300
11/03/2004	1.534	10.271	19.699	26.890	111.200
12/03/2004	0.650	12.918	19.142	29.353	116.700
13/03/2004	0.612	13.379	18.372	29.323	88.910
14/03/2004	0.000	13.617	18.884	29.908	81.290
15/03/2004	0.000	12.027	19.812	28.811	69.960
16/03/2004	6.743	12.585	19.452	29.124	65.910
17/03/2004	0.000	10.775	18.810	26.727	55.600
18/03/2004	0.845	13.167	18.156	28.878	76.430
19/03/2004	6.666	11.375	20.041	28.267	111.100
20/03/2004	0.000	11.789	19.142	28.003	73.200
21/03/2004	16.483	10.873	19.737	27.493	116.400
22/03/2004	0.052	11.305	18.847	27.273	77.240
23/03/2004	4.553	11.773	19.270	28.058	54.310
24/03/2004	2.947	12.022	20.516	29.205	54.310
25/03/2004	20.828	9.727	20.584	26.881	64.680
26/03/2004	6.759	10.294	19.855	26.906	119.400
27/03/2004	28.289	11.720	18.811	27.653	148.600
28/03/2004	17.792	11.046	19.089	27.110	482.300
29/03/2004	0.000	10.557	18.640	26.251	240.800
30/03/2004	0.216	10.798	18.977	26.756	179.800
31/03/2004	0.000	12.649	18.164	28.166	115.800
01/04/2004	11.257	9.513	18.519	25.057	105.600
02/04/2004	1.707	8.146	19.121	24.163	144.800
03/04/2004	21.941	7.858	18.878	23.651	145.500
04/04/2004	0.000	10.258	18.731	26.036	194.900
05/04/2004	0.000	12.842	17.523	28.019	124.600
06/04/2004	1.708	12.177	19.371	28.541	95.490
07/04/2004	17.099	12.270	19.584	28.799	120.600
08/04/2004	36.217	11.691	19.672	28.262	166.100
09/04/2004	11.122	10.514	19.717	27.077	160.900
10/04/2004	8.048	9.806	19.285	26.022	144.400
11/04/2004	3.555	10.656	18.547	26.342	609.500
12/04/2004	1.250	11.205	19.283	27.417	214.100
13/04/2004	27.293	10.671	19.222	26.906	173.700
14/04/2004	22.663	7.029	20.291	24.105	362.100
15/04/2004	6.363	7.522	19.381	23.785	886.600
16/04/2004	0.120	8.683	17.933	23.823	500.600
17/04/2004	1.033	9.264	18.908	25.161	377.000
18/04/2004	16.592	9.410	18.414	24.993	345.400
19/04/2004	5.581	10.248	18.640	26.033	289.200
20/04/2004	29.253	9.413	19.251	25.637	258.100
21/04/2004	12.684	9.556	18.827	25.452	455.100
22/04/2004	15.401	7.374	19.654	23.894	454.800
23/04/2004	28.458	6.889	18.522	22.525	492.200
24/04/2004	2.467	10.597	17.863	25.852	361.300
25/04/2004	1.486	8.737	18.485	24.321	297.300
26/04/2004	0.062	11.426	16.270	25.686	286.500
27/04/2004	5.144	11.664	17.738	27.006	262.000
28/04/2004	21.816	10.047	18.750	26.000	343.300
29/04/2004	6.150	11.439	18.517	27.352	289.300
30/04/2004	28.387	10.913	18.956	27.105	266.100
01/05/2004	17.613	8.621	18.477	24.260	438.600
02/05/2004	12.954	10.719	19.166	27.023	308.200
03/05/2004	17.829	7.636	19.501	24.099	305.300
04/05/2004	14.182	8.871	18.346	24.452	455.700
05/05/2004	9.280	9.764	19.424	26.254	328.100
06/05/2004	13.096	10.532	19.350	27.047	558.200
07/05/2004	7.105	9.740	19.404	26.250	386.400
08/05/2004	13.781	10.197	20.203	27.342	821.800
09/05/2004	9.106	8.706	19.404	25.161	397.200
10/05/2004	1.483	9.970	19.683	26.711	281.200
11/05/2004	6.141	9.650	19.289	26.126	285.500
12/05/2004	8.997	8.375	20.217	25.507	292.500
13/05/2004	11.996	9.375	19.951	26.321	576.900
14/05/2004	0.576	9.429	20.180	26.581	263.800
15/05/2004	13.179	8.599	19.698	25.372	236.500
16/05/2004	1.045	10.375	17.801	25.850	201.700
17/05/2004	36.949	8.411	18.560	24.317	535.300
18/05/2004	5.818	9.001	18.852	25.160	277.400
19/05/2004	34.064	7.440	19.243	23.852	1177.000
20/05/2004	13.144	8.979	18.090	24.597	448.700
21/05/2004	9.460	10.549	17.654	25.978	650.900
22/05/2004	24.980	7.660	18.368	23.355	1022.000
23/05/2004	0.681	9.019	17.962	24.551	398.500
24/05/2004	6.840	7.998	18.624	23.942	605.000
25/05/2004	5.900	9.948	17.214	25.071	226.600
26/05/2004	3.834	9.814	17.547	25.170	281.100
27/05/2004	12.788	8.194	18.769	24.320	349.600
28/05/2004	3.487	9.378	17.401	24.583	275.800
29/05/2004	9.585	8.881	17.349	23.971	375.700
30/05/2004	11.585	10.373	17.375	25.717	360.000
31/05/2004	24.273	10.287	18.509	26.456	550.100
01/06/2004	8.998	9.271	18.224	25.102	301.300
02/06/2004	9.400	9.558	17.410	24.843	250.500
03/06/2004	0.128	10.244	18.185	26.195	218.000
04/06/2004	8.916	9.260	18.392	25.246	217.900
05/06/2004	15.330	8.852	18.215	24.657	596.500
06/06/2004	6.886	7.525	17.609	22.719	667.800
07/06/2004	0.000	11.259	16.908	26.522	295.000
08/06/2004	1.012	10.387	17.778	26.081	230.300
09/06/2004	7.366	8.890	18.388	24.868	256.200
10/06/2004	4.068	9.964	17.638	25.574	236.500
11/06/2004	0.000	10.355	17.448	25.929	165.800
12/06/2004	3.790	9.810	18.026	25.654	146.200
14/06/2004	0.455	9.690	18.680	26.007	113.900
15/06/2004	5.524	9.085	18.765	25.374	145.200
16/06/2004	0.163	10.677	17.741	26.424	114.800
17/06/2004	1.534	8.831	18.567	24.962	115.800
18/06/2004	0.306	11.055	17.773	26.933	101.000
19/06/2004	1.179	10.319	17.807	26.071	120.900
20/06/2004	5.529	8.628	18.637	24.794	101.900
21/06/2004	6.464	9.773	19.049	26.422	98.260
22/06/2004	0.000	10.538	18.089	26.570	86.150
23/06/2004	1.455	11.231	17.733	27.113	76.430
24/06/2004	0.726	10.636	17.496	26.215	72.390
25/06/2004	0.000	9.779	18.061	25.693	70.770
26/06/2004	0.000	10.986	17.705	26.820	65.100
27/06/2004	11.642	10.776	17.190	26.235	89.440
28/06/2004	0.728	9.118	18.190	25.003	72.390
29/06/2004	6.455	9.225	17.698	24.747	65.910
30/06/2004	0.430	9.262	18.138	25.132	61.870
01/07/2004	2.270	8.229	17.849	23.781	123.800
02/07/2004	7.876	10.259	18.182	26.283	141.500
03/07/2004	5.503	9.999	18.108	25.924	90.420
04/07/2004	15.366	8.067	18.618	24.163	98.260
05/07/2004	4.662	8.664	17.407	23.901	77.240
06/07/2004	0.000	9.337	17.305	24.589	65.100
07/07/2004	18.443	8.708	17.823	24.228	181.500
08/07/2004	13.569	8.953	17.073	23.911	325.200
09/07/2004	11.359	8.929	18.647	25.112	177.200
10/07/2004	17.273	10.301	18.054	26.160	112.100
11/07/2004	11.470	9.332	18.153	25.174	151.300
12/07/2004	10.519	8.811	18.634	24.969	179.700
13/07/2004	12.509	7.575	18.525	23.574	199.500
14/07/2004	1.498	7.776	18.378	23.661	144.100
15/07/2004	2.637	10.003	17.214	25.188	125.500
16/07/2004	7.815	9.363	17.272	24.497	129.700
17/07/2004	1.496	9.463	17.440	24.737	89.380
18/07/2004	2.434	9.538	17.821	25.094	92.370
19/07/2004	8.379	9.095	17.779	24.544	136.800
20/07/2004	6.205	9.527	18.751	25.757	138.900
21/07/2004	7.283	10.539	18.538	26.709	80.230
22/07/2004	9.420	8.273	18.247	23.961	117.200
23/07/2004	0.935	9.608	16.850	24.403	79.670
24/07/2004	5.332	9.192	17.366	24.339	94.440
25/07/2004	3.233	9.028	16.810	23.728	89.610
26/07/2004	4.544	9.903	17.727	25.347	93.630
27/07/2004	5.225	10.227	18.058	25.940	125.100
28/07/2004	1.414	8.940	17.109	23.789	124.100
29/07/2004	4.365	10.740	16.529	25.395	119.100
30/07/2004	3.177	10.910	17.305	26.140	97.340
31/07/2004	0.203	11.979	17.887	27.746	79.670
01/08/2004	6.687	13.033	16.304	27.900	75.630
02/08/2004	0.166	11.669	16.113	26.128	57.160
03/08/2004	1.813	9.840	17.233	24.804	55.450
04/08/2004	1.411	9.788	18.750	25.874	56.590
05/08/2004	4.306	10.762	18.045	26.403	66.720
06/08/2004	8.101	8.698	18.137	24.228	132.600
07/08/2004	0.000	10.215	18.438	26.073	74.840
08/08/2004	0.000	11.795	17.376	27.055	49.750
09/08/2004	0.000	11.705	16.847	26.571	45.200
10/08/2004	0.416	11.090	16.689	25.756	44.060
11/08/2004	0.746	9.780	18.294	25.459	54.940
12/08/2004	0.000	10.605	17.029	25.422	41.210
13/08/2004	0.059	10.827	17.010	25.663	38.930
14/08/2004	0.000	10.313	17.855	25.689	37.790
15/08/2004	0.000	11.169	18.188	26.866	36.650
16/08/2004	0.845	10.820	18.785	26.922	36.650
17/08/2004	3.754	10.610	19.090	26.878	36.230
18/08/2004	14.920	11.158	18.699	27.196	94.570
19/08/2004	3.177	10.740	19.010	26.968	50.320
20/08/2004	9.521	10.004	18.860	26.045	59.350
21/08/2004	2.607	10.437	17.783	25.754	55.450
22/08/2004	0.000	11.247	18.554	27.183	47.480
23/08/2004	0.000	12.543	17.602	27.924	41.210
24/08/2004	16.612	10.103	18.270	25.688	126.400
25/08/2004	6.884	10.597	18.305	26.262	89.220
26/08/2004	2.050	9.787	17.945	25.183	79.670
27/08/2004	9.064	10.609	17.541	25.767	63.160
28/08/2004	12.450	11.087	18.416	26.846	125.500
29/08/2004	14.228	9.956	18.433	25.640	108.400
30/08/2004	1.098	10.352	17.984	25.753	58.780
31/08/2004	2.363	10.130	18.564	25.933	112.200
01/09/2004	4.658	10.597	17.923	25.959	111.200
02/09/2004	0.000	13.273	17.045	28.356	57.640
03/09/2004	3.044	11.849	16.818	26.542	46.340
04/09/2004	10.429	9.200	19.164	25.395	39.500
05/09/2004	11.364	8.263	19.294	24.535	130.600
06/09/2004	22.872	9.879	16.891	24.410	75.630
07/09/2004	3.075	8.780	17.688	23.826	56.590
08/09/2004	20.049	8.878	17.577	23.782	386.800
09/09/2004	9.101	8.471	17.458	23.262	473.000
10/09/2004	12.372	8.543	18.251	24.004	182.000
11/09/2004	7.158	8.042	18.645	23.740	555.000
12/09/2004	0.103	10.031	18.051	25.362	285.300
13/09/2004	3.602	11.323	18.635	27.240	197.200
14/09/2004	13.626	9.009	18.374	24.564	349.000
15/09/2004	6.730	10.010	17.161	24.754	159.600
16/09/2004	4.624	12.479	16.174	26.850	149.300
17/09/2004	20.929	10.565	17.177	25.403	297.900
18/09/2004	2.192	11.222	17.663	26.509	147.200
19/09/2004	16.137	10.050	17.365	24.953	208.500
20/09/2004	1.971	8.436	18.480	24.089	172.400
21/09/2004	7.111	10.596	17.516	25.663	210.000
22/09/2004	0.266	10.867	17.301	25.833	171.400
23/09/2004	3.392	11.596	17.603	26.888	115.800
24/09/2004	13.136	9.980	18.562	25.778	194.900
25/09/2004	8.656	9.141	18.753	25.052	226.200
26/09/2004	0.425	10.349	17.869	25.749	158.700
27/09/2004	13.207	8.279	18.340	23.855	176.100
28/09/2004	5.974	10.893	17.025	25.734	176.800
29/09/2004	19.563	9.186	18.516	24.952	263.600
30/09/2004	7.004	10.102	18.356	25.847	262.500
01/10/2004	18.437	9.025	17.887	24.308	396.700
02/10/2004	0.171	11.072	17.897	26.610	211.400
03/10/2004	2.337	11.298	18.158	27.076	159.600
04/10/2004	27.909	8.245	19.387	24.701	598.000
05/10/2004	0.290	10.010	17.477	25.150	180.100
06/10/2004	21.318	9.716	19.360	26.228	401.500
07/10/2004	13.947	8.601	19.060	24.826	224.200
08/10/2004	8.575	6.841	18.890	22.897	327.500
09/10/2004	3.170	9.550	18.446	25.419	253.100
10/10/2004	4.942	9.917	18.353	25.773	194.900
11/10/2004	4.610	11.125	16.840	26.089	202.000
12/10/2004	12.129	8.465	18.846	24.635	253.300
13/10/2004	0.179	10.575	17.738	26.109	191.500
14/10/2004	2.999	9.575	18.855	25.894	284.500
15/10/2004	1.552	11.203	18.157	27.193	163.400
16/10/2004	9.901	10.836	17.552	26.368	175.600
17/10/2004	27.357	9.966	17.981	25.698	196.000
18/10/2004	9.243	9.789	17.118	24.911	180.800
19/10/2004	6.924	9.386	17.917	24.990	274.000
20/10/2004	18.738	8.948	18.033	24.618	477.400
21/10/2004	36.001	8.384	18.166	24.135	521.500
22/10/2004	6.045	8.353	18.799	24.574	396.100
23/10/2004	18.750	7.608	19.241	24.141	724.700
24/10/2004	1.277	9.744	18.378	25.833	521.900
25/10/2004	5.495	10.161	17.596	25.779	391.900
26/10/2004	4.166	9.629	18.169	25.594	330.700
27/10/2004	22.500	8.039	18.163	23.828	458.500
28/10/2004	8.629	9.915	17.263	25.307	408.000
29/10/2004	23.748	8.601	18.628	24.844	450.100
02/11/2004	18.747	9.729	18.824	26.355	410.600
03/11/2004	38.748	9.157	18.307	25.336	655.900
04/11/2004	14.852	10.079	18.140	26.346	461.600
05/11/2004	8.030	9.243	19.696	26.503	398.000
06/11/2004	33.057	7.497	19.513	24.494	744.900
07/11/2004	4.106	8.629	19.344	25.594	519.800
08/11/2004	28.381	8.848	19.356	25.866	1022.000
09/11/2004	24.686	7.540	19.456	24.551	794.800
10/11/2004	15.064	8.531	19.259	25.471	1040.000
11/11/2004	0.660	8.935	18.503	25.388	641.900
12/11/2004	0.000	6.853	19.029	23.515	590.100
13/11/2004	1.311	8.456	18.427	24.781	553.900
14/11/2004	2.579	8.414	18.295	24.642	707.600
15/11/2004	3.356	10.655	16.664	26.202	520.300
16/11/2004	3.829	9.821	17.881	26.076	391.900
17/11/2004	20.694	8.824	18.628	25.483	562.900
18/11/2004	29.327	7.733	19.297	24.762	530.900
19/11/2004	11.455	9.072	18.815	25.956	531.400
20/11/2004	1.489	9.920	18.212	26.525	272.600
21/11/2004	3.581	9.626	18.497	26.406	359.100
22/11/2004	20.954	11.438	17.735	28.137	414.700
23/11/2004	0.411	11.718	17.237	28.154	286.500
24/11/2004	22.110	9.160	17.910	25.478	377.500
25/11/2004	1.195	9.256	18.584	26.086	279.800
26/11/2004	26.315	9.172	17.645	25.297	624.500
27/11/2004	1.931	8.360	19.041	25.394	320.300
28/11/2004	0.693	9.232	18.147	25.756	270.400
29/11/2004	6.688	9.328	18.955	26.483	528.200
30/11/2004	0.000	10.119	17.592	26.468	283.800
01/12/2004	9.906	7.947	19.227	25.134	515.700
02/12/2004	29.971	7.581	18.673	24.247	483.200
03/12/2004	0.231	8.763	17.978	25.126	357.700
04/12/2004	0.000	9.528	18.381	26.369	258.900
05/12/2004	0.213	8.928	19.132	26.211	221.600
06/12/2004	20.603	11.060	17.666	27.783	293.300
07/12/2004	3.091	9.486	18.641	26.533	210.900
08/12/2004	15.175	9.653	18.897	26.943	266.800
09/12/2004	6.962	9.251	18.555	26.206	283.100
10/12/2004	0.000	9.883	17.608	26.295	260.100
11/12/2004	3.200	8.508	19.494	26.039	242.800
12/12/2004	14.038	8.867	19.156	26.179	622.600
13/12/2004	0.000	8.071	18.490	24.740	287.900
14/12/2004	0.000	9.460	17.901	25.999	278.400
15/12/2004	35.887	7.257	18.541	23.842	363.600
16/12/2004	0.393	8.887	18.108	25.426	289.900
17/12/2004	0.000	6.861	18.509	23.366	323.500
19/12/2004	0.230	9.804	17.895	26.443	226.700
20/12/2004	0.064	9.748	17.167	25.862	207.400
21/12/2004	0.000	9.623	17.900	26.238	190.400
22/12/2004	1.380	9.857	17.993	26.581	173.300
23/12/2004	0.302	9.860	17.808	26.436	166.800
24/12/2004	3.351	9.206	18.863	26.374	215.100
25/12/2004	0.611	9.637	17.501	25.924	283.300
26/12/2004	0.169	10.308	16.532	26.065	214.300
27/12/2004	0.000	10.845	15.109	25.812	200.600
28/12/2004	0.000	10.159	15.314	25.038	174.900
29/12/2004	0.000	10.199	16.597	25.942	150.300
30/12/2004	0.000	10.363	15.791	25.577	128.100
31/12/2004	0.000	10.662	16.900	26.756	118.500
01/01/2005	0.000	11.081	16.164	26.767	110.200
02/01/2005	0.000	11.102	16.350	26.919	112.100
03/01/2005	0.000	9.936	18.003	26.577	123.300
04/01/2005	0.000	10.101	17.061	26.080	114.200
05/01/2005	0.000	8.280	18.859	25.211	110.200
06/01/2005	0.827	8.883	18.323	25.501	112.100
07/01/2005	12.523	10.902	17.924	27.682	101.000
08/01/2005	3.761	9.874	18.900	27.073	127.500
09/01/2005	26.374	8.756	18.751	25.610	133.500
10/01/2005	3.569	10.934	16.833	26.885	176.100
11/01/2005	17.666	10.041	17.938	26.531	222.800
12/01/2005	1.324	10.294	18.493	27.227	176.800
13/01/2005	10.410	9.878	18.811	26.933	201.600
14/01/2005	18.111	9.274	18.076	25.677	246.400
15/01/2005	25.294	7.607	18.516	24.016	685.800
16/01/2005	0.000	8.456	19.821	25.968	258.700
17/01/2005	0.000	6.990	19.241	23.866	388.800
18/01/2005	0.000	8.195	17.914	24.180	385.900
19/01/2005	0.000	10.308	15.942	25.291	282.800
20/01/2005	0.000	9.914	15.653	24.593	239.000
21/01/2005	0.000	8.564	18.199	24.798	216.300
22/01/2005	0.000	9.674	16.712	24.987	196.000
23/01/2005	0.000	11.218	17.086	27.106	170.600
24/01/2005	0.000	9.501	16.996	24.923	164.700
25/01/2005	1.428	9.618	16.654	24.779	153.400
26/01/2005	0.000	10.195	16.724	25.606	127.400
27/01/2005	0.000	11.353	17.183	27.339	113.000
28/01/2005	0.177	10.763	17.951	27.121	220.000
29/01/2005	2.267	10.014	17.975	26.177	133.500
30/01/2005	24.026	9.401	18.140	25.539	236.100
31/01/2005	0.000	10.075	17.750	26.012	194.900
01/02/2005	0.000	9.625	18.228	25.808	140.000
02/02/2005	1.021	9.399	19.510	26.500	144.600
03/02/2005	1.355	8.695	19.824	25.924	148.200
04/02/2005	0.193	9.382	18.422	25.608	157.000
05/02/2005	8.656	7.960	19.430	24.812	116.700
06/02/2005	0.000	9.330	20.150	26.821	113.900
07/02/2005	0.140	9.915	19.452	26.911	136.200
08/02/2005	9.561	8.565	19.035	25.067	323.600
09/02/2005	5.612	7.315	19.786	24.331	547.600
10/02/2005	19.622	6.819	19.589	23.702	250.400
11/02/2005	49.164	7.423	18.549	23.446	543.000
13/02/2005	0.223	8.946	18.993	25.381	614.300
14/02/2005	0.000	10.589	18.759	27.054	390.700
15/02/2005	0.131	10.875	18.196	26.882	510.800
16/02/2005	0.634	10.376	18.435	26.451	308.700
17/02/2005	0.501	10.242	17.933	25.932	275.800
18/02/2005	0.000	10.889	17.798	26.565	237.700
19/02/2005	0.000	10.382	18.195	26.279	220.400
20/02/2005	1.185	10.136	19.241	26.718	248.800
21/02/2005	0.000	11.128	18.315	27.137	259.800
22/02/2005	0.045	11.063	19.320	27.766	194.900
23/02/2005	2.696	12.013	19.445	28.884	190.400
24/02/2005	0.250	10.638	19.721	27.577	185.800
25/02/2005	0.000	12.632	18.938	29.208	168.300
26/02/2005	0.000	10.650	19.420	27.285	149.300
27/02/2005	0.025	10.150	19.628	26.866	197.600
28/02/2005	0.483	9.882	19.667	26.610	202.500
01/03/2005	3.773	11.510	18.680	27.650	175.600
02/03/2005	0.000	9.808	19.765	26.558	329.600
03/03/2005	0.000	9.154	19.904	26.019	166.800
04/03/2005	0.618	9.397	19.269	25.733	226.700
05/03/2005	24.305	10.155	19.073	26.366	314.400
06/03/2005	0.238	10.146	19.044	26.385	280.700
07/03/2005	13.178	9.006	19.202	25.218	296.100
08/03/2005	0.000	10.898	19.517	27.451	224.100
09/03/2005	0.000	10.368	18.369	26.016	235.500
10/03/2005	0.000	11.024	18.369	26.744	190.400
11/03/2005	0.357	11.279	17.689	26.529	189.200
12/03/2005	0.000	11.932	18.666	27.955	190.400
13/03/2005	0.000	12.383	19.096	28.702	158.700
14/03/2005	0.000	11.709	19.068	27.971	131.800
15/03/2005	0.000	11.640	18.711	27.599	124.100
16/03/2005	0.746	12.380	17.983	27.875	142.700
17/03/2005	1.168	12.134	18.593	28.028	154.400
18/03/2005	6.420	10.396	18.398	25.972	172.600
19/03/2005	1.245	12.052	17.744	27.311	162.700
20/03/2005	22.066	11.193	18.436	26.862	279.900
21/03/2005	3.305	11.348	17.828	26.570	157.700
22/03/2005	0.000	12.263	17.472	27.334	143.100
23/03/2005	0.000	12.203	18.578	28.029	130.900
24/03/2005	30.491	9.172	19.343	25.365	132.300
25/03/2005	0.741	12.785	18.804	28.794	135.900
26/03/2005	1.264	11.036	19.459	27.411	121.800
27/03/2005	20.207	10.696	18.477	26.282	157.500
28/03/2005	0.000	11.405	18.599	27.142	158.200
29/03/2005	3.462	11.784	18.118	27.218	234.800
30/03/2005	2.058	10.484	18.985	26.426	202.200
31/03/2005	0.165	11.608	18.699	27.452	154.400
01/04/2005	8.954	11.405	18.102	26.782	328.200
02/04/2005	1.537	10.346	18.794	26.183	171.000
03/04/2005	20.729	8.922	19.176	24.968	193.700
04/04/2005	0.015	11.788	19.137	27.961	206.300
05/04/2005	6.493	11.200	20.520	28.376	215.200
06/04/2005	8.270	9.317	19.667	25.772	179.500
07/04/2005	3.113	10.928	19.144	27.049	165.900
08/04/2005	15.796	11.442	19.406	27.776	205.100
09/04/2005	20.977	9.644	20.413	26.685	447.200
10/04/2005	16.185	10.454	19.658	26.922	463.900
11/04/2005	14.280	8.807	19.959	25.478	479.000
12/04/2005	9.333	8.514	19.047	24.488	519.400
13/04/2005	3.422	11.438	19.398	27.810	427.100
14/04/2005	5.004	10.974	20.038	27.797	225.300
15/04/2005	9.174	8.661	20.382	25.692	317.500
16/04/2005	1.595	11.184	18.783	27.118	189.300
17/04/2005	11.725	7.702	20.340	24.765	267.700
18/04/2005	3.255	11.431	18.528	27.230	176.100
19/04/2005	8.978	11.771	19.641	28.391	180.900
20/04/2005	33.411	7.509	20.615	24.804	341.800
21/04/2005	9.844	8.745	20.374	25.846	216.200
22/04/2005	19.299	8.800	19.624	25.298	261.000
23/04/2005	1.690	8.981	19.565	25.417	236.500
24/04/2005	9.421	7.822	18.522	23.480	589.700
25/04/2005	8.337	10.292	18.863	26.275	324.600
27/04/2005	3.082	9.479	19.852	26.211	214.900
28/04/2005	4.333	10.306	19.714	26.962	207.900
29/04/2005	14.347	8.898	20.148	25.862	192.200
30/04/2005	11.097	11.604	18.344	27.397	221.600
01/05/2005	14.810	11.489	18.791	27.592	413.100
02/05/2005	25.815	9.490	19.629	26.078	309.200
03/05/2005	25.396	8.244	19.259	24.522	700.800
04/05/2005	8.133	9.828	18.022	25.256	603.300
05/05/2005	3.938	10.100	18.801	26.164	349.000
06/05/2005	12.268	9.303	18.988	25.462	398.900
07/05/2005	5.257	11.736	18.016	27.413	309.600
08/05/2005	11.821	11.856	18.763	28.064	417.300
09/05/2005	13.947	10.488	19.209	26.945	451.600
10/05/2005	8.927	10.465	19.147	26.855	540.600
11/05/2005	0.000	10.394	20.016	27.420	279.800
12/05/2005	6.403	10.736	20.669	28.312	283.900
13/05/2005	0.476	10.932	19.754	27.875	220.300
14/05/2005	25.170	9.912	19.108	26.259	216.600
15/05/2005	19.112	8.943	18.900	25.093	652.300
16/05/2005	9.010	8.933	18.997	25.209	432.000
17/05/2005	23.748	6.738	19.456	23.362	332.100
18/05/2005	5.808	10.063	18.337	25.891	488.100
19/05/2005	14.251	7.717	18.746	23.670	876.000
20/05/2005	1.428	10.535	19.397	27.246	321.400
21/05/2005	8.776	10.304	19.458	27.067	234.900
22/05/2005	5.041	10.820	18.126	26.666	375.200
23/05/2005	18.987	7.191	19.410	23.778	592.200
24/05/2005	2.591	9.982	18.054	25.677	360.200
25/05/2005	11.380	10.138	19.379	26.850	540.200
26/05/2005	3.528	9.905	18.689	26.135	128.700
27/05/2005	5.179	10.730	18.571	26.964	334.800
28/05/2005	3.639	10.851	18.328	26.952	281.200
29/05/2005	0.000	11.890	18.086	27.969	237.700
30/05/2005	4.801	10.700	18.387	26.807	202.900
31/05/2005	17.377	10.899	19.414	27.789	266.500
01/06/2005	13.386	9.233	19.362	25.923	340.000
02/06/2005	6.649	9.589	18.134	25.419	278.500
03/06/2005	8.925	9.767	19.110	26.334	356.300
04/06/2005	3.696	9.608	19.208	26.251	278.400
05/06/2005	17.268	9.394	19.263	26.061	511.100
06/06/2005	12.293	9.350	18.331	25.312	414.100
07/06/2005	7.758	9.351	18.230	25.250	672.700
08/06/2005	6.958	9.717	18.410	25.802	326.600
09/06/2005	8.280	8.606	19.468	25.374	356.900
10/06/2005	10.260	9.814	18.703	26.132	405.100
11/06/2005	5.693	8.486	18.702	24.666	341.500
12/06/2005	3.804	9.824	18.714	26.170	472.500
13/06/2005	0.000	11.267	17.884	27.215	232.700
14/06/2005	9.119	10.527	18.483	26.820	207.400
15/06/2005	3.774	8.692	18.948	25.173	267.500
16/06/2005	1.849	11.532	18.765	28.195	201.200
17/06/2005	5.704	10.408	20.281	28.029	246.100
18/06/2005	3.256	10.049	18.866	26.612	211.100
19/06/2005	4.821	9.749	19.020	26.372	160.600
20/06/2005	3.572	8.705	18.949	25.174	146.200
21/06/2005	0.000	11.130	17.538	26.844	179.200
22/06/2005	4.143	9.041	19.698	26.070	138.500
23/06/2005	9.070	10.170	17.850	25.990	240.600
24/06/2005	1.683	11.291	17.814	27.243	174.200
25/06/2005	3.554	10.891	18.494	27.254	256.100
26/06/2005	0.530	10.132	18.161	26.147	134.800
27/06/2005	0.251	10.548	18.879	27.157	97.340
28/06/2005	13.233	9.928	19.078	26.610	152.400
29/06/2005	5.736	7.994	18.455	23.980	189.500
30/06/2005	5.365	8.441	17.776	23.936	203.000
01/07/2005	0.000	10.257	17.872	26.041	112.100
02/07/2005	1.277	10.418	18.124	26.430	112.100
03/07/2005	9.473	11.307	17.717	27.150	138.700
04/07/2005	1.561	11.975	17.161	27.574	193.500
05/07/2005	18.659	10.972	18.177	27.068	282.800
07/07/2005	5.543	10.703	18.772	27.189	416.200
08/07/2005	1.449	11.569	18.741	28.144	155.500
09/07/2005	0.908	11.008	18.924	27.606	147.200
16/07/2005	2.269	8.538	18.717	24.702	145.200
17/07/2005	4.604	10.717	18.227	26.759	395.400
18/07/2005	0.451	10.785	18.799	27.238	158.600
19/07/2005	15.687	8.471	19.567	25.217	263.900
20/07/2005	3.910	10.298	18.629	26.507	142.100
25/07/2005	6.670	11.327	19.618	28.330	156.500
26/07/2005	0.159	11.838	19.522	28.817	105.500
27/07/2005	0.000	11.225	19.703	28.246	79.940
28/07/2005	0.905	11.269	19.719	28.286	72.520
29/07/2005	0.467	11.192	19.523	28.051	67.200
30/07/2005	0.048	11.265	19.071	27.789	63.690
31/07/2005	8.395	10.806	18.869	27.132	102.500
01/08/2005	3.114	10.893	18.792	27.188	99.740
02/08/2005	5.444	11.594	18.094	27.449	92.720
03/08/2005	1.600	11.988	18.176	27.929	70.770
04/08/2005	4.053	11.142	18.408	27.118	115.100
05/08/2005	1.274	10.182	18.920	26.424	93.690
06/08/2005	1.265	11.220	18.666	27.384	79.500
07/08/2005	1.762	11.580	17.823	27.193	63.080
08/08/2005	4.540	11.477	19.366	28.138	79.250
09/08/2005	11.431	10.841	19.635	27.624	108.300
10/08/2005	0.240	10.682	18.808	26.831	63.340
11/08/2005	4.751	10.631	18.705	26.701	58.520
12/08/2005	1.915	11.737	18.475	27.746	56.020
13/08/2005	2.752	10.520	18.906	26.715	54.500
14/08/2005	11.035	8.143	18.605	23.946	118.600
15/08/2005	11.127	9.126	18.435	24.830	91.800
16/08/2005	11.326	9.923	18.961	26.081	93.150
17/08/2005	6.826	8.796	18.971	24.900	77.990
18/08/2005	0.133	11.070	15.804	25.084	62.300
19/08/2005	0.618	10.618	17.618	25.811	60.960
20/08/2005	0.000	11.404	18.390	27.250	56.660
21/08/2005	8.425	10.382	18.394	26.113	50.040
22/08/2005	12.871	8.255	18.465	23.930	101.600
23/08/2005	7.131	11.226	17.698	26.531	114.400
24/08/2005	5.716	8.817	18.603	24.578	99.230
25/08/2005	0.946	9.504	17.850	24.765	99.060
26/08/2005	0.944	10.564	16.773	25.108	70.100
27/08/2005	3.476	11.202	15.904	25.222	74.230
28/08/2005	0.993	9.289	17.247	24.017	94.860
29/08/2005	0.517	10.778	17.016	25.532	66.180
30/08/2005	19.248	11.628	17.036	26.487	71.720
31/08/2005	6.831	10.608	18.089	26.129	88.110
01/09/2005	7.965	11.297	17.760	26.666	111.500
02/09/2005	1.813	10.077	18.029	25.453	79.540
03/09/2005	3.325	10.958	17.305	25.901	65.640
04/09/2005	10.204	12.256	17.574	27.517	80.830
05/09/2005	1.966	10.634	19.110	26.844	89.920
06/09/2005	3.539	9.761	19.147	25.940	106.300
07/09/2005	6.378	10.140	18.785	26.061	188.900
08/09/2005	1.493	11.539	18.945	27.714	116.500
09/09/2005	2.792	11.413	17.754	26.728	74.750
10/09/2005	3.897	11.167	18.705	27.135	73.330
11/09/2005	7.117	10.268	19.009	26.403	62.490
12/09/2005	1.407	8.822	18.682	24.651	96.430
13/09/2005	1.883	10.000	17.365	24.916	62.090
14/09/2005	1.757	10.975	17.773	26.228	61.180
15/09/2005	12.033	10.461	18.581	26.270	105.100
16/09/2005	0.996	10.783	19.031	26.951	89.600
17/09/2005	0.000	11.297	18.917	27.433	57.460
18/09/2005	0.000	11.211	18.337	26.945	48.140
19/09/2005	7.297	10.152	19.951	26.987	45.200
20/09/2005	3.654	10.504	18.670	26.395	69.140
21/09/2005	10.345	9.172	18.176	24.644	96.610
22/09/2005	6.261	9.732	17.711	24.830	59.420
23/09/2005	4.940	9.018	18.263	24.544	190.300
24/09/2005	9.220	9.754	17.701	24.938	163.200
25/09/2005	20.671	10.765	17.852	26.103	128.300
26/09/2005	19.923	9.916	17.362	24.823	155.900
27/09/2005	3.556	9.647	18.154	25.148	268.500
28/09/2005	33.244	10.209	18.042	25.673	258.200
29/09/2005	3.769	9.648	17.169	24.433	228.000
30/09/2005	5.593	11.308	17.778	26.746	151.300
01/10/2005	30.168	9.711	18.529	25.512	341.900
02/10/2005	9.101	11.058	16.266	25.451	345.000
03/10/2005	3.439	10.326	17.542	25.510	190.900
04/10/2005	12.741	10.077	17.638	25.304	363.300
05/10/2005	0.320	11.055	16.791	25.847	145.900
06/10/2005	13.233	10.113	18.100	25.711	306.000
07/10/2005	15.731	10.135	17.907	25.625	272.800
08/10/2005	0.000	11.477	16.157	25.936	158.400
09/10/2005	18.447	7.497	17.702	22.589	239.700
10/10/2005	3.532	10.465	18.156	26.183	202.400
11/10/2005	11.254	10.399	17.875	25.911	391.700
12/10/2005	9.533	9.944	18.080	25.644	313.400
13/10/2005	13.763	9.496	18.356	25.328	213.200
14/10/2005	7.313	9.949	17.517	25.241	403.800
15/10/2005	1.896	8.304	17.407	23.352	289.900
16/10/2005	0.140	9.110	18.500	25.044	257.500
17/10/2005	3.811	10.225	17.888	25.869	239.800
18/10/2005	25.193	10.031	18.115	25.858	351.900
19/10/2005	1.101	10.655	17.337	26.036	197.800
20/10/2005	5.669	10.244	17.215	25.500	247.300
21/10/2005	5.119	10.463	17.711	26.132	309.200
22/10/2005	35.968	8.546	18.392	24.451	498.100
23/10/2005	14.602	7.937	19.275	24.512	450.600
24/10/2005	11.537	7.232	18.147	22.887	647.400
25/10/2005	0.318	7.048	18.610	23.086	502.000
26/10/2005	20.971	10.273	16.315	25.010	410.900
27/10/2005	2.811	9.473	18.023	25.362	324.500
28/10/2005	22.882	8.049	17.645	23.494	941.000
29/10/2005	11.746	8.301	18.116	24.128	719.300
31/10/2005	1.252	9.338	18.657	25.731	548.400
01/11/2005	21.174	9.097	18.542	25.430	533.600
02/11/2005	27.461	10.283	18.493	26.737	678.300
03/11/2005	1.443	9.378	17.993	25.372	414.600
04/11/2005	28.429	9.687	18.350	25.974	521.900
05/11/2005	0.954	9.104	18.833	25.737	355.600
06/11/2005	4.401	9.769	18.314	26.089	305.000
07/11/2005	25.942	10.318	18.471	26.882	404.600
08/11/2005	3.394	10.097	17.567	25.993	310.200
09/11/2005	30.994	8.493	18.520	24.821	374.600
10/11/2005	9.818	8.079	19.103	24.847	360.000
11/11/2005	28.650	6.708	18.911	23.217	366.200
12/11/2005	6.132	8.569	18.288	24.792	346.600
13/11/2005	19.098	6.957	19.314	23.823	787.300
14/11/2005	0.298	10.938	17.542	27.102	437.800
16/11/2005	21.297	9.611	17.600	25.606	804.300
17/11/2005	0.000	9.684	17.449	25.599	417.200
18/11/2005	0.000	9.632	18.124	26.048	328.800
19/11/2005	0.139	8.621	18.603	25.208	331.500
20/11/2005	0.234	10.068	17.670	26.294	338.600
21/11/2005	9.218	8.824	18.000	25.062	292.600
22/11/2005	24.367	8.757	18.110	25.084	299.200
23/11/2005	1.000	8.311	17.660	24.222	304.400
24/11/2005	7.614	7.094	19.022	23.904	432.400
25/11/2005	1.658	9.502	17.477	25.512	354.100
26/11/2005	0.000	8.818	18.411	25.390	375.600
27/11/2005	0.000	9.683	17.467	25.763	355.300
28/11/2005	0.000	11.681	15.932	27.250	263.100
29/11/2005	0.000	10.682	15.487	25.702	227.300
30/11/2005	0.000	10.123	16.424	25.612	204.900
01/12/2005	0.000	9.773	16.794	25.469	194.100
02/12/2005	0.000	9.034	16.917	24.628	183.800
03/12/2005	0.000	9.148	18.294	25.810	172.500
04/12/2005	4.578	8.254	19.346	25.574	216.100
05/12/2005	11.810	8.364	18.025	24.648	435.800
06/12/2005	4.541	7.896	17.656	23.846	442.000
07/12/2005	0.278	9.249	16.875	24.959	258.900
08/12/2005	0.043	8.712	18.567	25.517	234.700
09/12/2005	0.000	10.031	17.670	26.541	238.800
10/12/2005	0.000	9.174	18.734	26.304	184.900
11/12/2005	1.987	10.107	17.536	26.562	173.200
12/12/2005	35.257	8.675	18.042	25.141	202.100
13/12/2005	11.906	9.668	17.717	26.151	330.900
14/12/2005	1.638	9.072	18.237	25.743	276.000
15/12/2005	16.693	9.344	17.202	25.347	443.100
16/12/2005	0.000	9.194	17.789	25.567	275.000
17/12/2005	0.000	9.340	17.576	25.605	229.700
18/12/2005	0.000	9.906	17.279	26.118	212.800
19/12/2005	0.456	9.916	15.776	25.054	355.100
20/12/2005	0.169	8.828	17.801	25.150	485.700
21/12/2005	0.000	8.582	17.759	24.802	254.700
22/12/2005	52.272	8.081	17.888	24.342	386.500
23/12/2005	0.235	7.774	18.510	24.430	307.700
24/12/2005	0.988	8.388	18.413	25.080	228.900
25/12/2005	4.701	8.418	17.105	24.153	438.700
26/12/2005	1.073	8.957	17.846	25.346	368.200
27/12/2005	0.000	10.025	17.257	26.203	227.200
28/12/2005	0.127	10.569	16.414	26.308	193.300
29/12/2005	0.000	10.107	15.782	25.263	199.300
30/12/2005	0.000	9.616	16.122	24.876	170.700
31/12/2005	0.000	11.151	15.535	26.426	149.500
01/01/2006	0.000	9.704	16.174	24.980	80.030
02/01/2006	0.000	10.463	16.153	25.932	73.960
03/01/2006	1.470	9.863	16.487	25.390	75.830
04/01/2006	0.000	7.629	17.731	23.541	192.500
05/01/2006	0.000	6.072	18.026	21.987	199.700
06/01/2006	0.000	8.824	16.472	24.058	236.400
07/01/2006	0.000	7.688	17.328	23.279	313.200
08/01/2006	0.000	9.163	17.624	25.256	296.100
09/01/2006	0.000	9.780	16.754	25.404	176.300
10/01/2006	16.905	9.096	18.078	25.509	165.100
11/01/2006	3.106	8.445	18.952	25.352	151.400
12/01/2006	0.000	9.524	17.122	25.305	134.100
13/01/2006	6.344	10.405	17.821	26.863	172.000
14/01/2006	0.251	11.187	16.571	26.968	121.100
15/01/2006	16.230	8.499	17.387	24.276	237.300
16/01/2006	0.000	9.265	18.157	25.673	154.200
17/01/2006	0.000	9.771	17.946	26.094	121.000
18/01/2006	6.867	9.168	17.424	24.981	357.300
19/01/2006	0.000	9.518	17.042	25.090	132.100
20/01/2006	0.000	9.891	15.929	24.727	88.730
21/01/2006	0.000	10.415	16.962	26.103	74.160
22/01/2006	0.000	10.576	17.266	26.515	64.720
23/01/2006	1.740	8.305	18.916	25.006	84.230
24/01/2006	16.996	9.412	18.045	25.589	148.800
25/01/2006	10.568	9.851	18.875	26.714	79.350
26/01/2006	0.000	8.148	20.124	25.706	63.650
27/01/2006	32.480	7.098	19.558	24.112	70.030
28/01/2006	2.548	10.249	18.344	26.706	89.620
29/01/2006	15.219	9.117	18.097	25.186	93.440
30/01/2006	10.521	10.299	17.991	26.475	83.760
31/01/2006	8.399	9.429	18.401	25.747	76.650
01/02/2006	16.604	8.675	18.334	24.799	197.100
02/02/2006	0.285	8.997	17.484	24.488	90.770
03/02/2006	15.584	7.873	19.142	24.548	151.800
04/02/2006	24.415	7.561	18.478	23.651	384.000
05/02/2006	4.808	7.795	17.898	23.394	429.900
06/02/2006	3.762	9.340	17.552	24.865	194.500
07/02/2006	0.000	9.711	17.850	25.459	164.200
08/02/2006	0.000	10.335	16.907	25.519	134.100
09/02/2006	0.000	9.455	17.355	24.782	115.700
10/02/2006	0.000	9.251	18.349	25.312	90.640
11/02/2006	0.000	11.200	17.776	27.093	76.740
12/02/2006	0.000	10.493	17.257	25.850	69.310
13/02/2006	1.787	9.127	17.750	24.606	92.610
14/02/2006	0.000	8.695	18.289	24.519	632.900
15/02/2006	0.000	11.193	16.821	26.297	159.800
16/02/2006	0.000	10.499	17.314	25.815	87.380
17/02/2006	11.692	9.373	18.451	25.339	305.800
18/02/2006	0.247	10.061	18.132	25.843	141.300
19/02/2006	9.877	9.602	18.632	25.677	133.300
20/02/2006	0.000	10.354	17.061	25.333	97.750
21/02/2006	0.000	10.540	18.446	26.513	73.760
22/02/2006	3.569	11.266	17.044	26.384	88.970
23/02/2006	0.000	11.444	16.898	26.471	66.580
24/02/2006	0.064	11.095	17.997	26.807	56.200
25/02/2006	0.000	10.574	17.885	26.096	49.430
26/02/2006	1.275	10.328	18.680	26.416	59.400
27/02/2006	30.648	7.833	17.179	22.529	172.600
28/02/2006	0.488	10.227	18.058	25.773	90.990
01/03/2006	0.000	11.745	18.190	27.539	64.190
02/03/2006	14.296	11.349	18.821	27.542	85.140
03/03/2006	1.031	10.603	18.390	26.387	89.090
04/03/2006	2.032	9.790	18.782	25.779	121.000
05/03/2006	1.918	9.323	18.940	25.408	134.100
06/03/2006	20.777	8.709	19.507	25.147	260.600
07/03/2006	26.677	7.709	18.781	23.548	800.000
08/03/2006	8.005	8.468	18.561	24.169	404.300
09/03/2006	11.989	7.955	18.890	23.865	413.200
10/03/2006	11.084	10.216	18.783	26.135	329.000
11/03/2006	1.393	11.255	17.222	26.132	260.300
12/03/2006	15.978	11.926	16.522	26.413	336.600
13/03/2006	2.059	11.057	17.247	25.906	259.700
14/03/2006	0.000	11.004	18.179	26.485	188.200
15/03/2006	10.454	9.585	18.981	25.555	346.800
16/03/2006	0.320	8.990	18.971	24.927	199.300
17/03/2006	19.558	9.322	19.038	25.333	196.100
18/03/2006	9.076	9.279	18.093	24.576	184.600
19/03/2006	0.909	10.353	18.246	25.814	198.100
20/03/2006	7.592	9.537	18.535	25.147	248.000
21/03/2006	9.962	11.549	18.600	27.324	231.700
22/03/2006	14.711	9.741	18.708	25.481	325.900
23/03/2006	15.920	10.228	17.932	25.400	248.500
24/03/2006	11.180	8.935	18.996	24.850	312.200
25/03/2006	17.974	8.466	18.535	24.044	695.700
26/03/2006	8.742	9.295	18.093	24.528	491.700
27/03/2006	0.758	9.865	17.730	24.879	267.900
28/03/2006	12.917	10.876	18.597	26.562	368.000
29/03/2006	0.000	11.326	18.406	26.920	227.000
30/03/2006	16.928	11.943	18.192	27.451	346.900
31/03/2006	5.559	9.651	18.890	25.516	278.800
01/04/2006	2.377	10.380	18.994	26.344	271.700
02/04/2006	25.941	9.948	19.365	26.147	493.300
03/04/2006	0.000	10.448	17.536	25.372	276.900
04/04/2006	36.636	7.948	18.853	23.775	381.200
05/04/2006	15.711	5.963	19.275	22.251	1190.000
06/04/2006	7.368	10.372	18.406	25.901	437.000
07/04/2006	0.558	8.789	19.012	24.711	367.100
08/04/2006	6.866	11.004	18.326	26.535	297.900
09/04/2006	19.580	11.443	17.674	26.573	357.400
10/04/2006	15.117	10.808	17.922	26.049	416.300
11/04/2006	13.923	9.882	18.984	25.814	238.200
12/04/2006	31.307	6.804	18.749	22.587	620.400
13/04/2006	6.553	7.828	18.270	23.188	812.600
14/04/2006	18.981	7.549	18.317	22.910	2268.000
15/04/2006	2.780	10.365	17.876	25.535	928.000
16/04/2006	0.395	9.968	18.760	25.811	503.400
02/09/2006	0.000	10.945	18.129	26.501	89.520
03/09/2006	5.129	10.063	18.411	25.743	79.420
04/09/2006	7.421	9.622	18.612	25.432	153.400
05/09/2006	2.100	10.843	18.012	26.270	84.850
06/09/2006	8.852	10.639	18.843	26.629	223.500
07/09/2006	10.384	8.506	19.363	24.805	195.100
08/09/2006	3.985	9.935	18.390	25.554	117.700
09/09/2006	11.557	10.859	17.545	25.955	112.600
10/09/2006	1.635	12.043	17.188	27.093	78.340
11/09/2006	3.360	10.025	17.929	25.326	71.970
12/09/2006	5.580	10.960	18.504	26.805	122.800
13/09/2006	17.727	9.081	18.544	24.737	117.100
14/09/2006	1.414	11.314	17.763	26.621	102.000
15/09/2006	6.117	9.372	18.061	24.749	153.500
16/09/2006	9.731	9.467	18.320	25.064	123.200
17/09/2006	0.138	9.265	17.690	24.346	113.800
18/09/2006	3.393	8.847	17.821	24.012	81.210
19/09/2006	5.978	9.856	18.390	25.493	97.160
20/09/2006	5.036	11.670	17.839	27.142	152.600
21/09/2006	7.785	11.746	16.890	26.584	141.400
22/09/2006	3.308	11.148	17.916	26.615	131.300
23/09/2006	3.569	11.552	18.719	27.622	114.900
24/09/2006	24.712	11.093	18.807	27.166	241.500
25/09/2006	0.077	10.447	18.654	26.398	122.300
26/09/2006	5.479	11.904	17.586	27.240	98.410
27/09/2006	0.042	13.375	17.448	28.876	73.460
28/09/2006	2.814	11.929	18.110	27.672	65.720
29/09/2006	2.005	10.258	18.545	26.180	61.060
30/09/2006	7.172	10.636	18.602	26.628	75.230
01/10/2006	10.954	11.139	17.474	26.331	99.800
02/10/2006	13.753	9.783	19.201	26.099	160.300
03/10/2006	7.892	8.073	19.340	24.528	161.100
04/10/2006	14.390	8.720	18.677	24.626	157.700
05/10/2006	0.035	10.159	18.881	26.342	109.900
06/10/2006	0.000	10.618	19.328	27.253	77.090
07/10/2006	1.936	9.470	19.247	25.977	61.490
08/10/2006	27.587	11.028	17.969	26.754	55.640
09/10/2006	11.848	9.613	17.224	24.592	77.360
10/10/2006	11.020	10.715	18.695	26.872	102.300
11/10/2006	22.670	8.111	19.397	24.654	519.300
12/10/2006	3.300	9.034	18.305	24.795	224.300
13/10/2006	39.356	7.841	18.606	23.747	936.900
14/10/2006	4.195	9.332	18.010	24.903	492.500
15/10/2006	3.547	8.603	18.631	24.599	300.400
16/10/2006	4.136	8.972	17.863	24.432	295.900
17/10/2006	13.192	7.037	18.629	22.968	857.300
18/10/2006	3.516	10.600	18.443	26.696	326.100
19/10/2006	3.393	9.241	17.961	24.887	231.300
20/10/2006	1.184	9.828	17.453	25.166	170.900
21/10/2006	1.477	10.978	17.381	26.443	160.700
22/10/2006	4.990	9.031	18.410	25.006	266.600
23/10/2006	20.615	7.628	18.416	23.551	490.000
24/10/2006	12.780	10.965	17.593	26.705	212.200
25/10/2006	7.986	10.916	17.949	26.897	167.200
26/10/2006	7.259	8.157	19.094	24.738	431.400
27/10/2006	3.957	10.161	18.526	26.499	218.000
28/10/2006	33.320	9.635	18.901	26.177	400.600
29/10/2006	11.702	9.786	18.378	26.044	445.700
30/10/2006	19.343	8.089	18.871	24.493	418.100
31/10/2006	8.799	9.586	18.635	25.990	799.700
01/11/2006	0.000	9.011	18.318	25.121	417.600
02/11/2006	0.000	10.076	17.951	26.083	354.200
03/11/2006	0.000	9.628	18.907	26.330	261.600
04/11/2006	0.000	10.877	17.757	26.985	261.700
05/11/2006	26.948	10.221	18.049	26.423	190.700
06/11/2006	16.704	8.624	18.859	25.195	363.400
07/11/2006	7.857	8.976	17.978	24.945	394.700
08/11/2006	20.418	7.430	18.730	23.778	387.100
09/11/2006	5.570	8.126	18.054	24.068	503.100
10/11/2006	8.256	9.037	18.295	25.297	377.100
11/11/2006	9.427	10.353	18.371	26.968	458.800
12/11/2006	16.865	8.578	17.990	24.547	471.800
13/11/2006	19.866	7.931	18.257	24.073	375.900
14/11/2006	33.087	6.347	19.096	23.017	702.300
15/11/2006	6.541	5.836	19.154	22.551	743.800
16/11/2006	13.426	8.738	18.047	24.887	1182.000
17/11/2006	9.867	8.696	17.844	24.664	512.400
18/11/2006	15.201	9.391	17.756	25.472	512.400
19/11/2006	1.888	8.273	17.913	24.282	385.900
20/11/2006	22.091	9.075	18.914	25.987	473.100
21/11/2006	27.869	8.381	18.669	25.007	593.000
22/11/2006	0.117	8.358	19.007	25.272	413.300
23/11/2006	5.675	9.290	17.814	25.532	415.900
24/11/2006	7.663	7.113	18.882	23.831	411.300
25/11/2006	16.961	8.715	17.725	24.785	747.500
26/11/2006	21.232	8.943	17.842	25.163	317.500
27/11/2006	0.000	9.161	18.259	25.754	541.600
28/11/2006	29.058	9.648	17.374	25.718	551.400
29/11/2006	6.161	7.974	18.712	24.714	388.900
30/11/2006	0.668	9.934	18.013	26.568	372.200
01/12/2006	0.000	10.900	17.166	27.156	283.000
02/12/2006	14.676	9.257	18.407	26.038	352.100
03/12/2006	11.477	10.010	17.776	26.533	385.500
04/12/2006	0.000	9.548	17.833	25.988	257.200
05/12/2006	16.123	7.629	19.673	25.100	422.200
06/12/2006	4.839	8.205	19.401	25.560	544.600
07/12/2006	10.139	8.217	18.789	25.093	391.800
08/12/2006	7.727	8.353	18.913	25.371	339.000
10/12/2006	0.544	9.090	18.145	25.690	393.100
11/12/2006	16.584	8.850	18.103	25.403	367.300
13/12/2006	0.000	7.443	18.760	24.237	630.200
14/12/2006	0.290	8.060	17.765	24.160	532.100
15/12/2006	0.000	9.342	17.382	25.448	362.600
16/12/2006	0.000	7.531	18.783	24.433	317.500
17/12/2006	0.047	9.094	18.265	25.836	298.100
18/12/2006	1.679	8.616	18.307	25.305	338.200
19/12/2006	5.146	8.619	18.938	25.747	307.200
20/12/2006	21.895	7.737	18.378	24.315	260.800
21/12/2006	0.504	8.960	17.794	25.311	198.300
22/12/2006	1.235	9.031	18.093	25.635	196.100
23/12/2006	12.431	8.405	18.692	25.331	180.600
24/12/2006	1.800	9.593	18.510	26.605	154.700
25/12/2006	10.442	8.747	18.597	25.663	161.700
26/12/2006	11.053	8.719	18.198	25.279	181.200
27/12/2006	15.827	8.005	18.214	24.446	271.500
28/12/2006	0.038	9.444	17.523	25.685	155.900
29/12/2006	0.000	9.919	18.353	26.887	141.900
30/12/2006	0.000	10.776	17.926	27.642	113.500
31/12/2006	3.279	10.357	17.942	27.160	128.000
01/01/2007	3.232	9.930	18.068	26.664	127.200
02/01/2007	11.649	10.265	17.522	26.701	108.600
03/01/2007	0.000	10.889	17.419	27.403	99.730
04/01/2007	0.564	10.124	17.696	26.648	82.550
05/01/2007	0.000	10.796	17.182	27.058	115.800
06/01/2007	10.674	9.380	18.706	26.347	101.900
07/01/2007	1.026	8.602	19.077	25.703	88.080
08/01/2007	0.000	10.053	18.330	26.919	89.630
09/01/2007	22.113	6.923	19.129	23.855	135.500
10/01/2007	0.114	8.056	18.712	24.763	122.900
11/01/2007	0.000	9.474	17.994	25.882	107.600
12/01/2007	0.000	10.197	17.872	26.661	91.600
13/01/2007	0.223	8.754	19.064	25.807	82.550
14/01/2007	0.000	8.417	19.656	25.846	73.760
15/01/2007	0.129	10.905	18.747	28.097	82.550
16/01/2007	1.072	10.829	18.185	27.593	86.630
17/01/2007	14.551	9.412	18.039	25.781	128.200
18/01/2007	3.402	9.109	18.900	25.999	178.400
19/01/2007	0.959	8.487	19.065	25.384	124.800
20/01/2007	0.000	9.720	18.121	26.084	154.200
21/01/2007	0.064	9.822	18.635	26.567	130.800
22/01/2007	0.000	10.165	19.105	27.295	100.700
23/01/2007	25.692	10.444	19.019	27.555	160.400
24/01/2007	0.442	11.586	18.281	28.420	126.700
25/01/2007	5.319	9.531	19.025	26.480	162.700
26/01/2007	18.593	6.755	19.804	23.977	349.200
27/01/2007	0.000	9.954	18.876	26.765	244.600
28/01/2007	0.000	11.959	17.397	28.142	145.400
29/01/2007	0.000	12.073	17.078	28.089	116.500
30/01/2007	0.000	10.962	17.746	27.180	99.730
31/01/2007	5.320	11.652	17.778	27.958	132.100
01/02/2007	0.763	12.444	18.225	29.190	101.700
02/02/2007	0.000	13.259	18.016	30.023	81.750
03/02/2007	0.000	13.123	17.158	29.331	67.380
04/02/2007	0.000	13.926	15.281	28.955	63.390
05/02/2007	0.000	12.176	17.205	28.035	48.240
06/02/2007	0.000	12.140	16.852	27.682	51.820
07/02/2007	0.000	11.807	16.980	27.326	61.790
08/02/2007	0.000	12.318	17.140	28.049	51.220
09/02/2007	0.160	10.352	19.689	27.526	48.830
10/02/2007	8.789	11.501	18.185	27.719	66.590
11/02/2007	13.374	12.473	17.725	28.554	78.830
12/02/2007	0.000	11.589	18.013	27.667	59.400
13/02/2007	0.000	12.015	18.734	28.605	52.410
14/02/2007	0.075	10.817	19.151	27.539	51.820
15/02/2007	13.945	9.038	18.719	25.189	90.010
16/02/2007	2.654	9.934	18.554	26.044	65.520
17/02/2007	0.321	10.340	18.154	26.160	167.600
18/02/2007	0.000	11.341	15.619	25.520	100.400
19/02/2007	0.539	9.074	17.390	24.137	60.660
20/02/2007	1.852	11.612	16.917	26.676	51.730
21/02/2007	1.149	12.118	16.230	26.763	47.990
22/02/2007	0.143	11.811	17.837	27.484	44.410
23/02/2007	0.000	13.685	18.276	29.980	41.620
24/02/2007	0.000	14.309	15.993	29.195	39.090
25/02/2007	0.056	11.145	19.542	27.923	37.440
26/02/2007	0.073	12.385	19.286	29.084	37.100
27/02/2007	0.346	14.056	18.265	30.272	36.300
28/02/2007	0.000	15.349	17.440	31.189	33.810
01/03/2007	0.000	13.881	19.442	30.859	31.920
02/03/2007	0.000	13.587	18.775	30.020	30.880
03/03/2007	0.000	13.234	19.584	30.193	29.740
04/03/2007	1.606	10.051	20.525	27.413	43.390
05/03/2007	18.776	10.543	18.795	26.596	71.770
06/03/2007	3.101	10.911	17.674	26.186	44.590
07/03/2007	14.873	10.790	18.975	26.961	102.200
08/03/2007	12.934	9.675	19.407	26.061	80.570
09/03/2007	19.633	9.059	19.656	25.606	83.850
10/03/2007	2.637	10.278	19.253	26.560	83.910
11/03/2007	25.660	11.337	18.397	27.140	94.330
12/03/2007	1.849	10.407	19.317	26.778	92.790
13/03/2007	9.289	10.190	18.721	26.054	115.400
14/03/2007	4.789	10.008	18.993	26.070	97.500
15/03/2007	0.525	9.452	18.467	25.010	96.180
16/03/2007	19.363	9.110	18.824	24.929	121.400
17/03/2007	14.609	8.910	18.036	24.161	134.500
18/03/2007	1.998	9.424	18.475	24.997	124.300
19/03/2007	6.411	9.109	19.302	25.276	131.900
20/03/2007	12.984	10.784	19.782	27.414	146.300
21/03/2007	15.561	10.446	18.656	26.198	288.500
22/03/2007	22.305	7.754	19.189	23.837	306.200
23/03/2007	0.273	8.475	19.116	24.487	261.600
24/03/2007	15.951	8.928	19.129	24.942	383.700
25/03/2007	15.239	6.619	19.547	23.054	431.700
26/03/2007	0.031	10.267	16.911	24.680	265.300
27/03/2007	9.777	6.599	19.471	22.978	483.800
28/03/2007	2.581	9.894	18.570	25.512	408.800
29/03/2007	15.907	7.516	18.956	23.400	347.500
30/03/2007	3.285	10.134	18.674	25.871	274.600
31/03/2007	42.251	9.615	19.385	25.852	435.300
01/04/2007	7.790	11.619	19.533	28.064	305.600
02/04/2007	12.278	9.902	20.096	26.670	257.100
03/04/2007	16.017	9.836	19.930	26.510	248.100
04/04/2007	37.861	9.757	18.740	25.501	469.300
05/04/2007	22.748	8.194	20.180	25.032	636.900
06/04/2007	10.069	10.295	19.449	26.594	969.900
07/04/2007	6.859	10.070	19.779	26.594	487.500
08/04/2007	22.434	9.665	18.674	25.400	430.700
09/04/2007	6.786	10.369	18.057	25.658	355.100
10/04/2007	3.279	10.797	19.089	26.898	419.900
11/04/2007	2.925	10.906	18.686	26.689	694.000
12/04/2007	2.467	10.859	19.049	26.938	289.000
13/04/2007	1.555	11.038	18.882	27.039	234.200
14/04/2007	13.321	10.289	18.606	26.051	403.800
15/04/2007	6.741	11.133	18.419	26.781	240.600
16/04/2007	3.880	8.665	18.581	24.326	539.700
17/04/2007	0.000	10.700	18.608	26.506	297.200
18/04/2007	27.539	8.876	19.698	25.392	364.600
19/04/2007	6.254	9.044	19.288	25.260	310.100
20/04/2007	38.893	6.645	19.209	22.839	1604.000
21/04/2007	2.416	9.583	18.501	25.201	684.800
22/04/2007	14.912	8.836	18.561	24.487	1221.000
23/04/2007	8.315	10.354	18.448	26.013	536.400
24/04/2007	25.773	10.659	18.507	26.417	830.000
25/04/2007	42.116	8.270	19.347	24.587	1045.000
26/04/2007	16.276	9.130	18.765	25.038	1301.000
27/04/2007	9.731	9.649	18.808	25.580	1229.000
28/04/2007	1.712	10.513	18.746	26.477	615.400
29/04/2007	37.112	8.699	19.301	25.001	868.200
30/04/2007	3.321	10.236	19.301	26.584	435.700
01/05/2007	27.374	9.392	18.427	25.033	765.400
02/05/2007	2.106	10.305	17.510	25.400	616.500
03/05/2007	0.520	8.360	18.679	24.176	429.800
04/05/2007	3.491	8.142	19.298	24.467	686.500
05/05/2007	4.769	11.624	17.967	27.224	502.700
06/05/2007	15.735	10.171	18.529	26.022	633.300
07/05/2007	19.888	9.505	19.416	26.062	606.000
08/05/2007	10.704	7.962	19.121	24.201	447.900
09/05/2007	4.076	10.664	18.596	26.670	334.300
10/05/2007	22.334	9.021	19.170	25.304	512.200
11/05/2007	7.830	11.747	18.959	28.147	377.800
12/05/2007	0.891	10.155	19.219	26.581	271.400
13/05/2007	14.655	9.784	18.834	25.955	313.700
14/05/2007	0.930	10.044	18.528	25.996	251.000
15/05/2007	7.493	10.798	19.465	27.516	330.600
16/05/2007	19.640	9.891	19.385	26.488	344.000
17/05/2007	15.092	9.603	19.161	26.064	597.000
18/05/2007	17.367	7.622	19.344	24.105	680.200
19/05/2007	5.981	9.209	19.182	25.622	461.600
20/05/2007	9.619	8.695	18.731	24.754	411.600
21/05/2007	28.557	9.004	19.148	25.419	526.300
22/05/2007	27.911	9.359	18.593	25.366	1373.000
23/05/2007	0.339	9.065	17.609	24.326	415.800
24/05/2007	5.784	8.989	17.257	24.083	419.100
25/05/2007	5.637	9.240	17.015	24.089	489.100
26/05/2007	16.649	8.940	17.260	23.951	626.300
27/05/2007	12.285	9.837	17.477	25.179	354.900
28/05/2007	9.994	8.942	18.733	25.113	509.800
29/05/2007	15.139	5.922	18.265	21.631	1558.000
30/05/2007	7.467	9.112	18.097	24.815	513.800
31/05/2007	10.336	8.778	17.350	23.881	443.100
01/06/2007	4.138	8.230	17.622	23.510	546.000
02/06/2007	4.157	8.285	17.581	23.533	413.700
03/06/2007	3.225	6.751	17.958	22.228	403.700
04/06/2007	0.000	9.785	18.073	25.577	321.700
05/06/2007	35.950	8.751	18.278	24.581	825.700
06/06/2007	3.106	10.459	16.948	25.586	408.500
07/06/2007	3.290	9.243	18.350	25.215	322.500
08/06/2007	2.403	9.802	17.548	25.295	295.600
09/06/2007	13.022	9.232	18.278	25.164	380.000
10/06/2007	0.320	9.081	18.022	24.831	253.300
11/06/2007	3.661	8.391	18.766	24.647	209.100
12/06/2007	0.058	10.638	18.355	26.862	198.300
13/06/2007	0.031	11.079	17.547	26.815	169.900
14/06/2007	5.062	9.360	18.109	25.224	159.800
15/06/2007	3.466	10.239	16.991	25.453	185.100
16/06/2007	0.000	9.239	17.959	24.951	145.800
17/06/2007	0.792	10.909	17.542	26.613	161.100
18/06/2007	8.550	9.486	18.657	25.776	142.900
19/06/2007	9.899	10.179	19.118	26.872	235.800
20/06/2007	2.610	8.997	19.401	25.785	177.600
21/06/2007	0.395	10.797	16.894	26.004	134.100
22/06/2007	0.483	7.943	19.097	24.448	124.300
23/06/2007	1.102	8.815	18.461	24.828	116.100
24/06/2007	6.788	8.939	18.426	24.991	233.900
25/06/2007	8.477	10.061	18.628	26.390	147.200
26/06/2007	6.066	8.806	18.499	24.837	156.700
27/06/2007	0.000	9.660	18.513	25.837	255.100
28/06/2007	1.546	9.698	19.382	26.538	157.100
29/06/2007	13.395	9.467	18.295	25.439	328.800
30/06/2007	6.432	9.266	18.263	25.206	254.800
01/07/2007	0.463	11.188	18.544	27.584	134.700
02/07/2007	1.995	10.105	19.126	26.779	118.900
03/07/2007	0.265	10.469	18.526	26.741	101.100
04/07/2007	0.000	11.835	17.410	27.532	91.840
05/07/2007	0.145	11.771	18.251	28.055	84.520
06/07/2007	4.246	10.736	18.320	26.901	86.640
07/07/2007	4.626	10.641	18.593	26.994	88.440
08/07/2007	0.854	9.745	18.427	25.907	83.610
09/07/2007	16.654	9.892	18.358	25.953	134.200
10/07/2007	9.594	10.181	18.608	26.471	95.040
11/07/2007	9.099	10.349	18.767	26.773	111.700
12/07/2007	1.039	9.717	19.124	26.292	105.000
13/07/2007	1.373	10.590	18.669	26.975	84.490
14/07/2007	10.443	10.244	18.169	26.179	158.900
15/07/2007	8.008	8.849	18.654	25.035	111.100
16/07/2007	7.134	9.967	18.592	26.208	100.300
17/07/2007	2.425	9.221	18.141	25.017	116.000
18/07/2007	23.395	10.566	17.561	26.122	192.500
19/07/2007	4.123	10.097	17.375	25.427	111.600
20/07/2007	9.497	9.648	17.203	24.769	332.100
21/07/2007	10.399	8.557	17.156	23.517	279.100
22/07/2007	3.006	7.894	17.874	23.342	304.700
23/07/2007	19.516	8.182	17.406	23.249	385.400
24/07/2007	22.871	9.413	18.132	25.153	434.600
25/07/2007	4.427	10.506	17.560	25.953	258.900
26/07/2007	1.497	10.887	17.438	26.333	184.300
27/07/2007	20.316	10.348	18.013	26.048	192.600
28/07/2007	17.512	9.423	18.565	25.406	358.400
29/07/2007	0.000	10.212	18.967	26.584	206.700
30/07/2007	0.000	10.934	17.913	26.596	149.900
31/07/2007	5.510	11.327	17.491	26.785	189.700
01/08/2007	2.422	10.103	18.554	26.131	161.500
02/08/2007	1.243	10.225	19.161	26.714	129.300
03/08/2007	9.539	10.207	18.734	26.324	191.300
04/08/2007	1.736	9.447	18.640	25.420	120.300
05/08/2007	4.982	9.063	18.347	24.794	111.000
06/08/2007	0.000	9.866	17.717	25.224	103.800
07/08/2007	9.350	9.167	17.817	24.501	351.600
08/08/2007	9.839	9.344	17.972	24.789	154.300
09/08/2007	0.000	8.355	18.677	24.247	185.800
10/08/2007	0.000	10.081	17.831	25.517	124.500
11/08/2007	11.587	10.042	17.703	25.362	232.000
12/08/2007	0.035	10.096	17.551	25.254	117.600
13/08/2007	7.534	10.867	18.503	26.818	118.800
14/08/2007	12.036	8.101	18.054	23.452	146.100
15/08/2007	2.929	8.292	17.801	23.494	131.400
16/08/2007	2.857	10.619	17.738	25.952	158.200
17/08/2007	1.385	9.382	19.089	25.593	135.100
18/08/2007	5.490	9.560	17.808	24.805	178.800
19/08/2007	9.704	10.043	17.811	25.339	305.900
20/08/2007	13.956	8.079	18.169	23.522	463.600
21/08/2007	8.733	9.619	17.578	24.651	198.600
22/08/2007	5.592	10.588	16.932	25.276	145.300
23/08/2007	0.601	10.367	17.145	25.151	183.800
24/08/2007	0.000	9.168	18.461	24.824	135.600
25/08/2007	33.517	7.621	17.869	22.757	282.400
26/08/2007	2.039	7.414	18.000	22.647	313.800
27/08/2007	6.685	9.640	17.942	24.932	298.000
28/08/2007	6.991	11.579	17.099	26.557	239.100
29/08/2007	2.715	8.811	17.891	24.019	163.100
30/08/2007	28.084	10.134	17.283	24.999	371.000
31/08/2007	7.375	11.251	17.301	26.201	244.300
01/09/2007	3.583	8.477	17.737	23.491	331.300
02/09/2007	0.299	10.005	18.237	25.500	195.000
03/09/2007	0.346	9.740	18.321	25.297	160.000
04/09/2007	8.218	9.149	17.513	24.055	143.900
05/09/2007	8.315	10.180	17.260	24.985	139.500
06/09/2007	0.924	11.367	16.935	26.125	109.200
07/09/2007	9.748	11.695	17.283	26.666	182.200
08/09/2007	7.031	11.383	18.110	26.910	162.600
09/09/2007	6.051	8.717	18.531	24.385	113.000
10/09/2007	0.431	11.762	16.754	26.443	102.400
11/09/2007	2.557	10.309	17.890	25.602	101.300
12/09/2007	9.746	10.910	17.696	26.164	187.800
13/09/2007	2.398	9.484	18.461	25.129	105.400
14/09/2007	11.754	9.814	18.686	25.690	405.300
15/09/2007	6.997	10.029	18.397	25.667	274.100
16/09/2007	0.506	9.329	17.435	24.254	143.800
17/09/2007	0.000	11.024	16.762	25.619	134.200
18/09/2007	6.225	12.205	17.817	27.680	305.000
19/09/2007	20.396	9.697	18.455	25.400	336.500
20/09/2007	13.462	11.043	17.863	26.430	208.900
21/09/2007	11.429	10.646	19.036	26.836	147.600
22/09/2007	0.875	11.665	16.926	26.512	135.800
23/09/2007	19.844	9.461	18.621	25.249	146.000
24/09/2007	6.239	8.917	18.231	24.430	171.300
25/09/2007	5.055	8.760	18.398	24.394	188.700
26/09/2007	13.143	9.342	18.289	24.917	534.100
27/09/2007	0.395	10.800	18.286	26.517	275.200
28/09/2007	8.274	10.477	19.044	26.725	242.800
29/09/2007	0.000	10.339	18.779	26.384	142.100
30/09/2007	9.588	10.169	19.372	26.656	142.100
01/10/2007	25.641	9.039	18.334	24.651	511.000
02/10/2007	0.244	11.417	17.625	26.799	233.400
03/10/2007	16.239	10.182	18.158	25.782	196.900
04/10/2007	8.704	11.145	17.230	26.211	374.200
05/10/2007	11.544	9.728	16.632	24.205	306.600
06/10/2007	11.564	9.147	18.153	24.679	348.600
07/10/2007	33.868	8.304	17.997	23.676	578.300
08/10/2007	7.505	9.105	17.631	24.282	289.900
09/10/2007	20.547	6.855	18.547	22.638	541.800
10/10/2007	3.694	10.832	16.398	25.379	439.400
11/10/2007	13.365	9.347	16.903	24.038	386.500
12/10/2007	6.305	8.183	18.172	23.722	704.800
13/10/2007	0.000	9.771	17.504	24.993	399.100
14/10/2007	4.717	9.259	17.709	24.600	413.500
15/10/2007	23.965	7.803	18.218	23.424	495.300
16/10/2007	1.139	9.829	16.903	24.696	297.600
17/10/2007	0.176	10.469	18.378	26.510	237.100
18/10/2007	56.131	7.973	18.022	23.481	930.400
19/10/2007	7.208	8.402	17.802	23.814	616.300
20/10/2007	9.824	7.705	17.773	23.052	427.600
21/10/2007	4.317	7.433	18.203	23.093	515.600
22/10/2007	6.057	9.420	17.632	24.852	549.900
23/10/2007	24.501	9.709	18.305	25.731	559.900
24/10/2007	22.564	7.211	18.275	23.019	957.000
25/10/2007	1.748	9.902	17.203	25.170	495.300
26/10/2007	23.301	10.059	17.052	25.254	753.500
27/10/2007	19.015	8.740	17.927	24.424	793.000
28/10/2007	5.008	7.808	18.259	23.654	1063.000
29/10/2007	32.543	7.842	18.702	24.044	1663.000
30/10/2007	2.070	7.364	17.908	22.971	805.600
31/10/2007	22.480	8.413	17.253	23.635	840.300
01/11/2007	0.145	9.030	17.943	24.844	640.000
02/11/2007	1.928	8.800	18.064	24.699	640.800
03/11/2007	0.000	9.611	18.360	25.858	522.000
04/11/2007	40.945	6.868	18.815	23.189	1464.000
05/11/2007	0.000	10.164	17.278	25.763	759.200
06/11/2007	3.728	9.649	17.586	25.403	660.300
07/11/2007	1.278	7.730	18.682	24.060	681.900
08/11/2007	40.502	8.591	18.560	24.936	965.800
09/11/2007	6.080	6.757	18.823	23.167	619.700
10/11/2007	15.789	8.060	18.000	23.938	664.000
11/11/2007	5.675	8.890	17.310	24.416	673.400
12/11/2007	12.980	7.975	18.262	24.083	796.600
13/11/2007	1.727	9.213	17.278	24.823	682.300
14/11/2007	18.693	9.105	18.804	25.862	513.400
15/11/2007	0.000	9.963	17.074	25.656	399.600
16/11/2007	8.941	9.315	18.391	25.840	354.400
17/11/2007	14.902	8.900	18.541	25.468	405.800
18/11/2007	4.678	10.131	17.605	26.267	324.900
19/11/2007	0.000	10.490	17.263	26.529	250.800
20/11/2007	0.807	11.058	16.903	27.003	225.500
21/11/2007	1.387	10.069	16.938	25.840	242.500
22/11/2007	27.954	9.373	18.003	25.714	660.100
23/11/2007	15.551	8.166	18.192	24.430	356.000
24/11/2007	7.354	8.030	18.273	24.356	366.400
25/11/2007	14.142	9.013	18.214	25.500	344.500
26/11/2007	0.000	10.101	18.166	26.812	249.100
27/11/2007	17.035	10.437	17.282	26.635	245.600
28/11/2007	2.175	7.820	19.153	24.824	212.800
29/11/2007	10.945	8.364	17.257	24.048	523.900
30/11/2007	0.601	8.741	17.680	24.805	307.600
01/12/2007	0.000	9.692	15.576	24.528	216.700
02/12/2007	0.000	9.389	16.126	24.536	181.800
03/12/2007	0.000	8.902	16.157	23.929	163.900
04/12/2007	6.688	7.895	17.820	23.939	510.500
05/12/2007	0.000	7.496	18.374	23.911	335.000
06/12/2007	1.096	8.373	17.621	24.378	405.500
07/12/2007	5.277	9.055	16.273	24.263	244.000
08/12/2007	0.000	9.269	17.145	25.141	191.700
09/12/2007	0.000	8.951	17.109	24.715	175.800
10/12/2007	4.286	8.088	18.180	24.499	206.400
11/12/2007	2.741	8.021	17.746	24.102	305.000
12/12/2007	0.000	7.998	17.955	24.209	294.800
13/12/2007	0.000	7.562	18.235	23.942	447.400
14/12/2007	1.427	8.031	17.705	24.077	381.600
15/12/2007	55.660	7.156	18.097	23.384	591.500
16/12/2007	0.000	7.746	17.195	23.334	500.200
17/12/2007	0.000	7.611	17.185	23.193	483.000
18/12/2007	0.000	8.788	17.297	24.712	452.800
19/12/2007	0.000	7.161	18.179	23.432	347.800
20/12/2007	0.000	9.174	16.955	24.930	280.400
21/12/2007	0.000	8.720	17.269	24.609	239.300
22/12/2007	0.000	8.173	17.045	23.767	268.100
23/12/2007	4.082	8.040	18.180	24.474	207.400
24/12/2007	49.498	8.443	18.076	24.897	320.000
25/12/2007	11.938	8.353	18.273	24.901	302.300
26/12/2007	22.555	7.876	18.728	24.677	364.200
27/12/2007	16.273	7.743	18.701	24.535	512.000
28/12/2007	1.427	9.245	17.847	25.672	314.500
29/12/2007	6.090	8.946	17.878	25.347	277.100
30/12/2007	0.000	9.273	17.722	25.654	212.100
31/12/2007	0.000	9.734	17.532	26.033	182.600
01/01/2008	0.000	9.808	16.910	25.682	162.300
02/01/2008	0.000	8.731	18.038	25.119	149.800
03/01/2008	0.000	7.283	17.804	23.196	251.600
04/01/2008	0.115	8.968	17.278	24.866	233.600
05/01/2008	0.000	8.210	19.323	25.472	168.800
06/01/2008	0.000	9.723	18.416	26.578	161.600
07/01/2008	19.636	9.168	18.160	25.683	201.000
08/01/2008	31.363	8.791	17.398	24.642	380.800
09/01/2008	25.603	7.017	18.443	23.356	324.900
10/01/2008	0.000	8.398	17.590	24.299	382.300
11/01/2008	0.000	8.123	18.156	24.381	307.600
12/01/2008	0.000	9.196	16.615	24.541	252.400
13/01/2008	0.000	8.845	18.012	25.154	201.100
14/01/2008	0.000	8.289	18.170	24.592	183.400
15/01/2008	0.000	8.617	18.382	25.122	205.300
16/01/2008	9.876	7.215	18.850	23.837	292.200
17/01/2008	28.051	7.738	17.910	23.653	372.900
18/01/2008	0.000	10.164	16.839	25.781	271.500
19/01/2008	0.000	10.423	16.086	25.602	183.100
20/01/2008	0.751	10.620	17.006	26.429	161.800
21/01/2008	10.065	8.405	18.186	24.578	185.500
22/01/2008	0.424	10.462	17.494	26.491	158.700
23/01/2008	0.000	10.116	17.664	26.208	157.400
24/01/2008	2.042	9.358	18.657	25.983	169.900
25/01/2008	0.971	8.958	19.035	25.808	242.300
26/01/2008	0.376	9.463	17.958	25.525	282.800
27/01/2008	0.000	8.455	18.359	24.632	300.800
28/01/2008	0.000	10.423	15.709	25.076	188.500
29/01/2008	0.000	11.750	14.055	25.587	149.900
30/01/2008	0.000	9.725	16.501	24.663	133.100
31/01/2008	0.000	10.080	15.208	24.169	125.200
01/02/2008	0.000	9.375	16.865	24.465	115.000
02/02/2008	0.000	9.793	15.073	23.677	141.200
03/02/2008	0.000	10.652	14.375	24.266	129.900
04/02/2008	0.000	10.222	15.682	24.593	110.600
05/02/2008	0.000	10.950	16.352	25.953	98.580
06/02/2008	0.000	9.809	17.472	25.355	98.990
07/02/2008	8.795	10.573	17.371	26.192	93.890
08/02/2008	2.640	11.198	17.667	27.077	88.490
09/02/2008	0.378	9.601	18.529	25.823	82.860
10/02/2008	3.678	8.727	18.420	24.715	103.700
11/02/2008	0.000	9.214	18.310	25.157	101.900
12/02/2008	5.546	11.178	17.483	26.828	117.600
13/02/2008	25.535	10.104	19.331	26.882	117.200
14/02/2008	6.846	9.422	19.080	25.930	119.700
15/02/2008	15.747	10.330	18.638	26.600	144.400
16/02/2008	40.305	9.426	18.119	25.156	218.800
17/02/2008	7.090	9.240	17.478	24.458	169.500
18/02/2008	3.824	9.186	18.100	24.824	257.300
19/02/2008	6.352	7.400	17.686	22.567	571.200
20/02/2008	1.075	9.969	16.911	24.802	324.500
21/02/2008	0.065	8.911	17.930	24.350	387.200
22/02/2008	0.610	10.712	16.344	25.195	369.100
23/02/2008	0.000	9.771	17.600	25.026	220.500
24/02/2008	0.000	11.215	17.080	26.288	163.800
25/02/2008	3.027	9.648	16.898	24.347	318.700
26/02/2008	0.000	10.682	16.754	25.390	163.200
27/02/2008	0.430	9.875	16.810	24.490	134.000
28/02/2008	2.276	8.595	17.719	23.727	147.000
29/02/2008	0.000	10.656	17.201	25.622	151.400
01/03/2008	0.000	10.513	17.827	25.895	122.100
02/03/2008	0.000	11.229	18.233	26.953	120.200
03/03/2008	5.363	10.617	17.645	25.827	183.300
04/03/2008	10.831	9.282	18.376	24.884	158.200
05/03/2008	29.907	9.470	17.451	24.406	307.200
06/03/2008	3.097	8.005	17.304	22.709	314.400
07/03/2008	4.210	10.608	16.166	24.699	234.600
08/03/2008	0.000	10.998	16.786	25.551	161.200
09/03/2008	0.000	9.371	17.362	24.157	200.200
10/03/2008	0.000	9.722	17.619	24.711	236.500
11/03/2008	0.000	10.584	16.860	25.094	575.000
12/03/2008	0.000	10.236	16.977	24.783	156.500
13/03/2008	17.600	6.546	19.029	22.596	243.400
14/03/2008	16.546	5.320	18.360	20.917	534.700
15/03/2008	1.272	11.175	16.089	25.190	398.000
16/03/2008	0.379	12.237	16.515	26.690	221.000
17/03/2008	3.763	10.745	18.032	26.100	198.300
18/03/2008	0.000	12.192	16.833	26.855	177.700
19/03/2008	5.906	11.996	16.686	26.526	146.500
20/03/2008	3.314	10.513	18.195	25.922	139.500
21/03/2008	22.388	9.359	18.286	24.766	400.100
22/03/2008	3.749	11.176	18.052	26.520	159.600
23/03/2008	14.917	11.081	17.965	26.371	319.300
24/03/2008	17.959	11.291	18.188	26.737	732.500
25/03/2008	12.714	10.555	18.606	26.253	307.000
26/03/2008	3.579	11.781	17.770	26.983	371.500
27/03/2008	0.294	10.197	18.696	25.929	311.800
28/03/2008	19.242	9.928	19.308	26.092	286.700
29/03/2008	13.837	10.209	18.384	25.714	303.100
30/03/2008	19.026	8.968	18.650	24.597	506.400
31/03/2008	13.645	8.687	17.981	23.786	672.100
01/04/2008	0.161	7.669	18.654	23.298	825.600
02/04/2008	0.104	10.118	18.355	25.564	523.200
03/04/2008	0.257	11.452	16.327	25.568	628.200
04/04/2008	0.000	10.552	16.144	24.429	307.100
05/04/2008	19.176	9.833	17.817	24.894	245.200
06/04/2008	3.698	11.828	16.586	26.192	286.300
07/04/2008	14.131	9.421	18.600	25.022	291.300
08/04/2008	10.759	10.054	18.507	25.651	293.000
09/04/2008	17.363	9.669	18.102	24.953	258.500
10/04/2008	22.182	9.796	18.653	25.475	517.100
11/04/2008	26.074	9.663	18.719	25.385	696.800
12/04/2008	3.532	9.553	18.408	25.045	434.700
13/04/2008	20.205	8.039	18.317	23.452	381.000
14/04/2008	5.572	9.600	18.270	25.039	301.000
15/04/2008	9.591	9.675	17.872	24.801	639.500
16/04/2008	0.061	10.849	18.317	26.427	275.000
17/04/2008	0.152	11.256	17.599	26.378	205.600
18/04/2008	0.313	11.040	18.788	26.988	171.900
19/04/2008	4.983	10.826	19.776	27.474	159.500
20/04/2008	20.141	10.804	18.472	26.494	264.100
21/04/2008	16.337	10.420	19.222	26.634	174.900
22/04/2008	0.515	10.210	19.038	26.283	171.200
23/04/2008	17.592	8.538	19.039	24.548	324.600
24/04/2008	18.040	7.687	19.062	23.747	594.000
25/04/2008	16.369	7.333	18.958	23.318	703.400
26/04/2008	3.067	9.349	18.769	25.206	390.500
27/04/2008	22.127	7.162	18.968	23.215	801.500
28/04/2008	2.250	10.911	18.161	26.538	365.600
29/04/2008	8.906	12.050	18.291	27.858	376.200
30/04/2008	5.176	10.055	18.653	25.981	399.300
01/05/2008	2.448	9.153	17.971	24.464	514.300
02/05/2008	15.663	10.266	17.728	25.481	499.200
03/05/2008	18.057	8.373	18.209	23.824	807.100
04/05/2008	39.495	7.677	18.483	23.301	623.800
05/05/2008	0.489	9.843	17.802	25.109	519.700
06/05/2008	8.393	8.918	19.048	25.084	729.600
07/05/2008	9.287	11.270	17.939	26.805	524.000
08/05/2008	3.830	9.573	18.872	25.654	498.700
09/05/2008	5.954	10.382	18.781	26.472	296.100
10/05/2008	0.161	11.868	16.978	26.913	254.100
11/05/2008	3.231	11.987	16.990	27.078	266.100
12/05/2008	18.919	10.845	18.119	26.571	480.600
13/05/2008	0.000	11.236	18.315	27.153	234.000
14/05/2008	11.445	11.339	18.344	27.295	498.500
15/05/2008	6.540	10.642	18.310	26.516	260.700
16/05/2008	12.299	8.762	18.586	24.699	262.200
17/05/2008	9.887	8.353	18.483	24.160	537.100
18/05/2008	3.410	10.116	17.776	25.600	205.300
19/05/2008	17.365	7.714	18.840	23.859	472.300
20/05/2008	28.093	8.514	17.618	23.714	639.800
21/05/2008	15.379	9.330	17.263	24.317	438.200
22/05/2008	19.988	7.246	17.967	22.645	841.900
23/05/2008	19.653	8.451	17.458	23.531	843.900
24/05/2008	14.326	7.397	18.347	23.134	573.100
25/05/2008	0.803	8.436	18.446	24.295	540.400
26/05/2008	9.287	8.338	17.814	23.725	763.000
27/05/2008	25.363	8.622	17.626	23.904	978.400
28/05/2008	32.706	6.393	18.240	22.045	1631.000
29/05/2008	0.185	9.770	15.974	23.985	791.700
30/05/2008	9.033	10.031	18.064	25.799	377.100
31/05/2008	11.049	10.238	18.708	26.558	519.400
01/06/2008	11.585	9.091	18.288	24.956	470.800
02/06/2008	9.712	8.871	18.753	25.064	525.900
03/06/2008	10.841	8.069	18.106	23.680	456.400
04/06/2008	0.341	9.517	17.552	24.904	318.000
05/06/2008	4.913	9.650	17.462	25.000	326.700
06/06/2008	6.855	7.513	18.529	23.453	293.700
07/06/2008	16.398	9.032	18.202	24.868	303.400
08/06/2008	9.186	9.197	17.731	24.690	435.900
09/06/2008	7.678	9.234	17.337	24.494	385.900
10/06/2008	5.701	8.332	18.251	24.176	382.000
11/06/2008	4.532	9.719	17.448	25.096	355.300
12/06/2008	2.582	10.394	18.208	26.478	287.500
13/06/2008	8.890	10.344	18.824	26.844	376.400
14/06/2008	15.295	9.525	17.837	25.186	296.400
15/06/2008	6.041	8.357	17.875	23.939	252.600
16/06/2008	13.013	9.221	17.890	24.933	311.800
17/06/2008	0.000	8.786	18.740	25.054	206.500
18/06/2008	11.375	8.044	18.807	24.310	250.200
19/06/2008	0.110	9.972	17.847	25.725	244.800
20/06/2008	1.138	9.954	18.642	26.315	221.900
21/06/2008	2.327	9.355	18.051	25.153	225.500
22/06/2008	17.319	9.078	18.837	25.446	312.200
23/06/2008	5.635	8.378	17.767	23.862	435.400
24/06/2008	5.127	9.919	17.419	25.375	397.000
25/06/2008	17.815	7.002	18.249	22.794	304.500
26/06/2008	3.364	9.912	17.692	25.528	312.200
27/06/2008	11.255	11.200	18.016	27.219	278.200
28/06/2008	3.289	7.959	19.042	24.387	216.000
29/06/2008	8.994	8.984	18.621	25.185	196.900
30/06/2008	0.997	9.761	18.384	25.860	183.300
01/07/2008	8.406	8.691	19.362	25.413	229.100
02/07/2008	12.149	8.915	17.945	24.562	267.600
03/07/2008	2.921	8.976	18.512	25.071	187.400
04/07/2008	7.607	9.386	18.549	25.545	207.400
05/07/2008	6.505	8.022	19.039	24.403	171.800
06/07/2008	6.359	8.654	19.000	25.058	173.800
07/07/2008	2.256	9.239	18.549	25.371	188.800
08/07/2008	14.167	9.240	18.453	25.281	178.300
09/07/2008	4.497	9.240	18.432	25.269	203.800
10/07/2008	3.615	6.895	18.747	23.061	151.200
11/07/2008	2.746	10.064	17.487	25.499	130.200
12/07/2008	0.072	9.730	18.109	25.560	125.700
13/07/2008	12.915	8.433	18.725	24.594	248.400
14/07/2008	8.165	8.614	18.330	24.477	145.600
15/07/2008	11.048	9.163	18.225	24.997	304.500
16/07/2008	11.085	8.909	18.044	24.547	304.500
17/07/2008	11.844	7.891	18.376	23.693	397.300
18/07/2008	9.054	10.577	16.805	25.509	260.100
19/07/2008	10.211	10.097	17.725	25.626	440.200
20/07/2008	0.103	9.788	19.140	26.321	198.300
21/07/2008	8.808	9.925	18.371	25.890	288.000
22/07/2008	0.363	10.054	17.868	25.664	147.700
23/07/2008	4.251	11.226	16.664	26.142	126.700
24/07/2008	0.047	10.505	18.113	26.365	115.500
25/07/2008	6.480	10.065	18.878	26.407	108.600
26/07/2008	17.849	9.294	19.129	25.737	213.500
27/07/2008	0.108	10.085	18.661	26.233	139.500
28/07/2008	19.587	9.584	17.924	25.126	207.600
29/07/2008	0.439	8.973	18.799	25.129	150.000
30/07/2008	1.833	10.307	17.714	25.757	136.000
31/07/2008	8.308	9.142	17.974	24.648	197.600
01/08/2008	1.717	10.998	17.735	26.539	121.200
02/08/2008	29.918	9.101	18.679	25.126	402.800
03/08/2008	6.900	9.237	17.542	24.403	262.200
04/08/2008	7.065	9.784	18.342	25.602	202.400
05/08/2008	16.574	10.590	17.836	26.157	605.500
06/08/2008	12.255	8.925	18.199	24.539	196.900
07/08/2008	0.000	10.963	17.612	26.363	171.600
08/08/2008	0.034	11.370	17.760	26.923	133.700
09/08/2008	6.166	10.963	17.215	26.080	136.800
10/08/2008	0.486	9.856	18.247	25.528	116.500
11/08/2008	27.938	8.153	16.811	22.651	445.800
12/08/2008	1.719	10.571	17.054	25.387	206.900
13/08/2008	2.214	9.868	17.382	24.888	159.400
14/08/2008	7.674	9.864	17.811	25.166	216.900
15/08/2008	9.218	9.560	18.272	25.164	147.700
16/08/2008	14.999	8.385	18.328	23.952	403.800
17/08/2008	2.970	8.070	17.945	23.340	257.200
18/08/2008	12.953	8.686	17.868	23.898	266.400
19/08/2008	12.397	8.361	17.535	23.301	402.600
20/08/2008	0.000	10.776	16.513	25.180	191.700
21/08/2008	10.225	10.105	17.449	25.121	267.300
22/08/2008	4.676	8.350	17.497	23.233	316.800
23/08/2008	2.664	8.876	17.993	24.126	516.400
24/08/2008	29.687	9.373	18.705	25.195	313.400
25/08/2008	11.367	9.991	18.488	25.690	373.200
26/08/2008	10.418	9.204	17.908	24.449	429.100
27/08/2008	7.177	10.267	17.099	24.997	304.500
28/08/2008	15.499	9.787	18.379	25.369	407.900
29/08/2008	2.658	10.093	17.384	25.017	306.800
30/08/2008	23.475	9.782	18.094	25.218	451.600
31/08/2008	1.414	10.070	17.672	25.206	306.800
01/09/2008	4.268	10.777	17.945	26.147	282.000
02/09/2008	7.970	7.930	19.273	24.174	514.800
03/09/2008	17.050	8.558	18.846	24.445	844.800
04/09/2008	25.805	8.418	18.558	24.067	510.100
05/09/2008	5.964	10.312	18.484	26.051	388.900
06/09/2008	0.027	11.535	17.513	26.698	319.300
07/09/2008	1.249	10.441	18.430	26.193	257.200
08/09/2008	9.395	9.676	18.971	25.733	235.700
09/09/2008	0.865	10.146	19.089	26.334	186.000
10/09/2008	0.000	11.143	17.391	26.174	160.600
11/09/2008	0.000	11.270	17.554	26.398	129.900
12/09/2008	4.343	11.760	17.237	26.735	234.900
13/09/2008	1.634	11.820	18.698	27.818	209.700
14/09/2008	10.115	10.845	19.006	26.974	194.200
15/09/2008	14.839	8.859	18.766	24.693	176.500
16/09/2008	0.630	9.970	18.522	25.679	128.100
17/09/2008	16.063	8.073	18.644	23.823	148.900
18/09/2008	1.158	11.388	16.292	25.693	111.600
19/09/2008	24.404	8.750	18.458	24.352	641.200
20/09/2008	2.091	9.473	17.683	24.570	391.000
21/09/2008	1.789	10.326	17.281	25.222	230.600
22/09/2008	2.433	9.587	17.658	24.698	159.400
23/09/2008	11.213	9.599	17.656	24.693	139.500
24/09/2008	8.718	9.858	18.000	25.241	230.100
25/09/2008	6.887	10.195	18.307	25.828	153.600
26/09/2008	19.772	10.088	18.397	25.783	168.100
27/09/2008	5.738	10.280	17.948	25.701	152.400
28/09/2008	4.553	10.681	17.288	25.696	308.100
29/09/2008	8.810	10.100	18.087	25.654	322.800
30/09/2008	0.204	9.799	18.203	25.408	269.900
01/10/2008	3.564	9.358	18.219	24.951	347.800
02/10/2008	1.312	10.207	17.509	25.374	181.200
03/10/2008	15.645	10.459	16.879	25.222	236.900
04/10/2008	27.050	8.837	17.983	24.221	335.800
05/10/2008	2.449	8.164	17.926	23.510	236.000
06/10/2008	13.929	9.355	17.270	24.250	421.400
07/10/2008	9.998	9.037	16.862	23.619	571.000
08/10/2008	4.047	9.980	17.759	25.360	440.200
09/10/2008	2.761	9.720	17.746	25.073	203.800
10/10/2008	30.416	8.039	17.289	22.879	584.300
11/10/2008	6.010	9.490	18.067	25.073	376.000
12/10/2008	35.588	7.912	17.879	23.234	726.300
13/10/2008	12.446	9.291	17.410	24.411	920.700
14/10/2008	13.918	10.091	17.826	25.619	1389.000
15/10/2008	4.456	10.543	17.945	26.235	462.900
16/10/2008	17.089	8.497	18.699	24.576	916.700
17/10/2008	24.809	10.433	17.859	26.112	893.300
18/10/2008	12.207	10.674	17.298	26.020	778.700
19/10/2008	29.950	10.912	18.577	27.217	1281.000
20/10/2008	3.649	9.275	18.375	25.304	624.400
21/10/2008	3.879	9.847	17.938	25.628	435.400
22/10/2008	12.078	9.688	17.820	25.379	397.300
23/10/2008	1.852	10.326	18.219	26.426	282.600
24/10/2008	11.169	11.966	16.368	27.060	314.000
25/10/2008	11.096	8.478	17.558	23.844	342.700
26/10/2008	1.745	9.733	17.122	24.943	273.100
27/10/2008	7.909	9.055	18.548	25.282	221.800
28/10/2008	30.558	8.195	18.156	24.054	565.000
29/10/2008	1.558	9.204	18.432	25.433	548.200
30/10/2008	0.166	10.448	16.978	25.791	304.500
31/10/2008	16.979	10.176	17.189	25.642	250.900
01/11/2008	22.538	7.616	17.929	23.288	833.800
02/11/2008	5.794	8.970	18.070	24.911	397.300
03/11/2008	6.749	8.911	18.294	25.020	377.100
04/11/2008	29.101	7.325	18.308	23.371	641.100
05/11/2008	0.000	8.603	17.410	24.132	321.100
06/11/2008	3.069	9.325	17.666	25.131	598.200
07/11/2008	4.879	9.040	18.279	25.251	324.700
08/11/2008	1.266	8.222	18.679	24.638	544.400
09/11/2008	1.402	9.190	17.112	24.606	650.900
10/11/2008	0.107	9.815	18.000	26.035	410.000
11/11/2008	7.450	9.608	18.214	25.952	304.500
12/11/2008	18.473	8.537	18.339	24.818	357.600
13/11/2008	3.208	7.285	18.366	23.410	377.100
14/11/2008	2.771	9.239	17.365	24.962	418.500
15/11/2008	6.413	8.576	17.177	24.087	440.200
16/11/2008	11.121	8.343	17.705	24.166	781.100
17/11/2008	4.176	8.946	18.057	25.166	339.000
18/11/2008	4.833	8.478	18.237	24.757	339.000
19/11/2008	2.521	8.684	18.724	25.388	362.800
20/11/2008	20.535	7.643	18.833	24.320	346.900
21/11/2008	8.761	8.876	18.366	25.376	598.200
22/11/2008	1.302	9.761	18.015	26.225	357.600
23/11/2008	27.186	9.149	19.140	26.328	446.000
24/11/2008	54.241	8.102	19.355	25.323	913.700
25/11/2008	33.720	7.258	18.536	23.789	1045.000
26/11/2008	44.420	4.246	19.310	21.295	1715.000
27/11/2008	3.353	8.053	17.988	24.217	717.800
28/11/2008	23.800	8.276	18.094	24.562	1652.000
29/11/2008	0.498	7.479	18.125	23.699	886.500
30/11/2008	0.631	8.563	18.371	25.142	642.700
01/12/2008	0.650	8.743	18.427	25.398	634.000
02/12/2008	13.715	7.761	18.725	24.464	1179.000
03/12/2008	0.667	9.736	17.452	25.927	650.900
04/12/2008	27.259	9.504	18.328	26.294	427.600
05/12/2008	9.281	9.576	16.830	25.295	418.500
06/12/2008	0.000	9.982	17.266	26.119	339.000
07/12/2008	1.125	8.043	18.246	24.483	324.700
08/12/2008	5.534	8.880	18.022	25.350	321.100
09/12/2008	0.000	10.417	17.674	27.036	276.200
10/12/2008	0.000	9.371	17.961	25.939	241.400
11/12/2008	19.691	9.184	17.089	25.073	472.400
12/12/2008	42.969	8.519	17.654	24.640	409.500
13/12/2008	5.509	8.064	16.770	23.439	612.700
14/12/2008	1.920	8.058	18.062	24.401	377.100
15/12/2008	0.000	9.922	17.401	26.193	314.000
16/12/2008	0.000	9.827	17.049	25.823	321.100
17/12/2008	0.000	10.095	15.993	25.435	243.000
18/12/2008	0.000	10.251	15.842	25.532	214.700
19/12/2008	0.000	9.359	16.744	24.994	190.100
20/12/2008	0.000	8.900	16.807	24.519	192.900
21/12/2008	0.000	6.289	17.826	22.173	259.100
22/12/2008	0.000	7.636	18.154	23.971	279.400
23/12/2008	0.000	8.607	17.323	24.510	196.100
24/12/2008	0.000	9.674	17.401	25.908	202.400
25/12/2008	0.000	9.882	17.888	26.478	179.200
26/12/2008	0.000	9.337	17.910	25.785	159.400
27/12/2008	0.000	10.877	16.578	26.812	140.700
28/12/2008	0.000	12.146	15.506	27.724	129.000
29/12/2008	0.000	11.685	14.682	26.610	124.600
30/12/2008	0.000	9.476	17.100	25.366	119.400
31/12/2008	0.000	9.532	17.786	25.913	111.600
01/01/2009	0.000	9.184	17.895	25.596	115.500
02/01/2009	0.000	9.923	17.972	26.549	111.600
03/01/2009	1.622	9.877	18.661	26.977	104.700
04/01/2009	16.375	10.444	17.930	27.142	129.000
05/01/2009	0.470	9.646	18.390	26.465	137.600
06/01/2009	9.586	9.421	18.275	26.087	127.100
07/01/2009	4.487	7.825	18.452	24.342	173.800
08/01/2009	11.409	8.798	17.404	24.667	214.700
09/01/2009	1.301	7.521	17.949	23.587	182.800
10/01/2009	0.000	8.764	17.195	24.451	122.400
11/01/2009	0.000	9.898	17.879	26.331	111.600
12/01/2009	3.547	8.760	18.821	25.638	100.700
13/01/2009	3.904	9.206	17.968	25.515	100.700
14/01/2009	35.489	7.979	18.122	24.182	143.000
15/01/2009	0.000	8.596	18.249	24.962	211.100
16/01/2009	2.105	8.554	17.759	24.484	156.700
17/01/2009	22.154	7.032	18.054	22.980	298.100
18/01/2009	0.370	9.307	16.629	24.558	225.900
19/01/2009	3.515	6.498	18.738	22.924	240.500
20/01/2009	9.505	8.035	16.885	23.163	158.200
21/01/2009	6.732	8.601	17.227	24.099	293.400
22/01/2009	14.962	8.455	17.933	24.430	311.800
23/01/2009	3.528	7.409	18.487	23.686	278.200
24/01/2009	5.119	9.053	18.186	25.286	486.100
25/01/2009	0.000	9.514	16.875	24.821	478.400
26/01/2009	0.000	10.345	15.897	25.125	266.700
27/01/2009	0.000	9.792	18.199	26.103	196.900
28/01/2009	0.044	10.315	17.695	26.342	173.000
29/01/2009	1.783	8.918	18.804	25.480	176.300
30/01/2009	11.811	10.181	17.586	26.073	158.600
31/01/2009	28.426	7.723	17.895	23.403	227.700
01/02/2009	6.537	9.310	17.294	24.750	230.900
02/02/2009	2.110	10.361	17.648	26.228	164.100
03/02/2009	0.052	11.027	17.129	26.670	147.700
04/02/2009	0.696	10.035	17.347	25.597	146.500
05/02/2009	0.425	10.298	17.192	25.782	190.100
06/02/2009	0.710	8.341	18.093	24.161	273.300
07/02/2009	0.701	10.068	17.499	25.628	244.600
08/02/2009	4.249	9.390	18.645	25.677	198.300
09/02/2009	1.119	8.642	18.115	24.426	187.400
10/02/2009	21.167	9.607	17.701	25.202	189.000
11/02/2009	2.920	10.032	18.105	25.940	164.100
12/02/2009	9.500	10.525	17.612	26.125	187.400
13/02/2009	1.875	10.323	17.837	26.061	211.900
14/02/2009	21.766	7.834	18.622	23.836	255.500
15/02/2009	10.352	10.372	17.483	25.801	227.800
16/02/2009	0.249	10.737	16.414	25.465	190.100
17/02/2009	0.000	9.051	16.892	23.831	170.100
18/02/2009	0.058	10.510	17.259	25.712	182.000
19/02/2009	4.284	9.642	18.141	25.353	173.600
20/02/2009	24.290	9.934	17.647	25.298	459.900
21/02/2009	13.684	9.427	18.560	25.400	233.900
22/02/2009	1.293	9.640	18.664	25.738	187.400
23/02/2009	12.870	9.289	17.781	24.622	274.400
24/02/2009	3.048	9.659	17.831	25.060	324.300
25/02/2009	1.504	9.168	18.674	25.128	230.700
26/02/2009	0.741	9.926	17.424	25.010	201.300
27/02/2009	0.400	9.420	17.795	24.709	238.600
28/02/2009	4.077	10.085	18.353	25.856	192.900
01/03/2009	21.779	9.970	18.064	25.490	152.400
02/03/2009	18.307	8.003	19.074	24.180	482.600
03/03/2009	3.051	7.735	18.081	23.074	276.700
04/03/2009	0.540	9.506	18.737	25.430	444.900
05/03/2009	4.312	10.019	18.433	25.763	247.700
06/03/2009	0.671	10.357	18.717	26.312	206.500
07/03/2009	8.849	10.187	19.016	26.336	159.400
08/03/2009	4.578	10.660	18.693	26.603	189.800
09/03/2009	9.473	10.330	18.116	25.794	247.700
10/03/2009	8.559	10.179	18.243	25.699	294.100
11/03/2009	0.129	10.947	17.362	25.894	235.100
12/03/2009	2.095	10.002	18.267	25.496	211.000
13/03/2009	0.000	10.876	17.094	25.609	218.700
14/03/2009	0.000	11.717	16.573	26.172	191.500
15/03/2009	5.513	10.200	19.262	26.408	220.000
16/03/2009	13.189	10.267	18.188	25.667	209.200
17/03/2009	21.721	8.933	18.920	24.876	236.400
18/03/2009	6.802	8.085	18.661	23.778	365.400
19/03/2009	12.810	8.413	18.387	23.888	495.000
20/03/2009	22.328	8.567	18.815	24.336	681.700
21/03/2009	0.036	8.087	19.164	24.169	488.200
22/03/2009	31.497	8.173	19.042	24.137	835.800
23/03/2009	12.987	8.736	19.265	24.868	555.100
24/03/2009	8.935	8.621	18.558	24.189	780.400
25/03/2009	18.017	8.900	18.685	24.568	649.500
26/03/2009	8.142	8.941	19.134	24.953	528.800
27/03/2009	1.332	11.178	18.350	26.711	579.900
28/03/2009	20.539	10.215	18.491	25.802	621.300
29/03/2009	9.171	9.319	18.488	24.852	963.400
30/03/2009	3.615	11.383	18.337	26.926	493.700
31/03/2009	16.243	7.758	19.012	23.688	815.500
01/04/2009	5.263	10.343	18.531	25.942	465.100
02/04/2009	0.264	9.341	17.839	24.362	565.600
03/04/2009	9.323	10.767	17.977	26.009	462.900
04/04/2009	6.467	9.933	18.740	25.685	787.100
05/04/2009	0.273	12.422	17.326	27.363	339.000
06/04/2009	0.000	10.383	19.688	26.922	279.400
07/04/2009	0.213	10.859	18.395	26.458	260.400
08/04/2009	15.451	7.465	18.682	23.118	418.500
09/04/2009	0.418	9.779	17.978	24.955	284.200
10/04/2009	15.346	10.302	18.312	25.759	258.800
11/04/2009	10.967	11.015	18.773	26.874	243.000
12/04/2009	28.119	9.816	19.044	25.794	524.500
13/04/2009	4.394	10.467	18.381	26.000	279.100
14/04/2009	8.423	9.253	19.001	25.209	278.200
15/04/2009	1.337	10.909	18.683	26.730	286.600
16/04/2009	6.366	11.513	18.525	27.259	451.500
17/04/2009	10.336	10.064	19.544	26.477	276.500
18/04/2009	10.283	10.127	19.551	26.555	451.500
19/04/2009	3.914	11.129	19.249	27.411	235.500
20/04/2009	11.974	8.707	19.785	25.286	196.900
21/04/2009	5.191	8.712	20.244	25.654	244.300
22/04/2009	13.405	10.378	18.762	26.263	207.800
23/04/2009	13.201	10.839	19.103	27.022	246.400
24/04/2009	19.720	10.220	20.116	27.124	275.100
25/04/2009	3.113	11.578	17.964	27.032	220.800
26/04/2009	13.541	10.325	18.647	26.176	331.500
27/04/2009	0.275	11.184	19.781	27.958	187.400
28/04/2009	14.764	9.856	20.506	27.122	187.800
29/04/2009	5.950	10.919	19.039	27.128	170.100
30/04/2009	26.278	7.529	19.581	24.057	1014.000
01/05/2009	0.960	10.158	18.420	25.860	314.000
02/05/2009	39.127	9.671	19.099	25.840	448.100
03/05/2009	12.028	7.972	18.797	23.878	435.700
04/05/2009	10.902	8.354	18.574	24.105	827.900
05/05/2009	0.000	10.324	17.990	25.795	339.000
06/05/2009	2.752	10.846	18.372	26.661	312.200
07/05/2009	9.684	10.325	18.856	26.462	397.300
08/05/2009	25.043	9.714	18.876	25.847	948.200
09/05/2009	5.152	10.406	18.045	25.996	447.600
10/05/2009	1.880	11.775	18.994	28.188	260.400
11/05/2009	14.363	10.106	19.802	26.975	230.000
12/05/2009	6.088	12.435	17.830	28.163	397.300
13/05/2009	15.452	10.852	18.983	27.196	315.700
14/05/2009	1.683	10.378	18.350	26.249	274.700
15/05/2009	5.749	9.266	18.109	24.878	266.700
16/05/2009	0.226	11.228	17.513	26.625	206.500
17/05/2009	29.064	8.849	18.844	24.936	1372.000
18/05/2009	0.000	10.848	18.087	26.602	304.500
19/05/2009	9.577	10.038	19.324	26.629	263.600
20/05/2009	5.962	10.298	19.711	27.227	327.600
21/05/2009	11.363	9.728	18.981	26.051	346.800
22/05/2009	0.194	10.238	18.817	26.552	213.500
23/05/2009	0.267	10.184	19.048	26.693	159.400
24/05/2009	8.215	11.675	17.597	27.331	190.100
25/05/2009	12.552	11.574	17.932	27.443	316.700
26/05/2009	0.460	11.606	17.773	27.404	195.600
27/05/2009	3.562	10.507	18.762	26.891	182.400
28/05/2009	12.711	9.490	18.142	25.295	198.000
29/05/2009	6.928	8.174	19.384	24.782	254.100
30/05/2009	0.469	11.404	17.327	26.881	192.900
31/05/2009	14.687	10.135	18.167	26.067	199.700
01/06/2009	0.452	11.325	18.376	27.578	179.200
02/06/2009	0.000	12.432	18.654	29.041	143.000
03/06/2009	0.569	10.339	19.666	27.372	125.700
04/06/2009	1.954	10.559	20.170	27.997	120.800
05/06/2009	12.305	6.618	19.714	23.520	243.600
06/06/2009	2.652	10.772	18.522	27.052	197.600
07/06/2009	2.347	8.274	18.686	24.427	186.000
08/06/2009	3.879	10.128	18.891	26.608	315.000
09/06/2009	7.592	11.100	18.208	27.249	219.800
10/06/2009	35.232	9.381	18.840	25.749	437.200
11/06/2009	6.126	9.952	19.041	26.545	405.900
12/06/2009	5.836	9.691	18.613	25.910	180.200
13/06/2009	14.078	7.539	18.349	23.410	260.400
14/06/2009	1.425	7.761	17.932	23.276	235.100
15/06/2009	6.192	10.073	16.965	25.209	250.900
16/06/2009	6.291	10.089	18.696	26.484	206.500
17/06/2009	10.424	10.408	18.411	26.642	343.800
18/06/2009	0.043	9.608	18.712	25.953	153.600
19/06/2009	9.562	9.708	18.272	25.792	148.900
20/06/2009	8.313	10.104	18.363	26.259	167.000
21/06/2009	14.136	10.093	17.994	25.999	360.400
22/06/2009	22.179	7.907	18.497	23.938	429.100
23/06/2009	5.367	7.969	18.467	23.943	288.600
24/06/2009	0.000	9.652	17.911	25.465	236.400
25/06/2009	10.091	8.728	16.859	23.634	252.500
26/06/2009	0.000	10.766	18.440	27.096	168.300
27/06/2009	0.362	11.157	18.317	27.422	138.400
28/06/2009	5.031	9.867	17.885	25.641	136.000
29/06/2009	3.972	9.693	19.041	26.278	215.600
30/06/2009	14.696	9.290	18.172	25.195	258.300
01/07/2009	9.615	9.828	18.510	26.052	201.000
02/07/2009	9.683	9.074	18.884	25.467	224.400
03/07/2009	0.000	8.964	18.791	25.299	166.400
04/07/2009	4.027	10.118	18.699	26.509	143.000
05/07/2009	0.097	10.100	18.451	26.304	171.500
06/07/2009	9.530	9.551	18.057	25.401	157.800
07/07/2009	3.720	10.402	18.826	26.920	140.700
08/07/2009	14.142	8.258	19.323	24.929	133.300
09/07/2009	4.270	10.383	18.522	26.653	152.400
10/07/2009	0.763	10.289	18.262	26.359	134.400
11/07/2009	7.341	9.407	18.235	25.323	180.400
12/07/2009	1.267	9.866	18.494	26.052	145.400
13/07/2009	0.000	12.274	16.964	27.744	148.900
14/07/2009	0.094	10.166	18.172	26.081	137.200
15/07/2009	4.043	10.562	18.340	26.651	119.400
16/07/2009	0.000	11.564	18.172	27.661	105.600
17/07/2009	0.905	10.859	19.714	27.945	93.810
18/07/2009	1.095	11.749	18.584	28.158	123.100
19/07/2009	2.690	12.074	18.471	28.429	115.500
20/07/2009	13.489	11.049	19.500	27.996	151.200
21/07/2009	9.303	8.711	18.374	24.596	314.000
22/07/2009	2.752	8.829	18.969	25.167	188.800
23/07/2009	5.241	9.647	18.161	25.468	193.900
24/07/2009	0.388	10.467	19.382	27.249	122.900
25/07/2009	1.194	11.158	18.820	27.619	105.600
26/07/2009	1.196	10.143	19.190	26.749	94.800
27/07/2009	1.921	11.389	19.526	28.328	93.810
28/07/2009	2.874	10.726	19.349	27.445	93.810
29/07/2009	3.197	10.793	19.012	27.254	90.850
30/07/2009	2.030	10.829	19.544	27.666	87.900
31/07/2009	0.858	10.772	18.343	26.728	98.740
01/08/2009	1.059	10.939	18.606	27.094	103.700
02/08/2009	1.036	11.147	19.760	28.172	106.600
03/08/2009	0.114	11.602	19.672	28.577	96.770
04/08/2009	10.448	10.995	19.626	27.866	117.100
05/08/2009	5.499	10.126	20.174	27.317	81.040
06/08/2009	14.298	8.786	19.416	25.317	151.200
07/08/2009	17.806	11.263	18.097	27.020	140.600
08/08/2009	2.294	9.480	19.124	25.831	114.500
09/08/2009	6.532	9.808	18.981	26.048	166.800
10/08/2009	0.000	11.049	18.224	26.850	112.500
11/08/2009	3.549	10.217	18.878	26.395	90.010
12/08/2009	4.476	11.079	18.935	27.342	89.020
13/08/2009	11.770	11.487	19.170	27.933	110.600
14/08/2009	8.766	10.157	19.096	26.451	107.600
15/08/2009	3.077	9.275	18.071	24.757	188.800
16/08/2009	4.558	9.518	18.408	25.262	120.000
17/08/2009	16.058	10.439	18.686	26.439	106.600
18/08/2009	14.214	10.063	18.939	26.206	214.200
19/08/2009	0.864	10.448	18.661	26.422	158.200
20/08/2009	16.137	9.813	18.677	25.760	257.200
21/08/2009	13.319	8.987	18.538	24.789	254.100
22/08/2009	8.401	10.498	18.119	26.060	216.900
23/08/2009	8.567	11.305	17.674	26.597	468.200
24/08/2009	1.005	10.650	18.811	26.693	231.600
25/08/2009	4.895	10.650	18.981	26.849	230.500
26/08/2009	5.783	9.960	19.308	26.317	245.000
27/08/2009	4.175	11.361	18.142	27.003	225.900
28/08/2009	0.254	11.666	18.096	27.262	112.500
29/08/2009	1.138	10.366	19.448	26.814	107.600
30/08/2009	13.543	10.191	18.169	25.719	123.100
31/08/2009	0.698	11.033	18.238	26.705	144.800
01/09/2009	0.659	11.481	17.077	26.406	118.500
02/09/2009	0.356	10.982	19.624	27.644	124.100
03/09/2009	5.293	12.849	18.363	28.746	109.600
04/09/2009	7.884	10.247	19.952	27.065	91.840
05/09/2009	2.698	12.132	19.581	28.831	75.360
06/09/2009	0.000	12.703	18.938	29.017	71.370
07/09/2009	0.829	10.195	20.067	27.151	64.980
08/09/2009	1.295	12.100	18.555	28.081	86.630
09/09/2009	13.245	9.935	19.959	26.759	88.040
10/09/2009	10.517	11.006	18.693	26.972	94.800
11/09/2009	0.000	11.456	18.449	27.295	83.110
12/09/2009	6.293	10.251	19.606	26.830	74.140
13/09/2009	0.377	10.620	18.057	26.062	110.400
14/09/2009	6.240	11.048	19.001	27.185	75.360
15/09/2009	33.678	8.356	19.686	24.910	254.000
16/09/2009	10.356	8.168	19.459	24.583	236.400
17/09/2009	2.605	8.669	18.936	24.658	183.900
18/09/2009	4.556	10.990	18.703	26.958	145.400
19/09/2009	1.663	12.853	17.491	28.214	151.200
20/09/2009	20.228	11.421	18.047	26.968	231.400
21/09/2009	3.414	12.191	19.199	28.690	131.400
22/09/2009	22.512	10.888	19.292	27.336	227.200
23/09/2009	4.101	11.624	18.484	27.557	192.900
24/09/2009	0.000	12.181	19.376	28.850	112.500
25/09/2009	0.000	12.675	18.741	28.910	110.600
26/09/2009	0.556	10.516	18.853	26.718	103.700
27/09/2009	3.735	11.561	18.318	27.420	170.100
28/09/2009	2.542	9.952	18.549	25.831	88.080
29/09/2009	0.000	12.771	18.403	28.828	79.350
30/09/2009	0.000	13.147	18.773	29.552	65.780
01/10/2009	0.356	11.418	19.227	28.006	70.570
02/10/2009	4.456	11.596	18.310	27.520	68.180
03/10/2009	17.688	9.642	19.103	25.940	183.600
04/10/2009	8.887	11.138	18.693	27.262	97.750
05/10/2009	1.214	11.217	18.038	26.911	74.140
06/10/2009	6.503	12.281	17.653	27.914	72.970
07/10/2009	23.385	10.362	19.923	27.371	206.500
08/10/2009	0.640	9.992	19.452	26.616	100.700
09/10/2009	0.000	12.316	17.606	27.946	83.340
10/10/2009	0.168	11.316	17.953	27.102	70.570
11/10/2009	22.639	8.879	18.956	25.135	71.370
12/10/2009	22.711	8.084	18.860	24.176	161.100
13/10/2009	4.341	8.087	18.824	24.196	169.500
14/10/2009	13.886	8.420	18.281	24.105	379.400
15/10/2009	8.840	8.936	18.265	24.693	639.500
16/10/2009	1.944	9.743	17.610	25.090	233.900
17/10/2009	0.343	11.712	16.765	26.821	164.400
18/10/2009	15.090	10.312	17.922	26.041	159.400
19/10/2009	16.809	8.693	18.516	24.660	222.800
20/10/2009	9.372	8.815	18.977	25.150	220.000
21/10/2009	7.296	10.602	17.781	26.330	300.900
22/10/2009	2.350	11.877	17.302	27.468	189.000
23/10/2009	3.678	9.999	19.608	27.019	182.000
24/10/2009	11.036	7.486	19.356	24.137	211.100
25/10/2009	21.987	9.673	18.721	26.035	385.500
26/10/2009	0.312	11.026	18.523	27.487	253.500
27/10/2009	2.099	11.130	17.856	27.228	163.500
28/10/2009	23.955	9.860	17.977	25.830	293.400
29/10/2009	4.081	10.868	17.654	26.740	216.900
30/10/2009	40.961	7.571	19.177	24.180	339.000
31/10/2009	0.043	8.977	18.465	25.193	198.300
01/11/2009	12.469	10.130	18.789	26.731	564.100
02/11/2009	11.374	8.488	19.147	25.198	321.100
03/11/2009	2.854	8.607	18.827	25.113	339.000
04/11/2009	0.000	9.615	18.468	25.964	321.100
05/11/2009	7.990	9.765	18.311	26.058	288.600
06/11/2009	16.961	8.801	18.574	25.188	462.900
07/11/2009	8.313	8.702	18.688	25.163	609.900
08/11/2009	6.159	8.386	19.070	25.099	339.000
09/11/2009	9.685	10.275	18.142	26.663	357.600
10/11/2009	6.092	11.502	17.968	28.036	321.100
11/11/2009	19.376	10.159	18.593	26.940	418.500
12/11/2009	19.135	10.092	18.394	26.676	304.500
13/11/2009	11.356	8.379	19.692	25.708	310.800
14/11/2009	13.740	8.704	18.483	25.208	418.500
15/11/2009	0.338	9.305	19.449	26.622	304.500
16/11/2009	13.140	10.149	18.647	27.022	302.900
17/11/2009	18.426	8.390	19.215	25.416	397.300
18/11/2009	1.691	8.042	20.424	25.977	238.200
19/11/2009	5.208	10.330	18.227	26.990	250.900
20/11/2009	0.042	10.704	18.801	27.888	220.600
21/11/2009	2.971	9.541	19.340	26.898	191.500
22/11/2009	0.527	9.459	20.122	27.408	190.100
23/11/2009	10.583	10.144	19.253	27.615	190.100
24/11/2009	2.955	9.733	18.317	26.456	161.700
25/11/2009	6.213	10.357	17.542	26.695	213.500
26/11/2009	2.296	9.105	18.798	26.062	179.400
27/11/2009	5.453	10.168	18.552	27.177	184.700
28/11/2009	20.920	9.804	18.597	26.828	303.100
29/11/2009	3.840	8.129	20.012	25.859	244.300
30/11/2009	0.157	9.512	19.472	27.097	162.900
01/12/2009	5.289	9.676	19.153	27.099	155.900
02/12/2009	0.000	10.556	18.469	27.682	141.900
03/12/2009	2.373	9.783	18.673	26.924	159.400
04/12/2009	0.331	10.596	17.892	27.344	148.900
05/12/2009	0.000	10.553	18.283	27.621	131.400
06/12/2009	12.923	10.254	17.981	26.981	414.300
07/12/2009	2.988	9.858	17.964	26.529	267.300
08/12/2009	0.000	10.544	17.052	26.740	145.400
09/12/2009	4.800	9.937	17.350	26.166	124.700
10/12/2009	3.793	8.945	18.041	25.487	136.100
11/12/2009	0.000	9.437	18.667	26.517	151.200
12/12/2009	8.973	9.612	18.794	26.846	283.800
13/12/2009	6.102	11.025	17.488	27.676	126.700
14/12/2009	0.000	10.525	18.561	27.801	106.600
15/12/2009	0.000	11.051	17.757	27.919	100.700
16/12/2009	0.080	9.395	19.036	26.797	119.200
17/12/2009	7.471	9.824	19.227	27.424	161.800
18/12/2009	15.040	7.904	19.055	25.019	111.600
19/12/2009	25.608	7.213	18.733	23.987	320.500
20/12/2009	0.309	7.388	19.374	24.680	333.100
21/12/2009	6.778	6.827	19.897	24.474	274.100
22/12/2009	3.930	9.088	18.727	26.177	213.300
23/12/2009	13.051	8.035	18.350	24.625	239.600
24/12/2009	1.152	9.729	17.882	26.307	163.700
25/12/2009	18.121	9.611	17.996	26.265	225.900
26/12/2009	23.391	8.486	19.048	25.664	242.200
27/12/2009	0.270	9.006	18.451	25.869	237.100
28/12/2009	1.030	10.316	16.285	25.910	274.100
29/12/2009	0.000	10.970	15.696	26.352	295.500
30/12/2009	0.000	10.144	17.762	26.741	250.900
31/12/2009	0.000	11.644	16.019	27.488	176.300
01/01/2010	0.000	10.644	16.004	26.206	129.500
02/01/2010	0.000	10.456	16.949	26.507	114.200
03/01/2010	0.000	11.847	15.897	27.653	96.730
04/01/2010	0.000	11.030	15.917	26.625	86.660
05/01/2010	0.000	11.268	15.392	26.547	79.660
06/01/2010	0.000	10.748	15.587	25.961	74.420
07/01/2010	0.000	10.654	16.783	26.578	72.670
08/01/2010	0.000	10.368	18.750	27.615	69.170
09/01/2010	0.000	10.606	18.580	27.805	66.550
10/01/2010	1.387	8.636	18.964	25.689	63.930
11/01/2010	0.000	9.529	18.044	25.978	74.420
12/01/2010	0.000	10.079	17.749	26.474	70.920
13/01/2010	0.000	10.136	17.778	26.535	60.430
14/01/2010	0.000	12.192	16.067	27.961	57.160
15/01/2010	0.000	11.180	18.138	28.081	54.120
16/01/2010	0.000	11.076	19.513	28.840	51.840
17/01/2010	0.000	11.069	19.435	28.773	49.560
18/01/2010	0.000	11.353	18.436	28.398	48.040
19/01/2010	0.000	9.996	19.188	27.353	46.520
01/02/2010	0.000	12.877	18.709	30.029	53.360
02/02/2010	0.000	12.879	19.251	30.346	51.840
03/02/2010	0.000	12.326	19.789	30.035	47.280
04/02/2010	0.000	12.909	19.969	30.801	44.320
05/02/2010	6.472	11.470	19.842	29.068	36.670
06/02/2010	8.199	8.825	20.185	26.311	40.760
07/02/2010	0.064	10.608	19.062	27.419	73.540
08/02/2010	0.000	10.834	17.901	26.862	56.330
09/02/2010	1.956	9.161	20.249	26.672	50.320
10/02/2010	0.000	10.998	18.407	27.334	54.120
11/02/2010	0.000	10.588	19.670	27.808	53.360
12/02/2010	0.000	12.552	19.892	30.134	53.360
13/02/2010	0.000	11.386	18.583	27.952	48.040
14/02/2010	3.887	7.780	19.783	24.897	50.320
15/02/2010	0.985	11.705	18.445	28.060	52.600
16/02/2010	1.149	10.805	18.936	27.350	50.320
17/02/2010	0.824	9.873	19.996	27.132	50.320
18/02/2010	0.000	10.503	18.490	26.717	50.320
19/02/2010	0.000	9.685	20.429	27.218	46.520
20/02/2010	2.768	9.584	20.131	26.779	48.040
21/02/2010	9.918	12.250	19.394	29.132	47.280
22/02/2010	0.430	11.935	19.339	28.727	46.520
23/02/2010	34.460	7.931	20.166	25.064	120.300
24/02/2010	4.175	10.504	18.844	26.773	78.140
25/02/2010	23.582	10.140	17.731	25.558	195.400
26/02/2010	6.812	8.616	18.805	24.670	89.280
27/02/2010	0.000	11.562	18.110	27.376	79.660
28/02/2010	0.089	10.636	18.765	26.798	57.160
01/03/2010	0.000	12.177	18.690	28.459	62.180
02/03/2010	0.000	10.565	18.971	26.821	51.080
03/03/2010	28.962	9.630	18.765	25.670	63.390
04/03/2010	0.059	10.041	18.929	26.195	70.920
05/03/2010	1.358	9.897	20.339	27.147	48.040
06/03/2010	1.192	11.002	19.491	27.615	51.840
07/03/2010	37.376	9.448	19.860	26.225	79.660
08/03/2010	4.106	9.121	19.669	25.781	87.830
09/03/2010	1.307	11.173	19.472	27.749	88.710
10/03/2010	5.580	11.851	20.609	29.254	102.300
11/03/2010	15.380	10.984	20.381	28.150	467.600
12/03/2010	2.425	10.848	19.910	27.664	186.100
13/03/2010	1.594	10.373	19.751	27.006	170.000
14/03/2010	2.371	11.330	19.865	28.129	77.910
15/03/2010	0.000	12.583	18.089	28.218	70.050
16/03/2010	2.207	11.083	19.081	27.289	77.910
17/03/2010	3.211	9.780	19.932	26.531	97.520
18/03/2010	15.286	10.983	18.494	26.709	134.200
19/03/2010	18.242	11.408	20.054	28.301	149.400
20/03/2010	0.582	11.449	20.230	28.451	135.900
21/03/2010	4.511	11.508	20.013	28.378	209.800
22/03/2010	8.246	11.442	18.438	27.132	118.300
23/03/2010	0.232	12.086	18.959	28.196	155.500
24/03/2010	0.000	12.858	19.760	29.663	107.200
25/03/2010	0.000	11.954	18.629	27.884	60.430
26/03/2010	0.844	10.631	19.786	27.259	77.910
27/03/2010	3.142	11.520	19.762	28.126	91.360
28/03/2010	0.047	10.984	19.991	27.735	78.220
29/03/2010	0.154	11.115	19.840	27.769	57.160
30/03/2010	25.351	7.017	20.363	24.109	110.100
31/03/2010	9.309	11.302	19.686	27.839	117.200
01/04/2010	4.975	10.527	19.964	27.262	110.100
02/04/2010	21.609	11.201	20.334	28.205	121.300
03/04/2010	28.806	7.874	20.267	24.808	205.000
04/04/2010	15.343	9.401	20.108	26.214	169.900
05/04/2010	10.412	10.439	19.834	27.049	281.700
06/04/2010	31.778	9.219	20.170	26.033	258.600
07/04/2010	4.745	10.147	20.144	26.955	204.100
08/04/2010	21.717	10.861	19.028	26.869	280.200
09/04/2010	9.168	10.255	20.333	27.238	223.000
10/04/2010	4.234	11.047	20.203	27.951	288.000
11/04/2010	20.257	9.344	19.919	25.974	310.700
12/04/2010	1.592	10.398	18.888	26.295	368.200
13/04/2010	10.273	8.763	20.103	25.599	307.700
14/04/2010	6.068	9.932	19.371	26.211	279.000
15/04/2010	8.823	9.933	19.545	26.318	272.900
16/04/2010	8.961	8.502	20.026	25.250	209.200
17/04/2010	2.158	12.713	18.849	28.801	168.900
18/04/2010	1.933	12.952	19.013	29.173	154.700
19/04/2010	17.741	7.691	20.499	24.895	221.800
20/04/2010	0.374	12.726	18.073	28.347	175.900
21/04/2010	4.513	11.791	20.044	28.738	139.400
22/04/2010	1.595	12.354	20.352	29.613	141.700
23/04/2010	0.000	12.009	19.922	28.952	124.400
24/04/2010	14.002	9.824	21.137	27.552	134.200
25/04/2010	16.907	10.799	21.381	28.725	178.600
26/04/2010	9.588	9.534	20.205	26.600	142.900
27/04/2010	19.861	10.394	20.292	27.542	138.200
28/04/2010	27.050	9.623	20.315	26.741	199.500
29/04/2010	0.218	11.248	19.914	28.145	364.300
30/04/2010	1.530	9.820	20.833	27.353	312.200
01/05/2010	0.000	9.607	19.730	26.302	365.600
02/05/2010	20.907	9.358	19.538	25.895	382.100
03/05/2010	6.209	7.763	19.353	24.160	244.800
04/05/2010	32.842	7.930	19.465	24.358	1241.000
05/05/2010	23.687	9.424	19.189	25.722	481.100
06/05/2010	5.809	9.557	18.690	25.493	549.900
07/05/2010	5.310	10.706	18.949	26.993	474.800
08/05/2010	11.789	10.532	19.885	27.481	474.800
09/05/2010	13.198	11.227	19.717	28.074	503.900
10/05/2010	11.336	10.543	20.961	28.320	359.600
11/05/2010	9.713	11.051	19.491	27.741	365.900
12/05/2010	16.459	10.450	20.070	27.551	513.500
13/05/2010	4.018	11.475	19.917	28.561	309.400
14/05/2010	3.334	11.117	20.375	28.504	387.300
15/05/2010	2.828	10.664	20.763	28.326	241.200
16/05/2010	9.430	10.806	20.330	28.228	239.500
17/05/2010	16.133	10.231	19.395	26.913	165.100
18/05/2010	3.389	10.520	20.528	28.083	210.500
19/05/2010	4.869	10.504	20.190	27.797	198.200
20/05/2010	28.773	9.761	19.985	26.866	487.000
21/05/2010	20.412	8.028	19.952	25.100	448.800
22/05/2010	11.491	8.931	18.756	25.047	223.600
23/05/2010	14.952	9.366	19.660	26.233	568.500
24/05/2010	0.814	8.814	20.016	25.927	167.300
25/05/2010	17.605	8.114	19.730	24.968	379.000
26/05/2010	34.557	7.507	20.083	24.650	613.900
27/05/2010	7.732	5.789	19.628	22.624	759.800
28/05/2010	0.764	10.201	17.532	25.602	438.500
29/05/2010	2.957	11.082	18.599	27.379	341.900
30/05/2010	6.638	9.987	19.606	26.932	170.300
31/05/2010	14.629	7.846	19.997	24.965	601.000
01/06/2010	3.654	10.993	18.980	27.635	429.600
02/06/2010	4.843	10.110	19.173	26.773	319.100
03/06/2010	11.311	9.249	18.625	25.407	515.500
04/06/2010	5.802	10.221	18.221	26.214	307.500
05/06/2010	4.581	10.889	18.831	27.435	257.700
06/06/2010	7.597	10.524	19.312	27.336	275.900
07/06/2010	0.146	11.425	19.376	28.423	206.400
08/06/2010	2.191	9.092	18.507	25.231	196.900
09/06/2010	2.836	9.841	18.382	25.959	178.700
10/06/2010	1.614	9.187	19.597	26.113	173.800
11/06/2010	6.643	10.059	18.215	26.054	211.900
12/06/2010	20.097	10.612	19.096	27.342	362.000
13/06/2010	18.223	10.206	18.459	26.423	312.700
14/06/2010	12.515	8.882	18.273	24.781	445.900
15/06/2010	4.394	9.054	18.811	25.406	314.200
16/06/2010	11.531	8.208	19.379	24.953	285.000
17/06/2010	2.188	11.089	18.417	27.442	247.300
18/06/2010	2.299	9.259	19.352	26.089	217.400
19/06/2010	19.921	10.379	19.054	27.113	259.800
20/06/2010	11.619	5.409	19.526	22.246	514.900
25/06/2010	12.845	9.477	19.225	26.209	438.100
03/07/2010	5.883	10.198	18.298	26.315	202.300
04/07/2010	12.893	9.576	18.599	25.814	235.100
05/07/2010	7.129	8.606	19.054	25.109	322.700
06/07/2010	16.117	7.271	19.342	23.891	309.100
07/07/2010	6.981	7.679	18.891	23.951	295.300
08/07/2010	1.740	7.716	18.997	24.099	288.800
09/07/2010	9.965	10.101	19.135	26.782	309.100
10/07/2010	10.295	9.964	19.853	27.158	262.300
11/07/2010	30.313	6.675	19.392	23.343	389.500
12/07/2010	2.302	8.521	18.318	24.390	458.600
13/07/2010	11.626	8.682	18.568	24.792	406.900
14/07/2010	12.781	9.828	19.013	26.349	423.100
15/07/2010	34.278	6.915	19.333	23.533	515.900
16/07/2010	25.708	6.159	18.685	22.238	429.300
17/07/2010	5.846	9.656	18.696	25.866	479.300
18/07/2010	14.402	8.313	19.138	24.760	586.000
19/07/2010	8.154	10.395	18.817	26.811	387.400
20/07/2010	3.138	9.301	19.058	25.767	322.000
21/07/2010	9.044	9.246	18.660	25.416	460.800
22/07/2010	1.815	11.190	18.366	27.347	256.200
23/07/2010	6.582	9.987	18.561	26.121	283.400
24/07/2010	1.017	9.265	19.522	26.028	234.100
25/07/2010	0.381	10.855	18.775	27.212	209.200
26/07/2010	18.763	8.846	18.885	25.080	191.900
27/07/2010	29.818	9.021	19.442	25.663	253.600
28/07/2010	26.938	9.790	18.596	25.850	231.100
29/07/2010	0.720	8.665	18.640	24.677	288.100
30/07/2010	3.925	10.409	18.344	26.333	242.700
31/07/2010	11.136	7.924	19.501	24.552	347.200
01/08/2010	8.298	7.425	18.131	23.012	348.600
02/08/2010	9.102	10.621	17.531	25.971	427.200
03/08/2010	11.574	8.295	19.086	24.542	374.000
04/08/2010	0.388	10.290	18.939	26.573	328.700
05/08/2010	4.434	11.892	18.347	27.929	259.200
06/08/2010	7.513	9.893	19.810	26.779	384.700
07/08/2010	10.261	9.305	18.328	24.994	417.200
08/08/2010	0.313	10.194	19.167	26.587	251.700
09/08/2010	0.146	9.332	20.029	26.337	238.600
10/08/2010	2.401	10.214	18.751	26.302	295.300
11/08/2010	1.055	10.124	19.174	26.490	230.400
12/08/2010	0.000	10.665	18.876	26.865	178.300
13/08/2010	7.337	10.389	18.503	26.262	425.800
14/08/2010	2.601	8.603	18.542	24.366	205.100
15/08/2010	13.212	11.432	17.901	26.946	151.200
16/08/2010	2.407	10.458	18.596	26.400	177.100
17/08/2010	4.228	10.515	18.177	26.163	183.700
18/08/2010	20.995	9.598	17.927	24.913	345.900
19/08/2010	0.542	8.974	19.586	25.544	207.800
20/08/2010	22.596	9.050	18.549	24.795	537.100
21/08/2010	3.673	10.630	17.446	25.702	205.100
22/08/2010	6.381	10.950	18.781	26.999	198.900
23/08/2010	0.000	10.648	19.253	27.032	157.100
24/08/2010	5.556	10.611	18.394	26.358	132.600
25/08/2010	10.346	9.367	18.608	25.158	166.400
26/08/2010	25.015	9.663	19.022	25.782	388.400
27/08/2010	7.352	8.734	18.472	24.384	502.400
28/08/2010	13.877	10.326	17.948	25.674	452.400
29/08/2010	18.130	9.309	18.612	25.094	387.300
30/08/2010	0.000	11.356	17.815	26.750	217.400
31/08/2010	6.318	10.156	18.651	26.013	235.000
01/09/2010	18.979	8.807	19.436	25.199	710.900
02/09/2010	5.839	8.403	18.924	24.420	313.700
03/09/2010	2.275	9.154	18.824	25.110	279.500
04/09/2010	5.446	10.404	18.621	26.266	257.700
05/09/2010	16.436	9.811	17.892	25.061	465.500
06/09/2010	0.282	8.610	18.525	24.254	211.500
07/09/2010	17.720	8.344	18.094	23.638	575.800
08/09/2010	5.399	9.245	17.962	24.481	457.100
09/09/2010	9.497	10.152	18.619	25.920	610.600
10/09/2010	14.342	11.593	18.388	27.328	504.400
11/09/2010	3.762	10.270	19.100	26.451	319.700
12/09/2010	32.817	10.752	19.266	27.049	1152.000
13/09/2010	10.963	8.851	19.765	25.468	574.000
14/09/2010	11.070	10.794	18.193	26.366	780.700
15/09/2010	0.410	11.299	17.568	26.513	357.200
16/09/2010	10.524	10.624	18.504	26.429	333.300
17/09/2010	1.086	9.114	18.703	24.956	303.500
18/09/2010	8.709	10.223	18.977	26.328	327.200
19/09/2010	2.448	10.229	17.387	25.147	261.900
20/09/2010	28.042	8.761	18.198	24.172	595.000
21/09/2010	17.534	8.038	18.658	23.786	612.900
22/09/2010	9.245	9.365	18.036	24.698	548.600
23/09/2010	17.279	9.940	17.820	25.185	744.200
24/09/2010	13.774	8.922	18.094	24.347	410.000
25/09/2010	7.368	9.409	18.368	25.036	321.800
26/09/2010	2.057	9.706	17.881	24.999	325.500
27/09/2010	39.893	7.499	18.250	22.971	1011.000
28/09/2010	0.000	10.380	18.698	26.349	405.200
29/09/2010	10.517	11.553	18.565	27.536	372.600
30/09/2010	6.555	9.685	17.679	24.858	500.300
01/10/2010	8.067	10.954	17.743	26.320	303.600
02/10/2010	10.792	7.779	18.547	23.512	451.300
03/10/2010	3.246	11.003	17.862	26.471	282.300
04/10/2010	16.598	8.783	17.955	24.131	1089.000
05/10/2010	17.056	8.832	18.573	24.654	729.400
06/10/2010	9.320	8.558	18.948	24.705	452.200
07/10/2010	17.605	11.199	18.621	27.318	915.300
08/10/2010	13.171	10.875	18.978	27.262	643.500
09/10/2010	13.689	10.472	18.180	26.262	553.600
10/10/2010	0.195	10.405	19.222	27.051	365.500
11/10/2010	0.247	10.482	19.504	27.292	304.500
12/10/2010	1.821	10.440	19.140	27.004	280.400
13/10/2010	3.726	11.352	18.462	27.522	254.000
14/10/2010	9.015	9.970	18.940	26.362	217.900
15/10/2010	13.290	9.030	18.414	24.901	248.900
16/10/2010	5.064	8.371	18.353	24.172	260.300
17/10/2010	9.919	8.466	18.291	24.279	266.000
18/10/2010	8.581	8.257	17.715	23.642	377.300
19/10/2010	3.019	10.302	18.025	26.089	307.700
20/10/2010	10.983	7.769	18.679	23.799	456.800
21/10/2010	3.718	9.949	16.474	24.603	398.700
22/10/2010	3.421	8.712	18.010	24.379	298.100
23/10/2010	5.618	8.517	17.562	23.824	233.300
24/10/2010	5.620	9.310	18.426	25.374	265.300
25/10/2010	7.047	8.469	18.980	24.888	305.400
26/10/2010	0.000	8.599	18.225	24.485	229.000
27/10/2010	7.122	7.886	19.324	24.602	372.500
28/10/2010	2.681	9.850	18.154	25.852	261.300
29/10/2010	9.810	9.968	17.376	25.455	340.300
30/10/2010	1.333	9.259	18.227	25.266	331.500
31/10/2010	11.483	9.170	17.946	25.016	236.300
01/11/2010	26.961	9.401	18.219	25.512	427.800
02/11/2010	5.615	10.078	18.613	26.616	498.900
03/11/2010	20.260	9.921	18.275	26.156	909.900
04/11/2010	14.609	9.925	19.690	27.237	512.300
05/11/2010	15.933	9.899	19.453	27.045	420.600
06/11/2010	19.237	8.060	19.196	24.797	679.600
07/11/2010	16.087	7.654	19.244	24.432	1087.000
08/11/2010	0.947	6.936	19.336	23.766	529.200
09/11/2010	1.728	7.749	18.503	23.974	709.500
10/11/2010	7.624	8.521	18.535	24.903	578.600
11/11/2010	2.149	8.736	18.041	24.797	536.200
12/11/2010	19.170	9.684	17.874	25.801	769.600
13/11/2010	4.883	7.301	19.560	24.378	697.900
14/11/2010	38.131	8.614	18.483	25.055	1159.000
15/11/2010	14.862	7.897	17.802	23.740	872.100
16/11/2010	0.000	8.566	18.436	24.968	565.900
17/11/2010	52.076	6.436	18.420	22.608	984.500
18/11/2010	0.587	7.594	18.343	23.831	716.200
19/11/2010	0.495	8.244	18.195	24.455	564.600
20/11/2010	0.306	9.041	17.724	25.094	452.000
21/11/2010	1.569	9.277	18.347	25.824	516.000
22/11/2010	2.062	8.811	18.948	25.751	385.200
23/11/2010	19.073	8.415	18.743	25.128	703.000
24/11/2010	2.538	8.118	18.442	24.577	526.900
25/11/2010	2.284	8.864	19.039	25.930	430.600
26/11/2010	0.128	8.843	18.782	25.740	334.900
27/11/2010	14.541	8.103	19.260	25.235	458.200
28/11/2010	11.438	9.212	18.475	25.969	332.700
29/11/2010	27.171	7.939	19.997	25.644	666.000
30/11/2010	5.346	9.252	18.180	25.824	406.100
01/12/2010	14.549	8.706	18.458	25.369	549.500
02/12/2010	4.269	9.005	18.988	26.160	653.500
03/12/2010	3.649	7.278	18.894	24.068	513.500
04/12/2010	64.651	4.561	19.081	21.420	1678.000
05/12/2010	0.000	9.171	17.997	25.638	654.100
06/12/2010	0.000	10.188	17.644	26.702	433.000
07/12/2010	0.652	8.731	18.375	25.451	371.000
08/12/2010	4.568	8.979	17.722	25.240	348.600
09/12/2010	4.125	9.843	17.859	26.485	476.900
10/12/2010	2.866	8.971	17.766	25.289	407.500
11/12/2010	7.440	8.525	18.424	25.211	380.800
12/12/2010	0.691	8.299	19.042	25.413	282.000
13/12/2010	13.143	6.126	20.145	23.913	597.100
14/12/2010	2.098	7.735	19.776	25.353	479.100
15/12/2010	9.641	6.442	19.138	23.410	262.300
17/12/2010	7.745	8.624	18.471	25.400	322.000
18/12/2010	19.945	8.615	18.693	25.539	312.100
19/12/2010	2.562	8.311	17.408	24.211	494.300
20/12/2010	2.646	6.268	18.414	22.622	1172.000
21/12/2010	0.000	7.950	17.198	23.608	539.200
22/12/2010	0.000	8.952	17.055	24.781	369.700
23/12/2010	0.000	8.384	18.041	24.744	313.700
24/12/2010	0.591	8.627	18.282	25.275	291.100
25/12/2010	1.297	8.926	18.317	25.656	253.200
26/12/2010	22.480	9.257	18.273	26.013	266.800
27/12/2010	1.908	9.225	17.875	25.698	245.600
28/12/2010	0.587	9.742	17.469	26.042	235.600
29/12/2010	1.486	9.276	19.811	27.154	227.400
30/12/2010	0.000	10.131	17.682	26.674	183.900
31/12/2010	0.000	11.042	17.276	27.499	201.100
01/01/2011	0.000	9.911	17.762	26.397	222.800
02/01/2011	0.000	9.555	17.914	26.031	236.800
03/01/2011	0.000	9.275	17.469	25.353	182.800
04/01/2011	1.303	9.392	16.282	24.631	224.700
05/01/2011	9.131	9.314	18.243	25.936	525.900
06/01/2011	0.000	9.552	18.219	26.218	307.100
07/01/2011	9.473	7.185	18.603	23.727	385.700
08/01/2011	2.471	8.281	18.458	24.876	268.300
09/01/2011	6.744	8.370	18.881	25.283	262.300
10/01/2011	2.930	9.173	18.600	26.012	211.900
11/01/2011	1.378	9.730	18.190	26.362	187.500
12/01/2011	0.000	10.118	18.647	27.160	168.900
13/01/2011	4.816	9.283	18.467	26.004	153.500
14/01/2011	0.000	10.390	17.744	26.811	144.100
15/01/2011	0.000	11.373	16.557	27.208	134.700
16/01/2011	3.094	9.738	17.692	25.917	177.700
17/01/2011	0.908	9.972	17.770	26.301	165.300
18/01/2011	4.049	9.735	18.185	26.224	239.200
19/01/2011	0.000	9.719	18.344	26.339	203.300
20/01/2011	0.000	10.739	17.243	26.727	153.500
21/01/2011	0.000	10.474	16.693	25.972	122.400
22/01/2011	0.000	11.376	16.045	26.635	112.100
23/01/2011	0.000	9.782	16.978	25.323	104.900
24/01/2011	0.000	10.599	17.481	26.650	101.900
25/01/2011	0.000	10.046	17.125	25.661	95.700
26/01/2011	0.000	10.882	17.102	26.663	102.900
27/01/2011	65.243	9.593	17.660	25.483	182.600
28/01/2011	2.674	10.395	17.196	26.080	134.000
29/01/2011	0.000	10.727	17.320	26.519	127.200
30/01/2011	0.000	10.703	18.375	27.227	132.200
31/01/2011	1.086	10.623	17.523	26.567	126.200
01/02/2011	1.624	9.726	18.593	26.218	126.100
02/02/2011	0.513	11.802	18.259	28.392	101.900
03/02/2011	0.000	11.415	17.102	27.115	90.150
04/02/2011	13.563	10.349	18.262	26.676	121.300
05/02/2011	0.706	10.677	18.269	26.959	122.100
06/02/2011	0.000	9.562	18.948	26.148	94.980
07/02/2011	13.123	7.715	19.000	24.142	133.000
08/02/2011	0.000	7.086	18.887	23.368	112.100
09/02/2011	2.043	9.739	18.031	25.584	201.600
10/02/2011	2.568	10.113	18.638	26.432	224.700
11/02/2011	14.691	9.816	17.862	25.539	227.000
12/02/2011	5.600	10.038	18.282	26.089	196.900
13/02/2011	8.699	8.176	19.442	24.890	170.000
14/02/2011	24.376	9.048	18.211	24.846	355.200
15/02/2011	0.625	10.028	18.167	25.911	195.900
16/02/2011	20.822	7.266	19.201	23.728	242.600
17/02/2011	22.203	8.415	18.343	24.225	352.300
18/02/2011	5.350	8.793	18.359	24.608	283.200
19/02/2011	0.074	9.922	18.068	25.651	236.000
20/02/2011	0.000	10.931	17.374	26.244	190.400
21/02/2011	0.000	12.129	15.858	26.578	145.300
22/02/2011	0.000	11.455	17.288	26.741	127.500
23/02/2011	1.757	8.523	18.901	24.685	146.500
24/02/2011	0.682	7.598	19.167	23.906	252.600
25/02/2011	1.672	9.775	18.487	25.651	238.000
26/02/2011	3.835	10.672	18.561	26.683	167.700
27/02/2011	35.727	8.593	18.706	24.487	246.600
28/02/2011	1.962	9.939	18.823	26.019	172.800
01/03/2011	50.968	8.461	18.987	24.578	574.800
02/03/2011	21.755	7.360	18.993	23.490	711.500
03/03/2011	10.756	7.362	18.855	23.340	765.700
04/03/2011	0.000	8.641	18.331	24.230	655.800
05/03/2011	0.120	9.616	17.344	24.478	526.600
06/03/2011	0.282	8.707	18.292	24.214	564.000
07/03/2011	2.751	9.485	17.737	24.622	473.000
08/03/2011	8.338	9.050	18.805	24.969	385.200
09/03/2011	18.808	9.768	18.488	25.471	570.100
10/03/2011	48.867	7.468	18.629	23.156	730.100
11/03/2011	0.000	10.082	17.812	25.286	503.500
12/03/2011	1.564	9.933	18.288	25.452	625.000
13/03/2011	0.000	10.770	17.438	25.730	392.400
14/03/2011	0.000	10.617	17.821	25.812	320.400
15/03/2011	0.184	12.122	16.578	26.610	266.800
16/03/2011	2.027	11.073	18.151	26.520	266.800
17/03/2011	0.000	10.500	18.275	25.991	240.400
18/03/2011	5.907	10.594	18.762	26.468	199.600
19/03/2011	14.592	9.994	18.797	25.843	225.600
20/03/2011	32.897	9.922	18.539	25.554	346.700
21/03/2011	18.205	9.255	18.679	24.983	376.400
22/03/2011	25.235	9.882	18.177	25.234	427.200
23/03/2011	0.341	8.840	19.118	24.850	525.000
24/03/2011	2.882	11.128	18.632	26.911	370.400
25/03/2011	24.594	10.438	18.965	26.414	524.300
26/03/2011	6.035	10.512	19.384	26.776	452.100
27/03/2011	14.591	11.725	19.384	28.080	516.900
28/03/2011	15.901	10.902	20.094	27.725	468.700
29/03/2011	21.408	12.050	18.465	27.789	397.200
30/03/2011	4.516	12.439	17.526	27.578	354.700
31/03/2011	16.029	12.059	18.289	27.667	419.200
01/04/2011	2.406	12.173	19.429	28.576	275.900
03/04/2011	8.799	9.696	18.968	25.638	518.000
04/04/2011	9.376	10.917	18.722	26.717	499.200
05/04/2011	26.614	9.881	19.759	26.420	628.000
06/04/2011	13.620	8.736	20.135	25.578	869.300
07/04/2011	2.981	11.749	18.785	27.657	442.700
08/04/2011	32.824	9.752	19.613	26.179	1008.000
09/04/2011	10.334	9.688	19.020	25.663	699.600
10/04/2011	41.820	7.453	18.972	23.347	1101.000
11/04/2011	7.822	8.964	19.240	25.078	634.000
12/04/2011	27.650	6.469	18.983	22.448	1013.000
13/04/2011	38.527	9.057	18.637	24.722	1509.000
14/04/2011	6.229	9.642	18.446	25.180	799.300
15/04/2011	29.035	7.474	19.807	24.058	1156.000
16/04/2011	35.040	9.331	18.821	25.190	1274.000
17/04/2011	4.888	8.154	18.990	24.106	1179.000
18/04/2011	15.885	9.857	18.942	25.789	874.200
19/04/2011	26.201	9.353	19.840	25.978	1101.000
20/04/2011	19.344	7.771	19.772	24.360	1229.000
21/04/2011	7.921	8.337	19.115	24.390	1106.000
22/04/2011	6.443	9.175	18.314	24.613	946.600
23/04/2011	7.878	9.750	18.991	25.767	831.300
24/04/2011	2.931	9.945	19.049	26.094	669.600
25/04/2011	43.749	8.596	19.600	25.105	833.300
26/04/2011	15.285	12.313	19.035	28.645	644.300
27/04/2011	16.056	11.872	18.994	28.109	775.800
28/04/2011	22.176	9.512	19.499	25.955	658.100
29/04/2011	0.000	10.710	19.733	27.429	456.000
30/04/2011	6.120	9.574	19.824	26.302	482.900
01/05/2011	10.709	9.591	19.485	26.094	494.600
02/05/2011	14.206	9.910	19.436	26.397	710.800
03/05/2011	22.369	7.412	20.183	24.477	428.600
04/05/2011	4.649	10.044	19.568	26.637	364.400
05/05/2011	7.362	9.576	19.914	26.410	425.900
06/05/2011	2.657	11.458	19.195	27.939	349.300
07/05/2011	2.368	10.547	19.783	27.378	300.900
08/05/2011	7.812	10.514	20.251	27.709	291.900
09/05/2011	5.229	11.316	19.622	28.118	315.000
10/05/2011	18.995	10.458	20.012	27.545	351.300
11/05/2011	21.916	8.675	20.395	25.946	392.700
12/05/2011	26.112	8.205	20.339	25.448	390.000
13/05/2011	5.075	6.963	19.706	23.747	367.500
15/05/2011	1.373	8.958	19.305	25.403	514.600
16/05/2011	19.486	7.943	18.958	24.112	1194.000
17/05/2011	20.311	9.307	19.453	25.959	1294.000
18/05/2011	8.699	7.748	19.103	24.100	826.900
19/05/2011	13.937	8.944	18.971	25.160	639.300
20/05/2011	0.191	8.978	18.427	24.812	508.300
21/05/2011	4.681	9.247	18.956	25.526	407.600
22/05/2011	6.735	9.400	18.953	25.718	412.900
23/05/2011	3.699	9.478	19.186	25.999	446.100
24/05/2011	0.862	10.065	18.778	26.349	364.200
25/05/2011	11.231	9.307	19.188	25.852	419.500
26/05/2011	8.134	8.541	19.074	24.911	369.400
27/05/2011	0.217	10.470	19.081	27.015	322.900
29/05/2011	0.000	9.439	18.706	25.628	268.900
30/05/2011	0.799	9.552	18.994	25.958	244.100
31/05/2011	5.671	9.241	20.272	26.625	233.900
01/06/2011	3.219	9.392	19.631	26.286	246.600
02/06/2011	13.414	7.226	19.346	23.843	411.000
03/06/2011	32.272	8.792	18.368	24.696	489.700
04/06/2011	0.827	7.501	19.619	24.307	358.000
05/06/2011	0.547	10.516	19.093	27.177	379.200
06/06/2011	6.089	10.432	19.193	27.164	392.900
07/06/2011	6.547	8.793	19.206	25.378	380.100
08/06/2011	1.665	9.112	19.032	25.606	339.000
09/06/2011	3.276	9.965	20.025	27.295	282.100
10/06/2011	3.210	10.711	18.663	27.142	246.600
11/06/2011	1.904	10.467	19.721	27.638	228.900
12/06/2011	4.624	10.705	20.057	28.189	213.700
13/06/2011	0.459	9.769	20.112	27.157	195.800
14/06/2011	5.477	9.313	20.491	26.962	192.500
15/06/2011	1.197	9.709	19.360	26.562	176.800
16/06/2011	18.057	10.191	18.333	26.333	216.200
17/06/2011	9.534	8.868	19.358	25.666	198.000
18/06/2011	0.224	9.143	19.231	25.811	176.800
19/06/2011	2.745	8.349	19.041	24.827	185.800
20/06/2011	4.865	10.200	17.750	25.958	301.700
21/06/2011	0.242	10.991	18.031	27.057	213.700
22/06/2011	0.500	10.549	18.831	27.154	185.800
23/06/2011	17.849	8.980	19.193	25.645	313.600
24/06/2011	13.371	10.225	18.503	26.509	398.300
25/06/2011	18.417	7.825	19.025	24.246	378.800
26/06/2011	13.934	9.152	18.942	25.638	317.500
27/06/2011	7.249	8.078	19.218	24.663	321.300
28/06/2011	0.000	10.768	17.798	26.616	202.700
29/06/2011	3.766	9.767	18.802	26.174	174.100
30/06/2011	14.478	9.223	18.965	25.708	181.100
01/07/2011	15.651	9.463	18.708	25.782	311.800
02/07/2011	0.268	10.046	18.270	26.131	171.800
03/07/2011	1.975	11.166	17.478	26.919	292.200
04/07/2011	2.953	8.307	19.138	24.858	255.400
05/07/2011	1.876	10.496	17.926	26.397	171.100
06/07/2011	1.790	8.415	18.615	24.515	216.600
07/07/2011	0.200	10.464	18.125	26.461	169.100
08/07/2011	0.392	11.728	18.156	27.946	138.400
09/07/2011	0.000	9.769	19.763	26.871	137.600
10/07/2011	11.162	11.015	19.419	27.987	159.200
11/07/2011	13.264	10.115	19.051	26.712	142.600
12/07/2011	7.237	9.709	18.847	26.141	135.800
13/07/2011	16.664	8.569	18.109	24.350	210.800
14/07/2011	14.821	8.735	17.647	24.135	169.800
15/07/2011	29.699	7.920	17.910	23.419	460.700
16/07/2011	2.341	9.566	18.395	25.570	234.900
17/07/2011	0.684	10.551	18.148	26.533	178.700
18/07/2011	13.444	9.144	18.891	25.515	186.800
19/07/2011	0.731	10.505	18.977	27.081	199.700
20/07/2011	1.281	9.105	20.006	26.347	161.000
21/07/2011	2.562	10.139	19.138	26.737	206.900
22/07/2011	0.385	11.778	18.885	28.368	142.500
23/07/2011	0.000	10.453	20.318	27.919	145.400
24/07/2011	4.192	10.457	18.347	26.435	138.500
25/07/2011	0.280	10.362	19.717	27.347	130.700
26/07/2011	7.939	10.927	19.641	27.891	133.600
27/07/2011	3.376	10.026	19.501	26.786	125.900
28/07/2011	15.178	10.124	19.189	26.634	125.900
29/07/2011	24.070	8.015	18.376	23.805	546.500
30/07/2011	7.832	6.443	19.209	22.828	301.900
31/07/2011	2.622	10.195	16.763	24.910	180.400
01/08/2011	0.908	10.979	16.897	25.952	143.300
02/08/2011	9.334	11.013	18.483	27.100	174.200
03/08/2011	17.138	9.507	19.039	25.837	358.200
04/08/2011	3.018	10.774	18.455	26.770	183.400
05/08/2011	2.708	11.507	18.855	27.890	402.900
06/08/2011	1.384	12.117	18.217	28.118	164.100
07/08/2011	3.616	11.494	19.352	28.192	144.100
08/08/2011	0.000	11.371	18.570	27.517	141.500
09/08/2011	0.000	10.525	18.890	26.812	137.700
10/08/2011	1.634	12.133	17.991	27.906	146.800
11/08/2011	1.361	10.873	19.433	27.516	135.000
12/08/2011	16.795	9.210	18.634	25.096	151.900
13/08/2011	3.011	10.089	18.544	25.981	148.700
14/08/2011	1.034	10.306	18.741	26.343	173.400
15/08/2011	6.251	8.732	19.026	24.903	143.800
16/08/2011	9.062	10.620	18.259	26.314	152.600
17/08/2011	10.247	10.101	17.792	25.387	174.800
18/08/2011	11.112	11.678	18.174	27.439	204.500
19/08/2011	31.820	7.864	18.369	23.455	385.900
20/08/2011	1.334	9.455	17.562	24.513	167.200
21/08/2011	0.117	10.010	18.174	25.576	171.500
22/08/2011	12.127	9.849	18.278	25.422	268.500
23/08/2011	11.448	9.468	19.648	26.080	230.800
24/08/2011	18.097	8.481	18.843	24.414	492.200
25/08/2011	6.148	10.303	18.167	25.839	194.200
26/08/2011	4.429	10.332	18.696	26.244	152.600
27/08/2011	0.000	11.550	18.677	27.573	146.200
28/08/2011	17.962	9.787	18.302	25.376	349.500
29/08/2011	8.136	10.259	18.326	25.892	231.200
30/08/2011	2.261	12.864	17.385	28.158	161.800
31/08/2011	0.000	11.172	19.621	27.847	147.100
01/09/2011	0.226	12.157	18.596	28.192	144.400
02/09/2011	0.045	12.177	18.023	27.763	140.300
03/09/2011	13.365	10.444	17.142	25.221	136.000
04/09/2011	0.126	10.547	18.292	26.147	129.800
05/09/2011	0.017	12.099	17.673	27.497	121.900
06/09/2011	2.096	10.754	17.843	26.089	119.200
08/09/2011	1.596	9.638	17.714	24.749	146.900
09/09/2011	17.400	9.915	18.672	25.714	290.100
10/09/2011	10.745	9.699	18.698	25.554	181.300
11/09/2011	8.056	8.887	19.251	25.109	176.800
12/09/2011	1.844	9.995	19.660	26.593	154.500
13/09/2011	0.464	11.817	18.400	27.635	127.800
14/09/2011	4.292	12.152	17.339	27.283	204.600
15/09/2011	1.191	11.203	19.147	27.504	133.600
16/09/2011	17.392	9.736	17.692	24.836	121.900
17/09/2011	0.796	9.993	18.073	25.390	156.000
18/09/2011	6.860	8.193	18.658	23.958	333.200
19/09/2011	3.040	10.347	18.227	25.914	194.700
20/09/2011	17.346	10.042	18.565	25.847	180.200
21/09/2011	1.578	9.859	17.613	24.965	145.400
22/09/2011	5.330	11.715	18.391	27.564	243.000
23/09/2011	1.311	11.888	18.472	27.814	169.000
24/09/2011	23.380	10.539	19.660	27.225	321.600
25/09/2011	5.282	11.052	18.576	26.984	190.200
26/09/2011	9.201	10.204	19.209	26.557	160.800
27/09/2011	0.000	11.680	17.872	27.225	139.500
28/09/2011	2.556	11.396	18.222	27.180	126.800
29/09/2011	19.920	9.607	19.283	26.029	154.700
30/09/2011	7.085	10.934	18.650	26.969	163.500
01/10/2011	22.008	9.442	18.958	25.613	182.900
02/10/2011	5.234	9.279	18.705	25.231	219.700
03/10/2011	11.175	10.165	18.856	26.324	235.200
04/10/2011	13.955	6.133	19.077	22.360	244.300
05/10/2011	1.195	7.419	18.997	23.529	237.300
07/10/2011	9.138	9.974	18.438	25.826	375.600
08/10/2011	18.324	8.558	19.186	24.919	265.300
09/10/2011	10.747	9.891	18.094	25.581	312.200
10/10/2011	14.497	9.069	18.706	25.097	432.400
11/10/2011	2.387	8.509	18.342	24.247	269.100
12/10/2011	2.061	10.557	17.754	26.055	298.600
13/10/2011	29.916	8.442	18.840	24.526	777.300
14/10/2011	0.000	9.851	18.558	25.871	340.100
15/10/2011	19.586	9.712	18.411	25.658	821.600
16/10/2011	2.350	8.331	19.025	24.615	369.800
17/10/2011	3.744	8.948	18.589	24.962	506.800
18/10/2011	35.959	8.130	18.430	23.977	1111.000
19/10/2011	0.956	8.203	18.542	24.186	459.100
20/10/2011	27.051	7.409	18.131	22.975	711.600
21/10/2011	0.130	9.441	17.609	24.844	434.400
22/10/2011	1.363	10.989	17.167	26.350	350.200
23/10/2011	7.266	10.645	17.128	25.923	297.800
24/10/2011	1.746	9.093	18.148	24.972	262.900
25/10/2011	18.754	7.784	18.547	23.797	268.400
26/10/2011	0.419	9.609	18.609	25.891	237.000
27/10/2011	0.030	10.656	17.859	26.599	205.200
28/10/2011	20.895	6.693	18.946	23.092	228.600
29/10/2011	3.187	9.244	18.272	25.308	254.700
30/10/2011	18.474	8.034	17.842	23.703	191.900
31/10/2011	0.061	10.672	15.955	25.400	201.800
01/11/2011	0.000	9.928	17.759	25.808	165.800
02/11/2011	0.000	11.014	18.251	27.416	149.500
03/11/2011	37.228	9.703	19.371	26.724	461.000
04/11/2011	10.198	7.677	19.109	24.317	333.900
05/11/2011	0.754	9.583	18.055	25.651	229.600
06/11/2011	17.788	8.750	19.190	25.597	323.700
07/11/2011	17.326	9.678	19.036	26.565	376.200
08/11/2011	23.553	7.544	19.542	24.574	599.300
09/11/2011	16.628	8.868	18.193	25.055	783.600
10/11/2011	6.484	9.022	18.624	25.552	333.400
11/11/2011	4.068	7.238	18.897	23.760	326.800
12/11/2011	13.973	8.038	19.219	24.890	618.400
13/11/2011	4.601	7.427	18.440	23.609	487.600
14/11/2011	15.454	9.305	18.321	25.735	319.900
15/11/2011	20.674	9.615	18.642	26.328	453.300
16/11/2011	8.407	7.689	19.430	24.749	362.100
17/11/2011	13.877	7.527	19.250	24.445	381.500
18/11/2011	48.336	7.854	18.481	24.225	1143.000
19/11/2011	4.546	7.720	18.397	24.022	679.800
20/11/2011	0.378	6.975	18.690	23.417	447.300
21/11/2011	1.901	8.488	18.333	24.865	386.900
22/11/2011	7.404	9.502	18.003	25.881	351.000
23/11/2011	26.131	7.936	19.055	24.844	547.100
24/11/2011	18.919	7.648	18.818	24.339	802.500
25/11/2011	13.619	8.307	18.766	25.055	492.200
26/11/2011	5.016	9.090	18.442	25.759	369.500
27/11/2011	34.297	8.061	19.192	25.124	803.600
28/11/2011	13.044	7.897	18.875	24.698	782.000
29/11/2011	39.268	8.122	18.696	24.872	716.600
30/11/2011	0.000	9.150	18.472	25.906	712.300
01/12/2011	28.404	7.418	20.031	25.138	625.500
02/12/2011	0.000	9.632	17.876	26.090	355.200
03/12/2011	0.552	8.293	18.865	25.240	439.200
04/12/2011	1.532	8.304	19.110	25.453	395.700
05/12/2011	1.934	6.455	19.712	23.842	589.300
06/12/2011	3.630	7.820	18.772	24.631	794.500
07/12/2011	3.106	7.535	18.459	24.074	866.700
08/12/2011	40.475	7.759	18.501	24.347	1177.000
09/12/2011	0.000	9.475	18.740	26.613	472.000
10/12/2011	0.000	9.652	18.805	26.882	411.800
11/12/2011	28.343	8.419	18.888	25.487	452.900
12/12/2011	40.126	7.310	19.160	24.379	862.700
13/12/2011	0.000	6.998	19.054	23.930	434.100
14/12/2011	3.904	8.525	18.403	25.257	547.700
15/12/2011	15.885	8.418	18.565	25.265	473.000
16/12/2011	26.889	7.372	19.429	24.718	715.500
17/12/2011	0.283	6.789	19.751	24.273	690.800
18/12/2011	4.276	9.085	18.558	26.026	596.100
19/12/2011	9.149	7.135	19.962	24.850	709.400
20/12/2011	24.515	8.430	18.911	25.531	711.300
21/12/2011	0.000	9.434	19.259	27.017	370.500
22/12/2011	0.108	10.599	18.340	27.770	353.000
23/12/2011	0.000	8.592	19.594	26.285	270.900
24/12/2011	0.527	8.850	19.128	26.183	212.500
25/12/2011	6.941	8.860	19.173	26.230	279.200
26/12/2011	0.158	9.526	18.863	26.773	268.900
27/12/2011	0.000	9.320	18.776	26.448	249.100
28/12/2011	5.397	8.868	18.952	26.044	248.900
29/12/2011	0.000	9.241	18.523	26.153	230.200
30/12/2011	19.187	8.047	20.234	26.067	253.700
31/12/2011	0.360	9.962	18.956	27.342	247.900
01/01/2012	0.000	10.781	18.266	27.869	185.800
02/01/2012	0.741	10.153	18.071	26.984	170.200
03/01/2012	4.024	7.580	18.876	24.406	179.400
04/01/2012	0.000	8.460	17.839	24.647	204.900
05/01/2012	0.000	6.325	19.077	23.125	210.300
06/01/2012	0.000	8.799	18.137	25.259	248.700
07/01/2012	0.000	8.287	19.012	25.298	251.000
08/01/2012	0.386	9.387	17.980	25.820	198.400
09/01/2012	2.131	9.161	18.331	25.797	192.500
10/01/2012	0.000	10.252	17.276	26.355	185.800
11/01/2012	4.052	8.988	18.564	25.753	211.400
12/01/2012	0.000	8.983	18.656	25.824	181.300
13/01/2012	0.603	9.724	19.089	26.987	174.600
14/01/2012	0.547	9.291	18.783	26.201	164.600
15/01/2012	12.472	9.168	18.805	26.093	164.600
16/01/2012	1.109	10.470	17.751	26.849	184.700
17/01/2012	17.490	9.202	18.231	25.626	220.300
18/01/2012	32.671	8.448	18.240	24.751	268.000
19/01/2012	8.027	8.143	18.074	24.222	226.400
20/01/2012	0.224	9.092	17.648	24.985	209.900
21/01/2012	0.000	9.382	18.453	25.904	201.400
22/01/2012	1.553	8.623	17.958	24.635	235.500
23/01/2012	0.000	8.637	18.481	25.026	208.700
24/01/2012	23.138	8.389	18.965	25.092	312.400
25/01/2012	0.000	9.047	17.624	24.855	283.700
26/01/2012	0.000	9.567	17.199	25.103	206.100
27/01/2012	0.000	7.498	19.346	24.382	196.900
28/01/2012	0.000	8.638	19.020	25.378	181.300
29/01/2012	12.430	9.801	18.401	26.222	185.800
30/01/2012	25.644	8.382	18.445	24.619	204.700
31/01/2012	2.477	10.148	17.433	25.874	284.000
01/02/2012	0.000	9.650	18.092	25.737	201.400
02/02/2012	1.909	9.905	18.270	26.177	163.500
03/02/2012	0.000	10.159	17.855	26.112	176.800
04/02/2012	0.000	11.473	18.608	28.183	149.300
05/02/2012	5.228	9.776	18.594	26.177	170.200
06/02/2012	7.102	7.391	19.385	24.141	164.300
07/02/2012	0.000	10.434	18.352	26.695	166.900
09/02/2012	21.400	11.414	17.272	27.042	184.700
10/02/2012	0.899	8.846	19.154	25.439	179.100
11/02/2012	4.116	10.495	18.057	26.475	247.200
12/02/2012	1.283	9.755	18.453	25.858	272.100
13/02/2012	0.000	11.529	17.201	26.994	208.400
02/04/2012	9.309	12.110	18.483	27.846	340.900
04/04/2012	17.542	9.954	19.224	26.083	495.000
05/04/2012	11.149	8.339	19.488	24.642	294.800
06/04/2012	10.762	10.048	18.458	25.603	297.200
07/04/2012	31.835	7.609	19.362	23.794	369.700
08/04/2012	13.884	8.441	19.257	24.567	706.200
09/04/2012	5.460	8.111	19.490	24.436	492.200
10/04/2012	2.604	10.454	18.217	25.868	371.500
11/04/2012	0.717	9.456	17.733	24.448	310.400
12/04/2012	27.436	6.925	18.715	22.631	520.300
13/04/2012	26.832	9.213	18.570	24.830	455.900
14/04/2012	4.308	10.157	18.347	25.656	462.000
15/04/2012	10.118	11.006	18.057	26.400	345.000
16/04/2012	11.150	9.342	19.827	25.946	333.700
17/04/2012	24.840	9.608	19.475	25.972	430.700
18/04/2012	3.455	8.914	19.215	25.049	499.100
19/04/2012	4.757	9.816	18.946	25.770	471.100
20/04/2012	14.283	9.193	18.997	25.209	526.700
21/04/2012	16.621	9.728	19.349	25.991	627.800
22/04/2012	6.620	9.981	18.855	25.952	337.000
23/04/2012	0.000	10.728	18.872	26.731	315.100
24/04/2012	18.364	9.813	18.597	25.576	495.800
25/04/2012	10.462	12.191	17.866	27.677	445.800
26/04/2012	5.773	11.383	18.828	27.504	319.900
27/04/2012	25.066	10.833	19.170	27.161	628.500
28/04/2012	10.320	8.845	19.154	25.036	485.500
29/04/2012	14.833	8.895	19.291	25.202	466.300
30/04/2012	3.890	10.625	19.147	26.932	288.000
01/05/2012	14.286	9.010	18.956	25.054	411.000
02/05/2012	14.560	9.886	18.551	25.695	378.000
03/05/2012	3.846	10.391	19.170	26.714	458.000
04/05/2012	17.506	9.984	19.324	26.408	436.800
05/05/2012	20.213	9.391	19.222	25.727	536.300
06/05/2012	3.882	9.680	18.914	25.798	521.400
07/05/2012	29.257	7.267	19.410	23.711	624.800
08/05/2012	3.463	10.078	18.504	25.938	458.500
09/05/2012	16.915	8.508	19.105	24.770	507.300
10/05/2012	9.489	10.795	18.600	26.833	382.800
11/05/2012	9.754	9.368	18.257	25.036	337.000
12/05/2012	4.596	10.094	19.109	26.480	342.700
13/05/2012	11.557	10.030	19.052	26.368	327.400
14/05/2012	8.524	10.042	19.439	26.712	300.000
15/05/2012	3.529	11.264	18.830	27.613	305.500
18/05/2012	16.640	10.375	19.363	27.062	425.400
19/05/2012	7.326	8.406	18.703	24.427	377.500
20/05/2012	14.084	8.365	18.532	24.295	318.100
22/05/2012	10.858	9.926	19.061	26.407	285.100
23/05/2012	13.260	10.532	18.708	26.765	286.500
24/05/2012	12.819	9.450	19.660	26.328	361.700
25/05/2012	9.575	10.327	18.721	26.603	255.600
02/08/2012	16.164	11.132	17.916	26.747	236.500
03/08/2012	10.621	9.677	18.471	25.532	159.300
04/08/2012	2.219	10.143	19.653	26.906	138.500
05/08/2012	8.309	9.461	19.467	26.048	142.200
06/08/2012	3.432	9.542	18.911	25.709	157.500
07/08/2012	0.146	9.470	19.138	25.781	152.600
08/08/2012	6.439	10.272	19.779	27.145	153.600
09/08/2012	10.043	9.427	19.477	25.987	130.700
10/08/2012	3.426	10.899	18.509	26.834	108.100
11/08/2012	4.518	10.375	18.831	26.487	113.200
12/08/2012	8.412	10.118	18.430	25.900	114.700
13/08/2012	7.577	9.979	18.754	25.969	175.700
14/08/2012	15.998	9.335	18.174	24.843	305.100
15/08/2012	0.058	10.438	17.890	25.860	137.600
16/08/2012	1.073	10.569	18.372	26.369	123.100
17/08/2012	5.492	9.316	18.906	25.392	109.800
18/08/2012	12.105	10.288	17.930	25.689	151.900
19/08/2012	7.720	11.453	17.840	26.901	131.900
20/08/2012	1.383	10.226	18.459	26.004	145.400
21/08/2012	4.152	9.413	19.496	25.911	129.800
22/08/2012	6.524	9.905	19.439	26.358	127.000
23/08/2012	15.212	9.160	18.871	25.116	224.100
24/08/2012	8.992	9.374	19.352	25.712	181.700
26/08/2012	2.442	10.053	18.993	26.148	249.800
27/08/2012	5.081	10.109	19.150	26.311	239.400
28/08/2012	0.000	12.196	18.564	28.174	140.500
29/08/2012	0.037	12.291	18.243	28.036	120.300
30/08/2012	3.042	11.137	18.603	27.054	110.700
31/08/2012	2.756	11.310	17.828	26.632	105.600
01/09/2012	0.482	11.651	17.320	26.669	101.300
02/09/2012	0.121	12.175	18.164	27.852	97.050
03/09/2012	0.047	12.092	17.733	27.440	91.950
04/09/2012	2.173	10.865	19.263	27.182	89.400
05/09/2012	0.342	10.238	18.267	25.772	100.400
06/09/2012	0.626	11.432	18.195	27.020	88.550
07/09/2012	2.087	13.415	18.362	29.353	111.600
08/09/2012	4.383	10.656	18.969	26.789	85.400
09/09/2012	0.000	11.534	19.301	27.936	80.200
10/09/2012	2.812	13.043	18.058	28.746	89.900
11/09/2012	3.705	12.196	18.023	27.788	78.750
12/09/2012	0.562	11.545	18.256	27.199	85.400
13/09/2012	2.588	10.782	19.164	27.028	78.030
14/09/2012	0.000	12.820	17.285	27.961	73.680
15/09/2012	0.000	12.645	17.289	27.760	71.500
16/09/2012	0.888	12.219	17.938	27.762	70.050
17/09/2012	5.918	10.103	19.224	26.410	70.050
18/09/2012	13.943	9.714	18.054	25.097	74.400
19/09/2012	10.916	11.627	17.962	27.105	114.100
20/09/2012	1.271	10.480	19.041	26.698	93.650
21/09/2012	22.199	10.640	19.076	26.853	85.180
22/09/2012	6.680	9.417	19.247	25.705	87.820
23/09/2012	13.822	10.488	18.773	26.504	115.200
24/09/2012	7.724	9.602	18.166	25.125	105.600
25/09/2012	11.844	9.596	19.128	25.827	141.300
26/09/2012	1.217	10.997	18.272	26.711	115.200
27/09/2012	7.943	10.882	18.869	27.000	108.100
28/09/2012	1.552	10.030	18.686	25.952	104.700
29/09/2012	3.384	10.586	19.238	27.006	109.800
30/09/2012	5.010	10.163	19.855	27.028	95.350
01/10/2012	13.653	9.950	18.605	25.908	82.380
02/10/2012	17.546	9.428	18.289	25.078	100.600
03/10/2012	3.920	12.147	17.161	27.314	111.000
04/10/2012	4.112	11.158	18.015	26.801	95.350
05/10/2012	12.087	9.030	18.801	25.077	151.900
06/10/2012	1.066	9.213	18.631	25.137	172.400
07/10/2012	14.997	7.868	19.526	24.446	211.900
08/10/2012	2.171	8.683	18.967	24.876	163.600
09/10/2012	1.205	11.219	18.285	27.209	120.300
10/10/2012	24.757	9.440	18.158	25.108	114.900
11/10/2012	0.100	9.745	18.733	25.868	103.800
12/10/2012	1.811	9.369	18.552	25.315	125.000
13/10/2012	31.273	8.981	18.908	25.202	380.700
14/10/2012	8.948	8.103	19.186	24.491	213.600
15/10/2012	10.618	9.727	18.477	25.746	417.300
16/10/2012	22.233	8.290	17.940	23.776	472.900
17/10/2012	4.418	8.409	19.199	24.875	349.100
18/10/2012	37.146	8.092	18.722	24.180	338.000
19/10/2012	1.088	9.532	17.573	24.943	255.600
20/10/2012	10.427	10.168	18.733	26.517	390.000
21/10/2012	10.250	10.454	18.459	26.669	369.500
22/10/2012	8.569	9.658	17.900	25.372	337.000
23/10/2012	13.629	10.146	19.126	26.836	318.200
24/10/2012	24.674	9.363	20.003	26.640	375.400
25/10/2012	10.808	9.244	18.778	25.645	363.800
26/10/2012	10.456	9.896	17.545	25.459	346.200
27/10/2012	0.459	10.642	17.846	26.619	206.400
28/10/2012	0.259	11.670	17.746	27.788	182.400
29/10/2012	0.000	10.487	17.586	26.328	159.300
30/10/2012	9.910	7.324	19.346	24.093	182.400
31/10/2012	19.392	9.477	18.767	25.990	384.900
01/11/2012	1.088	10.321	18.202	26.600	205.200
02/11/2012	0.644	8.740	18.731	25.214	167.100
03/11/2012	14.817	9.635	19.077	26.497	164.700
04/11/2012	2.648	9.063	19.038	25.801	200.300
05/11/2012	19.053	7.876	19.291	24.712	201.400
06/11/2012	0.338	10.631	17.906	26.875	157.500
07/11/2012	0.000	10.023	17.717	26.074	147.300
08/11/2012	0.596	9.207	18.497	25.637	135.600
09/11/2012	5.420	9.623	18.994	26.507	136.600
10/11/2012	7.913	10.227	17.766	26.359	142.400
11/11/2012	15.496	9.690	18.464	26.249	140.500
12/11/2012	13.261	9.362	17.820	25.448	235.100
13/11/2012	4.204	8.101	19.500	25.231	185.600
14/11/2012	5.707	8.674	18.797	25.343	201.100
15/11/2012	34.902	8.074	19.227	25.026	355.700
16/11/2012	17.628	8.216	19.084	25.096	526.900
17/11/2012	1.506	8.726	18.400	25.180	289.500
18/11/2012	28.800	6.164	18.852	22.689	457.800
19/11/2012	0.158	9.185	18.776	26.026	289.500
20/11/2012	0.316	9.897	18.785	26.901	226.400
21/11/2012	3.527	9.421	19.110	26.605	242.800
22/11/2012	25.721	8.991	18.445	25.602	256.100
23/11/2012	0.080	8.318	19.975	25.984	210.100
24/11/2012	0.000	9.476	19.249	26.811	198.300
25/11/2012	0.000	10.144	18.763	27.302	178.000
26/11/2012	0.142	10.487	17.751	26.990	164.600
27/11/2012	5.408	9.029	18.789	26.017	184.400
28/11/2012	0.487	9.036	18.878	26.048	263.000
29/11/2012	5.613	8.065	19.612	25.497	220.600
30/11/2012	0.482	8.421	18.983	25.435	325.800
01/12/2012	0.000	8.694	18.302	25.254	270.800
02/12/2012	0.000	8.225	18.407	24.773	206.400
03/12/2012	0.000	9.365	17.754	25.698	203.100
04/12/2012	0.000	8.872	17.499	24.904	195.800
05/12/2012	0.000	9.295	17.312	25.266	186.900
06/12/2012	0.338	10.342	16.156	25.808	170.200
07/12/2012	0.000	9.177	17.647	25.406	146.300
08/12/2012	0.000	9.409	18.474	26.342	140.500
09/12/2012	0.000	10.977	17.474	27.615	130.700
10/12/2012	2.783	11.324	17.344	27.943	120.000
11/12/2012	9.943	10.006	18.455	27.065	159.600
12/12/2012	12.353	10.082	17.548	26.506	146.700
13/12/2012	19.952	9.430	17.660	25.789	317.000
14/12/2012	8.667	8.053	18.102	24.422	249.100
15/12/2012	0.243	8.304	18.343	24.898	201.400
16/12/2012	0.235	9.807	17.837	26.371	155.100
17/12/2012	0.000	9.128	17.878	25.554	144.400
18/12/2012	0.274	6.694	20.145	24.496	142.400
19/12/2012	0.000	8.973	17.782	25.304	131.700
20/12/2012	0.000	9.939	17.307	26.186	126.800
21/12/2012	0.533	9.025	18.384	25.843	120.000
22/12/2012	18.489	9.563	18.430	26.525	136.700
23/12/2012	11.366	7.649	19.256	24.831	145.800
24/12/2012	0.828	8.775	18.959	25.919	112.700
25/12/2012	0.193	9.528	18.042	26.151	122.400
26/12/2012	16.500	8.317	19.422	25.757	152.000
27/12/2012	0.120	9.121	19.856	27.007	111.800
28/12/2012	0.000	10.770	19.070	28.436	107.300
29/12/2012	0.188	11.133	17.920	28.115	108.900
30/12/2012	6.091	9.890	19.185	27.474	173.500
31/12/2012	0.000	11.238	16.990	27.602	101.300
01/01/2013	6.123	10.869	17.608	27.542	65.280
02/01/2013	3.746	11.390	17.811	28.310	57.630
03/01/2013	1.233	11.581	17.140	28.057	59.130
04/01/2013	2.733	11.002	17.860	27.833	57.070
05/01/2013	0.201	11.564	17.535	28.304	54.280
06/01/2013	0.775	11.904	17.170	28.480	52.500
07/01/2013	0.000	12.111	16.541	28.315	50.250
08/01/2013	0.000	12.186	17.368	28.943	48.750
09/01/2013	1.096	12.380	16.445	28.490	45.750
10/01/2013	0.529	12.200	17.994	29.291	43.500
11/01/2013	0.000	13.258	16.169	29.406	43.500
12/01/2013	0.000	10.915	17.827	27.517	42.750
13/01/2013	7.880	8.935	19.666	26.449	48.000
14/01/2013	1.398	9.461	18.157	25.906	50.530
15/01/2013	3.608	9.248	18.581	25.951	51.830
16/01/2013	0.000	9.223	19.013	26.212	50.250
17/01/2013	0.000	8.616	19.260	25.688	50.530
18/01/2013	0.000	7.545	19.916	25.029	63.220
19/01/2013	0.000	10.192	18.420	26.930	79.630
20/01/2013	0.000	9.789	18.235	26.289	57.080
21/01/2013	0.000	10.238	19.391	27.664	50.250
22/01/2013	0.000	9.248	19.696	26.688	44.250
23/01/2013	9.429	8.261	19.398	25.334	59.750
24/01/2013	1.759	9.570	19.297	26.688	70.400
25/01/2013	0.187	7.686	20.039	25.150	104.500
26/01/2013	13.140	9.917	18.996	26.863	90.250
27/01/2013	0.000	10.938	17.994	27.344	108.600
28/01/2013	0.000	11.061	19.022	28.202	81.680
29/01/2013	0.289	11.935	18.272	28.693	58.100
30/01/2013	0.000	11.788	19.036	28.980	52.500
31/01/2013	1.061	10.304	19.244	27.398	51.280
01/02/2013	4.129	9.083	18.737	25.562	127.700
02/02/2013	0.000	8.538	19.000	25.129	144.600
03/02/2013	0.098	11.103	17.853	27.193	62.200
04/02/2013	19.264	9.661	18.275	25.801	141.000
05/02/2013	5.623	8.943	18.799	25.356	139.500
06/02/2013	5.200	8.249	18.964	24.702	193.000
07/02/2013	0.507	9.443	19.144	26.135	230.100
08/02/2013	7.656	9.008	19.205	25.688	126.000
09/02/2013	10.440	8.592	18.609	24.750	254.100
10/02/2013	0.000	9.405	17.548	24.842	164.400
11/02/2013	0.000	10.116	18.119	26.022	122.600
12/02/2013	0.000	9.940	18.084	25.781	104.200
13/02/2013	0.633	11.419	16.406	26.301	149.100
14/02/2013	1.513	10.219	18.156	26.122	114.600
15/02/2013	0.612	9.170	19.397	25.875	108.800
16/02/2013	0.000	10.901	18.658	27.193	118.000
17/02/2013	6.584	7.128	18.679	23.141	119.200
18/02/2013	0.000	9.516	19.109	25.959	130.600
19/02/2013	0.000	11.367	19.113	27.987	105.300
20/02/2013	35.231	10.377	19.103	26.887	134.800
21/02/2013	0.000	10.774	19.369	27.465	107.600
22/02/2013	25.599	11.025	19.154	27.554	96.270
23/02/2013	0.577	11.097	19.657	28.013	91.030
24/02/2013	12.308	9.883	19.879	26.805	80.650
25/02/2013	4.139	11.321	19.047	27.753	84.750
26/02/2013	5.427	12.048	18.188	27.932	100.100
27/02/2013	3.640	10.112	20.472	27.480	93.950
28/02/2013	17.021	8.929	20.722	26.439	90.900
01/03/2013	10.882	9.918	19.685	26.658	104.400
02/03/2013	0.000	11.988	19.003	28.387	92.050
03/03/2013	4.650	9.421	19.177	25.717	65.280
04/03/2013	4.677	8.057	19.267	24.358	70.400
05/03/2013	2.898	11.291	19.942	28.246	74.500
06/03/2013	10.830	11.000	20.442	28.272	81.930
07/03/2013	17.095	9.146	20.882	26.690	93.970
08/03/2013	0.000	11.309	19.531	27.920	121.600
09/03/2013	0.816	10.724	20.406	27.942	81.680
10/03/2013	5.692	11.591	18.469	27.442	221.500
11/03/2013	0.066	12.755	18.507	28.754	91.930
12/03/2013	26.487	9.441	19.747	26.065	207.300
13/03/2013	0.037	9.956	19.997	26.802	149.100
14/03/2013	22.104	9.355	19.613	25.836	250.800
15/03/2013	21.440	6.534	20.039	23.445	272.700
16/03/2013	0.000	11.669	18.397	27.376	267.400
17/03/2013	17.437	9.656	20.089	26.456	236.000
18/03/2013	7.462	10.403	19.231	26.612	241.000
19/03/2013	2.726	10.314	18.814	26.199	239.100
20/03/2013	5.537	9.749	19.815	26.327	315.800
21/03/2013	3.909	8.605	19.222	24.759	220.100
22/03/2013	5.157	8.407	19.464	24.750	169.600
23/03/2013	15.073	9.288	18.438	24.781	137.100
24/03/2013	0.040	12.219	18.590	28.060	124.900
25/03/2013	6.930	11.551	18.438	27.208	263.200
26/03/2013	5.187	12.369	18.980	28.481	130.600
27/03/2013	1.903	11.241	18.708	27.115	119.200
28/03/2013	3.258	11.089	19.153	27.251	211.800
29/03/2013	11.859	10.104	18.983	26.033	147.600
30/03/2013	0.731	10.733	20.062	27.526	120.300
31/03/2013	17.623	11.730	19.509	28.153	107.700
01/04/2013	2.105	11.588	19.930	28.320	105.300
02/04/2013	24.888	10.564	19.772	27.119	155.300
03/04/2013	6.540	10.546	19.475	26.913	141.800
04/04/2013	0.242	11.523	19.692	28.081	121.400
05/04/2013	7.627	11.244	19.339	27.512	159.500
06/04/2013	4.930	11.382	19.272	27.628	181.000
07/04/2013	7.953	11.174	19.882	27.859	230.600
08/04/2013	20.633	11.221	19.439	27.580	176.300
09/04/2013	15.088	12.646	19.241	28.978	337.900
10/04/2013	20.818	10.379	19.812	26.988	201.800
11/04/2013	7.288	11.465	18.965	27.488	210.600
12/04/2013	7.834	10.968	20.013	27.754	156.300
13/04/2013	8.079	12.335	19.568	28.885	161.800
14/04/2013	16.079	10.142	20.792	27.481	163.100
15/04/2013	5.947	10.981	20.946	28.485	164.600
16/04/2013	3.684	11.772	19.926	28.549	177.500
17/04/2013	27.071	10.179	20.378	27.225	163.600
18/04/2013	24.633	10.195	20.131	27.048	187.400
19/04/2013	26.805	7.471	20.109	24.358	257.000
20/04/2013	2.234	9.792	19.515	26.173	208.800
21/04/2013	22.710	7.217	19.452	23.547	456.200
22/04/2013	0.755	10.690	18.692	26.542	245.500
23/04/2013	7.111	9.321	19.468	25.682	201.800
24/04/2013	7.352	10.058	19.820	26.715	259.200
25/04/2013	7.083	10.115	20.153	27.036	236.800
26/04/2013	6.719	11.475	19.134	27.763	217.200
27/04/2013	3.437	11.510	18.638	27.446	215.800
28/04/2013	19.994	9.958	18.971	26.092	379.900
29/04/2013	13.841	8.384	19.384	24.743	256.300
30/04/2013	12.920	11.570	19.560	28.222	420.500
01/05/2013	19.866	9.212	19.590	25.744	330.700
02/05/2013	21.426	9.330	19.461	25.778	385.000
03/05/2013	19.723	9.130	19.023	25.253	607.100
04/05/2013	0.000	11.423	19.004	27.709	379.900
05/05/2013	23.197	8.159	18.797	24.080	711.100
06/05/2013	0.620	8.468	19.673	25.097	443.200
07/05/2013	11.468	8.081	18.145	23.485	436.500
08/05/2013	0.477	9.932	19.174	26.263	359.700
09/05/2013	5.506	9.971	19.374	26.485	275.500
10/05/2013	19.470	9.219	18.987	25.436	258.100
11/05/2013	1.044	10.068	19.270	26.536	255.000
12/05/2013	4.249	11.290	18.507	27.368	242.900
13/05/2013	8.172	10.153	19.349	26.722	225.800
14/05/2013	11.733	9.921	19.866	26.910	272.000
15/05/2013	8.083	9.108	19.674	25.885	234.500
16/05/2013	12.391	10.490	19.423	27.173	296.300
17/05/2013	12.277	8.387	19.375	24.906	327.400
18/05/2013	1.196	10.849	18.702	27.044	236.000
19/05/2013	1.433	10.296	19.408	26.980	211.500
20/05/2013	27.587	8.666	19.834	25.561	340.400
21/05/2013	18.632	8.236	19.596	24.967	523.200
22/05/2013	17.256	9.458	19.010	25.820	461.300
23/05/2013	17.211	9.606	19.275	26.185	678.000
24/05/2013	12.842	9.241	19.065	25.683	513.800
25/05/2013	3.903	10.419	18.695	26.715	343.400
26/05/2013	8.346	9.625	18.439	25.616	347.600
27/05/2013	6.351	10.039	18.376	26.010	296.300
28/05/2013	3.816	8.565	19.124	24.988	241.500
29/05/2013	16.724	8.520	18.478	24.485	341.800
30/05/2013	4.400	10.033	18.003	25.831	315.100
31/05/2013	13.937	8.140	19.064	24.526	622.200
01/06/2013	1.648	8.644	17.701	24.096	258.200
02/06/2013	4.223	10.634	18.215	26.603	221.500
03/06/2013	5.951	9.867	18.209	25.779	217.200
04/06/2013	0.000	10.965	18.971	27.605	181.300
05/06/2013	12.033	10.890	18.522	27.198	178.800
06/06/2013	8.670	9.264	18.594	25.496	180.300
07/06/2013	0.769	9.547	18.981	26.007	165.700
08/06/2013	2.229	11.205	18.586	27.605	147.500
09/06/2013	0.610	11.243	17.900	27.185	129.500
10/06/2013	2.908	10.573	18.647	26.949	146.800
11/06/2013	12.401	10.048	18.536	26.291	186.900
12/06/2013	7.129	9.448	19.221	26.148	223.400
13/06/2013	7.284	9.917	18.517	26.106	173.500
14/06/2013	5.520	10.671	18.538	27.007	176.700
15/06/2013	7.340	9.816	18.599	26.086	251.900
16/06/2013	6.191	11.019	18.863	27.661	330.700
17/06/2013	4.364	11.428	18.352	27.783	194.700
18/06/2013	2.539	11.246	19.076	28.078	163.100
19/06/2013	14.498	9.052	19.862	26.221	143.600
20/06/2013	6.742	9.624	18.860	26.135	138.100
21/06/2013	1.207	10.195	17.650	25.892	120.300
22/06/2013	3.884	11.163	18.913	27.907	116.800
23/06/2013	2.821	10.915	18.891	27.571	114.600
24/06/2013	14.058	9.525	19.674	26.576	226.900
25/06/2013	7.303	9.193	17.727	24.735	284.800
26/06/2013	1.224	10.974	18.844	27.583	135.300
27/06/2013	9.160	11.373	18.844	28.051	148.000
28/06/2013	35.178	8.501	18.469	24.512	234.000
29/06/2013	2.421	9.111	16.840	24.060	177.400
30/06/2013	4.874	8.580	17.658	23.994	197.900
01/07/2013	7.493	8.473	18.158	24.289	177.400
02/07/2013	0.000	10.396	18.022	26.360	173.500
03/07/2013	0.000	11.133	17.397	26.733	141.300
04/07/2013	4.874	9.461	18.291	25.493	145.600
05/07/2013	0.652	8.408	18.099	24.201	130.600
06/07/2013	1.603	11.142	18.105	27.244	128.400
07/07/2013	1.819	11.314	17.719	27.140	112.300
08/07/2013	9.865	11.208	18.847	27.850	134.700
09/07/2013	4.754	10.524	17.987	26.429	118.000
10/07/2013	5.794	10.089	19.413	26.936	105.400
11/07/2013	4.159	9.292	18.900	25.686	82.700
12/07/2013	0.000	10.611	18.124	26.610	91.930
13/07/2013	1.788	10.666	17.776	26.436	115.900
14/07/2013	0.000	11.655	17.805	27.571	80.650
15/07/2013	9.001	9.942	18.984	26.404	83.730
16/07/2013	0.013	11.007	19.035	27.641	76.550
17/07/2013	6.626	10.958	19.616	27.988	102.500
18/07/2013	0.859	10.872	18.891	27.374	73.480
20/07/2013	0.247	10.698	18.042	26.558	74.500
21/07/2013	0.000	11.328	18.969	27.900	70.400
22/07/2013	9.148	9.744	18.967	26.138	67.320
23/07/2013	5.289	10.953	18.603	27.201	100.800
24/07/2013	1.295	11.681	19.144	28.430	70.400
25/07/2013	3.419	11.945	19.110	28.658	64.250
26/07/2013	17.784	10.318	19.717	27.275	64.250
27/07/2013	1.797	10.099	18.529	26.126	94.600
28/07/2013	0.000	10.796	18.881	27.142	55.030
29/07/2013	0.621	11.349	18.170	27.246	51.750
30/07/2013	1.204	10.918	18.331	26.884	50.250
31/07/2013	1.104	10.566	19.029	26.978	46.500
01/08/2013	13.351	10.505	18.619	26.615	122.600
02/08/2013	0.599	9.082	19.084	25.436	103.600
03/08/2013	2.472	10.390	19.644	27.238	81.680
04/08/2013	0.391	11.750	18.062	27.567	63.230
05/08/2013	6.683	11.289	18.910	27.667	80.650
06/08/2013	0.000	11.335	19.073	27.818	58.100
07/08/2013	11.304	9.363	18.321	25.124	62.470
08/08/2013	8.832	9.433	18.366	25.183	104.300
09/08/2013	9.936	9.626	17.952	25.097	126.000
10/08/2013	18.687	10.550	18.797	26.689	168.900
11/08/2013	10.867	9.165	18.488	24.953	213.500
12/08/2013	10.380	9.028	18.940	25.158	230.100
13/08/2013	13.269	9.073	18.256	24.657	169.000
14/08/2013	6.477	11.578	18.629	27.666	196.000
15/08/2013	4.833	10.181	19.625	26.856	161.800
16/08/2013	17.393	12.004	18.419	27.967	179.500
17/08/2013	3.579	9.910	19.078	26.158	114.600
18/08/2013	7.112	9.303	18.830	25.282	131.100
19/08/2013	5.171	9.255	19.281	25.578	160.500
20/08/2013	3.534	11.176	19.503	27.775	143.100
21/08/2013	4.667	9.577	19.467	26.031	161.800
22/08/2013	5.352	10.914	19.160	27.257	146.200
23/08/2013	12.315	10.314	18.347	26.041	219.300
24/08/2013	15.634	8.559	18.499	24.250	176.900
25/08/2013	3.538	8.718	19.452	25.144	147.800
26/08/2013	7.800	10.121	18.189	25.618	149.900
27/08/2013	3.752	9.595	18.044	25.001	163.300
28/08/2013	0.046	11.606	18.352	27.395	106.500
29/08/2013	2.799	10.168	18.839	26.147	111.100
30/08/2013	0.216	10.285	18.142	25.763	129.300
31/08/2013	0.000	10.136	18.811	26.100	88.850
01/09/2013	3.879	10.426	18.552	26.272	73.480
02/09/2013	4.055	10.941	17.176	25.831	78.600
03/09/2013	13.726	9.887	17.576	24.901	82.700
04/09/2013	4.309	9.078	17.648	24.126	141.200
05/09/2013	12.524	10.783	18.519	26.555	116.900
06/09/2013	6.364	10.049	18.788	25.943	113.400
07/09/2013	2.455	8.566	18.831	24.449	177.300
08/09/2013	4.289	9.955	18.339	25.542	94.350
09/09/2013	5.081	10.069	19.129	26.262	171.000
10/09/2013	6.581	10.936	17.894	26.266	143.600
11/09/2013	5.454	8.914	19.167	25.061	115.700
12/09/2013	0.936	9.395	18.465	25.048	115.700
13/09/2013	16.195	8.556	18.961	24.541	164.600
14/09/2013	2.896	10.428	18.866	26.453	134.100
15/09/2013	2.241	10.098	19.510	26.600	104.200
16/09/2013	9.530	10.417	19.241	26.725	104.200
17/09/2013	1.408	8.930	19.517	25.398	82.700
18/09/2013	7.388	10.286	18.728	26.265	80.650
19/09/2013	2.373	8.948	19.285	25.286	94.100
20/09/2013	0.760	10.355	18.920	26.436	75.530
21/09/2013	0.659	12.797	17.695	28.311	78.600
22/09/2013	0.514	12.190	18.551	28.227	66.300
23/09/2013	9.508	10.866	20.387	28.122	113.400
24/09/2013	7.013	11.203	19.608	27.885	70.400
25/09/2013	0.000	11.704	19.113	28.077	57.080
26/09/2013	18.511	9.920	19.305	26.310	80.650
27/09/2013	4.973	10.136	19.196	26.474	73.470
28/09/2013	17.888	9.420	19.016	25.587	154.000
29/09/2013	0.161	8.936	19.500	25.475	116.900
30/09/2013	19.126	10.542	18.616	26.503	319.900
01/10/2013	4.408	8.654	17.892	23.968	188.000
02/10/2013	1.256	11.600	18.092	27.269	119.100
03/10/2013	2.943	11.223	17.981	26.831	97.430
04/10/2013	24.832	8.166	18.142	23.648	136.900
05/10/2013	2.029	10.907	18.318	26.789	153.800
06/10/2013	0.000	12.601	16.993	27.805	98.700
07/10/2013	0.000	9.306	18.387	25.218	76.550
08/10/2013	4.924	10.047	18.279	25.849	80.650
09/10/2013	1.790	11.494	17.552	26.983	76.550
10/10/2013	22.880	10.767	17.834	26.359	63.230
11/10/2013	24.569	8.151	18.240	23.786	119.200
12/10/2013	7.029	9.135	19.201	25.568	119.200
13/10/2013	30.206	9.047	19.189	25.471	384.500
14/10/2013	12.148	8.032	18.911	24.247	204.000
15/10/2013	12.098	9.597	18.023	25.253	170.900
16/10/2013	20.356	7.738	17.570	22.894	394.000
17/10/2013	5.095	9.509	17.920	25.073	365.700
18/10/2013	4.249	11.048	17.323	26.471	167.000
19/10/2013	7.053	12.100	16.808	27.385	181.700
20/10/2013	7.908	10.873	17.696	26.554	176.100
21/10/2013	9.168	9.025	19.006	25.468	311.600
22/10/2013	4.263	8.879	18.586	25.009	309.700
23/10/2013	2.832	9.625	17.917	25.320	184.500
24/10/2013	1.041	10.840	17.737	26.680	181.800
25/10/2013	11.705	11.754	17.747	27.781	196.300
26/10/2013	7.968	10.487	18.195	26.647	123.800
27/10/2013	15.309	10.273	17.003	25.551	130.600
28/10/2013	15.943	9.595	18.868	26.102	220.100
29/10/2013	3.903	9.459	18.820	25.959	137.500
30/10/2013	3.496	9.597	18.484	25.839	120.300
31/10/2013	9.355	7.936	19.581	24.865	321.900
01/11/2013	0.000	9.967	18.283	26.172	233.200
02/11/2013	1.573	9.960	18.190	26.112	227.400
03/11/2013	1.998	8.904	18.157	24.914	217.900
04/11/2013	16.729	8.421	17.996	24.266	238.600
05/11/2013	18.066	7.844	18.190	23.770	256.700
06/11/2013	5.952	9.121	18.440	25.433	240.300
07/11/2013	34.483	7.833	18.936	24.387	553.000
08/11/2013	2.680	9.307	18.282	25.562	298.800
09/11/2013	0.000	9.298	18.154	25.451	230.100
10/11/2013	12.293	7.605	19.010	24.234	259.700
11/11/2013	1.147	10.347	18.382	26.930	249.800
12/11/2013	5.292	10.406	19.110	27.584	182.600
13/11/2013	6.918	11.311	17.664	27.667	196.400
15/11/2013	2.538	9.700	18.969	26.702	178.700
16/11/2013	0.394	10.055	19.439	27.464	161.800
17/11/2013	1.523	10.273	18.682	27.189	150.100
18/11/2013	13.106	9.039	18.827	25.866	281.600
19/11/2013	12.985	9.550	17.906	25.792	343.400
20/11/2013	3.092	8.570	18.073	24.770	292.700
21/11/2013	0.000	9.476	18.240	26.009	266.200
22/11/2013	4.524	8.374	18.672	25.004	281.500
23/11/2013	4.084	10.172	16.807	25.874	221.500
24/11/2013	27.686	7.769	18.328	24.103	445.800
25/11/2013	10.485	8.528	18.814	25.321	508.100
26/11/2013	0.818	9.031	18.310	25.570	253.800
27/11/2013	5.165	9.389	17.500	25.456	254.500
28/11/2013	16.568	8.351	18.249	24.747	457.200
29/11/2013	0.702	8.877	17.891	25.122	283.100
30/11/2013	14.369	8.515	17.961	24.734	261.300
01/12/2013	12.581	7.964	19.078	24.985	305.300
02/12/2013	26.262	7.456	18.594	24.029	302.200
03/12/2013	4.041	7.894	18.770	24.685	257.900
04/12/2013	0.614	9.201	17.577	25.365	282.500
05/12/2013	14.509	9.387	18.420	26.222	250.500
06/12/2013	13.576	10.436	18.333	27.440	221.500
07/12/2013	40.171	8.342	18.122	24.750	311.700
08/12/2013	15.071	7.602	18.468	24.137	467.500
09/12/2013	0.270	7.637	18.656	24.327	449.300
10/12/2013	0.000	9.127	17.792	25.480	354.500
11/12/2013	0.102	10.108	17.781	26.724	227.200
12/12/2013	0.000	9.799	18.488	26.826	191.800
13/12/2013	32.964	7.332	19.212	24.459	443.700
14/12/2013	1.355	9.813	18.240	26.709	217.200
15/12/2013	1.610	10.677	17.366	27.179	192.100
16/12/2013	4.841	9.051	19.442	26.673	224.500
17/12/2013	6.494	8.440	18.908	25.515	214.000
18/12/2013	33.445	8.005	18.696	24.839	379.300
19/12/2013	4.972	9.017	18.945	26.219	356.800
20/12/2013	0.000	10.036	17.064	26.134	221.500
21/12/2013	0.000	9.578	19.190	27.078	176.100
22/12/2013	0.000	9.156	18.150	25.814	152.700
23/12/2013	8.431	6.425	19.228	23.427	244.600
24/12/2013	0.000	6.387	19.089	23.294	228.900
25/12/2013	0.000	9.016	18.362	25.778	238.800
26/12/2013	0.000	7.965	18.712	24.757	203.500
27/12/2013	0.000	9.853	18.203	26.693	165.700
28/12/2013	0.000	11.649	17.224	28.275	141.300
29/12/2013	0.000	11.469	18.048	28.597	129.500
30/12/2013	0.000	10.918	18.214	28.036	132.000
31/12/2013	0.650	10.064	18.410	27.094	122.600
01/01/2014	0.362	10.016	18.469	27.035	141.500
02/01/2014	4.709	9.539	17.500	25.741	122.600
03/01/2014	0.000	9.653	17.789	26.080	116.900
04/01/2014	0.000	10.184	18.317	27.115	104.200
05/01/2014	4.689	11.227	17.794	28.012	89.100
06/01/2014	36.469	6.664	19.820	24.142	196.000
07/01/2014	1.328	8.149	18.141	24.477	227.400
08/01/2014	1.161	8.663	18.292	25.151	197.900
09/01/2014	0.000	8.436	18.397	24.965	268.900
10/01/2014	0.000	9.538	17.840	25.858	202.500
12/01/2014	1.339	8.675	18.701	25.408	180.000
13/01/2014	0.000	10.016	18.940	27.183	142.600
14/01/2014	0.000	8.919	20.692	27.253	124.900
15/01/2014	0.618	10.823	18.000	27.490	126.000
16/01/2014	0.263	9.408	18.686	26.253	114.600
17/01/2014	0.971	9.759	18.863	26.763	126.500
18/01/2014	0.584	9.062	19.754	26.624	134.600
19/01/2014	0.000	9.529	20.330	27.551	105.300
20/01/2014	15.441	10.131	18.894	27.177	97.300
21/01/2014	4.786	9.790	18.948	26.769	103.100
22/01/2014	17.522	7.449	19.314	24.376	116.900
23/01/2014	6.820	9.680	18.371	26.214	222.000
24/01/2014	0.000	10.370	18.166	26.895	134.100
25/01/2014	0.000	9.232	19.106	26.150	118.000
26/01/2014	0.000	9.078	17.757	24.935	134.000
27/01/2014	0.000	10.574	16.781	26.000	167.800
28/01/2014	0.055	8.824	18.972	25.499	140.600
29/01/2014	20.232	9.519	18.853	26.206	146.400
30/01/2014	8.625	8.452	18.666	24.826	247.800
31/01/2014	0.000	10.820	17.586	26.766	164.400
01/02/2014	0.000	11.161	18.218	27.621	130.600
02/02/2014	0.375	9.693	19.013	26.448	127.200
03/02/2014	0.336	9.934	18.170	26.094	132.600
04/02/2014	1.969	10.265	18.067	26.331	145.400
05/02/2014	12.272	9.554	18.593	25.898	146.200
06/02/2014	0.344	10.722	16.624	25.824	121.400
07/02/2014	0.000	10.375	17.682	26.125	113.400
08/02/2014	0.000	9.371	19.978	26.667	100.800
09/02/2014	0.000	11.275	18.282	27.555	96.150
10/02/2014	16.313	10.724	18.818	27.281	122.000
11/02/2014	16.961	10.851	18.932	27.481	137.100
12/02/2014	10.334	11.307	18.247	27.507	116.900
13/02/2014	8.877	8.461	19.230	25.007	131.800
14/02/2014	3.691	9.178	17.984	24.860	203.400
15/02/2014	0.000	10.393	18.760	26.740	126.100
16/02/2014	5.407	10.506	18.201	26.462	139.600
17/02/2014	21.887	9.570	19.440	26.275	191.900
18/02/2014	1.930	10.805	18.451	26.904	143.900
19/02/2014	14.953	9.346	19.269	25.885	233.400
20/02/2014	8.611	9.304	19.233	25.794	201.400
21/02/2014	6.104	10.641	19.295	27.267	209.900
22/02/2014	24.265	10.290	18.977	26.618	321.100
23/02/2014	0.219	10.105	18.919	26.358	221.500
24/02/2014	8.739	11.192	19.270	27.773	242.900
25/02/2014	31.794	8.368	19.286	24.766	355.100
26/02/2014	0.000	8.863	19.404	25.342	242.900
27/02/2014	11.001	8.425	19.547	24.994	242.900
28/02/2014	29.109	7.786	19.006	23.952	294.200
01/03/2014	14.757	7.550	19.635	24.167	303.600
02/03/2014	0.000	9.354	18.408	25.035	325.800
03/03/2014	0.000	9.866	17.485	24.927	291.000
04/03/2014	4.009	10.432	18.065	25.922	292.000
05/03/2014	2.507	10.308	18.644	26.205	238.600
06/03/2014	21.028	8.946	19.029	25.025	292.100
07/03/2014	7.293	9.606	19.250	25.866	264.900
08/03/2014	16.917	8.999	19.291	25.276	655.600
09/03/2014	0.476	9.583	18.346	25.144	401.900
10/03/2014	0.352	10.195	18.044	25.573	332.300
11/03/2014	0.000	11.125	17.578	26.235	285.200
12/03/2014	2.852	9.384	19.532	25.811	217.200
13/03/2014	3.622	10.164	17.871	25.398	249.100
14/03/2014	11.029	8.920	18.531	24.539	231.500
15/03/2014	7.482	9.868	19.333	26.141	193.000
16/03/2014	12.430	10.512	18.299	26.036	290.100
17/03/2014	4.625	11.699	19.177	27.951	211.500
18/03/2014	5.745	8.228	19.201	24.387	196.500
19/03/2014	0.084	11.132	19.464	27.549	173.500
20/03/2014	1.610	11.762	19.647	28.362	159.200
21/03/2014	27.609	10.458	20.439	27.560	164.400
22/03/2014	8.005	10.777	20.212	27.738	154.000
23/03/2014	2.281	9.853	19.705	26.358	147.500
24/03/2014	20.056	10.224	19.318	26.445	155.800
25/03/2014	5.720	10.279	19.900	26.923	150.600
26/03/2014	19.936	9.707	19.327	25.913	219.600
27/03/2014	2.391	11.134	18.519	26.828	195.900
28/03/2014	0.000	12.217	19.288	28.512	144.900
29/03/2014	0.047	12.120	18.897	28.131	132.900
30/03/2014	0.838	11.554	18.770	27.401	148.700
31/03/2014	0.000	10.717	18.653	26.435	129.500
01/04/2014	0.000	11.520	18.629	27.337	111.100
02/04/2014	0.648	11.631	19.074	27.709	100.800
03/04/2014	10.262	9.197	21.151	26.799	101.900
04/04/2014	5.608	11.084	20.112	27.884	116.900
05/04/2014	7.466	12.521	19.263	28.823	144.400
06/04/2014	1.435	11.571	19.735	28.147	122.600
07/04/2014	15.866	10.715	21.022	28.234	108.800
08/04/2014	3.123	10.216	20.657	27.442	103.100
09/04/2014	1.033	10.654	19.605	27.128	112.300
10/04/2014	0.000	11.195	19.404	27.557	103.100
11/04/2014	2.341	11.507	20.515	28.701	102.000
12/04/2014	0.796	10.824	20.461	27.936	93.970
13/04/2014	2.288	13.078	17.406	28.243	89.880
14/04/2014	5.775	12.806	18.821	28.871	85.780
15/04/2014	22.713	8.523	20.715	25.801	84.750
16/04/2014	0.942	10.060	20.343	27.049	166.600
17/04/2014	1.387	9.574	19.792	26.119	133.500
18/04/2014	4.341	11.672	18.824	27.645	119.200
19/04/2014	12.708	10.565	19.860	27.228	137.900
20/04/2014	12.574	10.984	19.769	27.650	167.000
21/04/2014	11.079	10.417	19.410	26.778	131.800
22/04/2014	19.815	8.163	20.286	25.164	242.900
23/04/2014	5.021	10.638	19.276	26.965	156.600
24/04/2014	25.958	8.290	19.862	24.971	484.400
25/04/2014	6.007	10.829	19.698	27.480	245.200
26/04/2014	33.915	9.344	19.562	25.823	281.500
27/04/2014	13.915	10.181	19.433	26.616	257.900
28/04/2014	3.461	10.966	19.701	27.682	217.200
29/04/2014	13.213	10.727	20.140	27.735	207.900
30/04/2014	0.251	11.231	19.693	28.003	249.400
01/05/2014	17.205	9.759	19.640	26.408	306.700
02/05/2014	17.044	9.169	19.360	25.615	302.300
03/05/2014	8.996	10.697	18.715	26.770	251.500
04/05/2014	6.748	10.881	17.965	26.378	222.900
05/05/2014	6.965	10.532	19.251	26.913	289.600
06/05/2014	10.214	9.449	19.647	26.067	268.100
08/05/2014	3.131	8.236	19.850	25.015	300.500
09/05/2014	21.207	7.423	19.647	24.070	448.800
10/05/2014	4.972	8.159	19.151	24.433	318.100
11/05/2014	0.154	9.098	18.715	25.064	320.000
12/05/2014	0.092	9.990	18.177	25.634	275.200
13/05/2014	8.162	10.680	18.859	26.916	383.800
14/05/2014	2.604	10.440	19.570	27.193	257.900
15/05/2014	20.971	9.974	19.169	26.432	394.500
16/05/2014	6.962	10.587	18.324	26.532	272.000
17/05/2014	5.939	8.857	19.503	25.496	231.500
18/05/2014	8.785	9.877	19.356	26.497	332.000
19/05/2014	11.495	10.423	19.112	26.913	228.600
20/05/2014	7.495	9.596	20.102	26.788	298.900
21/05/2014	2.663	10.098	17.224	25.240	287.900
22/05/2014	2.264	11.075	18.935	27.523	265.100
23/05/2014	16.811	8.721	19.381	25.333	208.700
24/05/2014	13.911	11.108	18.626	27.404	464.000
25/05/2014	0.028	12.254	17.323	27.849	224.400
26/05/2014	10.747	11.020	18.395	27.189	180.000
27/05/2014	8.684	9.635	18.549	25.722	189.100
28/05/2014	1.211	10.919	18.346	27.010	163.100
29/05/2014	15.418	9.510	19.337	26.156	227.400
30/05/2014	13.562	10.543	17.642	26.156	224.400
31/05/2014	9.971	10.115	19.782	27.227	318.600
01/06/2014	1.930	9.461	20.140	26.847	169.600
02/06/2014	5.685	9.254	19.744	26.282	157.900
03/06/2014	1.682	11.260	18.449	27.516	184.100
04/06/2014	3.065	10.185	19.866	27.416	192.200
05/06/2014	19.158	8.879	20.238	26.281	206.600
06/06/2014	0.922	9.478	19.808	26.573	144.900
07/06/2014	20.157	10.056	18.824	26.442	152.900
08/06/2014	8.186	9.661	19.215	26.294	165.700
09/06/2014	0.000	10.270	18.974	26.878	141.500
10/06/2014	0.457	10.008	19.875	27.240	126.100
11/06/2014	11.441	10.577	18.182	26.645	146.200
12/06/2014	0.000	10.469	19.097	27.167	123.800
13/06/2014	1.908	12.330	18.988	29.206	107.600
14/06/2014	5.349	10.725	18.666	27.192	94.220
15/06/2014	4.922	10.802	18.903	27.411	227.900
16/06/2014	6.976	11.282	19.496	28.387	180.000
17/06/2014	1.155	11.009	18.887	27.638	143.500
18/06/2014	0.989	10.544	19.403	27.500	101.900
19/06/2014	0.239	9.889	19.330	26.685	89.880
20/06/2014	1.836	10.158	18.485	26.362	90.900
21/06/2014	0.083	11.164	17.994	27.177	83.720
22/06/2014	0.000	10.422	18.828	26.913	84.750
23/06/2014	0.000	10.374	19.081	27.052	77.570
24/06/2014	17.098	10.492	19.574	27.558	100.300
25/06/2014	7.985	8.060	19.185	24.612	118.000
26/06/2014	0.726	11.048	17.901	27.001	107.700
27/06/2014	0.027	11.411	18.371	27.792	94.350
28/06/2014	3.094	9.522	18.879	26.003	100.500
30/06/2014	8.368	10.760	18.853	27.314	93.200
01/07/2014	17.601	9.183	19.890	26.379	119.300
02/07/2014	7.356	11.886	19.464	29.062	108.800
03/07/2014	0.000	11.014	19.972	28.446	93.970
04/07/2014	3.419	10.669	19.759	27.894	85.780
05/07/2014	14.755	10.717	19.648	27.856	120.300
06/07/2014	3.712	10.411	19.449	27.372	126.100
08/07/2014	3.140	10.115	19.456	27.007	127.900
09/07/2014	1.528	10.558	19.094	27.219	106.500
10/07/2014	3.235	10.830	18.932	27.403	90.130
11/07/2014	2.702	10.849	19.352	27.721	105.400
12/07/2014	1.680	11.226	19.477	28.218	82.700
13/07/2014	0.331	11.731	19.583	28.872	75.530
14/07/2014	0.000	11.350	19.251	28.193	68.350
15/07/2014	2.278	11.912	18.794	28.499	62.200
16/07/2014	3.400	10.465	19.558	27.416	61.180
17/07/2014	0.096	11.664	19.038	28.384	55.030
18/07/2014	1.331	11.756	19.288	28.645	53.250
19/07/2014	0.000	12.461	19.436	29.539	51.750
20/07/2014	0.231	11.955	18.542	28.301	61.170
21/07/2014	1.161	11.656	19.336	28.544	54.630
22/07/2014	7.017	13.327	19.279	30.365	67.470
23/07/2014	0.804	10.954	20.244	28.414	53.800
24/07/2014	0.067	11.661	19.705	28.770	45.750
25/07/2014	0.492	12.794	19.196	29.677	43.500
26/07/2014	4.713	11.780	19.297	28.599	42.000
27/07/2014	8.384	10.059	19.999	27.249	42.750
28/07/2014	0.000	13.085	19.240	30.036	42.750
29/07/2014	2.688	11.281	19.163	27.916	39.750
30/07/2014	0.000	11.728	19.251	28.448	48.000
31/07/2014	0.959	11.360	19.278	28.029	39.000
01/08/2014	6.438	12.815	18.661	29.208	90.250
02/08/2014	10.525	10.229	20.116	27.385	78.600
03/08/2014	0.046	9.980	19.275	26.497	57.150
04/08/2014	1.368	11.341	17.852	26.987	45.000
05/08/2014	1.982	10.653	18.491	26.647	40.500
06/08/2014	5.496	9.994	18.949	26.231	44.250
07/08/2014	12.451	10.998	18.589	27.062	35.250
08/08/2014	0.079	10.605	18.036	26.221	47.250
09/08/2014	2.163	10.698	19.004	27.015	47.250
10/08/2014	14.733	10.032	18.634	25.988	115.200
11/08/2014	3.204	10.817	18.916	27.074	90.000
12/08/2014	7.056	9.989	19.022	26.231	68.350
13/08/2014	0.281	11.044	19.065	27.401	51.750
14/08/2014	0.310	10.751	18.523	26.698	48.750
15/08/2014	0.000	12.804	19.105	29.334	45.000
16/08/2014	3.324	11.273	19.298	27.788	39.000
17/08/2014	2.244	11.133	19.406	27.693	35.250
18/08/2014	4.949	11.742	19.770	28.600	42.000
19/08/2014	13.150	10.019	19.206	26.314	49.500
20/08/2014	0.000	12.556	17.398	27.839	39.750
21/08/2014	1.688	10.630	19.938	27.535	51.000
22/08/2014	5.677	11.403	19.135	27.721	46.780
23/08/2014	24.629	8.913	19.208	25.157	121.400
24/08/2014	4.044	10.297	18.638	26.186	90.250
25/08/2014	14.564	9.205	18.302	24.759	95.350
26/08/2014	11.157	9.256	18.401	24.866	90.130
27/08/2014	1.921	9.412	18.193	24.868	76.550
28/08/2014	5.440	9.687	17.619	24.746	81.680
29/08/2014	0.287	11.673	17.859	27.131	71.430
30/08/2014	0.000	13.330	17.238	28.593	52.780
31/08/2014	0.000	12.822	18.203	28.624	42.750
01/09/2014	0.000	12.273	19.619	29.019	35.250
02/09/2014	14.504	10.802	18.660	26.721	39.750
03/09/2014	11.167	10.855	18.927	26.956	39.000
04/09/2014	5.748	9.872	18.895	25.939	47.250
05/09/2014	0.000	11.034	18.516	26.874	39.750
06/09/2014	7.098	10.457	19.262	26.773	43.500
07/09/2014	1.488	11.385	19.023	27.581	34.500
08/09/2014	0.000	11.967	19.230	28.350	31.500
09/09/2014	0.045	12.367	18.169	28.052	29.250
10/09/2014	7.101	11.609	18.334	27.344	27.000
11/09/2014	19.106	9.030	19.465	25.442	41.250
12/09/2014	6.202	9.491	19.576	25.983	72.450
13/09/2014	12.630	10.496	18.625	26.353	116.600
14/09/2014	12.266	9.413	19.122	25.594	152.800
15/09/2014	12.401	8.989	19.006	25.081	134.200
16/09/2014	0.066	12.026	16.991	26.917	102.500
17/09/2014	3.139	12.296	16.266	26.695	127.200
18/09/2014	20.590	7.817	19.169	23.996	172.200
19/09/2014	5.551	9.772	18.833	25.737	105.300
20/09/2014	36.471	8.913	19.269	25.137	170.100
21/09/2014	11.531	8.751	19.054	24.837	173.900
22/09/2014	6.409	10.016	18.116	25.475	189.200
23/09/2014	23.582	9.157	18.903	25.192	261.000
24/09/2014	10.635	12.165	17.781	27.629	200.300
25/09/2014	10.756	11.363	18.237	27.138	159.200
26/09/2014	12.807	9.573	18.298	25.234	240.200
27/09/2014	0.000	10.374	19.029	26.593	144.900
28/09/2014	0.000	11.281	18.432	27.228	120.300
29/09/2014	3.485	12.512	18.243	28.467	201.300
30/09/2014	0.000	12.813	18.019	28.660	102.000
01/10/2014	0.996	11.125	18.943	27.422	75.530
02/10/2014	4.293	10.924	18.644	26.964	77.570
03/10/2014	0.000	11.334	18.801	27.552	67.320
04/10/2014	9.536	10.766	18.865	26.990	130.800
05/10/2014	26.824	10.721	19.060	27.057	107.500
06/10/2014	27.852	9.754	19.416	26.299	234.300
07/10/2014	22.199	8.947	19.307	25.404	197.000
08/10/2014	13.228	8.668	18.592	24.547	252.900
09/10/2014	22.551	5.884	19.206	22.273	680.500
10/10/2014	0.000	8.570	18.682	24.531	207.200
11/10/2014	0.337	9.598	18.392	25.439	225.800
12/10/2014	19.415	10.556	18.359	26.490	428.600
13/10/2014	16.062	10.015	19.214	26.523	362.300
14/10/2014	13.592	9.700	19.230	26.240	309.500
15/10/2014	5.418	10.043	18.962	26.440	234.900
16/10/2014	7.094	9.821	19.368	26.503	258.900
17/10/2014	15.746	9.723	19.291	26.363	169.400
18/10/2014	23.207	9.072	18.763	25.249	426.700
19/10/2014	21.605	6.868	18.946	23.163	321.300
20/10/2014	1.856	8.644	17.788	24.073	316.500
21/10/2014	5.745	10.835	18.291	26.926	349.800
22/10/2014	18.817	8.748	19.023	25.189	449.300
23/10/2014	3.549	10.939	18.004	26.923	260.000
24/10/2014	6.759	10.163	17.981	26.020	272.000
25/10/2014	5.272	8.640	19.212	25.240	255.300
26/10/2014	11.134	8.745	18.686	24.965	370.900
27/10/2014	4.552	8.777	18.539	24.936	273.300
28/10/2014	0.740	10.146	17.519	25.763	191.800
29/10/2014	4.011	9.582	17.897	25.395	169.600
30/10/2014	20.355	9.814	18.637	26.269	300.500
31/10/2014	16.978	8.555	19.688	25.647	217.200
01/11/2014	5.134	9.423	19.106	26.219	340.400
02/11/2014	5.394	9.076	18.554	25.432	240.500
03/11/2014	0.000	10.346	18.414	26.785	192.500
04/11/2014	3.016	10.398	18.326	26.788	167.000
05/11/2014	32.019	6.505	19.985	23.840	448.700
06/11/2014	1.890	7.956	19.135	24.667	321.000
07/11/2014	14.669	9.046	18.858	25.718	302.100
08/11/2014	65.329	7.904	18.994	24.574	541.100
10/11/2014	0.866	7.963	18.776	24.483	316.300
11/11/2014	29.550	8.572	18.863	25.234	732.300
12/11/2014	3.448	7.353	19.327	24.253	455.800
14/11/2014	0.000	8.931	18.824	25.644	324.300
15/11/2014	0.102	9.279	17.086	24.801	275.200
16/11/2014	2.117	8.102	18.347	24.366	234.300
17/11/2014	0.969	10.589	18.132	27.201	197.400
18/11/2014	28.163	10.102	18.071	26.577	232.100
19/11/2014	26.144	7.712	19.712	25.041	445.900
20/11/2014	0.000	8.416	19.461	25.647	224.400
21/11/2014	0.728	9.068	18.256	25.516	237.200
22/11/2014	0.043	9.122	18.215	25.586	285.700
23/11/2014	8.520	9.998	18.031	26.519	235.800
24/11/2014	1.810	8.898	19.308	26.230	208.700
25/11/2014	0.474	9.450	18.898	26.522	167.000
26/11/2014	6.320	7.831	18.108	24.061	352.900
27/11/2014	2.501	8.500	18.458	25.080	543.000
28/11/2014	0.000	10.241	17.801	26.727	222.900
29/11/2014	0.000	10.771	18.292	27.762	169.600
30/11/2014	17.996	8.880	19.888	26.656	165.700
01/12/2014	10.359	9.910	19.297	27.462	176.100
02/12/2014	7.607	10.042	18.686	27.225	140.000
03/12/2014	0.868	10.112	19.103	27.642	128.400
04/12/2014	0.000	10.827	17.471	27.343	127.200
05/12/2014	18.804	7.780	18.938	24.750	156.600
06/12/2014	3.276	8.413	18.234	24.914	164.500
07/12/2014	23.972	8.416	17.778	24.593	203.800
08/12/2014	5.728	8.355	18.560	25.102	261.300
09/12/2014	27.350	6.978	19.208	24.023	257.400
10/12/2014	4.167	7.837	18.471	24.439	269.400
11/12/2014	7.220	7.110	18.594	23.714	625.400
12/12/2014	5.844	9.515	18.778	26.676	289.400
13/12/2014	17.396	6.993	18.385	23.414	343.000
14/12/2014	7.351	7.364	19.202	24.462	380.100
15/12/2014	0.000	8.457	17.881	24.746	248.000
16/12/2014	0.000	8.335	18.621	25.145	204.400
17/12/2014	0.230	8.013	18.188	24.477	252.100
18/12/2014	0.000	8.843	18.730	25.884	235.800
19/12/2014	0.000	9.795	17.938	26.442	189.200
20/12/2014	0.590	9.183	18.762	26.276	159.200
21/12/2014	0.465	8.859	18.658	25.820	238.600
22/12/2014	0.000	10.352	18.256	27.387	174.800
23/12/2014	0.000	11.207	18.001	28.328	147.500
24/12/2014	0.000	10.691	17.839	27.512	144.200
25/12/2014	0.000	8.938	19.244	26.365	120.300
26/12/2014	0.000	10.711	17.993	27.631	115.700
27/12/2014	0.000	11.331	18.132	28.532	106.500
28/12/2014	0.837	10.786	17.613	27.484	100.800
29/12/2014	0.000	11.109	17.589	27.866	96.150
30/12/2014	0.000	10.416	17.343	26.807	89.880
31/12/2014	0.000	10.387	18.542	27.574	86.800
01/01/2015	0.000	10.717	18.488	27.964	90.900
02/01/2015	0.309	11.086	17.753	27.900	81.680
03/01/2015	0.000	13.118	15.717	29.090	76.550
04/01/2015	0.000	13.334	15.750	29.372	70.400
05/01/2015	0.000	11.445	17.826	28.317	59.400
06/01/2015	0.000	12.847	15.773	28.737	66.300
07/01/2015	0.000	13.208	14.343	28.278	60.150
08/01/2015	0.000	10.540	17.483	26.897	57.070
09/01/2015	0.000	10.084	18.805	27.225	56.050
10/01/2015	6.105	11.221	18.093	28.113	59.130
11/01/2015	1.337	10.979	19.205	28.577	55.030
12/01/2015	6.445	11.306	19.112	28.901	57.070
13/01/2015	0.210	10.364	19.241	27.898	55.300
14/01/2015	2.483	9.968	19.435	27.494	53.530
15/01/2015	30.851	8.970	19.647	26.443	98.800
16/01/2015	5.662	8.826	18.728	25.558	66.300
17/01/2015	29.663	8.646	18.028	24.834	105.700
18/01/2015	3.268	8.417	18.539	24.916	149.700
19/01/2015	1.212	8.942	18.730	25.654	170.900
20/01/2015	0.000	9.015	17.786	25.001	105.300
21/01/2015	8.297	7.629	18.728	24.129	89.880
22/01/2015	13.880	7.643	18.811	24.217	113.800
23/01/2015	5.149	8.688	18.125	24.815	132.900
24/01/2015	2.907	8.654	18.406	24.959	113.500
25/01/2015	0.617	9.518	18.301	25.884	150.600
26/01/2015	0.000	10.737	18.350	27.356	103.200
27/01/2015	2.107	8.049	19.295	24.956	93.970
28/01/2015	0.151	8.678	17.863	24.551	188.600
29/01/2015	0.000	10.825	17.112	26.571	103.200
30/01/2015	0.000	11.582	17.432	27.641	82.700
31/01/2015	32.600	8.591	19.158	25.374	117.000
03/09/2015	11.878	12.252	18.240	27.984	32.250
04/09/2015	0.090	11.624	19.076	27.946	29.250
05/09/2015	1.858	12.781	19.491	29.456	31.500
06/09/2015	33.207	9.932	19.173	26.166	49.380
07/09/2015	0.913	11.178	19.565	27.725	38.250
08/09/2015	19.931	11.424	19.445	27.959	104.800
09/09/2015	0.520	11.871	20.062	28.855	36.750
10/09/2015	21.149	11.191	20.019	28.084	34.500
11/09/2015	10.973	7.382	19.621	23.953	54.280
12/09/2015	0.000	13.105	17.586	28.547	40.500
13/09/2015	0.000	14.640	16.984	29.887	30.750
16/09/2015	3.747	13.256	19.499	30.001	35.250
17/09/2015	23.296	10.562	19.608	27.170	106.500
18/09/2015	5.963	10.195	20.045	27.099	61.250
19/09/2015	24.886	10.099	20.022	26.972	146.200
20/09/2015	14.113	8.849	20.875	26.394	113.800
21/09/2015	8.933	11.700	19.292	28.182	70.400
22/09/2015	0.000	12.272	19.628	29.148	45.000
23/09/2015	0.209	10.716	20.250	27.869	36.000
24/09/2015	17.401	10.547	20.131	27.603	70.400
25/09/2015	0.000	11.283	18.932	27.544	38.250
26/09/2015	0.000	12.174	18.651	28.340	29.250
27/09/2015	1.377	11.999	18.801	28.275	26.250
29/09/2015	3.131	11.516	19.376	28.144	23.050
30/09/2015	19.570	8.914	19.635	25.525	76.100
01/10/2015	0.000	8.356	18.510	24.065	53.880
02/10/2015	1.931	9.363	19.102	25.615	36.750
03/10/2015	8.994	9.618	19.203	25.968	106.500
04/10/2015	5.723	10.891	19.741	27.814	85.500
05/10/2015	14.082	11.291	19.560	28.147	45.000
06/10/2015	0.000	11.444	19.907	28.584	37.500
07/10/2015	21.868	10.700	19.688	27.613	33.750
08/10/2015	1.707	10.552	19.209	27.097	28.500
09/10/2015	19.436	10.819	18.371	26.753	48.350
10/10/2015	0.000	10.283	18.397	26.222	45.000
11/10/2015	14.324	8.318	18.621	24.247	117.000
12/10/2015	2.370	9.192	18.773	25.320	66.570
15/10/2015	2.671	8.342	19.243	24.820	116.800
16/10/2015	36.625	9.301	19.504	26.048	180.000
17/10/2015	3.746	11.286	18.515	27.562	135.600
18/10/2015	17.471	10.439	19.698	27.469	138.700
19/10/2015	3.418	11.028	18.751	27.474	122.200
20/10/2015	0.000	11.857	18.823	28.487	100.100
21/10/2015	25.085	11.409	18.401	27.718	114.900
22/10/2015	0.672	11.455	17.749	27.301	63.220
23/10/2015	15.180	8.728	20.126	26.026	104.600
24/10/2015	10.979	7.886	18.984	24.317	96.750
25/10/2015	2.669	8.833	19.031	25.336	135.800
26/10/2015	23.659	8.238	19.490	25.078	131.800
27/10/2015	1.928	8.626	18.824	25.052	154.000
28/10/2015	4.466	10.555	18.417	26.878	96.150
29/10/2015	17.666	9.395	18.455	25.624	118.000
30/10/2015	15.771	10.453	18.474	26.876	155.300
31/10/2015	0.000	9.701	17.672	25.448	106.500
04/12/2015	32.803	8.680	19.897	26.483	103.100
05/12/2015	0.959	10.132	18.669	27.323	93.070
06/12/2015	12.940	10.594	18.740	27.968	85.780
07/12/2015	4.364	10.447	18.545	27.676	86.800
08/12/2015	9.829	9.926	18.600	27.049	108.800
09/12/2015	1.418	11.097	18.571	28.528	96.270
10/12/2015	22.302	9.893	20.147	28.192	116.900
11/12/2015	9.441	10.647	19.100	28.400	77.570
12/12/2015	0.000	11.857	17.802	28.967	68.350
13/12/2015	0.222	10.635	19.025	28.286	60.150
14/12/2015	6.997	9.242	19.153	26.657	69.380
15/12/2015	25.102	8.561	19.400	26.039	129.500
16/12/2015	9.109	9.968	19.267	27.602	118.600
17/12/2015	5.700	9.109	19.719	26.913	108.800
18/12/2015	0.177	8.499	18.906	25.571	99.200
19/12/2015	6.199	9.345	20.531	27.812	101.800
20/12/2015	0.254	9.489	20.913	28.298	86.800
21/12/2015	0.000	10.915	19.012	28.653	73.480
22/12/2015	0.000	10.699	18.645	28.121	63.220
23/12/2015	0.000	10.472	19.375	28.369	59.130
24/12/2015	0.000	11.433	18.378	28.844	55.030
25/12/2015	0.000	12.360	18.254	29.906	52.500
26/12/2015	0.000	11.434	18.884	29.144	49.500
27/12/2015	0.000	11.676	18.580	29.272	47.250
28/12/2015	0.000	11.103	20.121	29.618	46.500
29/12/2015	0.000	11.618	19.892	30.048	44.250
30/12/2015	0.000	10.393	21.023	29.408	42.750
31/12/2015	0.000	9.884	21.445	29.092	43.500
01/01/2016	0.000	10.706	20.047	29.041	40.500
02/01/2016	3.436	7.715	19.746	25.275	49.272
03/01/2016	0.315	10.953	18.411	28.118	44.191
04/01/2016	44.129	8.270	20.360	26.326	86.031
05/01/2016	7.695	9.156	19.532	26.733	74.303
06/01/2016	11.545	8.241	19.672	25.737	130.819
07/01/2016	4.514	9.297	19.743	27.031	87.709
08/01/2016	0.538	8.918	20.408	27.097	66.813
09/01/2016	0.000	10.717	18.429	27.786	58.519
10/01/2016	0.000	10.509	17.844	27.064	56.369
11/01/2016	0.000	10.815	16.676	26.642	45.137
12/01/2016	0.000	12.447	16.744	28.683	46.594
13/01/2016	0.000	9.225	18.980	26.299	41.250
14/01/2016	0.058	10.653	18.286	27.462	38.250
15/01/2016	0.000	11.752	17.445	28.241	36.000
16/01/2016	0.000	12.199	17.799	29.049	34.500
17/01/2016	0.000	13.069	17.126	29.672	32.906
18/01/2016	0.000	10.479	19.878	28.362	30.188
19/01/2016	0.000	10.865	17.548	27.166	33.469
20/01/2016	0.000	11.694	17.920	28.350	32.531
21/01/2016	0.000	12.034	18.196	28.936	30.656
22/01/2016	0.000	10.272	21.020	28.827	28.594
23/01/2016	0.739	10.550	20.065	28.433	31.125
24/01/2016	0.000	9.269	19.850	26.820	40.688
25/01/2016	0.000	9.650	19.388	26.814	42.137
26/01/2016	0.000	9.851	20.558	27.956	52.806
27/01/2016	0.000	11.695	19.465	29.286	39.750
28/01/2016	0.000	10.636	19.054	27.741	33.844
29/01/2016	0.000	9.897	20.552	27.962	34.781
30/01/2016	0.000	10.355	19.388	27.544	85.800
31/01/2016	0.000	12.287	17.948	28.760	72.750
01/02/2016	0.000	11.521	18.898	28.528	41.719
02/02/2016	0.000	12.595	18.407	29.433	36.656
03/02/2016	0.000	11.400	19.969	29.106	32.344
04/02/2016	0.000	10.542	20.025	28.083	30.750
05/02/2016	1.484	9.355	19.842	26.590	31.228
06/02/2016	0.000	11.295	19.670	28.701	49.566
07/02/2016	0.000	10.965	20.048	28.522	36.375
08/02/2016	12.700	8.502	21.247	26.754	32.813
09/02/2016	0.000	13.019	18.612	29.811	30.000
10/02/2016	0.000	11.119	20.337	28.810	45.916
11/02/2016	25.222	11.420	19.634	28.667	174.972
12/02/2016	2.064	10.577	21.020	28.702	58.238
13/02/2016	0.000	10.449	20.859	28.403	45.956
14/02/2016	7.846	9.893	20.767	27.763	83.025
15/02/2016	0.000	11.584	20.310	29.218	57.638
16/02/2016	0.407	12.454	21.105	30.727	42.325
17/02/2016	10.990	10.653	20.227	28.089	69.916
18/02/2016	0.000	11.892	19.860	29.163	48.984
19/02/2016	9.964	11.463	19.798	28.634	77.875
20/02/2016	0.000	9.857	20.969	27.733	53.556
21/02/2016	3.225	6.333	21.230	24.468	75.509
22/02/2016	0.000	9.493	20.076	26.610	80.519
23/02/2016	0.844	11.725	20.349	29.182	59.894
24/02/2016	6.827	11.403	20.359	28.807	54.322
25/02/2016	26.017	8.613	19.824	25.442	143.009
26/02/2016	0.000	9.631	19.722	26.400	126.519
27/02/2016	0.000	10.789	20.568	28.263	79.300
28/02/2016	0.000	9.508	21.285	27.480	58.869
29/02/2016	1.084	11.640	19.243	28.211	51.784
01/03/2016	1.008	10.866	20.225	28.045	45.844
02/03/2016	0.000	9.813	20.648	27.224	53.047
03/03/2016	0.000	10.262	20.536	27.603	61.784
04/03/2016	0.059	10.499	20.206	27.584	54.188
05/03/2016	0.000	11.094	19.817	27.904	45.784
06/03/2016	7.822	10.795	19.738	27.519	93.637
07/03/2016	0.995	9.654	19.624	26.211	93.759
08/03/2016	4.363	10.015	20.089	26.924	71.937
09/03/2016	1.967	10.031	20.594	27.304	72.194
10/03/2016	9.573	11.503	19.767	28.221	94.300
11/03/2016	1.172	11.210	20.073	28.121	95.503
12/03/2016	0.419	11.847	20.167	28.849	101.541
13/03/2016	2.946	10.931	20.706	28.272	103.275
14/03/2016	5.243	9.454	20.725	26.776	127.487
15/03/2016	0.000	11.122	20.718	28.456	139.706
16/03/2016	3.463	11.796	21.062	29.401	152.428
17/03/2016	30.596	9.072	21.121	26.690	228.703
18/03/2016	1.133	11.450	20.846	28.872	144.763
19/03/2016	2.443	11.659	21.029	29.237	124.181
20/03/2016	15.309	11.323	21.378	29.158	109.231
21/03/2016	0.125	10.731	20.616	27.955	93.141
22/03/2016	0.000	11.371	19.929	28.142	85.775
23/03/2016	2.586	11.799	20.971	29.336	80.522
24/03/2016	0.000	14.218	19.320	30.725	71.425
25/03/2016	0.000	13.728	20.424	31.070	60.313
26/03/2016	0.000	15.012	19.222	31.541	52.850
27/03/2016	15.104	13.050	21.352	30.862	77.006
28/03/2016	10.059	10.610	21.086	28.147	118.437
29/03/2016	11.149	12.259	20.898	29.688	180.716
30/03/2016	21.477	8.757	21.555	26.686	202.534
31/03/2016	20.156	9.915	19.810	26.432	366.850
01/04/2016	1.420	9.804	20.628	26.943	142.569
02/04/2016	33.084	7.531	20.797	24.933	449.328
03/04/2016	0.000	9.469	19.592	25.821	271.375
04/04/2016	0.083	7.986	20.788	25.308	169.891
05/04/2016	0.070	10.574	20.510	27.693	120.731
06/04/2016	3.992	10.111	20.061	26.844	136.275
07/04/2016	0.000	10.677	21.272	28.378	120.394
08/04/2016	1.759	10.966	20.596	28.145	154.575
09/04/2016	33.023	8.962	21.113	26.528	154.431
10/04/2016	5.936	9.996	20.751	27.302	134.222
11/04/2016	13.100	10.584	20.250	27.517	224.200
12/04/2016	19.483	7.211	20.836	24.706	305.141
13/04/2016	0.081	7.778	19.850	24.426	401.122
14/04/2016	0.000	11.650	18.081	27.070	221.078
15/04/2016	0.000	11.684	20.026	28.525	152.506
16/04/2016	16.135	10.462	20.660	27.725	181.806
17/04/2016	23.765	8.150	21.433	26.071	176.328
18/04/2016	0.000	11.002	21.164	28.690	130.697
19/04/2016	1.162	11.863	19.759	28.624	130.519
20/04/2016	13.852	10.191	19.933	26.949	206.106
21/04/2016	4.962	12.214	20.371	29.410	161.963
22/04/2016	7.622	10.617	21.265	28.385	133.494
23/04/2016	11.618	9.052	21.142	26.776	112.394
24/04/2016	10.889	6.564	20.439	23.878	158.525
25/04/2016	16.742	10.043	19.422	26.438	320.356
26/04/2016	3.490	9.890	20.311	26.983	147.631
27/04/2016	25.837	9.635	20.006	26.499	186.156
28/04/2016	6.091	9.245	19.294	25.574	249.741
29/04/2016	18.203	10.152	20.132	27.141	611.397
30/04/2016	7.501	10.330	20.384	27.515	299.297
01/05/2016	14.460	7.031	20.504	24.347	342.159
02/05/2016	5.444	8.121	20.234	25.158	271.666
03/05/2016	1.290	9.394	19.531	25.927	259.922
04/05/2016	22.032	8.291	19.400	24.703	355.116
05/05/2016	0.015	10.993	19.839	27.875	206.384
06/05/2016	10.040	8.908	20.471	26.225	204.595
07/05/2016	27.369	9.617	19.404	26.086	411.252
08/05/2016	1.106	8.527	19.269	24.885	228.103
09/05/2016	14.058	9.824	19.212	26.183	341.181
10/05/2016	16.453	6.715	19.321	23.153	312.456
11/05/2016	0.000	9.242	19.394	25.749	270.309
12/05/2016	0.128	12.016	18.343	28.036	207.684
13/05/2016	4.397	9.048	19.594	25.705	181.494
14/05/2016	0.269	10.489	19.717	27.376	188.188
15/05/2016	0.233	11.255	20.475	28.778	155.625
16/05/2016	1.906	10.786	19.939	27.875	141.147
17/05/2016	13.352	11.528	19.922	28.708	186.966
18/05/2016	1.281	9.927	20.366	27.315	147.113
19/05/2016	1.308	9.302	20.538	26.792	165.819
20/05/2016	1.109	11.244	20.446	28.789	133.181
21/05/2016	13.396	11.223	20.626	28.926	153.544
22/05/2016	8.598	10.891	21.483	29.225	143.600
23/05/2016	0.820	11.503	20.767	29.347	130.169
24/05/2016	7.749	10.886	20.718	28.660	122.600
25/05/2016	9.003	9.790	19.875	26.849	159.967
26/05/2016	22.841	8.333	20.182	25.539	421.430
27/05/2016	1.097	10.450	18.907	26.874	216.141
28/05/2016	13.534	8.470	20.906	26.282	294.050
29/05/2016	11.940	8.878	20.051	26.052	337.772
30/05/2016	6.962	10.649	19.080	27.243	312.344
31/05/2016	17.284	10.399	19.057	26.923	489.383
01/06/2016	1.075	9.624	18.827	25.972	260.272
02/06/2016	4.640	9.093	19.664	26.052	209.284
03/06/2016	6.595	9.076	18.815	25.382	257.394
04/06/2016	4.783	11.737	18.150	27.881	303.556
05/06/2016	1.200	12.584	18.823	29.365	204.987
06/06/2016	12.672	10.193	18.090	26.105	289.156
07/06/2016	2.049	8.219	18.515	24.238	211.731
08/06/2016	0.032	10.957	18.664	27.403	205.309
09/06/2016	2.254	9.354	19.629	26.328	147.978
10/06/2016	2.582	9.406	18.663	25.645	170.575
11/06/2016	2.125	10.948	18.587	27.353	170.594
12/06/2016	2.114	11.541	17.974	27.609	145.681
13/06/2016	11.809	9.933	19.517	26.876	170.512
14/06/2016	10.599	8.560	19.600	25.468	211.250
15/06/2016	4.931	9.675	18.895	26.145	144.412
16/06/2016	0.000	11.808	18.023	27.956	152.769
17/06/2016	0.000	10.665	19.850	27.978	121.306
18/06/2016	9.530	9.514	19.757	26.605	146.197
19/06/2016	12.334	9.536	19.801	26.653	214.313
20/06/2016	7.338	8.901	19.519	25.754	175.453
21/06/2016	4.491	9.724	18.744	26.076	135.619
22/06/2016	0.000	10.861	18.517	27.247	114.838
23/06/2016	1.887	10.045	19.865	27.266	107.650
24/06/2016	9.001	9.566	19.477	26.462	113.234
25/06/2016	4.358	11.171	18.337	27.427	170.459
26/06/2016	0.822	10.079	19.173	26.779	161.713
27/06/2016	0.000	11.903	18.632	28.474	124.025
28/06/2016	0.000	12.568	18.980	29.497	103.194
29/06/2016	0.320	11.414	19.262	28.355	91.941
30/06/2016	9.305	10.677	19.265	27.526	84.494
01/07/2016	8.424	11.071	19.961	28.468	88.544
02/07/2016	15.224	9.072	20.429	26.634	97.597
03/07/2016	8.324	9.253	20.057	26.568	94.744
04/07/2016	1.304	10.659	19.817	27.917	96.150
05/07/2016	6.781	7.844	19.759	24.827	97.300
06/07/2016	10.426	8.105	19.706	25.032	131.650
07/07/2016	6.429	10.357	19.439	27.281	194.038
08/07/2016	0.109	10.543	20.948	28.584	113.781
09/07/2016	0.000	12.272	19.081	29.199	91.203
10/07/2016	4.722	10.154	20.352	27.746	85.775
11/07/2016	3.483	10.305	19.355	27.126	87.244
12/07/2016	6.705	11.359	18.312	27.580	109.741
13/07/2016	2.392	9.989	19.182	26.661	92.959
14/07/2016	13.013	10.491	18.831	26.938	78.856
15/07/2016	2.504	10.487	18.573	26.709	76.037
16/07/2016	4.647	8.224	19.003	24.584	109.741
17/07/2016	1.438	10.465	18.455	26.619	105.891
18/07/2016	6.799	8.517	18.807	24.699	106.803
19/07/2016	2.104	10.176	18.374	26.219	105.350
20/07/2016	0.853	10.064	19.055	26.541	103.913
21/07/2016	5.523	9.879	18.924	26.266	116.175
22/07/2016	6.197	9.380	19.231	25.900	140.588
23/07/2016	3.131	10.292	18.717	26.526	121.450
24/07/2016	3.691	9.983	18.281	25.858	112.544
25/07/2016	0.082	10.928	18.052	26.747	144.356
26/07/2016	6.535	12.213	18.462	28.472	155.556
27/07/2016	11.352	10.587	18.554	26.667	145.069
28/07/2016	3.462	10.581	19.224	27.138	113.419
29/07/2016	3.624	11.137	18.834	27.467	98.338
30/07/2016	1.653	10.248	19.132	26.689	91.044
31/07/2016	5.971	11.021	19.031	27.462	89.937
01/08/2016	3.720	11.216	19.006	27.647	103.544
02/08/2016	2.584	10.427	19.458	27.086	94.000
03/08/2016	4.822	10.949	19.154	27.433	110.206
04/08/2016	6.275	9.213	19.036	25.435	128.103
05/08/2016	1.144	10.809	18.355	26.670	81.625
06/08/2016	0.000	12.527	18.501	28.712	65.788
07/08/2016	0.000	11.171	19.182	27.656	55.522
08/08/2016	7.996	11.453	18.509	27.485	54.034
09/08/2016	9.098	9.379	19.975	26.347	81.416
10/08/2016	12.283	10.856	19.355	27.420	82.809
11/08/2016	3.376	11.296	19.038	27.647	81.000
12/08/2016	10.276	11.273	18.500	27.241	139.791
13/08/2016	1.955	11.324	19.299	27.837	125.181
14/08/2016	9.940	11.072	19.349	27.613	252.494
15/08/2016	2.603	10.376	19.017	26.626	110.916
16/08/2016	4.749	10.696	19.634	27.404	137.041
17/08/2016	4.224	11.281	19.414	27.858	106.213
18/08/2016	13.103	9.059	19.959	25.906	120.381
19/08/2016	0.224	12.321	17.833	27.868	166.581
20/08/2016	0.703	13.312	18.195	29.270	103.928
21/08/2016	5.102	12.631	19.010	29.038	69.247
22/08/2016	0.076	11.263	19.821	28.076	60.278
23/08/2016	1.668	13.046	17.859	28.677	53.397
24/08/2016	3.429	12.160	18.504	28.096	53.909
25/08/2016	12.260	11.122	19.592	27.770	96.884
26/08/2016	10.012	9.660	19.433	26.092	163.631
27/08/2016	0.074	10.783	18.038	26.231	92.269
28/08/2016	10.516	10.928	18.702	26.868	132.231
29/08/2016	0.000	12.703	17.996	28.342	89.609
30/08/2016	11.693	9.736	19.214	25.994	122.528
31/08/2016	0.454	9.850	18.571	25.663	91.588
01/09/2016	19.220	9.071	18.153	24.484	112.197
02/09/2016	0.903	9.619	17.654	24.741	79.794
03/09/2016	2.509	11.796	18.163	27.445	66.044
04/09/2016	15.118	10.832	19.320	27.206	92.116
05/09/2016	14.468	10.467	19.467	26.920	159.750
06/09/2016	10.498	10.896	18.722	26.830	141.906
07/09/2016	2.052	7.442	19.626	23.968	107.075
08/09/2016	5.749	11.730	17.884	27.147	101.563
09/09/2016	4.443	10.642	19.031	26.778	93.738
10/09/2016	3.838	9.871	18.833	25.799	85.031
11/09/2016	7.616	10.709	18.624	26.531	132.006
12/09/2016	14.361	8.319	20.071	25.157	164.731
13/09/2016	3.020	8.800	18.735	24.635	119.625
14/09/2016	3.953	9.886	19.292	26.219	108.806
15/09/2016	11.502	10.113	17.770	25.301	167.719
16/09/2016	1.312	11.683	18.317	27.465	91.469
17/09/2016	0.387	11.992	18.712	28.039	86.031
18/09/2016	14.405	11.073	19.227	27.419	93.844
19/09/2016	7.567	10.889	19.753	27.608	80.119
20/09/2016	0.429	11.617	19.696	28.359	68.350
21/09/2016	9.558	11.136	19.119	27.411	80.137
22/09/2016	2.047	10.354	18.116	25.922	80.778
23/09/2016	0.274	11.775	18.240	27.557	72.781
24/09/2016	16.412	10.597	19.090	26.879	155.334
25/09/2016	18.504	10.446	19.352	26.884	296.606
26/09/2016	2.444	11.792	18.840	28.000	123.688
27/09/2016	17.810	10.918	19.548	27.590	104.991
28/09/2016	7.284	10.719	19.164	27.125	82.444
29/09/2016	7.932	11.021	19.442	27.606	99.041
30/09/2016	4.909	11.174	20.314	28.414	107.000
01/10/2016	17.954	8.860	20.028	25.792	249.406
02/10/2016	1.763	9.069	19.664	25.737	194.919
03/10/2016	9.375	8.185	19.251	24.468	530.075
04/10/2016	3.329	11.396	19.092	27.826	201.431
05/10/2016	28.224	8.669	18.930	24.770	265.887
06/10/2016	0.219	9.193	20.397	26.490	217.556
07/10/2016	21.009	8.534	18.852	24.635	250.913
08/10/2016	1.012	8.986	18.708	24.994	190.688
09/10/2016	6.951	10.178	18.006	25.823	225.594
10/10/2016	20.470	8.455	19.435	24.996	338.531
11/10/2016	10.169	10.289	18.724	26.513	328.781
12/10/2016	24.069	8.304	19.007	24.548	337.534
13/10/2016	0.536	10.773	17.839	26.423	217.056
14/10/2016	14.894	9.852	19.212	26.387	277.347
15/10/2016	7.994	9.265	19.339	25.911	264.550
16/10/2016	23.560	10.552	18.708	26.844	213.678
17/10/2016	8.634	9.695	18.895	26.057	189.172
18/10/2016	22.284	7.964	19.452	24.635	218.256
19/10/2016	0.000	11.367	17.397	26.943	161.313
20/10/2016	0.736	9.913	18.887	26.406	153.575
21/10/2016	6.668	10.582	18.070	26.558	191.322
22/10/2016	13.059	10.556	17.895	26.407	226.403
23/10/2016	7.302	9.299	18.618	25.528	270.194
24/10/2016	0.397	9.161	19.468	25.993	203.119
25/10/2016	9.004	8.439	18.562	24.531	256.381
26/10/2016	25.491	8.323	19.324	25.019	573.422
27/10/2016	11.291	9.375	18.602	25.663	308.541
28/10/2016	1.157	9.637	19.067	26.343	312.472
29/10/2016	31.626	6.742	19.420	23.520	893.266
30/10/2016	0.000	11.236	17.493	27.097	326.153
31/10/2016	6.401	9.921	18.124	26.048	294.034
01/11/2016	15.022	6.738	19.830	23.888	683.378
02/11/2016	0.902	8.328	18.993	24.903	269.163
03/11/2016	2.526	10.670	17.192	26.311	256.469
04/11/2016	0.087	8.434	20.009	25.849	226.216
05/11/2016	1.168	9.293	19.420	26.371	199.962
06/11/2016	13.455	9.884	19.032	26.769	236.856
07/11/2016	30.897	7.967	19.749	25.238	304.044
08/11/2016	4.591	8.208	18.919	24.802	290.091
09/11/2016	0.411	8.996	20.147	26.661	213.891
10/11/2016	31.283	8.633	19.701	25.948	230.712
11/11/2016	36.336	6.399	19.631	23.512	336.084
12/11/2016	0.912	9.093	18.259	25.400	226.356
13/11/2016	2.239	9.719	19.038	26.735	197.262
14/11/2016	18.632	7.879	18.480	24.273	319.773
15/11/2016	9.662	8.616	18.900	25.406	720.286
16/11/2016	0.000	9.398	18.430	25.946	411.266
17/11/2016	2.608	8.004	18.923	24.754	334.622
18/11/2016	1.488	8.619	19.116	25.599	327.553
19/11/2016	29.976	7.799	18.911	24.493	525.523
20/11/2016	22.577	7.708	19.560	24.945	475.783
21/11/2016	0.241	10.415	18.305	27.205	370.522
22/11/2016	0.000	10.584	17.606	26.908	279.894
23/11/2016	0.779	8.935	18.677	25.711	216.991
24/11/2016	2.573	8.652	18.865	25.529	259.994
25/11/2016	20.722	6.968	19.026	23.783	284.003
26/11/2016	8.021	8.802	18.416	25.422	330.081
27/11/2016	14.275	8.215	18.144	24.525	267.072
28/11/2016	9.264	7.816	19.765	25.352	318.412
29/11/2016	21.685	6.570	19.337	23.638	617.133
30/11/2016	1.970	8.994	19.719	26.669	358.947
01/12/2016	7.895	7.221	20.593	25.347	300.706
02/12/2016	25.814	6.847	19.823	24.342	408.003
03/12/2016	20.107	5.580	20.131	23.302	446.916
04/12/2016	9.235	8.754	18.936	25.875	429.035
05/12/2016	16.570	8.299	18.549	25.035	560.383
06/12/2016	1.610	9.639	18.407	26.532	337.587
07/12/2016	14.506	8.956	19.269	26.368	353.237
08/12/2016	11.232	9.081	18.324	25.834	467.810
09/12/2016	16.611	7.650	19.182	24.775	539.220
10/12/2016	5.650	8.684	18.900	25.757	397.988
11/12/2016	9.521	9.834	17.703	26.310	343.384
12/12/2016	5.228	9.987	18.084	26.818	260.828
13/12/2016	1.684	9.178	17.695	25.574	251.575
14/12/2016	0.000	10.638	16.830	26.731	232.713
15/12/2016	0.413	8.741	19.055	25.999	207.375
16/12/2016	0.000	8.471	19.594	26.080	234.744
17/12/2016	0.224	9.267	18.467	26.217	243.619
18/12/2016	0.000	8.659	19.394	26.125	197.025
19/12/2016	4.057	9.939	18.859	27.314	238.650
20/12/2016	0.000	8.793	18.711	25.769	195.900
21/12/2016	12.495	5.469	19.472	22.688	285.016
22/12/2016	5.124	9.068	18.600	26.003	411.147
23/12/2016	0.069	8.642	18.179	25.196	301.609
24/12/2016	0.000	8.790	19.036	25.996	236.609
25/12/2016	12.078	9.205	18.326	25.977	254.641
26/12/2016	5.015	7.758	19.952	25.496	231.231
27/12/2016	4.502	8.406	19.372	25.778	286.947
28/12/2016	12.185	9.723	18.804	26.945	274.572
29/12/2016	0.000	8.751	20.108	26.767	206.147
30/12/2016	11.196	7.970	19.394	25.286	290.519
31/12/2016	49.488	7.314	19.452	24.577	676.475
01/01/2017	3.856	9.653	19.041	27.015	287.303
02/01/2017	0.000	10.067	18.951	27.462	237.634
03/01/2017	5.344	11.256	17.587	28.009	268.763
04/01/2017	5.023	9.194	18.626	26.092	253.284
05/01/2017	28.176	7.896	18.538	24.519	324.725
06/01/2017	0.000	9.267	18.786	26.311	300.256
07/01/2017	17.182	8.922	19.048	26.076	283.834
08/01/2017	21.006	7.132	19.453	24.320	253.378
09/01/2017	16.914	6.991	18.767	23.606	418.492
10/01/2017	0.062	6.996	18.746	23.568	326.933
11/01/2017	0.000	8.737	18.740	25.538	265.225
12/01/2017	0.269	9.724	18.278	26.368	207.853
13/01/2017	0.276	9.235	19.196	26.429	238.781
14/01/2017	0.000	7.067	18.705	23.548	258.981
15/01/2017	0.000	9.812	17.667	25.985	216.384
16/01/2017	0.000	10.034	17.868	26.379	203.241
17/01/2017	0.000	10.346	17.503	26.456	179.181
18/01/2017	0.000	8.165	18.315	24.448	190.534
19/01/2017	0.356	10.982	17.346	27.078	205.788
20/01/2017	0.000	10.569	18.339	27.295	213.113
21/01/2017	0.000	11.311	16.044	26.589	182.366
22/01/2017	0.000	12.152	15.920	27.551	153.025
23/01/2017	0.000	13.886	14.089	28.536	138.900
24/01/2017	0.000	11.713	16.009	26.999	130.650
25/01/2017	0.000	9.392	18.054	25.558	123.894
26/01/2017	0.000	10.518	18.632	27.289	116.994
27/01/2017	0.000	10.710	19.291	27.939	112.537
28/01/2017	5.355	10.618	19.702	28.135	120.300
29/01/2017	0.000	11.087	19.228	28.310	115.894
30/01/2017	25.034	8.982	18.942	25.632	157.594
31/01/2017	1.454	9.590	19.347	26.610	117.856
01/02/2017	7.237	9.960	19.336	27.006	134.063
02/02/2017	28.514	10.172	18.900	26.929	112.881
03/02/2017	0.000	10.685	18.562	27.256	131.800
04/02/2017	0.000	11.686	18.458	28.350	107.938
05/02/2017	1.306	13.408	18.645	30.462	107.794
06/02/2017	0.000	12.924	18.629	29.856	96.163
07/02/2017	0.000	11.855	18.536	28.483	87.056
08/02/2017	0.000	13.197	18.238	29.863	83.981
09/02/2017	24.248	11.697	17.935	27.808	144.069
10/02/2017	3.525	10.556	19.638	27.693	155.631
11/02/2017	0.000	12.941	17.212	28.703	142.050
12/02/2017	0.084	10.130	19.824	27.279	124.981
13/02/2017	0.813	10.958	19.467	27.920	97.263
14/02/2017	0.000	10.503	19.272	27.276	88.722
15/02/2017	0.000	12.875	18.420	29.320	82.828
16/02/2017	0.000	11.524	18.874	28.062	81.369
17/02/2017	0.863	9.951	19.911	27.099	154.731
18/02/2017	0.000	12.380	18.358	28.622	138.200
19/02/2017	0.000	13.450	17.906	29.504	107.953
20/02/2017	1.011	12.617	19.100	29.323	96.881
21/02/2017	1.835	11.314	20.510	28.895	97.772
22/02/2017	0.000	11.756	18.814	28.112	91.875
23/02/2017	0.000	12.553	18.230	28.583	89.234
24/02/2017	0.025	7.980	21.080	25.791	83.387
27/02/2017	4.804	9.893	19.756	26.642	130.458
28/02/2017	2.827	10.395	20.949	28.112	122.571
01/03/2017	6.047	12.108	19.987	29.188	145.243
02/03/2017	6.488	11.244	19.496	27.871	175.331
03/03/2017	3.061	10.728	19.529	27.334	174.286
04/03/2017	3.884	13.142	18.501	29.288	165.180
05/03/2017	25.815	9.160	20.590	26.510	147.384
06/03/2017	4.229	10.400	20.395	27.602	145.503
07/03/2017	32.101	10.626	18.849	26.676	248.394
08/03/2017	14.660	6.198	19.897	23.083	178.864
09/03/2017	4.998	10.992	18.767	26.949	170.055
10/03/2017	9.352	8.853	19.705	25.411	182.342
11/03/2017	13.941	10.117	19.618	26.680	213.350
12/03/2017	47.118	7.429	19.180	23.558	342.520
13/03/2017	3.234	10.018	18.981	26.052	265.862
14/03/2017	4.649	10.754	19.837	27.440	217.011
15/03/2017	8.230	7.390	19.468	23.737	462.906
16/03/2017	1.069	9.907	18.961	25.871	462.199
17/03/2017	0.000	9.998	19.401	26.299	302.774
18/03/2017	0.377	10.772	19.174	26.939	235.739
19/03/2017	0.229	11.177	18.911	27.157	233.710
20/03/2017	0.225	9.146	19.327	25.324	211.717
21/03/2017	2.272	9.772	19.394	26.009	206.571
22/03/2017	11.584	8.677	20.212	25.549	256.746
23/03/2017	5.594	9.817	18.499	25.390	238.547
24/03/2017	28.405	6.795	19.455	23.195	332.599
25/03/2017	1.711	10.151	19.090	26.164	380.686
26/03/2017	21.227	7.765	19.214	23.872	624.297
27/03/2017	25.113	9.469	19.683	25.930	318.119
28/03/2017	14.377	9.960	19.626	26.385	258.063
29/03/2017	1.570	9.419	19.237	25.567	306.224
30/03/2017	19.025	7.279	19.029	23.203	735.011
31/03/2017	1.523	8.898	19.794	25.423	393.840
01/04/2017	5.468	10.867	18.782	26.769	351.868
02/04/2017	0.883	11.729	19.801	28.401	281.716
03/04/2017	7.212	12.531	18.894	28.642	328.533
04/04/2017	0.000	13.083	19.435	29.578	218.370
05/04/2017	0.037	12.854	18.988	29.064	187.858
06/04/2017	0.000	12.744	18.952	28.916	169.405
07/04/2017	1.781	11.867	19.142	28.049	162.183
08/04/2017	18.403	9.471	20.440	26.567	191.905
09/04/2017	28.211	8.026	19.612	24.453	225.836
10/04/2017	7.386	10.218	18.680	25.964	225.093
11/04/2017	7.270	8.885	19.856	25.465	204.147
12/04/2017	7.378	9.022	19.828	25.590	312.058
14/04/2017	35.504	6.544	20.177	23.516	334.436
15/04/2017	0.077	11.508	19.262	27.770	248.144
16/04/2017	0.060	10.756	19.294	27.016	198.932
17/04/2017	22.338	10.082	19.512	26.448	246.376
18/04/2017	6.286	9.343	20.071	26.174	219.544
19/04/2017	36.536	9.753	19.869	26.417	434.310
20/04/2017	22.609	7.452	20.083	24.311	448.754
21/04/2017	18.285	9.363	19.600	25.802	613.501
22/04/2017	0.000	11.258	18.801	27.233	348.724
23/04/2017	0.882	12.460	19.927	29.324	287.961
25/04/2017	7.142	9.406	19.975	26.167	355.653
26/04/2017	20.020	8.898	20.049	25.747	578.707
27/04/2017	0.000	11.026	18.853	27.126	365.973
28/04/2017	3.859	11.165	19.626	27.828	295.848
29/04/2017	1.728	11.748	19.605	28.453	285.019
30/04/2017	16.913	7.338	20.109	24.299	619.626
01/05/2017	9.207	10.904	18.842	26.975	298.845
02/05/2017	17.487	8.851	19.376	25.208	456.878
03/05/2017	29.546	6.779	19.438	23.201	455.746
04/05/2017	4.842	10.634	18.744	26.666	345.588
05/05/2017	8.769	9.183	19.292	25.560	331.682
06/05/2017	38.721	8.461	19.310	24.811	739.512
07/05/2017	0.037	9.160	18.513	24.955	316.447
08/05/2017	18.198	8.957	19.388	25.395	333.988
09/05/2017	15.679	7.645	19.318	24.064	401.929
10/05/2017	2.938	8.868	18.977	25.057	392.742
11/05/2017	20.479	7.462	19.612	24.076	425.308
12/05/2017	6.460	6.433	20.167	23.600	474.712
13/05/2017	6.124	10.128	18.926	26.359	390.516
14/05/2017	8.309	10.426	19.321	26.962	372.190
15/05/2017	26.304	9.714	19.657	26.493	405.650
16/05/2017	3.461	11.106	19.398	27.844	374.625
17/05/2017	8.326	9.097	18.946	25.336	356.854
18/05/2017	7.770	11.711	19.568	28.661	384.969
19/05/2017	2.448	11.637	19.509	28.589	312.366
20/05/2017	12.264	9.567	19.599	26.403	380.331
21/05/2017	4.804	10.666	18.996	27.121	329.506
22/05/2017	6.896	6.884	19.507	23.555	398.212
23/05/2017	0.011	10.642	18.023	26.429	275.904
24/05/2017	1.047	10.758	19.632	27.719	229.124
25/05/2017	3.521	10.912	20.183	28.295	211.524
26/05/2017	2.699	10.965	19.634	27.990	191.474
27/05/2017	5.297	10.777	18.749	27.161	182.905
28/05/2017	2.677	10.956	19.717	28.051	179.192
29/05/2017	4.779	10.071	19.531	26.981	249.552
30/05/2017	16.313	10.439	20.102	27.772	632.607
31/05/2017	4.847	11.095	19.523	28.100	234.592
01/06/2017	2.492	10.125	19.967	27.359	199.547
02/06/2017	3.303	11.039	19.554	28.067	218.244
03/06/2017	1.391	12.130	19.715	29.446	181.367
04/06/2017	5.338	9.382	20.642	27.073	238.137
06/06/2017	0.055	11.303	19.358	28.251	165.114
07/06/2017	26.182	6.568	20.660	24.286	159.219
08/06/2017	9.040	7.117	19.211	23.644	345.224
09/06/2017	1.278	9.046	18.397	25.001	285.281
10/06/2017	9.299	10.050	19.544	27.015	185.064
11/06/2017	10.580	10.014	19.121	26.642	182.107
12/06/2017	19.321	7.952	19.295	24.547	294.007
13/06/2017	7.910	9.073	19.339	25.760	251.697
14/06/2017	1.974	9.847	18.676	26.131	252.969
15/06/2017	15.773	5.812	20.122	23.203	294.121
16/06/2017	0.000	10.980	18.110	27.058	245.597
17/06/2017	1.170	7.841	19.468	24.571	257.645
18/06/2017	11.964	9.222	19.068	25.756	260.671
19/06/2017	22.931	9.477	19.062	26.045	299.351
20/06/2017	7.725	9.553	19.279	26.302	248.119
21/06/2017	22.658	10.201	19.151	26.936	223.881
22/06/2017	0.519	9.413	19.099	25.996	212.971
23/06/2017	4.495	9.672	19.179	26.398	191.697
24/06/2017	1.103	10.792	18.493	27.141	190.625
25/06/2017	6.448	9.443	19.089	26.093	214.771
26/06/2017	18.421	8.847	18.597	25.026	290.458
27/06/2017	5.906	10.032	18.471	26.206	296.679
28/06/2017	2.822	9.559	19.657	26.577	266.490
29/06/2017	5.950	10.106	19.266	26.927	225.324
30/06/2017	6.583	8.989	19.641	25.972	208.758
01/07/2017	4.424	11.472	19.509	28.631	183.180
02/07/2017	4.903	9.930	21.276	28.231	185.771
03/07/2017	3.508	10.106	19.635	27.163	204.827
04/07/2017	1.693	10.844	19.814	28.121	187.497
06/07/2017	0.921	9.810	20.791	27.714	168.427
07/07/2017	0.000	11.510	18.500	27.914	135.293
08/07/2017	2.230	10.883	19.654	28.010	127.955
09/07/2017	2.849	12.021	19.503	29.188	166.063
12/07/2017	7.617	8.223	20.167	25.490	115.320
13/07/2017	4.016	11.064	19.467	28.038	125.302
14/07/2017	3.798	10.298	19.198	26.974	126.357
17/07/2017	13.174	9.692	18.629	25.863	190.227
18/07/2017	3.894	11.032	18.895	27.567	151.744
19/07/2017	7.883	11.305	19.487	28.282	245.935
20/07/2017	4.461	8.088	19.743	24.968	242.322
21/07/2017	0.515	11.035	19.215	27.754	244.835
22/07/2017	0.937	10.874	19.551	27.812	159.211
23/07/2017	1.631	9.680	20.541	27.246	144.454
24/07/2017	0.237	10.748	19.792	27.828	116.821
25/07/2017	0.993	11.991	19.792	29.176	106.615
26/07/2017	1.223	10.418	19.667	27.334	103.021
27/07/2017	0.207	11.596	18.923	28.097	96.903
28/07/2017	0.000	11.035	20.108	28.328	89.978
29/07/2017	0.000	11.157	19.946	28.314	89.634
30/07/2017	6.749	10.118	19.990	27.211	108.743
31/07/2017	2.003	9.458	19.648	26.243	90.293
01/08/2017	0.000	10.745	18.119	26.497	90.874
02/08/2017	0.134	11.340	19.336	28.060	95.190
03/08/2017	3.741	11.690	19.217	28.327	93.665
04/08/2017	5.470	10.000	19.731	26.804	91.784
05/08/2017	3.312	9.673	19.631	26.397	91.899
06/08/2017	0.391	12.128	18.574	28.340	79.984
07/08/2017	7.747	10.719	19.831	27.686	91.377
08/08/2017	8.432	10.945	19.608	27.759	123.305
09/08/2017	16.174	9.990	19.772	26.863	125.154
10/08/2017	0.000	10.589	18.657	26.664	101.587
11/08/2017	8.036	10.973	19.279	27.484	109.696
12/08/2017	24.876	9.134	18.908	25.246	147.095
13/08/2017	2.390	8.961	19.440	25.528	121.421
14/08/2017	0.000	12.146	18.144	28.004	91.285
15/08/2017	0.224	11.142	19.667	27.927	92.270
16/08/2017	16.308	10.838	19.465	27.420	128.736
17/08/2017	1.433	10.904	19.573	27.557	139.568
18/08/2017	12.479	9.917	19.884	26.709	152.737
19/08/2017	4.997	7.885	19.177	24.092	259.098
20/08/2017	7.923	10.487	18.275	26.126	171.380
21/08/2017	0.000	9.877	18.812	25.929	127.095
22/08/2017	3.160	11.615	18.942	27.843	126.366
23/08/2017	5.033	11.740	18.703	27.844	123.040
24/08/2017	18.906	9.033	19.035	25.182	218.059
25/08/2017	3.380	11.231	18.766	27.305	115.376
26/08/2017	6.668	11.055	19.436	27.557	111.546
27/08/2017	9.847	10.804	18.692	26.727	238.243
28/08/2017	10.995	9.859	18.666	25.719	190.586
29/08/2017	3.884	10.984	17.552	26.124	182.654
30/08/2017	8.915	10.556	18.185	26.097	359.817
31/08/2017	1.217	10.258	19.073	26.458	205.074
01/09/2017	0.000	13.438	18.217	29.318	234.835
02/09/2017	3.230	10.268	20.099	27.190	92.857
03/09/2017	2.929	10.233	19.496	26.730	130.874
04/09/2017	0.000	11.791	18.959	28.020	95.657
05/09/2017	5.783	10.117	18.955	26.179	142.032
06/09/2017	15.431	12.208	18.531	28.154	356.591
07/09/2017	1.529	8.632	20.435	25.788	313.856
08/09/2017	9.561	7.143	19.401	23.481	214.496
09/09/2017	6.151	8.188	19.427	24.535	264.782
10/09/2017	19.617	11.035	18.398	26.746	157.385
11/09/2017	15.327	11.969	19.118	28.314	133.841
12/09/2017	4.646	9.517	18.862	25.499	132.984
13/09/2017	4.508	9.974	18.956	26.038	151.216
14/09/2017	3.897	10.531	19.547	27.068	132.774
15/09/2017	11.577	10.080	19.328	26.416	230.739
16/09/2017	0.555	10.223	19.786	26.933	159.114
17/09/2017	10.850	8.277	20.666	25.692	182.941
18/09/2017	2.232	10.860	19.565	27.442	127.399
19/09/2017	3.776	10.816	19.731	27.497	186.879
20/09/2017	9.788	8.253	20.692	25.599	207.599
21/09/2017	0.513	10.599	19.366	27.022	154.291
22/09/2017	4.594	11.417	19.494	28.026	136.117
23/09/2017	9.291	8.556	19.031	24.664	201.989
24/09/2017	1.260	10.626	18.898	26.765	131.311
25/09/2017	2.394	10.401	19.859	27.230	137.230
26/09/2017	2.672	9.483	18.730	25.395	111.704
27/09/2017	0.000	12.217	17.706	27.674	122.526
28/09/2017	26.166	9.054	19.549	25.596	241.793
29/09/2017	2.351	9.807	19.391	26.282	185.930
30/09/2017	22.026	8.056	19.180	24.304	193.898
01/10/2017	3.333	10.822	17.821	26.243	248.748
02/10/2017	28.717	11.030	19.077	27.352	431.329
03/10/2017	7.533	9.423	18.862	25.465	258.214
04/10/2017	26.032	8.540	18.778	24.517	449.756
05/10/2017	4.026	9.457	18.894	25.565	267.807
06/10/2017	16.195	8.887	18.270	24.510	256.912
07/10/2017	0.677	9.244	18.391	24.994	173.436
08/10/2017	8.272	12.138	16.850	27.144	148.379
09/10/2017	14.622	8.792	18.128	24.369	162.231
10/10/2017	3.325	11.372	17.087	26.481	165.191
11/10/2017	13.449	8.336	19.453	24.891	174.219
12/10/2017	1.056	11.351	17.855	27.039	150.915
13/10/2017	1.896	10.787	18.499	26.901	130.391
14/10/2017	1.516	9.707	20.000	26.859	134.848
15/10/2017	0.326	10.904	19.230	27.599	129.816
16/10/2017	4.048	10.300	19.747	27.321	120.904
17/10/2017	0.000	11.683	19.439	28.667	105.379
18/10/2017	1.355	12.417	18.853	29.100	98.047
19/10/2017	15.148	12.746	17.826	28.788	97.213
20/10/2017	2.853	9.925	19.808	27.052	110.026
21/10/2017	13.306	10.227	20.190	27.644	237.058
22/10/2017	14.335	8.511	20.400	26.003	471.290
23/10/2017	0.052	10.325	19.515	27.302	185.357
24/10/2017	6.418	8.770	19.394	25.555	134.064
25/10/2017	1.692	8.715	19.653	25.667	119.179
26/10/2017	29.031	6.297	18.823	22.629	235.960
27/10/2017	0.062	11.764	17.875	27.824	174.964
28/10/2017	21.749	7.612	19.233	24.193	275.945
29/10/2017	9.975	8.622	18.249	24.526	503.989
30/10/2017	3.277	9.238	17.923	25.003	302.530
31/10/2017	7.905	9.285	18.911	25.843	252.771
01/11/2017	9.334	10.153	18.804	26.747	373.103
02/11/2017	1.404	9.016	19.340	25.924	271.389
03/11/2017	7.509	9.760	18.868	26.390	298.331
04/11/2017	29.044	6.800	19.445	23.625	651.305
05/11/2017	1.476	8.010	19.167	24.724	355.226
06/11/2017	0.628	10.601	17.981	26.797	257.937
07/11/2017	0.172	8.645	19.677	25.850	215.123
08/11/2017	15.066	10.104	18.032	26.343	229.195
09/11/2017	21.124	7.754	19.552	24.820	274.754
10/11/2017	0.342	7.554	19.570	24.610	233.693
11/11/2017	6.649	7.808	19.964	25.260	277.689
12/11/2017	4.788	9.597	19.344	26.818	290.580
13/11/2017	14.405	9.253	18.759	26.007	201.854
14/11/2017	30.232	7.727	19.422	24.801	214.796
15/11/2017	12.517	7.884	18.782	24.462	297.142
16/11/2017	37.856	8.766	19.520	26.042	386.258
17/11/2017	27.164	8.767	19.051	25.685	676.599
18/11/2017	20.950	8.006	18.772	24.628	750.553
19/11/2017	0.107	7.982	18.535	24.410	507.979
20/11/2017	0.084	7.328	19.547	24.507	418.083
21/11/2017	0.000	9.318	18.484	25.971	358.329
22/11/2017	0.136	8.409	18.855	25.215	329.471
23/11/2017	3.437	9.369	18.624	26.176	316.328
24/11/2017	36.625	9.209	18.400	25.862	468.649
25/11/2017	12.564	8.815	19.811	26.427	369.379
26/11/2017	0.000	9.767	18.689	26.807	288.105
27/11/2017	3.832	9.350	18.323	26.031	253.262
28/11/2017	12.022	9.557	18.651	26.520	307.452
29/11/2017	0.235	9.908	19.955	27.949	238.074
30/11/2017	13.779	9.229	19.283	26.612	353.882
01/12/2017	0.000	8.506	19.472	25.906	327.051
02/12/2017	9.973	8.298	18.997	25.334	234.271
03/12/2017	0.000	9.137	19.225	26.497	236.498
04/12/2017	0.000	8.767	18.529	25.581	192.473
05/12/2017	6.758	10.239	19.010	27.717	185.851
06/12/2017	0.000	11.121	18.012	28.134	164.939
07/12/2017	1.152	11.131	18.219	28.275	153.286
08/12/2017	29.813	8.737	19.134	26.033	195.736
09/12/2017	10.408	8.625	19.230	25.917	209.137
10/12/2017	13.311	7.334	19.964	25.062	375.789
11/12/2017	0.155	8.343	19.241	25.622	246.981
12/12/2017	0.000	8.008	18.461	24.644	259.266
13/12/2017	0.000	8.659	18.862	25.741	324.721
14/12/2017	0.000	9.297	18.057	25.891	300.854
15/12/2017	0.000	10.080	17.576	26.557	173.718
16/12/2017	0.000	10.748	17.647	27.424	143.579
17/12/2017	0.000	9.737	19.741	27.703	125.957
18/12/2017	0.000	11.451	17.382	28.199	129.098
19/12/2017	0.000	10.835	17.615	27.526	122.251
20/12/2017	0.000	11.179	17.874	28.137	115.263
21/12/2017	0.000	10.423	17.978	27.235	110.669
22/12/2017	0.000	10.713	18.311	27.815	106.692
23/12/2017	0.399	9.689	19.674	27.533	117.356
24/12/2017	0.242	9.502	19.528	27.192	154.060
25/12/2017	1.577	7.833	20.417	25.930	256.956
26/12/2017	0.000	9.183	18.272	25.879	188.446
27/12/2017	0.000	10.014	18.517	27.068	146.537
28/12/2017	0.000	9.247	18.647	26.202	140.550
29/12/2017	19.078	8.522	19.164	25.733	265.682
30/12/2017	24.797	8.133	19.573	25.612	185.185
31/12/2017	0.248	7.854	17.974	24.026	175.517
01/01/2018	9.153	7.803	18.629	24.465	158.415
02/01/2018	3.794	7.802	18.464	24.347	192.429
03/01/2018	3.204	10.465	17.924	27.157	167.883
04/01/2018	43.553	9.889	17.879	26.439	216.238
05/01/2018	7.229	9.673	18.593	26.626	190.294
06/01/2018	5.339	8.164	18.868	25.015	361.638
07/01/2018	0.000	11.379	15.693	26.719	251.800
08/01/2018	0.000	11.157	16.878	27.214	170.244
09/01/2018	13.880	7.184	19.224	24.153	276.267
10/01/2018	4.824	8.335	19.779	25.878	388.992
11/01/2018	3.781	9.294	18.794	26.257	279.444
12/01/2018	0.258	7.431	18.773	24.116	227.928
13/01/2018	27.539	8.004	19.073	24.932	264.203
14/01/2018	6.819	8.582	18.984	25.485	300.619
15/01/2018	3.824	9.467	18.311	26.010	282.338
16/01/2018	3.493	7.750	19.148	24.692	272.666
17/01/2018	5.844	6.520	18.481	22.762	355.219
18/01/2018	0.367	8.894	18.612	25.510	243.359
19/01/2018	1.488	9.638	17.936	25.917	195.053
20/01/2018	0.212	11.232	17.423	27.461	172.363
21/01/2018	2.499	10.413	19.036	27.600	152.863
22/01/2018	0.266	10.431	18.339	27.076	139.063
23/01/2018	3.399	11.424	18.039	28.058	129.740
24/01/2018	0.210	10.911	18.304	27.612	119.965
25/01/2018	0.000	11.933	17.065	27.933	112.346
26/01/2018	4.823	9.672	19.144	26.696	108.752
27/01/2018	0.000	10.892	18.747	27.799	104.583
28/01/2018	8.395	9.144	20.374	26.939	117.569
29/01/2018	0.000	11.198	19.017	28.283	101.133
30/01/2018	1.250	9.917	19.953	27.484	93.856
31/01/2018	0.324	10.638	19.429	27.907	102.383
01/02/2018	0.137	11.310	18.055	27.674	90.051
02/02/2018	17.130	7.731	21.735	26.481	173.805
03/02/2018	9.963	8.777	19.369	25.637	195.215
04/02/2018	0.383	10.262	19.321	27.257	124.179
05/02/2018	0.679	10.956	19.006	27.785	109.902
06/02/2018	0.590	12.004	18.323	28.496	101.181
07/02/2018	0.000	12.172	18.953	29.084	92.952
08/02/2018	0.000	13.582	16.363	29.003	87.830
09/02/2018	0.000	10.529	19.856	27.815	86.542
10/02/2018	0.000	9.835	21.493	28.298	84.280
11/02/2018	0.000	10.717	20.132	28.219	83.853
12/02/2018	0.000	9.349	19.605	26.291	88.051
13/02/2018	0.000	11.718	18.690	28.228	109.052
14/02/2018	0.333	8.561	20.746	26.259	149.292
15/02/2018	0.347	10.662	19.795	27.749	161.352
16/02/2018	31.672	10.722	20.501	28.327	190.956
17/02/2018	11.219	10.254	20.433	27.767	204.081
18/02/2018	4.486	9.865	20.295	27.218	170.358
19/02/2018	0.379	12.477	18.176	28.596	153.140
20/02/2018	0.690	13.014	17.946	29.009	130.746
21/02/2018	0.223	12.216	18.317	28.294	123.031
22/02/2018	0.000	10.044	18.749	26.203	134.671
23/02/2018	0.000	10.590	19.484	27.286	117.713
24/02/2018	0.000	10.323	20.158	27.453	121.535
25/02/2018	0.000	10.828	18.507	26.786	121.258
26/02/2018	0.000	11.689	19.703	28.590	110.765
27/02/2018	3.337	11.640	19.106	28.105	102.427
28/02/2018	0.000	11.273	20.068	28.401	105.877
01/03/2018	0.000	12.275	18.765	28.503	106.069
02/03/2018	0.000	9.538	20.735	26.972	97.498
03/03/2018	0.000	10.305	20.276	27.404	112.031
04/03/2018	21.506	9.567	19.701	26.211	262.732
05/03/2018	0.000	8.037	19.179	24.231	224.446
06/03/2018	0.406	8.560	18.958	24.574	217.855
07/03/2018	0.000	11.419	19.439	27.955	161.637
08/03/2018	1.288	11.160	19.756	27.884	137.340
09/03/2018	0.000	12.133	20.301	29.355	121.210
10/03/2018	0.886	13.128	20.032	30.262	109.327
11/03/2018	0.000	14.719	18.711	31.039	99.408
12/03/2018	0.000	14.772	18.651	31.108	91.423
13/03/2018	7.730	11.758	19.968	28.750	106.817
14/03/2018	0.000	13.359	18.827	29.613	98.502
15/03/2018	0.583	9.915	19.442	26.327	93.085
16/03/2018	3.951	11.878	19.132	28.126	86.715
17/03/2018	0.696	13.470	17.573	28.805	84.878
18/03/2018	23.270	9.923	19.541	26.353	136.026
19/03/2018	4.863	11.367	18.907	27.347	124.890
20/03/2018	11.820	8.540	20.660	25.791	122.640
21/03/2018	21.903	10.828	19.186	27.007	220.752
22/03/2018	0.277	10.521	19.929	27.206	121.373
23/03/2018	23.590	8.420	19.427	24.663	307.026
24/03/2018	16.697	8.956	19.308	25.093	271.000
25/03/2018	0.000	10.143	20.301	27.083	169.584
26/03/2018	23.560	10.674	20.196	27.573	370.193
27/03/2018	14.225	11.017	19.728	27.510	301.698
28/03/2018	4.466	7.808	20.956	25.331	234.456
29/03/2018	14.601	8.525	19.766	25.004	294.742
30/03/2018	17.804	8.844	20.270	25.734	234.790
31/03/2018	12.572	8.048	19.315	24.212	199.261
01/04/2018	30.140	7.798	18.142	23.039	694.504
02/04/2018	6.350	9.019	19.045	24.949	345.217
03/04/2018	13.499	7.745	19.061	23.696	546.024
04/04/2018	5.391	7.798	19.622	24.201	360.994
05/04/2018	7.660	10.592	18.823	26.433	371.495
06/04/2018	2.286	9.063	18.629	24.666	840.938
07/04/2018	1.026	11.480	17.981	26.751	400.366
08/04/2018	0.512	11.846	19.269	28.084	293.464
09/04/2018	4.056	12.006	18.972	28.060	242.781
10/04/2018	21.052	8.228	19.811	24.757	380.384
11/04/2018	8.327	8.830	19.578	25.215	346.955
12/04/2018	12.920	8.981	19.612	25.359	537.425
13/04/2018	5.834	9.920	18.812	25.727	366.871
14/04/2018	11.413	8.733	19.702	25.196	444.881
15/04/2018	1.351	9.947	19.105	26.017	292.783
16/04/2018	8.489	8.998	19.622	25.440	277.970
17/04/2018	1.874	9.028	19.824	25.596	263.192
18/04/2018	1.493	10.667	19.387	26.991	239.572
19/04/2018	11.467	10.344	20.228	27.288	278.114
20/04/2018	7.981	8.784	20.747	26.202	209.091
21/04/2018	0.000	11.878	18.477	27.669	198.919
22/04/2018	11.934	9.720	18.539	25.395	268.131
23/04/2018	16.268	11.102	19.706	27.741	245.197
24/04/2018	11.750	10.171	20.048	27.019	208.835
25/04/2018	40.362	10.795	19.289	27.134	402.710
26/04/2018	11.080	9.975	19.930	26.737	354.655
27/04/2018	18.516	7.223	19.734	23.853	624.248
28/04/2018	4.027	9.091	19.942	25.862	330.908
29/04/2018	11.913	7.969	19.023	24.003	320.419
30/04/2018	1.636	11.118	18.065	26.647	263.672
01/05/2018	0.880	10.741	18.157	26.343	276.348
02/05/2018	5.265	9.985	19.438	26.452	309.076
03/05/2018	14.847	10.031	19.770	26.783	274.884
04/05/2018	34.386	7.565	19.211	23.786	468.182
05/05/2018	13.941	8.467	19.547	24.984	365.171
06/05/2018	12.597	9.281	18.438	25.031	369.922
07/05/2018	18.272	9.215	19.015	25.356	590.989
08/05/2018	3.944	8.185	18.924	24.215	431.046
09/05/2018	7.547	9.807	19.000	25.985	977.309
10/05/2018	4.456	8.656	19.267	25.015	498.585
11/05/2018	10.571	8.589	18.728	24.551	739.029
12/05/2018	1.732	10.091	19.262	26.542	405.990
13/05/2018	32.575	8.468	19.094	24.711	430.414
14/05/2018	7.836	7.725	19.375	24.193	645.679
15/05/2018	10.510	7.536	18.898	23.602	764.990
16/05/2018	4.516	10.730	18.661	26.860	409.517
17/05/2018	5.139	10.008	19.250	26.545	321.000
18/05/2018	19.825	10.420	18.491	26.442	332.843
19/05/2018	25.673	9.452	18.919	25.711	464.496
20/05/2018	13.795	9.756	18.565	25.762	455.743
21/05/2018	13.093	7.764	19.121	24.076	512.448
22/05/2018	8.883	10.998	17.374	26.350	353.333
23/05/2018	7.829	9.406	18.959	25.686	328.337
24/05/2018	2.463	9.885	18.749	26.118	281.869
25/05/2018	14.005	10.769	19.315	27.481	246.253
26/05/2018	25.922	8.517	20.084	25.693	249.613
27/05/2018	9.729	8.830	19.113	25.265	358.484
28/05/2018	17.220	7.948	19.209	24.388	266.184
29/05/2018	8.718	9.971	18.891	26.375	214.375
30/05/2018	11.330	9.966	19.529	26.810	256.157
31/05/2018	8.244	11.121	19.108	27.817	300.672
01/06/2018	15.592	8.483	19.795	25.448	315.546
02/06/2018	13.030	11.263	17.295	26.722	433.740
03/06/2018	6.612	10.341	19.650	27.359	342.955
04/06/2018	1.392	8.945	20.458	26.480	259.978
05/06/2018	5.139	9.687	19.747	26.735	244.213
06/06/2018	2.041	10.202	19.609	27.218	199.889
07/06/2018	1.405	10.261	19.315	27.116	187.998
08/06/2018	3.263	10.671	19.831	27.907	178.202
09/06/2018	3.496	10.144	20.740	27.997	168.246
10/06/2018	9.760	9.356	19.765	26.436	175.744
11/06/2018	5.133	8.443	20.266	25.916	190.792
12/06/2018	5.917	10.349	18.465	26.561	215.010
13/06/2018	0.848	9.981	19.086	26.602	155.845
14/06/2018	5.685	10.469	19.330	27.346	304.674
15/06/2018	1.401	9.755	19.289	26.496	148.608
16/06/2018	1.864	10.061	19.061	26.699	134.844
17/06/2018	4.152	10.142	19.667	27.244	139.544
18/06/2018	4.743	10.517	18.930	27.094	145.094
19/06/2018	0.106	9.754	19.031	26.327	136.262
20/06/2018	1.167	9.679	17.974	25.464	127.104
21/06/2018	2.532	9.653	18.826	26.064	135.552
22/06/2018	0.988	10.669	18.172	26.749	128.877
23/06/2018	17.012	10.479	18.778	26.978	127.727
24/06/2018	18.685	9.676	18.594	25.914	180.396
25/06/2018	0.683	9.447	18.217	25.369	173.896
26/06/2018	7.315	10.260	17.589	25.843	142.196
27/06/2018	4.352	10.097	17.653	25.695	142.354
28/06/2018	0.479	9.409	18.778	25.730	130.123
29/06/2018	3.056	9.933	18.407	26.049	122.259
30/06/2018	2.358	9.345	17.799	24.961	159.336
01/07/2018	4.782	11.336	18.035	27.400	112.777
02/07/2018	6.998	8.787	18.746	25.031	202.202
03/07/2018	11.359	8.486	18.347	24.376	273.404
04/07/2018	1.573	11.054	18.301	27.253	160.825
05/07/2018	18.663	10.452	19.422	27.374	233.352
06/07/2018	1.650	10.488	19.084	27.163	156.254
07/07/2018	8.887	9.606	19.830	26.731	134.210
08/07/2018	3.724	10.986	19.215	27.820	128.973
09/07/2018	7.308	10.904	20.673	28.786	196.077
10/07/2018	2.241	10.022	19.440	26.853	150.613
11/07/2018	1.253	11.226	18.536	27.581	116.754
12/07/2018	1.276	11.179	20.003	28.562	157.760
13/07/2018	1.419	11.016	19.163	27.741	131.446
14/07/2018	4.872	10.915	20.001	28.262	136.442
15/07/2018	3.106	11.507	19.547	28.581	122.025
16/07/2018	0.039	11.589	19.145	28.391	109.088
17/07/2018	4.371	9.899	19.503	26.744	115.508
18/07/2018	5.184	10.622	19.047	27.192	118.492
19/07/2018	1.163	11.198	18.586	27.487	104.775
20/07/2018	3.488	10.388	20.083	27.667	96.020
21/07/2018	0.899	9.273	20.115	26.494	94.782
22/07/2018	2.743	11.988	18.488	28.294	88.594
23/07/2018	0.560	10.290	19.208	26.874	96.490
24/07/2018	6.840	8.902	19.871	25.891	116.035
25/07/2018	2.699	10.534	18.884	26.865	117.090
26/07/2018	3.173	10.084	19.701	27.000	99.759
27/07/2018	3.318	9.997	18.836	26.247	89.544
28/07/2018	2.518	9.951	18.767	26.131	139.307
29/07/2018	5.414	9.164	19.826	26.125	106.808
30/07/2018	11.552	9.354	18.945	25.586	139.929
31/07/2018	2.938	9.006	18.465	24.858	151.252
01/08/2018	1.077	10.407	17.688	25.828	115.317
02/08/2018	0.000	9.671	18.507	25.590	97.624
03/08/2018	8.070	11.139	17.913	26.794	172.286
04/08/2018	5.996	9.478	18.733	25.548	150.154
05/08/2018	26.039	8.310	18.336	23.972	215.093
06/08/2018	0.008	13.092	17.765	28.856	148.774
07/08/2018	1.185	11.439	17.958	27.084	107.171
08/08/2018	0.083	11.879	18.320	27.843	92.388
09/08/2018	2.700	10.911	19.557	27.594	84.494
10/08/2018	0.000	13.064	18.542	29.295	78.130
11/08/2018	0.000	14.597	15.972	29.336	72.279
12/08/2018	0.000	12.101	17.818	27.683	68.692
13/08/2018	1.233	12.138	18.744	28.337	66.257
14/08/2018	10.658	7.839	19.256	24.141	91.906
15/08/2018	10.146	10.275	18.269	25.975	95.091
16/08/2018	0.618	13.023	16.297	27.696	75.739
17/08/2018	1.377	11.786	18.494	27.737	65.958
18/08/2018	2.813	11.542	18.897	27.737	70.400
19/08/2018	3.839	10.476	19.199	26.804	66.642
20/08/2018	0.583	11.512	18.702	27.568	59.296
21/08/2018	3.072	11.964	18.099	27.626	65.574
22/08/2018	1.471	12.035	19.850	28.952	61.218
23/08/2018	1.130	12.548	17.881	28.100	55.731
24/08/2018	6.144	11.183	18.738	27.202	71.425
25/08/2018	0.210	11.715	18.640	27.699	61.218
26/08/2018	12.940	11.136	19.525	27.705	66.215
27/08/2018	3.519	11.592	19.279	28.010	63.780
28/08/2018	2.539	11.529	17.836	26.890	61.901
29/08/2018	1.002	11.183	19.016	27.362	52.807
30/08/2018	15.041	11.012	19.180	27.294	93.990
31/08/2018	4.952	11.635	18.372	27.398	104.608
01/09/2018	17.225	11.867	18.744	27.922	153.592
02/09/2018	9.996	11.633	18.788	27.703	111.369
03/09/2018	14.327	11.985	18.395	27.821	92.556
04/09/2018	24.975	9.187	19.156	25.353	178.773
05/09/2018	5.280	9.210	19.962	25.961	110.751
06/09/2018	5.325	8.679	18.724	24.472	175.366
07/09/2018	12.588	8.009	19.230	24.218	340.453
08/09/2018	0.065	10.921	18.750	26.872	146.860
09/09/2018	1.636	10.634	18.901	26.709	99.707
10/09/2018	2.324	10.670	18.596	26.519	89.702
11/09/2018	2.579	8.936	19.542	25.366	164.666
12/09/2018	8.214	9.007	19.962	25.756	129.575
13/09/2018	10.824	9.484	18.558	25.205	161.502
14/09/2018	15.910	9.239	18.467	24.890	197.331
15/09/2018	10.517	8.627	19.038	24.673	169.925
16/09/2018	4.084	9.344	18.878	25.301	229.527
17/09/2018	1.156	11.264	17.842	26.637	135.777
18/09/2018	3.376	11.725	18.906	27.871	106.069
19/09/2018	0.469	11.849	18.683	27.908	138.585
20/09/2018	7.126	11.614	19.772	28.455	98.474
21/09/2018	0.000	12.278	19.131	28.749	82.145
22/09/2018	9.850	10.332	19.353	26.731	99.127
23/09/2018	4.526	11.433	19.371	27.949	99.092
24/09/2018	14.815	11.483	18.938	27.708	101.933
25/09/2018	0.000	11.223	18.012	26.743	74.415
26/09/2018	19.354	11.078	19.254	27.471	85.665
27/09/2018	21.400	9.208	19.272	25.551	277.150
28/09/2018	3.005	10.493	18.464	26.305	137.812
29/09/2018	11.467	10.954	19.004	27.208	142.990
30/09/2018	4.211	10.681	19.865	27.549	134.238
01/10/2018	1.116	8.716	18.910	24.804	106.404
02/10/2018	31.415	10.040	19.352	26.485	269.303
03/10/2018	0.000	9.396	18.626	25.292	123.567
04/10/2018	22.689	9.804	18.484	25.603	428.773
05/10/2018	5.087	8.267	18.964	24.430	223.193
06/10/2018	14.007	6.971	19.142	23.231	525.625
07/10/2018	4.357	9.831	18.618	25.794	410.202
08/10/2018	13.693	9.404	19.512	26.057	349.391
09/10/2018	35.427	6.725	19.541	23.417	544.876
10/10/2018	0.440	9.133	18.667	25.124	315.915
11/10/2018	13.840	8.448	18.682	24.384	571.482
12/10/2018	0.622	8.715	18.980	24.939	381.828
13/10/2018	1.394	10.632	18.321	26.555	320.347
14/10/2018	4.844	9.934	18.903	26.219	298.054
15/10/2018	34.535	9.961	19.291	26.594	536.497
16/10/2018	4.870	9.674	18.703	25.887	328.917
17/10/2018	31.994	9.552	20.000	26.725	660.470
18/10/2018	6.223	9.093	19.177	25.625	401.257
19/10/2018	10.578	10.013	18.828	26.342	680.413
20/10/2018	3.628	10.715	19.090	27.347	325.477
21/10/2018	7.726	8.263	18.536	24.272	342.111
22/10/2018	0.048	10.116	17.831	25.831	286.633
23/10/2018	21.234	9.944	18.494	26.103	483.410
24/10/2018	3.261	9.714	18.679	26.022	397.527
25/10/2018	8.808	9.173	19.327	25.935	310.873
26/10/2018	24.072	7.980	19.791	25.042	468.923
27/10/2018	4.490	10.088	18.958	26.737	325.621
28/10/2018	0.310	10.704	18.340	27.025	263.288
29/10/2018	25.857	9.337	19.624	26.455	352.242
30/10/2018	0.543	9.152	19.522	26.170	272.484
31/10/2018	16.571	9.956	18.946	26.677	320.103
01/11/2018	1.591	9.794	19.580	26.945	259.585
02/11/2018	35.787	8.047	19.047	24.682	585.017
03/11/2018	6.999	9.446	18.342	25.673	380.832
04/11/2018	1.152	8.448	19.166	25.212	305.811
05/11/2018	7.355	7.560	18.814	23.945	397.243
06/11/2018	2.186	9.636	18.592	26.132	316.278
07/11/2018	3.752	8.389	18.382	24.558	328.155
08/11/2018	0.000	10.127	19.023	27.028	250.009
09/11/2018	53.395	7.597	19.469	24.593	512.289
10/11/2018	0.136	8.263	20.298	25.978	371.714
11/11/2018	0.920	7.698	20.276	25.394	319.126
12/11/2018	10.861	8.898	20.211	26.693	313.837
13/11/2018	21.559	7.523	19.519	24.619	348.990
14/11/2018	3.324	10.181	18.519	26.949	328.626
15/11/2018	1.827	8.440	19.672	25.767	374.425
16/11/2018	0.446	8.336	20.221	26.093	330.466
17/11/2018	12.322	9.353	20.297	27.320	389.158
18/11/2018	9.901	9.624	20.026	27.453	338.312
19/11/2018	18.043	8.537	19.884	26.119	483.480
20/11/2018	3.457	9.757	18.981	26.866	367.169
21/11/2018	8.102	8.565	19.562	25.916	227.972
22/11/2018	14.665	8.727	19.378	25.972	336.003
23/11/2018	6.273	8.270	19.887	25.834	270.073
24/11/2018	0.738	8.968	19.270	26.230	230.113
25/11/2018	15.436	8.521	19.583	25.965	353.154
26/11/2018	10.931	7.114	20.219	24.939	294.232
27/11/2018	21.186	7.155	19.039	23.999	535.126
28/11/2018	3.556	7.979	18.834	24.759	294.688
29/11/2018	3.539	9.195	18.538	25.974	238.653
30/11/2018	1.080	8.748	18.917	25.741	239.581
01/12/2018	0.315	9.880	18.219	26.594	335.861
02/12/2018	0.000	12.246	15.214	27.606	220.869
03/12/2018	0.000	12.332	15.706	28.022	183.309
04/12/2018	0.000	10.696	17.016	26.823	165.375
05/12/2018	0.000	10.706	15.834	26.045	153.188
06/12/2018	0.000	10.874	16.416	26.663	143.644
07/12/2018	0.000	9.686	18.308	26.487	152.931
08/12/2018	0.000	10.091	18.283	26.999	141.537
09/12/2018	0.000	10.245	17.872	26.908	132.675
10/12/2018	0.000	10.473	18.680	27.779	126.673
11/12/2018	5.403	8.983	19.221	26.411	119.102
12/12/2018	2.603	9.118	19.603	26.823	117.233
13/12/2018	25.696	10.343	18.626	27.586	138.367
14/12/2018	10.619	9.740	19.810	27.702	171.812
15/12/2018	3.963	10.767	17.967	27.641	169.306
16/12/2018	9.780	10.661	19.086	28.387	162.490
17/12/2018	0.000	10.141	19.230	27.843	130.004
18/12/2018	1.875	10.180	18.666	27.452	130.392
19/12/2018	1.572	10.215	19.068	27.760	117.760
20/12/2018	7.130	10.537	18.202	27.564	144.596
21/12/2018	7.350	8.516	19.616	26.134	161.942
22/12/2018	8.005	9.221	18.812	26.369	204.706
23/12/2018	0.364	10.364	18.390	27.461	130.748
24/12/2018	0.430	10.541	18.592	27.798	113.160
25/12/2018	0.225	11.566	18.099	28.766	105.925
26/12/2018	1.029	11.411	18.775	29.039	120.638
27/12/2018	0.000	11.428	18.317	28.734	102.906
28/12/2018	0.000	11.899	17.881	29.054	94.224
29/12/2018	0.000	11.663	17.826	28.685	89.918
30/12/2018	1.170	11.832	18.359	29.243	87.611
31/12/2018	0.000	11.573	18.485	29.019	86.074
01/01/2019	0.000	13.661	16.741	30.449	82.401
02/01/2019	0.000	13.466	17.238	30.512	79.070
03/01/2019	0.000	12.759	17.385	29.679	76.208
04/01/2019	0.000	13.109	16.988	29.872	74.244
05/01/2019	0.000	12.431	18.334	29.879	72.407
06/01/2019	2.974	8.968	20.554	27.265	99.966
07/01/2019	36.793	8.270	19.311	25.472	270.008
08/01/2019	0.000	9.845	18.472	26.714	129.956
09/01/2019	0.987	9.095	17.669	25.215	145.273
10/01/2019	0.000	8.742	18.922	25.701	190.823
11/01/2019	0.000	9.246	19.025	26.378	166.350
12/01/2019	0.000	10.736	17.657	27.125	155.029
13/01/2019	0.000	9.548	19.513	27.028	128.637
14/01/2019	0.000	8.582	20.134	26.356	163.315
15/01/2019	0.922	11.324	18.339	28.294	145.015
16/01/2019	16.494	10.012	19.862	27.776	180.662
17/01/2019	2.247	9.457	20.051	27.275	154.037
18/01/2019	0.000	10.004	20.061	27.887	128.331
19/01/2019	0.102	9.975	20.036	27.817	111.292
20/01/2019	0.982	11.153	19.516	28.798	100.367
21/01/2019	0.000	9.526	20.157	27.398	107.362
22/01/2019	0.000	11.745	20.141	29.919	93.624
23/01/2019	0.000	12.345	19.596	30.221	85.860
24/01/2019	0.000	13.200	19.797	31.346	81.590
25/01/2019	2.311	11.062	20.413	29.217	85.827
26/01/2019	2.092	11.909	19.666	29.666	88.928
27/01/2019	3.521	10.426	20.525	28.533	81.851
28/01/2019	32.051	7.994	20.548	25.869	121.768
29/01/2019	0.236	9.749	19.504	26.924	279.407
30/01/2019	0.000	9.836	19.589	27.074	147.618
31/01/2019	0.000	8.955	19.789	26.230	103.960
01/02/2019	0.000	10.723	19.917	28.265	98.444
02/02/2019	3.401	9.977	20.336	27.747	167.160
03/02/2019	0.000	10.668	20.331	28.515	135.594
04/02/2019	0.000	10.635	20.096	28.254	108.465
05/02/2019	22.657	9.286	20.759	27.238	125.665
06/02/2019	30.930	10.753	19.648	27.988	185.058
07/02/2019	1.591	9.523	20.631	27.320	140.058
08/02/2019	2.740	10.162	20.414	27.847	139.825
09/02/2019	3.505	8.692	20.805	26.542	242.139
10/02/2019	1.393	10.073	20.020	27.406	231.203
11/02/2019	0.000	10.725	20.198	28.278	172.512
12/02/2019	4.833	11.614	19.874	29.003	149.583
13/02/2019	6.257	12.712	19.613	30.007	145.729
14/02/2019	9.794	9.611	20.048	26.874	212.127
15/02/2019	0.000	11.442	19.574	28.504	141.885
16/02/2019	0.152	10.221	20.677	27.965	120.252
17/02/2019	6.654	9.533	19.919	26.648	138.317
18/02/2019	10.773	9.320	19.810	26.263	159.108
19/02/2019	13.029	9.348	19.868	26.346	145.179
20/02/2019	38.570	8.374	20.090	25.507	319.099
21/02/2019	7.282	11.014	19.846	28.093	238.802
22/02/2019	2.236	13.035	19.240	29.863	207.168
23/02/2019	14.269	10.668	20.026	27.805	218.750
24/02/2019	25.333	9.256	20.439	26.583	283.551
25/02/2019	0.000	9.605	20.987	27.378	238.825
26/02/2019	0.000	8.409	21.584	26.656	219.419
27/02/2019	3.882	7.767	20.353	25.001	325.348
28/02/2019	0.000	10.841	20.320	28.097	202.615
01/03/2019	0.000	12.630	19.419	29.359	171.767
02/03/2019	12.018	9.593	19.763	26.298	305.984
03/03/2019	2.026	9.908	20.100	26.927	197.253
04/03/2019	1.106	10.893	19.392	27.384	157.412
05/03/2019	22.055	10.348	20.945	27.953	254.558
06/03/2019	6.610	9.965	20.891	27.510	220.657
07/03/2019	2.307	9.985	20.281	27.055	218.468
08/03/2019	2.106	10.706	19.581	27.286	214.803
09/03/2019	1.974	11.430	20.403	28.650	182.407
10/03/2019	13.063	10.437	20.173	27.398	190.682
11/03/2019	11.886	10.203	20.272	27.218	255.666
12/03/2019	4.749	10.115	20.327	27.145	213.338
13/03/2019	0.000	11.671	20.019	28.564	171.658
14/03/2019	26.934	9.559	21.302	27.333	364.743
15/03/2019	0.462	9.876	20.533	27.061	214.052
16/03/2019	5.628	10.661	20.453	27.775	250.972
17/03/2019	5.066	10.624	20.980	28.129	207.201
18/03/2019	6.256	9.346	20.778	26.706	195.623
19/03/2019	26.805	6.916	20.336	24.006	466.835
20/03/2019	0.666	8.608	20.285	25.531	264.046
21/03/2019	6.848	8.241	20.055	25.009	260.378
22/03/2019	1.603	9.391	19.703	25.865	306.411
23/03/2019	28.211	8.775	19.310	24.911	725.021
24/03/2019	1.641	8.913	19.693	25.353	320.022
25/03/2019	7.463	11.941	18.635	27.747	313.548
26/03/2019	30.744	8.624	20.109	25.427	477.379
27/03/2019	0.475	9.237	20.311	26.186	326.079
28/03/2019	1.148	10.474	19.599	26.865	258.222
29/03/2019	28.441	6.491	20.605	23.833	875.172
30/03/2019	0.558	9.539	20.090	26.269	441.843
31/03/2019	3.546	10.937	20.658	28.150	312.594
01/04/2019	20.460	9.353	19.985	26.041	409.073
02/04/2019	21.029	8.425	20.154	25.246	637.883
03/04/2019	0.000	10.851	18.895	26.743	367.359
04/04/2019	1.414	12.019	19.203	28.228	332.127
05/04/2019	1.212	9.645	20.054	26.371	293.050
06/04/2019	12.598	12.180	19.012	28.249	396.527
07/04/2019	1.519	9.835	20.632	27.029	350.717
08/04/2019	22.952	11.171	20.160	28.060	430.085
09/04/2019	9.774	9.814	19.714	26.289	365.415
10/04/2019	11.853	8.478	20.231	25.382	397.520
11/04/2019	8.985	9.767	19.975	26.456	381.692
12/04/2019	4.108	11.501	19.475	27.903	311.021
13/04/2019	9.033	11.094	20.439	28.179	336.867
14/04/2019	9.387	12.769	19.259	29.145	277.358
15/04/2019	15.765	10.205	19.872	26.842	372.352
16/04/2019	3.085	10.719	20.233	27.664	254.603
17/04/2019	32.858	9.083	20.440	26.225	363.448
18/04/2019	16.880	9.177	19.936	25.856	304.075
19/04/2019	5.553	9.409	19.756	25.959	298.188
20/04/2019	22.864	9.047	20.827	26.453	484.086
21/04/2019	8.645	8.958	20.044	25.765	570.454
22/04/2019	16.875	7.130	19.939	23.903	582.238
23/04/2019	6.115	11.780	18.878	27.874	384.396
24/04/2019	9.744	9.723	19.656	26.260	595.848
25/04/2019	5.874	9.401	20.688	26.725	504.530
26/04/2019	14.696	10.184	20.346	27.289	491.680
27/04/2019	3.021	10.788	20.419	27.968	365.900
28/04/2019	9.671	10.846	20.273	27.952	315.211
29/04/2019	2.341	11.242	20.356	28.453	271.472
30/04/2019	0.431	12.384	20.246	29.635	234.147
01/05/2019	1.957	12.830	19.650	29.719	211.525
02/05/2019	0.239	12.116	19.656	28.926	194.601
03/05/2019	5.064	11.490	19.773	28.369	227.704
04/05/2019	9.024	10.105	19.907	26.951	195.304
05/05/2019	0.000	11.531	20.834	29.170	194.329
06/05/2019	0.067	11.068	20.833	28.680	168.950
07/05/2019	5.703	12.094	20.388	29.503	158.008
08/05/2019	17.183	7.019	20.834	24.677	205.573
09/05/2019	7.911	9.126	19.968	25.993	247.334
10/05/2019	22.377	8.634	19.754	25.355	370.745
11/05/2019	2.592	9.692	19.446	26.298	334.521
12/05/2019	4.106	10.552	19.401	27.128	355.447
13/05/2019	0.960	10.088	19.875	27.022	248.750
14/05/2019	16.144	10.329	19.432	26.965	302.663
15/05/2019	12.608	10.349	20.192	27.561	258.791
16/05/2019	9.000	10.924	19.863	27.945	204.459
17/05/2019	24.148	9.448	19.692	26.233	381.148
18/05/2019	0.410	9.571	19.315	26.094	250.203
19/05/2019	16.320	8.306	19.215	24.746	366.357
20/05/2019	8.882	9.197	19.762	26.049	483.282
21/05/2019	14.294	8.525	19.581	25.272	370.962
22/05/2019	8.446	10.735	19.244	27.394	351.044
23/05/2019	22.437	7.258	19.253	23.719	392.188
24/05/2019	3.922	8.769	19.719	25.653	337.869
25/05/2019	16.678	8.129	18.422	23.997	342.717
26/05/2019	10.494	10.438	18.560	26.580	369.509
27/05/2019	20.912	8.962	18.695	25.057	434.704
28/05/2019	14.945	8.385	19.058	24.786	467.576
29/05/2019	4.693	9.691	18.664	25.881	319.498
30/05/2019	18.790	7.888	18.718	23.996	533.410
31/05/2019	11.278	8.018	19.602	24.805	319.283
01/06/2019	10.508	7.664	19.033	24.003	842.359
02/06/2019	0.056	10.074	19.164	26.701	386.710
03/06/2019	1.526	10.980	19.513	27.996	299.569
04/06/2019	6.915	10.696	19.286	27.544	380.222
05/06/2019	8.958	10.951	19.852	28.228	488.191
06/06/2019	1.825	9.549	19.318	26.244	303.491
07/06/2019	15.238	7.922	18.791	24.116	339.268
08/06/2019	3.220	10.689	18.219	26.754	387.083
09/06/2019	7.450	11.552	18.974	28.285	360.018
10/06/2019	10.553	10.096	19.433	26.990	341.352
11/06/2019	9.380	10.098	19.689	27.169	276.050
12/06/2019	8.164	9.590	20.241	27.077	336.650
13/06/2019	3.104	9.643	20.228	27.080	296.238
14/06/2019	6.631	11.122	20.028	28.565	279.047
15/06/2019	3.687	10.911	19.140	27.712	247.016
16/06/2019	4.508	10.305	19.517	27.339	219.125
17/06/2019	0.000	11.220	19.124	28.049	194.008
18/06/2019	0.917	11.702	19.474	28.840	177.887
19/06/2019	1.184	10.448	20.010	27.828	173.879
20/06/2019	0.257	11.954	19.080	28.831	161.908
21/06/2019	2.627	12.174	18.876	28.961	154.217
22/06/2019	5.118	10.833	20.156	28.360	148.042
23/06/2019	0.877	10.428	20.026	27.821	145.363
24/06/2019	2.886	10.246	19.717	27.363	147.733
25/06/2019	1.343	10.739	18.529	27.055	161.369
26/06/2019	2.793	10.698	20.138	28.253	145.138
27/06/2019	5.987	12.318	19.166	29.350	127.669
28/06/2019	0.820	10.324	20.487	28.057	116.850
29/06/2019	1.431	10.885	18.400	27.112	110.381
30/06/2019	0.187	11.399	18.349	27.695	110.237
01/07/2019	6.799	10.271	19.272	27.049	129.644
02/07/2019	0.262	10.890	18.810	27.408	136.113
03/07/2019	2.656	10.282	19.597	27.315	127.056
04/07/2019	0.621	11.239	19.562	28.368	130.019
05/07/2019	21.084	11.899	18.640	28.456	250.019
06/07/2019	3.870	12.360	18.390	28.859	153.338
07/07/2019	0.000	12.821	19.217	29.913	117.538
08/07/2019	1.071	11.292	19.270	28.230	102.044
09/07/2019	3.801	10.201	18.892	26.653	96.294
10/07/2019	0.294	9.617	19.532	26.526	98.019
11/07/2019	0.852	10.106	20.173	27.520	95.575
12/07/2019	14.120	10.774	19.596	27.799	151.837
13/07/2019	2.895	9.819	19.183	26.453	169.369
14/07/2019	2.748	11.204	19.865	28.469	147.300
15/07/2019	12.371	11.083	19.276	27.914	139.525
16/07/2019	3.318	9.514	18.650	25.683	122.225
17/07/2019	2.145	12.257	18.648	28.762	111.100
18/07/2019	0.863	11.927	19.959	29.314	97.044
19/07/2019	5.409	11.688	19.451	28.688	90.900
20/07/2019	0.892	11.891	18.686	28.340	91.009
21/07/2019	5.979	11.606	20.161	29.057	146.328
22/07/2019	4.686	10.698	19.958	27.882	146.050
23/07/2019	6.018	9.603	19.922	26.685	115.412
24/07/2019	4.678	10.528	19.507	27.363	130.938
25/07/2019	0.000	11.339	19.567	28.302	120.375
26/07/2019	9.457	11.291	18.844	27.724	144.619
27/07/2019	3.126	11.756	18.916	28.283	139.513
28/07/2019	1.562	11.061	19.379	27.804	105.925
29/07/2019	0.609	11.292	19.869	28.408	97.006
30/07/2019	2.499	11.033	19.847	28.138	93.456
31/07/2019	0.357	12.274	18.930	28.836	101.434
01/08/2019	2.989	11.018	18.779	27.301	96.341
02/08/2019	4.970	10.160	20.497	27.606	107.050
03/08/2019	16.287	9.002	19.788	25.856	149.962
04/08/2019	0.900	11.433	18.494	27.506	143.369
05/08/2019	4.721	11.481	19.890	28.552	148.804
06/08/2019	2.143	12.305	19.323	29.023	104.589
07/08/2019	0.135	11.237	18.862	27.519	89.918
08/08/2019	2.229	10.588	19.375	27.163	83.896
09/08/2019	0.000	12.210	18.699	28.464	95.295
10/08/2019	0.140	11.786	18.308	27.701	80.095
11/08/2019	1.948	12.771	19.217	29.407	77.959
12/08/2019	2.846	12.620	19.878	29.702	103.566
13/08/2019	0.832	11.830	20.097	28.997	79.796
14/08/2019	4.621	9.853	20.836	27.411	79.070
15/08/2019	0.287	10.984	18.782	27.067	81.291
16/08/2019	0.532	9.238	18.798	25.176	97.062
17/08/2019	1.560	10.932	18.900	27.033	165.796
18/08/2019	3.911	11.534	19.305	28.057	99.974
19/08/2019	6.816	11.911	18.997	28.177	81.889
20/08/2019	0.575	12.590	18.571	28.669	75.226
21/08/2019	3.728	12.980	19.170	29.523	70.016
22/08/2019	0.227	13.280	17.435	28.631	74.585
23/08/2019	4.707	11.856	19.374	28.384	68.991
24/08/2019	2.782	12.944	18.930	29.263	70.485
25/08/2019	4.451	13.330	19.485	30.084	76.465
26/08/2019	0.102	13.400	18.576	29.509	66.514
27/08/2019	0.000	13.735	18.775	29.993	60.577
28/08/2019	10.459	12.005	19.608	28.672	57.932
29/08/2019	0.000	13.363	19.281	29.958	57.459
30/08/2019	0.000	13.588	18.663	29.826	55.284
31/08/2019	9.350	12.350	19.414	28.943	71.518
01/09/2019	6.776	11.742	19.833	28.539	64.421
02/09/2019	3.437	11.461	19.798	28.212	72.279
03/09/2019	1.616	13.346	19.943	30.350	61.944
04/09/2019	4.145	12.404	20.573	29.786	63.481
05/09/2019	2.048	13.179	19.515	29.875	64.592
06/09/2019	8.510	12.614	20.722	30.100	59.141
07/09/2019	0.000	12.984	20.109	30.105	67.581
08/09/2019	5.428	13.237	19.548	29.994	53.018
09/09/2019	0.013	13.273	19.465	29.929	50.719
10/09/2019	0.010	13.070	19.858	29.988	49.531
11/09/2019	3.429	11.803	21.594	29.903	52.379
12/09/2019	0.436	13.189	19.756	30.055	53.045
13/09/2019	9.154	11.863	19.910	28.757	55.522
14/09/2019	3.142	11.372	21.109	29.094	71.992
15/09/2019	6.751	13.078	19.539	29.788	66.257
16/09/2019	24.461	9.691	20.907	27.286	75.269
17/09/2019	6.200	10.664	20.103	27.640	61.326
18/09/2019	15.142	7.966	19.715	24.552	307.442
19/09/2019	16.991	9.157	19.685	25.715	235.725
20/09/2019	10.169	7.019	19.613	23.603	134.958
21/09/2019	18.269	8.543	19.167	24.750	216.344
22/09/2019	5.985	11.287	18.326	27.020	123.560
23/09/2019	4.740	9.340	18.855	25.307	176.206
24/09/2019	7.600	8.873	20.163	25.833	303.223
25/09/2019	12.039	11.048	19.065	27.286	214.532
26/09/2019	12.417	9.921	19.301	26.302	258.472
27/09/2019	0.462	11.124	18.295	26.881	147.315
28/09/2019	16.885	12.103	18.594	28.199	143.994
29/09/2019	6.321	9.151	18.334	24.763	318.092
30/09/2019	4.057	10.344	18.548	26.231	183.728
01/10/2019	10.491	11.459	17.594	26.775	260.527
02/10/2019	1.837	10.036	18.642	26.065	149.769
03/10/2019	24.418	7.677	17.953	22.927	360.774
04/10/2019	1.770	11.724	16.719	26.503	191.037
05/10/2019	0.403	9.379	19.451	25.935	171.800
06/10/2019	15.247	9.125	18.680	25.100	267.242
07/10/2019	10.591	9.246	18.584	25.166	205.925
08/10/2019	3.539	8.968	17.999	24.451	165.808
09/10/2019	7.985	10.854	18.183	26.648	159.471
10/10/2019	12.718	8.375	18.824	24.422	219.360
11/10/2019	11.323	9.592	19.062	25.932	197.172
12/10/2019	20.580	8.038	19.562	24.688	422.884
13/10/2019	8.363	10.514	18.837	26.799	284.908
14/10/2019	18.101	8.620	19.169	25.054	453.553
15/10/2019	0.392	9.371	17.757	24.797	201.863
16/10/2019	19.318	9.152	18.923	25.440	251.455
17/10/2019	6.655	10.940	17.635	26.494	380.601
18/10/2019	22.996	8.649	18.616	24.735	378.227
19/10/2019	15.591	8.352	19.013	24.683	336.059
20/10/2019	0.106	9.939	17.346	25.231	259.441
21/10/2019	10.505	8.754	18.949	25.176	238.943
22/10/2019	1.596	8.436	18.411	24.331	251.804
23/10/2019	12.798	9.615	17.862	25.247	501.199
24/10/2019	35.479	8.292	18.717	24.491	443.158
25/10/2019	8.263	9.535	18.799	25.924	512.605
26/10/2019	16.942	10.344	18.631	26.733	371.589
27/10/2019	21.542	9.521	18.016	25.379	381.277
28/10/2019	3.656	10.874	18.949	27.616	273.066
29/10/2019	6.654	11.339	18.753	28.067	243.700
30/10/2019	14.885	10.111	18.154	26.257	471.136
31/10/2019	1.163	9.900	17.974	25.853	243.328
01/11/2019	18.252	9.951	18.878	26.621	594.949
02/11/2019	8.187	7.535	19.815	24.696	421.996
03/11/2019	5.114	9.737	19.051	26.541	264.891
04/11/2019	21.787	10.362	18.887	27.156	340.012
05/11/2019	11.905	8.788	20.182	26.392	272.531
06/11/2019	5.489	10.914	18.308	27.446	243.003
07/11/2019	17.699	9.826	19.326	26.940	305.234
08/11/2019	10.114	10.269	20.218	28.129	232.125
09/11/2019	44.969	7.806	19.278	24.672	595.418
10/11/2019	4.613	8.694	18.781	25.292	266.550
11/11/2019	25.438	7.872	19.751	25.140	998.409
12/11/2019	15.190	7.247	19.435	24.222	476.113
13/11/2019	9.279	7.177	19.451	24.153	1009.348
14/11/2019	14.665	8.181	19.090	25.001	448.976
15/11/2019	14.589	8.164	18.580	24.565	554.408
16/11/2019	4.852	10.257	18.624	27.090	378.083
17/11/2019	0.000	10.213	18.020	26.673	306.255
18/11/2019	0.054	10.450	17.969	26.920	329.499
19/11/2019	0.616	9.141	19.077	26.150	296.744
20/11/2019	3.348	8.493	19.680	25.888	397.892
21/11/2019	6.310	7.241	19.497	24.365	421.010
22/11/2019	2.412	8.921	18.709	25.658	310.264
23/11/2019	1.684	9.117	17.576	25.094	320.571
24/11/2019	0.640	7.867	19.523	25.118	277.905
25/11/2019	0.000	9.924	18.807	27.004	229.516
26/11/2019	4.556	8.611	20.589	26.865	208.556
27/11/2019	0.000	10.123	19.257	27.624	190.314
28/11/2019	17.685	9.259	20.186	27.301	181.060
29/11/2019	3.367	7.910	20.273	25.907	210.190
30/11/2019	3.044	8.085	19.424	25.379	203.190
01/12/2019	0.000	9.401	19.948	27.304	186.625
02/12/2019	0.073	9.955	19.509	27.677	166.675
03/12/2019	9.055	9.356	19.004	26.612	166.350
04/12/2019	0.409	10.040	18.411	27.038	151.292
05/12/2019	7.299	8.750	19.634	26.381	190.942
06/12/2019	0.000	10.089	17.923	26.750	153.471
07/12/2019	9.551	8.008	18.401	24.564	287.796
08/12/2019	1.317	7.547	18.656	24.211	354.425
09/12/2019	0.777	10.112	17.852	26.703	186.711
10/12/2019	0.000	9.729	18.602	26.798	151.942
11/12/2019	3.970	9.070	18.895	26.212	257.238
12/12/2019	1.470	8.828	18.711	25.776	436.682
13/12/2019	0.000	9.805	18.390	26.766	236.906
14/12/2019	10.765	7.465	19.185	24.558	422.447
15/12/2019	3.069	8.465	19.327	25.847	286.354
16/12/2019	5.034	9.850	18.914	27.186	218.175
17/12/2019	9.143	9.645	19.410	27.310	225.850
18/12/2019	11.880	8.820	19.358	26.323	253.419
19/12/2019	0.765	9.312	19.596	27.092	202.333
20/12/2019	10.249	9.944	19.140	27.490	184.008
21/12/2019	8.447	8.848	19.971	26.823	164.346
22/12/2019	7.276	10.171	19.552	28.078	156.492
23/12/2019	0.138	9.366	20.384	27.749	148.421
24/12/2019	0.064	10.656	19.198	28.397	139.908
25/12/2019	6.607	9.453	20.827	28.179	142.279
26/12/2019	14.734	9.964	19.509	27.795	231.479
27/12/2019	1.445	7.347	20.302	25.339	149.338
28/12/2019	1.676	10.978	18.719	28.426	139.190
29/12/2019	6.263	9.648	20.241	27.940	147.156
30/12/2019	10.991	8.129	20.006	25.952	172.023
31/12/2019	11.336	6.642	20.310	24.535	551.375
01/01/2020	2.732	9.263	18.295	25.958	329.311
02/01/2020	0.000	10.249	18.378	27.234	181.348
03/01/2020	0.000	11.436	16.648	27.496	143.521
04/01/2020	0.000	10.373	18.227	27.250	122.025
05/01/2020	0.000	10.619	16.853	26.567	116.083
06/01/2020	0.000	11.563	15.570	26.907	111.819
07/01/2020	0.000	10.797	17.057	26.917	101.708
08/01/2020	0.000	10.633	16.961	26.673	96.090
09/01/2020	0.000	11.840	17.073	28.225	89.960
10/01/2020	0.000	12.208	17.797	29.176	85.989
11/01/2020	0.000	13.009	15.352	28.549	82.615
12/01/2020	0.000	12.714	16.763	29.033	78.814
13/01/2020	0.000	12.769	17.888	29.823	76.934
14/01/2020	0.000	11.181	19.679	29.109	75.696
15/01/2020	0.000	11.748	18.837	29.186	75.440
16/01/2020	0.000	11.276	18.424	28.307	70.614
17/01/2020	0.000	12.417	19.016	30.038	68.905
18/01/2020	0.000	12.013	19.557	29.897	66.684
19/01/2020	0.000	12.600	18.840	30.094	64.549
20/01/2020	18.870	9.194	20.831	27.541	72.503
21/01/2020	3.813	8.030	20.167	25.718	69.546
22/01/2020	12.571	6.170	19.686	23.363	189.652
23/01/2020	0.000	10.235	17.779	26.398	105.346
24/01/2020	3.817	9.565	18.858	26.374	81.760
25/01/2020	17.367	9.196	20.285	27.003	111.465
26/01/2020	0.000	9.111	20.000	26.656	117.090
27/01/2020	0.000	10.386	19.126	27.446	112.202
28/01/2020	0.000	10.062	18.362	26.497	106.865
29/01/2020	0.000	11.393	17.695	27.583	102.600
30/01/2020	0.000	11.620	17.510	27.685	84.665
31/01/2020	0.000	10.622	19.645	28.020	77.532
01/02/2020	2.454	12.225	19.182	29.525	72.664
02/02/2020	13.206	9.693	19.398	26.778	75.610
03/02/2020	0.000	11.721	19.211	28.930	73.133
04/02/2020	0.000	12.253	18.904	29.352	66.983
05/02/2020	0.000	12.738	18.469	29.590	62.992
06/02/2020	0.000	13.976	17.302	30.238	59.361
07/02/2020	0.000	13.324	16.718	29.051	56.865
08/02/2020	0.000	11.187	19.811	28.547	55.179
09/02/2020	0.000	12.089	18.519	28.653	54.459
10/02/2020	0.000	12.645	19.336	29.862	54.528
11/02/2020	0.000	13.998	18.875	31.105	55.032
12/02/2020	0.000	13.493	19.039	30.635	51.031
13/02/2020	0.000	12.672	19.551	29.988	50.188
14/02/2020	5.519	10.717	21.049	28.817	63.939
15/02/2020	7.277	10.994	20.949	29.029	64.943
16/02/2020	0.000	12.862	19.754	30.227	56.192
17/02/2020	3.687	12.547	20.594	30.461	59.570
18/02/2020	0.000	15.385	19.102	32.629	53.995
19/02/2020	0.000	14.140	19.416	31.328	49.312
20/02/2020	25.297	10.361	23.272	30.023	146.560
21/02/2020	0.633	9.715	22.512	28.738	103.850
22/02/2020	22.557	9.239	19.600	25.981	159.083
23/02/2020	3.026	7.480	20.161	24.580	240.652
24/02/2020	0.000	8.300	20.683	25.814	144.160
25/02/2020	7.619	10.751	20.766	28.376	108.877
26/02/2020	8.576	9.260	20.778	26.810	131.963
27/02/2020	0.000	10.487	19.734	27.297	171.125
28/02/2020	0.000	10.897	19.376	27.429	132.044
29/02/2020	0.000	10.369	21.112	28.158	107.171
01/03/2020	0.040	10.518	20.560	27.890	93.996
02/03/2020	2.314	11.587	20.209	28.747	92.423
03/03/2020	16.411	11.862	20.580	29.276	136.602
04/03/2020	8.707	11.442	21.379	29.440	137.469
05/03/2020	0.000	13.885	19.647	30.875	117.617
06/03/2020	0.097	12.948	20.007	30.084	100.094
07/03/2020	2.599	9.723	22.022	28.157	91.893
08/03/2020	7.259	9.010	21.299	26.836	134.703
09/03/2020	11.429	11.064	20.656	28.397	141.231
10/03/2020	7.554	10.641	20.863	28.103	131.869
11/03/2020	18.797	9.696	20.557	26.900	158.585
12/03/2020	6.280	11.216	21.177	28.919	164.602
13/03/2020	19.533	9.205	21.573	27.183	480.132
14/03/2020	0.059	9.804	20.608	27.004	277.587
15/03/2020	0.000	10.882	19.660	27.395	269.857
16/03/2020	0.000	12.048	19.956	28.849	178.680
17/03/2020	0.000	13.583	17.981	29.158	152.321
18/03/2020	0.000	13.326	17.686	28.644	128.985
19/03/2020	0.000	11.310	20.602	28.510	116.802
20/03/2020	14.266	9.008	21.571	26.933	361.455
21/03/2020	0.000	11.046	19.836	27.656	349.296
22/03/2020	0.000	13.810	17.221	28.828	242.625
23/03/2020	0.649	11.807	20.948	29.257	174.204
24/03/2020	0.000	10.726	20.188	27.558	186.790
25/03/2020	0.000	12.225	20.282	29.182	158.340
26/03/2020	17.583	12.561	20.548	29.731	212.908
27/03/2020	0.238	12.578	19.656	29.115	164.410
28/03/2020	0.000	11.573	21.327	29.305	157.679
29/03/2020	0.000	11.116	22.509	29.798	142.046
30/03/2020	0.336	10.219	20.689	27.448	133.075
31/03/2020	0.645	12.115	19.939	28.818	129.000
01/04/2020	21.155	10.011	19.640	26.413	280.981
02/04/2020	1.057	10.869	20.097	27.660	196.994
03/04/2020	0.043	11.677	20.958	29.137	173.465
04/04/2020	1.958	10.885	20.968	28.317	174.717
05/04/2020	4.385	11.675	20.927	29.096	159.062
06/04/2020	15.480	10.720	20.680	27.959	169.781
07/04/2020	10.779	11.169	20.705	28.459	149.771
08/04/2020	3.622	11.667	21.504	29.552	134.312
09/04/2020	5.070	11.707	20.199	28.625	127.056
10/04/2020	6.855	11.176	20.112	28.010	149.590
11/04/2020	17.861	10.731	20.295	27.699	137.938
12/04/2020	30.968	10.210	20.842	27.578	288.583
13/04/2020	1.362	10.572	20.975	28.093	213.725
14/04/2020	8.112	10.462	19.693	26.958	417.744
15/04/2020	9.382	10.770	18.503	26.424	574.511
16/04/2020	0.000	12.532	18.183	28.118	269.556
17/04/2020	2.227	9.150	20.017	25.891	213.603
18/04/2020	5.330	9.813	19.679	26.299	213.866
19/04/2020	13.177	10.142	19.467	26.487	243.647
20/04/2020	16.902	13.431	18.664	29.465	237.295
21/04/2020	17.750	8.335	19.850	24.943	250.781
22/04/2020	2.226	9.625	19.654	26.128	209.158
23/04/2020	11.891	11.113	19.408	27.538	208.954
24/04/2020	0.349	12.051	18.840	28.158	188.617
25/04/2020	0.342	11.188	19.360	27.619	181.796
26/04/2020	2.567	12.613	19.512	29.308	185.619
27/04/2020	2.297	11.911	20.500	29.265	152.604
28/04/2020	26.532	12.625	19.788	29.490	199.919
29/04/2020	20.867	10.099	20.080	27.078	173.206
30/04/2020	11.095	11.240	19.814	28.061	156.762
01/05/2020	6.857	9.102	20.116	26.036	193.125
02/05/2020	0.083	11.773	18.673	27.850	157.221
03/05/2020	5.500	11.477	20.395	28.802	172.754
04/05/2020	4.608	11.495	20.009	28.548	153.200
05/05/2020	15.386	11.937	20.222	29.170	202.596
06/05/2020	14.565	10.625	20.417	27.946	202.390
07/05/2020	4.182	11.103	20.292	28.359	166.329
08/05/2020	2.985	10.176	20.224	27.305	147.329
09/05/2020	1.753	10.504	21.137	28.407	129.787
10/05/2020	0.000	12.883	19.131	29.528	120.875
11/05/2020	22.217	10.639	20.654	28.179	135.435
12/05/2020	6.907	9.685	20.106	26.747	171.600
13/05/2020	7.474	8.335	19.174	24.616	284.892
14/05/2020	0.657	11.091	18.266	26.959	152.247
15/05/2020	7.857	10.910	20.189	28.206	179.312
16/05/2020	4.940	11.014	20.932	28.856	174.646
17/05/2020	7.175	10.609	20.794	28.346	166.346
18/05/2020	7.916	11.815	20.221	29.231	146.300
19/05/2020	2.320	8.016	20.592	25.509	166.290
20/05/2020	0.000	12.068	19.094	28.746	123.654
21/05/2020	5.659	12.351	20.029	29.754	126.851
22/05/2020	9.477	11.209	20.087	28.542	465.365
23/05/2020	2.333	12.112	20.267	29.679	159.369
24/05/2020	2.234	11.705	19.406	28.587	222.223
25/05/2020	6.209	11.866	20.413	29.506	260.129
26/05/2020	5.563	10.756	20.592	28.435	205.821
27/05/2020	25.421	10.153	20.688	27.878	329.285
28/05/2020	16.369	6.527	19.945	23.654	341.081
29/05/2020	3.999	10.182	19.254	26.836	180.707
30/05/2020	15.013	7.118	19.282	23.651	297.685
31/05/2020	8.103	8.446	18.897	24.714	231.797
01/06/2020	11.077	9.881	19.192	26.506	224.202
02/06/2020	3.466	10.274	18.619	26.555	215.585
03/06/2020	8.627	7.557	18.359	23.349	440.153
04/06/2020	2.768	11.577	17.786	27.440	259.348
05/06/2020	1.277	10.186	19.565	27.153	176.395
06/06/2020	21.619	9.040	19.408	25.808	198.680
07/06/2020	0.000	11.128	18.640	27.570	199.976
08/06/2020	1.858	10.972	18.904	27.539	161.529
09/06/2020	5.508	10.500	19.644	27.609	157.429
10/06/2020	14.997	7.605	18.656	23.680	237.537
11/06/2020	5.906	9.549	18.814	25.888	190.935
12/06/2020	12.038	8.273	18.871	24.532	250.620
13/06/2020	4.020	11.006	17.858	26.910	237.703
14/06/2020	4.580	10.646	19.432	27.626	175.363
15/06/2020	1.392	9.925	19.419	26.810	184.994
16/06/2020	0.895	10.875	18.499	27.209	140.635
17/06/2020	11.183	8.811	19.728	25.815	173.721
18/06/2020	8.199	9.664	18.392	25.725	172.838
19/06/2020	0.092	10.921	19.115	27.714	166.079
20/06/2020	11.368	10.268	18.616	26.632	254.322
21/06/2020	7.940	11.201	19.408	28.262	283.418
22/06/2020	0.747	10.088	19.948	27.413	174.246
23/06/2020	1.038	10.838	19.561	27.923	170.919
24/06/2020	1.010	11.248	19.295	28.224	146.285
25/06/2020	1.152	11.048	18.996	27.749	135.210
26/06/2020	4.943	10.496	19.081	27.196	157.683
27/06/2020	0.355	11.477	19.179	28.404	242.769
28/06/2020	9.432	8.487	19.049	24.930	290.454
29/06/2020	1.729	11.486	18.321	27.801	147.225
30/06/2020	6.622	11.573	19.266	28.544	128.446
01/07/2020	2.714	9.076	19.148	25.709	129.738
02/07/2020	4.509	9.979	18.885	26.480	182.390
03/07/2020	0.632	10.548	18.474	26.839	146.735
04/07/2020	8.858	10.052	19.054	26.666	140.254
05/07/2020	23.922	8.730	18.314	24.679	195.190
06/07/2020	7.805	9.207	19.141	25.781	147.619
07/07/2020	0.233	11.579	18.125	27.712	145.652
08/07/2020	3.959	11.323	18.552	27.733	146.632
09/07/2020	9.275	11.337	18.388	27.605	271.228
10/07/2020	3.671	10.781	19.493	27.783	193.904
11/07/2020	22.826	9.008	18.997	25.464	225.240
12/07/2020	0.285	8.695	18.340	24.602	211.697
13/07/2020	3.321	11.416	18.922	28.062	210.653
14/07/2020	7.006	11.629	18.891	28.286	199.877
15/07/2020	0.140	10.953	18.597	27.267	159.146
16/07/2020	3.331	11.218	18.808	27.724	160.608
17/07/2020	2.881	11.198	19.571	28.230	153.633
18/07/2020	1.712	12.371	19.161	29.221	178.662
19/07/2020	0.582	10.923	19.699	27.997	188.625
20/07/2020	3.414	10.912	20.154	28.304	136.979
21/07/2020	7.773	10.083	19.352	26.815	119.533
22/07/2020	12.705	9.560	18.580	25.615	142.979
23/07/2020	7.955	8.973	19.490	25.666	154.615
24/07/2020	8.832	9.560	19.282	26.157	205.417
25/07/2020	10.888	8.870	18.339	24.644	342.061
26/07/2020	6.720	11.673	17.942	27.494	229.782
27/07/2020	13.197	11.034	18.449	27.142	456.136
28/07/2020	9.231	11.959	18.689	28.320	414.308
29/07/2020	0.462	12.055	18.724	28.478	197.165
30/07/2020	1.544	10.439	19.634	27.286	165.396
31/07/2020	1.603	11.143	20.478	28.666	227.096
01/08/2020	1.476	11.220	20.262	28.594	227.723
02/08/2020	0.029	13.084	18.214	29.256	148.375
03/08/2020	0.000	10.918	20.429	28.372	124.325
04/08/2020	6.121	10.304	19.932	27.334	244.229
05/08/2020	0.807	11.819	19.224	28.427	150.106
06/08/2020	0.572	9.674	19.858	26.578	119.917
07/08/2020	3.311	11.233	19.365	27.850	119.150
08/08/2020	0.824	11.642	19.763	28.561	110.237
09/08/2020	0.029	12.578	19.366	29.315	96.909
10/08/2020	1.743	11.726	20.170	28.945	89.491
11/08/2020	3.581	10.664	20.246	27.881	88.594
12/08/2020	14.760	11.314	19.311	27.869	157.721
13/08/2020	12.984	12.130	19.427	28.817	109.998
14/08/2020	6.408	10.376	19.648	27.090	117.617
15/08/2020	2.773	10.518	18.913	26.701	133.738
16/08/2020	3.651	10.530	18.640	26.500	119.917
17/08/2020	9.300	8.047	18.374	23.656	123.463
18/08/2020	1.074	10.453	18.817	26.469	104.924
19/08/2020	8.473	9.431	19.336	25.807	224.049
20/08/2020	11.438	9.163	18.593	24.969	225.143
21/08/2020	3.234	9.806	18.971	25.967	205.584
22/08/2020	12.396	9.878	18.769	25.818	285.877
23/08/2020	2.448	8.505	19.090	24.602	327.785
24/08/2020	7.384	10.513	18.706	26.448	335.506
25/08/2020	22.969	10.398	18.760	26.339	260.974
26/08/2020	15.079	9.402	18.403	25.041	318.707
27/08/2020	0.000	11.032	17.843	26.384	248.880
28/08/2020	1.695	10.967	19.106	27.250	192.042
29/08/2020	4.917	11.319	18.378	27.068	362.911
30/08/2020	6.828	10.014	17.754	25.126	304.768
31/08/2020	4.790	11.266	16.519	25.637	193.080
01/09/2020	4.933	10.989	19.145	27.231	220.835
02/09/2020	33.223	7.742	19.301	23.984	1338.174
03/09/2020	0.000	9.867	19.241	26.106	470.051
04/09/2020	6.299	10.570	18.619	26.424	389.605
05/09/2020	3.572	11.753	18.724	27.783	328.254
06/09/2020	16.878	11.612	17.802	26.969	361.864
07/09/2020	0.000	10.850	17.906	26.208	286.882
08/09/2020	17.130	8.829	18.392	24.384	379.084
09/09/2020	0.374	10.289	16.292	24.400	289.671
10/09/2020	0.474	11.064	18.321	26.731	265.619
11/09/2020	12.542	11.039	19.307	27.403	290.893
12/09/2020	15.798	10.604	18.743	26.520	323.235
13/09/2020	1.873	11.159	18.878	27.230	280.975
14/09/2020	0.000	11.809	18.285	27.570	236.528
15/09/2020	4.504	11.049	18.260	26.686	235.478
16/09/2020	2.612	9.146	18.438	24.869	248.650
17/09/2020	9.831	9.416	17.664	24.477	244.922
18/09/2020	7.135	9.767	18.278	25.353	301.767
19/09/2020	11.695	8.949	18.961	24.969	496.277
20/09/2020	18.072	10.758	19.097	26.975	294.131
21/09/2020	5.318	10.309	19.381	26.759	282.158
22/09/2020	0.712	12.441	18.089	28.189	246.334
23/09/2020	3.491	9.171	18.920	25.212	242.197
24/09/2020	1.780	9.226	20.166	26.222	222.569
25/09/2020	9.961	10.625	18.606	26.564	210.278
26/09/2020	0.235	9.766	18.368	25.407	199.116
27/09/2020	5.783	9.196	18.282	24.775	336.154
28/09/2020	4.367	10.855	17.901	26.315	241.897
29/09/2020	5.528	10.460	18.509	26.320	233.100
30/09/2020	15.326	9.728	19.116	25.999	251.384
01/10/2020	8.610	10.729	18.594	26.730	275.174
02/10/2020	9.122	10.654	18.073	26.285	298.176
03/10/2020	12.494	10.598	18.760	26.746	322.424
04/10/2020	6.270	9.216	18.061	24.708	466.580
05/10/2020	5.503	9.473	18.323	25.185	490.629
06/10/2020	13.539	10.391	17.727	25.783	491.949
07/10/2020	1.603	11.244	18.190	27.058	248.125
08/10/2020	4.409	9.551	18.451	25.426	336.570
09/10/2020	12.747	10.439	18.682	26.577	326.654
10/10/2020	2.804	12.713	16.894	27.906	292.608
11/10/2020	5.017	12.716	17.827	28.600	255.894
12/10/2020	11.108	11.439	18.121	27.334	271.864
13/10/2020	11.308	8.678	19.519	25.372	292.116
14/10/2020	4.126	9.606	17.833	25.140	267.822
15/10/2020	0.061	11.442	17.375	26.916	245.778
16/10/2020	0.892	10.685	18.760	27.039	210.694
17/10/2020	1.426	11.544	17.785	27.360	184.029
18/10/2020	17.798	11.358	18.496	27.657	189.927
19/10/2020	21.320	8.382	18.634	24.461	254.883
20/10/2020	0.000	10.227	18.318	26.286	192.435
21/10/2020	15.268	10.215	19.131	26.900	296.134
22/10/2020	15.985	9.969	19.753	27.099	253.891
23/10/2020	8.652	10.285	19.374	27.234	327.682
24/10/2020	22.677	8.553	19.083	25.105	242.281
25/10/2020	1.092	9.607	17.712	25.251	310.533
26/10/2020	7.550	10.047	18.603	26.392	276.144
27/10/2020	7.294	9.337	18.693	25.680	390.270
28/10/2020	16.382	9.047	18.667	25.331	256.344
29/10/2020	11.212	8.795	19.035	25.374	434.286
30/10/2020	9.673	8.760	18.243	24.733	301.519
31/10/2020	9.354	8.388	18.096	24.235	292.378
01/11/2020	15.392	8.426	18.580	24.706	440.384
02/11/2020	0.000	9.736	19.634	26.952	283.429
03/11/2020	0.000	10.742	17.948	26.904	234.500
04/11/2020	7.432	9.290	19.115	26.097	223.772
05/11/2020	18.578	9.256	19.081	26.057	411.892
06/11/2020	8.421	9.669	17.895	25.660	357.715
07/11/2020	14.520	10.297	17.949	26.506	478.838
08/11/2020	17.906	10.361	18.509	27.009	363.311
09/11/2020	16.117	8.867	19.484	25.997	364.869
10/11/2020	18.603	8.283	19.430	25.312	351.320
11/11/2020	26.500	7.865	19.032	24.574	792.483
12/11/2020	2.549	7.911	18.988	24.584	371.491
13/11/2020	18.246	8.761	19.211	25.754	576.453
14/11/2020	1.092	8.725	18.815	25.411	327.188
15/11/2020	11.908	9.182	19.562	26.533	338.426
16/11/2020	25.995	9.257	18.799	26.062	577.253
17/11/2020	18.673	6.557	19.035	23.235	541.962
18/11/2020	2.006	8.829	18.185	25.128	406.750
19/11/2020	3.824	9.092	18.276	25.532	422.166
20/11/2020	1.013	8.544	18.644	25.251	345.333
21/11/2020	8.666	10.220	17.513	26.407	359.492
22/11/2020	2.520	9.714	18.188	26.279	467.485
23/11/2020	1.892	10.058	17.927	26.568	355.481
24/11/2020	38.173	9.909	18.327	26.625	814.145
25/11/2020	7.488	9.803	19.185	27.134	406.622
26/11/2020	6.876	9.545	18.836	26.603	353.275
27/11/2020	20.796	7.755	19.142	24.763	602.580
28/11/2020	30.855	9.098	18.786	26.041	500.702
29/11/2020	9.330	10.232	18.228	27.045	376.087
30/11/2020	22.400	10.195	18.177	26.959	390.857
01/12/2020	35.010	9.267	18.871	26.394	582.090
02/12/2020	0.401	8.352	19.121	25.509	393.146
03/12/2020	21.646	8.117	19.526	25.545	642.918
04/12/2020	0.000	9.255	19.439	26.834	343.354
05/12/2020	0.000	9.638	18.019	26.266	293.247
06/12/2020	0.121	10.112	17.612	26.580	273.494
07/12/2020	0.652	10.408	17.314	26.762	256.519
08/12/2020	9.873	9.080	18.730	26.124	332.330
09/12/2020	3.920	8.765	18.142	25.310	265.147
10/12/2020	0.000	10.429	17.327	26.814	236.956
11/12/2020	8.028	10.349	17.432	26.747	307.052
12/12/2020	4.475	10.038	17.310	26.307	265.640
13/12/2020	0.000	10.146	18.150	27.052	208.972
14/12/2020	0.000	10.671	16.975	26.866	188.600
15/12/2020	2.173	10.396	17.276	26.718	251.718
16/12/2020	9.826	9.553	18.531	26.576	279.611
17/12/2020	6.267	9.856	17.680	26.349	212.653
18/12/2020	18.455	9.689	17.298	25.849	323.664
19/12/2020	1.000	9.234	18.852	26.395	253.604
20/12/2020	1.841	9.651	18.323	26.522	328.249
21/12/2020	6.854	10.902	17.637	27.632	285.192
22/12/2020	5.874	9.786	18.163	26.612	339.519
23/12/2020	4.810	10.605	17.892	27.394	228.625
24/12/2020	0.147	9.297	19.157	26.685	228.472
25/12/2020	14.539	8.776	19.331	26.214	315.299
26/12/2020	0.000	8.704	17.435	24.677	309.331
27/12/2020	8.792	8.515	17.642	24.600	369.170
28/12/2020	0.000	10.367	15.988	25.766	247.875
29/12/2020	0.000	9.675	17.379	25.795	204.994
30/12/2020	0.136	8.814	18.875	25.824	239.537
31/12/2020	6.275	9.266	18.278	25.923	203.090
01/01/2021	0.826	9.947	18.166	26.708	259.500
02/01/2021	0.035	10.453	17.612	26.927	169.168
03/01/2021	40.522	9.431	18.376	26.205	356.521
04/01/2021	3.757	11.460	15.969	27.078	281.578
05/01/2021	0.040	11.786	15.311	27.036	194.620
06/01/2021	0.000	10.875	17.041	27.023	157.629
07/01/2021	0.690	9.917	17.564	26.160	152.483
08/01/2021	1.336	8.218	17.688	24.205	147.879
09/01/2021	0.187	9.595	18.471	26.392	167.217
10/01/2021	2.615	9.619	18.560	26.481	152.863
11/01/2021	7.469	10.084	18.212	26.778	173.488
12/01/2021	0.184	10.821	18.349	27.770	156.817
13/01/2021	0.000	11.698	17.670	28.395	133.860
14/01/2021	0.000	11.782	17.702	28.485	125.475
15/01/2021	0.000	10.299	19.209	27.693	121.833
16/01/2021	0.038	10.618	17.988	27.156	117.138
17/01/2021	0.000	11.324	16.692	27.116	111.675
18/01/2021	0.000	11.649	17.076	27.753	107.554
19/01/2021	0.000	12.067	16.734	28.028	103.481
20/01/2021	0.000	11.951	16.837	27.938	99.408
21/01/2021	0.000	11.740	18.510	28.830	95.990
22/01/2021	0.000	11.249	18.414	28.073	92.651
23/01/2021	0.777	10.430	18.267	26.940	111.451
24/01/2021	0.177	9.734	18.846	26.541	107.219
25/01/2021	0.000	11.811	18.916	29.047	104.008
26/01/2021	8.479	12.078	18.032	28.734	97.406
27/01/2021	0.000	12.933	17.682	29.496	92.010
28/01/2021	0.049	10.616	19.109	27.696	89.960
29/01/2021	0.228	11.558	18.020	28.000	88.081
30/01/2021	0.047	11.900	18.035	28.436	90.430
31/01/2021	0.000	13.558	17.468	30.026	85.006
01/02/2021	0.000	12.790	18.453	29.669	82.145
02/02/2021	17.787	11.168	19.709	28.626	82.572
03/02/2021	11.955	10.212	19.054	27.108	90.122
04/02/2021	0.130	12.070	18.272	28.656	87.658
05/02/2021	13.768	10.822	19.183	27.808	81.942
06/02/2021	29.360	11.640	19.307	28.749	159.844
07/02/2021	2.036	12.707	19.343	29.999	108.656
08/02/2021	32.828	9.328	20.826	27.275	169.373
09/02/2021	12.532	11.283	18.459	27.654	208.381
10/02/2021	1.452	10.103	18.626	26.407	239.016
11/02/2021	0.685	10.627	18.516	26.914	265.259
12/02/2021	0.000	9.990	19.506	26.901	133.588
13/02/2021	0.000	9.785	19.289	26.453	117.185
14/02/2021	0.000	9.248	19.172	25.801	181.992
15/02/2021	3.231	11.550	18.677	27.967	137.821
16/02/2021	13.747	10.711	19.346	27.490	286.877
17/02/2021	0.000	10.124	17.818	25.744	165.454
18/02/2021	0.000	11.107	19.067	27.696	124.517
19/02/2021	0.000	10.011	18.733	26.189	126.521
20/02/2021	0.000	10.790	17.653	26.249	172.773
21/02/2021	0.000	8.909	19.033	25.209	161.421
22/02/2021	0.000	9.183	19.547	25.827	150.398
23/02/2021	0.167	10.130	19.763	27.020	147.233
24/02/2021	4.044	11.948	18.485	28.076	118.335
25/02/2021	0.886	10.524	20.340	27.833	108.033
26/02/2021	1.765	11.897	19.188	28.468	108.656
27/02/2021	8.127	9.389	19.536	25.978	162.831
28/02/2021	2.216	9.818	19.096	26.093	153.779
01/03/2021	0.086	10.731	18.987	26.946	143.754
02/03/2021	2.278	11.683	18.286	27.484	242.966
03/03/2021	0.343	11.492	18.654	27.483	226.203
04/03/2021	8.691	9.584	20.260	26.625	268.708
05/03/2021	0.000	9.086	18.917	25.064	221.348
06/03/2021	0.870	9.035	19.509	25.471	176.479
07/03/2021	7.505	10.060	19.674	26.695	175.271
08/03/2021	25.974	10.737	19.411	27.189	176.923
09/03/2021	0.505	10.990	19.462	27.477	151.129
10/03/2021	4.175	8.603	19.714	25.153	281.229
11/03/2021	5.583	8.263	19.080	24.314	477.486
12/03/2021	2.284	9.114	17.805	24.192	601.397
13/03/2021	1.043	9.790	17.812	24.904	358.630
14/03/2021	8.025	10.708	18.571	26.436	346.321
15/03/2021	1.875	9.268	18.376	24.754	248.194
16/03/2021	10.047	11.274	18.767	27.170	277.717
17/03/2021	8.552	9.918	19.020	25.910	282.403
18/03/2021	6.415	10.048	18.528	25.695	263.834
19/03/2021	4.151	9.947	18.119	25.272	280.614
20/03/2021	1.961	10.350	17.922	25.526	224.231
21/03/2021	4.253	11.623	16.375	25.860	248.402
22/03/2021	8.839	7.457	19.746	24.031	348.526
23/03/2021	0.399	10.330	18.442	25.887	247.578
24/03/2021	4.838	10.067	18.814	25.858	377.431
25/03/2021	6.190	12.015	17.890	27.298	377.520
26/03/2021	8.628	9.879	18.933	25.785	271.016
27/03/2021	22.795	7.644	19.690	24.147	469.030
28/03/2021	3.861	11.742	18.991	27.807	294.642
29/03/2021	3.308	10.864	19.448	27.185	246.881
30/03/2021	2.560	11.328	19.119	27.413	254.603
31/03/2021	19.223	10.364	20.340	27.356	273.550
01/04/2021	6.030	9.886	19.885	26.462	215.325
02/04/2021	16.308	8.714	20.222	25.592	213.094
03/04/2021	13.847	9.543	19.814	26.103	322.262
04/04/2021	10.194	9.457	19.791	25.996	382.211
05/04/2021	20.455	10.581	20.298	27.515	256.106
06/04/2021	17.043	10.522	19.468	26.853	288.188
07/04/2021	9.219	11.380	18.798	27.265	252.878
08/04/2021	0.380	10.783	19.102	26.849	261.346
09/04/2021	16.424	8.391	19.286	24.580	404.935
10/04/2021	7.852	12.152	18.217	27.702	257.222
11/04/2021	18.809	10.202	19.501	26.586	327.845
12/04/2021	12.107	9.840	20.164	26.663	242.869
13/04/2021	0.000	11.802	19.073	27.972	199.065
14/04/2021	11.815	11.191	20.033	28.003	181.408
15/04/2021	26.047	9.834	19.953	26.557	201.829
16/04/2021	19.226	11.704	19.083	27.891	201.075
17/04/2021	15.550	11.485	19.517	27.951	352.904
18/04/2021	7.130	11.140	18.727	27.070	231.891
19/04/2021	5.358	10.188	19.487	26.645	244.407
20/04/2021	0.000	12.952	18.781	29.058	190.315
21/04/2021	16.437	10.225	18.971	26.286	231.604
22/04/2021	0.000	12.512	18.378	28.323	178.667
23/04/2021	5.485	9.960	19.642	26.477	218.097
24/04/2021	1.845	10.704	18.448	26.426	236.065
25/04/2021	3.259	10.481	19.628	27.036	210.023
26/04/2021	8.138	10.609	19.887	27.374	260.028
27/04/2021	26.758	7.426	20.025	24.301	374.132
28/04/2021	8.774	8.258	19.301	24.545	383.331
29/04/2021	1.176	7.556	19.188	23.717	413.986
30/04/2021	12.498	6.505	18.670	22.295	480.703
01/05/2021	0.073	10.089	17.041	24.766	353.496
02/05/2021	10.645	8.333	20.017	25.189	408.525
03/05/2021	17.937	7.835	18.536	23.507	882.373
04/05/2021	4.349	9.842	18.640	25.705	490.456
05/05/2021	10.176	10.401	17.747	25.673	390.038
06/05/2021	6.220	9.333	18.885	25.376	421.430
07/05/2021	4.082	11.055	18.471	26.969	424.277
08/05/2021	19.863	9.606	19.205	25.952	497.779
09/05/2021	11.325	11.146	18.828	27.349	477.473
10/05/2021	12.275	9.847	19.203	26.196	366.675
11/05/2021	3.681	11.206	18.350	27.089	311.618
12/05/2021	0.000	10.786	19.560	27.544	272.509
13/05/2021	6.558	11.059	19.422	27.757	300.017
14/05/2021	2.438	10.745	20.278	28.052	237.353
15/05/2021	19.825	10.231	20.231	27.458	248.831
16/05/2021	18.777	10.370	19.490	27.071	352.372
17/05/2021	10.473	8.396	19.465	24.987	378.587
18/05/2021	15.257	9.907	19.182	26.368	369.188
19/05/2021	10.713	11.832	18.551	28.077	443.096
20/05/2021	1.561	11.162	19.048	27.686	282.156
21/05/2021	6.993	11.414	19.286	28.183	264.866
22/05/2021	14.599	10.259	19.581	27.132	228.922
23/05/2021	21.930	10.873	19.404	27.679	245.113
24/05/2021	3.692	9.817	19.525	26.626	212.772
25/05/2021	7.428	10.468	18.898	26.875	215.084
26/05/2021	14.636	10.557	19.917	27.750	317.986
27/05/2021	4.188	9.163	19.246	25.715	213.603
28/05/2021	2.665	9.317	18.689	25.490	184.019
29/05/2021	18.818	7.394	19.148	23.805	350.480
30/05/2021	6.852	9.919	18.672	26.144	292.140
31/05/2021	9.802	10.102	19.298	26.824	257.071
01/06/2021	12.585	9.972	18.733	26.240	306.885
02/06/2021	14.101	9.569	18.804	25.884	400.864
03/06/2021	2.822	10.504	18.943	27.033	278.877
04/06/2021	18.860	10.042	18.990	26.545	493.565
05/06/2021	3.500	11.011	18.301	27.167	248.225
06/06/2021	12.697	8.957	19.077	25.430	250.000
07/06/2021	5.636	9.957	18.281	25.962	282.043
08/06/2021	2.987	8.118	18.561	24.190	320.084
09/06/2021	5.248	9.195	18.041	24.951	514.566
10/06/2021	3.488	8.665	18.334	24.545	347.887
11/06/2021	0.414	11.360	17.490	27.012	265.805
12/06/2021	13.494	9.814	18.517	25.952	330.647
13/06/2021	14.009	7.996	19.372	24.658	559.325
14/06/2021	12.761	8.336	18.749	24.551	383.340
15/06/2021	5.566	7.886	18.371	23.763	389.379
16/06/2021	0.083	10.266	17.439	25.776	402.394
17/06/2021	2.898	11.035	18.192	27.182	301.619
18/06/2021	12.554	10.438	19.496	27.452	277.985
19/06/2021	8.542	10.208	19.221	27.038	300.191
20/06/2021	5.644	8.313	19.741	25.321	317.169
21/06/2021	10.524	11.131	18.142	27.260	359.567
22/06/2021	0.089	8.534	18.295	24.420	224.231
23/06/2021	4.090	10.915	17.763	26.751	211.109
24/06/2021	8.945	9.628	18.238	25.602	220.469
25/06/2021	5.178	9.092	17.151	24.195	272.144
26/06/2021	7.671	8.314	17.574	23.682	413.275
27/06/2021	8.532	9.959	17.362	25.343	317.450
28/06/2021	1.676	10.651	17.674	26.391	249.556
29/06/2021	7.542	10.476	18.895	27.078	227.275
30/06/2021	1.947	10.282	18.738	26.701	215.088
01/07/2021	6.861	9.605	19.132	26.218	193.437
02/07/2021	1.185	9.540	19.311	26.275	213.975
03/07/2021	0.819	10.098	19.183	26.827	279.344
04/07/2021	0.000	10.287	18.312	26.403	160.856
05/07/2021	0.367	11.100	18.294	27.318	149.119
06/07/2021	2.711	10.953	18.949	27.616	186.456
07/07/2021	0.764	12.373	18.237	28.731	137.719
08/07/2021	4.723	11.981	18.855	28.696	157.281
09/07/2021	0.839	10.678	19.105	27.391	136.137
10/07/2021	12.952	9.545	19.551	26.451	168.347
11/07/2021	12.652	8.868	19.712	25.824	241.566
12/07/2021	3.555	10.876	19.592	27.933	168.550
13/07/2021	8.324	10.907	18.547	27.186	177.350
14/07/2021	0.167	11.541	18.286	27.740	138.437
15/07/2021	10.165	12.302	18.840	28.980	152.350
16/07/2021	8.412	11.694	18.919	28.328	197.625
17/07/2021	10.876	10.521	18.906	27.013	214.513
18/07/2021	5.254	10.208	18.817	26.549	172.906
19/07/2021	3.212	10.644	19.769	27.749	162.231
20/07/2021	0.000	12.005	19.006	28.703	131.300
21/07/2021	1.458	11.740	19.148	28.496	126.194
22/07/2021	2.719	11.388	19.616	28.414	110.381
23/07/2021	0.102	11.500	20.263	29.003	123.350
24/07/2021	16.567	9.421	20.090	26.612	242.525
25/07/2021	16.288	7.088	18.664	23.052	193.141
26/07/2021	1.338	10.875	16.677	25.724	174.609
27/07/2021	5.154	8.518	18.945	24.743	187.814
28/07/2021	9.918	11.039	17.692	26.583	356.436
29/07/2021	0.966	11.074	19.244	27.734	185.391
30/07/2021	7.140	11.413	19.163	28.042	198.534
31/07/2021	1.066	11.770	19.628	28.756	168.300
01/08/2021	0.000	11.907	18.638	28.167	131.481
02/08/2021	0.000	11.164	18.648	27.355	111.331
03/08/2021	14.503	10.238	18.847	26.442	152.969
04/08/2021	11.001	10.618	18.381	26.517	124.181
05/08/2021	1.343	12.480	17.746	28.142	99.456
06/08/2021	0.456	12.057	18.520	28.192	89.050
07/08/2021	8.953	11.837	18.721	28.077	123.188
08/08/2021	6.722	8.709	18.570	24.541	127.400
09/08/2021	5.135	11.936	17.969	27.654	135.556
10/08/2021	5.475	9.605	19.142	25.914	155.562
11/08/2021	1.928	9.998	18.996	26.241	148.588
12/08/2021	1.801	9.934	18.455	25.750	118.431
13/08/2021	7.589	10.015	18.775	26.047	151.169
14/08/2021	6.644	8.887	18.747	24.820	193.334
15/08/2021	13.130	10.150	18.047	25.657	183.491
16/08/2021	4.045	9.329	18.093	24.762	181.156
17/08/2021	12.458	9.136	18.017	24.519	586.506
18/08/2021	4.629	9.679	18.249	25.260	239.912
19/08/2021	10.308	7.955	18.847	23.881	357.825
20/08/2021	5.671	7.861	18.698	23.650	402.906
21/08/2021	3.799	10.716	17.791	26.035	308.719
22/08/2021	8.961	10.816	18.827	26.901	317.763
23/08/2021	5.865	11.256	18.462	27.086	220.491
24/08/2021	15.896	9.226	19.151	25.408	307.069
25/08/2021	1.496	9.626	18.927	25.672	242.366
26/08/2021	5.939	9.637	18.170	25.124	358.466
27/08/2021	6.134	10.139	18.179	25.705	206.081
28/08/2021	10.372	10.540	18.015	25.978	176.603
29/08/2021	2.961	11.099	18.205	26.703	180.616
30/08/2021	15.626	10.391	18.879	26.387	359.411
31/08/2021	6.194	7.973	18.539	23.682	509.101
01/09/2021	3.311	9.616	18.468	25.238	259.094
02/09/2021	4.741	12.496	18.298	28.289	302.322
03/09/2021	3.493	11.687	18.243	27.385	210.681
04/09/2021	8.088	11.930	18.212	27.651	240.906
05/09/2021	8.826	10.070	18.477	25.765	220.541
06/09/2021	3.290	8.884	18.702	24.645	230.441
07/09/2021	4.148	10.316	18.381	25.971	228.194
08/09/2021	1.928	9.500	18.612	25.250	214.197
09/09/2021	10.121	10.947	18.528	26.760	207.425
10/09/2021	3.660	11.288	18.533	27.134	176.644
11/09/2021	13.741	9.083	18.906	25.049	212.572
12/09/2021	0.810	9.750	18.839	25.686	197.209
13/09/2021	0.214	12.063	17.157	27.044	173.825
14/09/2021	7.285	9.606	18.599	25.426	151.400
15/09/2021	2.584	10.945	17.108	25.779	155.287
16/09/2021	5.311	11.350	18.294	27.038	197.194
17/09/2021	0.336	12.927	17.561	28.305	132.650
18/09/2021	0.920	11.998	17.962	27.552	132.306
19/09/2021	12.658	11.026	18.028	26.500	263.572
20/09/2021	0.134	10.104	18.443	25.817	148.841
21/09/2021	4.776	9.922	18.564	25.688	174.412
22/09/2021	6.261	9.931	18.516	25.666	216.575
23/09/2021	13.722	9.506	18.616	25.285	238.741
24/09/2021	0.469	9.772	19.134	25.988	169.997
25/09/2021	2.130	11.880	19.839	28.783	164.150
26/09/2021	0.000	12.649	18.372	28.616	127.850
27/09/2021	1.114	13.750	16.910	28.910	115.556
28/09/2021	15.851	9.484	19.400	25.924	124.756
29/09/2021	2.441	9.797	18.438	25.576	148.806
30/09/2021	18.946	6.476	19.254	22.812	397.506
01/10/2021	0.079	10.418	17.750	25.715	237.609
02/10/2021	3.367	12.121	17.327	27.385	180.466
03/10/2021	9.852	12.188	17.686	27.738	196.872
04/10/2021	25.737	10.518	19.141	26.952	281.762
05/10/2021	11.767	10.802	19.147	27.233	318.892
06/10/2021	13.579	10.069	18.932	26.273	204.248
07/10/2021	0.349	10.554	18.785	26.756	179.150
08/10/2021	33.463	10.322	18.798	26.517	240.313
09/10/2021	11.540	9.790	18.349	25.577	242.081
10/10/2021	10.510	9.409	18.532	25.352	504.319
11/10/2021	8.550	7.948	18.922	24.083	262.500
12/10/2021	0.000	10.418	19.138	26.933	268.694
13/10/2021	11.004	11.057	18.640	27.291	266.209
14/10/2021	4.238	10.523	18.461	26.590	237.172
15/10/2021	21.859	10.992	18.629	27.273	435.659
16/10/2021	3.683	7.953	19.525	24.651	220.403
17/10/2021	13.035	8.973	18.051	24.631	244.638
23/10/2021	2.687	8.672	18.289	24.567	222.337
24/10/2021	20.418	10.661	17.515	26.240	256.063
25/10/2021	6.584	9.178	18.573	25.318	224.172
26/10/2021	4.188	8.533	19.237	25.160	235.756
27/10/2021	37.853	8.380	18.794	24.685	302.487
28/10/2021	4.144	9.842	19.951	27.183	336.419
29/10/2021	49.705	7.798	19.097	24.326	294.466
30/10/2021	3.929	8.925	18.392	25.006	543.656
31/10/2021	8.977	7.447	18.810	23.735	504.912
01/11/2021	20.107	9.769	18.301	25.977	561.311
02/11/2021	4.338	9.283	18.411	25.520	398.375
03/11/2021	10.227	9.029	18.983	25.686	464.516
04/11/2021	13.831	8.479	18.449	24.654	624.859
05/11/2021	0.989	9.785	18.326	26.102	421.750
06/11/2021	0.051	10.450	17.997	26.679	303.022
07/11/2021	3.852	11.283	17.089	27.124	273.769
08/11/2021	7.210	8.563	17.753	24.349	568.884
09/11/2021	22.257	9.140	18.596	25.669	771.763
10/11/2021	2.763	9.546	18.025	25.722	326.844
11/11/2021	0.140	10.081	18.390	26.612	277.750
12/11/2021	0.000	10.292	17.875	26.488	238.797
13/11/2021	0.327	9.272	19.285	26.378	251.006
14/11/2021	2.561	9.148	18.804	25.935	350.756
15/11/2021	13.183	7.382	18.917	24.023	232.959
16/11/2021	1.579	9.903	18.522	26.610	273.628
17/11/2021	0.000	10.124	18.920	27.173	280.051
18/11/2021	0.000	10.215	17.105	26.000	182.175
19/11/2021	0.000	10.484	15.814	25.503	170.627
20/11/2021	5.494	9.358	18.215	25.785	149.179
21/11/2021	14.961	8.654	19.019	25.634	264.073
22/11/2021	4.799	7.878	18.515	24.346	207.171
23/11/2021	2.281	7.993	18.519	24.504	261.228
24/11/2021	35.601	6.992	18.959	23.730	464.053
25/11/2021	19.673	9.035	17.942	25.294	313.076
26/11/2021	18.291	8.448	18.177	24.831	552.900
27/11/2021	1.096	9.958	17.872	26.406	309.939
28/11/2021	7.223	9.925	18.321	26.693	315.803
29/11/2021	3.425	8.900	18.984	25.981	265.712
30/11/2021	40.569	7.892	19.626	25.327	410.651
01/12/2021	3.398	9.708	17.760	26.097	349.609
02/12/2021	0.576	9.626	17.913	26.105	318.589
03/12/2021	6.102	9.474	18.737	26.526	235.775
04/12/2021	32.892	9.542	19.331	27.086	365.085
05/12/2021	1.702	9.362	18.869	26.532	225.119
06/12/2021	7.964	10.222	18.988	27.695	207.952
07/12/2021	0.000	9.921	18.727	27.125	195.588
08/12/2021	0.000	9.567	18.660	26.714	167.921
09/12/2021	0.514	8.783	19.513	26.347	159.037
10/12/2021	4.032	8.332	19.767	26.000	188.654
11/12/2021	20.076	7.393	20.012	25.116	210.120
12/12/2021	12.036	7.948	18.974	24.942	176.568
13/12/2021	0.000	9.172	16.718	24.762	147.748
14/12/2021	0.000	8.895	18.702	25.892	136.221
15/12/2021	0.000	8.464	19.504	25.968	125.619
16/12/2021	0.000	9.159	19.051	26.469	139.800
17/12/2021	0.609	8.273	19.637	25.874	150.681
18/12/2021	15.025	7.602	18.827	24.445	261.774
19/12/2021	0.000	9.458	18.891	26.701	149.578
20/12/2021	0.000	9.770	18.462	26.810	135.640
21/12/2021	0.000	8.178	19.513	25.653	131.467
22/12/2021	0.875	7.717	19.706	25.256	211.298
23/12/2021	0.000	7.089	19.818	24.657	211.692
24/12/2021	0.000	8.483	19.715	26.169	148.421
25/12/2021	0.000	7.948	20.445	26.096	140.573
26/12/2021	0.000	8.863	19.576	26.510	123.942
27/12/2021	2.395	8.581	18.608	25.455	212.506
28/12/2021	1.002	8.018	19.593	25.526	192.244
29/12/2021	12.942	8.421	18.814	25.385	311.228
30/12/2021	6.659	9.629	18.400	26.528	253.181
31/12/2021	0.000	8.921	19.400	26.400	178.304
01/01/2022	4.371	9.486	19.429	27.099	231.738
02/01/2022	2.391	9.322	18.593	26.260	187.141
03/01/2022	8.169	9.834	18.055	26.484	259.270
04/01/2022	0.000	8.876	18.484	25.616	229.689
05/01/2022	0.000	11.123	16.946	27.281	190.981
06/01/2022	1.317	8.113	18.762	24.920	162.558
07/01/2022	6.464	7.240	18.930	24.033	160.067
08/01/2022	0.000	9.280	18.042	25.695	131.512
09/01/2022	0.000	7.995	19.256	25.092	124.037
10/01/2022	1.477	9.607	16.621	25.078	116.610
11/01/2022	0.124	7.925	18.045	24.090	112.106
12/01/2022	0.040	9.233	18.235	25.722	108.225
13/01/2022	0.642	8.375	17.924	24.484	151.613
14/01/2022	1.447	8.566	17.068	24.032	168.664
15/01/2022	0.432	9.161	18.356	25.728	129.240
16/01/2022	0.000	10.558	17.128	26.525	105.809
17/01/2022	0.083	8.717	18.375	25.195	96.963
18/01/2022	0.000	8.458	18.535	24.955	92.992
19/01/2022	0.000	10.943	17.677	27.337	89.619
20/01/2022	0.000	11.641	18.594	28.789	83.981
21/01/2022	0.000	10.016	19.551	27.510	80.009
22/01/2022	12.457	8.553	20.384	26.480	98.231
23/01/2022	4.738	9.290	18.616	25.872	102.110
24/01/2022	0.393	9.132	19.244	26.134	125.094
25/01/2022	10.392	8.317	19.557	25.462	104.279
26/01/2022	3.165	8.626	18.907	25.298	142.406
27/01/2022	0.235	8.234	19.022	24.903	228.137
28/01/2022	0.000	10.182	17.827	26.219	161.692
29/01/2022	0.000	11.748	16.253	27.044	108.009
30/01/2022	0.000	10.065	16.860	25.342	141.207
31/01/2022	0.000	11.323	15.680	26.041	104.344
01/02/2022	0.000	12.687	14.592	27.025	90.131
02/02/2022	0.000	10.567	18.391	26.972	83.725
03/02/2022	0.000	11.329	18.215	27.751	79.411
04/02/2022	5.053	8.643	20.381	26.278	93.339
05/02/2022	6.920	7.935	18.385	23.916	134.380
06/02/2022	0.000	9.210	18.395	25.321	187.987
07/02/2022	1.066	6.288	19.555	23.147	133.726
08/02/2022	11.440	6.087	19.395	22.785	136.727
09/02/2022	0.790	8.452	18.676	24.658	126.242
10/02/2022	10.136	9.910	18.144	25.846	130.027
11/02/2022	1.997	10.013	18.260	26.031	110.237
12/02/2022	0.000	10.875	18.475	27.128	104.498
13/02/2022	0.977	9.736	20.549	27.390	100.198
14/02/2022	12.380	8.410	19.004	24.756	181.226
15/02/2022	2.998	9.515	18.549	25.570	244.669
16/02/2022	0.000	10.438	19.251	27.119	170.795
17/02/2022	0.000	10.234	20.004	27.468	145.308
18/02/2022	8.334	7.063	19.808	23.958	200.724
19/02/2022	14.100	8.630	18.885	24.820	234.384
20/02/2022	0.000	8.855	18.179	24.488	226.153
21/02/2022	0.959	11.039	17.939	26.702	169.109
22/02/2022	8.625	11.454	17.840	27.074	171.875
23/02/2022	4.116	11.030	19.641	27.872	160.863
24/02/2022	4.288	9.984	18.933	26.195	150.688
25/02/2022	1.312	10.239	19.022	26.515	152.453
26/02/2022	0.000	7.349	19.876	24.198	180.016
27/02/2022	0.000	7.612	19.209	23.885	134.344
28/02/2022	39.420	7.541	19.102	23.722	270.572
01/03/2022	0.514	10.175	19.567	26.834	223.378
02/03/2022	19.194	7.089	19.433	23.516	193.369
03/03/2022	2.714	9.168	19.456	25.618	258.794
01/06/2022	4.496	10.437	18.118	26.307	233.950
02/06/2022	26.568	8.679	17.805	24.161	334.544
03/06/2022	3.059	7.369	17.686	22.657	265.750
04/06/2022	1.256	8.193	18.170	23.866	319.766
05/06/2022	15.490	8.716	18.413	24.698	250.084
06/06/2022	12.338	11.006	17.247	26.414	220.169
07/06/2022	35.077	8.493	17.445	23.669	654.208
08/06/2022	8.417	9.326	16.895	24.250	293.405
09/06/2022	5.745	8.595	17.594	23.903	239.238
10/06/2022	2.810	10.478	17.403	25.945	225.953
11/06/2022	10.285	8.117	18.693	24.285	262.978
12/06/2022	4.563	8.696	18.388	24.640	441.713
13/06/2022	2.973	8.573	19.368	25.269	235.234
14/06/2022	6.100	8.365	18.183	24.125	251.313
15/06/2022	2.558	8.744	18.368	24.725	209.031
16/06/2022	4.679	10.540	18.126	26.587	227.478
17/06/2022	6.105	7.452	18.773	23.612	305.841
18/06/2022	4.754	9.750	16.552	24.531	201.016
19/06/2022	12.111	8.963	17.767	24.526	235.750
20/06/2022	32.264	9.088	18.218	24.943	209.531
21/06/2022	4.557	9.509	18.240	25.445	183.250
22/06/2022	1.075	10.365	18.240	26.458	160.500
23/06/2022	19.150	9.447	17.719	25.028	149.937
24/06/2022	2.369	9.771	17.767	25.410	155.950
25/06/2022	5.666	9.463	18.153	25.347	198.331
26/06/2022	10.355	7.622	18.193	23.326	289.669
27/06/2022	2.975	8.220	18.410	24.157	281.500
28/06/2022	8.298	9.575	17.731	25.135	295.016
29/06/2022	3.814	9.005	18.103	24.807	316.766
30/06/2022	13.786	9.325	18.856	25.719	208.335
01/07/2022	6.540	9.669	18.315	25.699	263.062
02/07/2022	4.686	9.077	18.815	25.420	221.705
03/07/2022	2.031	10.170	18.948	26.738	274.531
04/07/2022	3.237	8.868	19.433	25.645	167.108
05/07/2022	1.803	9.481	18.996	26.004	160.658
06/07/2022	0.000	9.709	18.648	25.983	147.242
07/07/2022	7.265	11.572	17.353	27.221	162.471
08/07/2022	5.323	8.074	19.549	24.878	151.810
09/07/2022	0.161	10.014	18.898	26.490	126.098
10/07/2022	2.083	9.762	19.355	26.515	132.621
11/07/2022	21.762	7.923	18.670	24.000	195.979
12/07/2022	0.000	10.369	17.945	26.189	184.052
13/07/2022	7.766	9.606	19.142	26.201	186.623
14/07/2022	1.117	10.947	17.978	26.860	237.127
15/07/2022	1.118	9.922	18.363	25.942	139.731
16/07/2022	1.677	9.972	17.997	25.749	136.667
17/07/2022	2.012	9.866	18.943	26.298	115.185
18/07/2022	4.415	8.363	19.196	24.850	157.181
19/07/2022	0.480	9.745	19.154	26.292	138.588
20/07/2022	1.655	10.002	19.054	26.485	202.863
21/07/2022	11.122	8.779	19.683	25.644	216.751
22/07/2022	2.622	9.997	18.438	26.000	130.635
23/07/2022	14.552	9.780	17.894	25.397	211.552
24/07/2022	6.909	10.231	18.376	26.237	177.488
25/07/2022	16.289	8.682	18.429	24.525	179.213
26/07/2022	6.631	7.242	19.195	23.660	181.944
27/07/2022	0.910	9.360	18.440	25.308	190.233
28/07/2022	18.330	9.629	18.211	25.366	459.060
29/07/2022	7.385	10.626	18.128	26.401	287.174
30/07/2022	8.554	11.128	18.805	27.464	237.219
31/07/2022	18.136	10.311	18.730	26.493	214.823
01/08/2022	21.517	9.746	18.725	25.843	223.960
02/08/2022	19.165	8.879	18.603	24.788	340.731
03/08/2022	1.850	9.615	18.282	25.378	238.653
04/08/2022	2.029	9.509	18.544	25.433	158.983
05/08/2022	14.255	9.243	18.346	24.987	203.831
06/08/2022	5.468	9.291	17.791	24.589	299.308
07/08/2022	0.062	9.894	18.273	25.629	175.760
08/08/2022	0.127	12.655	16.770	27.778	157.304
09/08/2022	2.776	8.954	18.833	25.020	136.863
10/08/2022	1.599	10.031	18.802	26.112	133.467
11/08/2022	1.521	10.420	18.753	26.533	133.240
12/08/2022	6.863	10.881	17.969	26.455	189.579
13/08/2022	4.506	8.567	18.459	24.260	216.025
14/08/2022	13.729	9.271	18.956	25.388	156.892
15/08/2022	2.884	9.977	18.330	25.666	154.938
16/08/2022	8.371	9.249	17.656	24.419	175.927
17/08/2022	2.205	11.767	17.724	27.180	134.483
18/08/2022	2.095	12.063	18.888	28.394	130.544
19/08/2022	0.867	11.566	19.167	28.049	109.135
20/08/2022	20.740	10.486	18.346	26.176	108.225
21/08/2022	6.929	8.489	19.417	24.855	119.585
22/08/2022	6.774	9.034	18.615	24.818	174.042
23/08/2022	4.462	10.379	17.703	25.594	173.321
24/08/2022	0.020	11.279	17.933	26.743	110.812
25/08/2022	0.326	10.629	18.176	26.198	128.387
26/08/2022	5.145	9.285	17.939	24.568	137.037
27/08/2022	6.019	10.618	17.859	25.922	219.069
28/08/2022	37.028	9.469	18.423	25.070	259.250
29/08/2022	4.791	8.919	18.371	24.467	333.313
30/08/2022	3.378	11.548	17.215	26.485	255.250
31/08/2022	6.175	9.881	18.974	25.914	225.775
01/09/2022	5.426	9.984	18.645	25.782	236.522
02/09/2022	5.004	9.672	18.281	25.170	318.778
03/09/2022	10.464	10.838	19.221	27.126	265.938
04/09/2022	14.349	8.967	19.196	25.115	198.241
05/09/2022	0.000	10.852	17.821	26.112	162.840
06/09/2022	3.285	9.744	19.424	26.121	150.360
07/09/2022	0.093	11.091	18.773	27.100	156.165
08/09/2022	19.245	10.791	18.424	26.522	188.388
09/09/2022	2.972	10.362	17.025	25.020	136.462
10/09/2022	0.908	11.400	18.064	26.882	230.575
11/09/2022	28.991	10.969	18.930	27.048	183.563
12/09/2022	6.810	9.491	17.895	24.731	174.937
13/09/2022	5.032	11.073	17.972	26.455	237.063
14/09/2022	12.829	10.470	17.631	25.583	203.854
15/09/2022	5.409	11.375	18.637	27.327	141.625
16/09/2022	29.705	9.333	19.028	25.394	158.596
17/09/2022	9.454	10.985	18.571	26.846	262.431
18/09/2022	1.387	10.916	17.943	26.305	379.359
19/09/2022	7.471	9.010	17.876	24.198	381.684
20/09/2022	4.998	10.149	18.064	25.531	207.650
21/09/2022	11.224	9.930	17.783	25.093	195.344
22/09/2022	17.146	8.361	18.256	23.842	253.094
23/09/2022	6.343	11.240	17.374	26.278	232.453
24/09/2022	10.568	10.058	18.299	25.651	304.141
25/09/2022	23.436	10.544	17.798	25.821	331.250
26/09/2022	2.662	12.192	18.211	27.983	208.115
27/09/2022	2.869	11.878	16.828	26.658	174.859
28/09/2022	7.001	8.812	17.978	24.124	653.349
29/09/2022	17.025	9.373	18.984	25.458	774.104
30/09/2022	22.220	8.313	18.914	24.336	317.875
01/10/2022	29.401	10.077	18.773	26.100	588.238
02/10/2022	3.682	10.260	18.464	26.083	347.397
03/10/2022	3.983	11.243	18.594	27.282	250.544
04/10/2022	11.915	10.803	18.517	26.782	157.819
05/10/2022	27.082	8.242	18.535	24.004	227.719
06/10/2022	11.556	9.745	17.827	25.090	246.344
07/10/2022	5.756	10.079	18.449	25.924	239.497
08/10/2022	15.400	9.374	18.299	25.067	220.128
09/10/2022	22.047	8.374	18.545	24.214	230.378
10/10/2022	9.726	11.994	17.376	27.424	277.328
11/10/2022	2.019	10.020	18.253	25.817	249.891
12/10/2022	13.773	9.833	18.119	25.544	404.519
13/10/2022	46.378	9.035	18.205	24.708	650.488
14/10/2022	4.091	8.688	18.374	24.471	343.178
15/10/2022	4.525	9.040	18.972	25.356	302.178
16/10/2022	7.419	10.342	18.435	26.365	225.694
17/10/2022	22.804	9.330	18.516	25.337	201.134
18/10/2022	31.265	7.909	18.416	23.730	239.256
19/10/2022	0.438	9.217	17.853	24.757	232.919
20/10/2022	27.479	7.126	18.525	23.015	316.453
21/10/2022	0.657	9.843	17.539	25.238	267.938
22/10/2022	4.693	9.005	18.379	24.967	260.906
23/10/2022	26.846	7.942	19.188	24.496	388.094
24/10/2022	27.662	9.714	17.961	25.509	366.281
25/10/2022	69.398	10.375	17.670	26.057	840.044
26/10/2022	107.421	7.622	19.578	24.475	848.475
27/10/2022	45.786	7.658	19.461	24.417	702.891
28/10/2022	0.941	7.222	19.092	23.719	463.950
29/10/2022	2.566	7.354	18.794	23.608	355.266
30/10/2022	1.991	9.689	18.031	25.626	489.539
31/10/2022	0.000	11.332	16.815	26.717	344.605
01/11/2022	0.000	11.732	17.281	27.523	272.094
02/11/2022	11.372	8.895	19.103	25.594	269.556
03/11/2022	13.985	9.917	19.246	26.872	269.050
04/11/2022	10.715	8.993	19.167	25.827	225.062
05/11/2022	22.691	6.842	19.812	24.060	312.497
06/11/2022	35.667	9.076	18.570	25.458	593.547
07/11/2022	6.821	9.576	19.137	26.500	374.969
08/11/2022	16.779	8.465	18.610	24.846	464.756
09/11/2022	9.365	9.155	17.547	24.881	324.531
10/11/2022	5.097	8.161	18.773	24.647	373.344
11/11/2022	9.476	8.042	18.218	24.113	358.438
12/11/2022	2.720	8.084	18.257	24.198	388.031
13/11/2022	27.903	8.972	17.942	25.044	1001.075
14/11/2022	3.300	8.172	19.493	25.311	590.188
15/11/2022	5.635	8.532	19.333	25.641	347.431
16/11/2022	11.203	9.773	18.483	26.404	656.445
17/11/2022	26.645	10.227	18.170	26.731	423.036
18/11/2022	36.796	6.852	19.372	23.842	607.733
19/11/2022	6.465	9.271	19.318	26.487	383.030
20/11/2022	9.436	9.693	19.648	27.244	371.791
21/11/2022	35.337	8.044	19.823	25.510	678.353
22/11/2022	0.323	8.546	19.544	25.866	371.744
23/11/2022	0.000	10.005	17.558	26.163	403.345
24/11/2022	0.000	9.651	17.449	25.696	377.192
25/11/2022	3.290	8.452	18.158	24.783	360.828
26/11/2022	28.118	6.095	19.019	22.831	520.428
27/11/2022	2.876	7.872	18.154	24.078	386.836
28/11/2022	12.405	8.541	18.469	25.147	417.358
29/11/2022	16.148	7.892	18.773	24.619	534.138
30/11/2022	20.978	7.883	18.656	24.531	384.688
01/12/2022	0.000	8.557	18.772	25.413	329.816
02/12/2022	0.000	10.035	17.599	26.368	287.437
03/12/2022	0.000	10.915	16.116	26.433	306.328
04/12/2022	0.000	8.345	18.272	24.826	242.387
05/12/2022	10.109	7.637	18.631	24.273	309.256
06/12/2022	0.000	8.285	18.350	24.834	273.584
07/12/2022	0.000	8.204	18.007	24.461	245.988
08/12/2022	0.000	8.603	18.308	25.179	318.666
09/12/2022	0.000	8.925	18.297	25.571	269.306
10/12/2022	0.000	8.327	18.212	24.828	237.616
11/12/2022	8.762	9.133	18.439	25.933	253.097
12/12/2022	16.885	9.888	17.145	25.961	399.909
13/12/2022	1.820	8.998	17.183	24.872	320.541
14/12/2022	4.243	9.545	18.087	26.246	268.294
15/12/2022	1.896	10.461	18.182	27.472	229.741
16/12/2022	0.029	10.710	17.994	27.683	193.941
17/12/2022	0.693	10.256	17.869	27.012	215.887
18/12/2022	15.264	9.099	17.119	24.996	333.972
19/12/2022	0.000	10.253	17.477	26.669	223.981
20/12/2022	0.000	11.187	17.142	27.676	168.778
21/12/2022	0.016	9.865	18.135	26.688	180.706
22/12/2022	1.180	10.536	18.214	27.545	163.513
23/12/2022	1.682	10.591	17.997	27.464	148.869
24/12/2022	6.127	10.148	18.000	26.932	163.169
25/12/2022	0.056	10.292	18.132	27.166	153.788
26/12/2022	0.000	10.353	17.900	27.062	161.381
27/12/2022	0.861	10.010	18.422	27.029	165.212
28/12/2022	12.265	9.445	18.291	26.208	219.531
29/12/2022	0.000	8.957	18.689	25.887	171.138
30/12/2022	0.611	10.682	17.398	27.092	178.000
31/12/2022	14.005	8.090	19.516	25.477	193.309
