Fecha	Precipitacion	ETP_	Temperatura_minima	Temperatura_maxima	Caudal
01/01/1981	13.444	6.985	7.116	14.536	22.490
02/01/1981	0.221	7.602	5.741	14.518	18.640
03/01/1981	0.000	7.827	5.455	14.688	16.810
04/01/1981	0.000	7.383	6.366	14.571	14.030
05/01/1981	0.000	7.500	6.571	14.866	12.650
06/01/1981	2.615	6.999	6.580	14.116	11.750
07/01/1981	0.000	6.824	6.527	13.804	12.060
08/01/1981	22.951	5.525	6.348	11.804	12.160
09/01/1981	1.392	5.444	7.518	12.527	13.210
10/01/1981	0.000	8.272	5.214	15.080	12.270
11/01/1981	8.186	7.591	5.241	14.071	13.080
12/01/1981	0.000	6.919	6.536	13.911	12.270
13/01/1981	14.337	7.990	6.402	15.375	14.340
14/01/1981	0.000	7.267	5.661	13.839	12.900
15/01/1981	0.000	7.717	6.429	14.973	11.070
16/01/1981	0.000	8.219	4.545	14.500	10.170
17/01/1981	0.000	9.226	4.205	15.804	9.720
18/01/1981	0.000	8.984	5.161	15.991	9.480
19/01/1981	0.000	9.447	4.670	16.348	9.250
20/01/1981	0.000	8.915	4.946	15.696	8.900
21/01/1981	0.000	8.702	4.545	15.134	8.750
22/01/1981	2.404	8.698	4.661	15.179	8.600
23/01/1981	4.113	8.832	5.634	15.946	8.450
24/01/1981	0.000	9.161	4.143	15.518	8.300
25/01/1981	0.000	8.067	4.902	14.375	8.150
26/01/1981	0.000	7.920	4.545	13.875	8.000
27/01/1981	0.000	7.725	5.955	14.455	8.270
28/01/1981	0.000	8.029	6.384	15.152	8.150
29/01/1981	0.000	7.590	6.946	14.893	8.240
30/01/1981	0.000	8.082	5.732	14.786	8.370
31/01/1981	16.383	6.349	7.589	13.580	8.300
01/02/1981	19.348	6.121	7.223	12.991	8.460
02/02/1981	0.000	8.734	5.812	15.705	8.140
03/02/1981	0.484	6.366	6.884	13.062	8.050
04/02/1981	0.000	7.034	6.330	13.607	8.450
05/02/1981	0.000	6.906	6.214	13.312	8.510
06/02/1981	1.761	6.822	6.920	13.661	8.300
07/02/1981	0.000	8.437	4.393	14.286	7.780
08/02/1981	0.000	8.663	5.286	15.161	9.350
09/02/1981	5.694	7.855	6.759	14.964	8.490
10/02/1981	0.000	8.677	5.938	15.545	8.490
11/02/1981	0.000	7.376	7.134	14.500	8.000
12/02/1981	34.833	5.486	6.884	11.732	8.420
13/02/1981	0.000	8.036	6.312	14.857	8.510
14/02/1981	4.867	6.064	7.688	13.107	13.900
15/02/1981	0.000	7.408	7.759	14.929	20.110
16/02/1981	3.718	6.539	8.134	14.045	14.730
17/02/1981	6.860	6.204	6.830	12.652	23.820
18/02/1981	0.000	6.626	7.741	13.804	22.440
19/02/1981	24.772	6.775	7.446	13.795	16.010
20/02/1981	0.168	6.973	7.661	14.232	18.990
21/02/1981	0.607	8.196	6.562	15.116	23.770
22/02/1981	11.171	7.177	7.938	14.661	24.830
23/02/1981	0.973	6.750	8.036	14.196	26.570
24/02/1981	19.914	7.370	7.991	14.938	40.550
25/02/1981	0.000	8.229	6.446	15.054	56.050
26/02/1981	0.000	6.218	8.732	13.955	51.570
27/02/1981	3.472	7.768	7.554	15.116	25.170
28/02/1981	0.000	7.557	8.607	15.580	23.760
01/03/1981	0.000	7.755	8.955	16.045	28.520
02/03/1981	28.165	6.481	8.643	14.179	20.970
03/03/1981	0.000	8.380	8.000	16.196	20.650
04/03/1981	0.000	8.840	7.723	16.589	15.750
05/03/1981	0.000	8.749	8.125	16.750	17.500
06/03/1981	7.839	5.363	8.455	12.616	20.370
07/03/1981	5.171	8.323	8.286	16.295	32.290
08/03/1981	1.170	6.988	7.920	14.268	40.550
09/03/1981	14.574	6.804	8.250	14.259	43.830
10/03/1981	11.262	7.283	8.393	14.982	38.130
11/03/1981	4.916	7.077	8.009	14.411	16.500
12/03/1981	8.869	6.640	7.830	13.723	18.500
13/03/1981	0.000	7.024	8.393	14.616	16.500
14/03/1981	0.262	6.931	8.491	14.554	17.500
15/03/1981	4.789	8.333	7.330	15.580	20.100
16/03/1981	0.000	8.536	8.536	16.670	21.470
17/03/1981	0.000	7.459	8.000	14.884	17.750
18/03/1981	0.000	8.476	7.411	15.821	18.750
19/03/1981	0.000	7.728	5.625	13.652	18.750
20/03/1981	5.095	8.188	8.259	16.009	19.820
21/03/1981	0.000	8.875	7.098	16.143	17.750
22/03/1981	0.697	7.789	7.241	14.777	16.500
23/03/1981	14.334	8.636	6.000	15.098	16.250
24/03/1981	0.000	8.010	7.170	15.036	15.250
25/03/1981	0.000	9.805	4.277	15.643	16.250
26/03/1981	2.857	6.745	7.384	13.509	15.750
27/03/1981	4.931	7.475	6.777	14.054	16.000
28/03/1981	0.000	7.777	6.464	14.241	16.500
29/03/1981	9.094	7.940	6.411	14.446	14.250
30/03/1981	3.117	8.335	6.688	15.170	14.270
31/03/1981	0.000	7.723	6.866	14.455	14.050
01/04/1981	4.038	8.633	5.964	15.107	12.870
02/04/1981	1.620	7.734	5.991	13.893	16.250
03/04/1981	27.993	8.126	7.616	15.545	16.250
04/04/1981	0.000	8.582	7.786	16.304	16.250
05/04/1981	4.248	5.336	7.661	11.955	16.000
06/04/1981	2.668	6.714	7.795	13.830	13.550
07/04/1981	2.548	7.129	7.616	14.241	36.310
08/04/1981	14.337	6.258	7.938	13.348	30.190
09/04/1981	11.851	7.612	8.286	15.357	47.600
10/04/1981	0.000	7.588	8.295	15.348	29.520
11/04/1981	2.948	6.338	9.116	14.366	18.470
12/04/1981	28.066	4.817	8.250	11.812	28.880
13/04/1981	4.282	7.129	7.768	14.411	34.390
14/04/1981	2.480	7.683	7.304	14.804	48.030
15/04/1981	0.670	6.351	7.625	13.295	41.680
16/04/1981	10.602	5.617	8.170	12.768	43.360
17/04/1981	11.202	5.888	7.938	12.955	42.060
18/04/1981	10.456	7.027	7.080	13.821	41.470
19/04/1981	24.323	5.878	7.705	12.786	47.130
20/04/1981	9.765	7.590	7.143	14.688	37.550
21/04/1981	0.000	8.138	6.580	15.054	30.730
22/04/1981	0.000	7.808	6.089	14.304	38.060
23/04/1981	0.000	8.395	7.812	16.250	43.310
24/04/1981	0.000	6.782	8.348	14.482	42.110
25/04/1981	41.734	8.668	7.973	16.759	33.590
26/04/1981	0.000	7.051	8.107	14.679	25.120
27/04/1981	6.134	5.969	8.348	13.509	23.840
28/04/1981	0.000	6.167	7.723	13.277	31.560
29/04/1981	6.321	6.491	8.259	14.134	25.500
30/04/1981	7.468	9.117	6.071	16.277	42.180
01/05/1981	0.000	7.208	6.848	14.080	48.820
02/05/1981	1.302	8.053	6.964	15.375	39.950
03/05/1981	4.946	7.401	7.304	14.705	40.350
04/05/1981	33.458	5.878	8.250	13.348	56.390
05/05/1981	16.267	6.050	7.804	13.250	45.470
06/05/1981	18.198	4.918	7.500	11.536	61.280
07/05/1981	2.442	8.203	7.625	16.071	38.440
08/05/1981	25.617	5.373	6.089	11.098	62.870
09/05/1981	2.149	6.429	6.286	12.732	49.960
10/05/1981	6.511	7.149	6.321	13.786	53.710
11/05/1981	1.160	7.984	6.554	15.125	46.000
12/05/1981	8.897	6.705	8.009	14.366	48.530
13/05/1981	5.872	7.864	7.929	15.929	45.740
14/05/1981	19.427	6.090	8.920	14.232	37.610
15/05/1981	2.234	6.923	8.464	15.045	35.780
16/05/1981	18.991	4.831	8.384	12.241	46.130
17/05/1981	5.487	7.002	8.268	15.054	38.980
18/05/1981	0.000	5.745	8.786	13.750	41.250
19/05/1981	0.000	6.076	8.589	14.045	39.890
20/05/1981	0.000	7.296	8.366	15.554	31.860
21/05/1981	0.000	5.959	9.571	14.661	27.850
22/05/1981	3.932	7.648	8.688	16.286	27.800
23/05/1981	11.191	5.516	8.670	13.393	37.370
24/05/1981	0.141	6.296	8.482	14.304	52.100
25/05/1981	18.289	5.918	8.384	13.750	41.500
26/05/1981	9.497	5.961	8.214	13.679	59.240
27/05/1981	13.648	5.408	8.259	12.973	48.720
28/05/1981	0.000	6.874	8.750	15.357	41.340
29/05/1981	13.128	5.911	8.518	13.848	35.960
30/05/1981	0.000	6.574	7.536	14.080	38.000
31/05/1981	8.361	7.317	7.420	15.098	40.470
01/06/1981	0.000	7.516	7.911	15.696	33.690
02/06/1981	4.643	7.183	7.696	15.098	35.300
03/06/1981	0.000	8.457	6.009	15.839	27.770
04/06/1981	0.000	7.669	7.312	15.527	23.690
05/06/1981	0.000	8.029	8.759	17.036	21.470
06/06/1981	0.000	5.525	9.295	13.982	20.100
07/06/1981	4.054	6.347	8.554	14.562	20.490
08/06/1981	0.000	5.503	9.036	13.786	21.670
09/06/1981	3.000	4.968	8.804	12.920	28.960
10/06/1981	0.000	6.206	7.929	13.938	32.940
11/06/1981	0.000	5.646	8.732	13.795	41.620
12/06/1981	0.000	5.441	8.312	13.179	47.390
13/06/1981	0.000	5.205	8.616	13.089	38.280
14/06/1981	0.000	6.158	8.143	14.054	36.100
15/06/1981	0.000	6.274	8.268	14.304	35.870
16/06/1981	0.938	6.198	8.134	14.080	40.420
17/06/1981	4.680	6.858	8.348	15.170	38.870
18/06/1981	0.682	4.428	8.723	12.179	35.170
19/06/1981	0.000	6.520	7.688	14.232	36.080
20/06/1981	49.835	6.298	8.223	14.330	51.610
21/06/1981	0.000	7.197	7.402	15.009	31.650
22/06/1981	4.243	6.367	8.196	14.384	39.730
23/06/1981	8.618	6.430	8.134	14.438	35.580
24/06/1981	11.078	5.255	7.482	12.304	37.400
25/06/1981	1.528	6.134	7.464	13.527	35.580
26/06/1981	3.325	6.908	7.009	14.348	35.940
27/06/1981	0.000	6.796	6.518	13.821	26.840
28/06/1981	0.000	6.117	8.161	14.009	38.130
29/06/1981	0.000	6.097	7.866	13.759	35.940
30/06/1981	25.985	5.393	8.062	12.955	42.190
01/07/1981	23.386	6.583	7.634	14.286	44.650
02/07/1981	27.489	7.346	7.223	15.089	36.310
03/07/1981	13.198	6.641	7.312	14.134	35.210
04/07/1981	0.000	5.914	7.991	13.580	47.100
05/07/1981	0.000	7.101	7.250	14.750	51.200
06/07/1981	0.000	5.425	7.830	12.768	38.160
07/07/1981	0.000	5.842	8.125	13.554	45.160
08/07/1981	0.000	7.009	7.688	14.893	51.960
09/07/1981	0.000	5.927	7.580	13.259	50.440
10/07/1981	0.000	5.712	7.857	13.170	44.750
11/07/1981	0.000	6.997	8.018	15.080	47.090
12/07/1981	0.000	6.100	7.571	13.491	62.700
13/07/1981	0.000	6.271	7.250	13.482	40.630
14/07/1981	0.000	7.342	5.536	13.866	32.040
15/07/1981	0.672	6.713	7.027	13.955	49.120
16/07/1981	0.000	7.543	6.268	14.616	43.230
17/07/1981	0.483	6.079	6.000	12.286	38.080
18/07/1981	0.000	6.319	7.571	13.732	42.620
19/07/1981	0.000	6.935	7.839	14.795	49.700
20/07/1981	0.000	6.181	6.509	12.795	41.690
21/07/1981	0.000	7.491	6.071	14.339	34.200
22/07/1981	0.000	8.548	4.223	14.723	28.620
23/07/1981	0.000	7.630	5.357	14.045	25.260
24/07/1981	0.000	7.384	4.384	13.054	23.120
25/07/1981	0.000	7.721	4.330	13.509	21.200
26/07/1981	0.000	7.569	4.580	13.429	20.370
27/07/1981	0.000	7.776	5.036	14.018	19.270
28/07/1981	0.000	6.833	5.420	12.848	19.000
29/07/1981	0.000	8.147	5.125	14.571	19.000
30/07/1981	0.000	7.702	6.152	14.571	19.600
31/07/1981	0.000	8.276	5.446	14.946	21.810
01/08/1981	0.000	6.997	7.723	14.634	26.570
02/08/1981	0.000	6.873	7.152	14.036	28.960
03/08/1981	0.000	7.775	8.071	15.911	26.540
04/08/1981	0.000	8.421	7.027	16.098	23.120
05/08/1981	0.000	8.566	7.036	16.286	20.920
06/08/1981	0.000	9.816	7.036	18.009	19.280
07/08/1981	0.461	7.691	6.170	14.455	18.250
08/08/1981	5.085	8.813	7.411	16.839	18.680
09/08/1981	8.929	7.244	8.464	15.393	32.580
10/08/1981	0.000	8.252	6.277	15.259	30.650
11/08/1981	2.247	8.177	6.107	15.027	22.300
12/08/1981	9.846	6.037	7.393	12.920	29.620
13/08/1981	1.687	5.275	7.634	12.080	46.780
14/08/1981	6.153	7.857	6.714	14.929	28.010
15/08/1981	0.000	7.937	6.366	14.786	22.570
16/08/1981	0.000	7.486	7.268	14.768	20.920
17/08/1981	5.915	8.423	6.821	15.759	23.380
18/08/1981	10.507	8.158	6.125	14.911	22.990
19/08/1981	0.000	7.283	7.089	14.339	22.090
20/08/1981	0.000	8.500	5.598	15.027	21.110
21/08/1981	0.000	8.938	4.402	14.875	18.760
22/08/1981	0.000	7.782	5.232	13.714	20.210
23/08/1981	0.000	7.350	7.714	14.804	20.160
24/08/1981	22.650	8.235	7.304	15.732	24.490
25/08/1981	29.666	6.069	7.009	12.580	34.170
26/08/1981	0.000	8.101	6.259	14.812	33.200
27/08/1981	0.000	6.598	7.071	13.295	28.530
28/08/1981	0.000	8.508	5.304	14.741	27.240
29/08/1981	14.048	9.567	4.714	15.857	26.020
30/08/1981	10.696	7.556	6.768	14.420	35.910
31/08/1981	7.117	4.296	6.857	10.125	35.890
01/09/1981	0.000	5.319	6.812	11.357	34.960
02/09/1981	0.000	7.234	6.116	13.455	24.920
03/09/1981	2.629	7.521	5.902	13.688	21.200
04/09/1981	5.258	7.943	6.473	14.661	19.550
05/09/1981	0.729	6.926	6.339	13.152	18.760
06/09/1981	0.000	6.507	7.991	13.759	18.250
07/09/1981	0.000	7.529	7.134	14.509	22.430
08/09/1981	0.000	8.714	6.571	15.741	27.690
09/09/1981	0.000	9.127	5.946	15.902	33.760
10/09/1981	0.000	8.324	5.759	14.670	26.640
11/09/1981	0.000	7.629	6.714	14.348	38.440
12/09/1981	16.074	8.513	4.625	14.188	41.160
13/09/1981	1.870	8.232	5.205	14.161	29.260
14/09/1981	0.000	7.210	6.696	13.750	28.300
15/09/1981	30.943	7.433	7.018	14.277	56.070
16/09/1981	0.000	7.449	6.786	14.143	44.180
17/09/1981	0.000	8.001	5.446	14.009	27.100
18/09/1981	0.000	8.633	5.580	14.938	23.400
19/09/1981	0.000	6.536	5.982	12.348	24.070
20/09/1981	0.000	8.926	5.688	15.438	42.590
21/09/1981	1.286	7.644	7.098	14.607	42.760
22/09/1981	0.000	7.877	6.312	14.384	26.800
23/09/1981	0.000	8.814	4.920	14.795	21.750
24/09/1981	0.000	7.785	6.286	14.241	19.820
25/09/1981	0.000	7.658	7.098	14.616	20.020
26/09/1981	0.000	9.240	5.946	16.027	20.350
27/09/1981	0.000	9.341	5.589	15.946	18.760
28/09/1981	0.000	9.354	6.732	16.679	17.510
29/09/1981	0.000	9.323	8.116	17.527	22.480
30/09/1981	0.000	8.578	7.080	15.866	16.250
01/10/1981	9.219	7.574	7.545	14.857	15.750
02/10/1981	0.000	8.483	7.134	15.759	15.640
03/10/1981	5.909	8.202	6.554	15.018	14.920
04/10/1981	8.294	7.956	7.071	15.054	17.920
05/10/1981	0.000	8.622	7.027	15.929	17.840
06/10/1981	8.582	8.284	7.429	15.741	23.040
07/10/1981	19.358	9.841	7.589	17.991	37.600
08/10/1981	2.376	6.595	7.241	13.339	33.960
09/10/1981	0.000	6.032	8.170	13.339	31.880
10/10/1981	15.497	6.397	7.732	13.464	47.950
11/10/1981	3.487	7.285	7.580	14.580	30.100
12/10/1981	6.575	6.997	7.527	14.152	38.260
13/10/1981	8.685	8.211	5.107	14.232	30.620
14/10/1981	21.051	8.076	5.446	14.295	40.980
15/10/1981	22.829	7.278	8.179	15.018	42.740
16/10/1981	0.000	6.935	8.143	14.562	38.840
17/10/1981	0.000	7.189	7.759	14.625	44.310
18/10/1981	0.000	5.954	7.812	13.018	44.190
19/10/1981	0.000	7.710	6.982	14.812	35.140
20/10/1981	0.000	7.381	7.768	14.929	25.570
21/10/1981	0.000	8.861	6.438	16.089	21.200
22/10/1981	6.637	7.429	6.545	14.161	20.960
23/10/1981	9.178	6.273	7.491	13.259	23.310
24/10/1981	1.364	6.151	7.705	13.277	40.100
25/10/1981	5.172	7.788	7.768	15.562	37.300
26/10/1981	0.000	6.005	7.920	13.241	25.070
27/10/1981	0.000	6.685	7.804	14.098	25.380
28/10/1981	0.500	6.302	8.384	14.045	28.920
29/10/1981	0.000	8.561	7.536	16.527	25.230
30/10/1981	34.912	5.586	7.714	12.616	23.500
31/10/1981	11.551	6.196	7.562	13.330	26.750
01/11/1981	19.644	5.690	7.348	12.482	27.610
02/11/1981	0.000	9.311	4.839	15.973	22.300
03/11/1981	0.000	9.152	5.214	15.973	19.480
04/11/1981	0.000	8.593	5.893	15.634	18.760
05/11/1981	10.312	7.980	7.125	15.562	30.370
06/11/1981	4.913	7.964	7.571	15.839	25.540
07/11/1981	8.735	7.160	6.455	13.991	21.270
08/11/1981	13.252	7.565	7.357	15.196	28.850
09/11/1981	4.026	7.122	7.375	14.598	30.930
10/11/1981	4.122	7.011	7.938	14.821	25.620
11/11/1981	0.000	6.838	8.232	14.812	21.800
12/11/1981	15.868	5.588	8.393	13.259	22.190
13/11/1981	12.838	6.025	8.795	14.152	20.330
14/11/1981	16.426	5.789	8.009	13.250	34.060
15/11/1981	0.000	7.747	7.946	15.920	24.960
16/11/1981	23.383	7.384	7.670	15.277	29.680
17/11/1981	5.357	6.015	7.839	13.473	22.850
18/11/1981	0.966	5.869	6.625	12.375	20.990
19/11/1981	1.255	5.864	7.982	13.375	20.650
20/11/1981	14.543	5.834	7.661	13.107	19.270
21/11/1981	17.369	5.865	7.384	12.982	28.400
22/11/1981	0.000	6.558	7.634	14.143	31.330
23/11/1981	0.000	7.172	6.920	14.554	36.680
24/11/1981	8.975	7.772	6.786	15.357	34.420
25/11/1981	11.274	6.417	8.098	14.312	30.560
26/11/1981	0.000	8.144	7.509	16.375	24.280
27/11/1981	0.000	6.042	7.741	13.545	22.240
28/11/1981	5.981	6.606	7.420	14.116	30.940
29/11/1981	2.141	6.720	6.616	13.741	32.530
30/11/1981	21.837	6.819	7.250	14.348	34.660
01/12/1981	3.429	7.839	6.625	15.429	29.160
02/12/1981	7.112	6.501	6.812	13.571	26.550
03/12/1981	3.767	6.842	7.786	14.759	25.740
04/12/1981	8.058	7.770	6.036	14.929	21.730
05/12/1981	6.994	5.623	8.446	13.562	20.340
06/12/1981	7.434	5.176	7.589	12.268	31.750
07/12/1981	3.617	6.165	7.982	13.982	26.010
08/12/1981	0.000	6.057	8.911	14.527	30.100
09/12/1981	3.605	6.432	7.366	13.902	24.850
10/12/1981	5.472	6.017	7.911	13.705	20.920
11/12/1981	0.000	5.698	7.812	13.205	19.820
12/12/1981	0.000	7.934	7.500	16.232	20.620
13/12/1981	0.898	6.416	7.777	14.188	19.550
14/12/1981	0.000	5.689	7.536	12.973	20.900
15/12/1981	0.000	7.648	6.696	15.250	19.170
16/12/1981	0.608	7.589	6.339	14.938	16.670
17/12/1981	0.000	7.550	7.375	15.562	15.000
18/12/1981	0.000	6.954	6.652	14.214	14.250
19/12/1981	0.000	6.899	6.848	14.250	13.320
20/12/1981	15.385	6.676	7.509	14.357	12.870
21/12/1981	2.689	5.984	7.938	13.741	12.490
22/12/1981	0.000	6.245	7.839	13.991	13.820
23/12/1981	0.000	6.671	7.062	14.071	13.620
24/12/1981	0.000	7.153	7.116	14.795	12.520
25/12/1981	18.722	6.902	7.196	14.500	12.770
26/12/1981	7.965	6.283	7.357	13.705	17.770
27/12/1981	0.000	6.323	8.223	14.366	16.250
28/12/1981	0.000	7.124	6.598	14.393	15.980
29/12/1981	18.055	4.945	8.000	12.295	15.310
30/12/1981	23.894	6.962	6.482	14.062	16.680
31/12/1981	0.000	7.929	7.420	16.125	15.930
01/01/1982	9.817	6.923	6.598	14.080	28.260
02/01/1982	0.741	7.128	7.848	15.259	30.700
03/01/1982	24.230	6.419	7.571	14.036	38.260
04/01/1982	64.037	5.766	7.759	13.205	51.010
05/01/1982	16.939	5.192	8.161	12.714	51.920
06/01/1982	10.177	6.190	7.411	13.571	62.530
07/01/1982	3.698	5.662	7.741	13.027	48.880
08/01/1982	1.214	7.062	6.321	14.045	46.400
09/01/1982	25.351	6.700	6.473	13.589	37.010
10/01/1982	0.000	7.004	7.518	14.759	41.370
11/01/1982	0.000	7.382	7.536	15.286	33.650
12/01/1982	1.217	8.032	5.509	14.884	25.190
13/01/1982	0.000	7.820	6.321	15.071	21.310
14/01/1982	0.000	7.622	6.741	15.045	19.160
15/01/1982	0.000	7.158	7.098	14.598	18.610
16/01/1982	0.000	7.981	6.777	15.598	16.930
17/01/1982	0.000	6.015	7.938	13.580	16.310
18/01/1982	0.000	7.355	6.188	14.259	16.470
19/01/1982	0.000	8.709	5.402	15.714	15.000
20/01/1982	0.000	8.684	4.670	15.188	14.250
21/01/1982	0.000	9.994	3.911	16.670	13.550
22/01/1982	0.000	8.462	6.580	16.027	12.870
23/01/1982	0.000	8.020	5.705	14.821	12.420
24/01/1982	0.000	8.118	6.366	15.357	12.200
25/01/1982	0.000	6.095	6.973	12.875	12.650
26/01/1982	4.861	6.987	8.027	14.875	13.560
27/01/1982	3.358	6.300	7.054	13.232	15.350
28/01/1982	0.000	5.937	7.455	12.991	16.720
29/01/1982	0.000	7.240	6.071	13.884	15.230
30/01/1982	0.000	6.290	7.768	13.661	20.560
31/01/1982	0.000	7.249	7.589	14.839	19.380
01/02/1982	1.430	8.533	5.777	15.446	17.460
02/02/1982	1.671	6.186	6.455	12.536	16.420
03/02/1982	0.000	7.256	7.196	14.527	15.000
04/02/1982	0.000	7.889	6.268	14.786	15.540
05/02/1982	21.386	6.040	7.304	12.911	18.170
06/02/1982	1.191	7.609	5.420	13.786	24.180
07/02/1982	19.173	4.990	7.938	11.964	27.710
08/02/1982	0.000	7.647	7.027	14.902	26.430
09/02/1982	1.817	7.094	7.884	14.688	21.930
10/02/1982	0.000	5.890	8.071	13.214	17.500
11/02/1982	11.936	5.854	9.107	13.938	15.500
12/02/1982	3.215	7.243	8.214	15.107	14.540
13/02/1982	0.000	7.754	7.938	15.580	16.910
14/02/1982	14.267	6.472	7.777	13.705	29.580
15/02/1982	4.015	5.561	8.312	12.902	42.900
16/02/1982	0.000	7.455	6.946	14.446	32.560
17/02/1982	0.000	7.938	6.821	15.027	24.570
18/02/1982	0.000	7.517	7.161	14.616	27.750
19/02/1982	11.203	5.963	8.170	13.286	29.070
20/02/1982	49.418	5.529	8.214	12.750	47.510
21/02/1982	13.602	6.533	8.509	14.250	28.120
22/02/1982	0.331	7.341	8.089	14.991	24.370
23/02/1982	0.957	7.083	8.143	14.670	20.780
24/02/1982	14.967	9.072	6.938	16.545	38.640
25/02/1982	6.527	9.156	7.241	16.821	27.610
26/02/1982	4.544	8.276	6.500	15.098	30.180
27/02/1982	6.717	7.369	8.080	14.955	26.760
28/02/1982	3.743	7.869	7.491	15.214	28.070
01/03/1982	10.769	6.642	8.277	14.107	26.050
02/03/1982	13.234	5.573	8.188	12.679	24.830
03/03/1982	14.334	7.387	7.295	14.393	33.930
04/03/1982	0.000	7.353	6.777	13.982	26.790
05/03/1982	0.000	7.592	7.429	14.723	25.100
06/03/1982	2.320	7.206	6.839	13.777	23.670
07/03/1982	17.019	8.784	6.402	15.634	23.400
08/03/1982	2.577	8.056	5.973	14.366	22.300
09/03/1982	0.537	8.402	5.536	14.536	25.060
10/03/1982	0.000	7.132	7.812	14.366	26.580
11/03/1982	2.851	6.052	7.893	13.018	30.010
12/03/1982	0.000	6.130	8.652	13.688	27.240
13/03/1982	0.000	7.225	7.536	14.277	24.700
14/03/1982	0.000	6.675	7.688	13.670	26.380
15/03/1982	17.070	6.951	7.054	13.616	25.040
16/03/1982	28.919	6.401	7.598	13.259	39.440
17/03/1982	8.189	6.888	7.527	13.795	46.460
18/03/1982	1.687	5.745	7.812	12.554	45.910
19/03/1982	0.000	7.354	7.509	14.402	37.100
20/03/1982	9.884	7.679	7.589	14.902	31.630
21/03/1982	2.375	7.888	8.339	15.732	30.820
22/03/1982	0.000	5.992	8.777	13.589	25.800
23/03/1982	3.605	8.286	8.830	16.554	24.380
24/03/1982	2.922	7.908	8.000	15.491	24.710
25/03/1982	2.602	7.514	7.045	14.295	27.090
26/03/1982	30.932	7.744	8.473	15.625	25.250
27/03/1982	0.000	7.757	7.545	14.946	25.940
28/03/1982	4.139	7.259	8.643	15.116	27.570
29/03/1982	5.130	5.839	8.821	13.464	27.390
30/03/1982	0.000	7.882	7.866	15.366	30.500
31/03/1982	3.257	7.390	8.598	15.232	29.230
01/04/1982	4.405	6.976	8.518	14.688	29.740
02/04/1982	12.106	6.423	8.312	13.812	28.850
03/04/1982	25.534	5.782	8.661	13.268	28.840
04/04/1982	11.693	4.777	8.321	11.812	49.280
05/04/1982	19.804	6.784	8.232	14.214	62.980
06/04/1982	9.758	5.805	8.054	12.857	48.460
07/04/1982	21.998	5.762	7.804	12.589	49.510
08/04/1982	19.301	5.911	7.696	12.714	46.850
09/04/1982	11.878	5.734	7.929	12.679	63.340
10/04/1982	0.000	5.664	7.411	12.223	56.950
11/04/1982	0.907	6.768	8.036	14.098	52.170
12/04/1982	14.705	6.913	7.893	14.205	50.450
13/04/1982	17.675	6.856	7.991	14.268	48.590
14/04/1982	5.395	7.618	7.295	14.759	35.880
15/04/1982	0.000	7.807	8.286	15.696	30.660
16/04/1982	19.870	7.698	7.250	14.857	27.030
17/04/1982	18.116	5.604	8.036	12.670	29.100
18/04/1982	0.000	7.477	8.205	15.232	42.820
19/04/1982	2.874	7.339	7.893	14.848	39.870
20/04/1982	0.000	7.525	8.196	15.312	39.740
21/04/1982	13.689	5.973	7.902	13.080	37.080
22/04/1982	1.624	7.295	7.759	14.705	39.550
23/04/1982	0.000	6.194	8.473	13.795	36.510
24/04/1982	0.000	6.625	7.839	13.911	38.670
25/04/1982	0.946	8.091	8.312	16.205	33.910
26/04/1982	6.954	6.220	8.259	13.705	29.820
27/04/1982	7.067	8.251	7.875	16.170	26.050
28/04/1982	38.295	4.488	8.214	11.509	26.820
29/04/1982	0.000	6.826	6.696	13.446	36.490
30/04/1982	15.359	6.511	7.286	13.446	53.300
01/05/1982	0.000	7.204	8.018	14.902	42.930
02/05/1982	1.318	6.309	8.054	13.732	33.090
03/05/1982	0.000	6.333	8.205	13.893	28.580
04/05/1982	0.000	6.176	8.366	13.812	26.640
05/05/1982	8.927	5.880	9.036	13.973	27.570
06/05/1982	3.540	6.999	8.089	14.750	28.020
07/05/1982	9.155	6.275	8.509	14.089	32.780
08/05/1982	9.702	7.720	8.848	16.286	29.440
09/05/1982	1.014	6.608	8.384	14.473	50.810
10/05/1982	0.000	6.786	8.527	14.839	37.870
11/05/1982	0.000	6.353	7.652	13.625	29.570
12/05/1982	0.000	7.511	8.893	16.089	28.520
13/05/1982	0.000	6.290	9.268	14.732	25.230
14/05/1982	0.416	6.018	9.429	14.527	25.750
15/05/1982	17.634	6.599	8.375	14.536	48.010
16/05/1982	5.875	6.631	7.732	14.116	33.360
17/05/1982	1.370	7.352	8.330	15.545	29.180
18/05/1982	14.561	6.256	8.330	14.098	42.920
19/05/1982	32.500	6.142	8.286	13.893	57.910
20/05/1982	0.000	7.132	8.107	15.152	45.490
21/05/1982	22.320	4.809	8.009	11.955	65.160
22/05/1982	0.411	6.994	7.946	14.875	54.150
23/05/1982	26.573	6.108	7.161	13.098	80.030
24/05/1982	0.000	6.642	7.080	13.795	48.470
25/05/1982	18.011	5.391	8.134	12.839	46.130
26/05/1982	17.127	6.603	7.902	14.348	45.180
27/05/1982	0.336	6.040	8.571	14.062	53.390
28/05/1982	11.468	5.099	8.375	12.688	61.160
29/05/1982	0.000	4.778	7.893	11.893	52.940
30/05/1982	0.000	6.329	8.054	14.116	48.520
31/05/1982	1.882	6.034	8.429	13.991	43.390
01/06/1982	0.000	5.201	8.723	13.098	41.940
02/06/1982	0.000	5.830	7.705	13.179	35.930
03/06/1982	0.000	6.545	8.152	14.518	36.910
04/06/1982	0.329	6.347	7.920	14.071	33.530
05/06/1982	0.000	5.788	8.679	13.875	37.580
06/06/1982	0.931	5.893	8.580	13.938	40.320
07/06/1982	0.000	6.052	8.741	14.295	34.420
08/06/1982	0.000	7.020	8.196	15.259	30.160
09/06/1982	0.000	5.967	8.661	14.125	30.400
10/06/1982	5.135	6.832	8.259	15.045	28.100
11/06/1982	15.244	6.861	8.670	15.375	25.450
12/06/1982	0.294	4.166	8.866	11.938	26.470
13/06/1982	0.000	7.399	7.009	15.009	25.480
14/06/1982	0.000	6.985	7.402	14.679	33.290
15/06/1982	0.000	8.175	5.670	15.304	28.630
16/06/1982	0.000	6.701	6.321	13.536	25.870
17/06/1982	0.000	6.034	7.420	13.366	51.780
18/06/1982	0.000	6.932	7.018	14.339	42.740
19/06/1982	9.762	6.858	6.884	14.143	33.010
20/06/1982	10.698	6.764	6.777	13.946	34.870
21/06/1982	0.663	6.979	5.955	13.696	36.730
22/06/1982	0.000	7.548	6.929	15.188	45.550
23/06/1982	0.000	6.633	7.848	14.509	30.510
24/06/1982	1.233	6.342	6.554	13.170	26.170
25/06/1982	8.855	6.993	6.330	13.973	26.150
26/06/1982	0.000	9.133	4.527	16.036	23.380
27/06/1982	0.000	6.850	7.759	14.750	22.230
28/06/1982	0.000	7.641	7.018	15.384	22.600
29/06/1982	8.846	8.271	5.795	15.527	23.800
30/06/1982	0.000	6.590	6.652	13.580	25.790
01/07/1982	0.000	6.702	6.080	13.339	31.270
02/07/1982	0.000	6.262	6.812	13.241	75.190
03/07/1982	0.000	6.155	7.598	13.625	66.270
04/07/1982	0.000	7.315	6.554	14.571	45.690
05/07/1982	0.000	7.298	6.670	14.616	41.820
06/07/1982	0.000	6.477	6.696	13.446	35.560
07/07/1982	0.000	7.310	6.455	14.464	38.360
08/07/1982	0.000	6.676	5.973	13.214	31.590
09/07/1982	0.000	8.245	5.134	15.000	30.730
10/07/1982	0.000	7.947	7.143	15.839	24.540
11/07/1982	0.000	6.787	6.848	13.946	24.120
12/07/1982	17.715	6.222	6.812	13.089	31.540
13/07/1982	0.000	8.578	6.170	16.089	36.110
14/07/1982	0.000	7.460	6.509	14.688	29.260
15/07/1982	0.000	7.386	6.964	14.848	24.110
16/07/1982	0.000	6.985	6.420	13.884	23.080
17/07/1982	0.000	9.467	4.527	16.348	22.410
18/07/1982	0.000	6.684	5.455	12.768	23.120
19/07/1982	4.896	6.389	6.652	13.170	31.170
20/07/1982	0.000	5.747	7.438	12.812	50.930
21/07/1982	0.000	7.619	6.018	14.482	36.910
22/07/1982	0.000	7.200	5.304	13.393	24.890
23/07/1982	0.000	6.737	6.179	13.295	23.910
24/07/1982	0.000	6.616	5.205	12.420	31.620
25/07/1982	0.000	8.613	4.821	15.143	28.550
26/07/1982	0.000	6.736	6.402	13.393	24.300
27/07/1982	1.583	6.930	5.545	13.089	52.610
28/07/1982	0.000	6.544	6.330	13.071	66.990
29/07/1982	34.595	7.237	7.071	14.545	65.220
30/07/1982	0.000	7.190	7.000	14.420	78.920
31/07/1982	2.060	8.241	5.446	14.884	43.110
01/08/1982	0.000	8.541	4.982	15.000	30.730
02/08/1982	3.156	8.100	6.339	15.223	39.040
03/08/1982	0.000	8.807	5.027	15.393	33.420
04/08/1982	0.000	8.235	6.348	15.384	26.900
05/08/1982	0.000	10.068	3.929	16.527	23.970
06/08/1982	0.000	8.371	6.214	15.455	24.660
07/08/1982	0.000	8.611	6.312	15.848	34.990
08/08/1982	0.000	7.284	7.161	14.509	34.390
09/08/1982	0.000	9.058	5.616	16.018	29.260
10/08/1982	5.890	8.687	5.714	15.545	23.120
11/08/1982	0.000	7.770	5.875	14.295	21.090
12/08/1982	0.000	7.254	6.732	14.125	21.470
13/08/1982	0.000	7.841	5.696	14.241	20.100
14/08/1982	0.000	8.290	5.857	14.991	20.430
15/08/1982	0.000	9.598	5.277	16.464	20.870
16/08/1982	0.000	7.490	6.893	14.509	25.060
17/08/1982	0.000	7.873	6.402	14.696	27.860
18/08/1982	1.494	7.175	7.134	14.205	27.680
19/08/1982	0.000	7.175	6.393	13.696	39.460
20/08/1982	0.000	6.469	7.045	13.170	35.940
21/08/1982	3.643	6.576	7.446	13.580	30.240
22/08/1982	0.000	8.845	5.741	15.571	23.620
23/08/1982	1.975	7.379	6.402	13.929	25.930
24/08/1982	0.000	7.307	6.339	13.777	29.000
25/08/1982	0.000	8.271	6.071	14.920	30.080
26/08/1982	4.236	7.697	6.536	14.438	25.210
27/08/1982	5.374	8.312	7.562	15.973	24.130
28/08/1982	0.000	7.307	7.643	14.634	24.410
29/08/1982	0.000	8.920	6.295	15.920	23.420
30/08/1982	0.000	6.772	6.179	12.866	22.290
31/08/1982	0.000	7.696	6.312	14.223	30.120
01/09/1982	0.000	7.654	5.848	13.857	32.380
02/09/1982	0.000	8.116	6.268	14.777	40.540
03/09/1982	0.000	7.653	6.607	14.366	32.050
04/09/1982	0.000	7.054	6.536	13.473	36.690
05/09/1982	0.000	7.831	6.714	14.652	47.700
06/09/1982	0.000	7.223	6.688	13.786	38.400
07/09/1982	0.000	8.736	6.509	15.732	24.860
08/09/1982	0.000	8.520	5.911	15.036	22.130
09/09/1982	0.000	8.064	6.634	14.884	20.830
10/09/1982	0.000	8.989	6.143	15.812	19.520
11/09/1982	20.278	8.156	7.946	15.902	22.190
12/09/1982	0.000	8.223	8.384	16.277	26.730
13/09/1982	0.000	9.134	7.393	16.804	21.440
14/09/1982	0.000	7.665	6.223	14.027	20.270
15/09/1982	0.000	7.123	7.616	14.268	19.350
16/09/1982	6.152	7.349	8.384	15.107	20.800
17/09/1982	8.360	6.347	6.562	12.500	29.950
18/09/1982	9.797	8.712	7.357	16.223	25.320
19/09/1982	10.039	5.835	8.188	13.009	29.730
20/09/1982	0.000	7.018	6.982	13.688	27.210
21/09/1982	0.000	8.173	7.812	15.804	22.790
22/09/1982	0.000	8.487	5.812	14.893	19.030
23/09/1982	0.000	10.201	4.625	16.545	16.750
24/09/1982	0.000	7.983	6.241	14.473	17.040
25/09/1982	11.854	8.534	7.321	15.973	18.380
26/09/1982	10.944	7.117	7.098	13.911	21.280
27/09/1982	5.631	8.427	7.321	15.821	21.490
28/09/1982	19.762	7.428	6.107	13.670	24.820
29/09/1982	0.253	7.285	7.455	14.402	32.060
30/09/1982	0.000	7.800	7.652	15.223	29.070
01/10/1982	6.364	7.137	7.259	14.062	23.560
02/10/1982	1.877	8.484	6.143	15.152	21.590
03/10/1982	18.148	6.309	6.438	12.366	27.980
04/10/1982	0.000	7.417	7.018	14.286	27.850
05/10/1982	1.755	8.944	6.446	16.018	22.740
06/10/1982	6.062	7.934	7.009	14.991	22.600
07/10/1982	36.212	7.356	7.652	14.670	25.190
08/10/1982	7.225	6.153	8.018	13.366	25.880
09/10/1982	5.544	7.037	7.054	13.857	26.710
10/10/1982	4.413	4.337	8.018	11.125	33.170
11/10/1982	1.487	6.000	6.982	12.438	29.560
12/10/1982	0.000	7.285	5.893	13.402	22.790
13/10/1982	0.000	7.402	5.625	13.420	22.330
14/10/1982	6.385	6.397	6.848	12.884	23.420
15/10/1982	6.010	6.970	7.598	14.196	27.170
16/10/1982	0.000	7.083	6.259	13.438	24.400
17/10/1982	0.000	5.279	7.518	11.911	22.280
18/10/1982	11.978	6.664	7.402	13.688	22.930
19/10/1982	4.819	6.540	7.688	13.723	26.840
20/10/1982	31.799	5.999	7.812	13.134	25.500
21/10/1982	5.754	5.645	7.366	12.357	27.850
22/10/1982	1.531	5.653	7.446	12.411	34.850
23/10/1982	0.000	6.300	7.884	13.607	36.670
24/10/1982	22.432	5.356	7.054	11.732	33.020
25/10/1982	4.696	4.537	7.170	10.786	35.890
26/10/1982	0.000	5.841	7.598	12.812	34.180
27/10/1982	3.601	5.406	6.679	11.545	29.860
28/10/1982	0.000	5.076	7.098	11.446	31.930
29/10/1982	14.589	6.297	6.929	12.973	36.310
30/10/1982	6.294	5.218	8.188	12.527	29.920
31/10/1982	5.777	5.617	7.732	12.670	27.880
01/11/1982	15.981	4.762	7.911	11.696	26.730
02/11/1982	0.000	5.676	7.018	12.250	27.530
03/11/1982	0.000	4.874	7.420	11.464	35.080
04/11/1982	0.752	5.991	6.982	12.688	32.930
05/11/1982	0.000	7.160	5.545	13.357	29.890
06/11/1982	3.210	7.816	5.027	14.009	24.560
07/11/1982	0.000	7.378	8.134	15.446	23.440
08/11/1982	0.000	7.064	8.321	15.179	22.550
09/11/1982	4.775	8.757	6.446	16.286	20.740
10/11/1982	0.000	5.130	8.473	12.688	19.560
11/11/1982	11.002	6.186	7.438	13.366	25.140
12/11/1982	25.867	5.422	7.821	12.625	29.180
13/11/1982	0.000	8.060	6.393	15.357	23.020
14/11/1982	0.000	4.322	8.795	11.982	20.420
15/11/1982	4.667	6.345	8.223	14.205	20.360
16/11/1982	19.293	6.295	9.054	14.759	21.600
17/11/1982	9.482	5.864	7.661	13.152	28.220
18/11/1982	12.553	5.351	8.402	13.018	33.760
19/11/1982	15.157	5.726	8.080	13.277	37.160
20/11/1982	10.585	4.716	8.375	12.196	33.650
21/11/1982	0.000	6.794	7.295	14.241	38.160
22/11/1982	0.627	6.582	5.670	12.821	33.230
23/11/1982	21.195	6.755	6.938	13.964	25.160
24/11/1982	0.000	6.617	7.179	13.964	26.370
25/11/1982	7.813	6.782	6.545	13.741	26.600
26/11/1982	0.000	6.701	7.196	14.080	22.610
27/11/1982	5.642	6.440	7.241	13.759	23.890
28/11/1982	3.896	7.110	6.723	14.393	27.520
29/11/1982	1.184	8.193	4.098	14.339	21.150
30/11/1982	0.296	5.329	8.348	13.036	20.820
01/12/1982	0.000	5.842	8.500	13.875	21.660
02/12/1982	0.192	6.358	8.973	14.929	29.350
03/12/1982	5.112	6.176	7.045	13.277	23.950
04/12/1982	22.723	4.185	8.295	11.509	21.260
05/12/1982	16.876	6.499	6.429	13.339	26.410
06/12/1982	14.965	6.326	7.491	13.848	35.240
07/12/1982	7.876	6.978	7.938	15.089	25.310
08/12/1982	18.204	6.778	7.241	14.330	30.380
09/12/1982	1.319	4.893	7.670	11.955	40.470
10/12/1982	0.000	6.206	8.795	14.652	35.380
11/12/1982	10.860	5.640	7.545	12.955	30.160
12/12/1982	12.882	4.986	7.920	12.312	26.740
13/12/1982	6.008	5.278	8.062	12.821	32.590
14/12/1982	0.000	5.702	8.125	13.446	35.930
15/12/1982	0.000	8.620	6.768	16.732	23.390
16/12/1982	0.000	7.101	6.643	14.455	22.920
17/12/1982	4.722	5.963	8.438	14.071	28.520
18/12/1982	13.272	5.564	8.089	13.232	33.810
19/12/1982	9.826	5.537	7.482	12.732	32.080
20/12/1982	4.186	7.484	7.420	15.536	35.210
21/12/1982	6.213	7.472	7.018	15.223	31.930
22/12/1982	4.154	6.218	7.473	13.714	28.180
23/12/1982	0.000	7.402	7.214	15.250	27.510
24/12/1982	0.288	6.728	7.911	14.750	30.340
25/12/1982	1.624	5.809	8.062	13.545	35.580
26/12/1982	0.000	6.243	7.973	14.080	27.510
27/12/1982	23.818	4.246	8.580	11.857	20.650
28/12/1982	14.706	6.644	8.054	14.759	20.100
29/12/1982	1.011	6.511	6.536	13.473	21.200
30/12/1982	5.986	6.609	6.688	13.714	36.310
31/12/1982	0.000	6.972	6.696	14.223	31.930
01/01/1983	4.406	7.448	8.348	16.045	28.200
02/01/1983	21.691	5.825	8.848	14.125	25.200
03/01/1983	12.740	6.831	8.196	15.062	32.300
04/01/1983	3.516	6.203	8.062	14.054	37.800
05/01/1983	0.000	5.642	7.696	13.018	31.600
06/01/1983	0.000	5.090	8.286	12.670	23.100
07/01/1983	0.000	5.354	8.679	13.312	23.700
08/01/1983	6.815	7.600	7.438	15.580	20.600
09/01/1983	0.000	5.835	8.768	14.018	22.000
10/01/1983	0.000	7.146	7.598	15.027	23.900
11/01/1983	0.000	5.864	7.250	12.920	21.200
12/01/1983	0.000	6.818	6.670	13.875	22.400
13/01/1983	0.000	6.453	6.473	13.223	28.300
14/01/1983	0.000	5.767	8.429	13.634	22.300
15/01/1983	0.000	6.399	8.080	14.232	21.200
16/01/1983	0.000	6.176	9.625	15.054	18.500
17/01/1983	0.414	6.102	7.759	13.562	17.200
18/01/1983	0.000	7.766	4.982	14.071	15.700
19/01/1983	0.000	6.696	7.545	14.214	15.200
20/01/1983	0.000	6.248	7.964	13.875	15.500
21/01/1983	0.000	6.451	8.518	14.536	17.000
22/01/1983	0.000	7.301	8.652	15.804	13.500
23/01/1983	0.000	8.404	6.384	15.812	11.700
24/01/1983	0.000	8.372	6.036	15.518	12.200
25/01/1983	0.000	7.471	7.027	14.848	12.200
26/01/1983	0.000	6.328	7.902	13.857	11.700
27/01/1983	0.000	6.214	8.545	14.170	12.200
28/01/1983	0.000	6.184	7.554	13.375	12.400
29/01/1983	0.000	6.001	7.420	13.036	12.600
30/01/1983	36.294	6.524	8.018	14.161	13.800
31/01/1983	0.000	6.503	8.348	14.348	11.700
01/02/1983	0.000	7.281	7.089	14.527	14.500
02/02/1983	0.000	5.668	8.884	13.634	16.500
03/02/1983	0.000	7.146	8.027	14.946	15.500
04/02/1983	0.000	6.650	7.527	13.911	12.000
05/02/1983	20.284	7.424	8.911	15.920	12.600
06/02/1983	0.000	6.324	7.438	13.375	12.000
07/02/1983	0.000	6.502	7.795	13.830	11.500
08/02/1983	0.000	7.955	7.571	15.661	13.100
09/02/1983	36.064	8.483	6.375	15.607	12.200
10/02/1983	0.000	8.581	6.268	15.643	16.200
11/02/1983	9.565	7.381	8.009	15.125	16.200
12/02/1983	0.000	7.882	7.946	15.741	11.100
13/02/1983	0.000	9.601	4.893	16.161	12.000
14/02/1983	0.000	9.209	4.964	15.625	11.300
15/02/1983	0.000	8.934	5.411	15.527	10.600
16/02/1983	0.000	7.033	8.875	15.196	10.400
17/02/1983	0.000	7.815	7.857	15.518	10.200
18/02/1983	11.338	6.321	8.545	14.036	10.800
19/02/1983	1.894	5.767	8.795	13.482	27.200
20/02/1983	0.000	5.693	8.554	13.188	17.700
21/02/1983	0.000	6.898	7.616	14.071	15.200
22/02/1983	1.022	6.915	8.420	14.652	14.200
23/02/1983	0.000	7.722	7.812	15.277	18.600
24/02/1983	4.089	8.440	6.714	15.509	27.500
25/02/1983	0.000	7.480	7.062	14.420	18.200
26/02/1983	0.000	7.226	7.688	14.491	19.900
27/02/1983	0.000	9.094	7.312	16.723	17.700
28/02/1983	0.000	8.423	6.821	15.509	16.000
01/03/1983	5.160	8.294	6.982	15.411	16.400
02/03/1983	1.546	9.059	8.000	17.080	17.800
03/03/1983	12.563	6.719	8.830	14.607	15.600
04/03/1983	2.929	6.580	8.679	14.312	20.100
05/03/1983	7.213	7.472	7.438	14.580	24.300
06/03/1983	16.580	5.115	8.446	12.295	22.300
07/03/1983	6.302	5.323	9.000	13.000	16.700
08/03/1983	0.000	6.711	8.375	14.241	15.800
09/03/1983	0.000	5.439	9.080	13.196	22.100
10/03/1983	14.482	3.904	8.652	11.080	41.800
11/03/1983	0.307	7.555	7.902	14.991	35.100
12/03/1983	0.000	6.358	8.286	13.688	22.100
13/03/1983	0.256	6.461	8.473	13.964	17.500
14/03/1983	12.037	6.008	9.000	13.812	16.600
15/03/1983	0.000	6.414	8.688	14.062	22.000
16/03/1983	0.420	8.752	7.804	16.438	20.700
17/03/1983	10.703	8.050	9.000	16.375	17.400
18/03/1983	0.000	10.825	7.536	19.027	23.200
19/03/1983	0.000	7.728	6.821	14.438	19.700
20/03/1983	0.000	9.650	7.330	17.321	15.700
21/03/1983	5.992	9.300	5.804	15.884	13.500
22/03/1983	0.000	8.433	8.107	16.214	13.200
23/03/1983	0.337	6.579	8.321	13.982	14.800
24/03/1983	0.000	7.337	8.071	14.777	19.000
25/03/1983	6.575	4.678	8.955	12.188	26.500
26/03/1983	8.798	7.768	7.089	14.643	31.800
27/03/1983	24.548	5.459	8.446	12.714	60.700
28/03/1983	7.215	7.117	8.232	14.607	34.700
29/03/1983	1.121	7.726	6.812	14.429	32.700
30/03/1983	0.699	7.248	6.938	13.875	39.300
31/03/1983	0.000	5.977	8.821	13.607	26.500
01/04/1983	0.000	8.106	7.714	15.545	21.700
02/04/1983	0.000	6.323	9.027	14.196	18.000
03/04/1983	5.783	7.759	8.170	15.411	19.000
04/04/1983	11.160	6.740	8.911	14.652	18.200
05/04/1983	8.259	8.685	7.196	16.000	16.500
06/04/1983	10.697	6.308	9.036	14.241	27.600
07/04/1983	14.283	6.042	8.009	13.125	32.800
08/04/1983	16.502	6.703	8.509	14.366	63.400
09/04/1983	9.989	4.121	9.232	11.821	56.000
10/04/1983	10.291	5.714	8.509	13.098	72.200
11/04/1983	14.047	5.882	7.643	12.670	67.600
12/04/1983	4.933	8.104	7.429	15.455	56.600
13/04/1983	12.873	6.082	8.589	13.661	57.900
14/04/1983	8.430	4.759	8.571	12.018	94.000
15/04/1983	10.606	7.839	9.304	16.438	41.000
16/04/1983	5.483	5.621	9.045	13.438	59.000
17/04/1983	2.681	6.371	8.089	13.679	44.900
18/04/1983	13.816	6.591	8.205	14.054	47.100
19/04/1983	0.000	7.259	8.411	15.098	42.900
20/04/1983	0.000	7.216	9.518	15.857	30.600
21/04/1983	10.040	6.686	8.411	14.384	25.200
22/04/1983	19.890	8.085	8.330	16.152	152.200
23/04/1983	0.000	8.306	8.080	16.295	50.400
24/04/1983	29.753	7.576	8.527	15.670	38.700
25/04/1983	0.000	7.818	7.330	15.161	34.800
26/04/1983	2.462	5.602	8.973	13.464	37.000
27/04/1983	0.000	6.455	8.509	14.188	35.200
28/04/1983	7.673	6.184	8.366	13.741	39.800
29/04/1983	14.956	7.107	8.705	15.241	44.800
30/04/1983	26.861	5.496	8.062	12.661	138.600
01/05/1983	17.155	7.487	9.098	16.045	55.900
02/05/1983	2.429	6.634	10.000	15.607	50.700
03/05/1983	0.144	7.900	8.554	16.241	41.900
04/05/1983	1.512	7.613	8.107	15.562	39.700
05/05/1983	0.000	7.736	8.973	16.348	39.500
06/05/1983	0.000	6.482	9.286	14.929	38.500
07/05/1983	0.000	6.241	8.688	14.170	35.900
08/05/1983	0.000	7.417	8.830	15.866	35.900
09/05/1983	0.000	8.483	8.696	17.223	34.800
10/05/1983	6.351	7.233	9.054	15.804	32.300
11/05/1983	0.000	7.224	9.161	15.884	35.200
12/05/1983	7.510	7.286	9.330	16.098	35.600
13/05/1983	0.000	7.907	8.464	16.348	38.600
14/05/1983	0.000	6.071	8.902	14.188	39.800
15/05/1983	8.787	6.907	9.098	15.455	36.700
16/05/1983	5.372	6.380	9.375	15.018	35.200
17/05/1983	0.000	7.695	8.634	16.250	31.900
18/05/1983	5.047	5.522	8.473	13.205	37.800
19/05/1983	0.000	6.223	9.643	15.036	46.800
20/05/1983	0.000	5.969	8.170	13.607	35.200
21/05/1983	1.012	5.904	8.375	13.670	34.100
22/05/1983	4.330	7.742	7.312	15.482	33.000
23/05/1983	8.692	6.286	8.652	14.411	30.500
24/05/1983	11.314	7.012	8.777	15.509	31.600
25/05/1983	1.314	6.434	8.679	14.652	37.000
26/05/1983	0.000	7.183	9.571	16.330	34.800
27/05/1983	1.686	7.061	8.839	15.643	34.800
28/05/1983	10.548	6.130	9.429	14.830	41.800
29/05/1983	11.869	6.755	8.482	15.018	49.100
30/05/1983	0.354	7.161	7.054	14.580	37.400
31/05/1983	0.000	8.423	6.071	15.777	30.500
01/06/1983	0.000	5.682	7.500	12.795	25.900
02/06/1983	0.728	6.429	8.304	14.455	46.700
03/06/1983	9.014	5.409	8.375	13.107	36.700
04/06/1983	14.295	4.773	7.902	11.893	29.600
05/06/1983	7.561	5.662	8.580	13.634	38.200
06/06/1983	0.000	4.773	8.143	12.098	47.600
07/06/1983	0.000	7.907	6.723	15.527	28.600
08/06/1983	19.970	5.433	7.920	12.839	37.600
09/06/1983	0.000	7.503	6.143	14.562	33.800
10/06/1983	0.000	5.950	7.643	13.366	23.800
11/06/1983	0.000	6.190	6.420	12.830	21.100
12/06/1983	0.000	7.863	7.080	15.732	19.500
13/06/1983	0.000	6.782	8.339	15.045	25.100
14/06/1983	8.904	6.886	6.857	14.152	32.000
15/06/1983	0.000	4.571	8.286	12.000	20.400
16/06/1983	0.918	6.794	7.634	14.580	27.700
17/06/1983	0.000	4.789	8.205	12.223	22.300
18/06/1983	0.000	6.603	6.384	13.438	22.800
19/06/1983	0.000	6.987	5.750	13.580	23.700
20/06/1983	0.000	6.178	6.634	12.991	26.200
21/06/1983	0.000	6.387	7.473	13.893	27.200
22/06/1983	0.000	7.074	6.920	14.500	29.900
23/06/1983	0.000	6.899	5.955	13.607	23.900
24/06/1983	0.000	6.730	6.143	13.455	23.100
25/06/1983	0.000	8.805	3.616	15.000	22.300
26/06/1983	0.000	7.302	7.518	15.241	20.400
27/06/1983	0.000	7.670	6.205	14.902	20.400
28/06/1983	0.000	6.856	6.527	13.911	28.500
29/06/1983	0.000	5.609	6.821	12.321	29.200
30/06/1983	0.000	7.005	5.545	13.455	32.300
01/07/1983	0.000	6.956	6.375	13.938	35.200
02/07/1983	0.000	7.993	7.080	15.920	39.100
03/07/1983	0.000	9.222	5.402	16.670	37.000
04/07/1983	0.000	6.268	6.634	13.089	35.200
05/07/1983	0.000	5.811	7.491	13.036	34.100
06/07/1983	4.099	8.010	5.821	15.116	35.600
07/07/1983	0.000	6.921	7.938	14.911	33.000
08/07/1983	0.372	7.297	7.018	14.804	33.000
09/07/1983	0.000	6.425	7.821	14.134	31.200
10/07/1983	19.582	6.585	7.268	13.955	43.900
11/07/1983	0.000	8.474	5.429	15.491	31.700
12/07/1983	0.000	7.283	6.643	14.518	25.200
13/07/1983	0.000	7.898	5.134	14.438	21.500
14/07/1983	0.000	7.990	4.973	14.464	19.800
15/07/1983	0.267	7.127	7.321	14.732	19.800
16/07/1983	0.000	7.058	6.777	14.232	21.700
17/07/1983	0.000	7.642	6.679	15.027	23.700
18/07/1983	0.000	7.791	6.027	14.786	25.200
19/07/1983	2.801	6.444	6.429	13.071	31.900
20/07/1983	0.000	6.368	5.759	12.509	35.600
21/07/1983	10.916	6.011	6.616	12.571	96.500
22/07/1983	14.142	6.974	5.946	13.482	91.300
23/07/1983	0.074	5.837	7.018	12.598	52.100
24/07/1983	0.000	5.878	7.339	12.893	36.300
25/07/1983	0.000	8.186	4.705	14.438	26.800
26/07/1983	0.000	7.442	5.223	13.634	21.200
27/07/1983	0.000	7.203	5.250	13.277	17.000
28/07/1983	0.000	6.405	7.205	13.464	19.000
29/07/1983	0.000	7.773	5.786	14.446	19.800
30/07/1983	13.328	7.039	7.964	14.875	21.500
31/07/1983	0.000	6.818	7.580	14.277	23.700
01/08/1983	0.000	6.101	7.446	13.188	43.900
02/08/1983	0.000	5.925	6.804	12.455	38.600
03/08/1983	0.000	7.234	5.438	13.375	24.200
04/08/1983	0.000	8.987	5.795	16.134	26.000
05/08/1983	0.000	5.808	7.366	12.661	29.900
06/08/1983	0.000	5.754	7.455	12.661	26.500
07/08/1983	0.000	5.660	7.321	12.446	46.900
08/08/1983	0.000	7.819	5.589	14.232	32.800
09/08/1983	0.000	7.178	6.000	13.580	25.500
10/08/1983	0.000	7.213	6.429	13.893	22.800
11/08/1983	0.000	7.494	4.938	13.304	22.000
12/08/1983	4.032	8.010	6.054	14.750	19.800
13/08/1983	0.000	9.453	5.036	16.152	20.100
14/08/1983	0.000	8.762	6.848	16.286	18.200
15/08/1983	0.000	8.522	5.732	15.223	16.200
16/08/1983	0.284	7.190	6.929	14.143	16.000
17/08/1983	0.000	7.242	6.955	14.196	17.200
18/08/1983	0.000	5.681	6.634	11.821	34.100
19/08/1983	0.000	6.760	6.554	13.232	30.900
20/08/1983	0.000	6.866	6.571	13.384	33.400
21/08/1983	0.000	7.210	6.339	13.688	29.200
22/08/1983	0.000	7.382	6.330	13.911	27.200
23/08/1983	14.920	8.553	5.991	15.312	28.900
24/08/1983	0.000	6.143	7.545	13.054	30.900
25/08/1983	2.668	7.326	6.982	14.277	31.900
26/08/1983	0.000	7.364	7.348	14.545	34.500
27/08/1983	0.000	8.662	5.429	15.045	29.900
28/08/1983	14.572	7.253	8.170	14.946	26.800
29/08/1983	0.586	7.641	7.884	15.268	35.600
30/08/1983	3.693	7.489	6.973	14.402	37.400
31/08/1983	0.000	9.520	5.500	16.241	27.800
01/09/1983	0.656	8.594	6.277	15.446	24.600
02/09/1983	0.000	6.544	7.786	13.696	23.700
03/09/1983	14.798	8.834	6.446	15.866	22.800
04/09/1983	0.000	7.866	6.036	14.241	22.800
05/09/1983	0.000	7.818	7.161	14.946	30.900
06/09/1983	13.281	6.859	6.902	13.438	37.400
07/09/1983	13.281	7.084	7.411	14.107	23.400
08/09/1983	0.474	7.234	6.295	13.518	22.600
09/09/1983	0.000	7.918	7.143	15.027	20.600
10/09/1983	0.000	5.739	7.205	12.152	20.100
11/09/1983	0.000	6.621	6.696	12.946	19.800
12/09/1983	4.342	6.890	7.491	13.893	20.600
13/09/1983	0.000	6.960	7.080	13.679	19.300
14/09/1983	0.000	7.956	5.848	14.196	20.100
15/09/1983	0.000	7.412	6.964	14.205	19.300
16/09/1983	0.000	6.846	7.991	14.170	18.500
17/09/1983	0.000	8.884	7.223	16.375	16.500
18/09/1983	0.000	7.397	7.045	14.223	16.300
19/09/1983	0.000	8.539	5.312	14.661	16.500
20/09/1983	0.000	7.545	5.161	13.161	21.800
21/09/1983	0.000	8.310	5.473	14.420	16.700
22/09/1983	0.000	8.166	4.955	13.902	16.600
23/09/1983	0.000	9.538	4.920	15.804	17.900
24/09/1983	0.000	7.691	5.714	13.732	17.000
25/09/1983	0.000	8.614	7.205	15.991	17.900
26/09/1983	0.000	8.983	6.071	15.759	15.500
27/09/1983	0.000	7.595	6.777	14.321	14.300
28/09/1983	0.000	7.866	6.607	14.580	13.500
29/09/1983	0.000	8.580	6.286	15.366	13.900
30/09/1983	0.000	8.140	5.571	14.286	14.200
01/10/1983	0.000	8.523	4.929	14.420	18.100
02/10/1983	1.498	7.593	5.768	13.670	24.600
03/10/1983	0.000	7.838	7.625	15.268	19.500
04/10/1983	0.000	6.014	8.125	13.241	23.400
05/10/1983	9.270	7.256	8.321	15.000	49.400
06/10/1983	0.000	7.563	7.455	14.804	40.700
07/10/1983	5.752	8.577	5.384	14.821	29.800
08/10/1983	3.581	8.454	5.786	14.920	19.400
09/10/1983	1.437	8.498	6.438	15.402	16.000
10/10/1983	0.000	9.387	7.241	17.161	14.500
11/10/1983	5.217	7.062	7.607	14.277	14.100
12/10/1983	0.000	7.458	7.723	14.875	13.800
13/10/1983	0.000	6.272	7.848	13.402	16.200
14/10/1983	0.000	7.898	7.277	15.214	22.100
15/10/1983	2.657	5.528	6.661	11.580	32.500
16/10/1983	0.000	4.772	6.982	10.884	39.700
17/10/1983	0.000	7.169	4.679	12.536	29.300
18/10/1983	0.000	10.090	3.982	16.295	17.900
19/10/1983	18.564	6.184	6.661	12.527	15.000
20/10/1983	35.873	6.804	5.438	12.536	16.500
21/10/1983	1.641	6.509	6.134	12.625	19.600
22/10/1983	4.499	7.408	6.848	14.393	19.200
23/10/1983	3.429	8.079	4.982	14.107	18.900
24/10/1983	4.749	5.857	7.384	12.661	19.700
25/10/1983	15.761	5.147	7.420	11.732	19.300
26/10/1983	0.000	7.051	6.295	13.554	21.000
27/10/1983	5.627	6.176	7.089	12.902	26.300
28/10/1983	9.719	5.883	7.071	12.491	19.400
29/10/1983	16.751	4.463	8.071	11.429	24.000
30/10/1983	31.057	5.910	7.286	12.741	39.000
31/10/1983	0.000	6.303	6.857	12.964	32.200
01/11/1983	0.000	6.137	6.768	12.661	24.400
02/11/1983	18.625	6.936	7.366	14.232	20.300
03/11/1983	0.000	5.566	8.446	13.179	19.100
04/11/1983	2.600	6.402	8.393	14.241	19.000
05/11/1983	9.541	6.958	7.973	14.705	19.300
06/11/1983	0.000	8.255	7.277	16.071	15.200
07/11/1983	0.000	9.172	5.911	16.536	14.200
08/11/1983	35.149	5.767	7.723	12.946	14.200
09/11/1983	1.650	6.361	6.223	12.696	13.600
10/11/1983	0.641	6.230	6.598	12.786	15.300
11/11/1983	22.392	6.678	6.304	13.241	18.000
12/11/1983	1.869	6.116	7.232	13.116	20.300
13/11/1983	0.000	7.855	7.018	15.446	18.100
14/11/1983	19.806	8.172	5.661	15.062	24.000
15/11/1983	0.000	7.058	6.598	14.045	27.600
16/11/1983	13.767	8.246	6.616	15.786	29.900
17/11/1983	7.066	5.477	7.018	12.116	27.500
18/11/1983	0.000	6.079	7.304	13.188	22.900
19/11/1983	0.000	6.065	7.438	13.259	18.700
20/11/1983	0.000	6.116	7.857	13.643	19.900
21/11/1983	1.261	6.546	8.179	14.509	18.100
22/11/1983	0.000	6.061	8.321	13.946	21.200
23/11/1983	0.000	6.113	8.116	13.866	17.500
24/11/1983	22.099	6.510	6.723	13.455	32.000
25/11/1983	0.000	5.810	7.571	13.080	22.900
26/11/1983	0.317	5.206	8.018	12.589	21.300
27/11/1983	2.405	5.423	6.991	12.125	21.300
28/11/1983	5.653	6.976	6.312	13.884	18.000
29/11/1983	2.691	4.332	7.062	10.679	17.900
30/11/1983	8.994	4.584	7.027	10.991	47.300
01/12/1983	0.000	7.210	6.482	14.429	39.700
02/12/1983	0.000	7.965	6.268	15.384	28.700
03/12/1983	45.029	6.603	6.804	13.714	21.500
04/12/1983	0.000	6.163	6.812	13.125	18.900
05/12/1983	3.188	6.574	6.670	13.616	20.700
06/12/1983	12.312	5.679	7.009	12.571	28.100
07/12/1983	0.000	3.841	6.661	9.732	39.700
08/12/1983	0.000	7.742	4.920	14.250	40.000
09/12/1983	0.969	6.289	6.670	13.214	33.600
10/12/1983	17.513	5.861	6.527	12.509	50.500
11/12/1983	23.952	5.893	6.286	12.393	38.100
12/12/1983	6.130	5.168	7.071	11.902	38.600
13/12/1983	7.509	6.965	6.366	14.036	37.300
14/12/1983	0.000	6.801	6.393	13.812	31.100
15/12/1983	0.000	5.880	7.455	13.205	28.100
16/12/1983	0.000	5.515	6.955	12.312	23.600
17/12/1983	0.000	5.747	7.616	13.134	22.200
18/12/1983	0.000	6.834	7.000	14.259	21.700
19/12/1983	2.026	7.060	7.482	14.946	22.700
20/12/1983	28.932	5.938	7.473	13.339	38.600
21/12/1983	5.956	6.656	7.241	14.179	27.500
22/12/1983	0.000	5.618	7.857	13.125	24.800
23/12/1983	1.441	4.865	7.089	11.482	21.200
24/12/1983	1.023	5.758	7.036	12.714	18.900
25/12/1983	0.000	6.595	6.205	13.375	18.200
26/12/1983	16.374	6.263	6.125	12.795	18.300
27/12/1983	0.000	6.384	6.339	13.152	18.400
28/12/1983	0.000	7.921	5.866	15.116	16.000
29/12/1983	0.000	7.574	6.438	14.946	14.500
30/12/1983	12.069	5.661	8.152	13.402	15.900
31/12/1983	0.000	6.200	7.196	13.464	25.000
01/01/1984	2.622	5.520	6.295	11.812	37.570
02/01/1984	5.209	7.480	7.080	15.232	32.170
03/01/1984	9.292	5.392	6.643	11.857	29.730
04/01/1984	0.000	7.441	6.723	14.920	39.230
05/01/1984	36.647	5.671	7.214	12.679	50.890
06/01/1984	6.395	6.111	6.741	12.973	52.210
07/01/1984	9.279	5.458	6.446	11.768	43.530
08/01/1984	47.305	6.761	6.429	13.714	50.270
09/01/1984	0.000	6.719	6.339	13.509	38.950
10/01/1984	0.000	5.650	7.304	12.679	34.500
11/01/1984	0.000	6.951	7.062	14.348	34.800
12/01/1984	0.000	7.135	6.616	14.286	28.420
13/01/1984	0.386	7.507	6.670	14.857	22.850
14/01/1984	0.931	6.330	5.223	12.116	20.100
15/01/1984	4.372	7.501	6.580	14.768	18.000
16/01/1984	8.868	7.107	5.589	13.509	17.370
17/01/1984	6.085	6.311	6.464	12.929	16.750
18/01/1984	6.801	4.875	7.107	11.375	16.250
19/01/1984	1.909	7.698	6.804	15.134	16.250
20/01/1984	23.869	5.853	7.232	12.804	17.390
21/01/1984	9.028	5.629	5.991	11.562	17.530
22/01/1984	3.590	5.994	6.232	12.241	28.150
23/01/1984	4.480	6.465	6.286	12.938	34.850
24/01/1984	0.000	7.236	6.357	14.098	26.170
25/01/1984	0.000	7.114	7.509	14.679	32.410
26/01/1984	10.953	7.322	6.893	14.545	33.450
27/01/1984	20.969	5.877	6.321	12.080	33.140
28/01/1984	6.106	5.983	7.411	13.009	30.770
29/01/1984	0.000	7.156	6.402	13.929	34.850
30/01/1984	0.000	7.209	6.107	13.768	22.570
31/01/1984	0.000	7.182	6.393	13.920	20.650
01/02/1984	0.000	7.008	5.625	13.143	18.000
02/02/1984	0.000	5.455	7.884	12.580	18.750
03/02/1984	10.904	6.816	7.116	13.875	22.570
04/02/1984	3.533	6.377	6.839	13.036	17.250
05/02/1984	28.599	6.160	7.018	12.866	34.120
06/02/1984	9.640	5.195	6.964	11.482	34.480
07/02/1984	0.000	5.796	6.241	11.777	23.120
08/02/1984	0.000	4.943	6.357	10.670	19.270
09/02/1984	0.000	5.281	6.304	11.071	39.680
10/02/1984	0.000	5.780	6.330	11.759	33.390
11/02/1984	0.000	6.486	5.929	12.446	25.170
12/02/1984	0.000	7.478	7.527	14.929	20.670
13/02/1984	32.176	6.599	6.464	12.938	18.500
14/02/1984	11.395	7.270	6.893	14.170	21.700
15/02/1984	5.363	5.875	7.000	12.312	21.180
16/02/1984	0.000	5.838	7.554	12.696	38.340
17/02/1984	0.000	6.763	7.188	13.643	29.470
18/02/1984	0.000	5.539	7.107	11.920	26.720
19/02/1984	26.915	5.757	7.018	12.116	26.840
20/02/1984	2.898	5.349	7.830	12.214	25.230
21/02/1984	29.124	7.226	6.777	13.911	26.160
22/02/1984	0.000	5.761	7.098	12.179	29.190
23/02/1984	0.000	6.382	7.679	13.393	35.320
24/02/1984	0.473	6.321	7.866	13.464	48.260
25/02/1984	1.491	6.184	6.545	12.295	43.090
26/02/1984	0.104	7.182	7.830	14.536	37.560
27/02/1984	2.346	7.324	7.170	14.259	32.820
28/02/1984	1.253	7.462	7.402	14.571	24.830
29/02/1984	12.814	7.066	6.545	13.438	21.820
01/03/1984	2.228	4.727	7.000	10.714	20.580
02/03/1984	0.000	5.448	7.071	11.652	20.100
03/03/1984	0.000	6.780	7.223	13.545	25.080
04/03/1984	0.000	5.476	7.536	12.045	25.470
05/03/1984	18.133	7.032	6.062	13.018	22.550
06/03/1984	0.000	7.622	7.643	14.884	21.750
07/03/1984	11.564	7.810	6.768	14.545	23.110
08/03/1984	12.699	5.939	7.607	12.643	23.880
09/03/1984	0.000	7.301	7.554	14.402	22.330
10/03/1984	0.000	8.926	5.929	15.491	19.340
11/03/1984	0.000	7.380	5.348	12.982	17.750
12/03/1984	0.000	7.445	6.045	13.536	16.500
13/03/1984	0.000	8.104	6.214	14.518	15.500
14/03/1984	0.000	9.743	5.339	16.196	14.750
15/03/1984	0.000	9.831	4.920	16.071	14.740
16/03/1984	0.000	8.016	5.857	14.179	14.320
17/03/1984	4.632	6.953	7.312	13.741	14.480
18/03/1984	0.000	6.038	7.143	12.411	16.170
19/03/1984	0.000	5.831	6.429	11.634	17.940
20/03/1984	1.980	6.550	5.759	12.098	18.910
21/03/1984	0.000	6.937	6.527	13.161	18.710
22/03/1984	1.357	7.305	6.795	13.848	19.450
23/03/1984	22.635	6.215	7.286	12.741	20.840
24/03/1984	10.856	7.360	6.893	13.964	18.430
25/03/1984	0.000	6.793	6.759	13.134	16.560
26/03/1984	0.000	7.051	7.714	14.143	15.750
27/03/1984	17.709	8.054	6.857	14.875	15.450
28/03/1984	18.343	7.724	6.911	14.491	14.750
29/03/1984	12.623	7.676	7.170	14.643	14.750
30/03/1984	26.706	6.710	7.589	13.652	26.070
31/03/1984	0.000	7.722	7.875	15.179	19.520
01/04/1984	0.491	5.727	7.366	12.205	34.650
02/04/1984	11.229	7.737	7.036	14.625	34.190
03/04/1984	0.000	8.176	5.920	14.491	23.900
04/04/1984	11.856	8.207	6.696	15.027	19.250
05/04/1984	0.618	6.952	6.955	13.527	17.620
06/04/1984	0.000	7.891	6.214	14.312	16.500
07/04/1984	10.512	6.266	7.098	12.732	19.620
08/04/1984	5.538	6.438	6.893	12.812	18.560
09/04/1984	19.820	8.026	6.902	15.000	23.750
10/04/1984	0.000	6.100	7.188	12.607	19.290
11/04/1984	0.000	5.043	6.973	11.062	18.000
12/04/1984	0.563	5.893	7.420	12.509	18.880
13/04/1984	0.000	5.847	6.643	11.884	23.780
14/04/1984	25.130	7.335	7.402	14.429	20.620
15/04/1984	0.000	8.210	6.027	14.696	23.250
16/04/1984	21.684	6.668	6.179	12.714	34.190
17/04/1984	0.000	7.403	7.188	14.429	32.840
18/04/1984	0.000	8.410	5.946	15.000	22.300
19/04/1984	0.000	8.533	6.357	15.429	18.520
20/04/1984	2.159	7.571	7.188	14.670	16.250
21/04/1984	0.000	6.269	6.330	12.321	15.250
22/04/1984	11.555	5.557	6.964	11.839	14.860
23/04/1984	14.404	6.590	8.152	14.098	18.260
24/04/1984	18.177	5.949	7.589	12.830	29.300
25/04/1984	0.000	5.521	7.884	12.527	43.010
26/04/1984	15.095	3.968	7.759	10.500	45.470
27/04/1984	27.948	7.197	5.786	13.321	45.550
28/04/1984	1.782	8.205	7.277	15.741	34.850
29/04/1984	16.694	6.152	7.179	12.875	68.640
30/04/1984	2.169	6.815	6.973	13.652	42.600
01/05/1984	0.000	6.958	6.188	13.348	41.910
02/05/1984	0.907	7.560	6.804	14.589	34.380
03/05/1984	29.219	5.087	7.848	12.018	55.440
04/05/1984	2.001	9.753	5.071	16.625	34.850
05/05/1984	0.000	8.827	5.982	15.884	26.210
06/05/1984	0.000	6.152	6.902	12.741	22.020
07/05/1984	3.885	5.801	7.821	12.973	19.550
08/05/1984	13.298	5.543	7.179	12.170	18.760
09/05/1984	43.823	4.586	8.259	11.759	21.310
10/05/1984	0.000	7.127	7.821	14.830	20.740
11/05/1984	2.491	8.059	7.696	16.045	21.070
12/05/1984	25.013	6.679	6.455	13.250	32.430
13/05/1984	9.222	5.234	6.884	11.571	26.990
14/05/1984	0.000	6.224	6.045	12.348	32.810
15/05/1984	11.817	6.775	6.036	13.152	37.080
16/05/1984	1.565	6.038	6.571	12.482	42.980
17/05/1984	11.607	6.952	6.973	14.062	38.600
18/05/1984	0.802	6.957	7.196	14.241	33.270
19/05/1984	10.090	6.234	7.884	13.750	35.420
20/05/1984	0.000	6.970	8.062	14.893	35.120
21/05/1984	4.572	5.355	8.375	12.955	37.760
22/05/1984	1.642	5.925	7.929	13.375	43.740
23/05/1984	24.895	6.310	6.964	13.241	50.040
24/05/1984	0.000	7.080	6.679	14.161	44.680
25/05/1984	0.000	5.768	6.839	12.393	42.560
26/05/1984	26.330	5.449	6.527	11.732	62.620
27/05/1984	22.329	5.592	6.188	11.696	53.550
28/05/1984	9.730	5.832	6.125	12.000	44.660
29/05/1984	0.000	5.789	6.777	12.411	39.580
30/05/1984	0.000	7.278	8.134	15.500	32.680
31/05/1984	2.127	6.181	8.080	13.946	26.150
01/06/1984	38.500	5.797	7.991	13.357	92.360
02/06/1984	2.211	6.771	8.098	14.812	45.750
03/06/1984	7.739	5.750	7.312	12.821	25.230
04/06/1984	0.000	5.015	7.125	11.643	37.400
05/06/1984	0.000	6.693	6.830	13.830	21.470
06/06/1984	0.000	6.608	7.277	14.027	45.750
07/06/1984	0.000	4.756	7.964	11.964	87.590
08/06/1984	0.796	5.156	7.420	12.080	40.550
09/06/1984	0.000	6.661	6.116	13.321	49.070
10/06/1984	0.000	6.671	7.036	13.955	20.180
11/06/1984	20.331	6.478	6.509	13.321	19.680
12/06/1984	0.000	5.934	7.348	13.161	19.980
13/06/1984	1.555	4.886	7.562	11.839	30.190
14/06/1984	1.382	5.986	7.330	13.214	64.280
15/06/1984	3.738	5.865	7.438	13.116	79.900
16/06/1984	5.307	6.755	7.625	14.527	47.230
17/06/1984	5.641	6.842	6.812	14.098	37.040
18/06/1984	3.473	5.423	7.098	12.241	34.850
19/06/1984	5.389	5.917	7.304	13.107	40.960
20/06/1984	0.000	6.330	6.679	13.241	22.300
21/06/1984	0.000	8.445	5.438	15.580	27.510
22/06/1984	2.796	5.573	7.402	12.688	28.520
23/06/1984	0.711	5.027	7.455	11.955	35.210
24/06/1984	10.362	4.399	7.411	11.062	40.580
25/06/1984	5.820	6.852	6.750	14.062	35.270
26/06/1984	6.915	5.927	6.804	12.741	25.200
27/06/1984	13.157	5.147	6.750	11.616	24.510
28/06/1984	0.000	6.573	7.205	13.973	24.170
29/06/1984	13.830	5.390	6.982	12.134	32.870
30/06/1984	0.000	6.167	7.295	13.455	31.120
01/07/1984	11.860	5.329	7.107	12.098	56.390
02/07/1984	3.780	5.552	5.991	11.589	43.950
03/07/1984	10.102	7.091	6.857	14.455	32.430
04/07/1984	7.315	6.175	7.009	13.214	30.030
05/07/1984	11.301	5.034	6.911	11.509	38.630
06/07/1984	4.600	7.368	5.295	13.795	33.720
07/07/1984	1.923	6.426	6.545	13.223	29.340
08/07/1984	20.152	5.927	6.679	12.589	29.320
09/07/1984	0.795	7.366	5.304	13.768	36.890
10/07/1984	0.000	6.096	6.509	12.696	28.440
11/07/1984	0.000	7.399	6.473	14.580	25.450
12/07/1984	0.000	5.680	6.188	11.848	24.120
13/07/1984	0.000	5.718	6.491	12.134	28.380
14/07/1984	4.615	6.144	7.589	13.527	34.720
15/07/1984	7.302	6.587	6.286	13.223	39.630
16/07/1984	12.085	6.259	6.741	13.062	50.500
17/07/1984	0.000	6.840	6.143	13.482	34.830
18/07/1984	0.000	6.121	6.018	12.330	29.480
19/07/1984	0.000	6.218	5.875	12.348	40.550
20/07/1984	0.000	5.790	4.688	10.875	44.290
21/07/1984	0.000	7.602	3.089	12.598	37.710
22/07/1984	0.000	6.570	3.402	11.170	29.560
23/07/1984	0.000	6.700	5.625	12.839	26.340
24/07/1984	0.000	6.313	5.446	12.134	23.400
25/07/1984	0.000	6.265	5.991	12.455	30.240
26/07/1984	0.000	5.381	7.062	11.964	42.770
27/07/1984	0.000	7.518	6.143	14.339	33.880
28/07/1984	0.000	6.986	5.991	13.464	24.610
29/07/1984	0.000	5.300	7.188	11.920	26.540
30/07/1984	0.000	5.027	6.562	11.071	37.560
31/07/1984	13.648	5.714	5.938	11.554	31.260
01/08/1984	0.000	8.337	4.071	14.125	25.420
02/08/1984	0.000	7.433	5.893	13.973	21.780
03/08/1984	1.828	6.723	6.982	13.652	22.020
04/08/1984	7.422	7.466	6.643	14.500	42.980
05/08/1984	0.000	6.453	7.705	13.795	35.570
06/08/1984	0.000	7.881	5.536	14.304	40.030
07/08/1984	0.000	9.060	5.375	15.893	28.990
08/08/1984	0.000	6.740	6.866	13.554	24.860
09/08/1984	0.000	5.970	6.607	12.304	23.560
10/08/1984	0.000	5.627	7.250	12.277	25.300
11/08/1984	0.000	7.252	5.000	12.964	29.520
12/08/1984	0.000	8.175	4.839	14.196	32.450
13/08/1984	0.000	5.581	7.366	12.295	29.760
14/08/1984	0.000	6.960	6.321	13.402	27.180
15/08/1984	0.000	8.393	5.420	14.821	23.120
16/08/1984	0.000	7.143	7.732	14.607	21.200
17/08/1984	0.000	7.360	6.982	14.366	20.650
18/08/1984	9.846	6.236	6.857	12.714	25.030
19/08/1984	2.990	6.770	7.214	13.714	50.480
20/08/1984	48.163	6.888	6.955	13.679	61.620
21/08/1984	0.000	7.580	6.839	14.527	47.230
22/08/1984	23.022	6.061	7.196	12.688	40.500
23/08/1984	0.000	7.133	6.009	13.339	40.270
24/08/1984	1.589	8.307	6.420	15.250	34.020
25/08/1984	8.507	7.555	7.375	14.830	27.210
26/08/1984	10.502	6.054	7.884	13.188	47.460
27/08/1984	1.759	6.324	6.652	12.616	40.100
28/08/1984	0.000	7.102	5.509	12.893	32.240
29/08/1984	0.000	6.426	5.554	11.964	27.400
30/08/1984	0.000	8.204	4.536	13.795	22.850
31/08/1984	0.000	6.224	5.795	11.821	20.650
01/09/1984	1.218	6.925	6.857	13.545	19.550
02/09/1984	0.000	7.754	5.857	14.000	18.250
03/09/1984	0.000	7.646	6.339	14.170	18.000
04/09/1984	0.000	8.368	4.821	14.170	18.000
05/09/1984	0.000	7.921	5.866	14.205	18.000
06/09/1984	0.000	6.484	7.759	13.554	18.800
07/09/1984	0.000	6.427	7.812	13.518	23.780
08/09/1984	0.000	7.928	6.982	14.929	28.190
09/09/1984	16.247	6.978	6.464	13.304	32.540
10/09/1984	3.473	7.287	7.125	14.161	38.280
11/09/1984	4.396	6.471	6.812	12.875	35.570
12/09/1984	11.188	6.462	7.420	13.259	34.800
13/09/1984	1.640	7.592	7.143	14.589	36.880
14/09/1984	0.000	8.080	5.866	14.375	32.140
15/09/1984	12.086	8.279	6.491	15.080	23.230
16/09/1984	0.000	7.001	6.098	13.071	22.330
17/09/1984	0.000	5.652	7.170	12.009	16.700
18/09/1984	13.817	8.678	6.161	15.402	26.690
19/09/1984	7.605	5.718	7.027	11.991	30.820
20/09/1984	6.072	6.978	5.080	12.357	31.160
21/09/1984	14.193	6.646	6.875	13.134	31.890
22/09/1984	13.610	7.402	6.393	13.830	62.610
23/09/1984	25.811	6.585	6.777	12.964	42.390
24/09/1984	0.000	6.934	6.054	12.955	35.140
25/09/1984	0.000	8.430	4.857	14.277	44.500
26/09/1984	10.063	7.568	5.286	13.339	36.840
27/09/1984	21.757	7.291	6.589	13.795	44.550
28/09/1984	0.000	6.258	7.759	13.268	33.050
29/09/1984	0.000	7.363	7.232	14.357	40.710
30/09/1984	0.000	6.214	7.277	12.866	35.050
01/10/1984	0.000	7.054	7.250	13.955	40.440
02/10/1984	0.000	7.298	6.589	13.830	35.520
03/10/1984	6.156	6.287	7.304	12.982	30.100
04/10/1984	4.057	6.684	7.170	13.438	27.520
05/10/1984	0.000	7.084	7.536	14.223	30.080
06/10/1984	21.913	7.232	6.670	13.848	28.880
07/10/1984	11.681	7.189	6.661	13.804	31.850
08/10/1984	11.244	7.643	6.196	14.098	39.110
09/10/1984	0.000	8.359	6.848	15.571	34.600
10/10/1984	0.000	6.878	6.661	13.375	24.890
11/10/1984	19.682	6.691	6.411	12.955	23.700
12/10/1984	0.000	6.800	7.375	13.786	24.880
13/10/1984	0.000	5.598	7.429	12.232	24.720
14/10/1984	0.246	6.688	6.884	13.339	24.380
15/10/1984	10.847	8.370	7.000	15.714	39.450
16/10/1984	2.990	6.952	7.054	13.821	36.440
17/10/1984	3.412	7.626	6.071	14.071	35.320
18/10/1984	37.892	6.146	6.938	12.652	41.600
19/10/1984	8.865	5.858	7.241	12.509	59.380
20/10/1984	2.327	6.502	7.232	13.366	49.780
21/10/1984	0.810	5.950	8.116	13.304	42.770
22/10/1984	8.046	8.701	6.991	16.268	46.500
23/10/1984	18.304	3.922	7.652	10.393	40.270
24/10/1984	0.000	5.922	4.964	10.982	39.000
25/10/1984	28.763	6.568	6.857	13.268	36.880
26/10/1984	16.783	5.652	7.473	12.455	31.400
27/10/1984	0.000	6.133	7.366	13.054	31.340
28/10/1984	32.697	6.312	7.357	13.339	48.170
29/10/1984	22.601	7.125	6.911	14.143	42.710
30/10/1984	5.897	5.424	6.938	11.830	48.630
31/10/1984	0.000	8.055	7.188	15.661	43.570
01/11/1984	15.945	6.057	5.902	11.955	52.490
02/11/1984	0.000	8.146	6.464	15.348	41.690
03/11/1984	0.000	8.810	5.000	15.411	33.070
04/11/1984	0.000	7.498	6.500	14.491	27.410
05/11/1984	12.182	7.039	5.982	13.464	40.880
06/11/1984	30.923	5.146	7.589	12.009	50.640
07/11/1984	20.756	4.771	6.750	10.893	73.840
08/11/1984	10.648	6.880	5.089	12.714	50.790
09/11/1984	0.892	8.744	4.589	15.161	34.510
10/11/1984	10.382	8.241	5.714	15.143	33.750
11/11/1984	10.597	6.649	5.946	13.000	32.380
12/11/1984	33.639	6.361	6.357	12.866	28.940
13/11/1984	26.541	7.561	6.339	14.616	38.130
14/11/1984	3.916	6.160	6.554	12.741	52.170
15/11/1984	24.454	6.740	6.562	13.571	51.650
16/11/1984	0.000	7.196	7.455	14.866	37.810
17/11/1984	0.000	6.393	6.134	12.795	31.960
18/11/1984	0.000	6.884	6.411	13.723	36.670
19/11/1984	0.000	6.838	7.902	14.723	33.750
20/11/1984	0.000	6.016	7.527	13.304	37.700
21/11/1984	0.000	5.430	8.161	12.973	35.970
22/11/1984	0.000	7.703	7.188	15.482	30.590
23/11/1984	34.191	5.784	7.518	12.991	28.940
24/11/1984	1.921	6.287	7.027	13.366	31.940
25/11/1984	31.127	6.353	7.188	13.598	41.980
26/11/1984	4.665	5.562	7.098	12.393	36.820
27/11/1984	4.981	6.620	6.473	13.482	40.630
28/11/1984	14.187	6.939	7.509	14.688	40.840
29/11/1984	10.336	6.365	5.714	12.625	61.820
30/11/1984	5.010	6.513	6.839	13.607	41.450
01/12/1984	0.000	9.066	6.357	17.062	34.760
02/12/1984	1.688	8.182	5.652	15.321	30.890
03/12/1984	0.806	7.427	5.473	14.062	28.090
04/12/1984	4.087	6.906	6.571	14.018	27.560
05/12/1984	0.000	7.035	6.830	14.402	26.470
06/12/1984	0.000	7.779	5.902	14.902	24.530
07/12/1984	1.123	8.039	6.241	15.518	23.580
08/12/1984	12.973	7.060	6.839	14.473	24.150
09/12/1984	0.000	6.242	7.652	13.848	22.860
10/12/1984	2.536	6.382	8.036	14.357	23.550
11/12/1984	3.019	7.157	7.429	15.027	22.570
12/12/1984	0.000	7.153	7.125	14.821	22.330
13/12/1984	0.000	7.703	6.982	15.518	22.470
14/12/1984	19.800	7.350	7.429	15.312	21.660
15/12/1984	0.000	7.513	6.741	15.098	20.810
16/12/1984	0.000	7.155	7.866	15.348	21.170
17/12/1984	22.414	6.774	6.330	13.750	22.590
18/12/1984	2.842	6.194	7.179	13.464	29.180
19/12/1984	15.877	5.602	6.732	12.286	43.890
20/12/1984	0.000	6.922	7.018	14.411	36.210
21/12/1984	16.994	6.949	6.688	14.223	28.180
22/12/1984	15.058	5.596	7.580	12.884	25.240
23/12/1984	0.783	5.270	6.768	11.839	26.450
24/12/1984	0.000	6.700	6.830	13.982	42.000
25/12/1984	0.000	6.225	5.696	12.446	34.220
26/12/1984	0.358	5.423	8.500	13.348	29.190
27/12/1984	0.000	5.069	8.652	12.973	26.500
28/12/1984	5.308	6.751	8.527	15.214	24.550
29/12/1984	0.000	7.453	5.670	14.259	23.940
30/12/1984	11.239	6.715	6.830	13.946	21.930
31/12/1984	0.000	7.757	7.429	15.857	20.970
01/01/1985	0.000	5.769	7.562	13.098	20.870
02/01/1985	0.000	7.212	6.688	14.554	20.520
03/01/1985	0.000	6.727	6.643	13.795	19.240
04/01/1985	0.000	6.221	8.214	14.205	19.710
05/01/1985	31.470	6.641	8.571	15.054	23.420
06/01/1985	0.000	6.909	8.045	15.009	34.990
07/01/1985	0.000	6.352	7.321	13.705	27.720
08/01/1985	44.569	7.220	8.214	15.562	25.430
09/01/1985	0.000	6.261	7.982	14.045	25.940
10/01/1985	0.000	7.600	6.911	15.196	23.690
11/01/1985	0.000	8.376	6.000	15.723	21.510
12/01/1985	0.000	8.115	5.759	15.188	23.720
13/01/1985	0.000	6.490	7.018	13.634	22.620
14/01/1985	0.000	7.161	5.759	13.732	21.180
15/01/1985	0.000	6.513	6.179	13.045	20.100
16/01/1985	0.000	7.585	5.491	14.161	19.010
17/01/1985	0.000	6.472	5.634	12.598	18.040
18/01/1985	0.000	6.636	6.089	13.116	17.500
19/01/1985	0.000	7.363	4.866	13.393	17.000
20/01/1985	0.000	7.357	7.161	14.875	16.600
21/01/1985	0.000	4.986	6.723	11.196	18.260
22/01/1985	12.878	5.864	7.679	13.107	23.420
23/01/1985	58.169	5.413	6.455	11.571	31.020
24/01/1985	0.000	7.848	4.812	13.991	23.740
25/01/1985	0.000	6.461	6.054	12.750	20.330
26/01/1985	0.000	7.796	6.161	14.741	20.550
27/01/1985	0.000	6.707	6.214	13.179	23.310
28/01/1985	0.000	5.915	6.304	12.116	20.780
29/01/1985	0.000	4.739	6.821	10.857	18.500
30/01/1985	0.000	8.891	4.955	15.509	17.250
31/01/1985	0.000	8.494	4.723	14.750	16.780
01/02/1985	0.000	8.964	4.866	15.509	15.250
02/02/1985	0.000	6.671	6.054	12.911	14.750
03/02/1985	0.000	7.507	3.830	12.670	14.250
04/02/1985	0.000	8.151	3.821	13.598	14.000
05/02/1985	0.000	8.533	4.357	14.473	13.550
06/02/1985	0.000	7.456	2.545	11.732	13.550
07/02/1985	0.000	7.435	4.893	13.161	14.160
08/02/1985	0.000	7.644	5.241	13.670	14.760
09/02/1985	0.000	6.219	5.911	12.071	15.960
10/02/1985	0.000	7.202	6.223	13.688	23.900
11/02/1985	0.000	7.971	6.964	15.241	29.550
12/02/1985	0.000	7.246	5.911	13.482	20.920
13/02/1985	0.000	7.369	6.634	14.134	18.000
14/02/1985	0.000	8.342	5.768	14.902	16.500
15/02/1985	0.000	7.817	5.027	13.652	15.500
16/02/1985	6.843	9.215	4.009	15.036	15.250
17/02/1985	0.000	8.073	5.009	13.991	14.750
18/02/1985	0.000	5.950	6.241	11.821	14.500
19/02/1985	0.000	6.839	5.312	12.402	14.250
20/02/1985	0.000	10.419	5.384	17.464	13.770
21/02/1985	0.000	8.051	6.536	14.893	13.550
22/02/1985	0.000	6.820	6.089	12.866	13.320
23/02/1985	15.267	5.576	7.598	12.286	13.100
24/02/1985	26.981	7.083	5.929	13.098	15.240
25/02/1985	0.000	7.194	6.955	13.964	21.360
26/02/1985	0.000	6.835	4.705	11.911	17.770
27/02/1985	0.000	7.709	7.179	14.795	15.610
28/02/1985	0.000	7.458	6.536	13.982	15.000
01/03/1985	0.000	6.197	7.714	13.134	14.750
02/03/1985	4.745	7.651	7.795	15.107	14.660
03/03/1985	2.296	6.516	7.080	13.054	15.300
04/03/1985	5.558	8.329	7.893	16.071	18.000
05/03/1985	6.084	8.038	7.777	15.580	15.750
06/03/1985	0.000	7.243	7.777	14.536	16.400
07/03/1985	0.000	6.948	8.330	14.545	20.260
08/03/1985	0.000	7.417	7.223	14.348	18.330
09/03/1985	0.000	8.329	8.188	16.205	16.580
10/03/1985	21.671	7.032	7.714	14.143	15.200
11/03/1985	1.073	9.268	7.071	16.714	17.310
12/03/1985	14.104	8.855	7.232	16.214	28.370
13/03/1985	14.104	7.570	7.955	15.009	23.410
14/03/1985	0.000	7.664	7.357	14.723	18.770
15/03/1985	0.000	8.383	7.670	15.884	16.750
16/03/1985	0.000	9.183	5.295	15.446	15.250
17/03/1985	0.000	10.195	4.964	16.607	14.250
18/03/1985	0.000	8.243	6.929	15.214	14.310
19/03/1985	0.000	7.898	8.134	15.562	14.670
20/03/1985	0.000	6.104	7.500	12.759	24.140
21/03/1985	0.000	9.967	3.589	15.491	17.800
22/03/1985	0.000	10.134	3.366	15.580	15.250
23/03/1985	0.000	9.238	6.054	15.955	13.960
24/03/1985	0.000	7.757	6.616	14.321	13.550
25/03/1985	0.000	7.386	6.866	14.009	12.870
26/03/1985	0.000	8.327	8.223	16.188	12.650
27/03/1985	1.566	6.093	8.554	13.562	13.040
28/03/1985	0.000	6.965	8.652	14.714	12.650
29/03/1985	0.000	6.658	8.661	14.375	13.130
30/03/1985	0.754	7.256	8.652	15.107	13.620
31/03/1985	30.290	6.992	7.500	13.946	15.290
01/04/1985	15.155	7.258	7.250	14.170	25.000
02/04/1985	0.623	6.520	7.304	13.179	30.300
03/04/1985	1.593	8.917	6.250	15.714	19.500
04/04/1985	0.000	7.493	7.036	14.304	18.150
05/04/1985	3.113	8.268	7.196	15.455	18.560
06/04/1985	6.143	6.624	7.089	13.170	21.110
07/04/1985	0.180	6.970	7.393	13.875	22.050
08/04/1985	9.661	6.003	7.482	12.679	17.520
09/04/1985	4.590	5.367	7.554	11.911	17.210
10/04/1985	0.000	6.562	6.527	12.732	17.730
11/04/1985	0.000	8.464	7.518	15.991	15.580
12/04/1985	0.000	7.012	7.696	14.188	15.150
13/04/1985	0.000	7.792	7.250	14.911	14.750
14/04/1985	0.000	8.192	5.982	14.634	13.550
15/04/1985	0.000	8.005	7.464	15.375	12.650
16/04/1985	0.000	7.195	7.455	14.286	12.420
17/04/1985	0.000	7.595	7.848	15.116	11.970
18/04/1985	0.000	6.821	6.723	13.277	11.520
19/04/1985	0.263	6.124	9.250	14.241	11.070
20/04/1985	11.223	5.925	8.080	13.107	11.720
21/04/1985	1.428	7.587	6.768	14.393	14.850
22/04/1985	18.605	6.506	7.286	13.321	15.550
23/04/1985	13.317	8.111	7.652	15.777	19.020
24/04/1985	16.165	4.497	8.036	11.357	33.140
25/04/1985	17.881	4.657	7.777	11.348	56.480
26/04/1985	11.521	6.833	7.696	14.125	44.840
27/04/1985	24.901	6.377	6.348	12.562	32.480
28/04/1985	0.000	8.187	6.518	15.170	21.210
29/04/1985	0.000	8.345	6.107	15.161	19.820
30/04/1985	2.483	7.583	6.929	14.661	20.010
01/05/1985	0.000	7.248	6.295	13.786	25.210
02/05/1985	0.000	8.077	6.723	15.223	21.190
03/05/1985	0.000	5.487	7.295	12.107	18.650
04/05/1985	16.617	6.441	7.357	13.438	19.760
05/05/1985	0.000	7.018	7.634	14.446	19.960
06/05/1985	30.046	5.447	7.696	12.375	33.850
07/05/1985	1.190	5.710	7.955	12.929	27.650
08/05/1985	0.317	5.483	8.420	13.000	27.850
09/05/1985	10.647	5.488	8.071	12.768	30.070
10/05/1985	0.000	6.868	7.268	14.071	30.650
11/05/1985	24.724	5.135	7.643	11.991	53.330
12/05/1985	2.965	6.450	7.723	13.830	40.810
13/05/1985	19.479	4.808	7.268	11.286	41.130
14/05/1985	10.121	5.192	7.366	11.893	37.830
15/05/1985	11.878	5.391	7.330	12.143	65.460
16/05/1985	14.885	6.735	7.384	14.009	35.910
17/05/1985	10.712	5.077	7.821	12.098	30.450
18/05/1985	7.621	6.438	6.652	13.125	28.350
19/05/1985	0.000	7.004	7.446	14.491	53.400
20/05/1985	7.735	7.474	7.679	15.330	36.630
21/05/1985	0.000	8.319	6.196	15.554	24.140
22/05/1985	0.000	6.965	6.286	13.661	20.070
23/05/1985	0.000	6.403	7.732	13.911	18.800
24/05/1985	0.000	5.468	7.804	12.688	38.260
25/05/1985	0.000	6.846	7.598	14.446	37.820
26/05/1985	0.000	5.893	7.732	13.232	52.970
27/05/1985	0.000	5.934	7.554	13.161	44.590
28/05/1985	0.000	5.542	7.911	12.902	51.100
29/05/1985	0.000	6.601	8.071	14.473	49.300
30/05/1985	0.000	5.227	8.491	12.938	48.050
31/05/1985	0.000	4.269	8.491	11.777	41.210
01/06/1985	0.000	4.575	8.196	11.875	63.580
02/06/1985	33.239	3.672	8.438	10.982	82.470
03/06/1985	0.000	4.495	7.598	11.286	61.030
04/06/1985	0.000	5.507	7.455	12.580	47.680
05/06/1985	0.000	5.944	7.643	13.330	29.580
06/06/1985	7.137	4.970	7.339	11.750	20.920
07/06/1985	0.000	6.043	7.554	13.420	24.950
08/06/1985	0.000	4.637	7.339	11.339	24.890
09/06/1985	0.000	4.176	6.357	9.938	32.320
10/06/1985	0.000	5.599	3.848	10.170	27.510
11/06/1985	0.000	5.257	5.473	10.804	20.920
12/06/1985	0.000	6.408	3.634	11.259	22.020
13/06/1985	0.000	7.673	4.259	13.634	17.000
14/06/1985	0.000	6.611	6.295	13.375	17.250
15/06/1985	0.000	5.076	7.188	11.804	19.550
16/06/1985	0.000	6.432	6.973	13.580	22.500
17/06/1985	0.000	7.249	6.634	14.580	18.070
18/06/1985	11.128	5.783	6.580	12.384	22.020
19/06/1985	0.000	5.819	7.259	12.946	36.310
20/06/1985	0.000	5.540	6.848	12.241	19.850
21/06/1985	0.000	5.931	6.857	12.804	25.230
22/06/1985	0.000	5.891	6.714	12.643	19.970
23/06/1985	23.430	6.472	7.286	13.884	23.240
24/06/1985	0.000	6.996	7.205	14.589	23.850
25/06/1985	0.000	6.148	7.321	13.446	78.850
26/06/1985	0.000	3.892	7.161	10.214	48.620
27/06/1985	0.000	5.971	7.250	13.152	26.570
28/06/1985	0.000	7.100	5.009	13.268	30.950
29/06/1985	0.000	5.071	6.304	11.152	24.010
30/06/1985	0.000	5.452	6.321	11.679	25.230
01/07/1985	0.000	8.552	3.679	14.643	22.300
02/07/1985	2.187	7.050	5.500	13.491	20.650
03/07/1985	8.985	6.897	5.848	13.491	20.400
04/07/1985	0.000	6.488	4.625	12.027	22.020
05/07/1985	0.000	6.532	5.125	12.438	24.920
06/07/1985	0.000	5.964	5.562	11.875	22.850
07/07/1985	0.000	5.348	5.741	11.089	24.660
08/07/1985	0.000	7.756	4.250	13.705	37.210
09/07/1985	0.000	6.575	6.339	13.304	28.350
10/07/1985	0.000	6.201	4.786	11.670	23.810
11/07/1985	0.000	6.811	5.955	13.384	39.590
12/07/1985	0.000	6.683	5.946	13.179	40.730
13/07/1985	0.000	5.859	5.964	11.973	28.690
14/07/1985	0.000	5.027	6.384	11.062	52.280
15/07/1985	0.000	4.953	6.589	11.116	39.790
16/07/1985	0.000	6.355	6.152	12.804	35.900
17/07/1985	0.000	6.403	5.821	12.634	41.180
18/07/1985	0.000	5.553	6.045	11.536	31.820
19/07/1985	0.000	5.434	6.411	11.634	26.720
20/07/1985	0.000	4.958	5.455	10.241	26.830
21/07/1985	0.000	5.918	5.902	11.938	35.340
22/07/1985	0.000	6.830	4.500	12.312	26.220
23/07/1985	0.000	8.367	4.286	14.473	19.570
24/07/1985	8.612	7.196	5.509	13.509	18.610
25/07/1985	28.840	5.085	6.054	10.804	21.910
26/07/1985	0.314	7.659	6.839	15.036	22.420
27/07/1985	0.000	5.982	7.125	12.839	22.490
28/07/1985	7.918	8.209	5.464	14.902	22.590
29/07/1985	0.000	6.420	6.429	12.938	45.080
30/07/1985	3.789	8.156	4.911	14.438	41.280
31/07/1985	7.940	5.482	7.125	12.080	26.470
01/08/1985	0.000	7.404	5.946	13.982	28.410
02/08/1985	0.000	6.334	5.768	12.304	23.040
03/08/1985	0.000	6.302	5.446	12.018	35.630
04/08/1985	0.000	7.557	5.946	14.152	38.480
05/08/1985	0.000	7.776	4.152	13.304	37.220
06/08/1985	0.000	7.173	5.188	13.071	30.240
07/08/1985	0.000	6.374	6.509	12.804	40.730
08/08/1985	17.327	5.491	5.857	11.125	76.200
09/08/1985	0.000	6.751	6.812	13.536	60.630
10/08/1985	0.000	5.751	6.473	11.875	44.680
11/08/1985	0.000	8.029	5.920	14.714	29.650
12/08/1985	0.000	7.815	4.902	13.732	23.270
13/08/1985	0.000	5.960	6.018	11.804	21.110
14/08/1985	6.302	7.737	5.562	14.018	18.310
15/08/1985	19.121	7.640	5.946	14.098	25.470
16/08/1985	0.000	6.261	6.277	12.375	27.310
17/08/1985	0.000	7.123	5.429	13.000	35.170
18/08/1985	0.000	6.958	4.920	12.420	33.340
19/08/1985	0.000	7.627	5.973	14.054	45.400
20/08/1985	26.285	5.499	7.188	11.973	63.610
21/08/1985	0.000	6.721	6.223	12.929	69.160
22/08/1985	4.604	6.818	5.848	12.786	45.150
23/08/1985	0.000	6.655	6.446	12.964	34.470
24/08/1985	0.000	9.091	4.812	15.330	30.410
25/08/1985	0.000	8.909	4.179	14.643	24.530
26/08/1985	28.492	6.750	6.670	13.223	48.060
27/08/1985	0.000	7.534	5.696	13.679	54.680
28/08/1985	0.000	7.303	6.223	13.670	41.260
29/08/1985	0.000	6.208	5.812	11.839	43.270
30/08/1985	0.000	8.982	4.134	14.696	32.410
31/08/1985	0.000	7.738	6.688	14.554	26.050
01/09/1985	0.000	7.697	6.134	14.107	21.470
02/09/1985	0.000	6.571	5.152	11.857	19.660
03/09/1985	0.000	8.186	5.330	14.250	21.570
04/09/1985	0.049	7.443	5.402	13.241	27.500
05/09/1985	9.256	8.700	5.982	15.366	23.410
06/09/1985	0.000	6.578	7.286	13.357	22.600
07/09/1985	0.000	8.293	6.643	15.214	23.880
08/09/1985	12.911	8.603	5.071	14.634	30.710
09/09/1985	21.956	6.780	6.759	13.268	53.090
10/09/1985	2.205	6.316	6.598	12.500	35.670
11/09/1985	0.000	7.021	7.366	13.991	30.690
12/09/1985	0.000	6.760	7.518	13.750	21.970
13/09/1985	16.640	6.781	7.330	13.652	19.660
14/09/1985	0.296	6.039	7.223	12.571	20.100
15/09/1985	0.224	6.820	7.616	13.875	19.870
16/09/1985	4.599	6.377	6.509	12.500	19.030
17/09/1985	0.000	7.485	7.205	14.482	16.810
18/09/1985	0.000	8.215	5.661	14.438	15.500
19/09/1985	0.000	7.411	7.241	14.393	14.750
20/09/1985	0.043	7.212	6.893	13.893	14.000
21/09/1985	0.000	7.372	7.804	14.732	14.000
22/09/1985	0.000	6.966	8.009	14.348	13.320
23/09/1985	0.000	7.741	5.759	13.830	13.540
24/09/1985	20.226	8.334	6.304	15.036	15.550
25/09/1985	0.000	6.719	7.080	13.366	17.470
26/09/1985	10.682	7.104	7.446	14.143	34.670
27/09/1985	20.588	5.501	7.420	12.027	51.910
28/09/1985	7.030	6.705	6.777	13.161	49.920
29/09/1985	10.351	5.647	7.062	11.964	30.250
30/09/1985	7.908	6.841	6.973	13.464	41.140
01/10/1985	4.231	6.336	6.902	12.759	24.610
02/10/1985	7.616	7.942	6.759	14.839	19.300
03/10/1985	5.642	6.047	6.938	12.402	22.370
04/10/1985	3.721	7.080	8.241	14.714	32.730
05/10/1985	6.327	7.425	7.036	14.339	33.750
06/10/1985	0.443	8.503	6.375	15.393	27.880
07/10/1985	1.505	9.672	5.312	16.375	25.430
08/10/1985	0.432	6.804	7.759	14.027	23.960
09/10/1985	11.369	7.467	6.054	13.759	28.150
10/10/1985	20.613	7.671	7.036	14.723	43.620
11/10/1985	7.222	7.288	7.348	14.446	31.960
12/10/1985	0.000	7.103	7.652	14.384	22.300
13/10/1985	0.000	7.722	7.812	15.348	18.880
14/10/1985	0.000	6.737	8.179	14.277	16.500
15/10/1985	0.251	7.628	7.536	15.036	15.500
16/10/1985	0.000	8.053	6.455	14.902	15.000
17/10/1985	0.419	6.991	6.545	13.536	15.170
18/10/1985	1.406	6.414	7.045	13.107	18.820
19/10/1985	19.981	6.972	7.027	13.848	25.230
20/10/1985	2.218	6.241	7.357	13.098	27.970
21/10/1985	15.343	8.034	5.643	14.438	29.960
22/10/1985	3.711	8.604	4.179	14.384	25.490
23/10/1985	6.437	7.461	5.902	13.812	21.920
24/10/1985	9.077	6.539	5.839	12.491	24.960
25/10/1985	8.735	7.182	6.670	13.982	29.960
26/10/1985	10.064	7.654	7.089	14.946	22.930
27/10/1985	0.000	7.774	5.482	14.045	20.820
28/10/1985	8.161	7.292	7.009	14.393	31.540
29/10/1985	33.343	6.164	7.679	13.339	51.860
30/10/1985	14.005	5.558	7.036	12.089	33.660
31/10/1985	0.187	7.853	6.259	14.750	28.380
01/11/1985	0.000	7.801	3.348	12.839	19.890
02/11/1985	0.000	9.799	3.589	15.973	16.500
03/11/1985	0.000	9.303	3.580	15.241	14.500
04/11/1985	0.000	8.689	4.402	14.848	13.780
05/11/1985	0.000	6.261	7.089	13.143	19.320
06/11/1985	25.272	6.441	6.179	12.750	24.690
07/11/1985	0.000	7.114	6.312	13.821	34.220
08/11/1985	0.000	8.683	4.920	15.214	27.780
09/11/1985	0.000	7.862	5.545	14.411	22.380
10/11/1985	2.685	7.254	6.839	14.411	24.750
11/11/1985	0.876	8.117	5.830	15.027	23.330
12/11/1985	13.937	4.507	7.375	11.027	20.130
13/11/1985	0.924	4.684	5.848	10.089	23.180
14/11/1985	19.716	3.361	7.268	9.589	29.440
15/11/1985	25.084	5.148	7.214	11.804	32.330
16/11/1985	0.728	5.488	7.250	12.321	33.930
17/11/1985	0.000	5.812	7.375	12.857	28.480
18/11/1985	0.000	5.018	7.723	12.054	24.720
19/11/1985	0.000	5.276	7.545	12.259	24.250
20/11/1985	31.859	7.107	5.857	13.688	25.220
21/11/1985	0.835	6.462	6.366	13.098	23.380
22/11/1985	48.398	6.563	6.446	13.357	19.790
23/11/1985	0.000	8.009	5.562	14.902	34.720
24/11/1985	0.000	7.332	7.429	15.152	27.310
25/11/1985	0.000	8.193	3.821	14.107	20.110
26/11/1985	29.293	8.365	3.875	14.429	17.250
27/11/1985	0.000	7.417	5.179	13.795	17.120
28/11/1985	0.000	7.165	6.946	14.616	18.630
29/11/1985	0.000	7.174	6.384	14.250	17.610
30/11/1985	5.432	5.323	5.438	10.839	16.830
01/12/1985	1.412	8.269	5.134	15.134	18.900
02/12/1985	0.000	6.442	6.214	13.080	20.690
03/12/1985	1.119	8.372	3.786	14.464	21.180
04/12/1985	1.693	5.854	6.661	12.554	17.000
05/12/1985	13.732	7.350	7.536	15.357	15.780
06/12/1985	43.349	6.472	8.027	14.429	17.270
07/12/1985	12.527	4.969	7.768	12.143	23.220
08/12/1985	0.000	7.474	6.036	14.536	20.560
09/12/1985	6.056	5.727	6.688	12.429	17.230
10/12/1985	0.000	5.885	7.393	13.161	16.000
11/12/1985	17.110	6.964	8.402	15.429	15.000
12/12/1985	0.000	6.677	6.777	13.893	14.500
13/12/1985	11.341	6.400	6.527	13.295	14.250
14/12/1985	0.695	7.134	5.080	13.455	13.780
15/12/1985	1.715	7.553	4.473	13.705	13.890
16/12/1985	0.000	7.131	4.241	12.911	13.320
17/12/1985	0.000	8.484	4.768	15.304	12.870
18/12/1985	0.000	7.848	5.446	14.750	12.420
19/12/1985	19.056	6.184	6.232	12.777	12.200
20/12/1985	0.000	8.120	4.080	14.321	12.200
21/12/1985	3.482	7.314	5.464	13.964	12.290
22/12/1985	0.000	7.771	6.241	15.152	12.590
23/12/1985	0.000	8.292	6.545	16.125	11.970
24/12/1985	0.000	9.051	4.589	16.054	11.620
25/12/1985	0.000	8.035	6.277	15.580	11.840
26/12/1985	0.000	6.028	7.571	13.500	11.820
27/12/1985	1.733	6.510	7.188	13.911	13.720
28/12/1985	3.080	4.298	6.786	10.455	17.290
29/12/1985	2.012	6.124	6.902	13.179	20.240
30/12/1985	0.000	6.252	6.750	13.214	17.360
31/12/1985	0.000	7.162	6.500	14.411	14.750
01/01/1986	0.000	6.324	6.607	13.196	13.770
02/01/1986	0.000	6.638	6.464	13.562	12.870
03/01/1986	0.000	6.953	6.411	13.973	12.420
04/01/1986	0.000	5.993	6.732	12.777	12.200
05/01/1986	7.015	6.125	6.554	12.848	12.200
06/01/1986	27.950	6.045	7.143	13.170	15.070
07/01/1986	2.086	6.399	6.955	13.518	14.010
08/01/1986	0.000	6.816	6.643	13.884	12.650
09/01/1986	0.000	7.118	6.339	14.125	12.200
10/01/1986	0.461	5.969	8.312	13.857	12.200
11/01/1986	0.000	7.508	6.964	15.089	11.970
12/01/1986	0.000	6.972	8.330	15.241	11.970
13/01/1986	0.000	7.274	7.929	15.384	11.520
14/01/1986	0.000	5.951	8.125	13.643	11.070
15/01/1986	0.000	6.968	7.223	14.438	11.630
16/01/1986	17.547	6.567	5.723	12.830	12.030
17/01/1986	0.000	5.808	8.384	13.643	11.630
18/01/1986	0.000	4.807	8.339	12.268	21.890
19/01/1986	0.000	5.574	8.286	13.205	55.600
20/01/1986	0.000	6.350	7.955	14.036	42.040
21/01/1986	0.000	5.089	7.420	11.866	32.160
22/01/1986	0.000	5.228	8.125	12.580	21.550
23/01/1986	2.151	7.061	7.911	14.920	16.860
24/01/1986	12.610	5.764	7.071	12.518	15.810
25/01/1986	0.000	6.026	7.777	13.393	15.940
26/01/1986	2.214	5.457	7.509	12.375	16.440
27/01/1986	47.987	4.648	8.116	11.804	16.020
28/01/1986	4.369	6.821	5.205	12.679	16.750
29/01/1986	0.000	7.536	6.795	14.732	14.300
30/01/1986	0.000	6.340	7.009	13.170	13.110
31/01/1986	31.689	6.877	6.643	13.670	13.250
01/02/1986	6.510	7.807	6.982	15.214	17.070
02/02/1986	0.000	8.071	6.152	15.000	14.500
03/02/1986	2.623	7.792	7.089	15.205	13.020
04/02/1986	2.056	6.687	8.241	14.491	12.420
05/02/1986	0.000	6.903	7.339	14.107	12.330
06/02/1986	0.000	8.049	6.759	15.312	11.520
07/02/1986	0.000	8.302	7.000	15.795	11.070
08/02/1986	0.000	9.521	5.500	16.527	10.620
09/02/1986	0.000	8.034	6.875	15.321	10.410
10/02/1986	0.000	7.363	6.527	14.107	11.220
11/02/1986	0.264	7.480	6.768	14.429	13.930
12/02/1986	17.670	7.540	7.089	14.714	13.120
13/02/1986	19.276	4.863	6.795	10.848	13.020
14/02/1986	0.000	4.888	6.938	10.982	13.830
15/02/1986	0.000	4.775	7.250	11.062	28.710
16/02/1986	0.000	5.245	7.312	11.705	25.670
17/02/1986	0.000	6.587	7.250	13.455	25.820
18/02/1986	9.238	6.104	7.759	13.179	37.230
19/02/1986	11.418	7.372	5.732	13.455	29.380
20/02/1986	12.675	8.760	5.464	15.223	23.520
21/02/1986	0.000	8.415	4.830	14.295	20.130
22/02/1986	6.726	7.446	6.812	14.232	23.590
23/02/1986	11.577	6.056	6.598	12.205	24.500
24/02/1986	7.859	6.393	6.857	12.821	49.750
25/02/1986	40.389	5.954	7.366	12.598	68.650
26/02/1986	1.740	7.039	6.312	13.295	35.610
27/02/1986	2.917	6.258	5.152	11.411	26.980
28/02/1986	26.708	7.456	4.982	12.955	31.160
01/03/1986	17.794	5.502	6.107	11.009	62.470
02/03/1986	8.169	5.653	6.009	11.134	44.970
03/03/1986	1.542	7.626	4.438	12.821	48.870
04/03/1986	1.761	6.475	6.250	12.402	45.570
05/03/1986	0.000	8.472	6.643	15.402	28.250
06/03/1986	21.400	7.946	6.241	14.384	24.170
07/03/1986	18.465	6.835	5.277	12.196	20.420
08/03/1986	3.249	7.647	5.402	13.402	22.020
09/03/1986	0.000	7.924	6.045	14.196	19.520
10/03/1986	5.666	8.111	6.098	14.500	22.320
11/03/1986	21.891	7.070	6.312	13.214	25.330
12/03/1986	1.345	6.432	6.554	12.527	28.970
13/03/1986	13.813	4.343	7.107	10.295	50.360
14/03/1986	16.523	7.742	5.205	13.411	55.140
15/03/1986	0.000	8.842	4.884	14.714	32.870
16/03/1986	4.265	6.667	6.438	12.750	30.080
17/03/1986	0.000	7.124	6.696	13.562	29.900
18/03/1986	0.000	7.192	6.009	13.134	22.570
19/03/1986	0.173	6.284	7.170	12.741	19.310
20/03/1986	16.308	6.247	7.366	12.848	17.750
21/03/1986	0.000	7.043	7.384	13.884	16.970
22/03/1986	0.000	6.869	6.920	13.357	18.140
23/03/1986	0.000	9.639	6.571	16.866	17.450
24/03/1986	0.000	6.151	7.446	12.777	16.950
25/03/1986	0.000	6.319	7.893	13.366	16.250
26/03/1986	0.000	6.941	7.661	13.973	15.500
27/03/1986	0.000	5.890	7.768	12.696	14.790
28/03/1986	10.286	5.079	7.848	11.777	14.870
29/03/1986	5.798	6.764	7.830	13.902	15.830
30/03/1986	6.193	6.688	8.295	14.125	18.280
31/03/1986	0.000	6.468	8.295	13.848	18.890
01/04/1986	0.000	7.467	7.518	14.571	16.610
02/04/1986	5.716	7.920	7.562	15.205	16.500
03/04/1986	12.772	9.174	6.795	16.429	18.750
04/04/1986	9.954	7.721	8.080	15.330	16.680
05/04/1986	9.442	6.116	7.589	12.875	20.510
06/04/1986	7.636	7.226	7.750	14.464	21.930
07/04/1986	32.314	4.879	7.670	11.402	38.940
08/04/1986	0.000	4.577	7.857	11.250	42.550
09/04/1986	13.705	6.419	7.179	12.991	50.620
10/04/1986	3.661	6.585	8.009	13.857	34.500
11/04/1986	0.000	6.576	8.116	13.920	27.860
12/04/1986	0.000	5.716	9.062	13.554	24.620
13/04/1986	0.000	6.506	8.116	13.857	25.420
14/04/1986	13.080	6.652	8.536	14.348	21.050
15/04/1986	12.683	7.753	7.482	15.062	22.450
16/04/1986	0.510	7.208	7.982	14.705	30.040
17/04/1986	12.591	4.738	7.607	11.241	29.530
18/04/1986	0.000	6.415	7.509	13.321	23.210
19/04/1986	38.551	6.161	7.143	12.750	31.740
20/04/1986	0.000	6.737	7.420	13.714	32.030
21/04/1986	9.064	6.873	7.830	14.196	31.280
22/04/1986	5.509	6.397	7.071	13.018	44.490
23/04/1986	16.338	4.649	8.420	11.830	40.880
24/04/1986	10.386	5.101	7.804	11.920	34.110
25/04/1986	1.792	7.831	7.616	15.375	25.390
26/04/1986	8.083	6.876	7.911	14.330	38.070
27/04/1986	0.000	7.638	8.205	15.580	28.970
28/04/1986	7.119	5.510	8.250	12.804	32.480
29/04/1986	0.000	6.108	8.375	13.679	34.820
30/04/1986	5.771	7.322	7.652	14.795	25.210
01/05/1986	0.000	7.527	8.232	15.500	21.470
02/05/1986	0.000	7.341	7.795	14.946	18.760
03/05/1986	0.000	6.831	8.357	14.679	17.360
04/05/1986	9.633	6.868	8.312	14.705	18.190
05/05/1986	8.518	9.003	7.429	17.036	27.940
06/05/1986	1.591	6.761	8.080	14.429	25.420
07/05/1986	0.882	8.295	8.536	16.830	19.840
08/05/1986	9.719	8.372	8.777	17.125	18.680
09/05/1986	4.662	6.536	8.375	14.366	19.100
10/05/1986	6.785	7.549	8.661	15.964	22.090
11/05/1986	1.147	6.283	9.027	14.554	23.720
12/05/1986	13.053	6.245	8.839	14.357	18.390
13/05/1986	2.536	7.631	8.375	15.902	16.950
14/05/1986	0.424	7.566	7.973	15.571	16.500
15/05/1986	4.579	6.549	9.027	14.946	26.800
16/05/1986	0.000	7.687	8.786	16.321	29.100
17/05/1986	1.689	6.661	8.634	14.821	20.180
18/05/1986	7.022	6.761	8.795	15.080	23.350
19/05/1986	0.605	7.681	8.679	16.286	18.360
20/05/1986	4.582	6.849	8.420	14.973	18.870
21/05/1986	0.000	5.090	8.116	12.402	19.580
22/05/1986	12.534	6.171	8.250	13.955	22.370
23/05/1986	16.723	5.772	8.321	13.509	73.200
24/05/1986	0.308	7.851	6.661	15.250	40.750
25/05/1986	0.000	6.891	7.455	14.411	36.360
26/05/1986	8.087	5.023	7.179	11.616	40.840
27/05/1986	7.802	3.413	7.357	9.723	41.310
28/05/1986	8.789	4.757	7.661	11.688	50.900
29/05/1986	10.520	7.432	5.964	14.232	45.110
30/05/1986	16.920	6.893	5.357	13.071	27.760
31/05/1986	15.386	6.883	5.786	13.330	24.650
01/06/1986	24.442	5.601	6.902	12.268	46.330
02/06/1986	0.000	4.925	6.973	11.420	41.820
03/06/1986	0.000	6.344	6.616	13.125	32.250
04/06/1986	0.000	7.360	6.348	14.438	26.430
05/06/1986	30.851	6.228	5.670	12.321	26.210
06/06/1986	8.856	5.365	7.179	12.188	35.310
07/06/1986	0.000	5.978	7.259	13.125	38.030
08/06/1986	3.155	4.642	8.107	11.920	33.750
09/06/1986	43.227	6.477	6.955	13.625	34.660
10/06/1986	0.500	6.549	7.196	13.902	35.140
11/06/1986	0.000	5.513	7.402	12.589	25.460
12/06/1986	0.000	6.884	6.857	14.143	25.010
13/06/1986	0.000	5.476	7.884	12.902	29.930
14/06/1986	0.000	6.179	7.098	13.312	36.570
15/06/1986	0.781	5.898	7.223	13.045	34.020
16/06/1986	0.000	6.724	7.339	14.277	30.570
17/06/1986	0.000	6.314	7.286	13.652	31.510
18/06/1986	0.000	6.159	7.821	13.821	30.610
19/06/1986	0.000	6.550	7.821	14.375	37.160
20/06/1986	0.000	5.202	8.393	12.929	44.640
21/06/1986	0.000	5.491	7.536	12.679	51.760
22/06/1986	1.242	4.843	8.768	12.750	38.500
23/06/1986	0.000	5.815	8.625	13.955	46.100
24/06/1986	0.000	6.018	7.750	13.580	81.340
25/06/1986	0.000	5.564	7.429	12.714	69.700
26/06/1986	0.000	6.762	7.545	14.482	60.380
27/06/1986	0.000	6.517	7.768	14.295	65.590
28/06/1986	0.000	6.547	7.545	14.179	61.210
29/06/1986	0.000	4.880	8.000	12.179	75.220
30/06/1986	0.000	5.446	7.438	12.545	85.960
01/07/1986	11.133	6.428	6.857	13.500	63.040
02/07/1986	10.115	5.437	7.107	12.295	66.850
03/07/1986	4.199	5.499	6.509	11.920	66.280
04/07/1986	1.134	6.582	7.446	14.143	51.240
05/07/1986	0.000	6.581	6.554	13.509	45.730
06/07/1986	0.000	3.831	7.330	10.259	65.820
07/07/1986	0.000	3.691	6.500	9.375	83.870
08/07/1986	0.000	6.371	6.714	13.304	76.170
09/07/1986	0.000	7.603	6.295	14.812	52.700
10/07/1986	0.000	6.215	7.116	13.330	39.880
11/07/1986	0.000	5.045	7.045	11.607	46.720
12/07/1986	0.000	5.882	6.759	12.607	48.840
13/07/1986	0.000	8.222	5.357	15.089	47.020
14/07/1986	1.138	6.997	6.750	14.179	35.820
15/07/1986	2.273	7.129	6.911	14.446	38.430
16/07/1986	0.000	6.410	4.714	11.884	28.600
17/07/1986	0.000	6.207	6.268	12.670	56.400
18/07/1986	0.000	6.081	7.286	13.205	40.950
19/07/1986	0.000	7.137	5.268	13.312	29.810
20/07/1986	0.000	7.740	4.920	13.973	24.450
21/07/1986	0.000	6.380	6.205	12.830	22.130
22/07/1986	6.231	6.141	6.348	12.571	33.520
23/07/1986	3.733	5.287	6.071	11.134	68.030
24/07/1986	0.000	6.325	5.500	12.232	34.930
25/07/1986	0.000	7.096	4.946	12.973	26.160
26/07/1986	0.000	7.228	3.920	12.491	22.680
27/07/1986	0.000	6.698	5.375	12.643	20.780
28/07/1986	0.000	6.282	5.768	12.277	20.290
29/07/1986	0.000	6.742	6.330	13.330	22.610
30/07/1986	0.000	7.741	4.357	13.482	19.460
31/07/1986	0.000	7.954	6.134	14.929	22.200
01/08/1986	0.000	7.474	5.804	14.000	31.500
02/08/1986	0.000	8.190	6.107	15.214	33.960
03/08/1986	0.000	6.351	5.714	12.268	30.680
04/08/1986	0.000	6.829	5.964	13.116	28.720
05/08/1986	0.000	7.740	6.688	14.902	40.530
06/08/1986	0.000	6.851	7.143	13.946	32.850
07/08/1986	0.000	7.758	6.250	14.616	29.120
08/08/1986	0.000	5.604	7.375	12.375	30.320
09/08/1986	0.000	7.110	6.062	13.527	29.360
10/08/1986	0.000	7.552	6.732	14.589	22.070
11/08/1986	19.332	7.490	6.357	14.232	19.640
12/08/1986	0.000	6.587	7.009	13.402	18.780
13/08/1986	8.205	5.979	7.009	12.554	34.090
14/08/1986	0.000	8.099	6.598	15.205	29.120
15/08/1986	0.000	8.757	4.955	15.071	21.470
16/08/1986	0.000	8.369	5.670	14.955	19.290
17/08/1986	0.000	7.954	6.545	14.911	20.620
18/08/1986	12.243	6.498	7.589	13.634	38.370
19/08/1986	0.000	8.466	4.839	14.527	36.270
20/08/1986	0.000	6.743	7.080	13.571	25.750
21/08/1986	6.141	6.236	7.312	13.045	20.670
22/08/1986	0.000	8.435	6.152	15.259	18.580
23/08/1986	0.000	9.079	6.134	16.125	17.070
24/08/1986	2.352	7.176	7.545	14.420	17.660
25/08/1986	0.000	6.709	7.330	13.643	18.390
26/08/1986	0.000	8.212	6.545	15.152	17.360
27/08/1986	2.775	7.323	7.455	14.536	17.330
28/08/1986	13.068	8.339	6.366	15.196	16.970
29/08/1986	0.000	7.239	6.857	13.991	16.000
30/08/1986	0.000	6.851	6.946	13.527	15.560
31/08/1986	0.000	7.691	5.661	13.795	16.750
01/09/1986	0.000	7.182	5.446	12.929	15.190
02/09/1986	0.000	7.136	5.955	13.241	16.470
03/09/1986	0.000	7.186	6.107	13.375	19.310
04/09/1986	9.108	6.053	6.679	12.241	29.390
05/09/1986	0.000	9.506	4.830	15.786	31.700
06/09/1986	0.000	8.934	6.205	15.848	20.160
07/09/1986	0.000	7.840	6.464	14.491	18.960
08/09/1986	2.375	7.712	6.812	14.536	24.580
09/09/1986	0.036	7.435	5.571	13.330	18.530
10/09/1986	0.000	6.647	7.321	13.446	18.870
11/09/1986	0.000	6.463	7.482	13.339	19.820
12/09/1986	0.000	6.698	8.000	14.000	19.920
13/09/1986	0.000	9.789	7.143	17.554	17.560
14/09/1986	0.000	7.714	7.741	15.152	17.360
15/09/1986	0.000	8.764	5.455	15.062	18.310
16/09/1986	0.000	8.480	4.920	14.312	14.790
17/09/1986	3.587	9.106	5.143	15.339	13.250
18/09/1986	0.000	8.259	6.071	14.750	12.380
19/09/1986	1.828	8.715	7.009	15.982	12.310
20/09/1986	2.738	7.389	7.473	14.527	13.910
21/09/1986	4.088	6.868	7.616	13.929	21.450
22/09/1986	0.000	7.288	8.009	14.759	20.370
23/09/1986	0.000	6.777	6.991	13.339	23.520
24/09/1986	25.936	8.748	7.295	16.241	27.510
25/09/1986	24.020	7.955	7.116	15.054	40.640
26/09/1986	16.719	7.434	7.536	14.625	53.000
27/09/1986	9.111	6.422	7.598	13.357	26.510
28/09/1986	0.870	5.442	8.375	12.696	28.300
29/09/1986	41.335	4.982	7.277	11.259	81.900
30/09/1986	4.932	7.443	7.741	14.830	29.250
01/10/1986	0.000	7.094	8.643	15.000	76.800
02/10/1986	23.472	5.123	7.938	11.955	80.760
03/10/1986	0.000	5.141	7.438	11.607	66.100
04/10/1986	29.985	4.821	8.116	11.750	51.090
05/10/1986	0.340	6.068	7.393	12.786	28.520
06/10/1986	4.282	6.764	7.509	13.777	34.480
07/10/1986	21.273	6.435	7.536	13.402	28.520
08/10/1986	1.554	7.477	8.277	15.304	20.100
09/10/1986	9.186	8.300	7.402	15.812	18.500
10/10/1986	0.287	7.045	7.714	14.366	18.250
11/10/1986	2.770	4.503	8.116	11.455	23.120
12/10/1986	0.000	6.116	7.536	13.009	28.850
13/10/1986	32.009	7.022	7.473	14.179	30.310
14/10/1986	27.231	5.739	7.250	12.295	94.780
15/10/1986	2.479	6.540	6.500	12.857	61.520
16/10/1986	0.706	6.927	8.607	14.893	52.100
17/10/1986	0.916	8.178	5.545	14.509	34.480
18/10/1986	12.306	5.896	7.036	12.402	31.900
19/10/1986	28.327	7.000	7.580	14.277	79.120
20/10/1986	19.129	7.642	7.857	15.384	42.910
21/10/1986	0.369	7.095	7.625	14.482	41.750
22/10/1986	12.919	6.659	8.161	14.268	49.660
23/10/1986	17.364	7.117	7.482	14.420	63.040
24/10/1986	2.081	6.309	7.732	13.500	49.580
25/10/1986	2.608	4.681	7.679	11.339	43.560
26/10/1986	0.000	4.850	7.330	11.304	38.900
27/10/1986	22.849	4.839	6.848	10.911	50.110
28/10/1986	0.000	5.134	6.732	11.232	48.460
29/10/1986	50.305	4.557	7.062	10.750	50.950
30/10/1986	7.043	7.373	6.688	14.348	43.070
31/10/1986	2.648	6.903	6.830	13.830	40.970
01/11/1986	27.256	5.714	6.795	12.116	50.860
02/11/1986	0.000	6.146	6.598	12.580	39.690
03/11/1986	4.072	5.387	7.268	12.027	33.070
04/11/1986	6.011	7.574	5.098	13.634	31.800
05/11/1986	2.900	6.785	7.205	13.973	36.680
06/11/1986	1.215	7.745	7.062	15.214	35.760
07/11/1986	12.191	5.604	7.500	12.571	30.470
08/11/1986	8.774	6.617	7.259	13.804	36.850
09/11/1986	20.807	7.201	7.330	14.670	45.080
10/11/1986	2.136	8.259	6.679	15.777	38.580
11/11/1986	3.200	6.908	8.009	14.768	34.590
12/11/1986	5.722	4.853	9.134	12.911	28.550
13/11/1986	0.686	5.367	7.527	12.312	26.800
14/11/1986	0.000	6.588	7.625	14.080	25.110
15/11/1986	0.000	6.918	7.045	14.143	24.590
16/11/1986	0.000	6.771	7.714	14.446	22.850
17/11/1986	1.209	7.645	7.482	15.509	21.920
18/11/1986	2.837	8.031	7.696	16.232	21.360
19/11/1986	27.737	7.644	7.768	15.759	22.400
20/11/1986	0.000	7.426	7.027	14.938	21.360
21/11/1986	21.471	6.762	5.911	13.196	20.480
22/11/1986	5.163	6.448	8.152	14.366	20.390
23/11/1986	7.247	5.691	6.848	12.384	26.080
24/11/1986	0.532	5.276	8.134	12.750	45.120
25/11/1986	8.523	7.772	7.134	15.598	31.450
26/11/1986	0.000	8.278	6.562	15.973	23.810
27/11/1986	2.015	6.858	6.036	13.554	24.160
28/11/1986	0.000	7.300	5.750	14.018	26.010
29/11/1986	0.000	8.591	4.723	15.330	22.410
30/11/1986	0.000	8.145	4.089	14.277	20.100
01/12/1986	0.000	8.096	5.446	15.062	19.500
02/12/1986	0.000	9.015	3.688	15.384	23.490
03/12/1986	16.892	7.408	5.152	13.812	20.330
04/12/1986	0.000	7.921	6.759	15.643	19.550
05/12/1986	0.000	6.801	7.607	14.589	24.420
06/12/1986	0.000	6.077	8.402	14.152	27.080
07/12/1986	0.000	5.661	8.482	13.634	24.740
08/12/1986	12.613	6.914	7.857	14.955	42.450
09/12/1986	19.586	6.820	7.955	14.884	31.290
10/12/1986	2.436	6.646	8.312	14.902	28.250
11/12/1986	0.000	6.676	8.438	15.045	23.530
12/12/1986	0.498	7.735	6.571	15.286	21.060
13/12/1986	7.282	6.343	8.125	14.339	20.420
14/12/1986	10.828	8.018	4.946	14.688	20.630
15/12/1986	2.223	6.324	6.589	13.241	21.170
16/12/1986	0.000	7.069	8.089	15.393	22.870
17/12/1986	0.000	7.515	7.009	15.277	21.850
18/12/1986	0.000	7.664	6.420	15.116	19.020
19/12/1986	0.000	7.270	7.116	14.991	17.870
20/12/1986	0.000	5.305	8.196	12.964	24.410
21/12/1986	0.000	7.586	7.036	15.402	26.930
22/12/1986	11.941	6.653	8.509	15.071	20.960
23/12/1986	0.000	5.450	7.938	12.955	20.380
24/12/1986	24.678	5.767	7.857	13.348	34.680
25/12/1986	8.499	6.431	5.750	12.812	25.900
26/12/1986	1.896	7.350	6.750	14.866	19.880
27/12/1986	0.000	5.900	6.955	12.839	17.250
28/12/1986	0.000	5.409	7.545	12.589	16.450
29/12/1986	0.000	7.413	6.955	15.054	16.540
30/12/1986	0.000	6.675	7.821	14.607	16.160
31/12/1986	0.000	7.037	7.875	15.134	15.700
01/01/1987	5.989	6.202	6.357	12.839	16.000
02/01/1987	0.000	7.915	5.946	15.134	15.500
03/01/1987	0.000	5.614	7.321	12.679	14.750
04/01/1987	0.000	7.217	7.304	14.964	14.500
05/01/1987	0.000	7.702	5.795	14.670	14.500
06/01/1987	0.000	8.389	6.589	16.196	14.350
07/01/1987	28.013	7.068	7.821	15.107	16.750
08/01/1987	16.195	6.763	8.000	14.768	26.330
09/01/1987	2.942	5.870	7.473	13.134	22.070
10/01/1987	10.477	8.081	7.866	16.527	20.340
11/01/1987	0.000	7.843	6.429	15.214	17.670
12/01/1987	0.000	7.950	6.455	15.375	16.000
13/01/1987	0.000	7.558	7.973	15.795	15.000
14/01/1987	0.000	7.194	7.464	14.938	14.250
15/01/1987	0.000	7.220	7.438	14.929	14.000
16/01/1987	0.000	6.402	7.223	13.607	14.000
17/01/1987	0.000	8.332	7.857	16.795	13.770
18/01/1987	0.000	7.227	7.527	14.982	13.780
19/01/1987	6.209	6.091	6.875	12.911	14.000
20/01/1987	0.000	7.972	7.607	16.062	14.000
21/01/1987	0.000	7.219	7.000	14.545	14.080
22/01/1987	10.246	5.980	8.170	13.625	13.430
23/01/1987	12.625	7.646	7.438	15.438	13.100
24/01/1987	0.000	8.160	5.920	15.161	13.320
25/01/1987	0.000	8.393	5.562	15.232	12.870
26/01/1987	0.000	7.773	7.420	15.527	12.710
27/01/1987	0.000	7.159	6.759	14.196	13.210
28/01/1987	0.000	7.227	7.536	14.804	13.870
29/01/1987	0.000	8.500	6.875	16.161	13.320
30/01/1987	0.000	7.515	6.277	14.348	12.870
31/01/1987	0.000	6.805	7.616	14.223	13.360
01/02/1987	0.677	7.169	8.018	15.000	14.430
02/02/1987	0.000	7.958	6.464	15.036	13.560
03/02/1987	0.000	6.346	7.670	13.589	14.160
04/02/1987	0.000	7.627	6.607	14.607	14.610
05/02/1987	0.000	7.441	8.366	15.536	13.560
06/02/1987	0.000	8.015	7.384	15.643	12.650
07/02/1987	0.000	7.693	7.732	15.411	12.820
08/02/1987	0.000	8.196	6.393	15.223	13.180
09/02/1987	0.000	6.573	7.071	13.402	12.430
10/02/1987	0.000	6.570	8.107	14.134	12.920
11/02/1987	0.000	6.253	8.491	13.982	18.600
12/02/1987	0.000	6.251	7.804	13.429	28.950
13/02/1987	5.930	7.920	6.955	15.107	32.840
14/02/1987	62.185	4.566	7.696	11.188	51.460
15/02/1987	0.000	7.541	7.482	14.929	31.850
16/02/1987	0.366	7.742	8.018	15.554	27.420
17/02/1987	0.000	6.434	7.902	13.696	18.320
18/02/1987	0.000	6.538	8.491	14.250	16.600
19/02/1987	8.515	6.626	8.714	14.509	18.960
20/02/1987	0.000	7.390	8.143	15.098	19.330
21/02/1987	0.000	7.760	6.946	14.759	17.680
22/02/1987	0.000	6.927	7.786	14.214	16.000
23/02/1987	0.000	6.984	9.009	15.170	14.550
24/02/1987	0.000	6.413	8.054	13.705	13.540
25/02/1987	0.000	8.112	8.562	16.304	13.100
26/02/1987	0.000	7.353	9.125	15.679	13.100
27/02/1987	0.000	7.150	8.562	15.000	13.100
28/02/1987	0.000	6.230	8.625	13.857	13.440
01/03/1987	4.141	6.500	7.393	13.304	13.400
02/03/1987	6.024	7.004	6.857	13.554	12.680
03/03/1987	0.000	7.619	8.518	15.554	11.970
04/03/1987	11.741	5.975	7.911	12.955	11.590
05/03/1987	3.046	6.924	7.491	13.893	14.100
06/03/1987	17.541	7.062	7.500	14.107	26.220
07/03/1987	4.274	7.178	8.062	14.634	17.890
08/03/1987	10.044	5.963	8.152	13.125	21.460
09/03/1987	0.243	6.653	7.375	13.446	17.070
10/03/1987	0.000	7.589	6.902	14.357	15.050
11/03/1987	6.619	7.337	6.509	13.705	13.620
12/03/1987	15.637	8.546	6.661	15.482	13.100
13/03/1987	0.792	7.940	7.420	15.134	12.880
14/03/1987	0.000	7.912	6.982	14.804	13.100
15/03/1987	0.967	7.215	6.384	13.473	13.380
16/03/1987	2.088	7.571	6.670	14.134	13.320
17/03/1987	0.000	7.668	7.625	14.911	18.490
18/03/1987	0.000	5.505	7.723	12.179	26.890
19/03/1987	5.230	7.521	7.107	14.339	16.810
20/03/1987	0.000	8.393	8.259	16.277	13.630
21/03/1987	0.095	7.807	8.973	16.009	12.880
22/03/1987	0.000	7.498	7.625	14.661	12.760
23/03/1987	10.098	7.652	8.259	15.321	11.820
24/03/1987	0.000	8.016	8.161	15.714	11.300
25/03/1987	0.000	9.258	7.241	16.732	10.800
26/03/1987	0.000	9.339	7.786	17.196	10.440
27/03/1987	0.000	8.555	7.018	15.679	12.880
28/03/1987	0.000	7.503	8.482	15.268	15.900
29/03/1987	0.000	7.846	7.830	15.259	13.100
30/03/1987	17.424	5.969	7.768	12.786	12.430
31/03/1987	23.567	7.712	8.170	15.366	12.650
01/04/1987	10.296	8.864	8.071	16.821	13.630
02/04/1987	7.601	7.163	8.518	14.938	32.530
03/04/1987	7.454	4.659	8.250	11.580	77.190
04/04/1987	13.715	7.909	7.634	15.286	46.940
05/04/1987	9.130	7.338	7.312	14.277	38.500
06/04/1987	4.977	7.366	8.161	14.946	33.580
07/04/1987	5.283	7.780	8.420	15.652	25.150
08/04/1987	4.274	5.628	8.777	13.188	33.950
09/04/1987	2.740	6.645	8.571	14.312	46.880
10/04/1987	0.249	5.664	8.670	13.152	27.310
11/04/1987	0.236	7.688	8.366	15.545	24.500
12/04/1987	0.000	7.958	7.643	15.411	32.060
13/04/1987	0.093	7.549	7.232	14.571	23.460
14/04/1987	3.992	8.412	6.357	15.170	23.580
15/04/1987	0.094	9.649	6.054	16.688	18.880
16/04/1987	3.183	8.670	7.321	16.170	17.200
17/04/1987	2.382	7.875	8.402	15.857	15.360
18/04/1987	3.156	7.099	9.018	15.304	15.740
19/04/1987	6.619	6.121	8.482	13.679	19.350
20/04/1987	0.000	7.738	7.402	15.027	21.330
21/04/1987	2.762	8.126	8.107	16.045	18.270
22/04/1987	4.017	9.012	7.562	16.902	17.000
23/04/1987	11.087	8.422	8.009	16.420	15.750
24/04/1987	17.320	4.236	9.241	12.036	50.390
25/04/1987	0.000	7.318	8.527	15.330	39.630
26/04/1987	8.022	5.894	7.455	12.661	28.900
27/04/1987	14.943	6.315	7.643	13.384	43.990
28/04/1987	3.461	4.679	8.616	12.054	38.620
29/04/1987	6.267	7.504	7.982	15.250	32.750
30/04/1987	8.032	6.950	7.759	14.375	24.690
01/05/1987	22.165	4.498	8.018	11.420	27.520
02/05/1987	7.352	6.621	7.866	14.036	28.450
03/05/1987	4.888	8.869	6.750	16.375	25.520
04/05/1987	6.701	6.704	8.598	14.688	28.550
05/05/1987	12.257	6.686	7.973	14.241	35.630
06/05/1987	24.144	6.563	7.268	13.562	56.920
07/05/1987	0.000	7.212	8.312	15.232	48.470
08/05/1987	0.000	7.173	7.393	14.527	35.120
09/05/1987	0.000	7.375	8.143	15.339	34.180
10/05/1987	0.000	6.284	8.875	14.420	37.210
11/05/1987	0.000	6.985	9.071	15.527	30.140
12/05/1987	0.000	7.694	7.634	15.482	24.730
13/05/1987	0.000	6.278	8.839	14.438	38.050
14/05/1987	0.000	6.737	8.589	14.857	47.170
15/05/1987	0.000	6.551	8.884	14.830	41.970
16/05/1987	3.172	6.828	8.205	14.723	39.650
17/05/1987	38.517	6.191	8.000	13.732	50.930
18/05/1987	0.000	7.777	7.304	15.482	37.570
19/05/1987	0.000	7.476	8.759	16.054	26.580
20/05/1987	0.000	6.484	9.286	15.116	23.160
21/05/1987	10.889	6.717	8.518	14.866	27.680
22/05/1987	9.639	4.863	8.625	12.500	31.070
23/05/1987	14.290	6.469	7.955	14.161	44.700
24/05/1987	11.465	5.752	6.938	12.438	65.060
25/05/1987	18.291	5.771	7.759	13.071	43.430
26/05/1987	10.663	6.148	7.929	13.741	31.410
27/05/1987	0.000	6.198	7.295	13.348	33.420
28/05/1987	0.000	7.318	7.723	15.232	29.640
29/05/1987	0.000	6.571	8.161	14.509	23.140
30/05/1987	0.000	7.022	7.554	14.714	20.100
31/05/1987	0.000	6.778	7.768	14.536	18.290
01/06/1987	0.000	4.044	9.018	11.875	19.420
02/06/1987	0.000	5.771	8.071	13.375	28.410
03/06/1987	5.548	5.421	8.500	13.241	23.270
04/06/1987	15.589	4.680	8.473	12.259	20.410
05/06/1987	6.417	5.947	7.848	13.491	22.930
06/06/1987	7.916	5.998	7.830	13.562	25.170
07/06/1987	7.470	6.525	8.884	15.062	23.430
08/06/1987	12.399	5.724	8.830	13.938	33.440
09/06/1987	0.000	6.412	8.562	14.679	50.520
10/06/1987	0.000	5.944	8.589	14.045	33.740
11/06/1987	0.000	5.847	8.179	13.616	31.090
12/06/1987	0.000	6.696	7.830	14.554	24.800
13/06/1987	2.728	6.522	9.089	15.223	23.690
14/06/1987	2.748	6.098	7.705	13.616	21.880
15/06/1987	0.000	6.689	8.482	15.027	22.690
16/06/1987	22.101	6.064	8.196	13.964	19.560
17/06/1987	0.000	7.665	7.304	15.625	18.000
18/06/1987	0.000	6.424	6.920	13.554	17.000
19/06/1987	0.000	6.639	7.455	14.250	16.800
20/06/1987	0.000	6.232	7.688	13.812	21.100
21/06/1987	0.000	7.502	7.143	15.268	17.000
22/06/1987	0.000	7.574	6.616	15.018	16.500
23/06/1987	0.000	6.708	7.714	14.527	15.590
24/06/1987	0.000	5.812	7.991	13.446	40.540
25/06/1987	0.000	5.711	7.821	13.223	47.110
26/06/1987	0.000	5.758	8.116	13.482	41.580
27/06/1987	0.000	5.420	7.402	12.455	30.270
28/06/1987	0.000	7.361	6.527	14.652	21.380
29/06/1987	0.000	5.608	6.491	12.036	18.000
30/06/1987	0.000	6.279	7.821	13.991	16.810
01/07/1987	1.183	6.498	7.571	14.107	25.150
02/07/1987	3.461	8.854	6.902	17.080	20.410
03/07/1987	0.000	5.823	8.170	13.571	18.260
04/07/1987	6.027	5.731	8.509	13.723	21.840
05/07/1987	0.000	4.592	8.473	12.152	63.700
06/07/1987	0.000	6.050	7.964	13.732	36.570
07/07/1987	0.000	6.001	7.295	13.161	23.010
08/07/1987	0.000	7.218	6.562	14.411	18.840
09/07/1987	0.000	7.220	7.321	14.911	24.510
10/07/1987	0.000	5.959	8.214	13.768	36.730
11/07/1987	0.000	6.084	7.911	13.705	45.850
12/07/1987	0.000	7.111	7.304	14.732	39.580
13/07/1987	0.000	8.144	5.964	15.321	30.740
14/07/1987	1.572	7.290	7.089	14.830	26.790
15/07/1987	0.000	6.807	7.375	14.304	58.840
16/07/1987	0.000	7.962	5.661	14.839	43.600
17/07/1987	0.000	7.200	7.714	15.080	31.940
18/07/1987	0.000	7.164	7.036	14.545	31.930
19/07/1987	8.625	6.368	7.982	14.098	27.700
20/07/1987	0.000	7.297	7.330	14.929	21.660
21/07/1987	0.000	8.114	7.027	15.884	18.700
22/07/1987	0.000	7.021	7.286	14.482	21.500
23/07/1987	0.457	7.518	7.661	15.411	19.470
24/07/1987	0.545	6.510	6.929	13.455	23.450
25/07/1987	0.000	6.812	8.232	14.804	44.970
26/07/1987	12.532	6.639	8.170	14.500	43.650
27/07/1987	0.000	8.164	5.723	15.000	28.750
28/07/1987	9.070	7.201	7.375	14.714	22.450
29/07/1987	0.000	8.904	6.625	16.652	20.330
30/07/1987	40.625	6.697	8.875	15.062	46.410
31/07/1987	12.945	6.405	8.223	14.214	44.640
01/08/1987	19.738	5.977	7.795	13.268	63.320
02/08/1987	8.722	8.216	6.946	15.786	43.180
03/08/1987	9.554	7.491	6.384	14.384	37.730
04/08/1987	0.000	7.863	6.330	14.830	32.560
05/08/1987	0.000	7.377	7.009	14.598	23.290
06/08/1987	0.000	7.666	7.232	15.161	20.500
07/08/1987	0.000	7.287	6.938	14.402	19.860
08/08/1987	11.754	7.404	7.652	15.027	22.490
09/08/1987	0.000	7.754	8.161	15.848	39.100
10/08/1987	0.000	7.740	5.732	14.188	33.180
11/08/1987	0.000	7.859	7.054	15.205	35.600
12/08/1987	2.958	5.743	7.964	12.955	37.010
13/08/1987	0.000	6.769	7.455	13.946	35.730
14/08/1987	0.000	7.499	6.438	14.268	24.980
15/08/1987	0.000	7.182	7.821	14.750	24.060
16/08/1987	0.000	8.079	7.857	15.964	21.500
17/08/1987	0.000	7.398	7.196	14.580	18.450
18/08/1987	0.000	7.292	7.777	14.830	22.310
19/08/1987	0.000	8.860	6.938	16.411	23.030
20/08/1987	0.000	8.083	7.312	15.571	19.470
21/08/1987	0.000	8.405	7.259	15.955	43.310
22/08/1987	0.000	6.343	6.938	12.902	41.170
23/08/1987	0.000	8.207	7.330	15.714	37.030
24/08/1987	9.502	6.496	7.929	13.804	21.830
25/08/1987	0.000	8.094	7.250	15.473	21.530
26/08/1987	0.000	8.416	6.723	15.562	21.370
27/08/1987	0.000	8.252	6.795	15.357	22.430
28/08/1987	0.000	7.609	7.580	14.991	21.830
29/08/1987	0.000	8.556	6.920	15.830	16.850
30/08/1987	7.462	6.611	9.018	14.705	16.140
31/08/1987	0.000	7.642	7.589	15.027	23.050
01/09/1987	0.000	7.811	7.795	15.384	28.290
02/09/1987	0.000	10.107	6.080	17.375	18.670
03/09/1987	1.972	7.620	7.018	14.571	15.240
04/09/1987	0.000	6.903	8.696	14.795	16.500
05/09/1987	1.038	8.101	7.607	15.607	20.000
06/09/1987	0.000	8.599	7.911	16.464	20.030
07/09/1987	10.006	7.415	7.036	14.286	23.960
08/09/1987	14.682	6.050	9.321	14.170	18.450
09/09/1987	0.000	9.113	7.259	16.723	18.120
10/09/1987	0.000	8.421	6.161	15.036	17.310
11/09/1987	0.000	9.718	6.509	17.045	14.640
12/09/1987	5.283	9.082	7.973	17.134	13.550
13/09/1987	0.000	8.591	7.455	16.107	12.650
14/09/1987	6.600	8.733	7.482	16.321	11.970
15/09/1987	0.000	8.270	8.920	16.688	11.070
16/09/1987	0.259	7.669	8.366	15.518	10.400
17/09/1987	0.000	8.678	9.295	17.464	10.940
18/09/1987	0.000	10.454	6.232	17.830	14.220
19/09/1987	0.000	8.857	7.455	16.446	11.400
20/09/1987	5.697	7.449	7.875	14.857	11.150
21/09/1987	0.000	10.059	7.518	18.134	14.030
22/09/1987	26.200	8.652	6.598	15.643	22.690
23/09/1987	4.294	7.835	7.143	14.902	17.640
24/09/1987	0.000	8.428	7.598	15.991	15.840
25/09/1987	0.000	5.211	8.241	12.286	25.290
26/09/1987	1.215	8.162	7.446	15.545	24.690
27/09/1987	0.000	11.056	6.384	18.786	17.210
28/09/1987	1.048	8.622	7.473	16.188	15.600
29/09/1987	7.497	8.508	7.143	15.812	14.490
30/09/1987	22.329	4.871	8.170	11.848	15.990
01/10/1987	13.794	8.814	4.688	14.723	20.070
02/10/1987	8.451	7.713	7.134	14.786	45.300
03/10/1987	5.766	5.675	7.643	12.446	37.890
04/10/1987	5.079	6.027	8.179	13.295	47.990
05/10/1987	4.655	6.895	8.000	14.312	37.360
06/10/1987	1.957	5.944	8.679	13.598	43.540
07/10/1987	0.000	5.124	9.688	13.384	30.490
08/10/1987	19.999	6.340	8.321	13.839	22.280
09/10/1987	0.000	6.081	7.973	13.259	23.270
10/10/1987	0.000	7.928	7.857	15.625	23.570
11/10/1987	5.177	7.294	8.116	14.964	17.250
12/10/1987	4.431	9.355	6.179	16.491	26.870
13/10/1987	6.697	9.235	6.786	16.732	32.080
14/10/1987	9.936	6.015	8.509	13.616	22.930
15/10/1987	4.163	7.654	8.777	15.955	20.060
16/10/1987	4.312	7.341	8.920	15.634	29.490
17/10/1987	16.602	5.841	9.000	13.786	22.700
18/10/1987	18.826	6.132	9.009	14.179	20.210
19/10/1987	13.517	6.263	9.009	14.366	20.740
20/10/1987	12.841	6.491	7.696	13.705	18.400
21/10/1987	0.000	7.161	7.500	14.446	15.520
22/10/1987	0.000	6.644	8.688	14.616	13.780
23/10/1987	4.133	7.134	8.580	15.214	21.200
24/10/1987	4.317	7.525	8.643	15.786	20.650
25/10/1987	16.625	7.548	8.161	15.518	21.200
26/10/1987	8.611	6.329	8.607	14.214	27.760
27/10/1987	0.000	4.708	8.839	12.330	27.580
28/10/1987	33.416	6.056	8.152	13.536	18.750
29/10/1987	0.000	7.126	7.812	14.759	21.750
30/10/1987	12.697	5.973	7.938	13.286	41.370
31/10/1987	23.321	6.460	8.777	14.616	33.760
01/11/1987	9.616	8.404	8.402	16.973	25.840
02/11/1987	1.069	7.367	8.527	15.634	34.490
03/11/1987	14.193	7.110	8.643	15.375	29.030
04/11/1987	1.800	6.489	7.741	13.875	19.830
05/11/1987	5.225	7.236	7.812	15.000	21.480
06/11/1987	0.000	5.031	9.527	13.393	22.020
07/11/1987	0.000	8.442	7.723	16.643	19.550
08/11/1987	0.000	7.787	6.321	14.804	18.050
09/11/1987	0.000	8.178	7.223	15.973	17.330
10/11/1987	0.000	8.482	6.562	16.000	16.500
11/11/1987	0.366	6.796	8.875	15.223	15.250
12/11/1987	0.000	6.526	8.464	14.562	14.750
13/11/1987	2.681	8.366	7.509	16.518	14.250
14/11/1987	1.251	8.552	6.875	16.384	14.000
15/11/1987	13.243	7.937	8.295	16.455	14.010
16/11/1987	0.390	6.324	8.446	14.321	14.250
17/11/1987	0.000	7.481	8.375	15.884	14.010
18/11/1987	1.718	6.269	8.795	14.545	13.900
19/11/1987	43.273	6.160	9.295	14.777	16.290
20/11/1987	0.000	6.390	7.696	13.955	17.720
21/11/1987	30.395	5.220	7.321	12.062	39.310
22/11/1987	0.000	6.366	7.875	14.045	29.560
23/11/1987	0.000	7.147	7.312	14.777	21.980
24/11/1987	1.574	7.639	8.527	16.312	18.610
25/11/1987	5.623	6.662	8.643	15.054	21.740
26/11/1987	0.000	7.085	7.705	15.009	22.680
27/11/1987	0.415	6.934	7.330	14.571	18.120
28/11/1987	4.595	6.451	6.679	13.384	16.990
29/11/1987	18.054	8.088	7.688	16.455	20.090
30/11/1987	29.662	5.144	7.589	12.223	33.690
01/12/1987	10.684	7.545	7.705	15.705	34.220
02/12/1987	7.975	6.103	7.982	13.848	26.890
03/12/1987	0.000	5.651	8.143	13.321	26.960
04/12/1987	14.666	8.128	7.750	16.634	28.150
05/12/1987	20.073	7.134	8.384	15.607	31.690
06/12/1987	38.816	7.272	6.598	14.634	29.510
07/12/1987	0.874	5.940	7.107	12.991	29.210
08/12/1987	0.000	7.867	7.625	16.170	31.170
09/12/1987	0.000	8.155	7.571	16.562	22.900
10/12/1987	0.000	6.137	6.884	13.152	19.160
11/12/1987	0.000	7.396	7.661	15.527	20.230
12/12/1987	0.000	8.417	7.911	17.214	21.500
13/12/1987	0.000	7.459	8.250	16.036	36.490
14/12/1987	13.642	7.349	8.098	15.759	31.280
15/12/1987	0.000	7.415	6.625	14.875	21.600
16/12/1987	0.000	8.010	6.277	15.536	18.310
17/12/1987	0.000	8.861	5.482	16.330	16.950
18/12/1987	0.000	8.333	5.946	15.812	15.500
19/12/1987	0.000	7.436	5.732	14.330	14.250
20/12/1987	0.000	7.792	6.929	15.643	14.420
21/12/1987	0.000	6.570	7.509	14.241	18.070
22/12/1987	0.000	7.102	6.196	14.116	14.810
23/12/1987	0.000	8.016	7.205	16.143	13.550
24/12/1987	0.000	6.476	7.777	14.286	12.650
25/12/1987	0.000	8.378	6.214	16.027	11.970
26/12/1987	0.000	7.535	6.688	15.071	11.960
27/12/1987	0.000	6.440	8.062	14.420	11.330
28/12/1987	0.000	7.880	7.991	16.446	12.280
29/12/1987	8.929	6.195	8.304	14.232	12.780
30/12/1987	0.000	6.231	8.277	14.268	11.970
31/12/1987	0.000	4.999	8.750	12.938	20.110
01/01/1988	0.000	5.796	8.598	13.893	21.640
02/01/1988	0.000	6.546	7.446	14.098	16.940
03/01/1988	0.000	5.421	7.661	12.661	13.960
04/01/1988	0.000	5.607	8.188	13.295	14.740
05/01/1988	0.000	6.440	6.786	13.464	13.550
06/01/1988	0.000	5.840	8.429	13.795	14.670
07/01/1988	0.000	5.972	8.562	14.062	14.310
08/01/1988	0.000	6.653	7.562	14.286	12.870
09/01/1988	0.000	6.289	8.009	14.071	12.420
10/01/1988	0.000	4.964	9.080	13.116	11.750
11/01/1988	11.984	6.761	8.179	14.848	11.300
12/01/1988	0.000	7.246	6.536	14.393	10.850
13/01/1988	0.000	6.834	6.670	13.866	10.850
14/01/1988	0.000	6.936	7.830	14.821	10.850
15/01/1988	0.000	6.682	8.366	14.830	10.940
16/01/1988	17.262	6.506	6.893	13.518	11.560
17/01/1988	1.092	7.605	6.929	15.116	11.520
18/01/1988	22.031	6.364	8.161	14.205	12.790
19/01/1988	0.000	7.114	7.616	14.848	14.060
20/01/1988	0.000	7.206	7.357	14.777	12.910
21/01/1988	0.000	7.833	7.304	15.625	12.260
22/01/1988	0.000	8.159	5.420	14.857	13.290
23/01/1988	0.000	7.960	6.045	14.929	12.420
24/01/1988	0.000	7.128	7.116	14.429	12.200
25/01/1988	0.000	8.410	7.036	16.223	11.520
26/01/1988	0.000	8.083	6.393	15.295	11.300
27/01/1988	0.000	6.594	5.955	12.821	11.130
28/01/1988	0.000	6.996	7.830	14.696	10.400
29/01/1988	22.539	6.769	8.134	14.607	10.010
30/01/1988	3.501	5.856	8.696	13.768	11.070
31/01/1988	0.000	6.975	8.196	14.893	10.400
01/02/1988	0.000	8.717	5.634	15.607	10.170
02/02/1988	1.252	6.757	7.893	14.312	9.720
03/02/1988	0.000	7.477	7.062	14.741	9.500
04/02/1988	3.090	6.146	7.473	13.188	9.330
05/02/1988	0.000	6.724	8.312	14.562	10.160
06/02/1988	0.000	6.673	7.946	14.196	9.720
07/02/1988	0.407	6.263	8.304	13.929	9.780
08/02/1988	1.232	7.086	9.027	15.518	12.610
09/02/1988	4.423	6.361	8.634	14.250	15.180
10/02/1988	4.867	8.042	6.777	15.223	12.360
11/02/1988	36.621	4.895	7.955	11.821	13.680
12/02/1988	0.000	6.816	8.098	14.455	11.560
13/02/1988	0.199	6.662	8.339	14.384	11.080
14/02/1988	0.000	7.183	7.732	14.634	11.790
15/02/1988	0.000	7.530	7.357	14.812	10.670
16/02/1988	0.281	8.290	7.339	15.830	10.850
17/02/1988	0.268	9.116	5.982	16.080	10.170
18/02/1988	0.000	9.472	5.670	16.357	9.350
19/02/1988	0.000	8.643	6.955	16.000	9.050
20/02/1988	0.000	8.885	7.339	16.562	8.900
21/02/1988	0.000	8.143	6.598	15.045	8.900
22/02/1988	0.000	6.732	7.696	13.884	8.920
23/02/1988	2.994	7.061	8.455	14.839	8.940
24/02/1988	3.857	5.786	8.750	13.429	8.940
25/02/1988	4.912	7.703	8.598	15.786	10.620
26/02/1988	16.666	5.673	8.598	13.152	14.530
27/02/1988	0.000	6.395	8.321	13.920	15.120
28/02/1988	23.456	7.003	8.482	14.786	12.420
29/02/1988	0.000	9.350	6.527	16.554	10.620
01/03/1988	4.536	8.464	6.259	15.170	10.170
02/03/1988	0.000	8.079	7.161	15.232	11.970
03/03/1988	0.000	8.578	7.018	15.804	9.950
04/03/1988	0.000	8.120	8.000	15.812	9.200
05/03/1988	0.000	8.866	6.384	15.732	8.750
06/03/1988	0.000	9.687	5.170	16.107	8.450
07/03/1988	0.000	9.750	5.893	16.634	8.570
08/03/1988	0.000	7.608	6.330	13.973	11.230
09/03/1988	11.389	5.871	7.955	12.866	13.440
10/03/1988	19.615	8.470	8.152	16.375	14.210
11/03/1988	0.000	7.448	7.348	14.438	10.790
12/03/1988	0.000	9.169	6.509	16.188	11.930
13/03/1988	0.000	7.700	6.009	13.857	16.260
14/03/1988	0.163	10.068	5.125	16.554	16.600
15/03/1988	15.766	9.688	5.625	16.312	11.670
16/03/1988	12.476	6.854	6.098	12.759	12.590
17/03/1988	0.000	7.158	6.777	13.634	13.440
18/03/1988	0.000	6.645	7.884	13.750	11.810
19/03/1988	0.000	8.680	6.143	15.268	10.850
20/03/1988	0.000	7.918	6.402	14.393	9.950
21/03/1988	0.000	8.518	6.955	15.562	9.350
22/03/1988	0.000	9.085	5.214	15.223	9.050
23/03/1988	0.000	9.420	4.848	15.464	8.750
24/03/1988	0.000	9.242	5.741	15.768	8.450
25/03/1988	0.000	9.273	5.491	15.652	8.300
26/03/1988	0.000	7.334	5.929	13.295	8.300
27/03/1988	0.000	8.016	6.536	14.634	8.300
28/03/1988	1.008	8.198	6.143	14.607	8.300
29/03/1988	0.000	6.176	9.777	14.589	8.600
30/03/1988	7.524	6.600	8.848	14.429	9.410
31/03/1988	0.000	7.190	7.446	14.170	9.320
01/04/1988	0.000	7.643	8.786	15.714	9.050
02/04/1988	0.000	7.085	7.554	14.107	8.900
03/04/1988	5.387	7.469	8.446	15.241	9.530
04/04/1988	10.693	8.171	7.938	15.839	15.050
05/04/1988	7.027	7.491	8.250	15.152	12.570
06/04/1988	21.432	4.566	8.661	11.830	16.310
07/04/1988	17.237	6.568	8.107	13.866	27.390
08/04/1988	0.000	7.780	7.759	15.232	21.070
09/04/1988	0.000	6.480	8.795	14.286	23.710
10/04/1988	11.534	5.632	8.688	13.152	38.320
11/04/1988	9.404	5.121	7.714	11.777	40.510
12/04/1988	9.374	6.056	7.714	12.946	28.420
13/04/1988	4.155	5.879	8.018	12.973	49.830
14/04/1988	3.482	9.450	7.821	17.580	32.440
15/04/1988	2.478	5.879	8.009	12.991	22.190
16/04/1988	0.000	6.842	6.598	13.223	17.580
17/04/1988	0.000	6.374	7.929	13.554	15.810
18/04/1988	11.019	7.996	4.893	13.723	13.290
19/04/1988	0.000	8.421	7.241	15.857	12.200
20/04/1988	23.221	6.988	7.527	14.107	11.430
21/04/1988	0.000	6.891	6.580	13.330	10.850
22/04/1988	0.000	6.328	7.973	13.625	10.990
23/04/1988	0.000	8.738	8.071	16.911	12.650
24/04/1988	0.000	7.666	7.143	14.830	12.720
25/04/1988	18.440	7.477	7.214	14.643	12.120
26/04/1988	1.992	7.601	7.366	14.911	10.970
27/04/1988	0.215	6.023	8.402	13.589	11.940
28/04/1988	0.171	7.223	8.232	15.054	12.200
29/04/1988	0.235	5.698	8.625	13.357	13.500
30/04/1988	0.274	6.556	7.107	13.384	18.520
01/05/1988	0.000	4.326	8.571	11.625	18.040
02/05/1988	0.000	7.377	8.482	15.500	24.170
03/05/1988	0.831	7.118	7.946	14.786	23.950
04/05/1988	0.000	5.624	7.839	12.741	32.840
05/05/1988	0.000	7.385	8.125	15.295	31.870
06/05/1988	0.000	6.404	8.554	14.277	19.500
07/05/1988	0.000	8.141	8.491	16.616	16.690
08/05/1988	2.750	5.116	9.036	13.036	32.330
09/05/1988	0.000	6.366	8.616	14.330	33.280
10/05/1988	2.400	5.804	8.527	13.527	32.570
11/05/1988	1.900	7.202	8.223	15.214	26.160
12/05/1988	0.000	6.684	7.982	14.348	22.980
13/05/1988	0.000	6.590	8.429	14.554	17.670
14/05/1988	20.144	6.973	7.964	14.759	17.000
15/05/1988	0.000	6.819	7.857	14.500	20.300
16/05/1988	0.000	8.089	7.982	16.348	28.220
17/05/1988	0.000	5.909	8.991	14.107	25.240
18/05/1988	20.813	6.501	8.339	14.420	39.320
19/05/1988	0.000	6.489	7.795	14.018	31.900
20/05/1988	7.734	6.623	8.098	14.455	29.310
21/05/1988	0.000	6.358	8.509	14.411	30.890
22/05/1988	0.000	7.035	8.732	15.518	28.780
23/05/1988	0.000	5.533	9.241	13.875	25.620
24/05/1988	0.000	6.936	8.723	15.375	19.770
25/05/1988	0.000	6.466	8.973	14.920	24.940
26/05/1988	0.000	4.495	8.821	12.223	50.520
27/05/1988	1.843	6.672	8.143	14.625	38.150
28/05/1988	3.231	6.439	7.402	13.777	33.690
29/05/1988	0.000	6.504	7.705	14.098	27.560
30/05/1988	17.064	7.212	8.188	15.438	28.730
31/05/1988	45.594	5.769	7.366	12.839	28.660
01/06/1988	19.780	5.424	7.580	12.554	27.470
02/06/1988	7.409	4.874	7.616	11.821	29.950
03/06/1988	16.293	5.715	7.464	12.857	32.730
04/06/1988	1.246	5.366	7.598	12.500	34.350
05/06/1988	0.000	6.755	6.223	13.509	32.150
06/06/1988	9.330	6.407	7.571	13.920	36.710
07/06/1988	0.000	7.509	6.420	14.741	27.630
08/06/1988	0.000	7.228	8.036	15.446	19.890
09/06/1988	0.000	5.361	7.830	12.696	21.420
10/06/1988	0.702	5.255	7.750	12.491	48.170
11/06/1988	0.000	4.474	7.955	11.589	41.060
12/06/1988	0.000	5.632	7.545	12.848	30.990
13/06/1988	2.497	6.322	7.607	13.875	29.250
14/06/1988	2.139	4.723	7.393	11.482	28.740
15/06/1988	8.248	6.679	7.670	14.446	32.110
16/06/1988	0.000	6.177	6.143	12.643	26.820
17/06/1988	2.594	6.509	7.259	13.938	44.600
18/06/1988	32.177	5.162	7.071	11.848	57.760
19/06/1988	5.439	4.918	6.812	11.330	74.100
20/06/1988	0.000	5.556	7.241	12.527	51.570
21/06/1988	5.153	6.312	5.964	12.732	29.740
22/06/1988	5.153	6.331	6.170	12.893	22.180
23/06/1988	31.066	6.145	7.848	13.839	22.490
24/06/1988	0.000	6.253	5.652	12.420	24.760
25/06/1988	0.000	4.573	7.143	11.098	45.170
26/06/1988	4.446	5.773	6.938	12.616	38.170
27/06/1988	0.104	6.807	6.259	13.661	33.090
28/06/1988	0.000	6.529	7.446	14.071	23.240
29/06/1988	3.998	4.993	7.027	11.562	31.490
30/06/1988	4.807	5.676	7.482	12.866	27.770
01/07/1988	0.000	7.326	6.250	14.393	45.870
02/07/1988	0.000	7.330	5.054	13.616	40.330
03/07/1988	51.543	4.896	7.545	11.830	93.160
04/07/1988	14.808	5.170	6.946	11.768	68.640
05/07/1988	5.686	6.280	6.625	13.098	63.680
06/07/1988	37.811	5.510	6.688	12.036	59.580
07/07/1988	0.876	5.680	6.616	12.232	62.970
08/07/1988	0.000	5.623	7.643	12.902	40.550
09/07/1988	0.000	5.966	6.839	12.786	40.140
10/07/1988	0.000	6.033	6.152	12.375	39.450
11/07/1988	0.000	5.994	6.902	12.839	42.600
12/07/1988	0.000	6.019	6.223	12.411	66.190
13/07/1988	0.000	5.542	6.366	11.821	60.190
14/07/1988	0.000	6.645	4.321	12.009	34.850
15/07/1988	0.000	6.407	4.723	11.902	25.500
16/07/1988	0.000	5.401	5.652	11.036	20.650
17/07/1988	0.000	5.697	5.071	11.045	19.820
18/07/1988	0.000	5.761	5.625	11.518	38.300
19/07/1988	0.000	5.620	6.321	11.821	39.320
20/07/1988	0.000	5.363	6.902	11.884	43.390
21/07/1988	0.000	5.195	7.196	11.857	38.720
22/07/1988	0.000	6.135	6.643	12.741	43.870
23/07/1988	0.000	6.703	7.018	13.830	39.410
24/07/1988	0.000	6.130	8.080	13.768	39.730
25/07/1988	0.000	6.000	7.804	13.384	62.490
26/07/1988	0.000	5.009	7.339	11.679	61.540
27/07/1988	0.000	7.509	6.616	14.634	32.080
28/07/1988	0.000	8.666	5.357	15.491	23.670
29/07/1988	0.000	6.629	8.473	14.679	21.200
30/07/1988	0.000	8.384	5.420	15.098	20.370
31/07/1988	0.000	8.151	6.500	15.438	19.550
01/08/1988	1.628	6.929	7.598	14.429	19.270
02/08/1988	7.395	5.363	8.241	12.768	23.120
03/08/1988	0.000	6.845	7.705	14.366	32.440
04/08/1988	0.000	7.664	7.402	15.277	22.850
05/08/1988	0.000	6.358	8.321	14.107	19.550
06/08/1988	0.000	7.226	7.196	14.509	17.520
07/08/1988	0.000	7.714	5.500	14.036	22.520
08/08/1988	0.000	7.961	5.723	14.518	30.310
09/08/1988	0.000	6.449	8.161	14.071	31.010
10/08/1988	0.000	6.655	6.098	12.884	23.590
11/08/1988	0.000	6.529	7.562	13.732	20.660
12/08/1988	0.000	8.729	5.214	15.223	18.000
13/08/1988	0.000	6.880	7.214	13.920	16.950
14/08/1988	0.000	6.919	7.491	14.152	20.050
15/08/1988	0.000	7.600	7.170	14.875	22.390
16/08/1988	5.133	7.738	6.741	14.759	22.960
17/08/1988	20.763	6.347	7.420	13.304	24.530
18/08/1988	0.000	7.667	7.607	15.214	34.430
19/08/1988	0.000	7.015	7.696	14.375	23.360
20/08/1988	0.390	7.143	7.554	14.438	25.470
21/08/1988	18.349	5.553	7.634	12.366	37.640
22/08/1988	0.314	5.737	7.071	12.179	30.820
23/08/1988	0.000	7.921	6.652	14.857	22.630
24/08/1988	0.000	6.165	7.366	12.946	18.770
25/08/1988	0.000	6.370	7.446	13.259	17.070
26/08/1988	8.887	8.616	5.661	15.134	20.860
27/08/1988	0.000	5.980	8.205	13.304	30.270
28/08/1988	0.000	7.104	7.804	14.491	46.130
29/08/1988	7.001	7.148	6.393	13.545	31.940
30/08/1988	9.030	6.783	7.188	13.580	26.350
31/08/1988	41.636	5.353	7.143	11.688	25.580
01/09/1988	0.000	7.307	7.071	14.223	43.990
02/09/1988	10.683	6.069	7.375	12.777	27.360
03/09/1988	0.000	6.837	6.777	13.366	23.470
04/09/1988	0.000	8.364	5.759	14.768	26.920
05/09/1988	0.000	6.767	7.554	13.804	19.300
06/09/1988	0.000	8.671	6.393	15.589	16.750
07/09/1988	0.000	6.280	7.429	13.062	15.000
08/09/1988	0.000	6.735	7.107	13.420	14.250
09/09/1988	0.000	7.645	6.152	14.036	14.130
10/09/1988	30.347	6.509	6.804	12.893	16.640
11/09/1988	12.606	6.463	6.991	12.964	17.510
12/09/1988	4.535	6.215	7.884	13.312	31.890
13/09/1988	0.000	5.627	7.661	12.375	41.200
14/09/1988	24.571	7.286	7.509	14.429	59.420
15/09/1988	0.355	6.857	5.509	12.473	35.000
16/09/1988	21.322	9.292	5.777	16.000	29.580
17/09/1988	0.000	7.658	6.562	14.277	23.120
18/09/1988	0.000	5.979	7.911	13.018	20.100
19/09/1988	0.000	5.572	7.473	12.161	25.840
20/09/1988	0.000	6.950	8.250	14.509	51.460
21/09/1988	0.000	7.676	7.089	14.661	40.550
22/09/1988	0.000	7.251	6.036	13.348	28.850
23/09/1988	0.000	8.874	6.848	16.143	27.150
24/09/1988	0.000	7.927	8.438	15.920	24.700
25/09/1988	22.629	7.021	7.616	14.152	24.120
26/09/1988	0.000	6.396	6.848	12.768	23.690
27/09/1988	0.000	8.647	5.366	14.857	28.920
28/09/1988	0.000	6.838	7.241	13.643	20.970
29/09/1988	3.907	8.282	6.036	14.795	20.350
30/09/1988	10.551	7.215	6.920	13.929	20.060
01/10/1988	18.211	5.908	7.804	12.848	38.080
02/10/1988	8.876	6.685	7.688	13.786	42.370
03/10/1988	4.230	7.712	7.518	15.045	45.400
04/10/1988	18.971	7.386	7.759	14.786	33.870
05/10/1988	8.088	5.704	8.545	13.170	29.290
06/10/1988	3.321	6.277	6.920	12.705	25.650
07/10/1988	2.785	5.460	8.250	12.643	26.170
08/10/1988	0.053	5.446	7.527	12.107	38.350
09/10/1988	2.450	5.729	8.554	13.241	42.100
10/10/1988	1.649	7.010	6.438	13.393	23.890
11/10/1988	1.607	8.301	5.991	14.911	19.520
12/10/1988	0.000	7.097	6.991	13.920	21.740
13/10/1988	2.287	6.859	7.554	14.027	23.620
14/10/1988	0.307	5.639	7.786	12.589	26.330
15/10/1988	30.467	5.623	7.339	12.250	23.250
16/10/1988	5.283	8.217	6.277	15.080	20.640
17/10/1988	6.614	7.242	7.071	14.250	22.070
18/10/1988	19.898	6.751	7.366	13.804	21.330
19/10/1988	0.000	7.247	7.902	14.857	18.980
20/10/1988	7.604	6.920	6.152	13.196	18.040
21/10/1988	5.428	7.255	7.152	14.384	19.630
22/10/1988	1.644	7.867	7.973	15.777	19.120
23/10/1988	0.000	8.721	5.554	15.393	17.870
24/10/1988	11.498	7.961	6.446	14.902	15.500
25/10/1988	1.771	6.868	7.080	13.848	16.280
26/10/1988	0.000	8.547	6.786	15.991	17.090
27/10/1988	1.017	6.124	6.848	12.670	17.500
28/10/1988	28.811	6.894	6.696	13.643	20.180
29/10/1988	0.703	7.080	6.857	14.045	22.140
30/10/1988	0.000	6.151	6.821	12.705	25.370
31/10/1988	16.026	6.700	6.679	13.402	25.580
01/11/1988	13.201	6.638	7.304	13.768	30.590
02/11/1988	10.794	6.539	8.268	14.348	32.310
03/11/1988	14.077	6.751	7.795	14.304	41.550
04/11/1988	0.108	6.515	7.839	14.018	26.820
05/11/1988	0.813	6.440	8.152	14.125	19.330
06/11/1988	12.115	7.267	7.750	15.036	18.260
07/11/1988	14.939	6.499	7.732	13.973	24.270
08/11/1988	5.718	6.151	7.661	13.429	29.680
09/11/1988	19.201	5.369	7.982	12.634	55.620
10/11/1988	3.398	6.468	7.616	13.884	36.620
11/11/1988	0.000	5.553	7.741	12.714	36.880
12/11/1988	0.000	6.664	8.500	14.804	46.500
13/11/1988	1.077	6.588	7.464	13.964	37.640
14/11/1988	0.000	6.963	7.562	14.616	37.850
15/11/1988	63.265	5.043	8.054	12.312	34.670
16/11/1988	52.164	4.530	8.420	11.955	59.010
17/11/1988	0.000	5.189	8.125	12.571	46.560
18/11/1988	12.863	5.998	8.348	13.875	46.190
19/11/1988	8.825	5.983	7.777	13.429	42.100
20/11/1988	0.000	6.967	7.295	14.500	36.230
21/11/1988	0.000	5.968	7.661	13.330	34.390
22/11/1988	25.457	6.083	7.955	13.723	55.690
23/11/1988	0.000	6.679	6.661	13.679	41.290
24/11/1988	17.761	6.185	7.643	13.661	36.100
25/11/1988	0.000	7.684	7.741	15.875	39.310
26/11/1988	14.997	6.707	6.714	13.759	39.880
27/11/1988	0.000	7.296	7.000	14.821	38.530
28/11/1988	18.325	5.809	7.920	13.357	33.820
29/11/1988	0.000	5.875	7.911	13.473	29.500
30/11/1988	0.000	6.128	7.652	13.670	34.740
01/12/1988	14.857	5.463	7.482	12.580	43.660
02/12/1988	9.292	6.037	6.464	12.705	42.090
03/12/1988	13.834	6.187	5.482	12.196	33.470
04/12/1988	15.420	6.100	7.188	13.321	42.930
05/12/1988	9.485	5.299	7.152	12.134	42.990
06/12/1988	9.999	6.811	6.223	13.670	31.230
07/12/1988	9.579	4.732	8.098	12.071	40.980
08/12/1988	12.054	6.320	7.509	13.857	35.330
09/12/1988	9.109	7.338	6.857	14.911	41.210
10/12/1988	6.488	7.704	6.929	15.491	32.280
11/12/1988	6.368	7.693	6.732	15.366	26.440
12/12/1988	0.000	8.254	6.580	16.080	24.720
13/12/1988	0.000	6.650	6.420	13.598	23.050
14/12/1988	19.857	6.949	6.125	13.848	29.660
15/12/1988	0.000	7.632	6.580	15.161	27.010
16/12/1988	0.000	7.365	6.741	14.866	22.690
17/12/1988	0.000	7.313	6.071	14.375	20.940
18/12/1988	0.000	5.574	7.848	13.071	24.190
19/12/1988	0.000	6.530	6.821	13.705	26.310
20/12/1988	0.000	7.035	6.107	14.000	22.320
21/12/1988	0.000	8.376	4.938	15.250	19.280
22/12/1988	0.000	6.261	6.955	13.384	19.600
23/12/1988	1.985	5.600	7.768	13.045	23.320
24/12/1988	0.000	6.099	6.098	12.536	22.910
25/12/1988	0.000	6.090	5.946	12.420	20.750
26/12/1988	0.000	6.376	6.571	13.268	19.330
27/12/1988	0.000	7.299	6.607	14.688	18.250
28/12/1988	4.051	5.555	6.607	12.080	17.800
29/12/1988	5.021	7.395	7.116	15.170	18.000
30/12/1988	14.263	5.180	6.196	11.241	18.060
31/12/1988	24.137	4.522	6.821	10.804	18.940
01/01/1989	30.933	4.729	6.741	11.036	19.530
02/01/1989	0.000	4.962	6.500	11.143	36.080
03/01/1989	4.867	6.875	7.170	14.402	28.270
04/01/1989	6.690	5.626	7.509	12.839	23.820
05/01/1989	7.443	4.732	7.643	11.723	20.780
06/01/1989	0.000	5.499	6.268	11.741	19.270
07/01/1989	9.627	5.307	6.125	11.339	19.420
08/01/1989	0.000	5.331	5.884	11.196	19.670
09/01/1989	0.890	6.461	6.804	13.473	17.750
10/01/1989	0.000	6.112	7.036	13.134	18.250
11/01/1989	0.000	5.954	7.295	13.080	16.750
12/01/1989	0.000	4.482	7.027	10.821	17.250
13/01/1989	0.000	6.526	7.080	13.723	17.750
14/01/1989	0.977	6.139	6.857	13.009	17.000
15/01/1989	0.422	7.757	6.188	14.884	16.250
16/01/1989	0.000	5.761	7.875	13.170	15.750
17/01/1989	9.937	6.108	7.295	13.214	16.000
18/01/1989	0.000	6.490	8.509	14.634	16.250
19/01/1989	0.000	7.092	8.009	15.098	16.500
20/01/1989	0.000	6.542	7.821	14.170	18.500
21/01/1989	8.737	6.113	8.625	14.161	18.000
22/01/1989	6.503	5.721	8.375	13.446	24.410
23/01/1989	0.321	7.436	6.179	14.277	23.950
24/01/1989	5.686	7.203	6.929	14.420	22.300
25/01/1989	0.000	6.891	5.839	13.232	21.750
26/01/1989	0.000	5.725	6.607	12.116	20.370
27/01/1989	0.000	6.498	8.920	14.839	17.000
28/01/1989	27.440	5.225	7.723	12.223	18.500
29/01/1989	0.000	6.938	7.661	14.500	16.500
30/01/1989	0.000	5.174	7.134	11.670	16.000
31/01/1989	25.980	5.933	7.929	13.268	15.500
01/02/1989	0.000	6.949	6.536	13.679	17.250
02/02/1989	0.000	6.237	7.768	13.545	16.500
03/02/1989	18.419	6.904	7.205	14.045	25.940
04/02/1989	22.809	5.936	6.911	12.482	35.730
05/02/1989	0.000	5.050	7.098	11.420	24.000
06/02/1989	0.000	6.650	6.821	13.384	17.000
07/02/1989	0.000	5.213	7.295	11.750	17.250
08/02/1989	7.437	4.807	7.348	11.268	16.250
09/02/1989	13.859	5.423	7.375	12.071	16.250
10/02/1989	0.000	4.893	7.366	11.375	17.750
11/02/1989	0.000	5.753	6.920	12.188	17.000
12/02/1989	0.000	7.975	6.205	14.732	16.500
13/02/1989	7.926	7.474	6.098	13.920	17.000
14/02/1989	7.813	8.004	6.518	14.920	15.750
15/02/1989	0.000	6.757	6.464	13.125	16.250
16/02/1989	8.609	6.814	7.384	13.839	16.510
17/02/1989	2.990	6.510	6.420	12.750	16.020
18/02/1989	0.000	6.461	6.518	12.732	22.780
19/02/1989	0.000	6.050	6.973	12.491	18.760
20/02/1989	2.860	7.676	6.982	14.714	17.000
21/02/1989	0.000	7.207	7.616	14.509	16.270
22/02/1989	0.000	7.596	7.116	14.625	20.270
23/02/1989	20.088	4.479	7.295	10.670	20.100
24/02/1989	0.000	8.128	5.759	14.500	30.400
25/02/1989	6.241	7.760	6.804	14.634	23.630
26/02/1989	0.000	4.708	7.321	10.964	25.400
27/02/1989	0.000	6.803	7.705	13.964	33.330
28/02/1989	0.000	7.108	7.232	14.000	41.360
01/03/1989	0.000	6.651	6.062	12.545	33.720
02/03/1989	0.000	8.417	4.527	14.000	22.310
03/03/1989	1.975	5.993	7.634	12.804	18.260
04/03/1989	8.864	7.234	5.812	13.143	16.910
05/03/1989	9.316	7.617	7.018	14.491	18.100
06/03/1989	17.552	5.699	7.188	12.089	19.970
07/03/1989	28.117	7.006	6.482	13.330	27.520
08/03/1989	11.130	5.931	5.920	11.438	41.100
09/03/1989	4.765	8.537	6.598	15.420	42.280
10/03/1989	0.000	8.372	6.938	15.402	36.780
11/03/1989	0.000	6.172	6.786	12.384	25.290
12/03/1989	0.000	6.376	7.830	13.384	19.550
13/03/1989	12.429	6.333	7.634	13.223	40.960
14/03/1989	13.944	6.331	7.393	12.982	45.470
15/03/1989	21.569	5.667	7.312	12.062	53.000
16/03/1989	15.866	5.432	7.393	11.866	62.970
17/03/1989	17.920	4.360	7.080	10.268	44.850
18/03/1989	0.000	6.206	5.866	11.714	47.020
19/03/1989	0.000	5.078	6.839	10.964	32.290
20/03/1989	0.000	4.892	6.661	10.580	37.300
21/03/1989	0.000	5.565	6.527	11.393	33.650
22/03/1989	9.953	5.938	5.768	11.259	30.710
23/03/1989	5.673	7.302	4.750	12.446	29.080
24/03/1989	2.712	6.952	4.795	12.000	27.510
25/03/1989	0.000	6.992	5.473	12.509	24.860
26/03/1989	3.573	7.092	4.902	12.277	23.040
27/03/1989	3.339	6.147	5.009	11.018	28.020
28/03/1989	9.003	6.425	5.045	11.429	32.770
29/03/1989	12.454	8.239	3.304	12.893	28.360
30/03/1989	6.069	7.146	4.491	12.080	24.790
31/03/1989	0.000	7.380	5.571	13.143	23.430
01/04/1989	1.467	8.278	6.188	14.768	24.430
02/04/1989	7.980	7.170	6.884	13.750	28.350
03/04/1989	6.585	5.802	7.062	12.071	30.590
04/04/1989	0.000	6.359	7.321	12.991	28.520
05/04/1989	8.746	6.373	8.679	14.027	36.470
06/04/1989	0.000	6.878	6.938	13.429	36.920
07/04/1989	0.000	7.995	5.946	14.277	31.570
08/04/1989	0.000	5.792	7.705	12.571	26.840
09/04/1989	4.502	5.555	7.982	12.491	24.860
10/04/1989	0.000	6.501	5.920	12.214	22.780
11/04/1989	0.000	8.073	6.946	15.080	24.340
12/04/1989	0.000	9.540	6.670	16.893	22.300
13/04/1989	1.508	8.406	6.000	14.946	22.020
14/04/1989	8.532	7.774	7.348	14.982	20.650
15/04/1989	7.028	7.431	7.804	14.857	21.380
16/04/1989	2.724	8.081	7.223	15.330	32.170
17/04/1989	0.000	7.325	7.411	14.464	24.260
18/04/1989	1.623	7.049	5.786	12.964	22.300
19/04/1989	1.068	8.814	7.812	16.759	23.430
20/04/1989	7.139	6.232	7.911	13.429	21.750
21/04/1989	4.094	7.391	7.232	14.473	20.100
22/04/1989	5.936	8.314	8.089	16.321	20.100
23/04/1989	0.000	6.272	8.518	13.938	21.440
24/04/1989	0.000	7.424	8.509	15.446	24.420
25/04/1989	1.070	8.853	7.580	16.759	23.120
26/04/1989	6.806	6.411	7.812	13.616	22.460
27/04/1989	14.980	6.694	7.384	13.696	25.040
28/04/1989	8.215	7.547	7.214	14.777	29.380
29/04/1989	5.128	7.192	7.625	14.589	25.640
30/04/1989	6.122	7.813	8.107	15.768	24.120
01/05/1989	22.258	5.087	8.875	12.777	21.840
02/05/1989	10.182	6.446	7.643	13.652	38.150
03/05/1989	0.199	6.747	7.723	14.107	28.820
04/05/1989	13.493	9.171	7.107	17.036	35.470
05/05/1989	12.122	7.330	6.741	14.250	34.270
06/05/1989	6.858	4.945	8.161	12.098	42.870
07/05/1989	9.188	4.742	7.946	11.661	34.940
08/05/1989	8.630	5.931	7.946	13.241	26.710
09/05/1989	7.886	6.442	7.214	13.402	28.980
10/05/1989	3.607	5.808	7.723	12.911	28.380
11/05/1989	0.832	7.097	6.830	14.089	26.160
12/05/1989	0.838	5.945	7.562	13.018	22.960
13/05/1989	15.254	4.969	7.911	12.000	49.040
14/05/1989	0.851	6.558	7.446	13.795	40.610
15/05/1989	10.057	6.624	7.893	14.250	33.050
16/05/1989	0.898	6.444	6.562	13.054	28.320
17/05/1989	0.000	6.431	7.446	13.661	25.080
18/05/1989	0.125	5.962	8.054	13.482	41.660
19/05/1989	0.909	6.210	7.973	13.777	68.440
20/05/1989	0.000	6.437	7.554	13.812	72.880
21/05/1989	0.000	5.091	8.071	12.375	53.930
22/05/1989	0.000	5.390	8.259	12.902	70.140
23/05/1989	0.000	5.431	7.938	12.741	65.510
24/05/1989	0.000	4.988	7.634	11.893	67.700
25/05/1989	0.000	5.585	7.598	12.714	76.760
26/05/1989	0.430	5.520	7.821	12.768	59.740
27/05/1989	11.086	6.489	8.304	14.464	34.850
28/05/1989	0.000	6.112	6.714	12.830	25.540
29/05/1989	11.947	6.803	7.616	14.438	22.440
30/05/1989	0.000	8.285	7.384	16.429	23.450
31/05/1989	0.000	5.806	7.259	12.795	23.180
01/06/1989	0.000	5.467	8.580	13.339	24.970
02/06/1989	0.000	6.129	7.893	13.741	31.930
03/06/1989	0.000	5.660	7.295	12.652	41.160
04/06/1989	9.988	5.690	7.750	13.045	37.580
05/06/1989	11.868	6.179	7.384	13.464	40.470
06/06/1989	8.039	6.565	8.089	14.527	40.390
07/06/1989	0.000	7.032	7.000	14.438	33.580
08/06/1989	0.000	7.115	6.473	14.188	29.980
09/06/1989	0.000	6.181	7.786	13.786	34.300
10/06/1989	10.273	5.812	8.152	13.562	51.510
11/06/1989	11.176	5.184	8.125	12.670	43.470
12/06/1989	4.774	5.539	7.625	12.804	74.660
13/06/1989	2.952	6.026	7.420	13.339	56.740
14/06/1989	0.120	5.930	7.375	13.161	47.630
15/06/1989	0.000	6.045	8.009	13.777	39.230
16/06/1989	0.000	7.091	6.134	14.000	33.090
17/06/1989	0.000	6.966	7.045	14.429	28.580
18/06/1989	0.650	5.792	8.286	13.634	47.410
19/06/1989	6.694	4.197	7.545	10.911	50.240
20/06/1989	0.000	7.017	7.125	14.562	36.550
21/06/1989	0.000	7.132	6.027	14.000	36.540
22/06/1989	0.000	6.029	7.527	13.429	53.090
23/06/1989	0.000	5.558	7.188	12.491	46.070
24/06/1989	10.852	5.314	7.205	12.170	42.010
25/06/1989	16.397	5.224	7.152	12.036	40.580
26/06/1989	8.167	6.295	6.018	12.732	63.340
27/06/1989	0.000	6.569	5.214	12.562	45.060
28/06/1989	0.000	7.669	5.875	14.661	33.890
29/06/1989	0.000	7.988	6.259	15.393	27.510
30/06/1989	0.000	7.287	6.625	14.589	24.860
01/07/1989	0.000	7.241	6.339	14.330	27.210
02/07/1989	0.000	6.618	7.107	13.946	37.450
03/07/1989	0.000	6.911	5.830	13.491	40.000
04/07/1989	0.000	6.831	3.571	11.866	29.860
05/07/1989	10.212	6.299	6.321	12.920	28.360
06/07/1989	8.475	3.277	6.821	9.170	82.290
07/07/1989	0.000	5.507	5.420	11.116	68.040
08/07/1989	0.000	6.215	5.741	12.384	39.270
09/07/1989	0.000	7.131	4.607	12.982	30.400
10/07/1989	0.000	8.158	3.009	13.571	27.850
11/07/1989	0.000	7.301	4.554	13.179	25.310
12/07/1989	0.000	8.258	4.616	14.670	22.850
13/07/1989	0.000	6.077	5.473	11.929	21.050
14/07/1989	0.000	6.648	6.098	13.205	22.390
15/07/1989	0.000	7.866	6.830	15.491	20.100
16/07/1989	0.000	4.230	7.929	11.205	28.460
17/07/1989	0.000	5.368	6.589	11.705	27.520
18/07/1989	0.000	6.923	6.179	13.625	21.750
19/07/1989	0.000	6.388	6.777	13.250	23.710
20/07/1989	8.028	7.301	5.884	13.946	29.300
21/07/1989	0.000	7.073	6.741	14.188	32.040
22/07/1989	0.000	6.086	7.393	13.241	46.070
23/07/1989	0.000	7.227	7.161	14.670	48.010
24/07/1989	4.608	6.985	5.964	13.491	31.220
25/07/1989	13.220	7.517	5.759	14.152	33.070
26/07/1989	14.435	5.144	7.804	12.232	31.030
27/07/1989	14.210	8.093	7.250	15.911	41.510
28/07/1989	0.000	9.132	4.616	15.723	27.960
29/07/1989	0.000	8.661	5.250	15.393	22.020
30/07/1989	0.000	8.991	6.232	16.482	19.280
31/07/1989	0.000	8.849	6.875	16.670	18.250
01/08/1989	1.214	5.929	8.170	13.482	19.870
02/08/1989	0.000	7.393	6.580	14.366	21.260
03/08/1989	0.000	8.589	4.580	14.795	19.310
04/08/1989	0.000	8.025	5.411	14.473	17.250
05/08/1989	0.000	7.098	6.161	13.616	16.250
06/08/1989	0.000	6.688	6.634	13.357	16.250
07/08/1989	0.000	8.349	6.027	15.277	17.010
08/08/1989	0.000	8.746	4.830	15.071	17.410
09/08/1989	12.031	7.375	6.125	13.955	17.170
10/08/1989	0.000	7.003	6.929	13.938	25.730
11/08/1989	0.688	7.114	7.357	14.420	30.180
12/08/1989	0.000	8.471	4.732	14.571	26.190
13/08/1989	0.000	7.373	6.071	13.830	29.730
14/08/1989	0.000	8.569	5.768	15.339	33.020
15/08/1989	0.000	7.425	6.152	13.946	30.450
16/08/1989	5.157	5.417	7.714	12.295	35.210
17/08/1989	0.000	7.971	5.116	14.009	30.600
18/08/1989	0.000	7.768	6.411	14.554	23.430
19/08/1989	0.000	8.456	5.054	14.643	21.100
20/08/1989	0.000	8.935	5.661	15.670	18.770
21/08/1989	20.015	9.355	6.366	16.705	18.320
22/08/1989	9.947	8.459	6.786	15.705	26.630
23/08/1989	0.000	7.083	7.652	14.393	33.230
24/08/1989	0.000	7.051	6.482	13.518	34.260
25/08/1989	0.000	9.871	5.036	16.536	22.310
26/08/1989	16.383	7.625	5.920	13.902	22.430
27/08/1989	10.713	7.187	7.732	14.536	20.100
28/08/1989	0.000	7.006	6.902	13.723	18.900
29/08/1989	0.000	6.929	8.152	14.482	22.120
30/08/1989	0.000	6.789	6.768	13.312	29.880
31/08/1989	6.654	7.579	7.223	14.688	34.640
01/09/1989	0.000	8.311	7.000	15.518	30.980
02/09/1989	0.000	8.970	5.964	15.741	19.710
03/09/1989	0.000	9.594	4.866	15.920	16.250
04/09/1989	16.376	7.348	7.768	14.705	14.610
05/09/1989	16.596	6.243	7.357	12.946	15.080
06/09/1989	19.440	6.610	8.071	13.991	22.740
07/09/1989	6.080	8.964	7.562	16.750	24.170
08/09/1989	0.000	6.708	7.545	13.696	26.090
09/09/1989	0.000	7.520	7.196	14.536	27.320
10/09/1989	0.856	7.379	6.696	14.009	27.480
11/09/1989	4.395	7.063	8.330	14.705	23.230
12/09/1989	0.000	7.446	7.304	14.491	20.210
13/09/1989	0.000	8.085	6.438	14.759	22.600
14/09/1989	0.000	7.109	7.455	14.134	18.000
15/09/1989	0.000	7.099	6.321	13.339	17.000
16/09/1989	0.000	7.986	5.527	14.027	20.440
17/09/1989	0.000	7.009	7.571	14.098	34.570
18/09/1989	0.000	8.164	6.223	14.714	30.040
19/09/1989	0.000	7.573	7.000	14.438	19.840
20/09/1989	1.808	8.521	7.366	15.973	17.960
21/09/1989	0.000	8.048	7.357	15.348	24.430
22/09/1989	10.350	6.734	7.420	13.634	26.360
23/09/1989	16.529	6.605	7.759	13.696	38.900
24/09/1989	0.000	6.983	7.438	13.964	25.120
25/09/1989	6.531	7.251	6.054	13.384	29.690
26/09/1989	3.943	6.791	7.375	13.661	26.900
27/09/1989	6.027	7.015	7.286	13.902	26.410
28/09/1989	8.217	5.041	7.821	11.750	22.980
29/09/1989	4.381	6.950	7.464	13.964	21.810
30/09/1989	0.000	7.587	6.089	13.857	27.230
01/10/1989	3.162	8.027	6.393	14.688	20.650
02/10/1989	0.000	7.885	6.482	14.536	18.530
03/10/1989	3.668	8.810	5.938	15.464	25.290
04/10/1989	8.181	5.444	7.259	11.866	39.980
05/10/1989	12.806	7.281	6.902	14.036	33.960
06/10/1989	0.731	8.004	6.741	14.911	30.740
07/10/1989	0.000	8.559	4.812	14.446	22.020
08/10/1989	16.370	8.195	6.143	14.804	18.630
09/10/1989	9.679	7.739	6.875	14.670	20.570
10/10/1989	13.880	8.618	6.741	15.848	25.230
11/10/1989	18.889	5.609	6.955	11.875	39.970
12/10/1989	10.452	5.962	7.625	12.875	54.260
13/10/1989	4.058	7.703	6.348	14.357	40.340
14/10/1989	5.153	6.931	7.027	13.732	32.010
15/10/1989	7.474	5.697	7.938	12.786	40.370
16/10/1989	6.934	7.574	7.348	14.857	28.810
17/10/1989	6.693	5.224	8.304	12.482	29.670
18/10/1989	4.160	5.764	8.920	13.625	38.330
19/10/1989	4.049	5.454	8.179	12.670	42.340
20/10/1989	2.755	7.346	7.054	14.375	36.530
21/10/1989	6.131	7.462	7.830	15.080	26.410
22/10/1989	3.857	7.282	6.812	14.143	24.400
23/10/1989	7.248	5.721	8.098	12.973	23.760
24/10/1989	8.486	5.805	7.643	12.768	31.370
25/10/1989	15.389	8.412	6.973	15.893	27.790
26/10/1989	5.122	8.513	8.116	16.812	25.270
27/10/1989	9.174	6.918	8.491	14.946	24.950
28/10/1989	5.300	6.530	8.366	14.330	24.850
29/10/1989	18.666	6.570	7.339	13.634	24.530
30/10/1989	15.379	6.662	8.625	14.705	28.950
31/10/1989	5.874	6.003	8.848	14.018	27.940
01/11/1989	7.882	5.078	8.223	12.357	24.490
02/11/1989	16.907	8.087	7.857	16.170	21.620
03/11/1989	5.676	8.099	8.036	16.339	30.540
04/11/1989	3.975	6.090	7.554	13.205	35.740
05/11/1989	7.705	8.116	7.545	16.045	28.150
06/11/1989	10.357	6.778	7.786	14.348	24.110
07/11/1989	11.763	6.255	7.938	13.768	23.300
08/11/1989	13.036	6.878	6.759	13.821	21.660
09/11/1989	0.000	5.989	7.277	12.938	22.470
10/11/1989	0.000	6.850	7.179	14.080	23.260
11/11/1989	0.000	5.957	7.714	13.232	21.510
12/11/1989	0.000	6.653	7.500	14.062	25.720
13/11/1989	0.000	8.225	7.295	16.179	41.020
14/11/1989	11.018	6.293	8.107	14.018	32.600
15/11/1989	13.916	7.460	8.062	15.643	26.380
16/11/1989	12.069	9.040	5.679	16.366	23.830
17/11/1989	14.539	7.963	8.411	16.616	28.200
18/11/1989	4.006	6.339	8.875	14.696	36.550
19/11/1989	3.376	7.074	9.071	15.857	29.000
20/11/1989	4.183	6.305	10.027	15.518	24.130
21/11/1989	11.110	6.025	8.116	13.741	21.600
22/11/1989	8.660	7.914	7.875	16.295	29.110
23/11/1989	5.228	5.320	9.027	13.500	31.180
24/11/1989	6.813	6.246	9.098	14.812	35.870
25/11/1989	0.000	6.838	8.661	15.321	24.970
26/11/1989	0.000	8.585	6.643	16.446	20.650
27/11/1989	0.000	6.918	7.616	14.714	18.050
28/11/1989	0.000	8.214	8.768	17.348	17.260
29/11/1989	13.232	8.336	8.000	17.018	19.010
30/11/1989	24.070	7.539	7.768	15.732	21.540
01/12/1989	18.772	5.808	8.955	14.161	21.290
02/12/1989	17.108	6.947	7.366	14.625	25.030
03/12/1989	11.840	6.963	7.938	15.054	33.750
04/12/1989	5.233	6.295	8.134	14.250	30.960
05/12/1989	1.985	6.386	7.884	14.205	29.960
06/12/1989	11.075	6.672	8.188	14.848	27.200
07/12/1989	0.000	7.903	6.295	15.339	22.300
08/12/1989	0.000	8.006	7.830	16.500	15.250
09/12/1989	0.000	8.761	6.518	16.768	16.000
10/12/1989	2.162	6.514	8.205	14.634	18.770
11/12/1989	9.269	6.257	8.304	14.339	17.500
12/12/1989	0.695	7.800	7.768	16.196	18.000
13/12/1989	0.000	8.369	5.732	15.714	16.750
14/12/1989	0.000	7.189	7.411	15.062	15.500
15/12/1989	0.000	8.700	5.902	16.330	15.000
16/12/1989	0.000	8.018	6.000	15.375	14.500
17/12/1989	0.000	9.067	4.884	16.268	13.320
18/12/1989	0.000	9.685	3.670	16.482	12.420
19/12/1989	0.000	8.360	6.205	16.000	11.970
20/12/1989	0.000	7.741	4.295	13.866	10.700
21/12/1989	0.000	6.331	5.268	12.312	8.000
22/12/1989	0.000	8.361	5.134	15.339	7.250
23/12/1989	0.000	6.632	7.170	14.071	6.650
24/12/1989	22.586	7.444	6.848	15.080	7.700
25/12/1989	9.305	5.942	6.741	12.777	9.800
26/12/1989	17.095	6.507	8.116	14.589	15.540
27/12/1989	12.415	6.824	6.518	13.911	16.720
28/12/1989	0.000	6.618	7.607	14.384	18.640
29/12/1989	9.646	7.892	6.232	15.312	17.570
30/12/1989	0.000	7.338	5.875	14.232	16.540
31/12/1989	10.219	7.200	6.214	14.241	16.440
01/01/1990	8.635	6.055	6.393	12.634	19.190
02/01/1990	7.537	6.701	6.580	13.732	20.100
03/01/1990	0.000	5.181	7.464	12.179	17.500
04/01/1990	0.000	5.916	6.866	12.759	16.600
05/01/1990	4.886	5.319	7.009	12.009	16.300
06/01/1990	4.518	6.308	7.482	13.795	16.200
07/01/1990	5.662	6.637	6.027	13.241	17.800
08/01/1990	12.660	4.735	7.679	11.714	18.180
09/01/1990	20.890	6.143	7.232	13.321	17.800
10/01/1990	0.000	5.652	7.714	12.964	17.500
11/01/1990	0.000	4.718	7.964	11.884	17.050
12/01/1990	4.456	5.842	7.884	13.339	17.940
13/01/1990	0.000	6.513	6.625	13.402	16.600
14/01/1990	0.000	6.540	7.348	13.929	17.190
15/01/1990	2.083	4.889	7.973	12.080	25.840
16/01/1990	0.000	6.975	8.045	15.000	19.510
17/01/1990	0.000	7.017	7.286	14.500	17.500
18/01/1990	0.000	7.852	8.330	16.411	17.450
19/01/1990	0.000	5.224	8.268	12.714	17.630
20/01/1990	0.000	7.673	7.893	15.821	16.600
21/01/1990	0.000	6.365	8.027	14.089	16.300
22/01/1990	0.000	6.024	7.830	13.464	17.170
23/01/1990	0.000	5.752	8.688	13.714	25.190
24/01/1990	0.000	6.581	7.688	14.080	24.180
25/01/1990	0.000	7.232	7.804	15.054	18.990
26/01/1990	9.622	4.960	8.455	12.464	29.870
27/01/1990	2.439	6.707	7.804	14.312	86.600
28/01/1990	0.000	7.594	6.705	14.768	31.270
29/01/1990	0.000	6.968	7.491	14.402	21.080
30/01/1990	6.591	6.786	8.339	14.732	16.900
31/01/1990	0.000	6.758	8.759	15.000	15.100
01/02/1990	0.000	6.776	8.268	14.643	14.100
02/02/1990	6.529	7.234	8.634	15.491	13.290
03/02/1990	22.799	5.241	8.607	12.857	15.920
04/02/1990	6.672	5.860	8.429	13.500	13.610
05/02/1990	13.005	5.707	8.339	13.205	24.020
06/02/1990	19.535	4.496	8.232	11.607	38.220
07/02/1990	15.289	6.721	7.304	13.812	21.420
08/02/1990	0.000	6.868	7.768	14.312	16.840
09/02/1990	15.142	7.321	8.152	15.170	20.370
10/02/1990	1.153	7.274	8.295	15.188	20.290
11/02/1990	0.000	7.010	7.866	14.527	22.140
12/02/1990	12.438	5.732	7.580	12.589	18.520
13/02/1990	2.339	5.752	8.777	13.518	16.970
14/02/1990	1.334	8.188	7.920	16.134	15.630
15/02/1990	16.683	5.981	8.152	13.321	14.750
16/02/1990	0.544	6.967	8.491	14.848	15.260
17/02/1990	3.182	6.941	7.295	13.973	16.130
18/02/1990	4.240	6.634	7.125	13.429	22.060
19/02/1990	2.574	5.280	7.330	11.759	43.460
20/02/1990	7.800	6.197	7.179	12.839	29.480
21/02/1990	10.739	7.587	6.955	14.545	23.230
22/02/1990	0.000	5.601	7.670	12.375	19.020
23/02/1990	0.000	7.032	7.089	13.848	16.190
24/02/1990	11.349	6.906	8.250	14.527	14.880
25/02/1990	0.000	6.981	7.625	14.134	14.100
26/02/1990	0.000	6.998	7.304	13.938	13.720
27/02/1990	0.000	6.396	7.036	12.938	12.900
28/02/1990	0.000	5.717	7.089	12.045	12.770
01/03/1990	0.000	6.960	6.723	13.446	12.300
02/03/1990	0.000	7.355	6.491	13.795	14.190
03/03/1990	0.000	6.152	6.589	12.241	12.930
04/03/1990	2.285	6.977	6.679	13.402	12.780
05/03/1990	0.000	7.731	6.759	14.482	16.270
06/03/1990	0.000	7.754	7.589	15.071	16.640
07/03/1990	3.841	6.596	8.205	13.973	13.900
08/03/1990	0.000	6.332	8.661	13.973	13.100
09/03/1990	4.283	6.220	8.000	13.339	16.240
10/03/1990	0.000	5.824	9.071	13.661	24.850
11/03/1990	2.312	5.124	8.259	12.161	44.830
12/03/1990	0.000	8.146	8.134	15.929	46.770
13/03/1990	0.000	8.203	7.196	15.339	24.970
14/03/1990	0.000	5.580	8.277	12.723	24.110
15/03/1990	10.570	5.958	7.857	12.848	35.610
16/03/1990	0.000	6.967	8.411	14.545	27.290
17/03/1990	4.818	8.627	7.473	16.054	20.370
18/03/1990	5.674	4.472	9.107	12.071	17.030
19/03/1990	0.000	7.188	8.196	14.652	27.130
20/03/1990	0.000	6.473	9.518	14.759	19.090
21/03/1990	9.326	5.269	8.562	12.527	16.830
22/03/1990	0.000	7.569	8.357	15.268	15.700
23/03/1990	2.217	7.898	8.679	15.938	15.070
24/03/1990	3.171	7.472	8.661	15.393	16.810
25/03/1990	32.145	5.491	8.304	12.598	40.200
26/03/1990	21.889	5.392	7.804	12.116	87.400
27/03/1990	8.147	8.085	7.375	15.304	57.260
28/03/1990	3.316	8.188	7.259	15.357	27.730
29/03/1990	4.153	7.906	7.446	15.116	22.950
30/03/1990	0.000	8.544	7.054	15.679	19.900
31/03/1990	0.000	7.120	8.402	14.741	16.600
01/04/1990	0.000	4.500	8.045	11.223	18.400
02/04/1990	0.000	8.241	6.705	15.080	19.000
03/04/1990	12.180	6.226	7.777	13.152	15.700
04/04/1990	13.119	5.915	7.268	12.384	19.700
05/04/1990	0.000	9.850	6.357	17.080	26.450
06/04/1990	0.000	7.147	6.964	13.804	44.370
07/04/1990	7.176	7.951	7.911	15.527	40.460
08/04/1990	0.000	7.947	6.679	14.705	27.800
09/04/1990	0.000	8.684	6.679	15.705	19.600
10/04/1990	0.000	6.791	6.830	13.250	14.900
11/04/1990	2.953	6.074	8.929	13.875	14.800
12/04/1990	3.910	6.082	9.188	14.098	16.600
13/04/1990	5.330	7.436	9.152	15.777	18.700
14/04/1990	6.366	7.909	8.411	15.902	25.400
15/04/1990	11.955	9.013	7.661	16.875	32.500
16/04/1990	13.802	5.604	8.259	12.830	39.480
17/04/1990	0.000	8.535	7.446	16.125	42.170
18/04/1990	0.000	6.876	7.750	14.107	25.130
19/04/1990	0.000	8.243	8.116	16.205	22.950
20/04/1990	7.515	7.209	8.473	15.098	21.200
21/04/1990	2.612	6.688	8.589	14.509	21.200
22/04/1990	13.116	6.076	7.991	13.286	22.250
23/04/1990	8.956	6.740	8.277	14.384	34.830
24/04/1990	7.178	6.459	8.009	13.795	38.300
25/04/1990	10.148	5.777	8.179	13.071	22.250
26/04/1990	0.000	6.097	8.152	13.455	25.400
27/04/1990	6.080	6.792	7.884	14.188	34.570
28/04/1990	8.966	6.267	8.188	13.723	36.530
29/04/1990	34.171	4.594	7.661	11.196	66.700
30/04/1990	0.000	5.526	6.884	11.804	35.150
01/05/1990	17.491	5.128	7.830	12.045	36.500
02/05/1990	3.441	7.145	6.705	13.929	46.150
03/05/1990	19.701	5.115	7.911	12.080	51.130
04/05/1990	0.000	6.357	5.964	12.321	42.260
05/05/1990	6.518	6.738	7.929	14.268	50.350
06/05/1990	15.047	6.793	7.991	14.411	59.240
07/05/1990	4.586	6.534	9.134	14.884	48.210
08/05/1990	6.362	6.354	8.661	14.339	41.430
09/05/1990	0.000	8.208	8.473	16.696	54.700
10/05/1990	0.000	7.145	7.929	14.884	36.150
11/05/1990	17.374	7.275	7.652	14.884	32.600
12/05/1990	0.417	5.425	8.482	13.018	31.750
13/05/1990	0.000	6.742	8.250	14.634	33.030
14/05/1990	0.000	6.205	8.929	14.411	43.200
15/05/1990	4.117	5.964	8.482	13.750	50.100
16/05/1990	0.000	6.857	9.089	15.411	28.100
17/05/1990	0.000	6.203	8.107	13.830	30.900
18/05/1990	0.000	6.010	8.411	13.795	28.850
19/05/1990	0.000	5.933	8.839	14.045	38.080
20/05/1990	0.000	5.814	8.750	13.812	41.000
21/05/1990	4.311	6.390	8.134	14.152	34.720
22/05/1990	9.901	5.714	8.036	13.205	72.190
23/05/1990	0.958	5.288	7.589	12.286	58.030
24/05/1990	0.000	6.146	6.804	12.893	37.000
25/05/1990	0.000	7.679	7.696	15.696	36.500
26/05/1990	0.000	7.516	6.438	14.625	32.170
27/05/1990	0.000	6.828	8.357	14.973	28.350
28/05/1990	0.000	7.223	7.098	14.670	24.700
29/05/1990	0.000	5.612	8.312	13.312	29.750
30/05/1990	21.968	6.717	7.125	14.000	41.000
31/05/1990	0.000	6.524	7.696	14.107	42.500
01/06/1990	0.000	6.776	7.402	14.277	48.000
02/06/1990	0.000	8.387	6.018	15.705	32.750
03/06/1990	0.000	6.275	8.089	14.071	25.050
04/06/1990	0.000	5.391	8.027	12.830	26.450
05/06/1990	0.000	6.280	7.545	13.723	25.550
06/06/1990	0.000	6.836	7.804	14.688	26.330
07/06/1990	0.000	8.335	6.455	15.973	32.750
08/06/1990	1.453	7.375	6.527	14.616	21.200
09/06/1990	3.118	6.432	7.982	14.277	28.350
10/06/1990	4.451	4.877	7.982	12.152	38.000
11/06/1990	18.241	5.375	8.179	13.000	99.060
12/06/1990	3.433	7.112	7.777	15.125	48.750
13/06/1990	0.000	5.606	8.321	13.393	38.500
14/06/1990	0.000	6.886	7.920	14.902	43.150
15/06/1990	1.362	5.686	8.268	13.473	46.000
16/06/1990	13.218	4.447	7.598	11.304	37.000
17/06/1990	0.000	5.117	7.375	12.009	41.000
18/06/1990	0.000	5.971	7.518	13.321	33.880
19/06/1990	0.000	6.436	6.304	13.134	30.470
20/06/1990	0.000	6.487	6.875	13.607	25.050
21/06/1990	0.000	5.822	8.036	13.509	20.900
22/06/1990	0.000	6.313	7.768	14.000	18.700
23/06/1990	0.000	6.862	7.688	14.723	21.200
24/06/1990	0.427	6.091	8.312	14.071	25.750
25/06/1990	10.656	7.399	6.732	14.848	40.150
26/06/1990	0.000	6.585	5.929	13.107	25.050
27/06/1990	9.333	4.946	7.973	12.250	22.950
28/06/1990	0.000	6.083	7.688	13.607	21.200
29/06/1990	0.000	6.403	8.107	14.375	21.200
30/06/1990	3.753	5.618	8.018	13.188	20.850
01/07/1990	0.000	6.187	7.705	13.750	19.600
02/07/1990	0.000	6.366	6.902	13.429	19.600
03/07/1990	0.755	6.930	7.348	14.545	46.660
04/07/1990	0.000	6.881	6.857	14.143	99.310
05/07/1990	0.000	6.427	7.339	13.812	90.820
06/07/1990	0.000	6.324	7.946	14.098	51.500
07/07/1990	0.000	6.790	7.491	14.411	40.000
08/07/1990	0.000	7.481	7.277	15.250	30.050
09/07/1990	0.000	8.660	5.393	15.777	28.950
10/07/1990	34.337	6.425	7.527	13.920	43.500
11/07/1990	0.000	5.876	7.580	13.179	54.250
12/07/1990	18.938	5.624	7.509	12.812	16.000
13/07/1990	1.600	5.048	6.679	11.339	25.200
14/07/1990	0.000	7.002	6.116	13.732	20.850
15/07/1990	0.000	6.560	7.473	14.009	22.250
16/07/1990	0.000	6.147	7.607	13.518	24.000
17/07/1990	0.000	7.146	6.893	14.429	26.450
18/07/1990	0.000	6.750	6.830	13.795	28.780
19/07/1990	0.000	6.354	7.366	13.598	25.750
20/07/1990	0.000	7.768	5.312	14.268	23.650
21/07/1990	8.578	8.287	5.295	15.000	22.600
22/07/1990	0.000	7.282	6.188	14.125	20.900
23/07/1990	12.059	7.587	5.545	14.098	45.650
24/07/1990	0.000	8.323	4.741	14.679	40.040
25/07/1990	0.000	8.808	4.804	15.411	24.690
26/07/1990	0.000	8.484	4.554	14.759	20.090
27/07/1990	0.000	7.867	4.759	13.946	19.300
28/07/1990	0.000	6.110	7.920	13.589	19.870
29/07/1990	0.000	6.539	7.268	13.723	29.230
30/07/1990	0.000	4.600	6.393	10.366	81.670
31/07/1990	0.934	6.047	6.312	12.312	48.020
01/08/1990	0.000	7.601	4.705	13.455	26.720
02/08/1990	0.000	7.368	5.509	13.616	20.580
03/08/1990	0.000	6.932	6.295	13.509	18.100
04/08/1990	0.000	6.182	7.071	12.991	17.250
05/08/1990	0.000	7.519	6.196	14.241	21.760
06/08/1990	0.000	8.477	5.509	15.161	18.100
07/08/1990	0.000	8.675	6.732	16.223	16.900
08/08/1990	0.000	7.612	6.804	14.741	18.570
09/08/1990	0.000	7.617	6.857	14.786	30.410
10/08/1990	0.000	5.983	7.714	13.134	50.420
11/08/1990	0.000	6.321	7.241	13.205	44.240
12/08/1990	0.000	6.882	5.616	12.848	24.090
13/08/1990	0.000	6.339	7.536	13.420	20.680
14/08/1990	0.000	7.635	6.196	14.268	28.400
15/08/1990	0.000	9.297	5.321	16.062	27.310
16/08/1990	0.000	7.129	8.821	15.384	23.660
17/08/1990	0.000	8.746	5.429	15.312	24.130
18/08/1990	0.000	8.307	7.125	15.777	24.730
19/08/1990	0.000	8.904	6.491	16.170	39.330
20/08/1990	0.000	7.877	6.884	15.009	23.620
21/08/1990	0.000	7.871	7.366	15.304	22.860
22/08/1990	0.000	8.095	6.393	14.964	32.760
23/08/1990	0.000	7.659	8.054	15.455	31.430
24/08/1990	0.000	8.708	5.304	15.071	29.590
25/08/1990	0.000	9.202	5.946	16.152	21.190
26/08/1990	0.000	8.327	6.188	15.071	17.500
27/08/1990	0.000	8.515	6.955	15.866	16.330
28/08/1990	0.773	6.520	8.143	13.955	16.530
29/08/1990	46.251	6.028	7.866	13.116	18.860
30/08/1990	0.000	7.212	8.312	14.964	22.240
31/08/1990	0.000	8.623	6.625	15.696	21.950
01/09/1990	4.199	8.000	6.777	14.946	33.510
02/09/1990	0.000	8.703	7.429	16.330	22.950
03/09/1990	0.000	7.253	8.482	15.125	22.570
04/09/1990	0.000	8.409	7.464	15.964	35.480
05/09/1990	0.000	7.680	6.402	14.232	24.860
06/09/1990	3.159	9.313	6.054	16.241	18.460
07/09/1990	3.564	7.368	7.795	14.750	17.100
08/09/1990	0.000	8.573	5.982	15.170	17.320
09/09/1990	0.000	8.209	6.795	15.179	16.320
10/09/1990	0.000	8.435	6.170	15.071	16.740
11/09/1990	0.000	7.663	8.116	15.339	20.250
12/09/1990	0.347	6.985	7.821	14.232	25.710
13/09/1990	0.000	8.122	7.054	15.214	26.750
14/09/1990	12.627	6.290	7.455	13.062	24.640
15/09/1990	9.362	8.028	6.143	14.500	32.670
16/09/1990	0.000	9.246	4.884	15.375	24.660
17/09/1990	0.000	9.344	5.250	15.741	18.100
18/09/1990	0.000	9.684	5.509	16.348	15.400
19/09/1990	0.000	7.887	7.125	14.929	14.300
20/09/1990	0.000	8.901	7.009	16.232	14.010
21/09/1990	0.000	8.448	7.205	15.741	13.900
22/09/1990	6.794	7.514	7.482	14.705	17.870
23/09/1990	13.330	8.560	7.330	16.018	15.870
24/09/1990	0.000	7.933	7.473	15.259	20.380
25/09/1990	0.000	7.224	7.554	14.366	29.670
26/09/1990	0.000	6.270	7.884	13.348	18.020
27/09/1990	4.764	6.418	7.884	13.545	16.510
28/09/1990	6.219	6.864	7.991	14.205	14.800
29/09/1990	0.000	7.837	7.938	15.446	13.700
30/09/1990	0.000	8.137	6.152	14.652	13.100
01/10/1990	4.026	6.486	8.277	13.929	12.900
02/10/1990	11.247	7.346	7.518	14.536	14.020
03/10/1990	5.766	8.470	7.625	16.116	20.050
04/10/1990	0.000	6.968	8.241	14.554	16.780
05/10/1990	12.130	5.620	8.027	12.661	18.110
06/10/1990	10.020	6.548	7.696	13.616	15.810
07/10/1990	14.071	6.185	8.330	13.634	16.680
08/10/1990	2.256	7.491	7.482	14.750	28.330
09/10/1990	1.087	7.575	6.643	14.321	26.690
10/10/1990	23.079	7.491	7.509	14.821	36.740
11/10/1990	12.159	6.940	7.411	14.000	25.230
12/10/1990	13.559	5.262	8.223	12.411	25.630
13/10/1990	0.510	5.888	9.098	13.893	26.520
14/10/1990	4.026	8.488	7.366	16.089	25.630
15/10/1990	5.713	7.096	7.625	14.393	21.740
16/10/1990	5.730	7.284	6.018	13.545	17.700
17/10/1990	0.939	7.331	7.312	14.500	16.540
18/10/1990	0.000	7.880	7.446	15.384	16.170
19/10/1990	22.029	6.973	7.875	14.482	26.140
20/10/1990	14.788	6.145	7.580	13.143	26.290
21/10/1990	0.210	6.653	8.000	14.134	22.220
22/10/1990	8.026	5.036	7.607	11.714	32.330
23/10/1990	1.541	5.281	7.616	12.071	26.090
24/10/1990	22.102	5.939	7.679	12.982	33.820
25/10/1990	0.000	6.155	7.125	12.875	47.590
26/10/1990	0.000	6.277	7.580	13.411	24.810
27/10/1990	0.000	7.243	7.884	14.929	22.420
28/10/1990	4.237	6.517	7.759	13.857	18.390
29/10/1990	22.155	6.722	6.339	13.161	16.300
30/10/1990	0.000	6.096	6.839	12.643	15.100
31/10/1990	14.181	7.195	7.054	14.384	16.150
01/11/1990	12.258	6.446	7.402	13.554	27.720
02/11/1990	23.333	6.687	6.875	13.527	19.220
03/11/1990	14.212	6.635	7.982	14.277	18.510
04/11/1990	15.023	6.135	7.536	13.286	25.580
05/11/1990	9.837	6.878	7.741	14.446	20.220
06/11/1990	0.000	8.637	7.571	16.830	19.300
07/11/1990	2.297	7.107	8.071	15.027	19.050
08/11/1990	0.000	6.556	8.688	14.732	17.200
09/11/1990	0.000	6.510	8.571	14.625	18.100
10/11/1990	0.000	5.347	8.286	12.848	20.300
11/11/1990	0.000	5.503	7.670	12.580	15.100
12/11/1990	4.157	5.884	7.027	12.643	13.700
13/11/1990	0.000	6.663	7.098	13.795	11.700
14/11/1990	0.000	6.739	6.902	13.786	10.700
15/11/1990	3.860	5.459	7.938	12.777	12.100
16/11/1990	0.000	5.758	8.366	13.509	12.100
17/11/1990	0.000	6.739	8.312	14.804	13.300
18/11/1990	0.000	5.180	8.107	12.545	25.400
19/11/1990	4.779	6.242	7.920	13.884	35.880
20/11/1990	15.519	4.827	8.964	12.795	21.200
21/11/1990	1.370	4.748	8.071	11.973	33.250
22/11/1990	4.232	6.855	7.446	14.446	30.990
23/11/1990	11.736	7.350	6.696	14.679	21.600
24/11/1990	11.843	5.054	7.839	12.232	23.190
25/11/1990	2.811	7.255	7.527	15.125	19.740
26/11/1990	11.347	6.116	7.946	13.795	23.670
27/11/1990	9.375	7.759	6.688	15.286	42.780
28/11/1990	2.192	6.475	8.795	14.929	24.300
29/11/1990	3.289	7.391	7.518	15.339	19.480
30/11/1990	0.000	6.431	7.625	14.036	18.660
01/12/1990	0.000	7.510	6.857	15.089	17.140
02/12/1990	0.000	7.139	8.161	15.464	15.490
03/12/1990	42.363	6.605	7.518	14.232	39.650
04/12/1990	2.635	5.547	8.366	13.411	26.070
05/12/1990	36.216	4.116	8.134	11.330	27.710
06/12/1990	23.294	5.212	7.232	12.089	30.720
07/12/1990	0.000	7.009	4.259	12.705	29.730
08/12/1990	12.213	6.939	4.295	12.598	32.070
09/12/1990	0.000	7.646	3.696	13.375	22.790
10/12/1990	0.000	6.676	6.607	13.786	16.600
11/12/1990	0.000	6.313	6.080	12.848	14.440
12/12/1990	0.000	8.041	5.348	14.991	14.540
13/12/1990	0.000	8.222	5.795	15.536	13.500
14/12/1990	0.000	7.163	7.107	14.821	12.480
15/12/1990	0.000	7.794	5.857	14.946	12.760
16/12/1990	0.000	7.011	7.554	14.911	13.440
17/12/1990	0.000	7.599	7.348	15.625	13.220
18/12/1990	0.000	5.935	7.616	13.402	12.900
19/12/1990	0.000	5.027	8.125	12.527	12.260
20/12/1990	0.531	6.030	8.482	14.179	12.910
21/12/1990	0.000	6.864	8.250	15.188	14.470
22/12/1990	40.940	6.630	7.009	13.982	15.720
23/12/1990	1.883	6.975	7.509	14.866	20.620
24/12/1990	0.000	5.389	7.946	12.875	20.380
25/12/1990	0.000	5.700	7.768	13.170	23.830
26/12/1990	0.308	5.078	8.696	13.036	19.030
27/12/1990	11.321	5.938	8.741	14.241	21.440
28/12/1990	0.000	8.001	6.696	15.795	23.070
29/12/1990	17.378	7.143	7.634	15.125	22.730
30/12/1990	3.106	5.353	7.223	12.259	19.540
31/12/1990	6.083	6.453	7.384	13.938	17.800
01/01/1991	10.071	7.655	6.991	15.438	16.400
02/01/1991	0.938	6.780	7.027	14.152	14.700
03/01/1991	0.000	7.010	7.562	14.866	13.500
04/01/1991	0.000	6.122	8.357	14.152	13.100
05/01/1991	0.000	6.932	7.946	14.973	11.100
06/01/1991	0.000	7.282	7.125	14.911	11.700
07/01/1991	0.000	7.008	7.518	14.804	10.300
08/01/1991	0.000	7.175	7.554	15.036	9.400
09/01/1991	0.000	6.699	8.304	14.866	10.900
10/01/1991	0.000	6.948	8.607	15.429	10.700
11/01/1991	0.000	4.937	8.920	12.920	12.500
12/01/1991	10.714	6.461	8.625	14.777	19.400
13/01/1991	7.724	7.247	7.830	15.277	10.200
14/01/1991	11.335	5.292	8.295	12.893	10.000
15/01/1991	5.596	5.182	8.312	12.750	9.400
16/01/1991	20.984	6.087	7.759	13.589	11.900
17/01/1991	0.000	6.987	7.402	14.545	13.300
18/01/1991	0.000	6.610	8.429	14.768	11.900
19/01/1991	0.000	7.142	7.536	14.812	11.100
20/01/1991	0.000	6.342	7.446	13.634	10.700
21/01/1991	0.000	8.022	6.607	15.446	10.200
22/01/1991	0.000	8.350	6.804	16.036	9.900
23/01/1991	0.000	8.213	4.232	14.179	9.900
24/01/1991	0.000	7.324	5.875	13.893	9.700
25/01/1991	0.622	8.103	5.741	14.929	9.600
26/01/1991	0.405	8.571	4.804	15.000	9.600
27/01/1991	0.000	7.061	6.339	13.777	9.400
28/01/1991	0.000	7.216	6.304	13.955	9.300
29/01/1991	0.000	8.145	6.330	15.286	9.300
30/01/1991	0.000	7.962	5.652	14.562	9.100
31/01/1991	0.000	9.387	5.714	16.634	9.000
01/02/1991	0.000	9.751	4.562	16.455	9.000
02/02/1991	0.000	7.883	6.652	15.054	9.300
03/02/1991	3.530	4.721	7.509	11.339	9.000
04/02/1991	1.224	7.029	6.884	14.000	10.400
05/02/1991	0.000	6.479	6.911	13.232	10.000
06/02/1991	0.000	6.834	7.277	13.946	9.600
07/02/1991	0.000	8.350	7.938	16.482	9.100
08/02/1991	0.000	6.480	7.277	13.429	9.000
09/02/1991	0.000	6.643	7.634	13.902	10.300
10/02/1991	0.000	7.421	6.429	14.116	9.300
11/02/1991	22.540	5.976	7.857	13.125	8.900
12/02/1991	11.270	6.039	9.080	14.116	9.800
13/02/1991	12.880	5.092	9.143	12.982	9.400
14/02/1991	11.264	6.445	8.705	14.339	9.300
15/02/1991	5.558	5.648	9.062	13.580	9.100
16/02/1991	9.329	6.127	8.741	13.929	9.000
17/02/1991	0.000	6.480	8.438	14.143	8.800
18/02/1991	0.000	5.868	8.295	13.232	8.600
19/02/1991	0.000	6.690	8.134	14.188	8.800
20/02/1991	0.000	5.400	8.268	12.625	9.000
21/02/1991	0.000	7.004	8.321	14.723	9.000
22/02/1991	0.000	7.306	7.857	14.777	8.800
23/02/1991	0.000	7.033	9.286	15.446	8.600
24/02/1991	0.000	6.738	9.116	14.920	9.300
25/02/1991	0.000	7.201	8.777	15.250	17.900
26/02/1991	0.000	6.484	9.286	14.696	21.800
27/02/1991	0.000	7.020	8.357	14.679	18.200
28/02/1991	0.000	7.393	8.812	15.464	14.700
01/03/1991	0.000	5.719	8.482	13.089	16.300
02/03/1991	7.884	6.130	8.438	13.580	15.200
03/03/1991	18.621	8.879	8.196	17.027	19.800
04/03/1991	0.000	7.828	8.125	15.562	18.400
05/03/1991	22.937	7.068	7.848	14.348	17.800
06/03/1991	8.502	8.053	7.741	15.554	20.200
07/03/1991	12.308	5.826	8.214	13.009	31.700
08/03/1991	0.000	7.462	7.652	14.714	29.300
09/03/1991	0.769	4.943	9.071	12.607	31.600
10/03/1991	17.933	4.756	8.000	11.491	29.400
11/03/1991	0.000	6.485	8.598	14.098	28.500
12/03/1991	20.445	6.722	7.955	13.920	23.400
13/03/1991	10.578	7.004	8.741	14.857	22.800
14/03/1991	4.076	5.622	9.036	13.366	17.500
15/03/1991	0.966	7.804	7.268	14.848	17.000
16/03/1991	0.000	8.310	7.884	15.920	14.400
17/03/1991	1.630	7.769	7.902	15.205	13.100
18/03/1991	0.000	8.742	8.062	16.607	11.900
19/03/1991	0.000	10.886	4.098	17.045	10.500
20/03/1991	0.000	10.235	5.652	17.071	9.900
21/03/1991	0.000	9.896	6.152	16.902	9.400
22/03/1991	0.000	8.166	7.170	15.241	9.300
23/03/1991	0.000	9.911	7.330	17.679	9.300
24/03/1991	25.396	8.386	7.375	15.679	11.700
25/03/1991	19.533	7.104	8.268	14.634	23.100
26/03/1991	20.277	6.838	8.036	14.143	37.000
27/03/1991	25.160	6.387	8.482	13.893	38.000
28/03/1991	1.022	5.139	7.241	11.357	31.800
29/03/1991	0.000	7.277	7.214	14.107	34.700
30/03/1991	0.000	7.443	7.214	14.366	30.900
31/03/1991	10.368	6.847	6.973	13.366	26.100
01/04/1991	0.000	9.292	3.973	14.795	26.800
02/04/1991	0.000	7.838	7.536	15.107	30.500
03/04/1991	0.000	5.862	7.455	12.438	25.400
04/04/1991	0.000	7.360	8.500	15.143	22.300
05/04/1991	7.971	6.971	8.375	14.562	16.000
06/04/1991	0.000	7.155	7.241	14.000	20.900
07/04/1991	0.000	7.106	8.179	14.625	23.300
08/04/1991	16.715	5.763	8.554	13.179	22.600
09/04/1991	17.816	6.150	8.080	13.339	29.200
10/04/1991	1.646	7.061	8.455	14.821	31.800
11/04/1991	0.000	6.736	8.152	14.170	23.400
12/04/1991	27.312	7.292	6.902	14.009	23.300
13/04/1991	30.906	4.884	8.473	12.080	41.000
14/04/1991	13.838	7.841	7.411	15.143	78.100
15/04/1991	9.439	6.640	7.580	13.661	43.500
16/04/1991	6.588	7.338	7.821	14.759	32.600
17/04/1991	5.737	5.676	8.518	13.116	25.800
18/04/1991	4.057	10.318	5.857	17.554	20.600
19/04/1991	3.900	8.225	7.723	15.911	15.100
20/04/1991	4.823	5.259	8.911	12.946	14.100
21/04/1991	5.626	6.753	8.062	14.214	16.300
22/04/1991	2.813	7.183	7.964	14.705	15.100
23/04/1991	0.000	6.447	8.250	13.973	18.400
24/04/1991	2.652	7.101	8.411	14.964	19.000
25/04/1991	0.000	7.388	8.473	15.366	22.600
26/04/1991	0.000	6.882	7.554	14.045	26.100
27/04/1991	8.710	6.622	8.232	14.223	24.100
28/04/1991	0.000	7.325	7.795	14.866	13.700
29/04/1991	1.032	7.122	8.625	15.205	16.600
30/04/1991	2.722	6.746	7.714	14.080	19.900
01/05/1991	0.982	6.998	8.893	15.250	16.000
02/05/1991	0.000	6.578	9.143	14.893	14.100
03/05/1991	5.599	7.240	8.554	15.348	16.600
04/05/1991	8.216	6.021	8.857	13.982	17.500
05/05/1991	0.000	6.169	8.857	14.205	24.700
06/05/1991	0.000	7.290	8.348	15.330	26.500
07/05/1991	0.000	4.382	8.420	11.634	17.300
08/05/1991	0.000	6.998	8.384	14.982	18.500
09/05/1991	8.602	6.381	8.875	14.536	15.200
10/05/1991	0.000	5.386	8.786	13.214	22.800
11/05/1991	0.000	6.623	8.705	14.768	40.100
12/05/1991	0.000	6.819	8.179	14.634	29.800
13/05/1991	14.022	7.122	8.527	15.339	65.200
14/05/1991	0.000	6.303	9.295	14.804	31.000
15/05/1991	8.680	5.780	9.375	14.196	56.700
16/05/1991	0.000	6.086	9.446	14.652	34.800
17/05/1991	17.412	5.561	8.688	13.420	33.200
18/05/1991	26.214	5.115	8.491	12.679	33.800
19/05/1991	1.001	5.458	8.330	13.027	55.300
20/05/1991	11.783	6.036	7.821	13.420	44.400
21/05/1991	15.583	5.800	7.732	13.071	57.900
22/05/1991	12.085	5.256	7.991	12.527	79.700
23/05/1991	5.253	5.375	7.420	12.250	55.800
24/05/1991	9.050	5.645	7.027	12.366	51.500
25/05/1991	9.097	7.336	7.848	15.339	49.800
26/05/1991	4.177	8.806	6.920	16.804	32.200
27/05/1991	0.000	6.841	8.821	15.339	23.700
28/05/1991	3.648	5.572	7.339	12.509	18.400
29/05/1991	0.000	6.238	8.821	14.536	16.400
30/05/1991	0.000	5.704	8.366	13.473	17.000
31/05/1991	0.492	5.465	8.089	12.955	19.300
01/06/1991	0.000	6.324	8.366	14.339	30.400
02/06/1991	0.000	7.357	8.991	16.232	23.700
03/06/1991	5.133	7.060	9.054	15.884	21.600
04/06/1991	2.038	7.777	8.661	16.607	20.200
05/06/1991	4.666	6.090	9.304	14.759	19.300
06/06/1991	3.610	5.639	8.732	13.723	19.900
07/06/1991	0.487	5.761	9.098	14.170	22.800
08/06/1991	0.000	4.950	8.688	12.786	18.800
09/06/1991	0.477	7.457	8.714	16.259	21.400
10/06/1991	1.692	4.844	9.116	12.991	40.200
11/06/1991	0.000	7.360	7.464	15.259	29.600
12/06/1991	0.000	7.317	7.589	15.295	18.700
13/06/1991	0.000	6.585	8.607	14.964	15.100
14/06/1991	4.853	6.053	9.143	14.625	14.300
15/06/1991	0.000	4.998	8.643	12.839	14.500
16/06/1991	1.193	5.793	8.143	13.536	20.200
17/06/1991	4.775	5.846	8.652	14.018	28.400
18/06/1991	3.310	6.872	8.295	15.161	20.100
19/06/1991	4.252	5.476	8.250	13.170	17.500
20/06/1991	2.047	5.731	8.679	13.839	15.000
21/06/1991	4.717	5.827	9.161	14.357	15.000
22/06/1991	5.146	6.283	8.768	14.688	17.700
23/06/1991	4.417	6.253	8.491	14.446	43.900
24/06/1991	6.447	5.481	8.330	13.286	48.100
25/06/1991	3.988	6.646	7.509	14.304	44.900
26/06/1991	0.000	6.968	7.830	14.964	27.600
27/06/1991	20.541	6.690	7.750	14.527	21.700
28/06/1991	23.095	6.473	8.036	14.446	56.600
29/06/1991	0.000	5.236	7.866	12.554	50.200
30/06/1991	0.000	5.426	7.277	12.375	56.100
01/07/1991	0.000	5.013	7.661	12.089	72.700
02/07/1991	0.000	6.369	7.795	14.089	58.700
03/07/1991	0.000	6.366	7.027	13.545	42.900
04/07/1991	1.604	3.886	8.420	11.259	33.000
05/07/1991	0.000	4.975	8.009	12.312	24.700
06/07/1991	0.000	6.926	6.759	14.134	35.700
07/07/1991	0.000	4.610	7.714	11.589	57.200
08/07/1991	0.000	6.705	7.277	14.152	53.700
09/07/1991	0.000	5.725	7.946	13.259	43.700
10/07/1991	38.142	6.375	7.643	13.938	63.500
11/07/1991	0.591	5.488	6.777	12.062	71.900
12/07/1991	0.000	7.254	6.268	14.223	68.100
13/07/1991	0.000	6.261	6.661	13.027	48.800
14/07/1991	0.000	6.035	7.384	13.268	28.700
15/07/1991	0.000	6.040	7.527	13.348	28.800
16/07/1991	0.000	6.145	8.188	13.973	57.100
17/07/1991	0.000	7.460	6.473	14.616	42.500
18/07/1991	2.267	6.962	6.536	13.929	33.900
19/07/1991	0.000	6.509	6.696	13.366	29.200
20/07/1991	0.000	5.916	5.893	11.929	32.200
21/07/1991	0.000	6.101	5.911	12.205	33.000
22/07/1991	0.000	6.252	6.393	12.759	26.800
23/07/1991	1.037	6.793	6.098	13.348	27.700
24/07/1991	0.000	4.955	6.929	11.321	45.700
25/07/1991	0.000	6.373	7.286	13.554	40.400
26/07/1991	0.000	5.528	7.938	12.839	32.100
27/07/1991	0.000	6.165	7.616	13.464	36.300
28/07/1991	0.000	6.215	6.036	12.402	48.200
29/07/1991	0.000	6.576	7.089	13.607	89.600
30/07/1991	0.000	7.568	6.348	14.518	46.500
31/07/1991	35.933	7.249	7.071	14.536	65.400
01/08/1991	19.412	6.609	7.000	13.589	78.100
02/08/1991	0.000	6.592	6.723	13.357	44.500
03/08/1991	19.412	6.776	6.357	13.357	39.500
04/08/1991	0.000	7.404	6.420	14.259	43.000
05/08/1991	0.000	6.449	6.500	12.946	25.400
06/08/1991	0.000	6.913	6.714	13.732	41.000
07/08/1991	0.000	7.525	7.054	14.821	115.000
08/08/1991	0.000	7.813	6.446	14.777	108.100
09/08/1991	0.000	5.853	7.348	12.670	56.700
10/08/1991	0.000	7.414	7.205	14.723	51.500
11/08/1991	0.000	6.948	5.866	13.125	40.200
12/08/1991	0.349	7.496	5.223	13.464	26.100
13/08/1991	0.000	7.181	5.143	12.973	19.400
14/08/1991	0.000	6.703	6.705	13.348	24.900
15/08/1991	0.000	5.967	6.580	12.214	29.000
16/08/1991	0.000	5.785	7.098	12.330	28.600
17/08/1991	0.000	5.897	7.161	12.527	35.400
18/08/1991	0.000	6.730	6.491	13.188	30.400
19/08/1991	0.000	6.961	5.304	12.679	24.700
20/08/1991	0.000	7.337	6.250	13.848	22.600
21/08/1991	0.000	6.729	5.893	12.723	20.000
22/08/1991	0.000	7.024	5.348	12.750	23.500
23/08/1991	0.000	7.376	5.875	13.580	19.000
24/08/1991	0.000	6.795	5.089	12.214	17.900
25/08/1991	0.000	9.237	5.714	16.071	19.500
26/08/1991	0.000	8.409	3.786	13.688	15.700
27/08/1991	0.000	7.817	5.000	13.598	14.300
28/08/1991	0.000	5.904	7.446	12.634	24.400
29/08/1991	11.607	7.414	5.429	13.277	28.000
30/08/1991	0.000	7.612	7.134	14.679	17.500
31/08/1991	0.000	7.279	7.161	14.250	42.900
01/09/1991	0.175	6.681	7.018	13.339	38.700
02/09/1991	0.000	9.132	5.438	15.670	27.900
03/09/1991	6.139	7.939	5.000	13.688	19.700
04/09/1991	0.280	6.876	6.580	13.259	16.900
05/09/1991	0.000	7.883	6.795	14.777	15.100
06/09/1991	0.000	8.154	7.652	15.714	14.300
07/09/1991	0.000	7.480	9.080	15.812	13.900
08/09/1991	0.000	8.502	6.929	15.696	13.400
09/09/1991	0.000	8.585	6.554	15.554	13.000
10/09/1991	1.864	6.654	7.643	13.696	20.800
11/09/1991	0.000	7.707	7.589	15.045	25.700
12/09/1991	0.000	7.652	6.643	14.321	18.200
13/09/1991	0.000	9.481	5.661	16.188	14.600
14/09/1991	0.000	9.255	5.518	15.777	13.300
15/09/1991	4.188	7.214	8.330	14.875	13.600
16/09/1991	21.493	7.130	8.196	14.688	16.800
17/09/1991	8.799	7.557	7.161	14.571	25.900
18/09/1991	0.000	7.487	7.821	14.911	25.200
19/09/1991	5.598	7.381	7.795	14.750	19.500
20/09/1991	13.098	5.425	8.009	12.393	24.700
21/09/1991	0.000	6.921	7.554	13.964	58.700
22/09/1991	18.944	7.839	7.348	15.045	42.200
23/09/1991	16.333	7.677	7.670	15.062	56.400
24/09/1991	0.000	5.823	8.268	13.089	54.200
25/09/1991	14.390	7.702	7.786	15.170	38.900
26/09/1991	36.453	8.245	7.286	15.589	32.900
27/09/1991	7.460	8.502	7.071	15.768	56.200
28/09/1991	0.000	8.107	8.321	16.080	40.300
29/09/1991	0.000	6.930	8.661	14.786	29.500
30/09/1991	0.000	6.978	8.179	14.518	22.200
01/10/1991	0.000	6.083	7.420	12.777	19.400
02/10/1991	15.747	7.764	7.348	14.982	23.200
03/10/1991	0.000	9.233	6.223	16.268	29.500
04/10/1991	0.000	7.780	7.304	14.973	20.300
05/10/1991	0.000	8.428	6.196	15.134	16.600
06/10/1991	5.356	7.778	6.045	14.134	15.100
07/10/1991	4.542	7.851	5.295	13.804	21.100
08/10/1991	20.435	6.511	6.705	12.893	20.100
09/10/1991	11.342	4.350	7.268	10.509	25.100
10/10/1991	0.000	6.584	7.464	13.554	21.400
11/10/1991	0.000	7.161	6.714	13.821	16.800
12/10/1991	0.000	7.737	5.982	14.107	16.000
13/10/1991	0.000	7.135	7.286	14.170	14.800
14/10/1991	0.000	8.113	7.000	15.330	13.700
15/10/1991	2.932	7.691	6.411	14.357	13.000
16/10/1991	0.000	7.369	6.607	14.089	13.400
17/10/1991	0.000	7.054	7.696	14.411	13.600
18/10/1991	8.438	6.020	6.830	12.411	21.900
19/10/1991	0.570	5.657	7.607	12.491	21.600
20/10/1991	0.000	7.527	6.161	14.045	17.800
21/10/1991	0.000	8.295	4.866	14.304	14.600
22/10/1991	0.000	8.040	4.795	13.893	13.300
23/10/1991	0.000	7.559	6.500	14.339	12.500
24/10/1991	0.275	7.714	5.929	14.196	11.900
25/10/1991	4.827	6.462	7.696	13.679	11.600
26/10/1991	4.090	6.507	6.723	13.071	13.500
27/10/1991	10.844	5.827	6.991	12.339	14.600
28/10/1991	0.000	5.959	7.250	12.714	16.700
29/10/1991	0.228	7.649	6.196	14.357	15.800
30/10/1991	6.306	6.600	6.964	13.420	15.400
31/10/1991	5.066	5.835	7.884	13.071	16.500
01/11/1991	0.000	7.022	7.054	14.098	16.200
02/11/1991	1.620	6.260	8.152	13.830	15.200
03/11/1991	0.000	9.088	4.527	15.509	15.100
04/11/1991	0.000	5.545	8.304	13.062	13.900
05/11/1991	16.752	8.144	6.723	15.562	14.600
06/11/1991	7.852	6.190	7.446	13.321	28.500
07/11/1991	14.106	6.136	7.500	13.295	27.700
08/11/1991	0.000	4.290	7.705	10.991	38.900
09/11/1991	18.734	5.693	7.179	12.473	64.100
10/11/1991	0.000	6.417	7.580	13.768	44.900
11/11/1991	1.457	7.665	7.759	15.661	38.100
12/11/1991	14.678	5.788	7.250	12.679	31.500
13/11/1991	24.089	4.960	7.661	11.857	25.900
14/11/1991	6.194	5.634	6.661	12.045	41.900
15/11/1991	0.000	6.642	6.938	13.714	35.900
16/11/1991	0.000	5.220	7.884	12.420	31.900
17/11/1991	16.710	5.035	8.214	12.429	50.400
18/11/1991	0.000	6.397	7.116	13.491	36.800
19/11/1991	3.393	7.127	5.902	13.741	28.800
20/11/1991	8.850	7.203	6.670	14.357	23.300
21/11/1991	1.106	6.308	7.589	13.759	21.400
22/11/1991	2.687	6.837	7.696	14.589	20.600
23/11/1991	2.269	6.367	8.616	14.607	18.700
24/11/1991	18.240	8.690	7.938	17.438	21.900
25/11/1991	6.889	5.833	8.143	13.554	23.400
26/11/1991	0.000	6.391	8.062	14.277	18.500
27/11/1991	1.662	6.855	8.527	15.259	19.000
28/11/1991	0.000	4.822	8.643	12.589	22.500
29/11/1991	0.000	5.272	8.446	13.027	24.800
30/11/1991	1.662	6.128	7.804	13.741	18.700
01/12/1991	0.000	6.268	8.152	14.188	17.600
02/12/1991	7.704	7.044	7.768	15.027	16.200
03/12/1991	0.000	5.995	8.143	13.839	17.100
04/12/1991	10.856	6.147	7.946	13.911	15.500
05/12/1991	6.216	4.900	8.241	12.402	17.900
06/12/1991	0.000	6.885	7.821	14.875	21.700
07/12/1991	0.000	5.937	8.196	13.804	21.500
08/12/1991	0.000	6.918	8.571	15.464	17.400
09/12/1991	7.911	4.478	8.607	12.170	15.800
10/12/1991	7.346	6.520	8.071	14.545	15.100
11/12/1991	6.322	7.359	7.357	15.268	19.500
12/12/1991	0.000	7.768	7.518	15.982	15.100
13/12/1991	15.591	7.145	7.759	15.250	13.800
14/12/1991	13.990	5.883	7.938	13.562	13.500
15/12/1991	2.269	5.525	9.125	13.991	13.100
16/12/1991	10.936	5.653	8.116	13.366	12.900
17/12/1991	27.276	5.100	7.866	12.420	23.000
18/12/1991	0.000	6.893	7.241	14.554	30.400
19/12/1991	0.000	6.662	7.384	14.286	17.500
20/12/1991	1.112	6.422	7.616	14.116	15.100
21/12/1991	0.000	6.650	7.205	14.161	13.900
22/12/1991	0.000	6.490	7.795	14.339	13.700
23/12/1991	3.671	6.046	7.768	13.688	14.800
24/12/1991	5.945	6.135	7.330	13.482	16.200
25/12/1991	0.000	4.776	7.500	11.705	14.700
26/12/1991	0.000	7.386	6.429	14.714	13.000
27/12/1991	0.000	7.248	6.241	14.339	12.900
28/12/1991	0.000	6.727	6.429	13.679	12.700
29/12/1991	18.055	6.711	7.286	14.259	18.600
30/12/1991	0.000	7.117	7.062	14.696	21.000
31/12/1991	0.000	8.647	4.759	15.491	14.300
01/01/1992	0.000	6.113	5.768	12.312	11.270
02/01/1992	2.620	6.037	7.768	13.616	10.760
03/01/1992	3.285	6.448	8.000	14.384	10.760
04/01/1992	0.000	4.015	8.482	11.446	11.680
05/01/1992	0.000	5.299	8.562	13.188	12.720
06/01/1992	0.000	4.751	8.205	12.161	15.080
07/01/1992	5.992	6.759	7.821	14.652	15.880
08/01/1992	4.447	6.445	7.259	13.786	19.440
09/01/1992	0.000	8.435	5.071	15.268	13.330
10/01/1992	0.000	7.554	5.830	14.420	11.450
11/01/1992	0.000	8.480	5.545	15.589	10.780
12/01/1992	0.000	6.487	7.161	13.723	10.690
13/01/1992	0.000	5.871	8.152	13.580	10.050
14/01/1992	25.401	6.357	7.661	13.893	9.520
15/01/1992	31.406	5.740	7.750	13.080	13.840
16/01/1992	0.000	5.401	7.554	12.455	13.160
17/01/1992	0.000	7.135	6.107	13.884	11.100
18/01/1992	0.000	7.808	4.732	13.982	10.050
19/01/1992	0.000	7.353	5.330	13.652	9.520
20/01/1992	0.000	7.969	6.643	15.402	9.170
21/01/1992	0.000	6.943	7.589	14.562	9.000
22/01/1992	0.000	7.258	8.143	15.366	8.550
23/01/1992	0.000	7.753	7.170	15.375	8.760
24/01/1992	2.597	7.044	7.339	14.500	9.320
25/01/1992	25.028	7.062	7.830	14.839	8.850
26/01/1992	0.000	6.396	7.080	13.366	9.020
27/01/1992	0.000	4.654	7.911	11.625	8.250
28/01/1992	0.000	4.573	7.643	11.295	11.620
29/01/1992	0.000	6.484	7.295	13.607	16.250
30/01/1992	0.000	5.777	7.688	12.893	13.000
31/01/1992	0.000	6.927	7.027	13.991	12.820
01/02/1992	9.763	6.048	6.393	12.286	13.070
02/02/1992	0.000	8.129	6.134	15.071	9.520
03/02/1992	0.000	6.469	8.527	14.393	8.850
04/02/1992	0.000	8.291	7.438	16.116	8.250
05/02/1992	0.000	8.348	6.241	15.384	8.250
06/02/1992	0.000	7.512	7.080	14.759	7.650
07/02/1992	0.000	6.205	7.509	13.232	7.650
08/02/1992	0.000	7.052	7.393	14.295	9.700
09/02/1992	0.000	6.401	7.464	13.464	16.300
10/02/1992	17.962	6.035	7.652	13.089	24.850
11/02/1992	8.156	5.849	7.589	12.759	25.700
12/02/1992	10.176	5.333	8.080	12.455	21.600
13/02/1992	0.000	6.702	6.321	13.000	22.700
14/02/1992	0.000	7.456	6.473	14.143	18.800
15/02/1992	0.000	8.335	6.438	15.321	16.250
16/02/1992	0.599	5.815	6.839	12.098	10.570
17/02/1992	7.840	7.407	7.054	14.429	10.050
18/02/1992	0.000	6.718	6.188	12.848	7.650
19/02/1992	0.000	7.335	6.839	14.134	8.250
20/02/1992	14.298	5.991	7.214	12.589	9.520
21/02/1992	12.502	5.552	7.759	12.402	15.750
22/02/1992	1.763	6.371	8.054	13.679	13.750
23/02/1992	4.213	7.476	8.080	15.143	11.270
24/02/1992	0.000	5.606	7.920	12.571	9.520
25/02/1992	0.000	5.790	8.446	13.188	9.700
26/02/1992	0.000	5.867	9.054	13.741	13.150
27/02/1992	0.000	6.075	8.027	13.205	12.150
28/02/1992	0.000	7.719	7.723	15.161	10.400
29/02/1992	0.000	6.037	8.250	13.330	8.700
01/03/1992	2.679	5.942	8.652	13.509	8.700
02/03/1992	1.294	6.961	7.821	14.179	8.850
03/03/1992	0.000	8.904	7.357	16.455	8.250
04/03/1992	10.417	4.918	9.089	12.589	8.100
05/03/1992	2.347	6.120	8.000	13.223	7.650
06/03/1992	1.141	6.391	8.393	13.839	9.180
07/03/1992	16.927	6.075	8.634	13.634	12.500
08/03/1992	0.000	8.736	8.420	16.911	20.750
09/03/1992	0.000	5.746	8.500	13.098	9.400
10/03/1992	0.000	7.486	7.277	14.455	7.800
11/03/1992	0.000	7.090	8.464	14.759	7.350
12/03/1992	0.000	7.425	8.598	15.295	7.500
13/03/1992	0.000	6.341	9.054	14.250	12.500
14/03/1992	0.000	6.876	9.009	14.875	17.000
15/03/1992	0.000	6.613	8.786	14.375	17.500
16/03/1992	8.711	7.404	7.339	14.384	15.500
17/03/1992	0.111	8.269	8.250	16.116	17.500
18/03/1992	0.000	6.009	8.652	13.518	12.300
19/03/1992	0.000	6.282	9.018	14.116	10.570
20/03/1992	9.254	6.335	8.643	13.902	10.750
21/03/1992	2.384	6.031	8.188	13.179	10.920
22/03/1992	0.000	7.665	7.179	14.598	9.700
23/03/1992	0.000	9.758	5.366	16.250	8.250
24/03/1992	0.000	8.460	5.920	14.804	7.650
25/03/1992	0.000	8.304	5.580	14.375	6.750
26/03/1992	1.015	8.916	6.768	16.000	8.400
27/03/1992	0.746	8.276	7.089	15.339	8.100
28/03/1992	0.341	7.588	7.009	14.375	7.050
29/03/1992	0.000	7.518	8.598	15.393	6.750
30/03/1992	5.890	6.607	6.982	13.054	6.450
31/03/1992	23.012	6.323	7.955	13.393	7.950
01/04/1992	15.813	6.140	7.161	12.598	7.050
02/04/1992	4.616	7.093	7.071	13.777	8.700
03/04/1992	0.000	8.392	7.705	15.946	7.200
04/04/1992	6.141	6.162	8.527	13.634	6.750
05/04/1992	11.032	6.280	7.786	13.250	6.750
06/04/1992	0.000	7.776	7.991	15.339	7.050
07/04/1992	0.000	6.580	7.527	13.438	9.100
08/04/1992	0.000	7.767	7.312	14.893	18.450
09/04/1992	2.256	5.741	7.893	12.696	11.750
10/04/1992	17.455	6.583	8.143	13.946	32.850
11/04/1992	0.316	4.915	8.152	11.848	33.170
12/04/1992	0.000	5.727	8.205	12.902	18.670
13/04/1992	5.818	7.476	6.571	14.062	15.130
14/04/1992	14.483	7.480	6.884	14.259	16.030
15/04/1992	7.424	6.356	7.027	12.893	22.660
16/04/1992	0.000	5.627	8.223	12.839	15.860
17/04/1992	0.000	5.309	8.089	12.321	13.520
18/04/1992	0.848	5.957	8.080	13.170	12.430
19/04/1992	0.000	5.768	8.286	13.098	13.140
20/04/1992	0.000	8.255	7.339	15.705	13.510
21/04/1992	11.713	6.051	8.170	13.357	11.190
22/04/1992	12.361	5.844	8.545	13.402	29.940
23/04/1992	3.992	7.008	9.054	15.304	53.740
24/04/1992	0.000	5.201	8.875	12.875	24.300
25/04/1992	7.226	5.829	8.482	13.384	22.570
26/04/1992	4.937	4.822	8.688	12.286	32.770
27/04/1992	5.021	5.871	8.375	13.357	49.500
28/04/1992	0.000	5.671	8.018	12.821	42.460
29/04/1992	4.753	5.449	8.018	12.554	20.650
30/04/1992	5.795	7.804	7.830	15.607	16.500
01/05/1992	4.727	7.810	8.027	15.750	16.500
02/05/1992	4.222	7.588	6.143	14.161	16.500
03/05/1992	20.873	5.349	7.625	12.179	16.500
04/05/1992	0.361	5.667	7.884	12.821	16.500
05/05/1992	0.000	7.547	7.107	14.821	17.720
06/05/1992	17.279	6.569	7.973	14.125	29.030
07/05/1992	5.418	6.730	7.688	14.143	35.950
08/05/1992	0.000	5.730	7.482	12.634	23.590
09/05/1992	0.000	6.456	7.464	13.625	17.250
10/05/1992	0.000	6.204	8.071	13.723	17.000
11/05/1992	0.997	7.680	8.830	16.268	16.000
12/05/1992	7.301	6.352	9.196	14.777	15.000
13/05/1992	0.000	6.155	8.357	13.902	15.000
14/05/1992	0.208	7.313	7.214	14.705	15.000
15/05/1992	3.142	6.536	8.321	14.429	15.000
16/05/1992	0.000	4.886	8.589	12.464	15.960
17/05/1992	0.000	8.261	8.473	16.946	16.300
18/05/1992	0.000	7.548	8.062	15.688	16.000
19/05/1992	16.208	6.267	8.375	14.152	16.720
20/05/1992	0.000	5.755	8.170	13.321	17.610
21/05/1992	0.000	5.775	9.116	14.062	16.290
22/05/1992	2.725	5.947	8.116	13.536	20.000
23/05/1992	0.604	5.725	8.232	13.348	16.100
24/05/1992	0.610	4.925	8.509	12.518	21.650
25/05/1992	0.000	7.087	7.580	14.786	16.490
26/05/1992	0.000	8.279	6.375	15.714	17.500
27/05/1992	8.666	8.613	6.536	16.295	17.500
28/05/1992	15.795	6.480	7.973	14.250	17.500
29/05/1992	9.210	7.184	6.688	14.384	17.600
30/05/1992	0.000	8.139	6.714	15.786	17.250
31/05/1992	0.000	6.235	8.643	14.438	17.540
01/06/1992	7.426	7.227	9.089	16.134	17.060
02/06/1992	7.391	5.673	8.393	13.518	16.500
03/06/1992	0.000	5.943	8.089	13.643	24.060
04/06/1992	27.827	6.261	8.464	14.384	20.750
05/06/1992	0.000	6.905	7.768	14.759	20.100
06/06/1992	0.000	6.363	8.027	14.188	13.250
07/06/1992	0.000	5.911	6.830	12.688	11.270
08/06/1992	0.000	5.959	7.821	13.482	8.850
09/06/1992	0.000	6.899	7.571	14.661	10.230
10/06/1992	0.000	6.342	7.714	13.973	14.750
11/06/1992	0.000	5.613	8.152	13.268	14.000
12/06/1992	0.000	5.007	8.741	12.929	33.100
13/06/1992	21.776	6.953	7.625	14.812	36.500
14/06/1992	0.000	5.744	7.357	12.875	19.130
15/06/1992	0.000	7.208	6.759	14.571	18.150
16/06/1992	0.000	6.567	7.179	13.920	11.270
17/06/1992	0.000	6.824	7.321	14.420	13.100
18/06/1992	0.000	6.062	7.688	13.562	10.750
19/06/1992	0.000	5.919	8.348	13.884	14.250
20/06/1992	7.120	5.417	7.812	12.759	12.750
21/06/1992	0.000	6.595	8.625	15.027	30.800
22/06/1992	0.000	6.587	8.170	14.688	17.000
23/06/1992	0.000	7.403	4.527	13.411	15.250
24/06/1992	0.000	7.140	4.741	13.143	14.750
25/06/1992	0.000	7.118	6.830	14.518	11.100
26/06/1992	0.000	6.203	5.661	12.339	8.850
27/06/1992	0.000	6.853	7.223	14.393	8.250
28/06/1992	0.000	7.404	6.491	14.696	23.350
29/06/1992	0.000	7.584	6.732	15.116	52.100
30/06/1992	0.000	7.518	6.062	14.562	24.630
01/07/1992	0.000	7.211	8.330	15.634	18.150
02/07/1992	0.000	6.493	7.116	13.759	15.000
03/07/1992	0.000	4.301	8.000	11.393	29.100
04/07/1992	0.000	5.432	6.589	11.839	29.950
05/07/1992	0.000	6.539	6.768	13.571	24.000
06/07/1992	0.000	6.154	5.366	12.045	26.550
07/07/1992	0.000	6.129	6.696	12.911	29.950
08/07/1992	0.000	5.916	6.786	12.696	22.050
09/07/1992	8.184	4.873	6.866	11.259	36.500
10/07/1992	0.000	6.108	7.589	13.509	39.500
11/07/1992	0.000	6.726	5.446	12.920	27.400
12/07/1992	0.000	6.998	4.295	12.518	18.150
13/07/1992	56.251	5.283	6.045	11.188	29.520
14/07/1992	0.000	7.303	6.304	14.312	30.800
15/07/1992	20.808	6.355	6.616	13.125	40.500
16/07/1992	0.000	7.214	6.580	14.339	47.170
17/07/1992	0.000	7.138	5.732	13.652	64.330
18/07/1992	0.000	7.879	4.955	14.232	20.750
19/07/1992	0.000	7.305	5.134	13.473	13.000
20/07/1992	0.000	5.969	5.839	11.946	28.750
21/07/1992	0.000	4.906	6.920	11.250	37.430
22/07/1992	0.000	6.207	6.661	12.875	43.500
23/07/1992	0.000	6.090	6.580	12.661	78.750
24/07/1992	0.000	6.570	6.830	13.491	44.900
25/07/1992	0.000	6.716	4.857	12.330	37.500
26/07/1992	0.000	6.252	5.518	12.080	47.900
27/07/1992	0.000	6.864	6.161	13.393	18.480
28/07/1992	0.000	8.111	5.929	15.036	68.130
29/07/1992	0.000	7.294	5.723	13.705	48.500
30/07/1992	0.000	5.985	6.652	12.464	35.650
31/07/1992	0.000	8.509	4.911	14.929	22.170
01/08/1992	0.000	7.952	5.509	14.473	23.850
02/08/1992	0.000	7.190	6.009	13.714	35.760
03/08/1992	0.000	7.340	6.670	14.339	40.900
04/08/1992	0.000	7.740	4.964	13.768	19.800
05/08/1992	0.000	6.347	5.839	12.312	22.030
06/08/1992	0.000	5.390	7.652	12.312	52.590
07/08/1992	0.000	6.480	6.884	13.205	34.320
08/08/1992	0.000	7.162	6.661	14.000	24.020
09/08/1992	0.000	7.236	6.518	13.991	23.930
10/08/1992	0.000	6.956	6.384	13.464	30.990
11/08/1992	0.000	8.416	6.348	15.518	28.160
12/08/1992	23.275	6.621	7.554	13.839	16.930
13/08/1992	0.000	7.305	5.795	13.554	16.180
14/08/1992	0.000	7.329	6.554	14.080	24.310
15/08/1992	0.000	7.278	6.464	13.929	17.250
16/08/1992	26.114	7.303	6.045	13.670	43.340
17/08/1992	0.000	7.334	7.420	14.661	28.510
18/08/1992	0.000	6.919	8.446	14.786	39.680
19/08/1992	0.000	8.054	6.241	14.821	21.870
20/08/1992	0.000	8.216	6.955	15.500	14.790
21/08/1992	0.000	8.950	5.777	15.741	12.580
22/08/1992	0.000	6.777	6.312	13.036	11.100
23/08/1992	4.031	6.224	7.884	13.420	16.200
24/08/1992	0.000	7.339	6.688	14.054	16.850
25/08/1992	0.000	7.474	5.750	13.598	12.640
26/08/1992	0.000	8.023	2.946	12.580	11.450
27/08/1992	0.000	8.492	4.536	14.250	10.230
28/08/1992	0.000	8.974	5.455	15.473	10.720
29/08/1992	1.700	8.618	6.411	15.589	10.400
30/08/1992	0.350	7.879	8.196	15.759	9.520
31/08/1992	0.000	8.623	7.411	16.223	9.170
01/09/1992	0.000	8.913	7.607	16.732	8.670
02/09/1992	2.547	8.803	5.455	15.196	8.880
03/09/1992	0.000	7.315	7.679	14.625	8.100
04/09/1992	0.000	8.083	7.232	15.348	7.800
05/09/1992	0.000	9.481	5.893	16.375	7.350
06/09/1992	1.063	8.876	7.152	16.348	7.200
07/09/1992	0.000	6.754	8.143	14.188	7.350
08/09/1992	0.000	7.593	6.929	14.446	8.810
09/09/1992	0.000	8.549	6.250	15.286	10.340
10/09/1992	0.000	8.758	5.518	15.107	9.030
11/09/1992	0.000	9.249	5.268	15.616	7.950
12/09/1992	0.000	10.835	4.821	17.536	7.350
13/09/1992	0.534	7.356	7.036	14.161	6.900
14/09/1992	11.863	7.426	7.116	14.330	6.450
15/09/1992	24.446	6.043	7.741	12.973	7.290
16/09/1992	3.588	6.284	7.955	13.429	10.360
17/09/1992	0.000	8.693	6.143	15.402	11.840
18/09/1992	0.000	7.506	5.839	13.554	10.600
19/09/1992	0.000	8.243	6.938	15.321	10.220
20/09/1992	9.785	7.598	7.536	14.839	9.870
21/09/1992	5.445	8.625	5.518	14.884	13.280
22/09/1992	0.956	6.051	6.973	12.429	13.150
23/09/1992	1.619	8.151	6.268	14.750	11.670
24/09/1992	20.090	6.212	6.830	12.545	10.770
25/09/1992	0.730	7.608	6.714	14.339	11.600
26/09/1992	7.837	8.680	6.830	15.866	20.850
27/09/1992	11.075	5.726	7.955	12.723	16.230
28/09/1992	0.000	6.788	6.027	12.741	18.420
29/09/1992	0.000	6.877	7.027	13.562	12.340
30/09/1992	0.000	7.732	5.670	13.812	10.750
01/10/1992	11.977	7.011	7.071	13.768	9.350
02/10/1992	6.604	7.157	7.018	13.929	8.810
03/10/1992	6.692	6.845	7.098	13.580	12.200
04/10/1992	0.000	7.171	6.107	13.339	11.450
05/10/1992	5.841	8.421	6.107	15.080	9.700
06/10/1992	0.000	7.144	7.795	14.509	9.180
07/10/1992	11.308	8.165	6.866	15.250	10.740
08/10/1992	0.000	7.340	6.071	13.607	11.650
09/10/1992	0.000	7.903	6.973	14.991	10.980
10/10/1992	5.453	5.975	7.723	12.946	16.020
11/10/1992	0.000	6.530	7.625	13.607	21.200
12/10/1992	20.318	5.819	6.902	12.134	17.960
13/10/1992	0.985	6.216	7.223	12.920	15.420
14/10/1992	0.000	5.865	7.241	12.455	41.560
15/10/1992	0.000	7.746	5.196	13.661	21.880
16/10/1992	0.833	7.552	6.750	14.402	13.220
17/10/1992	1.960	7.863	7.536	15.393	10.740
18/10/1992	12.803	6.289	8.143	13.723	9.850
19/10/1992	0.268	6.572	8.170	14.125	9.350
20/10/1992	0.000	5.923	7.955	13.125	8.850
21/10/1992	0.000	6.141	7.330	12.964	9.340
22/10/1992	23.375	6.757	6.562	13.241	8.850
23/10/1992	0.000	8.497	6.518	15.688	12.150
24/10/1992	1.133	6.302	7.143	13.071	16.250
25/10/1992	0.000	5.824	8.250	13.259	13.750
26/10/1992	0.000	7.773	6.062	14.402	12.150
27/10/1992	3.417	7.903	5.661	14.339	9.700
28/10/1992	11.669	7.452	7.616	15.045	9.180
29/10/1992	23.264	7.995	6.857	15.312	8.550
30/10/1992	4.751	7.971	6.277	14.902	11.620
31/10/1992	0.000	8.413	6.848	15.902	9.350
01/11/1992	4.714	7.001	8.036	14.759	8.550
02/11/1992	1.712	6.683	7.866	14.214	8.400
03/11/1992	14.457	8.198	5.732	14.920	10.400
04/11/1992	25.748	6.824	7.098	13.884	8.550
05/11/1992	2.319	8.288	5.393	14.902	8.550
06/11/1992	21.700	5.159	7.438	11.946	21.730
07/11/1992	0.000	7.093	6.857	14.205	14.250
08/11/1992	0.000	8.316	6.161	15.500	9.520
09/11/1992	8.466	6.180	6.821	12.884	10.050
10/11/1992	2.262	8.059	7.071	15.732	13.250
11/11/1992	3.177	7.160	7.000	14.420	11.100
12/11/1992	13.796	7.100	6.991	14.357	10.400
13/11/1992	38.155	5.456	7.446	12.384	19.130
14/11/1992	0.000	5.770	7.562	12.929	18.170
15/11/1992	5.294	5.510	6.955	12.098	40.700
16/11/1992	4.895	6.757	6.652	13.670	33.110
17/11/1992	17.908	5.115	6.902	11.545	26.780
18/11/1992	6.338	5.997	7.277	13.080	26.490
19/11/1992	12.600	7.286	6.616	14.464	18.840
20/11/1992	0.000	7.976	7.607	16.143	17.660
21/11/1992	26.116	6.796	7.304	14.259	15.780
22/11/1992	8.592	7.663	7.688	15.777	17.060
23/11/1992	10.171	5.481	8.366	13.196	18.420
24/11/1992	7.528	5.896	7.295	12.991	14.150
25/11/1992	1.679	7.067	7.232	14.661	16.090
26/11/1992	8.060	7.243	8.071	15.500	14.020
27/11/1992	4.758	5.124	7.214	11.884	18.260
28/11/1992	3.939	6.428	7.688	14.089	24.240
29/11/1992	13.763	6.780	7.054	14.152	35.120
30/11/1992	7.800	6.354	7.536	13.875	31.120
01/12/1992	2.436	8.001	5.982	15.241	31.160
02/12/1992	5.151	6.604	7.768	14.411	19.120
03/12/1992	0.000	6.692	7.964	14.723	18.020
04/12/1992	21.334	6.022	7.625	13.527	16.830
05/12/1992	5.805	5.482	8.250	13.205	22.570
06/12/1992	8.873	6.577	7.134	13.964	21.420
07/12/1992	1.940	6.345	7.384	13.777	18.560
08/12/1992	10.286	6.858	7.830	14.839	15.570
09/12/1992	10.005	6.065	8.339	14.089	15.430
10/12/1992	0.000	5.837	7.920	13.500	15.280
11/12/1992	0.000	6.704	8.286	14.982	21.350
12/12/1992	6.951	5.397	7.446	12.518	40.920
13/12/1992	0.000	6.207	7.732	13.866	32.100
14/12/1992	4.437	6.516	7.500	14.152	31.050
15/12/1992	0.000	7.657	8.438	16.455	18.280
16/12/1992	5.518	7.629	8.491	16.473	15.980
17/12/1992	1.160	6.655	8.241	14.893	16.410
18/12/1992	1.589	7.436	6.223	14.652	13.250
19/12/1992	6.351	7.595	7.018	15.402	11.620
20/12/1992	9.989	5.909	8.232	13.804	10.590
21/12/1992	8.757	6.379	7.000	13.589	9.900
22/12/1992	3.853	7.622	5.946	14.750	10.050
23/12/1992	0.000	7.090	6.848	14.554	9.520
24/12/1992	0.000	7.101	4.625	13.080	9.010
25/12/1992	0.000	6.404	8.330	14.580	8.550
26/12/1992	0.000	8.668	6.839	16.848	8.250
27/12/1992	0.000	8.481	7.491	16.982	8.100
28/12/1992	0.000	6.355	8.098	14.330	7.960
29/12/1992	36.829	6.281	8.866	14.786	12.490
30/12/1992	3.465	6.777	6.875	14.071	11.130
31/12/1992	0.000	5.239	8.268	12.893	13.590
01/01/1993	0.000	6.886	7.670	14.786	12.300
02/01/1993	8.364	5.474	7.946	12.964	10.900
03/01/1993	10.135	6.194	8.741	14.536	10.700
04/01/1993	2.463	7.007	8.054	15.188	10.300
05/01/1993	6.543	6.440	7.741	14.152	12.800
06/01/1993	26.407	6.124	6.964	13.152	22.100
07/01/1993	1.751	6.360	6.580	13.214	35.400
08/01/1993	2.149	6.303	7.366	13.661	27.900
09/01/1993	8.468	7.277	6.045	14.196	17.300
10/01/1993	4.720	8.472	4.652	15.054	18.200
11/01/1993	8.515	7.764	6.098	14.893	12.500
12/01/1993	7.388	7.177	5.804	13.812	12.300
13/01/1993	0.372	6.296	6.759	13.152	12.300
14/01/1993	1.788	5.488	8.321	13.179	12.400
15/01/1993	2.612	5.226	8.277	12.777	16.800
16/01/1993	0.000	7.060	7.000	14.411	25.000
17/01/1993	0.197	6.662	6.911	13.750	22.200
18/01/1993	7.300	7.479	6.482	14.643	18.100
19/01/1993	6.674	6.585	7.688	14.161	14.100
20/01/1993	1.949	7.571	7.571	15.455	13.100
21/01/1993	0.000	6.993	7.580	14.616	11.100
22/01/1993	1.095	8.263	4.964	14.723	9.500
23/01/1993	0.000	7.771	5.768	14.491	9.000
24/01/1993	4.186	6.449	8.518	14.491	8.000
25/01/1993	1.405	7.427	5.723	13.920	7.000
26/01/1993	5.775	8.099	5.188	14.545	6.500
27/01/1993	0.000	7.491	6.554	14.527	6.000
28/01/1993	1.777	7.508	6.500	14.509	6.400
29/01/1993	0.000	7.081	8.330	15.170	7.700
30/01/1993	0.854	6.711	6.589	13.393	11.700
31/01/1993	6.700	6.327	7.339	13.384	9.500
01/02/1993	15.082	8.158	6.598	15.429	16.100
02/02/1993	0.000	6.351	7.902	13.821	32.800
03/02/1993	0.000	5.214	7.027	11.607	58.300
04/02/1993	0.000	7.022	7.571	14.446	27.800
05/02/1993	9.827	6.840	7.152	13.884	21.100
06/02/1993	0.000	7.533	7.402	14.991	15.800
07/02/1993	0.000	6.538	7.223	13.491	15.200
08/02/1993	1.557	6.293	8.625	14.170	14.200
09/02/1993	11.176	6.473	8.143	14.036	19.200
10/02/1993	0.000	7.514	7.071	14.679	13.600
11/02/1993	10.773	6.640	7.643	13.857	11.800
12/02/1993	0.000	6.963	6.938	13.795	10.500
13/02/1993	2.310	7.455	6.902	14.455	10.000
14/02/1993	0.949	7.312	7.375	14.545	9.000
15/02/1993	0.000	9.248	5.536	16.009	8.500
16/02/1993	0.000	8.460	5.938	15.143	7.700
17/02/1993	3.278	6.660	6.839	13.250	7.000
18/02/1993	22.762	6.056	7.777	13.107	8.600
19/02/1993	0.000	6.353	6.795	12.786	7.700
20/02/1993	0.000	6.310	7.473	13.188	7.500
21/02/1993	2.411	7.565	6.688	14.357	8.900
22/02/1993	0.000	6.895	7.562	14.018	8.500
23/02/1993	0.000	7.394	7.509	14.616	8.000
24/02/1993	11.291	6.545	7.598	13.545	8.600
25/02/1993	18.509	7.563	5.830	13.688	10.300
26/02/1993	10.082	5.057	8.000	11.920	12.300
27/02/1993	3.239	6.885	6.973	13.509	12.400
28/02/1993	19.044	6.631	7.580	13.625	16.400
01/03/1993	15.282	7.984	5.973	14.330	20.800
02/03/1993	8.707	7.388	6.071	13.554	21.100
03/03/1993	15.075	7.096	6.366	13.357	14.800
04/03/1993	1.734	5.693	6.045	11.223	16.400
05/03/1993	0.453	6.519	6.464	12.598	16.700
06/03/1993	0.341	5.602	7.795	12.402	20.100
07/03/1993	10.613	5.926	7.071	12.250	36.700
08/03/1993	7.481	6.140	7.375	12.741	29.400
09/03/1993	0.517	4.546	7.964	11.241	50.400
10/03/1993	0.000	6.463	7.009	12.911	49.500
11/03/1993	0.000	6.024	7.839	12.955	33.500
12/03/1993	0.000	6.970	7.688	14.098	36.500
13/03/1993	0.000	8.286	6.982	15.312	22.900
14/03/1993	18.091	7.020	7.491	13.973	28.500
15/03/1993	2.181	7.510	7.607	14.688	29.900
16/03/1993	0.000	6.348	7.509	13.062	27.400
17/03/1993	0.000	7.773	7.125	14.714	25.000
18/03/1993	9.353	5.722	7.750	12.509	26.700
19/03/1993	0.000	7.390	7.321	14.330	19.700
20/03/1993	7.719	6.791	8.250	14.205	20.000
21/03/1993	8.430	7.238	6.875	13.821	24.500
22/03/1993	0.000	6.942	7.786	14.080	17.500
23/03/1993	15.582	5.504	7.116	11.714	16.400
24/03/1993	0.000	7.237	7.679	14.375	17.100
25/03/1993	16.860	6.472	7.795	13.464	30.700
26/03/1993	16.538	5.623	8.205	12.696	38.200
27/03/1993	7.317	5.043	7.062	11.098	55.200
28/03/1993	4.465	5.853	6.625	11.830	35.800
29/03/1993	7.098	7.639	6.830	14.321	36.000
30/03/1993	0.453	8.265	6.938	15.250	24.600
31/03/1993	1.873	7.151	7.536	14.179	23.400
01/04/1993	0.000	6.982	7.652	14.027	22.100
02/04/1993	0.000	7.637	8.759	15.696	17.800
03/04/1993	0.000	7.382	8.009	14.830	16.700
04/04/1993	1.028	8.162	7.714	15.643	16.700
05/04/1993	17.108	7.451	7.812	14.786	34.200
06/04/1993	6.860	7.576	8.259	15.304	36.800
07/04/1993	1.612	7.551	7.938	15.027	27.100
08/04/1993	19.357	5.878	7.795	12.759	30.100
09/04/1993	0.569	6.399	8.009	13.607	31.800
10/04/1993	10.091	5.579	7.446	12.107	34.400
11/04/1993	0.000	7.092	8.304	14.714	33.100
12/04/1993	0.000	7.924	7.357	15.161	34.500
13/04/1993	21.733	6.589	8.589	14.286	20.300
14/04/1993	8.475	5.992	8.107	13.196	38.900
15/04/1993	11.333	9.255	6.991	16.786	78.900
16/04/1993	6.058	7.215	7.696	14.518	48.100
17/04/1993	5.501	8.706	7.875	16.607	43.000
18/04/1993	9.838	6.124	8.089	13.375	48.000
19/04/1993	9.374	6.397	8.188	13.830	66.700
20/04/1993	4.877	7.322	7.295	14.411	36.800
21/04/1993	0.000	7.222	8.714	15.286	42.000
22/04/1993	0.000	7.183	9.134	15.545	56.300
23/04/1993	9.760	4.819	8.518	12.125	51.400
24/04/1993	3.907	5.614	8.420	13.036	39.400
25/04/1993	5.837	8.060	7.973	15.929	31.500
26/04/1993	26.241	6.807	8.116	14.348	32.800
27/04/1993	0.000	6.510	8.518	14.312	24.100
28/04/1993	14.633	3.486	8.759	10.839	34.600
29/04/1993	0.599	5.853	7.929	13.009	33.200
30/04/1993	2.189	7.671	8.045	15.518	29.800
01/05/1993	23.455	5.166	8.946	12.929	25.100
02/05/1993	16.182	6.937	8.054	14.580	48.000
03/05/1993	14.703	7.565	8.420	15.696	46.200
04/05/1993	0.699	6.235	9.223	14.536	30.500
05/05/1993	8.172	8.430	8.911	17.259	33.700
06/05/1993	0.000	6.486	7.714	13.795	26.700
07/05/1993	14.582	6.456	8.741	14.500	35.500
08/05/1993	0.000	6.296	9.661	15.000	28.300
09/05/1993	1.515	5.148	9.714	13.607	31.000
10/05/1993	3.024	6.394	8.554	14.321	41.800
11/05/1993	3.198	8.110	7.339	15.839	26.200
12/05/1993	16.906	8.108	8.304	16.500	22.400
13/05/1993	1.961	5.482	8.893	13.402	31.600
14/05/1993	6.100	6.624	7.321	13.812	41.100
15/05/1993	5.663	7.776	8.652	16.366	29.900
16/05/1993	7.527	5.667	8.571	13.446	23.600
17/05/1993	0.359	6.459	8.688	14.607	22.900
18/05/1993	0.213	5.383	7.723	12.438	27.400
19/05/1993	0.000	5.983	8.277	13.688	30.400
20/05/1993	7.573	6.741	8.402	14.804	33.000
21/05/1993	14.164	5.547	8.214	13.062	24.300
22/05/1993	0.000	6.831	7.688	14.446	20.400
23/05/1993	8.703	4.805	8.848	12.607	22.500
24/05/1993	0.000	6.536	8.455	14.616	27.500
25/05/1993	28.923	6.147	8.223	13.929	40.800
26/05/1993	23.813	6.374	8.196	14.268	69.200
27/05/1993	1.933	5.469	8.232	13.054	35.500
28/05/1993	7.834	5.314	8.696	13.188	37.800
29/05/1993	24.406	5.329	8.670	13.232	83.400
30/05/1993	0.000	7.401	7.911	15.509	51.500
31/05/1993	2.323	7.424	8.143	15.714	35.200
01/06/1993	3.975	4.705	9.473	13.071	28.100
02/06/1993	0.000	6.606	7.750	14.321	25.900
03/06/1993	0.000	7.412	6.705	14.750	22.400
04/06/1993	0.297	7.480	7.098	15.125	19.400
05/06/1993	0.000	6.992	7.054	14.393	24.400
06/06/1993	0.000	6.147	7.830	13.777	30.600
07/06/1993	0.000	6.551	8.170	14.562	26.700
08/06/1993	0.000	6.391	8.036	14.250	20.500
09/06/1993	12.520	6.779	7.259	14.268	18.900
10/06/1993	0.788	6.483	8.125	14.482	21.200
11/06/1993	19.154	4.286	8.304	11.643	47.500
12/06/1993	0.000	5.552	7.438	12.661	54.100
13/06/1993	0.050	6.304	7.955	14.098	38.700
14/06/1993	0.000	6.020	8.705	14.250	26.300
15/06/1993	0.000	6.239	7.723	13.848	21.100
16/06/1993	0.000	6.594	6.759	13.688	20.000
17/06/1993	4.104	6.563	7.643	14.277	31.000
18/06/1993	0.000	5.711	7.884	13.232	48.100
19/06/1993	12.052	5.179	8.536	13.000	52.600
20/06/1993	3.853	3.996	7.875	10.920	73.200
21/06/1993	3.141	5.814	8.143	13.571	38.300
22/06/1993	0.000	7.728	7.509	15.848	25.400
23/06/1993	0.000	5.018	8.000	12.366	23.900
24/06/1993	0.000	6.316	5.991	12.759	31.800
25/06/1993	0.000	5.845	6.411	12.348	45.300
26/06/1993	0.650	4.016	7.464	10.616	54.200
27/06/1993	2.876	5.179	7.438	12.152	42.400
28/06/1993	7.077	7.014	6.625	14.223	33.400
29/06/1993	13.111	5.540	7.545	12.750	62.900
30/06/1993	0.000	6.847	7.321	14.429	39.900
01/07/1993	0.000	8.244	6.223	15.732	30.500
02/07/1993	0.000	5.935	7.634	13.330	27.000
03/07/1993	11.861	7.854	6.330	15.232	24.800
04/07/1993	1.581	6.673	7.696	14.438	27.300
05/07/1993	0.000	6.795	6.357	13.661	27.800
06/07/1993	1.131	7.691	5.393	14.348	39.400
07/07/1993	0.000	7.004	5.420	13.348	24.200
08/07/1993	10.043	6.979	6.705	14.152	17.000
09/07/1993	1.469	6.957	7.402	14.589	16.400
10/07/1993	14.737	5.987	8.018	13.670	44.900
11/07/1993	0.000	5.392	8.143	12.955	45.000
12/07/1993	0.225	6.708	7.009	13.938	29.300
13/07/1993	2.848	7.827	7.232	15.714	22.700
14/07/1993	0.292	5.610	7.402	12.652	50.800
15/07/1993	0.000	5.113	7.089	11.723	164.000
16/07/1993	0.000	7.910	5.170	14.438	36.800
17/07/1993	0.000	8.603	3.955	14.723	27.600
18/07/1993	0.000	7.124	5.839	13.688	19.500
19/07/1993	0.000	6.692	7.009	13.848	17.000
20/07/1993	0.512	6.060	7.295	13.170	17.800
21/07/1993	0.000	5.600	6.634	12.009	30.900
22/07/1993	0.000	5.916	6.375	12.259	23.900
23/07/1993	0.000	5.464	7.170	12.188	19.200
24/07/1993	0.000	5.518	7.143	12.241	35.900
25/07/1993	6.228	5.993	6.438	12.393	56.300
26/07/1993	0.672	7.347	4.643	13.134	25.400
27/07/1993	0.569	8.299	5.152	14.857	19.200
28/07/1993	0.274	8.698	5.295	15.509	16.700
29/07/1993	12.270	7.526	7.723	15.402	14.300
30/07/1993	0.866	7.372	6.804	14.536	26.300
31/07/1993	0.172	7.626	7.786	15.545	27.300
01/08/1993	0.019	7.257	6.464	14.134	27.600
02/08/1993	0.632	8.131	5.955	15.018	23.000
03/08/1993	0.599	7.219	5.902	13.661	16.700
04/08/1993	1.220	7.478	6.732	14.589	14.300
05/08/1993	0.222	7.365	6.259	14.098	12.500
06/08/1993	1.413	6.712	6.732	13.455	11.800
07/08/1993	0.618	8.994	4.357	15.188	10.900
08/08/1993	0.000	8.995	4.464	15.223	10.200
09/08/1993	0.244	6.843	7.795	14.348	10.000
10/08/1993	4.127	6.876	8.009	14.536	8.300
11/08/1993	2.022	6.734	8.357	14.571	12.000
12/08/1993	14.272	6.803	6.804	13.589	12.500
13/08/1993	4.040	6.944	8.188	14.723	47.600
14/08/1993	0.000	8.443	6.634	15.705	28.700
15/08/1993	0.000	7.810	5.768	14.223	18.600
16/08/1993	0.775	8.770	5.955	15.696	26.900
17/08/1993	0.000	8.137	6.777	15.321	18.100
18/08/1993	0.703	6.993	6.884	13.804	39.100
19/08/1993	0.000	8.326	5.446	14.705	33.300
20/08/1993	8.321	8.849	5.893	15.714	19.300
21/08/1993	4.054	9.320	5.286	15.982	15.600
22/08/1993	4.120	6.941	7.304	13.964	14.500
23/08/1993	0.964	7.059	6.429	13.527	14.500
24/08/1993	7.566	7.581	5.125	13.357	16.900
25/08/1993	0.000	7.678	6.509	14.402	18.300
26/08/1993	0.000	8.044	6.438	14.848	25.000
27/08/1993	0.000	8.384	6.625	15.420	20.100
28/08/1993	4.451	6.804	7.188	13.643	22.300
29/08/1993	0.000	7.777	6.714	14.643	22.900
30/08/1993	0.000	8.596	5.438	14.929	17.100
31/08/1993	0.000	8.191	6.116	14.786	17.000
01/09/1993	14.195	6.712	7.304	13.571	13.600
02/09/1993	0.000	6.436	6.920	12.911	13.400
03/09/1993	0.000	6.991	6.696	13.518	17.700
04/09/1993	0.000	6.064	7.188	12.598	16.600
05/09/1993	0.000	6.127	7.384	12.839	21.200
06/09/1993	0.000	5.689	7.179	12.098	45.000
07/09/1993	0.000	7.438	6.509	13.964	34.400
08/09/1993	11.173	9.495	5.857	16.348	30.800
09/09/1993	2.772	8.894	6.598	16.018	31.000
10/09/1993	1.207	6.607	7.580	13.589	32.500
11/09/1993	0.000	9.320	5.089	15.616	26.900
12/09/1993	2.569	8.809	6.295	15.652	21.000
13/09/1993	3.752	7.071	8.134	14.580	17.500
14/09/1993	7.522	7.128	7.839	14.455	16.300
15/09/1993	0.491	6.349	7.661	13.286	16.300
16/09/1993	2.857	7.325	7.170	14.223	17.100
17/09/1993	3.281	9.546	7.393	17.366	15.600
18/09/1993	2.846	6.432	8.393	13.929	15.800
19/09/1993	0.579	8.678	5.848	15.179	19.800
20/09/1993	0.890	9.239	6.670	16.464	17.100
21/09/1993	6.418	9.720	7.179	17.429	13.600
22/09/1993	0.000	8.184	6.714	15.054	12.700
23/09/1993	0.000	7.237	8.018	14.696	12.700
24/09/1993	2.656	9.399	5.768	16.161	13.900
25/09/1993	0.000	9.434	6.384	16.554	16.400
26/09/1993	1.181	7.169	8.304	14.812	13.600
27/09/1993	0.000	7.342	8.071	14.875	12.300
28/09/1993	9.264	7.241	7.902	14.643	11.800
29/09/1993	22.438	6.523	7.429	13.393	24.900
30/09/1993	0.000	6.537	7.696	13.598	49.900
01/10/1993	2.270	8.127	5.973	14.545	31.600
02/10/1993	0.000	8.231	6.491	15.027	28.000
03/10/1993	2.979	7.454	6.411	13.911	23.400
04/10/1993	0.000	7.972	6.232	14.518	18.300
05/10/1993	1.473	7.852	7.196	15.000	14.500
06/10/1993	0.652	7.553	6.411	14.089	13.500
07/10/1993	1.157	7.190	6.661	13.750	15.400
08/10/1993	0.711	6.325	7.536	13.205	13.000
09/10/1993	0.916	7.050	6.929	13.759	13.800
10/10/1993	0.613	7.207	7.455	14.339	13.900
11/10/1993	2.304	6.294	7.804	13.384	25.600
12/10/1993	4.228	8.372	6.679	15.438	28.500
13/10/1993	2.542	7.613	5.768	13.795	18.600
14/10/1993	3.737	8.119	6.196	14.786	31.800
15/10/1993	2.831	7.573	7.429	14.884	19.700
16/10/1993	9.838	7.232	7.571	14.518	22.100
17/10/1993	7.414	7.136	7.268	14.223	34.800
18/10/1993	6.485	6.567	7.893	13.929	32.800
19/10/1993	14.878	5.454	7.884	12.455	45.300
20/10/1993	9.782	6.743	7.411	13.839	40.000
21/10/1993	6.031	6.017	7.777	13.116	30.200
22/10/1993	1.519	7.438	7.107	14.571	25.400
23/10/1993	6.111	5.765	9.357	14.018	24.100
24/10/1993	2.248	7.387	8.259	15.348	19.600
25/10/1993	1.742	6.423	8.134	13.955	17.100
26/10/1993	24.966	5.274	8.089	12.429	17.400
27/10/1993	14.024	4.633	8.679	12.107	18.300
28/10/1993	7.529	6.064	7.580	13.098	19.400
29/10/1993	0.240	6.640	8.170	14.321	18.300
30/10/1993	4.871	6.547	7.384	13.661	26.900
31/10/1993	4.851	6.902	7.857	14.536	34.200
01/11/1993	4.606	6.380	7.446	13.500	41.200
02/11/1993	2.670	5.480	8.384	13.018	44.700
03/11/1993	1.444	6.284	7.080	13.161	38.300
04/11/1993	2.313	6.747	7.241	13.902	50.700
05/11/1993	43.880	6.359	7.589	13.625	72.900
06/11/1993	0.000	8.132	6.071	15.143	39.100
07/11/1993	23.514	6.223	6.500	12.705	30.700
08/11/1993	0.000	6.833	6.518	13.554	30.800
09/11/1993	0.000	6.120	8.295	13.857	24.800
10/11/1993	14.776	8.111	6.330	15.304	26.600
11/11/1993	6.261	6.344	8.045	14.036	33.000
12/11/1993	0.000	6.612	7.955	14.330	36.700
13/11/1993	11.653	6.061	8.580	14.036	36.400
14/11/1993	19.552	6.075	8.009	13.652	48.100
15/11/1993	38.950	5.898	7.929	13.366	58.000
16/11/1993	1.250	4.886	7.536	11.696	66.400
17/11/1993	0.000	8.152	5.661	15.062	34.800
18/11/1993	0.676	7.665	6.464	14.902	27.100
19/11/1993	0.000	7.425	7.196	15.071	25.300
20/11/1993	30.622	4.556	7.893	11.580	54.500
21/11/1993	11.584	6.862	7.527	14.491	26.900
22/11/1993	6.339	6.815	6.732	13.884	24.800
23/11/1993	1.227	7.262	6.804	14.598	25.200
24/11/1993	2.415	7.247	6.357	14.286	24.300
25/11/1993	2.684	5.537	6.705	12.062	21.500
26/11/1993	2.825	8.014	7.482	16.205	28.300
27/11/1993	14.206	7.945	8.125	16.527	49.400
28/11/1993	1.702	6.581	7.777	14.375	42.700
29/11/1993	36.135	5.727	7.705	13.116	68.400
30/11/1993	11.980	5.559	7.902	13.027	48.800
01/12/1993	0.000	6.923	8.062	15.071	39.700
02/12/1993	0.000	6.037	8.107	13.848	43.100
03/12/1993	0.000	6.268	8.339	14.357	44.000
04/12/1993	2.420	7.144	8.089	15.429	32.100
05/12/1993	0.000	6.413	8.438	14.634	27.100
06/12/1993	12.216	6.522	7.804	14.330	25.500
07/12/1993	15.117	6.203	9.089	14.839	23.700
08/12/1993	2.152	7.648	8.152	16.232	21.200
09/12/1993	0.580	7.259	8.562	15.938	21.200
10/12/1993	0.000	4.700	9.188	12.911	23.000
11/12/1993	0.625	5.541	8.330	13.384	21.200
12/12/1993	0.000	7.484	7.482	15.554	21.200
13/12/1993	49.835	6.326	7.500	13.875	22.500
14/12/1993	0.000	6.271	7.562	13.848	27.000
15/12/1993	0.562	5.202	7.857	12.536	21.200
16/12/1993	0.000	5.766	7.964	13.420	22.200
17/12/1993	0.689	6.071	7.571	13.562	28.500
18/12/1993	30.867	5.567	7.312	12.643	25.600
19/12/1993	20.817	5.274	7.821	12.634	36.500
20/12/1993	0.000	8.170	5.509	15.304	25.900
21/12/1993	0.000	7.249	5.857	14.107	17.000
22/12/1993	0.000	7.594	5.375	14.330	14.300
23/12/1993	1.842	7.847	5.339	14.688	14.000
24/12/1993	0.000	7.224	6.009	14.179	13.400
25/12/1993	2.963	6.844	6.500	13.929	12.500
26/12/1993	7.099	6.149	6.670	13.018	19.700
27/12/1993	4.252	6.162	6.438	12.875	17.800
28/12/1993	11.610	6.255	6.661	13.179	18.400
29/12/1993	0.000	4.648	7.723	11.661	15.300
30/12/1993	13.718	5.706	6.518	12.250	14.300
31/12/1993	0.000	6.995	6.152	13.893	13.400
01/01/1994	0.000	7.609	5.161	14.152	13.100
02/01/1994	0.000	7.886	5.464	14.768	12.000
03/01/1994	0.000	6.545	6.821	13.652	11.600
04/01/1994	28.192	5.957	7.446	13.259	16.200
05/01/1994	0.000	6.002	7.098	13.045	20.600
06/01/1994	0.000	5.839	6.500	12.393	26.700
07/01/1994	19.806	6.053	7.304	13.259	20.600
08/01/1994	21.022	5.141	7.714	12.277	17.000
09/01/1994	0.000	6.634	7.330	14.080	25.700
10/01/1994	0.000	5.403	7.884	12.750	24.200
11/01/1994	21.285	5.943	6.946	12.812	19.700
12/01/1994	0.000	6.073	8.679	14.268	18.300
13/01/1994	0.000	6.222	8.634	14.402	15.600
14/01/1994	3.313	6.449	8.170	14.402	15.300
15/01/1994	0.834	6.431	7.750	14.018	15.900
16/01/1994	5.928	5.510	7.812	12.804	16.400
17/01/1994	0.000	6.229	6.804	13.045	36.800
18/01/1994	7.524	6.326	7.518	13.705	27.600
19/01/1994	0.000	7.407	5.786	14.054	27.600
20/01/1994	0.000	7.085	6.089	13.750	22.400
21/01/1994	0.000	8.113	6.205	15.312	16.700
22/01/1994	0.000	7.738	6.598	15.018	15.000
23/01/1994	0.000	7.238	6.732	14.357	12.000
24/01/1994	0.000	5.243	7.312	11.955	11.800
25/01/1994	0.000	7.796	5.848	14.545	10.700
26/01/1994	0.000	7.673	5.402	14.062	10.900
27/01/1994	0.000	7.462	7.161	14.893	12.800
28/01/1994	2.950	5.741	7.920	13.036	12.000
29/01/1994	26.456	6.472	7.375	13.616	12.200
30/01/1994	26.101	4.755	7.714	11.580	13.500
31/01/1994	7.757	4.573	8.071	11.634	23.800
01/02/1994	0.000	6.254	7.098	13.116	33.100
02/02/1994	0.000	7.224	6.071	13.741	29.600
03/02/1994	2.595	5.987	7.339	12.884	24.300
04/02/1994	0.000	6.543	7.384	13.670	22.300
05/02/1994	14.127	6.540	7.688	13.848	23.900
06/02/1994	6.968	6.493	7.214	13.455	28.000
07/02/1994	0.000	7.975	6.732	15.161	18.600
08/02/1994	0.061	7.630	5.527	13.866	16.200
09/02/1994	0.000	7.677	6.518	14.545	14.800
10/02/1994	0.000	7.289	7.429	14.607	14.300
11/02/1994	0.000	6.939	6.071	13.188	13.200
12/02/1994	0.000	6.134	5.929	11.920	12.700
13/02/1994	7.602	5.550	7.607	12.366	12.500
14/02/1994	0.000	5.812	7.277	12.464	12.000
15/02/1994	0.000	5.494	7.562	12.250	11.400
16/02/1994	12.098	6.152	7.375	12.955	11.200
17/02/1994	0.611	7.719	7.098	14.875	11.300
18/02/1994	0.000	5.265	8.000	12.250	10.900
19/02/1994	2.609	5.899	8.304	13.295	10.900
20/02/1994	9.276	5.372	8.911	13.107	12.500
21/02/1994	1.489	6.959	7.750	14.241	20.000
22/02/1994	6.714	8.098	8.098	16.027	16.300
23/02/1994	22.784	6.681	8.027	14.071	23.800
24/02/1994	0.513	6.838	8.455	14.589	29.400
25/02/1994	6.503	5.762	8.304	13.089	37.800
26/02/1994	6.826	6.205	7.643	13.134	47.300
27/02/1994	9.575	5.387	7.723	12.116	26.600
28/02/1994	0.745	6.524	7.857	13.670	22.100
01/03/1994	8.177	7.000	7.500	14.018	23.800
02/03/1994	6.308	7.681	7.625	15.000	20.900
03/03/1994	5.094	7.145	8.098	14.616	31.300
04/03/1994	28.470	6.293	7.607	13.161	45.000
05/03/1994	8.799	6.933	6.634	13.304	46.000
06/03/1994	0.000	6.579	7.080	13.116	25.100
07/03/1994	6.883	6.113	7.071	12.491	22.700
08/03/1994	0.219	8.637	5.688	14.973	20.900
09/03/1994	0.000	7.508	8.071	15.071	16.200
10/03/1994	11.213	7.436	8.107	14.973	12.300
11/03/1994	0.000	6.677	8.348	14.152	15.900
12/03/1994	11.671	6.860	6.509	13.062	18.200
13/03/1994	3.200	5.961	7.223	12.402	28.500
14/03/1994	12.911	5.587	7.696	12.277	43.800
15/03/1994	0.000	6.574	7.241	13.188	35.600
16/03/1994	0.000	7.718	7.750	15.080	28.800
17/03/1994	13.712	6.707	6.527	12.875	22.400
18/03/1994	0.000	5.629	8.000	12.536	19.400
19/03/1994	0.000	5.535	8.223	12.589	17.800
20/03/1994	5.740	5.940	7.973	12.893	17.900
21/03/1994	0.000	7.941	7.804	15.393	25.500
22/03/1994	2.180	6.868	9.009	14.866	31.400
23/03/1994	2.661	7.948	8.107	15.589	27.400
24/03/1994	8.857	5.312	8.366	12.438	32.800
25/03/1994	0.000	9.688	6.125	16.634	24.300
26/03/1994	7.978	7.077	8.705	14.902	21.900
27/03/1994	10.100	5.766	8.509	13.125	23.300
28/03/1994	0.000	5.659	8.661	13.089	17.700
29/03/1994	0.752	4.035	7.679	10.384	23.000
30/03/1994	1.566	6.708	7.884	13.884	26.200
31/03/1994	28.645	5.993	7.580	12.705	84.300
01/04/1994	0.000	6.350	7.741	13.312	61.800
02/04/1994	34.057	5.880	6.839	12.027	65.000
03/04/1994	5.181	7.374	7.312	14.357	50.000
04/04/1994	12.126	6.436	8.098	13.652	43.500
05/04/1994	22.047	7.716	8.071	15.321	46.000
06/04/1994	11.035	7.990	7.420	15.268	38.400
07/04/1994	10.725	7.558	7.375	14.634	76.200
08/04/1994	21.039	5.825	8.491	13.223	51.200
09/04/1994	0.000	6.616	7.562	13.518	33.200
10/04/1994	2.220	6.650	8.330	14.170	31.400
11/04/1994	17.190	7.949	7.080	15.000	27.100
12/04/1994	0.000	5.308	8.232	12.411	25.200
13/04/1994	4.778	6.786	7.438	13.732	23.800
14/04/1994	3.873	5.188	8.357	12.411	38.000
15/04/1994	1.003	7.131	7.589	14.304	33.500
16/04/1994	0.913	7.175	8.321	14.902	30.800
17/04/1994	1.320	6.574	8.848	14.491	28.500
18/04/1994	10.658	4.853	9.188	12.661	25.700
19/04/1994	7.092	7.741	7.607	15.205	26.000
20/04/1994	0.812	6.191	8.250	13.625	31.100
21/04/1994	0.000	6.797	7.518	13.857	30.200
22/04/1994	0.000	6.840	8.304	14.500	23.000
23/04/1994	0.000	7.578	8.625	15.723	21.300
24/04/1994	0.000	6.714	8.482	14.491	19.700
25/04/1994	0.000	7.333	8.357	15.232	17.800
26/04/1994	30.420	5.086	7.946	12.000	30.500
27/04/1994	1.236	5.762	7.759	12.750	35.800
28/04/1994	1.775	6.319	8.357	13.946	37.200
29/04/1994	1.061	5.237	8.000	12.259	43.300
30/04/1994	2.557	5.761	7.786	12.795	61.700
01/05/1994	7.771	6.901	6.982	13.768	56.700
02/05/1994	19.552	8.018	7.705	15.812	48.500
03/05/1994	1.943	7.191	8.375	15.179	40.600
04/05/1994	0.000	7.075	9.321	15.714	36.100
05/05/1994	0.000	6.583	9.045	14.875	54.500
06/05/1994	0.000	4.745	8.679	12.277	46.500
07/05/1994	0.000	6.744	8.411	14.670	114.400
08/05/1994	0.000	4.866	8.634	12.393	57.600
09/05/1994	0.772	7.173	7.839	14.848	46.500
10/05/1994	0.000	6.449	8.339	14.241	45.700
11/05/1994	6.087	4.566	8.652	12.071	49.800
12/05/1994	0.000	6.724	8.402	14.679	41.800
13/05/1994	3.863	5.410	9.045	13.455	36.900
14/05/1994	2.728	4.935	8.509	12.438	31.400
15/05/1994	0.083	7.113	8.527	15.348	29.900
16/05/1994	1.073	5.718	9.000	13.830	29.300
17/05/1994	1.005	5.305	8.268	12.741	31.700
18/05/1994	7.337	5.651	8.027	13.036	44.100
19/05/1994	7.818	6.668	7.518	14.071	45.700
20/05/1994	17.456	6.319	7.929	13.902	59.800
21/05/1994	0.000	5.592	8.625	13.438	35.800
22/05/1994	2.628	6.218	9.107	14.652	36.900
23/05/1994	17.592	5.103	8.839	12.991	39.500
24/05/1994	0.000	5.629	8.562	13.473	34.100
25/05/1994	9.999	5.989	8.188	13.705	30.500
26/05/1994	13.327	5.576	7.946	12.964	105.500
27/05/1994	10.640	6.477	7.277	13.723	49.300
28/05/1994	1.378	8.004	6.857	15.652	40.600
29/05/1994	9.662	6.492	9.054	15.036	38.800
30/05/1994	0.000	6.533	8.884	15.009	37.600
31/05/1994	14.816	5.728	8.125	13.357	52.700
01/06/1994	0.000	7.368	8.143	15.661	91.900
02/06/1994	0.000	5.252	8.491	13.009	62.200
03/06/1994	2.490	4.869	8.536	12.536	54.300
04/06/1994	1.001	6.105	7.866	13.714	50.600
05/06/1994	10.975	5.385	8.589	13.277	49.300
06/06/1994	10.669	6.408	8.375	14.518	40.600
07/06/1994	0.000	6.874	7.929	14.848	36.100
08/06/1994	0.000	6.362	8.179	14.330	47.700
09/06/1994	0.000	6.155	8.277	14.116	45.700
10/06/1994	0.000	6.491	8.054	14.429	39.900
11/06/1994	0.000	6.246	7.241	13.482	36.100
12/06/1994	0.000	6.754	7.911	14.696	33.500
13/06/1994	0.384	5.882	8.125	13.634	32.300
14/06/1994	5.671	5.880	8.241	13.714	32.300
15/06/1994	0.000	5.828	8.866	14.134	31.700
16/06/1994	0.000	6.623	8.509	14.973	86.300
17/06/1994	0.000	6.644	7.679	14.393	41.900
18/06/1994	0.000	5.414	6.884	12.062	28.700
19/06/1994	0.000	7.671	7.250	15.589	27.900
20/06/1994	0.000	6.928	5.848	13.545	25.700
21/06/1994	0.000	5.224	7.223	12.062	34.700
22/06/1994	14.786	6.091	7.071	13.179	29.600
23/06/1994	15.282	5.828	7.857	13.384	31.400
24/06/1994	0.000	7.788	5.938	14.893	29.300
25/06/1994	2.944	7.216	7.330	15.000	30.500
26/06/1994	0.000	6.599	6.830	13.750	29.600
27/06/1994	0.707	4.768	6.955	11.232	33.500
28/06/1994	0.000	7.668	5.036	14.143	51.900
29/06/1994	0.000	7.606	5.179	14.125	48.500
30/06/1994	0.000	7.036	4.214	12.634	44.100
01/07/1994	0.000	6.450	4.812	12.125	33.500
02/07/1994	0.000	6.785	5.786	13.277	35.800
03/07/1994	22.972	5.699	6.429	12.125	41.400
04/07/1994	6.143	7.358	6.223	14.411	33.500
05/07/1994	0.000	4.333	7.062	10.688	38.400
06/07/1994	1.018	6.778	6.473	13.705	36.900
07/07/1994	0.425	7.200	6.679	14.482	32.900
08/07/1994	0.166	5.364	8.188	12.938	30.500
09/07/1994	0.589	4.757	7.304	11.438	29.900
10/07/1994	0.000	6.331	7.250	13.616	54.800
11/07/1994	6.908	4.396	7.009	10.714	48.700
12/07/1994	0.000	4.248	6.259	9.938	33.500
13/07/1994	0.000	5.885	6.438	12.348	30.500
14/07/1994	0.000	6.788	5.098	12.732	28.500
15/07/1994	0.000	6.289	6.250	12.786	25.700
16/07/1994	0.000	5.901	7.277	12.964	24.300
17/07/1994	0.000	5.755	7.116	12.616	35.000
18/07/1994	0.000	5.964	7.098	12.893	28.700
19/07/1994	0.000	6.627	4.991	12.366	26.800
20/07/1994	0.000	6.810	6.330	13.545	23.800
21/07/1994	0.000	7.461	6.080	14.304	26.500
22/07/1994	0.530	7.216	6.402	14.143	29.300
23/07/1994	9.280	5.531	6.973	12.125	29.600
24/07/1994	0.000	5.356	7.688	12.438	26.000
25/07/1994	0.000	6.934	6.205	13.571	25.700
26/07/1994	0.000	8.276	6.223	15.509	25.400
27/07/1994	0.000	6.769	6.973	13.830	26.500
28/07/1994	2.769	5.893	7.036	12.625	31.400
29/07/1994	3.756	6.586	6.357	13.143	29.600
30/07/1994	0.000	7.769	6.839	15.134	27.600
31/07/1994	0.000	7.199	7.071	14.473	48.900
01/08/1994	0.000	8.385	4.464	14.464	28.500
02/08/1994	0.000	7.409	5.580	13.732	25.400
03/08/1994	14.496	6.547	7.080	13.527	24.100
04/08/1994	0.000	8.210	6.304	15.339	28.700
05/08/1994	0.000	6.021	6.973	12.670	25.700
06/08/1994	0.000	6.492	5.929	12.589	25.700
07/08/1994	0.000	6.060	6.920	12.679	30.500
08/08/1994	1.545	8.199	6.420	15.312	35.000
09/08/1994	0.000	9.538	5.152	16.420	25.700
10/08/1994	36.885	6.292	7.232	13.170	24.100
11/08/1994	0.000	7.323	7.598	14.875	24.300
12/08/1994	0.000	6.120	6.875	12.679	54.800
13/08/1994	0.000	8.654	6.411	15.875	25.200
14/08/1994	0.000	8.023	5.920	14.652	23.800
15/08/1994	0.000	5.968	7.562	12.920	23.000
16/08/1994	0.000	7.866	6.116	14.554	35.000
17/08/1994	0.000	7.795	6.134	14.438	24.300
18/08/1994	0.000	8.958	5.000	15.330	23.000
19/08/1994	0.000	7.715	6.027	14.214	20.500
20/08/1994	0.000	6.594	7.205	13.464	18.800
21/08/1994	0.000	9.126	5.607	15.911	21.600
22/08/1994	0.000	6.676	6.080	12.750	27.900
23/08/1994	0.000	7.891	5.268	13.902	27.900
24/08/1994	0.000	7.584	5.321	13.500	45.300
25/08/1994	0.000	6.460	7.170	13.214	52.400
26/08/1994	0.000	7.300	6.589	13.929	32.000
27/08/1994	0.000	8.020	5.991	14.527	24.900
28/08/1994	0.000	8.461	6.071	15.170	21.300
29/08/1994	0.000	7.676	5.938	13.973	19.900
30/08/1994	3.904	7.520	7.286	14.670	18.500
31/08/1994	0.000	7.428	6.429	13.946	23.500
01/09/1994	0.000	7.737	5.920	14.018	25.700
02/09/1994	0.000	8.325	6.223	15.036	24.300
03/09/1994	0.000	6.587	6.839	13.062	24.500
04/09/1994	0.000	8.072	6.339	14.741	27.200
05/09/1994	0.000	8.056	6.536	14.857	30.000
06/09/1994	0.000	7.892	5.375	13.830	25.100
07/09/1994	0.000	8.924	6.116	15.741	22.900
08/09/1994	0.000	8.685	5.705	15.143	21.900
09/09/1994	0.000	7.904	6.089	14.304	23.400
10/09/1994	4.460	7.356	6.295	13.705	23.100
11/09/1994	0.000	7.122	7.562	14.259	21.200
12/09/1994	0.000	8.488	7.473	16.009	20.200
13/09/1994	0.000	8.177	7.107	15.339	21.400
14/09/1994	0.000	9.243	6.366	16.312	22.600
15/09/1994	0.922	8.817	6.098	15.527	21.800
16/09/1994	1.664	6.257	7.866	13.312	21.600
17/09/1994	0.000	6.271	7.973	13.420	24.000
18/09/1994	0.000	8.077	7.804	15.670	27.200
19/09/1994	0.000	7.826	7.241	14.946	25.300
20/09/1994	0.000	9.190	6.071	16.018	22.400
21/09/1994	16.258	10.000	6.804	17.580	19.900
22/09/1994	2.560	7.849	6.955	14.795	18.800
23/09/1994	3.815	7.050	8.205	14.616	18.700
24/09/1994	22.773	6.594	8.009	13.875	23.200
25/09/1994	0.000	7.419	7.723	14.777	28.100
26/09/1994	2.136	6.113	6.625	12.259	45.500
27/09/1994	10.114	6.301	7.670	13.259	50.600
28/09/1994	25.040	5.895	7.786	12.812	72.200
29/09/1994	0.619	8.136	6.089	14.652	42.100
30/09/1994	0.000	6.551	7.616	13.571	31.200
01/10/1994	2.598	7.323	6.402	13.759	25.300
02/10/1994	2.220	6.448	6.250	12.429	21.500
03/10/1994	8.431	6.952	6.571	13.348	20.300
04/10/1994	0.000	6.509	7.107	13.152	20.800
05/10/1994	2.523	7.582	7.411	14.812	24.100
06/10/1994	0.000	6.992	6.929	13.679	21.500
07/10/1994	3.207	6.448	7.509	13.375	24.600
08/10/1994	33.861	5.920	7.438	12.607	38.100
09/10/1994	10.416	6.524	7.866	13.777	28.800
10/10/1994	10.528	7.325	6.821	14.089	27.900
11/10/1994	3.439	7.077	6.973	13.875	22.500
12/10/1994	0.000	7.659	6.330	14.268	21.700
13/10/1994	12.856	5.185	7.589	11.830	35.600
14/10/1994	3.693	5.635	7.598	12.446	32.200
15/10/1994	13.277	5.786	7.321	12.429	28.300
16/10/1994	0.000	8.093	7.714	15.821	23.900
17/10/1994	7.878	6.883	7.902	14.330	21.300
18/10/1994	13.068	4.570	7.357	10.929	19.800
19/10/1994	6.130	6.100	7.411	12.964	21.700
20/10/1994	7.970	7.569	5.580	13.732	24.300
21/10/1994	0.000	8.705	6.562	15.973	19.900
22/10/1994	2.589	7.699	7.750	15.384	20.100
23/10/1994	6.101	6.416	7.268	13.304	23.600
24/10/1994	14.154	5.905	7.446	12.777	35.500
25/10/1994	19.700	7.141	7.973	14.839	32.500
26/10/1994	1.387	8.516	6.920	16.018	29.100
27/10/1994	17.954	7.790	6.509	14.759	22.300
28/10/1994	0.224	7.582	7.464	15.098	20.700
29/10/1994	10.580	7.677	7.107	15.036	18.900
30/10/1994	10.580	7.285	8.473	15.438	18.100
31/10/1994	2.670	7.284	6.973	14.402	16.900
01/11/1994	21.424	5.525	8.402	13.062	20.800
02/11/1994	0.000	6.376	8.312	14.152	19.000
03/11/1994	0.000	6.814	7.795	14.375	18.300
04/11/1994	0.271	6.768	8.518	14.848	31.700
05/11/1994	32.891	5.105	7.232	11.661	54.500
06/11/1994	16.624	6.877	6.455	13.562	36.300
07/11/1994	0.000	6.871	7.348	14.232	39.600
08/11/1994	4.434	6.414	7.188	13.446	31.800
09/11/1994	10.914	7.157	6.804	14.241	32.600
10/11/1994	11.732	7.339	7.473	14.973	30.700
11/11/1994	0.000	6.073	8.411	13.929	31.200
12/11/1994	0.000	7.635	7.348	15.357	30.300
13/11/1994	0.000	6.227	8.518	14.214	24.600
14/11/1994	0.000	6.384	8.964	14.777	22.400
15/11/1994	0.000	8.280	7.875	16.679	20.700
16/11/1994	1.666	8.482	5.804	15.616	19.700
17/11/1994	0.000	7.710	6.429	14.911	19.100
18/11/1994	0.000	7.735	7.491	15.661	20.900
19/11/1994	16.581	6.884	7.911	14.777	24.300
20/11/1994	13.586	7.488	7.732	15.509	22.700
21/11/1994	16.774	7.787	7.705	15.964	21.700
22/11/1994	0.000	5.493	7.982	12.938	25.200
23/11/1994	0.000	5.031	7.705	12.098	28.300
24/11/1994	10.601	5.262	8.268	12.848	27.900
25/11/1994	24.271	5.408	7.804	12.714	35.000
26/11/1994	0.000	6.629	6.464	13.482	44.400
27/11/1994	0.000	6.896	7.161	14.375	41.300
28/11/1994	7.299	6.460	7.589	14.062	46.200
29/11/1994	0.000	7.237	5.554	13.804	37.300
30/11/1994	5.939	6.668	6.339	13.482	29.400
01/12/1994	28.375	5.460	7.455	12.554	28.100
02/12/1994	0.000	8.034	7.580	16.357	23.900
03/12/1994	5.841	5.636	8.286	13.429	22.300
04/12/1994	2.119	8.346	7.205	16.589	28.400
05/12/1994	0.000	7.431	7.036	15.107	26.100
06/12/1994	0.000	7.532	7.509	15.598	22.100
07/12/1994	0.000	6.695	6.812	13.911	21.000
08/12/1994	0.000	6.403	7.518	13.982	32.200
09/12/1994	0.000	6.673	8.384	14.991	30.000
10/12/1994	0.000	7.292	8.071	15.661	23.700
11/12/1994	0.000	7.641	8.179	16.241	28.900
12/12/1994	0.000	7.334	5.946	14.286	25.700
13/12/1994	0.482	7.375	7.179	15.179	21.600
14/12/1994	25.570	6.348	8.259	14.446	20.500
15/12/1994	8.806	5.312	8.938	13.536	21.000
16/12/1994	0.000	6.647	7.455	14.312	21.400
17/12/1994	0.000	7.492	7.277	15.420	19.900
18/12/1994	0.000	5.562	8.634	13.634	18.000
19/12/1994	0.000	5.051	8.723	13.009	18.100
20/12/1994	8.151	5.197	7.946	12.598	22.300
21/12/1994	19.313	5.914	8.268	13.857	26.000
22/12/1994	16.504	6.399	8.232	14.509	26.100
23/12/1994	15.536	5.486	8.589	13.500	21.700
24/12/1994	0.000	8.086	7.786	16.652	22.600
25/12/1994	0.000	6.863	7.393	14.589	22.500
26/12/1994	0.000	6.248	7.312	13.634	32.600
27/12/1994	0.000	6.241	6.250	12.857	25.200
28/12/1994	0.000	7.698	7.045	15.589	21.300
29/12/1994	0.000	7.313	5.661	14.062	20.500
30/12/1994	0.000	7.485	7.027	15.232	19.700
31/12/1994	0.000	6.845	7.027	14.259	18.300
01/01/1995	0.000	6.649	7.179	14.071	17.550
02/01/1995	0.000	7.356	7.393	15.259	16.650
03/01/1995	0.000	6.863	8.205	15.089	15.970
04/01/1995	0.000	7.883	5.205	14.571	15.520
05/01/1995	4.875	8.799	4.429	15.473	15.300
06/01/1995	0.000	8.268	5.089	15.062	15.070
07/01/1995	0.000	7.535	8.339	16.107	14.620
08/01/1995	0.000	8.699	5.795	16.125	14.400
09/01/1995	20.779	7.075	7.420	14.795	14.640
10/01/1995	0.000	6.662	6.500	13.580	17.870
11/01/1995	0.000	7.591	6.759	15.062	15.750
12/01/1995	0.000	6.556	6.857	13.616	15.520
13/01/1995	0.000	5.764	6.866	12.500	16.690
14/01/1995	0.000	8.135	5.152	14.786	20.070
15/01/1995	0.000	7.625	6.670	15.009	18.320
16/01/1995	7.532	6.000	7.884	13.536	16.650
17/01/1995	22.373	5.907	7.893	13.393	16.200
18/01/1995	0.000	6.488	7.741	14.071	16.200
19/01/1995	3.013	6.667	7.884	14.420	15.970
20/01/1995	10.283	6.240	8.429	14.223	15.750
21/01/1995	0.000	6.205	7.027	13.134	27.430
22/01/1995	0.332	5.938	7.196	12.866	32.480
23/01/1995	0.000	7.870	5.464	14.446	28.190
24/01/1995	0.000	6.961	6.080	13.500	21.000
25/01/1995	0.000	8.448	5.598	15.348	18.560
26/01/1995	0.000	7.666	6.321	14.643	16.870
27/01/1995	0.000	6.453	8.259	14.277	15.970
28/01/1995	22.190	6.371	7.312	13.446	15.520
29/01/1995	0.000	8.803	5.161	15.509	14.850
30/01/1995	0.000	8.142	6.536	15.411	14.400
31/01/1995	3.971	8.426	6.589	15.821	14.400
01/02/1995	0.200	7.857	6.125	14.696	14.850
02/02/1995	0.000	8.427	7.357	16.268	14.850
03/02/1995	0.000	9.298	5.455	16.295	14.400
04/02/1995	1.445	8.327	6.438	15.491	14.400
05/02/1995	0.225	6.272	7.000	12.991	15.260
06/02/1995	21.133	6.349	7.518	13.464	31.850
07/02/1995	0.359	8.869	7.125	16.643	14.630
08/02/1995	0.000	9.908	6.295	17.536	13.730
09/02/1995	0.000	8.989	5.973	16.036	12.900
10/02/1995	0.000	9.141	4.955	15.598	12.500
11/02/1995	0.000	9.585	5.295	16.411	12.500
12/02/1995	0.000	8.811	5.857	15.643	12.700
13/02/1995	4.189	8.872	7.196	16.589	13.100
14/02/1995	0.000	9.244	6.295	16.500	12.900
15/02/1995	0.105	9.462	5.500	16.277	12.500
16/02/1995	0.000	9.772	5.161	16.482	11.700
17/02/1995	0.000	9.275	6.179	16.393	12.100
18/02/1995	0.000	8.080	5.482	14.277	11.700
19/02/1995	0.000	8.125	5.759	14.518	12.100
20/02/1995	14.021	7.795	7.446	15.134	12.500
21/02/1995	0.329	5.736	7.304	12.304	12.300
22/02/1995	0.196	7.464	7.125	14.491	17.770
23/02/1995	0.000	9.561	5.304	16.188	14.400
24/02/1995	0.000	8.939	5.357	15.330	14.400
25/02/1995	52.205	7.467	7.196	14.491	14.400
26/02/1995	0.000	6.851	6.866	13.411	13.950
27/02/1995	0.000	7.374	7.161	14.330	13.730
28/02/1995	0.000	6.515	6.911	12.973	13.100
01/03/1995	0.000	7.197	7.339	14.170	17.330
02/03/1995	0.000	7.528	6.866	14.295	16.880
03/03/1995	0.000	6.155	8.223	13.446	17.330
04/03/1995	8.531	5.890	8.973	13.732	18.550
05/03/1995	4.756	5.962	8.884	13.696	23.320
06/03/1995	13.199	6.822	8.812	14.705	20.200
07/03/1995	14.352	5.694	8.286	12.920	24.780
08/03/1995	16.274	7.551	7.339	14.598	25.330
09/03/1995	8.970	6.592	7.911	13.723	26.000
10/03/1995	0.000	7.083	8.161	14.554	27.510
11/03/1995	4.947	4.570	8.125	11.375	31.150
12/03/1995	1.690	6.676	8.045	13.946	31.080
13/03/1995	0.000	9.364	6.509	16.464	19.380
14/03/1995	0.000	9.650	4.848	15.830	17.330
15/03/1995	0.000	9.998	4.946	16.357	15.520
16/03/1995	0.699	8.137	5.339	14.027	14.630
17/03/1995	0.836	8.592	5.062	14.464	13.730
18/03/1995	14.689	6.222	7.277	12.768	14.170
19/03/1995	17.349	8.220	8.598	16.286	13.500
20/03/1995	5.621	9.331	7.107	16.759	13.950
21/03/1995	5.703	7.363	6.589	13.777	13.950
22/03/1995	15.657	8.465	6.795	15.411	14.400
23/03/1995	19.964	5.503	7.661	12.116	28.340
24/03/1995	12.177	7.717	7.661	15.009	51.890
25/03/1995	12.328	7.136	7.429	14.080	61.840
26/03/1995	9.030	8.204	7.295	15.384	38.080
27/03/1995	1.538	7.603	7.402	14.643	29.300
28/03/1995	0.000	8.047	6.750	14.812	23.500
29/03/1995	5.196	8.616	7.812	16.304	22.670
30/03/1995	5.891	8.203	7.571	15.580	21.580
31/03/1995	0.000	8.314	6.625	15.098	18.830
01/04/1995	0.000	8.225	6.750	15.080	17.550
02/04/1995	14.919	9.043	7.009	16.357	17.100
03/04/1995	7.821	7.627	7.134	14.545	17.330
04/04/1995	0.000	7.109	8.000	14.464	17.100
05/04/1995	0.000	7.168	7.688	14.321	16.200
06/04/1995	0.000	8.060	7.946	15.688	13.900
07/04/1995	0.000	9.076	8.634	17.500	16.160
08/04/1995	0.000	9.209	7.330	16.821	18.160
09/04/1995	7.352	7.772	7.089	14.732	24.050
10/04/1995	9.231	7.106	8.348	14.750	19.720
11/04/1995	12.637	7.321	8.679	15.277	17.510
12/04/1995	11.998	6.675	8.821	14.545	17.110
13/04/1995	18.017	7.554	7.821	15.018	23.170
14/04/1995	15.060	5.444	8.580	12.875	33.770
15/04/1995	0.000	6.164	7.696	13.125	39.360
16/04/1995	0.000	6.486	8.223	13.929	44.320
17/04/1995	12.018	4.276	7.938	10.955	49.530
18/04/1995	12.943	5.699	8.143	12.902	46.030
19/04/1995	13.937	6.794	7.473	13.821	36.930
20/04/1995	9.147	6.974	7.446	14.071	31.850
21/04/1995	5.097	6.003	7.545	12.830	40.200
22/04/1995	9.570	5.097	8.607	12.518	55.930
23/04/1995	16.914	7.575	7.339	14.812	37.630
24/04/1995	0.000	6.329	8.232	13.821	32.150
25/04/1995	0.000	5.862	8.080	13.107	35.000
26/04/1995	0.000	5.406	8.491	12.830	36.700
27/04/1995	3.530	6.121	7.866	13.286	43.000
28/04/1995	9.558	7.931	8.893	16.455	39.380
29/04/1995	16.242	5.977	8.250	13.411	33.900
30/04/1995	9.889	6.008	7.938	13.232	39.500
01/05/1995	5.978	6.680	8.205	14.348	44.400
02/05/1995	8.919	7.236	7.393	14.518	31.500
03/05/1995	4.122	7.630	8.527	15.857	21.970
04/05/1995	0.537	5.525	9.295	13.688	21.080
05/05/1995	7.489	8.710	7.786	16.857	21.350
06/05/1995	21.201	5.247	8.652	12.884	35.650
07/05/1995	2.884	7.127	7.688	14.652	54.670
08/05/1995	0.000	7.819	6.402	14.768	40.430
09/05/1995	2.526	6.512	8.929	14.741	34.950
10/05/1995	10.483	7.104	9.027	15.625	38.450
11/05/1995	0.000	7.373	8.312	15.491	32.500
12/05/1995	0.000	6.585	9.420	15.241	27.800
13/05/1995	22.289	5.418	8.946	13.384	29.700
14/05/1995	0.000	5.161	8.893	13.027	60.100
15/05/1995	0.000	6.903	8.625	15.125	35.880
16/05/1995	12.431	5.214	8.741	12.982	28.100
17/05/1995	0.000	6.745	7.857	14.402	23.900
18/05/1995	6.176	5.334	8.857	13.259	21.900
19/05/1995	0.000	5.614	7.902	12.893	28.100
20/05/1995	0.000	7.746	7.795	15.768	33.430
21/05/1995	1.079	6.040	8.375	13.866	28.750
22/05/1995	5.447	4.910	8.304	12.312	29.700
23/05/1995	0.000	7.043	7.366	14.545	28.700
24/05/1995	10.262	5.305	6.759	11.661	32.500
25/05/1995	4.634	4.719	7.170	11.179	28.400
26/05/1995	3.354	5.244	7.518	12.179	61.030
27/05/1995	0.000	5.899	8.161	13.554	41.830
28/05/1995	0.000	6.514	7.616	14.036	34.950
29/05/1995	0.971	6.271	8.402	14.277	28.700
30/05/1995	3.654	5.755	8.268	13.491	24.500
31/05/1995	0.000	7.354	7.768	15.357	22.750
01/06/1995	16.838	5.782	8.054	13.366	19.150
02/06/1995	0.000	5.014	8.036	12.330	18.600
03/06/1995	1.031	5.808	7.777	13.214	25.700
04/06/1995	0.000	6.643	8.259	14.732	27.200
05/06/1995	17.111	4.531	8.295	11.911	21.630
06/06/1995	11.891	5.927	8.625	14.036	20.250
07/06/1995	1.774	6.657	8.134	14.688	27.500
08/06/1995	29.183	6.395	7.670	14.027	70.750
09/06/1995	0.000	5.521	8.125	13.116	51.000
10/06/1995	0.000	6.554	8.438	14.777	23.900
11/06/1995	2.218	6.433	9.054	15.062	19.420
12/06/1995	0.000	6.755	7.777	14.598	17.270
13/06/1995	0.000	6.722	7.875	14.625	16.380
14/06/1995	0.000	5.812	8.188	13.598	16.830
15/06/1995	0.000	6.166	8.143	14.062	16.390
16/06/1995	0.000	6.629	7.741	14.438	19.490
17/06/1995	21.690	7.604	7.893	15.938	20.110
18/06/1995	0.000	6.377	8.732	14.795	26.410
19/06/1995	11.873	5.520	8.545	13.473	53.990
20/06/1995	0.000	6.092	8.375	14.143	33.620
21/06/1995	0.000	7.410	8.411	16.018	28.830
22/06/1995	0.000	6.525	8.214	14.625	23.860
23/06/1995	5.648	6.898	7.286	14.509	40.820
24/06/1995	16.579	3.716	8.268	10.929	54.460
25/06/1995	0.000	5.638	8.232	13.384	41.860
26/06/1995	7.604	6.183	6.848	13.134	25.840
27/06/1995	0.000	6.175	7.652	13.714	30.620
28/06/1995	0.000	6.619	6.527	13.554	22.100
29/06/1995	0.000	6.327	8.062	14.232	26.050
30/06/1995	0.000	6.434	7.661	14.098	49.380
01/07/1995	0.000	7.113	6.732	14.420	37.060
02/07/1995	0.000	7.308	6.080	14.259	26.470
03/07/1995	0.000	5.093	7.000	11.670	21.370
04/07/1995	0.000	5.817	6.438	12.304	34.490
05/07/1995	0.000	5.051	6.741	11.411	36.100
06/07/1995	0.000	5.633	7.429	12.750	28.470
07/07/1995	0.000	6.429	6.402	13.152	34.970
08/07/1995	0.000	6.385	6.116	12.866	33.570
09/07/1995	0.000	5.578	5.920	11.545	24.480
10/07/1995	0.000	6.524	6.304	13.196	24.200
11/07/1995	0.000	5.772	5.955	11.830	18.880
12/07/1995	0.000	7.279	5.911	14.027	17.290
13/07/1995	0.000	7.976	5.750	14.946	16.370
14/07/1995	0.000	5.466	7.768	12.723	19.240
15/07/1995	0.000	7.143	7.857	15.125	21.240
16/07/1995	0.569	7.066	6.688	14.205	33.530
17/07/1995	40.293	6.561	6.295	13.179	57.370
18/07/1995	0.000	6.189	7.125	13.223	30.430
19/07/1995	0.592	6.759	7.929	14.598	26.230
20/07/1995	0.000	6.456	6.875	13.411	35.870
21/07/1995	4.233	5.425	7.580	12.491	42.560
22/07/1995	0.000	7.075	7.250	14.545	47.210
23/07/1995	0.000	7.463	6.491	14.554	31.360
24/07/1995	0.552	7.467	7.214	15.036	35.980
25/07/1995	32.917	7.263	7.848	15.170	49.840
26/07/1995	9.276	6.422	7.411	13.696	35.840
27/07/1995	23.172	6.351	6.580	12.991	42.440
28/07/1995	0.627	6.546	6.045	12.875	38.090
29/07/1995	3.411	6.656	7.393	13.982	62.830
30/07/1995	23.484	8.555	5.562	15.464	36.280
31/07/1995	2.735	7.626	7.170	15.170	26.850
01/08/1995	0.000	5.496	7.384	12.304	23.000
02/08/1995	16.869	5.121	7.027	11.518	26.300
03/08/1995	0.000	6.163	6.554	12.598	24.450
04/08/1995	11.137	7.635	5.929	14.286	27.890
05/08/1995	0.000	7.560	6.482	14.527	27.640
06/08/1995	0.000	6.048	7.598	13.170	20.530
07/08/1995	0.000	7.644	6.286	14.482	17.550
08/08/1995	0.000	6.519	6.089	12.714	26.320
09/08/1995	0.000	8.399	5.259	14.857	33.110
10/08/1995	0.000	7.504	6.536	14.393	21.330
11/08/1995	21.936	6.902	6.411	13.455	22.190
12/08/1995	0.000	6.814	6.339	13.277	35.260
13/08/1995	11.526	6.940	5.973	13.196	36.570
14/08/1995	0.000	7.745	6.973	14.964	32.900
15/08/1995	0.000	8.626	5.750	15.393	22.860
16/08/1995	15.647	5.951	7.741	13.036	21.640
17/08/1995	0.000	6.499	7.625	13.688	21.800
18/08/1995	0.000	5.918	7.875	13.071	22.120
19/08/1995	0.000	6.738	7.339	13.777	18.530
20/08/1995	0.000	5.334	7.509	12.027	17.910
21/08/1995	0.000	6.674	7.036	13.446	17.590
22/08/1995	0.000	9.210	5.214	15.777	17.550
23/08/1995	5.542	7.590	7.304	14.857	17.550
24/08/1995	1.872	7.010	7.402	14.125	16.680
25/08/1995	0.000	7.176	7.589	14.473	15.480
26/08/1995	0.000	6.152	7.679	13.170	16.140
27/08/1995	0.000	6.796	7.991	14.232	14.350
28/08/1995	0.000	6.745	8.089	14.214	13.450
29/08/1995	0.000	6.517	7.786	13.705	13.000
30/08/1995	0.000	8.792	6.705	16.027	13.000
31/08/1995	0.000	7.951	6.339	14.625	12.650
01/09/1995	0.000	7.832	5.527	13.902	12.300
02/09/1995	0.000	7.346	6.045	13.571	12.300
03/09/1995	0.000	7.455	6.634	14.107	12.300
04/09/1995	0.000	7.051	6.616	13.536	11.950
05/09/1995	0.000	6.544	5.839	12.286	11.600
06/09/1995	0.000	7.150	6.500	13.571	11.600
07/09/1995	0.000	7.170	7.170	14.054	11.420
08/09/1995	0.000	7.861	7.054	14.902	11.250
09/09/1995	0.629	6.857	7.893	14.152	11.430
10/09/1995	9.305	8.816	7.116	16.214	15.240
11/09/1995	0.000	7.915	7.911	15.527	14.740
12/09/1995	2.518	8.149	6.777	15.107	16.900
13/09/1995	0.000	7.588	7.545	14.848	14.120
14/09/1995	18.539	6.767	7.018	13.393	14.800
15/09/1995	1.606	6.783	7.375	13.670	17.270
16/09/1995	0.000	6.510	7.554	13.429	28.800
17/09/1995	0.000	7.285	6.652	13.830	18.600
18/09/1995	0.000	6.754	7.062	13.375	14.570
19/09/1995	0.000	7.859	7.473	15.161	13.450
20/09/1995	0.000	7.639	8.170	15.339	12.300
21/09/1995	0.000	8.754	7.384	16.304	12.820
22/09/1995	3.598	8.086	8.036	15.857	11.600
23/09/1995	0.000	7.696	7.848	15.196	17.270
24/09/1995	1.587	7.557	7.339	14.652	19.150
25/09/1995	0.000	5.952	8.116	13.116	12.820
26/09/1995	3.808	9.538	7.830	17.625	15.070
27/09/1995	0.000	9.603	5.723	16.411	17.270
28/09/1995	10.451	8.732	6.250	15.562	12.920
29/09/1995	0.000	9.490	7.518	17.402	12.820
30/09/1995	11.207	6.874	7.598	13.973	11.250
01/10/1995	1.822	4.567	7.804	11.196	12.480
02/10/1995	0.000	7.482	7.580	14.759	12.820
03/10/1995	0.000	7.876	7.321	15.107	14.350
04/10/1995	0.000	9.245	7.312	16.964	14.000
05/10/1995	8.710	6.750	8.795	14.670	13.230
06/10/1995	0.000	8.780	7.741	16.652	13.250
07/10/1995	12.739	6.725	8.705	14.589	14.130
08/10/1995	0.000	6.815	6.009	12.812	14.990
09/10/1995	46.428	5.561	8.196	12.777	22.320
10/10/1995	9.236	3.935	7.732	10.402	23.930
11/10/1995	10.500	6.841	6.089	12.938	33.990
12/10/1995	7.122	7.263	5.375	13.062	41.080
13/10/1995	0.452	9.642	5.134	16.277	31.040
14/10/1995	25.611	6.256	7.286	13.009	29.100
15/10/1995	0.000	8.115	6.438	15.009	24.810
16/10/1995	1.995	7.970	8.214	16.000	26.120
17/10/1995	0.000	5.264	7.902	12.196	27.740
18/10/1995	0.000	5.309	7.536	11.973	34.490
19/10/1995	16.384	5.337	7.500	12.027	27.520
20/10/1995	6.704	6.933	6.759	13.634	24.450
21/10/1995	0.259	5.909	7.259	12.598	23.410
22/10/1995	18.810	6.175	7.402	13.071	19.760
23/10/1995	0.000	6.772	7.089	13.661	19.160
24/10/1995	3.368	9.531	7.071	17.518	20.930
25/10/1995	0.000	5.863	7.804	13.000	18.920
26/10/1995	0.000	5.777	7.455	12.634	18.910
27/10/1995	19.288	5.072	7.777	11.955	20.560
28/10/1995	0.000	5.835	7.571	12.804	27.820
29/10/1995	0.000	5.532	7.402	12.268	27.760
30/10/1995	9.549	6.198	6.616	12.616	20.590
31/10/1995	3.189	5.530	7.464	12.339	25.450
01/11/1995	0.000	5.992	7.286	12.866	26.200
02/11/1995	27.333	6.632	6.804	13.402	25.800
03/11/1995	0.759	6.003	6.991	12.679	24.980
04/11/1995	16.739	6.839	7.321	14.125	23.900
05/11/1995	0.000	5.670	7.339	12.509	22.470
06/11/1995	0.000	6.938	7.321	14.277	21.580
07/11/1995	0.000	5.621	7.759	12.759	20.480
08/11/1995	17.186	6.610	6.759	13.473	22.330
09/11/1995	0.000	7.768	7.196	15.411	25.020
10/11/1995	0.000	6.718	7.393	14.080	31.560
11/11/1995	0.000	5.892	6.562	12.304	23.180
12/11/1995	0.000	6.227	6.134	12.500	20.900
13/11/1995	0.000	5.543	7.268	12.384	25.520
14/11/1995	0.000	7.330	4.000	12.750	20.510
15/11/1995	0.000	7.256	6.920	14.554	20.070
16/11/1995	3.262	8.091	7.375	16.089	18.370
17/11/1995	41.058	6.318	8.384	14.295	18.160
18/11/1995	15.236	6.332	6.714	13.170	21.060
19/11/1995	7.263	6.994	7.527	14.661	28.840
20/11/1995	1.890	8.604	7.125	16.714	27.200
21/11/1995	0.000	6.270	7.679	13.768	30.640
22/11/1995	2.627	8.393	7.357	16.607	25.700
23/11/1995	19.553	8.173	6.616	15.812	31.640
24/11/1995	1.068	7.902	7.366	15.920	26.010
25/11/1995	9.674	6.989	8.089	15.125	23.640
26/11/1995	0.000	6.998	8.098	15.125	19.700
27/11/1995	0.000	9.143	7.482	17.821	18.740
28/11/1995	0.000	6.739	7.054	14.080	17.190
29/11/1995	0.000	6.182	7.188	13.375	15.400
30/11/1995	0.000	8.016	5.295	14.839	14.800
01/12/1995	0.000	6.757	8.312	15.000	14.800
02/12/1995	0.000	6.204	7.705	13.795	14.570
03/12/1995	0.000	6.440	8.518	14.723	14.830
04/12/1995	40.790	6.403	7.402	13.875	18.320
05/12/1995	0.531	7.685	6.768	15.330	16.860
06/12/1995	0.000	8.688	4.482	15.411	16.030
07/12/1995	0.000	6.864	6.473	13.946	15.020
08/12/1995	0.955	7.514	6.295	14.786	14.800
09/12/1995	0.000	6.742	6.616	13.857	14.800
10/12/1995	1.577	4.990	7.652	12.080	15.480
11/12/1995	16.390	7.005	7.027	14.536	16.560
12/12/1995	5.206	7.328	7.384	15.286	24.910
13/12/1995	13.297	6.886	7.089	14.393	24.000
14/12/1995	11.734	6.209	7.491	13.705	22.360
15/12/1995	11.734	6.077	7.634	13.625	26.470
16/12/1995	0.000	7.031	7.518	14.920	25.340
17/12/1995	0.000	5.771	7.821	13.312	22.130
18/12/1995	0.000	5.193	8.321	12.911	19.020
19/12/1995	42.313	6.440	8.464	14.741	17.300
20/12/1995	0.672	6.507	7.295	14.000	19.090
21/12/1995	5.124	5.791	6.973	12.732	24.510
22/12/1995	0.000	6.819	5.625	13.304	37.810
23/12/1995	0.394	6.870	5.982	13.625	26.820
24/12/1995	0.000	6.656	7.491	14.348	33.580
25/12/1995	0.000	5.028	8.062	12.473	26.450
26/12/1995	1.548	6.068	6.054	12.464	23.950
27/12/1995	3.185	5.893	7.071	12.929	22.390
28/12/1995	0.000	6.890	7.277	14.527	18.980
29/12/1995	0.000	7.013	6.955	14.491	17.570
30/12/1995	0.000	7.072	6.205	14.071	16.290
31/12/1995	0.000	7.981	6.643	15.679	15.470
01/01/1996	0.000	7.530	4.679	13.732	16.700
02/01/1996	0.000	6.933	6.723	14.188	16.400
03/01/1996	0.000	7.545	6.438	14.866	17.000
04/01/1996	0.000	7.098	6.804	14.438	16.600
05/01/1996	1.102	7.113	6.321	14.134	16.200
06/01/1996	0.000	6.859	5.839	13.438	16.400
07/01/1996	0.000	7.114	6.500	14.232	15.400
08/01/1996	0.000	7.991	4.982	14.545	14.700
09/01/1996	0.000	6.205	6.491	12.875	14.400
10/01/1996	0.827	8.027	5.455	14.884	14.100
11/01/1996	0.000	7.548	6.250	14.670	13.600
12/01/1996	0.000	6.399	7.223	13.634	13.100
13/01/1996	21.797	6.241	7.795	13.830	14.000
14/01/1996	27.597	6.765	7.393	14.277	15.300
15/01/1996	3.532	6.966	6.670	14.062	15.500
16/01/1996	18.620	6.961	6.723	14.080	17.200
17/01/1996	44.771	5.549	6.679	12.009	20.100
18/01/1996	31.965	5.914	6.786	12.589	25.300
19/01/1996	2.789	6.279	4.616	11.589	21.000
20/01/1996	0.000	6.454	6.036	12.804	21.400
21/01/1996	0.000	5.145	5.598	10.589	27.600
22/01/1996	0.000	4.620	6.446	10.473	41.600
23/01/1996	0.000	6.204	5.857	12.277	36.100
24/01/1996	0.000	6.617	6.277	13.152	24.800
25/01/1996	3.327	6.194	7.268	13.232	20.800
26/01/1996	0.000	7.328	6.241	14.134	21.400
27/01/1996	0.000	7.912	5.607	14.536	18.600
28/01/1996	10.577	7.069	6.938	14.196	17.300
29/01/1996	2.853	6.605	6.955	13.545	17.100
30/01/1996	6.404	7.700	5.589	14.152	17.600
31/01/1996	10.577	5.688	6.857	12.152	16.700
01/02/1996	0.000	4.767	6.982	10.973	17.700
02/02/1996	0.000	5.543	7.714	12.571	26.400
03/02/1996	0.000	6.610	7.393	13.786	27.100
04/02/1996	32.301	6.746	6.330	13.196	34.900
05/02/1996	9.045	4.665	7.045	10.875	32.100
06/02/1996	0.404	4.873	7.241	11.286	48.600
07/02/1996	0.404	6.009	7.304	12.848	58.300
08/02/1996	0.000	6.464	7.384	13.482	48.700
09/02/1996	5.882	7.486	7.161	14.750	33.400
10/02/1996	11.078	6.961	7.062	13.911	33.800
11/02/1996	8.349	6.307	7.839	13.571	39.200
12/02/1996	0.327	7.390	7.920	15.080	58.400
13/02/1996	1.447	6.221	7.188	12.964	50.700
14/02/1996	0.000	5.823	7.696	12.812	37.600
15/02/1996	4.911	6.916	6.179	13.179	31.100
16/02/1996	0.727	7.053	8.125	14.732	24.200
17/02/1996	2.015	5.193	7.411	11.714	27.700
18/02/1996	30.993	4.915	7.732	11.598	40.000
19/02/1996	0.000	7.436	7.759	14.920	29.400
20/02/1996	0.286	7.559	7.420	14.839	23.900
21/02/1996	2.789	6.692	6.652	13.116	19.400
22/02/1996	18.361	5.847	6.875	12.116	18.600
23/02/1996	13.659	6.831	8.268	14.429	19.400
24/02/1996	0.000	6.572	6.268	12.634	19.000
25/02/1996	0.000	6.043	6.455	12.045	17.600
26/02/1996	18.236	5.911	7.696	12.786	27.100
27/02/1996	3.528	6.386	6.991	12.875	29.100
28/02/1996	0.000	6.631	8.295	14.143	22.600
29/02/1996	0.000	6.542	7.321	13.295	23.800
01/03/1996	0.000	6.284	7.696	13.241	29.500
02/03/1996	46.719	6.482	7.804	13.571	25.100
03/03/1996	0.000	7.736	7.795	15.205	31.600
04/03/1996	0.000	6.248	8.134	13.500	29.200
05/03/1996	0.000	4.415	8.304	11.366	28.100
06/03/1996	20.737	6.008	8.438	13.455	38.800
07/03/1996	0.000	6.636	8.241	14.062	54.600
08/03/1996	12.333	5.491	7.920	12.348	56.500
09/03/1996	27.517	6.290	7.268	12.857	49.900
10/03/1996	0.000	5.555	7.768	12.321	45.200
11/03/1996	0.347	5.226	7.964	12.045	55.000
12/03/1996	0.000	7.905	6.429	14.455	71.500
13/03/1996	0.104	8.096	7.393	15.348	57.800
14/03/1996	3.567	7.343	7.143	14.161	36.800
15/03/1996	0.228	7.171	7.411	14.134	34.700
16/03/1996	37.351	6.106	7.241	12.571	58.500
17/03/1996	12.352	6.403	7.536	13.196	55.700
18/03/1996	0.000	9.161	6.679	16.277	35.300
19/03/1996	0.000	7.259	7.071	13.964	29.400
20/03/1996	0.000	7.946	5.777	14.018	24.800
21/03/1996	0.000	6.430	6.830	12.696	24.400
22/03/1996	0.000	6.091	6.911	12.312	25.400
23/03/1996	13.328	5.968	7.312	12.464	27.600
24/03/1996	11.868	5.006	7.848	11.652	25.000
25/03/1996	8.435	5.899	7.875	12.768	23.400
26/03/1996	3.792	5.567	7.580	12.134	24.800
27/03/1996	5.141	6.811	7.438	13.652	23.300
28/03/1996	0.000	6.425	7.062	12.857	20.300
29/03/1996	3.531	5.494	8.134	12.473	19.100
30/03/1996	9.551	5.982	7.938	12.946	18.800
31/03/1996	9.230	7.384	8.161	14.946	25.900
01/04/1996	0.504	6.896	8.188	14.348	26.100
02/04/1996	4.750	6.318	8.696	13.964	20.700
03/04/1996	18.208	4.953	8.205	11.902	21.800
04/04/1996	0.000	6.226	7.857	13.223	25.700
05/04/1996	0.000	4.201	8.188	11.089	20.400
06/04/1996	16.053	5.054	8.054	11.911	19.400
07/04/1996	0.000	5.482	8.562	12.839	19.500
08/04/1996	0.000	5.839	8.179	13.009	29.400
09/04/1996	0.000	6.318	7.714	13.259	26.700
10/04/1996	0.000	6.109	6.411	12.036	25.700
11/04/1996	35.991	5.421	7.304	11.812	26.700
12/04/1996	7.555	5.747	7.679	12.527	35.500
13/04/1996	0.000	7.493	7.357	14.625	30.600
14/04/1996	5.191	5.845	7.839	12.795	29.600
15/04/1996	0.397	6.275	7.571	13.161	26.300
16/04/1996	8.454	6.188	6.589	12.339	27.000
17/04/1996	0.000	6.586	5.750	12.295	20.300
18/04/1996	0.000	5.576	6.598	11.562	22.300
19/04/1996	17.645	5.662	6.562	11.652	51.100
20/04/1996	0.000	6.459	5.875	12.250	29.300
21/04/1996	3.258	5.760	7.509	12.500	25.900
22/04/1996	0.000	5.804	7.268	12.393	22.000
23/04/1996	0.000	5.263	7.518	11.884	32.100
24/04/1996	36.564	5.151	7.304	11.607	50.300
25/04/1996	0.000	6.364	6.473	12.625	33.200
26/04/1996	6.592	6.377	6.955	12.973	26.500
27/04/1996	0.000	6.430	8.071	13.884	27.900
28/04/1996	5.755	4.662	8.107	11.643	34.500
29/04/1996	6.340	5.592	8.000	12.723	30.300
30/04/1996	7.137	4.896	8.107	11.955	27.900
01/05/1996	0.000	5.410	8.312	12.777	29.300
02/05/1996	0.000	6.333	8.402	14.036	28.600
03/05/1996	0.611	6.133	8.116	13.580	31.800
04/05/1996	0.000	5.614	7.812	12.670	23.600
05/05/1996	20.630	4.989	8.482	12.393	24.600
06/05/1996	27.394	4.382	8.143	11.375	31.000
07/05/1996	0.000	4.648	8.571	12.062	39.500
08/05/1996	2.647	5.782	8.295	13.312	45.900
09/05/1996	0.000	5.319	8.482	12.884	51.600
10/05/1996	0.000	5.297	8.732	13.054	37.200
11/05/1996	0.000	4.774	8.982	12.607	45.000
12/05/1996	25.901	3.770	8.491	11.009	40.300
13/05/1996	4.449	5.627	7.929	12.884	43.700
14/05/1996	5.272	6.117	7.929	13.554	102.400
15/05/1996	0.827	5.462	7.946	12.705	42.900
16/05/1996	8.907	7.045	8.054	14.964	32.800
17/05/1996	3.298	7.249	7.589	14.929	31.400
18/05/1996	0.000	8.228	7.848	16.491	43.300
19/05/1996	7.811	6.549	8.277	14.455	32.400
20/05/1996	20.476	4.432	8.321	11.723	77.400
21/05/1996	0.223	6.879	7.152	14.143	43.300
22/05/1996	0.000	8.740	6.107	16.152	36.500
23/05/1996	6.728	6.564	7.277	13.821	31.500
24/05/1996	0.000	5.746	7.634	12.946	28.600
25/05/1996	19.523	5.427	7.795	12.643	32.500
26/05/1996	3.855	4.820	7.188	11.348	40.700
27/05/1996	10.137	5.897	7.536	13.125	41.100
28/05/1996	0.492	6.161	8.321	14.089	47.200
29/05/1996	5.186	6.133	6.821	12.946	34.600
30/05/1996	0.000	5.532	7.714	12.768	27.500
31/05/1996	0.000	7.078	7.562	14.848	30.700
01/06/1996	3.412	6.242	7.786	13.812	29.300
02/06/1996	14.413	5.251	7.821	12.482	28.300
03/06/1996	9.184	4.362	7.643	11.170	43.700
04/06/1996	3.358	3.845	7.661	10.527	36.300
05/06/1996	0.000	3.643	7.402	10.062	38.800
06/06/1996	0.000	5.061	5.875	10.768	35.900
07/06/1996	0.000	6.223	5.759	12.402	22.900
08/06/1996	0.000	4.953	6.384	11.009	21.000
09/06/1996	0.000	6.156	7.161	13.321	20.300
10/06/1996	0.000	6.999	6.330	13.964	34.000
11/06/1996	0.000	6.149	6.643	12.929	29.300
12/06/1996	0.000	6.050	7.607	13.491	26.200
13/06/1996	0.000	5.030	8.107	12.464	25.900
14/06/1996	0.000	5.228	8.161	12.759	27.200
15/06/1996	2.115	5.912	8.402	13.884	16.400
16/06/1996	0.000	5.515	8.902	13.750	21.000
17/06/1996	0.000	6.460	8.339	14.625	34.300
18/06/1996	9.069	5.804	8.054	13.491	51.600
19/06/1996	1.728	7.119	8.143	15.429	41.900
20/06/1996	0.000	5.144	8.250	12.741	37.500
21/06/1996	0.000	5.394	7.848	12.777	38.700
22/06/1996	0.000	5.068	8.152	12.562	39.900
23/06/1996	0.842	5.469	8.089	13.062	76.400
24/06/1996	0.000	5.390	6.982	12.116	39.600
25/06/1996	31.327	3.692	7.920	10.580	37.500
26/06/1996	16.946	5.489	7.830	12.893	32.400
27/06/1996	18.706	6.004	7.375	13.268	49.400
28/06/1996	0.000	4.128	7.161	10.500	39.100
29/06/1996	0.000	6.134	5.884	12.402	34.800
30/06/1996	3.635	3.568	7.741	10.312	36.700
01/07/1996	0.000	5.807	6.857	12.598	41.300
02/07/1996	0.000	4.629	6.705	10.821	38.700
03/07/1996	0.000	5.854	6.804	12.616	30.000
04/07/1996	0.000	6.433	6.732	13.402	39.600
05/07/1996	0.000	5.073	6.473	11.259	38.300
06/07/1996	0.000	5.721	7.580	13.009	45.400
07/07/1996	0.000	5.026	6.786	11.393	45.900
08/07/1996	0.000	6.882	6.902	14.170	35.500
09/07/1996	2.978	5.476	6.634	11.920	28.300
10/07/1996	28.512	5.271	7.625	12.384	31.800
11/07/1996	0.000	5.819	7.393	12.964	41.100
12/07/1996	2.414	5.605	7.295	12.580	45.500
13/07/1996	0.000	5.799	7.179	12.768	42.000
14/07/1996	0.000	7.000	6.304	13.875	35.500
15/07/1996	0.000	7.102	6.821	14.375	30.300
16/07/1996	0.000	6.748	6.741	13.777	54.600
17/07/1996	0.000	5.796	6.777	12.438	59.000
18/07/1996	0.000	5.437	7.098	12.179	42.800
19/07/1996	0.000	6.673	7.116	13.920	42.800
20/07/1996	0.000	5.838	8.170	13.518	84.800
21/07/1996	0.000	5.440	7.741	12.625	64.800
22/07/1996	0.000	5.464	7.366	12.366	42.400
23/07/1996	0.000	7.445	6.089	14.259	33.300
24/07/1996	0.000	8.295	5.500	15.116	24.200
25/07/1996	19.830	8.378	6.339	15.777	26.900
26/07/1996	9.279	5.050	7.527	11.893	24.000
27/07/1996	4.416	7.097	7.179	14.464	22.000
28/07/1996	0.000	5.533	8.062	12.929	18.800
29/07/1996	0.000	5.508	7.741	12.643	25.500
30/07/1996	0.000	5.703	7.062	12.375	28.600
31/07/1996	0.000	8.002	6.429	15.170	31.000
01/08/1996	0.000	6.996	8.089	14.875	39.500
02/08/1996	0.000	6.786	5.795	12.982	39.900
03/08/1996	0.000	7.438	6.018	14.045	33.900
04/08/1996	0.000	6.742	7.375	13.964	30.300
05/08/1996	0.000	6.949	8.366	14.964	22.300
06/08/1996	0.000	6.067	8.634	13.964	34.500
07/08/1996	0.000	6.444	7.366	13.545	92.900
08/08/1996	0.000	7.966	4.920	14.018	37.100
09/08/1996	3.499	7.840	5.589	14.259	24.500
10/08/1996	1.970	5.338	7.214	11.893	40.900
11/08/1996	0.000	8.362	4.152	14.062	33.200
12/08/1996	0.000	8.409	4.295	14.214	26.700
13/08/1996	0.000	8.383	3.866	13.884	22.000
14/08/1996	0.000	7.987	5.911	14.589	19.800
15/08/1996	0.000	6.446	5.196	11.893	18.800
16/08/1996	0.000	6.703	5.589	12.518	19.100
17/08/1996	0.000	7.857	5.446	14.062	14.900
18/08/1996	0.000	8.278	4.071	13.777	20.700
19/08/1996	0.000	7.288	6.062	13.634	17.900
20/08/1996	0.000	7.220	6.938	14.116	18.200
21/08/1996	0.000	7.848	5.205	13.839	16.400
22/08/1996	4.770	7.511	6.393	14.134	17.300
23/08/1996	0.000	7.308	5.964	13.536	19.100
24/08/1996	5.179	7.858	6.446	14.616	17.000
25/08/1996	9.561	10.034	6.071	17.438	17.300
26/08/1996	4.249	6.502	7.366	13.411	21.300
27/08/1996	3.284	6.989	7.714	14.312	25.600
28/08/1996	0.759	8.452	6.375	15.384	21.300
29/08/1996	3.663	6.321	7.446	13.179	19.700
30/08/1996	22.042	8.620	7.750	16.464	19.400
31/08/1996	2.384	7.491	7.759	14.964	19.100
01/09/1996	0.000	7.502	6.973	14.420	25.500
02/09/1996	0.666	7.944	7.098	15.080	30.800
03/09/1996	9.683	8.062	7.214	15.321	49.100
04/09/1996	0.000	8.977	6.125	15.857	25.200
05/09/1996	13.261	8.409	6.536	15.312	19.700
06/09/1996	0.000	6.903	7.134	13.679	21.300
07/09/1996	0.000	7.771	4.938	13.384	25.400
08/09/1996	6.465	9.282	4.339	15.143	18.300
09/09/1996	15.613	8.647	7.429	16.232	26.700
10/09/1996	0.000	6.173	7.625	13.045	20.300
11/09/1996	0.000	8.090	7.018	15.188	17.900
12/09/1996	0.000	7.540	7.964	15.089	14.400
13/09/1996	0.000	6.597	7.089	13.196	13.300
14/09/1996	0.197	7.426	7.527	14.625	13.800
15/09/1996	0.000	5.790	8.027	12.839	14.300
16/09/1996	0.000	7.499	7.357	14.598	12.800
17/09/1996	0.000	7.135	5.938	13.116	18.200
18/09/1996	0.000	8.634	6.625	15.643	15.800
19/09/1996	1.769	7.846	8.071	15.545	15.200
20/09/1996	3.235	7.777	7.991	15.402	15.500
21/09/1996	1.225	6.080	8.161	13.330	19.400
22/09/1996	0.000	7.886	7.098	14.938	22.300
23/09/1996	0.000	8.947	6.071	15.696	14.900
24/09/1996	8.227	6.731	7.911	13.964	13.800
25/09/1996	0.000	7.312	7.393	14.375	12.500
26/09/1996	0.000	6.677	7.571	13.661	13.900
27/09/1996	0.000	6.724	7.170	13.420	15.800
28/09/1996	1.083	7.656	7.705	15.062	13.300
29/09/1996	0.000	7.095	7.732	14.339	15.500
30/09/1996	0.000	5.663	8.196	12.830	22.000
01/10/1996	0.000	6.228	8.464	13.741	33.400
02/10/1996	0.000	7.960	6.455	14.643	28.600
03/10/1996	0.000	7.920	6.652	14.714	21.100
04/10/1996	0.000	7.422	6.661	14.089	17.600
05/10/1996	0.775	8.194	5.759	14.554	23.900
06/10/1996	36.223	7.255	7.286	14.286	27.300
07/10/1996	0.000	6.454	7.777	13.589	29.000
08/10/1996	4.474	7.947	7.277	15.268	37.700
09/10/1996	10.827	6.429	6.714	12.795	27.300
10/10/1996	0.000	6.630	6.848	13.179	31.800
11/10/1996	11.287	7.941	7.107	15.188	29.000
12/10/1996	19.209	8.116	7.830	15.893	27.900
13/10/1996	0.000	6.392	6.902	12.938	28.600
14/10/1996	12.440	7.484	4.723	12.982	18.200
15/10/1996	30.137	7.484	5.152	13.268	60.400
16/10/1996	2.593	5.918	7.071	12.455	45.900
17/10/1996	0.000	6.731	6.812	13.357	50.300
18/10/1996	3.692	8.159	6.429	15.116	37.500
19/10/1996	0.000	8.356	4.991	14.473	22.600
20/10/1996	0.000	7.749	6.812	14.821	18.200
21/10/1996	0.000	6.796	7.098	13.714	19.100
22/10/1996	19.239	5.044	7.384	11.562	23.300
23/10/1996	0.000	6.585	7.295	13.607	23.900
24/10/1996	0.550	8.827	7.571	16.875	17.600
25/10/1996	2.328	8.025	6.866	15.312	22.900
26/10/1996	14.218	8.192	6.268	15.161	22.900
27/10/1996	5.689	6.473	8.286	14.170	17.300
28/10/1996	19.221	5.242	7.857	12.259	15.800
29/10/1996	3.217	6.530	8.125	14.179	44.900
30/10/1996	15.867	6.312	7.884	13.714	73.300
31/10/1996	6.961	6.567	8.170	14.286	35.300
01/11/1996	0.848	8.542	6.955	16.188	26.600
02/11/1996	0.000	7.476	7.277	14.920	21.300
03/11/1996	0.000	7.111	7.295	14.455	21.300
04/11/1996	0.000	6.912	7.027	13.982	17.600
05/11/1996	0.000	7.347	8.473	15.634	16.100
06/11/1996	0.000	7.136	8.062	15.054	14.300
07/11/1996	26.232	5.346	8.571	13.027	13.800
08/11/1996	0.000	6.671	7.991	14.438	13.800
09/11/1996	0.000	6.670	6.589	13.429	23.000
10/11/1996	6.128	7.566	7.571	15.384	34.300
11/11/1996	0.000	6.469	8.286	14.393	18.900
12/11/1996	2.323	7.296	8.232	15.500	25.900
13/11/1996	0.769	6.597	7.857	14.250	34.700
14/11/1996	26.018	4.754	8.536	12.330	26.900
15/11/1996	18.450	6.765	7.562	14.348	43.100
16/11/1996	7.172	6.580	6.509	13.348	29.000
17/11/1996	0.000	8.160	5.446	14.964	24.500
18/11/1996	0.552	8.441	5.812	15.643	20.600
19/11/1996	9.250	8.320	4.393	14.598	18.800
20/11/1996	0.000	7.875	4.598	14.062	19.100
21/11/1996	0.896	6.917	4.089	12.277	13.800
22/11/1996	25.262	8.594	4.982	15.393	13.800
23/11/1996	0.000	6.326	5.938	12.652	14.900
24/11/1996	0.000	6.567	5.357	12.616	14.900
25/11/1996	0.000	6.149	7.089	13.205	16.100
26/11/1996	14.087	8.132	7.670	16.491	17.300
27/11/1996	0.000	6.245	7.634	13.768	19.400
28/11/1996	5.461	7.917	6.982	15.777	20.700
29/11/1996	32.685	5.790	6.188	12.071	45.900
30/11/1996	0.000	7.271	6.804	14.705	27.900
01/12/1996	6.599	7.170	7.018	14.723	33.300
02/12/1996	0.000	7.648	6.500	15.062	38.300
03/12/1996	0.000	7.015	7.634	14.929	20.000
04/12/1996	1.708	6.398	7.473	13.920	18.800
05/12/1996	65.719	5.561	7.562	12.795	27.300
06/12/1996	17.053	6.019	7.188	13.188	38.700
07/12/1996	0.000	7.618	6.616	15.152	25.500
08/12/1996	7.225	6.718	5.911	13.312	19.400
09/12/1996	12.450	6.755	5.661	13.259	18.500
10/12/1996	0.000	7.784	6.259	15.161	17.900
11/12/1996	30.995	5.423	6.446	11.795	22.300
12/12/1996	0.000	5.441	7.884	12.911	26.500
13/12/1996	0.000	6.647	7.714	14.500	26.200
14/12/1996	0.000	6.005	7.902	13.723	38.300
15/12/1996	0.000	4.748	8.366	12.348	42.800
16/12/1996	0.000	5.823	7.920	13.482	29.300
17/12/1996	0.000	6.066	7.893	13.795	24.500
18/12/1996	0.000	6.370	6.580	13.304	19.400
19/12/1996	4.334	5.920	7.259	13.116	17.000
20/12/1996	0.000	7.698	5.179	14.375	24.900
21/12/1996	0.000	5.806	6.848	12.652	15.500
22/12/1996	17.585	5.746	7.973	13.384	14.900
23/12/1996	0.000	5.797	6.786	12.589	16.100
24/12/1996	0.000	6.971	7.902	15.089	13.800
25/12/1996	0.000	7.255	8.062	15.598	14.900
26/12/1996	0.000	7.616	6.893	15.330	11.500
27/12/1996	0.000	8.064	7.625	16.464	13.800
28/12/1996	0.000	5.268	8.232	12.920	12.300
29/12/1996	0.000	6.812	6.893	14.143	20.200
30/12/1996	0.000	6.811	6.946	14.170	26.500
31/12/1996	9.243	6.258	7.232	13.562	35.900
01/01/1997	0.000	5.922	6.696	12.696	39.200
02/01/1997	0.000	5.734	7.580	13.054	38.200
03/01/1997	0.000	7.519	7.027	15.241	24.800
04/01/1997	0.000	7.971	7.232	16.009	17.100
05/01/1997	0.000	5.446	7.232	12.375	18.500
06/01/1997	0.000	6.317	7.982	14.134	16.800
07/01/1997	8.698	6.422	6.696	13.348	20.700
08/01/1997	0.000	7.556	7.268	15.393	19.000
09/01/1997	0.000	6.845	7.214	14.330	17.900
10/01/1997	2.849	4.377	7.812	11.339	18.500
11/01/1997	0.000	6.894	7.500	14.580	23.800
12/01/1997	9.775	6.361	7.098	13.500	38.500
13/01/1997	61.704	6.445	7.205	13.696	35.300
14/01/1997	0.000	7.753	7.018	15.429	30.000
15/01/1997	8.134	5.821	7.804	13.205	22.500
16/01/1997	0.000	6.991	7.411	14.598	21.000
17/01/1997	3.068	6.170	7.491	13.473	21.000
18/01/1997	0.000	6.643	6.991	13.768	22.300
19/01/1997	1.593	6.969	7.786	14.777	24.400
20/01/1997	61.213	5.828	6.786	12.438	31.500
21/01/1997	0.000	5.953	6.580	12.438	46.100
22/01/1997	39.109	6.854	6.804	13.893	57.700
23/01/1997	0.936	6.424	6.812	13.259	54.400
24/01/1997	0.000	6.627	7.554	14.062	40.600
25/01/1997	0.000	5.915	7.089	12.723	39.200
26/01/1997	1.947	6.140	7.277	13.170	35.700
27/01/1997	0.000	6.674	7.080	13.750	27.700
28/01/1997	0.000	7.104	7.277	14.473	26.400
29/01/1997	0.000	7.355	7.098	14.696	23.200
30/01/1997	0.000	7.677	7.179	15.179	19.300
31/01/1997	0.000	7.118	7.098	14.321	22.900
01/02/1997	0.000	6.227	6.580	12.688	21.200
02/02/1997	1.400	6.171	6.027	12.205	19.800
03/02/1997	0.000	7.152	5.661	13.330	18.200
04/02/1997	14.377	6.424	7.446	13.518	17.700
05/02/1997	5.847	5.906	6.795	12.348	16.800
06/02/1997	0.000	7.351	6.196	13.946	19.300
07/02/1997	0.000	6.058	6.455	12.277	12.300
08/02/1997	27.314	4.786	7.705	11.527	13.500
09/02/1997	0.000	6.177	7.295	13.027	18.200
10/02/1997	4.540	6.565	7.482	13.688	21.000
11/02/1997	0.000	5.276	7.429	11.902	28.800
12/02/1997	0.000	6.164	7.857	13.393	31.500
13/02/1997	0.000	6.636	7.589	13.812	32.500
14/02/1997	0.000	6.615	7.705	13.857	26.400
15/02/1997	0.000	7.600	7.277	14.857	26.700
16/02/1997	6.432	6.181	8.223	13.625	25.100
17/02/1997	0.000	6.787	7.839	14.134	24.400
18/02/1997	15.162	5.881	7.839	12.929	32.900
19/02/1997	1.397	7.237	7.732	14.634	29.400
20/02/1997	0.000	8.527	5.911	15.152	21.000
21/02/1997	0.000	8.617	6.375	15.571	19.000
22/02/1997	0.000	5.844	8.768	13.545	12.800
23/02/1997	0.639	5.598	9.009	13.411	21.200
24/02/1997	0.161	6.963	8.232	14.562	21.300
25/02/1997	5.599	6.447	8.152	13.821	23.600
26/02/1997	0.000	7.401	8.339	15.205	24.100
27/02/1997	0.000	7.349	8.161	15.000	27.000
28/02/1997	0.000	6.882	7.777	14.071	24.400
01/03/1997	0.000	6.377	7.286	13.045	20.700
02/03/1997	64.247	9.393	6.616	16.679	18.500
03/03/1997	0.000	6.562	8.723	14.348	19.900
04/03/1997	0.000	7.284	8.196	14.875	50.500
05/03/1997	0.000	5.889	7.420	12.491	34.300
06/03/1997	0.000	7.682	6.009	13.884	23.800
07/03/1997	0.000	8.768	4.991	14.714	19.300
08/03/1997	0.000	8.214	5.107	14.009	23.800
09/03/1997	0.000	5.796	8.500	13.170	29.000
10/03/1997	0.742	6.465	9.384	14.670	17.400
11/03/1997	0.000	6.321	8.812	14.045	16.800
12/03/1997	20.862	8.211	8.920	16.536	18.500
13/03/1997	19.808	4.943	9.250	12.759	20.200
14/03/1997	21.367	8.995	7.411	16.536	27.800
15/03/1997	0.000	8.216	7.616	15.634	19.200
16/03/1997	0.000	6.218	8.973	14.018	18.600
17/03/1997	0.000	6.999	7.902	14.232	27.300
18/03/1997	0.000	6.142	8.562	13.634	46.100
19/03/1997	0.000	8.480	7.607	16.018	44.200
20/03/1997	0.000	7.505	7.125	14.330	30.500
21/03/1997	0.000	7.549	5.554	13.357	32.600
22/03/1997	0.000	10.067	4.902	16.411	22.300
23/03/1997	0.000	9.242	5.571	15.696	17.400
24/03/1997	0.000	9.054	5.286	15.241	15.700
25/03/1997	0.000	9.107	6.661	16.179	14.800
26/03/1997	0.000	7.672	7.973	15.134	14.700
27/03/1997	0.000	8.746	7.795	16.455	17.200
28/03/1997	0.000	9.462	5.107	15.696	16.100
29/03/1997	25.869	7.729	6.866	14.482	14.200
30/03/1997	0.000	5.989	7.491	12.625	16.100
31/03/1997	0.000	7.275	7.125	14.071	14.800
01/04/1997	0.000	7.135	6.946	13.750	15.900
02/04/1997	0.000	8.010	5.652	14.098	27.300
03/04/1997	0.000	6.609	7.973	13.786	32.700
04/04/1997	28.557	5.844	7.786	12.670	22.800
05/04/1997	0.000	6.758	7.911	13.955	17.900
06/04/1997	0.000	6.632	8.455	14.196	16.000
07/04/1997	11.939	8.021	8.116	15.786	16.100
08/04/1997	0.000	7.852	8.241	15.634	16.700
09/04/1997	0.000	7.087	8.188	14.607	19.600
10/04/1997	10.524	6.662	8.616	14.375	23.100
11/04/1997	0.000	6.267	8.589	13.857	41.600
12/04/1997	0.655	6.304	8.830	14.116	38.800
13/04/1997	6.711	7.595	8.929	15.812	36.900
14/04/1997	12.370	5.107	8.250	12.179	24.400
15/04/1997	10.816	7.260	7.634	14.509	21.100
16/04/1997	11.115	7.644	7.321	14.821	17.900
17/04/1997	0.000	5.480	8.446	12.812	16.600
18/04/1997	0.000	5.334	7.991	12.268	16.400
19/04/1997	0.000	5.574	7.929	12.554	18.000
20/04/1997	5.289	7.110	7.589	14.330	20.900
21/04/1997	0.000	4.647	8.036	11.500	50.700
22/04/1997	7.143	6.219	7.446	13.062	32.400
23/04/1997	13.492	4.745	7.170	10.938	34.700
24/04/1997	17.044	7.078	6.929	13.893	34.500
25/04/1997	9.694	5.688	6.589	11.759	51.400
26/04/1997	20.129	7.449	7.000	14.482	36.800
27/04/1997	2.616	7.194	7.902	14.732	39.900
28/04/1997	6.381	8.458	7.286	16.080	31.200
29/04/1997	0.000	7.568	7.152	14.768	25.400
30/04/1997	0.855	7.925	5.607	14.250	20.700
01/05/1997	2.532	6.492	7.214	13.357	19.300
02/05/1997	0.000	6.980	8.196	14.759	18.300
03/05/1997	0.000	7.025	8.348	14.938	33.900
04/05/1997	4.875	5.760	8.214	13.188	54.300
05/05/1997	0.000	5.808	8.250	13.268	117.900
06/05/1997	1.318	6.904	7.911	14.509	50.700
07/05/1997	0.000	6.703	7.652	14.054	42.400
08/05/1997	0.000	6.676	8.000	14.286	40.900
09/05/1997	7.236	6.018	8.161	13.518	30.100
10/05/1997	3.661	4.177	8.527	11.473	36.800
11/05/1997	15.334	4.542	8.179	11.634	30.100
12/05/1997	4.931	8.647	7.625	16.795	34.700
13/05/1997	2.490	6.649	8.473	14.652	43.700
14/05/1997	0.000	6.675	8.357	14.607	41.700
15/05/1997	0.804	6.079	7.812	13.411	68.300
16/05/1997	0.000	7.229	7.250	14.625	26.700
17/05/1997	0.000	6.991	7.866	14.732	22.800
18/05/1997	0.000	5.449	7.589	12.420	24.100
19/05/1997	15.300	6.952	7.152	14.214	24.800
20/05/1997	1.823	6.477	7.223	13.616	47.800
21/05/1997	0.000	7.524	7.393	15.205	41.000
22/05/1997	11.342	6.968	8.429	15.170	54.400
23/05/1997	0.000	6.392	8.875	14.714	36.800
24/05/1997	6.889	6.440	8.446	14.491	34.700
25/05/1997	5.715	6.131	8.562	14.152	23.900
26/05/1997	7.959	5.352	7.848	12.571	30.100
27/05/1997	3.838	6.441	8.107	14.295	31.500
28/05/1997	18.295	6.979	6.857	14.161	42.300
29/05/1997	0.000	6.647	7.616	14.232	67.900
30/05/1997	2.581	5.648	7.661	12.857	63.800
31/05/1997	8.685	7.057	7.839	14.973	42.500
01/06/1997	0.000	6.747	8.384	14.946	38.200
02/06/1997	0.000	6.663	7.562	14.259	36.200
03/06/1997	8.000	5.757	8.196	13.438	36.800
04/06/1997	36.654	4.581	8.545	12.170	49.300
05/06/1997	1.892	8.397	6.545	16.098	47.700
06/06/1997	5.491	5.987	7.071	12.991	49.400
07/06/1997	15.638	6.218	8.598	14.420	64.600
08/06/1997	13.012	6.475	7.312	13.866	52.800
09/06/1997	6.386	6.687	7.438	14.250	41.900
10/06/1997	0.000	7.136	5.911	13.866	37.900
11/06/1997	12.208	5.331	7.920	12.705	37.600
12/06/1997	0.000	4.765	8.455	12.357	36.600
13/06/1997	2.703	5.995	7.795	13.545	34.700
14/06/1997	0.000	6.606	6.875	13.768	32.200
15/06/1997	0.000	6.062	8.009	13.795	29.100
16/06/1997	1.753	6.331	8.795	14.750	29.200
17/06/1997	0.000	4.821	7.312	11.545	27.300
18/06/1997	13.375	6.573	7.321	14.045	33.200
19/06/1997	2.898	6.080	8.107	13.920	60.500
20/06/1997	2.459	5.406	8.420	13.205	49.000
21/06/1997	0.000	6.316	6.491	13.080	34.100
22/06/1997	4.667	6.561	7.643	14.268	28.900
23/06/1997	0.424	6.660	7.902	14.589	26.300
24/06/1997	11.515	6.130	8.902	14.571	37.200
25/06/1997	5.087	5.495	7.536	12.661	55.700
26/06/1997	3.315	6.869	6.393	13.848	72.500
27/06/1997	6.670	6.795	7.598	14.571	48.200
28/06/1997	0.575	7.164	6.688	14.482	34.200
29/06/1997	0.000	7.078	7.420	14.830	29.400
30/06/1997	0.000	6.635	7.562	14.312	30.100
01/07/1997	0.000	4.987	7.804	12.179	84.200
02/07/1997	0.000	6.500	6.884	13.607	42.200
03/07/1997	0.000	6.858	5.723	13.339	35.900
04/07/1997	0.000	7.176	6.598	14.402	41.500
05/07/1997	0.000	5.916	6.366	12.393	55.300
06/07/1997	0.000	5.302	8.161	12.857	103.800
07/07/1997	0.000	6.716	8.000	14.705	70.300
08/07/1997	4.251	6.358	7.027	13.491	62.000
09/07/1997	0.539	6.061	7.411	13.321	37.500
10/07/1997	0.000	7.104	6.973	14.518	42.800
11/07/1997	0.000	5.316	7.134	12.080	43.200
12/07/1997	0.000	6.014	8.375	13.982	48.300
13/07/1997	0.000	6.469	7.750	14.116	35.000
14/07/1997	0.000	6.515	6.545	13.348	33.000
15/07/1997	0.000	6.096	7.750	13.589	36.900
16/07/1997	0.000	7.125	6.723	14.312	43.700
17/07/1997	0.000	7.316	5.464	13.741	34.800
18/07/1997	0.000	6.706	7.902	14.509	31.800
19/07/1997	0.000	6.147	6.804	12.938	25.000
20/07/1997	0.000	5.674	6.161	11.777	25.400
21/07/1997	0.000	5.130	6.741	11.420	23.800
22/07/1997	0.000	5.974	7.143	12.920	25.800
23/07/1997	0.000	6.897	6.848	14.000	35.400
24/07/1997	0.000	6.895	7.625	14.536	48.300
25/07/1997	11.384	5.942	7.857	13.375	54.400
26/07/1997	0.000	6.399	7.536	13.759	35.800
27/07/1997	9.388	6.047	7.134	12.938	35.600
28/07/1997	17.034	4.474	7.786	11.304	27.500
29/07/1997	0.000	5.401	7.143	12.027	21.300
30/07/1997	0.407	6.985	6.607	13.857	19.000
31/07/1997	0.000	7.796	6.607	15.000	18.600
01/08/1997	0.000	8.206	5.348	14.777	19.400
02/08/1997	0.755	6.293	6.170	12.518	17.500
03/08/1997	0.000	7.182	5.866	13.589	16.600
04/08/1997	0.000	6.516	6.027	12.732	19.900
05/08/1997	0.211	7.861	4.884	13.893	24.000
06/08/1997	0.000	6.421	7.277	13.464	25.600
07/08/1997	14.678	6.280	7.705	13.562	26.100
08/08/1997	0.255	5.091	7.357	11.688	20.800
09/08/1997	4.893	5.654	6.866	12.071	39.200
10/08/1997	0.000	6.135	6.500	12.455	32.600
11/08/1997	4.473	8.854	3.616	14.473	23.100
12/08/1997	0.000	8.379	6.321	15.455	16.800
13/08/1997	3.561	6.646	6.554	13.152	16.200
14/08/1997	0.000	7.512	6.089	14.062	22.300
15/08/1997	0.000	8.173	6.518	15.241	21.900
16/08/1997	0.000	7.649	5.500	13.821	18.900
17/08/1997	0.000	7.382	5.955	13.741	24.700
18/08/1997	0.000	7.016	6.018	13.223	19.100
19/08/1997	0.000	7.032	5.688	13.027	16.600
20/08/1997	0.000	7.461	7.259	14.688	15.200
21/08/1997	0.000	8.628	5.714	15.286	14.200
22/08/1997	0.239	7.253	7.107	14.268	14.200
23/08/1997	0.000	7.453	5.482	13.438	14.000
24/08/1997	0.000	8.480	4.429	14.214	13.500
25/08/1997	0.000	9.284	5.616	16.089	12.800
26/08/1997	0.000	7.683	7.589	15.161	27.200
27/08/1997	0.000	5.978	7.607	12.866	23.600
28/08/1997	0.000	7.801	7.179	15.009	18.700
29/08/1997	0.000	8.377	6.589	15.384	15.800
30/08/1997	0.000	10.056	5.804	17.188	13.700
31/08/1997	0.000	7.827	5.527	13.902	12.700
01/09/1997	0.000	7.250	7.554	14.464	14.000
02/09/1997	0.000	6.142	7.964	13.295	15.000
03/09/1997	4.199	7.686	8.134	15.446	21.400
04/09/1997	0.000	9.286	6.527	16.536	21.200
05/09/1997	3.720	9.519	7.357	17.375	16.000
06/09/1997	6.693	7.850	8.500	15.875	24.800
07/09/1997	0.000	7.910	8.286	15.804	23.200
08/09/1997	0.000	7.179	8.286	14.848	21.200
09/09/1997	0.000	9.056	8.268	17.321	16.500
10/09/1997	0.577	6.828	8.964	14.884	16.300
11/09/1997	0.000	8.026	8.429	16.071	15.300
12/09/1997	0.000	6.663	8.670	14.455	15.300
13/09/1997	0.000	7.679	7.946	15.250	14.300
14/09/1997	2.558	8.423	7.375	15.857	13.500
15/09/1997	0.403	6.843	7.464	13.795	11.800
16/09/1997	1.836	6.833	7.518	13.821	13.300
17/09/1997	0.000	7.550	6.938	14.366	14.500
18/09/1997	0.000	8.564	6.509	15.464	12.300
19/09/1997	0.000	9.016	7.286	16.571	11.800
20/09/1997	1.003	7.347	8.107	14.920	10.800
21/09/1997	2.373	10.071	6.589	17.571	13.500
22/09/1997	0.000	7.573	7.250	14.616	15.000
23/09/1997	28.228	5.777	8.170	12.946	15.300
24/09/1997	0.000	6.974	8.429	14.705	25.100
25/09/1997	0.000	7.499	8.312	15.295	32.200
26/09/1997	0.000	7.100	8.705	15.036	28.300
27/09/1997	0.000	7.212	8.375	14.955	23.200
28/09/1997	7.030	6.229	8.348	13.670	25.400
29/09/1997	0.000	8.341	6.902	15.446	21.000
30/09/1997	0.000	8.093	6.554	14.902	15.300
01/10/1997	0.000	7.678	7.312	14.848	13.500
02/10/1997	0.818	7.614	8.205	15.375	12.300
03/10/1997	5.020	4.929	8.446	12.143	11.500
04/10/1997	0.000	8.439	7.741	16.188	12.000
05/10/1997	1.578	7.841	8.429	15.839	11.500
06/10/1997	0.000	7.418	6.000	13.616	10.800
07/10/1997	0.213	7.309	6.482	13.812	11.300
08/10/1997	2.183	7.594	6.723	14.366	11.300
09/10/1997	2.333	8.928	5.562	15.464	12.800
10/10/1997	4.862	9.893	7.500	18.018	11.300
11/10/1997	0.000	8.669	7.661	16.509	10.300
12/10/1997	0.000	8.727	7.500	16.473	9.900
13/10/1997	19.631	7.133	8.071	14.723	11.300
14/10/1997	17.522	7.693	7.821	15.330	10.800
15/10/1997	13.831	7.789	7.482	15.232	11.800
16/10/1997	13.456	5.040	7.741	11.812	13.300
17/10/1997	17.301	7.857	6.402	14.661	18.800
18/10/1997	9.764	7.543	6.857	14.509	53.400
19/10/1997	7.720	7.222	7.134	14.304	30.100
20/10/1997	0.000	8.953	6.562	16.312	18.500
21/10/1997	9.705	7.423	7.848	15.062	17.700
22/10/1997	0.000	8.042	7.089	15.411	16.000
23/10/1997	5.114	7.347	7.339	14.634	18.500
24/10/1997	0.270	7.879	8.732	16.330	18.800
25/10/1997	0.000	8.236	7.964	16.295	16.800
26/10/1997	0.000	8.533	7.295	16.286	11.300
27/10/1997	0.000	6.549	8.054	14.080	11.800
28/10/1997	0.000	7.372	8.545	15.562	11.800
29/10/1997	17.766	7.050	7.893	14.679	11.800
30/10/1997	0.000	7.347	8.661	15.634	16.800
31/10/1997	3.606	6.579	8.268	14.330	14.300
01/11/1997	0.000	4.354	8.973	12.071	16.400
02/11/1997	0.000	4.812	8.804	12.473	15.500
03/11/1997	0.743	5.052	8.929	12.893	13.500
04/11/1997	7.668	4.844	8.339	12.179	18.800
05/11/1997	0.000	6.844	8.741	15.107	14.500
06/11/1997	0.000	5.923	9.330	14.330	16.000
07/11/1997	1.251	5.075	8.955	12.991	14.400
08/11/1997	27.439	4.932	8.071	12.098	15.300
09/11/1997	0.000	5.243	8.268	12.670	16.500
10/11/1997	0.000	5.704	7.661	12.866	15.100
11/11/1997	2.264	6.885	7.929	14.688	21.900
12/11/1997	0.931	6.284	8.152	14.027	20.700
13/11/1997	39.091	5.804	7.670	13.009	22.400
14/11/1997	0.911	6.760	7.616	14.348	32.500
15/11/1997	10.982	6.751	7.036	13.929	36.300
16/11/1997	15.332	8.148	4.759	14.491	29.800
17/11/1997	5.691	7.745	7.321	15.571	24.400
18/11/1997	0.894	7.206	7.661	15.062	24.800
19/11/1997	4.061	9.325	6.045	17.062	24.200
20/11/1997	5.860	5.651	8.464	13.491	23.800
21/11/1997	1.069	7.443	8.018	15.679	28.300
22/11/1997	0.000	7.323	7.205	14.946	18.900
23/11/1997	0.000	6.145	6.830	12.982	15.300
24/11/1997	29.917	4.811	8.402	12.339	13.500
25/11/1997	1.480	5.603	8.571	13.554	12.700
26/11/1997	21.027	6.458	7.420	13.911	14.300
27/11/1997	0.000	8.186	7.812	16.661	17.000
28/11/1997	0.000	7.720	7.241	15.625	14.300
29/11/1997	0.000	5.279	8.018	12.696	15.000
30/11/1997	17.740	5.637	8.205	13.357	25.100
01/12/1997	13.212	6.877	8.509	15.304	26.200
02/12/1997	0.471	8.247	8.232	17.125	34.500
03/12/1997	0.000	8.230	6.741	16.089	24.300
04/12/1997	2.136	7.965	6.545	15.580	16.500
05/12/1997	0.000	7.205	7.214	14.911	14.000
06/12/1997	0.000	7.776	6.821	15.482	13.000
07/12/1997	0.000	7.384	8.018	15.732	12.000
08/12/1997	0.000	6.447	7.009	13.679	11.200
09/12/1997	0.000	8.319	5.929	15.723	10.500
10/12/1997	0.304	9.226	4.929	16.491	9.900
11/12/1997	0.000	6.533	6.723	13.616	9.400
12/12/1997	0.000	7.528	7.973	15.938	9.200
13/12/1997	0.000	8.634	7.143	16.991	9.000
14/12/1997	41.450	7.826	7.929	16.339	9.100
15/12/1997	1.000	6.049	8.312	14.098	10.500
16/12/1997	0.364	6.173	8.688	14.518	11.600
17/12/1997	0.000	7.481	7.607	15.625	10.300
18/12/1997	0.000	7.704	7.884	16.143	9.200
19/12/1997	5.425	7.747	7.170	15.741	8.500
20/12/1997	0.000	8.023	6.375	15.607	8.300
21/12/1997	0.000	8.231	4.866	14.982	8.200
22/12/1997	0.000	7.135	5.223	13.527	8.800
23/12/1997	0.000	6.889	6.536	14.027	8.300
24/12/1997	0.000	7.070	7.750	15.125	8.300
25/12/1997	0.000	7.645	7.321	15.661	8.500
26/12/1997	0.000	8.437	6.705	16.420	8.100
27/12/1997	0.000	7.720	6.607	15.286	7.600
28/12/1997	2.238	7.678	7.054	15.518	7.400
29/12/1997	0.000	8.174	6.902	16.134	7.200
30/12/1997	0.000	7.016	8.214	15.357	7.200
31/12/1997	0.437	7.721	8.304	16.402	7.500
01/01/1998	0.000	6.629	8.036	14.634	7.400
02/01/1998	0.000	8.392	6.893	16.420	8.070
03/01/1998	0.000	7.485	5.545	14.196	7.090
04/01/1998	0.000	6.760	7.795	14.643	7.400
05/01/1998	0.000	6.928	7.750	14.839	7.610
06/01/1998	2.538	8.170	8.348	17.000	7.400
07/01/1998	12.189	7.574	8.179	16.045	7.620
08/01/1998	21.565	6.469	8.893	15.009	10.720
09/01/1998	0.000	7.492	7.062	15.143	8.300
10/01/1998	0.000	6.287	8.973	14.786	8.530
11/01/1998	0.000	6.375	9.536	15.339	7.850
12/01/1998	0.000	6.583	9.402	15.500	7.400
13/01/1998	1.564	6.842	9.080	15.571	7.620
14/01/1998	0.000	6.495	7.598	14.000	7.170
15/01/1998	0.000	5.384	8.938	13.482	12.630
16/01/1998	0.000	7.681	8.384	16.205	8.360
17/01/1998	0.000	7.359	8.545	15.857	7.620
18/01/1998	0.000	7.686	7.884	15.866	7.170
19/01/1998	1.404	7.154	9.214	16.018	7.120
20/01/1998	1.239	6.727	9.241	15.446	7.650
21/01/1998	1.765	5.240	9.857	13.964	7.170
22/01/1998	1.233	8.428	7.598	16.652	6.720
23/01/1998	0.000	7.722	9.036	16.607	6.150
24/01/1998	0.000	8.138	6.723	15.607	5.620
25/01/1998	0.000	8.365	6.938	16.054	5.690
26/01/1998	0.000	8.105	6.696	15.509	5.450
27/01/1998	0.000	8.533	7.875	16.866	5.450
28/01/1998	0.000	8.343	7.607	16.411	5.450
29/01/1998	0.000	7.805	7.295	15.438	5.870
30/01/1998	0.000	8.088	7.946	16.232	5.620
31/01/1998	0.000	7.577	8.116	15.643	5.450
01/02/1998	0.000	6.891	9.812	15.911	5.450
02/02/1998	0.000	7.302	10.071	16.634	5.450
03/02/1998	0.303	7.947	9.179	16.812	5.620
04/02/1998	0.000	6.986	8.161	14.786	5.270
05/02/1998	1.809	7.695	9.366	16.580	5.360
06/02/1998	0.000	7.562	9.027	16.134	5.610
07/02/1998	7.284	8.648	9.732	18.107	5.960
08/02/1998	1.593	6.673	8.179	14.339	8.370
09/02/1998	18.652	6.618	9.036	14.902	29.730
10/02/1998	32.722	6.053	9.134	14.232	19.700
11/02/1998	18.461	5.355	9.438	13.554	18.560
12/02/1998	17.567	5.807	8.438	13.339	13.410
13/02/1998	0.000	8.007	8.304	16.152	11.260
14/02/1998	0.000	7.333	9.277	15.938	12.310
15/02/1998	0.000	7.334	8.741	15.536	18.120
16/02/1998	0.000	8.796	8.009	16.973	21.140
17/02/1998	0.000	10.273	6.795	18.179	13.430
18/02/1998	13.041	9.140	8.402	17.643	10.560
19/02/1998	0.000	7.147	8.366	14.938	8.730
20/02/1998	3.681	7.530	8.714	15.696	9.330
21/02/1998	0.000	7.242	9.259	15.696	8.070
22/02/1998	0.000	5.920	9.554	14.223	7.170
23/02/1998	0.000	8.647	7.741	16.464	6.720
24/02/1998	0.000	7.376	8.929	15.580	7.320
25/02/1998	0.000	6.868	8.616	14.705	7.300
26/02/1998	0.000	8.518	7.893	16.339	6.720
27/02/1998	0.000	8.260	8.607	16.482	6.300
28/02/1998	0.406	7.015	8.205	14.536	5.970
01/03/1998	0.000	7.549	8.545	15.491	5.800
02/03/1998	0.000	7.670	9.107	16.027	7.320
03/03/1998	1.245	6.943	8.920	14.973	6.500
04/03/1998	7.289	6.518	9.455	14.812	6.320
05/03/1998	2.165	5.581	9.036	13.321	6.150
06/03/1998	0.000	8.444	9.348	17.170	6.370
07/03/1998	0.000	5.302	9.482	13.339	7.120
08/03/1998	0.000	6.661	8.482	14.232	9.620
09/03/1998	0.000	10.026	7.384	17.893	11.990
10/03/1998	0.000	8.384	8.643	16.545	11.080
11/03/1998	4.456	10.303	7.402	18.304	9.650
12/03/1998	0.000	7.727	7.982	15.250	10.550
13/03/1998	0.000	6.596	9.080	14.580	8.750
14/03/1998	4.982	7.436	7.152	14.259	7.630
15/03/1998	7.358	6.766	8.955	14.679	10.800
16/03/1998	0.000	8.907	9.098	17.536	8.750
17/03/1998	0.190	5.657	9.232	13.518	8.070
18/03/1998	0.000	7.730	7.795	15.080	8.070
19/03/1998	0.000	7.976	7.312	15.107	8.300
20/03/1998	8.296	7.209	7.991	14.536	7.400
21/03/1998	0.000	7.872	8.071	15.473	7.400
22/03/1998	0.000	6.391	8.893	14.152	7.400
23/03/1998	0.706	6.216	9.152	14.143	8.520
24/03/1998	7.515	7.522	8.688	15.464	10.550
25/03/1998	12.910	9.030	9.491	17.946	10.770
26/03/1998	5.357	5.898	10.080	14.527	8.980
27/03/1998	24.390	7.645	8.991	15.830	9.420
28/03/1998	0.000	5.745	9.045	13.500	12.250
29/03/1998	35.853	5.370	9.571	13.482	59.650
30/03/1998	2.028	6.077	9.125	13.973	26.370
31/03/1998	18.715	6.500	9.554	14.830	41.910
01/04/1998	14.473	8.380	8.812	16.688	33.450
02/04/1998	5.113	5.331	9.562	13.429	32.830
03/04/1998	1.852	6.914	9.652	15.438	27.600
04/04/1998	9.235	7.743	9.107	16.089	68.180
05/04/1998	12.010	6.139	8.902	13.902	46.960
06/04/1998	3.863	5.371	9.562	13.491	32.500
07/04/1998	6.665	7.669	9.420	16.223	33.990
08/04/1998	8.743	6.400	9.071	14.375	32.720
09/04/1998	8.135	7.059	9.357	15.429	25.260
10/04/1998	3.075	8.427	8.741	16.741	17.100
11/04/1998	0.000	5.985	8.964	13.786	16.290
12/04/1998	2.164	5.356	8.857	12.973	18.380
13/04/1998	20.036	5.044	9.179	12.839	27.080
14/04/1998	2.164	7.981	8.830	16.286	33.620
15/04/1998	4.186	6.801	9.304	15.116	22.890
16/04/1998	0.000	7.245	9.929	16.134	26.720
17/04/1998	25.366	7.202	9.643	15.902	30.420
18/04/1998	8.412	5.791	9.482	14.009	26.540
19/04/1998	9.027	6.753	9.759	15.446	34.210
20/04/1998	12.042	6.942	9.446	15.455	60.690
21/04/1998	0.259	7.122	10.304	16.312	59.950
22/04/1998	7.603	5.969	9.464	14.250	48.810
23/04/1998	16.063	5.731	9.714	14.179	50.810
24/04/1998	7.231	4.834	9.562	12.973	43.330
25/04/1998	0.000	8.378	9.321	17.286	35.380
26/04/1998	7.283	5.692	8.839	13.455	23.260
27/04/1998	0.000	8.546	8.705	17.116	20.540
28/04/1998	0.000	7.532	9.259	16.188	25.300
29/04/1998	13.352	6.705	9.482	15.268	21.660
30/04/1998	5.937	5.665	9.661	14.116	18.090
01/05/1998	2.508	4.183	9.634	12.348	16.710
02/05/1998	26.764	6.853	9.259	15.366	29.900
03/05/1998	11.912	4.395	9.375	12.384	31.530
04/05/1998	27.479	3.713	9.027	11.357	51.830
05/05/1998	12.486	8.102	8.268	16.348	42.300
06/05/1998	18.942	5.028	9.616	13.384	33.750
07/05/1998	3.109	6.736	8.821	14.938	26.550
08/05/1998	1.096	6.793	8.946	15.116	35.460
09/05/1998	6.986	5.731	9.616	14.277	50.040
10/05/1998	4.111	5.579	8.902	13.527	40.450
11/05/1998	0.734	6.695	9.393	15.357	32.140
12/05/1998	1.354	5.437	9.027	13.482	32.400
13/05/1998	0.845	7.545	8.580	15.955	30.340
14/05/1998	0.000	6.358	8.688	14.429	20.590
15/05/1998	12.350	5.027	10.196	13.902	21.740
16/05/1998	4.083	5.234	9.518	13.634	19.630
17/05/1998	1.516	4.742	9.571	13.080	19.230
18/05/1998	3.375	5.642	9.036	13.812	30.940
19/05/1998	0.000	7.186	7.518	14.804	19.830
20/05/1998	0.000	8.062	8.562	16.741	15.540
21/05/1998	0.000	8.465	6.732	16.116	13.500
22/05/1998	0.000	5.441	8.089	12.839	12.500
23/05/1998	2.086	6.356	8.179	14.143	11.790
24/05/1998	5.325	5.987	9.607	14.750	17.500
25/05/1998	3.496	6.735	9.607	15.741	26.100
26/05/1998	0.000	5.699	9.723	14.473	31.420
27/05/1998	12.473	6.386	9.152	14.973	46.190
28/05/1998	13.526	5.772	9.304	14.268	42.190
29/05/1998	30.108	5.589	8.179	13.179	74.330
30/05/1998	3.189	7.081	8.089	15.214	50.710
31/05/1998	0.000	5.358	8.455	13.098	41.330
01/06/1998	15.313	5.695	8.223	13.375	62.690
02/06/1998	4.374	4.825	8.750	12.643	49.530
03/06/1998	2.832	4.087	8.545	11.562	68.800
04/06/1998	0.000	5.873	8.089	13.545	61.100
05/06/1998	0.000	5.867	8.286	13.688	53.240
06/06/1998	0.000	4.641	8.839	12.491	40.890
07/06/1998	0.000	5.179	8.848	13.205	28.140
08/06/1998	0.000	5.544	9.554	14.241	34.340
09/06/1998	0.000	6.702	8.795	15.241	51.810
10/06/1998	0.000	6.307	9.107	14.938	41.120
11/06/1998	0.000	6.905	7.598	14.696	29.300
12/06/1998	0.000	6.524	8.589	14.875	34.340
13/06/1998	0.000	6.120	8.670	14.366	31.000
14/06/1998	0.000	5.747	7.812	13.205	22.830
15/06/1998	8.290	3.888	8.429	11.250	39.110
16/06/1998	0.000	5.891	7.848	13.455	39.120
17/06/1998	0.000	5.971	7.598	13.393	32.230
18/06/1998	0.000	7.666	7.223	15.562	24.090
19/06/1998	2.469	5.839	7.571	13.179	20.290
20/06/1998	0.993	6.996	7.116	14.518	21.880
21/06/1998	5.980	4.737	7.750	11.804	38.670
22/06/1998	13.009	6.123	7.348	13.420	59.630
23/06/1998	9.622	5.488	7.179	12.384	41.800
24/06/1998	0.000	6.277	8.286	14.321	37.220
25/06/1998	0.000	5.878	7.786	13.393	26.830
26/06/1998	7.155	7.014	8.500	15.518	25.210
27/06/1998	0.000	5.892	8.580	14.009	50.360
28/06/1998	1.478	5.828	7.509	13.116	65.910
29/06/1998	4.597	5.982	7.527	13.348	63.900
30/06/1998	0.000	6.885	6.607	14.009	43.180
01/07/1998	0.000	6.322	5.580	12.446	25.790
02/07/1998	0.000	6.473	7.080	13.714	21.520
03/07/1998	0.000	6.824	7.714	14.670	36.450
04/07/1998	0.433	7.016	7.982	15.116	39.120
05/07/1998	0.000	5.906	8.062	13.625	38.760
06/07/1998	0.000	6.085	8.000	13.830	36.370
07/07/1998	0.000	6.285	7.929	14.027	34.730
08/07/1998	0.988	7.492	7.143	15.196	25.970
09/07/1998	25.588	6.210	7.571	13.652	40.870
10/07/1998	1.040	6.356	7.643	13.929	39.570
11/07/1998	0.000	5.527	7.884	12.929	42.080
12/07/1998	5.010	6.263	8.009	14.062	43.930
13/07/1998	0.000	7.169	7.562	14.991	62.710
14/07/1998	0.000	5.792	6.366	12.143	31.000
15/07/1998	0.000	7.895	6.089	15.036	24.140
16/07/1998	0.000	5.731	6.866	12.393	28.760
17/07/1998	0.895	5.329	7.696	12.482	51.350
18/07/1998	0.000	6.266	6.312	12.750	58.020
19/07/1998	35.800	5.393	6.812	11.875	59.280
20/07/1998	0.000	7.686	6.670	15.054	51.250
21/07/1998	0.000	7.334	6.464	14.384	35.440
22/07/1998	1.048	5.533	6.902	12.098	41.880
23/07/1998	0.000	7.372	6.911	14.705	54.060
24/07/1998	0.000	6.763	6.580	13.607	47.760
25/07/1998	0.000	6.275	7.304	13.402	55.430
26/07/1998	0.000	5.762	6.786	12.286	54.620
27/07/1998	0.000	7.926	5.973	14.830	37.350
28/07/1998	0.000	6.437	7.688	13.875	26.350
29/07/1998	1.524	5.620	7.830	12.848	23.210
30/07/1998	0.000	5.187	7.893	12.330	63.290
31/07/1998	0.000	6.477	7.045	13.429	38.160
01/08/1998	0.000	6.858	7.509	14.295	25.990
02/08/1998	0.000	6.656	7.393	13.920	13.750
03/08/1998	0.000	7.099	6.857	14.143	19.080
04/08/1998	0.000	7.633	6.607	14.723	17.590
05/08/1998	3.651	8.951	8.027	17.473	21.310
06/08/1998	20.278	5.675	8.089	13.045	38.020
07/08/1998	0.000	7.507	7.339	14.991	52.280
08/08/1998	0.000	6.809	7.098	13.839	36.880
09/08/1998	0.000	7.302	6.277	13.938	26.670
10/08/1998	0.000	8.325	6.625	15.607	20.400
11/08/1998	7.832	6.666	7.259	13.705	40.420
12/08/1998	0.000	7.783	6.295	14.598	31.340
13/08/1998	4.563	7.743	6.527	14.688	28.150
14/08/1998	0.000	9.198	5.438	16.018	26.590
15/08/1998	0.000	7.302	7.339	14.598	21.050
16/08/1998	0.000	7.083	7.786	14.607	21.570
17/08/1998	0.000	6.651	7.723	13.955	21.600
18/08/1998	0.000	8.447	6.616	15.652	20.790
19/08/1998	19.439	7.214	6.911	14.107	18.620
20/08/1998	0.000	7.827	7.643	15.464	17.810
21/08/1998	0.000	6.635	8.232	14.241	16.460
22/08/1998	0.000	6.039	8.375	13.580	17.010
23/08/1998	0.000	8.590	5.714	15.196	16.270
24/08/1998	0.000	8.125	7.196	15.500	15.000
25/08/1998	12.163	7.686	7.607	15.161	14.250
26/08/1998	0.000	6.181	7.759	13.259	16.980
27/08/1998	0.626	7.670	7.054	14.741	21.290
28/08/1998	0.000	7.131	6.848	13.848	20.420
29/08/1998	0.000	7.409	6.170	13.768	16.560
30/08/1998	7.662	6.474	6.705	12.848	20.540
31/08/1998	3.656	6.443	7.339	13.277	31.900
01/09/1998	0.000	6.647	7.384	13.554	19.410
02/09/1998	0.000	8.412	6.527	15.357	16.030
03/09/1998	9.473	6.839	8.036	14.250	14.250
04/09/1998	0.000	7.463	6.670	14.125	14.450
05/09/1998	0.000	7.798	5.571	13.848	17.930
06/09/1998	1.771	10.033	5.902	17.152	18.430
07/09/1998	1.730	9.103	6.625	16.321	14.750
08/09/1998	17.192	7.705	7.259	14.821	14.000
09/09/1998	0.000	7.952	7.402	15.277	21.930
10/09/1998	12.619	7.417	8.089	15.009	34.420
11/09/1998	0.000	8.597	6.250	15.366	30.490
12/09/1998	10.324	7.502	6.393	13.938	23.880
13/09/1998	0.818	6.776	7.946	14.062	28.660
14/09/1998	5.181	6.400	7.420	13.188	20.620
15/09/1998	0.000	5.771	7.357	12.321	17.900
16/09/1998	0.000	8.396	6.821	15.438	15.910
17/09/1998	0.000	9.173	7.009	16.607	14.980
18/09/1998	0.819	7.461	6.339	13.857	14.420
19/09/1998	15.760	6.746	7.357	13.580	18.600
20/09/1998	0.000	5.901	8.652	13.455	22.840
21/09/1998	5.164	6.559	7.938	13.768	17.070
22/09/1998	0.000	6.141	7.786	13.098	22.290
23/09/1998	3.158	6.392	7.723	13.384	22.330
24/09/1998	0.000	7.513	8.054	15.098	16.670
25/09/1998	0.000	7.718	7.580	15.045	14.080
26/09/1998	5.711	8.113	7.438	15.464	13.890
27/09/1998	0.000	7.770	7.018	14.750	14.150
28/09/1998	0.000	7.642	6.893	14.500	16.790
29/09/1998	9.703	9.111	6.643	16.321	15.100
30/09/1998	0.000	9.007	7.571	16.777	15.480
01/10/1998	4.756	9.880	5.232	16.509	17.870
02/10/1998	0.000	6.564	8.268	14.036	24.200
03/10/1998	0.000	6.535	7.652	13.545	23.130
04/10/1998	0.000	8.893	6.652	16.054	15.930
05/10/1998	2.323	8.724	8.196	16.866	14.930
06/10/1998	4.473	9.121	7.080	16.652	13.900
07/10/1998	8.520	5.898	8.446	13.366	21.830
08/10/1998	4.751	7.185	8.411	14.991	24.240
09/10/1998	5.033	6.311	8.589	13.991	21.110
10/10/1998	0.000	8.889	6.696	16.152	22.030
11/10/1998	0.000	9.732	6.768	17.339	16.160
12/10/1998	0.000	7.714	7.339	14.973	13.590
13/10/1998	0.000	7.550	6.205	13.982	12.890
14/10/1998	19.896	7.718	6.446	14.429	17.140
15/10/1998	2.654	6.148	8.080	13.455	22.640
16/10/1998	14.687	9.675	6.750	17.375	37.200
17/10/1998	1.439	7.097	7.643	14.438	37.490
18/10/1998	13.441	8.347	7.241	15.893	36.900
19/10/1998	4.966	5.945	8.268	13.393	37.900
20/10/1998	2.624	7.853	7.089	15.098	27.980
21/10/1998	28.167	6.315	8.250	13.875	27.980
22/10/1998	0.000	7.634	8.446	15.777	28.070
23/10/1998	2.410	5.888	8.429	13.455	26.100
24/10/1998	22.183	7.803	7.768	15.589	59.590
25/10/1998	10.249	5.980	7.018	12.571	43.510
26/10/1998	28.629	7.530	6.509	14.366	45.760
27/10/1998	0.000	6.866	5.991	13.089	36.500
28/10/1998	0.000	5.842	7.589	12.804	32.540
29/10/1998	0.000	5.090	8.554	12.625	31.550
30/10/1998	23.975	5.788	8.661	13.598	50.430
31/10/1998	0.000	6.045	9.045	14.241	33.530
01/11/1998	0.000	7.385	6.732	14.375	25.840
02/11/1998	0.000	7.525	7.723	15.277	20.610
03/11/1998	27.847	7.587	6.884	14.812	17.930
04/11/1998	24.045	6.734	8.411	14.723	16.330
05/11/1998	2.110	6.448	8.518	14.429	20.560
06/11/1998	37.876	6.532	7.696	13.955	32.930
07/11/1998	0.000	5.771	7.696	12.938	28.600
08/11/1998	0.000	7.206	6.438	14.080	23.290
09/11/1998	0.951	7.045	7.357	14.473	25.650
10/11/1998	1.838	7.304	7.357	14.848	30.080
11/11/1998	0.000	8.005	7.518	15.973	27.620
12/11/1998	0.000	6.262	7.062	13.214	22.690
13/11/1998	26.613	5.616	7.259	12.455	23.370
14/11/1998	9.664	5.099	7.964	12.304	33.910
15/11/1998	0.000	6.777	8.170	14.750	23.140
16/11/1998	0.000	6.733	8.893	15.232	23.190
17/11/1998	13.259	5.630	8.438	13.393	20.340
18/11/1998	0.000	6.862	9.357	15.759	19.300
19/11/1998	0.000	7.039	8.036	15.071	16.320
20/11/1998	14.778	6.624	7.607	14.196	17.670
21/11/1998	0.000	8.521	6.393	16.161	20.630
22/11/1998	23.400	5.755	7.830	13.170	49.090
23/11/1998	0.000	7.427	7.938	15.643	40.180
24/11/1998	0.000	6.707	8.527	15.027	23.140
25/11/1998	33.964	5.104	7.348	11.929	30.760
26/11/1998	0.000	5.414	7.732	12.688	20.860
27/11/1998	9.688	6.754	7.821	14.616	17.990
28/11/1998	0.000	4.229	7.661	11.018	19.600
29/11/1998	0.781	7.370	7.821	15.509	22.150
30/11/1998	0.000	7.273	7.196	14.964	29.010
01/12/1998	0.000	8.118	8.357	16.955	28.980
02/12/1998	25.280	7.192	7.616	15.161	36.010
03/12/1998	19.637	7.463	7.268	15.312	50.970
04/12/1998	0.415	8.695	6.375	16.571	44.530
05/12/1998	3.303	8.358	7.036	16.500	36.860
06/12/1998	43.347	6.843	6.161	13.670	27.430
07/12/1998	2.743	7.735	6.893	15.500	32.510
08/12/1998	0.471	6.973	7.000	14.473	37.970
09/12/1998	0.000	8.336	7.946	17.098	33.190
10/12/1998	0.000	6.443	7.911	14.321	41.460
11/12/1998	0.000	8.086	7.393	16.384	32.960
12/12/1998	1.634	7.163	7.232	14.902	25.060
13/12/1998	0.000	6.769	7.607	14.589	23.630
14/12/1998	0.000	6.959	8.607	15.589	25.550
15/12/1998	0.000	5.352	8.688	13.411	31.290
16/12/1998	0.000	6.633	7.589	14.411	37.260
17/12/1998	1.462	7.467	6.518	14.893	28.080
18/12/1998	16.388	7.594	6.786	15.250	25.950
19/12/1998	0.000	6.583	7.357	14.161	26.770
20/12/1998	0.732	7.023	6.312	14.062	20.730
21/12/1998	3.609	5.277	6.821	11.875	20.460
22/12/1998	3.263	8.195	5.170	15.143	17.650
23/12/1998	4.882	7.957	5.741	15.134	17.340
24/12/1998	2.991	5.454	7.170	12.393	16.520
25/12/1998	2.223	4.736	7.545	11.679	15.710
26/12/1998	0.000	6.607	6.562	13.607	15.750
27/12/1998	0.000	6.563	7.777	14.438	15.410
28/12/1998	0.000	6.711	7.188	14.205	15.770
29/12/1998	7.970	6.114	6.545	12.884	16.570
30/12/1998	9.190	7.837	6.268	15.241	15.670
31/12/1998	9.658	6.563	7.554	14.232	19.520
01/01/1999	0.000	8.687	6.473	16.625	20.500
02/01/1999	0.000	7.181	7.714	15.232	20.300
03/01/1999	0.000	6.970	7.902	15.036	20.800
04/01/1999	1.125	4.983	7.196	11.688	22.800
05/01/1999	42.890	5.868	8.045	13.562	24.000
06/01/1999	0.000	6.636	8.071	14.661	22.800
07/01/1999	0.000	6.404	8.196	14.411	18.400
08/01/1999	31.587	3.881	8.938	11.670	24.800
09/01/1999	0.000	6.154	7.991	13.902	33.800
10/01/1999	29.675	5.317	7.500	12.366	29.700
11/01/1999	41.534	4.074	7.741	10.884	63.900
12/01/1999	6.100	6.279	6.625	13.062	43.000
13/01/1999	3.101	6.307	7.000	13.357	39.800
14/01/1999	5.200	6.800	6.920	14.036	37.800
15/01/1999	0.000	6.456	7.607	13.982	29.100
16/01/1999	0.000	6.099	6.152	12.438	23.800
17/01/1999	0.000	8.269	5.866	15.411	22.700
18/01/1999	0.000	7.706	5.473	14.304	25.900
19/01/1999	29.524	7.264	6.384	14.232	23.200
20/01/1999	13.095	6.226	7.902	13.804	22.900
21/01/1999	15.313	5.604	7.982	13.000	23.600
22/01/1999	0.000	5.540	8.455	13.277	27.000
23/01/1999	0.000	6.029	6.750	12.652	35.200
24/01/1999	0.000	6.367	7.670	13.795	46.600
25/01/1999	0.000	5.772	7.786	13.036	38.900
26/01/1999	9.856	5.183	8.616	12.893	47.700
27/01/1999	5.797	7.054	7.741	14.750	39.600
28/01/1999	0.000	5.961	8.125	13.491	34.400
29/01/1999	0.000	6.173	7.786	13.527	34.600
30/01/1999	0.000	6.661	8.250	14.509	28.700
31/01/1999	0.000	7.808	6.848	15.125	24.100
01/02/1999	16.340	7.677	8.304	15.911	23.500
02/02/1999	17.063	6.295	7.438	13.393	24.900
03/02/1999	0.000	7.538	7.759	15.312	27.000
04/02/1999	2.614	5.344	8.000	12.500	46.500
05/02/1999	11.666	5.139	7.634	11.938	37.300
06/02/1999	1.041	6.044	7.750	13.223	33.600
07/02/1999	24.843	5.702	7.446	12.509	43.900
08/02/1999	0.000	7.183	6.705	14.000	36.000
09/02/1999	0.000	5.798	7.902	12.973	27.200
10/02/1999	6.026	4.095	8.509	11.330	27.900
11/02/1999	7.422	5.527	7.696	12.438	44.400
12/02/1999	0.000	6.615	6.938	13.330	31.900
13/02/1999	7.114	5.275	7.866	12.214	31.100
14/02/1999	0.000	5.831	7.009	12.304	26.500
15/02/1999	14.008	5.176	7.170	11.554	28.100
16/02/1999	0.000	6.460	7.545	13.518	37.000
17/02/1999	37.924	4.955	7.366	11.384	72.600
18/02/1999	14.777	6.392	7.000	13.009	59.400
19/02/1999	7.865	5.545	7.071	11.902	53.300
20/02/1999	25.748	4.136	7.000	10.045	81.300
21/02/1999	0.000	6.232	6.670	12.527	61.000
22/02/1999	30.576	5.982	7.411	12.696	71.100
23/02/1999	0.000	6.507	7.366	13.330	59.900
24/02/1999	27.502	8.001	6.750	14.946	104.400
25/02/1999	14.701	6.462	7.062	13.027	102.100
26/02/1999	0.000	7.826	7.295	15.027	67.900
27/02/1999	7.604	7.043	6.580	13.473	51.500
28/02/1999	24.755	6.452	7.402	13.259	50.400
01/03/1999	28.422	7.292	7.929	14.750	65.600
02/03/1999	1.703	5.820	7.196	12.259	60.600
03/03/1999	0.000	7.596	6.964	14.455	47.900
04/03/1999	0.381	6.982	6.562	13.321	43.900
05/03/1999	2.452	6.311	6.054	12.036	37.800
06/03/1999	11.083	9.165	5.589	15.661	34.300
07/03/1999	0.000	10.368	5.036	16.955	31.700
08/03/1999	1.675	8.974	5.241	15.161	31.100
09/03/1999	11.627	7.574	6.634	14.134	31.200
10/03/1999	0.000	5.205	7.027	11.268	30.500
11/03/1999	7.359	6.121	7.598	12.893	28.000
12/03/1999	5.254	5.247	8.054	12.143	26.400
13/03/1999	4.708	5.077	8.312	12.134	24.900
14/03/1999	0.000	8.032	7.393	15.232	24.800
15/03/1999	0.254	6.731	7.696	13.732	27.900
16/03/1999	0.930	7.162	7.473	14.143	29.900
17/03/1999	0.000	8.187	7.241	15.339	28.900
18/03/1999	23.925	6.062	7.598	12.804	43.400
19/03/1999	8.547	6.447	7.098	12.911	51.200
20/03/1999	17.486	8.318	7.545	15.723	62.900
21/03/1999	11.101	6.428	6.750	12.670	47.800
22/03/1999	2.603	7.430	7.232	14.321	37.900
23/03/1999	0.000	7.088	7.339	13.946	36.800
24/03/1999	0.617	7.438	6.964	14.143	34.900
25/03/1999	8.044	7.641	7.955	15.107	32.500
26/03/1999	2.110	7.449	7.991	14.893	32.000
27/03/1999	13.886	5.233	8.527	12.473	30.600
28/03/1999	9.596	7.548	8.152	15.143	36.900
29/03/1999	1.710	6.931	8.312	14.446	56.200
30/03/1999	1.504	7.950	7.464	15.170	45.300
31/03/1999	10.279	6.610	7.973	13.768	35.900
01/04/1999	23.378	7.544	7.750	14.848	31.600
02/04/1999	12.989	6.968	8.304	14.482	30.200
03/04/1999	6.702	4.654	8.098	11.464	30.300
04/04/1999	5.136	6.749	7.848	13.893	30.300
05/04/1999	15.121	6.714	6.866	13.143	52.900
06/04/1999	3.703	7.271	7.393	14.268	43.300
07/04/1999	4.925	6.365	7.902	13.438	37.400
08/04/1999	2.665	7.021	7.554	14.062	36.500
09/04/1999	28.038	5.475	7.866	12.304	43.200
10/04/1999	32.258	3.897	7.750	10.330	62.200
11/04/1999	0.000	6.790	6.848	13.286	73.800
12/04/1999	0.000	4.677	8.089	11.509	49.200
13/04/1999	0.000	6.610	7.848	13.786	46.400
14/04/1999	0.000	6.058	8.241	13.375	48.000
15/04/1999	0.000	6.442	6.938	12.920	54.400
16/04/1999	0.000	7.267	7.777	14.625	52.600
17/04/1999	0.000	8.888	5.857	15.554	41.300
18/04/1999	5.077	7.097	7.402	14.170	35.900
19/04/1999	0.000	4.807	7.884	11.562	33.600
20/04/1999	0.000	5.482	7.277	11.964	59.600
21/04/1999	0.000	5.720	6.696	11.839	55.800
22/04/1999	0.000	7.711	6.616	14.500	58.300
23/04/1999	3.441	6.018	7.991	13.214	68.400
24/04/1999	18.725	4.843	8.125	11.839	57.600
25/04/1999	0.000	6.101	7.295	12.830	47.900
26/04/1999	0.000	5.818	7.000	12.232	40.700
27/04/1999	11.168	3.939	7.152	9.964	58.300
28/04/1999	5.027	6.157	6.527	12.402	49.300
29/04/1999	0.000	6.012	7.259	12.723	46.400
30/04/1999	25.472	3.181	8.000	9.857	40.600
01/05/1999	0.000	6.140	7.339	13.000	42.200
02/05/1999	0.000	4.887	7.652	11.580	39.900
03/05/1999	14.620	4.655	7.339	11.045	43.300
04/05/1999	28.553	5.996	7.045	12.607	42.400
05/05/1999	1.682	6.014	7.277	12.804	39.000
06/05/1999	13.310	5.772	7.089	12.357	46.400
07/05/1999	7.546	5.967	8.036	13.339	40.900
08/05/1999	8.444	5.984	7.473	12.964	41.100
09/05/1999	1.882	5.465	7.304	12.134	39.600
10/05/1999	6.289	5.487	6.884	11.857	42.900
11/05/1999	22.033	4.884	7.188	11.321	44.100
12/05/1999	0.000	5.555	7.134	12.161	46.700
13/05/1999	14.079	4.390	7.223	10.723	61.800
14/05/1999	3.859	6.492	7.268	13.589	52.800
15/05/1999	0.000	5.324	8.286	12.777	45.700
16/05/1999	0.000	7.170	7.527	14.723	41.400
17/05/1999	0.000	6.012	6.455	12.357	35.900
18/05/1999	9.198	5.617	6.839	12.098	32.800
19/05/1999	0.108	5.776	7.393	12.741	34.100
20/05/1999	0.000	4.194	7.714	10.911	70.700
21/05/1999	0.000	6.133	6.929	12.938	51.400
22/05/1999	0.000	4.892	6.786	11.098	44.400
23/05/1999	0.000	6.663	8.304	14.679	41.600
24/05/1999	0.000	6.585	7.179	13.759	38.500
25/05/1999	0.000	6.936	5.777	13.304	34.000
26/05/1999	0.000	5.616	6.946	12.259	30.900
27/05/1999	0.000	6.542	6.054	12.955	28.500
28/05/1999	0.000	5.844	7.080	12.688	27.000
29/05/1999	0.000	5.682	8.277	13.375	49.500
30/05/1999	2.117	7.194	6.670	14.366	40.200
31/05/1999	0.000	6.602	6.821	13.616	33.700
01/06/1999	0.000	6.120	7.750	13.607	29.700
02/06/1999	1.567	6.725	7.205	14.089	53.200
03/06/1999	0.000	6.603	6.241	13.232	49.000
04/06/1999	0.000	4.416	8.143	11.634	35.900
05/06/1999	0.000	6.226	7.607	13.688	49.300
06/06/1999	0.000	6.261	7.205	13.455	45.000
07/06/1999	0.000	7.142	6.580	14.295	36.500
08/06/1999	32.115	5.717	7.464	12.911	56.600
09/06/1999	0.000	7.165	7.268	14.821	48.800
10/06/1999	15.567	7.081	7.098	14.598	44.200
11/06/1999	7.620	5.236	6.812	11.732	37.300
12/06/1999	0.000	6.338	7.589	13.893	34.300
13/06/1999	5.241	4.637	8.036	11.875	34.100
14/06/1999	0.000	5.240	7.348	12.161	43.400
15/06/1999	17.735	5.600	7.580	12.839	40.200
16/06/1999	1.768	6.302	6.232	12.866	38.700
17/06/1999	13.241	5.891	6.964	12.812	43.200
18/06/1999	0.000	5.272	7.455	12.286	33.700
19/06/1999	0.000	6.847	8.134	15.036	30.500
20/06/1999	0.000	6.113	8.116	13.982	41.000
21/06/1999	20.305	5.328	8.402	13.134	44.100
22/06/1999	0.000	6.220	7.661	13.821	43.700
23/06/1999	0.000	5.828	6.188	12.161	37.200
24/06/1999	0.000	6.265	7.107	13.455	33.000
25/06/1999	0.000	6.468	7.214	13.821	34.800
26/06/1999	13.520	6.115	7.393	13.438	34.800
27/06/1999	7.651	4.991	7.161	11.696	35.300
28/06/1999	5.882	6.113	7.330	13.402	44.800
29/06/1999	0.275	6.524	6.625	13.491	44.800
30/06/1999	0.000	5.636	7.491	12.804	36.500
01/07/1999	27.977	5.542	7.759	12.893	32.900
02/07/1999	0.000	6.673	6.982	13.929	33.400
03/07/1999	0.000	6.550	6.714	13.562	38.500
04/07/1999	0.599	7.431	6.580	14.768	40.600
05/07/1999	0.000	7.421	4.982	13.688	29.900
06/07/1999	16.359	6.259	7.170	13.464	27.000
07/07/1999	0.000	4.393	6.670	10.446	29.700
08/07/1999	0.000	6.821	5.134	12.875	34.400
09/07/1999	0.000	6.836	6.420	13.750	29.000
10/07/1999	0.000	8.396	3.768	14.393	25.200
11/07/1999	0.000	7.995	3.223	13.429	22.800
12/07/1999	0.000	7.551	5.277	14.018	21.500
13/07/1999	0.000	7.258	5.473	13.696	21.200
14/07/1999	0.000	8.483	5.393	15.473	21.000
15/07/1999	0.000	7.760	5.179	14.223	21.500
16/07/1999	0.546	7.198	6.696	14.393	22.900
17/07/1999	0.000	6.340	6.134	12.741	20.400
18/07/1999	0.000	7.282	7.304	14.911	19.600
19/07/1999	0.000	6.172	6.562	12.777	19.000
20/07/1999	0.000	7.029	7.446	14.616	18.500
21/07/1999	0.000	5.172	7.491	12.045	21.300
22/07/1999	0.000	6.840	5.795	13.179	22.300
23/07/1999	0.000	7.346	6.688	14.518	30.100
24/07/1999	0.000	6.703	6.795	13.670	49.500
25/07/1999	0.000	7.058	7.500	14.652	42.900
26/07/1999	0.000	7.955	6.009	14.920	34.300
27/07/1999	0.000	6.913	7.473	14.384	41.100
28/07/1999	0.000	6.947	7.366	14.348	60.600
29/07/1999	0.000	6.904	6.821	13.929	69.300
30/07/1999	0.000	6.123	6.580	12.607	53.100
31/07/1999	0.000	6.289	6.821	13.027	43.900
01/08/1999	0.000	4.776	6.964	11.018	53.700
02/08/1999	0.000	5.495	6.679	11.768	37.500
03/08/1999	0.000	6.192	6.777	12.804	30.100
04/08/1999	0.000	6.538	5.643	12.482	26.300
05/08/1999	0.000	7.998	6.027	14.830	23.600
06/08/1999	0.000	8.737	6.330	16.045	23.200
07/08/1999	0.000	7.571	7.134	14.938	23.300
08/08/1999	11.188	4.544	7.830	11.384	52.400
09/08/1999	0.000	5.134	7.438	11.795	61.300
10/08/1999	0.000	7.648	6.929	14.857	45.300
11/08/1999	0.000	7.312	6.312	13.955	28.500
12/08/1999	0.000	8.152	4.786	14.134	31.100
13/08/1999	0.000	8.241	6.679	15.464	37.300
14/08/1999	0.496	7.824	6.464	14.723	43.800
15/08/1999	0.000	5.987	6.688	12.321	55.400
16/08/1999	0.000	5.974	7.232	12.750	43.100
17/08/1999	0.000	9.423	4.589	15.777	35.400
18/08/1999	0.000	8.656	4.411	14.545	28.200
19/08/1999	0.000	8.649	6.018	15.527	24.800
20/08/1999	0.000	7.632	5.286	13.598	22.100
21/08/1999	0.000	6.316	7.357	13.170	21.200
22/08/1999	0.000	8.046	6.330	14.830	22.000
23/08/1999	0.000	8.419	7.018	15.804	22.400
24/08/1999	2.904	5.169	7.982	12.134	20.600
25/08/1999	0.000	7.569	7.705	15.062	20.100
26/08/1999	37.028	6.495	7.804	13.696	20.500
27/08/1999	0.000	6.174	7.821	13.268	21.800
28/08/1999	0.598	7.866	7.134	15.054	19.800
29/08/1999	0.000	8.684	6.527	15.768	20.700
30/08/1999	0.000	7.850	6.821	14.804	19.600
31/08/1999	0.000	8.455	6.027	15.098	19.000
01/09/1999	0.000	7.508	7.232	14.589	19.100
02/09/1999	6.008	6.872	7.277	13.777	28.300
03/09/1999	5.153	7.964	7.009	15.036	26.200
04/09/1999	0.000	6.789	7.866	14.054	24.400
05/09/1999	12.541	7.153	6.848	13.821	26.700
06/09/1999	0.000	7.634	6.161	14.000	28.000
07/09/1999	0.000	8.658	7.643	16.375	26.100
08/09/1999	13.425	8.607	7.241	16.036	29.600
09/09/1999	7.199	8.340	6.509	15.205	31.200
10/09/1999	21.827	7.669	6.768	14.464	42.500
11/09/1999	8.921	7.681	6.830	14.509	53.900
12/09/1999	12.774	8.057	7.000	15.125	34.000
13/09/1999	1.355	7.687	7.045	14.634	30.900
14/09/1999	14.046	5.923	6.866	12.179	37.500
15/09/1999	4.881	7.648	6.509	14.232	31.300
16/09/1999	7.238	8.557	7.009	15.812	27.700
17/09/1999	2.064	6.360	7.884	13.473	47.900
18/09/1999	3.540	7.056	6.571	13.446	43.900
19/09/1999	6.755	6.225	7.080	12.705	28.900
20/09/1999	3.816	6.896	7.902	14.179	25.500
21/09/1999	0.466	7.242	7.741	14.527	43.700
22/09/1999	8.284	6.272	6.964	12.670	33.100
23/09/1999	12.048	6.867	7.214	13.670	52.900
24/09/1999	1.994	8.144	6.580	14.946	39.300
25/09/1999	17.608	6.372	7.098	12.929	31.100
26/09/1999	7.819	7.331	6.438	13.759	34.400
27/09/1999	25.821	6.967	6.571	13.366	57.500
28/09/1999	1.417	4.761	7.018	10.786	48.500
29/09/1999	10.356	6.525	5.643	12.116	47.200
30/09/1999	0.409	7.800	5.759	13.964	38.500
01/10/1999	10.059	7.978	6.196	14.509	46.400
02/10/1999	22.144	6.249	5.973	11.982	41.800
03/10/1999	0.000	7.394	6.893	14.179	35.200
04/10/1999	0.000	6.477	7.304	13.277	36.200
05/10/1999	1.145	7.646	4.982	13.277	31.600
06/10/1999	9.101	5.510	6.348	11.259	27.300
07/10/1999	13.376	6.916	6.286	13.143	27.400
08/10/1999	0.000	6.292	7.000	12.821	24.500
09/10/1999	0.000	4.842	7.241	11.107	23.200
10/10/1999	2.626	7.890	7.232	15.134	25.000
11/10/1999	0.000	6.348	6.518	12.536	25.900
12/10/1999	21.940	6.966	6.598	13.446	28.500
13/10/1999	0.000	6.188	7.080	12.768	50.100
14/10/1999	0.000	6.944	6.366	13.295	46.600
15/10/1999	0.000	7.280	4.920	12.795	35.000
16/10/1999	0.000	6.638	7.054	13.366	28.000
17/10/1999	0.000	7.554	6.286	14.125	27.000
18/10/1999	0.000	7.059	6.518	13.607	29.600
19/10/1999	23.552	6.324	6.196	12.402	33.700
20/10/1999	0.000	6.563	6.714	13.071	27.200
21/10/1999	0.000	8.392	6.750	15.643	23.400
22/10/1999	0.000	5.828	8.357	13.321	21.800
23/10/1999	16.968	7.107	7.205	14.214	25.400
24/10/1999	0.000	8.456	7.634	16.384	40.600
25/10/1999	20.570	5.123	7.723	11.964	44.600
26/10/1999	0.000	6.926	7.089	13.920	38.200
27/10/1999	35.164	4.464	8.196	11.509	31.500
28/10/1999	23.312	5.541	7.348	12.250	43.100
29/10/1999	7.892	7.306	7.670	14.902	42.100
30/10/1999	21.549	6.422	6.661	12.982	75.700
31/10/1999	0.000	7.807	7.152	15.277	44.900
01/11/1999	0.000	7.694	6.929	14.973	33.000
02/11/1999	0.000	7.289	8.848	15.750	33.600
03/11/1999	30.777	7.136	8.223	15.107	40.700
04/11/1999	8.363	7.103	8.902	15.580	36.800
05/11/1999	0.000	6.434	8.277	14.223	34.200
06/11/1999	0.000	6.165	7.670	13.420	29.400
07/11/1999	9.541	5.044	7.625	11.893	26.000
08/11/1999	0.000	6.381	7.625	13.723	26.700
09/11/1999	0.000	7.068	8.116	15.018	26.700
10/11/1999	0.000	6.108	7.562	13.321	23.700
11/11/1999	19.577	5.836	8.786	13.893	22.700
12/11/1999	0.456	4.192	7.866	11.045	36.000
13/11/1999	0.000	6.678	7.688	14.241	34.400
14/11/1999	0.000	7.515	7.866	15.554	27.700
15/11/1999	14.491	5.690	7.598	12.848	25.500
16/11/1999	1.778	7.211	6.955	14.545	23.400
17/11/1999	0.000	6.136	7.054	13.071	26.900
18/11/1999	65.526	5.794	7.509	12.946	51.300
19/11/1999	1.914	5.600	7.009	12.339	49.900
20/11/1999	2.658	7.214	6.232	14.116	36.400
21/11/1999	11.069	7.318	7.277	15.000	28.700
22/11/1999	26.877	5.880	7.134	12.848	30.000
23/11/1999	19.880	6.924	7.000	14.250	36.500
24/11/1999	14.904	5.793	6.741	12.438	40.100
25/11/1999	6.356	5.110	6.464	11.277	41.600
26/11/1999	0.000	6.146	7.152	13.241	31.500
27/11/1999	0.000	5.758	5.830	11.768	39.900
28/11/1999	3.333	6.925	5.089	13.009	38.900
29/11/1999	0.000	8.157	5.152	14.938	30.900
30/11/1999	11.035	7.198	5.679	13.857	27.300
01/12/1999	0.000	5.991	7.679	13.473	46.100
02/12/1999	1.441	5.699	7.652	13.054	41.800
03/12/1999	8.616	6.248	7.455	13.688	44.600
04/12/1999	4.616	7.304	7.955	15.589	34.900
05/12/1999	65.900	6.665	8.116	14.768	32.900
06/12/1999	10.159	6.683	7.964	14.696	30.600
07/12/1999	0.000	6.358	7.955	14.241	31.200
08/12/1999	0.000	6.699	7.964	14.741	36.200
09/12/1999	0.000	6.667	8.000	14.723	31.400
10/12/1999	0.000	6.833	8.321	15.170	28.400
11/12/1999	0.000	6.954	7.804	14.991	27.700
12/12/1999	51.814	6.579	8.366	14.857	27.600
13/12/1999	0.000	6.117	8.125	14.045	36.300
14/12/1999	0.000	5.521	6.875	12.268	31.300
15/12/1999	0.000	6.063	8.116	13.938	27.800
16/12/1999	0.000	5.738	7.420	12.973	27.200
17/12/1999	23.501	5.921	8.062	13.723	26.900
18/12/1999	0.000	6.669	7.402	14.312	28.100
19/12/1999	14.923	7.180	6.375	14.357	26.000
20/12/1999	0.000	6.283	7.750	14.000	25.900
21/12/1999	20.301	6.959	7.875	15.071	24.000
22/12/1999	0.000	5.503	8.848	13.714	28.000
23/12/1999	0.000	6.067	6.830	13.027	25.400
24/12/1999	0.000	5.807	8.018	13.527	24.400
25/12/1999	0.000	6.370	7.554	14.018	31.100
26/12/1999	0.000	6.807	5.580	13.321	25.800
27/12/1999	0.000	7.836	5.554	14.795	24.100
28/12/1999	0.000	7.150	6.045	14.089	23.900
29/12/1999	0.000	8.251	4.643	14.839	23.500
30/12/1999	0.000	8.404	4.821	15.188	21.800
31/12/1999	0.000	8.592	4.929	15.518	20.700
01/01/2000	0.000	7.288	7.812	15.446	19.500
02/01/2000	0.000	6.830	7.812	14.795	19.600
03/01/2000	1.474	7.233	7.625	15.223	18.700
04/01/2000	1.730	6.537	7.277	13.955	20.600
05/01/2000	3.766	6.660	7.116	14.036	19.700
06/01/2000	5.872	6.462	6.973	13.634	18.800
07/01/2000	0.000	4.034	7.429	10.607	20.000
08/01/2000	3.982	6.940	6.580	14.071	26.900
09/01/2000	4.973	7.871	6.027	15.045	36.300
10/01/2000	0.203	6.933	7.036	14.321	35.900
11/01/2000	4.113	6.865	6.884	14.107	35.900
12/01/2000	0.000	7.195	6.473	14.295	33.700
13/01/2000	0.000	7.688	5.750	14.527	27.300
14/01/2000	0.000	8.052	5.973	15.188	23.100
15/01/2000	6.794	6.552	6.759	13.518	21.500
16/01/2000	9.280	6.348	7.241	13.554	23.500
17/01/2000	4.294	6.744	7.161	14.089	29.700
18/01/2000	0.000	6.970	7.509	14.607	37.600
19/01/2000	0.000	7.149	6.223	13.955	29.200
20/01/2000	0.000	5.687	7.848	13.036	25.500
21/01/2000	2.896	5.750	8.884	13.893	37.000
22/01/2000	0.000	6.668	8.179	14.589	34.000
23/01/2000	0.000	7.861	6.830	15.321	26.600
24/01/2000	0.000	7.515	7.125	15.009	22.600
25/01/2000	13.409	7.438	7.438	15.098	21.600
26/01/2000	0.000	6.319	7.750	13.786	21.300
27/01/2000	0.000	6.619	7.286	13.830	21.600
28/01/2000	66.338	8.110	5.911	15.000	21.200
29/01/2000	3.050	6.625	7.938	14.277	23.700
30/01/2000	4.481	6.414	7.411	13.607	24.000
31/01/2000	17.672	6.068	7.071	12.848	35.400
01/02/2000	0.000	6.660	6.839	13.509	35.000
02/02/2000	0.000	6.136	5.670	11.884	39.700
03/02/2000	0.000	7.526	7.304	14.982	35.000
04/02/2000	0.000	7.041	7.527	14.429	31.500
05/02/2000	0.000	7.553	6.214	14.277	26.600
06/02/2000	0.000	7.320	5.589	13.482	24.400
07/02/2000	0.000	8.986	4.125	14.955	22.800
08/02/2000	0.000	8.808	4.848	15.107	22.100
09/02/2000	0.000	9.090	4.357	15.214	21.600
10/02/2000	13.832	8.079	6.393	15.027	28.000
11/02/2000	0.000	7.837	7.571	15.464	22.400
12/02/2000	0.000	7.758	5.670	14.071	22.200
13/02/2000	0.000	9.226	3.982	15.089	21.800
14/02/2000	0.000	8.618	4.179	14.330	21.200
15/02/2000	0.000	6.211	6.857	12.670	21.500
16/02/2000	2.595	6.100	6.768	12.429	21.900
17/02/2000	50.669	4.834	5.196	9.527	26.400
18/02/2000	0.000	6.317	6.330	12.402	32.100
19/02/2000	4.267	6.381	6.411	12.545	32.300
20/02/2000	0.000	6.960	6.446	13.330	32.800
21/02/2000	16.306	7.095	5.884	13.161	34.700
22/02/2000	2.158	6.371	6.286	12.393	40.200
23/02/2000	0.000	7.834	6.920	14.830	37.400
24/02/2000	46.315	6.572	6.848	13.054	55.300
25/02/2000	0.000	6.808	7.741	14.018	59.000
26/02/2000	6.048	7.367	7.384	14.500	49.800
27/02/2000	5.887	7.176	7.598	14.357	56.000
28/02/2000	22.006	7.469	6.973	14.312	117.800
29/02/2000	11.687	7.407	7.161	14.357	58.100
01/03/2000	4.291	6.306	7.446	13.071	42.000
02/03/2000	14.525	5.331	8.152	12.348	40.900
03/03/2000	4.262	6.375	8.598	14.000	35.700
04/03/2000	0.120	7.439	6.661	14.018	40.600
05/03/2000	0.496	6.542	7.393	13.321	32.600
06/03/2000	14.033	6.661	7.268	13.357	30.800
07/03/2000	0.000	7.467	7.295	14.455	30.500
08/03/2000	7.424	7.027	6.955	13.616	31.900
09/03/2000	13.488	7.194	6.714	13.679	31.500
10/03/2000	0.000	7.554	6.705	14.170	48.200
11/03/2000	3.255	7.745	6.768	14.446	35.700
12/03/2000	0.000	6.181	6.893	12.455	29.000
13/03/2000	0.777	7.012	6.125	13.009	31.200
14/03/2000	0.000	7.034	6.821	13.491	28.000
15/03/2000	0.000	7.483	7.402	14.509	27.700
16/03/2000	0.000	9.048	6.054	15.705	25.400
17/03/2000	0.000	8.257	6.661	15.045	22.800
18/03/2000	0.000	8.272	6.384	14.875	21.500
19/03/2000	0.000	8.721	4.643	14.393	20.700
20/03/2000	0.642	6.826	6.393	12.911	28.400
21/03/2000	0.000	6.740	6.500	12.866	24.400
22/03/2000	0.869	6.144	7.241	12.634	22.800
23/03/2000	20.210	6.234	7.286	12.759	22.800
24/03/2000	17.793	7.859	6.839	14.643	39.200
25/03/2000	37.231	4.442	6.893	10.214	84.500
26/03/2000	0.000	6.225	7.134	12.679	53.100
27/03/2000	0.870	6.975	6.875	13.473	41.300
28/03/2000	53.024	6.055	6.893	12.268	64.200
29/03/2000	0.000	7.299	6.473	13.643	51.200
30/03/2000	0.000	7.315	6.670	13.768	44.100
31/03/2000	1.537	7.030	6.830	13.509	41.700
01/04/2000	1.362	6.855	7.705	13.920	42.200
02/04/2000	0.000	8.424	5.161	14.330	41.400
03/04/2000	17.222	5.118	7.679	11.679	37.300
04/04/2000	5.408	6.581	7.339	13.304	44.800
05/04/2000	1.819	5.077	7.054	11.161	45.100
06/04/2000	0.136	7.416	6.357	13.759	42.800
07/04/2000	4.789	5.558	8.116	12.616	40.300
08/04/2000	13.202	7.441	6.643	13.991	32.000
09/04/2000	4.596	8.698	6.179	15.411	39.200
10/04/2000	0.147	7.459	7.170	14.402	34.300
11/04/2000	4.616	6.525	7.259	13.250	29.800
12/04/2000	20.488	5.016	7.321	11.339	28.400
13/04/2000	2.525	7.393	6.723	14.045	45.800
14/04/2000	0.000	6.245	7.205	12.848	48.200
15/04/2000	0.761	7.009	7.214	13.893	44.900
16/04/2000	7.648	5.846	7.357	12.455	48.200
17/04/2000	17.763	5.033	7.562	11.571	60.200
18/04/2000	4.668	8.685	6.357	15.643	52.700
19/04/2000	8.199	7.223	7.446	14.384	58.600
20/04/2000	1.351	6.077	7.991	13.277	44.500
21/04/2000	10.071	6.613	7.607	13.705	32.900
22/04/2000	2.020	7.136	8.241	14.875	28.500
23/04/2000	6.435	5.503	8.205	12.732	46.900
24/04/2000	3.848	4.900	8.411	12.188	44.100
25/04/2000	0.000	6.489	7.402	13.429	47.400
26/04/2000	1.013	5.809	7.821	12.848	44.100
27/04/2000	12.733	7.343	7.348	14.589	41.700
28/04/2000	0.000	5.918	6.991	12.402	45.700
29/04/2000	0.000	6.079	7.696	13.170	58.700
30/04/2000	0.000	6.021	7.545	12.955	51.100
01/05/2000	0.990	5.560	9.054	13.527	39.600
02/05/2000	19.283	8.519	6.545	15.759	38.500
03/05/2000	1.504	6.450	8.893	14.562	36.400
04/05/2000	8.676	4.745	8.330	11.991	72.900
05/05/2000	0.000	6.309	8.107	13.830	58.200
06/05/2000	6.606	5.615	8.116	12.938	47.400
07/05/2000	11.691	6.222	8.286	13.857	41.700
08/05/2000	4.161	5.156	8.455	12.625	42.400
09/05/2000	2.339	5.763	7.536	12.750	36.400
10/05/2000	0.000	5.000	8.500	12.491	57.200
11/05/2000	0.000	6.181	8.482	14.000	45.700
12/05/2000	15.594	6.312	8.545	14.259	55.000
13/05/2000	3.333	6.415	8.357	14.250	45.300
14/05/2000	0.880	6.503	8.188	14.286	49.000
15/05/2000	4.235	4.710	8.205	11.938	48.600
16/05/2000	2.550	7.140	8.714	15.562	55.200
17/05/2000	10.357	6.312	8.312	14.152	47.800
18/05/2000	4.147	6.934	8.884	15.429	50.700
19/05/2000	20.491	5.182	8.134	12.518	56.600
20/05/2000	13.178	7.241	7.500	14.884	51.900
21/05/2000	7.391	5.764	7.652	12.982	41.700
22/05/2000	0.000	7.168	7.268	14.652	77.000
23/05/2000	0.000	5.752	7.938	13.188	59.900
24/05/2000	0.944	7.208	7.589	14.973	61.800
25/05/2000	0.000	5.773	8.464	13.625	50.700
26/05/2000	0.000	6.355	9.152	14.929	48.600
27/05/2000	0.000	6.014	8.759	14.188	57.000
28/05/2000	2.087	5.403	8.304	13.027	55.700
29/05/2000	0.000	5.720	7.857	13.125	55.600
30/05/2000	0.000	4.694	7.562	11.491	53.900
31/05/2000	0.000	5.834	7.688	13.179	62.800
01/06/2000	0.429	5.787	8.295	13.580	45.800
02/06/2000	4.339	6.673	7.482	14.223	55.800
03/06/2000	0.000	6.299	8.732	14.598	45.600
04/06/2000	10.399	6.139	8.339	14.107	50.300
05/06/2000	0.000	6.857	7.946	14.839	53.500
06/06/2000	0.000	6.745	8.750	15.268	28.800
07/06/2000	1.217	6.085	7.330	13.286	39.900
08/06/2000	3.410	5.538	7.643	12.795	39.900
09/06/2000	0.416	6.250	7.848	13.938	33.700
10/06/2000	2.642	6.020	7.830	13.607	40.900
11/06/2000	0.000	7.186	6.795	14.562	38.500
12/06/2000	0.000	5.979	8.134	13.759	34.000
13/06/2000	0.000	6.211	6.304	12.786	36.800
14/06/2000	0.000	7.282	8.152	15.634	35.300
15/06/2000	26.884	5.739	7.839	13.223	37.100
16/06/2000	2.538	6.540	8.384	14.768	85.400
17/06/2000	6.336	5.976	7.777	13.527	56.800
18/06/2000	0.724	6.520	7.393	14.027	49.000
19/06/2000	15.788	6.609	6.580	13.598	42.500
20/06/2000	0.000	6.339	7.527	13.857	39.500
21/06/2000	0.000	7.284	7.268	15.045	38.200
22/06/2000	0.000	6.688	7.339	14.232	46.100
23/06/2000	0.000	5.932	7.536	13.295	46.900
24/06/2000	19.133	4.934	7.518	11.893	57.300
25/06/2000	7.907	6.139	6.795	13.054	66.800
26/06/2000	0.874	5.990	7.679	13.473	41.700
27/06/2000	0.000	7.316	6.848	14.804	54.200
28/06/2000	0.000	7.256	5.714	13.955	41.700
29/06/2000	0.000	6.466	7.839	14.250	34.300
30/06/2000	0.000	6.976	7.170	14.509	30.600
01/07/2000	0.000	7.040	7.152	14.598	29.500
02/07/2000	0.000	7.125	7.607	15.009	28.300
03/07/2000	0.320	6.925	6.955	14.295	35.500
04/07/2000	0.000	7.117	7.759	15.107	39.500
05/07/2000	0.000	5.520	7.982	13.000	41.900
06/07/2000	0.000	6.195	7.045	13.268	39.300
07/07/2000	0.000	5.322	7.312	12.205	40.200
08/07/2000	0.000	7.170	7.402	14.902	34.000
09/07/2000	0.000	7.890	6.446	15.286	29.400
10/07/2000	0.000	7.920	6.750	15.536	26.500
11/07/2000	0.000	7.531	6.286	14.643	25.100
12/07/2000	0.000	7.188	6.679	14.402	25.200
13/07/2000	0.000	7.083	6.866	14.411	33.100
14/07/2000	0.000	5.947	7.205	12.991	41.800
15/07/2000	0.000	6.927	6.679	14.000	45.900
16/07/2000	0.000	8.271	4.464	14.536	42.900
17/07/2000	0.000	7.648	5.616	14.312	35.700
18/07/2000	0.000	8.429	7.054	16.384	35.500
19/07/2000	24.114	7.786	5.723	14.598	39.700
20/07/2000	12.538	7.841	5.366	14.429	38.200
21/07/2000	0.184	6.946	7.152	14.286	40.600
22/07/2000	8.656	7.210	6.366	14.134	44.000
23/07/2000	0.000	7.331	7.036	14.723	34.000
24/07/2000	1.825	6.583	6.679	13.402	30.800
25/07/2000	0.000	4.566	7.170	10.955	30.800
26/07/2000	0.000	6.353	7.884	13.911	41.000
27/07/2000	0.000	5.284	7.134	11.884	38.300
28/07/2000	0.000	6.942	6.723	13.884	39.700
29/07/2000	0.000	5.971	6.330	12.223	46.800
30/07/2000	0.000	7.071	5.098	12.938	45.900
31/07/2000	11.919	7.688	5.902	14.375	40.600
01/08/2000	0.915	6.870	7.393	14.205	35.200
02/08/2000	6.522	7.413	6.304	14.214	36.300
03/08/2000	9.576	6.942	7.045	14.062	47.800
04/08/2000	15.816	6.308	6.232	12.562	55.500
05/08/2000	0.000	7.829	4.357	13.491	47.500
06/08/2000	0.000	7.230	7.107	14.446	42.500
07/08/2000	0.810	6.739	6.696	13.473	36.300
08/08/2000	0.000	7.386	7.027	14.580	41.200
09/08/2000	0.000	6.487	6.652	13.036	43.200
10/08/2000	0.000	8.291	5.830	15.045	57.000
11/08/2000	1.894	7.970	4.929	13.982	49.500
12/08/2000	0.000	8.473	4.750	14.580	40.200
13/08/2000	0.000	8.519	4.321	14.357	32.900
14/08/2000	0.000	6.303	5.973	12.232	30.100
15/08/2000	0.000	8.091	5.161	14.232	29.800
16/08/2000	0.000	7.683	6.464	14.527	47.700
17/08/2000	0.000	7.769	5.643	14.071	54.500
18/08/2000	0.000	7.606	5.964	14.036	52.000
19/08/2000	0.000	8.709	5.982	15.580	51.900
20/08/2000	0.000	8.086	5.411	14.312	40.400
21/08/2000	0.000	8.412	5.071	14.545	35.000
22/08/2000	0.000	7.387	6.705	14.170	32.200
23/08/2000	0.000	7.181	6.902	14.000	32.900
24/08/2000	0.000	7.847	6.259	14.473	37.900
25/08/2000	0.000	8.242	6.875	15.455	71.200
26/08/2000	1.717	8.507	6.696	15.661	72.200
27/08/2000	0.000	7.555	6.857	14.455	43.900
28/08/2000	0.000	8.557	6.616	15.643	66.200
29/08/2000	0.000	8.509	6.911	15.777	52.000
30/08/2000	0.000	9.362	6.339	16.554	48.100
31/08/2000	32.129	7.304	7.696	14.652	37.000
01/09/2000	0.000	7.678	7.062	14.696	37.200
02/09/2000	0.000	8.767	6.339	15.705	34.800
03/09/2000	1.502	7.713	7.786	15.232	33.100
04/09/2000	19.977	5.790	7.009	12.098	58.200
05/09/2000	5.318	6.235	6.804	12.571	52.100
06/09/2000	13.386	7.631	7.696	15.062	47.900
07/09/2000	4.753	7.783	6.170	14.223	49.600
08/09/2000	0.181	8.497	5.991	15.116	41.600
09/09/2000	0.884	8.120	6.089	14.616	35.200
10/09/2000	14.508	6.270	7.125	12.821	35.400
11/09/2000	0.000	8.868	7.723	16.714	34.100
12/09/2000	0.447	7.900	7.500	15.268	33.300
13/09/2000	0.000	7.944	8.384	15.902	28.000
14/09/2000	5.100	7.331	7.527	14.500	28.500
15/09/2000	12.846	7.359	6.321	13.696	39.400
16/09/2000	0.000	8.369	6.214	15.018	31.100
17/09/2000	1.774	6.647	7.089	13.277	28.900
18/09/2000	0.000	6.158	7.393	12.848	29.700
19/09/2000	0.000	8.137	6.161	14.652	27.900
20/09/2000	7.598	6.761	6.982	13.339	26.800
21/09/2000	0.000	7.788	7.348	14.991	25.000
22/09/2000	10.083	6.753	6.955	13.312	32.200
23/09/2000	28.252	6.446	7.080	13.009	46.300
24/09/2000	1.550	7.566	7.536	14.857	47.700
25/09/2000	17.100	7.598	7.714	15.018	43.700
26/09/2000	6.915	5.816	7.786	12.705	49.900
27/09/2000	6.708	7.461	6.491	13.982	37.000
28/09/2000	9.991	6.070	7.223	12.625	52.300
29/09/2000	3.394	5.541	7.482	12.125	36.200
30/09/2000	1.796	7.165	7.223	14.116	35.500
01/10/2000	0.000	7.148	7.286	14.116	47.400
02/10/2000	0.000	6.938	6.759	13.464	37.700
03/10/2000	0.000	6.937	7.134	13.732	34.900
04/10/2000	0.000	7.023	7.304	13.991	37.400
05/10/2000	0.000	7.459	7.161	14.491	40.700
06/10/2000	0.000	7.431	6.589	14.045	31.600
07/10/2000	0.000	6.908	7.955	14.304	28.400
08/10/2000	6.657	6.711	8.143	14.188	27.400
09/10/2000	2.694	5.762	8.277	13.080	29.800
10/10/2000	0.000	6.899	7.536	14.027	36.300
11/10/2000	0.000	7.736	7.062	14.839	36.600
12/10/2000	0.000	7.740	6.054	14.161	28.700
13/10/2000	0.000	8.024	7.080	15.259	26.200
14/10/2000	0.000	7.433	6.795	14.259	26.000
15/10/2000	0.000	6.975	8.750	15.054	24.900
16/10/2000	0.000	6.821	7.589	14.000	26.900
17/10/2000	0.000	7.408	7.571	14.795	29.200
18/10/2000	1.076	6.838	7.509	13.991	25.100
19/10/2000	0.000	6.990	8.357	14.821	23.100
20/10/2000	0.000	7.756	7.438	15.223	23.900
21/10/2000	10.042	7.132	7.384	14.330	22.800
22/10/2000	3.670	5.813	7.143	12.411	23.500
23/10/2000	20.055	7.350	6.857	14.321	26.800
24/10/2000	2.291	5.759	7.652	12.723	39.400
25/10/2000	13.785	6.759	6.455	13.241	49.300
26/10/2000	38.809	6.974	5.545	12.946	45.900
27/10/2000	0.000	6.615	7.661	13.955	71.600
28/10/2000	0.000	8.518	8.098	16.857	50.100
29/10/2000	14.751	7.448	7.438	14.955	35.900
30/10/2000	12.194	6.367	7.250	13.330	33.900
31/10/2000	1.094	5.639	6.741	11.973	37.300
01/11/2000	22.724	5.365	8.366	12.848	47.900
02/11/2000	7.506	5.963	8.241	13.554	37.900
03/11/2000	0.000	7.593	8.009	15.625	39.000
04/11/2000	0.000	7.886	5.571	14.420	30.700
05/11/2000	22.655	7.020	7.875	14.750	31.500
06/11/2000	24.744	7.823	7.812	15.848	41.000
07/11/2000	2.484	5.316	8.402	12.866	41.200
08/11/2000	13.074	8.332	6.438	15.688	38.800
09/11/2000	0.000	7.896	6.250	14.964	36.900
10/11/2000	2.795	6.986	7.821	14.768	30.400
11/11/2000	25.823	5.604	8.080	13.045	32.100
12/11/2000	9.222	7.596	7.946	15.741	30.100
13/11/2000	0.000	7.577	6.812	14.946	27.200
14/11/2000	0.000	5.566	8.071	13.009	28.800
15/11/2000	0.000	6.166	7.848	13.679	32.200
16/11/2000	0.000	7.439	7.268	15.062	33.300
17/11/2000	24.274	5.005	7.938	12.241	29.800
18/11/2000	19.044	6.677	7.929	14.500	44.800
19/11/2000	10.826	6.991	7.616	14.732	56.500
20/11/2000	12.510	6.317	7.759	13.884	58.100
21/11/2000	0.000	8.125	6.705	15.777	42.900
22/11/2000	4.659	6.668	6.330	13.402	40.800
23/11/2000	0.805	6.299	6.661	13.098	35.900
24/11/2000	0.000	6.474	7.223	13.795	31.300
25/11/2000	0.000	6.130	8.393	14.143	41.300
26/11/2000	0.000	6.242	6.045	12.616	37.200
27/11/2000	4.405	5.510	7.920	12.955	29.400
28/11/2000	0.000	6.486	7.696	14.161	28.600
29/11/2000	0.000	5.115	8.027	12.500	30.700
30/11/2000	0.000	5.572	7.509	12.750	31.600
01/12/2000	0.000	7.996	8.473	16.884	30.600
02/12/2000	0.000	5.654	8.420	13.545	31.800
03/12/2000	0.000	7.347	7.929	15.598	31.400
04/12/2000	0.000	7.284	6.223	14.357	27.300
05/12/2000	3.525	8.013	7.429	16.259	25.900
06/12/2000	0.000	6.898	7.902	14.964	27.200
07/12/2000	0.000	6.101	8.339	14.161	33.600
08/12/2000	54.283	7.538	8.107	16.054	43.200
09/12/2000	0.000	7.174	7.438	15.045	36.200
10/12/2000	0.000	6.871	8.045	15.027	42.300
11/12/2000	25.567	7.141	7.562	15.107	38.400
12/12/2000	4.306	7.367	7.571	15.438	32.800
13/12/2000	2.463	7.662	6.964	15.464	31.300
14/12/2000	0.000	7.467	7.179	15.312	27.300
15/12/2000	0.000	6.943	6.491	14.107	26.400
16/12/2000	0.000	8.126	6.964	16.214	24.200
17/12/2000	0.000	7.290	5.179	13.759	23.100
18/12/2000	0.000	5.862	5.634	11.929	23.500
19/12/2000	0.000	6.239	6.982	13.402	27.100
20/12/2000	0.000	5.562	8.134	13.286	27.100
21/12/2000	0.000	6.268	7.723	13.964	21.800
22/12/2000	0.000	7.247	7.125	14.964	20.700
23/12/2000	0.000	6.757	7.696	14.634	18.800
24/12/2000	0.000	6.952	7.598	14.857	18.200
25/12/2000	0.000	5.774	8.777	14.045	21.000
26/12/2000	0.000	5.751	7.598	13.107	19.900
27/12/2000	0.000	6.325	8.607	14.679	22.500
28/12/2000	0.429	6.926	7.741	14.902	25.900
29/12/2000	37.047	4.446	8.107	11.732	39.400
30/12/2000	14.226	6.823	7.357	14.482	35.000
31/12/2000	0.000	7.122	7.080	14.723	39.500
01/01/2001	0.000	6.724	7.518	14.420	19.580
02/01/2001	0.000	7.150	6.848	14.571	23.130
03/01/2001	0.000	8.173	4.420	14.536	18.200
04/01/2001	5.176	9.009	4.821	16.036	19.020
05/01/2001	23.350	5.869	7.759	13.357	18.200
06/01/2001	0.000	6.811	7.188	14.295	16.270
07/01/2001	0.000	8.075	6.616	15.732	14.500
08/01/2001	0.000	8.380	5.795	15.652	19.030
09/01/2001	0.000	7.535	6.348	14.750	16.550
10/01/2001	0.000	6.253	7.402	13.580	16.830
11/01/2001	7.141	7.436	6.295	14.562	22.150
12/01/2001	0.000	7.469	6.438	14.670	22.160
13/01/2001	0.000	6.564	6.991	13.714	19.580
14/01/2001	0.000	7.680	5.964	14.643	17.930
15/01/2001	4.860	7.857	4.795	14.125	16.820
16/01/2001	0.000	7.133	5.991	13.804	16.550
17/01/2001	29.583	5.316	7.045	11.929	16.550
18/01/2001	0.000	5.844	6.705	12.411	16.550
19/01/2001	0.000	6.103	7.232	13.143	16.910
20/01/2001	0.000	6.151	7.277	13.241	17.100
21/01/2001	0.000	6.525	6.375	13.125	17.870
22/01/2001	13.394	8.440	3.964	14.402	16.940
23/01/2001	0.000	6.032	6.679	12.616	17.650
24/01/2001	0.000	6.289	6.286	12.670	20.160
25/01/2001	0.000	7.274	5.625	13.652	17.440
26/01/2001	0.000	7.150	5.000	13.027	16.550
27/01/2001	0.000	9.008	3.821	15.036	15.500
28/01/2001	0.000	8.546	5.357	15.277	15.000
29/01/2001	0.000	8.423	4.634	14.625	14.750
30/01/2001	0.000	9.196	3.214	14.893	14.250
31/01/2001	0.000	8.593	4.866	14.973	14.000
01/02/2001	0.000	7.552	4.911	13.455	14.000
02/02/2001	5.429	7.520	4.866	13.366	14.250
03/02/2001	31.135	6.602	6.973	13.455	17.510
04/02/2001	1.925	5.518	7.205	12.116	20.850
05/02/2001	0.000	7.918	5.009	13.991	17.070
06/02/2001	0.178	7.429	5.893	13.848	16.920
07/02/2001	2.411	7.462	5.839	13.839	19.790
08/02/2001	13.477	7.062	7.188	14.188	36.640
09/02/2001	3.302	6.940	7.241	14.027	40.090
10/02/2001	11.144	7.398	6.821	14.357	47.440
11/02/2001	0.000	7.993	5.875	14.554	29.200
12/02/2001	0.000	8.220	6.259	15.098	20.810
13/02/2001	0.000	8.538	5.491	15.018	17.930
14/02/2001	2.189	9.125	5.688	15.955	16.270
15/02/2001	0.169	8.546	6.777	15.812	15.250
16/02/2001	0.000	8.279	6.491	15.232	14.500
17/02/2001	0.000	7.955	6.821	14.982	14.000
18/02/2001	0.000	8.518	6.045	15.268	14.510
19/02/2001	0.000	7.271	7.321	14.375	14.270
20/02/2001	5.462	6.840	8.625	14.714	14.250
21/02/2001	2.295	5.748	6.777	11.911	18.500
22/02/2001	9.546	5.130	7.741	11.839	29.740
23/02/2001	2.661	6.853	7.125	13.634	48.170
24/02/2001	0.000	5.622	7.759	12.473	51.720
25/02/2001	0.000	6.987	7.679	14.179	34.010
26/02/2001	1.989	5.311	7.661	11.991	25.350
27/02/2001	0.000	7.798	7.509	15.161	40.110
28/02/2001	0.148	6.754	7.438	13.670	38.140
01/03/2001	0.000	7.352	6.125	13.562	35.680
02/03/2001	0.918	5.896	7.759	12.777	32.260
03/03/2001	8.424	8.117	7.366	15.438	31.710
04/03/2001	21.521	7.591	7.982	15.134	25.640
05/03/2001	1.680	7.019	6.973	13.634	23.390
06/03/2001	4.750	7.305	7.348	14.295	24.520
07/03/2001	1.258	7.659	7.152	14.616	20.950
08/03/2001	0.000	6.862	7.277	13.634	22.360
09/03/2001	0.000	7.301	7.080	14.062	26.860
10/03/2001	17.203	6.919	7.607	13.938	24.890
11/03/2001	0.000	7.642	7.759	14.991	21.720
12/03/2001	0.000	9.088	5.357	15.348	18.520
13/03/2001	0.000	9.130	5.134	15.259	16.550
14/03/2001	0.000	7.327	5.955	13.312	16.990
15/03/2001	34.945	7.661	7.312	14.679	19.750
16/03/2001	0.000	6.472	7.321	13.125	17.510
17/03/2001	0.296	5.701	7.446	12.214	21.020
18/03/2001	0.000	5.752	8.036	12.750	23.520
19/03/2001	6.123	5.256	7.848	12.000	23.500
20/03/2001	14.196	8.281	5.857	14.527	24.190
21/03/2001	20.179	5.269	7.482	11.705	30.730
22/03/2001	0.000	7.472	7.357	14.491	43.880
23/03/2001	0.000	7.577	6.929	14.330	52.500
24/03/2001	3.923	6.811	7.152	13.438	37.630
25/03/2001	0.000	7.499	6.821	14.116	32.670
26/03/2001	0.145	9.021	7.232	16.455	25.080
27/03/2001	6.935	7.453	6.991	14.179	21.240
28/03/2001	2.533	8.300	6.688	15.125	20.610
29/03/2001	5.140	5.769	8.116	12.812	23.990
30/03/2001	0.000	6.693	7.455	13.509	29.020
31/03/2001	4.356	8.317	6.357	14.929	22.820
01/04/2001	0.000	8.120	7.232	15.268	20.070
02/04/2001	0.000	7.648	6.420	14.089	18.440
03/04/2001	6.731	7.650	6.554	14.179	16.820
04/04/2001	0.000	8.614	6.036	15.152	16.000
05/04/2001	0.786	5.712	8.277	12.884	16.000
06/04/2001	10.453	6.830	8.223	14.286	15.750
07/04/2001	0.247	5.169	7.920	11.964	51.520
08/04/2001	0.000	7.714	7.205	14.714	34.610
09/04/2001	0.000	6.423	7.857	13.500	22.580
10/04/2001	0.000	7.267	7.500	14.348	19.030
11/04/2001	0.000	6.340	7.920	13.455	18.010
12/04/2001	0.000	6.949	8.223	14.482	17.590
13/04/2001	0.320	7.016	7.054	13.759	18.970
14/04/2001	0.000	6.610	7.259	13.339	18.910
15/04/2001	0.000	6.959	7.929	14.312	18.820
16/04/2001	0.000	5.915	8.107	13.098	27.890
17/04/2001	0.000	3.525	7.804	10.000	44.190
18/04/2001	5.608	7.506	7.509	14.768	33.510
19/04/2001	13.842	6.565	7.866	13.768	22.290
20/04/2001	1.090	7.285	7.946	14.795	19.710
21/04/2001	6.026	8.086	6.232	14.741	17.090
22/04/2001	16.606	7.661	6.259	14.179	16.920
23/04/2001	4.633	6.037	6.786	12.312	19.710
24/04/2001	3.420	7.169	7.545	14.438	17.790
25/04/2001	0.000	5.576	8.009	12.661	13.750
26/04/2001	0.000	7.046	8.571	15.027	18.750
27/04/2001	0.000	6.417	8.384	14.054	27.700
28/04/2001	0.000	7.505	8.527	15.616	24.200
29/04/2001	0.685	7.086	7.804	14.562	24.150
30/04/2001	11.396	7.639	8.179	15.589	20.950
01/05/2001	0.000	7.462	8.982	15.938	28.080
02/05/2001	0.536	6.033	9.205	14.259	17.920
03/05/2001	0.000	5.229	8.214	12.473	17.100
04/05/2001	0.000	6.813	8.312	14.634	20.950
05/05/2001	0.000	6.151	8.107	13.589	19.580
06/05/2001	1.337	6.956	8.973	15.321	24.750
07/05/2001	2.879	7.451	9.179	16.134	25.730
08/05/2001	22.301	4.207	9.134	12.009	27.350
09/05/2001	2.873	5.179	8.741	12.884	39.900
10/05/2001	11.836	6.595	8.884	14.875	48.190
11/05/2001	0.000	7.890	8.116	16.062	37.450
12/05/2001	0.000	7.331	8.429	15.518	28.700
13/05/2001	0.000	7.751	8.482	16.152	24.100
14/05/2001	7.149	6.851	7.777	14.420	20.950
15/05/2001	0.000	6.271	8.500	14.161	22.150
16/05/2001	4.888	6.306	7.857	13.759	22.150
17/05/2001	0.207	6.951	8.571	15.188	20.950
18/05/2001	1.515	6.632	9.384	15.357	19.300
19/05/2001	7.604	5.950	8.080	13.473	23.130
20/05/2001	4.203	7.650	7.848	15.679	38.500
21/05/2001	9.589	4.763	8.670	12.420	42.000
22/05/2001	1.750	5.980	7.616	13.196	40.950
23/05/2001	0.000	7.208	7.902	15.125	41.650
24/05/2001	16.472	6.979	6.473	13.821	41.300
25/05/2001	0.000	7.623	6.312	14.714	33.250
26/05/2001	28.113	4.964	8.304	12.402	32.200
27/05/2001	0.000	7.761	7.188	15.527	37.450
28/05/2001	0.000	6.511	7.821	14.205	61.350
29/05/2001	4.265	7.100	7.241	14.616	48.600
30/05/2001	0.000	7.068	6.036	13.759	42.000
31/05/2001	0.000	7.907	5.643	14.741	54.380
01/06/2001	0.000	7.168	6.589	14.286	41.300
02/06/2001	10.666	6.372	6.812	13.286	37.100
03/06/2001	37.219	6.186	6.098	12.562	89.600
04/06/2001	0.000	6.507	6.250	13.125	48.190
05/06/2001	0.000	6.249	6.571	12.973	41.300
06/06/2001	5.276	6.392	6.786	13.339	49.840
07/06/2001	0.000	6.453	7.634	14.054	38.500
08/06/2001	0.000	6.722	6.759	13.821	41.300
09/06/2001	0.000	6.341	7.089	13.509	44.890
10/06/2001	0.000	6.448	7.188	13.750	41.300
11/06/2001	0.000	4.883	7.527	11.786	54.790
12/06/2001	0.000	6.740	6.393	13.625	41.300
13/06/2001	0.000	6.180	6.741	13.054	40.600
14/06/2001	10.921	5.833	7.125	12.821	56.440
15/06/2001	0.000	5.751	7.830	13.232	37.800
16/06/2001	13.237	6.909	6.750	14.134	30.170
17/06/2001	1.699	7.050	7.152	14.607	25.730
18/06/2001	0.133	6.833	7.795	14.759	26.380
19/06/2001	0.000	5.515	7.839	12.938	26.700
20/06/2001	0.000	5.148	7.812	12.411	50.250
21/06/2001	0.000	6.305	6.589	13.143	69.690
22/06/2001	0.000	7.812	4.857	14.259	51.900
23/06/2001	0.000	5.511	4.402	10.420	38.500
24/06/2001	0.000	8.086	4.634	14.527	30.100
25/06/2001	0.000	7.352	5.589	14.018	28.000
26/06/2001	0.000	7.891	6.589	15.500	24.750
27/06/2001	0.000	6.717	7.473	14.366	23.450
28/06/2001	0.000	6.307	7.509	13.786	33.250
29/06/2001	0.000	5.855	7.902	13.438	45.300
30/06/2001	0.000	6.485	8.143	14.500	58.500
01/07/2001	0.000	5.651	8.607	13.696	39.900
02/07/2001	0.000	5.972	7.634	13.402	30.100
03/07/2001	0.000	7.042	7.732	15.000	23.130
04/07/2001	0.000	7.846	6.491	15.312	29.750
05/07/2001	2.743	7.298	6.732	14.670	39.900
06/07/2001	18.911	5.949	8.295	13.839	82.000
07/07/2001	0.000	6.441	8.482	14.652	53.800
08/07/2001	0.000	7.304	7.732	15.321	36.400
09/07/2001	0.155	5.645	6.536	12.089	40.600
10/07/2001	0.428	6.799	7.616	14.500	38.500
11/07/2001	1.739	6.989	7.562	14.741	41.300
12/07/2001	9.054	5.374	7.054	12.071	41.300
13/07/2001	0.223	5.913	6.268	12.268	42.660
14/07/2001	0.000	7.357	6.875	14.750	30.800
15/07/2001	4.160	6.943	5.554	13.277	37.100
16/07/2001	0.896	7.142	7.786	15.062	32.580
17/07/2001	2.141	8.034	6.536	15.491	40.600
18/07/2001	5.211	6.929	7.625	14.634	29.750
19/07/2001	3.746	6.352	8.670	14.562	24.420
20/07/2001	12.658	5.938	7.402	13.045	35.350
21/07/2001	0.000	5.599	7.241	12.429	29.750
22/07/2001	0.000	7.880	6.232	15.009	24.100
23/07/2001	0.000	6.929	6.036	13.509	32.550
24/07/2001	0.000	8.446	4.045	14.429	23.130
25/07/2001	0.000	9.519	4.045	16.009	19.300
26/07/2001	0.276	8.423	5.152	15.045	20.400
27/07/2001	0.000	7.884	6.786	15.295	23.450
28/07/2001	0.000	5.709	6.304	11.857	32.900
29/07/2001	0.000	7.857	5.804	14.580	30.800
30/07/2001	0.000	6.846	6.420	13.509	22.150
31/07/2001	0.000	6.569	6.759	13.339	33.600
01/08/2001	0.000	8.098	6.214	15.152	26.050
02/08/2001	0.000	6.446	7.527	13.723	23.130
03/08/2001	0.000	6.312	6.821	13.000	31.850
04/08/2001	0.000	7.254	6.071	13.804	27.020
05/08/2001	0.000	6.426	7.491	13.598	22.480
06/08/2001	0.000	7.700	5.884	14.304	19.580
07/08/2001	0.000	8.396	5.527	15.036	16.550
08/08/2001	5.726	6.944	6.884	13.875	17.100
09/08/2001	0.000	8.561	6.750	16.027	15.500
10/08/2001	0.000	6.860	6.000	13.107	19.850
11/08/2001	0.000	6.602	7.536	13.839	23.220
12/08/2001	0.000	8.610	6.107	15.634	22.150
13/08/2001	0.000	5.956	6.179	11.902	24.420
14/08/2001	0.969	7.704	6.304	14.446	19.580
15/08/2001	4.215	8.165	6.804	15.429	23.920
16/08/2001	0.000	7.603	7.143	14.839	23.830
17/08/2001	0.000	9.572	6.562	17.196	23.770
18/08/2001	0.000	6.012	7.125	12.625	30.100
19/08/2001	0.000	7.828	6.777	14.875	27.350
20/08/2001	0.000	8.693	7.866	16.777	27.350
21/08/2001	0.000	7.397	7.670	14.866	26.100
22/08/2001	0.000	6.770	8.259	14.438	53.050
23/08/2001	0.256	8.202	5.134	14.259	29.800
24/08/2001	0.000	7.701	5.357	13.688	22.150
25/08/2001	6.671	7.772	5.652	13.955	20.130
26/08/2001	0.000	8.368	6.312	15.223	20.950
27/08/2001	0.000	10.075	6.598	17.750	18.480
28/08/2001	0.000	8.932	7.000	16.420	18.480
29/08/2001	3.502	7.901	5.991	14.330	18.470
30/08/2001	0.000	7.847	6.402	14.500	14.250
31/08/2001	0.000	8.301	6.268	15.027	15.500
01/09/2001	0.000	8.021	6.152	14.571	11.270
02/09/2001	0.000	8.275	6.741	15.295	13.500
03/09/2001	0.000	9.152	6.500	16.330	20.400
04/09/2001	0.000	8.299	6.607	15.241	30.130
05/09/2001	0.000	8.653	6.973	15.938	34.350
06/09/2001	2.383	5.998	7.964	13.089	98.880
07/09/2001	0.000	8.737	4.964	14.750	54.380
08/09/2001	23.660	8.395	5.339	14.518	48.600
09/09/2001	4.020	9.161	6.554	16.339	35.000
10/09/2001	1.308	8.489	7.786	16.232	35.350
11/09/2001	0.000	8.443	6.929	15.607	33.600
12/09/2001	0.382	7.190	7.705	14.420	65.150
13/09/2001	18.892	7.742	7.402	14.982	53.550
14/09/2001	49.850	4.246	7.161	10.259	46.660
15/09/2001	0.399	8.038	6.616	14.848	46.130
16/09/2001	0.000	10.301	3.955	16.321	37.450
17/09/2001	0.000	7.434	7.357	14.509	32.200
18/09/2001	0.000	6.559	7.411	13.375	22.480
19/09/2001	2.730	6.570	7.107	13.179	23.770
20/09/2001	0.000	8.356	7.214	15.670	20.400
21/09/2001	0.000	6.979	7.991	14.339	22.150
22/09/2001	0.000	8.277	6.000	14.750	27.350
23/09/2001	0.358	7.467	7.929	14.955	24.750
24/09/2001	0.000	8.413	7.705	16.054	20.130
25/09/2001	0.000	8.545	6.741	15.616	17.100
26/09/2001	0.000	8.751	7.348	16.286	19.020
27/09/2001	13.119	6.535	8.116	13.875	29.400
28/09/2001	13.056	7.248	7.812	14.607	29.080
29/09/2001	0.000	8.133	8.277	16.089	26.050
30/09/2001	0.000	8.512	6.902	15.696	22.150
12/12/2001	0.000	6.678	9.232	15.616	18.280
13/12/2001	0.000	4.225	8.866	12.062	18.190
14/12/2001	0.000	7.834	5.562	14.830	16.660
15/12/2001	0.000	8.199	8.946	17.589	17.940
16/12/2001	0.000	6.099	8.938	14.625	19.070
17/12/2001	0.000	7.550	9.036	16.714	24.910
18/12/2001	21.808	7.488	8.080	15.973	30.890
19/12/2001	24.671	5.113	8.973	13.321	31.640
20/12/2001	0.000	6.674	8.714	15.232	28.610
21/12/2001	2.785	6.648	7.884	14.625	21.250
22/12/2001	0.000	6.821	8.527	15.348	24.540
23/12/2001	3.185	6.675	8.679	15.214	20.020
24/12/2001	31.242	4.482	9.080	12.562	24.360
25/12/2001	6.638	5.478	8.616	13.500	20.610
26/12/2001	0.000	7.153	6.946	14.688	20.960
27/12/2001	8.055	7.606	7.973	16.089	26.140
28/12/2001	0.000	7.230	7.973	15.491	22.590
29/12/2001	0.000	6.594	9.589	15.750	25.310
30/12/2001	0.000	7.502	8.161	16.000	25.490
31/12/2001	0.000	7.907	8.152	16.598	19.350
01/01/2002	0.000	8.432	5.696	15.768	16.800
02/01/2002	0.000	8.859	6.036	16.571	15.500
03/01/2002	2.169	8.640	6.723	16.661	15.200
04/01/2002	0.000	6.737	6.857	13.973	14.300
05/01/2002	0.000	9.156	5.116	16.429	13.800
06/01/2002	0.000	8.690	6.098	16.321	13.900
07/01/2002	1.326	6.974	7.438	14.679	13.300
08/01/2002	13.284	7.636	7.875	15.929	14.200
09/01/2002	2.103	7.307	7.616	15.277	16.900
10/01/2002	0.000	7.678	7.357	15.607	17.000
11/01/2002	0.000	8.073	6.839	15.821	15.200
12/01/2002	12.844	5.094	7.848	12.304	14.100
13/01/2002	5.352	4.989	8.312	12.527	15.700
14/01/2002	2.748	6.976	7.286	14.500	16.200
15/01/2002	0.000	8.028	5.705	14.973	15.800
16/01/2002	0.000	8.249	5.205	14.973	14.200
17/01/2002	1.039	8.339	6.384	15.821	13.500
18/01/2002	0.000	7.687	6.116	14.679	12.700
19/01/2002	0.000	8.386	5.393	15.232	12.500
20/01/2002	0.547	8.553	5.598	15.580	12.200
21/01/2002	13.589	6.511	7.205	13.679	12.900
22/01/2002	0.000	5.291	8.098	12.652	13.100
23/01/2002	1.850	6.510	7.723	14.018	13.000
24/01/2002	0.171	7.289	6.634	14.348	13.000
25/01/2002	1.398	6.958	8.062	14.848	13.200
26/01/2002	0.000	6.491	7.268	13.625	12.600
27/01/2002	0.000	6.766	7.089	13.866	12.300
28/01/2002	0.000	6.873	6.473	13.571	12.500
29/01/2002	0.000	8.587	7.670	16.795	12.800
30/01/2002	17.963	5.659	8.920	13.688	13.000
31/01/2002	8.592	6.947	7.652	14.464	13.000
01/02/2002	0.000	6.238	8.527	14.107	13.700
02/02/2002	0.000	5.829	7.777	12.991	13.400
03/02/2002	3.859	5.411	8.795	13.205	14.800
04/02/2002	14.514	6.954	6.821	13.857	23.600
05/02/2002	0.000	8.971	5.866	16.054	22.600
06/02/2002	4.126	8.927	5.643	15.839	15.900
07/02/2002	0.000	7.414	6.991	14.554	14.100
08/02/2002	0.000	8.727	5.179	15.205	14.600
09/02/2002	0.000	7.024	7.027	13.991	16.400
10/02/2002	0.000	7.851	5.857	14.339	17.100
11/02/2002	0.000	7.566	6.920	14.643	13.800
12/02/2002	0.000	7.690	7.330	15.071	12.700
13/02/2002	0.000	7.955	7.232	15.348	12.000
14/02/2002	0.000	8.623	6.438	15.741	11.200
15/02/2002	0.000	6.884	7.036	13.723	11.400
16/02/2002	0.000	7.755	6.277	14.393	10.800
17/02/2002	0.000	7.645	5.964	14.018	10.600
18/02/2002	0.000	7.714	6.589	14.509	10.600
19/02/2002	0.000	7.008	6.830	13.688	10.300
20/02/2002	0.000	8.363	6.929	15.580	10.100
21/02/2002	0.000	8.461	5.911	15.054	9.900
22/02/2002	0.000	7.812	7.045	14.902	9.900
23/02/2002	0.000	8.792	7.946	16.804	10.100
24/02/2002	0.000	8.757	7.750	16.607	9.900
25/02/2002	0.000	9.507	5.634	16.268	9.400
26/02/2002	0.000	8.174	6.580	15.027	9.600
27/02/2002	5.839	7.642	5.455	13.536	12.200
28/02/2002	31.445	8.488	6.339	15.277	16.800
01/03/2002	20.910	7.431	7.188	14.402	12.700
02/03/2002	0.000	8.204	5.839	14.545	10.900
03/03/2002	0.000	8.453	7.232	15.759	10.400
04/03/2002	0.978	7.308	6.705	13.857	10.900
05/03/2002	0.000	6.698	5.946	12.482	15.600
06/03/2002	0.000	7.919	6.366	14.446	12.300
07/03/2002	1.926	7.997	6.661	14.741	11.800
08/03/2002	0.000	7.881	7.196	14.920	11.900
09/03/2002	6.011	7.894	7.295	15.000	10.300
10/03/2002	0.000	8.736	4.732	14.473	9.900
11/03/2002	0.000	6.688	6.830	13.071	9.800
12/03/2002	0.000	5.833	6.562	11.750	9.600
13/03/2002	0.387	7.823	7.455	14.991	9.900
14/03/2002	1.631	7.774	7.902	15.232	10.000
15/03/2002	0.000	7.570	8.107	15.125	10.400
16/03/2002	9.547	7.150	7.786	14.321	13.300
17/03/2002	4.452	5.768	7.714	12.545	17.100
18/03/2002	6.816	8.032	7.375	15.205	16.600
19/03/2002	28.698	6.138	8.214	13.339	25.000
20/03/2002	5.335	9.077	7.625	16.768	33.100
21/03/2002	19.167	5.035	7.545	11.464	56.900
22/03/2002	0.000	8.232	7.500	15.554	30.300
23/03/2002	15.906	6.232	7.661	13.054	36.800
24/03/2002	0.000	7.010	7.375	13.848	28.900
25/03/2002	6.176	5.757	8.286	12.920	23.100
26/03/2002	2.386	7.894	7.295	14.982	17.600
27/03/2002	1.562	8.943	5.375	15.134	15.200
28/03/2002	7.277	6.815	8.955	14.777	17.300
29/03/2002	19.762	4.578	8.438	11.661	17.300
30/03/2002	0.000	6.448	7.732	13.420	42.800
31/03/2002	0.000	7.481	8.688	15.420	26.400
01/04/2002	0.000	7.035	9.027	15.107	18.700
02/04/2002	8.677	5.038	8.857	12.527	26.300
03/04/2002	5.203	6.988	8.348	14.580	37.100
04/04/2002	0.000	7.614	9.375	16.125	36.900
05/04/2002	0.000	8.588	7.804	16.286	34.800
06/04/2002	0.000	7.275	7.839	14.589	29.300
07/04/2002	25.696	5.287	7.232	11.580	28.100
08/04/2002	0.000	7.063	7.482	14.098	33.800
09/04/2002	27.337	7.627	6.384	14.089	57.100
10/04/2002	0.000	7.884	6.375	14.438	32.400
11/04/2002	3.309	9.677	5.134	16.125	25.100
12/04/2002	0.000	9.543	4.688	15.696	22.700
13/04/2002	1.309	8.418	5.991	14.955	18.800
14/04/2002	0.340	8.267	6.196	14.893	18.500
15/04/2002	14.564	7.452	7.598	14.741	19.500
16/04/2002	6.473	6.983	8.304	14.616	18.900
17/04/2002	0.167	7.263	8.402	15.071	17.700
18/04/2002	20.341	6.778	8.339	14.429	20.600
19/04/2002	0.414	6.493	7.875	13.688	25.000
20/04/2002	0.000	6.950	7.848	14.312	37.600
21/04/2002	6.351	6.181	8.652	13.902	39.700
22/04/2002	0.000	5.950	8.366	13.411	35.800
23/04/2002	0.000	7.482	7.991	15.143	31.700
24/04/2002	8.095	6.096	8.286	13.562	25.500
25/04/2002	29.109	4.754	8.161	11.786	25.400
26/04/2002	1.291	6.655	7.268	13.562	50.700
27/04/2002	5.956	5.976	7.830	13.089	58.300
28/04/2002	0.000	7.634	7.750	15.259	41.100
29/04/2002	22.577	7.001	7.911	14.527	50.400
30/04/2002	2.754	6.703	8.330	14.446	37.200
01/05/2002	5.165	5.978	8.777	13.848	29.700
02/05/2002	2.878	7.269	7.982	15.000	34.900
03/05/2002	0.000	6.538	9.089	14.821	28.000
04/05/2002	0.000	7.280	8.438	15.321	30.100
05/05/2002	0.000	6.829	8.420	14.750	30.800
06/05/2002	0.000	7.333	8.473	15.482	31.500
07/05/2002	2.779	7.961	8.152	16.125	33.300
08/05/2002	0.000	6.351	8.473	14.179	19.300
09/05/2002	0.000	7.070	8.652	15.286	18.800
10/05/2002	4.024	6.479	8.911	14.705	17.900
11/05/2002	6.389	5.900	9.009	14.045	19.000
12/05/2002	0.000	7.355	7.955	15.241	19.300
13/05/2002	0.000	7.028	7.839	14.714	29.300
14/05/2002	4.930	5.392	8.839	13.286	28.300
15/05/2002	5.610	7.136	8.571	15.411	25.900
16/05/2002	0.000	6.122	7.554	13.295	22.000
17/05/2002	17.548	6.196	9.366	14.741	37.700
18/05/2002	0.000	6.064	8.554	13.973	29.200
19/05/2002	2.110	6.460	8.911	14.777	34.000
20/05/2002	0.000	7.197	8.429	15.429	31.000
21/05/2002	19.733	5.896	8.455	13.705	27.700
22/05/2002	0.000	6.613	8.723	14.902	25.100
23/05/2002	7.024	5.520	8.295	13.116	20.700
24/05/2002	0.000	7.074	8.295	15.241	22.300
25/05/2002	14.089	5.503	8.661	13.384	18.700
26/05/2002	11.034	6.663	7.464	14.125	52.000
27/05/2002	6.298	6.672	8.473	14.866	51.900
28/05/2002	20.634	6.931	6.732	14.009	66.400
29/05/2002	2.227	6.373	7.000	13.402	48.300
30/05/2002	7.910	6.767	7.205	14.134	49.400
31/05/2002	9.609	3.886	7.643	10.545	66.800
01/06/2002	0.000	6.719	7.375	14.188	50.300
02/06/2002	2.231	6.252	7.893	13.911	37.800
03/06/2002	11.360	6.421	8.920	14.911	43.200
04/06/2002	17.590	5.246	6.545	11.500	49.500
05/06/2002	0.000	6.085	7.821	13.661	41.100
06/06/2002	30.415	5.511	6.875	12.152	70.600
07/06/2002	3.694	5.507	7.348	12.500	66.100
08/06/2002	0.000	7.316	7.036	14.893	48.200
09/06/2002	10.987	5.096	7.545	12.107	100.100
10/06/2002	0.000	5.980	6.848	12.848	50.300
11/06/2002	10.169	5.591	7.143	12.482	62.900
12/06/2002	0.000	6.582	7.536	14.188	71.100
13/06/2002	7.717	5.228	8.027	12.661	46.000
14/06/2002	0.000	7.183	6.920	14.643	39.700
15/06/2002	0.231	5.056	6.884	11.562	45.300
16/06/2002	0.000	6.216	7.580	13.723	43.600
17/06/2002	0.000	5.224	7.250	12.080	34.300
18/06/2002	0.000	6.797	6.955	14.125	35.700
19/06/2002	0.000	6.110	7.482	13.509	36.500
20/06/2002	0.000	5.894	7.893	13.500	31.600
21/06/2002	0.000	5.773	8.036	13.455	31.800
22/06/2002	0.000	4.976	7.839	12.196	28.100
23/06/2002	0.000	5.437	6.795	12.080	26.600
24/06/2002	0.000	6.632	6.304	13.446	36.900
25/06/2002	0.000	6.373	6.723	13.366	58.200
26/06/2002	0.000	6.279	6.911	13.357	49.300
27/06/2002	0.000	6.494	7.768	14.250	36.700
28/06/2002	0.000	8.009	6.393	15.527	28.600
29/06/2002	0.000	5.588	7.500	12.759	38.800
30/06/2002	0.000	7.198	7.589	15.125	47.900
01/07/2002	0.000	5.758	7.920	13.321	35.800
02/07/2002	0.000	6.237	8.098	14.116	45.500
03/07/2002	0.000	7.841	6.768	15.500	37.700
04/07/2002	0.000	7.499	8.545	16.188	29.400
05/07/2002	0.000	5.929	8.089	13.652	33.300
06/07/2002	27.372	4.619	7.598	11.491	41.000
07/07/2002	0.000	7.182	7.946	15.330	42.300
08/07/2002	0.186	6.707	8.768	15.232	34.300
09/07/2002	0.000	7.299	6.982	14.804	28.700
10/07/2002	0.000	7.506	8.161	15.911	23.100
11/07/2002	0.000	6.554	7.446	14.045	26.200
12/07/2002	0.000	6.684	8.250	14.786	25.300
13/07/2002	0.000	7.391	8.098	15.679	28.000
14/07/2002	0.000	6.818	8.045	14.812	29.600
15/07/2002	0.000	7.404	6.375	14.500	21.900
16/07/2002	0.000	7.650	6.848	15.170	21.700
17/07/2002	0.000	6.575	8.339	14.661	22.600
18/07/2002	29.858	6.403	7.848	14.062	52.200
19/07/2002	0.000	6.244	7.768	13.759	45.900
20/07/2002	5.021	7.072	7.196	14.509	35.500
21/07/2002	2.293	7.614	7.161	15.241	29.500
22/07/2002	0.000	8.016	7.000	15.705	28.700
23/07/2002	0.000	5.801	8.393	13.571	26.000
24/07/2002	0.000	6.462	8.205	14.348	24.400
25/07/2002	4.833	6.054	7.750	13.446	25.100
26/07/2002	0.000	6.515	7.134	13.607	36.100
27/07/2002	0.000	7.151	5.509	13.402	27.800
28/07/2002	0.000	5.962	5.634	11.741	19.900
29/07/2002	0.000	6.462	7.562	13.812	36.700
30/07/2002	0.000	8.920	4.839	15.527	29.100
31/07/2002	0.000	7.541	4.938	13.554	35.300
01/08/2002	1.249	6.675	6.205	13.116	36.200
02/08/2002	0.000	6.668	7.232	13.812	23.600
03/08/2002	0.000	6.957	4.982	12.670	20.400
04/08/2002	0.000	7.807	5.321	14.125	41.000
05/08/2002	0.000	7.957	5.955	14.741	40.100
06/08/2002	0.000	8.184	5.741	14.911	23.800
07/08/2002	0.172	7.569	5.589	13.911	20.400
08/08/2002	5.389	6.666	7.205	13.705	24.500
09/08/2002	0.000	6.139	7.179	12.964	31.100
10/08/2002	0.000	6.860	6.866	13.714	26.100
11/08/2002	0.000	6.703	7.089	13.652	22.900
12/08/2002	0.000	7.158	7.054	14.232	22.800
13/08/2002	0.000	6.967	6.223	13.375	25.500
14/08/2002	0.000	7.434	6.205	14.009	30.500
15/08/2002	0.000	7.784	7.795	15.580	44.600
16/08/2002	0.000	6.919	8.000	14.527	52.200
17/08/2002	0.000	7.827	6.259	14.562	35.300
18/08/2002	0.000	7.807	6.098	14.411	23.800
19/08/2002	0.000	7.568	5.821	13.875	20.800
20/08/2002	0.000	5.912	7.562	12.804	27.100
21/08/2002	0.000	7.637	6.714	14.545	37.600
22/08/2002	0.000	8.429	6.045	15.214	27.700
23/08/2002	0.000	7.472	7.411	14.777	30.500
24/08/2002	0.000	7.733	7.402	15.107	32.200
25/08/2002	0.000	7.736	7.491	15.152	32.200
26/08/2002	0.000	7.683	7.268	14.920	29.400
27/08/2002	2.193	6.997	8.312	14.732	23.800
28/08/2002	7.207	8.636	7.116	16.116	22.500
29/08/2002	15.620	6.805	8.062	14.277	20.100
30/08/2002	22.627	7.943	6.848	14.964	16.000
31/08/2002	0.000	9.132	7.580	17.054	17.900
01/09/2002	7.403	7.922	7.562	15.402	16.300
02/09/2002	9.077	6.796	7.705	14.000	17.400
03/09/2002	0.000	7.453	8.125	15.152	21.500
04/09/2002	0.000	8.490	7.304	15.955	17.400
05/09/2002	0.000	8.550	5.875	15.107	15.800
06/09/2002	0.000	7.946	7.232	15.152	16.300
07/09/2002	0.000	7.298	7.920	14.768	16.300
08/09/2002	0.000	9.394	5.661	16.116	15.300
09/09/2002	0.841	9.175	5.321	15.589	14.800
10/09/2002	0.000	7.329	6.438	13.750	14.300
11/09/2002	0.000	6.533	8.161	13.911	14.800
12/09/2002	0.000	8.438	7.196	15.759	17.100
13/09/2002	0.000	7.815	7.312	15.000	15.000
14/09/2002	1.457	7.880	7.554	15.232	14.300
15/09/2002	0.000	8.121	8.045	15.893	13.800
16/09/2002	0.000	7.683	8.009	15.286	13.300
17/09/2002	0.000	8.323	6.500	15.116	14.300
18/09/2002	0.000	7.806	7.071	14.830	14.800
19/09/2002	3.586	7.222	7.991	14.670	32.400
20/09/2002	0.000	8.554	6.491	15.455	23.100
21/09/2002	0.000	7.305	7.991	14.777	18.200
22/09/2002	0.000	10.547	4.536	16.982	16.300
23/09/2002	0.000	10.416	5.170	17.170	15.300
24/09/2002	16.493	8.573	6.955	15.768	15.500
25/09/2002	28.930	7.480	7.679	14.812	29.400
26/09/2002	1.547	7.081	7.848	14.411	23.500
27/09/2002	0.159	7.460	7.723	14.821	20.700
28/09/2002	0.000	7.101	8.062	14.598	66.600
29/09/2002	0.800	8.812	5.821	15.393	19.600
30/09/2002	0.000	9.615	4.607	15.768	17.900
01/10/2002	0.000	7.727	6.036	14.036	15.500
02/10/2002	0.000	8.372	5.554	14.616	14.300
03/10/2002	0.000	8.366	5.705	14.732	14.000
04/10/2002	0.000	7.835	6.616	14.589	11.700
05/10/2002	1.289	8.083	6.839	15.080	11.500
06/10/2002	0.000	7.541	7.429	14.759	11.800
07/10/2002	0.724	8.051	8.036	15.857	11.500
08/10/2002	0.000	7.541	7.375	14.732	11.700
09/10/2002	0.000	6.182	8.554	13.804	12.100
10/10/2002	4.181	7.915	7.589	15.411	12.000
11/10/2002	11.236	5.954	8.054	13.170	12.200
12/10/2002	1.976	6.761	7.741	14.009	16.200
13/10/2002	0.000	7.976	7.973	15.786	16.100
14/10/2002	0.000	9.512	6.277	16.786	13.100
15/10/2002	0.000	7.355	6.964	14.295	12.200
16/10/2002	0.000	9.193	7.732	17.321	12.300
17/10/2002	0.000	7.729	7.554	15.205	13.200
18/10/2002	0.000	6.759	7.188	13.661	16.600
19/10/2002	0.000	7.201	7.705	14.607	17.900
20/10/2002	18.437	7.751	8.250	15.759	18.500
21/10/2002	20.380	7.091	7.643	14.438	39.900
22/10/2002	8.958	5.401	7.714	12.277	32.700
23/10/2002	0.000	8.414	7.250	16.036	30.500
24/10/2002	15.883	8.333	7.536	16.125	47.000
25/10/2002	17.971	7.771	7.045	15.036	26.000
26/10/2002	9.446	8.543	6.527	15.804	19.900
27/10/2002	33.355	7.027	6.625	13.741	40.100
28/10/2002	2.272	6.966	7.955	14.616	35.600
29/10/2002	13.933	7.117	7.375	14.438	39.500
30/10/2002	21.150	4.841	7.786	11.688	71.800
31/10/2002	0.000	6.333	7.500	13.482	50.600
01/11/2002	0.000	7.068	6.384	13.696	36.200
02/11/2002	1.998	5.728	7.857	12.938	26.600
03/11/2002	5.631	5.959	6.821	12.518	24.900
04/11/2002	0.000	7.843	6.402	14.893	21.900
05/11/2002	57.412	6.398	6.884	13.152	24.400
06/11/2002	0.000	6.929	7.152	14.125	34.400
07/11/2002	8.925	6.464	7.777	13.955	28.000
08/11/2002	40.332	6.837	7.438	14.223	37.600
09/11/2002	2.022	6.638	7.304	13.866	42.800
10/11/2002	17.375	7.692	6.750	14.982	39.200
11/11/2002	0.000	6.919	6.589	13.786	30.600
12/11/2002	0.000	6.884	6.857	13.920	24.000
13/11/2002	0.000	6.465	7.652	13.929	21.700
14/11/2002	0.000	6.349	7.955	14.000	23.600
15/11/2002	0.000	6.965	7.384	14.455	23.400
16/11/2002	0.000	6.028	8.241	13.786	22.700
17/11/2002	0.000	7.476	6.777	14.804	26.100
18/11/2002	0.000	7.563	6.036	14.455	20.800
19/11/2002	0.000	7.280	7.071	14.759	19.000
20/11/2002	0.000	6.770	7.705	14.482	17.800
21/11/2002	0.000	5.736	8.812	13.866	16.800
22/11/2002	0.000	6.575	7.705	14.223	18.700
23/11/2002	0.000	7.917	5.893	14.938	16.300
24/11/2002	0.000	7.427	5.589	14.036	15.200
25/11/2002	0.000	7.487	7.036	15.098	15.000
26/11/2002	0.000	7.229	7.705	15.188	14.200
27/11/2002	0.000	6.637	8.402	14.848	14.200
28/11/2002	0.000	7.619	7.688	15.759	13.700
29/11/2002	0.000	5.938	9.098	14.438	13.200
30/11/2002	0.000	8.071	8.366	16.884	13.800
01/12/2002	0.000	7.293	7.866	15.438	12.500
02/12/2002	0.000	7.526	8.357	16.116	15.000
03/12/2002	0.000	6.873	9.214	15.804	12.000
04/12/2002	0.000	7.121	8.000	15.304	11.700
05/12/2002	0.335	7.634	7.938	16.009	13.100
06/12/2002	3.303	6.555	8.670	15.018	15.200
07/12/2002	1.506	7.490	8.312	16.080	13.400
08/12/2002	9.789	6.822	7.920	14.884	16.300
09/12/2002	18.160	5.961	8.455	14.071	18.900
10/12/2002	0.000	6.493	8.089	14.545	15.300
11/12/2002	0.000	6.289	9.509	15.286	14.400
12/12/2002	0.000	7.648	6.857	15.366	13.000
13/12/2002	1.434	7.150	7.893	15.339	12.400
14/12/2002	0.000	6.287	8.616	14.625	13.000
15/12/2002	44.607	5.344	9.071	13.696	28.100
16/12/2002	0.000	6.738	8.357	15.089	60.500
17/12/2002	27.843	4.824	7.750	11.964	67.100
18/12/2002	9.950	5.706	8.161	13.491	51.400
19/12/2002	11.927	7.608	7.214	15.571	49.000
20/12/2002	2.371	8.458	7.536	17.018	28.900
21/12/2002	0.000	7.008	8.054	15.259	26.900
22/12/2002	0.000	7.859	7.759	16.286	17.400
23/12/2002	0.000	8.051	6.795	15.929	14.300
24/12/2002	4.738	6.220	6.982	13.366	14.300
25/12/2002	0.000	7.663	7.893	16.080	14.000
26/12/2002	0.000	7.818	6.750	15.545	14.300
27/12/2002	0.000	7.400	6.786	14.946	13.500
28/12/2002	0.000	8.103	5.750	15.312	13.000
29/12/2002	0.000	6.474	8.518	14.821	13.500
30/12/2002	0.000	7.130	8.232	15.527	12.500
31/12/2002	6.299	6.617	8.705	15.134	14.000
01/01/2003	0.000	7.579	6.857	15.214	8.520
02/01/2003	0.000	6.911	6.580	14.045	8.070
03/01/2003	0.000	7.901	5.893	15.036	8.300
04/01/2003	0.000	7.414	6.375	14.625	8.520
05/01/2003	0.000	8.265	4.768	14.866	8.070
06/01/2003	0.000	7.980	6.000	15.205	8.520
07/01/2003	2.003	7.840	5.214	14.482	7.630
08/01/2003	0.000	7.912	6.393	15.330	7.400
09/01/2003	0.000	7.335	6.009	14.205	7.400
10/01/2003	0.155	8.541	6.366	16.205	7.630
11/01/2003	0.825	9.023	5.348	16.286	7.170
12/01/2003	4.239	7.790	6.250	15.000	6.950
13/01/2003	0.000	7.749	7.312	15.634	6.720
14/01/2003	9.222	8.502	7.062	16.536	7.180
15/01/2003	11.431	8.414	8.518	17.393	8.230
16/01/2003	0.000	7.985	7.518	16.062	8.280
17/01/2003	0.000	7.446	8.884	16.205	7.620
18/01/2003	0.000	7.634	8.000	15.866	10.120
19/01/2003	18.201	5.604	8.232	13.205	9.550
20/01/2003	6.468	8.147	6.652	15.679	41.780
21/01/2003	0.000	8.822	6.304	16.393	20.010
22/01/2003	0.000	9.038	5.643	16.268	15.130
23/01/2003	4.995	7.959	6.920	15.518	13.290
24/01/2003	2.829	7.155	7.339	14.652	12.620
25/01/2003	0.000	7.191	7.411	14.723	12.470
26/01/2003	0.000	8.988	4.580	15.473	11.750
27/01/2003	0.000	7.789	6.286	14.786	11.250
28/01/2003	0.000	9.065	4.741	15.670	11.000
29/01/2003	0.000	7.882	6.527	15.045	11.030
30/01/2003	7.031	7.403	7.357	14.893	11.250
31/01/2003	8.084	7.732	7.723	15.589	10.550
01/02/2003	7.684	7.057	7.036	14.161	12.300
02/02/2003	0.000	6.419	6.589	12.938	15.360
03/02/2003	0.000	6.270	7.152	13.125	13.990
04/02/2003	0.000	7.471	6.491	14.330	12.630
05/02/2003	0.000	7.510	7.375	14.955	12.750
06/02/2003	0.000	7.623	6.804	14.723	11.750
07/02/2003	0.000	7.193	8.688	15.420	11.250
08/02/2003	1.540	6.359	8.634	14.250	11.000
09/02/2003	2.727	6.924	7.500	14.170	10.770
10/02/2003	0.000	7.006	7.875	14.527	10.320
11/02/2003	0.000	7.280	8.616	15.429	10.810
12/02/2003	0.000	7.344	8.679	15.536	11.000
13/02/2003	9.135	5.386	9.348	13.509	11.240
14/02/2003	0.000	10.291	7.812	18.884	10.770
15/02/2003	15.288	7.138	7.080	14.089	11.210
16/02/2003	0.000	6.563	7.188	13.366	12.830
17/02/2003	0.000	6.851	8.170	14.464	13.200
18/02/2003	0.000	7.112	8.714	15.188	13.030
19/02/2003	25.525	8.023	7.652	15.625	19.260
20/02/2003	0.000	7.456	6.518	14.080	13.660
21/02/2003	0.000	8.435	6.991	15.714	21.660
22/02/2003	0.000	7.133	8.339	14.884	16.010
23/02/2003	0.000	7.261	7.134	14.179	13.800
24/02/2003	0.000	5.569	8.812	13.214	12.530
25/02/2003	0.000	7.378	8.491	15.268	11.610
26/02/2003	25.859	7.588	7.545	14.884	12.980
27/02/2003	0.000	8.393	7.973	16.259	15.020
28/02/2003	0.373	6.976	6.911	13.580	28.350
01/03/2003	4.639	6.457	6.161	12.357	24.750
02/03/2003	0.000	7.912	7.580	15.286	27.210
03/03/2003	0.000	8.108	7.027	15.170	21.710
04/03/2003	0.000	6.341	7.723	13.312	19.250
05/03/2003	0.000	6.465	6.679	12.696	19.070
06/03/2003	0.000	9.429	5.054	15.688	30.550
07/03/2003	0.000	8.587	5.920	15.054	22.210
08/03/2003	0.000	7.239	7.866	14.545	16.940
09/03/2003	0.000	8.183	8.304	16.098	15.500
10/03/2003	8.319	6.367	8.777	14.071	14.500
11/03/2003	0.000	8.192	8.625	16.312	12.890
12/03/2003	0.000	8.091	8.089	15.795	12.750
13/03/2003	2.917	8.352	8.857	16.652	12.250
14/03/2003	7.741	7.207	8.214	14.723	11.750
15/03/2003	20.878	6.739	7.277	13.464	12.490
16/03/2003	17.153	7.152	7.607	14.232	12.830
17/03/2003	19.619	6.732	7.107	13.321	21.750
18/03/2003	0.000	9.410	6.330	16.393	30.410
19/03/2003	21.742	5.362	8.116	12.339	25.950
20/03/2003	6.036	9.315	5.366	15.643	17.180
21/03/2003	14.088	9.041	5.902	15.625	14.720
22/03/2003	27.450	8.326	7.420	15.634	22.220
23/03/2003	2.004	6.903	7.955	14.107	25.270
24/03/2003	2.819	9.466	7.107	16.973	23.510
25/03/2003	0.000	5.946	7.911	12.857	28.820
26/03/2003	4.451	4.057	7.598	10.330	28.780
27/03/2003	0.000	6.877	8.018	14.152	32.980
28/03/2003	0.000	7.862	7.143	14.848	30.870
29/03/2003	0.000	6.108	8.518	13.536	25.560
30/03/2003	2.223	6.961	7.554	13.929	23.820
31/03/2003	0.000	7.331	7.696	14.527	27.720
01/04/2003	0.000	7.459	6.625	13.973	24.980
02/04/2003	0.000	7.179	5.848	13.045	19.280
03/04/2003	0.000	6.269	8.438	13.705	17.430
04/04/2003	1.213	7.681	8.750	15.759	18.800
05/04/2003	0.508	7.599	8.027	15.143	22.090
06/04/2003	0.000	7.043	8.027	14.402	20.410
07/04/2003	0.000	7.727	6.634	14.357	16.950
08/04/2003	28.219	6.763	8.580	14.473	15.250
09/04/2003	8.494	4.776	8.223	11.741	14.250
10/04/2003	0.436	7.309	7.393	14.366	27.320
11/04/2003	3.331	7.674	8.411	15.554	56.900
12/04/2003	1.612	5.124	8.893	12.696	26.320
13/04/2003	0.000	5.944	7.634	12.768	42.510
14/04/2003	8.481	6.041	7.545	12.830	29.570
15/04/2003	0.484	7.692	6.795	14.509	26.420
16/04/2003	18.951	8.785	7.304	16.348	27.420
17/04/2003	23.148	6.611	7.536	13.589	26.050
18/04/2003	10.677	8.837	6.643	16.018	31.380
19/04/2003	0.000	5.698	7.545	12.438	20.550
20/04/2003	0.000	7.232	7.741	14.580	36.960
21/04/2003	23.838	7.385	7.705	14.812	28.760
22/04/2003	34.599	5.611	7.688	12.420	85.560
23/04/2003	4.550	6.609	7.786	13.857	61.780
24/04/2003	0.000	5.274	8.098	12.339	63.850
25/04/2003	1.371	6.566	7.670	13.723	60.860
26/04/2003	0.000	7.592	7.000	14.670	71.960
27/04/2003	0.000	6.143	8.089	13.491	48.880
28/04/2003	0.000	6.663	8.312	14.339	32.180
29/04/2003	0.000	7.495	8.277	15.438	19.710
30/04/2003	0.000	6.623	8.170	14.223	11.150
01/05/2003	0.000	7.059	8.116	14.777	11.150
02/05/2003	2.208	8.057	6.902	15.321	12.610
03/05/2003	0.000	6.201	7.866	13.482	6.690
04/05/2003	0.259	6.671	8.821	14.795	8.260
05/05/2003	0.573	7.991	8.223	16.179	13.770
06/05/2003	2.091	5.868	8.554	13.589	20.490
07/05/2003	3.948	6.337	8.643	14.312	17.760
08/05/2003	4.297	7.364	7.964	15.188	28.770
09/05/2003	9.126	5.506	8.482	13.107	69.500
10/05/2003	1.405	7.045	7.938	14.777	84.520
11/05/2003	0.000	5.836	8.339	13.455	52.580
12/05/2003	0.000	7.789	8.741	16.375	57.170
13/05/2003	0.000	5.573	8.312	13.098	56.590
14/05/2003	0.000	6.707	8.366	14.670	58.470
15/05/2003	0.000	7.366	7.562	15.027	38.570
16/05/2003	0.000	5.993	8.321	13.705	56.320
17/05/2003	0.204	7.380	7.688	15.143	27.940
18/05/2003	8.641	6.435	8.821	14.670	69.410
19/05/2003	0.627	6.041	8.598	13.991	67.860
20/05/2003	0.000	6.176	8.929	14.429	78.430
21/05/2003	0.000	7.162	8.491	15.464	43.550
22/05/2003	10.937	6.880	8.339	14.982	24.580
23/05/2003	9.457	7.622	6.893	15.045	25.610
24/05/2003	10.042	6.795	9.080	15.429	38.660
25/05/2003	1.823	4.865	8.393	12.348	34.830
26/05/2003	0.219	6.642	7.902	14.375	23.660
27/05/2003	0.000	6.097	8.705	14.241	36.410
28/05/2003	1.802	5.840	7.661	13.152	32.920
29/05/2003	1.902	6.835	7.866	14.661	36.350
30/05/2003	24.992	5.836	8.214	13.545	32.100
31/05/2003	0.000	6.627	7.795	14.339	38.440
01/06/2003	1.654	6.507	7.714	14.107	43.530
02/06/2003	0.000	7.105	8.295	15.393	35.990
03/06/2003	1.715	7.149	7.536	14.929	39.420
04/06/2003	5.307	7.631	7.384	15.545	40.510
05/06/2003	34.468	5.989	7.973	13.616	50.610
06/06/2003	1.744	6.960	6.625	14.080	38.530
07/06/2003	8.947	5.525	7.964	13.000	49.970
08/06/2003	0.000	4.933	7.304	11.688	32.900
09/06/2003	0.000	5.926	6.804	12.696	27.720
10/06/2003	0.000	6.446	7.250	13.786	25.730
11/06/2003	3.882	5.681	7.723	13.036	22.800
12/06/2003	0.000	7.641	6.973	15.339	22.150
13/06/2003	22.258	5.898	6.732	12.625	22.800
14/06/2003	0.000	5.106	7.875	12.366	26.050
15/06/2003	4.612	5.398	7.768	12.705	30.450
16/06/2003	12.628	6.939	7.848	14.938	43.330
17/06/2003	14.066	4.964	7.777	12.107	36.750
18/06/2003	1.153	4.813	7.545	11.732	43.670
19/06/2003	1.710	5.393	8.286	13.116	39.200
20/06/2003	0.000	6.936	8.161	15.170	42.030
21/06/2003	5.232	6.311	7.107	13.518	30.450
22/06/2003	3.793	6.875	7.107	14.357	23.780
23/06/2003	0.000	5.643	7.679	12.982	23.450
24/06/2003	0.000	6.637	7.098	14.000	34.300
25/06/2003	0.513	5.613	6.223	11.857	28.480
26/06/2003	0.000	6.084	7.107	13.196	24.750
27/06/2003	0.000	6.062	5.670	12.134	23.130
28/06/2003	0.000	6.631	6.205	13.348	22.480
29/06/2003	0.000	6.069	7.589	13.536	26.380
30/06/2003	0.000	6.598	6.741	13.696	32.600
01/07/2003	0.000	7.155	6.893	14.598	27.400
02/07/2003	0.000	7.399	7.607	15.420	23.130
03/07/2003	0.000	5.590	8.143	13.250	22.480
04/07/2003	3.841	6.197	7.357	13.527	19.580
05/07/2003	0.000	7.605	7.304	15.491	22.150
06/07/2003	0.965	7.838	5.607	14.714	20.670
07/07/2003	0.000	7.334	5.839	14.089	19.580
08/07/2003	31.484	6.811	7.188	14.259	24.100
09/07/2003	0.000	5.427	6.679	11.875	24.770
10/07/2003	0.000	7.225	6.795	14.562	26.050
11/07/2003	0.000	6.380	6.214	12.920	24.100
12/07/2003	0.209	6.373	7.062	13.518	33.250
13/07/2003	0.000	6.088	6.464	12.661	39.900
14/07/2003	0.000	6.827	6.366	13.661	29.420
15/07/2003	0.000	8.087	5.018	14.634	34.650
16/07/2003	0.000	6.949	5.679	13.357	27.020
17/07/2003	0.000	5.335	6.679	11.723	37.800
18/07/2003	0.000	6.066	7.027	12.982	25.730
19/07/2003	0.000	6.955	5.384	13.134	27.350
20/07/2003	0.000	7.092	6.161	13.839	25.440
21/07/2003	0.000	6.439	6.580	13.179	24.210
22/07/2003	0.000	6.517	7.411	13.866	21.090
23/07/2003	0.000	5.224	7.884	12.455	24.590
24/07/2003	2.018	6.004	8.009	13.545	29.290
25/07/2003	0.000	6.230	8.384	14.134	40.260
26/07/2003	0.000	5.485	7.893	12.750	37.400
27/07/2003	0.000	6.163	7.982	13.714	35.420
28/07/2003	0.000	7.097	5.652	13.402	26.520
29/07/2003	1.975	6.575	7.920	14.205	21.830
30/07/2003	0.000	6.732	7.491	14.143	42.590
31/07/2003	0.000	6.283	7.527	13.536	59.470
01/08/2003	0.000	8.345	6.420	15.643	47.340
02/08/2003	0.682	7.034	7.527	14.527	41.040
03/08/2003	23.400	5.839	6.438	12.062	31.850
04/08/2003	0.000	7.901	6.071	14.741	28.770
05/08/2003	0.000	7.545	7.214	14.982	22.050
06/08/2003	0.000	8.463	6.795	15.973	18.940
07/08/2003	0.000	7.176	6.670	14.054	17.100
08/08/2003	0.000	8.305	5.759	15.054	16.830
09/08/2003	0.000	5.604	7.518	12.500	17.100
10/08/2003	0.000	7.410	7.366	14.830	26.050
11/08/2003	0.000	6.479	7.071	13.321	21.060
12/08/2003	0.000	7.893	5.527	14.241	17.080
13/08/2003	0.000	6.879	6.848	13.679	15.500
14/08/2003	0.000	6.903	7.812	14.393	15.250
15/08/2003	0.000	7.769	7.286	15.188	17.520
16/08/2003	0.000	7.830	5.536	14.098	18.770
17/08/2003	0.134	7.612	6.321	14.295	15.760
18/08/2003	0.000	7.289	6.920	14.250	15.000
19/08/2003	0.000	8.473	6.348	15.500	14.500
20/08/2003	2.086	6.756	7.812	14.116	13.500
21/08/2003	0.000	8.059	7.536	15.696	14.430
22/08/2003	5.169	6.815	8.152	14.411	16.890
23/08/2003	0.000	7.941	7.375	15.384	17.720
24/08/2003	0.000	7.372	7.536	14.705	16.260
25/08/2003	0.000	7.873	6.509	14.688	15.000
26/08/2003	0.000	6.866	7.116	13.732	14.260
27/08/2003	0.000	6.767	7.402	13.768	18.030
28/08/2003	0.000	6.463	7.964	13.768	26.000
29/08/2003	0.000	5.603	7.741	12.464	22.270
30/08/2003	0.000	6.701	6.750	13.196	21.080
31/08/2003	0.000	7.548	6.571	14.223	16.830
01/09/2003	0.000	8.143	5.571	14.375	14.500
02/09/2003	0.000	7.661	5.634	13.723	14.000
03/09/2003	0.000	8.176	5.866	14.598	13.500
04/09/2003	0.000	7.983	5.473	14.054	13.000
05/09/2003	0.000	7.722	7.446	15.000	13.000
06/09/2003	0.000	8.223	6.607	15.107	12.750
07/09/2003	20.377	7.664	6.804	14.455	30.830
08/09/2003	7.285	8.161	7.768	15.821	29.710
09/09/2003	13.503	6.784	7.643	13.893	31.170
10/09/2003	0.185	7.505	8.098	15.161	21.380
11/09/2003	0.000	6.779	7.545	13.812	18.620
12/09/2003	0.000	7.081	8.089	14.571	13.500
13/09/2003	0.000	7.850	7.000	14.839	15.000
14/09/2003	0.326	6.579	7.500	13.491	14.250
15/09/2003	0.000	7.029	6.536	13.393	13.500
16/09/2003	0.000	7.260	8.134	14.821	12.750
17/09/2003	0.000	5.893	7.170	12.330	13.400
18/09/2003	0.000	7.047	7.357	14.000	23.100
19/09/2003	0.707	7.634	7.562	14.938	24.580
20/09/2003	0.343	7.119	7.509	14.214	18.370
21/09/2003	0.000	6.254	7.866	13.330	14.720
22/09/2003	8.242	6.499	6.804	12.884	15.940
23/09/2003	1.987	7.030	5.946	12.982	17.870
24/09/2003	1.208	7.984	6.589	14.732	18.890
25/09/2003	0.000	10.214	7.045	18.071	15.190
26/09/2003	14.737	6.996	7.518	14.062	14.330
27/09/2003	8.759	8.458	7.268	15.866	13.610
28/09/2003	10.517	7.134	7.839	14.509	17.770
29/09/2003	10.843	7.875	8.241	15.750	30.120
30/09/2003	4.009	6.136	7.643	13.045	23.030
01/10/2003	5.181	5.859	8.241	13.134	38.620
02/10/2003	0.000	8.224	6.009	14.714	37.010
03/10/2003	0.000	7.934	6.571	14.705	21.020
04/10/2003	0.000	7.062	8.000	14.509	17.190
05/10/2003	9.876	7.197	7.857	14.580	15.750
06/10/2003	23.200	6.143	7.652	13.089	22.120
07/10/2003	0.505	7.295	7.580	14.598	23.620
08/10/2003	14.174	4.518	8.214	11.473	29.520
09/10/2003	0.505	5.812	8.170	13.062	32.540
10/10/2003	10.974	6.832	6.830	13.446	36.000
11/10/2003	1.094	7.844	7.161	15.062	33.700
12/10/2003	0.424	7.668	7.857	15.304	21.690
13/10/2003	23.553	6.230	8.170	13.634	21.440
14/10/2003	0.000	6.305	8.116	13.723	21.940
15/10/2003	0.000	6.859	7.491	13.973	20.580
16/10/2003	5.230	6.937	7.777	14.286	17.640
17/10/2003	0.812	7.148	7.795	14.598	17.940
18/10/2003	1.663	6.791	7.911	14.214	16.950
19/10/2003	0.000	9.092	6.607	16.518	20.730
20/10/2003	0.000	7.214	8.134	14.973	23.720
21/10/2003	20.168	6.191	7.938	13.473	43.630
22/10/2003	0.000	7.375	5.911	13.688	35.280
23/10/2003	1.450	8.718	7.107	16.366	25.480
24/10/2003	0.000	7.240	8.330	15.170	19.670
25/10/2003	0.000	8.369	6.982	15.848	18.660
26/10/2003	14.463	7.077	6.777	13.929	16.730
27/10/2003	19.723	6.148	7.705	13.304	22.440
28/10/2003	12.519	8.252	5.741	14.929	24.300
29/10/2003	43.307	4.661	7.464	11.188	34.380
30/10/2003	5.026	6.698	6.741	13.438	45.670
31/10/2003	0.348	5.200	6.045	10.839	40.550
01/11/2003	0.141	7.353	4.893	13.134	31.190
02/11/2003	1.378	9.745	3.232	15.679	26.730
03/11/2003	24.092	6.277	5.920	12.330	22.890
04/11/2003	0.000	9.462	5.259	16.491	19.470
05/11/2003	0.000	7.662	6.402	14.634	17.930
06/11/2003	0.000	6.852	7.554	14.286	16.870
07/11/2003	0.488	6.173	7.875	13.598	24.570
08/11/2003	0.899	6.635	7.866	14.259	34.640
09/11/2003	0.000	7.611	6.902	14.964	32.360
10/11/2003	27.032	6.623	8.375	14.643	27.770
11/11/2003	0.582	6.461	8.500	14.509	26.150
12/11/2003	33.376	7.095	7.607	14.759	29.440
13/11/2003	0.739	6.923	8.009	14.839	28.390
14/11/2003	0.445	6.954	9.116	15.670	21.670
15/11/2003	5.718	7.444	8.286	15.759	29.420
16/11/2003	3.399	6.559	8.000	14.330	23.630
17/11/2003	0.000	6.453	7.295	13.679	19.550
18/11/2003	0.000	8.785	5.955	16.188	17.100
19/11/2003	2.469	7.912	7.402	15.884	17.900
20/11/2003	11.549	8.353	7.036	16.295	20.410
21/11/2003	9.855	6.221	7.759	13.741	26.760
22/11/2003	20.759	4.388	8.214	11.634	30.710
23/11/2003	0.000	7.419	6.116	14.384	30.450
24/11/2003	24.137	7.285	7.562	15.170	30.840
25/11/2003	1.147	6.472	7.491	13.964	37.390
26/11/2003	0.925	7.101	7.330	14.768	34.440
27/11/2003	7.102	7.038	7.804	15.000	27.350
28/11/2003	15.312	6.438	8.223	14.438	25.670
29/11/2003	18.044	5.472	8.259	13.179	26.070
30/11/2003	7.894	6.789	7.964	14.804	33.410
01/12/2003	7.514	7.217	7.571	15.125	43.250
02/12/2003	23.344	6.048	8.411	14.107	66.820
03/12/2003	14.162	7.026	8.107	15.250	43.040
04/12/2003	0.468	7.815	6.955	15.634	32.020
05/12/2003	14.443	7.936	7.027	15.866	30.190
06/12/2003	26.114	7.801	5.768	14.848	35.750
07/12/2003	0.000	7.651	7.295	15.634	31.270
08/12/2003	0.000	7.505	7.652	15.670	22.930
09/12/2003	0.000	7.051	8.268	15.438	18.850
10/12/2003	0.000	7.083	8.589	15.705	15.760
11/12/2003	6.085	7.101	7.768	15.170	14.500
12/12/2003	0.000	6.076	7.241	13.321	13.500
13/12/2003	2.615	5.941	7.670	13.446	13.590
14/12/2003	17.145	6.081	6.929	13.098	13.830
15/12/2003	0.000	5.714	7.580	13.071	15.300
16/12/2003	0.000	7.772	5.804	14.875	13.500
17/12/2003	0.000	7.886	5.277	14.714	12.750
18/12/2003	2.213	6.201	6.768	13.188	12.660
19/12/2003	0.000	6.145	8.205	14.134	17.150
20/12/2003	0.000	6.695	8.500	15.134	24.480
21/12/2003	0.000	5.094	9.339	13.554	24.450
22/12/2003	1.659	7.062	8.214	15.438	19.590
23/12/2003	0.000	4.766	8.616	12.562	16.000
24/12/2003	0.000	7.258	8.402	15.866	14.820
25/12/2003	0.000	6.757	7.848	14.723	13.500
26/12/2003	9.397	6.235	8.384	14.366	15.290
27/12/2003	18.544	5.194	7.054	11.911	19.170
28/12/2003	8.097	6.677	7.527	14.420	18.140
29/12/2003	0.000	6.203	7.670	13.812	17.030
30/12/2003	8.428	7.750	7.580	15.955	14.540
31/12/2003	0.753	7.533	7.062	15.304	13.250
01/01/2004	0.000	6.761	7.982	14.821	12.000
02/01/2004	0.000	6.707	7.786	14.580	12.000
03/01/2004	0.000	7.694	7.241	15.625	11.500
04/01/2004	0.000	8.306	5.991	15.705	11.000
05/01/2004	0.649	7.221	8.116	15.536	11.400
06/01/2004	1.164	7.731	7.589	15.902	13.700
07/01/2004	0.000	6.185	7.893	13.866	14.500
08/01/2004	0.000	6.899	8.304	15.179	13.500
09/01/2004	1.274	6.410	8.000	14.259	13.500
10/01/2004	0.000	7.117	8.393	15.536	15.100
11/01/2004	4.624	7.289	8.455	15.812	13.900
12/01/2004	14.034	6.570	8.429	14.750	13.200
13/01/2004	11.202	7.906	8.143	16.429	12.000
14/01/2004	10.235	8.548	7.616	16.982	11.200
15/01/2004	11.627	8.912	7.027	17.089	11.400
16/01/2004	0.525	6.490	7.661	14.045	15.000
17/01/2004	67.990	5.933	7.304	13.009	19.800
18/01/2004	0.000	7.181	5.643	13.634	13.400
19/01/2004	0.000	8.770	5.286	15.750	11.200
20/01/2004	0.000	8.432	5.232	15.179	10.500
21/01/2004	0.000	6.723	8.286	14.768	12.000
22/01/2004	4.685	5.220	7.286	11.938	15.400
23/01/2004	0.000	6.861	7.312	14.268	13.500
24/01/2004	1.175	8.689	5.384	15.580	11.500
25/01/2004	0.000	9.489	4.875	16.420	10.100
26/01/2004	0.000	8.911	5.348	15.848	9.400
27/01/2004	0.000	9.585	3.777	15.875	9.200
28/01/2004	0.000	9.949	3.402	16.170	8.800
29/01/2004	0.000	9.923	2.652	15.688	8.800
30/01/2004	0.000	9.395	4.339	15.848	8.600
31/01/2004	0.000	8.207	6.982	15.768	9.000
01/02/2004	0.000	7.947	6.277	14.938	8.800
02/02/2004	0.000	8.770	6.375	16.134	8.300
03/02/2004	0.000	8.297	6.420	15.482	8.400
04/02/2004	0.000	8.925	5.991	16.089	7.400
05/02/2004	0.000	8.854	6.152	16.054	7.200
06/02/2004	0.000	8.334	4.500	14.241	6.500
07/02/2004	0.000	8.821	6.196	15.991	6.500
08/02/2004	0.000	7.416	7.205	14.670	7.400
09/02/2004	0.000	7.292	6.670	14.125	7.000
10/02/2004	0.000	9.055	6.054	16.152	6.500
11/02/2004	0.000	8.519	6.116	15.438	6.500
12/02/2004	0.000	8.821	6.170	15.884	6.500
13/02/2004	0.000	8.229	7.161	15.688	6.900
14/02/2004	0.000	8.055	7.205	15.455	7.500
15/02/2004	11.003	8.491	7.170	16.000	7.400
16/02/2004	0.000	8.990	6.241	16.071	6.900
17/02/2004	0.366	8.593	6.777	15.857	6.500
18/02/2004	0.000	8.485	7.589	16.214	6.500
19/02/2004	3.675	7.065	8.491	14.946	6.900
20/02/2004	12.157	6.147	7.839	13.259	7.900
21/02/2004	22.572	6.666	8.223	14.214	9.300
22/02/2004	0.450	6.208	7.491	13.045	12.400
23/02/2004	33.494	5.179	7.536	11.741	29.900
24/02/2004	0.832	8.672	7.045	16.071	27.400
25/02/2004	16.747	7.791	6.562	14.536	26.800
26/02/2004	0.000	10.370	5.893	17.616	22.100
27/02/2004	0.000	6.159	6.777	12.411	17.900
28/02/2004	0.000	7.173	6.946	13.875	22.800
29/02/2004	0.000	6.714	6.973	13.295	14.800
01/03/2004	0.000	7.638	7.741	15.054	11.400
02/03/2004	0.245	7.206	8.223	14.804	16.400
03/03/2004	0.000	6.779	7.732	13.866	31.000
04/03/2004	0.000	8.046	6.375	14.643	20.500
05/03/2004	0.000	7.549	7.679	14.848	15.300
06/03/2004	0.000	7.523	7.804	14.884	13.200
07/03/2004	0.453	6.519	8.830	14.375	12.000
08/03/2004	0.000	7.046	7.938	14.339	11.000
09/03/2004	0.000	6.279	8.214	13.554	10.100
10/03/2004	0.000	6.057	7.679	12.875	10.500
11/03/2004	10.458	5.835	7.777	12.661	15.000
12/03/2004	0.000	7.589	7.473	14.705	28.900
13/03/2004	0.000	8.443	6.661	15.295	18.600
14/03/2004	0.000	8.183	5.884	14.420	14.700
15/03/2004	0.768	9.132	7.223	16.571	12.500
16/03/2004	7.233	6.862	8.518	14.473	11.700
17/03/2004	0.000	7.948	5.723	13.991	10.800
18/03/2004	0.000	8.631	5.643	14.875	9.900
19/03/2004	0.000	8.544	6.473	15.277	9.000
20/03/2004	0.000	8.913	5.875	15.393	8.100
21/03/2004	3.239	7.942	7.223	14.964	7.600
22/03/2004	4.835	7.672	6.911	14.411	7.600
23/03/2004	0.000	6.819	8.562	14.482	7.700
24/03/2004	0.000	8.653	8.679	16.920	11.200
25/03/2004	17.806	6.423	8.589	13.973	10.900
26/03/2004	8.876	9.415	8.268	17.661	12.400
27/03/2004	14.565	9.485	8.339	17.786	17.300
28/03/2004	18.498	7.958	7.848	15.473	20.900
29/03/2004	1.350	9.698	7.107	17.259	14.900
30/03/2004	1.393	8.072	6.705	14.848	13.100
31/03/2004	0.000	9.530	6.875	16.902	12.900
01/04/2004	3.078	7.602	7.446	14.714	16.700
02/04/2004	2.702	6.974	8.277	14.482	21.400
03/04/2004	20.597	4.770	8.571	11.991	33.600
04/04/2004	0.000	8.215	7.268	15.438	30.200
05/04/2004	0.000	7.469	8.393	15.241	20.200
06/04/2004	16.689	9.597	6.482	16.786	15.000
07/04/2004	0.000	8.912	7.652	16.634	13.000
08/04/2004	0.000	6.539	8.866	14.384	11.400
09/04/2004	0.000	6.899	9.107	15.027	12.400
10/04/2004	0.000	7.077	7.964	14.438	28.000
11/04/2004	0.000	8.799	6.920	16.062	19.300
12/04/2004	16.345	9.324	7.580	17.205	29.000
13/04/2004	30.476	7.903	7.991	15.616	26.500
14/04/2004	21.961	5.906	8.018	13.018	49.300
15/04/2004	1.450	6.019	8.152	13.241	38.400
16/04/2004	0.609	6.562	7.232	13.295	50.500
17/04/2004	7.856	6.520	8.768	14.384	37.700
18/04/2004	25.240	6.788	7.768	13.991	30.800
19/04/2004	3.085	6.667	8.143	14.125	24.400
20/04/2004	0.000	5.782	9.089	13.714	23.600
21/04/2004	8.289	7.320	9.018	15.661	22.600
22/04/2004	21.811	4.935	8.188	11.991	19.000
23/04/2004	16.701	4.844	7.393	11.250	23.500
24/04/2004	0.810	7.082	7.580	14.357	28.700
25/04/2004	6.708	6.961	7.286	14.000	41.800
26/04/2004	6.181	8.493	6.241	15.411	32.500
27/04/2004	9.716	7.224	8.000	14.884	32.600
28/04/2004	5.819	8.009	7.366	15.527	35.300
29/04/2004	8.276	7.208	8.205	15.009	32.900
30/04/2004	1.285	6.569	9.196	14.911	22.100
01/05/2004	11.939	7.914	8.652	16.321	29.000
02/05/2004	0.000	7.828	8.946	16.420	32.500
03/05/2004	3.341	5.737	8.750	13.536	19.600
04/05/2004	6.924	5.524	8.964	13.438	42.400
05/05/2004	0.000	6.314	9.036	14.527	39.200
06/05/2004	0.080	7.053	9.473	15.830	34.300
07/05/2004	0.076	7.367	8.643	15.679	30.900
08/05/2004	0.000	4.963	9.723	13.402	37.100
09/05/2004	15.552	5.830	8.527	13.571	33.900
10/05/2004	5.301	6.300	8.277	14.009	30.800
11/05/2004	0.410	6.456	8.420	14.330	21.600
12/05/2004	0.000	6.890	9.098	15.429	17.900
13/05/2004	4.690	6.915	8.589	15.125	21.000
14/05/2004	0.079	6.377	9.411	15.018	18.200
15/05/2004	14.738	4.597	9.402	12.741	19.300
16/05/2004	6.646	6.928	8.125	14.830	21.800
17/05/2004	7.677	4.926	8.696	12.625	29.400
18/05/2004	2.940	5.896	8.062	13.393	122.300
19/05/2004	13.287	4.016	8.661	11.482	46.800
20/05/2004	0.519	6.149	7.768	13.562	35.700
21/05/2004	0.000	7.415	7.821	15.357	36.800
22/05/2004	11.997	6.027	8.143	13.714	28.700
23/05/2004	0.159	6.813	6.402	13.580	23.100
24/05/2004	0.000	7.369	7.116	14.866	28.000
25/05/2004	0.168	6.472	8.848	14.830	21.000
26/05/2004	0.413	5.870	7.777	13.241	19.900
27/05/2004	0.362	5.763	8.268	13.473	19.600
28/05/2004	1.120	6.553	7.357	13.911	53.500
29/05/2004	0.000	5.630	7.571	12.768	96.000
30/05/2004	0.000	6.803	7.616	14.464	39.500
31/05/2004	21.149	6.281	8.205	14.179	39.200
01/06/2004	10.830	5.242	7.179	11.973	24.100
02/06/2004	0.000	5.596	7.732	12.893	26.400
03/06/2004	0.000	6.104	7.991	13.795	66.100
04/06/2004	0.000	6.574	7.152	13.848	51.100
05/06/2004	4.721	5.133	7.723	12.250	44.500
06/06/2004	10.897	4.715	7.518	11.562	48.600
07/06/2004	0.000	6.410	6.759	13.393	37.800
08/06/2004	0.000	6.552	7.009	13.759	26.000
09/06/2004	0.000	6.093	6.652	12.839	21.800
10/06/2004	0.000	6.015	7.116	13.054	22.500
11/06/2004	0.000	6.477	5.045	12.312	23.100
12/06/2004	4.674	6.095	6.589	12.821	16.300
13/06/2004	0.000	5.266	7.848	12.580	34.500
14/06/2004	0.000	6.512	6.714	13.518	33.300
15/06/2004	0.000	5.804	6.554	12.375	28.100
16/06/2004	0.000	4.325	8.054	11.518	36.400
17/06/2004	3.316	4.511	7.598	11.366	30.500
18/06/2004	0.000	6.503	6.545	13.393	33.300
19/06/2004	0.157	5.913	6.982	12.839	31.200
20/06/2004	4.224	5.989	7.509	13.339	34.000
21/06/2004	0.000	5.587	8.009	13.143	36.100
22/06/2004	0.000	6.192	6.946	13.232	37.800
23/06/2004	7.131	7.077	5.857	13.786	21.000
24/06/2004	0.552	6.558	6.643	13.571	19.000
25/06/2004	2.757	6.656	6.411	13.527	19.000
26/06/2004	0.000	7.237	6.143	14.205	18.500
27/06/2004	2.770	6.496	5.357	12.571	19.300
28/06/2004	4.127	6.671	6.705	13.768	19.600
29/06/2004	0.000	6.713	7.277	14.214	21.200
30/06/2004	0.000	7.486	5.938	14.429	23.500
01/07/2004	0.764	6.458	6.545	13.304	32.200
02/07/2004	0.000	7.555	6.857	15.125	27.500
03/07/2004	0.000	7.693	6.438	15.045	19.300
04/07/2004	14.278	6.397	7.027	13.562	18.800
05/07/2004	0.000	5.632	8.107	13.259	20.100
06/07/2004	0.000	6.291	7.795	13.938	24.400
07/07/2004	0.000	6.773	6.402	13.634	30.100
08/07/2004	2.430	7.919	5.911	14.982	29.800
09/07/2004	21.052	7.240	7.062	14.768	36.800
10/07/2004	7.462	7.831	6.964	15.536	27.100
11/07/2004	0.661	6.388	7.839	14.062	22.100
12/07/2004	0.000	6.656	6.170	13.259	51.900
13/07/2004	0.000	6.817	6.009	13.375	40.600
14/07/2004	24.963	6.659	7.750	14.357	52.300
15/07/2004	0.000	6.084	6.446	12.598	40.400
16/07/2004	0.634	6.707	6.580	13.589	27.400
17/07/2004	0.000	5.730	6.429	12.089	22.500
18/07/2004	0.000	7.231	5.214	13.420	26.100
19/07/2004	0.000	6.840	5.366	12.929	21.000
20/07/2004	0.000	7.114	7.286	14.616	23.100
21/07/2004	2.400	6.882	6.598	13.795	23.100
22/07/2004	5.221	7.895	5.232	14.357	23.500
23/07/2004	0.208	7.885	6.295	15.009	22.500
24/07/2004	0.000	7.436	6.589	14.545	21.000
25/07/2004	14.441	6.685	6.054	13.098	41.400
26/07/2004	0.000	7.282	6.411	14.179	24.800
27/07/2004	1.826	5.331	8.312	12.839	43.200
28/07/2004	0.000	7.129	6.009	13.661	44.900
29/07/2004	0.000	7.348	6.839	14.527	32.200
30/07/2004	0.000	6.038	7.054	12.830	41.900
31/07/2004	0.000	5.714	6.607	12.054	74.900
01/08/2004	0.000	7.968	5.205	14.304	39.900
02/08/2004	0.000	7.553	4.598	13.286	26.400
03/08/2004	0.000	6.691	6.098	13.009	19.800
04/08/2004	0.000	6.656	6.982	13.571	19.600
05/08/2004	0.000	7.926	5.964	14.661	29.300
06/08/2004	0.000	6.510	6.027	12.670	29.800
07/08/2004	0.000	6.224	6.670	12.714	19.600
08/08/2004	0.000	6.922	5.804	13.107	21.800
09/08/2004	0.000	5.791	6.723	12.134	19.000
10/08/2004	0.000	7.105	5.232	12.929	20.400
11/08/2004	0.000	5.970	6.589	12.241	19.000
12/08/2004	0.000	7.387	6.152	13.929	17.400
13/08/2004	0.000	6.224	6.482	12.518	30.700
14/08/2004	0.000	6.967	5.955	13.161	26.000
15/08/2004	0.000	7.227	6.348	13.786	25.400
16/08/2004	0.000	9.029	5.955	16.054	23.500
17/08/2004	3.318	7.060	8.393	14.955	18.200
18/08/2004	0.984	7.523	7.643	15.045	17.700
19/08/2004	0.000	7.179	7.652	14.589	16.500
20/08/2004	0.000	8.171	6.759	15.304	41.300
21/08/2004	0.000	7.669	7.107	14.830	26.400
22/08/2004	0.000	8.241	6.866	15.455	19.900
23/08/2004	0.000	7.506	5.429	13.446	16.800
24/08/2004	0.000	7.454	6.902	14.357	16.300
25/08/2004	0.446	7.625	7.795	15.196	38.500
26/08/2004	0.000	8.146	6.179	14.812	37.100
27/08/2004	0.000	8.362	6.384	15.241	19.300
28/08/2004	2.100	7.887	7.955	15.616	17.400
29/08/2004	24.949	7.307	7.188	14.312	17.900
30/08/2004	0.000	7.358	6.607	13.973	22.100
31/08/2004	2.144	8.735	7.045	16.143	20.000
01/09/2004	0.000	9.535	4.580	15.696	17.900
02/09/2004	0.000	9.570	5.277	16.143	15.000
03/09/2004	0.000	8.047	5.643	14.241	17.900
04/09/2004	8.097	6.915	7.643	14.054	17.400
05/09/2004	3.971	6.833	7.268	13.670	17.400
06/09/2004	0.000	8.318	5.902	14.750	17.900
07/09/2004	0.815	6.602	6.625	12.875	16.900
08/09/2004	28.263	5.973	7.188	12.482	50.300
09/09/2004	16.492	6.875	6.991	13.536	45.500
10/09/2004	1.833	6.337	7.259	13.009	44.100
11/09/2004	0.000	6.500	7.464	13.357	27.800
12/09/2004	0.000	6.234	7.509	13.045	19.000
13/09/2004	0.000	7.837	5.652	13.920	16.800
14/09/2004	0.000	7.672	6.027	13.920	16.800
15/09/2004	0.000	8.855	5.509	15.223	16.900
16/09/2004	0.000	8.488	6.804	15.545	18.800
17/09/2004	0.000	8.450	5.446	14.616	14.300
18/09/2004	0.000	8.945	5.732	15.482	14.000
19/09/2004	3.627	9.006	5.277	15.277	14.000
20/09/2004	1.097	9.041	6.661	16.205	14.500
21/09/2004	6.182	8.636	7.420	16.134	18.200
22/09/2004	0.684	9.179	6.750	16.446	18.800
23/09/2004	0.000	7.495	7.902	14.955	17.900
24/09/2004	0.000	8.727	6.741	15.830	17.400
25/09/2004	1.341	8.914	7.384	16.509	16.800
26/09/2004	0.000	7.213	7.438	14.277	17.100
27/09/2004	4.437	7.312	7.304	14.312	17.400
28/09/2004	3.517	8.201	6.893	15.223	12.800
29/09/2004	3.092	8.602	7.241	15.982	15.300
30/09/2004	0.000	7.909	8.027	15.625	13.300
01/10/2004	0.864	7.841	7.268	15.027	12.500
02/10/2004	18.175	8.685	6.438	15.616	15.300
03/10/2004	0.000	7.607	8.321	15.429	11.500
04/10/2004	0.259	7.740	8.562	15.795	11.500
05/10/2004	0.000	7.492	7.321	14.607	20.100
06/10/2004	1.499	7.295	7.991	14.839	31.100
07/10/2004	0.000	5.549	7.866	12.464	34.700
08/10/2004	0.000	7.704	7.571	15.107	40.900
09/10/2004	28.099	8.916	8.402	17.339	32.900
10/10/2004	13.132	8.050	7.759	15.759	21.300
11/10/2004	0.000	9.407	6.402	16.661	30.800
12/10/2004	23.217	8.611	7.116	16.089	27.100
13/10/2004	1.317	9.119	7.179	16.804	24.800
14/10/2004	2.657	8.282	8.964	16.875	14.800
15/10/2004	0.334	8.678	7.643	16.527	11.800
16/10/2004	0.000	9.815	7.080	17.723	12.300
17/10/2004	22.889	8.874	7.723	16.875	12.800
18/10/2004	9.047	9.749	7.170	17.777	12.300
19/10/2004	18.054	7.867	6.518	14.714	25.100
20/10/2004	0.000	6.495	7.062	13.241	31.200
21/10/2004	11.287	5.999	7.339	12.786	51.500
22/10/2004	9.323	7.854	6.848	15.018	27.400
23/10/2004	21.925	5.045	7.875	11.964	25.800
24/10/2004	7.267	7.432	7.625	14.991	26.100
25/10/2004	3.209	8.429	6.946	15.920	37.500
26/10/2004	20.039	8.415	7.402	16.205	28.100
27/10/2004	14.004	7.640	6.179	14.339	33.300
28/10/2004	1.203	6.816	7.304	13.955	22.100
29/10/2004	4.610	6.965	7.250	14.143	27.400
30/10/2004	13.646	7.622	6.054	14.277	27.100
31/10/2004	0.000	7.794	6.580	14.893	25.400
01/11/2004	0.000	7.058	7.902	14.759	22.500
02/11/2004	4.136	5.650	8.804	13.536	17.900
03/11/2004	0.000	8.570	7.241	16.482	19.000
04/11/2004	11.098	7.183	7.661	14.795	18.200
05/11/2004	15.304	7.720	8.179	15.938	13.500
06/11/2004	0.000	5.778	7.607	12.875	29.800
07/11/2004	2.541	6.169	7.955	13.688	28.500
08/11/2004	0.000	5.882	8.161	13.446	37.800
09/11/2004	1.897	6.127	8.589	14.107	53.300
10/11/2004	33.957	6.138	7.920	13.634	27.700
12/11/2004	0.000	7.316	6.777	14.545	14.600
13/11/2004	6.180	7.174	8.098	15.223	13.500
14/11/2004	29.897	7.248	7.688	15.080	29.800
15/11/2004	21.782	7.248	7.875	15.223	30.500
16/11/2004	0.477	8.339	7.330	16.411	32.200
17/11/2004	5.793	7.701	7.652	15.723	44.100
18/11/2004	42.802	7.154	8.161	15.330	58.800
19/11/2004	4.269	7.012	8.009	15.045	38.500
20/11/2004	11.784	7.129	8.268	15.393	28.400
21/11/2004	0.298	8.225	8.188	16.911	26.000
22/11/2004	0.000	8.058	7.125	15.955	18.200
23/11/2004	0.000	9.694	4.411	16.696	17.100
24/11/2004	3.038	6.923	7.875	14.866	17.000
25/11/2004	43.913	6.301	7.134	13.455	15.500
26/11/2004	0.493	7.843	7.536	16.000	22.100
27/11/2004	0.000	7.964	6.696	15.643	24.900
28/11/2004	0.000	7.953	6.161	15.259	23.100
29/11/2004	0.000	7.657	7.152	15.473	18.200
30/11/2004	3.157	7.609	7.143	15.420	15.800
01/12/2004	21.972	6.124	9.107	14.732	14.100
02/12/2004	0.000	5.139	8.241	12.741	19.400
03/12/2004	0.000	6.872	7.536	14.643	20.800
04/12/2004	0.000	5.648	9.188	14.152	20.700
05/12/2004	0.000	5.588	9.134	14.027	25.200
06/12/2004	0.000	7.073	8.375	15.527	21.600
07/12/2004	2.206	6.738	7.179	14.223	17.000
08/12/2004	14.015	8.698	7.911	17.571	16.000
09/12/2004	0.000	6.532	7.375	14.071	15.000
10/12/2004	0.000	6.986	7.875	15.089	14.400
11/12/2004	16.385	6.206	8.741	14.598	24.000
12/12/2004	0.000	7.526	6.955	15.250	18.200
13/12/2004	0.000	5.945	8.295	13.920	17.900
14/12/2004	7.544	8.883	7.411	17.554	15.800
15/12/2004	14.560	5.263	8.330	13.018	21.800
16/12/2004	0.000	6.587	7.902	14.536	20.900
17/12/2004	18.439	4.980	8.830	13.045	16.800
18/12/2004	1.121	6.756	7.955	14.839	16.800
19/12/2004	1.121	7.486	7.625	15.652	20.200
20/12/2004	0.000	8.572	6.125	16.286	20.100
21/12/2004	0.000	7.264	8.196	15.723	17.400
22/12/2004	1.535	7.770	6.911	15.580	18.200
23/12/2004	18.610	7.649	6.857	15.366	19.800
24/12/2004	0.901	7.820	7.777	16.232	18.500
25/12/2004	0.224	8.012	7.625	16.393	18.500
26/12/2004	29.528	7.962	6.643	15.714	17.900
27/12/2004	0.000	7.548	6.857	15.214	17.900
28/12/2004	0.000	7.904	5.821	15.080	14.800
29/12/2004	0.000	7.151	6.768	14.536	15.800
30/12/2004	0.000	6.441	6.259	13.152	14.300
31/12/2004	0.000	7.658	7.080	15.473	17.400
01/01/2005	0.000	8.574	4.375	15.125	13.550
02/01/2005	0.000	7.672	6.143	14.875	12.500
03/01/2005	0.000	7.476	6.973	15.134	12.250
04/01/2005	1.655	6.944	7.973	15.018	11.500
05/01/2005	0.000	6.558	8.438	14.804	11.500
06/01/2005	0.000	5.474	8.946	13.688	10.770
07/01/2005	0.000	6.377	8.446	14.536	11.070
08/01/2005	0.000	8.465	7.438	16.821	12.740
09/01/2005	30.597	7.191	7.286	14.884	12.000
10/01/2005	7.458	8.246	7.420	16.473	11.960
11/01/2005	0.000	6.515	8.955	15.071	18.150
12/01/2005	0.000	8.439	8.812	17.643	15.470
13/01/2005	0.000	7.678	9.125	16.795	14.790
14/01/2005	25.985	6.831	7.536	14.464	16.160
15/01/2005	26.583	6.501	7.286	13.812	13.590
16/01/2005	2.797	7.370	8.045	15.580	19.330
17/01/2005	28.106	7.378	8.866	16.161	14.300
18/01/2005	0.000	8.773	6.286	16.384	12.690
19/01/2005	0.000	7.587	7.839	15.688	12.980
20/01/2005	0.000	6.656	8.393	14.786	12.500
21/01/2005	0.000	6.822	8.295	14.902	12.610
22/01/2005	0.000	6.983	7.893	14.821	18.090
23/01/2005	0.000	7.668	7.161	15.250	22.120
24/01/2005	0.000	7.540	6.411	14.545	18.180
25/01/2005	0.000	7.338	7.223	14.830	21.640
26/01/2005	0.338	8.194	6.375	15.455	17.620
27/01/2005	0.000	8.858	5.696	15.955	14.390
28/01/2005	0.000	8.045	7.107	15.679	12.730
29/01/2005	4.533	6.575	8.411	14.518	12.000
30/01/2005	0.000	7.187	6.991	14.357	10.330
31/01/2005	0.000	7.536	6.902	14.768	14.750
01/02/2005	0.000	6.641	7.866	14.179	12.000
02/02/2005	11.195	7.232	8.911	15.723	11.020
03/02/2005	10.397	6.936	8.241	14.812	10.770
04/02/2005	0.000	6.730	8.455	14.714	10.770
05/02/2005	0.000	5.893	9.134	14.071	13.000
06/02/2005	0.000	8.032	8.750	16.625	17.380
07/02/2005	0.000	9.191	8.920	18.268	14.000
08/02/2005	18.790	6.388	8.670	14.330	21.270
09/02/2005	2.476	8.472	8.938	17.286	40.250
10/02/2005	26.924	6.980	9.491	15.705	37.990
11/02/2005	0.000	5.273	9.116	13.223	30.800
12/02/2005	68.231	5.649	8.741	13.384	130.200
13/02/2005	0.000	9.133	7.438	17.134	41.610
14/02/2005	0.000	7.658	8.339	15.679	26.050
15/02/2005	0.000	8.355	5.232	14.580	19.020
16/02/2005	0.000	6.128	8.384	13.652	17.570
17/02/2005	0.295	7.597	7.902	15.259	25.780
18/02/2005	0.000	8.313	7.411	15.875	19.110
19/02/2005	0.000	8.334	6.741	15.438	16.160
20/02/2005	0.000	8.055	7.786	15.741	14.660
21/02/2005	0.000	8.277	7.696	15.955	14.000
22/02/2005	0.000	9.968	6.518	17.482	13.500
23/02/2005	0.000	8.399	7.830	16.196	12.750
24/02/2005	0.000	8.013	8.750	16.295	12.250
25/02/2005	0.000	9.833	6.214	17.062	12.000
26/02/2005	0.000	8.008	7.929	15.688	12.000
27/02/2005	0.206	8.343	8.295	16.375	12.000
28/02/2005	0.000	7.078	7.982	14.482	12.000
01/03/2005	0.000	9.307	7.339	16.991	12.000
02/03/2005	0.000	6.626	8.777	14.455	12.250
03/03/2005	0.000	7.212	9.348	15.598	12.610
04/03/2005	34.527	4.463	9.134	12.170	18.450
05/03/2005	0.000	8.946	8.464	17.250	19.380
06/03/2005	2.168	7.926	7.616	15.286	15.340
07/03/2005	9.338	5.615	8.670	13.071	14.790
08/03/2005	0.000	8.742	7.339	16.170	16.080
09/03/2005	0.431	8.114	5.946	14.393	14.370
10/03/2005	0.000	7.634	7.411	14.723	16.040
11/03/2005	0.000	9.206	7.562	16.920	16.650
12/03/2005	0.000	9.596	6.571	16.804	14.490
13/03/2005	0.000	10.239	7.304	18.098	13.930
14/03/2005	0.258	9.326	7.161	16.786	13.250
15/03/2005	0.000	7.723	7.598	14.946	12.750
16/03/2005	0.000	8.003	6.938	14.857	12.250
17/03/2005	12.043	9.084	8.107	17.062	12.360
18/03/2005	11.180	7.093	7.205	13.848	12.580
19/03/2005	3.306	7.571	7.366	14.598	12.500
20/03/2005	0.000	7.768	7.554	14.964	12.290
21/03/2005	1.092	9.060	6.098	15.759	17.640
22/03/2005	0.000	8.497	7.188	15.679	15.000
23/03/2005	9.155	7.155	6.946	13.732	13.500
24/03/2005	0.112	7.464	8.045	14.929	15.190
25/03/2005	0.000	8.883	6.821	15.938	20.720
26/03/2005	0.000	7.902	8.661	15.902	16.340
27/03/2005	0.000	8.872	8.223	16.893	14.080
28/03/2005	1.449	9.355	7.848	17.250	15.200
29/03/2005	1.676	8.082	7.205	15.143	16.380
30/03/2005	0.000	9.723	6.732	17.071	14.900
31/03/2005	36.031	7.056	7.652	14.125	14.600
01/04/2005	0.000	7.366	8.268	14.946	14.670
02/04/2005	0.000	8.051	8.196	15.821	13.270
03/04/2005	1.803	7.157	8.464	14.821	13.000
04/04/2005	20.602	7.081	9.179	15.286	20.130
05/04/2005	2.091	7.217	8.759	15.152	25.410
06/04/2005	2.282	5.885	8.973	13.634	35.300
07/04/2005	0.244	7.583	9.420	16.098	40.510
08/04/2005	0.000	7.140	9.223	15.420	45.250
09/04/2005	12.136	6.819	8.714	14.643	55.160
10/04/2005	3.832	7.138	8.161	14.652	41.250
11/04/2005	10.857	6.327	8.250	13.670	29.090
12/04/2005	0.000	8.187	7.598	15.661	28.150
13/04/2005	0.000	6.928	8.946	14.982	48.200
14/04/2005	0.000	6.526	8.536	14.179	34.310
15/04/2005	3.147	6.697	8.402	14.304	32.260
16/04/2005	0.000	6.971	8.580	14.812	38.730
17/04/2005	0.000	5.147	9.304	13.089	26.700
18/04/2005	21.004	7.229	8.420	15.018	36.220
19/04/2005	0.000	8.941	8.125	17.098	25.690
20/04/2005	0.699	6.746	10.000	15.580	25.800
21/04/2005	15.858	5.984	8.036	13.170	51.500
22/04/2005	4.743	7.975	7.920	15.723	36.180
23/04/2005	13.886	6.970	8.893	15.116	39.840
24/04/2005	9.803	8.393	7.080	15.786	45.420
25/04/2005	5.706	8.539	8.250	16.777	54.460
26/04/2005	16.841	7.830	7.875	15.580	61.680
27/04/2005	16.456	8.714	8.589	17.259	52.740
28/04/2005	0.189	7.724	8.429	15.839	33.470
29/04/2005	0.205	7.265	8.250	15.125	26.610
30/04/2005	0.561	6.740	7.580	13.929	21.870
01/05/2005	0.000	7.530	8.125	15.411	19.710
02/05/2005	0.000	7.790	7.536	15.357	18.040
03/05/2005	18.343	6.379	8.277	14.036	20.610
04/05/2005	9.385	6.126	8.982	14.250	28.020
05/05/2005	3.382	7.805	7.848	15.661	36.380
06/05/2005	0.912	7.933	8.330	16.179	32.790
07/05/2005	0.000	7.178	9.179	15.768	24.330
08/05/2005	4.832	7.197	9.223	15.839	19.550
09/05/2005	7.404	6.561	9.393	15.152	19.450
10/05/2005	0.000	6.271	9.045	14.554	29.470
11/05/2005	0.000	6.067	10.036	15.036	29.420
12/05/2005	11.272	7.161	9.196	15.848	32.990
13/05/2005	0.000	7.126	9.080	15.723	27.750
14/05/2005	16.971	4.142	8.902	11.804	30.210
15/05/2005	0.505	7.329	8.375	15.527	38.790
16/05/2005	10.899	5.822	9.062	14.045	54.700
17/05/2005	2.899	6.775	8.518	14.911	40.510
18/05/2005	4.679	7.798	8.045	15.991	42.420
19/05/2005	12.892	5.676	8.964	13.804	49.430
20/05/2005	1.710	8.082	7.527	16.080	30.990
21/05/2005	0.000	8.434	6.804	16.134	25.330
22/05/2005	9.324	6.600	7.500	14.018	26.270
23/05/2005	19.592	6.852	7.393	14.295	29.590
24/05/2005	0.000	8.563	5.232	15.357	28.310
25/05/2005	2.798	7.490	7.152	15.062	25.360
26/05/2005	0.700	6.477	8.250	14.402	20.960
27/05/2005	2.512	6.457	8.455	14.536	26.000
28/05/2005	9.419	6.052	7.527	13.304	30.890
29/05/2005	0.000	5.942	7.795	13.366	30.410
30/05/2005	0.000	5.763	8.634	13.750	24.290
31/05/2005	0.000	4.701	8.536	12.295	23.860
01/06/2005	0.000	6.251	8.009	13.982	26.890
02/06/2005	1.823	6.796	8.286	14.938	30.360
03/06/2005	1.369	6.726	8.545	15.054	27.860
04/06/2005	1.204	5.508	8.964	13.705	26.780
05/06/2005	0.000	6.460	8.571	14.732	35.820
06/06/2005	8.536	5.965	8.179	13.759	45.170
07/06/2005	1.950	5.042	8.429	12.696	35.520
08/06/2005	1.296	6.934	7.946	14.938	27.800
09/06/2005	7.018	4.829	8.670	12.625	28.060
10/06/2005	0.000	6.618	8.286	14.768	30.250
11/06/2005	9.609	6.933	8.125	15.089	26.980
12/06/2005	8.200	6.178	7.330	13.473	28.870
13/06/2005	0.000	7.067	7.893	15.134	22.880
14/06/2005	0.000	6.696	9.009	15.402	27.020
15/06/2005	0.000	6.571	8.679	15.009	17.920
16/06/2005	0.000	6.556	8.554	14.893	16.000
17/06/2005	0.000	6.610	8.679	15.054	15.750
18/06/2005	0.000	7.475	6.152	14.571	17.100
19/06/2005	0.000	7.816	6.777	15.491	18.310
20/06/2005	0.000	6.392	7.402	13.848	21.970
21/06/2005	0.610	6.121	7.929	13.848	33.720
22/06/2005	0.000	6.107	8.196	14.018	37.090
23/06/2005	6.279	6.411	5.795	12.741	31.750
24/06/2005	0.000	6.707	6.241	13.482	27.080
25/06/2005	1.012	6.620	7.205	14.036	23.450
26/06/2005	0.000	8.148	6.018	15.500	21.550
27/06/2005	0.000	6.538	7.929	14.420	20.510
28/06/2005	4.035	6.592	7.554	14.223	20.470
29/06/2005	3.474	5.262	6.786	11.777	56.060
30/06/2005	0.411	5.632	7.268	12.643	58.890
01/07/2005	0.000	6.982	6.625	14.143	37.850
02/07/2005	0.000	5.535	7.634	12.777	27.120
03/07/2005	0.000	8.263	4.786	14.857	23.490
04/07/2005	3.686	7.723	6.143	14.902	21.530
05/07/2005	0.175	8.630	6.446	16.429	26.570
06/07/2005	0.102	5.542	7.830	12.946	24.810
07/07/2005	0.000	6.443	6.571	13.304	27.460
08/07/2005	0.000	7.395	6.259	14.482	24.720
09/07/2005	0.000	6.335	7.054	13.455	22.530
10/07/2005	0.000	7.334	4.929	13.500	19.300
11/07/2005	0.000	7.650	4.179	13.491	17.370
12/07/2005	0.000	7.023	5.661	13.509	16.270
13/07/2005	0.000	6.940	7.634	14.679	15.750
14/07/2005	0.804	6.053	7.429	13.259	15.560
15/07/2005	23.258	8.249	6.170	15.607	17.330
16/07/2005	0.225	6.895	7.473	14.500	16.550
17/07/2005	7.894	7.540	8.768	16.286	20.020
18/07/2005	0.227	6.008	8.902	14.286	20.720
19/07/2005	8.352	5.866	9.018	14.188	20.770
20/07/2005	8.879	6.294	7.723	13.795	35.180
21/07/2005	0.000	6.879	6.679	13.866	39.660
22/07/2005	0.000	6.936	7.786	14.705	25.550
23/07/2005	0.000	8.788	5.446	15.821	25.430
24/07/2005	0.000	7.923	6.366	15.152	20.320
25/07/2005	0.000	6.449	7.786	14.009	27.570
26/07/2005	0.000	6.850	6.696	13.768	25.710
27/07/2005	0.000	6.181	7.893	13.679	20.670
28/07/2005	0.000	6.769	6.911	13.795	25.730
29/07/2005	0.000	6.302	7.580	13.598	20.130
30/07/2005	0.000	6.667	7.812	14.250	16.830
31/07/2005	0.000	7.038	7.071	14.241	15.750
01/08/2005	0.000	6.735	6.312	13.268	17.380
02/08/2005	0.000	7.159	7.250	14.491	17.920
03/08/2005	0.000	6.911	7.000	13.973	25.680
04/08/2005	0.000	7.085	7.196	14.357	31.670
05/08/2005	0.000	7.591	6.946	14.857	33.640
06/08/2005	0.000	7.386	6.777	14.455	23.270
07/08/2005	0.000	6.963	7.054	14.027	18.820
08/08/2005	0.000	7.397	6.652	14.375	22.260
09/08/2005	0.000	6.052	7.955	13.402	34.850
10/08/2005	0.000	6.601	7.188	13.571	29.620
11/08/2005	0.000	5.762	7.938	12.991	33.250
12/08/2005	0.000	7.823	5.938	14.411	28.770
13/08/2005	0.000	8.289	5.955	15.071	19.620
14/08/2005	0.000	7.282	7.125	14.420	20.700
15/08/2005	3.359	7.224	7.732	14.750	21.640
16/08/2005	0.800	5.900	7.973	13.152	25.160
17/08/2005	7.050	6.601	7.839	13.973	34.400
18/08/2005	0.000	7.717	5.545	13.911	30.010
19/08/2005	1.701	5.656	7.268	12.277	55.920
20/08/2005	0.000	7.185	6.080	13.491	41.760
21/08/2005	0.000	7.094	7.938	14.643	25.330
22/08/2005	0.000	7.927	6.625	14.857	22.210
23/08/2005	18.014	9.427	6.411	16.812	25.120
24/08/2005	19.764	7.879	5.875	14.304	37.010
25/08/2005	0.000	6.881	6.241	13.116	44.460
26/08/2005	0.000	7.244	7.223	14.277	25.080
27/08/2005	0.000	8.929	4.875	15.080	18.750
28/08/2005	0.000	8.167	6.214	14.848	16.550
29/08/2005	0.000	8.731	6.027	15.509	18.430
30/08/2005	0.000	9.527	5.938	16.518	16.040
31/08/2005	14.789	6.827	8.062	14.268	18.800
01/09/2005	0.000	9.059	6.312	16.098	17.260
02/09/2005	0.000	7.290	6.473	13.759	17.760
03/09/2005	12.963	7.496	6.830	14.277	26.080
04/09/2005	0.000	8.824	5.679	15.357	20.470
05/09/2005	0.000	7.957	6.366	14.589	16.460
06/09/2005	0.000	8.356	6.804	15.411	23.800
07/09/2005	0.000	7.457	7.446	14.643	22.890
08/09/2005	0.000	6.801	6.375	12.982	24.020
09/09/2005	0.000	7.134	6.482	13.527	22.150
10/09/2005	0.000	7.660	6.848	14.473	19.030
11/09/2005	0.000	7.490	6.241	13.839	16.280
12/09/2005	0.000	8.898	6.438	15.893	15.000
13/09/2005	0.000	7.547	5.607	13.464	14.000
14/09/2005	0.000	7.081	8.009	14.491	13.000
15/09/2005	0.000	6.859	8.348	14.446	18.040
16/09/2005	0.000	7.493	7.054	14.375	23.180
17/09/2005	0.000	9.367	5.545	15.946	16.280
18/09/2005	0.000	8.353	5.884	14.759	13.750
19/09/2005	0.000	7.077	7.268	13.982	12.760
20/09/2005	0.000	7.840	6.366	14.366	14.690
21/09/2005	0.000	9.566	5.670	16.304	14.480
22/09/2005	0.867	10.021	6.446	17.420	16.120
23/09/2005	18.131	6.624	7.625	13.625	14.800
24/09/2005	22.840	7.713	6.839	14.527	39.440
25/09/2005	7.613	9.391	5.402	15.955	24.560
26/09/2005	16.632	7.057	6.607	13.473	26.270
27/09/2005	7.015	6.644	7.777	13.812	27.150
28/09/2005	2.503	7.159	7.527	14.250	38.570
29/09/2005	8.883	8.586	5.268	14.732	40.710
30/09/2005	10.712	8.280	7.321	15.661	31.490
01/10/2005	0.000	6.173	8.571	13.768	29.770
02/10/2005	0.000	7.791	7.232	14.929	24.380
03/10/2005	2.664	9.174	7.625	17.080	21.840
04/10/2005	0.000	9.654	7.045	17.366	22.770
05/10/2005	3.998	9.300	6.902	16.804	33.450
06/10/2005	0.000	7.276	7.223	14.259	28.330
07/10/2005	0.000	6.612	7.759	13.750	27.740
08/10/2005	0.000	8.980	5.714	15.616	27.370
09/10/2005	16.955	5.920	7.027	12.312	23.230
10/10/2005	19.203	8.656	6.670	15.821	28.690
11/10/2005	14.167	7.633	6.946	14.625	42.310
12/10/2005	3.190	8.544	6.812	15.795	36.240
13/10/2005	29.297	7.851	6.857	14.875	25.900
14/10/2005	6.098	7.607	6.884	14.545	20.540
15/10/2005	16.833	8.497	6.036	15.268	21.190
16/10/2005	0.000	7.447	6.812	14.348	19.710
17/10/2005	24.255	7.801	7.571	15.348	36.280
18/10/2005	17.323	8.373	7.384	16.000	29.860
19/10/2005	10.227	6.889	8.125	14.509	22.960
20/10/2005	0.300	7.445	7.482	14.812	20.470
21/10/2005	14.319	8.856	6.607	16.223	25.860
22/10/2005	18.399	6.480	7.929	13.866	29.740
23/10/2005	4.874	7.243	7.071	14.330	37.510
24/10/2005	29.634	5.971	7.714	13.054	52.190
25/10/2005	12.903	6.001	7.661	13.036	55.520
26/10/2005	0.000	6.584	7.161	13.491	47.970
27/10/2005	0.000	6.775	7.795	14.241	31.110
28/10/2005	40.604	7.745	8.071	15.786	25.050
29/10/2005	3.312	8.323	7.277	16.036	23.020
30/10/2005	3.687	7.633	7.955	15.536	30.800
31/10/2005	1.012	7.278	8.545	15.509	26.270
01/11/2005	20.586	5.331	8.902	13.205	28.040
02/11/2005	0.000	7.535	8.027	15.518	28.450
03/11/2005	0.000	6.806	8.348	14.732	22.510
04/11/2005	4.971	6.564	8.411	14.473	21.970
05/11/2005	0.000	8.101	8.455	16.652	28.820
06/11/2005	5.114	7.518	8.455	15.830	25.740
07/11/2005	3.308	8.101	7.902	16.295	38.280
08/11/2005	0.000	7.079	7.643	14.705	29.660
09/11/2005	45.011	6.471	8.402	14.420	37.400
10/11/2005	2.281	6.512	8.152	14.277	36.260
11/11/2005	26.374	5.211	8.152	12.554	30.060
12/11/2005	4.106	5.784	6.554	12.143	43.370
13/11/2005	23.192	6.093	8.250	13.857	52.800
14/11/2005	5.589	6.785	7.804	14.482	46.680
15/11/2005	11.854	7.493	7.143	15.036	39.300
16/11/2005	0.000	7.368	7.545	15.143	32.870
17/11/2005	25.385	8.595	7.821	17.116	25.850
18/11/2005	0.000	7.904	8.562	16.652	24.220
19/11/2005	0.000	8.709	7.875	17.339	24.780
20/11/2005	8.856	8.268	8.000	16.804	21.240
21/11/2005	15.535	6.517	8.152	14.438	23.290
22/11/2005	36.035	6.180	8.152	14.009	59.900
23/11/2005	4.340	8.114	6.616	15.741	36.220
24/11/2005	0.000	8.086	6.982	15.938	28.530
25/11/2005	1.694	9.738	5.125	17.205	24.300
26/11/2005	0.000	7.958	5.268	14.670	24.800
27/11/2005	0.000	8.167	5.946	15.429	26.080
28/11/2005	0.000	8.210	6.679	15.946	23.370
29/11/2005	0.000	8.356	7.196	16.518	23.120
30/11/2005	0.000	6.707	8.205	14.830	22.150
01/12/2005	0.000	7.835	7.580	16.054	21.500
02/12/2005	0.000	8.134	6.080	15.509	21.660
03/12/2005	14.594	6.924	6.848	14.223	23.100
04/12/2005	32.530	6.489	6.866	13.616	22.150
05/12/2005	27.414	6.516	7.723	14.286	22.830
06/12/2005	33.171	6.927	7.375	14.634	30.450
07/12/2005	0.323	7.140	7.259	14.884	27.400
08/12/2005	0.436	5.655	7.670	13.018	29.380
09/12/2005	0.196	7.397	7.527	15.438	31.890
10/12/2005	0.000	7.753	8.062	16.304	26.730
11/12/2005	0.000	7.887	6.429	15.420	24.760
12/12/2005	0.000	6.616	8.304	14.866	24.260
13/12/2005	0.393	7.163	7.518	15.107	24.970
14/12/2005	31.971	6.509	7.777	14.348	24.100
15/12/2005	0.469	8.156	6.295	15.759	23.780
16/12/2005	2.881	6.954	7.830	15.027	26.350
17/12/2005	12.938	7.239	7.036	14.893	24.420
18/12/2005	0.000	7.009	7.018	14.554	23.800
19/12/2005	0.000	6.909	6.125	13.786	23.230
20/12/2005	0.869	6.792	6.741	14.036	23.120
21/12/2005	18.945	6.664	7.375	14.295	24.970
22/12/2005	0.814	6.084	7.491	13.527	29.370
23/12/2005	2.180	5.011	8.196	12.562	29.680
24/12/2005	0.405	5.288	8.000	12.786	29.070
25/12/2005	0.369	6.144	7.821	13.848	26.810
26/12/2005	0.496	6.416	7.420	13.946	25.490
27/12/2005	0.303	6.864	6.920	14.241	25.220
28/12/2005	0.000	8.155	5.393	15.161	24.100
29/12/2005	0.000	7.794	6.473	15.312	22.800
30/12/2005	0.000	8.050	4.786	14.607	21.820
31/12/2005	0.000	9.572	3.295	16.045	21.220
01/01/2006	0.000	8.296	4.607	14.857	14.040
02/01/2006	0.000	8.816	4.643	15.652	13.250
03/01/2006	11.810	6.396	6.786	13.420	19.390
04/01/2006	1.724	6.335	7.357	13.714	26.250
05/01/2006	1.822	7.027	7.652	14.938	32.790
06/01/2006	0.000	6.579	6.875	13.741	50.070
07/01/2006	1.470	6.394	7.196	13.688	57.240
08/01/2006	21.223	6.713	7.536	14.375	55.580
09/01/2006	0.000	6.906	6.589	13.973	39.340
10/01/2006	1.630	6.556	7.679	14.214	31.440
11/01/2006	22.125	7.852	7.982	16.268	28.880
12/01/2006	16.767	6.497	7.938	14.312	34.680
13/01/2006	0.000	8.014	7.062	15.857	30.550
14/01/2006	0.000	8.393	4.929	15.027	25.400
15/01/2006	27.812	6.045	8.116	13.768	27.000
16/01/2006	22.530	6.725	8.411	14.920	37.920
17/01/2006	1.466	6.382	7.562	13.795	29.160
18/01/2006	0.000	6.449	7.723	14.009	25.130
19/01/2006	0.000	7.326	5.643	13.839	26.360
20/01/2006	0.000	8.371	5.741	15.420	23.530
21/01/2006	0.000	7.135	6.848	14.357	22.800
22/01/2006	0.000	6.157	8.205	13.902	20.610
23/01/2006	0.000	5.754	8.812	13.804	19.350
24/01/2006	0.626	6.075	8.277	13.804	18.860
25/01/2006	0.000	6.891	8.036	14.759	18.200
26/01/2006	0.000	6.865	9.295	15.589	18.040
27/01/2006	11.598	4.344	9.741	12.741	18.200
28/01/2006	22.407	7.066	8.438	15.241	29.030
29/01/2006	0.000	7.016	8.205	14.991	25.260
30/01/2006	0.000	6.948	6.973	13.991	28.490
31/01/2006	1.335	5.756	8.795	13.679	26.900
01/02/2006	0.000	5.839	8.518	13.580	27.600
02/02/2006	1.749	6.871	7.804	14.446	29.620
03/02/2006	0.000	8.394	8.116	16.759	32.290
04/02/2006	5.612	6.833	8.688	15.018	26.810
05/02/2006	56.988	5.778	7.848	12.946	33.740
06/02/2006	21.189	6.833	8.009	14.455	31.140
07/02/2006	0.000	8.028	7.366	15.643	24.750
08/02/2006	1.543	6.947	8.366	14.857	23.040
09/02/2006	0.000	7.683	7.161	15.000	22.900
10/02/2006	2.654	6.967	8.295	14.795	19.510
11/02/2006	0.000	7.418	7.045	14.509	18.310
12/02/2006	0.000	7.004	8.241	14.759	17.510
13/02/2006	1.138	8.098	7.679	15.857	18.960
14/02/2006	0.000	8.295	6.250	15.179	19.030
15/02/2006	0.000	8.669	6.179	15.607	16.780
16/02/2006	0.000	9.092	6.786	16.562	15.670
17/02/2006	0.000	7.216	8.348	15.054	15.150
18/02/2006	0.000	8.221	8.857	16.768	14.730
19/02/2006	9.393	6.324	7.875	13.518	15.420
20/02/2006	9.075	6.866	7.027	13.625	15.270
21/02/2006	0.000	5.551	8.071	12.634	14.500
22/02/2006	0.512	6.417	7.571	13.384	14.330
23/02/2006	0.000	10.038	4.277	16.223	13.810
24/02/2006	0.000	9.846	5.339	16.554	13.380
25/02/2006	0.000	7.217	7.125	14.089	13.330
26/02/2006	0.000	7.215	7.589	14.393	13.000
27/02/2006	3.096	6.981	7.071	13.741	14.230
28/02/2006	12.133	8.431	7.250	15.804	16.620
01/03/2006	0.000	7.733	6.884	14.571	16.570
02/03/2006	0.000	8.224	7.402	15.562	15.190
03/03/2006	0.000	8.730	7.402	16.241	14.100
04/03/2006	15.998	8.511	8.759	16.866	13.650
05/03/2006	0.000	6.424	7.902	13.527	13.150
06/03/2006	7.476	5.779	9.027	13.580	13.850
07/03/2006	15.085	6.781	8.152	14.170	15.310
08/03/2006	7.901	6.869	7.839	14.080	19.910
09/03/2006	7.430	5.018	8.161	11.938	38.700
10/03/2006	11.390	7.785	8.018	15.402	58.350
11/03/2006	0.000	7.362	6.170	13.509	32.990
12/03/2006	10.479	8.009	5.714	14.107	25.330
13/03/2006	10.456	7.050	7.045	13.696	42.940
14/03/2006	2.233	7.481	8.286	15.125	28.800
15/03/2006	10.160	5.697	8.036	12.661	31.970
16/03/2006	22.719	6.400	7.741	13.339	25.700
17/03/2006	0.446	8.027	7.795	15.536	22.610
18/03/2006	4.460	8.069	6.759	14.875	28.500
19/03/2006	15.118	7.190	7.920	14.491	25.830
20/03/2006	0.000	8.472	7.607	15.964	24.910
21/03/2006	5.174	8.199	7.812	15.723	26.280
22/03/2006	0.173	5.684	8.134	12.705	28.220
23/03/2006	0.000	8.346	8.161	16.170	33.600
24/03/2006	15.872	5.370	7.670	11.964	37.360
25/03/2006	19.251	5.385	7.920	12.214	34.700
26/03/2006	13.411	7.299	7.589	14.402	41.850
27/03/2006	0.418	6.426	8.125	13.652	32.140
28/03/2006	0.000	6.782	8.089	14.098	46.210
29/03/2006	0.000	7.949	7.241	15.000	33.280
30/03/2006	0.000	7.487	8.366	15.170	24.860
31/03/2006	0.000	8.009	7.652	15.384	21.310
01/04/2006	1.698	7.836	6.973	14.696	19.510
02/04/2006	10.410	8.190	8.509	16.241	20.430
03/04/2006	0.000	8.293	8.062	16.071	19.230
04/04/2006	12.635	6.629	7.830	13.732	23.300
05/04/2006	18.163	5.420	8.223	12.509	42.800
06/04/2006	0.000	7.297	7.580	14.438	66.090
07/04/2006	21.445	5.759	7.920	12.696	52.410
08/04/2006	0.000	7.437	7.866	14.821	50.130
09/04/2006	0.000	8.016	6.384	14.598	32.020
10/04/2006	11.096	7.815	6.268	14.268	36.410
11/04/2006	28.424	7.595	7.920	15.107	41.060
12/04/2006	8.107	4.532	7.893	11.179	43.230
13/04/2006	32.751	6.545	7.893	13.741	70.600
14/04/2006	18.559	7.466	7.000	14.357	47.530
15/04/2006	0.000	8.352	7.080	15.598	36.400
16/04/2006	2.488	6.956	6.982	13.652	32.640
17/04/2006	4.247	5.941	8.902	13.741	33.830
18/04/2006	0.000	7.011	8.089	14.518	33.130
19/04/2006	11.421	7.084	6.804	13.714	36.750
20/04/2006	16.531	8.843	7.946	16.920	38.310
21/04/2006	1.086	6.482	7.946	13.759	35.850
22/04/2006	5.182	7.386	8.438	15.330	29.490
23/04/2006	3.379	4.457	8.795	11.938	31.250
24/04/2006	9.621	6.440	8.402	14.089	52.590
25/04/2006	1.398	7.026	8.170	14.696	40.100
26/04/2006	2.925	5.863	8.446	13.402	35.150
27/04/2006	29.639	5.854	8.009	13.071	54.120
28/04/2006	1.822	6.661	7.179	13.527	46.050
29/04/2006	7.846	7.109	8.170	14.875	45.170
30/04/2006	11.300	6.928	7.866	14.411	57.630
01/05/2006	3.851	6.782	8.625	14.795	44.200
02/05/2006	0.957	4.738	8.188	11.830	34.480
03/05/2006	1.328	5.650	9.045	13.643	39.490
04/05/2006	0.191	6.891	8.375	14.759	35.320
05/05/2006	9.012	5.752	8.616	13.473	33.640
06/05/2006	0.000	5.823	8.714	13.643	40.580
07/05/2006	3.151	6.234	8.527	14.054	31.410
08/05/2006	6.402	5.613	8.536	13.250	37.760
09/05/2006	6.377	5.448	8.625	13.125	44.460
10/05/2006	27.665	4.873	8.312	12.170	48.930
11/05/2006	7.077	5.127	8.080	12.321	52.470
12/05/2006	1.889	6.395	7.723	13.750	42.380
13/05/2006	0.000	5.611	8.116	12.991	32.020
14/05/2006	0.000	8.063	5.438	14.589	27.780
15/05/2006	0.000	7.270	6.205	13.955	25.350
16/05/2006	0.000	7.925	7.438	15.705	23.910
17/05/2006	18.705	7.356	8.446	15.625	23.150
18/05/2006	0.000	6.696	8.554	14.830	22.880
19/05/2006	0.000	6.632	7.759	14.188	22.800
20/05/2006	0.000	8.618	7.009	16.518	22.800
21/05/2006	4.085	8.096	7.491	16.107	22.690
22/05/2006	11.009	7.498	8.107	15.661	23.260
23/05/2006	0.000	8.460	4.080	14.473	22.150
24/05/2006	3.083	6.033	8.054	13.625	24.040
25/05/2006	0.000	6.778	8.250	14.821	50.040
26/05/2006	0.000	6.677	8.179	14.643	52.670
27/05/2006	0.000	7.000	7.295	14.464	45.270
28/05/2006	0.000	6.783	8.232	14.830	32.000
29/05/2006	12.067	5.692	7.304	12.661	35.990
30/05/2006	0.000	6.222	7.688	13.688	38.530
31/05/2006	0.000	6.681	8.500	14.920	39.070
01/06/2006	8.640	4.871	8.741	12.670	43.250
02/06/2006	23.542	6.112	7.821	13.670	44.760
03/06/2006	8.640	6.835	8.259	15.000	39.410
04/06/2006	8.470	7.017	8.795	15.652	36.140
05/06/2006	5.500	7.000	7.786	14.920	36.520
06/06/2006	38.384	6.233	8.223	14.152	75.030
07/06/2006	7.563	4.684	8.116	11.982	63.540
08/06/2006	0.437	5.388	8.143	12.964	54.780
09/06/2006	0.978	4.852	7.393	11.634	48.080
10/06/2006	8.712	6.113	8.232	14.027	48.840
11/06/2006	5.989	5.847	6.482	12.384	53.690
12/06/2006	8.555	6.321	7.170	13.562	58.350
13/06/2006	0.000	6.262	6.911	13.286	48.020
14/06/2006	0.000	7.006	6.509	14.107	39.840
15/06/2006	0.865	5.554	7.634	12.821	40.850
16/06/2006	0.000	5.784	7.723	13.223	48.460
17/06/2006	0.000	5.351	6.580	11.768	55.880
18/06/2006	0.000	5.850	7.348	13.036	52.240
19/06/2006	0.000	6.571	6.741	13.634	49.850
20/06/2006	0.350	6.585	7.143	13.955	47.840
21/06/2006	0.000	5.738	8.321	13.598	47.670
22/06/2006	0.000	7.486	8.027	15.857	69.760
23/06/2006	0.000	6.446	7.964	14.330	70.130
24/06/2006	0.000	6.872	6.741	14.080	37.800
25/06/2006	0.000	7.892	5.125	14.545	29.400
26/06/2006	0.000	7.737	6.089	14.920	24.100
27/06/2006	0.000	6.814	7.955	14.839	23.130
28/06/2006	0.000	5.775	8.920	14.107	25.100
29/06/2006	0.000	5.403	8.000	12.893	31.500
30/06/2006	0.000	6.209	8.045	14.036	32.900
01/07/2006	0.000	7.205	7.670	15.196	29.220
02/07/2006	0.000	6.051	9.116	14.607	28.160
03/07/2006	0.000	5.293	8.821	13.375	37.170
04/07/2006	0.000	4.371	7.991	11.491	52.440
05/07/2006	0.000	6.647	6.545	13.616	29.640
06/07/2006	0.000	6.932	6.402	13.902	28.000
07/07/2006	0.000	6.423	7.455	13.875	24.370
08/07/2006	0.000	6.905	6.679	14.045	24.100
09/07/2006	0.000	6.739	6.616	13.732	21.540
10/07/2006	0.000	7.282	5.991	14.107	19.710
11/07/2006	0.000	7.120	6.536	14.223	21.390
12/07/2006	0.000	6.838	7.036	14.152	23.020
13/07/2006	0.000	6.167	8.277	14.062	21.630
14/07/2006	0.000	7.315	7.375	15.045	24.070
15/07/2006	7.921	5.604	8.304	13.330	27.590
16/07/2006	0.000	6.211	8.054	13.938	30.090
17/07/2006	0.000	6.560	7.241	13.875	21.990
18/07/2006	0.000	5.497	8.241	13.089	20.030
19/07/2006	0.000	6.392	7.107	13.491	20.130
20/07/2006	0.000	7.538	5.848	14.295	19.320
21/07/2006	0.000	6.945	6.438	13.795	21.260
22/07/2006	16.094	6.857	6.839	13.938	22.560
23/07/2006	0.000	7.530	6.938	14.982	49.490
24/07/2006	0.000	7.224	6.259	14.036	40.100
25/07/2006	0.194	7.423	7.366	15.054	46.230
26/07/2006	0.778	7.813	6.562	15.045	32.790
27/07/2006	0.200	8.039	6.304	15.205	24.240
28/07/2006	36.324	4.497	6.768	10.536	61.690
29/07/2006	1.677	6.090	6.223	12.321	43.410
30/07/2006	0.000	7.419	5.536	13.768	39.850
31/07/2006	0.000	7.472	6.027	14.152	27.480
01/08/2006	0.000	6.012	6.750	12.571	21.640
02/08/2006	1.944	6.896	6.964	13.946	25.020
03/08/2006	0.000	7.818	4.455	13.607	24.850
04/08/2006	0.000	6.822	5.062	12.509	19.760
05/08/2006	0.000	6.783	6.429	13.357	18.340
06/08/2006	0.000	7.243	6.214	13.857	19.440
07/08/2006	0.000	6.648	6.554	13.232	18.570
08/08/2006	0.000	7.238	6.875	14.277	27.310
09/08/2006	0.212	7.722	7.089	15.089	31.320
10/08/2006	1.603	7.055	8.821	15.357	26.120
11/08/2006	14.712	6.141	8.527	13.920	24.570
12/08/2006	0.000	7.295	6.759	14.214	26.430
13/08/2006	0.000	8.265	5.616	14.839	24.370
14/08/2006	0.000	8.578	5.188	14.973	23.130
15/08/2006	0.271	7.499	6.750	14.455	22.150
16/08/2006	0.000	8.035	6.500	15.027	23.750
17/08/2006	0.000	6.995	6.955	13.866	30.420
18/08/2006	0.000	6.085	8.125	13.473	25.820
19/08/2006	0.000	7.423	7.902	15.089	22.100
20/08/2006	0.000	7.108	7.438	14.312	22.650
21/08/2006	8.762	7.132	7.545	14.429	31.890
22/08/2006	0.239	7.418	6.598	14.143	26.710
23/08/2006	0.000	8.253	6.366	15.134	23.570
24/08/2006	0.000	7.770	7.036	14.893	21.490
25/08/2006	0.672	6.450	7.054	13.098	20.950
26/08/2006	0.251	6.625	7.473	13.634	20.120
27/08/2006	6.418	6.995	6.884	13.696	19.930
28/08/2006	7.800	7.603	6.482	14.268	22.620
29/08/2006	4.007	8.745	6.080	15.562	22.240
30/08/2006	0.277	8.142	6.482	14.973	20.510
31/08/2006	0.000	9.484	6.625	16.902	19.570
01/09/2006	0.636	7.883	8.027	15.625	19.300
02/09/2006	0.000	9.215	6.598	16.500	18.750
03/09/2006	0.000	8.784	6.696	15.938	18.200
04/09/2006	0.000	8.050	8.241	15.982	18.200
05/09/2006	2.368	7.715	8.000	15.375	18.570
06/09/2006	0.000	7.084	7.116	13.911	19.110
07/09/2006	0.164	7.249	6.536	13.732	19.010
08/09/2006	0.000	7.099	7.357	14.071	18.470
09/09/2006	0.000	8.940	6.312	15.884	18.200
10/09/2006	0.000	7.951	7.125	15.054	17.920
11/09/2006	0.000	6.179	7.741	13.125	17.930
12/09/2006	0.000	8.390	6.777	15.411	18.200
13/09/2006	8.784	7.566	8.018	15.143	18.200
14/09/2006	1.939	8.568	7.027	15.804	17.920
15/09/2006	10.323	8.342	5.732	14.634	17.650
16/09/2006	0.000	8.343	7.786	16.000	17.650
17/09/2006	5.027	7.094	7.500	14.134	18.390
18/09/2006	1.234	5.704	7.723	12.491	22.050
19/09/2006	1.762	7.259	8.000	14.714	22.840
20/09/2006	0.000	9.192	5.357	15.580	20.640
21/09/2006	2.204	9.341	5.125	15.634	19.020
22/09/2006	4.657	9.864	6.991	17.527	20.220
23/09/2006	1.004	10.004	7.009	17.705	20.070
24/09/2006	5.639	7.248	7.089	14.089	19.680
25/09/2006	8.376	9.294	6.312	16.330	27.640
26/09/2006	0.000	7.621	7.134	14.598	29.310
27/09/2006	0.000	11.130	5.098	18.107	24.320
28/09/2006	0.000	10.029	5.634	16.911	20.380
29/09/2006	0.000	8.157	6.339	14.804	19.020
30/09/2006	0.130	8.849	6.661	15.964	18.490
01/10/2006	0.000	6.665	8.188	14.089	19.360
02/10/2006	0.726	7.481	8.929	15.688	19.900
03/10/2006	0.000	8.061	7.982	15.804	19.880
04/10/2006	0.000	8.187	8.554	16.366	19.380
05/10/2006	0.000	7.960	8.482	16.018	21.400
06/10/2006	0.000	8.391	7.732	16.089	19.350
07/10/2006	0.000	7.931	6.732	14.812	19.160
08/10/2006	6.102	8.904	6.804	16.196	19.820
09/10/2006	0.000	9.559	6.812	17.098	18.520
10/10/2006	0.000	9.456	7.562	17.464	18.060
11/10/2006	5.979	6.934	8.821	14.973	17.790
12/10/2006	22.277	5.512	8.259	12.759	18.910
13/10/2006	17.872	7.101	8.438	14.982	23.140
14/10/2006	10.749	6.433	8.509	14.134	31.170
15/10/2006	25.685	7.118	8.339	14.946	31.560
16/10/2006	0.000	7.657	7.223	14.902	29.260
17/10/2006	6.584	5.987	7.170	12.625	22.950
18/10/2006	9.879	9.029	6.357	16.259	22.400
19/10/2006	19.907	8.002	5.455	14.241	21.800
20/10/2006	1.044	7.525	7.393	14.884	22.070
21/10/2006	16.562	7.724	7.295	15.098	24.990
22/10/2006	3.692	7.761	8.134	15.750	23.680
23/10/2006	4.011	6.639	7.607	13.857	25.620
24/10/2006	0.000	9.656	5.839	16.893	28.220
25/10/2006	0.000	8.452	7.321	16.152	21.570
26/10/2006	8.245	8.262	7.402	15.964	20.620
27/10/2006	13.014	8.193	8.027	16.304	21.880
28/10/2006	2.605	7.659	7.170	15.018	20.210
29/10/2006	10.604	7.599	8.402	15.795	24.570
30/10/2006	43.715	7.421	7.214	14.750	27.370
31/10/2006	0.000	8.118	6.938	15.554	24.110
01/11/2006	39.176	7.240	8.250	15.295	27.170
02/11/2006	2.461	8.146	8.170	16.473	31.310
03/11/2006	0.580	7.709	8.884	16.357	25.370
04/11/2006	0.000	7.792	6.920	15.125	22.260
05/11/2006	2.168	6.346	8.777	14.455	21.240
06/11/2006	1.573	7.696	7.777	15.634	21.500
07/11/2006	1.794	6.909	7.473	14.312	22.320
08/11/2006	12.788	5.151	8.223	12.554	31.720
09/11/2006	2.231	7.517	7.696	15.393	38.680
10/11/2006	58.434	8.544	6.839	16.277	38.110
11/11/2006	0.000	7.825	7.652	15.795	28.020
12/11/2006	11.331	4.846	8.205	12.143	26.470
13/11/2006	0.639	7.626	7.054	15.161	29.760
14/11/2006	23.915	4.884	7.955	12.009	35.120
15/11/2006	31.689	4.659	7.491	11.348	32.430
16/11/2006	4.669	7.149	6.625	14.241	28.730
17/11/2006	0.000	6.255	7.179	13.357	26.420
18/11/2006	30.100	7.004	5.438	13.250	36.110
19/11/2006	25.950	7.705	5.804	14.545	34.450
20/11/2006	0.000	5.989	8.455	13.938	28.990
21/11/2006	0.000	7.200	8.116	15.366	28.720
22/11/2006	13.580	5.843	7.375	12.938	29.620
23/11/2006	0.000	7.206	7.179	14.759	27.340
24/11/2006	2.265	6.141	8.607	14.304	24.060
25/11/2006	4.157	5.972	8.545	14.027	23.530
26/11/2006	17.643	7.823	8.250	16.438	22.890
27/11/2006	0.000	6.502	8.036	14.411	22.640
28/11/2006	0.000	8.953	7.438	17.545	23.070
29/11/2006	1.484	7.273	7.438	15.125	23.230
30/11/2006	0.000	6.918	8.375	15.259	22.390
01/12/2006	4.741	8.361	6.598	16.152	21.220
02/12/2006	0.000	7.090	8.366	15.491	22.010
03/12/2006	0.000	7.730	7.491	15.866	21.430
04/12/2006	5.296	8.093	8.830	17.286	20.320
05/12/2006	13.977	6.450	8.446	14.688	22.540
06/12/2006	11.293	7.347	9.339	16.634	27.510
07/12/2006	11.401	5.635	8.777	13.830	35.570
08/12/2006	0.534	6.937	7.920	15.027	28.170
09/12/2006	24.160	5.014	9.196	13.321	30.510
10/12/2006	0.000	7.301	7.741	15.464	25.210
11/12/2006	5.942	7.143	7.205	14.857	22.720
12/12/2006	44.718	5.980	7.446	13.330	22.960
13/12/2006	0.000	6.158	8.848	14.634	22.470
14/12/2006	0.000	6.686	8.446	15.080	21.510
15/12/2006	0.000	6.723	7.732	14.607	21.230
16/12/2006	0.000	5.780	8.402	13.768	22.460
17/12/2006	0.000	7.866	5.777	15.000	21.770
18/12/2006	0.000	6.494	8.268	14.688	21.680
19/12/2006	14.804	6.274	8.491	14.518	22.150
20/12/2006	31.506	5.028	8.884	13.107	23.210
21/12/2006	20.180	6.597	7.964	14.607	25.770
22/12/2006	1.046	6.714	7.911	14.723	23.630
23/12/2006	0.000	6.478	7.688	14.223	22.200
24/12/2006	0.276	7.533	8.420	16.241	22.120
25/12/2006	0.000	7.746	7.696	16.045	21.240
26/12/2006	0.000	6.391	7.518	13.973	21.360
27/12/2006	0.000	6.195	7.884	13.938	20.950
28/12/2006	0.000	7.023	8.420	15.509	20.400
29/12/2006	0.000	6.136	8.571	14.375	20.120
30/12/2006	0.000	7.530	6.509	14.929	19.570
31/12/2006	0.000	7.122	6.018	13.982	19.020
01/01/2007	2.911	7.526	6.732	15.062	18.750
02/01/2007	1.433	6.673	7.821	14.562	18.470
03/01/2007	0.000	8.159	5.812	15.384	18.200
04/01/2007	0.000	7.446	5.330	13.982	17.920
05/01/2007	0.000	8.024	5.643	15.036	17.650
06/01/2007	0.000	7.995	6.080	15.277	17.650
07/01/2007	0.000	6.357	8.259	14.375	17.650
08/01/2007	0.000	6.161	8.830	14.509	17.860
09/01/2007	12.118	6.693	8.938	15.339	17.780
10/01/2007	0.000	7.146	9.143	16.089	18.090
11/01/2007	0.000	6.985	8.312	15.250	17.650
12/01/2007	0.000	9.010	8.473	18.214	17.390
13/01/2007	3.523	6.757	9.196	15.545	17.650
14/01/2007	12.444	6.709	8.509	14.991	17.650
15/01/2007	0.000	7.345	9.634	16.643	17.650
16/01/2007	0.000	7.490	8.929	16.330	17.650
17/01/2007	0.000	6.898	9.188	15.670	17.650
18/01/2007	9.099	8.853	8.652	18.027	17.750
19/01/2007	5.647	7.072	9.375	16.036	18.200
20/01/2007	0.000	8.030	8.616	16.804	18.640
21/01/2007	0.000	6.638	9.464	15.473	19.070
22/01/2007	0.000	7.394	9.464	16.491	19.270
23/01/2007	0.421	8.302	7.848	16.607	18.200
24/01/2007	0.000	7.168	8.429	15.402	17.920
25/01/2007	0.421	5.951	9.589	14.634	17.820
26/01/2007	29.737	6.329	8.946	14.634	18.990
27/01/2007	0.000	9.183	8.616	18.304	18.680
28/01/2007	0.000	9.327	6.982	17.411	16.280
29/01/2007	0.000	9.954	5.848	17.580	14.500
30/01/2007	0.000	8.449	6.205	15.616	13.500
31/01/2007	0.000	8.925	6.241	16.312	12.500
01/02/2007	4.483	10.250	6.089	18.062	11.500
02/02/2007	0.000	10.390	5.938	18.134	11.000
03/02/2007	0.000	10.643	5.821	18.393	11.000
04/02/2007	0.000	10.355	5.188	17.589	11.000
05/02/2007	0.000	10.371	6.071	18.116	11.000
06/02/2007	0.000	10.698	5.330	18.107	11.000
07/02/2007	0.000	9.669	4.562	16.179	10.770
08/02/2007	0.354	10.627	4.964	17.741	10.550
09/02/2007	0.000	8.991	6.152	16.134	10.580
10/02/2007	4.902	7.550	8.161	15.464	11.210
11/02/2007	0.000	9.667	7.009	17.580	10.770
12/02/2007	0.000	8.706	6.277	15.777	10.550
13/02/2007	2.097	10.677	6.089	18.357	10.330
14/02/2007	47.868	9.011	7.438	16.893	11.000
15/02/2007	0.429	8.306	7.241	15.786	11.460
16/02/2007	0.146	6.866	7.634	14.098	10.780
17/02/2007	0.172	7.594	7.884	15.250	11.450
18/02/2007	0.268	9.445	6.295	16.723	11.780
19/02/2007	0.162	8.093	6.911	15.232	12.800
20/02/2007	0.000	8.912	4.679	14.929	11.980
21/02/2007	0.000	8.612	6.179	15.429	11.900
22/02/2007	0.000	9.943	4.938	16.500	11.250
23/02/2007	0.000	9.814	5.000	16.330	10.770
24/02/2007	0.000	8.544	4.920	14.482	10.550
25/02/2007	0.348	7.065	7.277	14.000	10.550
26/02/2007	0.000	6.817	7.277	13.661	12.300
27/02/2007	0.000	9.157	5.554	15.688	13.010
28/02/2007	0.000	9.753	5.545	16.482	11.750
01/03/2007	0.000	9.402	6.018	16.277	11.250
02/03/2007	0.000	8.729	5.857	15.241	10.770
03/03/2007	0.000	8.739	6.464	15.652	10.320
04/03/2007	0.000	6.623	7.884	13.786	10.330
05/03/2007	0.000	7.170	7.259	14.045	11.130
06/03/2007	4.862	8.657	6.696	15.670	13.190
07/03/2007	12.334	7.402	8.491	15.205	13.500
08/03/2007	0.697	7.177	8.098	14.643	12.250
09/03/2007	0.000	8.026	7.339	15.205	14.050
10/03/2007	10.680	7.328	7.616	14.455	19.780
11/03/2007	6.419	8.191	7.330	15.384	17.250
12/03/2007	3.716	7.867	7.295	14.938	14.050
13/03/2007	3.349	8.916	6.045	15.527	13.260
14/03/2007	12.492	7.011	6.821	13.473	13.850
15/03/2007	2.761	7.987	5.902	14.161	13.250
16/03/2007	0.948	8.646	6.098	15.188	12.990
17/03/2007	25.591	8.588	7.473	16.009	13.740
18/03/2007	0.536	7.246	6.884	13.848	16.090
19/03/2007	1.207	6.640	8.205	13.964	15.550
20/03/2007	0.591	6.248	8.607	13.777	14.500
21/03/2007	15.361	6.664	8.393	14.116	14.000
22/03/2007	2.366	6.539	8.107	13.759	15.380
23/03/2007	17.468	6.577	7.830	13.607	20.800
24/03/2007	6.363	6.815	7.580	13.741	25.430
25/03/2007	24.829	4.510	7.991	11.188	20.480
26/03/2007	0.000	7.923	7.562	15.179	21.010
27/03/2007	0.000	7.868	7.946	15.384	19.330
28/03/2007	3.124	7.631	8.562	15.571	27.260
29/03/2007	0.000	6.928	8.321	14.464	33.960
30/03/2007	0.000	7.837	7.973	15.393	31.310
31/03/2007	0.000	7.655	7.911	15.098	29.180
01/04/2007	0.000	7.454	8.482	15.250	25.330
02/04/2007	1.511	5.574	9.250	13.482	24.550
03/04/2007	0.000	7.286	8.875	15.321	29.720
04/04/2007	34.661	7.272	7.518	14.339	31.600
05/04/2007	12.580	6.931	9.223	15.179	31.350
06/04/2007	18.253	6.371	7.946	13.527	38.720
07/04/2007	0.000	6.828	7.179	13.518	31.670
08/04/2007	1.617	7.626	7.580	14.884	28.330
09/04/2007	17.958	6.792	7.688	13.866	31.970
10/04/2007	0.000	9.116	6.268	16.027	27.230
11/04/2007	2.202	7.575	7.661	14.902	25.010
12/04/2007	0.000	7.996	8.482	16.036	23.130
13/04/2007	0.000	7.023	7.795	14.277	23.140
14/04/2007	13.222	6.155	8.170	13.420	23.910
15/04/2007	2.232	8.078	7.955	15.804	24.590
16/04/2007	0.000	5.558	8.152	12.661	23.670
17/04/2007	0.000	7.282	8.723	15.312	25.080
18/04/2007	7.568	7.275	8.205	14.938	26.130
19/04/2007	29.938	7.367	8.152	15.045	32.100
20/04/2007	7.571	4.529	7.795	11.170	37.610
21/04/2007	25.507	5.916	7.696	12.821	52.630
22/04/2007	5.277	6.298	6.786	12.688	40.060
23/04/2007	9.457	8.137	7.286	15.545	38.540
24/04/2007	0.000	7.407	7.982	15.045	34.210
25/04/2007	21.255	6.017	8.321	13.482	47.840
26/04/2007	15.409	6.924	8.188	14.598	43.180
27/04/2007	5.129	7.297	7.964	14.946	41.180
28/04/2007	6.041	5.768	8.295	13.161	35.480
29/04/2007	1.750	5.535	8.366	12.955	33.600
30/04/2007	0.000	6.202	7.884	13.446	36.090
01/05/2007	0.370	6.702	8.500	14.580	35.830
02/05/2007	0.000	7.670	8.179	15.670	35.150
03/05/2007	0.000	6.041	8.911	14.071	32.230
04/05/2007	0.000	6.248	9.134	14.509	31.460
05/05/2007	0.000	7.204	9.000	15.652	30.580
06/05/2007	0.674	6.832	9.045	15.196	28.030
07/05/2007	0.000	8.197	9.161	17.134	26.390
08/05/2007	14.645	5.709	9.259	13.955	30.790
09/05/2007	11.219	5.604	9.848	14.286	36.110
10/05/2007	1.976	5.411	8.830	13.277	31.620
11/05/2007	0.000	5.990	8.339	13.634	28.290
12/05/2007	0.000	5.858	7.652	12.955	27.880
13/05/2007	0.268	5.996	8.250	13.598	33.890
14/05/2007	0.000	6.816	8.357	14.795	32.140
15/05/2007	0.000	5.755	8.920	13.821	28.960
16/05/2007	2.331	6.652	8.330	14.571	27.840
17/05/2007	0.537	7.258	8.848	15.777	27.340
18/05/2007	27.263	4.741	8.518	12.241	28.310
19/05/2007	0.000	6.928	8.616	15.214	29.310
20/05/2007	0.000	6.448	9.286	15.062	30.040
21/05/2007	24.399	6.865	7.554	14.411	42.880
22/05/2007	14.626	7.314	6.920	14.616	46.020
23/05/2007	6.188	7.985	6.143	15.071	32.680
24/05/2007	0.399	6.504	8.295	14.455	28.800
25/05/2007	15.850	6.171	7.804	13.661	28.520
26/05/2007	4.021	6.302	7.777	13.848	28.400
27/05/2007	2.452	7.730	7.259	15.527	29.040
28/05/2007	29.888	6.336	7.652	13.804	31.720
29/05/2007	13.980	5.421	7.688	12.580	29.810
30/05/2007	11.060	5.180	7.607	12.196	37.430
31/05/2007	7.592	4.568	7.634	11.393	35.440
01/06/2007	3.271	6.585	7.607	14.161	35.200
02/06/2007	19.076	5.031	8.080	12.384	37.470
03/06/2007	7.223	5.704	8.241	13.420	39.790
04/06/2007	0.951	5.374	7.652	12.536	32.620
05/06/2007	21.756	5.833	7.348	12.955	31.510
06/06/2007	1.942	7.351	6.777	14.741	31.370
07/06/2007	0.000	5.811	8.312	13.670	32.350
08/06/2007	0.000	6.118	7.589	13.554	33.480
09/06/2007	0.000	6.406	6.920	13.464	37.590
10/06/2007	0.000	5.720	7.268	12.777	34.240
11/06/2007	0.000	5.633	7.857	13.116	32.490
12/06/2007	19.737	6.268	7.134	13.446	30.570
13/06/2007	2.169	6.933	5.750	13.464	29.110
14/06/2007	0.000	6.840	6.500	13.857	37.010
15/06/2007	0.000	6.628	6.955	13.848	38.400
16/06/2007	2.895	6.481	6.964	13.670	35.140
17/06/2007	2.330	6.138	7.196	13.321	38.100
18/06/2007	0.000	6.198	7.607	13.696	32.550
19/06/2007	0.000	5.668	8.107	13.348	29.760
20/06/2007	0.000	6.166	8.045	14.000	33.050
21/06/2007	0.000	7.492	5.804	14.384	31.790
22/06/2007	2.391	5.737	7.027	12.625	41.840
23/06/2007	3.478	5.520	7.402	12.607	42.600
24/06/2007	0.000	5.306	8.348	13.045	44.920
25/06/2007	0.000	5.238	7.973	12.661	51.350
26/06/2007	0.000	6.510	6.875	13.679	42.290
27/06/2007	0.000	6.002	8.080	13.786	45.950
28/06/2007	0.000	6.212	7.500	13.652	35.480
29/06/2007	0.000	5.581	7.179	12.545	30.600
30/06/2007	0.000	5.825	6.491	12.366	29.970
01/07/2007	0.000	5.880	6.304	12.330	31.880
02/07/2007	0.000	4.772	7.777	11.848	29.490
03/07/2007	0.000	6.387	6.866	13.438	27.460
04/07/2007	0.000	7.951	6.241	15.321	25.390
05/07/2007	0.000	7.695	6.286	14.955	24.100
06/07/2007	0.000	6.750	6.866	13.946	23.120
07/07/2007	0.000	6.678	7.054	13.955	22.960
08/07/2007	0.000	7.874	6.759	15.500	23.560
09/07/2007	17.183	6.365	7.214	13.616	27.970
10/07/2007	1.200	6.866	6.571	13.875	28.060
11/07/2007	0.000	5.636	8.616	13.607	27.550
12/07/2007	0.000	6.736	7.223	14.134	26.050
13/07/2007	0.000	7.131	8.607	15.652	29.500
14/07/2007	0.000	6.760	8.205	14.830	27.300
15/07/2007	0.000	7.332	7.866	15.402	27.690
16/07/2007	0.000	7.065	6.750	14.232	30.320
17/07/2007	14.384	8.531	6.634	16.268	37.240
18/07/2007	0.000	8.043	6.821	15.661	27.420
19/07/2007	0.000	6.969	6.723	14.036	25.170
20/07/2007	0.000	6.360	6.589	13.054	23.950
21/07/2007	0.823	6.248	7.232	13.366	26.120
22/07/2007	1.112	7.412	6.571	14.562	27.720
23/07/2007	36.183	7.014	6.357	13.830	35.090
24/07/2007	1.664	6.929	7.054	14.152	27.770
25/07/2007	2.087	7.321	7.080	14.696	28.400
26/07/2007	0.000	7.275	7.205	14.741	25.670
27/07/2007	0.000	5.964	7.848	13.339	25.260
28/07/2007	0.000	7.496	5.946	14.170	24.520
29/07/2007	0.000	6.922	6.518	13.732	22.480
30/07/2007	1.750	7.947	4.723	14.009	21.220
31/07/2007	0.000	8.146	4.741	14.295	20.550
01/08/2007	4.599	6.661	6.179	13.062	20.400
02/08/2007	0.000	6.383	7.964	13.938	20.560
03/08/2007	0.439	5.358	7.848	12.482	22.500
04/08/2007	0.000	6.904	8.214	14.804	26.920
05/08/2007	6.453	5.642	8.107	13.009	31.350
06/08/2007	0.000	6.999	7.116	14.125	25.640
07/08/2007	0.000	7.484	6.938	14.652	25.240
08/08/2007	0.000	6.419	7.518	13.580	31.570
09/08/2007	2.142	7.402	7.670	15.036	31.050
10/08/2007	0.000	7.243	6.214	13.786	24.250
11/08/2007	0.000	6.994	5.973	13.277	26.910
12/08/2007	0.000	7.679	7.321	15.143	28.340
13/08/2007	0.000	7.226	7.143	14.357	27.050
14/08/2007	0.000	7.583	6.277	14.259	24.340
15/08/2007	1.014	6.679	7.714	13.982	27.370
16/08/2007	0.000	7.950	7.384	15.509	27.370
17/08/2007	0.000	6.284	7.723	13.438	29.190
18/08/2007	0.000	6.740	7.491	13.884	28.280
19/08/2007	0.000	7.372	6.723	14.205	24.470
20/08/2007	0.000	6.060	8.339	13.589	23.590
21/08/2007	0.000	5.052	7.455	11.598	27.780
22/08/2007	0.000	6.809	6.830	13.464	29.330
23/08/2007	0.000	8.861	4.750	14.964	26.590
24/08/2007	0.000	8.238	7.241	15.661	24.260
25/08/2007	33.082	7.810	7.107	14.991	25.700
26/08/2007	0.000	8.213	5.821	14.732	30.190
27/08/2007	0.000	7.734	7.161	14.938	41.860
28/08/2007	0.000	7.672	7.562	15.089	31.670
29/08/2007	9.302	6.503	7.759	13.652	29.920
30/08/2007	41.838	7.133	6.866	13.857	32.140
31/08/2007	0.000	7.937	5.554	14.080	28.080
01/09/2007	0.000	6.073	6.768	12.339	24.720
02/09/2007	0.000	5.719	8.036	12.804	22.800
03/09/2007	0.000	7.150	6.179	13.366	21.680
04/09/2007	0.747	8.760	6.143	15.562	21.500
05/09/2007	0.000	8.002	7.598	15.482	21.770
06/09/2007	0.000	8.750	5.830	15.339	22.800
07/09/2007	0.000	6.732	7.286	13.554	21.140
08/09/2007	0.000	7.457	7.527	14.688	18.750
09/09/2007	0.000	6.277	8.018	13.482	17.100
10/09/2007	0.000	8.525	6.116	15.170	16.770
11/09/2007	0.000	7.642	7.562	14.938	17.860
12/09/2007	0.000	8.711	5.688	15.152	19.530
13/09/2007	3.474	7.771	6.482	14.384	19.670
14/09/2007	1.026	8.221	8.420	16.277	20.450
15/09/2007	7.482	6.402	8.170	13.732	22.050
16/09/2007	2.145	6.722	7.991	14.009	24.730
17/09/2007	0.000	7.878	6.375	14.438	23.580
18/09/2007	0.000	9.384	7.071	16.920	18.880
19/09/2007	1.883	7.804	8.250	15.598	17.650
20/09/2007	0.000	8.339	7.571	15.848	18.510
21/09/2007	1.073	8.891	6.554	15.929	19.480
22/09/2007	0.000	9.361	6.571	16.580	18.930
23/09/2007	10.312	9.093	7.009	16.491	17.370
24/09/2007	0.000	8.783	6.321	15.652	17.210
25/09/2007	0.473	6.845	8.196	14.312	19.900
26/09/2007	2.818	8.176	7.839	15.830	19.230
27/09/2007	3.640	7.548	7.027	14.438	18.720
28/09/2007	0.000	7.596	7.143	14.580	17.920
29/09/2007	0.000	6.427	7.759	13.491	17.920
30/09/2007	0.000	7.857	6.205	14.321	18.460
01/10/2007	3.704	6.308	7.857	13.393	18.470
02/10/2007	0.000	8.189	6.938	15.250	17.920
03/10/2007	0.000	8.982	7.018	16.393	18.220
04/10/2007	0.000	8.565	7.625	16.232	19.090
05/10/2007	5.844	7.758	6.143	14.196	19.990
06/10/2007	18.230	9.889	6.062	17.116	22.700
07/10/2007	2.088	7.828	5.973	14.188	24.320
08/10/2007	10.294	7.219	7.455	14.375	30.200
09/10/2007	41.035	4.403	7.679	10.902	43.470
10/10/2007	0.792	8.418	5.696	14.857	34.040
11/10/2007	8.563	7.679	6.000	14.045	27.610
12/10/2007	10.332	6.921	7.455	14.000	26.380
13/10/2007	0.000	7.591	7.295	14.812	26.180
14/10/2007	20.876	7.018	8.143	14.643	39.420
15/10/2007	35.674	7.457	7.741	14.973	43.160
16/10/2007	4.946	7.958	7.589	15.536	36.150
17/10/2007	18.658	7.532	8.223	15.429	29.450
18/10/2007	14.104	5.920	7.232	12.580	35.190
19/10/2007	11.116	6.264	7.545	13.268	45.950
20/10/2007	23.019	5.538	7.375	12.179	52.510
21/10/2007	0.270	6.953	6.777	13.696	41.640
22/10/2007	23.375	6.836	7.696	14.179	40.160
23/10/2007	0.000	8.051	7.286	15.571	37.250
24/10/2007	0.270	7.842	7.402	15.384	34.490
25/10/2007	20.059	7.137	7.438	14.455	34.110
26/10/2007	7.431	8.049	7.062	15.464	34.590
27/10/2007	16.667	7.254	7.393	14.580	34.990
28/10/2007	13.784	7.097	7.018	14.125	38.400
29/10/2007	6.919	6.730	7.214	13.804	38.870
30/10/2007	16.972	8.798	7.188	16.688	41.320
31/10/2007	16.409	6.172	7.554	13.286	36.840
01/11/2007	50.821	7.851	7.536	15.607	34.690
02/11/2007	0.000	6.761	7.964	14.420	38.790
03/11/2007	0.000	6.888	7.955	14.589	42.510
04/11/2007	44.414	6.696	8.027	14.402	42.990
05/11/2007	0.000	8.105	6.821	15.527	41.980
06/11/2007	8.392	7.957	7.589	15.875	34.650
07/11/2007	0.000	6.801	7.643	14.295	28.700
08/11/2007	3.751	7.269	8.170	15.339	30.800
09/11/2007	41.268	4.513	8.116	11.607	49.420
10/11/2007	0.000	6.044	7.116	12.920	41.490
11/11/2007	7.479	6.799	7.170	14.000	37.100
12/11/2007	18.651	6.874	6.062	13.393	36.750
13/11/2007	2.565	6.814	6.607	13.661	29.050
14/11/2007	0.000	8.696	8.241	17.509	30.800
15/11/2007	0.000	7.229	6.688	14.357	35.000
16/11/2007	1.592	6.630	9.018	15.188	34.650
17/11/2007	10.577	5.889	8.688	13.938	46.130
18/11/2007	1.203	5.640	8.009	13.107	32.900
19/11/2007	0.000	7.491	7.054	15.045	30.100
20/11/2007	0.000	8.541	5.098	15.330	24.750
21/11/2007	0.000	6.445	7.357	13.777	20.950
22/11/2007	0.000	8.103	8.339	16.839	21.230
23/11/2007	12.842	6.658	8.125	14.643	20.950
24/11/2007	0.000	7.077	7.839	15.062	27.670
25/11/2007	7.758	7.351	8.411	15.875	28.700
26/11/2007	0.000	7.893	7.188	15.812	27.670
27/11/2007	0.000	8.779	5.152	15.812	18.750
28/11/2007	2.118	7.334	6.884	14.812	17.380
29/11/2007	0.000	6.602	7.321	14.054	20.400
30/11/2007	0.000	5.130	8.107	12.571	23.450
01/12/2007	29.245	5.908	7.527	13.250	38.880
02/12/2007	0.000	6.381	7.304	13.795	28.380
03/12/2007	0.000	5.206	8.089	12.732	24.420
04/12/2007	0.320	7.855	4.902	14.402	26.380
05/12/2007	0.000	8.084	4.554	14.536	20.130
06/12/2007	0.000	8.697	5.393	15.946	18.480
07/12/2007	0.000	7.718	6.714	15.357	18.750
08/12/2007	24.461	7.511	7.277	15.429	20.130
09/12/2007	0.000	5.666	7.759	13.116	26.380
10/12/2007	0.000	5.815	7.723	13.286	43.360
11/12/2007	1.381	6.794	6.589	13.920	20.400
12/12/2007	14.166	5.990	8.027	13.786	19.580
13/12/2007	59.529	5.809	7.741	13.330	19.580
14/12/2007	15.309	6.408	7.705	14.170	24.750
15/12/2007	0.000	5.435	8.062	13.036	24.750
16/12/2007	3.822	6.235	7.705	13.911	33.250
17/12/2007	6.065	5.355	7.759	12.705	55.200
18/12/2007	25.949	7.041	6.527	14.259	43.360
19/12/2007	0.000	5.516	7.973	13.116	44.060
20/12/2007	0.000	5.951	8.036	13.741	39.550
21/12/2007	0.000	7.149	6.795	14.598	39.550
22/12/2007	27.225	7.135	6.866	14.625	31.500
23/12/2007	0.000	6.485	8.536	14.857	57.150
24/12/2007	1.154	7.036	8.366	15.509	47.780
25/12/2007	0.000	6.990	8.848	15.786	37.100
26/12/2007	16.609	5.516	8.402	13.375	38.500
27/12/2007	19.088	7.583	7.857	15.946	44.060
28/12/2007	0.000	7.458	8.107	15.929	40.600
29/12/2007	0.000	7.556	7.679	15.750	38.150
30/12/2007	0.000	8.564	5.482	15.830	30.450
31/12/2007	0.000	7.127	7.134	14.759	31.500
01/01/2008	0.000	8.040	4.938	14.696	26.040
02/01/2008	4.942	6.204	7.375	13.571	29.180
03/01/2008	18.549	5.857	7.964	13.518	33.330
04/01/2008	0.000	7.156	7.357	14.911	25.750
05/01/2008	0.000	5.758	8.866	14.054	32.730
06/01/2008	0.000	7.385	8.152	15.777	28.370
07/01/2008	0.000	7.095	6.929	14.482	26.080
08/01/2008	1.925	6.600	8.250	14.705	41.850
09/01/2008	33.647	4.259	8.134	11.438	38.790
10/01/2008	0.000	7.330	7.625	15.321	29.390
11/01/2008	0.000	6.616	7.527	14.188	26.790
12/01/2008	0.000	7.070	7.214	14.607	24.810
13/01/2008	0.000	7.106	7.286	14.696	22.940
14/01/2008	4.361	6.037	8.036	13.696	23.840
15/01/2008	0.000	6.858	7.402	14.384	23.100
16/01/2008	31.802	6.209	8.071	13.946	23.700
17/01/2008	0.000	5.835	7.839	13.259	24.680
18/01/2008	0.000	6.740	7.723	14.438	21.160
19/01/2008	0.000	6.965	5.098	12.929	20.220
20/01/2008	0.000	7.844	5.000	14.143	19.300
21/01/2008	0.000	6.349	7.312	13.527	18.450
22/01/2008	0.000	7.466	7.598	15.286	17.670
23/01/2008	0.000	7.774	7.339	15.536	17.010
24/01/2008	0.000	6.972	8.482	15.188	20.590
25/01/2008	0.000	7.570	8.768	16.205	24.220
26/01/2008	58.950	6.645	8.330	14.607	24.800
27/01/2008	0.000	6.037	7.955	13.509	30.820
28/01/2008	0.000	6.031	8.179	13.625	29.720
29/01/2008	4.965	6.715	7.723	14.241	33.540
30/01/2008	0.000	6.631	7.696	14.071	26.760
31/01/2008	0.000	6.289	7.902	13.750	24.780
01/02/2008	0.000	6.933	7.554	14.375	20.400
02/02/2008	0.000	7.977	6.125	14.884	18.270
03/02/2008	0.000	7.791	5.491	14.152	17.810
04/02/2008	0.000	7.480	5.875	13.920	16.850
05/02/2008	0.000	7.032	6.804	13.893	17.100
06/02/2008	0.000	6.454	6.902	13.161	16.600
07/02/2008	0.000	6.597	7.857	14.009	16.300
08/02/2008	0.000	7.340	7.062	14.473	16.230
09/02/2008	0.000	6.371	8.188	13.938	16.280
10/02/2008	1.654	5.717	8.446	13.241	21.860
11/02/2008	0.000	7.324	7.071	14.411	24.110
12/02/2008	0.000	7.800	7.750	15.518	26.190
13/02/2008	0.000	7.425	8.946	15.830	26.230
14/02/2008	0.000	6.315	8.884	14.321	33.690
15/02/2008	0.802	7.356	8.250	15.188	29.100
16/02/2008	14.284	6.140	7.812	13.268	27.900
17/02/2008	27.148	6.463	7.348	13.339	40.780
18/02/2008	36.136	8.823	7.804	16.866	43.910
19/02/2008	17.659	6.547	7.929	13.848	54.850
20/02/2008	0.663	6.027	8.062	13.259	67.580
21/02/2008	15.311	7.904	7.071	15.089	56.430
22/02/2008	0.000	7.799	7.330	15.098	49.210
23/02/2008	34.242	7.832	6.991	14.866	47.760
24/02/2008	0.000	7.023	7.634	14.188	34.480
25/02/2008	0.000	5.757	8.054	12.848	34.110
26/02/2008	8.867	7.180	6.759	13.804	26.710
27/02/2008	4.534	7.675	6.393	14.188	23.940
28/02/2008	13.482	6.043	7.116	12.518	24.170
29/02/2008	0.000	7.595	6.723	14.286	33.070
01/03/2008	0.000	9.093	5.491	15.536	25.600
02/03/2008	0.000	7.739	7.795	15.205	23.280
03/03/2008	0.000	7.241	7.500	14.312	24.290
04/03/2008	13.279	6.517	7.732	13.509	22.020
05/03/2008	22.404	8.106	6.509	14.804	36.160
06/03/2008	35.981	6.185	7.518	12.920	40.640
07/03/2008	2.766	8.356	7.000	15.491	41.350
08/03/2008	17.043	7.760	6.759	14.473	36.850
09/03/2008	0.355	7.470	6.804	14.107	30.080
10/03/2008	8.042	7.216	7.884	14.509	30.960
11/03/2008	12.767	6.943	7.884	14.188	36.670
12/03/2008	0.000	7.680	6.768	14.339	24.860
13/03/2008	26.348	5.986	7.152	12.366	58.070
14/03/2008	11.996	5.434	7.196	11.696	54.150
15/03/2008	5.665	7.812	6.312	14.223	69.340
16/03/2008	0.000	8.160	6.268	14.643	37.890
17/03/2008	5.246	6.662	7.473	13.455	37.250
18/03/2008	0.000	7.524	6.402	13.857	30.090
19/03/2008	0.000	7.066	7.375	13.911	24.810
20/03/2008	0.000	7.278	7.143	14.027	27.780
21/03/2008	2.572	7.767	7.357	14.848	27.450
22/03/2008	6.866	6.115	8.607	13.598	23.960
23/03/2008	0.000	7.447	8.250	15.045	22.370
24/03/2008	0.000	8.944	7.973	16.812	22.070
25/03/2008	0.000	7.712	8.518	15.589	21.660
26/03/2008	0.000	7.570	8.259	15.214	22.200
27/03/2008	0.282	7.121	8.902	15.116	19.940
28/03/2008	9.092	7.434	7.616	14.607	24.230
29/03/2008	32.894	7.367	7.973	14.750	30.650
30/03/2008	11.035	6.954	7.688	14.027	28.200
31/03/2008	15.937	5.673	7.839	12.491	39.580
01/04/2008	19.615	6.403	7.491	13.214	77.010
02/04/2008	0.000	8.515	6.518	15.366	41.420
03/04/2008	0.000	9.138	4.339	14.830	29.330
04/04/2008	0.000	8.606	4.598	14.232	24.800
05/04/2008	1.559	7.420	5.607	13.241	26.760
06/04/2008	0.000	7.792	6.509	14.375	28.290
07/04/2008	15.415	8.348	6.643	15.241	42.490
08/04/2008	0.000	9.168	6.027	15.991	28.060
09/04/2008	21.177	7.395	7.009	14.196	30.570
10/04/2008	0.000	6.407	7.545	13.277	34.220
11/04/2008	2.872	6.214	7.741	13.179	40.560
12/04/2008	0.000	6.271	7.688	13.214	32.650
13/04/2008	9.309	7.031	7.196	13.938	39.150
14/04/2008	0.000	7.425	7.241	14.482	33.230
15/04/2008	15.916	7.236	7.312	14.268	59.960
16/04/2008	5.892	7.178	8.179	14.804	42.650
17/04/2008	0.000	6.846	6.991	13.536	34.800
18/04/2008	8.396	7.085	7.277	14.071	28.490
19/04/2008	0.986	6.252	8.420	13.830	28.750
20/04/2008	0.000	7.159	8.071	14.732	27.090
21/04/2008	11.968	6.862	8.143	14.429	42.850
22/04/2008	0.000	7.991	7.777	15.679	32.750
23/04/2008	0.000	5.678	8.866	13.455	29.310
24/04/2008	33.959	6.567	7.768	13.821	47.310
25/04/2008	0.000	6.349	7.795	13.527	41.770
26/04/2008	34.498	6.648	7.839	13.991	91.430
27/04/2008	10.378	6.491	7.786	13.750	86.560
28/04/2008	0.000	8.561	7.750	16.545	59.010
29/04/2008	0.000	7.999	8.616	16.357	43.100
30/04/2008	11.194	9.007	7.625	17.098	41.880
01/05/2008	9.420	6.523	7.679	13.759	48.830
02/05/2008	28.620	6.463	7.652	13.652	75.870
03/05/2008	0.000	5.861	7.625	12.839	57.690
04/05/2008	1.331	5.858	7.527	12.795	56.570
05/05/2008	0.000	6.291	8.152	13.839	48.370
06/05/2008	0.000	6.531	8.670	14.545	51.490
07/05/2008	0.000	7.544	8.304	15.661	37.710
08/05/2008	7.996	6.263	8.705	14.259	33.860
09/05/2008	0.000	6.131	8.536	13.973	44.880
10/05/2008	0.000	7.239	7.571	14.795	42.710
11/05/2008	0.000	6.857	7.554	14.241	30.970
12/05/2008	0.000	6.677	7.670	14.098	28.910
13/05/2008	0.000	7.119	7.804	14.821	26.700
14/05/2008	0.000	6.899	8.929	15.321	25.240
15/05/2008	1.136	6.545	8.893	14.839	26.320
16/05/2008	0.000	6.063	8.634	14.027	30.400
17/05/2008	0.000	5.530	8.446	13.188	30.310
18/05/2008	16.433	7.341	7.795	15.214	39.790
19/05/2008	5.914	5.954	8.545	13.839	43.540
20/05/2008	21.718	5.078	8.330	12.545	53.370
21/05/2008	11.017	8.091	7.857	16.348	70.880
22/05/2008	18.043	5.778	7.705	13.009	61.350
23/05/2008	15.621	4.814	7.893	11.902	86.810
24/05/2008	5.712	6.312	7.741	13.804	61.380
25/05/2008	19.738	6.277	7.866	13.866	68.500
26/05/2008	0.921	6.477	7.634	14.009	74.510
27/05/2008	8.837	6.194	7.938	13.821	58.970
28/05/2008	27.161	4.508	8.402	11.964	60.140
29/05/2008	1.748	6.550	6.795	13.545	47.160
30/05/2008	0.320	6.524	6.116	13.045	43.910
31/05/2008	9.135	7.087	6.071	13.839	43.820
01/06/2008	0.000	6.596	7.884	14.384	49.290
02/06/2008	0.000	5.793	7.250	12.804	43.860
03/06/2008	6.951	5.723	7.384	12.795	47.120
04/06/2008	0.000	5.290	7.679	12.429	52.670
05/06/2008	0.000	6.159	7.705	13.670	53.440
06/06/2008	0.000	5.740	8.348	13.580	44.550
07/06/2008	0.000	6.615	7.866	14.455	58.290
08/06/2008	0.000	5.917	8.170	13.714	54.520
09/06/2008	0.000	7.043	7.884	15.062	54.480
10/06/2008	1.676	6.595	8.339	14.786	41.000
11/06/2008	5.555	6.602	6.982	13.830	37.460
12/06/2008	0.000	5.461	8.973	13.688	38.320
13/06/2008	0.000	6.711	8.991	15.411	30.570
14/06/2008	10.160	5.219	9.179	13.545	30.680
15/06/2008	0.000	6.956	7.607	14.795	38.540
16/06/2008	0.000	6.959	8.009	15.089	51.070
17/06/2008	27.590	5.902	8.973	14.312	59.430
18/06/2008	0.000	6.735	8.080	14.830	47.770
19/06/2008	0.876	8.400	7.295	16.679	49.230
20/06/2008	11.298	7.758	7.732	16.027	46.940
21/06/2008	0.000	6.654	8.286	14.848	43.520
22/06/2008	6.146	6.244	8.107	14.170	44.810
23/06/2008	0.000	6.713	7.562	14.420	49.980
24/06/2008	32.342	5.762	6.964	12.607	58.920
25/06/2008	0.000	5.577	7.491	12.759	53.940
26/06/2008	7.349	6.369	8.598	14.679	47.030
27/06/2008	0.554	6.881	7.741	14.786	40.120
28/06/2008	5.185	3.835	8.688	11.402	32.380
29/06/2008	0.000	4.801	7.295	11.527	39.490
30/06/2008	0.000	6.251	7.562	13.750	48.630
01/07/2008	0.000	5.439	8.473	13.295	47.700
02/07/2008	0.000	5.235	8.018	12.696	48.500
03/07/2008	0.000	5.260	8.179	12.821	46.410
04/07/2008	1.189	5.772	8.000	13.384	61.540
05/07/2008	0.000	5.305	7.429	12.295	53.120
06/07/2008	0.000	7.075	6.134	13.911	42.730
07/07/2008	0.000	6.284	8.116	14.152	35.060
08/07/2008	7.154	6.011	8.196	13.839	46.020
09/07/2008	0.271	5.636	7.866	13.089	80.330
10/07/2008	0.000	4.411	7.830	11.411	66.780
11/07/2008	0.000	6.069	7.241	13.205	61.130
12/07/2008	0.000	4.826	8.152	12.161	56.270
13/07/2008	0.000	6.290	7.438	13.625	48.190
14/07/2008	41.307	6.566	7.500	14.062	57.580
15/07/2008	0.706	5.649	7.812	13.009	55.910
16/07/2008	0.000	5.890	6.759	12.545	48.290
17/07/2008	0.000	6.655	7.027	13.821	36.490
18/07/2008	26.084	7.178	6.723	14.366	63.010
19/07/2008	23.348	5.781	8.152	13.411	52.360
20/07/2008	0.000	6.620	7.893	14.366	63.880
21/07/2008	0.000	7.069	7.134	14.455	56.530
22/07/2008	0.000	6.213	6.625	12.848	50.500
23/07/2008	0.000	8.047	5.750	14.920	38.840
24/07/2008	0.873	6.923	6.509	13.759	33.020
25/07/2008	0.000	8.581	7.134	16.554	33.660
26/07/2008	0.000	6.488	7.723	13.982	41.030
27/07/2008	0.000	6.948	7.973	14.777	44.600
28/07/2008	4.229	6.497	7.402	13.741	35.700
29/07/2008	0.000	7.007	6.750	13.982	49.570
30/07/2008	0.000	6.588	7.027	13.562	46.300
31/07/2008	9.455	8.704	5.420	15.527	37.220
01/08/2008	0.000	8.343	7.482	16.312	34.270
02/08/2008	15.456	6.866	8.152	14.714	41.190
03/08/2008	0.000	7.410	6.714	14.464	44.880
04/08/2008	0.000	7.012	7.071	14.134	35.290
05/08/2008	0.000	9.405	5.161	16.286	31.240
06/08/2008	0.000	6.316	7.107	13.179	29.610
07/08/2008	2.805	8.700	6.098	15.830	39.410
08/08/2008	0.000	8.095	5.473	14.545	30.510
09/08/2008	0.000	8.038	5.911	14.723	32.050
10/08/2008	0.000	6.724	7.804	14.170	30.450
11/08/2008	1.242	7.610	6.955	14.786	35.180
12/08/2008	1.204	8.909	4.795	15.232	36.060
13/08/2008	0.334	6.348	8.179	13.902	32.320
14/08/2008	3.303	6.401	7.741	13.634	33.190
15/08/2008	0.000	7.522	7.634	15.062	30.450
16/08/2008	0.148	8.139	6.259	14.991	28.900
17/08/2008	15.894	7.549	6.446	14.268	43.740
18/08/2008	12.845	6.680	7.866	14.071	35.640
19/08/2008	6.853	7.859	7.804	15.598	40.150
20/08/2008	0.000	6.836	8.054	14.375	37.640
21/08/2008	0.802	6.816	7.482	13.920	40.140
22/08/2008	1.452	7.265	7.830	14.768	36.370
23/08/2008	1.101	7.171	7.241	14.232	36.230
24/08/2008	14.390	6.501	8.036	13.884	56.460
25/08/2008	7.093	6.705	7.723	13.920	46.550
26/08/2008	0.000	7.056	7.714	14.375	28.660
27/08/2008	0.000	7.632	7.393	14.920	29.080
28/08/2008	0.000	8.967	6.464	16.089	31.270
29/08/2008	27.433	7.362	6.598	13.982	49.160
30/08/2008	8.894	6.691	8.116	14.170	46.630
31/08/2008	2.110	6.892	8.161	14.438	36.660
01/09/2008	0.000	7.916	7.679	15.455	40.420
02/09/2008	0.000	6.674	8.616	14.464	30.900
03/09/2008	10.426	6.217	7.723	13.196	26.600
04/09/2008	6.466	5.811	8.170	13.027	45.310
05/09/2008	27.865	8.207	8.232	16.179	63.250
06/09/2008	0.000	8.722	6.536	15.741	38.980
07/09/2008	0.000	6.905	7.188	13.723	27.820
08/09/2008	0.181	7.086	6.679	13.589	23.990
09/09/2008	1.204	6.891	7.339	13.804	22.830
10/09/2008	0.000	7.981	5.795	14.223	23.880
11/09/2008	0.000	8.175	5.902	14.545	26.200
12/09/2008	0.000	9.290	5.402	15.768	22.800
13/09/2008	0.000	8.432	6.250	15.116	19.690
14/09/2008	0.000	7.283	7.893	14.679	18.640
15/09/2008	1.232	7.593	7.464	14.786	20.510
16/09/2008	4.225	6.687	7.786	13.830	46.090
17/09/2008	1.652	6.505	7.848	13.634	58.570
18/09/2008	0.000	8.499	7.089	15.741	31.600
19/09/2008	9.191	6.742	7.375	13.616	25.130
20/09/2008	0.000	8.633	7.009	15.902	22.300
21/09/2008	0.000	8.380	8.375	16.473	20.560
22/09/2008	12.439	6.714	7.920	13.955	26.620
23/09/2008	2.614	8.189	6.509	14.938	34.000
24/09/2008	1.055	9.195	5.857	15.929	22.930
25/09/2008	6.674	7.420	7.446	14.571	26.060
26/09/2008	0.000	7.403	7.375	14.491	23.860
27/09/2008	0.000	7.256	7.723	14.536	20.930
28/09/2008	1.332	8.485	8.027	16.375	24.210
29/09/2008	8.764	8.367	7.330	15.777	25.130
30/09/2008	0.483	7.604	7.848	15.089	27.130
01/10/2008	12.765	7.477	7.884	14.955	22.760
02/10/2008	1.522	8.463	6.786	15.536	25.970
03/10/2008	1.177	9.374	5.580	16.036	23.080
04/10/2008	12.385	7.777	6.259	14.277	20.700
05/10/2008	3.629	7.266	7.179	14.223	21.190
06/10/2008	12.253	6.690	7.562	13.741	41.300
07/10/2008	13.545	6.192	6.848	12.571	34.810
08/10/2008	0.000	7.411	6.598	14.062	31.550
09/10/2008	0.000	7.099	6.312	13.429	25.540
10/10/2008	0.759	6.615	7.411	13.545	28.410
11/10/2008	16.110	7.681	6.116	14.125	36.070
12/10/2008	23.543	6.400	7.679	13.482	42.360
13/10/2008	0.000	7.709	6.464	14.438	36.580
14/10/2008	9.326	6.622	7.509	13.679	57.880
15/10/2008	1.305	7.168	6.723	13.884	30.540
16/10/2008	24.230	6.762	7.545	13.902	49.020
17/10/2008	1.156	7.133	8.670	15.214	32.580
18/10/2008	0.000	7.527	7.795	15.143	29.330
19/10/2008	0.000	7.268	7.527	14.589	26.040
20/10/2008	2.669	7.043	8.170	14.768	34.950
21/10/2008	0.000	7.463	8.241	15.402	24.180
22/10/2008	0.000	7.138	8.366	15.054	32.810
23/10/2008	0.000	8.411	8.268	16.723	34.530
24/10/2008	0.000	8.759	6.464	16.027	31.570
25/10/2008	0.688	7.517	6.911	14.607	26.150
26/10/2008	0.000	7.615	7.652	15.286	25.080
27/10/2008	17.871	8.813	7.509	16.848	25.200
28/10/2008	19.525	6.978	7.491	14.304	49.600
29/10/2008	0.000	7.776	7.714	15.598	68.200
30/10/2008	0.000	8.827	6.152	16.045	37.040
31/10/2008	10.959	9.036	6.545	16.625	28.230
01/11/2008	25.908	4.387	8.277	11.536	37.580
02/11/2008	11.429	7.103	7.661	14.705	54.360
03/11/2008	20.395	5.166	7.027	11.562	82.420
04/11/2008	1.011	6.251	6.670	12.830	55.740
05/11/2008	0.000	7.189	8.304	15.286	54.140
06/11/2008	0.000	7.442	6.786	14.598	36.770
07/11/2008	0.000	7.760	6.571	14.955	30.890
08/11/2008	16.017	6.146	7.696	13.491	27.010
09/11/2008	0.156	8.109	5.554	14.821	26.160
10/11/2008	7.929	8.129	6.107	15.214	26.040
11/11/2008	7.161	7.841	6.643	15.152	25.190
12/11/2008	11.310	7.220	7.509	14.884	30.280
13/11/2008	0.000	4.420	8.330	11.714	31.470
14/11/2008	0.000	5.863	7.920	13.295	59.020
15/11/2008	0.000	6.629	6.982	13.714	59.120
16/11/2008	0.298	5.973	8.116	13.634	46.370
17/11/2008	15.259	6.985	7.500	14.625	64.260
18/11/2008	31.597	6.878	6.804	14.000	55.750
19/11/2008	1.467	7.815	7.375	15.723	46.930
20/11/2008	23.050	5.670	8.750	13.759	50.110
21/11/2008	22.282	5.670	8.312	13.411	60.410
22/11/2008	0.000	6.901	8.607	15.348	53.680
23/11/2008	13.625	6.006	8.321	13.902	67.890
24/11/2008	0.000	7.356	8.946	16.250	45.940
25/11/2008	34.560	6.189	8.268	14.143	43.950
26/11/2008	37.379	4.483	8.848	12.348	57.360
27/11/2008	0.000	6.173	7.839	13.839	49.100
28/11/2008	15.267	7.705	7.277	15.625	35.750
29/11/2008	0.522	7.331	7.562	15.312	71.370
30/11/2008	0.000	6.770	8.670	15.259	41.300
01/12/2008	0.000	7.161	7.661	15.143	33.190
02/12/2008	116.046	6.379	7.429	13.866	85.810
03/12/2008	0.000	7.575	7.491	15.643	50.660
04/12/2008	28.173	8.038	5.545	15.071	44.170
05/12/2008	0.000	7.354	6.036	14.357	42.580
06/12/2008	0.000	7.290	7.196	15.027	37.860
07/12/2008	0.000	7.167	6.384	14.321	36.360
08/12/2008	6.655	7.266	7.205	15.054	35.960
09/12/2008	0.000	7.127	7.911	15.304	36.310
10/12/2008	0.000	7.856	6.134	15.205	32.200
11/12/2008	26.493	6.666	7.429	14.304	30.490
12/12/2008	1.752	6.661	7.473	14.321	30.810
13/12/2008	1.569	6.185	7.384	13.598	32.890
14/12/2008	61.696	7.228	6.250	14.375	38.930
15/12/2008	0.000	7.509	6.875	15.179	42.650
16/12/2008	2.691	6.919	7.527	14.759	49.030
17/12/2008	0.000	7.794	6.732	15.518	37.620
18/12/2008	0.000	6.617	8.098	14.714	34.110
19/12/2008	0.000	7.133	7.232	14.866	32.670
20/12/2008	0.000	6.048	7.938	13.812	34.280
21/12/2008	0.000	5.653	7.562	12.973	42.870
22/12/2008	0.000	6.977	7.964	15.152	38.470
23/12/2008	0.000	6.647	7.545	14.393	35.920
24/12/2008	0.000	7.620	6.446	15.054	30.800
25/12/2008	0.000	8.174	6.348	15.821	29.400
26/12/2008	0.000	6.945	7.750	14.938	28.700
27/12/2008	0.000	6.817	7.812	14.804	34.210
28/12/2008	0.000	7.138	8.027	15.411	29.970
29/12/2008	0.000	5.687	7.598	13.000	33.590
30/12/2008	0.000	7.671	6.509	15.143	30.960
31/12/2008	0.000	6.927	7.312	14.589	31.300
01/01/2009	0.000	7.884	7.330	15.973	28.410
02/01/2009	0.000	6.556	8.482	14.866	28.700
03/01/2009	0.000	7.121	8.384	15.580	28.700
04/01/2009	0.000	7.712	7.634	15.893	28.350
05/01/2009	7.427	6.954	7.616	14.786	28.000
06/01/2009	5.092	6.190	8.509	14.339	28.700
07/01/2009	0.000	7.118	7.964	15.259	32.260
08/01/2009	27.994	7.903	7.652	16.170	34.850
09/01/2009	0.000	5.828	7.670	13.179	36.310
10/01/2009	0.000	6.069	7.545	13.420	35.170
11/01/2009	0.000	6.545	8.295	14.625	29.060
12/01/2009	0.000	5.426	8.795	13.455	28.700
13/01/2009	0.000	6.304	7.911	13.991	28.550
14/01/2009	0.000	6.954	7.616	14.679	30.320
15/01/2009	0.000	6.686	7.759	14.402	27.740
16/01/2009	12.888	7.144	7.098	14.598	33.230
17/01/2009	3.910	5.971	7.714	13.366	41.070
18/01/2009	2.995	8.474	6.536	16.134	44.010
19/01/2009	15.635	4.997	8.714	12.777	33.660
20/01/2009	30.256	5.763	8.446	13.607	33.790
21/01/2009	0.000	6.816	7.089	14.027	35.640
22/01/2009	6.910	7.061	8.196	15.161	31.500
23/01/2009	38.756	7.277	8.161	15.429	42.790
24/01/2009	1.061	7.188	8.286	15.366	48.690
25/01/2009	1.972	6.811	7.696	14.438	49.680
26/01/2009	0.000	7.068	7.964	14.938	47.880
27/01/2009	0.000	8.044	6.062	15.018	38.150
28/01/2009	0.000	7.778	6.589	14.946	34.300
29/01/2009	0.000	6.983	7.848	14.688	32.240
30/01/2009	0.318	6.676	7.741	14.170	31.500
31/01/2009	28.960	6.077	7.661	13.295	30.460
01/02/2009	12.277	6.242	7.688	13.527	30.100
02/02/2009	0.000	6.614	7.830	14.089	29.400
03/02/2009	0.000	7.088	7.286	14.348	28.700
04/02/2009	0.000	7.506	7.116	14.795	27.670
05/02/2009	0.000	7.444	7.152	14.714	27.350
06/02/2009	0.000	6.649	7.661	13.982	26.700
07/02/2009	3.157	7.206	7.214	14.402	26.050
08/02/2009	0.000	8.027	7.750	15.893	25.400
09/02/2009	0.000	9.710	7.009	17.714	25.250
10/02/2009	0.000	6.637	7.920	14.089	25.730
11/02/2009	17.241	5.999	8.232	13.446	25.210
12/02/2009	8.364	6.201	8.357	13.804	37.520
13/02/2009	0.000	7.464	8.473	15.554	41.430
14/02/2009	32.547	4.439	8.652	11.804	43.150
15/02/2009	0.527	7.075	8.223	14.812	47.190
16/02/2009	36.420	7.256	7.679	14.688	45.420
17/02/2009	0.000	8.536	5.241	14.795	41.980
18/02/2009	0.000	7.340	6.562	13.982	38.850
19/02/2009	15.874	7.203	7.589	14.491	37.860
20/02/2009	0.000	7.438	6.295	13.920	32.080
21/02/2009	0.000	5.937	8.134	13.179	32.670
22/02/2009	0.000	7.933	7.598	15.411	30.800
23/02/2009	0.488	7.594	7.179	14.679	29.080
24/02/2009	13.572	6.767	7.857	14.045	28.350
25/02/2009	0.000	7.042	7.509	14.152	27.720
26/02/2009	12.317	9.576	5.652	16.357	33.220
27/02/2009	4.011	7.322	6.884	14.071	33.160
28/02/2009	0.980	7.090	8.054	14.554	28.030
01/03/2009	3.653	4.704	8.393	11.804	26.050
02/03/2009	0.000	8.061	7.562	15.482	25.070
03/03/2009	1.257	6.837	8.062	14.223	27.480
04/03/2009	0.000	6.554	8.446	14.134	43.680
05/03/2009	13.884	8.004	8.277	15.866	39.100
06/03/2009	11.568	6.911	7.982	14.214	29.720
07/03/2009	0.000	5.837	8.393	13.152	27.030
08/03/2009	0.000	7.184	6.982	13.866	25.080
09/03/2009	3.129	7.807	7.946	15.348	23.820
10/03/2009	0.000	7.715	7.464	14.893	22.880
11/03/2009	5.511	8.717	7.795	16.446	24.330
12/03/2009	16.204	8.379	7.679	15.893	27.870
13/03/2009	2.994	6.709	7.661	13.696	27.730
14/03/2009	0.000	8.087	7.446	15.366	26.710
15/03/2009	4.930	7.192	8.018	14.554	28.870
16/03/2009	0.679	6.553	8.420	14.045	25.730
17/03/2009	19.020	7.403	8.420	15.116	24.870
18/03/2009	0.000	5.877	8.098	12.946	29.430
19/03/2009	17.998	4.425	8.295	11.357	38.810
20/03/2009	0.000	6.338	8.420	13.768	37.320
21/03/2009	7.064	6.627	7.973	13.804	32.260
22/03/2009	12.289	6.637	8.554	14.223	32.480
23/03/2009	12.134	5.326	7.536	11.812	36.630
24/03/2009	4.460	7.717	6.357	14.116	36.900
25/03/2009	0.655	6.269	7.670	13.098	46.570
26/03/2009	0.000	6.366	8.286	13.723	41.380
27/03/2009	12.411	8.392	7.857	16.018	40.600
28/03/2009	7.076	7.886	7.786	15.304	39.480
29/03/2009	33.621	7.092	7.482	14.071	57.760
30/03/2009	7.143	9.746	6.804	17.152	40.510
31/03/2009	10.901	6.793	6.634	13.062	43.460
01/04/2009	16.261	7.092	7.786	14.286	54.670
02/04/2009	3.433	9.405	6.946	16.830	48.110
03/04/2009	0.637	9.553	4.661	15.589	34.740
04/04/2009	10.674	8.761	6.446	15.616	32.030
05/04/2009	0.000	8.409	7.571	15.893	30.160
06/04/2009	0.000	8.692	7.839	16.446	27.540
07/04/2009	2.289	7.520	8.214	15.196	26.550
08/04/2009	32.314	5.219	7.670	11.830	53.100
09/04/2009	0.000	6.964	7.580	14.036	42.170
10/04/2009	14.371	6.910	8.045	14.295	37.980
11/04/2009	1.516	6.710	8.295	14.214	36.600
12/04/2009	37.096	5.784	7.536	12.473	40.140
13/04/2009	3.288	6.773	7.527	13.768	39.780
14/04/2009	0.000	6.528	8.518	14.170	39.230
15/04/2009	3.908	5.990	7.991	13.080	41.270
16/04/2009	1.072	6.393	7.839	13.500	39.600
17/04/2009	0.000	7.212	8.839	15.312	35.700
18/04/2009	1.744	6.443	8.804	14.312	35.150
19/04/2009	9.852	6.947	8.259	14.580	33.250
20/04/2009	0.345	6.374	9.321	14.634	32.460
21/04/2009	7.306	5.299	8.848	12.946	51.670
22/04/2009	9.656	7.864	7.705	15.429	44.720
23/04/2009	0.000	7.418	7.598	14.759	36.840
24/04/2009	0.000	7.424	8.179	15.188	34.450
25/04/2009	0.101	8.595	8.518	17.018	32.870
26/04/2009	0.552	6.642	8.554	14.482	31.620
27/04/2009	1.175	6.309	8.732	14.196	31.410
28/04/2009	0.000	5.249	9.509	13.491	31.850
29/04/2009	0.000	7.588	9.089	16.134	35.200
30/04/2009	9.082	6.015	8.696	13.821	42.330
01/05/2009	0.000	5.990	8.312	13.491	41.170
02/05/2009	18.846	6.180	8.607	13.955	47.260
03/05/2009	10.362	6.443	7.714	13.670	53.250
04/05/2009	35.851	6.149	8.232	13.732	52.140
05/05/2009	4.333	8.371	6.482	15.554	45.650
06/05/2009	0.000	8.172	6.438	15.259	43.480
07/05/2009	4.222	8.499	7.393	16.357	45.860
08/05/2009	3.126	7.736	8.268	15.893	45.040
09/05/2009	2.240	6.661	9.188	15.134	40.540
10/05/2009	3.541	7.675	8.455	15.991	36.080
11/05/2009	8.699	6.199	8.491	14.018	35.610
12/05/2009	0.000	7.353	7.946	15.205	35.170
13/05/2009	1.148	6.345	8.259	14.080	37.970
14/05/2009	0.000	6.794	7.866	14.420	36.520
15/05/2009	0.000	6.968	8.080	14.821	33.130
16/05/2009	0.469	8.152	8.196	16.554	31.650
17/05/2009	3.931	7.283	7.875	15.143	32.750
18/05/2009	3.876	7.181	7.661	14.875	32.170
19/05/2009	5.013	5.972	7.786	13.304	30.860
20/05/2009	0.000	5.374	9.179	13.571	31.380
21/05/2009	0.000	6.295	8.491	14.286	36.820
22/05/2009	0.000	6.606	8.562	14.759	33.830
23/05/2009	0.000	7.293	7.429	14.920	32.170
24/05/2009	0.000	7.230	7.027	14.571	30.540
25/05/2009	0.000	7.629	8.018	15.839	31.030
26/05/2009	0.000	7.636	7.250	15.330	30.890
27/05/2009	4.012	6.491	8.580	14.661	32.050
28/05/2009	0.677	8.536	7.304	16.679	32.050
29/05/2009	4.640	6.776	8.330	14.920	38.150
30/05/2009	0.000	8.072	7.562	16.205	36.490
31/05/2009	3.768	6.877	8.107	14.911	34.830
01/06/2009	0.000	6.921	7.580	14.616	30.480
02/06/2009	0.000	7.735	7.277	15.589	28.500
03/06/2009	0.000	5.957	8.259	13.777	27.620
04/06/2009	0.000	5.553	8.768	13.634	30.900
05/06/2009	0.000	5.842	7.991	13.429	37.690
06/06/2009	0.000	5.188	8.661	13.071	56.230
07/06/2009	0.000	6.278	8.107	14.152	46.410
08/06/2009	0.000	5.485	8.062	13.018	50.560
09/06/2009	0.000	7.646	6.938	15.312	43.240
10/06/2009	22.546	5.317	8.920	13.464	40.220
11/06/2009	0.822	6.273	8.116	14.170	52.980
12/06/2009	10.935	5.298	8.223	12.893	55.400
13/06/2009	14.476	4.947	7.259	11.688	44.740
14/06/2009	0.000	6.923	7.464	14.634	43.610
15/06/2009	6.361	7.857	7.152	15.804	38.150
16/06/2009	10.382	7.167	7.830	15.250	35.120
17/06/2009	0.000	7.155	6.420	14.277	35.570
18/06/2009	0.714	4.724	8.848	12.643	35.540
19/06/2009	0.000	7.447	8.402	16.054	33.950
20/06/2009	5.980	6.494	8.866	15.045	30.860
21/06/2009	0.000	7.632	7.902	15.964	30.250
22/06/2009	6.125	5.151	7.759	12.366	38.770
23/06/2009	0.000	6.538	7.152	13.902	42.670
24/06/2009	0.000	6.390	7.777	14.116	36.690
25/06/2009	0.259	6.185	6.080	12.616	32.400
26/06/2009	0.000	6.604	8.107	14.661	29.370
27/06/2009	0.000	5.276	7.679	12.482	31.670
28/06/2009	0.000	6.977	7.607	14.830	32.900
29/06/2009	0.000	7.049	7.768	15.045	29.080
30/06/2009	14.179	5.332	8.839	13.438	32.370
01/07/2009	0.000	6.235	7.045	13.348	44.420
02/07/2009	0.000	7.064	7.161	14.634	54.510
03/07/2009	0.000	7.292	6.330	14.393	55.010
04/07/2009	0.000	7.764	6.821	15.402	51.670
05/07/2009	0.000	7.026	8.179	15.268	42.610
06/07/2009	0.000	6.000	7.054	12.991	35.530
07/07/2009	0.000	7.146	7.384	14.857	35.790
08/07/2009	0.000	5.234	7.366	12.143	40.420
09/07/2009	0.000	7.302	7.830	15.384	44.320
10/07/2009	0.000	7.390	7.545	15.304	39.980
11/07/2009	0.000	7.953	6.134	15.179	38.210
12/07/2009	0.000	7.442	6.920	14.955	32.720
13/07/2009	0.000	7.761	7.232	15.598	27.720
14/07/2009	0.000	7.035	7.438	14.705	26.260
15/07/2009	0.000	7.116	6.938	14.464	43.390
16/07/2009	0.000	7.561	6.991	15.116	44.950
17/07/2009	0.000	8.552	6.652	16.321	33.160
18/07/2009	0.000	6.557	8.062	14.411	32.020
19/07/2009	0.000	7.710	7.098	15.375	40.840
20/07/2009	13.933	6.691	6.964	13.795	44.360
21/07/2009	0.000	8.185	7.080	16.018	41.470
22/07/2009	21.916	8.240	8.554	17.062	57.900
23/07/2009	24.772	8.862	6.491	16.571	44.680
24/07/2009	0.000	7.015	8.393	15.214	37.300
25/07/2009	0.000	7.388	7.188	14.884	34.040
26/07/2009	0.000	8.263	6.554	15.714	33.160
27/07/2009	0.000	8.178	7.420	16.143	29.080
28/07/2009	0.000	7.189	8.714	15.634	42.830
29/07/2009	0.000	5.705	7.732	12.920	37.250
30/07/2009	0.000	7.095	6.857	14.170	34.940
31/07/2009	0.000	8.237	6.062	15.277	33.080
01/08/2009	0.000	7.203	7.589	14.821	29.630
02/08/2009	0.000	7.851	8.188	16.098	29.620
03/08/2009	0.785	7.524	7.938	15.464	25.400
04/08/2009	0.000	7.865	8.259	16.143	27.810
05/08/2009	0.000	6.733	8.366	14.670	44.600
06/08/2009	0.905	5.873	8.295	13.455	54.510
07/08/2009	0.000	6.484	8.080	14.107	49.430
08/08/2009	0.000	6.860	7.491	14.188	35.760
09/08/2009	0.000	7.169	7.920	14.893	50.780
10/08/2009	0.000	7.568	7.214	14.920	39.780
11/08/2009	1.335	7.271	7.045	14.402	42.430
12/08/2009	0.000	7.407	7.768	15.054	37.490
13/08/2009	0.000	7.633	7.723	15.321	32.230
14/08/2009	0.000	8.056	6.777	15.259	33.250
15/08/2009	0.000	9.081	6.598	16.554	34.980
16/08/2009	1.443	8.683	7.179	16.357	27.730
17/08/2009	28.667	7.207	7.571	14.580	27.660
18/08/2009	0.000	8.207	9.196	17.045	27.540
19/08/2009	0.807	8.361	8.750	16.911	26.510
20/08/2009	0.000	8.184	9.125	16.911	25.070
21/08/2009	4.890	8.592	8.241	16.875	24.560
22/08/2009	0.000	8.764	8.598	17.312	25.620
23/08/2009	0.000	8.739	7.795	16.732	25.840
24/08/2009	18.367	7.645	9.170	16.205	36.280
25/08/2009	0.000	6.361	9.312	14.670	40.140
26/08/2009	0.000	5.623	8.375	12.991	37.550
27/08/2009	0.000	8.297	7.518	15.911	34.950
28/08/2009	0.000	7.446	7.759	14.920	31.000
29/08/2009	0.254	7.033	8.312	14.732	32.260
30/08/2009	1.752	8.678	7.170	16.143	32.580
31/08/2009	0.000	8.539	6.116	15.268	29.740
01/09/2009	0.000	9.230	6.304	16.321	25.100
02/09/2009	0.000	8.964	6.946	16.384	22.560
03/09/2009	0.000	6.594	9.455	14.973	21.260
04/09/2009	13.519	7.382	7.821	14.804	21.760
05/09/2009	0.108	9.319	6.777	16.723	37.620
06/09/2009	0.000	10.674	5.312	17.661	27.090
07/09/2009	0.000	8.374	7.393	15.830	22.690
08/09/2009	0.000	9.568	7.429	17.429	25.260
09/09/2009	0.000	7.911	8.848	16.205	23.070
10/09/2009	0.000	7.567	8.080	15.196	22.560
11/09/2009	0.000	9.460	5.821	16.277	20.930
12/09/2009	0.000	10.111	7.777	18.375	19.740
13/09/2009	0.000	9.940	5.991	17.027	17.440
14/09/2009	0.000	9.168	7.464	16.893	16.570
15/09/2009	5.098	8.624	7.205	15.973	17.120
16/09/2009	3.675	6.215	8.321	13.607	18.650
17/09/2009	7.770	7.284	8.152	14.893	26.190
18/09/2009	0.000	8.659	7.491	16.223	22.680
19/09/2009	0.000	8.474	7.277	15.839	19.280
20/09/2009	6.860	8.240	6.598	15.089	17.790
21/09/2009	3.734	8.529	7.625	16.143	18.470
22/09/2009	0.000	7.994	8.232	15.848	18.730
23/09/2009	0.000	8.723	7.366	16.223	19.330
24/09/2009	0.000	9.745	6.688	17.179	17.650
25/09/2009	0.000	8.879	6.518	15.902	17.100
26/09/2009	6.112	9.888	6.312	17.161	16.550
27/09/2009	0.000	8.696	7.080	16.036	16.000
28/09/2009	0.000	7.475	7.964	14.991	16.280
29/09/2009	0.000	7.422	7.768	14.786	18.190
30/09/2009	0.000	8.214	6.875	15.241	19.950
01/10/2009	0.000	8.867	6.080	15.625	18.200
02/10/2009	0.000	8.813	8.384	17.062	16.550
03/10/2009	3.707	6.939	8.866	14.982	16.000
04/10/2009	5.135	7.333	9.277	15.777	16.000
05/10/2009	0.486	8.356	8.232	16.384	16.940
06/10/2009	0.000	9.632	6.982	17.277	16.270
07/10/2009	0.000	7.985	8.955	16.402	15.750
08/10/2009	0.000	6.448	8.795	14.312	15.750
09/10/2009	0.000	9.133	6.455	16.286	17.480
10/10/2009	0.000	10.724	6.330	18.393	15.760
11/10/2009	14.179	7.897	7.357	15.223	15.750
12/10/2009	3.470	7.371	8.393	15.295	19.090
13/10/2009	0.418	6.982	8.009	14.491	27.030
14/10/2009	3.417	5.168	8.491	12.509	38.120
15/10/2009	42.574	6.379	7.741	13.536	31.570
16/10/2009	0.000	9.262	5.286	15.866	23.910
17/10/2009	0.000	8.522	6.348	15.491	20.680
18/10/2009	5.856	8.378	8.188	16.518	19.640
19/10/2009	43.395	8.360	8.018	16.411	27.810
20/10/2009	0.609	6.009	8.839	13.902	31.900
21/10/2009	6.072	9.699	6.875	17.554	27.050
22/10/2009	12.330	7.616	8.312	15.661	24.320
23/10/2009	5.854	7.751	8.616	16.089	19.480
24/10/2009	18.040	7.832	8.464	16.089	21.190
25/10/2009	12.601	7.114	8.527	15.205	21.160
26/10/2009	0.000	7.476	6.955	14.589	18.300
27/10/2009	0.000	7.693	6.902	14.857	16.550
28/10/2009	0.000	7.323	7.786	14.973	15.750
29/10/2009	0.000	9.232	7.250	17.277	15.500
30/10/2009	0.780	6.876	8.911	15.214	15.500
31/10/2009	6.989	7.028	8.795	15.330	18.750
01/11/2009	0.000	6.935	7.821	14.545	22.940
02/11/2009	0.422	7.642	7.071	15.027	18.510
03/11/2009	1.226	8.463	8.366	17.062	21.020
04/11/2009	0.000	8.392	7.571	16.438	18.480
05/11/2009	15.565	8.005	8.188	16.321	21.100
06/11/2009	32.019	8.022	6.982	15.545	26.730
07/11/2009	3.343	8.828	6.741	16.562	23.830
08/11/2009	10.160	8.280	8.991	17.321	26.400
09/11/2009	12.089	9.447	7.071	17.696	32.950
10/11/2009	0.000	8.548	7.938	16.982	22.820
11/11/2009	0.000	7.623	7.830	15.634	20.050
12/11/2009	0.000	8.104	8.518	16.795	19.300
13/11/2009	0.000	6.689	8.741	15.000	19.300
14/11/2009	0.000	8.002	7.134	15.768	19.000
15/11/2009	1.231	8.199	7.554	16.312	19.050
16/11/2009	1.658	7.812	8.330	16.330	19.890
17/11/2009	27.144	7.423	8.143	15.652	25.340
18/11/2009	24.694	7.311	9.402	16.411	21.820
19/11/2009	0.000	8.223	8.393	17.018	19.940
20/11/2009	0.000	5.952	9.402	14.580	19.030
21/11/2009	0.000	5.631	9.607	14.348	19.850
22/11/2009	0.000	7.306	10.000	16.893	19.580
23/11/2009	0.798	6.589	9.464	15.509	19.580
24/11/2009	0.000	7.489	7.562	15.429	18.480
25/11/2009	0.000	8.453	7.464	16.768	17.990
26/11/2009	4.514	7.504	7.750	15.616	17.440
27/11/2009	0.000	7.050	8.750	15.652	16.620
28/11/2009	19.046	7.440	8.866	16.321	17.240
29/11/2009	10.448	6.365	8.670	14.688	19.530
30/11/2009	0.000	6.999	8.964	15.786	23.720
01/12/2009	0.000	7.217	8.205	15.580	18.310
02/12/2009	0.000	8.411	7.089	16.554	19.680
03/12/2009	0.000	7.698	7.580	15.848	16.550
04/12/2009	3.626	8.104	7.205	16.188	15.500
05/12/2009	15.416	7.660	8.116	16.170	15.000
06/12/2009	0.680	8.888	7.321	17.438	15.040
07/12/2009	0.000	7.704	6.839	15.402	15.720
08/12/2009	0.000	7.703	7.196	15.625	14.750
09/12/2009	0.000	7.949	6.438	15.500	14.750
10/12/2009	0.000	7.897	6.955	15.768	15.710
11/12/2009	0.626	8.398	6.348	16.134	15.880
12/12/2009	7.445	7.650	7.545	15.804	15.500
13/12/2009	0.000	7.527	7.554	15.643	14.750
14/12/2009	0.000	8.621	7.152	16.973	14.250
15/12/2009	0.000	8.053	6.295	15.589	14.000
16/12/2009	0.000	8.445	6.741	16.455	14.000
17/12/2009	0.000	7.840	8.312	16.598	13.750
18/12/2009	0.904	6.317	9.062	14.982	13.910
19/12/2009	27.755	4.702	8.366	12.268	16.820
20/12/2009	11.125	6.006	8.554	14.188	21.760
21/12/2009	0.000	6.595	8.741	15.152	20.150
22/12/2009	0.000	7.876	7.571	16.170	20.060
23/12/2009	0.000	6.274	9.295	15.107	16.940
24/12/2009	0.000	6.949	8.098	15.196	15.670
25/12/2009	0.000	7.985	8.357	16.857	16.270
26/12/2009	0.000	6.554	8.286	14.750	17.890
27/12/2009	24.192	7.582	8.295	16.250	17.990
28/12/2009	0.000	7.890	6.723	15.634	17.570
29/12/2009	0.000	8.931	5.036	16.116	15.970
30/12/2009	0.000	8.269	6.295	15.902	15.250
31/12/2009	0.000	8.219	6.830	16.134	15.200
01/01/2010	0.000	8.994	5.554	16.491	14.670
02/01/2010	0.000	9.216	4.196	16.000	14.310
03/01/2010	0.000	8.681	5.446	15.929	13.980
04/01/2010	0.000	8.925	5.304	16.188	13.730
05/01/2010	0.000	9.444	5.116	16.839	13.500
06/01/2010	0.000	9.012	4.929	16.080	13.500
07/01/2010	0.000	8.663	6.080	16.250	13.500
08/01/2010	0.000	7.139	7.750	15.107	13.400
09/01/2010	0.000	8.040	6.768	15.741	13.250
10/01/2010	0.000	8.509	6.598	16.330	13.270
11/01/2010	0.000	8.483	6.768	16.384	14.380
12/01/2010	0.000	9.215	7.089	17.607	13.080
13/01/2010	0.000	8.550	5.955	15.929	13.190
14/01/2010	0.000	9.336	4.955	16.438	12.940
15/01/2010	0.000	7.449	6.643	14.714	13.000
16/01/2010	0.000	7.745	7.348	15.616	13.000
17/01/2010	0.000	7.726	7.955	15.973	13.000
18/01/2010	0.000	7.793	7.509	15.750	12.850
19/01/2010	0.000	6.830	8.268	14.911	12.730
20/01/2010	0.000	8.065	6.464	15.438	12.560
21/01/2010	0.000	8.625	6.634	16.321	12.500
22/01/2010	0.000	8.616	5.768	15.732	12.440
23/01/2010	0.000	8.441	7.107	16.321	12.460
24/01/2010	0.000	6.977	8.688	15.330	13.150
25/01/2010	33.399	6.748	8.143	14.607	13.770
26/01/2010	17.230	8.163	7.196	15.938	19.330
27/01/2010	4.870	7.147	8.866	15.661	23.030
28/01/2010	5.407	7.732	8.643	16.295	18.300
29/01/2010	2.660	8.344	7.116	16.062	15.350
30/01/2010	0.000	7.401	8.902	15.964	14.330
31/01/2010	0.000	8.430	8.321	16.946	13.630
01/02/2010	0.000	8.632	6.196	15.839	12.750
02/02/2010	0.000	8.287	7.893	16.438	12.500
03/02/2010	0.000	9.935	8.179	18.875	12.500
04/02/2010	0.000	9.871	7.643	18.420	12.250
05/02/2010	17.844	8.907	8.080	17.330	11.750
06/02/2010	20.931	5.626	8.920	13.554	12.320
07/02/2010	0.000	9.151	8.330	17.848	13.070
08/02/2010	0.000	8.096	6.634	15.214	12.250
09/02/2010	0.000	8.258	8.062	16.411	13.940
10/02/2010	0.000	7.954	7.884	15.812	16.350
11/02/2010	0.000	7.902	8.786	16.366	17.870
12/02/2010	0.000	9.154	8.616	17.893	14.750
13/02/2010	0.000	9.297	6.911	16.973	13.250
14/02/2010	22.779	7.061	8.750	15.179	12.750
15/02/2010	0.000	10.812	8.125	19.759	12.500
16/02/2010	1.390	7.619	9.232	16.214	13.130
17/02/2010	0.000	9.545	9.062	18.625	12.250
18/02/2010	0.000	8.314	6.375	15.196	12.000
19/02/2010	0.000	6.873	9.670	15.545	12.250
20/02/2010	0.000	7.202	10.134	16.286	12.750
21/02/2010	0.000	8.568	9.812	17.768	13.950
22/02/2010	3.862	11.247	8.643	20.518	14.420
23/02/2010	21.598	5.545	9.973	14.098	13.540
24/02/2010	4.863	10.239	7.696	18.571	13.470
25/02/2010	6.828	10.564	7.571	18.902	14.760
26/02/2010	16.568	5.490	8.607	12.929	30.940
27/02/2010	1.398	8.770	8.000	16.723	27.890
28/02/2010	0.000	8.400	8.580	16.661	18.460
01/03/2010	0.000	8.353	7.821	16.036	15.290
02/03/2010	12.384	7.294	8.420	15.045	14.250
03/03/2010	0.663	6.244	8.143	13.482	15.080
04/03/2010	0.000	9.323	6.455	16.420	23.820
05/03/2010	0.000	7.576	8.821	15.670	17.640
06/03/2010	0.000	7.755	8.554	15.696	17.950
07/03/2010	0.418	8.060	9.054	16.446	19.690
08/03/2010	0.879	10.088	8.875	18.946	18.640
09/03/2010	13.748	8.383	9.473	17.134	18.700
10/03/2010	0.000	8.092	9.777	16.964	25.080
11/03/2010	17.440	10.440	9.152	19.554	28.990
12/03/2010	0.000	9.715	7.830	17.732	24.440
13/03/2010	3.627	10.454	9.062	19.509	18.270
14/03/2010	1.908	9.517	7.786	17.438	16.260
15/03/2010	1.435	10.190	6.446	17.491	15.020
16/03/2010	12.717	7.325	8.295	14.938	15.890
17/03/2010	4.040	5.816	9.089	13.643	14.670
18/03/2010	0.701	7.843	8.429	15.696	17.650
19/03/2010	0.000	9.026	8.679	17.384	17.830
20/03/2010	4.132	7.541	8.982	15.696	19.320
21/03/2010	0.000	9.011	8.357	17.125	28.570
22/03/2010	0.000	9.446	7.750	17.304	23.550
23/03/2010	0.000	10.017	7.179	17.714	17.760
24/03/2010	1.613	9.084	9.268	17.821	15.480
25/03/2010	0.000	10.294	7.071	17.973	14.270
26/03/2010	14.423	5.865	9.491	13.982	14.750
27/03/2010	0.000	7.951	9.027	16.214	15.000
28/03/2010	0.000	7.769	8.795	15.821	14.500
29/03/2010	0.000	7.755	8.518	15.616	13.730
30/03/2010	0.961	6.268	9.884	14.768	13.710
31/03/2010	0.766	7.400	8.866	15.438	14.080
01/04/2010	0.000	8.939	8.268	17.000	15.370
02/04/2010	9.877	9.548	7.964	17.616	15.960
03/04/2010	17.751	7.204	8.911	15.232	16.760
04/04/2010	2.525	8.398	9.420	17.116	15.350
05/04/2010	1.652	8.675	9.116	17.286	34.460
06/04/2010	8.363	5.442	9.188	13.277	30.340
07/04/2010	0.000	8.122	8.616	16.241	31.080
08/04/2010	37.617	6.513	8.884	14.384	63.070
09/04/2010	15.467	5.208	9.491	13.286	49.850
10/04/2010	0.000	7.106	9.384	15.527	47.760
11/04/2010	2.682	7.102	8.705	15.027	49.700
12/04/2010	7.864	8.085	8.062	15.875	55.110
13/04/2010	13.889	5.290	8.786	12.821	41.500
14/04/2010	29.413	7.406	8.170	15.062	61.760
15/04/2010	0.000	6.397	8.741	14.179	57.960
16/04/2010	0.000	7.569	7.750	15.009	34.300
17/04/2010	3.505	8.010	8.759	16.286	27.350
18/04/2010	1.457	8.418	7.420	15.938	25.400
19/04/2010	30.276	4.053	9.286	11.848	55.760
20/04/2010	4.700	8.846	6.652	16.054	49.870
21/04/2010	0.000	9.444	8.554	18.098	32.200
22/04/2010	0.618	7.679	10.259	16.991	33.950
23/04/2010	0.000	8.988	8.098	17.232	22.800
24/04/2010	0.000	6.461	9.339	14.795	48.190
25/04/2010	0.000	7.166	10.062	16.223	49.840
26/04/2010	1.141	5.541	9.777	14.045	52.580
27/04/2010	0.000	6.895	9.170	15.259	48.700
28/04/2010	33.054	6.830	9.312	15.312	49.700
29/04/2010	15.803	6.638	8.750	14.634	70.680
30/04/2010	14.834	6.609	8.491	14.438	44.810
01/05/2010	0.000	6.274	9.268	14.598	37.800
02/05/2010	4.696	7.441	9.089	15.973	38.320
03/05/2010	31.328	5.677	8.812	13.500	42.150
04/05/2010	10.103	6.194	8.723	14.134	41.230
05/05/2010	15.019	7.133	8.562	15.259	44.870
06/05/2010	14.540	6.656	8.705	14.732	50.940
07/05/2010	0.000	6.979	8.634	15.116	38.500
08/05/2010	0.419	6.201	10.348	15.420	32.550
09/05/2010	0.000	6.369	10.107	15.455	33.950
10/05/2010	0.000	6.091	10.491	15.402	36.750
11/05/2010	0.000	5.106	10.098	13.902	41.940
12/05/2010	8.085	6.031	8.571	13.884	34.300
13/05/2010	0.000	6.687	9.321	15.312	30.100
14/05/2010	0.100	7.392	9.688	16.518	32.550
15/05/2010	0.000	7.031	10.241	16.455	24.100
16/05/2010	0.000	6.691	10.598	16.295	27.020
17/05/2010	2.401	8.318	10.170	18.161	24.100
18/05/2010	6.334	7.451	10.527	17.259	25.730
19/05/2010	0.000	6.877	9.893	16.045	36.050
20/05/2010	0.000	7.936	9.946	17.518	34.650
21/05/2010	17.135	7.748	9.607	17.045	40.550
22/05/2010	15.108	5.548	9.143	13.786	54.200
23/05/2010	1.588	5.850	9.750	14.661	32.550
24/05/2010	0.924	8.050	7.902	16.339	30.450
25/05/2010	15.204	8.124	8.679	17.000	30.100
26/05/2010	5.818	5.669	8.804	13.750	51.090
27/05/2010	7.106	5.289	9.402	13.705	46.130
28/05/2010	0.000	7.403	7.554	15.223	36.400
29/05/2010	1.021	8.493	7.857	17.018	28.700
30/05/2010	8.934	7.693	8.527	16.357	38.400
31/05/2010	22.542	6.251	8.812	14.571	35.000
01/06/2010	14.904	6.839	9.036	15.554	41.960
02/06/2010	25.036	6.258	8.884	14.652	41.300
03/06/2010	16.832	5.196	8.277	12.759	63.200
04/06/2010	0.000	6.073	8.116	13.839	46.340
05/06/2010	0.000	6.600	8.464	14.848	40.720
06/06/2010	0.000	5.606	8.598	13.589	32.200
07/06/2010	5.845	7.714	7.330	15.643	27.020
08/06/2010	0.000	6.263	8.402	14.330	25.400
09/06/2010	0.000	4.580	9.205	12.750	33.950
10/06/2010	0.000	5.836	8.116	13.562	28.700
11/06/2010	0.000	5.065	7.625	12.152	38.150
12/06/2010	0.000	5.857	8.116	13.589	42.600
13/06/2010	0.000	7.657	6.795	15.241	42.130
14/06/2010	0.000	6.655	7.750	14.446	42.030
15/06/2010	4.957	5.791	7.902	13.330	41.300
16/06/2010	21.845	5.373	8.750	13.420	41.140
17/06/2010	1.264	7.146	8.607	15.768	46.950
18/06/2010	0.000	5.382	9.143	13.732	46.950
19/06/2010	0.000	6.294	8.438	14.446	41.430
20/06/2010	32.406	3.507	8.188	10.607	65.730
21/06/2010	1.110	6.627	6.286	13.411	46.690
22/06/2010	11.742	5.617	8.054	13.259	39.900
23/06/2010	0.000	6.608	8.786	15.143	33.250
24/06/2010	0.000	6.359	9.009	14.955	29.050
25/06/2010	0.000	6.120	9.054	14.679	24.100
26/06/2010	0.000	5.479	8.679	13.527	22.150
27/06/2010	0.000	5.786	8.750	13.991	25.080
28/06/2010	0.000	6.153	7.830	13.804	32.640
29/06/2010	0.000	6.306	8.089	14.223	35.030
30/06/2010	0.000	6.701	7.500	14.339	36.500
01/07/2010	0.000	6.343	8.134	14.286	45.120
02/07/2010	10.124	6.390	8.277	14.473	38.870
03/07/2010	0.000	6.783	8.393	15.089	33.070
04/07/2010	20.414	4.658	8.929	12.634	42.040
05/07/2010	11.655	7.014	7.188	14.571	42.300
06/07/2010	26.243	6.184	8.455	14.295	49.150
07/07/2010	21.982	5.940	7.955	13.571	60.210
08/07/2010	0.000	5.566	8.170	13.196	45.340
09/07/2010	17.212	6.988	8.330	15.295	57.680
10/07/2010	0.000	6.779	9.384	15.759	44.590
11/07/2010	5.884	5.663	9.214	14.107	45.410
12/07/2010	0.562	7.097	7.795	15.071	41.460
13/07/2010	35.776	6.944	7.884	14.902	41.440
14/07/2010	1.748	7.097	8.027	15.205	40.220
15/07/2010	5.752	5.505	7.634	12.670	37.020
16/07/2010	25.966	4.759	7.830	11.812	74.970
17/07/2010	2.674	4.695	7.750	11.661	69.740
18/07/2010	0.000	5.730	8.268	13.446	52.800
19/07/2010	0.000	6.736	7.866	14.527	46.850
20/07/2010	0.000	7.357	5.839	14.018	35.290
21/07/2010	0.000	7.695	6.652	15.036	33.780
22/07/2010	0.000	6.873	7.929	14.714	30.710
23/07/2010	0.000	6.217	6.366	12.670	26.290
24/07/2010	0.000	5.562	8.348	13.214	29.050
25/07/2010	0.000	7.367	6.652	14.491	42.150
26/07/2010	0.000	5.731	8.214	13.330	50.660
27/07/2010	0.000	5.756	7.991	13.196	59.750
28/07/2010	0.898	6.388	7.312	13.527	41.680
29/07/2010	0.000	6.247	7.143	13.205	33.420
30/07/2010	0.000	6.817	7.545	14.259	35.510
31/07/2010	10.402	7.905	8.000	16.107	29.490
01/08/2010	12.559	6.830	7.661	14.357	33.280
02/08/2010	5.840	6.815	7.723	14.375	34.500
03/08/2010	0.183	4.558	8.393	11.875	35.360
04/08/2010	0.000	6.293	7.071	13.152	41.930
05/08/2010	0.000	7.409	5.777	13.839	30.330
06/08/2010	0.000	6.514	7.545	13.804	30.130
07/08/2010	0.000	7.251	6.054	13.759	30.320
08/08/2010	0.000	6.903	7.134	13.982	36.570
09/08/2010	0.000	7.839	7.759	15.696	32.140
10/08/2010	0.000	6.762	6.464	13.304	25.160
11/08/2010	0.000	6.489	6.580	13.000	22.310
12/08/2010	0.000	8.154	5.429	14.554	21.040
13/08/2010	0.000	6.570	6.759	13.214	28.610
14/08/2010	0.000	5.440	6.616	11.545	44.200
15/08/2010	0.000	7.228	6.527	13.938	33.890
16/08/2010	0.000	7.868	6.250	14.625	31.860
17/08/2010	0.000	7.593	6.330	14.295	24.320
18/08/2010	0.586	7.335	6.054	13.723	21.160
19/08/2010	0.000	7.183	6.955	14.107	20.610
20/08/2010	0.000	6.519	7.714	13.750	19.960
21/08/2010	0.000	6.299	7.312	13.125	18.520
22/08/2010	0.000	7.304	7.071	14.312	18.480
23/08/2010	0.000	8.313	6.286	15.179	17.420
24/08/2010	0.000	8.192	6.920	15.411	16.940
25/08/2010	0.000	6.518	8.821	14.473	17.670
26/08/2010	1.639	7.082	8.500	14.982	20.740
27/08/2010	3.152	7.251	7.589	14.545	24.720
28/08/2010	15.715	7.281	7.884	14.777	26.020
29/08/2010	0.680	7.240	7.107	14.179	29.430
30/08/2010	0.000	8.282	6.839	15.420	26.180
31/08/2010	8.402	7.224	7.080	14.107	22.420
01/09/2010	3.845	8.606	7.688	16.429	28.970
02/09/2010	28.106	6.564	8.366	14.161	65.350
03/09/2010	0.000	7.306	7.170	14.268	38.340
04/09/2010	0.397	8.613	7.848	16.473	27.590
05/09/2010	0.000	8.957	6.857	16.304	25.400
06/09/2010	0.000	5.703	8.402	13.071	23.540
07/09/2010	0.000	5.894	7.750	12.804	27.940
08/09/2010	1.459	6.139	8.089	13.366	49.530
09/09/2010	2.824	7.141	8.455	14.920	30.700
10/09/2010	0.000	8.876	7.821	16.777	26.480
11/09/2010	0.078	7.966	6.714	14.795	22.640
12/09/2010	0.000	8.080	7.804	15.688	18.890
13/09/2010	0.000	7.397	8.027	14.938	17.120
14/09/2010	0.343	8.414	7.830	16.152	16.480
15/09/2010	1.599	7.947	6.598	14.688	16.440
16/09/2010	7.343	8.442	8.098	16.348	16.620
17/09/2010	0.000	9.094	6.054	15.902	17.490
18/09/2010	1.574	8.538	7.321	15.955	15.840
19/09/2010	2.707	7.678	7.170	14.696	15.210
20/09/2010	0.000	6.262	6.893	12.616	15.690
21/09/2010	0.000	7.302	6.750	13.920	16.100
22/09/2010	10.438	7.803	8.411	15.714	15.130
23/09/2010	7.389	5.701	8.241	12.902	16.360
24/09/2010	8.234	8.322	7.795	16.009	16.850
25/09/2010	0.000	7.622	7.804	15.089	18.500
26/09/2010	1.822	7.493	7.080	14.420	19.690
27/09/2010	5.174	7.056	6.821	13.634	21.100
28/09/2010	2.156	8.029	7.438	15.393	21.350
29/09/2010	4.532	8.424	7.420	15.911	26.530
30/09/2010	11.371	6.784	7.554	13.804	27.720
01/10/2010	0.000	9.397	6.884	16.875	20.280
02/10/2010	15.947	7.253	7.116	14.143	21.740
03/10/2010	3.205	9.019	5.902	15.759	19.650
04/10/2010	24.654	6.275	7.420	13.089	26.490
05/10/2010	4.597	8.068	6.991	15.188	28.220
06/10/2010	6.085	7.438	8.589	15.455	23.060
07/10/2010	0.195	8.303	8.259	16.357	20.610
08/10/2010	0.000	7.546	9.071	15.964	22.740
09/10/2010	0.000	5.966	8.777	13.705	20.540
10/10/2010	0.000	7.692	8.580	15.804	19.440
11/10/2010	4.005	7.785	6.768	14.696	17.050
12/10/2010	0.000	8.400	5.866	14.973	16.550
13/10/2010	0.000	8.739	6.562	15.884	16.330
14/10/2010	0.000	9.037	6.062	16.000	16.280
15/10/2010	2.087	6.470	8.214	13.973	16.870
16/10/2010	0.000	7.022	8.527	14.955	19.510
17/10/2010	0.915	6.281	8.741	14.125	22.950
18/10/2010	16.243	7.733	7.804	15.420	19.450
19/10/2010	19.480	7.496	7.402	14.848	40.920
20/10/2010	15.480	6.566	7.170	13.438	31.070
21/10/2010	0.000	7.525	6.911	14.571	23.030
22/10/2010	35.118	7.725	6.723	14.732	21.850
23/10/2010	0.000	7.896	7.036	15.188	21.710
24/10/2010	1.886	9.053	8.232	17.598	18.770
25/10/2010	10.723	6.961	7.723	14.411	22.540
26/10/2010	17.337	7.782	6.438	14.670	49.890
27/10/2010	4.443	8.008	8.705	16.545	34.480
28/10/2010	11.047	7.777	8.384	16.009	35.710
29/10/2010	5.571	7.417	8.152	15.393	29.250
30/10/2010	25.164	6.356	8.562	14.268	36.090
31/10/2010	25.498	8.457	7.893	16.670	38.110
01/11/2010	23.182	5.875	8.312	13.455	47.190
02/11/2010	5.303	7.967	8.688	16.562	33.600
03/11/2010	34.547	6.328	8.589	14.277	39.500
04/11/2010	6.161	8.243	7.884	16.429	37.280
05/11/2010	11.061	8.309	8.268	16.804	31.990
06/11/2010	44.108	5.170	8.804	12.973	41.250
07/11/2010	0.390	4.933	8.286	12.277	33.100
08/11/2010	5.209	7.782	6.938	15.223	34.100
09/11/2010	0.000	8.231	6.670	15.705	28.780
10/11/2010	14.212	7.465	7.625	15.250	63.430
11/11/2010	10.790	6.586	7.705	14.116	73.300
12/11/2010	1.999	6.242	7.286	13.321	43.560
13/11/2010	26.971	5.592	8.000	12.991	40.790
14/11/2010	32.635	6.017	8.304	13.795	48.050
15/11/2010	9.263	6.794	7.795	14.509	50.070
16/11/2010	2.238	6.667	8.473	14.839	61.500
17/11/2010	30.622	5.964	7.643	13.286	83.960
18/11/2010	0.000	7.097	7.571	14.830	49.100
19/11/2010	17.763	7.444	7.955	15.598	43.550
20/11/2010	3.843	7.465	7.134	15.071	48.430
21/11/2010	0.000	6.390	7.768	14.000	42.500
22/11/2010	5.113	8.161	6.661	15.795	40.630
23/11/2010	0.000	6.822	7.964	14.759	37.100
24/11/2010	0.501	7.576	7.902	15.804	35.090
25/11/2010	34.756	7.377	7.821	15.473	39.450
26/11/2010	0.000	7.004	7.438	14.670	42.040
27/11/2010	13.736	6.315	7.902	14.054	34.680
28/11/2010	24.258	7.128	7.250	14.750	36.980
29/11/2010	9.139	7.476	7.929	15.759	35.290
30/11/2010	1.634	7.148	6.554	14.348	33.570
01/12/2010	10.192	6.420	8.938	14.982	28.670
02/12/2010	0.462	5.880	8.196	13.688	27.000
03/12/2010	24.880	5.942	8.330	13.920	34.850
04/12/2010	33.010	5.401	8.554	13.357	40.540
05/12/2010	22.615	6.422	7.304	13.848	54.080
06/12/2010	0.000	7.168	7.652	15.152	40.350
07/12/2010	1.201	6.153	9.107	14.777	34.450
08/12/2010	0.000	6.771	7.286	14.339	30.830
09/12/2010	0.000	6.957	7.866	15.009	29.430
10/12/2010	0.000	6.823	7.688	14.714	28.600
11/12/2010	5.882	6.748	7.991	14.804	25.950
12/12/2010	0.000	7.288	7.955	15.571	24.400
13/12/2010	8.481	6.790	9.286	15.821	25.920
14/12/2010	16.135	7.397	8.375	16.054	32.200
15/12/2010	32.404	5.739	7.455	13.009	28.360
16/12/2010	26.972	6.835	8.152	15.089	50.470
17/12/2010	8.326	7.212	6.420	14.473	36.260
18/12/2010	18.786	5.390	7.911	12.857	29.110
19/12/2010	2.894	7.351	7.161	15.161	26.190
20/12/2010	0.434	6.425	8.161	14.500	30.130
21/12/2010	0.000	6.957	6.848	14.348	29.930
22/12/2010	0.000	6.114	7.223	13.393	26.000
23/12/2010	0.000	5.813	7.223	12.946	32.680
24/12/2010	0.000	6.593	7.679	14.411	33.020
25/12/2010	0.000	6.354	7.393	13.821	28.160
26/12/2010	17.472	5.923	8.125	13.750	30.280
27/12/2010	0.000	6.751	8.089	14.875	28.010
28/12/2010	0.000	6.913	7.812	14.938	25.540
29/12/2010	0.000	7.156	7.964	15.366	24.800
30/12/2010	0.000	7.730	7.616	15.982	23.370
31/12/2010	0.654	9.641	5.339	17.339	21.160
01/01/2011	0.000	8.786	5.482	16.134	17.750
02/01/2011	0.000	9.232	5.268	16.652	18.050
03/01/2011	0.000	6.642	7.420	14.214	19.620
04/01/2011	15.812	6.510	7.786	14.286	21.210
05/01/2011	5.346	7.212	7.384	15.027	23.870
06/01/2011	0.000	7.936	6.196	15.277	20.360
07/01/2011	21.547	6.377	7.125	13.598	18.310
08/01/2011	3.997	7.684	6.955	15.375	19.110
09/01/2011	0.000	5.246	8.768	13.232	35.580
10/01/2011	0.000	6.553	8.643	14.902	53.250
11/01/2011	0.134	7.871	7.286	15.830	27.340
12/01/2011	0.000	7.976	6.804	15.643	22.090
13/01/2011	0.000	7.089	8.134	15.259	19.760
14/01/2011	0.000	8.686	7.562	17.125	17.500
15/01/2011	0.000	8.874	6.580	16.759	16.870
16/01/2011	6.975	7.382	8.009	15.545	16.240
17/01/2011	9.309	8.143	6.777	15.795	15.820
18/01/2011	0.000	8.791	5.786	16.098	14.770
19/01/2011	0.000	7.661	6.652	14.964	14.050
20/01/2011	0.000	8.869	6.384	16.536	13.960
21/01/2011	0.000	8.383	5.491	15.259	13.110
22/01/2011	2.732	8.262	7.312	16.214	13.110
23/01/2011	0.000	9.515	6.393	17.429	12.640
24/01/2011	0.000	7.526	6.688	14.705	12.220
25/01/2011	0.000	8.554	5.393	15.357	12.160
26/01/2011	0.000	7.814	7.545	15.661	12.660
27/01/2011	3.891	6.866	8.393	14.964	13.370
28/01/2011	8.711	7.963	7.696	15.938	14.070
29/01/2011	4.875	8.654	7.768	16.973	14.220
30/01/2011	1.710	7.973	7.223	15.607	12.180
31/01/2011	0.000	8.284	5.839	15.143	12.360
01/02/2011	0.000	5.999	7.902	13.330	12.440
02/02/2011	0.000	7.827	7.598	15.598	12.420
03/02/2011	0.000	8.115	6.205	15.071	12.140
04/02/2011	0.000	7.108	8.518	15.214	11.650
05/02/2011	14.253	7.464	7.911	15.277	11.610
06/02/2011	12.418	7.309	8.768	15.652	11.450
07/02/2011	11.958	5.455	8.027	12.634	12.620
08/02/2011	17.366	6.771	7.438	13.973	13.350
09/02/2011	0.000	5.164	7.750	12.036	18.370
10/02/2011	4.478	6.937	7.982	14.545	22.400
11/02/2011	1.828	6.601	8.116	14.170	18.800
12/02/2011	6.499	6.464	8.625	14.348	22.120
13/02/2011	14.858	6.297	8.509	14.027	22.400
14/02/2011	15.264	7.743	7.768	15.420	37.000
15/02/2011	3.374	8.010	8.134	16.009	25.820
16/02/2011	19.117	5.968	8.232	13.366	18.090
17/02/2011	20.517	6.737	8.821	14.795	17.650
18/02/2011	7.392	8.764	6.366	15.821	20.950
19/02/2011	1.323	8.349	7.634	16.054	38.220
20/02/2011	3.654	9.422	6.741	16.929	21.550
21/02/2011	0.290	7.986	5.821	14.339	17.820
22/02/2011	0.000	7.016	7.304	14.000	15.970
23/02/2011	0.302	6.770	7.670	13.938	16.940
24/02/2011	16.545	5.023	8.366	12.188	21.160
25/02/2011	21.293	8.130	7.527	15.634	50.020
26/02/2011	1.074	8.261	6.804	15.286	30.720
27/02/2011	13.730	7.776	7.179	14.884	22.150
28/02/2011	7.871	8.970	7.795	16.884	24.990
01/03/2011	33.646	7.696	7.759	15.161	20.830
02/03/2011	0.000	7.023	8.196	14.571	31.420
03/03/2011	9.453	7.686	7.679	15.089	27.600
04/03/2011	0.000	8.784	6.616	15.839	25.380
05/03/2011	0.000	6.611	7.036	13.196	32.030
06/03/2011	0.595	5.710	7.438	12.241	36.620
07/03/2011	0.000	8.211	6.152	14.696	53.160
08/03/2011	9.975	6.459	7.812	13.491	35.930
09/03/2011	24.324	6.849	7.679	13.902	47.600
10/03/2011	21.335	7.255	7.125	14.062	40.540
11/03/2011	1.864	9.339	5.000	15.500	28.580
12/03/2011	7.289	8.092	6.902	15.018	23.550
13/03/2011	0.000	9.479	7.125	16.991	20.430
14/03/2011	0.000	9.179	5.973	15.875	18.500
15/03/2011	0.000	9.003	5.982	15.616	17.410
16/03/2011	0.000	8.359	7.482	15.723	17.490
17/03/2011	7.385	9.029	6.536	15.991	17.900
18/03/2011	7.123	7.561	7.875	14.929	16.650
19/03/2011	4.274	6.515	9.009	14.429	18.850
20/03/2011	16.933	5.935	8.500	13.312	23.060
21/03/2011	39.094	6.270	7.804	13.205	42.120
22/03/2011	0.000	6.962	7.938	14.188	45.270
23/03/2011	1.797	6.926	8.232	14.393	66.810
24/03/2011	0.597	8.829	7.536	16.393	50.880
25/03/2011	9.883	7.516	8.464	15.295	63.130
26/03/2011	0.363	6.356	8.562	13.893	78.790
27/03/2011	3.083	9.069	7.920	16.938	51.470
28/03/2011	0.463	6.951	8.196	14.366	40.160
29/03/2011	9.353	8.622	8.062	16.464	28.620
30/03/2011	0.000	7.410	7.821	14.696	24.310
31/03/2011	2.733	7.806	8.616	15.777	22.030
01/04/2011	14.511	7.761	8.179	15.411	22.760
02/04/2011	12.099	6.474	8.339	13.875	23.260
03/04/2011	0.000	7.919	6.804	14.705	23.490
04/04/2011	15.872	7.347	8.036	14.795	29.100
05/04/2011	0.430	7.163	8.384	14.812	35.020
06/04/2011	18.113	6.811	7.438	13.688	70.460
07/04/2011	16.850	7.551	8.429	15.384	43.720
08/04/2011	3.997	8.238	8.607	16.420	38.690
09/04/2011	24.216	6.002	8.536	13.473	74.530
10/04/2011	27.858	5.854	7.982	12.893	116.000
11/04/2011	6.078	6.562	8.375	14.098	76.690
12/04/2011	32.887	5.822	8.045	12.920	89.770
13/04/2011	9.414	6.646	7.393	13.482	77.210
14/04/2011	18.100	7.752	7.473	15.045	56.400
15/04/2011	12.738	4.246	8.188	11.116	68.890
16/04/2011	0.000	6.482	7.545	13.411	84.100
17/04/2011	37.114	6.551	7.491	13.482	87.530
18/04/2011	5.413	6.890	7.732	14.125	72.910
19/04/2011	25.883	5.388	8.134	12.491	62.310
21/04/2011	3.939	7.024	8.205	14.696	103.600
22/04/2011	20.021	6.552	7.938	13.857	72.850
23/04/2011	0.000	6.145	8.170	13.518	68.960
24/04/2011	0.507	7.448	8.161	15.241	86.130
25/04/2011	0.000	6.709	9.018	14.893	59.890
26/04/2011	0.000	9.117	7.545	17.107	60.620
27/04/2011	15.694	6.648	8.143	14.170	69.840
28/04/2011	26.638	7.539	7.250	14.768	53.570
29/04/2011	10.833	9.559	8.179	18.170	56.240
30/04/2011	0.000	9.479	6.357	16.938	47.840
01/05/2011	12.733	6.851	9.134	15.250	45.070
02/05/2011	0.000	6.696	9.304	15.170	45.540
03/05/2011	5.776	3.810	9.777	12.098	62.020
04/05/2011	0.459	5.447	8.875	13.268	68.470
05/05/2011	0.000	5.987	8.902	13.982	54.420
06/05/2011	0.000	6.665	9.420	15.268	45.740
07/05/2011	0.000	6.079	9.964	14.938	42.860
08/05/2011	2.364	5.639	9.705	14.214	95.250
09/05/2011	0.000	7.201	9.491	16.071	53.620
10/05/2011	1.646	6.534	9.080	14.902	46.790
11/05/2011	0.000	6.174	10.036	15.152	38.640
12/05/2011	0.000	7.309	9.929	16.554	37.990
13/05/2011	31.331	4.590	9.616	12.911	79.650
14/05/2011	12.691	5.298	8.527	12.938	78.060
15/05/2011	3.865	7.812	8.438	16.259	61.160
16/05/2011	24.572	6.567	8.634	14.696	49.180
17/05/2011	13.646	8.008	7.205	15.714	47.340
18/05/2011	5.376	8.464	7.179	16.366	41.120
19/05/2011	9.828	4.852	7.625	11.679	37.820
20/05/2011	0.000	8.628	6.750	16.348	34.810
21/05/2011	19.120	7.779	7.036	15.339	49.920
22/05/2011	8.248	6.637	8.375	14.670	56.580
23/05/2011	1.306	7.330	8.509	15.732	51.840
24/05/2011	0.000	6.740	8.554	14.964	45.430
25/05/2011	8.333	7.555	8.768	16.259	51.150
26/05/2011	22.110	4.697	9.509	13.045	62.610
27/05/2011	0.000	7.144	8.509	15.536	75.290
28/05/2011	0.000	5.990	8.295	13.812	55.710
29/05/2011	0.000	5.616	8.670	13.598	76.950
30/05/2011	0.000	5.987	9.027	14.366	92.860
31/05/2011	0.000	6.480	8.929	14.964	94.320
01/06/2011	0.000	6.694	8.964	15.286	61.780
02/06/2011	6.406	5.192	9.009	13.312	64.790
03/06/2011	18.327	6.083	8.893	14.438	69.710
04/06/2011	23.050	4.022	8.938	11.848	56.860
05/06/2011	0.000	5.421	8.259	13.071	46.810
06/06/2011	0.000	8.350	7.545	16.696	41.910
07/06/2011	0.651	6.728	8.607	15.125	42.120
08/06/2011	0.000	6.730	8.259	14.884	37.980
09/06/2011	0.000	6.459	10.062	15.839	34.770
10/06/2011	0.000	6.791	9.223	15.679	34.070
11/06/2011	0.000	5.773	9.571	14.580	38.880
12/06/2011	0.000	7.011	9.089	15.911	39.010
13/06/2011	0.000	6.935	8.723	15.554	56.790
14/06/2011	0.000	4.540	9.411	12.884	75.720
15/06/2011	1.028	5.836	8.482	13.839	90.380
16/06/2011	27.011	6.388	7.955	14.223	56.660
17/06/2011	0.000	6.664	8.339	14.893	36.840
18/06/2011	0.000	5.018	8.455	12.723	43.470
19/06/2011	0.000	7.078	8.670	15.732	45.990
20/06/2011	3.588	7.412	8.107	15.795	38.560
21/06/2011	0.000	6.269	9.098	14.902	32.610
22/06/2011	0.000	7.125	7.536	15.000	29.820
23/06/2011	0.000	5.384	9.027	13.670	29.170
24/06/2011	4.096	6.683	8.134	14.804	35.100
25/06/2011	7.310	6.143	7.732	13.732	51.800
26/06/2011	0.000	5.516	8.223	13.214	39.110
27/06/2011	6.702	5.853	8.491	13.875	82.780
28/06/2011	0.000	8.571	5.214	15.625	42.040
29/06/2011	0.000	7.863	6.589	15.429	28.810
30/06/2011	11.305	6.724	8.027	14.741	27.050
01/07/2011	10.716	6.530	8.205	14.625	32.710
02/07/2011	0.000	6.401	8.982	15.000	31.480
03/07/2011	0.000	7.392	7.438	15.286	24.890
04/07/2011	0.887	6.389	8.241	14.420	24.190
05/07/2011	0.000	7.228	7.804	15.286	25.240
06/07/2011	6.011	5.974	7.286	13.143	31.080
07/07/2011	0.000	5.608	7.571	12.812	54.650
08/07/2011	0.000	7.760	5.982	14.848	43.200
09/07/2011	0.000	6.330	6.857	13.312	40.320
10/07/2011	0.000	6.654	8.259	14.759	38.680
11/07/2011	0.000	7.397	7.411	15.214	52.930
12/07/2011	0.000	7.517	7.232	15.250	49.560
13/07/2011	0.560	7.222	6.795	14.527	49.110
14/07/2011	2.811	7.423	6.384	14.527	48.900
15/07/2011	26.989	6.307	7.116	13.420	44.390
16/07/2011	0.178	7.393	7.464	15.205	46.760
17/07/2011	0.000	6.305	8.179	14.152	41.340
18/07/2011	0.000	7.168	7.134	14.634	44.430
19/07/2011	0.000	6.713	8.696	15.080	50.140
20/07/2011	0.000	7.322	6.357	14.295	42.600
21/07/2011	0.000	6.002	7.688	13.339	38.920
22/07/2011	0.000	7.741	7.188	15.446	34.770
23/07/2011	0.000	6.783	7.929	14.589	46.090
24/07/2011	0.000	6.824	8.500	15.036	43.760
25/07/2011	0.000	5.047	8.893	12.973	46.880
26/07/2011	0.000	6.657	7.589	14.116	44.200
27/07/2011	0.000	6.634	8.080	14.446	42.160
28/07/2011	2.281	6.834	8.268	14.821	48.380
29/07/2011	16.974	7.221	7.080	14.554	44.620
30/07/2011	7.265	5.851	7.830	13.179	52.970
31/07/2011	18.275	8.681	5.750	15.723	73.170
01/08/2011	9.193	8.628	7.607	16.839	51.190
02/08/2011	0.000	7.761	8.652	16.312	40.850
03/08/2011	7.889	6.705	8.384	14.652	38.450
04/08/2011	0.000	6.368	8.366	14.188	37.040
05/08/2011	0.000	6.927	9.107	15.473	35.190
06/08/2011	0.000	8.850	5.589	15.768	33.930
07/08/2011	0.000	7.944	5.134	14.134	33.120
08/08/2011	0.000	8.417	6.277	15.545	32.300
09/08/2011	0.000	7.156	6.580	13.938	31.480
10/08/2011	0.000	7.481	7.241	14.830	37.940
11/08/2011	0.000	7.674	6.804	14.786	34.780
12/08/2011	0.000	7.401	6.214	13.991	31.480
13/08/2011	0.000	6.894	7.750	14.321	31.480
14/08/2011	0.000	8.320	7.768	16.286	30.670
15/08/2011	0.000	7.048	7.938	14.652	30.790
16/08/2011	0.000	8.190	7.929	16.179	34.350
17/08/2011	0.000	9.174	6.393	16.527	32.780
18/08/2011	4.359	8.692	7.812	16.750	31.480
19/08/2011	3.415	8.348	7.411	16.000	31.080
20/08/2011	9.865	8.710	7.045	16.259	33.070
21/08/2011	0.000	8.828	6.161	15.866	34.380
22/08/2011	2.164	6.786	8.062	14.312	35.150
23/08/2011	3.496	8.201	6.875	15.411	31.790
24/08/2011	0.000	7.165	7.152	14.152	35.630
25/08/2011	0.000	8.139	7.652	15.804	31.650
26/08/2011	14.543	7.344	9.062	15.732	24.540
27/08/2011	0.000	8.106	6.652	15.062	18.820
28/08/2011	0.000	7.849	7.420	15.214	16.480
29/08/2011	0.511	7.353	7.536	14.607	14.730
30/08/2011	0.000	9.821	6.286	17.161	13.430
31/08/2011	2.688	6.812	7.634	13.946	14.730
01/09/2011	0.129	8.337	5.473	14.562	17.060
02/09/2011	0.000	9.546	4.607	15.714	19.400
03/09/2011	0.000	7.009	5.991	13.054	20.050
04/09/2011	0.000	8.259	5.420	14.393	20.100
05/09/2011	0.000	10.019	4.580	16.339	21.390
06/09/2011	0.000	7.557	6.071	13.830	18.240
07/09/2011	0.000	8.825	5.955	15.509	18.530
08/09/2011	0.000	8.472	6.973	15.652	19.700
09/09/2011	17.605	7.477	6.866	14.250	23.490
10/09/2011	4.422	9.367	6.402	16.518	16.770
11/09/2011	13.873	6.152	8.500	13.688	18.240
12/09/2011	0.000	6.151	7.902	13.232	22.090
13/09/2011	0.000	8.389	6.562	15.277	20.050
14/09/2011	0.000	8.153	5.929	14.527	22.440
15/09/2011	0.000	8.452	6.911	15.580	23.490
16/09/2011	0.000	8.108	7.027	15.170	21.510
17/09/2011	0.000	8.100	7.420	15.438	26.700
18/09/2011	0.555	8.156	7.500	15.554	36.570
19/09/2011	8.657	8.287	7.875	15.991	37.510
20/09/2011	0.000	8.366	8.188	16.295	31.480
21/09/2011	0.000	6.698	7.179	13.384	26.640
22/09/2011	0.000	9.451	6.616	16.723	24.890
23/09/2011	0.000	9.311	7.973	17.411	21.390
24/09/2011	12.160	8.004	8.554	16.098	19.400
25/09/2011	7.903	6.594	8.812	14.491	19.400
26/09/2011	0.846	7.304	8.616	15.223	19.810
27/09/2011	0.000	8.725	6.875	15.929	31.080
28/09/2011	12.297	7.848	6.902	14.759	29.440
29/09/2011	0.000	9.079	5.107	15.304	23.140
30/09/2011	0.000	8.763	7.973	16.705	20.690
01/10/2011	0.000	8.093	7.875	15.750	31.080
02/10/2011	15.012	7.693	8.250	15.491	28.620
03/10/2011	5.339	8.798	7.152	16.223	23.490
04/10/2011	21.650	5.727	8.018	12.804	32.710
05/10/2011	16.419	6.782	7.938	14.143	33.530
06/10/2011	9.204	6.042	8.312	13.446	29.030
07/10/2011	0.681	8.702	9.152	17.509	23.840
08/10/2011	0.000	6.103	9.161	14.170	22.090
09/10/2011	0.000	8.184	8.643	16.491	33.120
10/10/2011	30.527	9.146	8.455	17.661	45.680
11/10/2011	12.917	8.463	7.304	15.973	40.790
12/10/2011	17.413	7.400	8.500	15.402	48.500
13/10/2011	8.910	8.629	7.696	16.500	53.570
14/10/2011	6.382	7.995	6.955	15.143	45.020
15/10/2011	36.604	8.150	8.188	16.214	43.610
16/10/2011	27.153	6.826	8.107	14.411	53.010
17/10/2011	9.294	6.712	7.786	14.062	58.650
18/10/2011	19.481	7.220	7.250	14.366	75.690
19/10/2011	4.806	8.577	6.134	15.500	37.280
20/10/2011	4.158	7.400	6.268	13.955	30.260
21/10/2011	1.006	8.412	5.875	15.125	31.080
22/10/2011	0.702	8.455	6.884	15.848	26.640
23/10/2011	0.288	8.118	6.679	15.259	22.090
24/10/2011	25.343	7.344	7.143	14.518	32.710
25/10/2011	0.698	8.793	6.714	16.259	29.440
26/10/2011	0.000	7.553	7.411	15.000	25.940
27/10/2011	0.873	8.240	7.402	15.955	23.140
28/10/2011	7.169	5.865	9.000	13.929	22.440
29/10/2011	0.000	7.516	7.473	15.054	23.490
30/10/2011	20.819	6.025	7.884	13.312	28.220
31/10/2011	0.000	7.494	6.786	14.580	26.760
01/11/2011	0.000	8.645	6.661	16.134	27.810
02/11/2011	0.000	8.419	8.054	16.732	25.240
03/11/2011	6.149	8.132	7.795	16.179	25.940
04/11/2011	10.621	6.502	8.723	14.643	26.640
05/11/2011	6.299	7.596	7.473	15.259	24.540
06/11/2011	10.189	6.607	8.545	14.670	23.490
07/11/2011	0.319	8.506	9.036	17.652	26.290
08/11/2011	51.923	5.407	8.241	12.857	30.670
09/11/2011	0.000	7.249	8.518	15.571	34.340
10/11/2011	9.592	8.200	7.116	15.973	46.430
11/11/2011	15.127	7.058	7.750	14.777	55.830
12/11/2011	62.227	6.280	8.295	14.134	110.500
13/11/2011	10.618	6.872	7.955	14.750	118.600
14/11/2011	0.000	8.192	6.080	15.366	46.430
15/11/2011	3.966	8.748	6.920	16.688	51.320
16/11/2011	12.402	7.256	7.205	14.759	39.850
17/11/2011	53.440	7.836	7.277	15.705	43.610
18/11/2011	14.059	8.012	7.384	16.018	31.080
19/11/2011	0.000	7.393	7.402	15.143	37.510
20/11/2011	12.252	7.002	7.554	14.696	44.550
21/11/2011	6.624	7.747	6.768	15.250	34.340
22/11/2011	15.479	8.036	7.152	15.955	39.850
23/11/2011	0.000	7.866	6.036	15.000	39.390
24/11/2011	21.176	6.669	7.768	14.455	50.190
25/11/2011	0.000	8.031	6.848	15.768	39.390
26/11/2011	4.687	8.043	7.902	16.482	36.100
27/11/2011	11.718	7.049	8.071	15.205	38.450
28/11/2011	7.583	7.556	7.054	15.250	39.850
29/11/2011	36.372	6.404	8.134	14.366	42.670
30/11/2011	11.160	6.917	8.054	15.045	43.610
01/12/2011	65.108	5.810	8.598	13.893	55.830
02/12/2011	0.373	6.110	7.982	13.857	39.850
03/12/2011	1.776	6.080	8.384	14.107	63.160
04/12/2011	0.380	5.525	8.455	13.402	70.420
05/12/2011	14.524	6.790	8.018	14.875	68.920
06/12/2011	0.625	6.832	8.000	14.938	97.570
07/12/2011	13.323	6.522	7.946	14.455	110.200
08/12/2011	0.289	5.758	8.402	13.732	86.420
09/12/2011	14.560	7.715	7.321	15.777	46.240
10/12/2011	4.417	8.374	7.259	16.679	53.010
11/12/2011	0.000	7.575	7.420	15.625	54.700
12/12/2011	66.107	6.693	7.375	14.312	51.320
13/12/2011	1.562	6.494	8.116	14.571	43.800
14/12/2011	10.851	5.788	8.464	13.830	41.260
15/12/2011	0.354	6.258	7.991	14.134	40.320
16/12/2011	0.302	6.672	8.062	14.759	45.020
17/12/2011	0.000	7.182	8.438	15.768	41.260
18/12/2011	14.766	6.487	8.045	14.500	41.730
19/12/2011	3.251	4.944	8.750	12.902	43.140
20/12/2011	0.000	7.501	7.964	15.929	47.370
21/12/2011	0.000	5.819	9.071	14.321	40.320
22/12/2011	0.000	8.296	6.554	16.152	36.100
23/12/2011	0.000	8.173	6.330	15.812	33.530
24/12/2011	0.000	6.912	8.455	15.384	29.440
25/12/2011	0.000	7.344	8.089	15.750	27.810
26/12/2011	0.419	6.889	7.938	14.973	33.530
27/12/2011	0.000	6.707	8.545	15.152	29.440
28/12/2011	0.000	6.773	9.625	16.018	27.400
29/12/2011	0.276	6.795	9.045	15.634	29.030
30/12/2011	0.000	6.981	8.723	15.643	26.640
31/12/2011	0.000	7.811	8.688	16.786	24.890
01/01/2012	0.000	8.764	6.241	16.589	22.440
02/01/2012	17.850	8.166	6.848	16.054	21.740
03/01/2012	6.787	7.197	8.750	15.938	23.140
04/01/2012	61.791	8.631	8.643	17.920	64.850
05/01/2012	0.000	4.576	8.884	12.473	39.390
06/01/2012	12.593	6.889	8.098	15.027	41.260
07/01/2012	0.000	6.631	7.982	14.562	34.810
08/01/2012	0.000	5.980	7.839	13.536	32.710
09/01/2012	0.000	6.695	8.589	15.062	32.710
10/01/2012	1.339	8.032	7.964	16.509	29.440
11/01/2012	0.398	8.552	6.830	16.536	26.640
12/01/2012	5.145	7.300	8.241	15.661	24.890
13/01/2012	14.902	6.165	8.911	14.527	23.840
14/01/2012	0.000	6.496	7.920	14.250	22.440
15/01/2012	0.151	6.960	8.732	15.464	21.740
16/01/2012	16.462	7.151	7.152	14.634	21.040
17/01/2012	0.000	8.540	8.071	17.223	22.090
18/01/2012	14.650	6.968	7.009	14.241	23.140
19/01/2012	9.085	5.951	7.893	13.446	24.890
20/01/2012	27.636	5.495	8.625	13.375	27.810
21/01/2012	11.255	6.219	7.929	13.795	30.260
22/01/2012	4.431	6.042	8.536	14.018	43.520
23/01/2012	0.000	5.937	7.607	13.152	59.210
24/01/2012	0.000	6.171	7.607	13.446	39.390
25/01/2012	0.000	8.029	7.598	16.045	37.980
26/01/2012	0.000	8.163	5.366	14.768	40.790
27/01/2012	0.000	6.953	8.473	15.107	33.530
28/01/2012	0.000	7.608	7.848	15.562	30.260
29/01/2012	0.000	7.845	7.545	15.670	25.240
30/01/2012	0.000	6.958	7.911	14.688	26.640
31/01/2012	2.895	7.478	6.848	14.652	23.840
01/02/2012	0.000	7.047	7.661	14.589	26.640
02/02/2012	0.000	7.605	8.098	15.634	26.290
03/02/2012	4.750	8.120	8.393	16.571	27.690
04/02/2012	0.000	7.438	8.750	15.830	26.290
05/02/2012	6.857	5.986	8.196	13.473	25.240
06/02/2012	2.638	5.051	8.625	12.616	29.850
07/02/2012	3.499	7.734	7.518	15.321	56.960
08/02/2012	34.678	5.696	7.420	12.473	73.350
09/02/2012	2.440	7.961	7.009	15.295	76.400
10/02/2012	0.000	8.264	7.036	15.723	49.060
11/02/2012	7.775	7.689	7.232	15.018	48.500
12/02/2012	0.000	8.391	6.920	15.759	42.670
13/02/2012	7.362	8.277	7.170	15.723	31.480
14/02/2012	3.097	8.548	7.196	16.134	26.640
15/02/2012	0.000	9.592	4.304	15.777	23.840
16/02/2012	0.000	9.266	5.339	15.911	23.140
17/02/2012	0.000	7.684	7.652	15.205	23.490
18/02/2012	0.000	8.502	5.777	15.071	21.740
19/02/2012	0.171	7.955	5.107	13.866	21.040
20/02/2012	0.176	8.398	5.089	14.473	21.040
21/02/2012	0.000	8.767	5.625	15.286	20.340
22/02/2012	0.000	7.357	5.616	13.321	22.440
23/02/2012	0.000	7.596	5.911	13.821	20.690
24/02/2012	0.000	8.517	5.554	14.848	24.890
25/02/2012	5.939	7.249	6.723	13.866	27.810
26/02/2012	6.107	7.738	6.491	14.366	25.240
27/02/2012	0.000	7.681	6.375	14.223	26.700
28/02/2012	3.291	6.547	7.125	13.161	23.140
29/02/2012	6.113	7.232	6.866	13.893	22.790
01/03/2012	1.993	6.866	6.830	13.384	24.540
02/03/2012	0.000	6.566	5.804	12.223	27.810
03/03/2012	0.000	5.986	7.982	13.036	47.370
04/03/2012	0.754	8.780	8.036	16.732	49.060
05/03/2012	0.000	6.850	8.205	14.286	36.100
06/03/2012	0.000	6.677	7.696	13.679	34.400
07/03/2012	0.000	7.706	7.589	14.964	24.540
08/03/2012	0.000	6.058	7.723	12.902	23.840
09/03/2012	12.395	4.326	8.536	11.438	27.810
10/03/2012	21.408	5.413	7.821	12.170	31.080
11/03/2012	0.000	6.218	8.304	13.536	46.240
12/03/2012	0.000	5.729	8.464	13.036	53.010
13/03/2012	18.172	7.590	7.893	15.009	39.850
14/03/2012	0.245	6.179	6.670	12.268	30.260
15/03/2012	0.000	7.519	7.857	14.875	25.590
16/03/2012	0.000	5.655	9.000	13.375	28.630
17/03/2012	2.677	7.092	8.054	14.446	69.750
18/03/2012	11.637	9.377	6.723	16.589	42.670
19/03/2012	18.740	5.404	8.000	12.286	39.850
20/03/2012	1.807	8.346	7.839	16.000	37.040
21/03/2012	6.442	8.005	8.188	15.750	36.160
22/03/2012	13.574	4.469	8.062	11.205	33.530
23/03/2012	13.528	8.241	5.777	14.429	32.300
24/03/2012	15.407	6.220	7.848	13.170	27.460
25/03/2012	0.000	7.686	8.134	15.304	43.800
26/03/2012	3.622	6.157	7.786	13.045	50.190
27/03/2012	22.945	7.724	7.518	14.911	35.690
28/03/2012	0.000	8.464	7.857	16.134	49.060
29/03/2012	0.000	8.397	7.429	15.741	33.930
30/03/2012	0.000	5.692	9.821	14.062	34.530
31/03/2012	9.416	7.266	8.991	15.375	63.160
01/04/2012	6.245	7.648	8.357	15.411	45.680
02/04/2012	0.000	7.060	8.777	14.955	40.420
03/04/2012	0.000	6.854	8.679	14.625	32.300
04/04/2012	1.548	7.056	8.268	14.598	33.530
05/04/2012	14.948	8.118	8.027	15.830	35.810
06/04/2012	1.700	8.427	7.054	15.625	46.240
07/04/2012	22.387	5.249	8.250	12.330	38.450
08/04/2012	1.100	5.877	8.375	13.188	48.500
09/04/2012	6.109	6.544	8.312	14.036	49.060
10/04/2012	26.294	8.841	7.232	16.321	65.980
11/04/2012	8.832	7.308	5.759	13.259	59.780
12/04/2012	24.254	4.743	7.045	10.786	58.090
13/04/2012	8.705	7.888	6.920	14.866	63.160
14/04/2012	2.625	8.437	5.955	14.982	57.520
15/04/2012	12.179	7.693	7.205	14.777	64.850
16/04/2012	18.554	6.182	7.705	13.152	62.030
17/04/2012	0.000	7.898	7.768	15.482	56.390
18/04/2012	33.296	7.257	8.214	14.982	76.460
19/04/2012	14.112	5.875	8.036	13.027	65.150
20/04/2012	0.802	7.198	7.732	14.562	54.700
24/04/2012	0.000	7.729	8.098	15.589	48.500
25/04/2012	0.000	7.272	7.634	14.652	43.990
26/04/2012	0.000	5.457	8.518	12.929	53.100
27/04/2012	0.000	8.000	8.312	16.125	55.270
28/04/2012	7.641	5.245	8.196	12.438	54.700
29/04/2012	21.236	8.356	8.393	16.732	48.500
30/04/2012	4.042	6.950	7.679	14.312	40.790
01/05/2012	17.892	6.024	8.268	13.536	38.450
02/05/2012	6.570	7.116	7.777	14.643	38.920
03/05/2012	0.000	6.760	8.571	14.750	39.850
04/05/2012	0.000	7.335	7.634	14.866	41.260
05/05/2012	1.470	6.500	8.438	14.330	45.680
06/05/2012	0.000	6.583	8.607	14.589	41.730
07/05/2012	7.470	6.093	8.500	13.893	36.570
08/05/2012	0.646	6.305	7.920	13.741	31.080
09/05/2012	0.000	6.242	8.366	13.982	27.400
10/05/2012	0.000	7.706	6.804	14.902	33.530
11/05/2012	0.000	7.949	8.143	16.179	32.300
12/05/2012	0.000	7.052	8.812	15.438	41.260
13/05/2012	1.916	6.702	8.732	14.920	58.960
14/05/2012	0.000	6.718	8.411	14.714	37.280
15/05/2012	0.000	7.799	8.804	16.491	31.650
16/05/2012	0.000	7.074	8.188	15.080	25.420
17/05/2012	0.000	7.054	8.580	15.339	29.440
18/05/2012	0.239	8.039	8.625	16.714	26.110
19/05/2012	16.789	5.528	8.786	13.473	41.440
20/05/2012	0.000	7.964	8.420	16.527	38.940
21/05/2012	0.400	6.990	8.420	15.205	34.750
22/05/2012	2.010	6.932	8.714	15.339	49.130
23/05/2012	0.000	7.575	6.946	15.009	31.870
24/05/2012	0.000	6.891	7.938	14.750	28.950
25/05/2012	0.000	8.054	7.125	15.848	24.820
26/05/2012	0.428	5.967	8.259	13.714	24.510
27/05/2012	0.000	7.002	7.705	14.786	20.930
28/05/2012	0.000	6.020	7.518	13.259	19.180
29/05/2012	0.000	6.494	8.464	14.643	26.050
30/05/2012	0.000	6.346	8.554	14.482	24.470
31/05/2012	7.444	6.706	7.571	14.304	20.500
01/06/2012	0.000	5.943	8.527	13.946	19.110
02/06/2012	0.000	6.925	8.286	15.143	33.210
03/06/2012	0.216	6.802	8.214	14.920	26.950
04/06/2012	1.610	8.525	6.518	16.259	20.780
05/06/2012	8.082	6.495	9.688	15.571	21.090
06/06/2012	0.000	7.621	6.768	15.116	18.990
07/06/2012	0.000	7.219	8.054	15.438	16.660
08/06/2012	0.167	6.318	8.679	14.616	24.160
09/06/2012	0.000	6.457	8.161	14.455	28.390
10/06/2012	0.000	5.873	8.554	13.938	89.570
11/06/2012	0.000	6.406	8.500	14.625	50.740
12/06/2012	0.000	7.005	6.893	14.339	31.240
13/06/2012	0.000	5.942	7.946	13.580	26.880
14/06/2012	0.158	7.151	8.071	15.393	25.930
15/06/2012	0.000	6.705	8.509	15.062	22.640
16/06/2012	20.733	6.509	7.089	13.759	19.430
17/06/2012	2.539	7.470	7.393	15.375	20.430
18/06/2012	2.458	8.551	7.491	17.009	18.530
19/06/2012	1.222	8.385	7.991	17.089	20.590
20/06/2012	0.000	7.508	5.884	14.438	17.920
21/06/2012	2.786	7.414	6.893	14.955	17.690
22/06/2012	0.000	8.543	5.330	15.634	16.850
23/06/2012	2.114	6.277	5.384	12.259	15.550
24/06/2012	0.000	7.609	6.393	14.911	12.950
25/06/2012	0.468	5.834	7.188	12.884	12.630
26/06/2012	2.181	6.656	7.259	14.107	15.430
27/06/2012	0.000	6.742	6.000	13.366	18.210
28/06/2012	0.000	7.476	6.777	14.973	22.830
29/06/2012	0.000	7.325	5.920	14.179	19.630
30/06/2012	0.000	6.273	7.411	13.652	24.540
01/07/2012	0.000	6.135	7.545	13.554	25.940
02/07/2012	0.000	6.692	7.259	14.134	27.400
03/07/2012	0.000	7.322	6.482	14.518	29.850
04/07/2012	0.000	7.543	6.875	15.107	26.640
05/07/2012	0.000	6.733	7.446	14.304	24.890
06/07/2012	1.078	7.887	6.214	15.152	34.870
07/07/2012	0.896	7.936	7.866	16.321	29.030
08/07/2012	0.000	6.543	8.607	14.857	25.940
09/07/2012	0.000	7.731	8.125	16.161	30.670
10/07/2012	0.415	6.961	7.214	14.446	31.480
11/07/2012	0.000	6.444	8.196	14.393	28.620
12/07/2012	0.000	7.937	8.277	16.545	30.670
13/07/2012	1.916	5.334	8.804	13.330	23.490
14/07/2012	10.000	5.745	7.982	13.232	28.220
15/07/2012	0.000	5.680	6.750	12.241	29.850
16/07/2012	0.000	8.012	6.277	15.277	36.570
17/07/2012	5.125	6.943	8.188	15.036	33.930
18/07/2012	7.090	6.695	8.125	14.634	29.850
19/07/2012	0.000	5.537	7.714	12.723	26.990
20/07/2012	2.108	7.540	5.679	14.143	24.890
21/07/2012	0.000	8.960	5.312	15.991	25.590
22/07/2012	0.000	6.882	7.268	14.250	23.490
23/07/2012	0.000	7.135	6.286	13.920	21.740
24/07/2012	1.381	6.187	7.589	13.482	48.120
25/07/2012	0.000	8.499	5.661	15.473	23.310
26/07/2012	0.000	7.310	6.420	14.223	21.740
27/07/2012	0.000	7.055	7.205	14.402	21.740
28/07/2012	0.000	5.790	8.500	13.580	31.080
29/07/2012	0.000	7.337	6.571	14.330	29.030
30/07/2012	1.267	6.901	6.929	13.929	42.200
31/07/2012	3.209	6.063	8.304	13.750	31.080
01/08/2012	0.000	6.966	7.196	14.196	51.320
02/08/2012	0.000	9.305	5.098	16.161	44.170
03/08/2012	0.000	8.492	6.179	15.634	27.460
04/08/2012	0.000	7.155	7.741	14.786	23.490
05/08/2012	2.819	5.557	7.973	12.786	22.790
06/08/2012	0.000	8.679	5.598	15.500	22.790
07/08/2012	0.000	8.818	6.973	16.545	18.140
08/08/2012	0.000	9.034	6.634	16.607	16.890
09/08/2012	0.000	7.347	6.027	13.830	16.160
10/08/2012	0.000	7.457	6.589	14.348	15.870
11/08/2012	0.000	7.731	7.625	15.402	17.970
12/08/2012	0.638	8.104	7.027	15.500	17.140
13/08/2012	21.498	4.522	8.170	11.554	17.410
14/08/2012	3.935	6.771	7.250	13.812	28.890
15/08/2012	0.000	8.484	7.786	16.482	32.930
16/08/2012	0.000	8.642	5.902	15.455	24.630
17/08/2012	0.000	5.874	7.080	12.411	29.430
18/08/2012	0.563	7.407	7.134	14.527	40.570
19/08/2012	0.000	7.895	6.955	15.062	23.850
20/08/2012	0.000	8.954	5.589	15.643	16.410
21/08/2012	0.000	7.136	7.946	14.679	13.550
22/08/2012	0.000	7.128	7.000	14.000	11.980
23/08/2012	0.000	7.754	7.455	15.152	11.030
24/08/2012	0.000	8.086	7.652	15.714	10.460
25/08/2012	0.000	6.033	7.446	12.821	9.885
26/08/2012	2.616	6.156	8.152	13.500	19.340
27/08/2012	0.000	6.079	8.295	13.500	35.210
28/08/2012	0.000	7.775	7.795	15.384	22.740
29/08/2012	0.000	6.843	8.018	14.286	21.000
30/08/2012	0.000	7.875	6.330	14.491	40.580
31/08/2012	0.000	7.314	5.830	13.366	27.660
01/09/2012	0.000	6.711	5.661	12.402	22.560
02/09/2012	0.000	7.879	5.482	13.920	16.240
03/09/2012	0.000	7.274	7.009	14.098	21.740
04/09/2012	0.000	6.694	7.089	13.357	15.600
05/09/2012	0.000	6.579	8.045	13.902	13.670
06/09/2012	0.000	7.211	6.696	13.786	12.950
07/09/2012	0.000	9.159	6.241	16.125	18.530
08/09/2012	0.000	8.795	6.018	15.491	25.240
09/09/2012	0.000	8.665	6.670	15.714	19.990
10/09/2012	0.000	8.695	5.786	15.188	22.200
11/09/2012	0.000	8.340	5.482	14.500	18.530
12/09/2012	0.000	7.255	7.062	14.054	14.420
13/09/2012	0.000	6.000	6.893	12.295	11.770
14/09/2012	0.000	8.125	6.339	14.759	12.720
15/09/2012	0.000	8.868	5.625	15.304	22.790
16/09/2012	0.000	9.081	5.170	15.295	18.820
17/09/2012	0.000	7.032	7.321	13.920	24.070
18/09/2012	3.621	8.528	7.375	15.964	17.070
19/09/2012	0.000	9.518	5.741	16.277	13.670
20/09/2012	0.452	7.536	7.036	14.393	17.070
21/09/2012	0.000	8.756	6.571	15.759	13.540
22/09/2012	0.000	7.182	8.750	15.152	13.670
23/09/2012	0.000	7.002	7.491	14.000	11.770
24/09/2012	0.291	8.369	6.991	15.500	21.150
25/09/2012	0.296	7.525	7.911	15.018	14.140
26/09/2012	0.000	7.769	8.241	15.571	18.100
27/09/2012	0.611	6.991	7.705	14.188	12.950
28/09/2012	14.153	6.805	7.670	13.893	16.590
29/09/2012	1.860	8.582	6.205	15.330	12.720
30/09/2012	18.100	5.665	8.420	13.000	15.190
01/10/2012	0.000	7.583	6.357	14.054	15.950
02/10/2012	0.000	9.096	6.071	15.938	12.450
03/10/2012	0.000	10.042	5.339	16.786	11.200
04/10/2012	0.000	7.886	8.536	15.955	11.010
05/10/2012	30.926	8.139	8.116	16.036	23.440
06/10/2012	17.707	5.851	8.857	13.643	32.510
07/10/2012	3.097	6.411	8.911	14.384	41.730
08/10/2012	1.852	6.528	9.188	14.723	51.350
09/10/2012	0.000	9.206	6.464	16.429	34.180
10/10/2012	1.631	10.277	4.768	16.902	19.890
11/10/2012	0.241	8.490	6.223	15.330	16.000
12/10/2012	14.302	8.423	5.839	14.991	21.630
13/10/2012	11.691	7.636	8.420	15.661	42.010
14/10/2012	12.770	5.692	8.009	12.821	28.610
15/10/2012	14.423	8.002	7.625	15.625	27.190
16/10/2012	24.193	5.498	7.982	12.580	40.560
17/10/2012	0.000	6.797	8.188	14.429	34.010
18/10/2012	14.491	6.388	7.446	13.357	71.790
19/10/2012	23.442	6.030	7.830	13.161	82.150
20/10/2012	0.000	8.211	7.375	15.839	48.720
21/10/2012	4.457	8.841	6.179	15.938	31.550
22/10/2012	27.893	6.662	6.759	13.277	25.100
23/10/2012	0.000	9.996	6.384	17.696	20.860
24/10/2012	11.886	5.675	8.679	13.411	18.660
25/10/2012	0.000	6.862	7.884	14.393	26.690
26/10/2012	0.266	7.312	6.161	13.839	17.750
27/10/2012	0.000	8.063	7.188	15.589	14.720
28/10/2012	0.000	8.143	6.098	14.991	13.200
29/10/2012	0.000	7.483	8.134	15.438	12.250
30/10/2012	2.859	6.594	8.071	14.232	12.910
31/10/2012	0.000	7.901	7.268	15.482	13.140
01/11/2012	0.000	7.376	6.893	14.500	19.850
02/11/2012	0.000	8.572	6.179	15.759	13.820
03/11/2012	6.676	9.095	7.723	17.518	17.370
04/11/2012	17.394	6.384	7.991	13.929	14.660
05/11/2012	0.000	6.197	8.402	13.991	13.190
06/11/2012	0.000	8.108	7.420	15.973	13.280
07/11/2012	0.000	9.226	5.696	16.464	12.780
08/11/2012	14.189	7.816	6.920	15.241	14.020
09/11/2012	0.748	7.312	6.955	14.562	13.690
10/11/2012	0.377	8.631	6.777	16.348	12.340
11/11/2012	42.852	7.013	6.714	14.000	11.350
12/11/2012	2.207	7.324	7.027	14.679	10.920
13/11/2012	0.000	6.785	8.571	15.036	13.860
14/11/2012	5.041	6.396	8.464	14.429	26.050
15/11/2012	0.000	6.421	7.152	13.545	24.600
16/11/2012	0.000	8.634	8.348	17.509	19.950
17/11/2012	0.000	7.428	7.679	15.348	17.970
18/11/2012	7.997	6.266	8.268	14.179	25.060
19/11/2012	0.000	7.291	7.938	15.357	24.070
20/11/2012	0.000	8.021	7.339	16.027	23.850
21/11/2012	0.000	7.447	7.259	15.170	14.810
22/11/2012	35.189	6.796	7.205	14.196	14.190
23/11/2012	0.000	6.428	9.080	15.045	14.000
24/11/2012	0.000	8.588	6.625	16.438	13.190
25/11/2012	0.000	8.477	7.116	16.589	12.720
26/11/2012	0.000	7.501	6.580	14.830	11.600
27/11/2012	0.000	7.204	7.955	15.339	11.320
28/11/2012	0.000	6.959	7.402	14.625	10.710
29/11/2012	1.073	6.270	9.562	15.232	12.390
30/11/2012	44.874	6.381	8.357	14.500	14.570
01/12/2012	13.606	6.346	8.982	14.938	17.100
02/12/2012	0.000	6.957	8.295	15.286	16.000
03/12/2012	67.463	8.176	8.491	17.196	13.750
04/12/2012	0.000	8.035	6.295	15.536	14.350
05/12/2012	0.000	8.117	7.188	16.232	17.570
06/12/2012	12.808	8.597	7.116	16.902	19.690
07/12/2012	0.000	7.450	8.018	15.839	17.410
08/12/2012	0.000	6.958	8.196	15.259	14.700
09/12/2012	0.000	7.150	7.973	15.384	14.380
10/12/2012	0.000	7.916	6.741	15.688	13.150
11/12/2012	0.000	8.643	5.607	16.036	12.260
12/12/2012	0.000	8.351	5.705	15.670	12.000
13/12/2012	13.387	5.742	6.705	12.446	12.140
14/12/2012	0.564	6.508	7.161	13.893	11.670
15/12/2012	0.000	6.420	7.795	14.223	11.920
16/12/2012	23.851	6.727	7.089	14.179	13.460
17/12/2012	0.000	6.106	7.188	13.339	19.090
18/12/2012	0.000	6.979	8.071	15.259	31.980
19/12/2012	0.000	7.450	7.250	15.366	29.260
20/12/2012	0.000	7.233	7.009	14.857	19.070
21/12/2012	0.000	7.617	6.839	15.295	16.210
22/12/2012	0.000	7.269	6.223	14.366	16.040
23/12/2012	13.046	5.210	8.027	12.705	21.050
24/12/2012	26.975	6.350	8.000	14.259	23.140
25/12/2012	4.580	6.991	8.107	15.268	17.550
26/12/2012	2.946	8.854	7.732	17.696	19.180
27/12/2012	21.536	5.953	9.250	14.634	42.380
28/12/2012	0.000	7.072	8.420	15.571	37.110
29/12/2012	0.000	8.111	6.125	15.554	21.540
30/12/2012	0.000	8.298	5.795	15.616	16.260
31/12/2012	0.000	7.855	5.652	14.839	13.770
01/01/2013	0.000	8.724	5.911	16.304	15.590
02/01/2013	0.000	8.144	5.330	15.062	13.670
03/01/2013	0.000	7.870	6.554	15.429	12.480
04/01/2013	0.000	7.301	6.857	14.768	12.240
05/01/2013	0.000	6.944	7.545	14.723	11.770
06/01/2013	0.000	7.744	5.875	14.777	11.290
07/01/2013	0.000	8.427	6.277	16.027	12.240
08/01/2013	0.000	8.853	4.598	15.616	10.580
09/01/2013	0.000	7.405	5.768	14.170	10.340
10/01/2013	0.000	7.945	6.580	15.482	10.340
11/01/2013	0.000	8.417	5.795	15.643	10.340
12/01/2013	46.894	7.141	6.973	14.536	10.340
13/01/2013	25.562	6.554	8.277	14.607	10.340
14/01/2013	13.749	6.364	8.946	14.875	11.940
15/01/2013	3.993	7.020	8.179	15.170	10.920
16/01/2013	0.000	7.423	8.098	15.679	10.340
17/01/2013	0.000	6.705	8.964	15.304	11.410
18/01/2013	0.000	4.851	8.759	12.634	11.160
19/01/2013	0.000	7.768	7.232	15.518	10.580
20/01/2013	0.000	7.726	6.768	15.143	10.340
21/01/2013	0.000	6.676	9.643	15.670	10.100
22/01/2013	0.000	7.616	9.384	16.750	10.340
23/01/2013	0.000	7.162	8.571	15.518	9.865
24/01/2013	20.678	5.882	9.223	14.259	10.250
25/01/2013	3.683	7.356	8.902	16.027	12.520
26/01/2013	0.000	8.027	8.482	16.607	12.470
27/01/2013	0.000	7.966	7.482	15.830	11.530
28/01/2013	0.000	7.723	7.571	15.545	10.580
29/01/2013	0.000	9.382	5.848	16.759	10.340
30/01/2013	0.000	8.330	6.964	15.946	9.627
31/01/2013	0.000	7.862	7.179	15.402	9.390
01/02/2013	0.000	7.048	8.625	15.268	9.627
02/02/2013	12.665	6.578	8.366	14.438	10.230
03/02/2013	2.906	6.678	8.295	14.509	10.120
04/02/2013	21.364	7.882	7.723	15.759	10.600
05/02/2013	24.018	6.500	7.911	13.964	16.130
06/02/2013	9.480	6.489	8.268	14.188	14.860
07/02/2013	12.783	8.432	8.018	16.652	13.340
08/02/2013	6.377	6.195	7.991	13.562	13.110
09/02/2013	41.439	6.989	8.188	14.786	27.810
10/02/2013	9.796	5.970	8.018	13.268	32.250
11/02/2013	17.456	6.687	7.518	13.857	42.230
12/02/2013	20.234	4.338	7.973	11.134	35.220
13/02/2013	0.000	6.793	7.402	13.884	36.220
14/02/2013	0.000	6.614	7.045	13.357	35.870
15/02/2013	0.000	6.084	8.330	13.580	31.890
16/02/2013	0.000	6.871	6.491	13.286	36.100
17/02/2013	0.000	5.326	7.232	11.768	38.920
18/02/2013	0.000	6.002	8.143	13.312	31.480
19/02/2013	0.000	7.654	7.062	14.714	29.030
20/02/2013	0.000	7.139	7.554	14.348	19.400
21/02/2013	0.000	7.774	8.188	15.643	17.940
22/02/2013	0.000	7.196	7.982	14.688	17.940
23/02/2013	0.000	7.170	7.955	14.625	19.400
24/02/2013	0.000	6.912	8.571	14.732	21.040
25/02/2013	0.000	7.465	7.429	14.634	18.820
26/02/2013	0.000	6.908	7.946	14.241	23.140
27/02/2013	0.000	7.020	9.223	15.339	32.300
28/02/2013	0.000	7.162	8.884	15.241	39.390
01/03/2013	6.316	8.023	8.509	16.098	40.980
02/03/2013	0.940	7.910	8.223	15.732	40.320
03/03/2013	0.186	6.191	8.688	13.857	36.280
04/03/2013	7.341	4.114	9.259	11.848	44.270
05/03/2013	1.916	7.208	7.045	13.955	29.030
06/03/2013	0.911	7.276	9.241	15.580	21.040
07/03/2013	0.000	7.994	8.188	15.777	17.940
08/03/2013	6.019	7.857	7.661	15.214	19.110
09/03/2013	0.159	4.428	9.795	12.607	22.440
10/03/2013	0.686	7.446	8.045	14.929	23.490
11/03/2013	0.000	7.320	8.402	15.000	28.620
12/03/2013	5.623	7.925	8.848	16.098	50.190
13/03/2013	0.000	7.485	8.214	15.062	38.920
14/03/2013	0.000	7.132	8.402	14.750	56.390
15/03/2013	0.000	3.846	8.991	11.295	17.650
16/03/2013	14.877	7.388	7.554	14.518	18.820
17/03/2013	3.262	7.096	9.330	15.402	34.930
18/03/2013	7.754	7.444	8.116	14.946	37.980
19/03/2013	42.382	8.742	7.973	16.562	32.300
20/03/2013	5.755	8.074	9.179	16.518	57.520
21/03/2013	17.058	4.431	8.848	11.812	58.090
22/03/2013	18.140	6.285	8.357	13.625	42.670
23/03/2013	12.605	7.554	7.670	14.804	37.040
24/03/2013	0.000	7.893	8.045	15.464	29.030
25/03/2013	0.000	9.776	7.688	17.750	31.080
26/03/2013	7.685	6.944	7.500	13.848	25.590
27/03/2013	0.000	9.060	6.911	16.277	22.090
28/03/2013	9.678	6.613	7.884	13.714	21.040
29/03/2013	0.000	6.853	7.652	13.830	18.820
30/03/2013	0.000	6.414	8.777	14.134	12.000
31/03/2013	0.000	7.772	9.330	16.259	12.000
01/04/2013	3.309	5.585	9.455	13.652	12.950
02/04/2013	5.062	6.762	8.062	14.045	11.530
03/04/2013	0.000	7.338	7.554	14.438	11.050
04/04/2013	13.363	6.908	7.982	14.179	9.865
05/04/2013	0.000	7.560	8.089	15.107	12.240
06/04/2013	0.000	8.916	8.009	16.866	11.050
07/04/2013	2.367	6.632	9.357	14.857	16.190
08/04/2013	15.203	6.852	8.312	14.366	14.650
09/04/2013	0.000	6.722	8.768	14.545	12.720
10/04/2013	0.000	7.924	8.902	16.205	11.290
11/04/2013	0.089	8.561	7.973	16.411	11.290
12/04/2013	0.294	8.744	8.562	17.062	9.020
13/04/2013	6.114	7.652	9.545	16.339	8.835
14/04/2013	6.570	5.938	9.848	14.446	10.580
15/04/2013	0.000	6.134	9.545	14.446	18.580
16/04/2013	0.000	7.844	9.598	16.643	42.190
17/04/2013	3.458	7.928	9.036	16.375	56.960
18/04/2013	31.326	6.908	8.786	14.884	55.270
19/04/2013	16.580	4.974	8.509	12.250	41.730
20/04/2013	0.000	5.627	8.152	12.812	46.430
21/04/2013	0.427	6.869	8.036	14.339	38.920
22/04/2013	17.816	7.310	7.884	14.866	72.030
23/04/2013	5.561	6.618	8.312	14.223	37.980
24/04/2013	0.000	7.633	7.804	15.214	23.140
25/04/2013	0.000	7.834	8.339	15.866	17.940
26/04/2013	0.000	9.038	6.384	16.232	19.700
27/04/2013	0.000	8.837	7.000	16.384	20.100
28/04/2013	0.000	7.389	6.955	14.357	20.280
29/04/2013	3.856	6.530	8.143	14.080	21.100
30/04/2013	0.617	7.729	8.098	15.643	17.650
01/05/2013	0.000	6.486	8.830	14.527	21.740
02/05/2013	16.093	6.191	8.616	13.991	19.400
03/05/2013	13.007	6.684	8.759	14.804	18.820
04/05/2013	6.598	8.334	8.009	16.500	23.490
05/05/2013	9.688	6.646	7.982	14.188	21.040
06/05/2013	0.000	6.941	8.446	14.920	21.100
08/05/2013	0.000	7.322	8.125	15.241	58.650
09/05/2013	0.000	5.947	8.777	13.884	46.810
10/05/2013	0.000	6.983	8.732	15.214	37.510
11/05/2013	3.988	5.977	8.277	13.571	40.320
12/05/2013	0.000	6.831	7.893	14.455	39.850
13/05/2013	0.000	6.298	8.670	14.321	37.040
14/05/2013	0.000	6.338	9.688	15.134	33.930
15/05/2013	1.183	5.130	9.196	13.223	35.160
16/05/2013	0.000	6.717	8.768	15.000	39.850
17/05/2013	9.873	5.026	8.652	12.696	39.850
18/05/2013	0.000	6.103	8.964	14.330	38.450
19/05/2013	4.983	5.264	9.714	13.848	40.320
20/05/2013	0.000	6.014	9.339	14.545	49.060
21/05/2013	0.000	5.279	8.964	13.295	45.680
22/05/2013	0.000	6.225	8.875	14.500	49.630
23/05/2013	21.071	5.998	8.393	13.839	56.960
24/05/2013	0.275	6.326	8.375	14.277	50.190
25/05/2013	0.000	6.552	8.946	15.000	53.010
26/05/2013	18.065	5.282	8.661	13.107	37.750
27/05/2013	4.184	7.552	7.946	15.714	36.630
28/05/2013	1.967	6.022	7.589	13.312	25.240
29/05/2013	3.180	7.655	6.857	15.152	24.540
30/05/2013	4.753	6.752	7.330	14.170	31.980
31/05/2013	6.501	6.005	8.357	13.884	64.990
01/06/2013	0.000	6.697	7.866	14.491	38.740
02/06/2013	21.419	5.882	8.562	13.884	64.270
03/06/2013	0.828	6.339	7.670	13.884	33.740
04/06/2013	0.183	5.919	7.464	13.152	28.660
05/06/2013	4.108	6.085	8.562	14.188	30.560
06/06/2013	8.494	7.030	5.161	13.179	25.940
07/06/2013	0.000	6.068	8.062	13.821	31.980
08/06/2013	0.000	5.804	8.116	13.491	48.480
09/06/2013	0.000	6.854	7.339	14.411	47.100
10/06/2013	0.000	6.710	6.071	13.339	32.030
11/06/2013	0.000	6.621	8.027	14.580	33.710
12/06/2013	0.000	5.969	7.821	13.518	37.430
13/06/2013	0.000	7.562	7.786	15.777	37.550
14/06/2013	0.000	6.078	8.170	13.929	28.120
15/06/2013	2.609	6.984	7.911	15.036	33.670
16/06/2013	0.000	6.184	9.929	15.393	34.100
17/06/2013	0.000	7.048	7.304	14.705	26.020
18/06/2013	0.000	7.792	8.527	16.625	26.650
19/06/2013	0.000	6.630	9.161	15.446	29.580
20/06/2013	0.328	6.253	8.259	14.268	34.260
21/06/2013	0.000	6.848	6.161	13.643	17.560
22/06/2013	0.000	7.275	6.688	14.625	16.480
23/06/2013	0.000	7.082	7.688	15.027	14.200
24/06/2013	14.861	6.512	9.027	15.188	12.720
25/06/2013	0.000	7.264	7.875	15.429	12.710
26/06/2013	0.000	8.753	8.321	17.848	12.480
27/06/2013	0.000	6.815	8.286	15.071	11.290
28/06/2013	8.918	7.215	7.804	15.277	11.290
29/06/2013	0.000	7.092	7.062	14.607	11.290
30/06/2013	22.047	5.829	6.893	12.643	13.130
01/07/2013	6.757	6.070	8.259	14.000	15.870
02/07/2013	0.000	6.191	7.134	13.330	25.120
03/07/2013	0.000	8.342	5.116	15.161	35.070
04/07/2013	1.103	7.220	6.830	14.589	26.820
05/07/2013	22.319	6.570	6.661	13.554	29.580
06/07/2013	0.000	7.040	8.080	15.232	39.300
07/07/2013	0.000	7.588	6.446	14.857	31.590
08/07/2013	0.000	8.024	7.562	16.250	35.170
09/07/2013	0.000	6.375	7.036	13.500	41.860
10/07/2013	0.000	5.358	7.714	12.562	76.810
11/07/2013	0.000	7.020	7.411	14.688	76.260
12/07/2013	0.000	7.232	6.661	14.464	38.920
13/07/2013	3.330	7.342	7.330	15.062	35.930
14/07/2013	0.000	7.835	6.705	15.348	29.030
15/07/2013	0.964	5.695	8.000	13.205	27.810
16/07/2013	0.000	6.203	7.339	13.438	62.600
17/07/2013	0.000	6.030	8.830	14.268	67.190
18/07/2013	1.123	6.088	7.509	13.357	60.340
19/07/2013	0.000	7.011	6.795	14.170	33.530
20/07/2013	0.142	6.857	7.768	14.607	28.220
21/07/2013	0.000	6.163	8.241	13.955	30.670
22/07/2013	0.000	7.520	7.161	15.089	22.790
23/07/2013	1.013	6.686	7.518	14.152	35.650
24/07/2013	0.000	7.145	7.705	14.911	31.890
25/07/2013	0.000	7.188	6.991	14.482	25.940
26/07/2013	10.134	6.416	7.402	13.661	19.460
27/07/2013	0.000	7.551	6.161	14.429	15.310
28/07/2013	0.000	7.477	5.429	13.795	18.820
29/07/2013	0.000	6.628	6.312	13.152	19.700
30/07/2013	0.000	7.176	5.036	13.071	21.390
31/07/2013	0.000	7.234	6.750	14.277	19.400
01/08/2013	0.000	6.589	6.482	13.179	19.110
02/08/2013	0.000	6.538	7.705	13.982	18.530
03/08/2013	0.000	8.055	8.179	16.384	42.230
04/08/2013	0.000	7.889	6.259	14.839	42.670
05/08/2013	0.000	8.112	6.089	15.027	40.790
06/08/2013	0.000	7.021	8.304	14.991	31.890
07/08/2013	0.000	7.326	7.125	14.580	30.260
08/08/2013	24.437	6.941	7.348	14.179	40.320
09/08/2013	0.000	8.249	7.812	16.295	43.140
10/08/2013	21.129	6.357	8.429	14.143	47.370
11/08/2013	5.489	5.430	8.080	12.652	50.190
12/08/2013	0.000	6.659	8.143	14.330	55.830
13/08/2013	19.495	6.921	8.330	14.786	56.960
14/08/2013	12.151	7.758	8.643	16.134	46.240
15/08/2013	0.000	5.659	8.964	13.625	40.320
16/08/2013	0.000	7.008	8.205	14.812	42.200
17/08/2013	0.232	5.855	8.500	13.473	37.510
18/08/2013	0.000	6.304	7.911	13.607	47.000
19/08/2013	0.000	6.156	8.884	14.125	33.120
20/08/2013	0.000	5.725	7.786	12.759	32.040
21/08/2013	0.000	7.370	8.527	15.429	32.570
22/08/2013	0.000	8.164	6.455	15.089	31.490
23/08/2013	0.000	8.125	5.277	14.250	21.260
24/08/2013	0.324	6.824	7.054	13.607	20.060
25/08/2013	3.091	7.739	6.509	14.509	22.100
26/08/2013	0.000	6.360	8.107	13.759	27.160
27/08/2013	0.000	7.891	4.946	13.652	33.860
28/08/2013	0.000	6.044	7.973	13.232	24.740
29/08/2013	0.000	6.154	7.536	13.045	38.700
30/08/2013	0.000	8.336	5.250	14.473	32.880
31/08/2013	0.000	7.996	6.188	14.571	22.950
01/09/2013	0.000	8.266	6.705	15.268	21.090
02/09/2013	0.000	9.811	5.643	16.705	17.210
03/09/2013	0.000	9.233	6.018	16.134	14.800
04/09/2013	11.983	7.162	6.759	13.786	13.790
05/09/2013	5.130	7.154	7.902	14.562	14.900
06/09/2013	2.549	6.235	7.304	12.902	12.720
07/09/2013	0.000	7.465	8.205	15.170	12.710
08/09/2013	5.070	6.718	7.455	13.643	15.150
09/09/2013	0.000	7.808	6.973	14.777	19.930
10/09/2013	7.671	6.467	7.964	13.688	34.470
11/09/2013	0.000	6.389	8.643	14.062	38.960
12/09/2013	0.000	8.900	6.482	15.893	37.240
13/09/2013	5.835	8.728	6.688	15.821	33.110
14/09/2013	16.103	7.045	7.902	14.384	24.080
15/09/2013	0.000	6.374	8.304	13.786	26.950
16/09/2013	0.000	8.859	6.991	16.170	45.910
17/09/2013	1.474	7.148	7.411	14.161	21.820
18/09/2013	2.723	7.726	7.616	15.071	34.160
19/09/2013	3.167	5.559	8.741	13.107	59.150
20/09/2013	4.929	7.136	6.973	13.830	41.620
21/09/2013	0.000	10.010	5.786	16.982	24.230
22/09/2013	0.000	8.701	6.562	15.679	29.850
23/09/2013	0.000	7.738	8.634	15.795	37.580
24/09/2013	0.000	6.909	8.134	14.357	39.350
25/09/2013	0.000	8.818	6.321	15.705	31.760
26/09/2013	0.000	8.035	8.000	15.750	24.600
27/09/2013	0.000	6.994	8.964	15.071	19.890
28/09/2013	1.367	6.592	8.455	14.196	18.650
29/09/2013	19.462	6.747	8.036	14.116	26.480
30/09/2013	0.000	7.718	8.277	15.527	23.490
01/10/2013	0.000	9.603	4.920	15.946	20.940
02/10/2013	12.552	9.801	6.804	17.375	18.740
03/10/2013	0.000	7.047	8.464	14.804	16.140
04/10/2013	15.040	7.798	8.107	15.545	59.160
05/10/2013	1.651	7.492	7.696	14.857	30.720
06/10/2013	0.000	9.624	5.777	16.518	24.410
07/10/2013	0.000	7.729	6.330	14.268	25.650
08/10/2013	0.000	8.424	6.946	15.634	21.740
09/10/2013	0.000	8.114	6.143	14.679	18.850
10/10/2013	0.000	6.464	7.205	13.161	17.280
11/10/2013	0.712	7.787	7.455	15.125	20.670
12/10/2013	0.000	7.434	8.250	15.232	18.580
13/10/2013	36.214	6.691	8.616	14.554	22.570
14/10/2013	4.792	6.234	8.384	13.812	43.860
15/10/2013	0.000	8.753	7.643	16.625	34.370
16/10/2013	19.667	6.461	7.250	13.304	23.460
17/10/2013	5.181	6.955	7.839	14.384	21.050
18/10/2013	0.000	9.181	6.518	16.527	18.320
19/10/2013	0.000	9.361	7.071	17.161	16.470
20/10/2013	0.000	8.904	6.625	16.241	15.550
21/10/2013	13.814	9.156	7.679	17.304	15.040
22/10/2013	5.677	8.778	7.223	16.545	20.990
23/10/2013	4.442	8.957	7.420	16.902	28.430
24/10/2013	23.432	7.482	8.795	15.839	32.080
25/10/2013	0.000	7.281	8.661	15.482	26.330
26/10/2013	0.000	8.362	6.884	15.741	21.260
27/10/2013	0.000	7.634	6.804	14.696	22.070
28/10/2013	0.000	9.636	7.616	18.045	26.060
29/10/2013	12.172	7.427	8.464	15.571	30.670
30/10/2013	18.775	6.878	7.991	14.536	32.710
31/10/2013	43.678	5.677	8.723	13.527	35.160
01/11/2013	0.000	6.646	7.821	14.134	25.130
02/11/2013	0.000	8.016	6.634	15.250	18.810
03/11/2013	1.659	7.552	6.652	14.607	16.100
04/11/2013	114.057	5.133	7.634	12.018	49.840
05/11/2013	2.342	6.747	6.973	13.741	30.210
06/11/2013	0.000	8.748	5.643	15.741	27.540
07/11/2013	1.407	7.154	7.946	15.000	22.870
08/11/2013	5.740	7.280	7.375	14.812	19.550
09/11/2013	1.169	8.671	7.571	16.938	20.350
10/11/2013	4.832	6.720	7.018	13.812	16.910
11/11/2013	0.255	7.519	8.179	15.723	14.870
12/11/2013	0.000	7.076	8.027	15.009	13.020
13/11/2013	0.000	6.176	8.741	14.304	14.800
14/11/2013	8.660	6.917	8.518	15.188	16.260
15/11/2013	0.000	6.533	9.071	15.045	17.420
16/11/2013	0.000	7.289	9.107	16.116	15.030
17/11/2013	8.105	6.752	7.429	14.205	15.420
18/11/2013	5.402	6.615	8.982	15.161	15.540
19/11/2013	18.965	7.368	7.143	14.964	25.490
20/11/2013	14.980	6.607	6.946	13.723	24.420
21/11/2013	12.986	7.028	7.571	14.759	20.810
22/11/2013	26.641	6.495	7.036	13.634	17.500
23/11/2013	0.000	6.879	7.107	14.250	15.420
24/11/2013	31.773	5.083	7.768	12.205	17.380
25/11/2013	0.000	7.106	7.330	14.750	21.090
26/11/2013	2.616	7.466	6.955	15.009	19.790
27/11/2013	0.000	8.062	7.000	15.938	25.610
28/11/2013	0.000	7.293	7.312	15.071	22.640
29/11/2013	0.000	5.587	7.875	13.027	30.950
30/11/2013	0.000	7.201	5.866	13.964	44.120
01/12/2013	6.289	6.800	7.661	14.616	44.080
02/12/2013	11.574	4.356	8.955	12.259	61.750
03/12/2013	0.000	7.105	8.420	15.598	64.750
04/12/2013	41.893	6.401	8.152	14.402	51.740
05/12/2013	0.000	6.839	8.768	15.473	36.180
06/12/2013	0.000	6.824	8.696	15.393	27.910
07/12/2013	31.116	6.990	7.982	15.170	22.320
08/12/2013	0.000	6.168	8.018	14.018	19.960
09/12/2013	0.000	6.193	7.554	13.723	20.920
10/12/2013	0.000	6.943	7.589	14.830	24.420
11/12/2013	0.000	7.232	6.696	14.652	25.110
12/12/2013	24.873	8.745	8.330	17.929	18.820
13/12/2013	6.013	6.643	8.777	15.277	17.770
14/12/2013	12.711	7.084	8.348	15.562	16.770
15/12/2013	0.000	8.125	6.536	15.866	14.730
16/12/2013	0.000	6.556	8.232	14.723	14.430
17/12/2013	3.933	7.233	8.750	16.080	15.120
18/12/2013	0.000	5.986	9.170	14.634	16.490
19/12/2013	0.000	7.054	9.196	16.152	26.960
20/12/2013	9.377	7.731	9.223	17.161	28.620
21/12/2013	11.226	6.620	9.393	15.679	35.100
22/12/2013	9.671	5.791	9.357	14.571	58.500
23/12/2013	9.569	3.442	8.830	11.107	81.890
24/12/2013	0.000	7.012	7.875	15.152	46.860
25/12/2013	0.000	7.572	6.366	14.955	28.490
26/12/2013	0.000	7.794	6.777	15.554	24.590
27/12/2013	0.000	6.743	6.607	13.848	19.960
28/12/2013	0.000	7.587	6.839	15.250	17.070
29/12/2013	0.000	8.339	6.232	15.964	15.310
30/12/2013	0.000	8.473	6.473	16.295	14.170
31/12/2013	0.000	7.366	6.866	14.911	13.430
01/01/2014	0.000	7.895	6.723	15.580	12.720
02/01/2014	0.000	7.487	6.464	14.795	12.000
03/01/2014	0.000	7.366	8.357	15.911	11.770
04/01/2014	0.000	7.043	8.268	15.366	11.770
05/01/2014	0.000	6.443	9.223	15.205	12.170
06/01/2014	0.000	5.014	9.714	13.696	16.500
07/01/2014	64.168	5.387	8.107	12.955	41.790
08/01/2014	0.000	6.625	8.196	14.696	42.800
09/01/2014	0.000	5.189	7.893	12.473	43.210
10/01/2014	0.000	4.974	7.911	12.188	31.760
11/01/2014	0.000	5.755	8.920	14.045	27.930
12/01/2014	1.052	7.042	7.589	14.839	28.620
13/01/2014	0.000	7.125	8.241	15.393	23.840
14/01/2014	0.000	6.768	8.491	15.045	22.090
15/01/2014	0.000	6.663	9.125	15.357	21.040
16/01/2014	2.974	6.948	9.134	15.741	20.690
17/01/2014	0.000	6.268	8.964	14.679	24.540
18/01/2014	0.000	5.730	8.598	13.661	24.890
19/01/2014	0.000	6.387	8.884	14.741	22.440
20/01/2014	0.000	6.229	9.107	14.688	21.040
21/01/2014	9.016	6.839	8.330	14.938	19.110
22/01/2014	0.000	7.251	8.866	15.902	15.900
23/01/2014	0.871	7.940	7.848	16.116	14.430
24/01/2014	0.000	8.749	6.268	16.214	15.070
25/01/2014	0.000	9.164	5.821	16.509	15.600
26/01/2014	28.765	6.684	8.205	14.580	16.770
27/01/2014	0.000	6.807	8.098	14.643	16.770
28/01/2014	0.000	6.969	8.312	15.009	16.190
29/01/2014	1.779	6.957	8.179	14.866	19.700
30/01/2014	0.000	6.548	8.411	14.482	19.760
31/01/2014	0.000	7.229	8.071	15.143	18.240
01/02/2014	0.000	7.473	7.652	15.161	14.730
02/02/2014	0.000	6.144	8.018	13.580	14.430
03/02/2014	1.256	8.619	5.696	15.455	16.770
04/02/2014	5.183	8.227	5.946	15.045	16.190
05/02/2014	3.751	5.759	7.839	12.911	23.490
06/02/2014	15.610	6.695	7.143	13.679	15.600
07/02/2014	0.425	7.254	6.705	14.125	13.960
08/02/2014	0.000	7.100	7.179	14.205	13.900
09/02/2014	0.000	6.467	8.143	14.018	17.360
10/02/2014	0.000	6.370	8.696	14.277	14.430
11/02/2014	0.000	6.214	8.330	13.795	12.480
12/02/2014	0.000	6.860	7.955	14.357	12.000
13/02/2014	3.338	6.687	7.857	14.045	11.770
14/02/2014	28.841	9.528	5.920	16.688	11.530
15/02/2014	0.000	7.072	7.241	14.107	12.000
16/02/2014	0.417	7.531	6.857	14.464	12.000
17/02/2014	0.000	8.140	6.607	15.098	10.340
18/02/2014	26.373	7.669	7.366	14.973	11.050
19/02/2014	0.000	6.958	8.384	14.741	11.530
20/02/2014	1.524	7.926	8.232	15.893	12.480
21/02/2014	8.304	5.888	9.420	14.107	14.430
22/02/2014	1.622	7.162	8.214	14.830	26.820
23/02/2014	0.000	7.200	8.232	14.884	19.700
24/02/2014	3.071	5.947	9.312	14.054	14.430
25/02/2014	5.043	6.764	9.446	15.179	15.600
26/02/2014	0.000	6.282	8.804	14.098	15.020
27/02/2014	10.311	4.623	9.393	12.562	15.310
28/02/2014	10.311	8.270	7.705	15.911	43.200
01/03/2014	14.582	7.648	8.125	15.348	104.000
02/03/2014	0.900	6.473	9.196	14.571	66.320
03/03/2014	25.950	7.311	8.009	14.804	51.930
04/03/2014	5.636	6.723	8.357	14.295	48.850
05/03/2014	0.520	5.572	8.991	13.295	49.230
06/03/2014	0.000	6.867	8.580	14.607	33.730
07/03/2014	13.492	6.895	8.223	14.366	23.810
08/03/2014	13.745	6.933	7.982	14.241	30.130
09/03/2014	27.300	6.495	8.714	14.205	37.880
10/03/2014	21.466	7.566	8.009	15.089	75.700
11/03/2014	22.618	7.882	7.946	15.446	70.070
12/03/2014	5.820	8.670	8.902	17.143	65.920
13/03/2014	6.135	5.817	8.134	12.893	57.820
14/03/2014	23.829	6.411	8.277	13.732	59.210
15/03/2014	16.768	6.914	8.036	14.241	50.330
16/03/2014	0.966	6.847	8.000	14.098	43.870
17/03/2014	1.638	9.577	8.116	17.741	27.600
18/03/2014	0.000	6.915	8.286	14.384	23.870
19/03/2014	0.000	8.380	7.268	15.607	23.790
20/03/2014	0.000	7.962	9.348	16.473	27.840
21/03/2014	0.674	8.194	8.473	16.152	22.790
22/03/2014	4.305	7.701	7.438	14.804	20.210
23/03/2014	7.955	6.274	8.786	13.938	18.940
24/03/2014	0.472	7.591	8.312	15.268	19.740
25/03/2014	1.782	7.383	8.562	15.196	19.330
26/03/2014	19.627	5.971	8.402	13.286	23.760
27/03/2014	7.800	6.785	7.286	13.491	22.610
28/03/2014	0.000	8.730	6.804	15.768	19.290
29/03/2014	0.000	8.431	6.866	15.384	18.140
30/03/2014	1.502	7.679	6.312	14.009	17.110
31/03/2014	0.000	8.412	6.098	14.875	16.040
01/04/2014	0.000	8.095	6.580	14.786	12.720
02/04/2014	11.048	7.652	6.625	14.214	12.240
03/04/2014	0.000	4.699	8.991	12.232	12.260
04/04/2014	0.000	8.744	8.116	16.696	16.670
05/04/2014	0.000	7.296	8.634	15.170	17.780
06/04/2014	0.000	7.573	8.759	15.625	16.580
07/04/2014	0.000	6.957	9.196	15.161	31.600
08/04/2014	0.000	6.775	7.688	13.812	33.440
09/04/2014	0.000	8.002	7.036	15.009	40.260
10/04/2014	0.000	7.171	6.938	13.830	22.470
11/04/2014	0.000	7.062	8.089	14.518	17.220
12/04/2014	0.000	6.960	7.545	14.000	16.420
13/04/2014	0.000	8.433	5.000	14.312	24.010
14/04/2014	0.000	7.943	7.241	15.125	22.530
15/04/2014	0.000	7.216	8.554	15.089	21.590
16/04/2014	0.000	6.708	8.000	14.054	22.550
17/04/2014	2.471	7.368	7.857	14.830	30.910
18/04/2014	5.269	7.724	7.446	15.027	29.950
19/04/2014	0.000	6.233	8.527	13.839	28.130
20/04/2014	5.276	6.433	9.080	14.518	38.990
21/04/2014	0.000	6.893	8.652	14.795	33.720
22/04/2014	1.225	5.896	8.393	13.348	32.700
23/04/2014	1.738	8.263	8.420	16.464	34.430
24/04/2014	43.392	4.989	8.232	12.116	84.160
25/04/2014	0.000	9.305	6.089	16.411	51.860
26/04/2014	0.000	6.686	8.339	14.384	33.490
27/04/2014	3.043	7.499	8.393	15.500	37.280
28/04/2014	0.000	8.426	8.455	16.812	29.480
29/04/2014	25.314	6.765	8.482	14.625	94.070
30/04/2014	0.000	7.410	8.429	15.429	55.060
01/05/2014	0.000	7.237	8.857	15.527	30.560
02/05/2014	3.362	6.835	8.571	14.804	27.110
03/05/2014	20.383	7.146	9.027	15.580	28.400
04/05/2014	0.000	7.407	8.509	15.554	22.090
05/05/2014	0.429	6.428	9.089	14.679	18.650
06/05/2014	7.342	6.938	8.223	14.732	19.120
07/05/2014	8.214	6.956	8.054	14.679	21.780
08/05/2014	1.482	5.441	9.089	13.473	20.820
09/05/2014	39.050	5.900	9.134	14.125	73.410
10/05/2014	4.210	6.406	8.714	14.482	54.170
11/05/2014	0.570	6.350	8.518	14.259	48.060
12/05/2014	3.311	6.017	8.411	13.759	49.070
13/05/2014	0.000	6.561	8.098	14.250	35.630
14/05/2014	6.223	5.750	9.821	14.482	31.480
15/05/2014	2.509	6.949	8.688	15.232	33.120
16/05/2014	0.439	7.452	9.116	16.223	41.730
17/05/2014	9.247	5.320	8.955	13.295	39.390
18/05/2014	0.000	6.831	8.411	14.920	30.670
19/05/2014	0.000	5.630	8.821	13.634	37.040
20/05/2014	0.908	7.100	8.625	15.455	38.450
21/05/2014	0.000	7.221	7.795	15.062	36.100
22/05/2014	27.390	9.143	8.045	17.982	27.810
23/05/2014	3.394	7.274	7.402	14.893	31.080
24/05/2014	0.623	7.206	8.036	15.232	27.460
25/05/2014	0.000	7.400	7.482	15.134	25.240
26/05/2014	0.000	6.644	7.527	14.107	29.850
27/05/2014	16.561	5.838	8.527	13.759	36.100
28/05/2014	0.000	6.062	8.116	13.759	31.480
29/05/2014	3.103	5.212	9.080	13.357	31.890
30/05/2014	8.273	6.168	8.562	14.259	31.080
31/05/2014	1.264	5.997	9.420	14.661	33.930
01/06/2014	5.644	6.848	8.750	15.339	53.010
02/06/2014	0.285	6.677	8.679	15.071	53.010
03/06/2014	12.970	7.535	8.661	16.241	39.390
04/06/2014	11.624	5.972	9.741	14.920	35.530
05/06/2014	0.000	6.643	8.384	14.812	29.850
06/06/2014	0.000	6.964	7.991	15.036	80.310
07/06/2014	3.316	5.840	9.009	14.188	62.030
08/06/2014	0.000	6.727	8.509	15.062	80.860
09/06/2014	0.000	7.095	7.750	15.045	75.490
10/06/2014	18.140	7.050	8.009	15.188	83.110
11/06/2014	0.000	7.419	7.071	15.062	56.960
12/06/2014	0.000	6.550	8.554	14.857	28.270
13/06/2014	0.000	7.273	8.598	15.920	24.890
14/06/2014	0.000	6.950	7.714	14.857	24.120
15/06/2014	0.000	6.517	8.429	14.759	41.010
16/06/2014	0.000	5.742	8.179	13.473	29.340
17/06/2014	0.000	5.262	7.955	12.652	30.420
18/06/2014	0.000	6.204	7.768	13.830	39.800
19/06/2014	0.000	4.363	7.295	10.973	42.170
20/06/2014	0.000	6.025	6.464	12.670	35.080
21/06/2014	0.000	6.982	5.866	13.643	29.700
22/06/2014	0.000	7.126	6.839	14.527	34.150
23/06/2014	0.000	7.009	7.384	14.714	30.220
24/06/2014	1.914	6.519	8.188	14.598	26.590
25/06/2014	6.628	5.677	7.902	13.196	43.190
26/06/2014	0.000	6.734	8.089	14.812	44.580
27/06/2014	0.000	7.037	7.571	14.875	32.200
28/06/2014	0.000	7.219	6.625	14.527	29.530
29/06/2014	1.485	6.865	8.857	15.571	36.170
30/06/2014	13.061	6.590	7.705	14.330	29.870
01/07/2014	0.000	6.921	8.438	15.312	26.320
02/07/2014	0.000	5.558	8.929	13.812	30.250
03/07/2014	2.217	6.998	7.500	14.759	33.600
04/07/2014	0.000	7.145	7.241	14.786	26.580
05/07/2014	0.000	6.538	8.312	14.661	26.640
06/07/2014	0.000	7.028	8.795	15.688	28.880
07/07/2014	0.000	7.932	6.759	15.598	32.850
08/07/2014	3.014	7.040	7.705	14.946	49.750
09/07/2014	0.000	6.151	7.804	13.732	40.470
10/07/2014	13.105	5.777	7.143	12.714	32.890
11/07/2014	4.846	6.030	7.723	13.500	55.900
12/07/2014	3.669	6.779	7.723	14.554	44.550
13/07/2014	0.451	6.338	7.554	13.821	48.080
14/07/2014	0.000	7.513	7.545	15.455	47.500
15/07/2014	0.000	5.093	8.161	12.527	45.180
16/07/2014	0.000	6.189	8.223	14.036	36.710
17/07/2014	0.000	6.727	6.920	13.866	30.840
18/07/2014	1.289	6.810	7.723	14.554	31.520
19/07/2014	0.000	7.096	6.491	14.071	29.870
20/07/2014	0.000	6.447	7.554	13.884	26.990
21/07/2014	4.017	7.875	6.830	15.402	27.740
22/07/2014	1.002	7.149	7.321	14.688	27.750
23/07/2014	0.000	8.009	7.634	16.107	25.940
24/07/2014	0.000	8.482	6.777	16.223	22.090
25/07/2014	0.000	8.055	6.375	15.312	23.140
26/07/2014	0.000	8.409	6.429	15.857	20.340
27/07/2014	0.000	7.221	7.509	14.848	19.110
28/07/2014	0.000	7.535	6.393	14.527	20.690
29/07/2014	0.000	7.764	6.420	14.866	19.110
30/07/2014	2.177	6.491	6.464	13.080	18.530
31/07/2014	0.000	7.673	6.607	14.830	18.240
01/08/2014	0.000	7.839	5.643	14.420	18.530
02/08/2014	3.618	6.310	7.018	13.143	19.110
03/08/2014	0.174	7.943	5.982	14.759	17.940
04/08/2014	0.000	7.648	6.009	14.321	22.440
05/08/2014	3.320	6.613	6.839	13.429	20.400
06/08/2014	2.430	6.194	7.732	13.473	21.390
07/08/2014	0.000	6.742	6.679	13.446	39.850
08/08/2014	0.000	6.584	7.027	13.464	38.920
09/08/2014	12.336	6.536	7.696	13.866	69.200
10/08/2014	0.000	8.439	5.821	15.250	53.570
11/08/2014	0.000	7.627	7.982	15.527	49.630
12/08/2014	0.000	7.025	6.991	14.000	51.320
13/08/2014	0.000	7.470	7.170	14.732	40.980
14/08/2014	0.710	7.111	7.250	14.286	62.110
15/08/2014	0.000	7.951	6.920	15.214	28.220
16/08/2014	0.000	8.172	7.107	15.616	26.570
17/08/2014	0.000	6.673	7.786	14.045	31.400
18/08/2014	0.184	5.030	7.911	11.964	32.140
19/08/2014	0.000	5.380	7.500	12.062	32.030
20/08/2014	0.000	6.861	5.134	12.411	25.620
21/08/2014	0.000	7.810	5.643	14.071	21.540
22/08/2014	0.000	8.337	5.179	14.509	19.590
23/08/2014	2.786	8.019	6.205	14.705	19.100
24/08/2014	1.426	6.844	8.946	15.000	19.050
25/08/2014	6.719	6.343	7.679	13.402	19.290
26/08/2014	7.494	7.165	7.089	14.089	24.990
27/08/2014	3.530	7.552	6.545	14.232	31.760
28/08/2014	0.359	7.989	6.562	14.839	30.010
29/08/2014	0.000	7.670	6.955	14.661	36.380
30/08/2014	0.000	9.926	5.527	16.848	27.150
31/08/2014	0.000	9.556	4.911	15.946	21.230
01/09/2014	0.000	8.305	6.830	15.402	19.260
02/09/2014	0.000	7.624	6.018	13.920	19.120
03/09/2014	0.000	8.372	7.429	15.884	18.620
04/09/2014	9.203	7.263	8.411	15.071	23.570
05/09/2014	0.000	7.250	6.357	13.616	20.920
06/09/2014	0.000	7.632	6.054	13.929	18.890
07/09/2014	0.000	6.407	7.705	13.429	18.640
08/09/2014	0.000	6.735	7.759	13.884	27.560
09/09/2014	0.000	9.190	5.464	15.688	31.900
10/09/2014	0.000	8.749	6.045	15.429	22.410
11/09/2014	0.000	8.950	7.679	16.759	20.980
12/09/2014	2.184	6.974	9.196	15.223	24.820
13/09/2014	0.000	7.269	7.562	14.446	24.410
14/09/2014	0.000	7.395	7.839	14.786	26.970
15/09/2014	0.000	7.914	7.134	14.982	30.850
16/09/2014	0.000	8.706	6.429	15.598	24.220
17/09/2014	0.000	8.891	6.196	15.688	23.400
18/09/2014	1.829	7.982	7.723	15.491	29.270
19/09/2014	1.059	10.800	7.134	18.875	26.690
20/09/2014	33.566	5.997	8.143	13.205	34.860
21/09/2014	0.684	7.086	8.402	14.786	29.820
22/09/2014	13.090	6.245	7.527	13.036	23.340
23/09/2014	0.000	9.562	5.955	16.491	23.430
24/09/2014	0.601	8.177	7.902	15.857	18.190
25/09/2014	0.000	7.890	7.929	15.500	15.190
26/09/2014	0.000	9.152	6.634	16.339	14.410
27/09/2014	0.000	6.917	9.429	15.339	16.400
28/09/2014	0.000	6.394	8.759	14.161	14.160
29/09/2014	0.000	8.652	7.045	15.946	12.220
30/09/2014	0.000	9.575	5.214	16.062	11.770
01/10/2014	0.000	8.886	6.161	15.705	10.930
02/10/2014	0.000	6.980	7.214	13.812	9.677
03/10/2014	0.000	7.089	6.955	13.804	28.090
04/10/2014	0.000	7.393	9.027	15.652	35.110
05/10/2014	0.000	8.619	7.607	16.286	28.690
06/10/2014	14.358	8.008	8.562	16.152	22.570
07/10/2014	0.000	7.173	9.054	15.411	14.680
08/10/2014	28.038	5.330	8.125	12.384	25.080
09/10/2014	31.886	5.497	7.455	12.134	72.660
10/10/2014	0.000	6.219	8.491	13.857	60.770
11/10/2014	0.000	6.151	8.125	13.482	60.860
12/10/2014	0.000	6.582	8.768	14.509	52.540
13/10/2014	0.000	6.038	8.411	13.536	37.800
14/10/2014	0.000	7.060	8.509	14.946	26.750
15/10/2014	0.000	7.576	7.705	15.107	26.220
16/10/2014	0.000	7.281	8.098	14.964	23.020
17/10/2014	0.000	8.351	7.411	15.946	18.190
18/10/2014	25.015	7.371	7.955	15.009	15.930
19/10/2014	0.000	6.761	8.143	14.357	15.650
20/10/2014	0.000	6.408	8.134	13.893	17.640
21/10/2014	12.902	8.417	7.938	16.455	20.340
22/10/2014	0.000	6.159	9.080	14.286	16.110
23/10/2014	13.289	8.730	6.920	16.250	34.480
24/10/2014	0.000	8.416	7.875	16.446	29.700
25/10/2014	5.071	6.461	8.830	14.518	23.660
26/10/2014	0.678	5.607	7.830	12.705	31.740
27/10/2014	0.000	7.349	7.688	14.938	33.580
28/10/2014	1.855	8.548	7.902	16.732	25.310
29/10/2014	18.550	7.538	7.250	14.929	38.770
30/10/2014	30.798	7.696	8.348	15.911	40.720
31/10/2014	7.107	7.789	7.786	15.652	38.950
01/11/2014	0.000	7.248	7.911	15.000	28.620
02/11/2014	21.567	7.131	7.152	14.348	26.700
03/11/2014	0.000	7.788	7.089	15.232	24.540
04/11/2014	1.956	6.730	8.777	14.955	32.300
05/11/2014	2.689	6.621	8.625	14.750	38.450
06/11/2014	2.773	8.077	8.473	16.652	38.450
07/11/2014	34.695	7.807	7.911	15.902	31.080
08/11/2014	0.000	6.729	8.652	14.946	37.510
09/11/2014	18.344	8.239	8.571	16.964	30.670
10/11/2014	60.989	7.808	8.223	16.179	37.980
11/11/2014	37.864	6.747	8.321	14.750	48.680
12/11/2014	13.626	5.452	8.482	13.152	32.300
13/11/2014	0.209	7.400	8.241	15.679	26.290
14/11/2014	2.346	7.042	8.259	15.188	36.100
15/11/2014	2.653	7.940	6.312	15.161	32.300
16/11/2014	0.000	6.339	6.562	13.000	27.810
17/11/2014	0.000	6.279	9.205	14.839	29.850
18/11/2014	0.000	8.011	7.009	15.732	21.390
19/11/2014	15.124	5.427	9.116	13.670	18.240
20/11/2014	0.000	7.199	7.768	15.143	27.720
21/11/2014	7.316	6.473	8.205	14.429	23.550
22/11/2014	3.162	6.634	8.196	14.670	25.140
23/11/2014	0.000	7.573	7.384	15.429	24.250
24/11/2014	0.000	7.578	8.920	16.491	22.120
25/11/2014	0.473	7.227	9.205	16.241	17.650
26/11/2014	0.000	6.006	7.848	13.571	16.480
27/11/2014	2.904	6.658	7.991	14.580	16.680
28/11/2014	0.000	6.752	8.696	15.241	20.830
29/11/2014	0.000	7.782	7.545	15.911	17.650
30/11/2014	0.000	6.896	9.714	16.196	14.750
01/12/2014	0.000	7.112	8.705	15.768	14.720
02/12/2014	0.000	6.787	7.491	14.455	18.210
03/12/2014	0.000	8.197	6.670	15.973	14.200
04/12/2014	0.000	6.372	8.705	14.750	12.720
05/12/2014	0.000	6.429	8.839	14.955	12.240
06/12/2014	3.502	6.184	8.089	14.062	12.060
07/12/2014	18.909	6.798	8.179	15.027	12.160
08/12/2014	0.000	7.661	8.500	16.491	11.590
09/12/2014	53.721	4.771	9.018	12.884	15.340
10/12/2014	0.000	7.470	8.170	15.991	15.850
11/12/2014	0.000	5.602	7.902	13.152	30.630
12/12/2014	0.000	7.900	7.652	16.259	81.370
13/12/2014	31.711	6.613	6.911	13.875	43.310
14/12/2014	0.000	7.345	6.991	15.054	34.570
15/12/2014	0.000	7.562	7.027	15.384	28.350
16/12/2014	0.000	7.265	8.232	15.741	32.210
17/12/2014	11.277	6.614	6.929	13.920	31.000
18/12/2014	2.360	8.420	6.902	16.562	28.520
19/12/2014	1.408	8.033	6.411	15.670	22.820
20/12/2014	0.000	7.560	7.482	15.670	17.830
21/12/2014	9.581	7.974	6.321	15.509	16.870
22/12/2014	2.911	7.878	6.973	15.795	15.410
23/12/2014	0.000	8.516	5.571	15.839	16.960
24/12/2014	0.000	7.786	6.411	15.286	15.370
25/12/2014	2.253	6.840	7.107	14.348	14.960
26/12/2014	0.000	7.351	7.223	15.170	14.200
27/12/2014	0.000	7.542	7.277	15.464	12.720
28/12/2014	0.000	7.064	7.107	14.661	11.770
29/12/2014	0.000	8.555	6.134	16.223	11.290
30/12/2014	0.000	8.032	6.268	15.518	12.090
31/12/2014	0.000	8.015	6.911	15.911	11.530
01/01/2015	0.000	8.002	6.241	15.446	11.050
02/01/2015	0.000	8.095	5.812	15.295	10.580
03/01/2015	0.000	8.905	5.089	16.045	9.627
04/01/2015	0.000	8.499	5.205	15.500	8.465
05/01/2015	0.000	8.151	6.268	15.643	9.205
06/01/2015	0.000	8.570	5.018	15.464	9.205
07/01/2015	0.000	7.746	4.696	14.000	9.205
08/01/2015	0.000	6.954	6.286	13.839	8.835
09/01/2015	0.000	5.975	9.000	14.384	8.465
10/01/2015	0.000	7.058	7.500	14.786	8.095
11/01/2015	0.000	6.775	7.143	14.143	7.910
12/01/2015	0.000	7.714	7.054	15.420	7.725
13/01/2015	0.000	8.644	6.473	16.375	7.355
14/01/2015	1.695	7.479	8.152	15.804	7.170
15/01/2015	55.213	7.670	8.804	16.518	7.170
16/01/2015	12.132	7.102	7.473	14.750	6.800
17/01/2015	6.590	7.166	7.250	14.714	23.840
18/01/2015	18.659	6.427	7.839	14.071	38.440
19/01/2015	5.000	6.400	7.241	13.580	31.070
20/01/2015	13.311	5.941	8.232	13.634	32.700
21/01/2015	1.159	5.507	8.223	13.062	34.460
22/01/2015	24.477	5.335	8.607	13.116	35.620
23/01/2015	0.000	6.657	7.938	14.384	17.360
24/01/2015	9.280	5.913	8.214	13.536	16.190
25/01/2015	0.000	7.104	7.304	14.527	15.310
26/01/2015	0.000	7.671	7.277	15.286	15.310
27/01/2015	0.000	6.823	8.054	14.670	16.770
28/01/2015	0.000	6.927	7.875	14.643	15.900
29/01/2015	0.000	6.971	7.125	14.152	15.900
30/01/2015	0.000	7.169	7.804	14.884	18.530
31/01/2015	0.000	5.673	9.375	14.054	20.400
01/02/2015	0.000	6.925	8.929	15.348	48.500
02/02/2015	0.000	7.401	8.179	15.429	46.240
03/02/2015	12.164	5.415	9.509	13.786	54.140
04/02/2015	0.000	7.044	9.116	15.589	35.340
05/02/2015	0.000	6.896	9.330	15.509	26.640
06/02/2015	38.614	6.263	7.911	13.625	20.340
07/02/2015	13.181	6.570	6.848	13.241	20.100
08/02/2015	3.810	5.816	7.893	12.991	26.290
09/02/2015	0.000	6.501	7.670	13.732	69.690
10/02/2015	3.715	6.265	7.696	13.429	82.460
11/02/2015	0.000	6.679	8.152	14.295	56.960
12/02/2015	4.361	7.191	8.634	15.295	25.150
13/02/2015	0.000	7.576	9.366	16.330	33.120
14/02/2015	19.117	5.759	9.321	13.938	26.970
15/02/2015	22.161	7.554	9.250	16.188	19.450
16/02/2015	0.000	7.639	8.357	15.634	15.340
17/02/2015	0.000	9.882	5.705	16.955	12.240
18/02/2015	1.430	9.597	6.241	16.875	10.340
19/02/2015	0.000	6.922	8.955	15.080	10.660
20/02/2015	0.000	8.201	9.330	17.018	11.530
21/02/2015	0.000	8.833	6.009	15.643	9.020
22/02/2015	0.000	7.891	7.750	15.491	8.943
23/02/2015	0.674	7.232	7.473	14.366	8.095
24/02/2015	0.000	7.122	7.259	14.062	7.448
25/02/2015	0.000	7.046	7.366	14.045	7.995
26/02/2015	0.000	8.305	8.330	16.366	7.540
27/02/2015	2.487	7.890	7.500	15.232	7.278
28/02/2015	0.000	7.416	7.268	14.411	7.748
01/03/2015	3.615	9.129	7.554	16.902	7.910
02/03/2015	29.006	8.369	7.536	15.893	16.690
03/03/2015	20.410	6.063	8.634	13.643	12.230
04/03/2015	28.470	6.160	9.000	14.027	32.240
05/03/2015	7.653	7.488	8.295	15.196	17.770
06/03/2015	0.000	5.873	9.152	13.768	11.390
07/03/2015	0.000	6.795	8.857	14.696	9.627
08/03/2015	0.000	6.041	9.018	13.875	9.290
09/03/2015	0.000	7.167	8.821	15.143	8.835
10/03/2015	0.000	7.375	9.705	16.045	9.905
11/03/2015	0.000	7.011	9.741	15.607	19.630
12/03/2015	0.565	6.746	9.188	14.830	15.870
13/03/2015	4.550	6.484	8.625	14.089	11.060
14/03/2015	12.312	7.093	8.920	15.098	13.220
15/03/2015	0.000	9.498	8.420	17.857	11.560
16/03/2015	0.150	7.617	7.946	15.045	9.865
17/03/2015	1.639	7.211	7.670	14.312	9.690
18/03/2015	13.910	5.347	8.348	12.464	44.370
19/03/2015	0.108	6.232	8.009	13.321	28.350
20/03/2015	4.389	6.279	8.259	13.545	59.510
21/03/2015	5.341	7.181	7.866	14.464	60.590
22/03/2015	0.000	8.305	5.804	14.536	30.750
23/03/2015	2.539	8.208	6.304	14.714	23.240
24/03/2015	2.113	7.873	7.884	15.348	23.780
25/03/2015	9.331	7.671	7.312	14.679	16.690
26/03/2015	0.000	8.411	8.848	16.750	13.530
27/03/2015	0.000	8.016	8.366	15.857	12.000
28/03/2015	0.000	6.882	8.241	14.304	10.810
29/03/2015	29.297	5.733	8.607	13.170	14.640
30/03/2015	0.000	7.285	7.991	14.696	29.170
31/03/2015	0.000	7.675	8.482	15.545	20.390
01/04/2015	8.164	8.218	8.205	16.054	22.630
02/04/2015	0.000	6.854	8.857	14.750	17.450
03/04/2015	3.634	6.478	8.812	14.259	15.160
04/04/2015	2.738	7.841	8.455	15.768	23.820
05/04/2015	7.710	7.049	7.893	14.330	45.150
06/04/2015	0.000	8.842	8.384	17.027	28.340
07/04/2015	2.512	6.594	8.982	14.554	19.700
08/04/2015	0.000	5.443	8.929	13.098	19.800
09/04/2015	0.000	8.710	8.152	16.723	16.090
10/04/2015	0.000	8.544	9.161	17.196	15.080
11/04/2015	0.000	6.472	9.214	14.598	12.700
12/04/2015	0.000	7.748	8.670	15.848	13.910
13/04/2015	0.000	7.893	9.098	16.330	13.190
14/04/2015	5.667	7.034	9.089	15.232	11.640
15/04/2015	0.000	7.622	8.089	15.295	10.820
16/04/2015	36.597	7.514	8.107	15.188	15.900
17/04/2015	13.063	6.819	7.884	14.116	40.640
18/04/2015	12.949	7.200	7.616	14.455	44.640
19/04/2015	0.000	6.554	8.536	14.277	33.060
20/04/2015	7.183	8.356	8.732	16.795	35.280
21/04/2015	14.907	6.886	8.116	14.420	61.470
22/04/2015	0.000	6.144	8.598	13.812	37.970
23/04/2015	0.000	6.986	9.179	15.348	53.010
24/04/2015	0.000	5.859	9.821	14.411	44.930
25/04/2015	0.000	5.904	8.920	13.786	60.910
26/04/2015	0.000	7.070	8.830	15.241	71.140
27/04/2015	0.000	8.333	7.723	16.170	47.370
28/04/2015	0.000	6.501	8.179	14.045	38.910
29/04/2015	0.000	7.563	7.411	14.929	56.960
30/04/2015	5.037	7.268	7.625	14.670	34.870
01/05/2015	2.564	6.074	9.107	14.205	31.070
02/05/2015	7.415	8.373	6.848	15.714	24.890
03/05/2015	0.906	6.888	9.125	15.295	19.700
04/05/2015	0.000	8.391	6.973	15.857	23.840
05/05/2015	0.000	7.137	7.705	14.634	24.190
06/05/2015	5.687	7.855	6.839	15.062	24.540
07/05/2015	0.000	7.740	6.875	14.929	24.890
08/05/2015	0.000	6.176	8.920	14.312	24.310
09/05/2015	0.000	6.079	9.482	14.598	21.740
10/05/2015	0.000	7.213	8.295	15.241	28.040
11/05/2015	6.382	6.651	8.839	14.875	58.090
12/05/2015	0.000	7.498	7.411	15.045	37.970
13/05/2015	0.000	6.676	9.420	15.366	31.070
14/05/2015	0.808	5.365	9.125	13.473	27.400
15/05/2015	24.441	7.128	7.732	14.786	19.400
16/05/2015	0.223	7.776	8.152	16.000	30.660
17/05/2015	9.483	6.407	9.348	15.018	35.680
18/05/2015	0.000	5.682	9.768	14.438	30.660
19/05/2015	0.000	6.855	8.955	15.348	37.500
20/05/2015	0.000	7.665	8.116	15.893	50.190
21/05/2015	1.641	6.106	9.464	14.750	70.740
22/05/2015	0.674	7.128	8.955	15.750	63.400
23/05/2015	0.000	7.605	7.741	15.589	42.110
24/05/2015	0.000	7.833	7.304	15.616	25.590
25/05/2015	0.000	5.665	8.946	13.821	21.740
26/05/2015	0.000	6.146	8.741	14.304	18.820
27/05/2015	0.000	5.992	9.339	14.562	16.770
28/05/2015	0.000	5.923	8.875	14.143	21.390
29/05/2015	0.993	5.252	8.598	13.054	66.630
30/05/2015	0.000	6.945	6.714	14.018	42.670
31/05/2015	0.000	6.760	8.036	14.688	34.770
01/06/2015	0.000	5.951	8.777	14.134	37.970
02/06/2015	0.000	7.122	7.125	14.589	36.560
03/06/2015	0.136	6.731	7.491	14.304	40.320
04/06/2015	0.311	6.179	8.696	14.411	49.630
05/06/2015	4.040	6.041	7.857	13.607	37.970
06/06/2015	1.148	6.470	9.080	15.098	27.860
07/06/2015	0.815	7.317	6.884	14.741	24.890
08/06/2015	0.516	6.588	8.679	15.018	42.110
09/06/2015	1.987	6.678	7.295	14.116	74.310
10/06/2015	13.024	6.838	8.705	15.375	54.700
11/06/2015	5.598	5.768	8.554	13.786	50.750
12/06/2015	0.000	7.204	8.304	15.616	32.700
13/06/2015	0.000	6.023	7.098	13.080	30.660
14/06/2015	0.225	8.660	5.830	16.089	28.210
15/06/2015	0.000	6.556	8.491	14.839	31.480
16/06/2015	0.000	7.484	8.161	15.946	33.520
17/06/2015	0.000	7.133	8.491	15.652	32.290
18/06/2015	0.000	7.148	8.071	15.402	33.930
19/06/2015	0.000	5.920	8.223	13.777	51.260
20/06/2015	0.000	6.194	8.429	14.304	128.400
21/06/2015	0.000	6.524	7.938	14.420	51.320
22/06/2015	0.000	5.898	7.705	13.384	61.470
23/06/2015	1.017	5.401	8.741	13.482	39.850
24/06/2015	0.579	6.452	8.509	14.750	34.740
25/06/2015	0.000	6.305	7.188	13.562	37.970
26/06/2015	0.270	4.798	8.527	12.500	50.380
27/06/2015	1.665	4.531	8.991	12.509	50.190
28/06/2015	0.000	5.921	7.688	13.402	39.380
29/06/2015	0.000	7.424	6.920	15.009	67.920
30/06/2015	0.000	7.462	6.991	15.098	45.020
01/07/2015	1.552	8.286	6.982	16.312	41.260
02/07/2015	2.352	7.738	8.134	16.259	32.290
03/07/2015	2.815	7.702	6.393	15.027	25.590
04/07/2015	0.763	7.203	8.062	15.438	25.590
05/07/2015	11.115	7.175	8.580	15.759	31.070
06/07/2015	2.378	7.224	7.438	15.036	33.520
07/07/2015	5.402	7.665	8.500	16.375	30.250
08/07/2015	0.366	7.852	8.205	16.429	33.930
09/07/2015	0.000	7.937	6.714	15.545	30.660
10/07/2015	0.000	6.139	7.795	13.732	47.340
11/07/2015	0.000	6.078	8.821	14.366	78.590
12/07/2015	0.000	6.009	9.205	14.562	55.830
13/07/2015	0.000	7.964	6.938	15.688	31.070
14/07/2015	0.000	7.890	7.920	16.232	21.390
15/07/2015	0.000	7.538	7.089	15.152	32.290
16/07/2015	0.000	7.204	7.848	15.188	20.690
17/07/2015	0.000	7.848	6.473	15.161	19.110
18/07/2015	0.000	7.106	7.857	15.045	24.890
19/07/2015	0.000	6.939	7.964	14.848	29.850
20/07/2015	0.000	6.607	7.893	14.312	31.070
21/07/2015	0.000	7.719	8.562	16.348	29.850
22/07/2015	0.482	5.371	8.875	13.393	38.910
23/07/2015	0.000	7.384	6.946	14.750	76.780
24/07/2015	0.000	8.357	5.062	14.920	55.830
25/07/2015	0.000	7.456	6.250	14.357	44.080
26/07/2015	0.000	7.278	6.795	14.438	40.790
27/07/2015	0.477	6.787	7.964	14.580	40.790
28/07/2015	0.000	6.858	8.161	14.786	37.030
29/07/2015	0.000	6.731	7.777	14.321	75.420
30/07/2015	0.499	6.453	7.938	14.089	80.930
31/07/2015	0.000	7.195	7.741	14.911	52.450
01/08/2015	0.000	7.851	6.634	15.071	41.730
02/08/2015	0.000	7.684	7.973	15.741	17.940
03/08/2015	0.000	8.399	6.777	15.929	19.700
04/08/2015	0.000	7.967	7.830	16.000	22.790
05/08/2015	0.000	6.483	8.357	14.321	38.910
06/08/2015	0.000	9.116	6.518	16.705	33.520
07/08/2015	12.380	6.117	7.830	13.411	30.250
08/08/2015	0.269	6.692	8.339	14.554	23.140
09/08/2015	14.264	7.239	8.473	15.366	18.240
10/08/2015	0.000	7.752	7.286	15.232	14.140
11/08/2015	0.000	7.385	7.839	15.089	12.240
12/08/2015	0.000	8.214	7.116	15.732	12.950
13/08/2015	0.000	7.713	7.786	15.473	12.480
14/08/2015	0.180	6.724	8.464	14.625	11.770
15/08/2015	0.000	7.341	7.643	14.848	107.000
16/08/2015	0.000	6.763	7.598	14.009	57.520
17/08/2015	0.000	8.624	6.982	16.134	101.300
18/08/2015	0.000	8.700	6.804	16.098	55.830
19/08/2015	0.000	8.584	6.580	15.786	29.030
20/08/2015	0.000	7.596	8.000	15.357	24.890
21/08/2015	0.000	6.884	8.027	14.420	23.490
22/08/2015	0.000	8.042	7.554	15.652	27.810
23/08/2015	0.000	9.185	6.750	16.670	25.940
24/08/2015	0.000	6.285	9.223	14.482	22.440
25/08/2015	0.000	7.081	7.946	14.571	34.170
26/08/2015	1.207	8.097	7.116	15.366	31.070
27/08/2015	0.000	8.009	7.670	15.607	28.210
28/08/2015	0.000	6.747	9.420	15.196	20.330
29/08/2015	0.000	7.241	7.830	14.670	19.400
30/08/2015	0.000	8.560	5.107	14.661	18.890
31/08/2015	0.000	7.024	8.018	14.518	24.470
01/09/2015	0.000	7.049	8.223	14.679	22.530
02/09/2015	0.000	7.421	6.312	13.830	20.010
03/09/2015	0.902	7.822	6.679	14.625	19.110
04/09/2015	0.000	8.655	6.304	15.518	18.230
05/09/2015	0.000	8.404	7.036	15.634	17.060
06/09/2015	2.603	7.909	7.179	15.071	16.630
07/09/2015	0.000	8.165	8.938	16.598	17.930
08/09/2015	0.000	9.884	6.089	17.018	17.700
09/09/2015	0.110	7.740	7.714	15.170	17.600
10/09/2015	1.639	8.380	7.438	15.830	18.230
11/09/2015	0.000	7.398	7.955	14.884	18.040
12/09/2015	0.000	9.973	5.705	16.893	22.250
13/09/2015	0.000	10.072	4.554	16.321	17.350
14/09/2015	0.000	9.609	5.402	16.188	16.190
15/09/2015	0.000	9.039	5.670	15.571	15.600
16/09/2015	0.000	8.792	7.107	16.143	15.020
17/09/2015	0.000	9.805	7.366	17.643	14.430
18/09/2015	0.859	8.200	8.821	16.500	15.020
19/09/2015	11.355	7.132	8.821	15.125	12.950
20/09/2015	0.117	6.479	8.955	14.402	12.480
21/09/2015	0.000	8.859	7.795	16.679	15.600
22/09/2015	0.743	8.292	9.348	16.991	15.600
23/09/2015	0.000	8.328	7.750	15.955	15.310
24/09/2015	0.000	9.648	6.098	16.670	12.480
25/09/2015	0.000	8.959	5.732	15.509	13.670
26/09/2015	0.000	8.908	6.518	15.929	11.050
27/09/2015	0.000	8.920	7.161	16.375	14.250
28/09/2015	0.000	9.993	6.482	17.384	15.310
29/09/2015	5.222	8.252	8.125	16.116	13.590
30/09/2015	13.744	8.315	8.402	16.420	11.050
01/10/2015	2.022	5.922	9.018	13.795	12.480
02/10/2015	0.000	8.170	8.688	16.420	11.530
03/10/2015	0.000	6.546	8.812	14.420	13.670
04/10/2015	0.000	8.671	8.589	17.045	12.000
05/10/2015	0.000	8.745	7.161	16.188	12.480
06/10/2015	0.000	9.288	6.616	16.580	12.950
07/10/2015	0.000	8.367	7.321	15.795	11.530
08/10/2015	0.000	7.852	7.982	15.554	12.480
09/10/2015	0.000	9.366	7.705	17.402	11.530
10/10/2015	0.000	7.844	8.045	15.598	11.530
11/10/2015	0.000	8.902	8.598	17.402	16.190
12/10/2015	12.363	5.891	9.232	13.982	17.360
13/10/2015	0.795	7.753	8.357	15.759	26.110
14/10/2015	26.741	6.883	8.250	14.536	60.340
15/10/2015	13.745	6.877	9.214	15.232	72.430
16/10/2015	0.000	5.800	8.777	13.545	57.520
17/10/2015	0.000	7.422	8.768	15.670	41.730
18/10/2015	0.866	5.574	9.241	13.634	33.930
19/10/2015	1.755	9.023	7.170	16.741	32.290
20/10/2015	0.000	8.708	7.509	16.536	27.810
21/10/2015	0.000	8.696	6.286	15.732	25.650
22/10/2015	0.000	7.784	8.071	15.679	23.140
23/10/2015	0.000	6.742	9.348	15.223	23.140
24/10/2015	8.335	7.673	8.107	15.571	21.390
25/10/2015	0.000	7.213	8.661	15.375	25.940
26/10/2015	35.883	6.729	8.339	14.509	29.030
27/10/2015	0.000	6.001	8.920	14.000	30.660
28/10/2015	0.000	9.745	7.036	17.821	32.290
29/10/2015	0.000	8.552	6.554	15.830	33.110
30/10/2015	0.000	9.376	7.071	17.330	33.110
31/10/2015	0.361	7.639	7.920	15.509	36.560
01/11/2015	4.031	5.995	9.018	14.107	32.290
02/11/2015	6.944	4.927	8.545	12.438	35.620
03/11/2015	0.000	6.751	7.518	14.089	37.970
04/11/2015	0.000	6.996	7.545	14.473	33.520
05/11/2015	17.270	5.637	8.295	13.188	39.850
06/11/2015	0.299	8.716	8.500	17.527	52.450
07/11/2015	1.301	4.044	8.723	11.527	47.370
08/11/2015	2.107	6.817	8.518	14.964	39.850
09/11/2015	0.054	6.850	8.893	15.286	36.090
10/11/2015	11.497	7.728	7.759	15.705	29.030
11/11/2015	0.000	7.380	7.634	15.143	23.840
12/11/2015	0.000	6.644	8.920	15.062	24.540
13/11/2015	1.956	7.035	8.589	15.366	31.480
14/11/2015	0.000	7.457	9.411	16.545	31.070
15/11/2015	35.688	6.613	9.518	15.500	23.490
16/11/2015	7.830	6.458	9.402	15.205	22.790
17/11/2015	28.191	4.709	9.009	12.661	20.690
18/11/2015	0.000	6.182	8.795	14.438	21.740
19/11/2015	0.000	7.381	8.232	15.679	25.940
20/11/2015	0.000	6.883	8.830	15.429	23.140
21/11/2015	9.965	6.195	7.768	13.705	26.350
22/11/2015	0.000	6.986	9.018	15.732	29.440
23/11/2015	0.000	7.429	7.295	15.152	29.440
24/11/2015	0.000	7.359	8.045	15.598	30.660
25/11/2015	2.638	9.060	7.205	17.500	19.760
26/11/2015	0.000	7.252	8.062	15.446	15.600
27/11/2015	0.000	7.212	7.402	14.955	14.430
28/11/2015	0.000	6.670	9.054	15.393	11.770
29/11/2015	5.710	7.163	9.152	16.143	9.628
30/11/2015	0.000	7.080	9.723	16.464	14.640
01/12/2015	0.403	5.187	9.875	14.045	10.100
02/12/2015	0.000	5.930	9.554	14.768	9.205
03/12/2015	0.000	7.228	6.161	14.214	8.835
04/12/2015	32.182	5.619	8.652	13.688	8.835
05/12/2015	0.000	7.391	7.000	15.018	9.628
06/12/2015	0.000	7.344	6.366	14.536	9.680
07/12/2015	0.908	7.032	8.071	15.250	8.465
08/12/2015	0.313	6.962	8.393	15.384	8.835
09/12/2015	0.320	7.319	8.054	15.661	8.835
10/12/2015	41.859	7.418	7.429	15.393	7.355
11/12/2015	0.000	7.742	6.027	14.946	7.355
12/12/2015	0.000	9.451	4.571	16.616	7.725
13/12/2015	0.000	7.679	6.607	15.214	6.615
14/12/2015	0.686	7.616	8.455	16.375	5.875
15/12/2015	19.391	6.486	8.205	14.598	6.060
16/12/2015	0.000	6.582	9.107	15.402	6.245
17/12/2015	12.404	4.648	9.366	13.009	8.095
18/12/2015	0.688	7.075	8.598	15.732	8.280
19/12/2015	4.854	6.841	9.411	16.000	8.835
20/12/2015	0.000	7.124	7.045	14.714	29.850
21/12/2015	0.287	8.393	5.384	15.536	14.250
22/12/2015	0.000	8.714	5.812	16.277	8.465
23/12/2015	0.294	8.611	6.527	16.562	6.985
24/12/2015	0.000	8.251	6.759	16.179	6.615
25/12/2015	20.409	7.762	5.795	14.830	6.430
26/12/2015	0.000	7.976	6.312	15.464	5.555
27/12/2015	0.209	7.668	7.420	15.732	5.875
28/12/2015	0.000	7.317	8.018	15.625	6.800
29/12/2015	0.000	8.054	7.902	16.607	6.615
30/12/2015	0.000	7.519	7.688	15.696	6.615
31/12/2015	0.834	7.106	8.759	15.830	6.985
01/01/2016	0.000	6.718	9.116	15.527	9.743
02/01/2016	26.663	5.386	9.652	14.134	9.598
03/01/2016	0.000	7.428	8.357	15.964	9.903
04/01/2016	6.846	5.603	9.482	14.277	9.991
05/01/2016	4.912	7.126	9.152	16.071	10.829
06/01/2016	0.429	5.797	8.571	13.830	13.817
07/01/2016	21.791	8.645	9.232	18.268	12.895
08/01/2016	3.259	6.961	9.839	16.375	12.607
09/01/2016	21.349	7.791	9.152	16.991	17.304
10/01/2016	3.279	7.812	9.000	16.929	15.834
11/01/2016	0.997	7.119	8.607	15.661	15.537
12/01/2016	0.000	7.787	8.741	16.661	13.845
13/01/2016	0.000	8.983	8.009	17.848	12.621
14/01/2016	0.000	10.561	5.464	18.545	11.169
15/01/2016	0.000	9.691	5.643	17.366	9.947
16/01/2016	0.000	9.647	7.223	18.232	8.965
17/01/2016	0.000	9.338	6.920	17.571	8.825
18/01/2016	0.000	10.667	6.652	19.304	9.363
19/01/2016	0.000	10.347	4.982	17.848	9.118
20/01/2016	0.000	8.381	6.893	16.134	9.249
21/01/2016	0.000	6.826	8.250	14.857	9.402
22/01/2016	0.000	8.484	8.929	17.598	9.293
23/01/2016	0.000	9.921	9.955	20.232	9.729
24/01/2016	0.000	7.620	9.938	17.080	9.925
25/01/2016	0.000	7.486	9.143	16.348	11.692
26/01/2016	0.000	9.616	6.946	17.804	9.193
27/01/2016	0.312	10.178	7.625	19.000	8.297
28/01/2016	0.000	10.139	6.411	18.170	8.242
29/01/2016	0.000	9.499	6.786	17.500	8.604
30/01/2016	0.000	8.859	6.571	16.438	10.371
31/01/2016	0.000	10.803	5.446	18.464	10.231
01/02/2016	0.000	9.426	6.571	17.196	8.809
02/02/2016	0.000	9.437	6.670	17.232	8.006
03/02/2016	0.000	9.581	6.911	17.571	8.208
04/02/2016	4.373	8.891	6.696	16.429	8.360
05/02/2016	13.770	6.098	8.384	13.759	11.829
06/02/2016	0.000	7.963	7.804	15.857	16.220
07/02/2016	0.000	7.055	8.482	15.062	15.062
08/02/2016	0.000	5.819	9.830	14.491	15.859
09/02/2016	0.000	7.228	9.179	15.768	21.402
10/02/2016	0.000	6.621	9.420	15.134	18.630
11/02/2016	0.000	7.824	8.973	16.366	31.062
12/02/2016	0.000	6.363	8.196	13.866	24.331
13/02/2016	42.218	7.065	9.036	15.384	18.470
14/02/2016	0.000	8.135	10.143	17.562	15.596
15/02/2016	0.000	7.444	9.009	15.839	12.732
16/02/2016	0.000	6.989	9.830	15.821	11.046
17/02/2016	0.000	8.570	9.946	17.929	10.296
18/02/2016	0.000	7.358	9.295	15.884	10.121
19/02/2016	0.000	8.543	8.580	16.920	11.876
20/02/2016	0.000	7.019	9.705	15.723	13.682
21/02/2016	0.000	6.948	10.295	16.080	13.607
22/02/2016	0.000	8.549	10.027	17.920	13.667
23/02/2016	1.024	8.762	9.929	18.107	14.498
24/02/2016	0.000	8.804	9.277	17.705	12.984
25/02/2016	2.256	6.918	8.438	14.634	13.162
26/02/2016	16.436	7.658	8.911	15.938	13.043
27/02/2016	0.000	8.532	8.634	16.875	12.194
28/02/2016	0.000	7.563	10.670	17.045	11.169
29/02/2016	0.000	7.347	9.911	16.196	9.947
01/03/2016	8.146	6.699	10.429	15.777	9.096
02/03/2016	13.443	4.669	10.232	13.259	10.819
03/03/2016	0.000	6.522	9.652	14.964	20.200
04/03/2016	1.701	6.214	9.661	14.589	19.822
05/03/2016	0.000	7.643	7.723	14.973	32.397
06/03/2016	0.193	8.707	6.402	15.536	21.219
07/03/2016	11.841	6.989	8.375	14.571	16.537
08/03/2016	10.833	8.490	8.312	16.509	12.628
09/03/2016	3.737	7.536	8.036	15.027	14.007
10/03/2016	1.847	8.323	7.946	15.991	18.023
11/03/2016	3.668	9.650	8.232	17.929	30.149
12/03/2016	0.000	9.664	9.750	18.955	34.739
13/03/2016	10.698	7.549	8.938	15.741	31.960
14/03/2016	0.000	9.301	9.402	18.286	26.643
15/03/2016	9.217	7.034	9.804	15.643	22.828
16/03/2016	0.000	8.103	10.295	17.339	24.718
17/03/2016	0.619	6.994	10.232	15.929	25.693
18/03/2016	2.395	6.719	9.536	15.062	71.141
19/03/2016	0.000	7.155	9.634	15.661	52.604
20/03/2016	3.635	8.202	10.304	17.455	56.339
21/03/2016	0.647	6.158	8.473	13.545	44.793
22/03/2016	0.000	6.954	8.232	14.384	53.676
23/03/2016	0.000	7.776	8.571	15.705	69.976
24/03/2016	0.000	8.927	6.500	15.804	55.081
25/03/2016	0.000	7.590	9.438	16.062	41.008
26/03/2016	0.000	8.683	6.625	15.571	33.900
27/03/2016	0.000	8.680	8.848	17.027	27.044
28/03/2016	0.000	7.121	9.607	15.625	28.962
29/03/2016	12.332	8.328	9.312	16.964	32.755
30/03/2016	29.092	7.349	10.661	16.714	35.469
31/03/2016	11.489	6.924	9.312	15.161	40.530
01/04/2016	0.000	5.802	10.000	14.330	40.214
02/04/2016	12.461	5.626	9.250	13.554	42.033
03/04/2016	0.000	8.589	9.304	17.304	40.104
04/04/2016	11.889	4.984	8.848	12.482	38.553
05/04/2016	0.000	8.518	8.973	17.018	35.413
06/04/2016	0.000	8.430	9.571	17.312	43.876
07/04/2016	3.473	7.880	10.491	17.277	41.916
08/04/2016	0.000	6.358	10.438	15.357	40.390
09/04/2016	31.322	6.303	9.071	14.277	64.525
10/04/2016	0.000	7.370	9.705	16.107	57.770
11/04/2016	0.000	8.047	9.098	16.545	68.668
12/04/2016	33.139	3.675	9.250	11.402	82.278
13/04/2016	0.577	6.414	8.723	14.188	73.259
14/04/2016	6.120	8.837	7.991	16.866	62.073
15/04/2016	2.410	8.961	9.509	18.045	45.414
16/04/2016	13.496	8.299	9.821	17.420	40.349
17/04/2016	0.000	5.589	10.134	14.286	34.382
18/04/2016	0.000	5.871	10.170	14.643	48.608
19/04/2016	0.000	7.082	8.964	15.268	44.076
20/04/2016	0.000	6.776	9.768	15.473	58.983
21/04/2016	0.000	7.733	9.545	16.562	51.286
22/04/2016	24.175	5.851	10.304	14.768	59.112
23/04/2016	0.669	6.824	9.446	15.321	43.513
24/04/2016	7.478	6.157	8.393	13.696	40.977
25/04/2016	0.000	7.058	7.768	14.446	40.691
26/04/2016	5.357	7.247	7.973	14.848	36.526
27/04/2016	28.256	8.439	8.696	16.982	35.198
28/04/2016	13.585	5.338	8.911	13.107	35.454
29/04/2016	8.086	7.425	9.134	15.982	43.715
30/04/2016	4.780	4.802	9.188	12.696	52.908
01/05/2016	6.967	5.850	8.938	13.830	47.423
02/05/2016	1.438	6.938	8.875	15.170	41.852
03/05/2016	3.437	5.681	9.286	13.875	38.931
04/05/2016	8.196	8.221	8.911	16.955	38.155
05/05/2016	2.324	6.326	9.438	14.830	44.036
06/05/2016	4.477	7.220	8.902	15.634	49.489
07/05/2016	28.580	6.451	9.009	14.723	48.232
08/05/2016	16.589	8.498	8.232	16.973	45.086
09/05/2016	24.057	6.657	9.205	15.134	79.521
10/05/2016	10.978	5.989	8.911	14.125	58.518
11/05/2016	7.642	7.331	9.125	16.027	82.501
12/05/2016	0.346	7.426	8.643	15.812	55.951
13/05/2016	0.000	4.403	9.705	12.759	40.672
14/05/2016	7.735	6.160	9.339	14.670	37.670
15/05/2016	0.548	6.925	9.598	15.875	49.931
16/05/2016	0.000	7.544	8.491	15.929	55.516
17/05/2016	0.000	7.903	8.554	16.482	53.608
18/05/2016	0.000	6.466	9.616	15.312	71.912
19/05/2016	0.000	6.541	9.295	15.205	89.176
20/05/2016	0.000	6.455	8.821	14.723	64.821
21/05/2016	0.000	7.366	8.446	15.732	49.524
22/05/2016	0.000	6.797	10.018	16.089	56.433
23/05/2016	0.000	6.358	9.786	15.348	46.119
24/05/2016	0.000	5.000	10.000	13.812	47.106
25/05/2016	0.000	6.637	9.616	15.616	47.065
26/05/2016	21.678	4.755	8.929	12.652	31.057
27/05/2016	0.000	8.000	7.080	15.777	38.204
28/05/2016	0.000	5.115	9.295	13.420	39.849
29/05/2016	3.052	5.305	9.062	13.491	49.994
30/05/2016	17.304	6.929	9.143	15.732	38.130
31/05/2016	18.187	7.014	7.955	15.027	41.046
01/06/2016	8.231	7.686	8.241	16.170	45.485
02/06/2016	0.000	6.267	9.188	14.884	45.156
03/06/2016	0.000	7.405	7.768	15.464	51.663
04/06/2016	3.346	7.967	8.027	16.464	54.131
05/06/2016	0.000	8.722	6.071	16.286	39.431
06/06/2016	3.134	6.988	7.107	14.429	44.646
07/06/2016	0.000	7.123	7.339	14.804	40.977
08/06/2016	28.700	7.184	7.911	15.295	62.123
09/06/2016	0.000	6.501	7.098	13.759	37.502
10/06/2016	0.000	6.398	7.312	13.750	28.707
11/06/2016	4.539	6.310	7.607	13.848	25.396
12/06/2016	0.000	6.317	7.920	14.089	24.521
13/06/2016	0.000	4.898	8.598	12.670	28.341
14/06/2016	0.000	6.642	7.554	14.295	64.379
15/06/2016	0.000	5.643	8.152	13.321	61.932
16/06/2016	0.000	6.546	7.366	14.045	62.561
17/06/2016	0.000	6.344	7.232	13.670	70.936
18/06/2016	0.000	6.604	7.446	14.179	66.802
19/06/2016	3.614	5.556	8.652	13.607	74.154
20/06/2016	0.475	6.014	8.232	13.911	87.243
21/06/2016	0.000	6.624	7.946	14.571	76.960
22/06/2016	0.000	7.012	8.196	15.304	64.644
23/06/2016	0.000	6.174	8.464	14.304	61.862
24/06/2016	4.372	6.967	7.857	15.000	64.855
25/06/2016	0.190	6.611	8.393	14.857	93.764
26/06/2016	0.000	6.165	7.812	13.830	68.614
27/06/2016	0.000	7.469	7.759	15.661	62.425
28/06/2016	3.756	6.482	8.339	14.643	61.580
29/06/2016	0.000	7.045	8.339	15.429	55.446
30/06/2016	0.000	5.510	8.562	13.473	48.726
01/07/2016	17.894	5.395	8.491	13.241	74.604
02/07/2016	0.000	6.611	8.679	15.054	60.898
03/07/2016	0.000	6.090	8.616	14.295	45.438
04/07/2016	0.000	6.295	8.732	14.643	41.446
05/07/2016	0.000	7.023	8.375	15.411	55.329
06/07/2016	13.359	5.510	6.955	12.241	52.767
07/07/2016	0.623	7.360	7.786	15.464	41.729
08/07/2016	0.000	6.181	9.205	14.804	42.232
09/07/2016	0.000	7.898	5.893	14.964	35.142
10/07/2016	0.000	6.311	7.741	13.893	36.483
11/07/2016	0.000	8.117	6.973	15.946	40.010
12/07/2016	0.253	8.494	6.938	16.455	36.960
13/07/2016	0.000	8.031	7.259	16.000	41.873
14/07/2016	0.000	7.615	7.491	15.536	37.487
15/07/2016	0.352	6.749	7.875	14.545	27.022
16/07/2016	6.868	7.664	7.009	15.268	25.090
17/07/2016	12.047	6.305	8.607	14.446	25.221
18/07/2016	0.000	6.817	6.786	13.884	21.988
19/07/2016	0.000	6.451	8.080	14.241	20.613
20/07/2016	16.219	6.144	7.875	13.679	26.866
21/07/2016	0.000	5.855	8.062	13.420	36.301
22/07/2016	0.000	6.471	6.536	13.170	40.061
23/07/2016	0.000	8.997	5.634	16.214	36.483
24/07/2016	0.000	7.687	6.759	15.027	34.499
25/07/2016	2.749	5.231	7.982	12.464	39.012
26/07/2016	0.000	8.036	6.893	15.589	41.329
27/07/2016	0.000	6.375	7.562	13.688	41.529
28/07/2016	0.756	6.583	6.973	13.545	46.248
29/07/2016	0.000	6.812	7.634	14.321	42.033
30/07/2016	0.000	6.520	7.652	13.929	40.319
31/07/2016	0.000	5.942	8.107	13.455	33.324
01/08/2016	0.000	7.165	6.812	14.205	33.922
02/08/2016	0.000	5.416	7.830	12.536	31.879
03/08/2016	0.000	5.631	7.804	12.777	31.113
04/08/2016	0.000	5.878	8.634	13.714	32.448
05/08/2016	0.000	8.163	6.277	15.214	27.934
06/08/2016	0.000	8.357	7.196	16.071	26.096
07/08/2016	0.000	6.308	8.652	14.259	26.446
08/08/2016	0.000	7.154	7.420	14.509	25.046
09/08/2016	0.000	7.595	7.625	15.250	27.103
10/08/2016	0.000	7.071	7.955	14.750	26.235
11/08/2016	0.000	6.959	8.420	14.920	29.669
12/08/2016	0.000	8.011	5.964	14.670	31.077
13/08/2016	0.000	6.887	6.902	13.714	30.530
14/08/2016	0.000	8.652	6.214	15.705	27.628
15/08/2016	0.000	7.992	7.929	15.920	25.571
16/08/2016	0.000	7.330	7.473	14.679	25.250
17/08/2016	7.444	7.352	8.116	15.152	31.478
18/08/2016	0.000	7.585	8.062	15.411	30.982
19/08/2016	0.000	7.040	7.571	14.312	28.605
20/08/2016	0.000	8.100	5.482	14.366	25.440
21/08/2016	0.000	7.448	5.473	13.438	26.928
22/08/2016	0.000	6.736	7.241	13.652	25.702
23/08/2016	0.000	8.820	5.554	15.393	29.699
24/08/2016	0.000	8.495	6.036	15.214	22.440
25/08/2016	0.000	8.653	7.152	16.170	19.334
26/08/2016	0.000	7.752	6.902	14.759	18.164
27/08/2016	0.000	8.617	6.679	15.777	18.968
28/08/2016	0.000	9.057	6.080	15.982	17.908
29/08/2016	16.677	8.109	7.089	15.321	19.663
30/08/2016	21.763	6.367	8.643	14.098	19.151
31/08/2016	0.000	7.577	7.089	14.571	17.958
01/09/2016	10.559	7.533	8.473	15.491	16.699
02/09/2016	0.000	9.446	6.312	16.625	18.244
03/09/2016	0.000	10.170	5.652	17.188	19.882
04/09/2016	0.000	8.171	8.375	16.241	19.809
05/09/2016	0.000	8.265	7.777	15.946	18.287
06/09/2016	0.000	7.613	8.348	15.464	16.772
07/09/2016	0.000	6.156	7.464	12.911	20.108
08/09/2016	0.000	9.361	5.438	15.911	19.370
09/09/2016	0.000	7.191	9.009	15.366	17.188
10/09/2016	13.067	6.018	8.562	13.545	22.071
11/09/2016	0.000	6.677	7.911	13.893	56.264
12/09/2016	0.000	7.020	8.232	14.562	48.279
13/09/2016	0.000	8.757	8.054	16.732	39.211
14/09/2016	49.169	6.213	7.857	13.277	33.003
15/09/2016	27.265	7.763	7.438	14.991	29.494
16/09/2016	0.000	9.731	6.116	16.804	27.321
17/09/2016	0.000	8.517	7.179	15.821	24.412
18/09/2016	0.000	8.342	7.598	15.875	32.770
19/09/2016	2.003	6.389	7.982	13.607	45.838
20/09/2016	0.602	7.982	7.339	15.214	49.407
21/09/2016	7.391	8.148	6.795	15.080	39.544
22/09/2016	0.000	7.768	7.429	14.982	32.084
23/09/2016	0.000	7.615	8.438	15.491	33.521
24/09/2016	7.548	6.519	7.866	13.679	31.420
25/09/2016	4.044	7.971	6.830	14.875	37.370
26/09/2016	0.000	7.885	7.250	15.027	40.796
27/09/2016	2.281	8.428	7.277	15.786	33.595
28/09/2016	0.400	8.237	6.812	15.223	31.011
29/09/2016	0.000	8.928	6.991	16.268	29.793
30/09/2016	3.235	7.933	7.491	15.277	26.404
01/10/2016	5.034	7.168	8.196	14.777	40.615
02/10/2016	28.538	6.699	8.580	14.491	43.421
03/10/2016	6.090	6.439	8.205	13.857	34.128
04/10/2016	2.418	9.584	8.339	18.107	34.075
05/10/2016	38.284	7.399	8.571	15.384	35.073
06/10/2016	1.246	8.859	9.527	17.982	53.821
07/10/2016	31.374	6.692	7.607	13.768	47.574
08/10/2016	8.551	7.400	8.768	15.554	53.073
09/10/2016	12.316	7.766	7.330	15.062	48.972
10/10/2016	0.000	7.559	7.973	15.214	42.268
11/10/2016	0.000	6.979	9.205	15.330	39.944
12/10/2016	6.000	6.542	8.857	14.527	35.454
13/10/2016	0.000	10.298	7.429	18.580	35.454
14/10/2016	30.761	8.212	9.134	16.955	39.035
15/10/2016	1.784	6.762	8.268	14.429	34.966
16/10/2016	0.000	9.696	6.812	17.411	35.352
17/10/2016	0.000	8.087	8.429	16.321	35.541
18/10/2016	4.599	5.961	8.848	13.821	22.578
19/10/2016	0.000	7.464	8.402	15.482	19.590
20/10/2016	0.000	7.657	8.170	15.598	23.955
21/10/2016	0.000	8.144	6.839	15.366	23.872
22/10/2016	14.875	6.867	8.232	14.580	37.565
23/10/2016	7.848	9.294	8.920	18.339	39.627
24/10/2016	1.075	8.146	7.286	15.723	34.330
25/10/2016	20.114	5.677	8.080	12.946	33.156
26/10/2016	13.345	8.381	7.188	16.036	33.769
27/10/2016	0.000	9.533	6.375	17.143	29.480
28/10/2016	18.619	7.237	7.875	14.955	35.388
29/10/2016	9.772	6.503	8.188	14.179	33.258
30/10/2016	0.000	8.085	7.429	15.830	35.913
31/10/2016	2.049	9.841	7.089	18.098	35.249
01/11/2016	29.266	7.548	7.938	15.455	38.067
02/11/2016	0.000	6.278	8.955	14.482	40.977
03/11/2016	0.000	7.224	8.812	15.661	42.867
04/11/2016	1.417	6.537	8.589	14.616	47.328
05/11/2016	0.503	6.583	8.161	14.357	50.418
06/11/2016	0.499	6.641	8.116	14.393	41.130
07/11/2016	0.000	8.314	7.964	16.643	45.848
08/11/2016	11.265	7.308	7.054	14.625	48.138
09/11/2016	10.212	8.967	8.741	18.098	56.786
10/11/2016	6.338	6.973	7.911	14.759	53.326
11/11/2016	30.204	3.484	8.786	10.991	76.644
12/11/2016	0.000	8.709	5.821	15.911	50.890
13/11/2016	0.000	8.125	8.107	16.571	31.130
14/11/2016	26.631	5.201	8.955	13.205	28.328
15/11/2016	18.980	7.433	8.223	15.741	24.652
16/11/2016	0.000	7.198	7.759	15.098	31.748
17/11/2016	0.000	7.163	7.580	14.920	31.828
18/11/2016	3.999	6.506	8.491	14.670	36.076
19/11/2016	39.254	5.937	8.375	13.812	29.613
20/11/2016	0.000	7.137	8.696	15.688	31.143
21/11/2016	0.000	9.896	5.089	17.393	26.855
22/11/2016	0.000	10.610	3.366	17.446	29.655
23/11/2016	0.428	7.861	5.545	14.679	26.184
24/11/2016	0.571	7.095	7.750	15.027	28.546
25/11/2016	30.869	5.455	7.866	12.812	25.571
26/11/2016	19.578	7.360	7.634	15.339	24.302
27/11/2016	17.709	5.864	8.304	13.714	28.116
28/11/2016	7.054	7.494	9.589	16.955	35.775
29/11/2016	18.233	5.883	8.821	14.179	31.981
30/11/2016	0.000	7.011	8.955	15.812	29.837
01/12/2016	13.075	5.328	9.143	13.661	25.702
02/12/2016	0.266	4.758	8.866	12.696	27.453
03/12/2016	4.219	3.709	8.857	11.411	24.346
04/12/2016	0.000	6.774	7.973	14.830	27.978
05/12/2016	0.000	7.290	7.509	15.250	23.879
06/12/2016	0.000	7.577	7.938	15.973	24.527
07/12/2016	1.236	7.215	7.589	15.196	23.023
08/12/2016	0.000	7.658	6.589	15.161	24.215
09/12/2016	3.582	7.028	7.634	14.964	24.076
10/12/2016	0.000	8.063	8.723	17.214	20.613
11/12/2016	0.000	7.704	6.777	15.384	22.186
12/12/2016	29.820	7.230	7.750	15.348	20.248
13/12/2016	5.718	7.215	6.973	14.786	19.955
14/12/2016	0.000	8.948	4.589	15.893	23.252
15/12/2016	2.677	7.705	6.286	15.071	26.446
16/12/2016	0.000	6.382	8.295	14.545	28.422
17/12/2016	0.000	6.496	7.348	14.036	23.360
18/12/2016	0.000	6.794	8.036	14.920	28.298
19/12/2016	4.427	6.994	6.670	14.286	25.090
20/12/2016	41.033	5.278	7.518	12.393	22.580
21/12/2016	37.993	4.988	7.741	12.205	21.300
22/12/2016	0.000	7.044	8.080	15.330	25.695
23/12/2016	0.000	7.145	6.330	14.268	36.735
24/12/2016	0.000	6.241	8.384	14.384	36.250
25/12/2016	9.204	7.529	8.375	16.205	28.328
26/12/2016	0.000	7.697	7.580	15.902	28.896
27/12/2016	16.982	6.813	7.938	14.884	35.104
28/12/2016	0.000	8.084	7.420	16.366	40.472
29/12/2016	0.000	6.415	8.679	14.812	37.236
30/12/2016	12.714	5.038	9.571	13.652	45.432
31/12/2016	16.457	4.633	9.080	12.732	49.407
01/01/2017	6.617	7.275	7.830	15.420	59.347
02/01/2017	2.690	7.215	7.589	15.170	55.587
03/01/2017	0.000	8.587	5.723	15.955	42.351
04/01/2017	5.372	7.969	7.688	16.312	43.677
05/01/2017	19.986	5.415	8.196	13.071	42.584
06/01/2017	0.000	6.340	8.196	14.330	37.055
07/01/2017	0.000	6.619	8.571	14.964	59.801
08/01/2017	2.463	4.722	8.866	12.634	58.548
09/01/2017	35.234	7.243	7.152	14.839	65.880
10/01/2017	17.650	6.117	8.536	14.214	61.650
11/01/2017	0.000	5.569	7.741	12.875	59.606
12/01/2017	0.000	7.257	8.277	15.607	43.449
13/01/2017	0.000	6.672	8.821	15.161	41.337
14/01/2017	18.504	6.286	7.750	13.866	42.327
15/01/2017	0.000	6.762	7.857	14.571	42.033
16/01/2017	0.000	7.039	8.464	15.393	48.080
17/01/2017	1.427	7.298	8.214	15.571	51.780
18/01/2017	0.000	5.114	7.688	12.143	47.023
19/01/2017	3.867	6.759	8.321	14.848	50.194
20/01/2017	21.374	6.319	7.732	13.804	73.172
21/01/2017	14.516	6.122	7.902	13.661	61.131
22/01/2017	0.000	9.197	5.134	16.214	56.645
23/01/2017	0.000	10.245	3.062	16.545	52.391
24/01/2017	0.000	10.020	3.366	16.330	41.290
25/01/2017	0.000	8.060	6.741	15.518	32.252
26/01/2017	0.000	7.100	6.911	14.241	27.628
27/01/2017	0.000	6.342	8.232	14.125	26.534
28/01/2017	0.000	5.842	8.696	13.804	29.677
29/01/2017	0.000	6.107	8.688	14.116	31.128
30/01/2017	0.000	6.976	8.786	15.339	28.116
31/01/2017	6.329	6.908	8.304	14.875	25.878
01/02/2017	0.000	7.483	6.839	14.616	25.265
02/02/2017	0.000	8.072	6.929	15.500	28.196
03/02/2017	0.000	7.385	7.482	14.884	25.703
04/02/2017	0.000	7.461	7.402	14.929	23.559
05/02/2017	0.000	9.869	6.223	17.509	24.528
06/02/2017	0.000	10.346	5.732	17.866	21.103
07/02/2017	0.000	8.106	6.795	15.366	20.248
08/02/2017	0.000	9.594	6.214	17.054	19.663
09/02/2017	0.000	8.967	8.098	17.366	17.026
10/02/2017	1.032	7.597	6.402	14.348	15.478
11/02/2017	3.255	8.608	7.518	16.473	14.617
12/02/2017	0.000	7.310	7.893	14.946	14.943
13/02/2017	1.246	7.927	8.562	16.241	14.735
14/02/2017	0.000	7.515	8.438	15.571	14.142
15/02/2017	0.000	10.303	5.268	17.339	14.023
16/02/2017	0.000	9.009	6.527	16.295	14.023
17/02/2017	1.952	8.038	7.054	15.286	14.443
18/02/2017	0.000	9.253	6.071	16.304	21.808
19/02/2017	0.000	9.134	6.384	16.304	36.124
20/02/2017	21.982	8.268	7.438	15.812	41.329
21/02/2017	12.524	10.484	5.982	17.902	48.913
22/02/2017	36.913	6.566	7.304	13.393	62.946
23/02/2017	0.000	8.457	6.054	15.107	72.417
24/02/2017	5.906	7.362	6.339	13.786	64.329
25/02/2017	0.000	7.459	7.036	14.366	60.804
26/02/2017	13.683	5.192	7.616	11.795	53.061
27/02/2017	4.894	6.852	6.893	13.438	41.316
28/02/2017	0.000	7.122	7.929	14.500	35.689
01/03/2017	0.000	7.829	6.500	14.455	58.250
02/03/2017	0.391	7.803	7.375	15.018	49.818
03/03/2017	17.518	7.552	8.598	15.509	44.264
04/03/2017	0.000	8.042	6.455	14.679	41.528
05/03/2017	0.000	7.923	8.554	15.946	39.376
06/03/2017	0.469	6.976	9.277	15.250	48.234
07/03/2017	14.016	6.252	8.161	13.518	69.777
08/03/2017	29.851	5.163	8.304	12.259	80.267
09/03/2017	0.000	7.506	8.268	15.188	73.322
10/03/2017	7.221	6.612	8.750	14.366	72.161
11/03/2017	13.978	7.668	7.714	14.982	75.341
12/03/2017	19.077	4.624	7.848	11.214	61.276
13/03/2017	5.513	8.231	7.375	15.518	62.496
14/03/2017	21.602	9.000	6.911	16.232	63.495
15/03/2017	17.794	5.202	8.125	12.116	48.831
16/03/2017	0.000	8.699	8.384	16.795	52.626
17/03/2017	0.000	7.228	8.839	15.179	42.065
18/03/2017	1.154	9.409	6.071	16.205	38.551
19/03/2017	20.370	6.738	7.116	13.295	63.871
20/03/2017	11.711	6.133	9.143	14.062	63.906
21/03/2017	20.739	7.667	6.607	14.196	54.107
22/03/2017	0.000	6.625	8.973	14.527	50.875
23/03/2017	0.755	8.317	8.125	16.107	47.568
24/03/2017	34.845	5.194	8.366	12.295	70.658
25/03/2017	5.368	7.743	9.018	15.991	75.482
26/03/2017	23.542	5.237	8.857	12.741	63.266
27/03/2017	12.983	7.926	8.205	15.643	62.426
28/03/2017	27.951	7.961	8.375	15.795	59.182
29/03/2017	14.096	6.544	8.866	14.348	57.138
30/03/2017	15.899	6.464	8.268	13.830	51.663
31/03/2017	23.081	6.125	9.089	14.000	47.047
01/04/2017	7.008	6.912	8.929	14.875	60.064
02/04/2017	0.418	8.295	8.705	16.491	63.977
03/04/2017	0.000	7.687	8.688	15.696	60.169
04/04/2017	0.000	10.194	6.795	17.768	54.964
05/04/2017	0.000	10.093	5.821	17.045	45.555
06/04/2017	2.056	8.239	7.598	15.696	39.019
07/04/2017	0.000	8.727	8.089	16.688	42.475
08/04/2017	1.132	8.566	7.670	16.205	41.153
09/04/2017	30.850	7.414	6.179	13.679	55.587
10/04/2017	1.483	7.321	7.598	14.500	61.450
11/04/2017	3.991	5.932	9.045	13.795	73.241
12/04/2017	2.506	5.118	8.054	12.018	85.892
13/04/2017	1.042	7.684	8.688	15.777	77.524
14/04/2017	26.749	5.109	9.527	13.196	69.221
15/04/2017	9.220	7.221	8.009	14.723	68.484
16/04/2017	25.784	7.689	8.571	15.732	75.004
17/04/2017	0.000	6.562	9.062	14.652	66.385
18/04/2017	6.386	7.112	9.062	15.348	59.817
19/04/2017	21.736	7.071	8.670	15.036	63.728
20/04/2017	18.740	4.843	9.000	12.536	59.459
21/04/2017	38.303	7.319	8.125	15.027	56.569
22/04/2017	0.000	9.507	5.857	16.491	70.426
23/04/2017	0.000	9.903	8.518	18.723	64.074
24/04/2017	8.726	6.545	9.259	14.821	74.105
25/04/2017	5.316	7.222	8.759	15.375	62.966
26/04/2017	14.697	5.795	8.902	13.652	66.585
27/04/2017	0.000	8.854	7.143	16.491	67.149
28/04/2017	3.734	6.088	7.741	13.170	68.700
29/04/2017	0.000	5.706	9.321	13.920	59.676
30/04/2017	5.350	5.448	8.982	13.312	61.321
01/05/2017	0.000	7.765	7.893	15.571	44.969
02/05/2017	2.198	7.357	8.580	15.527	41.212
03/05/2017	0.000	6.776	9.071	15.143	43.325
04/05/2017	0.918	7.477	9.116	16.080	51.075
05/05/2017	2.774	7.569	8.375	15.705	64.400
06/05/2017	29.270	6.263	8.714	14.223	68.153
07/05/2017	8.872	6.346	9.214	14.705	67.263
08/05/2017	28.949	5.958	9.062	14.116	73.146
09/05/2017	3.690	7.609	8.839	16.188	85.359
10/05/2017	30.118	8.301	6.902	15.812	118.903
11/05/2017	17.454	6.752	9.152	15.268	163.263
12/05/2017	12.536	7.517	8.893	16.134	111.750
13/05/2017	38.786	6.895	8.348	14.884	130.167
15/05/2017	0.297	7.186	8.018	15.098	158.750
16/05/2017	21.174	7.526	8.357	15.804	119.257
17/05/2017	0.000	7.667	9.107	16.545	68.743
18/05/2017	0.950	8.590	9.482	18.054	52.956
19/05/2017	3.205	8.179	7.652	16.286	41.778
20/05/2017	0.892	6.967	9.161	15.652	35.259
21/05/2017	0.000	7.203	8.920	15.804	31.515
22/05/2017	43.484	3.618	9.518	11.777	27.307
23/05/2017	0.000	8.070	6.277	15.277	24.039
24/05/2017	0.000	7.601	7.661	15.545	19.940
25/05/2017	0.000	7.508	9.125	16.446	18.544
26/05/2017	0.000	8.256	7.295	16.259	25.184
27/05/2017	0.000	7.698	8.134	16.036	22.119
28/05/2017	0.000	7.228	8.741	15.812	21.308
29/05/2017	0.000	6.980	6.625	13.991	18.712
30/05/2017	0.000	7.580	7.723	15.634	18.404
31/05/2017	0.000	7.253	7.866	15.259	15.512
01/06/2017	0.000	6.544	8.955	15.071	14.112
02/06/2017	0.000	7.527	9.036	16.491	18.569
03/06/2017	0.000	7.269	8.312	15.634	67.675
04/06/2017	3.658	5.648	8.973	13.902	52.418
05/06/2017	0.585	7.502	9.652	16.911	35.484
06/06/2017	0.000	8.237	6.946	16.125	27.591
07/06/2017	0.000	5.958	8.062	13.652	34.463
08/06/2017	11.834	7.221	7.830	15.277	39.703
09/06/2017	15.376	7.718	8.562	16.500	35.147
10/06/2017	8.774	7.246	9.411	16.429	37.756
11/06/2017	3.348	5.763	9.312	14.330	37.141
12/06/2017	27.899	5.688	8.429	13.589	44.050
13/06/2017	22.094	4.464	8.750	12.223	83.278
14/06/2017	0.000	6.357	7.732	14.045	61.295
15/06/2017	0.000	6.232	7.143	13.455	42.945
16/06/2017	0.000	7.769	8.652	16.670	33.508
17/06/2017	18.873	7.279	6.027	14.205	39.293
18/06/2017	0.000	7.722	7.661	15.946	37.264
19/06/2017	12.699	7.654	7.839	15.991	39.474
20/06/2017	13.717	6.307	8.750	14.732	40.977
21/06/2017	7.765	5.913	7.411	13.170	97.631
22/06/2017	0.000	6.010	8.143	13.857	66.925
23/06/2017	0.000	8.071	7.348	16.250	46.260
24/06/2017	0.237	6.700	6.634	13.759	40.002
25/06/2017	0.000	5.755	9.429	14.464	35.403
26/06/2017	2.345	6.513	8.205	14.589	35.403
27/06/2017	0.000	7.122	7.277	14.821	37.044
28/06/2017	0.850	7.327	7.509	15.259	40.112
29/06/2017	0.000	6.756	7.696	14.562	37.169
30/06/2017	0.000	5.811	9.000	14.196	35.709
01/07/2017	2.294	7.018	7.768	15.009	37.861
02/07/2017	5.251	6.442	8.152	14.455	35.354
03/07/2017	0.000	6.115	8.732	14.402	42.467
04/07/2017	0.000	5.909	9.393	14.616	49.033
05/07/2017	0.000	7.925	5.938	15.054	47.601
06/07/2017	0.000	6.283	7.768	13.902	58.407
07/07/2017	0.000	6.323	8.402	14.429	62.214
08/07/2017	0.000	6.191	7.589	13.670	59.746
09/07/2017	0.000	5.852	8.562	13.902	61.297
10/07/2017	0.000	4.597	9.232	12.750	62.285
11/07/2017	0.000	4.803	8.009	12.045	60.663
12/07/2017	1.302	5.414	7.839	12.741	67.995
13/07/2017	0.000	7.626	5.795	14.455	61.260
14/07/2017	0.000	7.995	6.384	15.357	72.249
15/07/2017	0.000	8.307	6.268	15.732	45.625
16/07/2017	0.000	8.691	6.152	16.232	32.969
17/07/2017	10.991	7.594	8.321	16.054	41.581
18/07/2017	7.797	6.913	8.348	15.125	40.390
19/07/2017	0.000	5.970	8.857	14.223	42.797
20/07/2017	0.000	7.240	6.357	14.188	50.535
21/07/2017	0.000	8.736	4.509	15.196	45.872
22/07/2017	0.000	7.083	6.045	13.741	43.031
23/07/2017	0.000	8.736	5.580	15.821	39.979
24/07/2017	0.000	6.647	8.179	14.562	42.444
25/07/2017	6.456	5.945	8.804	14.080	40.226
26/07/2017	0.000	6.868	7.804	14.580	53.990
27/07/2017	0.000	6.005	7.893	13.446	43.536
28/07/2017	0.000	6.516	8.330	14.446	37.858
29/07/2017	0.000	5.846	7.250	12.741	53.272
30/07/2017	0.324	5.710	6.205	11.768	65.246
31/07/2017	0.000	7.402	6.205	14.161	60.522
01/08/2017	0.000	8.333	5.402	14.973	45.614
02/08/2017	0.000	9.078	5.652	16.196	38.711
03/08/2017	0.000	8.940	6.348	16.429	35.155
04/08/2017	1.473	4.998	8.500	12.491	34.279
07/08/2017	0.000	7.128	7.848	14.804	39.412
08/08/2017	0.000	8.215	7.393	15.982	39.548
09/08/2017	1.755	5.884	8.205	13.357	33.631
10/08/2017	0.000	8.157	7.268	15.786	37.501
11/08/2017	0.000	7.845	7.946	15.795	36.066
12/08/2017	21.061	7.545	6.661	14.491	28.328
13/08/2017	0.000	8.670	8.170	17.045	22.002
14/08/2017	0.000	10.161	6.223	17.839	20.577
15/08/2017	1.867	7.827	7.080	15.116	19.590
16/08/2017	0.000	7.669	8.089	15.580	19.443
17/08/2017	0.000	7.572	8.688	15.893	22.967
18/08/2017	6.024	8.846	7.634	16.821	21.973
19/08/2017	22.783	6.270	7.670	13.366	24.718
20/08/2017	13.711	8.254	7.446	15.902	24.127
21/08/2017	0.800	7.187	8.634	15.277	25.090
22/08/2017	4.657	6.802	7.482	13.920	26.840
23/08/2017	0.000	8.672	5.473	15.134	25.221
24/08/2017	0.000	8.333	5.527	14.705	27.102
25/08/2017	0.000	6.297	8.625	14.045	28.852
26/08/2017	0.000	8.114	7.598	15.723	28.459
27/08/2017	0.000	8.238	8.705	16.634	25.877
28/08/2017	0.000	9.070	7.821	17.152	29.721
29/08/2017	0.000	6.826	7.259	13.723	32.773
30/08/2017	0.000	7.504	7.812	15.000	57.449
31/08/2017	0.000	6.739	7.705	13.902	41.874
01/09/2017	0.000	9.711	5.670	16.607	29.669
02/09/2017	0.000	7.317	6.393	13.759	24.959
03/09/2017	2.227	8.705	6.920	15.991	24.521
04/09/2017	0.000	9.311	6.938	16.804	22.573
05/09/2017	0.000	9.065	6.402	16.134	21.710
06/09/2017	0.000	8.596	7.107	15.955	19.078
07/09/2017	0.000	8.420	6.750	15.455	18.953
08/09/2017	0.000	7.399	7.045	14.250	24.528
09/09/2017	43.061	6.757	8.643	14.545	34.033
10/09/2017	4.403	8.346	8.473	16.491	41.745
11/09/2017	8.832	8.754	8.223	16.875	26.659
12/09/2017	0.000	8.825	6.741	15.964	18.778
13/09/2017	2.981	8.167	8.500	16.277	18.018
14/09/2017	0.000	8.057	8.518	16.125	17.798
15/09/2017	0.000	6.427	9.420	14.696	22.112
16/09/2017	0.000	7.369	8.804	15.429	22.880
17/09/2017	0.500	6.635	8.973	14.625	27.052
18/09/2017	1.864	7.312	7.446	14.393	31.427
19/09/2017	0.000	8.930	8.232	17.071	25.046
20/09/2017	0.000	8.258	8.366	16.259	19.297
21/09/2017	0.000	9.989	7.580	18.045	18.273
22/09/2017	0.000	8.836	8.286	16.973	22.198
23/09/2017	15.225	8.335	9.045	16.848	34.871
24/09/2017	10.087	8.616	7.866	16.429	40.061
25/09/2017	0.000	7.472	8.205	15.134	39.392
26/09/2017	0.000	8.680	6.580	15.661	43.978
27/09/2017	0.000	9.875	6.438	17.205	38.139
28/09/2017	1.089	6.304	9.259	14.429	50.264
29/09/2017	0.000	8.112	8.670	16.312	50.041
30/09/2017	0.000	4.894	9.018	12.545	44.851
01/10/2017	0.000	7.858	8.384	15.795	41.681
02/10/2017	5.903	8.124	7.000	15.205	41.975
03/10/2017	39.277	8.130	6.312	14.777	39.056
04/10/2017	19.603	5.473	8.393	12.795	36.169
05/10/2017	0.000	5.540	8.348	12.821	34.075
06/10/2017	0.000	6.933	8.116	14.429	31.223
07/10/2017	10.158	7.103	7.214	14.027	28.809
08/10/2017	0.000	10.675	5.295	17.723	26.096
09/10/2017	1.043	7.952	6.554	14.741	23.478
10/10/2017	10.532	8.181	7.080	15.429	22.120
11/10/2017	2.193	5.976	8.616	13.607	20.467
12/10/2017	0.000	9.450	6.312	16.670	19.736
13/10/2017	0.000	6.725	7.500	13.759	22.967
14/10/2017	0.000	8.021	7.277	15.366	22.266
15/10/2017	11.289	6.668	8.518	14.455	23.187
16/10/2017	0.000	7.904	8.214	15.875	21.498
17/10/2017	0.000	8.397	7.286	15.946	23.201
18/10/2017	5.227	7.861	7.321	15.259	23.690
19/10/2017	0.195	7.739	7.804	15.411	23.113
20/10/2017	0.000	7.667	7.946	15.429	19.882
21/10/2017	0.000	7.574	9.545	16.446	18.054
22/10/2017	11.340	5.206	9.714	13.607	17.506
23/10/2017	0.434	7.095	8.250	14.929	18.602
24/10/2017	18.384	4.933	8.179	12.045	19.041
25/10/2017	0.000	7.295	8.696	15.536	18.566
26/10/2017	4.849	6.346	7.321	13.277	24.228
27/10/2017	0.000	10.686	7.366	19.295	35.061
28/10/2017	52.499	5.691	7.321	12.402	38.466
29/10/2017	13.164	4.422	8.429	11.688	27.796
30/10/2017	13.099	8.350	6.741	15.759	34.610
31/10/2017	0.315	8.345	7.625	16.321	45.260
01/11/2017	0.000	8.537	5.295	15.107	38.362
02/11/2017	16.471	9.081	5.723	16.170	28.737
03/11/2017	12.450	7.816	7.000	15.223	33.280
04/11/2017	30.040	6.438	8.045	14.054	33.791
05/11/2017	0.000	8.009	6.250	15.027	40.576
06/11/2017	0.000	8.518	6.214	15.768	34.667
07/11/2017	2.993	6.694	8.312	14.616	29.407
08/11/2017	25.063	7.228	7.884	15.045	27.015
09/11/2017	5.705	6.780	8.321	14.768	27.803
10/11/2017	0.000	6.813	8.866	15.223	23.011
11/11/2017	17.291	6.855	8.598	15.089	24.461
12/11/2017	0.000	6.777	7.839	14.455	35.776
13/11/2017	0.000	7.329	8.098	15.420	46.770
14/11/2017	12.102	6.560	7.991	14.295	43.219
15/11/2017	39.701	6.406	7.777	13.964	40.538
16/11/2017	0.000	6.912	8.116	14.920	34.938
17/11/2017	0.000	7.545	8.455	16.062	42.020
18/11/2017	19.250	7.922	7.759	16.152	38.652
19/11/2017	0.740	6.087	8.375	13.982	34.432
20/11/2017	9.002	6.771	8.509	15.062	31.223
21/11/2017	32.527	8.090	7.571	16.277	28.481
22/11/2017	0.000	8.189	6.786	15.920	28.692
23/11/2017	0.000	7.337	7.062	14.875	29.947
24/11/2017	0.683	7.273	6.259	14.259	31.872
25/11/2017	6.734	6.808	7.080	14.134	31.522
26/11/2017	0.000	7.513	8.670	16.259	34.974
27/11/2017	0.000	7.488	7.723	15.598	39.497
28/11/2017	7.682	7.474	8.375	16.009	34.994
29/11/2017	0.000	7.273	7.571	15.196	30.363
30/11/2017	0.000	8.498	7.125	16.670	28.723
01/12/2017	16.220	6.234	9.902	15.429	40.146
02/12/2017	4.092	6.655	9.000	15.348	34.608
03/12/2017	0.836	8.720	6.464	16.625	35.607
04/12/2017	0.000	6.199	8.652	14.473	37.037
05/12/2017	0.000	8.254	7.205	16.429	34.637
06/12/2017	0.000	8.008	6.598	15.670	32.441
07/12/2017	0.000	8.589	6.411	16.411	28.736
08/12/2017	0.000	7.619	6.741	15.196	27.715
09/12/2017	0.000	8.481	5.000	15.402	27.146
10/12/2017	0.000	7.258	6.196	14.348	26.621
11/12/2017	1.966	5.704	8.830	13.982	27.015
12/12/2017	1.610	5.618	8.598	13.714	23.872
13/12/2017	0.000	8.995	4.554	15.973	22.039
14/12/2017	0.000	8.214	6.357	15.893	20.277
15/12/2017	0.000	8.113	6.741	15.973	29.640
16/12/2017	0.000	7.823	6.464	15.393	35.849
17/12/2017	0.000	9.202	7.089	17.821	41.553
18/12/2017	0.000	8.782	6.098	16.580	68.093
19/12/2017	0.000	8.786	6.214	16.652	57.659
20/12/2017	0.000	8.147	7.098	16.268	52.979
21/12/2017	0.000	7.327	7.205	15.125	42.620
22/12/2017	0.000	6.456	8.982	15.125	41.740
23/12/2017	0.000	7.027	7.696	15.027	43.090
24/12/2017	0.000	6.405	7.634	14.071	41.270
25/12/2017	0.000	8.267	7.241	16.518	35.382
26/12/2017	0.000	5.756	7.875	13.339	30.771
27/12/2017	0.000	6.859	7.545	14.661	28.167
28/12/2017	0.000	6.836	7.179	14.348	27.715
29/12/2017	74.326	5.944	7.616	13.366	25.571
30/12/2017	77.955	6.335	7.545	13.884	24.959
31/12/2017	4.497	5.869	7.723	13.348	23.865
01/01/2018	21.507	4.475	7.812	11.500	24.229
02/01/2018	0.000	7.133	7.804	15.223	20.577
03/01/2018	0.000	8.066	7.625	16.438	20.065
04/01/2018	0.593	7.714	7.589	15.902	18.091
05/01/2018	11.448	7.462	7.607	15.500	18.127
06/01/2018	26.748	6.532	6.080	13.107	19.699
07/01/2018	0.000	7.380	6.616	14.688	20.065
08/01/2018	19.873	7.937	5.643	14.893	19.992
09/01/2018	0.000	6.043	6.938	12.964	20.248
10/01/2018	33.604	7.384	7.589	15.366	23.412
11/01/2018	0.000	7.437	7.179	15.134	27.146
12/01/2018	0.000	6.585	7.241	13.938	30.975
13/01/2018	0.000	7.094	7.125	14.589	34.389
14/01/2018	0.000	6.244	7.759	13.786	26.840
15/01/2018	4.836	7.083	6.071	13.795	29.881
16/01/2018	6.929	7.123	7.268	14.679	27.737
17/01/2018	0.000	6.442	7.839	14.098	27.263
18/01/2018	0.000	5.528	7.438	12.500	35.220
19/01/2018	0.000	6.671	7.589	14.196	33.638
20/01/2018	0.000	6.717	7.804	14.402	24.018
21/01/2018	0.000	6.313	7.741	13.777	24.259
22/01/2018	0.000	6.353	7.661	13.777	24.696
23/01/2018	14.170	7.837	6.652	15.161	25.353
24/01/2018	0.000	8.057	4.625	14.170	23.259
25/01/2018	0.078	7.304	5.830	13.812	27.460
26/01/2018	16.402	7.252	6.089	13.893	26.796
27/01/2018	0.000	6.836	6.696	13.688	25.134
28/01/2018	3.517	7.076	8.375	15.196	23.274
29/01/2018	0.000	7.388	9.161	16.143	21.016
30/01/2018	0.629	6.064	8.911	14.179	19.407
31/01/2018	0.000	8.391	7.768	16.545	16.537
01/02/2018	0.000	7.820	7.759	15.714	15.893
02/02/2018	21.817	9.333	8.161	18.054	16.078
03/02/2018	9.921	5.487	8.688	13.241	18.280
04/02/2018	1.727	7.425	8.277	15.509	19.297
05/02/2018	7.890	8.155	9.179	17.080	21.272
06/02/2018	10.716	6.995	8.938	15.348	20.869
07/02/2018	2.611	7.875	7.750	15.679	23.318
08/02/2018	0.000	8.330	8.491	16.786	24.222
09/02/2018	0.232	7.977	6.973	15.259	22.083
10/02/2018	0.000	6.752	8.384	14.545	20.833
11/02/2018	0.000	7.852	7.018	15.080	23.237
12/02/2018	0.000	7.511	7.411	14.875	24.193
13/02/2018	0.000	8.402	6.652	15.562	22.141
14/02/2018	0.685	6.961	7.982	14.491	22.039
15/02/2018	2.912	6.677	8.402	14.411	20.358
16/02/2018	2.131	8.148	9.062	16.821	19.882
17/02/2018	0.000	6.601	9.295	14.938	21.564
18/02/2018	32.459	6.639	8.598	14.482	19.443
19/02/2018	6.523	7.302	7.607	14.634	19.736
20/02/2018	13.616	7.028	7.634	14.277	20.650
21/02/2018	0.000	6.792	7.580	13.884	21.418
22/02/2018	1.884	5.066	7.804	11.821	19.882
23/02/2018	0.474	6.358	7.670	13.366	20.504
24/02/2018	0.000	7.034	6.768	13.625	19.955
25/02/2018	0.000	7.392	6.652	14.027	20.679
26/02/2018	0.000	7.957	6.589	14.732	25.921
27/02/2018	0.000	10.064	5.223	16.750	27.693
28/02/2018	0.000	9.332	5.277	15.768	21.242
01/03/2018	0.000	9.278	4.866	15.411	19.224
02/03/2018	0.000	4.436	8.446	11.527	18.200
03/03/2018	26.485	6.623	8.652	14.393	19.261
04/03/2018	0.000	5.904	9.286	13.946	19.157
05/03/2018	3.280	7.684	6.339	14.125	26.402
06/03/2018	0.000	8.067	7.491	15.402	26.578
07/03/2018	0.000	6.752	7.857	13.902	22.587
08/03/2018	0.000	7.443	6.929	14.161	20.760
09/03/2018	0.413	7.672	7.830	15.089	20.833
10/03/2018	0.000	9.061	5.312	15.304	20.650
11/03/2018	0.000	9.979	5.982	16.964	20.102
12/03/2018	0.000	9.531	6.188	16.455	19.114
13/03/2018	0.000	7.999	7.304	15.116	18.785
14/03/2018	0.000	9.655	6.107	16.571	21.535
15/03/2018	0.000	7.706	6.991	14.527	24.667
16/03/2018	14.703	7.738	6.527	14.223	26.424
17/03/2018	0.000	8.131	6.795	14.938	21.827
18/03/2018	0.000	9.871	6.920	17.375	20.906
19/03/2018	7.025	8.342	6.241	14.866	19.626
20/03/2018	0.181	8.593	8.009	16.393	20.767
21/03/2018	0.000	7.864	8.125	15.500	23.004
22/03/2018	3.226	7.958	8.214	15.661	20.723
23/03/2018	12.995	7.859	7.429	15.009	20.358
24/03/2018	21.202	6.800	6.241	12.768	20.621
25/03/2018	0.000	9.001	7.018	16.268	23.077
26/03/2018	0.000	7.469	9.277	15.821	21.381
27/03/2018	0.679	7.989	8.955	16.268	19.464
28/03/2018	14.912	6.626	8.688	14.348	33.433
29/03/2018	17.562	5.150	8.938	12.714	32.373
01/06/2018	45.822	4.628	9.125	12.688	56.010
02/06/2018	0.000	6.855	7.768	14.661	54.812
03/06/2018	0.997	7.639	7.580	15.661	57.984
04/06/2018	0.000	5.547	9.179	13.946	69.976
05/06/2018	0.000	6.797	7.973	14.759	59.828
06/06/2018	5.621	6.255	8.616	14.464	58.971
07/06/2018	0.000	7.135	7.455	14.902	62.518
08/06/2018	0.000	6.769	8.000	14.768	77.707
09/06/2018	0.000	6.520	9.098	15.214	79.703
10/06/2018	0.716	7.323	9.527	16.643	72.541
11/06/2018	5.658	7.031	8.455	15.473	70.279
12/06/2018	13.152	7.099	8.312	15.473	89.691
13/06/2018	1.014	7.944	7.062	15.839	82.941
14/06/2018	0.884	6.219	8.357	14.286	91.795
15/06/2018	0.000	6.312	7.759	13.991	82.500
16/06/2018	0.000	6.795	7.973	14.821	70.117
17/06/2018	0.000	6.081	7.991	13.848	56.997
18/06/2018	0.000	6.296	7.839	14.018	45.731
19/06/2018	0.000	5.837	7.518	13.143	43.735
20/06/2018	0.000	7.227	6.571	14.500	40.374
21/06/2018	0.000	6.241	6.696	13.134	48.149
22/06/2018	0.000	6.947	6.420	13.964	62.214
23/06/2018	0.000	6.664	8.723	15.188	51.992
24/06/2018	0.000	6.990	7.786	14.982	51.850
25/06/2018	0.000	6.480	7.741	14.214	61.157
26/06/2018	0.000	6.827	6.839	14.089	55.446
27/06/2018	0.000	7.428	7.411	15.330	55.323
28/06/2018	11.264	7.063	6.955	14.500	111.749
29/06/2018	0.000	6.633	7.973	14.589	65.518
30/06/2018	5.606	6.576	6.857	13.723	67.307
01/07/2018	0.821	7.823	6.455	15.277	57.914
02/07/2018	0.000	6.708	8.036	14.723	50.840
03/07/2018	7.405	6.208	7.250	13.455	49.638
04/07/2018	2.260	7.126	7.536	14.991	66.196
05/07/2018	4.649	6.775	8.500	15.143	46.507
06/07/2018	0.000	6.647	6.911	13.830	39.270
07/07/2018	0.000	6.170	8.679	14.438	34.820
08/07/2018	0.000	7.183	8.482	15.679	44.170
09/07/2018	8.345	5.097	8.589	12.911	65.422
10/07/2018	6.272	6.640	7.946	14.545	59.676
11/07/2018	0.170	7.320	7.027	14.866	51.992
12/07/2018	0.000	7.661	7.482	15.652	49.150
13/07/2018	0.889	6.379	7.955	14.152	61.133
14/07/2018	0.000	8.034	8.161	16.607	60.403
15/07/2018	0.000	5.693	8.018	13.205	84.905
16/07/2018	0.000	7.030	6.536	14.036	73.737
17/07/2018	0.000	6.992	8.777	15.545	64.535
18/07/2018	1.668	7.324	8.036	15.464	68.804
19/07/2018	0.000	6.977	8.598	15.375	54.412
20/07/2018	0.000	7.277	8.554	15.732	42.444
21/07/2018	0.000	7.284	8.795	15.911	45.262
22/07/2018	2.474	6.094	9.384	14.732	52.861
23/07/2018	0.000	8.301	7.580	16.482	46.975
24/07/2018	0.000	5.051	8.250	12.473	46.917
25/07/2018	0.000	6.638	8.152	14.518	64.482
26/07/2018	5.517	5.992	8.830	14.125	61.015
27/07/2018	6.530	5.730	8.125	13.241	71.977
28/07/2018	0.000	7.263	7.527	14.920	68.413
29/07/2018	0.000	7.436	7.857	15.366	71.680
30/07/2018	4.391	6.734	7.241	13.946	78.124
31/07/2018	13.686	7.057	7.232	14.393	81.677
01/08/2018	0.451	7.218	7.179	14.562	81.580
02/08/2018	1.626	6.721	7.875	14.330	73.395
03/08/2018	0.000	8.324	6.491	15.616	44.242
04/08/2018	0.843	7.881	7.170	15.438	50.605
05/08/2018	0.000	6.330	7.982	13.857	68.495
06/08/2018	0.000	7.140	7.277	14.438	57.854
07/08/2018	7.096	7.922	5.634	14.446	53.379
08/08/2018	0.129	7.602	7.268	15.045	39.340
09/08/2018	1.363	5.183	8.589	12.750	29.087
10/08/2018	0.000	7.789	7.286	15.304	28.940
11/08/2018	0.000	9.422	4.071	15.580	26.052
12/08/2018	0.000	6.526	6.321	12.839	26.490
13/08/2018	0.000	7.707	7.214	15.080	23.442
14/08/2018	4.261	6.306	7.536	13.375	21.973
15/08/2018	0.165	6.493	7.455	13.562	25.899
16/08/2018	0.014	9.238	5.473	16.071	26.271
17/08/2018	11.849	7.778	6.045	14.348	23.515
18/08/2018	3.203	7.066	6.795	13.830	23.223
19/08/2018	0.366	7.026	6.884	13.830	21.601
20/08/2018	1.292	8.031	7.143	15.393	21.900
21/08/2018	0.000	7.534	7.312	14.812	23.872
22/08/2018	0.000	7.556	7.455	14.920	23.311
23/08/2018	0.000	9.002	7.232	16.732	22.156
24/08/2018	0.000	7.564	8.366	15.545	21.089
25/08/2018	0.000	7.812	6.277	14.446	21.652
26/08/2018	0.000	7.375	8.000	15.009	23.164
27/08/2018	0.143	5.811	7.848	12.839	24.410
28/08/2018	0.000	7.974	6.973	15.098	40.491
29/08/2018	0.000	6.974	7.554	14.134	37.315
30/08/2018	0.000	7.920	6.438	14.643	34.637
31/08/2018	0.000	8.245	7.054	15.482	32.849
01/09/2018	0.000	7.899	8.330	15.866	34.279
02/09/2018	0.091	8.533	7.482	16.152	33.411
03/09/2018	2.315	7.968	7.589	15.438	34.177
04/09/2018	0.000	6.396	8.920	14.330	34.323
05/09/2018	0.000	6.462	8.223	13.902	20.443
06/09/2018	0.000	7.578	6.446	14.107	20.357
07/09/2018	0.095	8.463	6.330	15.250	20.723
08/09/2018	0.000	6.743	7.875	13.982	18.237
09/09/2018	0.000	8.158	6.304	14.795	19.626
10/09/2018	0.000	8.463	7.321	15.875	17.835
11/09/2018	0.000	7.241	8.045	14.741	17.213
12/09/2018	0.000	9.718	6.929	17.295	18.529
13/09/2018	3.759	8.305	7.214	15.545	23.663
14/09/2018	40.686	7.121	7.821	14.438	74.019
15/09/2018	23.656	6.368	7.054	12.884	71.549
16/09/2018	10.537	5.881	7.911	12.902	79.052
17/09/2018	0.000	10.022	5.357	16.750	66.086
18/09/2018	3.356	7.651	7.616	14.973	47.422
19/09/2018	0.000	7.338	7.071	14.170	40.584
20/09/2018	0.000	9.314	6.143	16.250	29.859
21/09/2018	0.643	8.444	6.205	15.107	26.709
22/09/2018	0.000	8.334	6.929	15.429	22.573
23/09/2018	0.000	7.789	6.866	14.634	21.820
24/09/2018	0.000	8.416	7.384	15.848	23.781
25/09/2018	0.000	6.625	6.777	13.009	17.462
26/09/2018	0.000	8.338	7.214	15.625	18.242
27/09/2018	6.008	7.714	8.054	15.357	15.283
28/09/2018	4.437	8.940	7.027	16.312	16.464
29/09/2018	0.000	9.003	8.955	17.679	18.573
30/09/2018	0.000	8.059	8.848	16.366	19.443
01/10/2018	10.260	7.414	8.071	14.982	19.261
02/10/2018	20.118	10.282	8.527	19.125	20.467
03/10/2018	1.521	8.244	8.179	16.205	23.507
04/10/2018	7.076	6.332	8.036	13.580	21.715
05/10/2018	8.530	5.940	8.009	13.080	35.702
06/10/2018	12.959	6.192	8.420	13.741	27.894
07/10/2018	0.000	8.476	7.045	15.821	50.457
08/10/2018	5.527	6.646	7.161	13.384	42.344
09/10/2018	19.954	8.608	7.732	16.464	36.325
10/10/2018	8.450	6.770	9.000	14.929	53.966
11/10/2018	61.487	5.541	7.777	12.464	37.446
12/10/2018	0.000	7.387	7.589	14.741	34.688
13/10/2018	20.971	8.579	6.134	15.420	35.826
14/10/2018	0.701	9.023	5.982	15.938	38.726
15/10/2018	14.324	6.797	7.812	14.116	40.390
16/10/2018	6.763	8.708	9.348	17.750	45.837
17/10/2018	1.504	7.480	8.027	15.205	53.237
18/10/2018	1.241	7.855	6.741	14.857	44.114
19/10/2018	14.885	8.331	8.000	16.366	24.712
20/10/2018	18.619	7.540	7.973	15.304	21.871
21/10/2018	7.566	7.515	7.223	14.759	20.358
22/10/2018	0.000	8.628	7.205	16.304	18.529
23/10/2018	0.436	8.416	7.000	15.884	19.553
24/10/2018	0.000	8.255	7.670	16.116	19.297
25/10/2018	3.523	6.673	8.295	14.429	21.233
26/10/2018	0.000	7.737	8.929	16.304	36.596
27/10/2018	39.047	6.214	8.589	14.036	33.084
28/10/2018	6.335	8.554	6.804	16.009	40.219
29/10/2018	0.000	6.847	8.286	14.688	29.817
30/10/2018	0.000	6.960	7.286	14.152	23.097
31/10/2018	0.000	7.851	7.741	15.705	19.626
01/11/2018	0.392	6.715	9.688	15.571	19.992
02/11/2018	0.778	8.171	6.884	15.616	18.895
03/11/2018	4.211	8.569	7.598	16.661	21.593
04/11/2018	8.730	6.437	7.000	13.286	29.272
05/11/2018	38.122	5.690	8.696	13.562	63.161
06/11/2018	0.000	6.899	7.795	14.527	44.382
07/11/2018	2.218	7.833	8.384	16.259	39.298
08/11/2018	0.000	7.418	8.795	15.973	34.550
09/11/2018	35.619	6.098	8.625	14.089	30.508
10/11/2018	0.000	7.538	8.455	15.973	28.291
11/11/2018	0.827	6.648	8.384	14.661	26.053
12/11/2018	1.489	5.805	9.643	14.491	25.309
13/11/2018	0.000	7.243	8.098	15.295	23.828
14/11/2018	0.000	8.756	6.295	16.277	24.222
15/11/2018	8.315	9.448	6.429	17.375	26.869
16/11/2018	3.962	7.448	7.339	15.107	33.959
17/11/2018	0.566	8.384	9.098	17.670	39.806
18/11/2018	1.179	8.835	8.652	18.000	34.135
19/11/2018	54.438	8.013	8.170	16.536	28.226
20/11/2018	2.817	7.838	8.045	16.205	25.490
21/11/2018	11.195	5.372	7.946	12.705	26.103
22/11/2018	1.266	7.819	7.839	16.098	26.104
23/11/2018	0.000	7.524	8.446	16.080	30.939
24/11/2018	0.234	7.944	6.670	15.518	48.104
25/11/2018	14.535	7.120	8.348	15.455	41.829
26/11/2018	10.112	5.053	9.786	13.768	34.243
27/11/2018	20.561	6.011	8.509	14.098	31.828
28/11/2018	21.599	6.020	9.116	14.545	31.887
29/11/2018	0.000	7.879	8.089	16.420	28.160
30/11/2018	19.610	7.188	7.321	14.920	25.221
01/12/2018	42.611	7.614	7.223	15.473	32.471
02/12/2018	8.461	8.382	7.616	16.875	38.473
03/12/2018	0.000	8.765	7.893	17.589	34.345
04/12/2018	0.000	8.131	6.125	15.536	29.268
05/12/2018	1.076	5.721	8.759	13.920	24.609
06/12/2018	1.176	6.529	7.312	14.000	23.493
07/12/2018	0.000	6.907	8.250	15.214	21.249
08/12/2018	0.000	5.701	8.768	13.893	22.588
09/12/2018	0.000	6.896	8.107	15.098	24.302
10/12/2018	0.000	6.908	7.491	14.688	22.388
11/12/2018	0.000	6.240	7.295	13.589	22.221
12/12/2018	0.000	5.940	9.000	14.420	31.150
13/12/2018	1.098	6.166	8.045	14.036	33.922
14/12/2018	0.880	5.525	7.875	13.018	30.822
15/12/2018	0.000	8.555	5.759	16.018	21.161
16/12/2018	0.000	8.244	5.643	15.482	19.699
17/12/2018	0.235	7.827	6.205	15.205	18.383
18/12/2018	1.874	7.666	6.911	15.420	21.710
19/12/2018	0.000	6.529	7.955	14.491	20.504
20/12/2018	0.000	7.636	7.089	15.491	21.140
21/12/2018	13.132	7.781	6.179	15.134	24.681
22/12/2018	0.000	7.290	6.580	14.661	21.264
23/12/2018	0.000	7.215	4.411	13.116	15.868
24/12/2018	2.887	7.468	8.446	16.179	13.192
25/12/2018	0.033	7.551	7.089	15.366	13.815
26/12/2018	0.000	8.315	5.464	15.446	20.631
27/12/2018	2.477	7.072	6.893	14.518	29.297
28/12/2018	0.000	7.750	6.902	15.518	26.672
29/12/2018	0.000	8.283	5.268	15.268	25.542
30/12/2018	0.769	7.696	6.116	14.902	21.710
31/12/2018	0.000	7.948	5.866	15.116	18.712
01/01/2019	0.000	7.916	5.848	15.054	18.111
02/01/2019	0.000	8.342	5.152	15.250	15.617
03/01/2019	0.000	8.418	5.241	15.411	14.112
04/01/2019	0.000	8.298	7.062	16.375	17.268
05/01/2019	0.000	9.379	6.732	17.732	18.712
06/01/2019	5.651	8.276	7.455	16.580	20.357
07/01/2019	13.340	7.475	7.107	15.170	22.821
08/01/2019	24.677	8.032	7.705	16.366	23.777
09/01/2019	0.000	6.838	7.196	14.312	23.740
10/01/2019	0.000	7.130	7.268	14.750	19.919
11/01/2019	0.000	7.830	7.482	15.929	19.443
12/01/2019	0.000	7.362	6.652	14.679	16.332
13/01/2019	0.000	5.713	8.241	13.429	15.863
14/01/2019	3.597	5.001	8.634	12.759	17.490
15/01/2019	0.000	6.976	8.491	15.348	20.175
16/01/2019	2.053	5.419	9.527	13.991	23.077
17/01/2019	0.435	6.449	7.188	13.634	22.243
18/01/2019	0.000	6.222	7.688	13.661	31.230
19/01/2019	0.000	7.098	8.098	15.170	29.101
20/01/2019	0.000	6.587	8.080	14.438	26.322
21/01/2019	0.000	5.954	9.107	14.304	22.105
22/01/2019	0.000	7.073	7.643	14.777	17.766
23/01/2019	0.000	6.896	7.330	14.286	13.518
24/01/2019	0.000	8.394	6.607	15.920	12.576
25/01/2019	0.000	7.274	8.125	15.321	12.890
26/01/2019	0.000	8.570	7.554	16.759	13.717
27/01/2019	0.000	8.167	8.089	16.500	18.753
28/01/2019	25.007	5.630	9.473	14.098	19.955
29/01/2019	28.320	6.368	7.964	13.929	22.259
30/01/2019	0.000	7.457	8.821	16.009	19.439
31/01/2019	0.000	7.717	7.866	15.661	13.875
01/02/2019	10.709	5.119	9.670	13.589	21.107
02/02/2019	0.000	7.939	8.848	16.643	24.353
03/02/2019	0.000	6.160	9.232	14.509	30.917
04/02/2019	0.264	7.513	7.848	15.312	33.178
05/02/2019	0.860	6.744	10.036	15.866	24.178
06/02/2019	43.005	6.962	9.339	15.625	20.737
07/02/2019	0.956	6.276	8.946	14.384	22.405
08/02/2019	1.372	6.700	8.509	14.634	19.750
09/02/2019	0.000	7.548	8.482	15.741	18.461
10/02/2019	0.000	6.990	7.911	14.536	13.537
11/02/2019	0.000	9.168	9.232	18.384	15.210
12/02/2019	0.000	6.858	9.080	15.179	15.082
13/02/2019	0.000	8.632	7.330	16.330	17.789
14/02/2019	0.489	7.052	8.321	14.848	17.474
15/02/2019	0.000	8.500	6.848	15.804	14.749
16/02/2019	2.117	8.535	7.536	16.295	14.082
17/02/2019	19.503	6.353	9.643	14.875	14.082
18/02/2019	0.173	6.592	8.696	14.491	14.527
19/02/2019	23.013	6.616	9.821	15.357	14.468
20/02/2019	0.240	8.541	9.009	17.250	14.082
21/02/2019	5.748	7.862	9.911	16.973	14.557
22/02/2019	0.000	7.879	8.902	16.241	15.359
23/02/2019	0.661	6.383	9.768	14.946	15.681
24/02/2019	0.262	6.353	8.018	13.589	20.920
25/02/2019	0.000	8.632	8.759	17.107	17.641
26/02/2019	0.095	6.082	8.277	13.438	22.110
27/02/2019	0.309	6.641	8.652	14.411	21.052
28/02/2019	0.000	7.146	9.188	15.446	20.833
01/03/2019	0.000	7.715	8.714	15.830	21.198
02/03/2019	2.034	7.305	6.527	13.777	22.617
03/03/2019	0.000	6.410	7.286	13.116	25.804
04/03/2019	15.653	8.720	7.366	16.205	28.678
05/03/2019	7.696	6.914	8.830	14.839	19.762
06/03/2019	7.247	8.073	8.946	16.411	16.784
07/03/2019	5.106	6.483	8.795	14.241	15.448
08/03/2019	3.913	5.868	9.509	14.036	16.167
09/03/2019	0.000	7.146	9.527	15.643	18.733
10/03/2019	0.114	6.647	9.080	14.679	20.978
11/03/2019	0.149	6.727	9.464	15.071	28.152
12/03/2019	14.652	6.539	8.768	14.268	21.555
13/03/2019	0.000	9.655	8.438	18.080	20.036
14/03/2019	10.734	6.644	7.991	13.830	24.302
15/03/2019	18.756	6.841	8.589	14.554	22.470
16/03/2019	0.000	7.057	8.554	14.759	20.796
17/03/2019	1.023	5.803	9.545	13.946	22.156
18/03/2019	0.000	7.569	9.009	15.732	24.660
19/03/2019	2.901	4.903	9.393	12.777	25.921
20/03/2019	12.023	5.112	8.607	12.393	24.521
21/03/2019	0.000	7.041	8.625	14.812	27.329
22/03/2019	31.686	6.614	8.955	14.536	31.340
23/03/2019	14.437	7.316	8.411	15.018	23.010
24/03/2019	0.433	5.873	9.071	13.670	20.906
25/03/2019	5.243	10.332	6.554	17.741	20.028
26/03/2019	2.448	8.048	8.768	16.196	24.207
27/03/2019	0.000	9.818	8.938	18.607	26.359
28/03/2019	16.135	7.996	9.821	16.857	30.690
29/03/2019	12.463	5.290	8.938	12.884	33.623
30/03/2019	28.490	7.424	9.402	15.875	28.503
31/03/2019	0.000	6.266	10.598	15.330	25.630
01/04/2019	1.362	6.526	9.652	14.929	30.559
02/04/2019	38.312	6.504	8.384	13.964	32.492
03/04/2019	0.000	7.107	7.402	14.009	31.529
04/04/2019	2.350	6.866	8.812	14.750	32.063
05/04/2019	21.746	6.307	9.705	14.732	43.959
06/04/2019	24.942	7.239	8.911	15.304	59.559
07/04/2019	0.000	7.197	8.259	14.786	41.752
08/04/2019	0.000	7.606	7.312	14.688	46.614
09/04/2019	0.000	7.935	7.473	15.205	40.625
10/04/2019	5.969	9.404	8.116	17.643	44.733
11/04/2019	3.503	7.585	8.938	15.821	40.978
12/04/2019	7.498	7.122	8.821	15.134	61.698
13/04/2019	4.755	6.552	9.179	14.661	50.735
14/04/2019	9.638	7.486	7.938	14.982	42.503
15/04/2019	24.387	5.472	8.759	13.045	49.677
16/04/2019	1.720	7.024	8.589	14.893	51.487
17/04/2019	6.937	6.989	9.304	15.348	41.036
18/04/2019	5.056	7.718	8.768	15.955	40.625
19/04/2019	5.314	6.074	8.857	13.884	38.492
20/04/2019	0.000	7.829	8.723	16.098	56.629
21/04/2019	6.530	7.050	8.634	15.018	54.177
22/04/2019	8.888	6.173	8.759	13.982	52.485
23/04/2019	6.260	7.281	8.402	15.161	42.374
24/04/2019	16.450	6.034	8.232	13.446	44.087
25/04/2019	8.061	7.295	8.616	15.357	38.002
26/04/2019	0.456	7.052	9.732	15.866	35.607
27/04/2019	7.350	6.091	9.875	14.768	39.188
28/04/2019	0.505	7.468	9.339	16.152	39.364
29/04/2019	13.577	6.644	9.339	15.098	32.821
30/04/2019	0.703	7.779	8.393	15.911	30.654
01/05/2019	0.329	8.498	8.018	16.643	33.973
02/05/2019	0.051	7.779	7.384	15.241	33.442
03/05/2019	0.051	6.006	8.518	13.705	42.344
04/05/2019	0.000	7.116	9.143	15.625	50.135
05/05/2019	0.810	7.648	8.304	15.759	56.057
06/05/2019	0.262	6.336	9.589	14.964	44.472
07/05/2019	1.130	6.546	9.812	15.411	38.331
08/05/2019	1.075	6.532	8.295	14.312	46.555
09/05/2019	14.844	5.116	9.045	13.027	55.657
10/05/2019	3.250	6.296	9.286	14.732	59.394
11/05/2019	0.000	7.186	9.527	16.107	59.335
12/05/2019	4.141	7.731	8.893	16.402	71.950
13/05/2019	3.474	6.183	8.116	13.759	69.649
14/05/2019	14.591	6.063	9.098	14.366	100.068
15/05/2019	0.000	5.989	8.438	13.786	66.685
16/05/2019	0.382	5.793	9.045	13.964	69.069
17/05/2019	0.000	6.074	9.250	14.509	59.617
18/05/2019	0.000	6.067	8.438	13.902	49.481
19/05/2019	32.302	5.385	8.848	13.357	88.278
20/05/2019	17.286	6.783	8.161	14.696	80.007
21/05/2019	0.000	7.773	7.982	15.964	71.988
22/05/2019	0.000	6.779	8.616	15.027	72.700
23/05/2019	28.413	5.673	9.500	14.250	77.055
24/05/2019	0.000	7.237	8.259	15.455	71.212
25/05/2019	6.773	5.972	8.554	13.920	66.466
26/05/2019	25.859	6.408	8.875	14.759	96.293
27/05/2019	8.246	7.738	8.116	16.080	64.291
28/05/2019	3.761	6.339	8.964	14.759	45.497
29/05/2019	9.616	7.008	8.062	15.054	47.893
30/05/2019	2.066	6.557	9.107	15.188	59.405
31/05/2019	24.391	6.231	8.643	14.384	136.580
01/06/2019	11.024	6.036	8.312	13.920	49.298
02/06/2019	1.994	8.471	7.464	16.777	44.263
03/06/2019	0.967	5.752	9.018	14.071	46.800
04/06/2019	0.000	6.620	8.545	14.911	65.927
05/06/2019	0.000	5.850	8.875	14.098	61.556
06/06/2019	5.174	5.095	8.920	13.143	46.354
07/06/2019	8.381	5.779	8.589	13.804	50.112
08/06/2019	0.000	6.803	7.018	14.134	58.760
09/06/2019	0.000	6.655	7.777	14.446	51.216
10/06/2019	3.433	6.408	8.054	14.312	70.249
11/06/2019	2.541	7.009	8.607	15.554	100.891
12/06/2019	2.340	6.545	8.955	15.170	72.088
13/06/2019	2.365	6.449	9.312	15.286	56.362
14/06/2019	2.287	6.868	10.071	16.420	66.092
15/06/2019	0.320	6.835	8.518	15.232	52.203
16/06/2019	0.000	6.112	8.679	14.384	62.284
17/06/2019	0.000	5.646	8.223	13.420	63.765
18/06/2019	0.000	5.361	8.991	13.616	57.008
19/06/2019	19.450	5.402	8.830	13.527	72.020
20/06/2019	0.000	6.011	8.429	14.089	66.829
21/06/2019	15.759	6.001	8.955	14.446	74.917
22/06/2019	0.165	4.844	8.661	12.670	88.913
23/06/2019	0.000	4.437	9.071	12.491	77.429
24/06/2019	3.229	7.408	7.509	15.393	59.817
25/06/2019	0.000	6.909	8.089	15.062	51.780
26/06/2019	0.000	7.259	6.589	14.554	67.019
27/06/2019	0.000	7.763	7.634	15.964	78.878
28/06/2019	0.000	6.263	8.393	14.384	69.761
29/06/2019	0.000	6.612	7.607	14.295	56.503
30/06/2019	0.196	7.641	7.812	15.929	60.934
01/07/2019	0.205	6.568	7.696	14.304	42.469
02/07/2019	0.000	7.046	7.804	15.062	46.004
03/07/2019	0.000	9.764	6.536	18.152	55.799
04/07/2019	19.716	8.506	7.089	16.670	53.743
05/07/2019	2.667	7.618	8.812	16.545	43.466
06/07/2019	0.000	8.273	6.589	16.000	41.270
07/07/2019	0.000	7.151	6.982	14.607	41.728
08/07/2019	2.010	6.680	7.705	14.429	48.447
09/07/2019	0.000	7.273	5.679	13.893	32.875
10/07/2019	0.000	6.696	7.393	14.214	29.057
12/07/2019	0.000	7.799	7.536	15.866	26.257
13/07/2019	0.000	7.347	7.446	15.161	30.392
14/07/2019	1.589	7.420	8.062	15.670	74.743
15/07/2019	0.000	7.097	7.634	14.884	68.945
16/07/2019	0.242	6.390	6.821	13.339	55.543
17/07/2019	1.721	7.986	6.830	15.634	37.055
18/07/2019	0.000	7.600	6.554	14.857	26.271
19/07/2019	0.000	7.820	7.366	15.732	19.143
20/07/2019	0.000	7.361	7.795	15.348	17.338
21/07/2019	0.000	8.016	8.562	16.768	26.095
22/07/2019	0.000	6.977	8.330	15.161	31.522
23/07/2019	3.112	6.163	7.991	13.759	23.185
24/07/2019	0.000	7.948	7.804	16.098	23.054
25/07/2019	6.219	6.609	8.295	14.580	20.482
26/07/2019	0.532	6.524	7.098	13.625	23.259
27/07/2019	3.300	7.319	7.839	15.223	41.043
28/07/2019	0.989	6.483	7.384	13.741	32.822
29/07/2019	0.000	7.089	8.000	14.973	27.278
30/07/2019	0.000	7.459	6.634	14.554	24.966
31/07/2019	0.000	7.843	6.036	14.679	31.325
01/08/2019	0.000	8.310	6.357	15.554	19.785
02/08/2019	0.000	6.961	7.705	14.554	17.739
03/08/2019	0.000	6.785	7.357	14.045	16.699
04/08/2019	6.083	6.627	8.384	14.554	19.487
05/08/2019	0.000	6.554	7.482	13.795	20.504
06/08/2019	0.000	8.293	5.179	14.696	19.794
07/08/2019	0.000	8.631	5.938	15.634	23.653
08/08/2019	0.000	8.031	8.018	16.152	20.979
09/08/2019	5.087	7.797	7.500	15.455	20.138
10/08/2019	0.000	7.577	6.393	14.393	18.493
11/08/2019	0.000	6.948	7.688	14.411	21.417
12/08/2019	0.000	8.214	6.768	15.509	25.490
13/08/2019	0.000	6.808	8.545	14.804	21.548
14/08/2019	0.836	6.300	7.759	13.545	23.484
15/08/2019	0.000	7.204	6.527	13.893	19.846
16/08/2019	0.000	7.444	6.616	14.277	19.553
17/08/2019	0.000	8.814	6.027	15.795	23.543
18/08/2019	0.000	8.194	7.750	16.036	21.460
19/08/2019	0.000	7.703	5.857	14.080	30.617
20/08/2019	0.000	8.362	6.429	15.384	26.796
21/08/2019	0.000	8.584	6.920	15.982	23.134
22/08/2019	0.000	9.018	5.161	15.455	27.467
23/08/2019	0.000	8.925	5.911	15.812	28.036
24/08/2019	0.000	7.803	6.562	14.652	31.099
27/08/2019	0.000	7.657	6.009	14.027	27.481
28/08/2019	6.773	6.882	7.402	13.929	20.401
29/08/2019	0.000	8.139	6.321	14.875	19.597
30/08/2019	0.000	9.407	6.018	16.411	16.517
31/08/2019	0.000	7.635	7.812	15.188	17.373
01/09/2019	0.000	6.993	8.107	14.518	17.373
02/09/2019	0.105	8.470	7.661	16.170	16.174
03/09/2019	0.000	8.987	7.348	16.661	18.301
04/09/2019	4.162	7.938	7.375	15.250	16.508
05/09/2019	0.000	8.011	7.955	15.732	15.774
06/09/2019	2.382	7.097	7.607	14.268	16.368
07/09/2019	0.000	8.541	6.982	15.768	15.745
08/09/2019	0.000	8.795	7.732	16.598	15.745
09/09/2019	0.000	8.108	6.366	14.768	15.745
10/09/2019	0.000	8.797	7.232	16.277	15.863
11/09/2019	0.000	8.205	8.295	16.188	15.537
12/09/2019	0.000	8.632	8.036	16.580	15.982
13/09/2019	1.688	7.640	8.134	15.330	16.398
14/09/2019	0.000	6.843	7.973	14.179	15.982
15/09/2019	0.713	7.544	7.866	15.000	15.923
16/09/2019	0.000	8.411	8.554	16.607	15.567
17/09/2019	0.000	8.191	7.250	15.429	17.492
18/09/2019	11.584	6.942	8.741	14.812	16.284
19/09/2019	8.588	7.714	8.732	15.821	17.848
20/09/2019	41.619	6.295	7.839	13.339	17.403
21/09/2019	0.000	8.027	7.518	15.393	16.553
22/09/2019	1.223	9.348	6.420	16.455	17.593
23/09/2019	4.563	8.039	6.839	14.964	17.439
24/09/2019	0.000	7.357	8.036	14.875	16.494
25/09/2019	0.000	7.599	7.688	14.946	16.042
26/09/2019	0.741	8.720	8.098	16.714	16.843
27/09/2019	0.494	8.027	8.741	16.259	16.606
28/09/2019	0.000	9.887	8.411	18.464	16.042
29/09/2019	29.434	8.188	5.929	14.580	17.410
30/09/2019	0.000	9.424	8.107	17.679	18.639
01/10/2019	7.218	9.624	6.661	17.080	20.357
02/10/2019	1.807	7.828	8.304	15.723	21.950
03/10/2019	29.744	6.549	7.420	13.411	30.106
04/10/2019	0.000	8.244	6.161	14.839	38.813
05/10/2019	0.869	7.980	7.321	15.259	35.249
06/10/2019	11.337	7.607	7.554	14.920	33.360
07/10/2019	0.487	8.192	7.071	15.384	37.700
08/10/2019	5.917	6.341	8.321	13.821	35.417
09/10/2019	0.000	7.631	6.330	14.143	27.409
10/10/2019	0.000	6.096	8.946	13.982	22.361
11/10/2019	0.264	7.260	8.009	14.812	18.712
12/10/2019	1.148	6.887	7.812	14.179	17.446
13/10/2019	21.265	6.948	8.268	14.607	16.048
14/10/2019	0.468	7.707	6.964	14.723	15.448
15/10/2019	0.000	8.108	6.054	14.696	14.617
16/10/2019	0.000	7.840	7.821	15.527	15.507
17/10/2019	0.000	9.052	6.955	16.634	17.855
18/10/2019	0.000	6.417	8.107	13.839	18.615
19/10/2019	27.212	7.054	7.518	14.312	38.820
20/10/2019	14.299	6.325	8.098	13.750	39.247
21/10/2019	6.618	7.308	7.411	14.580	33.900
22/10/2019	2.443	7.537	6.116	14.027	33.406
23/10/2019	8.533	6.820	7.366	13.911	43.149
24/10/2019	12.774	7.710	8.509	15.946	52.764
25/10/2019	14.942	6.945	8.161	14.688	33.444
26/10/2019	0.000	7.616	8.312	15.705	30.617
27/10/2019	0.000	7.234	7.402	14.571	27.905
28/10/2019	0.000	8.261	7.464	16.027	25.921
29/10/2019	6.931	7.519	7.759	15.223	27.773
30/10/2019	0.000	7.696	6.277	14.491	30.617
31/10/2019	2.461	8.025	6.634	15.205	32.719
01/11/2019	0.000	8.412	6.464	15.688	38.165
02/11/2019	21.488	7.263	7.696	14.893	31.755
03/11/2019	9.015	7.010	8.482	15.098	26.927
04/11/2019	7.967	7.961	8.402	16.366	31.208
05/11/2019	4.638	7.675	8.295	15.902	33.637
06/11/2019	0.553	7.404	8.393	15.625	27.562
07/11/2019	0.593	8.479	8.518	17.214	23.697
08/11/2019	0.000	7.881	9.045	16.759	38.046
09/11/2019	9.470	6.042	9.536	14.714	47.105
10/11/2019	10.723	8.012	7.536	15.964	37.164
11/11/2019	9.062	6.484	9.277	15.134	34.141
12/11/2019	25.437	5.000	8.652	12.723	27.569
13/11/2019	18.213	5.761	8.321	13.446	25.615
14/11/2019	7.335	7.765	7.786	15.875	23.340
15/11/2019	5.194	7.184	8.393	15.500	42.620
16/11/2019	33.114	8.111	8.268	16.723	41.329
17/11/2019	0.000	8.099	8.304	16.714	37.162
18/11/2019	2.995	6.909	8.562	15.259	33.894
19/11/2019	0.000	7.834	6.571	15.205	39.117
20/11/2019	24.567	7.293	6.179	14.179	40.319
21/11/2019	0.000	8.013	7.205	15.938	31.260
22/11/2019	2.107	8.132	7.768	16.491	27.496
23/11/2019	0.000	8.182	6.795	15.938	27.562
24/11/2019	0.000	7.518	6.884	15.036	33.267
25/11/2019	0.000	8.303	7.375	16.509	41.140
26/11/2019	0.000	6.746	8.321	14.946	36.490
27/11/2019	3.133	7.147	8.018	15.304	33.003
28/11/2019	0.000	6.494	7.777	14.223	32.169
30/11/2019	2.574	7.856	6.902	15.607	27.327
01/12/2019	0.836	6.669	8.589	15.089	37.458
02/12/2019	10.822	6.400	8.670	14.759	39.650
03/12/2019	0.000	6.580	7.902	14.455	35.104
04/12/2019	0.774	8.752	7.929	17.607	31.449
05/12/2019	11.632	7.791	7.080	15.670	26.133
06/12/2019	2.641	7.853	7.223	15.839	22.959
07/12/2019	21.774	7.298	5.598	13.991	27.168
08/12/2019	0.396	7.669	6.964	15.446	21.271
09/12/2019	0.000	8.078	7.196	16.196	20.430
10/12/2019	0.000	7.645	7.536	15.777	30.304
11/12/2019	3.401	7.173	7.054	14.768	28.422
12/12/2019	0.808	5.272	8.393	13.062	25.542
13/12/2019	0.000	6.216	8.196	14.214	22.607
14/12/2019	8.025	5.000	8.562	12.830	39.210
15/12/2019	35.702	6.294	8.768	14.759	43.443
16/12/2019	19.154	6.299	9.214	15.071	56.457
17/12/2019	2.140	6.068	8.107	13.946	38.834
18/12/2019	0.000	7.094	8.205	15.464	33.360
19/12/2019	0.000	7.586	7.161	15.482	32.492
20/12/2019	0.000	7.014	7.625	14.964	29.312
21/12/2019	0.000	6.774	8.357	15.143	25.834
22/12/2019	0.000	7.842	7.679	16.214	24.922
23/12/2019	0.000	7.483	9.071	16.643	21.483
24/12/2019	0.000	6.901	8.170	15.161	19.992
25/12/2019	0.000	7.804	9.250	17.196	20.811
26/12/2019	0.000	7.036	8.884	15.857	26.454
27/12/2019	0.000	5.915	9.312	14.634	35.251
28/12/2019	0.000	7.287	7.357	15.134	42.115
29/12/2019	0.503	8.507	7.071	16.723	40.273
30/12/2019	28.499	6.968	8.393	15.384	50.935
31/12/2019	35.591	6.214	8.554	14.455	42.668
01/01/2020	36.668	7.025	8.795	15.759	35.265
02/01/2020	1.561	7.246	8.688	15.973	39.280
03/01/2020	0.000	9.190	6.875	17.571	27.164
04/01/2020	0.000	9.646	5.875	17.625	25.352
05/01/2020	0.000	8.952	7.259	17.429	26.278
06/01/2020	0.000	8.395	7.027	16.464	22.047
07/01/2020	0.000	10.343	3.732	17.348	19.992
08/01/2020	0.000	10.147	4.893	17.723	17.300
09/01/2020	0.000	8.701	5.750	16.080	15.804
10/01/2020	0.000	9.405	5.196	16.759	15.626
11/01/2020	0.000	8.669	5.125	15.607	15.092
12/01/2020	0.000	7.656	7.527	15.661	15.626
13/01/2020	0.000	8.110	7.098	16.009	15.229
14/01/2020	0.000	8.002	7.089	15.830	21.196
15/01/2020	0.000	7.970	6.491	15.375	23.456
16/01/2020	0.000	6.835	7.491	14.411	20.482
17/01/2020	0.000	8.195	8.071	16.741	18.018
18/01/2020	0.000	8.967	7.830	17.652	16.672
19/01/2020	0.000	8.009	8.062	16.411	15.507
20/01/2020	0.857	6.055	9.509	14.741	17.666
21/01/2020	25.516	6.131	8.795	14.286	15.934
22/01/2020	0.449	5.351	9.286	13.661	15.121
23/01/2020	0.000	8.909	5.741	16.170	15.923
24/01/2020	8.403	8.076	7.509	16.062	16.055
25/01/2020	12.759	7.955	8.277	16.375	18.507
26/01/2020	1.212	7.874	8.946	16.705	19.663
27/01/2020	0.000	8.041	7.607	16.000	18.031
28/01/2020	0.000	9.439	7.018	17.598	16.338
29/01/2020	0.000	8.949	7.143	16.964	14.290
30/01/2020	0.000	8.627	5.777	15.625	15.774
31/01/2020	0.000	8.139	8.036	16.366	15.656
01/02/2020	0.000	7.467	8.018	15.420	17.380
02/02/2020	1.813	7.857	7.446	15.545	18.127
03/02/2020	8.090	7.740	7.955	15.723	18.866
04/02/2020	0.000	10.442	6.098	18.268	22.784
05/02/2020	0.000	10.963	6.009	18.911	19.370
06/02/2020	0.000	10.369	5.661	17.848	17.826
07/02/2020	0.000	9.829	5.107	16.723	15.811
08/02/2020	0.000	9.143	8.241	17.741	14.913
09/02/2020	3.619	9.548	6.411	17.089	15.448
10/02/2020	0.000	8.322	6.929	15.723	15.952
11/02/2020	0.000	10.618	6.036	18.304	17.172
12/02/2020	0.000	8.684	6.652	15.973	17.798
13/02/2020	0.000	8.803	7.429	16.634	19.261
14/02/2020	0.000	7.345	7.929	14.964	21.966
15/02/2020	0.000	7.866	8.250	15.866	24.280
16/02/2020	0.000	7.082	9.071	15.393	25.046
17/02/2020	0.000	7.797	8.179	15.705	22.361
18/02/2020	0.000	9.255	6.812	16.759	19.151
19/02/2020	0.000	8.113	7.143	15.402	20.211
20/02/2020	18.202	7.784	8.545	15.893	18.383
21/02/2020	28.233	9.592	7.643	17.696	16.672
22/02/2020	0.403	6.475	7.938	13.714	15.418
23/02/2020	0.000	7.463	8.670	15.536	14.142
24/02/2020	27.560	6.897	9.616	15.518	14.587
25/02/2020	4.859	8.373	6.598	15.321	15.477
26/02/2020	23.006	5.968	9.000	13.839	15.270
27/02/2020	0.000	7.661	8.911	15.911	14.706
28/02/2020	0.000	9.089	7.223	16.661	14.527
29/02/2020	0.000	8.765	7.116	16.161	16.227
01/03/2020	0.354	9.388	9.339	18.455	28.352
02/03/2020	0.000	6.895	9.580	15.375	20.102
03/03/2020	0.000	7.570	9.009	15.821	19.261
04/03/2020	0.000	7.811	8.884	16.036	19.114
05/03/2020	0.000	8.316	8.009	16.071	17.483
06/03/2020	5.846	7.671	8.438	15.509	15.953
08/03/2020	0.000	8.696	8.027	16.589	23.690
09/03/2020	0.000	8.301	9.009	16.741	24.273
10/03/2020	9.131	8.399	9.295	17.036	18.273
11/03/2020	31.631	10.680	9.223	19.929	16.834
12/03/2020	5.907	7.907	7.116	14.902	17.385
13/03/2020	9.477	8.334	9.116	16.804	19.267
14/03/2020	1.629	6.947	8.607	14.661	43.867
15/03/2020	0.000	7.889	7.634	15.188	38.645
16/03/2020	0.000	8.924	7.357	16.375	27.132
17/03/2020	0.000	8.574	6.714	15.464	33.171
18/03/2020	3.208	9.172	7.893	17.045	29.713
19/03/2020	0.000	8.844	7.804	16.562	26.534
20/03/2020	5.809	5.979	9.205	13.911	25.834
21/03/2020	0.000	9.597	7.304	17.259	26.096
22/03/2020	0.000	10.443	3.857	16.312	24.127
23/03/2020	0.000	8.042	6.688	14.750	26.796
24/03/2020	0.000	6.585	8.304	14.009	24.171
25/03/2020	0.000	8.940	8.259	17.018	23.237
26/03/2020	0.000	8.895	6.375	15.705	17.762
27/03/2020	22.666	8.649	6.982	15.750	17.725
28/03/2020	0.332	9.074	7.330	16.598	18.091
29/03/2020	0.000	7.364	8.723	15.268	19.187
30/03/2020	0.000	6.671	8.982	14.598	19.407
31/03/2020	0.000	9.544	9.000	18.295	18.237
01/04/2020	0.880	7.258	8.277	14.839	20.357
02/04/2020	6.425	7.924	9.509	16.607	29.818
03/04/2020	0.000	6.701	9.321	14.902	22.278
04/04/2020	0.000	7.032	10.045	15.848	20.394
05/04/2020	0.768	7.322	9.250	15.634	20.467
06/04/2020	21.233	7.162	10.161	16.107	20.906
07/04/2020	1.987	7.747	9.464	16.366	21.016
08/04/2020	2.495	7.226	8.214	14.804	23.420
09/04/2020	5.387	7.472	9.848	16.295	22.609
10/04/2020	0.000	7.828	9.250	16.321	22.455
11/04/2020	4.082	6.300	9.661	14.705	23.215
12/04/2020	33.627	5.425	10.089	14.018	29.014
13/04/2020	0.000	8.469	8.571	16.714	37.409
14/04/2020	15.017	6.815	8.321	14.402	43.104
15/04/2020	1.243	7.197	8.795	15.259	28.605
16/04/2020	0.000	9.757	7.554	17.848	25.353
17/04/2020	0.000	6.362	7.821	13.482	24.740
18/04/2020	0.000	6.901	8.179	14.455	31.522
19/04/2020	0.000	6.821	8.312	14.446	27.642
20/04/2020	0.000	8.460	7.205	15.884	29.217
21/04/2020	0.000	6.847	7.973	14.250	24.551
22/04/2020	0.000	8.302	7.232	15.714	34.914
23/04/2020	5.267	6.674	8.268	14.250	31.982
24/04/2020	0.000	7.474	8.268	15.330	35.716
25/04/2020	0.000	7.643	7.312	14.946	28.510
26/04/2020	0.000	7.338	8.946	15.652	30.129
27/04/2020	7.456	8.186	7.554	15.875	28.050
28/04/2020	1.690	7.785	9.125	16.402	30.319
29/04/2020	28.670	7.810	8.973	16.339	28.736
30/04/2020	0.000	8.026	9.411	16.955	30.623
01/05/2020	6.372	6.557	9.991	15.527	50.004
02/05/2020	0.000	6.609	10.839	16.214	45.422
03/05/2020	0.000	7.041	9.580	15.839	34.820
04/05/2020	0.000	7.919	9.920	17.241	36.986
05/05/2020	5.467	7.334	8.652	15.589	35.001
06/05/2020	0.000	7.848	8.652	16.295	31.180
07/05/2020	10.972	5.661	9.589	14.134	56.235
08/05/2020	0.000	5.910	9.455	14.375	56.010
09/05/2020	0.000	6.594	9.750	15.500	45.308
10/05/2020	0.000	7.440	8.955	16.018	35.040
11/05/2020	0.000	6.996	9.304	15.670	31.325
12/05/2020	4.264	6.699	8.795	14.938	35.442
13/05/2020	13.203	5.783	8.786	13.759	44.475
14/05/2020	0.000	8.064	7.054	15.652	53.237
15/05/2020	0.000	6.928	10.295	16.384	43.137
16/05/2020	0.000	6.117	9.580	14.821	39.474
17/05/2020	0.000	6.884	9.670	15.893	34.966
18/05/2020	0.000	7.296	9.223	16.143	31.369
19/05/2020	0.000	6.085	8.848	14.241	38.269
20/05/2020	0.000	7.479	8.375	15.804	42.844
21/05/2020	0.313	7.992	8.768	16.804	57.444
22/05/2020	1.095	7.041	9.304	15.893	43.548
23/05/2020	0.477	7.208	7.866	15.116	35.959
24/05/2020	2.007	5.412	9.152	13.634	40.533
25/05/2020	0.569	7.952	9.714	17.464	55.305
26/05/2020	0.000	5.505	9.768	14.259	51.077
27/05/2020	0.000	5.331	9.018	13.464	42.416
28/05/2020	4.225	7.960	7.616	16.071	36.136
29/05/2020	17.059	7.598	7.875	15.750	61.462
30/05/2020	25.198	5.778	7.982	13.295	45.614
31/05/2020	7.359	7.373	7.688	15.330	35.402
01/06/2020	6.190	6.136	9.071	14.616	47.027
02/06/2020	10.484	7.712	8.830	16.616	42.620
03/06/2020	9.441	4.237	8.625	11.804	37.593
04/06/2020	18.982	7.330	7.652	15.295	33.258
05/06/2020	5.959	7.042	8.786	15.670	31.434
06/06/2020	10.316	5.510	8.062	13.045	29.219
07/06/2020	0.000	8.734	6.812	16.795	39.837
08/06/2020	0.000	7.329	6.777	14.732	39.264
09/06/2020	0.000	7.509	7.661	15.571	40.567
10/06/2020	0.000	7.124	6.679	14.348	57.538
11/06/2020	1.137	7.294	6.152	14.286	51.210
12/06/2020	3.477	6.608	8.589	14.991	35.142
13/06/2020	3.875	8.103	6.848	15.946	33.084
14/06/2020	10.816	4.856	9.625	13.455	39.446
15/06/2020	1.310	5.742	8.571	13.804	34.432
16/06/2020	0.000	6.886	7.286	14.455	31.831
17/06/2020	0.000	5.658	8.312	13.491	58.676
18/06/2020	0.000	6.309	9.295	15.098	51.122
19/06/2020	38.972	7.121	8.321	15.536	42.972
20/06/2020	0.000	6.464	8.491	14.741	39.012
21/06/2020	0.000	6.957	8.893	15.750	33.360
22/06/2020	0.000	6.451	8.241	14.545	28.605
23/06/2020	0.000	7.800	8.482	16.607	27.365
24/06/2020	0.000	8.744	7.714	17.446	30.931
25/06/2020	0.337	7.357	8.045	15.670	30.194
26/06/2020	0.000	6.474	8.036	14.411	36.220
27/06/2020	0.000	6.579	7.688	14.295	40.575
28/06/2020	1.479	7.421	8.098	15.812	56.105
29/06/2020	1.374	6.809	8.804	15.429	40.790
30/06/2020	0.189	6.042	9.670	14.991	41.776
01/07/2020	8.146	6.431	8.571	14.696	57.068
02/07/2020	48.706	6.576	8.768	15.071	52.626
03/07/2020	0.000	6.521	8.875	15.045	50.664
04/07/2020	11.662	6.485	8.170	14.491	61.196
07/07/2020	0.000	6.250	8.045	14.062	158.750
08/07/2020	0.000	7.605	8.036	15.946	146.250
09/07/2020	0.000	5.943	9.000	14.321	67.399
10/07/2020	0.000	6.160	8.000	13.866	78.732
11/07/2020	6.219	7.301	7.929	15.411	72.607
12/07/2020	0.000	7.010	8.089	15.116	62.995
13/07/2020	1.530	6.522	7.518	14.000	70.496
14/07/2020	13.398	6.585	8.223	14.598	66.514
15/07/2020	0.000	6.851	6.598	13.821	69.329
16/07/2020	0.564	6.533	7.821	14.214	75.341
17/07/2020	0.686	7.779	6.705	15.232	58.364
18/07/2020	0.227	8.823	5.616	16.036	47.586
19/07/2020	0.443	7.213	6.750	14.384	45.210
20/07/2020	0.764	7.120	8.295	15.321	40.267
21/07/2020	0.000	7.717	7.562	15.652	45.591
22/07/2020	0.000	7.416	8.714	16.000	67.624
23/07/2020	29.210	6.794	8.491	14.973	49.758
24/07/2020	32.360	5.665	8.625	13.554	44.733
25/07/2020	16.382	4.088	7.973	11.009	43.266
26/07/2020	0.000	6.234	8.464	14.161	40.706
27/07/2020	0.000	6.914	9.125	15.554	35.571
28/07/2020	0.000	7.752	7.616	15.643	39.226
29/07/2020	1.114	7.309	8.482	15.607	50.913
30/07/2020	0.000	6.554	8.839	14.839	46.331
31/07/2020	0.000	7.238	8.241	15.304	37.169
01/08/2020	0.000	8.524	5.571	15.348	33.564
02/08/2020	0.000	9.396	4.893	16.179	31.347
03/08/2020	0.000	7.299	5.929	13.777	30.851
04/08/2020	0.000	6.849	6.188	13.295	25.571
05/08/2020	0.000	6.244	6.589	12.714	24.229
06/08/2020	0.000	6.064	7.464	13.062	24.622
07/08/2020	0.000	5.101	8.152	12.312	36.074
08/08/2020	0.000	6.572	8.393	14.429	38.777
09/08/2020	0.000	7.449	6.741	14.438	34.075
10/08/2020	0.000	8.537	6.705	15.938	34.897
11/08/2020	0.000	8.487	7.598	16.411	34.652
12/08/2020	4.674	9.566	8.429	18.429	30.873
13/08/2020	7.884	7.664	9.188	16.384	34.953
14/08/2020	1.349	8.304	9.304	17.286	43.075
15/08/2020	8.115	7.599	8.491	15.768	60.240
16/08/2020	10.614	7.565	8.196	15.500	47.788
17/08/2020	10.579	7.608	7.295	14.929	39.063
18/08/2020	0.000	8.194	8.205	16.312	34.432
19/08/2020	2.805	7.153	8.679	15.259	29.144
20/08/2020	0.686	8.003	7.902	15.848	26.302
21/08/2020	3.946	7.539	8.143	15.357	37.481
22/08/2020	11.827	7.167	8.366	15.018	35.922
23/08/2020	0.881	8.596	7.295	16.196	33.507
24/08/2020	9.162	7.779	7.384	15.125	33.325
25/08/2020	1.878	8.447	6.357	15.348	42.675
26/08/2020	0.000	8.844	7.938	16.920	53.613
27/08/2020	0.000	6.313	8.455	13.911	42.053
28/08/2020	0.000	8.309	8.295	16.411	33.988
29/08/2020	16.946	8.405	7.312	15.875	27.482
30/08/2020	28.081	5.658	7.795	12.580	29.350
31/08/2020	0.000	8.111	6.116	14.688	37.812
01/09/2020	0.000	7.565	7.152	14.607	33.338
02/09/2020	0.000	6.355	7.473	13.196	26.592
03/09/2020	0.000	8.390	6.080	15.000	23.704
04/09/2020	0.000	6.688	8.429	14.330	24.491
05/09/2020	0.000	8.578	8.089	16.571	28.825
06/09/2020	0.000	8.731	6.321	15.598	41.706
07/09/2020	0.000	9.325	6.089	16.259	34.070
08/09/2020	18.220	6.549	7.625	13.536	30.275
09/09/2020	0.000	7.408	5.920	13.500	27.241
10/09/2020	0.000	7.101	7.714	14.321	28.999
11/09/2020	0.000	8.285	7.643	15.839	24.709
12/09/2020	0.000	8.048	7.304	15.286	26.228
13/09/2020	0.000	7.583	6.679	14.250	26.191
14/09/2020	0.000	8.432	6.536	15.295	24.397
15/09/2020	0.000	8.857	7.080	16.196	24.317
16/09/2020	0.933	9.066	6.884	16.366	22.572
17/09/2020	27.052	8.959	6.723	16.134	26.935
18/09/2020	8.792	10.389	6.893	18.188	24.302
19/09/2020	18.414	8.154	7.027	15.268	26.446
20/09/2020	13.946	6.839	8.714	14.714	25.746
21/09/2020	0.000	7.916	8.464	15.902	31.967
22/09/2020	0.000	9.485	7.009	17.036	25.856
23/09/2020	0.000	6.891	7.161	13.643	30.647
24/09/2020	0.000	7.450	8.071	15.045	31.602
25/09/2020	7.297	9.086	6.286	16.036	26.629
26/09/2020	0.000	7.596	6.848	14.375	23.741
27/09/2020	0.406	9.691	6.866	17.241	24.090
28/09/2020	0.406	9.356	7.062	16.938	27.409
29/09/2020	0.000	7.804	7.304	14.973	26.453
30/09/2020	0.000	6.466	8.366	13.973	22.885
01/10/2020	0.000	8.491	7.250	15.866	35.896
02/10/2020	0.000	9.092	6.179	16.000	27.993
03/10/2020	0.000	8.153	8.080	16.000	32.102
04/10/2020	0.000	5.264	8.375	12.491	42.373
05/10/2020	0.000	7.520	7.134	14.509	35.031
06/10/2020	0.167	8.654	6.812	15.857	26.826
07/10/2020	0.000	7.955	6.536	14.732	34.435
08/10/2020	0.000	7.260	7.429	14.420	41.347
09/10/2020	0.000	8.473	7.527	16.116	28.139
10/10/2020	0.000	10.226	6.045	17.580	20.613
11/10/2020	0.000	9.383	5.812	16.268	20.796
12/10/2020	0.000	8.959	6.643	16.214	19.882
13/10/2020	0.000	7.516	6.911	14.429	20.138
14/10/2020	0.000	8.584	7.536	16.312	20.723
15/10/2020	0.000	7.978	8.143	15.911	19.334
16/10/2020	0.000	6.833	8.973	15.018	20.211
17/10/2020	0.000	7.520	7.214	14.688	19.297
18/10/2020	11.466	8.787	7.607	16.688	20.035
19/10/2020	40.264	6.339	9.000	14.411	17.604
20/10/2020	0.000	8.145	8.223	16.259	25.068
21/10/2020	27.699	7.478	8.179	15.357	20.750
22/10/2020	0.000	8.168	7.812	16.054	19.919
23/10/2020	0.479	8.615	7.214	16.304	22.383
24/10/2020	0.000	9.123	7.196	16.982	22.908
25/10/2020	0.576	9.501	7.527	17.750	20.102
26/10/2020	4.870	9.374	8.143	17.982	22.186
27/10/2020	7.377	9.070	7.179	16.955	23.017
28/10/2020	26.840	7.600	7.839	15.420	23.274
29/10/2020	4.470	8.719	7.455	16.723	21.169
30/10/2020	14.454	7.872	7.705	15.723	23.163
31/10/2020	3.918	6.050	8.268	13.661	27.671
01/11/2020	2.910	7.336	9.116	16.054	23.967
02/11/2020	1.217	9.472	7.688	17.991	23.003
03/11/2020	0.000	9.883	5.375	17.152	32.872
04/11/2020	0.000	9.286	5.875	16.616	30.756
05/11/2020	28.170	6.640	9.018	15.054	30.771
06/11/2020	7.125	8.274	7.286	16.107	34.505
07/11/2020	17.383	7.558	8.161	15.723	35.257
08/11/2020	0.814	6.852	8.143	14.732	23.864
09/11/2020	0.000	7.871	8.670	16.509	20.943
10/11/2020	0.404	7.011	8.393	15.170	20.650
11/11/2020	24.643	8.054	7.116	15.795	21.893
12/11/2020	0.000	8.204	6.946	15.911	18.529
13/11/2020	39.166	6.804	7.973	14.634	18.017
14/11/2020	11.482	7.293	8.705	15.848	25.979
15/11/2020	7.058	6.451	8.402	14.464	30.501
16/11/2020	34.124	6.515	8.357	14.545	39.715
17/11/2020	5.444	5.037	8.250	12.491	31.715
18/11/2020	0.000	8.137	8.205	16.750	29.261
19/11/2020	0.000	7.353	7.634	15.223	25.090
20/11/2020	0.470	6.488	7.455	13.929	22.556
21/11/2020	14.110	7.706	7.848	15.911	22.113
22/11/2020	0.191	7.975	6.321	15.330	19.443
23/11/2020	5.095	6.537	8.232	14.562	18.420
24/11/2020	0.000	6.805	8.473	15.107	24.407
25/11/2020	3.065	7.485	7.411	15.357	25.046
26/11/2020	13.353	7.725	8.312	16.339	23.200
27/11/2020	0.969	5.864	8.062	13.518	21.125
28/11/2020	6.865	6.788	8.536	15.179	23.383
29/11/2020	21.134	6.822	8.473	15.188	21.103
30/11/2020	0.000	6.835	9.036	15.616	19.830
01/12/2020	0.000	6.589	8.625	14.991	26.810
02/12/2020	74.894	6.750	8.500	15.134	24.740
03/12/2020	1.737	8.134	8.536	17.134	21.615
04/12/2020	0.000	7.475	8.259	16.009	20.650
05/12/2020	0.000	7.582	8.152	16.098	18.785
06/12/2020	0.000	7.386	7.205	15.179	18.017
07/12/2020	0.000	7.445	6.670	14.893	21.432
08/12/2020	6.537	6.452	8.071	14.438	23.566
09/12/2020	2.445	7.506	7.688	15.688	22.222
10/12/2020	0.000	7.977	6.812	15.786	24.667
11/12/2020	1.715	7.489	7.545	15.571	27.729
12/12/2020	1.796	7.958	6.000	15.277	22.916
13/12/2020	1.472	7.484	7.286	15.402	24.448
14/12/2020	0.000	9.151	5.679	16.830	21.234
15/12/2020	0.000	6.985	7.214	14.625	19.224
16/12/2020	2.025	7.913	6.759	15.696	17.981
17/12/2020	0.000	8.094	7.321	16.330	17.579
18/12/2020	0.000	6.623	7.634	14.384	21.600
19/12/2020	0.000	7.972	7.634	16.357	28.277
20/12/2020	0.000	6.688	6.857	13.938	31.777
21/12/2020	0.000	7.684	7.134	15.580	31.558
22/12/2020	0.000	7.381	6.500	14.723	25.827
23/12/2020	0.000	8.289	6.732	16.223	22.916
24/12/2020	0.685	8.441	6.777	16.482	30.654
25/12/2020	67.109	6.688	8.045	14.759	33.615
26/12/2020	52.847	5.271	7.661	12.491	39.601
27/12/2020	4.886	7.523	6.652	15.045	29.044
28/12/2020	5.000	6.905	7.125	14.411	24.740
29/12/2020	1.800	7.277	7.420	15.170	22.295
30/12/2020	0.000	7.979	6.277	15.446	18.785
31/12/2020	0.000	7.710	6.536	15.196	20.467
01/01/2021	0.000	7.711	7.616	15.902	20.774
02/01/2021	0.943	7.729	6.821	15.384	26.271
03/01/2021	1.250	6.851	7.911	14.857	35.086
04/01/2021	0.000	6.390	7.634	14.000	67.836
05/01/2021	2.339	5.382	7.848	12.732	66.368
06/01/2021	0.000	6.483	7.902	14.312	70.144
07/01/2021	0.000	7.778	7.196	15.670	56.151
08/01/2021	0.000	6.678	6.143	13.357	43.208
09/01/2021	0.000	6.243	7.875	13.911	39.650
10/01/2021	0.000	7.397	7.116	15.045	35.922
11/01/2021	2.872	6.903	7.652	14.679	30.899
12/01/2021	29.247	8.093	7.536	16.277	78.631
13/01/2021	0.000	9.028	6.170	16.750	61.059
14/01/2021	0.000	8.442	6.946	16.366	48.749
15/01/2021	0.000	9.211	7.018	17.518	44.087
16/01/2021	0.522	9.933	5.259	17.455	36.983
17/01/2021	0.289	8.758	5.384	15.786	29.634
18/01/2021	0.345	8.225	6.196	15.509	38.738
19/01/2021	0.000	9.169	6.598	17.134	39.239
20/01/2021	0.000	8.697	6.384	16.277	35.469
21/01/2021	0.000	8.451	6.357	15.866	32.798
22/01/2021	0.000	7.605	7.455	15.366	28.568
23/01/2021	0.000	7.502	8.152	15.705	23.317
24/01/2021	1.499	7.913	7.125	15.562	23.448
25/01/2021	0.000	6.681	7.902	14.339	29.133
26/01/2021	27.205	7.773	6.902	15.170	65.477
27/01/2021	1.279	9.168	7.170	17.295	51.133
28/01/2021	1.627	8.855	6.179	16.223	41.008
29/01/2021	0.000	10.063	5.295	17.393	34.228
30/01/2021	0.000	7.671	7.438	15.312	31.449
31/01/2021	0.000	9.225	4.304	15.536	27.336
01/02/2021	0.000	8.147	7.277	15.830	33.659
02/02/2021	0.000	7.648	8.009	15.616	30.063
03/02/2021	0.000	8.188	7.714	16.143	28.196
04/02/2021	1.612	6.740	7.304	13.848	26.490
05/02/2021	0.000	7.454	8.027	15.321	24.784
06/02/2021	0.000	8.349	7.670	16.295	22.207
07/02/2021	0.000	9.718	6.893	17.679	20.467
08/02/2021	4.405	7.172	8.080	14.938	19.882
09/02/2021	11.430	7.844	7.589	15.509	19.281
10/02/2021	16.412	6.873	7.946	14.411	38.065
11/02/2021	13.393	6.944	8.179	14.652	59.888
12/02/2021	0.000	8.594	7.759	16.616	52.908
13/02/2021	0.000	7.899	8.268	15.982	46.283
14/02/2021	0.000	6.060	8.598	13.768	37.307
15/02/2021	25.072	7.322	7.420	14.580	57.538
16/02/2021	1.475	7.602	7.062	14.688	57.208
17/02/2021	0.000	6.646	7.786	13.902	56.010
18/02/2021	0.000	5.417	8.304	12.688	46.965
19/02/2021	34.929	5.744	8.500	13.250	40.883
20/02/2021	14.040	7.827	6.330	14.500	45.133
21/02/2021	5.579	7.185	6.259	13.536	40.664
24/02/2021	0.000	6.507	7.116	13.161	25.673
25/02/2021	0.000	7.242	8.393	15.027	25.198
26/02/2021	0.000	7.510	8.446	15.411	22.981
27/02/2021	0.469	6.643	9.036	14.732	36.370
28/02/2021	0.000	7.189	8.527	15.036	33.554
01/03/2021	22.849	6.354	8.241	13.777	44.061
02/03/2021	2.870	6.057	7.696	12.946	58.243
03/03/2021	0.000	5.987	8.027	13.116	56.071
04/03/2021	3.198	4.605	8.125	11.455	52.192
05/03/2021	10.487	5.976	7.768	12.866	43.148
06/03/2021	0.000	6.754	8.071	14.098	39.910
07/03/2021	0.000	6.362	8.723	14.054	39.733
08/03/2021	23.844	4.380	8.259	11.277	44.067
09/03/2021	0.000	7.233	8.062	14.670	37.077
10/03/2021	14.625	5.360	6.679	11.196	42.783
11/03/2021	15.279	5.055	7.768	11.688	36.112
12/03/2021	7.683	6.276	6.982	12.688	28.765
13/03/2021	7.392	5.794	7.652	12.527	32.113
14/03/2021	0.403	8.795	7.277	16.179	40.267
15/03/2021	15.173	5.688	6.089	11.179	35.857
16/03/2021	21.794	7.030	7.098	13.696	34.266
17/03/2021	4.290	8.437	7.036	15.536	40.392
18/03/2021	13.602	5.799	7.866	12.670	52.039
19/03/2021	10.680	6.023	8.232	13.205	48.420
20/03/2021	3.264	6.112	7.679	12.938	46.083
21/03/2021	8.517	8.444	6.411	15.125	41.078
22/03/2021	0.854	5.040	7.652	11.554	45.872
23/03/2021	0.000	7.310	7.839	14.571	87.772
24/03/2021	17.498	7.324	8.366	14.991	47.199
25/03/2021	0.000	9.011	7.143	16.357	44.146
26/03/2021	5.016	9.015	7.214	16.402	45.907
27/03/2021	1.066	6.989	7.857	14.205	54.953
28/03/2021	17.655	7.506	8.446	15.277	48.491
29/03/2021	0.000	7.050	9.214	15.259	63.295
30/03/2021	0.000	6.901	7.688	13.946	65.246
31/03/2021	0.192	8.266	7.848	15.848	54.811
01/04/2021	12.407	5.791	8.589	13.196	66.884
02/04/2021	12.272	6.585	8.580	14.205	60.696
03/04/2021	8.145	6.987	9.036	15.062	59.606
04/04/2021	18.213	6.704	7.312	13.455	55.093
05/04/2021	0.000	7.473	7.509	14.598	61.227
06/04/2021	0.772	5.084	8.598	12.393	46.917
07/04/2021	10.902	5.895	8.036	12.938	44.968
08/04/2021	0.000	7.395	8.545	15.241	43.137
09/04/2021	0.533	6.067	8.509	13.536	50.018
10/04/2021	0.257	8.370	6.973	15.482	63.299
11/04/2021	2.392	7.793	8.955	16.098	74.905
12/04/2021	24.830	5.703	7.679	12.509	96.957
13/04/2021	0.000	8.008	5.893	14.295	81.506
14/04/2021	17.058	7.733	8.134	15.464	68.993
15/04/2021	0.000	6.363	8.938	14.286	60.240
16/04/2021	0.750	8.611	6.982	15.884	58.877
17/04/2021	12.384	6.345	8.393	13.866	43.638
18/04/2021	0.000	8.906	7.232	16.473	35.760
19/04/2021	23.365	7.696	8.464	15.705	50.111
20/04/2021	0.000	8.613	5.714	15.107	45.931
21/04/2021	0.000	8.030	6.366	14.723	61.119
22/04/2021	0.000	9.707	7.259	17.652	68.012
23/04/2021	0.000	6.592	8.214	14.107	64.893
24/04/2021	0.000	7.259	6.857	14.036	61.015
25/04/2021	20.028	7.096	7.527	14.339	56.574
26/04/2021	6.710	6.707	8.705	14.661	44.440
27/04/2021	11.161	5.828	7.875	12.920	44.029
28/04/2021	18.570	6.355	7.545	13.384	42.107
29/04/2021	2.294	4.338	8.268	11.375	37.430
30/04/2021	22.269	4.421	7.848	11.170	50.264
01/05/2021	0.000	7.758	7.170	15.062	47.915
02/05/2021	34.418	6.402	8.420	14.143	74.483
03/05/2021	6.327	6.917	7.616	14.286	64.823
04/05/2021	0.000	8.301	5.911	15.071	63.976
05/05/2021	0.691	7.716	6.705	14.777	66.515
06/05/2021	16.390	7.337	7.821	15.018	54.412
07/05/2021	15.420	8.138	7.929	16.196	54.836
08/05/2021	14.288	6.905	7.562	14.286	64.270
09/05/2021	1.265	5.006	8.946	12.821	69.976
10/05/2021	1.934	4.889	8.634	12.446	65.257
11/05/2021	0.000	6.641	8.893	14.911	72.043
12/05/2021	0.000	7.093	9.018	15.616	73.449
13/05/2021	0.000	7.203	8.696	15.554	52.709
14/05/2021	10.563	6.581	9.920	15.643	53.965
15/05/2021	1.606	6.671	9.446	15.411	65.669
16/05/2021	11.341	7.156	9.688	16.241	56.314
17/05/2021	14.987	3.875	9.705	12.188	75.499
18/05/2021	0.000	5.994	8.670	13.982	73.720
19/05/2021	0.000	6.697	8.688	14.938	62.775
20/05/2021	0.000	7.130	9.536	16.143	56.222
21/05/2021	0.000	7.173	9.545	16.214	60.517
22/05/2021	23.081	6.226	9.804	15.161	78.248
23/05/2021	0.000	6.553	9.009	15.027	90.041
24/05/2021	0.000	7.408	9.527	16.589	56.866
25/05/2021	0.000	6.939	9.455	15.902	46.624
26/05/2021	0.000	6.727	8.893	15.214	67.642
27/05/2021	0.000	6.202	9.455	14.929	74.983
28/05/2021	2.115	7.276	7.759	15.179	61.515
29/05/2021	6.785	6.371	7.384	13.679	66.531
30/05/2021	1.215	7.852	8.625	16.643	52.802
31/05/2021	5.026	5.668	8.777	13.732	42.703
01/06/2021	6.169	6.882	8.446	15.170	57.197
02/06/2021	0.000	7.163	8.045	15.295	69.553
03/06/2021	0.125	6.482	9.607	15.473	57.490
04/06/2021	3.089	6.427	9.188	15.125	70.865
05/06/2021	11.758	7.289	7.750	15.295	88.045
06/06/2021	0.117	5.991	8.732	14.188	64.319
07/06/2021	1.843	5.730	8.955	14.009	54.847
08/06/2021	9.038	5.601	8.366	13.429	43.642
09/06/2021	0.000	6.681	7.777	14.482	38.813
10/06/2021	11.236	6.135	7.741	13.714	33.646
11/06/2021	0.170	6.410	8.027	14.286	47.659
12/06/2021	0.000	7.784	8.714	16.723	66.441
13/06/2021	18.468	4.162	8.473	11.643	86.505
14/06/2021	14.661	7.486	8.768	16.348	77.574
15/06/2021	10.755	4.914	8.071	12.268	68.762
16/06/2021	13.966	6.844	7.312	14.446	50.725
17/06/2021	5.313	6.431	8.107	14.402	62.003
18/06/2021	0.000	6.724	8.589	15.179	69.553
19/06/2021	0.000	7.495	9.116	16.616	61.873
20/06/2021	0.000	6.489	7.982	14.402	69.298
21/06/2021	0.000	7.088	7.911	15.205	59.318
22/06/2021	0.000	7.394	6.446	14.661	47.575
23/06/2021	0.000	5.916	8.027	13.625	41.681
24/06/2021	1.052	7.005	8.009	15.152	45.250
25/06/2021	16.385	5.955	6.304	12.429	61.151
26/06/2021	0.000	6.753	7.795	14.634	70.003
27/06/2021	8.795	6.876	7.589	14.679	64.150
28/06/2021	3.176	6.527	6.696	13.545	64.370
29/06/2021	1.004	6.246	6.938	13.312	38.640
30/06/2021	0.287	5.945	6.705	12.732	32.499
01/07/2021	0.000	6.319	6.295	12.938	21.826
02/07/2021	0.000	6.642	6.902	13.830	24.310
03/07/2021	0.000	7.617	5.295	14.223	35.899
04/07/2021	0.000	8.082	3.839	14.009	38.828
05/07/2021	0.000	7.139	5.652	13.723	33.718
06/07/2021	0.000	7.490	5.116	13.893	30.763
07/07/2021	0.000	6.841	7.321	14.384	28.517
08/07/2021	0.000	7.565	6.777	15.071	30.530
09/07/2021	0.000	6.061	8.125	13.875	35.249
10/07/2021	0.000	6.149	8.366	14.143	50.809
11/07/2021	0.000	6.899	8.286	15.125	59.394
12/07/2021	0.000	5.931	8.089	13.616	51.287
13/07/2021	0.000	6.560	7.500	14.080	55.869
14/07/2021	0.000	6.278	8.277	14.223	66.726
15/07/2021	0.000	7.959	7.777	16.223	55.093
16/07/2021	0.000	7.089	7.464	14.750	59.747
17/07/2021	0.000	5.995	8.723	14.125	44.382
18/07/2021	0.000	6.813	8.393	15.027	39.979
19/07/2021	0.000	5.813	8.750	13.929	37.529
20/07/2021	0.000	7.278	7.562	15.080	33.922
21/07/2021	0.000	6.114	7.009	13.036	32.354
22/07/2021	1.337	6.618	8.143	14.545	54.047
23/07/2021	0.000	6.016	8.554	13.982	48.890
24/07/2021	0.886	6.550	7.393	13.875	45.437
25/07/2021	0.341	5.705	7.661	12.893	39.027
26/07/2021	2.613	6.845	7.893	14.607	28.394
27/07/2021	27.355	6.544	8.250	14.455	21.893
28/07/2021	5.508	6.718	8.161	14.625	27.247
29/07/2021	0.000	7.031	8.259	15.098	38.885
30/07/2021	0.000	6.454	7.830	14.018	59.535
31/07/2021	0.000	8.236	8.027	16.589	55.516
01/08/2021	0.000	6.513	7.080	13.500	61.720
02/08/2021	0.754	6.301	6.973	13.134	62.848
03/08/2021	0.000	6.049	6.411	12.348	66.617
04/08/2021	0.000	7.255	4.911	13.054	78.490
05/08/2021	0.000	7.747	4.205	13.321	43.794
06/08/2021	0.000	7.537	4.634	13.250	41.340
07/08/2021	0.000	9.019	5.955	16.214	38.839
08/08/2021	1.486	8.361	5.982	15.268	49.514
09/08/2021	26.348	6.797	8.357	14.714	50.216
10/08/2021	0.519	6.789	8.634	14.875	36.615
11/08/2021	0.000	8.131	7.286	15.750	33.564
12/08/2021	0.000	6.760	7.438	13.938	30.661
13/08/2021	0.270	7.126	6.839	14.027	28.247
14/08/2021	1.522	7.112	8.179	14.929	27.197
15/08/2021	33.346	7.337	7.750	14.920	27.732
16/08/2021	2.271	6.942	7.741	14.366	89.357
17/08/2021	0.000	6.489	8.125	14.036	83.500
18/08/2021	1.276	7.570	8.598	15.786	63.411
19/08/2021	16.322	6.045	9.188	14.205	55.305
20/08/2021	0.000	6.640	8.580	14.509	48.725
21/08/2021	14.844	6.987	7.723	14.366	42.855
22/08/2021	0.000	8.272	8.232	16.420	36.659
23/08/2021	0.000	7.266	7.321	14.420	31.551
24/08/2021	17.086	7.687	8.268	15.643	26.796
25/08/2021	0.706	7.399	8.732	15.580	24.652
26/08/2021	20.072	8.845	8.777	17.518	26.497
27/08/2021	4.681	7.933	8.277	15.938	22.747
28/08/2021	19.282	8.065	8.875	16.518	57.537
29/08/2021	8.262	5.851	8.714	13.527	85.744
30/08/2021	0.000	6.215	8.554	13.857	89.204
31/08/2021	0.000	6.277	8.357	13.768	60.425
01/09/2021	3.393	6.693	8.482	14.411	43.936
02/09/2021	0.000	8.797	7.196	16.304	40.831
03/09/2021	14.133	7.929	6.518	14.670	34.251
04/09/2021	0.591	9.228	7.170	16.857	30.909
05/09/2021	0.000	8.684	6.402	15.634	30.936
06/09/2021	13.154	6.278	8.589	13.911	78.407
07/09/2021	0.000	7.555	7.509	14.821	90.497
08/09/2021	0.000	7.571	8.036	15.179	71.875
09/09/2021	0.000	8.638	7.420	16.196	62.426
10/09/2021	0.000	7.451	7.018	14.312	69.396
11/09/2021	0.000	7.388	7.964	14.884	80.766
12/09/2021	0.000	6.044	7.902	13.089	66.912
13/09/2021	0.000	9.706	6.071	16.750	54.224
14/09/2021	0.000	9.243	6.420	16.321	44.346
15/09/2021	11.057	8.535	6.277	15.277	40.742
16/09/2021	0.000	7.217	6.545	13.670	39.005
17/09/2021	0.000	9.264	6.125	16.179	34.432
18/09/2021	0.000	9.525	5.732	16.277	53.477
19/09/2021	0.000	9.432	6.018	16.312	65.132
20/09/2021	0.000	9.361	8.125	17.580	72.130
21/09/2021	0.000	7.261	8.562	15.116	68.528
22/09/2021	0.000	6.345	8.920	14.223	62.051
23/09/2021	0.000	6.583	8.250	14.018	67.774
24/09/2021	0.000	6.427	8.598	14.071	54.953
25/09/2021	0.123	5.255	8.911	12.875	43.313
26/09/2021	0.000	9.228	7.170	16.795	38.116
27/09/2021	0.000	9.375	5.759	16.098	49.299
28/09/2021	0.287	7.912	7.705	15.393	76.231
29/09/2021	0.000	7.498	8.420	15.375	65.576
30/09/2021	18.065	5.940	7.875	12.938	60.310
01/10/2021	0.000	7.912	7.625	15.366	63.412
02/10/2021	0.000	8.147	8.170	16.062	62.778
03/10/2021	9.091	8.801	7.330	16.366	57.984
04/10/2021	0.000	8.973	8.241	17.205	60.707
05/10/2021	6.111	6.840	8.884	14.848	73.095
06/10/2021	4.474	7.219	9.045	15.482	58.337
07/10/2021	32.137	8.330	8.759	16.714	61.288
08/10/2021	0.000	8.782	6.955	16.134	79.072
09/10/2021	22.787	6.174	8.821	14.000	65.760
10/10/2021	0.000	7.578	8.009	15.268	42.879
11/10/2021	10.418	5.855	8.330	13.277	39.862
12/10/2021	3.975	8.393	8.223	16.509	41.681
13/10/2021	0.000	8.079	8.464	16.268	38.178
14/10/2021	20.174	7.895	8.000	15.723	32.390
15/10/2021	40.505	9.997	8.214	18.705	43.120
16/10/2021	43.707	8.701	5.893	15.482	63.389
17/10/2021	7.150	6.485	7.973	13.848	65.316
18/10/2021	0.000	8.770	6.036	15.661	54.953
19/10/2021	0.000	7.405	6.670	14.179	58.407
20/10/2021	0.000	8.339	7.536	16.071	57.843
21/10/2021	19.023	5.848	8.125	13.152	45.743
22/10/2021	6.930	6.888	8.643	14.920	36.929
23/10/2021	10.062	7.068	8.375	14.991	30.530
24/10/2021	0.543	8.183	6.911	15.509	26.891
25/10/2021	0.000	7.353	7.509	14.759	48.399
26/10/2021	5.167	6.816	7.768	14.259	69.140
27/10/2021	12.477	6.679	8.268	14.446	63.022
28/10/2021	5.196	6.699	7.652	14.054	67.232
29/10/2021	5.279	6.264	8.009	13.705	79.034
30/10/2021	0.000	7.109	7.286	14.339	88.045
31/10/2021	7.596	6.333	7.107	13.179	70.420
01/11/2021	0.356	8.108	6.455	15.259	78.688
02/11/2021	1.077	7.767	8.438	16.125	67.852
03/11/2021	24.141	7.036	8.080	14.875	60.446
04/11/2021	2.781	6.583	7.777	14.045	64.997
05/11/2021	0.000	7.455	8.071	15.455	50.300
06/11/2021	0.000	7.662	7.571	15.438	40.237
07/11/2021	0.000	8.033	5.821	14.830	35.249
08/11/2021	39.889	6.649	7.018	13.643	33.156
09/11/2021	0.000	6.747	7.759	14.330	29.903
10/11/2021	9.555	6.219	8.205	13.929	45.939
11/11/2021	6.992	7.342	8.500	15.705	51.334
12/11/2021	28.084	5.953	8.991	14.196	43.883
13/11/2021	0.747	5.403	8.607	13.196	49.591
14/11/2021	0.000	7.005	8.241	15.089	55.270
15/11/2021	0.000	6.446	8.839	14.759	43.407
16/11/2021	0.000	6.258	8.821	14.509	37.271
17/11/2021	0.000	7.949	7.500	15.973	35.862
18/11/2021	0.000	6.107	7.455	13.339	31.325
19/11/2021	1.649	5.571	7.357	12.545	28.896
20/11/2021	17.488	5.961	8.312	13.786	26.403
21/11/2021	0.000	7.063	8.509	15.446	25.593
22/11/2021	2.405	6.819	7.509	14.420	48.409
23/11/2021	20.012	4.921	8.009	12.179	57.702
24/11/2021	0.000	5.495	8.429	13.304	48.725
25/11/2021	58.433	5.462	8.107	13.018	44.499
26/11/2021	0.000	6.447	8.429	14.625	58.372
27/11/2021	27.932	6.829	8.312	15.054	43.008
28/11/2021	4.159	6.896	7.179	14.366	38.637
29/11/2021	3.585	7.348	7.304	15.116	36.023
30/11/2021	13.411	5.905	8.277	13.777	31.802
01/12/2021	1.955	6.728	7.607	14.455	44.824
02/12/2021	0.000	8.035	6.384	15.545	41.447
03/12/2021	0.000	7.740	7.679	15.982	36.957
04/12/2021	16.255	6.990	7.625	14.866	33.580
05/12/2021	4.410	6.666	7.893	14.589	53.362
06/12/2021	0.000	6.908	7.893	14.946	48.408
07/12/2021	2.975	7.790	7.571	16.018	40.069
08/12/2021	0.000	7.734	6.455	15.188	50.605
09/12/2021	33.666	6.349	7.232	13.696	55.834
10/12/2021	28.406	6.095	7.545	13.589	43.618
11/12/2021	52.230	4.083	9.223	12.179	36.454
12/12/2021	0.000	4.539	9.143	12.705	49.792
13/12/2021	0.000	5.977	7.696	13.527	56.856
14/12/2021	0.000	6.843	7.589	14.679	45.778
15/12/2021	0.586	7.309	6.589	14.679	41.388
16/12/2021	0.000	7.306	7.062	15.018	36.965
17/12/2021	0.000	7.244	8.384	15.821	39.916
18/12/2021	0.000	5.755	9.509	14.571	45.427
19/12/2021	0.000	7.861	9.295	17.339	51.900
20/12/2021	0.000	7.801	6.786	15.545	52.555
21/12/2021	0.000	6.620	8.429	14.955	54.079
22/12/2021	0.000	6.750	10.018	16.321	33.380
23/12/2021	0.000	6.447	9.241	15.312	31.522
24/12/2021	0.000	8.360	9.080	17.875	30.041
25/12/2021	0.000	6.510	8.955	15.179	30.617
26/12/2021	3.835	6.618	9.616	15.795	28.036
27/12/2021	0.000	7.170	6.964	14.714	26.140
28/12/2021	3.327	7.084	6.696	14.420	24.390
29/12/2021	0.305	5.786	8.027	13.464	23.165
01/01/2022	0.000	5.546	9.366	14.143	24.270
02/01/2022	0.000	6.156	9.098	14.750	23.229
03/01/2022	5.111	6.100	8.250	14.036	28.743
04/01/2022	1.724	5.484	7.839	12.866	27.542
05/01/2022	0.000	5.171	8.098	12.625	39.109
06/01/2022	8.449	4.832	8.366	12.411	52.027
07/01/2022	0.000	5.168	7.902	12.455	62.952
08/01/2022	0.000	7.158	7.643	15.080	67.941
09/01/2022	0.000	7.400	6.339	14.545	61.579
10/01/2022	0.000	6.457	8.366	14.598	63.271
11/01/2022	0.000	5.904	8.295	13.750	68.134
12/01/2022	0.000	6.651	8.375	14.839	86.939
13/01/2022	5.876	4.721	8.339	12.170	75.353
14/01/2022	0.634	5.106	7.554	12.071	72.309
15/01/2022	22.228	6.622	6.696	13.554	46.377
16/01/2022	17.400	6.528	7.205	13.768	37.644
17/01/2022	1.353	6.136	6.214	12.491	29.400
18/01/2022	0.000	7.135	5.768	13.652	22.718
19/01/2022	0.000	7.598	6.429	14.750	20.650
20/01/2022	0.000	6.067	8.777	14.232	22.234
21/01/2022	0.000	7.144	7.196	14.571	25.162
22/01/2022	0.000	6.705	7.777	14.339	22.506
23/01/2022	2.310	6.726	6.536	13.491	18.361
24/01/2022	0.000	8.149	9.304	17.393	19.297
25/01/2022	6.754	4.998	8.714	12.723	21.089
26/01/2022	40.919	6.121	7.848	13.545	26.066
27/01/2022	0.000	5.302	9.027	13.321	30.574
28/01/2022	0.000	8.646	6.170	15.929	27.496
29/01/2022	0.000	7.835	7.429	15.589	24.324
30/01/2022	2.677	7.289	7.420	14.812	21.825
31/01/2022	0.000	6.211	7.750	13.527	32.864
01/02/2022	6.920	7.030	7.036	14.134	24.901
02/02/2022	0.000	6.425	7.955	13.946	23.362
03/02/2022	0.000	7.174	8.054	15.009	19.480
04/02/2022	1.528	7.690	7.250	15.143	20.358
05/02/2022	12.682	6.085	7.598	13.170	19.903
06/02/2022	1.695	5.459	8.759	13.232	30.086
07/02/2022	0.000	4.981	8.679	12.536	41.919
08/02/2022	55.694	3.360	8.705	10.714	55.729
09/02/2022	0.860	7.094	6.982	14.062	41.776
10/02/2022	2.158	8.146	7.402	15.804	36.337
11/02/2022	14.239	7.218	7.812	14.759	28.021
12/02/2022	0.000	7.369	8.143	15.214	26.257
13/02/2022	0.000	6.211	8.964	14.241	36.915
14/02/2022	30.891	4.942	8.812	12.536	44.345
15/02/2022	3.215	6.534	8.366	14.205	46.435
16/02/2022	4.204	6.600	8.205	14.152	48.492
17/02/2022	0.000	6.932	8.330	14.670	43.860
18/02/2022	21.127	5.658	7.795	12.589	37.601
19/02/2022	18.009	7.068	7.018	13.875	51.995
20/02/2022	25.378	5.910	7.643	12.812	49.489
21/02/2022	0.000	5.259	7.911	12.143	46.084
22/02/2022	0.000	7.783	6.741	14.643	61.063
23/02/2022	0.000	6.877	8.527	14.679	67.854
24/02/2022	23.897	6.274	7.920	13.438	66.374
25/02/2022	0.000	5.292	8.482	12.598	51.087
26/02/2022	0.000	5.894	8.634	13.482	45.672
27/02/2022	0.950	5.247	8.661	12.679	43.971
28/02/2022	5.726	6.334	8.509	13.938	56.292
01/06/2022	3.217	6.636	6.920	13.759	44.327
02/06/2022	14.316	5.897	7.580	13.179	59.465
03/06/2022	2.503	4.923	7.366	11.696	55.934
04/06/2022	11.859	6.423	7.429	13.830	68.522
05/06/2022	39.723	6.789	7.946	14.732	67.546
06/06/2022	18.188	8.086	7.009	15.973	76.220
07/06/2022	56.148	6.219	7.893	13.911	65.522
08/06/2022	0.381	6.284	6.723	13.152	63.299
09/06/2022	0.000	6.396	7.589	13.955	80.837
10/06/2022	0.000	7.639	7.482	15.652	73.362
11/06/2022	5.888	5.418	8.411	13.223	65.810
12/06/2022	0.809	5.674	7.857	13.161	63.413
13/06/2022	3.258	3.978	8.018	11.027	53.754
14/06/2022	0.000	6.054	7.304	13.268	69.862
15/06/2022	0.000	7.520	5.938	14.491	63.548
16/06/2022	0.202	6.637	6.821	13.777	59.763
17/06/2022	3.210	7.370	6.812	14.839	65.853
18/06/2022	4.958	7.334	6.670	14.714	53.754
19/06/2022	30.473	6.361	7.509	13.902	64.470
20/06/2022	28.520	5.535	8.321	13.312	61.932
21/06/2022	18.388	7.396	7.223	15.188	61.932
22/06/2022	0.000	5.861	8.411	13.830	68.532
23/06/2022	1.505	3.824	8.188	10.973	57.695
24/06/2022	0.000	7.021	6.723	14.295	43.350
25/06/2022	25.002	5.740	7.777	13.205	69.134
26/06/2022	0.000	4.303	7.634	11.125	68.685
27/06/2022	0.000	6.790	7.411	14.411	63.179
28/06/2022	0.000	6.416	7.509	13.938	55.587
29/06/2022	9.837	6.643	8.188	14.759	45.468
30/06/2022	4.023	5.789	8.857	14.062	37.443
01/07/2022	0.000	6.336	8.143	14.277	58.090
02/07/2022	0.000	5.828	9.018	14.232	66.726
03/07/2022	0.000	6.756	9.196	15.625	59.676
04/07/2022	0.000	6.474	8.830	14.964	61.368
05/07/2022	0.000	6.771	7.938	14.750	50.864
06/07/2022	0.000	7.159	8.446	15.634	41.008
07/07/2022	0.000	7.747	6.295	15.027	35.055
08/07/2022	0.000	5.662	7.795	13.071	44.016
09/07/2022	0.000	6.447	8.955	15.000	36.850
10/07/2022	0.000	6.269	7.857	13.929	35.381
11/07/2022	0.000	6.317	8.768	14.652	69.581
12/07/2022	0.000	8.018	6.938	15.786	68.234
13/07/2022	11.737	7.631	8.027	15.964	60.945
14/07/2022	0.000	6.924	7.857	14.812	51.040
15/07/2022	6.211	7.259	7.527	15.080	42.679
16/07/2022	0.000	7.605	7.562	15.562	40.589
17/07/2022	7.130	4.711	9.116	12.768	51.380
18/07/2022	6.891	4.895	8.277	12.321	69.633
19/07/2022	0.000	7.353	6.679	14.580	58.454
20/07/2022	0.000	5.053	7.500	11.929	43.395
21/07/2022	0.000	6.457	7.277	13.670	49.128
22/07/2022	0.000	7.817	7.116	15.473	65.034
23/07/2022	13.127	5.551	8.518	13.330	62.702
24/07/2022	0.000	6.987	8.554	15.295	68.452
25/07/2022	18.147	5.980	8.723	14.054	58.830
26/07/2022	0.000	5.702	9.188	14.018	52.344
27/07/2022	54.887	5.479	8.527	13.223	67.888
28/07/2022	0.938	5.856	8.098	13.375	62.702
29/07/2022	3.338	8.071	8.009	16.357	59.535
30/07/2022	0.964	8.214	8.598	16.946	49.972
31/07/2022	6.288	6.475	8.777	14.679	42.751
01/08/2022	0.984	7.398	8.830	15.946	61.545
02/08/2022	15.822	5.953	8.438	13.732	63.412
03/08/2022	0.000	7.013	8.536	15.196	63.695
04/08/2022	3.132	7.149	7.634	14.732	57.632
05/08/2022	0.375	5.443	8.339	12.920	54.953
06/08/2022	5.156	6.915	7.830	14.518	51.357
07/08/2022	0.000	7.885	7.705	15.759	62.778
08/08/2022	0.000	9.393	6.911	17.330	53.096
09/08/2022	3.159	6.800	7.795	14.312	42.111
10/08/2022	0.269	6.606	9.295	15.125	34.192
11/08/2022	0.000	8.222	6.179	15.161	29.786
12/08/2022	0.000	7.561	6.527	14.420	31.201
13/08/2022	0.000	6.320	7.036	13.036	28.153
14/08/2022	0.812	6.328	7.795	13.607	37.876
15/08/2022	13.949	7.488	8.027	15.312	48.944
16/08/2022	0.000	8.628	6.446	15.821	44.896
17/08/2022	3.772	8.275	6.661	15.438	33.188
18/08/2022	2.872	9.163	7.670	17.286	28.050
19/08/2022	1.737	8.443	7.688	16.339	31.201
20/08/2022	4.305	5.915	7.107	12.491	30.263
01/09/2022	0.000	9.042	5.500	15.580	61.650
02/09/2022	10.454	6.984	8.295	14.643	66.162
03/09/2022	0.627	6.739	8.964	14.812	64.823
04/09/2022	0.000	6.861	7.723	14.054	56.574
05/09/2022	0.000	6.801	6.491	13.089	50.511
06/09/2022	0.000	5.629	8.205	12.812	43.100
07/09/2022	0.000	8.475	6.179	15.161	34.792
08/09/2022	0.000	9.568	6.500	16.848	33.156
09/09/2022	0.000	8.154	7.089	15.330	28.823
10/09/2022	0.000	7.301	6.696	13.893	28.546
11/09/2022	0.000	8.812	6.321	15.696	24.696
12/09/2022	0.000	10.638	5.116	17.446	35.425
13/09/2022	32.321	8.622	6.036	15.232	41.513
14/09/2022	0.000	8.464	7.018	15.670	50.770
15/09/2022	20.944	8.565	7.366	16.036	52.978
16/09/2022	35.421	6.796	8.134	14.214	63.624
17/09/2022	0.000	7.404	7.259	14.384	53.965
18/09/2022	0.000	8.377	7.902	16.116	59.676
19/09/2022	0.000	9.166	6.304	16.143	51.992
20/09/2022	36.578	8.327	6.911	15.429	45.891
21/09/2022	21.915	6.318	7.250	12.955	35.252
22/09/2022	1.668	8.671	5.839	15.214	33.567
23/09/2022	3.464	8.129	6.929	15.143	41.653
24/09/2022	13.453	7.242	7.277	14.196	35.316
25/09/2022	3.835	8.134	7.330	15.429	34.800
26/09/2022	5.944	7.931	8.045	15.643	57.263
27/09/2022	0.112	9.067	6.679	16.268	51.992
28/09/2022	7.659	6.913	8.232	14.473	40.186
29/09/2022	7.257	8.394	7.545	15.938	31.070
30/09/2022	4.187	6.115	8.080	13.321	25.048
01/10/2022	16.328	6.517	7.527	13.464	38.972
02/10/2022	0.000	6.478	6.911	12.955	50.022
03/10/2022	0.000	7.706	7.589	15.071	63.245
04/10/2022	0.323	7.216	7.884	14.616	75.297
05/10/2022	19.607	7.226	6.446	13.643	64.221
06/10/2022	11.528	8.546	8.107	16.598	66.021
07/10/2022	0.539	7.653	7.509	14.964	57.561
08/10/2022	15.373	5.328	8.045	12.348	42.716
09/10/2022	0.000	6.757	7.688	13.911	34.564
10/10/2022	0.000	6.528	8.482	14.196	28.328
11/10/2022	0.000	7.219	6.491	13.714	23.018
12/10/2022	0.315	7.792	5.652	13.955	22.067
13/10/2022	2.174	6.855	7.080	13.634	32.063
14/10/2022	20.175	7.803	7.259	15.071	46.761
15/10/2022	23.876	6.671	8.188	14.232	47.246
16/10/2022	0.000	7.089	8.527	15.036	59.159
17/10/2022	0.000	6.509	8.152	13.982	47.257
18/10/2022	43.388	6.445	7.768	13.643	39.922
19/10/2022	10.808	6.313	7.964	13.661	35.871
20/10/2022	12.013	5.345	7.312	11.875	33.237
21/10/2022	0.000	8.416	8.375	16.786	32.011
22/10/2022	3.792	7.153	8.643	15.268	26.074
23/10/2022	21.390	6.178	8.562	13.964	21.262
24/10/2022	17.983	6.406	8.938	14.545	36.935
25/10/2022	16.633	6.771	8.598	14.759	51.663
26/10/2022	72.649	4.151	9.250	12.027	59.794
27/10/2022	13.415	6.952	8.455	14.955	43.079
28/10/2022	30.655	6.448	8.277	14.152	41.097
29/10/2022	67.059	7.014	8.045	14.786	33.360
30/10/2022	0.000	7.741	8.580	16.161	30.123
31/10/2022	0.000	9.565	4.696	16.223	40.383
01/11/2022	0.000	8.548	7.098	16.277	52.392
02/11/2022	38.493	5.425	7.893	12.571	45.696
03/11/2022	0.000	6.506	6.893	13.304	40.464
04/11/2022	0.000	6.570	7.920	14.116	35.768
05/11/2022	2.585	5.792	8.491	13.527	32.032
06/11/2022	29.501	6.622	8.062	14.330	39.694
07/11/2022	15.549	7.811	6.295	14.795	51.029
08/11/2022	21.576	6.703	7.804	14.286	42.996
09/11/2022	22.564	6.957	7.884	14.723	37.352
10/11/2022	23.079	5.914	7.955	13.357	38.354
11/11/2022	0.000	6.204	8.027	13.795	35.831
12/11/2022	16.736	5.386	7.759	12.482	28.794
13/11/2022	1.997	7.648	5.795	14.357	25.746
14/11/2022	0.000	8.296	8.554	17.125	22.741
15/11/2022	0.000	6.483	8.580	14.634	27.183
16/11/2022	8.892	5.362	9.759	14.054	37.571
17/11/2022	4.328	5.548	8.884	13.634	50.525
18/11/2022	0.751	5.540	9.214	13.884	63.689
19/11/2022	19.274	7.419	7.688	15.357	75.156
20/11/2022	0.000	5.637	9.143	13.973	64.552
21/11/2022	6.429	6.601	8.786	15.036	50.687
22/11/2022	0.000	5.849	8.973	14.152	43.215
23/11/2022	0.000	6.487	7.714	14.125	36.245
24/11/2022	0.000	6.631	6.634	13.580	48.115
25/11/2022	0.000	7.271	8.027	15.500	54.952
26/11/2022	0.000	6.050	9.473	14.812	53.084
27/11/2022	27.739	5.923	8.375	13.848	42.703
28/11/2022	1.774	6.126	7.768	13.696	36.984
29/11/2022	52.754	5.517	8.554	13.455	26.621
30/11/2022	10.394	5.833	7.875	13.420	33.381
01/12/2022	21.171	5.671	8.982	13.991	51.745
02/12/2022	9.280	7.214	8.464	15.768	46.060
03/12/2022	0.823	6.505	7.312	13.946	39.591
04/12/2022	25.143	4.769	8.232	12.223	37.909
05/12/2022	0.000	6.200	8.134	14.134	38.280
06/12/2022	0.695	5.917	7.259	13.089	56.911
07/12/2022	3.841	5.342	7.759	12.634	49.853
08/12/2022	0.000	6.253	7.804	13.973	44.205
09/12/2022	4.904	5.983	8.545	14.152	39.239
10/12/2022	0.000	6.498	8.232	14.643	35.352
11/12/2022	1.425	5.473	8.938	13.732	32.441
12/12/2022	1.304	6.099	8.071	13.946	29.611
13/12/2022	0.000	6.455	7.527	14.080	26.446
14/12/2022	3.379	6.148	8.438	14.295	22.836
15/12/2022	0.000	7.492	6.161	14.679	21.637
16/12/2022	0.000	7.970	6.723	15.759	31.970
17/12/2022	0.578	7.390	7.205	15.223	40.508
18/12/2022	4.619	6.533	6.304	13.330	53.308
19/12/2022	0.000	8.047	5.714	15.232	55.657
20/12/2022	1.186	7.399	7.893	15.688	63.131
21/12/2022	14.617	7.834	7.107	15.795	57.702
22/12/2022	0.000	6.940	8.259	15.286	50.840
23/12/2022	1.686	7.846	7.509	16.080	43.231
24/12/2022	2.642	5.725	8.393	13.661	41.270
25/12/2022	20.939	7.227	6.554	14.545	44.638
26/12/2022	0.555	5.017	8.348	12.661	73.970
27/12/2022	0.555	6.717	7.446	14.375	64.080
28/12/2022	0.555	7.715	6.750	15.357	56.010
29/12/2022	0.555	8.362	5.562	15.580	50.934
30/12/2022	1.152	8.838	4.768	15.795	45.667
31/12/2022	12.647	6.403	7.188	13.732	35.167
