gauge_id,gauge_department,gauge_lat,gauge_lon,gauge_elev,gauge_star,gauge_end,gauge_n,gauge_missing,area,perimeter,gravelius_index,factor_form,maximum_ele,mean_ele,minimum_ele,streng_chanel,equi_slope,cn_catchment,tc_kirpich,tc_chow,tc_Johnstone,tc_Engi_Corps,tc_representative,aridity,high_prec_freq,high_prec_dur,low_prec_freq,low_prec_dur,q_mean,runoff_ratio,stream_elas,slope_fdc,baseflow_index,Q5,Q95,high_q_freq,high_q_dur,low_q_freq,low_q_dur,forest_perc,nat_non_forest_form_perc,agricul_livestock_perc,non_vegeted_perc,water_bodies_perc,non_identi_land_perc,unconso_depo_perc,hypabyssal_rock_perc,metamor_rock_perc,plutonic_rock_perc,sedimen_rock_perc,volcanic_rock_perc,volcaniclastic_rock_perc,inceptisols_perc,entisols_perc,andisols_perc,urban_perc,alfisols_perc,vertisols_perc,aridisols_perc,water_bodies_perc_soil,ultisols_perc,spodosols_perc,coal_mine_pit_perc,histosols_perc,oxisols_perc,eroded_misce_perc,rocky_misce_perc,mollisols_perc,perpetual_snow_perc,class_1,class_2,class_3,class_4,class_5,class_6,class_7,class_8,Urban_area,No_classified,start,end,span_yr,n_years_obs,missing_pct,ends_2022,lon_wgs84,lat_wgs84,region,zona_hidro,q_start,q_end,q_years,q_miss,q_gap_max,q_gaps_gt90,pr_miss,t_miss,imerg_q_years,imerg_q_miss,imerg_gap_max,nombre,corriente,municipio,subzona_hidrografica,estado,sz,sub_aprox_n,sub_aprox,imerg_px_aprox,score,pasa_series,n_sub,n_sub_ok,subs,sub_frac,imerg_px,imerg_cobertura,P_imerg_anual,P_chirps_anual,fase_imerg,lag_imerg,r_mes_imerg,RR_imerg,RRcv_imerg,fase_chirps,r_mes_chirps,RR_chirps,flat,escalon,banderas,n_banderas,s_registro,s_subcuencas,s_imerg,s_balance,s_natural
24027010,Santander,725494.34,-8140577.91,1123,1/01/1981,31/12/2022,14410,6.063,2124.0,340.46,2.08,0.22,4299,2264.21,1121.01,99.12,4.45e-05,70.19,108.18,74.88,56.33,42.17,78.21,1.54,4.5,1.05,118.93,13.91,3.58,0.59,1.92,0.7,0.7,1.2,8.01,0,0,0,3,42.03,7.39,50.21,0.25,0.13,0.0,0.0,16.98,8.8,63.72,5.07,5.4,5.396,43.54,17.61,29.7,0.08,0.98,0.0,0.0,0.2,0.0,0.0,0,0.0,0.0,0.0,0.72,7.16,0.0,0.0,0.0,0.98,12.46,0.0,16.08,26.67,43.74,0.07,0.01,1981-01-01,2022-12-31,41.9958932238193,39.45242984257358,6.063,True,-73.1280555811875,6.546666657273197,Magdalena-Cauca,24,1981-01-01,2022-12-31,39.45242984257358,6.062581486310304,121,2,0.0,0.0,23.548254620123203,5.804402584601909,54,SAN GIL,FONCE,San Gil,Río Fonce,Activa,2402,5,24027030;24027040;24027050;24027060;24027070,17.26829268292683,0.8358203571264924,True,5,5,24027070;24027030;24027050;24027040;24027060,0.743;0.299;0.289;0.087;0.079,17,0.9999999999999589,2223.9741666395603,2127.0534945054947,0.7927127338266113,0,0.7152016617989139,0.5997603836798948,0.09476567801194945,0.8805446697846594,0.7902687787330372,0.6064875181344936,0.0,-1.230423473978029,,0,0.653867136836339,1.0,0.8296814699094901,0.8894213696002339,0.8767999999999999
23107020,Antioquia,745770.49,-8283669.79,149,1/01/1981,31/12/2022,14917,2.757,2448.55,449.06,2.56,0.17,1991,906.83,137.0,120.63,2.11e-05,73.27,167.72,107.8,74.89,56.42,74.36,1.48,3.17,0.98,126.41,17.62,2.67,0.35,1.8,0.48,0.74,1.09,6.26,0,1,0,7,28.77,0.38,69.02,1.82,0.02,0.0,0.0,37.68,56.08,4.37,1.69,0.18,0.182,65.04,2.54,0.0,0.05,0.0,0.0,0.0,0.16,0.0,0.0,0,0.0,32.21,0.0,0.0,0.0,0.0,0.0,0.0,1.61,35.46,0.0,38.98,23.73,0.0,0.05,0.16,1981-01-01,2022-12-31,41.9958932238193,40.84052019164955,2.757,True,-74.41347180956147,6.7287924344264445,Magdalena-Cauca,23,1981-01-01,2022-12-31,40.84052019164955,2.7574967405475825,31,0,0.0,0.0,24.802190280629706,0.7885226152666736,31,LA BODEGA - AUT,REGLA,Yondó (Casabe),Rió San Bartolo y otros directos al Magdalena Medio,En Mantenimiento,2310,2,23107030;23107040,19.90691056910569,0.7842654880934877,True,2,2,23107040;23107030,0.126;0.126,19,0.9999999999999181,3141.7841958881822,2877.7923210702343,0.8528438652066925,1,0.7711000875401226,0.32185729405502195,0.13764737368042837,0.8704660642024511,0.7263890821754843,0.35110774325474636,0.5765234296440302,7.77923013359581,,0,0.8787204485796773,0.6666666666666666,0.8519984450542448,0.49301620901115983,0.962
35017020,Meta,454081.86,-8119241.05,185,1/01/1981,31/12/2012,11587,0.864,8040.54,985.83,3.1,0.1,4114,1188.43,179.06,279.27,2.52e-05,73.97,298.76,174.2,108.95,103.2,191.53,1.31,10.66,1.25,153.28,16.0,4.64,0.62,2.42,0.93,0.75,0.69,9.7,0,0,38,76,31.51,9.62,56.42,0.92,1.52,0.0,0.0,6.91,0.0,46.88,0.0,0.0,0.0,46.37,14.3,8.42,0.03,0.39,0.0,0.0,1.48,22.24,0.0,0,0.0,6.74,0.02,0.0,0.0,0.0,0.0,0.0,5.25,23.76,0.0,32.8,23.78,14.36,0.03,0.02,1981-01-01,2012-12-31,31.99726214921287,31.72347707049966,0.864,False,-72.93638330665631,4.103019437000648,Orinoco,35,1981-01-01,2012-12-31,31.72347707049966,0.8641341546885672,31,0,0.0,0.0,14.89390828199863,0.7118087242197535,8,PUENTE LLERAS - AUT,META,Puerto López,Directos Rio Metica entre ríos Guayuriba y Yucao,Activa,3501,1,35017040,65.37024390243903,0.7509491837303829,True,7,3,35027140;35027210;35017040;35027190;35027200;35027100;35027130,0.355;0.310;0.296;0.162;0.126;0.024;0.023,65,0.9999999999999395,2672.6440476061107,2778.812561797753,0.8586379372744594,1,0.8019488706061841,0.6032912953188829,0.0833997440977985,0.8965551625690957,0.8363174239756407,0.6052052971606345,0.0,0.25205573392931957,embalse?,1,0.7572843101198922,1.0,0.9175674852268167,0.8815748992913713,0.0
22057040,Tolima,406550.78,-8383031.76,425,1/01/1981,28/02/2021,14246,2.884,6240.91,572.22,2.04,0.2,4622,2384.26,425.0,177.86,3.38e-05,66.12,188.47,118.78,80.78,69.26,38.07,1.62,12.07,1.42,164.44,15.29,3.23,0.6,3.07,0.58,0.74,1.24,6.33,0,0,2,11,56.43,12.76,30.36,0.15,0.3,0.0,1.44,17.01,62.4,12.64,0.48,4.93,4.932,33.42,37.72,25.31,0.04,0.0,0.0,0.0,0.29,0.0,0.0,0,0.0,0.0,0.0,0.0,3.21,0.0,0.0,0.0,1.33,4.4,0.0,3.88,67.56,22.81,0.02,0.0,1981-01-01,2021-02-28,40.15879534565367,39.00342231348392,2.884,False,-75.30605557267371,3.6741667008774,Magdalena-Cauca,22,1981-01-01,2021-02-28,39.00342231348392,2.8836321494307704,92,1,0.0,0.0,22.25598904859685,3.912529550827426,90,PALMALARGA,SALDANA,Chaparral,Bajo Saldaña,Activa,2205,2,22057050;22057060,50.739105691056906,0.7499178655203038,True,6,5,22057060;22017020;22027010;22027020;22017010;22057050,0.709;0.262;0.222;0.147;0.105;0.028,52,0.9999999999999377,2174.4004101418786,1936.3104089219332,0.3290111198698517,1,0.4867533460331552,0.5750545498672849,0.13241430830651124,0.24947718910451142,0.4267275764917666,0.6361518661160888,0.0,6.220556420467491,fase_IMERG<0.5,1,0.7818562402231257,1.0,0.38082128834780227,0.9443232225171448,0.784
22057010,Tolima,432507.31,-8360458.64,350,1/01/1981,31/12/2020,14039,3.908,7772.34,670.21,2.14,0.15,4622,2124.49,339.0,228.66,2.76e-05,66.65,247.25,148.85,96.36,87.13,69.26,1.69,11.48,1.45,160.65,15.1,3.54,0.65,2.68,0.57,0.75,1.36,7.35,0,0,2,16,51.94,10.76,36.72,0.2,0.38,0.0,1.23,13.66,56.43,21.51,0.38,5.4,5.399,39.33,32.53,22.16,0.08,0.0,0.0,0.0,0.56,0.0,0.0,0,0.0,0.0,0.0,0.16,5.18,0.0,0.0,0.0,2.75,6.59,0.0,4.41,65.32,20.88,0.06,0.0,1981-01-01,2020-12-31,39.99726214921287,38.43668720054757,3.908,False,-75.10327778561107,3.9083888890366008,Magdalena-Cauca,22,1981-01-01,2020-12-31,38.43668720054757,3.908281998631069,69,0,0.0,0.0,21.437371663244356,6.796809903582912,69,PIEDRAS DE COBRE  - AUT,SALDANA,Coyaima,Bajo Saldaña,En Mantenimiento,2205,6,22057040;22057050;22057060;22057070;22057080;22057090,63.189756097560974,0.7384167902895621,True,8,6,22057070;22057090;22057080;22057040;22057060;22017020;22027010;22027020,0.830;0.817;0.803;0.803;0.569;0.210;0.178;0.118,65,0.9999999999999415,2175.975703575602,2008.0177377049179,0.5986096292127916,1,0.5247140750653632,0.6019554604858633,0.24032700966204706,0.5196505133778447,0.48458999871958497,0.6571928377523588,0.16382933257354512,6.00614039667556,,0,0.7549224345719164,1.0,0.43793867390081614,0.884543421142526,0.7167999999999999
24017570,Santander,677836.94,-8181240.44,1048,1/01/1981,31/12/2022,14602,4.811,5403.54,602.77,2.31,0.14,3919,2509.83,1049.01,198.21,1.99e-05,73.66,251.44,150.94,97.41,83.21,40.56,2.18,4.85,1.1,127.88,14.22,2.15,0.51,1.32,1.04,0.6,0.34,5.91,1,2,32,53,29.53,5.94,61.52,2.63,0.39,0.0,0.0,0.0,0.0,90.06,0.0,3.71,3.71,35.93,8.4,30.98,0.3,9.19,6.42,0.0,0.86,0.12,0.0,0,0.0,0.0,5.54,0.0,2.26,0.0,0.0,1.45,2.97,22.52,0.55,29.32,24.22,18.06,0.33,0.57,1981-01-01,2022-12-31,41.9958932238193,39.97809719370294,4.811,True,-73.49333330308718,6.118333318974797,Magdalena-Cauca,24,1981-01-01,2022-12-31,39.97809719370294,4.810951760104299,365,2,0.0,0.0,23.066392881587955,7.731902310809335,365,SAN BENITO,SUÁREZ,San Benito,Río Suárez,Activa,2401,4,24017150;24017590;24017600;24017740,43.93121951219512,0.7383925236050511,True,4,4,24017590;24017600;24017740;24017150,0.427;0.217;0.036;0.033,43,0.9999999999999385,1872.7324199458521,1555.4382109090911,0.8906435638663104,0,0.8094030755027264,0.4292560047885948,0.17846364585317712,0.8853982679239167,0.8107602204206458,0.5198238066177964,0.0,14.276688297569228,,0,0.48998927767846895,1.0,0.8471728103569425,0.7316800106413217,0.629
21027010,Huila,227076.67,-8443793.65,852,1/01/1981,31/12/2022,15212,0.834,3563.92,471.05,2.23,0.17,4662,2183.89,847.0,146.51,3.29e-05,68.58,164.16,105.9,73.86,60.1,8.98,1.94,14.24,1.64,188.1,14.29,3.84,0.87,2.41,0.58,0.67,1.36,9.24,0,1,0,4,56.67,1.57,41.18,0.4,0.18,0.0,0.0,11.49,11.54,14.62,15.44,43.13,43.131,38.12,14.96,41.21,0.31,4.05,0.0,0.0,0.25,0.0,0.0,0,0.0,0.0,0.0,0.0,1.1,0.0,0.0,0.0,3.18,9.29,0.0,46.65,34.87,5.5,0.32,0.19,1981-01-01,2022-12-31,41.9958932238193,41.64818617385352,0.834,True,-75.8518889174636,2.053166651614233,Magdalena-Cauca,21,1981-01-01,2022-12-31,41.64818617385352,0.8344198174706663,89,0,0.0,0.0,24.648870636550303,1.4018179826963073,89,PERICONGO,MAGDALENA,Altamira,Río Timaná y otros directos al Magdalena,Activa,2102,0,,28.974959349593497,0.7175602457764054,True,4,4,21017040;21017020;21017060;21017050,0.840;0.316;0.157;0.075,29,0.9999999999999439,2300.6919653895684,1614.9154054054056,0.1838203884591791,2,0.3386723786967705,0.6087030618002159,0.20788212685974447,0.2649557774903264,0.40662058205059803,0.8759471702300651,0.05259006047856955,1.2844940000913492,fase_IMERG<0.5,1,0.9107162596605767,1.0,0.19163547251199964,0.8695487515550758,0.7435999999999999
21017040,Huila,219878.66,-8461620.23,1014,1/01/1981,31/12/2022,15251,0.58,2995.37,410.59,2.12,0.22,4662,2279.34,1013.0,117.67,3.57e-05,67.89,134.38,89.67,64.85,50.1,24.05,1.85,14.36,1.62,189.31,14.31,3.98,0.87,2.52,0.61,0.68,1.43,9.36,0,1,0,3,60.74,1.79,36.89,0.43,0.15,0.0,0.0,13.67,12.1,8.29,18.36,43.12,43.119,33.77,16.21,44.01,0.31,4.27,0.0,0.0,0.22,0.0,0.0,0,0.0,0.0,0.0,0.0,1.21,0.0,0.0,0.0,3.79,8.97,0.0,44.66,36.24,5.87,0.33,0.15,1981-01-01,2022-12-31,41.9958932238193,41.75496235455168,0.58,True,-76.0120278102394,1.988111068876386,Magdalena-Cauca,21,1981-01-01,2022-12-31,41.75496235455168,0.5801825293350715,59,0,0.0,0.0,24.75564681724846,0.9747015660935276,59,SALADO BLANCO,MAGDALENA,Elías,Río Timaná y otros directos al Magdalena,Activa,2101,3,21017020;21017050;21017060,24.35260162601626,0.7172638773162003,True,3,3,21017020;21017060;21017050,0.376;0.187;0.090,25,0.9999999999999432,2320.0304129557726,1656.9236338983048,0.1306759875021136,2,0.29628997728271345,0.6253789186809264,0.21284819612202563,0.21100891724867396,0.3784008152046894,0.8809167497208162,0.22949314799029571,-0.9075291603357123,fase_IMERG<0.5,1,0.9486785695191344,1.0,0.16458216465356926,0.8324912918201636,0.7605
16037020,Norte De Santander,942058.69,-8085258.3,45,1/01/1981,23/12/2022,14472,5.609,1897.44,343.63,2.23,0.11,3607,1124.4,46.07,134.51,3.07e-05,67.86,157.9,102.53,72.01,57.08,15.08,2.07,10.14,1.67,145.5,17.36,3.12,0.61,1.4,0.89,0.59,0.66,10.57,5,11,15,64,46.48,4.08,49.07,0.13,0.23,0.0,0.0,32.86,6.97,53.63,0.0,0.0,0.0,65.23,18.28,1.94,0.06,0.0,0.0,0.0,0.31,0.0,0.0,0,0.0,5.14,0.0,0.26,8.79,0.0,0.0,0.0,0.0,13.99,1.83,29.17,22.47,32.13,0.1,0.3,1981-01-01,2022-12-23,41.973990417522245,39.62217659137577,5.609,True,-72.63111106944218,8.488055554124701,Caribe,16,1981-01-01,2022-12-23,39.62217659137577,5.609183407252805,160,1,0.0,0.0,22.62559890485969,9.41576235887318,160,CAMPO DOS,SARDINATA,Tibú,"Río Nuevo Presidente - Tres Bocas (Sardinata, Tibu)",Activa,1603,4,16037010;16037030;16037040;16037050,15.426341463414635,0.7113174119030611,True,2,2,16037030;16037050,0.488;0.224,15,0.9999999999999498,2219.7285615250603,1872.9369230769232,0.6959164968911524,1,0.7042336519747592,0.5394034789938974,0.24094373131597407,0.8258336700008598,0.7190471336605752,0.6253953498343338,0.8015478164731896,25.444977415590667,escalon>25%,1,0.638305482473774,0.6666666666666666,0.5949995264799404,0.9764521755419941,0.8212666666666667
21047010,Huila,246905.03,-8421158.68,711,1/01/1981,31/12/2014,12379,0.314,5654.43,580.05,2.18,0.15,4662,1924.51,716.03,193.22,2.72e-05,69.79,218.53,134.33,88.93,76.89,34.85,1.99,12.35,1.38,172.85,13.15,3.33,0.73,2.66,0.5,0.72,1.33,7.17,0,1,0,0,48.64,1.44,49.19,0.38,0.35,0.0,0.0,19.9,11.32,15.03,10.5,39.07,39.069,42.0,13.76,33.73,0.27,4.49,0.0,0.0,0.34,0.01,0.0,0,0.0,1.15,0.0,0.03,4.23,0.0,0.0,0.0,2.48,8.66,0.0,42.76,40.56,4.97,0.28,0.29,1981-01-01,2014-12-31,33.9958932238193,33.89185489390828,0.314,False,-75.64855552239773,2.232361148161752,Magdalena-Cauca,21,1981-01-01,2014-12-31,33.89185489390828,0.3140602351425325,11,0,0.0,0.0,16.892539356605067,0.6281204702850651,11,PUENTE BALSEADERO,MAGDALENA,Agrado,Ríos Directos al Magdalena (mi),Suspendida,2104,0,,45.9709756097561,0.7110348143985599,True,6,6,21027010;21017040;21017020;21037010;21017060;21017050,0.630;0.530;0.199;0.176;0.099;0.048,45,0.9999999999999412,2375.48359161046,1687.3409552238804,0.1543363944900688,2,0.35424942893804284,0.4852921003464221,0.11595802749764332,0.37200486160778184,0.5003917911895536,0.7167777434634094,0.12925115114306487,-1.591179410271316,fase_IMERG<0.5,1,0.8220754925269464,1.0,0.31044096460539683,0.8562046674364935,0.6631666666666667
24027070,Santander,713958.71,-8143482.93,1195,1/01/1981,31/12/2022,14590,4.889,1577.82,295.8,2.1,0.22,4286,2423.07,1192.0,84.13,5.3e-05,69.36,89.12,63.74,49.67,36.01,34.23,1.55,5.12,1.12,128.66,14.71,3.55,0.6,1.8,0.79,0.68,1.0,8.11,0,1,4,23,46.18,9.22,44.26,0.22,0.13,0.0,0.0,14.32,3.53,68.05,6.83,7.23,7.23,41.92,13.81,33.68,0.07,1.32,0.0,0.0,0.17,0.0,0.0,0,0.0,0.0,0.0,0.49,8.53,0.0,0.0,0.0,0.02,12.46,0.0,15.4,28.64,43.4,0.07,0.01,1981-01-01,2022-12-31,41.9958932238193,39.94524298425736,4.889,True,-73.15415181985422,6.443020385503231,Magdalena-Cauca,24,1981-01-01,2022-12-31,39.94524298425736,4.889178617992174,365,1,0.0,0.0,23.34839151266256,6.603876902858397,365,MERIDA - AUT,FONCE,Páramo,Río Fonce,Activa,2402,4,24027030;24027040;24027050;24027060,12.82780487804878,0.7058926634595866,True,2,2,24027030;24027050,0.402;0.389,12,0.9999999999999347,2202.5925435857903,2133.8287741935483,0.7184148928709767,0,0.6702919691896252,0.613465849459982,0.09792483596415466,0.8706524144765345,0.8045989015239421,0.6402832159373414,0.0,6.662814406790356,,0,0.48657492745792547,0.6666666666666666,0.7594635256603965,0.858964778977818,0.8813666666666666
26057040,Valle Del Cauca,344844.73,-8529747.75,1022,1/01/1981,31/12/2022,15285,0.359,396.15,155.76,2.21,0.2,3398,1800.39,1022.0,44.04,5.84e-05,67.22,52.16,40.83,35.08,21.62,194.82,1.06,9.31,1.43,152.88,12.12,4.93,0.65,2.34,0.76,0.73,1.35,10.56,0,1,9,37,61.15,1.33,36.95,0.5,0.07,0.0,0.0,0.0,0.0,70.28,28.6,0.0,0.0,23.94,9.01,61.82,0.0,0.0,0.0,0.0,0.32,0.0,0.0,0,0.0,0.0,0.0,3.3,1.62,0.0,0.0,0.7,0.0,1.48,0.32,37.77,51.51,7.94,0.0,0.28,1981-01-01,2022-12-31,41.9958932238193,41.84804928131417,0.359,True,-76.62402773509098,3.117111088839496,Magdalena-Cauca,26,1981-01-01,2022-12-31,41.84804928131417,0.3585397653194211,18,0,0.0,0.0,24.84873374401095,0.6023436644398195,18,TIMBA,TIMBA,Jamundí,Río Timba,Activa,2605,0,,3.220731707317073,0.7037797053936061,True,0,0,,,3,0.9999999999999223,3395.775858168602,2748.299148648648,0.7107012249560135,1,0.6334860284012827,0.5582210170060883,0.1540693490637282,0.7363106425517104,0.6680154731002188,0.6899398064614564,0.9421000981354269,10.42291361642465,,0,0.9843227110644059,0.0,0.6697574665181363,0.9817310733198039,0.9533333333333334
23147020,Santander,750729.63,-8230864.08,86,1/01/1981,31/12/2022,14933,2.653,1785.57,404.66,2.7,0.09,3428,885.82,87.03,137.63,2.24e-05,71.72,181.44,115.09,78.81,61.67,43.37,1.2,3.0,0.98,113.67,14.88,4.38,0.54,1.49,0.98,0.61,0.84,11.65,0,0,20,20,38.69,0.02,60.75,0.18,0.36,0.0,0.0,0.0,0.0,87.73,0.0,4.66,4.664,58.03,10.41,16.34,0.01,0.74,0.0,0.0,0.99,7.84,0.0,0,0.0,0.0,0.0,0.0,5.66,0.0,0.0,0.0,1.34,18.18,6.39,29.71,32.53,11.84,0.01,0.0,1981-01-01,2022-12-31,41.9958932238193,40.88432580424367,2.653,True,-73.93911004574363,6.773326291554725,Magdalena-Cauca,23,1981-01-01,2022-12-31,40.88432580424367,2.653194263363756,82,0,0.0,0.0,24.32032854209445,2.7160223414741003,20,PUENTE FERROCARRIL OPÓN - AUT,OPÓN,Simacota,Río Opón,En Mantenimiento,2314,0,,14.516829268292682,0.6722447221082622,True,0,0,,,13,0.9999999999999456,2791.2666408054365,2940.4504489795913,0.8903036061060281,0,0.7875289087116307,0.5894145899465154,0.16581517968493087,0.8863518314782581,0.7531479948953032,0.5434428197806879,0.0,1.5338339226098199,,0,0.8376012737493572,0.0,0.8502104012790457,0.912412022341077,0.7562
23067020,Cundinamarca,605718.95,-8303698.07,316,1/01/1981,17/11/2018,13493,2.472,3140.91,404.74,2.04,0.16,3802,1455.29,304.99,140.59,3.07e-05,76.16,163.34,105.46,73.62,59.02,37.83,1.91,9.21,1.16,150.87,13.03,2.02,0.42,1.33,1.26,0.59,0.18,6.11,2,5,62,106,11.37,0.15,87.92,0.42,0.14,0.0,0.0,0.0,0.0,99.98,0.0,0.0,0.0,79.4,12.13,6.33,0.28,0.61,0.0,0.0,0.46,0.0,0.0,0,0.0,0.0,0.0,0.0,0.81,0.0,0.0,0.0,2.76,10.76,0.0,29.25,41.11,16.01,0.11,0.0,1981-01-01,2018-11-17,37.87542778918549,36.941820670773446,2.472,False,-74.59338890994772,5.469499957496884,Magdalena-Cauca,23,1981-01-01,2018-11-17,36.941820670773446,2.4719913263462234,91,1,0.0,0.0,20.643394934976044,1.1277209546288969,38,COLORADOS  - AUT,NEGRO,Puerto Salgar,Río Negro,En Mantenimiento,2306,3,23067050;23067060;23067080,25.535853658536585,0.6691398704070138,True,3,2,23067050;23067060;23067080,0.815;0.358;0.228,25,0.9999999999999549,2169.4827461900218,1786.3081943319835,0.7553648753328297,0,0.6865326482701942,0.36931227782975373,0.2912265576331791,0.7909835728223984,0.7244494914584773,0.44159107214235566,0.4594975172311569,16.551320399580728,,0,0.7547144517162818,0.6666666666666666,0.5615886594721023,0.5984717285105637,0.7797333333333333
44017090,Cauca,188557.34,-8529794.14,1939,1/01/1982,12/09/2022,14594,1.823,429.39,166.68,2.27,0.18,4088,3077.58,1933.0,48.44,5.22e-05,64.85,58.59,44.98,37.83,23.74,53.59,1.81,18.51,1.85,223.2,19.68,3.94,0.97,2.15,0.78,0.61,1.04,10.85,1,4,5,24,69.61,12.89,17.16,0.23,0.11,0.0,11.16,2.1,0.0,0.0,43.79,24.55,24.55,1.06,2.68,94.86,0.02,0.0,0.0,0.0,0.0,0.0,0.0,0,1.38,0.0,0.0,0.0,0.0,0.0,0.0,0.0,2.66,9.99,0.0,36.65,27.08,23.61,0.02,0.0,1982-01-01,2022-09-12,40.695414099931554,39.95619438740589,1.823,True,-76.6244444635513,1.7049999663186146,Amazonas,44,1982-01-01,2022-09-12,39.95619438740589,1.8230743356878576,95,1,0.0,0.0,24.041067761806985,2.660458929165277,95,CURIACO,CAQUETÁ,Santa Rosa,Alto Caqueta,Activa,4401,2,44017050;44017060,3.4909756097560973,0.6682623721509529,True,2,2,44017050;44017060,0.304;0.203,4,0.9999999999999212,2487.1264339071795,1509.4720137931035,-0.2675325365689584,2,0.13175875230793266,0.5984065879046747,0.168405683085673,-0.5428218912565871,-0.13962140679027302,0.9777310591432511,0.15759901329313417,4.329679485060797,fase_IMERG<0.5,1,0.8359050921795186,0.6666666666666666,0.21791318029719237,0.8924298046562785,0.9174
24027040,Santander,723528.47,-8127207.79,1601,1/01/1981,31/12/2022,15261,0.515,185.08,91.35,1.89,0.35,2917,1859.94,1593.0,22.92,8.91e-05,73.42,26.8,23.48,22.77,12.14,63.14,1.58,8.29,1.19,182.07,20.02,3.04,0.5,2.78,0.57,0.8,1.18,5.98,0,0,0,5,24.27,3.83,71.47,0.43,0.01,0.0,0.0,20.93,70.0,9.07,0.0,0.0,0.0,32.45,59.29,6.22,0.13,0.0,0.0,0.0,0.01,0.0,0.0,0,0.0,0.0,0.0,1.9,0.0,0.0,0.0,0.0,10.37,9.16,0.0,5.33,11.92,63.11,0.11,0.0,1981-01-01,2022-12-31,41.9958932238193,41.782340862423,0.515,True,-73.00794974972239,6.529005079140176,Magdalena-Cauca,24,1981-01-01,2022-12-31,41.782340862423,0.5149934810951717,30,0,0.0,0.0,24.79945242984257,0.7994743182564878,30,PUENTE CABRA,MOGOTICOS,Mogotes,Río Fonce,Activa,2402,0,,1.5047154471544717,0.6674755189679441,True,0,0,,,1,0.9999999999999846,2202.9283674461603,2229.7408187919464,0.6778565128007334,1,0.5592199519833018,0.49727004985975837,0.15705426703900496,0.7630936771264998,0.6194092844224154,0.4929554901315418,1.9526898630496035,-3.319768971431513,,0,0.977494010623319,0.0,0.6054546654354465,0.8828223330216851,0.9287666666666666
21167050,Tolima,449241.94,-8314261.05,469,1/01/1981,31/12/2022,14998,2.229,145.9,78.09,1.82,0.26,2331,998.03,467.08,23.7,6.43e-05,71.59,31.19,26.63,25.12,13.25,56.33,1.95,17.74,1.71,226.88,19.95,2.49,0.53,1.19,1.04,0.51,0.34,8.3,11,4,45,75,33.7,6.32,59.82,0.17,0.0,0.0,0.0,0.0,0.0,100.0,0.0,0.0,0.0,81.8,18.15,0.0,0.05,0.0,0.0,0.0,0.0,0.0,0.0,0,0.0,0.0,0.0,0.0,0.0,0.0,0.0,0.0,0.0,1.82,0.0,71.19,10.02,16.85,0.13,0.0,1981-01-01,2022-12-31,41.9958932238193,41.06228610540725,2.229,True,-74.6882777737462,4.059361153150198,Magdalena-Cauca,21,1981-01-01,2022-12-31,41.06228610540725,2.2294654498044357,95,1,0.0,0.0,24.229979466119097,3.077428540137994,95,PUENTE CUNDAY,PRADO,Cunday,Río Prado,Activa,2116,0,,1.186178861788618,0.665495869806319,True,0,0,,,2,0.9999999999998753,1856.347018599622,1716.3193333333334,0.8074959066368899,0,0.7084699733551958,0.5226977365696471,0.23847863296950766,0.8241443846154218,0.7310276334350098,0.5725942339408654,8.554473929857314,16.595105420833438,flatline>5%,1,0.8444538797325252,0.0,0.6689326173998885,0.9393283034881046,0.975
23197130,Santander,808623.55,-8142193.87,755,1/01/1981,31/12/2022,15185,1.01,128.35,72.56,1.81,0.17,3088,1914.27,741.0,27.5,0.000146,65.06,25.51,22.54,22.05,12.7,36.39,1.8,13.17,1.79,198.38,20.45,3.11,0.75,2.36,0.58,0.77,1.21,6.87,0,2,1,13,71.81,0.35,27.78,0.06,0.0,0.0,0.0,79.14,20.86,0.0,0.0,0.0,0.0,90.19,5.44,0.0,0.0,0.42,0.0,0.0,0.0,0.0,0.0,0,0.0,0.0,0.0,0.0,3.96,0.0,0.0,0.0,0.0,1.2,0.0,5.75,45.3,47.75,0.0,0.0,1981-01-01,2022-12-31,41.9958932238193,41.57426420260096,1.01,True,-73.14257199685277,7.292907606092356,Magdalena-Cauca,23,1981-01-01,2022-12-31,41.57426420260096,1.0104302477183855,38,0,0.0,0.0,24.62422997946612,1.500383309604647,38,PUENTE SARDINAS - AUT,SANTA CRUZ,Rionegro,Río Lebrija y otros directos al Magdalena,Activa,2319,0,,1.0434959349593496,0.6644717359743392,True,0,0,,,1,1.0000000000000429,2236.1504017018556,1495.778081632653,0.7234789307116362,1,0.5598476146402334,0.4839422006664742,0.18756590434209341,0.801664070227282,0.5857904311721797,0.7110801775363111,2.2456371419163648,-12.619231757264034,,0,0.9487056134553986,0.0,0.5972583962199927,0.8532048903699425,1.0
51027060,Nariño,157461.91,-8757535.26,40,1/01/1981,31/12/2022,14688,4.25,3883.74,472.41,2.14,0.1,4773,1380.34,38.0,195.6,2.43e-05,64.02,230.24,140.29,92.0,79.27,38.07,0.78,8.21,1.36,127.81,13.76,18.9,2.02,2.49,0.66,0.68,5.9,39.35,0,0,4,18,77.36,4.6,17.3,0.12,0.61,0.01,0.0,0.0,1.59,11.55,39.86,2.43,2.434,39.82,2.46,57.21,0.02,0.0,0.0,0.0,0.36,0.0,0.0,0,0.14,0.0,0.0,0.0,0.0,0.0,0.0,0.44,1.77,16.82,0.0,16.24,34.2,30.03,0.02,0.47,1981-01-01,2022-12-31,41.9958932238193,40.2135523613963,4.25,True,-78.67027775273627,1.4238889014148044,Pacifico,51,1981-01-01,2022-12-31,40.2135523613963,4.250325945241196,36,0,0.0,0.0,23.312799452429843,6.746249041725994,36,SAN JUAN MIRA - AUT,MIRA,Tumaco,Río Mira,Activa,5102,2,51027020;51027030,31.57512195121951,0.657507107696146,True,2,2,51027030;51027020,0.143;0.109,34,0.9999999999999492,3186.406470515348,3337.8225909090916,0.9252343234593765,0,0.7691597806024951,2.023558049974263,0.10457956196179369,0.9313389831097356,0.8158743616667427,1.970219695604911,0.0,-5.668811247064144,RR_IMERG>1,1,0.809085653264006,0.6666666666666666,0.9351694441872445,0.0,0.5873999999999999
21167090,Tolima,443887.13,-8317684.13,450,1/08/1992,31/12/2019,9845,1.688,341.47,138.2,2.11,0.34,2577,1015.61,444.01,31.95,4.19e-05,70.94,46.26,36.96,32.45,18.03,63.96,1.92,17.96,1.68,214.89,18.36,2.32,0.49,1.12,1.01,0.48,0.33,8.5,14,6,43,68,36.92,7.37,55.52,0.19,0.01,0.0,0.0,0.0,0.0,100.0,0.0,0.0,0.0,75.32,22.94,1.61,0.13,0.0,0.0,0.0,0.0,0.0,0.0,0,0.0,0.0,0.0,0.0,0.0,0.0,0.0,0.0,0.0,2.72,0.0,56.12,21.92,19.06,0.18,0.0,1992-08-01,2019-12-31,27.41409993155373,26.954140999315538,1.688,False,-74.71902782457384,4.011055540154315,Magdalena-Cauca,21,1992-08-01,2019-12-31,26.954140999315538,1.687637307769119,93,1,0.0,0.0,21.53593429158111,2.103298070939641,93,HACIENDA EL RUBY,CUNDAY,Cunday,Río Prado,Activa,2116,1,21167050,2.776178861788618,0.6445946845967726,True,1,1,21167050,0.427,2,0.9999999999999425,1898.2869205422035,1761.0377411764703,0.8191107310069383,0,0.7365743689207968,0.44986517090830286,0.2203051273296826,0.849844949146927,0.7873074918943955,0.47517404727397305,2.275266632808532,8.4737388673074,,0,0.5747470984721101,0.3333333333333333,0.7132180787039102,0.7774781575740063,0.9287666666666666
21197150,Tolima,468443.71,-8306722.25,352,1/01/1981,31/12/2019,13192,7.386,2439.63,371.92,2.12,0.18,4380,2565.71,345.0,116.8,7.57e-05,70.25,100.01,70.15,53.53,43.18,8.4,2.07,13.72,1.59,191.03,15.69,1.67,0.47,1.46,0.91,0.54,0.27,5.06,5,10,30,86,34.88,21.59,42.35,1.16,0.02,0.0,0.0,0.0,0.0,86.42,0.0,0.0,0.0,65.56,9.03,23.76,0.33,0.0,0.0,0.0,0.35,0.97,0.0,0,0.0,0.0,0.0,0.0,0.0,0.0,0.0,0.0,6.16,14.52,0.0,28.97,30.39,19.71,0.24,0.02,1981-01-01,2019-12-31,38.99520876112252,36.11772758384668,7.386,False,-74.620555581107,4.232555536592378,Magdalena-Cauca,21,1981-01-01,2019-12-31,36.11772758384668,7.3855658522886785,224,1,0.0,0.0,19.134839151266256,13.018046048537643,224,EL LIMONAR,SUMAPAZ,Melgar,Río Sumapaz,Activa,2119,3,21197010;21197030;21197110,19.83439024390244,0.6425943493068578,True,3,2,21197030;21197010;21197110,0.481;0.388;0.066,21,0.9999999999999438,1861.0371216201017,1313.5148653846154,0.9240302353880196,0,0.6959842217279287,0.37069029794541924,0.23739548062276616,0.8927554560953115,0.7316133523227344,0.4862000776383788,0.05306246209824136,21.24771174127662,,0,0.4466682433184517,0.6666666666666666,0.7351354233150873,0.6015339954342649,0.8238666666666666
21187030,Tolima,468388.27,-8359283.6,585,1/01/1981,28/02/2021,13810,5.856,296.04,132.22,2.17,0.11,3416,1245.14,589.0,52.87,6.36e-05,71.16,58.1,44.66,37.62,24.44,43.11,2.23,15.54,1.42,200.22,18.29,2.33,0.51,1.19,0.82,0.61,0.55,6.15,4,2,10,43,22.54,4.19,72.39,0.86,0.02,0.0,0.0,0.38,35.13,57.89,0.0,4.05,4.049,47.86,30.22,10.55,0.13,0.0,0.0,0.0,0.87,0.0,0.0,0,0.0,0.0,0.0,0.0,10.37,0.0,0.0,2.58,3.03,11.24,0.0,11.96,35.08,36.1,0.0,0.0,1981-01-01,2021-02-28,40.15879534565367,37.80971937029432,5.856,False,-75.09272222169656,4.232055539643144,Magdalena-Cauca,21,1981-01-01,2021-02-28,37.80971937029432,5.855886563501256,186,3,0.0,0.0,21.31416837782341,7.978723404255317,186,CUCUNUBA  - AUT,LUISA,Valle De San Juan,Río Luisa y otros directos al Magdalena,En Mantenimiento,2118,1,21187020,2.4068292682926837,0.6394907092695379,True,1,1,21187020,0.479,3,0.9999999999999205,2036.94996506316,1692.2616774193548,0.8449652519092381,0,0.710131510133176,0.45555209464320495,0.23703050973382608,0.8369198316538903,0.6992532030800369,0.5292123643528648,1.223750905141202,-0.479550720257402,,0,0.5690719941873785,0.3333333333333333,0.694634716699833,0.7901157658737887,0.9225333333333334
21197010,Cundinamarca,443957.95,-8293796.82,1809,1/01/1981,31/12/2022,14999,2.223,946.43,234.81,2.15,0.24,4380,3304.78,1775.0,62.32,0.00012,69.23,51.64,40.5,34.85,24.54,23.38,1.74,16.57,1.64,212.31,17.33,1.89,0.49,1.47,0.99,0.54,0.31,5.63,4,10,34,49,34.01,45.39,20.07,0.51,0.03,0.0,0.0,0.0,0.0,88.5,0.0,0.0,0.0,75.37,0.99,23.37,0.01,0.0,0.0,0.0,0.26,0.0,0.0,0,0.0,0.0,0.0,0.0,0.0,0.0,0.0,0.0,3.98,5.68,0.0,21.63,44.28,24.4,0.0,0.02,1981-01-01,2022-12-31,41.9958932238193,41.06502395619439,2.223,True,-74.50444446787883,4.011694424641506,Magdalena-Cauca,21,1981-01-01,2022-12-31,41.06502395619439,2.222946544980442,86,0,0.0,0.0,24.188911704312115,3.24170408498522,86,EL PROFUNDO,SUMAPAZ,Cabrera,Río Sumapaz,Activa,2119,0,,7.694552845528455,0.6351085715080894,True,0,0,,,8,0.9999999999999609,1959.7652713474804,1474.2692112676057,0.941234806239583,0,0.703146683710221,0.4299303271840142,0.30986262751117444,0.8714855193938795,0.7080533414360066,0.5528579632635396,0.4133608907260484,21.915201541079995,RR_inestable,1,0.8527981104101081,0.0,0.6626690727102308,0.7331785048533648,0.9751
21167080,Tolima,412205.08,-8329641.69,415,1/10/1991,28/02/2021,10483,2.429,446.82,171.01,2.28,0.17,3073,1559.55,408.0,50.98,9.44e-05,68.26,48.51,38.45,33.46,22.05,64.85,1.84,16.58,1.68,197.19,17.9,3.44,0.7,1.33,1.01,0.54,0.71,11.7,9,10,16,42,50.4,13.02,36.32,0.24,0.01,0.0,0.0,0.0,0.0,100.0,0.0,0.0,0.0,73.25,24.15,2.14,0.04,0.0,0.31,0.0,0.12,0.0,0.0,0,0.0,0.0,0.0,0.0,0.0,0.0,0.0,0.0,0.0,18.72,0.0,47.99,20.72,12.57,0.0,0.0,1991-10-01,2021-02-28,29.412731006160165,28.700889801505816,2.429,False,-74.8264444136616,3.7251944720830745,Magdalena-Cauca,21,1991-10-01,2021-02-28,28.700889801505816,2.429262844378255,66,0,0.0,0.0,22.94318959616701,0.9456264775413724,45,LA MORA - AUT,NEGRO,Prado,Río Prado,En Mantenimiento,2116,2,21167050;21167090,3.632682926829269,0.6341712359045277,True,0,0,,,4,0.9999999999999386,2109.8517706132425,1823.5467054545456,0.8436156487144882,0,0.7667620668763164,0.5850799229789863,0.18223650681293646,0.9291568981607157,0.8366844580364098,0.6544514606057111,0.5818944958504245,-5.159029273315058,,0,0.6089317845076139,0.0,0.7904463897491452,0.9220446156022528,0.9734666666666666
16047010,Norte De Santander,892328.64,-8135535.33,1428,1/01/1981,31/12/2022,15300,0.261,373.69,133.71,1.95,0.2,3518,2201.77,1417.0,43.12,4.66e-05,62.16,55.98,43.3,36.73,22.21,56.86,1.95,9.81,1.52,172.02,19.45,2.03,0.49,1.84,0.63,0.74,0.75,4.99,1,3,1,18,44.84,34.83,19.35,0.98,0.0,0.0,0.0,39.63,44.68,15.69,0.0,0.0,0.0,25.95,21.63,37.6,0.0,0.0,0.0,0.0,0.09,0.0,0.0,0,0.0,0.0,14.72,0.0,0.0,0.0,0.0,0.0,0.0,0.34,0.63,3.13,54.31,41.5,0.0,0.08,1981-01-01,2022-12-31,41.9958932238193,41.889117043121146,0.261,True,-73.08275731433353,8.043046672219091,Caribe,16,1981-01-01,2022-12-31,41.889117043121146,0.2607561929595881,7,0,0.0,0.0,24.944558521560573,0.2190340597962969,7,PUENTE ABREGO - AUT,TARRA,Ábrego,Río Tarra,Suspendida,1604,0,,3.038130081300813,0.6331351258956006,True,0,0,,,3,1.0000000000000184,2159.2580575616425,1565.050153846154,0.7851954609580574,1,0.6252474691926108,0.3594804424584486,0.24834466761028853,0.8693826773914144,0.6138138313393638,0.49574714056641145,10.673202614379084,21.468685209337558,flatline>5%,1,0.9885906488400851,0.0,0.5979759314643859,0.5766232054632191,1.0
26197030,Antioquia,651425.26,-8450074.54,667,1/01/1981,31/05/2015,12013,4.424,1154.02,232.19,1.93,0.29,3991,1973.49,660.0,63.43,6.34e-05,70.0,66.92,50.23,41.24,28.08,48.8,1.18,3.11,0.83,104.89,10.43,4.23,0.57,1.8,0.68,0.72,1.27,9.53,0,1,2,25,45.97,0.64,53.0,0.35,0.04,0.0,0.44,0.0,17.26,55.44,3.81,23.05,23.046,37.27,2.92,58.8,0.3,0.0,0.0,0.0,0.26,0.0,0.0,0,0.17,0.0,0.0,0.28,0.0,0.0,0.0,0.0,5.57,5.57,0.0,7.76,80.19,0.35,0.3,0.26,1981-01-01,2015-05-31,34.40930869267625,32.889801505817935,4.424,False,-75.90831111231233,5.880800002481315,Magdalena-Cauca,26,1981-01-01,2015-05-31,32.889801505817935,4.423581828307743,212,2,0.0,0.0,16.246406570841888,6.698113207547173,212,REMOLINO EL,SAN JUAN,Pueblorrico,Río San Juan,Suspendida,2619,1,26197010,9.382276422764228,0.6257614405136215,True,1,1,26197010,0.408,8,0.9999999999999261,4117.886491280939,2765.4373056994823,0.9158143063843711,0,0.7597984883286149,0.4118828991045495,0.18354437235633478,0.8565362132554049,0.7573814165909941,0.6306246278993028,0.0,22.769830570380993,,0,0.4946266512080266,0.3333333333333333,0.82950857870706,0.693073109121221,0.8273333333333334
11027030,Choco,649335.35,-8477208.05,1568,1/01/1981,31/12/2022,14906,2.829,195.54,94.04,1.9,0.19,3731,2392.46,1560.0,31.92,9.66e-05,66.67,33.52,28.28,26.33,15.38,15.62,0.79,3.41,0.88,120.33,10.67,5.19,0.59,2.48,0.52,0.83,2.03,9.71,0,0,1,13,63.18,0.08,36.26,0.43,0.05,0.0,0.0,0.0,0.0,99.97,0.0,0.03,0.029,0.0,0.0,99.88,0.12,0.0,0.0,0.0,0.0,0.0,0.0,0,0.0,0.0,0.0,0.0,0.0,0.0,0.0,0.0,0.0,0.0,0.0,0.0,43.99,56.01,0.0,0.0,1981-01-01,2022-12-31,41.9958932238193,40.8104038329911,2.829,True,-76.15205557976044,5.861999963523194,Caribe,11,1981-01-01,2022-12-31,40.8104038329911,2.829204693611476,114,1,0.0,0.0,24.05201916495551,3.789289234475957,114,EL SIETE - AUT,ATRATO,El Carmen,Alto Atrato,Activa,1102,0,,1.5897560975609757,0.6215850283872378,True,0,0,,,2,1.000000000000053,4393.056643877767,3232.577557894737,0.7585531331814286,1,0.47059930432799224,0.4944685536900599,0.15110078072197405,0.7081888961599583,0.40039656414749075,0.6668085087135572,0.5366966322286327,41.59399966970154,escalon>25%,1,0.8012622693352236,0.0,0.6139197726269816,0.8765967859779107,0.9086666666666666
21057060,Huila,272097.45,-8433564.62,840,1/01/1981,31/12/2022,14376,6.284,4851.9,526.76,2.13,0.3,5413,2532.69,811.0,127.84,4.84e-05,66.45,127.34,85.75,62.63,50.35,53.65,1.8,14.08,1.4,184.53,15.88,2.99,0.67,2.84,0.54,0.72,1.21,6.38,0,0,0,1,61.46,7.35,30.68,0.19,0.32,0.0,1.08,20.48,31.82,12.41,16.31,15.67,15.673,33.86,7.61,51.96,0.05,3.1,0.0,0.0,0.37,0.3,0.0,0,0.64,0.19,0.0,0.0,1.92,0.0,0.0,0.0,1.61,6.13,0.0,18.63,56.14,17.04,0.06,0.38,1981-01-01,2022-12-31,41.9958932238193,39.35934291581109,6.284,True,-75.75999997755642,2.460000012567889,Magdalena-Cauca,21,1981-01-01,2022-12-31,39.35934291581109,6.284224250325943,945,1,0.0,0.0,24.947296372347708,0.2080823568064826,13,PAICOL - AUT,PÁEZ,Tesalia,Río Páez,Activa,2105,5,21057040;21057050;21057070;21057080;21057110,39.44634146341463,0.6201036804269227,False,5,3,21057070;21057050;21057040;21057110;21057080,0.303;0.253;0.088;0.060;0.032,38,0.9999999999999435,1929.7005070324685,1617.0656187290967,-0.11197402379163277,2,0.21976925321541602,0.5407266871373497,0.17758878583361734,-0.2326829690422531,0.1398119009674306,0.6427732371554153,0.14607679465776294,-11.695340684649656,fase_IMERG<0.5,1,0.4256856818582321,1.0,0.2068934569996592,0.9793926380829993,0.7669999999999999
23107030,Antioquia,735844.03,-8335096.35,1005,1/01/1981,30/11/2022,15075,1.529,308.69,166.7,2.68,0.17,1969,1394.41,1011.13,42.65,2.49e-05,71.67,70.63,52.54,42.71,24.8,33.46,1.37,4.31,1.05,147.19,18.69,2.83,0.36,2.05,0.47,0.78,1.33,5.92,0,1,0,0,37.35,0.8,61.62,0.22,0.01,0.0,0.0,0.0,100.0,0.0,0.0,0.0,0.0,94.93,4.93,0.0,0.14,0.0,0.0,0.0,0.0,0.0,0.0,0,0.0,0.0,0.0,0.0,0.0,0.0,0.0,0.0,4.93,47.85,0.0,34.65,12.43,0.0,0.14,0.0,1981-01-01,2022-11-30,41.91101984941821,41.27310061601643,1.529,True,-74.87544445813836,6.639638857701583,Magdalena-Cauca,23,1981-01-01,2022-11-30,41.27310061601643,1.528512639623747,91,1,0.0,0.0,24.487337440109517,1.7142857142857126,91,LA MASCOTA,SAN BARTOLOMÉ,Yalí,Rió San Bartolo y otros directos al Magdalena Medio,Activa,2310,0,,2.509674796747968,0.6188006075571542,True,0,0,,,2,0.9999999999999133,3021.1043341551904,2973.3663648648644,0.8371698090035419,1,0.6563662275526682,0.35603693659890995,0.2019311527226256,0.842665863205328,0.629875484112772,0.3667694921377352,1.7777777777777777,19.426898807091206,,0,0.876909616388924,0.0,0.702630231707813,0.5689709702197998,0.9237999999999998
16037050,Norte De Santander,928613.71,-8080194.99,64,1/01/1984,31/07/2022,13627,3.3,425.45,143.84,1.97,0.13,2151,354.75,63.02,56.63,2.58e-05,69.06,86.73,62.32,48.8,30.57,20.5,1.92,12.87,1.82,167.51,19.77,3.28,0.54,0.86,1.18,0.43,0.43,12.63,20,12,74,103,48.76,3.47,47.72,0.01,0.03,0.0,0.0,0.0,0.0,92.71,0.0,0.0,0.0,44.39,26.27,0.0,0.0,0.0,0.0,0.0,0.0,0.0,0.0,0,0.0,8.96,0.0,0.0,20.38,0.0,0.0,0.0,0.0,20.8,3.28,58.04,0.0,17.88,0.0,0.0,1984-01-01,2022-07-31,38.57905544147844,37.30869267624914,3.3,True,-72.58562658182983,8.36779365181877,Caribe,16,1984-01-01,2022-07-31,37.30869267624914,3.299744535906901,31,0,0.0,0.0,23.3347022587269,5.06794386277567,31,PUENTE SAN MIGUEL,SAN MIGUEL,Cúcuta,"Río Nuevo Presidente - Tres Bocas (Sardinata, Tibu)",Activa,1603,1,16037040,3.4589430894308943,0.6184259623409757,True,0,0,,,3,0.9999999999998741,2285.6911039033516,2115.987409594096,0.7204223275544674,0,0.6637622699756409,0.5748753207667853,0.28774496006789163,0.8251515795778339,0.7115796010901285,0.577396870379732,2.781243120275923,23.98039905126989,,0,0.7870276798367986,0.0,0.5318432638828176,0.944721509407144,0.98
23067060,Cundinamarca,567494.41,-8287408.32,668,1/01/1981,30/06/2021,14517,1.852,1123.81,240.73,2.03,0.21,3802,1750.82,664.0,74.0,5.35e-05,75.64,80.45,58.54,46.48,32.61,26.38,1.78,9.81,1.24,157.54,13.39,2.77,0.58,1.59,1.1,0.63,0.55,7.65,1,2,19,49,13.7,0.12,85.87,0.24,0.08,0.0,0.0,0.0,0.0,99.96,0.0,0.0,0.0,88.56,3.97,7.1,0.25,0.0,0.0,0.0,0.12,0.0,0.0,0,0.0,0.0,0.0,0.0,0.0,0.0,0.0,0.0,1.7,10.74,0.0,26.27,39.28,21.9,0.11,0.0,1981-01-01,2021-06-30,40.492813141683776,39.74537987679671,1.852,False,-74.44705559595286,5.125305546777122,Magdalena-Cauca,23,1981-01-01,2021-06-30,39.74537987679671,1.8524778581569867,44,0,0.0,0.0,22.76249144421629,3.122815194593332,44,TOBIA,NEGRO,La Peña,Río Negro,Activa,2306,1,23067080,9.136666666666668,0.6142183747840999,True,1,0,23067080,0.637,8,0.9999999999999032,2161.5269615491557,1747.7022921348316,0.7360409955532353,0,0.6592325606906752,0.44643269551890147,0.2187683557801948,0.7688559284219846,0.7111063336691552,0.5354640387734184,2.266308465936488,-2.9165520673378675,,0,0.8762073119363076,0.0,0.6217559265082233,0.7698504344864476,0.8283333333333334
21057050,Huila,257869.91,-8453843.32,1156,1/01/1981,31/12/2022,14770,3.716,1226.15,248.49,2.0,0.18,4672,2421.47,1150.0,83.65,9.48e-05,67.08,70.92,52.71,42.82,32.1,25.89,1.79,16.61,1.56,205.12,16.44,3.15,0.7,3.04,0.57,0.71,1.26,6.7,0,0,0,0,59.09,4.11,36.67,0.08,0.05,0.0,0.0,16.0,19.57,1.52,13.21,49.48,49.484,41.75,12.19,37.7,0.04,6.75,0.0,0.0,0.42,0.0,0.0,0,0.71,0.0,0.0,0.0,0.43,0.0,0.0,0.0,3.86,7.3,0.0,29.42,29.16,29.8,0.04,0.42,1981-01-01,2022-12-31,41.9958932238193,40.43805612594114,3.716,True,-75.94216663907719,2.331444477776724,Magdalena-Cauca,21,1981-01-01,2022-12-31,40.43805612594114,3.715775749674055,455,1,0.0,0.0,23.43874058863792,6.242470704194503,455,VEGA EL SALADO  - AUT,LA PLATA,La Plata,Río Páez,En Mantenimiento,2105,4,21057040;21057080;21057110;21057120,9.96869918699187,0.6126349175250146,False,3,2,21057110;21057080;21057120,0.237;0.126;0.041,9,0.9999999999999393,2020.702439564357,1619.7793285714288,-0.020480510824919664,1,0.27288048499160883,0.5477216695985894,0.17162172510900486,-0.15963189663809815,0.21541072863538707,0.6794282235507757,0.1963439404197698,-8.115083245922053,fase_IMERG<0.5,1,0.5377901807660785,0.6666666666666666,0.21405392986919414,0.9949370435524207,0.9473333333333334
35197050,Boyacá,603204.12,-8093397.0,2205,1/01/1982,19/07/2022,14422,2.62,293.15,126.1,2.08,0.2,3966,3319.49,2202.0,38.12,8.86e-05,73.1,39.74,32.57,29.4,17.89,160.35,1.49,17.98,1.53,224.98,20.28,4.44,1.05,1.98,1.4,0.66,0.5,12.39,0,1,66,91,9.53,71.27,18.73,0.44,0.04,0.0,0.0,0.0,0.0,100.0,0.0,0.0,0.0,10.56,5.15,84.11,0.0,0.0,0.0,0.0,0.17,0.0,0.0,0,0.0,0.0,0.0,0.0,0.0,0.0,0.0,0.0,4.95,5.47,0.37,0.0,1.51,87.69,0.0,0.0,1982-01-01,2022-07-19,40.544832306639286,39.48528405201917,2.62,True,-72.70422225547082,5.446861094890548,Orinoco,35,1982-01-01,2022-07-19,39.48528405201917,2.6198514517218108,366,1,0.0,0.0,23.49075975359343,4.30515279946464,366,RANCHERIAS,CUSIANA,Pajarito,Río Cusiana,Activa,3519,1,35197020,2.3833333333333333,0.60463894421107,False,1,1,35197020,0.720,1,0.9999999999999543,2060.467491311936,1590.476,0.8490491632460334,1,0.7681034872555271,0.8012485244173002,0.2223750631990664,0.8433711515939312,0.7738018252982344,1.049688461079465,1.6433227014283733,7.3320884641089705,,0,0.5565316355548371,0.3333333333333333,0.7463555071791768,0.44166994573933294,0.9733333333333334
24027060,Santander,717919.62,-8134517.18,1231,1/01/1981,31/12/2022,15037,1.975,166.76,95.53,2.09,0.18,3373,1952.32,1227.0,30.48,7.06e-05,68.71,36.51,30.36,27.83,15.76,80.42,1.47,6.55,1.17,161.5,18.17,4.45,0.68,2.59,0.63,0.78,1.46,8.34,0,1,1,7,51.37,1.02,47.47,0.0,0.15,0.0,0.0,55.34,1.01,43.66,0.0,0.0,0.0,52.37,6.9,37.68,0.0,0.0,0.0,0.0,0.05,0.0,0.0,0,0.0,0.0,0.0,2.41,0.59,0.0,0.0,0.0,0.32,10.55,0.0,8.66,26.15,54.32,0.0,0.0,1981-01-01,2022-12-31,41.9958932238193,41.16906228610541,1.975,True,-73.07361111726827,6.478611129670967,Magdalena-Cauca,24,1981-01-01,2022-12-31,41.16906228610541,1.9752281616688403,245,1,0.0,0.0,24.870636550308006,0.5147300405213051,8,PUENTE ARCO,MONCHIA,Valle De San José,Río Fonce,Activa,2402,0,,1.3557723577235772,0.5965047450179952,True,0,0,,,2,1.0000000000000595,2300.63417120515,2403.2049664429533,0.7910798056507911,1,0.6393759597728084,0.7054662452696093,0.14602664153487574,0.8334328009769381,0.711655850552845,0.6692958272721857,0.33251313426880363,-0.533136643123732,,0,0.7212221597403367,0.0,0.7320851473577902,0.6545194549564238,0.9
51027020,Nariño,133371.77,-8681265.95,1239,1/01/1981,29/12/2022,14635,4.583,421.67,144.28,1.98,0.18,4067,2623.46,1205.0,48.48,0.000221,67.37,33.63,28.36,26.38,18.06,74.49,1.23,16.55,1.91,207.07,19.05,5.11,0.95,2.92,0.82,0.74,1.24,11.09,0,0,9,59,57.32,9.31,33.16,0.13,0.08,0.0,0.0,0.0,5.09,14.56,78.76,0.0,0.0,42.65,1.03,56.21,0.06,0.0,0.0,0.0,0.05,0.0,0.0,0,0.0,0.0,0.0,0.0,0.0,0.0,0.0,0.01,5.98,0.95,0.0,4.78,36.75,51.42,0.05,0.05,1981-01-01,2022-12-29,41.99041752224504,40.068446269678304,4.583,True,-77.98513888391376,1.2060833056006448,Pacifico,51,1981-01-01,2022-12-29,40.068446269678304,4.583387664623806,70,0,0.0,0.0,23.419575633127995,6.298608829006458,70,PILISPI AUT,GUIZA,Ricaurte,Río Mira,Activa,5102,0,,3.428211382113821,0.5952529523638416,True,0,0,,,5,0.9999999999998959,2528.6830303258716,1905.3912346570396,0.7087905267663638,0,0.685782813084017,0.7258081082695912,0.15126751924425721,0.6792967633624717,0.7445817321970393,0.9890041213532097,1.3050905363853775,7.816619276324926,,0,0.763993253532685,0.0,0.7004693669488029,0.6093153149564641,0.9182666666666667
37017050,Norte De Santander,801375.27,-8064642.55,1171,1/01/1981,31/12/2014,12263,1.248,1594.53,344.05,2.43,0.19,4555,2910.54,1208.3,92.76,8.26e-05,70.9,80.96,58.85,46.67,35.64,243.25,2.18,13.53,1.35,199.94,20.06,2.05,0.63,1.97,0.99,0.69,0.45,5.22,0,1,10,36,25.1,35.29,33.11,6.49,0.01,0.0,0.0,32.35,11.16,55.38,0.0,1.11,1.114,65.8,18.59,14.27,0.06,0.0,0.0,0.0,0.05,0.0,0.0,0,0.29,0.0,0.0,0.0,0.95,0.0,0.0,0.0,0.3,1.84,0.25,22.7,23.5,51.32,0.07,0.01,1981-01-01,2014-12-31,33.9958932238193,33.57426420260096,1.248,False,-72.44591663625631,7.227888918165547,Orinoco,37,1981-01-01,2014-12-31,33.57426420260096,1.248188114028026,58,0,0.0,0.0,16.591375770020534,2.3997423095506565,58,VENAGA,CHÍTAGA,Labateca,Río Chítaga,Suspendida,3701,1,37017040,12.963658536585363,0.5947079628646298,True,1,0,37017040,0.540,14,0.9999999999999117,1949.1447171562618,1168.2437575757574,0.7444166574165152,0,0.7262392565813223,0.37003748629333255,0.20257266836214752,0.8335946763696773,0.7768136173870429,0.657931981018622,1.174264046318193,4.048234149744861,,0,0.757767758020426,0.0,0.68289411171365,0.6000833028740722,0.9635333333333332
13067020,Cordoba,971947.97,-8448128.79,39,1/01/1981,31/12/2022,15051,1.884,9462.65,912.21,2.64,0.08,3731,394.96,17.01,346.7,1.59e-05,67.98,421.7,231.99,136.28,132.82,51.12,1.37,1.57,0.81,95.81,16.24,3.38,0.46,1.96,0.82,0.77,0.81,6.54,0,0,9,34,47.42,0.1,50.98,0.18,1.32,0.0,0.0,0.0,0.01,74.43,0.41,0.0,0.0,62.85,19.63,4.53,0.14,4.9,1.16,0.0,1.72,0.7,0.0,0,0.0,0.2,0.0,0.02,4.15,0.0,0.0,0.0,4.97,19.26,1.84,22.01,50.02,0.04,0.14,1.72,1981-01-01,2022-12-31,41.9958932238193,41.20739219712526,1.884,True,-75.89083214267157,8.755270057643605,Caribe,13,1981-01-01,2022-12-31,41.20739219712526,1.8839634941329897,63,0,0.0,0.0,24.8186173853525,0.7228123973277878,6,MONTERIA  - AUT,SINÚ,Montería,Bajo Sinú,Activa,1306,0,,76.9321138211382,0.594163971938737,True,6,0,13047030;13037040;13047040;13037010;13017010;13017020,0.573;0.555;0.523;0.491;0.421;0.279,77,0.999999999999945,2612.913376746763,2761.7998787878787,0.924643287119517,1,0.7394395615872126,0.48652850329914177,0.1149635568766674,0.9407155813926676,0.7554119097743259,0.461681830092118,0.046508537638695106,-0.09643928998188346,,0,0.8881906429578363,0.0,0.9061339070649228,0.8589522295536482,0.11159999999999999
23087180,Antioquia,706438.93,-8366912.08,1650,1/01/1981,29/12/2011,11139,1.599,121.61,74.71,1.91,0.17,2529,2087.69,1651.02,26.72,4.09e-05,72.92,40.69,33.22,29.86,15.82,68.93,1.19,3.23,1.0,149.87,18.84,5.26,0.67,2.22,0.57,0.77,2.32,11.03,0,1,0,0,29.54,2.28,67.78,0.38,0.02,0.0,0.0,19.55,80.45,0.0,0.0,0.0,0.0,51.76,2.76,44.67,0.09,0.0,0.0,0.0,0.72,0.0,0.0,0,0.0,0.0,0.0,0.0,0.0,0.0,0.0,0.0,3.57,0.0,0.0,71.35,24.27,0.0,0.09,0.72,1981-01-01,2011-12-29,30.989733059548254,30.49691991786448,1.599,False,-75.16125002348255,6.375444477083487,Magdalena-Cauca,23,1981-01-01,2011-12-29,30.49691991786448,1.5989399293286244,30,0,0.0,0.0,13.620807665982204,2.6609274114654635,9,SIRPES LOS,QUEBRADA LA CONCEPCIÓN,Concepción,Río Nare,Suspendida,2308,2,23087260;23087660,0.98869918699187,0.5940742978025807,True,0,0,,,1,0.9999999999999595,3031.367099798368,2921.101275,0.8649512162396179,1,0.619811320754717,0.7220905265699423,0.17410215167389306,0.8619835966286242,0.6223309504277511,0.7209840124931024,1.310710117604812,13.390451674053196,,0,0.7072089831354139,0.0,0.7331822435014983,0.6175766076223506,0.9422666666666667
22057070,Tolima,419389.63,-8371522.56,366,1/01/1984,30/07/2022,13042,7.444,6447.36,628.58,2.21,0.16,4622,2327.65,364.05,203.52,3.06e-05,65.94,217.32,133.71,88.61,78.21,15.66,1.63,11.58,1.45,160.05,14.84,3.74,0.69,2.79,0.61,0.75,1.44,7.59,0,0,0,7,55.87,12.58,31.07,0.15,0.33,0.0,1.48,16.46,60.84,14.05,0.46,5.32,5.318,34.79,36.68,24.5,0.04,0.0,0.0,0.0,0.35,0.0,0.0,0,0.0,0.0,0.0,0.0,3.64,0.0,0.0,0.0,1.53,4.9,0.0,4.27,66.64,22.63,0.02,0.0,1984-01-01,2022-07-30,38.57631759069131,35.70704996577687,7.444,True,-75.20266666999383,3.790027800397777,Magdalena-Cauca,22,1984-01-01,2022-07-30,35.70704996577687,7.444468100205803,519,1,0.0,0.0,23.211498973305957,5.558649883034416,77,PUENTE COLACHE,SALDANA,Coyaima,Bajo Saldaña,Activa,2205,2,22057050;22057060,52.41756097560975,0.5940158932278995,False,6,5,22057060;22017020;22027010;22027020;22017010;22057050,0.686;0.253;0.215;0.143;0.102;0.027,54,0.9999999999999403,2174.757191352585,1987.4060583941605,0.35649720525560663,1,0.48000145839561903,0.6329903275276323,0.19562971845209104,0.22931913821490188,0.41274316923951965,0.6961480937416893,0.09967796350253029,18.198407616070128,fase_IMERG<0.5,1,0.3098828804940853,1.0,0.31819446245435556,0.815577049938595,0.7644
26027100,Cauca,290458.82,-8518390.07,1802,1/01/1981,31/12/2022,15253,0.567,285.46,132.29,2.21,0.11,3876,3059.98,1800.0,51.87,0.000102,70.02,47.64,37.87,33.08,22.0,26.19,1.52,17.43,1.93,224.1,21.76,2.6,0.57,2.3,0.72,0.65,0.84,6.69,0,2,1,16,38.58,18.67,42.45,0.27,0.03,0.0,0.0,5.78,0.2,0.0,79.77,6.5,6.498,6.94,6.33,80.1,0.29,6.35,0.0,0.0,0.0,0.0,0.0,0,0.0,0.0,0.0,0.0,0.0,0.0,0.0,0.0,0.0,8.04,0.0,35.01,42.69,13.97,0.29,0.0,1981-01-01,2022-12-31,41.9958932238193,41.76043805612594,0.567,True,-76.5219999597296,2.6258888705902814,Magdalena-Cauca,26,1981-01-01,2022-12-31,41.76043805612594,0.567144719687096,57,0,0.0,0.0,24.761122518822724,0.9527981601138992,57,PUENTE CARRETERA,PIENDAMÓ,Piendamó,Río Piendamo,Activa,2602,1,26027090,2.3208130081300813,0.5921230460389397,True,1,1,26027090,0.529,4,0.9999999999998598,1942.1394383579968,1643.983717171717,0.10033859406522985,1,0.27006643617381876,0.5091314865691948,0.26455150327931515,0.05774378006486966,0.2748072966193772,0.61227784017263,1.4030026879958042,16.77078540242533,fase_IMERG<0.5,1,0.9510386726653444,0.3333333333333333,0.1025381960648218,0.9091810812648773,0.8379
21087080,Huila,292485.22,-8408988.37,599,1/07/1983,31/12/2022,13859,3.95,671.95,172.05,1.87,0.28,3449,1421.59,598.0,48.95,4.52e-05,70.09,62.41,47.41,39.42,24.59,52.67,2.11,18.7,1.95,211.38,20.95,2.28,0.48,1.22,1.23,0.52,0.27,9.05,17,65,69,117,37.53,6.82,55.42,0.14,0.08,0.0,0.0,0.0,44.29,48.52,0.0,7.17,7.17,43.68,22.23,18.29,0.08,1.83,0.0,1.51,0.63,1.6,0.0,0,0.0,3.05,0.0,7.11,0.0,0.0,0.0,0.0,0.0,16.35,0.0,16.62,53.36,12.98,0.09,0.6,1983-07-01,2022-12-31,39.50171115674196,37.94387405886379,3.95,True,-75.539227767543,2.644195377216448,Magdalena-Cauca,21,1983-07-01,2022-12-31,37.94387405886379,3.950377711553121,295,1,0.0,0.0,23.578370978781656,5.68393385171394,295,HACIENDA VENECIA,YAGUARA,Yaguará,Río Yaguará y Río Iquira,Activa,2108,1,21087070,5.463008130081302,0.5910800137873847,True,1,1,21087070,0.734,5,0.9999999999998913,1882.5456360621347,1778.394085106383,0.7509834613591624,0,0.6689864380196712,0.49949867705462286,0.7961154510572102,0.8290124002107535,0.7536524292048787,0.534718075352046,0.39685402987228513,43.65461462683173,RR_inestable;escalon>25%,2,0.5409148720011332,0.3333333333333333,0.4787936137422423,0.8877748378991618,0.9087999999999999
11117050,Antioquia,777123.65,-8492378.42,392,1/01/1982,14/05/2016,12019,4.254,2058.57,299.28,1.86,0.23,3748,1833.4,406.01,95.52,5.4e-05,67.78,97.53,68.7,52.67,39.51,48.0,1.24,2.86,0.89,97.74,13.66,4.39,0.66,1.93,0.7,0.78,1.57,9.16,0,0,3,17,59.44,3.46,36.71,0.29,0.1,0.0,0.0,0.0,1.3,81.55,17.15,0.0,0.0,62.75,3.89,25.98,0.09,0.0,0.0,0.0,0.07,0.0,0.0,0,0.0,0.0,0.0,0.25,6.96,0.0,0.0,0.0,5.0,2.24,0.0,4.46,85.8,2.34,0.09,0.07,1982-01-01,2016-05-14,34.365503080082135,32.90622861054072,4.254,False,-76.28833333212792,7.010278016013596,Caribe,11,1982-01-01,2016-05-14,32.90622861054072,4.253963196048749,76,0,0.0,0.0,17.89185489390828,2.5935310776568743,66,DABEIBA 2 - AUT,RIOSUCIO,Dabeiba,Río Sucio,Activa,1111,1,11117010,16.736341463414636,0.5878096042918481,True,1,0,11117010,0.351,16,0.9999999999999487,3213.7158204315474,2477.7268301886793,0.6922794030292845,1,0.6527790547271827,0.5012234561070174,0.16253866057027028,0.7782166841166231,0.6410572889181643,0.6554688181015399,3.527747732756469,10.417445516179722,,0,0.6226925532104447,0.0,0.6587812558142581,0.8916076802378162,0.8913333333333333
23107040,Antioquia,750622.15,-8326428.89,983,1/01/1981,31/12/2022,14724,4.016,308.71,139.37,2.24,0.16,1991,1298.54,984.04,43.37,2.78e-05,72.25,68.63,51.3,41.92,24.61,50.84,1.5,4.81,1.02,148.43,19.24,2.4,0.33,1.85,0.41,0.77,1.11,5.22,0,2,0,0,33.81,1.71,64.03,0.45,0.0,0.0,0.0,16.94,83.06,0.0,0.0,0.0,0.0,93.78,6.13,0.0,0.09,0.0,0.0,0.0,0.0,0.0,0.0,0,0.0,0.0,0.0,0.0,0.0,0.0,0.0,0.0,4.87,46.46,0.0,15.89,32.7,0.0,0.09,0.0,1981-01-01,2022-12-31,41.9958932238193,40.31211498973306,4.016,True,-74.79758334021341,6.772361148311199,Magdalena-Cauca,23,1981-01-01,2022-12-31,40.31211498973306,4.01564537157757,102,1,0.0,0.0,23.561943874058866,5.749644069652826,102,VEGACHI,VOLCÁN,Vegachí,Rió San Bartolo y otros directos al Magdalena Medio,Activa,2310,0,,2.509837398373984,0.5843330631432553,True,0,0,,,2,0.9999999999998599,3086.6782262767,2689.8618695652167,0.8757317236981121,1,0.6692678472053767,0.30613081901007155,0.20537361404597984,0.8636008732983133,0.6299539104750218,0.34941980642253195,7.15158924205379,6.96788016442866,flatline>5%,1,0.7602242263136966,0.0,0.729266934245896,0.45806848668904776,0.955
23127060,Santander,697402.51,-8248165.59,141,1/01/1981,31/12/2022,14569,5.026,4973.17,589.04,2.36,0.14,3811,1304.8,142.0,191.84,1.93e-05,73.22,248.05,149.25,96.56,81.63,29.86,1.39,3.83,1.0,101.57,12.19,4.08,0.58,1.56,0.8,0.66,0.93,9.82,0,1,12,34,28.21,0.47,70.95,0.09,0.28,0.0,0.0,0.0,0.0,99.85,0.0,0.15,0.147,59.45,9.18,22.24,0.05,1.08,0.0,0.0,0.59,7.08,0.0,0,0.0,0.06,0.0,0.0,0.26,0.0,0.0,0.0,0.15,15.08,2.65,14.88,55.09,12.12,0.02,0.01,1981-01-01,2022-12-31,41.9958932238193,39.88774811772758,5.026,True,-74.0945321544571,6.294227473701221,Magdalena-Cauca,23,1981-01-01,2022-12-31,39.88774811772758,5.026075619295956,214,2,0.0,0.0,23.02258726899384,7.907129558646364,214,SANTA ROSA  - AUT,CARARE,Cimitarra,Río Carare (Minero),En Mantenimiento,2312,0,,40.43227642276423,0.5836530274078254,True,0,0,,,42,0.9999999999999403,2499.962722001107,2633.189010989011,0.8070768522599608,0,0.7185516823236874,0.6123910788726676,0.1951430764197253,0.8596620357798883,0.7525738537975549,0.5818246864284631,0.0,6.2375980615513855,,0,0.615823695168989,0.0,0.7261765196258694,0.8613531580607386,0.793
21187020,Tolima,467328.75,-8371012.34,751,1/01/1981,28/02/2021,14333,2.291,141.73,82.67,1.96,0.15,3416,1594.42,732.0,30.93,0.000194,72.32,25.02,22.17,21.77,13.15,34.14,2.09,16.17,1.56,222.07,19.39,2.86,0.61,1.82,0.59,0.74,1.1,6.4,1,1,1,10,30.96,3.89,64.4,0.72,0.02,0.0,0.0,0.79,69.12,30.1,0.0,0.0,0.0,43.19,34.32,22.06,0.23,0.0,0.0,0.0,0.21,0.0,0.0,0,0.0,0.0,0.0,0.0,0.0,0.0,0.0,0.0,0.0,12.04,0.0,4.24,56.98,26.74,0.0,0.0,1981-01-01,2021-02-28,40.15879534565367,39.24161533196441,2.291,False,-75.1980832857512,4.222499979561926,Magdalena-Cauca,21,1981-01-01,2021-02-28,39.24161533196441,2.290544686072671,209,1,0.0,0.0,22.324435318275157,3.617021276595744,209,PAVO REAL,LUISA,Valle De San Juan,Río Luisa y otros directos al Magdalena,Activa,2118,0,,1.1522764227642277,0.583356160622812,True,0,0,,,2,0.9999999999999021,2056.695453525707,1733.2696629213483,0.7586078692671038,1,0.6078328892834132,0.5565876175710899,0.29548591608572494,0.7571000309058382,0.5786510549390413,0.6461118853781289,2.232610060699086,0.06288899886498996,,0,0.7027421559475666,0.0,0.5155459766384682,0.9853608498420225,0.8732
24027050,Santander,696375.93,-8140361.45,1276,1/01/1981,31/12/2022,14581,4.948,613.51,154.14,1.76,0.29,4276,2549.48,1274.0,46.13,0.000142,67.66,38.38,31.64,28.74,18.91,28.66,1.54,6.5,1.24,144.93,14.29,3.6,0.62,2.03,0.77,0.71,1.15,8.2,0,0,2,30,55.02,8.21,36.55,0.16,0.06,0.0,0.0,34.26,6.08,46.94,12.6,0.11,0.113,48.29,12.01,37.36,0.02,0.97,0.0,0.0,0.26,0.0,0.0,0,0.0,0.0,0.0,0.46,0.63,0.0,0.0,0.0,0.0,2.03,0.0,9.73,39.33,48.89,0.03,0.0,1981-01-01,2022-12-31,41.9958932238193,39.92060232717317,4.948,True,-73.12611108792349,6.285000021410948,Magdalena-Cauca,24,1981-01-01,2022-12-31,39.92060232717317,4.94784876140808,250,2,0.0,0.0,23.575633127994525,5.694885554703754,250,PUENTE LLANO,TAQUIZA,Charalá,Río Fonce,Activa,2402,1,24027040,4.987886178861789,0.5823428774947085,True,0,0,,,5,0.9999999999999385,2164.401793643927,2087.842548042705,0.6683437582925464,0,0.6081380004110373,0.6287626427538062,0.1146660228442768,0.8354489497732298,0.7306260749169812,0.6576459725715995,0.26747136684726697,6.575251133408324,,0,0.5869992394193834,0.0,0.6771491275645252,0.8249719049915418,0.9503999999999999
21257070,Tolima,555794.68,-8336815.62,282,1/01/1981,31/12/2022,14236,7.197,342.89,123.74,1.88,0.29,2334,891.04,284.03,34.28,3.82e-05,73.24,50.6,39.82,34.39,19.36,35.08,1.67,12.32,1.37,181.15,13.61,3.12,0.47,1.34,0.58,0.69,0.93,7.18,3,23,3,36,27.73,0.35,71.58,0.26,0.09,0.0,0.0,58.18,1.97,11.52,0.0,16.31,16.311,41.27,9.33,30.64,0.4,0.0,5.1,0.0,0.09,0.0,0.0,0,0.0,0.0,0.0,8.27,4.91,0.0,0.0,0.0,9.65,5.67,0.0,40.02,33.44,11.1,0.12,0.0,1981-01-01,2022-12-31,41.9958932238193,38.97604380561259,7.197,True,-74.89088892332363,5.019916696768918,Magdalena-Cauca,21,1981-01-01,2022-12-31,38.97604380561259,7.196870925684484,365,4,0.0,0.0,23.28542094455852,6.855766071624137,172,PUENTE SAN FRANCISCO  - AUT,SABANDIJA,Armero (Guayabal),Río Lagunilla y Otros Directos al Magdalena,Activa,2125,2,21257110;21257120,2.787723577235772,0.5813052851511974,True,1,1,21257110,0.153,3,0.9999999999998558,2298.3091787341746,2455.1418394160582,0.7635498856403045,1,0.6314105256526299,0.47517310451816686,0.13729897812753192,0.749488106868546,0.5895796435913662,0.4439461548136492,1.3205956729418376,-2.113014014345062,,0,0.38585159595189045,0.3333333333333333,0.7212720719620102,0.8337180100403707,0.752
21197110,Cundinamarca,487351.01,-8280534.34,1474,1/01/1981,31/12/2022,14936,2.634,160.12,73.72,1.64,0.27,3104,2321.65,1469.0,24.24,0.000179,74.62,21.38,19.46,19.66,11.1,33.48,2.47,18.17,1.74,230.79,18.6,1.72,0.51,1.55,1.13,0.55,0.25,5.52,5,13,40,84,19.25,1.23,77.81,1.69,0.02,0.0,0.0,0.0,0.0,100.0,0.0,0.0,0.0,65.97,0.0,33.9,0.14,0.0,0.0,0.0,0.0,0.0,0.0,0,0.0,0.0,0.0,0.0,0.0,0.0,0.0,0.0,8.42,31.21,0.0,31.5,16.45,12.42,0.0,0.0,1981-01-01,2022-12-31,41.9958932238193,40.89253935660506,2.634,True,-74.38530558298554,4.403055540468102,Magdalena-Cauca,21,1981-01-01,2022-12-31,40.89253935660506,2.633637548891788,68,0,0.0,0.0,23.89322381930185,4.4244880078852304,68,SILVANIA,SUBIA,Silvania,Río Sumapaz,Activa,2119,0,,1.3017886178861788,0.5812144553082086,True,0,0,,,2,0.9999999999999515,1704.6454967851291,1251.3077826086956,0.7980502187968853,0,0.5969629428803813,0.3797259859149211,0.28177880340549716,0.9194943037304025,0.6946527589503576,0.5438164328593867,0.5021424745581147,4.148661171575016,,0,0.8509921747373288,0.0,0.5503376652756108,0.621613302033158,0.9176
35077080,Boyacá,551835.69,-8177876.75,1366,1/01/1981,31/12/2022,14810,3.455,622.51,175.99,1.99,0.25,3546,2492.25,1355.0,49.91,0.000114,72.31,44.45,35.75,31.62,20.95,39.33,2.57,17.98,1.76,225.79,20.19,2.74,0.84,1.9,1.32,0.61,0.26,8.35,2,3,77,105,31.87,1.8,66.04,0.28,0.02,0.0,0.0,0.0,0.0,99.97,0.0,0.0,0.0,70.42,0.56,26.26,0.23,0.03,0.0,0.0,0.01,0.0,0.0,0,0.0,0.0,0.0,0.0,2.48,0.0,0.0,0.0,2.79,19.8,0.0,32.41,34.02,10.91,0.06,0.0,1981-01-01,2022-12-31,41.9958932238193,40.54757015742642,3.455,True,-73.46311676170679,4.98425097360639,Orinoco,35,1981-01-01,2022-12-31,40.54757015742642,3.455019556714467,355,1,0.0,0.0,24.829568788501028,0.6790055853685195,19,PTE FIERRO  - AUT,SOMONDOCO,Somondoco,Río Garagoa,Activa,3507,2,35077090;35077140,5.061056910569105,0.5801338485156223,True,1,0,35077140,0.603,5,0.9999999999999963,1929.5924606519825,1197.2356363636363,0.7362721357091511,1,0.7303357353692925,0.5161148545182389,0.1996122728128522,0.9369165165918717,0.8709185085024012,0.8489123097143141,0.9993247805536799,2.8158419860760455,,0,0.5581265720484876,0.0,0.6836690159896831,0.9246996767071974,0.8732
35197020,Boyacá,609863.24,-8099027.91,2869,1/01/1981,30/06/2021,14294,3.36,211.11,101.17,1.96,0.32,3966,3391.09,2865.0,25.8,8e-05,74.55,30.6,26.21,24.81,13.56,92.0,1.61,18.2,1.53,227.65,19.88,3.1,0.79,1.8,1.4,0.65,0.32,9.39,1,2,74,105,1.45,76.84,21.18,0.49,0.04,0.0,0.0,0.0,0.0,100.0,0.0,0.0,0.0,7.34,2.06,90.39,0.0,0.0,0.0,0.0,0.21,0.0,0.0,0,0.0,0.0,0.0,0.0,0.0,0.0,0.0,0.0,6.87,6.56,0.51,0.0,2.1,83.95,0.0,0.0,1981-01-01,2021-06-30,40.492813141683776,39.134839151266256,3.36,False,-72.75480558063583,5.50680555903874,Orinoco,35,1981-01-01,2021-06-30,39.134839151266256,3.360151443445336,366,1,0.0,0.0,22.327173169062284,4.975530179445354,366,VADO HONDO  - AUT,CUSIANA,Aquitania,Río Cusiana,Activa,3519,0,,1.7163414634146343,0.5748647368308589,False,0,0,,,1,0.9999999999999636,2010.337375148909,1479.313168539326,0.7970323465581263,1,0.7227306485230349,0.5642772282915195,0.28779771268190274,0.7637039077832559,0.6997198103404367,0.7707988383328253,2.3716244578144674,2.4747825434513726,,0,0.523406093770189,0.0,0.6110891579419394,0.9682728260188457,0.9733333333333334
12027050,Antioquia,933730.02,-8529947.41,52,1/01/1981,31/12/2022,15166,1.134,1031.21,278.77,2.45,0.08,1147,229.03,54.0,117.17,2.03e-05,71.03,166.33,107.06,74.49,55.57,46.77,1.68,6.43,1.21,148.12,20.69,1.16,0.21,0.74,1.05,0.42,0.07,4.51,18,12,82,124,43.29,0.01,56.62,0.07,0.0,0.0,0.0,0.0,0.0,98.98,0.0,0.0,0.0,93.12,6.58,0.0,0.04,0.0,0.0,0.0,0.26,0.0,0.0,0,0.0,0.0,0.0,0.0,0.0,0.0,0.0,0.0,14.02,34.09,0.0,28.38,23.21,0.0,0.04,0.27,1981-01-01,2022-12-31,41.9958932238193,41.52224503764545,1.134,True,-76.62582131138727,8.41356219778599,Caribe,12,1981-01-01,2022-12-31,41.52224503764545,1.134289439374181,62,0,0.0,0.0,24.750171115674195,0.9966049720731562,20,PUEBLO NUEVO,MULATOS,Necoclí,Río Mulatos y otros directos al Caribe,Activa,1202,1,12027010,8.383821138211383,0.5724840174066199,True,1,0,12027010,0.302,10,0.9999999999999895,2130.892607071078,2054.4130872483224,0.9550598499051207,0,0.7381101536339353,0.20586990496821642,0.5380348124142809,0.9250971974739779,0.6959930267176565,0.21390456275388195,4.351839641302915,-25.69339882267271,RR_inestable;escalon>25%,2,0.9218070216261054,0.0,0.6389691747094193,0.2352664554849253,0.98
32077070,Meta,329161.51,-8201656.07,246,6/03/1981,31/12/2022,14454,5.381,2338.41,388.29,2.26,0.11,3552,758.83,254.09,147.75,1.78e-05,71.4,209.38,129.64,86.5,67.99,48.46,1.25,13.24,1.36,167.64,18.29,6.17,0.75,2.21,1.02,0.68,0.75,15.76,0,0,51,90,43.64,0.07,55.12,0.8,0.38,0.0,0.0,4.1,1.49,76.99,0.0,0.0,0.0,47.15,28.86,0.0,0.0,0.0,0.0,0.0,0.77,18.33,0.0,0,0.0,4.89,0.0,0.0,0.0,0.0,0.0,0.0,4.79,16.73,0.07,51.68,24.27,2.45,0.0,0.0,1981-03-06,2022-12-31,41.82067077344285,39.572895277207394,5.381,True,-73.67673002772648,2.975479971650388,Orinoco,32,1981-03-06,2022-12-31,39.572895277207394,5.380989787902591,283,1,0.0,0.0,24.58590006844627,1.6537071514620472,31,PIÑALITO,GUEJAR,Vistahermosa,Río Guejar,Activa,3207,1,32077110,19.011463414634147,0.5702866846911052,True,1,1,32077110,0.123,21,0.9999999999999475,2645.862776134057,3011.1058356164385,0.8437081400969417,1,0.774508334325429,0.8577103503207112,0.14315016952071852,0.8316863301264624,0.7825493690031441,0.7471255355805881,0.0,8.544229907383702,,0,0.5351283901279864,0.3333333333333333,0.8416321490640493,0.31619922150953084,0.7466666666666666
26137110,Risaralda,528433.84,-8419433.23,1603,1/01/1981,24/05/2017,12951,2.573,276.44,114.67,1.95,0.15,4886,3242.25,1598.0,43.52,0.000175,68.35,33.83,28.49,26.48,17.38,83.63,1.11,9.11,1.3,166.6,12.92,3.88,0.63,2.14,0.69,0.72,1.2,9.03,0,1,2,22,52.96,34.92,11.53,0.18,0.41,0.0,0.0,0.02,0.44,0.0,49.6,0.0,0.0,6.9,0.0,66.55,0.0,0.0,0.0,0.0,1.15,0.0,0.0,0,13.65,0.0,0.0,9.03,0.0,2.72,0.0,0.0,0.0,9.29,0.0,2.62,29.21,58.31,0.0,0.58,1981-01-01,2017-05-24,36.39151266255989,35.45790554414784,2.573,False,-75.63305554132789,4.773388928750271,Magdalena-Cauca,26,1981-01-01,2017-05-24,35.45790554414784,2.5727826675693954,92,1,0.0,0.0,18.8145106091718,2.9926595143986434,92,BANANERA LA 6-909,OTÚN,Pereira,Río Otún y otros directos al Cauca,Activa,2613,1,26137120,2.247479674796748,0.5701691110506221,True,0,0,,,2,0.9999999999999601,2582.2646433920872,2265.0506063348416,0.8298983422475346,0,0.631491878550702,0.6121085875935228,0.2659643197903737,0.8794211774281088,0.6878317231258407,0.6754168238180477,1.7373175816539264,16.146036163988054,,0,0.7197400386019428,0.0,0.6077478557252425,0.8619809164588382,0.7266666666666667
23087670,Antioquia,684834.71,-8389748.03,2099,1/01/1994,31/12/2022,10502,0.85,154.03,108.1,2.46,0.21,2765,2274.52,2111.08,26.9,2.37e-05,73.51,50.52,39.76,34.36,17.64,35.12,1.88,5.1,1.1,155.83,16.62,3.32,0.64,1.85,0.56,0.75,1.27,7.81,0,1,0,0,28.56,12.16,54.08,5.18,0.03,0.0,0.0,45.46,54.54,0.0,0.0,0.0,0.0,12.75,0.0,86.9,0.21,0.0,0.0,0.0,0.14,0.0,0.0,0,0.0,0.0,0.0,0.0,0.0,0.0,0.0,0.0,13.22,52.11,0.0,30.57,3.74,0.0,0.21,0.14,1994-01-01,2022-12-31,28.996577686516083,28.752908966461327,0.85,True,-75.36638885260645,6.18124998242362,Magdalena-Cauca,23,1994-01-01,2022-12-31,28.752908966461327,0.8496978851963766,36,0,0.0,0.0,24.752908966461327,0.985653269083342,36,RIOTEX,QUEBRADA LA MOSCA,Rionegro,Río Nare,Activa,2308,2,23087260;23087660,1.2522764227642276,0.5691644759179322,True,0,0,,,1,0.9999999999999063,2839.4075269299315,1885.6609127516779,0.7631264940565498,1,0.6508874518795733,0.43887035928510265,0.2416471079670929,0.7823326387539296,0.665296844598811,0.6592051931869122,0.2666158826890116,-7.210507086125347,,0,0.6921532125286782,0.0,0.6064175454295802,0.7530452428557836,0.8771
16027100,Norte De Santander,877275.03,-8085848.7,252,1/01/1981,31/12/2022,14618,4.707,465.7,180.49,2.36,0.12,3924,1609.91,250.99,62.93,7.27e-05,64.58,63.07,47.82,39.69,27.19,20.76,2.0,15.51,2.24,184.88,18.66,3.17,0.71,2.39,0.67,0.72,1.0,7.79,0,2,3,31,54.52,3.6,41.67,0.19,0.02,0.0,0.0,23.16,22.39,54.45,0.0,0.0,0.0,70.58,7.08,0.78,0.06,0.0,0.0,0.0,0.08,0.0,0.0,0,0.0,0.0,0.0,4.86,16.54,0.0,0.0,0.0,0.0,0.0,1.21,28.2,26.21,44.22,0.06,0.09,1981-01-01,2022-12-31,41.9958932238193,40.02190280629706,4.707,True,-72.63641472287962,7.90824069253803,Caribe,16,1981-01-01,2022-12-31,40.02190280629706,4.706649282920472,365,1,0.0,0.0,24.13141683778234,3.471689847771331,54,CORNEJO,PERALONSO,San Cayetano,Río Zulia,Activa,1602,1,16027010,3.786178861788618,0.5691057383241973,True,0,0,,,3,0.9999999999999243,2099.017629336443,1617.18062283737,0.7714038251929571,0,0.644008769836535,0.5400627330824064,0.2307040924664289,0.8397579553960596,0.6408990573917194,0.6734938022513978,5.568477219865919,6.725559100715276,flatline>5%,1,0.4945417446391934,0.0,0.6208908978810542,0.9779171846275696,0.9570666666666666
22017030,Tolima,384253.76,-8423051.12,764,1/01/1985,23/05/2019,12315,1.958,106.83,70.39,1.92,0.1,3454,1783.99,756.0,32.91,0.00017,68.5,27.64,24.09,23.23,14.15,36.73,1.75,17.4,1.57,221.09,23.0,3.01,0.5,3.15,0.46,0.81,1.41,6.02,0,1,0,0,52.89,0.17,46.63,0.27,0.05,0.0,0.0,6.39,93.61,0.0,0.0,0.0,0.0,71.04,2.41,26.25,0.29,0.0,0.0,0.0,0.0,0.0,0.0,0,0.0,0.0,0.0,0.0,0.0,0.0,0.0,0.0,0.0,15.58,0.0,0.5,83.79,0.0,0.12,0.0,1985-01-01,2019-05-23,34.38740588637919,33.71663244353183,1.958,False,-75.66555560016052,3.47291667723042,Magdalena-Cauca,22,1985-01-01,2019-05-23,33.71663244353183,1.958442799140192,154,1,0.0,0.0,20.71731690622861,3.1485984896966634,154,BOCAS,BLANCO,Rioblanco,Alto Saldaña,Activa,2201,0,,0.8685365853658537,0.5672262607527685,True,0,0,,,1,0.9999999999998573,2238.012175261279,2201.4366829268297,0.6922900599991669,1,0.584419907984918,0.5117441991093906,0.2020036895154243,0.6590886787843517,0.5744824403544374,0.51335012369151,3.7109216402760863,7.778846151366284,,0,0.6498698056304633,0.0,0.574142971901423,0.914987109131979,0.8265
26037010,Cauca,278144.88,-8552824.9,1628,1/01/1981,31/01/2021,14385,1.749,155.31,79.93,1.81,0.35,3049,2025.26,1625.0,20.95,0.000185,68.8,18.86,17.54,18.12,9.87,76.16,1.2,11.15,1.61,173.0,16.78,3.18,0.43,2.31,0.86,0.75,0.75,7.4,0,0,11,42,51.5,0.0,48.37,0.13,0.0,0.0,0.0,0.0,0.0,4.73,54.26,1.42,1.424,62.51,10.64,26.81,0.04,0.0,0.0,0.0,0.0,0.0,0.0,0,0.0,0.0,0.0,0.0,0.0,0.0,0.0,0.0,0.0,12.61,0.0,69.18,18.17,0.0,0.04,0.0,1981-01-01,2021-01-31,40.08213552361397,39.38398357289528,1.749,False,-76.83133330068017,2.514638905432877,Magdalena-Cauca,26,1981-01-01,2021-01-31,39.38398357289528,1.7485144457345836,39,0,0.0,0.0,22.38466803559206,3.0360531309297945,39,REMOLINO,SUCIO,El Tambo,Rio Salado y otros directos Cauca,Activa,2603,0,,1.2626829268292683,0.5647896723348134,True,0,0,,,1,0.999999999999915,3521.3274950829095,2798.777019011407,0.7306005127816156,1,0.5521843987725041,0.3448232686042643,0.29557960348699364,0.7421280944396031,0.6286838723636679,0.42692470853142694,6.145290232881473,7.92261446412022,flatline>5%,1,0.8768831311722434,0.0,0.46784453336132437,0.5440517080094762,0.98
11047010,Choco,638534.93,-8534828.25,41,1/01/1981,31/12/2022,14012,8.657,5452.13,740.31,2.83,0.13,3978,528.08,39.7,205.26,2.32e-05,64.68,243.33,146.88,95.36,82.97,13.25,0.49,1.22,0.61,50.59,5.1,17.56,0.99,2.26,0.52,0.73,6.61,31.35,0,0,1,9,90.61,0.02,6.28,2.68,0.39,0.01,0.0,0.0,15.74,54.72,0.0,11.85,11.85,61.58,2.99,25.81,0.09,0.0,0.0,0.0,1.41,6.12,0.0,0,1.99,0.0,0.0,0.0,0.0,0.0,0.0,0.0,0.0,21.15,0.0,17.71,51.73,8.19,0.03,1.18,1981-01-01,2022-12-31,41.9958932238193,38.362765229295,8.657,True,-76.66966664310068,5.764833292061648,Caribe,11,1981-01-01,2022-12-31,38.362765229295,8.657105606258153,365,5,0.0,0.0,23.110198494182068,7.495890410958905,234,BELÉN - AUT,ATRATO,Quibdó,Río Cabi y otros Directos Atrato (md),Activa,1104,1,11047030,44.32626016260163,0.5642700048972099,True,5,3,11035020;11017010;11037020;11027010;11027030,0.288;0.164;0.048;0.038;0.036,43,0.9999999999999413,5964.306356905799,6594.556000000001,0.80017196019151,0,0.5747880309927085,1.133193042069308,0.13894962400250305,0.7799030342290304,0.5246426278163839,1.042299214888249,0.0,5.365654306795281,RR_IMERG>1,1,0.32211705850174405,1.0,0.7109429610870953,0.0,0.7067
23127020,Santander,722556.18,-8247916.72,105,1/01/1981,31/12/2022,14472,5.658,5421.47,670.42,2.57,0.09,3811,1214.15,105.01,243.94,1.77e-05,73.61,308.52,178.92,111.25,99.6,22.05,1.41,3.49,0.95,100.63,12.0,4.1,0.58,1.57,0.86,0.65,0.97,10.13,0,0,9,25,26.63,0.43,72.53,0.09,0.32,0.0,0.0,0.0,0.0,96.88,0.0,1.99,1.993,56.88,10.04,20.4,0.04,1.0,0.0,0.0,0.7,10.64,0.0,0,0.0,0.06,0.0,0.0,0.24,0.0,0.0,0.0,0.13,18.85,3.42,14.97,51.45,11.12,0.02,0.04,1981-01-01,2022-12-31,41.9958932238193,39.62217659137577,5.658,True,-74.0922965172095,6.520269692399762,Magdalena-Cauca,23,1981-01-01,2022-12-31,39.62217659137577,5.658409387222951,366,2,0.0,0.0,23.05270362765229,7.786660825758407,366,PUERTO ARAUJO - AUT,CARARE,Cimitarra,Río Carare (Minero),En Mantenimiento,2312,0,,44.0769918699187,0.5642563639710059,False,0,0,,,45,0.9999999999999428,2544.620246502413,2580.9640729927005,0.774351145286334,0,0.7247004090799711,0.5689661546684189,0.14734165600196322,0.8194129542661014,0.6939953477179754,0.5573323130216634,0.0,-0.7781381662732294,,0,0.45300048362258016,0.0,0.7667531784860018,0.9578529896257358,0.7709333333333332
32077080,Meta,325292.99,-8150001.92,226,1/01/1981,31/12/2022,14833,3.305,6141.79,756.27,2.72,0.08,4381,1074.55,226.09,275.32,2.09e-05,72.87,317.7,183.33,113.39,105.81,42.71,1.18,11.31,1.26,147.52,14.95,5.68,0.69,2.3,0.88,0.73,0.84,13.0,0,0,31,55,36.28,14.6,45.93,1.76,1.43,0.0,0.0,2.26,0.1,52.79,0.0,0.0,0.0,30.92,37.02,0.0,0.0,0.0,0.0,0.0,1.66,23.56,0.0,0,0.0,6.83,0.0,0.0,0.0,0.0,0.0,0.0,8.39,18.44,0.95,26.21,19.31,26.22,0.0,0.49,1981-01-01,2022-12-31,41.9958932238193,40.610540725530456,3.305,True,-73.21271290339445,2.940541495197605,Orinoco,32,1981-01-01,2022-12-31,40.610540725530456,3.3050847457627097,56,0,0.0,0.0,24.736481861738536,1.0513634870222277,35,PUERTO RICO,ARIARI,Puerto Rico,Río Ariari,Activa,3207,2,32077070;32077110,49.93325203252032,0.5620537334412206,True,1,1,32067030,0.125,49,0.9999999999999294,2738.7872171158447,3098.670653061224,0.8416111286065457,1,0.7736358185442953,0.7718210446711643,0.1623068696015962,0.8576790558076057,0.8111404713864871,0.6884550704215285,0.3101193285242365,7.293165195431746,,0,0.8324319373343799,0.3333333333333333,0.8168777226587214,0.5070643451751906,0.046666666666666745
21147030,Huila,368148.75,-8334147.04,666,1/01/1981,31/08/2021,14622,1.555,1671.36,315.83,2.18,0.17,4041,2129.45,666.0,98.63,7.52e-05,67.97,88.01,63.08,49.27,38.02,22.23,2.0,15.63,1.63,197.49,16.85,2.77,0.65,2.12,0.86,0.64,0.47,6.92,0,2,25,52,54.07,22.24,22.57,1.07,0.06,0.0,0.0,0.0,0.0,100.0,0.0,0.0,0.0,54.21,13.51,18.2,0.06,0.0,0.0,0.0,0.72,0.0,0.0,0,0.0,0.59,0.0,0.0,12.7,0.0,0.0,0.0,0.96,0.07,0.01,20.54,49.89,27.83,0.06,0.64,1981-01-01,2021-08-31,40.662559890485966,40.03285420944559,1.555,False,-74.86691666131469,3.327527746586325,Magdalena-Cauca,21,1981-01-01,2021-08-31,40.03285420944559,1.5552413653807329,31,0,0.0,0.0,23.11841204654346,2.3024412819622864,31,CARRASPOSO  - AUT,CABRERA,Colombia,Río Cabrera,Activa,2114,0,,13.588292682926827,0.5561473772319481,True,0,0,,,13,0.9999999999999383,2112.2664635950287,1583.2026714801445,0.36541075950622304,1,0.39379088473060825,0.5093089859737582,0.24621517884416563,0.1867900291121649,0.3095450495670015,0.6667542760001669,0.31459444672411435,7.374324895149377,fase_IMERG<0.5,1,0.9041709694298472,0.0,0.21595322486626745,0.9095755243861292,0.9311999999999999
22027020,Tolima,345835.25,-8421953.38,1211,1/01/1981,31/12/2022,15082,1.682,919.26,225.74,2.1,0.18,4435,2993.11,1211.0,71.22,6.87e-05,63.01,70.91,52.71,42.82,30.2,36.6,1.49,17.31,1.67,212.98,20.41,2.79,0.59,3.56,0.58,0.75,1.08,5.63,0,0,0,14,70.95,16.99,11.95,0.06,0.06,0.0,0.0,25.78,71.15,1.23,0.11,1.74,1.739,17.39,41.17,41.34,0.02,0.0,0.0,0.0,0.07,0.0,0.0,0,0.0,0.0,0.0,0.0,0.0,0.0,0.0,0.0,0.0,0.02,0.0,3.79,64.92,31.27,0.0,0.01,1981-01-01,2022-12-31,41.9958932238193,41.29226557152635,1.682,True,-75.65569443396065,3.126055580241294,Magdalena-Cauca,22,1981-01-01,2022-12-31,41.29226557152635,1.681877444589308,92,1,0.0,0.0,24.292950034223136,2.825539371372243,92,GAITANIA,ATA,Planadas,Río Atá,Activa,2202,0,,7.473658536585366,0.555178640590493,True,0,0,,,7,0.9999999999999061,2041.6615185928367,1746.7467216494847,0.13449210530139954,1,0.31464969393569,0.5254070096896694,0.17980535373180784,-0.048843192855370754,0.2507842745764528,0.6191332948223508,0.0,15.246666591253074,fase_IMERG<0.5,1,0.8710408984405092,0.0,0.21222431766857056,0.9453489104214874,0.9503999999999999
21017050,Huila,204469.37,-8466119.39,1276,1/01/1981,31/12/2021,14858,0.781,268.6,136.33,2.35,0.12,2908,1835.75,1283.04,48.19,6.15e-05,71.14,54.78,42.54,36.22,22.92,25.69,1.84,16.15,1.73,213.39,18.15,2.6,0.5,2.87,0.34,0.76,1.19,5.54,0,1,0,2,43.02,0.0,56.35,0.63,0.0,0.0,0.0,0.0,16.13,11.52,0.0,67.85,67.851,66.0,20.74,8.69,0.29,4.28,0.0,0.0,0.0,0.0,0.0,0,0.0,0.0,0.0,0.0,0.0,0.0,0.0,0.0,2.93,6.26,0.0,67.13,21.12,2.21,0.35,0.0,1981-01-01,2021-12-31,40.99657768651608,40.67898699520876,0.781,False,-76.0524444521764,1.84883334634293,Magdalena-Cauca,21,1981-01-01,2021-12-31,40.67898699520876,0.7813021702838041,62,0,0.0,0.0,23.704312114989733,1.2320328542094416,62,PITALITO 2,GUARAPAS,Pitalito,Alto Magdalena,Activa,2101,0,,2.1837398373983743,0.5551350389646549,True,0,0,,,2,0.9999999999998991,2691.7508655637857,1933.462978723404,0.5194579825027056,1,0.43736603969251775,0.3698232278208442,0.16583543821026286,0.8755137024362342,0.6402566258764694,0.5081413834990985,0.6259254273791897,7.16408008581521,,0,0.9168003810529248,0.0,0.430975471044569,0.5996071729352093,0.855
24017590,Santander,650577.38,-8201784.88,1610,1/01/1981,29/12/2022,14424,5.959,2307.46,426.02,2.5,0.1,3808,2709.53,1605.99,154.66,1.77e-05,74.31,217.23,133.67,88.59,70.45,26.47,2.46,6.9,1.24,148.95,14.49,1.27,0.36,1.41,1.36,0.6,0.14,3.71,0,2,57,64,23.92,3.65,70.65,1.11,0.67,0.0,0.0,0.0,0.0,86.78,0.0,0.0,0.0,44.5,3.03,35.94,0.37,12.88,0.0,0.0,1.59,0.28,0.0,0,0.0,0.0,0.0,0.0,1.42,0.0,0.0,3.39,1.59,28.54,1.28,34.92,22.51,5.88,0.63,1.26,1981-01-01,2022-12-29,41.99041752224504,39.49075975359343,5.959,True,-73.67788714764394,5.873172872570275,Magdalena-Cauca,24,1981-01-01,2022-12-29,39.49075975359343,5.959055939496672,365,2,0.0,0.0,22.50787132101301,9.946324898674552,365,PUENTE NACIONAL - AUT,SUÁREZ,Puente Nacional,Río Suárez,Activa,2401,5,24017150;24017600;24017610;24017740;24017820,18.759837398373985,0.5526289356326795,True,2,2,24017150;24017610,0.076;0.031,17,0.9999999999999125,1862.5552799574539,1327.5173433962264,0.8893116781516938,0,0.7686675042023314,0.282081221666112,0.2618624395118894,0.8400649968858961,0.7612041619707862,0.38792002744775617,0.11092623405435385,20.215611291058778,,0,0.43977221351512824,0.6666666666666666,0.7240552334607739,0.4046249370358044,0.45096666666666657
21147010,Huila,372797.2,-8362216.53,396,1/01/1981,31/08/2022,14607,4.015,2741.98,466.95,2.52,0.14,4041,1878.03,394.0,142.73,5.04e-05,67.8,136.51,90.85,65.52,54.33,41.84,2.29,14.55,1.69,185.38,14.88,2.48,0.62,2.35,0.71,0.68,0.55,5.5,0,1,14,33,47.7,22.12,29.03,1.03,0.13,0.0,0.0,6.82,0.98,85.64,0.0,5.09,5.087,46.24,17.34,14.27,0.05,0.23,1.33,0.0,0.62,0.0,0.0,0,0.0,3.05,0.0,0.0,16.87,0.0,0.0,0.0,0.87,1.15,0.01,20.73,50.46,26.2,0.04,0.54,1981-01-01,2022-08-31,41.661875427789184,39.9917864476386,4.015,True,-75.11906918015909,3.3694941775061142,Magdalena-Cauca,21,1981-01-01,2022-08-31,39.9917864476386,4.014982257852539,261,1,0.0,0.0,23.07460643394935,6.449106449106445,261,SAN ALFONSO  - AUT,CABRERA,Villavieja,Río Cabrera,En Mantenimiento,2114,1,21147030,22.29252032520325,0.5522659282961635,True,1,1,21147030,0.610,21,0.9999999999999268,2121.6716147939132,1505.1999256505576,0.4467259193321146,1,0.34652758512271353,0.43223136847076604,0.15151170322408877,0.21717632068810283,0.21916070206587876,0.5982490046549779,0.12322858903265557,2.4869046697130472,fase_IMERG<0.5,1,0.6112643761965177,0.3333333333333333,0.3538575123604483,0.7382919299350356,0.8905
12017080,Antioquia,861181.84,-8533423.31,49,1/01/1981,30/09/2011,10617,5.459,146.77,106.93,2.49,0.09,1479,391.98,45.02,41.53,3.3e-05,72.76,62.06,47.18,39.27,23.03,39.44,1.18,5.65,1.1,141.71,20.84,3.55,0.42,0.74,1.48,0.47,0.06,12.62,12,12,101,156,34.81,0.0,63.49,1.39,0.32,0.0,0.0,0.0,0.0,98.98,0.0,0.0,0.0,80.29,18.67,0.0,0.34,0.39,0.0,0.0,0.3,0.0,0.0,0,0.0,0.0,0.0,0.0,0.0,0.0,0.0,0.39,0.0,40.8,0.0,19.66,38.52,0.0,0.34,0.3,1981-01-01,2011-09-30,30.74332648870637,29.06776180698152,5.459,False,-76.65704585234796,7.764075847339201,Caribe,12,1981-01-01,2011-09-30,29.06776180698152,5.458593054318794,92,1,0.0,0.0,13.221081451060916,3.823939454291969,71,CAREPA,CAREPA,Carepa,Río León,Suspendida,1201,0,,1.1932520325203253,0.5504026231770127,True,0,0,,,1,0.9999999999999624,2721.5288352826087,3301.02970700637,0.8979083007673491,0,0.6640732080948157,0.5011943121251159,0.1656492541419376,0.8976913602965962,0.6562525195517213,0.42252198460347035,8.04370349439578,37.94878011224269,escalon>25%;flatline>5%,2,0.48717489224170135,0.0,0.7877498509661949,0.8915429158335908,0.6529333333333333
44037050,Caqueta,172861.61,-8407883.83,262,1/01/1981,31/12/2022,14723,4.022,1559.75,285.24,2.04,0.1,3442,1419.87,258.01,125.25,3.52e-05,65.14,141.65,93.69,67.11,52.65,39.27,1.34,12.6,1.5,165.17,15.76,5.56,0.78,2.51,0.63,0.76,2.04,12.84,0,1,1,10,74.24,0.05,24.43,1.08,0.2,0.0,0.0,85.83,0.0,14.08,0.0,0.0,0.0,92.65,4.83,0.19,0.19,0.0,0.0,0.0,0.38,1.56,0.0,0,0.0,0.21,0.0,0.0,0.0,0.0,0.0,0.0,0.0,4.41,2.2,12.63,45.11,35.46,0.19,0.0,1981-01-01,2022-12-31,41.9958932238193,40.309377138945926,4.022,True,-75.5293055159038,1.5631111081709963,Amazonas,44,1981-01-01,2022-12-31,40.309377138945926,4.022164276401563,127,2,0.0,0.0,23.904175222450377,4.380681195925962,127,VENECIA,ORTEGUAZA,Florencia,Río Orteguaza,Activa,4403,2,44037060;44037080,12.68089430894309,0.5501669105154962,True,1,1,44037060,0.223,11,0.999999999999937,2893.651136127403,2565.0624929577466,0.4552991119941684,2,0.4498052477034421,0.7136171534029956,0.2110625792428364,0.715766748865885,0.5834815476455534,0.7979238752053912,0.0,4.990011202836553,fase_IMERG<0.5,1,0.7375516374271587,0.3333333333333333,0.34400554250548654,0.636406325771121,0.7843333333333334
23077020,Antioquia,668761.16,-8308676.52,151,1/01/1981,31/12/2007,9721,1.42,783.78,261.8,2.64,0.11,2312,558.06,155.01,83.85,1.95e-05,71.43,130.62,87.58,63.67,43.43,53.53,1.21,4.48,1.15,137.19,13.07,5.76,0.6,2.08,0.62,0.72,2.34,12.98,0,0,0,0,38.32,0.0,61.23,0.36,0.09,0.0,0.0,68.23,10.81,8.05,0.0,10.83,10.832,74.58,4.25,0.0,0.08,0.0,0.0,0.0,0.27,0.0,0.0,0,0.0,20.82,0.0,0.0,0.0,0.0,0.0,0.0,2.02,28.69,0.1,32.35,36.47,0.0,0.08,0.31,1981-01-01,2007-12-31,26.99520876112252,26.61464750171116,1.42,False,-74.63811108720995,6.036722185419937,Magdalena-Cauca,23,1981-01-01,2007-12-31,26.61464750171116,1.4197343068654278,85,0,0.0,0.0,9.61533196440794,3.833515881708649,85,PUENTE FERROCARRIL,COCORNÁ,Puerto Nare,Directos Magdalena Medio entre ríos La Miel y Nare,Activa,2307,0,,6.372195121951219,0.5485529347503072,True,0,0,,,7,0.9999999999999318,3055.3308628950094,3596.493982300885,0.758706227552836,1,0.6783468627320514,0.7901337572877103,0.07429123582053027,0.7992300635976088,0.7322260296759598,0.6252794025411413,0.25717518773788706,10.542243716947448,,0,0.584298310598715,0.0,0.7886517714527943,0.46636942824953276,0.9023999999999999
24037290,Boyacá,637985.39,-8115917.55,2498,1/01/1981,31/12/2022,15181,1.037,2360.35,350.14,2.03,0.16,3983,2928.04,2495.07,120.83,1.74e-05,77.72,180.82,114.76,78.64,58.59,21.77,3.03,13.57,1.62,201.81,16.57,0.33,0.12,1.39,0.98,0.62,0.06,0.98,5,27,20,52,8.52,16.2,67.44,5.25,2.59,0.0,0.0,0.0,0.0,87.53,0.6,0.1,0.103,9.58,6.76,34.27,1.54,37.18,0.0,0.0,2.73,0.0,0.0,0,0.0,0.0,6.43,0.0,1.5,0.0,0.0,0.0,8.59,16.27,2.29,3.56,34.65,30.3,1.74,2.61,1981-01-01,2022-12-31,41.9958932238193,41.56331279945243,1.037,True,-72.90652779818859,5.759888867089384,Magdalena-Cauca,24,1981-01-01,2022-12-31,41.56331279945243,1.0365058670143368,44,0,0.0,0.0,24.56399726214921,1.7413207753805726,44,PUENTE CHAMEZA  - AUT,CHICAMOCHA,Sogamoso,Río Chicamocha,Activa,2403,6,24037030;24037040;24037070;24037130;24037410;24037580,19.18983739837398,0.5475448153629541,True,4,4,24037130;24037030;24037580;24037070,0.434;0.187;0.064;0.060,17,0.9999999999999327,1725.1132650263894,1004.0155890410958,0.77529466805662,0,0.5850757663757216,0.07137556795736592,0.46671148505156057,0.8262093310096756,0.6222005433952225,0.12027814925897337,0.382056518015941,15.61942431574481,embalse?;RR_IMERG<0.15;RR_inestable,3,0.9421943623868594,1.0,0.447984899064957,0.0,0.0
26027250,Cauca,335945.86,-8524760.02,1035,1/01/1981,31/12/2019,13744,3.51,127.74,70.81,1.77,0.1,2142,1366.32,1021.0,35.6,4.96e-05,74.91,47.15,37.55,32.85,18.97,50.28,1.43,11.87,1.44,184.44,15.44,2.92,0.46,1.89,0.97,0.68,0.65,7.76,0,2,14,37,14.83,6.37,78.42,0.37,0.0,0.0,0.0,0.0,7.17,75.75,0.0,0.0,0.0,34.9,14.5,50.6,0.0,0.0,0.0,0.0,0.0,0.0,0.0,0,0.0,0.0,0.0,0.0,0.0,0.0,0.0,0.0,0.0,10.77,0.0,48.83,40.41,0.0,0.0,0.0,1981-01-01,2019-12-31,38.99520876112252,37.6290212183436,3.51,False,-76.57922219417037,3.036750002463955,Magdalena-Cauca,26,1981-01-01,2019-12-31,37.6290212183436,3.5102499297950063,186,1,0.0,0.0,21.67282683093772,1.099450274862568,45,BUENOS AIRES,LA TETA,Santander De Quilichao,Río Quinamayo y otros directos al Cauca,Activa,2602,0,,1.0385365853658537,0.5464286648721253,True,0,0,,,1,1.0000000000000677,2745.4856136763933,2312.463752895753,0.6950990087585743,1,0.6019146158681041,0.4070000087409935,0.24907188075431028,0.7516348706677757,0.6721020023345604,0.4842747291338202,0.5093131548311991,5.574084063082015,,0,0.6474490202975237,0.0,0.5289322942029862,0.6822222416466521,1.0
15037020,Magdalena,1250576.35,-8189529.72,1,1/01/1981,31/12/2022,14659,4.439,695.72,200.8,2.15,0.12,5703,2142.52,0.0,75.87,6.85e-05,63.04,74.56,54.95,44.24,31.71,42.96,0.78,10.02,1.83,145.62,20.31,3.11,0.36,1.74,0.67,0.72,0.92,8.06,1,3,3,23,54.64,31.79,11.84,0.13,0.48,1.13,0.0,4.31,95.43,0.0,0.0,0.26,0.258,54.12,44.98,0.0,0.0,0.37,0.0,0.0,0.53,0.0,0.0,0,0.0,0.0,0.0,0.0,0.0,0.0,0.0,0.0,0.0,0.74,0.0,13.35,33.65,51.72,0.0,0.53,1981-01-01,2022-12-31,41.9958932238193,40.134154688569474,4.439,True,-73.56779717227064,11.236142013659832,Caribe,15,1981-01-01,2022-12-31,40.134154688569474,4.439374185136902,122,2,0.0,0.0,23.745379876796715,5.015879969335235,62,PUENTE CARRETERA - PALOMINO,PALOMINO,Santa Marta,Río Ancho y Otros Directos al caribe,Activa,1503,2,15037010;15037030,5.656260162601626,0.5463853080739492,True,0,0,,,5,0.9999999999999789,1766.165637447872,3042.089891696751,0.8446901360574893,1,0.6417685467999377,0.6504276011438993,0.2949898485532066,0.8542238434462557,0.6384396131808558,0.38917818291078493,1.7122586806739888,15.103722612392435,,0,0.7238193815245579,0.0,0.5876253189631047,0.7768275530135572,0.6799999999999999
16057020,Norte De Santander,892486.85,-8147656.55,1405,1/01/1981,8/12/2006,9225,2.618,107.69,79.07,2.15,0.12,3554,1878.51,1395.99,30.41,7.79e-05,66.95,35.09,29.37,27.12,15.44,34.35,2.06,8.81,1.46,169.31,21.85,1.98,0.47,1.63,0.77,0.7,0.55,4.99,1,3,3,25,40.69,44.04,12.83,2.44,0.0,0.0,0.0,21.94,75.13,0.0,0.0,0.0,0.0,12.53,30.53,13.66,0.0,0.0,0.0,0.0,0.0,0.0,0.0,0,0.0,0.0,35.33,0.0,7.94,0.0,0.0,0.0,4.26,0.0,1.11,0.0,50.9,43.73,0.0,0.0,1981-01-01,2006-12-08,25.932922655715263,25.256673511293634,2.618,False,-73.19164408621529,8.044463212510292,Caribe,16,1981-01-01,2006-12-08,25.256673511293634,2.617966853161613,61,0,0.0,0.0,8.580424366872005,3.982843137254899,61,MARCELITA,OROQUE,Ábrego,Río Algodonal (Alto Catatumbo),Suspendida,1605,0,,0.8755284552845528,0.5405105613532035,True,0,0,,,1,0.9999999999998237,2146.302272711327,1589.3775294117647,0.8005201357684706,1,0.6551673442615535,0.3196192745453883,0.15701492358452468,0.776472175189943,0.6434399579306875,0.42985711702932206,3.5555555555555554,-8.21505998237401,,0,0.5358944207537735,0.0,0.7333221252651898,0.488042832323085,1.0
24017600,Boyacá,651310.84,-8189683.76,1686,1/01/1981,31/12/2022,14526,5.306,1170.99,210.8,1.74,0.16,3840,2582.24,1680.02,84.96,3.05e-05,77.43,111.12,76.56,57.32,40.3,73.62,2.91,10.6,1.3,183.88,16.4,0.89,0.28,1.2,1.34,0.54,0.09,2.94,7,18,66,111,20.6,17.63,52.09,9.48,0.21,0.0,0.0,0.0,0.0,97.46,0.0,0.0,0.0,11.94,10.02,32.51,0.25,12.48,6.81,0.0,0.42,0.0,0.0,0,0.0,0.0,25.57,0.0,0.0,0.0,0.0,0.0,7.84,7.22,0.0,17.95,26.98,39.81,0.08,0.13,1981-01-01,2022-12-31,41.9958932238193,39.7700205338809,5.306,True,-73.56918093713429,5.879770740129438,Magdalena-Cauca,24,1981-01-01,2022-12-31,39.7700205338809,5.306388526727512,730,1,0.0,0.0,22.78986995208761,8.838024312780634,730,MONIQUIRÁ  - AUT,MONIQUIRÁ,Moniquirá,Río Suárez,Activa,2401,4,24017150;24017610;24017740;24017820,9.520243902439024,0.5404193117512235,False,2,2,24017740;24017820,0.166;0.068,10,0.9999999999999628,1594.460589030396,1166.4592915129151,0.805309805591054,0,0.7227975428088894,0.21858307965215534,0.3426738672573776,0.8249897851681234,0.6739220319806337,0.29248304333414826,1.0188627288999037,24.27749449964237,RR_inestable,1,0.4683650596150262,0.6666666666666666,0.550368081186994,0.26351795478256734,0.7525
26197010,Antioquia,629255.11,-8446431.3,1235,1/01/1981,31/08/2015,11989,5.308,470.67,140.2,1.82,0.47,3821,2284.16,1218.0,31.68,0.000111,67.44,31.57,26.9,25.32,14.89,44.18,1.27,3.89,0.91,120.54,10.86,4.88,0.72,2.12,0.65,0.74,1.71,9.97,0,0,0,4,58.71,0.27,40.66,0.33,0.03,0.0,1.09,0.0,21.31,35.25,6.23,36.12,36.115,18.52,0.6,79.5,0.28,0.0,0.0,0.0,0.0,0.0,0.0,0,0.41,0.0,0.0,0.68,0.0,0.0,0.0,0.0,2.13,8.08,0.0,14.51,74.12,0.87,0.28,0.01,1981-01-01,2015-08-31,34.6611909650924,32.824093086926766,5.308,False,-75.87558333055519,5.681333319631533,Magdalena-Cauca,26,1981-01-01,2015-08-31,32.824093086926766,5.307637627359608,277,4,0.0,0.0,15.83025325119781,10.384376937383754,277,CAMPAMENTO,SAN JUAN,Andes,Río San Juan,Suspendida,2619,0,,3.8265853658536586,0.5402258239388465,True,0,0,,,4,0.9999999999998859,4116.757487542489,2429.0091063829796,0.8730664258391557,0,0.6595058397311213,0.46897593934557213,0.17468158537841375,0.7462419739388262,0.6372883131331191,0.7807335832334902,0.05838685461673201,11.926376927418866,,0,0.40412292262839494,0.0,0.7591324539995621,0.8199465318790491,0.8428
23067050,Cundinamarca,574911.83,-8301419.11,447,1/01/1981,31/12/2021,13596,9.209,2559.1,351.28,1.96,0.26,3802,1583.67,445.0,99.44,4.31e-05,76.02,109.73,75.77,56.86,42.52,33.27,1.89,9.2,1.22,144.61,13.0,2.26,0.48,1.55,1.14,0.63,0.31,6.27,1,2,36,107,11.97,0.18,87.36,0.4,0.1,0.0,0.0,0.0,0.0,99.98,0.0,0.0,0.0,84.73,7.57,6.4,0.31,0.0,0.0,0.0,0.39,0.0,0.0,0,0.0,0.0,0.0,0.0,0.61,0.0,0.0,0.0,2.48,9.21,0.0,28.51,42.84,16.83,0.12,0.0,1981-01-01,2021-12-31,40.99657768651608,37.223819301848046,9.209,False,-74.57291666394875,5.192111095485424,Magdalena-Cauca,23,1981-01-01,2021-12-31,37.223819301848046,9.208681135225373,232,3,0.0,0.0,21.39356605065024,10.860141455624008,232,GUADUERO,NEGRO,Guaduas,Río Negro,Activa,2306,2,23067060;23067080,20.805691056910568,0.5377932658162515,True,2,1,23067060;23067080,0.439;0.280,20,0.9999999999999452,2123.9563532259735,1654.2047710843372,0.7271762252060038,0,0.5934737660318694,0.3790736411328933,0.1685113117839363,0.7722177406309395,0.664118927322192,0.4733282578662748,1.0370697263901147,2.3456457542479137,,0,0.3984675058582767,0.3333333333333333,0.640740702562872,0.6201636469619851,0.7886666666666666
21017020,Huila,206841.84,-8486064.13,1324,1/01/1981,31/12/2022,15273,0.437,1127.46,263.31,2.21,0.19,4662,2728.43,1294.0,76.63,4.36e-05,62.78,89.38,63.9,49.77,34.81,37.03,1.68,17.17,1.69,210.55,17.0,1.13,0.25,2.83,0.51,0.73,0.49,2.35,0,2,0,0,80.49,4.33,14.97,0.06,0.14,0.0,0.01,27.56,0.04,6.43,33.37,32.25,32.252,27.39,25.24,47.3,0.0,0.0,0.0,0.0,0.07,0.0,0.0,0,0.0,0.0,0.0,0.0,0.0,0.0,0.0,0.0,0.0,8.64,0.0,46.47,35.46,9.28,0.0,0.16,1981-01-01,2022-12-31,41.9958932238193,41.81519507186858,0.437,True,-76.2316110999743,1.8702777902832144,Magdalena-Cauca,21,1981-01-01,2022-12-31,41.81519507186858,0.4367666232072964,43,0,0.0,0.0,24.95003422313484,0.1971306538166684,8,SAN AGUSTIN,SOMBRERILLOS,San Agustín,Alto Magdalena,Activa,2101,1,21017060,9.166341463414634,0.5374110782419653,True,1,1,21017060,0.496,8,0.9999999999999608,2202.332705413904,1614.2236254180602,-0.05496613677269573,2,0.2808507419419045,0.18834189388758976,0.14006509612334278,-0.20466162717687136,0.1565349999478136,0.255389467732019,0.12440254043082564,-2.100100122683938,fase_IMERG<0.5,1,0.9692665697990863,0.3333333333333333,0.25192188465198867,0.19631531975019945,0.9066666666666666
47017160,Putumayo,64432.14,-8524506.46,277,1/04/1982,31/12/2022,14235,4.367,3477.27,473.49,2.26,0.15,3955,1304.42,276.04,150.51,2.47e-05,65.97,187.16,118.1,80.42,64.78,49.69,0.95,11.85,1.51,151.12,12.44,11.72,1.23,2.74,0.63,0.67,4.09,24.88,0,0,2,14,75.95,1.39,20.86,1.23,0.58,0.01,0.0,1.45,26.94,36.96,1.94,6.47,6.472,66.85,21.34,10.22,0.14,0.29,0.0,0.0,1.17,0.0,0.0,0,0.0,0.0,0.0,0.0,0.0,0.0,0.0,0.0,0.0,4.9,5.58,22.69,38.62,26.9,0.14,1.18,1982-04-01,2022-12-31,40.7501711156742,38.97330595482546,4.367,True,-76.57694442593596,0.5826944283783435,Amazonas,47,1982-04-01,2022-12-31,38.97330595482546,4.366812227074234,305,2,0.0,0.0,24.966461327857637,0.1314204358777826,2,PUENTE TEXAS AUT,PUTUMAYO,Puerto Asís,Alto Río Putumayo,Activa,4701,5,47017020;47017100;47017110;47017130;47017150,28.270487804878048,0.5335985988405516,True,2,2,47017100;47017150,0.136;0.113,29,0.9999999999999484,3048.427928162155,3590.49136,0.7405366835772416,1,0.6341471165398672,1.3639582397062002,0.12759927107912308,0.8861783771162203,0.6798454071540179,1.158038823624205,0.0,-10.42605953064761,RR_IMERG>1,1,0.5385786261706257,0.6666666666666666,0.7202424358582474,0.0,0.5703999999999999
44017110,Putumayo,116210.95,-8521383.33,374,1/05/1983,31/12/2022,14261,1.58,4450.99,516.69,2.18,0.16,4215,2111.08,374.0,167.72,2.66e-05,62.05,197.59,123.54,83.3,69.33,39.63,1.3,12.03,1.58,157.95,12.55,8.12,1.21,2.51,0.58,0.72,3.03,17.66,0,2,1,15,91.76,2.95,4.85,0.18,0.27,0.0,1.08,12.15,27.28,20.15,11.35,20.48,20.475,44.45,17.95,36.33,0.0,0.84,0.0,0.0,0.3,0.0,0.0,0,0.13,0.0,0.0,0.0,0.0,0.0,0.0,0.0,0.46,2.23,0.0,13.06,39.13,44.81,0.0,0.31,1983-05-01,2022-12-31,39.66872005475702,39.044490075290895,1.58,True,-76.54888887180303,1.0509166406771353,Amazonas,44,1983-05-01,2022-12-31,39.044490075290895,1.5804002760524516,55,0,0.0,0.0,24.711841204654345,1.1499288139305677,55,ANDAQUÍ - AUT,CAQUETÁ,Mocoa,Alto Caqueta,Activa,4401,3,44017050;44017090;44017140,36.18691056910569,0.5332186452867377,True,3,2,44017140;44017090;44017050,0.145;0.096;0.029,35,0.999999999999943,2638.9149428738847,2511.6713037542663,0.30761264237944425,2,0.3445939692441566,1.1082900757524872,0.16909719608821938,0.4545138175776529,0.3548748593831848,1.1671390303188078,0.05609704789285464,0.002466615012122051,RR_IMERG>1;fase_IMERG<0.5,2,0.8614491968926606,0.6666666666666666,0.24609205092095707,0.0,0.82
35127010,Meta,477203.74,-8023528.55,160,1/01/1981,31/12/2022,13877,9.537,9865.31,1040.43,2.95,0.06,317,216.99,152.09,423.58,1.29e-05,70.14,532.18,281.48,158.51,160.76,231.68,1.33,9.15,1.18,142.15,17.48,4.33,0.55,1.92,1.24,0.74,0.26,10.05,0,0,84,110,25.27,54.69,18.6,0.98,0.46,0.0,0.0,0.0,0.0,90.47,0.0,0.0,0.0,25.34,3.09,0.0,0.0,0.0,0.0,0.0,0.49,36.72,0.0,0,0.0,34.35,0.0,0.0,0.0,0.0,0.0,0.0,0.0,7.6,0.0,43.12,49.28,0.0,0.0,0.0,1981-01-01,2022-12-31,41.9958932238193,37.99315537303217,9.537,True,-72.07658329034342,4.3115555183182686,Orinoco,35,1981-01-01,2022-12-31,37.99315537303217,9.53715775749674,882,3,0.0,0.0,21.34154688569473,14.63147519439273,882,PUERTO GAITAN,MANACACIAS,Puerto Gaitán,Río Manacacias,Activa,3512,0,,80.20577235772357,0.5307682588665598,False,0,0,,,79,0.9999999999999414,2708.0185731298984,2976.838917647058,0.8218816997720532,1,0.766585369383974,0.5885937759360758,0.10069441233599487,0.8502142420996217,0.8013960456229736,0.5553810164232263,0.7134106795416877,13.795907386153571,,0,0.2837056185206293,0.0,0.8748257848603773,0.9142360534753873,0.6933333333333334
26147140,Caldas,552245.66,-8444575.98,947,1/01/1981,31/12/2016,12873,2.099,845.42,243.78,2.36,0.08,3298,1786.26,943.03,102.16,4.05e-05,71.43,114.71,78.62,58.52,43.91,31.37,1.46,5.72,1.08,131.5,11.31,2.96,0.48,1.89,0.69,0.74,0.98,6.85,0,1,2,10,38.02,0.35,61.04,0.56,0.03,0.0,1.03,3.53,19.3,0.37,37.55,30.11,30.113,13.21,2.03,42.32,0.52,1.3,0.0,0.0,0.36,0.0,0.0,0,0.0,0.0,0.0,0.3,39.96,0.0,0.0,3.55,1.7,19.0,0.0,29.14,39.91,6.7,0.0,0.0,1981-01-01,2016-12-31,35.997262149212865,35.24435318275154,2.099,False,-75.85891670742586,4.987944399961884,Magdalena-Cauca,26,1981-01-01,2016-12-31,35.24435318275154,2.099018936801278,181,1,0.0,0.0,18.740588637919235,1.368876080691639,20,PUENTE NEGRO  - AUT,RISARALDA,Belalcazar,Río Risaralda,Activa,2614,1,26147130,6.873333333333333,0.5281803956299453,True,0,0,,,6,0.9999999999999367,3630.50343826839,2290.5634439461883,0.7968274648709519,1,0.7439715099468462,0.33717117386778245,0.21563043018029143,0.7618663758977108,0.6937764832013266,0.5356377461333672,0.18643672803542297,29.559372027319416,escalon>25%,1,0.652223610377472,0.0,0.7091497403185998,0.5270470530395165,0.7252
22057050,Tolima,383210.58,-8407209.73,581,1/01/1981,31/12/2022,14297,6.799,172.87,88.72,1.9,0.14,2026,1293.43,576.0,35.34,6.08e-05,73.08,43.32,35.0,31.1,18.14,30.1,1.8,18.74,1.81,215.1,23.0,4.57,0.74,1.44,0.97,0.64,0.65,13.05,7,121,40,82,26.65,1.62,71.66,0.04,0.04,0.0,0.0,0.0,33.74,44.24,0.0,22.02,22.016,85.86,13.68,0.46,0.0,0.0,0.0,0.0,0.0,0.0,0.0,0,0.0,0.0,0.0,0.0,0.0,0.0,0.0,0.0,1.59,13.26,0.0,23.73,54.89,6.54,0.0,0.0,1981-01-01,2022-12-31,41.9958932238193,39.14305270362765,6.799,True,-75.52324997257355,3.4634999849973203,Magdalena-Cauca,22,1981-01-01,2022-12-31,39.14305270362765,6.799217731421125,357,4,0.0,0.0,22.647501711156742,9.407512868251011,357,PUENTE LA HAMACA,QUEBRADA POLE,Ataco,Medio Saldaña,Activa,2205,0,,1.4054471544715448,0.5263136688411904,True,0,0,,,2,0.999999999999985,2125.172769358778,2289.0132936802975,0.8193271348120559,0,0.7233732206378269,0.7574618919428728,0.15251525065940288,0.810255182916448,0.742727502512222,0.6932522544950699,2.6509057844303,29.705769329850938,escalon>25%,1,0.41037205534413107,0.0,0.7874984759444608,0.5389735734602827,0.9733333333333334
27027060,Antioquia,769259.95,-8391355.98,1784,1/01/1981,31/12/2022,14562,5.072,248.37,108.13,1.94,0.17,3002,2530.19,1779.0,38.65,3.88e-05,74.55,55.18,42.79,36.39,21.15,80.16,1.21,2.81,0.93,140.22,18.1,3.08,0.45,1.66,0.69,0.72,1.03,7.53,0,1,2,12,18.46,8.71,71.75,1.09,0.0,0.0,0.0,2.94,97.06,0.0,0.0,0.0,0.0,99.37,0.0,0.0,0.63,0.0,0.0,0.0,0.0,0.0,0.0,0,0.0,0.0,0.0,0.0,0.0,0.0,0.0,0.14,7.28,23.16,0.0,56.7,12.1,0.0,0.63,0.0,1981-01-01,2022-12-31,41.9958932238193,39.86858316221766,5.072,True,-75.38083331321745,6.93969440437871,Magdalena-Cauca,27,1981-01-01,2022-12-31,39.86858316221766,5.071707953063886,365,1,0.0,0.0,23.871321013004792,4.512101631803745,26,BRISAS DEL NECHÍ - AUT,NECHÍ,Angostura,Alto Nechí,Activa,2702,0,,2.019268292682927,0.5255546435041882,True,0,0,,,2,0.9999999999999821,3070.5804290608285,2428.4024233576642,0.880856575842387,1,0.7485510110327629,0.36525919709877963,0.13598571173282317,0.8886789890408044,0.7293375237900785,0.4459651611961286,7.567641807444033,-7.66579799292013,flatline>5%,1,0.47860811027665695,0.0,0.8589315342750565,0.5894648824417325,0.685
52017130,Cauca,245321.99,-8572095.54,654,1/01/1995,31/08/2021,9443,3.049,768.47,258.16,2.63,0.14,3697,1707.53,654.0,75.19,7.2e-05,73.1,72.63,53.77,43.49,31.19,160.76,1.37,12.63,1.93,163.15,16.41,3.01,0.46,1.83,1.02,0.7,0.69,8.27,0,2,12,47,27.53,0.63,71.54,0.24,0.05,0.0,0.0,7.16,16.55,13.2,28.91,14.51,14.511,33.87,0.0,40.41,0.14,0.0,0.0,0.0,0.36,0.0,0.0,0,0.0,0.0,0.0,1.39,23.82,0.0,0.0,0.0,0.22,12.09,0.0,23.91,54.49,8.78,0.14,0.36,1995-01-01,2021-08-31,26.663928815879533,25.85352498288844,3.049,False,-77.00444440514782,2.218055557669597,Pacifico,52,1995-01-01,2021-08-31,25.853524982888437,3.049281314168373,166,1,0.0,0.0,22.85284052019165,3.435909301249418,166,PUENTE COLGANTE TIMBIO,TIMBÍO,Patía (El Bordo),Río Patia Alto,Activa,5201,3,52017070;52017100;52017110,6.247723577235773,0.5236704311398312,True,1,1,52017100,0.363,6,0.9999999999999469,3183.6546825731766,2383.5912967032964,0.6711413436768368,1,0.6102958870240965,0.34409218594254454,0.24462070623406668,0.7077748794618673,0.663736381694733,0.45622269861048953,2.7851318436937413,-5.470713744729097,,0,0.4390566824051024,0.3333333333333333,0.5241021275641631,0.5424270798723211,0.8989999999999999
22077060,Tolima,461658.7,-8379519.01,699,1/01/1981,31/12/2020,13522,7.447,271.48,112.98,1.93,0.13,3811,2277.04,700.0,45.28,0.000181,69.0,34.47,28.94,26.81,17.81,42.29,1.76,13.63,1.48,196.3,16.65,2.53,0.54,2.01,0.54,0.78,1.03,4.96,1,9,1,5,49.01,2.85,48.06,0.08,0.0,0.0,0.0,3.4,87.04,2.37,0.0,0.0,0.0,27.51,5.93,66.54,0.02,0.0,0.0,0.0,0.0,0.0,0.0,0,0.0,0.0,0.0,0.0,0.0,0.0,0.0,0.0,0.0,0.88,0.0,3.7,76.73,18.69,0.0,0.0,1981-01-01,2020-12-31,39.99726214921287,37.02121834360028,7.447,False,-75.2745000025308,4.171361121085705,Magdalena-Cauca,22,1981-01-01,2020-12-31,37.02121834360028,7.446954140999318,286,5,0.0,0.0,20.021902806297057,12.950839185811214,286,GUAMAL EL,TUAMO,Rovira,Rïo Cucuana,Activa,2207,0,,2.207154471544716,0.52318265802364,True,0,0,,,1,0.9999999999999869,2165.74671041181,1767.1334935622322,0.7892170875308209,0,0.4965695593932977,0.49429782594734556,0.21906231410204538,0.7764920640845159,0.44528940547883866,0.5980675785752977,5.812749593255435,25.324828515553946,escalon>25%;flatline>5%,2,0.40759854550174607,0.0,0.5654016519963531,0.8762173909941011,0.99
26027090,Cauca,290182.09,-8500195.52,2586,1/01/1981,31/10/2022,15102,1.158,151.04,74.84,1.72,0.26,3876,3381.1,2586.0,23.96,0.000185,68.51,20.93,19.12,19.39,10.93,50.39,1.49,17.62,1.91,228.05,22.71,2.57,0.58,1.93,0.93,0.55,0.52,7.46,2,4,19,63,43.02,29.19,27.68,0.07,0.05,0.0,0.0,0.0,0.37,0.0,99.0,0.63,0.631,12.3,11.4,64.29,0.0,12.0,0.0,0.0,0.0,0.0,0.0,0,0.0,0.0,0.0,0.0,0.0,0.0,0.0,0.0,0.0,2.13,0.0,38.84,32.64,26.4,0.0,0.0,1981-01-01,2022-10-31,41.828884325804246,41.347022587269,1.158,True,-76.35855553620283,2.623388869398903,Magdalena-Cauca,26,1981-01-01,2022-10-31,41.347022587269,1.1584527783231937,117,1,0.0,0.0,24.347707049965777,1.9514884233737595,117,CORTIJO EL,PIENDAMÓ,Silvia,Río Piendamo,Activa,2602,0,,1.2279674796747966,0.5171518311028603,True,0,0,,,2,0.9999999999999197,1897.865297910137,1595.0267172413796,-0.3390890520719731,2,0.11174834585347074,0.507590793717416,0.28578926632852014,-0.3937677014567642,0.040496852847075555,0.6251649434909744,0.19202754602039465,12.156241043191416,fase_IMERG<0.5,1,0.8681000523824443,0.0,0.0770528804057758,0.9057573193720354,0.9666666666666667
23087210,Antioquia,695383.94,-8312594.35,170,1/01/1981,31/12/2022,14283,6.89,4767.81,568.48,2.32,0.1,3290,1570.4,164.02,214.78,1.85e-05,69.24,274.77,162.49,103.19,89.63,18.82,1.1,1.61,0.78,96.85,10.34,7.36,0.79,2.75,0.46,0.79,3.52,12.76,0,0,0,4,52.76,1.71,42.49,1.27,1.77,0.0,0.0,31.97,62.08,4.39,0.0,0.0,0.0,60.35,1.3,33.2,0.28,0.2,0.0,0.0,2.7,0.0,0.0,0,0.0,1.98,0.0,0.0,0.0,0.0,0.0,2.46,3.87,12.92,0.0,35.78,41.54,0.46,0.28,2.7,1981-01-01,2022-12-31,41.9958932238193,39.1047227926078,6.89,True,-74.67330555290579,6.2760833250610295,Magdalena-Cauca,23,1981-01-01,2022-12-31,39.1047227926078,6.890482398956976,610,2,0.0,0.0,22.548939082819988,9.801774175884349,610,CANTERAS - AUT,NARE,Puerto Nare,Río Nare,En Mantenimiento,2308,7,23087150;23087160;23087180;23087200;23087300;23087670,38.76268292682927,0.5151270632724857,False,6,4,23087830;23087300;23087150;23087200;23087670;23087180,0.166;0.097;0.065;0.038;0.032;0.026,40,0.9999999999999329,3094.188068100101,3454.901213483146,0.7088663991479022,0,0.6252775574690542,0.8904891259873304,0.11147077273484038,0.812414206834572,0.6831984397516662,0.8158765186726245,0.0,10.937644594104164,embalse?,1,0.39922446764901937,1.0,0.7152692867573638,0.24335749780593252,0.0
22027010,Tolima,368231.83,-8417213.03,761,1/01/1981,31/12/2022,14550,5.15,1386.89,281.96,2.14,0.14,4435,2645.33,760.0,101.26,5.87e-05,64.99,98.82,69.46,53.12,40.66,41.09,1.55,15.98,1.56,198.42,18.37,3.7,0.74,3.42,0.59,0.79,1.67,7.39,0,0,0,0,64.8,11.34,23.71,0.09,0.06,0.0,0.0,17.09,68.53,6.81,0.07,7.51,7.511,29.27,30.08,40.54,0.06,0.0,0.0,0.0,0.05,0.0,0.0,0,0.0,0.0,0.0,0.0,0.0,0.0,0.0,0.0,0.0,3.97,0.0,4.9,68.21,22.89,0.02,0.0,1981-01-01,2022-12-31,41.9958932238193,39.83572895277207,5.15,True,-75.61311114538988,3.3282778127985884,Magdalena-Cauca,22,1981-01-01,2022-12-31,39.83572895277207,5.149934810951762,366,2,0.0,0.0,23.93429158110883,4.2602124630380045,105,CONDOR EL,ATA,Ataco,Río Atá,Activa,2202,1,22027020,11.275528455284554,0.514825222140104,False,1,1,22027020,0.663,11,0.9999999999999164,2055.301428005527,1866.9726736842103,0.38781402063686643,1,0.5169480630562914,0.7333282623510543,0.15768046622019433,0.24697450228492923,0.43860461258533895,0.812113266750037,0.13745704467353953,33.73743800307345,fase_IMERG<0.5;escalon>25%,2,0.4751937600561133,0.3333333333333333,0.403158144972375,0.5926038614421016,0.9311999999999999
24037370,Santander,708883.86,-8105973.01,1829,1/01/1981,31/08/2022,14658,3.68,349.39,126.33,1.91,0.26,4186,2914.08,1813.0,36.87,0.000158,67.41,30.97,26.48,25.01,15.62,80.37,1.82,11.0,1.49,187.51,18.12,2.02,0.44,2.19,0.66,0.74,0.67,4.75,0,2,6,39,55.74,11.23,32.92,0.11,0.0,0.0,0.0,52.43,8.05,19.01,20.51,0.0,0.0,43.77,11.46,35.2,0.03,8.47,0.0,0.0,0.01,0.0,0.0,0,0.0,0.0,0.0,0.0,1.05,0.0,0.0,0.0,0.0,8.36,0.0,6.11,29.63,55.86,0.04,0.0,1981-01-01,2022-08-31,41.661875427789184,40.13141683778234,3.68,True,-72.81719447543321,6.397416641831916,Magdalena-Cauca,24,1981-01-01,2022-08-31,40.13141683778234,3.679852805887762,365,2,0.0,0.0,23.21971252566735,1.885701064322076,120,MOMPA IZQUIERDO,ONZAGA,Onzaga,Río Chicamocha,Activa,2403,4,24037040;24037070;24037410;24037580,2.8405691056910567,0.5026744573518984,True,0,0,,,5,0.9999999999999385,1999.7814989198496,1642.9336774193548,0.6413974978794608,1,0.5033331408605495,0.38873667303310316,0.19918206428044463,0.733640978629627,0.5360462420974694,0.46434931182048433,9.01214353936417,2.212870055793529,flatline>5%,1,0.5327343219835647,0.0,0.5019812767132246,0.6416370511846736,0.985
52017080,Cauca,218120.7,-8594977.88,614,1/01/1995,31/08/2021,9345,4.055,246.52,104.4,1.88,0.2,3490,2002.24,599.0,34.85,0.000138,67.88,31.29,26.71,25.18,15.37,55.01,1.38,18.41,2.19,205.89,21.11,5.02,0.82,2.5,0.88,0.76,1.07,12.72,0,5,15,70,55.88,1.37,42.68,0.07,0.0,0.0,0.0,0.0,0.0,73.91,26.09,0.0,0.0,29.9,0.04,64.09,0.03,5.05,0.0,0.0,0.14,0.0,0.0,0,0.0,0.0,0.0,0.0,0.75,0.0,0.0,0.0,0.0,0.04,0.0,0.04,94.7,5.08,0.0,0.14,1995-01-01,2021-08-31,26.663928815879533,25.58521560574949,4.055,False,-77.20999996273203,1.97222223606136,Pacifico,52,1995-01-01,2021-08-31,25.58521560574949,4.055441478439425,136,1,0.0,0.0,22.584531143052704,4.569643683479874,136,PUENTE CARRETERA,MAMACONDE,Balboa,Río Patia Alto,Activa,5201,1,52017070,2.004227642276423,0.4967528287774104,True,0,0,,,3,0.9999999999999696,3620.317838245123,2230.8791011235953,0.703719453378618,1,0.5354731369762659,0.48452531966180074,0.2822953968768146,0.6991421580791803,0.5312598114437528,0.7433136082843416,3.3707865168539324,-13.805114835332326,,0,0.4251827317092518,0.0,0.4581281571846555,0.8545007103595571,0.985
44017050,Cauca,188557.34,-8531927.76,2288,1/01/1983,15/09/2022,14487,0.11,130.34,83.43,2.06,0.15,3640,3028.62,2285.0,30.0,0.000102,61.79,31.26,26.68,25.16,14.51,74.91,1.77,21.38,1.88,248.78,24.1,5.08,1.19,2.27,0.71,0.61,1.32,13.93,1,3,5,41,88.79,4.55,6.05,0.61,0.0,0.0,8.68,3.1,0.0,0.0,47.64,40.58,40.579,0.0,8.8,91.2,0.0,0.0,0.0,0.0,0.0,0.0,0.0,0,0.0,0.0,0.0,0.0,0.0,0.0,0.0,0.0,4.94,8.68,0.0,62.97,6.51,16.89,0.0,0.0,1983-01-01,2022-09-15,39.70431211498973,39.66324435318276,0.11,True,-76.64361109811631,1.7049999663186146,Amazonas,44,1983-01-01,2022-09-15,39.66324435318276,0.1103220023443429,13,0,0.0,0.0,24.66255989048597,0.1773049645390045,13,RIOGRANDE - CAUCA,GRANDE,Santa Rosa,Alto Caqueta,Activa,4401,1,44017060,1.0596747967479676,0.49574190461236556,True,0,0,,,1,1.0000000000000022,2448.7461408559684,1628.1387661016947,-0.16002877282692224,2,0.06961633027008331,0.7666276201421197,0.24685384127566218,-0.538336531078652,-0.14112555053492656,1.1624972600328285,0.11044384620694415,6.013187080858933,fase_IMERG<0.5,1,0.9480290548364165,0.0,0.12377539046920535,0.5186052885730674,1.0
26017020,Cauca,272936.76,-8532005.07,1691,1/01/1981,31/12/2006,9235,2.749,727.1,204.96,2.14,0.12,4665,2982.97,1718.01,78.33,5.07e-05,72.21,85.78,61.75,48.46,34.39,18.42,1.51,12.65,1.39,183.27,18.58,2.44,0.49,2.59,0.57,0.7,0.78,5.52,0,0,2,4,33.18,12.83,51.61,2.38,0.01,0.0,0.0,2.99,0.0,3.53,54.1,0.0,0.0,1.58,11.76,78.21,1.6,0.0,0.0,0.0,0.57,0.0,0.0,0,5.3,0.99,0.0,0.0,0.0,0.0,0.0,0.0,3.76,24.84,0.0,8.42,47.11,13.7,1.6,0.57,1981-01-01,2006-12-31,25.9958932238193,25.28405201916496,2.749,False,-76.64430558566247,2.467583365486183,Magdalena-Cauca,26,1981-01-01,2006-12-31,25.28405201916496,2.748525695029491,153,1,0.0,0.0,8.465434633812457,5.932461210830542,153,JULUMITO,CAUCA,Popayán,Alto Río Cauca,Suspendida,2601,3,26017040;26017060;26017070,5.911382113821138,0.4940906661660485,True,3,3,26017060;26017070;26017040,0.179;0.098;0.080,8,0.9999999999999553,2079.7437913468866,1723.0956,0.06608580609828472,1,0.29875787578757873,0.3769794328638218,0.15136976880821962,0.05038302900845371,0.2431323132313231,0.5024150759679912,0.0,-8.27980356044819,fase_IMERG<0.5,1,0.4495004767489619,1.0,0.23835627743013646,0.6155098508084929,0.1986666666666666
52027010,Cauca,226326.74,-8571940.93,742,1/09/1992,31/12/2022,10684,3.565,961.21,201.15,1.83,0.14,4434,2205.63,732.0,81.85,7.42e-05,72.66,76.65,56.23,45.04,33.08,74.0,1.67,16.43,2.0,194.57,18.07,3.26,0.65,2.12,0.84,0.68,0.7,8.81,0,1,14,23,28.87,3.86,66.82,0.39,0.07,0.0,15.22,18.37,11.32,23.95,11.17,3.22,3.215,56.09,1.32,33.71,0.18,0.3,0.0,0.0,0.27,0.0,0.0,0,0.0,0.0,0.0,0.0,8.13,0.0,0.0,0.0,1.0,10.63,0.0,32.15,38.28,17.49,0.18,0.27,1992-09-01,2022-12-31,30.32991101984942,29.25119780971937,3.565,True,-77.00305551988704,2.0463889113352782,Pacifico,52,1992-09-01,2022-12-31,29.25119780971937,3.5653037277732613,365,1,0.0,0.0,23.91786447638604,4.32592268097689,365,GUACHICONO,GUACHICONO,Bolívar,Río Guachicono,Activa,5202,1,52027030,7.814715447154472,0.4922950877534691,True,1,1,52027030,0.760,8,0.99999999999991,2723.6788891552737,1828.275888501742,0.7033603733879612,1,0.5603865850088201,0.4483124070512907,0.33784391942609415,0.6802105740959372,0.6180048655625029,0.658435756726854,0.2433545488581056,28.08551509548754,RR_inestable;escalon>25%,2,0.31273903031627576,0.3333333333333333,0.4048381112958797,0.7740275712250904,0.8675333333333334
52017070,Cauca,245168.3,-8578001.66,819,1/01/1995,31/08/2021,9205,5.493,166.74,80.32,1.75,0.32,3287,1868.62,811.0,22.89,0.000244,68.29,18.16,16.99,17.68,10.02,59.22,1.26,16.0,1.96,199.19,18.52,6.63,0.95,1.84,1.14,0.69,1.05,18.72,1,8,33,90,54.15,0.36,45.38,0.11,0.0,0.0,0.0,0.0,0.22,49.78,50.0,0.0,0.0,73.63,0.0,8.81,0.0,0.0,0.0,0.0,0.0,0.0,0.0,0,0.0,0.0,0.0,0.0,17.56,0.0,0.0,0.0,0.0,0.0,0.0,38.34,61.66,0.0,0.0,0.0,1995-01-01,2021-08-31,26.663928815879533,25.201916495551,5.493,False,-77.05749998380627,2.2166666868610814,Pacifico,52,1995-01-01,2021-08-31,25.201916495550996,5.492813141683783,102,1,0.0,0.0,22.55167693360712,4.708468301712165,102,BOCATOMA SAJANDI,SAJANDI,Patía (El Bordo),Río Patia Alto,Suspendida,5201,0,,1.355609756097561,0.49081428001570804,True,0,0,,,2,0.9999999999999359,3642.7033588172344,2546.965759398496,0.6153145231743707,1,0.5949387991921716,0.6270893888667954,0.25525289646235794,0.6608979663996479,0.6543769854995768,0.8951692232252332,1.3036393264530146,-19.270341770774085,,0,0.39743103242093664,0.0,0.4686119394642895,0.8286902469626769,1.0
35027190,Cundinamarca,477607.84,-8222576.94,1320,1/01/1981,28/12/2013,11062,8.199,1305.68,244.75,1.91,0.31,4011,2648.59,1319.0,64.92,7.94e-05,71.34,62.47,47.44,39.44,27.38,93.46,1.96,14.85,1.49,197.76,17.64,1.77,0.44,2.39,1.06,0.71,0.3,4.41,0,0,28,80,35.85,6.4,57.27,0.42,0.07,0.0,0.0,1.58,0.0,98.42,0.0,0.0,0.0,71.72,2.11,22.82,0.13,2.42,0.0,0.0,0.67,0.0,0.0,0,0.0,0.0,0.12,0.0,0.0,0.0,0.0,0.0,0.53,20.93,0.0,31.8,30.21,16.41,0.12,0.0,1981-01-01,2013-12-28,32.988364134154686,30.286105407255302,8.199,False,-73.86466540050725,4.315199586206458,Orinoco,35,1981-01-01,2013-12-28,30.286105407255302,8.199170124481325,458,2,0.0,0.0,13.544147843942506,15.305598356445817,458,GUACAPATE - AUT,NEGRO,Quetame,Río Guayuriba,En Mantenimiento,3502,2,35027100;35027130,10.615284552845528,0.4899700840511148,False,1,1,35027100,0.150,11,0.9999999999999517,2125.443233904163,1454.0207547169812,0.6635627356426339,1,0.7099086458084548,0.2794116952461994,0.08663470815544407,0.8490587415317816,0.820954740864581,0.44292156194709814,0.3615982643283312,2.2502952459523597,,0,0.17186062755723336,0.3333333333333333,0.7473174483189599,0.39869265610266524,0.8913666666666668
26017060,Cauca,243324.01,-8515941.05,3016,1/01/1981,18/04/2022,14657,2.824,129.99,81.78,2.02,0.3,4531,3258.15,2990.0,20.67,0.000162,66.25,19.64,18.14,18.61,10.02,46.7,1.49,19.64,1.88,232.1,21.98,5.17,1.12,1.99,0.83,0.59,1.23,15.18,2,4,9,41,67.96,14.06,17.71,0.26,0.01,0.0,0.0,7.16,0.0,0.0,66.84,0.0,0.0,0.84,3.12,81.08,0.0,0.0,0.0,0.0,0.09,0.0,0.0,0,14.87,0.0,0.0,0.0,0.0,0.0,0.0,0.0,0.0,8.16,0.0,0.11,73.65,17.99,0.0,0.09,1981-01-01,2022-04-18,41.29226557152635,40.12867898699521,2.824,True,-76.50000003875846,2.200000044020689,Magdalena-Cauca,26,1981-01-01,2022-04-18,40.12867898699521,2.8243718093217574,123,1,0.0,0.0,23.129363449691997,4.800540906017581,123,PUENTE ARAGÓN - AUT,CAUCA,Puracé (Coconuco),Alto Río Cauca,Activa,2601,0,,1.056829268292683,0.4846467474910753,True,1,1,26017070,0.550,1,0.9999999999999815,2046.9685334392648,1667.8804444444445,-0.5227033124602637,2,-0.07515756198454177,0.870940237644722,0.24624630591696128,-0.6426817708965246,-0.22657470176769975,1.150536380772927,1.1393873234631917,-9.555511519193615,fase_IMERG<0.5,1,0.7793362072576171,0.3333333333333333,0.12450443289964643,0.28679947190061805,0.9933333333333333
24027030,Santander,690195.6,-8145432.67,1325,1/01/1981,31/12/2022,14416,6.023,634.82,176.55,1.98,0.21,4299,2692.59,1314.99,55.54,0.000127,68.35,46.17,36.9,32.41,22.23,28.59,1.54,6.1,1.12,143.73,15.66,3.64,0.65,1.6,1.02,0.62,0.73,9.28,0,1,18,28,51.16,15.06,33.43,0.22,0.12,0.0,0.0,1.88,2.88,72.39,4.8,17.94,17.94,32.92,15.5,44.79,0.01,2.35,0.0,0.0,0.1,0.0,0.0,0,0.0,0.0,0.0,0.78,3.55,0.0,0.0,0.0,0.05,7.75,0.0,12.43,26.03,53.72,0.0,0.02,1981-01-01,2022-12-31,41.9958932238193,39.46885694729637,6.023,True,-73.17166663227482,6.229444400599347,Magdalena-Cauca,24,1981-01-01,2022-12-31,39.46885694729637,6.023468057366365,367,3,0.0,0.0,22.63107460643395,9.473223086189908,367,NEMIZAQUE,PIENTA,Charalá,Río Fonce,Activa,2402,1,24027040,5.161138211382114,0.48094621229607826,False,0,0,,,4,0.9999999999999569,2127.8721740249557,2011.8690989010988,0.5584844647007023,0,0.549790269841794,0.6355824053925404,0.2197739393393951,0.8576354199945174,0.7749977587890855,0.6797008777873988,0.0,0.6583044809109053,,0,0.4370668492600437,0.0,0.4515878737809898,0.8098168769054659,0.9154
52047010,Nariño,136633.93,-8604221.04,2521,1/04/1981,31/07/2021,14265,3.17,216.38,96.18,1.84,0.24,4220,3012.98,2495.99,29.96,9.11e-05,73.74,32.67,27.68,25.89,14.82,254.33,2.97,20.8,2.13,242.4,24.03,1.31,0.51,2.7,0.57,0.7,0.53,3.19,1,2,1,10,24.47,3.64,59.41,12.49,0.0,0.0,0.0,0.0,0.0,0.0,8.74,0.0,0.0,21.93,7.29,70.41,0.0,0.0,0.0,0.0,0.37,0.0,0.0,0,0.0,0.0,0.0,0.0,0.0,0.0,0.0,0.0,32.84,7.08,0.0,8.61,17.83,20.49,13.14,0.0,1981-04-01,2021-07-31,40.33127994524298,39.05544147843943,3.17,False,-77.29303268174763,1.235578498122132,Pacifico,52,1981-04-01,2021-07-31,39.05544147843943,3.169970133043709,365,1,0.0,0.0,22.302532511978097,5.422036456519219,365,UNIVERSIDAD,PASTO,Pasto,Río Juananbú,Activa,5204,0,,1.7591869918699186,0.48039218007998996,True,0,0,,,1,1.0000000000000018,2237.0066667483243,976.2340674157304,0.7119571409511218,1,0.6086871547475093,0.23198171560172848,0.18726798380519855,0.6776461060575009,0.5936117335095243,0.5387044814020903,3.6522958289519805,16.925155813979835,,0,0.5284277816642818,0.0,0.6171653178533734,0.29329270133717433,1.0
29067120,Magdalena,1170286.31,-8257992.14,49,1/01/1981,31/12/2017,12671,6.238,1102.99,270.64,2.3,0.08,3916,1296.48,42.02,119.53,4.16e-05,67.35,128.2,86.23,62.9,49.24,134.06,1.67,5.74,1.34,140.17,22.14,2.21,0.41,1.4,0.71,0.69,0.62,5.52,1,9,4,26,55.46,12.94,31.2,0.35,0.04,0.0,0.66,20.25,60.81,16.57,0.0,0.43,0.425,44.36,32.58,18.3,0.08,0.0,4.3,0.0,0.11,0.0,0.0,0,0.0,0.0,0.0,0.0,0.28,0.0,0.0,0.0,2.2,11.15,0.11,15.99,43.79,26.57,0.08,0.11,1981-01-01,2017-12-31,36.99657768651608,34.691307323750856,6.238,False,-74.18280555500874,10.5232499610615,Magdalena-Cauca,29,1981-01-01,2017-12-31,34.691307323750856,6.237975432884413,366,2,0.0,0.0,18.91307323750856,5.434633812457223,366,FUNDACION,FUNDACIÓN,Aracataca,Cga Grande de Santa Marta,Activa,2906,1,29067150,8.96739837398374,0.480016948115112,False,0,0,,,10,0.9999999999999576,1797.1137085077887,1967.664528634361,0.8150980997869773,1,0.6797980585552221,0.4261818873129518,0.29235432448169535,0.7919380668728839,0.6646124394452664,0.3815034633062926,0.29989740351984845,-8.37375594434086,,0,0.33119777533803374,0.0,0.5933208340384785,0.7248486384732262,0.9344
35097090,Casanare,543036.32,-8131622.87,428,11/03/1981,12/12/2014,11646,5.547,937.89,240.63,2.22,0.1,3882,2167.38,424.0,99.43,4.32e-05,68.43,109.63,75.71,56.82,42.5,263.02,1.2,14.47,1.65,184.35,18.68,7.31,1.13,1.69,1.1,0.68,0.71,19.58,1,10,51,109,46.92,15.73,37.1,0.12,0.14,0.0,0.0,0.0,0.0,100.0,0.0,0.0,0.0,41.34,10.41,45.51,0.0,0.0,2.46,0.0,0.28,0.0,0.0,0,0.0,0.0,0.0,0.0,0.0,0.0,0.0,0.0,0.07,1.06,0.0,7.49,47.32,44.01,0.0,0.04,1981-03-11,2014-12-12,33.75496235455168,31.88501026694045,5.547,False,-73.04761108816848,4.904972260288614,Orinoco,35,1981-03-11,2014-12-12,31.88501026694045,5.547445255474448,265,2,0.0,0.0,15.94524298425736,5.912762520193859,265,LA REVENTONERA,UPIA,Sabanalarga,Río Upía,Suspendida,3509,3,35097010;35097080;35097100,7.625121951219512,0.4787136361694284,True,3,1,35097080;35097100;35097010,0.744;0.486;0.027,8,0.999999999999955,2329.1875382592066,2456.9119365079364,0.8689417436779753,1,0.7627881761140439,1.175271391309729,0.25458491548754186,0.9521900849357116,0.8306742032385931,1.0994436675173531,0.7041044135325434,-2.206636374266191,RR_IMERG>1,1,0.38714186624255015,0.3333333333333333,0.717046011768497,0.0,0.9066666666666666
12017020,Antioquia,839818.41,-8539523.03,32,1/03/1981,31/12/2022,14438,5.517,775.19,227.8,2.31,0.11,1865,298.98,27.07,85.32,2.14e-05,73.37,127.65,85.92,62.72,43.23,17.68,0.82,3.55,1.0,97.26,15.5,8.62,0.73,1.51,0.99,0.66,1.07,22.07,0,0,46,92,44.5,0.01,55.23,0.07,0.19,0.0,0.0,0.0,1.0,23.31,24.09,0.0,0.0,57.52,13.21,4.48,0.0,24.18,0.0,0.0,0.61,0.0,0.0,0,0.0,0.0,0.0,0.0,0.0,0.0,0.0,24.19,0.0,42.25,0.0,10.45,22.64,0.0,0.0,0.47,1981-03-01,2022-12-31,41.83436002737851,39.52908966461328,5.517,True,-76.71184056939646,7.572622238550648,Caribe,12,1981-03-01,2022-12-31,39.52908966461328,5.516654669197041,186,4,0.0,0.0,24.802190280629706,0.7885226152666736,6,BARRANQUILLITA - AUT,LEÓN,Chigorodó,Río León,Activa,1201,2,12017060;12017080,6.302357723577236,0.47714396016654603,True,0,0,,,7,0.9999999999999873,3253.4822709724876,4293.642120805369,0.8200488635839459,1,0.6447938794014079,0.9954251609174568,0.13830609508717098,0.8959786152516345,0.7387214154065628,0.7439338654311993,0.8034353788613381,0.4302204906147019,,0,0.6163439106651811,0.0,0.7621321445576119,0.010166309072318302,0.8733333333333333
52057060,Nariño,149772.38,-8636496.87,1411,1/01/1981,31/07/2021,14122,4.723,372.38,118.52,1.73,0.22,3996,2660.04,1386.0,40.75,0.000152,74.14,33.95,28.58,26.54,16.98,371.3,1.66,18.33,2.0,220.58,22.9,1.6,0.41,2.29,0.92,0.72,0.41,4.16,1,10,9,44,22.76,4.54,72.46,0.25,0.0,0.0,0.0,0.0,0.0,30.59,49.28,0.0,0.0,29.8,5.56,53.96,0.06,0.0,0.0,0.0,0.0,0.0,0.0,0,0.0,0.0,0.0,0.0,10.62,0.0,0.0,0.0,3.9,1.42,0.0,6.6,41.18,46.13,0.77,0.0,1981-01-01,2021-07-31,40.57768651608488,38.66392881587954,4.723,False,-77.58297139571407,1.3543678547987006,Pacifico,52,1981-01-01,2021-07-31,38.66392881587954,4.722709485899335,365,3,0.0,0.0,22.299794661190965,5.433646812957161,365,YUNGUILLA,PACUAL,Samaniego,Río Guáitara,Activa,5205,1,52057040,3.027479674796748,0.4762511254462545,True,0,0,,,2,0.9999999999999172,2223.078019908143,1435.0225263157893,0.7867303245572869,0,0.6561176101160258,0.2437031418995823,0.20699446636605112,0.6214203893005736,0.6583377034912913,0.3777252747023824,7.668885426993343,-10.564714279822537,flatline>5%,1,0.4660213494969255,0.0,0.6653789630886495,0.31934031533240503,0.97
24037390,Santander,721818.76,-8092244.11,1103,1/01/1981,31/12/2015,12189,4.647,6483.36,704.78,2.47,0.11,5351,3006.18,1102.0,240.14,2.32e-05,76.42,274.49,162.36,103.12,93.46,55.16,2.79,10.41,1.41,178.09,16.03,1.07,0.37,1.78,0.88,0.7,0.15,2.66,0,2,27,144,13.1,30.29,51.64,3.83,1.15,0.0,0.0,1.39,1.84,89.79,0.29,0.5,0.501,7.91,14.64,48.21,0.68,17.69,0.0,0.0,1.12,0.0,0.0,0,0.0,0.0,5.2,0.05,3.99,0.52,0.0,0.0,4.29,8.95,0.89,6.08,28.83,49.35,0.65,0.95,1981-01-01,2015-12-31,34.99520876112252,33.37166324435318,4.647,False,-72.69386566839175,6.513644355414215,Magdalena-Cauca,24,1981-01-01,2015-12-31,33.37166324435318,4.646796526636942,366,2,0.0,0.0,16.9637234770705,5.74992394280499,366,CAPITANEJO,CHICAMOCHA,Covarachía,Río Chicamocha,Activa,2403,9,24037030;24037040;24037070;24037130;24037290;24037370,52.71024390243903,0.4761529804546486,False,8,7,24037290;24037460;24037130;24037030;24037410;24037040;24037580;24037070,0.364;0.359;0.158;0.068;0.038;0.024;0.023;0.022,50,0.9999999999999377,1801.8903226894586,1046.7693399014777,0.8743004597652376,1,0.5801460905290762,0.2042166957932339,0.34390516069682864,0.7363156293509714,0.531148956680658,0.3848346296094117,0.6891459512675363,7.452103026990785,RR_inestable,1,0.35971989424556655,1.0,0.5135364331820494,0.23159265731829737,0.15400000000000003
26127040,Risaralda,526683.09,-8449065.86,938,1/01/1981,31/12/2022,15085,1.662,2797.19,380.0,2.03,0.11,4795,1826.21,940.54,159.45,2.64e-05,72.6,190.53,119.86,81.36,66.8,31.1,1.62,8.31,1.17,142.07,12.05,3.12,0.56,1.63,0.83,0.69,0.79,8.18,0,2,4,31,31.1,1.67,64.73,2.29,0.2,0.0,0.0,19.78,2.8,9.54,6.38,17.11,17.109,18.7,3.81,65.12,1.83,2.22,0.1,0.0,0.44,0.0,0.0,0,1.37,0.0,0.0,0.0,6.32,0.09,0.0,2.35,13.47,15.15,0.58,14.61,49.17,3.43,1.0,0.24,1981-01-01,2022-12-31,41.9958932238193,41.30047912388775,1.662,True,-75.89924998570447,4.757611143737734,Magdalena-Cauca,26,1981-01-01,2022-12-31,41.30047912388775,1.6623207301173393,62,0,0.0,0.0,24.553045859000683,1.7851275873398298,62,CARTAGO AUT,LA VIEJA,Pereira,Río La Vieja,Activa,2612,0,,22.74138211382114,0.47612915360791896,True,0,0,,,23,0.9999999999999247,2633.78491658663,2049.47012244898,0.6378669438865995,1,0.6428544275927529,0.4588228180675519,0.2765029938086194,0.7104379404971134,0.6121181069176673,0.5735211512265432,0.4839244282399735,27.853212001763172,escalon>25%,1,0.8987601576374362,0.0,0.4831260327041706,0.7973840401501152,0.07366666666666664
21257100,Tolima,530841.18,-8345838.68,517,1/01/1981,31/12/2020,13815,5.441,650.8,196.12,2.17,0.12,5282,2575.04,511.0,73.85,7.47e-05,75.43,70.63,52.54,42.71,30.56,23.82,1.65,11.95,1.21,182.9,14.87,3.02,0.61,2.86,0.51,0.79,1.25,6.13,0,0,0,0,19.21,18.28,61.52,0.36,0.62,0.0,0.0,32.09,46.8,2.5,12.99,0.0,0.0,19.18,6.64,65.92,0.35,0.0,0.0,0.0,0.19,0.0,0.0,0,0.0,0.0,0.0,5.93,0.0,1.79,0.0,0.0,0.0,4.59,0.0,9.57,55.94,29.61,0.24,0.05,1981-01-01,2020-12-31,39.99726214921287,37.82340862422998,5.441,False,-74.97194445039892,4.7950833120648575,Magdalena-Cauca,21,1981-01-01,2020-12-31,37.82340862422998,5.441478439425051,730,1,0.0,0.0,20.95277207392197,8.903701940245213,730,LA NUEVA - AUT,RECIO,Venadillo,Río Lagunilla y Otros Directos al Magdalena,Activa,2125,1,21257120,5.291056910569106,0.475513518957682,False,0,0,,,5,0.9999999999999141,2292.5402875339487,1847.1119043824701,0.7239977376366175,1,0.5948943274520964,0.5271794547814443,0.18604272935823538,0.6752602559896057,0.5207907417947258,0.6498759607099688,0.6442272891784292,16.43427569243258,,0,0.4235596086483874,0.0,0.6185218608070816,0.9492876772920984,0.484
21137030,Huila,361047.81,-8376899.91,390,1/01/1981,31/12/2022,14454,5.776,661.17,198.26,2.17,0.09,3039,1385.41,389.0,86.82,4.16e-05,69.61,100.16,70.24,53.59,38.61,22.74,1.82,19.22,1.85,207.56,20.63,2.14,0.36,1.57,1.04,0.6,0.27,6.6,4,6,40,131,31.59,17.38,50.66,0.11,0.26,0.0,0.0,0.15,0.98,31.98,0.0,66.67,66.665,5.28,12.77,36.86,0.0,0.0,0.0,0.0,0.11,0.0,0.0,0,0.0,0.0,0.0,10.68,34.29,0.0,0.0,0.0,1.39,0.34,0.0,37.6,52.85,7.82,0.01,0.0,1981-01-01,2022-12-31,41.9958932238193,39.572895277207394,5.776,True,-75.25097222692443,3.2634166288483577,Magdalena-Cauca,21,1981-01-01,2022-12-31,39.572895277207394,5.775749674054764,524,3,0.0,0.0,22.573579739904176,9.703208848976018,524,PUENTE CARRETERA  - AUT,AIPE,Aipe,"Río Aipe, Río Chenche y otros directos al Magdalena",Activa,2113,0,,5.375365853658536,0.4728173507531643,False,0,0,,,7,0.9999999999999599,2030.3915120304719,2255.6336417910447,0.8448355685365703,0,0.7031053329484734,0.39417353633158303,0.3742272086255934,0.8130532617876466,0.7245947282093355,0.36178571504548374,2.9818735298187353,19.098537910951624,RR_inestable,1,0.44787895829176483,0.0,0.5551590629454484,0.6537189696257399,0.8266666666666667
23197410,Cesar,852325.95,-8182972.08,73,1/01/1981,31/12/2022,13881,9.511,1129.28,298.35,2.5,0.14,4014,1274.01,66.04,90.52,5.71e-05,65.09,91.62,65.22,50.57,37.54,41.92,1.73,7.17,1.27,140.05,16.76,1.7,0.33,1.43,1.04,0.56,0.28,5.07,1,3,32,51,50.84,4.22,44.7,0.11,0.13,0.0,0.0,16.52,43.51,20.37,1.84,5.42,5.42,72.53,9.65,11.14,0.03,0.08,0.0,0.0,0.02,4.49,0.0,0,0.0,2.06,0.0,0.0,0.0,0.0,0.0,4.69,1.96,5.87,6.95,3.29,54.77,22.25,0.04,0.18,1981-01-01,2022-12-31,41.9958932238193,38.0041067761807,9.511,True,-73.5088888898731,7.6847222180560895,Magdalena-Cauca,23,1981-01-01,2022-12-31,38.0041067761807,9.511082138200775,486,4,0.0,0.0,21.72758384668036,12.791208791208785,486,HOYO EL,SAN ALBERTO,San Alberto,Río Lebrija y otros directos al Magdalena,Activa,2319,3,23197130;23197690;23197700,9.181138211382114,0.4554539916630255,False,0,0,,,9,0.9999999999999293,2268.825918449349,1930.1319529411767,0.8942412226507188,0,0.7435690713293193,0.27415365896715327,0.2188719330481704,0.9043382504641018,0.7581063281611857,0.3290823882334251,1.534471579857359,8.42776418802041,,0,0.28484373526081075,0.0,0.7649873527684204,0.38700813103811826,0.8996333333333333
21087070,Huila,290903.47,-8410957.44,618,1/01/1981,31/12/2022,14301,6.773,493.09,164.22,2.09,0.25,3258,1474.59,614.0,44.45,4.79e-05,69.62,56.69,43.76,37.03,22.6,36.27,2.03,19.23,1.83,218.15,22.08,1.73,0.36,1.26,1.26,0.49,0.14,6.47,13,14,77,103,38.61,7.65,53.54,0.12,0.09,0.0,0.0,0.0,44.48,49.65,0.0,5.87,5.868,42.43,21.21,21.25,0.07,2.36,0.0,0.26,0.61,2.18,0.0,0,0.0,1.93,0.0,7.69,0.0,0.0,0.0,0.0,0.0,16.13,0.0,19.58,51.52,12.09,0.08,0.6,1981-01-01,2022-12-31,41.9958932238193,39.15400410677618,6.773,True,-75.55691622430803,2.629905864017176,Magdalena-Cauca,21,1981-01-01,2022-12-31,39.15400410677618,6.773142112125163,631,2,0.0,0.0,22.154688569472963,11.378819406417694,631,JARDIN EL HACIENDA,YAGUARA,Yaguará,Río Yaguará y Río Iquira,Activa,2108,0,,4.008861788617886,0.4551723383071852,False,0,0,,,4,0.9999999999998646,1877.3800061865472,1796.8472150943394,0.7130839248705054,1,0.7098621338939116,0.3699903719367427,0.321392048752962,0.8063093370635388,0.7549291324365804,0.3938019445849968,0.671281728550451,32.853277236416965,RR_inestable;escalon>25%,2,0.40434599297983465,0.0,0.5120961976665825,0.5999786043038726,0.9070999999999999
16037030,Norte De Santander,899093.44,-8103471.41,259,1/01/1981,31/12/2022,14528,5.293,926.58,200.26,1.86,0.2,3607,1874.83,259.0,68.26,7.45e-05,65.41,66.54,50.0,41.09,28.8,25.22,2.29,12.69,1.98,167.19,19.26,2.27,0.54,1.8,0.8,0.72,0.59,6.19,1,6,8,86,48.75,6.54,44.51,0.21,0.0,0.0,0.0,59.11,14.25,26.64,0.0,0.0,0.0,78.52,13.27,3.96,0.12,0.0,0.0,0.0,0.0,0.0,0.0,0,0.0,0.0,0.0,0.53,3.6,0.0,0.0,0.0,0.0,0.0,0.77,10.85,39.59,48.59,0.19,0.0,1981-01-01,2022-12-31,41.9958932238193,39.775496235455165,5.293,True,-72.79472222028568,8.103611123451834,Caribe,16,1981-01-01,2022-12-31,39.775496235455165,5.293350717079526,210,3,0.0,0.0,22.93223819301848,8.268535757310257,210,PUENTE SARDINATA - AUT,SARDINATA,Sardinata,"Río Nuevo Presidente - Tres Bocas (Sardinata, Tibu)",En Mantenimiento,1603,0,,7.533170731707317,0.45419371776091844,True,0,0,,,7,0.9999999999999529,2148.1298259003397,1552.5415588235296,0.5137146101957527,1,0.5498669457451953,0.3666262398297624,0.3318955122583285,0.7005006543190659,0.5506230815216582,0.5081274672660567,4.907764317180617,14.206570026527006,RR_inestable,1,0.6077400881343706,0.0,0.2895331298029532,0.5925027551772497,0.94
21037010,Huila,223955.18,-8435527.5,923,1/01/1981,31/12/2022,14550,5.15,996.44,247.34,2.21,0.13,2914,1633.76,918.0,88.31,3.42e-05,70.17,109.53,75.66,56.79,40.61,41.05,1.83,14.88,1.75,192.9,15.93,3.72,0.7,2.93,0.53,0.76,1.56,8.06,0,1,0,0,45.31,0.31,53.91,0.2,0.27,0.0,0.0,23.0,16.92,8.39,4.36,42.68,42.683,60.62,2.95,28.81,0.11,5.9,0.0,0.0,0.3,0.0,0.0,0,0.0,0.01,0.0,0.0,1.29,0.0,0.0,0.0,0.0,5.07,0.0,47.15,44.44,2.95,0.11,0.29,1981-01-01,2022-12-31,41.9958932238193,39.83572895277207,5.15,True,-75.77763282860536,2.024954963255198,Magdalena-Cauca,21,1981-01-01,2022-12-31,39.83572895277207,5.149934810951762,730,1,0.0,0.0,22.836413415468854,8.65184536195378,730,PUENTE GARCES,SUAZA,Altamira,Río Suaza,Activa,2103,0,,8.101138211382114,0.4541369528181475,False,0,0,,,7,0.9999999999999521,2715.6626003245383,1994.091516483516,0.38304571521956987,2,0.42527920769655425,0.5073406869109864,0.17178836122800267,0.6815894545485269,0.5376753452644394,0.693790766742484,0.35738831615120276,-1.3960772180759498,fase_IMERG<0.5,1,0.4751937600561133,0.0,0.3332931353351617,0.9052015264688587,0.7748999999999999
35087020,Boyacá,562754.46,-8133938.94,857,1/01/1981,31/12/2022,13855,9.681,1046.66,209.18,1.82,0.24,3870,2312.49,851.01,65.51,6.88e-05,70.17,66.45,49.94,41.05,28.33,37.62,1.65,16.41,1.72,208.33,19.69,4.23,0.91,1.84,1.24,0.62,0.38,12.49,1,5,63,76,41.9,9.42,48.32,0.28,0.08,0.0,0.0,0.0,0.0,95.68,0.0,0.0,0.0,34.36,6.27,59.02,0.1,0.0,0.0,0.0,0.24,0.0,0.0,0,0.0,0.0,0.0,0.0,0.01,0.0,0.0,0.0,0.19,2.76,0.0,21.62,47.79,27.65,0.0,0.0,1981-01-01,2022-12-31,41.9958932238193,37.93292265571527,9.681,True,-73.06841669896939,5.082611118600471,Orinoco,35,1981-01-01,2022-12-31,37.93292265571527,9.680573663624514,549,4,0.0,0.0,21.28952772073922,14.839557551199212,549,PAEZ,LENGUPA,Campohermoso,Río Lengupá,Activa,3508,2,35087030;35087040,8.509430894308943,0.45393030701563064,False,0,0,,,10,0.9999999999999405,1957.47638554204,1718.0747244094487,0.7850618658819345,1,0.724420067114954,0.727576985901825,0.26213074867901387,0.9486561813992967,0.8579478601292024,0.8362956112040827,1.1548177553229881,-3.0127756609162493,,0,0.27744597644963276,0.0,0.6354445661486564,0.6053844757737225,0.8993333333333333
35217060,Casanare,613606.59,-8040798.54,291,1/01/1983,31/12/2022,13522,7.447,1404.16,256.16,1.93,0.19,3813,1578.02,280.99,87.08,6.4e-05,69.41,85.06,61.32,48.19,35.66,67.11,1.63,16.66,1.68,204.9,22.08,5.55,1.01,1.85,1.47,0.66,0.68,15.38,1,2,70,88,41.8,3.54,54.39,0.2,0.07,0.0,0.0,0.0,0.0,97.79,0.0,0.0,0.0,61.5,27.91,8.27,0.03,0.0,1.24,0.0,0.42,0.46,0.0,0,0.0,0.17,0.0,0.0,0.0,0.0,0.0,0.0,0.36,3.22,1.93,10.25,23.07,60.82,0.02,0.32,1983-01-01,2022-12-31,39.99726214921287,37.02121834360028,7.447,True,-72.23172225007933,5.540499985159123,Orinoco,35,1983-01-01,2022-12-31,37.02121834360028,7.446954140999318,376,4,0.0,0.0,22.02053388090349,11.915452852918628,376,PLAYON EL AUT,TOCARIA,Nunchía,Río Cravo Sur,Activa,3521,1,35217030,11.415934959349594,0.45360207456515855,False,0,0,,,11,0.9999999999999235,2176.05658765481,1976.0276321839078,0.8775132627183332,1,0.8021247156809147,0.9091576208496043,0.21355511366298774,0.8820136354394513,0.7734599523491338,0.986345451866433,1.9671646206182518,6.0530010132775685,,0,0.33685227684502966,0.0,0.7930128492150768,0.20187195366754618,0.9390333333333334
21127020,Huila,326810.83,-8406965.45,905,1/01/1981,31/10/2021,13423,9.997,300.17,116.7,1.9,0.17,3504,2286.89,893.0,41.77,0.000152,67.06,34.6,29.03,26.87,17.3,49.67,1.75,19.31,1.77,219.03,22.18,2.37,0.46,2.87,0.45,0.79,1.19,4.85,0,2,0,0,60.98,0.57,38.33,0.12,0.0,0.0,0.0,4.11,70.48,11.53,0.0,13.89,13.889,42.46,8.46,49.0,0.09,0.0,0.0,0.0,0.0,0.0,0.0,0,0.0,0.0,0.0,0.0,0.0,0.0,0.0,0.0,0.0,0.0,0.0,29.39,62.59,7.94,0.09,0.0,1981-01-01,2021-10-31,40.82956878850103,36.7501711156742,9.997,False,-75.5210555679975,2.9542499757909035,Magdalena-Cauca,21,1981-01-01,2021-10-31,36.7501711156742,9.997317956282693,1012,3,0.0,0.0,20.418891170431213,14.325100516944287,1012,SOCORRO EL,BACHE,Santa María,Río Baché,Activa,2112,0,,2.4404065040650407,0.4522214791834237,False,0,0,,,3,0.999999999999977,2055.767017787361,1931.9311475409836,0.7399399853788463,1,0.5628605297613885,0.43679419716704887,0.24107745125144583,0.580135543097343,0.5161584245112738,0.47078912049712335,8.135290173582657,6.3331758680922166,flatline>5%,1,0.242009159205751,0.0,0.5448178279718787,0.7484315492601086,0.955
24017740,Boyacá,628872.34,-8186673.45,2130,17/05/1986,1/03/2021,12295,3.25,193.86,99.65,2.02,0.26,3837,2816.58,2126.0,27.31,0.000193,73.48,22.8,20.53,20.5,11.98,69.33,2.68,12.2,1.4,192.0,17.54,0.95,0.29,1.35,1.31,0.59,0.08,3.02,4,17,61,85,28.05,4.94,66.3,0.66,0.05,0.0,0.0,0.0,0.0,100.0,0.0,0.0,0.0,31.12,7.1,57.18,0.01,0.0,0.0,0.0,0.02,0.0,0.0,0,0.0,0.0,4.57,0.0,0.0,0.0,0.0,0.0,4.94,8.08,0.0,33.0,21.72,32.27,0.0,0.0,1986-05-17,2021-03-01,34.789869952087614,33.661875427789184,3.25,False,-73.54213886230492,5.677888884220836,Magdalena-Cauca,24,1986-05-17,2021-03-01,33.661875427789184,3.249921309411397,365,1,0.0,0.0,22.036960985626283,4.869400780049638,365,PUENTE CHACON  - AUT,CANE,Villa De Leiva,Río Suárez,Activa,2401,2,24017610;24017820,1.5760975609756098,0.4517399224735615,True,1,1,24017820,0.410,1,0.9999999999999829,1587.9459875480686,1200.8320301886793,0.6611932403281071,0,0.5672713086317853,0.2354128196647685,0.3666940820715334,0.7615383521329471,0.5995995563522873,0.30837732862838807,1.447742984953233,47.30763494281434,RR_inestable;escalon>25%,2,0.41458548356626074,0.3333333333333333,0.36805711344162717,0.30091737703281884,0.9618333333333333
26147130,Risaralda,559405.54,-8454427.75,1108,1/01/1981,11/07/2019,13178,6.346,241.45,103.78,1.88,0.25,3890,2083.14,1104.0,31.26,0.000102,67.98,32.29,27.41,25.69,14.98,50.57,1.11,8.11,1.27,152.41,12.73,4.04,0.56,2.12,0.72,0.72,1.23,9.26,0,2,3,32,56.19,0.23,43.25,0.32,0.01,0.0,0.0,0.0,0.0,89.13,10.87,0.0,0.0,39.22,0.0,57.57,0.65,0.0,0.0,0.0,0.0,0.0,0.0,0,0.0,0.0,0.0,0.0,2.56,0.0,0.0,0.0,0.0,0.0,0.0,0.33,93.22,6.45,0.0,0.0,1981-01-01,2019-07-11,38.521560574948666,36.07939767282683,6.346,False,-75.94741666309216,5.05244446606883,Magdalena-Cauca,26,1981-01-01,2019-07-11,36.07939767282683,6.346386184350794,730,2,0.0,0.0,19.08008213552361,11.358432968710252,730,BRETANA LA,MAPA,Apía,Río Risaralda,Activa,2614,0,,1.9630081300813007,0.449126229282647,False,0,0,,,3,0.9999999999999538,4008.9460476942313,2781.989263157895,0.7590208579315724,0,0.6418019251232944,0.38623755486891587,0.19361556133024907,0.8191383444751665,0.6837174501380513,0.5692310629204919,0.3263014114433146,15.74808213439211,,0,0.3559817297529804,0.0,0.6565731142190532,0.6360834552642574,0.6705
53077020,Cauca,331169.11,-8626301.95,27,1/01/1990,30/06/2022,11161,5.965,3825.24,524.36,2.39,0.11,3813,1136.06,27.01,184.44,2.06e-05,62.31,234.52,142.45,93.11,78.23,250.77,0.68,5.13,1.09,86.41,8.25,14.74,1.26,2.52,0.51,0.72,5.69,29.48,0,0,1,15,89.32,0.08,9.88,0.24,0.48,0.0,0.0,0.0,14.07,74.58,5.39,5.23,5.232,45.3,15.64,25.35,0.02,1.94,0.0,0.0,0.38,0.0,0.0,0,0.0,8.52,0.0,0.0,2.85,0.0,0.0,0.0,0.77,2.79,0.0,19.14,58.07,18.82,0.02,0.38,1990-01-01,2022-06-30,32.492813141683776,30.55715263518138,5.965,True,-77.4913888711503,2.993611137454235,Pacifico,53,1990-01-01,2022-06-30,30.55715263518138,5.9651192181312656,365,2,0.0,0.0,22.55715263518138,7.913267016877167,365,GUAYABAL,MICAY,López,Río San Juan del Micay,Activa,5307,2,53077010;53077060,31.09951219512195,0.4478131835524707,True,2,1,53077010;53077060,0.623;0.165,30,0.9999999999999499,4693.066743011353,4141.260223048327,0.8508753390816247,0,0.7143939534052168,1.163801849150396,0.09414226931504927,0.8773664064441846,0.7109446571356353,1.3096442476744288,0.0,-2.02973274811463,RR_IMERG>1,1,0.2556327933838459,0.3333333333333333,0.86503327415937,0.0,0.6731999999999999
28037030,Cesar,1154638.0,-8152201.52,108,1/01/1981,31/12/2022,14037,8.494,3434.05,441.76,2.13,0.19,5462,1163.97,109.06,134.31,3.22e-05,70.36,154.66,100.78,71.05,56.46,82.97,2.08,6.86,1.62,140.33,21.38,0.85,0.19,0.96,1.64,0.53,0.06,3.34,16,22,104,147,34.47,28.26,32.16,4.68,0.14,0.3,2.03,11.54,29.83,3.21,4.68,18.93,18.929,37.73,42.69,0.0,0.86,10.35,0.0,0.0,0.38,0.0,0.0,0,0.0,0.0,0.0,1.14,6.85,0.0,0.0,0.0,12.56,6.37,0.44,18.07,21.89,39.04,1.19,0.44,1981-01-01,2022-12-31,41.9958932238193,38.431211498973305,8.494,True,-73.23247224638394,10.384111066801644,Magdalena-Cauca,28,1981-01-01,2022-12-31,38.431211498973305,8.494132985658409,304,4,0.0,0.0,22.548939082819988,9.801774175884349,152,PUENTE SALGUERO  - AUT,CESAR,Valledupar,Medio Cesar,Activa,2803,1,28037060,27.919105691056917,0.4435977148483987,True,1,1,28017080,0.063,26,0.9999999999999528,1617.253259812886,1655.1953660377358,0.8360229553596035,1,0.81519364448858,0.19215770888815442,0.28330408471139945,0.8451142244291464,0.8021376339648436,0.19805068360730532,3.277053501460426,10.878554793582177,,0,0.3838571537995184,0.3333333333333333,0.6909100937432041,0.2047949086403431,0.5168
22017010,Tolima,384139.9,-8423205.72,756,1/01/1981,30/01/2018,13332,1.565,654.92,176.12,1.94,0.2,4622,2955.91,755.0,56.87,7.42e-05,65.36,57.91,44.55,37.55,25.09,37.55,1.49,15.21,1.58,199.47,18.08,3.96,0.76,2.22,0.63,0.74,1.25,11.46,0,1,3,17,64.39,18.94,16.36,0.14,0.16,0.0,8.38,37.28,54.34,0.0,0.0,0.0,0.0,15.46,60.89,23.31,0.0,0.0,0.0,0.0,0.34,0.0,0.0,0,0.0,0.0,0.0,0.0,0.0,0.0,0.0,0.0,0.0,0.0,0.0,0.0,71.59,28.41,0.0,0.0,1981-01-01,2018-01-30,37.07871321013005,36.50102669404517,1.565,False,-75.66694439558978,3.4718888778520887,Magdalena-Cauca,22,1981-01-01,2018-01-30,36.50102669404517,1.5652687536916732,69,0,0.0,0.0,19.50171115674196,2.8902522154055865,69,BOCAS,ANAMICHU,Rioblanco,Alto Saldaña,Activa,2201,1,22017030,5.324552845528455,0.43965253679901084,True,0,0,,,6,0.9999999999998962,2245.433619297816,1899.867012987013,-0.28707591924200415,2,-0.012509978776845345,0.6808494377435121,0.6426203433930637,-0.3936272248853088,-0.08380809595202399,0.8089128429362069,0.052505250525052505,34.22191907703824,fase_IMERG<0.5;RR_inestable;escalon>25%,3,0.7970760641873931,0.0,0.0,0.7092234716810842,0.8933333333333333
16037010,Norte De Santander,945351.15,-8092710.53,48,1/01/1981,31/12/2022,14483,5.587,746.1,187.36,1.93,0.15,2287,614.64,43.05,71.26,2.06e-05,62.51,112.91,77.59,57.92,38.0,19.39,1.57,8.29,1.48,148.83,18.86,5.93,0.87,1.37,0.96,0.56,1.26,18.84,3,3,15,97,65.04,0.0,34.67,0.04,0.24,0.0,0.0,8.94,23.85,65.29,0.0,0.0,0.0,74.62,23.05,0.0,0.03,0.0,0.0,0.0,0.18,0.0,0.0,0,0.0,2.12,0.0,0.0,0.0,0.0,0.0,0.0,0.0,8.73,2.15,42.12,32.02,14.76,0.03,0.18,1981-01-01,2022-12-31,41.9958932238193,39.65229295003422,5.587,True,-72.69805559053992,8.517499970112967,Caribe,16,1981-01-01,2022-12-31,39.65229295003422,5.586701434159059,150,3,0.0,0.0,23.586584531143053,5.651078742744497,150,CAMPO TRES,NUEVO PRESIDENTE,Tibú,"Río Nuevo Presidente - Tres Bocas (Sardinata, Tibu)",Activa,1603,2,16037040;16037050,6.065853658536586,0.4389743926772349,True,0,0,,,6,0.9999999999999265,2326.51441710937,2397.1294007220213,0.6590175489324469,1,0.6459299961282015,0.9983123372533318,0.18423602453404536,0.7748956417550336,0.6716786991864477,0.9392295836815212,1.8228267624111028,-2.3255357589248935,,0,0.6486676180909146,0.0,0.6085397356224675,0.003750361659262791,0.8273999999999999
29067150,Magdalena,1175740.43,-8251694.12,70,1/01/1981,31/12/2022,14178,7.575,766.55,240.92,2.45,0.08,5690,2903.32,68.0,99.07,7.34e-05,71.01,89.16,63.76,49.69,38.33,46.76,0.84,6.31,1.43,129.55,18.26,1.82,0.24,1.77,0.85,0.7,0.42,4.61,0,1,15,65,36.11,54.91,6.74,0.01,1.37,0.87,0.0,34.91,46.63,1.78,0.0,5.6,5.599,39.75,43.44,15.73,0.0,0.0,0.0,0.0,1.07,0.0,0.0,0,0.0,0.0,0.0,0.0,0.0,0.0,0.0,0.0,0.4,0.18,0.0,3.77,34.9,59.69,0.0,1.07,1981-01-01,2022-12-31,41.9958932238193,38.81724845995893,7.575,True,-74.12622947875184,10.571731053175744,Magdalena-Cauca,29,1981-01-01,2022-12-31,38.81724845995893,7.574967405475885,159,3,0.0,0.0,22.73237508555784,9.068010075566749,159,GANADERIA CARIBE  - AUT,ARACATACA,Aracataca,Cga Grande de Santa Marta,Activa,2906,0,,6.232113821138211,0.43830548469708186,True,0,0,,,6,0.9999999999999328,2014.168513624306,2642.730582089552,0.9173897295832955,0,0.7745739370479792,0.3313187796579742,0.18318355692858948,0.9289829205405626,0.793269773267242,0.23984193686481783,4.00620679926647,7.700346730360652,,0,0.5538265151595617,0.0,0.8389703840848002,0.5140417325732759,0.08666666666666656
11037020,Choco,595194.32,-8528547.98,71,1/01/1981,31/12/2022,14618,4.707,263.61,119.91,2.08,0.21,323,145.84,75.01,35.27,1.64e-05,61.11,71.65,53.17,43.11,23.24,36.0,0.45,2.66,0.9,96.95,8.1,20.62,0.99,1.1,0.9,0.5,4.05,62.8,2,2,20,12,99.06,0.0,0.03,0.91,0.0,0.0,0.0,0.0,0.0,96.73,0.0,0.0,0.0,94.23,0.0,4.77,0.04,0.0,0.0,0.0,0.96,0.0,0.0,0,0.0,0.0,0.0,0.0,0.0,0.0,0.0,0.0,0.0,5.99,0.0,48.19,44.88,0.0,0.0,0.94,1981-01-01,2022-12-31,41.9958932238193,40.02190280629706,4.707,True,-76.6132500178067,5.37474997623502,Caribe,11,1981-01-01,2022-12-31,40.02190280629706,4.706649282920472,365,2,0.0,0.0,24.63244353182752,1.4675282006352042,49,PUENTE CERTEGUI,QUITO,Cértegui,Río Quito,Activa,1103,0,,2.143170731707317,0.4374833763350151,True,0,0,,,1,1.0000000000000027,6449.672653256966,7754.803232323233,0.9039462987249625,0,0.3889218687876406,1.086152818275626,0.14397528131123952,0.7933318471740901,0.41793277619437624,0.9079763352566212,0.0,-17.362476840195622,RR_IMERG>1,1,0.4945417446391934,0.0,0.6673917607008669,0.0,0.98
52037010,Nariño,184206.18,-8573239.66,1692,1/01/1981,31/12/2022,13989,8.807,336.06,113.83,1.75,0.3,4215,2805.2,1687.0,33.73,9.69e-05,70.24,34.94,29.27,27.04,16.03,246.95,1.74,19.33,2.08,226.8,21.31,3.52,0.77,3.07,0.56,0.71,1.46,7.9,0,1,0,3,33.46,2.76,63.22,0.56,0.01,0.0,0.0,11.56,0.0,3.0,59.38,26.07,26.066,46.27,14.73,38.67,0.3,0.0,0.0,0.0,0.03,0.0,0.0,0,0.0,0.0,0.0,0.0,0.0,0.0,0.0,0.31,5.83,0.83,0.0,6.36,24.97,61.36,0.3,0.06,1981-01-01,2022-12-31,41.9958932238193,38.299794661190965,8.807,True,-77.0147222099765,1.6656666541350802,Pacifico,52,1981-01-01,2022-12-31,38.299794661190965,8.80704041720991,1279,1,0.0,0.0,21.300479123887747,14.795750739239956,1279,CANADA LA,MAYO,Colón (Génova),Río Mayo,En Mantenimiento,5203,0,,2.73219512195122,0.43740136321299344,False,0,0,,,2,0.9999999999998812,2496.326062488634,1739.0443593749999,0.3508518351056204,1,0.42196869993133435,0.521667952362152,0.1271776580378331,0.04507137124714067,0.21232404440375366,0.763154867691842,0.3216813210379584,6.086706222813607,fase_IMERG<0.5,1,0.31557288724570237,0.0,0.3652086291234022,0.9370398941381155,0.8443333333333333
16057040,Norte De Santander,947766.81,-8153406.49,358,1/01/1981,31/12/2017,13013,3.707,1419.75,289.76,2.17,0.1,3554,1477.75,355.0,118.13,3.06e-05,66.6,142.88,94.36,67.49,51.71,35.18,2.46,5.95,1.19,151.22,20.92,0.97,0.26,1.17,0.95,0.63,0.19,2.93,3,10,19,44,38.96,17.04,39.74,4.26,0.0,0.0,0.0,25.5,46.25,20.73,0.0,4.8,4.8,46.74,19.31,10.99,0.69,0.0,0.0,0.0,0.0,0.0,0.0,0,0.0,0.0,10.78,0.0,11.48,0.0,0.0,0.0,4.56,0.0,1.19,1.79,69.62,22.02,0.69,0.12,1981-01-01,2017-12-31,36.99657768651608,35.62765229295003,3.707,False,-73.243296676063,8.539101718424307,Caribe,16,1981-01-01,2017-12-31,35.62765229295003,3.707266538404619,262,1,0.0,0.0,18.76249144421629,6.187542778918553,262,QUINCE LETRAS - AUT,CATATUMBO,Teorama,Río Algodonal (Alto Catatumbo),En Mantenimiento,1605,3,16057020;16057030;16057050,11.542682926829269,0.43483712273332414,True,3,1,16057030;16057020;16057050,0.383;0.076;0.073,10,0.9999999999999332,2017.8805568721336,1363.4527533632286,0.6975122489310559,1,0.6621156310057654,0.17968915133347851,0.361742959565171,0.7343948835689293,0.6556889208234499,0.26346551770514437,0.8760470298931837,24.288923798646866,RR_inestable,1,0.5312890831573117,0.3333333333333333,0.442140539331347,0.1770870029632855,0.655
28037060,Cesar,1121412.15,-8207898.37,123,1/01/1981,31/12/2022,14282,6.897,175.01,111.87,2.39,0.09,1801,577.06,118.01,45.16,3.77e-05,69.69,62.95,47.74,39.63,23.95,40.05,2.95,8.43,1.67,159.19,25.36,0.89,0.21,0.65,1.21,0.47,0.07,3.24,20,38,88,109,45.72,1.04,53.2,0.04,0.0,0.0,0.0,0.0,12.32,0.0,4.76,82.92,82.919,16.4,64.53,0.0,0.0,0.02,0.0,0.0,0.0,0.0,0.0,0,0.0,0.0,0.0,0.0,19.06,0.0,0.0,0.0,0.12,2.13,0.0,5.43,92.32,0.0,0.0,0.0,1981-01-01,2022-12-31,41.9958932238193,39.10198494182067,6.897,True,-73.73280556270707,10.088472226609271,Magdalena-Cauca,28,1981-01-01,2022-12-31,39.10198494182067,6.89700130378097,181,2,0.0,0.0,22.899383983572896,8.399956193188041,124,CANTACLARO,GARUPAL,Valledupar,Medio Cesar,Activa,2803,0,,1.4228455284552846,0.43479260837354405,True,0,0,,,1,0.9999999999999689,1765.7062326652015,1568.3759543726237,0.6804575085321173,1,0.684643506436964,0.19864084682753108,0.36821969816550104,0.6314751944162165,0.6245148199259596,0.21925585607772372,11.8400784203893,11.922078424894513,RR_inestable;flatline>5%,2,0.563716057866959,0.0,0.4439332465238428,0.21920188183895783,1.0
44037100,Caqueta,168943.19,-8402677.9,257,1/01/1981,31/05/2022,14604,3.451,638.31,196.31,2.19,0.1,2727,1152.41,256.01,78.38,3.41e-05,66.77,100.03,70.16,53.54,37.11,36.95,1.15,13.5,1.79,173.24,15.83,10.96,1.27,2.16,0.72,0.7,3.1,28.14,0,3,8,43,63.57,0.01,35.66,0.57,0.19,0.0,0.0,85.46,0.0,14.2,0.0,0.0,0.0,95.95,3.43,0.0,0.0,0.0,0.0,0.0,0.37,0.24,0.0,0,0.0,0.0,0.0,0.0,0.0,0.0,0.0,0.0,0.0,6.24,0.0,28.52,4.72,60.5,0.0,0.0,1981-01-01,2022-05-31,41.40999315537303,39.983572895277206,3.451,True,-75.48253985103324,1.527687176277865,Amazonas,44,1981-01-01,2022-05-31,39.983572895277206,3.451011503371681,155,1,0.0,0.0,23.37577002053388,4.250308399685999,155,ITARCA,SAN PEDRO,Montañita,Río Orteguaza,Activa,4403,2,44037060;44037080,5.189512195121951,0.4345720887349449,True,0,0,,,7,0.9999999999998859,2991.7914580914794,3078.562516363637,0.7355956933571531,1,0.5949239779579355,1.4609823668321087,0.3003314840081317,0.8800716214932975,0.6682484636911803,1.380706828885962,0.0479320734045467,14.093288658806998,RR_IMERG>1;RR_inestable,2,0.7257596231890591,0.0,0.4885287317507207,0.0,0.8733333333333333
23057140,Antioquia,634777.77,-8318441.72,188,1/01/1981,31/12/2022,15265,0.489,2314.37,341.77,2.0,0.18,3848,1339.27,169.04,112.26,2.55e-05,67.23,147.47,96.88,68.89,51.52,68.89,1.07,3.88,0.93,112.17,10.43,9.8,0.97,2.33,0.65,0.76,3.35,19.0,0,0,1,8,54.45,0.08,44.68,0.18,0.62,0.0,2.17,58.59,27.3,7.82,0.0,2.83,2.834,39.62,22.82,21.87,0.16,0.0,0.0,0.0,0.66,0.04,0.0,0,0.0,9.17,0.0,5.67,0.0,0.0,0.0,0.07,0.78,5.06,0.0,20.0,67.71,5.82,0.03,0.54,1981-01-01,2022-12-31,41.9958932238193,41.79329226557152,0.489,True,-74.7258333713348,5.731027794247811,Magdalena-Cauca,23,1981-01-01,2022-12-31,41.79329226557152,0.4889178617992207,30,0,0.0,0.0,24.79397672826831,0.8213777242361164,30,SAN MIGUEL - AUT,LA MIEL,Sonsón,Río La Miel (Samaná),Activa,2305,0,,18.8160162601626,0.4303870103381431,True,0,0,,,18,0.999999999999946,2974.9731844819976,3631.800932432433,0.4013001319014159,1,0.5470551306763423,1.2918646054726766,0.16501664393730706,0.5539996075969673,0.6025061196604333,1.0723205276948535,0.0,12.206217619061452,RR_IMERG>1;fase_IMERG<0.5,2,0.9786321273634997,0.0,0.41907591398907273,0.0,0.5397333333333334
52057050,Nariño,152939.27,-8625287.71,780,1/01/1981,23/11/2022,14591,4.646,3204.76,408.17,2.03,0.14,4779,2955.07,773.99,151.98,3.13e-05,74.02,172.11,110.15,76.16,62.39,492.62,2.33,16.07,2.05,208.49,18.95,1.52,0.49,3.02,0.61,0.73,0.52,3.3,0,1,3,43,18.9,8.89,70.8,1.17,0.23,0.01,0.2,1.15,0.0,1.42,58.17,2.72,2.715,28.48,8.82,53.94,0.68,1.85,0.0,0.0,0.36,0.0,0.0,0,0.28,0.0,0.0,0.0,5.59,0.0,0.0,0.33,24.98,7.03,0.11,17.39,9.98,39.12,0.85,0.2,1981-01-01,2022-11-23,41.89185489390828,39.94798083504449,4.646,True,-77.48227779821268,1.3829999604071266,Pacifico,52,1981-01-01,2022-11-23,39.94798083504449,4.64645144425565,365,2,0.0,0.0,23.449691991786448,5.806664467172551,365,SAN PEDRO  - AUT,GUÁITARA,Linares,Río Guáitara,Activa,5205,2,52057040;52057060,26.0549593495935,0.4260421866711145,True,1,1,52057040,0.071,28,0.9999999999999273,2156.1852629977707,1178.5462795698927,0.5851647977500471,1,0.47475273237631094,0.2527933945527235,0.23952907808110055,0.16551940251220149,0.3816920263363575,0.4758778795856801,0.0,4.129001697135501,,0,0.49512674605490936,0.3333333333333333,0.4033708078925843,0.3395408767838298,0.5588
16017020,Norte De Santander,852688.62,-8082404.2,727,1/01/1981,31/12/2022,15248,0.6,429.48,155.74,2.12,0.15,3657,2002.6,723.0,54.51,0.000143,63.92,43.56,35.16,31.21,21.45,26.35,2.3,16.76,2.31,215.81,21.5,1.55,0.43,1.93,0.74,0.75,0.4,4.69,2,10,9,71,47.86,7.49,42.98,1.67,0.0,0.0,0.0,19.83,9.61,65.69,0.0,4.87,4.869,43.42,28.8,16.77,0.79,0.0,0.0,0.0,0.0,0.0,0.0,0,0.0,0.0,0.0,0.21,10.0,0.0,0.0,0.0,0.0,0.0,2.3,9.13,52.49,35.57,0.51,0.0,1981-01-01,2022-12-31,41.9958932238193,41.74674880219028,0.6,True,-72.60547225291813,7.687972236211886,Caribe,16,1981-01-01,2022-12-31,41.74674880219028,0.5997392438070404,58,0,0.0,0.0,24.75564681724846,0.9747015660935276,58,LA DONJUANA - AUT,PAMPLONITA,Chinácota,Río Pamplonita,Activa,1601,0,,3.4917073170731707,0.41842427032046026,True,0,0,,,4,0.999999999999956,1938.810566701838,1304.8114576271187,0.40130671507422394,1,0.35874288331915455,0.3006943077388103,0.5890904218535505,0.6847478811280618,0.4908560584105379,0.44164702756184654,8.06663168940189,18.232905770287374,fase_IMERG<0.5;RR_inestable;flatline>5%,3,0.9487205043520583,0.0,0.09438416661136899,0.4459873505306894,0.605
28017080,La Guajira,1203562.45,-8132454.68,283,1/01/1981,31/12/2020,13624,6.749,215.37,96.93,1.86,0.13,2615,970.76,280.0,40.47,9.27e-05,71.97,40.9,33.36,29.96,18.57,32.33,3.0,11.68,2.55,188.9,30.33,1.02,0.31,0.69,1.05,0.43,0.05,4.09,31,36,100,179,20.11,52.97,11.32,15.61,0.0,0.0,0.0,4.04,82.56,0.0,2.05,9.72,9.723,40.91,44.58,0.0,0.02,11.93,0.0,0.0,0.32,0.0,0.0,0,0.0,0.0,0.0,0.0,2.24,0.0,0.0,0.0,0.57,0.0,0.0,21.22,70.58,7.29,0.02,0.32,1981-01-01,2020-12-31,39.99726214921287,37.30047912388775,6.749,False,-73.05508336453332,10.818916645816074,Magdalena-Cauca,28,1981-01-01,2020-12-31,37.30047912388775,6.748802190280633,456,2,0.0,0.0,21.634496919917865,5.939769075110101,396,CORRAL DE PIEDRA,CESAR,San Juan Del Cesar,Alto Cesar,Activa,2801,0,,1.7509756097560976,0.41598639400672255,False,0,0,,,2,1.0000000000000118,1463.7161996359205,1241.6391660231661,0.8252396213117815,0,0.7121001222709098,0.21617667027473214,0.3938456421388009,0.7862547844975355,0.6835148747962325,0.25323028783103646,36.15678214914856,-25.989407871627645,RR_inestable;escalon>25%;flatline>5%,3,0.3670370817731608,0.0,0.5480062672207535,0.2581703783882936,0.99
26217010,Antioquia,726418.84,-8445163.49,660,1/01/1981,31/12/2022,14226,7.262,321.74,105.3,1.66,0.24,3488,2056.04,651.0,36.51,0.00015,68.62,31.36,26.75,25.21,15.66,42.7,1.85,5.93,1.13,145.88,16.6,1.91,0.38,1.9,0.68,0.79,0.56,4.49,0,2,1,12,50.05,11.86,37.86,0.23,0.0,0.0,0.0,2.04,1.67,53.02,43.27,0.0,0.0,69.69,3.38,24.97,0.14,0.0,0.0,0.0,0.0,0.0,0.0,0,0.0,0.0,0.0,0.0,1.82,0.0,0.0,0.0,0.0,1.59,0.0,4.76,91.17,2.33,0.14,0.0,1981-01-01,2022-12-31,41.9958932238193,38.94866529774127,7.262,True,-75.8641943995516,6.554972241550938,Magdalena-Cauca,26,1981-01-01,2022-12-31,38.94866529774127,7.262059973924384,731,2,0.0,0.0,24.27652292950034,2.89124958931114,145,LA GALERA - AUT,TONUSCO,Santa Fe De Antioquia,Directos Río Cauca entre Río San Juan y Pto Valdia,Activa,2621,0,,2.615772357723577,0.4154911554863022,False,0,0,,,2,0.9999999999998944,2995.3767358377036,1856.1117103448273,0.7078826337253268,1,0.5676873438570551,0.2441246924518079,0.24018659575270646,0.7273477565481558,0.489120826808798,0.3921342258896499,3.106987206523267,5.084313872206098,,0,0.3830063041014374,0.0,0.528792061241361,0.32027709433735085,0.9299999999999999
23087200,Antioquia,661864.13,-8362001.65,825,1/01/1981,31/12/2022,14300,6.78,181.89,110.24,2.31,0.11,3091,1827.97,828.02,40.58,5.15e-05,63.62,51.38,40.33,34.74,20.8,47.08,1.0,2.67,0.86,127.64,12.57,13.47,1.42,1.91,0.7,0.66,3.75,29.31,0,0,8,42,80.43,0.03,19.51,0.02,0.0,0.0,0.0,95.01,4.99,0.0,0.0,0.0,0.0,58.51,0.22,40.97,0.0,0.0,0.0,0.0,0.31,0.0,0.0,0,0.0,0.0,0.0,0.0,0.0,0.0,0.0,0.0,2.94,2.24,0.0,19.43,75.08,0.0,0.0,0.31,1981-01-01,2022-12-31,41.9958932238193,39.15126625598905,6.78,True,-75.11713888027657,5.974694444970394,Magdalena-Cauca,23,1981-01-01,2022-12-31,39.15126625598905,6.779661016949157,308,4,0.0,0.0,22.573579739904176,9.703208848976018,308,PAILANIA,SANTO DOMINGO,Cocorná,Río Nare,Activa,2308,4,23087180;23087260;23087660;23087670,1.478780487804878,0.4140996052298014,True,0,0,,,2,0.9999999999999575,3155.2236664681614,3461.8131954022992,0.5857008589472749,0,0.5646006708918002,1.6950055352930837,0.11570947571797055,0.5272986687343348,0.40524159529160847,1.5189818466218183,0.5384615384615384,22.924738141965975,RR_IMERG>1,1,0.4551062399141923,0.0,0.601292181005013,0.0,1.0
21217180,Tolima,496113.06,-8380805.37,1471,1/01/1981,31/12/2020,14211,2.731,166.01,80.33,1.76,0.21,5243,2904.88,1459.0,28.04,0.00012,66.63,27.92,24.29,23.38,13.38,34.52,1.49,14.03,1.46,218.13,18.1,2.34,0.5,2.9,0.6,0.78,0.8,4.59,0,1,3,23,69.85,10.98,18.66,0.13,0.35,0.03,0.0,71.82,0.0,0.0,27.75,0.0,0.0,0.0,35.07,63.55,0.0,0.0,0.0,0.0,0.0,0.0,0.0,0,0.0,0.0,0.0,0.0,0.0,1.38,0.0,0.0,0.0,3.53,0.0,2.69,48.04,45.73,0.0,0.0,1981-01-01,2020-12-31,39.99726214921287,38.90759753593429,2.731,False,-75.28605557101962,4.48205558568561,Magdalena-Cauca,21,1981-01-01,2020-12-31,38.90759753593429,2.731006160164273,365,1,0.0,0.0,21.919233401779604,4.701821211760504,365,MONTEZUMA AUT,COMBEIMA,Ibagué,Río Coello,Activa,2121,1,21217280,1.3496747967479674,0.40777561447659083,True,0,0,,,2,0.9999999999999686,2103.8487533135913,1728.6193740458016,0.33756280648100573,1,0.34115274815499114,0.39791402355970895,0.19368870147614303,0.45223733884859457,0.393090969688675,0.47442255145480416,0.05629441981563577,-8.111618101418536,fase_IMERG<0.5,1,0.5407476748399564,0.0,0.2331360849867949,0.6620311634660199,0.7666666666666667
26237020,Antioquia,716138.94,-8433153.36,578,1/01/1981,31/12/2017,12817,5.158,194.67,76.97,1.56,0.24,3083,1938.64,569.0,28.48,7.08e-05,71.88,34.61,29.04,26.88,14.96,26.74,2.66,6.84,1.22,158.35,17.81,1.67,0.43,1.44,0.65,0.78,0.48,3.79,2,30,3,27,34.61,3.17,60.96,1.23,0.03,0.0,0.0,21.43,63.45,8.29,0.0,6.84,6.835,47.4,0.0,52.32,0.17,0.0,0.0,0.0,0.12,0.0,0.0,0,0.0,0.0,0.0,0.0,0.0,0.0,0.0,8.0,2.4,17.01,0.0,22.86,49.43,0.0,0.17,0.12,1981-01-01,2017-12-31,36.99657768651608,35.09103353867214,5.158,False,-75.75630556611897,6.462611149099796,Magdalena-Cauca,26,1981-01-01,2017-12-31,35.09103353867214,5.157614325884263,271,3,0.0,0.0,18.704996577686515,6.475017111567416,271,PENALTA,AURRÁ,San Jerónimo,Directos Río Cauca  entre Río San Juan y  Pto Valdivia,Suspendida,2623,0,,1.582682926829268,0.40660034619606733,True,0,0,,,2,0.9999999999999425,2761.420133449101,1462.238260089686,0.70452664685845,1,0.49022737503679203,0.20991973018010254,0.24358107729672104,0.6247712587072515,0.48361886870855475,0.39537214468479187,0.5305453694312241,22.71033897608113,,0,0.4614191759266774,0.0,0.4804025686174549,0.24426606706689458,0.8967
53077010,Cauca,309281.28,-8599439.77,72,1/01/1981,31/12/2013,11452,4.986,2383.85,354.34,2.05,0.18,3813,1500.86,115.01,115.91,2.71e-05,62.85,147.61,96.95,68.93,52.18,334.0,0.79,7.42,1.3,109.85,10.21,9.88,0.99,2.43,0.56,0.75,2.92,20.81,0,0,5,15,84.24,0.13,15.5,0.08,0.05,0.0,0.0,0.0,16.03,73.42,6.49,4.06,4.061,44.19,10.15,37.94,0.04,3.12,0.0,0.0,0.0,0.0,0.0,0,0.0,0.0,0.0,0.0,4.57,0.0,0.0,0.0,1.23,1.47,0.0,16.82,64.38,16.06,0.04,0.0,1981-01-01,2013-12-31,32.99657768651608,31.353867214236825,4.986,False,-77.25008180256262,2.7959203441007427,Pacifico,53,1981-01-01,2013-12-31,31.353867214236825,4.986310462125609,330,1,0.0,0.0,14.77618069815195,7.648870636550309,330,ANGOSTURA RIO MICAY AUT,MICAY,López,Río San Juan del Micay,Activa,5307,1,53077060,19.380894308943088,0.4065399944161469,True,0,0,,,20,0.9999999999999464,4314.5715082323,3654.09696,0.7290616972595727,0,0.44615315718764,0.8481607243408384,0.20507299332318782,0.8373900378583952,0.6961755485893418,1.021584205616945,0.0,-3.8457626534393294,,0,0.33763733064198076,0.0,0.517670279477058,0.3374206125759147,0.9473333333333334
21217200,Tolima,475990.1,-8371955.47,889,1/01/1985,30/06/2022,12932,5.571,1102.76,241.41,2.05,0.18,4797,2649.91,788.0,78.97,5.78e-05,68.61,82.06,59.51,47.08,33.75,18.1,1.75,11.67,1.36,188.11,14.56,1.91,0.41,3.37,0.41,0.81,0.92,3.62,0,0,0,0,52.56,5.54,41.67,0.21,0.03,0.0,0.78,73.02,20.44,0.0,1.32,0.23,0.225,10.62,6.12,82.93,0.06,0.0,0.0,0.0,0.0,0.0,0.0,0,0.1,0.0,0.0,0.13,0.0,0.04,0.0,0.0,0.0,0.91,0.0,0.0,81.84,17.25,0.0,0.01,1985-01-01,2022-06-30,37.492128678986994,35.40588637919233,5.571,True,-75.20655556669031,4.300611124500958,Magdalena-Cauca,21,1985-01-01,2022-06-30,35.40588637919233,5.571376414749906,731,1,0.0,0.0,22.40657084188912,8.527998211691068,731,EL CARMEN,COELLO,Rovira,Río Coello,En Mantenimiento,2121,2,21217180;21217280,8.965528455284552,0.40507045183451484,False,1,0,21217280,0.074,9,0.9999999999999281,2107.7027513603043,1792.7079702602232,0.350507706562638,1,0.4803116512098257,0.3514926319539342,0.1700631999700782,0.33583190862711865,0.41216353365815983,0.41292615984736963,0.7578100835137643,2.6660206466724037,fase_IMERG<0.5,1,0.36924066270241884,0.0,0.3453576353637282,0.5588725154531871,0.9506
24037130,Boyacá,636756.66,-8147461.16,2547,1/01/1981,30/12/2022,13991,8.788,1023.6,240.13,2.12,0.29,3852,2925.42,2546.0,59.34,2.35e-05,77.7,93.16,66.13,51.12,32.23,40.97,3.15,14.87,1.67,209.39,17.44,0.44,0.17,1.75,0.72,0.68,0.11,1.22,1,10,10,25,7.02,10.18,77.32,5.03,0.45,0.0,0.0,0.0,0.0,99.93,0.07,0.0,0.0,4.66,0.96,30.58,1.64,51.22,0.0,0.0,0.56,0.0,0.0,0,0.0,0.0,7.47,0.0,2.91,0.0,0.0,0.0,5.38,33.36,0.16,6.2,27.15,25.62,1.61,0.52,1981-01-01,2022-12-30,41.99315537303217,38.30527036276523,8.788,True,-73.18988886798167,5.748833347991649,Magdalena-Cauca,24,1981-01-01,2022-12-30,38.30527036276523,8.788056587782778,403,3,0.0,0.0,21.305954825462013,11.21505989731888,403,LA REFORMA,CHICAMOCHA,Sotaquirá,Río Chicamocha,Activa,2403,5,24037030;24037040;24037070;24037410;24037580,8.321951219512195,0.40335119601131586,False,3,3,24037030;24037580;24037070,0.431;0.148;0.137,8,0.9999999999998948,1605.523428104348,979.4811904761902,0.751502508960698,1,0.4968134238877354,0.08973784976926798,0.319788122292338,0.7966299754932863,0.444013518671409,0.14316138627143918,1.0435279822743193,-8.543892332769872,RR_IMERG<0.15;RR_inestable,2,0.3163500563080633,1.0,0.4214547277372,0.0,0.12600000000000003
23017040,Tolima,576199.68,-8339101.63,531,27/01/1987,31/07/2021,11926,5.387,459.66,203.74,2.68,0.07,5258,2394.23,514.0,79.77,6.28e-05,72.89,80.13,58.35,46.36,33.49,46.67,1.52,9.44,1.18,161.12,13.44,4.93,0.86,2.24,0.61,0.77,1.7,10.61,0,2,8,24,32.01,6.98,60.52,0.37,0.13,0.0,0.0,52.33,11.68,0.05,18.22,9.3,9.304,7.24,34.45,54.22,0.27,0.0,0.0,0.0,0.3,0.0,0.0,0,0.0,0.0,0.0,3.25,0.0,0.27,0.0,0.0,0.2,2.37,0.0,9.33,41.65,46.38,0.07,0.0,1987-01-27,2021-07-31,34.507871321013006,32.65160848733744,5.387,False,-74.91142450055014,5.203709484865275,Magdalena-Cauca,23,1987-01-27,2021-07-31,32.65160848733744,5.386751289170966,402,1,0.0,0.0,21.869952087611225,7.256472773714151,402,ESPERANZA LA AUT,GUALÍ,Mariquita,Río Gualí,En Mantenimiento,2301,0,,3.737073170731708,0.40143649973632156,False,0,0,,,4,0.999999999999919,2483.1298232203026,2132.9582568093388,0.688402592581051,1,0.5737112615853684,0.8144443132420783,0.2024936966809258,0.6351726263578474,0.5243725335187037,0.9434786272755471,1.0145899714908604,31.661388913206007,escalon>25%,1,0.31899682079478703,0.0,0.5653215958066039,0.41234597057315936,0.7900333333333334
35027100,Cundinamarca,490224.84,-8238757.7,1901,1/01/1981,31/12/2019,12883,9.555,195.96,80.58,1.62,0.4,3921,2917.06,1901.0,22.1,0.000374,72.57,15.0,14.49,15.62,8.99,120.12,2.37,20.0,1.95,239.38,22.49,2.35,0.75,2.28,1.07,0.67,0.33,6.76,0,1,40,94,27.99,8.67,62.65,0.69,0.0,0.0,0.0,0.0,0.0,100.0,0.0,0.0,0.0,65.03,0.36,34.05,0.19,0.0,0.0,0.0,0.38,0.0,0.0,0,0.0,0.0,0.0,0.0,0.0,0.0,0.0,0.0,0.87,24.15,0.0,35.07,34.25,5.53,0.14,0.0,1981-01-01,2019-12-31,38.99520876112252,35.27173169062286,9.555,False,-74.01001964067395,4.428967395826038,Orinoco,35,1981-01-01,2019-12-31,35.27173169062286,9.554900308901992,730,4,0.0,0.0,18.275154004106778,16.925948973242065,730,CARAZA,UNE,Chipaque,Río Guayuriba,Activa,3502,0,,1.5931707317073172,0.3976695163933671,False,0,0,,,2,1.000000000000043,2037.8409027603504,1145.459119266055,0.6646426421348911,1,0.515248145417564,0.4591143970440765,0.3979328265894834,0.815793186211924,0.6275441326623691,0.8267691803666555,2.864239695723046,43.50844583875147,RR_inestable;escalon>25%,2,0.2270553181130185,0.0,0.3418035514016813,0.7980319934312811,0.905
35057010,Cundinamarca,486949.08,-8158880.67,314,1/01/1981,29/04/2010,9694,9.495,956.63,186.19,1.7,0.3,3848,1094.29,304.0,56.43,3.03e-05,71.31,81.23,59.01,46.77,29.56,81.36,1.03,12.0,1.27,171.63,18.83,11.07,1.17,1.78,0.99,0.61,0.96,31.31,1,2,55,84,39.17,0.38,58.4,1.73,0.32,0.0,0.0,5.63,0.31,69.04,0.0,0.0,0.0,75.54,15.47,6.86,0.04,0.0,0.0,0.0,2.1,0.0,0.0,0,0.0,0.0,0.0,0.0,0.0,0.0,0.0,0.0,5.03,23.7,0.0,19.59,28.09,23.55,0.03,0.0,1981-01-01,2010-04-29,29.322381930184804,26.54072553045859,9.495,False,-73.2924720716832,4.399431470210017,Orinoco,35,1981-01-01,2010-04-29,26.54072553045859,9.494911772943704,256,4,0.0,0.0,10.562628336755647,12.556663644605626,256,EL CABLE - AUT,HUMEA,Paratebueno,Río Humea,En Mantenimiento,3505,0,,7.777479674796748,0.38969798282711565,True,0,0,,,8,0.999999999999946,2912.3295867495135,3494.456736,0.9625183844504831,0,0.8758525345622118,1.3489749416093508,0.14231576390145892,0.9666556150546122,0.8696712749615975,1.14865888414598,1.1037755312564472,2.620731772574663,RR_IMERG>1,1,0.14701084799021352,0.0,0.9492210833182493,0.0,0.7709333333333332
22067010,Tolima,434080.57,-8369339.46,373,1/01/1986,29/01/2018,11275,3.772,280.96,119.96,2.02,0.12,2913,1018.21,367.0,47.64,6.79e-05,69.95,52.27,40.91,35.13,22.3,71.05,2.39,16.84,1.69,214.19,19.88,3.73,0.74,1.48,1.06,0.63,0.43,10.61,3,5,42,82,35.81,1.06,62.54,0.38,0.22,0.0,0.0,0.0,33.09,66.91,0.0,0.0,0.0,66.0,11.22,5.84,0.42,0.0,0.0,0.0,1.65,0.0,0.0,0,0.0,0.0,0.0,2.38,12.49,0.0,0.0,0.0,7.29,17.33,0.0,4.13,58.1,12.94,0.21,0.0,1986-01-01,2018-01-29,32.0766598220397,30.869267624914443,3.772,False,-75.18305554902622,3.922583318791592,Magdalena-Cauca,22,1986-01-01,2018-01-29,30.869267624914443,3.772296662968333,365,1,0.0,0.0,19.887748117727583,0.9544586855740332,24,PUENTE ORTEGA,ORTEGA,Ortega,"Río Tetuán, Río Ortega",Activa,2206,0,,2.2842276422764227,0.38236606568688736,True,0,0,,,2,0.9999999999999856,2159.2934103132056,1912.7863797468356,0.846553304347244,0,0.5269940630189,0.7554839915216637,0.43050577176679905,0.8630402528908407,0.541319080732486,0.8409130598055292,0.0,23.59407876588298,RR_inestable,1,0.33880747966199387,0.0,0.4601554384477739,0.5433689077296364,0.6741333333333334
26047020,Cauca,338738.8,-8499107.07,1102,1/01/1981,31/12/2019,13353,6.255,844.13,225.28,2.19,0.23,4321,2633.15,1096.0,61.2,0.000111,69.19,52.5,41.06,35.23,24.58,44.45,1.73,15.63,1.74,195.9,18.82,1.39,0.3,1.81,1.02,0.64,0.23,3.76,1,5,28,56,46.04,10.54,43.3,0.12,0.01,0.0,0.0,74.75,7.91,0.0,10.05,7.26,7.262,29.24,0.0,69.26,0.06,0.0,0.0,0.0,0.38,0.0,0.0,0,0.0,0.0,0.0,0.0,1.07,0.0,0.0,0.01,4.26,0.19,0.0,15.87,75.77,3.45,0.06,0.38,1981-01-01,2019-12-31,38.99520876112252,36.55852156057495,6.255,False,-76.34877782349284,3.0619722571960715,Magdalena-Cauca,26,1981-01-01,2019-12-31,36.55852156057495,6.255265374894692,366,2,0.0,0.0,20.64613278576317,6.148102053515869,288,BOCATOMA RIO PALO,PALO,Caloto,Río Palo,Activa,2604,0,,6.862845528455285,0.38216603526820736,False,0,0,,,9,0.9999999999999931,2111.215433855798,1687.374323651452,0.6486049706115588,1,0.6009344672679263,0.23328251003088005,0.32906112878150323,0.624718587464842,0.5377447618394432,0.3008387417970217,0.9211413165580769,-12.400470347205644,RR_inestable,1,0.3690352734199348,0.0,0.4037988542783879,0.29618335562417786,0.9635333333333332
15017020,Magdalena,1255256.04,-8231136.31,62,1/01/1981,31/12/2018,12598,9.23,145.78,85.79,2.0,0.16,2420,715.48,52.0,30.24,8.49e-05,63.59,33.81,28.48,26.47,15.13,28.74,2.26,15.0,2.22,209.73,46.05,2.7,0.96,0.97,0.95,0.6,0.35,9.23,13,32,44,108,77.9,2.76,19.21,0.11,0.02,0.0,0.0,28.15,71.85,0.0,0.0,0.0,0.0,83.76,12.67,0.0,0.0,0.0,0.0,0.0,0.09,0.0,0.0,0,0.0,0.0,0.0,0.0,3.48,0.0,0.0,0.0,0.0,5.86,0.0,63.26,25.33,5.45,0.0,0.09,1981-01-01,2018-12-31,37.9958932238193,34.49144421629021,9.23,False,-73.94155552944159,11.277638919565328,Caribe,15,1981-01-01,2018-12-31,34.49144421629021,9.229771597377336,365,5,0.0,0.0,17.689253935660506,15.762711864406777,365,LA REVUELTA,PIEDRAS,Santa Marta,Río  Piedras - Río Manzanares,Activa,1501,0,,1.1852032520325204,0.381996703782308,True,0,0,,,1,1.0000000000000167,1664.5988019202102,1086.8496116504853,0.3097362214346183,1,0.41434449718072525,0.5559118780774426,0.3057183402358856,0.21799381228966988,0.39134827566089087,0.9144005985530141,10.890617558342594,6.724596934749174,fase_IMERG<0.5;RR_inestable;flatline>5%,3,0.22237008089776816,0.0,0.12149923833472032,0.9868624931612389,0.9866666666666667
11017010,Choco,606212.61,-8520155.73,78,19/05/1981,31/12/2022,14444,4.986,891.98,276.0,2.61,0.05,3835,910.34,75.03,130.01,2.57e-05,62.13,164.66,106.17,74.0,57.52,25.32,0.57,2.88,0.86,75.55,7.41,22.87,1.62,1.78,0.44,0.7,8.45,52.95,0,0,2,14,92.48,0.06,7.09,0.2,0.18,0.0,0.0,0.0,38.89,37.74,0.0,23.38,23.376,59.35,5.86,31.43,0.07,0.0,0.0,0.0,0.84,0.17,0.0,0,2.29,0.0,0.0,0.0,0.0,0.0,0.0,0.0,0.0,3.69,0.0,0.0,86.05,9.7,0.0,0.56,1981-05-19,2022-12-31,41.61806981519507,39.54551676933607,4.986,True,-76.53786115337519,5.473943854275516,Caribe,11,1981-05-19,2022-12-31,39.54551676933607,4.986186028154194,291,3,0.0,0.0,24.73100616016427,1.0732668930018563,8,AGUASAL,ANDAGUEDA,Lloró,Río Andágueda,Activa,1101,0,,7.251869918699187,0.37790395554983836,True,0,0,,,6,0.9999999999999588,5350.586161257163,5153.93373559322,0.729260825198185,0,0.333614572718689,1.3923801544409256,0.2013488121254013,0.8702715165577232,0.37727056007927684,1.4745713311457815,0.0,-23.327452356376128,RR_IMERG>1,1,0.541218667452646,0.0,0.46087715474670743,0.0,0.8492
23067040,Cundinamarca,637911.3,-8307968.41,172,1/04/1981,31/12/2022,13881,8.977,1453.36,294.35,2.18,0.1,2026,756.87,169.02,120.95,2.08e-05,75.96,168.93,108.45,75.24,56.68,42.82,1.45,4.56,1.07,124.39,12.66,8.27,1.06,1.52,0.94,0.63,1.3,22.28,0,1,30,59,13.52,0.0,86.04,0.15,0.29,0.0,0.0,0.0,0.0,91.35,0.0,4.88,4.884,69.5,24.09,0.01,0.02,0.0,0.0,0.0,1.44,0.0,0.0,0,0.0,3.01,0.0,0.0,1.92,0.0,0.0,0.0,5.78,11.64,0.0,23.15,57.34,1.64,0.05,0.41,1981-04-01,2022-12-31,41.74948665297741,38.0041067761807,8.977,True,-74.63175002685159,5.759222247225503,Magdalena-Cauca,23,1981-04-01,2022-12-31,38.0041067761807,8.977049180327867,365,3,0.0,0.0,23.07460643394935,7.699047201839882,229,PUERTO LIBRE  - AUT,NEGRO,Puerto Salgar,Río Negro,En Mantenimiento,2306,2,23067060;23067080,11.815934959349592,0.3762065840906973,True,0,0,,,12,0.9999999999999338,2718.896881413035,2897.766844444445,0.7964546120311108,0,0.6852832914946249,1.0639832789345398,0.17794467128140723,0.7865005933118082,0.693969891371776,1.0665068594199314,1.1310424321014336,16.72296345560449,RR_IMERG>1,1,0.3035348887863625,0.0,0.7221314475764267,0.0,0.7986
22017020,Tolima,380438.06,-8425391.92,814,1/01/1981,31/12/2020,13779,5.688,1633.72,259.14,1.81,0.29,4492,2871.57,813.0,75.63,7.65e-05,64.94,71.26,52.93,42.96,30.97,29.4,1.6,15.03,1.65,190.53,18.05,3.88,0.79,2.87,0.66,0.73,1.34,8.33,0,0,2,14,67.68,15.96,16.01,0.14,0.21,0.0,2.13,13.52,84.36,0.0,0.0,0.0,0.0,16.77,53.48,29.54,0.02,0.0,0.0,0.0,0.19,0.0,0.0,0,0.0,0.0,0.0,0.0,0.0,0.0,0.0,0.0,0.0,0.27,0.0,0.0,74.2,25.52,0.0,0.0,1981-01-01,2020-12-31,39.99726214921287,37.724845995893226,5.688,False,-75.6865833643312,3.438472235107381,Magdalena-Cauca,22,1981-01-01,2020-12-31,37.724845995893226,5.687885010266935,320,3,0.0,0.0,20.725530458590008,9.891679561956911,320,SARDINAS LAS,SALDANA,Rioblanco,Alto Saldaña,Activa,2201,0,,13.282276422764228,0.3761503357618494,True,0,0,,,14,0.9999999999999546,2142.107711275195,1811.5553606557378,-0.13765733279112033,2,0.1629167028074132,0.7157702656277412,0.21534690971984868,-0.2599045219925518,0.08594145612100333,0.8400317027887195,0.15966325567893172,13.859906507243618,fase_IMERG<0.5,1,0.4532046555482043,0.0,0.16158370833618158,0.6316216319383531,0.8513999999999999
52027030,Cauca,238510.5,-8560357.52,945,1/01/1995,31/07/2022,9341,7.276,730.73,175.48,1.83,0.2,4431,2447.47,943.0,60.82,9.39e-05,71.52,55.68,43.11,36.6,25.24,225.41,1.71,17.3,1.78,197.48,18.07,2.52,0.53,2.37,0.77,0.69,0.69,6.42,0,2,5,12,34.01,4.07,61.59,0.3,0.03,0.0,17.6,23.94,14.88,7.67,12.0,1.88,1.877,52.88,0.88,41.82,0.03,0.16,0.0,0.0,0.06,0.0,0.0,0,0.0,0.0,0.0,0.0,4.17,0.0,0.0,0.0,0.1,9.16,0.0,27.32,43.36,19.98,0.03,0.06,1995-01-01,2022-07-31,27.578370978781656,25.57426420260096,7.276,True,-76.89899997743481,2.1565000059930086,Pacifico,52,1995-01-01,2022-07-31,25.57426420260096,7.276156442326787,366,2,0.0,0.0,22.67214236824093,7.76342169748273,366,PUENTE FIERRO - GUACHICONO,GUACHICONO,Patía (El Bordo),Río Guachicono,Activa,5202,0,,5.94089430894309,0.3757851588253489,False,0,0,,,7,0.9999999999999268,2651.7430688092495,1746.765111111111,0.6564271841066311,1,0.5298572911379671,0.3520406335329227,0.23663971970529568,0.6297393422238295,0.5307053442281634,0.5410231034009294,0.3211647575206081,-13.980443375164066,,0,0.1071576110426999,0.0,0.4807488462147988,0.5600902967398281,0.9652999999999999
47017150,Putumayo,86985.31,-8524729.09,328,1/06/1981,31/03/2021,13215,9.169,393.47,161.78,2.3,0.12,2463,482.63,316.0,57.48,3.01e-05,74.08,82.6,59.84,47.28,30.01,132.82,0.87,13.55,1.58,167.03,16.03,11.55,0.98,1.65,1.01,0.52,1.83,33.31,3,2,28,30,56.83,0.0,40.89,2.04,0.25,0.0,0.0,0.0,4.68,42.65,0.0,0.7,0.696,91.19,7.2,0.0,0.18,0.0,0.0,0.0,1.43,0.0,0.0,0,0.0,0.0,0.0,0.0,0.0,0.0,0.0,0.0,0.0,0.0,6.8,82.07,9.52,0.0,0.18,1.43,1981-06-01,2021-03-31,39.83025325119781,36.18069815195072,9.169,False,-76.57894434525299,0.786643547419805,Amazonas,47,1981-06-01,2021-03-31,36.18069815195072,9.169015052580932,799,3,0.0,0.0,20.18069815195072,13.190436933223417,799,JOYA LA,GUINEO,Villagarzón,Alto Río Putumayo,Activa,4701,1,47017020,3.1989430894308946,0.3748468986193577,False,0,0,,,4,1.0000000000000022,3300.6193627339007,4272.418386554621,0.8954328796682974,0,0.704642990584343,1.2163316950874654,0.1850185959414036,0.9224257500862981,0.6940482580408557,0.9413503489404559,0.0,-11.464528789659365,RR_IMERG>1,1,0.2592753174645352,0.0,0.7851122770128957,0.0,0.7583333333333334
26027200,Cauca,280592.21,-8522447.05,1759,1/01/1981,31/12/2022,13977,8.885,248.69,155.57,2.78,0.07,3811,3058.11,1753.0,59.19,7.6e-05,70.42,59.16,45.34,38.07,25.74,34.05,1.42,16.25,1.63,204.78,18.33,2.23,0.47,2.78,0.63,0.69,0.69,5.04,0,0,3,32,39.23,16.91,42.39,1.46,0.01,0.0,0.0,1.49,0.0,0.0,65.32,2.24,2.244,3.98,0.0,84.11,0.0,11.87,0.0,0.0,0.0,0.0,0.0,0,0.03,0.0,0.0,0.0,0.0,0.0,0.0,0.0,2.55,20.1,0.0,18.85,45.37,13.13,0.0,0.0,1981-01-01,2022-12-31,41.9958932238193,38.26694045174538,8.885,True,-76.55844443114327,2.536750022573945,Magdalena-Cauca,26,1981-01-01,2022-12-31,38.26694045174538,8.885267275097785,730,3,0.0,0.0,21.683778234086244,13.262512320665865,730,PUENTE CARRETERA  - AUT,PALACÉ,Popayán,Río Palacé,En Mantenimiento,2602,1,26027090,2.021869918699187,0.3735747423605963,False,0,0,,,1,1.0000000000000147,1938.4276501945553,1708.3137209302322,0.05228047008737514,1,0.2985410918629632,0.37129277740940086,0.16298605899608995,0.01612660074187281,0.2503489437703536,0.4272319212847527,0.8585533376261,-9.654199516757249,fase_IMERG<0.5,1,0.3121585370251587,0.0,0.22441672920469205,0.6028728386875574,0.9933333333333333
24017150,Cundinamarca,587167.62,-8221071.7,2662,1/01/1981,30/12/2022,14957,2.49,176.17,88.78,1.89,0.26,3808,3138.89,2624.0,25.97,7.59e-05,73.29,31.39,26.77,25.22,13.77,27.13,3.11,15.59,1.71,226.56,19.44,0.64,0.25,0.94,0.72,0.69,0.12,2.54,12,81,19,47,25.39,5.89,67.64,0.71,0.38,0.0,0.0,0.0,0.0,100.0,0.0,0.0,0.0,68.07,0.0,13.33,0.22,17.9,0.0,0.0,0.49,0.0,0.0,0,0.0,0.0,0.0,0.0,0.0,0.0,0.0,0.14,2.3,23.47,0.0,35.29,33.75,4.78,0.28,0.0,1981-01-01,2022-12-30,41.99315537303217,40.95003422313484,2.49,True,-73.85114359952458,5.302478028791155,Magdalena-Cauca,24,1981-01-01,2022-12-30,40.95003422313484,2.4903839885259798,365,1,0.0,0.0,23.95071868583162,4.184008762322011,365,LA BOYERA,UBATE,Ubaté,Río Suárez,En Mantenimiento,2401,0,,1.4322764227642275,0.3642767505427341,True,0,0,,,3,0.9999999999998079,1817.103067513769,963.7593867595817,0.8128947739074736,0,0.5556813895868007,0.10905794119159894,0.565624232412721,0.8294434142481835,0.37526212368029277,0.20495236222498117,31.570502106037306,-30.628864487613292,RR_IMERG<0.15;RR_inestable;escalon>25%;flatline>5%,4,0.5912196179367197,0.0,0.45509012931208487,0.0201287582035532,0.6645333333333333
24037410,Boyacá,666280.46,-8104634.38,2611,1/01/1981,31/08/2022,14474,4.889,248.03,100.35,1.8,0.23,4084,3070.92,2569.0,32.66,4.52e-05,72.49,45.71,36.59,32.2,18.08,57.92,2.53,14.15,1.65,214.55,19.25,0.75,0.24,1.48,0.83,0.62,0.13,2.28,4,9,23,68,32.63,11.06,55.88,0.43,0.0,0.0,0.0,0.0,13.15,68.0,0.0,7.08,7.075,17.35,22.33,42.66,0.28,17.27,0.0,0.0,0.11,0.0,0.0,0,0.0,0.0,0.0,0.0,0.0,0.0,0.0,0.0,12.0,5.45,0.0,0.0,36.69,45.86,0.0,0.0,1981-01-01,2022-08-31,41.661875427789184,39.62765229295003,4.889,True,-72.80516935754541,6.014413086015447,Magdalena-Cauca,24,1981-01-01,2022-08-31,39.62765229295003,4.88894729925089,365,2,0.0,0.0,22.628336755646817,4.38454419250347,365,PUENTE COLORADO,MINAS,Belén,Río Chicamocha,Activa,2403,2,24037040;24037580,2.0165040650406505,0.3602605172892045,True,0,0,,,2,0.9999999999999587,1809.7613201965614,1126.6078235294117,0.7291285732155289,0,0.5105203023588089,0.14956697470895478,0.395153273660825,0.864297367072574,0.695133659481391,0.23940241270674845,0.6563493160149233,1.6484463626805057,RR_IMERG<0.15;RR_inestable,2,0.4800443917340136,0.0,0.3789083778108646,0.11014883268656606,0.86
44037080,Caqueta,165701.06,-8429683.56,268,1/01/1981,31/12/2019,13224,7.161,334.67,127.63,1.97,0.13,2640,1129.12,268.0,51.16,4.64e-05,64.09,63.97,48.38,40.05,25.31,58.68,1.24,13.36,1.62,178.72,17.23,11.92,1.49,2.38,0.58,0.73,4.47,27.03,0,1,0,0,79.15,0.02,20.34,0.16,0.33,0.0,0.0,84.94,0.0,14.86,0.0,0.0,0.0,99.16,0.0,0.15,0.0,0.0,0.0,0.0,0.69,0.0,0.0,0,0.0,0.0,0.0,0.0,0.0,0.0,0.0,0.0,0.0,4.79,0.19,31.72,43.31,19.98,0.0,0.0,1981-01-01,2019-12-31,38.99520876112252,36.205338809034906,7.161,False,-75.72513582239058,1.4983767021262246,Amazonas,44,1981-01-01,2019-12-31,36.205338809034906,7.160909856781805,292,4,0.0,0.0,20.139630390143736,8.45052893590541,292,MORELIA  - AUT,BODOQUERO,Morelia,Río Orteguaza,Activa,4403,0,,2.7208943089430897,0.3579952077431795,True,0,0,,,3,0.9999999999999948,3065.79682942378,2982.5687196652716,0.5955981356821104,1,0.5225736002983495,1.3242691599749647,0.12897411444588217,0.7726371872768923,0.599408116673153,1.3620502952201683,0.14367816091954022,-6.73317060924438,RR_IMERG>1,1,0.3954394412917137,0.0,0.5685413896810043,0.0,0.78
47017100,Putumayo,123451.81,-8569250.71,2093,1/01/1981,31/12/2019,13620,4.381,471.29,164.89,2.14,0.37,3761,2643.22,2094.02,35.52,3.42e-05,65.06,54.28,42.21,36.0,20.32,58.52,1.43,16.66,1.58,211.63,18.24,2.45,0.47,2.33,0.74,0.64,0.72,6.31,1,4,4,34,69.44,2.88,26.77,0.76,0.15,0.0,0.0,10.76,0.03,5.9,3.57,6.12,6.116,18.4,15.09,63.6,0.36,2.08,0.0,0.0,0.44,0.0,0.0,0,0.02,0.0,0.0,0.0,0.0,0.0,0.0,0.0,0.02,29.17,8.43,9.88,32.86,18.83,0.36,0.46,1981-01-01,2019-12-31,38.99520876112252,37.28952772073922,4.381,False,-76.9788888624506,1.1163888960937534,Amazonas,47,1981-01-01,2019-12-31,37.28952772073922,4.380791912384163,365,2,0.0,0.0,20.71457905544148,5.8369632856253855,365,CANAL B,QUINCHOA,Santiago,Alto Río Putumayo,Activa,4701,1,47017020,3.831626016260163,0.35722217425798125,True,0,0,,,5,0.9999999999999241,2534.790785016285,1995.653734939759,0.15922422508467318,2,0.22208705790905559,0.3553961193113529,0.18677619457049474,0.45211212101982295,0.40250058297706953,0.4545378726270302,0.08076358296622614,0.5475955072753557,fase_IMERG<0.5,1,0.44969197143471473,0.0,0.19586856651540632,0.5675469318030064,0.7380000000000001
44037060,Caqueta,179283.57,-8417893.31,293,1/01/1981,4/04/2018,12471,8.355,347.32,131.3,1.99,0.15,2703,1315.94,289.0,47.75,7.56e-05,64.9,50.23,39.58,34.23,21.88,328.5,1.24,12.74,1.61,168.58,16.55,8.38,1.11,2.36,0.71,0.71,2.49,19.73,0,3,3,35,73.97,0.0,25.08,0.81,0.13,0.0,0.0,81.56,0.0,18.45,0.0,0.0,0.0,98.29,1.1,0.13,0.08,0.0,0.0,0.0,0.39,0.0,0.0,0,0.0,0.0,0.0,0.0,0.0,0.0,0.0,0.0,0.0,2.19,0.0,20.82,45.24,31.66,0.08,0.0,1981-01-01,2018-04-04,37.2539356605065,34.143737166324435,8.355,False,-75.6192222046047,1.6211666298034502,Amazonas,44,1981-01-01,2018-04-04,34.143737166324435,8.355379188712519,143,3,0.0,0.0,17.17180013689254,15.2317880794702,143,FLORENCIA-HACHA,HACHA,Florencia,Río Orteguaza,Activa,4403,0,,2.823739837398374,0.3559760922518515,True,0,0,,,2,0.9999999999999052,2999.5809529979642,2784.550530612245,0.4887287480512622,1,0.387041095235439,1.102991720192087,0.10867872571151971,0.7268166187298678,0.5286646638350772,1.1512838904119358,0.2646139042578783,-8.122809751836705,RR_IMERG>1;fase_IMERG<0.5,2,0.4446211107921716,0.0,0.45320325821523455,0.0,0.8767999999999999
24037040,Boyacá,715177.51,-8059871.28,2831,1/01/1981,31/12/2020,13154,9.966,152.69,71.57,1.63,0.36,5346,4200.99,2828.0,20.68,0.00026,82.36,16.39,15.6,16.54,9.16,87.13,1.52,16.16,1.63,217.63,20.97,2.5,0.71,1.96,0.64,0.72,0.72,5.91,1,10,5,99,2.42,75.66,15.63,0.35,5.94,0.0,0.0,0.0,0.0,100.0,0.0,0.0,0.0,0.74,29.41,50.9,0.0,0.34,0.0,0.0,0.68,0.0,0.0,0,0.0,0.0,0.0,0.28,0.0,17.64,0.0,0.0,0.0,0.0,0.0,0.0,1.33,98.62,0.0,0.05,1981-01-01,2020-12-31,39.99726214921287,36.01368925393566,9.966,False,-72.40305558859971,6.453972179107503,Magdalena-Cauca,24,1981-01-01,2020-12-31,36.01368925393566,9.965776865160848,506,4,0.0,0.0,19.34839151266256,15.879062016426616,506,GUICAN,NEVADO,Guicán,Río Chicamocha,Activa,2403,0,,1.2413821138211385,0.3495980936781494,False,0,0,,,1,1.000000000000027,2049.734338354987,1298.0414801762115,0.8942643370148766,0,0.6848907090931102,0.3518162965684844,0.13412870013596753,0.9109160872657626,0.7049371215649745,0.5591324800386697,3.8999543864984036,-31.324536167665563,embalse?;escalon>25%,2,0.22795023553569269,0.0,0.8346870770855924,0.5595917701521875,0.0
22077050,Tolima,459333.5,-8383025.57,770,29/09/1992,28/02/2021,9524,8.247,421.47,173.95,2.39,0.09,3969,2889.08,752.0,70.15,0.000106,67.95,59.41,45.5,38.17,27.51,62.66,1.8,12.77,1.47,179.53,14.63,2.39,0.51,1.94,0.75,0.78,0.73,5.56,1,5,3,36,52.18,14.69,32.98,0.12,0.04,0.0,0.0,37.38,57.57,0.0,0.0,0.0,0.0,6.66,31.14,60.03,0.02,0.0,0.0,0.0,0.89,0.0,0.0,0,1.25,0.0,0.0,0.0,0.0,0.0,0.0,0.0,0.0,1.44,0.0,23.61,49.31,25.64,0.0,0.0,1992-09-29,2021-02-28,28.41615331964408,26.07529089664613,8.247,False,-75.30599996695763,4.150388886746172,Magdalena-Cauca,22,1992-09-29,2021-02-28,26.07529089664613,8.246628131021193,283,3,0.0,0.0,20.8186173853525,10.118203309692674,283,PIJAITO  - AUT,CHILI,Rovira,Rïo Cucuana,En Mantenimiento,2207,0,,3.4265853658536587,0.34917824356353117,True,0,0,,,4,0.9999999999999839,2246.1375145541415,1766.5063209876541,0.6190042760272171,0,0.29534791531810906,0.44897759299010576,0.5709007616049772,0.6103112854529353,0.2477749844863605,0.5774828970105292,1.1549769004619908,-30.192459105277297,RR_inestable;escalon>25%,2,0.156939193224927,0.0,0.1963103237090567,0.7755057622002349,0.9636
47017020,Nariño,109501.76,-8589311.66,2809,1/01/1981,19/05/2022,14781,2.203,239.93,110.53,2.01,0.17,3732,3019.74,2808.06,37.79,2.25e-05,72.92,66.9,50.22,41.23,23.06,74.81,1.83,18.33,1.88,226.74,19.6,3.18,0.8,7.45,0.32,0.93,1.98,4.72,0,0,0,0,53.2,6.68,22.74,0.14,17.24,0.0,0.0,26.85,0.0,0.0,1.15,0.0,0.0,9.03,6.75,66.35,0.0,0.0,0.0,0.0,17.46,0.0,0.0,0,0.4,0.0,0.0,0.0,0.0,0.0,0.0,0.0,6.2,3.66,8.47,9.78,22.7,31.62,0.0,17.57,1981-01-01,2022-05-19,41.37713894592745,40.46817248459959,2.203,True,-77.15909944244018,0.990250531446006,Amazonas,47,1981-01-01,2022-05-19,40.46817248459959,2.2032552600238176,312,1,0.0,0.0,23.468856947296374,3.7394722066254937,312,LA COCHA,GUAMUEZ,Pasto,Alto Río Putumayo,Activa,4701,0,,1.950650406504065,0.34550958157716816,True,0,0,,,2,0.999999999999928,2462.8635063164015,1502.894263345196,-0.3600136603510707,2,-0.0742944859185187,0.4710066311737617,0.1428735908935607,-0.447965656699571,-0.04186552636197427,0.7692198264869182,0.12854340031121034,-4.786505731364009,embalse?;fase_IMERG<0.5,2,0.6388111271492632,0.0,0.24855169092772716,0.824459180386137,0.0
21097120,Huila,301808.31,-8393087.62,499,1/01/1994,9/02/2021,9677,2.272,884.86,242.66,2.3,0.15,3449,1257.24,495.02,77.38,2.95e-05,71.37,104.72,72.88,55.16,37.77,35.23,2.22,19.5,1.86,214.75,21.14,38.93,8.3,3.51,0.96,0.66,11.63,77.04,0,0,0,0,31.55,8.32,57.39,0.19,2.55,0.0,0.0,0.0,34.33,56.03,0.0,5.6,5.597,43.21,23.52,13.74,0.12,1.73,0.0,1.15,2.93,1.21,0.0,0,0.0,3.54,0.0,8.84,0.0,0.0,0.0,0.0,0.0,13.51,0.0,13.22,60.39,9.83,0.14,2.91,1994-01-01,2021-02-09,27.107460643394933,26.494182067077343,2.272,False,-75.39638890000337,2.728416657784825,Magdalena-Cauca,21,1994-01-01,2021-02-09,26.494182067077343,2.272268228640684,61,0,0.0,0.0,22.50787132101301,2.6063262646605856,61,LA ESPERANZA - AUT,MAGDALENA,Palermo,Juncal y otros Rios directos al Magdalena,En Mantenimiento,2109,0,,7.193983739837399,0.34499291735217785,True,2,2,21087080;21087070,0.759;0.557,6,0.9999999999999127,1885.0447264257905,1712.210874524715,-0.1902043077324654,2,0.1428078568167965,7.547140368668632,0.1223613782179888,-0.4644679817024658,-0.04783591876152755,7.972089968380147,1.0540456753125969,-4.456024634426066,embalse?;RR_IMERG>1;fase_IMERG<0.5,3,0.5734719899369647,0.6666666666666666,0.2731663461384134,0.0,0.0
52057040,Nariño,93237.62,-8647937.56,2858,1/01/1981,31/12/2022,14894,2.907,226.94,114.21,2.14,0.14,4779,3418.8,2855.0,40.06,5.44e-05,76.99,49.83,39.31,34.05,20.39,278.1,2.34,21.68,2.22,250.83,24.02,1.32,0.48,1.39,0.71,0.67,0.39,3.12,1,5,2,18,4.84,32.74,60.28,1.04,1.03,0.08,0.0,0.0,0.0,0.0,64.53,0.0,0.0,35.54,12.78,47.44,1.29,0.0,0.0,0.0,0.96,0.0,0.0,0,1.99,0.0,0.0,0.0,0.0,0.0,0.0,0.0,38.8,2.83,0.0,12.3,0.09,43.71,1.29,0.98,1981-01-01,2022-12-31,41.9958932238193,40.77754962354552,2.907,True,-77.68574486259281,0.8431817327083685,Pacifico,52,1981-01-01,2022-12-31,40.77754962354552,2.907431551499351,365,1,0.0,0.0,23.797399041752225,4.807797612528752,365,CARLOSAMA,BLANCO,Cuaspud (Carlosama),Río Guáitara,Activa,5205,0,,1.845040650406504,0.3443048479291861,True,0,0,,,1,0.9999999999999608,2282.621368236319,1034.2137872340425,0.8638535256390351,0,0.6131980301160125,0.21829413230886038,0.2984499932524362,0.5854714649874766,0.6205023036296213,0.46964405853572,7.774942930038942,-5.906466157747074,flatline>5%,1,0.5730717997116951,0.0,0.5796820822599021,0.26287584957524524,0.11123333333333334
32077110,Meta,372360.92,-8240867.32,504,1/12/1983,31/12/2019,12313,6.578,287.56,104.06,1.73,0.22,3536,1222.81,551.06,35.97,7.85e-05,68.92,39.82,32.63,29.44,17.52,47.28,1.02,16.66,1.66,199.26,18.94,9.45,1.08,1.92,1.02,0.65,1.35,24.75,1,4,42,84,54.57,0.22,43.9,1.21,0.11,0.0,0.0,0.0,0.0,77.62,0.0,0.0,0.0,16.88,66.66,0.0,0.0,0.0,0.0,0.0,1.26,15.2,0.0,0,0.0,0.0,0.0,0.0,0.0,0.0,0.0,0.0,0.0,20.84,0.0,10.07,64.35,4.74,0.0,0.0,1983-12-01,2019-12-31,36.08213552361397,33.711156741957566,6.578,False,-74.0289706795708,3.365555498240818,Orinoco,32,1983-12-01,2019-12-31,33.711156741957566,6.57814871016692,803,1,0.0,0.0,19.690622861054077,10.491599253266958,803,EL LIMON,GUEJAR,Mesetas,Río Guejar,Activa,3207,0,,2.3378861788617886,0.3439568451065615,False,0,0,,,3,1.0000000000000488,2554.470805300487,3242.5943898305086,0.793906680366307,1,0.6108231728192743,1.3510089708287096,0.3106393703210519,0.8808614858876127,0.6798769326279174,1.0775533070707375,1.6730285064565906,-1.1487678859202486,RR_IMERG>1;RR_inestable,2,0.2991121398315194,0.0,0.5207152405947266,0.0,0.9266666666666666
24037070,Boyacá,635984.85,-8148537.25,2558,1/01/1981,31/12/2019,13026,8.551,140.61,78.15,1.86,0.2,3726,2955.54,2549.0,26.34,9.82e-05,71.97,28.74,24.88,23.82,13.25,31.09,2.84,15.44,1.67,214.36,19.69,0.77,0.25,1.52,0.86,0.64,0.16,2.25,3,10,16,60,33.4,1.98,64.49,0.12,0.01,0.0,0.0,0.0,0.0,100.0,0.0,0.0,0.0,11.94,4.26,47.61,0.09,36.1,0.0,0.0,0.0,0.0,0.0,0,0.0,0.0,0.0,0.0,0.0,0.0,0.0,0.0,10.81,11.79,1.13,0.0,35.81,40.47,0.0,0.0,1981-01-01,2019-12-31,38.99520876112252,35.663244353182755,8.551,False,-73.19955554892255,5.741888863073647,Magdalena-Cauca,24,1981-01-01,2019-12-31,35.663244353182755,8.55096882898062,731,3,0.0,0.0,18.71047227926078,14.94710640945862,731,MAGUNCIA,SOTAQUIRÁ,Sotaquirá,Río Chicamocha,Activa,2403,0,,1.1431707317073172,0.34308084604636657,False,0,0,,,2,0.9999999999998048,1748.551605592795,1128.235049327354,0.7097890392638062,1,0.6041908340114618,0.16842134555998287,0.3303655789185025,0.7683861813312869,0.6340097304222864,0.2662808624822366,3.0861354214647627,0.7153290464854629,RR_inestable,1,0.27025347472767614,0.0,0.44166144871114643,0.15204743457773973,0.9486333333333332
29067130,Magdalena,1176644.04,-8258315.37,36,1/01/1981,31/12/2022,14267,6.995,779.46,263.8,2.67,0.07,5690,2855.5,30.04,108.31,6.53e-05,71.1,99.86,70.06,53.48,41.93,35.13,0.87,6.22,1.44,130.76,18.59,1.97,0.27,1.26,0.88,0.68,0.33,6.05,2,8,32,46,35.68,54.0,8.09,0.03,1.35,0.86,0.0,34.33,45.86,2.6,0.0,5.51,5.509,40.4,43.05,15.47,0.0,0.0,0.0,0.0,1.08,0.0,0.0,0,0.0,0.0,0.0,0.0,0.0,0.0,0.0,0.0,1.31,0.6,0.0,3.71,34.61,58.7,0.0,1.07,1981-01-01,2022-12-31,41.9958932238193,39.06091718001369,6.995,True,-74.18570917950161,10.579762398448384,Magdalena-Cauca,29,1981-01-01,2022-12-31,39.06091718001369,6.994784876140814,365,4,0.0,0.0,22.54072553045859,9.83462928485379,365,PUENTE FERROCARRIL - ARACATACA,ARACATACA,Aracataca,Cga Grande de Santa Marta,Activa,2906,1,29067040,6.337073170731707,0.3422268408646398,True,0,0,,,6,0.9999999999999362,2007.075235138821,2706.786631578948,0.9071081747452442,0,0.6562285510256456,0.35974288733513626,0.48025821863115936,0.9209467169443599,0.7038011607352067,0.2742278554514141,0.8761477535571599,-0.36576830650093495,RR_inestable,1,0.3946720006882945,0.0,0.5679115129900829,0.5772064163003028,0.09999999999999998
21257120,Tolima,546945.6,-8358958.92,1210,1/01/1988,31/12/2019,10686,8.573,175.51,96.42,2.05,0.14,5290,2937.6,1210.0,35.25,0.00012,74.62,33.26,28.1,26.19,15.91,52.98,1.68,11.87,1.42,181.26,15.9,2.96,0.56,2.23,0.65,0.75,0.84,6.63,0,2,10,35,22.51,11.29,65.11,0.08,1.0,0.0,0.0,35.77,6.17,0.0,12.17,0.0,0.0,0.0,14.12,81.47,0.18,0.0,0.0,0.0,0.05,0.0,0.0,0,0.0,0.0,0.0,2.15,0.0,2.02,0.0,0.0,0.0,5.9,0.0,5.36,61.39,27.18,0.17,0.0,1988-01-01,2019-12-31,31.99726214921287,29.256673511293634,8.573,False,-75.08980557163207,4.940194455880277,Magdalena-Cauca,21,1988-01-01,2019-12-31,29.256673511293634,8.572895277207394,365,4,0.0,0.0,20.50924024640657,6.770379589296827,365,PUENTE GATO NEGRO  - AUT,LAGUNILLA,Villahermosa,Río Lagunilla y Otros Directos al Magdalena,En Mantenimiento,2125,0,,1.426910569105691,0.3265930273592451,True,0,0,,,1,1.0000000000000069,2397.5700185589776,1968.330419753087,0.7633491462600298,1,0.623333015533711,0.43532461441771714,0.2848456972918396,0.7393886662405995,0.5678435288470062,0.5244724375307255,6.176305446378439,2.0741969699649676,flatline>5%,1,0.13758606111849248,0.0,0.5396865624281986,0.7451658098171491,0.3033333333333334
21057080,Huila,256284.67,-8456949.22,1299,1/01/1981,31/10/2022,14796,3.161,154.11,85.9,1.95,0.15,3149,2329.46,1301.0,31.61,6.75e-05,67.02,38.21,31.53,28.66,16.34,45.43,1.78,20.42,1.66,239.81,21.95,20.86,4.61,3.08,0.59,0.69,7.7,46.54,0,2,0,3,65.43,0.0,34.55,0.01,0.01,0.0,0.0,24.69,17.2,0.18,0.0,57.93,57.93,64.65,5.23,27.37,0.0,2.75,0.0,0.0,0.0,0.0,0.0,0,0.0,0.0,0.0,0.0,0.0,0.0,0.0,0.0,0.0,4.61,0.0,62.3,30.93,2.15,0.0,0.0,1981-01-01,2022-10-31,41.828884325804246,40.50924024640657,3.161,True,-75.97006741348666,2.317120003453711,Magdalena-Cauca,21,1981-01-01,2022-10-31,40.50924024640657,3.161201649322598,366,1,0.0,0.0,24.511978097193705,1.289966923925023,33,VILLALOSADA,LA PLATA,La Plata,Río Páez,Activa,2105,1,21057120,1.252926829268293,0.31982005348381726,False,0,0,,,2,1.0000000000000382,1959.5718469538247,1634.4316849315069,-0.11585783012696767,2,0.16282962675197243,3.7579117394056265,0.24615467980371453,-0.21915177036129896,0.11274848378080457,4.60496951131861,0.1486888348202217,-7.097636060047322,RR_IMERG>1;fase_IMERG<0.5,2,0.5586658296997267,0.0,0.12461438423554254,0.0,0.9933333333333333
23197290,Santander,794957.25,-8142839.01,613,1/01/1981,26/05/2010,10647,0.847,1284.34,254.52,2.0,0.24,4254,1948.54,604.0,73.78,5.82e-05,70.01,77.68,56.86,45.43,32.01,73.86,2.32,11.0,1.57,185.0,18.07,1.12,0.33,2.45,0.63,0.73,0.37,2.52,0,0,3,12,45.19,14.6,32.1,8.02,0.09,0.0,0.21,41.14,14.27,28.91,0.0,2.1,2.104,42.08,17.44,15.16,3.84,3.0,0.91,0.0,0.05,0.0,0.0,0,0.0,0.0,0.0,0.94,16.58,0.0,0.0,0.0,3.75,3.44,0.0,9.07,27.65,53.51,2.58,0.0,1981-01-01,2010-05-26,29.39630390143737,29.149897330595483,0.847,False,-73.14836738807672,7.170309929826948,Magdalena-Cauca,23,1981-01-01,2010-05-26,29.149897330595483,0.8474576271186418,30,0,0.0,0.0,12.164271047227926,1.898873923603439,30,CAFE MADRID,LEBRIJA,Girón,Río Lebrija y otros directos al Magdalena,Suspendida,2319,3,23197130;23197690;23197700,10.44178861788618,0.31540362271406497,True,2,0,23197700;23197690,0.374;0.174,11,0.9999999999999456,2139.225323039159,1188.323506849315,0.6820454702646298,1,0.4604262867168597,0.1877351257796229,0.253128228889851,0.7581369816316654,0.5335756220296338,0.351155682885883,0.08453085376162299,4.92544912960939,urbano>=2%,1,0.705778045739578,0.0,0.4388562774105179,0.19496694617693977,0.0
35097080,Boyacá,562618.77,-8130126.24,725,1/01/1986,31/12/2022,12192,9.782,697.91,200.04,2.14,0.12,3882,2475.11,715.03,74.97,5.36e-05,69.08,81.21,59.0,46.76,32.92,72.01,1.25,15.14,1.5,193.08,18.33,7.83,1.4,1.54,1.18,0.62,0.75,24.43,5,14,62,110,43.83,21.06,34.96,0.07,0.09,0.0,0.0,0.0,0.0,100.0,0.0,0.0,0.0,34.34,4.4,61.15,0.0,0.0,0.0,0.0,0.11,0.0,0.0,0,0.0,0.0,0.0,0.0,0.0,0.0,0.0,0.0,0.04,1.17,0.0,6.61,53.02,39.15,0.0,0.0,1986-01-01,2022-12-31,36.99657768651608,33.379876796714576,9.782,True,-73.03416663213177,5.081388867816335,Orinoco,35,1986-01-01,2022-12-31,33.379876796714576,9.782447831878049,366,5,0.0,0.0,22.376454483230663,10.491731464242694,366,CEIBAL EL,UPIA,Páez,Río Upía,En Mantenimiento,3509,2,35097010;35097100,5.674065040650406,0.3146647744985675,False,2,0,35097100;35097010,0.653;0.036,6,0.9999999999999338,2283.193952099169,2084.438706766917,0.8211958738795321,1,0.6552669532428881,1.3575144434982374,0.5221293866830606,0.9088512931248233,0.7303067070815125,1.4467233675880404,2.731299212598425,-27.66817872878737,RR_IMERG>1;RR_inestable;escalon>25%,3,0.18014120111074486,0.0,0.5145178968835252,0.0,0.94
24037030,Boyacá,629298.33,-8152053.09,2571,1/01/1981,27/09/2021,14109,5.181,441.18,123.65,1.66,0.26,3852,2965.47,2569.0,41.61,5.15e-05,78.27,52.39,40.99,35.18,21.2,21.19,3.2,17.6,1.73,223.08,19.05,0.5,0.2,1.6,0.82,0.61,0.05,1.7,2,5,47,120,1.9,21.11,71.21,4.74,1.03,0.0,0.0,0.0,0.0,99.85,0.15,0.0,0.0,0.02,0.65,37.47,0.13,46.88,0.0,0.0,1.28,0.0,0.0,0,0.0,0.0,9.43,0.0,4.14,0.0,0.0,0.0,4.27,26.94,0.0,10.24,27.69,29.54,0.11,1.21,1981-01-01,2021-09-27,40.73648186173853,38.62833675564682,5.181,False,-73.23113887700772,5.68172224247434,Magdalena-Cauca,24,1981-01-01,2021-09-27,38.62833675564682,5.181451612903221,365,3,0.0,0.0,21.6290212183436,8.891707992157771,365,EL PALO - AUT,TUTA,Tuta,Río Chicamocha,Activa,2403,3,24037040;24037410;24037580,3.586829268292683,0.301942362008988,True,1,1,24037580,0.342,3,0.9999999999998892,1617.2602802032961,929.6234131274132,0.6295348654446039,1,0.2710044826323896,0.1085731940783847,0.26510952319760456,0.43994573404258736,0.15170222612083079,0.1989513063245407,6.903394996101779,22.927315857495685,RR_IMERG<0.15;flatline>5%,2,0.44923259734111587,0.3333333333333333,0.3046592585903231,0.01905154239641038,0.2929666666666667
24037580,Boyacá,617955.08,-8150058.62,2691,1/03/1991,28/06/2022,10309,9.91,151.06,71.32,1.64,0.27,3793,3090.62,2684.0,23.68,0.000138,77.16,23.25,20.86,20.76,11.46,32.1,2.96,18.07,1.73,226.87,20.33,1.31,0.5,1.21,1.11,0.53,0.15,4.18,9,20,67,68,1.25,23.64,66.63,8.47,0.01,0.0,0.0,0.0,0.0,100.0,0.0,0.0,0.0,0.0,0.0,55.87,0.14,39.37,0.0,0.0,0.03,0.0,0.0,0,0.0,0.0,0.21,0.0,4.38,0.0,0.0,0.0,4.52,29.72,0.0,19.89,19.07,26.8,0.0,0.0,1991-03-01,2022-06-28,31.326488706365502,28.22450376454483,9.91,True,-73.21322224816055,5.579638916584216,Magdalena-Cauca,24,1991-03-01,2022-06-28,28.22450376454483,9.909988639342826,366,2,0.0,0.0,21.678302532511974,7.715617715617718,366,SAN FRANCISCO,RIOGRANDE,Toca,Río Chicamocha,Suspendida,2403,0,,1.2281300813008131,0.2989263328907914,False,0,0,,,1,0.9999999999999627,1601.4745086176217,961.0165447470818,0.5945036670767208,1,0.5508376472002479,0.29037589824931165,0.5612324823714098,0.46726577382302953,0.5401326591388628,0.48196175531307206,4.607624405858958,12.797275017324184,RR_inestable,1,0.06953723983421821,0.0,0.31805356072986546,0.4230575516651369,0.9237999999999998
53047010,Cauca,277339.36,-8648773.03,26,1/01/1988,31/12/2022,11723,8.299,432.18,135.24,1.84,0.13,3884,641.98,31.09,57.05,3.89e-05,61.56,74.4,54.86,44.18,28.42,395.25,0.53,8.27,1.18,133.49,11.82,21.51,1.57,2.09,0.64,0.64,6.87,50.55,0,1,4,10,97.44,0.15,1.3,0.13,0.77,0.21,0.0,0.0,37.04,40.7,0.2,22.06,22.063,9.65,27.45,17.53,0.0,0.8,0.0,0.0,0.66,0.0,0.0,0,0.0,43.91,0.0,0.0,0.0,0.0,0.0,0.0,0.0,7.28,0.0,41.17,17.81,33.08,0.0,0.66,1988-01-01,2022-12-31,34.997946611909654,32.09582477754962,8.299,True,-77.69325001729703,2.5073611166710306,Pacifico,53,1988-01-01,2022-12-31,32.09582477754962,8.299436795994996,365,2,0.0,0.0,22.105407255304584,11.575950060234364,365,SANGARAL,NAPI,Guapi,Río Guapi,Activa,5304,0,,3.513658536585366,0.2968913567234786,True,0,0,,,2,1.0000000000000704,5386.39877596332,4848.958363636364,0.7546922828898208,0,0.5838451956250936,1.4144532164867234,0.1372334026299412,0.5562252031285283,0.4553743910153982,1.5960512166002483,0.0,-11.586218332320096,RR_IMERG>1,1,0.20561022226619677,0.0,0.6899552046277178,0.0,0.4866666666666667
26157020,Caldas,567657.86,-8423678.83,855,1/01/1981,31/12/2014,11570,6.829,1056.19,236.2,2.05,0.17,5316,2518.71,846.0,78.79,7.99e-05,69.74,72.32,53.58,43.37,31.68,73.26,1.5,7.18,1.06,141.09,11.68,2.3,0.41,1.46,0.81,0.64,0.52,6.53,2,3,13,31,39.63,9.13,48.33,2.51,0.41,0.0,0.0,26.65,11.57,1.74,23.12,20.83,20.829,1.48,0.06,81.97,2.09,0.0,0.0,0.0,0.33,0.0,0.0,0,0.13,0.0,0.0,8.9,4.0,1.03,0.0,0.0,1.74,9.1,0.0,16.94,56.92,14.59,0.66,0.05,1981-01-01,2014-12-31,33.9958932238193,31.67693360711841,6.829,False,-75.67119441503048,5.126777748066587,Magdalena-Cauca,26,1981-01-01,2014-12-31,31.67693360711841,6.828796907714607,335,3,0.0,0.0,15.958932238193018,6.120148172008378,312,RETIRO EL,CHINCHINÁ,Palestina,Río Chinchiná,Suspendida,2615,1,26157100,8.586910569105692,0.2763938403546918,True,1,0,26157100,0.291,10,0.9999999999999308,2649.053096682815,2105.0119162303663,0.7391817363650792,1,0.6931196610636537,0.3526021539152563,0.34270513369855715,0.7584676032715741,0.6947781758060072,0.44612305922479245,0.3716508210890233,29.849199091930227,urbano>=2%;RR_inestable;escalon>25%,3,0.27532406001833526,0.0,0.49344842951342344,0.5613381198116806,0.0
21017060,Huila,210683.34,-8504932.78,1686,1/09/1991,31/10/2022,11031,3.101,559.37,150.33,1.79,0.26,4436,3008.06,1683.0,46.59,7.1e-05,57.35,50.5,39.75,34.35,21.74,16.66,1.66,18.19,1.75,211.94,16.69,7.56,1.74,2.01,0.61,0.62,2.27,20.86,2,9,2,10,88.33,7.36,4.09,0.07,0.15,0.0,0.02,28.64,0.0,2.16,49.46,19.7,19.698,43.74,29.27,26.85,0.0,0.0,0.0,0.0,0.14,0.0,0.0,0,0.0,0.0,0.0,0.0,0.0,0.0,0.0,0.0,0.0,4.9,0.0,50.95,35.62,8.37,0.0,0.16,1991-09-01,2022-10-31,31.16495550992471,30.20123203285421,3.101,True,-76.4011110668313,1.9050000384505923,Magdalena-Cauca,21,1991-09-01,2022-10-31,30.20123203285421,3.100843288826427,183,1,0.0,0.0,23.93702943189596,3.605292171995589,183,MAGDALENA LA,MAGDALENA,San Agustín,Alto Magdalena,Activa,2101,0,,4.5477235772357725,0.2648418765373903,True,0,0,,,5,1.00000000000002,2215.9122396166813,1597.1865684210525,-0.33654378857927936,2,-0.0058567081547066715,1.2643836332722564,0.34347686856673665,-0.45490413518380396,-0.04719839093449175,1.7664930244702715,0.15411114132898196,3.157983933704943,RR_IMERG>1;fase_IMERG<0.5;RR_inestable,3,0.5115397484296451,0.0,0.007827757719915994,0.0,0.9
21057110,Cauca,248860.02,-8474585.85,1761,1/01/1994,31/12/2022,10231,3.408,290.95,136.19,2.25,0.13,4672,3018.06,1759.0,46.97,0.000197,61.53,34.34,28.85,26.74,18.02,32.2,1.52,20.07,1.69,222.69,19.38,6.02,1.29,2.77,0.77,0.75,1.85,13.86,0,0,3,20,67.78,14.25,17.89,0.04,0.04,0.0,0.0,33.55,8.63,1.24,40.75,15.84,15.839,37.8,28.13,31.44,0.01,0.0,0.0,0.0,0.16,0.0,0.0,0,2.46,0.0,0.0,0.0,0.0,0.0,0.0,0.0,3.23,0.11,0.0,1.99,42.87,51.63,0.01,0.16,1994-01-01,2022-12-31,28.996577686516083,28.01095140314853,3.408,True,-76.12849995638025,2.2500277756351856,Magdalena-Cauca,21,1994-01-01,2022-12-31,28.01095140314853,3.4082326283987885,179,2,0.0,0.0,24.024640657084188,3.898806264374111,179,TREBOL EL,BEDON,Puracé (Coconuco),Río Páez,Activa,2105,1,21057120,2.3654471544715445,0.26008729953308063,True,1,0,21057120,0.174,3,0.9999999999998561,2003.9302380007834,1700.5373101045293,-0.298582897616106,2,0.018858681968438065,1.0799802669966831,0.4139305960515961,-0.30426679136064655,-0.13138995151190275,1.2735098430154117,0.0,-30.748185126395242,RR_IMERG>1;fase_IMERG<0.5;RR_inestable;escalon>25%,4,0.4592691981323225,0.0,0.0,0.0,0.9684666666666667
21207960,Cundinamarca,493096.76,-8305383.32,387,1/01/1981,28/12/2015,11588,9.327,5420.44,704.35,2.7,0.08,3966,2544.82,379.0,267.12,1.88e-05,75.63,323.03,185.89,114.62,105.46,40.99,2.87,10.65,1.35,180.38,14.53,0.67,0.24,2.09,0.58,0.7,0.13,1.61,0,1,19,21,22.91,5.97,59.01,10.98,1.14,0.0,0.0,0.0,0.0,65.26,0.0,0.0,0.0,64.67,4.06,11.98,7.18,7.43,0.0,0.0,1.48,2.76,0.0,0,0.0,0.0,0.04,0.0,0.41,0.0,0.0,15.69,2.72,25.83,0.0,22.64,19.54,5.81,6.85,0.93,1981-01-01,2015-12-28,34.98699520876112,31.72621492128679,9.327,False,-74.60852776827335,4.454861110906654,Magdalena-Cauca,21,1981-01-01,2015-12-28,31.72621492128679,9.327073552425668,365,1,0.0,0.0,14.811772758384668,17.668543600669608,365,PUENTE PORTILLO,BOGOTÁ,Tocaima,Río Bogotá,Activa,2120,0,,44.068617886178856,0.16066984551207605,True,0,0,,,43,0.9999999999999373,1874.0585984573436,1035.0437349397591,0.7806885542411276,1,0.5179988325648813,0.14944694931038743,0.5663306125682246,0.8122750830268115,0.48549985603820744,0.3002001524692855,0.20711080428028997,12.398080945936462,urbano>=2%;RR_IMERG<0.15;RR_inestable,3,0.16203332110335902,0.0,0.41471679519776206,0.10988210957863864,0.0
21247050,Tolima,519409.28,-8344301.85,522,1/01/1981,13/11/2008,9863,3.104,414.93,173.97,2.41,0.08,5244,3040.33,519.0,70.79,0.000123,75.76,56.41,43.58,36.91,26.91,46.48,1.67,10.64,1.36,177.89,14.68,1.73,0.39,1.8,0.5,0.76,0.58,4.1,1,3,2,17,20.68,35.17,43.89,0.1,0.15,0.0,0.0,17.27,58.93,0.0,7.29,0.0,0.0,13.43,1.98,79.33,0.02,0.0,0.0,0.0,0.11,0.0,0.0,0,0.0,0.0,0.0,3.77,0.0,1.36,0.0,0.0,0.44,0.0,0.0,3.3,37.95,58.24,0.04,0.03,1981-01-01,2008-11-13,27.86584531143053,27.00342231348392,3.104,False,-74.95813887161798,4.692055549830439,Magdalena-Cauca,21,1981-01-01,2008-11-13,27.00342231348392,3.104430690637583,60,0,0.0,0.0,10.0041067761807,7.959697732997483,60,BOCATOMA,TOTARE RIO,Venadillo,Río Totare,Suspendida,2124,0,,3.3734146341463416,,True,0,0,,,3,1.0000000000000253,2225.3848937928465,1638.9799646017698,0.5462921811061475,1,0.45274968394437426,0.30422553362875315,,0.6275302292835293,0.4525001663450663,0.4052633958780927,7.7258440636723105,16.068095327941823,flatline>5%,1,0.555726184169386,0.0,,0.45383451917500695,0.891
54027030,Choco,539438.6,-8556517.0,45,1/01/1981,24/11/2008,9270,9.028,5297.91,672.58,2.61,0.13,4110,909.1,35.03,200.02,1.88e-05,62.69,258.89,154.65,99.28,84.71,272.52,0.64,1.89,0.71,54.5,6.0,16.68,1.29,2.34,0.47,0.75,7.36,30.77,0,0,1,6,90.88,0.2,7.23,1.24,0.43,0.03,0.47,0.0,5.89,66.0,5.54,15.4,15.404,77.26,5.05,16.48,0.06,0.0,0.0,0.0,0.98,0.0,0.0,0,0.17,0.0,0.0,0.0,0.0,0.0,0.0,0.0,0.0,8.15,0.0,13.66,65.18,12.3,0.0,0.7,1981-01-01,2008-11-24,27.89596167008898,25.37987679671458,9.028,False,-76.86449999928514,4.872555522880101,Pacifico,54,1981-01-01,2008-11-24,25.37987679671458,9.02845927379784,312,3,0.0,0.0,9.00205338809035,17.4076865109269,312,SALADO EL,SAN JUAN,Medio San Juan,Río Tamaná y otros Directos San Juan,En Mantenimiento,5402,0,,43.07243902439024,,True,1,0,54017040,0.338,44,0.9999999999999427,5112.6213557346755,4886.162423076923,0.6009837153340607,0,0.5197055371812653,1.144368579077245,,0.6854437059472603,0.5067000960204845,1.2754693109236164,0.0,8.208094981111868,RR_IMERG>1,1,0.08928760485777525,0.0,,0.0,0.6919333333333334
26177010,Caldas,603876.79,-8421693.64,1187,1/01/1981,31/12/2010,9906,9.592,149.07,81.29,1.88,0.3,3301,2055.93,1185.0,22.33,0.000161,70.69,20.94,19.13,19.4,10.65,136.8,1.36,5.76,1.14,141.83,12.76,4.74,0.74,1.59,0.84,0.67,1.15,11.82,1,2,10,41,33.8,0.0,65.52,0.57,0.12,0.0,5.01,0.0,0.0,33.87,0.0,61.12,61.122,1.16,1.08,67.99,0.79,0.0,0.0,0.0,0.0,0.0,0.0,0,0.0,0.0,0.0,5.9,23.08,0.0,0.0,0.0,0.17,11.92,0.0,25.43,56.58,5.9,0.0,0.0,1981-01-01,2010-12-31,29.9958932238193,27.1211498973306,9.592,False,-75.65336114984167,5.452916652131692,Magdalena-Cauca,26,1981-01-01,2010-12-31,27.1211498973306,9.592041617230995,365,3,0.0,0.0,10.573579739904176,18.66048862679023,365,PUENTE CARRETERA,SUPÍA,Supia,Río Frío y Otros Directos al Cauca,Suspendida,2617,0,,1.211951219512195,,True,0,0,,,1,0.9999999999999851,3460.3561825894435,2532.6263606557377,0.7964435824853136,1,0.5580610730914245,0.4324409400895992,,0.7253491914005183,0.532636532163994,0.6300400033817785,4.058146577831617,-1.8761788869678324,,0,0.05794927657725104,0.0,,0.7387576446435538,0.5566
