serie,referencia,periodo,acumulado_serie,acumulado_referencia
PL · Pueblo Viejo,promedio de los demás pluviómetros,1998-01,50.0,68.83333333333333
PL · Pueblo Viejo,promedio de los demás pluviómetros,1998-02,109.0,204.71666666666664
PL · Pueblo Viejo,promedio de los demás pluviómetros,1998-03,263.0,445.2333333333333
PL · Pueblo Viejo,promedio de los demás pluviómetros,1998-04,360.0,741.4833333333333
PL · Pueblo Viejo,promedio de los demás pluviómetros,1998-05,481.0,1035.35
PL · Pueblo Viejo,promedio de los demás pluviómetros,1998-06,545.0,1169.2666666666667
PL · Pueblo Viejo,promedio de los demás pluviómetros,1998-07,619.0,1351.2666666666667
PL · Pueblo Viejo,promedio de los demás pluviómetros,1998-08,717.0,1568.05
PL · Pueblo Viejo,promedio de los demás pluviómetros,1998-09,865.0,1799.55
PL · Pueblo Viejo,promedio de los demás pluviómetros,1998-10,1000.0,2220.233333333333
PL · Pueblo Viejo,promedio de los demás pluviómetros,1998-11,1156.0,2462.75
PL · Pueblo Viejo,promedio de los demás pluviómetros,1998-12,1344.0,2715.2
PL · Pueblo Viejo,promedio de los demás pluviómetros,1999-01,1421.0,2921.4666666666667
PL · Pueblo Viejo,promedio de los demás pluviómetros,1999-02,1521.0,3276.4333333333334
PL · Pueblo Viejo,promedio de los demás pluviómetros,1999-03,1630.0,3533.4666666666667
PL · Pueblo Viejo,promedio de los demás pluviómetros,1999-04,1732.0,3823.616666666667
PL · Pueblo Viejo,promedio de los demás pluviómetros,1999-05,1818.0,4060.7833333333333
PL · Pueblo Viejo,promedio de los demás pluviómetros,1999-06,1930.0,4336.416666666667
PL · Pueblo Viejo,promedio de los demás pluviómetros,1999-08,2043.0,4554.533333333334
PL · Pueblo Viejo,promedio de los demás pluviómetros,1999-11,2139.0,4865.033333333334
PL · Pueblo Viejo,promedio de los demás pluviómetros,1999-12,2204.0,5086.716666666667
PL · Pueblo Viejo,promedio de los demás pluviómetros,2000-01,2236.0,5202.633333333334
PL · Pueblo Viejo,promedio de los demás pluviómetros,2000-02,2258.0,5429.866666666668
PL · Pueblo Viejo,promedio de los demás pluviómetros,2000-03,2300.0,5619.100000000001
PL · Pueblo Viejo,promedio de los demás pluviómetros,2000-04,2341.0,5916.7333333333345
PL · Pueblo Viejo,promedio de los demás pluviómetros,2000-05,2412.0,6131.2333333333345
PL · Pueblo Viejo,promedio de los demás pluviómetros,2000-06,2494.0,6364.116666666668
PL · Pueblo Viejo,promedio de los demás pluviómetros,2000-07,2529.0,6547.633333333334
PL · Pueblo Viejo,promedio de los demás pluviómetros,2000-08,2563.0,6687.183333333334
PL · Pueblo Viejo,promedio de los demás pluviómetros,2000-09,2608.0,6966.1500000000015
PL · Pueblo Viejo,promedio de los demás pluviómetros,2000-10,2674.0,7205.500000000002
PL · Pueblo Viejo,promedio de los demás pluviómetros,2000-11,2735.0,7426.983333333335
PL · Pueblo Viejo,promedio de los demás pluviómetros,2000-12,2790.0,7525.633333333335
PL · Pueblo Viejo,promedio de los demás pluviómetros,2001-01,2839.0,7626.393333333335
PL · Pueblo Viejo,promedio de los demás pluviómetros,2001-02,2850.0,7729.960000000002
PL · Pueblo Viejo,promedio de los demás pluviómetros,2001-03,2944.0,7973.976666666668
PL · Pueblo Viejo,promedio de los demás pluviómetros,2001-04,3035.0,8171.210000000002
PL · Pueblo Viejo,promedio de los demás pluviómetros,2001-05,3102.0,8446.070000000002
PL · Pueblo Viejo,promedio de los demás pluviómetros,2001-06,3158.0,8590.636666666669
PL · Pueblo Viejo,promedio de los demás pluviómetros,2001-07,3182.0,8745.136666666669
PL · Pueblo Viejo,promedio de los demás pluviómetros,2001-08,3184.0,8869.386666666669
PL · Pueblo Viejo,promedio de los demás pluviómetros,2001-09,3228.0,9086.703333333337
PL · Pueblo Viejo,promedio de los demás pluviómetros,2001-10,3271.0,9408.136666666669
PL · Pueblo Viejo,promedio de los demás pluviómetros,2001-11,3308.0,9659.83666666667
PL · Pueblo Viejo,promedio de los demás pluviómetros,2001-12,3358.0,9878.23666666667
PL · Pueblo Viejo,promedio de los demás pluviómetros,2002-01,3360.0,9940.503333333336
PL · Pueblo Viejo,promedio de los demás pluviómetros,2002-02,3362.0,10013.286666666669
PL · Pueblo Viejo,promedio de los demás pluviómetros,2002-03,3389.0,10242.686666666668
PL · Pueblo Viejo,promedio de los demás pluviómetros,2002-04,3482.0,10632.320000000002
PL · Pueblo Viejo,promedio de los demás pluviómetros,2002-05,3548.0,10891.686666666668
PL · Pueblo Viejo,promedio de los demás pluviómetros,2002-06,3671.0,11074.12
PL · Pueblo Viejo,promedio de los demás pluviómetros,2002-07,3706.0,11183.486666666668
PL · Pueblo Viejo,promedio de los demás pluviómetros,2002-08,3725.0,11353.436666666668
PL · Pueblo Viejo,promedio de los demás pluviómetros,2002-09,3746.0,11561.653333333335
PL · Pueblo Viejo,promedio de los demás pluviómetros,2002-10,3832.0,11803.536666666669
PL · Pueblo Viejo,promedio de los demás pluviómetros,2002-11,3889.0,12015.73666666667
PL · Pueblo Viejo,promedio de los demás pluviómetros,2002-12,3924.0,12213.93666666667
PL · Pueblo Viejo,promedio de los demás pluviómetros,2003-02,3961.0,12327.77666666667
PL · Pueblo Viejo,promedio de los demás pluviómetros,2003-03,3995.0,12539.860000000004
PL · Pueblo Viejo,promedio de los demás pluviómetros,2003-04,4058.0,12900.476666666671
PL · Pueblo Viejo,promedio de los demás pluviómetros,2003-05,4116.0,13176.826666666671
PL · Pueblo Viejo,promedio de los demás pluviómetros,2003-06,4149.0,13395.843333333338
PL · Pueblo Viejo,promedio de los demás pluviómetros,2003-07,4186.0,13535.343333333338
PL · Pueblo Viejo,promedio de los demás pluviómetros,2003-09,4212.0,13806.37666666667
PL · Pueblo Viejo,promedio de los demás pluviómetros,2003-10,4273.0,14200.793333333337
PL · Pueblo Viejo,promedio de los demás pluviómetros,2003-12,4300.0,14339.343333333336
PL · Pueblo Viejo,promedio de los demás pluviómetros,2004-01,4311.0,14474.323333333336
PL · Pueblo Viejo,promedio de los demás pluviómetros,2004-02,4320.0,14592.90666666667
PL · Pueblo Viejo,promedio de los demás pluviómetros,2004-03,4345.0,14771.873333333337
PL · Pueblo Viejo,promedio de los demás pluviómetros,2004-05,4365.0,15159.040000000003
PL · Pueblo Viejo,promedio de los demás pluviómetros,2004-06,4415.0,15287.623333333337
PL · Pueblo Viejo,promedio de los demás pluviómetros,2004-07,4436.0,15456.373333333337
PL · Pueblo Viejo,promedio de los demás pluviómetros,2004-08,4448.0,15571.490000000003
PL · Pueblo Viejo,promedio de los demás pluviómetros,2004-09,4461.0,15850.45666666667
PL · Pueblo Viejo,promedio de los demás pluviómetros,2004-10,4526.0,16160.996666666671
PL · Pueblo Viejo,promedio de los demás pluviómetros,2004-11,4676.0,16443.37666666667
PL · Pueblo Viejo,promedio de los demás pluviómetros,2004-12,4882.0,16570.776666666672
PL · Pueblo Viejo,promedio de los demás pluviómetros,2005-01,5043.0,16785.226666666673
PL · Pueblo Viejo,promedio de los demás pluviómetros,2005-03,5200.0,16916.860000000008
PL · Pueblo Viejo,promedio de los demás pluviómetros,2005-04,5452.0,17219.360000000008
PL · Pueblo Viejo,promedio de los demás pluviómetros,2005-05,5712.0,17472.10000000001
PL · Pueblo Viejo,promedio de los demás pluviómetros,2005-06,5801.0,17651.116666666676
PL · Pueblo Viejo,promedio de los demás pluviómetros,2005-08,5922.0,17795.700000000008
PL · Pueblo Viejo,promedio de los demás pluviómetros,2005-10,6181.0,18192.88000000001
PL · Pueblo Viejo,promedio de los demás pluviómetros,2005-11,6389.0,18516.58000000001
PL · Pueblo Viejo,promedio de los demás pluviómetros,2005-12,6460.0,18638.08000000001
PL · Pueblo Viejo,promedio de los demás pluviómetros,2006-01,6548.0,18757.746666666677
PL · Pueblo Viejo,promedio de los demás pluviómetros,2006-02,6593.0,18826.130000000012
PL · Pueblo Viejo,promedio de los demás pluviómetros,2006-03,6753.0,19149.98000000001
PL · Pueblo Viejo,promedio de los demás pluviómetros,2006-04,7094.0,19507.43000000001
PL · Pueblo Viejo,promedio de los demás pluviómetros,2007-12,7329.0,19718.990000000013
PL · Pueblo Viejo,promedio de los demás pluviómetros,2008-01,7529.0,19825.170000000013
PL · Pueblo Viejo,promedio de los demás pluviómetros,2008-02,7707.0,19953.970000000012
PL · Pueblo Viejo,promedio de los demás pluviómetros,2008-03,7915.0,20138.18666666668
PL · Pueblo Viejo,promedio de los demás pluviómetros,2008-04,8140.0,20380.120000000014
PL · Pueblo Viejo,promedio de los demás pluviómetros,2008-05,8441.0,20715.28666666668
PL · Pueblo Viejo,promedio de los demás pluviómetros,2008-06,8645.0,20923.70333333335
PL · Pueblo Viejo,promedio de los demás pluviómetros,2008-07,8768.0,21133.470000000016
PL · Pueblo Viejo,promedio de los demás pluviómetros,2008-08,8950.0,21398.736666666682
PL · Pueblo Viejo,promedio de los demás pluviómetros,2008-09,9227.0,21629.870000000017
PL · Pueblo Viejo,promedio de los demás pluviómetros,2008-10,9437.0,21942.036666666685
PL · Pueblo Viejo,promedio de los demás pluviómetros,2008-11,9623.0,22253.27000000002
PL · Pueblo Viejo,promedio de los demás pluviómetros,2008-12,9686.0,22352.52000000002
PL · Pueblo Viejo,promedio de los demás pluviómetros,2009-01,9830.0,22506.570000000018
PL · Pueblo Viejo,promedio de los demás pluviómetros,2009-02,10007.0,22721.620000000017
PL · Pueblo Viejo,promedio de los demás pluviómetros,2009-03,10302.0,23050.320000000018
PL · Pueblo Viejo,promedio de los demás pluviómetros,2009-04,10483.0,23294.47000000002
PL · Pueblo Viejo,promedio de los demás pluviómetros,2009-05,10657.0,23465.736666666686
PL · Pueblo Viejo,promedio de los demás pluviómetros,2009-06,10779.0,23640.736666666686
PL · Pueblo Viejo,promedio de los demás pluviómetros,2009-07,10828.0,23741.856666666685
PL · Pueblo Viejo,promedio de los demás pluviómetros,2009-08,10948.0,24016.556666666685
PL · Pueblo Viejo,promedio de los demás pluviómetros,2009-09,11039.0,24129.59000000002
PL · Pueblo Viejo,promedio de los demás pluviómetros,2009-10,11231.0,24349.356666666685
PL · Pueblo Viejo,promedio de los demás pluviómetros,2009-11,11423.0,24554.806666666685
PL · Pueblo Viejo,promedio de los demás pluviómetros,2009-12,11497.0,24679.723333333353
PL · Pueblo Viejo,promedio de los demás pluviómetros,2010-01,11552.0,24753.623333333355
PL · Pueblo Viejo,promedio de los demás pluviómetros,2010-02,11642.0,24839.64000000002
PL · Pueblo Viejo,promedio de los demás pluviómetros,2010-03,11755.0,25029.323333333356
PL · Pueblo Viejo,promedio de los demás pluviómetros,2010-04,11959.0,25304.39000000002
PL · Pueblo Viejo,promedio de los demás pluviómetros,2010-05,12265.0,25602.423333333354
PL · Pueblo Viejo,promedio de los demás pluviómetros,2010-06,12503.0,25882.073333333356
PL · Pueblo Viejo,promedio de los demás pluviómetros,2010-07,12747.0,26203.340000000022
PL · Pueblo Viejo,promedio de los demás pluviómetros,2010-08,12902.0,26436.00666666669
PL · Pueblo Viejo,promedio de los demás pluviómetros,2010-09,13176.0,26772.80666666669
PL · Pueblo Viejo,promedio de los demás pluviómetros,2010-10,13584.0,27081.940000000024
PL · Pueblo Viejo,promedio de los demás pluviómetros,2010-11,13887.0,27417.82333333336
PL · Pueblo Viejo,promedio de los demás pluviómetros,2010-12,14026.0,27547.990000000027
PL · Pueblo Viejo,promedio de los demás pluviómetros,2011-01,14056.0,27637.206666666694
PL · Pueblo Viejo,promedio de los demás pluviómetros,2011-02,14235.0,27817.67333333336
PL · Pueblo Viejo,promedio de los demás pluviómetros,2011-03,14513.0,28151.940000000028
PL · Pueblo Viejo,promedio de los demás pluviómetros,2011-04,14921.0,28604.420000000027
PL · Pueblo Viejo,promedio de los demás pluviómetros,2011-05,15200.0,28909.270000000026
PL · Pueblo Viejo,promedio de los demás pluviómetros,2011-06,15360.0,29087.603333333358
PL · Pueblo Viejo,promedio de los demás pluviómetros,2011-07,15441.0,29217.420000000024
PL · Pueblo Viejo,promedio de los demás pluviómetros,2011-08,15614.0,29447.700000000023
PL · Pueblo Viejo,promedio de los demás pluviómetros,2011-09,15768.0,29640.883333333357
PL · Pueblo Viejo,promedio de los demás pluviómetros,2011-10,16103.0,30001.96333333336
PL · Pueblo Viejo,promedio de los demás pluviómetros,2011-11,16389.0,30345.98833333336
PL · Pueblo Viejo,promedio de los demás pluviómetros,2011-12,16532.0,30588.60833333336
PL · Pueblo Viejo,promedio de los demás pluviómetros,2012-01,16653.0,30753.991666666694
PL · Pueblo Viejo,promedio de los demás pluviómetros,2012-02,16720.0,30820.158333333362
PL · Pueblo Viejo,promedio de los demás pluviómetros,2012-03,16961.0,31102.95833333336
PL · Pueblo Viejo,promedio de los demás pluviómetros,2012-04,17458.0,31499.025000000027
PL · Pueblo Viejo,promedio de los demás pluviómetros,2012-05,17629.1,31750.991666666694
PL · Pueblo Viejo,promedio de los demás pluviómetros,2012-06,17779.1,31881.975000000028
PL · Pueblo Viejo,promedio de los demás pluviómetros,2012-07,17902.1,31994.30833333336
PL · Pueblo Viejo,promedio de los demás pluviómetros,2012-08,18071.1,32191.075000000026
PL · Pueblo Viejo,promedio de los demás pluviómetros,2012-09,18235.1,32339.291666666693
PL · Pueblo Viejo,promedio de los demás pluviómetros,2012-10,18508.1,32642.391666666692
PL · Pueblo Viejo,promedio de los demás pluviómetros,2012-11,18687.1,32795.37500000002
PL · Pueblo Viejo,promedio de los demás pluviómetros,2012-12,18776.1,32905.97500000002
PL · Pueblo Viejo,promedio de los demás pluviómetros,2013-01,18793.1,32954.10833333335
PL · Pueblo Viejo,promedio de los demás pluviómetros,2013-02,18980.1,33187.12500000002
PL · Pueblo Viejo,promedio de los demás pluviómetros,2013-03,19255.1,33420.00833333335
PL · Pueblo Viejo,promedio de los demás pluviómetros,2013-04,19528.1,33742.95833333335
PL · Pueblo Viejo,promedio de los demás pluviómetros,2013-05,19740.1,34090.57500000002
PL · Pueblo Viejo,promedio de los demás pluviómetros,2013-06,19795.1,34187.74166666668
PL · Pueblo Viejo,promedio de los demás pluviómetros,2013-08,19945.1,34389.961666666684
PL · Pueblo Viejo,promedio de los demás pluviómetros,2013-09,20086.1,34537.76166666669
PL · Pueblo Viejo,promedio de los demás pluviómetros,2013-12,20163.1,34726.461666666684
PL · Pueblo Viejo,promedio de los demás pluviómetros,2014-01,20303.1,34833.01166666669
PL · Pueblo Viejo,promedio de los demás pluviómetros,2014-02,20520.1,35059.29500000002
PL · Pueblo Viejo,promedio de los demás pluviómetros,2014-03,20735.1,35284.79500000002
PL · Pueblo Viejo,promedio de los demás pluviómetros,2014-04,20938.1,35563.16166666669
PL · Pueblo Viejo,promedio de los demás pluviómetros,2014-05,21121.1,35828.111666666686
PL · Pueblo Viejo,promedio de los demás pluviómetros,2014-06,21133.1,35933.02833333335
PL · Pueblo Viejo,promedio de los demás pluviómetros,2014-07,21146.1,36050.47833333335
PL · Pueblo Viejo,promedio de los demás pluviómetros,2014-08,21196.1,36205.81166666668
PL · Pueblo Viejo,promedio de los demás pluviómetros,2014-09,21301.1,36386.79500000001
PL · Pueblo Viejo,promedio de los demás pluviómetros,2014-10,21479.1,36677.16166666668
PL · Pueblo Viejo,promedio de los demás pluviómetros,2014-11,21640.1,36987.67833333335
PL · Pueblo Viejo,promedio de los demás pluviómetros,2014-12,21723.1,37116.19500000002
PL · Pueblo Viejo,promedio de los demás pluviómetros,2015-01,21804.1,37229.51166666669
PL · Pueblo Viejo,promedio de los demás pluviómetros,2015-02,21895.1,37376.711666666684
PL · Pueblo Viejo,promedio de los demás pluviómetros,2015-03,22086.1,37676.595000000016
PL · Pueblo Viejo,promedio de los demás pluviómetros,2015-04,22351.1,38056.945000000014
PL · Pueblo Viejo,promedio de los demás pluviómetros,2015-05,22427.0,38203.078333333346
PL · Pueblo Viejo,promedio de los demás pluviómetros,2015-06,22428.4,38265.828333333346
PL · Pueblo Viejo,promedio de los demás pluviómetros,2015-07,22477.4,38393.52833333334
PL · Pueblo Viejo,promedio de los demás pluviómetros,2015-08,22556.600000000002,38593.86833333334
PL · Pueblo Viejo,promedio de los demás pluviómetros,2015-09,22610.000000000004,38750.708333333336
PL · Pueblo Viejo,promedio de los demás pluviómetros,2015-10,22817.800000000003,39013.808333333334
PL · Pueblo Viejo,promedio de los demás pluviómetros,2015-11,22961.600000000002,39186.208333333336
PL · Pueblo Viejo,promedio de los demás pluviómetros,2015-12,22996.7,39282.128333333334
PL · Pueblo Viejo,promedio de los demás pluviómetros,2016-01,23034.8,39317.45333333333
PL · Pueblo Viejo,promedio de los demás pluviómetros,2016-02,23149.399999999998,39362.503333333334
PL · Pueblo Viejo,promedio de los demás pluviómetros,2016-03,23278.199999999997,39507.528333333335
PL · Pueblo Viejo,promedio de los demás pluviómetros,2016-04,23505.299999999996,39786.16166666667
PL · Pueblo Viejo,promedio de los demás pluviómetros,2016-05,23663.199999999997,40077.31166666667
PL · Pueblo Viejo,promedio de los demás pluviómetros,2016-06,23691.1,40223.136666666665
PL · Pueblo Viejo,promedio de los demás pluviómetros,2016-07,23735.8,40398.91166666667
PL · Pueblo Viejo,promedio de los demás pluviómetros,2016-08,23817.899999999998,40578.761666666665
PL · Pueblo Viejo,promedio de los demás pluviómetros,2016-09,23923.3,40778.71166666666
PL · Pueblo Viejo,promedio de los demás pluviómetros,2016-10,24171.2,41063.78666666666
PL · Pueblo Viejo,promedio de los demás pluviómetros,2016-11,24490.5,41327.06166666666
PL · Pueblo Viejo,promedio de los demás pluviómetros,2016-12,24595.9,41509.03666666666
PL · Pueblo Viejo,promedio de los demás pluviómetros,2017-01,24640.600000000002,41596.23666666666
PL · Pueblo Viejo,promedio de los demás pluviómetros,2017-02,24683.600000000002,41665.63666666666
PL · Pueblo Viejo,promedio de los demás pluviómetros,2017-04,24916.600000000002,41975.376666666656
PL · Pueblo Viejo,promedio de los demás pluviómetros,2017-05,25166.600000000002,42304.336666666655
PL · Pueblo Viejo,promedio de los demás pluviómetros,2017-06,25394.600000000002,42574.376666666656
PL · Pueblo Viejo,promedio de los demás pluviómetros,2017-07,25465.600000000002,42749.77666666666
PL · Pueblo Viejo,promedio de los demás pluviómetros,2017-08,25570.600000000002,42915.81666666666
PL · Pueblo Viejo,promedio de los demás pluviómetros,2017-09,25693.600000000002,43113.016666666656
PL · Pueblo Viejo,promedio de los demás pluviómetros,2017-10,25818.600000000002,43358.59666666666
PL · Pueblo Viejo,promedio de los demás pluviómetros,2017-11,25938.600000000002,43624.656666666655
PL · Pueblo Viejo,promedio de los demás pluviómetros,2017-12,26046.600000000002,43748.35666666665
PL · Pueblo Viejo,promedio de los demás pluviómetros,2018-01,26171.600000000002,43908.296666666654
PL · Pueblo Viejo,promedio de los demás pluviómetros,2018-02,26247.600000000002,43978.476666666655
PL · Pueblo Viejo,promedio de los demás pluviómetros,2018-03,26508.600000000002,44255.976666666655
PL · Pueblo Viejo,promedio de los demás pluviómetros,2018-04,26705.600000000002,44566.85666666665
PL · Pueblo Viejo,promedio de los demás pluviómetros,2018-05,26962.600000000002,44897.45666666665
PL · Pueblo Viejo,promedio de los demás pluviómetros,2018-06,27029.600000000002,45053.59666666665
PL · Pueblo Viejo,promedio de los demás pluviómetros,2018-07,27116.600000000002,45224.57666666665
PL · Pueblo Viejo,promedio de los demás pluviómetros,2018-08,27202.600000000002,45352.71666666665
PL · Pueblo Viejo,promedio de los demás pluviómetros,2018-09,27390.600000000002,45542.876666666656
PL · Pueblo Viejo,promedio de los demás pluviómetros,2018-10,27649.600000000002,45929.73666666666
PL · Pueblo Viejo,promedio de los demás pluviómetros,2018-11,27835.600000000002,46140.696666666656
PL · Pueblo Viejo,promedio de los demás pluviómetros,2018-12,27868.600000000002,46220.49666666666
PL · Pueblo Viejo,promedio de los demás pluviómetros,2019-01,27931.600000000002,46312.59666666666
PL · Pueblo Viejo,promedio de los demás pluviómetros,2019-02,28107.600000000002,46546.11333333333
PL · Pueblo Viejo,promedio de los demás pluviómetros,2019-03,28418.600000000002,46868.66333333333
PL · Pueblo Viejo,promedio de los demás pluviómetros,2019-04,28651.600000000002,47189.096666666665
PL · Pueblo Viejo,promedio de los demás pluviómetros,2019-05,28888.600000000002,47486.496666666666
PL · Pueblo Viejo,promedio de los demás pluviómetros,2019-06,28924.600000000002,47578.06333333333
PL · Pueblo Viejo,promedio de los demás pluviómetros,2019-07,28991.600000000002,47724.31333333333
PL · Pueblo Viejo,promedio de los demás pluviómetros,2019-08,29023.600000000002,47848.91333333333
PL · Pueblo Viejo,promedio de los demás pluviómetros,2019-09,29206.600000000002,48067.46333333333
PL · Pueblo Viejo,promedio de los demás pluviómetros,2019-10,29322.600000000002,48315.41333333333
PL · Pueblo Viejo,promedio de los demás pluviómetros,2019-11,29479.600000000002,48520.496666666666
PL · Pueblo Viejo,promedio de los demás pluviómetros,2019-12,29573.600000000002,48680.79666666667
PL · Pueblo Viejo,promedio de los demás pluviómetros,2020-01,29640.600000000002,48750.46333333333
PL · Pueblo Viejo,promedio de los demás pluviómetros,2020-03,29844.600000000002,48998.06333333333
PL · Pueblo Viejo,promedio de los demás pluviómetros,2020-04,30027.600000000002,49233.76333333333
PL · Pueblo Viejo,promedio de los demás pluviómetros,2020-05,30164.600000000002,49459.829999999994
PL · Pueblo Viejo,promedio de los demás pluviómetros,2020-06,30285.600000000002,49698.89666666666
PL · Pueblo Viejo,promedio de los demás pluviómetros,2020-07,30339.600000000002,49890.829999999994
PL · Pueblo Viejo,promedio de los demás pluviómetros,2020-08,30395.600000000002,50095.479999999996
PL · Pueblo Viejo,promedio de los demás pluviómetros,2020-09,30474.600000000002,50304.03
PL · Pueblo Viejo,promedio de los demás pluviómetros,2020-10,30659.600000000002,50598.44666666666
PL · Pueblo Viejo,promedio de los demás pluviómetros,2020-11,30881.600000000002,50976.94666666666
PL · Pueblo Viejo,promedio de los demás pluviómetros,2020-12,30929.600000000002,51124.846666666665
PL · Pueblo Viejo,promedio de los demás pluviómetros,2021-01,30947.600000000002,51156.78
PL · Pueblo Viejo,promedio de los demás pluviómetros,2021-02,31078.600000000002,51296.346666666665
PL · Pueblo Viejo,promedio de los demás pluviómetros,2021-03,31414.600000000002,51605.496666666666
PL · Pueblo Viejo,promedio de los demás pluviómetros,2021-04,31655.600000000002,51846.39666666667
PL · Pueblo Viejo,promedio de los demás pluviómetros,2021-05,31978.600000000002,52146.43
PL · Pueblo Viejo,promedio de los demás pluviómetros,2021-06,32077.600000000002,52308.513333333336
PL · Pueblo Viejo,promedio de los demás pluviómetros,2021-07,32126.600000000002,52485.54666666667
PL · Pueblo Viejo,promedio de los demás pluviómetros,2021-08,32261.600000000002,52723.68
PL · Pueblo Viejo,promedio de los demás pluviómetros,2021-09,32357.600000000002,52995.263333333336
PL · Pueblo Viejo,promedio de los demás pluviómetros,2021-10,32575.600000000002,53279.18
PL · Pueblo Viejo,promedio de los demás pluviómetros,2021-11,32747.600000000002,53475.94666666667
PL · Pueblo Viejo,promedio de los demás pluviómetros,2021-12,32800.600000000006,53596.49666666667
PL · Pueblo Viejo,promedio de los demás pluviómetros,2022-01,32818.600000000006,53655.37666666667
PL · Pueblo Viejo,promedio de los demás pluviómetros,2022-02,32961.600000000006,53819.71000000001
PL · Pueblo Viejo,promedio de los demás pluviómetros,2022-03,33206.600000000006,54169.59333333334
PL · Pueblo Viejo,promedio de los demás pluviómetros,2022-04,33411.600000000006,54458.39333333334
PL · Pueblo Viejo,promedio de los demás pluviómetros,2022-05,33569.600000000006,54755.11000000001
PL · Pueblo Viejo,promedio de los demás pluviómetros,2022-06,33783.600000000006,55107.826666666675
PL · Pueblo Viejo,promedio de los demás pluviómetros,2022-07,33888.600000000006,55264.37666666668
PL · Pueblo Viejo,promedio de los demás pluviómetros,2022-08,34020.600000000006,55490.826666666675
PL · Pueblo Viejo,promedio de los demás pluviómetros,2022-09,34308.600000000006,55816.62666666668
PL · Pueblo Viejo,promedio de los demás pluviómetros,2022-10,34615.600000000006,56160.67666666668
PL · Pueblo Viejo,promedio de los demás pluviómetros,2022-11,34863.600000000006,56516.52666666668
PL · Pueblo Viejo,promedio de los demás pluviómetros,2022-12,34941.600000000006,56653.96666666668
PL · Coromoro,promedio de los demás pluviómetros (sin Pueblo Viejo),1998-01,91.0,64.4
PL · Coromoro,promedio de los demás pluviómetros (sin Pueblo Viejo),1998-02,305.0,184.66
PL · Coromoro,promedio de los demás pluviómetros (sin Pueblo Viejo),1998-03,632.0,407.88
PL · Coromoro,promedio de los demás pluviómetros (sin Pueblo Viejo),1998-04,1072.0,675.38
PL · Coromoro,promedio de los demás pluviómetros (sin Pueblo Viejo),1998-05,1502.0,942.02
PL · Coromoro,promedio de los demás pluviómetros (sin Pueblo Viejo),1998-06,1566.0,1089.92
PL · Coromoro,promedio de los demás pluviómetros (sin Pueblo Viejo),1998-07,1718.0,1277.92
PL · Coromoro,promedio de los demás pluviómetros (sin Pueblo Viejo),1998-08,1914.0,1498.8600000000001
PL · Coromoro,promedio de los demás pluviómetros (sin Pueblo Viejo),1998-09,2135.0,1732.46
PL · Coromoro,promedio de los demás pluviómetros (sin Pueblo Viejo),1998-10,2651.0,2134.08
PL · Coromoro,promedio de los demás pluviómetros (sin Pueblo Viejo),1998-11,2948.0,2365.7
PL · Coromoro,promedio de los demás pluviómetros (sin Pueblo Viejo),1998-12,3195.0,2619.24
PL · Coromoro,promedio de los demás pluviómetros (sin Pueblo Viejo),1999-01,3469.0,2811.9599999999996
PL · Coromoro,promedio de los demás pluviómetros (sin Pueblo Viejo),1999-02,3798.0,3172.1199999999994
PL · Coromoro,promedio de los demás pluviómetros (sin Pueblo Viejo),1999-03,4123.0,3415.5599999999995
PL · Coromoro,promedio de los demás pluviómetros (sin Pueblo Viejo),1999-04,4401.0,3708.1399999999994
PL · Coromoro,promedio de los demás pluviómetros (sin Pueblo Viejo),1999-05,4569.0,3959.1399999999994
PL · Coromoro,promedio de los demás pluviómetros (sin Pueblo Viejo),1999-06,4879.0,4227.9
PL · Coromoro,promedio de los demás pluviómetros (sin Pueblo Viejo),1999-07,5074.0,4370.86
PL · Coromoro,promedio de los demás pluviómetros (sin Pueblo Viejo),1999-08,5244.0,4598.599999999999
PL · Coromoro,promedio de los demás pluviómetros (sin Pueblo Viejo),1999-09,5519.0,4915.539999999999
PL · Coromoro,promedio de los demás pluviómetros (sin Pueblo Viejo),1999-10,5835.0,5221.039999999999
PL · Coromoro,promedio de los demás pluviómetros (sin Pueblo Viejo),1999-11,6232.0,5514.239999999999
PL · Coromoro,promedio de los demás pluviómetros (sin Pueblo Viejo),1999-12,6537.0,5719.259999999998
PL · Coromoro,promedio de los demás pluviómetros (sin Pueblo Viejo),2000-01,6585.0,5848.759999999998
PL · Coromoro,promedio de los demás pluviómetros (sin Pueblo Viejo),2000-02,6822.0,6074.039999999998
PL · Coromoro,promedio de los demás pluviómetros (sin Pueblo Viejo),2000-03,7044.0,6256.719999999998
PL · Coromoro,promedio de los demás pluviómetros (sin Pueblo Viejo),2000-04,7393.0,6544.079999999998
PL · Coromoro,promedio de los demás pluviómetros (sin Pueblo Viejo),2000-05,7608.0,6758.479999999998
PL · Coromoro,promedio de los demás pluviómetros (sin Pueblo Viejo),2000-06,7927.0,6974.139999999998
PL · Coromoro,promedio de los demás pluviómetros (sin Pueblo Viejo),2000-07,8136.0,7152.559999999998
PL · Coromoro,promedio de los demás pluviómetros (sin Pueblo Viejo),2000-08,8248.0,7297.619999999998
PL · Coromoro,promedio de los demás pluviómetros (sin Pueblo Viejo),2000-09,8542.0,7573.579999999998
PL · Coromoro,promedio de los demás pluviómetros (sin Pueblo Viejo),2000-10,8780.0,7813.199999999998
PL · Coromoro,promedio de los demás pluviómetros (sin Pueblo Viejo),2000-11,9053.0,8024.379999999998
PL · Coromoro,promedio de los demás pluviómetros (sin Pueblo Viejo),2000-12,9216.0,8110.159999999998
PL · Coromoro,promedio de los demás pluviómetros (sin Pueblo Viejo),2001-01,9318.0,8210.609999999999
PL · Coromoro,promedio de los demás pluviómetros (sin Pueblo Viejo),2001-02,9395.0,8319.489999999998
PL · Coromoro,promedio de los demás pluviómetros (sin Pueblo Viejo),2001-03,9655.0,8560.309999999998
PL · Coromoro,promedio de los demás pluviómetros (sin Pueblo Viejo),2001-04,9891.0,8749.789999999997
PL · Coromoro,promedio de los demás pluviómetros (sin Pueblo Viejo),2001-05,10123.0,9035.364999999998
PL · Coromoro,promedio de los demás pluviómetros (sin Pueblo Viejo),2001-06,10187.0,9196.044999999998
PL · Coromoro,promedio de los demás pluviómetros (sin Pueblo Viejo),2001-07,10320.0,9354.844999999998
PL · Coromoro,promedio de los demás pluviómetros (sin Pueblo Viejo),2001-08,10447.0,9478.544999999998
PL · Coromoro,promedio de los demás pluviómetros (sin Pueblo Viejo),2001-09,10639.0,9700.924999999997
PL · Coromoro,promedio de los demás pluviómetros (sin Pueblo Viejo),2001-10,11114.0,9991.644999999997
PL · Coromoro,promedio de los demás pluviómetros (sin Pueblo Viejo),2001-11,11345.0,10247.484999999997
PL · Coromoro,promedio de los demás pluviómetros (sin Pueblo Viejo),2001-12,11564.0,10465.764999999998
PL · Coromoro,promedio de los demás pluviómetros (sin Pueblo Viejo),2002-01,11643.0,10524.684999999998
PL · Coromoro,promedio de los demás pluviómetros (sin Pueblo Viejo),2002-02,11685.0,10603.624999999998
PL · Coromoro,promedio de los demás pluviómetros (sin Pueblo Viejo),2002-03,11951.2,10825.664999999999
PL · Coromoro,promedio de los demás pluviómetros (sin Pueblo Viejo),2002-04,12415.2,11200.425
PL · Coromoro,promedio de los demás pluviómetros (sin Pueblo Viejo),2002-05,12592.2,11476.265
PL · Coromoro,promedio de los demás pluviómetros (sin Pueblo Viejo),2002-06,12729.2,11667.785
PL · Coromoro,promedio de los demás pluviómetros (sin Pueblo Viejo),2002-07,12855.2,11773.825
PL · Coromoro,promedio de los demás pluviómetros (sin Pueblo Viejo),2002-08,13013.2,11946.165
PL · Coromoro,promedio de los demás pluviómetros (sin Pueblo Viejo),2002-09,13245.0,12149.665
PL · Coromoro,promedio de los demás pluviómetros (sin Pueblo Viejo),2002-10,13522.9,12384.345000000001
PL · Coromoro,promedio de los demás pluviómetros (sin Pueblo Viejo),2002-11,13811.9,12581.185000000001
PL · Coromoro,promedio de los demás pluviómetros (sin Pueblo Viejo),2002-12,14139.9,12753.425000000001
PL · Coromoro,promedio de los demás pluviómetros (sin Pueblo Viejo),2003-01,14233.9,12784.765000000001
PL · Coromoro,promedio de los demás pluviómetros (sin Pueblo Viejo),2003-02,14361.9,12895.065
PL · Coromoro,promedio de los demás pluviómetros (sin Pueblo Viejo),2003-03,14530.9,13115.765000000001
PL · Coromoro,promedio de los demás pluviómetros (sin Pueblo Viejo),2003-04,14848.9,13484.905
PL · Coromoro,promedio de los demás pluviómetros (sin Pueblo Viejo),2003-05,15108.9,13764.525000000001
PL · Coromoro,promedio de los demás pluviómetros (sin Pueblo Viejo),2003-06,15292.199999999999,13990.685000000001
PL · Coromoro,promedio de los demás pluviómetros (sin Pueblo Viejo),2003-07,15413.199999999999,14134.810000000001
PL · Coromoro,promedio de los demás pluviómetros (sin Pueblo Viejo),2003-08,15701.199999999999,14351.350000000002
PL · Coromoro,promedio de los demás pluviómetros (sin Pueblo Viejo),2003-09,15918.099999999999,14633.210000000003
PL · Coromoro,promedio de los demás pluviómetros (sin Pueblo Viejo),2003-10,16289.099999999999,15032.310000000003
PL · Coromoro,promedio de los demás pluviómetros (sin Pueblo Viejo),2003-11,16603.899999999998,15394.910000000003
PL · Coromoro,promedio de los demás pluviómetros (sin Pueblo Viejo),2003-12,16731.899999999998,15535.570000000003
PL · Coromoro,promedio de los demás pluviómetros (sin Pueblo Viejo),2004-01,16824.899999999998,15681.045000000004
PL · Coromoro,promedio de los demás pluviómetros (sin Pueblo Viejo),2004-02,16906.899999999998,15806.945000000003
PL · Coromoro,promedio de los demás pluviómetros (sin Pueblo Viejo),2004-03,17064.1,15990.265000000003
PL · Coromoro,promedio de los demás pluviómetros (sin Pueblo Viejo),2004-04,17470.1,16325.925000000003
PL · Coromoro,promedio de los demás pluviómetros (sin Pueblo Viejo),2004-05,17890.1,16706.525
PL · Coromoro,promedio de los demás pluviómetros (sin Pueblo Viejo),2004-06,17991.1,16840.625
PL · Coromoro,promedio de los demás pluviómetros (sin Pueblo Viejo),2004-07,18091.1,17023.125
PL · Coromoro,promedio de los demás pluviómetros (sin Pueblo Viejo),2004-08,18203.3,17138.825
PL · Coromoro,promedio de los demás pluviómetros (sin Pueblo Viejo),2004-09,18450.3,17424.185
PL · Coromoro,promedio de los demás pluviómetros (sin Pueblo Viejo),2004-10,18805.5,17723.56
PL · Coromoro,promedio de los demás pluviómetros (sin Pueblo Viejo),2004-11,19110.4,18000.31
PL · Coromoro,promedio de los demás pluviómetros (sin Pueblo Viejo),2004-12,19217.2,18131.83
PL · Coromoro,promedio de los demás pluviómetros (sin Pueblo Viejo),2005-01,19430.2,18346.570000000003
PL · Coromoro,promedio de los demás pluviómetros (sin Pueblo Viejo),2005-02,19613.0,18553.710000000003
PL · Coromoro,promedio de los demás pluviómetros (sin Pueblo Viejo),2005-03,19710.0,18692.270000000004
PL · Coromoro,promedio de los demás pluviómetros (sin Pueblo Viejo),2005-04,19926.5,19016.270000000004
PL · Coromoro,promedio de los demás pluviómetros (sin Pueblo Viejo),2005-05,20211.3,19260.995000000003
PL · Coromoro,promedio de los demás pluviómetros (sin Pueblo Viejo),2005-06,20402.7,19437.535000000003
PL · Coromoro,promedio de los demás pluviómetros (sin Pueblo Viejo),2005-07,20533.9,19599.475000000002
PL · Coromoro,promedio de los demás pluviómetros (sin Pueblo Viejo),2005-08,20671.7,19745.415
PL · Coromoro,promedio de los demás pluviómetros (sin Pueblo Viejo),2005-09,20766.3,19923.295000000002
PL · Coromoro,promedio de los demás pluviómetros (sin Pueblo Viejo),2005-10,21170.0,20318.845
PL · Coromoro,promedio de los demás pluviómetros (sin Pueblo Viejo),2005-11,21481.6,20644.965
PL · Coromoro,promedio de los demás pluviómetros (sin Pueblo Viejo),2005-12,21565.3,20774.025
PL · Coromoro,promedio de los demás pluviómetros (sin Pueblo Viejo),2006-01,21648.7,20900.945
PL · Coromoro,promedio de los demás pluviómetros (sin Pueblo Viejo),2006-02,21706.2,20971.505
PL · Coromoro,promedio de los demás pluviómetros (sin Pueblo Viejo),2006-03,21973.4,21306.685
PL · Coromoro,promedio de los demás pluviómetros (sin Pueblo Viejo),2006-04,22448.9,21640.525
PL · Coromoro,promedio de los demás pluviómetros (sin Pueblo Viejo),2006-05,22754.7,21985.765000000003
PL · Coromoro,promedio de los demás pluviómetros (sin Pueblo Viejo),2006-06,22928.600000000002,22202.325000000004
PL · Coromoro,promedio de los demás pluviómetros (sin Pueblo Viejo),2006-07,23030.500000000004,22312.245000000003
PL · Coromoro,promedio de los demás pluviómetros (sin Pueblo Viejo),2006-08,23239.400000000005,22504.825000000004
PL · Coromoro,promedio de los demás pluviómetros (sin Pueblo Viejo),2006-09,23387.600000000006,22693.045000000006
PL · Coromoro,promedio de los demás pluviómetros (sin Pueblo Viejo),2006-10,23701.300000000007,23043.065000000006
PL · Coromoro,promedio de los demás pluviómetros (sin Pueblo Viejo),2006-11,24018.200000000008,23379.025000000005
PL · Coromoro,promedio de los demás pluviómetros (sin Pueblo Viejo),2006-12,24198.60000000001,23578.205000000005
PL · Coromoro,promedio de los demás pluviómetros (sin Pueblo Viejo),2007-01,24289.90000000001,23763.005000000005
PL · Coromoro,promedio de los demás pluviómetros (sin Pueblo Viejo),2007-02,24312.000000000007,23826.245000000006
PL · Coromoro,promedio de los demás pluviómetros (sin Pueblo Viejo),2007-03,24604.90000000001,24164.445000000007
PL · Coromoro,promedio de los demás pluviómetros (sin Pueblo Viejo),2007-04,24927.000000000007,24501.585000000006
PL · Coromoro,promedio de los demás pluviómetros (sin Pueblo Viejo),2007-05,25176.40000000001,24833.225000000006
PL · Coromoro,promedio de los demás pluviómetros (sin Pueblo Viejo),2007-06,25347.40000000001,24982.925000000007
PL · Coromoro,promedio de los demás pluviómetros (sin Pueblo Viejo),2007-07,25554.80000000001,25205.325000000008
PL · Coromoro,promedio de los demás pluviómetros (sin Pueblo Viejo),2007-08,25668.40000000001,25481.085000000006
PL · Coromoro,promedio de los demás pluviómetros (sin Pueblo Viejo),2007-09,25810.500000000007,25694.065000000006
PL · Coromoro,promedio de los demás pluviómetros (sin Pueblo Viejo),2007-10,26170.500000000007,26122.625000000007
PL · Coromoro,promedio de los demás pluviómetros (sin Pueblo Viejo),2007-11,26367.600000000006,26347.965000000007
PL · Coromoro,promedio de los demás pluviómetros (sin Pueblo Viejo),2007-12,26623.600000000006,26548.415000000008
PL · Coromoro,promedio de los demás pluviómetros (sin Pueblo Viejo),2008-01,26736.000000000007,26653.040000000008
PL · Coromoro,promedio de los demás pluviómetros (sin Pueblo Viejo),2008-02,26834.000000000007,26789.540000000008
PL · Coromoro,promedio de los demás pluviómetros (sin Pueblo Viejo),2008-03,26956.600000000006,26986.08000000001
PL · Coromoro,promedio de los demás pluviómetros (sin Pueblo Viejo),2008-04,27151.800000000007,27237.360000000008
PL · Coromoro,promedio de los demás pluviómetros (sin Pueblo Viejo),2008-05,27520.700000000008,27565.780000000006
PL · Coromoro,promedio de los demás pluviómetros (sin Pueblo Viejo),2008-06,27743.700000000008,27771.280000000006
PL · Coromoro,promedio de los demás pluviómetros (sin Pueblo Viejo),2008-07,27885.500000000007,27994.640000000007
PL · Coromoro,promedio de los demás pluviómetros (sin Pueblo Viejo),2008-08,28116.000000000007,28266.860000000008
PL · Coromoro,promedio de los demás pluviómetros (sin Pueblo Viejo),2008-09,28331.000000000007,28501.22000000001
PL · Coromoro,promedio de los demás pluviómetros (sin Pueblo Viejo),2008-10,28572.40000000001,28827.540000000008
PL · Coromoro,promedio de los demás pluviómetros (sin Pueblo Viejo),2008-11,28986.200000000008,29118.26000000001
PL · Coromoro,promedio de los demás pluviómetros (sin Pueblo Viejo),2008-12,29039.000000000007,29226.80000000001
PL · Coromoro,promedio de los demás pluviómetros (sin Pueblo Viejo),2009-01,29209.40000000001,29377.58000000001
PL · Coromoro,promedio de los demás pluviómetros (sin Pueblo Viejo),2009-02,29417.10000000001,29594.10000000001
PL · Coromoro,promedio de los demás pluviómetros (sin Pueblo Viejo),2009-03,29745.30000000001,29922.90000000001
PL · Coromoro,promedio de los demás pluviómetros (sin Pueblo Viejo),2009-04,29999.60000000001,30165.020000000008
PL · Coromoro,promedio de los demás pluviómetros (sin Pueblo Viejo),2009-05,30212.700000000008,30327.92000000001
PL · Coromoro,promedio de los demás pluviómetros (sin Pueblo Viejo),2009-06,30389.60000000001,30502.44500000001
PL · Coromoro,promedio de los demás pluviómetros (sin Pueblo Viejo),2009-07,30441.200000000008,30615.94500000001
PL · Coromoro,promedio de los demás pluviómetros (sin Pueblo Viejo),2009-08,30649.40000000001,30903.94500000001
PL · Coromoro,promedio de los demás pluviómetros (sin Pueblo Viejo),2009-09,30768.200000000008,31015.82500000001
PL · Coromoro,promedio de los demás pluviómetros (sin Pueblo Viejo),2009-10,30957.60000000001,31241.66500000001
PL · Coromoro,promedio de los demás pluviómetros (sin Pueblo Viejo),2009-11,30989.10000000001,31481.905000000013
PL · Coromoro,promedio de los demás pluviómetros (sin Pueblo Viejo),2009-12,31045.00000000001,31620.625000000015
PL · Coromoro,promedio de los demás pluviómetros (sin Pueblo Viejo),2010-01,31082.900000000012,31703.525000000016
PL · Coromoro,promedio de los demás pluviómetros (sin Pueblo Viejo),2010-02,31139.20000000001,31795.485000000015
PL · Coromoro,promedio de los demás pluviómetros (sin Pueblo Viejo),2010-03,31329.400000000012,31985.065000000017
PL · Coromoro,promedio de los demás pluviómetros (sin Pueblo Viejo),2010-04,31597.800000000014,32261.46500000002
PL · Coromoro,promedio de los demás pluviómetros (sin Pueblo Viejo),2010-05,31858.400000000012,32566.98500000002
PL · Coromoro,promedio de los demás pluviómetros (sin Pueblo Viejo),2010-06,32293.400000000012,32815.56500000002
PL · Coromoro,promedio de los demás pluviómetros (sin Pueblo Viejo),2010-07,32574.900000000012,33144.78500000002
PL · Coromoro,promedio de los demás pluviómetros (sin Pueblo Viejo),2010-08,32820.000000000015,33374.96500000002
PL · Coromoro,promedio de los demás pluviómetros (sin Pueblo Viejo),2010-09,33188.60000000001,33705.40500000002
PL · Coromoro,promedio de los demás pluviómetros (sin Pueblo Viejo),2010-10,33506.60000000001,34012.76500000002
PL · Coromoro,promedio de los demás pluviómetros (sin Pueblo Viejo),2010-11,33795.30000000001,34358.08500000002
PL · Coromoro,promedio de los demás pluviómetros (sin Pueblo Viejo),2010-12,34032.90000000001,34466.76500000002
PL · Coromoro,promedio de los demás pluviómetros (sin Pueblo Viejo),2011-01,34108.90000000001,34558.62500000002
PL · Coromoro,promedio de los demás pluviómetros (sin Pueblo Viejo),2011-02,34299.80000000001,34737.00500000002
PL · Coromoro,promedio de los demás pluviómetros (sin Pueblo Viejo),2011-03,34575.00000000001,35083.08500000002
PL · Coromoro,promedio de los demás pluviómetros (sin Pueblo Viejo),2011-04,34989.100000000006,35545.16000000002
PL · Coromoro,promedio de los demás pluviómetros (sin Pueblo Viejo),2011-05,35318.50000000001,35845.10000000002
PL · Coromoro,promedio de los demás pluviómetros (sin Pueblo Viejo),2011-06,35503.50000000001,36022.10000000002
PL · Coromoro,promedio de los demás pluviómetros (sin Pueblo Viejo),2011-07,35630.90000000001,36152.40000000002
PL · Coromoro,promedio de los demás pluviómetros (sin Pueblo Viejo),2011-08,35821.30000000001,36392.65000000002
PL · Coromoro,promedio de los demás pluviómetros (sin Pueblo Viejo),2011-09,35985.50000000001,36591.63000000003
PL · Coromoro,promedio de los demás pluviómetros (sin Pueblo Viejo),2011-10,36376.80000000001,36945.15500000003
PL · Coromoro,promedio de los demás pluviómetros (sin Pueblo Viejo),2011-11,36779.30000000001,37269.68833333336
PL · Coromoro,promedio de los demás pluviómetros (sin Pueblo Viejo),2011-12,36994.40000000001,37519.18833333336
PL · Coromoro,promedio de los demás pluviómetros (sin Pueblo Viejo),2012-01,37126.20000000001,37691.28833333336
PL · Coromoro,promedio de los demás pluviómetros (sin Pueblo Viejo),2012-02,37206.500000000015,37754.628333333356
PL · Coromoro,promedio de los demás pluviómetros (sin Pueblo Viejo),2012-03,37441.400000000016,38047.00833333335
PL · Coromoro,promedio de los demás pluviómetros (sin Pueblo Viejo),2012-04,37770.60000000001,38456.448333333356
PL · Coromoro,promedio de los demás pluviómetros (sin Pueblo Viejo),2012-05,38022.10000000001,38708.50833333335
PL · Coromoro,promedio de los demás pluviómetros (sin Pueblo Viejo),2012-06,38145.80000000001,38840.948333333356
PL · Coromoro,promedio de los demás pluviómetros (sin Pueblo Viejo),2012-07,38234.50000000001,38958.00833333335
PL · Coromoro,promedio de los demás pluviómetros (sin Pueblo Viejo),2012-08,38403.80000000001,39160.268333333355
PL · Coromoro,promedio de los demás pluviómetros (sin Pueblo Viejo),2012-09,38511.60000000001,39316.56833333336
PL · Coromoro,promedio de los demás pluviómetros (sin Pueblo Viejo),2012-10,38799.000000000015,39622.808333333356
PL · Coromoro,promedio de los demás pluviómetros (sin Pueblo Viejo),2012-11,39038.500000000015,39758.48833333336
PL · Coromoro,promedio de los demás pluviómetros (sin Pueblo Viejo),2012-12,39231.30000000002,39852.64833333336
PL · Coromoro,promedio de los demás pluviómetros (sin Pueblo Viejo),2013-01,39252.500000000015,39906.16833333336
PL · Coromoro,promedio de los demás pluviómetros (sin Pueblo Viejo),2013-02,39499.20000000001,40136.448333333356
PL · Coromoro,promedio de los demás pluviómetros (sin Pueblo Viejo),2013-03,39787.000000000015,40358.34833333336
PL · Coromoro,promedio de los demás pluviómetros (sin Pueblo Viejo),2013-04,40167.400000000016,40669.808333333356
PL · Coromoro,promedio de los demás pluviómetros (sin Pueblo Viejo),2013-05,40479.20000000002,41024.588333333355
PL · Coromoro,promedio de los demás pluviómetros (sin Pueblo Viejo),2013-06,40585.80000000002,41119.868333333354
PL · Coromoro,promedio de los demás pluviómetros (sin Pueblo Viejo),2013-07,40665.80000000002,41201.088333333355
PL · Coromoro,promedio de los demás pluviómetros (sin Pueblo Viejo),2013-08,40867.500000000015,41403.43833333335
PL · Coromoro,promedio de los demás pluviómetros (sin Pueblo Viejo),2013-09,41032.400000000016,41547.81833333335
PL · Coromoro,promedio de los demás pluviómetros (sin Pueblo Viejo),2013-10,41320.60000000001,41832.49833333335
PL · Coromoro,promedio de los demás pluviómetros (sin Pueblo Viejo),2013-11,41635.30000000001,42090.62333333335
PL · Coromoro,promedio de los demás pluviómetros (sin Pueblo Viejo),2013-12,41823.00000000001,42279.656666666684
PL · Coromoro,promedio de los demás pluviómetros (sin Pueblo Viejo),2014-01,41876.90000000001,42396.736666666686
PL · Coromoro,promedio de los demás pluviómetros (sin Pueblo Viejo),2014-02,42065.30000000001,42630.596666666686
PL · Coromoro,promedio de los demás pluviómetros (sin Pueblo Viejo),2014-03,42289.40000000001,42856.376666666685
PL · Coromoro,promedio de los demás pluviómetros (sin Pueblo Viejo),2014-04,42495.100000000006,43149.27666666669
PL · Coromoro,promedio de los demás pluviómetros (sin Pueblo Viejo),2014-05,42725.100000000006,43421.21666666669
PL · Coromoro,promedio de los demás pluviómetros (sin Pueblo Viejo),2014-06,42782.700000000004,43535.596666666686
PL · Coromoro,promedio de los demás pluviómetros (sin Pueblo Viejo),2014-07,42856.600000000006,43661.75666666669
PL · Coromoro,promedio de los demás pluviómetros (sin Pueblo Viejo),2014-08,42954.8,43828.51666666669
PL · Coromoro,promedio de los demás pluviómetros (sin Pueblo Viejo),2014-09,43139.5,44008.75666666669
PL · Coromoro,promedio de los demás pluviómetros (sin Pueblo Viejo),2014-10,43375.9,44309.91666666669
PL · Coromoro,promedio de los demás pluviómetros (sin Pueblo Viejo),2014-11,43804.0,44596.91666666669
PL · Coromoro,promedio de los demás pluviómetros (sin Pueblo Viejo),2014-12,43877.2,44736.496666666695
PL · Coromoro,promedio de los demás pluviómetros (sin Pueblo Viejo),2015-01,43942.799999999996,44859.356666666696
PL · Coromoro,promedio de los demás pluviómetros (sin Pueblo Viejo),2015-02,44096.799999999996,45005.19666666669
PL · Coromoro,promedio de los demás pluviómetros (sin Pueblo Viejo),2015-03,44327.1,45318.996666666695
PL · Coromoro,promedio de los demás pluviómetros (sin Pueblo Viejo),2015-04,44642.1,45712.41666666669
PL · Coromoro,promedio de los demás pluviómetros (sin Pueblo Viejo),2015-05,44769.0,45862.3966666667
PL · Coromoro,promedio de los demás pluviómetros (sin Pueblo Viejo),2015-06,44800.6,45931.3766666667
PL · Coromoro,promedio de los demás pluviómetros (sin Pueblo Viejo),2015-07,44891.2,46066.4966666667
PL · Coromoro,promedio de los demás pluviómetros (sin Pueblo Viejo),2015-08,45030.6,46282.0716666667
PL · Coromoro,promedio de los demás pluviómetros (sin Pueblo Viejo),2015-09,45137.2,46451.4716666667
PL · Coromoro,promedio de los demás pluviómetros (sin Pueblo Viejo),2015-10,45421.0,46710.4316666667
PL · Coromoro,promedio de los demás pluviómetros (sin Pueblo Viejo),2015-11,45624.2,46875.1316666667
PL · Coromoro,promedio de los demás pluviómetros (sin Pueblo Viejo),2015-12,45784.899999999994,46954.856666666696
PL · Coromoro,promedio de los demás pluviómetros (sin Pueblo Viejo),2016-01,45806.799999999996,46994.6566666667
PL · Coromoro,promedio de los demás pluviómetros (sin Pueblo Viejo),2016-02,45871.1,47033.29000000003
PL · Coromoro,promedio de los demás pluviómetros (sin Pueblo Viejo),2016-03,46147.5,47134.52333333336
PL · Coromoro,promedio de los demás pluviómetros (sin Pueblo Viejo),2016-04,46371.6,47440.42333333336
PL · Coromoro,promedio de los demás pluviómetros (sin Pueblo Viejo),2016-05,46588.1,47756.456666666694
PL · Coromoro,promedio de los demás pluviómetros (sin Pueblo Viejo),2016-06,46650.7,47930.02333333336
PL · Coromoro,promedio de los demás pluviómetros (sin Pueblo Viejo),2016-07,46744.299999999996,48133.190000000024
PL · Coromoro,promedio de los demás pluviómetros (sin Pueblo Viejo),2016-08,46866.899999999994,48332.12333333336
PL · Coromoro,promedio de los demás pluviómetros (sin Pueblo Viejo),2016-09,47055.09999999999,48535.99000000003
PL · Coromoro,promedio de los demás pluviómetros (sin Pueblo Viejo),2016-10,47349.09999999999,48818.090000000026
PL · Coromoro,promedio de los demás pluviómetros (sin Pueblo Viejo),2016-11,47576.69999999999,49093.25666666669
PL · Coromoro,promedio de los demás pluviómetros (sin Pueblo Viejo),2016-12,47763.19999999999,49273.72333333336
PL · Coromoro,promedio de los demás pluviómetros (sin Pueblo Viejo),2017-01,47859.39999999999,49357.923333333354
PL · Coromoro,promedio de los demás pluviómetros (sin Pueblo Viejo),2017-02,47931.599999999984,49426.39000000002
PL · Coromoro,promedio de los demás pluviómetros (sin Pueblo Viejo),2017-03,48154.999999999985,49799.923333333354
PL · Coromoro,promedio de los demás pluviómetros (sin Pueblo Viejo),2017-04,48561.79999999999,50085.39833333335
PL · Coromoro,promedio de los demás pluviómetros (sin Pueblo Viejo),2017-05,48869.79999999999,50419.59833333335
PL · Coromoro,promedio de los demás pluviómetros (sin Pueblo Viejo),2017-06,49112.69999999999,50696.42333333335
PL · Coromoro,promedio de los demás pluviómetros (sin Pueblo Viejo),2017-07,49212.39999999999,50890.748333333344
PL · Coromoro,promedio de los demás pluviómetros (sin Pueblo Viejo),2017-08,49418.499999999985,51046.773333333345
PL · Coromoro,promedio de los demás pluviómetros (sin Pueblo Viejo),2017-09,49655.89999999999,51233.92333333335
PL · Coromoro,promedio de los demás pluviómetros (sin Pueblo Viejo),2017-10,49909.89999999999,51477.398333333345
PL · Coromoro,promedio de los demás pluviómetros (sin Pueblo Viejo),2017-11,50226.099999999984,51730.92333333335
PL · Coromoro,promedio de los demás pluviómetros (sin Pueblo Viejo),2017-12,50327.89999999999,51860.09833333335
PL · Coromoro,promedio de los demás pluviómetros (sin Pueblo Viejo),2018-01,50506.099999999984,52015.47333333335
PL · Coromoro,promedio de los demás pluviómetros (sin Pueblo Viejo),2018-02,50559.19999999998,52089.92333333335
PL · Coromoro,promedio de los demás pluviómetros (sin Pueblo Viejo),2018-03,50941.89999999998,52341.123333333344
PL · Coromoro,promedio de los demás pluviómetros (sin Pueblo Viejo),2018-04,51227.29999999998,52658.373333333344
PL · Coromoro,promedio de los demás pluviómetros (sin Pueblo Viejo),2018-05,51646.099999999984,52959.57333333334
PL · Coromoro,promedio de los demás pluviómetros (sin Pueblo Viejo),2018-06,51737.599999999984,53131.873333333344
PL · Coromoro,promedio de los demás pluviómetros (sin Pueblo Viejo),2018-07,51860.099999999984,53314.97333333334
PL · Coromoro,promedio de los demás pluviómetros (sin Pueblo Viejo),2018-08,51957.19999999998,53450.873333333344
PL · Coromoro,promedio de los demás pluviómetros (sin Pueblo Viejo),2018-09,52097.69999999998,53653.44833333334
PL · Coromoro,promedio de los demás pluviómetros (sin Pueblo Viejo),2018-10,52541.69999999998,54026.02333333334
PL · Coromoro,promedio de los demás pluviómetros (sin Pueblo Viejo),2018-11,52767.29999999998,54233.32333333334
PL · Coromoro,promedio de los demás pluviómetros (sin Pueblo Viejo),2018-12,52888.29999999998,54299.39000000001
PL · Coromoro,promedio de los demás pluviómetros (sin Pueblo Viejo),2019-01,53008.79999999998,54385.810000000005
PL · Coromoro,promedio de los demás pluviómetros (sin Pueblo Viejo),2019-02,53230.599999999984,54621.670000000006
PL · Coromoro,promedio de los demás pluviómetros (sin Pueblo Viejo),2019-03,53460.69999999998,54962.71000000001
PL · Coromoro,promedio de los demás pluviómetros (sin Pueblo Viejo),2019-04,53988.599999999984,55241.65000000001
PL · Coromoro,promedio de los demás pluviómetros (sin Pueblo Viejo),2019-05,54282.29999999998,55539.79000000001
PL · Coromoro,promedio de los demás pluviómetros (sin Pueblo Viejo),2019-06,54335.29999999998,55639.07000000001
PL · Coromoro,promedio de los demás pluviómetros (sin Pueblo Viejo),2019-07,54491.69999999998,55783.29000000001
PL · Coromoro,promedio de los demás pluviómetros (sin Pueblo Viejo),2019-08,54617.89999999998,55907.57000000001
PL · Coromoro,promedio de los demás pluviómetros (sin Pueblo Viejo),2019-09,54897.29999999998,56113.950000000004
PL · Coromoro,promedio de los demás pluviómetros (sin Pueblo Viejo),2019-10,55161.49999999998,56358.65
PL · Coromoro,promedio de los demás pluviómetros (sin Pueblo Viejo),2019-11,55316.199999999975,56573.810000000005
PL · Coromoro,promedio de los demás pluviómetros (sin Pueblo Viejo),2019-12,55552.89999999997,56718.83
PL · Coromoro,promedio de los demás pluviómetros (sin Pueblo Viejo),2020-01,55656.99999999997,56781.61
PL · Coromoro,promedio de los demás pluviómetros (sin Pueblo Viejo),2020-02,55719.89999999997,56856.11
PL · Coromoro,promedio de los demás pluviómetros (sin Pueblo Viejo),2020-03,55875.199999999975,57122.17
PL · Coromoro,promedio de los demás pluviómetros (sin Pueblo Viejo),2020-04,56177.299999999974,57344.59
PL · Coromoro,promedio de los demás pluviómetros (sin Pueblo Viejo),2020-05,56438.49999999997,57563.63
PL · Coromoro,promedio de los demás pluviómetros (sin Pueblo Viejo),2020-06,56589.59999999997,57820.29
PL · Coromoro,promedio de los demás pluviómetros (sin Pueblo Viejo),2020-07,56709.79999999997,58026.57
PL · Coromoro,promedio de los demás pluviómetros (sin Pueblo Viejo),2020-08,56907.49999999996,58232.61
PL · Coromoro,promedio de los demás pluviómetros (sin Pueblo Viejo),2020-09,57031.69999999996,58458.03
PL · Coromoro,promedio de los demás pluviómetros (sin Pueblo Viejo),2020-10,57261.39999999996,58765.39
PL · Coromoro,promedio de los demás pluviómetros (sin Pueblo Viejo),2020-11,57677.29999999996,59136.409999999996
PL · Coromoro,promedio de los demás pluviómetros (sin Pueblo Viejo),2020-12,57754.89999999996,59298.369999999995
PL · Coromoro,promedio de los demás pluviómetros (sin Pueblo Viejo),2021-01,57764.599999999955,59334.74999999999
PL · Coromoro,promedio de los demás pluviómetros (sin Pueblo Viejo),2021-02,57933.39999999996,59468.469999999994
PL · Coromoro,promedio de los demás pluviómetros (sin Pueblo Viejo),2021-03,58205.099999999955,59785.10999999999
PL · Coromoro,promedio de los demás pluviómetros (sin Pueblo Viejo),2021-04,58392.099999999955,60036.78999999999
PL · Coromoro,promedio de los demás pluviómetros (sin Pueblo Viejo),2021-05,58710.89999999996,60333.06999999999
PL · Coromoro,promedio de los demás pluviómetros (sin Pueblo Viejo),2021-06,58786.39999999996,60512.469999999994
PL · Coromoro,promedio de los demás pluviómetros (sin Pueblo Viejo),2021-07,58924.099999999955,60697.369999999995
PL · Coromoro,promedio de los demás pluviómetros (sin Pueblo Viejo),2021-08,59119.39999999996,60944.06999999999
PL · Coromoro,promedio de los demás pluviómetros (sin Pueblo Viejo),2021-09,59328.69999999996,61228.10999999999
PL · Coromoro,promedio de los demás pluviómetros (sin Pueblo Viejo),2021-10,59605.89999999996,61513.369999999995
PL · Coromoro,promedio de los demás pluviómetros (sin Pueblo Viejo),2021-11,59797.39999999996,61711.189999999995
PL · Coromoro,promedio de los demás pluviómetros (sin Pueblo Viejo),2021-12,59932.89999999996,61828.74999999999
PL · Coromoro,promedio de los demás pluviómetros (sin Pueblo Viejo),2022-01,59950.39999999996,61897.97499999999
PL · Coromoro,promedio de los demás pluviómetros (sin Pueblo Viejo),2022-02,60058.19999999996,62073.61499999999
PL · Coromoro,promedio de los demás pluviómetros (sin Pueblo Viejo),2022-03,60477.59999999996,62409.594999999994
PL · Coromoro,promedio de los demás pluviómetros (sin Pueblo Viejo),2022-04,60726.99999999996,62706.274999999994
PL · Coromoro,promedio de los demás pluviómetros (sin Pueblo Viejo),2022-05,61012.19999999996,63005.29499999999
PL · Coromoro,promedio de los demás pluviómetros (sin Pueblo Viejo),2022-06,61375.59999999996,63355.87499999999
PL · Coromoro,promedio de los demás pluviómetros (sin Pueblo Viejo),2022-07,61481.99999999996,63522.454999999994
PL · Coromoro,promedio de los demás pluviómetros (sin Pueblo Viejo),2022-08,61723.99999999996,63745.79499999999
PL · Coromoro,promedio de los demás pluviómetros (sin Pueblo Viejo),2022-09,61949.19999999996,64091.71499999999
PL · Coromoro,promedio de los demás pluviómetros (sin Pueblo Viejo),2022-10,62358.89999999996,64422.63499999999
PL · Coromoro,promedio de los demás pluviómetros (sin Pueblo Viejo),2022-11,62757.999999999956,64769.834999999985
PL · Coromoro,promedio de los demás pluviómetros (sin Pueblo Viejo),2022-12,62798.89999999996,64931.40999999998
PL · Encino,"promedio de los demás pluviómetros (sin Pueblo Viejo, Coromoro)",1998-01,86.0,59.0
PL · Encino,"promedio de los demás pluviómetros (sin Pueblo Viejo, Coromoro)",1998-02,307.0,154.075
PL · Encino,"promedio de los demás pluviómetros (sin Pueblo Viejo, Coromoro)",1998-03,710.0,332.35
PL · Encino,"promedio de los demás pluviómetros (sin Pueblo Viejo, Coromoro)",1998-04,1041.0,583.975
PL · Encino,"promedio de los demás pluviómetros (sin Pueblo Viejo, Coromoro)",1998-05,1319.0,847.7750000000001
PL · Encino,"promedio de los demás pluviómetros (sin Pueblo Viejo, Coromoro)",1998-06,1416.0,1008.4000000000001
PL · Encino,"promedio de los demás pluviómetros (sin Pueblo Viejo, Coromoro)",1998-07,1495.0,1223.65
PL · Encino,"promedio de los demás pluviómetros (sin Pueblo Viejo, Coromoro)",1998-08,1696.0,1449.575
PL · Encino,"promedio de los demás pluviómetros (sin Pueblo Viejo, Coromoro)",1998-09,1877.0,1696.325
PL · Encino,"promedio de los demás pluviómetros (sin Pueblo Viejo, Coromoro)",1998-10,2268.0,2100.6
PL · Encino,"promedio de los demás pluviómetros (sin Pueblo Viejo, Coromoro)",1998-11,2586.0,2310.625
PL · Encino,"promedio de los demás pluviómetros (sin Pueblo Viejo, Coromoro)",1998-12,3030.0,2516.55
PL · Encino,"promedio de los demás pluviómetros (sin Pueblo Viejo, Coromoro)",1999-01,3363.0,2674.2000000000003
PL · Encino,"promedio de los demás pluviómetros (sin Pueblo Viejo, Coromoro)",1999-02,4031.0,2957.4
PL · Encino,"promedio de los demás pluviómetros (sin Pueblo Viejo, Coromoro)",1999-03,4425.0,3163.2000000000003
PL · Encino,"promedio de los demás pluviómetros (sin Pueblo Viejo, Coromoro)",1999-04,4726.0,3453.675
PL · Encino,"promedio de los demás pluviómetros (sin Pueblo Viejo, Coromoro)",1999-05,4900.0,3723.925
PL · Encino,"promedio de los demás pluviómetros (sin Pueblo Viejo, Coromoro)",1999-06,5076.0,4015.875
PL · Encino,"promedio de los demás pluviómetros (sin Pueblo Viejo, Coromoro)",1999-07,5137.0,4179.325
PL · Encino,"promedio de los demás pluviómetros (sin Pueblo Viejo, Coromoro)",1999-08,5245.0,4437.0
PL · Encino,"promedio de los demás pluviómetros (sin Pueblo Viejo, Coromoro)",1999-09,5548.0,4757.425
PL · Encino,"promedio de los demás pluviómetros (sin Pueblo Viejo, Coromoro)",1999-10,5858.0,5061.8
PL · Encino,"promedio de los demás pluviómetros (sin Pueblo Viejo, Coromoro)",1999-11,6262.0,5327.3
PL · Encino,"promedio de los demás pluviómetros (sin Pueblo Viejo, Coromoro)",1999-12,6640.0,5489.075
PL · Encino,"promedio de los demás pluviómetros (sin Pueblo Viejo, Coromoro)",2000-01,6953.0,5572.7
PL · Encino,"promedio de los demás pluviómetros (sin Pueblo Viejo, Coromoro)",2000-02,7363.0,5751.8
PL · Encino,"promedio de los demás pluviómetros (sin Pueblo Viejo, Coromoro)",2000-03,7755.0,5882.150000000001
PL · Encino,"promedio de los demás pluviómetros (sin Pueblo Viejo, Coromoro)",2000-04,8081.0,6159.85
PL · Encino,"promedio de los demás pluviómetros (sin Pueblo Viejo, Coromoro)",2000-05,8230.0,6390.6
PL · Encino,"promedio de los demás pluviómetros (sin Pueblo Viejo, Coromoro)",2000-06,8401.0,6617.425
PL · Encino,"promedio de los demás pluviómetros (sin Pueblo Viejo, Coromoro)",2000-07,8577.0,6796.45
PL · Encino,"promedio de los demás pluviómetros (sin Pueblo Viejo, Coromoro)",2000-08,8694.0,6948.525
PL · Encino,"promedio de los demás pluviómetros (sin Pueblo Viejo, Coromoro)",2000-09,8959.0,7227.224999999999
PL · Encino,"promedio de los demás pluviómetros (sin Pueblo Viejo, Coromoro)",2000-10,9203.0,7465.749999999999
PL · Encino,"promedio de los demás pluviómetros (sin Pueblo Viejo, Coromoro)",2000-11,9500.0,7655.474999999999
PL · Encino,"promedio de los demás pluviómetros (sin Pueblo Viejo, Coromoro)",2000-12,9669.0,7720.45
PL · Encino,"promedio de los demás pluviómetros (sin Pueblo Viejo, Coromoro)",2001-01,9825.0,7802.383333333333
PL · Encino,"promedio de los demás pluviómetros (sin Pueblo Viejo, Coromoro)",2001-02,10069.0,7877.483333333334
PL · Encino,"promedio de los demás pluviómetros (sin Pueblo Viejo, Coromoro)",2001-03,10450.0,8083.258333333333
PL · Encino,"promedio de los demás pluviómetros (sin Pueblo Viejo, Coromoro)",2001-04,10751.0,8244.858333333334
PL · Encino,"promedio de los demás pluviómetros (sin Pueblo Viejo, Coromoro)",2001-05,11012.0,8538.625
PL · Encino,"promedio de los demás pluviómetros (sin Pueblo Viejo, Coromoro)",2001-06,11097.0,8718.225
PL · Encino,"promedio de los demás pluviómetros (sin Pueblo Viejo, Coromoro)",2001-07,11236.0,8881.975
PL · Encino,"promedio de los demás pluviómetros (sin Pueblo Viejo, Coromoro)",2001-08,11281.0,9025.35
PL · Encino,"promedio de los demás pluviómetros (sin Pueblo Viejo, Coromoro)",2001-09,11465.0,9257.325
PL · Encino,"promedio de los demás pluviómetros (sin Pueblo Viejo, Coromoro)",2001-10,11869.0,9519.725
PL · Encino,"promedio de los demás pluviómetros (sin Pueblo Viejo, Coromoro)",2001-11,12169.0,9764.525
PL · Encino,"promedio de los demás pluviómetros (sin Pueblo Viejo, Coromoro)",2001-12,12524.0,9948.625
PL · Encino,"promedio de los demás pluviómetros (sin Pueblo Viejo, Coromoro)",2002-01,12604.0,10002.275
PL · Encino,"promedio de los demás pluviómetros (sin Pueblo Viejo, Coromoro)",2002-02,12781.0,10056.699999999999
PL · Encino,"promedio de los demás pluviómetros (sin Pueblo Viejo, Coromoro)",2002-03,13034.0,10270.999999999998
PL · Encino,"promedio de los demás pluviómetros (sin Pueblo Viejo, Coromoro)",2002-04,13538.0,10613.449999999999
PL · Encino,"promedio de los demás pluviómetros (sin Pueblo Viejo, Coromoro)",2002-05,13768.0,10900.749999999998
PL · Encino,"promedio de los demás pluviómetros (sin Pueblo Viejo, Coromoro)",2002-06,13925.0,11100.899999999998
PL · Encino,"promedio de los demás pluviómetros (sin Pueblo Viejo, Coromoro)",2002-07,14032.0,11206.699999999997
PL · Encino,"promedio de los demás pluviómetros (sin Pueblo Viejo, Coromoro)",2002-08,14100.0,11405.124999999996
PL · Encino,"promedio de los demás pluviómetros (sin Pueblo Viejo, Coromoro)",2002-09,14375.0,11590.749999999996
PL · Encino,"promedio de los demás pluviómetros (sin Pueblo Viejo, Coromoro)",2002-10,14542.0,11842.349999999997
PL · Encino,"promedio de los demás pluviómetros (sin Pueblo Viejo, Coromoro)",2002-11,14773.0,12030.649999999996
PL · Encino,"promedio de los demás pluviómetros (sin Pueblo Viejo, Coromoro)",2002-12,15097.0,12164.949999999995
PL · Encino,"promedio de los demás pluviómetros (sin Pueblo Viejo, Coromoro)",2003-01,15158.0,12188.874999999995
PL · Encino,"promedio de los demás pluviómetros (sin Pueblo Viejo, Coromoro)",2003-03,15459.0,12389.499999999995
PL · Encino,"promedio de los demás pluviómetros (sin Pueblo Viejo, Coromoro)",2003-04,15775.0,12771.924999999994
PL · Encino,"promedio de los demás pluviómetros (sin Pueblo Viejo, Coromoro)",2003-05,16024.0,13059.199999999993
PL · Encino,"promedio de los demás pluviómetros (sin Pueblo Viejo, Coromoro)",2003-06,16169.0,13305.649999999994
PL · Encino,"promedio de los demás pluviómetros (sin Pueblo Viejo, Coromoro)",2003-07,16301.0,13453.81666666666
PL · Encino,"promedio de los demás pluviómetros (sin Pueblo Viejo, Coromoro)",2003-08,16477.0,13680.49166666666
PL · Encino,"promedio de los demás pluviómetros (sin Pueblo Viejo, Coromoro)",2003-09,16907.0,13925.31666666666
PL · Encino,"promedio de los demás pluviómetros (sin Pueblo Viejo, Coromoro)",2003-10,17464.0,14284.94166666666
PL · Encino,"promedio de los demás pluviómetros (sin Pueblo Viejo, Coromoro)",2003-11,18128.0,14572.19166666666
PL · Encino,"promedio de los demás pluviómetros (sin Pueblo Viejo, Coromoro)",2003-12,18436.0,14671.016666666661
PL · Encino,"promedio de los demás pluviómetros (sin Pueblo Viejo, Coromoro)",2004-01,18632.0,14799.649999999994
PL · Encino,"promedio de los demás pluviómetros (sin Pueblo Viejo, Coromoro)",2004-02,18884.0,14894.024999999994
PL · Encino,"promedio de los demás pluviómetros (sin Pueblo Viejo, Coromoro)",2004-03,19216.0,15040.174999999994
PL · Encino,"promedio de los demás pluviómetros (sin Pueblo Viejo, Coromoro)",2004-04,19541.0,15378.499999999995
PL · Encino,"promedio de los demás pluviómetros (sin Pueblo Viejo, Coromoro)",2004-05,19926.0,15757.999999999995
PL · Encino,"promedio de los demás pluviómetros (sin Pueblo Viejo, Coromoro)",2004-06,19996.0,15908.124999999995
PL · Encino,"promedio de los demás pluviómetros (sin Pueblo Viejo, Coromoro)",2004-07,20157.0,16095.999999999995
PL · Encino,"promedio de los demás pluviómetros (sin Pueblo Viejo, Coromoro)",2004-08,20163.0,16239.124999999995
PL · Encino,"promedio de los demás pluviómetros (sin Pueblo Viejo, Coromoro)",2004-09,20446.0,16525.074999999993
PL · Encino,"promedio de los demás pluviómetros (sin Pueblo Viejo, Coromoro)",2004-10,20688.0,16843.574999999993
PL · Encino,"promedio de los demás pluviómetros (sin Pueblo Viejo, Coromoro)",2004-11,21171.0,17051.574999999993
PL · Encino,"promedio de los demás pluviómetros (sin Pueblo Viejo, Coromoro)",2004-12,21373.0,17165.474999999995
PL · Encino,"promedio de los demás pluviómetros (sin Pueblo Viejo, Coromoro)",2005-01,21669.0,17359.899999999994
PL · Encino,"promedio de los demás pluviómetros (sin Pueblo Viejo, Coromoro)",2005-02,22104.0,17510.074999999993
PL · Encino,"promedio de los demás pluviómetros (sin Pueblo Viejo, Coromoro)",2005-03,22362.0,17618.774999999994
PL · Encino,"promedio de los demás pluviómetros (sin Pueblo Viejo, Coromoro)",2005-04,22813.0,17900.441666666662
PL · Encino,"promedio de los demás pluviómetros (sin Pueblo Viejo, Coromoro)",2005-05,23015.0,18159.40833333333
PL · Encino,"promedio de los demás pluviómetros (sin Pueblo Viejo, Coromoro)",2005-06,23174.0,18340.33333333333
PL · Encino,"promedio de los demás pluviómetros (sin Pueblo Viejo, Coromoro)",2005-07,23247.0,18524.508333333328
PL · Encino,"promedio de los demás pluviómetros (sin Pueblo Viejo, Coromoro)",2005-08,23314.0,18690.183333333327
PL · Encino,"promedio de los demás pluviómetros (sin Pueblo Viejo, Coromoro)",2005-09,23402.0,18890.533333333326
PL · Encino,"promedio de los demás pluviómetros (sin Pueblo Viejo, Coromoro)",2005-10,23992.0,19221.26666666666
PL · Encino,"promedio de los demás pluviómetros (sin Pueblo Viejo, Coromoro)",2005-11,24417.0,19522.66666666666
PL · Encino,"promedio de los demás pluviómetros (sin Pueblo Viejo, Coromoro)",2005-12,24728.0,19606.24166666666
PL · Encino,"promedio de los demás pluviómetros (sin Pueblo Viejo, Coromoro)",2006-01,24969.0,19704.641666666663
PL · Encino,"promedio de los demás pluviómetros (sin Pueblo Viejo, Coromoro)",2006-02,25094.0,19761.591666666664
PL · Encino,"promedio de los demás pluviómetros (sin Pueblo Viejo, Coromoro)",2006-03,25542.0,20068.566666666662
PL · Encino,"promedio de los demás pluviómetros (sin Pueblo Viejo, Coromoro)",2006-04,26097.0,20347.11666666666
PL · Encino,"promedio de los demás pluviómetros (sin Pueblo Viejo, Coromoro)",2006-05,26507.0,20676.16666666666
PL · Encino,"promedio de los demás pluviómetros (sin Pueblo Viejo, Coromoro)",2006-06,26672.0,20905.61666666666
PL · Encino,"promedio de los demás pluviómetros (sin Pueblo Viejo, Coromoro)",2006-07,26699.0,21036.266666666663
PL · Encino,"promedio de los demás pluviómetros (sin Pueblo Viejo, Coromoro)",2006-08,26862.0,21236.24166666666
PL · Encino,"promedio de los demás pluviómetros (sin Pueblo Viejo, Coromoro)",2006-09,27094.0,21413.516666666663
PL · Encino,"promedio de los demás pluviómetros (sin Pueblo Viejo, Coromoro)",2006-10,27571.3,21731.716666666664
PL · Encino,"promedio de los demás pluviómetros (sin Pueblo Viejo, Coromoro)",2006-11,28240.5,21984.366666666665
PL · Encino,"promedio de los demás pluviómetros (sin Pueblo Viejo, Coromoro)",2006-12,28594.3,22144.891666666666
PL · Encino,"promedio de los demás pluviómetros (sin Pueblo Viejo, Coromoro)",2007-01,28923.0,22293.716666666667
PL · Encino,"promedio de los demás pluviómetros (sin Pueblo Viejo, Coromoro)",2007-02,29078.4,22333.916666666668
PL · Encino,"promedio de los demás pluviómetros (sin Pueblo Viejo, Coromoro)",2007-03,29622.4,22620.666666666668
PL · Encino,"promedio de los demás pluviómetros (sin Pueblo Viejo, Coromoro)",2007-04,30057.0,22933.44166666667
PL · Encino,"promedio de los demás pluviómetros (sin Pueblo Viejo, Coromoro)",2007-05,30338.9,23277.51666666667
PL · Encino,"promedio de los demás pluviómetros (sin Pueblo Viejo, Coromoro)",2007-06,30410.9,23446.64166666667
PL · Encino,"promedio de los demás pluviómetros (sin Pueblo Viejo, Coromoro)",2007-07,30547.800000000003,23690.41666666667
PL · Encino,"promedio de los demás pluviómetros (sin Pueblo Viejo, Coromoro)",2007-08,30779.300000000003,23977.241666666672
PL · Encino,"promedio de los demás pluviómetros (sin Pueblo Viejo, Coromoro)",2007-09,30991.500000000004,24190.41666666667
PL · Encino,"promedio de los demás pluviómetros (sin Pueblo Viejo, Coromoro)",2007-10,31503.500000000004,24598.116666666672
PL · Encino,"promedio de los demás pluviómetros (sin Pueblo Viejo, Coromoro)",2007-11,31851.800000000003,24792.71666666667
PL · Encino,"promedio de los demás pluviómetros (sin Pueblo Viejo, Coromoro)",2008-03,32286.800000000003,24929.64166666667
PL · Encino,"promedio de los demás pluviómetros (sin Pueblo Viejo, Coromoro)",2008-04,32551.000000000004,25177.69166666667
PL · Encino,"promedio de los demás pluviómetros (sin Pueblo Viejo, Coromoro)",2008-05,32844.8,25514.76666666667
PL · Encino,"promedio de los demás pluviómetros (sin Pueblo Viejo, Coromoro)",2008-06,32972.4,25739.74166666667
PL · Encino,"promedio de los demás pluviómetros (sin Pueblo Viejo, Coromoro)",2008-07,33210.9,25959.31666666667
PL · Encino,"promedio de los demás pluviómetros (sin Pueblo Viejo, Coromoro)",2008-08,33448.4,26240.21666666667
PL · Encino,"promedio de los demás pluviómetros (sin Pueblo Viejo, Coromoro)",2008-09,33689.200000000004,26472.96666666667
PL · Encino,"promedio de los demás pluviómetros (sin Pueblo Viejo, Coromoro)",2008-10,34034.00000000001,26794.66666666667
PL · Encino,"promedio de los demás pluviómetros (sin Pueblo Viejo, Coromoro)",2008-11,34554.00000000001,27028.066666666673
PL · Encino,"promedio de los demás pluviómetros (sin Pueblo Viejo, Coromoro)",2008-12,34703.80000000001,27126.29166666667
PL · Encino,"promedio de los demás pluviómetros (sin Pueblo Viejo, Coromoro)",2009-01,35007.20000000001,27238.91666666667
PL · Encino,"promedio de los demás pluviómetros (sin Pueblo Viejo, Coromoro)",2009-02,35336.60000000001,27427.21666666667
PL · Encino,"promedio de los demás pluviómetros (sin Pueblo Viejo, Coromoro)",2009-03,35743.400000000016,27736.51666666667
PL · Encino,"promedio de los demás pluviómetros (sin Pueblo Viejo, Coromoro)",2009-04,36079.60000000001,27955.11666666667
PL · Encino,"promedio de los demás pluviómetros (sin Pueblo Viejo, Coromoro)",2009-05,36153.30000000001,28140.31666666667
PL · Encino,"promedio de los demás pluviómetros (sin Pueblo Viejo, Coromoro)",2009-08,36203.70000000001,28487.71666666667
PL · Encino,"promedio de los demás pluviómetros (sin Pueblo Viejo, Coromoro)",2009-09,36279.000000000015,28608.741666666672
PL · Encino,"promedio de los demás pluviómetros (sin Pueblo Viejo, Coromoro)",2009-10,36568.500000000015,28818.66666666667
PL · Encino,"promedio de los demás pluviómetros (sin Pueblo Viejo, Coromoro)",2009-11,37031.900000000016,29003.116666666672
PL · Encino,"promedio de los demás pluviómetros (sin Pueblo Viejo, Coromoro)",2009-12,37292.70000000002,29111.316666666673
PL · Encino,"promedio de los demás pluviómetros (sin Pueblo Viejo, Coromoro)",2010-01,37489.400000000016,29156.28333333334
PL · Encino,"promedio de los demás pluviómetros (sin Pueblo Viejo, Coromoro)",2010-02,37653.20000000002,29230.28333333334
PL · Encino,"promedio de los demás pluviómetros (sin Pueblo Viejo, Coromoro)",2010-03,38004.70000000002,29379.38333333334
PL · Encino,"promedio de los demás pluviómetros (sin Pueblo Viejo, Coromoro)",2010-04,38316.60000000002,29646.90833333334
PL · Encino,"promedio de los demás pluviómetros (sin Pueblo Viejo, Coromoro)",2010-05,38596.60000000002,29958.80833333334
PL · Encino,"promedio de los demás pluviómetros (sin Pueblo Viejo, Coromoro)",2010-06,38854.20000000002,30205.133333333342
PL · Encino,"promedio de los demás pluviómetros (sin Pueblo Viejo, Coromoro)",2010-07,39089.900000000016,30557.73333333334
PL · Encino,"promedio de los demás pluviómetros (sin Pueblo Viejo, Coromoro)",2010-08,39262.30000000002,30802.35833333334
PL · Encino,"promedio de los demás pluviómetros (sin Pueblo Viejo, Coromoro)",2010-09,39568.500000000015,31138.85833333334
PL · Encino,"promedio de los demás pluviómetros (sin Pueblo Viejo, Coromoro)",2010-10,39900.900000000016,31439.95833333334
PL · Encino,"promedio de los demás pluviómetros (sin Pueblo Viejo, Coromoro)",2010-11,40431.400000000016,31738.98333333334
PL · Encino,"promedio de los demás pluviómetros (sin Pueblo Viejo, Coromoro)",2010-12,40611.10000000001,31829.90833333334
PL · Encino,"promedio de los demás pluviómetros (sin Pueblo Viejo, Coromoro)",2011-01,40723.80000000001,31916.55833333334
PL · Encino,"promedio de los demás pluviómetros (sin Pueblo Viejo, Coromoro)",2011-02,41008.00000000001,32068.48333333334
PL · Encino,"promedio de los demás pluviómetros (sin Pueblo Viejo, Coromoro)",2011-03,41257.90000000001,32438.60833333334
PL · Encino,"promedio de los demás pluviómetros (sin Pueblo Viejo, Coromoro)",2011-04,41649.90000000001,32924.04166666667
PL · Encino,"promedio de los demás pluviómetros (sin Pueblo Viejo, Coromoro)",2011-05,41948.80000000001,33224.24166666667
PL · Encino,"promedio de los demás pluviómetros (sin Pueblo Viejo, Coromoro)",2011-06,42080.80000000001,33412.49166666667
PL · Encino,"promedio de los demás pluviómetros (sin Pueblo Viejo, Coromoro)",2011-07,42159.80000000001,33555.61666666667
PL · Encino,"promedio de los demás pluviómetros (sin Pueblo Viejo, Coromoro)",2011-08,42425.80000000001,33787.28333333333
PL · Encino,"promedio de los demás pluviómetros (sin Pueblo Viejo, Coromoro)",2011-09,42604.50000000001,33991.333333333336
PL · Encino,"promedio de los demás pluviómetros (sin Pueblo Viejo, Coromoro)",2011-10,42911.80000000001,34360.26666666667
PL · Encino,"promedio de los demás pluviómetros (sin Pueblo Viejo, Coromoro)",2011-11,43298.40000000001,34653.76666666667
PL · Encino,"promedio de los demás pluviómetros (sin Pueblo Viejo, Coromoro)",2011-12,43790.40000000001,34822.433333333334
PL · Encino,"promedio de los demás pluviómetros (sin Pueblo Viejo, Coromoro)",2012-01,44258.100000000006,34920.63333333333
PL · Encino,"promedio de los demás pluviómetros (sin Pueblo Viejo, Coromoro)",2012-02,44413.40000000001,34960.98333333333
PL · Encino,"promedio de los demás pluviómetros (sin Pueblo Viejo, Coromoro)",2012-03,44643.70000000001,35268.88333333333
PL · Encino,"promedio de los demás pluviómetros (sin Pueblo Viejo, Coromoro)",2012-04,45117.20000000001,35662.308333333334
PL · Encino,"promedio de los demás pluviómetros (sin Pueblo Viejo, Coromoro)",2012-05,45425.60000000001,35900.28333333333
PL · Encino,"promedio de los demás pluviómetros (sin Pueblo Viejo, Coromoro)",2012-06,45550.80000000001,36034.53333333333
PL · Encino,"promedio de los demás pluviómetros (sin Pueblo Viejo, Coromoro)",2012-07,45615.40000000001,36164.708333333336
PL · Encino,"promedio de los demás pluviómetros (sin Pueblo Viejo, Coromoro)",2012-08,45810.70000000001,36368.708333333336
PL · Encino,"promedio de los demás pluviómetros (sin Pueblo Viejo, Coromoro)",2012-09,45948.70000000001,36529.583333333336
PL · Encino,"promedio de los demás pluviómetros (sin Pueblo Viejo, Coromoro)",2012-10,46324.90000000001,36818.333333333336
PL · Encino,"promedio de los demás pluviómetros (sin Pueblo Viejo, Coromoro)",2012-11,46582.80000000001,36923.458333333336
PL · Encino,"promedio de los demás pluviómetros (sin Pueblo Viejo, Coromoro)",2012-12,46761.00000000001,36996.60833333334
PL · Encino,"promedio de los demás pluviómetros (sin Pueblo Viejo, Coromoro)",2013-01,46871.700000000004,37035.833333333336
PL · Encino,"promedio de los demás pluviómetros (sin Pueblo Viejo, Coromoro)",2013-02,47411.8,37188.65833333333
PL · Encino,"promedio de los demás pluviómetros (sin Pueblo Viejo, Coromoro)",2013-03,47792.0,37370.98333333333
PL · Encino,"promedio de los demás pluviómetros (sin Pueblo Viejo, Coromoro)",2013-04,48174.2,37664.75833333333
PL · Encino,"promedio de los demás pluviómetros (sin Pueblo Viejo, Coromoro)",2013-05,48548.899999999994,38014.558333333334
PL · Encino,"promedio de los demás pluviómetros (sin Pueblo Viejo, Coromoro)",2013-06,48617.49999999999,38116.50833333333
PL · Encino,"promedio de los demás pluviómetros (sin Pueblo Viejo, Coromoro)",2013-07,48667.59999999999,38205.50833333333
PL · Encino,"promedio de los demás pluviómetros (sin Pueblo Viejo, Coromoro)",2013-08,48890.29999999999,38401.075
PL · Encino,"promedio de los demás pluviómetros (sin Pueblo Viejo, Coromoro)",2013-09,48992.499999999985,38556.0
PL · Encino,"promedio de los demás pluviómetros (sin Pueblo Viejo, Coromoro)",2013-10,49257.29999999999,38845.65
PL · Encino,"promedio de los demás pluviómetros (sin Pueblo Viejo, Coromoro)",2013-11,49650.999999999985,39058.583333333336
PL · Encino,"promedio de los demás pluviómetros (sin Pueblo Viejo, Coromoro)",2013-12,49974.19999999998,39180.53333333333
PL · Encino,"promedio de los demás pluviómetros (sin Pueblo Viejo, Coromoro)",2014-01,50347.29999999998,39233.60833333333
PL · Encino,"promedio de los demás pluviómetros (sin Pueblo Viejo, Coromoro)",2014-02,50670.599999999984,39445.10833333333
PL · Encino,"promedio de los demás pluviómetros (sin Pueblo Viejo, Coromoro)",2014-03,51105.499999999985,39618.60833333333
PL · Encino,"promedio de los demás pluviómetros (sin Pueblo Viejo, Coromoro)",2014-04,51374.599999999984,39917.45833333333
PL · Encino,"promedio de los demás pluviómetros (sin Pueblo Viejo, Coromoro)",2014-05,51721.599999999984,40170.63333333333
PL · Encino,"promedio de los demás pluviómetros (sin Pueblo Viejo, Coromoro)",2014-06,51746.39999999999,40307.40833333333
PL · Encino,"promedio de los demás pluviómetros (sin Pueblo Viejo, Coromoro)",2014-07,51895.19999999999,40427.90833333333
PL · Encino,"promedio de los demás pluviómetros (sin Pueblo Viejo, Coromoro)",2014-08,52026.79999999999,40603.458333333336
PL · Encino,"promedio de los demás pluviómetros (sin Pueblo Viejo, Coromoro)",2014-09,52174.29999999999,40791.88333333334
PL · Encino,"promedio de los demás pluviómetros (sin Pueblo Viejo, Coromoro)",2014-10,52562.499999999985,41071.28333333334
PL · Encino,"promedio de los demás pluviómetros (sin Pueblo Viejo, Coromoro)",2014-11,52992.69999999998,41322.48333333334
PL · Encino,"promedio de los demás pluviómetros (sin Pueblo Viejo, Coromoro)",2014-12,53223.79999999998,41439.183333333334
PL · Encino,"promedio de los demás pluviómetros (sin Pueblo Viejo, Coromoro)",2015-01,53416.69999999998,41544.53333333333
PL · Encino,"promedio de los demás pluviómetros (sin Pueblo Viejo, Coromoro)",2015-02,53664.79999999998,41664.808333333334
PL · Encino,"promedio de los demás pluviómetros (sin Pueblo Viejo, Coromoro)",2015-03,54151.99999999998,41935.25833333333
PL · Encino,"promedio de los demás pluviómetros (sin Pueblo Viejo, Coromoro)",2015-04,54555.29999999998,42326.20833333333
PL · Encino,"promedio de los demás pluviómetros (sin Pueblo Viejo, Coromoro)",2015-05,54695.099999999984,42478.73333333333
PL · Encino,"promedio de los demás pluviómetros (sin Pueblo Viejo, Coromoro)",2015-06,54729.79999999998,42556.28333333333
PL · Encino,"promedio de los demás pluviómetros (sin Pueblo Viejo, Coromoro)",2015-07,54811.99999999998,42704.63333333333
PL · Encino,"promedio de los demás pluviómetros (sin Pueblo Viejo, Coromoro)",2015-08,54947.09999999998,42947.03333333333
PL · Encino,"promedio de los demás pluviómetros (sin Pueblo Viejo, Coromoro)",2015-09,55074.39999999998,43130.46666666667
PL · Encino,"promedio de los demás pluviómetros (sin Pueblo Viejo, Coromoro)",2015-10,55460.59999999998,43357.61666666667
PL · Encino,"promedio de los demás pluviómetros (sin Pueblo Viejo, Coromoro)",2015-11,55707.299999999974,43494.98333333334
PL · Encino,"promedio de los demás pluviómetros (sin Pueblo Viejo, Coromoro)",2015-12,55839.299999999974,43557.28333333334
PL · Encino,"promedio de los demás pluviómetros (sin Pueblo Viejo, Coromoro)",2019-01,55987.299999999974,43628.30833333334
PL · Encino,"promedio de los demás pluviómetros (sin Pueblo Viejo, Coromoro)",2019-02,56522.49999999997,43789.33333333334
PL · Encino,"promedio de los demás pluviómetros (sin Pueblo Viejo, Coromoro)",2019-03,57064.99999999997,44080.008333333346
PL · Encino,"promedio de los demás pluviómetros (sin Pueblo Viejo, Coromoro)",2019-04,57345.09999999997,44358.65833333335
PL · Encino,"promedio de los demás pluviómetros (sin Pueblo Viejo, Coromoro)",2019-05,57586.79999999997,44670.90833333335
PL · Encino,"promedio de los demás pluviómetros (sin Pueblo Viejo, Coromoro)",2019-06,57697.49999999996,44767.33333333335
PL · Encino,"promedio de los demás pluviómetros (sin Pueblo Viejo, Coromoro)",2019-07,57833.99999999996,44913.48333333335
PL · Encino,"promedio de los demás pluviómetros (sin Pueblo Viejo, Coromoro)",2019-08,57912.69999999996,45049.158333333355
PL · Encino,"promedio de los demás pluviómetros (sin Pueblo Viejo, Coromoro)",2019-09,58085.19999999996,45264.00833333335
PL · Encino,"promedio de los demás pluviómetros (sin Pueblo Viejo, Coromoro)",2019-10,58371.39999999996,45498.33333333335
PL · Encino,"promedio de los demás pluviómetros (sin Pueblo Viejo, Coromoro)",2019-11,58707.599999999955,45683.23333333335
PL · Encino,"promedio de los demás pluviómetros (sin Pueblo Viejo, Coromoro)",2019-12,59089.099999999955,45769.13333333335
PL · Encino,"promedio de los demás pluviómetros (sin Pueblo Viejo, Coromoro)",2020-01,59253.499999999956,45806.50833333335
PL · Encino,"promedio de los demás pluviómetros (sin Pueblo Viejo, Coromoro)",2020-02,59373.599999999955,45869.60833333335
PL · Encino,"promedio de los demás pluviómetros (sin Pueblo Viejo, Coromoro)",2020-03,59760.29999999995,46105.50833333335
PL · Encino,"promedio de los demás pluviómetros (sin Pueblo Viejo, Coromoro)",2020-04,60111.89999999995,46295.63333333335
PL · Encino,"promedio de los demás pluviómetros (sin Pueblo Viejo, Coromoro)",2020-05,60379.59999999995,46502.50833333335
PL · Encino,"promedio de los demás pluviómetros (sin Pueblo Viejo, Coromoro)",2020-06,60639.99999999995,46758.23333333335
PL · Encino,"promedio de los demás pluviómetros (sin Pueblo Viejo, Coromoro)",2020-07,60832.09999999995,46968.05833333335
PL · Encino,"promedio de los demás pluviómetros (sin Pueblo Viejo, Coromoro)",2020-08,61125.09999999995,47152.35833333335
PL · Encino,"promedio de los demás pluviómetros (sin Pueblo Viejo, Coromoro)",2020-09,61309.299999999945,47388.08333333335
PL · Encino,"promedio de los demás pluviómetros (sin Pueblo Viejo, Coromoro)",2020-10,61629.699999999946,47692.18333333335
PL · Encino,"promedio de los demás pluviómetros (sin Pueblo Viejo, Coromoro)",2020-11,62023.799999999945,48057.43333333335
PL · Encino,"promedio de los demás pluviómetros (sin Pueblo Viejo, Coromoro)",2020-12,62392.699999999946,48167.65833333335
PL · Encino,"promedio de los demás pluviómetros (sin Pueblo Viejo, Coromoro)",2021-01,62424.799999999945,48205.108333333344
PL · Encino,"promedio de los demás pluviómetros (sin Pueblo Viejo, Coromoro)",2021-02,62544.59999999995,48342.30833333334
PL · Encino,"promedio de los demás pluviómetros (sin Pueblo Viejo, Coromoro)",2021-03,62967.89999999995,48632.28333333334
PL · Encino,"promedio de los demás pluviómetros (sin Pueblo Viejo, Coromoro)",2021-04,63274.99999999995,48870.10833333334
PL · Encino,"promedio de los demás pluviómetros (sin Pueblo Viejo, Coromoro)",2021-05,63516.99999999995,49179.958333333336
PL · Encino,"promedio de los demás pluviómetros (sin Pueblo Viejo, Coromoro)",2021-06,63634.99999999995,49374.708333333336
PL · Encino,"promedio de los demás pluviómetros (sin Pueblo Viejo, Coromoro)",2021-07,63714.199999999946,49586.03333333333
PL · Encino,"promedio de los demás pluviómetros (sin Pueblo Viejo, Coromoro)",2021-08,63856.99999999995,49858.708333333336
PL · Encino,"promedio de los demás pluviómetros (sin Pueblo Viejo, Coromoro)",2021-09,64089.49999999995,50155.63333333334
PL · Encino,"promedio de los demás pluviómetros (sin Pueblo Viejo, Coromoro)",2021-10,64471.199999999946,50416.78333333334
PL · Encino,"promedio de los demás pluviómetros (sin Pueblo Viejo, Coromoro)",2021-11,64721.799999999945,50601.40833333334
PL · Encino,"promedio de los demás pluviómetros (sin Pueblo Viejo, Coromoro)",2021-12,64964.199999999946,50687.75833333334
PL · Encino,"promedio de los demás pluviómetros (sin Pueblo Viejo, Coromoro)",2022-01,65146.59999999995,50719.25833333334
PL · Encino,"promedio de los demás pluviómetros (sin Pueblo Viejo, Coromoro)",2022-02,65437.799999999945,50866.00833333334
PL · Encino,"promedio de los demás pluviómetros (sin Pueblo Viejo, Coromoro)",2022-03,65873.79999999994,51176.98333333334
PL · Encino,"promedio de los demás pluviómetros (sin Pueblo Viejo, Coromoro)",2022-04,66260.29999999994,51451.208333333336
PL · Encino,"promedio de los demás pluviómetros (sin Pueblo Viejo, Coromoro)",2022-05,66573.69999999994,51746.63333333334
PL · Encino,"promedio de los demás pluviómetros (sin Pueblo Viejo, Coromoro)",2022-06,66830.99999999994,52120.53333333334
PL · Encino,"promedio de los demás pluviómetros (sin Pueblo Viejo, Coromoro)",2022-07,66979.39999999994,52291.65833333334
PL · Encino,"promedio de los demás pluviómetros (sin Pueblo Viejo, Coromoro)",2022-08,67126.79999999993,52533.98333333334
PL · Encino,"promedio de los demás pluviómetros (sin Pueblo Viejo, Coromoro)",2022-09,67463.39999999994,52882.23333333334
PL · Encino,"promedio de los demás pluviómetros (sin Pueblo Viejo, Coromoro)",2022-10,67922.99999999994,53180.98333333334
PL · Encino,"promedio de los demás pluviómetros (sin Pueblo Viejo, Coromoro)",2022-11,68268.89999999994,53528.50833333334
PL · Encino,"promedio de los demás pluviómetros (sin Pueblo Viejo, Coromoro)",2022-12,68617.29999999993,53627.80833333334
PL · Charalá,"promedio de los demás pluviómetros (sin Pueblo Viejo, Coromoro)",1998-01,80.6,60.35
PL · Charalá,"promedio de los demás pluviómetros (sin Pueblo Viejo, Coromoro)",1998-02,225.9,174.35
PL · Charalá,"promedio de los demás pluviómetros (sin Pueblo Viejo, Coromoro)",1998-03,417.9,405.375
PL · Charalá,"promedio de los demás pluviómetros (sin Pueblo Viejo, Coromoro)",1998-04,685.4,672.875
PL · Charalá,"promedio de los demás pluviómetros (sin Pueblo Viejo, Coromoro)",1998-05,941.0999999999999,942.25
PL · Charalá,"promedio de los demás pluviómetros (sin Pueblo Viejo, Coromoro)",1998-06,1082.6,1091.75
PL · Charalá,"promedio de los demás pluviómetros (sin Pueblo Viejo, Coromoro)",1998-07,1278.3999999999999,1277.8
PL · Charalá,"promedio de los demás pluviómetros (sin Pueblo Viejo, Coromoro)",1998-08,1470.4999999999998,1505.95
PL · Charalá,"promedio de los demás pluviómetros (sin Pueblo Viejo, Coromoro)",1998-09,1739.3999999999996,1730.7250000000001
PL · Charalá,"promedio de los demás pluviómetros (sin Pueblo Viejo, Coromoro)",1998-10,2231.0999999999995,2109.8250000000003
PL · Charalá,"promedio de los demás pluviómetros (sin Pueblo Viejo, Coromoro)",1998-11,2470.5999999999995,2339.4750000000004
PL · Charalá,"promedio de los demás pluviómetros (sin Pueblo Viejo, Coromoro)",1998-12,2742.5999999999995,2588.4000000000005
PL · Charalá,"promedio de los demás pluviómetros (sin Pueblo Viejo, Coromoro)",1999-01,2951.2999999999993,2777.1250000000005
PL · Charalá,"promedio de los demás pluviómetros (sin Pueblo Viejo, Coromoro)",1999-02,3329.0999999999995,3132.8750000000005
PL · Charalá,"promedio de los demás pluviómetros (sin Pueblo Viejo, Coromoro)",1999-03,3625.9999999999995,3362.9500000000003
PL · Charalá,"promedio de los demás pluviómetros (sin Pueblo Viejo, Coromoro)",1999-04,3895.0999999999995,3661.4
PL · Charalá,"promedio de los demás pluviómetros (sin Pueblo Viejo, Coromoro)",1999-05,4091.5999999999995,3926.025
PL · Charalá,"promedio de los demás pluviómetros (sin Pueblo Viejo, Coromoro)",1999-06,4430.099999999999,4177.35
PL · Charalá,"promedio de los demás pluviómetros (sin Pueblo Viejo, Coromoro)",1999-07,4570.2,4321.025000000001
PL · Charalá,"promedio de los demás pluviómetros (sin Pueblo Viejo, Coromoro)",1999-08,4855.0,4534.500000000001
PL · Charalá,"promedio de los demás pluviómetros (sin Pueblo Viejo, Coromoro)",1999-09,5217.5,4840.050000000001
PL · Charalá,"promedio de los demás pluviómetros (sin Pueblo Viejo, Coromoro)",1999-10,5625.4,5119.950000000001
PL · Charalá,"promedio de los demás pluviómetros (sin Pueblo Viejo, Coromoro)",1999-11,5946.9,5406.075000000001
PL · Charalá,"promedio de los demás pluviómetros (sin Pueblo Viejo, Coromoro)",1999-12,6134.299999999999,5615.500000000001
PL · Charalá,"promedio de los demás pluviómetros (sin Pueblo Viejo, Coromoro)",2000-01,6243.299999999999,5750.125000000001
PL · Charalá,"promedio de los demás pluviómetros (sin Pueblo Viejo, Coromoro)",2000-02,6461.499999999999,5977.175000000001
PL · Charalá,"promedio de los demás pluviómetros (sin Pueblo Viejo, Coromoro)",2000-03,6642.699999999999,6160.225000000001
PL · Charalá,"promedio de los demás pluviómetros (sin Pueblo Viejo, Coromoro)",2000-04,6928.899999999999,6447.875000000001
PL · Charalá,"promedio de los demás pluviómetros (sin Pueblo Viejo, Coromoro)",2000-05,7155.5999999999985,6659.200000000001
PL · Charalá,"promedio de los demás pluviómetros (sin Pueblo Viejo, Coromoro)",2000-06,7392.499999999998,6869.550000000001
PL · Charalá,"promedio de los demás pluviómetros (sin Pueblo Viejo, Coromoro)",2000-07,7550.899999999998,7052.975000000001
PL · Charalá,"promedio de los demás pluviómetros (sin Pueblo Viejo, Coromoro)",2000-08,7768.099999999998,7180.000000000001
PL · Charalá,"promedio de los demás pluviómetros (sin Pueblo Viejo, Coromoro)",2000-09,8020.299999999997,7461.900000000001
PL · Charalá,"promedio de los demás pluviómetros (sin Pueblo Viejo, Coromoro)",2000-10,8247.599999999997,7704.6
PL · Charalá,"promedio de los demás pluviómetros (sin Pueblo Viejo, Coromoro)",2000-11,8418.799999999997,7925.775000000001
PL · Charalá,"promedio de los demás pluviómetros (sin Pueblo Viejo, Coromoro)",2000-12,8484.799999999997,8016.500000000001
PL · Charalá,"promedio de los demás pluviómetros (sin Pueblo Viejo, Coromoro)",2001-01,8623.399999999998,8104.2333333333345
PL · Charalá,"promedio de los demás pluviómetros (sin Pueblo Viejo, Coromoro)",2001-02,8784.399999999998,8200.083333333334
PL · Charalá,"promedio de los demás pluviómetros (sin Pueblo Viejo, Coromoro)",2001-03,9052.199999999997,8434.158333333335
PL · Charalá,"promedio de los demás pluviómetros (sin Pueblo Viejo, Coromoro)",2001-04,9182.499999999996,8638.433333333334
PL · Charalá,"promedio de los demás pluviómetros (sin Pueblo Viejo, Coromoro)",2001-05,9465.599999999997,8924.833333333334
PL · Charalá,"promedio de los demás pluviómetros (sin Pueblo Viejo, Coromoro)",2001-06,9633.699999999997,9083.658333333335
PL · Charalá,"promedio de los demás pluviómetros (sin Pueblo Viejo, Coromoro)",2001-07,9775.899999999998,9246.608333333335
PL · Charalá,"promedio de los demás pluviómetros (sin Pueblo Viejo, Coromoro)",2001-08,9952.899999999998,9356.983333333335
PL · Charalá,"promedio de los demás pluviómetros (sin Pueblo Viejo, Coromoro)",2001-09,10230.199999999997,9565.633333333335
PL · Charalá,"promedio de los demás pluviómetros (sin Pueblo Viejo, Coromoro)",2001-10,10591.399999999998,9838.733333333335
PL · Charalá,"promedio de los demás pluviómetros (sin Pueblo Viejo, Coromoro)",2001-11,10980.199999999997,10061.333333333336
PL · Charalá,"promedio de los demás pluviómetros (sin Pueblo Viejo, Coromoro)",2001-12,11228.799999999997,10272.033333333336
PL · Charalá,"promedio de los demás pluviómetros (sin Pueblo Viejo, Coromoro)",2002-01,11318.499999999998,10323.258333333337
PL · Charalá,"promedio de los demás pluviómetros (sin Pueblo Viejo, Coromoro)",2002-02,11402.099999999999,10401.033333333336
PL · Charalá,"promedio de los demás pluviómetros (sin Pueblo Viejo, Coromoro)",2002-03,11566.199999999999,10637.558333333336
PL · Charalá,"promedio de los demás pluviómetros (sin Pueblo Viejo, Coromoro)",2002-04,12007.4,10995.708333333336
PL · Charalá,"promedio de los demás pluviómetros (sin Pueblo Viejo, Coromoro)",2002-05,12222.9,11286.633333333335
PL · Charalá,"promedio de los demás pluviómetros (sin Pueblo Viejo, Coromoro)",2002-06,12397.0,11482.508333333335
PL · Charalá,"promedio de los demás pluviómetros (sin Pueblo Viejo, Coromoro)",2002-07,12501.1,11589.033333333335
PL · Charalá,"promedio de los demás pluviómetros (sin Pueblo Viejo, Coromoro)",2002-08,12837.6,11720.333333333334
PL · Charalá,"promedio de los demás pluviómetros (sin Pueblo Viejo, Coromoro)",2002-09,13099.5,11909.233333333334
PL · Charalá,"promedio de los demás pluviómetros (sin Pueblo Viejo, Coromoro)",2002-10,13344.4,12141.358333333334
PL · Charalá,"promedio de los demás pluviómetros (sin Pueblo Viejo, Coromoro)",2002-11,13583.5,12327.633333333333
PL · Charalá,"promedio de los demás pluviómetros (sin Pueblo Viejo, Coromoro)",2002-12,13822.7,12483.133333333333
PL · Charalá,"promedio de los demás pluviómetros (sin Pueblo Viejo, Coromoro)",2003-01,13835.6,12519.083333333334
PL · Charalá,"promedio de los demás pluviómetros (sin Pueblo Viejo, Coromoro)",2003-02,14025.4,12602.883333333333
PL · Charalá,"promedio de los demás pluviómetros (sin Pueblo Viejo, Coromoro)",2003-03,14225.699999999999,12828.683333333332
PL · Charalá,"promedio de los demás pluviómetros (sin Pueblo Viejo, Coromoro)",2003-04,14553.4,13208.183333333332
PL · Charalá,"promedio de los demás pluviómetros (sin Pueblo Viejo, Coromoro)",2003-05,14875.8,13477.108333333332
PL · Charalá,"promedio de los demás pluviómetros (sin Pueblo Viejo, Coromoro)",2003-06,15114.9,13700.033333333331
PL · Charalá,"promedio de los demás pluviómetros (sin Pueblo Viejo, Coromoro)",2003-07,15214.5,13858.999999999998
PL · Charalá,"promedio de los demás pluviómetros (sin Pueblo Viejo, Coromoro)",2003-08,15480.3,14063.224999999999
PL · Charalá,"promedio de los demás pluviómetros (sin Pueblo Viejo, Coromoro)",2003-09,15791.599999999999,14337.724999999999
PL · Charalá,"promedio de los demás pluviómetros (sin Pueblo Viejo, Coromoro)",2003-10,16083.899999999998,14763.524999999998
PL · Charalá,"promedio de los demás pluviómetros (sin Pueblo Viejo, Coromoro)",2003-11,16448.999999999996,15125.499999999998
PL · Charalá,"promedio de los demás pluviómetros (sin Pueblo Viejo, Coromoro)",2003-12,16597.099999999995,15264.299999999997
PL · Charalá,"promedio de los demás pluviómetros (sin Pueblo Viejo, Coromoro)",2004-01,16688.199999999993,15427.899999999998
PL · Charalá,"promedio de los demás pluviómetros (sin Pueblo Viejo, Coromoro)",2004-02,16765.299999999992,15565.999999999998
PL · Charalá,"promedio de los demás pluviómetros (sin Pueblo Viejo, Coromoro)",2004-03,16877.89999999999,15766.999999999998
PL · Charalá,"promedio de los demás pluviómetros (sin Pueblo Viejo, Coromoro)",2004-04,17218.09999999999,16101.524999999998
PL · Charalá,"promedio de los demás pluviómetros (sin Pueblo Viejo, Coromoro)",2004-05,17543.999999999993,16495.8
PL · Charalá,"promedio de los demás pluviómetros (sin Pueblo Viejo, Coromoro)",2004-06,17687.799999999992,16627.475
PL · Charalá,"promedio de los demás pluviómetros (sin Pueblo Viejo, Coromoro)",2004-07,17921.299999999992,16797.225
PL · Charalá,"promedio de los demás pluviómetros (sin Pueblo Viejo, Coromoro)",2004-08,18064.199999999993,16906.125
PL · Charalá,"promedio de los demás pluviómetros (sin Pueblo Viejo, Coromoro)",2004-09,18410.099999999995,17176.35
PL · Charalá,"promedio de los demás pluviómetros (sin Pueblo Viejo, Coromoro)",2004-12,18535.099999999995,17309.5
PL · Charalá,"promedio de los demás pluviómetros (sin Pueblo Viejo, Coromoro)",2005-01,18717.799999999996,17532.25
PL · Charalá,"promedio de los demás pluviómetros (sin Pueblo Viejo, Coromoro)",2005-02,18852.499999999996,17757.5
PL · Charalá,"promedio de los demás pluviómetros (sin Pueblo Viejo, Coromoro)",2005-03,19163.399999999998,17852.975
PL · Charalá,"promedio de los demás pluviómetros (sin Pueblo Viejo, Coromoro)",2005-06,19362.3,18023.925
PL · Charalá,"promedio de los demás pluviómetros (sin Pueblo Viejo, Coromoro)",2005-07,19581.899999999998,18171.45
PL · Charalá,"promedio de los demás pluviómetros (sin Pueblo Viejo, Coromoro)",2005-08,19667.699999999997,18332.425
PL · Charalá,"promedio de los demás pluviómetros (sin Pueblo Viejo, Coromoro)",2005-09,19703.899999999998,18545.725
PL · Charalá,"promedio de los demás pluviómetros (sin Pueblo Viejo, Coromoro)",2005-11,20012.999999999996,18876.1
PL · Charalá,"promedio de los demás pluviómetros (sin Pueblo Viejo, Coromoro)",2005-12,20113.599999999995,19012.274999999998
PL · Charalá,"promedio de los demás pluviómetros (sin Pueblo Viejo, Coromoro)",2006-01,20253.099999999995,19136.05
PL · Charalá,"promedio de los demás pluviómetros (sin Pueblo Viejo, Coromoro)",2006-02,20340.299999999996,19202.45
PL · Charalá,"promedio de los demás pluviómetros (sin Pueblo Viejo, Coromoro)",2006-03,20674.199999999997,19537.95
PL · Charalá,"promedio de los demás pluviómetros (sin Pueblo Viejo, Coromoro)",2006-04,20979.299999999996,19878.975000000002
PL · Charalá,"promedio de los demás pluviómetros (sin Pueblo Viejo, Coromoro)",2006-05,21321.699999999997,20224.925000000003
PL · Charalá,"promedio de los demás pluviómetros (sin Pueblo Viejo, Coromoro)",2006-06,21499.199999999997,20451.250000000004
PL · Charalá,"promedio de los demás pluviómetros (sin Pueblo Viejo, Coromoro)",2006-07,21568.499999999996,20571.325000000004
PL · Charalá,"promedio de los demás pluviómetros (sin Pueblo Viejo, Coromoro)",2006-08,21672.899999999998,20785.950000000004
PL · Charalá,"promedio de los demás pluviómetros (sin Pueblo Viejo, Coromoro)",2006-09,21844.199999999997,20978.400000000005
PL · Charalá,"promedio de los demás pluviómetros (sin Pueblo Viejo, Coromoro)",2006-10,22247.799999999996,21315.025000000005
PL · Charalá,"promedio de los demás pluviómetros (sin Pueblo Viejo, Coromoro)",2006-11,22532.099999999995,21663.900000000005
PL · Charalá,"promedio de los demás pluviómetros (sin Pueblo Viejo, Coromoro)",2006-12,22784.299999999996,21849.825000000004
PL · Charalá,"promedio de los demás pluviómetros (sin Pueblo Viejo, Coromoro)",2007-01,22896.799999999996,22052.700000000004
PL · Charalá,"promedio de los demás pluviómetros (sin Pueblo Viejo, Coromoro)",2007-02,22939.299999999996,22121.125000000004
PL · Charalá,"promedio de los demás pluviómetros (sin Pueblo Viejo, Coromoro)",2007-03,23287.999999999996,22456.700000000004
PL · Charalá,"promedio de los demás pluviómetros (sin Pueblo Viejo, Coromoro)",2007-04,23662.699999999997,22784.450000000004
PL · Charalá,"promedio de los demás pluviómetros (sin Pueblo Viejo, Coromoro)",2007-05,24077.199999999997,23095.375000000004
PL · Charalá,"promedio de los demás pluviómetros (sin Pueblo Viejo, Coromoro)",2007-06,24163.699999999997,23260.875000000004
PL · Charalá,"promedio de los demás pluviómetros (sin Pueblo Viejo, Coromoro)",2007-07,24377.499999999996,23485.425000000003
PL · Charalá,"promedio de los demás pluviómetros (sin Pueblo Viejo, Coromoro)",2007-08,24561.599999999995,23784.100000000002
PL · Charalá,"promedio de los demás pluviómetros (sin Pueblo Viejo, Coromoro)",2007-09,24806.999999999996,23988.975000000002
PL · Charalá,"promedio de los demás pluviómetros (sin Pueblo Viejo, Coromoro)",2007-10,25211.899999999998,24423.45
PL · Charalá,"promedio de los demás pluviómetros (sin Pueblo Viejo, Coromoro)",2007-11,25384.6,24661.95
PL · Charalá,"promedio de los demás pluviómetros (sin Pueblo Viejo, Coromoro)",2007-12,25606.6,24855.216666666667
PL · Charalá,"promedio de los demás pluviómetros (sin Pueblo Viejo, Coromoro)",2008-01,25734.199999999997,24952.183333333334
PL · Charalá,"promedio de los demás pluviómetros (sin Pueblo Viejo, Coromoro)",2008-02,25948.299999999996,25062.81666666667
PL · Charalá,"promedio de los demás pluviómetros (sin Pueblo Viejo, Coromoro)",2008-03,26105.499999999996,25269.19166666667
PL · Charalá,"promedio de los demás pluviómetros (sin Pueblo Viejo, Coromoro)",2008-04,26362.799999999996,25518.96666666667
PL · Charalá,"promedio de los demás pluviómetros (sin Pueblo Viejo, Coromoro)",2008-05,26753.199999999997,25831.89166666667
PL · Charalá,"promedio de los demás pluviómetros (sin Pueblo Viejo, Coromoro)",2008-06,27042.6,26016.41666666667
PL · Charalá,"promedio de los demás pluviómetros (sin Pueblo Viejo, Coromoro)",2008-07,27162.1,26265.741666666672
PL · Charalá,"promedio de los demás pluviómetros (sin Pueblo Viejo, Coromoro)",2008-08,27579.399999999998,26501.691666666673
PL · Charalá,"promedio de los demás pluviómetros (sin Pueblo Viejo, Coromoro)",2008-09,27744.1,26753.466666666674
PL · Charalá,"promedio de los demás pluviómetros (sin Pueblo Viejo, Coromoro)",2008-10,28095.199999999997,27073.591666666674
PL · Charalá,"promedio de los demás pluviómetros (sin Pueblo Viejo, Coromoro)",2008-11,28417.499999999996,27356.416666666675
PL · Charalá,"promedio de los demás pluviómetros (sin Pueblo Viejo, Coromoro)",2008-12,28610.999999999996,27443.716666666674
PL · Charalá,"promedio de los demás pluviómetros (sin Pueblo Viejo, Coromoro)",2009-01,28804.899999999998,27583.716666666674
PL · Charalá,"promedio de los demás pluviómetros (sin Pueblo Viejo, Coromoro)",2009-02,29025.6,27799.191666666673
PL · Charalá,"promedio de los demás pluviómetros (sin Pueblo Viejo, Coromoro)",2009-03,29321.0,28136.341666666674
PL · Charalá,"promedio de los demás pluviómetros (sin Pueblo Viejo, Coromoro)",2009-04,29629.0,28361.991666666676
PL · Charalá,"promedio de los demás pluviómetros (sin Pueblo Viejo, Coromoro)",2009-05,29855.2,28509.066666666677
PL · Charalá,"promedio de los demás pluviómetros (sin Pueblo Viejo, Coromoro)",2009-06,30008.0,28690.833333333343
PL · Charalá,"promedio de los demás pluviómetros (sin Pueblo Viejo, Coromoro)",2009-07,30098.8,28811.90000000001
PL · Charalá,"promedio de los demás pluviómetros (sin Pueblo Viejo, Coromoro)",2009-08,30351.2,29108.80000000001
PL · Charalá,"promedio de los demás pluviómetros (sin Pueblo Viejo, Coromoro)",2009-09,30506.0,29209.95000000001
PL · Charalá,"promedio de los demás pluviómetros (sin Pueblo Viejo, Coromoro)",2009-10,30765.1,29427.475000000013
PL · Charalá,"promedio de los demás pluviómetros (sin Pueblo Viejo, Coromoro)",2009-11,30953.6,29680.650000000012
PL · Charalá,"promedio de los demás pluviómetros (sin Pueblo Viejo, Coromoro)",2009-12,31084.1,29821.425000000014
PL · Charalá,"promedio de los demás pluviómetros (sin Pueblo Viejo, Coromoro)",2010-01,31126.3,29917.89166666668
PL · Charalá,"promedio de los demás pluviómetros (sin Pueblo Viejo, Coromoro)",2010-02,31201.5,30014.041666666682
PL · Charalá,"promedio de los demás pluviómetros (sin Pueblo Viejo, Coromoro)",2010-03,31452.9,30188.166666666682
PL · Charalá,"promedio de los demás pluviómetros (sin Pueblo Viejo, Coromoro)",2010-04,31792.2,30448.84166666668
PL · Charalá,"promedio de los demás pluviómetros (sin Pueblo Viejo, Coromoro)",2010-05,32158.9,30739.06666666668
PL · Charalá,"promedio de los demás pluviómetros (sin Pueblo Viejo, Coromoro)",2010-06,32445.5,30978.14166666668
PL · Charalá,"promedio de los demás pluviómetros (sin Pueblo Viejo, Coromoro)",2010-07,32802.7,31300.36666666668
PL · Charalá,"promedio de los demás pluviómetros (sin Pueblo Viejo, Coromoro)",2010-08,33055.6,31524.86666666668
PL · Charalá,"promedio de los demás pluviómetros (sin Pueblo Viejo, Coromoro)",2010-09,33379.1,31857.04166666668
PL · Charalá,"promedio de los demás pluviómetros (sin Pueblo Viejo, Coromoro)",2010-10,33769.299999999996,32143.69166666668
PL · Charalá,"promedio de los demás pluviómetros (sin Pueblo Viejo, Coromoro)",2010-11,34141.7,32482.24166666668
PL · Charalá,"promedio de los demás pluviómetros (sin Pueblo Viejo, Coromoro)",2010-12,34240.799999999996,32593.31666666668
PL · Charalá,"promedio de los demás pluviómetros (sin Pueblo Viejo, Coromoro)",2011-01,34403.2,32667.54166666668
PL · Charalá,"promedio de los demás pluviómetros (sin Pueblo Viejo, Coromoro)",2011-02,34555.1,32852.54166666668
PL · Charalá,"promedio de los demás pluviómetros (sin Pueblo Viejo, Coromoro)",2011-03,34928.9,33191.69166666668
PL · Charalá,"promedio de los demás pluviómetros (sin Pueblo Viejo, Coromoro)",2011-04,35400.0,33650.758333333346
PL · Charalá,"promedio de los demás pluviómetros (sin Pueblo Viejo, Coromoro)",2011-05,35794.2,33927.133333333346
PL · Charalá,"promedio de los demás pluviómetros (sin Pueblo Viejo, Coromoro)",2011-06,35942.0,34111.43333333335
PL · Charalá,"promedio de los demás pluviómetros (sin Pueblo Viejo, Coromoro)",2011-07,36117.4,34230.45833333335
PL · Charalá,"promedio de los demás pluviómetros (sin Pueblo Viejo, Coromoro)",2011-08,36230.200000000004,34513.19166666668
PL · Charalá,"promedio de los demás pluviómetros (sin Pueblo Viejo, Coromoro)",2011-09,36466.600000000006,34702.81666666668
PL · Charalá,"promedio de los demás pluviómetros (sin Pueblo Viejo, Coromoro)",2011-10,36874.50000000001,35038.21666666668
PL · Charalá,"promedio de los demás pluviómetros (sin Pueblo Viejo, Coromoro)",2011-11,37238.700000000004,35342.91666666668
PL · Charalá,"promedio de los demás pluviómetros (sin Pueblo Viejo, Coromoro)",2011-12,37508.700000000004,35585.58333333334
PL · Charalá,"promedio de los demás pluviómetros (sin Pueblo Viejo, Coromoro)",2012-01,37695.00000000001,35754.133333333346
PL · Charalá,"promedio de los demás pluviómetros (sin Pueblo Viejo, Coromoro)",2012-02,37747.600000000006,35820.15833333335
PL · Charalá,"promedio de los demás pluviómetros (sin Pueblo Viejo, Coromoro)",2012-03,38074.700000000004,36103.858333333344
PL · Charalá,"promedio de los demás pluviómetros (sin Pueblo Viejo, Coromoro)",2012-04,38539.700000000004,36499.40833333335
PL · Charalá,"promedio de los demás pluviómetros (sin Pueblo Viejo, Coromoro)",2012-05,38866.4,36732.80833333335
PL · Charalá,"promedio de los demás pluviómetros (sin Pueblo Viejo, Coromoro)",2012-06,38981.6,36869.55833333335
PL · Charalá,"promedio de los demás pluviómetros (sin Pueblo Viejo, Coromoro)",2012-07,39149.5,36973.90833333335
PL · Charalá,"promedio de los demás pluviómetros (sin Pueblo Viejo, Coromoro)",2012-08,39320.1,37184.08333333335
PL · Charalá,"promedio de los demás pluviómetros (sin Pueblo Viejo, Coromoro)",2012-09,39541.1,37324.20833333335
PL · Charalá,"promedio de los demás pluviómetros (sin Pueblo Viejo, Coromoro)",2012-10,39893.299999999996,37618.95833333335
PL · Charalá,"promedio de los demás pluviómetros (sin Pueblo Viejo, Coromoro)",2012-11,40006.1,37760.35833333335
PL · Charalá,"promedio de los demás pluviómetros (sin Pueblo Viejo, Coromoro)",2012-12,40120.5,37849.45833333335
PL · Charalá,"promedio de los demás pluviómetros (sin Pueblo Viejo, Coromoro)",2013-01,40168.8,37904.28333333335
PL · Charalá,"promedio de los demás pluviómetros (sin Pueblo Viejo, Coromoro)",2013-02,40433.5,38125.95833333335
PL · Charalá,"promedio de los demás pluviómetros (sin Pueblo Viejo, Coromoro)",2013-03,40685.3,38340.38333333335
PL · Charalá,"promedio de los demás pluviómetros (sin Pueblo Viejo, Coromoro)",2013-04,41106.3,38624.45833333335
PL · Charalá,"promedio de los demás pluviómetros (sin Pueblo Viejo, Coromoro)",2013-05,41587.0,38947.75833333335
PL · Charalá,"promedio de los demás pluviómetros (sin Pueblo Viejo, Coromoro)",2013-06,41669.2,39046.308333333356
PL · Charalá,"promedio de los demás pluviómetros (sin Pueblo Viejo, Coromoro)",2013-07,41800.299999999996,39115.058333333356
PL · Charalá,"promedio de los demás pluviómetros (sin Pueblo Viejo, Coromoro)",2013-09,42044.6,39234.45833333336
PL · Charalá,"promedio de los demás pluviómetros (sin Pueblo Viejo, Coromoro)",2013-10,42365.7,39510.033333333355
PL · Charalá,"promedio de los demás pluviómetros (sin Pueblo Viejo, Coromoro)",2014-01,42434.399999999994,39639.20833333336
PL · Charalá,"promedio de los demás pluviómetros (sin Pueblo Viejo, Coromoro)",2014-02,42718.799999999996,39860.433333333356
PL · Charalá,"promedio de los demás pluviómetros (sin Pueblo Viejo, Coromoro)",2014-03,42939.299999999996,40087.533333333355
PL · Charalá,"promedio de los demás pluviómetros (sin Pueblo Viejo, Coromoro)",2014-04,43217.6,40384.08333333336
PL · Charalá,"promedio de los demás pluviómetros (sin Pueblo Viejo, Coromoro)",2014-05,43447.799999999996,40666.45833333336
PL · Charalá,"promedio de los demás pluviómetros (sin Pueblo Viejo, Coromoro)",2014-06,43548.99999999999,40784.13333333336
PL · Charalá,"promedio de los demás pluviómetros (sin Pueblo Viejo, Coromoro)",2014-07,43641.19999999999,40918.78333333336
PL · Charalá,"promedio de los demás pluviómetros (sin Pueblo Viejo, Coromoro)",2014-08,43818.79999999999,41082.833333333365
PL · Charalá,"promedio de los demás pluviómetros (sin Pueblo Viejo, Coromoro)",2014-09,43979.999999999985,41267.833333333365
PL · Charalá,"promedio de los demás pluviómetros (sin Pueblo Viejo, Coromoro)",2014-10,44318.89999999999,41559.55833333336
PL · Charalá,"promedio de los demás pluviómetros (sin Pueblo Viejo, Coromoro)",2014-11,44600.79999999999,41847.833333333365
PL · Charalá,"promedio de los demás pluviómetros (sin Pueblo Viejo, Coromoro)",2014-12,44711.39999999999,41994.65833333336
PL · Charalá,"promedio de los demás pluviómetros (sin Pueblo Viejo, Coromoro)",2015-01,44880.999999999985,42105.833333333365
PL · Charalá,"promedio de los demás pluviómetros (sin Pueblo Viejo, Coromoro)",2015-02,44994.29999999999,42259.80833333336
PL · Charalá,"promedio de los demás pluviómetros (sin Pueblo Viejo, Coromoro)",2015-03,45247.89999999999,42588.65833333336
PL · Charalá,"promedio de los demás pluviómetros (sin Pueblo Viejo, Coromoro)",2015-04,45561.69999999999,43001.98333333336
PL · Charalá,"promedio de los demás pluviómetros (sin Pueblo Viejo, Coromoro)",2015-05,45738.29999999999,43145.308333333356
PL · Charalá,"promedio de los demás pluviómetros (sin Pueblo Viejo, Coromoro)",2015-06,45809.09999999999,43213.83333333336
PL · Charalá,"promedio de los demás pluviómetros (sin Pueblo Viejo, Coromoro)",2015-07,46007.99999999999,43333.00833333336
PL · Charalá,"promedio de los demás pluviómetros (sin Pueblo Viejo, Coromoro)",2015-08,46309.59999999999,43519.90833333336
PL · Charalá,"promedio de los demás pluviómetros (sin Pueblo Viejo, Coromoro)",2015-09,46504.19999999999,43680.90833333336
PL · Charalá,"promedio de los demás pluviómetros (sin Pueblo Viejo, Coromoro)",2015-10,46886.19999999999,43909.10833333336
PL · Charalá,"promedio de los demás pluviómetros (sin Pueblo Viejo, Coromoro)",2015-11,47034.49999999999,44079.27500000002
PL · Charalá,"promedio de los demás pluviómetros (sin Pueblo Viejo, Coromoro)",2015-12,47124.399999999994,44155.60833333336
PL · Charalá,"promedio de los demás pluviómetros (sin Pueblo Viejo, Coromoro)",2016-01,47179.09999999999,44187.95833333336
PL · Charalá,"promedio de los demás pluviómetros (sin Pueblo Viejo, Coromoro)",2016-02,47225.79999999999,44222.558333333356
PL · Charalá,"promedio de los demás pluviómetros (sin Pueblo Viejo, Coromoro)",2016-03,47354.19999999999,44310.20833333336
PL · Charalá,"promedio de los demás pluviómetros (sin Pueblo Viejo, Coromoro)",2016-05,47598.79999999999,44661.95833333336
PL · Charalá,"promedio de los demás pluviómetros (sin Pueblo Viejo, Coromoro)",2016-06,47646.29999999999,44898.558333333356
PL · Charalá,"promedio de los demás pluviómetros (sin Pueblo Viejo, Coromoro)",2016-07,47790.999999999985,45130.95833333336
PL · Charalá,"promedio de los demás pluviómetros (sin Pueblo Viejo, Coromoro)",2016-08,47917.89999999999,45365.908333333355
PL · Charalá,"promedio de los demás pluviómetros (sin Pueblo Viejo, Coromoro)",2016-09,48076.79999999999,45592.25833333335
PL · Charalá,"promedio de los demás pluviómetros (sin Pueblo Viejo, Coromoro)",2016-10,48418.19999999999,45844.70833333335
PL · Charalá,"promedio de los demás pluviómetros (sin Pueblo Viejo, Coromoro)",2016-11,48817.89999999999,46057.60833333335
PL · Charalá,"promedio de los demás pluviómetros (sin Pueblo Viejo, Coromoro)",2016-12,49021.19999999999,46226.658333333355
PL · Charalá,"promedio de los demás pluviómetros (sin Pueblo Viejo, Coromoro)",2017-01,49124.99999999999,46301.058333333356
PL · Charalá,"promedio de los demás pluviómetros (sin Pueblo Viejo, Coromoro)",2017-02,49216.399999999994,46358.058333333356
PL · Charalá,"promedio de los demás pluviómetros (sin Pueblo Viejo, Coromoro)",2017-03,49596.2,46728.45833333336
PL · Charalá,"promedio de los demás pluviómetros (sin Pueblo Viejo, Coromoro)",2017-04,49904.0,47006.49166666669
PL · Charalá,"promedio de los demás pluviómetros (sin Pueblo Viejo, Coromoro)",2017-05,50243.7,47338.85833333336
PL · Charalá,"promedio de los demás pluviómetros (sin Pueblo Viejo, Coromoro)",2017-06,50502.1,47621.825000000026
PL · Charalá,"promedio de los demás pluviómetros (sin Pueblo Viejo, Coromoro)",2017-07,50629.0,47838.62500000003
PL · Charalá,"promedio de los demás pluviómetros (sin Pueblo Viejo, Coromoro)",2017-08,50801.0,47989.325000000026
PL · Charalá,"promedio de los demás pluviómetros (sin Pueblo Viejo, Coromoro)",2017-09,51057.5,48153.35833333336
PL · Charalá,"promedio de los demás pluviómetros (sin Pueblo Viejo, Coromoro)",2017-10,51345.3,48382.058333333356
PL · Charalá,"promedio de los demás pluviómetros (sin Pueblo Viejo, Coromoro)",2017-11,51581.700000000004,48641.291666666686
PL · Charalá,"promedio de los demás pluviómetros (sin Pueblo Viejo, Coromoro)",2017-12,51800.3,48740.658333333355
PL · Charalá,"promedio de los demás pluviómetros (sin Pueblo Viejo, Coromoro)",2018-01,52028.9,48871.62500000002
PL · Charalá,"promedio de los demás pluviómetros (sin Pueblo Viejo, Coromoro)",2018-02,52171.8,48923.25833333335
PL · Charalá,"promedio de los demás pluviómetros (sin Pueblo Viejo, Coromoro)",2018-03,52462.200000000004,49161.391666666685
PL · Charalá,"promedio de los demás pluviómetros (sin Pueblo Viejo, Coromoro)",2018-04,52804.700000000004,49470.22500000002
PL · Charalá,"promedio de los demás pluviómetros (sin Pueblo Viejo, Coromoro)",2018-06,52939.100000000006,49655.158333333355
PL · Charalá,"promedio de los demás pluviómetros (sin Pueblo Viejo, Coromoro)",2018-07,53062.3,49858.22500000002
PL · Charalá,"promedio de los demás pluviómetros (sin Pueblo Viejo, Coromoro)",2018-08,53254.100000000006,49975.49166666669
PL · Charalá,"promedio de los demás pluviómetros (sin Pueblo Viejo, Coromoro)",2018-09,53446.8,50181.35833333336
PL · Charalá,"promedio de los demás pluviómetros (sin Pueblo Viejo, Coromoro)",2018-10,53856.3,50541.62500000003
PL · Charalá,"promedio de los demás pluviómetros (sin Pueblo Viejo, Coromoro)",2018-11,54153.4,50718.9916666667
PL · Charalá,"promedio de los demás pluviómetros (sin Pueblo Viejo, Coromoro)",2018-12,54221.3,50784.1416666667
PL · Charalá,"promedio de los demás pluviómetros (sin Pueblo Viejo, Coromoro)",2019-01,54342.700000000004,50861.8166666667
PL · Charalá,"promedio de los demás pluviómetros (sin Pueblo Viejo, Coromoro)",2019-02,54587.8,51095.366666666705
PL · Charalá,"promedio de los demás pluviómetros (sin Pueblo Viejo, Coromoro)",2019-03,54980.100000000006,51423.5916666667
PL · Charalá,"promedio de los demás pluviómetros (sin Pueblo Viejo, Coromoro)",2019-04,55356.600000000006,51678.14166666671
PL · Charalá,"promedio de los demás pluviómetros (sin Pueblo Viejo, Coromoro)",2019-05,55712.40000000001,51961.866666666705
PL · Charalá,"promedio de los demás pluviómetros (sin Pueblo Viejo, Coromoro)",2019-06,55752.40000000001,52075.9666666667
PL · Charalá,"promedio de los demás pluviómetros (sin Pueblo Viejo, Coromoro)",2019-07,55840.20000000001,52234.2916666667
PL · Charalá,"promedio de los demás pluviómetros (sin Pueblo Viejo, Coromoro)",2019-08,55922.80000000001,52368.9916666667
PL · Charalá,"promedio de los demás pluviómetros (sin Pueblo Viejo, Coromoro)",2019-09,56141.20000000001,52572.3666666667
PL · Charalá,"promedio de los demás pluviómetros (sin Pueblo Viejo, Coromoro)",2019-10,56412.90000000001,52810.316666666695
PL · Charalá,"promedio de los demás pluviómetros (sin Pueblo Viejo, Coromoro)",2019-11,56597.30000000001,53033.16666666669
PL · Charalá,"promedio de los demás pluviómetros (sin Pueblo Viejo, Coromoro)",2019-12,56708.50000000001,53186.64166666669
PL · Charalá,"promedio de los demás pluviómetros (sin Pueblo Viejo, Coromoro)",2020-01,56785.40000000001,53245.89166666669
PL · Charalá,"promedio de los demás pluviómetros (sin Pueblo Viejo, Coromoro)",2020-02,56867.600000000006,53318.46666666669
PL · Charalá,"promedio de los demás pluviómetros (sin Pueblo Viejo, Coromoro)",2020-03,57098.600000000006,53593.291666666686
PL · Charalá,"promedio de los demás pluviómetros (sin Pueblo Viejo, Coromoro)",2020-04,57317.90000000001,53816.49166666668
PL · Charalá,"promedio de los demás pluviómetros (sin Pueblo Viejo, Coromoro)",2020-05,57549.40000000001,54032.416666666686
PL · Charalá,"promedio de los demás pluviómetros (sin Pueblo Viejo, Coromoro)",2020-06,57701.40000000001,54315.24166666668
PL · Charalá,"promedio de los demás pluviómetros (sin Pueblo Viejo, Coromoro)",2020-07,57859.00000000001,54533.69166666668
PL · Charalá,"promedio de los demás pluviómetros (sin Pueblo Viejo, Coromoro)",2020-08,58077.40000000001,54736.64166666668
PL · Charalá,"promedio de los demás pluviómetros (sin Pueblo Viejo, Coromoro)",2020-09,58237.600000000006,54978.366666666676
PL · Charalá,"promedio de los demás pluviómetros (sin Pueblo Viejo, Coromoro)",2020-10,58653.3,55258.64166666668
PL · Charalá,"promedio de los demás pluviómetros (sin Pueblo Viejo, Coromoro)",2020-11,59082.5,55615.116666666676
PL · Charalá,"promedio de los demás pluviómetros (sin Pueblo Viejo, Coromoro)",2020-12,59219.7,55783.26666666668
PL · Charalá,"promedio de los demás pluviómetros (sin Pueblo Viejo, Coromoro)",2021-01,59254.799999999996,55819.966666666674
PL · Charalá,"promedio de los demás pluviómetros (sin Pueblo Viejo, Coromoro)",2021-02,59401.1,55950.54166666667
PL · Charalá,"promedio de los demás pluviómetros (sin Pueblo Viejo, Coromoro)",2021-03,59788.6,56249.466666666674
PL · Charalá,"promedio de los demás pluviómetros (sin Pueblo Viejo, Coromoro)",2021-04,60044.0,56500.216666666674
PL · Charalá,"promedio de los demás pluviómetros (sin Pueblo Viejo, Coromoro)",2021-05,60437.1,56772.29166666667
PL · Charalá,"promedio de los demás pluviómetros (sin Pueblo Viejo, Coromoro)",2021-06,60615.1,56952.04166666667
PL · Charalá,"promedio de los demás pluviómetros (sin Pueblo Viejo, Coromoro)",2021-07,60776.299999999996,57142.86666666667
PL · Charalá,"promedio de los demás pluviómetros (sin Pueblo Viejo, Coromoro)",2021-08,61053.99999999999,57381.816666666666
PL · Charalá,"promedio de los demás pluviómetros (sin Pueblo Viejo, Coromoro)",2021-09,61428.899999999994,57643.14166666666
PL · Charalá,"promedio de los demás pluviómetros (sin Pueblo Viejo, Coromoro)",2021-10,61689.899999999994,57934.46666666666
PL · Charalá,"promedio de los demás pluviómetros (sin Pueblo Viejo, Coromoro)",2021-11,61916.99999999999,58124.96666666666
PL · Charalá,"promedio de los demás pluviómetros (sin Pueblo Viejo, Coromoro)",2021-12,62054.59999999999,58237.51666666666
PL · Charalá,"promedio de los demás pluviómetros (sin Pueblo Viejo, Coromoro)",2022-01,62085.59999999999,58319.48333333333
PL · Charalá,"promedio de los demás pluviómetros (sin Pueblo Viejo, Coromoro)",2022-02,62332.399999999994,58477.33333333333
PL · Charalá,"promedio de los demás pluviómetros (sin Pueblo Viejo, Coromoro)",2022-03,62767.399999999994,58788.55833333333
PL · Charalá,"promedio de los demás pluviómetros (sin Pueblo Viejo, Coromoro)",2022-04,63019.7,59096.33333333333
PL · Charalá,"promedio de los demás pluviómetros (sin Pueblo Viejo, Coromoro)",2022-05,63354.0,59386.533333333326
PL · Charalá,"promedio de los demás pluviómetros (sin Pueblo Viejo, Coromoro)",2022-06,63642.6,59752.60833333332
PL · Charalá,"promedio de los demás pluviómetros (sin Pueblo Viejo, Coromoro)",2022-07,63730.9,59938.758333333324
PL · Charalá,"promedio de los demás pluviómetros (sin Pueblo Viejo, Coromoro)",2022-08,63995.0,60151.908333333326
PL · Charalá,"promedio de los demás pluviómetros (sin Pueblo Viejo, Coromoro)",2022-09,64337.5,60498.68333333333
PL · Charalá,"promedio de los demás pluviómetros (sin Pueblo Viejo, Coromoro)",2022-10,64603.3,60845.883333333324
PL · Charalá,"promedio de los demás pluviómetros (sin Pueblo Viejo, Coromoro)",2022-11,65041.100000000006,61170.43333333333
PL · Charalá,"promedio de los demás pluviómetros (sin Pueblo Viejo, Coromoro)",2022-12,65173.00000000001,61341.899999999994
PL · Pavas Las,"promedio de los demás pluviómetros (sin Pueblo Viejo, Coromoro)",1998-01,95.0,56.75
PL · Pavas Las,"promedio de los demás pluviómetros (sin Pueblo Viejo, Coromoro)",1998-02,230.0,173.325
PL · Pavas Las,"promedio de los demás pluviómetros (sin Pueblo Viejo, Coromoro)",1998-03,503.0,384.1
PL · Pavas Las,"promedio de los demás pluviómetros (sin Pueblo Viejo, Coromoro)",1998-04,836.0,635.225
PL · Pavas Las,"promedio de los demás pluviómetros (sin Pueblo Viejo, Coromoro)",1998-05,1084.0,906.5250000000001
PL · Pavas Las,"promedio de los demás pluviómetros (sin Pueblo Viejo, Coromoro)",1998-06,1113.0,1084.15
PL · Pavas Las,"promedio de los demás pluviómetros (sin Pueblo Viejo, Coromoro)",1998-07,1159.0,1307.65
PL · Pavas Las,"promedio de los demás pluviómetros (sin Pueblo Viejo, Coromoro)",1998-08,1292.0,1550.575
PL · Pavas Las,"promedio de los demás pluviómetros (sin Pueblo Viejo, Coromoro)",1998-09,1482.0,1795.075
PL · Pavas Las,"promedio de los demás pluviómetros (sin Pueblo Viejo, Coromoro)",1998-10,1752.0,2229.6
PL · Pavas Las,"promedio de los demás pluviómetros (sin Pueblo Viejo, Coromoro)",1998-11,2000.0,2457.125
PL · Pavas Las,"promedio de los demás pluviómetros (sin Pueblo Viejo, Coromoro)",1998-12,2247.0,2712.3
PL · Pavas Las,"promedio de los demás pluviómetros (sin Pueblo Viejo, Coromoro)",1999-01,2508.0,2887.9500000000003
PL · Pavas Las,"promedio de los demás pluviómetros (sin Pueblo Viejo, Coromoro)",1999-02,2874.0,3246.65
PL · Pavas Las,"promedio de los demás pluviómetros (sin Pueblo Viejo, Coromoro)",1999-03,3070.0,3501.9500000000003
PL · Pavas Las,"promedio de los demás pluviómetros (sin Pueblo Viejo, Coromoro)",1999-04,3387.0,3788.425
PL · Pavas Las,"promedio de los demás pluviómetros (sin Pueblo Viejo, Coromoro)",1999-05,3520.0,4068.925
PL · Pavas Las,"promedio de los demás pluviómetros (sin Pueblo Viejo, Coromoro)",1999-06,3621.0,4379.625
PL · Pavas Las,"promedio de los demás pluviómetros (sin Pueblo Viejo, Coromoro)",1999-07,3684.0,4542.575
PL · Pavas Las,"promedio de los demás pluviómetros (sin Pueblo Viejo, Coromoro)",1999-08,3843.0,4787.5
PL · Pavas Las,"promedio de los demás pluviómetros (sin Pueblo Viejo, Coromoro)",1999-09,4028.0,5137.425
PL · Pavas Las,"promedio de los demás pluviómetros (sin Pueblo Viejo, Coromoro)",1999-10,4299.0,5451.55
PL · Pavas Las,"promedio de los demás pluviómetros (sin Pueblo Viejo, Coromoro)",1999-11,4594.0,5744.3
PL · Pavas Las,"promedio de los demás pluviómetros (sin Pueblo Viejo, Coromoro)",1999-12,4834.0,5940.575
PL · Pavas Las,"promedio de los demás pluviómetros (sin Pueblo Viejo, Coromoro)",2000-01,5008.0,6058.95
PL · Pavas Las,"promedio de los demás pluviómetros (sin Pueblo Viejo, Coromoro)",2000-02,5215.0,6288.8
PL · Pavas Las,"promedio de los demás pluviómetros (sin Pueblo Viejo, Coromoro)",2000-03,5356.0,6481.900000000001
PL · Pavas Las,"promedio de los demás pluviómetros (sin Pueblo Viejo, Coromoro)",2000-04,5541.0,6794.85
PL · Pavas Las,"promedio de los demás pluviómetros (sin Pueblo Viejo, Coromoro)",2000-05,5684.0,7027.1
PL · Pavas Las,"promedio de los demás pluviómetros (sin Pueblo Viejo, Coromoro)",2000-06,5883.0,7246.925
PL · Pavas Las,"promedio de los demás pluviómetros (sin Pueblo Viejo, Coromoro)",2000-07,6013.0,7437.45
PL · Pavas Las,"promedio de los demás pluviómetros (sin Pueblo Viejo, Coromoro)",2000-09,6262.0,7720.15
PL · Pavas Las,"promedio de los demás pluviómetros (sin Pueblo Viejo, Coromoro)",2000-10,6459.0,7970.424999999999
PL · Pavas Las,"promedio de los demás pluviómetros (sin Pueblo Viejo, Coromoro)",2000-11,6794.0,8150.65
PL · Pavas Las,"promedio de los demás pluviómetros (sin Pueblo Viejo, Coromoro)",2000-12,6885.0,8235.125
PL · Pavas Las,"promedio de los demás pluviómetros (sin Pueblo Viejo, Coromoro)",2001-01,6919.0,8357.725
PL · Pavas Las,"promedio de los demás pluviómetros (sin Pueblo Viejo, Coromoro)",2001-02,7011.0,8470.825
PL · Pavas Las,"promedio de los demás pluviómetros (sin Pueblo Viejo, Coromoro)",2001-03,7238.0,8715.1
PL · Pavas Las,"promedio de los demás pluviómetros (sin Pueblo Viejo, Coromoro)",2001-04,7348.0,8924.45
PL · Pavas Las,"promedio de los demás pluviómetros (sin Pueblo Viejo, Coromoro)",2001-06,7403.0,9111.550000000001
PL · Pavas Las,"promedio de los demás pluviómetros (sin Pueblo Viejo, Coromoro)",2001-07,7461.0,9295.550000000001
PL · Pavas Las,"promedio de los demás pluviómetros (sin Pueblo Viejo, Coromoro)",2001-09,7641.0,9528.525000000001
PL · Pavas Las,"promedio de los demás pluviómetros (sin Pueblo Viejo, Coromoro)",2001-10,7881.0,9831.925000000001
PL · Pavas Las,"promedio de los demás pluviómetros (sin Pueblo Viejo, Coromoro)",2001-11,8028.0,10114.975
PL · Pavas Las,"promedio de los demás pluviómetros (sin Pueblo Viejo, Coromoro)",2001-12,8330.0,10312.325
PL · Pavas Las,"promedio de los demás pluviómetros (sin Pueblo Viejo, Coromoro)",2002-01,8340.0,10383.475
PL · Pavas Las,"promedio de los demás pluviómetros (sin Pueblo Viejo, Coromoro)",2002-02,8432.0,10459.15
PL · Pavas Las,"promedio de los demás pluviómetros (sin Pueblo Viejo, Coromoro)",2002-03,8753.0,10656.449999999999
PL · Pavas Las,"promedio de los demás pluviómetros (sin Pueblo Viejo, Coromoro)",2002-04,9180.0,11018.15
PL · Pavas Las,"promedio de los demás pluviómetros (sin Pueblo Viejo, Coromoro)",2002-05,9443.0,11297.199999999999
PL · Pavas Las,"promedio de los demás pluviómetros (sin Pueblo Viejo, Coromoro)",2002-06,9554.0,11508.849999999999
PL · Pavas Las,"promedio de los demás pluviómetros (sin Pueblo Viejo, Coromoro)",2002-07,9608.0,11627.899999999998
PL · Pavas Las,"promedio de los demás pluviómetros (sin Pueblo Viejo, Coromoro)",2002-08,9625.0,11839.074999999997
PL · Pavas Las,"promedio de los demás pluviómetros (sin Pueblo Viejo, Coromoro)",2002-09,9697.0,12075.449999999997
PL · Pavas Las,"promedio de los demás pluviómetros (sin Pueblo Viejo, Coromoro)",2002-10,9918.0,12313.549999999997
PL · Pavas Las,"promedio de los demás pluviómetros (sin Pueblo Viejo, Coromoro)",2002-11,10077.0,12519.849999999997
PL · Pavas Las,"promedio de los demás pluviómetros (sin Pueblo Viejo, Coromoro)",2002-12,10209.0,12702.149999999996
PL · Pavas Las,"promedio de los demás pluviómetros (sin Pueblo Viejo, Coromoro)",2003-01,10268.0,12726.574999999995
PL · Pavas Las,"promedio de los demás pluviómetros (sin Pueblo Viejo, Coromoro)",2003-02,10405.0,12827.974999999995
PL · Pavas Las,"promedio de los demás pluviómetros (sin Pueblo Viejo, Coromoro)",2003-03,10786.0,13008.599999999995
PL · Pavas Las,"promedio de los demás pluviómetros (sin Pueblo Viejo, Coromoro)",2003-04,11292.0,13343.524999999994
PL · Pavas Las,"promedio de los demás pluviómetros (sin Pueblo Viejo, Coromoro)",2003-05,11469.0,13648.799999999994
PL · Pavas Las,"promedio de los demás pluviómetros (sin Pueblo Viejo, Coromoro)",2003-06,11564.0,13907.749999999995
PL · Pavas Las,"promedio de los demás pluviómetros (sin Pueblo Viejo, Coromoro)",2003-08,11649.0,14157.174999999994
PL · Pavas Las,"promedio de los demás pluviómetros (sin Pueblo Viejo, Coromoro)",2003-09,11793.0,14473.499999999995
PL · Pavas Las,"promedio de los demás pluviómetros (sin Pueblo Viejo, Coromoro)",2003-10,12282.0,14850.124999999995
PL · Pavas Las,"promedio de los demás pluviómetros (sin Pueblo Viejo, Coromoro)",2003-11,12664.0,15207.874999999995
PL · Pavas Las,"promedio de los demás pluviómetros (sin Pueblo Viejo, Coromoro)",2003-12,12759.0,15359.949999999995
PL · Pavas Las,"promedio de los demás pluviómetros (sin Pueblo Viejo, Coromoro)",2004-01,12973.0,15482.583333333328
PL · Pavas Las,"promedio de los demás pluviómetros (sin Pueblo Viejo, Coromoro)",2004-02,13105.0,15606.958333333328
PL · Pavas Las,"promedio de los demás pluviómetros (sin Pueblo Viejo, Coromoro)",2004-03,13316.0,15783.358333333328
PL · Pavas Las,"promedio de los demás pluviómetros (sin Pueblo Viejo, Coromoro)",2004-04,13650.0,16119.433333333329
PL · Pavas Las,"promedio de los demás pluviómetros (sin Pueblo Viejo, Coromoro)",2004-05,13963.0,16516.933333333327
PL · Pavas Las,"promedio de los demás pluviómetros (sin Pueblo Viejo, Coromoro)",2004-06,13975.0,16681.558333333327
PL · Pavas Las,"promedio de los demás pluviómetros (sin Pueblo Viejo, Coromoro)",2004-07,14019.0,16898.683333333327
PL · Pavas Las,"promedio de los demás pluviómetros (sin Pueblo Viejo, Coromoro)",2004-08,14021.0,17042.808333333327
PL · Pavas Las,"promedio de los demás pluviómetros (sin Pueblo Viejo, Coromoro)",2004-09,14307.0,17328.008333333328
PL · Pavas Las,"promedio de los demás pluviómetros (sin Pueblo Viejo, Coromoro)",2004-10,14622.0,17622.174999999996
PL · Pavas Las,"promedio de los demás pluviómetros (sin Pueblo Viejo, Coromoro)",2004-11,14885.0,17903.508333333328
PL · Pavas Las,"promedio de los demás pluviómetros (sin Pueblo Viejo, Coromoro)",2004-12,15023.0,18033.40833333333
PL · Pavas Las,"promedio de los demás pluviómetros (sin Pueblo Viejo, Coromoro)",2005-01,15288.0,18235.58333333333
PL · Pavas Las,"promedio de los demás pluviómetros (sin Pueblo Viejo, Coromoro)",2005-02,15551.0,18428.758333333328
PL · Pavas Las,"promedio de los demás pluviómetros (sin Pueblo Viejo, Coromoro)",2005-03,15643.0,18578.95833333333
PL · Pavas Las,"promedio de los demás pluviómetros (sin Pueblo Viejo, Coromoro)",2005-04,15871.0,18934.95833333333
PL · Pavas Las,"promedio de los demás pluviómetros (sin Pueblo Viejo, Coromoro)",2005-05,16141.0,19171.258333333328
PL · Pavas Las,"promedio de los demás pluviómetros (sin Pueblo Viejo, Coromoro)",2005-06,16235.0,19368.433333333327
PL · Pavas Las,"promedio de los demás pluviómetros (sin Pueblo Viejo, Coromoro)",2005-07,16322.0,19549.108333333326
PL · Pavas Las,"promedio de los demás pluviómetros (sin Pueblo Viejo, Coromoro)",2005-08,16390.0,19714.533333333326
PL · Pavas Las,"promedio de los demás pluviómetros (sin Pueblo Viejo, Coromoro)",2005-09,16509.0,19907.133333333324
PL · Pavas Las,"promedio de los demás pluviómetros (sin Pueblo Viejo, Coromoro)",2005-10,16865.0,20315.866666666658
PL · Pavas Las,"promedio de los demás pluviómetros (sin Pueblo Viejo, Coromoro)",2005-11,17103.0,20664.01666666666
PL · Pavas Las,"promedio de los demás pluviómetros (sin Pueblo Viejo, Coromoro)",2005-12,17225.0,20794.84166666666
PL · Pavas Las,"promedio de los demás pluviómetros (sin Pueblo Viejo, Coromoro)",2006-01,17391.0,20911.99166666666
PL · Pavas Las,"promedio de los demás pluviómetros (sin Pueblo Viejo, Coromoro)",2006-02,17499.0,20973.191666666662
PL · Pavas Las,"promedio de los demás pluviómetros (sin Pueblo Viejo, Coromoro)",2006-03,17884.0,21295.91666666666
PL · Pavas Las,"promedio de los demás pluviómetros (sin Pueblo Viejo, Coromoro)",2006-04,18169.0,21641.96666666666
PL · Pavas Las,"promedio de los demás pluviómetros (sin Pueblo Viejo, Coromoro)",2006-05,18457.0,22001.51666666666
PL · Pavas Las,"promedio de los demás pluviómetros (sin Pueblo Viejo, Coromoro)",2006-06,18577.0,22242.21666666666
PL · Pavas Las,"promedio de los demás pluviómetros (sin Pueblo Viejo, Coromoro)",2006-07,18612.0,22370.86666666666
PL · Pavas Las,"promedio de los demás pluviómetros (sin Pueblo Viejo, Coromoro)",2006-08,18675.0,22595.84166666666
PL · Pavas Las,"promedio de los demás pluviómetros (sin Pueblo Viejo, Coromoro)",2006-09,18710.0,22822.36666666666
PL · Pavas Las,"promedio de los demás pluviómetros (sin Pueblo Viejo, Coromoro)",2006-10,19001.0,23187.141666666663
PL · Pavas Las,"promedio de los demás pluviómetros (sin Pueblo Viejo, Coromoro)",2006-11,19187.0,23560.591666666664
PL · Pavas Las,"promedio de los demás pluviómetros (sin Pueblo Viejo, Coromoro)",2006-12,19323.0,23775.566666666662
PL · Pavas Las,"promedio de los demás pluviómetros (sin Pueblo Viejo, Coromoro)",2007-01,19605.0,23936.066666666662
PL · Pavas Las,"promedio de los demás pluviómetros (sin Pueblo Viejo, Coromoro)",2007-02,19684.0,23995.36666666666
PL · Pavas Las,"promedio de los demás pluviómetros (sin Pueblo Viejo, Coromoro)",2007-03,19999.0,24339.36666666666
PL · Pavas Las,"promedio de los demás pluviómetros (sin Pueblo Viejo, Coromoro)",2007-04,20264.0,24694.54166666666
PL · Pavas Las,"promedio de los demás pluviómetros (sin Pueblo Viejo, Coromoro)",2007-05,20450.0,25062.59166666666
PL · Pavas Las,"promedio de los demás pluviómetros (sin Pueblo Viejo, Coromoro)",2007-06,20487.0,25240.46666666666
PL · Pavas Las,"promedio de los demás pluviómetros (sin Pueblo Viejo, Coromoro)",2007-07,20569.0,25497.96666666666
PL · Pavas Las,"promedio de los demás pluviómetros (sin Pueblo Viejo, Coromoro)",2007-08,20750.0,25797.41666666666
PL · Pavas Las,"promedio de los demás pluviómetros (sin Pueblo Viejo, Coromoro)",2007-09,20868.0,26034.14166666666
PL · Pavas Las,"promedio de los demás pluviómetros (sin Pueblo Viejo, Coromoro)",2007-10,21342.0,26451.34166666666
PL · Pavas Las,"promedio de los demás pluviómetros (sin Pueblo Viejo, Coromoro)",2007-11,21548.0,26681.51666666666
PL · Pavas Las,"promedio de los demás pluviómetros (sin Pueblo Viejo, Coromoro)",2007-12,21798.0,26865.449999999993
PL · Pavas Las,"promedio de los demás pluviómetros (sin Pueblo Viejo, Coromoro)",2008-01,21983.0,26943.283333333326
PL · Pavas Las,"promedio de los demás pluviómetros (sin Pueblo Viejo, Coromoro)",2008-02,22169.0,27063.283333333326
PL · Pavas Las,"promedio de los demás pluviómetros (sin Pueblo Viejo, Coromoro)",2008-03,22404.0,27250.208333333325
PL · Pavas Las,"promedio de los demás pluviómetros (sin Pueblo Viejo, Coromoro)",2008-04,22740.0,27480.308333333323
PL · Pavas Las,"promedio de los demás pluviómetros (sin Pueblo Viejo, Coromoro)",2008-05,22986.0,27829.333333333325
PL · Pavas Las,"promedio de los demás pluviómetros (sin Pueblo Viejo, Coromoro)",2008-06,23137.0,28048.458333333325
PL · Pavas Las,"promedio de los demás pluviómetros (sin Pueblo Viejo, Coromoro)",2008-07,23219.0,28307.158333333326
PL · Pavas Las,"promedio de los demás pluviómetros (sin Pueblo Viejo, Coromoro)",2008-08,23473.0,28583.933333333327
PL · Pavas Las,"promedio de los demás pluviómetros (sin Pueblo Viejo, Coromoro)",2008-09,23845.0,28783.883333333328
PL · Pavas Las,"promedio de los demás pluviómetros (sin Pueblo Viejo, Coromoro)",2008-10,24244.0,29092.03333333333
PL · Pavas Las,"promedio de los demás pluviómetros (sin Pueblo Viejo, Coromoro)",2008-11,24528.0,29384.43333333333
PL · Pavas Las,"promedio de los demás pluviómetros (sin Pueblo Viejo, Coromoro)",2008-12,24658.0,29487.60833333333
PL · Pavas Las,"promedio de los demás pluviómetros (sin Pueblo Viejo, Coromoro)",2009-01,24781.0,29645.33333333333
PL · Pavas Las,"promedio de los demás pluviómetros (sin Pueblo Viejo, Coromoro)",2009-02,25010.0,29858.73333333333
PL · Pavas Las,"promedio de los demás pluviómetros (sin Pueblo Viejo, Coromoro)",2009-03,25368.0,30180.23333333333
PL · Pavas Las,"promedio de los demás pluviómetros (sin Pueblo Viejo, Coromoro)",2009-04,25558.0,30435.38333333333
PL · Pavas Las,"promedio de los demás pluviómetros (sin Pueblo Viejo, Coromoro)",2009-05,25666.0,30612.00833333333
PL · Pavas Las,"promedio de los demás pluviómetros (sin Pueblo Viejo, Coromoro)",2009-06,25749.0,30817.041666666664
PL · Pavas Las,"promedio de los demás pluviómetros (sin Pueblo Viejo, Coromoro)",2009-08,25843.0,31153.541666666664
PL · Pavas Las,"promedio de los demás pluviómetros (sin Pueblo Viejo, Coromoro)",2009-09,25894.0,31280.641666666663
PL · Pavas Las,"promedio de los demás pluviómetros (sin Pueblo Viejo, Coromoro)",2009-10,26061.0,31521.191666666662
PL · Pavas Las,"promedio de los demás pluviómetros (sin Pueblo Viejo, Coromoro)",2009-11,26326.0,31755.24166666666
PL · Pavas Las,"promedio de los demás pluviómetros (sin Pueblo Viejo, Coromoro)",2009-12,26410.0,31907.641666666663
PL · Pavas Las,"promedio de los demás pluviómetros (sin Pueblo Viejo, Coromoro)",2010-01,26484.0,31993.508333333328
PL · Pavas Las,"promedio de los demás pluviómetros (sin Pueblo Viejo, Coromoro)",2010-02,26547.0,32092.70833333333
PL · Pavas Las,"promedio de los demás pluviómetros (sin Pueblo Viejo, Coromoro)",2010-03,26613.0,32313.183333333327
PL · Pavas Las,"promedio de los demás pluviómetros (sin Pueblo Viejo, Coromoro)",2010-04,26852.0,32598.933333333327
PL · Pavas Las,"promedio de los demás pluviómetros (sin Pueblo Viejo, Coromoro)",2010-05,27073.0,32925.58333333333
PL · Pavas Las,"promedio de los demás pluviómetros (sin Pueblo Viejo, Coromoro)",2010-06,27172.0,33211.55833333333
PL · Pavas Las,"promedio de los demás pluviómetros (sin Pueblo Viejo, Coromoro)",2010-07,27458.0,33551.58333333333
PL · Pavas Las,"promedio de los demás pluviómetros (sin Pueblo Viejo, Coromoro)",2010-08,27626.0,33797.30833333333
PL · Pavas Las,"promedio de los demás pluviómetros (sin Pueblo Viejo, Coromoro)",2010-09,27907.0,34140.10833333333
PL · Pavas Las,"promedio de los demás pluviómetros (sin Pueblo Viejo, Coromoro)",2010-10,28220.0,34446.05833333333
PL · Pavas Las,"promedio de los demás pluviómetros (sin Pueblo Viejo, Coromoro)",2010-11,28589.0,34785.45833333333
PL · Pavas Las,"promedio de los demás pluviómetros (sin Pueblo Viejo, Coromoro)",2010-12,28683.0,34897.80833333333
PL · Pavas Las,"promedio de los demás pluviómetros (sin Pueblo Viejo, Coromoro)",2011-01,28737.0,34999.133333333324
PL · Pavas Las,"promedio de los demás pluviómetros (sin Pueblo Viejo, Coromoro)",2011-02,28923.0,35175.60833333332
PL · Pavas Las,"promedio de los demás pluviómetros (sin Pueblo Viejo, Coromoro)",2011-03,29288.0,35516.95833333332
PL · Pavas Las,"promedio de los demás pluviómetros (sin Pueblo Viejo, Coromoro)",2011-05,29536.0,35829.883333333324
PL · Pavas Las,"promedio de los demás pluviómetros (sin Pueblo Viejo, Coromoro)",2011-06,29669.0,36017.883333333324
PL · Pavas Las,"promedio de los demás pluviómetros (sin Pueblo Viejo, Coromoro)",2011-07,29724.0,36167.008333333324
PL · Pavas Las,"promedio de los demás pluviómetros (sin Pueblo Viejo, Coromoro)",2011-09,29818.0,36392.23333333332
PL · Pavas Las,"promedio de los demás pluviómetros (sin Pueblo Viejo, Coromoro)",2011-10,30277.0,36710.59999999999
PL · Pavas Las,"promedio de los demás pluviómetros (sin Pueblo Viejo, Coromoro)",2011-12,30444.0,36987.59999999999
PL · Pavas Las,"promedio de los demás pluviómetros (sin Pueblo Viejo, Coromoro)",2012-01,30615.0,37159.97499999999
PL · Pavas Las,"promedio de los demás pluviómetros (sin Pueblo Viejo, Coromoro)",2012-02,30640.0,37232.899999999994
PL · Pavas Las,"promedio de los demás pluviómetros (sin Pueblo Viejo, Coromoro)",2012-03,30937.0,37524.12499999999
PL · Pavas Las,"promedio de los demás pluviómetros (sin Pueblo Viejo, Coromoro)",2012-04,31289.0,37947.924999999996
PL · Pavas Las,"promedio de los demás pluviómetros (sin Pueblo Viejo, Coromoro)",2012-05,31404.0,38234.24999999999
PL · Pavas Las,"promedio de los demás pluviómetros (sin Pueblo Viejo, Coromoro)",2012-06,31481.0,38380.549999999996
PL · Pavas Las,"promedio de los demás pluviómetros (sin Pueblo Viejo, Coromoro)",2012-07,31508.0,38520.12499999999
PL · Pavas Las,"promedio de los demás pluviómetros (sin Pueblo Viejo, Coromoro)",2012-08,31670.0,38732.44999999999
PL · Pavas Las,"promedio de los demás pluviómetros (sin Pueblo Viejo, Coromoro)",2012-09,31698.0,38920.82499999999
PL · Pavas Las,"promedio de los demás pluviómetros (sin Pueblo Viejo, Coromoro)",2012-10,32005.0,39226.87499999999
PL · Pavas Las,"promedio de los demás pluviómetros (sin Pueblo Viejo, Coromoro)",2012-11,32118.0,39368.22499999999
PL · Pavas Las,"promedio de los demás pluviómetros (sin Pueblo Viejo, Coromoro)",2012-12,32209.0,39463.17499999999
PL · Pavas Las,"promedio de los demás pluviómetros (sin Pueblo Viejo, Coromoro)",2013-01,32288.0,39510.32499999999
PL · Pavas Las,"promedio de los demás pluviómetros (sin Pueblo Viejo, Coromoro)",2013-02,32452.0,39757.17499999999
PL · Pavas Las,"promedio de los demás pluviómetros (sin Pueblo Viejo, Coromoro)",2013-03,32659.0,39982.79999999999
PL · Pavas Las,"promedio de los demás pluviómetros (sin Pueblo Viejo, Coromoro)",2013-04,32982.0,40291.374999999985
PL · Pavas Las,"promedio de los demás pluviómetros (sin Pueblo Viejo, Coromoro)",2013-05,33193.0,40682.099999999984
PL · Pavas Las,"promedio de los demás pluviómetros (sin Pueblo Viejo, Coromoro)",2013-06,33219.0,40794.69999999998
PL · Pavas Las,"promedio de los demás pluviómetros (sin Pueblo Viejo, Coromoro)",2013-08,33372.0,41013.499999999985
PL · Pavas Las,"promedio de los demás pluviómetros (sin Pueblo Viejo, Coromoro)",2013-09,33454.0,41173.474999999984
PL · Pavas Las,"promedio de los demás pluviómetros (sin Pueblo Viejo, Coromoro)",2013-10,33777.0,41448.57499999998
PL · Pavas Las,"promedio de los demás pluviómetros (sin Pueblo Viejo, Coromoro)",2013-11,34196.0,41653.07499999998
PL · Pavas Las,"promedio de los demás pluviómetros (sin Pueblo Viejo, Coromoro)",2013-12,34354.0,41857.624999999985
PL · Pavas Las,"promedio de los demás pluviómetros (sin Pueblo Viejo, Coromoro)",2014-01,34453.0,41979.224999999984
PL · Pavas Las,"promedio de los demás pluviómetros (sin Pueblo Viejo, Coromoro)",2014-02,34882.0,42164.29999999998
PL · Pavas Las,"promedio de los demás pluviómetros (sin Pueblo Viejo, Coromoro)",2014-03,35158.0,42377.52499999998
PL · Pavas Las,"promedio de los demás pluviómetros (sin Pueblo Viejo, Coromoro)",2014-04,35504.5,42657.02499999998
PL · Pavas Las,"promedio de los demás pluviómetros (sin Pueblo Viejo, Coromoro)",2014-05,35770.5,42930.44999999998
PL · Pavas Las,"promedio de los demás pluviómetros (sin Pueblo Viejo, Coromoro)",2014-06,35833.5,43057.67499999998
PL · Pavas Las,"promedio de los demás pluviómetros (sin Pueblo Viejo, Coromoro)",2014-07,35843.5,43212.87499999998
PL · Pavas Las,"promedio de los demás pluviómetros (sin Pueblo Viejo, Coromoro)",2014-08,35858.5,43417.574999999975
PL · Pavas Las,"promedio de los demás pluviómetros (sin Pueblo Viejo, Coromoro)",2014-09,35990.5,43609.87499999998
PL · Pavas Las,"promedio de los demás pluviómetros (sin Pueblo Viejo, Coromoro)",2014-10,36247.5,43922.074999999975
PL · Pavas Las,"promedio de los demás pluviómetros (sin Pueblo Viejo, Coromoro)",2014-11,36479.5,44222.824999999975
PL · Pavas Las,"promedio de los demás pluviómetros (sin Pueblo Viejo, Coromoro)",2014-12,36688.5,44345.049999999974
PL · Pavas Las,"promedio de los demás pluviómetros (sin Pueblo Viejo, Coromoro)",2015-01,36847.5,44458.87499999997
PL · Pavas Las,"promedio de los demás pluviómetros (sin Pueblo Viejo, Coromoro)",2015-02,36944.5,44616.924999999974
PL · Pavas Las,"promedio de los demás pluviómetros (sin Pueblo Viejo, Coromoro)",2015-03,37417.5,44890.924999999974
PL · Pavas Las,"promedio de los demás pluviómetros (sin Pueblo Viejo, Coromoro)",2015-04,37900.5,45261.949999999975
PL · Pavas Las,"promedio de los demás pluviómetros (sin Pueblo Viejo, Coromoro)",2015-05,37933.5,45441.174999999974
PL · Pavas Las,"promedio de los demás pluviómetros (sin Pueblo Viejo, Coromoro)",2015-06,37956.5,45521.64999999997
PL · Pavas Las,"promedio de los demás pluviómetros (sin Pueblo Viejo, Coromoro)",2015-07,37958.5,45690.049999999974
PL · Pavas Las,"promedio de los demás pluviómetros (sin Pueblo Viejo, Coromoro)",2015-10,38031.9,45995.39999999997
PL · Pavas Las,"promedio de los demás pluviómetros (sin Pueblo Viejo, Coromoro)",2017-04,38423.9,46245.36666666664
PL · Pavas Las,"promedio de los demás pluviómetros (sin Pueblo Viejo, Coromoro)",2017-05,38746.9,46583.299999999974
PL · Pavas Las,"promedio de los demás pluviómetros (sin Pueblo Viejo, Coromoro)",2017-06,39016.9,46862.39999999997
PL · Pavas Las,"promedio de los demás pluviómetros (sin Pueblo Viejo, Coromoro)",2017-07,39118.9,47087.49999999997
PL · Pavas Las,"promedio de los demás pluviómetros (sin Pueblo Viejo, Coromoro)",2017-08,39192.9,47270.86666666664
PL · Pavas Las,"promedio de los demás pluviómetros (sin Pueblo Viejo, Coromoro)",2017-09,39258.9,47498.39999999997
PL · Pavas Las,"promedio de los demás pluviómetros (sin Pueblo Viejo, Coromoro)",2017-10,39455.9,47757.36666666664
PL · Pavas Las,"promedio de los demás pluviómetros (sin Pueblo Viejo, Coromoro)",2017-11,39843.9,47966.06666666664
PL · Pavas Las,"promedio de los demás pluviómetros (sin Pueblo Viejo, Coromoro)",2017-12,40028.9,48076.6333333333
PL · Pavas Las,"promedio de los demás pluviómetros (sin Pueblo Viejo, Coromoro)",2018-01,40197.9,48227.46666666664
PL · Pavas Las,"promedio de los demás pluviómetros (sin Pueblo Viejo, Coromoro)",2018-02,40305.9,48290.73333333331
PL · Pavas Las,"promedio de los demás pluviómetros (sin Pueblo Viejo, Coromoro)",2018-03,40572.9,48536.66666666664
PL · Pavas Las,"promedio de los demás pluviómetros (sin Pueblo Viejo, Coromoro)",2018-04,40812.9,48879.66666666664
PL · Pavas Las,"promedio de los demás pluviómetros (sin Pueblo Viejo, Coromoro)",2018-06,40827.9,49104.39999999997
PL · Pavas Las,"promedio de los demás pluviómetros (sin Pueblo Viejo, Coromoro)",2018-07,40871.9,49333.86666666664
PL · Pavas Las,"promedio de los demás pluviómetros (sin Pueblo Viejo, Coromoro)",2018-08,40891.9,49508.39999999997
PL · Pavas Las,"promedio de los demás pluviómetros (sin Pueblo Viejo, Coromoro)",2018-09,41064.9,49720.83333333331
PL · Pavas Las,"promedio de los demás pluviómetros (sin Pueblo Viejo, Coromoro)",2018-10,41479.9,50079.26666666664
PL · Pavas Las,"promedio de los demás pluviómetros (sin Pueblo Viejo, Coromoro)",2018-11,41722.9,50274.66666666664
PL · Pavas Las,"promedio de los demás pluviómetros (sin Pueblo Viejo, Coromoro)",2018-12,41758.9,50355.76666666664
PL · Pavas Las,"promedio de los demás pluviómetros (sin Pueblo Viejo, Coromoro)",2019-01,41836.9,50444.29166666664
PL · Pavas Las,"promedio de los demás pluviómetros (sin Pueblo Viejo, Coromoro)",2019-02,42075.9,50679.36666666664
PL · Pavas Las,"promedio de los demás pluviómetros (sin Pueblo Viejo, Coromoro)",2019-03,42476.9,51005.41666666664
PL · Pavas Las,"promedio de los demás pluviómetros (sin Pueblo Viejo, Coromoro)",2019-04,42704.9,51297.091666666645
PL · Pavas Las,"promedio de los demás pluviómetros (sin Pueblo Viejo, Coromoro)",2019-05,42912.9,51617.76666666665
PL · Pavas Las,"promedio de los demás pluviómetros (sin Pueblo Viejo, Coromoro)",2019-06,42924.9,51738.86666666665
PL · Pavas Las,"promedio de los demás pluviómetros (sin Pueblo Viejo, Coromoro)",2019-08,42946.9,51888.716666666645
PL · Pavas Las,"promedio de los demás pluviómetros (sin Pueblo Viejo, Coromoro)",2019-09,43040.9,52123.191666666644
PL · Pavas Las,"promedio de los demás pluviómetros (sin Pueblo Viejo, Coromoro)",2019-10,43213.9,52385.816666666644
PL · Pavas Las,"promedio de los demás pluviómetros (sin Pueblo Viejo, Coromoro)",2019-11,43463.9,52592.26666666664
PL · Pavas Las,"promedio de los demás pluviómetros (sin Pueblo Viejo, Coromoro)",2019-12,43540.9,52754.29166666664
PL · Pavas Las,"promedio de los demás pluviómetros (sin Pueblo Viejo, Coromoro)",2020-01,43569.9,52825.51666666664
PL · Pavas Las,"promedio de los demás pluviómetros (sin Pueblo Viejo, Coromoro)",2020-02,43678.9,52891.39166666664
PL · Pavas Las,"promedio de los demás pluviómetros (sin Pueblo Viejo, Coromoro)",2020-03,44072.9,53125.46666666664
PL · Pavas Las,"promedio de los demás pluviómetros (sin Pueblo Viejo, Coromoro)",2020-04,44303.9,53345.74166666664
PL · Pavas Las,"promedio de los demás pluviómetros (sin Pueblo Viejo, Coromoro)",2020-05,44457.700000000004,53581.09166666664
PL · Pavas Las,"promedio de los demás pluviómetros (sin Pueblo Viejo, Coromoro)",2020-06,44537.700000000004,53881.916666666635
PL · Pavas Las,"promedio de los demás pluviómetros (sin Pueblo Viejo, Coromoro)",2020-07,44617.700000000004,54119.766666666634
PL · Pavas Las,"promedio de los demás pluviómetros (sin Pueblo Viejo, Coromoro)",2020-08,44730.700000000004,54349.06666666664
PL · Pavas Las,"promedio de los demás pluviómetros (sin Pueblo Viejo, Coromoro)",2020-09,44951.700000000004,54575.59166666664
PL · Pavas Las,"promedio de los demás pluviómetros (sin Pueblo Viejo, Coromoro)",2020-10,45089.700000000004,54925.291666666635
PL · Pavas Las,"promedio de los demás pluviómetros (sin Pueblo Viejo, Coromoro)",2020-11,45472.700000000004,55293.31666666664
PL · Pavas Las,"promedio de los demás pluviómetros (sin Pueblo Viejo, Coromoro)",2020-12,45622.700000000004,55458.266666666634
PL · Pavas Las,"promedio de los demás pluviómetros (sin Pueblo Viejo, Coromoro)",2021-01,45642.700000000004,55498.74166666663
PL · Pavas Las,"promedio de los demás pluviómetros (sin Pueblo Viejo, Coromoro)",2021-02,45824.700000000004,55620.391666666634
PL · Pavas Las,"promedio de los demás pluviómetros (sin Pueblo Viejo, Coromoro)",2021-03,46076.700000000004,55953.19166666664
PL · Pavas Las,"promedio de los demás pluviómetros (sin Pueblo Viejo, Coromoro)",2021-04,46335.700000000004,56203.041666666635
PL · Pavas Las,"promedio de los demás pluviómetros (sin Pueblo Viejo, Coromoro)",2021-05,46544.700000000004,56521.141666666634
PL · Pavas Las,"promedio de los demás pluviómetros (sin Pueblo Viejo, Coromoro)",2021-06,46683.700000000004,56710.641666666634
PL · Pavas Las,"promedio de los demás pluviómetros (sin Pueblo Viejo, Coromoro)",2021-07,46743.700000000004,56926.766666666634
PL · Pavas Las,"promedio de los demás pluviómetros (sin Pueblo Viejo, Coromoro)",2021-08,46874.700000000004,57202.391666666634
PL · Pavas Las,"promedio de los demás pluviómetros (sin Pueblo Viejo, Coromoro)",2021-09,46971.700000000004,57533.19166666664
PL · Pavas Las,"promedio de los demás pluviómetros (sin Pueblo Viejo, Coromoro)",2021-10,47237.700000000004,57823.266666666634
PL · Pavas Las,"promedio de los demás pluviómetros (sin Pueblo Viejo, Coromoro)",2021-11,47415.700000000004,58026.041666666635
PL · Pavas Las,"promedio de los demás pluviómetros (sin Pueblo Viejo, Coromoro)",2021-12,47531.700000000004,58143.99166666663
PL · Pavas Las,"promedio de los demás pluviómetros (sin Pueblo Viejo, Coromoro)",2022-01,47592.700000000004,58215.9583333333
PL · Pavas Las,"promedio de los demás pluviómetros (sin Pueblo Viejo, Coromoro)",2022-02,47761.700000000004,58393.2583333333
PL · Pavas Las,"promedio de los demás pluviómetros (sin Pueblo Viejo, Coromoro)",2022-03,47976.700000000004,58759.4833333333
PL · Pavas Las,"promedio de los demás pluviómetros (sin Pueblo Viejo, Coromoro)",2022-04,48223.200000000004,59068.7083333333
PL · Pavas Las,"promedio de los demás pluviómetros (sin Pueblo Viejo, Coromoro)",2022-05,48382.200000000004,59402.7333333333
PL · Pavas Las,"promedio de los demás pluviómetros (sin Pueblo Viejo, Coromoro)",2022-06,48715.200000000004,59757.7083333333
PL · Pavas Las,"promedio de los demás pluviómetros (sin Pueblo Viejo, Coromoro)",2022-07,48786.200000000004,59948.1833333333
PL · Pavas Las,"promedio de los demás pluviómetros (sin Pueblo Viejo, Coromoro)",2022-08,48892.200000000004,60200.8583333333
PL · Pavas Las,"promedio de los demás pluviómetros (sin Pueblo Viejo, Coromoro)",2022-09,49043.200000000004,60595.5083333333
PL · Pavas Las,"promedio de los demás pluviómetros (sin Pueblo Viejo, Coromoro)",2022-10,49447.200000000004,60908.158333333304
PL · Pavas Las,"promedio de los demás pluviómetros (sin Pueblo Viejo, Coromoro)",2022-11,49791.200000000004,61256.158333333304
PL · Pavas Las,"promedio de los demás pluviómetros (sin Pueblo Viejo, Coromoro)",2022-12,49930.200000000004,61425.2583333333
PL · Valle de San Jose,"promedio de los demás pluviómetros (sin Pueblo Viejo, Coromoro)",1998-01,1.0,80.25
PL · Valle de San Jose,"promedio de los demás pluviómetros (sin Pueblo Viejo, Coromoro)",1998-02,36.0,221.825
PL · Valle de San Jose,"promedio de los demás pluviómetros (sin Pueblo Viejo, Coromoro)",1998-03,118.0,480.34999999999997
PL · Valle de San Jose,"promedio de los demás pluviómetros (sin Pueblo Viejo, Coromoro)",1998-04,236.0,785.2249999999999
PL · Valle de San Jose,"promedio de los demás pluviómetros (sin Pueblo Viejo, Coromoro)",1998-05,490.0,1055.0249999999999
PL · Valle de San Jose,"promedio de los demás pluviómetros (sin Pueblo Viejo, Coromoro)",1998-06,675.0,1193.6499999999999
PL · Valle de San Jose,"promedio de los demás pluviómetros (sin Pueblo Viejo, Coromoro)",1998-07,990.0,1349.8999999999999
PL · Valle de San Jose,"promedio de los demás pluviómetros (sin Pueblo Viejo, Coromoro)",1998-08,1263.0,1557.8249999999998
PL · Valle de San Jose,"promedio de los demás pluviómetros (sin Pueblo Viejo, Coromoro)",1998-09,1498.0,1791.0749999999998
PL · Valle de San Jose,"promedio de los demás pluviómetros (sin Pueblo Viejo, Coromoro)",1998-10,1904.0,2191.6
PL · Valle de San Jose,"promedio de los demás pluviómetros (sin Pueblo Viejo, Coromoro)",1998-11,2024.0,2451.125
PL · Valle de San Jose,"promedio de los demás pluviómetros (sin Pueblo Viejo, Coromoro)",1998-12,2140.0,2739.05
PL · Valle de San Jose,"promedio de los demás pluviómetros (sin Pueblo Viejo, Coromoro)",1999-01,2184.0,2968.9500000000003
PL · Valle de San Jose,"promedio de los demás pluviómetros (sin Pueblo Viejo, Coromoro)",1999-02,2280.0,3395.15
PL · Valle de San Jose,"promedio de los demás pluviómetros (sin Pueblo Viejo, Coromoro)",1999-03,2384.0,3673.4500000000003
PL · Valle de San Jose,"promedio de los demás pluviómetros (sin Pueblo Viejo, Coromoro)",1999-04,2651.0,3972.425
PL · Valle de San Jose,"promedio de los demás pluviómetros (sin Pueblo Viejo, Coromoro)",1999-05,2947.0,4212.175
PL · Valle de San Jose,"promedio de los demás pluviómetros (sin Pueblo Viejo, Coromoro)",1999-06,3333.0,4451.625
PL · Valle de San Jose,"promedio de los demás pluviómetros (sin Pueblo Viejo, Coromoro)",1999-07,3646.0,4552.075
PL · Valle de San Jose,"promedio de los demás pluviómetros (sin Pueblo Viejo, Coromoro)",1999-08,3897.0,4774.0
PL · Valle de San Jose,"promedio de los demás pluviómetros (sin Pueblo Viejo, Coromoro)",1999-09,4252.0,5081.425
PL · Valle de San Jose,"promedio de los demás pluviómetros (sin Pueblo Viejo, Coromoro)",1999-10,4521.0,5396.05
PL · Valle de San Jose,"promedio de los demás pluviómetros (sin Pueblo Viejo, Coromoro)",1999-11,4736.0,5708.8
PL · Valle de San Jose,"promedio de los demás pluviómetros (sin Pueblo Viejo, Coromoro)",1999-12,4781.0,5953.825
PL · Valle de San Jose,"promedio de los demás pluviómetros (sin Pueblo Viejo, Coromoro)",2000-01,4791.0,6113.2
PL · Valle de San Jose,"promedio de los demás pluviómetros (sin Pueblo Viejo, Coromoro)",2000-02,4920.0,6362.55
PL · Valle de San Jose,"promedio de los demás pluviómetros (sin Pueblo Viejo, Coromoro)",2000-03,5003.0,6570.150000000001
PL · Valle de San Jose,"promedio de los demás pluviómetros (sin Pueblo Viejo, Coromoro)",2000-04,5170.0,6887.6
PL · Valle de San Jose,"promedio de los demás pluviómetros (sin Pueblo Viejo, Coromoro)",2000-05,5347.0,7111.35
PL · Valle de San Jose,"promedio de los demás pluviómetros (sin Pueblo Viejo, Coromoro)",2000-06,5557.0,7328.425
PL · Valle de San Jose,"promedio de los demás pluviómetros (sin Pueblo Viejo, Coromoro)",2000-07,5735.0,7506.95
PL · Valle de San Jose,"promedio de los demás pluviómetros (sin Pueblo Viejo, Coromoro)",2000-08,5927.0,7640.275
PL · Valle de San Jose,"promedio de los demás pluviómetros (sin Pueblo Viejo, Coromoro)",2000-09,6149.0,7929.724999999999
PL · Valle de San Jose,"promedio de los demás pluviómetros (sin Pueblo Viejo, Coromoro)",2000-10,6318.0,8186.999999999999
PL · Valle de San Jose,"promedio de los demás pluviómetros (sin Pueblo Viejo, Coromoro)",2000-11,6459.0,8415.724999999999
PL · Valle de San Jose,"promedio de los demás pluviómetros (sin Pueblo Viejo, Coromoro)",2000-12,6482.0,8517.199999999999
PL · Valle de San Jose,"promedio de los demás pluviómetros (sin Pueblo Viejo, Coromoro)",2001-02,6509.0,8646.55
PL · Valle de San Jose,"promedio de los demás pluviómetros (sin Pueblo Viejo, Coromoro)",2001-03,6646.0,8913.324999999999
PL · Valle de San Jose,"promedio de los demás pluviómetros (sin Pueblo Viejo, Coromoro)",2001-04,6815.0,9107.925
PL · Valle de San Jose,"promedio de los demás pluviómetros (sin Pueblo Viejo, Coromoro)",2001-05,7002.0,9426.358333333332
PL · Valle de San Jose,"promedio de los demás pluviómetros (sin Pueblo Viejo, Coromoro)",2001-06,7254.0,9564.208333333332
PL · Valle de San Jose,"promedio de los demás pluviómetros (sin Pueblo Viejo, Coromoro)",2001-07,7397.0,9726.958333333332
PL · Valle de San Jose,"promedio de los demás pluviómetros (sin Pueblo Viejo, Coromoro)",2001-08,7571.0,9838.083333333332
PL · Valle de San Jose,"promedio de los demás pluviómetros (sin Pueblo Viejo, Coromoro)",2001-09,7771.0,10066.058333333332
PL · Valle de San Jose,"promedio de los demás pluviómetros (sin Pueblo Viejo, Coromoro)",2001-10,7871.0,10404.458333333332
PL · Valle de San Jose,"promedio de los demás pluviómetros (sin Pueblo Viejo, Coromoro)",2001-11,8039.0,10682.258333333331
PL · Valle de San Jose,"promedio de los demás pluviómetros (sin Pueblo Viejo, Coromoro)",2001-12,8113.0,10936.608333333332
PL · Valle de San Jose,"promedio de los demás pluviómetros (sin Pueblo Viejo, Coromoro)",2002-01,8147.0,11001.758333333331
PL · Valle de San Jose,"promedio de los demás pluviómetros (sin Pueblo Viejo, Coromoro)",2002-02,8166.0,11095.68333333333
PL · Valle de San Jose,"promedio de los demás pluviómetros (sin Pueblo Viejo, Coromoro)",2002-03,8297.0,11340.48333333333
PL · Valle de San Jose,"promedio de los demás pluviómetros (sin Pueblo Viejo, Coromoro)",2002-04,8522.0,11752.68333333333
PL · Valle de San Jose,"promedio de los demás pluviómetros (sin Pueblo Viejo, Coromoro)",2002-05,8848.0,12015.98333333333
PL · Valle de San Jose,"promedio de los demás pluviómetros (sin Pueblo Viejo, Coromoro)",2002-06,9122.0,12186.88333333333
PL · Valle de San Jose,"promedio de los demás pluviómetros (sin Pueblo Viejo, Coromoro)",2002-07,9219.0,12295.183333333329
PL · Valle de San Jose,"promedio de los demás pluviómetros (sin Pueblo Viejo, Coromoro)",2002-08,9347.0,12478.608333333328
PL · Valle de San Jose,"promedio de los demás pluviómetros (sin Pueblo Viejo, Coromoro)",2002-09,9539.0,12684.983333333328
PL · Valle de San Jose,"promedio de los demás pluviómetros (sin Pueblo Viejo, Coromoro)",2002-10,9814.0,12909.583333333328
PL · Valle de San Jose,"promedio de los demás pluviómetros (sin Pueblo Viejo, Coromoro)",2002-11,9968.0,13117.133333333328
PL · Valle de San Jose,"promedio de los demás pluviómetros (sin Pueblo Viejo, Coromoro)",2002-12,9988.0,13327.433333333327
PL · Valle de San Jose,"promedio de los demás pluviómetros (sin Pueblo Viejo, Coromoro)",2003-01,10010.0,13361.108333333326
PL · Valle de San Jose,"promedio de los demás pluviómetros (sin Pueblo Viejo, Coromoro)",2003-02,10035.0,13499.84166666666
PL · Valle de San Jose,"promedio de los demás pluviómetros (sin Pueblo Viejo, Coromoro)",2003-03,10182.0,13738.96666666666
PL · Valle de San Jose,"promedio de los demás pluviómetros (sin Pueblo Viejo, Coromoro)",2003-04,10464.0,14129.89166666666
PL · Valle de San Jose,"promedio de los demás pluviómetros (sin Pueblo Viejo, Coromoro)",2003-05,10732.0,14412.416666666659
PL · Valle de San Jose,"promedio de los demás pluviómetros (sin Pueblo Viejo, Coromoro)",2003-06,10962.0,14637.61666666666
PL · Valle de San Jose,"promedio de los demás pluviómetros (sin Pueblo Viejo, Coromoro)",2003-07,11108.0,14781.11666666666
PL · Valle de San Jose,"promedio de los demás pluviómetros (sin Pueblo Viejo, Coromoro)",2003-08,11327.0,14997.041666666659
PL · Valle de San Jose,"promedio de los demás pluviómetros (sin Pueblo Viejo, Coromoro)",2003-09,11583.0,15285.36666666666
PL · Valle de San Jose,"promedio de los demás pluviómetros (sin Pueblo Viejo, Coromoro)",2003-10,11870.0,15712.49166666666
PL · Valle de San Jose,"promedio de los demás pluviómetros (sin Pueblo Viejo, Coromoro)",2003-11,12036.0,16124.24166666666
PL · Valle de San Jose,"promedio de los demás pluviómetros (sin Pueblo Viejo, Coromoro)",2003-12,12049.0,16296.81666666666
PL · Valle de San Jose,"promedio de los demás pluviómetros (sin Pueblo Viejo, Coromoro)",2004-02,12087.0,16444.69166666666
PL · Valle de San Jose,"promedio de los demás pluviómetros (sin Pueblo Viejo, Coromoro)",2004-03,12176.0,16651.59166666666
PL · Valle de San Jose,"promedio de los demás pluviómetros (sin Pueblo Viejo, Coromoro)",2004-04,12459.0,17000.41666666666
PL · Valle de San Jose,"promedio de los demás pluviómetros (sin Pueblo Viejo, Coromoro)",2004-05,12873.0,17372.66666666666
PL · Valle de San Jose,"promedio de los demás pluviómetros (sin Pueblo Viejo, Coromoro)",2004-06,13139.0,17473.79166666666
PL · Valle de San Jose,"promedio de los demás pluviómetros (sin Pueblo Viejo, Coromoro)",2004-07,13348.0,17649.66666666666
PL · Valle de San Jose,"promedio de los demás pluviómetros (sin Pueblo Viejo, Coromoro)",2004-08,13567.0,17739.54166666666
PL · Valle de San Jose,"promedio de los demás pluviómetros (sin Pueblo Viejo, Coromoro)",2004-09,13791.0,18040.24166666666
PL · Valle de San Jose,"promedio de los demás pluviómetros (sin Pueblo Viejo, Coromoro)",2004-10,14124.0,18328.40833333333
PL · Valle de San Jose,"promedio de los demás pluviómetros (sin Pueblo Viejo, Coromoro)",2004-11,14263.0,18651.074999999997
PL · Valle de San Jose,"promedio de los demás pluviómetros (sin Pueblo Viejo, Coromoro)",2004-12,14288.0,18809.225
PL · Valle de San Jose,"promedio de los demás pluviómetros (sin Pueblo Viejo, Coromoro)",2005-01,14471.0,19031.899999999998
PL · Valle de San Jose,"promedio de los demás pluviómetros (sin Pueblo Viejo, Coromoro)",2005-02,14627.0,19251.824999999997
PL · Valle de San Jose,"promedio de los demás pluviómetros (sin Pueblo Viejo, Coromoro)",2005-03,14632.0,19423.774999999998
PL · Valle de San Jose,"promedio de los demás pluviómetros (sin Pueblo Viejo, Coromoro)",2005-04,14949.0,19750.10833333333
PL · Valle de San Jose,"promedio de los demás pluviómetros (sin Pueblo Viejo, Coromoro)",2005-05,15108.0,20023.40833333333
PL · Valle de San Jose,"promedio de los demás pluviómetros (sin Pueblo Viejo, Coromoro)",2005-06,15270.0,20203.58333333333
PL · Valle de San Jose,"promedio de los demás pluviómetros (sin Pueblo Viejo, Coromoro)",2005-07,15479.0,20353.758333333328
PL · Valle de San Jose,"promedio de los demás pluviómetros (sin Pueblo Viejo, Coromoro)",2005-08,15729.0,20473.683333333327
PL · Valle de San Jose,"promedio de los demás pluviómetros (sin Pueblo Viejo, Coromoro)",2005-09,16022.0,20622.783333333326
PL · Valle de San Jose,"promedio de los demás pluviómetros (sin Pueblo Viejo, Coromoro)",2005-10,16343.0,21043.183333333327
PL · Valle de San Jose,"promedio de los demás pluviómetros (sin Pueblo Viejo, Coromoro)",2005-11,16613.0,21383.33333333333
PL · Valle de San Jose,"promedio de los demás pluviómetros (sin Pueblo Viejo, Coromoro)",2005-12,16632.0,21539.90833333333
PL · Valle de San Jose,"promedio de los demás pluviómetros (sin Pueblo Viejo, Coromoro)",2006-01,16659.0,21691.80833333333
PL · Valle de San Jose,"promedio de los demás pluviómetros (sin Pueblo Viejo, Coromoro)",2006-02,16661.0,21779.50833333333
PL · Valle de San Jose,"promedio de los demás pluviómetros (sin Pueblo Viejo, Coromoro)",2006-03,16945.0,22127.48333333333
PL · Valle de San Jose,"promedio de los demás pluviómetros (sin Pueblo Viejo, Coromoro)",2006-04,17163.0,22490.28333333333
PL · Valle de San Jose,"promedio de los demás pluviómetros (sin Pueblo Viejo, Coromoro)",2006-05,17548.0,22825.58333333333
PL · Valle de San Jose,"promedio de los demás pluviómetros (sin Pueblo Viejo, Coromoro)",2006-06,17815.0,23029.53333333333
PL · Valle de San Jose,"promedio de los demás pluviómetros (sin Pueblo Viejo, Coromoro)",2006-07,18096.0,23096.68333333333
PL · Valle de San Jose,"promedio de los demás pluviómetros (sin Pueblo Viejo, Coromoro)",2006-08,18420.0,23256.40833333333
PL · Valle de San Jose,"promedio de los demás pluviómetros (sin Pueblo Viejo, Coromoro)",2006-09,18732.0,23413.68333333333
PL · Valle de San Jose,"promedio de los demás pluviómetros (sin Pueblo Viejo, Coromoro)",2006-10,18988.3,23787.13333333333
PL · Valle de San Jose,"promedio de los demás pluviómetros (sin Pueblo Viejo, Coromoro)",2006-11,19225.899999999998,24147.68333333333
PL · Valle de San Jose,"promedio de los demás pluviómetros (sin Pueblo Viejo, Coromoro)",2006-12,19239.399999999998,24393.28333333333
PL · Valle de San Jose,"promedio de los demás pluviómetros (sin Pueblo Viejo, Coromoro)",2007-01,19285.399999999998,24612.78333333333
PL · Valle de San Jose,"promedio de los demás pluviómetros (sin Pueblo Viejo, Coromoro)",2007-02,19314.699999999997,24684.508333333328
PL · Valle de San Jose,"promedio de los demás pluviómetros (sin Pueblo Viejo, Coromoro)",2007-03,19503.199999999997,25060.133333333328
PL · Valle de San Jose,"promedio de los demás pluviómetros (sin Pueblo Viejo, Coromoro)",2007-04,19837.1,25398.08333333333
PL · Valle de San Jose,"promedio de los demás pluviómetros (sin Pueblo Viejo, Coromoro)",2007-05,20282.899999999998,25701.183333333327
PL · Valle de San Jose,"promedio de los demás pluviómetros (sin Pueblo Viejo, Coromoro)",2007-06,20641.6,25798.633333333328
PL · Valle de San Jose,"promedio de los demás pluviómetros (sin Pueblo Viejo, Coromoro)",2007-07,20905.1,26010.758333333328
PL · Valle de San Jose,"promedio de los demás pluviómetros (sin Pueblo Viejo, Coromoro)",2007-08,21254.3,26268.15833333333
PL · Valle de San Jose,"promedio de los demás pluviómetros (sin Pueblo Viejo, Coromoro)",2007-09,21479.2,26478.15833333333
PL · Valle de San Jose,"promedio de los demás pluviómetros (sin Pueblo Viejo, Coromoro)",2007-10,21864.600000000002,26917.508333333328
PL · Valle de San Jose,"promedio de los demás pluviómetros (sin Pueblo Viejo, Coromoro)",2007-11,22055.100000000002,27151.558333333327
PL · Valle de San Jose,"promedio de los demás pluviómetros (sin Pueblo Viejo, Coromoro)",2007-12,22163.600000000002,27382.658333333326
PL · Valle de San Jose,"promedio de los demás pluviómetros (sin Pueblo Viejo, Coromoro)",2008-01,22226.300000000003,27501.258333333324
PL · Valle de San Jose,"promedio de los demás pluviómetros (sin Pueblo Viejo, Coromoro)",2008-02,22302.700000000004,27657.791666666657
PL · Valle de San Jose,"promedio de los demás pluviómetros (sin Pueblo Viejo, Coromoro)",2008-03,22318.300000000003,27899.56666666666
PL · Valle de San Jose,"promedio de los demás pluviómetros (sin Pueblo Viejo, Coromoro)",2008-04,22512.700000000004,28165.06666666666
PL · Valle de San Jose,"promedio de los demás pluviómetros (sin Pueblo Viejo, Coromoro)",2008-05,22932.000000000004,28470.76666666666
PL · Valle de San Jose,"promedio de los demás pluviómetros (sin Pueblo Viejo, Coromoro)",2008-06,23152.400000000005,28672.54166666666
PL · Valle de San Jose,"promedio de los demás pluviómetros (sin Pueblo Viejo, Coromoro)",2008-07,23380.300000000007,28894.76666666666
PL · Valle de San Jose,"promedio de los demás pluviómetros (sin Pueblo Viejo, Coromoro)",2008-08,23533.400000000005,29196.76666666666
PL · Valle de San Jose,"promedio de los demás pluviómetros (sin Pueblo Viejo, Coromoro)",2008-09,23668.400000000005,29455.96666666666
PL · Valle de San Jose,"promedio de los demás pluviómetros (sin Pueblo Viejo, Coromoro)",2008-10,23869.000000000004,29813.71666666666
PL · Valle de San Jose,"promedio de los demás pluviómetros (sin Pueblo Viejo, Coromoro)",2008-11,23956.300000000003,30155.29166666666
PL · Valle de San Jose,"promedio de los demás pluviómetros (sin Pueblo Viejo, Coromoro)",2008-12,23965.200000000004,30288.74166666666
PL · Valle de San Jose,"promedio de los demás pluviómetros (sin Pueblo Viejo, Coromoro)",2009-01,24000.100000000006,30468.49166666666
PL · Valle de San Jose,"promedio de los demás pluviómetros (sin Pueblo Viejo, Coromoro)",2009-02,24087.400000000005,30717.316666666662
PL · Valle de San Jose,"promedio de los demás pluviómetros (sin Pueblo Viejo, Coromoro)",2009-03,24336.600000000006,31066.016666666663
PL · Valle de San Jose,"promedio de los demás pluviómetros (sin Pueblo Viejo, Coromoro)",2009-04,24407.400000000005,31350.966666666664
PL · Valle de San Jose,"promedio de los demás pluviómetros (sin Pueblo Viejo, Coromoro)",2009-05,24500.400000000005,31531.341666666664
PL · Valle de San Jose,"promedio de los demás pluviómetros (sin Pueblo Viejo, Coromoro)",2009-06,24652.100000000006,31713.475
PL · Valle de San Jose,"promedio de los demás pluviómetros (sin Pueblo Viejo, Coromoro)",2009-07,24888.200000000004,31786.108333333334
PL · Valle de San Jose,"promedio de los demás pluviómetros (sin Pueblo Viejo, Coromoro)",2009-08,25396.400000000005,32019.058333333334
PL · Valle de San Jose,"promedio de los demás pluviómetros (sin Pueblo Viejo, Coromoro)",2009-09,25501.100000000006,32132.733333333334
PL · Valle de San Jose,"promedio de los demás pluviómetros (sin Pueblo Viejo, Coromoro)",2009-10,25670.800000000007,32372.608333333334
PL · Valle de San Jose,"promedio de los demás pluviómetros (sin Pueblo Viejo, Coromoro)",2009-11,25831.800000000007,32632.658333333333
PL · Valle de San Jose,"promedio de los demás pluviómetros (sin Pueblo Viejo, Coromoro)",2009-12,25915.500000000007,32785.13333333333
PL · Valle de San Jose,"promedio de los demás pluviómetros (sin Pueblo Viejo, Coromoro)",2010-02,25986.300000000007,32882.38333333333
PL · Valle de San Jose,"promedio de los demás pluviómetros (sin Pueblo Viejo, Coromoro)",2010-03,26086.700000000008,33094.25833333333
PL · Valle de San Jose,"promedio de los demás pluviómetros (sin Pueblo Viejo, Coromoro)",2010-04,26336.60000000001,33377.28333333333
PL · Valle de San Jose,"promedio de los demás pluviómetros (sin Pueblo Viejo, Coromoro)",2010-05,26584.200000000008,33697.28333333333
PL · Valle de San Jose,"promedio de los demás pluviómetros (sin Pueblo Viejo, Coromoro)",2010-06,26842.000000000007,33943.558333333334
PL · Valle de San Jose,"promedio de los demás pluviómetros (sin Pueblo Viejo, Coromoro)",2010-07,27125.40000000001,34284.23333333334
PL · Valle de San Jose,"promedio de los demás pluviómetros (sin Pueblo Viejo, Coromoro)",2010-08,27337.200000000008,34519.00833333334
PL · Valle de San Jose,"promedio de los demás pluviómetros (sin Pueblo Viejo, Coromoro)",2010-09,27675.500000000007,34847.48333333334
PL · Valle de San Jose,"promedio de los demás pluviómetros (sin Pueblo Viejo, Coromoro)",2010-10,27893.500000000007,35177.183333333334
PL · Valle de San Jose,"promedio de los demás pluviómetros (sin Pueblo Viejo, Coromoro)",2010-11,28070.90000000001,35564.48333333334
PL · Valle de San Jose,"promedio de los demás pluviómetros (sin Pueblo Viejo, Coromoro)",2010-12,28093.700000000008,35694.63333333334
PL · Valle de San Jose,"promedio de los demás pluviómetros (sin Pueblo Viejo, Coromoro)",2011-01,28119.000000000007,35803.13333333334
PL · Valle de San Jose,"promedio de los demás pluviómetros (sin Pueblo Viejo, Coromoro)",2011-02,28173.40000000001,36012.50833333334
PL · Valle de San Jose,"promedio de los demás pluviómetros (sin Pueblo Viejo, Coromoro)",2011-03,28549.90000000001,36350.98333333334
PL · Valle de San Jose,"promedio de los demás pluviómetros (sin Pueblo Viejo, Coromoro)",2011-04,28962.000000000007,36829.71666666667
PL · Valle de San Jose,"promedio de los demás pluviómetros (sin Pueblo Viejo, Coromoro)",2011-05,29214.100000000006,37141.61666666667
PL · Valle de San Jose,"promedio de los demás pluviómetros (sin Pueblo Viejo, Coromoro)",2011-06,29438.100000000006,37306.86666666667
PL · Valle de San Jose,"promedio de los demás pluviómetros (sin Pueblo Viejo, Coromoro)",2011-07,29571.300000000007,37436.441666666666
PL · Valle de San Jose,"promedio de los demás pluviómetros (sin Pueblo Viejo, Coromoro)",2011-08,29787.200000000008,37684.808333333334
PL · Valle de San Jose,"promedio de los demás pluviómetros (sin Pueblo Viejo, Coromoro)",2011-09,29977.500000000007,37885.958333333336
PL · Valle de San Jose,"promedio de los demás pluviómetros (sin Pueblo Viejo, Coromoro)",2011-10,30217.40000000001,38277.35833333334
PL · Valle de San Jose,"promedio de los demás pluviómetros (sin Pueblo Viejo, Coromoro)",2011-11,30440.200000000008,38652.75833333334
PL · Valle de San Jose,"promedio de los demás pluviómetros (sin Pueblo Viejo, Coromoro)",2011-12,30509.200000000008,38962.425
PL · Valle de San Jose,"promedio de los demás pluviómetros (sin Pueblo Viejo, Coromoro)",2012-01,30520.60000000001,39174.700000000004
PL · Valle de San Jose,"promedio de los demás pluviómetros (sin Pueblo Viejo, Coromoro)",2012-02,30547.60000000001,39247.12500000001
PL · Valle de San Jose,"promedio de los demás pluviómetros (sin Pueblo Viejo, Coromoro)",2012-03,30842.00000000001,39539.00000000001
PL · Valle de San Jose,"promedio de los demás pluviómetros (sin Pueblo Viejo, Coromoro)",2012-04,31176.20000000001,39967.25000000001
PL · Valle de San Jose,"promedio de los demás pluviómetros (sin Pueblo Viejo, Coromoro)",2012-05,31333.100000000013,40243.100000000006
PL · Valle de San Jose,"promedio de los demás pluviómetros (sin Pueblo Viejo, Coromoro)",2012-06,31506.400000000012,40365.325000000004
PL · Valle de San Jose,"promedio de los demás pluviómetros (sin Pueblo Viejo, Coromoro)",2012-07,31627.800000000014,40481.3
PL · Valle de San Jose,"promedio de los demás pluviómetros (sin Pueblo Viejo, Coromoro)",2012-08,31818.500000000015,40686.450000000004
PL · Valle de San Jose,"promedio de los demás pluviómetros (sin Pueblo Viejo, Coromoro)",2012-09,31970.800000000014,40843.75000000001
PL · Valle de San Jose,"promedio de los demás pluviómetros (sin Pueblo Viejo, Coromoro)",2012-10,32168.400000000012,41177.15000000001
PL · Valle de San Jose,"promedio de los demás pluviómetros (sin Pueblo Viejo, Coromoro)",2012-11,32229.100000000013,41331.57500000001
PL · Valle de San Jose,"promedio de los demás pluviómetros (sin Pueblo Viejo, Coromoro)",2012-12,32237.400000000012,41447.20000000001
PL · Valle de San Jose,"promedio de los demás pluviómetros (sin Pueblo Viejo, Coromoro)",2013-01,32242.50000000001,41512.82500000001
PL · Valle de San Jose,"promedio de los demás pluviómetros (sin Pueblo Viejo, Coromoro)",2013-02,32309.30000000001,41783.97500000001
PL · Valle de San Jose,"promedio de los demás pluviómetros (sin Pueblo Viejo, Coromoro)",2013-03,32394.40000000001,42040.07500000001
PL · Valle de San Jose,"promedio de los demás pluviómetros (sin Pueblo Viejo, Coromoro)",2013-04,32598.40000000001,42378.40000000001
PL · Valle de San Jose,"promedio de los demás pluviómetros (sin Pueblo Viejo, Coromoro)",2013-05,32857.90000000001,42757.00000000001
PL · Valle de San Jose,"promedio de los demás pluviómetros (sin Pueblo Viejo, Coromoro)",2013-06,32975.50000000001,42846.700000000004
PL · Valle de San Jose,"promedio de los demás pluviómetros (sin Pueblo Viejo, Coromoro)",2013-07,33110.80000000001,42914.4
PL · Valle de San Jose,"promedio de los demás pluviómetros (sin Pueblo Viejo, Coromoro)",2013-08,33306.80000000001,43118.86666666667
PL · Valle de San Jose,"promedio de los demás pluviómetros (sin Pueblo Viejo, Coromoro)",2013-09,33404.80000000001,43274.84166666667
PL · Valle de San Jose,"promedio de los demás pluviómetros (sin Pueblo Viejo, Coromoro)",2013-10,33636.80000000001,43572.691666666666
PL · Valle de San Jose,"promedio de los demás pluviómetros (sin Pueblo Viejo, Coromoro)",2013-11,33736.10000000001,43883.75833333333
PL · Valle de San Jose,"promedio de los demás pluviómetros (sin Pueblo Viejo, Coromoro)",2013-12,33822.000000000015,44124.35833333333
PL · Valle de San Jose,"promedio de los demás pluviómetros (sin Pueblo Viejo, Coromoro)",2014-01,33843.500000000015,44265.33333333333
PL · Valle de San Jose,"promedio de los demás pluviómetros (sin Pueblo Viejo, Coromoro)",2014-02,33885.20000000001,44547.23333333333
PL · Valle de San Jose,"promedio de los demás pluviómetros (sin Pueblo Viejo, Coromoro)",2014-03,33939.40000000001,44815.90833333333
PL · Valle de San Jose,"promedio de los demás pluviómetros (sin Pueblo Viejo, Coromoro)",2014-04,34173.50000000001,45123.50833333333
PL · Valle de San Jose,"promedio de los demás pluviómetros (sin Pueblo Viejo, Coromoro)",2014-05,34391.30000000001,45408.98333333333
PL · Valle de San Jose,"promedio de los demás pluviómetros (sin Pueblo Viejo, Coromoro)",2014-06,34523.00000000001,45519.03333333333
PL · Valle de San Jose,"promedio de los demás pluviómetros (sin Pueblo Viejo, Coromoro)",2014-07,34709.90000000001,45630.00833333333
PL · Valle de San Jose,"promedio de los demás pluviómetros (sin Pueblo Viejo, Coromoro)",2014-08,34993.600000000006,45767.53333333333
PL · Valle de San Jose,"promedio de los demás pluviómetros (sin Pueblo Viejo, Coromoro)",2014-09,35192.600000000006,45943.083333333336
PL · Valle de San Jose,"promedio de los demás pluviómetros (sin Pueblo Viejo, Coromoro)",2014-10,35454.50000000001,46254.058333333334
PL · Valle de San Jose,"promedio de los demás pluviómetros (sin Pueblo Viejo, Coromoro)",2014-11,35629.100000000006,46569.15833333333
PL · Valle de San Jose,"promedio de los demás pluviómetros (sin Pueblo Viejo, Coromoro)",2014-12,35703.50000000001,46725.03333333333
PL · Valle de San Jose,"promedio de los demás pluviómetros (sin Pueblo Viejo, Coromoro)",2015-01,35731.200000000004,46871.683333333334
PL · Valle de San Jose,"promedio de los demás pluviómetros (sin Pueblo Viejo, Coromoro)",2015-02,35840.50000000001,47026.65833333333
PL · Valle de San Jose,"promedio de los demás pluviómetros (sin Pueblo Viejo, Coromoro)",2015-03,36027.50000000001,47372.15833333333
PL · Valle de San Jose,"promedio de los demás pluviómetros (sin Pueblo Viejo, Coromoro)",2015-04,36409.30000000001,47768.48333333333
PL · Valle de San Jose,"promedio de los demás pluviómetros (sin Pueblo Viejo, Coromoro)",2015-05,36596.70000000001,47909.10833333333
PL · Valle de San Jose,"promedio de los demás pluviómetros (sin Pueblo Viejo, Coromoro)",2015-06,36676.500000000015,47975.38333333333
PL · Valle de San Jose,"promedio de los demás pluviómetros (sin Pueblo Viejo, Coromoro)",2015-07,36826.10000000001,48106.88333333333
PL · Valle de San Jose,"promedio de los demás pluviómetros (sin Pueblo Viejo, Coromoro)",2015-08,37072.900000000016,48312.049999999996
PL · Valle de San Jose,"promedio de los demás pluviómetros (sin Pueblo Viejo, Coromoro)",2015-09,37284.80000000002,48467.283333333326
PL · Valle de San Jose,"promedio de los demás pluviómetros (sin Pueblo Viejo, Coromoro)",2015-10,37476.20000000002,48743.133333333324
PL · Valle de San Jose,"promedio de los demás pluviómetros (sin Pueblo Viejo, Coromoro)",2015-11,37568.400000000016,48931.99999999999
PL · Valle de San Jose,"promedio de los demás pluviómetros (sin Pueblo Viejo, Coromoro)",2015-12,37620.500000000015,49020.93333333333
PL · Valle de San Jose,"promedio de los demás pluviómetros (sin Pueblo Viejo, Coromoro)",2016-01,37632.20000000001,49074.783333333326
PL · Valle de San Jose,"promedio de los demás pluviómetros (sin Pueblo Viejo, Coromoro)",2016-02,37646.60000000001,49125.533333333326
PL · Valle de San Jose,"promedio de los demás pluviómetros (sin Pueblo Viejo, Coromoro)",2016-03,37734.60000000001,49233.383333333324
PL · Valle de San Jose,"promedio de los demás pluviómetros (sin Pueblo Viejo, Coromoro)",2016-04,38023.30000000001,49556.48333333332
PL · Valle de San Jose,"promedio de los demás pluviómetros (sin Pueblo Viejo, Coromoro)",2016-05,38263.40000000001,49910.48333333332
PL · Valle de San Jose,"promedio de los demás pluviómetros (sin Pueblo Viejo, Coromoro)",2016-06,38450.600000000006,50077.23333333332
PL · Valle de San Jose,"promedio de los demás pluviómetros (sin Pueblo Viejo, Coromoro)",2016-07,38695.600000000006,50259.48333333332
PL · Valle de San Jose,"promedio de los demás pluviómetros (sin Pueblo Viejo, Coromoro)",2016-08,38938.40000000001,50436.48333333332
PL · Valle de San Jose,"promedio de los demás pluviómetros (sin Pueblo Viejo, Coromoro)",2016-09,39094.30000000001,50664.33333333332
PL · Valle de San Jose,"promedio de los demás pluviómetros (sin Pueblo Viejo, Coromoro)",2016-10,39379.00000000001,50945.133333333324
PL · Valle de San Jose,"promedio de los demás pluviómetros (sin Pueblo Viejo, Coromoro)",2016-11,39524.100000000006,51285.33333333332
PL · Valle de San Jose,"promedio de los demás pluviómetros (sin Pueblo Viejo, Coromoro)",2016-12,39674.200000000004,51480.98333333332
PL · Valle de San Jose,"promedio de los demás pluviómetros (sin Pueblo Viejo, Coromoro)",2017-01,39704.50000000001,51592.133333333324
PL · Valle de San Jose,"promedio de los demás pluviómetros (sin Pueblo Viejo, Coromoro)",2017-02,39740.600000000006,51676.783333333326
PL · Valle de San Jose,"promedio de los demás pluviómetros (sin Pueblo Viejo, Coromoro)",2017-03,40093.00000000001,52060.883333333324
PL · Valle de San Jose,"promedio de los demás pluviómetros (sin Pueblo Viejo, Coromoro)",2017-04,40239.100000000006,52392.81666666666
PL · Valle de San Jose,"promedio de los demás pluviómetros (sin Pueblo Viejo, Coromoro)",2017-05,40557.3,52732.34999999999
PL · Valle de San Jose,"promedio de los demás pluviómetros (sin Pueblo Viejo, Coromoro)",2017-06,40785.8,53025.283333333326
PL · Valle de San Jose,"promedio de los demás pluviómetros (sin Pueblo Viejo, Coromoro)",2017-07,41114.4,53174.84999999999
PL · Valle de San Jose,"promedio de los demás pluviómetros (sin Pueblo Viejo, Coromoro)",2017-08,41247.1,53338.649999999994
PL · Valle de San Jose,"promedio de los demás pluviómetros (sin Pueblo Viejo, Coromoro)",2017-09,41454.7,53518.98333333333
PL · Valle de San Jose,"promedio de los demás pluviómetros (sin Pueblo Viejo, Coromoro)",2017-10,41637.6,53782.649999999994
PL · Valle de San Jose,"promedio de los demás pluviómetros (sin Pueblo Viejo, Coromoro)",2017-11,41751.2,54082.81666666666
PL · Valle de San Jose,"promedio de los demás pluviómetros (sin Pueblo Viejo, Coromoro)",2018-01,41841.7,54259.81666666666
PL · Valle de San Jose,"promedio de los demás pluviómetros (sin Pueblo Viejo, Coromoro)",2018-02,41865.5,54351.149999999994
PL · Valle de San Jose,"promedio de los demás pluviómetros (sin Pueblo Viejo, Coromoro)",2018-03,42058.8,54621.649999999994
PL · Valle de San Jose,"promedio de los demás pluviómetros (sin Pueblo Viejo, Coromoro)",2018-04,42293.600000000006,54966.383333333324
PL · Valle de San Jose,"promedio de los demás pluviómetros (sin Pueblo Viejo, Coromoro)",2018-05,42648.90000000001,55240.533333333326
PL · Valle de San Jose,"promedio de los demás pluviómetros (sin Pueblo Viejo, Coromoro)",2018-06,42862.100000000006,55399.19999999999
PL · Valle de San Jose,"promedio de los demás pluviómetros (sin Pueblo Viejo, Coromoro)",2018-07,43135.40000000001,55552.23333333332
PL · Valle de San Jose,"promedio de los demás pluviómetros (sin Pueblo Viejo, Coromoro)",2018-08,43302.70000000001,55677.66666666666
PL · Valle de San Jose,"promedio de los demás pluviómetros (sin Pueblo Viejo, Coromoro)",2018-09,43472.500000000015,55891.16666666666
PL · Valle de San Jose,"promedio de los demás pluviómetros (sin Pueblo Viejo, Coromoro)",2018-10,43798.80000000002,56279.16666666666
PL · Valle de San Jose,"promedio de los demás pluviómetros (sin Pueblo Viejo, Coromoro)",2018-11,43914.10000000002,56517.133333333324
PL · Valle de San Jose,"promedio de los demás pluviómetros (sin Pueblo Viejo, Coromoro)",2019-01,43973.00000000002,56610.43333333333
PL · Valle de San Jose,"promedio de los demás pluviómetros (sin Pueblo Viejo, Coromoro)",2019-02,44029.70000000002,56891.08333333333
PL · Valle de San Jose,"promedio de los demás pluviómetros (sin Pueblo Viejo, Coromoro)",2019-03,44104.30000000002,57298.73333333333
PL · Valle de San Jose,"promedio de los demás pluviómetros (sin Pueblo Viejo, Coromoro)",2019-04,44246.30000000002,57611.90833333333
PL · Valle de San Jose,"promedio de los demás pluviómetros (sin Pueblo Viejo, Coromoro)",2019-05,44564.900000000016,57904.933333333334
PL · Valle de San Jose,"promedio de los demás pluviómetros (sin Pueblo Viejo, Coromoro)",2019-06,44712.20000000002,57992.208333333336
PL · Valle de San Jose,"promedio de los demás pluviómetros (sin Pueblo Viejo, Coromoro)",2019-07,44895.30000000002,58126.708333333336
PL · Valle de San Jose,"promedio de los demás pluviómetros (sin Pueblo Viejo, Coromoro)",2019-08,45121.20000000002,58225.583333333336
PL · Valle de San Jose,"promedio de los demás pluviómetros (sin Pueblo Viejo, Coromoro)",2019-09,45353.10000000002,58425.583333333336
PL · Valle de San Jose,"promedio de los demás pluviómetros (sin Pueblo Viejo, Coromoro)",2019-10,45589.90000000002,58672.25833333334
PL · Valle de San Jose,"promedio de los demás pluviómetros (sin Pueblo Viejo, Coromoro)",2019-11,45661.800000000025,58923.23333333334
PL · Valle de San Jose,"promedio de los demás pluviómetros (sin Pueblo Viejo, Coromoro)",2019-12,45699.700000000026,59095.03333333334
PL · Valle de San Jose,"promedio de los demás pluviómetros (sin Pueblo Viejo, Coromoro)",2020-01,45720.10000000003,59168.40833333334
PL · Valle de San Jose,"promedio de los demás pluviómetros (sin Pueblo Viejo, Coromoro)",2020-02,45723.200000000026,59260.75833333334
PL · Valle de San Jose,"promedio de los demás pluviómetros (sin Pueblo Viejo, Coromoro)",2020-03,45883.200000000026,59553.333333333336
PL · Valle de San Jose,"promedio de los demás pluviómetros (sin Pueblo Viejo, Coromoro)",2020-04,45983.40000000002,59806.308333333334
PL · Valle de San Jose,"promedio de los demás pluviómetros (sin Pueblo Viejo, Coromoro)",2020-05,46199.300000000025,60026.13333333333
PL · Valle de San Jose,"promedio de los demás pluviómetros (sin Pueblo Viejo, Coromoro)",2020-06,46640.200000000026,60236.73333333333
PL · Valle de San Jose,"promedio de los demás pluviómetros (sin Pueblo Viejo, Coromoro)",2020-07,46916.60000000003,60425.48333333333
PL · Valle de San Jose,"promedio de los demás pluviómetros (sin Pueblo Viejo, Coromoro)",2020-08,47100.300000000025,60637.10833333333
PL · Valle de San Jose,"promedio de los demás pluviómetros (sin Pueblo Viejo, Coromoro)",2020-09,47468.60000000003,60826.80833333333
PL · Valle de San Jose,"promedio de los demás pluviómetros (sin Pueblo Viejo, Coromoro)",2020-10,47782.00000000003,61132.658333333326
PL · Valle de San Jose,"promedio de los demás pluviómetros (sin Pueblo Viejo, Coromoro)",2020-11,48085.200000000026,61520.633333333324
PL · Valle de San Jose,"promedio de los demás pluviómetros (sin Pueblo Viejo, Coromoro)",2020-12,48094.200000000026,61720.83333333332
PL · Valle de San Jose,"promedio de los demás pluviómetros (sin Pueblo Viejo, Coromoro)",2021-01,48126.60000000003,61758.20833333332
PL · Valle de San Jose,"promedio de los demás pluviómetros (sin Pueblo Viejo, Coromoro)",2021-02,48204.300000000025,61905.93333333332
PL · Valle de San Jose,"promedio de los demás pluviómetros (sin Pueblo Viejo, Coromoro)",2021-03,48396.800000000025,62253.60833333332
PL · Valle de San Jose,"promedio de los demás pluviómetros (sin Pueblo Viejo, Coromoro)",2021-04,48607.800000000025,62515.45833333332
PL · Valle de San Jose,"promedio de los demás pluviómetros (sin Pueblo Viejo, Coromoro)",2021-05,48787.40000000002,62840.90833333332
PL · Valle de San Jose,"promedio de los demás pluviómetros (sin Pueblo Viejo, Coromoro)",2021-06,49055.200000000026,62998.20833333332
PL · Valle de San Jose,"promedio de los demás pluviómetros (sin Pueblo Viejo, Coromoro)",2021-07,49378.00000000003,63148.633333333324
PL · Valle de San Jose,"promedio de los demás pluviómetros (sin Pueblo Viejo, Coromoro)",2021-08,49709.80000000003,63374.05833333333
PL · Valle de San Jose,"promedio de los demás pluviómetros (sin Pueblo Viejo, Coromoro)",2021-09,50086.20000000003,63635.008333333324
PL · Valle de San Jose,"promedio de los demás pluviómetros (sin Pueblo Viejo, Coromoro)",2021-10,50269.90000000003,63945.658333333326
PL · Valle de San Jose,"promedio de los demás pluviómetros (sin Pueblo Viejo, Coromoro)",2021-11,50346.50000000003,64173.783333333326
PL · Valle de San Jose,"promedio de los demás pluviómetros (sin Pueblo Viejo, Coromoro)",2022-02,50409.10000000003,64377.68333333333
PL · Valle de San Jose,"promedio de los demás pluviómetros (sin Pueblo Viejo, Coromoro)",2022-03,50647.40000000003,64738.08333333333
PL · Valle de San Jose,"promedio de los demás pluviómetros (sin Pueblo Viejo, Coromoro)",2022-04,50970.90000000003,65028.05833333333
PL · Valle de San Jose,"promedio de los demás pluviómetros (sin Pueblo Viejo, Coromoro)",2022-05,51267.70000000003,65327.633333333324
PL · Valle de San Jose,"promedio de los demás pluviómetros (sin Pueblo Viejo, Coromoro)",2022-06,51695.50000000004,65658.90833333333
PL · Valle de San Jose,"promedio de los demás pluviómetros (sin Pueblo Viejo, Coromoro)",2022-07,51936.20000000003,65806.95833333333
PL · Valle de San Jose,"promedio de los demás pluviómetros (sin Pueblo Viejo, Coromoro)",2022-08,52258.100000000035,66005.65833333333
PL · Valle de San Jose,"promedio de los demás pluviómetros (sin Pueblo Viejo, Coromoro)",2022-09,52697.100000000035,66328.30833333332
PL · Valle de San Jose,"promedio de los demás pluviómetros (sin Pueblo Viejo, Coromoro)",2022-10,52978.40000000004,66671.63333333332
PL · Valle de San Jose,"promedio de los demás pluviómetros (sin Pueblo Viejo, Coromoro)",2022-11,53255.40000000004,67036.38333333332
PL · Escuela Agricola Mogotes,"promedio de los demás pluviómetros (sin Pueblo Viejo, Coromoro)",1998-01,59.4,65.65
PL · Escuela Agricola Mogotes,"promedio de los demás pluviómetros (sin Pueblo Viejo, Coromoro)",1998-02,124.4,199.725
PL · Escuela Agricola Mogotes,"promedio de los demás pluviómetros (sin Pueblo Viejo, Coromoro)",1998-03,290.5,437.225
PL · Escuela Agricola Mogotes,"promedio de los demás pluviómetros (sin Pueblo Viejo, Coromoro)",1998-04,578.5,699.6
PL · Escuela Agricola Mogotes,"promedio de los demás pluviómetros (sin Pueblo Viejo, Coromoro)",1998-05,876.0,958.5250000000001
PL · Escuela Agricola Mogotes,"promedio de los demás pluviómetros (sin Pueblo Viejo, Coromoro)",1998-06,1163.0,1071.65
PL · Escuela Agricola Mogotes,"promedio de los demás pluviómetros (sin Pueblo Viejo, Coromoro)",1998-07,1467.2,1230.6000000000001
PL · Escuela Agricola Mogotes,"promedio de los demás pluviómetros (sin Pueblo Viejo, Coromoro)",1998-08,1772.8000000000002,1430.3750000000002
PL · Escuela Agricola Mogotes,"promedio de los demás pluviómetros (sin Pueblo Viejo, Coromoro)",1998-09,2065.9,1649.1000000000001
PL · Escuela Agricola Mogotes,"promedio de los demás pluviómetros (sin Pueblo Viejo, Coromoro)",1998-10,2515.3,2038.775
PL · Escuela Agricola Mogotes,"promedio de los demás pluviómetros (sin Pueblo Viejo, Coromoro)",1998-11,2747.9,2270.15
PL · Escuela Agricola Mogotes,"promedio de los demás pluviómetros (sin Pueblo Viejo, Coromoro)",1998-12,2936.6,2539.9
PL · Escuela Agricola Mogotes,"promedio de los demás pluviómetros (sin Pueblo Viejo, Coromoro)",1999-01,3053.5,2751.5750000000003
PL · Escuela Agricola Mogotes,"promedio de los demás pluviómetros (sin Pueblo Viejo, Coromoro)",1999-02,3346.5,3128.525
PL · Escuela Agricola Mogotes,"promedio de los demás pluviómetros (sin Pueblo Viejo, Coromoro)",1999-03,3572.8,3376.25
PL · Escuela Agricola Mogotes,"promedio de los demás pluviómetros (sin Pueblo Viejo, Coromoro)",1999-04,3881.6000000000004,3664.775
PL · Escuela Agricola Mogotes,"promedio de los demás pluviómetros (sin Pueblo Viejo, Coromoro)",1999-05,4337.1,3864.65
PL · Escuela Agricola Mogotes,"promedio de los demás pluviómetros (sin Pueblo Viejo, Coromoro)",1999-06,4679.400000000001,4115.025
PL · Escuela Agricola Mogotes,"promedio de los demás pluviómetros (sin Pueblo Viejo, Coromoro)",1999-07,4817.1,4259.299999999999
PL · Escuela Agricola Mogotes,"promedio de los demás pluviómetros (sin Pueblo Viejo, Coromoro)",1999-08,5153.0,4459.999999999999
PL · Escuela Agricola Mogotes,"promedio de los demás pluviómetros (sin Pueblo Viejo, Coromoro)",1999-09,5532.2,4761.374999999999
PL · Escuela Agricola Mogotes,"promedio de los demás pluviómetros (sin Pueblo Viejo, Coromoro)",1999-10,5801.8,5075.849999999999
PL · Escuela Agricola Mogotes,"promedio de los demás pluviómetros (sin Pueblo Viejo, Coromoro)",1999-11,6032.3,5384.724999999999
PL · Escuela Agricola Mogotes,"promedio de los demás pluviómetros (sin Pueblo Viejo, Coromoro)",1999-12,6207.0,5597.325
PL · Escuela Agricola Mogotes,"promedio de los demás pluviómetros (sin Pueblo Viejo, Coromoro)",2000-01,6248.5,5748.825
PL · Escuela Agricola Mogotes,"promedio de los demás pluviómetros (sin Pueblo Viejo, Coromoro)",2000-02,6410.7,5989.875
PL · Escuela Agricola Mogotes,"promedio de los demás pluviómetros (sin Pueblo Viejo, Coromoro)",2000-03,6526.9,6189.175
PL · Escuela Agricola Mogotes,"promedio de los demás pluviómetros (sin Pueblo Viejo, Coromoro)",2000-04,6999.5,6430.225
PL · Escuela Agricola Mogotes,"promedio de los demás pluviómetros (sin Pueblo Viejo, Coromoro)",2000-05,7375.8,6604.150000000001
PL · Escuela Agricola Mogotes,"promedio de los demás pluviómetros (sin Pueblo Viejo, Coromoro)",2000-06,7637.2,6808.375000000001
PL · Escuela Agricola Mogotes,"promedio de los demás pluviómetros (sin Pueblo Viejo, Coromoro)",2000-07,7886.9,6968.975000000001
PL · Escuela Agricola Mogotes,"promedio de los demás pluviómetros (sin Pueblo Viejo, Coromoro)",2000-08,8086.0,7100.5250000000015
PL · Escuela Agricola Mogotes,"promedio de los demás pluviómetros (sin Pueblo Viejo, Coromoro)",2000-09,8477.6,7347.575000000002
PL · Escuela Agricola Mogotes,"promedio de los demás pluviómetros (sin Pueblo Viejo, Coromoro)",2000-10,8838.4,7556.9000000000015
PL · Escuela Agricola Mogotes,"promedio de los demás pluviómetros (sin Pueblo Viejo, Coromoro)",2000-11,8950.1,7792.950000000002
PL · Escuela Agricola Mogotes,"promedio de los demás pluviómetros (sin Pueblo Viejo, Coromoro)",2000-12,9030.0,7880.200000000002
PL · Escuela Agricola Mogotes,"promedio de los demás pluviómetros (sin Pueblo Viejo, Coromoro)",2001-01,9103.2,7989.733333333335
PL · Escuela Agricola Mogotes,"promedio de los demás pluviómetros (sin Pueblo Viejo, Coromoro)",2001-02,9123.6,8120.733333333335
PL · Escuela Agricola Mogotes,"promedio de los demás pluviómetros (sin Pueblo Viejo, Coromoro)",2001-03,9314.9,8373.933333333336
PL · Escuela Agricola Mogotes,"promedio de los demás pluviómetros (sin Pueblo Viejo, Coromoro)",2001-04,9552.0,8551.508333333337
PL · Escuela Agricola Mogotes,"promedio de los demás pluviómetros (sin Pueblo Viejo, Coromoro)",2001-05,9963.2,8795.208333333338
PL · Escuela Agricola Mogotes,"promedio de los demás pluviómetros (sin Pueblo Viejo, Coromoro)",2001-06,10206.5,8935.233333333337
PL · Escuela Agricola Mogotes,"promedio de los demás pluviómetros (sin Pueblo Viejo, Coromoro)",2001-07,10518.3,9055.783333333336
PL · Escuela Agricola Mogotes,"promedio de los demás pluviómetros (sin Pueblo Viejo, Coromoro)",2001-08,10740.8,9154.783333333336
PL · Escuela Agricola Mogotes,"promedio de los demás pluviómetros (sin Pueblo Viejo, Coromoro)",2001-09,11011.4,9365.108333333337
PL · Escuela Agricola Mogotes,"promedio de los demás pluviómetros (sin Pueblo Viejo, Coromoro)",2001-10,11359.8,9641.408333333336
PL · Escuela Agricola Mogotes,"promedio de los demás pluviómetros (sin Pueblo Viejo, Coromoro)",2001-11,11635.199999999999,9892.358333333337
PL · Escuela Agricola Mogotes,"promedio de los demás pluviómetros (sin Pueblo Viejo, Coromoro)",2001-12,11746.999999999998,10137.258333333337
PL · Escuela Agricola Mogotes,"promedio de los demás pluviómetros (sin Pueblo Viejo, Coromoro)",2002-01,11827.899999999998,10190.683333333336
PL · Escuela Agricola Mogotes,"promedio de los demás pluviómetros (sin Pueblo Viejo, Coromoro)",2002-02,11850.999999999998,10283.583333333336
PL · Escuela Agricola Mogotes,"promedio de los demás pluviómetros (sin Pueblo Viejo, Coromoro)",2002-03,12092.099999999999,10500.858333333335
PL · Escuela Agricola Mogotes,"promedio de los demás pluviómetros (sin Pueblo Viejo, Coromoro)",2002-04,12368.699999999999,10900.158333333335
PL · Escuela Agricola Mogotes,"promedio de los demás pluviómetros (sin Pueblo Viejo, Coromoro)",2002-05,12713.4,11158.783333333335
PL · Escuela Agricola Mogotes,"promedio de los demás pluviómetros (sin Pueblo Viejo, Coromoro)",2002-06,12954.9,11337.808333333334
PL · Escuela Agricola Mogotes,"promedio de los demás pluviómetros (sin Pueblo Viejo, Coromoro)",2002-07,13123.0,11428.333333333334
PL · Escuela Agricola Mogotes,"promedio de los demás pluviómetros (sin Pueblo Viejo, Coromoro)",2002-08,13435.2,11565.708333333334
PL · Escuela Agricola Mogotes,"promedio de los demás pluviómetros (sin Pueblo Viejo, Coromoro)",2002-09,13651.800000000001,11765.933333333334
PL · Escuela Agricola Mogotes,"promedio de los demás pluviómetros (sin Pueblo Viejo, Coromoro)",2002-10,13917.300000000001,11992.908333333335
PL · Escuela Agricola Mogotes,"promedio de los demás pluviómetros (sin Pueblo Viejo, Coromoro)",2002-11,14118.400000000001,12188.683333333334
PL · Escuela Agricola Mogotes,"promedio de los demás pluviómetros (sin Pueblo Viejo, Coromoro)",2002-12,14264.400000000001,12367.483333333334
PL · Escuela Agricola Mogotes,"promedio de los demás pluviómetros (sin Pueblo Viejo, Coromoro)",2003-01,14266.2,12406.208333333334
PL · Escuela Agricola Mogotes,"promedio de los demás pluviómetros (sin Pueblo Viejo, Coromoro)",2003-02,14355.6,12523.475
PL · Escuela Agricola Mogotes,"promedio de los demás pluviómetros (sin Pueblo Viejo, Coromoro)",2003-03,14429.800000000001,12780.800000000001
PL · Escuela Agricola Mogotes,"promedio de los demás pluviómetros (sin Pueblo Viejo, Coromoro)",2003-04,14843.800000000001,13138.725
PL · Escuela Agricola Mogotes,"promedio de los demás pluviómetros (sin Pueblo Viejo, Coromoro)",2003-05,15225.500000000002,13392.825
PL · Escuela Agricola Mogotes,"promedio de los demás pluviómetros (sin Pueblo Viejo, Coromoro)",2003-06,15647.200000000003,13570.1
PL · Escuela Agricola Mogotes,"promedio de los demás pluviómetros (sin Pueblo Viejo, Coromoro)",2003-07,15846.100000000002,13695.966666666667
PL · Escuela Agricola Mogotes,"promedio de los demás pluviómetros (sin Pueblo Viejo, Coromoro)",2003-08,16183.000000000002,13882.416666666668
PL · Escuela Agricola Mogotes,"promedio de los demás pluviómetros (sin Pueblo Viejo, Coromoro)",2003-09,16451.0,14167.741666666669
PL · Escuela Agricola Mogotes,"promedio de los demás pluviómetros (sin Pueblo Viejo, Coromoro)",2003-10,16821.2,14574.06666666667
PL · Escuela Agricola Mogotes,"promedio de los demás pluviómetros (sin Pueblo Viejo, Coromoro)",2003-11,17057.100000000002,14968.341666666669
PL · Escuela Agricola Mogotes,"promedio de los demás pluviómetros (sin Pueblo Viejo, Coromoro)",2003-12,17196.300000000003,15109.366666666669
PL · Escuela Agricola Mogotes,"promedio de los demás pluviómetros (sin Pueblo Viejo, Coromoro)",2004-01,17277.100000000002,15276.400000000001
PL · Escuela Agricola Mogotes,"promedio de los demás pluviómetros (sin Pueblo Viejo, Coromoro)",2004-02,17407.500000000004,15401.175000000001
PL · Escuela Agricola Mogotes,"promedio de los demás pluviómetros (sin Pueblo Viejo, Coromoro)",2004-03,17579.500000000004,15587.325
PL · Escuela Agricola Mogotes,"promedio de los demás pluviómetros (sin Pueblo Viejo, Coromoro)",2004-04,17975.600000000002,15907.875
PL · Escuela Agricola Mogotes,"promedio de los demás pluviómetros (sin Pueblo Viejo, Coromoro)",2004-05,18440.7,16267.35
PL · Escuela Agricola Mogotes,"promedio de los demás pluviómetros (sin Pueblo Viejo, Coromoro)",2004-06,18619.4,16390.3
PL · Escuela Agricola Mogotes,"promedio de los demás pluviómetros (sin Pueblo Viejo, Coromoro)",2004-07,18884.4,16552.175
PL · Escuela Agricola Mogotes,"promedio de los demás pluviómetros (sin Pueblo Viejo, Coromoro)",2004-08,19093.0,16644.649999999998
PL · Escuela Agricola Mogotes,"promedio de los demás pluviómetros (sin Pueblo Viejo, Coromoro)",2004-09,19380.9,16929.374999999996
PL · Escuela Agricola Mogotes,"promedio de los demás pluviómetros (sin Pueblo Viejo, Coromoro)",2004-10,19688.4,17226.041666666664
PL · Escuela Agricola Mogotes,"promedio de los demás pluviómetros (sin Pueblo Viejo, Coromoro)",2004-11,19910.4,17521.041666666664
PL · Escuela Agricola Mogotes,"promedio de los demás pluviómetros (sin Pueblo Viejo, Coromoro)",2004-12,20078.0,17643.541666666664
PL · Escuela Agricola Mogotes,"promedio de los demás pluviómetros (sin Pueblo Viejo, Coromoro)",2005-01,20225.0,17875.216666666664
PL · Escuela Agricola Mogotes,"promedio de los demás pluviómetros (sin Pueblo Viejo, Coromoro)",2005-02,20272.0,18122.391666666663
PL · Escuela Agricola Mogotes,"promedio de los demás pluviómetros (sin Pueblo Viejo, Coromoro)",2005-03,20298.9,18288.86666666666
PL · Escuela Agricola Mogotes,"promedio de los demás pluviómetros (sin Pueblo Viejo, Coromoro)",2005-04,20598.9,18620.86666666666
PL · Escuela Agricola Mogotes,"promedio de los demás pluviómetros (sin Pueblo Viejo, Coromoro)",2005-05,20946.800000000003,18831.199999999993
PL · Escuela Agricola Mogotes,"promedio de los demás pluviómetros (sin Pueblo Viejo, Coromoro)",2005-06,21215.600000000002,18984.674999999992
PL · Escuela Agricola Mogotes,"promedio de los demás pluviómetros (sin Pueblo Viejo, Coromoro)",2005-07,21436.7,19131.824999999993
PL · Escuela Agricola Mogotes,"promedio de los demás pluviómetros (sin Pueblo Viejo, Coromoro)",2005-08,21695.600000000002,19249.524999999994
PL · Escuela Agricola Mogotes,"promedio de los demás pluviómetros (sin Pueblo Viejo, Coromoro)",2005-09,22048.800000000003,19383.574999999993
PL · Escuela Agricola Mogotes,"promedio de los demás pluviómetros (sin Pueblo Viejo, Coromoro)",2005-10,22364.000000000004,19805.908333333326
PL · Escuela Agricola Mogotes,"promedio de los demás pluviómetros (sin Pueblo Viejo, Coromoro)",2005-11,22752.500000000004,20116.433333333327
PL · Escuela Agricola Mogotes,"promedio de los demás pluviómetros (sin Pueblo Viejo, Coromoro)",2005-12,22845.200000000004,20254.58333333333
PL · Escuela Agricola Mogotes,"promedio de los demás pluviómetros (sin Pueblo Viejo, Coromoro)",2006-01,22906.300000000003,20397.95833333333
PL · Escuela Agricola Mogotes,"promedio de los demás pluviómetros (sin Pueblo Viejo, Coromoro)",2006-02,22936.9,20478.508333333328
PL · Escuela Agricola Mogotes,"promedio de los demás pluviómetros (sin Pueblo Viejo, Coromoro)",2006-03,23161.9,20841.233333333326
PL · Escuela Agricola Mogotes,"promedio de los demás pluviómetros (sin Pueblo Viejo, Coromoro)",2006-04,23468.0,21182.008333333328
PL · Escuela Agricola Mogotes,"promedio de los demás pluviómetros (sin Pueblo Viejo, Coromoro)",2006-05,23768.8,21538.358333333326
PL · Escuela Agricola Mogotes,"promedio de los demás pluviómetros (sin Pueblo Viejo, Coromoro)",2006-06,24122.1,21720.733333333326
PL · Escuela Agricola Mogotes,"promedio de los demás pluviómetros (sin Pueblo Viejo, Coromoro)",2006-07,24259.399999999998,21823.808333333327
PL · Escuela Agricola Mogotes,"promedio de los demás pluviómetros (sin Pueblo Viejo, Coromoro)",2006-08,24567.899999999998,21987.408333333326
PL · Escuela Agricola Mogotes,"promedio de los demás pluviómetros (sin Pueblo Viejo, Coromoro)",2006-09,24758.699999999997,22174.983333333326
PL · Escuela Agricola Mogotes,"promedio de los demás pluviómetros (sin Pueblo Viejo, Coromoro)",2006-10,25080.6,22532.033333333326
PL · Escuela Agricola Mogotes,"promedio de los demás pluviómetros (sin Pueblo Viejo, Coromoro)",2006-11,25383.3,22876.308333333327
PL · Escuela Agricola Mogotes,"promedio de los demás pluviómetros (sin Pueblo Viejo, Coromoro)",2006-12,25623.7,23065.183333333327
PL · Escuela Agricola Mogotes,"promedio de los demás pluviómetros (sin Pueblo Viejo, Coromoro)",2007-01,25778.5,23257.483333333326
PL · Escuela Agricola Mogotes,"promedio de los demás pluviómetros (sin Pueblo Viejo, Coromoro)",2007-02,25788.5,23334.033333333326
PL · Escuela Agricola Mogotes,"promedio de los demás pluviómetros (sin Pueblo Viejo, Coromoro)",2007-03,26083.3,23683.083333333325
PL · Escuela Agricola Mogotes,"promedio de los demás pluviómetros (sin Pueblo Viejo, Coromoro)",2007-04,26360.8,24035.133333333324
PL · Escuela Agricola Mogotes,"promedio de los demás pluviómetros (sin Pueblo Viejo, Coromoro)",2007-05,26690.8,24367.183333333323
PL · Escuela Agricola Mogotes,"promedio de los demás pluviómetros (sin Pueblo Viejo, Coromoro)",2007-06,26885.1,24505.733333333323
PL · Escuela Agricola Mogotes,"promedio de los demás pluviómetros (sin Pueblo Viejo, Coromoro)",2007-07,27300.899999999998,24679.783333333322
PL · Escuela Agricola Mogotes,"promedio de los demás pluviómetros (sin Pueblo Viejo, Coromoro)",2007-08,27733.899999999998,24916.233333333323
PL · Escuela Agricola Mogotes,"promedio de los demás pluviómetros (sin Pueblo Viejo, Coromoro)",2007-09,27998.3,25116.358333333323
PL · Escuela Agricola Mogotes,"promedio de los demás pluviómetros (sin Pueblo Viejo, Coromoro)",2007-10,28364.8,25560.433333333323
PL · Escuela Agricola Mogotes,"promedio de los demás pluviómetros (sin Pueblo Viejo, Coromoro)",2007-11,28574.0,25789.808333333323
PL · Escuela Agricola Mogotes,"promedio de los demás pluviómetros (sin Pueblo Viejo, Coromoro)",2007-12,28795.3,25983.308333333323
PL · Escuela Agricola Mogotes,"promedio de los demás pluviómetros (sin Pueblo Viejo, Coromoro)",2008-01,28838.5,26108.408333333322
PL · Escuela Agricola Mogotes,"promedio de los demás pluviómetros (sin Pueblo Viejo, Coromoro)",2008-02,28908.0,26267.241666666654
PL · Escuela Agricola Mogotes,"promedio de los demás pluviómetros (sin Pueblo Viejo, Coromoro)",2008-03,29047.9,26477.941666666655
PL · Escuela Agricola Mogotes,"promedio de los demás pluviómetros (sin Pueblo Viejo, Coromoro)",2008-04,29252.4,26740.916666666653
PL · Escuela Agricola Mogotes,"promedio de los demás pluviómetros (sin Pueblo Viejo, Coromoro)",2008-05,29545.0,27078.291666666653
PL · Escuela Agricola Mogotes,"promedio de los demás pluviómetros (sin Pueblo Viejo, Coromoro)",2008-06,29784.1,27275.391666666652
PL · Escuela Agricola Mogotes,"promedio de los demás pluviómetros (sin Pueblo Viejo, Coromoro)",2008-07,30233.0,27442.36666666665
PL · Escuela Agricola Mogotes,"promedio de los demás pluviómetros (sin Pueblo Viejo, Coromoro)",2008-08,30532.2,27707.84166666665
PL · Escuela Agricola Mogotes,"promedio de los demás pluviómetros (sin Pueblo Viejo, Coromoro)",2008-09,30791.5,27935.96666666665
PL · Escuela Agricola Mogotes,"promedio de los demás pluviómetros (sin Pueblo Viejo, Coromoro)",2008-10,31127.6,28259.84166666665
PL · Escuela Agricola Mogotes,"promedio de los demás pluviómetros (sin Pueblo Viejo, Coromoro)",2008-11,31367.6,28563.24166666665
PL · Escuela Agricola Mogotes,"promedio de los demás pluviómetros (sin Pueblo Viejo, Coromoro)",2008-12,31428.1,28683.79166666665
PL · Escuela Agricola Mogotes,"promedio de los demás pluviómetros (sin Pueblo Viejo, Coromoro)",2009-01,31526.8,28847.59166666665
PL · Escuela Agricola Mogotes,"promedio de los demás pluviómetros (sin Pueblo Viejo, Coromoro)",2009-02,31743.0,29064.191666666648
PL · Escuela Agricola Mogotes,"promedio de los demás pluviómetros (sin Pueblo Viejo, Coromoro)",2009-03,32077.6,29391.541666666646
PL · Escuela Agricola Mogotes,"promedio de los demás pluviómetros (sin Pueblo Viejo, Coromoro)",2009-04,32383.199999999997,29617.791666666646
PL · Escuela Agricola Mogotes,"promedio de los demás pluviómetros (sin Pueblo Viejo, Coromoro)",2009-05,32696.799999999996,29743.016666666645
PL · Escuela Agricola Mogotes,"promedio de los demás pluviómetros (sin Pueblo Viejo, Coromoro)",2009-06,33007.399999999994,29872.183333333312
PL · Escuela Agricola Mogotes,"promedio de los demás pluviómetros (sin Pueblo Viejo, Coromoro)",2009-07,33134.49999999999,29981.14999999998
PL · Escuela Agricola Mogotes,"promedio de los demás pluviómetros (sin Pueblo Viejo, Coromoro)",2009-08,33669.49999999999,30207.39999999998
PL · Escuela Agricola Mogotes,"promedio de los demás pluviómetros (sin Pueblo Viejo, Coromoro)",2009-09,33843.09999999999,30303.84999999998
PL · Escuela Agricola Mogotes,"promedio de los demás pluviómetros (sin Pueblo Viejo, Coromoro)",2009-10,34086.99999999999,30525.17499999998
PL · Escuela Agricola Mogotes,"promedio de los demás pluviómetros (sin Pueblo Viejo, Coromoro)",2009-11,34210.299999999996,30794.64999999998
PL · Escuela Agricola Mogotes,"promedio de los demás pluviómetros (sin Pueblo Viejo, Coromoro)",2009-12,34344.899999999994,30934.39999999998
PL · Escuela Agricola Mogotes,"promedio de los demás pluviómetros (sin Pueblo Viejo, Coromoro)",2010-01,34363.59999999999,31038.69999999998
PL · Escuela Agricola Mogotes,"promedio de los demás pluviómetros (sin Pueblo Viejo, Coromoro)",2010-02,34450.59999999999,31131.89999999998
PL · Escuela Agricola Mogotes,"promedio de los demás pluviómetros (sin Pueblo Viejo, Coromoro)",2010-03,34629.19999999999,31324.22499999998
PL · Escuela Agricola Mogotes,"promedio de los demás pluviómetros (sin Pueblo Viejo, Coromoro)",2010-04,34871.09999999999,31609.24999999998
PL · Escuela Agricola Mogotes,"promedio de los demás pluviómetros (sin Pueblo Viejo, Coromoro)",2010-05,35283.399999999994,31888.074999999983
PL · Escuela Agricola Mogotes,"promedio de los demás pluviómetros (sin Pueblo Viejo, Coromoro)",2010-06,35625.299999999996,32113.324999999983
PL · Escuela Agricola Mogotes,"promedio de los demás pluviómetros (sin Pueblo Viejo, Coromoro)",2010-07,36109.1,32403.899999999983
PL · Escuela Agricola Mogotes,"promedio de los demás pluviómetros (sin Pueblo Viejo, Coromoro)",2010-08,36454.9,32605.174999999985
PL · Escuela Agricola Mogotes,"promedio de los demás pluviómetros (sin Pueblo Viejo, Coromoro)",2010-09,36858.1,32917.42499999999
PL · Escuela Agricola Mogotes,"promedio de los demás pluviómetros (sin Pueblo Viejo, Coromoro)",2010-10,37141.299999999996,33230.82499999999
PL · Escuela Agricola Mogotes,"promedio de los demás pluviómetros (sin Pueblo Viejo, Coromoro)",2010-11,37418.6,33593.14999999999
PL · Escuela Agricola Mogotes,"promedio de los demás pluviómetros (sin Pueblo Viejo, Coromoro)",2010-12,37566.4,33692.04999999999
PL · Escuela Agricola Mogotes,"promedio de los demás pluviómetros (sin Pueblo Viejo, Coromoro)",2011-01,37671.3,33780.64999999999
PL · Escuela Agricola Mogotes,"promedio de los demás pluviómetros (sin Pueblo Viejo, Coromoro)",2011-02,37886.700000000004,33949.77499999999
PL · Escuela Agricola Mogotes,"promedio de los demás pluviómetros (sin Pueblo Viejo, Coromoro)",2011-03,38251.9,34291.07499999999
PL · Escuela Agricola Mogotes,"promedio de los demás pluviómetros (sin Pueblo Viejo, Coromoro)",2011-04,38825.0,34716.141666666656
PL · Escuela Agricola Mogotes,"promedio de los demás pluviómetros (sin Pueblo Viejo, Coromoro)",2011-05,39131.5,35014.44166666666
PL · Escuela Agricola Mogotes,"promedio de los demás pluviómetros (sin Pueblo Viejo, Coromoro)",2011-06,39379.7,35173.641666666656
PL · Escuela Agricola Mogotes,"promedio de los demás pluviómetros (sin Pueblo Viejo, Coromoro)",2011-07,39588.6,35284.29166666666
PL · Escuela Agricola Mogotes,"promedio de los demás pluviómetros (sin Pueblo Viejo, Coromoro)",2011-08,39954.9,35482.52499999999
PL · Escuela Agricola Mogotes,"promedio de los demás pluviómetros (sin Pueblo Viejo, Coromoro)",2011-09,40250.4,35657.374999999985
PL · Escuela Agricola Mogotes,"promedio de los demás pluviómetros (sin Pueblo Viejo, Coromoro)",2012-01,40274.5,35866.474999999984
PL · Escuela Agricola Mogotes,"promedio de los demás pluviómetros (sin Pueblo Viejo, Coromoro)",2012-02,40331.3,35931.44999999998
PL · Escuela Agricola Mogotes,"promedio de los demás pluviómetros (sin Pueblo Viejo, Coromoro)",2012-03,40644.4,36218.64999999998
PL · Escuela Agricola Mogotes,"promedio de los demás pluviómetros (sin Pueblo Viejo, Coromoro)",2012-04,41066.9,36624.82499999998
PL · Escuela Agricola Mogotes,"promedio de los demás pluviómetros (sin Pueblo Viejo, Coromoro)",2012-05,41420.200000000004,36851.57499999998
PL · Escuela Agricola Mogotes,"promedio de los demás pluviómetros (sin Pueblo Viejo, Coromoro)",2012-06,41591.700000000004,36974.249999999985
PL · Escuela Agricola Mogotes,"promedio de los demás pluviómetros (sin Pueblo Viejo, Coromoro)",2012-07,41796.100000000006,37069.474999999984
PL · Escuela Agricola Mogotes,"promedio de los demás pluviómetros (sin Pueblo Viejo, Coromoro)",2012-08,42088.8,37249.124999999985
PL · Escuela Agricola Mogotes,"promedio de los demás pluviómetros (sin Pueblo Viejo, Coromoro)",2012-09,42331.0,37383.94999999998
PL · Escuela Agricola Mogotes,"promedio de los demás pluviómetros (sin Pueblo Viejo, Coromoro)",2012-10,42629.2,37692.19999999998
PL · Escuela Agricola Mogotes,"promedio de los demás pluviómetros (sin Pueblo Viejo, Coromoro)",2012-11,42763.2,37828.29999999998
PL · Escuela Agricola Mogotes,"promedio de los demás pluviómetros (sin Pueblo Viejo, Coromoro)",2012-12,42842.1,37926.27499999998
PL · Escuela Agricola Mogotes,"promedio de los demás pluviómetros (sin Pueblo Viejo, Coromoro)",2013-01,42866.6,37987.04999999998
PL · Escuela Agricola Mogotes,"promedio de los demás pluviómetros (sin Pueblo Viejo, Coromoro)",2013-02,42982.4,38245.94999999998
PL · Escuela Agricola Mogotes,"promedio de los demás pluviómetros (sin Pueblo Viejo, Coromoro)",2013-03,43167.8,38476.974999999984
PL · Escuela Agricola Mogotes,"promedio de los demás pluviómetros (sin Pueblo Viejo, Coromoro)",2013-04,43394.9,38809.52499999999
PL · Escuela Agricola Mogotes,"promedio de los demás pluviómetros (sin Pueblo Viejo, Coromoro)",2013-05,43842.9,39140.999999999985
PL · Escuela Agricola Mogotes,"promedio de los demás pluviómetros (sin Pueblo Viejo, Coromoro)",2013-06,44024.9,39214.599999999984
PL · Escuela Agricola Mogotes,"promedio de los demás pluviómetros (sin Pueblo Viejo, Coromoro)",2013-07,44114.5,39293.724999999984
PL · Escuela Agricola Mogotes,"promedio de los demás pluviómetros (sin Pueblo Viejo, Coromoro)",2013-08,44352.2,39484.29166666665
PL · Escuela Agricola Mogotes,"promedio de los demás pluviómetros (sin Pueblo Viejo, Coromoro)",2013-09,44547.6,39615.91666666665
PL · Escuela Agricola Mogotes,"promedio de los demás pluviómetros (sin Pueblo Viejo, Coromoro)",2013-10,44830.1,39901.14166666665
PL · Escuela Agricola Mogotes,"promedio de los demás pluviómetros (sin Pueblo Viejo, Coromoro)",2013-11,44950.6,40205.14166666665
PL · Escuela Agricola Mogotes,"promedio de los demás pluviómetros (sin Pueblo Viejo, Coromoro)",2014-01,44973.7,40345.716666666645
PL · Escuela Agricola Mogotes,"promedio de los demás pluviómetros (sin Pueblo Viejo, Coromoro)",2014-02,45064.6,40615.316666666644
PL · Escuela Agricola Mogotes,"promedio de los demás pluviómetros (sin Pueblo Viejo, Coromoro)",2014-03,45207.9,40861.716666666645
PL · Escuela Agricola Mogotes,"promedio de los demás pluviómetros (sin Pueblo Viejo, Coromoro)",2014-04,45544.4,41143.716666666645
PL · Escuela Agricola Mogotes,"promedio de los demás pluviómetros (sin Pueblo Viejo, Coromoro)",2014-05,45843.1,41408.966666666645
PL · Escuela Agricola Mogotes,"promedio de los demás pluviómetros (sin Pueblo Viejo, Coromoro)",2014-06,46094.299999999996,41489.14166666665
PL · Escuela Agricola Mogotes,"promedio de los demás pluviómetros (sin Pueblo Viejo, Coromoro)",2014-07,46287.2,41598.61666666665
PL · Escuela Agricola Mogotes,"promedio de los demás pluviómetros (sin Pueblo Viejo, Coromoro)",2014-08,46513.1,41750.591666666645
PL · Escuela Agricola Mogotes,"promedio de los demás pluviómetros (sin Pueblo Viejo, Coromoro)",2014-09,46774.6,41910.51666666665
PL · Escuela Agricola Mogotes,"promedio de los demás pluviómetros (sin Pueblo Viejo, Coromoro)",2014-10,47034.4,42222.01666666665
PL · Escuela Agricola Mogotes,"promedio de los demás pluviómetros (sin Pueblo Viejo, Coromoro)",2014-11,47350.700000000004,42501.69166666665
PL · Escuela Agricola Mogotes,"promedio de los demás pluviómetros (sin Pueblo Viejo, Coromoro)",2014-12,47423.50000000001,42657.96666666665
PL · Escuela Agricola Mogotes,"promedio de los demás pluviómetros (sin Pueblo Viejo, Coromoro)",2015-01,47488.600000000006,42795.266666666656
PL · Escuela Agricola Mogotes,"promedio de los demás pluviómetros (sin Pueblo Viejo, Coromoro)",2015-02,47650.100000000006,42937.19166666666
PL · Escuela Agricola Mogotes,"promedio de los demás pluviómetros (sin Pueblo Viejo, Coromoro)",2015-03,47818.3,43287.391666666656
PL · Escuela Agricola Mogotes,"promedio de los demás pluviómetros (sin Pueblo Viejo, Coromoro)",2015-04,48203.5,43682.866666666654
PL · Escuela Agricola Mogotes,"promedio de los demás pluviómetros (sin Pueblo Viejo, Coromoro)",2015-05,48416.6,43817.06666666665
PL · Escuela Agricola Mogotes,"promedio de los demás pluviómetros (sin Pueblo Viejo, Coromoro)",2015-06,48553.2,43869.14166666665
PL · Escuela Agricola Mogotes,"promedio de los demás pluviómetros (sin Pueblo Viejo, Coromoro)",2015-07,48796.1,43977.31666666665
PL · Escuela Agricola Mogotes,"promedio de los demás pluviómetros (sin Pueblo Viejo, Coromoro)",2015-08,48974.9,44205.14999999999
PL · Escuela Agricola Mogotes,"promedio de los demás pluviómetros (sin Pueblo Viejo, Coromoro)",2015-09,49118.700000000004,44383.08333333332
PL · Escuela Agricola Mogotes,"promedio de los demás pluviómetros (sin Pueblo Viejo, Coromoro)",2015-10,49380.50000000001,44641.33333333332
PL · Escuela Agricola Mogotes,"promedio de los demás pluviómetros (sin Pueblo Viejo, Coromoro)",2015-11,49552.100000000006,44803.73333333332
PL · Escuela Agricola Mogotes,"promedio de los demás pluviómetros (sin Pueblo Viejo, Coromoro)",2015-12,49597.00000000001,44895.06666666666
PL · Escuela Agricola Mogotes,"promedio de los demás pluviómetros (sin Pueblo Viejo, Coromoro)",2016-01,49650.00000000001,44928.266666666656
PL · Escuela Agricola Mogotes,"promedio de los demás pluviómetros (sin Pueblo Viejo, Coromoro)",2016-02,49704.80000000001,44958.81666666666
PL · Escuela Agricola Mogotes,"promedio de los demás pluviómetros (sin Pueblo Viejo, Coromoro)",2016-03,49792.10000000001,45067.016666666656
PL · Escuela Agricola Mogotes,"promedio de los demás pluviómetros (sin Pueblo Viejo, Coromoro)",2016-04,50115.20000000001,45355.71666666665
PL · Escuela Agricola Mogotes,"promedio de los demás pluviómetros (sin Pueblo Viejo, Coromoro)",2016-05,50578.60000000001,45598.06666666665
PL · Escuela Agricola Mogotes,"promedio de los demás pluviómetros (sin Pueblo Viejo, Coromoro)",2016-06,50864.60000000001,45715.41666666665
PL · Escuela Agricola Mogotes,"promedio de los demás pluviómetros (sin Pueblo Viejo, Coromoro)",2016-07,51084.400000000016,45910.26666666665
PL · Escuela Agricola Mogotes,"promedio de los demás pluviómetros (sin Pueblo Viejo, Coromoro)",2016-08,51311.500000000015,46095.11666666665
PL · Escuela Agricola Mogotes,"promedio de los demás pluviómetros (sin Pueblo Viejo, Coromoro)",2016-09,51608.30000000002,46252.51666666665
PL · Escuela Agricola Mogotes,"promedio de los demás pluviómetros (sin Pueblo Viejo, Coromoro)",2016-10,51828.500000000015,46565.56666666665
PL · Escuela Agricola Mogotes,"promedio de los demás pluviómetros (sin Pueblo Viejo, Coromoro)",2016-11,52109.20000000001,46837.96666666665
PL · Escuela Agricola Mogotes,"promedio de los demás pluviómetros (sin Pueblo Viejo, Coromoro)",2016-12,52297.20000000001,47014.66666666665
PL · Escuela Agricola Mogotes,"promedio de los demás pluviómetros (sin Pueblo Viejo, Coromoro)",2017-01,52415.70000000001,47081.71666666665
PL · Escuela Agricola Mogotes,"promedio de los demás pluviómetros (sin Pueblo Viejo, Coromoro)",2017-02,52493.60000000001,47145.46666666665
PL · Escuela Agricola Mogotes,"promedio de los demás pluviómetros (sin Pueblo Viejo, Coromoro)",2017-03,52882.000000000015,47511.56666666665
PL · Escuela Agricola Mogotes,"promedio de los demás pluviómetros (sin Pueblo Viejo, Coromoro)",2017-04,53178.000000000015,47793.53333333332
PL · Escuela Agricola Mogotes,"promedio de los demás pluviómetros (sin Pueblo Viejo, Coromoro)",2017-05,53533.900000000016,48120.499999999985
PL · Escuela Agricola Mogotes,"promedio de los demás pluviómetros (sin Pueblo Viejo, Coromoro)",2017-06,53884.30000000002,48372.79999999999
PL · Escuela Agricola Mogotes,"promedio de los demás pluviómetros (sin Pueblo Viejo, Coromoro)",2017-07,54104.10000000002,48558.633333333324
PL · Escuela Agricola Mogotes,"promedio de los demás pluviómetros (sin Pueblo Viejo, Coromoro)",2017-08,54349.50000000002,48684.866666666654
PL · Escuela Agricola Mogotes,"promedio de los demás pluviómetros (sin Pueblo Viejo, Coromoro)",2017-09,54568.00000000002,48861.56666666665
PL · Escuela Agricola Mogotes,"promedio de los demás pluviómetros (sin Pueblo Viejo, Coromoro)",2017-10,54874.20000000002,49084.13333333332
PL · Escuela Agricola Mogotes,"promedio de los demás pluviómetros (sin Pueblo Viejo, Coromoro)",2017-11,55150.30000000002,49330.13333333332
PL · Escuela Agricola Mogotes,"promedio de los demás pluviómetros (sin Pueblo Viejo, Coromoro)",2017-12,55263.400000000016,49464.66666666665
PL · Escuela Agricola Mogotes,"promedio de los demás pluviómetros (sin Pueblo Viejo, Coromoro)",2018-01,55396.80000000002,49627.36666666665
PL · Escuela Agricola Mogotes,"promedio de los demás pluviómetros (sin Pueblo Viejo, Coromoro)",2018-02,55419.900000000016,49718.93333333331
PL · Escuela Agricola Mogotes,"promedio de los demás pluviómetros (sin Pueblo Viejo, Coromoro)",2018-03,55674.000000000015,49969.16666666664
PL · Escuela Agricola Mogotes,"promedio de los demás pluviómetros (sin Pueblo Viejo, Coromoro)",2018-04,56125.70000000001,50241.59999999998
PL · Escuela Agricola Mogotes,"promedio de los demás pluviómetros (sin Pueblo Viejo, Coromoro)",2018-05,56674.000000000015,50419.24999999998
PL · Escuela Agricola Mogotes,"promedio de los demás pluviómetros (sin Pueblo Viejo, Coromoro)",2018-06,57000.60000000001,50540.11666666665
PL · Escuela Agricola Mogotes,"promedio de los demás pluviómetros (sin Pueblo Viejo, Coromoro)",2018-07,57292.500000000015,50686.94999999998
PL · Escuela Agricola Mogotes,"promedio de los demás pluviómetros (sin Pueblo Viejo, Coromoro)",2018-08,57457.000000000015,50813.31666666665
PL · Escuela Agricola Mogotes,"promedio de los demás pluviómetros (sin Pueblo Viejo, Coromoro)",2018-09,57731.80000000002,50991.81666666665
PL · Escuela Agricola Mogotes,"promedio de los demás pluviómetros (sin Pueblo Viejo, Coromoro)",2018-10,58071.30000000002,51375.41666666665
PL · Escuela Agricola Mogotes,"promedio de los demás pluviómetros (sin Pueblo Viejo, Coromoro)",2018-11,58245.10000000002,51593.88333333332
PL · Escuela Agricola Mogotes,"promedio de los demás pluviómetros (sin Pueblo Viejo, Coromoro)",2018-12,58339.40000000002,51645.833333333314
PL · Escuela Agricola Mogotes,"promedio de los demás pluviómetros (sin Pueblo Viejo, Coromoro)",2019-01,58365.200000000026,51747.40833333331
PL · Escuela Agricola Mogotes,"promedio de los demás pluviómetros (sin Pueblo Viejo, Coromoro)",2019-02,58468.50000000003,52016.40833333331
PL · Escuela Agricola Mogotes,"promedio de los demás pluviómetros (sin Pueblo Viejo, Coromoro)",2019-03,58763.30000000003,52369.00833333331
PL · Escuela Agricola Mogotes,"promedio de los demás pluviómetros (sin Pueblo Viejo, Coromoro)",2019-04,59131.40000000003,52625.65833333331
PL · Escuela Agricola Mogotes,"promedio de los demás pluviómetros (sin Pueblo Viejo, Coromoro)",2019-05,59498.00000000003,52906.68333333331
PL · Escuela Agricola Mogotes,"promedio de los demás pluviómetros (sin Pueblo Viejo, Coromoro)",2019-06,59684.40000000003,52984.18333333331
PL · Escuela Agricola Mogotes,"promedio de los demás pluviómetros (sin Pueblo Viejo, Coromoro)",2019-07,59998.10000000003,53086.03333333331
PL · Escuela Agricola Mogotes,"promedio de los demás pluviómetros (sin Pueblo Viejo, Coromoro)",2019-08,60210.300000000025,53188.333333333314
PL · Escuela Agricola Mogotes,"promedio de los demás pluviómetros (sin Pueblo Viejo, Coromoro)",2019-09,60525.40000000002,53367.53333333331
PL · Escuela Agricola Mogotes,"promedio de los demás pluviómetros (sin Pueblo Viejo, Coromoro)",2019-10,60781.200000000026,53609.458333333314
PL · Escuela Agricola Mogotes,"promedio de los demás pluviómetros (sin Pueblo Viejo, Coromoro)",2019-11,61014.50000000003,53820.083333333314
PL · Escuela Agricola Mogotes,"promedio de los demás pluviómetros (sin Pueblo Viejo, Coromoro)",2019-12,61132.00000000003,53971.983333333315
PL · Escuela Agricola Mogotes,"promedio de los demás pluviómetros (sin Pueblo Viejo, Coromoro)",2020-01,61155.200000000026,54044.65833333332
PL · Escuela Agricola Mogotes,"promedio de los demás pluviómetros (sin Pueblo Viejo, Coromoro)",2020-02,61213.300000000025,54123.25833333332
PL · Escuela Agricola Mogotes,"promedio de los demás pluviómetros (sin Pueblo Viejo, Coromoro)",2020-03,61371.90000000002,54416.18333333332
PL · Escuela Agricola Mogotes,"promedio de los demás pluviómetros (sin Pueblo Viejo, Coromoro)",2020-04,61581.90000000002,54641.70833333332
PL · Escuela Agricola Mogotes,"promedio de los demás pluviómetros (sin Pueblo Viejo, Coromoro)",2020-05,61808.200000000026,54858.93333333332
PL · Escuela Agricola Mogotes,"promedio de los demás pluviómetros (sin Pueblo Viejo, Coromoro)",2020-06,62158.200000000026,55092.25833333332
PL · Escuela Agricola Mogotes,"promedio de los demás pluviómetros (sin Pueblo Viejo, Coromoro)",2020-07,62483.50000000003,55268.78333333332
PL · Escuela Agricola Mogotes,"promedio de los demás pluviómetros (sin Pueblo Viejo, Coromoro)",2020-08,62705.60000000003,55470.80833333332
PL · Escuela Agricola Mogotes,"promedio de los demás pluviómetros (sin Pueblo Viejo, Coromoro)",2020-09,62899.00000000003,55704.23333333332
PL · Escuela Agricola Mogotes,"promedio de los demás pluviómetros (sin Pueblo Viejo, Coromoro)",2020-10,63248.30000000003,56001.10833333332
PL · Escuela Agricola Mogotes,"promedio de los demás pluviómetros (sin Pueblo Viejo, Coromoro)",2020-11,63593.90000000003,56378.48333333332
PL · Escuela Agricola Mogotes,"promedio de los demás pluviómetros (sin Pueblo Viejo, Coromoro)",2020-12,63738.60000000003,56544.758333333324
PL · Escuela Agricola Mogotes,"promedio de los demás pluviómetros (sin Pueblo Viejo, Coromoro)",2021-01,63800.90000000003,56574.658333333326
PL · Escuela Agricola Mogotes,"promedio de los demás pluviómetros (sin Pueblo Viejo, Coromoro)",2021-02,63943.70000000003,56706.10833333332
PL · Escuela Agricola Mogotes,"promedio de los demás pluviómetros (sin Pueblo Viejo, Coromoro)",2021-03,64271.600000000035,57019.93333333332
PL · Escuela Agricola Mogotes,"promedio de los demás pluviómetros (sin Pueblo Viejo, Coromoro)",2021-04,64497.50000000004,57278.05833333332
PL · Escuela Agricola Mogotes,"promedio de los demás pluviómetros (sin Pueblo Viejo, Coromoro)",2021-05,64955.20000000003,57533.98333333332
PL · Escuela Agricola Mogotes,"promedio de los demás pluviómetros (sin Pueblo Viejo, Coromoro)",2021-06,65149.40000000003,57709.68333333332
PL · Escuela Agricola Mogotes,"promedio de los demás pluviómetros (sin Pueblo Viejo, Coromoro)",2021-07,65450.70000000003,57865.48333333332
PL · Escuela Agricola Mogotes,"promedio de los demás pluviómetros (sin Pueblo Viejo, Coromoro)",2021-08,65800.90000000004,58086.30833333332
PL · Escuela Agricola Mogotes,"promedio de los demás pluviómetros (sin Pueblo Viejo, Coromoro)",2021-09,66140.30000000003,58356.50833333332
PL · Escuela Agricola Mogotes,"promedio de los demás pluviómetros (sin Pueblo Viejo, Coromoro)",2021-10,66474.20000000003,58629.608333333315
PL · Escuela Agricola Mogotes,"promedio de los demás pluviómetros (sin Pueblo Viejo, Coromoro)",2021-11,66731.00000000003,58812.68333333331
PL · Escuela Agricola Mogotes,"promedio de los demás pluviómetros (sin Pueblo Viejo, Coromoro)",2021-12,66822.80000000003,58936.68333333331
PL · Escuela Agricola Mogotes,"promedio de los demás pluviómetros (sin Pueblo Viejo, Coromoro)",2022-01,66825.30000000003,59028.14999999998
PL · Escuela Agricola Mogotes,"promedio de los demás pluviómetros (sin Pueblo Viejo, Coromoro)",2022-02,66933.90000000004,59220.54999999998
PL · Escuela Agricola Mogotes,"promedio de los demás pluviómetros (sin Pueblo Viejo, Coromoro)",2022-03,67289.50000000004,59551.62499999998
PL · Escuela Agricola Mogotes,"promedio de los demás pluviómetros (sin Pueblo Viejo, Coromoro)",2022-04,67564.10000000005,59853.824999999975
PL · Escuela Agricola Mogotes,"promedio de los demás pluviómetros (sin Pueblo Viejo, Coromoro)",2022-05,67955.70000000006,60129.699999999975
PL · Escuela Agricola Mogotes,"promedio de los demás pluviómetros (sin Pueblo Viejo, Coromoro)",2022-06,68401.90000000005,60456.37499999998
PL · Escuela Agricola Mogotes,"promedio de los demás pluviómetros (sin Pueblo Viejo, Coromoro)",2022-07,68686.40000000005,60593.47499999998
PL · Escuela Agricola Mogotes,"promedio de los demás pluviómetros (sin Pueblo Viejo, Coromoro)",2022-08,68963.70000000006,60803.324999999975
PL · Escuela Agricola Mogotes,"promedio de los demás pluviómetros (sin Pueblo Viejo, Coromoro)",2022-09,69424.20000000006,61120.59999999998
PL · Escuela Agricola Mogotes,"promedio de los demás pluviómetros (sin Pueblo Viejo, Coromoro)",2022-10,69668.10000000005,61473.27499999998
PL · Escuela Agricola Mogotes,"promedio de los demás pluviómetros (sin Pueblo Viejo, Coromoro)",2022-11,69999.40000000005,61824.44999999998
PL · Escuela Agricola Mogotes,"promedio de los demás pluviómetros (sin Pueblo Viejo, Coromoro)",2022-12,70026.40000000005,62030.88333333332
PI (IMERG),PL,1998-01,49.89,68.83333333333333
PI (IMERG),PL,1998-02,170.97,204.71666666666664
PI (IMERG),PL,1998-03,329.26,445.2333333333333
PI (IMERG),PL,1998-04,596.5799999999999,741.4833333333333
PI (IMERG),PL,1998-05,883.4799999999999,1035.35
PI (IMERG),PL,1998-06,1081.1,1169.2666666666667
PI (IMERG),PL,1998-07,1311.1899999999998,1351.2666666666667
PI (IMERG),PL,1998-08,1519.4699999999998,1568.05
PI (IMERG),PL,1998-09,1730.7299999999998,1799.55
PI (IMERG),PL,1998-10,2031.58,2220.233333333333
PI (IMERG),PL,1998-11,2220.11,2462.75
PI (IMERG),PL,1998-12,2359.9100000000003,2715.2
PI (IMERG),PL,1999-01,2475.4700000000003,2921.4666666666667
PI (IMERG),PL,1999-02,2700.4900000000002,3276.4333333333334
PI (IMERG),PL,1999-03,2844.2200000000003,3533.4666666666667
PI (IMERG),PL,1999-04,3095.3500000000004,3823.616666666667
PI (IMERG),PL,1999-05,3302.01,4060.7833333333333
PI (IMERG),PL,1999-06,3525.15,4336.416666666667
PI (IMERG),PL,1999-07,3699.5,4488.05
PI (IMERG),PL,1999-08,3882.29,4706.166666666667
PI (IMERG),PL,1999-09,4165.67,5016.116666666667
PI (IMERG),PL,1999-10,4467.81,5323.366666666667
PI (IMERG),PL,1999-11,4724.81,5633.866666666667
PI (IMERG),PL,1999-12,4871.63,5855.55
PI (IMERG),PL,2000-01,4950.97,5971.466666666667
PI (IMERG),PL,2000-02,5112.04,6198.700000000001
PI (IMERG),PL,2000-03,5269.72,6387.933333333334
PI (IMERG),PL,2000-04,5479.7,6685.5666666666675
PI (IMERG),PL,2000-05,5745.83,6900.0666666666675
PI (IMERG),PL,2000-06,5998.04,7132.950000000001
PI (IMERG),PL,2000-07,6210.0199999999995,7316.466666666667
PI (IMERG),PL,2000-08,6428.589999999999,7483.926666666667
PI (IMERG),PL,2000-09,6732.409999999999,7762.893333333333
PI (IMERG),PL,2000-10,7014.649999999999,8002.243333333334
PI (IMERG),PL,2000-11,7221.869999999999,8223.726666666667
PI (IMERG),PL,2000-12,7325.219999999999,8322.376666666667
PI (IMERG),PL,2001-01,7377.499999999999,8423.136666666667
PI (IMERG),PL,2001-02,7429.8099999999995,8526.703333333335
PI (IMERG),PL,2001-03,7581.19,8770.720000000001
PI (IMERG),PL,2001-04,7747.04,8967.953333333335
PI (IMERG),PL,2001-05,8018.08,9242.813333333335
PI (IMERG),PL,2001-06,8218.15,9387.380000000003
PI (IMERG),PL,2001-07,8456.25,9541.880000000003
PI (IMERG),PL,2001-08,8625.58,9666.130000000003
PI (IMERG),PL,2001-09,8854.789999999999,9883.44666666667
PI (IMERG),PL,2001-10,9145.89,10204.880000000003
PI (IMERG),PL,2001-11,9331.18,10456.580000000004
PI (IMERG),PL,2001-12,9480.4,10674.980000000003
PI (IMERG),PL,2002-01,9519.63,10737.24666666667
PI (IMERG),PL,2002-02,9576.22,10810.030000000002
PI (IMERG),PL,2002-03,9784.529999999999,11039.430000000002
PI (IMERG),PL,2002-04,10031.199999999999,11429.063333333335
PI (IMERG),PL,2002-05,10250.829999999998,11688.430000000002
PI (IMERG),PL,2002-06,10445.839999999998,11870.863333333335
PI (IMERG),PL,2002-07,10593.739999999998,11980.230000000001
PI (IMERG),PL,2002-08,10755.149999999998,12150.180000000002
PI (IMERG),PL,2002-09,10947.089999999998,12358.39666666667
PI (IMERG),PL,2002-10,11123.769999999999,12600.280000000002
PI (IMERG),PL,2002-11,11273.449999999999,12812.480000000003
PI (IMERG),PL,2002-12,11381.15,13010.680000000004
PI (IMERG),PL,2003-01,11395.949999999999,13052.463333333337
PI (IMERG),PL,2003-02,11486.779999999999,13166.303333333337
PI (IMERG),PL,2003-03,11655.609999999999,13378.38666666667
PI (IMERG),PL,2003-04,11914.839999999998,13739.003333333338
PI (IMERG),PL,2003-05,12132.249999999998,14015.353333333338
PI (IMERG),PL,2003-06,12356.869999999999,14234.370000000004
PI (IMERG),PL,2003-07,12522.65,14373.870000000004
PI (IMERG),PL,2003-08,12683.1,14602.320000000005
PI (IMERG),PL,2003-09,12910.15,14873.353333333338
PI (IMERG),PL,2003-10,13174.96,15267.770000000004
PI (IMERG),PL,2003-11,13378.46,15622.403333333337
PI (IMERG),PL,2003-12,13512.919999999998,15760.953333333337
PI (IMERG),PL,2004-01,13570.449999999999,15895.933333333336
PI (IMERG),PL,2004-02,13643.63,16014.51666666667
PI (IMERG),PL,2004-03,13775.16,16193.483333333337
PI (IMERG),PL,2004-04,14011.65,16540.866666666672
PI (IMERG),PL,2004-05,14333.1,16928.03333333334
PI (IMERG),PL,2004-06,14499.61,17056.616666666672
PI (IMERG),PL,2004-07,14677.630000000001,17225.366666666672
PI (IMERG),PL,2004-08,14827.54,17340.483333333337
PI (IMERG),PL,2004-09,15087.92,17619.450000000004
PI (IMERG),PL,2004-10,15362.97,17929.990000000005
PI (IMERG),PL,2004-11,15570.57,18212.370000000006
PI (IMERG),PL,2004-12,15651.69,18350.99857142858
PI (IMERG),PL,2005-01,15777.0,18557.812857142864
PI (IMERG),PL,2005-02,15913.77,18760.896190476196
PI (IMERG),PL,2005-03,16009.57,18896.15333333334
PI (IMERG),PL,2005-04,16279.82,19190.23666666667
PI (IMERG),PL,2005-05,16562.89,19444.186666666672
PI (IMERG),PL,2005-06,16770.14,19610.343809523816
PI (IMERG),PL,2005-07,16921.68,19767.160476190482
PI (IMERG),PL,2005-08,17094.57,19908.374761904768
PI (IMERG),PL,2005-09,17254.13,20072.374761904768
PI (IMERG),PL,2005-10,17572.43,20446.52476190477
PI (IMERG),PL,2005-11,17826.22,20753.6961904762
PI (IMERG),PL,2005-12,17931.65,20867.981904761913
PI (IMERG),PL,2006-01,18030.08,20983.12476190477
PI (IMERG),PL,2006-02,18091.670000000002,21048.16761904763
PI (IMERG),PL,2006-03,18306.140000000003,21348.610476190486
PI (IMERG),PL,2006-04,18562.630000000005,21703.710476190485
PI (IMERG),PL,2006-05,18832.430000000004,22042.377142857153
PI (IMERG),PL,2006-06,19079.650000000005,22251.827142857153
PI (IMERG),PL,2006-07,19253.260000000006,22360.410476190485
PI (IMERG),PL,2006-08,19427.550000000007,22555.710476190485
PI (IMERG),PL,2006-09,19602.770000000008,22737.260476190484
PI (IMERG),PL,2006-10,19901.230000000007,23081.22714285715
PI (IMERG),PL,2006-11,20126.170000000006,23414.010476190484
PI (IMERG),PL,2006-12,20245.000000000007,23610.060476190483
PI (IMERG),PL,2007-01,20311.100000000006,23779.27714285715
PI (IMERG),PL,2007-02,20348.850000000006,23835.660476190485
PI (IMERG),PL,2007-03,20571.720000000005,24166.310476190487
PI (IMERG),PL,2007-04,20809.260000000006,24500.943809523822
PI (IMERG),PL,2007-05,21071.750000000007,24818.877142857156
PI (IMERG),PL,2007-06,21249.22000000001,24972.127142857156
PI (IMERG),PL,2007-07,21429.96000000001,25192.027142857158
PI (IMERG),PL,2007-08,21647.31000000001,25440.76047619049
PI (IMERG),PL,2007-09,21829.53000000001,25641.92714285716
PI (IMERG),PL,2007-10,22156.88000000001,26059.060476190494
PI (IMERG),PL,2007-11,22315.72000000001,26279.69380952383
PI (IMERG),PL,2007-12,22449.90000000001,26495.160476190496
PI (IMERG),PL,2008-01,22540.71000000001,26616.977142857162
PI (IMERG),PL,2008-02,22649.54000000001,26753.977142857162
PI (IMERG),PL,2008-03,22783.630000000012,26941.591428571446
PI (IMERG),PL,2008-04,22987.490000000013,27181.10571428573
PI (IMERG),PL,2008-05,23312.050000000014,27511.391428571445
PI (IMERG),PL,2008-06,23546.420000000013,27719.17714285716
PI (IMERG),PL,2008-07,23743.010000000013,27916.548571428586
PI (IMERG),PL,2008-08,23981.380000000012,28169.920000000013
PI (IMERG),PL,2008-09,24183.09000000001,28407.605714285728
PI (IMERG),PL,2008-10,24453.61000000001,28705.177142857156
PI (IMERG),PL,2008-11,24713.91000000001,28998.52000000001
PI (IMERG),PL,2008-12,24791.64000000001,29092.59142857144
PI (IMERG),PL,2009-01,24901.80000000001,29245.205714285723
PI (IMERG),PL,2009-02,25019.23000000001,29454.820000000007
PI (IMERG),PL,2009-03,25258.76000000001,29778.705714285723
PI (IMERG),PL,2009-04,25455.90000000001,30013.834285714296
PI (IMERG),PL,2009-05,25658.62000000001,30185.49142857144
PI (IMERG),PL,2009-06,25866.80000000001,30351.65809523811
PI (IMERG),PL,2009-07,26028.06000000001,30462.578095238106
PI (IMERG),PL,2009-08,26221.60000000001,30715.178095238105
PI (IMERG),PL,2009-09,26342.76000000001,30825.06380952382
PI (IMERG),PL,2009-10,26553.790000000008,31040.86380952382
PI (IMERG),PL,2009-11,26728.550000000007,31244.39238095239
PI (IMERG),PL,2009-12,26811.190000000006,31362.03523809525
PI (IMERG),PL,2010-01,26842.290000000005,31432.78523809525
PI (IMERG),PL,2010-02,26917.570000000003,31519.370952380963
PI (IMERG),PL,2010-03,27055.770000000004,31698.099523809535
PI (IMERG),PL,2010-04,27302.120000000003,31963.01380952382
PI (IMERG),PL,2010-05,27614.930000000004,32262.18523809525
PI (IMERG),PL,2010-06,27844.050000000003,32535.885238095252
PI (IMERG),PL,2010-07,28144.390000000003,32846.11380952382
PI (IMERG),PL,2010-08,28384.08,33067.68523809525
PI (IMERG),PL,2010-09,28652.050000000003,33395.51380952382
PI (IMERG),PL,2010-10,28916.760000000002,33718.77095238097
PI (IMERG),PL,2010-11,29195.27,34049.95666666668
PI (IMERG),PL,2010-12,29366.28,34181.38523809525
PI (IMERG),PL,2011-01,29433.0,34262.1423809524
PI (IMERG),PL,2011-02,29564.99,34442.399523809545
PI (IMERG),PL,2011-03,29772.11,34768.62809523811
PI (IMERG),PL,2011-04,30147.190000000002,35213.69476190478
PI (IMERG),PL,2011-05,30460.640000000003,35514.85190476192
PI (IMERG),PL,2011-06,30649.540000000005,35690.5661904762
PI (IMERG),PL,2011-07,30813.060000000005,35813.40904761906
PI (IMERG),PL,2011-08,30996.910000000003,36034.14238095239
PI (IMERG),PL,2011-09,31168.460000000003,36221.728095238104
PI (IMERG),PL,2011-10,31429.24,36578.461428571434
PI (IMERG),PL,2011-11,31712.570000000003,36910.88142857143
PI (IMERG),PL,2011-12,31876.220000000005,37136.8980952381
PI (IMERG),PL,2012-01,31949.820000000003,37295.94095238096
PI (IMERG),PL,2012-02,32010.250000000004,37362.22666666668
PI (IMERG),PL,2012-03,32246.620000000003,37639.05523809525
PI (IMERG),PL,2012-04,32567.4,38049.540952380965
PI (IMERG),PL,2012-05,32781.01,38289.95523809525
PI (IMERG),PL,2012-06,32928.62,38423.65523809525
PI (IMERG),PL,2012-07,33115.380000000005,38537.512380952394
PI (IMERG),PL,2012-08,33304.520000000004,38730.3123809524
PI (IMERG),PL,2012-09,33468.58,38880.783809523826
PI (IMERG),PL,2012-10,33718.68,39179.58380952383
PI (IMERG),PL,2012-11,33833.12,39336.283809523826
PI (IMERG),PL,2012-12,33923.33,39443.79809523811
PI (IMERG),PL,2013-01,33971.78,39487.48380952382
PI (IMERG),PL,2013-02,34148.51,39713.92666666668
PI (IMERG),PL,2013-03,34336.75,39952.82666666668
PI (IMERG),PL,2013-04,34625.07,40268.64095238097
PI (IMERG),PL,2013-05,34911.24,40596.883809523824
PI (IMERG),PL,2013-06,35090.99,40688.02666666668
PI (IMERG),PL,2013-07,35193.81,40785.24666666668
PI (IMERG),PL,2013-08,35402.869999999995,40978.76333333335
PI (IMERG),PL,2013-09,35589.149999999994,41125.591904761925
PI (IMERG),PL,2013-10,35759.73999999999,41410.858571428595
PI (IMERG),PL,2013-11,35970.43999999999,41680.2985714286
PI (IMERG),PL,2013-12,36095.11999999999,41846.6585714286
PI (IMERG),PL,2014-01,36160.62999999999,41957.98714285717
PI (IMERG),PL,2014-02,36352.11999999999,42182.944285714315
PI (IMERG),PL,2014-03,36500.34999999999,42406.944285714315
PI (IMERG),PL,2014-04,36656.58999999999,42674.54428571431
PI (IMERG),PL,2014-05,36835.57999999999,42927.78714285717
PI (IMERG),PL,2014-06,36993.01999999999,43019.43000000002
PI (IMERG),PL,2014-07,37161.14999999999,43121.95857142859
PI (IMERG),PL,2014-08,37316.679999999986,43262.24428571431
PI (IMERG),PL,2014-09,37504.249999999985,43432.37285714288
PI (IMERG),PL,2014-10,37770.54999999999,43706.68714285717
PI (IMERG),PL,2014-11,38000.98999999999,43995.84428571431
PI (IMERG),PL,2014-12,38110.74999999999,44117.858571428595
PI (IMERG),PL,2015-01,38226.229999999996,44226.55857142859
PI (IMERG),PL,2015-02,38358.759999999995,44365.73000000002
PI (IMERG),PL,2015-03,38538.10999999999,44650.05857142859
PI (IMERG),PL,2015-04,38798.74999999999,45013.93000000002
PI (IMERG),PL,2015-05,38946.63999999999,45150.03000000002
PI (IMERG),PL,2015-06,39055.74999999999,45204.015714285735
PI (IMERG),PL,2015-07,39202.649999999994,45320.47285714288
PI (IMERG),PL,2015-08,39318.67999999999,45500.62285714288
PI (IMERG),PL,2015-09,39487.52999999999,45640.22285714288
PI (IMERG),PL,2015-10,39670.12999999999,45895.422857142876
PI (IMERG),PL,2015-11,39887.56999999999,46063.05619047621
PI (IMERG),PL,2015-12,39947.30999999999,46148.83952380954
PI (IMERG),PL,2016-01,40003.99999999999,46184.71952380954
PI (IMERG),PL,2016-02,40081.51999999999,46243.67952380954
PI (IMERG),PL,2016-03,40222.88999999999,46385.459523809535
PI (IMERG),PL,2016-04,40492.259999999995,46651.209523809535
PI (IMERG),PL,2016-05,40754.649999999994,46915.709523809535
PI (IMERG),PL,2016-06,40882.869999999995,47037.94952380953
PI (IMERG),PL,2016-07,41049.759999999995,47187.50952380953
PI (IMERG),PL,2016-08,41199.619999999995,47347.809523809534
PI (IMERG),PL,2016-09,41345.159999999996,47528.849523809535
PI (IMERG),PL,2016-10,41560.399999999994,47806.489523809534
PI (IMERG),PL,2016-11,41739.77,48080.96952380954
PI (IMERG),PL,2016-12,41892.85,48247.62952380954
PI (IMERG),PL,2017-01,41966.64,48326.32952380954
PI (IMERG),PL,2017-02,42061.92,48390.44952380954
PI (IMERG),PL,2017-03,42313.7,48726.44952380954
PI (IMERG),PL,2017-04,42579.61,49023.39952380954
PI (IMERG),PL,2017-05,42844.11,49339.19952380954
PI (IMERG),PL,2017-06,43050.57,49602.23285714287
PI (IMERG),PL,2017-07,43187.99,49760.23285714287
PI (IMERG),PL,2017-08,43433.9,49916.09952380954
PI (IMERG),PL,2017-09,43628.91,50100.93285714288
PI (IMERG),PL,2017-10,43865.130000000005,50326.41619047621
PI (IMERG),PL,2017-11,44065.71000000001,50568.132857142875
PI (IMERG),PL,2017-12,44184.780000000006,50713.43285714288
PI (IMERG),PL,2018-01,44298.11000000001,50867.54952380955
PI (IMERG),PL,2018-02,44375.90000000001,50938.69952380955
PI (IMERG),PL,2018-03,44632.52000000001,51213.44952380955
PI (IMERG),PL,2018-04,44891.710000000014,51505.34952380955
PI (IMERG),PL,2018-05,45201.91000000001,51900.19952380955
PI (IMERG),PL,2018-06,45328.83000000001,52041.48285714288
PI (IMERG),PL,2018-07,45519.63000000001,52198.46619047621
PI (IMERG),PL,2018-08,45634.60000000001,52319.58285714288
PI (IMERG),PL,2018-09,45829.35000000001,52509.38285714288
PI (IMERG),PL,2018-10,46150.17000000001,52874.932857142885
PI (IMERG),PL,2018-11,46353.540000000015,53081.73285714289
PI (IMERG),PL,2018-12,46407.750000000015,53152.17285714289
PI (IMERG),PL,2019-01,46473.110000000015,53240.11571428575
PI (IMERG),PL,2019-02,46603.52000000002,53465.41571428575
PI (IMERG),PL,2019-03,46850.03000000002,53786.31571428575
PI (IMERG),PL,2019-04,47110.690000000024,54094.25857142861
PI (IMERG),PL,2019-05,47379.980000000025,54383.03000000004
PI (IMERG),PL,2019-06,47530.480000000025,54466.65857142861
PI (IMERG),PL,2019-07,47658.550000000025,54624.075238095276
PI (IMERG),PL,2019-08,47800.730000000025,54735.44666666671
PI (IMERG),PL,2019-09,47961.870000000024,54948.918095238136
PI (IMERG),PL,2019-10,48221.64000000002,55178.018095238134
PI (IMERG),PL,2019-11,48452.95000000002,55376.23238095242
PI (IMERG),PL,2019-12,48587.68000000002,55527.06095238099
PI (IMERG),PL,2020-01,48673.67000000002,55596.34666666671
PI (IMERG),PL,2020-02,48769.43000000002,55658.546666666705
PI (IMERG),PL,2020-03,48989.02000000002,55899.918095238136
PI (IMERG),PL,2020-04,49155.03000000002,56128.08952380956
PI (IMERG),PL,2020-05,49367.81000000002,56341.43238095242
PI (IMERG),PL,2020-06,49552.330000000016,56563.63238095242
PI (IMERG),PL,2020-07,49730.930000000015,56735.86095238099
PI (IMERG),PL,2020-08,49881.05000000002,56919.27523809527
PI (IMERG),PL,2020-09,50043.84000000002,57109.31809523813
PI (IMERG),PL,2020-10,50261.49000000002,57388.10380952385
PI (IMERG),PL,2020-11,50515.32000000002,57744.2466666667
PI (IMERG),PL,2020-12,50643.95000000002,57877.87523809527
PI (IMERG),PL,2021-01,50680.71000000002,57907.81809523813
PI (IMERG),PL,2021-02,50826.89000000002,58046.16095238099
PI (IMERG),PL,2021-03,51026.96000000002,58359.146666666704
PI (IMERG),PL,2021-04,51231.92000000002,58600.06095238099
PI (IMERG),PL,2021-05,51510.60000000002,58903.37523809528
PI (IMERG),PL,2021-06,51730.56000000002,59056.44666666671
PI (IMERG),PL,2021-07,51913.27000000002,59215.18952380956
PI (IMERG),PL,2021-08,52126.44000000002,59438.58952380956
PI (IMERG),PL,2021-09,52323.820000000014,59685.08952380956
PI (IMERG),PL,2021-10,52595.640000000014,59959.58952380956
PI (IMERG),PL,2021-11,52781.38000000001,60152.81809523813
PI (IMERG),PL,2021-12,52908.70000000001,60282.20142857146
PI (IMERG),PL,2022-01,52990.29000000001,60334.26809523813
PI (IMERG),PL,2022-02,53188.69000000001,60495.553809523844
PI (IMERG),PL,2022-03,53391.13000000001,60830.453809523846
PI (IMERG),PL,2022-04,53682.67000000001,61107.28238095242
PI (IMERG),PL,2022-05,54037.41000000001,61384.18238095242
PI (IMERG),PL,2022-06,54320.18000000001,61717.08238095242
PI (IMERG),PL,2022-07,54504.880000000005,61866.268095238134
PI (IMERG),PL,2022-08,54711.170000000006,62079.22523809528
PI (IMERG),PL,2022-09,54963.47000000001,62399.62523809528
PI (IMERG),PL,2022-10,55238.64000000001,62738.382380952426
PI (IMERG),PL,2022-11,55488.29000000001,63078.82523809528
PI (IMERG),PL,2022-12,55599.350000000006,63206.35857142862
Q,PL,1998-01,34.74044167043857,68.83333333333333
Q,PL,1998-02,84.25555709078782,204.71666666666664
Q,PL,1998-03,165.6766019486862,445.2333333333333
Q,PL,1998-06,254.61856540486457,579.15
Q,PL,1998-07,337.8220720870953,761.15
Q,PL,1998-08,433.4410634395026,977.9333333333333
Q,PL,1998-09,537.4292746708231,1209.4333333333334
Q,PL,1998-10,737.2831756165791,1630.1166666666668
Q,PL,1998-11,909.7044539356586,1872.6333333333334
Q,PL,1998-12,1079.791654069065,2125.0833333333335
Q,PL,1999-01,1189.7197384962515,2331.3500000000004
Q,PL,1999-02,1368.90860859178,2686.316666666667
Q,PL,1999-03,1525.081903491368,2943.3500000000004
Q,PL,1999-04,1694.4240098829632,3233.5000000000005
Q,PL,1999-05,1854.071801768996,3470.666666666667
Q,PL,1999-06,1963.744660715562,3746.3
Q,PL,1999-07,2051.314346155548,3897.9333333333334
Q,PL,1999-08,2144.7694096426953,4116.05
Q,PL,1999-10,2335.994900777824,4423.3
Q,PL,1999-11,2550.4098554369025,4733.8
Q,PL,1999-12,2689.9224837809957,4955.483333333334
Q,PL,2000-01,2766.074357426087,5071.400000000001
Q,PL,2000-02,2854.254760980414,5298.633333333334
Q,PL,2000-03,2976.1293284159474,5487.866666666668
Q,PL,2000-04,3090.1339636073276,5785.500000000001
Q,PL,2000-06,3205.0578242107945,6018.383333333334
Q,PL,2000-07,3290.5492450228717,6201.900000000001
Q,PL,2000-08,3353.694763487065,6369.360000000001
Q,PL,2000-11,3489.9198935753107,6590.843333333334
Q,PL,2001-01,3542.3728463828006,6691.603333333334
Q,PL,2001-02,3585.6788472880585,6795.170000000001
Q,PL,2001-04,3654.9822685493614,6992.403333333335
Q,PL,2001-05,3774.405005490339,7267.263333333334
Q,PL,2001-06,3870.604428984157,7411.830000000001
Q,PL,2001-07,3933.673938477451,7566.330000000001
Q,PL,2001-08,3980.8000885119936,7690.580000000001
Q,PL,2001-09,4047.5374351542023,7907.896666666667
Q,PL,2001-10,4193.427613108796,8229.33
Q,PL,2001-11,4335.958694415226,8481.03
Q,PL,2001-12,4464.4853066076175,8699.43
Q,PL,2002-01,4514.188410688424,8761.696666666667
Q,PL,2002-02,4560.054899479905,8834.48
Q,PL,2002-03,4662.824320829692,9063.88
Q,PL,2002-04,4859.331474747313,9453.513333333332
Q,PL,2002-05,4997.766598743788,9712.88
Q,PL,2002-06,5134.54687365624,9895.313333333332
Q,PL,2002-07,5199.505875014126,10004.679999999998
Q,PL,2002-08,5251.5389407405955,10174.63
Q,PL,2002-09,5330.531226992591,10382.846666666666
Q,PL,2002-10,5438.339293314624,10624.73
Q,PL,2002-11,5542.784146448484,10836.93
Q,PL,2002-12,5635.661522154227,11035.130000000001
Q,PL,2003-01,5678.938707279414,11076.913333333334
Q,PL,2003-02,5716.440386770564,11190.753333333334
Q,PL,2003-03,5786.070151641803,11402.836666666668
Q,PL,2003-04,5943.0091229832515,11763.453333333335
Q,PL,2003-05,6058.230226165371,12039.803333333335
Q,PL,2003-06,6171.737483802795,12258.820000000002
Q,PL,2003-07,6240.291047897419,12398.320000000002
Q,PL,2003-08,6322.164912156418,12626.770000000002
Q,PL,2003-09,6420.106220151612,12897.803333333335
Q,PL,2003-10,6619.1204888849825,13292.220000000001
Q,PL,2003-11,6787.8615804351175,13646.853333333334
Q,PL,2003-12,6919.212139074372,13785.403333333334
Q,PL,2004-01,6990.716439048168,13920.383333333333
Q,PL,2004-02,7034.730484835146,14038.966666666667
Q,PL,2004-03,7090.6166320109805,14217.933333333334
Q,PL,2004-04,7242.574589940323,14565.316666666668
Q,PL,2004-05,7442.275327207775,14952.483333333334
Q,PL,2004-06,7521.1153014794,15081.066666666668
Q,PL,2004-07,7585.131615174995,15249.816666666668
Q,PL,2004-08,7635.246373256802,15364.933333333334
Q,PL,2004-09,7731.1082404698,15643.900000000001
Q,PL,2004-10,7875.565862500912,15954.440000000002
Q,PL,2004-11,8077.585063491931,16236.820000000002
Q,PL,2004-12,8182.667980327341,16375.448571428573
Q,PL,2005-01,8278.871520361168,16582.262857142858
Q,PL,2005-02,8381.613650575333,16785.34619047619
Q,PL,2005-03,8443.549834018975,16920.603333333333
Q,PL,2005-05,8596.451899107164,17174.553333333333
Q,PL,2005-06,8696.267702999772,17340.710476190477
Q,PL,2005-07,8771.78041519931,17497.527142857143
Q,PL,2005-08,8836.204266355895,17638.74142857143
Q,PL,2005-09,8906.445105203542,17802.74142857143
Q,PL,2005-10,9111.584643522145,18176.89142857143
Q,PL,2005-11,9320.23833482929,18484.06285714286
Q,PL,2005-12,9423.155951619437,18598.348571428574
Q,PL,2006-02,9471.480838104893,18663.39142857143
Q,PL,2006-03,9613.573096246257,18963.83428571429
Q,PL,2006-04,9790.727572268841,19318.934285714287
Q,PL,2006-05,10012.439065705723,19657.600952380955
Q,PL,2006-06,10155.274359318892,19867.050952380956
Q,PL,2006-07,10222.098564955311,19975.634285714288
Q,PL,2006-08,10283.01841725538,20170.934285714287
Q,PL,2006-09,10353.51704650473,20352.484285714287
Q,PL,2006-10,10512.41507923694,20696.450952380954
Q,PL,2006-11,10702.790646809659,21029.234285714287
Q,PL,2006-12,10848.37949403552,21225.284285714286
Q,PL,2007-01,10931.005450154347,21394.500952380953
Q,PL,2007-02,10967.834898661864,21450.884285714288
Q,PL,2007-03,11069.251213310363,21781.53428571429
Q,PL,2007-04,11226.755797249187,22116.167619047625
Q,PL,2007-05,11394.0482783698,22434.10095238096
Q,PL,2007-06,11506.344196610742,22587.35095238096
Q,PL,2007-07,11594.56123737116,22807.25095238096
Q,PL,2007-08,11697.091076092363,23055.984285714294
Q,PL,2007-09,11795.652981897923,23257.150952380962
Q,PL,2007-10,12002.669662461089,23674.284285714297
Q,PL,2007-11,12155.51226483858,23894.917619047632
Q,PL,2007-12,12284.448884415968,24110.3842857143
Q,PL,2008-01,12379.1729399702,24232.200952380965
Q,PL,2008-02,12446.412428261407,24369.200952380965
Q,PL,2008-06,12567.101939917056,24576.98666666668
Q,PL,2008-07,12674.8092929585,24774.358095238105
Q,PL,2008-08,12803.415354373084,25027.729523809532
Q,PL,2008-09,12924.181053684611,25265.415238095247
Q,PL,2008-10,13087.180806882792,25562.986666666675
Q,PL,2008-11,13268.129497832599,25856.32952380953
Q,PL,2008-12,13369.310758046526,25950.40095238096
Q,PL,2009-01,13467.601383865427,26103.015238095242
Q,PL,2009-02,13582.362697918361,26312.629523809526
Q,PL,2009-04,13724.427976889812,26547.7580952381
Q,PL,2009-06,13820.37217490301,26713.924761904767
Q,PL,2009-07,13877.299395047376,26824.844761904766
Q,PL,2009-08,13969.676611141904,27077.444761904764
Q,PL,2009-09,14036.554331798454,27187.33047619048
Q,PL,2009-10,14111.806288631959,27403.13047619048
Q,PL,2009-11,14260.587100981578,27606.65904761905
Q,PL,2009-12,14323.15398093965,27724.30190476191
Q,PL,2010-01,14356.682376013143,27795.05190476191
Q,PL,2010-02,14386.954999592723,27881.637619047622
Q,PL,2010-03,14438.949781497098,28060.366190476194
Q,PL,2010-04,14544.77779207432,28325.28047619048
Q,PL,2010-05,14694.390968813963,28624.45190476191
Q,PL,2010-06,14819.791480522756,28898.15190476191
Q,PL,2010-07,14997.11061814574,29208.380476190483
Q,PL,2010-08,15127.62798908697,29429.95190476191
Q,PL,2010-09,15333.4780422113,29757.78047619048
Q,PL,2010-10,15539.92014984167,30081.037619047624
Q,PL,2010-11,15784.15304913874,30412.22333333334
Q,PL,2010-12,15946.048334652236,30543.65190476191
Q,PL,2011-01,16016.207349350761,30624.409047619054
Q,PL,2011-02,16094.968697708195,30804.666190476197
Q,PL,2011-03,16277.92502522088,31130.89476190477
Q,PL,2011-04,16556.88327378557,31575.961428571434
Q,PL,2011-05,16788.345439121007,31877.11857142858
Q,PL,2011-06,16909.284810681624,32052.832857142865
Q,PL,2011-07,16986.107254972543,32175.67571428572
Q,PL,2011-08,17074.030374776245,32396.409047619054
Q,PL,2011-09,17163.520661361756,32583.994761904767
Q,PL,2011-10,17395.07837909388,32940.7280952381
Q,PL,2011-11,17584.670569102695,33273.148095238095
Q,PL,2011-12,17808.488496062695,33499.164761904765
Q,PL,2012-01,17929.74365198141,33658.20761904762
Q,PL,2012-02,17987.410202711573,33724.49333333334
Q,PL,2012-03,18074.559412993392,34001.32190476191
Q,PL,2012-04,18309.24884768382,34411.80761904763
Q,PL,2012-05,18502.62511220963,34652.221904761915
Q,PL,2012-06,18578.559632542194,34785.92190476191
Q,PL,2012-07,18638.595663702115,34899.77904761906
Q,PL,2012-08,18743.056571342015,35092.57904761906
Q,PL,2012-09,18800.41973307344,35243.05047619049
Q,PL,2012-11,18876.627813322513,35399.750476190486
Q,PL,2012-12,18936.162559683617,35507.26476190477
Q,PL,2013-02,19010.594872235728,35733.70761904763
Q,PL,2013-03,19101.52512451674,35972.60761904763
Q,PL,2013-05,19272.607164615874,36300.850476190484
Q,PL,2013-06,19337.484402972183,36391.99333333334
Q,PL,2013-07,19383.47823479963,36489.21333333334
Q,PL,2013-08,19457.105945475345,36682.73000000001
Q,PL,2013-09,19525.751308412193,36829.558571428584
Q,PL,2013-11,19668.7388682664,37098.99857142859
Q,PL,2013-12,19780.114739815104,37265.35857142859
Q,PL,2014-01,19851.068246735562,37376.68714285716
Q,PL,2014-04,19943.296634075883,37644.28714285716
Q,PL,2014-06,19999.114787366725,37735.930000000015
Q,PL,2014-08,20052.28600289632,37876.21571428573
Q,PL,2014-09,20102.33063277867,38046.3442857143
Q,PL,2015-01,20142.389506924035,38155.0442857143
Q,PL,2015-02,20201.684217837155,38294.215714285725
Q,PL,2015-03,20292.1985672598,38578.5442857143
Q,PL,2015-04,20456.349716698776,38942.41571428573
Q,PL,2015-05,20515.015656618256,39078.51571428573
Q,PL,2016-01,20544.2456841095,39114.395714285725
Q,PL,2016-02,20573.680632962445,39173.355714285724
Q,PL,2016-03,20624.886891627906,39315.13571428572
Q,PL,2016-04,20724.90712289741,39580.88571428572
Q,PL,2016-05,20842.035694448496,39845.38571428572
Q,PL,2016-06,20909.37224465456,39967.62571428572
Q,PL,2016-07,20972.639142241336,40117.18571428572
Q,PL,2016-09,21021.845421108334,40298.22571428572
Q,PL,2016-10,21133.556543675455,40575.86571428572
Q,PL,2016-11,21292.875327962087,40850.34571428572
Q,PL,2016-12,21429.564092190118,41017.005714285726
Q,PL,2017-01,21507.681659113878,41095.70571428572
Q,PL,2017-02,21548.005226781886,41159.825714285726
Q,PL,2017-03,21699.793953751418,41495.825714285726
Q,PL,2017-04,21835.120513724738,41792.77571428572
Q,PL,2017-05,22017.624309994124,42108.575714285726
Q,PL,2017-06,22151.019430560147,42371.60904761906
Q,PL,2017-07,22245.876656183704,42529.60904761906
Q,PL,2017-08,22314.812358687457,42685.47571428573
Q,PL,2017-09,22391.51572519769,42870.30904761906
Q,PL,2017-10,22492.031176230397,43095.79238095239
Q,PL,2017-11,22624.445531139037,43337.50904761906
Q,PL,2017-12,22705.32208124981,43482.80904761906
Q,PL,2018-01,22783.146093446965,43636.92571428573
Q,PL,2018-02,22826.69809878322,43708.07571428573
Q,PL,2018-03,22905.77728519483,43982.82571428573
Q,PL,2018-04,23071.747904152828,44274.725714285734
Q,PL,2018-05,23308.347482016896,44669.57571428573
Q,PL,2018-06,23418.720852576964,44810.859047619066
Q,PL,2018-07,23507.421133969154,44967.842380952396
Q,PL,2018-08,23575.80653740437,45088.959047619064
Q,PL,2018-09,23646.43710176104,45278.75904761907
Q,PL,2018-10,23853.768038988568,45644.30904761907
Q,PL,2018-11,24027.966633456967,45851.10904761907
Q,PL,2018-12,24096.8120190729,45921.549047619075
Q,PL,2019-01,24141.470344536843,46009.49190476193
Q,PL,2019-02,24212.615476394767,46234.791904761936
Q,PL,2019-03,24355.038045706533,46555.69190476194
Q,PL,2019-04,24556.757562584822,46863.634761904796
Q,PL,2019-05,24704.09363405253,47152.40619047623
Q,PL,2019-06,24802.204696396195,47236.0347619048
Q,PL,2019-07,24865.540175539536,47393.45142857146
Q,PL,2019-08,24919.39905025664,47504.82285714289
Q,PL,2019-09,24982.650181495177,47718.29428571432
Q,PL,2019-10,25092.17756191779,47947.39428571432
Q,PL,2019-11,25217.059307254523,48145.6085714286
Q,PL,2019-12,25288.84698984261,48296.437142857176
Q,PL,2020-01,25328.292087872484,48365.72285714289
Q,PL,2020-02,25362.308045944763,48427.92285714289
Q,PL,2020-03,25429.1396613532,48669.29428571432
Q,PL,2020-04,25530.597882379003,48897.46571428575
Q,PL,2020-05,25625.022418482105,49110.808571428606
Q,PL,2020-06,25745.972909274682,49333.0085714286
Q,PL,2020-07,25836.89888035408,49505.23714285717
Q,PL,2020-08,25934.53135375618,49688.65142857146
Q,PL,2020-09,26018.982336723046,49878.694285714315
Q,PL,2020-10,26123.798954585207,50157.48000000003
Q,PL,2020-11,26326.915254654294,50513.62285714289
Q,PL,2020-12,26421.10206057182,50647.25142857146
Q,PL,2021-01,26468.95922578134,50677.194285714315
Q,PL,2021-02,26510.373388394197,50815.537142857174
Q,PL,2021-03,26639.589685699862,51128.52285714289
Q,PL,2021-04,26778.56930444346,51369.437142857176
Q,PL,2021-05,26973.459934264552,51672.751428571464
Q,PL,2021-06,27095.31618735553,51825.82285714289
Q,PL,2021-07,27180.723154408915,51984.565714285745
Q,PL,2021-08,27285.260012212,52207.96571428575
Q,PL,2021-09,27396.440183448627,52454.46571428575
Q,PL,2021-10,27530.255726245872,52728.96571428575
Q,PL,2021-11,27647.399487829596,52922.194285714315
Q,PL,2021-12,27734.78461701939,53051.577619047646
Q,PL,2022-01,27787.609787374586,53103.64428571431
Q,PL,2022-02,27860.38136419046,53264.93000000003
Q,PL,2022-03,28017.086063239938,53599.83000000003
Q,PL,2022-04,28179.39934222605,53876.658571428605
Q,PL,2022-05,28344.79401607125,54153.558571428606
Q,PL,2022-10,28605.744368883505,54492.31571428575
Q,PL,2022-11,28905.53806390697,54832.75857142861
Q,PL,2022-12,29058.16491842254,54960.29190476194
