gauge_id,gauge_department,gauge_lat,gauge_lon,gauge_elev,gauge_star,gauge_end,gauge_n,gauge_missing,area,perimeter,gravelius_index,factor_form,maximum_ele,mean_ele,minimum_ele,streng_chanel,equi_slope,cn_catchment,tc_kirpich,tc_chow,tc_Johnstone,tc_Engi_Corps,tc_representative,aridity,high_prec_freq,high_prec_dur,low_prec_freq,low_prec_dur,q_mean,runoff_ratio,stream_elas,slope_fdc,baseflow_index,Q5,Q95,high_q_freq,high_q_dur,low_q_freq,low_q_dur,forest_perc,nat_non_forest_form_perc,agricul_livestock_perc,non_vegeted_perc,water_bodies_perc,non_identi_land_perc,unconso_depo_perc,hypabyssal_rock_perc,metamor_rock_perc,plutonic_rock_perc,sedimen_rock_perc,volcanic_rock_perc,volcaniclastic_rock_perc,inceptisols_perc,entisols_perc,andisols_perc,urban_perc,alfisols_perc,vertisols_perc,aridisols_perc,water_bodies_perc_soil,ultisols_perc,spodosols_perc,coal_mine_pit_perc,histosols_perc,oxisols_perc,eroded_misce_perc,rocky_misce_perc,mollisols_perc,perpetual_snow_perc,class_1,class_2,class_3,class_4,class_5,class_6,class_7,class_8,Urban_area,No_classified,start,end,span_yr,n_years_obs,missing_pct,ends_2022,lon_wgs84,lat_wgs84,region,zona_hidro
11017010,Choco,606212.61,-8520155.73,78,19/05/1981,31/12/2022,14444,4.986,891.98,276.0,2.61,0.05,3835,910.34,75.03,130.01,2.57e-05,62.13,164.66,106.17,74.0,57.52,25.32,0.57,2.88,0.86,75.55,7.41,22.87,1.62,1.78,0.44,0.7,8.45,52.95,0,0,2,14,92.48,0.06,7.09,0.2,0.18,0.0,0.0,0.0,38.89,37.74,0.0,23.38,23.376,59.35,5.86,31.43,0.07,0.0,0.0,0.0,0.84,0.17,0.0,0,2.29,0.0,0.0,0.0,0.0,0.0,0.0,0.0,0.0,3.69,0.0,0.0,86.05,9.7,0.0,0.56,1981-05-19,2022-12-31,41.61806981519507,39.54551676933607,4.986,True,-76.53786115337519,5.473943854275516,Caribe,11
11027010,Choco,648220.64,-8480408.48,1499,1/01/1981,21/09/2001,7212,4.717,205.01,97.71,1.92,0.15,3731,2364.97,1495.0,36.51,9.09e-05,66.83,38.07,31.43,28.59,17.23,23.62,0.77,2.48,0.81,103.1,10.19,5.85,0.66,2.31,0.48,0.79,2.43,10.75,0,0,0,0,62.34,0.08,37.02,0.46,0.11,0.0,0.0,0.0,0.0,99.97,0.0,0.03,0.03,0.0,0.0,99.89,0.11,0.0,0.0,0.0,0.0,0.0,0.0,0,0.0,0.0,0.0,0.0,0.0,0.0,0.0,0.0,0.0,0.0,0.0,0.0,42.26,57.74,0.0,0.0,1981-01-01,2001-09-21,20.720054757015742,19.745379876796715,4.717,False,-76.180805531608,5.851972191914734,Caribe,11
11027030,Choco,649335.35,-8477208.05,1568,1/01/1981,31/12/2022,14906,2.829,195.54,94.04,1.9,0.19,3731,2392.46,1560.0,31.92,9.66e-05,66.67,33.52,28.28,26.33,15.38,15.62,0.79,3.41,0.88,120.33,10.67,5.19,0.59,2.48,0.52,0.83,2.03,9.71,0,0,1,13,63.18,0.08,36.26,0.43,0.05,0.0,0.0,0.0,0.0,99.97,0.0,0.03,0.029,0.0,0.0,99.88,0.12,0.0,0.0,0.0,0.0,0.0,0.0,0,0.0,0.0,0.0,0.0,0.0,0.0,0.0,0.0,0.0,0.0,0.0,0.0,43.99,56.01,0.0,0.0,1981-01-01,2022-12-31,41.9958932238193,40.8104038329911,2.829,True,-76.15205557976044,5.861999963523194,Caribe,11
11035020,Choco,623335.42,-8542919.18,45,1/01/1981,16/07/2004,7559,12.084,1567.79,407.7,2.9,0.19,517,126.95,54.03,92.09,1.43e-05,67.75,158.01,102.59,72.05,49.44,29.2,0.48,1.58,0.75,58.58,5.5,15.32,0.79,2.03,0.67,0.68,5.12,30.08,0,0,2,9,89.03,0.0,3.32,7.43,0.22,0.0,0.0,0.0,0.0,57.39,0.0,0.0,0.0,58.13,0.0,29.48,0.02,0.0,0.0,0.0,1.61,9.2,0.0,0,1.57,0.0,0.0,0.0,0.0,0.0,0.0,0.0,0.0,41.03,0.0,32.76,24.93,0.0,0.0,1.28,1981-01-01,2004-07-16,23.537303216974674,20.695414099931554,12.084,False,-76.74234870391808,5.628061431530901,Caribe,11
11037020,Choco,595194.32,-8528547.98,71,1/01/1981,31/12/2022,14618,4.707,263.61,119.91,2.08,0.21,323,145.84,75.01,35.27,1.64e-05,61.11,71.65,53.17,43.11,23.24,36.0,0.45,2.66,0.9,96.95,8.1,20.62,0.99,1.1,0.9,0.5,4.05,62.8,2,2,20,12,99.06,0.0,0.03,0.91,0.0,0.0,0.0,0.0,0.0,96.73,0.0,0.0,0.0,94.23,0.0,4.77,0.04,0.0,0.0,0.0,0.96,0.0,0.0,0,0.0,0.0,0.0,0.0,0.0,0.0,0.0,0.0,0.0,5.99,0.0,48.19,44.88,0.0,0.0,0.94,1981-01-01,2022-12-31,41.9958932238193,40.02190280629706,4.707,True,-76.6132500178067,5.3747499762350195,Caribe,11
11047010,Choco,638534.93,-8534828.25,41,1/01/1981,31/12/2022,14012,8.657,5452.13,740.31,2.83,0.13,3978,528.08,39.7,205.26,2.32e-05,64.68,243.33,146.88,95.36,82.97,13.25,0.49,1.22,0.61,50.59,5.1,17.56,0.99,2.26,0.52,0.73,6.61,31.35,0,0,1,9,90.61,0.02,6.28,2.68,0.39,0.01,0.0,0.0,15.74,54.72,0.0,11.85,11.85,61.58,2.99,25.81,0.09,0.0,0.0,0.0,1.41,6.12,0.0,0,1.99,0.0,0.0,0.0,0.0,0.0,0.0,0.0,0.0,21.15,0.0,17.71,51.73,8.19,0.03,1.18,1981-01-01,2022-12-31,41.9958932238193,38.362765229295,8.657,True,-76.66966664310068,5.764833292061648,Caribe,11
11047030,Choco,645080.01,-8529203.91,57,1/01/1981,31/10/2022,13153,13.915,433.87,206.24,2.79,0.06,3401,522.01,55.0,82.72,3.32e-05,62.29,105.29,73.21,55.35,38.85,18.61,0.48,1.9,0.8,79.7,7.88,18.89,1.06,1.58,0.72,0.63,6.37,43.12,0,1,1,4,96.48,0.0,1.39,1.84,0.09,0.21,0.0,0.0,38.36,36.59,0.0,25.0,24.997,90.16,4.24,0.0,0.0,0.0,0.0,0.0,0.56,5.04,0.0,0,0.0,0.0,0.0,0.0,0.0,0.0,0.0,0.0,0.0,15.86,0.0,18.54,54.25,10.81,0.0,0.53,1981-01-01,2022-10-31,41.828884325804246,36.01095140314853,13.915,True,-76.61914233724983,5.823718554794083,Caribe,11
11057010,Choco,688774.22,-8540060.27,37,1/01/1981,15/07/2000,6219,12.85,9464.81,771.81,2.24,0.11,3978,474.52,35.0,296.59,1.87e-05,64.72,351.24,199.28,121.03,114.37,16.54,0.51,1.11,0.47,39.68,4.9,16.3,0.94,3.09,0.35,0.82,7.85,24.04,0,0,1,4,91.71,0.11,5.45,1.9,0.8,0.03,0.0,0.0,16.63,51.99,0.0,13.32,13.321,66.45,2.68,18.15,0.05,0.0,0.0,0.0,1.6,7.64,0.0,0,3.31,0.12,0.0,0.01,0.0,0.0,0.0,0.0,0.0,21.2,0.09,17.1,52.8,7.44,0.02,1.35,1981-01-01,2000-07-15,19.534565366187543,17.026694045174537,12.85,False,-76.71666667842887,6.216666625218169,Caribe,11
11057020,Antioquia,696561.35,-8545085.11,39,1/01/1981,31/12/2022,14461,5.73,10612.79,833.4,2.28,0.11,3978,470.46,33.1,309.35,1.83e-05,64.63,365.39,205.93,124.17,118.5,29.79,0.52,1.19,0.57,46.38,5.24,15.76,0.92,3.6,0.26,0.85,8.44,22.19,0,0,0,4,91.77,0.14,5.51,1.71,0.83,0.04,0.0,0.0,17.55,50.83,0.03,13.6,13.598,67.5,2.91,16.81,0.05,0.0,0.0,0.0,1.62,7.78,0.0,0,2.95,0.21,0.0,0.08,0.12,0.0,0.0,0.0,0.26,21.63,0.19,17.75,51.99,6.82,0.02,1.35,1981-01-01,2022-12-31,41.9958932238193,39.592060232717316,5.73,True,-76.7618055841514,6.286666688215998,Caribe,11
11077010,Choco,726845.53,-8558740.3,36,1/01/1981,31/12/2022,15201,0.906,15669.38,975.44,2.2,0.11,3978,660.89,27.05,383.98,1.69e-05,65.04,444.93,242.56,141.11,141.78,18.12,0.58,1.14,0.57,47.31,5.91,13.94,0.92,3.34,0.28,0.86,6.77,19.91,0,0,1,15,87.26,0.63,9.84,1.21,1.02,0.04,0.0,0.0,17.52,48.95,1.94,14.91,14.914,63.55,7.4,19.38,0.05,0.0,0.0,0.0,1.44,5.3,0.0,0,2.28,0.07,0.0,0.08,0.43,0.0,0.0,0.22,1.05,22.9,0.38,18.67,49.61,5.91,0.02,1.24,1981-01-01,2022-12-31,41.9958932238193,41.61806981519507,0.906,True,-76.88447224299699,6.558805520142635,Caribe,11
11077020,Antioquia,697721.83,-8475639.56,1831,1/01/1981,31/12/2022,13224,13.794,611.19,177.36,2.02,0.27,3738,2337.76,1829.0,47.54,5.52e-05,69.31,56.53,43.66,36.96,23.16,22.77,1.17,3.84,1.05,124.81,12.54,4.21,0.61,2.17,0.71,0.78,1.26,8.66,0,0,5,33,50.66,2.78,45.89,0.61,0.06,0.0,0.0,0.0,0.0,100.0,0.0,0.0,0.0,13.51,3.45,82.37,0.0,0.0,0.0,0.0,0.45,0.0,0.0,0,0.0,0.0,0.0,0.23,0.0,0.0,0.0,1.98,5.43,2.6,0.0,39.34,49.77,0.43,0.0,0.45,1981-01-01,2022-12-31,41.9958932238193,36.205338809034906,13.794,True,-76.13796559436057,6.297097659476247,Caribe,11
11077030,Antioquia,732818.96,-8543848.45,36,1/01/1981,31/05/2001,6881,7.712,3320.32,512.67,2.51,0.09,3966,1535.45,43.02,188.17,2.75e-05,66.29,213.21,131.6,87.52,75.2,10.55,0.92,2.0,0.76,66.14,8.81,7.59,0.87,2.15,0.4,0.8,3.38,15.11,0,0,1,7,70.4,1.7,27.22,0.22,0.46,0.01,0.0,0.0,26.58,45.97,9.04,17.25,17.251,48.25,13.31,36.56,0.05,0.0,0.0,0.0,0.52,0.0,0.0,0,0.0,0.0,0.0,0.13,1.18,0.0,0.0,1.02,4.12,17.54,0.0,19.31,55.41,2.11,0.05,0.44,1981-01-01,2001-05-31,20.410677618069816,18.83915126625599,7.712,False,-76.75069647835882,6.612466209625833,Caribe,11
11117010,Antioquia,761929.65,-8476932.84,730,1/01/1981,9/05/2022,13375,11.447,722.86,179.61,1.88,0.16,3601,1983.67,729.0,67.24,7.61e-05,68.56,65.22,49.17,40.56,28.35,32.45,1.41,3.76,0.98,109.24,13.64,4.24,0.7,2.06,0.65,0.76,1.14,8.52,0,0,7,50,57.37,2.77,39.42,0.39,0.05,0.0,0.0,0.0,3.59,94.63,1.78,0.0,0.0,78.13,5.01,16.17,0.15,0.0,0.0,0.0,0.03,0.0,0.0,0,0.0,0.0,0.0,0.5,0.0,0.0,0.0,0.0,7.85,1.2,0.0,5.07,82.0,3.69,0.15,0.03,1981-01-01,2022-05-09,41.34976043805612,36.61875427789185,11.447,True,-76.149583326267,6.873888865536005,Caribe,11
11117050,Antioquia,777123.65,-8492378.42,392,1/01/1982,14/05/2016,12019,4.254,2058.57,299.28,1.86,0.23,3748,1833.4,406.01,95.52,5.4e-05,67.78,97.53,68.7,52.67,39.51,48.0,1.24,2.86,0.89,97.74,13.66,4.39,0.66,1.93,0.7,0.78,1.57,9.16,0,0,3,17,59.44,3.46,36.71,0.29,0.1,0.0,0.0,0.0,1.3,81.55,17.15,0.0,0.0,62.75,3.89,25.98,0.09,0.0,0.0,0.0,0.07,0.0,0.0,0,0.0,0.0,0.0,0.25,6.96,0.0,0.0,0.0,5.0,2.24,0.0,4.46,85.8,2.34,0.09,0.07,1982-01-01,2016-05-14,34.365503080082135,32.90622861054072,4.254,False,-76.28833333212792,7.010278016013596,Caribe,11
12017020,Antioquia,839818.41,-8539523.03,32,1/03/1981,31/12/2022,14438,5.517,775.19,227.8,2.31,0.11,1865,298.98,27.07,85.32,2.14e-05,73.37,127.65,85.92,62.72,43.23,17.68,0.82,3.55,1.0,97.26,15.5,8.62,0.73,1.51,0.99,0.66,1.07,22.07,0,0,46,92,44.5,0.01,55.23,0.07,0.19,0.0,0.0,0.0,1.0,23.31,24.09,0.0,0.0,57.52,13.21,4.48,0.0,24.18,0.0,0.0,0.61,0.0,0.0,0,0.0,0.0,0.0,0.0,0.0,0.0,0.0,24.19,0.0,42.25,0.0,10.45,22.64,0.0,0.0,0.47,1981-03-01,2022-12-31,41.83436002737851,39.52908966461328,5.517,True,-76.71184056939646,7.5726222385506485,Caribe,12
12017060,Antioquia,873647.58,-8529586.96,36,2/01/1984,12/12/2012,10010,5.325,87.75,71.32,2.15,0.16,1105,381.66,41.01,23.31,4.57e-05,67.75,35.11,29.38,27.13,13.96,24.81,1.29,6.48,1.17,139.93,20.0,5.12,0.66,0.93,1.29,0.51,0.35,18.31,9,5,78,109,65.45,0.0,33.28,1.25,0.03,0.0,0.0,0.0,0.0,98.63,0.0,0.0,0.0,92.06,0.0,0.0,0.86,0.0,0.0,0.0,0.65,0.0,0.0,0,0.0,0.0,0.0,0.0,6.43,0.0,0.0,6.43,3.52,8.9,0.0,44.11,35.52,0.0,0.86,0.65,1984-01-02,2012-12-12,28.944558521560573,27.405886379192335,5.325,False,-76.62258333394566,7.875749956208281,Caribe,12
12017080,Antioquia,861181.84,-8533423.31,49,1/01/1981,30/09/2011,10617,5.459,146.77,106.93,2.49,0.09,1479,391.98,45.02,41.53,3.3e-05,72.76,62.06,47.18,39.27,23.03,39.44,1.18,5.65,1.1,141.71,20.84,3.55,0.42,0.74,1.48,0.47,0.06,12.62,12,12,101,156,34.81,0.0,63.49,1.39,0.32,0.0,0.0,0.0,0.0,98.98,0.0,0.0,0.0,80.29,18.67,0.0,0.34,0.39,0.0,0.0,0.3,0.0,0.0,0,0.0,0.0,0.0,0.0,0.0,0.0,0.0,0.39,0.0,40.8,0.0,19.66,38.52,0.0,0.34,0.3,1981-01-01,2011-09-30,30.743326488706366,29.06776180698152,5.459,False,-76.65704585234796,7.764075847339201,Caribe,12
12027010,Antioquia,910473.72,-8518620.45,133,1/01/1981,6/01/2022,12704,15.199,311.39,164.45,2.63,0.09,1136,370.08,130.99,59.04,2.97e-05,67.94,84.74,61.12,48.07,30.7,18.61,1.52,5.0,1.1,133.0,18.72,1.24,0.2,0.55,1.33,0.4,0.01,4.27,16,8,100,197,58.23,0.01,41.72,0.04,0.0,0.0,0.0,0.0,0.0,100.0,0.0,0.0,0.0,94.09,5.91,0.0,0.0,0.0,0.0,0.0,0.0,0.0,0.0,0,0.0,0.0,0.0,0.0,0.0,0.0,0.0,0.0,2.1,21.52,0.0,33.52,42.87,0.0,0.0,0.0,1981-01-01,2022-01-06,41.01300479123888,34.78165639972622,15.199,True,-76.52406949848114,8.205476551972126,Caribe,12
12027050,Antioquia,933730.02,-8529947.41,52,1/01/1981,31/12/2022,15166,1.134,1031.21,278.77,2.45,0.08,1147,229.03,54.0,117.17,2.03e-05,71.03,166.33,107.06,74.49,55.57,46.77,1.68,6.43,1.21,148.12,20.69,1.16,0.21,0.74,1.05,0.42,0.07,4.51,18,12,82,124,43.29,0.01,56.62,0.07,0.0,0.0,0.0,0.0,0.0,98.98,0.0,0.0,0.0,93.12,6.58,0.0,0.04,0.0,0.0,0.0,0.26,0.0,0.0,0,0.0,0.0,0.0,0.0,0.0,0.0,0.0,0.0,14.02,34.09,0.0,28.38,23.21,0.0,0.04,0.27,1981-01-01,2022-12-31,41.9958932238193,41.52224503764545,1.134,True,-76.62582131138727,8.41356219778599,Caribe,12
12027060,Antioquia,901755.6,-8537333.0,29,1/01/1987,30/04/2011,8207,7.641,151.26,76.43,1.75,0.21,696,198.11,29.0,26.69,2.39e-05,69.02,50.03,39.45,34.14,17.51,17.47,1.17,8.12,1.32,149.6,21.8,2.03,0.36,0.64,1.51,0.4,0.13,7.36,17,7,118,125,55.1,0.0,44.86,0.04,0.0,0.0,0.0,0.0,0.0,98.22,0.0,0.0,0.0,97.95,0.0,0.0,0.01,0.0,0.0,0.0,0.88,0.0,0.0,0,0.0,0.0,0.0,0.0,1.17,0.0,0.0,1.17,1.22,18.52,0.0,33.02,45.15,0.0,0.01,0.91,1987-01-01,2011-04-30,24.32580424366872,22.469541409993155,7.641,False,-76.69216719517965,8.127442597712273,Caribe,12
12037010,Antioquia,961258.0,-8509911.24,32,1/07/1981,31/12/1994,4402,10.746,1047.43,282.27,2.46,0.09,703,130.56,35.02,108.14,1.69e-05,77.41,167.78,107.84,74.91,54.13,19.4,2.22,6.36,1.07,140.71,20.07,1.01,0.23,0.98,1.74,0.49,0.04,3.53,12,15,108,171,15.94,0.67,83.0,0.12,0.28,0.0,0.0,0.0,0.0,84.87,0.0,0.0,0.0,90.91,7.95,0.0,0.12,0.0,0.01,0.0,1.0,0.0,0.0,0,0.0,0.0,0.0,0.0,0.0,0.0,0.0,0.0,14.37,52.18,10.39,20.31,2.68,0.0,0.04,0.03,1981-07-01,1994-12-31,13.500342231348391,12.05201916495551,10.746,False,-76.4458333339251,8.659722194128303,Caribe,12
13017010,Cordoba,871769.56,-8492895.13,127,1/01/1981,31/07/1998,5782,9.952,3988.47,463.37,2.07,0.26,3731,763.71,127.08,124.14,2.38e-05,59.57,163.62,105.61,73.7,56.35,32.65,0.94,1.17,0.61,79.28,14.0,6.27,0.64,1.73,0.68,0.76,1.48,12.29,0,0,9,38,88.9,0.02,10.59,0.06,0.43,0.0,0.0,0.0,0.0,94.99,0.98,0.0,0.0,55.42,28.68,10.77,0.0,4.51,0.0,0.0,0.35,0.0,0.0,0,0.0,0.22,0.0,0.05,0.0,0.0,0.0,0.0,0.0,6.24,0.18,11.07,82.08,0.09,0.0,0.35,1981-01-01,1998-07-31,17.57700205338809,15.83025325119781,9.952,False,-76.2929750170325,7.8589276884194605,Caribe,13
13017020,Cordoba,869275.42,-8488689.57,187,1/01/1981,18/11/1998,6323,3.185,2637.88,449.85,2.47,0.21,3731,767.04,142.04,112.64,2.56e-05,58.55,147.71,97.0,68.96,51.63,50.35,0.94,0.94,0.56,87.11,14.83,7.45,0.76,1.74,0.72,0.76,1.7,14.64,0,0,11,33,91.16,0.02,8.42,0.07,0.33,0.0,0.0,0.0,0.0,92.91,1.0,0.0,0.0,61.32,21.54,10.45,0.0,6.12,0.0,0.0,0.15,0.0,0.0,0,0.0,0.34,0.0,0.08,0.0,0.0,0.0,0.0,0.0,8.99,0.27,10.64,79.81,0.14,0.0,0.15,1981-01-01,1998-11-18,17.87816563997262,17.311430527036276,3.185,False,-76.25519582876969,7.83658548977095,Caribe,13
13037010,Cordoba,886222.98,-8486810.23,157,1/01/1981,28/10/1995,5107,5.67,4644.13,507.6,2.1,0.21,3731,699.76,125.07,148.26,2.13e-05,60.02,195.7,122.56,82.78,65.85,27.04,0.93,1.13,0.6,75.07,11.93,6.11,0.61,1.77,0.62,0.76,1.4,11.67,0,0,11,39,84.2,0.01,14.35,0.05,1.39,0.0,0.0,0.0,0.0,94.93,0.84,0.0,0.0,53.62,28.51,9.22,0.0,6.98,0.0,0.0,1.31,0.0,0.0,0,0.0,0.31,0.0,0.04,0.0,0.0,0.0,0.0,0.0,6.07,0.15,11.92,80.47,0.07,0.0,1.31,1981-01-01,1995-10-28,14.819986310746064,13.982203969883642,5.67,False,-76.2383134303091,7.988375550931567,Caribe,13
13037040,Cordoba,905485.87,-8470918.5,60,1/01/1993,31/12/2022,9451,13.745,5254.08,542.74,2.11,0.15,3731,641.33,56.01,188.63,1.96e-05,60.83,243.48,146.96,95.4,80.37,34.39,0.99,1.23,0.67,79.17,13.67,5.87,0.59,1.93,0.8,0.75,1.84,10.95,0,0,3,47,78.96,0.02,19.37,0.05,1.61,0.0,0.0,0.0,0.0,93.12,0.75,0.0,0.0,54.03,28.8,8.17,0.01,6.52,0.0,0.0,1.55,0.57,0.0,0,0.0,0.3,0.0,0.04,0.0,0.0,0.0,0.0,0.93,7.68,0.13,13.27,76.36,0.07,0.01,1.55,1993-01-01,2022-12-31,29.9958932238193,25.87542778918549,13.745,True,-76.0955555908081,8.160833306151119,Caribe,13
13047030,Cordoba,908415.53,-8467473.78,55,1/01/1992,31/12/2010,5978,13.862,5419.14,558.6,2.14,0.14,3731,630.41,50.0,197.86,1.92e-05,61.22,254.41,152.42,98.16,83.63,23.12,1.02,0.79,0.47,78.0,14.63,6.33,0.67,1.93,0.68,0.75,1.38,12.23,0,0,16,47,77.61,0.02,20.68,0.11,1.59,0.0,0.0,0.0,0.0,92.08,0.72,0.0,0.0,53.71,29.56,7.92,0.05,6.32,0.0,0.0,1.55,0.55,0.0,0,0.0,0.29,0.0,0.04,0.0,0.0,0.0,0.0,0.94,8.69,0.13,12.98,75.59,0.07,0.05,1.55,1992-01-01,2010-12-31,18.99794661190965,16.366872005475702,13.862,False,-76.06461114455297,8.187055545235218,Caribe,13
13047040,Cordoba,900196.22,-8474523.08,64,1/01/1991,31/12/2010,6446,11.759,4950.91,517.14,2.07,0.16,3731,670.27,61.03,177.2,2.01e-05,60.41,229.51,139.91,91.81,76.23,28.12,0.99,0.9,0.45,81.4,15.05,5.84,0.61,1.71,0.93,0.7,1.42,11.36,0,0,4,27,82.36,0.02,15.92,0.05,1.65,0.0,0.0,0.0,0.0,93.84,0.79,0.0,0.0,52.93,29.48,8.67,0.0,6.79,0.0,0.0,1.59,0.19,0.0,0,0.0,0.29,0.0,0.04,0.0,0.0,0.0,0.0,0.61,6.5,0.14,12.47,78.6,0.07,0.0,1.59,1991-01-01,2010-12-31,19.99726214921287,17.648186173853524,11.759,False,-76.12793608387642,8.11348330831944,Caribe,13
13067020,Cordoba,971947.97,-8448128.79,39,1/01/1981,31/12/2022,15051,1.884,9462.65,912.21,2.64,0.08,3731,394.96,17.01,346.7,1.59e-05,67.98,421.7,231.99,136.28,132.82,51.12,1.37,1.57,0.81,95.81,16.24,3.38,0.46,1.96,0.82,0.77,0.81,6.54,0,0,9,34,47.42,0.1,50.98,0.18,1.32,0.0,0.0,0.0,0.01,74.43,0.41,0.0,0.0,62.85,19.63,4.53,0.14,4.9,1.16,0.0,1.72,0.7,0.0,0,0.0,0.2,0.0,0.02,4.15,0.0,0.0,0.0,4.97,19.26,1.84,22.01,50.02,0.04,0.14,1.72,1981-01-01,2022-12-31,41.9958932238193,41.20739219712526,1.884,True,-75.89083214267157,8.755270057643605,Caribe,13
15017020,Magdalena,1255256.04,-8231136.31,62,1/01/1981,31/12/2018,12598,9.23,145.78,85.79,2.0,0.16,2420,715.48,52.0,30.24,8.49e-05,63.59,33.81,28.48,26.47,15.13,28.74,2.26,15.0,2.22,209.73,46.05,2.7,0.96,0.97,0.95,0.6,0.35,9.23,13,32,44,108,77.9,2.76,19.21,0.11,0.02,0.0,0.0,28.15,71.85,0.0,0.0,0.0,0.0,83.76,12.67,0.0,0.0,0.0,0.0,0.0,0.09,0.0,0.0,0,0.0,0.0,0.0,0.0,3.48,0.0,0.0,0.0,0.0,5.86,0.0,63.26,25.33,5.45,0.0,0.09,1981-01-01,2018-12-31,37.9958932238193,34.49144421629021,9.23,False,-73.94155552944159,11.277638919565327,Caribe,15
15037010,La Guajira,1247071.11,-8177675.13,79,1/01/1981,31/12/2022,13598,11.356,528.5,176.63,2.17,0.15,4858,2281.91,78.0,59.62,0.000173,66.25,43.31,34.99,31.09,22.13,41.24,0.89,11.42,2.34,165.79,22.47,2.3,0.33,1.6,0.89,0.66,0.59,5.95,1,4,2,10,35.86,47.53,16.29,0.24,0.05,0.03,0.0,12.32,86.39,0.0,0.12,0.93,0.929,67.99,31.04,0.0,0.0,0.79,0.0,0.0,0.16,0.0,0.0,0,0.0,0.0,0.0,0.02,0.0,0.0,0.0,0.0,0.0,1.38,0.0,0.79,29.65,68.0,0.0,0.17,1981-01-01,2022-12-31,41.9958932238193,37.229295003422315,11.356,True,-73.46130557843095,11.205055518457371,Caribe,15
15037020,Magdalena,1250576.35,-8189529.72,1,1/01/1981,31/12/2022,14659,4.439,695.72,200.8,2.15,0.12,5703,2142.52,0.0,75.87,6.85e-05,63.04,74.56,54.95,44.24,31.71,42.96,0.78,10.02,1.83,145.62,20.31,3.11,0.36,1.74,0.67,0.72,0.92,8.06,1,3,3,23,54.64,31.79,11.84,0.13,0.48,1.13,0.0,4.31,95.43,0.0,0.0,0.26,0.258,54.12,44.98,0.0,0.0,0.37,0.0,0.0,0.53,0.0,0.0,0,0.0,0.0,0.0,0.0,0.0,0.0,0.0,0.0,0.0,0.74,0.0,13.35,33.65,51.72,0.0,0.53,1981-01-01,2022-12-31,41.9958932238193,40.134154688569474,4.439,True,-73.56779717227064,11.236142013659833,Caribe,15
15037030,La Guajira,1247879.18,-8171221.69,24,1/06/1990,31/12/2020,9281,16.926,134.78,77.58,1.88,0.22,2207,608.75,16.0,24.68,0.000104,55.17,26.76,23.45,22.74,12.48,39.42,1.17,12.78,2.37,176.3,23.59,5.69,1.0,1.58,1.23,0.62,0.83,17.86,3,5,32,97,77.44,0.08,22.46,0.02,0.0,0.0,0.0,34.82,54.41,0.0,0.0,10.77,10.768,41.37,24.25,0.0,0.0,34.38,0.0,0.0,0.0,0.0,0.0,0,0.0,0.0,0.0,0.0,0.0,0.0,0.0,0.0,0.0,34.23,3.35,13.81,29.97,18.64,0.0,0.0,1990-06-01,2020-12-31,30.584531143052704,25.409993155373034,16.926,False,-73.40333334055946,11.212222250993678,Caribe,15
15067150,La Guajira,1215672.48,-8104547.5,144,4/11/2008,30/11/2021,4388,8.105,627.2,245.94,2.77,0.07,4243,982.32,139.0,95.09,6.11e-05,67.63,92.72,65.87,50.97,38.47,19.66,2.42,9.36,2.29,160.29,28.43,0.68,0.17,1.18,1.14,0.64,0.02,2.6,11,13,71,168,53.92,13.56,30.49,1.16,0.88,0.0,0.0,2.04,59.18,5.65,7.92,11.84,11.843,23.03,56.48,0.0,0.45,12.14,0.0,0.0,0.28,0.0,0.0,0,0.0,0.0,0.0,2.33,5.29,0.0,0.0,0.0,8.64,1.25,0.0,18.86,50.77,17.43,2.78,0.28,2008-11-04,2021-11-30,13.070499657768652,12.013689253935661,8.105,False,-72.80438890122656,10.926444416956056,Caribe,15
16017020,Norte De Santander,852688.62,-8082404.2,727,1/01/1981,31/12/2022,15248,0.6,429.48,155.74,2.12,0.15,3657,2002.6,723.0,54.51,0.000143,63.92,43.56,35.16,31.21,21.45,26.35,2.3,16.76,2.31,215.81,21.5,1.55,0.43,1.93,0.74,0.75,0.4,4.69,2,10,9,71,47.86,7.49,42.98,1.67,0.0,0.0,0.0,19.83,9.61,65.69,0.0,4.87,4.869,43.42,28.8,16.77,0.79,0.0,0.0,0.0,0.0,0.0,0.0,0,0.0,0.0,0.0,0.21,10.0,0.0,0.0,0.0,0.0,0.0,2.3,9.13,52.49,35.57,0.51,0.0,1981-01-01,2022-12-31,41.9958932238193,41.74674880219028,0.6,True,-72.60547225291813,7.687972236211886,Caribe,16
16027010,Norte De Santander,862558.53,-8106348.38,914,1/01/1988,31/12/2022,11500,10.044,102.68,65.12,1.81,0.18,3931,2134.03,909.0,24.18,0.000212,61.6,20.0,18.41,18.82,10.73,16.74,1.61,15.47,2.15,188.24,22.06,6.01,1.06,2.74,0.54,0.74,1.68,13.46,0,2,11,67,84.46,3.64,11.89,0.01,0.0,0.0,0.0,15.52,67.65,16.01,0.0,0.83,0.827,95.25,4.75,0.0,0.0,0.0,0.0,0.0,0.0,0.0,0.0,0,0.0,0.0,0.0,0.0,0.0,0.0,0.0,0.0,0.0,0.0,0.0,0.0,33.03,66.97,0.0,0.0,1988-01-01,2022-12-31,34.997946611909654,31.485284052019164,10.044,True,-72.82056648151521,7.77641038506275,Caribe,16
16027020,Norte De Santander,911269.23,-8075965.81,72,1/01/1988,31/12/2001,4875,4.673,40.79,47.36,2.09,0.23,517,187.15,67.99,13.44,2.94e-05,67.5,27.23,23.79,23.0,9.99,36.96,1.84,13.36,1.71,193.07,26.0,6.66,1.06,1.31,0.68,0.56,2.22,21.74,9,4,0,2,58.55,0.0,41.4,0.05,0.0,0.0,0.0,0.0,0.0,99.44,0.0,0.0,0.0,55.24,35.27,0.0,0.0,0.0,0.0,0.0,0.0,0.0,0.0,0,0.0,1.67,0.0,0.0,7.83,0.0,0.0,0.0,0.0,1.88,13.15,43.38,0.0,41.59,0.0,0.0,1988-01-01,2001-12-31,13.998631074606434,13.347022587268993,4.673,False,-72.5476352114969,8.21259621446251,Caribe,16
16027100,Norte De Santander,877275.03,-8085848.7,252,1/01/1981,31/12/2022,14618,4.707,465.7,180.49,2.36,0.12,3924,1609.91,250.99,62.93,7.27e-05,64.58,63.07,47.82,39.69,27.19,20.76,2.0,15.51,2.24,184.88,18.66,3.17,0.71,2.39,0.67,0.72,1.0,7.79,0,2,3,31,54.52,3.6,41.67,0.19,0.02,0.0,0.0,23.16,22.39,54.45,0.0,0.0,0.0,70.58,7.08,0.78,0.06,0.0,0.0,0.0,0.08,0.0,0.0,0,0.0,0.0,0.0,4.86,16.54,0.0,0.0,0.0,0.0,0.0,1.21,28.2,26.21,44.22,0.06,0.09,1981-01-01,2022-12-31,41.9958932238193,40.02190280629706,4.707,True,-72.63641472287962,7.90824069253803,Caribe,16
16027120,Norte De Santander,869203.35,-8087261.18,279,1/01/1981,30/12/2013,10660,11.55,1475.71,273.36,2.01,0.14,4305,2202.3,283.0,102.88,7.55e-05,64.01,90.8,64.73,50.28,39.23,41.59,1.79,11.97,1.94,160.64,17.33,3.06,0.69,2.46,0.65,0.73,1.15,6.88,0,2,0,1,56.9,15.17,27.58,0.29,0.06,0.0,0.0,54.48,11.42,30.63,0.0,3.48,3.476,72.78,9.78,10.73,0.05,0.0,0.0,0.0,0.09,0.0,0.0,0,0.0,0.0,0.0,3.74,2.84,0.0,0.0,0.0,0.0,0.18,0.5,9.53,37.53,52.13,0.05,0.08,1981-01-01,2013-12-30,32.993839835728956,29.1854893908282,11.55,False,-72.64910324660475,7.835939877519145,Caribe,16
16027280,Norte De Santander,896338.6,-8080245.1,117,1/01/1993,1/11/2021,9414,10.615,2680.25,409.74,2.23,0.13,4305,1664.51,103.0,144.56,4.9e-05,66.89,139.38,92.43,66.41,55.16,22.3,2.31,11.9,1.97,155.69,17.03,2.13,0.51,1.45,1.11,0.59,0.2,6.53,3,10,54,78,49.06,9.58,39.6,1.65,0.12,0.0,0.0,37.75,11.05,45.95,0.0,1.91,1.914,61.39,8.97,6.04,0.44,1.23,0.0,0.0,0.15,0.0,0.0,0,0.0,0.0,3.69,8.98,9.11,0.0,0.0,0.0,2.16,0.1,2.91,14.94,31.09,48.21,0.45,0.15,1993-01-01,2021-11-01,28.83230663928816,25.7741273100616,10.615,False,-72.5860767276187,8.078948478686304,Caribe,16
16027300,Norte De Santander,835866.25,-8100846.13,1302,15/11/2004,31/12/2022,6505,1.752,397.53,129.32,1.83,0.14,4139,2805.02,1276.0,53.92,0.000137,66.24,43.92,35.4,31.37,21.45,50.95,2.31,16.84,2.05,208.47,20.21,1.81,0.57,2.93,0.52,0.79,0.74,3.96,0,3,0,0,38.31,28.66,32.55,0.47,0.01,0.0,0.0,77.19,0.14,22.67,0.0,0.0,0.0,68.65,15.1,16.2,0.02,0.0,0.0,0.0,0.04,0.0,0.0,0,0.0,0.0,0.0,0.0,0.0,0.0,0.0,0.0,0.0,0.0,0.2,8.59,42.43,48.72,0.02,0.04,2004-11-15,2022-12-31,18.12457221081451,17.809719370294317,1.752,True,-72.77113892879476,7.537194476588677,Caribe,16
16037010,Norte De Santander,945351.15,-8092710.53,48,1/01/1981,31/12/2022,14483,5.587,746.1,187.36,1.93,0.15,2287,614.64,43.05,71.26,2.06e-05,62.51,112.91,77.59,57.92,38.0,19.39,1.57,8.29,1.48,148.83,18.86,5.93,0.87,1.37,0.96,0.56,1.26,18.84,3,3,15,97,65.04,0.0,34.67,0.04,0.24,0.0,0.0,8.94,23.85,65.29,0.0,0.0,0.0,74.62,23.05,0.0,0.03,0.0,0.0,0.0,0.18,0.0,0.0,0,0.0,2.12,0.0,0.0,0.0,0.0,0.0,0.0,0.0,8.73,2.15,42.12,32.02,14.76,0.03,0.18,1981-01-01,2022-12-31,41.9958932238193,39.65229295003422,5.587,True,-72.69805559053992,8.517499970112967,Caribe,16
16037020,Norte De Santander,942058.69,-8085258.3,45,1/01/1981,23/12/2022,14472,5.609,1897.44,343.63,2.23,0.11,3607,1124.4,46.07,134.51,3.07e-05,67.86,157.9,102.53,72.01,57.08,15.08,2.07,10.14,1.67,145.5,17.36,3.12,0.61,1.4,0.89,0.59,0.66,10.57,5,11,15,64,46.48,4.08,49.07,0.13,0.23,0.0,0.0,32.86,6.97,53.63,0.0,0.0,0.0,65.23,18.28,1.94,0.06,0.0,0.0,0.0,0.31,0.0,0.0,0,0.0,5.14,0.0,0.26,8.79,0.0,0.0,0.0,0.0,13.99,1.83,29.17,22.47,32.13,0.1,0.3,1981-01-01,2022-12-23,41.973990417522245,39.62217659137577,5.609,True,-72.63111106944218,8.488055554124701,Caribe,16
16037030,Norte De Santander,899093.44,-8103471.41,259,1/01/1981,31/12/2022,14528,5.293,926.58,200.26,1.86,0.2,3607,1874.83,259.0,68.26,7.45e-05,65.41,66.54,50.0,41.09,28.8,25.22,2.29,12.69,1.98,167.19,19.26,2.27,0.54,1.8,0.8,0.72,0.59,6.19,1,6,8,86,48.75,6.54,44.51,0.21,0.0,0.0,0.0,59.11,14.25,26.64,0.0,0.0,0.0,78.52,13.27,3.96,0.12,0.0,0.0,0.0,0.0,0.0,0.0,0,0.0,0.0,0.0,0.53,3.6,0.0,0.0,0.0,0.0,0.0,0.77,10.85,39.59,48.59,0.19,0.0,1981-01-01,2022-12-31,41.9958932238193,39.775496235455165,5.293,True,-72.79472222028568,8.103611123451834,Caribe,16
16037040,Norte De Santander,954655.87,-8104634.9,71,1/01/1981,30/09/2017,10820,19.386,321.67,119.29,1.88,0.21,1640,505.24,72.03,39.17,2.48e-05,59.3,66.3,49.85,40.99,23.28,25.12,1.22,6.31,1.4,133.2,18.26,6.02,0.68,0.99,0.83,0.54,1.42,19.58,7,21,9,43,76.97,0.0,22.83,0.06,0.14,0.0,0.0,12.4,16.08,70.06,0.0,1.46,1.458,63.03,36.73,0.0,0.02,0.0,0.0,0.0,0.23,0.0,0.0,0,0.0,0.0,0.0,0.0,0.0,0.0,0.0,0.0,0.0,0.0,2.34,46.37,35.97,15.07,0.02,0.24,1981-01-01,2017-09-30,36.74469541409993,29.623545516769337,19.386,False,-72.80517402878489,8.600699492620091,Caribe,16
16037050,Norte De Santander,928613.71,-8080194.99,64,1/01/1984,31/07/2022,13627,3.3,425.45,143.84,1.97,0.13,2151,354.75,63.02,56.63,2.58e-05,69.06,86.73,62.32,48.8,30.57,20.5,1.92,12.87,1.82,167.51,19.77,3.28,0.54,0.86,1.18,0.43,0.43,12.63,20,12,74,103,48.76,3.47,47.72,0.01,0.03,0.0,0.0,0.0,0.0,92.71,0.0,0.0,0.0,44.39,26.27,0.0,0.0,0.0,0.0,0.0,0.0,0.0,0.0,0,0.0,8.96,0.0,0.0,20.38,0.0,0.0,0.0,0.0,20.8,3.28,58.04,0.0,17.88,0.0,0.0,1984-01-01,2022-07-31,38.57905544147844,37.308692676249144,3.3,True,-72.58562658182983,8.36779365181877,Caribe,16
16047010,Norte De Santander,892328.64,-8135535.33,1428,1/01/1981,31/12/2022,15300,0.261,373.69,133.71,1.95,0.2,3518,2201.77,1417.0,43.12,4.66e-05,62.16,55.98,43.3,36.73,22.21,56.86,1.95,9.81,1.52,172.02,19.45,2.03,0.49,1.84,0.63,0.74,0.75,4.99,1,3,1,18,44.84,34.83,19.35,0.98,0.0,0.0,0.0,39.63,44.68,15.69,0.0,0.0,0.0,25.95,21.63,37.6,0.0,0.0,0.0,0.0,0.09,0.0,0.0,0,0.0,0.0,14.72,0.0,0.0,0.0,0.0,0.0,0.0,0.34,0.63,3.13,54.31,41.5,0.0,0.08,1981-01-01,2022-12-31,41.9958932238193,41.889117043121146,0.261,True,-73.08275731433353,8.043046672219091,Caribe,16
16047030,Norte De Santander,913586.36,-8131888.8,1071,1/01/1981,23/10/1999,6631,3.479,735.7,211.77,2.2,0.11,3456,1995.52,1069.0,81.6,3.4e-05,58.37,103.23,72.02,54.65,38.27,73.7,2.25,7.9,1.53,158.47,18.47,1.26,0.34,2.03,0.57,0.73,0.51,2.96,0,1,0,2,39.76,42.86,14.27,3.1,0.01,0.0,0.0,59.13,32.37,8.15,0.36,0.0,0.0,26.58,31.6,33.78,0.01,0.0,0.0,0.0,0.55,0.0,0.01,0,0.0,0.0,7.46,0.0,0.0,0.0,0.0,0.0,0.0,0.19,0.47,2.08,64.14,32.58,0.0,0.55,1981-01-01,1999-10-23,18.806297056810404,18.154688569472963,3.479,False,-73.04999997800354,8.233333347654906,Caribe,16
16057020,Norte De Santander,892486.85,-8147656.55,1405,1/01/1981,8/12/2006,9225,2.618,107.69,79.07,2.15,0.12,3554,1878.51,1395.99,30.41,7.79e-05,66.95,35.09,29.37,27.12,15.44,34.35,2.06,8.81,1.46,169.31,21.85,1.98,0.47,1.63,0.77,0.7,0.55,4.99,1,3,3,25,40.69,44.04,12.83,2.44,0.0,0.0,0.0,21.94,75.13,0.0,0.0,0.0,0.0,12.53,30.53,13.66,0.0,0.0,0.0,0.0,0.0,0.0,0.0,0,0.0,0.0,35.33,0.0,7.94,0.0,0.0,0.0,4.26,0.0,1.11,0.0,50.9,43.73,0.0,0.0,1981-01-01,2006-12-08,25.932922655715263,25.256673511293634,2.618,False,-73.19164408621529,8.044463212510292,Caribe,16
16057030,Norte De Santander,909616.62,-8161750.26,1236,1/01/1981,18/04/2022,13275,11.987,543.29,169.42,2.05,0.14,3554,1712.58,1249.02,61.59,3.63e-05,67.9,81.04,58.9,46.7,30.52,25.01,2.31,6.51,1.29,145.85,19.85,1.14,0.3,1.42,0.93,0.66,0.24,3.12,1,5,15,53,29.78,33.61,29.92,6.69,0.0,0.0,0.0,34.42,43.37,15.12,0.0,0.0,0.0,30.18,32.05,4.47,0.29,0.0,0.0,0.0,0.0,0.0,0.0,0,0.0,0.0,24.12,0.0,8.89,0.0,0.0,0.0,10.47,0.0,2.47,0.0,41.12,45.33,0.29,0.32,1981-01-01,2022-04-18,41.29226557152635,36.34496919917864,11.987,True,-73.31825003724478,8.197805526106862,Caribe,16
16057040,Norte De Santander,947766.81,-8153406.49,358,1/01/1981,31/12/2017,13013,3.707,1419.75,289.76,2.17,0.1,3554,1477.75,355.0,118.13,3.06e-05,66.6,142.88,94.36,67.49,51.71,35.18,2.46,5.95,1.19,151.22,20.92,0.97,0.26,1.17,0.95,0.63,0.19,2.93,3,10,19,44,38.96,17.04,39.74,4.26,0.0,0.0,0.0,25.5,46.25,20.73,0.0,4.8,4.8,46.74,19.31,10.99,0.69,0.0,0.0,0.0,0.0,0.0,0.0,0,0.0,0.0,10.78,0.0,11.48,0.0,0.0,0.0,4.56,0.0,1.19,1.79,69.62,22.02,0.69,0.12,1981-01-01,2017-12-31,36.99657768651608,35.62765229295003,3.707,False,-73.243296676063,8.539101718424307,Caribe,16
16057050,Norte De Santander,893135.76,-8150710.57,1399,1/01/1981,20/09/2001,6556,13.372,104.05,69.01,1.91,0.18,3386,1936.9,1401.0,24.41,0.0002,64.23,20.61,18.87,19.19,10.93,19.04,2.09,8.05,1.37,165.47,20.63,0.2,0.05,0.62,0.75,0.47,0.02,0.74,19,31,48,62,36.71,16.99,41.86,4.45,0.0,0.0,0.0,37.52,54.03,0.0,0.0,0.0,0.0,48.92,30.55,1.66,0.0,0.0,0.0,0.0,0.0,0.0,0.0,0,0.0,0.0,15.22,0.0,3.65,0.0,0.0,0.0,11.01,0.0,1.17,0.0,34.14,53.69,0.0,0.0,1981-01-01,2001-09-20,20.71731690622861,17.949349760438057,13.372,False,-73.21907881465536,8.050273204663181,Caribe,16
16067010,Norte De Santander,999745.65,-8115190.88,40,1/01/1981,31/12/2017,11798,12.698,5300.3,615.73,2.39,0.09,3543,1181.72,32.05,239.8,2.03e-05,62.76,288.9,169.41,106.61,95.8,14.76,1.73,4.06,1.17,120.94,17.77,4.16,0.73,1.62,0.93,0.66,1.11,10.47,0,0,5,20,54.23,11.64,32.2,1.7,0.23,0.0,0.0,29.27,33.7,27.02,3.95,3.23,3.234,60.12,23.42,8.68,0.2,0.0,0.0,0.0,0.38,0.0,0.19,0,0.0,0.0,3.93,0.0,3.08,0.0,0.0,0.0,1.4,4.45,1.01,12.52,63.1,16.89,0.2,0.43,1981-01-01,2017-12-31,36.99657768651608,32.30116358658453,12.698,False,-72.90000001051348,9.003611093780354,Caribe,16
16067020,Norte De Santander,962785.55,-8120668.83,118,1/01/1981,31/12/2000,7027,3.806,4218.16,496.26,2.16,0.14,3543,1351.95,111.04,175.72,2.4e-05,62.85,213.15,131.58,87.5,73.26,31.62,1.9,5.85,1.55,134.95,16.45,2.42,0.5,1.59,0.84,0.7,0.74,5.82,1,4,0,5,48.12,14.63,35.04,2.11,0.1,0.0,0.0,32.8,39.53,19.73,2.97,4.06,4.058,59.74,19.75,10.91,0.25,0.0,0.0,0.0,0.31,0.0,0.24,0,0.0,0.0,4.93,0.0,3.86,0.0,0.0,0.0,1.76,0.46,0.94,6.03,70.74,19.47,0.25,0.35,1981-01-01,2000-12-31,19.99726214921287,19.238877481177276,3.806,False,-72.94920927261991,8.673377078364776,Caribe,16
21017020,Huila,206841.84,-8486064.13,1324,1/01/1981,31/12/2022,15273,0.437,1127.46,263.31,2.21,0.19,4662,2728.43,1294.0,76.63,4.36e-05,62.78,89.38,63.9,49.77,34.81,37.03,1.68,17.17,1.69,210.55,17.0,1.13,0.25,2.83,0.51,0.73,0.49,2.35,0,2,0,0,80.49,4.33,14.97,0.06,0.14,0.0,0.01,27.56,0.04,6.43,33.37,32.25,32.252,27.39,25.24,47.3,0.0,0.0,0.0,0.0,0.07,0.0,0.0,0,0.0,0.0,0.0,0.0,0.0,0.0,0.0,0.0,0.0,8.64,0.0,46.47,35.46,9.28,0.0,0.16,1981-01-01,2022-12-31,41.9958932238193,41.81519507186858,0.437,True,-76.2316110999743,1.8702777902832142,Magdalena-Cauca,21
21017040,Huila,219878.66,-8461620.23,1014,1/01/1981,31/12/2022,15251,0.58,2995.37,410.59,2.12,0.22,4662,2279.34,1013.0,117.67,3.57e-05,67.89,134.38,89.67,64.85,50.1,24.05,1.85,14.36,1.62,189.31,14.31,3.98,0.87,2.52,0.61,0.68,1.43,9.36,0,1,0,3,60.74,1.79,36.89,0.43,0.15,0.0,0.0,13.67,12.1,8.29,18.36,43.12,43.119,33.77,16.21,44.01,0.31,4.27,0.0,0.0,0.22,0.0,0.0,0,0.0,0.0,0.0,0.0,1.21,0.0,0.0,0.0,3.79,8.97,0.0,44.66,36.24,5.87,0.33,0.15,1981-01-01,2022-12-31,41.9958932238193,41.75496235455168,0.58,True,-76.0120278102394,1.9881110688763861,Magdalena-Cauca,21
21017050,Huila,204469.37,-8466119.39,1276,1/01/1981,31/12/2021,14858,0.781,268.6,136.33,2.35,0.12,2908,1835.75,1283.04,48.19,6.15e-05,71.14,54.78,42.54,36.22,22.92,25.69,1.84,16.15,1.73,213.39,18.15,2.6,0.5,2.87,0.34,0.76,1.19,5.54,0,1,0,2,43.02,0.0,56.35,0.63,0.0,0.0,0.0,0.0,16.13,11.52,0.0,67.85,67.851,66.0,20.74,8.69,0.29,4.28,0.0,0.0,0.0,0.0,0.0,0,0.0,0.0,0.0,0.0,0.0,0.0,0.0,0.0,2.93,6.26,0.0,67.13,21.12,2.21,0.35,0.0,1981-01-01,2021-12-31,40.99657768651608,40.67898699520876,0.781,False,-76.0524444521764,1.84883334634293,Magdalena-Cauca,21
21017060,Huila,210683.34,-8504932.78,1686,1/09/1991,31/10/2022,11031,3.101,559.37,150.33,1.79,0.26,4436,3008.06,1683.0,46.59,7.1e-05,57.35,50.5,39.75,34.35,21.74,16.66,1.66,18.19,1.75,211.94,16.69,7.56,1.74,2.01,0.61,0.62,2.27,20.86,2,9,2,10,88.33,7.36,4.09,0.07,0.15,0.0,0.02,28.64,0.0,2.16,49.46,19.7,19.698,43.74,29.27,26.85,0.0,0.0,0.0,0.0,0.14,0.0,0.0,0,0.0,0.0,0.0,0.0,0.0,0.0,0.0,0.0,0.0,4.9,0.0,50.95,35.62,8.37,0.0,0.16,1991-09-01,2022-10-31,31.16495550992471,30.20123203285421,3.101,True,-76.4011110668313,1.9050000384505925,Magdalena-Cauca,21
21027010,Huila,227076.67,-8443793.65,852,1/01/1981,31/12/2022,15212,0.834,3563.92,471.05,2.23,0.17,4662,2183.89,847.0,146.51,3.29e-05,68.58,164.16,105.9,73.86,60.1,8.98,1.94,14.24,1.64,188.1,14.29,3.84,0.87,2.41,0.58,0.67,1.36,9.24,0,1,0,4,56.67,1.57,41.18,0.4,0.18,0.0,0.0,11.49,11.54,14.62,15.44,43.13,43.131,38.12,14.96,41.21,0.31,4.05,0.0,0.0,0.25,0.0,0.0,0,0.0,0.0,0.0,0.0,1.1,0.0,0.0,0.0,3.18,9.29,0.0,46.65,34.87,5.5,0.32,0.19,1981-01-01,2022-12-31,41.9958932238193,41.648186173853524,0.834,True,-75.8518889174636,2.053166651614233,Magdalena-Cauca,21
21037010,Huila,223955.18,-8435527.5,923,1/01/1981,31/12/2022,14550,5.15,996.44,247.34,2.21,0.13,2914,1633.76,918.0,88.31,3.42e-05,70.17,109.53,75.66,56.79,40.61,41.05,1.83,14.88,1.75,192.9,15.93,3.72,0.7,2.93,0.53,0.76,1.56,8.06,0,1,0,0,45.31,0.31,53.91,0.2,0.27,0.0,0.0,23.0,16.92,8.39,4.36,42.68,42.683,60.62,2.95,28.81,0.11,5.9,0.0,0.0,0.3,0.0,0.0,0,0.0,0.01,0.0,0.0,1.29,0.0,0.0,0.0,0.0,5.07,0.0,47.15,44.44,2.95,0.11,0.29,1981-01-01,2022-12-31,41.9958932238193,39.83572895277207,5.15,True,-75.77763282860536,2.024954963255198,Magdalena-Cauca,21
21047010,Huila,246905.03,-8421158.68,711,1/01/1981,31/12/2014,12379,0.314,5654.43,580.05,2.18,0.15,4662,1924.51,716.03,193.22,2.72e-05,69.79,218.53,134.33,88.93,76.89,34.85,1.99,12.35,1.38,172.85,13.15,3.33,0.73,2.66,0.5,0.72,1.33,7.17,0,1,0,0,48.64,1.44,49.19,0.38,0.35,0.0,0.0,19.9,11.32,15.03,10.5,39.07,39.069,42.0,13.76,33.73,0.27,4.49,0.0,0.0,0.34,0.01,0.0,0,0.0,1.15,0.0,0.03,4.23,0.0,0.0,0.0,2.48,8.66,0.0,42.76,40.56,4.97,0.28,0.29,1981-01-01,2014-12-31,33.9958932238193,33.89185489390828,0.314,False,-75.64855552239773,2.232361148161752,Magdalena-Cauca,21
21057040,Cauca,282877.43,-8467540.53,1556,1/01/1981,23/02/1994,4802,0.0,425.08,165.32,2.26,0.18,3872,3020.64,1540.0,48.41,8.71e-05,64.96,48.09,38.17,33.27,21.53,25.21,1.52,13.07,1.29,195.43,17.07,4.18,0.92,1.89,0.81,0.62,1.06,11.48,1,2,5,28,77.32,10.0,12.56,0.08,0.03,0.0,0.0,22.6,0.0,0.0,76.59,0.82,0.816,44.39,0.0,49.42,0.01,0.42,0.0,0.0,0.28,0.0,0.0,0,4.74,0.49,0.0,0.0,0.26,0.0,0.0,0.0,0.49,6.46,0.0,9.58,50.1,33.08,0.01,0.28,1981-01-01,1994-02-23,13.144421629021219,13.14715947980835,0.0,False,-76.06521077000512,2.557396163812097,Magdalena-Cauca,21
21057050,Huila,257869.91,-8453843.32,1156,1/01/1981,31/12/2022,14770,3.716,1226.15,248.49,2.0,0.18,4672,2421.47,1150.0,83.65,9.48e-05,67.08,70.92,52.71,42.82,32.1,25.89,1.79,16.61,1.56,205.12,16.44,3.15,0.7,3.04,0.57,0.71,1.26,6.7,0,0,0,0,59.09,4.11,36.67,0.08,0.05,0.0,0.0,16.0,19.57,1.52,13.21,49.48,49.484,41.75,12.19,37.7,0.04,6.75,0.0,0.0,0.42,0.0,0.0,0,0.71,0.0,0.0,0.0,0.43,0.0,0.0,0.0,3.86,7.3,0.0,29.42,29.16,29.8,0.04,0.42,1981-01-01,2022-12-31,41.9958932238193,40.43805612594114,3.716,True,-75.94216663907719,2.3314444777767234,Magdalena-Cauca,21
21057060,Huila,272097.45,-8433564.62,840,1/01/1981,31/12/2022,14376,6.284,4851.9,526.76,2.13,0.3,5413,2532.69,811.0,127.84,4.84e-05,66.45,127.34,85.75,62.63,50.35,53.65,1.8,14.08,1.4,184.53,15.88,2.99,0.67,2.84,0.54,0.72,1.21,6.38,0,0,0,1,61.46,7.35,30.68,0.19,0.32,0.0,1.08,20.48,31.82,12.41,16.31,15.67,15.673,33.86,7.61,51.96,0.05,3.1,0.0,0.0,0.37,0.3,0.0,0,0.64,0.19,0.0,0.0,1.92,0.0,0.0,0.0,1.61,6.13,0.0,18.63,56.14,17.04,0.06,0.38,1981-01-01,2022-12-31,41.9958932238193,39.35934291581109,6.284,True,-75.75999997755642,2.460000012567889,Magdalena-Cauca,21
21057070,Cauca,284535.47,-8457197.27,1261,1/01/1981,30/04/1994,4794,1.52,1468.98,270.69,1.99,0.27,5413,2968.91,1262.0,74.11,8.37e-05,65.43,67.79,50.77,41.59,29.98,26.88,1.68,11.86,1.36,183.64,17.21,3.2,0.75,2.12,0.59,0.69,1.15,7.4,1,2,2,7,66.36,13.35,19.35,0.24,0.7,0.01,3.57,35.33,29.99,11.31,16.88,0.59,0.593,6.73,11.61,77.17,0.02,2.16,0.0,0.0,0.4,0.0,0.0,0,0.15,0.37,0.0,0.0,1.38,0.0,0.0,0.0,1.66,8.08,0.0,2.14,71.5,16.18,0.02,0.41,1981-01-01,1994-04-30,13.325119780971937,13.125256673511293,1.52,False,-75.9722956845489,2.5723757485705043,Magdalena-Cauca,21
21057080,Huila,256284.67,-8456949.22,1299,1/01/1981,31/10/2022,14796,3.161,154.11,85.9,1.95,0.15,3149,2329.46,1301.0,31.61,6.75e-05,67.02,38.21,31.53,28.66,16.34,45.43,1.78,20.42,1.66,239.81,21.95,20.86,4.61,3.08,0.59,0.69,7.7,46.54,0,2,0,3,65.43,0.0,34.55,0.01,0.01,0.0,0.0,24.69,17.2,0.18,0.0,57.93,57.93,64.65,5.23,27.37,0.0,2.75,0.0,0.0,0.0,0.0,0.0,0,0.0,0.0,0.0,0.0,0.0,0.0,0.0,0.0,0.0,4.61,0.0,62.3,30.93,2.15,0.0,0.0,1981-01-01,2022-10-31,41.828884325804246,40.50924024640657,3.161,True,-75.97006741348666,2.317120003453711,Magdalena-Cauca,21
21057110,Cauca,248860.02,-8474585.85,1761,1/01/1994,31/12/2022,10231,3.408,290.95,136.19,2.25,0.13,4672,3018.06,1759.0,46.97,0.000197,61.53,34.34,28.85,26.74,18.02,32.2,1.52,20.07,1.69,222.69,19.38,6.02,1.29,2.77,0.77,0.75,1.85,13.86,0,0,3,20,67.78,14.25,17.89,0.04,0.04,0.0,0.0,33.55,8.63,1.24,40.75,15.84,15.839,37.8,28.13,31.44,0.01,0.0,0.0,0.0,0.16,0.0,0.0,0,2.46,0.0,0.0,0.0,0.0,0.0,0.0,0.0,3.23,0.11,0.0,1.99,42.87,51.63,0.01,0.16,1994-01-01,2022-12-31,28.996577686516083,28.01095140314853,3.408,True,-76.12849995638025,2.2500277756351856,Magdalena-Cauca,21
21057120,Cauca,260100.76,-8494983.94,3291,9/12/2000,31/12/2022,7063,12.348,50.61,59.44,2.36,0.25,4672,3691.52,3281.0,14.37,0.000707,68.61,8.43,8.98,10.74,5.75,54.23,1.33,22.05,1.81,245.1,24.86,4.28,0.9,2.95,0.68,0.69,1.43,10.44,0,0,0,2,36.34,56.75,6.79,0.05,0.06,0.01,0.0,0.0,0.0,0.0,100.0,0.0,0.0,4.19,32.76,48.89,0.0,0.0,0.0,0.0,0.0,0.0,0.0,0,14.16,0.0,0.0,0.0,0.0,0.0,0.0,0.0,0.0,0.0,0.0,0.0,48.88,51.11,0.0,0.0,2000-12-09,2022-12-31,22.05886379192334,19.33744010951403,12.348,True,-76.31173911651871,2.3516025336395376,Magdalena-Cauca,21
21087070,Huila,290903.47,-8410957.44,618,1/01/1981,31/12/2022,14301,6.773,493.09,164.22,2.09,0.25,3258,1474.59,614.0,44.45,4.79e-05,69.62,56.69,43.76,37.03,22.6,36.27,2.03,19.23,1.83,218.15,22.08,1.73,0.36,1.26,1.26,0.49,0.14,6.47,13,14,77,103,38.61,7.65,53.54,0.12,0.09,0.0,0.0,0.0,44.48,49.65,0.0,5.87,5.868,42.43,21.21,21.25,0.07,2.36,0.0,0.26,0.61,2.18,0.0,0,0.0,1.93,0.0,7.69,0.0,0.0,0.0,0.0,0.0,16.13,0.0,19.58,51.52,12.09,0.08,0.6,1981-01-01,2022-12-31,41.9958932238193,39.15400410677618,6.773,True,-75.55691622430803,2.629905864017176,Magdalena-Cauca,21
21087080,Huila,292485.22,-8408988.37,599,1/07/1983,31/12/2022,13859,3.95,671.95,172.05,1.87,0.28,3449,1421.59,598.0,48.95,4.52e-05,70.09,62.41,47.41,39.42,24.59,52.67,2.11,18.7,1.95,211.38,20.95,2.28,0.48,1.22,1.23,0.52,0.27,9.05,17,65,69,117,37.53,6.82,55.42,0.14,0.08,0.0,0.0,0.0,44.29,48.52,0.0,7.17,7.17,43.68,22.23,18.29,0.08,1.83,0.0,1.51,0.63,1.6,0.0,0,0.0,3.05,0.0,7.11,0.0,0.0,0.0,0.0,0.0,16.35,0.0,16.62,53.36,12.98,0.09,0.6,1983-07-01,2022-12-31,39.501711156741955,37.94387405886379,3.95,True,-75.539227767543,2.644195377216448,Magdalena-Cauca,21
21097070,Huila,325522.14,-8383306.96,448,1/01/1981,15/02/2022,14571,2.996,15153.91,1037.25,2.38,0.15,5413,1927.7,447.0,321.87,2.13e-05,69.0,355.57,201.32,121.99,118.7,23.79,2.07,10.12,1.26,154.31,13.33,2.81,0.64,2.75,0.78,0.7,1.01,5.56,0,0,0,0,47.91,4.69,45.78,0.42,1.2,0.0,0.35,19.12,21.52,17.49,9.18,23.74,23.739,38.0,14.81,32.31,0.3,3.5,0.0,0.07,0.84,0.49,0.0,0,0.2,2.68,0.03,2.97,3.79,0.0,0.0,0.08,1.5,10.03,0.0,27.94,49.31,9.98,0.35,0.81,1981-01-01,2022-02-15,41.12251882272416,39.893223819301845,2.996,True,-75.3085277363356,2.9426110907845535,Magdalena-Cauca,21
21097120,Huila,301808.31,-8393087.62,499,1/01/1994,9/02/2021,9677,2.272,884.86,242.66,2.3,0.15,3449,1257.24,495.02,77.38,2.95e-05,71.37,104.72,72.88,55.16,37.77,35.23,2.22,19.5,1.86,214.75,21.14,38.93,8.3,3.51,0.96,0.66,11.63,77.04,0,0,0,0,31.55,8.32,57.39,0.19,2.55,0.0,0.0,0.0,34.33,56.03,0.0,5.6,5.597,43.21,23.52,13.74,0.12,1.73,0.0,1.15,2.93,1.21,0.0,0,0.0,3.54,0.0,8.84,0.0,0.0,0.0,0.0,0.0,13.51,0.0,13.22,60.39,9.83,0.14,2.91,1994-01-01,2021-02-09,27.107460643394933,26.494182067077343,2.272,False,-75.39638890000337,2.7284166577848246,Magdalena-Cauca,21
21107020,Huila,283872.8,-8390626.22,802,1/01/1981,31/12/2022,13394,12.686,617.47,190.14,2.16,0.29,3443,2020.24,704.0,45.96,0.000154,66.82,37.1,30.76,28.12,18.57,26.54,2.06,17.05,1.77,206.87,16.62,2.09,0.48,3.21,0.47,0.79,0.88,4.18,0,2,0,0,53.66,2.69,43.37,0.25,0.03,0.0,0.0,72.9,23.37,0.0,0.0,0.0,0.0,35.41,13.77,17.52,0.14,0.0,0.0,0.0,0.0,0.0,0.0,0,0.0,0.0,0.0,8.43,24.73,0.0,0.0,0.0,0.0,0.36,0.0,23.79,72.79,2.9,0.15,0.0,1981-01-01,2022-12-31,41.9958932238193,36.67077344284736,12.686,True,-75.37427776760006,2.566388868843123,Magdalena-Cauca,21
21127020,Huila,326810.83,-8406965.45,905,1/01/1981,31/10/2021,13423,9.997,300.17,116.7,1.9,0.17,3504,2286.89,893.0,41.77,0.000152,67.06,34.6,29.03,26.87,17.3,49.67,1.75,19.31,1.77,219.03,22.18,2.37,0.46,2.87,0.45,0.79,1.19,4.85,0,2,0,0,60.98,0.57,38.33,0.12,0.0,0.0,0.0,4.11,70.48,11.53,0.0,13.89,13.889,42.46,8.46,49.0,0.09,0.0,0.0,0.0,0.0,0.0,0.0,0,0.0,0.0,0.0,0.0,0.0,0.0,0.0,0.0,0.0,0.0,0.0,29.39,62.59,7.94,0.09,0.0,1981-01-01,2021-10-31,40.82956878850103,36.7501711156742,9.997,False,-75.5210555679975,2.9542499757909035,Magdalena-Cauca,21
21137010,Tolima,425983.64,-8341812.62,311,1/01/1981,31/12/2022,15242,0.639,25551.84,1478.16,2.61,0.11,5413,1649.53,299.99,484.93,1.88e-05,69.38,511.73,272.47,154.53,166.0,29.44,2.17,9.12,1.21,148.48,12.93,2.67,0.6,2.76,0.6,0.74,1.04,5.1,0,0,0,4,41.65,9.22,47.28,0.82,1.03,0.0,0.25,12.61,15.55,37.23,5.44,21.65,21.653,41.36,17.74,23.31,0.23,2.51,0.53,0.04,0.94,0.29,0.0,0,0.12,3.35,0.02,2.71,6.83,0.0,0.0,0.35,1.81,8.92,0.0,25.47,49.21,12.97,0.25,1.02,1981-01-01,2022-12-31,41.9958932238193,41.73032169746749,0.639,True,-74.9357777380711,3.849527768139509,Magdalena-Cauca,21
21137020,Tolima,427340.36,-8344005.91,325,1/01/1981,31/12/2022,13754,10.339,258.0,147.24,2.59,0.06,1276,375.86,317.0,65.23,2.12e-05,76.35,104.29,72.63,55.01,35.33,22.19,2.74,16.02,1.78,197.02,20.1,3.12,0.68,2.2,0.67,0.65,1.01,8.91,0,0,5,26,4.05,1.15,93.71,0.13,0.97,0.0,0.0,0.0,0.0,69.72,0.0,7.72,7.718,63.62,1.61,0.0,0.13,34.49,0.0,0.0,0.15,0.0,0.0,0,0.0,0.0,0.0,0.0,0.0,0.0,0.0,0.0,36.25,27.69,0.0,3.81,32.26,0.0,0.0,0.0,1981-01-01,2022-12-31,41.9958932238193,37.65639972621492,10.339,True,-74.95548039736616,3.8617693881051722,Magdalena-Cauca,21
21137030,Huila,361047.81,-8376899.91,390,1/01/1981,31/12/2022,14454,5.776,661.17,198.26,2.17,0.09,3039,1385.41,389.0,86.82,4.16e-05,69.61,100.16,70.24,53.59,38.61,22.74,1.82,19.22,1.85,207.56,20.63,2.14,0.36,1.57,1.04,0.6,0.27,6.6,4,6,40,131,31.59,17.38,50.66,0.11,0.26,0.0,0.0,0.15,0.98,31.98,0.0,66.67,66.665,5.28,12.77,36.86,0.0,0.0,0.0,0.0,0.11,0.0,0.0,0,0.0,0.0,0.0,10.68,34.29,0.0,0.0,0.0,1.39,0.34,0.0,37.6,52.85,7.82,0.01,0.0,1981-01-01,2022-12-31,41.9958932238193,39.572895277207394,5.776,True,-75.25097222692443,3.2634166288483577,Magdalena-Cauca,21
21137050,Tolima,380607.3,-8362320.15,405,1/01/1981,19/11/2021,14417,3.455,22325.66,1409.39,2.66,0.13,5413,1753.63,360.0,410.51,1.96e-05,69.31,442.66,241.53,140.64,145.06,81.78,2.17,9.49,1.24,148.27,13.15,2.38,0.54,2.77,0.59,0.73,0.91,4.59,0,0,0,4,43.45,8.52,46.2,0.91,0.93,0.0,0.24,14.44,17.47,31.87,6.22,22.27,22.273,36.91,17.52,26.51,0.25,2.58,0.16,0.05,0.76,0.33,0.0,0,0.14,3.83,0.02,3.1,7.82,0.0,0.0,0.06,1.36,8.08,0.0,24.65,52.92,11.93,0.28,0.73,1981-01-01,2021-11-19,40.88158795345654,39.4715947980835,3.455,False,-75.1200000144565,3.439999996644417,Magdalena-Cauca,21
21147010,Huila,372797.2,-8362216.53,396,1/01/1981,31/08/2022,14607,4.015,2741.98,466.95,2.52,0.14,4041,1878.03,394.0,142.73,5.04e-05,67.8,136.51,90.85,65.52,54.33,41.84,2.29,14.55,1.69,185.38,14.88,2.48,0.62,2.35,0.71,0.68,0.55,5.5,0,1,14,33,47.7,22.12,29.03,1.03,0.13,0.0,0.0,6.82,0.98,85.64,0.0,5.09,5.087,46.24,17.34,14.27,0.05,0.23,1.33,0.0,0.62,0.0,0.0,0,0.0,3.05,0.0,0.0,16.87,0.0,0.0,0.0,0.87,1.15,0.01,20.73,50.46,26.2,0.04,0.54,1981-01-01,2022-08-31,41.661875427789184,39.9917864476386,4.015,True,-75.11906918015909,3.3694941775061142,Magdalena-Cauca,21
21147030,Huila,368148.75,-8334147.04,666,1/01/1981,31/08/2021,14622,1.555,1671.36,315.83,2.18,0.17,4041,2129.45,666.0,98.63,7.52e-05,67.97,88.01,63.08,49.27,38.02,22.23,2.0,15.63,1.63,197.49,16.85,2.77,0.65,2.12,0.86,0.64,0.47,6.92,0,2,25,52,54.07,22.24,22.57,1.07,0.06,0.0,0.0,0.0,0.0,100.0,0.0,0.0,0.0,54.21,13.51,18.2,0.06,0.0,0.0,0.0,0.72,0.0,0.0,0,0.0,0.59,0.0,0.0,12.7,0.0,0.0,0.0,0.96,0.07,0.01,20.54,49.89,27.83,0.06,0.64,1981-01-01,2021-08-31,40.662559890485966,40.03285420944559,1.555,False,-74.86691666131469,3.327527746586325,Magdalena-Cauca,21
21167020,Tolima,415424.26,-8337860.68,325,1/01/1981,31/10/2002,7551,5.305,1629.18,262.52,1.83,0.21,3073,1163.44,321.0,87.17,2.07e-05,70.36,131.54,88.09,63.96,44.23,46.77,1.83,13.91,1.57,188.05,16.48,2.74,0.55,1.98,0.68,0.73,0.16,5.11,1,3,48,149,41.17,11.52,44.87,0.19,2.26,0.0,0.0,0.0,0.0,100.0,0.0,0.0,0.0,71.29,23.33,2.27,0.08,0.0,0.55,0.0,2.47,0.0,0.0,0,0.0,0.0,0.0,0.0,0.0,0.0,0.0,0.0,0.0,7.08,0.0,49.52,19.63,19.68,0.05,4.04,1981-01-01,2002-10-31,21.828884325804243,20.673511293634498,5.305,False,-74.90027685703186,3.7542449331470267,Magdalena-Cauca,21
21167050,Tolima,449241.94,-8314261.05,469,1/01/1981,31/12/2022,14998,2.229,145.9,78.09,1.82,0.26,2331,998.03,467.08,23.7,6.43e-05,71.59,31.19,26.63,25.12,13.25,56.33,1.95,17.74,1.71,226.88,19.95,2.49,0.53,1.19,1.04,0.51,0.34,8.3,11,4,45,75,33.7,6.32,59.82,0.17,0.0,0.0,0.0,0.0,0.0,100.0,0.0,0.0,0.0,81.8,18.15,0.0,0.05,0.0,0.0,0.0,0.0,0.0,0.0,0,0.0,0.0,0.0,0.0,0.0,0.0,0.0,0.0,0.0,1.82,0.0,71.19,10.02,16.85,0.13,0.0,1981-01-01,2022-12-31,41.9958932238193,41.06228610540725,2.229,True,-74.6882777737462,4.059361153150198,Magdalena-Cauca,21
21167080,Tolima,412205.08,-8329641.69,415,1/10/1991,28/02/2021,10483,2.429,446.82,171.01,2.28,0.17,3073,1559.55,408.0,50.98,9.44e-05,68.26,48.51,38.45,33.46,22.05,64.85,1.84,16.58,1.68,197.19,17.9,3.44,0.7,1.33,1.01,0.54,0.71,11.7,9,10,16,42,50.4,13.02,36.32,0.24,0.01,0.0,0.0,0.0,0.0,100.0,0.0,0.0,0.0,73.25,24.15,2.14,0.04,0.0,0.31,0.0,0.12,0.0,0.0,0,0.0,0.0,0.0,0.0,0.0,0.0,0.0,0.0,0.0,18.72,0.0,47.99,20.72,12.57,0.0,0.0,1991-10-01,2021-02-28,29.412731006160165,28.700889801505816,2.429,False,-74.8264444136616,3.7251944720830745,Magdalena-Cauca,21
21167090,Tolima,443887.13,-8317684.13,450,1/08/1992,31/12/2019,9845,1.688,341.47,138.2,2.11,0.34,2577,1015.61,444.01,31.95,4.19e-05,70.94,46.26,36.96,32.45,18.03,63.96,1.92,17.96,1.68,214.89,18.36,2.32,0.49,1.12,1.01,0.48,0.33,8.5,14,6,43,68,36.92,7.37,55.52,0.19,0.01,0.0,0.0,0.0,0.0,100.0,0.0,0.0,0.0,75.32,22.94,1.61,0.13,0.0,0.0,0.0,0.0,0.0,0.0,0,0.0,0.0,0.0,0.0,0.0,0.0,0.0,0.0,0.0,2.72,0.0,56.12,21.92,19.06,0.18,0.0,1992-08-01,2019-12-31,27.41409993155373,26.954140999315538,1.688,False,-74.71902782457384,4.011055540154315,Magdalena-Cauca,21
21167100,Tolima,430875.58,-8322795.54,411,6/04/1998,23/04/2010,4244,3.567,150.05,82.14,1.89,0.21,2459,1185.03,402.0,27.07,0.000128,69.43,26.47,23.24,22.58,12.86,34.36,1.79,17.31,1.46,209.08,22.62,1.7,0.32,1.17,0.89,0.55,0.32,4.76,9,9,19,61,45.96,5.83,47.89,0.33,0.0,0.0,0.0,0.0,0.0,100.0,0.0,0.0,0.0,98.25,1.41,0.0,0.14,0.0,0.0,0.0,0.19,0.0,0.0,0,0.0,0.0,0.0,0.0,0.0,0.0,0.0,0.0,0.0,13.41,0.0,64.79,2.05,19.31,0.0,0.44,1998-04-06,2010-04-23,12.046543463381246,11.619438740588638,3.567,False,-74.76494440183785,3.8936666679912553,Magdalena-Cauca,21
21187020,Tolima,467328.75,-8371012.34,751,1/01/1981,28/02/2021,14333,2.291,141.73,82.67,1.96,0.15,3416,1594.42,732.0,30.93,0.000194,72.32,25.02,22.17,21.77,13.15,34.14,2.09,16.17,1.56,222.07,19.39,2.86,0.61,1.82,0.59,0.74,1.1,6.4,1,1,1,10,30.96,3.89,64.4,0.72,0.02,0.0,0.0,0.79,69.12,30.1,0.0,0.0,0.0,43.19,34.32,22.06,0.23,0.0,0.0,0.0,0.21,0.0,0.0,0,0.0,0.0,0.0,0.0,0.0,0.0,0.0,0.0,0.0,12.04,0.0,4.24,56.98,26.74,0.0,0.0,1981-01-01,2021-02-28,40.158795345653665,39.24161533196441,2.291,False,-75.1980832857512,4.222499979561926,Magdalena-Cauca,21
21187030,Tolima,468388.27,-8359283.6,585,1/01/1981,28/02/2021,13810,5.856,296.04,132.22,2.17,0.11,3416,1245.14,589.0,52.87,6.36e-05,71.16,58.1,44.66,37.62,24.44,43.11,2.23,15.54,1.42,200.22,18.29,2.33,0.51,1.19,0.82,0.61,0.55,6.15,4,2,10,43,22.54,4.19,72.39,0.86,0.02,0.0,0.0,0.38,35.13,57.89,0.0,4.05,4.049,47.86,30.22,10.55,0.13,0.0,0.0,0.0,0.87,0.0,0.0,0,0.0,0.0,0.0,0.0,10.37,0.0,0.0,2.58,3.03,11.24,0.0,11.96,35.08,36.1,0.0,0.0,1981-01-01,2021-02-28,40.158795345653665,37.80971937029432,5.856,False,-75.09272222169656,4.232055539643144,Magdalena-Cauca,21
21197010,Cundinamarca,443957.95,-8293796.82,1809,1/01/1981,31/12/2022,14999,2.223,946.43,234.81,2.15,0.24,4380,3304.78,1775.0,62.32,0.00012,69.23,51.64,40.5,34.85,24.54,23.38,1.74,16.57,1.64,212.31,17.33,1.89,0.49,1.47,0.99,0.54,0.31,5.63,4,10,34,49,34.01,45.39,20.07,0.51,0.03,0.0,0.0,0.0,0.0,88.5,0.0,0.0,0.0,75.37,0.99,23.37,0.01,0.0,0.0,0.0,0.26,0.0,0.0,0,0.0,0.0,0.0,0.0,0.0,0.0,0.0,0.0,3.98,5.68,0.0,21.63,44.28,24.4,0.0,0.02,1981-01-01,2022-12-31,41.9958932238193,41.06502395619439,2.223,True,-74.50444446787883,4.011694424641506,Magdalena-Cauca,21
21197030,Tolima,463974.72,-8293382.46,711,1/01/1981,31/12/2022,13777,10.189,1173.39,259.93,2.14,0.14,4380,3078.15,703.0,91.81,9.84e-05,68.9,75.11,55.29,44.45,34.21,65.85,1.77,15.02,1.48,193.26,16.36,2.01,0.53,1.73,0.95,0.56,0.36,5.85,2,5,24,45,38.52,36.88,24.12,0.45,0.02,0.0,0.0,0.0,0.0,90.72,0.0,0.0,0.0,69.68,5.47,24.47,0.02,0.0,0.0,0.0,0.36,0.0,0.0,0,0.0,0.0,0.0,0.0,0.0,0.0,0.0,0.0,7.91,5.21,0.0,23.62,41.32,21.9,0.0,0.03,1981-01-01,2022-12-31,41.9958932238193,37.719370294318956,10.189,True,-74.50072220866755,4.192249992092145,Magdalena-Cauca,21
21197110,Cundinamarca,487351.01,-8280534.34,1474,1/01/1981,31/12/2022,14936,2.634,160.12,73.72,1.64,0.27,3104,2321.65,1469.0,24.24,0.000179,74.62,21.38,19.46,19.66,11.1,33.48,2.47,18.17,1.74,230.79,18.6,1.72,0.51,1.55,1.13,0.55,0.25,5.52,5,13,40,84,19.25,1.23,77.81,1.69,0.02,0.0,0.0,0.0,0.0,100.0,0.0,0.0,0.0,65.97,0.0,33.9,0.14,0.0,0.0,0.0,0.0,0.0,0.0,0,0.0,0.0,0.0,0.0,0.0,0.0,0.0,0.0,8.42,31.21,0.0,31.5,16.45,12.42,0.0,0.0,1981-01-01,2022-12-31,41.9958932238193,40.89253935660506,2.634,True,-74.38530558298554,4.403055540468102,Magdalena-Cauca,21
21197150,Tolima,468443.71,-8306722.25,352,1/01/1981,31/12/2019,13192,7.386,2439.63,371.92,2.12,0.18,4380,2565.71,345.0,116.8,7.57e-05,70.25,100.01,70.15,53.53,43.18,8.4,2.07,13.72,1.59,191.03,15.69,1.67,0.47,1.46,0.91,0.54,0.27,5.06,5,10,30,86,34.88,21.59,42.35,1.16,0.02,0.0,0.0,0.0,0.0,86.42,0.0,0.0,0.0,65.56,9.03,23.76,0.33,0.0,0.0,0.0,0.35,0.97,0.0,0,0.0,0.0,0.0,0.0,0.0,0.0,0.0,0.0,6.16,14.52,0.0,28.97,30.39,19.71,0.24,0.02,1981-01-01,2019-12-31,38.99520876112252,36.11772758384668,7.386,False,-74.620555581107,4.232555536592378,Magdalena-Cauca,21
21207960,Cundinamarca,493096.76,-8305383.32,387,1/01/1981,28/12/2015,11588,9.327,5420.44,704.35,2.7,0.08,3966,2544.82,379.0,267.12,1.88e-05,75.63,323.03,185.89,114.62,105.46,40.99,2.87,10.65,1.35,180.38,14.53,0.67,0.24,2.09,0.58,0.7,0.13,1.61,0,1,19,21,22.91,5.97,59.01,10.98,1.14,0.0,0.0,0.0,0.0,65.26,0.0,0.0,0.0,64.67,4.06,11.98,7.18,7.43,0.0,0.0,1.48,2.76,0.0,0,0.0,0.0,0.04,0.0,0.41,0.0,0.0,15.69,2.72,25.83,0.0,22.64,19.54,5.81,6.85,0.93,1981-01-01,2015-12-28,34.98699520876112,31.72621492128679,9.327,False,-74.60852776827335,4.454861110906654,Magdalena-Cauca,21
21217180,Tolima,496113.06,-8380805.37,1471,1/01/1981,31/12/2020,14211,2.731,166.01,80.33,1.76,0.21,5243,2904.88,1459.0,28.04,0.00012,66.63,27.92,24.29,23.38,13.38,34.52,1.49,14.03,1.46,218.13,18.1,2.34,0.5,2.9,0.6,0.78,0.8,4.59,0,1,3,23,69.85,10.98,18.66,0.13,0.35,0.03,0.0,71.82,0.0,0.0,27.75,0.0,0.0,0.0,35.07,63.55,0.0,0.0,0.0,0.0,0.0,0.0,0.0,0,0.0,0.0,0.0,0.0,0.0,1.38,0.0,0.0,0.0,3.53,0.0,2.69,48.04,45.73,0.0,0.0,1981-01-01,2020-12-31,39.997262149212865,38.90759753593429,2.731,False,-75.28605557101962,4.48205558568561,Magdalena-Cauca,21
21217200,Tolima,475990.1,-8371955.47,889,1/01/1985,30/06/2022,12932,5.571,1102.76,241.41,2.05,0.18,4797,2649.91,788.0,78.97,5.78e-05,68.61,82.06,59.51,47.08,33.75,18.1,1.75,11.67,1.36,188.11,14.56,1.91,0.41,3.37,0.41,0.81,0.92,3.62,0,0,0,0,52.56,5.54,41.67,0.21,0.03,0.0,0.78,73.02,20.44,0.0,1.32,0.23,0.225,10.62,6.12,82.93,0.06,0.0,0.0,0.0,0.0,0.0,0.0,0,0.1,0.0,0.0,0.13,0.0,0.04,0.0,0.0,0.0,0.91,0.0,0.0,81.84,17.25,0.0,0.01,1985-01-01,2022-06-30,37.492128678986994,35.40588637919233,5.571,True,-75.20655556669031,4.300611124500958,Magdalena-Cauca,21
21217280,Tolima,491065.83,-8398603.5,1921,1/01/1993,20/04/2019,8313,13.46,81.8,54.17,1.69,0.25,3847,2870.7,1903.0,18.24,0.000197,68.63,16.57,15.74,16.66,8.78,59.5,1.61,12.15,1.5,195.12,17.19,2.33,0.49,3.18,0.5,0.85,0.89,4.32,0,1,0,0,52.07,1.0,46.33,0.53,0.06,0.0,9.96,87.89,0.0,0.0,0.0,2.15,2.154,0.0,4.27,95.73,0.0,0.0,0.0,0.0,0.0,0.0,0.0,0,0.0,0.0,0.0,0.0,0.0,0.0,0.0,0.0,0.0,0.0,0.0,0.0,95.73,4.27,0.0,0.0,1993-01-01,2019-04-20,26.297056810403834,22.759753593429156,13.46,False,-75.44593889309706,4.436549998839986,Magdalena-Cauca,21
21237010,Cundinamarca,485656.63,-8330969.8,258,1/01/1981,31/12/2022,15308,0.209,48231.26,2146.63,2.76,0.14,5413,1829.5,260.04,588.29,1.75e-05,69.97,609.99,315.29,173.2,194.82,68.96,2.13,7.05,1.14,132.64,12.31,2.07,0.47,2.79,0.49,0.77,0.87,3.93,0,0,1,8,39.31,9.06,48.93,1.88,0.82,0.0,0.35,11.31,20.69,39.83,3.07,12.44,12.438,41.82,21.18,22.37,1.04,2.84,0.28,0.02,0.94,0.51,0.0,0,0.08,1.77,0.01,1.52,5.59,0.01,0.0,3.29,3.52,11.92,0.0,19.45,45.2,14.97,1.0,0.65,1981-01-01,2022-12-31,41.9958932238193,41.91101984941821,0.209,True,-74.83837502878153,4.387777753742261,Magdalena-Cauca,21
21237020,Cundinamarca,576056.13,-8318639.62,237,1/01/1981,31/12/2014,12360,0.467,54574.42,2239.3,2.7,0.1,5413,1765.76,209.01,728.16,1.65e-05,70.32,735.27,368.25,195.53,231.68,32.41,2.11,6.15,1.06,125.21,11.94,1.98,0.45,2.63,0.53,0.77,0.86,3.88,0,0,0,0,37.97,8.68,50.8,1.73,0.81,0.0,0.31,11.97,20.45,39.27,3.05,11.35,11.349,39.78,22.49,22.98,1.0,2.88,0.43,0.02,0.94,0.45,0.0,0,0.07,1.57,0.01,1.55,5.78,0.05,0.0,2.98,4.62,11.99,0.0,19.14,44.15,15.57,0.94,0.61,1981-01-01,2014-12-31,33.9958932238193,33.83983572895277,0.467,False,-74.72761113728208,5.202416682916841,Magdalena-Cauca,21
21247040,Tolima,519409.28,-8344301.85,522,1/01/1988,28/02/2003,5119,7.566,414.84,181.44,2.51,0.08,5244,3039.56,519.0,70.83,0.000123,75.77,56.5,43.64,36.95,26.94,22.58,1.76,11.0,1.33,174.07,13.87,0.21,0.05,3.19,0.49,0.89,0.11,0.4,0,0,0,0,20.64,35.2,43.9,0.1,0.15,0.0,0.0,17.27,58.87,0.0,7.31,0.0,0.0,13.42,1.99,79.3,0.02,0.0,0.0,0.0,0.11,0.0,0.0,0,0.0,0.0,0.0,3.79,0.0,1.38,0.0,0.0,0.44,0.0,0.0,3.3,37.94,58.25,0.04,0.03,1988-01-01,2003-02-28,15.159479808350445,14.015058179329227,7.566,False,-74.95813887161798,4.692055549830439,Magdalena-Cauca,21
21247050,Tolima,519409.28,-8344301.85,522,1/01/1981,13/11/2008,9863,3.104,414.93,173.97,2.41,0.08,5244,3040.33,519.0,70.79,0.000123,75.76,56.41,43.58,36.91,26.91,46.48,1.67,10.64,1.36,177.89,14.68,1.73,0.39,1.8,0.5,0.76,0.58,4.1,1,3,2,17,20.68,35.17,43.89,0.1,0.15,0.0,0.0,17.27,58.93,0.0,7.29,0.0,0.0,13.43,1.98,79.33,0.02,0.0,0.0,0.0,0.11,0.0,0.0,0,0.0,0.0,0.0,3.77,0.0,1.36,0.0,0.0,0.44,0.0,0.0,3.3,37.95,58.24,0.04,0.03,1981-01-01,2008-11-13,27.865845311430526,27.003422313483917,3.104,False,-74.95813887161798,4.692055549830439,Magdalena-Cauca,21
21257070,Tolima,555794.68,-8336815.62,282,1/01/1981,31/12/2022,14236,7.197,342.89,123.74,1.88,0.29,2334,891.04,284.03,34.28,3.82e-05,73.24,50.6,39.82,34.39,19.36,35.08,1.67,12.32,1.37,181.15,13.61,3.12,0.47,1.34,0.58,0.69,0.93,7.18,3,23,3,36,27.73,0.35,71.58,0.26,0.09,0.0,0.0,58.18,1.97,11.52,0.0,16.31,16.311,41.27,9.33,30.64,0.4,0.0,5.1,0.0,0.09,0.0,0.0,0,0.0,0.0,0.0,8.27,4.91,0.0,0.0,0.0,9.65,5.67,0.0,40.02,33.44,11.1,0.12,0.0,1981-01-01,2022-12-31,41.9958932238193,38.97604380561259,7.197,True,-74.89088892332363,5.019916696768918,Magdalena-Cauca,21
21257100,Tolima,530841.18,-8345838.68,517,1/01/1981,31/12/2020,13815,5.441,650.8,196.12,2.17,0.12,5282,2575.04,511.0,73.85,7.47e-05,75.43,70.63,52.54,42.71,30.56,23.82,1.65,11.95,1.21,182.9,14.87,3.02,0.61,2.86,0.51,0.79,1.25,6.13,0,0,0,0,19.21,18.28,61.52,0.36,0.62,0.0,0.0,32.09,46.8,2.5,12.99,0.0,0.0,19.18,6.64,65.92,0.35,0.0,0.0,0.0,0.19,0.0,0.0,0,0.0,0.0,0.0,5.93,0.0,1.79,0.0,0.0,0.0,4.59,0.0,9.57,55.94,29.61,0.24,0.05,1981-01-01,2020-12-31,39.997262149212865,37.82340862422998,5.441,False,-74.97194445039892,4.7950833120648575,Magdalena-Cauca,21
21257110,Tolima,567537.59,-8338377.18,373,1/01/1990,31/12/2019,10724,2.126,52.41,46.7,1.82,0.21,1266,696.68,372.0,15.87,9.64e-05,73.09,19.59,18.1,18.58,9.05,25.18,1.6,13.43,1.5,209.13,16.67,4.1,0.57,0.92,0.88,0.54,0.76,13.26,8,9,24,70,28.1,0.0,71.37,0.54,0.0,0.0,0.0,26.52,0.08,37.66,0.0,20.18,20.184,65.17,6.8,12.42,1.05,0.0,1.94,0.0,0.0,0.0,0.0,0,0.0,0.0,0.0,0.0,12.63,0.0,0.0,0.0,17.69,15.37,0.0,42.69,21.89,1.94,0.43,0.0,1990-01-01,2019-12-31,29.9958932238193,29.360711841204655,2.126,False,-74.90491665547434,5.125694471257406,Magdalena-Cauca,21
21257120,Tolima,546945.6,-8358958.92,1210,1/01/1988,31/12/2019,10686,8.573,175.51,96.42,2.05,0.14,5290,2937.6,1210.0,35.25,0.00012,74.62,33.26,28.1,26.19,15.91,52.98,1.68,11.87,1.42,181.26,15.9,2.96,0.56,2.23,0.65,0.75,0.84,6.63,0,2,10,35,22.51,11.29,65.11,0.08,1.0,0.0,0.0,35.77,6.17,0.0,12.17,0.0,0.0,0.0,14.12,81.47,0.18,0.0,0.0,0.0,0.05,0.0,0.0,0,0.0,0.0,0.0,2.15,0.0,2.02,0.0,0.0,0.0,5.9,0.0,5.36,61.39,27.18,0.17,0.0,1988-01-01,2019-12-31,31.99726214921287,29.256673511293634,8.573,False,-75.08980557163207,4.940194455880277,Magdalena-Cauca,21
22017010,Tolima,384139.9,-8423205.72,756,1/01/1981,30/01/2018,13332,1.565,654.92,176.12,1.94,0.2,4622,2955.91,755.0,56.87,7.42e-05,65.36,57.91,44.55,37.55,25.09,37.55,1.49,15.21,1.58,199.47,18.08,3.96,0.76,2.22,0.63,0.74,1.25,11.46,0,1,3,17,64.39,18.94,16.36,0.14,0.16,0.0,8.38,37.28,54.34,0.0,0.0,0.0,0.0,15.46,60.89,23.31,0.0,0.0,0.0,0.0,0.34,0.0,0.0,0,0.0,0.0,0.0,0.0,0.0,0.0,0.0,0.0,0.0,0.0,0.0,0.0,71.59,28.41,0.0,0.0,1981-01-01,2018-01-30,37.07871321013005,36.50102669404517,1.565,False,-75.66694439558978,3.4718888778520887,Magdalena-Cauca,22
22017020,Tolima,380438.06,-8425391.92,814,1/01/1981,31/12/2020,13779,5.688,1633.72,259.14,1.81,0.29,4492,2871.57,813.0,75.63,7.65e-05,64.94,71.26,52.93,42.96,30.97,29.4,1.6,15.03,1.65,190.53,18.05,3.88,0.79,2.87,0.66,0.73,1.34,8.33,0,0,2,14,67.68,15.96,16.01,0.14,0.21,0.0,2.13,13.52,84.36,0.0,0.0,0.0,0.0,16.77,53.48,29.54,0.02,0.0,0.0,0.0,0.19,0.0,0.0,0,0.0,0.0,0.0,0.0,0.0,0.0,0.0,0.0,0.0,0.27,0.0,0.0,74.2,25.52,0.0,0.0,1981-01-01,2020-12-31,39.997262149212865,37.724845995893226,5.688,False,-75.6865833643312,3.4384722351073815,Magdalena-Cauca,22
22017030,Tolima,384253.76,-8423051.12,764,1/01/1985,23/05/2019,12315,1.958,106.83,70.39,1.92,0.1,3454,1783.99,756.0,32.91,0.00017,68.5,27.64,24.09,23.23,14.15,36.73,1.75,17.4,1.57,221.09,23.0,3.01,0.5,3.15,0.46,0.81,1.41,6.02,0,1,0,0,52.89,0.17,46.63,0.27,0.05,0.0,0.0,6.39,93.61,0.0,0.0,0.0,0.0,71.04,2.41,26.25,0.29,0.0,0.0,0.0,0.0,0.0,0.0,0,0.0,0.0,0.0,0.0,0.0,0.0,0.0,0.0,0.0,15.58,0.0,0.5,83.79,0.0,0.12,0.0,1985-01-01,2019-05-23,34.38740588637919,33.71663244353183,1.958,False,-75.66555560016052,3.47291667723042,Magdalena-Cauca,22
22027010,Tolima,368231.83,-8417213.03,761,1/01/1981,31/12/2022,14550,5.15,1386.89,281.96,2.14,0.14,4435,2645.33,760.0,101.26,5.87e-05,64.99,98.82,69.46,53.12,40.66,41.09,1.55,15.98,1.56,198.42,18.37,3.7,0.74,3.42,0.59,0.79,1.67,7.39,0,0,0,0,64.8,11.34,23.71,0.09,0.06,0.0,0.0,17.09,68.53,6.81,0.07,7.51,7.511,29.27,30.08,40.54,0.06,0.0,0.0,0.0,0.05,0.0,0.0,0,0.0,0.0,0.0,0.0,0.0,0.0,0.0,0.0,0.0,3.97,0.0,4.9,68.21,22.89,0.02,0.0,1981-01-01,2022-12-31,41.9958932238193,39.83572895277207,5.15,True,-75.61311114538988,3.3282778127985884,Magdalena-Cauca,22
22027020,Tolima,345835.25,-8421953.38,1211,1/01/1981,31/12/2022,15082,1.682,919.26,225.74,2.1,0.18,4435,2993.11,1211.0,71.22,6.87e-05,63.01,70.91,52.71,42.82,30.2,36.6,1.49,17.31,1.67,212.98,20.41,2.79,0.59,3.56,0.58,0.75,1.08,5.63,0,0,0,14,70.95,16.99,11.95,0.06,0.06,0.0,0.0,25.78,71.15,1.23,0.11,1.74,1.739,17.39,41.17,41.34,0.02,0.0,0.0,0.0,0.07,0.0,0.0,0,0.0,0.0,0.0,0.0,0.0,0.0,0.0,0.0,0.0,0.02,0.0,3.79,64.92,31.27,0.0,0.01,1981-01-01,2022-12-31,41.9958932238193,41.29226557152635,1.682,True,-75.65569443396065,3.126055580241294,Magdalena-Cauca,22
22057010,Tolima,432507.31,-8360458.64,350,1/01/1981,31/12/2020,14039,3.908,7772.34,670.21,2.14,0.15,4622,2124.49,339.0,228.66,2.76e-05,66.65,247.25,148.85,96.36,87.13,69.26,1.69,11.48,1.45,160.65,15.1,3.54,0.65,2.68,0.57,0.75,1.36,7.35,0,0,2,16,51.94,10.76,36.72,0.2,0.38,0.0,1.23,13.66,56.43,21.51,0.38,5.4,5.399,39.33,32.53,22.16,0.08,0.0,0.0,0.0,0.56,0.0,0.0,0,0.0,0.0,0.0,0.16,5.18,0.0,0.0,0.0,2.75,6.59,0.0,4.41,65.32,20.88,0.06,0.0,1981-01-01,2020-12-31,39.997262149212865,38.43668720054757,3.908,False,-75.10327778561107,3.9083888890366008,Magdalena-Cauca,22
22057040,Tolima,406550.78,-8383031.76,425,1/01/1981,28/02/2021,14246,2.884,6240.91,572.22,2.04,0.2,4622,2384.26,425.0,177.86,3.38e-05,66.12,188.47,118.78,80.78,69.26,38.07,1.62,12.07,1.42,164.44,15.29,3.23,0.6,3.07,0.58,0.74,1.24,6.33,0,0,2,11,56.43,12.76,30.36,0.15,0.3,0.0,1.44,17.01,62.4,12.64,0.48,4.93,4.932,33.42,37.72,25.31,0.04,0.0,0.0,0.0,0.29,0.0,0.0,0,0.0,0.0,0.0,0.0,3.21,0.0,0.0,0.0,1.33,4.4,0.0,3.88,67.56,22.81,0.02,0.0,1981-01-01,2021-02-28,40.158795345653665,39.00342231348392,2.884,False,-75.30605557267371,3.6741667008774,Magdalena-Cauca,22
22057050,Tolima,383210.58,-8407209.73,581,1/01/1981,31/12/2022,14297,6.799,172.87,88.72,1.9,0.14,2026,1293.43,576.0,35.34,6.08e-05,73.08,43.32,35.0,31.1,18.14,30.1,1.8,18.74,1.81,215.1,23.0,4.57,0.74,1.44,0.97,0.64,0.65,13.05,7,121,40,82,26.65,1.62,71.66,0.04,0.04,0.0,0.0,0.0,33.74,44.24,0.0,22.02,22.016,85.86,13.68,0.46,0.0,0.0,0.0,0.0,0.0,0.0,0.0,0,0.0,0.0,0.0,0.0,0.0,0.0,0.0,0.0,1.59,13.26,0.0,23.73,54.89,6.54,0.0,0.0,1981-01-01,2022-12-31,41.9958932238193,39.14305270362765,6.799,True,-75.52324997257355,3.4634999849973203,Magdalena-Cauca,22
22057060,Tolima,385189.24,-8400944.92,538,1/01/1981,31/12/2022,13509,11.936,4423.12,440.96,1.87,0.23,4622,2550.72,530.0,137.67,4.4e-05,65.97,139.84,92.69,66.55,54.23,69.73,1.56,12.85,1.54,169.36,16.15,3.55,0.67,2.93,0.58,0.73,1.32,7.24,0,0,1,21,60.6,12.46,26.62,0.12,0.21,0.0,2.03,16.27,70.72,6.92,0.02,4.04,4.043,30.72,39.84,28.37,0.03,0.0,0.0,0.0,0.16,0.0,0.0,0,0.0,0.0,0.0,0.0,0.87,0.0,0.0,0.0,0.3,3.05,0.0,3.04,71.66,21.94,0.01,0.0,1981-01-01,2022-12-31,41.9958932238193,36.98562628336756,11.936,True,-75.4669722268225,3.481361090292989,Magdalena-Cauca,22
22057070,Tolima,419389.63,-8371522.56,366,1/01/1984,30/07/2022,13042,7.444,6447.36,628.58,2.21,0.16,4622,2327.65,364.05,203.52,3.06e-05,65.94,217.32,133.71,88.61,78.21,15.66,1.63,11.58,1.45,160.05,14.84,3.74,0.69,2.79,0.61,0.75,1.44,7.59,0,0,0,7,55.87,12.58,31.07,0.15,0.33,0.0,1.48,16.46,60.84,14.05,0.46,5.32,5.318,34.79,36.68,24.5,0.04,0.0,0.0,0.0,0.35,0.0,0.0,0,0.0,0.0,0.0,0.0,3.64,0.0,0.0,0.0,1.53,4.9,0.0,4.27,66.64,22.63,0.02,0.0,1984-01-01,2022-07-30,38.57631759069131,35.70704996577687,7.444,True,-75.20266666999383,3.790027800397777,Magdalena-Cauca,22
22057080,Tolima,407848.7,-8382631.29,428,1/11/1984,31/10/2002,6571,0.046,6242.4,593.72,2.12,0.19,4622,2382.36,413.99,179.37,3.38e-05,66.12,189.8,119.48,81.15,69.73,26.33,1.61,11.11,1.37,159.74,15.26,0.03,0.01,0.64,1.46,0.38,0.0,0.1,20,21,113,98,56.44,12.73,30.38,0.15,0.3,0.0,1.44,16.98,62.38,12.67,0.48,4.95,4.95,33.46,37.67,25.32,0.04,0.0,0.0,0.0,0.3,0.0,0.0,0,0.0,0.0,0.0,0.0,3.21,0.0,0.0,0.0,1.33,4.39,0.0,3.89,67.58,22.78,0.02,0.0,1984-11-01,2002-10-31,17.9958932238193,17.99041752224504,0.046,False,-75.3024580894554,3.6858801670574204,Magdalena-Cauca,22
22057090,Tolima,416449.87,-8377020.51,399,1/01/1985,19/03/2009,8775,0.78,6347.22,619.89,2.19,0.17,4622,2353.31,387.0,192.29,3.18e-05,66.03,204.94,127.35,85.3,74.36,49.77,1.6,12.04,1.44,164.36,15.16,3.41,0.64,2.76,0.58,0.73,1.25,6.91,0,0,1,11,56.16,12.63,30.73,0.15,0.32,0.0,1.41,16.7,61.35,13.79,0.47,4.88,4.878,33.99,37.1,24.9,0.04,0.0,0.0,0.0,0.32,0.0,0.0,0,0.0,0.0,0.0,0.0,3.65,0.0,0.0,0.0,1.4,4.84,0.0,3.88,66.94,22.91,0.02,0.0,1985-01-01,2009-03-19,24.210814510609172,24.024640657084188,0.78,False,-75.25205559515707,3.7635000174552893,Magdalena-Cauca,22
22067010,Tolima,434080.57,-8369339.46,373,1/01/1986,29/01/2018,11275,3.772,280.96,119.96,2.02,0.12,2913,1018.21,367.0,47.64,6.79e-05,69.95,52.27,40.91,35.13,22.3,71.05,2.39,16.84,1.69,214.19,19.88,3.73,0.74,1.48,1.06,0.63,0.43,10.61,3,5,42,82,35.81,1.06,62.54,0.38,0.22,0.0,0.0,0.0,33.09,66.91,0.0,0.0,0.0,66.0,11.22,5.84,0.42,0.0,0.0,0.0,1.65,0.0,0.0,0,0.0,0.0,0.0,2.38,12.49,0.0,0.0,0.0,7.29,17.33,0.0,4.13,58.1,12.94,0.21,0.0,1986-01-01,2018-01-29,32.0766598220397,30.869267624914443,3.772,False,-75.18305554902622,3.922583318791592,Magdalena-Cauca,22
22077050,Tolima,459333.5,-8383025.57,770,29/09/1992,28/02/2021,9524,8.247,421.47,173.95,2.39,0.09,3969,2889.08,752.0,70.15,0.000106,67.95,59.41,45.5,38.17,27.51,62.66,1.8,12.77,1.47,179.53,14.63,2.39,0.51,1.94,0.75,0.78,0.73,5.56,1,5,3,36,52.18,14.69,32.98,0.12,0.04,0.0,0.0,37.38,57.57,0.0,0.0,0.0,0.0,6.66,31.14,60.03,0.02,0.0,0.0,0.0,0.89,0.0,0.0,0,1.25,0.0,0.0,0.0,0.0,0.0,0.0,0.0,0.0,1.44,0.0,23.61,49.31,25.64,0.0,0.0,1992-09-29,2021-02-28,28.416153319644078,26.075290896646134,8.247,False,-75.30599996695763,4.150388886746172,Magdalena-Cauca,22
22077060,Tolima,461658.7,-8379519.01,699,1/01/1981,31/12/2020,13522,7.447,271.48,112.98,1.93,0.13,3811,2277.04,700.0,45.28,0.000181,69.0,34.47,28.94,26.81,17.81,42.29,1.76,13.63,1.48,196.3,16.65,2.53,0.54,2.01,0.54,0.78,1.03,4.96,1,9,1,5,49.01,2.85,48.06,0.08,0.0,0.0,0.0,3.4,87.04,2.37,0.0,0.0,0.0,27.51,5.93,66.54,0.02,0.0,0.0,0.0,0.0,0.0,0.0,0,0.0,0.0,0.0,0.0,0.0,0.0,0.0,0.0,0.0,0.88,0.0,3.7,76.73,18.69,0.0,0.0,1981-01-01,2020-12-31,39.997262149212865,37.021218343600275,7.447,False,-75.2745000025308,4.171361121085705,Magdalena-Cauca,22
23017020,Tolima,575764.63,-8326227.2,279,1/01/1981,30/09/2022,14646,3.948,29.11,36.66,1.92,0.15,852,482.38,282.03,13.93,4.54e-05,66.91,23.7,21.19,21.02,9.46,26.13,2.11,13.07,1.5,204.93,17.6,4.19,0.67,0.52,0.52,0.66,0.48,17.93,22,691,109,122,62.01,0.06,37.91,0.02,0.0,0.0,0.0,0.0,0.0,0.0,0.0,100.0,100.0,0.0,4.75,0.0,0.0,0.0,95.23,0.0,0.0,0.0,0.0,0,0.0,0.0,0.0,0.0,0.02,0.0,0.0,0.0,4.77,0.0,0.0,0.0,0.0,95.23,0.0,0.0,1981-01-01,2022-09-30,41.74401095140315,40.09856262833676,3.948,True,-74.79577152811687,5.199791444626154,Magdalena-Cauca,23
23017030,Tolima,576219.6,-8320142.43,213,1/01/1981,13/03/2005,8267,6.461,803.74,285.49,2.84,0.06,5258,1728.58,213.0,113.82,4.8e-05,73.71,116.82,79.82,59.22,46.17,48.19,1.47,7.48,1.08,130.72,12.2,4.73,0.71,1.88,0.6,0.72,1.68,10.48,1,2,0,0,26.6,4.01,68.62,0.6,0.17,0.0,0.0,39.36,17.64,3.07,10.43,13.1,13.097,15.19,22.29,45.68,0.57,0.0,4.46,0.0,0.5,0.0,0.0,0,0.0,0.0,0.0,1.92,9.23,0.15,0.0,0.0,11.8,6.57,0.0,23.97,27.58,29.69,0.39,0.0,1981-01-01,2005-03-13,24.194387405886378,22.633812457221083,6.461,False,-74.74111110920335,5.203888882874911,Magdalena-Cauca,23
23017040,Tolima,576199.68,-8339101.63,531,27/01/1987,31/07/2021,11926,5.387,459.66,203.74,2.68,0.07,5258,2394.23,514.0,79.77,6.28e-05,72.89,80.13,58.35,46.36,33.49,46.67,1.52,9.44,1.18,161.12,13.44,4.93,0.86,2.24,0.61,0.77,1.7,10.61,0,2,8,24,32.01,6.98,60.52,0.37,0.13,0.0,0.0,52.33,11.68,0.05,18.22,9.3,9.304,7.24,34.45,54.22,0.27,0.0,0.0,0.0,0.3,0.0,0.0,0,0.0,0.0,0.0,3.25,0.0,0.27,0.0,0.0,0.2,2.37,0.0,9.33,41.65,46.38,0.07,0.0,1987-01-27,2021-07-31,34.507871321013006,32.65160848733744,5.387,False,-74.91142450055014,5.203709484865275,Magdalena-Cauca,23
23037010,Cundinamarca,605737.47,-8311354.38,187,1/01/1981,31/12/2022,15291,0.319,56736.68,2387.94,2.83,0.1,5413,1759.31,179.0,774.7,1.64e-05,70.35,773.83,384.23,202.13,243.25,72.05,2.09,5.81,1.05,121.55,11.6,2.2,0.49,2.5,0.53,0.77,0.93,4.31,0,0,0,1,37.82,8.42,51.27,1.69,0.8,0.0,0.31,12.81,20.02,38.09,3.42,11.74,11.74,38.61,22.85,23.43,0.99,2.77,0.71,0.02,0.93,0.49,0.0,0,0.07,1.51,0.01,1.73,5.84,0.05,0.0,2.97,4.79,11.69,0.0,19.07,43.96,16.0,0.92,0.6,1981-01-01,2022-12-31,41.9958932238193,41.86447638603696,0.319,True,-74.6621667128773,5.469666673995019,Magdalena-Cauca,23
23057140,Antioquia,634777.77,-8318441.72,188,1/01/1981,31/12/2022,15265,0.489,2314.37,341.77,2.0,0.18,3848,1339.27,169.04,112.26,2.55e-05,67.23,147.47,96.88,68.89,51.52,68.89,1.07,3.88,0.93,112.17,10.43,9.8,0.97,2.33,0.65,0.76,3.35,19.0,0,0,1,8,54.45,0.08,44.68,0.18,0.62,0.0,2.17,58.59,27.3,7.82,0.0,2.83,2.834,39.62,22.82,21.87,0.16,0.0,0.0,0.0,0.66,0.04,0.0,0,0.0,9.17,0.0,5.67,0.0,0.0,0.0,0.07,0.78,5.06,0.0,20.0,67.71,5.82,0.03,0.54,1981-01-01,2022-12-31,41.9958932238193,41.79329226557152,0.489,True,-74.7258333713348,5.731027794247811,Magdalena-Cauca,23
23067020,Cundinamarca,605718.95,-8303698.07,316,1/01/1981,17/11/2018,13493,2.472,3140.91,404.74,2.04,0.16,3802,1455.29,304.99,140.59,3.07e-05,76.16,163.34,105.46,73.62,59.02,37.83,1.91,9.21,1.16,150.87,13.03,2.02,0.42,1.33,1.26,0.59,0.18,6.11,2,5,62,106,11.37,0.15,87.92,0.42,0.14,0.0,0.0,0.0,0.0,99.98,0.0,0.0,0.0,79.4,12.13,6.33,0.28,0.61,0.0,0.0,0.46,0.0,0.0,0,0.0,0.0,0.0,0.0,0.81,0.0,0.0,0.0,2.76,10.76,0.0,29.25,41.11,16.01,0.11,0.0,1981-01-01,2018-11-17,37.87542778918549,36.941820670773446,2.472,False,-74.59338890994772,5.469499957496884,Magdalena-Cauca,23
23067040,Cundinamarca,637911.3,-8307968.41,172,1/04/1981,31/12/2022,13881,8.977,1453.36,294.35,2.18,0.1,2026,756.87,169.02,120.95,2.08e-05,75.96,168.93,108.45,75.24,56.68,42.82,1.45,4.56,1.07,124.39,12.66,8.27,1.06,1.52,0.94,0.63,1.3,22.28,0,1,30,59,13.52,0.0,86.04,0.15,0.29,0.0,0.0,0.0,0.0,91.35,0.0,4.88,4.884,69.5,24.09,0.01,0.02,0.0,0.0,0.0,1.44,0.0,0.0,0,0.0,3.01,0.0,0.0,1.92,0.0,0.0,0.0,5.78,11.64,0.0,23.15,57.34,1.64,0.05,0.41,1981-04-01,2022-12-31,41.74948665297741,38.0041067761807,8.977,True,-74.63175002685159,5.759222247225503,Magdalena-Cauca,23
23067050,Cundinamarca,574911.83,-8301419.11,447,1/01/1981,31/12/2021,13596,9.209,2559.1,351.28,1.96,0.26,3802,1583.67,445.0,99.44,4.31e-05,76.02,109.73,75.77,56.86,42.52,33.27,1.89,9.2,1.22,144.61,13.0,2.26,0.48,1.55,1.14,0.63,0.31,6.27,1,2,36,107,11.97,0.18,87.36,0.4,0.1,0.0,0.0,0.0,0.0,99.98,0.0,0.0,0.0,84.73,7.57,6.4,0.31,0.0,0.0,0.0,0.39,0.0,0.0,0,0.0,0.0,0.0,0.0,0.61,0.0,0.0,0.0,2.48,9.21,0.0,28.51,42.84,16.83,0.12,0.0,1981-01-01,2021-12-31,40.99657768651608,37.223819301848046,9.209,False,-74.57291666394875,5.192111095485424,Magdalena-Cauca,23
23067060,Cundinamarca,567494.41,-8287408.32,668,1/01/1981,30/06/2021,14517,1.852,1123.81,240.73,2.03,0.21,3802,1750.82,664.0,74.0,5.35e-05,75.64,80.45,58.54,46.48,32.61,26.38,1.78,9.81,1.24,157.54,13.39,2.77,0.58,1.59,1.1,0.63,0.55,7.65,1,2,19,49,13.7,0.12,85.87,0.24,0.08,0.0,0.0,0.0,0.0,99.96,0.0,0.0,0.0,88.56,3.97,7.1,0.25,0.0,0.0,0.0,0.12,0.0,0.0,0,0.0,0.0,0.0,0.0,0.0,0.0,0.0,0.0,1.7,10.74,0.0,26.27,39.28,21.9,0.11,0.0,1981-01-01,2021-06-30,40.492813141683776,39.74537987679671,1.852,False,-74.44705559595286,5.125305546777122,Magdalena-Cauca,23
23067080,Cundinamarca,581964.51,-8276228.3,966,1/01/1981,31/12/2019,12714,10.741,716.06,217.02,2.29,0.3,3802,1859.68,971.05,49.01,9.63e-05,75.38,46.71,37.26,32.65,21.32,27.83,1.7,8.34,1.16,148.45,13.68,2.68,0.55,1.63,1.09,0.65,0.54,7.27,0,3,18,69,15.1,0.19,84.34,0.31,0.07,0.0,0.0,0.0,0.0,99.93,0.0,0.0,0.0,88.36,3.45,7.85,0.34,0.0,0.0,0.0,0.0,0.0,0.0,0,0.0,0.0,0.0,0.0,0.0,0.0,0.0,0.0,2.13,10.41,0.0,24.8,42.05,20.45,0.17,0.0,1981-01-01,2019-12-31,38.99520876112252,34.809034907597535,10.741,False,-74.34662376752523,5.255624936446068,Magdalena-Cauca,23
23077020,Antioquia,668761.16,-8308676.52,151,1/01/1981,31/12/2007,9721,1.42,783.78,261.8,2.64,0.11,2312,558.06,155.01,83.85,1.95e-05,71.43,130.62,87.58,63.67,43.43,53.53,1.21,4.48,1.15,137.19,13.07,5.76,0.6,2.08,0.62,0.72,2.34,12.98,0,0,0,0,38.32,0.0,61.23,0.36,0.09,0.0,0.0,68.23,10.81,8.05,0.0,10.83,10.832,74.58,4.25,0.0,0.08,0.0,0.0,0.0,0.27,0.0,0.0,0,0.0,20.82,0.0,0.0,0.0,0.0,0.0,0.0,2.02,28.69,0.1,32.35,36.47,0.0,0.08,0.31,1981-01-01,2007-12-31,26.99520876112252,26.614647501711158,1.42,False,-74.63811108720995,6.036722185419937,Magdalena-Cauca,23
23087150,Antioquia,680632.86,-8391257.03,2108,1/01/1981,15/02/2022,13327,11.278,308.38,125.56,2.02,0.19,3131,2370.41,2111.16,40.37,2.32e-05,70.85,69.55,51.87,42.29,24.11,32.03,1.57,4.03,0.97,135.8,14.23,2.11,0.35,1.32,1.09,0.63,0.3,5.88,1,5,29,85,43.53,4.49,45.84,5.68,0.47,0.0,0.0,76.2,11.7,0.0,0.0,0.0,0.0,3.37,0.0,95.62,0.5,0.0,0.0,0.0,0.52,0.0,0.0,0,0.0,0.0,0.0,0.0,0.0,0.0,0.0,18.58,3.53,28.32,0.0,15.97,32.58,0.0,0.5,0.52,1981-01-01,2022-02-15,41.12251882272416,36.48733744010951,11.278,True,-75.37994443024381,6.143472225657049,Magdalena-Cauca,23
23087160,Antioquia,721155.26,-8333968.31,824,1/01/1981,31/12/2022,13798,10.052,305.11,131.57,2.12,0.13,2253,1367.97,819.99,47.74,3.14e-05,72.52,70.5,52.46,42.66,25.86,51.27,1.35,3.86,1.02,137.05,17.14,5.16,0.64,1.89,0.55,0.7,1.93,12.22,0,1,0,0,32.28,0.36,65.68,1.58,0.09,0.0,0.0,0.0,100.0,0.0,0.0,0.0,0.0,94.84,4.43,0.0,0.21,0.0,0.0,0.0,0.52,0.0,0.0,0,0.0,0.0,0.0,0.0,0.0,0.0,0.0,0.0,3.2,19.61,0.0,36.99,39.48,0.0,0.21,0.52,1981-01-01,2022-12-31,41.9958932238193,37.776865160848736,10.052,True,-74.86531110240736,6.507683075614006,Magdalena-Cauca,23
23087180,Antioquia,706438.93,-8366912.08,1650,1/01/1981,29/12/2011,11139,1.599,121.61,74.71,1.91,0.17,2529,2087.69,1651.02,26.72,4.09e-05,72.92,40.69,33.22,29.86,15.82,68.93,1.19,3.23,1.0,149.87,18.84,5.26,0.67,2.22,0.57,0.77,2.32,11.03,0,1,0,0,29.54,2.28,67.78,0.38,0.02,0.0,0.0,19.55,80.45,0.0,0.0,0.0,0.0,51.76,2.76,44.67,0.09,0.0,0.0,0.0,0.72,0.0,0.0,0,0.0,0.0,0.0,0.0,0.0,0.0,0.0,0.0,3.57,0.0,0.0,71.35,24.27,0.0,0.09,0.72,1981-01-01,2011-12-29,30.989733059548254,30.496919917864478,1.599,False,-75.16125002348255,6.375444477083487,Magdalena-Cauca,23
23087200,Antioquia,661864.13,-8362001.65,825,1/01/1981,31/12/2022,14300,6.78,181.89,110.24,2.31,0.11,3091,1827.97,828.02,40.58,5.15e-05,63.62,51.38,40.33,34.74,20.8,47.08,1.0,2.67,0.86,127.64,12.57,13.47,1.42,1.91,0.7,0.66,3.75,29.31,0,0,8,42,80.43,0.03,19.51,0.02,0.0,0.0,0.0,95.01,4.99,0.0,0.0,0.0,0.0,58.51,0.22,40.97,0.0,0.0,0.0,0.0,0.31,0.0,0.0,0,0.0,0.0,0.0,0.0,0.0,0.0,0.0,0.0,2.94,2.24,0.0,19.43,75.08,0.0,0.0,0.31,1981-01-01,2022-12-31,41.9958932238193,39.15126625598905,6.78,True,-75.11713888027657,5.974694444970394,Magdalena-Cauca,23
23087210,Antioquia,695383.94,-8312594.35,170,1/01/1981,31/12/2022,14283,6.89,4767.81,568.48,2.32,0.1,3290,1570.4,164.02,214.78,1.85e-05,69.24,274.77,162.49,103.19,89.63,18.82,1.1,1.61,0.78,96.85,10.34,7.36,0.79,2.75,0.46,0.79,3.52,12.76,0,0,0,4,52.76,1.71,42.49,1.27,1.77,0.0,0.0,31.97,62.08,4.39,0.0,0.0,0.0,60.35,1.3,33.2,0.28,0.2,0.0,0.0,2.7,0.0,0.0,0,0.0,1.98,0.0,0.0,0.0,0.0,0.0,2.46,3.87,12.92,0.0,35.78,41.54,0.46,0.28,2.7,1981-01-01,2022-12-31,41.9958932238193,39.1047227926078,6.89,True,-74.67330555290579,6.2760833250610295,Magdalena-Cauca,23
23087260,Antioquia,683462.9,-8388749.25,2100,1/01/1994,31/12/2022,10522,0.661,55.49,61.23,2.32,0.13,2771,2245.19,2111.1,20.69,2.67e-05,75.09,39.38,32.33,29.23,14.12,42.89,1.37,4.1,1.03,170.9,16.03,4.68,0.68,1.62,0.62,0.67,1.65,12.59,0,1,1,5,24.41,1.69,67.02,6.87,0.01,0.0,0.0,17.9,82.1,0.0,0.0,0.0,0.0,8.36,0.0,87.12,1.97,0.59,0.0,0.0,1.95,0.0,0.0,0,0.0,0.0,0.0,0.0,0.0,0.0,0.0,17.93,8.36,40.23,0.0,8.87,20.68,0.0,1.97,1.95,1994-01-01,2022-12-31,28.996577686516083,28.80766598220397,0.661,True,-75.35741665921172,6.168916689896757,Magdalena-Cauca,23
23087300,Antioquia,680789.42,-8390839.75,2106,1/01/1994,31/12/2011,6196,5.75,460.48,144.29,1.9,0.22,3131,2331.38,2111.15,45.87,2e-05,71.99,81.22,59.01,46.77,27.32,19.19,1.39,3.44,0.94,124.67,13.0,1.14,0.17,1.05,0.79,0.62,0.27,3.44,3,19,9,40,37.2,3.35,53.78,5.35,0.31,0.0,0.0,68.35,15.69,0.0,0.0,0.0,0.0,3.11,0.0,93.71,0.8,1.85,0.0,0.0,0.52,0.0,0.0,0,0.0,0.0,0.0,0.0,0.0,0.0,0.0,20.52,7.9,29.53,0.0,12.91,27.81,0.0,0.8,0.52,1994-01-01,2011-12-31,17.9958932238193,16.9637234770705,5.75,False,-75.37619594022624,6.144879865332908,Magdalena-Cauca,23
23087660,Antioquia,683880.0,-8386572.34,2107,1/01/1994,30/09/2011,6443,0.602,75.95,57.15,1.85,0.18,2573,2211.65,2111.08,20.67,1.85e-05,75.56,45.34,36.35,32.03,15.14,42.82,1.37,3.5,0.94,162.17,17.67,5.12,0.76,1.85,0.48,0.74,2.01,12.29,0,0,0,2,18.44,3.68,73.83,4.04,0.0,0.0,0.0,10.29,89.71,0.0,0.0,0.0,0.0,8.58,0.0,89.48,1.94,0.0,0.0,0.0,0.0,0.0,0.0,0,0.0,0.0,0.0,0.0,0.0,0.0,0.0,0.81,12.88,75.76,0.0,6.89,1.72,0.0,1.94,0.0,1994-01-01,2011-09-30,17.744010951403148,17.639972621492127,0.602,False,-75.3378611439602,6.172666668792562,Magdalena-Cauca,23
23087670,Antioquia,684834.71,-8389748.03,2099,1/01/1994,31/12/2022,10502,0.85,154.03,108.1,2.46,0.21,2765,2274.52,2111.08,26.9,2.37e-05,73.51,50.52,39.76,34.36,17.64,35.12,1.88,5.1,1.1,155.83,16.62,3.32,0.64,1.85,0.56,0.75,1.27,7.81,0,1,0,0,28.56,12.16,54.08,5.18,0.03,0.0,0.0,45.46,54.54,0.0,0.0,0.0,0.0,12.75,0.0,86.9,0.21,0.0,0.0,0.0,0.14,0.0,0.0,0,0.0,0.0,0.0,0.0,0.0,0.0,0.0,0.0,13.22,52.11,0.0,30.57,3.74,0.0,0.21,0.14,1994-01-01,2022-12-31,28.996577686516083,28.752908966461327,0.85,True,-75.36638885260645,6.18124998242362,Magdalena-Cauca,23
23087830,Antioquia,686889.4,-8386151.8,2099,1/01/1994,27/01/2015,7618,1.026,790.22,231.79,2.33,0.24,3131,2292.25,2111.0,57.27,1.8e-05,73.18,100.35,70.35,53.65,32.99,26.87,1.51,3.36,0.91,127.64,13.36,2.81,0.45,1.89,0.76,0.74,0.97,6.53,0,0,0,0,31.56,5.29,57.01,5.96,0.19,0.0,0.0,51.01,39.59,0.0,0.0,0.0,0.0,6.3,0.0,90.75,1.3,1.12,0.0,0.0,0.54,0.0,0.0,0,0.0,0.0,0.0,0.0,0.0,0.0,0.0,14.5,9.65,40.65,0.0,14.81,18.56,0.0,1.29,0.54,1994-01-01,2015-01-27,21.07049965776865,20.856947296372347,1.026,False,-75.33408336886436,6.199722179746378,Magdalena-Cauca,23
23097030,Antioquia,718646.13,-8282299.99,110,1/01/1981,31/12/2022,15216,0.808,75062.47,2800.97,2.88,0.08,5413,1580.94,107.0,956.67,1.58e-05,71.07,923.68,445.13,226.75,287.62,49.27,1.82,2.24,0.83,83.79,9.81,2.66,0.49,2.43,0.52,0.8,1.28,4.79,0,0,0,0,35.84,6.48,55.37,1.41,0.9,0.0,0.3,15.08,20.99,36.59,2.67,12.66,12.659,44.49,20.19,20.79,0.79,2.13,0.54,0.01,1.18,1.21,0.0,0,0.05,2.46,0.01,1.48,4.63,0.04,0.0,2.48,4.64,13.28,0.29,20.77,43.88,13.03,0.73,0.91,1981-01-01,2022-12-31,41.9958932238193,41.659137577002056,0.808,True,-74.4011666867996,6.485138907308734,Magdalena-Cauca,23
23107020,Antioquia,745770.49,-8283669.79,149,1/01/1981,31/12/2022,14917,2.757,2448.55,449.06,2.56,0.17,1991,906.83,137.0,120.63,2.11e-05,73.27,167.72,107.8,74.89,56.42,74.36,1.48,3.17,0.98,126.41,17.62,2.67,0.35,1.8,0.48,0.74,1.09,6.26,0,1,0,7,28.77,0.38,69.02,1.82,0.02,0.0,0.0,37.68,56.08,4.37,1.69,0.18,0.182,65.04,2.54,0.0,0.05,0.0,0.0,0.0,0.16,0.0,0.0,0,0.0,32.21,0.0,0.0,0.0,0.0,0.0,0.0,1.61,35.46,0.0,38.98,23.73,0.0,0.05,0.16,1981-01-01,2022-12-31,41.9958932238193,40.84052019164955,2.757,True,-74.41347180956147,6.7287924344264445,Magdalena-Cauca,23
23107030,Antioquia,735844.03,-8335096.35,1005,1/01/1981,30/11/2022,15075,1.529,308.69,166.7,2.68,0.17,1969,1394.41,1011.13,42.65,2.49e-05,71.67,70.63,52.54,42.71,24.8,33.46,1.37,4.31,1.05,147.19,18.69,2.83,0.36,2.05,0.47,0.78,1.33,5.92,0,1,0,0,37.35,0.8,61.62,0.22,0.01,0.0,0.0,0.0,100.0,0.0,0.0,0.0,0.0,94.93,4.93,0.0,0.14,0.0,0.0,0.0,0.0,0.0,0.0,0,0.0,0.0,0.0,0.0,0.0,0.0,0.0,0.0,4.93,47.85,0.0,34.65,12.43,0.0,0.14,0.0,1981-01-01,2022-11-30,41.91101984941821,41.27310061601643,1.529,True,-74.87544445813836,6.639638857701583,Magdalena-Cauca,23
23107040,Antioquia,750622.15,-8326428.89,983,1/01/1981,31/12/2022,14724,4.016,308.71,139.37,2.24,0.16,1991,1298.54,984.04,43.37,2.78e-05,72.25,68.63,51.3,41.92,24.61,50.84,1.5,4.81,1.02,148.43,19.24,2.4,0.33,1.85,0.41,0.77,1.11,5.22,0,2,0,0,33.81,1.71,64.03,0.45,0.0,0.0,0.0,16.94,83.06,0.0,0.0,0.0,0.0,93.78,6.13,0.0,0.09,0.0,0.0,0.0,0.0,0.0,0.0,0,0.0,0.0,0.0,0.0,0.0,0.0,0.0,0.0,4.87,46.46,0.0,15.89,32.7,0.0,0.09,0.0,1981-01-01,2022-12-31,41.9958932238193,40.31211498973306,4.016,True,-74.79758334021341,6.772361148311199,Magdalena-Cauca,23
23127010,Boyacá,625705.31,-8243767.98,447,1/01/1981,31/12/2021,13712,8.434,84.88,66.17,2.03,0.12,3091,1407.3,689.17,26.89,7.65e-05,75.04,32.15,27.31,25.62,14.11,51.65,1.87,9.77,1.46,175.49,15.41,78.54,14.45,2.0,0.8,0.68,18.83,188.32,0,2,10,23,16.55,0.04,83.35,0.02,0.06,0.0,0.0,0.0,0.0,100.0,0.0,0.0,0.0,79.77,11.68,8.54,0.0,0.0,0.0,0.0,0.0,0.0,0.0,0,0.0,0.0,0.0,0.0,0.0,0.0,0.0,0.0,0.0,17.19,0.0,0.15,56.22,26.43,0.0,0.0,1981-01-01,2021-12-31,40.99657768651608,37.541409993155376,8.434,False,-74.05502775169114,5.64938890725995,Magdalena-Cauca,23
23127020,Santander,722556.18,-8247916.72,105,1/01/1981,31/12/2022,14472,5.658,5421.47,670.42,2.57,0.09,3811,1214.15,105.01,243.94,1.77e-05,73.61,308.52,178.92,111.25,99.6,22.05,1.41,3.49,0.95,100.63,12.0,4.1,0.58,1.57,0.86,0.65,0.97,10.13,0,0,9,25,26.63,0.43,72.53,0.09,0.32,0.0,0.0,0.0,0.0,96.88,0.0,1.99,1.993,56.88,10.04,20.4,0.04,1.0,0.0,0.0,0.7,10.64,0.0,0,0.0,0.06,0.0,0.0,0.24,0.0,0.0,0.0,0.13,18.85,3.42,14.97,51.45,11.12,0.02,0.04,1981-01-01,2022-12-31,41.9958932238193,39.62217659137577,5.658,True,-74.0922965172095,6.520269692399762,Magdalena-Cauca,23
23127060,Santander,697402.51,-8248165.59,141,1/01/1981,31/12/2022,14569,5.026,4973.17,589.04,2.36,0.14,3811,1304.8,142.0,191.84,1.93e-05,73.22,248.05,149.25,96.56,81.63,29.86,1.39,3.83,1.0,101.57,12.19,4.08,0.58,1.56,0.8,0.66,0.93,9.82,0,1,12,34,28.21,0.47,70.95,0.09,0.28,0.0,0.0,0.0,0.0,99.85,0.0,0.15,0.147,59.45,9.18,22.24,0.05,1.08,0.0,0.0,0.59,7.08,0.0,0,0.0,0.06,0.0,0.0,0.26,0.0,0.0,0.0,0.15,15.08,2.65,14.88,55.09,12.12,0.02,0.01,1981-01-01,2022-12-31,41.9958932238193,39.88774811772758,5.026,True,-74.0945321544571,6.294227473701221,Magdalena-Cauca,23
23147020,Santander,750729.63,-8230864.08,86,1/01/1981,31/12/2022,14933,2.653,1785.57,404.66,2.7,0.09,3428,885.82,87.03,137.63,2.24e-05,71.72,181.44,115.09,78.81,61.67,43.37,1.2,3.0,0.98,113.67,14.88,4.38,0.54,1.49,0.98,0.61,0.84,11.65,0,0,20,20,38.69,0.02,60.75,0.18,0.36,0.0,0.0,0.0,0.0,87.73,0.0,4.66,4.664,58.03,10.41,16.34,0.01,0.74,0.0,0.0,0.99,7.84,0.0,0,0.0,0.0,0.0,0.0,5.66,0.0,0.0,0.0,1.34,18.18,6.39,29.71,32.53,11.84,0.01,0.0,1981-01-01,2022-12-31,41.9958932238193,40.884325804243666,2.653,True,-73.93911004574363,6.773326291554725,Magdalena-Cauca,23
23157080,Santander,798792.9,-8229478.89,69,1/01/1981,31/12/2001,6276,18.175,114854.89,3580.64,2.98,0.09,5413,1595.14,68.09,1116.12,1.54e-05,72.11,1050.59,495.41,246.53,324.98,77.02,1.7,0.35,0.35,53.75,7.45,2.05,0.37,2.39,0.47,0.83,0.98,3.46,0,0,0,0,32.6,7.32,57.32,1.79,0.96,0.0,0.2,11.82,16.05,48.74,2.01,10.81,10.814,44.12,18.02,20.85,0.62,3.21,0.88,0.01,1.26,2.52,0.0,0,0.03,2.56,0.57,1.07,4.22,0.05,0.0,1.69,3.97,16.78,1.2,19.63,38.35,16.75,0.58,1.06,1981-01-01,2001-12-31,20.996577686516083,17.182751540041068,18.175,False,-73.92666667225953,7.204722188193123,Magdalena-Cauca,23
23187040,Santander,820642.51,-8179415.36,104,1/01/1981,31/12/1995,5357,2.209,105.12,78.68,2.16,0.21,236,152.12,100.01,22.33,1.81e-05,67.64,48.54,38.47,33.48,16.12,42.71,1.34,11.73,1.53,178.8,21.13,4.61,0.63,1.13,1.37,0.42,0.37,19.3,20,7,91,94,63.87,0.0,35.89,0.22,0.02,0.0,0.0,0.0,0.0,47.06,0.0,52.77,52.771,78.64,11.83,0.0,0.12,0.0,0.0,0.0,0.0,9.41,0.0,0,0.0,0.0,0.0,0.0,0.0,0.0,0.0,0.0,0.0,34.81,0.0,0.0,65.06,0.0,0.13,0.0,1981-01-01,1995-12-31,14.99520876112252,14.666666666666666,2.209,False,-73.47693833049978,7.400699236083163,Magdalena-Cauca,23
23187240,Santander,833789.64,-8189983.51,78,1/01/1984,31/12/1995,4229,3.514,3547.54,491.58,2.33,0.12,4254,1373.88,74.02,171.42,2.79e-05,69.25,197.25,123.36,83.21,69.85,8.22,1.78,8.5,1.58,150.08,16.0,0.02,0.01,0.63,1.13,0.34,0.0,0.1,27,5,112,128,50.99,6.82,38.29,3.57,0.33,0.0,0.08,26.78,18.92,34.61,0.63,8.17,8.166,49.03,19.45,10.37,1.46,6.92,0.33,0.0,0.23,1.53,0.0,0,0.0,1.73,0.0,0.34,8.6,0.0,0.0,0.0,3.77,7.37,2.19,7.44,34.32,43.97,0.95,0.0,1984-01-01,1995-12-31,11.997262149212867,11.578370978781656,3.514,False,-73.57187363719845,7.518578251607395,Magdalena-Cauca,23
23187250,Santander,837105.49,-8191580.03,72,1/01/1981,31/12/1995,4983,9.036,3768.14,515.47,2.37,0.13,4254,1300.79,70.04,171.42,2.79e-05,69.44,197.25,123.36,83.21,69.85,41.23,1.77,7.93,1.36,148.36,16.5,0.04,0.01,0.81,1.25,0.45,0.01,0.15,15,7,69,59,50.46,6.42,39.43,3.38,0.31,0.0,0.07,25.21,17.81,33.9,0.59,9.98,9.984,49.34,18.77,9.77,1.38,6.52,0.31,0.0,0.22,2.8,0.0,0,0.0,2.48,0.0,0.32,8.1,0.0,0.0,0.0,4.4,9.24,2.27,7.0,34.8,41.39,0.9,0.0,1981-01-01,1995-12-31,14.99520876112252,13.64271047227926,9.036,False,-73.58621542037247,7.5483035286961035,Magdalena-Cauca,23
23187300,Santander,832714.6,-8177586.76,93,1/01/1981,31/12/1995,5417,1.114,3452.18,454.98,2.18,0.13,4254,1409.12,80.0,162.52,2.91e-05,68.96,186.22,117.6,80.16,66.53,74.89,1.8,8.53,1.6,155.33,16.27,0.07,0.02,0.79,0.92,0.42,0.01,0.29,20,6,33,60,52.0,7.01,37.11,3.67,0.22,0.0,0.08,27.52,19.44,35.18,0.65,8.39,8.391,48.01,19.99,10.66,1.5,7.11,0.34,0.0,0.2,1.57,0.0,0,0.0,1.43,0.0,0.35,8.84,0.0,0.0,0.0,3.22,6.83,1.29,7.64,34.86,45.18,0.98,0.0,1981-01-01,1995-12-31,14.99520876112252,14.830937713894592,1.114,False,-73.46051173721436,7.508940502285214,Magdalena-Cauca,23
23197130,Santander,808623.55,-8142193.87,755,1/01/1981,31/12/2022,15185,1.01,128.35,72.56,1.81,0.17,3088,1914.27,741.0,27.5,0.000146,65.06,25.51,22.54,22.05,12.7,36.39,1.8,13.17,1.79,198.38,20.45,3.11,0.75,2.36,0.58,0.77,1.21,6.87,0,2,1,13,71.81,0.35,27.78,0.06,0.0,0.0,0.0,79.14,20.86,0.0,0.0,0.0,0.0,90.19,5.44,0.0,0.0,0.42,0.0,0.0,0.0,0.0,0.0,0,0.0,0.0,0.0,0.0,3.96,0.0,0.0,0.0,0.0,1.2,0.0,5.75,45.3,47.75,0.0,0.0,1981-01-01,2022-12-31,41.9958932238193,41.57426420260096,1.01,True,-73.14257199685277,7.292907606092356,Magdalena-Cauca,23
23197290,Santander,794957.25,-8142839.01,613,1/01/1981,26/05/2010,10647,0.847,1284.34,254.52,2.0,0.24,4254,1948.54,604.0,73.78,5.82e-05,70.01,77.68,56.86,45.43,32.01,73.86,2.32,11.0,1.57,185.0,18.07,1.12,0.33,2.45,0.63,0.73,0.37,2.52,0,0,3,12,45.19,14.6,32.1,8.02,0.09,0.0,0.21,41.14,14.27,28.91,0.0,2.1,2.104,42.08,17.44,15.16,3.84,3.0,0.91,0.0,0.05,0.0,0.0,0,0.0,0.0,0.0,0.94,16.58,0.0,0.0,0.0,3.75,3.44,0.0,9.07,27.65,53.51,2.58,0.0,1981-01-01,2010-05-26,29.39630390143737,29.149897330595483,0.847,False,-73.14836738807672,7.170309929826948,Magdalena-Cauca,23
23197410,Cesar,852325.95,-8182972.08,73,1/01/1981,31/12/2022,13881,9.511,1129.28,298.35,2.5,0.14,4014,1274.01,66.04,90.52,5.71e-05,65.09,91.62,65.22,50.57,37.54,41.92,1.73,7.17,1.27,140.05,16.76,1.7,0.33,1.43,1.04,0.56,0.28,5.07,1,3,32,51,50.84,4.22,44.7,0.11,0.13,0.0,0.0,16.52,43.51,20.37,1.84,5.42,5.42,72.53,9.65,11.14,0.03,0.08,0.0,0.0,0.02,4.49,0.0,0,0.0,2.06,0.0,0.0,0.0,0.0,0.0,4.69,1.96,5.87,6.95,3.29,54.77,22.25,0.04,0.18,1981-01-01,2022-12-31,41.9958932238193,38.0041067761807,9.511,True,-73.5088888898731,7.6847222180560895,Magdalena-Cauca,23
23197690,Santander,772381.3,-8141612.17,852,1/01/2002,31/12/2022,7056,8.005,223.14,104.58,1.97,0.15,3598,1760.53,849.0,39.02,0.000131,68.2,34.83,29.2,26.99,16.92,33.89,2.84,14.75,1.55,206.4,23.1,1.61,0.49,2.65,0.77,0.77,0.49,3.59,0,1,5,39,55.95,6.43,30.95,6.65,0.03,0.0,0.0,37.64,23.18,23.69,0.0,0.0,0.0,43.51,17.15,17.95,1.01,0.0,0.0,0.0,0.0,0.0,0.0,0,0.0,0.0,0.0,2.43,17.96,0.0,0.0,0.0,12.13,3.63,0.0,10.54,39.49,33.8,0.41,0.0,2002-01-01,2022-12-31,20.996577686516083,19.318275154004105,8.005,True,-73.13734649684503,6.967712550697217,Magdalena-Cauca,23
23197700,Santander,793839.1,-8136681.73,828,1/01/2002,31/12/2022,6875,10.365,480.76,146.96,1.89,0.15,4254,2527.36,803.0,57.45,0.000142,68.59,45.5,36.45,32.1,22.36,98.52,1.97,14.37,1.79,203.37,21.21,1.62,0.46,1.59,0.8,0.66,0.44,4.92,3,7,1,6,45.38,22.98,30.61,0.99,0.04,0.0,0.56,54.95,14.61,24.26,0.0,5.62,5.623,51.17,18.18,18.86,0.13,5.48,0.0,0.0,0.12,0.0,0.0,0,0.0,0.0,0.0,1.38,4.69,0.0,0.0,0.0,0.2,2.17,0.0,6.79,29.2,61.51,0.14,0.0,2002-01-01,2022-12-31,20.996577686516083,18.822724161533195,10.365,True,-73.09305560075069,7.16027773942219,Magdalena-Cauca,23
23207010,Bolivar,894051.29,-8246362.03,546,1/01/1981,30/04/1993,4322,4.02,197.24,99.65,2.0,0.16,1883,1299.14,554.99,34.82,4.19e-05,65.9,49.46,39.07,33.89,19.26,57.32,1.23,3.0,0.85,121.39,23.69,2.51,0.37,1.09,0.68,0.67,0.93,5.47,3,2,0,0,56.12,0.0,43.72,0.16,0.0,0.0,0.0,0.0,7.38,0.0,0.0,92.62,92.624,100.0,0.0,0.0,0.0,0.0,0.0,0.0,0.0,0.0,0.0,0,0.0,0.0,0.0,0.0,0.0,0.0,0.0,0.0,0.0,0.0,0.0,18.64,81.36,0.0,0.0,0.0,1981-01-01,1993-04-30,12.32580424366872,11.832991101984941,4.02,False,-74.07833049931884,8.058470225728808,Magdalena-Cauca,23
23207060,Bolivar,952713.53,-8219089.07,36,1/01/1981,31/01/1996,4538,17.626,4201.41,601.45,2.62,0.12,2268,568.79,31.06,190.27,1.7e-05,63.93,259.03,154.72,99.31,83.14,78.64,1.59,3.57,0.93,105.79,19.14,23.45,4.11,3.78,0.37,0.86,12.71,36.69,0,0,0,0,48.66,11.68,36.46,0.48,2.72,0.0,1.69,0.92,17.34,5.94,2.78,50.16,50.164,81.5,11.65,0.0,0.09,0.0,0.0,0.0,3.17,3.59,0.0,0,0.0,0.0,0.0,0.0,0.0,0.0,0.0,2.44,0.91,10.77,0.0,18.58,58.21,8.49,0.03,0.57,1981-01-01,1996-01-31,15.080082135523615,12.424366872005475,17.626,False,-73.83333333120703,8.58333329655164,Magdalena-Cauca,23
24017150,Cundinamarca,587167.62,-8221071.7,2662,1/01/1981,30/12/2022,14957,2.49,176.17,88.78,1.89,0.26,3808,3138.89,2624.0,25.97,7.59e-05,73.29,31.39,26.77,25.22,13.77,27.13,3.11,15.59,1.71,226.56,19.44,0.64,0.25,0.94,0.72,0.69,0.12,2.54,12,81,19,47,25.39,5.89,67.64,0.71,0.38,0.0,0.0,0.0,0.0,100.0,0.0,0.0,0.0,68.07,0.0,13.33,0.22,17.9,0.0,0.0,0.49,0.0,0.0,0,0.0,0.0,0.0,0.0,0.0,0.0,0.0,0.14,2.3,23.47,0.0,35.29,33.75,4.78,0.28,0.0,1981-01-01,2022-12-30,41.99315537303217,40.95003422313484,2.49,True,-73.85114359952458,5.302478028791155,Magdalena-Cauca,24
24017570,Santander,677836.94,-8181240.44,1048,1/01/1981,31/12/2022,14602,4.811,5403.54,602.77,2.31,0.14,3919,2509.83,1049.01,198.21,1.99e-05,73.66,251.44,150.94,97.41,83.21,40.56,2.18,4.85,1.1,127.88,14.22,2.15,0.51,1.32,1.04,0.6,0.34,5.91,1,2,32,53,29.53,5.94,61.52,2.63,0.39,0.0,0.0,0.0,0.0,90.06,0.0,3.71,3.71,35.93,8.4,30.98,0.3,9.19,6.42,0.0,0.86,0.12,0.0,0,0.0,0.0,5.54,0.0,2.26,0.0,0.0,1.45,2.97,22.52,0.55,29.32,24.22,18.06,0.33,0.57,1981-01-01,2022-12-31,41.9958932238193,39.97809719370294,4.811,True,-73.49333330308718,6.118333318974797,Magdalena-Cauca,24
24017590,Santander,650577.38,-8201784.88,1610,1/01/1981,29/12/2022,14424,5.959,2307.46,426.02,2.5,0.1,3808,2709.53,1605.99,154.66,1.77e-05,74.31,217.23,133.67,88.59,70.45,26.47,2.46,6.9,1.24,148.95,14.49,1.27,0.36,1.41,1.36,0.6,0.14,3.71,0,2,57,64,23.92,3.65,70.65,1.11,0.67,0.0,0.0,0.0,0.0,86.78,0.0,0.0,0.0,44.5,3.03,35.94,0.37,12.88,0.0,0.0,1.59,0.28,0.0,0,0.0,0.0,0.0,0.0,1.42,0.0,0.0,3.39,1.59,28.54,1.28,34.92,22.51,5.88,0.63,1.26,1981-01-01,2022-12-29,41.99041752224504,39.49075975359343,5.959,True,-73.67788714764394,5.873172872570275,Magdalena-Cauca,24
24017600,Boyacá,651310.84,-8189683.76,1686,1/01/1981,31/12/2022,14526,5.306,1170.99,210.8,1.74,0.16,3840,2582.24,1680.02,84.96,3.05e-05,77.43,111.12,76.56,57.32,40.3,73.62,2.91,10.6,1.3,183.88,16.4,0.89,0.28,1.2,1.34,0.54,0.09,2.94,7,18,66,111,20.6,17.63,52.09,9.48,0.21,0.0,0.0,0.0,0.0,97.46,0.0,0.0,0.0,11.94,10.02,32.51,0.25,12.48,6.81,0.0,0.42,0.0,0.0,0,0.0,0.0,25.57,0.0,0.0,0.0,0.0,0.0,7.84,7.22,0.0,17.95,26.98,39.81,0.08,0.13,1981-01-01,2022-12-31,41.9958932238193,39.7700205338809,5.306,True,-73.56918093713429,5.879770740129438,Magdalena-Cauca,24
24017610,Cundinamarca,590029.81,-8204215.55,2586,1/01/1981,31/12/2019,14020,1.573,71.49,55.63,1.86,0.26,3597,3050.71,2580.99,16.51,0.00024,72.51,14.21,13.86,15.08,7.84,76.23,3.72,19.1,1.8,242.8,22.64,2.03,0.91,0.87,0.78,0.49,0.28,6.97,17,58,54,86,27.92,9.65,62.16,0.27,0.0,0.0,0.0,0.0,0.0,100.0,0.0,0.0,0.0,35.97,2.9,32.05,0.0,29.08,0.0,0.0,0.0,0.0,0.0,0,0.0,0.0,0.0,0.0,0.0,0.0,0.0,0.0,0.0,15.63,0.0,47.11,30.72,6.54,0.0,0.0,1981-01-01,2019-12-31,38.99520876112252,38.38466803559206,1.573,False,-73.69972222776045,5.3282500133409405,Magdalena-Cauca,24
24017740,Boyacá,628872.34,-8186673.45,2130,17/05/1986,1/03/2021,12295,3.25,193.86,99.65,2.02,0.26,3837,2816.58,2126.0,27.31,0.000193,73.48,22.8,20.53,20.5,11.98,69.33,2.68,12.2,1.4,192.0,17.54,0.95,0.29,1.35,1.31,0.59,0.08,3.02,4,17,61,85,28.05,4.94,66.3,0.66,0.05,0.0,0.0,0.0,0.0,100.0,0.0,0.0,0.0,31.12,7.1,57.18,0.01,0.0,0.0,0.0,0.02,0.0,0.0,0,0.0,0.0,4.57,0.0,0.0,0.0,0.0,0.0,4.94,8.08,0.0,33.0,21.72,32.27,0.0,0.0,1986-05-17,2021-03-01,34.789869952087614,33.661875427789184,3.25,False,-73.54213886230492,5.6778888842208355,Magdalena-Cauca,24
24017820,Boyacá,629202.78,-8180292.18,2435,1/01/1988,26/10/2013,9216,2.28,79.55,62.81,1.99,0.25,3813,3124.58,2424.0,17.76,0.000302,73.39,13.76,13.49,14.76,7.93,143.26,3.04,15.5,1.62,218.5,19.42,0.19,0.06,4.8,0.38,0.83,0.09,0.29,0,0,1,9,25.81,7.14,66.86,0.19,0.0,0.0,0.0,0.0,0.0,100.0,0.0,0.0,0.0,5.03,0.21,94.56,0.03,0.0,0.0,0.0,0.04,0.0,0.0,0,0.0,0.0,0.14,0.0,0.0,0.0,0.0,0.0,0.0,5.03,0.0,6.11,52.93,35.93,0.0,0.0,1988-01-01,2013-10-26,25.817932922655714,25.232032854209447,2.28,False,-73.48481493857399,5.680862418480266,Magdalena-Cauca,24
24027010,Santander,725494.34,-8140577.91,1123,1/01/1981,31/12/2022,14410,6.063,2124.0,340.46,2.08,0.22,4299,2264.21,1121.01,99.12,4.45e-05,70.19,108.18,74.88,56.33,42.17,78.21,1.54,4.5,1.05,118.93,13.91,3.58,0.59,1.92,0.7,0.7,1.2,8.01,0,0,0,3,42.03,7.39,50.21,0.25,0.13,0.0,0.0,16.98,8.8,63.72,5.07,5.4,5.396,43.54,17.61,29.7,0.08,0.98,0.0,0.0,0.2,0.0,0.0,0,0.0,0.0,0.0,0.72,7.16,0.0,0.0,0.0,0.98,12.46,0.0,16.08,26.67,43.74,0.07,0.01,1981-01-01,2022-12-31,41.9958932238193,39.45242984257358,6.063,True,-73.1280555811875,6.546666657273197,Magdalena-Cauca,24
24027030,Santander,690195.6,-8145432.67,1325,1/01/1981,31/12/2022,14416,6.023,634.82,176.55,1.98,0.21,4299,2692.59,1314.99,55.54,0.000127,68.35,46.17,36.9,32.41,22.23,28.59,1.54,6.1,1.12,143.73,15.66,3.64,0.65,1.6,1.02,0.62,0.73,9.28,0,1,18,28,51.16,15.06,33.43,0.22,0.12,0.0,0.0,1.88,2.88,72.39,4.8,17.94,17.94,32.92,15.5,44.79,0.01,2.35,0.0,0.0,0.1,0.0,0.0,0,0.0,0.0,0.0,0.78,3.55,0.0,0.0,0.0,0.05,7.75,0.0,12.43,26.03,53.72,0.0,0.02,1981-01-01,2022-12-31,41.9958932238193,39.46885694729637,6.023,True,-73.17166663227482,6.229444400599347,Magdalena-Cauca,24
24027040,Santander,723528.47,-8127207.79,1601,1/01/1981,31/12/2022,15261,0.515,185.08,91.35,1.89,0.35,2917,1859.94,1593.0,22.92,8.91e-05,73.42,26.8,23.48,22.77,12.14,63.14,1.58,8.29,1.19,182.07,20.02,3.04,0.5,2.78,0.57,0.8,1.18,5.98,0,0,0,5,24.27,3.83,71.47,0.43,0.01,0.0,0.0,20.93,70.0,9.07,0.0,0.0,0.0,32.45,59.29,6.22,0.13,0.0,0.0,0.0,0.01,0.0,0.0,0,0.0,0.0,0.0,1.9,0.0,0.0,0.0,0.0,10.37,9.16,0.0,5.33,11.92,63.11,0.11,0.0,1981-01-01,2022-12-31,41.9958932238193,41.782340862423,0.515,True,-73.00794974972239,6.529005079140176,Magdalena-Cauca,24
24027050,Santander,696375.93,-8140361.45,1276,1/01/1981,31/12/2022,14581,4.948,613.51,154.14,1.76,0.29,4276,2549.48,1274.0,46.13,0.000142,67.66,38.38,31.64,28.74,18.91,28.66,1.54,6.5,1.24,144.93,14.29,3.6,0.62,2.03,0.77,0.71,1.15,8.2,0,0,2,30,55.02,8.21,36.55,0.16,0.06,0.0,0.0,34.26,6.08,46.94,12.6,0.11,0.113,48.29,12.01,37.36,0.02,0.97,0.0,0.0,0.26,0.0,0.0,0,0.0,0.0,0.0,0.46,0.63,0.0,0.0,0.0,0.0,2.03,0.0,9.73,39.33,48.89,0.03,0.0,1981-01-01,2022-12-31,41.9958932238193,39.92060232717317,4.948,True,-73.12611108792349,6.285000021410948,Magdalena-Cauca,24
24027060,Santander,717919.62,-8134517.18,1231,1/01/1981,31/12/2022,15037,1.975,166.76,95.53,2.09,0.18,3373,1952.32,1227.0,30.48,7.06e-05,68.71,36.51,30.36,27.83,15.76,80.42,1.47,6.55,1.17,161.5,18.17,4.45,0.68,2.59,0.63,0.78,1.46,8.34,0,1,1,7,51.37,1.02,47.47,0.0,0.15,0.0,0.0,55.34,1.01,43.66,0.0,0.0,0.0,52.37,6.9,37.68,0.0,0.0,0.0,0.0,0.05,0.0,0.0,0,0.0,0.0,0.0,2.41,0.59,0.0,0.0,0.0,0.32,10.55,0.0,8.66,26.15,54.32,0.0,0.0,1981-01-01,2022-12-31,41.9958932238193,41.16906228610541,1.975,True,-73.07361111726827,6.478611129670967,Magdalena-Cauca,24
24027070,Santander,713958.71,-8143482.93,1195,1/01/1981,31/12/2022,14590,4.889,1577.82,295.8,2.1,0.22,4286,2423.07,1192.0,84.13,5.3e-05,69.36,89.12,63.74,49.67,36.01,34.23,1.55,5.12,1.12,128.66,14.71,3.55,0.6,1.8,0.79,0.68,1.0,8.11,0,1,4,23,46.18,9.22,44.26,0.22,0.13,0.0,0.0,14.32,3.53,68.05,6.83,7.23,7.23,41.92,13.81,33.68,0.07,1.32,0.0,0.0,0.17,0.0,0.0,0,0.0,0.0,0.0,0.49,8.53,0.0,0.0,0.0,0.02,12.46,0.0,15.4,28.64,43.4,0.07,0.01,1981-01-01,2022-12-31,41.9958932238193,39.945242984257355,4.889,True,-73.15415181985422,6.443020385503231,Magdalena-Cauca,24
24037010,Santander,766230.55,-8126570.2,1172,1/01/1981,31/12/2006,7979,15.975,101.46,71.81,2.01,0.12,3935,2455.0,1162.0,28.91,0.000167,64.8,25.18,22.29,21.86,12.86,76.89,1.96,13.04,1.44,201.13,20.3,1.94,0.52,3.3,0.52,0.84,0.59,3.7,0,1,6,22,70.61,7.63,21.23,0.53,0.0,0.0,0.0,26.96,72.28,0.76,0.0,0.0,0.0,80.91,3.19,10.51,0.0,0.89,0.0,0.0,0.0,0.0,0.0,0,0.0,0.0,0.0,0.0,4.5,0.0,0.0,0.0,0.0,0.0,0.0,20.6,23.03,56.37,0.0,0.0,1981-01-01,2006-12-31,25.9958932238193,21.845311430527037,15.975,False,-73.00222218130236,6.91250001214412,Magdalena-Cauca,24
24037030,Boyacá,629298.33,-8152053.09,2571,1/01/1981,27/09/2021,14109,5.181,441.18,123.65,1.66,0.26,3852,2965.47,2569.0,41.61,5.15e-05,78.27,52.39,40.99,35.18,21.2,21.19,3.2,17.6,1.73,223.08,19.05,0.5,0.2,1.6,0.82,0.61,0.05,1.7,2,5,47,120,1.9,21.11,71.21,4.74,1.03,0.0,0.0,0.0,0.0,99.85,0.15,0.0,0.0,0.02,0.65,37.47,0.13,46.88,0.0,0.0,1.28,0.0,0.0,0,0.0,0.0,9.43,0.0,4.14,0.0,0.0,0.0,4.27,26.94,0.0,10.24,27.69,29.54,0.11,1.21,1981-01-01,2021-09-27,40.73648186173853,38.62833675564682,5.181,False,-73.23113887700772,5.68172224247434,Magdalena-Cauca,24
24037040,Boyacá,715177.51,-8059871.28,2831,1/01/1981,31/12/2020,13154,9.966,152.69,71.57,1.63,0.36,5346,4200.99,2828.0,20.68,0.00026,82.36,16.39,15.6,16.54,9.16,87.13,1.52,16.16,1.63,217.63,20.97,2.5,0.71,1.96,0.64,0.72,0.72,5.91,1,10,5,99,2.42,75.66,15.63,0.35,5.94,0.0,0.0,0.0,0.0,100.0,0.0,0.0,0.0,0.74,29.41,50.9,0.0,0.34,0.0,0.0,0.68,0.0,0.0,0,0.0,0.0,0.0,0.28,0.0,17.64,0.0,0.0,0.0,0.0,0.0,0.0,1.33,98.62,0.0,0.05,1981-01-01,2020-12-31,39.997262149212865,36.01368925393566,9.966,False,-72.40305558859971,6.453972179107503,Magdalena-Cauca,24
24037070,Boyacá,635984.85,-8148537.25,2558,1/01/1981,31/12/2019,13026,8.551,140.61,78.15,1.86,0.2,3726,2955.54,2549.0,26.34,9.82e-05,71.97,28.74,24.88,23.82,13.25,31.09,2.84,15.44,1.67,214.36,19.69,0.77,0.25,1.52,0.86,0.64,0.16,2.25,3,10,16,60,33.4,1.98,64.49,0.12,0.01,0.0,0.0,0.0,0.0,100.0,0.0,0.0,0.0,11.94,4.26,47.61,0.09,36.1,0.0,0.0,0.0,0.0,0.0,0,0.0,0.0,0.0,0.0,0.0,0.0,0.0,0.0,10.81,11.79,1.13,0.0,35.81,40.47,0.0,0.0,1981-01-01,2019-12-31,38.99520876112252,35.663244353182755,8.551,False,-73.19955554892255,5.741888863073647,Magdalena-Cauca,24
24037130,Boyacá,636756.66,-8147461.16,2547,1/01/1981,30/12/2022,13991,8.788,1023.6,240.13,2.12,0.29,3852,2925.42,2546.0,59.34,2.35e-05,77.7,93.16,66.13,51.12,32.23,40.97,3.15,14.87,1.67,209.39,17.44,0.44,0.17,1.75,0.72,0.68,0.11,1.22,1,10,10,25,7.02,10.18,77.32,5.03,0.45,0.0,0.0,0.0,0.0,99.93,0.07,0.0,0.0,4.66,0.96,30.58,1.64,51.22,0.0,0.0,0.56,0.0,0.0,0,0.0,0.0,7.47,0.0,2.91,0.0,0.0,0.0,5.38,33.36,0.16,6.2,27.15,25.62,1.61,0.52,1981-01-01,2022-12-30,41.99315537303217,38.30527036276523,8.788,True,-73.18988886798167,5.748833347991649,Magdalena-Cauca,24
24037290,Boyacá,637985.39,-8115917.55,2498,1/01/1981,31/12/2022,15181,1.037,2360.35,350.14,2.03,0.16,3983,2928.04,2495.07,120.83,1.74e-05,77.72,180.82,114.76,78.64,58.59,21.77,3.03,13.57,1.62,201.81,16.57,0.33,0.12,1.39,0.98,0.62,0.06,0.98,5,27,20,52,8.52,16.2,67.44,5.25,2.59,0.0,0.0,0.0,0.0,87.53,0.6,0.1,0.103,9.58,6.76,34.27,1.54,37.18,0.0,0.0,2.73,0.0,0.0,0,0.0,0.0,6.43,0.0,1.5,0.0,0.0,0.0,8.59,16.27,2.29,3.56,34.65,30.3,1.74,2.61,1981-01-01,2022-12-31,41.9958932238193,41.56331279945243,1.037,True,-72.90652779818859,5.7598888670893835,Magdalena-Cauca,24
24037370,Santander,708883.86,-8105973.01,1829,1/01/1981,31/08/2022,14658,3.68,349.39,126.33,1.91,0.26,4186,2914.08,1813.0,36.87,0.000158,67.41,30.97,26.48,25.01,15.62,80.37,1.82,11.0,1.49,187.51,18.12,2.02,0.44,2.19,0.66,0.74,0.67,4.75,0,2,6,39,55.74,11.23,32.92,0.11,0.0,0.0,0.0,52.43,8.05,19.01,20.51,0.0,0.0,43.77,11.46,35.2,0.03,8.47,0.0,0.0,0.01,0.0,0.0,0,0.0,0.0,0.0,0.0,1.05,0.0,0.0,0.0,0.0,8.36,0.0,6.11,29.63,55.86,0.04,0.0,1981-01-01,2022-08-31,41.661875427789184,40.13141683778234,3.68,True,-72.81719447543321,6.397416641831916,Magdalena-Cauca,24
24037390,Santander,721818.76,-8092244.11,1103,1/01/1981,31/12/2015,12189,4.647,6483.36,704.78,2.47,0.11,5351,3006.18,1102.0,240.14,2.32e-05,76.42,274.49,162.36,103.12,93.46,55.16,2.79,10.41,1.41,178.09,16.03,1.07,0.37,1.78,0.88,0.7,0.15,2.66,0,2,27,144,13.1,30.29,51.64,3.83,1.15,0.0,0.0,1.39,1.84,89.79,0.29,0.5,0.501,7.91,14.64,48.21,0.68,17.69,0.0,0.0,1.12,0.0,0.0,0,0.0,0.0,5.2,0.05,3.99,0.52,0.0,0.0,4.29,8.95,0.89,6.08,28.83,49.35,0.65,0.95,1981-01-01,2015-12-31,34.99520876112252,33.37166324435318,4.647,False,-72.69386566839175,6.513644355414215,Magdalena-Cauca,24
24037410,Boyacá,666280.46,-8104634.38,2611,1/01/1981,31/08/2022,14474,4.889,248.03,100.35,1.8,0.23,4084,3070.92,2569.0,32.66,4.52e-05,72.49,45.71,36.59,32.2,18.08,57.92,2.53,14.15,1.65,214.55,19.25,0.75,0.24,1.48,0.83,0.62,0.13,2.28,4,9,23,68,32.63,11.06,55.88,0.43,0.0,0.0,0.0,0.0,13.15,68.0,0.0,7.08,7.075,17.35,22.33,42.66,0.28,17.27,0.0,0.0,0.11,0.0,0.0,0,0.0,0.0,0.0,0.0,0.0,0.0,0.0,0.0,12.0,5.45,0.0,0.0,36.69,45.86,0.0,0.0,1981-01-01,2022-08-31,41.661875427789184,39.62765229295003,4.889,True,-72.80516935754541,6.0144130860154466,Magdalena-Cauca,24
24037460,Boyacá,636886.32,-8118901.53,2497,1/01/1981,31/12/2001,7285,5.02,2328.32,358.97,2.1,0.17,3981,2930.48,2495.14,116.89,1.77e-05,77.72,175.13,111.75,77.02,56.95,26.99,3.16,14.05,1.65,204.35,16.95,0.11,0.04,1.27,1.02,0.6,0.02,0.34,5,16,28,98,8.47,16.31,67.52,5.07,2.63,0.0,0.0,0.0,0.0,87.89,0.6,0.1,0.096,9.16,6.18,34.64,1.51,37.7,0.0,0.0,2.77,0.0,0.0,0,0.0,0.0,6.52,0.0,1.52,0.0,0.0,0.0,8.16,16.47,2.32,3.6,34.98,30.14,1.69,2.64,1981-01-01,2001-12-31,20.996577686516083,19.94524298425736,5.02,False,-72.93333334660367,5.749999976326644,Magdalena-Cauca,24
24037580,Boyacá,617955.08,-8150058.62,2691,1/03/1991,28/06/2022,10309,9.91,151.06,71.32,1.64,0.27,3793,3090.62,2684.0,23.68,0.000138,77.16,23.25,20.86,20.76,11.46,32.1,2.96,18.07,1.73,226.87,20.33,1.31,0.5,1.21,1.11,0.53,0.15,4.18,9,20,67,68,1.25,23.64,66.63,8.47,0.01,0.0,0.0,0.0,0.0,100.0,0.0,0.0,0.0,0.0,0.0,55.87,0.14,39.37,0.0,0.0,0.03,0.0,0.0,0,0.0,0.0,0.21,0.0,4.38,0.0,0.0,0.0,4.52,29.72,0.0,19.89,19.07,26.8,0.0,0.0,1991-03-01,2022-06-28,31.326488706365502,28.22450376454483,9.91,True,-73.21322224816055,5.579638916584216,Magdalena-Cauca,24
24040060,Santander,732220.3,-8156803.76,549,1/01/1981,16/02/2006,9032,1.591,9891.64,786.71,2.23,0.13,4299,2255.62,542.0,275.07,1.98e-05,72.59,324.03,186.36,114.85,106.81,26.48,1.81,2.81,0.85,102.5,13.65,2.58,0.5,1.58,0.84,0.67,0.74,6.17,0,0,5,56,33.11,5.14,59.36,2.08,0.32,0.0,0.0,3.65,1.89,85.42,1.09,3.18,3.18,40.56,10.59,26.51,0.27,5.84,6.13,0.0,0.61,0.06,0.0,0,0.0,0.0,3.03,0.19,6.21,0.0,0.0,0.79,2.37,20.58,0.3,26.16,23.91,25.31,0.27,0.32,1981-01-01,2006-02-16,25.125256673511295,24.72826830937714,1.591,False,-73.2738148717158,6.6070885751092465,Magdalena-Cauca,24
24067010,Santander,780311.52,-8164264.22,199,1/01/1984,31/12/2010,9176,6.956,20905.58,1221.61,2.38,0.14,5346,2450.5,199.0,393.59,2.26e-05,73.79,406.04,224.8,132.98,136.8,118.7,2.1,3.74,1.0,105.41,13.37,1.72,0.41,1.82,0.73,0.7,0.39,3.75,0,0,13,28,25.74,16.76,52.58,4.3,0.63,0.0,0.0,6.31,5.13,80.83,0.95,2.43,2.428,29.84,15.33,31.62,0.38,9.45,2.91,0.0,0.72,0.03,0.0,0,0.0,0.0,3.08,0.57,5.93,0.16,0.0,0.37,2.55,14.58,0.42,16.73,25.68,38.87,0.35,0.44,1984-01-01,2010-12-31,26.99794661190965,25.12251882272416,6.956,False,-73.34083332416142,7.038888868577466,Magdalena-Cauca,24
24067020,Santander,802013.48,-8214724.3,77,1/08/1992,31/12/2022,10742,3.312,22714.36,1447.22,2.71,0.1,5351,2309.29,76.05,474.02,2.06e-05,73.49,485.48,260.8,149.33,160.35,25.16,2.0,3.19,0.87,99.84,13.19,1.68,0.38,1.72,0.65,0.71,0.47,3.73,0,0,8,29,27.92,15.43,51.78,3.99,0.88,0.0,0.0,5.81,4.73,80.75,0.87,2.5,2.499,32.32,15.35,29.94,0.35,8.76,2.67,0.0,0.84,0.65,0.0,0,0.0,0.08,2.83,0.53,5.54,0.15,0.0,0.34,2.5,15.34,0.96,17.15,25.87,37.11,0.33,0.41,1992-08-01,2022-12-31,30.414784394250514,29.409993155373034,3.312,True,-73.79412393518035,7.233614186089555,Magdalena-Cauca,24
25027050,Antioquia,891616.11,-8343698.56,44,1/01/1981,31/12/2022,14225,7.269,41791.41,2892.4,3.99,0.03,5314,1693.08,40.04,1190.04,1.46e-05,71.97,1126.47,524.97,257.95,344.65,31.21,1.51,1.1,0.61,54.68,8.07,2.87,0.47,2.17,0.47,0.83,1.25,5.03,0,0,2,20,35.49,4.86,57.8,1.29,0.56,0.0,0.88,19.87,9.78,18.61,19.34,10.54,10.541,34.84,6.66,41.03,0.84,1.64,2.68,0.0,0.7,0.01,0.0,0,0.36,1.85,0.0,1.53,7.81,0.05,0.0,3.0,5.57,15.86,0.39,17.12,51.97,4.59,0.91,0.58,1981-01-01,2022-12-31,41.9958932238193,38.945927446954144,7.269,True,-74.9527194253404,8.0366669409593,Magdalena-Cauca,25
26017020,Cauca,272936.76,-8532005.07,1691,1/01/1981,31/12/2006,9235,2.749,727.1,204.96,2.14,0.12,4665,2982.97,1718.01,78.33,5.07e-05,72.21,85.78,61.75,48.46,34.39,18.42,1.51,12.65,1.39,183.27,18.58,2.44,0.49,2.59,0.57,0.7,0.78,5.52,0,0,2,4,33.18,12.83,51.61,2.38,0.01,0.0,0.0,2.99,0.0,3.53,54.1,0.0,0.0,1.58,11.76,78.21,1.6,0.0,0.0,0.0,0.57,0.0,0.0,0,5.3,0.99,0.0,0.0,0.0,0.0,0.0,0.0,3.76,24.84,0.0,8.42,47.11,13.7,1.6,0.57,1981-01-01,2006-12-31,25.9958932238193,25.284052019164957,2.749,False,-76.64430558566247,2.467583365486183,Magdalena-Cauca,26
26017040,Cauca,270738.58,-8517496.43,2006,1/01/1981,31/12/2022,14976,2.373,58.53,46.66,1.72,0.17,3822,2732.86,2006.0,18.66,0.00157,71.3,7.58,8.22,10.03,6.02,45.04,1.5,16.17,1.69,228.6,22.41,3.58,0.67,1.97,0.71,0.73,1.21,9.23,2,4,0,0,34.96,7.26,57.37,0.41,0.0,0.0,0.0,0.0,0.0,0.0,56.97,0.0,0.0,0.0,0.0,100.0,0.0,0.0,0.0,0.0,0.0,0.0,0.0,0,0.0,0.0,0.0,0.0,0.0,0.0,0.0,0.0,0.0,2.25,0.0,19.31,78.42,0.02,0.0,0.0,1981-01-01,2022-12-31,41.9958932238193,41.002053388090346,2.373,True,-76.51397225502458,2.4477222266638017,Magdalena-Cauca,26
26017060,Cauca,243324.01,-8515941.05,3016,1/01/1981,18/04/2022,14657,2.824,129.99,81.78,2.02,0.3,4531,3258.15,2990.0,20.67,0.000162,66.25,19.64,18.14,18.61,10.02,46.7,1.49,19.64,1.88,232.1,21.98,5.17,1.12,1.99,0.83,0.59,1.23,15.18,2,4,9,41,67.96,14.06,17.71,0.26,0.01,0.0,0.0,7.16,0.0,0.0,66.84,0.0,0.0,0.84,3.12,81.08,0.0,0.0,0.0,0.0,0.09,0.0,0.0,0,14.87,0.0,0.0,0.0,0.0,0.0,0.0,0.0,0.0,8.16,0.0,0.11,73.65,17.99,0.0,0.09,1981-01-01,2022-04-18,41.29226557152635,40.12867898699521,2.824,True,-76.50000003875846,2.200000044020689,Magdalena-Cauca,26
26017070,Cauca,242140.6,-8513918.74,2999,1/01/1981,31/10/2022,14251,6.728,71.51,60.32,2.01,0.37,3533,3220.12,2999.01,13.86,7.3e-05,62.62,19.64,18.13,18.61,8.6,61.12,1.45,20.76,1.95,243.66,23.46,5.48,1.16,1.76,0.89,0.55,1.0,16.77,5,7,23,38,86.64,6.61,6.62,0.12,0.01,0.0,0.0,13.18,0.0,0.0,66.2,0.0,0.0,0.78,0.02,93.64,0.0,0.0,0.0,0.0,0.0,0.0,0.0,0,5.56,0.0,0.0,0.0,0.0,0.0,0.0,0.0,0.0,5.37,0.0,0.12,88.92,5.58,0.0,0.0,1981-01-01,2022-10-31,41.828884325804246,39.017111567419576,6.728,True,-76.48183331893617,2.189305600464799,Magdalena-Cauca,26
26027090,Cauca,290182.09,-8500195.52,2586,1/01/1981,31/10/2022,15102,1.158,151.04,74.84,1.72,0.26,3876,3381.1,2586.0,23.96,0.000185,68.51,20.93,19.12,19.39,10.93,50.39,1.49,17.62,1.91,228.05,22.71,2.57,0.58,1.93,0.93,0.55,0.52,7.46,2,4,19,63,43.02,29.19,27.68,0.07,0.05,0.0,0.0,0.0,0.37,0.0,99.0,0.63,0.631,12.3,11.4,64.29,0.0,12.0,0.0,0.0,0.0,0.0,0.0,0,0.0,0.0,0.0,0.0,0.0,0.0,0.0,0.0,0.0,2.13,0.0,38.84,32.64,26.4,0.0,0.0,1981-01-01,2022-10-31,41.828884325804246,41.347022587268995,1.158,True,-76.35855553620283,2.623388869398903,Magdalena-Cauca,26
26027100,Cauca,290458.82,-8518390.07,1802,1/01/1981,31/12/2022,15253,0.567,285.46,132.29,2.21,0.11,3876,3059.98,1800.0,51.87,0.000102,70.02,47.64,37.87,33.08,22.0,26.19,1.52,17.43,1.93,224.1,21.76,2.6,0.57,2.3,0.72,0.65,0.84,6.69,0,2,1,16,38.58,18.67,42.45,0.27,0.03,0.0,0.0,5.78,0.2,0.0,79.77,6.5,6.498,6.94,6.33,80.1,0.29,6.35,0.0,0.0,0.0,0.0,0.0,0,0.0,0.0,0.0,0.0,0.0,0.0,0.0,0.0,0.0,8.04,0.0,35.01,42.69,13.97,0.29,0.0,1981-01-01,2022-12-31,41.9958932238193,41.76043805612594,0.567,True,-76.5219999597296,2.6258888705902814,Magdalena-Cauca,26
26027200,Cauca,280592.21,-8522447.05,1759,1/01/1981,31/12/2022,13977,8.885,248.69,155.57,2.78,0.07,3811,3058.11,1753.0,59.19,7.6e-05,70.42,59.16,45.34,38.07,25.74,34.05,1.42,16.25,1.63,204.78,18.33,2.23,0.47,2.78,0.63,0.69,0.69,5.04,0,0,3,32,39.23,16.91,42.39,1.46,0.01,0.0,0.0,1.49,0.0,0.0,65.32,2.24,2.244,3.98,0.0,84.11,0.0,11.87,0.0,0.0,0.0,0.0,0.0,0,0.03,0.0,0.0,0.0,0.0,0.0,0.0,0.0,2.55,20.1,0.0,18.85,45.37,13.13,0.0,0.0,1981-01-01,2022-12-31,41.9958932238193,38.26694045174538,8.885,True,-76.55844443114327,2.5367500225739454,Magdalena-Cauca,26
26027210,Cauca,336087.35,-8517255.23,1022,1/01/1981,31/07/2021,13168,11.159,157.28,80.08,1.8,0.25,2654,1334.23,1020.0,25.2,8.65e-05,75.1,29.16,25.18,24.05,13.12,120.66,1.59,12.95,1.65,179.28,16.15,2.5,0.41,1.24,1.03,0.59,0.31,7.44,5,52,48,120,14.69,5.14,79.8,0.37,0.0,0.0,0.0,0.0,15.43,52.07,14.85,0.0,0.0,29.53,6.21,63.9,0.0,0.0,0.0,0.0,0.35,0.0,0.0,0,0.0,0.0,0.0,0.0,0.0,0.0,0.0,0.0,4.29,9.81,0.0,67.83,17.71,0.0,0.0,0.36,1981-01-01,2021-07-31,40.577686516084874,36.05201916495551,11.159,False,-76.5118055185593,3.03802777320995,Magdalena-Cauca,26
26027250,Cauca,335945.86,-8524760.02,1035,1/01/1981,31/12/2019,13744,3.51,127.74,70.81,1.77,0.1,2142,1366.32,1021.0,35.6,4.96e-05,74.91,47.15,37.55,32.85,18.97,50.28,1.43,11.87,1.44,184.44,15.44,2.92,0.46,1.89,0.97,0.68,0.65,7.76,0,2,14,37,14.83,6.37,78.42,0.37,0.0,0.0,0.0,0.0,7.17,75.75,0.0,0.0,0.0,34.9,14.5,50.6,0.0,0.0,0.0,0.0,0.0,0.0,0.0,0,0.0,0.0,0.0,0.0,0.0,0.0,0.0,0.0,0.0,10.77,0.0,48.83,40.41,0.0,0.0,0.0,1981-01-01,2019-12-31,38.99520876112252,37.6290212183436,3.51,False,-76.57922219417037,3.036750002463955,Magdalena-Cauca,26
26037010,Cauca,278144.88,-8552824.9,1628,1/01/1981,31/01/2021,14385,1.749,155.31,79.93,1.81,0.35,3049,2025.26,1625.0,20.95,0.000185,68.8,18.86,17.54,18.12,9.87,76.16,1.2,11.15,1.61,173.0,16.78,3.18,0.43,2.31,0.86,0.75,0.75,7.4,0,0,11,42,51.5,0.0,48.37,0.13,0.0,0.0,0.0,0.0,0.0,4.73,54.26,1.42,1.424,62.51,10.64,26.81,0.04,0.0,0.0,0.0,0.0,0.0,0.0,0,0.0,0.0,0.0,0.0,0.0,0.0,0.0,0.0,0.0,12.61,0.0,69.18,18.17,0.0,0.04,0.0,1981-01-01,2021-01-31,40.082135523613964,39.383983572895275,1.749,False,-76.83133330068017,2.514638905432877,Magdalena-Cauca,26
26047020,Cauca,338738.8,-8499107.07,1102,1/01/1981,31/12/2019,13353,6.255,844.13,225.28,2.19,0.23,4321,2633.15,1096.0,61.2,0.000111,69.19,52.5,41.06,35.23,24.58,44.45,1.73,15.63,1.74,195.9,18.82,1.39,0.3,1.81,1.02,0.64,0.23,3.76,1,5,28,56,46.04,10.54,43.3,0.12,0.01,0.0,0.0,74.75,7.91,0.0,10.05,7.26,7.262,29.24,0.0,69.26,0.06,0.0,0.0,0.0,0.38,0.0,0.0,0,0.0,0.0,0.0,0.0,1.07,0.0,0.0,0.01,4.26,0.19,0.0,15.87,75.77,3.45,0.06,0.38,1981-01-01,2019-12-31,38.99520876112252,36.558521560574945,6.255,False,-76.34877782349284,3.0619722571960715,Magdalena-Cauca,26
26057040,Valle Del Cauca,344844.73,-8529747.75,1022,1/01/1981,31/12/2022,15285,0.359,396.15,155.76,2.21,0.2,3398,1800.39,1022.0,44.04,5.84e-05,67.22,52.16,40.83,35.08,21.62,194.82,1.06,9.31,1.43,152.88,12.12,4.93,0.65,2.34,0.76,0.73,1.35,10.56,0,1,9,37,61.15,1.33,36.95,0.5,0.07,0.0,0.0,0.0,0.0,70.28,28.6,0.0,0.0,23.94,9.01,61.82,0.0,0.0,0.0,0.0,0.32,0.0,0.0,0,0.0,0.0,0.0,3.3,1.62,0.0,0.0,0.7,0.0,1.48,0.32,37.77,51.51,7.94,0.0,0.28,1981-01-01,2022-12-31,41.9958932238193,41.84804928131417,0.359,True,-76.62402773509098,3.1171110888394957,Magdalena-Cauca,26
26127040,Risaralda,526683.09,-8449065.86,938,1/01/1981,31/12/2022,15085,1.662,2797.19,380.0,2.03,0.11,4795,1826.21,940.54,159.45,2.64e-05,72.6,190.53,119.86,81.36,66.8,31.1,1.62,8.31,1.17,142.07,12.05,3.12,0.56,1.63,0.83,0.69,0.79,8.18,0,2,4,31,31.1,1.67,64.73,2.29,0.2,0.0,0.0,19.78,2.8,9.54,6.38,17.11,17.109,18.7,3.81,65.12,1.83,2.22,0.1,0.0,0.44,0.0,0.0,0,1.37,0.0,0.0,0.0,6.32,0.09,0.0,2.35,13.47,15.15,0.58,14.61,49.17,3.43,1.0,0.24,1981-01-01,2022-12-31,41.9958932238193,41.30047912388775,1.662,True,-75.89924998570447,4.757611143737734,Magdalena-Cauca,26
26137110,Risaralda,528433.84,-8419433.23,1603,1/01/1981,24/05/2017,12951,2.573,276.44,114.67,1.95,0.15,4886,3242.25,1598.0,43.52,0.000175,68.35,33.83,28.49,26.48,17.38,83.63,1.11,9.11,1.3,166.6,12.92,3.88,0.63,2.14,0.69,0.72,1.2,9.03,0,1,2,22,52.96,34.92,11.53,0.18,0.41,0.0,0.0,0.02,0.44,0.0,49.6,0.0,0.0,6.9,0.0,66.55,0.0,0.0,0.0,0.0,1.15,0.0,0.0,0,13.65,0.0,0.0,9.03,0.0,2.72,0.0,0.0,0.0,9.29,0.0,2.62,29.21,58.31,0.0,0.58,1981-01-01,2017-05-24,36.39151266255989,35.45790554414784,2.573,False,-75.63305554132789,4.773388928750271,Magdalena-Cauca,26
26137120,Risaralda,538369.22,-8418334.51,1699,1/01/1981,31/10/1994,5044,0.158,79.81,67.85,2.14,0.14,4356,2496.96,1689.0,23.57,0.00022,68.09,19.33,17.9,18.42,10.45,83.21,1.13,8.71,1.36,185.21,14.0,4.82,0.71,1.78,0.71,0.66,1.54,11.62,1,1,0,0,55.88,7.19,35.89,0.92,0.11,0.0,0.0,0.0,9.67,0.0,39.44,45.03,45.027,30.4,0.0,64.69,0.53,0.0,0.0,0.0,0.23,0.0,0.0,0,4.15,0.0,0.0,0.0,0.0,0.0,0.0,0.0,0.0,16.42,0.0,13.06,35.53,34.99,0.0,0.0,1981-01-01,1994-10-31,13.828884325804244,13.809719370294319,0.158,False,-75.62318557163822,4.862919722625294,Magdalena-Cauca,26
26147130,Risaralda,559405.54,-8454427.75,1108,1/01/1981,11/07/2019,13178,6.346,241.45,103.78,1.88,0.25,3890,2083.14,1104.0,31.26,0.000102,67.98,32.29,27.41,25.69,14.98,50.57,1.11,8.11,1.27,152.41,12.73,4.04,0.56,2.12,0.72,0.72,1.23,9.26,0,2,3,32,56.19,0.23,43.25,0.32,0.01,0.0,0.0,0.0,0.0,89.13,10.87,0.0,0.0,39.22,0.0,57.57,0.65,0.0,0.0,0.0,0.0,0.0,0.0,0,0.0,0.0,0.0,0.0,2.56,0.0,0.0,0.0,0.0,0.0,0.0,0.33,93.22,6.45,0.0,0.0,1981-01-01,2019-07-11,38.521560574948666,36.07939767282683,6.346,False,-75.94741666309216,5.05244446606883,Magdalena-Cauca,26
26147140,Caldas,552245.66,-8444575.98,947,1/01/1981,31/12/2016,12873,2.099,845.42,243.78,2.36,0.08,3298,1786.26,943.03,102.16,4.05e-05,71.43,114.71,78.62,58.52,43.91,31.37,1.46,5.72,1.08,131.5,11.31,2.96,0.48,1.89,0.69,0.74,0.98,6.85,0,1,2,10,38.02,0.35,61.04,0.56,0.03,0.0,1.03,3.53,19.3,0.37,37.55,30.11,30.113,13.21,2.03,42.32,0.52,1.3,0.0,0.0,0.36,0.0,0.0,0,0.0,0.0,0.0,0.3,39.96,0.0,0.0,3.55,1.7,19.0,0.0,29.14,39.91,6.7,0.0,0.0,1981-01-01,2016-12-31,35.997262149212865,35.24435318275154,2.099,False,-75.85891670742586,4.987944399961884,Magdalena-Cauca,26
26157020,Caldas,567657.86,-8423678.83,855,1/01/1981,31/12/2014,11570,6.829,1056.19,236.2,2.05,0.17,5316,2518.71,846.0,78.79,7.99e-05,69.74,72.32,53.58,43.37,31.68,73.26,1.5,7.18,1.06,141.09,11.68,2.3,0.41,1.46,0.81,0.64,0.52,6.53,2,3,13,31,39.63,9.13,48.33,2.51,0.41,0.0,0.0,26.65,11.57,1.74,23.12,20.83,20.829,1.48,0.06,81.97,2.09,0.0,0.0,0.0,0.33,0.0,0.0,0,0.13,0.0,0.0,8.9,4.0,1.03,0.0,0.0,1.74,9.1,0.0,16.94,56.92,14.59,0.66,0.05,1981-01-01,2014-12-31,33.9958932238193,31.67693360711841,6.829,False,-75.67119441503048,5.126777748066587,Magdalena-Cauca,26
26157100,Caldas,566828.27,-8411826.4,1177,1/01/1990,10/03/2005,5140,7.354,306.93,117.77,1.9,0.19,3918,2550.26,1177.0,40.62,0.000161,68.14,33.14,28.01,26.13,16.76,43.49,1.84,9.07,1.27,160.93,13.47,2.99,0.6,2.85,0.54,0.77,0.99,5.7,0,0,9,34,51.93,0.35,44.86,2.81,0.05,0.0,0.0,17.19,18.01,0.79,16.42,28.34,28.338,0.83,0.19,90.45,2.86,0.0,0.0,0.0,0.13,0.0,0.0,0,0.0,0.0,0.0,4.34,1.2,0.0,0.0,0.0,0.0,0.54,0.0,9.22,84.59,4.34,1.31,0.0,1990-01-01,2005-03-10,15.186858316221766,14.072553045859001,7.354,False,-75.5647222248009,5.1193055591531795,Magdalena-Cauca,26
26167070,Caldas,583372.67,-8422899.6,833,1/01/1981,31/12/2022,14480,5.606,24648.02,1595.61,2.87,0.05,5316,1860.41,764.05,689.3,1.53e-05,72.92,725.54,364.19,193.85,225.41,53.12,1.64,4.6,1.15,97.1,9.53,2.4,0.45,2.15,0.69,0.8,0.84,4.87,0,0,0,0,30.48,5.8,61.61,1.78,0.33,0.0,0.13,14.17,6.52,12.53,24.73,8.34,8.339,27.05,7.43,44.78,1.25,2.78,4.55,0.0,0.62,0.0,0.0,0,0.59,0.37,0.0,2.32,8.17,0.09,0.0,5.02,8.22,14.33,0.34,17.15,45.96,7.07,1.41,0.51,1981-01-01,2022-12-31,41.9958932238193,39.644079397672826,5.606,True,-75.66419447284203,5.268305523897415,Magdalena-Cauca,26
26167080,Caldas,583963.19,-8421645.19,791,1/01/1988,30/09/2008,6960,8.167,124.86,94.0,2.37,0.1,3309,1709.99,786.0,35.69,0.000107,71.6,35.07,29.36,27.11,16.41,26.57,1.74,7.24,1.0,147.24,12.38,2.42,0.43,1.65,0.72,0.72,0.69,5.33,1,2,4,17,32.53,0.07,67.04,0.26,0.11,0.0,1.3,1.94,25.63,2.72,7.81,34.75,34.753,2.25,0.0,44.19,0.15,0.0,0.0,0.0,0.6,0.0,0.0,0,0.0,0.0,0.0,2.9,49.91,0.0,0.0,0.0,1.5,17.45,0.0,23.33,54.82,2.9,0.0,0.0,1988-01-01,2008-09-30,20.747433264887064,19.055441478439427,8.167,False,-75.6529259160865,5.273623123222429,Magdalena-Cauca,26
26167090,Caldas,593148.83,-8403826.86,1453,1/01/1988,13/05/2011,7683,9.972,209.65,89.01,1.73,0.22,3835,2575.86,1450.0,30.97,0.000179,70.6,25.84,22.78,22.23,13.37,81.63,1.63,8.04,1.17,159.78,13.26,1.7,0.32,2.06,0.7,0.72,0.45,4.09,0,2,13,80,37.44,0.22,62.28,0.06,0.0,0.0,0.0,8.54,0.0,21.71,5.75,23.37,23.366,0.0,8.66,79.63,0.06,0.0,0.0,0.0,0.0,0.0,0.0,0,0.0,0.0,0.0,2.93,8.72,0.0,0.0,0.0,0.0,0.35,0.0,16.15,80.57,2.93,0.0,0.0,1988-01-01,2011-05-13,23.362080766598222,21.034907597535934,9.972,False,-75.49286113432164,5.356333321811044,Magdalena-Cauca,26
26177010,Caldas,603876.79,-8421693.64,1187,1/01/1981,31/12/2010,9906,9.592,149.07,81.29,1.88,0.3,3301,2055.93,1185.0,22.33,0.000161,70.69,20.94,19.13,19.4,10.65,136.8,1.36,5.76,1.14,141.83,12.76,4.74,0.74,1.59,0.84,0.67,1.15,11.82,1,2,10,41,33.8,0.0,65.52,0.57,0.12,0.0,5.01,0.0,0.0,33.87,0.0,61.12,61.122,1.16,1.08,67.99,0.79,0.0,0.0,0.0,0.0,0.0,0.0,0,0.0,0.0,0.0,5.9,23.08,0.0,0.0,0.0,0.17,11.92,0.0,25.43,56.58,5.9,0.0,0.0,1981-01-01,2010-12-31,29.9958932238193,27.121149897330596,9.592,False,-75.65336114984167,5.452916652131692,Magdalena-Cauca,26
26177030,Risaralda,541652.09,-8447222.91,928,1/01/1981,31/12/2022,15298,0.274,21924.14,1599.7,3.05,0.06,4795,1826.87,940.11,610.5,1.55e-05,73.06,658.59,336.04,182.04,205.21,65.52,1.68,5.19,1.14,102.67,10.0,2.17,0.42,2.11,0.71,0.8,0.8,4.56,0,0,0,8,30.13,5.45,62.37,1.75,0.3,0.0,0.04,14.01,6.31,13.68,22.85,7.76,7.759,28.64,8.32,43.69,1.22,2.91,5.11,0.0,0.6,0.0,0.0,0,0.37,0.41,0.0,2.03,6.67,0.01,0.0,5.64,8.87,14.38,0.38,17.59,45.28,5.8,1.53,0.53,1981-01-01,2022-12-31,41.9958932238193,41.883641341546884,0.274,True,-75.8826944841758,4.89250004361447,Magdalena-Cauca,26
26187110,Caldas,635107.2,-8415597.66,606,1/01/1981,31/12/2022,15202,0.9,26536.53,1626.4,2.82,0.05,5316,1852.16,609.02,754.71,1.52e-05,72.85,779.89,386.73,203.16,241.78,42.66,1.66,4.36,1.14,95.21,9.43,2.26,0.43,1.97,0.71,0.78,0.78,4.73,0,0,2,11,30.71,5.41,61.85,1.7,0.33,0.0,0.97,13.43,6.88,13.15,23.18,10.54,10.536,25.28,7.26,44.97,1.2,2.58,4.22,0.0,0.62,0.0,0.0,0,0.55,0.34,0.0,2.26,10.64,0.08,0.0,4.66,7.68,14.16,0.31,17.09,47.51,6.78,1.31,0.5,1981-01-01,2022-12-31,41.9958932238193,41.620807665982205,0.9,True,-75.59860002978479,5.733991961492367,Magdalena-Cauca,26
26197010,Antioquia,629255.11,-8446431.3,1235,1/01/1981,31/08/2015,11989,5.308,470.67,140.2,1.82,0.47,3821,2284.16,1218.0,31.68,0.000111,67.44,31.57,26.9,25.32,14.89,44.18,1.27,3.89,0.91,120.54,10.86,4.88,0.72,2.12,0.65,0.74,1.71,9.97,0,0,0,4,58.71,0.27,40.66,0.33,0.03,0.0,1.09,0.0,21.31,35.25,6.23,36.12,36.115,18.52,0.6,79.5,0.28,0.0,0.0,0.0,0.0,0.0,0.0,0,0.41,0.0,0.0,0.68,0.0,0.0,0.0,0.0,2.13,8.08,0.0,14.51,74.12,0.87,0.28,0.01,1981-01-01,2015-08-31,34.6611909650924,32.824093086926766,5.308,False,-75.87558333055519,5.681333319631533,Magdalena-Cauca,26
26197030,Antioquia,651425.26,-8450074.54,667,1/01/1981,31/05/2015,12013,4.424,1154.02,232.19,1.93,0.29,3991,1973.49,660.0,63.43,6.34e-05,70.0,66.92,50.23,41.24,28.08,48.8,1.18,3.11,0.83,104.89,10.43,4.23,0.57,1.8,0.68,0.72,1.27,9.53,0,1,2,25,45.97,0.64,53.0,0.35,0.04,0.0,0.44,0.0,17.26,55.44,3.81,23.05,23.046,37.27,2.92,58.8,0.3,0.0,0.0,0.0,0.26,0.0,0.0,0,0.17,0.0,0.0,0.28,0.0,0.0,0.0,0.0,5.57,5.57,0.0,7.76,80.19,0.35,0.3,0.26,1981-01-01,2015-05-31,34.40930869267625,32.889801505817935,4.424,False,-75.90831111231233,5.880800002481315,Magdalena-Cauca,26
26207030,Antioquia,645772.06,-8427497.71,592,1/01/1981,31/12/2020,13347,8.645,29114.62,1785.6,2.95,0.05,5316,1867.75,588.02,775.11,1.52e-05,72.63,797.5,393.98,206.13,246.95,101.02,1.66,3.44,1.03,84.62,9.08,2.24,0.42,2.02,0.7,0.79,0.85,4.53,0,0,1,13,31.74,5.02,61.32,1.61,0.32,0.0,1.18,15.15,8.79,13.82,21.12,10.91,10.909,25.37,6.77,46.27,1.12,2.35,3.85,0.0,0.61,0.0,0.0,0,0.5,0.31,0.0,2.16,10.61,0.08,0.0,4.25,7.21,14.02,0.29,18.35,47.87,6.3,1.22,0.5,1981-01-01,2020-12-31,39.997262149212865,36.54209445585216,8.645,False,-75.70549999775267,5.829944477231975,Magdalena-Cauca,26
26207080,Antioquia,661342.17,-8442470.18,559,1/01/1981,30/12/2020,14533,0.52,31123.09,1887.18,3.02,0.05,5316,1862.56,566.1,804.28,1.51e-05,72.54,822.82,404.35,210.35,254.33,26.81,1.62,3.25,1.03,85.08,8.68,2.35,0.43,1.98,0.69,0.8,0.9,4.82,0,0,1,12,32.17,4.74,61.24,1.53,0.32,0.0,1.12,14.17,8.88,16.07,20.17,12.43,12.429,26.07,6.66,46.98,1.07,2.2,3.6,0.0,0.6,0.0,0.0,0,0.48,0.29,0.0,2.03,9.94,0.07,0.0,3.97,6.99,13.85,0.27,18.07,49.29,5.9,1.17,0.49,1981-01-01,2020-12-30,39.99452429842574,39.78918548939083,0.52,False,-75.83999998417286,5.9699999598096465,Magdalena-Cauca,26
26217010,Antioquia,726418.84,-8445163.49,660,1/01/1981,31/12/2022,14226,7.262,321.74,105.3,1.66,0.24,3488,2056.04,651.0,36.51,0.00015,68.62,31.36,26.75,25.21,15.66,42.7,1.85,5.93,1.13,145.88,16.6,1.91,0.38,1.9,0.68,0.79,0.56,4.49,0,2,1,12,50.05,11.86,37.86,0.23,0.0,0.0,0.0,2.04,1.67,53.02,43.27,0.0,0.0,69.69,3.38,24.97,0.14,0.0,0.0,0.0,0.0,0.0,0.0,0,0.0,0.0,0.0,0.0,1.82,0.0,0.0,0.0,0.0,1.59,0.0,4.76,91.17,2.33,0.14,0.0,1981-01-01,2022-12-31,41.9958932238193,38.94866529774127,7.262,True,-75.8641943995516,6.554972241550938,Magdalena-Cauca,26
26237020,Antioquia,716138.94,-8433153.36,578,1/01/1981,31/12/2017,12817,5.158,194.67,76.97,1.56,0.24,3083,1938.64,569.0,28.48,7.08e-05,71.88,34.61,29.04,26.88,14.96,26.74,2.66,6.84,1.22,158.35,17.81,1.67,0.43,1.44,0.65,0.78,0.48,3.79,2,30,3,27,34.61,3.17,60.96,1.23,0.03,0.0,0.0,21.43,63.45,8.29,0.0,6.84,6.835,47.4,0.0,52.32,0.17,0.0,0.0,0.0,0.12,0.0,0.0,0,0.0,0.0,0.0,0.0,0.0,0.0,0.0,8.0,2.4,17.01,0.0,22.86,49.43,0.0,0.17,0.12,1981-01-01,2017-12-31,36.99657768651608,35.09103353867214,5.158,False,-75.75630556611897,6.462611149099796,Magdalena-Cauca,26
26237040,Antioquia,807977.96,-8393125.03,142,1/01/1981,29/12/2022,14023,8.573,37672.24,2515.22,3.65,0.04,5314,1826.76,142.09,1023.81,1.47e-05,72.02,1000.06,475.52,238.76,306.93,120.18,1.58,1.63,0.73,61.39,7.15,2.43,0.42,2.11,0.51,0.82,1.05,4.53,0,0,2,38,34.72,5.36,58.13,1.37,0.42,0.0,0.98,18.05,10.44,16.42,20.39,11.29,11.286,30.23,7.27,44.55,0.91,1.82,2.98,0.0,0.59,0.0,0.0,0,0.4,0.85,0.0,1.7,8.66,0.06,0.0,3.33,5.95,12.82,0.22,17.2,53.9,5.09,0.99,0.5,1981-01-01,2022-12-29,41.99041752224504,38.392881587953454,8.573,True,-75.39672495975115,7.287116906648703,Magdalena-Cauca,26
26237100,Antioquia,736434.71,-8440930.26,479,1/01/1984,25/08/1999,5329,6.77,34173.58,2176.44,3.32,0.04,5314,1836.4,465.01,902.41,1.49e-05,72.39,902.49,436.63,223.36,278.1,84.71,1.62,2.06,0.94,72.13,7.5,2.33,0.43,2.24,0.54,0.83,1.14,4.38,0,0,0,0,32.75,5.21,60.21,1.48,0.35,0.0,1.08,14.48,9.69,17.34,20.24,12.44,12.438,27.81,7.21,45.77,1.0,2.0,3.28,0.0,0.62,0.0,0.0,0,0.44,0.46,0.0,1.85,9.51,0.07,0.0,3.66,6.44,13.44,0.24,17.57,51.55,5.48,1.08,0.52,1984-01-01,1999-08-25,15.646817248459959,14.590006844626968,6.77,False,-75.82616664744965,6.6449444552044294,Magdalena-Cauca,26
26247020,Antioquia,883054.33,-8371225.71,49,1/01/1981,31/12/2022,15220,0.782,41286.78,2730.55,3.79,0.03,5316,1713.14,46.01,1143.59,1.47e-05,71.89,1089.94,510.78,252.48,334.0,145.06,1.5,1.17,0.62,57.36,8.07,2.83,0.47,1.97,0.47,0.82,1.13,5.26,0,0,1,8,35.76,4.89,57.56,1.29,0.49,0.0,0.89,20.1,9.89,18.02,19.58,10.67,10.669,34.28,6.72,41.39,0.84,1.66,2.71,0.0,0.67,0.0,0.0,0,0.36,1.87,0.0,1.55,7.9,0.05,0.0,3.04,5.49,15.19,0.31,17.29,52.61,4.62,0.91,0.55,1981-01-01,2022-12-31,41.9958932238193,41.67008898015058,0.782,True,-75.20000002107292,7.959999991367301,Magdalena-Cauca,26
26247030,Antioquia,828432.92,-8385469.35,113,1/01/1981,7/06/2021,13971,5.397,38284.54,2532.36,3.65,0.04,5316,1809.74,106.0,1052.42,1.47e-05,71.98,1022.3,484.29,242.19,313.55,29.96,1.59,1.63,0.81,61.61,7.73,2.56,0.45,2.04,0.54,0.82,1.08,4.81,0,0,2,34,34.99,5.26,57.97,1.36,0.42,0.0,0.96,19.13,10.51,16.17,20.06,11.1,11.104,30.8,7.15,43.84,0.9,1.79,2.93,0.0,0.59,0.0,0.0,0,0.38,1.37,0.0,1.67,8.52,0.06,0.0,3.28,5.86,12.85,0.22,17.31,54.02,4.99,0.97,0.51,1981-01-01,2021-06-07,40.42984257357974,38.25051334702259,5.397,False,-75.32795281620787,7.47055303280085,Magdalena-Cauca,26
27027060,Antioquia,769259.95,-8391355.98,1784,1/01/1981,31/12/2022,14562,5.072,248.37,108.13,1.94,0.17,3002,2530.19,1779.0,38.65,3.88e-05,74.55,55.18,42.79,36.39,21.15,80.16,1.21,2.81,0.93,140.22,18.1,3.08,0.45,1.66,0.69,0.72,1.03,7.53,0,1,2,12,18.46,8.71,71.75,1.09,0.0,0.0,0.0,2.94,97.06,0.0,0.0,0.0,0.0,99.37,0.0,0.0,0.63,0.0,0.0,0.0,0.0,0.0,0.0,0,0.0,0.0,0.0,0.0,0.0,0.0,0.0,0.14,7.28,23.16,0.0,56.7,12.1,0.0,0.63,0.0,1981-01-01,2022-12-31,41.9958932238193,39.86858316221766,5.072,True,-75.38083331321745,6.93969440437871,Magdalena-Cauca,27
27027080,Antioquia,798607.13,-8384463.45,624,1/01/1981,31/07/2005,8169,9.011,182.98,103.94,2.17,0.11,2760,1633.96,611.03,40.23,5.36e-05,68.39,50.26,39.6,34.25,20.51,106.81,0.95,1.75,0.92,126.46,18.46,9.15,0.94,1.69,0.8,0.7,2.61,21.25,0,1,6,21,53.44,0.24,46.22,0.08,0.03,0.0,0.0,97.1,2.9,0.0,0.0,0.0,0.0,96.12,0.0,0.0,0.0,0.0,0.0,0.0,0.0,0.0,0.0,0,0.0,3.88,0.0,0.0,0.0,0.0,0.0,0.0,0.0,4.53,0.0,32.4,63.07,0.0,0.0,0.0,1981-01-01,2005-07-31,24.577686516084874,22.365503080082135,9.011,False,-75.31891666276492,7.203055578449614,Magdalena-Cauca,27
27037010,Antioquia,891088.62,-8325451.75,41,1/01/1981,31/12/2022,14984,2.321,14627.22,1209.79,2.82,0.11,3365,1057.11,36.02,368.02,1.74e-05,69.91,426.1,234.0,137.2,136.56,37.38,1.13,0.88,0.55,81.95,13.71,4.99,0.56,2.22,0.62,0.82,1.77,8.97,0,0,1,8,50.94,1.42,43.83,2.85,0.96,0.0,0.0,40.28,40.47,13.29,0.8,2.41,2.411,78.75,3.51,8.4,1.07,0.0,0.0,0.0,0.75,1.29,0.0,0,0.0,6.24,0.0,0.0,0.0,0.0,0.0,0.2,2.64,31.47,0.63,33.9,29.28,0.1,1.11,0.67,1981-01-01,2022-12-31,41.9958932238193,41.02395619438741,2.321,True,-74.78880554224617,8.031943924261826,Magdalena-Cauca,27
28017080,La Guajira,1203562.45,-8132454.68,283,1/01/1981,31/12/2020,13624,6.749,215.37,96.93,1.86,0.13,2615,970.76,280.0,40.47,9.27e-05,71.97,40.9,33.36,29.96,18.57,32.33,3.0,11.68,2.55,188.9,30.33,1.02,0.31,0.69,1.05,0.43,0.05,4.09,31,36,100,179,20.11,52.97,11.32,15.61,0.0,0.0,0.0,4.04,82.56,0.0,2.05,9.72,9.723,40.91,44.58,0.0,0.02,11.93,0.0,0.0,0.32,0.0,0.0,0,0.0,0.0,0.0,0.0,2.24,0.0,0.0,0.0,0.57,0.0,0.0,21.22,70.58,7.29,0.02,0.32,1981-01-01,2020-12-31,39.997262149212865,37.30047912388775,6.749,False,-73.05508336453332,10.818916645816074,Magdalena-Cauca,28
28027160,Cesar,1069475.76,-8198215.84,42,1/01/1981,31/05/2012,10568,7.896,11400.6,843.1,2.23,0.12,5462,760.78,34.01,314.89,1.83e-05,71.49,370.48,208.32,125.29,120.12,228.09,2.43,5.19,1.29,128.48,24.26,0.07,0.02,1.13,1.7,0.6,0.0,0.21,3,39,87,95,34.91,13.15,48.2,3.54,0.11,0.09,0.98,4.69,9.87,9.85,3.2,26.27,26.274,36.8,42.17,1.63,0.47,9.9,0.0,0.0,0.29,0.0,0.0,0,0.0,0.0,0.0,0.34,8.4,0.0,0.0,0.0,24.24,5.02,2.74,21.01,28.29,17.7,0.65,0.34,1981-01-01,2012-05-31,31.411362080766597,28.933607118412045,7.896,False,-73.64582591582761,9.625801326833843,Magdalena-Cauca,28
28037030,Cesar,1154638.0,-8152201.52,108,1/01/1981,31/12/2022,14037,8.494,3434.05,441.76,2.13,0.19,5462,1163.97,109.06,134.31,3.22e-05,70.36,154.66,100.78,71.05,56.46,82.97,2.08,6.86,1.62,140.33,21.38,0.85,0.19,0.96,1.64,0.53,0.06,3.34,16,22,104,147,34.47,28.26,32.16,4.68,0.14,0.3,2.03,11.54,29.83,3.21,4.68,18.93,18.929,37.73,42.69,0.0,0.86,10.35,0.0,0.0,0.38,0.0,0.0,0,0.0,0.0,0.0,1.14,6.85,0.0,0.0,0.0,12.56,6.37,0.44,18.07,21.89,39.04,1.19,0.44,1981-01-01,2022-12-31,41.9958932238193,38.431211498973305,8.494,True,-73.23247224638394,10.384111066801644,Magdalena-Cauca,28
28037060,Cesar,1121412.15,-8207898.37,123,1/01/1981,31/12/2022,14282,6.897,175.01,111.87,2.39,0.09,1801,577.06,118.01,45.16,3.77e-05,69.69,62.95,47.74,39.63,23.95,40.05,2.95,8.43,1.67,159.19,25.36,0.89,0.21,0.65,1.21,0.47,0.07,3.24,20,38,88,109,45.72,1.04,53.2,0.04,0.0,0.0,0.0,0.0,12.32,0.0,4.76,82.92,82.919,16.4,64.53,0.0,0.0,0.02,0.0,0.0,0.0,0.0,0.0,0,0.0,0.0,0.0,0.0,19.06,0.0,0.0,0.0,0.12,2.13,0.0,5.43,92.32,0.0,0.0,0.0,1981-01-01,2022-12-31,41.9958932238193,39.10198494182067,6.897,True,-73.73280556270707,10.088472226609271,Magdalena-Cauca,28
29037020,Bolivar,1139995.78,-8339131.68,8,1/01/1981,29/12/2022,15265,0.476,260371.52,4828.55,2.67,0.09,5462,1154.09,0.0,1676.53,1.44e-05,72.81,1473.33,656.19,307.07,448.21,56.79,1.7,0.12,0.1,53.86,9.86,2.45,0.43,2.23,0.48,0.89,1.03,4.08,0,0,0,0,32.23,6.79,56.54,1.59,2.84,0.0,0.34,12.7,14.16,33.77,4.58,10.43,10.433,48.25,16.69,16.68,0.58,3.51,1.99,0.0,2.37,2.49,0.0,0,0.07,2.03,0.28,0.74,4.28,0.03,0.0,1.56,7.22,16.84,3.61,21.74,35.85,10.77,0.6,1.81,1981-01-01,2022-12-29,41.99041752224504,41.79329226557152,0.476,True,-74.911694444293,10.253861105140853,Magdalena-Cauca,29
29067040,Magdalena,1204901.19,-8251062.5,43,1/01/1981,12/12/2019,13383,5.919,60.25,43.07,1.57,0.19,1969,860.19,36.0,17.67,0.000188,58.11,16.46,15.66,16.59,8.65,66.41,2.26,10.47,1.97,183.84,27.61,2.74,0.73,1.31,0.91,0.7,0.44,7.71,2,2,26,140,86.88,0.5,12.55,0.07,0.0,0.0,0.0,70.94,29.05,0.0,0.0,0.0,0.0,52.98,27.56,0.0,0.17,0.0,0.0,0.0,0.0,0.0,0.0,0,0.0,0.0,0.0,0.0,19.3,0.0,0.0,0.0,0.0,0.1,0.0,0.56,99.17,0.0,0.17,0.0,1981-01-01,2019-12-12,38.94318959616701,36.64065708418891,5.919,False,-74.12055553975429,10.830805557309631,Magdalena-Cauca,29
29067060,Magdalena,1167671.0,-8252484.92,60,1/01/1981,31/01/2003,7165,11.17,1005.61,264.72,2.35,0.08,3916,1409.27,56.99,109.97,4.65e-05,66.79,115.21,78.9,58.68,45.25,83.21,1.55,4.91,1.18,127.77,21.09,2.15,0.39,1.92,0.73,0.75,0.69,4.75,0,2,5,32,58.2,13.73,27.75,0.3,0.01,0.0,0.71,22.22,66.61,9.77,0.0,0.47,0.47,41.9,34.68,20.08,0.0,0.0,2.94,0.0,0.09,0.0,0.0,0,0.0,0.0,0.0,0.0,0.31,0.0,0.0,0.0,1.13,6.6,0.0,16.96,46.12,29.1,0.0,0.09,1981-01-01,2003-01-31,22.080766598220396,19.616700889801507,11.17,False,-74.13333335601867,10.500000008269904,Magdalena-Cauca,29
29067070,Magdalena,1213303.94,-8254797.89,34,1/01/1981,31/12/2022,12924,15.75,312.24,121.85,1.95,0.11,4247,1731.91,26.0,53.87,5.52e-05,57.32,62.21,47.27,39.33,25.46,71.63,1.03,9.62,1.68,160.73,23.97,3.73,0.52,1.63,0.99,0.71,0.95,9.52,1,5,5,24,80.96,7.25,11.73,0.04,0.02,0.0,0.0,75.0,24.93,0.0,0.0,0.0,0.0,48.04,28.81,5.93,0.0,0.0,0.0,0.0,0.03,0.0,0.0,0,0.0,0.0,0.0,0.0,17.18,0.0,0.0,0.0,0.06,0.01,0.0,0.0,67.53,32.37,0.0,0.03,1981-01-01,2022-12-31,41.9958932238193,35.383983572895275,15.75,True,-74.15411111904577,10.905416691222028,Magdalena-Cauca,29
29067120,Magdalena,1170286.31,-8257992.14,49,1/01/1981,31/12/2017,12671,6.238,1102.99,270.64,2.3,0.08,3916,1296.48,42.02,119.53,4.16e-05,67.35,128.2,86.23,62.9,49.24,134.06,1.67,5.74,1.34,140.17,22.14,2.21,0.41,1.4,0.71,0.69,0.62,5.52,1,9,4,26,55.46,12.94,31.2,0.35,0.04,0.0,0.66,20.25,60.81,16.57,0.0,0.43,0.425,44.36,32.58,18.3,0.08,0.0,4.3,0.0,0.11,0.0,0.0,0,0.0,0.0,0.0,0.0,0.28,0.0,0.0,0.0,2.2,11.15,0.11,15.99,43.79,26.57,0.08,0.11,1981-01-01,2017-12-31,36.99657768651608,34.691307323750856,6.238,False,-74.18280555500874,10.523249961061499,Magdalena-Cauca,29
29067130,Magdalena,1176644.04,-8258315.37,36,1/01/1981,31/12/2022,14267,6.995,779.46,263.8,2.67,0.07,5690,2855.5,30.04,108.31,6.53e-05,71.1,99.86,70.06,53.48,41.93,35.13,0.87,6.22,1.44,130.76,18.59,1.97,0.27,1.26,0.88,0.68,0.33,6.05,2,8,32,46,35.68,54.0,8.09,0.03,1.35,0.86,0.0,34.33,45.86,2.6,0.0,5.51,5.509,40.4,43.05,15.47,0.0,0.0,0.0,0.0,1.08,0.0,0.0,0,0.0,0.0,0.0,0.0,0.0,0.0,0.0,0.0,1.31,0.6,0.0,3.71,34.61,58.7,0.0,1.07,1981-01-01,2022-12-31,41.9958932238193,39.06091718001369,6.995,True,-74.18570917950161,10.579762398448384,Magdalena-Cauca,29
29067150,Magdalena,1175740.43,-8251694.12,70,1/01/1981,31/12/2022,14178,7.575,766.55,240.92,2.45,0.08,5690,2903.32,68.0,99.07,7.34e-05,71.01,89.16,63.76,49.69,38.33,46.76,0.84,6.31,1.43,129.55,18.26,1.82,0.24,1.77,0.85,0.7,0.42,4.61,0,1,15,65,36.11,54.91,6.74,0.01,1.37,0.87,0.0,34.91,46.63,1.78,0.0,5.6,5.599,39.75,43.44,15.73,0.0,0.0,0.0,0.0,1.07,0.0,0.0,0,0.0,0.0,0.0,0.0,0.0,0.0,0.0,0.0,0.4,0.18,0.0,3.77,34.9,59.69,0.0,1.07,1981-01-01,2022-12-31,41.9958932238193,38.81724845995893,7.575,True,-74.12622947875184,10.571731053175743,Magdalena-Cauca,29
31097010,Guainía,438227.83,-7550801.06,89,19/02/1987,31/12/2022,12755,2.634,138626.83,4759.27,3.61,0.04,4381,311.55,73.68,1860.36,1.33e-05,59.44,1646.9,719.84,330.09,492.62,83.72,1.24,2.14,0.89,61.61,10.83,4.36,0.54,1.65,1.01,0.82,0.8,8.71,0,0,22,76,78.43,7.59,12.5,0.33,1.15,0.0,0.0,21.99,1.43,57.94,0.0,0.0,0.0,23.91,23.27,0.03,0.01,0.0,0.0,0.0,1.15,20.24,0.47,0,0.77,29.21,0.0,0.94,0.0,0.0,0.0,0.0,0.6,5.99,11.12,42.52,29.33,9.48,0.01,0.95,1987-02-19,2022-12-31,35.8631074606434,34.92128678986995,2.634,True,-67.82999999543884,3.959999985379849,Orinoco,31
31097020,Guainía,427993.95,-7562121.63,75,1/05/1984,12/12/2022,12900,8.543,53136.23,3288.86,4.02,0.03,936,190.3,74.24,1346.3,1.25e-05,51.02,1312.45,596.07,284.85,389.49,21.86,1.14,2.18,0.9,58.74,9.42,5.05,0.58,1.62,0.98,0.82,1.13,10.77,0,0,13,71,91.94,2.82,4.23,0.16,0.85,0.0,0.0,41.77,3.56,43.2,0.0,0.0,0.0,15.69,19.3,0.0,0.0,0.0,0.0,0.0,0.91,17.65,0.9,0,0.0,44.35,0.0,1.2,0.0,0.0,0.0,0.0,0.0,0.0,11.31,44.78,40.08,2.91,0.0,0.91,1984-05-01,2022-12-12,38.614647501711154,35.318275154004105,8.543,True,-67.93169440599829,3.8676666357393956,Orinoco,31
32037030,Meta,241734.86,-8214515.69,241,6/02/1983,31/12/2022,13992,3.993,13896.02,1032.28,2.47,0.14,4374,857.34,241.11,314.2,1.77e-05,66.67,374.49,210.19,126.17,120.66,44.24,1.52,9.7,1.23,141.2,14.98,5.18,0.78,1.83,1.07,0.7,0.86,13.75,0,0,36,67,65.12,2.97,31.04,0.41,0.47,0.0,0.0,14.8,0.0,65.29,0.0,0.0,0.0,45.2,39.34,0.3,0.0,0.0,0.0,0.0,0.65,7.87,0.0,0,0.0,6.62,0.0,0.0,0.02,0.0,0.0,0.0,0.0,19.81,3.18,36.21,21.51,19.29,0.0,0.0,1983-02-06,2022-12-31,39.898699520876114,38.30800821355236,3.993,True,-73.79224995966617,2.1856389214456176,Orinoco,32
32067030,Meta,419655.84,-8229079.62,679,1/01/1994,31/12/2015,7581,5.65,768.68,196.87,2.0,0.22,4267,2572.27,679.0,59.12,5.2e-05,63.57,68.42,51.17,41.84,27.64,83.21,0.93,14.46,1.41,190.68,16.82,12.32,1.5,2.48,0.72,0.69,3.18,28.66,0,0,9,46,72.34,26.54,0.4,0.26,0.47,0.0,0.0,18.06,0.0,81.94,0.0,0.0,0.0,0.08,99.43,0.02,0.0,0.0,0.0,0.0,0.47,0.0,0.0,0,0.0,0.0,0.0,0.0,0.0,0.0,0.0,0.0,0.0,0.0,0.0,0.0,20.76,79.24,0.0,0.0,1994-01-01,2015-12-31,21.9958932238193,20.75564681724846,5.65,False,-73.92307996882464,3.7924299834576005,Orinoco,32
32077070,Meta,329161.51,-8201656.07,246,6/03/1981,31/12/2022,14454,5.381,2338.41,388.29,2.26,0.11,3552,758.83,254.09,147.75,1.78e-05,71.4,209.38,129.64,86.5,67.99,48.46,1.25,13.24,1.36,167.64,18.29,6.17,0.75,2.21,1.02,0.68,0.75,15.76,0,0,51,90,43.64,0.07,55.12,0.8,0.38,0.0,0.0,4.1,1.49,76.99,0.0,0.0,0.0,47.15,28.86,0.0,0.0,0.0,0.0,0.0,0.77,18.33,0.0,0,0.0,4.89,0.0,0.0,0.0,0.0,0.0,0.0,4.79,16.73,0.07,51.68,24.27,2.45,0.0,0.0,1981-03-06,2022-12-31,41.82067077344285,39.572895277207394,5.381,True,-73.67673002772648,2.9754799716503877,Orinoco,32
32077080,Meta,325292.99,-8150001.92,226,1/01/1981,31/12/2022,14833,3.305,6141.79,756.27,2.72,0.08,4381,1074.55,226.09,275.32,2.09e-05,72.87,317.7,183.33,113.39,105.81,42.71,1.18,11.31,1.26,147.52,14.95,5.68,0.69,2.3,0.88,0.73,0.84,13.0,0,0,31,55,36.28,14.6,45.93,1.76,1.43,0.0,0.0,2.26,0.1,52.79,0.0,0.0,0.0,30.92,37.02,0.0,0.0,0.0,0.0,0.0,1.66,23.56,0.0,0,0.0,6.83,0.0,0.0,0.0,0.0,0.0,0.0,8.39,18.44,0.95,26.21,19.31,26.22,0.0,0.49,1981-01-01,2022-12-31,41.9958932238193,40.610540725530456,3.305,True,-73.21271290339445,2.940541495197605,Orinoco,32
32077110,Meta,372360.92,-8240867.32,504,1/12/1983,31/12/2019,12313,6.578,287.56,104.06,1.73,0.22,3536,1222.81,551.06,35.97,7.85e-05,68.92,39.82,32.63,29.44,17.52,47.28,1.02,16.66,1.66,199.26,18.94,9.45,1.08,1.92,1.02,0.65,1.35,24.75,1,4,42,84,54.57,0.22,43.9,1.21,0.11,0.0,0.0,0.0,0.0,77.62,0.0,0.0,0.0,16.88,66.66,0.0,0.0,0.0,0.0,0.0,1.26,15.2,0.0,0,0.0,0.0,0.0,0.0,0.0,0.0,0.0,0.0,0.0,20.84,0.0,10.07,64.35,4.74,0.0,0.0,1983-12-01,2019-12-31,36.082135523613964,33.711156741957566,6.578,False,-74.0289706795708,3.365555498240818,Orinoco,32
32107010,Guaviare,284149.52,-8098616.64,195,25/02/1983,29/10/2022,13457,7.142,35706.61,1584.07,2.36,0.12,4381,672.17,194.01,555.15,1.52e-05,68.67,616.15,317.94,174.33,191.53,73.22,1.35,6.92,1.13,114.51,14.95,5.12,0.68,1.96,1.0,0.75,0.76,11.74,0,0,38,91,56.08,6.76,35.68,0.65,0.83,0.0,0.0,6.85,0.21,72.65,0.0,0.0,0.0,45.61,27.85,0.12,0.0,0.0,0.0,0.0,0.92,17.15,0.0,0,0.0,8.25,0.0,0.1,0.01,0.0,0.0,0.0,1.82,15.44,4.21,43.6,21.0,13.69,0.0,0.25,1983-02-25,2022-10-29,39.67419575633128,36.84325804243669,7.142,True,-72.75111107936684,2.5688888939693317,Orinoco,32
32157040,Guainía,378391.79,-7780119.21,130,1/01/1992,31/12/2019,9785,4.322,61640.11,3096.89,3.52,0.04,4381,476.05,110.7,1292.48,1.37e-05,66.64,1229.24,564.48,272.99,371.3,39.69,1.32,4.39,1.0,87.86,13.89,4.23,0.56,1.72,0.98,0.78,0.53,9.29,0,0,41,96,62.14,12.36,23.79,0.53,1.18,0.0,0.0,6.85,0.15,72.83,0.0,0.0,0.0,34.89,23.09,0.06,0.01,0.0,0.0,0.0,1.1,18.91,0.0,0,0.42,20.45,0.0,1.07,0.0,0.0,0.0,0.0,1.36,13.42,6.58,45.55,19.38,13.06,0.01,0.65,1992-01-01,2019-12-31,27.99726214921287,26.78986995208761,4.322,False,-69.88999998614896,3.4199999722432493,Orinoco,32
32157060,Guainía,396150.11,-7747599.92,109,1/05/1984,31/12/2022,13238,6.273,62993.0,3133.45,3.52,0.03,4381,469.73,108.04,1400.27,1.36e-05,66.42,1311.79,595.82,284.76,395.25,25.62,1.31,4.03,0.97,86.34,13.63,4.34,0.57,1.77,0.87,0.79,0.57,9.25,0,0,40,96,62.74,12.13,23.36,0.53,1.24,0.0,0.0,7.66,0.15,71.57,0.0,0.0,0.0,34.28,23.49,0.07,0.01,0.0,0.0,0.0,1.16,18.74,0.0,0,0.43,20.78,0.0,1.05,0.0,0.0,0.0,0.0,1.33,13.13,7.23,45.3,19.23,13.05,0.01,0.72,1984-05-01,2022-12-31,38.666666666666664,36.24366872005476,6.273,True,-69.59787423379181,3.5802971664868593,Orinoco,32
32207010,Vichada,441553.17,-7608686.89,91,1/06/1984,31/12/2022,11753,16.604,83526.76,4072.29,3.97,0.03,4381,393.57,85.05,1749.7,1.33e-05,64.72,1569.2,691.49,319.9,469.94,27.12,1.27,2.67,0.92,65.95,12.33,4.41,0.56,1.91,0.81,0.82,0.72,8.59,0,0,29,96,69.74,10.62,17.93,0.43,1.28,0.0,0.0,9.73,0.11,68.24,0.0,0.0,0.0,29.17,24.83,0.05,0.01,0.0,0.0,0.0,1.24,22.37,0.0,0,1.28,20.27,0.0,0.79,0.0,0.0,0.0,0.0,1.0,9.94,10.22,40.89,23.15,13.88,0.01,0.91,1984-06-01,2022-12-31,38.58179329226557,32.17796030116359,16.604,True,-68.34999725366828,3.9900000351771765,Orinoco,32
33077010,Vichada,539154.99,-7609800.39,103,1/01/1990,31/12/2022,9767,18.966,25328.34,2425.3,4.3,0.03,277,165.93,77.3,943.53,1.27e-05,71.4,992.72,472.62,237.62,296.47,36.22,1.38,4.56,1.0,106.22,15.48,3.51,0.47,2.03,1.08,0.83,0.62,6.79,0,0,28,89,32.4,49.01,12.08,5.45,1.06,0.0,0.0,0.0,0.0,69.64,0.0,0.0,0.0,32.69,7.98,0.0,0.0,0.0,0.0,0.0,1.22,27.45,0.0,0,4.36,26.3,0.0,0.0,0.0,0.0,0.0,0.0,0.0,6.26,7.64,29.61,46.56,8.9,0.0,1.04,1990-01-01,2022-12-31,32.99657768651608,26.740588637919235,18.966,True,-68.35999999435694,4.870000028353486,Orinoco,33
35017020,Meta,454081.86,-8119241.05,185,1/01/1981,31/12/2012,11587,0.864,8040.54,985.83,3.1,0.1,4114,1188.43,179.06,279.27,2.52e-05,73.97,298.76,174.2,108.95,103.2,191.53,1.31,10.66,1.25,153.28,16.0,4.64,0.62,2.42,0.93,0.75,0.69,9.7,0,0,38,76,31.51,9.62,56.42,0.92,1.52,0.0,0.0,6.91,0.0,46.88,0.0,0.0,0.0,46.37,14.3,8.42,0.03,0.39,0.0,0.0,1.48,22.24,0.0,0,0.0,6.74,0.02,0.0,0.0,0.0,0.0,0.0,5.25,23.76,0.0,32.8,23.78,14.36,0.03,0.02,1981-01-01,2012-12-31,31.99726214921287,31.72347707049966,0.864,False,-72.93638330665631,4.103019437000648,Orinoco,35
35017040,Meta,414923.08,-8146335.6,217,1/01/1981,31/12/2022,13461,12.249,2383.27,495.53,2.86,0.1,3822,482.1,208.01,151.44,2.74e-05,74.98,180.71,114.7,78.61,63.82,99.31,1.16,11.37,1.17,152.27,16.2,5.96,0.65,2.26,0.92,0.68,0.77,14.38,0,0,45,80,28.9,4.39,64.47,0.94,1.3,0.0,0.0,6.41,0.0,26.58,0.0,0.0,0.0,35.1,17.21,0.0,0.0,0.0,0.0,0.0,1.65,38.98,0.0,0,0.0,7.07,0.0,0.0,0.0,0.0,0.0,0.0,7.6,23.01,0.0,41.11,23.75,4.53,0.0,0.0,1981-01-01,2022-12-31,41.9958932238193,36.85420944558521,12.249,True,-73.17977779046971,3.749722258590109,Orinoco,35
35027100,Cundinamarca,490224.84,-8238757.7,1901,1/01/1981,31/12/2019,12883,9.555,195.96,80.58,1.62,0.4,3921,2917.06,1901.0,22.1,0.000374,72.57,15.0,14.49,15.62,8.99,120.12,2.37,20.0,1.95,239.38,22.49,2.35,0.75,2.28,1.07,0.67,0.33,6.76,0,1,40,94,27.99,8.67,62.65,0.69,0.0,0.0,0.0,0.0,0.0,100.0,0.0,0.0,0.0,65.03,0.36,34.05,0.19,0.0,0.0,0.0,0.38,0.0,0.0,0,0.0,0.0,0.0,0.0,0.0,0.0,0.0,0.0,0.87,24.15,0.0,35.07,34.25,5.53,0.14,0.0,1981-01-01,2019-12-31,38.99520876112252,35.27173169062286,9.555,False,-74.01001964067395,4.428967395826038,Orinoco,35
35027130,Cundinamarca,458754.74,-8242681.72,1972,1/01/1987,31/12/2001,5069,7.483,187.86,87.86,1.81,0.25,4072,3466.13,1977.0,27.21,0.000257,68.12,20.36,18.68,19.04,11.32,34.25,1.49,16.93,1.47,214.2,19.87,4.67,1.12,2.17,0.97,0.66,1.07,12.59,1,2,11,43,37.88,53.05,8.76,0.15,0.16,0.0,0.0,0.0,0.0,100.0,0.0,0.0,0.0,67.61,0.56,31.13,0.0,0.0,0.0,0.0,0.7,0.0,0.0,0,0.0,0.0,0.0,0.0,0.0,0.0,0.0,0.0,0.0,0.0,0.0,0.0,47.26,52.74,0.0,0.0,1987-01-01,2001-12-31,14.99794661190965,13.878165639972622,7.483,False,-74.04526971208584,4.14516864994418,Orinoco,35
35027140,Meta,448145.45,-8211417.67,546,1/01/1981,14/06/1994,4869,0.896,2852.23,424.64,2.24,0.21,4114,2624.77,539.99,116.99,4.98e-05,69.52,117.67,80.3,59.5,46.82,93.11,1.56,13.07,1.86,182.14,17.57,4.61,0.94,2.35,0.95,0.72,1.02,11.02,0,0,12,44,43.29,15.14,40.65,0.76,0.17,0.0,0.0,13.47,0.0,86.13,0.0,0.0,0.0,57.89,16.32,23.74,0.06,1.11,0.0,0.0,0.73,0.09,0.0,0,0.0,0.0,0.06,0.0,0.0,0.0,0.0,0.0,0.29,11.4,0.0,18.23,35.37,34.65,0.06,0.0,1981-01-01,1994-06-14,13.44832306639288,13.330595482546201,0.896,False,-73.76441997250107,4.049469980382901,Orinoco,35
35027190,Cundinamarca,477607.84,-8222576.94,1320,1/01/1981,28/12/2013,11062,8.199,1305.68,244.75,1.91,0.31,4011,2648.59,1319.0,64.92,7.94e-05,71.34,62.47,47.44,39.44,27.38,93.46,1.96,14.85,1.49,197.76,17.64,1.77,0.44,2.39,1.06,0.71,0.3,4.41,0,0,28,80,35.85,6.4,57.27,0.42,0.07,0.0,0.0,1.58,0.0,98.42,0.0,0.0,0.0,71.72,2.11,22.82,0.13,2.42,0.0,0.0,0.67,0.0,0.0,0,0.0,0.0,0.12,0.0,0.0,0.0,0.0,0.0,0.53,20.93,0.0,31.8,30.21,16.41,0.12,0.0,1981-01-01,2013-12-28,32.988364134154686,30.286105407255306,8.199,False,-73.86466540050725,4.315199586206458,Orinoco,35
35027200,Cundinamarca,465773.38,-8217094.6,946,1/01/1981,30/06/2003,7799,5.075,1015.87,221.92,1.96,0.2,4114,3073.18,930.0,71.96,0.000112,68.87,59.17,45.35,38.07,27.72,118.5,1.59,14.83,1.65,193.78,16.61,4.73,1.05,2.29,0.94,0.74,1.06,11.84,0,1,12,60,40.41,33.47,25.42,0.64,0.06,0.0,0.0,11.48,0.0,87.41,0.0,0.0,0.0,62.5,7.82,28.89,0.01,0.0,0.0,0.0,0.69,0.09,0.0,0,0.0,0.0,0.0,0.0,0.0,0.0,0.0,0.0,0.0,4.3,0.0,7.1,33.28,55.31,0.01,0.0,1981-01-01,2003-06-30,22.491444216290212,21.352498288843258,5.075,False,-73.81541670235984,4.2084722497990334,Orinoco,35
35027210,Meta,464310.43,-8211915.15,889,1/01/1981,31/08/2013,9873,17.249,2493.98,378.97,2.14,0.33,4114,2779.52,873.99,87.18,6.52e-05,70.04,84.54,61.01,48.0,35.56,63.67,1.61,12.06,1.46,161.24,14.97,3.53,0.75,2.3,0.87,0.73,0.76,8.79,0,1,15,91,39.43,17.12,42.83,0.55,0.07,0.0,0.0,11.24,0.0,88.31,0.0,0.0,0.0,63.46,7.42,26.94,0.07,1.27,0.0,0.0,0.68,0.1,0.0,0,0.0,0.0,0.07,0.0,0.0,0.0,0.0,0.0,0.33,12.78,0.0,20.04,30.83,35.95,0.07,0.0,1981-01-01,2013-08-31,32.662559890485966,27.030800821355236,17.249,False,-73.76888891137654,4.195277813238093,Orinoco,35
35057010,Cundinamarca,486949.08,-8158880.67,314,1/01/1981,29/04/2010,9694,9.495,956.63,186.19,1.7,0.3,3848,1094.29,304.0,56.43,3.03e-05,71.31,81.23,59.01,46.77,29.56,81.36,1.03,12.0,1.27,171.63,18.83,11.07,1.17,1.78,0.99,0.61,0.96,31.31,1,2,55,84,39.17,0.38,58.4,1.73,0.32,0.0,0.0,5.63,0.31,69.04,0.0,0.0,0.0,75.54,15.47,6.86,0.04,0.0,0.0,0.0,2.1,0.0,0.0,0,0.0,0.0,0.0,0.0,0.0,0.0,0.0,0.0,5.03,23.7,0.0,19.59,28.09,23.55,0.03,0.0,1981-01-01,2010-04-29,29.322381930184804,26.54072553045859,9.495,False,-73.2924720716832,4.399431470210017,Orinoco,35
35067010,Cundinamarca,533097.18,-8172999.58,1921,1/01/1981,31/08/2022,14889,2.162,76.26,57.07,1.84,0.27,3301,2517.71,1918.0,16.8,0.000164,67.49,16.69,15.84,16.74,8.54,54.65,1.43,18.36,1.79,237.0,22.69,5.96,1.08,1.7,1.25,0.6,0.63,19.01,5,4,56,120,57.97,0.93,41.1,0.0,0.01,0.0,0.0,0.0,0.0,100.0,0.0,0.0,0.0,78.31,0.0,21.69,0.0,0.0,0.0,0.0,0.0,0.0,0.0,0,0.0,0.0,0.0,0.0,0.0,0.0,0.0,0.0,0.0,0.0,0.0,43.04,45.44,11.53,0.0,0.0,1981-01-01,2022-08-31,41.661875427789184,40.76386036960986,2.162,True,-73.41930439816429,4.815413221118305,Orinoco,35
35067040,Cundinamarca,528975.86,-8191756.83,1636,1/01/1981,17/07/1992,4151,1.542,673.69,168.42,1.83,0.4,3867,2719.51,1653.01,41.22,0.000106,69.43,39.33,32.3,29.2,18.34,34.74,1.98,16.83,1.5,214.08,17.42,3.66,0.92,1.78,1.04,0.63,0.39,9.77,2,4,43,53,46.16,6.76,46.88,0.13,0.06,0.0,0.0,0.0,0.0,100.0,0.0,0.0,0.0,73.43,0.14,25.15,0.08,0.0,0.0,0.0,0.67,0.52,0.0,0,0.0,0.0,0.0,0.0,0.0,0.0,0.0,0.52,1.24,16.92,0.0,35.58,26.29,19.38,0.07,0.0,1981-01-01,1992-07-17,11.540041067761807,11.364818617385353,1.542,False,-73.58780364179479,4.778273546574356,Orinoco,35
35067050,Cundinamarca,531281.97,-8196367.53,1750,1/01/1995,30/09/2010,5469,4.92,503.37,141.67,1.78,0.4,3867,2816.29,1675.99,35.33,0.000183,68.26,28.36,24.61,23.62,14.72,89.58,2.17,17.75,1.69,217.31,18.19,4.07,1.1,1.39,1.45,0.65,0.38,13.53,14,138,83,146,51.95,8.69,39.19,0.16,0.02,0.0,0.0,0.0,0.0,100.0,0.0,0.0,0.0,72.4,0.17,26.04,0.11,0.0,0.0,0.0,0.59,0.7,0.0,0,0.0,0.0,0.0,0.0,0.0,0.0,0.0,0.7,1.66,18.52,0.0,28.74,26.39,23.91,0.09,0.0,1995-01-01,2010-09-30,15.745379876796715,14.973305954825461,4.92,False,-73.6292222645997,4.799055532601336,Orinoco,35
35067090,Cundinamarca,520836.35,-8179276.87,1718,1/01/1981,31/08/2022,14030,7.807,48.17,43.32,1.76,0.37,3046,2178.54,1717.0,11.38,0.000131,65.9,13.47,13.25,14.56,6.63,166.0,1.17,17.48,1.69,231.88,23.91,13.55,1.94,1.09,1.0,0.58,1.44,32.95,7,48,50,65,67.44,0.13,32.27,0.11,0.05,0.0,0.0,0.0,0.0,100.0,0.0,0.0,0.0,83.24,2.72,14.04,0.0,0.0,0.0,0.0,0.0,0.0,0.0,0,0.0,0.0,0.0,0.0,0.0,0.0,0.0,0.0,0.0,0.0,0.0,30.76,50.13,19.12,0.0,0.0,1981-01-01,2022-08-31,41.661875427789184,38.41204654346338,7.807,True,-73.47569425366281,4.704917587644907,Orinoco,35
35077080,Boyacá,551835.69,-8177876.75,1366,1/01/1981,31/12/2022,14810,3.455,622.51,175.99,1.99,0.25,3546,2492.25,1355.0,49.91,0.000114,72.31,44.45,35.75,31.62,20.95,39.33,2.57,17.98,1.76,225.79,20.19,2.74,0.84,1.9,1.32,0.61,0.26,8.35,2,3,77,105,31.87,1.8,66.04,0.28,0.02,0.0,0.0,0.0,0.0,99.97,0.0,0.0,0.0,70.42,0.56,26.26,0.23,0.03,0.0,0.0,0.01,0.0,0.0,0,0.0,0.0,0.0,0.0,2.48,0.0,0.0,0.0,2.79,19.8,0.0,32.41,34.02,10.91,0.06,0.0,1981-01-01,2022-12-31,41.9958932238193,40.54757015742642,3.455,True,-73.46311676170679,4.98425097360639,Orinoco,35
35077090,Boyacá,596332.79,-8166580.28,2085,15/01/1986,31/12/2022,10923,19.089,348.71,183.67,2.77,0.18,3612,2844.56,2083.0,44.64,5.96e-05,75.82,52.26,40.9,35.12,21.75,114.37,2.94,16.66,1.5,217.97,18.97,1.84,0.67,1.36,1.38,0.61,0.11,5.95,5,17,76,124,11.72,4.35,83.2,0.61,0.12,0.0,0.0,0.0,0.0,100.0,0.0,0.0,0.0,6.78,3.86,72.8,0.32,15.85,0.0,0.0,0.19,0.0,0.0,0,0.0,0.0,0.21,0.0,0.0,0.0,0.0,0.0,0.0,27.6,0.0,23.8,28.1,20.22,0.02,0.25,1986-01-15,2022-12-31,36.95824777549623,29.905544147843944,19.089,True,-73.36163884513081,5.384999993978568,Orinoco,35
35077120,Boyacá,559895.84,-8169774.54,1329,1/01/1981,31/08/2022,13268,12.814,1431.31,280.3,2.09,0.17,3612,2579.49,1326.0,91.54,5.36e-05,75.22,94.65,67.01,51.65,38.31,101.57,2.67,14.92,1.4,208.29,18.21,1.67,0.54,1.61,1.28,0.62,0.15,5.16,3,9,62,109,15.99,2.12,81.4,0.46,0.04,0.0,0.0,0.0,0.0,100.0,0.0,0.0,0.0,14.76,12.77,66.82,0.27,4.24,0.0,0.0,0.22,0.0,0.0,0,0.0,0.0,0.05,0.0,0.88,0.0,0.0,0.0,0.1,15.56,0.0,25.9,38.55,19.74,0.09,0.06,1981-01-01,2022-08-31,41.661875427789184,36.32580424366872,12.814,True,-73.39033337092533,5.056861116264618,Orinoco,35
35077140,Cundinamarca,559103.34,-8184985.11,1591,8/06/1981,31/08/2022,12225,18.825,375.43,144.04,2.1,0.29,3539,2671.48,1568.0,35.83,0.000205,71.46,27.45,23.95,23.12,14.56,136.56,2.94,17.81,1.89,224.56,19.94,2.41,0.85,2.13,1.14,0.67,0.33,6.76,1,10,45,76,35.68,2.03,62.2,0.09,0.01,0.0,0.0,0.0,0.0,99.94,0.0,0.0,0.0,84.8,0.81,14.29,0.05,0.03,0.0,0.0,0.02,0.0,0.0,0,0.0,0.0,0.0,0.0,0.0,0.0,0.0,0.0,2.74,23.74,0.0,25.46,36.74,11.25,0.07,0.0,1981-06-08,2022-08-31,41.229295003422315,33.47022587268994,18.825,True,-73.52697224603703,5.049722216141966,Orinoco,35
35087010,Boyacá,537980.46,-8152306.65,472,1/01/1981,31/12/2022,12804,16.532,1646.64,276.65,1.92,0.14,3868,2079.8,512.01,107.65,3.78e-05,70.11,122.65,83.12,61.12,46.3,86.5,1.44,14.32,1.6,188.65,18.89,8.63,1.55,2.62,0.72,0.72,1.9,19.44,0,0,14,13,43.43,6.26,49.94,0.22,0.15,0.0,0.0,0.0,0.0,97.26,0.0,0.0,0.0,46.76,7.14,45.7,0.08,0.0,0.0,0.0,0.32,0.0,0.0,0,0.0,0.0,0.0,0.0,0.01,0.0,0.0,0.0,0.27,1.91,0.0,15.35,57.18,25.29,0.0,0.0,1981-01-01,2022-12-31,41.9958932238193,35.05544147843943,16.532,True,-73.23341664524214,4.859416710832824,Orinoco,35
35087020,Boyacá,562754.46,-8133938.94,857,1/01/1981,31/12/2022,13855,9.681,1046.66,209.18,1.82,0.24,3870,2312.49,851.01,65.51,6.88e-05,70.17,66.45,49.94,41.05,28.33,37.62,1.65,16.41,1.72,208.33,19.69,4.23,0.91,1.84,1.24,0.62,0.38,12.49,1,5,63,76,41.9,9.42,48.32,0.28,0.08,0.0,0.0,0.0,0.0,95.68,0.0,0.0,0.0,34.36,6.27,59.02,0.1,0.0,0.0,0.0,0.24,0.0,0.0,0,0.0,0.0,0.0,0.0,0.01,0.0,0.0,0.0,0.19,2.76,0.0,21.62,47.79,27.65,0.0,0.0,1981-01-01,2022-12-31,41.9958932238193,37.93292265571527,9.681,True,-73.06841669896939,5.082611118600471,Orinoco,35
35087030,Boyacá,564755.77,-8154333.59,1712,1/01/1981,31/08/2022,13959,8.273,81.6,59.81,1.87,0.35,3513,2563.62,1713.0,15.36,0.000868,65.76,8.2,8.77,10.55,5.81,141.78,1.57,19.33,1.82,238.74,23.23,7.01,1.42,1.41,1.1,0.5,0.54,23.71,9,6,73,99,74.44,6.2,19.33,0.03,0.0,0.0,0.0,0.0,0.0,100.0,0.0,0.0,0.0,8.32,40.39,51.3,0.0,0.0,0.0,0.0,0.0,0.0,0.0,0,0.0,0.0,0.0,0.0,0.0,0.0,0.0,0.0,0.0,0.0,0.0,8.31,37.59,54.1,0.0,0.0,1981-01-01,2022-08-31,41.661875427789184,38.217659137577,8.273,True,-73.25162495706206,5.1006379860528295,Orinoco,35
35087040,Boyacá,555444.7,-8150455.97,1211,1/01/1981,31/08/2022,13198,13.274,216.89,88.59,1.7,0.27,3511,2267.72,1191.0,28.58,0.000151,68.93,25.96,22.87,22.3,13.0,33.08,1.39,18.63,1.82,221.0,21.95,3.9,0.68,1.08,1.31,0.45,0.15,14.73,17,10,101,85,52.98,2.47,44.52,0.03,0.01,0.0,0.0,0.0,0.0,100.0,0.0,0.0,0.0,29.36,18.61,52.03,0.0,0.0,0.0,0.0,0.0,0.0,0.0,0,0.0,0.0,0.0,0.0,0.0,0.0,0.0,0.0,0.0,0.0,0.0,12.19,61.13,26.69,0.0,0.0,1981-01-01,2022-08-31,41.661875427789184,36.134154688569474,13.274,True,-73.21679170394198,5.016763878653151,Orinoco,35
35097010,Boyacá,607770.78,-8119022.7,3042,1/01/1981,31/12/2019,11408,19.91,24.99,32.83,1.85,0.21,3875,3565.78,3047.0,10.91,0.000501,74.89,7.78,8.4,10.2,4.97,62.72,1.69,20.46,1.73,249.15,24.85,2.21,0.59,1.41,1.5,0.58,0.19,7.38,10,21,82,138,0.21,51.09,48.66,0.04,0.0,0.0,0.0,0.0,0.0,100.0,0.0,0.0,0.0,0.0,0.0,100.0,0.0,0.0,0.0,0.0,0.0,0.0,0.0,0,0.0,0.0,0.0,0.0,0.0,0.0,0.0,0.0,0.0,0.0,0.0,0.0,13.82,86.18,0.0,0.0,1981-01-01,2019-12-31,38.99520876112252,31.23340177960301,19.91,False,-72.93442183523344,5.487970184557092,Orinoco,35
35097080,Boyacá,562618.77,-8130126.24,725,1/01/1986,31/12/2022,12192,9.782,697.91,200.04,2.14,0.12,3882,2475.11,715.03,74.97,5.36e-05,69.08,81.21,59.0,46.76,32.92,72.01,1.25,15.14,1.5,193.08,18.33,7.83,1.4,1.54,1.18,0.62,0.75,24.43,5,14,62,110,43.83,21.06,34.96,0.07,0.09,0.0,0.0,0.0,0.0,100.0,0.0,0.0,0.0,34.34,4.4,61.15,0.0,0.0,0.0,0.0,0.11,0.0,0.0,0,0.0,0.0,0.0,0.0,0.0,0.0,0.0,0.0,0.04,1.17,0.0,6.61,53.02,39.15,0.0,0.0,1986-01-01,2022-12-31,36.99657768651608,33.379876796714576,9.782,True,-73.03416663213177,5.081388867816335,Orinoco,35
35097090,Casanare,543036.32,-8131622.87,428,11/03/1981,12/12/2014,11646,5.547,937.89,240.63,2.22,0.1,3882,2167.38,424.0,99.43,4.32e-05,68.43,109.63,75.71,56.82,42.5,263.02,1.2,14.47,1.65,184.35,18.68,7.31,1.13,1.69,1.1,0.68,0.71,19.58,1,10,51,109,46.92,15.73,37.1,0.12,0.14,0.0,0.0,0.0,0.0,100.0,0.0,0.0,0.0,41.34,10.41,45.51,0.0,0.0,2.46,0.0,0.28,0.0,0.0,0,0.0,0.0,0.0,0.0,0.0,0.0,0.0,0.0,0.07,1.06,0.0,7.49,47.32,44.01,0.0,0.04,1981-03-11,2014-12-12,33.75496235455168,31.88501026694045,5.547,False,-73.04761108816848,4.904972260288614,Orinoco,35
35097100,Boyacá,581339.88,-8120756.85,1476,15/03/1986,31/12/2001,5453,5.51,455.89,130.84,1.73,0.21,3882,2914.27,1243.0,46.83,7.03e-05,69.93,50.89,40.01,34.52,21.86,53.54,1.47,16.69,1.69,212.19,19.44,6.02,1.31,1.76,1.2,0.62,0.72,17.27,2,3,45,56,35.89,32.22,31.8,0.08,0.01,0.0,0.0,0.0,0.0,100.0,0.0,0.0,0.0,7.72,4.21,88.03,0.0,0.0,0.0,0.0,0.05,0.0,0.0,0,0.0,0.0,0.0,0.0,0.0,0.0,0.0,0.0,0.0,1.8,0.0,2.39,43.74,52.08,0.0,0.0,1986-03-15,2001-12-31,15.797399041752225,14.929500342231348,5.51,False,-72.949999969733,5.25000001219842,Orinoco,35
35107030,Meta,473704.55,-8102945.73,174,1/05/1981,31/12/2022,14431,5.184,14458.66,997.08,2.34,0.13,4114,972.39,169.16,330.75,2.23e-05,74.95,357.08,202.03,122.33,120.18,78.61,1.21,10.05,1.19,139.6,16.14,5.37,0.65,2.39,0.86,0.75,0.71,11.44,0,0,37,85,28.85,6.32,62.24,1.21,1.38,0.0,0.0,5.59,0.02,38.35,0.0,0.0,0.0,54.52,16.05,5.59,0.09,0.22,0.0,0.0,1.74,16.33,0.0,0,0.0,4.56,0.01,0.87,0.0,0.0,0.0,0.0,6.61,34.24,0.02,27.29,19.16,12.5,0.12,0.07,1981-05-01,2022-12-31,41.667351129363446,39.50992470910335,5.184,True,-72.78999995650013,4.280000001107263,Orinoco,35
35117010,Meta,479249.12,-8058417.94,156,1/01/1981,31/12/2022,15173,1.089,25894.45,1396.71,2.45,0.16,4114,1233.94,156.06,405.03,1.99e-05,74.14,436.09,238.55,139.29,143.26,89.63,1.32,9.69,1.19,140.74,17.57,5.32,0.73,2.23,1.06,0.77,0.85,11.49,0,0,33,85,30.23,6.06,61.61,0.89,1.22,0.0,0.0,3.12,0.01,54.08,0.0,0.0,0.0,53.41,14.82,13.85,0.11,0.36,0.22,0.0,1.59,10.13,0.0,0,0.0,4.46,0.01,0.48,0.56,0.0,0.0,0.01,3.98,25.63,3.59,26.37,24.34,15.52,0.1,0.46,1981-01-01,2022-12-31,41.9958932238193,41.541409993155376,1.089,True,-72.39000001324949,4.330000036767447,Orinoco,35
35127010,Meta,477203.74,-8023528.55,160,1/01/1981,31/12/2022,13877,9.537,9865.31,1040.43,2.95,0.06,317,216.99,152.09,423.58,1.29e-05,70.14,532.18,281.48,158.51,160.76,231.68,1.33,9.15,1.18,142.15,17.48,4.33,0.55,1.92,1.24,0.74,0.26,10.05,0,0,84,110,25.27,54.69,18.6,0.98,0.46,0.0,0.0,0.0,0.0,90.47,0.0,0.0,0.0,25.34,3.09,0.0,0.0,0.0,0.0,0.0,0.49,36.72,0.0,0,0.0,34.35,0.0,0.0,0.0,0.0,0.0,0.0,0.0,7.6,0.0,43.12,49.28,0.0,0.0,0.0,1981-01-01,2022-12-31,41.9958932238193,37.99315537303217,9.537,True,-72.07658329034342,4.3115555183182686,Orinoco,35
35127020,Meta,480419.68,-8032409.38,149,1/01/1981,19/06/2022,13462,11.113,1894.8,430.29,2.79,0.08,286,211.01,156.19,152.6,1.34e-05,72.19,239.08,144.75,94.28,73.49,103.2,1.4,11.62,1.57,161.33,21.57,4.16,0.56,1.94,1.73,0.69,0.37,10.43,0,0,95,121,17.78,49.43,32.48,0.26,0.05,0.0,0.0,0.0,0.0,62.09,0.0,0.0,0.0,26.01,1.67,0.0,0.0,0.0,0.0,0.0,0.49,27.7,0.0,0,0.0,44.13,0.0,0.0,0.0,0.0,0.0,0.0,0.0,3.87,0.0,62.18,33.95,0.0,0.0,0.0,1981-01-01,2022-06-19,41.46201232032854,36.85694729637235,11.113,True,-72.15636114359009,4.340555530883237,Orinoco,35
35197020,Boyacá,609863.24,-8099027.91,2869,1/01/1981,30/06/2021,14294,3.36,211.11,101.17,1.96,0.32,3966,3391.09,2865.0,25.8,8e-05,74.55,30.6,26.21,24.81,13.56,92.0,1.61,18.2,1.53,227.65,19.88,3.1,0.79,1.8,1.4,0.65,0.32,9.39,1,2,74,105,1.45,76.84,21.18,0.49,0.04,0.0,0.0,0.0,0.0,100.0,0.0,0.0,0.0,7.34,2.06,90.39,0.0,0.0,0.0,0.0,0.21,0.0,0.0,0,0.0,0.0,0.0,0.0,0.0,0.0,0.0,0.0,6.87,6.56,0.51,0.0,2.1,83.95,0.0,0.0,1981-01-01,2021-06-30,40.492813141683776,39.134839151266256,3.36,False,-72.75480558063583,5.50680555903874,Orinoco,35
35197030,Casanare,573533.15,-8078276.1,301,1/01/1981,24/07/2022,12608,16.943,251.12,106.71,1.9,0.27,2026,798.76,299.0,30.42,8.74e-05,67.1,33.57,28.31,26.35,15.11,67.49,1.17,15.41,1.56,192.74,21.39,10.11,1.35,1.0,1.25,0.53,0.48,34.75,11,30,99,145,45.41,1.41,52.5,0.58,0.09,0.0,0.0,0.0,0.0,100.0,0.0,0.0,0.0,47.47,35.74,0.0,0.0,0.0,0.94,0.0,0.0,15.13,0.0,0,0.0,0.0,0.71,0.0,0.0,0.0,0.0,0.0,0.0,1.9,8.34,43.27,34.21,12.29,0.0,0.0,1981-01-01,2022-07-24,41.55783709787816,34.51882272416153,16.943,True,-72.56838889967439,5.179694450680085,Orinoco,35
35197040,Casanare,582058.6,-8069098.42,299,1/01/1981,30/07/2019,12203,13.392,330.4,132.79,2.06,0.2,3259,1091.74,294.0,41.02,9.33e-05,68.72,41.21,33.57,30.1,18.73,32.85,1.31,16.61,1.61,206.44,22.28,9.13,1.32,1.31,1.21,0.6,0.65,28.61,6,7,80,132,39.21,1.12,59.49,0.14,0.05,0.0,0.0,0.0,0.0,99.55,0.0,0.0,0.0,62.22,34.97,0.12,0.0,0.0,1.95,0.0,0.16,0.0,0.0,0,0.0,0.6,0.0,0.0,0.0,0.0,0.0,0.0,0.0,4.93,0.77,14.93,40.34,38.86,0.0,0.16,1981-01-01,2019-07-30,38.573579739904176,33.40999315537303,13.392,False,-72.48594439750681,5.256472232184547,Orinoco,35
35197050,Boyacá,603204.12,-8093397.0,2205,1/01/1982,19/07/2022,14422,2.62,293.15,126.1,2.08,0.2,3966,3319.49,2202.0,38.12,8.86e-05,73.1,39.74,32.57,29.4,17.89,160.35,1.49,17.98,1.53,224.98,20.28,4.44,1.05,1.98,1.4,0.66,0.5,12.39,0,1,66,91,9.53,71.27,18.73,0.44,0.04,0.0,0.0,0.0,0.0,100.0,0.0,0.0,0.0,10.56,5.15,84.11,0.0,0.0,0.0,0.0,0.17,0.0,0.0,0,0.0,0.0,0.0,0.0,0.0,0.0,0.0,0.0,4.95,5.47,0.37,0.0,1.51,87.69,0.0,0.0,1982-01-01,2022-07-19,40.544832306639286,39.48528405201917,2.62,True,-72.70422225547082,5.446861094890548,Orinoco,35
35197190,Boyacá,585056.95,-8093143.43,833,1/06/1999,31/12/2022,7267,15.647,510.9,179.61,2.24,0.13,3966,2713.73,777.0,62.75,9.19e-05,71.05,57.52,44.3,37.38,25.95,34.4,1.4,14.96,1.41,195.64,20.05,5.88,1.16,1.59,1.33,0.63,0.63,16.7,2,3,63,85,32.99,42.33,24.18,0.35,0.14,0.0,0.0,0.0,1.2,98.8,0.0,0.0,0.0,43.07,6.16,50.46,0.01,0.0,0.0,0.0,0.29,0.0,0.0,0,0.0,0.0,0.0,0.0,0.0,0.0,0.0,0.0,6.44,3.14,0.21,7.13,4.86,78.22,0.0,0.0,1999-06-01,2022-12-31,23.583846680355922,19.89596167008898,15.647,True,-72.70194439740487,5.283472248433188,Orinoco,35
35217030,Casanare,602213.64,-8065678.44,486,1/04/1982,13/11/2020,12102,14.213,1035.33,267.22,2.34,0.18,3970,2266.04,486.0,76.69,7.92e-05,71.08,71.08,52.82,42.89,31.09,23.23,1.57,14.38,1.41,184.92,19.49,5.69,1.14,2.24,0.94,0.71,0.52,14.14,0,1,48,117,36.53,12.09,51.09,0.26,0.02,0.0,0.0,0.0,0.0,100.0,0.0,0.0,0.0,28.75,26.84,43.03,0.02,0.0,1.0,0.0,0.37,0.0,0.0,0,0.0,0.0,0.0,0.0,0.0,0.0,0.0,0.0,1.46,0.93,0.25,3.56,35.64,58.12,0.0,0.04,1982-04-01,2020-11-13,38.620123203285424,33.13347022587269,14.213,False,-72.45522219445299,5.437944413545578,Orinoco,35
35217060,Casanare,613606.59,-8040798.54,291,1/01/1983,31/12/2022,13522,7.447,1404.16,256.16,1.93,0.19,3813,1578.02,280.99,87.08,6.4e-05,69.41,85.06,61.32,48.19,35.66,67.11,1.63,16.66,1.68,204.9,22.08,5.55,1.01,1.85,1.47,0.66,0.68,15.38,1,2,70,88,41.8,3.54,54.39,0.2,0.07,0.0,0.0,0.0,0.0,97.79,0.0,0.0,0.0,61.5,27.91,8.27,0.03,0.0,1.24,0.0,0.42,0.46,0.0,0,0.0,0.17,0.0,0.0,0.0,0.0,0.0,0.0,0.36,3.22,1.93,10.25,23.07,60.82,0.02,0.32,1983-01-01,2022-12-31,39.997262149212865,37.021218343600275,7.447,True,-72.23172225007933,5.540499985159123,Orinoco,35
35257040,Vichada,685091.16,-7618869.84,60,11/02/1983,30/11/2022,13303,8.495,107032.95,4173.15,3.6,0.09,5145,567.45,46.14,1123.66,1.49e-05,74.4,1068.27,502.33,249.21,328.5,75.24,1.48,4.46,1.08,106.49,19.23,4.22,0.63,1.8,1.22,0.79,0.54,9.3,0,0,50,112,22.72,38.39,36.99,0.84,1.06,0.0,0.0,0.76,0.01,32.99,0.0,0.0,0.0,65.17,9.09,4.6,0.07,0.09,0.19,0.0,1.65,10.06,0.0,0,0.03,8.66,0.13,0.12,0.14,0.0,0.0,0.0,1.04,15.04,34.55,17.46,15.61,14.96,0.06,1.29,1983-02-11,2022-11-30,39.800136892539356,36.421629021218344,8.495,True,-68.44147224989253,6.183555570335665,Orinoco,35
35267030,Vichada,583653.38,-7870909.53,114,1/01/1998,31/12/2022,7908,13.394,65925.65,2559.88,2.81,0.13,4114,732.96,101.15,711.47,1.64e-05,74.19,725.21,364.06,193.79,228.09,27.11,1.34,5.08,1.04,100.28,14.56,4.31,0.58,2.04,0.9,0.77,0.44,8.64,0,0,55,101,25.24,29.03,43.85,0.83,1.05,0.0,0.0,1.23,0.01,46.66,0.0,0.0,0.0,57.84,11.16,7.09,0.08,0.14,0.25,0.0,1.38,12.11,0.0,0,0.0,9.46,0.06,0.19,0.22,0.0,0.0,0.01,1.66,16.22,23.13,23.0,21.74,13.36,0.07,0.8,1998-01-01,2022-12-31,24.996577686516083,21.650924024640656,13.394,True,-70.70558330720999,5.270833307382634,Orinoco,35
35267080,Vichada,641332.12,-7791251.16,84,1/01/1984,31/12/2022,13122,7.883,75297.04,3009.11,3.09,0.11,4114,658.98,84.01,848.79,1.56e-05,74.45,845.01,413.39,214.02,263.02,88.59,1.45,5.79,1.08,115.29,18.0,4.34,0.63,1.86,1.24,0.78,0.54,9.75,0,0,55,96,23.68,32.88,41.44,0.9,1.12,0.0,0.0,1.07,0.01,41.01,0.0,0.0,0.0,60.89,10.13,6.21,0.08,0.12,0.22,0.0,1.51,11.22,0.0,0,0.0,9.17,0.08,0.17,0.19,0.0,0.0,0.0,1.46,16.33,28.09,20.39,19.35,13.3,0.07,1.01,1984-01-01,2022-12-31,38.997946611909654,35.92607802874743,7.883,True,-69.9899999944195,5.790000020403875,Orinoco,35
36027050,Arauca,697559.54,-7813997.44,101,1/01/1994,31/12/2022,9906,6.477,10526.65,1141.91,3.14,0.04,4637,330.86,94.13,499.94,1.51e-05,76.17,569.2,297.67,165.59,176.99,56.82,1.73,10.93,1.48,162.14,30.9,4.05,0.71,1.93,1.81,0.76,0.56,9.97,0,0,67,146,20.54,38.79,39.54,0.5,0.63,0.0,0.0,0.0,0.0,9.09,0.0,0.0,0.0,79.75,7.53,0.01,0.09,0.0,0.0,0.0,1.72,5.86,0.0,0,0.0,5.05,0.0,0.0,0.0,0.0,0.0,0.0,0.0,1.28,61.55,11.74,4.35,19.25,0.09,1.74,1994-01-01,2022-12-31,28.996577686516083,27.121149897330596,6.477,True,-70.19433330422812,6.295638929023787,Orinoco,36
37017040,Norte De Santander,798679.97,-8085791.84,1878,1/01/1981,31/12/2019,12793,10.187,860.66,201.03,1.93,0.23,4555,3295.26,1878.0,61.23,9.87e-05,73.18,54.91,42.62,36.27,25.13,47.34,2.16,13.95,1.43,199.6,19.24,1.92,0.62,2.11,1.01,0.71,0.4,4.87,0,2,16,62,9.29,52.31,27.32,11.07,0.02,0.0,0.0,48.25,15.54,34.14,0.0,2.06,2.064,66.74,25.49,7.49,0.06,0.0,0.0,0.0,0.05,0.0,0.0,0,0.0,0.0,0.0,0.0,0.17,0.0,0.0,0.0,0.0,1.72,0.0,28.48,13.34,56.38,0.08,0.0,1981-01-01,2019-12-31,38.99520876112252,35.02532511978097,10.187,False,-72.63590394080907,7.203709053128878,Orinoco,37
37017050,Norte De Santander,801375.27,-8064642.55,1171,1/01/1981,31/12/2014,12263,1.248,1594.53,344.05,2.43,0.19,4555,2910.54,1208.3,92.76,8.26e-05,70.9,80.96,58.85,46.67,35.64,243.25,2.18,13.53,1.35,199.94,20.06,2.05,0.63,1.97,0.99,0.69,0.45,5.22,0,1,10,36,25.1,35.29,33.11,6.49,0.01,0.0,0.0,32.35,11.16,55.38,0.0,1.11,1.114,65.8,18.59,14.27,0.06,0.0,0.0,0.0,0.05,0.0,0.0,0,0.29,0.0,0.0,0.0,0.95,0.0,0.0,0.0,0.3,1.84,0.25,22.7,23.5,51.32,0.07,0.01,1981-01-01,2014-12-31,33.9958932238193,33.57426420260096,1.248,False,-72.44591663625631,7.227888918165547,Orinoco,37
37027010,Norte De Santander,797929.05,-8062289.38,1082,1/01/1981,31/12/2022,12320,19.687,2620.07,447.25,2.46,0.26,4686,2902.35,1208.22,99.54,6.7e-05,69.77,92.68,65.85,50.95,39.14,87.52,1.98,11.76,1.34,174.08,18.63,3.47,0.98,1.75,1.11,0.67,0.59,8.97,1,4,26,83,27.24,38.24,30.37,4.1,0.06,0.0,0.0,25.34,7.07,64.14,0.0,0.68,0.678,65.04,22.17,11.81,0.04,0.0,0.0,0.0,0.11,0.0,0.0,0,0.25,0.0,0.0,0.0,0.58,0.0,0.0,0.0,0.18,6.78,0.15,19.54,20.67,52.59,0.04,0.03,1981-01-01,2022-12-31,41.9958932238193,33.73032169746749,19.687,True,-72.424777750485,7.196972225272836,Orinoco,37
37037010,Boyacá,779828.68,-8031991.93,359,1/01/1981,31/12/2022,13228,13.768,1535.81,260.41,1.87,0.19,4830,2369.63,357.0,90.08,2.4e-05,64.75,127.45,85.81,62.66,44.09,78.81,1.22,13.1,1.53,173.95,16.73,9.99,1.69,1.84,0.92,0.64,1.74,27.51,0,2,25,60,61.68,23.79,14.26,0.19,0.08,0.01,0.0,13.22,0.0,86.78,0.0,0.0,0.0,44.58,12.73,28.01,0.0,0.0,0.0,0.0,0.35,0.0,0.0,0,14.33,0.0,0.0,0.0,0.0,0.0,0.0,0.0,0.15,0.87,0.44,3.77,11.18,83.38,0.0,0.22,1981-01-01,2022-12-31,41.9958932238193,36.21629021218344,13.768,True,-72.15261112643653,7.034555536762462,Orinoco,37
37057020,Arauca,779878.2,-7950036.05,153,29/07/1998,31/12/2017,6694,5.665,9600.2,860.09,2.48,0.13,5353,1867.27,150.05,268.94,2.43e-05,67.69,294.49,172.13,107.94,101.02,448.21,1.25,9.65,1.45,143.75,14.55,5.0,0.8,2.27,0.8,0.7,1.07,11.3,0,0,15,42,43.45,24.57,29.9,1.89,0.2,0.0,0.0,12.72,2.28,65.97,0.0,0.22,0.219,54.77,19.01,17.4,0.1,0.0,0.0,0.0,1.33,0.0,0.0,0,5.63,1.14,0.0,0.0,0.19,0.43,0.0,0.0,0.09,5.55,7.92,14.31,15.92,55.01,0.1,1.11,1998-07-29,2017-12-31,19.42505133470226,18.327173169062284,5.665,False,-71.41638893016187,7.034999964527712,Orinoco,37
42067010,Vaupes,99759.68,-7878771.04,196,1/02/1990,31/12/2020,10395,7.944,17008.09,1573.13,3.4,0.03,645,261.12,190.87,756.8,1.27e-05,61.75,837.98,410.53,212.86,250.77,95.8,1.1,3.57,1.03,79.73,10.1,5.02,0.55,1.79,0.98,0.79,0.43,10.33,0,0,48,110,84.95,1.97,12.22,0.2,0.67,0.0,0.0,1.62,0.03,93.47,0.0,0.0,0.0,26.09,14.2,0.0,0.01,0.0,0.0,0.0,0.44,18.79,0.0,0,0.0,39.88,0.0,0.58,0.0,0.0,0.0,0.0,0.0,0.0,9.81,74.66,11.2,3.88,0.01,0.44,1990-02-01,2020-12-31,30.913073237508556,28.459958932238195,7.944,False,-70.77620445310258,0.9021583169670917,Amazonas,42
42077010,Vaupes,134366.64,-7872706.61,186,1/01/1990,31/12/2020,10840,4.266,20019.17,1699.51,3.39,0.03,645,260.31,186.07,844.01,1.27e-05,60.53,911.95,440.43,224.88,272.52,324.98,1.09,3.1,1.0,73.58,8.61,5.06,0.55,1.85,0.89,0.79,0.65,10.0,0,0,34,94,85.91,2.73,10.51,0.19,0.66,0.0,0.0,1.38,0.05,93.98,0.0,0.46,0.455,27.33,18.04,0.0,0.01,0.0,0.0,0.0,0.46,15.96,0.0,0,0.0,37.7,0.0,0.49,0.0,0.0,0.0,0.0,0.0,0.0,8.93,72.97,11.86,5.76,0.01,0.47,1990-01-01,2020-12-31,30.99794661190965,29.678302532511978,4.266,False,-70.72172675151785,1.2150785711222039,Amazonas,42
42077020,Vaupes,139334.97,-7819081.03,183,1/01/1990,31/12/2020,11173,1.325,21493.12,1847.59,3.55,0.02,645,258.11,177.07,939.1,1.27e-05,60.21,990.39,471.7,237.26,295.6,99.6,1.09,3.1,1.0,73.9,9.0,5.35,0.58,1.96,0.79,0.81,0.97,10.3,0,0,22,66,86.52,2.56,9.98,0.21,0.74,0.0,0.0,2.15,1.06,92.32,0.0,0.62,0.622,29.49,18.85,0.0,0.02,0.0,0.0,0.0,0.56,14.87,0.0,0,0.0,35.75,0.0,0.46,0.0,0.0,0.0,0.0,0.0,0.0,8.64,71.08,13.51,6.21,0.02,0.55,1990-01-01,2020-12-31,30.99794661190965,30.590006844626966,1.325,False,-70.23999997018011,1.2600000092182084,Amazonas,42
44017050,Cauca,188557.34,-8531927.76,2288,1/01/1983,15/09/2022,14487,0.11,130.34,83.43,2.06,0.15,3640,3028.62,2285.0,30.0,0.000102,61.79,31.26,26.68,25.16,14.51,74.91,1.77,21.38,1.88,248.78,24.1,5.08,1.19,2.27,0.71,0.61,1.32,13.93,1,3,5,41,88.79,4.55,6.05,0.61,0.0,0.0,8.68,3.1,0.0,0.0,47.64,40.58,40.579,0.0,8.8,91.2,0.0,0.0,0.0,0.0,0.0,0.0,0.0,0,0.0,0.0,0.0,0.0,0.0,0.0,0.0,0.0,4.94,8.68,0.0,62.97,6.51,16.89,0.0,0.0,1983-01-01,2022-09-15,39.70431211498973,39.663244353182755,0.11,True,-76.64361109811631,1.7049999663186146,Amazonas,44
44017060,Cauca,208360.61,-8537326.44,2906,1/03/1981,12/09/2022,14647,3.454,87.11,64.54,1.95,0.3,4085,3222.6,2904.0,17.05,0.000142,69.25,17.82,16.73,17.47,8.87,48.07,1.75,20.43,2.05,239.57,24.36,2.57,0.66,2.61,0.82,0.64,0.65,6.39,0,2,9,40,44.96,14.2,40.54,0.11,0.2,0.0,32.16,0.0,0.0,0.0,22.25,6.66,6.66,0.95,0.0,96.36,0.08,0.0,0.0,0.0,0.0,0.0,0.0,0,2.61,0.0,0.0,0.0,0.0,0.0,0.0,0.0,0.71,18.22,0.0,38.1,19.7,23.19,0.08,0.0,1981-03-01,2022-09-12,41.53319644079398,40.101300479123886,3.454,True,-76.69210826569702,1.8840056130934761,Amazonas,44
44017090,Cauca,188557.34,-8529794.14,1939,1/01/1982,12/09/2022,14594,1.823,429.39,166.68,2.27,0.18,4088,3077.58,1933.0,48.44,5.22e-05,64.85,58.59,44.98,37.83,23.74,53.59,1.81,18.51,1.85,223.2,19.68,3.94,0.97,2.15,0.78,0.61,1.04,10.85,1,4,5,24,69.61,12.89,17.16,0.23,0.11,0.0,11.16,2.1,0.0,0.0,43.79,24.55,24.55,1.06,2.68,94.86,0.02,0.0,0.0,0.0,0.0,0.0,0.0,0,1.38,0.0,0.0,0.0,0.0,0.0,0.0,0.0,2.66,9.99,0.0,36.65,27.08,23.61,0.02,0.0,1982-01-01,2022-09-12,40.695414099931554,39.95619438740589,1.823,True,-76.6244444635513,1.7049999663186146,Amazonas,44
44017110,Putumayo,116210.95,-8521383.33,374,1/05/1983,31/12/2022,14261,1.58,4450.99,516.69,2.18,0.16,4215,2111.08,374.0,167.72,2.66e-05,62.05,197.59,123.54,83.3,69.33,39.63,1.3,12.03,1.58,157.95,12.55,8.12,1.21,2.51,0.58,0.72,3.03,17.66,0,2,1,15,91.76,2.95,4.85,0.18,0.27,0.0,1.08,12.15,27.28,20.15,11.35,20.48,20.475,44.45,17.95,36.33,0.0,0.84,0.0,0.0,0.3,0.0,0.0,0,0.13,0.0,0.0,0.0,0.0,0.0,0.0,0.0,0.46,2.23,0.0,13.06,39.13,44.81,0.0,0.31,1983-05-01,2022-12-31,39.66872005475702,39.044490075290895,1.58,True,-76.54888887180303,1.0509166406771353,Amazonas,44
44017140,Cauca,158442.03,-8513587.88,875,1/07/1997,31/07/2015,5998,9.19,644.68,158.81,1.76,0.15,3276,2001.61,875.0,66.1,7.06e-05,61.61,66.26,49.82,40.97,28.39,38.17,1.26,14.11,1.78,181.06,15.22,7.05,0.96,3.32,0.51,0.76,3.08,14.07,0,1,0,0,95.26,0.03,4.39,0.23,0.08,0.0,0.0,4.59,60.64,5.97,0.0,23.46,23.456,69.99,1.09,28.92,0.0,0.0,0.0,0.0,0.0,0.0,0.0,0,0.0,0.0,0.0,0.0,0.0,0.0,0.0,0.0,0.0,0.0,0.0,0.13,75.16,24.71,0.0,0.0,1997-07-01,2015-07-31,18.080766598220396,16.421629021218344,9.19,False,-76.47886115298715,1.4327500165778135,Amazonas,44
44037050,Caqueta,172861.61,-8407883.83,262,1/01/1981,31/12/2022,14723,4.022,1559.75,285.24,2.04,0.1,3442,1419.87,258.01,125.25,3.52e-05,65.14,141.65,93.69,67.11,52.65,39.27,1.34,12.6,1.5,165.17,15.76,5.56,0.78,2.51,0.63,0.76,2.04,12.84,0,1,1,10,74.24,0.05,24.43,1.08,0.2,0.0,0.0,85.83,0.0,14.08,0.0,0.0,0.0,92.65,4.83,0.19,0.19,0.0,0.0,0.0,0.38,1.56,0.0,0,0.0,0.21,0.0,0.0,0.0,0.0,0.0,0.0,0.0,4.41,2.2,12.63,45.11,35.46,0.19,0.0,1981-01-01,2022-12-31,41.9958932238193,40.309377138945926,4.022,True,-75.5293055159038,1.5631111081709965,Amazonas,44
44037060,Caqueta,179283.57,-8417893.31,293,1/01/1981,4/04/2018,12471,8.355,347.32,131.3,1.99,0.15,2703,1315.94,289.0,47.75,7.56e-05,64.9,50.23,39.58,34.23,21.88,328.5,1.24,12.74,1.61,168.58,16.55,8.38,1.11,2.36,0.71,0.71,2.49,19.73,0,3,3,35,73.97,0.0,25.08,0.81,0.13,0.0,0.0,81.56,0.0,18.45,0.0,0.0,0.0,98.29,1.1,0.13,0.08,0.0,0.0,0.0,0.39,0.0,0.0,0,0.0,0.0,0.0,0.0,0.0,0.0,0.0,0.0,0.0,2.19,0.0,20.82,45.24,31.66,0.08,0.0,1981-01-01,2018-04-04,37.2539356605065,34.143737166324435,8.355,False,-75.6192222046047,1.6211666298034502,Amazonas,44
44037080,Caqueta,165701.06,-8429683.56,268,1/01/1981,31/12/2019,13224,7.161,334.67,127.63,1.97,0.13,2640,1129.12,268.0,51.16,4.64e-05,64.09,63.97,48.38,40.05,25.31,58.68,1.24,13.36,1.62,178.72,17.23,11.92,1.49,2.38,0.58,0.73,4.47,27.03,0,1,0,0,79.15,0.02,20.34,0.16,0.33,0.0,0.0,84.94,0.0,14.86,0.0,0.0,0.0,99.16,0.0,0.15,0.0,0.0,0.0,0.0,0.69,0.0,0.0,0,0.0,0.0,0.0,0.0,0.0,0.0,0.0,0.0,0.0,4.79,0.19,31.72,43.31,19.98,0.0,0.0,1981-01-01,2019-12-31,38.99520876112252,36.205338809034906,7.161,False,-75.72513582239058,1.4983767021262246,Amazonas,44
44037090,Caqueta,164090.69,-8405339.03,248,1/01/1981,10/08/2015,10867,14.027,1673.42,323.89,2.23,0.08,3439,1340.28,250.01,143.93,3.01e-05,65.96,167.44,107.66,74.81,60.29,36.91,1.29,11.61,1.42,149.06,14.58,8.54,1.15,2.58,0.63,0.74,3.22,19.39,0,0,0,2,70.25,0.05,28.28,1.05,0.39,0.0,0.0,79.97,0.0,18.44,0.0,0.0,0.0,88.67,4.52,0.13,0.18,0.0,0.0,0.0,0.49,5.82,0.0,0,0.0,0.2,0.0,0.0,0.0,0.0,0.0,0.0,0.0,4.13,3.54,13.17,45.94,33.05,0.18,0.0,1981-01-01,2015-08-10,34.60369609856263,29.752224503764545,14.027,False,-75.50644518855353,1.4838180049662673,Amazonas,44
44037100,Caqueta,168943.19,-8402677.9,257,1/01/1981,31/05/2022,14604,3.451,638.31,196.31,2.19,0.1,2727,1152.41,256.01,78.38,3.41e-05,66.77,100.03,70.16,53.54,37.11,36.95,1.15,13.5,1.79,173.24,15.83,10.96,1.27,2.16,0.72,0.7,3.1,28.14,0,3,8,43,63.57,0.01,35.66,0.57,0.19,0.0,0.0,85.46,0.0,14.2,0.0,0.0,0.0,95.95,3.43,0.0,0.0,0.0,0.0,0.0,0.37,0.24,0.0,0,0.0,0.0,0.0,0.0,0.0,0.0,0.0,0.0,0.0,6.24,0.0,28.52,4.72,60.5,0.0,0.0,1981-01-01,2022-05-31,41.40999315537303,39.983572895277206,3.451,True,-75.48253985103324,1.527687176277865,Amazonas,44
46017010,Caqueta,233604.92,-8323593.33,282,1/12/1984,31/10/2021,11552,14.328,3368.58,546.97,2.66,0.11,3642,1331.03,281.02,174.91,2.16e-05,66.38,220.99,135.59,89.58,74.45,287.62,1.85,11.41,1.3,152.84,14.14,6.42,1.25,2.74,0.65,0.77,1.89,13.78,0,0,1,10,67.83,0.4,31.29,0.21,0.28,0.0,0.0,58.59,0.57,37.87,0.0,0.0,0.0,82.83,6.46,0.55,0.02,0.0,0.0,0.0,0.24,8.16,0.0,0,0.0,1.71,0.0,0.0,0.02,0.0,0.0,0.0,0.0,11.3,1.69,7.3,31.03,48.65,0.02,0.0,1984-12-01,2021-10-31,36.91444216290212,31.627652292950035,14.328,False,-74.77211107134303,2.1121666282066283,Amazonas,46
47017020,Nariño,109501.76,-8589311.66,2809,1/01/1981,19/05/2022,14781,2.203,239.93,110.53,2.01,0.17,3732,3019.74,2808.06,37.79,2.25e-05,72.92,66.9,50.22,41.23,23.06,74.81,1.83,18.33,1.88,226.74,19.6,3.18,0.8,7.45,0.32,0.93,1.98,4.72,0,0,0,0,53.2,6.68,22.74,0.14,17.24,0.0,0.0,26.85,0.0,0.0,1.15,0.0,0.0,9.03,6.75,66.35,0.0,0.0,0.0,0.0,17.46,0.0,0.0,0,0.4,0.0,0.0,0.0,0.0,0.0,0.0,0.0,6.2,3.66,8.47,9.78,22.7,31.62,0.0,17.57,1981-01-01,2022-05-19,41.37713894592745,40.46817248459959,2.203,True,-77.15909944244018,0.9902505314460059,Amazonas,47
47017100,Putumayo,123451.81,-8569250.71,2093,1/01/1981,31/12/2019,13620,4.381,471.29,164.89,2.14,0.37,3761,2643.22,2094.02,35.52,3.42e-05,65.06,54.28,42.21,36.0,20.32,58.52,1.43,16.66,1.58,211.63,18.24,2.45,0.47,2.33,0.74,0.64,0.72,6.31,1,4,4,34,69.44,2.88,26.77,0.76,0.15,0.0,0.0,10.76,0.03,5.9,3.57,6.12,6.116,18.4,15.09,63.6,0.36,2.08,0.0,0.0,0.44,0.0,0.0,0,0.02,0.0,0.0,0.0,0.0,0.0,0.0,0.0,0.02,29.17,8.43,9.88,32.86,18.83,0.36,0.46,1981-01-01,2019-12-31,38.99520876112252,37.28952772073922,4.381,False,-76.9788888624506,1.1163888960937534,Amazonas,47
47017110,Nariño,88723.33,-8605666.34,1623,1/04/1981,31/12/2015,10169,19.885,454.5,178.15,2.36,0.36,4017,2976.02,1608.0,35.75,7.4e-05,62.19,40.55,33.12,29.79,17.64,105.81,1.41,15.38,1.75,192.38,16.94,9.5,1.94,2.36,0.84,0.63,2.58,24.8,1,5,8,29,87.0,8.57,3.75,0.36,0.32,0.0,0.0,38.56,0.0,12.57,48.87,0.0,0.0,4.64,2.07,93.29,0.0,0.0,0.0,0.0,0.0,0.0,0.0,0,0.0,0.0,0.0,0.0,0.0,0.0,0.0,0.0,0.0,8.28,0.0,9.23,5.3,76.79,0.0,0.4,1981-04-01,2015-12-31,34.74880219028063,27.84120465434634,19.885,False,-77.30601603254902,0.8023601383729477,Amazonas,47
47017130,Nariño,97677.86,-8588298.71,2307,1/01/1988,19/07/2001,4686,5.314,462.46,156.75,2.06,0.14,3951,3026.12,2152.0,57.1,2.3e-05,69.08,91.11,64.92,50.39,31.42,94.28,1.41,15.21,1.57,191.43,15.93,4.73,0.95,2.66,0.48,0.71,1.96,11.62,0,0,0,0,63.9,13.55,13.44,0.07,9.02,0.01,0.0,17.99,2.84,0.0,21.15,4.34,4.336,13.32,3.7,73.48,0.0,0.0,0.0,0.0,9.29,0.0,0.0,0,0.21,0.0,0.0,0.0,0.0,0.0,0.0,0.0,3.62,8.52,12.08,6.81,17.77,42.07,0.0,9.12,1988-01-01,2001-07-19,13.546885694729637,12.829568788501026,5.314,False,-77.1499999577697,0.8833332883905748,Amazonas,47
47017150,Putumayo,86985.31,-8524729.09,328,1/06/1981,31/03/2021,13215,9.169,393.47,161.78,2.3,0.12,2463,482.63,316.0,57.48,3.01e-05,74.08,82.6,59.84,47.28,30.01,132.82,0.87,13.55,1.58,167.03,16.03,11.55,0.98,1.65,1.01,0.52,1.83,33.31,3,2,28,30,56.83,0.0,40.89,2.04,0.25,0.0,0.0,0.0,4.68,42.65,0.0,0.7,0.696,91.19,7.2,0.0,0.18,0.0,0.0,0.0,1.43,0.0,0.0,0,0.0,0.0,0.0,0.0,0.0,0.0,0.0,0.0,0.0,0.0,6.8,82.07,9.52,0.0,0.18,1.43,1981-06-01,2021-03-31,39.83025325119781,36.18069815195072,9.169,False,-76.57894434525299,0.786643547419805,Amazonas,47
47017160,Putumayo,64432.14,-8524506.46,277,1/04/1982,31/12/2022,14235,4.367,3477.27,473.49,2.26,0.15,3955,1304.42,276.04,150.51,2.47e-05,65.97,187.16,118.1,80.42,64.78,49.69,0.95,11.85,1.51,151.12,12.44,11.72,1.23,2.74,0.63,0.67,4.09,24.88,0,0,2,14,75.95,1.39,20.86,1.23,0.58,0.01,0.0,1.45,26.94,36.96,1.94,6.47,6.472,66.85,21.34,10.22,0.14,0.29,0.0,0.0,1.17,0.0,0.0,0,0.0,0.0,0.0,0.0,0.0,0.0,0.0,0.0,0.0,4.9,5.58,22.69,38.62,26.9,0.14,1.18,1982-04-01,2022-12-31,40.7501711156742,38.97330595482546,4.367,True,-76.57694442593596,0.5826944283783435,Amazonas,47
47030010,Putumayo,43723.26,-8497700.11,261,1/01/1983,31/07/1999,5663,6.489,7078.21,765.53,2.57,0.11,4017,1297.15,252.03,255.98,1.94e-05,66.86,309.3,179.3,111.44,101.57,62.9,1.01,9.12,1.24,126.29,10.41,7.7,0.88,2.81,0.61,0.74,3.08,16.15,0,0,0,0,72.35,2.2,22.86,1.32,1.27,0.0,0.0,4.4,18.32,42.91,6.46,4.42,4.421,61.96,13.41,22.63,0.12,0.14,0.0,0.0,1.73,0.0,0.0,0,0.02,0.0,0.0,0.0,0.0,0.0,0.0,0.0,0.24,3.58,5.79,22.46,39.46,26.59,0.12,1.76,1983-01-01,1999-07-31,16.577686516084874,15.50444900752909,6.489,False,-76.33613888677137,0.3954166369150623,Amazonas,47
47077010,Amazonas,-159753.98,-8102899.35,126,18/05/1991,30/09/2015,7380,17.097,4435.48,667.11,2.83,0.13,275,198.58,135.08,188.59,1.32e-06,61.69,686.71,347.92,187.05,134.06,105.46,1.01,5.42,0.96,90.42,7.46,6.68,0.66,1.9,1.2,0.66,1.36,15.16,0,0,17,35,99.33,0.03,0.51,0.02,0.1,0.0,0.0,0.0,0.0,96.25,0.0,0.0,0.0,12.5,1.27,0.0,0.0,0.0,0.0,0.0,0.0,36.74,0.0,0,0.0,49.49,0.0,0.0,0.0,0.0,0.0,0.4,0.0,0.0,1.78,10.32,70.99,16.5,0.0,0.0,1991-05-18,2015-09-30,24.369609856262834,20.205338809034906,17.097,False,-72.78958331787135,-1.4446111016660301,Amazonas,47
51027020,Nariño,133371.77,-8681265.95,1239,1/01/1981,29/12/2022,14635,4.583,421.67,144.28,1.98,0.18,4067,2623.46,1205.0,48.48,0.000221,67.37,33.63,28.36,26.38,18.06,74.49,1.23,16.55,1.91,207.07,19.05,5.11,0.95,2.92,0.82,0.74,1.24,11.09,0,0,9,59,57.32,9.31,33.16,0.13,0.08,0.0,0.0,0.0,5.09,14.56,78.76,0.0,0.0,42.65,1.03,56.21,0.06,0.0,0.0,0.0,0.05,0.0,0.0,0,0.0,0.0,0.0,0.0,0.0,0.0,0.0,0.01,5.98,0.95,0.0,4.78,36.75,51.42,0.05,0.05,1981-01-01,2022-12-29,41.99041752224504,40.068446269678304,4.583,True,-77.98513888391376,1.2060833056006448,Pacifico,51
51027030,Nariño,133983.28,-8694863.84,774,1/01/1981,31/12/2002,7934,1.257,555.56,178.61,2.14,0.13,4773,2257.75,779.0,64.76,5.75e-05,63.19,70.6,52.52,42.7,29.06,46.36,1.05,12.09,1.59,184.0,16.77,9.21,1.45,2.39,0.9,0.68,1.96,20.67,0,2,15,25,80.01,11.33,8.4,0.1,0.14,0.02,0.0,0.0,0.0,30.93,67.7,0.0,0.0,25.53,6.83,67.64,0.0,0.0,0.0,0.0,0.0,0.0,0.0,0,0.0,0.0,0.0,0.0,0.0,0.0,0.0,2.58,0.84,5.22,0.0,8.69,41.13,41.54,0.0,0.0,1981-01-01,2002-12-31,21.9958932238193,21.72210814510609,1.257,False,-78.10729080810152,1.2116123680743407,Pacifico,51
51027060,Nariño,157461.91,-8757535.26,40,1/01/1981,31/12/2022,14688,4.25,3883.74,472.41,2.14,0.1,4773,1380.34,38.0,195.6,2.43e-05,64.02,230.24,140.29,92.0,79.27,38.07,0.78,8.21,1.36,127.81,13.76,18.9,2.02,2.49,0.66,0.68,5.9,39.35,0,0,4,18,77.36,4.6,17.3,0.12,0.61,0.01,0.0,0.0,1.59,11.55,39.86,2.43,2.434,39.82,2.46,57.21,0.02,0.0,0.0,0.0,0.36,0.0,0.0,0,0.14,0.0,0.0,0.0,0.0,0.0,0.0,0.44,1.77,16.82,0.0,16.24,34.2,30.03,0.02,0.47,1981-01-01,2022-12-31,41.9958932238193,40.2135523613963,4.25,True,-78.67027775273627,1.4238889014148044,Pacifico,51
52017010,Nariño,176309.17,-8619397.05,466,1/01/1981,31/12/2004,8664,1.164,8775.23,672.76,2.03,0.22,4436,1855.12,458.05,199.43,2.23e-05,72.6,241.6,146.01,94.92,81.78,50.97,1.93,11.25,1.67,156.33,19.29,2.07,0.45,2.05,0.74,0.72,0.64,5.16,0,0,1,8,20.36,9.33,69.38,0.74,0.19,0.0,4.2,10.91,3.58,28.63,18.95,11.65,11.65,29.54,4.76,31.44,0.09,3.3,0.0,0.0,0.37,0.0,0.0,0,0.01,0.0,0.0,2.57,27.91,0.0,0.0,0.05,3.4,8.91,0.0,16.14,46.04,24.67,0.49,0.3,1981-01-01,2004-12-31,23.99726214921287,23.720739219712527,1.164,False,-77.42936109909715,1.5942777952305829,Pacifico,52
52017030,Cauca,237545.36,-8576795.7,625,1/01/1981,31/12/2019,11626,18.38,1704.95,320.88,2.19,0.2,4436,1634.04,622.0,91.67,4.86e-05,73.89,98.42,69.22,52.98,39.07,53.48,1.49,11.37,1.66,148.77,17.74,3.06,0.5,1.61,0.99,0.66,0.57,8.99,1,10,22,68,22.92,1.91,74.9,0.18,0.1,0.0,2.24,7.55,8.78,21.96,23.24,23.94,23.939,34.04,1.6,29.6,0.12,0.16,0.0,0.0,0.36,0.0,0.0,0,0.0,0.0,0.0,1.42,32.7,0.0,0.0,0.0,1.27,9.0,0.0,21.76,60.04,7.46,0.12,0.36,1981-01-01,2019-12-31,38.99520876112252,31.83025325119781,18.38,False,-77.04666666080588,2.147777813509991,Pacifico,52
52017060,Cauca,217060.39,-8593753.37,584,1/01/1995,31/12/2011,5097,17.909,2240.65,370.86,2.21,0.13,4436,1483.09,576.06,132.99,3.06e-05,74.55,156.61,101.84,71.63,56.6,55.35,1.43,11.38,1.56,137.81,15.5,3.23,0.49,1.74,1.15,0.67,0.56,9.21,0,2,27,48,20.77,2.76,76.04,0.23,0.2,0.0,1.87,5.75,7.35,23.71,25.72,21.0,21.0,32.21,2.49,24.66,0.12,1.73,0.0,0.0,0.4,0.0,0.0,0,0.0,0.0,0.0,1.08,37.3,0.0,0.0,0.0,3.73,12.15,0.0,17.54,60.38,5.68,0.12,0.4,1995-01-01,2011-12-31,16.996577686516083,13.95482546201232,17.909,False,-77.19900000224644,1.9626388444351244,Pacifico,52
52017070,Cauca,245168.3,-8578001.66,819,1/01/1995,31/08/2021,9205,5.493,166.74,80.32,1.75,0.32,3287,1868.62,811.0,22.89,0.000244,68.29,18.16,16.99,17.68,10.02,59.22,1.26,16.0,1.96,199.19,18.52,6.63,0.95,1.84,1.14,0.69,1.05,18.72,1,8,33,90,54.15,0.36,45.38,0.11,0.0,0.0,0.0,0.0,0.22,49.78,50.0,0.0,0.0,73.63,0.0,8.81,0.0,0.0,0.0,0.0,0.0,0.0,0.0,0,0.0,0.0,0.0,0.0,17.56,0.0,0.0,0.0,0.0,0.0,0.0,38.34,61.66,0.0,0.0,0.0,1995-01-01,2021-08-31,26.663928815879533,25.201916495550993,5.493,False,-77.05749998380627,2.2166666868610814,Pacifico,52
52017080,Cauca,218120.7,-8594977.88,614,1/01/1995,31/08/2021,9345,4.055,246.52,104.4,1.88,0.2,3490,2002.24,599.0,34.85,0.000138,67.88,31.29,26.71,25.18,15.37,55.01,1.38,18.41,2.19,205.89,21.11,5.02,0.82,2.5,0.88,0.76,1.07,12.72,0,5,15,70,55.88,1.37,42.68,0.07,0.0,0.0,0.0,0.0,0.0,73.91,26.09,0.0,0.0,29.9,0.04,64.09,0.03,5.05,0.0,0.0,0.14,0.0,0.0,0,0.0,0.0,0.0,0.0,0.75,0.0,0.0,0.0,0.0,0.04,0.0,0.04,94.7,5.08,0.0,0.14,1995-01-01,2021-08-31,26.663928815879533,25.585215605749486,4.055,False,-77.20999996273203,1.97222223606136,Pacifico,52
52017100,Cauca,260624.31,-8554751.35,935,1/01/1995,18/02/2018,8262,2.225,278.69,135.24,2.28,0.14,3697,1872.46,929.0,45.5,0.000189,76.37,33.99,28.61,26.57,17.72,205.21,1.55,14.67,1.79,187.5,18.67,3.48,0.61,1.82,1.26,0.69,0.42,10.36,1,3,45,126,9.48,0.55,89.42,0.54,0.02,0.0,0.0,19.74,2.52,3.23,0.0,33.01,33.014,27.22,0.0,38.88,0.4,0.0,0.0,0.0,0.32,0.0,0.0,0,0.0,0.0,0.0,0.89,32.29,0.0,0.0,0.0,0.62,27.59,0.0,18.04,29.89,23.15,0.4,0.32,1995-01-01,2018-02-18,23.132101300479125,22.62012320328542,2.225,False,-76.84863889547108,2.3563333111300224,Pacifico,52
52017110,Cauca,257528.68,-8554704.97,918,1/01/1995,12/02/2017,7773,3.788,270.18,139.35,2.39,0.1,4436,2304.19,893.0,52.01,8.8e-05,73.65,50.62,39.83,34.4,22.69,77.21,1.49,15.91,2.0,189.61,18.35,2.6,0.48,2.02,0.97,0.67,0.51,7.99,1,5,19,32,22.69,5.21,72.01,0.09,0.0,0.0,2.15,21.19,5.39,2.55,15.17,35.21,35.214,23.85,0.0,55.23,0.08,0.0,0.0,0.0,0.39,0.0,0.0,0,0.0,0.0,0.0,0.0,20.45,0.0,0.0,0.0,4.82,8.27,0.0,6.47,66.01,13.94,0.08,0.39,1995-01-01,2017-02-12,22.116358658453116,21.281314168377822,3.788,False,-76.84822225684233,2.328361083060666,Pacifico,52
52017120,Cauca,244276.89,-8572590.3,653,1/01/1995,31/12/2020,9111,4.064,624.62,206.79,2.33,0.1,4436,1643.64,650.0,80.93,5.94e-05,75.69,82.76,59.94,47.34,34.21,82.0,1.68,15.69,2.0,187.31,18.96,2.58,0.46,1.35,1.23,0.59,0.36,7.43,8,23,57,92,12.18,3.18,84.4,0.14,0.1,0.0,5.61,11.81,3.55,24.27,7.75,38.16,38.157,25.71,4.36,28.71,0.09,0.0,0.0,0.0,0.39,0.0,0.0,0,0.0,0.0,0.0,2.18,38.56,0.0,0.0,0.0,2.09,7.4,0.0,18.01,62.46,9.56,0.09,0.39,1995-01-01,2020-12-31,25.998631074606433,24.944558521560573,4.064,False,-77.00888890984754,2.2086111378608835,Pacifico,52
52017130,Cauca,245321.99,-8572095.54,654,1/01/1995,31/08/2021,9443,3.049,768.47,258.16,2.63,0.14,3697,1707.53,654.0,75.19,7.2e-05,73.1,72.63,53.77,43.49,31.19,160.76,1.37,12.63,1.93,163.15,16.41,3.01,0.46,1.83,1.02,0.7,0.69,8.27,0,2,12,47,27.53,0.63,71.54,0.24,0.05,0.0,0.0,7.16,16.55,13.2,28.91,14.51,14.511,33.87,0.0,40.41,0.14,0.0,0.0,0.0,0.36,0.0,0.0,0,0.0,0.0,0.0,1.39,23.82,0.0,0.0,0.0,0.22,12.09,0.0,23.91,54.49,8.78,0.14,0.36,1995-01-01,2021-08-31,26.663928815879533,25.853524982888434,3.049,False,-77.00444440514782,2.218055557669597,Pacifico,52
52027010,Cauca,226326.74,-8571940.93,742,1/09/1992,31/12/2022,10684,3.565,961.21,201.15,1.83,0.14,4434,2205.63,732.0,81.85,7.42e-05,72.66,76.65,56.23,45.04,33.08,74.0,1.67,16.43,2.0,194.57,18.07,3.26,0.65,2.12,0.84,0.68,0.7,8.81,0,1,14,23,28.87,3.86,66.82,0.39,0.07,0.0,15.22,18.37,11.32,23.95,11.17,3.22,3.215,56.09,1.32,33.71,0.18,0.3,0.0,0.0,0.27,0.0,0.0,0,0.0,0.0,0.0,0.0,8.13,0.0,0.0,0.0,1.0,10.63,0.0,32.15,38.28,17.49,0.18,0.27,1992-09-01,2022-12-31,30.32991101984942,29.251197809719372,3.565,True,-77.00305551988704,2.0463889113352782,Pacifico,52
52027030,Cauca,238510.5,-8560357.52,945,1/01/1995,31/07/2022,9341,7.276,730.73,175.48,1.83,0.2,4431,2447.47,943.0,60.82,9.39e-05,71.52,55.68,43.11,36.6,25.24,225.41,1.71,17.3,1.78,197.48,18.07,2.52,0.53,2.37,0.77,0.69,0.69,6.42,0,2,5,12,34.01,4.07,61.59,0.3,0.03,0.0,17.6,23.94,14.88,7.67,12.0,1.88,1.877,52.88,0.88,41.82,0.03,0.16,0.0,0.0,0.06,0.0,0.0,0,0.0,0.0,0.0,0.0,4.17,0.0,0.0,0.0,0.1,9.16,0.0,27.32,43.36,19.98,0.03,0.06,1995-01-01,2022-07-31,27.578370978781656,25.574264202600958,7.276,True,-76.89899997743481,2.1565000059930086,Pacifico,52
52037010,Nariño,184206.18,-8573239.66,1692,1/01/1981,31/12/2022,13989,8.807,336.06,113.83,1.75,0.3,4215,2805.2,1687.0,33.73,9.69e-05,70.24,34.94,29.27,27.04,16.03,246.95,1.74,19.33,2.08,226.8,21.31,3.52,0.77,3.07,0.56,0.71,1.46,7.9,0,1,0,3,33.46,2.76,63.22,0.56,0.01,0.0,0.0,11.56,0.0,3.0,59.38,26.07,26.066,46.27,14.73,38.67,0.3,0.0,0.0,0.0,0.03,0.0,0.0,0,0.0,0.0,0.0,0.0,0.0,0.0,0.0,0.31,5.83,0.83,0.0,6.36,24.97,61.36,0.3,0.06,1981-01-01,2022-12-31,41.9958932238193,38.299794661190965,8.807,True,-77.0147222099765,1.6656666541350802,Pacifico,52
52047010,Nariño,136633.93,-8604221.04,2521,1/04/1981,31/07/2021,14265,3.17,216.38,96.18,1.84,0.24,4220,3012.98,2495.99,29.96,9.11e-05,73.74,32.67,27.68,25.89,14.82,254.33,2.97,20.8,2.13,242.4,24.03,1.31,0.51,2.7,0.57,0.7,0.53,3.19,1,2,1,10,24.47,3.64,59.41,12.49,0.0,0.0,0.0,0.0,0.0,0.0,8.74,0.0,0.0,21.93,7.29,70.41,0.0,0.0,0.0,0.0,0.37,0.0,0.0,0,0.0,0.0,0.0,0.0,0.0,0.0,0.0,0.0,32.84,7.08,0.0,8.61,17.83,20.49,13.14,0.0,1981-04-01,2021-07-31,40.33127994524298,39.05544147843943,3.17,False,-77.29303268174763,1.235578498122132,Pacifico,52
52047020,Nariño,167813.27,-8606146.94,794,1/01/1981,31/12/2019,12276,13.816,1350.76,241.87,1.86,0.18,4189,2453.4,794.0,87.26,5.02e-05,69.81,93.58,66.38,51.27,37.41,241.78,2.14,16.03,1.71,191.95,19.13,2.34,0.62,2.7,0.73,0.68,0.7,5.16,0,3,6,16,30.53,11.13,57.94,0.36,0.05,0.0,7.51,9.59,0.0,2.44,12.1,14.83,14.825,10.27,8.19,45.34,0.02,15.42,0.0,0.0,0.19,0.0,0.0,0,0.07,0.0,0.0,0.11,20.38,0.0,0.0,0.25,1.98,2.83,0.0,5.95,42.11,46.75,0.13,0.0,1981-01-01,2019-12-31,38.99520876112252,33.609856262833674,13.816,False,-77.3103333358045,1.5174721808622627,Pacifico,52
52057030,Nariño,174109.12,-8620800.91,468,1/01/1981,31/12/2010,9114,16.82,3996.04,504.28,2.25,0.12,4779,2794.79,461.99,180.03,3.01e-05,73.49,199.12,124.33,83.72,71.5,176.99,2.21,12.37,1.63,170.13,16.4,1.73,0.53,2.97,0.57,0.74,0.69,3.83,0,0,0,5,18.77,9.47,70.55,0.98,0.22,0.01,0.15,0.91,0.0,12.72,53.61,2.12,2.123,28.34,7.64,51.39,0.54,1.46,0.0,0.0,0.32,0.0,0.0,0,0.22,0.0,0.0,0.05,10.03,0.0,0.0,0.31,20.19,5.85,0.09,15.25,16.4,40.98,0.78,0.16,1981-01-01,2010-12-31,29.9958932238193,24.95277207392197,16.82,False,-77.44197218804479,1.5743889226473662,Pacifico,52
52057040,Nariño,93237.62,-8647937.56,2858,1/01/1981,31/12/2022,14894,2.907,226.94,114.21,2.14,0.14,4779,3418.8,2855.0,40.06,5.44e-05,76.99,49.83,39.31,34.05,20.39,278.1,2.34,21.68,2.22,250.83,24.02,1.32,0.48,1.39,0.71,0.67,0.39,3.12,1,5,2,18,4.84,32.74,60.28,1.04,1.03,0.08,0.0,0.0,0.0,0.0,64.53,0.0,0.0,35.54,12.78,47.44,1.29,0.0,0.0,0.0,0.96,0.0,0.0,0,1.99,0.0,0.0,0.0,0.0,0.0,0.0,0.0,38.8,2.83,0.0,12.3,0.09,43.71,1.29,0.98,1981-01-01,2022-12-31,41.9958932238193,40.77754962354552,2.907,True,-77.68574486259281,0.8431817327083685,Pacifico,52
52057050,Nariño,152939.27,-8625287.71,780,1/01/1981,23/11/2022,14591,4.646,3204.76,408.17,2.03,0.14,4779,2955.07,773.99,151.98,3.13e-05,74.02,172.11,110.15,76.16,62.39,492.62,2.33,16.07,2.05,208.49,18.95,1.52,0.49,3.02,0.61,0.73,0.52,3.3,0,1,3,43,18.9,8.89,70.8,1.17,0.23,0.01,0.2,1.15,0.0,1.42,58.17,2.72,2.715,28.48,8.82,53.94,0.68,1.85,0.0,0.0,0.36,0.0,0.0,0,0.28,0.0,0.0,0.0,5.59,0.0,0.0,0.33,24.98,7.03,0.11,17.39,9.98,39.12,0.85,0.2,1981-01-01,2022-11-23,41.89185489390828,39.94798083504449,4.646,True,-77.48227779821268,1.3829999604071266,Pacifico,52
52057060,Nariño,149772.38,-8636496.87,1411,1/01/1981,31/07/2021,14122,4.723,372.38,118.52,1.73,0.22,3996,2660.04,1386.0,40.75,0.000152,74.14,33.95,28.58,26.54,16.98,371.3,1.66,18.33,2.0,220.58,22.9,1.6,0.41,2.29,0.92,0.72,0.41,4.16,1,10,9,44,22.76,4.54,72.46,0.25,0.0,0.0,0.0,0.0,0.0,30.59,49.28,0.0,0.0,29.8,5.56,53.96,0.06,0.0,0.0,0.0,0.0,0.0,0.0,0,0.0,0.0,0.0,0.0,10.62,0.0,0.0,0.0,3.9,1.42,0.0,6.6,41.18,46.13,0.77,0.0,1981-01-01,2021-07-31,40.577686516084874,38.66392881587954,4.723,False,-77.58297139571407,1.3543678547987006,Pacifico,52
52067010,Nariño,186365.03,-8678441.69,119,1/01/1981,20/12/2006,9047,4.618,1779.39,288.87,1.93,0.15,3799,1311.42,89.06,107.51,3.31e-05,62.38,128.96,86.65,63.14,47.43,306.93,0.91,11.04,1.46,153.27,16.5,19.54,2.38,2.27,0.78,0.65,5.58,46.65,0,1,3,21,87.57,0.28,11.8,0.04,0.28,0.03,0.0,0.0,18.15,39.47,42.2,0.17,0.173,22.18,50.31,26.93,0.0,0.0,0.0,0.0,0.58,0.0,0.0,0,0.0,0.0,0.0,0.0,0.0,0.0,0.0,0.0,3.04,0.0,0.0,7.77,41.51,47.26,0.0,0.42,1981-01-01,2006-12-20,25.965776865160848,24.76933607118412,4.618,False,-77.95976812467049,1.6851821761720964,Pacifico,52
52067040,Nariño,154881.05,-8657100.34,796,1/01/1986,31/12/2007,7922,1.406,151.7,77.7,1.78,0.22,3037,1865.21,794.0,26.16,0.000129,61.97,25.76,22.72,22.19,12.52,313.55,1.28,17.96,1.59,223.64,23.59,8.97,1.62,3.16,0.78,0.73,2.24,19.87,0,0,7,40,89.41,0.0,10.56,0.01,0.02,0.0,0.0,0.0,10.68,89.14,0.18,0.0,0.0,47.95,0.0,51.89,0.0,0.0,0.0,0.0,0.15,0.0,0.0,0,0.0,0.0,0.0,0.0,0.0,0.0,0.0,0.0,0.0,0.0,0.0,6.38,45.63,47.99,0.0,0.0,1986-01-01,2007-12-31,21.9958932238193,21.689253935660506,1.406,False,-77.76805551578305,1.4005555759286064,Pacifico,52
53047010,Cauca,277339.36,-8648773.03,26,1/01/1988,31/12/2022,11723,8.299,432.18,135.24,1.84,0.13,3884,641.98,31.09,57.05,3.89e-05,61.56,74.4,54.86,44.18,28.42,395.25,0.53,8.27,1.18,133.49,11.82,21.51,1.57,2.09,0.64,0.64,6.87,50.55,0,1,4,10,97.44,0.15,1.3,0.13,0.77,0.21,0.0,0.0,37.04,40.7,0.2,22.06,22.063,9.65,27.45,17.53,0.0,0.8,0.0,0.0,0.66,0.0,0.0,0,0.0,43.91,0.0,0.0,0.0,0.0,0.0,0.0,0.0,7.28,0.0,41.17,17.81,33.08,0.0,0.66,1988-01-01,2022-12-31,34.997946611909654,32.09582477754962,8.299,True,-77.69325001729703,2.5073611166710306,Pacifico,53
53077010,Cauca,309281.28,-8599439.77,72,1/01/1981,31/12/2013,11452,4.986,2383.85,354.34,2.05,0.18,3813,1500.86,115.01,115.91,2.71e-05,62.85,147.61,96.95,68.93,52.18,334.0,0.79,7.42,1.3,109.85,10.21,9.88,0.99,2.43,0.56,0.75,2.92,20.81,0,0,5,15,84.24,0.13,15.5,0.08,0.05,0.0,0.0,0.0,16.03,73.42,6.49,4.06,4.061,44.19,10.15,37.94,0.04,3.12,0.0,0.0,0.0,0.0,0.0,0,0.0,0.0,0.0,0.0,4.57,0.0,0.0,0.0,1.23,1.47,0.0,16.82,64.38,16.06,0.04,0.0,1981-01-01,2013-12-31,32.99657768651608,31.353867214236825,4.986,False,-77.25008180256262,2.7959203441007427,Pacifico,53
53077020,Cauca,331169.11,-8626301.95,27,1/01/1990,30/06/2022,11161,5.965,3825.24,524.36,2.39,0.11,3813,1136.06,27.01,184.44,2.06e-05,62.31,234.52,142.45,93.11,78.23,250.77,0.68,5.13,1.09,86.41,8.25,14.74,1.26,2.52,0.51,0.72,5.69,29.48,0,0,1,15,89.32,0.08,9.88,0.24,0.48,0.0,0.0,0.0,14.07,74.58,5.39,5.23,5.232,45.3,15.64,25.35,0.02,1.94,0.0,0.0,0.38,0.0,0.0,0,0.0,8.52,0.0,0.0,2.85,0.0,0.0,0.0,0.77,2.79,0.0,19.14,58.07,18.82,0.02,0.38,1990-01-01,2022-06-30,32.492813141683776,30.55715263518138,5.965,True,-77.4913888711503,2.993611137454235,Pacifico,53
53077060,Cauca,323024.77,-8596502.34,131,1/01/1991,28/02/2021,9302,15.567,632.72,183.5,2.06,0.17,3369,973.77,96.0,60.78,2.52e-05,60.11,92.37,65.66,50.84,32.39,344.65,0.59,6.13,1.2,107.93,9.57,18.95,1.42,1.48,0.7,0.65,7.2,52.98,2,2,0,3,99.66,0.0,0.11,0.08,0.15,0.0,0.0,0.0,8.91,86.51,4.48,0.11,0.107,58.01,35.89,6.04,0.0,0.0,0.0,0.0,0.06,0.0,0.0,0,0.0,0.0,0.0,0.0,0.0,0.0,0.0,0.0,0.0,0.0,0.0,6.53,57.52,35.89,0.0,0.06,1991-01-01,2021-02-28,30.16016427104723,25.467488021902806,15.567,False,-77.2236944199123,2.9200555859730066,Pacifico,53
54017040,Choco,583017.93,-8522926.34,93,1/01/1981,31/12/2022,13673,10.867,1789.33,346.85,2.31,0.12,4107,1263.85,96.0,122.67,2.39e-05,62.57,161.99,104.74,73.22,55.81,389.49,0.73,3.13,1.0,84.58,8.32,13.29,1.19,2.23,0.44,0.74,5.33,26.46,0,0,2,8,87.41,0.16,12.02,0.22,0.19,0.0,1.38,0.0,12.85,65.04,4.02,16.71,16.71,60.06,3.66,35.47,0.06,0.0,0.0,0.0,0.25,0.0,0.0,0,0.49,0.0,0.0,0.0,0.0,0.0,0.0,0.0,0.0,3.61,0.0,2.07,70.3,23.86,0.0,0.15,1981-01-01,2022-12-31,41.9958932238193,37.43463381245722,10.867,True,-76.56274996646853,5.265111088012989,Pacifico,54
54027030,Choco,539438.6,-8556517.0,45,1/01/1981,24/11/2008,9270,9.028,5297.91,672.58,2.61,0.13,4110,909.1,35.03,200.02,1.88e-05,62.69,258.89,154.65,99.28,84.71,272.52,0.64,1.89,0.71,54.5,6.0,16.68,1.29,2.34,0.47,0.75,7.36,30.77,0,0,1,6,90.88,0.2,7.23,1.24,0.43,0.03,0.47,0.0,5.89,66.0,5.54,15.4,15.404,77.26,5.05,16.48,0.06,0.0,0.0,0.0,0.98,0.0,0.0,0,0.17,0.0,0.0,0.0,0.0,0.0,0.0,0.0,0.0,8.15,0.0,13.66,65.18,12.3,0.0,0.7,1981-01-01,2008-11-24,27.89596167008898,25.37987679671458,9.028,False,-76.86449999928514,4.872555522880101,Pacifico,54
54057010,Choco,516962.23,-8563808.43,82,1/01/1981,29/07/2015,10816,14.349,9399.97,860.94,2.5,0.16,4110,884.27,29.18,239.84,1.75e-05,64.38,305.76,177.59,110.61,98.52,296.47,0.69,2.0,0.66,53.69,5.94,15.5,1.3,2.7,0.47,0.77,7.07,26.02,0,0,0,0,85.04,0.78,12.31,1.24,0.53,0.11,0.26,0.0,3.92,64.64,11.85,9.41,9.412,76.75,7.19,13.06,0.06,0.51,0.0,0.0,1.12,0.0,0.0,0,0.1,0.2,0.0,0.0,1.01,0.0,0.0,0.0,0.18,12.48,0.0,15.17,62.15,9.19,0.01,0.81,1981-01-01,2015-07-29,34.57084188911704,29.61259411362081,14.349,False,-76.93000002940602,4.669999976706037,Pacifico,54
54077010,Valle Del Cauca,450365.9,-8580991.83,28,1/01/1981,29/03/2021,13085,10.974,1293.84,344.31,2.7,0.06,3853,913.95,29.11,148.94,2.24e-05,64.34,192.86,121.08,82.0,65.49,469.94,0.68,4.82,0.95,89.21,8.62,14.37,1.24,1.99,0.73,0.65,5.28,32.64,0,0,0,2,81.69,0.87,15.43,0.24,1.76,0.0,0.0,0.0,5.11,63.69,27.51,0.0,0.0,56.03,9.09,10.7,0.07,0.95,0.0,0.0,2.22,12.17,0.0,0,0.0,7.6,0.0,0.0,1.16,0.0,0.0,0.0,0.62,2.78,0.5,32.74,50.67,10.14,0.35,2.2,1981-01-01,2021-03-29,40.238193018480494,35.82477754962355,10.974,False,-77.08436113793742,4.069499998735816,Pacifico,54
54077030,Valle Del Cauca,448034.3,-8574076.57,26,1/01/1981,30/03/2000,6520,7.241,1087.91,315.5,2.7,0.06,3851,1073.44,34.15,136.39,2.38e-05,64.99,175.8,112.11,77.21,60.5,295.6,0.72,4.1,0.95,83.7,7.25,11.1,1.04,1.64,0.51,0.66,4.83,26.61,0,1,0,0,78.37,1.04,18.3,0.28,2.0,0.0,0.0,0.0,6.06,56.82,32.73,0.0,0.0,64.01,8.3,12.72,0.09,1.14,0.0,0.0,2.47,8.73,0.0,0,0.0,1.13,0.0,0.0,1.4,0.0,0.0,0.0,0.73,3.3,0.59,24.31,56.11,12.07,0.41,2.47,1981-01-01,2000-03-30,19.241615331964407,17.8507871321013,7.241,False,-77.02224030042082,4.04846731610288,Pacifico,54
