fecha,ra_mm,etp_era5land,etp_mswx,etp_camels
1998-01-01,13.453,3.4697,3.641,10.322
1998-01-02,13.4652,3.8881,4.0084,11.544
1998-01-03,13.4782,4.0322,,
1998-01-04,13.4921,3.985,3.9726,11.358
1998-01-05,13.5068,3.7417,3.8248,10.809
1998-01-06,13.5223,3.3643,3.5732,9.99
1998-01-07,13.5386,3.2316,3.6039,10.109
1998-01-08,13.5557,3.367,3.6202,10.139
1998-01-09,13.5736,3.3856,3.8102,10.801
1998-01-10,13.5922,3.283,3.3881,9.336
1998-01-11,13.6116,3.6329,3.2402,8.871
1998-01-12,13.6317,2.9187,3.0556,8.218
1998-01-13,13.6524,3.4921,3.761,10.527
1998-01-14,13.6739,3.1728,2.9576,7.949
1998-01-15,13.696,3.3767,3.2362,8.848
1998-01-16,13.7188,3.4457,3.5936,9.952
1998-01-17,13.7422,3.4032,3.1956,8.643
1998-01-18,13.7662,3.4218,3.3031,9.002
1998-01-19,13.7907,3.4638,3.7149,10.456
1998-01-20,13.8159,3.2645,3.3747,9.219
1998-01-21,13.8415,3.3565,3.3892,9.239
1998-01-22,13.8676,3.8622,3.9137,11.041
1998-01-23,13.8943,3.7574,3.6873,10.14
1998-01-24,13.9213,3.5211,3.5612,9.761
1998-01-25,13.9488,3.2598,3.6001,9.878
1998-01-26,13.9767,4.2003,3.8914,10.986
1998-01-27,14.005,3.6662,3.9777,11.228
1998-01-28,14.0336,3.4257,3.0435,8.146
1998-01-29,14.0626,3.7687,3.6375,10.122
1998-01-30,14.0918,3.0994,3.566,9.789
1998-01-31,14.1213,3.7129,4.0087,11.239
1998-02-01,14.1511,3.9344,3.8338,10.734
1998-02-02,14.181,4.0438,3.7532,10.427
1998-02-03,14.2111,3.7311,3.8075,10.517
1998-02-04,14.2414,2.5746,2.6809,7.036
1998-02-05,14.2718,3.529,3.2385,8.757
1998-02-06,14.3023,3.5716,3.4054,9.293
1998-02-07,14.3328,3.283,3.2088,8.672
1998-02-08,14.3634,2.5618,2.8647,7.555
1998-02-09,14.394,2.3687,2.364,6.107
1998-02-10,14.4246,2.7351,3.1528,8.499
1998-02-11,14.4551,3.205,3.2946,8.914
1998-02-12,14.4856,3.8099,,
1998-02-13,14.5159,3.2778,,
1998-02-14,14.5461,3.5399,,
1998-02-15,14.5761,3.8339,,
1998-02-16,14.606,4.4315,4.3845,12.657
1998-02-17,14.6356,4.3292,4.461,12.81
1998-02-18,14.6649,3.9779,4.1915,11.853
1998-02-19,14.694,3.8919,3.9756,11.26
1998-02-20,14.7228,3.5514,4.063,11.47
1998-02-21,14.7513,3.5111,3.6875,10.153
1998-02-22,14.7794,3.3805,3.3158,8.937
1998-02-23,14.8071,3.6351,3.4849,9.427
1998-02-24,14.8344,3.4766,3.7373,10.232
1998-02-25,14.8613,3.5988,4.0526,11.333
1998-02-26,14.8877,3.8816,3.5677,9.734
1998-02-27,14.9137,3.846,4.192,11.781
1998-02-28,14.9391,3.6915,3.5734,9.766
1998-03-01,14.9641,3.5826,3.6049,9.902
1998-03-02,14.9885,3.5492,3.9901,11.184
1998-03-03,15.0123,4.1698,4.2283,11.93
1998-03-04,15.0355,3.8882,4.0505,11.336
1998-03-05,15.0582,3.8389,3.9427,10.898
1998-03-06,15.0802,3.7103,3.9846,11.042
1998-03-07,15.1016,3.836,3.3957,9.174
1998-03-08,15.1223,3.6885,3.3419,8.997
1998-03-09,15.1424,3.5964,4.1478,11.65
1998-03-10,15.1618,3.6007,3.8984,10.794
1998-03-11,15.1804,3.5746,4.0883,11.332
1998-03-12,15.1984,3.7453,3.9181,10.882
1998-03-13,15.2156,3.4423,3.9506,10.89
1998-03-14,15.2321,3.7552,3.6555,10.072
1998-03-15,15.2479,3.37,3.6777,10.058
1998-03-16,15.2629,3.5322,3.608,9.827
1998-03-17,15.2771,3.9984,3.6808,10.07
1998-03-18,15.2906,3.9829,3.8892,10.709
1998-03-19,15.3032,4.2972,4.2203,11.836
1998-03-20,15.3151,3.7203,3.9307,10.812
1998-03-21,15.3262,3.3692,2.7752,7.208
1998-03-22,15.3365,3.5099,3.1806,8.471
1998-03-23,15.346,3.5565,2.963,7.866
1998-03-24,15.3547,3.5067,3.5958,9.801
1998-03-25,15.3626,3.7252,4.0123,11.133
1998-03-26,15.3697,3.7255,3.5817,9.692
1998-03-27,15.376,3.6275,3.4668,9.323
1998-03-28,15.3815,3.5435,3.6343,9.882
1998-03-29,15.3862,3.5436,3.0121,8.006
1998-03-30,15.3901,2.6411,2.5149,6.511
1998-03-31,15.3932,3.0549,3.1869,8.492
1998-04-01,15.3955,3.6889,3.8339,10.542
1998-04-02,15.3971,3.5196,3.3076,8.906
1998-04-03,15.3978,3.0388,3.2383,8.623
1998-04-04,15.3979,3.7643,4.0194,11.167
1998-04-05,15.3971,3.6423,3.6818,10.064
1998-04-06,15.3957,3.6553,3.5978,9.815
1998-04-07,15.3935,3.476,3.9165,10.794
1998-04-08,15.3905,3.8801,,
1998-04-09,15.3869,3.9874,4.1744,11.746
1998-04-10,15.3826,4.0942,4.5364,12.992
1998-04-11,15.3776,3.7998,4.1017,11.372
1998-04-12,15.372,3.4594,,
1998-04-13,15.3656,3.2725,2.9563,7.809
1998-04-14,15.3587,3.2894,,
1998-04-15,15.3511,3.9914,4.2846,12.061
1998-04-16,15.343,3.7047,3.7664,10.257
1998-04-17,15.3342,3.4374,,
1998-04-18,15.3249,3.5925,,
1998-04-19,15.3151,3.3439,,
1998-04-20,15.3047,2.607,3.4756,9.448
1998-04-21,15.2939,3.5622,,
1998-04-22,15.2825,4.0794,4.0665,11.4
1998-04-23,15.2707,4.3294,4.3198,12.129
1998-04-24,15.2585,3.8714,,
1998-04-25,15.2458,3.4725,,
1998-04-26,15.2328,3.0229,,
1998-04-27,15.2193,3.6987,4.2209,11.973
1998-04-28,15.2055,3.7786,3.7897,10.394
1998-04-29,15.1914,3.5591,3.6808,10.047
1998-04-30,15.177,3.5258,3.5732,9.714
1998-05-01,15.1623,3.3882,3.3328,8.986
1998-05-02,15.1474,3.1259,3.7551,10.282
1998-05-03,15.1322,3.215,3.2204,8.583
1998-05-04,15.1168,2.1713,1.9105,4.864
1998-05-05,15.1013,3.3575,3.6018,9.946
1998-05-06,15.0855,2.8031,2.9028,7.643
1998-05-07,15.0697,3.0413,,
1998-05-08,15.0537,3.1307,,
1998-05-09,15.0377,3.6942,3.4127,9.244
1998-05-10,15.0215,3.6092,3.2339,8.715
1998-05-11,15.0054,3.566,3.9963,11.066
1998-05-12,14.9892,3.3243,3.6332,10.054
1998-05-13,14.973,3.7444,4.1013,11.567
1998-05-14,14.9569,4.0337,3.7392,10.281
1998-05-15,14.9408,3.8031,3.71,10.195
1998-05-16,14.9248,3.9165,3.9076,11.028
1998-05-17,14.9089,3.4051,,
1998-05-18,14.8932,3.2069,3.5013,9.542
1998-05-19,14.8775,3.5467,3.4432,9.352
1998-05-20,14.8621,4.0158,3.966,11.023
1998-05-21,14.8468,3.7864,3.971,11.004
1998-05-22,14.8317,3.6946,3.411,9.237
1998-05-23,14.8169,3.5447,3.3483,9.046
1998-05-24,14.8023,3.1693,,
1998-05-25,14.788,2.9219,,
1998-05-26,14.774,3.1081,3.0991,8.282
1998-05-27,14.7602,2.8024,2.8422,7.543
1998-05-28,14.7468,3.0225,2.9442,7.837
1998-05-29,14.7338,2.7777,2.4572,6.349
1998-05-30,14.7211,3.482,3.5073,9.659
1998-05-31,14.7088,3.6031,2.906,7.739
1998-06-01,14.6968,3.5219,3.4933,9.692
1998-06-02,14.6853,3.4415,3.1532,8.596
1998-06-03,14.6742,3.5025,3.4473,9.549
1998-06-04,14.6636,3.7159,3.5506,9.837
1998-06-05,14.6533,3.4812,3.7403,10.552
1998-06-06,14.6436,3.7134,3.3899,9.366
1998-06-07,14.6343,2.9622,2.2156,5.771
1998-06-08,14.6255,3.2201,2.8941,7.731
1998-06-09,14.6172,3.3501,3.49,9.626
1998-06-10,14.6094,3.955,3.8116,10.708
1998-06-11,14.6021,3.9218,3.6773,10.27
1998-06-12,14.5954,3.7216,3.6307,10.055
1998-06-13,14.5891,3.8023,3.7284,10.38
1998-06-14,14.5834,3.7368,3.3999,9.398
1998-06-15,14.5783,3.4707,2.6391,7.008
1998-06-16,14.5737,3.1136,2.94,7.873
1998-06-17,14.5696,3.3809,3.399,9.405
1998-06-18,14.5661,3.6648,3.9349,11.135
1998-06-19,14.5632,3.6258,3.414,9.419
1998-06-20,14.5608,3.52,3.4036,9.338
1998-06-21,14.559,3.5363,3.3507,9.184
1998-06-22,14.5577,3.424,3.1068,8.509
1998-06-23,14.557,3.1202,2.8366,7.577
1998-06-24,14.5569,3.1912,3.0315,8.198
1998-06-25,14.5573,3.6494,3.5332,9.78
1998-06-26,14.5583,3.5132,3.9085,11.012
1998-06-27,14.5599,3.5288,3.2162,8.746
1998-06-28,14.562,3.5999,2.838,7.568
1998-06-29,14.5646,4.0543,3.5705,9.936
1998-06-30,14.5678,4.0723,3.6997,10.4
1998-07-01,14.5715,4.1005,4.0284,11.472
1998-07-02,14.5758,3.8754,3.6983,10.241
1998-07-03,14.5805,3.7367,3.821,10.706
1998-07-04,14.5858,3.6588,3.7,10.344
1998-07-05,14.5916,3.4653,2.9858,8.041
1998-07-06,14.5979,3.1003,3.0889,8.405
1998-07-07,14.6047,2.8185,2.9581,7.933
1998-07-08,14.6119,3.015,3.2913,9.002
1998-07-09,14.6196,3.6323,3.5564,9.865
1998-07-10,14.6277,3.5727,3.3789,9.382
1998-07-11,14.6363,3.7296,3.7279,10.602
1998-07-12,14.6453,3.3757,3.64,10.105
1998-07-13,14.6547,4.148,4.0343,11.528
1998-07-14,14.6645,3.7077,3.6208,10.194
1998-07-15,14.6747,3.8585,3.7244,10.511
1998-07-16,14.6852,3.6106,3.4368,9.512
1998-07-17,14.6961,3.1754,3.1506,8.556
1998-07-18,14.7073,3.1656,2.9803,8.011
1998-07-19,14.7188,3.6545,3.3226,9.169
1998-07-20,14.7306,4.0659,3.9046,11.028
1998-07-21,14.7426,4.1511,3.9593,11.203
1998-07-22,14.755,3.7177,2.8844,7.733
1998-07-23,14.7675,3.4747,3.5747,9.928
1998-07-24,14.7803,3.2858,3.2811,8.939
1998-07-25,14.7932,3.4823,3.1538,8.571
1998-07-26,14.8063,3.5416,3.4988,9.693
1998-07-27,14.8196,3.8111,3.9935,11.429
1998-07-28,14.833,3.5872,3.408,9.407
1998-07-29,14.8465,3.7759,3.6705,10.199
1998-07-30,14.8601,3.6962,3.4166,9.325
1998-07-31,14.8738,3.6894,3.6153,10.059
1998-08-01,14.8875,3.6557,3.6331,10.122
1998-08-02,14.9012,3.7295,3.6822,10.195
1998-08-03,14.9149,4.2099,4.2074,12.075
1998-08-04,14.9286,3.9648,3.7132,10.338
1998-08-05,14.9422,3.6293,3.846,10.682
1998-08-06,14.9558,3.4065,3.2969,8.994
1998-08-07,14.9693,3.3252,3.4475,9.444
1998-08-08,14.9826,3.3355,3.3026,9.016
1998-08-09,14.9958,3.73,3.7819,10.642
1998-08-10,15.0088,3.7603,3.5357,9.8
1998-08-11,15.0217,4.0795,3.8149,10.702
1998-08-12,15.0343,4.182,3.7002,10.311
1998-08-13,15.0467,3.8879,3.9906,11.336
1998-08-14,15.0588,3.4526,3.2983,8.937
1998-08-15,15.0707,3.0846,3.3285,9.066
1998-08-16,15.0823,3.6049,3.6485,10.186
1998-08-17,15.0935,3.7579,3.3631,9.216
1998-08-18,15.1044,3.876,4.026,11.445
1998-08-19,15.1149,3.6206,3.7359,10.455
1998-08-20,15.125,3.6382,3.651,10.114
1998-08-21,15.1347,3.2519,3.5678,9.803
1998-08-22,15.144,3.5065,3.5766,9.834
1998-08-23,15.1529,4.0252,3.9753,11.26
1998-08-24,15.1612,4.0935,4.1766,11.778
1998-08-25,15.1691,3.3333,3.2619,8.823
1998-08-26,15.1765,3.5683,3.4192,9.473
1998-08-27,15.1833,3.5466,3.5843,9.989
1998-08-28,15.1897,3.8841,3.571,9.918
1998-08-29,15.1954,3.5733,3.5629,9.769
1998-08-30,15.2006,3.555,3.2617,8.823
1998-08-31,15.2052,3.8376,3.3784,9.278
1998-09-01,15.2091,3.5914,3.5816,9.955
1998-09-02,15.2125,3.0426,3.1751,8.547
1998-09-03,15.2152,3.7516,3.3386,9.099
1998-09-04,15.2173,4.0494,3.8357,10.898
1998-09-05,15.2187,3.9879,3.68,10.211
1998-09-06,15.2195,4.1045,4.0472,11.531
1998-09-07,15.2196,4.0344,4.0012,11.252
1998-09-08,15.219,3.561,,
1998-09-09,15.2177,3.3794,3.811,10.648
1998-09-10,15.2156,3.8922,3.8389,10.756
1998-09-11,15.2129,3.7318,3.7688,10.566
1998-09-12,15.2095,2.932,3.0733,8.254
1998-09-13,15.2053,3.271,,
1998-09-14,15.2004,3.6204,3.9617,11.277
1998-09-15,15.1947,3.4116,3.2731,8.902
1998-09-16,15.1884,3.6536,3.5359,9.665
1998-09-17,15.1813,4.052,4.0579,11.506
1998-09-18,15.1734,3.9334,3.923,11.017
1998-09-19,15.1648,3.8188,3.4841,9.542
1998-09-20,15.1555,3.8059,3.7556,10.435
1998-09-21,15.1454,3.7088,3.4946,9.574
1998-09-22,15.1346,3.8181,3.6796,10.162
1998-09-23,15.1231,3.4962,3.1968,8.65
1998-09-24,15.1108,3.6055,3.874,10.866
1998-09-25,15.0979,3.6157,3.4408,9.423
1998-09-26,15.0842,3.4971,3.3821,9.245
1998-09-27,15.0698,3.1993,3.5996,9.894
1998-09-28,15.0547,3.7006,3.5932,10.007
1998-09-29,15.0389,3.8875,3.9758,11.223
1998-09-30,15.0224,4.5673,4.4203,12.717
1998-10-01,15.0053,4.0837,4.2189,12.022
1998-10-02,14.9875,3.6217,3.5851,9.871
1998-10-03,14.9691,3.5682,3.4183,9.394
1998-10-04,14.9501,3.6938,3.7871,10.633
1998-10-05,14.9304,3.8085,3.7648,10.454
1998-10-06,14.9101,3.5159,3.5569,9.767
1998-10-07,14.8892,3.0095,3.5089,9.642
1998-10-08,14.8678,3.7507,4.0154,11.302
1998-10-09,14.8458,3.6736,3.5912,9.984
1998-10-10,14.8233,4.1085,4.0528,11.595
1998-10-11,14.8003,4.0684,4.0444,11.423
1998-10-12,14.7768,3.9484,3.8328,10.712
1998-10-13,14.7528,3.4335,3.1242,8.494
1998-10-14,14.7284,3.1344,2.989,8.04
1998-10-15,14.7035,3.5325,3.4701,9.527
1998-10-16,14.6782,2.8581,3.1375,8.481
1998-10-17,14.6526,3.5656,3.5655,9.891
1998-10-18,14.6265,3.4523,3.4295,9.463
1998-10-19,14.6002,3.4128,3.4486,9.502
1998-10-20,14.5735,3.5172,3.4703,9.547
1998-10-21,14.5465,3.6251,3.6959,10.424
1998-10-22,14.5193,3.5353,3.7647,10.667
1998-10-23,14.4918,3.7389,3.6885,10.371
1998-10-24,14.4641,3.4899,3.2459,8.919
1998-10-25,14.4363,2.9999,2.9919,8.085
1998-10-26,14.4082,3.6444,3.5062,9.781
1998-10-27,14.3801,3.2373,3.3277,9.075
1998-10-28,14.3518,3.4326,3.3103,9.079
1998-10-29,14.3234,3.1175,2.9038,7.754
1998-10-30,14.295,3.3666,3.2344,8.853
1998-10-31,14.2666,3.3824,3.4109,9.345
1998-11-01,14.2382,3.4855,3.5151,9.791
1998-11-02,14.2098,3.1032,3.4958,9.702
1998-11-03,14.1815,3.3019,3.0607,8.301
1998-11-04,14.1533,2.7847,2.7888,7.422
1998-11-05,14.1251,3.169,3.4156,9.396
1998-11-06,14.0972,3.3042,3.2004,8.813
1998-11-07,14.0694,2.8607,2.5827,6.866
1998-11-08,14.0418,3.1138,3.1882,8.729
1998-11-09,14.0144,3.1926,3.4057,9.474
1998-11-10,13.9873,3.243,3.3973,9.339
1998-11-11,13.9605,3.1814,3.3536,9.239
1998-11-12,13.9339,3.2564,3.0442,8.342
1998-11-13,13.9077,3.1734,3.1992,8.76
1998-11-14,13.8819,3.0426,3.0737,8.342
1998-11-15,13.8565,3.1304,3.1784,8.64
1998-11-16,13.8315,3.2904,3.3958,9.382
1998-11-17,13.8069,3.0731,3.2281,8.855
1998-11-18,13.7828,2.9928,3.2498,8.909
1998-11-19,13.7591,3.0077,3.308,9.093
1998-11-20,13.736,2.9547,3.4718,9.653
1998-11-21,13.7134,2.8048,3.0725,8.306
1998-11-22,13.6914,2.1494,2.5071,6.629
1998-11-23,13.67,2.4159,2.6218,6.957
1998-11-24,13.6492,3.0353,3.2328,8.974
1998-11-25,13.629,3.1419,3.3666,9.401
1998-11-26,13.6094,2.6541,2.8813,7.785
1998-11-27,13.5906,2.8157,3.1026,8.489
1998-11-28,13.5724,2.6767,2.4906,6.581
1998-11-29,13.5549,2.9865,3.2827,9.102
1998-11-30,13.5381,2.5813,3.1167,8.51
1998-12-01,13.5221,2.9245,3.1161,8.558
1998-12-02,13.5068,3.139,3.5023,9.868
1998-12-03,13.4924,2.8998,3.368,9.408
1998-12-04,13.4787,2.9991,3.4548,9.606
1998-12-05,13.4658,3.063,3.4712,9.66
1998-12-06,13.4537,3.1888,3.2821,9.085
1998-12-07,13.4425,3.043,3.1073,8.591
1998-12-08,13.4321,3.0827,3.0629,8.393
1998-12-09,13.4226,2.8788,3.2173,8.808
1998-12-10,13.4139,2.8085,2.9823,8.058
1998-12-11,13.4061,2.4761,2.8714,7.726
1998-12-12,13.3992,2.8678,2.8458,7.682
1998-12-13,13.3932,3.1391,3.3001,9.176
1998-12-14,13.3881,3.1127,3.4166,9.577
1998-12-15,13.3839,3.1278,2.9919,8.154
1998-12-16,13.3807,3.1354,3.0426,8.307
1998-12-17,13.3783,3.2735,3.3459,9.334
1998-12-18,13.3768,3.0973,3.2169,8.913
1998-12-19,13.3763,3.0651,3.4333,9.662
1998-12-20,13.3767,3.2731,3.4064,9.638
1998-12-21,13.378,2.9205,2.86,7.861
1998-12-22,13.3803,2.9609,2.9219,7.971
1998-12-23,13.3835,2.8631,3.2601,9.153
1998-12-24,13.3876,3.1806,3.1516,8.809
1998-12-25,13.3926,2.8041,3.0553,8.365
1998-12-26,13.3985,2.9069,3.1334,8.709
1998-12-27,13.4054,3.0138,3.1224,8.636
1998-12-28,13.4131,2.9538,3.2384,9.022
1998-12-29,13.4218,2.7499,2.8503,7.678
1998-12-30,13.4313,2.7976,3.3537,9.461
1998-12-31,13.4417,2.6732,2.7188,7.304
1999-01-01,13.453,3.1425,3.6305,10.425
1999-01-02,13.4652,2.9852,3.1277,8.574
1999-01-03,13.4782,3.0144,3.3447,9.302
1999-01-04,13.4921,3.1587,3.126,8.648
1999-01-05,13.5068,3.3846,3.6096,10.305
1999-01-06,13.5223,3.1233,3.5662,10.131
1999-01-07,13.5386,3.3696,3.5483,10.041
1999-01-08,13.5557,3.0958,3.2672,9.093
1999-01-09,13.5736,2.9947,3.1489,8.695
1999-01-10,13.5922,2.94,2.9895,8.185
1999-01-11,13.6116,2.8004,2.8169,7.634
1999-01-12,13.6317,2.7821,3.1826,8.772
1999-01-13,13.6524,3.0839,3.4296,9.721
1999-01-14,13.6739,2.8262,3.056,8.42
1999-01-15,13.696,3.0144,3.3116,9.331
1999-01-16,13.7188,2.9182,3.1939,8.895
1999-01-17,13.7422,3.0676,3.3204,9.305
1999-01-18,13.7662,3.1641,3.2817,9.087
1999-01-19,13.7907,3.2765,3.0586,8.353
1999-01-20,13.8159,3.1809,3.3822,9.433
1999-01-21,13.8415,3.472,3.4502,9.657
1999-01-22,13.8676,3.1915,3.0889,8.473
1999-01-23,13.8943,3.3072,3.2411,8.96
1999-01-24,13.9213,3.2372,3.0509,8.345
1999-01-25,13.9488,3.1232,3.0016,8.216
1999-01-26,13.9767,3.0434,3.0958,8.452
1999-01-27,14.005,2.9514,3.4434,9.573
1999-01-28,14.0336,3.0428,3.0285,8.195
1999-01-29,14.0626,3.5272,3.5266,9.786
1999-01-30,14.0918,3.6748,3.8272,10.829
1999-01-31,14.1213,3.4407,3.5376,9.797
1999-02-01,14.1511,3.2036,3.0673,8.311
1999-02-02,14.181,3.1094,3.1827,8.684
1999-02-03,14.2111,3.1166,3.3221,9.122
1999-02-04,14.2414,3.6267,3.4225,9.552
1999-02-05,14.2718,3.2943,3.4411,9.602
1999-02-06,14.3023,2.9632,3.0467,8.319
1999-02-07,14.3328,3.2776,2.9499,8.006
1999-02-08,14.3634,3.5175,3.2151,8.757
1999-02-09,14.394,3.5829,3.4273,9.534
1999-02-10,14.4246,3.0692,2.7839,7.466
1999-02-11,14.4551,3.2714,3.0772,8.375
1999-02-12,14.4856,3.6229,3.4156,9.527
1999-02-13,14.5159,2.8822,2.8632,7.666
1999-02-14,14.5461,3.1691,3.2254,8.834
1999-02-15,14.5761,3.0974,3.2176,8.849
1999-02-16,14.606,2.3827,2.4061,6.277
1999-02-17,14.6356,3.0399,2.8503,7.684
1999-02-18,14.6649,2.9625,3.2574,8.921
1999-02-19,14.694,3.2398,3.2746,8.98
1999-02-20,14.7228,2.9344,2.4417,6.414
1999-02-21,14.7513,3.3286,3.1703,8.696
1999-02-22,14.7794,2.5595,2.5597,6.754
1999-02-23,14.8071,2.4441,2.7551,7.324
1999-02-24,14.8344,3.1438,2.7607,7.354
1999-02-25,14.8613,3.059,3.434,9.422
1999-02-26,14.8877,3.7085,3.4758,9.644
1999-02-27,14.9137,3.5372,3.5358,9.801
1999-02-28,14.9391,3.2066,3.2517,8.876
1999-03-01,14.9641,2.1548,2.2744,5.883
1999-03-02,14.9885,3.1817,3.2021,8.786
1999-03-03,15.0123,3.8062,3.7518,10.491
1999-03-04,15.0355,3.4981,3.5637,9.83
1999-03-05,15.0582,3.7527,3.6831,10.246
1999-03-06,15.0802,3.9869,4.246,12.244
1999-03-07,15.1016,3.5164,3.71,10.428
1999-03-08,15.1223,3.3611,3.6641,10.225
1999-03-09,15.1424,2.8794,3.1451,8.492
1999-03-10,15.1618,3.4704,3.3354,9.131
1999-03-11,15.1804,3.7826,3.6576,10.193
1999-03-12,15.1984,3.592,3.7657,10.482
1999-03-13,15.2156,3.6405,3.5628,9.8
1999-03-14,15.2321,3.7847,3.9259,11.052
1999-03-15,15.2479,3.6763,3.7857,10.532
1999-03-16,15.2629,3.3713,3.8035,10.656
1999-03-17,15.2771,3.7714,3.9146,11.027
1999-03-18,15.2906,3.5614,3.4074,9.347
1999-03-19,15.3032,3.4875,3.1166,8.43
1999-03-20,15.3151,3.2375,3.3389,9.074
1999-03-21,15.3262,3.6014,3.6083,10.116
1999-03-22,15.3365,3.4941,3.8751,10.857
1999-03-23,15.346,3.9327,3.5912,9.915
1999-03-24,15.3547,3.6319,3.6137,9.968
1999-03-25,15.3626,4.2172,4.0341,11.314
1999-03-26,15.3697,4.6099,4.091,11.565
1999-03-27,15.376,3.9953,3.3416,8.98
1999-03-28,15.3815,3.3779,3.2999,8.883
1999-03-29,15.3862,3.6105,3.7458,10.379
1999-03-30,15.3901,3.7002,3.8942,10.866
1999-03-31,15.3932,3.8919,3.9351,10.992
1999-04-01,15.3955,3.9642,4.11,11.628
1999-04-02,15.3971,3.6409,3.7328,10.334
1999-04-03,15.3978,3.1945,3.38,9.175
1999-04-04,15.3979,3.1304,3.1827,8.573
1999-04-05,15.3971,3.5795,3.8527,10.802
1999-04-06,15.3957,3.0765,3.8766,10.786
1999-04-07,15.3935,3.2519,3.3559,9.102
1999-04-08,15.3905,2.8426,3.0243,8.117
1999-04-09,15.3869,3.1792,3.4612,9.454
1999-04-10,15.3826,2.6777,2.4602,6.431
1999-04-11,15.3776,2.9227,3.2666,8.845
1999-04-12,15.372,3.5342,3.3601,9.141
1999-04-13,15.3656,3.319,3.6671,10.021
1999-04-14,15.3587,3.3745,3.6207,9.967
1999-04-15,15.3511,3.6107,3.4628,9.42
1999-04-16,15.343,3.8445,3.963,11.0
1999-04-17,15.3342,4.6075,4.6125,13.373
1999-04-18,15.3249,4.4147,4.3798,12.62
1999-04-19,15.3151,4.1365,3.7923,10.58
1999-04-20,15.3047,3.8743,3.7411,10.419
1999-04-21,15.2939,3.8107,3.3712,9.164
1999-04-22,15.2825,3.8169,4.0284,11.358
1999-04-23,15.2707,3.9238,3.8876,10.807
1999-04-24,15.2585,3.8716,3.7904,10.496
1999-04-25,15.2458,2.6677,3.0882,8.275
1999-04-26,15.2328,3.0222,2.7348,7.251
1999-04-27,15.2193,2.7827,2.6953,7.129
1999-04-28,15.2055,3.2364,3.285,8.948
1999-04-29,15.1914,3.6197,3.4201,9.379
1999-04-30,15.177,3.6665,3.4268,9.404
1999-05-01,15.1623,3.7077,3.4464,9.5
1999-05-02,15.1474,3.6415,,
1999-05-03,15.1322,3.4161,3.217,8.81
1999-05-04,15.1168,3.2602,3.0212,8.102
1999-05-05,15.1013,3.882,3.6699,10.25
1999-05-06,15.0855,3.469,3.4368,9.506
1999-05-07,15.0697,3.6621,3.6249,10.135
1999-05-08,15.0537,3.3969,3.7258,10.442
1999-05-09,15.0377,2.8996,3.5197,9.67
1999-05-10,15.0215,2.8076,3.0697,8.269
1999-05-11,15.0054,3.5409,3.5752,9.977
1999-05-12,14.9892,2.6058,3.028,8.161
1999-05-13,14.973,3.0058,3.2739,8.927
1999-05-14,14.9569,3.3886,3.7205,10.429
1999-05-15,14.9408,3.5576,3.4015,9.31
1999-05-16,14.9248,3.8231,4.1383,11.913
1999-05-17,14.9089,3.8959,3.4912,9.627
1999-05-18,14.8932,4.021,3.4919,9.63
1999-05-19,14.8775,3.8032,4.2113,12.017
1999-05-20,14.8621,3.6385,3.3549,9.269
1999-05-21,14.8468,3.1617,3.2382,8.8
1999-05-22,14.8317,3.5564,3.3487,9.227
1999-05-23,14.8169,3.8651,4.0162,11.438
1999-05-24,14.8023,4.2464,4.3551,12.543
1999-05-25,14.788,3.6768,4.0215,11.323
1999-05-26,14.774,3.7847,3.3728,9.264
1999-05-27,14.7602,3.7575,3.4214,9.373
1999-05-28,14.7468,3.817,3.7938,10.566
1999-05-29,14.7338,3.6469,3.377,9.224
1999-05-30,14.7211,3.2879,3.4076,9.418
1999-05-31,14.7088,3.5347,3.6491,10.214
1999-06-01,14.6968,3.3155,3.4481,9.513
1999-06-02,14.6853,4.0418,3.8719,10.911
1999-06-03,14.6742,4.04,4.1041,11.733
1999-06-04,14.6636,3.2168,2.7547,7.325
1999-06-05,14.6533,3.1527,3.3594,9.21
1999-06-06,14.6436,3.3313,3.2251,8.849
1999-06-07,14.6343,3.4483,3.5689,9.945
1999-06-08,14.6255,3.5444,3.4079,9.436
1999-06-09,14.6172,3.3841,3.2384,8.925
1999-06-10,14.6094,3.6861,3.7083,10.461
1999-06-11,14.6021,3.2429,2.9226,7.83
1999-06-12,14.5954,3.3586,3.5312,9.829
1999-06-13,14.5891,3.3715,3.1388,8.556
1999-06-14,14.5834,2.7935,2.7353,7.299
1999-06-15,14.5783,3.2815,3.2324,8.901
1999-06-16,14.5737,3.1063,2.8719,7.716
1999-06-17,14.5696,3.4343,3.3722,9.317
1999-06-18,14.5661,3.4008,3.1727,8.675
1999-06-19,14.5632,2.8827,3.0991,8.378
1999-06-20,14.5608,3.4661,3.6294,10.143
1999-06-21,14.559,3.0642,3.3163,9.144
1999-06-22,14.5577,3.2387,3.3856,9.341
1999-06-23,14.557,3.3043,3.1491,8.57
1999-06-24,14.5569,3.1329,3.305,9.139
1999-06-25,14.5573,3.1512,3.2966,9.076
1999-06-26,14.5583,3.2132,3.4914,9.674
1999-06-27,14.5599,3.0099,2.5743,6.827
1999-06-28,14.562,3.1206,3.0822,8.422
1999-06-29,14.5646,2.9213,3.2554,8.995
1999-06-30,14.5678,3.8921,4.0264,11.582
1999-07-01,14.5715,3.3183,3.3493,9.263
1999-07-02,14.5758,3.3039,3.4955,9.658
1999-07-03,14.5805,3.6002,3.2169,8.858
1999-07-04,14.5858,3.2338,3.5948,10.036
1999-07-05,14.5916,3.3771,3.4264,9.617
1999-07-06,14.5979,3.4879,3.5029,9.712
1999-07-07,14.6047,3.2273,2.7143,7.241
1999-07-08,14.6119,3.4616,3.7323,10.494
1999-07-09,14.6196,3.6739,3.6346,10.303
1999-07-10,14.6277,3.5293,3.4356,9.638
1999-07-11,14.6363,3.3909,3.2893,9.074
1999-07-12,14.6453,3.5749,3.1404,8.534
1999-07-13,14.6547,3.829,3.5504,10.009
1999-07-14,14.6645,3.7867,,
1999-07-15,14.6747,3.9803,3.63,10.175
1999-07-16,14.6852,3.5289,3.5981,9.992
1999-07-17,14.6961,3.6238,3.3068,9.085
1999-07-18,14.7073,3.6223,3.6721,10.287
1999-07-19,14.7188,3.7921,3.4785,9.704
1999-07-20,14.7306,3.6,3.7265,10.35
1999-07-21,14.7426,3.73,,
1999-07-22,14.755,3.4596,,
1999-07-23,14.7675,3.6302,3.2117,8.746
1999-07-24,14.7803,3.3721,3.3812,9.326
1999-07-25,14.7932,3.7287,3.8011,10.642
1999-07-26,14.8063,3.5099,3.6041,10.009
1999-07-27,14.8196,3.2528,3.8703,10.929
1999-07-28,14.833,3.9165,3.562,9.859
1999-07-29,14.8465,3.5181,3.4304,9.42
1999-07-30,14.8601,3.2665,3.2338,8.819
1999-07-31,14.8738,3.5729,3.6066,10.011
1999-08-01,14.8875,3.4151,3.1657,8.618
1999-08-02,14.9012,3.7692,3.6408,10.274
1999-08-03,14.9149,3.1875,,
1999-08-04,14.9286,3.4235,3.2578,9.02
1999-08-05,14.9422,3.2458,3.3593,9.249
1999-08-06,14.9558,3.3249,,
1999-08-07,14.9693,3.6752,3.6223,10.109
1999-08-08,14.9826,3.825,3.312,9.158
1999-08-09,14.9958,3.858,3.9817,11.361
1999-08-10,15.0088,3.4461,3.4891,9.656
1999-08-11,15.0217,3.8355,3.7711,10.574
1999-08-12,15.0343,4.1319,,
1999-08-13,15.0467,3.6524,3.3702,9.281
1999-08-14,15.0588,3.7362,3.6227,10.055
1999-08-15,15.0707,3.6355,3.5403,9.927
1999-08-16,15.0823,3.7226,3.7523,10.557
1999-08-17,15.0935,4.0141,4.1392,11.906
1999-08-18,15.1044,3.6887,,
1999-08-19,15.1149,3.8689,3.957,11.279
1999-08-20,15.125,3.6785,3.4406,9.55
1999-08-21,15.1347,3.3539,3.4954,9.695
1999-08-22,15.144,3.1464,3.3917,9.318
1999-08-23,15.1529,3.9327,3.8412,10.884
1999-08-24,15.1612,3.3196,3.213,8.745
1999-08-25,15.1691,2.921,2.8566,7.639
1999-08-26,15.1765,3.291,2.9544,7.87
1999-08-27,15.1833,3.3976,3.5397,9.735
1999-08-28,15.1897,3.2977,3.196,8.663
1999-08-29,15.1954,3.9397,3.8471,10.882
1999-08-30,15.2006,4.3073,4.0289,11.455
1999-08-31,15.2052,4.0008,4.0035,11.464
1999-09-01,15.2091,3.8447,3.6824,10.298
1999-09-02,15.2125,3.1978,3.4589,9.548
1999-09-03,15.2152,3.8115,,
1999-09-04,15.2173,3.8875,,
1999-09-05,15.2187,3.6249,3.06,8.237
1999-09-06,15.2195,3.9479,3.8029,10.667
1999-09-07,15.2196,3.963,4.0782,11.597
1999-09-08,15.219,3.7106,3.6064,10.044
1999-09-09,15.2177,3.2883,3.4274,9.422
1999-09-10,15.2156,3.0349,3.0417,8.227
1999-09-11,15.2129,3.7035,3.863,10.924
1999-09-12,15.2095,2.6508,,
1999-09-13,15.2053,3.5454,,
1999-09-14,15.2004,2.9391,2.9653,7.962
1999-09-15,15.1947,3.4353,3.4776,9.572
1999-09-16,15.1884,3.5413,3.8564,10.827
1999-09-17,15.1813,4.0397,3.804,10.715
1999-09-18,15.1734,3.8478,3.858,10.962
1999-09-19,15.1648,3.6189,3.3821,9.238
1999-09-20,15.1555,3.6494,,
1999-09-21,15.1454,3.5435,,
1999-09-22,15.1346,3.4428,3.187,8.658
1999-09-23,15.1231,3.5299,3.4069,9.454
1999-09-24,15.1108,3.5916,3.7206,10.457
1999-09-25,15.0979,3.1816,3.1788,8.657
1999-09-26,15.0842,3.428,3.7024,10.344
1999-09-27,15.0698,3.4947,3.4376,9.505
1999-09-28,15.0547,2.9421,2.373,6.18
1999-09-29,15.0389,3.4497,,
1999-09-30,15.0224,3.0199,,
1999-10-01,15.0053,3.5783,3.624,10.129
1999-10-02,14.9875,3.1527,3.2195,8.789
1999-10-03,14.9691,3.7564,,
1999-10-04,14.9501,3.2547,3.0703,8.266
1999-10-05,14.9304,2.9338,3.5093,9.735
1999-10-06,14.9101,3.7784,,
1999-10-07,14.8892,3.4264,3.6403,10.239
1999-10-08,14.8678,3.2714,3.1551,8.638
1999-10-09,14.8458,3.7888,3.4191,9.464
1999-10-10,14.8233,3.3313,3.3461,9.149
1999-10-11,14.8003,3.1837,2.7768,7.439
1999-10-12,14.7768,3.4482,3.6655,10.35
1999-10-13,14.7528,3.2187,3.4552,9.557
1999-10-14,14.7284,3.6356,3.6474,10.22
1999-10-15,14.7035,3.6824,3.4051,9.437
1999-10-16,14.6782,3.559,3.3654,9.315
1999-10-17,14.6526,3.3342,3.1849,8.733
1999-10-18,14.6265,3.5438,3.4181,9.48
1999-10-19,14.6002,3.6049,3.6798,10.325
1999-10-20,14.5735,3.7358,3.7666,10.595
1999-10-21,14.5465,3.1296,3.4239,9.38
1999-10-22,14.5193,3.5184,3.3291,9.2
1999-10-23,14.4918,3.102,3.1054,8.506
1999-10-24,14.4641,3.1818,3.2599,8.945
1999-10-25,14.4363,3.0447,2.7352,7.253
1999-10-26,14.4082,3.3235,3.7331,10.486
1999-10-27,14.3801,3.2092,3.5305,9.82
1999-10-28,14.3518,2.9435,3.2798,8.98
1999-10-29,14.3234,2.7533,2.9736,8.009
1999-10-30,14.295,3.0775,3.1101,8.473
1999-10-31,14.2666,3.263,3.5593,9.905
1999-11-01,14.2382,3.4943,3.6258,10.162
1999-11-02,14.2098,3.1034,,
1999-11-03,14.1815,3.0265,2.7461,7.291
1999-11-04,14.1533,2.9826,3.226,8.773
1999-11-05,14.1251,3.0832,3.3056,8.99
1999-11-06,14.0972,3.4905,3.7464,10.611
1999-11-07,14.0694,3.0972,3.129,8.545
1999-11-08,14.0418,3.0203,3.3928,9.388
1999-11-09,14.0144,3.2664,3.3986,9.363
1999-11-10,13.9873,3.2933,3.5327,9.853
1999-11-11,13.9605,3.2759,3.523,9.864
1999-11-12,13.9339,2.9556,3.2,8.832
1999-11-13,13.9077,3.553,3.6234,10.333
1999-11-14,13.8819,3.2425,3.6211,10.216
1999-11-15,13.8565,3.2701,3.2715,9.048
1999-11-16,13.8315,3.0255,3.3721,9.288
1999-11-17,13.8069,2.7902,2.7448,7.372
1999-11-18,13.7828,2.19,2.4912,6.603
1999-11-19,13.7591,2.5874,2.8358,7.64
1999-11-20,13.736,2.2325,2.4401,6.438
1999-11-21,13.7134,2.9622,3.2183,8.83
1999-11-22,13.6914,3.0932,3.2249,8.936
1999-11-23,13.67,2.9207,3.1626,8.787
1999-11-24,13.6492,2.9565,2.8256,7.7
1999-11-25,13.629,2.8967,2.6978,7.305
1999-11-26,13.6094,3.0114,2.7919,7.578
1999-11-27,13.5906,2.4658,2.3932,6.344
1999-11-28,13.5724,3.0962,2.9396,8.053
1999-11-29,13.5549,3.2561,3.6302,10.483
1999-11-30,13.5381,3.088,3.1963,8.95
1999-12-01,13.5221,2.8666,3.0178,8.337
1999-12-02,13.5068,2.3053,2.4196,6.394
1999-12-03,13.4924,3.1307,,
1999-12-04,13.4787,2.7674,3.0045,8.166
1999-12-05,13.4658,2.974,,
1999-12-06,13.4537,2.7266,2.8628,7.763
1999-12-07,13.4425,2.7181,2.9134,7.879
1999-12-08,13.4321,2.8185,,
1999-12-09,13.4226,3.4241,3.7211,10.651
1999-12-10,13.4139,3.1877,3.2587,9.041
1999-12-11,13.4061,3.264,3.3279,9.308
1999-12-12,13.3992,2.8303,3.1386,8.611
1999-12-13,13.3932,2.7655,2.872,7.773
1999-12-14,13.3881,2.8086,2.9048,7.876
1999-12-15,13.3839,2.9346,3.1095,8.572
1999-12-16,13.3807,2.4719,2.6779,7.185
1999-12-17,13.3783,2.898,3.0854,8.452
1999-12-18,13.3768,2.8711,2.9464,8.041
1999-12-19,13.3763,3.0712,3.2469,9.06
1999-12-20,13.3767,2.7786,2.9469,8.039
1999-12-21,13.378,2.8474,3.1842,8.822
1999-12-22,13.3803,2.5148,2.7672,7.475
1999-12-23,13.3835,2.8114,3.0497,8.506
1999-12-24,13.3876,3.0521,3.4004,9.7
1999-12-25,13.3926,2.4586,3.0795,8.506
1999-12-26,13.3985,2.7476,2.5686,6.911
1999-12-27,13.4054,2.6936,2.9416,8.09
1999-12-28,13.4131,2.7362,2.848,7.779
1999-12-29,13.4218,2.4596,2.8902,7.874
1999-12-30,13.4313,2.7474,3.2095,8.932
1999-12-31,13.4417,2.5414,2.8464,7.694
2000-01-01,13.453,2.929,3.2885,9.187
2000-01-02,13.4652,2.9196,3.2584,9.162
2000-01-03,13.4782,2.3775,2.8481,7.81
2000-01-04,13.4921,2.2837,2.7263,7.438
2000-01-05,13.5068,2.4906,2.457,6.578
2000-01-06,13.5223,2.8789,3.0172,8.445
2000-01-07,13.5386,2.8113,3.0213,8.328
2000-01-08,13.5557,2.7341,3.0578,8.515
2000-01-09,13.5736,2.6515,2.7027,7.352
2000-01-10,13.5922,2.6194,2.8978,7.933
2000-01-11,13.6116,2.8963,3.1467,8.753
2000-01-12,13.6317,2.9847,3.1389,8.729
2000-01-13,13.6524,3.12,3.3824,9.593
2000-01-14,13.6739,3.0503,3.4875,9.913
2000-01-15,13.696,2.775,2.9029,7.936
2000-01-16,13.7188,2.597,2.6958,7.291
2000-01-17,13.7422,2.4251,2.7566,7.481
2000-01-18,13.7662,2.6354,3.0107,8.227
2000-01-19,13.7907,3.3871,3.3712,9.535
2000-01-20,13.8159,2.9212,3.133,8.554
2000-01-21,13.8415,3.3272,3.1968,8.856
2000-01-22,13.8676,3.669,3.577,10.138
2000-01-23,13.8943,3.6307,3.7225,10.652
2000-01-24,13.9213,3.0501,3.2475,9.107
2000-01-25,13.9488,3.2139,3.2418,9.048
2000-01-26,13.9767,2.6661,2.7419,7.333
2000-01-27,14.005,2.8149,2.6177,6.965
2000-01-28,14.0336,2.8921,2.885,7.82
2000-01-29,14.0626,2.9901,3.2316,9.041
2000-01-30,14.0918,3.1276,3.2231,8.945
2000-01-31,14.1213,2.9671,2.9398,7.959
2000-02-01,14.1511,2.8435,2.7994,7.598
2000-02-02,14.181,2.8429,2.6815,7.227
2000-02-03,14.2111,3.4147,3.625,10.258
2000-02-04,14.2414,3.6155,3.7389,10.657
2000-02-05,14.2718,3.4138,3.3118,9.236
2000-02-06,14.3023,3.7441,3.5607,10.092
2000-02-07,14.3328,3.9746,3.8555,11.079
2000-02-08,14.3634,3.7349,3.7657,10.711
2000-02-09,14.394,3.4251,3.6076,10.081
2000-02-10,14.4246,3.2539,3.5786,10.008
2000-02-11,14.4551,3.2313,3.4765,9.66
2000-02-12,14.4856,3.3435,3.415,9.465
2000-02-13,14.5159,3.6175,3.696,10.465
2000-02-14,14.5461,3.7476,3.7668,10.784
2000-02-15,14.5761,3.527,3.6648,10.369
2000-02-16,14.606,3.236,3.4557,9.709
2000-02-17,14.6356,3.3308,3.2714,9.233
2000-02-18,14.6649,2.9616,2.7834,7.512
2000-02-19,14.694,3.1527,3.0489,8.328
2000-02-20,14.7228,3.3445,3.4512,9.651
2000-02-21,14.7513,3.1317,3.1258,8.532
2000-02-22,14.7794,3.2802,3.02,8.23
2000-02-23,14.8071,3.02,3.2325,8.828
2000-02-24,14.8344,3.1369,3.1472,8.573
2000-02-25,14.8613,2.7099,2.9516,7.952
2000-02-26,14.8877,3.2922,3.3398,9.199
2000-02-27,14.9137,3.0689,3.0296,8.201
2000-02-28,14.9391,3.0628,3.2448,8.841
2000-02-29,14.9641,3.2263,3.2843,8.979
2000-03-01,14.9885,3.1804,3.1241,8.412
2000-03-02,15.0123,3.259,3.2807,8.964
2000-03-03,15.0355,3.6448,,
2000-03-04,15.0582,3.8322,3.8965,10.975
2000-03-05,15.0802,4.2028,4.0241,11.502
2000-03-06,15.1016,3.9985,3.8373,10.728
2000-03-07,15.1223,3.6784,3.5336,9.697
2000-03-08,15.1424,3.4759,3.506,9.668
2000-03-09,15.1618,3.5018,,
2000-03-10,15.1804,3.7883,3.6193,10.067
2000-03-11,15.1984,3.9423,3.9305,11.091
2000-03-12,15.2156,3.3716,3.5058,9.633
2000-03-13,15.2321,3.6861,3.4085,9.327
2000-03-14,15.2479,3.6499,3.6691,10.181
2000-03-15,15.2629,4.1608,3.9543,11.113
2000-03-16,15.2771,3.5326,3.3418,9.011
2000-03-17,15.2906,3.2905,3.4785,9.505
2000-03-18,15.3032,3.3329,3.5971,9.996
2000-03-19,15.3151,3.6117,3.2702,8.963
2000-03-20,15.3262,3.2487,3.2611,8.947
2000-03-21,15.3365,3.7095,3.6602,10.192
2000-03-22,15.346,3.5038,3.3407,9.04
2000-03-23,15.3547,3.1023,3.0156,8.078
2000-03-24,15.3626,3.2987,3.7405,10.36
2000-03-25,15.3697,2.7795,2.4029,6.262
2000-03-26,15.376,3.0006,3.1202,8.416
2000-03-27,15.3815,3.3903,3.3417,9.151
2000-03-28,15.3862,3.9789,4.1135,11.781
2000-03-29,15.3901,3.6182,3.86,10.786
2000-03-30,15.3932,3.9114,4.0363,11.418
2000-03-31,15.3955,3.7893,4.2015,12.036
2000-04-01,15.3971,4.1122,4.197,12.051
2000-04-02,15.3978,4.3116,4.3225,12.374
2000-04-03,15.3979,3.8078,3.6469,10.02
2000-04-04,15.3971,3.7194,3.5035,9.667
2000-04-05,15.3957,3.0255,,
2000-04-06,15.3935,3.2883,,
2000-04-07,15.3905,3.2139,3.668,10.136
2000-04-08,15.3869,4.3125,4.369,12.414
2000-04-09,15.3826,4.0705,4.3082,12.241
2000-04-10,15.3776,4.1694,4.1656,11.878
2000-04-11,15.372,3.5046,3.7398,10.372
2000-04-12,15.3656,3.3007,3.3004,8.983
2000-04-13,15.3587,3.5015,3.7763,10.546
2000-04-14,15.3511,3.2131,3.5992,9.856
2000-04-15,15.343,3.4078,3.633,9.999
2000-04-16,15.3342,3.7664,3.909,10.87
2000-04-17,15.3249,3.3564,3.346,9.117
2000-04-18,15.3151,3.5797,3.9511,11.069
2000-04-19,15.3047,3.5811,3.9218,10.919
2000-04-20,15.2939,4.0263,4.2745,12.22
2000-04-21,15.2825,3.5926,3.5402,9.654
2000-04-22,15.2707,3.2675,3.5741,9.789
2000-04-23,15.2585,3.6378,3.8173,10.559
2000-04-24,15.2458,3.429,3.2883,8.92
2000-04-25,15.2328,3.2684,3.544,9.722
2000-04-26,15.2193,3.6385,3.8463,10.732
2000-04-27,15.2055,4.1509,4.2405,12.01
2000-04-28,15.1914,4.3929,4.0306,11.324
2000-04-29,15.177,3.3658,3.5107,9.524
2000-04-30,15.1623,3.7012,3.7707,10.506
2000-05-01,15.1474,3.7107,3.6441,10.078
2000-05-02,15.1322,3.6231,3.7866,10.56
2000-05-03,15.1168,3.8078,4.0086,11.232
2000-05-04,15.1013,3.8614,,
2000-05-05,15.0855,3.334,,
2000-05-06,15.0697,3.0321,3.1885,8.591
2000-05-07,15.0537,3.5631,3.8394,10.689
2000-05-08,15.0377,3.6319,3.8547,10.774
2000-05-09,15.0215,3.6661,3.5595,9.863
2000-05-10,15.0054,3.3195,2.8178,7.499
2000-05-11,14.9892,3.3564,3.459,9.477
2000-05-12,14.973,3.1588,2.9819,7.979
2000-05-13,14.9569,3.3918,3.7516,10.456
2000-05-14,14.9408,3.3734,3.5276,9.759
2000-05-15,14.9248,3.3435,3.1623,8.619
2000-05-16,14.9089,3.1642,3.4472,9.439
2000-05-17,14.8932,3.456,3.391,9.236
2000-05-18,14.8775,3.4651,,
2000-05-19,14.8621,3.3424,,
2000-05-20,14.8468,3.2849,3.1315,8.505
2000-05-21,14.8317,3.1374,2.9461,7.919
2000-05-22,14.8169,3.6017,2.8468,7.675
2000-05-23,14.8023,3.6615,,
2000-05-24,14.788,3.6525,3.5542,9.844
2000-05-25,14.774,3.2272,2.7209,7.241
2000-05-26,14.7602,3.3251,3.6511,10.176
2000-05-27,14.7468,3.6368,3.5784,9.872
2000-05-28,14.7338,3.3711,,
2000-05-29,14.7211,3.3891,3.5453,9.852
2000-05-30,14.7088,3.2127,3.2993,9.033
2000-05-31,14.6968,2.4076,,
2000-06-01,14.6853,3.5303,3.0769,8.36
2000-06-02,14.6742,3.1914,3.3326,9.08
2000-06-03,14.6636,3.8598,3.7589,10.469
2000-06-04,14.6533,3.6278,3.8535,10.801
2000-06-05,14.6436,3.2821,3.2348,8.843
2000-06-06,14.6343,3.2966,3.4984,9.642
2000-06-07,14.6255,3.402,3.5358,9.793
2000-06-08,14.6172,2.7528,3.0105,8.091
2000-06-09,14.6094,3.2438,3.3852,9.321
2000-06-10,14.6021,3.5004,3.6302,10.175
2000-06-11,14.5954,3.5283,3.8205,10.761
2000-06-12,14.5891,3.3716,3.2799,8.958
2000-06-13,14.5834,3.1622,3.0834,8.364
2000-06-14,14.5783,3.1579,3.3927,9.295
2000-06-15,14.5737,3.4813,3.3958,9.396
2000-06-16,14.5696,3.2163,3.4415,9.541
2000-06-17,14.5661,3.1504,3.2476,8.876
2000-06-18,14.5632,2.9757,2.7431,7.314
2000-06-19,14.5608,2.683,2.4994,6.576
2000-06-20,14.559,3.5071,3.6201,10.174
2000-06-21,14.5577,3.5666,3.613,10.056
2000-06-22,14.557,3.548,3.3429,9.211
2000-06-23,14.5569,3.0174,2.8366,7.584
2000-06-24,14.5573,2.7584,2.1076,5.42
2000-06-25,14.5583,3.2257,3.4794,9.684
2000-06-26,14.5599,3.7766,,
2000-06-27,14.562,3.7932,3.7057,10.395
2000-06-28,14.5646,3.5199,3.6914,10.335
2000-06-29,14.5678,3.2791,3.2129,8.748
2000-06-30,14.5715,3.7342,3.7489,10.597
2000-07-01,14.5758,3.8139,3.8247,10.747
2000-07-02,14.5805,3.4221,3.5503,9.795
2000-07-03,14.5858,3.6491,3.6781,10.248
2000-07-04,14.5916,3.7044,3.6233,10.095
2000-07-05,14.5979,3.5354,3.4158,9.442
2000-07-06,14.6047,3.331,3.3362,9.171
2000-07-07,14.6119,3.4727,3.5402,9.883
2000-07-08,14.6196,3.6915,3.5769,9.874
2000-07-09,14.6277,4.2586,4.2074,12.121
2000-07-10,14.6363,4.0222,3.7265,10.413
2000-07-11,14.6453,3.9099,4.0594,11.636
2000-07-12,14.6547,3.8303,3.5017,9.681
2000-07-13,14.6645,3.0828,3.5105,9.678
2000-07-14,14.6747,3.2268,3.4626,9.596
2000-07-15,14.6852,3.3344,3.3507,9.169
2000-07-16,14.6961,3.3355,3.3303,9.22
2000-07-17,14.7073,3.3808,3.5056,9.663
2000-07-18,14.7188,3.0813,3.2647,8.948
2000-07-19,14.7306,3.3959,3.5431,9.967
2000-07-20,14.7426,2.7766,2.9516,7.975
2000-07-21,14.755,2.8235,3.0143,8.167
2000-07-22,14.7675,3.398,,
2000-07-23,14.7803,3.8452,3.851,10.834
2000-07-24,14.7932,3.8064,3.6967,10.347
2000-07-25,14.8063,3.8463,3.9829,11.33
2000-07-26,14.8196,3.4137,3.7629,10.56
2000-07-27,14.833,3.5931,3.9285,11.109
2000-07-28,14.8465,3.3383,,
2000-07-29,14.8601,3.287,,
2000-07-30,14.8738,3.3746,3.5982,10.138
2000-07-31,14.8875,3.636,3.7344,10.546
2000-08-01,14.9012,3.2624,3.5202,9.766
2000-08-02,14.9149,3.6008,,
2000-08-03,14.9286,3.3141,3.7204,10.532
2000-08-04,14.9422,3.6315,3.392,9.368
2000-08-05,14.9558,3.899,3.5395,9.978
2000-08-06,14.9693,3.2568,3.2221,8.838
2000-08-07,14.9826,3.4227,3.8983,11.133
2000-08-08,14.9958,3.7787,3.6648,10.218
2000-08-09,15.0088,3.8174,3.7311,10.503
2000-08-10,15.0217,3.8579,3.9592,11.267
2000-08-11,15.0343,4.3817,4.1999,12.132
2000-08-12,15.0467,4.0473,4.08,11.73
2000-08-13,15.0588,3.587,3.7159,10.307
2000-08-14,15.0707,3.7538,3.8796,11.001
2000-08-15,15.0823,3.9564,3.7377,10.49
2000-08-16,15.0935,3.9937,3.9784,11.307
2000-08-17,15.1044,3.9446,4.2555,12.309
2000-08-18,15.1149,3.9672,3.8405,10.792
2000-08-19,15.125,3.9097,4.2985,12.478
2000-08-20,15.1347,3.8166,4.0788,11.542
2000-08-21,15.144,4.1873,4.1245,11.709
2000-08-22,15.1529,4.0911,,
2000-08-23,15.1612,3.797,3.8013,10.559
2000-08-24,15.1691,4.0872,,
2000-08-25,15.1765,3.3587,3.4789,9.499
2000-08-26,15.1833,3.6835,3.4732,9.512
2000-08-27,15.1897,4.2541,4.3439,12.467
2000-08-28,15.1954,3.7719,3.8942,10.811
2000-08-29,15.2006,3.9639,3.5873,9.899
2000-08-30,15.2052,3.5027,3.7233,10.319
2000-08-31,15.2091,3.3796,3.1079,8.35
2000-09-01,15.2125,3.2428,,
2000-09-02,15.2152,3.0614,3.5049,9.638
2000-09-03,15.2173,3.7865,,
2000-09-04,15.2187,3.2413,3.0433,8.29
2000-09-05,15.2195,3.1588,3.1505,8.552
2000-09-06,15.2196,3.3188,3.3504,9.213
2000-09-07,15.219,3.6788,3.7046,10.292
2000-09-08,15.2177,3.7281,3.8998,10.981
2000-09-09,15.2156,3.6299,3.9481,11.104
2000-09-10,15.2129,3.6388,3.3807,9.257
2000-09-11,15.2095,3.602,3.6131,9.959
2000-09-12,15.2053,3.9171,3.9328,11.036
2000-09-13,15.2004,4.016,3.9797,11.101
2000-09-14,15.1947,3.7179,3.5387,9.759
2000-09-15,15.1884,3.6236,,
2000-09-16,15.1813,3.4497,3.6899,10.266
2000-09-17,15.1734,3.5323,3.2894,9.068
2000-09-18,15.1648,3.7357,3.492,9.674
2000-09-19,15.1555,3.7262,,
2000-09-20,15.1454,3.2641,3.3899,9.305
2000-09-21,15.1346,3.3066,3.3034,9.065
2000-09-22,15.1231,3.5208,3.8324,10.829
2000-09-23,15.1108,3.051,,
2000-09-24,15.0979,3.1219,,
2000-09-25,15.0842,3.6856,,
2000-09-26,15.0698,3.8966,,
2000-09-27,15.0547,3.0215,2.6723,7.074
2000-09-28,15.0389,3.4619,3.6257,10.124
2000-09-29,15.0224,3.2526,3.1669,8.61
2000-09-30,15.0053,3.0935,,
2000-10-01,14.9875,3.6428,,
2000-10-02,14.9691,3.2122,3.1287,8.401
2000-10-03,14.9501,3.4658,3.3884,9.377
2000-10-04,14.9304,3.43,3.3795,9.324
2000-10-05,14.9101,3.7058,,
2000-10-06,14.8892,3.6111,3.8058,10.656
2000-10-07,14.8678,3.7429,3.7576,10.528
2000-10-08,14.8458,3.6115,3.9879,11.268
2000-10-09,14.8233,3.6288,3.5146,9.736
2000-10-10,14.8003,3.9182,3.8834,11.057
2000-10-11,14.7768,4.0991,3.5867,10.017
2000-10-12,14.7528,3.6192,3.6312,10.165
2000-10-13,14.7284,3.6454,,
2000-10-14,14.7035,3.5768,,
2000-10-15,14.6782,3.6226,3.5735,9.991
2000-10-16,14.6526,3.7539,3.601,10.014
2000-10-17,14.6265,3.6005,,
2000-10-18,14.6002,3.5895,3.6909,10.394
2000-10-19,14.5735,3.659,4.0035,11.475
2000-10-20,14.5465,3.7473,3.761,10.629
2000-10-21,14.5193,3.2991,3.3558,9.28
2000-10-22,14.4918,2.8952,3.2662,8.931
2000-10-23,14.4641,3.5061,3.7517,10.511
2000-10-24,14.4363,2.9512,3.2092,8.747
2000-10-25,14.4082,2.553,2.56,6.74
2000-10-26,14.3801,3.0572,3.4249,9.435
2000-10-27,14.3518,3.0009,3.2234,8.832
2000-10-28,14.3234,3.451,3.6819,10.301
2000-10-29,14.295,3.5569,3.776,10.693
2000-10-30,14.2666,3.1385,3.371,9.341
2000-10-31,14.2382,2.8574,2.9394,7.941
2000-11-01,14.2098,2.9083,3.1749,8.629
2000-11-02,14.1815,2.9326,2.8787,7.722
2000-11-03,14.1533,3.3808,3.4759,9.718
2000-11-04,14.1251,2.9633,2.9287,7.906
2000-11-05,14.0972,3.1288,3.5193,9.786
2000-11-06,14.0694,2.9093,2.8255,7.561
2000-11-07,14.0418,2.6488,2.2861,5.923
2000-11-08,14.0144,2.833,2.9419,8.0
2000-11-09,13.9873,3.1446,3.3832,9.421
2000-11-10,13.9605,2.6765,2.9925,8.054
2000-11-11,13.9339,2.4745,2.7029,7.202
2000-11-12,13.9077,2.6591,,
2000-11-13,13.8819,2.8962,3.1084,8.568
2000-11-14,13.8565,2.6896,2.7037,7.194
2000-11-15,13.8315,2.9869,2.9608,8.067
2000-11-16,13.8069,3.038,3.4049,9.475
2000-11-17,13.7828,2.6324,2.3319,6.137
2000-11-18,13.7591,2.7356,2.7057,7.226
2000-11-19,13.736,2.9099,3.2443,8.892
2000-11-20,13.7134,2.8761,3.2599,8.942
2000-11-21,13.6914,3.0635,3.4195,9.564
2000-11-22,13.67,3.3632,3.5735,10.1
2000-11-23,13.6492,3.0526,3.3624,9.414
2000-11-24,13.629,3.3782,3.3843,9.481
2000-11-25,13.6094,3.3751,3.3112,9.147
2000-11-26,13.5906,3.553,3.7171,10.73
2000-11-27,13.5724,3.2928,3.392,9.547
2000-11-28,13.5549,3.334,3.5228,9.958
2000-11-29,13.5381,3.2563,2.7495,7.387
2000-11-30,13.5221,3.5329,,
2000-12-01,13.5068,3.3337,3.5873,10.102
2000-12-02,13.4924,3.3799,3.4894,9.827
2000-12-03,13.4787,3.0627,3.2492,8.966
2000-12-04,13.4658,2.8893,2.8524,7.745
2000-12-05,13.4537,2.7229,3.1904,8.756
2000-12-06,13.4425,3.3712,3.4149,9.554
2000-12-07,13.4321,2.9304,,
2000-12-08,13.4226,3.3349,3.1908,8.85
2000-12-09,13.4139,3.3982,3.17,8.682
2000-12-10,13.4061,3.3003,3.3702,9.393
2000-12-11,13.3992,3.3167,3.2781,9.119
2000-12-12,13.3932,3.3927,3.5122,9.962
2000-12-13,13.3881,3.444,3.6601,10.455
2000-12-14,13.3839,3.2464,3.6297,10.368
2000-12-15,13.3807,2.6771,3.019,8.337
2000-12-16,13.3783,2.9381,3.1963,8.884
2000-12-17,13.3768,3.1146,3.3806,9.559
2000-12-18,13.3763,3.3194,3.4104,9.832
2000-12-19,13.3767,2.7031,,
2000-12-20,13.378,2.0919,2.3099,6.075
2000-12-21,13.3803,3.144,3.4212,9.633
2000-12-22,13.3835,3.4538,3.5168,9.923
2000-12-23,13.3876,3.3689,3.4067,9.583
2000-12-24,13.3926,3.2185,,
2000-12-25,13.3985,3.0305,3.2562,9.016
2000-12-26,13.4054,3.4487,,
2000-12-27,13.4131,2.532,2.6987,7.225
2000-12-28,13.4218,2.9262,3.4764,9.869
2000-12-29,13.4313,3.0831,3.2507,9.061
2000-12-30,13.4417,2.9638,,
2000-12-31,13.453,3.5927,,
2001-01-01,13.453,3.6876,3.7625,10.775
2001-01-02,13.4652,3.843,3.8075,11.022
2001-01-03,13.4782,3.3775,3.7719,10.897
2001-01-04,13.4921,3.1252,3.7737,10.918
2001-01-05,13.5068,3.0268,3.0678,8.408
2001-01-06,13.5223,2.8488,3.1035,8.516
2001-01-07,13.5386,3.3725,3.2065,8.886
2001-01-08,13.5557,3.425,3.7026,10.626
2001-01-09,13.5736,3.3036,3.563,10.112
2001-01-10,13.5922,3.3605,3.5907,10.246
2001-01-11,13.6116,3.2355,3.5336,10.057
2001-01-12,13.6317,3.2367,3.6096,10.265
2001-01-13,13.6524,3.3873,3.3968,9.52
2001-01-14,13.6739,3.3512,3.5868,10.149
2001-01-15,13.696,3.4874,3.6144,10.18
2001-01-16,13.7188,3.2801,3.3572,9.365
2001-01-17,13.7422,2.8939,2.9119,7.909
2001-01-18,13.7662,3.3182,3.2084,8.905
2001-01-19,13.7907,3.4981,3.5934,10.183
2001-01-20,13.8159,2.7327,2.6021,6.924
2001-01-21,13.8415,3.3034,3.6386,10.416
2001-01-22,13.8676,3.2069,3.4929,9.964
2001-01-23,13.8943,3.0774,3.2965,9.247
2001-01-24,13.9213,3.409,3.3194,9.243
2001-01-25,13.9488,3.4302,3.6444,10.338
2001-01-26,13.9767,3.55,3.5145,9.838
2001-01-27,14.005,3.7553,3.6397,10.413
2001-01-28,14.0336,3.5209,3.6544,10.275
2001-01-29,14.0626,3.7772,3.907,11.29
2001-01-30,14.0918,3.7944,3.9786,11.76
2001-01-31,14.1213,3.3829,3.4558,9.647
2001-02-01,14.1511,3.5186,3.5097,9.821
2001-02-02,14.181,3.6773,3.5504,9.931
2001-02-03,14.2111,3.5655,3.7149,10.716
2001-02-04,14.2414,3.6313,3.5939,10.094
2001-02-05,14.2718,3.69,3.7665,10.751
2001-02-06,14.3023,3.663,3.6128,10.129
2001-02-07,14.3328,3.8659,3.424,9.539
2001-02-08,14.3634,3.8204,3.7134,10.451
2001-02-09,14.394,3.645,3.5863,10.05
2001-02-10,14.4246,4.0841,3.9062,11.261
2001-02-11,14.4551,4.144,4.0692,11.798
2001-02-12,14.4856,4.0761,3.9236,11.211
2001-02-13,14.5159,4.0352,4.0174,11.492
2001-02-14,14.5461,4.1122,3.9063,11.046
2001-02-15,14.5761,3.9076,3.8923,10.937
2001-02-16,14.606,3.6829,3.7778,10.543
2001-02-17,14.6356,3.5476,3.459,9.53
2001-02-18,14.6649,3.4802,3.4591,9.519
2001-02-19,14.694,3.575,3.4752,9.541
2001-02-20,14.7228,3.3203,3.3414,9.13
2001-02-21,14.7513,3.1458,3.2225,8.845
2001-02-22,14.7794,2.9036,2.9872,8.057
2001-02-23,14.8071,3.4212,3.5434,9.845
2001-02-24,14.8344,3.0079,2.807,7.46
2001-02-25,14.8613,3.3647,3.3054,9.02
2001-02-26,14.8877,3.1734,2.8467,7.624
2001-02-27,14.9137,3.4305,3.3085,9.121
2001-02-28,14.9391,3.2263,3.3386,9.177
2001-03-01,14.9641,3.3552,3.3774,9.32
2001-03-02,14.9885,3.6551,,
2001-03-03,15.0123,3.8208,4.0017,11.327
2001-03-04,15.0355,3.7952,,
2001-03-05,15.0582,3.5045,,
2001-03-06,15.0802,3.1489,3.3791,9.227
2001-03-07,15.1016,3.3914,3.3841,9.193
2001-03-08,15.1223,3.506,3.4943,9.615
2001-03-09,15.1424,3.7822,3.965,11.19
2001-03-10,15.1618,3.8091,3.705,10.299
2001-03-11,15.1804,4.0426,,
2001-03-12,15.1984,3.8631,,
2001-03-13,15.2156,4.0606,,
2001-03-14,15.2321,3.5521,,
2001-03-15,15.2479,3.6253,,
2001-03-16,15.2629,3.2874,3.4772,9.571
2001-03-17,15.2771,3.4065,,
2001-03-18,15.2906,3.2898,,
2001-03-19,15.3032,3.3382,,
2001-03-20,15.3151,3.4775,,
2001-03-21,15.3262,2.8239,,
2001-03-22,15.3365,2.7969,,
2001-03-23,15.346,3.7144,,
2001-03-24,15.3547,3.636,,
2001-03-25,15.3626,3.5958,3.9767,11.147
2001-03-26,15.3697,4.0788,4.2541,12.199
2001-03-27,15.376,3.6929,3.8784,10.822
2001-03-28,15.3815,4.2048,4.0429,11.394
2001-03-29,15.3862,4.086,4.1021,11.506
2001-03-30,15.3901,4.0201,4.1596,11.754
2001-03-31,15.3932,3.9562,,
2001-04-01,15.3955,3.9702,3.9466,11.079
2001-04-02,15.3971,4.0189,4.1718,11.943
2001-04-03,15.3978,4.222,4.4009,12.708
2001-04-04,15.3979,3.9212,3.5056,9.562
2001-04-05,15.3971,3.6117,3.7389,10.384
2001-04-06,15.3957,3.885,3.5036,9.569
2001-04-07,15.3935,4.0039,3.7184,10.256
2001-04-08,15.3905,4.0199,4.1653,11.794
2001-04-09,15.3869,4.0571,4.1819,11.801
2001-04-10,15.3826,3.9712,4.2332,12.034
2001-04-11,15.3776,4.088,3.9586,11.115
2001-04-12,15.372,3.7958,3.7111,10.222
2001-04-13,15.3656,3.9457,4.0362,11.272
2001-04-14,15.3587,3.522,3.8002,10.515
2001-04-15,15.3511,3.4424,3.7939,10.499
2001-04-16,15.343,3.6916,3.7892,10.493
2001-04-17,15.3342,3.2603,2.5106,6.526
2001-04-18,15.3249,3.655,3.761,10.472
2001-04-19,15.3151,3.7086,3.4433,9.461
2001-04-20,15.3047,3.6942,3.8376,10.589
2001-04-21,15.2939,4.1396,4.4778,12.972
2001-04-22,15.2825,3.9433,3.8286,10.782
2001-04-23,15.2707,3.2859,3.466,9.517
2001-04-24,15.2585,3.1855,3.4831,9.48
2001-04-25,15.2458,4.0379,3.8924,10.826
2001-04-26,15.2328,3.7315,3.6877,10.188
2001-04-27,15.2193,3.7148,3.9367,10.976
2001-04-28,15.2055,4.1984,3.8435,10.646
2001-04-29,15.1914,3.7217,,
2001-04-30,15.177,3.6756,,
2001-05-01,15.1623,3.1829,,
2001-05-02,15.1474,3.5176,,
2001-05-03,15.1322,3.3771,3.1671,8.588
2001-05-04,15.1168,3.7783,3.5963,10.004
2001-05-05,15.1013,3.6718,3.4146,9.366
2001-05-06,15.0855,3.5646,3.5169,9.62
2001-05-07,15.0697,3.5731,3.521,9.704
2001-05-08,15.0537,2.9655,3.058,8.179
2001-05-09,15.0377,2.3284,2.5844,6.748
2001-05-10,15.0215,3.2769,3.5842,9.782
2001-05-11,15.0054,3.9937,3.6793,10.234
2001-05-12,14.9892,4.0295,4.0462,11.402
2001-05-13,14.973,3.8096,3.4607,9.572
2001-05-14,14.9569,3.7609,3.5317,9.779
2001-05-15,14.9408,3.4335,3.4673,9.46
2001-05-16,14.9248,3.3714,3.5924,9.963
2001-05-17,14.9089,3.6782,,
2001-05-18,14.8932,3.7958,3.8887,10.852
2001-05-19,14.8775,3.7664,3.3648,9.216
2001-05-20,14.8621,2.9817,2.8344,7.489
2001-05-21,14.8468,2.7518,2.7961,7.408
2001-05-22,14.8317,3.4394,3.7877,10.656
2001-05-23,14.8169,3.6968,3.8649,10.926
2001-05-24,14.8023,3.6667,3.7183,10.356
2001-05-25,14.788,3.6161,3.7473,10.463
2001-05-26,14.774,3.0324,3.0095,8.081
2001-05-27,14.7602,3.3032,3.5581,9.876
2001-05-28,14.7468,3.2358,3.0658,8.327
2001-05-29,14.7338,3.6741,3.7994,10.668
2001-05-30,14.7211,3.445,3.4137,9.394
2001-05-31,14.7088,3.6497,3.3851,9.339
2001-06-01,14.6968,2.8369,2.8821,7.743
2001-06-02,14.6853,2.7596,2.3294,6.112
2001-06-03,14.6742,2.934,3.0599,8.367
2001-06-04,14.6636,3.3664,3.3464,9.302
2001-06-05,14.6533,3.6189,3.3921,9.427
2001-06-06,14.6436,3.4046,3.2407,8.851
2001-06-07,14.6343,3.5605,3.7373,10.518
2001-06-08,14.6255,3.6401,3.4993,9.68
2001-06-09,14.6172,3.7834,3.5862,9.933
2001-06-10,14.6094,3.7847,3.4937,9.663
2001-06-11,14.6021,3.8382,3.401,9.343
2001-06-12,14.5954,3.5948,3.4896,9.642
2001-06-13,14.5891,3.2073,3.4515,9.602
2001-06-14,14.5834,3.3188,3.2928,9.041
2001-06-15,14.5783,3.4109,3.4262,9.478
2001-06-16,14.5737,3.8905,3.8444,10.854
2001-06-17,14.5696,3.6991,3.5925,10.037
2001-06-18,14.5661,3.7794,3.8746,10.922
2001-06-19,14.5632,3.3783,3.7339,10.433
2001-06-20,14.5608,3.337,3.1831,8.702
2001-06-21,14.559,3.2131,3.16,8.566
2001-06-22,14.5577,3.6134,3.864,11.001
2001-06-23,14.557,3.7569,2.9386,7.926
2001-06-24,14.5569,3.6059,3.5484,9.915
2001-06-25,14.5573,3.0578,3.0958,8.363
2001-06-26,14.5583,3.9674,3.9564,11.175
2001-06-27,14.5599,3.7399,3.7365,10.388
2001-06-28,14.562,3.8452,3.6982,10.35
2001-06-29,14.5646,3.6794,3.5256,9.815
2001-06-30,14.5678,3.0446,2.9904,8.03
2001-07-01,14.5715,3.3245,3.3951,9.296
2001-07-02,14.5758,3.8565,3.69,10.28
2001-07-03,14.5805,3.7717,3.7018,10.214
2001-07-04,14.5858,4.0554,3.8902,10.916
2001-07-05,14.5916,3.4945,3.738,10.433
2001-07-06,14.5979,3.3447,3.3227,9.082
2001-07-07,14.6047,3.3802,3.1246,8.457
2001-07-08,14.6119,3.5178,3.3658,9.21
2001-07-09,14.6196,3.2872,3.0544,8.292
2001-07-10,14.6277,3.3559,3.4292,9.403
2001-07-11,14.6363,3.3582,3.501,9.691
2001-07-12,14.6453,3.8028,3.5593,9.876
2001-07-13,14.6547,3.6481,3.8099,10.689
2001-07-14,14.6645,3.5204,3.266,8.947
2001-07-15,14.6747,3.2345,2.5187,6.685
2001-07-16,14.6852,3.3703,3.6327,10.134
2001-07-17,14.6961,3.6488,3.8814,11.105
2001-07-18,14.7073,3.62,3.8161,10.734
2001-07-19,14.7188,3.1322,3.0798,8.277
2001-07-20,14.7306,3.4274,3.7631,10.561
2001-07-21,14.7426,3.3727,3.8689,10.926
2001-07-22,14.755,3.4537,3.3426,9.214
2001-07-23,14.7675,3.2487,3.7347,10.545
2001-07-24,14.7803,3.7726,3.8648,10.955
2001-07-25,14.7932,3.9487,4.3927,12.808
2001-07-26,14.8063,3.4956,3.3154,9.133
2001-07-27,14.8196,3.6379,3.8306,10.903
2001-07-28,14.833,3.3051,3.5228,9.785
2001-07-29,14.8465,3.4798,3.7638,10.569
2001-07-30,14.8601,3.5218,3.5613,9.869
2001-07-31,14.8738,3.5348,3.1071,8.459
2001-08-01,14.8875,3.8033,3.842,10.815
2001-08-02,14.9012,3.7699,3.8856,10.972
2001-08-03,14.9149,3.9336,3.8517,10.862
2001-08-04,14.9286,3.6522,3.5609,9.877
2001-08-05,14.9422,3.49,3.4094,9.406
2001-08-06,14.9558,3.5943,3.8397,10.772
2001-08-07,14.9693,3.8551,3.7199,10.427
2001-08-08,14.9826,3.4708,3.1512,8.528
2001-08-09,14.9958,3.8825,4.0554,11.486
2001-08-10,15.0088,3.9525,3.6252,10.115
2001-08-11,15.0217,3.8877,3.9465,11.114
2001-08-12,15.0343,3.6281,3.5296,9.751
2001-08-13,15.0467,3.7695,3.6717,10.261
2001-08-14,15.0588,3.7862,4.0449,11.427
2001-08-15,15.0707,4.0475,3.8753,10.812
2001-08-16,15.0823,3.9578,3.9567,11.028
2001-08-17,15.0935,3.9336,4.1118,11.649
2001-08-18,15.1044,4.0664,3.7339,10.325
2001-08-19,15.1149,4.0224,3.8699,10.855
2001-08-20,15.125,4.1771,4.1246,11.717
2001-08-21,15.1347,4.0377,4.0424,11.279
2001-08-22,15.144,3.7653,3.3032,8.922
2001-08-23,15.1529,4.1998,4.007,11.455
2001-08-24,15.1612,3.9327,3.6463,10.16
2001-08-25,15.1691,3.6292,3.325,9.106
2001-08-26,15.1765,3.6846,3.7326,10.515
2001-08-27,15.1833,4.2006,4.2333,12.026
2001-08-28,15.1897,4.0722,3.7879,10.53
2001-08-29,15.1954,4.2308,4.2128,12.073
2001-08-30,15.2006,4.3691,4.3329,12.519
2001-08-31,15.2052,4.3207,4.4593,12.854
2001-09-01,15.2091,3.8607,3.8407,10.692
2001-09-02,15.2125,3.3499,3.3496,9.13
2001-09-03,15.2152,3.7794,4.3985,12.708
2001-09-04,15.2173,3.5294,3.604,9.903
2001-09-05,15.2187,3.5403,3.5167,9.689
2001-09-06,15.2195,4.1927,4.1461,11.847
2001-09-07,15.2196,3.7457,4.0527,11.453
2001-09-08,15.219,3.8018,3.6824,10.333
2001-09-09,15.2177,3.568,3.7758,10.638
2001-09-10,15.2156,3.7922,3.9461,11.199
2001-09-11,15.2129,3.2114,3.8749,10.94
2001-09-12,15.2095,3.2296,3.3081,9.008
2001-09-13,15.2053,3.1418,3.3684,9.213
2001-09-14,15.2004,2.9344,2.8136,7.501
2001-09-15,15.1947,3.7873,3.8996,10.946
2001-09-16,15.1884,4.2552,4.3042,12.386
2001-09-17,15.1813,4.037,4.4194,12.812
2001-09-18,15.1734,3.3068,3.2987,9.066
2001-09-19,15.1648,3.7363,3.5545,9.861
2001-09-20,15.1555,3.5504,3.8881,10.979
2001-09-21,15.1454,3.8766,3.9902,11.221
2001-09-22,15.1346,3.6757,3.8457,10.85
2001-09-23,15.1231,3.4058,3.6026,10.0
2001-09-24,15.1108,3.6221,3.5484,9.813
2001-09-25,15.0979,3.7435,3.8815,10.857
2001-09-26,15.0842,3.9774,4.1705,11.797
2001-09-27,15.0698,3.6561,3.5157,9.76
2001-09-28,15.0547,3.3545,3.536,9.761
2001-09-29,15.0389,3.8924,4.1328,11.916
2001-09-30,15.0224,3.0849,2.9795,7.938
2001-10-01,15.0053,3.8091,4.1954,11.952
2001-10-02,14.9875,3.7785,3.7392,10.382
2001-10-03,14.9691,4.0696,3.6204,10.008
2001-10-04,14.9501,4.2687,4.1638,11.82
2001-10-05,14.9304,3.6975,3.6117,10.076
2001-10-06,14.9101,3.6707,3.637,10.041
2001-10-07,14.8892,3.1753,2.4467,6.353
2001-10-08,14.8678,3.8512,4.1311,11.764
2001-10-09,14.8458,3.8722,3.9852,11.144
2001-10-10,14.8233,3.133,3.0305,8.126
2001-10-11,14.8003,3.7435,3.7972,10.662
2001-10-12,14.7768,3.9089,4.1707,11.847
2001-10-13,14.7528,3.8185,3.9189,10.886
2001-10-14,14.7284,3.4923,3.4413,9.395
2001-10-15,14.7035,3.2589,3.4942,9.633
2001-10-16,14.6782,3.2416,3.1504,8.535
2001-10-17,14.6526,2.9337,3.0829,8.288
2001-10-18,14.6265,2.671,3.0861,8.359
2001-10-19,14.6002,3.6404,3.9902,11.316
2001-10-20,14.5735,3.4413,3.6571,10.08
2001-10-21,14.5465,3.5449,3.5049,9.597
2001-10-22,14.5193,3.0597,3.304,8.985
2001-10-23,14.4918,3.2912,3.5875,10.014
2001-10-24,14.4641,3.3878,3.4288,9.431
2001-10-25,14.4363,3.436,3.7594,10.526
2001-10-26,14.4082,3.9057,3.8416,10.791
2001-10-27,14.3801,3.2255,3.2151,8.73
2001-10-28,14.3518,3.3828,3.5611,9.874
2001-10-29,14.3234,3.3333,3.7632,10.561
2001-10-30,14.295,2.8697,3.4139,9.36
2001-10-31,14.2666,2.6787,2.9514,7.942
2001-11-01,14.2382,2.4506,2.6835,7.182
2001-11-02,14.2098,2.4885,2.4118,6.377
2001-11-03,14.1815,2.9022,2.9299,7.89
2001-11-04,14.1533,3.0594,3.2662,8.927
2001-11-05,14.1251,3.3131,3.5348,9.751
2001-11-06,14.0972,3.3918,3.0045,8.08
2001-11-07,14.0694,3.3214,3.4134,9.399
2001-11-08,14.0418,3.5445,3.747,10.573
2001-11-09,14.0144,3.2832,3.1593,8.588
2001-11-10,13.9873,3.3015,3.5922,10.135
2001-11-11,13.9605,3.3027,3.3098,9.026
2001-11-12,13.9339,3.5259,3.6479,10.255
2001-11-13,13.9077,3.2785,3.248,8.92
2001-11-14,13.8819,3.016,3.0475,8.304
2001-11-15,13.8565,2.983,3.2504,8.898
2001-11-16,13.8315,3.5535,3.7448,10.628
2001-11-17,13.8069,3.6787,3.5343,9.843
2001-11-18,13.7828,2.9281,3.0347,8.199
2001-11-19,13.7591,3.3609,3.2627,8.983
2001-11-20,13.736,3.0234,3.3923,9.424
2001-11-21,13.7134,2.9539,3.0752,8.335
2001-11-22,13.6914,3.2238,3.2878,9.046
2001-11-23,13.67,3.4647,3.4438,9.613
2001-11-24,13.6492,3.4152,3.6753,10.438
2001-11-25,13.629,2.9859,3.1328,8.566
2001-11-26,13.6094,3.0338,3.476,9.774
2001-11-27,13.5906,2.7234,3.0534,8.329
2001-11-28,13.5724,2.6545,2.9953,8.177
2001-11-29,13.5549,2.6581,2.7601,7.406
2001-11-30,13.5381,3.0862,3.3415,9.227
2001-12-01,13.5221,3.0676,2.9646,8.052
2001-12-02,13.5068,2.8877,3.2538,9.032
2001-12-03,13.4924,3.0657,3.4988,9.878
2001-12-04,13.4787,3.2465,3.5121,9.91
2001-12-05,13.4658,3.151,3.2657,9.05
2001-12-06,13.4537,2.7722,3.2215,8.812
2001-12-07,13.4425,2.8202,3.2507,8.891
2001-12-08,13.4321,2.9485,3.4163,9.486
2001-12-09,13.4226,3.2247,3.3529,9.274
2001-12-10,13.4139,3.2767,3.3951,9.428
2001-12-11,13.4061,3.1065,3.4296,9.501
2001-12-12,13.3992,3.3053,3.6579,10.334
2001-12-13,13.3932,2.9271,2.9541,7.993
2001-12-14,13.3881,2.8452,3.293,9.148
2001-12-15,13.3839,2.6702,3.048,8.27
2001-12-16,13.3807,2.9527,3.3822,9.375
2001-12-17,13.3783,2.9251,2.902,7.83
2001-12-18,13.3768,3.1092,3.2665,9.069
2001-12-19,13.3763,2.8998,2.8598,7.715
2001-12-20,13.3767,3.2381,3.6434,10.266
2001-12-21,13.378,2.7875,2.9497,8.003
2001-12-22,13.3803,2.8979,3.2995,9.085
2001-12-23,13.3835,3.1561,3.3185,9.136
2001-12-24,13.3876,3.1811,3.242,8.956
2001-12-25,13.3926,2.7268,2.9413,7.973
2001-12-26,13.3985,2.9769,3.3665,9.376
2001-12-27,13.4054,2.6933,2.8519,7.737
2001-12-28,13.4131,3.1206,3.2096,8.843
2001-12-29,13.4218,3.248,3.2678,8.989
2001-12-30,13.4313,3.3961,3.5732,10.058
2001-12-31,13.4417,3.3213,3.5526,10.027
2002-01-01,13.453,2.9541,3.001,8.176
2002-01-02,13.4652,3.5253,3.6181,10.329
2002-01-03,13.4782,3.7203,3.6694,10.599
2002-01-04,13.4921,3.4298,3.6997,10.708
2002-01-05,13.5068,3.5101,3.7182,10.662
2002-01-06,13.5223,2.9796,3.2368,8.873
2002-01-07,13.5386,3.0626,3.2206,8.885
2002-01-08,13.5557,2.8291,3.2045,8.827
2002-01-09,13.5736,3.0896,3.2519,9.046
2002-01-10,13.5922,3.2839,3.4141,9.636
2002-01-11,13.6116,3.0461,3.4388,9.731
2002-01-12,13.6317,2.6482,2.8833,7.884
2002-01-13,13.6524,3.087,2.8623,7.723
2002-01-14,13.6739,3.3212,3.3656,9.304
2002-01-15,13.696,3.2925,3.3446,9.266
2002-01-16,13.7188,3.2512,3.3498,9.32
2002-01-17,13.7422,3.4702,3.6018,10.193
2002-01-18,13.7662,3.5462,3.5426,10.063
2002-01-19,13.7907,3.8115,3.8217,11.162
2002-01-20,13.8159,3.3891,3.5401,10.01
2002-01-21,13.8415,3.3858,3.4788,9.733
2002-01-22,13.8676,3.8191,3.4872,9.664
2002-01-23,13.8943,3.6157,3.5563,9.974
2002-01-24,13.9213,3.658,3.7269,10.506
2002-01-25,13.9488,3.8841,3.7491,10.527
2002-01-26,13.9767,4.101,3.7027,10.475
2002-01-27,14.005,4.1472,3.8541,11.047
2002-01-28,14.0336,3.824,4.0009,11.431
2002-01-29,14.0626,3.705,3.6413,10.194
2002-01-30,14.0918,3.6289,3.6816,10.319
2002-01-31,14.1213,3.5969,3.8184,10.829
2002-02-01,14.1511,3.9231,3.7336,10.472
2002-02-02,14.181,3.6929,3.5892,9.942
2002-02-03,14.2111,3.4302,3.0229,8.14
2002-02-04,14.2414,3.238,3.0294,8.227
2002-02-05,14.2718,2.9852,3.2275,8.812
2002-02-06,14.3023,3.4593,3.6593,10.35
2002-02-07,14.3328,2.9018,3.1855,8.738
2002-02-08,14.3634,3.0637,3.1995,8.823
2002-02-09,14.394,3.115,3.3882,9.42
2002-02-10,14.4246,3.4634,3.7402,10.67
2002-02-11,14.4551,3.2301,3.5371,9.782
2002-02-12,14.4856,3.4977,3.6945,10.311
2002-02-13,14.5159,3.6678,4.0214,11.485
2002-02-14,14.5461,3.621,3.9465,11.196
2002-02-15,14.5761,3.9029,3.7397,10.518
2002-02-16,14.606,3.9474,3.8305,10.733
2002-02-17,14.6356,4.0966,4.0573,11.559
2002-02-18,14.6649,3.7133,3.8804,10.802
2002-02-19,14.694,3.7039,3.7841,10.539
2002-02-20,14.7228,4.0523,4.2382,12.108
2002-02-21,14.7513,3.8594,4.0272,11.367
2002-02-22,14.7794,3.9889,4.0065,11.264
2002-02-23,14.8071,3.7063,3.9358,10.953
2002-02-24,14.8344,4.2031,4.0036,11.267
2002-02-25,14.8613,4.3623,4.3321,12.312
2002-02-26,14.8877,3.6708,3.2985,8.899
2002-02-27,14.9137,3.5521,3.8648,10.885
2002-02-28,14.9391,3.7169,3.9004,10.969
2002-03-01,14.9641,4.078,4.2805,12.29
2002-03-02,14.9885,4.6502,4.5325,13.142
2002-03-03,15.0123,3.9683,3.9794,11.213
2002-03-04,15.0355,3.8876,4.1049,11.699
2002-03-05,15.0582,3.8435,3.8401,10.884
2002-03-06,15.0802,3.9228,4.1695,11.985
2002-03-07,15.1016,3.9674,4.1074,11.557
2002-03-08,15.1223,3.9979,4.0214,11.33
2002-03-09,15.1424,3.9301,4.4147,12.605
2002-03-10,15.1618,4.2131,3.9286,10.915
2002-03-11,15.1804,3.8294,3.9082,10.911
2002-03-12,15.1984,3.2548,3.1461,8.483
2002-03-13,15.2156,3.7848,4.0782,11.506
2002-03-14,15.2321,3.8624,3.9666,11.027
2002-03-15,15.2479,3.5922,3.4836,9.515
2002-03-16,15.2629,3.7841,3.8824,10.737
2002-03-17,15.2771,3.649,3.8161,10.561
2002-03-18,15.2906,3.6675,3.9952,11.158
2002-03-19,15.3032,3.5473,3.226,8.697
2002-03-20,15.3151,3.5108,3.5337,9.661
2002-03-21,15.3262,3.0863,2.8576,7.545
2002-03-22,15.3365,2.8107,3.0783,8.214
2002-03-23,15.346,3.7136,3.8624,10.694
2002-03-24,15.3547,3.9524,4.0901,11.448
2002-03-25,15.3626,4.3093,4.4148,12.627
2002-03-26,15.3697,4.1886,4.0776,11.402
2002-03-27,15.376,3.6059,3.9308,10.876
2002-03-28,15.3815,3.6679,3.7554,10.342
2002-03-29,15.3862,3.4277,3.8558,10.709
2002-03-30,15.3901,3.6663,3.9336,11.071
2002-03-31,15.3932,3.7549,4.1289,11.439
2002-04-01,15.3955,3.7928,3.7954,10.457
2002-04-02,15.3971,3.6823,3.299,8.897
2002-04-03,15.3978,3.2025,3.4238,9.254
2002-04-04,15.3979,3.8833,3.9824,11.094
2002-04-05,15.3971,3.7448,4.0374,11.252
2002-04-06,15.3957,3.4524,3.3998,9.261
2002-04-07,15.3935,3.1211,2.866,7.553
2002-04-08,15.3905,3.1122,2.8074,7.438
2002-04-09,15.3869,2.7291,3.2485,8.751
2002-04-10,15.3826,3.1912,3.6494,10.042
2002-04-11,15.3776,3.3933,3.6076,9.978
2002-04-12,15.372,3.4604,3.7304,10.397
2002-04-13,15.3656,3.2662,3.6162,9.981
2002-04-14,15.3587,3.3921,3.5939,9.975
2002-04-15,15.3511,3.5592,3.7725,10.48
2002-04-16,15.343,3.9261,4.1871,11.849
2002-04-17,15.3342,3.5598,3.3376,9.005
2002-04-18,15.3249,2.8599,3.3681,9.122
2002-04-19,15.3151,3.5728,3.6214,9.994
2002-04-20,15.3047,3.5148,3.6719,10.145
2002-04-21,15.2939,3.3844,3.3093,8.905
2002-04-22,15.2825,3.8812,4.0149,11.19
2002-04-23,15.2707,3.7624,3.8257,10.554
2002-04-24,15.2585,2.7128,3.0782,8.179
2002-04-25,15.2458,3.0462,2.6203,6.853
2002-04-26,15.2328,3.5641,3.948,11.036
2002-04-27,15.2193,3.3899,3.5436,9.693
2002-04-28,15.2055,3.273,3.1662,8.51
2002-04-29,15.1914,3.3509,3.5622,9.776
2002-04-30,15.177,3.5804,3.5258,9.62
2002-05-01,15.1623,3.4489,3.7694,10.511
2002-05-02,15.1474,3.8609,3.674,10.102
2002-05-03,15.1322,3.5845,3.5534,9.721
2002-05-04,15.1168,4.0442,3.9707,11.154
2002-05-05,15.1013,4.0966,4.2288,11.986
2002-05-06,15.0855,4.2531,4.0722,11.493
2002-05-07,15.0697,3.7102,3.7717,10.463
2002-05-08,15.0537,3.9301,3.9072,10.977
2002-05-09,15.0377,3.6981,3.824,10.65
2002-05-10,15.0215,3.9146,3.8162,10.628
2002-05-11,15.0054,3.6096,3.7161,10.233
2002-05-12,14.9892,3.9386,3.9765,11.09
2002-05-13,14.973,3.661,3.6715,10.101
2002-05-14,14.9569,4.0027,4.0639,11.44
2002-05-15,14.9408,3.7258,3.5213,9.626
2002-05-16,14.9248,3.8334,3.4768,9.52
2002-05-17,14.9089,2.8783,3.3155,8.895
2002-05-18,14.8932,3.2052,3.5924,9.845
2002-05-19,14.8775,3.5868,3.798,10.541
2002-05-20,14.8621,3.5906,4.1853,11.848
2002-05-21,14.8468,3.4355,3.475,9.524
2002-05-22,14.8317,2.8367,2.6187,6.864
2002-05-23,14.8169,3.1155,3.1398,8.535
2002-05-24,14.8023,3.7756,3.9243,10.943
2002-05-25,14.788,3.2094,3.4163,9.379
2002-05-26,14.774,2.7123,2.7861,7.394
2002-05-27,14.7602,2.9511,2.9811,8.003
2002-05-28,14.7468,2.8002,2.8095,7.535
2002-05-29,14.7338,2.6816,3.4447,9.516
2002-05-30,14.7211,2.6536,2.9969,8.061
2002-05-31,14.7088,2.5941,2.5231,6.628
2002-06-01,14.6968,3.3084,3.4525,9.516
2002-06-02,14.6853,3.1836,3.005,8.088
2002-06-03,14.6742,3.1787,3.3557,9.172
2002-06-04,14.6636,3.4532,3.4632,9.609
2002-06-05,14.6533,2.3963,2.602,6.861
2002-06-06,14.6436,2.5429,2.6366,6.992
2002-06-07,14.6343,3.1189,3.2159,8.813
2002-06-08,14.6255,3.5631,3.9746,11.446
2002-06-09,14.6172,3.5044,3.3134,9.1
2002-06-10,14.6094,3.8629,3.6244,10.158
2002-06-11,14.6021,3.5497,3.4391,9.553
2002-06-12,14.5954,3.3439,3.2759,8.947
2002-06-13,14.5891,3.2502,2.6748,7.14
2002-06-14,14.5834,3.4128,3.3487,9.17
2002-06-15,14.5783,3.7529,3.4725,9.676
2002-06-16,14.5737,3.7741,3.6741,10.405
2002-06-17,14.5696,3.6262,3.6395,10.174
2002-06-18,14.5661,3.5648,3.3798,9.353
2002-06-19,14.5632,3.5938,3.3602,9.214
2002-06-20,14.5608,3.5409,3.2555,8.899
2002-06-21,14.559,3.4911,3.4326,9.589
2002-06-22,14.5577,3.8631,3.542,9.869
2002-06-23,14.557,3.6122,3.4161,9.36
2002-06-24,14.5569,3.327,3.3098,9.047
2002-06-25,14.5573,3.6732,3.711,10.363
2002-06-26,14.5583,3.6294,3.3597,9.209
2002-06-27,14.5599,3.7149,3.4463,9.462
2002-06-28,14.562,3.2612,3.1404,8.524
2002-06-29,14.5646,3.3645,3.1081,8.418
2002-06-30,14.5678,3.7872,3.8307,10.732
2002-07-01,14.5715,4.0293,3.9947,11.316
2002-07-02,14.5758,4.1947,3.6323,10.033
2002-07-03,14.5805,3.8236,3.7732,10.553
2002-07-04,14.5858,3.7397,3.8319,10.601
2002-07-05,14.5916,3.5942,3.2751,8.854
2002-07-06,14.5979,2.8099,2.8888,7.709
2002-07-07,14.6047,3.4021,3.7091,10.362
2002-07-08,14.6119,4.0004,4.1483,11.729
2002-07-09,14.6196,3.8459,3.9469,11.055
2002-07-10,14.6277,3.9662,3.7214,10.303
2002-07-11,14.6363,3.7923,3.5184,9.802
2002-07-12,14.6453,3.9612,3.7708,10.568
2002-07-13,14.6547,4.1077,3.739,10.5
2002-07-14,14.6645,3.6062,3.7578,10.476
2002-07-15,14.6747,3.5837,3.5992,10.005
2002-07-16,14.6852,3.5559,3.46,9.51
2002-07-17,14.6961,3.8473,3.9575,11.202
2002-07-18,14.7073,3.4715,3.3926,9.307
2002-07-19,14.7188,3.5164,3.4859,9.615
2002-07-20,14.7306,3.2866,3.3936,9.285
2002-07-21,14.7426,2.7244,2.7813,7.381
2002-07-22,14.755,3.7473,3.9179,11.097
2002-07-23,14.7675,3.8646,3.8738,10.849
2002-07-24,14.7803,3.5383,3.4513,9.434
2002-07-25,14.7932,3.2354,3.2246,8.835
2002-07-26,14.8063,4.2454,4.2987,12.585
2002-07-27,14.8196,3.8123,3.7206,10.454
2002-07-28,14.833,3.8823,3.5519,9.841
2002-07-29,14.8465,3.9995,4.0084,11.338
2002-07-30,14.8601,3.9218,3.9782,11.318
2002-07-31,14.8738,3.462,3.6534,10.296
2002-08-01,14.8875,3.7844,3.7235,10.528
2002-08-02,14.9012,3.9394,4.1138,11.78
2002-08-03,14.9149,4.1647,3.8976,11.044
2002-08-04,14.9286,3.6137,3.9492,11.158
2002-08-05,14.9422,3.7359,3.9588,11.234
2002-08-06,14.9558,4.1076,4.2336,12.107
2002-08-07,14.9693,3.8628,3.721,10.331
2002-08-08,14.9826,3.8359,4.0018,11.328
2002-08-09,14.9958,3.5466,3.6137,10.02
2002-08-10,15.0088,3.7984,3.5234,9.733
2002-08-11,15.0217,3.862,3.7695,10.598
2002-08-12,15.0343,3.8584,4.1253,11.777
2002-08-13,15.0467,4.1854,4.0717,11.579
2002-08-14,15.0588,4.2352,3.8232,10.637
2002-08-15,15.0707,4.0863,4.0698,11.438
2002-08-16,15.0823,4.234,4.1242,11.674
2002-08-17,15.0935,4.525,4.5368,13.194
2002-08-18,15.1044,4.1277,4.1906,11.917
2002-08-19,15.1149,3.3525,3.5787,9.812
2002-08-20,15.125,3.442,3.224,8.716
2002-08-21,15.1347,4.2189,4.1471,11.832
2002-08-22,15.144,4.1819,4.0764,11.452
2002-08-23,15.1529,3.6969,3.6704,10.086
2002-08-24,15.1612,3.8222,4.1209,11.756
2002-08-25,15.1691,3.8661,4.0128,11.223
2002-08-26,15.1765,3.3448,3.6224,9.988
2002-08-27,15.1833,3.6667,3.8122,10.627
2002-08-28,15.1897,3.7126,4.0846,11.491
2002-08-29,15.1954,3.0314,3.4602,9.419
2002-08-30,15.2006,3.6923,4.0526,11.41
2002-08-31,15.2052,3.2675,3.8271,10.559
2002-09-01,15.2091,3.3993,3.4126,9.27
2002-09-02,15.2125,3.8838,4.0766,11.534
2002-09-03,15.2152,3.7651,3.8047,10.592
2002-09-04,15.2173,4.4338,4.6569,13.63
2002-09-05,15.2187,4.1512,3.9604,11.173
2002-09-06,15.2195,4.1224,4.087,11.507
2002-09-07,15.2196,4.5379,4.347,12.491
2002-09-08,15.219,4.5658,4.4836,12.97
2002-09-09,15.2177,3.5251,3.3827,9.148
2002-09-10,15.2156,3.7043,3.821,10.634
2002-09-11,15.2129,3.2467,3.6662,10.23
2002-09-12,15.2095,3.6869,3.9467,11.174
2002-09-13,15.2053,4.0986,4.1437,11.83
2002-09-14,15.2004,3.7925,4.0229,11.286
2002-09-15,15.1947,4.0208,4.117,11.725
2002-09-16,15.1884,3.9487,4.1224,11.551
2002-09-17,15.1813,3.7561,3.8397,10.751
2002-09-18,15.1734,3.3745,3.4989,9.635
2002-09-19,15.1648,3.589,3.9234,11.054
2002-09-20,15.1555,3.8779,3.999,11.333
2002-09-21,15.1454,4.4724,4.7137,13.828
2002-09-22,15.1346,4.4484,4.3964,12.72
2002-09-23,15.1231,3.901,3.9743,11.08
2002-09-24,15.1108,3.4392,3.8568,10.767
2002-09-25,15.0979,3.4901,3.3988,9.35
2002-09-26,15.0842,3.1542,3.3251,9.071
2002-09-27,15.0698,3.241,3.7051,10.262
2002-09-28,15.0547,3.6202,3.3476,9.166
2002-09-29,15.0389,3.8671,4.0508,11.562
2002-09-30,15.0224,4.2222,4.5273,13.356
2002-10-01,15.0053,3.8592,3.956,11.178
2002-10-02,14.9875,4.0099,4.2821,12.225
2002-10-03,14.9691,4.4115,4.183,11.951
2002-10-04,14.9501,4.1641,4.4876,12.973
2002-10-05,14.9304,4.1415,4.3855,12.702
2002-10-06,14.9101,4.0891,3.9601,11.107
2002-10-07,14.8892,3.4004,3.5606,9.786
2002-10-08,14.8678,3.3388,3.4733,9.557
2002-10-09,14.8458,3.8752,3.5575,9.79
2002-10-10,14.8233,3.7937,3.7838,10.49
2002-10-11,14.8003,3.4776,3.1888,8.622
2002-10-12,14.7768,3.7118,3.6521,10.159
2002-10-13,14.7528,3.8305,4.1126,11.825
2002-10-14,14.7284,3.9083,4.107,11.591
2002-10-15,14.7035,3.862,3.6397,10.111
2002-10-16,14.6782,3.6348,3.3706,9.193
2002-10-17,14.6526,3.3224,3.4159,9.405
2002-10-18,14.6265,3.5452,3.772,10.562
2002-10-19,14.6002,3.6064,3.526,9.735
2002-10-20,14.5735,3.4502,3.5431,9.757
2002-10-21,14.5465,3.3897,3.654,10.2
2002-10-22,14.5193,3.3336,2.9629,7.956
2002-10-23,14.4918,3.054,3.0114,8.173
2002-10-24,14.4641,3.1468,3.4,9.35
2002-10-25,14.4363,3.3876,3.5914,10.054
2002-10-26,14.4082,3.205,3.5451,9.773
2002-10-27,14.3801,3.0197,2.9306,7.873
2002-10-28,14.3518,3.1194,3.3995,9.423
2002-10-29,14.3234,2.5843,2.7923,7.481
2002-10-30,14.295,2.4296,2.8891,7.797
2002-10-31,14.2666,3.1119,3.0029,8.144
2002-11-01,14.2382,3.6186,3.9105,11.2
2002-11-02,14.2098,3.2957,3.4991,9.739
2002-11-03,14.1815,3.0836,3.2963,9.067
2002-11-04,14.1533,3.2768,3.866,11.053
2002-11-05,14.1251,3.3347,3.4039,9.476
2002-11-06,14.0972,3.4775,3.6956,10.52
2002-11-07,14.0694,2.899,3.0431,8.288
2002-11-08,14.0418,2.1549,2.5337,6.692
2002-11-09,14.0144,3.0601,2.9556,8.031
2002-11-10,13.9873,3.3489,3.5776,10.093
2002-11-11,13.9605,3.717,3.758,10.738
2002-11-12,13.9339,3.6895,3.9545,11.415
2002-11-13,13.9077,2.9201,3.0612,8.315
2002-11-14,13.8819,2.9023,2.6974,7.214
2002-11-15,13.8565,3.5064,3.6627,10.339
2002-11-16,13.8315,3.4068,3.3695,9.279
2002-11-17,13.8069,3.3622,3.5309,9.866
2002-11-18,13.7828,3.1982,3.2551,9.009
2002-11-19,13.7591,3.3134,3.6633,10.372
2002-11-20,13.736,3.5534,3.7992,10.786
2002-11-21,13.7134,3.4431,3.5666,9.993
2002-11-22,13.6914,3.6138,3.7574,10.67
2002-11-23,13.67,3.6713,3.4644,9.728
2002-11-24,13.6492,2.918,2.9994,8.093
2002-11-25,13.629,3.6534,3.8217,10.91
2002-11-26,13.6094,3.5397,3.5876,9.98
2002-11-27,13.5906,3.6189,3.7955,10.701
2002-11-28,13.5724,3.3657,3.4427,9.543
2002-11-29,13.5549,3.6403,3.6928,10.385
2002-11-30,13.5381,3.52,3.991,11.397
2002-12-01,13.5221,3.5015,3.5172,9.808
2002-12-02,13.5068,3.6436,3.5451,9.882
2002-12-03,13.4924,3.691,3.4563,9.606
2002-12-04,13.4787,3.6225,3.7511,10.675
2002-12-05,13.4658,3.5002,3.547,9.99
2002-12-06,13.4537,3.221,3.396,9.391
2002-12-07,13.4425,2.9065,3.1911,8.741
2002-12-08,13.4321,3.1187,3.3633,9.334
2002-12-09,13.4226,2.9196,3.1786,8.723
2002-12-10,13.4139,3.3511,3.4978,9.84
2002-12-11,13.4061,3.0643,3.3422,9.199
2002-12-12,13.3992,3.2097,3.3191,9.145
2002-12-13,13.3932,3.3775,3.3945,9.371
2002-12-14,13.3881,2.7812,2.72,7.25
2002-12-15,13.3839,2.4627,2.2674,5.92
2002-12-16,13.3807,3.1294,3.2221,8.911
2002-12-17,13.3783,2.2922,2.6249,7.016
2002-12-18,13.3768,2.5504,2.84,7.685
2002-12-19,13.3763,3.216,3.352,9.32
2002-12-20,13.3767,3.0209,3.1884,8.79
2002-12-21,13.378,3.2039,3.4863,9.765
2002-12-22,13.3803,3.6384,3.7487,10.788
2002-12-23,13.3835,3.5323,3.5414,9.975
2002-12-24,13.3876,3.6491,3.436,9.611
2002-12-25,13.3926,3.4617,3.558,10.005
2002-12-26,13.3985,3.3852,3.5819,10.053
2002-12-27,13.4054,3.6561,3.6424,10.372
2002-12-28,13.4131,3.3609,3.3355,9.264
2002-12-29,13.4218,3.1173,3.2359,8.947
2002-12-30,13.4313,3.0748,3.1762,8.67
2002-12-31,13.4417,3.6305,3.6042,10.087
2003-01-01,13.453,3.493,3.482,9.686
2003-01-02,13.4652,3.8323,3.7968,10.884
2003-01-03,13.4782,3.4825,3.6099,10.163
2003-01-04,13.4921,3.6852,3.7363,10.711
2003-01-05,13.5068,3.7655,3.8289,10.919
2003-01-06,13.5223,3.7438,3.7416,10.659
2003-01-07,13.5386,3.9257,3.8719,11.116
2003-01-08,13.5557,3.7501,3.8769,11.076
2003-01-09,13.5736,3.5588,3.7323,10.472
2003-01-10,13.5922,4.0702,4.0104,11.548
2003-01-11,13.6116,3.9829,3.8286,10.968
2003-01-12,13.6317,3.7173,3.7804,10.715
2003-01-13,13.6524,3.5311,3.7183,10.498
2003-01-14,13.6739,3.4283,3.5235,9.772
2003-01-15,13.696,3.2591,3.481,9.651
2003-01-16,13.7188,3.3127,3.5159,9.763
2003-01-17,13.7422,3.1696,3.4611,9.533
2003-01-18,13.7662,2.7923,2.9471,7.918
2003-01-19,13.7907,3.0923,2.978,8.034
2003-01-20,13.8159,3.0004,3.2051,8.802
2003-01-21,13.8415,3.1543,3.5955,10.065
2003-01-22,13.8676,3.4087,3.6739,10.502
2003-01-23,13.8943,3.3416,3.4168,9.715
2003-01-24,13.9213,3.5423,3.8588,11.165
2003-01-25,13.9488,3.6273,3.674,10.327
2003-01-26,13.9767,3.1773,3.4246,9.415
2003-01-27,14.005,3.1701,3.5847,10.008
2003-01-28,14.0336,3.6023,3.7452,10.612
2003-01-29,14.0626,4.0249,3.9399,11.202
2003-01-30,14.0918,3.676,3.722,10.362
2003-01-31,14.1213,3.2949,3.5991,10.019
2003-02-01,14.1511,3.4732,3.8283,10.87
2003-02-02,14.181,3.221,3.6611,10.213
2003-02-03,14.2111,4.0151,4.033,11.402
2003-02-04,14.2414,4.4507,4.046,11.484
2003-02-05,14.2718,3.9888,3.921,10.913
2003-02-06,14.3023,4.2265,4.017,11.422
2003-02-07,14.3328,3.8622,3.9577,11.15
2003-02-08,14.3634,3.6907,3.6601,10.23
2003-02-09,14.394,3.8224,3.8715,10.966
2003-02-10,14.4246,3.6345,3.8752,10.966
2003-02-11,14.4551,3.185,3.3577,9.118
2003-02-12,14.4856,3.1912,3.2558,8.859
2003-02-13,14.5159,3.6987,3.444,9.438
2003-02-14,14.5461,3.495,3.4965,9.595
2003-02-15,14.5761,3.6323,3.5868,9.913
2003-02-16,14.606,3.0006,3.4209,9.395
2003-02-17,14.6356,3.0434,3.545,9.75
2003-02-18,14.6649,3.5189,3.3657,9.204
2003-02-19,14.694,3.5751,3.5839,9.922
2003-02-20,14.7228,3.5521,3.6766,10.174
2003-02-21,14.7513,3.3967,3.7585,10.472
2003-02-22,14.7794,3.1286,3.692,10.18
2003-02-23,14.8071,3.5095,3.506,9.619
2003-02-24,14.8344,3.1853,3.1479,8.495
2003-02-25,14.8613,3.4168,3.6779,10.073
2003-02-26,14.8877,3.5431,3.257,8.846
2003-02-27,14.9137,3.4732,3.6514,10.184
2003-02-28,14.9391,4.0563,3.8311,10.774
2003-03-01,14.9641,4.0664,,
2003-03-02,14.9885,3.909,3.7249,10.242
2003-03-03,15.0123,3.5797,3.7705,10.438
2003-03-04,15.0355,4.4204,3.9142,10.951
2003-03-05,15.0582,4.5801,4.4563,12.814
2003-03-06,15.0802,4.6374,4.4984,13.025
2003-03-07,15.1016,4.3324,4.2537,12.007
2003-03-08,15.1223,4.2789,4.2398,12.002
2003-03-09,15.1424,4.1422,4.0002,11.111
2003-03-10,15.1618,3.6749,3.5533,9.665
2003-03-11,15.1804,3.7182,3.7866,10.331
2003-03-12,15.1984,4.2843,4.1444,11.614
2003-03-13,15.2156,3.891,3.9209,10.886
2003-03-14,15.2321,3.6421,3.7149,10.313
2003-03-15,15.2479,3.2585,3.6372,9.898
2003-03-16,15.2629,3.1713,3.4462,9.447
2003-03-17,15.2771,3.2768,3.4678,9.521
2003-03-18,15.2906,3.6136,3.82,10.708
2003-03-19,15.3032,3.1722,3.0444,8.179
2003-03-20,15.3151,3.5633,3.7792,10.535
2003-03-21,15.3262,3.6076,3.7895,10.55
2003-03-22,15.3365,3.3931,3.6453,10.05
2003-03-23,15.346,3.2728,3.8057,10.53
2003-03-24,15.3547,3.774,4.0758,11.523
2003-03-25,15.3626,3.5473,3.8843,10.891
2003-03-26,15.3697,3.1662,2.8223,7.453
2003-03-27,15.376,3.605,3.4966,9.58
2003-03-28,15.3815,3.4916,3.547,9.701
2003-03-29,15.3862,3.7926,3.6397,10.0
2003-03-30,15.3901,3.7758,3.6522,10.073
2003-03-31,15.3932,3.566,4.1008,11.527
2003-04-01,15.3955,3.4334,3.6943,10.195
2003-04-02,15.3971,4.4895,4.3258,12.301
2003-04-03,15.3978,4.0987,3.7666,10.308
2003-04-04,15.3979,3.9947,3.6703,10.025
2003-04-05,15.3971,4.0612,4.2855,12.055
2003-04-06,15.3957,4.0603,4.1781,11.675
2003-04-07,15.3935,4.0211,4.4424,12.603
2003-04-08,15.3905,3.4867,3.4811,9.439
2003-04-09,15.3869,3.0383,3.2869,8.824
2003-04-10,15.3826,3.095,3.6521,10.012
2003-04-11,15.3776,3.7013,4.0032,11.254
2003-04-12,15.372,3.0417,2.8991,7.647
2003-04-13,15.3656,3.2724,3.2865,8.894
2003-04-14,15.3587,3.4859,3.6468,9.982
2003-04-15,15.3511,3.4849,3.5471,9.753
2003-04-16,15.343,3.4607,3.7235,10.218
2003-04-17,15.3342,3.0568,2.8325,7.522
2003-04-18,15.3249,3.7702,4.2003,11.957
2003-04-19,15.3151,3.4184,3.4473,9.361
2003-04-20,15.3047,3.5412,3.9675,11.027
2003-04-21,15.2939,2.979,2.8998,7.657
2003-04-22,15.2825,3.2744,3.6922,10.197
2003-04-23,15.2707,3.6005,3.8125,10.662
2003-04-24,15.2585,3.696,4.0474,11.388
2003-04-25,15.2458,3.0848,3.3504,9.102
2003-04-26,15.2328,3.4828,3.813,10.563
2003-04-27,15.2193,2.9027,2.8593,7.581
2003-04-28,15.2055,3.855,4.3367,12.381
2003-04-29,15.1914,3.9611,3.9175,10.946
2003-04-30,15.177,3.8637,4.1175,11.637
2003-05-01,15.1623,4.2099,,
2003-05-02,15.1474,4.0646,3.8282,10.568
2003-05-03,15.1322,3.3074,3.5143,9.596
2003-05-04,15.1168,3.6545,4.0222,11.252
2003-05-05,15.1013,2.8898,3.3593,9.11
2003-05-06,15.0855,3.7815,3.9526,11.017
2003-05-07,15.0697,3.6021,3.9279,11.029
2003-05-08,15.0537,3.5425,3.4853,9.516
2003-05-09,15.0377,3.3914,3.2738,8.874
2003-05-10,15.0215,3.6464,3.7047,10.299
2003-05-11,15.0054,3.5206,3.5626,9.817
2003-05-12,14.9892,3.1612,3.0601,8.186
2003-05-13,14.973,3.4755,3.5555,9.825
2003-05-14,14.9569,3.6167,3.726,10.379
2003-05-15,14.9408,3.6165,3.7829,10.557
2003-05-16,14.9248,3.5088,,
2003-05-17,14.9089,3.6182,3.7378,10.376
2003-05-18,14.8932,3.1475,2.4479,6.447
2003-05-19,14.8775,3.2769,3.3266,9.024
2003-05-20,14.8621,3.6512,3.5416,9.743
2003-05-21,14.8468,4.1059,4.125,11.706
2003-05-22,14.8317,3.6249,3.8639,10.769
2003-05-23,14.8169,3.8109,3.7549,10.436
2003-05-24,14.8023,3.7863,3.9074,10.885
2003-05-25,14.788,2.7623,2.6111,6.85
2003-05-26,14.774,2.9336,3.2852,8.876
2003-05-27,14.7602,4.0666,4.0215,11.398
2003-05-28,14.7468,3.6112,3.5228,9.645
2003-05-29,14.7338,3.5074,3.7261,10.377
2003-05-30,14.7211,3.6889,3.7271,10.433
2003-05-31,14.7088,3.4802,3.3169,9.082
2003-06-01,14.6968,3.3201,3.3595,9.163
2003-06-02,14.6853,3.43,3.4416,9.555
2003-06-03,14.6742,2.9645,3.2464,8.859
2003-06-04,14.6636,3.4326,3.6777,10.215
2003-06-05,14.6533,3.0677,2.9784,7.987
2003-06-06,14.6436,2.8373,3.0311,8.223
2003-06-07,14.6343,3.2956,3.4032,9.464
2003-06-08,14.6255,3.8336,3.6581,10.19
2003-06-09,14.6172,3.5982,3.617,10.035
2003-06-10,14.6094,3.7589,3.6195,10.179
2003-06-11,14.6021,2.9891,3.2049,8.676
2003-06-12,14.5954,2.8297,3.5106,9.733
2003-06-13,14.5891,2.8053,3.3124,9.092
2003-06-14,14.5834,3.478,3.3969,9.416
2003-06-15,14.5783,3.5857,3.3506,9.269
2003-06-16,14.5737,3.4627,3.7368,10.512
2003-06-17,14.5696,2.8238,2.8062,7.504
2003-06-18,14.5661,2.972,3.042,8.227
2003-06-19,14.5632,3.1776,3.1748,8.695
2003-06-20,14.5608,3.4248,3.7067,10.383
2003-06-21,14.559,3.3146,,
2003-06-22,14.5577,3.0149,,
2003-06-23,14.557,3.5478,,
2003-06-24,14.5569,3.7079,,
2003-06-25,14.5573,3.8954,3.6281,10.258
2003-06-26,14.5583,3.7734,3.6926,10.427
2003-06-27,14.5599,3.6756,3.3503,9.216
2003-06-28,14.562,3.4176,3.2681,8.951
2003-06-29,14.5646,3.0903,2.7515,7.326
2003-06-30,14.5678,3.6805,3.7728,10.662
2003-07-01,14.5715,2.5808,2.8029,7.567
2003-07-02,14.5758,3.774,3.8188,10.822
2003-07-03,14.5805,3.8015,3.8786,10.933
2003-07-04,14.5858,3.5042,3.3985,9.429
2003-07-05,14.5916,3.6213,3.6232,10.121
2003-07-06,14.5979,3.7093,4.1023,11.868
2003-07-07,14.6047,3.3922,3.3476,9.186
2003-07-08,14.6119,3.0837,3.3634,9.256
2003-07-09,14.6196,3.5102,3.47,9.555
2003-07-10,14.6277,3.5273,3.8298,10.761
2003-07-11,14.6363,3.5897,3.1109,8.491
2003-07-12,14.6453,3.497,3.4943,9.672
2003-07-13,14.6547,4.0947,3.4611,9.597
2003-07-14,14.6645,3.6085,3.5811,10.02
2003-07-15,14.6747,3.7021,3.79,10.683
2003-07-16,14.6852,3.344,3.2361,8.854
2003-07-17,14.6961,2.9117,2.8884,7.778
2003-07-18,14.7073,3.8766,3.8676,11.005
2003-07-19,14.7188,4.1017,3.7917,10.699
2003-07-20,14.7306,3.5783,3.5686,9.906
2003-07-21,14.7426,3.656,3.6252,10.086
2003-07-22,14.755,3.4174,3.434,9.469
2003-07-23,14.7675,3.8913,3.792,10.613
2003-07-24,14.7803,3.4187,3.4366,9.439
2003-07-25,14.7932,3.437,2.743,7.258
2003-07-26,14.8063,3.209,3.1133,8.411
2003-07-27,14.8196,3.655,3.6049,9.991
2003-07-28,14.833,3.8245,3.7422,10.46
2003-07-29,14.8465,3.6884,3.7091,10.369
2003-07-30,14.8601,3.6945,3.3048,9.044
2003-07-31,14.8738,3.6779,,
2003-08-01,14.8875,3.2535,3.6726,10.161
2003-08-02,14.9012,3.111,3.3295,9.062
2003-08-03,14.9149,2.9654,2.7867,7.427
2003-08-04,14.9286,3.7834,3.718,10.41
2003-08-05,14.9422,3.9373,3.86,10.877
2003-08-06,14.9558,4.1801,4.1678,11.945
2003-08-07,14.9693,4.0486,3.9643,11.184
2003-08-08,14.9826,3.6808,3.3905,9.259
2003-08-09,14.9958,3.6292,3.6919,10.298
2003-08-10,15.0088,4.0538,4.2453,12.217
2003-08-11,15.0217,4.1055,3.9722,11.264
2003-08-12,15.0343,3.8163,3.7975,10.707
2003-08-13,15.0467,3.7532,3.5064,9.713
2003-08-14,15.0588,3.3869,3.5656,9.8
2003-08-15,15.0707,3.9252,4.0831,11.679
2003-08-16,15.0823,3.9244,3.768,10.683
2003-08-17,15.0935,3.5534,3.3871,9.292
2003-08-18,15.1044,3.8148,3.9319,11.127
2003-08-19,15.1149,3.8094,4.1685,11.805
2003-08-20,15.125,3.4908,3.3799,9.289
2003-08-21,15.1347,3.6201,3.8791,10.886
2003-08-22,15.144,3.7,3.808,10.645
2003-08-23,15.1529,3.881,3.9615,11.235
2003-08-24,15.1612,3.8909,4.0874,11.591
2003-08-25,15.1691,4.1942,3.8254,10.7
2003-08-26,15.1765,4.0912,3.5758,9.826
2003-08-27,15.1833,4.0966,3.8107,10.743
2003-08-28,15.1897,3.4542,3.6092,9.935
2003-08-29,15.1954,3.7966,3.8077,10.695
2003-08-30,15.2006,3.7349,3.7412,10.452
2003-08-31,15.2052,3.8114,3.8932,11.024
2003-09-01,15.2091,4.1368,4.1098,11.827
2003-09-02,15.2125,3.9773,3.9767,11.352
2003-09-03,15.2152,4.0945,3.9947,11.348
2003-09-04,15.2173,3.8415,3.7487,10.534
2003-09-05,15.2187,3.649,3.205,8.735
2003-09-06,15.2195,3.6466,3.5355,9.797
2003-09-07,15.2196,3.6175,3.5108,9.689
2003-09-08,15.219,3.702,3.9783,11.271
2003-09-09,15.2177,3.6773,3.4662,9.486
2003-09-10,15.2156,3.5951,,
2003-09-11,15.2129,3.4001,3.6885,10.223
2003-09-12,15.2095,3.6537,3.927,11.103
2003-09-13,15.2053,3.6985,,
2003-09-14,15.2004,3.8022,3.909,11.027
2003-09-15,15.1947,3.9944,3.981,11.249
2003-09-16,15.1884,3.8544,3.8165,10.734
2003-09-17,15.1813,3.826,3.8183,10.669
2003-09-18,15.1734,3.2584,3.3642,9.251
2003-09-19,15.1648,3.3122,3.4,9.344
2003-09-20,15.1555,3.4911,3.703,10.315
2003-09-21,15.1454,3.3707,3.6358,10.131
2003-09-22,15.1346,3.5082,3.4563,9.558
2003-09-23,15.1231,3.146,3.1871,8.611
2003-09-24,15.1108,3.9415,3.9599,11.305
2003-09-25,15.0979,3.4538,3.6811,10.21
2003-09-26,15.0842,3.8716,3.9821,11.241
2003-09-27,15.0698,3.4373,3.6879,10.283
2003-09-28,15.0547,3.6706,3.573,9.937
2003-09-29,15.0389,2.8795,3.0309,8.115
2003-09-30,15.0224,3.2497,3.2061,8.694
2003-10-01,15.0053,3.4202,3.9159,11.048
2003-10-02,14.9875,3.6319,3.9512,11.204
2003-10-03,14.9691,3.5685,3.9002,11.064
2003-10-04,14.9501,3.6378,,
2003-10-05,14.9304,3.3871,,
2003-10-06,14.9101,3.2081,3.5203,9.66
2003-10-07,14.8892,3.4601,3.3852,9.243
2003-10-08,14.8678,2.8773,2.9366,7.827
2003-10-09,14.8458,2.8322,3.1452,8.493
2003-10-10,14.8233,2.9644,3.4834,9.677
2003-10-11,14.8003,3.4371,3.8988,10.966
2003-10-12,14.7768,3.5091,3.649,10.076
2003-10-13,14.7528,3.6285,3.0287,8.166
2003-10-14,14.7284,3.5995,3.2522,8.918
2003-10-15,14.7035,2.9932,3.0712,8.319
2003-10-16,14.6782,3.0661,2.6241,6.913
2003-10-17,14.6526,3.5215,3.8369,10.814
2003-10-18,14.6265,3.5827,3.7924,10.662
2003-10-19,14.6002,3.0007,3.054,8.18
2003-10-20,14.5735,3.5354,3.4287,9.54
2003-10-21,14.5465,3.3509,3.591,10.002
2003-10-22,14.5193,3.5355,3.4177,9.432
2003-10-23,14.4918,3.9386,4.0609,11.596
2003-10-24,14.4641,3.8106,3.8478,10.818
2003-10-25,14.4363,3.3629,3.6243,10.05
2003-10-26,14.4082,3.415,3.4667,9.624
2003-10-27,14.3801,3.1844,3.2285,8.765
2003-10-28,14.3518,2.9741,3.1438,8.548
2003-10-29,14.3234,3.0979,3.0185,8.21
2003-10-30,14.295,3.4019,3.5204,9.845
2003-10-31,14.2666,3.0687,2.9186,7.856
2003-11-01,14.2382,3.1148,3.0899,8.373
2003-11-02,14.2098,3.276,3.3826,9.291
2003-11-03,14.1815,2.5801,2.3506,6.161
2003-11-04,14.1533,3.2752,3.3201,9.213
2003-11-05,14.1251,3.4271,3.7649,10.729
2003-11-06,14.0972,3.5894,3.9454,11.33
2003-11-07,14.0694,3.421,3.2628,9.005
2003-11-08,14.0418,3.2432,3.2219,8.858
2003-11-09,14.0144,3.1945,3.32,9.152
2003-11-10,13.9873,3.066,3.421,9.445
2003-11-11,13.9605,2.7557,2.5765,6.81
2003-11-12,13.9339,2.4856,2.4479,6.43
2003-11-13,13.9077,3.1118,3.5618,9.923
2003-11-14,13.8819,3.5582,3.5133,9.807
2003-11-15,13.8565,3.4314,3.5386,9.924
2003-11-16,13.8315,3.2445,3.5284,9.8
2003-11-17,13.8069,3.527,3.2742,9.03
2003-11-18,13.7828,3.3192,3.4707,9.724
2003-11-19,13.7591,3.5498,3.8109,10.913
2003-11-20,13.736,3.4617,3.4315,9.572
2003-11-21,13.7134,3.2145,3.2555,8.969
2003-11-22,13.6914,3.2056,3.0454,8.303
2003-11-23,13.67,3.2712,3.353,9.315
2003-11-24,13.6492,3.2233,3.4005,9.598
2003-11-25,13.629,3.0053,3.1254,8.6
2003-11-26,13.6094,3.4277,3.6516,10.325
2003-11-27,13.5906,3.3795,3.7645,10.546
2003-11-28,13.5724,3.5293,3.7133,10.496
2003-11-29,13.5549,3.1718,3.3428,9.335
2003-11-30,13.5381,2.4882,2.7593,7.4
2003-12-01,13.5221,2.8209,3.073,8.415
2003-12-02,13.5068,2.0492,2.4952,6.562
2003-12-03,13.4924,2.8691,2.8593,7.746
2003-12-04,13.4787,3.143,3.4076,9.493
2003-12-05,13.4658,3.0801,3.2927,9.144
2003-12-06,13.4537,2.9624,2.8799,7.887
2003-12-07,13.4425,3.0637,3.2141,8.822
2003-12-08,13.4321,3.1274,3.3641,9.344
2003-12-09,13.4226,3.4247,3.5491,9.975
2003-12-10,13.4139,3.5292,3.615,10.192
2003-12-11,13.4061,3.3024,3.187,8.82
2003-12-12,13.3992,3.1521,3.1959,8.883
2003-12-13,13.3932,3.2216,3.468,9.818
2003-12-14,13.3881,3.2078,3.3583,9.459
2003-12-15,13.3839,3.4874,3.4832,9.83
2003-12-16,13.3807,3.7499,3.7405,10.824
2003-12-17,13.3783,3.5832,3.6571,10.424
2003-12-18,13.3768,3.3987,3.5101,9.897
2003-12-19,13.3763,3.0153,3.0672,8.312
2003-12-20,13.3767,3.154,3.1006,8.465
2003-12-21,13.378,3.3373,3.0396,8.325
2003-12-22,13.3803,3.2669,3.2656,9.063
2003-12-23,13.3835,3.5549,3.4847,9.776
2003-12-24,13.3876,3.4588,3.2786,9.055
2003-12-25,13.3926,3.1621,2.8431,7.693
2003-12-26,13.3985,2.8663,2.9365,7.984
2003-12-27,13.4054,3.0543,3.0549,8.5
2003-12-28,13.4131,2.8984,2.867,7.8
2003-12-29,13.4218,2.61,2.815,7.578
2003-12-30,13.4313,3.0515,3.2061,8.951
2003-12-31,13.4417,2.8869,3.3205,9.353
2004-01-01,13.453,3.6769,3.6794,10.565
2004-01-02,13.4652,3.6495,3.8449,10.938
2004-01-03,13.4782,3.6212,3.6407,10.296
2004-01-04,13.4921,3.6325,3.5822,10.06
2004-01-05,13.5068,3.0327,3.1693,8.707
2004-01-06,13.5223,3.1362,3.159,8.65
2004-01-07,13.5386,2.7963,2.977,8.03
2004-01-08,13.5557,2.4521,2.6057,6.882
2004-01-09,13.5736,2.8645,2.7945,7.499
2004-01-10,13.5922,2.9459,2.912,7.891
2004-01-11,13.6116,2.6321,3.0956,8.402
2004-01-12,13.6317,2.925,3.135,8.549
2004-01-13,13.6524,2.7876,3.1003,8.428
2004-01-14,13.6739,2.8484,3.1964,8.743
2004-01-15,13.696,2.9837,3.1671,8.683
2004-01-16,13.7188,3.2031,3.4265,9.597
2004-01-17,13.7422,2.9801,3.3343,9.249
2004-01-18,13.7662,3.1826,3.16,8.755
2004-01-19,13.7907,3.1181,3.3725,9.415
2004-01-20,13.8159,3.0225,3.2777,9.023
2004-01-21,13.8415,1.9588,1.9074,4.872
2004-01-22,13.8676,2.4814,2.327,6.153
2004-01-23,13.8943,2.308,2.4233,6.416
2004-01-24,13.9213,3.2321,3.2728,9.096
2004-01-25,13.9488,3.2551,3.4391,9.663
2004-01-26,13.9767,3.1923,3.4195,9.549
2004-01-27,14.005,3.315,3.2915,9.114
2004-01-28,14.0336,3.4728,3.5325,10.007
2004-01-29,14.0626,3.5182,3.8008,10.926
2004-01-30,14.0918,3.4583,3.5051,9.804
2004-01-31,14.1213,3.4064,3.5603,10.012
2004-02-01,14.1511,3.6827,3.7032,10.447
2004-02-02,14.181,3.6567,3.7185,10.529
2004-02-03,14.2111,3.42,3.281,8.953
2004-02-04,14.2414,3.7201,3.6923,10.352
2004-02-05,14.2718,4.2103,4.0346,11.604
2004-02-06,14.3023,4.23,4.1078,11.956
2004-02-07,14.3328,3.4319,3.6856,10.393
2004-02-08,14.3634,3.6189,3.5057,9.782
2004-02-09,14.394,3.9091,3.9001,11.138
2004-02-10,14.4246,4.226,4.0635,11.707
2004-02-11,14.4551,3.7439,3.8256,10.768
2004-02-12,14.4856,3.8073,3.9045,11.108
2004-02-13,14.5159,3.7533,3.5137,9.762
2004-02-14,14.5461,3.8603,3.9446,11.261
2004-02-15,14.5761,3.8686,3.9228,11.097
2004-02-16,14.606,3.94,4.1749,11.962
2004-02-17,14.6356,4.0006,3.9317,11.166
2004-02-18,14.6649,3.8352,3.9311,11.099
2004-02-19,14.694,3.4133,3.4295,9.39
2004-02-20,14.7228,3.2531,3.4816,9.632
2004-02-21,14.7513,3.1303,3.5646,9.876
2004-02-22,14.7794,3.0869,2.963,7.927
2004-02-23,14.8071,3.2131,2.9869,8.015
2004-02-24,14.8344,3.6277,3.573,9.986
2004-02-25,14.8613,3.805,3.7056,10.423
2004-02-26,14.8877,3.6955,3.8824,10.917
2004-02-27,14.9137,3.5942,3.8183,10.615
2004-02-28,14.9391,3.9516,3.6433,10.073
2004-02-29,14.9641,3.61,3.6626,10.064
2004-03-01,14.9885,3.837,3.9883,11.153
2004-03-02,15.0123,3.765,4.0308,11.344
2004-03-03,15.0355,4.0257,4.1036,11.581
2004-03-04,15.0582,3.9978,4.1561,11.679
2004-03-05,15.0802,3.6457,3.5345,9.648
2004-03-06,15.1016,3.397,3.53,9.764
2004-03-07,15.1223,3.2849,3.1249,8.359
2004-03-08,15.1424,3.6398,3.6837,10.177
2004-03-09,15.1618,4.078,3.9709,11.103
2004-03-10,15.1804,3.5926,3.5715,9.767
2004-03-11,15.1984,3.8057,3.7901,10.536
2004-03-12,15.2156,4.4942,4.5212,12.997
2004-03-13,15.2321,4.4845,4.436,12.749
2004-03-14,15.2479,4.659,4.5158,12.972
2004-03-15,15.2629,3.8795,3.7575,10.22
2004-03-16,15.2771,4.112,4.1297,11.567
2004-03-17,15.2906,4.035,3.734,10.298
2004-03-18,15.3032,4.2537,4.1633,11.735
2004-03-19,15.3151,4.165,3.9978,11.133
2004-03-20,15.3262,3.9994,3.795,10.438
2004-03-21,15.3365,3.6477,3.549,9.594
2004-03-22,15.346,3.5409,3.7251,10.189
2004-03-23,15.3547,3.7619,3.8074,10.444
2004-03-24,15.3626,3.9079,3.9202,10.815
2004-03-25,15.3697,3.5591,3.666,10.03
2004-03-26,15.376,3.5667,3.8549,10.678
2004-03-27,15.3815,3.37,3.8232,10.508
2004-03-28,15.3862,3.4257,3.7386,10.375
2004-03-29,15.3901,3.4895,3.5394,9.78
2004-03-30,15.3932,3.6531,3.9279,10.998
2004-03-31,15.3955,3.8894,4.0573,11.446
2004-04-01,15.3971,3.6743,3.6913,10.186
2004-04-02,15.3978,3.3922,2.7716,7.263
2004-04-03,15.3979,2.8578,2.5957,6.843
2004-04-04,15.3971,3.6803,3.8075,10.546
2004-04-05,15.3957,4.3728,4.2546,12.142
2004-04-06,15.3935,4.3015,4.1588,11.783
2004-04-07,15.3905,4.3565,4.1023,11.454
2004-04-08,15.3869,4.1551,4.1252,11.539
2004-04-09,15.3826,3.8203,3.8015,10.51
2004-04-10,15.3776,3.6539,3.5087,9.518
2004-04-11,15.372,4.1717,3.7828,10.492
2004-04-12,15.3656,3.3622,3.5009,9.573
2004-04-13,15.3587,3.2029,3.3154,8.935
2004-04-14,15.3511,2.8953,2.7122,7.135
2004-04-15,15.343,2.9078,2.9016,7.703
2004-04-16,15.3342,2.8087,3.0277,8.123
2004-04-17,15.3249,3.4398,3.4292,9.341
2004-04-18,15.3151,3.6068,3.4925,9.573
2004-04-19,15.3047,3.5676,3.4826,9.514
2004-04-20,15.2939,3.3992,3.3317,9.043
2004-04-21,15.2825,3.7041,3.3528,9.158
2004-04-22,15.2707,2.8565,2.8658,7.561
2004-04-23,15.2585,2.2408,2.5286,6.62
2004-04-24,15.2458,3.2055,3.5851,9.994
2004-04-25,15.2328,2.5629,2.6462,6.98
2004-04-26,15.2193,3.7349,3.9399,11.249
2004-04-27,15.2055,3.7134,4.0304,11.377
2004-04-28,15.1914,3.4646,3.7255,10.293
2004-04-29,15.177,4.1217,4.0028,11.25
2004-04-30,15.1623,3.9283,3.785,10.482
2004-05-01,15.1474,3.4579,3.2979,8.947
2004-05-02,15.1322,3.3952,3.3026,8.939
2004-05-03,15.1168,2.9624,2.7642,7.316
2004-05-04,15.1013,3.4203,3.3307,9.137
2004-05-05,15.0855,3.2657,3.4046,9.231
2004-05-06,15.0697,3.7088,3.4666,9.462
2004-05-07,15.0537,3.9485,3.6535,10.061
2004-05-08,15.0377,3.8197,3.6772,10.077
2004-05-09,15.0215,3.7642,3.0668,8.201
2004-05-10,15.0054,3.532,3.4288,9.337
2004-05-11,14.9892,3.8488,3.4783,9.528
2004-05-12,14.973,3.1702,3.0387,8.091
2004-05-13,14.9569,3.5576,3.3517,9.035
2004-05-14,14.9408,3.7818,3.4531,9.396
2004-05-15,14.9248,3.5383,3.1904,8.605
2004-05-16,14.9089,3.5845,3.3212,9.104
2004-05-17,14.8932,2.6205,3.053,8.197
2004-05-18,14.8775,3.2473,3.6059,9.946
2004-05-19,14.8621,2.7408,3.0802,8.291
2004-05-20,14.8468,3.0185,3.4727,9.57
2004-05-21,14.8317,3.3498,3.4366,9.514
2004-05-22,14.8169,2.7823,,
2004-05-23,14.8023,3.4841,,
2004-05-24,14.788,3.0215,2.9672,7.983
2004-05-25,14.774,3.7004,3.3896,9.358
2004-05-26,14.7602,3.3709,3.1787,8.669
2004-05-27,14.7468,3.3354,2.6775,7.056
2004-05-28,14.7338,3.5134,3.2026,8.773
2004-05-29,14.7211,2.9884,2.8358,7.626
2004-05-30,14.7088,3.0546,3.2101,8.715
2004-05-31,14.6968,3.8779,3.6025,10.067
2004-06-01,14.6853,3.5333,3.1776,8.705
2004-06-02,14.6742,3.7045,3.42,9.555
2004-06-03,14.6636,3.8057,3.549,9.903
2004-06-04,14.6533,3.3346,3.2413,8.86
2004-06-05,14.6436,3.1053,2.9809,8.096
2004-06-06,14.6343,2.6782,2.4282,6.383
2004-06-07,14.6255,3.9191,3.7375,10.581
2004-06-08,14.6172,3.8424,3.4641,9.658
2004-06-09,14.6094,3.6134,3.1405,8.566
2004-06-10,14.6021,4.1475,3.6649,10.258
2004-06-11,14.5954,4.0084,3.6475,10.24
2004-06-12,14.5891,3.8812,3.5741,10.009
2004-06-13,14.5834,3.7903,3.2451,8.915
2004-06-14,14.5783,3.4164,3.3633,9.237
2004-06-15,14.5737,3.6023,3.3277,9.173
2004-06-16,14.5696,3.5194,3.3296,9.201
2004-06-17,14.5661,3.4784,3.167,8.602
2004-06-18,14.5632,3.713,3.5536,9.901
2004-06-19,14.5608,3.7082,3.4261,9.538
2004-06-20,14.559,3.6141,2.9164,7.831
2004-06-21,14.5577,3.6557,3.5867,9.933
2004-06-22,14.557,4.0749,3.8545,10.972
2004-06-23,14.5569,4.182,3.7713,10.685
2004-06-24,14.5573,3.7786,3.4727,9.617
2004-06-25,14.5583,4.1392,3.8312,10.967
2004-06-26,14.5599,4.0383,3.806,10.721
2004-06-27,14.562,3.5988,3.5207,9.781
2004-06-28,14.5646,3.6055,3.1299,8.489
2004-06-29,14.5678,3.4666,3.0672,8.313
2004-06-30,14.5715,3.4859,3.2647,8.971
2004-07-01,14.5758,3.3417,2.84,7.631
2004-07-02,14.5805,3.665,3.4216,9.424
2004-07-03,14.5858,3.6832,3.488,9.657
2004-07-04,14.5916,3.096,2.6252,6.914
2004-07-05,14.5979,3.5613,3.163,8.679
2004-07-06,14.6047,3.4551,2.848,7.638
2004-07-07,14.6119,3.1714,3.2508,8.95
2004-07-08,14.6196,3.2906,3.0916,8.439
2004-07-09,14.6277,3.2965,3.4468,9.493
2004-07-10,14.6363,3.4865,3.4139,9.359
2004-07-11,14.6453,3.7144,3.3857,9.341
2004-07-12,14.6547,3.7483,3.3589,9.228
2004-07-13,14.6645,3.4451,3.0435,8.173
2004-07-14,14.6747,3.5953,3.14,8.506
2004-07-15,14.6852,3.4159,3.2595,8.958
2004-07-16,14.6961,3.3932,3.0282,8.243
2004-07-17,14.7073,3.7441,3.3681,9.35
2004-07-18,14.7188,3.892,3.4301,9.618
2004-07-19,14.7306,3.5436,3.1463,8.631
2004-07-20,14.7426,3.5565,3.4495,9.571
2004-07-21,14.755,3.5179,3.5507,9.811
2004-07-22,14.7675,3.4724,2.9478,7.951
2004-07-23,14.7803,3.3866,3.1963,8.808
2004-07-24,14.7932,3.6972,3.3481,9.237
2004-07-25,14.8063,3.6145,3.0808,8.399
2004-07-26,14.8196,3.5946,3.2868,9.0
2004-07-27,14.833,3.9433,3.5715,9.946
2004-07-28,14.8465,3.3711,2.9045,7.918
2004-07-29,14.8601,3.7261,3.3221,9.249
2004-07-30,14.8738,4.0062,3.6897,10.429
2004-07-31,14.8875,3.909,4.1078,11.754
2004-08-01,14.9012,4.0634,4.1142,11.861
2004-08-02,14.9149,3.914,3.7329,10.606
2004-08-03,14.9286,3.8489,3.3131,9.151
2004-08-04,14.9422,3.2644,3.0294,8.104
2004-08-05,14.9558,4.1909,3.7071,10.48
2004-08-06,14.9693,3.6835,3.1606,8.62
2004-08-07,14.9826,4.0241,3.6191,10.157
2004-08-08,14.9958,4.2151,3.7784,10.67
2004-08-09,15.0088,4.3909,3.922,11.236
2004-08-10,15.0217,4.0098,3.436,9.596
2004-08-11,15.0343,4.1935,3.4973,9.719
2004-08-12,15.0467,4.1354,3.5558,9.967
2004-08-13,15.0588,4.0664,3.5712,10.022
2004-08-14,15.0707,4.1671,3.688,10.416
2004-08-15,15.0823,3.942,3.7835,10.632
2004-08-16,15.0935,4.0973,3.5506,9.854
2004-08-17,15.1044,4.017,3.6342,10.063
2004-08-18,15.1149,4.1444,3.7682,10.472
2004-08-19,15.125,3.9099,3.6755,10.152
2004-08-20,15.1347,4.1853,3.496,9.576
2004-08-21,15.144,3.6676,3.4049,9.33
2004-08-22,15.1529,4.0719,3.9494,11.155
2004-08-23,15.1612,3.8713,3.9569,11.286
2004-08-24,15.1691,3.7822,3.339,9.109
2004-08-25,15.1765,3.7626,3.2715,8.857
2004-08-26,15.1833,3.9088,3.5545,9.78
2004-08-27,15.1897,3.4925,3.5658,9.852
2004-08-28,15.1954,3.5429,3.4967,9.584
2004-08-29,15.2006,3.4575,3.4152,9.346
2004-08-30,15.2052,3.8934,3.7535,10.54
2004-08-31,15.2091,3.7221,3.4598,9.525
2004-09-01,15.2125,4.071,3.5823,9.959
2004-09-02,15.2152,4.49,4.3219,12.49
2004-09-03,15.2173,4.3439,3.7581,10.586
2004-09-04,15.2187,3.3812,3.2296,8.771
2004-09-05,15.2195,3.1047,3.0811,8.312
2004-09-06,15.2196,3.0323,3.265,8.939
2004-09-07,15.219,3.012,3.0347,8.192
2004-09-08,15.2177,3.2432,3.4976,9.682
2004-09-09,15.2156,3.4696,3.0127,8.165
2004-09-10,15.2129,3.3878,3.7076,10.346
2004-09-11,15.2095,3.34,2.6954,7.105
2004-09-12,15.2053,3.8477,3.4791,9.616
2004-09-13,15.2004,3.9438,3.655,10.237
2004-09-14,15.1947,3.5321,3.2412,8.861
2004-09-15,15.1884,3.6635,3.3962,9.422
2004-09-16,15.1813,3.9948,4.0606,11.692
2004-09-17,15.1734,3.9306,3.7926,10.817
2004-09-18,15.1648,3.7877,3.9014,11.1
2004-09-19,15.1555,3.559,3.604,10.04
2004-09-20,15.1454,3.6735,3.3903,9.338
2004-09-21,15.1346,3.6876,3.6043,10.104
2004-09-22,15.1231,3.7223,3.7804,10.631
2004-09-23,15.1108,4.3274,3.9734,11.279
2004-09-24,15.0979,3.7278,3.3651,9.247
2004-09-25,15.0842,3.4473,3.1973,8.677
2004-09-26,15.0698,3.5197,3.6562,10.151
2004-09-27,15.0547,3.8406,3.2223,8.861
2004-09-28,15.0389,3.3845,3.5429,9.814
2004-09-29,15.0224,3.0577,3.0753,8.256
2004-09-30,15.0053,3.6495,3.6187,10.065
2004-10-01,14.9875,3.3888,3.105,8.37
2004-10-02,14.9691,4.0747,3.9167,11.118
2004-10-03,14.9501,4.0421,3.8986,10.912
2004-10-04,14.9304,3.677,3.3117,8.991
2004-10-05,14.9101,3.0459,3.2494,8.853
2004-10-06,14.8892,3.2662,3.3812,9.218
2004-10-07,14.8678,3.1315,2.9241,7.801
2004-10-08,14.8458,3.247,2.6131,6.871
2004-10-09,14.8233,3.4459,3.5164,9.722
2004-10-10,14.8003,3.8667,3.8094,10.71
2004-10-11,14.7768,3.7611,3.668,10.41
2004-10-12,14.7528,3.6525,3.5994,10.002
2004-10-13,14.7284,3.5415,3.5713,9.885
2004-10-14,14.7035,3.6823,3.6291,10.073
2004-10-15,14.6782,4.0485,3.7614,10.515
2004-10-16,14.6526,3.8515,3.751,10.505
2004-10-17,14.6265,3.7109,3.6128,10.116
2004-10-18,14.6002,3.5672,3.555,10.001
2004-10-19,14.5735,3.2567,3.4023,9.419
2004-10-20,14.5465,2.6569,2.9692,8.02
2004-10-21,14.5193,2.712,2.5277,6.666
2004-10-22,14.4918,3.14,2.7068,7.222
2004-10-23,14.4641,2.6007,2.9525,7.918
2004-10-24,14.4363,3.1685,3.4613,9.654
2004-10-25,14.4082,3.0981,3.3569,9.251
2004-10-26,14.3801,3.1079,3.2325,8.826
2004-10-27,14.3518,3.3369,3.2569,8.938
2004-10-28,14.3234,3.2057,3.431,9.517
2004-10-29,14.295,2.72,2.8892,7.749
2004-10-30,14.2666,3.3087,3.4309,9.537
2004-10-31,14.2382,3.5374,3.5561,9.928
2004-11-01,14.2098,3.659,3.4992,9.682
2004-11-02,14.1815,3.7127,3.7899,10.737
2004-11-03,14.1533,2.909,3.2243,8.839
2004-11-04,14.1251,3.1462,3.3285,9.14
2004-11-05,14.0972,3.3934,3.6449,10.13
2004-11-06,14.0694,2.6965,2.609,6.882
2004-11-07,14.0418,3.0887,2.968,7.976
2004-11-08,14.0144,2.9762,2.9669,7.952
2004-11-09,13.9873,2.7448,2.9731,8.004
2004-11-10,13.9605,3.0283,3.1822,8.654
2004-11-11,13.9339,3.109,3.1598,8.651
2004-11-12,13.9077,3.0344,2.9606,8.019
2004-11-13,13.8819,2.8348,2.9032,7.856
2004-11-14,13.8565,2.6238,2.7237,7.29
2004-11-15,13.8315,2.6341,3.1559,8.649
2004-11-16,13.8069,2.8238,3.1117,8.475
2004-11-17,13.7828,3.0569,3.2319,8.884
2004-11-18,13.7591,2.6445,3.089,8.384
2004-11-19,13.736,2.8943,3.2139,8.797
2004-11-20,13.7134,3.3023,3.3867,9.447
2004-11-21,13.6914,3.2694,3.0952,8.428
2004-11-22,13.67,3.7465,3.8106,10.862
2004-11-23,13.6492,3.5306,3.773,10.778
2004-11-24,13.629,3.4317,3.2756,9.149
2004-11-25,13.6094,3.1395,3.1753,8.69
2004-11-26,13.5906,2.8999,2.7055,7.285
2004-11-27,13.5724,2.9886,3.1189,8.551
2004-11-28,13.5549,3.2491,3.0971,8.483
2004-11-29,13.5381,3.1307,3.5403,9.931
2004-11-30,13.5221,3.0777,3.2823,9.079
2004-12-01,13.5068,3.0736,3.157,8.697
2004-12-02,13.4924,2.9132,2.7121,7.266
2004-12-03,13.4787,3.2309,3.0035,8.202
2004-12-04,13.4658,3.2583,3.3046,9.159
2004-12-05,13.4537,3.4354,3.2142,8.867
2004-12-06,13.4425,3.4341,3.5903,10.131
2004-12-07,13.4321,3.3045,3.3095,9.18
2004-12-08,13.4226,3.1739,3.3083,9.078
2004-12-09,13.4139,2.6074,3.1019,8.5
2004-12-10,13.4061,3.3492,3.5909,10.209
2004-12-11,13.3992,2.9779,3.1245,8.526
2004-12-12,13.3932,2.8967,2.937,7.962
2004-12-13,13.3881,3.0913,2.9089,7.912
2004-12-14,13.3839,3.1365,3.2688,9.108
2004-12-15,13.3807,2.751,2.8852,7.861
2004-12-16,13.3783,2.81,2.9946,8.194
2004-12-17,13.3768,2.7603,2.6249,7.071
2004-12-18,13.3763,2.9717,3.1765,8.802
2004-12-19,13.3767,3.2959,3.6701,10.519
2004-12-20,13.378,3.1197,3.3783,9.423
2004-12-21,13.3803,3.3729,3.3816,9.474
2004-12-22,13.3835,3.1194,3.4807,9.776
2004-12-23,13.3876,3.3889,3.5291,10.077
2004-12-24,13.3926,3.006,3.2371,8.973
2004-12-25,13.3985,2.7971,3.1105,8.582
2004-12-26,13.4054,3.2589,3.4397,9.761
2004-12-27,13.4131,3.2467,3.5622,10.238
2004-12-28,13.4218,3.1956,3.3555,9.498
2004-12-29,13.4313,3.0779,3.2293,9.008
2004-12-30,13.4417,2.7883,3.0834,8.584
2004-12-31,13.453,3.6134,3.7104,10.667
2005-01-01,13.453,3.1046,3.5847,10.266
2005-01-02,13.4652,3.2921,3.6634,10.594
2005-01-03,13.4782,3.2439,3.4199,9.577
2005-01-04,13.4921,3.0452,3.2316,8.98
2005-01-05,13.5068,3.2149,2.8894,7.785
2005-01-06,13.5223,3.2264,3.0668,8.403
2005-01-07,13.5386,3.3016,3.5267,9.934
2005-01-08,13.5557,3.3032,3.2483,8.98
2005-01-09,13.5736,3.0641,3.0476,8.325
2005-01-10,13.5922,3.2623,3.4872,9.841
2005-01-11,13.6116,3.2585,3.2781,9.055
2005-01-12,13.6317,3.4204,3.4954,9.755
2005-01-13,13.6524,3.5444,3.3355,9.229
2005-01-14,13.6739,2.9873,3.4406,9.573
2005-01-15,13.696,2.5721,2.4819,6.557
2005-01-16,13.7188,2.2552,1.9523,5.028
2005-01-17,13.7422,2.6233,2.5747,6.821
2005-01-18,13.7662,2.9245,2.8986,7.83
2005-01-19,13.7907,2.8469,3.1329,8.662
2005-01-20,13.8159,2.905,3.1791,8.801
2005-01-21,13.8415,3.0969,3.0869,8.465
2005-01-22,13.8676,3.0527,3.21,8.878
2005-01-23,13.8943,3.0999,3.5283,9.888
2005-01-24,13.9213,2.3844,3.1061,8.562
2005-01-25,13.9488,2.7465,2.9689,8.026
2005-01-26,13.9767,3.4029,3.5661,10.044
2005-01-27,14.005,3.6346,3.693,10.456
2005-01-28,14.0336,3.6675,3.7306,10.562
2005-01-29,14.0626,3.1666,3.3311,9.162
2005-01-30,14.0918,3.3394,3.3239,9.209
2005-01-31,14.1213,2.9343,3.1164,8.475
2005-02-01,14.1511,3.2874,3.1027,8.386
2005-02-02,14.181,3.1842,3.204,8.743
2005-02-03,14.2111,2.9724,2.9952,8.07
2005-02-04,14.2414,3.2234,3.0291,8.139
2005-02-05,14.2718,3.5183,3.2017,8.733
2005-02-06,14.3023,3.4356,3.3518,9.186
2005-02-07,14.3328,3.3316,3.4301,9.438
2005-02-08,14.3634,3.0037,3.0677,8.271
2005-02-09,14.394,3.3221,3.0406,8.191
2005-02-10,14.4246,2.9325,2.6606,7.02
2005-02-11,14.4551,2.3137,2.459,6.428
2005-02-12,14.4856,2.5675,,
2005-02-13,14.5159,3.1025,3.4239,9.437
2005-02-14,14.5461,3.6272,3.5941,9.979
2005-02-15,14.5761,3.2019,3.6231,10.108
2005-02-16,14.606,3.0726,3.3574,9.211
2005-02-17,14.6356,3.3354,3.5717,9.862
2005-02-18,14.6649,3.7073,3.7495,10.414
2005-02-19,14.694,3.546,3.3678,9.117
2005-02-20,14.7228,3.1459,3.4539,9.424
2005-02-21,14.7513,3.6811,3.9555,11.146
2005-02-22,14.7794,3.667,3.8168,10.662
2005-02-23,14.8071,3.5084,3.9396,11.022
2005-02-24,14.8344,3.8042,3.8753,10.778
2005-02-25,14.8613,4.3372,4.3086,12.286
2005-02-26,14.8877,3.2394,3.4316,9.296
2005-02-27,14.9137,3.1903,3.0843,8.223
2005-02-28,14.9391,3.5117,3.5577,9.781
2005-03-01,14.9641,3.7167,3.874,10.772
2005-03-02,14.9885,3.6327,3.5385,9.613
2005-03-03,15.0123,3.2427,3.286,8.804
2005-03-04,15.0355,3.6318,3.7395,10.377
2005-03-05,15.0582,3.6665,3.3576,9.098
2005-03-06,15.0802,3.4385,3.7513,10.392
2005-03-07,15.1016,3.5688,3.6982,10.223
2005-03-08,15.1223,3.2692,3.8476,10.678
2005-03-09,15.1424,3.6219,3.7614,10.444
2005-03-10,15.1618,3.7318,3.8177,10.609
2005-03-11,15.1804,4.3322,4.1521,11.796
2005-03-12,15.1984,4.0268,4.0397,11.244
2005-03-13,15.2156,3.9494,4.2591,11.995
2005-03-14,15.2321,4.0483,3.9656,11.023
2005-03-15,15.2479,4.1419,4.0693,11.471
2005-03-16,15.2629,4.0807,4.1507,11.769
2005-03-17,15.2771,4.1051,4.0519,11.38
2005-03-18,15.2906,3.8061,3.7701,10.433
2005-03-19,15.3032,4.076,4.1453,11.752
2005-03-20,15.3151,3.844,3.9956,11.127
2005-03-21,15.3262,3.706,3.9207,11.082
2005-03-22,15.3365,4.7864,4.3866,12.7
2005-03-23,15.346,4.4132,4.2386,11.999
2005-03-24,15.3547,2.8326,2.3408,5.999
2005-03-25,15.3626,4.1648,4.3161,12.221
2005-03-26,15.3697,3.9927,,
2005-03-27,15.376,3.8959,,
2005-03-28,15.3815,3.8981,4.0441,11.37
2005-03-29,15.3862,3.7507,3.7782,10.45
2005-03-30,15.3901,4.0335,4.0942,11.595
2005-03-31,15.3932,3.808,4.1999,11.972
2005-04-01,15.3955,3.9497,,
2005-04-02,15.3971,3.524,3.9115,10.86
2005-04-03,15.3978,3.2487,2.8747,7.589
2005-04-04,15.3979,3.9452,4.1009,11.497
2005-04-05,15.3971,3.7981,3.9209,10.786
2005-04-06,15.3957,3.3884,3.091,8.277
2005-04-07,15.3935,3.6841,3.5845,9.871
2005-04-08,15.3905,3.9532,3.9569,11.029
2005-04-09,15.3869,3.1995,2.9001,7.655
2005-04-10,15.3826,4.0242,3.3631,9.126
2005-04-11,15.3776,3.2247,3.0349,8.069
2005-04-12,15.372,3.6727,,
2005-04-13,15.3656,3.4821,3.6825,10.126
2005-04-14,15.3587,4.001,,
2005-04-15,15.3511,3.4683,3.1152,8.387
2005-04-16,15.343,4.2265,4.1214,11.67
2005-04-17,15.3342,3.7551,,
2005-04-18,15.3249,3.5631,3.639,10.045
2005-04-19,15.3151,4.0891,4.0606,11.341
2005-04-20,15.3047,3.1985,2.3552,6.044
2005-04-21,15.2939,3.1789,3.3444,9.007
2005-04-22,15.2825,3.4621,3.3324,9.027
2005-04-23,15.2707,3.2127,3.227,8.728
2005-04-24,15.2585,3.5215,3.3389,9.086
2005-04-25,15.2458,3.5034,3.6223,9.953
2005-04-26,15.2328,3.5664,,
2005-04-27,15.2193,3.8199,3.4719,9.45
2005-04-28,15.2055,3.6872,3.8526,10.731
2005-04-29,15.1914,3.5753,3.5213,9.604
2005-04-30,15.177,3.8106,4.2277,12.072
2005-05-01,15.1623,3.4584,3.6162,10.041
2005-05-02,15.1474,3.7019,3.651,10.12
2005-05-03,15.1322,2.9097,3.2936,8.951
2005-05-04,15.1168,2.738,3.1833,8.594
2005-05-05,15.1013,3.6789,3.6339,9.987
2005-05-06,15.0855,3.0257,3.032,8.124
2005-05-07,15.0697,3.5889,3.5678,9.822
2005-05-08,15.0537,3.9682,3.9616,11.109
2005-05-09,15.0377,3.5624,3.7252,10.29
2005-05-10,15.0215,3.4645,3.267,8.875
2005-05-11,15.0054,3.8592,3.8856,10.861
2005-05-12,14.9892,3.7189,3.7414,10.255
2005-05-13,14.973,3.7807,3.9018,10.96
2005-05-14,14.9569,3.1385,3.3788,9.211
2005-05-15,14.9408,3.4443,3.2882,8.98
2005-05-16,14.9248,3.4655,3.6954,10.305
2005-05-17,14.9089,2.7538,2.422,6.283
2005-05-18,14.8932,3.1005,3.1069,8.358
2005-05-19,14.8775,2.4409,2.5707,6.774
2005-05-20,14.8621,3.2791,3.3898,9.248
2005-05-21,14.8468,3.1533,3.8027,10.568
2005-05-22,14.8317,3.1527,3.5023,9.756
2005-05-23,14.8169,2.9936,3.0025,8.073
2005-05-24,14.8023,2.9034,3.1254,8.465
2005-05-25,14.788,3.6146,,
2005-05-26,14.774,4.0287,3.8306,10.652
2005-05-27,14.7602,3.9277,3.7865,10.613
2005-05-28,14.7468,4.0675,4.0392,11.488
2005-05-29,14.7338,4.0099,4.0808,11.59
2005-05-30,14.7211,3.9717,,
2005-05-31,14.7088,2.7828,3.1719,8.555
2005-06-01,14.6968,3.3316,3.6028,9.969
2005-06-02,14.6853,3.5503,3.282,8.965
2005-06-03,14.6742,3.5747,3.5781,9.852
2005-06-04,14.6636,3.5636,,
2005-06-05,14.6533,3.2074,3.491,9.643
2005-06-06,14.6436,3.2336,3.4039,9.385
2005-06-07,14.6343,2.825,3.0118,8.088
2005-06-08,14.6255,3.2756,3.3181,9.081
2005-06-09,14.6172,3.7583,3.2584,8.94
2005-06-10,14.6094,3.2851,3.3482,9.171
2005-06-11,14.6021,3.3844,3.0702,8.334
2005-06-12,14.5954,3.5559,,
2005-06-13,14.5891,3.9965,3.9875,11.435
2005-06-14,14.5834,4.0307,3.8378,10.932
2005-06-15,14.5783,3.6301,3.5891,10.106
2005-06-16,14.5737,3.9152,3.8881,10.96
2005-06-17,14.5696,4.0462,3.8822,10.934
2005-06-18,14.5661,3.6806,3.6967,10.321
2005-06-19,14.5632,3.5178,3.3817,9.308
2005-06-20,14.5608,3.279,2.9139,7.8
2005-06-21,14.559,3.8237,3.7752,10.687
2005-06-22,14.5577,3.5885,3.1039,8.388
2005-06-23,14.557,3.9565,3.7947,10.809
2005-06-24,14.5569,3.6276,3.6867,10.385
2005-06-25,14.5573,3.6609,3.5501,9.929
2005-06-26,14.5583,3.4336,3.2888,9.071
2005-06-27,14.5599,3.61,3.3593,9.234
2005-06-28,14.562,3.7251,3.4735,9.535
2005-06-29,14.5646,3.2437,2.7598,7.314
2005-06-30,14.5678,3.3044,2.6159,6.983
2005-07-01,14.5715,3.3374,3.2891,9.055
2005-07-02,14.5758,3.6752,3.6039,10.106
2005-07-03,14.5805,3.5687,,
2005-07-04,14.5858,3.5548,3.8652,10.96
2005-07-05,14.5916,3.7,3.7392,10.463
2005-07-06,14.5979,3.4785,3.6508,10.199
2005-07-07,14.6047,3.8131,3.7562,10.622
2005-07-08,14.6119,3.8021,3.8525,10.879
2005-07-09,14.6196,3.8299,3.6804,10.304
2005-07-10,14.6277,3.781,3.7596,10.524
2005-07-11,14.6363,3.7359,3.715,10.567
2005-07-12,14.6453,3.1069,3.1682,8.613
2005-07-13,14.6547,3.5219,3.2667,8.877
2005-07-14,14.6645,3.2996,3.2854,8.947
2005-07-15,14.6747,3.3465,3.5104,9.74
2005-07-16,14.6852,3.5241,3.397,9.347
2005-07-17,14.6961,3.6854,3.4258,9.377
2005-07-18,14.7073,3.8865,3.912,11.03
2005-07-19,14.7188,3.0053,2.6617,7.046
2005-07-20,14.7306,3.4461,3.2234,8.787
2005-07-21,14.7426,3.6012,3.3667,9.262
2005-07-22,14.755,3.4239,3.2659,8.948
2005-07-23,14.7675,4.3433,3.9075,11.198
2005-07-24,14.7803,3.2727,3.3518,9.189
2005-07-25,14.7932,3.8054,3.6114,9.931
2005-07-26,14.8063,4.1533,4.0866,11.638
2005-07-27,14.8196,4.1273,3.8525,10.791
2005-07-28,14.833,4.1067,3.9382,11.049
2005-07-29,14.8465,3.9691,3.7675,10.503
2005-07-30,14.8601,3.8428,3.7953,10.59
2005-07-31,14.8738,3.8338,3.6618,10.194
2005-08-01,14.8875,3.9591,3.7351,10.471
2005-08-02,14.9012,4.0896,3.9922,11.461
2005-08-03,14.9149,4.0177,4.0355,11.525
2005-08-04,14.9286,3.5542,3.439,9.457
2005-08-05,14.9422,3.7092,3.4893,9.639
2005-08-06,14.9558,3.7845,3.9219,10.985
2005-08-07,14.9693,3.9923,3.7559,10.572
2005-08-08,14.9826,3.8484,3.808,10.652
2005-08-09,14.9958,3.9204,3.702,10.339
2005-08-10,15.0088,3.9824,3.707,10.41
2005-08-11,15.0217,3.6711,3.5476,9.847
2005-08-12,15.0343,3.6589,3.9131,11.108
2005-08-13,15.0467,3.6161,3.5257,9.719
2005-08-14,15.0588,3.4166,2.9087,7.788
2005-08-15,15.0707,3.2493,3.1533,8.557
2005-08-16,15.0823,3.3534,3.541,9.729
2005-08-17,15.0935,3.3567,3.2289,8.734
2005-08-18,15.1044,3.4053,3.799,10.806
2005-08-19,15.1149,3.8795,3.6818,10.295
2005-08-20,15.125,4.2067,3.8621,10.824
2005-08-21,15.1347,3.8263,3.5602,9.847
2005-08-22,15.144,3.2565,3.3382,9.148
2005-08-23,15.1529,3.7703,4.0866,11.725
2005-08-24,15.1612,3.8443,3.1033,8.38
2005-08-25,15.1691,3.9484,3.5286,9.799
2005-08-26,15.1765,3.8318,3.7304,10.534
2005-08-27,15.1833,3.3039,3.5445,9.863
2005-08-28,15.1897,3.8649,3.2242,8.81
2005-08-29,15.1954,3.6787,3.7195,10.433
2005-08-30,15.2006,3.8326,3.8509,10.779
2005-08-31,15.2052,4.216,4.0261,11.423
2005-09-01,15.2091,4.1502,,
2005-09-02,15.2125,4.135,,
2005-09-03,15.2152,3.7838,3.8265,10.921
2005-09-04,15.2173,3.7241,3.5691,9.864
2005-09-05,15.2187,4.0625,3.8097,10.593
2005-09-06,15.2195,3.8447,3.2695,8.845
2005-09-07,15.2196,3.8203,3.2669,8.871
2005-09-08,15.219,4.1027,3.9754,11.267
2005-09-09,15.2177,3.8509,3.6957,10.307
2005-09-10,15.2156,4.4099,4.1524,11.749
2005-09-11,15.2129,4.0945,3.6277,9.99
2005-09-12,15.2095,3.6563,2.9882,7.982
2005-09-13,15.2053,3.5956,3.1559,8.584
2005-09-14,15.2004,3.792,3.7201,10.401
2005-09-15,15.1947,3.5344,3.3415,9.064
2005-09-16,15.1884,3.8665,3.5595,9.809
2005-09-17,15.1813,4.2774,3.9516,11.226
2005-09-18,15.1734,4.2182,3.889,11.018
2005-09-19,15.1648,4.0182,3.7831,10.598
2005-09-20,15.1555,3.8555,3.5691,9.928
2005-09-21,15.1454,3.5754,3.2647,8.906
2005-09-22,15.1346,3.4686,3.3102,9.055
2005-09-23,15.1231,3.4168,3.3807,9.257
2005-09-24,15.1108,3.477,3.5148,9.754
2005-09-25,15.0979,3.8509,3.753,10.524
2005-09-26,15.0842,3.5533,3.4409,9.536
2005-09-27,15.0698,3.7055,3.6687,10.244
2005-09-28,15.0547,3.4514,3.3986,9.359
2005-09-29,15.0389,3.0687,,
2005-09-30,15.0224,3.7936,,
2005-10-01,15.0053,3.7452,3.6393,10.144
2005-10-02,14.9875,3.8406,3.8428,10.946
2005-10-03,14.9691,3.7601,3.7905,10.661
2005-10-04,14.9501,3.7646,3.6508,10.193
2005-10-05,14.9304,3.7422,3.9358,11.164
2005-10-06,14.9101,3.8304,3.6909,10.261
2005-10-07,14.8892,3.5235,3.6039,10.013
2005-10-08,14.8678,3.9247,3.7794,10.788
2005-10-09,14.8458,3.6371,2.8272,7.597
2005-10-10,14.8233,2.7499,3.0316,8.223
2005-10-11,14.8003,3.7149,3.4255,9.49
2005-10-12,14.7768,3.7326,3.7815,10.656
2005-10-13,14.7528,3.418,3.5996,10.022
2005-10-14,14.7284,3.6562,3.6036,10.023
2005-10-15,14.7035,3.0229,2.7185,7.268
2005-10-16,14.6782,3.452,2.9838,8.021
2005-10-17,14.6526,3.6408,3.4181,9.396
2005-10-18,14.6265,3.848,3.6441,10.191
2005-10-19,14.6002,3.5491,3.2681,8.879
2005-10-20,14.5735,3.6609,3.5776,10.052
2005-10-21,14.5465,3.714,3.6237,10.174
2005-10-22,14.5193,3.4884,3.1568,8.642
2005-10-23,14.4918,3.3097,3.0648,8.276
2005-10-24,14.4641,1.9942,2.3259,6.059
2005-10-25,14.4363,2.2559,2.2862,5.958
2005-10-26,14.4082,3.5298,3.4481,9.652
2005-10-27,14.3801,3.3053,3.3983,9.378
2005-10-28,14.3518,3.0269,2.9991,8.095
2005-10-29,14.3234,2.5748,2.5791,6.82
2005-10-30,14.295,3.1586,3.2051,8.744
2005-10-31,14.2666,3.3126,3.5461,9.8
2005-11-01,14.2382,3.5186,3.3173,9.113
2005-11-02,14.2098,3.2089,3.2635,8.944
2005-11-03,14.1815,3.4733,3.3214,9.171
2005-11-04,14.1533,3.0439,2.9855,8.035
2005-11-05,14.1251,3.1485,3.3773,9.297
2005-11-06,14.0972,3.4522,3.1804,8.738
2005-11-07,14.0694,3.2869,3.3727,9.306
2005-11-08,14.0418,3.4016,3.4387,9.647
2005-11-09,14.0144,3.0597,2.8794,7.778
2005-11-10,13.9873,2.9838,2.792,7.499
2005-11-11,13.9605,2.8544,2.7002,7.206
2005-11-12,13.9339,2.9667,,
2005-11-13,13.9077,1.8704,,
2005-11-14,13.8819,3.2683,3.6536,10.371
2005-11-15,13.8565,3.0858,3.3176,9.165
2005-11-16,13.8315,3.1374,3.2832,9.071
2005-11-17,13.8069,3.0665,3.5898,10.173
2005-11-18,13.7828,2.9442,3.2962,9.128
2005-11-19,13.7591,2.5081,2.7292,7.29
2005-11-20,13.736,2.8489,3.3186,9.168
2005-11-21,13.7134,2.9864,3.0365,8.285
2005-11-22,13.6914,2.5706,2.889,7.814
2005-11-23,13.67,2.6922,3.0419,8.379
2005-11-24,13.6492,2.5917,2.8707,7.814
2005-11-25,13.629,2.9022,,
2005-11-26,13.6094,2.9453,2.955,8.052
2005-11-27,13.5906,3.0504,3.2681,9.109
2005-11-28,13.5724,3.2481,3.533,10.061
2005-11-29,13.5549,2.7783,3.164,8.764
2005-11-30,13.5381,2.7533,3.131,8.656
2005-12-01,13.5221,2.7661,3.1691,8.796
2005-12-02,13.5068,2.7826,2.9527,8.039
2005-12-03,13.4924,2.8195,2.9963,8.157
2005-12-04,13.4787,3.1637,3.2913,9.138
2005-12-05,13.4658,2.5884,2.8349,7.687
2005-12-06,13.4537,2.6357,2.7923,7.542
2005-12-07,13.4425,2.9629,3.0501,8.405
2005-12-08,13.4321,3.0891,3.1871,8.84
2005-12-09,13.4226,3.3693,3.5319,10.068
2005-12-10,13.4139,2.7678,3.025,8.172
2005-12-11,13.4061,3.1282,3.2358,8.989
2005-12-12,13.3992,3.098,3.1491,8.677
2005-12-13,13.3932,3.1942,3.404,9.598
2005-12-14,13.3881,2.9921,3.3073,9.241
2005-12-15,13.3839,3.1423,3.4235,9.711
2005-12-16,13.3807,2.9731,3.2564,9.077
2005-12-17,13.3783,3.2407,3.2977,9.227
2005-12-18,13.3768,2.8556,3.3062,9.311
2005-12-19,13.3763,2.9612,3.2559,9.194
2005-12-20,13.3767,2.8825,3.1323,8.708
2005-12-21,13.378,3.0154,3.0462,8.39
2005-12-22,13.3803,2.9014,3.0521,8.422
2005-12-23,13.3835,3.0453,3.1895,8.83
2005-12-24,13.3876,3.2217,3.0573,8.42
2005-12-25,13.3926,3.0283,3.2436,9.112
2005-12-26,13.3985,2.9516,3.2449,9.046
2005-12-27,13.4054,3.2412,3.5992,10.337
2005-12-28,13.4131,3.2932,3.6431,10.555
2005-12-29,13.4218,2.8662,3.1581,8.865
2005-12-30,13.4313,3.0943,3.2279,9.031
2005-12-31,13.4417,3.1512,3.5317,10.019
2006-01-01,13.453,3.3618,3.3605,9.578
2006-01-02,13.4652,3.3181,3.7008,10.716
2006-01-03,13.4782,3.2192,3.4675,9.848
2006-01-04,13.4921,2.3574,2.2381,5.861
2006-01-05,13.5068,1.5998,,
2006-01-06,13.5223,2.5673,2.6647,7.153
2006-01-07,13.5386,2.3354,2.3749,6.279
2006-01-08,13.5557,2.44,2.8381,7.67
2006-01-09,13.5736,2.8538,3.124,8.614
2006-01-10,13.5922,2.9686,3.2211,8.989
2006-01-11,13.6116,2.8799,3.0389,8.271
2006-01-12,13.6317,2.9414,3.1635,8.704
2006-01-13,13.6524,3.1041,3.3429,9.276
2006-01-14,13.6739,3.5079,3.7269,10.714
2006-01-15,13.696,3.0467,3.179,8.826
2006-01-16,13.7188,3.232,3.4582,9.675
2006-01-17,13.7422,3.156,,
2006-01-18,13.7662,3.0025,3.2995,9.27
2006-01-19,13.7907,3.3786,3.6553,10.542
2006-01-20,13.8159,3.2447,3.45,9.866
2006-01-21,13.8415,3.3033,3.4645,9.754
2006-01-22,13.8676,3.6559,3.5885,10.181
2006-01-23,13.8943,3.208,2.8848,7.755
2006-01-24,13.9213,3.3783,3.398,9.473
2006-01-25,13.9488,3.6239,3.583,10.07
2006-01-26,13.9767,3.2834,2.813,7.522
2006-01-27,14.005,3.4352,,
2006-01-28,14.0336,3.5451,,
2006-01-29,14.0626,3.1935,,
2006-01-30,14.0918,3.348,,
2006-01-31,14.1213,3.5547,3.4053,9.486
2006-02-01,14.1511,3.3791,3.0352,8.275
2006-02-02,14.181,3.3575,2.9456,7.96
2006-02-03,14.2111,3.3584,3.2022,8.73
2006-02-04,14.2414,2.9535,2.7556,7.334
2006-02-05,14.2718,3.0754,2.9893,8.104
2006-02-06,14.3023,3.2179,3.3221,9.177
2006-02-07,14.3328,3.0968,3.383,9.392
2006-02-08,14.3634,3.2374,3.4654,9.631
2006-02-09,14.394,3.3566,3.3359,9.247
2006-02-10,14.4246,3.4489,3.3349,9.124
2006-02-11,14.4551,3.7886,3.7243,10.39
2006-02-12,14.4856,3.4919,3.5304,9.73
2006-02-13,14.5159,3.0724,3.1646,8.571
2006-02-14,14.5461,3.6862,3.5093,9.797
2006-02-15,14.5761,3.779,3.8623,11.021
2006-02-16,14.606,3.4772,3.3282,9.111
2006-02-17,14.6356,3.2444,3.2164,8.72
2006-02-18,14.6649,3.465,3.7092,10.366
2006-02-19,14.694,3.4619,3.5142,9.661
2006-02-20,14.7228,3.2337,3.323,9.104
2006-02-21,14.7513,3.6272,3.9276,11.136
2006-02-22,14.7794,4.2013,4.1674,12.034
2006-02-23,14.8071,4.0674,3.8153,10.794
2006-02-24,14.8344,3.6548,3.6453,10.118
2006-02-25,14.8613,3.9314,3.8291,10.745
2006-02-26,14.8877,3.9988,3.5899,9.866
2006-02-27,14.9137,3.4664,3.2745,8.973
2006-02-28,14.9391,3.8437,3.441,9.51
2006-03-01,14.9641,4.0677,4.0835,11.617
2006-03-02,14.9885,3.6293,3.7023,10.211
2006-03-03,15.0123,3.4462,3.4028,9.258
2006-03-04,15.0355,3.6678,3.3625,9.223
2006-03-05,15.0582,3.8837,3.6632,10.106
2006-03-06,15.0802,3.1816,3.1322,8.456
2006-03-07,15.1016,3.0355,2.8093,7.479
2006-03-08,15.1223,3.2139,3.3697,9.198
2006-03-09,15.1424,2.4417,2.5794,6.777
2006-03-10,15.1618,3.431,3.3665,9.142
2006-03-11,15.1804,3.6718,3.544,9.82
2006-03-12,15.1984,3.3783,3.8567,10.91
2006-03-13,15.2156,3.5968,3.7389,10.492
2006-03-14,15.2321,3.304,3.3325,9.093
2006-03-15,15.2479,3.2634,3.2175,8.741
2006-03-16,15.2629,3.5098,3.038,8.138
2006-03-17,15.2771,3.4085,3.461,9.458
2006-03-18,15.2906,3.3563,3.4387,9.497
2006-03-19,15.3032,3.7706,3.8418,10.768
2006-03-20,15.3151,3.6293,3.5002,9.621
2006-03-21,15.3262,3.676,3.7511,10.408
2006-03-22,15.3365,3.4532,3.4848,9.605
2006-03-23,15.346,3.3817,3.0791,8.287
2006-03-24,15.3547,2.8963,3.128,8.374
2006-03-25,15.3626,3.1552,3.3551,9.158
2006-03-26,15.3697,3.2842,2.9403,7.904
2006-03-27,15.376,3.6876,3.5388,9.823
2006-03-28,15.3815,3.6484,3.4516,9.431
2006-03-29,15.3862,4.3243,4.0651,11.527
2006-03-30,15.3901,4.0692,3.8471,10.744
2006-03-31,15.3932,3.8293,3.264,8.81
2006-04-01,15.3955,3.766,3.7044,10.241
2006-04-02,15.3971,2.9756,3.0933,8.264
2006-04-03,15.3978,3.7386,3.555,9.834
2006-04-04,15.3979,3.6758,3.3981,9.233
2006-04-05,15.3971,2.2759,2.3152,5.999
2006-04-06,15.3957,3.7792,3.7875,10.536
2006-04-07,15.3935,3.2946,3.099,8.28
2006-04-08,15.3905,3.6092,3.7318,10.42
2006-04-09,15.3869,3.8347,4.0782,11.669
2006-04-10,15.3826,3.7684,3.8023,10.738
2006-04-11,15.3776,3.5954,3.4826,9.542
2006-04-12,15.372,2.9889,2.8969,7.736
2006-04-13,15.3656,3.0131,3.016,8.029
2006-04-14,15.3587,2.4323,2.697,7.154
2006-04-15,15.3511,3.4888,3.7393,10.449
2006-04-16,15.343,3.2485,3.4244,9.338
2006-04-17,15.3342,3.4425,3.345,9.102
2006-04-18,15.3249,3.723,3.6225,10.019
2006-04-19,15.3151,3.6293,3.9227,10.991
2006-04-20,15.3047,3.9844,3.7367,10.378
2006-04-21,15.2939,4.0269,4.0407,11.336
2006-04-22,15.2825,4.1825,3.871,10.823
2006-04-23,15.2707,3.7979,3.3635,9.151
2006-04-24,15.2585,3.28,3.257,8.799
2006-04-25,15.2458,3.5802,3.4832,9.549
2006-04-26,15.2328,3.5646,3.0894,8.34
2006-04-27,15.2193,2.6537,3.1346,8.406
2006-04-28,15.2055,3.0419,2.9396,7.847
2006-04-29,15.1914,3.4515,3.449,9.421
2006-04-30,15.177,3.2613,3.2989,8.967
2006-05-01,15.1623,3.3833,3.6431,10.111
2006-05-02,15.1474,3.3263,3.3282,9.002
2006-05-03,15.1322,3.3761,3.2901,8.881
2006-05-04,15.1168,2.9385,3.3395,9.023
2006-05-05,15.1013,2.9155,2.6994,7.066
2006-05-06,15.0855,3.0442,3.2416,8.809
2006-05-07,15.0697,3.3072,3.2743,8.92
2006-05-08,15.0537,3.0291,3.4089,9.265
2006-05-09,15.0377,2.4203,2.9946,8.004
2006-05-10,15.0215,3.2272,3.0482,8.162
2006-05-11,15.0054,3.4974,3.4454,9.465
2006-05-12,14.9892,3.2878,3.4025,9.33
2006-05-13,14.973,3.8032,3.6446,10.149
2006-05-14,14.9569,3.543,3.488,9.571
2006-05-15,14.9408,3.6787,3.5058,9.624
2006-05-16,14.9248,3.6316,3.5372,9.735
2006-05-17,14.9089,3.0222,3.0542,8.205
2006-05-18,14.8932,3.3492,3.234,8.847
2006-05-19,14.8775,3.5302,2.9052,7.758
2006-05-20,14.8621,3.5975,3.7094,10.414
2006-05-21,14.8468,3.7194,3.6141,10.048
2006-05-22,14.8317,4.1664,4.3345,12.491
2006-05-23,14.8169,3.8685,3.8722,10.959
2006-05-24,14.8023,3.3871,3.3958,9.287
2006-05-25,14.788,3.4321,3.4308,9.345
2006-05-26,14.774,3.7102,3.3451,9.192
2006-05-27,14.7602,3.4065,3.2537,8.938
2006-05-28,14.7468,3.3539,3.1392,8.524
2006-05-29,14.7338,3.4643,3.1054,8.487
2006-05-30,14.7211,3.8061,3.5032,9.791
2006-05-31,14.7088,3.6412,3.5192,9.747
2006-06-01,14.6968,3.3754,3.1691,8.653
2006-06-02,14.6853,2.9673,2.8885,7.742
2006-06-03,14.6742,3.249,3.179,8.646
2006-06-04,14.6636,3.4435,3.4122,9.372
2006-06-05,14.6533,3.2496,3.2839,9.009
2006-06-06,14.6436,2.7859,2.6813,7.116
2006-06-07,14.6343,3.0405,2.7962,7.47
2006-06-08,14.6255,2.5668,2.0875,5.4
2006-06-09,14.6172,2.7915,2.8283,7.554
2006-06-10,14.6094,2.9484,2.4808,6.525
2006-06-11,14.6021,2.9619,2.9162,7.896
2006-06-12,14.5954,3.5631,3.5459,9.944
2006-06-13,14.5891,3.5162,3.4597,9.64
2006-06-14,14.5834,3.4588,2.8523,7.681
2006-06-15,14.5783,3.3785,3.3074,9.118
2006-06-16,14.5737,3.231,3.1586,8.606
2006-06-17,14.5696,3.5284,3.4562,9.62
2006-06-18,14.5661,3.6485,3.1751,8.756
2006-06-19,14.5632,3.4919,3.3973,9.367
2006-06-20,14.5608,3.4736,3.3588,9.275
2006-06-21,14.559,3.3677,2.7366,7.343
2006-06-22,14.5577,3.6196,3.4517,9.66
2006-06-23,14.557,3.739,3.5948,10.027
2006-06-24,14.5569,3.8681,3.201,8.874
2006-06-25,14.5573,3.5244,3.1906,8.698
2006-06-26,14.5583,3.6556,3.376,9.251
2006-06-27,14.5599,3.3873,3.0661,8.268
2006-06-28,14.562,3.3527,3.4365,9.538
2006-06-29,14.5646,4.0162,3.8469,10.992
2006-06-30,14.5678,4.2956,4.1133,11.754
2006-07-01,14.5715,4.0375,4.1542,11.838
2006-07-02,14.5758,3.9049,3.7882,10.645
2006-07-03,14.5805,3.8485,3.4391,9.582
2006-07-04,14.5858,3.4189,2.9521,7.908
2006-07-05,14.5916,3.2728,3.0876,8.342
2006-07-06,14.5979,3.6016,3.4023,9.373
2006-07-07,14.6047,3.5811,3.1361,8.47
2006-07-08,14.6119,3.5111,3.3045,9.027
2006-07-09,14.6196,3.7618,3.5571,9.87
2006-07-10,14.6277,3.6839,3.4144,9.461
2006-07-11,14.6363,3.5889,3.5088,9.642
2006-07-12,14.6453,3.7837,3.4883,9.662
2006-07-13,14.6547,3.6352,3.3364,9.183
2006-07-14,14.6645,3.3524,2.9703,7.977
2006-07-15,14.6747,3.7185,3.4996,9.668
2006-07-16,14.6852,3.4339,3.2397,8.883
2006-07-17,14.6961,3.5243,3.4563,9.577
2006-07-18,14.7073,3.3106,3.221,8.806
2006-07-19,14.7188,3.3992,3.1026,8.409
2006-07-20,14.7306,3.5156,3.223,8.845
2006-07-21,14.7426,3.185,3.2469,8.814
2006-07-22,14.755,3.3656,3.0587,8.287
2006-07-23,14.7675,3.2495,2.9945,7.996
2006-07-24,14.7803,3.8342,3.4444,9.463
2006-07-25,14.7932,3.5805,3.2321,8.79
2006-07-26,14.8063,3.6822,3.6012,10.087
2006-07-27,14.8196,3.2604,3.1155,8.514
2006-07-28,14.833,2.2831,2.0235,5.21
2006-07-29,14.8465,3.4058,3.4105,9.466
2006-07-30,14.8601,4.0953,4.0682,11.721
2006-07-31,14.8738,3.9928,3.7159,10.547
2006-08-01,14.8875,3.8861,3.7541,10.509
2006-08-02,14.9012,4.2613,4.2602,12.311
2006-08-03,14.9149,4.2288,3.7683,10.712
2006-08-04,14.9286,3.9089,3.5948,10.075
2006-08-05,14.9422,3.9154,3.8347,10.846
2006-08-06,14.9558,4.0076,3.7878,10.671
2006-08-07,14.9693,3.72,2.9978,7.987
2006-08-08,14.9826,3.4413,3.4642,9.541
2006-08-09,14.9958,3.9231,3.4942,9.718
2006-08-10,15.0088,3.8627,3.8175,10.632
2006-08-11,15.0217,4.0649,3.7815,10.652
2006-08-12,15.0343,4.1197,3.988,11.456
2006-08-13,15.0467,4.2644,4.1654,11.998
2006-08-14,15.0588,4.3466,4.1635,11.989
2006-08-15,15.0707,3.8387,3.3368,9.097
2006-08-16,15.0823,3.6618,3.4879,9.622
2006-08-17,15.0935,3.2093,3.4232,9.353
2006-08-18,15.1044,3.2944,3.0553,8.328
2006-08-19,15.1149,3.6363,3.2895,9.042
2006-08-20,15.125,3.828,3.858,10.868
2006-08-21,15.1347,3.7812,3.4861,9.607
2006-08-22,15.144,4.2642,3.9973,11.433
2006-08-23,15.1529,3.9129,3.8263,10.703
2006-08-24,15.1612,3.7304,3.0669,8.27
2006-08-25,15.1691,3.5559,3.2264,8.745
2006-08-26,15.1765,3.2515,3.5221,9.716
2006-08-27,15.1833,3.8043,3.725,10.476
2006-08-28,15.1897,3.8151,3.8826,10.91
2006-08-29,15.1954,3.9684,3.9391,11.145
2006-08-30,15.2006,3.9865,3.4199,9.508
2006-08-31,15.2052,3.8719,4.0136,11.419
2006-09-01,15.2091,3.7859,3.4349,9.367
2006-09-02,15.2125,3.8617,3.7507,10.493
2006-09-03,15.2152,3.6176,3.6187,9.974
2006-09-04,15.2173,3.8296,3.5078,9.71
2006-09-05,15.2187,3.6741,3.5115,9.706
2006-09-06,15.2195,4.186,3.5293,9.732
2006-09-07,15.2196,3.8356,3.3483,9.252
2006-09-08,15.219,3.7415,3.7313,10.419
2006-09-09,15.2177,3.71,3.7015,10.377
2006-09-10,15.2156,4.075,4.0697,11.646
2006-09-11,15.2129,3.9599,3.571,9.967
2006-09-12,15.2095,3.8634,3.8727,10.852
2006-09-13,15.2053,3.3171,3.0923,8.389
2006-09-14,15.2004,4.0033,3.8449,10.821
2006-09-15,15.1947,3.7333,3.5619,9.85
2006-09-16,15.1884,3.9947,3.6614,10.246
2006-09-17,15.1813,3.3577,3.0831,8.33
2006-09-18,15.1734,3.65,3.4216,9.522
2006-09-19,15.1648,3.3783,3.3394,9.106
2006-09-20,15.1555,3.9343,3.8207,10.744
2006-09-21,15.1454,4.2013,4.1788,12.121
2006-09-22,15.1346,4.1897,3.9059,10.994
2006-09-23,15.1231,4.1261,3.8129,10.642
2006-09-24,15.1108,3.9416,3.7158,10.348
2006-09-25,15.0979,3.8973,3.5707,9.96
2006-09-26,15.0842,4.0135,4.0845,11.837
2006-09-27,15.0698,4.5026,4.5192,13.272
2006-09-28,15.0547,4.2285,3.9329,11.151
2006-09-29,15.0389,3.944,3.6065,10.004
2006-09-30,15.0224,3.5639,3.3342,9.07
2006-10-01,15.0053,3.666,3.8263,10.782
2006-10-02,14.9875,3.5498,3.2298,8.743
2006-10-03,14.9691,3.0911,3.0288,8.095
2006-10-04,14.9501,3.4871,3.1643,8.554
2006-10-05,14.9304,4.0647,3.7071,10.303
2006-10-06,14.9101,4.2597,3.8244,10.642
2006-10-07,14.8892,4.241,3.7886,10.598
2006-10-08,14.8678,3.9488,3.6841,10.285
2006-10-09,14.8458,3.5143,3.21,8.79
2006-10-10,14.8233,3.6009,3.507,9.653
2006-10-11,14.8003,3.3815,3.066,8.249
2006-10-12,14.7768,3.4991,3.7341,10.471
2006-10-13,14.7528,2.4172,2.956,7.923
2006-10-14,14.7284,3.2238,3.282,8.975
2006-10-15,14.7035,3.131,3.1334,8.48
2006-10-16,14.6782,2.6871,3.004,8.131
2006-10-17,14.6526,2.6686,2.4539,6.457
2006-10-18,14.6265,3.1792,3.3804,9.331
2006-10-19,14.6002,3.2552,3.3379,9.183
2006-10-20,14.5735,3.1473,3.3955,9.417
2006-10-21,14.5465,3.3243,3.7127,10.493
2006-10-22,14.5193,3.2298,3.1857,8.651
2006-10-23,14.4918,3.1983,2.7799,7.383
2006-10-24,14.4641,3.563,3.6729,10.24
2006-10-25,14.4363,3.77,3.6526,10.184
2006-10-26,14.4082,3.5082,3.4156,9.394
2006-10-27,14.3801,3.5584,3.521,9.765
2006-10-28,14.3518,3.4098,3.4566,9.472
2006-10-29,14.3234,3.3103,3.5483,9.841
2006-10-30,14.295,3.1322,3.0863,8.322
2006-10-31,14.2666,2.8745,3.2083,8.687
2006-11-01,14.2382,3.0026,3.3062,9.102
2006-11-02,14.2098,3.484,3.7507,10.616
2006-11-03,14.1815,3.628,3.7847,10.725
2006-11-04,14.1533,3.6804,3.7213,10.525
2006-11-05,14.1251,3.5101,3.5912,10.03
2006-11-06,14.0972,3.271,3.2511,8.903
2006-11-07,14.0694,3.3845,3.3614,9.31
2006-11-08,14.0418,2.4285,2.6931,7.16
2006-11-09,14.0144,3.038,2.8589,7.7
2006-11-10,13.9873,3.2669,3.0294,8.226
2006-11-11,13.9605,3.6299,3.4309,9.532
2006-11-12,13.9339,3.121,2.6084,6.936
2006-11-13,13.9077,2.8481,2.5947,6.912
2006-11-14,13.8819,2.3993,2.4254,6.374
2006-11-15,13.8565,2.0518,2.1313,5.52
2006-11-16,13.8315,2.6558,3.078,8.509
2006-11-17,13.8069,3.0094,2.9838,8.198
2006-11-18,13.7828,3.3106,3.2626,9.077
2006-11-19,13.7591,3.2576,3.1023,8.585
2006-11-20,13.736,3.2929,3.2155,8.823
2006-11-21,13.7134,3.1222,2.7132,7.232
2006-11-22,13.6914,3.0385,3.0278,8.223
2006-11-23,13.67,3.0722,3.1321,8.567
2006-11-24,13.6492,3.1954,2.8927,7.814
2006-11-25,13.629,3.195,3.0027,8.19
2006-11-26,13.6094,3.1055,3.0768,8.419
2006-11-27,13.5906,3.2319,3.1322,8.57
2006-11-28,13.5724,3.2916,3.3271,9.295
2006-11-29,13.5549,3.0504,2.9311,7.935
2006-11-30,13.5381,3.3429,3.4289,9.6
2006-12-01,13.5221,3.019,3.4329,9.718
2006-12-02,13.5068,3.0747,3.2305,8.986
2006-12-03,13.4924,3.2344,3.4284,9.643
2006-12-04,13.4787,2.9876,3.0169,8.233
2006-12-05,13.4658,2.7958,2.7395,7.354
2006-12-06,13.4537,3.1122,3.0636,8.361
2006-12-07,13.4425,3.0944,2.9451,7.997
2006-12-08,13.4321,2.7013,2.869,7.784
2006-12-09,13.4226,3.0371,2.7094,7.29
2006-12-10,13.4139,2.9126,3.2031,8.911
2006-12-11,13.4061,3.2312,3.1334,8.646
2006-12-12,13.3992,2.8762,2.6731,7.182
2006-12-13,13.3932,2.6614,2.7194,7.33
2006-12-14,13.3881,2.6512,2.7599,7.484
2006-12-15,13.3839,2.9143,2.9524,8.031
2006-12-16,13.3807,2.8653,2.7355,7.328
2006-12-17,13.3783,3.2244,3.2015,8.911
2006-12-18,13.3768,3.1086,2.8713,7.778
2006-12-19,13.3763,3.0982,2.7376,7.328
2006-12-20,13.3767,3.1233,2.718,7.253
2006-12-21,13.378,3.1836,3.0229,8.293
2006-12-22,13.3803,3.2574,3.0435,8.43
2006-12-23,13.3835,3.2733,2.9789,8.143
2006-12-24,13.3876,3.1617,3.1366,8.723
2006-12-25,13.3926,3.2285,2.9026,7.896
2006-12-26,13.3985,3.157,2.98,8.165
2006-12-27,13.4054,3.1612,2.8705,7.841
2006-12-28,13.4131,3.334,3.222,8.957
2006-12-29,13.4218,3.6716,3.5,9.879
2006-12-30,13.4313,3.7787,3.6651,10.524
2006-12-31,13.4417,3.6141,3.5335,9.986
2007-01-01,13.453,3.3377,3.2684,9.096
2007-01-02,13.4652,3.6371,3.6186,10.334
2007-01-03,13.4782,3.8059,3.5917,10.276
2007-01-04,13.4921,3.471,3.4959,9.897
2007-01-05,13.5068,3.3837,3.4057,9.555
2007-01-06,13.5223,3.1875,2.9857,8.115
2007-01-07,13.5386,3.392,2.9538,8.035
2007-01-08,13.5557,3.5106,3.3597,9.317
2007-01-09,13.5736,2.917,2.8393,7.662
2007-01-10,13.5922,3.1412,2.7707,7.406
2007-01-11,13.6116,3.1484,3.3689,9.394
2007-01-12,13.6317,2.9532,3.0532,8.297
2007-01-13,13.6524,3.3809,3.1245,8.521
2007-01-14,13.6739,3.122,2.9948,8.118
2007-01-15,13.696,3.3252,3.4693,9.715
2007-01-16,13.7188,3.3481,3.2436,8.909
2007-01-17,13.7422,3.2645,3.1413,8.624
2007-01-18,13.7662,3.1796,3.0205,8.228
2007-01-19,13.7907,2.9933,2.8406,7.608
2007-01-20,13.8159,3.4838,3.3648,9.435
2007-01-21,13.8415,3.404,3.4834,9.753
2007-01-22,13.8676,3.5326,3.4201,9.464
2007-01-23,13.8943,3.6033,3.5242,9.825
2007-01-24,13.9213,3.9522,3.8346,10.986
2007-01-25,13.9488,3.4733,3.369,9.305
2007-01-26,13.9767,3.1579,2.6458,7.02
2007-01-27,14.005,3.0698,3.0399,8.196
2007-01-28,14.0336,3.9575,3.858,10.989
2007-01-29,14.0626,3.616,3.8343,10.888
2007-01-30,14.0918,3.7353,3.7182,10.501
2007-01-31,14.1213,3.3305,3.5496,9.848
2007-02-01,14.1511,4.2405,4.1428,12.082
2007-02-02,14.181,4.2609,4.1938,12.108
2007-02-03,14.2111,3.9839,4.1794,12.019
2007-02-04,14.2414,3.8484,4.1177,11.881
2007-02-05,14.2718,3.7428,3.5642,9.853
2007-02-06,14.3023,3.3424,3.4848,9.761
2007-02-07,14.3328,3.7484,3.6703,10.421
2007-02-08,14.3634,3.8454,3.7337,10.534
2007-02-09,14.394,3.4598,3.4935,9.772
2007-02-10,14.4246,3.6812,3.6207,10.153
2007-02-11,14.4551,4.1602,4.0596,11.721
2007-02-12,14.4856,3.9573,3.7749,10.631
2007-02-13,14.5159,3.473,3.6535,10.134
2007-02-14,14.5461,3.1821,3.4964,9.672
2007-02-15,14.5761,3.5106,3.0973,8.445
2007-02-16,14.606,3.1845,3.3357,9.232
2007-02-17,14.6356,2.8613,3.0827,8.374
2007-02-18,14.6649,3.3024,3.3809,9.462
2007-02-19,14.694,2.8088,2.5339,6.708
2007-02-20,14.7228,3.6718,3.8754,11.148
2007-02-21,14.7513,3.5216,3.9304,11.357
2007-02-22,14.7794,3.7496,4.0135,11.504
2007-02-23,14.8071,4.0677,4.1847,11.914
2007-02-24,14.8344,4.4663,4.2962,12.52
2007-02-25,14.8613,4.1259,3.8523,10.822
2007-02-26,14.8877,4.0313,4.0305,11.367
2007-02-27,14.9137,4.3736,4.5589,13.43
2007-02-28,14.9391,4.6709,4.7403,14.119
2007-03-01,14.9641,4.3792,4.3457,12.328
2007-03-02,14.9885,4.572,4.1305,11.81
2007-03-03,15.0123,4.4928,4.4426,12.819
2007-03-04,15.0355,3.6181,3.1429,8.385
2007-03-05,15.0582,3.4088,3.2112,8.689
2007-03-06,15.0802,3.9352,3.6652,10.19
2007-03-07,15.1016,3.9605,3.6013,9.91
2007-03-08,15.1223,3.3073,2.9858,7.967
2007-03-09,15.1424,3.6108,3.1931,8.624
2007-03-10,15.1618,3.2665,3.1973,8.633
2007-03-11,15.1804,4.0733,3.6743,10.12
2007-03-12,15.1984,3.7488,3.6169,9.966
2007-03-13,15.2156,4.0613,3.6616,10.116
2007-03-14,15.2321,3.7823,3.5469,9.701
2007-03-15,15.2479,3.6275,3.3075,9.061
2007-03-16,15.2629,3.4256,3.2792,8.902
2007-03-17,15.2771,3.4693,3.3257,9.027
2007-03-18,15.2906,3.5992,3.6694,10.197
2007-03-19,15.3032,3.6253,3.2265,8.744
2007-03-20,15.3151,3.8816,3.9321,10.964
2007-03-21,15.3262,3.7575,3.51,9.586
2007-03-22,15.3365,3.6122,3.0574,8.209
2007-03-23,15.346,3.5511,3.337,9.131
2007-03-24,15.3547,3.2501,3.1597,8.528
2007-03-25,15.3626,2.9068,2.1608,5.543
2007-03-26,15.3697,3.554,3.2228,8.762
2007-03-27,15.376,3.351,2.8065,7.423
2007-03-28,15.3815,3.2737,3.6162,9.937
2007-03-29,15.3862,3.1407,2.7151,7.138
2007-03-30,15.3901,3.714,3.8088,10.656
2007-03-31,15.3932,3.3195,3.0822,8.197
2007-04-01,15.3955,3.8335,4.0563,11.366
2007-04-02,15.3971,3.718,3.5655,9.715
2007-04-03,15.3978,3.1628,3.3059,8.885
2007-04-04,15.3979,3.6834,3.5419,9.687
2007-04-05,15.3971,3.428,2.9657,7.882
2007-04-06,15.3957,3.5487,3.8852,10.782
2007-04-07,15.3935,3.2763,3.5219,9.582
2007-04-08,15.3905,3.2921,3.1336,8.407
2007-04-09,15.3869,4.0581,3.7077,10.363
2007-04-10,15.3826,3.6907,3.8335,10.694
2007-04-11,15.3776,3.9035,3.8483,10.785
2007-04-12,15.372,3.6746,3.4545,9.31
2007-04-13,15.3656,3.8429,3.9135,10.891
2007-04-14,15.3587,3.4785,3.5542,9.71
2007-04-15,15.3511,3.9068,3.7489,10.432
2007-04-16,15.343,3.7247,3.3425,9.058
2007-04-17,15.3342,3.862,3.7309,10.307
2007-04-18,15.3249,3.4959,3.3026,8.881
2007-04-19,15.3151,3.2348,3.3694,9.115
2007-04-20,15.3047,2.379,2.0831,5.328
2007-04-21,15.2939,3.0909,3.4432,9.38
2007-04-22,15.2825,3.3608,3.1678,8.529
2007-04-23,15.2707,3.8082,3.8208,10.677
2007-04-24,15.2585,3.3924,3.1415,8.444
2007-04-25,15.2458,3.4233,3.5435,9.678
2007-04-26,15.2328,3.5842,3.4496,9.426
2007-04-27,15.2193,3.3931,3.4392,9.381
2007-04-28,15.2055,3.8881,3.673,10.144
2007-04-29,15.1914,3.6942,3.3782,9.206
2007-04-30,15.177,3.4776,3.5499,9.715
2007-05-01,15.1623,3.6122,3.395,9.313
2007-05-02,15.1474,3.5542,3.6745,10.25
2007-05-03,15.1322,3.2577,2.8507,7.579
2007-05-04,15.1168,3.2994,2.8985,7.696
2007-05-05,15.1013,3.5347,3.8088,10.689
2007-05-06,15.0855,3.8462,3.5854,9.928
2007-05-07,15.0697,3.8184,3.6123,10.015
2007-05-08,15.0537,3.3505,3.0868,8.272
2007-05-09,15.0377,3.61,3.7693,10.499
2007-05-10,15.0215,3.0373,3.0322,8.098
2007-05-11,15.0054,3.8846,3.8748,10.849
2007-05-12,14.9892,3.7853,3.6601,10.186
2007-05-13,14.973,3.6413,3.4128,9.396
2007-05-14,14.9569,3.6783,3.6929,10.391
2007-05-15,14.9408,3.9247,3.8619,10.814
2007-05-16,14.9248,3.5253,3.4238,9.36
2007-05-17,14.9089,3.722,3.3963,9.25
2007-05-18,14.8932,3.5688,3.3936,9.283
2007-05-19,14.8775,3.0185,2.8858,7.65
2007-05-20,14.8621,3.1717,3.0851,8.291
2007-05-21,14.8468,3.1024,3.5014,9.592
2007-05-22,14.8317,3.2525,3.6286,10.096
2007-05-23,14.8169,3.1658,2.9934,8.065
2007-05-24,14.8023,3.7537,3.549,9.932
2007-05-25,14.788,3.6251,3.3983,9.455
2007-05-26,14.774,2.4667,3.0115,8.139
2007-05-27,14.7602,3.3307,3.5568,9.888
2007-05-28,14.7468,2.8618,3.2407,8.777
2007-05-29,14.7338,3.0802,2.3272,6.051
2007-05-30,14.7211,3.1483,3.072,8.316
2007-05-31,14.7088,3.0749,3.1197,8.513
2007-06-01,14.6968,3.152,2.9926,8.1
2007-06-02,14.6853,3.0064,2.8226,7.573
2007-06-03,14.6742,2.632,2.0667,5.366
2007-06-04,14.6636,3.7218,3.6143,10.153
2007-06-05,14.6533,3.4361,3.0609,8.289
2007-06-06,14.6436,3.3149,3.4063,9.469
2007-06-07,14.6343,3.3067,3.0887,8.36
2007-06-08,14.6255,3.5924,3.5039,9.734
2007-06-09,14.6172,3.1449,2.9865,8.148
2007-06-10,14.6094,3.5477,3.3427,9.292
2007-06-11,14.6021,3.7229,3.284,9.034
2007-06-12,14.5954,4.0631,3.8642,10.876
2007-06-13,14.5891,4.1216,4.0406,11.65
2007-06-14,14.5834,3.6476,3.3573,9.284
2007-06-15,14.5783,3.5196,3.3778,9.435
2007-06-16,14.5737,3.4698,3.2604,8.955
2007-06-17,14.5696,3.579,3.7231,10.506
2007-06-18,14.5661,3.5219,3.4123,9.408
2007-06-19,14.5632,3.811,3.8044,10.748
2007-06-20,14.5608,3.7389,3.4589,9.573
2007-06-21,14.559,3.9006,3.8121,10.978
2007-06-22,14.5577,3.7808,3.1429,8.527
2007-06-23,14.557,2.9156,2.4362,6.401
2007-06-24,14.5569,3.1991,3.0315,8.176
2007-06-25,14.5573,3.4555,3.3455,9.167
2007-06-26,14.5583,3.6518,3.0017,8.148
2007-06-27,14.5599,3.4179,3.2142,8.75
2007-06-28,14.562,3.1015,3.3573,9.167
2007-06-29,14.5646,3.451,3.1232,8.527
2007-06-30,14.5678,3.4077,2.8552,7.657
2007-07-01,14.5715,3.6168,3.472,9.631
2007-07-02,14.5758,3.7564,3.3504,9.167
2007-07-03,14.5805,3.7252,3.4453,9.571
2007-07-04,14.5858,3.8356,3.6597,10.276
2007-07-05,14.5916,3.8026,3.6426,10.169
2007-07-06,14.5979,3.9816,3.5897,10.047
2007-07-07,14.6047,4.0222,3.6763,10.351
2007-07-08,14.6119,3.5065,3.436,9.493
2007-07-09,14.6196,3.1192,3.0922,8.353
2007-07-10,14.6277,3.81,3.4307,9.483
2007-07-11,14.6363,3.8363,3.5866,9.989
2007-07-12,14.6453,3.4217,3.138,8.506
2007-07-13,14.6547,3.7724,3.6062,10.042
2007-07-14,14.6645,3.6068,3.5826,9.967
2007-07-15,14.6747,3.7377,3.1784,8.645
2007-07-16,14.6852,3.4806,3.351,9.199
2007-07-17,14.6961,3.3754,2.8139,7.501
2007-07-18,14.7073,3.9487,3.899,11.079
2007-07-19,14.7188,3.805,3.5928,10.079
2007-07-20,14.7306,3.6465,3.4802,9.716
2007-07-21,14.7426,3.277,3.0557,8.309
2007-07-22,14.755,3.1974,2.8513,7.679
2007-07-23,14.7675,3.1893,2.9478,7.962
2007-07-24,14.7803,3.458,3.3403,9.185
2007-07-25,14.7932,4.1453,3.9632,11.465
2007-07-26,14.8063,3.9772,3.9247,11.235
2007-07-27,14.8196,3.7646,3.6294,10.128
2007-07-28,14.833,3.6015,3.231,8.88
2007-07-29,14.8465,3.8506,3.6925,10.409
2007-07-30,14.8601,3.7885,3.698,10.459
2007-07-31,14.8738,3.718,3.6991,10.421
2007-08-01,14.8875,3.8189,3.5666,9.983
2007-08-02,14.9012,3.8714,3.6513,10.239
2007-08-03,14.9149,3.5751,3.4115,9.481
2007-08-04,14.9286,3.8022,3.5486,9.869
2007-08-05,14.9422,3.3403,3.0286,8.166
2007-08-06,14.9558,3.7444,3.6244,10.132
2007-08-07,14.9693,3.3804,3.1818,8.676
2007-08-08,14.9826,3.564,3.2527,8.908
2007-08-09,14.9958,3.1362,2.7382,7.266
2007-08-10,15.0088,3.9424,3.6523,10.299
2007-08-11,15.0217,3.6396,3.4851,9.662
2007-08-12,15.0343,3.2343,3.3076,9.068
2007-08-13,15.0467,3.8977,3.8834,10.936
2007-08-14,15.0588,3.5641,3.1871,8.687
2007-08-15,15.0707,3.3769,3.0163,8.125
2007-08-16,15.0823,3.4753,3.6163,10.07
2007-08-17,15.0935,3.5415,3.3354,9.121
2007-08-18,15.1044,3.8326,3.6331,10.19
2007-08-19,15.1149,3.6046,3.4689,9.572
2007-08-20,15.125,2.8981,2.8423,7.595
2007-08-21,15.1347,3.602,3.1065,8.498
2007-08-22,15.144,3.9569,3.4438,9.515
2007-08-23,15.1529,3.3191,3.2878,8.984
2007-08-24,15.1612,3.6138,3.2422,8.817
2007-08-25,15.1691,2.7429,2.788,7.432
2007-08-26,15.1765,3.1433,2.8798,7.744
2007-08-27,15.1833,3.2903,3.0823,8.282
2007-08-28,15.1897,4.2803,4.1932,12.135
2007-08-29,15.1954,3.8067,3.2417,8.821
2007-08-30,15.2006,3.4281,3.5271,9.725
2007-08-31,15.2052,3.5378,3.6862,10.331
2007-09-01,15.2091,3.389,3.0375,8.273
2007-09-02,15.2125,3.7403,3.5598,9.903
2007-09-03,15.2152,3.6587,3.3306,9.176
2007-09-04,15.2173,3.7154,3.2882,9.047
2007-09-05,15.2187,3.7016,3.4759,9.643
2007-09-06,15.2195,3.7993,3.6905,10.417
2007-09-07,15.2196,3.987,3.6613,10.245
2007-09-08,15.219,3.5218,3.4656,9.563
2007-09-09,15.2177,3.763,3.162,8.627
2007-09-10,15.2156,3.937,4.0002,11.571
2007-09-11,15.2129,4.0559,3.634,10.078
2007-09-12,15.2095,4.1106,3.7672,10.586
2007-09-13,15.2053,3.9289,3.5001,9.662
2007-09-14,15.2004,3.7041,3.5046,9.659
2007-09-15,15.1947,3.3994,3.3984,9.343
2007-09-16,15.1884,3.798,3.5069,9.834
2007-09-17,15.1813,3.872,3.7571,10.685
2007-09-18,15.1734,4.1678,3.9887,11.277
2007-09-19,15.1648,3.8806,3.2707,8.897
2007-09-20,15.1555,3.4808,3.7178,10.406
2007-09-21,15.1454,3.7822,3.6052,9.987
2007-09-22,15.1346,4.076,3.9979,11.474
2007-09-23,15.1231,3.6044,3.328,9.051
2007-09-24,15.1108,3.9812,3.7437,10.628
2007-09-25,15.0979,3.5035,3.308,9.13
2007-09-26,15.0842,3.004,3.2538,8.835
2007-09-27,15.0698,3.8769,3.909,10.991
2007-09-28,15.0547,4.2487,3.7664,10.521
2007-09-29,15.0389,4.1275,3.8686,10.912
2007-09-30,15.0224,3.8701,3.6872,10.275
2007-10-01,15.0053,3.7159,3.1227,8.5
2007-10-02,14.9875,4.0985,4.0684,11.676
2007-10-03,14.9691,3.4656,3.4329,9.404
2007-10-04,14.9501,3.778,3.7155,10.405
2007-10-05,14.9304,3.7505,3.7962,10.881
2007-10-06,14.9101,3.6292,3.5354,9.782
2007-10-07,14.8892,3.6348,3.2583,8.894
2007-10-08,14.8678,3.5155,3.0976,8.436
2007-10-09,14.8458,2.8051,2.64,6.933
2007-10-10,14.8233,3.2923,3.3406,9.167
2007-10-11,14.8003,3.6821,3.4436,9.603
2007-10-12,14.7768,2.8152,3.0263,8.154
2007-10-13,14.7528,3.1359,3.3604,9.26
2007-10-14,14.7284,3.093,3.0739,8.284
2007-10-15,14.7035,3.4173,3.0726,8.32
2007-10-16,14.6782,3.5725,3.2818,8.994
2007-10-17,14.6526,3.5788,3.4706,9.604
2007-10-18,14.6265,3.2233,2.8259,7.585
2007-10-19,14.6002,3.1915,3.2097,8.834
2007-10-20,14.5735,3.047,3.1516,8.576
2007-10-21,14.5465,2.9774,2.5151,6.623
2007-10-22,14.5193,3.2634,3.3784,9.374
2007-10-23,14.4918,3.6419,3.6015,10.091
2007-10-24,14.4641,3.4194,3.2697,9.003
2007-10-25,14.4363,3.6041,3.6826,10.522
2007-10-26,14.4082,3.3588,3.4662,9.613
2007-10-27,14.3801,3.3448,3.3828,9.346
2007-10-28,14.3518,2.8198,3.0666,8.398
2007-10-29,14.3234,2.7907,2.7152,7.189
2007-10-30,14.295,3.0997,2.6919,7.18
2007-10-31,14.2666,2.6784,2.6325,7.018
2007-11-01,14.2382,2.9626,3.053,8.258
2007-11-02,14.2098,3.0437,3.1833,8.704
2007-11-03,14.1815,3.0497,3.3332,9.14
2007-11-04,14.1533,2.9437,2.7093,7.164
2007-11-05,14.1251,3.4351,3.6585,10.4
2007-11-06,14.0972,3.4436,3.4477,9.645
2007-11-07,14.0694,3.046,2.8924,7.821
2007-11-08,14.0418,2.9574,2.8086,7.542
2007-11-09,14.0144,2.8006,2.5783,6.789
2007-11-10,13.9873,3.1835,3.1157,8.576
2007-11-11,13.9605,3.1908,2.9902,8.114
2007-11-12,13.9339,2.7594,2.7566,7.356
2007-11-13,13.9077,3.3198,3.2931,9.169
2007-11-14,13.8819,3.5263,3.6139,10.208
2007-11-15,13.8565,3.534,3.5297,9.947
2007-11-16,13.8315,3.3265,3.3527,9.265
2007-11-17,13.8069,3.5755,3.2521,8.938
2007-11-18,13.7828,3.3757,3.3658,9.388
2007-11-19,13.7591,3.7912,3.6924,10.585
2007-11-20,13.736,3.4518,3.4738,9.676
2007-11-21,13.7134,3.3778,3.4577,9.749
2007-11-22,13.6914,2.9911,2.9622,8.005
2007-11-23,13.67,2.9508,2.965,8.041
2007-11-24,13.6492,3.0923,2.9314,7.962
2007-11-25,13.629,3.2122,3.1036,8.524
2007-11-26,13.6094,3.5591,3.4926,9.839
2007-11-27,13.5906,3.7029,3.6085,10.247
2007-11-28,13.5724,3.1753,3.1585,8.645
2007-11-29,13.5549,3.0395,3.0124,8.279
2007-11-30,13.5381,2.7104,2.8637,7.746
2007-12-01,13.5221,3.2441,3.3051,9.329
2007-12-02,13.5068,3.1878,3.2375,9.084
2007-12-03,13.4924,3.0437,3.0225,8.355
2007-12-04,13.4787,2.6484,2.683,7.272
2007-12-05,13.4658,3.0339,2.8925,7.949
2007-12-06,13.4537,3.2066,3.1734,8.894
2007-12-07,13.4425,2.6223,2.8467,7.76
2007-12-08,13.4321,2.9181,3.0336,8.359
2007-12-09,13.4226,2.8287,2.962,8.161
2007-12-10,13.4139,3.0691,3.1043,8.609
2007-12-11,13.4061,3.1474,3.0401,8.455
2007-12-12,13.3992,2.8417,2.7744,7.528
2007-12-13,13.3932,2.7749,2.7425,7.414
2007-12-14,13.3881,3.0173,3.0056,8.277
2007-12-15,13.3839,2.8423,2.7048,7.294
2007-12-16,13.3807,2.3239,2.3213,6.148
2007-12-17,13.3783,2.5364,2.6086,7.038
2007-12-18,13.3768,2.3061,2.5072,6.685
2007-12-19,13.3763,2.7793,2.8374,7.798
2007-12-20,13.3767,2.7527,2.9832,8.22
2007-12-21,13.378,2.7719,3.0203,8.312
2007-12-22,13.3803,2.9014,2.9444,8.103
2007-12-23,13.3835,3.0754,2.8045,7.591
2007-12-24,13.3876,2.6625,2.7459,7.426
2007-12-25,13.3926,2.9292,2.8617,7.77
2007-12-26,13.3985,3.0667,2.9902,8.193
2007-12-27,13.4054,3.096,2.9001,7.904
2007-12-28,13.4131,3.3529,3.1597,8.768
2007-12-29,13.4218,3.4934,3.224,9.005
2007-12-30,13.4313,3.3066,3.2111,8.943
2007-12-31,13.4417,3.3228,3.4096,9.586
2008-01-01,13.453,3.4243,3.4474,9.866
2008-01-02,13.4652,3.4047,3.4178,9.665
2008-01-03,13.4782,2.9929,3.048,8.454
2008-01-04,13.4921,3.2593,3.2204,8.966
2008-01-05,13.5068,3.2189,3.1615,8.724
2008-01-06,13.5223,3.1611,3.1224,8.527
2008-01-07,13.5386,3.1565,3.0417,8.314
2008-01-08,13.5557,2.9539,3.022,8.355
2008-01-09,13.5736,3.0111,3.0326,8.336
2008-01-10,13.5922,2.9056,3.0206,8.272
2008-01-11,13.6116,2.9782,2.8869,7.862
2008-01-12,13.6317,3.0949,3.2211,8.964
2008-01-13,13.6524,2.6697,2.8851,7.761
2008-01-14,13.6739,3.1866,3.1267,8.575
2008-01-15,13.696,3.1943,2.9328,7.953
2008-01-16,13.7188,3.3689,3.0066,8.238
2008-01-17,13.7422,2.8003,2.6608,7.158
2008-01-18,13.7662,3.5274,3.5359,10.045
2008-01-19,13.7907,3.8061,3.6794,10.638
2008-01-20,13.8159,3.5011,3.5707,10.121
2008-01-21,13.8415,3.1341,3.0297,8.3
2008-01-22,13.8676,3.1842,3.4182,9.577
2008-01-23,13.8943,3.3913,3.4779,9.735
2008-01-24,13.9213,3.3093,3.488,9.738
2008-01-25,13.9488,2.855,3.0948,8.419
2008-01-26,13.9767,3.0212,3.1147,8.533
2008-01-27,14.005,2.9227,3.0259,8.232
2008-01-28,14.0336,2.8404,3.0288,8.25
2008-01-29,14.0626,3.0965,3.3612,9.362
2008-01-30,14.0918,2.4763,2.9295,7.952
2008-01-31,14.1213,2.6623,2.9983,8.226
2008-02-01,14.1511,2.4641,2.8527,7.744
2008-02-02,14.181,2.7428,2.9604,8.109
2008-02-03,14.2111,2.8346,3.1458,8.67
2008-02-04,14.2414,3.1995,3.2738,9.094
2008-02-05,14.2718,3.6812,3.5874,10.198
2008-02-06,14.3023,3.3365,3.2838,9.077
2008-02-07,14.3328,3.5528,3.4456,9.647
2008-02-08,14.3634,3.6461,3.6854,10.391
2008-02-09,14.394,3.3421,3.2111,8.802
2008-02-10,14.4246,3.4126,3.0077,8.154
2008-02-11,14.4551,3.1741,3.0402,8.242
2008-02-12,14.4856,3.5388,3.6212,10.144
2008-02-13,14.5159,3.8643,3.7011,10.433
2008-02-14,14.5461,3.5172,3.4521,9.519
2008-02-15,14.5761,3.4492,3.5784,10.017
2008-02-16,14.606,3.4916,3.6935,10.483
2008-02-17,14.6356,3.4705,,
2008-02-18,14.6649,2.8373,3.1665,8.621
2008-02-19,14.694,3.0289,2.7503,7.372
2008-02-20,14.7228,3.1057,3.1518,8.566
2008-02-21,14.7513,3.0525,2.9504,7.926
2008-02-22,14.7794,3.3012,3.5183,9.839
2008-02-23,14.8071,3.5142,,
2008-02-24,14.8344,3.4235,3.4792,9.562
2008-02-25,14.8613,3.3909,3.2928,8.998
2008-02-26,14.8877,3.5378,3.6815,10.362
2008-02-27,14.9137,3.5354,3.4776,9.671
2008-02-28,14.9391,3.3108,3.1098,8.449
2008-02-29,14.9641,3.6307,3.6406,10.12
2008-03-01,14.9885,3.7449,3.6076,10.02
2008-03-02,15.0123,3.6513,3.6713,10.239
2008-03-03,15.0355,3.3231,3.3254,9.073
2008-03-04,15.0582,3.302,3.4497,9.453
2008-03-05,15.0802,3.3451,3.5295,9.784
2008-03-06,15.1016,3.2067,2.677,7.099
2008-03-07,15.1223,3.3569,3.2587,8.929
2008-03-08,15.1424,3.1972,3.5036,9.607
2008-03-09,15.1618,3.406,3.2494,8.873
2008-03-10,15.1804,3.2524,3.2036,8.659
2008-03-11,15.1984,3.4352,3.4462,9.519
2008-03-12,15.2156,3.2821,3.2934,9.072
2008-03-13,15.2321,3.2936,2.9002,7.727
2008-03-14,15.2479,2.2007,1.6867,4.294
2008-03-15,15.2629,3.3457,,
2008-03-16,15.2771,3.9604,,
2008-03-17,15.2906,4.19,,
2008-03-18,15.3032,4.0054,,
2008-03-19,15.3151,3.8757,3.8144,10.714
2008-03-20,15.3262,3.5918,3.5154,9.656
2008-03-21,15.3365,3.6811,3.2745,8.946
2008-03-22,15.346,3.9852,,
2008-03-23,15.3547,3.8444,3.6076,9.956
2008-03-24,15.3626,4.0262,3.7771,10.481
2008-03-25,15.3697,3.5359,3.4829,9.478
2008-03-26,15.376,4.0279,3.9808,11.243
2008-03-27,15.3815,3.7576,3.6589,10.12
2008-03-28,15.3862,3.7235,,
2008-03-29,15.3901,3.5548,,
2008-03-30,15.3932,3.5637,3.6581,10.08
2008-03-31,15.3955,3.3579,3.1657,8.563
2008-04-01,15.3971,2.4315,2.5442,6.65
2008-04-02,15.3978,3.4483,,
2008-04-03,15.3979,3.5186,,
2008-04-04,15.3971,3.5955,3.3854,9.386
2008-04-05,15.3957,3.6761,,
2008-04-06,15.3935,3.5637,,
2008-04-07,15.3905,3.6087,3.3419,9.162
2008-04-08,15.3869,3.6131,3.5531,9.753
2008-04-09,15.3826,3.4227,3.5111,9.625
2008-04-10,15.3776,3.4821,3.3614,9.17
2008-04-11,15.372,3.5838,3.5489,9.825
2008-04-12,15.3656,3.3141,,
2008-04-13,15.3587,3.5397,3.1593,8.576
2008-04-14,15.3511,2.9724,3.0668,8.224
2008-04-15,15.343,3.1279,2.798,7.421
2008-04-16,15.3342,3.9774,3.8772,10.943
2008-04-17,15.3249,4.3716,4.2428,12.261
2008-04-18,15.3151,4.0668,4.0073,11.313
2008-04-19,15.3047,3.6352,3.45,9.332
2008-04-20,15.2939,3.8511,3.5327,9.725
2008-04-21,15.2825,3.4673,3.5713,9.783
2008-04-22,15.2707,3.5719,3.4794,9.526
2008-04-23,15.2585,3.5217,2.8298,7.506
2008-04-24,15.2458,2.5903,2.6821,7.075
2008-04-25,15.2328,3.3023,2.9284,7.812
2008-04-26,15.2193,3.1343,3.2951,8.925
2008-04-27,15.2055,3.4379,3.0659,8.212
2008-04-28,15.1914,3.7519,3.5333,9.741
2008-04-29,15.177,3.9551,4.0419,11.45
2008-04-30,15.1623,3.5393,3.4876,9.489
2008-05-01,15.1474,3.3389,3.2724,8.925
2008-05-02,15.1322,3.2496,3.5104,9.683
2008-05-03,15.1168,2.8505,,
2008-05-04,15.1013,2.9376,2.8507,7.577
2008-05-05,15.0855,3.2013,,
2008-05-06,15.0697,3.4136,3.4447,9.473
2008-05-07,15.0537,3.4655,3.5757,9.878
2008-05-08,15.0377,3.4241,3.5055,9.62
2008-05-09,15.0215,3.4427,3.4363,9.494
2008-05-10,15.0054,3.9377,3.9751,11.322
2008-05-11,14.9892,3.6245,3.8296,10.682
2008-05-12,14.973,3.8879,3.8765,10.929
2008-05-13,14.9569,3.8707,3.7445,10.396
2008-05-14,14.9408,3.895,3.7112,10.313
2008-05-15,14.9248,3.626,3.4398,9.455
2008-05-16,14.9089,3.3136,2.9256,7.834
2008-05-17,14.8932,3.2229,,
2008-05-18,14.8775,3.2284,3.2484,8.893
2008-05-19,14.8621,3.1918,2.8364,7.523
2008-05-20,14.8468,3.1141,,
2008-05-21,14.8317,3.4802,,
2008-05-22,14.8169,2.9126,2.8223,7.559
2008-05-23,14.8023,3.3805,3.0535,8.271
2008-05-24,14.788,3.2666,2.7161,7.203
2008-05-25,14.774,2.8379,,
2008-05-26,14.7602,2.8414,3.0173,8.203
2008-05-27,14.7468,2.8065,2.894,7.777
2008-05-28,14.7338,2.4478,2.4853,6.499
2008-05-29,14.7211,3.3729,3.0566,8.33
2008-05-30,14.7088,3.366,3.5479,9.887
2008-05-31,14.6968,3.5376,,
2008-06-01,14.6853,3.5225,3.1818,8.699
2008-06-02,14.6742,3.4196,3.1742,8.643
2008-06-03,14.6636,2.8005,2.8567,7.661
2008-06-04,14.6533,3.5313,,
2008-06-05,14.6436,3.5121,3.1235,8.578
2008-06-06,14.6343,2.8835,3.0085,8.164
2008-06-07,14.6255,3.6033,3.2973,9.112
2008-06-08,14.6172,3.3658,3.2987,9.05
2008-06-09,14.6094,3.5488,3.2096,8.843
2008-06-10,14.6021,2.9154,2.5493,6.683
2008-06-11,14.5954,3.4915,3.5315,9.858
2008-06-12,14.5891,4.0488,3.6509,10.178
2008-06-13,14.5834,3.7314,3.621,10.033
2008-06-14,14.5783,3.2854,2.8869,7.771
2008-06-15,14.5737,3.228,3.0729,8.354
2008-06-16,14.5696,3.5729,3.3446,9.225
2008-06-17,14.5661,3.917,3.3745,9.35
2008-06-18,14.5632,3.2473,2.9061,7.778
2008-06-19,14.5608,3.626,,
2008-06-20,14.559,3.743,,
2008-06-21,14.5577,3.5612,3.1238,8.538
2008-06-22,14.557,2.9431,2.9301,7.891
2008-06-23,14.5569,2.9452,2.9495,7.968
2008-06-24,14.5573,3.1847,3.2801,9.009
2008-06-25,14.5583,2.4671,2.3358,6.092
2008-06-26,14.5599,3.4951,3.3966,9.398
2008-06-27,14.562,3.5334,3.5307,9.802
2008-06-28,14.5646,3.2986,,
2008-06-29,14.5678,3.2872,2.7085,7.186
2008-06-30,14.5715,3.6342,3.4552,9.629
2008-07-01,14.5758,3.4269,3.3821,9.326
2008-07-02,14.5805,3.1819,2.8359,7.665
2008-07-03,14.5858,3.1573,2.9998,8.092
2008-07-04,14.5916,2.9512,3.0366,8.19
2008-07-05,14.5979,3.2099,2.8523,7.639
2008-07-06,14.6047,3.2846,3.1609,8.602
2008-07-07,14.6119,3.4116,3.2118,8.773
2008-07-08,14.6196,3.314,3.0182,8.151
2008-07-09,14.6277,3.0526,2.9836,8.024
2008-07-10,14.6363,3.4544,3.1322,8.569
2008-07-11,14.6453,3.1646,3.0255,8.206
2008-07-12,14.6547,3.3074,3.2543,8.883
2008-07-13,14.6645,3.3239,3.0315,8.151
2008-07-14,14.6747,3.0525,2.8613,7.635
2008-07-15,14.6852,3.398,3.1408,8.559
2008-07-16,14.6961,3.1553,,
2008-07-17,14.7073,2.9583,2.8629,7.716
2008-07-18,14.7188,3.3965,3.438,9.544
2008-07-19,14.7306,3.378,3.1641,8.635
2008-07-20,14.7426,3.8803,3.8103,10.765
2008-07-21,14.755,3.6547,3.3398,9.187
2008-07-22,14.7675,3.8047,3.56,10.015
2008-07-23,14.7803,3.8756,3.7639,10.67
2008-07-24,14.7932,3.8667,3.6662,10.278
2008-07-25,14.8063,3.7878,3.5409,9.782
2008-07-26,14.8196,3.6139,3.3387,9.205
2008-07-27,14.833,3.6963,3.4162,9.383
2008-07-28,14.8465,3.1137,2.9189,7.825
2008-07-29,14.8601,3.4038,3.1238,8.434
2008-07-30,14.8738,3.697,,
2008-07-31,14.8875,3.244,3.0904,8.384
2008-08-01,14.9012,3.718,3.6299,10.152
2008-08-02,14.9149,3.5945,3.2945,9.022
2008-08-03,14.9286,3.2775,3.1545,8.584
2008-08-04,14.9422,3.7518,3.4134,9.369
2008-08-05,14.9558,4.0209,3.906,11.0
2008-08-06,14.9693,3.8148,2.8625,7.653
2008-08-07,14.9826,4.2367,3.769,10.637
2008-08-08,14.9958,4.1173,4.022,11.392
2008-08-09,15.0088,3.9856,3.6238,10.058
2008-08-10,15.0217,3.5399,3.2398,8.784
2008-08-11,15.0343,3.5594,2.7629,7.444
2008-08-12,15.0467,3.4511,3.5441,9.823
2008-08-13,15.0588,3.7808,3.6287,10.11
2008-08-14,15.0707,3.811,3.5665,9.901
2008-08-15,15.0823,3.3451,3.5486,9.839
2008-08-16,15.0935,3.3429,2.7933,7.412
2008-08-17,15.1044,3.4446,3.2312,8.83
2008-08-18,15.1149,3.1641,3.1171,8.45
2008-08-19,15.125,3.3003,2.7487,7.319
2008-08-20,15.1347,3.723,3.4612,9.58
2008-08-21,15.144,3.2076,3.3682,9.278
2008-08-22,15.1529,3.7686,3.4603,9.633
2008-08-23,15.1612,2.9376,3.1605,8.608
2008-08-24,15.1691,2.5084,2.8528,7.614
2008-08-25,15.1765,3.6502,3.6407,10.163
2008-08-26,15.1833,3.7029,3.6355,10.193
2008-08-27,15.1897,3.554,3.5964,10.067
2008-08-28,15.1954,3.6184,3.6607,10.225
2008-08-29,15.2006,3.6284,3.4355,9.441
2008-08-30,15.2052,2.87,3.2075,8.641
2008-08-31,15.2091,3.6769,3.6732,10.249
2008-09-01,15.2125,3.7638,3.6385,10.052
2008-09-02,15.2152,3.6548,3.4331,9.404
2008-09-03,15.2173,2.7711,2.6641,6.989
2008-09-04,15.2187,2.9614,2.6647,7.044
2008-09-05,15.2195,3.5054,3.3341,9.036
2008-09-06,15.2196,4.278,4.0295,11.442
2008-09-07,15.219,3.9544,3.7065,10.208
2008-09-08,15.2177,4.1997,3.5004,9.721
2008-09-09,15.2156,3.8949,3.7539,10.527
2008-09-10,15.2129,4.3028,4.0259,11.51
2008-09-11,15.2095,4.0032,3.7315,10.479
2008-09-12,15.2053,4.1819,3.9538,11.281
2008-09-13,15.2004,4.1822,3.9603,11.191
2008-09-14,15.1947,3.9527,3.7105,10.281
2008-09-15,15.1884,3.9319,3.2098,8.793
2008-09-16,15.1813,3.6548,3.2803,8.903
2008-09-17,15.1734,3.0868,2.9797,7.972
2008-09-18,15.1648,3.6176,3.8059,10.826
2008-09-19,15.1555,3.4895,3.4176,9.41
2008-09-20,15.1454,3.2103,3.0935,8.353
2008-09-21,15.1346,3.7727,3.485,9.706
2008-09-22,15.1231,3.9003,3.4675,9.584
2008-09-23,15.1108,3.537,3.5536,9.885
2008-09-24,15.0979,3.6181,3.5401,9.853
2008-09-25,15.0842,4.0243,3.5564,9.856
2008-09-26,15.0698,3.7295,3.3326,9.115
2008-09-27,15.0547,3.7278,3.5281,9.745
2008-09-28,15.0389,3.8184,3.6278,10.113
2008-09-29,15.0224,3.8692,3.651,10.154
2008-09-30,15.0053,3.8357,3.5584,9.873
2008-10-01,14.9875,3.4773,3.4368,9.499
2008-10-02,14.9691,3.5909,3.5522,9.84
2008-10-03,14.9501,3.7147,,
2008-10-04,14.9304,3.5992,3.5234,9.802
2008-10-05,14.9101,3.4518,3.2356,8.836
2008-10-06,14.8892,3.4185,3.5146,9.734
2008-10-07,14.8678,3.4485,3.3328,9.207
2008-10-08,14.8458,3.5255,3.5145,9.737
2008-10-09,14.8233,3.7685,3.7946,10.867
2008-10-10,14.8003,3.3917,3.0388,8.282
2008-10-11,14.7768,3.3135,3.3175,9.1
2008-10-12,14.7528,3.2722,2.8975,7.772
2008-10-13,14.7284,3.3726,3.2874,9.033
2008-10-14,14.7035,3.2951,3.4018,9.429
2008-10-15,14.6782,3.4904,3.5976,10.047
2008-10-16,14.6526,2.92,3.4331,9.434
2008-10-17,14.6265,3.4521,3.8018,10.72
2008-10-18,14.6002,3.6941,3.543,9.844
2008-10-19,14.5735,3.7064,3.8335,10.763
2008-10-20,14.5465,3.444,3.4805,9.651
2008-10-21,14.5193,3.7252,3.544,9.862
2008-10-22,14.4918,3.711,3.5782,9.916
2008-10-23,14.4641,3.8808,3.7043,10.331
2008-10-24,14.4363,3.6506,3.7695,10.641
2008-10-25,14.4082,2.8968,2.9876,8.125
2008-10-26,14.3801,3.411,3.4312,9.52
2008-10-27,14.3518,3.594,3.5059,9.764
2008-10-28,14.3234,3.0015,,
2008-10-29,14.295,3.1338,3.236,8.829
2008-10-30,14.2666,3.4824,3.4709,9.69
2008-10-31,14.2382,3.4514,3.4996,9.842
2008-11-01,14.2098,3.3135,3.0116,8.187
2008-11-02,14.1815,2.7816,2.7014,7.225
2008-11-03,14.1533,3.236,3.4619,9.656
2008-11-04,14.1251,2.7518,2.5266,6.605
2008-11-05,14.0972,3.1852,3.0077,8.201
2008-11-06,14.0694,3.1267,3.023,8.211
2008-11-07,14.0418,3.3518,3.3426,9.269
2008-11-08,14.0144,3.3251,3.3183,9.23
2008-11-09,13.9873,3.3901,3.3758,9.417
2008-11-10,13.9605,3.5891,3.4894,9.744
2008-11-11,13.9339,3.3439,3.4262,9.516
2008-11-12,13.9077,3.2706,3.122,8.57
2008-11-13,13.8819,3.0686,2.6871,7.188
2008-11-14,13.8565,2.373,2.5338,6.692
2008-11-15,13.8315,2.5139,2.4895,6.568
2008-11-16,13.8069,2.6456,2.7455,7.344
2008-11-17,13.7828,2.8047,3.0386,8.277
2008-11-18,13.7591,2.7937,2.9167,7.869
2008-11-19,13.736,2.6094,2.8769,7.736
2008-11-20,13.7134,2.8281,3.2021,8.749
2008-11-21,13.6914,2.621,2.9787,8.044
2008-11-22,13.67,2.3953,2.8062,7.507
2008-11-23,13.6492,2.8762,3.0431,8.224
2008-11-24,13.629,2.7254,2.795,7.451
2008-11-25,13.6094,2.6309,2.4723,6.491
2008-11-26,13.5906,2.2164,1.3612,3.339
2008-11-27,13.5724,2.3879,2.5728,6.85
2008-11-28,13.5549,3.0776,2.9582,8.095
2008-11-29,13.5381,2.3998,2.6229,6.983
2008-11-30,13.5221,2.9277,2.9007,7.829
2008-12-01,13.5068,2.8041,3.0554,8.403
2008-12-02,13.4924,2.4505,2.5463,6.77
2008-12-03,13.4787,2.6785,3.1307,8.628
2008-12-04,13.4658,3.0989,3.2953,9.189
2008-12-05,13.4537,2.9127,3.2032,8.952
2008-12-06,13.4425,3.1472,3.1216,8.568
2008-12-07,13.4321,2.9689,2.9118,7.937
2008-12-08,13.4226,3.1473,3.1661,8.798
2008-12-09,13.4139,3.4692,3.4739,9.79
2008-12-10,13.4061,3.3938,3.227,8.941
2008-12-11,13.3992,2.9841,3.1549,8.764
2008-12-12,13.3932,3.0134,2.9908,8.269
2008-12-13,13.3881,3.0313,2.8424,7.801
2008-12-14,13.3839,2.768,2.8128,7.647
2008-12-15,13.3807,2.9489,3.2899,9.168
2008-12-16,13.3783,2.863,3.1211,8.692
2008-12-17,13.3768,2.5528,2.983,8.254
2008-12-18,13.3763,2.3279,2.6543,7.161
2008-12-19,13.3767,2.6063,2.9183,7.974
2008-12-20,13.378,2.846,3.0511,8.458
2008-12-21,13.3803,2.5817,2.54,6.799
2008-12-22,13.3835,2.5303,2.5792,6.872
2008-12-23,13.3876,2.9316,3.2253,9.009
2008-12-24,13.3926,3.0299,3.4103,9.617
2008-12-25,13.3985,2.689,3.0847,8.433
2008-12-26,13.4054,2.911,3.2364,9.032
2008-12-27,13.4131,2.8066,3.2203,8.942
2008-12-28,13.4218,2.9093,3.3979,9.504
2008-12-29,13.4313,2.906,3.3294,9.409
2008-12-30,13.4417,2.7404,3.0561,8.376
2008-12-31,13.453,2.6229,3.224,8.896
2009-01-01,13.453,2.8414,3.0381,8.338
2009-01-02,13.4652,2.9277,3.0881,8.424
2009-01-03,13.4782,3.3905,3.4238,9.585
2009-01-04,13.4921,2.8638,3.2412,9.015
2009-01-05,13.5068,3.2869,3.3789,9.446
2009-01-06,13.5223,3.0002,3.0614,8.37
2009-01-07,13.5386,3.0512,2.9421,8.015
2009-01-08,13.5557,3.3609,3.1668,8.775
2009-01-09,13.5736,3.0701,2.8201,7.627
2009-01-10,13.5922,3.4417,3.2292,8.972
2009-01-11,13.6116,3.3697,3.3708,9.397
2009-01-12,13.6317,3.3018,3.2599,9.03
2009-01-13,13.6524,3.4451,3.2856,9.138
2009-01-14,13.6739,3.1215,3.0415,8.323
2009-01-15,13.696,3.2886,3.3245,9.299
2009-01-16,13.7188,3.067,3.1305,8.642
2009-01-17,13.7422,2.7672,2.5726,6.858
2009-01-18,13.7662,3.0779,3.1761,8.746
2009-01-19,13.7907,2.8456,2.8445,7.681
2009-01-20,13.8159,2.7427,2.9002,7.927
2009-01-21,13.8415,2.9477,3.0587,8.355
2009-01-22,13.8676,3.186,2.9309,7.935
2009-01-23,13.8943,3.3255,2.7603,7.429
2009-01-24,13.9213,2.8707,3.2271,8.911
2009-01-25,13.9488,3.0749,3.2633,9.077
2009-01-26,13.9767,2.9141,3.3205,9.288
2009-01-27,14.005,3.5454,3.7844,10.84
2009-01-28,14.0336,3.5387,3.6048,10.192
2009-01-29,14.0626,3.3007,3.2647,9.029
2009-01-30,14.0918,3.2017,3.3933,9.444
2009-01-31,14.1213,3.0095,2.4083,6.34
2009-02-01,14.1511,3.4239,3.4934,9.772
2009-02-02,14.181,3.392,3.4436,9.617
2009-02-03,14.2111,3.6852,3.7697,10.708
2009-02-04,14.2414,3.6443,3.7228,10.472
2009-02-05,14.2718,3.5018,3.4364,9.587
2009-02-06,14.3023,3.4998,3.4408,9.576
2009-02-07,14.3328,3.1237,3.3026,9.098
2009-02-08,14.3634,3.1036,3.2177,8.767
2009-02-09,14.394,3.0579,2.9163,7.849
2009-02-10,14.4246,3.4629,3.5209,9.785
2009-02-11,14.4551,3.0198,2.8957,7.812
2009-02-12,14.4856,3.2919,3.367,9.363
2009-02-13,14.5159,3.5633,3.7089,10.513
2009-02-14,14.5461,3.5315,3.176,8.737
2009-02-15,14.5761,3.2897,3.5168,9.792
2009-02-16,14.606,3.3563,3.6339,10.231
2009-02-17,14.6356,3.0595,3.1419,8.57
2009-02-18,14.6649,3.5129,3.3984,9.375
2009-02-19,14.694,3.2891,3.2315,8.857
2009-02-20,14.7228,3.5138,3.3701,9.299
2009-02-21,14.7513,3.6917,3.4266,9.461
2009-02-22,14.7794,3.7183,3.6418,10.156
2009-02-23,14.8071,3.3539,3.2292,8.816
2009-02-24,14.8344,3.5776,3.304,9.056
2009-02-25,14.8613,3.1991,3.2566,8.88
2009-02-26,14.8877,3.3112,3.276,8.994
2009-02-27,14.9137,3.6031,3.4714,9.629
2009-02-28,14.9391,3.5067,3.3246,9.02
2009-03-01,14.9641,3.6562,3.456,9.458
2009-03-02,14.9885,3.2815,,
2009-03-03,15.0123,3.1555,,
2009-03-04,15.0355,3.3126,,
2009-03-05,15.0582,3.6778,3.4921,9.637
2009-03-06,15.0802,3.6072,,
2009-03-07,15.1016,3.9018,,
2009-03-08,15.1223,3.6954,,
2009-03-09,15.1424,3.5065,,
2009-03-10,15.1618,3.8298,,
2009-03-11,15.1804,3.6664,,
2009-03-12,15.1984,3.4306,,
2009-03-13,15.2156,3.3377,,
2009-03-14,15.2321,3.7473,,
2009-03-15,15.2479,3.614,,
2009-03-16,15.2629,3.5999,,
2009-03-17,15.2771,3.1723,,
2009-03-18,15.2906,3.1714,,
2009-03-19,15.3032,3.4067,,
2009-03-20,15.3151,3.4599,3.1939,8.64
2009-03-21,15.3262,2.7892,2.9006,7.692
2009-03-22,15.3365,3.0798,,
2009-03-23,15.346,3.5057,,
2009-03-24,15.3547,3.5232,,
2009-03-25,15.3626,3.3469,,
2009-03-26,15.3697,3.2191,,
2009-03-27,15.376,3.6417,,
2009-03-28,15.3815,3.6488,,
2009-03-29,15.3862,2.8989,3.0046,8.042
2009-03-30,15.3901,3.7026,3.8183,10.639
2009-03-31,15.3932,3.6689,3.267,8.941
2009-04-01,15.3955,3.2357,3.5261,9.724
2009-04-02,15.3971,3.1003,3.0649,8.283
2009-04-03,15.3978,3.3645,3.4953,9.545
2009-04-04,15.3979,3.4395,,
2009-04-05,15.3971,3.7848,4.0986,11.543
2009-04-06,15.3957,3.7363,3.6696,10.083
2009-04-07,15.3935,3.3435,3.5353,9.627
2009-04-08,15.3905,3.2819,2.9131,7.757
2009-04-09,15.3869,3.3733,3.3242,9.071
2009-04-10,15.3826,3.6339,3.4145,9.336
2009-04-11,15.3776,3.763,3.8313,10.698
2009-04-12,15.372,3.5995,3.6388,10.165
2009-04-13,15.3656,3.5326,3.3557,9.136
2009-04-14,15.3587,3.8797,,
2009-04-15,15.3511,3.8068,3.7735,10.496
2009-04-16,15.343,3.8466,3.9061,10.832
2009-04-17,15.3342,3.5645,3.5402,9.643
2009-04-18,15.3249,3.5763,,
2009-04-19,15.3151,3.823,3.8691,10.789
2009-04-20,15.3047,3.8978,3.2209,8.701
2009-04-21,15.2939,3.4307,2.9796,7.916
2009-04-22,15.2825,3.9135,3.5617,9.838
2009-04-23,15.2707,3.4289,3.3813,9.169
2009-04-24,15.2585,3.6323,3.5571,9.697
2009-04-25,15.2458,3.8413,3.7455,10.374
2009-04-26,15.2328,3.806,3.5437,9.71
2009-04-27,15.2193,4.0227,4.0231,11.208
2009-04-28,15.2055,3.8411,3.7705,10.341
2009-04-29,15.1914,3.3891,,
2009-04-30,15.177,2.4185,2.627,6.862
2009-05-01,15.1623,3.2732,,
2009-05-02,15.1474,3.4742,,
2009-05-03,15.1322,2.4916,,
2009-05-04,15.1168,2.3418,,
2009-05-05,15.1013,3.3736,,
2009-05-06,15.0855,3.3836,,
2009-05-07,15.0697,3.7935,,
2009-05-08,15.0537,3.5098,,
2009-05-09,15.0377,3.7408,3.5974,9.969
2009-05-10,15.0215,3.7227,3.8698,10.806
2009-05-11,15.0054,4.0808,3.7349,10.314
2009-05-12,14.9892,3.8971,4.0895,11.651
2009-05-13,14.973,3.7699,3.6435,10.088
2009-05-14,14.9569,3.8238,3.7328,10.4
2009-05-15,14.9408,3.6485,3.4563,9.48
2009-05-16,14.9248,3.5369,3.6691,10.265
2009-05-17,14.9089,3.3176,2.927,7.838
2009-05-18,14.8932,3.6751,3.5182,9.69
2009-05-19,14.8775,3.5008,3.5573,9.773
2009-05-20,14.8621,3.8178,3.6832,10.208
2009-05-21,14.8468,3.2803,3.1041,8.438
2009-05-22,14.8317,3.7299,3.635,10.103
2009-05-23,14.8169,3.4985,3.4385,9.429
2009-05-24,14.8023,3.5548,3.8445,10.868
2009-05-25,14.788,3.6899,3.4298,9.42
2009-05-26,14.774,3.5618,3.7948,10.661
2009-05-27,14.7602,3.8555,3.7814,10.534
2009-05-28,14.7468,3.5031,3.3322,9.101
2009-05-29,14.7338,3.0624,2.6821,7.032
2009-05-30,14.7211,3.5988,3.6416,10.147
2009-05-31,14.7088,3.5111,3.4221,9.419
2009-06-01,14.6968,3.9014,3.9464,11.134
2009-06-02,14.6853,4.3115,4.2104,11.993
2009-06-03,14.6742,4.0996,3.5923,9.913
2009-06-04,14.6636,3.5822,3.4934,9.62
2009-06-05,14.6533,2.4876,2.4434,6.393
2009-06-06,14.6436,3.467,3.5484,9.831
2009-06-07,14.6343,2.883,2.5966,6.861
2009-06-08,14.6255,3.7021,3.4515,9.533
2009-06-09,14.6172,3.9287,3.7548,10.612
2009-06-10,14.6094,3.3983,3.3825,9.387
2009-06-11,14.6021,3.4773,3.631,10.174
2009-06-12,14.5954,3.5669,3.1879,8.733
2009-06-13,14.5891,2.9034,2.6073,6.898
2009-06-14,14.5834,2.8609,2.7112,7.238
2009-06-15,14.5783,3.1961,3.2898,9.012
2009-06-16,14.5737,3.6071,3.4954,9.711
2009-06-17,14.5696,3.6553,3.3838,9.341
2009-06-18,14.5661,3.5113,3.4589,9.567
2009-06-19,14.5632,3.3614,3.1935,8.742
2009-06-20,14.5608,3.2765,3.3448,9.148
2009-06-21,14.559,3.4115,3.1343,8.552
2009-06-22,14.5577,3.0673,2.8977,7.808
2009-06-23,14.557,3.0724,2.9619,8.007
2009-06-24,14.5569,3.7094,3.6159,10.202
2009-06-25,14.5573,3.2931,2.9105,7.901
2009-06-26,14.5583,3.5579,3.6272,10.142
2009-06-27,14.5599,4.0261,4.0004,11.482
2009-06-28,14.562,3.6356,3.2685,9.027
2009-06-29,14.5646,3.4182,3.4473,9.564
2009-06-30,14.5678,3.5629,3.2062,8.8
2009-07-01,14.5715,3.4696,3.3164,9.096
2009-07-02,14.5758,3.6793,3.3774,9.279
2009-07-03,14.5805,3.501,3.1733,8.621
2009-07-04,14.5858,3.1683,3.2186,8.776
2009-07-05,14.5916,3.5867,3.4192,9.423
2009-07-06,14.5979,3.7155,3.2097,8.745
2009-07-07,14.6047,3.6778,3.5835,9.941
2009-07-08,14.6119,3.5267,3.0239,8.148
2009-07-09,14.6196,3.1193,3.1159,8.418
2009-07-10,14.6277,3.7515,3.4721,9.697
2009-07-11,14.6363,3.6681,3.0266,8.195
2009-07-12,14.6453,3.2261,3.098,8.395
2009-07-13,14.6547,4.0906,3.9389,11.261
2009-07-14,14.6645,3.6918,3.2733,9.01
2009-07-15,14.6747,4.0325,3.5269,9.853
2009-07-16,14.6852,3.4245,3.5389,9.829
2009-07-17,14.6961,4.0111,3.7002,10.348
2009-07-18,14.7073,3.8898,3.6995,10.36
2009-07-19,14.7188,3.9261,3.9372,11.174
2009-07-20,14.7306,3.4593,3.2284,8.729
2009-07-21,14.7426,3.1154,2.6772,7.09
2009-07-22,14.755,3.1617,3.2964,8.991
2009-07-23,14.7675,3.1829,2.6296,6.921
2009-07-24,14.7803,3.9745,3.7558,10.455
2009-07-25,14.7932,4.249,4.1048,11.763
2009-07-26,14.8063,3.9898,3.8002,10.637
2009-07-27,14.8196,3.781,3.8936,10.888
2009-07-28,14.833,4.1152,3.694,10.296
2009-07-29,14.8465,3.8377,3.5222,9.733
2009-07-30,14.8601,3.7677,3.3981,9.254
2009-07-31,14.8738,3.7926,3.6469,10.234
2009-08-01,14.8875,3.6946,3.5024,9.603
2009-08-02,14.9012,3.9817,3.7592,10.474
2009-08-03,14.9149,4.3468,4.2144,12.006
2009-08-04,14.9286,4.1383,3.7636,10.529
2009-08-05,14.9422,3.5492,3.5601,9.746
2009-08-06,14.9558,3.483,3.3863,9.317
2009-08-07,14.9693,2.9682,3.4167,9.352
2009-08-08,14.9826,3.1683,3.1347,8.428
2009-08-09,14.9958,3.5602,3.429,9.409
2009-08-10,15.0088,4.1131,3.942,11.237
2009-08-11,15.0217,3.8961,3.5711,9.921
2009-08-12,15.0343,3.8503,3.5978,9.967
2009-08-13,15.0467,4.0283,3.882,10.872
2009-08-14,15.0588,3.8518,3.5936,10.037
2009-08-15,15.0707,3.6443,3.5116,9.775
2009-08-16,15.0823,3.7584,3.2458,8.801
2009-08-17,15.0935,3.221,3.4791,9.515
2009-08-18,15.1044,3.2868,3.5794,9.843
2009-08-19,15.1149,3.7855,3.6144,9.937
2009-08-20,15.125,3.6669,3.6659,10.213
2009-08-21,15.1347,3.3279,3.3581,9.154
2009-08-22,15.144,3.8427,3.7259,10.398
2009-08-23,15.1529,3.7935,3.5819,9.908
2009-08-24,15.1612,3.8761,3.746,10.402
2009-08-25,15.1691,4.1238,3.9535,11.162
2009-08-26,15.1765,3.8417,3.4931,9.58
2009-08-27,15.1833,4.3729,3.9916,11.306
2009-08-28,15.1897,3.7458,3.7465,10.507
2009-08-29,15.1954,3.7676,3.5804,9.91
2009-08-30,15.2006,3.8276,3.8268,10.765
2009-08-31,15.2052,4.0053,3.8616,10.755
2009-09-01,15.2091,3.995,3.8396,10.724
2009-09-02,15.2125,4.4546,4.0363,11.298
2009-09-03,15.2152,3.9397,4.2239,12.057
2009-09-04,15.2173,4.2678,3.8598,10.801
2009-09-05,15.2187,4.7887,4.6174,13.393
2009-09-06,15.2195,4.6574,4.5029,13.011
2009-09-07,15.2196,3.9619,3.7577,10.29
2009-09-08,15.219,4.3811,4.2093,11.956
2009-09-09,15.2177,3.9546,3.5628,9.688
2009-09-10,15.2156,4.0943,3.7973,10.562
2009-09-11,15.2129,4.4294,3.9986,11.317
2009-09-12,15.2095,3.4656,3.1529,8.467
2009-09-13,15.2053,3.487,3.4971,9.678
2009-09-14,15.2004,4.2775,3.8515,10.77
2009-09-15,15.1947,3.4863,3.1125,8.377
2009-09-16,15.1884,2.4504,2.659,6.974
2009-09-17,15.1813,3.5933,3.6085,10.022
2009-09-18,15.1734,3.8958,4.0675,11.532
2009-09-19,15.1648,4.1893,4.2096,12.025
2009-09-20,15.1555,4.2674,3.9438,11.09
2009-09-21,15.1454,3.9822,3.9747,11.155
2009-09-22,15.1346,3.492,3.5868,9.873
2009-09-23,15.1231,4.126,3.7815,10.55
2009-09-24,15.1108,4.5427,4.5624,13.219
2009-09-25,15.0979,4.1789,3.9851,11.237
2009-09-26,15.0842,4.2763,3.9233,11.081
2009-09-27,15.0698,3.9542,3.6234,9.969
2009-09-28,15.0547,3.8006,3.4472,9.48
2009-09-29,15.0389,4.4817,4.6175,13.485
2009-09-30,15.0224,4.5428,4.5449,13.134
2009-10-01,15.0053,4.2307,4.1786,11.897
2009-10-02,14.9875,3.7286,3.8662,10.809
2009-10-03,14.9691,3.3833,3.628,10.029
2009-10-04,14.9501,3.2494,3.7545,10.419
2009-10-05,14.9304,4.1681,4.1495,11.93
2009-10-06,14.9101,3.8121,3.9021,10.921
2009-10-07,14.8892,3.5033,3.2424,8.713
2009-10-08,14.8678,4.0313,3.5461,9.769
2009-10-09,14.8458,4.4238,4.2391,12.25
2009-10-10,14.8233,3.4474,3.8053,10.569
2009-10-11,14.8003,3.1428,3.3291,9.094
2009-10-12,14.7768,3.1898,3.0524,8.255
2009-10-13,14.7528,3.3481,3.3387,9.121
2009-10-14,14.7284,3.1167,3.0987,8.412
2009-10-15,14.7035,2.5737,2.9843,8.044
2009-10-16,14.6782,3.2972,3.1407,8.601
2009-10-17,14.6526,4.1031,3.8695,10.945
2009-10-18,14.6265,3.6993,3.3625,9.191
2009-10-19,14.6002,3.2374,3.3135,9.091
2009-10-20,14.5735,3.0811,3.1571,8.585
2009-10-21,14.5465,3.3563,3.7475,10.518
2009-10-22,14.5193,3.4366,3.6633,10.163
2009-10-23,14.4918,3.5659,3.9559,11.14
2009-10-24,14.4641,3.0267,2.7821,7.399
2009-10-25,14.4363,2.8849,2.9313,7.831
2009-10-26,14.4082,4.0905,3.9081,11.025
2009-10-27,14.3801,3.8434,4.0743,11.727
2009-10-28,14.3518,3.7452,3.6996,10.387
2009-10-29,14.3234,3.3404,3.4362,9.52
2009-10-30,14.295,3.0213,2.744,7.292
2009-10-31,14.2666,3.1188,,
2009-11-01,14.2382,2.8798,3.3014,9.032
2009-11-02,14.2098,3.1651,3.2776,8.998
2009-11-03,14.1815,2.9089,3.12,8.504
2009-11-04,14.1533,3.055,3.2433,8.913
2009-11-05,14.1251,3.3077,3.469,9.631
2009-11-06,14.0972,2.7706,3.2921,9.106
2009-11-07,14.0694,3.18,3.3089,9.114
2009-11-08,14.0418,3.1541,3.1621,8.559
2009-11-09,14.0144,3.3006,3.5421,9.851
2009-11-10,13.9873,3.5842,3.8143,10.76
2009-11-11,13.9605,3.2315,3.3546,9.207
2009-11-12,13.9339,3.1964,3.3404,9.209
2009-11-13,13.9077,3.2398,3.5329,9.758
2009-11-14,13.8819,3.2907,2.8731,7.773
2009-11-15,13.8565,3.4146,3.6207,10.144
2009-11-16,13.8315,3.3974,3.5011,9.757
2009-11-17,13.8069,3.4868,3.3995,9.443
2009-11-18,13.7828,3.3011,3.299,9.042
2009-11-19,13.7591,3.4787,3.7224,10.562
2009-11-20,13.736,3.6488,3.6961,10.342
2009-11-21,13.7134,3.2709,3.4565,9.5
2009-11-22,13.6914,3.5935,3.3942,9.296
2009-11-23,13.67,3.644,3.7523,10.586
2009-11-24,13.6492,3.2784,3.4163,9.518
2009-11-25,13.629,3.2721,3.5098,9.811
2009-11-26,13.6094,3.2381,3.2704,8.985
2009-11-27,13.5906,3.4023,3.5398,9.866
2009-11-28,13.5724,3.243,3.4505,9.622
2009-11-29,13.5549,3.2992,3.2645,9.004
2009-11-30,13.5381,3.5904,3.4889,9.768
2009-12-01,13.5221,3.368,3.5173,9.845
2009-12-02,13.5068,3.6757,3.6051,10.139
2009-12-03,13.4924,3.5355,3.5515,9.94
2009-12-04,13.4787,3.4896,3.5889,10.152
2009-12-05,13.4658,3.6355,3.5428,9.981
2009-12-06,13.4537,3.1531,3.4872,9.842
2009-12-07,13.4425,3.4511,3.5067,9.979
2009-12-08,13.4321,3.3583,3.4551,9.696
2009-12-09,13.4226,3.239,3.3913,9.475
2009-12-10,13.4139,2.9209,3.1431,8.653
2009-12-11,13.4061,3.2436,3.2294,8.89
2009-12-12,13.3992,3.243,3.1874,8.73
2009-12-13,13.3932,3.4031,3.6107,10.274
2009-12-14,13.3881,3.686,3.6889,10.486
2009-12-15,13.3839,3.4558,3.6092,10.182
2009-12-16,13.3807,2.8932,2.9587,8.009
2009-12-17,13.3783,3.0198,3.3257,9.23
2009-12-18,13.3768,2.945,2.9371,7.957
2009-12-19,13.3763,2.299,2.6482,7.079
2009-12-20,13.3767,2.978,3.2214,8.906
2009-12-21,13.378,2.9885,2.9417,7.997
2009-12-22,13.3803,3.2372,3.114,8.562
2009-12-23,13.3835,3.2885,3.0392,8.376
2009-12-24,13.3876,3.2807,3.2842,9.12
2009-12-25,13.3926,2.9969,3.2319,8.964
2009-12-26,13.3985,3.169,3.1597,8.722
2009-12-27,13.4054,3.1293,3.421,9.606
2009-12-28,13.4131,3.0875,3.4224,9.738
2009-12-29,13.4218,3.3881,3.7372,10.926
2009-12-30,13.4313,3.4263,3.6998,10.573
2009-12-31,13.4417,3.5119,3.7223,10.669
2010-01-01,13.453,3.6885,3.7425,10.977
2010-01-02,13.4652,3.6369,3.6537,10.52
2010-01-03,13.4782,3.8639,3.8938,11.299
2010-01-04,13.4921,3.7365,3.6711,10.492
2010-01-05,13.5068,3.6688,3.6484,10.422
2010-01-06,13.5223,3.4238,3.399,9.553
2010-01-07,13.5386,3.4212,3.3767,9.413
2010-01-08,13.5557,3.8111,3.6474,10.286
2010-01-09,13.5736,3.5213,3.5591,9.992
2010-01-10,13.5922,3.4403,3.3408,9.273
2010-01-11,13.6116,3.3524,3.4911,9.838
2010-01-12,13.6317,3.6015,3.7138,10.602
2010-01-13,13.6524,3.4147,3.6602,10.398
2010-01-14,13.6739,3.8933,3.8796,11.163
2010-01-15,13.696,3.7586,3.6713,10.257
2010-01-16,13.7188,3.9277,3.79,10.656
2010-01-17,13.7422,3.875,3.8426,10.803
2010-01-18,13.7662,4.0002,3.9525,11.404
2010-01-19,13.7907,3.7746,3.5636,9.966
2010-01-20,13.8159,4.129,4.1313,11.955
2010-01-21,13.8415,4.2355,4.208,12.193
2010-01-22,13.8676,3.953,3.7943,10.7
2010-01-23,13.8943,2.8298,3.1603,8.58
2010-01-24,13.9213,3.1836,3.1356,8.523
2010-01-25,13.9488,3.4723,3.557,9.93
2010-01-26,13.9767,3.0422,3.1501,8.593
2010-01-27,14.005,3.0504,3.3091,9.046
2010-01-28,14.0336,3.5363,3.5674,9.941
2010-01-29,14.0626,3.6408,3.9385,11.278
2010-01-30,14.0918,3.5686,3.5461,9.749
2010-01-31,14.1213,4.4359,4.3557,12.489
2010-02-01,14.1511,4.2989,4.4942,13.091
2010-02-02,14.181,4.3641,4.5079,13.055
2010-02-03,14.2111,4.2831,4.1887,11.827
2010-02-04,14.2414,4.3294,4.3452,12.397
2010-02-05,14.2718,3.9728,4.1378,11.669
2010-02-06,14.3023,3.5226,3.6137,9.971
2010-02-07,14.3328,3.7914,4.0194,11.457
2010-02-08,14.3634,4.0439,3.7615,10.525
2010-02-09,14.394,3.5321,3.4876,9.572
2010-02-10,14.4246,3.6831,3.8599,10.864
2010-02-11,14.4551,3.7342,4.0366,11.308
2010-02-12,14.4856,4.4108,4.3567,12.319
2010-02-13,14.5159,3.7934,3.8826,10.846
2010-02-14,14.5461,3.3489,3.4547,9.4
2010-02-15,14.5761,3.9702,4.1233,11.719
2010-02-16,14.606,3.897,3.853,10.751
2010-02-17,14.6356,3.8656,3.7355,10.251
2010-02-18,14.6649,4.4506,4.1136,11.622
2010-02-19,14.694,4.2298,3.8873,10.826
2010-02-20,14.7228,3.5951,3.2832,8.859
2010-02-21,14.7513,3.6683,3.5019,9.538
2010-02-22,14.7794,3.5001,3.8098,10.564
2010-02-23,14.8071,3.6122,3.2893,8.896
2010-02-24,14.8344,3.5997,4.0057,11.244
2010-02-25,14.8613,3.0994,3.7629,10.454
2010-02-26,14.8877,3.6792,3.3829,9.211
2010-02-27,14.9137,3.6382,3.865,10.769
2010-02-28,14.9391,4.0427,4.1064,11.541
2010-03-01,14.9641,4.345,4.4102,12.509
2010-03-02,14.9885,4.0054,3.5531,9.645
2010-03-03,15.0123,3.7361,3.5236,9.575
2010-03-04,15.0355,3.4314,3.3833,9.12
2010-03-05,15.0582,4.1,3.6525,9.959
2010-03-06,15.0802,3.5061,3.6638,9.984
2010-03-07,15.1016,3.7237,3.4275,9.269
2010-03-08,15.1223,3.1583,3.3222,8.917
2010-03-09,15.1424,3.7437,3.7175,10.198
2010-03-10,15.1618,4.0046,4.1403,11.592
2010-03-11,15.1804,3.696,3.8037,10.383
2010-03-12,15.1984,3.6795,3.7904,10.399
2010-03-13,15.2156,3.9426,3.683,10.078
2010-03-14,15.2321,3.9731,4.1702,11.665
2010-03-15,15.2479,3.8531,4.1942,11.768
2010-03-16,15.2629,4.0359,4.1386,11.638
2010-03-17,15.2771,3.6683,3.6517,9.917
2010-03-18,15.2906,3.5863,3.7166,10.278
2010-03-19,15.3032,3.4961,4.0621,11.216
2010-03-20,15.3151,4.2046,4.1179,11.507
2010-03-21,15.3262,4.279,4.2023,11.793
2010-03-22,15.3365,3.9018,4.2209,11.911
2010-03-23,15.346,4.2683,4.4398,12.675
2010-03-24,15.3547,4.7011,4.6504,13.204
2010-03-25,15.3626,4.4149,4.4046,12.619
2010-03-26,15.3697,4.0031,4.0355,11.262
2010-03-27,15.376,4.1778,4.2552,12.019
2010-03-28,15.3815,3.9432,3.8829,10.715
2010-03-29,15.3862,3.9782,3.888,10.735
2010-03-30,15.3901,3.3941,2.6817,6.981
2010-03-31,15.3932,4.0211,4.1105,11.516
2010-04-01,15.3955,4.1519,4.1249,11.537
2010-04-02,15.3971,3.7817,3.8871,10.734
2010-04-03,15.3978,3.5366,3.1122,8.32
2010-04-04,15.3979,3.4207,3.2992,8.816
2010-04-05,15.3971,3.4183,3.5464,9.616
2010-04-06,15.3957,3.0791,3.2451,8.713
2010-04-07,15.3935,3.3868,3.6356,9.937
2010-04-08,15.3905,3.7096,3.8716,10.729
2010-04-09,15.3869,3.3653,3.9844,11.081
2010-04-10,15.3826,3.688,3.7516,10.261
2010-04-11,15.3776,2.9928,3.2812,8.861
2010-04-12,15.372,3.2855,3.3388,9.019
2010-04-13,15.3656,3.2128,3.6926,10.107
2010-04-14,15.3587,2.7562,3.2466,8.695
2010-04-15,15.3511,3.0506,3.5343,9.665
2010-04-16,15.343,3.7098,3.366,9.072
2010-04-17,15.3342,3.8148,4.0999,11.582
2010-04-18,15.3249,3.7877,4.1501,11.668
2010-04-19,15.3151,3.2558,3.1047,8.267
2010-04-20,15.3047,3.9622,4.1871,11.881
2010-04-21,15.2939,3.8935,4.1541,11.599
2010-04-22,15.2825,4.5655,4.7308,13.62
2010-04-23,15.2707,4.1675,4.3689,12.367
2010-04-24,15.2585,3.2417,2.9182,7.621
2010-04-25,15.2458,3.8362,3.7485,10.241
2010-04-26,15.2328,3.0243,3.3011,8.84
2010-04-27,15.2193,3.5151,3.862,10.625
2010-04-28,15.2055,3.1294,3.0716,8.123
2010-04-29,15.1914,3.8663,3.9108,10.793
2010-04-30,15.177,3.6706,3.546,9.633
2010-05-01,15.1623,4.0297,3.7187,10.253
2010-05-02,15.1474,3.6038,3.3546,9.035
2010-05-03,15.1322,3.0117,3.1046,8.344
2010-05-04,15.1168,2.8369,3.0105,8.04
2010-05-05,15.1013,3.2755,3.4374,9.348
2010-05-06,15.0855,3.7116,3.7392,10.379
2010-05-07,15.0697,3.964,3.8273,10.626
2010-05-08,15.0537,3.9714,3.866,10.661
2010-05-09,15.0377,3.0849,3.081,8.229
2010-05-10,15.0215,3.3536,3.7313,10.208
2010-05-11,15.0054,3.4271,3.473,9.512
2010-05-12,14.9892,3.4439,3.7639,10.437
2010-05-13,14.973,3.2105,3.4145,9.267
2010-05-14,14.9569,3.4498,3.4723,9.446
2010-05-15,14.9408,3.1917,3.3564,9.033
2010-05-16,14.9248,3.8395,3.7024,10.145
2010-05-17,14.9089,3.4928,3.4646,9.471
2010-05-18,14.8932,3.4839,3.5873,9.829
2010-05-19,14.8775,3.6625,3.5909,9.808
2010-05-20,14.8621,3.5218,3.3017,8.929
2010-05-21,14.8468,2.8967,3.2241,8.711
2010-05-22,14.8317,3.2251,2.9505,7.827
2010-05-23,14.8169,3.5622,3.4037,9.259
2010-05-24,14.8023,3.9044,3.9116,10.985
2010-05-25,14.788,2.7862,3.0451,8.112
2010-05-26,14.774,2.7751,3.0834,8.246
2010-05-27,14.7602,2.3161,2.1397,5.501
2010-05-28,14.7468,3.2687,3.5594,9.935
2010-05-29,14.7338,3.7615,3.6161,10.046
2010-05-30,14.7211,3.5047,3.7183,10.288
2010-05-31,14.7088,2.7455,2.9126,7.74
2010-06-01,14.6968,3.1442,3.4871,9.537
2010-06-02,14.6853,3.5196,3.6634,10.208
2010-06-03,14.6742,3.8644,3.5358,9.741
2010-06-04,14.6636,3.2487,3.4259,9.403
2010-06-05,14.6533,3.6179,3.4906,9.618
2010-06-06,14.6436,3.7081,3.6822,10.258
2010-06-07,14.6343,3.5478,3.505,9.68
2010-06-08,14.6255,3.5005,3.2025,8.77
2010-06-09,14.6172,3.5242,3.2226,8.811
2010-06-10,14.6094,3.3897,3.2336,8.799
2010-06-11,14.6021,3.6087,3.4361,9.576
2010-06-12,14.5954,3.5588,3.7512,10.578
2010-06-13,14.5891,3.0976,3.412,9.402
2010-06-14,14.5834,3.2441,3.2922,9.007
2010-06-15,14.5783,3.2532,3.2286,8.772
2010-06-16,14.5737,2.9354,2.877,7.648
2010-06-17,14.5696,3.4557,3.7523,10.509
2010-06-18,14.5661,3.4627,3.1081,8.375
2010-06-19,14.5632,3.757,3.8164,10.75
2010-06-20,14.5608,2.1416,1.6107,4.08
2010-06-21,14.559,3.2603,3.3163,9.132
2010-06-22,14.5577,2.8478,2.8762,7.669
2010-06-23,14.557,3.616,3.9743,11.263
2010-06-24,14.5569,3.4569,3.2719,8.913
2010-06-25,14.5573,3.3754,3.3355,9.138
2010-06-26,14.5583,3.4869,3.4418,9.469
2010-06-27,14.5599,3.256,2.8933,7.689
2010-06-28,14.562,3.377,3.4333,9.447
2010-06-29,14.5646,3.083,3.1798,8.647
2010-06-30,14.5678,3.3111,3.4871,9.71
2010-07-01,14.5715,3.4749,3.3421,9.179
2010-07-02,14.5758,3.1583,3.3789,9.299
2010-07-03,14.5805,3.221,3.6245,10.161
2010-07-04,14.5858,2.8606,3.3594,9.215
2010-07-05,14.5916,2.8076,2.6654,7.011
2010-07-06,14.5979,2.6946,2.5823,6.808
2010-07-07,14.6047,3.093,2.6945,7.107
2010-07-08,14.6119,2.8127,2.8442,7.564
2010-07-09,14.6196,3.312,3.2661,8.838
2010-07-10,14.6277,3.5492,3.4401,9.418
2010-07-11,14.6363,2.819,2.1598,5.535
2010-07-12,14.6453,3.0279,2.9437,7.9
2010-07-13,14.6547,3.2399,3.1959,8.68
2010-07-14,14.6645,3.1062,3.3014,8.969
2010-07-15,14.6747,2.6104,2.7726,7.327
2010-07-16,14.6852,2.2486,2.2441,5.811
2010-07-17,14.6961,2.8884,3.2328,8.775
2010-07-18,14.7073,3.0824,3.0201,8.132
2010-07-19,14.7188,3.5372,3.5955,9.995
2010-07-20,14.7306,3.7237,3.446,9.533
2010-07-21,14.7426,3.5714,3.4977,9.727
2010-07-22,14.755,3.6727,3.7138,10.431
2010-07-23,14.7675,3.6159,3.4178,9.383
2010-07-24,14.7803,3.8839,3.2725,8.938
2010-07-25,14.7932,3.5649,3.2947,8.95
2010-07-26,14.8063,3.3195,2.8186,7.495
2010-07-27,14.8196,3.2076,3.1547,8.534
2010-07-28,14.833,3.2856,3.1882,8.652
2010-07-29,14.8465,3.2451,2.8124,7.508
2010-07-30,14.8601,3.4662,3.4677,9.544
2010-07-31,14.8738,2.7207,2.8936,7.66
2010-08-01,14.8875,3.5532,3.1247,8.514
2010-08-02,14.9012,3.4872,3.7503,10.533
2010-08-03,14.9149,3.0344,2.6385,6.99
2010-08-04,14.9286,3.3279,3.3515,9.146
2010-08-05,14.9422,4.0744,3.938,11.212
2010-08-06,14.9558,3.5416,3.3876,9.255
2010-08-07,14.9693,3.0659,3.2462,8.77
2010-08-08,14.9826,3.5615,3.558,9.81
2010-08-09,14.9958,3.559,3.3435,9.129
2010-08-10,15.0088,3.6347,3.4876,9.633
2010-08-11,15.0217,3.644,3.386,9.299
2010-08-12,15.0343,3.6399,3.553,9.814
2010-08-13,15.0467,3.4662,3.4185,9.39
2010-08-14,15.0588,3.3276,2.9753,8.025
2010-08-15,15.0707,3.7101,3.5835,9.98
2010-08-16,15.0823,3.7072,3.6469,10.169
2010-08-17,15.0935,3.9038,3.8336,10.839
2010-08-18,15.1044,3.5409,3.0188,8.151
2010-08-19,15.1149,3.2849,3.4802,9.518
2010-08-20,15.125,3.35,3.0435,8.204
2010-08-21,15.1347,3.7855,3.6922,10.422
2010-08-22,15.144,3.7576,3.8404,10.756
2010-08-23,15.1529,3.8353,3.6006,9.938
2010-08-24,15.1612,3.7874,3.7294,10.415
2010-08-25,15.1691,3.886,3.3774,9.256
2010-08-26,15.1765,2.9447,3.2025,8.573
2010-08-27,15.1833,3.2944,3.1024,8.357
2010-08-28,15.1897,3.2504,3.2199,8.757
2010-08-29,15.1954,3.6997,3.1612,8.489
2010-08-30,15.2006,3.9983,3.9932,11.374
2010-08-31,15.2052,3.6067,3.4409,9.429
2010-09-01,15.2091,3.2813,3.2643,8.901
2010-09-02,15.2125,3.5428,3.3605,9.106
2010-09-03,15.2152,3.5324,3.1936,8.598
2010-09-04,15.2173,3.7214,3.5904,9.853
2010-09-05,15.2187,3.1228,3.2647,8.893
2010-09-06,15.2195,3.6286,3.5936,9.955
2010-09-07,15.2196,3.1378,2.8349,7.584
2010-09-08,15.219,3.6806,3.1789,8.69
2010-09-09,15.2177,3.6346,3.383,9.268
2010-09-10,15.2156,4.027,3.9787,11.26
2010-09-11,15.2129,3.7507,3.6934,10.242
2010-09-12,15.2095,3.2471,3.4195,9.27
2010-09-13,15.2053,3.3791,3.3257,8.989
2010-09-14,15.2004,3.8693,3.7496,10.45
2010-09-15,15.1947,3.9192,3.8038,10.704
2010-09-16,15.1884,3.6782,3.9134,11.0
2010-09-17,15.1813,3.5323,3.3712,9.249
2010-09-18,15.1734,3.5533,3.6076,9.966
2010-09-19,15.1648,3.2896,3.1721,8.665
2010-09-20,15.1555,2.684,3.0857,8.302
2010-09-21,15.1454,2.8963,2.8566,7.604
2010-09-22,15.1346,3.08,3.0199,8.11
2010-09-23,15.1231,3.6965,3.601,9.963
2010-09-24,15.1108,3.2081,2.9758,7.945
2010-09-25,15.0979,3.3068,3.3812,9.221
2010-09-26,15.0842,3.443,3.3082,9.044
2010-09-27,15.0698,3.3693,3.1325,8.523
2010-09-28,15.0547,3.4153,3.553,9.827
2010-09-29,15.0389,3.7787,3.7687,10.525
2010-09-30,15.0224,3.8023,3.6786,10.27
2010-10-01,15.0053,3.5415,3.9127,11.05
2010-10-02,14.9875,3.5426,3.2944,8.991
2010-10-03,14.9691,3.6389,3.8506,10.817
2010-10-04,14.9501,2.9383,3.2287,8.786
2010-10-05,14.9304,2.8273,3.1318,8.437
2010-10-06,14.9101,3.5906,,
2010-10-07,14.8892,3.765,3.9374,11.061
2010-10-08,14.8678,3.3309,3.6566,10.023
2010-10-09,14.8458,3.7647,3.5926,9.891
2010-10-10,14.8233,4.0049,3.7811,10.607
2010-10-11,14.8003,4.0359,3.9766,11.25
2010-10-12,14.7768,3.9684,3.7924,10.665
2010-10-13,14.7528,4.0542,3.7859,10.565
2010-10-14,14.7284,3.751,3.451,9.431
2010-10-15,14.7035,3.2878,2.8338,7.585
2010-10-16,14.6782,3.0274,2.9612,7.971
2010-10-17,14.6526,3.1378,2.9421,7.911
2010-10-18,14.6265,2.8368,2.7186,7.218
2010-10-19,14.6002,3.3844,3.5808,10.032
2010-10-20,14.5735,2.9612,2.7954,7.478
2010-10-21,14.5465,3.0486,3.2175,8.845
2010-10-22,14.5193,3.5152,3.3842,9.282
2010-10-23,14.4918,3.0506,2.8898,7.724
2010-10-24,14.4641,2.9156,3.1157,8.451
2010-10-25,14.4363,2.6758,2.8588,7.64
2010-10-26,14.4082,3.3232,3.1503,8.585
2010-10-27,14.3801,3.0981,2.8132,7.466
2010-10-28,14.3518,3.0842,3.2698,8.961
2010-10-29,14.3234,3.458,3.5154,9.806
2010-10-30,14.295,2.8232,3.1185,8.465
2010-10-31,14.2666,3.3173,3.4461,9.53
2010-11-01,14.2382,3.0504,3.3273,9.097
2010-11-02,14.2098,3.135,3.7162,10.409
2010-11-03,14.1815,3.292,3.415,9.454
2010-11-04,14.1533,3.298,3.4165,9.374
2010-11-05,14.1251,3.054,3.227,8.745
2010-11-06,14.0972,2.4915,2.6967,7.175
2010-11-07,14.0694,2.1974,,
2010-11-08,14.0418,2.0569,2.2312,5.823
2010-11-09,14.0144,2.5549,2.8019,7.492
2010-11-10,13.9873,2.4437,2.718,7.224
2010-11-11,13.9605,3.2527,3.184,8.699
2010-11-12,13.9339,3.1125,2.9008,7.842
2010-11-13,13.9077,2.5557,2.8071,7.511
2010-11-14,13.8819,2.6969,2.9786,8.073
2010-11-15,13.8565,2.7501,3.0129,8.247
2010-11-16,13.8315,2.7882,2.8289,7.601
2010-11-17,13.8069,2.4487,2.4531,6.456
2010-11-18,13.7828,2.7481,2.681,7.176
2010-11-19,13.7591,2.9051,2.9009,7.899
2010-11-20,13.736,3.1332,2.9507,7.97
2010-11-21,13.7134,3.1167,3.2831,9.079
2010-11-22,13.6914,2.9855,3.4446,9.607
2010-11-23,13.67,2.854,3.0796,8.413
2010-11-24,13.6492,2.9767,3.0283,8.223
2010-11-25,13.629,2.5573,2.8805,7.71
2010-11-26,13.6094,2.8765,2.9208,7.879
2010-11-27,13.5906,2.7217,2.9372,7.962
2010-11-28,13.5724,3.0116,3.1552,8.637
2010-11-29,13.5549,3.129,3.0215,8.159
2010-11-30,13.5381,2.9472,3.2304,8.906
2010-12-01,13.5221,2.6866,2.8593,7.743
2010-12-02,13.5068,2.8252,3.1757,8.728
2010-12-03,13.4924,1.9702,2.1139,5.462
2010-12-04,13.4787,2.1311,2.1568,5.609
2010-12-05,13.4658,3.0048,3.0019,8.194
2010-12-06,13.4537,3.1643,3.4897,9.942
2010-12-07,13.4425,3.4163,3.3348,9.302
2010-12-08,13.4321,2.7778,2.8142,7.612
2010-12-09,13.4226,2.8593,3.3093,9.121
2010-12-10,13.4139,2.8882,3.0148,8.259
2010-12-11,13.4061,2.875,2.8776,7.776
2010-12-12,13.3992,2.8383,2.8716,7.77
2010-12-13,13.3932,2.9162,2.7931,7.502
2010-12-14,13.3881,2.45,2.8012,7.521
2010-12-15,13.3839,1.8845,2.3049,6.028
2010-12-16,13.3807,2.9559,3.0118,8.224
2010-12-17,13.3783,2.9157,3.2291,9.006
2010-12-18,13.3768,2.6891,2.9121,7.904
2010-12-19,13.3763,2.6807,2.815,7.701
2010-12-20,13.3767,2.6611,2.5248,6.71
2010-12-21,13.378,2.5731,2.6755,7.175
2010-12-22,13.3803,2.773,3.0679,8.438
2010-12-23,13.3835,2.6506,2.7573,7.445
2010-12-24,13.3876,2.9686,3.1923,8.843
2010-12-25,13.3926,3.0871,3.1255,8.597
2010-12-26,13.3985,2.9754,2.9645,8.083
2010-12-27,13.4054,2.8578,3.0429,8.278
2010-12-28,13.4131,3.3436,3.4828,9.89
2010-12-29,13.4218,2.8658,3.1124,8.459
2010-12-30,13.4313,3.1424,3.2918,9.165
2010-12-31,13.4417,3.1239,3.7158,10.59
2011-01-01,13.453,3.1923,3.5232,9.988
2011-01-02,13.4652,2.9098,3.2077,8.92
2011-01-03,13.4782,2.988,3.0865,8.496
2011-01-04,13.4921,2.9428,3.11,8.615
2011-01-05,13.5068,2.4395,2.9002,7.846
2011-01-06,13.5223,3.0907,3.4508,9.709
2011-01-07,13.5386,2.6702,2.7661,7.431
2011-01-08,13.5557,2.8165,2.9502,8.007
2011-01-09,13.5736,2.94,3.07,8.455
2011-01-10,13.5922,3.2047,3.1314,8.632
2011-01-11,13.6116,3.1286,3.1525,8.653
2011-01-12,13.6317,3.2479,3.4882,9.729
2011-01-13,13.6524,3.3032,3.4127,9.472
2011-01-14,13.6739,3.2175,3.3926,9.408
2011-01-15,13.696,3.454,3.7058,10.606
2011-01-16,13.7188,3.092,3.2998,9.152
2011-01-17,13.7422,3.4263,3.4038,9.477
2011-01-18,13.7662,3.2244,3.4728,9.732
2011-01-19,13.7907,3.5581,3.6669,10.432
2011-01-20,13.8159,3.3262,3.7965,10.946
2011-01-21,13.8415,3.094,3.4328,9.646
2011-01-22,13.8676,3.5392,3.7195,10.669
2011-01-23,13.8943,3.4377,3.5619,10.052
2011-01-24,13.9213,3.2332,3.5512,10.044
2011-01-25,13.9488,3.1529,3.3231,9.241
2011-01-26,13.9767,3.0909,3.3851,9.328
2011-01-27,14.005,3.0436,3.3634,9.315
2011-01-28,14.0336,3.3681,3.636,10.314
2011-01-29,14.0626,3.2186,3.711,10.538
2011-01-30,14.0918,3.5885,3.781,10.684
2011-01-31,14.1213,3.4618,3.5322,9.81
2011-02-01,14.1511,3.7186,3.7162,10.438
2011-02-02,14.181,4.0224,4.0747,11.65
2011-02-03,14.2111,4.0379,3.8463,10.851
2011-02-04,14.2414,3.7627,3.7217,10.467
2011-02-05,14.2718,3.3662,3.6121,10.15
2011-02-06,14.3023,3.3589,3.4736,9.597
2011-02-07,14.3328,2.9354,2.8658,7.676
2011-02-08,14.3634,2.8503,2.4244,6.336
2011-02-09,14.394,2.7047,2.8196,7.545
2011-02-10,14.4246,3.1451,3.2543,8.939
2011-02-11,14.4551,3.1141,3.3548,9.245
2011-02-12,14.4856,3.4655,3.4882,9.63
2011-02-13,14.5159,3.273,3.1776,8.601
2011-02-14,14.5461,3.3315,3.1503,8.624
2011-02-15,14.5761,3.2547,3.6027,10.009
2011-02-16,14.606,3.327,3.0992,8.409
2011-02-17,14.6356,3.1273,2.9775,8.072
2011-02-18,14.6649,2.9361,2.9142,7.813
2011-02-19,14.694,3.3695,3.482,9.695
2011-02-20,14.7228,3.4287,3.561,9.919
2011-02-21,14.7513,3.7053,4.0213,11.607
2011-02-22,14.7794,3.624,3.9312,11.192
2011-02-23,14.8071,3.2571,2.9385,7.876
2011-02-24,14.8344,2.8227,2.8776,7.693
2011-02-25,14.8613,3.3098,3.1014,8.387
2011-02-26,14.8877,3.4728,3.5978,9.938
2011-02-27,14.9137,3.1586,2.8434,7.645
2011-02-28,14.9391,3.6558,3.439,9.467
2011-03-01,14.9641,3.0104,3.0079,8.053
2011-03-02,14.9885,2.8053,2.8026,7.477
2011-03-03,15.0123,2.9954,2.8173,7.552
2011-03-04,15.0355,3.4446,3.2423,8.838
2011-03-05,15.0582,3.1463,3.2188,8.866
2011-03-06,15.0802,3.1813,3.09,8.394
2011-03-07,15.1016,3.1073,3.096,8.396
2011-03-08,15.1223,3.6477,3.4973,9.636
2011-03-09,15.1424,3.354,3.3422,9.112
2011-03-10,15.1618,1.9517,2.1532,5.594
2011-03-11,15.1804,3.2912,3.3168,9.135
2011-03-12,15.1984,3.4619,3.6324,10.156
2011-03-13,15.2156,3.2984,3.5066,9.66
2011-03-14,15.2321,3.5564,3.6774,10.235
2011-03-15,15.2479,3.0251,3.5037,9.634
2011-03-16,15.2629,3.253,3.4532,9.445
2011-03-17,15.2771,3.5295,3.3984,9.285
2011-03-18,15.2906,3.1006,3.1809,8.533
2011-03-19,15.3032,3.3376,3.3951,9.265
2011-03-20,15.3151,3.5181,3.6973,10.271
2011-03-21,15.3262,3.2228,3.1251,8.42
2011-03-22,15.3365,3.2083,3.4927,9.572
2011-03-23,15.346,3.1283,3.0301,8.105
2011-03-24,15.3547,3.8979,4.003,11.297
2011-03-25,15.3626,3.6894,3.7408,10.421
2011-03-26,15.3697,3.3609,3.4691,9.482
2011-03-27,15.376,3.7982,3.8898,10.791
2011-03-28,15.3815,3.7438,3.6782,10.073
2011-03-29,15.3862,3.7158,3.9858,11.147
2011-03-30,15.3901,3.8779,4.1969,11.942
2011-03-31,15.3932,3.9541,4.2087,11.953
2011-04-01,15.3955,3.9737,4.2334,11.924
2011-04-02,15.3971,3.9736,4.0436,11.292
2011-04-03,15.3978,3.604,3.6425,10.004
2011-04-04,15.3979,3.9904,4.0308,11.317
2011-04-05,15.3971,3.7187,3.6818,10.124
2011-04-06,15.3957,3.7259,3.6801,10.122
2011-04-07,15.3935,3.7431,4.0078,11.245
2011-04-08,15.3905,3.6734,4.0333,11.295
2011-04-09,15.3869,3.7136,3.6654,10.144
2011-04-10,15.3826,2.4131,2.5218,6.561
2011-04-11,15.3776,3.2998,3.1789,8.568
2011-04-12,15.372,2.8636,,
2011-04-13,15.3656,3.0164,3.1884,8.589
2011-04-14,15.3587,3.2461,3.3296,9.022
2011-04-15,15.3511,3.1758,2.6447,6.935
2011-04-16,15.343,3.0329,3.1953,8.576
2011-04-17,15.3342,3.0714,3.3545,9.148
2011-04-18,15.3249,2.8552,3.201,8.585
2011-04-19,15.3151,2.7247,3.1499,8.428
2011-04-20,15.3047,2.6753,,
2011-04-21,15.2939,3.1786,3.2925,8.952
2011-04-22,15.2825,2.62,3.0909,8.314
2011-04-23,15.2707,2.6098,,
2011-04-24,15.2585,3.2835,3.6919,10.185
2011-04-25,15.2458,2.6639,2.9376,7.738
2011-04-26,15.2328,3.9325,4.2265,11.962
2011-04-27,15.2193,3.5162,3.7279,10.25
2011-04-28,15.2055,2.9034,3.2331,8.693
2011-04-29,15.1914,3.5943,3.9833,11.162
2011-04-30,15.177,3.5116,3.498,9.594
2011-05-01,15.1623,3.4157,3.5345,9.622
2011-05-02,15.1474,3.5767,,
2011-05-03,15.1322,3.9285,3.487,9.568
2011-05-04,15.1168,3.5002,3.5749,9.778
2011-05-05,15.1013,3.6017,3.6125,9.913
2011-05-06,15.0855,3.731,3.8334,10.61
2011-05-07,15.0697,3.669,3.6719,10.089
2011-05-08,15.0537,3.8143,3.609,9.921
2011-05-09,15.0377,3.8395,3.8954,10.907
2011-05-10,15.0215,3.6313,3.5928,9.796
2011-05-11,15.0054,3.3248,3.1646,8.52
2011-05-12,14.9892,3.1846,3.1413,8.448
2011-05-13,14.973,3.0005,2.9104,7.721
2011-05-14,14.9569,2.9395,,
2011-05-15,14.9408,3.3083,3.2189,8.674
2011-05-16,14.9248,2.5988,2.6615,7.03
2011-05-17,14.9089,3.1076,3.3812,9.212
2011-05-18,14.8932,2.8321,2.8504,7.584
2011-05-19,14.8775,2.4249,2.6452,7.03
2011-05-20,14.8621,2.358,2.3668,6.176
2011-05-21,14.8468,3.3101,,
2011-05-22,14.8317,3.3125,3.4458,9.447
2011-05-23,14.8169,3.1027,3.3084,8.956
2011-05-24,14.8023,3.3322,3.4429,9.374
2011-05-25,14.788,3.1169,3.16,8.484
2011-05-26,14.774,3.7847,3.2981,9.001
2011-05-27,14.7602,3.5223,3.6131,10.073
2011-05-28,14.7468,3.3151,3.3239,9.067
2011-05-29,14.7338,3.3473,3.2725,9.025
2011-05-30,14.7211,3.5769,3.3796,9.286
2011-05-31,14.7088,3.2866,3.1659,8.479
2011-06-01,14.6968,3.2546,3.5572,9.771
2011-06-02,14.6853,2.5438,,
2011-06-03,14.6742,2.4377,2.5062,6.6
2011-06-04,14.6636,3.1976,2.9149,7.845
2011-06-05,14.6533,3.5011,,
2011-06-06,14.6436,3.6548,3.6885,10.294
2011-06-07,14.6343,3.4778,3.3988,9.31
2011-06-08,14.6255,3.2401,3.4351,9.476
2011-06-09,14.6172,3.7428,3.6424,10.063
2011-06-10,14.6094,3.8376,3.775,10.513
2011-06-11,14.6021,3.9525,3.9329,11.06
2011-06-12,14.5954,4.0161,3.9023,10.92
2011-06-13,14.5891,3.8101,3.4883,9.566
2011-06-14,14.5834,3.6103,3.524,9.654
2011-06-15,14.5783,3.7465,3.479,9.572
2011-06-16,14.5737,3.2899,3.143,8.542
2011-06-17,14.5696,3.2839,3.0317,8.118
2011-06-18,14.5661,3.3616,,
2011-06-19,14.5632,3.2994,2.7091,7.155
2011-06-20,14.5608,3.3706,3.4839,9.626
2011-06-21,14.559,3.7996,3.6437,10.197
2011-06-22,14.5577,3.4661,3.4164,9.358
2011-06-23,14.557,3.3112,2.8241,7.566
2011-06-24,14.5569,3.2453,3.2841,9.019
2011-06-25,14.5573,3.2449,2.9285,7.847
2011-06-26,14.5583,3.3728,3.332,9.12
2011-06-27,14.5599,3.0094,2.6068,6.838
2011-06-28,14.562,3.9408,3.8055,10.784
2011-06-29,14.5646,3.6302,3.3831,9.305
2011-06-30,14.5678,3.5684,3.0843,8.384
2011-07-01,14.5715,2.9338,2.9216,7.801
2011-07-02,14.5758,3.5412,3.3934,9.368
2011-07-03,14.5805,3.577,3.9044,11.069
2011-07-04,14.5858,3.6026,3.227,8.786
2011-07-05,14.5916,3.4516,3.3493,9.282
2011-07-06,14.5979,3.0845,2.8336,7.585
2011-07-07,14.6047,3.5106,3.3583,9.268
2011-07-08,14.6119,4.1497,4.0171,11.445
2011-07-09,14.6196,3.7937,3.265,8.826
2011-07-10,14.6277,3.7878,3.6983,10.295
2011-07-11,14.6363,3.1103,3.2272,8.825
2011-07-12,14.6453,3.4251,3.2718,8.935
2011-07-13,14.6547,3.2629,3.0395,8.235
2011-07-14,14.6645,2.9319,2.9938,8.118
2011-07-15,14.6747,3.2481,3.0073,8.121
2011-07-16,14.6852,3.3896,,
2011-07-17,14.6961,3.8643,3.8681,10.943
2011-07-18,14.7073,3.48,3.2483,8.854
2011-07-19,14.7188,3.8289,3.7841,10.648
2011-07-20,14.7306,3.8387,3.3349,9.145
2011-07-21,14.7426,3.8572,3.5414,9.811
2011-07-22,14.755,3.6346,3.729,10.409
2011-07-23,14.7675,3.6044,3.6013,9.997
2011-07-24,14.7803,3.6357,3.2166,8.813
2011-07-25,14.7932,3.7106,3.3239,9.099
2011-07-26,14.8063,3.6801,3.636,10.093
2011-07-27,14.8196,3.5342,3.2275,8.779
2011-07-28,14.833,3.6192,3.283,8.971
2011-07-29,14.8465,2.8882,2.7557,7.301
2011-07-30,14.8601,2.2007,1.7296,4.387
2011-07-31,14.8738,3.283,3.306,9.114
2011-08-01,14.8875,3.766,3.7392,10.45
2011-08-02,14.9012,3.9538,3.7684,10.516
2011-08-03,14.9149,3.799,3.3172,9.039
2011-08-04,14.9286,4.0131,3.9263,11.111
2011-08-05,14.9422,4.0914,4.037,11.435
2011-08-06,14.9558,4.1004,4.1493,11.871
2011-08-07,14.9693,4.1481,4.0915,11.649
2011-08-08,14.9826,4.2036,4.1795,12.008
2011-08-09,14.9958,3.8482,3.6313,10.076
2011-08-10,15.0088,3.8535,3.7698,10.59
2011-08-11,15.0217,3.8885,3.9835,11.297
2011-08-12,15.0343,3.3879,2.9721,7.987
2011-08-13,15.0467,3.5046,3.6105,10.009
2011-08-14,15.0588,3.6915,3.4407,9.484
2011-08-15,15.0707,3.5665,3.2811,8.927
2011-08-16,15.0823,3.8171,3.6515,10.192
2011-08-17,15.0935,3.6109,3.6013,10.014
2011-08-18,15.1044,3.8594,3.7177,10.337
2011-08-19,15.1149,3.1039,3.1424,8.518
2011-08-20,15.125,3.3692,3.0935,8.402
2011-08-21,15.1347,3.7949,3.7803,10.59
2011-08-22,15.144,3.8276,3.5773,9.898
2011-08-23,15.1529,3.6651,3.6512,10.084
2011-08-24,15.1612,2.9244,3.1078,8.362
2011-08-25,15.1691,3.2856,3.1859,8.65
2011-08-26,15.1765,3.8168,3.3944,9.355
2011-08-27,15.1833,3.9968,3.939,11.09
2011-08-28,15.1897,3.7278,3.5534,9.824
2011-08-29,15.1954,3.8489,3.4762,9.545
2011-08-30,15.2006,4.2111,4.3237,12.314
2011-08-31,15.2052,4.4086,3.9917,11.2
2011-09-01,15.2091,4.3472,4.1497,11.885
2011-09-02,15.2125,3.8221,3.879,10.993
2011-09-03,15.2152,3.5208,3.4527,9.644
2011-09-04,15.2173,3.8213,3.7353,10.477
2011-09-05,15.2187,4.2906,4.2346,12.305
2011-09-06,15.2195,4.0745,3.774,10.521
2011-09-07,15.2196,4.0572,3.7792,10.542
2011-09-08,15.219,3.7477,3.6687,10.343
2011-09-09,15.2177,2.7469,3.2376,8.802
2011-09-10,15.2156,3.9413,3.8385,10.753
2011-09-11,15.2129,3.7636,3.3437,9.139
2011-09-12,15.2095,3.9605,3.7088,10.296
2011-09-13,15.2053,3.9459,3.9018,10.898
2011-09-14,15.2004,4.0668,3.93,11.096
2011-09-15,15.1947,3.8121,3.764,10.459
2011-09-16,15.1884,3.7842,3.3047,9.083
2011-09-17,15.1813,3.3089,3.4118,9.333
2011-09-18,15.1734,3.0133,3.1813,8.605
2011-09-19,15.1648,3.4541,3.8001,10.632
2011-09-20,15.1555,3.2268,3.5895,9.949
2011-09-21,15.1454,3.7361,3.4601,9.569
2011-09-22,15.1346,3.7425,3.8704,10.944
2011-09-23,15.1231,3.7427,3.8542,10.736
2011-09-24,15.1108,3.8744,3.8871,10.821
2011-09-25,15.0979,3.5831,3.776,10.573
2011-09-26,15.0842,3.6943,3.6997,10.28
2011-09-27,15.0698,4.0922,4.1535,11.949
2011-09-28,15.0547,3.987,3.7453,10.335
2011-09-29,15.0389,3.6758,3.559,9.782
2011-09-30,15.0224,3.7143,3.6008,9.946
2011-10-01,15.0053,3.4648,3.7082,10.286
2011-10-02,14.9875,3.4214,3.4285,9.358
2011-10-03,14.9691,3.4975,3.7022,10.277
2011-10-04,14.9501,3.1329,2.8598,7.604
2011-10-05,14.9304,3.1955,2.9459,7.897
2011-10-06,14.9101,3.49,2.9515,7.922
2011-10-07,14.8892,3.4091,3.5198,9.628
2011-10-08,14.8678,3.1695,3.0638,8.245
2011-10-09,14.8458,3.3366,3.5855,9.883
2011-10-10,14.8233,3.2479,3.2705,8.879
2011-10-11,14.8003,3.3035,3.0992,8.388
2011-10-12,14.7768,2.5282,2.7852,7.411
2011-10-13,14.7528,2.9362,2.9378,7.906
2011-10-14,14.7284,3.4322,3.2946,8.956
2011-10-15,14.7035,3.002,3.2374,8.823
2011-10-16,14.6782,2.7389,2.7366,7.255
2011-10-17,14.6526,2.9146,3.1976,8.698
2011-10-18,14.6265,2.8018,2.9572,7.98
2011-10-19,14.6002,2.6568,3.118,8.458
2011-10-20,14.5735,2.0431,2.1566,5.567
2011-10-21,14.5465,2.2321,2.6642,7.076
2011-10-22,14.5193,3.3941,3.6032,10.148
2011-10-23,14.4918,2.995,3.2761,8.998
2011-10-24,14.4641,2.9603,3.2518,8.864
2011-10-25,14.4363,3.0457,2.8434,7.64
2011-10-26,14.4082,3.2658,3.336,9.112
2011-10-27,14.3801,3.5785,3.5338,9.796
2011-10-28,14.3518,2.9766,,
2011-10-29,14.3234,2.7426,,
2011-10-30,14.295,2.189,2.3305,6.045
2011-10-31,14.2666,3.3907,3.5878,10.155
2011-11-01,14.2382,3.4901,3.3658,9.274
2011-11-02,14.2098,3.6693,3.5695,9.9
2011-11-03,14.1815,3.5377,3.6017,10.073
2011-11-04,14.1533,3.2388,2.7608,7.391
2011-11-05,14.1251,3.5191,3.4415,9.594
2011-11-06,14.0972,3.3995,3.3968,9.402
2011-11-07,14.0694,3.3303,3.436,9.518
2011-11-08,14.0418,3.037,2.9775,8.07
2011-11-09,14.0144,2.6412,2.5256,6.67
2011-11-10,13.9873,3.0621,3.2018,8.753
2011-11-11,13.9605,2.9398,2.7013,7.205
2011-11-12,13.9339,2.543,2.2358,5.826
2011-11-13,13.9077,2.3797,2.3642,6.22
2011-11-14,13.8819,2.9371,3.0673,8.392
2011-11-15,13.8565,3.1688,3.3293,9.195
2011-11-16,13.8315,2.9799,2.8293,7.617
2011-11-17,13.8069,2.1304,2.8087,7.502
2011-11-18,13.7828,2.2119,2.3321,6.108
2011-11-19,13.7591,2.6184,2.6942,7.215
2011-11-20,13.736,2.5588,2.8455,7.672
2011-11-21,13.7134,1.923,2.4482,6.471
2011-11-22,13.6914,2.9358,3.2542,8.975
2011-11-23,13.67,3.0457,3.1861,8.731
2011-11-24,13.6492,3.0434,3.1595,8.694
2011-11-25,13.629,2.6798,2.7101,7.238
2011-11-26,13.6094,3.0643,2.9893,8.086
2011-11-27,13.5906,3.1792,3.147,8.598
2011-11-28,13.5724,2.8776,3.0244,8.215
2011-11-29,13.5549,2.5819,2.9285,7.927
2011-11-30,13.5381,2.9871,3.2696,9.036
2011-12-01,13.5221,2.5561,2.6692,7.085
2011-12-02,13.5068,2.9283,3.0994,8.513
2011-12-03,13.4924,2.8233,2.8972,7.858
2011-12-04,13.4787,2.8357,3.1212,8.583
2011-12-05,13.4658,2.5583,2.2762,5.924
2011-12-06,13.4537,2.7313,2.779,7.458
2011-12-07,13.4425,1.9717,1.7505,4.471
2011-12-08,13.4321,2.766,2.6767,7.202
2011-12-09,13.4226,3.2462,3.3296,9.272
2011-12-10,13.4139,3.3005,3.3402,9.304
2011-12-11,13.4061,2.9626,3.1429,8.651
2011-12-12,13.3992,2.5558,2.8222,7.601
2011-12-13,13.3932,2.5696,2.4956,6.581
2011-12-14,13.3881,3.0451,3.284,9.14
2011-12-15,13.3839,2.8372,3.1765,8.71
2011-12-16,13.3807,2.87,3.0477,8.289
2011-12-17,13.3783,2.7398,3.0772,8.358
2011-12-18,13.3768,2.8754,3.0929,8.481
2011-12-19,13.3763,2.9532,2.9544,8.033
2011-12-20,13.3767,3.253,3.3496,9.336
2011-12-21,13.378,3.1843,3.1613,8.605
2011-12-22,13.3803,3.4423,3.5225,9.857
2011-12-23,13.3835,2.9373,2.6746,7.118
2011-12-24,13.3876,3.1064,2.9796,8.099
2011-12-25,13.3926,3.3842,3.2196,8.869
2011-12-26,13.3985,3.0405,3.1439,8.576
2011-12-27,13.4054,3.1327,3.2487,9.013
2011-12-28,13.4131,2.8554,3.1169,8.55
2011-12-29,13.4218,3.1026,3.2197,8.895
2011-12-30,13.4313,3.0388,3.0213,8.196
2011-12-31,13.4417,3.2125,3.2121,8.812
2012-01-01,13.453,3.0651,3.4224,9.488
2012-01-02,13.4652,2.9108,3.2636,8.994
2012-01-03,13.4782,2.5618,2.8301,7.633
2012-01-04,13.4921,2.7805,2.8053,7.572
2012-01-05,13.5068,2.6847,2.1491,5.611
2012-01-06,13.5223,2.9328,3.1641,8.727
2012-01-07,13.5386,2.982,3.1546,8.679
2012-01-08,13.5557,3.1971,3.4091,9.573
2012-01-09,13.5736,3.1729,3.3912,9.519
2012-01-10,13.5922,3.1299,3.3642,9.391
2012-01-11,13.6116,3.1083,3.3355,9.301
2012-01-12,13.6317,3.303,3.2466,8.939
2012-01-13,13.6524,3.4986,3.359,9.298
2012-01-14,13.6739,3.3182,3.2163,8.892
2012-01-15,13.696,3.4077,3.4529,9.733
2012-01-16,13.7188,3.3165,3.6472,10.421
2012-01-17,13.7422,3.0415,3.0361,8.291
2012-01-18,13.7662,2.914,3.0358,8.346
2012-01-19,13.7907,2.8979,2.8014,7.529
2012-01-20,13.8159,3.0398,3.0323,8.283
2012-01-21,13.8415,2.7183,2.9873,8.09
2012-01-22,13.8676,2.8408,2.942,7.967
2012-01-23,13.8943,3.0001,3.1117,8.542
2012-01-24,13.9213,2.8518,3.1289,8.532
2012-01-25,13.9488,2.9016,2.9534,8.05
2012-01-26,13.9767,2.9926,3.0397,8.285
2012-01-27,14.005,2.8134,2.7557,7.356
2012-01-28,14.0336,2.9674,2.9806,8.048
2012-01-29,14.0626,3.2451,3.1036,8.392
2012-01-30,14.0918,3.3692,3.4316,9.562
2012-01-31,14.1213,3.3022,3.4362,9.545
2012-02-01,14.1511,3.1702,3.221,8.826
2012-02-02,14.181,3.4837,3.4975,9.765
2012-02-03,14.2111,3.4561,3.576,10.075
2012-02-04,14.2414,3.5093,3.627,10.03
2012-02-05,14.2718,3.3472,3.0268,8.15
2012-02-06,14.3023,2.8797,2.7823,7.424
2012-02-07,14.3328,3.5406,3.4497,9.646
2012-02-08,14.3634,3.4555,2.9258,7.847
2012-02-09,14.394,3.5014,3.8257,10.908
2012-02-10,14.4246,3.4992,3.2611,8.884
2012-02-11,14.4551,3.5213,3.7831,10.659
2012-02-12,14.4856,3.228,3.4087,9.397
2012-02-13,14.5159,2.9388,3.3504,9.223
2012-02-14,14.5461,3.1694,3.6603,10.265
2012-02-15,14.5761,3.2636,3.5717,10.018
2012-02-16,14.606,3.1203,3.4096,9.474
2012-02-17,14.6356,2.9945,3.4483,9.645
2012-02-18,14.6649,3.102,3.6547,10.333
2012-02-19,14.694,3.4564,3.6541,10.342
2012-02-20,14.7228,3.4913,3.7871,10.803
2012-02-21,14.7513,3.5615,3.7212,10.429
2012-02-22,14.7794,3.557,3.7001,10.412
2012-02-23,14.8071,3.8073,3.9387,11.29
2012-02-24,14.8344,3.7797,3.7707,10.632
2012-02-25,14.8613,3.2113,3.1951,8.676
2012-02-26,14.8877,3.6618,3.8456,10.944
2012-02-27,14.9137,3.8688,4.1354,11.924
2012-02-28,14.9391,3.8579,3.7157,10.392
2012-02-29,14.9641,3.3797,3.5498,9.949
2012-03-01,14.9885,3.4499,3.4232,9.401
2012-03-02,15.0123,3.981,3.8606,10.84
2012-03-03,15.0355,3.5017,3.5431,9.754
2012-03-04,15.0582,3.6945,3.8532,10.688
2012-03-05,15.0802,3.9448,3.8729,10.934
2012-03-06,15.1016,3.4467,3.9573,11.088
2012-03-07,15.1223,3.848,3.818,10.721
2012-03-08,15.1424,3.7454,3.6774,10.207
2012-03-09,15.1618,3.7447,3.3539,9.146
2012-03-10,15.1804,2.666,2.2165,5.762
2012-03-11,15.1984,3.6409,3.7165,10.313
2012-03-12,15.2156,4.0628,3.4583,9.475
2012-03-13,15.2321,3.6098,3.1566,8.482
2012-03-14,15.2479,3.9219,3.6594,10.096
2012-03-15,15.2629,4.1502,4.103,11.634
2012-03-16,15.2771,3.8188,3.4721,9.516
2012-03-17,15.2906,3.11,3.2513,8.807
2012-03-18,15.3032,3.4805,3.6045,9.902
2012-03-19,15.3151,3.3537,3.2808,8.922
2012-03-20,15.3262,3.1666,3.1666,8.557
2012-03-21,15.3365,3.4357,3.4784,9.563
2012-03-22,15.346,2.9176,2.5387,6.649
2012-03-23,15.3547,3.3582,3.6623,10.083
2012-03-24,15.3626,3.4906,3.4448,9.485
2012-03-25,15.3697,3.445,3.617,9.925
2012-03-26,15.376,3.4265,2.8451,7.53
2012-03-27,15.3815,3.5815,3.8907,10.847
2012-03-28,15.3862,3.4962,3.6156,9.994
2012-03-29,15.3901,3.89,3.976,11.056
2012-03-30,15.3932,3.9353,3.5131,9.603
2012-03-31,15.3955,3.5501,3.6595,10.006
2012-04-01,15.3971,4.0618,4.0774,11.431
2012-04-02,15.3978,3.6451,3.748,10.404
2012-04-03,15.3979,3.769,3.5683,9.835
2012-04-04,15.3971,3.5185,3.5933,9.896
2012-04-05,15.3957,3.3621,3.1382,8.407
2012-04-06,15.3935,3.02,3.2131,8.658
2012-04-07,15.3905,3.2229,2.6466,6.994
2012-04-08,15.3869,2.6849,3.0972,8.344
2012-04-09,15.3826,2.2512,2.2363,5.78
2012-04-10,15.3776,3.5252,3.4422,9.499
2012-04-11,15.372,3.0534,3.2428,8.778
2012-04-12,15.3656,2.2638,2.1523,5.523
2012-04-13,15.3587,3.4095,3.5348,9.707
2012-04-14,15.3511,3.2092,,
2012-04-15,15.343,3.4341,,
2012-04-16,15.3342,3.3677,3.3954,9.277
2012-04-17,15.3249,2.9866,,
2012-04-18,15.3151,2.9249,3.317,8.985
2012-04-19,15.3047,3.3544,3.5338,9.711
2012-04-20,15.2939,3.4762,3.2593,8.807
2012-04-21,15.2825,3.116,3.4161,9.335
2012-04-22,15.2707,3.0335,3.4601,9.502
2012-04-23,15.2585,3.5416,3.5709,9.788
2012-04-24,15.2458,3.1731,3.4628,9.537
2012-04-25,15.2328,3.7348,3.991,11.229
2012-04-26,15.2193,3.8463,3.932,10.979
2012-04-27,15.2055,3.7028,3.6597,10.138
2012-04-28,15.1914,3.4219,3.4818,9.518
2012-04-29,15.177,3.3767,3.458,9.448
2012-04-30,15.1623,3.7013,3.7422,10.379
2012-05-01,15.1474,3.2811,3.5528,9.774
2012-05-02,15.1322,3.388,3.4761,9.589
2012-05-03,15.1168,3.4182,3.4062,9.326
2012-05-04,15.1013,3.5249,3.6829,10.257
2012-05-05,15.0855,3.4621,,
2012-05-06,15.0697,3.5153,3.529,9.716
2012-05-07,15.0537,2.6884,2.6435,6.948
2012-05-08,15.0377,3.4261,3.566,9.909
2012-05-09,15.0215,3.5137,3.2434,8.858
2012-05-10,15.0054,3.4287,3.5575,9.823
2012-05-11,14.9892,3.4038,3.1234,8.447
2012-05-12,14.973,2.9679,3.1382,8.44
2012-05-13,14.9569,3.1489,3.3943,9.255
2012-05-14,14.9408,3.5288,3.5545,9.718
2012-05-15,14.9248,3.8045,3.8759,10.787
2012-05-16,14.9089,3.6447,3.3562,9.104
2012-05-17,14.8932,3.6464,3.6719,10.145
2012-05-18,14.8775,3.707,3.4802,9.522
2012-05-19,14.8621,3.2591,2.9107,7.765
2012-05-20,14.8468,3.4337,3.1268,8.445
2012-05-21,14.8317,3.4555,3.6205,10.029
2012-05-22,14.8169,3.6013,3.6085,9.988
2012-05-23,14.8023,3.4974,3.2653,8.903
2012-05-24,14.788,3.5934,3.2742,8.938
2012-05-25,14.774,3.5108,3.4165,9.371
2012-05-26,14.7602,3.6554,3.3028,9.072
2012-05-27,14.7468,4.1747,4.0594,11.575
2012-05-28,14.7338,3.8585,3.5038,9.698
2012-05-29,14.7211,3.7612,3.5173,9.748
2012-05-30,14.7088,3.5979,3.6476,10.212
2012-05-31,14.6968,3.5102,3.1249,8.485
2012-06-01,14.6853,3.554,3.3754,9.305
2012-06-02,14.6742,3.7863,3.276,9.016
2012-06-03,14.6636,3.4218,3.2397,8.798
2012-06-04,14.6533,3.9245,3.6371,10.122
2012-06-05,14.6436,4.0951,3.7184,10.393
2012-06-06,14.6343,4.0376,3.9792,11.316
2012-06-07,14.6255,3.783,3.8306,10.762
2012-06-08,14.6172,3.3484,2.9535,7.945
2012-06-09,14.6094,3.5749,3.2218,8.78
2012-06-10,14.6021,3.4653,3.636,10.108
2012-06-11,14.5954,3.3637,3.1734,8.627
2012-06-12,14.5891,3.2524,3.2613,8.995
2012-06-13,14.5834,3.5754,3.1129,8.555
2012-06-14,14.5783,3.5704,3.441,9.577
2012-06-15,14.5737,3.7558,3.536,9.927
2012-06-16,14.5696,3.1736,2.3575,6.192
2012-06-17,14.5661,3.5175,3.3763,9.438
2012-06-18,14.5632,3.7107,3.4525,9.562
2012-06-19,14.5608,4.1697,3.8599,10.845
2012-06-20,14.559,3.6276,3.7125,10.321
2012-06-21,14.5577,3.3823,3.1163,8.501
2012-06-22,14.557,4.0749,4.0973,11.928
2012-06-23,14.5569,3.783,3.3514,9.316
2012-06-24,14.5573,3.3561,3.1423,8.661
2012-06-25,14.5583,3.4894,3.3178,9.289
2012-06-26,14.5599,3.5028,3.2435,8.944
2012-06-27,14.562,3.42,3.1153,8.579
2012-06-28,14.5646,3.7384,3.2632,8.91
2012-06-29,14.5678,3.6482,3.4691,9.651
2012-06-30,14.5715,3.4391,2.8009,7.526
2012-07-01,14.5758,3.4767,3.213,8.782
2012-07-02,14.5805,3.6213,3.3207,9.129
2012-07-03,14.5858,3.7359,3.4984,9.764
2012-07-04,14.5916,3.4075,3.0326,8.294
2012-07-05,14.5979,3.2447,3.0198,8.163
2012-07-06,14.6047,3.3861,3.1077,8.49
2012-07-07,14.6119,3.5427,3.2083,8.793
2012-07-08,14.6196,3.9306,3.831,10.784
2012-07-09,14.6277,3.8965,3.5845,9.922
2012-07-10,14.6363,3.7661,3.3613,9.177
2012-07-11,14.6453,3.368,3.189,8.646
2012-07-12,14.6547,3.144,2.901,7.73
2012-07-13,14.6645,3.1417,2.6102,6.918
2012-07-14,14.6747,3.7103,3.2909,9.014
2012-07-15,14.6852,3.8256,3.2813,8.977
2012-07-16,14.6961,3.5797,3.1848,8.743
2012-07-17,14.7073,3.5932,3.3887,9.263
2012-07-18,14.7188,3.5545,3.4921,9.67
2012-07-19,14.7306,3.6114,3.7186,10.496
2012-07-20,14.7426,3.4885,3.4845,9.611
2012-07-21,14.755,3.506,3.4407,9.517
2012-07-22,14.7675,3.7952,3.7165,10.352
2012-07-23,14.7803,3.9641,3.5561,9.883
2012-07-24,14.7932,3.5283,3.4052,9.331
2012-07-25,14.8063,4.1903,4.1586,12.065
2012-07-26,14.8196,3.8274,3.3429,9.217
2012-07-27,14.833,3.6482,3.4655,9.549
2012-07-28,14.8465,3.0996,3.2537,8.817
2012-07-29,14.8601,3.2774,3.0569,8.2
2012-07-30,14.8738,3.6425,2.8901,7.724
2012-07-31,14.8875,2.9837,2.9895,8.045
2012-08-01,14.9012,3.7051,3.4347,9.493
2012-08-02,14.9149,3.6293,3.4356,9.48
2012-08-03,14.9286,3.5883,3.325,9.119
2012-08-04,14.9422,3.6027,3.4264,9.393
2012-08-05,14.9558,3.4627,3.2274,8.803
2012-08-06,14.9693,3.1139,2.8473,7.521
2012-08-07,14.9826,3.4336,3.0511,8.2
2012-08-08,14.9958,3.4742,3.3206,9.006
2012-08-09,15.0088,3.699,3.4233,9.477
2012-08-10,15.0217,3.983,3.6698,10.357
2012-08-11,15.0343,3.4064,2.9712,7.952
2012-08-12,15.0467,3.5501,3.4352,9.435
2012-08-13,15.0588,3.4556,3.357,9.167
2012-08-14,15.0707,2.8383,2.7714,7.355
2012-08-15,15.0823,3.4084,3.2512,8.822
2012-08-16,15.0935,3.7979,3.5354,9.759
2012-08-17,15.1044,3.5198,2.8776,7.656
2012-08-18,15.1149,3.6269,3.3566,9.233
2012-08-19,15.125,3.8863,3.7113,10.464
2012-08-20,15.1347,3.7226,3.1997,8.717
2012-08-21,15.144,3.6302,3.2203,8.768
2012-08-22,15.1529,3.7818,3.6267,10.036
2012-08-23,15.1612,3.2403,3.1717,8.602
2012-08-24,15.1691,3.7474,3.5388,9.767
2012-08-25,15.1765,3.5192,3.6865,10.381
2012-08-26,15.1833,3.6457,3.403,9.4
2012-08-27,15.1897,3.935,3.5192,9.686
2012-08-28,15.1954,4.147,4.1241,11.671
2012-08-29,15.2006,4.3041,4.1078,11.67
2012-08-30,15.2052,3.9886,3.6541,10.186
2012-08-31,15.2091,3.5937,3.3198,9.063
2012-09-01,15.2125,3.876,3.7346,10.464
2012-09-02,15.2152,3.9604,3.7039,10.36
2012-09-03,15.2173,4.1606,3.7617,10.652
2012-09-04,15.2187,3.9782,3.6217,10.033
2012-09-05,15.2195,3.6066,3.0146,8.176
2012-09-06,15.2196,4.0152,3.7228,10.463
2012-09-07,15.219,4.37,4.1687,12.0
2012-09-08,15.2177,3.7214,3.4469,9.425
2012-09-09,15.2156,4.0846,3.8023,10.657
2012-09-10,15.2129,4.1459,4.1801,12.062
2012-09-11,15.2095,3.8203,3.6747,10.257
2012-09-12,15.2053,3.6345,3.4412,9.461
2012-09-13,15.2004,3.5621,3.3858,9.32
2012-09-14,15.1947,3.9693,3.8134,10.797
2012-09-15,15.1884,4.1248,3.9746,11.347
2012-09-16,15.1813,4.1446,3.9237,11.186
2012-09-17,15.1734,3.6875,3.435,9.446
2012-09-18,15.1648,3.1468,3.2761,8.938
2012-09-19,15.1555,4.1152,3.8034,10.693
2012-09-20,15.1454,4.1631,3.8793,10.913
2012-09-21,15.1346,3.9667,3.6715,10.123
2012-09-22,15.1231,3.8286,3.4267,9.385
2012-09-23,15.1108,3.5285,3.4646,9.478
2012-09-24,15.0979,3.3746,2.9669,7.979
2012-09-25,15.0842,3.5186,3.2363,8.818
2012-09-26,15.0698,3.8628,3.7347,10.493
2012-09-27,15.0547,3.987,3.2687,8.931
2012-09-28,15.0389,3.272,3.1939,8.664
2012-09-29,15.0224,3.6014,3.5766,9.941
2012-09-30,15.0053,3.7327,3.6069,10.038
2012-10-01,14.9875,3.5017,3.4359,9.471
2012-10-02,14.9691,3.641,2.945,7.885
2012-10-03,14.9501,3.9954,3.8685,10.867
2012-10-04,14.9304,3.9301,3.4458,9.455
2012-10-05,14.9101,3.4593,3.6057,9.956
2012-10-06,14.8892,2.7586,3.0285,8.16
2012-10-07,14.8678,2.6162,3.2298,8.712
2012-10-08,14.8458,3.2566,2.9445,7.869
2012-10-09,14.8233,3.4676,3.6605,10.195
2012-10-10,14.8003,3.2059,3.455,9.539
2012-10-11,14.7768,3.5187,3.6575,10.18
2012-10-12,14.7528,3.5005,,
2012-10-13,14.7284,2.9504,3.2615,8.854
2012-10-14,14.7035,3.2235,2.9945,8.048
2012-10-15,14.6782,3.2972,3.662,10.22
2012-10-16,14.6526,2.7157,,
2012-10-17,14.6265,3.1517,3.2505,8.848
2012-10-18,14.6002,2.8875,3.0684,8.256
2012-10-19,14.5735,2.6915,2.8129,7.53
2012-10-20,14.5465,2.5907,3.0092,8.104
2012-10-21,14.5193,3.4767,,
2012-10-22,14.4918,2.9195,3.3221,9.11
2012-10-23,14.4641,3.6101,3.5832,9.89
2012-10-24,14.4363,3.3416,3.3471,9.122
2012-10-25,14.4082,3.474,3.7442,10.617
2012-10-26,14.3801,3.0787,3.2664,8.943
2012-10-27,14.3518,3.7935,3.7542,10.556
2012-10-28,14.3234,4.0238,,
2012-10-29,14.295,3.3691,3.5327,9.905
2012-10-30,14.2666,3.0791,2.9133,7.791
2012-10-31,14.2382,3.2946,,
2012-11-01,14.2098,3.481,,
2012-11-02,14.1815,3.3339,3.3303,9.166
2012-11-03,14.1533,3.5282,3.6104,10.057
2012-11-04,14.1251,3.5795,3.6566,10.27
2012-11-05,14.0972,3.2553,2.8467,7.662
2012-11-06,14.0694,3.4791,3.4695,9.747
2012-11-07,14.0418,3.4259,3.4661,9.62
2012-11-08,14.0144,3.5095,3.43,9.483
2012-11-09,13.9873,3.5493,3.4858,9.666
2012-11-10,13.9605,3.2388,3.3735,9.353
2012-11-11,13.9339,3.5362,3.5238,9.825
2012-11-12,13.9077,3.1779,3.3206,9.156
2012-11-13,13.8819,3.1037,3.106,8.444
2012-11-14,13.8565,3.3916,3.2693,9.008
2012-11-15,13.8315,2.675,,
2012-11-16,13.8069,2.658,,
2012-11-17,13.7828,2.6491,,
2012-11-18,13.7591,2.3775,2.2541,5.854
2012-11-19,13.736,3.1706,3.1458,8.59
2012-11-20,13.7134,3.4918,3.3928,9.375
2012-11-21,13.6914,3.2708,3.2672,8.963
2012-11-22,13.67,2.9835,3.0202,8.223
2012-11-23,13.6492,2.877,3.019,8.17
2012-11-24,13.629,3.3278,3.4065,9.449
2012-11-25,13.6094,3.6392,3.68,10.442
2012-11-26,13.5906,3.5822,3.5323,9.946
2012-11-27,13.5724,2.8393,2.7974,7.487
2012-11-28,13.5549,3.0607,3.1808,8.746
2012-11-29,13.5381,3.0569,3.1014,8.452
2012-11-30,13.5221,3.1596,3.1397,8.621
2012-12-01,13.5068,3.0491,,
2012-12-02,13.4924,2.7972,2.7648,7.472
2012-12-03,13.4787,3.0458,3.2621,9.048
2012-12-04,13.4658,3.0087,2.9552,8.06
2012-12-05,13.4537,2.5251,2.716,7.288
2012-12-06,13.4425,3.0389,3.2209,9.003
2012-12-07,13.4321,3.1432,3.2046,8.877
2012-12-08,13.4226,3.233,3.3139,9.111
2012-12-09,13.4139,3.6781,3.6166,10.219
2012-12-10,13.4061,3.3843,3.4963,9.794
2012-12-11,13.3992,3.0115,3.3113,9.186
2012-12-12,13.3932,2.9827,3.2274,9.013
2012-12-13,13.3881,2.8484,3.0712,8.41
2012-12-14,13.3839,2.8565,2.8651,7.774
2012-12-15,13.3807,2.7139,2.9158,7.911
2012-12-16,13.3783,3.0174,3.2397,8.957
2012-12-17,13.3768,2.9134,3.1646,8.735
2012-12-18,13.3763,2.7191,2.4308,6.404
2012-12-19,13.3767,3.1178,3.0034,8.227
2012-12-20,13.378,3.0609,3.1095,8.542
2012-12-21,13.3803,3.0471,3.0993,8.495
2012-12-22,13.3835,3.1713,3.0901,8.48
2012-12-23,13.3876,3.1522,2.869,7.819
2012-12-24,13.3926,3.082,2.9643,8.075
2012-12-25,13.3985,2.915,2.9621,8.076
2012-12-26,13.4054,3.2958,3.0857,8.448
2012-12-27,13.4131,3.2683,3.1661,8.66
2012-12-28,13.4218,3.6601,3.7111,10.612
2012-12-29,13.4313,3.7387,3.8186,11.058
2012-12-30,13.4417,3.5569,3.6189,10.209
2012-12-31,13.453,3.6888,3.7193,10.644
2013-01-01,13.453,3.6198,3.6341,10.375
2013-01-02,13.4652,3.7829,3.8597,11.142
2013-01-03,13.4782,3.7207,3.7422,10.724
2013-01-04,13.4921,3.5463,3.5632,9.985
2013-01-05,13.5068,3.831,3.8363,11.041
2013-01-06,13.5223,3.911,3.9532,11.536
2013-01-07,13.5386,3.9457,4.1054,12.192
2013-01-08,13.5557,4.0984,4.1341,12.245
2013-01-09,13.5736,4.0964,,
2013-01-10,13.5922,3.9108,,
2013-01-11,13.6116,3.8388,,
2013-01-12,13.6317,3.4553,,
2013-01-13,13.6524,3.3824,,
2013-01-14,13.6739,2.9616,3.246,8.905
2013-01-15,13.696,3.1632,3.2436,8.904
2013-01-16,13.7188,3.1405,3.3282,9.194
2013-01-17,13.7422,2.8546,,
2013-01-18,13.7662,2.6379,,
2013-01-19,13.7907,3.3957,,
2013-01-20,13.8159,3.4174,3.5338,9.827
2013-01-21,13.8415,3.4517,3.4901,9.595
2013-01-22,13.8676,3.1819,3.1676,8.562
2013-01-23,13.8943,2.9687,3.1359,8.513
2013-01-24,13.9213,3.0743,3.2387,8.916
2013-01-25,13.9488,3.2386,,
2013-01-26,13.9767,3.4515,3.6499,10.194
2013-01-27,14.005,3.519,,
2013-01-28,14.0336,3.7471,,
2013-01-29,14.0626,3.6612,,
2013-01-30,14.0918,3.5698,,
2013-01-31,14.1213,3.2406,,
2013-02-01,14.1511,3.0699,3.1066,8.477
2013-02-02,14.181,3.1219,2.734,7.236
2013-02-03,14.2111,3.3147,3.4669,9.679
2013-02-04,14.2414,3.1986,3.4896,9.721
2013-02-05,14.2718,2.7056,2.9524,7.912
2013-02-06,14.3023,3.1326,2.9962,8.087
2013-02-07,14.3328,3.3725,,
2013-02-08,14.3634,3.0519,,
2013-02-09,14.394,3.0326,,
2013-02-10,14.4246,3.2213,3.2485,8.932
2013-02-11,14.4551,2.5366,2.9146,7.808
2013-02-12,14.4856,3.1879,3.2918,9.041
2013-02-13,14.5159,3.0051,3.2475,8.923
2013-02-14,14.5461,3.1341,3.307,9.117
2013-02-15,14.5761,3.5328,3.4149,9.338
2013-02-16,14.606,3.2441,3.3286,9.075
2013-02-17,14.6356,2.6047,2.3752,6.148
2013-02-18,14.6649,3.425,3.1412,8.575
2013-02-19,14.694,3.5826,3.4427,9.457
2013-02-20,14.7228,3.682,3.6032,9.949
2013-02-21,14.7513,3.7466,3.5667,9.832
2013-02-22,14.7794,3.7285,3.4949,9.583
2013-02-23,14.8071,3.9176,3.8882,10.863
2013-02-24,14.8344,3.6668,3.3968,9.25
2013-02-25,14.8613,3.7715,3.6354,10.09
2013-02-26,14.8877,3.4297,3.4197,9.319
2013-02-27,14.9137,3.9332,3.5542,9.706
2013-02-28,14.9391,3.5873,3.1941,8.537
2013-03-01,14.9641,3.2044,3.2933,8.896
2013-03-02,14.9885,4.1181,4.1554,11.818
2013-03-03,15.0123,3.8468,3.595,9.885
2013-03-04,15.0355,3.4914,3.0272,8.079
2013-03-05,15.0582,3.9286,3.7753,10.421
2013-03-06,15.0802,3.8849,3.6319,9.941
2013-03-07,15.1016,3.5898,3.5813,9.753
2013-03-08,15.1223,4.2101,3.9035,10.802
2013-03-09,15.1424,4.2257,3.7064,10.14
2013-03-10,15.1618,3.9583,3.7142,10.329
2013-03-11,15.1804,3.8396,3.8265,10.643
2013-03-12,15.1984,3.5698,3.5643,9.735
2013-03-13,15.2156,3.8864,3.7569,10.372
2013-03-14,15.2321,3.7662,3.4677,9.43
2013-03-15,15.2479,3.2492,2.8909,7.645
2013-03-16,15.2629,3.691,3.6429,9.986
2013-03-17,15.2771,3.48,3.2057,8.557
2013-03-18,15.2906,3.5478,3.8218,10.6
2013-03-19,15.3032,3.4392,3.741,10.3
2013-03-20,15.3151,3.3756,3.5088,9.577
2013-03-21,15.3262,3.1397,3.3959,9.199
2013-03-22,15.3365,3.509,3.3933,9.229
2013-03-23,15.346,3.1039,3.106,8.396
2013-03-24,15.3547,4.1721,4.0848,11.56
2013-03-25,15.3626,4.1973,3.9171,10.869
2013-03-26,15.3697,3.9166,4.0753,11.383
2013-03-27,15.376,4.2035,4.0745,11.392
2013-03-28,15.3815,4.0045,3.867,10.678
2013-03-29,15.3862,3.9069,3.5091,9.591
2013-03-30,15.3901,3.9296,3.8296,10.515
2013-03-31,15.3932,3.959,3.7621,10.336
2013-04-01,15.3955,4.4271,4.1686,11.702
2013-04-02,15.3971,3.7964,3.5274,9.559
2013-04-03,15.3978,3.6356,3.5856,9.738
2013-04-04,15.3979,3.9846,4.1269,11.54
2013-04-05,15.3971,4.164,3.9321,10.898
2013-04-06,15.3957,4.0213,4.1014,11.529
2013-04-07,15.3935,3.8695,3.9367,10.946
2013-04-08,15.3905,4.1697,4.0696,11.339
2013-04-09,15.3869,4.1429,4.145,11.626
2013-04-10,15.3826,3.9383,3.4495,9.314
2013-04-11,15.3776,3.8743,3.7917,10.492
2013-04-12,15.372,3.7653,,
2013-04-13,15.3656,3.9784,4.1188,11.513
2013-04-14,15.3587,3.7688,3.4004,9.146
2013-04-15,15.3511,3.9941,4.0566,11.26
2013-04-16,15.343,3.9158,3.8546,10.646
2013-04-17,15.3342,3.7404,,
2013-04-18,15.3249,3.5295,3.2869,8.846
2013-04-19,15.3151,2.9992,2.9025,7.716
2013-04-20,15.3047,3.3851,3.3813,9.198
2013-04-21,15.2939,3.0081,2.6687,7.017
2013-04-22,15.2825,3.6376,3.9037,10.962
2013-04-23,15.2707,3.4021,3.3407,9.11
2013-04-24,15.2585,3.1389,,
2013-04-25,15.2458,3.654,,
2013-04-26,15.2328,3.46,3.3817,9.199
2013-04-27,15.2193,3.4932,3.9068,10.963
2013-04-28,15.2055,3.2917,3.699,10.212
2013-04-29,15.1914,3.2524,3.347,9.072
2013-04-30,15.177,3.6578,,
2013-05-01,15.1623,3.5223,3.5968,9.876
2013-05-02,15.1474,3.12,3.2097,8.673
2013-05-03,15.1322,2.6446,2.9828,7.973
2013-05-04,15.1168,3.7432,,
2013-05-05,15.1013,2.4911,,
2013-05-06,15.0855,2.8073,2.8844,7.644
2013-05-07,15.0697,2.4005,2.8215,7.502
2013-05-08,15.0537,3.836,3.7603,10.519
2013-05-09,15.0377,3.6765,3.533,9.707
2013-05-10,15.0215,3.4778,3.1266,8.358
2013-05-11,15.0054,3.4553,3.6111,9.882
2013-05-12,14.9892,3.9502,4.0133,11.307
2013-05-13,14.973,3.716,3.7279,10.3
2013-05-14,14.9569,3.5972,3.547,9.669
2013-05-15,14.9408,3.6047,3.3144,8.916
2013-05-16,14.9248,3.1442,3.2562,8.757
2013-05-17,14.9089,2.6703,2.738,7.22
2013-05-18,14.8932,3.348,3.4329,9.408
2013-05-19,14.8775,3.6396,3.453,9.435
2013-05-20,14.8621,2.6692,2.8927,7.68
2013-05-21,14.8468,2.9183,3.2356,8.757
2013-05-22,14.8317,3.5088,3.3376,9.088
2013-05-23,14.8169,2.7099,2.9794,7.947
2013-05-24,14.8023,3.4187,3.3717,9.157
2013-05-25,14.788,3.5101,3.6664,10.152
2013-05-26,14.774,3.6294,3.0479,8.22
2013-05-27,14.7602,3.1642,2.7631,7.324
2013-05-28,14.7468,3.4394,3.1488,8.489
2013-05-29,14.7338,3.1128,3.0668,8.285
2013-05-30,14.7211,3.1992,3.2583,8.856
2013-05-31,14.7088,2.8921,3.0485,8.176
2013-06-01,14.6968,2.8881,2.9591,8.011
2013-06-02,14.6853,3.2723,3.161,8.593
2013-06-03,14.6742,3.5127,3.2377,8.9
2013-06-04,14.6636,3.8478,3.9118,11.048
2013-06-05,14.6533,3.8886,3.7219,10.455
2013-06-06,14.6436,2.9861,2.8085,7.505
2013-06-07,14.6343,3.3344,3.0725,8.321
2013-06-08,14.6255,3.9493,3.8166,10.785
2013-06-09,14.6172,3.9458,3.897,11.117
2013-06-10,14.6094,3.7095,3.4746,9.574
2013-06-11,14.6021,3.4146,3.21,8.749
2013-06-12,14.5954,3.2049,3.0926,8.385
2013-06-13,14.5891,3.0564,2.8888,7.745
2013-06-14,14.5834,3.4756,3.4843,9.67
2013-06-15,14.5783,3.4165,3.2676,8.953
2013-06-16,14.5737,3.6468,3.6757,10.296
2013-06-17,14.5696,3.9286,3.9788,11.163
2013-06-18,14.5661,3.9575,3.7773,10.577
2013-06-19,14.5632,3.273,3.0405,8.145
2013-06-20,14.5608,3.1862,,
2013-06-21,14.559,3.3719,3.0427,8.251
2013-06-22,14.5577,3.592,3.4667,9.506
2013-06-23,14.557,3.5721,3.5927,9.974
2013-06-24,14.5569,3.2715,3.0899,8.313
2013-06-25,14.5573,3.2389,2.9575,7.999
2013-06-26,14.5583,3.9125,3.8086,10.771
2013-06-27,14.5599,4.107,3.9607,11.162
2013-06-28,14.562,3.0704,2.9377,7.931
2013-06-29,14.5646,3.3736,3.293,9.106
2013-06-30,14.5678,3.3894,3.1286,8.532
2013-07-01,14.5715,3.2348,2.7393,7.327
2013-07-02,14.5758,3.7365,3.6034,10.102
2013-07-03,14.5805,3.5786,3.938,11.262
2013-07-04,14.5858,3.5637,3.8784,11.103
2013-07-05,14.5916,3.76,3.3296,9.174
2013-07-06,14.5979,3.6114,3.6807,10.349
2013-07-07,14.6047,3.6436,3.5858,10.067
2013-07-08,14.6119,3.7843,3.7322,10.349
2013-07-09,14.6196,3.7363,3.3539,9.217
2013-07-10,14.6277,3.5297,3.4191,9.368
2013-07-11,14.6363,3.0032,3.1627,8.607
2013-07-12,14.6453,3.689,3.6002,10.01
2013-07-13,14.6547,3.9932,,
2013-07-14,14.6645,3.8624,,
2013-07-15,14.6747,3.6797,3.4333,9.477
2013-07-16,14.6852,3.6028,3.685,10.191
2013-07-17,14.6961,3.7685,3.7444,10.406
2013-07-18,14.7073,3.6558,3.6128,10.001
2013-07-19,14.7188,3.659,3.0009,8.018
2013-07-20,14.7306,3.1941,3.2327,8.882
2013-07-21,14.7426,4.1773,4.0636,11.66
2013-07-22,14.755,3.6879,3.0365,8.171
2013-07-23,14.7675,3.5085,3.4755,9.589
2013-07-24,14.7803,3.7887,3.6484,10.093
2013-07-25,14.7932,3.7561,3.8504,10.785
2013-07-26,14.8063,3.3254,3.4265,9.382
2013-07-27,14.8196,3.3972,3.1034,8.395
2013-07-28,14.833,3.7285,3.4284,9.508
2013-07-29,14.8465,3.7066,3.2985,9.082
2013-07-30,14.8601,3.4483,3.3361,9.15
2013-07-31,14.8738,3.4497,3.1567,8.542
2013-08-01,14.8875,3.8505,3.2202,8.755
2013-08-02,14.9012,3.4503,3.368,9.221
2013-08-03,14.9149,3.8568,3.5364,9.73
2013-08-04,14.9286,3.9956,3.7062,10.37
2013-08-05,14.9422,3.6819,3.4982,9.663
2013-08-06,14.9558,4.0654,3.834,10.684
2013-08-07,14.9693,3.6419,3.2039,8.693
2013-08-08,14.9826,3.2778,3.2685,8.908
2013-08-09,14.9958,3.3799,3.5747,9.942
2013-08-10,15.0088,3.6601,3.6009,9.966
2013-08-11,15.0217,2.7942,3.3303,9.084
2013-08-12,15.0343,3.2823,3.5956,9.932
2013-08-13,15.0467,3.1289,3.311,8.999
2013-08-14,15.0588,3.7328,3.9384,10.978
2013-08-15,15.0707,3.8067,3.4256,9.334
2013-08-16,15.0823,3.6014,3.932,11.164
2013-08-17,15.0935,3.2443,3.1265,8.382
2013-08-18,15.1044,3.1177,2.9494,7.894
2013-08-19,15.1149,3.7429,3.4015,9.327
2013-08-20,15.125,3.812,3.7175,10.348
2013-08-21,15.1347,3.3985,3.0243,8.12
2013-08-22,15.144,3.866,3.6013,9.928
2013-08-23,15.1529,3.8469,3.5385,9.784
2013-08-24,15.1612,3.4243,,
2013-08-25,15.1691,3.4428,,
2013-08-26,15.1765,3.724,3.4566,9.496
2013-08-27,15.1833,3.3213,3.0295,8.16
2013-08-28,15.1897,3.8781,3.6459,10.079
2013-08-29,15.1954,3.8441,3.4784,9.571
2013-08-30,15.2006,3.7562,3.2568,8.886
2013-08-31,15.2052,3.8018,3.419,9.378
2013-09-01,15.2091,3.8197,3.4168,9.344
2013-09-02,15.2125,3.6875,3.5889,9.968
2013-09-03,15.2152,3.6401,3.7222,10.444
2013-09-04,15.2173,3.4432,3.5623,9.941
2013-09-05,15.2187,3.758,3.5224,9.749
2013-09-06,15.2195,3.835,3.3321,9.124
2013-09-07,15.2196,3.212,3.0778,8.307
2013-09-08,15.219,3.9249,3.8523,10.822
2013-09-09,15.2177,3.5701,3.1411,8.477
2013-09-10,15.2156,3.7187,3.6708,10.272
2013-09-11,15.2129,3.6038,3.2309,8.817
2013-09-12,15.2095,3.71,3.5664,9.89
2013-09-13,15.2053,3.3021,3.1718,8.571
2013-09-14,15.2004,3.7308,3.7659,10.519
2013-09-15,15.1947,4.0532,3.7131,10.289
2013-09-16,15.1884,3.946,3.7924,10.596
2013-09-17,15.1813,3.6976,3.1325,8.446
2013-09-18,15.1734,4.0992,3.6058,9.93
2013-09-19,15.1648,4.0885,3.7354,10.4
2013-09-20,15.1555,3.9701,3.8856,10.978
2013-09-21,15.1454,3.9343,3.8684,10.789
2013-09-22,15.1346,4.2502,3.9821,11.297
2013-09-23,15.1231,4.4312,3.888,10.821
2013-09-24,15.1108,4.2927,3.8743,10.782
2013-09-25,15.0979,4.1615,3.8839,10.873
2013-09-26,15.0842,3.524,3.4343,9.469
2013-09-27,15.0698,3.6656,3.8282,10.772
2013-09-28,15.0547,3.2906,3.3117,9.095
2013-09-29,15.0389,3.6357,3.7001,10.27
2013-09-30,15.0224,3.1272,3.2584,8.827
2013-10-01,15.0053,3.4565,3.2454,8.867
2013-10-02,14.9875,3.7986,3.6829,10.223
2013-10-03,14.9691,4.0126,3.8838,10.937
2013-10-04,14.9501,3.0753,2.7222,7.238
2013-10-05,14.9304,3.8521,3.7586,10.583
2013-10-06,14.9101,4.3745,4.2326,12.295
2013-10-07,14.8892,3.9475,3.7541,10.57
2013-10-08,14.8678,3.7177,3.432,9.44
2013-10-09,14.8458,3.9101,3.9228,11.122
2013-10-10,14.8233,3.8634,3.6811,10.245
2013-10-11,14.8003,3.3599,3.1702,8.583
2013-10-12,14.7768,3.3917,,
2013-10-13,14.7528,3.3608,,
2013-10-14,14.7284,3.1764,,
2013-10-15,14.7035,3.5663,,
2013-10-16,14.6782,2.6889,2.6308,6.959
2013-10-17,14.6526,3.0811,2.9544,7.98
2013-10-18,14.6265,3.5586,3.593,9.991
2013-10-19,14.6002,3.8754,3.9782,11.432
2013-10-20,14.5735,3.7756,,
2013-10-21,14.5465,3.4843,,
2013-10-22,14.5193,2.9939,3.0872,8.348
2013-10-23,14.4918,3.3658,3.2881,9.064
2013-10-24,14.4641,3.7232,3.6744,10.288
2013-10-25,14.4363,4.2154,4.1024,11.837
2013-10-26,14.4082,3.5782,3.5023,9.709
2013-10-27,14.3801,3.2352,3.3335,9.198
2013-10-28,14.3518,3.4119,3.5684,9.893
2013-10-29,14.3234,3.4282,3.4579,9.555
2013-10-30,14.295,3.1228,3.2119,8.805
2013-10-31,14.2666,2.2307,2.2971,5.965
2013-11-01,14.2382,3.1017,3.4055,9.423
2013-11-02,14.2098,3.3124,3.4544,9.609
2013-11-03,14.1815,2.9643,3.0653,8.33
2013-11-04,14.1533,2.294,2.3449,6.127
2013-11-05,14.1251,2.4991,2.7281,7.274
2013-11-06,14.0972,3.2673,3.3402,9.216
2013-11-07,14.0694,2.3526,2.5805,6.848
2013-11-08,14.0418,3.1657,3.4181,9.532
2013-11-09,14.0144,2.8449,2.8064,7.486
2013-11-10,13.9873,2.6895,2.3942,6.278
2013-11-11,13.9605,3.3205,3.328,9.18
2013-11-12,13.9339,3.4081,3.1961,8.678
2013-11-13,13.9077,3.5465,3.5531,9.954
2013-11-14,13.8819,3.3809,3.5009,9.795
2013-11-15,13.8565,3.4432,3.328,9.21
2013-11-16,13.8315,3.24,3.2493,8.845
2013-11-17,13.8069,3.656,,
2013-11-18,13.7828,2.9502,,
2013-11-19,13.7591,2.9141,3.0855,8.424
2013-11-20,13.736,3.3606,3.1919,8.854
2013-11-21,13.7134,3.1065,3.0257,8.216
2013-11-22,13.6914,3.0921,3.1522,8.684
2013-11-23,13.67,3.2304,,
2013-11-24,13.6492,3.2355,3.2083,8.869
2013-11-25,13.629,3.0692,2.9246,7.911
2013-11-26,13.6094,2.6849,2.9394,7.993
2013-11-27,13.5906,3.0077,3.237,8.921
2013-11-28,13.5724,2.6197,2.6964,7.227
2013-11-29,13.5549,2.6189,2.8156,7.626
2013-11-30,13.5381,2.8459,2.8968,7.851
2013-12-01,13.5221,2.9442,2.985,8.104
2013-12-02,13.5068,2.9525,2.8673,7.771
2013-12-03,13.4924,2.5063,2.6917,7.202
2013-12-04,13.4787,3.127,3.064,8.426
2013-12-05,13.4658,3.341,3.2217,8.914
2013-12-06,13.4537,3.3313,3.2595,9.074
2013-12-07,13.4425,3.014,3.0097,8.265
2013-12-08,13.4321,3.0027,2.8695,7.798
2013-12-09,13.4226,3.1473,2.8208,7.653
2013-12-10,13.4139,3.1027,2.9798,8.132
2013-12-11,13.4061,3.2792,3.2259,8.933
2013-12-12,13.3992,3.1996,2.9036,7.882
2013-12-13,13.3932,3.1339,2.9261,7.961
2013-12-14,13.3881,3.3326,3.2608,9.058
2013-12-15,13.3839,3.3784,3.3271,9.298
2013-12-16,13.3807,3.4073,3.1336,8.586
2013-12-17,13.3783,3.0588,3.0775,8.446
2013-12-18,13.3768,2.8546,2.9829,8.141
2013-12-19,13.3763,2.9575,3.0976,8.468
2013-12-20,13.3767,2.6615,3.3264,9.32
2013-12-21,13.378,3.2129,3.3249,9.24
2013-12-22,13.3803,3.2408,3.4909,9.865
2013-12-23,13.3835,3.0757,2.9489,8.121
2013-12-24,13.3876,2.3463,2.2368,5.848
2013-12-25,13.3926,3.0661,3.0156,8.304
2013-12-26,13.3985,2.9765,2.6488,7.084
2013-12-27,13.4054,3.4666,3.3502,9.364
2013-12-28,13.4131,3.6895,3.7391,10.785
2013-12-29,13.4218,3.6833,3.7295,10.665
2013-12-30,13.4313,3.5635,3.5877,10.112
2013-12-31,13.4417,3.2784,3.437,9.59
2014-01-01,13.453,3.3167,3.3735,9.421
2014-01-02,13.4652,3.2911,3.2693,9.114
2014-01-03,13.4782,3.1869,3.2581,9.015
2014-01-04,13.4921,3.1289,3.1542,8.636
2014-01-05,13.5068,3.0744,3.3228,9.209
2014-01-06,13.5223,2.7984,2.4764,6.555
2014-01-07,13.5386,2.9317,2.8149,7.631
2014-01-08,13.5557,2.9988,2.9307,7.945
2014-01-09,13.5736,3.126,2.9989,8.179
2014-01-10,13.5922,3.3431,3.607,10.341
2014-01-11,13.6116,3.3577,3.4632,9.768
2014-01-12,13.6317,3.2674,3.3337,9.326
2014-01-13,13.6524,3.0471,3.2873,9.086
2014-01-14,13.6739,3.1973,3.0737,8.305
2014-01-15,13.696,3.1107,3.2409,8.933
2014-01-16,13.7188,3.381,3.3607,9.378
2014-01-17,13.7422,3.1407,3.1236,8.467
2014-01-18,13.7662,3.3291,3.1127,8.476
2014-01-19,13.7907,3.2934,3.2366,8.871
2014-01-20,13.8159,3.6316,3.7433,10.639
2014-01-21,13.8415,3.0477,3.182,8.712
2014-01-22,13.8676,2.8856,2.868,7.685
2014-01-23,13.8943,3.4007,3.4522,9.584
2014-01-24,13.9213,3.279,3.4392,9.546
2014-01-25,13.9488,3.1706,3.413,9.504
2014-01-26,13.9767,3.0434,3.0782,8.407
2014-01-27,14.005,3.2276,3.3032,9.164
2014-01-28,14.0336,3.2192,3.257,9.002
2014-01-29,14.0626,3.321,3.5154,9.831
2014-01-30,14.0918,3.0312,2.9596,8.028
2014-01-31,14.1213,3.3876,3.4893,9.742
2014-02-01,14.1511,3.0017,3.3467,9.141
2014-02-02,14.181,3.1294,3.1383,8.524
2014-02-03,14.2111,3.2739,3.5388,9.898
2014-02-04,14.2414,3.3027,3.5233,9.839
2014-02-05,14.2718,3.1112,3.2989,9.052
2014-02-06,14.3023,3.557,3.7761,10.806
2014-02-07,14.3328,3.6799,3.8303,10.953
2014-02-08,14.3634,3.3974,3.2714,8.848
2014-02-09,14.394,3.3607,3.5619,9.873
2014-02-10,14.4246,3.4713,3.3576,9.224
2014-02-11,14.4551,3.4085,3.566,9.936
2014-02-12,14.4856,3.6822,3.8676,10.86
2014-02-13,14.5159,3.7612,3.5242,9.84
2014-02-14,14.5461,3.7311,,
2014-02-15,14.5761,3.5374,,
2014-02-16,14.606,3.5571,,
2014-02-17,14.6356,3.3924,,
2014-02-18,14.6649,3.5769,3.6182,10.091
2014-02-19,14.694,3.2991,3.2831,8.917
2014-02-20,14.7228,3.3131,3.215,8.754
2014-02-21,14.7513,3.7306,3.7367,10.416
2014-02-22,14.7794,3.5796,,
2014-02-23,14.8071,3.1738,,
2014-02-24,14.8344,3.5937,3.5632,9.828
2014-02-25,14.8613,3.3916,2.9903,8.04
2014-02-26,14.8877,3.3905,,
2014-02-27,14.9137,3.3949,3.1077,8.351
2014-02-28,14.9391,2.7564,2.6713,7.068
2014-03-01,14.9641,3.0407,,
2014-03-02,14.9885,2.053,,
2014-03-03,15.0123,2.9295,,
2014-03-04,15.0355,3.596,3.7699,10.579
2014-03-05,15.0582,3.236,3.4646,9.442
2014-03-06,15.0802,3.0718,3.0919,8.294
2014-03-07,15.1016,3.3251,3.4167,9.295
2014-03-08,15.1223,3.1293,,
2014-03-09,15.1424,3.2861,,
2014-03-10,15.1618,2.9417,3.471,9.542
2014-03-11,15.1804,3.3009,3.643,10.037
2014-03-12,15.1984,3.0573,3.3374,9.019
2014-03-13,15.2156,3.2988,3.6514,10.083
2014-03-14,15.2321,3.3463,,
2014-03-15,15.2479,3.31,,
2014-03-16,15.2629,3.5449,3.4177,9.349
2014-03-17,15.2771,3.8374,3.7742,10.389
2014-03-18,15.2906,3.648,3.6152,9.867
2014-03-19,15.3032,4.2172,4.1408,11.708
2014-03-20,15.3151,4.2942,4.1269,11.649
2014-03-21,15.3262,3.8465,3.7873,10.337
2014-03-22,15.3365,3.9466,4.0565,11.231
2014-03-23,15.346,3.9995,3.6379,9.948
2014-03-24,15.3547,3.759,3.7189,10.26
2014-03-25,15.3626,3.8541,3.6686,10.092
2014-03-26,15.3697,3.5231,,
2014-03-27,15.376,3.8489,3.8823,10.85
2014-03-28,15.3815,4.1142,4.1198,11.58
2014-03-29,15.3862,4.1707,4.2745,12.136
2014-03-30,15.3901,3.7354,4.0849,11.561
2014-03-31,15.3932,3.4385,3.5934,9.925
2014-04-01,15.3955,4.4904,4.1785,11.841
2014-04-02,15.3971,3.9035,3.6928,10.173
2014-04-03,15.3978,3.7886,3.6904,10.127
2014-04-04,15.3979,3.9363,3.7429,10.353
2014-04-05,15.3971,3.7799,4.0583,11.34
2014-04-06,15.3957,4.0118,3.9883,11.159
2014-04-07,15.3935,3.99,3.8929,10.792
2014-04-08,15.3905,4.03,3.4932,9.481
2014-04-09,15.3869,4.2944,4.0628,11.354
2014-04-10,15.3826,3.9704,4.0584,11.363
2014-04-11,15.3776,4.3799,4.2465,11.946
2014-04-12,15.372,4.2458,,
2014-04-13,15.3656,4.4335,4.2252,12.025
2014-04-14,15.3587,4.0156,3.9938,11.138
2014-04-15,15.3511,3.5967,3.1219,8.301
2014-04-16,15.343,3.0656,3.4633,9.365
2014-04-17,15.3342,3.7395,3.612,9.935
2014-04-18,15.3249,3.9805,,
2014-04-19,15.3151,3.4872,3.4317,9.338
2014-04-20,15.3047,3.8687,3.8829,10.731
2014-04-21,15.2939,3.0445,3.1151,8.339
2014-04-22,15.2825,3.3205,2.9815,7.935
2014-04-23,15.2707,3.7816,,
2014-04-24,15.2585,3.1058,2.8033,7.399
2014-04-25,15.2458,3.327,3.777,10.429
2014-04-26,15.2328,3.5155,3.3795,9.131
2014-04-27,15.2193,3.4291,3.4093,9.221
2014-04-28,15.2055,3.6997,3.6583,9.985
2014-04-29,15.1914,3.8385,3.6829,10.105
2014-04-30,15.177,3.7193,,
2014-05-01,15.1623,3.4541,3.5282,9.651
2014-05-02,15.1474,3.4764,3.3762,9.144
2014-05-03,15.1322,3.6255,3.6639,10.029
2014-05-04,15.1168,3.459,3.717,10.275
2014-05-05,15.1013,3.4998,3.4862,9.496
2014-05-06,15.0855,3.8068,3.4658,9.444
2014-05-07,15.0697,3.3788,2.8242,7.425
2014-05-08,15.0537,2.5888,2.7926,7.358
2014-05-09,15.0377,2.3471,,
2014-05-10,15.0215,3.4849,,
2014-05-11,15.0054,3.156,3.4104,9.336
2014-05-12,14.9892,3.7586,3.5963,9.997
2014-05-13,14.973,3.7059,3.5619,9.774
2014-05-14,14.9569,3.7387,3.4206,9.309
2014-05-15,14.9408,3.4461,3.5193,9.659
2014-05-16,14.9248,3.4316,,
2014-05-17,14.9089,2.7986,,
2014-05-18,14.8932,3.1234,3.3348,9.054
2014-05-19,14.8775,3.5241,3.7062,10.294
2014-05-20,14.8621,3.1936,3.4852,9.472
2014-05-21,14.8468,3.4911,3.4159,9.353
2014-05-22,14.8317,3.8845,,
2014-05-23,14.8169,3.7481,3.5899,9.919
2014-05-24,14.8023,3.9221,4.0581,11.426
2014-05-25,14.788,4.1633,4.2276,12.126
2014-05-26,14.774,3.8696,3.9487,11.08
2014-05-27,14.7602,3.4574,3.2909,8.933
2014-05-28,14.7468,3.1535,3.3582,9.183
2014-05-29,14.7338,3.1007,,
2014-05-30,14.7211,3.5777,3.6762,10.27
2014-05-31,14.7088,3.6468,,
2014-06-01,14.6968,3.7071,3.5291,9.68
2014-06-02,14.6853,3.2308,3.0154,8.001
2014-06-03,14.6742,3.2586,3.4311,9.404
2014-06-04,14.6636,3.9151,3.7313,10.313
2014-06-05,14.6533,3.7734,3.5201,9.583
2014-06-06,14.6436,3.3779,3.3173,9.008
2014-06-07,14.6343,3.5964,3.1492,8.511
2014-06-08,14.6255,3.0905,2.8003,7.448
2014-06-09,14.6172,3.1282,3.1106,8.363
2014-06-10,14.6094,3.8987,3.6241,10.048
2014-06-11,14.6021,3.1872,3.1619,8.622
2014-06-12,14.5954,3.7565,3.5087,9.683
2014-06-13,14.5891,3.8951,4.0188,11.512
2014-06-14,14.5834,3.7214,3.7011,10.427
2014-06-15,14.5783,3.5289,3.2533,8.859
2014-06-16,14.5737,3.8672,3.686,10.267
2014-06-17,14.5696,3.6437,3.5343,9.774
2014-06-18,14.5661,3.2873,3.5139,9.67
2014-06-19,14.5632,3.6444,3.197,8.674
2014-06-20,14.5608,3.5513,3.0919,8.335
2014-06-21,14.559,3.7546,3.3422,9.257
2014-06-22,14.5577,3.3703,3.0797,8.403
2014-06-23,14.557,3.1104,2.9196,7.826
2014-06-24,14.5569,3.5669,3.1593,8.552
2014-06-25,14.5573,2.858,2.5202,6.532
2014-06-26,14.5583,3.3089,3.2253,8.788
2014-06-27,14.5599,3.9699,3.9516,11.293
2014-06-28,14.562,2.8036,2.5821,6.816
2014-06-29,14.5646,3.743,,
2014-06-30,14.5678,3.6491,3.4945,9.649
2014-07-01,14.5715,3.4157,3.0871,8.345
2014-07-02,14.5758,3.3387,3.6557,10.118
2014-07-03,14.5805,3.9556,3.7203,10.305
2014-07-04,14.5858,3.8039,3.5064,9.661
2014-07-05,14.5916,3.3338,3.2016,8.601
2014-07-06,14.5979,3.4932,3.1168,8.408
2014-07-07,14.6047,3.0777,2.682,7.057
2014-07-08,14.6119,3.4772,,
2014-07-09,14.6196,3.8254,3.4185,9.479
2014-07-10,14.6277,3.5905,3.3582,9.223
2014-07-11,14.6363,3.7678,3.4643,9.526
2014-07-12,14.6453,3.2381,3.2748,8.914
2014-07-13,14.6547,3.9816,3.9388,11.113
2014-07-14,14.6645,3.925,3.6093,10.0
2014-07-15,14.6747,3.7044,3.6802,10.315
2014-07-16,14.6852,3.6652,3.0941,8.344
2014-07-17,14.6961,3.735,3.5727,9.962
2014-07-18,14.7073,3.7793,3.7031,10.392
2014-07-19,14.7188,3.9103,3.6839,10.276
2014-07-20,14.7306,3.7289,,
2014-07-21,14.7426,3.633,3.6669,10.164
2014-07-22,14.755,4.0966,4.2647,12.114
2014-07-23,14.7675,4.0549,3.6402,10.142
2014-07-24,14.7803,3.6828,3.6375,10.046
2014-07-25,14.7932,4.2369,,
2014-07-26,14.8063,3.8215,,
2014-07-27,14.8196,3.6778,,
2014-07-28,14.833,4.4245,,
2014-07-29,14.8465,4.0268,,
2014-07-30,14.8601,3.6352,,
2014-07-31,14.8738,3.9055,3.5819,9.885
2014-08-01,14.8875,3.7984,,
2014-08-02,14.9012,3.705,3.2039,8.653
2014-08-03,14.9149,3.7834,3.3112,9.029
2014-08-04,14.9286,3.8769,3.877,10.921
2014-08-05,14.9422,3.675,,
2014-08-06,14.9558,3.6974,3.2132,8.741
2014-08-07,14.9693,3.3346,3.0598,8.231
2014-08-08,14.9826,3.6289,3.5211,9.775
2014-08-09,14.9958,3.922,3.3496,9.144
2014-08-10,15.0088,3.4527,2.8745,7.651
2014-08-11,15.0217,3.8305,3.7293,10.384
2014-08-12,15.0343,3.7437,3.0172,8.083
2014-08-13,15.0467,3.6248,3.6398,10.107
2014-08-14,15.0588,3.7659,3.5846,9.966
2014-08-15,15.0707,4.2527,4.0326,11.5
2014-08-16,15.0823,3.9469,3.7353,10.472
2014-08-17,15.0935,3.8658,3.5775,9.889
2014-08-18,15.1044,3.5427,3.4307,9.397
2014-08-19,15.1149,3.0378,3.0128,8.086
2014-08-20,15.125,3.6367,3.5755,9.954
2014-08-21,15.1347,3.7871,3.5912,9.934
2014-08-22,15.144,3.6414,,
2014-08-23,15.1529,3.5117,3.2503,8.868
2014-08-24,15.1612,3.6964,3.6967,10.324
2014-08-25,15.1691,3.5485,3.1248,8.416
2014-08-26,15.1765,3.572,3.237,8.821
2014-08-27,15.1833,3.8322,3.4268,9.463
2014-08-28,15.1897,2.9274,3.0896,8.336
2014-08-29,15.1954,4.2126,4.1341,11.923
2014-08-30,15.2006,4.6098,4.6639,13.867
2014-08-31,15.2052,4.5395,4.2242,12.126
2014-09-01,15.2091,4.2508,3.8843,10.813
2014-09-02,15.2125,4.0122,3.5421,9.778
2014-09-03,15.2152,3.7897,3.7295,10.427
2014-09-04,15.2173,3.9379,3.9239,11.049
2014-09-05,15.2187,4.1535,3.8196,10.693
2014-09-06,15.2195,3.7567,3.0433,8.12
2014-09-07,15.2196,3.8757,3.6276,10.037
2014-09-08,15.219,4.1302,4.0057,11.251
2014-09-09,15.2177,4.3268,4.017,11.394
2014-09-10,15.2156,3.835,3.3815,9.213
2014-09-11,15.2129,3.4681,3.2356,8.736
2014-09-12,15.2095,3.0468,3.0764,8.247
2014-09-13,15.2053,3.1484,3.4647,9.484
2014-09-14,15.2004,3.6827,3.3764,9.2
2014-09-15,15.1947,3.5932,3.3845,9.287
2014-09-16,15.1884,3.547,3.5865,9.977
2014-09-17,15.1813,4.016,3.85,11.041
2014-09-18,15.1734,3.5916,3.0737,8.274
2014-09-19,15.1648,3.4198,3.426,9.387
2014-09-20,15.1555,3.5774,,
2014-09-21,15.1454,3.5735,,
2014-09-22,15.1346,3.7913,3.4644,9.555
2014-09-23,15.1231,3.591,3.5183,9.725
2014-09-24,15.1108,3.5354,3.6166,10.045
2014-09-25,15.0979,4.0686,4.074,11.618
2014-09-26,15.0842,3.5777,3.4757,9.55
2014-09-27,15.0698,3.8367,3.539,9.768
2014-09-28,15.0547,4.4294,4.1309,11.793
2014-09-29,15.0389,4.3931,4.3688,12.628
2014-09-30,15.0224,4.4853,4.4611,12.901
2014-10-01,15.0053,3.9226,3.4226,9.401
2014-10-02,14.9875,3.8875,3.6277,10.046
2014-10-03,14.9691,3.6823,,
2014-10-04,14.9501,3.8541,,
2014-10-05,14.9304,3.6528,,
2014-10-06,14.9101,3.2581,3.302,8.898
2014-10-07,14.8892,3.5997,3.6702,10.209
2014-10-08,14.8678,3.3428,3.3837,9.263
2014-10-09,14.8458,2.007,1.9248,4.908
2014-10-10,14.8233,3.1429,3.1672,8.56
2014-10-11,14.8003,3.2756,3.3599,9.301
2014-10-12,14.7768,3.599,3.4336,9.383
2014-10-13,14.7528,3.1892,2.9222,7.78
2014-10-14,14.7284,3.1974,3.3191,9.123
2014-10-15,14.7035,3.4845,3.4891,9.735
2014-10-16,14.6782,3.7087,3.4834,9.656
2014-10-17,14.6526,3.5505,3.3473,9.176
2014-10-18,14.6265,3.246,2.9515,7.942
2014-10-19,14.6002,2.9152,2.8796,7.67
2014-10-20,14.5735,3.286,2.9838,8.141
2014-10-21,14.5465,3.392,3.1056,8.419
2014-10-22,14.5193,3.44,3.3925,9.366
2014-10-23,14.4918,3.7555,3.773,10.741
2014-10-24,14.4641,3.5779,3.3404,9.186
2014-10-25,14.4363,3.2482,3.0694,8.292
2014-10-26,14.4082,3.3414,3.1954,8.741
2014-10-27,14.3801,3.1553,,
2014-10-28,14.3518,3.6055,3.7127,10.505
2014-10-29,14.3234,3.4349,,
2014-10-30,14.295,3.3622,,
2014-10-31,14.2666,3.2974,,
2014-11-01,14.2382,3.413,,
2014-11-02,14.2098,2.9662,3.1655,8.589
2014-11-03,14.1815,3.5217,3.3497,9.191
2014-11-04,14.1533,3.6047,,
2014-11-05,14.1251,3.0006,2.7447,7.285
2014-11-06,14.0972,2.9103,2.812,7.563
2014-11-07,14.0694,3.4344,3.2679,8.939
2014-11-08,14.0418,3.1607,2.8764,7.76
2014-11-09,14.0144,3.0763,3.3921,9.337
2014-11-10,13.9873,3.1232,2.8136,7.558
2014-11-11,13.9605,2.4832,,
2014-11-12,13.9339,2.2262,2.4361,6.426
2014-11-13,13.9077,2.8899,2.9259,7.886
2014-11-14,13.8819,2.9547,3.0017,8.218
2014-11-15,13.8565,2.7852,2.8901,7.835
2014-11-16,13.8315,3.0721,2.5606,6.77
2014-11-17,13.8069,3.4216,3.4401,9.638
2014-11-18,13.7828,3.1544,3.1382,8.528
2014-11-19,13.7591,3.1829,,
2014-11-20,13.736,2.8314,,
2014-11-21,13.7134,3.0694,3.2274,8.907
2014-11-22,13.6914,3.0442,3.2189,8.811
2014-11-23,13.67,3.3835,3.5511,9.955
2014-11-24,13.6492,3.3548,3.0796,8.348
2014-11-25,13.629,3.0724,3.2307,8.871
2014-11-26,13.6094,3.1362,,
2014-11-27,13.5906,2.9229,3.0142,8.173
2014-11-28,13.5724,3.4306,3.2692,9.01
2014-11-29,13.5549,3.593,3.5787,10.048
2014-11-30,13.5381,3.2958,,
2014-12-01,13.5221,3.2719,3.1059,8.446
2014-12-02,13.5068,3.5436,3.4439,9.675
2014-12-03,13.4924,3.5609,3.4974,9.792
2014-12-04,13.4787,3.4467,3.5194,9.914
2014-12-05,13.4658,3.1756,2.6849,7.169
2014-12-06,13.4537,3.0274,3.1911,8.751
2014-12-07,13.4425,3.0562,,
2014-12-08,13.4321,2.6715,,
2014-12-09,13.4226,3.1217,2.998,8.171
2014-12-10,13.4139,2.9657,2.9711,8.123
2014-12-11,13.4061,2.8655,2.6573,7.124
2014-12-12,13.3992,3.2478,3.1497,8.682
2014-12-13,13.3932,3.064,,
2014-12-14,13.3881,2.869,2.9306,8.042
2014-12-15,13.3839,3.2125,,
2014-12-16,13.3807,2.8118,2.707,7.251
2014-12-17,13.3783,3.3699,3.1361,8.754
2014-12-18,13.3768,3.4236,3.6124,10.336
2014-12-19,13.3763,3.2895,,
2014-12-20,13.3767,3.335,3.4533,9.704
2014-12-21,13.378,3.0642,3.2017,8.875
2014-12-22,13.3803,3.7957,3.6835,10.525
2014-12-23,13.3835,3.9219,4.0104,11.761
2014-12-24,13.3876,3.5416,3.4995,9.855
2014-12-25,13.3926,3.6005,3.3544,9.287
2014-12-26,13.3985,3.825,3.8242,11.025
2014-12-27,13.4054,3.9739,3.867,11.286
2014-12-28,13.4131,3.4091,3.4708,9.801
2014-12-29,13.4218,3.7506,3.7365,10.654
2014-12-30,13.4313,3.351,3.1916,8.815
2014-12-31,13.4417,3.5462,3.4906,9.815
2015-01-01,13.453,3.5451,3.6282,10.292
2015-01-02,13.4652,4.0623,3.8625,11.251
2015-01-03,13.4782,4.0371,4.1414,12.453
2015-01-04,13.4921,3.9175,4.0902,12.206
2015-01-05,13.5068,3.8894,3.7936,10.985
2015-01-06,13.5223,3.9989,4.0883,12.252
2015-01-07,13.5386,4.0874,4.1188,12.513
2015-01-08,13.5557,3.6666,3.4912,9.96
2015-01-09,13.5736,3.4454,3.2664,9.097
2015-01-10,13.5922,3.2867,3.4511,9.716
2015-01-11,13.6116,3.6217,3.5758,10.085
2015-01-12,13.6317,3.6851,3.6734,10.393
2015-01-13,13.6524,3.6865,3.671,10.408
2015-01-14,13.6739,3.1442,3.4141,9.507
2015-01-15,13.696,3.1237,3.0599,8.314
2015-01-16,13.7188,3.1119,3.1518,8.644
2015-01-17,13.7422,3.0859,3.2442,9.008
2015-01-18,13.7662,2.9048,2.746,7.384
2015-01-19,13.7907,3.3423,3.4838,9.735
2015-01-20,13.8159,3.4492,2.9994,8.223
2015-01-21,13.8415,3.1517,2.8896,7.81
2015-01-22,13.8676,3.027,3.0263,8.245
2015-01-23,13.8943,3.204,2.8371,7.664
2015-01-24,13.9213,3.0626,3.1966,8.845
2015-01-25,13.9488,3.2963,3.3581,9.29
2015-01-26,13.9767,3.4188,3.4233,9.391
2015-01-27,14.005,3.2692,3.1286,8.504
2015-01-28,14.0336,3.4567,3.4282,9.656
2015-01-29,14.0626,3.7924,3.7215,10.476
2015-01-30,14.0918,3.5607,3.6057,10.15
2015-01-31,14.1213,3.2394,3.1203,8.493
2015-02-01,14.1511,3.3124,,
2015-02-02,14.181,3.4605,3.1778,8.655
2015-02-03,14.2111,3.715,3.3111,9.022
2015-02-04,14.2414,3.719,3.3589,9.263
2015-02-05,14.2718,3.8013,3.6764,10.276
2015-02-06,14.3023,3.3437,2.9246,7.849
2015-02-07,14.3328,3.1112,3.3078,9.104
2015-02-08,14.3634,3.1125,2.6683,7.063
2015-02-09,14.394,2.7347,2.7165,7.203
2015-02-10,14.4246,3.2016,2.9452,7.966
2015-02-11,14.4551,3.1416,3.0789,8.306
2015-02-12,14.4856,3.4106,3.3875,9.309
2015-02-13,14.5159,2.9465,2.9651,7.947
2015-02-14,14.5461,3.5992,3.6043,9.988
2015-02-15,14.5761,3.6909,3.6976,10.322
2015-02-16,14.606,3.8378,4.1986,12.019
2015-02-17,14.6356,3.7222,3.969,11.128
2015-02-18,14.6649,3.3487,,
2015-02-19,14.694,2.9229,,
2015-02-20,14.7228,3.0212,3.251,8.885
2015-02-21,14.7513,3.8127,4.0891,11.675
2015-02-22,14.7794,3.6596,3.9695,11.212
2015-02-23,14.8071,3.7355,,
2015-02-24,14.8344,3.3502,3.8512,10.899
2015-02-25,14.8613,3.5676,3.5143,9.774
2015-02-26,14.8877,3.4589,3.6346,10.031
2015-02-27,14.9137,3.5708,3.5257,9.704
2015-02-28,14.9391,3.7326,3.6107,9.905
2015-03-01,14.9641,3.7016,3.5721,9.852
2015-03-02,14.9885,3.6178,3.7763,10.524
2015-03-03,15.0123,3.4928,3.6092,10.006
2015-03-04,15.0355,3.5114,3.3866,9.178
2015-03-05,15.0582,3.7053,3.565,9.813
2015-03-06,15.0802,3.6167,3.3347,9.072
2015-03-07,15.1016,3.7587,,
2015-03-08,15.1223,4.0448,3.9823,11.144
2015-03-09,15.1424,4.1113,3.7403,10.327
2015-03-10,15.1618,3.9136,3.9078,10.848
2015-03-11,15.1804,4.1161,3.9771,11.081
2015-03-12,15.1984,4.1457,4.1324,11.657
2015-03-13,15.2156,3.3301,3.3411,9.056
2015-03-14,15.2321,3.3125,3.1723,8.52
2015-03-15,15.2479,3.5288,3.436,9.309
2015-03-16,15.2629,3.5748,3.6546,10.046
2015-03-17,15.2771,3.5701,3.1504,8.421
2015-03-18,15.2906,3.1355,3.302,8.912
2015-03-19,15.3032,3.491,2.9482,7.866
2015-03-20,15.3151,3.0723,3.0031,8.03
2015-03-21,15.3262,3.1131,2.9736,7.896
2015-03-22,15.3365,3.5849,3.802,10.662
2015-03-23,15.346,3.3688,3.7636,10.447
2015-03-24,15.3547,3.5173,,
2015-03-25,15.3626,3.9008,4.241,12.178
2015-03-26,15.3697,3.8892,4.0655,11.469
2015-03-27,15.376,4.0722,4.0746,11.477
2015-03-28,15.3815,3.5846,,
2015-03-29,15.3862,3.3872,3.1603,8.502
2015-03-30,15.3901,3.488,3.7497,10.442
2015-03-31,15.3932,3.7085,3.876,10.779
2015-04-01,15.3955,3.7288,3.6691,10.056
2015-04-02,15.3971,3.646,3.3079,8.938
2015-04-03,15.3978,3.4421,3.0047,8.0
2015-04-04,15.3979,3.6179,3.4898,9.523
2015-04-05,15.3971,3.4403,3.3063,8.966
2015-04-06,15.3957,3.7588,3.8499,10.694
2015-04-07,15.3935,3.5099,3.4822,9.481
2015-04-08,15.3905,3.0345,3.0171,8.001
2015-04-09,15.3869,3.6394,3.5635,9.815
2015-04-10,15.3826,3.9342,3.8407,10.646
2015-04-11,15.3776,4.095,3.3971,9.225
2015-04-12,15.372,3.8835,3.7492,10.383
2015-04-13,15.3656,3.9048,3.5267,9.622
2015-04-14,15.3587,3.2724,3.3494,9.013
2015-04-15,15.3511,3.5885,3.48,9.481
2015-04-16,15.343,3.159,3.0476,8.141
2015-04-17,15.3342,3.4737,3.2043,8.632
2015-04-18,15.3249,3.6577,3.5427,9.707
2015-04-19,15.3151,3.1704,,
2015-04-20,15.3047,3.4231,,
2015-04-21,15.2939,2.7165,3.0418,8.126
2015-04-22,15.2825,3.8826,3.6856,10.248
2015-04-23,15.2707,3.9844,3.8354,10.626
2015-04-24,15.2585,3.9431,3.8861,10.773
2015-04-25,15.2458,3.7011,3.2919,8.946
2015-04-26,15.2328,3.8163,3.2759,8.843
2015-04-27,15.2193,4.1204,,
2015-04-28,15.2055,4.2634,3.8423,10.629
2015-04-29,15.1914,4.3722,,
2015-04-30,15.177,4.0328,3.8085,10.564
2015-05-01,15.1623,3.5635,3.0995,8.261
2015-05-02,15.1474,3.9103,,
2015-05-03,15.1322,3.9051,3.9812,11.161
2015-05-04,15.1168,3.5329,,
2015-05-05,15.1013,3.9019,3.7783,10.467
2015-05-06,15.0855,3.9259,3.6199,9.862
2015-05-07,15.0697,4.0685,3.8799,10.765
2015-05-08,15.0537,3.6015,3.308,8.888
2015-05-09,15.0377,3.5894,3.3436,9.033
2015-05-10,15.0215,4.0969,3.923,10.967
2015-05-11,15.0054,4.2771,4.166,11.674
2015-05-12,14.9892,4.1902,4.2947,12.188
2015-05-13,14.973,3.9709,3.8138,10.567
2015-05-14,14.9569,3.5992,3.3957,9.173
2015-05-15,14.9408,3.4904,3.1585,8.475
2015-05-16,14.9248,3.3923,3.4051,9.323
2015-05-17,14.9089,3.7229,3.3222,8.971
2015-05-18,14.8932,3.2458,3.4394,9.421
2015-05-19,14.8775,3.213,3.2004,8.618
2015-05-20,14.8621,3.7159,3.6454,10.075
2015-05-21,14.8468,3.3804,3.2742,8.912
2015-05-22,14.8317,3.5395,3.4502,9.484
2015-05-23,14.8169,3.4714,,
2015-05-24,14.8023,3.93,3.9297,11.111
2015-05-25,14.788,3.2973,3.0283,8.114
2015-05-26,14.774,3.2839,3.3754,9.228
2015-05-27,14.7602,3.6222,3.6283,10.012
2015-05-28,14.7468,3.3878,3.5343,9.812
2015-05-29,14.7338,3.1935,2.833,7.542
2015-05-30,14.7211,3.2909,,
2015-05-31,14.7088,3.6691,3.4632,9.575
2015-06-01,14.6968,3.7247,3.0382,8.158
2015-06-02,14.6853,3.8747,3.4672,9.626
2015-06-03,14.6742,3.7786,3.687,10.346
2015-06-04,14.6636,3.4505,3.2824,8.92
2015-06-05,14.6533,3.6718,3.1189,8.504
2015-06-06,14.6436,3.6262,3.5205,9.802
2015-06-07,14.6343,3.6158,3.1729,8.647
2015-06-08,14.6255,3.0979,2.6931,7.068
2015-06-09,14.6172,3.0833,3.3064,8.996
2015-06-10,14.6094,3.5438,3.4223,9.432
2015-06-11,14.6021,3.527,3.0663,8.294
2015-06-12,14.5954,3.7539,3.6695,10.184
2015-06-13,14.5891,3.7937,3.4707,9.587
2015-06-14,14.5834,3.3781,3.2279,8.718
2015-06-15,14.5783,3.2166,2.7157,7.121
2015-06-16,14.5737,3.7148,3.857,10.826
2015-06-17,14.5696,3.8982,3.5669,9.95
2015-06-18,14.5661,3.6062,3.3716,9.208
2015-06-19,14.5632,3.7813,,
2015-06-20,14.5608,3.8,3.4652,9.525
2015-06-21,14.559,3.5694,3.5076,9.738
2015-06-22,14.5577,3.1556,2.8196,7.539
2015-06-23,14.557,3.7723,3.7366,10.431
2015-06-24,14.5569,4.2543,4.2103,12.071
2015-06-25,14.5573,3.6884,3.6077,9.996
2015-06-26,14.5583,3.4408,,
2015-06-27,14.5599,3.3905,,
2015-06-28,14.562,3.4529,,
2015-06-29,14.5646,3.6918,,
2015-06-30,14.5678,3.5397,,
2015-07-01,14.5715,3.8609,,
2015-07-02,14.5758,3.9478,,
2015-07-03,14.5805,4.2768,,
2015-07-04,14.5858,3.9773,3.9587,11.056
2015-07-05,14.5916,3.8006,3.7121,10.248
2015-07-06,14.5979,3.6332,3.0304,8.119
2015-07-07,14.6047,2.9834,,
2015-07-08,14.6119,2.9089,3.1674,8.558
2015-07-09,14.6196,3.5123,,
2015-07-10,14.6277,3.4617,3.0151,8.081
2015-07-11,14.6363,3.4195,3.6052,9.871
2015-07-12,14.6453,3.6959,,
2015-07-13,14.6547,3.6037,,
2015-07-14,14.6645,3.1179,,
2015-07-15,14.6747,3.2969,3.0756,8.263
2015-07-16,14.6852,3.3301,3.1433,8.525
2015-07-17,14.6961,3.9146,3.6628,10.326
2015-07-18,14.7073,3.1537,2.9556,7.938
2015-07-19,14.7188,3.429,,
2015-07-20,14.7306,2.808,2.9126,7.828
2015-07-21,14.7426,3.4047,3.3209,9.076
2015-07-22,14.755,3.4516,,
2015-07-23,14.7675,3.4808,3.1262,8.508
2015-07-24,14.7803,3.1971,3.3903,9.313
2015-07-25,14.7932,4.2557,,
2015-07-26,14.8063,4.1052,,
2015-07-27,14.8196,3.2897,,
2015-07-28,14.833,4.0082,,
2015-07-29,14.8465,3.1077,3.2606,8.787
2015-07-30,14.8601,3.5092,3.4502,9.49
2015-07-31,14.8738,3.7663,3.5689,9.833
2015-08-01,14.8875,3.6878,,
2015-08-02,14.9012,3.4008,,
2015-08-03,14.9149,4.082,,
2015-08-04,14.9286,3.7294,,
2015-08-05,14.9422,4.2048,,
2015-08-06,14.9558,4.2276,,
2015-08-07,14.9693,3.8967,,
2015-08-08,14.9826,3.4035,,
2015-08-09,14.9958,2.8207,3.0724,8.248
2015-08-10,15.0088,3.2196,,
2015-08-11,15.0217,3.6611,3.465,9.5
2015-08-12,15.0343,4.0478,4.1131,11.755
2015-08-13,15.0467,3.9126,3.7406,10.548
2015-08-14,15.0588,3.7124,3.2763,8.922
2015-08-15,15.0707,3.9253,3.4577,9.509
2015-08-16,15.0823,3.5818,,
2015-08-17,15.0935,3.7649,3.203,8.612
2015-08-18,15.1044,4.0286,3.684,10.363
2015-08-19,15.1149,4.0033,3.795,10.591
2015-08-20,15.125,3.9945,3.6642,10.201
2015-08-21,15.1347,3.935,,
2015-08-22,15.144,3.5795,,
2015-08-23,15.1529,3.5669,3.5133,9.672
2015-08-24,15.1612,3.3135,,
2015-08-25,15.1691,3.8194,,
2015-08-26,15.1765,3.5982,,
2015-08-27,15.1833,3.674,3.5212,9.688
2015-08-28,15.1897,3.6998,3.5669,9.742
2015-08-29,15.1954,4.5188,,
2015-08-30,15.2006,4.13,,
2015-08-31,15.2052,4.2826,,
2015-09-01,15.2091,4.1349,,
2015-09-02,15.2125,3.9958,,
2015-09-03,15.2152,3.8322,3.4153,9.404
2015-09-04,15.2173,3.772,3.7888,10.524
2015-09-05,15.2187,3.8125,3.9005,10.901
2015-09-06,15.2195,3.8101,3.4981,9.629
2015-09-07,15.2196,3.9277,3.7017,10.242
2015-09-08,15.219,3.995,3.7209,10.257
2015-09-09,15.2177,4.3484,,
2015-09-10,15.2156,3.8098,,
2015-09-11,15.2129,3.4803,2.9525,7.882
2015-09-12,15.2095,4.5851,4.4319,12.852
2015-09-13,15.2053,4.6726,,
2015-09-14,15.2004,4.0096,3.8981,10.932
2015-09-15,15.1947,4.2504,3.8266,10.708
2015-09-16,15.1884,4.3123,4.2343,12.065
2015-09-17,15.1813,3.7301,3.3838,9.177
2015-09-18,15.1734,3.3225,,
2015-09-19,15.1648,3.1193,3.3658,9.153
2015-09-20,15.1555,3.3774,3.1758,8.462
2015-09-21,15.1454,4.2266,4.0361,11.405
2015-09-22,15.1346,4.2141,3.9594,11.006
2015-09-23,15.1231,4.0332,3.7837,10.449
2015-09-24,15.1108,3.928,3.7874,10.483
2015-09-25,15.0979,3.8041,3.7163,10.27
2015-09-26,15.0842,4.0562,3.8981,10.91
2015-09-27,15.0698,4.2372,3.9699,11.208
2015-09-28,15.0547,4.5511,,
2015-09-29,15.0389,4.2454,4.0306,11.379
2015-09-30,15.0224,3.4423,3.1411,8.457
2015-10-01,15.0053,3.1489,3.1248,8.453
2015-10-02,14.9875,3.5873,3.1377,8.48
2015-10-03,14.9691,3.9084,3.8037,10.529
2015-10-04,14.9501,3.9567,3.849,10.685
2015-10-05,14.9304,4.3645,,
2015-10-06,14.9101,3.9243,4.0019,11.251
2015-10-07,14.8892,3.9355,3.5871,9.907
2015-10-08,14.8678,3.6704,3.5622,9.762
2015-10-09,14.8458,3.7744,3.4217,9.397
2015-10-10,14.8233,3.4911,,
2015-10-11,14.8003,3.3243,3.1101,8.383
2015-10-12,14.7768,3.1221,2.9705,7.954
2015-10-13,14.7528,3.4437,3.3967,9.227
2015-10-14,14.7284,2.7956,2.9953,8.01
2015-10-15,14.7035,2.9672,2.6094,6.838
2015-10-16,14.6782,3.4295,3.0236,8.067
2015-10-17,14.6526,3.7341,,
2015-10-18,14.6265,3.2609,,
2015-10-19,14.6002,3.6944,,
2015-10-20,14.5735,4.0442,,
2015-10-21,14.5465,3.8575,3.638,10.101
2015-10-22,14.5193,3.3408,,
2015-10-23,14.4918,3.1939,2.9113,7.746
2015-10-24,14.4641,2.6581,,
2015-10-25,14.4363,3.5512,,
2015-10-26,14.4082,3.2037,,
2015-10-27,14.3801,3.2033,,
2015-10-28,14.3518,3.613,3.6881,10.357
2015-10-29,14.3234,3.2116,3.4307,9.492
2015-10-30,14.295,3.5663,3.705,10.434
2015-10-31,14.2666,3.3916,,
2015-11-01,14.2382,3.2112,3.0073,8.122
2015-11-02,14.2098,2.4906,2.5816,6.833
2015-11-03,14.1815,3.2212,3.374,9.3
2015-11-04,14.1533,2.8812,2.5506,6.721
2015-11-05,14.1251,2.6545,2.419,6.306
2015-11-06,14.0972,2.4233,2.762,7.371
2015-11-07,14.0694,2.7283,,
2015-11-08,14.0418,2.9661,,
2015-11-09,14.0144,3.346,,
2015-11-10,13.9873,3.4403,3.1608,8.638
2015-11-11,13.9605,3.349,3.2814,9.02
2015-11-12,13.9339,3.3924,3.4489,9.512
2015-11-13,13.9077,3.2877,,
2015-11-14,13.8819,3.3392,3.4007,9.335
2015-11-15,13.8565,3.0366,2.9361,7.837
2015-11-16,13.8315,2.8981,2.9568,7.974
2015-11-17,13.8069,3.0348,2.7851,7.427
2015-11-18,13.7828,2.823,2.5162,6.607
2015-11-19,13.7591,3.3328,3.251,8.92
2015-11-20,13.736,3.2902,3.1954,8.772
2015-11-21,13.7134,3.0676,2.956,7.962
2015-11-22,13.6914,3.6873,3.4858,9.606
2015-11-23,13.67,3.0431,2.765,7.389
2015-11-24,13.6492,3.233,2.9705,8.031
2015-11-25,13.629,3.4428,3.2816,9.015
2015-11-26,13.6094,3.5946,3.3128,9.092
2015-11-27,13.5906,3.1654,,
2015-11-28,13.5724,2.7971,2.5238,6.643
2015-11-29,13.5549,3.2852,3.034,8.224
2015-11-30,13.5381,3.3723,3.035,8.205
2015-12-01,13.5221,3.3482,3.0107,8.109
2015-12-02,13.5068,3.7438,3.4947,9.712
2015-12-03,13.4924,3.2183,2.9063,7.899
2015-12-04,13.4787,2.7993,,
2015-12-05,13.4658,3.37,,
2015-12-06,13.4537,3.5802,3.4492,9.633
2015-12-07,13.4425,3.455,,
2015-12-08,13.4321,3.2279,,
2015-12-09,13.4226,3.5305,3.6156,10.231
2015-12-10,13.4139,3.8293,3.5094,9.787
2015-12-11,13.4061,3.403,,
2015-12-12,13.3992,3.7105,3.6906,10.52
2015-12-13,13.3932,3.3954,,
2015-12-14,13.3881,3.1403,3.012,8.186
2015-12-15,13.3839,3.1606,3.0783,8.468
2015-12-16,13.3807,3.1043,3.1269,8.542
2015-12-17,13.3783,3.1489,2.8633,7.693
2015-12-18,13.3768,3.0963,2.6158,6.986
2015-12-19,13.3763,2.9759,2.9126,7.806
2015-12-20,13.3767,3.6855,3.2775,9.0
2015-12-21,13.378,3.8466,3.6587,10.401
2015-12-22,13.3803,3.5697,3.419,9.536
2015-12-23,13.3835,3.6693,3.4814,9.754
2015-12-24,13.3876,3.7949,3.7353,10.726
2015-12-25,13.3926,3.8361,3.8694,11.1
2015-12-26,13.3985,3.7727,3.7131,10.585
2015-12-27,13.4054,3.6929,3.6393,10.269
2015-12-28,13.4131,3.6958,3.5786,10.001
2015-12-29,13.4218,3.8599,3.7524,10.531
2015-12-30,13.4313,3.766,3.6077,10.038
2015-12-31,13.4417,3.7007,3.3493,9.172
2016-01-01,13.453,3.5901,3.4346,9.568
2016-01-02,13.4652,3.2306,2.7511,7.383
2016-01-03,13.4782,3.3117,3.1875,8.817
2016-01-04,13.4921,3.1017,2.7841,7.461
2016-01-05,13.5068,3.2793,3.2857,9.048
2016-01-06,13.5223,3.2169,3.0524,8.289
2016-01-07,13.5386,3.4663,3.498,9.727
2016-01-08,13.5557,2.9526,3.1851,8.617
2016-01-09,13.5736,3.0655,3.3631,9.255
2016-01-10,13.5922,3.3332,3.545,9.971
2016-01-11,13.6116,3.2467,3.6856,10.496
2016-01-12,13.6317,3.502,3.7539,10.623
2016-01-13,13.6524,2.9487,3.3371,9.22
2016-01-14,13.6739,3.1678,3.5112,9.793
2016-01-15,13.696,3.5006,3.5682,9.938
2016-01-16,13.7188,3.6298,3.8138,10.824
2016-01-17,13.7422,3.6772,3.9311,11.229
2016-01-18,13.7662,3.5242,3.6696,10.325
2016-01-19,13.7907,3.596,3.8391,10.973
2016-01-20,13.8159,3.5907,3.6563,10.318
2016-01-21,13.8415,3.6729,3.8581,11.036
2016-01-22,13.8676,3.5658,3.7284,10.39
2016-01-23,13.8943,3.5538,3.7995,10.643
2016-01-24,13.9213,2.9505,3.034,8.123
2016-01-25,13.9488,2.3778,2.6905,7.136
2016-01-26,13.9767,3.4124,3.4761,9.59
2016-01-27,14.005,3.343,3.1921,8.631
2016-01-28,14.0336,3.13,3.1267,8.438
2016-01-29,14.0626,2.9203,3.1663,8.563
2016-01-30,14.0918,3.1195,3.2749,8.996
2016-01-31,14.1213,3.4363,3.6681,10.342
2016-02-01,14.1511,3.3076,3.6234,10.082
2016-02-02,14.181,3.4948,3.608,9.992
2016-02-03,14.2111,2.9788,3.4055,9.314
2016-02-04,14.2414,3.1333,3.1702,8.623
2016-02-05,14.2718,3.0201,3.0399,8.201
2016-02-06,14.3023,3.8696,3.7646,10.467
2016-02-07,14.3328,3.8829,3.5204,9.732
2016-02-08,14.3634,3.2193,2.9656,7.885
2016-02-09,14.394,3.5697,3.7803,10.604
2016-02-10,14.4246,3.7336,3.3315,9.054
2016-02-11,14.4551,3.9789,3.9542,11.154
2016-02-12,14.4856,3.1985,3.3691,9.106
2016-02-13,14.5159,3.2705,3.3446,9.047
2016-02-14,14.5461,3.2721,3.2875,8.808
2016-02-15,14.5761,3.7341,3.7116,10.292
2016-02-16,14.606,4.1214,4.0064,11.231
2016-02-17,14.6356,3.5735,3.7243,10.266
2016-02-18,14.6649,3.6563,3.9406,10.945
2016-02-19,14.694,3.7314,3.723,10.238
2016-02-20,14.7228,3.2461,2.9548,7.796
2016-02-21,14.7513,3.419,2.8176,7.431
2016-02-22,14.7794,3.3522,3.3889,9.18
2016-02-23,14.8071,3.9723,3.9947,11.198
2016-02-24,14.8344,3.6219,3.5721,9.756
2016-02-25,14.8613,3.5572,3.5088,9.638
2016-02-26,14.8877,3.033,3.0724,8.233
2016-02-27,14.9137,3.731,3.8066,10.507
2016-02-28,14.9391,3.4351,3.2886,8.79
2016-02-29,14.9641,3.7563,3.5064,9.507
2016-03-01,14.9885,3.7279,3.7907,10.416
2016-03-02,15.0123,3.3514,3.752,10.256
2016-03-03,15.0355,3.6755,3.6497,9.963
2016-03-04,15.0582,3.5163,3.4788,9.382
2016-03-05,15.0802,3.9071,4.0179,11.206
2016-03-06,15.1016,2.7791,3.273,8.769
2016-03-07,15.1223,3.5602,3.5517,9.713
2016-03-08,15.1424,3.337,3.4959,9.503
2016-03-09,15.1618,3.9392,3.6564,10.083
2016-03-10,15.1804,3.8694,3.898,10.901
2016-03-11,15.1984,3.5351,3.5081,9.584
2016-03-12,15.2156,3.746,4.0473,11.281
2016-03-13,15.2321,3.2258,3.6027,9.826
2016-03-14,15.2479,3.5714,3.2928,8.865
2016-03-15,15.2629,3.452,3.5152,9.528
2016-03-16,15.2771,3.7758,3.7526,10.296
2016-03-17,15.2906,3.5028,3.0846,8.164
2016-03-18,15.3032,3.7423,3.8761,10.686
2016-03-19,15.3151,3.8361,3.7438,10.192
2016-03-20,15.3262,4.1289,4.0667,11.299
2016-03-21,15.3365,4.2637,4.0286,11.17
2016-03-22,15.346,4.1444,3.8388,10.527
2016-03-23,15.3547,4.7481,4.4678,12.733
2016-03-24,15.3626,4.3963,4.4452,12.53
2016-03-25,15.3697,4.2245,4.5347,12.732
2016-03-26,15.376,4.1692,4.4713,12.567
2016-03-27,15.3815,4.1592,4.3256,12.055
2016-03-28,15.3862,3.8135,3.8832,10.67
2016-03-29,15.3901,3.8463,4.1421,11.554
2016-03-30,15.3932,3.6209,3.3139,8.876
2016-03-31,15.3955,3.5032,3.322,8.91
2016-04-01,15.3971,3.5307,2.932,7.751
2016-04-02,15.3978,3.3883,3.2522,8.729
2016-04-03,15.3979,3.4856,2.6815,6.981
2016-04-04,15.3971,3.1793,3.036,8.056
2016-04-05,15.3957,3.4019,3.3024,8.851
2016-04-06,15.3935,3.4192,3.0648,8.142
2016-04-07,15.3905,3.7715,3.7055,10.145
2016-04-08,15.3869,3.9632,3.5638,9.646
2016-04-09,15.3826,3.5445,3.0452,8.062
2016-04-10,15.3776,3.7582,3.5429,9.63
2016-04-11,15.372,3.5253,3.7159,10.141
2016-04-12,15.3656,2.9604,2.9208,7.719
2016-04-13,15.3587,3.4014,3.2964,8.868
2016-04-14,15.3511,3.7139,3.6951,10.213
2016-04-15,15.343,4.0094,3.7755,10.331
2016-04-16,15.3342,3.7102,3.4432,9.279
2016-04-17,15.3249,3.2249,2.5151,6.503
2016-04-18,15.3151,3.9665,3.8367,10.528
2016-04-19,15.3047,4.0416,3.9396,10.914
2016-04-20,15.2939,4.1206,3.3677,9.115
2016-04-21,15.2825,3.6148,4.0292,11.218
2016-04-22,15.2707,3.3277,3.3548,9.027
2016-04-23,15.2585,3.638,3.23,8.687
2016-04-24,15.2458,3.3087,2.8281,7.495
2016-04-25,15.2328,3.5637,3.7175,10.234
2016-04-26,15.2193,3.9466,3.7617,10.334
2016-04-27,15.2055,3.6522,3.6501,9.981
2016-04-28,15.1914,3.766,3.58,9.805
2016-04-29,15.177,2.954,3.1639,8.434
2016-04-30,15.1623,3.5168,3.6137,9.928
2016-05-01,15.1474,2.612,2.6519,6.93
2016-05-02,15.1322,3.1914,2.7581,7.245
2016-05-03,15.1168,3.4985,3.624,10.071
2016-05-04,15.1013,3.2351,3.3693,9.122
2016-05-05,15.0855,3.7184,3.7181,10.241
2016-05-06,15.0697,3.2857,3.2311,8.673
2016-05-07,15.0537,3.4453,3.3624,9.117
2016-05-08,15.0377,3.4523,3.4392,9.351
2016-05-09,15.0215,3.505,3.3983,9.255
2016-05-10,15.0054,3.0179,2.3844,6.172
2016-05-11,14.9892,3.4183,3.3629,9.158
2016-05-12,14.973,3.7683,4.0271,11.313
2016-05-13,14.9569,3.9888,3.3038,9.006
2016-05-14,14.9408,3.4685,3.5827,9.906
2016-05-15,14.9248,3.7873,3.6605,10.048
2016-05-16,14.9089,3.7988,3.7021,10.319
2016-05-17,14.8932,4.0289,3.9276,10.959
2016-05-18,14.8775,3.5842,2.9447,7.828
2016-05-19,14.8621,3.4291,2.8364,7.494
2016-05-20,14.8468,3.4572,3.4584,9.399
2016-05-21,14.8317,3.9447,3.7966,10.489
2016-05-22,14.8169,3.5332,3.6346,9.93
2016-05-23,14.8023,3.777,4.0116,11.225
2016-05-24,14.788,3.4829,3.6958,10.212
2016-05-25,14.774,3.6301,3.1625,8.521
2016-05-26,14.7602,2.6742,2.7299,7.219
2016-05-27,14.7468,3.5491,3.6864,10.213
2016-05-28,14.7338,3.0417,2.9296,7.819
2016-05-29,14.7211,2.9248,3.1074,8.362
2016-05-30,14.7088,3.4074,3.4331,9.413
2016-05-31,14.6968,3.4226,3.2455,8.795
2016-06-01,14.6853,3.2979,3.406,9.314
2016-06-02,14.6742,3.3141,3.1905,8.639
2016-06-03,14.6636,3.5159,3.1329,8.461
2016-06-04,14.6533,3.6076,3.658,10.165
2016-06-05,14.6436,4.1441,4.0577,11.442
2016-06-06,14.6343,3.7435,3.4588,9.546
2016-06-07,14.6255,3.2301,2.8345,7.552
2016-06-08,14.6172,3.5045,3.5044,9.71
2016-06-09,14.6094,3.7627,3.3491,9.26
2016-06-10,14.6021,3.0969,2.7011,7.168
2016-06-11,14.5954,3.5586,3.547,9.83
2016-06-12,14.5891,3.6767,3.4956,9.656
2016-06-13,14.5834,3.3433,3.0695,8.306
2016-06-14,14.5783,3.2788,3.0007,8.097
2016-06-15,14.5737,3.104,2.7935,7.506
2016-06-16,14.5696,3.9542,4.0236,11.574
2016-06-17,14.5661,3.9201,3.4791,9.6
2016-06-18,14.5632,3.5432,3.2457,8.809
2016-06-19,14.5608,3.1091,2.7504,7.286
2016-06-20,14.559,2.8898,2.7152,7.198
2016-06-21,14.5577,3.2115,3.2331,8.906
2016-06-22,14.557,3.8409,3.3339,9.174
2016-06-23,14.5569,3.6496,3.2974,9.019
2016-06-24,14.5573,3.4538,3.4856,9.624
2016-06-25,14.5583,3.353,3.4246,9.498
2016-06-26,14.5599,3.5695,3.11,8.482
2016-06-27,14.562,4.1215,4.0911,11.726
2016-06-28,14.5646,3.9325,4.1283,11.832
2016-06-29,14.5678,3.9038,3.7612,10.529
2016-06-30,14.5715,3.3857,3.1879,8.645
2016-07-01,14.5758,3.5427,3.5633,9.783
2016-07-02,14.5805,3.5015,2.9887,8.012
2016-07-03,14.5858,3.0926,2.9371,7.826
2016-07-04,14.5916,3.7418,3.7156,10.328
2016-07-05,14.5979,2.8906,2.5868,6.81
2016-07-06,14.6047,2.8537,2.464,6.432
2016-07-07,14.6119,3.7523,3.6865,10.27
2016-07-08,14.6196,3.9703,3.6519,10.082
2016-07-09,14.6277,4.2978,4.1122,11.733
2016-07-10,14.6363,3.815,3.5632,9.811
2016-07-11,14.6453,3.6439,3.4176,9.402
2016-07-12,14.6547,3.6992,3.6221,10.104
2016-07-13,14.6645,3.6137,3.296,8.991
2016-07-14,14.6747,3.0615,3.2066,8.676
2016-07-15,14.6852,3.5329,3.3858,9.353
2016-07-16,14.6961,2.7444,2.691,7.081
2016-07-17,14.7073,3.9029,3.6624,10.24
2016-07-18,14.7188,3.3029,2.924,7.814
2016-07-19,14.7306,3.5468,3.3881,9.353
2016-07-20,14.7426,3.5897,3.4058,9.337
2016-07-21,14.755,3.3605,3.2917,8.984
2016-07-22,14.7675,3.4015,2.7397,7.272
2016-07-23,14.7803,3.2332,3.142,8.473
2016-07-24,14.7932,3.4767,3.4984,9.678
2016-07-25,14.8063,3.5258,3.3244,9.184
2016-07-26,14.8196,4.0467,3.7685,10.63
2016-07-27,14.833,3.4925,3.1821,8.644
2016-07-28,14.8465,3.5091,3.189,8.661
2016-07-29,14.8601,3.4951,3.5245,9.737
2016-07-30,14.8738,3.3844,3.3024,9.022
2016-07-31,14.8875,3.7883,3.5263,9.816
2016-08-01,14.9012,4.0624,3.4688,9.623
2016-08-02,14.9149,3.4297,2.9006,7.733
2016-08-03,14.9286,3.4367,3.3791,9.219
2016-08-04,14.9422,3.5698,2.9296,7.844
2016-08-05,14.9558,3.8864,3.2827,9.042
2016-08-06,14.9693,4.4261,3.9632,11.22
2016-08-07,14.9826,4.0653,3.8191,10.653
2016-08-08,14.9958,4.0667,3.8369,10.806
2016-08-09,15.0088,3.9275,3.459,9.427
2016-08-10,15.0217,3.5883,3.4269,9.32
2016-08-11,15.0343,4.2051,3.8576,10.849
2016-08-12,15.0467,3.5168,3.3875,9.3
2016-08-13,15.0588,3.8006,3.4821,9.554
2016-08-14,15.0707,4.1629,3.8165,10.633
2016-08-15,15.0823,3.7808,3.3406,9.136
2016-08-16,15.0935,3.929,3.7641,10.485
2016-08-17,15.1044,4.1583,3.7874,10.48
2016-08-18,15.1149,3.6853,2.8771,7.6
2016-08-19,15.125,4.163,3.9545,11.139
2016-08-20,15.1347,4.2484,4.3375,12.551
2016-08-21,15.144,4.6038,4.266,12.17
2016-08-22,15.1529,3.8501,3.5754,9.818
2016-08-23,15.1612,4.3686,4.2689,12.421
2016-08-24,15.1691,3.8002,3.6648,10.17
2016-08-25,15.1765,3.7014,,
2016-08-26,15.1833,3.8891,,
2016-08-27,15.1897,3.5964,,
2016-08-28,15.1954,4.0455,,
2016-08-29,15.2006,4.2761,,
2016-08-30,15.2052,3.7424,3.2508,8.743
2016-08-31,15.2091,3.8841,3.4837,9.552
2016-09-01,15.2125,3.7855,3.0696,8.244
2016-09-02,15.2152,3.5624,3.4673,9.512
2016-09-03,15.2173,3.9455,3.6128,10.015
2016-09-04,15.2187,4.0867,3.9424,11.044
2016-09-05,15.2195,3.6273,3.7089,10.312
2016-09-06,15.2196,3.8059,3.7476,10.517
2016-09-07,15.219,3.8661,2.678,7.055
2016-09-08,15.2177,3.4488,3.4436,9.459
2016-09-09,15.2156,3.9396,3.4175,9.415
2016-09-10,15.2129,3.5539,3.0703,8.304
2016-09-11,15.2095,3.537,3.5991,10.003
2016-09-12,15.2053,3.2986,2.9066,7.759
2016-09-13,15.2004,3.4929,3.1247,8.403
2016-09-14,15.1947,3.413,3.4847,9.543
2016-09-15,15.1884,4.007,3.3459,9.216
2016-09-16,15.1813,3.8484,3.8565,10.779
2016-09-17,15.1734,4.178,3.7625,10.461
2016-09-18,15.1648,3.9407,3.4942,9.543
2016-09-19,15.1555,3.7938,3.5542,9.72
2016-09-20,15.1454,3.9031,3.8328,10.66
2016-09-21,15.1346,3.5147,3.7191,10.325
2016-09-22,15.1231,3.5178,3.3336,9.188
2016-09-23,15.1108,4.0255,3.9053,11.055
2016-09-24,15.0979,3.6774,3.2375,8.747
2016-09-25,15.0842,3.555,3.0787,8.238
2016-09-26,15.0698,3.4527,3.457,9.468
2016-09-27,15.0547,3.7434,3.4889,9.548
2016-09-28,15.0389,4.0235,3.6508,10.061
2016-09-29,15.0224,3.9735,3.9926,11.199
2016-09-30,15.0053,3.7503,3.9735,11.1
2016-10-01,14.9875,2.6541,3.058,8.147
2016-10-02,14.9691,2.9491,2.8225,7.485
2016-10-03,14.9501,3.7257,2.6289,6.917
2016-10-04,14.9304,3.7984,3.8399,10.675
2016-10-05,14.9101,3.5908,3.226,8.74
2016-10-06,14.8892,3.5239,3.54,9.654
2016-10-07,14.8678,2.9725,2.8323,7.519
2016-10-08,14.8458,3.1679,3.3539,9.147
2016-10-09,14.8233,3.4939,3.2034,8.711
2016-10-10,14.8003,3.1019,3.0712,8.301
2016-10-11,14.7768,3.5358,3.4557,9.461
2016-10-12,14.7528,3.1742,2.7688,7.355
2016-10-13,14.7284,3.5298,3.5482,9.784
2016-10-14,14.7035,3.3802,3.3269,9.05
2016-10-15,14.6782,3.8538,3.348,9.154
2016-10-16,14.6526,3.4707,3.2736,8.915
2016-10-17,14.6265,3.6626,3.4487,9.488
2016-10-18,14.6002,3.3572,2.7048,7.097
2016-10-19,14.5735,3.5455,3.639,10.152
2016-10-20,14.5465,3.433,3.3345,9.089
2016-10-21,14.5193,3.5907,3.4279,9.437
2016-10-22,14.4918,3.7654,3.6712,10.265
2016-10-23,14.4641,3.7444,3.5068,9.738
2016-10-24,14.4363,3.6453,3.4561,9.505
2016-10-25,14.4082,3.1046,3.257,8.952
2016-10-26,14.3801,3.0833,3.2116,8.755
2016-10-27,14.3518,2.7971,3.1212,8.401
2016-10-28,14.3234,3.6028,3.6804,10.305
2016-10-29,14.295,2.8886,2.4879,6.532
2016-10-30,14.2666,3.4631,3.6149,10.131
2016-10-31,14.2382,3.3231,3.4808,9.601
2016-11-01,14.2098,2.7345,2.823,7.565
2016-11-02,14.1815,3.1514,3.2686,8.955
2016-11-03,14.1533,3.6267,3.6455,10.302
2016-11-04,14.1251,3.1549,3.1679,8.56
2016-11-05,14.0972,3.5577,3.4418,9.558
2016-11-06,14.0694,3.3842,3.2555,8.935
2016-11-07,14.0418,2.9262,2.7613,7.349
2016-11-08,14.0144,3.2699,3.08,8.395
2016-11-09,13.9873,3.3125,3.079,8.265
2016-11-10,13.9605,3.3006,3.2365,8.835
2016-11-11,13.9339,2.9495,2.5657,6.78
2016-11-12,13.9077,2.916,3.0632,8.262
2016-11-13,13.8819,3.2696,3.1627,8.577
2016-11-14,13.8565,3.24,2.8812,7.775
2016-11-15,13.8315,2.7458,2.7371,7.329
2016-11-16,13.8069,3.1807,3.1274,8.564
2016-11-17,13.7828,3.2502,2.856,7.679
2016-11-18,13.7591,3.0149,2.8662,7.732
2016-11-19,13.736,2.6135,2.5728,6.776
2016-11-20,13.7134,2.2652,2.3975,6.29
2016-11-21,13.6914,3.3741,3.374,9.434
2016-11-22,13.67,3.4636,3.5899,10.171
2016-11-23,13.6492,3.0657,3.1791,8.684
2016-11-24,13.629,3.0132,2.7743,7.39
2016-11-25,13.6094,2.7924,2.8872,7.751
2016-11-26,13.5906,3.2069,3.0783,8.468
2016-11-27,13.5724,3.1891,3.0849,8.452
2016-11-28,13.5549,3.0094,3.0885,8.385
2016-11-29,13.5381,3.0419,2.6064,6.907
2016-11-30,13.5221,2.6699,2.8825,7.727
2016-12-01,13.5068,2.8773,2.6821,7.146
2016-12-02,13.4924,2.6059,2.2946,6.018
2016-12-03,13.4787,2.4293,2.4537,6.452
2016-12-04,13.4658,2.9561,2.9903,8.091
2016-12-05,13.4537,3.2024,2.9828,8.117
2016-12-06,13.4425,3.1672,3.1861,8.812
2016-12-07,13.4321,3.0465,2.9405,7.898
2016-12-08,13.4226,2.876,3.2224,8.922
2016-12-09,13.4139,2.9987,2.7918,7.548
2016-12-10,13.4061,2.7811,2.7118,7.274
2016-12-11,13.3992,3.3164,3.1816,8.805
2016-12-12,13.3932,3.0932,3.2508,8.973
2016-12-13,13.3881,2.9933,3.013,8.22
2016-12-14,13.3839,3.0452,3.3361,9.323
2016-12-15,13.3807,3.1963,3.176,8.774
2016-12-16,13.3783,3.1259,3.316,9.207
2016-12-17,13.3768,3.3215,3.5517,10.07
2016-12-18,13.3763,3.3862,3.1372,8.637
2016-12-19,13.3767,3.3115,3.6774,10.472
2016-12-20,13.378,3.0105,3.1669,8.733
2016-12-21,13.3803,2.9147,2.5546,6.823
2016-12-22,13.3835,2.807,3.0396,8.336
2016-12-23,13.3876,2.787,2.7995,7.511
2016-12-24,13.3926,2.884,2.7948,7.48
2016-12-25,13.3985,2.8776,3.1331,8.624
2016-12-26,13.4054,2.852,3.0493,8.329
2016-12-27,13.4131,2.6183,2.7436,7.336
2016-12-28,13.4218,3.2138,3.2901,9.101
2016-12-29,13.4313,2.7957,3.0545,8.268
2016-12-30,13.4417,2.8916,2.8475,7.643
2016-12-31,13.453,2.7259,2.4013,6.347
2017-01-01,13.453,3.0381,2.9944,8.13
2017-01-02,13.4652,3.5669,3.4772,9.69
2017-01-03,13.4782,3.5827,3.7108,10.533
2017-01-04,13.4921,3.067,3.3865,9.508
2017-01-05,13.5068,3.2227,3.1328,8.617
2017-01-06,13.5223,3.2498,,
2017-01-07,13.5386,3.1414,2.9262,7.893
2017-01-08,13.5557,2.3686,,
2017-01-09,13.5736,2.5897,2.4536,6.478
2017-01-10,13.5922,2.7838,2.3328,6.111
2017-01-11,13.6116,2.5971,2.7151,7.213
2017-01-12,13.6317,2.6285,3.1661,8.683
2017-01-13,13.6524,2.8458,3.2636,8.977
2017-01-14,13.6739,2.8253,2.6447,7.058
2017-01-15,13.696,2.9819,3.1959,8.784
2017-01-16,13.7188,3.0653,3.3051,9.178
2017-01-17,13.7422,3.038,3.246,8.98
2017-01-18,13.7662,2.8494,2.5692,6.827
2017-01-19,13.7907,3.2259,3.259,8.996
2017-01-20,13.8159,3.1033,3.2889,9.039
2017-01-21,13.8415,3.1023,3.4942,9.834
2017-01-22,13.8676,3.417,3.6219,10.356
2017-01-23,13.8943,3.5869,3.9587,11.745
2017-01-24,13.9213,3.5714,3.6295,10.366
2017-01-25,13.9488,3.014,2.8925,7.836
2017-01-26,13.9767,3.5849,3.247,8.911
2017-01-27,14.005,3.5887,3.4349,9.524
2017-01-28,14.0336,3.4241,3.2984,9.029
2017-01-29,14.0626,3.6839,3.7019,10.403
2017-01-30,14.0918,3.0328,2.6377,6.977
2017-01-31,14.1213,3.2414,3.3032,9.058
2017-02-01,14.1511,3.2528,3.3457,9.206
2017-02-02,14.181,3.4599,3.5424,9.938
2017-02-03,14.2111,3.5432,3.7184,10.502
2017-02-04,14.2414,3.6322,3.9202,11.103
2017-02-05,14.2718,4.1389,4.1456,11.849
2017-02-06,14.3023,4.1726,4.3316,12.667
2017-02-07,14.3328,4.3689,3.6676,10.328
2017-02-08,14.3634,4.4068,4.1838,12.096
2017-02-09,14.394,3.7254,3.9053,11.178
2017-02-10,14.4246,3.2784,3.4351,9.521
2017-02-11,14.4551,3.6841,3.8531,10.944
2017-02-12,14.4856,3.4319,3.4589,9.578
2017-02-13,14.5159,3.2756,3.443,9.627
2017-02-14,14.5461,3.5938,3.5829,10.049
2017-02-15,14.5761,3.6365,3.9644,11.342
2017-02-16,14.606,3.6283,3.689,10.449
2017-02-17,14.6356,3.6131,3.6377,10.255
2017-02-18,14.6649,3.7047,3.9403,11.241
2017-02-19,14.694,3.4378,3.7266,10.507
2017-02-20,14.7228,3.5405,3.5156,9.668
2017-02-21,14.7513,3.6596,3.7294,10.459
2017-02-22,14.7794,3.7497,3.9291,11.123
2017-02-23,14.8071,3.5493,3.7897,10.718
2017-02-24,14.8344,3.6036,2.8895,7.756
2017-02-25,14.8613,3.7261,3.5561,9.867
2017-02-26,14.8877,3.1262,2.6174,6.875
2017-02-27,14.9137,3.6113,3.334,9.143
2017-02-28,14.9391,3.4674,3.4744,9.577
2017-03-01,14.9641,3.5356,3.7015,10.406
2017-03-02,14.9885,3.6938,3.2974,8.998
2017-03-03,15.0123,3.5608,3.2582,8.821
2017-03-04,15.0355,3.9037,3.6291,10.083
2017-03-05,15.0582,3.4232,3.2457,8.755
2017-03-06,15.0802,3.792,3.4796,9.477
2017-03-07,15.1016,3.3587,3.2541,8.789
2017-03-08,15.1223,3.0474,2.4029,6.229
2017-03-09,15.1424,3.3666,3.3334,9.088
2017-03-10,15.1618,3.3411,2.9674,7.851
2017-03-11,15.1804,3.3934,3.4931,9.509
2017-03-12,15.1984,2.8946,2.291,5.936
2017-03-13,15.2156,3.5428,3.2293,8.755
2017-03-14,15.2321,3.5057,3.5181,9.634
2017-03-15,15.2479,3.4231,2.7164,7.152
2017-03-16,15.2629,3.3547,3.1944,8.604
2017-03-17,15.2771,3.0828,3.1302,8.366
2017-03-18,15.2906,3.4108,3.3655,9.134
2017-03-19,15.3032,3.6595,3.7409,10.42
2017-03-20,15.3151,3.6055,3.6055,10.011
2017-03-21,15.3262,3.2515,3.2336,8.723
2017-03-22,15.3365,2.9321,2.4738,6.429
2017-03-23,15.346,3.3269,2.958,7.904
2017-03-24,15.3547,3.3588,2.8449,7.49
2017-03-25,15.3626,3.5079,3.317,8.977
2017-03-26,15.3697,3.2543,2.8144,7.452
2017-03-27,15.376,3.6004,3.5056,9.57
2017-03-28,15.3815,3.5555,3.692,10.167
2017-03-29,15.3862,3.5205,3.6285,9.946
2017-03-30,15.3901,3.1317,2.3213,5.991
2017-03-31,15.3932,3.3774,3.0399,8.093
2017-04-01,15.3955,3.9157,3.5333,9.615
2017-04-02,15.3971,4.2646,4.0502,11.386
2017-04-03,15.3978,4.4005,4.1469,11.69
2017-04-04,15.3979,4.269,4.1679,11.641
2017-04-05,15.3971,4.3032,4.2857,12.093
2017-04-06,15.3957,4.4623,4.2095,11.941
2017-04-07,15.3935,3.8749,3.6278,9.963
2017-04-08,15.3905,3.7358,3.4137,9.321
2017-04-09,15.3869,3.4077,3.2096,8.642
2017-04-10,15.3826,3.5724,3.7161,10.264
2017-04-11,15.3776,3.512,3.2377,8.763
2017-04-12,15.372,3.2693,2.8596,7.552
2017-04-13,15.3656,3.7486,3.6153,9.886
2017-04-14,15.3587,3.029,2.5876,6.755
2017-04-15,15.3511,4.0141,3.6184,9.931
2017-04-16,15.343,3.7912,3.3836,9.184
2017-04-17,15.3342,2.9478,2.9563,7.875
2017-04-18,15.3249,3.7402,3.4505,9.387
2017-04-19,15.3151,3.3789,3.2787,8.832
2017-04-20,15.3047,3.279,2.9742,7.906
2017-04-21,15.2939,3.2444,3.3419,9.093
2017-04-22,15.2825,3.7179,3.66,10.18
2017-04-23,15.2707,3.8601,3.7014,10.151
2017-04-24,15.2585,3.2657,3.0921,8.269
2017-04-25,15.2458,3.3742,2.9817,7.892
2017-04-26,15.2328,3.2474,3.096,8.276
2017-04-27,15.2193,3.8938,3.7711,10.458
2017-04-28,15.2055,4.1194,3.6418,10.016
2017-04-29,15.1914,3.7917,3.4971,9.503
2017-04-30,15.177,2.7191,2.1091,5.406
2017-05-01,15.1623,3.1522,3.4618,9.451
2017-05-02,15.1474,3.2278,3.101,8.333
2017-05-03,15.1322,3.2634,2.8221,7.477
2017-05-04,15.1168,3.883,3.6404,10.064
2017-05-05,15.1013,3.5554,3.0841,8.273
2017-05-06,15.0855,2.8076,3.0834,8.229
2017-05-07,15.0697,3.2311,3.2189,8.72
2017-05-08,15.0537,2.9009,3.0261,8.103
2017-05-09,15.0377,3.0424,3.039,8.132
2017-05-10,15.0215,3.1793,3.1018,8.311
2017-05-11,15.0054,3.2684,2.8695,7.607
2017-05-12,14.9892,2.7871,2.6747,7.047
2017-05-13,14.973,3.6843,3.7487,10.452
2017-05-14,14.9569,3.5023,3.2671,8.782
2017-05-15,14.9408,3.2603,2.9386,7.835
2017-05-16,14.9248,3.4241,3.3767,9.166
2017-05-17,14.9089,3.3683,3.3131,8.991
2017-05-18,14.8932,3.789,3.8016,10.51
2017-05-19,14.8775,3.8125,3.7413,10.334
2017-05-20,14.8621,3.6256,3.3963,9.235
2017-05-21,14.8468,3.5526,3.3795,9.19
2017-05-22,14.8317,3.1497,2.6046,6.844
2017-05-23,14.8169,3.9661,3.6188,10.092
2017-05-24,14.8023,4.0619,3.6203,10.025
2017-05-25,14.788,3.8767,3.7338,10.363
2017-05-26,14.774,3.5964,3.2852,8.886
2017-05-27,14.7602,3.4066,3.0881,8.343
2017-05-28,14.7468,3.6244,3.4672,9.539
2017-05-29,14.7338,3.3817,2.9682,8.0
2017-05-30,14.7211,3.5659,3.403,9.306
2017-05-31,14.7088,3.4065,3.4341,9.398
2017-06-01,14.6968,3.7495,3.2972,8.941
2017-06-02,14.6853,3.4218,3.3002,8.961
2017-06-03,14.6742,4.1311,3.8787,10.867
2017-06-04,14.6636,3.4854,3.0637,8.17
2017-06-05,14.6533,3.4816,2.8101,7.414
2017-06-06,14.6436,3.653,3.4703,9.588
2017-06-07,14.6343,2.6981,2.2538,5.784
2017-06-08,14.6255,1.9795,1.8246,4.636
2017-06-09,14.6172,3.4331,3.0317,8.217
2017-06-10,14.6094,3.4452,3.4742,9.504
2017-06-11,14.6021,3.0456,3.1425,8.476
2017-06-12,14.5954,2.5597,2.4796,6.467
2017-06-13,14.5891,3.2155,3.1646,8.572
2017-06-14,14.5834,3.3426,3.0133,8.106
2017-06-15,14.5783,2.9638,2.1526,5.568
2017-06-16,14.5737,3.5553,3.4223,9.525
2017-06-17,14.5696,3.1151,2.7809,7.428
2017-06-18,14.5661,3.2001,2.9288,7.862
2017-06-19,14.5632,3.2989,3.1196,8.429
2017-06-20,14.5608,3.3873,3.0334,8.166
2017-06-21,14.559,3.2648,3.0897,8.31
2017-06-22,14.5577,3.4229,3.125,8.553
2017-06-23,14.557,3.3953,3.2905,9.0
2017-06-24,14.5569,3.9833,3.5394,9.842
2017-06-25,14.5573,3.6566,3.1156,8.435
2017-06-26,14.5583,3.1051,3.1117,8.444
2017-06-27,14.5599,3.4581,3.194,8.686
2017-06-28,14.562,3.5292,3.3556,9.133
2017-06-29,14.5646,3.5047,3.4379,9.468
2017-06-30,14.5678,3.1631,3.014,8.105
2017-07-01,14.5715,3.7998,3.6931,10.273
2017-07-02,14.5758,3.673,3.473,9.536
2017-07-03,14.5805,3.8074,3.4321,9.487
2017-07-04,14.5858,3.8007,3.842,10.832
2017-07-05,14.5916,4.0023,3.6734,10.286
2017-07-06,14.5979,3.2158,3.0398,8.111
2017-07-07,14.6047,3.6909,3.4815,9.626
2017-07-08,14.6119,3.4683,3.4129,9.347
2017-07-09,14.6196,3.5336,3.5486,9.817
2017-07-10,14.6277,2.9437,2.7082,7.183
2017-07-11,14.6363,3.352,2.9676,7.931
2017-07-12,14.6453,2.6697,2.4328,6.342
2017-07-13,14.6547,3.6195,3.2991,8.962
2017-07-14,14.6645,3.3125,3.124,8.515
2017-07-15,14.6747,3.4024,2.7882,7.436
2017-07-16,14.6852,3.6636,3.5373,9.758
2017-07-17,14.6961,3.6434,3.4647,9.642
2017-07-18,14.7073,3.6978,3.4749,9.571
2017-07-19,14.7188,3.5975,3.4994,9.666
2017-07-20,14.7306,3.0344,2.7038,7.19
2017-07-21,14.7426,3.6337,3.5627,9.85
2017-07-22,14.755,3.7055,3.6072,10.052
2017-07-23,14.7675,3.314,3.0093,8.019
2017-07-24,14.7803,3.8175,3.4891,9.625
2017-07-25,14.7932,3.8826,3.772,10.492
2017-07-26,14.8063,3.6662,3.1446,8.457
2017-07-27,14.8196,3.8545,3.567,9.956
2017-07-28,14.833,3.6655,3.4477,9.418
2017-07-29,14.8465,3.4676,3.3319,9.036
2017-07-30,14.8601,3.036,2.8877,7.672
2017-07-31,14.8738,3.0277,2.6886,7.108
2017-08-01,14.8875,3.139,3.2738,8.978
2017-08-02,14.9012,3.5914,3.3937,9.279
2017-08-03,14.9149,3.7935,3.4454,9.506
2017-08-04,14.9286,3.5355,3.0636,8.309
2017-08-05,14.9422,3.5579,3.0998,8.395
2017-08-06,14.9558,3.959,3.7381,10.461
2017-08-07,14.9693,3.9197,3.3835,9.225
2017-08-08,14.9826,4.0237,3.6615,10.165
2017-08-09,14.9958,3.9374,3.0648,8.252
2017-08-10,15.0088,3.9837,3.5481,9.85
2017-08-11,15.0217,3.6708,3.7144,10.273
2017-08-12,15.0343,3.1468,2.7752,7.359
2017-08-13,15.0467,3.5053,3.0369,8.097
2017-08-14,15.0588,4.1961,3.9749,11.185
2017-08-15,15.0707,3.6688,3.1879,8.527
2017-08-16,15.0823,3.6509,3.2916,8.922
2017-08-17,15.0935,4.0312,3.8535,10.881
2017-08-18,15.1044,3.692,3.5581,9.729
2017-08-19,15.1149,3.3203,2.8774,7.669
2017-08-20,15.125,3.1327,3.2647,8.905
2017-08-21,15.1347,3.7953,3.5887,9.95
2017-08-22,15.144,3.9286,3.6823,10.173
2017-08-23,15.1529,4.0715,3.8051,10.666
2017-08-24,15.1612,3.6123,3.2446,8.89
2017-08-25,15.1691,3.9421,3.7535,10.464
2017-08-26,15.1765,4.0045,3.6551,10.111
2017-08-27,15.1833,3.7652,3.5678,9.88
2017-08-28,15.1897,3.6292,3.262,8.857
2017-08-29,15.1954,3.3527,3.205,8.681
2017-08-30,15.2006,3.9191,3.5413,9.807
2017-08-31,15.2052,4.2408,3.6895,10.314
2017-09-01,15.2091,4.3093,4.2252,12.157
2017-09-02,15.2125,3.9457,3.2587,8.806
2017-09-03,15.2152,3.8367,3.2349,8.852
2017-09-04,15.2173,3.897,3.7553,10.474
2017-09-05,15.2187,3.7831,3.2197,8.737
2017-09-06,15.2195,4.158,3.8953,10.98
2017-09-07,15.2196,3.897,3.3647,9.199
2017-09-08,15.219,2.81,2.55,6.675
2017-09-09,15.2177,3.3186,3.1125,8.387
2017-09-10,15.2156,3.6308,3.7008,10.273
2017-09-11,15.2129,4.2013,4.1868,11.908
2017-09-12,15.2095,3.8174,3.627,9.998
2017-09-13,15.2053,3.6471,3.3093,9.023
2017-09-14,15.2004,4.0002,3.7575,10.487
2017-09-15,15.1947,3.43,3.1094,8.337
2017-09-16,15.1884,3.8738,3.3782,9.244
2017-09-17,15.1813,3.4385,2.875,7.615
2017-09-18,15.1734,3.7274,3.6161,9.995
2017-09-19,15.1648,3.7982,3.8255,10.697
2017-09-20,15.1555,3.2965,2.538,6.614
2017-09-21,15.1454,3.8757,3.6156,10.062
2017-09-22,15.1346,3.9735,3.7435,10.467
2017-09-23,15.1231,3.753,3.1674,8.632
2017-09-24,15.1108,3.8517,3.6244,10.056
2017-09-25,15.0979,3.8747,3.2546,8.741
2017-09-26,15.0842,3.6304,3.2327,8.917
2017-09-27,15.0698,3.8844,3.801,10.651
2017-09-28,15.0547,3.8037,3.6399,10.08
2017-09-29,15.0389,3.4033,3.5372,9.771
2017-09-30,15.0224,2.7076,2.7339,7.226
2017-10-01,15.0053,3.7346,3.7944,10.679
2017-10-02,14.9875,3.3405,3.1595,8.501
2017-10-03,14.9691,3.2156,3.0013,7.998
2017-10-04,14.9501,2.7573,2.8187,7.488
2017-10-05,14.9304,3.4932,3.0899,8.374
2017-10-06,14.9101,3.1343,3.0817,8.383
2017-10-07,14.8892,3.6166,3.342,9.177
2017-10-08,14.8678,3.9271,3.9747,11.372
2017-10-09,14.8458,3.6049,3.4111,9.476
2017-10-10,14.8233,4.0468,3.7763,10.777
2017-10-11,14.8003,3.5005,2.8219,7.525
2017-10-12,14.7768,3.7897,3.4888,9.615
2017-10-13,14.7528,4.0633,3.7963,10.572
2017-10-14,14.7284,3.5737,3.3861,9.236
2017-10-15,14.7035,3.7676,3.38,9.207
2017-10-16,14.6782,3.6684,3.4271,9.345
2017-10-17,14.6526,4.2076,3.9077,10.966
2017-10-18,14.6265,4.0591,4.0809,11.65
2017-10-19,14.6002,3.9189,3.6061,10.082
2017-10-20,14.5735,3.3333,3.1536,8.495
2017-10-21,14.5465,3.4945,3.3221,9.024
2017-10-22,14.5193,3.0569,2.7571,7.286
2017-10-23,14.4918,3.1137,3.1077,8.395
2017-10-24,14.4641,3.1815,2.9607,7.914
2017-10-25,14.4363,3.0321,2.7845,7.41
2017-10-26,14.4082,2.931,2.7885,7.418
2017-10-27,14.3801,3.7654,3.6281,10.149
2017-10-28,14.3518,2.8078,2.986,8.025
2017-10-29,14.3234,2.1567,2.2517,5.913
2017-10-30,14.295,3.0816,3.1702,8.699
2017-10-31,14.2666,2.7909,2.9645,7.968
2017-11-01,14.2382,3.4104,3.5763,10.023
2017-11-02,14.2098,3.3526,3.2033,8.745
2017-11-03,14.1815,3.3769,3.2648,8.942
2017-11-04,14.1533,3.0044,2.5489,6.717
2017-11-05,14.1251,3.0256,2.9483,7.957
2017-11-06,14.0972,3.5266,3.3238,9.206
2017-11-07,14.0694,3.2148,3.2796,8.991
2017-11-08,14.0418,3.3127,3.5255,9.888
2017-11-09,14.0144,3.2058,3.0633,8.264
2017-11-10,13.9873,3.0882,2.9193,7.87
2017-11-11,13.9605,3.3447,3.2463,8.871
2017-11-12,13.9339,3.5546,3.4877,9.665
2017-11-13,13.9077,3.3255,3.1763,8.627
2017-11-14,13.8819,3.1625,3.009,8.171
2017-11-15,13.8565,2.975,2.9765,8.09
2017-11-16,13.8315,2.8705,3.4432,9.526
2017-11-17,13.8069,2.7326,3.0702,8.346
2017-11-18,13.7828,2.8556,3.0203,8.232
2017-11-19,13.7591,2.9694,2.9274,7.891
2017-11-20,13.736,2.7703,2.7797,7.416
2017-11-21,13.7134,3.1987,3.4727,9.717
2017-11-22,13.6914,3.2298,3.0917,8.449
2017-11-23,13.67,3.2262,3.1754,8.731
2017-11-24,13.6492,3.1442,3.1686,8.702
2017-11-25,13.629,2.6527,2.7358,7.301
2017-11-26,13.6094,3.3656,3.3821,9.38
2017-11-27,13.5906,3.5974,3.4122,9.492
2017-11-28,13.5724,3.4885,3.3204,9.138
2017-11-29,13.5549,3.4192,3.4372,9.463
2017-11-30,13.5381,3.1373,3.032,8.25
2017-12-01,13.5221,3.0935,2.907,7.828
2017-12-02,13.5068,2.8488,2.7347,7.302
2017-12-03,13.4924,3.2167,3.0338,8.254
2017-12-04,13.4787,3.2437,2.8707,7.742
2017-12-05,13.4658,3.4852,3.229,8.909
2017-12-06,13.4537,3.7482,3.6181,10.268
2017-12-07,13.4425,3.2273,3.2548,9.029
2017-12-08,13.4321,3.3833,2.9897,8.115
2017-12-09,13.4226,3.2604,2.9026,7.823
2017-12-10,13.4139,3.1766,3.0484,8.329
2017-12-11,13.4061,2.7537,2.5243,6.657
2017-12-12,13.3992,2.7948,2.6831,7.193
2017-12-13,13.3932,3.2296,3.3163,9.222
2017-12-14,13.3881,3.4879,3.2771,9.089
2017-12-15,13.3839,3.4605,3.1165,8.613
2017-12-16,13.3807,3.3215,3.4177,9.529
2017-12-17,13.3783,3.5507,3.3744,9.415
2017-12-18,13.3768,3.5688,3.6383,10.362
2017-12-19,13.3763,3.4744,3.3099,9.194
2017-12-20,13.3767,3.5875,3.522,9.98
2017-12-21,13.378,3.5255,3.5644,10.207
2017-12-22,13.3803,3.4323,3.4628,9.79
2017-12-23,13.3835,3.4894,3.3275,9.28
2017-12-24,13.3876,3.3634,3.3157,9.342
2017-12-25,13.3926,2.8129,2.9326,8.045
2017-12-26,13.3985,2.9697,3.0817,8.535
2017-12-27,13.4054,3.0719,3.3333,9.313
2017-12-28,13.4131,2.8918,2.8425,7.684
2017-12-29,13.4218,2.8632,3.016,8.257
2017-12-30,13.4313,2.414,2.6191,6.976
2017-12-31,13.4417,2.7509,2.7219,7.341
2018-01-01,13.453,2.8261,2.7055,7.311
2018-01-02,13.4652,2.8875,2.6422,7.074
2018-01-03,13.4782,2.8147,3.0634,8.452
2018-01-04,13.4921,3.2327,3.3024,9.309
2018-01-05,13.5068,3.0347,3.2008,8.838
2018-01-06,13.5223,2.8679,2.8888,7.855
2018-01-07,13.5386,2.954,3.1982,8.959
2018-01-08,13.5557,3.3016,3.4644,9.846
2018-01-09,13.5736,2.8793,2.6826,7.175
2018-01-10,13.5922,3.0309,2.9309,7.95
2018-01-11,13.6116,3.1143,2.9968,8.157
2018-01-12,13.6317,3.0197,2.6686,7.12
2018-01-13,13.6524,2.9375,3.1427,8.689
2018-01-14,13.6739,2.7838,3.0729,8.4
2018-01-15,13.696,2.7747,2.9552,8.049
2018-01-16,13.7188,3.1068,3.1095,8.541
2018-01-17,13.7422,3.0425,2.5997,6.956
2018-01-18,13.7662,2.9331,2.8826,7.843
2018-01-19,13.7907,3.3941,3.2436,8.969
2018-01-20,13.8159,3.8038,3.8129,10.992
2018-01-21,13.8415,3.7666,3.6752,10.463
2018-01-22,13.8676,3.7975,3.7183,10.551
2018-01-23,13.8943,3.7773,3.8525,11.057
2018-01-24,13.9213,3.599,3.6451,10.285
2018-01-25,13.9488,3.7757,3.6963,10.47
2018-01-26,13.9767,3.2292,3.3552,9.224
2018-01-27,14.005,3.5302,3.4767,9.677
2018-01-28,14.0336,3.2331,3.0651,8.268
2018-01-29,14.0626,3.4575,3.5216,9.798
2018-01-30,14.0918,3.1285,3.4651,9.591
2018-01-31,14.1213,3.4812,3.7359,10.47
2018-02-01,14.1511,3.7823,3.671,10.3
2018-02-02,14.181,3.1669,3.1656,8.605
2018-02-03,14.2111,3.2415,3.2673,8.971
2018-02-04,14.2414,3.4796,3.5026,9.661
2018-02-05,14.2718,3.2914,3.4594,9.477
2018-02-06,14.3023,3.5252,3.5337,9.764
2018-02-07,14.3328,3.3715,3.7098,10.322
2018-02-08,14.3634,3.4494,4.0136,11.47
2018-02-09,14.394,3.5487,3.6095,10.03
2018-02-10,14.4246,3.4356,3.3567,9.148
2018-02-11,14.4551,3.0786,3.1121,8.342
2018-02-12,14.4856,2.9342,2.7955,7.455
2018-02-13,14.5159,3.2004,3.3666,9.311
2018-02-14,14.5461,3.0961,3.1512,8.524
2018-02-15,14.5761,3.0652,2.8329,7.538
2018-02-16,14.606,3.2799,3.2975,8.97
2018-02-17,14.6356,3.1912,3.1429,8.469
2018-02-18,14.6649,3.385,3.4083,9.358
2018-02-19,14.694,3.8762,3.9564,11.221
2018-02-20,14.7228,3.7438,4.0778,11.604
2018-02-21,14.7513,3.923,4.0088,11.45
2018-02-22,14.7794,3.749,3.7831,10.787
2018-02-23,14.8071,3.5169,3.685,10.442
2018-02-24,14.8344,3.4986,3.4001,9.421
2018-02-25,14.8613,3.545,3.3358,9.282
2018-02-26,14.8877,3.5206,3.4884,9.656
2018-02-27,14.9137,3.8438,3.8838,11.138
2018-02-28,14.9391,3.8048,3.8985,11.058
2018-03-01,14.9641,3.7543,3.9973,11.374
2018-03-02,14.9885,3.3845,3.1994,8.615
2018-03-03,15.0123,3.5141,3.3337,9.081
2018-03-04,15.0355,3.5689,2.9217,7.737
2018-03-05,15.0582,3.3141,2.9795,8.025
2018-03-06,15.0802,3.3609,3.0521,8.141
2018-03-07,15.1016,3.9877,3.5936,9.944
2018-03-08,15.1223,3.5796,3.363,9.168
2018-03-09,15.1424,4.3042,4.07,11.455
2018-03-10,15.1618,4.4908,4.3509,12.312
2018-03-11,15.1804,4.786,4.661,13.474
2018-03-12,15.1984,4.6675,4.6022,13.229
2018-03-13,15.2156,3.9837,3.9706,10.976
2018-03-14,15.2321,4.5214,4.4158,12.582
2018-03-15,15.2479,3.7367,3.3137,8.984
2018-03-16,15.2629,4.2116,3.8515,10.742
2018-03-17,15.2771,4.1464,4.0993,11.671
2018-03-18,15.2906,3.9395,3.8719,10.892
2018-03-19,15.3032,3.7337,3.5542,9.816
2018-03-20,15.3151,3.616,3.1784,8.503
2018-03-21,15.3262,4.0273,3.5562,9.745
2018-03-22,15.3365,3.7509,3.5758,9.735
2018-03-23,15.346,3.4159,3.1475,8.52
2018-03-24,15.3547,3.4881,3.3065,8.999
2018-03-25,15.3626,3.5557,3.4936,9.581
2018-03-26,15.3697,3.7657,3.8029,10.511
2018-03-27,15.376,3.9207,3.5907,9.876
2018-03-28,15.3815,3.7337,3.3136,8.954
2018-03-29,15.3862,3.1671,2.5764,6.738
2018-03-30,15.3901,3.5661,3.2246,8.702
2018-03-31,15.3932,3.4597,3.2076,8.711
2018-04-01,15.3955,3.2356,2.7801,7.419
2018-04-02,15.3971,3.4451,3.5986,9.961
2018-04-03,15.3978,3.2742,2.8403,7.558
2018-04-04,15.3979,3.1134,3.4257,9.337
2018-04-05,15.3971,3.5012,3.4211,9.419
2018-04-06,15.3957,2.5216,2.5507,6.72
2018-04-07,15.3935,3.1163,3.2832,8.934
2018-04-08,15.3905,3.6955,3.5718,9.838
2018-04-09,15.3869,3.5073,3.803,10.621
2018-04-10,15.3826,3.2612,2.7455,7.221
2018-04-11,15.3776,3.4596,3.4811,9.445
2018-04-12,15.372,3.2078,3.1434,8.406
2018-04-13,15.3656,3.7165,3.3653,9.223
2018-04-14,15.3587,3.2578,2.7186,7.155
2018-04-15,15.3511,3.6692,3.0245,8.114
2018-04-16,15.343,3.4468,2.8397,7.482
2018-04-17,15.3342,3.5473,3.2584,8.801
2018-04-18,15.3249,3.5288,3.4977,9.56
2018-04-19,15.3151,3.6064,3.2562,8.742
2018-04-20,15.3047,3.5257,3.1212,8.336
2018-04-21,15.2939,3.7922,3.7419,10.441
2018-04-22,15.2825,3.7542,3.1928,8.647
2018-04-23,15.2707,3.829,3.5914,9.877
2018-04-24,15.2585,3.6807,3.1315,8.34
2018-04-25,15.2458,3.7461,3.3491,9.139
2018-04-26,15.2328,3.2647,3.2553,8.803
2018-04-27,15.2193,2.7616,2.4388,6.318
2018-04-28,15.2055,3.2005,3.3391,9.027
2018-04-29,15.1914,3.0042,2.6218,6.884
2018-04-30,15.177,3.7845,3.4904,9.627
2018-05-01,15.1623,3.481,3.6426,10.109
2018-05-02,15.1474,3.4738,3.0826,8.277
2018-05-03,15.1322,3.9091,3.593,9.865
2018-05-04,15.1168,2.7777,2.4373,6.421
2018-05-05,15.1013,3.3373,3.476,9.5
2018-05-06,15.0855,3.4665,3.2561,8.843
2018-05-07,15.0697,2.8169,3.1243,8.415
2018-05-08,15.0537,2.4559,2.633,6.917
2018-05-09,15.0377,3.3182,3.344,9.19
2018-05-10,15.0215,3.0824,3.2112,8.657
2018-05-11,15.0054,3.0642,2.7668,7.329
2018-05-12,14.9892,3.4565,3.4821,9.523
2018-05-13,14.973,2.9821,2.885,7.651
2018-05-14,14.9569,3.1227,3.1794,8.625
2018-05-15,14.9408,2.9501,2.3974,6.235
2018-05-16,14.9248,3.8576,3.6614,10.159
2018-05-17,14.9089,3.5612,3.568,9.809
2018-05-18,14.8932,3.6378,3.5304,9.729
2018-05-19,14.8775,3.3694,3.3555,9.162
2018-05-20,14.8621,3.6384,3.3385,9.157
2018-05-21,14.8468,2.8547,2.6213,6.914
2018-05-22,14.8317,3.3656,3.5274,9.744
2018-05-23,14.8169,3.1682,2.7105,7.198
2018-05-24,14.8023,3.4585,3.2735,8.904
2018-05-25,14.788,3.5416,3.5126,9.675
2018-05-26,14.774,3.569,3.2045,8.649
2018-05-27,14.7602,2.8098,2.893,7.727
2018-05-28,14.7468,2.9291,2.6499,7.002
2018-05-29,14.7338,2.991,3.0776,8.284
2018-05-30,14.7211,3.514,3.4383,9.407
2018-05-31,14.7088,3.4708,3.4397,9.434
2018-06-01,14.6968,3.6497,3.0703,8.238
2018-06-02,14.6853,3.5907,3.583,10.012
2018-06-03,14.6742,3.386,3.3663,9.169
2018-06-04,14.6636,3.513,3.1438,8.478
2018-06-05,14.6533,3.5384,3.3275,9.179
2018-06-06,14.6436,3.5187,3.3101,9.018
2018-06-07,14.6343,4.0999,3.8184,10.684
2018-06-08,14.6255,3.4999,3.4447,9.413
2018-06-09,14.6172,3.7758,3.3187,9.002
2018-06-10,14.6094,3.4557,3.1005,8.371
2018-06-11,14.6021,2.7915,2.6807,7.034
2018-06-12,14.5954,3.4747,3.3657,9.286
2018-06-13,14.5891,3.5419,2.8499,7.605
2018-06-14,14.5834,3.1516,3.1973,8.668
2018-06-15,14.5783,2.9813,2.8915,7.773
2018-06-16,14.5737,3.2681,3.2331,8.829
2018-06-17,14.5696,3.7621,3.5379,9.826
2018-06-18,14.5661,3.4987,3.2757,9.004
2018-06-19,14.5632,3.7093,3.0719,8.377
2018-06-20,14.5608,3.5059,3.3089,9.22
2018-06-21,14.559,3.5934,3.2482,8.998
2018-06-22,14.5577,3.5863,3.2928,9.115
2018-06-23,14.557,3.5602,3.3422,9.243
2018-06-24,14.5569,3.1595,2.9377,7.93
2018-06-25,14.5573,3.3055,2.7321,7.299
2018-06-26,14.5583,3.7824,3.3383,9.249
2018-06-27,14.5599,3.3542,2.8066,7.527
2018-06-28,14.562,3.3423,2.8201,7.523
2018-06-29,14.5646,2.8716,2.9786,8.025
2018-06-30,14.5678,3.3432,2.9746,8.026
2018-07-01,14.5715,3.4715,3.5813,10.004
2018-07-02,14.5758,3.3477,3.3124,9.113
2018-07-03,14.5805,3.3104,2.9036,7.807
2018-07-04,14.5858,3.8483,3.5796,9.934
2018-07-05,14.5916,3.6701,3.3766,9.262
2018-07-06,14.5979,3.3995,3.2339,8.754
2018-07-07,14.6047,3.4002,3.2184,8.706
2018-07-08,14.6119,3.7888,3.5844,9.854
2018-07-09,14.6196,3.7672,3.6656,10.095
2018-07-10,14.6277,3.5673,3.0171,8.117
2018-07-11,14.6363,3.3102,3.242,8.854
2018-07-12,14.6453,3.6247,3.7145,10.297
2018-07-13,14.6547,3.9443,3.5544,9.87
2018-07-14,14.6645,3.9811,3.6849,10.231
2018-07-15,14.6747,3.7786,3.7148,10.31
2018-07-16,14.6852,4.0172,3.8157,10.734
2018-07-17,14.6961,3.5848,3.0798,8.26
2018-07-18,14.7073,4.1269,3.5308,9.676
2018-07-19,14.7188,3.4175,3.3969,9.3
2018-07-20,14.7306,3.8567,3.5049,9.58
2018-07-21,14.7426,3.4459,3.2847,8.893
2018-07-22,14.755,4.0881,3.9974,11.37
2018-07-23,14.7675,3.343,3.0797,8.253
2018-07-24,14.7803,2.669,3.1212,8.396
2018-07-25,14.7932,3.5311,3.1429,8.521
2018-07-26,14.8063,3.3427,3.2008,8.678
2018-07-27,14.8196,3.623,3.1492,8.547
2018-07-28,14.833,3.4741,3.2428,8.869
2018-07-29,14.8465,3.5827,2.9819,7.958
2018-07-30,14.8601,3.3672,3.0477,8.167
2018-07-31,14.8738,3.7437,3.2551,8.843
2018-08-01,14.8875,3.2277,3.0395,8.171
2018-08-02,14.9012,3.6152,3.1424,8.509
2018-08-03,14.9149,3.8518,3.3049,9.057
2018-08-04,14.9286,3.2643,3.299,9.017
2018-08-05,14.9422,3.5286,3.0011,8.117
2018-08-06,14.9558,4.3929,4.4433,12.854
2018-08-07,14.9693,4.2784,3.6953,10.294
2018-08-08,14.9826,4.1744,3.6725,10.298
2018-08-09,14.9958,3.884,3.3308,9.089
2018-08-10,15.0088,4.3258,4.2694,12.304
2018-08-11,15.0217,4.2716,4.2125,12.137
2018-08-12,15.0343,3.9665,3.5119,9.695
2018-08-13,15.0467,3.7691,3.7732,10.538
2018-08-14,15.0588,2.9447,2.6822,7.052
2018-08-15,15.0707,3.2853,3.4297,9.392
2018-08-16,15.0823,4.1571,4.1342,11.94
2018-08-17,15.0935,3.7985,3.5473,9.824
2018-08-18,15.1044,3.8748,3.517,9.727
2018-08-19,15.1149,3.7398,3.3641,9.235
2018-08-20,15.125,4.1128,3.7216,10.417
2018-08-21,15.1347,3.8254,3.4481,9.462
2018-08-22,15.144,4.0,4.0363,11.446
2018-08-23,15.1529,3.7029,3.504,9.738
2018-08-24,15.1612,3.8902,3.4723,9.559
2018-08-25,15.1691,4.1027,3.5489,9.789
2018-08-26,15.1765,3.9244,3.459,9.495
2018-08-27,15.1833,4.1225,3.621,10.007
2018-08-28,15.1897,3.7901,3.3697,9.223
2018-08-29,15.1954,3.541,3.1,8.355
2018-08-30,15.2006,3.9139,3.419,9.415
2018-08-31,15.2052,4.1701,3.7152,10.377
2018-09-01,15.2091,4.0731,3.6819,10.184
2018-09-02,15.2125,4.0,3.7247,10.38
2018-09-03,15.2152,3.7595,3.3654,9.208
2018-09-04,15.2173,3.5849,2.8193,7.505
2018-09-05,15.2187,3.5967,3.1762,8.59
2018-09-06,15.2195,2.9892,2.9648,7.927
2018-09-07,15.2196,2.7576,2.7431,7.218
2018-09-08,15.219,3.6503,3.2092,8.697
2018-09-09,15.2177,4.0536,3.3741,9.261
2018-09-10,15.2156,3.9041,3.6495,10.178
2018-09-11,15.2129,3.5157,2.7261,7.223
2018-09-12,15.2095,3.1103,2.5139,6.577
2018-09-13,15.2053,3.5026,3.6168,10.004
2018-09-14,15.2004,3.5263,3.3415,9.139
2018-09-15,15.1947,3.6807,3.5575,9.864
2018-09-16,15.1884,3.2805,3.3252,9.03
2018-09-17,15.1813,4.1219,3.6942,10.321
2018-09-18,15.1734,3.8843,3.6647,10.103
2018-09-19,15.1648,3.9854,3.9217,10.957
2018-09-20,15.1555,4.3871,4.0904,11.507
2018-09-21,15.1454,4.3097,3.9483,11.039
2018-09-22,15.1346,3.9532,3.1758,8.576
2018-09-23,15.1231,3.5489,3.5867,9.883
2018-09-24,15.1108,3.7098,3.4057,9.357
2018-09-25,15.0979,3.881,3.4552,9.53
2018-09-26,15.0842,3.4777,3.3108,8.998
2018-09-27,15.0698,3.421,3.5568,9.794
2018-09-28,15.0547,3.453,3.2769,8.957
2018-09-29,15.0389,3.8316,3.6704,10.161
2018-09-30,15.0224,4.0248,3.7721,10.517
2018-10-01,15.0053,3.3,3.3511,9.144
2018-10-02,14.9875,3.7402,3.6326,10.035
2018-10-03,14.9691,3.7761,3.5884,9.944
2018-10-04,14.9501,3.0918,2.9281,7.829
2018-10-05,14.9304,3.233,3.5488,9.731
2018-10-06,14.9101,2.3621,2.3063,6.014
2018-10-07,14.8892,3.2158,3.5142,9.646
2018-10-08,14.8678,3.5738,3.6792,10.09
2018-10-09,14.8458,3.2976,3.1191,8.368
2018-10-10,14.8233,3.3247,3.2837,8.893
2018-10-11,14.8003,3.0255,2.6794,7.086
2018-10-12,14.7768,2.4679,2.8597,7.611
2018-10-13,14.7528,3.2126,3.6432,10.144
2018-10-14,14.7284,3.3494,3.4047,9.269
2018-10-15,14.7035,3.3699,3.3732,9.196
2018-10-16,14.6782,3.5538,3.4353,9.399
2018-10-17,14.6526,3.4937,3.4768,9.53
2018-10-18,14.6265,3.3256,3.3882,9.311
2018-10-19,14.6002,2.9509,3.3622,9.21
2018-10-20,14.5735,3.3557,3.6305,10.105
2018-10-21,14.5465,2.4357,2.715,7.196
2018-10-22,14.5193,2.947,3.2105,8.753
2018-10-23,14.4918,2.9349,3.0093,8.116
2018-10-24,14.4641,3.3884,3.3322,9.148
2018-10-25,14.4363,3.3475,3.3832,9.26
2018-10-26,14.4082,3.1627,3.0248,8.122
2018-10-27,14.3801,3.6482,3.5655,9.858
2018-10-28,14.3518,3.5911,3.5417,9.853
2018-10-29,14.3234,3.6703,3.409,9.357
2018-10-30,14.295,3.2883,3.0203,8.075
2018-10-31,14.2666,3.6195,3.5864,9.954
2018-11-01,14.2382,3.6283,3.4974,9.642
2018-11-02,14.2098,2.8751,2.7109,7.219
2018-11-03,14.1815,3.0759,3.0555,8.279
2018-11-04,14.1533,3.4227,3.1737,8.656
2018-11-05,14.1251,2.987,2.7895,7.488
2018-11-06,14.0972,3.413,3.2928,9.059
2018-11-07,14.0694,3.2874,2.8547,7.672
2018-11-08,14.0418,3.2745,3.1406,8.555
2018-11-09,14.0144,2.7198,2.6512,7.041
2018-11-10,13.9873,2.9875,3.2177,8.747
2018-11-11,13.9605,3.0316,3.0804,8.322
2018-11-12,13.9339,3.3275,3.437,9.459
2018-11-13,13.9077,2.981,2.4868,6.508
2018-11-14,13.8819,3.2366,3.302,9.072
2018-11-15,13.8565,3.2074,3.1659,8.687
2018-11-16,13.8315,3.142,3.18,8.648
2018-11-17,13.8069,3.2445,3.2928,8.994
2018-11-18,13.7828,2.937,2.8703,7.685
2018-11-19,13.7591,3.1831,2.9776,8.016
2018-11-20,13.736,3.2974,3.1402,8.506
2018-11-21,13.7134,3.3252,3.1912,8.719
2018-11-22,13.6914,3.1843,3.2101,8.834
2018-11-23,13.67,3.0082,2.865,7.695
2018-11-24,13.6492,3.2705,3.3309,9.148
2018-11-25,13.629,3.1108,3.0925,8.379
2018-11-26,13.6094,3.2626,3.1876,8.706
2018-11-27,13.5906,2.9925,2.8653,7.761
2018-11-28,13.5724,2.7137,2.8467,7.705
2018-11-29,13.5549,3.0715,3.1015,8.512
2018-11-30,13.5381,2.7681,2.8355,7.59
2018-12-01,13.5221,2.6462,2.3087,6.042
2018-12-02,13.5068,3.3867,3.5975,10.347
2018-12-03,13.4924,3.4449,3.6482,10.536
2018-12-04,13.4787,3.1923,3.4285,9.699
2018-12-05,13.4658,3.3507,3.3884,9.649
2018-12-06,13.4537,3.4255,3.4578,9.778
2018-12-07,13.4425,3.0853,3.0476,8.34
2018-12-08,13.4321,3.1209,3.0434,8.3
2018-12-09,13.4226,3.0603,3.0963,8.513
2018-12-10,13.4139,3.4536,3.3402,9.325
2018-12-11,13.4061,3.4743,3.2799,9.114
2018-12-12,13.3992,3.327,3.121,8.561
2018-12-13,13.3932,3.3672,3.1979,8.807
2018-12-14,13.3881,3.2891,3.2007,8.799
2018-12-15,13.3839,3.3672,3.3876,9.456
2018-12-16,13.3807,3.7743,3.5798,10.129
2018-12-17,13.3783,3.5041,3.3302,9.214
2018-12-18,13.3768,3.1403,3.2671,9.039
2018-12-19,13.3763,3.1395,3.0801,8.364
2018-12-20,13.3767,3.5874,3.3252,9.31
2018-12-21,13.378,3.1663,3.06,8.342
2018-12-22,13.3803,3.5769,3.3055,9.222
2018-12-23,13.3835,3.5024,3.4759,9.814
2018-12-24,13.3876,3.4884,3.3319,9.292
2018-12-25,13.3926,3.4722,3.5639,10.027
2018-12-26,13.3985,3.6436,3.5981,10.139
2018-12-27,13.4054,3.812,3.5017,9.869
2018-12-28,13.4131,3.9592,3.8465,11.171
2018-12-29,13.4218,3.8499,3.5644,10.115
2018-12-30,13.4313,3.6268,3.5519,10.056
2018-12-31,13.4417,3.7134,3.8231,11.032
2019-01-01,13.453,4.0943,3.9951,11.687
2019-01-02,13.4652,4.1611,4.1632,12.239
2019-01-03,13.4782,3.9509,3.8755,11.18
2019-01-04,13.4921,3.8837,3.8687,11.174
2019-01-05,13.5068,3.9059,3.7647,10.813
2019-01-06,13.5223,3.3667,3.1362,8.561
2019-01-07,13.5386,3.2428,2.8695,7.768
2019-01-08,13.5557,3.2162,3.3118,9.238
2019-01-09,13.5736,2.6161,2.9038,7.921
2019-01-10,13.5922,2.9501,3.007,8.263
2019-01-11,13.6116,3.1298,2.9837,8.153
2019-01-12,13.6317,2.8597,3.1218,8.608
2019-01-13,13.6524,2.9133,2.9469,8.001
2019-01-14,13.6739,3.1168,2.7095,7.273
2019-01-15,13.696,3.4075,3.318,9.164
2019-01-16,13.7188,3.2278,2.7928,7.451
2019-01-17,13.7422,3.0039,3.0653,8.329
2019-01-18,13.7662,3.5662,3.4026,9.435
2019-01-19,13.7907,3.8522,3.3997,9.458
2019-01-20,13.8159,3.9622,3.7489,10.646
2019-01-21,13.8415,3.5843,3.5709,9.992
2019-01-22,13.8676,4.0459,3.8324,10.803
2019-01-23,13.8943,4.2198,3.955,11.334
2019-01-24,13.9213,4.0188,4.0089,11.417
2019-01-25,13.9488,3.3031,3.1942,8.74
2019-01-26,13.9767,3.8898,3.7138,10.452
2019-01-27,14.005,3.3369,3.1688,8.573
2019-01-28,14.0336,3.3513,2.8972,7.828
2019-01-29,14.0626,3.5123,3.3092,9.188
2019-01-30,14.0918,3.2076,3.3479,9.256
2019-01-31,14.1213,3.1417,2.9228,7.827
2019-02-01,14.1511,3.4737,3.4336,9.461
2019-02-02,14.181,3.3783,3.4301,9.423
2019-02-03,14.2111,3.4113,3.5002,9.647
2019-02-04,14.2414,3.4298,3.1738,8.573
2019-02-05,14.2718,3.5306,3.2043,8.68
2019-02-06,14.3023,3.3293,3.1772,8.595
2019-02-07,14.3328,3.3386,3.1277,8.516
2019-02-08,14.3634,3.4427,3.3185,9.065
2019-02-09,14.394,3.2585,2.9219,7.794
2019-02-10,14.4246,3.338,3.3493,9.121
2019-02-11,14.4551,3.6238,3.7352,10.367
2019-02-12,14.4856,3.5178,3.8365,10.69
2019-02-13,14.5159,3.6355,3.6322,9.948
2019-02-14,14.5461,3.2823,3.257,8.817
2019-02-15,14.5761,4.1085,4.1528,11.869
2019-02-16,14.606,3.2484,3.4237,9.335
2019-02-17,14.6356,3.7061,3.7079,10.293
2019-02-18,14.6649,3.6032,3.1997,8.702
2019-02-19,14.694,3.0909,2.9418,7.841
2019-02-20,14.7228,3.5351,3.0246,8.135
2019-02-21,14.7513,3.9663,3.564,9.792
2019-02-22,14.7794,4.0152,3.9798,11.226
2019-02-23,14.8071,3.3972,3.4973,9.616
2019-02-24,14.8344,3.7331,3.4967,9.567
2019-02-25,14.8613,3.9446,3.771,10.518
2019-02-26,14.8877,4.0154,3.7671,10.558
2019-02-27,14.9137,3.2569,3.2657,8.91
2019-02-28,14.9391,3.7818,3.3375,9.023
2019-03-01,14.9641,3.9529,3.8632,10.713
2019-03-02,14.9885,3.1581,3.1564,8.532
2019-03-03,15.0123,3.5195,3.8212,10.625
2019-03-04,15.0355,3.8237,3.8228,10.527
2019-03-05,15.0582,3.8177,3.8428,10.699
2019-03-06,15.0802,3.3643,3.3487,9.022
2019-03-07,15.1016,3.4189,3.3837,9.138
2019-03-08,15.1223,3.9596,3.7722,10.407
2019-03-09,15.1424,4.0579,3.7747,10.406
2019-03-10,15.1618,3.7863,3.2377,8.75
2019-03-11,15.1804,3.5876,3.0062,7.987
2019-03-12,15.1984,4.0317,3.7143,10.245
2019-03-13,15.2156,3.9864,4.0701,11.381
2019-03-14,15.2321,3.3321,3.0514,8.098
2019-03-15,15.2479,3.545,3.5002,9.524
2019-03-16,15.2629,3.6092,3.2294,8.643
2019-03-17,15.2771,3.8622,3.5483,9.652
2019-03-18,15.2906,3.6241,3.3652,9.046
2019-03-19,15.3032,2.8656,2.5555,6.648
2019-03-20,15.3151,3.1348,3.0931,8.264
2019-03-21,15.3262,3.7354,3.1427,8.468
2019-03-22,15.3365,3.4664,3.3935,9.157
2019-03-23,15.346,3.7773,3.1822,8.594
2019-03-24,15.3547,3.6782,3.2086,8.613
2019-03-25,15.3626,3.9439,3.6688,10.109
2019-03-26,15.3697,3.5462,2.9467,7.795
2019-03-27,15.376,3.3948,3.0499,8.076
2019-03-28,15.3815,3.5742,3.1709,8.457
2019-03-29,15.3862,2.5575,1.974,5.045
2019-03-30,15.3901,3.4723,3.0128,8.017
2019-03-31,15.3932,3.604,3.3285,8.912
2019-04-01,15.3955,3.1968,3.1239,8.34
2019-04-02,15.3971,2.8373,2.7527,7.239
2019-04-03,15.3978,3.412,3.4201,9.307
2019-04-04,15.3979,3.399,3.6949,10.155
2019-04-05,15.3971,3.8073,3.6367,9.929
2019-04-06,15.3957,3.6338,3.8,10.435
2019-04-07,15.3935,3.5393,3.3739,9.07
2019-04-08,15.3905,3.4407,3.1754,8.382
2019-04-09,15.3869,3.5421,3.0093,7.985
2019-04-10,15.3826,3.5089,3.4283,9.303
2019-04-11,15.3776,3.6091,3.2382,8.73
2019-04-12,15.372,3.8931,3.6913,10.129
2019-04-13,15.3656,3.9397,3.6547,9.948
2019-04-14,15.3587,4.1089,3.9663,11.067
2019-04-15,15.3511,3.305,3.373,9.157
2019-04-16,15.343,3.6379,3.4083,9.263
2019-04-17,15.3342,3.6071,3.3276,8.976
2019-04-18,15.3249,3.4471,3.2921,8.914
2019-04-19,15.3151,3.2241,3.0261,8.107
2019-04-20,15.3047,3.4188,3.2182,8.646
2019-04-21,15.2939,3.0863,3.2561,8.742
2019-04-22,15.2825,2.4936,2.4971,6.505
2019-04-23,15.2707,3.5938,4.0427,11.394
2019-04-24,15.2585,3.2917,3.2914,8.867
2019-04-25,15.2458,3.2386,2.8458,7.483
2019-04-26,15.2328,3.1391,3.2035,8.576
2019-04-27,15.2193,3.9909,3.7598,10.349
2019-04-28,15.2055,3.462,3.5785,9.741
2019-04-29,15.1914,4.2675,4.1957,11.81
2019-04-30,15.177,4.2406,4.0844,11.413
2019-05-01,15.1623,4.4272,4.2864,12.109
2019-05-02,15.1474,4.2653,3.9667,11.017
2019-05-03,15.1322,3.9706,4.0869,11.424
2019-05-04,15.1168,3.4353,3.0055,7.99
2019-05-05,15.1013,3.9334,3.6396,9.973
2019-05-06,15.0855,3.8245,3.4187,9.236
2019-05-07,15.0697,4.1006,3.7706,10.403
2019-05-08,15.0537,3.203,2.5915,6.757
2019-05-09,15.0377,3.2864,3.0026,8.041
2019-05-10,15.0215,3.0503,3.1686,8.465
2019-05-11,15.0054,3.1928,3.0684,8.19
2019-05-12,14.9892,3.5871,3.5109,9.628
2019-05-13,14.973,3.0869,3.0207,8.041
2019-05-14,14.9569,3.0414,3.1337,8.387
2019-05-15,14.9408,3.3728,3.3171,8.975
2019-05-16,14.9248,3.5252,3.7079,10.239
2019-05-17,14.9089,3.4133,3.4162,9.322
2019-05-18,14.8932,3.3529,3.5918,9.894
2019-05-19,14.8775,2.7813,2.9924,8.011
2019-05-20,14.8621,3.2535,3.1289,8.413
2019-05-21,14.8468,3.2473,3.1513,8.493
2019-05-22,14.8317,3.5866,3.4498,9.445
2019-05-23,14.8169,3.1311,3.099,8.357
2019-05-24,14.8023,3.2558,3.5133,9.599
2019-05-25,14.788,2.8718,2.7306,7.25
2019-05-26,14.774,3.3589,3.4878,9.589
2019-05-27,14.7602,3.3242,2.9538,7.936
2019-05-28,14.7468,3.1831,3.2847,8.954
2019-05-29,14.7338,3.378,3.3711,9.261
2019-05-30,14.7211,3.2834,3.1894,8.71
2019-05-31,14.7088,2.9549,3.0186,8.058
2019-06-01,14.6968,2.7999,3.106,8.355
2019-06-02,14.6853,3.2266,3.4529,9.446
2019-06-03,14.6742,3.7035,3.7095,10.3
2019-06-04,14.6636,3.7716,3.6813,10.216
2019-06-05,14.6533,3.3998,3.5386,9.721
2019-06-06,14.6436,3.144,3.2197,8.821
2019-06-07,14.6343,2.7355,2.6994,7.141
2019-06-08,14.6255,3.3064,3.6446,10.155
2019-06-09,14.6172,3.4513,3.4043,9.29
2019-06-10,14.6094,3.4604,3.3448,9.188
2019-06-11,14.6021,3.5175,3.5327,9.758
2019-06-12,14.5954,3.0278,3.3327,9.032
2019-06-13,14.5891,3.5044,3.4819,9.528
2019-06-14,14.5834,3.3533,3.2612,8.846
2019-06-15,14.5783,3.4057,3.4936,9.662
2019-06-16,14.5737,3.6416,3.0609,8.245
2019-06-17,14.5696,3.7949,3.3757,9.204
2019-06-18,14.5661,3.792,3.6716,10.119
2019-06-19,14.5632,3.4894,3.1993,8.669
2019-06-20,14.5608,3.1749,3.3785,9.215
2019-06-21,14.559,3.7183,3.8686,10.82
2019-06-22,14.5577,3.7359,3.5911,9.857
2019-06-23,14.557,3.7218,3.4731,9.531
2019-06-24,14.5569,2.9122,3.0393,8.164
2019-06-25,14.5573,3.3553,3.2287,8.815
2019-06-26,14.5583,4.2066,3.6765,10.134
2019-06-27,14.5599,4.3046,4.1457,11.817
2019-06-28,14.562,4.0002,3.7708,10.493
2019-06-29,14.5646,3.6652,3.3371,9.207
2019-06-30,14.5678,3.6661,3.3622,9.209
2019-07-01,14.5715,3.5302,3.1112,8.335
2019-07-02,14.5758,3.0105,2.8032,7.479
2019-07-03,14.5805,3.3867,3.3327,9.032
2019-07-04,14.5858,3.6608,3.4169,9.323
2019-07-05,14.5916,3.7386,3.6276,10.042
2019-07-06,14.5979,4.1159,4.0193,11.382
2019-07-07,14.6047,4.126,4.0839,11.549
2019-07-08,14.6119,3.7588,3.5802,9.962
2019-07-09,14.6196,2.8809,2.7848,7.444
2019-07-10,14.6277,3.3509,2.9612,7.976
2019-07-11,14.6363,3.3401,2.9677,7.913
2019-07-12,14.6453,3.5477,3.41,9.357
2019-07-13,14.6547,3.2388,2.749,7.296
2019-07-14,14.6645,3.6822,3.5906,9.937
2019-07-15,14.6747,3.5295,3.378,9.253
2019-07-16,14.6852,3.2929,2.8771,7.692
2019-07-17,14.6961,3.9663,3.8207,10.749
2019-07-18,14.7073,4.0348,3.5233,9.656
2019-07-19,14.7188,3.6881,3.6778,10.265
2019-07-20,14.7306,4.0205,3.7322,10.416
2019-07-21,14.7426,3.925,3.8063,10.597
2019-07-22,14.755,3.3652,3.1378,8.448
2019-07-23,14.7675,3.6099,2.8981,7.711
2019-07-24,14.7803,3.0241,2.9744,7.908
2019-07-25,14.7932,3.7782,3.731,10.4
2019-07-26,14.8063,3.7102,3.4997,9.614
2019-07-27,14.8196,3.8159,3.7135,10.353
2019-07-28,14.833,3.9832,3.4254,9.357
2019-07-29,14.8465,3.8863,3.5601,9.821
2019-07-30,14.8601,3.9766,3.6698,10.127
2019-07-31,14.8738,3.7981,3.4807,9.6
2019-08-01,14.8875,3.5757,2.8933,7.757
2019-08-02,14.9012,3.5629,3.0784,8.255
2019-08-03,14.9149,3.3269,3.1396,8.531
2019-08-04,14.9286,3.7634,3.5784,9.991
2019-08-05,14.9422,4.0307,3.5888,9.904
2019-08-06,14.9558,3.837,3.7043,10.344
2019-08-07,14.9693,3.9148,3.6921,10.401
2019-08-08,14.9826,3.8428,3.227,8.806
2019-08-09,14.9958,4.2075,3.857,10.891
2019-08-10,15.0088,4.0818,3.5545,9.863
2019-08-11,15.0217,3.8135,3.661,10.078
2019-08-12,15.0343,3.5401,3.8726,10.84
2019-08-13,15.0467,3.7873,3.5795,9.842
2019-08-14,15.0588,3.3297,2.9888,7.971
2019-08-15,15.0707,3.7036,2.9307,7.83
2019-08-16,15.0823,3.0625,2.1918,5.676
2019-08-17,15.0935,2.8691,2.8348,7.539
2019-08-18,15.1044,3.8712,3.587,9.957
2019-08-19,15.1149,4.1575,3.6079,10.07
2019-08-20,15.125,3.6693,3.4375,9.488
2019-08-21,15.1347,4.0368,3.7552,10.461
2019-08-22,15.144,3.9479,3.5653,9.957
2019-08-23,15.1529,3.7877,3.2138,8.763
2019-08-24,15.1612,3.8194,3.7147,10.405
2019-08-25,15.1691,3.864,3.8921,10.948
2019-08-26,15.1765,4.0957,3.9948,11.234
2019-08-27,15.1833,4.0843,3.7382,10.366
2019-08-28,15.1897,3.9309,3.3066,8.976
2019-08-29,15.1954,4.4116,4.2288,12.129
2019-08-30,15.2006,4.301,4.1236,11.805
2019-08-31,15.2052,3.9149,3.709,10.298
2019-09-01,15.2091,3.9183,3.3401,9.061
2019-09-02,15.2125,3.6423,3.3602,9.149
2019-09-03,15.2152,4.5287,4.1053,11.733
2019-09-04,15.2173,3.9208,3.4265,9.303
2019-09-05,15.2187,3.9134,3.5951,9.924
2019-09-06,15.2195,4.0817,3.6605,10.094
2019-09-07,15.2196,4.4356,4.1019,11.602
2019-09-08,15.219,4.5342,4.1366,11.833
2019-09-09,15.2177,4.294,3.8384,10.746
2019-09-10,15.2156,4.2057,4.0111,11.325
2019-09-11,15.2129,4.2853,3.5527,9.697
2019-09-12,15.2095,3.9764,3.7725,10.461
2019-09-13,15.2053,4.1897,3.8889,10.904
2019-09-14,15.2004,3.9793,3.5295,9.635
2019-09-15,15.1947,4.1677,3.9793,11.242
2019-09-16,15.1884,3.9324,3.3754,9.23
2019-09-17,15.1813,3.6493,3.2539,8.79
2019-09-18,15.1734,2.4979,2.8243,7.491
2019-09-19,15.1648,2.6262,2.8684,7.625
2019-09-20,15.1555,3.2495,2.9824,7.966
2019-09-21,15.1454,3.0528,2.8154,7.449
2019-09-22,15.1346,3.6391,3.7214,10.39
2019-09-23,15.1231,3.0894,2.8953,7.745
2019-09-24,15.1108,3.525,2.9841,7.977
2019-09-25,15.0979,3.6443,3.282,8.921
2019-09-26,15.0842,3.5928,3.4119,9.335
2019-09-27,15.0698,4.0175,3.9428,11.218
2019-09-28,15.0547,3.9055,3.9187,11.001
2019-09-29,15.0389,3.5572,3.6497,10.174
2019-09-30,15.0224,3.5151,3.5885,9.901
2019-10-01,15.0053,3.6874,3.5732,9.916
2019-10-02,14.9875,3.6906,3.7064,10.328
2019-10-03,14.9691,3.4847,2.774,7.396
2019-10-04,14.9501,3.6069,3.6025,10.086
2019-10-05,14.9304,3.9,3.3489,9.166
2019-10-06,14.9101,3.7009,3.6976,10.327
2019-10-07,14.8892,3.5837,3.4192,9.413
2019-10-08,14.8678,3.6115,3.2388,8.8
2019-10-09,14.8458,3.5628,3.5724,9.904
2019-10-10,14.8233,3.1256,2.6027,6.901
2019-10-11,14.8003,3.247,3.2726,8.878
2019-10-12,14.7768,3.0457,2.9708,7.944
2019-10-13,14.7528,3.0395,2.9939,8.001
2019-10-14,14.7284,3.1925,2.9285,7.83
2019-10-15,14.7035,3.4551,3.2521,8.943
2019-10-16,14.6782,3.5767,3.0562,8.256
2019-10-17,14.6526,3.482,3.4815,9.68
2019-10-18,14.6265,2.9687,3.0906,8.372
2019-10-19,14.6002,2.871,2.9775,8.011
2019-10-20,14.5735,3.381,3.31,9.135
2019-10-21,14.5465,3.0131,2.9358,7.871
2019-10-22,14.5193,3.2047,3.0216,8.202
2019-10-23,14.4918,3.3068,3.0199,8.195
2019-10-24,14.4641,3.164,2.9454,7.912
2019-10-25,14.4363,3.1565,3.4694,9.584
2019-10-26,14.4082,3.4003,3.3058,9.047
2019-10-27,14.3801,3.4259,3.1522,8.619
2019-10-28,14.3518,3.6529,3.4692,9.604
2019-10-29,14.3234,3.5703,3.4316,9.45
2019-10-30,14.295,3.154,3.2123,8.776
2019-10-31,14.2666,3.4572,3.1932,8.714
2019-11-01,14.2382,3.4471,3.5037,9.773
2019-11-02,14.2098,3.0337,2.924,7.893
2019-11-03,14.1815,3.4174,3.3542,9.197
2019-11-04,14.1533,3.3572,3.4322,9.5
2019-11-05,14.1251,3.4902,2.9197,7.785
2019-11-06,14.0972,3.7577,3.4911,9.668
2019-11-07,14.0694,3.6789,3.5082,9.725
2019-11-08,14.0418,3.5864,3.6215,9.98
2019-11-09,14.0144,2.6984,2.3049,5.969
2019-11-10,13.9873,3.0909,3.097,8.383
2019-11-11,13.9605,3.1261,2.6486,7.046
2019-11-12,13.9339,2.6772,2.7632,7.35
2019-11-13,13.9077,2.7817,2.344,6.114
2019-11-14,13.8819,2.793,2.8521,7.676
2019-11-15,13.8565,2.388,1.9958,5.175
2019-11-16,13.8315,2.9205,3.03,8.189
2019-11-17,13.8069,3.5258,3.7138,10.608
2019-11-18,13.7828,3.3238,3.3658,9.316
2019-11-19,13.7591,2.9362,2.9633,8.026
2019-11-20,13.736,2.8201,2.9575,7.986
2019-11-21,13.7134,2.7084,2.3656,6.229
2019-11-22,13.6914,2.8849,2.9371,7.991
2019-11-23,13.67,3.0583,2.9186,7.943
2019-11-24,13.6492,3.184,3.061,8.393
2019-11-25,13.629,3.0966,2.9659,7.983
2019-11-26,13.6094,3.5403,3.1587,8.596
2019-11-27,13.5906,3.7732,3.4357,9.542
2019-11-28,13.5724,3.4453,2.956,7.936
2019-11-29,13.5549,2.9382,3.1201,8.553
2019-11-30,13.5381,3.2456,2.9646,8.014
2019-12-01,13.5221,3.2352,3.0019,8.099
2019-12-02,13.5068,3.3942,3.2432,8.949
2019-12-03,13.4924,3.2214,3.136,8.616
2019-12-04,13.4787,3.401,3.4363,9.638
2019-12-05,13.4658,3.5876,3.4237,9.598
2019-12-06,13.4537,3.4214,3.4473,9.644
2019-12-07,13.4425,3.1671,3.1975,8.886
2019-12-08,13.4321,2.8963,2.8477,7.747
2019-12-09,13.4226,3.3149,3.2424,8.958
2019-12-10,13.4139,3.1663,3.2419,8.976
2019-12-11,13.4061,3.2043,3.1864,8.812
2019-12-12,13.3992,2.8284,2.8386,7.68
2019-12-13,13.3932,3.2795,3.3347,9.317
2019-12-14,13.3881,3.0463,2.8155,7.616
2019-12-15,13.3839,2.6851,2.4763,6.518
2019-12-16,13.3807,3.312,3.1937,8.832
2019-12-17,13.3783,3.4071,3.3265,9.242
2019-12-18,13.3768,3.0541,2.8822,7.756
2019-12-19,13.3763,3.2587,3.3647,9.319
2019-12-20,13.3767,3.4977,3.3116,9.172
2019-12-21,13.378,3.0288,2.8958,7.835
2019-12-22,13.3803,3.4237,3.3382,9.238
2019-12-23,13.3835,3.6829,3.4401,9.62
2019-12-24,13.3876,3.7051,3.4979,9.819
2019-12-25,13.3926,3.4759,3.1588,8.618
2019-12-26,13.3985,3.4065,3.0102,8.167
2019-12-27,13.4054,3.1147,2.6874,7.192
2019-12-28,13.4131,3.2069,3.327,9.258
2019-12-29,13.4218,3.2946,3.2767,9.07
2019-12-30,13.4313,2.9314,2.6922,7.174
2019-12-31,13.4417,2.463,2.4433,6.473
2020-01-01,13.453,2.9637,3.0902,8.463
2020-01-02,13.4652,3.3128,3.3514,9.304
2020-01-03,13.4782,3.6079,3.6587,10.509
2020-01-04,13.4921,3.6554,3.7063,10.66
2020-01-05,13.5068,3.4338,3.4114,9.736
2020-01-06,13.5223,3.5658,3.5806,10.345
2020-01-07,13.5386,3.6149,3.6374,10.407
2020-01-08,13.5557,3.4521,3.2968,9.126
2020-01-09,13.5736,3.5627,3.5998,10.237
2020-01-10,13.5922,3.8227,4.006,11.61
2020-01-11,13.6116,3.932,3.8107,11.116
2020-01-12,13.6317,3.6868,3.7373,10.752
2020-01-13,13.6524,3.7236,3.7455,10.65
2020-01-14,13.6739,3.4946,3.5403,9.839
2020-01-15,13.696,3.735,3.7957,10.755
2020-01-16,13.7188,4.0357,3.7076,10.487
2020-01-17,13.7422,4.0583,3.8829,11.006
2020-01-18,13.7662,3.9982,3.7454,10.545
2020-01-19,13.7907,3.922,3.7488,10.532
2020-01-20,13.8159,3.1286,2.8539,7.57
2020-01-21,13.8415,3.3961,3.2111,8.826
2020-01-22,13.8676,3.0488,3.0198,8.215
2020-01-23,13.8943,3.4116,3.3404,9.272
2020-01-24,13.9213,3.4883,3.1148,8.501
2020-01-25,13.9488,3.1247,3.3026,9.031
2020-01-26,13.9767,2.5521,2.6622,7.031
2020-01-27,14.005,3.0652,3.2376,8.879
2020-01-28,14.0336,3.2008,3.3807,9.294
2020-01-29,14.0626,3.4714,3.4844,9.727
2020-01-30,14.0918,3.5455,3.4004,9.427
2020-01-31,14.1213,3.5872,3.3645,9.222
2020-02-01,14.1511,3.7381,3.4321,9.47
2020-02-02,14.181,3.6664,3.4557,9.522
2020-02-03,14.2111,3.9522,3.8894,10.957
2020-02-04,14.2414,3.7414,3.7298,10.382
2020-02-05,14.2718,4.041,4.0517,11.604
2020-02-06,14.3023,4.267,4.2858,12.553
2020-02-07,14.3328,4.1488,4.0476,11.759
2020-02-08,14.3634,3.6838,3.5639,9.912
2020-02-09,14.394,3.6805,3.6695,10.275
2020-02-10,14.4246,4.1329,4.0542,11.576
2020-02-11,14.4551,4.2426,4.1796,11.859
2020-02-12,14.4856,3.8432,3.8382,10.723
2020-02-13,14.5159,3.7818,3.5651,9.822
2020-02-14,14.5461,3.403,3.1998,8.659
2020-02-15,14.5761,3.7094,3.5733,9.866
2020-02-16,14.606,3.9275,3.8469,10.779
2020-02-17,14.6356,4.2313,3.9959,11.178
2020-02-18,14.6649,4.6398,4.6673,13.682
2020-02-19,14.694,4.2827,4.303,12.287
2020-02-20,14.7228,3.5041,3.3645,9.091
2020-02-21,14.7513,3.1394,3.3509,9.067
2020-02-22,14.7794,3.0145,3.1127,8.317
2020-02-23,14.8071,2.7026,2.4018,6.257
2020-02-24,14.8344,3.2613,2.9804,7.969
2020-02-25,14.8613,3.4643,3.3451,9.028
2020-02-26,14.8877,3.0699,2.6193,6.88
2020-02-27,14.9137,2.7423,2.431,6.344
2020-02-28,14.9391,2.6955,2.9055,7.751
2020-02-29,14.9641,3.2031,3.0618,8.195
2020-03-01,14.9885,3.6283,3.2678,8.841
2020-03-02,15.0123,3.67,3.4393,9.351
2020-03-03,15.0355,3.6424,3.6022,9.958
2020-03-04,15.0582,3.8901,3.6858,10.08
2020-03-05,15.0802,4.4935,4.193,11.845
2020-03-06,15.1016,4.0681,3.8336,10.593
2020-03-07,15.1223,3.9838,3.7386,10.357
2020-03-08,15.1424,3.5382,3.1906,8.544
2020-03-09,15.1618,3.4296,3.0773,8.24
2020-03-10,15.1804,3.5145,3.2686,8.815
2020-03-11,15.1984,3.5268,3.0903,8.25
2020-03-12,15.2156,3.7197,3.5109,9.568
2020-03-13,15.2321,3.2436,2.5901,6.746
2020-03-14,15.2479,2.7695,2.7869,7.336
2020-03-15,15.2629,3.2628,3.2274,8.693
2020-03-16,15.2771,3.6612,3.6498,10.023
2020-03-17,15.2906,3.9569,3.9285,11.06
2020-03-18,15.3032,3.6348,3.7614,10.444
2020-03-19,15.3151,3.3263,3.569,9.871
2020-03-20,15.3262,3.3806,2.9826,7.966
2020-03-21,15.3365,3.2503,3.4051,9.357
2020-03-22,15.346,3.9631,4.017,11.458
2020-03-23,15.3547,3.4571,3.5877,9.902
2020-03-24,15.3626,3.4864,3.418,9.31
2020-03-25,15.3697,3.635,3.4221,9.301
2020-03-26,15.376,3.778,3.7525,10.333
2020-03-27,15.3815,3.6786,3.6041,9.895
2020-03-28,15.3862,3.5706,3.6804,10.157
2020-03-29,15.3901,4.2935,3.8481,10.603
2020-03-30,15.3932,3.7565,3.4171,9.228
2020-03-31,15.3955,3.3766,3.1674,8.468
2020-04-01,15.3971,3.4649,3.3573,9.094
2020-04-02,15.3978,3.3619,3.2161,8.613
2020-04-03,15.3979,3.812,3.5276,9.541
2020-04-04,15.3971,3.6738,3.1933,8.524
2020-04-05,15.3957,3.9922,3.5439,9.627
2020-04-06,15.3935,3.954,3.5014,9.461
2020-04-07,15.3905,3.5878,3.7223,10.203
2020-04-08,15.3869,3.8825,3.9172,10.781
2020-04-09,15.3826,3.8456,3.6381,9.954
2020-04-10,15.3776,3.8429,3.7023,10.125
2020-04-11,15.372,3.4768,3.5062,9.529
2020-04-12,15.3656,3.7005,3.6499,9.944
2020-04-13,15.3587,3.9894,3.9107,10.832
2020-04-14,15.3511,3.5843,3.5815,9.768
2020-04-15,15.343,3.188,3.0598,8.175
2020-04-16,15.3342,3.1626,3.3562,9.167
2020-04-17,15.3249,3.4469,3.0306,8.133
2020-04-18,15.3151,3.6512,2.8961,7.69
2020-04-19,15.3047,3.385,3.2526,8.778
2020-04-20,15.2939,3.7159,3.8045,10.627
2020-04-21,15.2825,3.3018,2.5592,6.701
2020-04-22,15.2707,3.703,3.4314,9.398
2020-04-23,15.2585,3.6027,3.3986,9.197
2020-04-24,15.2458,3.4856,3.5667,9.743
2020-04-25,15.2328,3.8838,3.9862,11.193
2020-04-26,15.2193,4.2503,4.142,11.578
2020-04-27,15.2055,4.2433,4.167,11.725
2020-04-28,15.1914,4.0949,3.8989,10.855
2020-04-29,15.177,3.2498,3.4508,9.408
2020-04-30,15.1623,3.4183,3.6789,10.13
2020-05-01,15.1474,3.2009,2.9026,7.717
2020-05-02,15.1322,3.7326,3.7921,10.544
2020-05-03,15.1168,3.2384,3.4103,9.235
2020-05-04,15.1013,3.9242,3.7643,10.398
2020-05-05,15.0855,3.7767,3.8889,10.799
2020-05-06,15.0697,4.0567,3.5238,9.62
2020-05-07,15.0537,3.5635,3.7549,10.325
2020-05-08,15.0377,3.9432,3.5902,9.815
2020-05-09,15.0215,3.8534,3.3699,9.062
2020-05-10,15.0054,3.9904,3.9696,10.958
2020-05-11,14.9892,4.063,3.6866,10.069
2020-05-12,14.973,3.626,3.5185,9.647
2020-05-13,14.9569,3.2885,3.1696,8.569
2020-05-14,14.9408,3.3872,3.6548,10.119
2020-05-15,14.9248,3.5635,3.7577,10.376
2020-05-16,14.9089,4.0601,4.0072,11.18
2020-05-17,14.8932,3.9227,3.7073,10.19
2020-05-18,14.8775,3.657,3.5623,9.699
2020-05-19,14.8621,3.281,2.7164,7.09
2020-05-20,14.8468,3.8194,3.9207,10.917
2020-05-21,14.8317,3.9222,3.8512,10.624
2020-05-22,14.8169,3.9774,3.7096,10.26
2020-05-23,14.8023,3.6052,3.7616,10.327
2020-05-24,14.788,4.0818,4.0786,11.434
2020-05-25,14.774,3.501,3.3065,8.86
2020-05-26,14.7602,3.5836,3.6052,9.917
2020-05-27,14.7468,3.1684,3.2408,8.702
2020-05-28,14.7338,2.0976,2.3428,6.109
2020-05-29,14.7211,2.7514,2.978,7.923
2020-05-30,14.7088,2.3484,2.5122,6.6
2020-05-31,14.6968,2.7786,3.0268,8.1
2020-06-01,14.6853,2.8724,3.1243,8.415
2020-06-02,14.6742,3.1311,3.1659,8.586
2020-06-03,14.6636,3.2979,2.881,7.744
2020-06-04,14.6533,3.2624,3.4534,9.497
2020-06-05,14.6436,3.3752,3.2783,8.814
2020-06-06,14.6343,3.4091,2.9269,7.838
2020-06-07,14.6255,3.5821,3.6017,10.097
2020-06-08,14.6172,3.4453,3.4934,9.774
2020-06-09,14.6094,3.5098,3.608,10.073
2020-06-10,14.6021,2.9667,3.0244,8.216
2020-06-11,14.5954,3.1927,3.423,9.42
2020-06-12,14.5891,3.3146,3.0037,8.111
2020-06-13,14.5834,3.6139,3.2292,8.809
2020-06-14,14.5783,3.5684,3.6487,10.134
2020-06-15,14.5737,3.5984,3.2537,8.899
2020-06-16,14.5696,3.6278,3.5543,9.933
2020-06-17,14.5661,2.8784,2.9724,7.998
2020-06-18,14.5632,3.397,3.0669,8.319
2020-06-19,14.5608,3.219,3.5553,9.826
2020-06-20,14.559,3.5663,3.2201,8.765
2020-06-21,14.5577,3.6105,3.509,9.637
2020-06-22,14.557,3.0316,3.1808,8.587
2020-06-23,14.5569,3.5811,3.3471,9.171
2020-06-24,14.5573,3.9501,3.7901,10.643
2020-06-25,14.5583,3.7461,3.4934,9.648
2020-06-26,14.5599,3.4192,3.1716,8.558
2020-06-27,14.562,3.7004,3.3677,9.216
2020-06-28,14.5646,3.1301,2.6051,6.882
2020-06-29,14.5678,2.8584,3.2824,8.917
2020-06-30,14.5715,3.822,3.6284,10.102
2020-07-01,14.5758,3.1966,2.9993,8.026
2020-07-02,14.5805,2.9533,3.0167,8.115
2020-07-03,14.5858,3.2277,3.5382,9.798
2020-07-04,14.5916,3.1454,3.0858,8.316
2020-07-05,14.5979,3.0892,2.9871,7.999
2020-07-06,14.6047,3.4186,3.1617,8.613
2020-07-07,14.6119,3.1308,3.3311,9.063
2020-07-08,14.6196,3.6734,3.4537,9.504
2020-07-09,14.6277,3.7421,3.4747,9.643
2020-07-10,14.6363,3.3096,3.4098,9.335
2020-07-11,14.6453,3.1943,3.1104,8.475
2020-07-12,14.6547,2.9715,2.7634,7.329
2020-07-13,14.6645,3.692,3.5575,9.869
2020-07-14,14.6747,3.9481,4.02,11.317
2020-07-15,14.6852,3.125,3.3499,9.16
2020-07-16,14.6961,3.3465,3.1933,8.667
2020-07-17,14.7073,3.9556,3.7554,10.606
2020-07-18,14.7188,3.7577,3.7531,10.488
2020-07-19,14.7306,3.7732,3.4342,9.4
2020-07-20,14.7426,3.4903,3.1859,8.59
2020-07-21,14.755,3.2897,3.3606,9.194
2020-07-22,14.7675,2.8498,2.9555,7.91
2020-07-23,14.7803,3.349,3.1779,8.612
2020-07-24,14.7932,2.8502,2.9195,7.769
2020-07-25,14.8063,3.278,2.9392,7.898
2020-07-26,14.8196,3.6964,3.6473,10.203
2020-07-27,14.833,3.6459,3.5342,9.806
2020-07-28,14.8465,3.4904,3.6421,10.025
2020-07-29,14.8601,3.5327,3.6789,10.103
2020-07-30,14.8738,3.5855,3.3621,9.194
2020-07-31,14.8875,3.717,3.7295,10.323
2020-08-01,14.9012,3.7163,3.5573,9.683
2020-08-02,14.9149,3.9655,3.9624,11.251
2020-08-03,14.9286,3.7491,3.5638,9.774
2020-08-04,14.9422,3.4433,3.383,9.269
2020-08-05,14.9558,3.7745,3.5765,9.888
2020-08-06,14.9693,3.5416,3.4143,9.349
2020-08-07,14.9826,3.6392,3.2238,8.713
2020-08-08,14.9958,3.7752,3.3839,9.213
2020-08-09,15.0088,3.6356,3.4526,9.467
2020-08-10,15.0217,3.611,3.6171,9.999
2020-08-11,15.0343,3.5115,3.6064,9.895
2020-08-12,15.0467,3.5913,3.7613,10.466
2020-08-13,15.0588,3.9605,3.8289,10.632
2020-08-14,15.0707,3.6966,3.512,9.591
2020-08-15,15.0823,3.1972,3.377,9.164
2020-08-16,15.0935,3.4952,3.4411,9.418
2020-08-17,15.1044,2.9979,2.6929,7.124
2020-08-18,15.1149,3.3899,3.1038,8.372
2020-08-19,15.125,3.2513,3.349,9.128
2020-08-20,15.1347,3.5801,3.2191,8.722
2020-08-21,15.144,3.6108,3.3219,8.963
2020-08-22,15.1529,3.1814,3.2997,8.981
2020-08-23,15.1612,3.3138,2.7637,7.327
2020-08-24,15.1691,3.8731,3.4488,9.466
2020-08-25,15.1765,3.5998,3.3733,9.167
2020-08-26,15.1833,3.5456,3.7376,10.387
2020-08-27,15.1897,3.8074,3.807,10.613
2020-08-28,15.1954,3.9159,3.7826,10.476
2020-08-29,15.2006,3.5978,3.8894,10.844
2020-08-30,15.2052,3.2688,3.286,8.983
2020-08-31,15.2091,3.5954,3.4306,9.498
2020-09-01,15.2125,3.8088,3.7148,10.292
2020-09-02,15.2152,2.1934,2.4006,6.237
2020-09-03,15.2173,3.5101,3.3436,9.066
2020-09-04,15.2187,3.8333,3.8814,10.951
2020-09-05,15.2195,4.1983,3.9306,11.06
2020-09-06,15.2196,3.6885,3.4643,9.46
2020-09-07,15.219,3.2468,3.2418,8.756
2020-09-08,15.2177,2.5257,2.9858,8.005
2020-09-09,15.2156,3.7421,3.1127,8.526
2020-09-10,15.2129,3.9809,3.8214,10.8
2020-09-11,15.2095,3.7511,3.518,9.673
2020-09-12,15.2053,3.8417,3.4817,9.623
2020-09-13,15.2004,3.7869,3.7253,10.398
2020-09-14,15.1947,4.2212,4.029,11.515
2020-09-15,15.1884,3.8387,3.5874,9.951
2020-09-16,15.1813,3.3504,3.3872,9.319
2020-09-17,15.1734,3.4709,3.3723,9.271
2020-09-18,15.1648,3.4889,3.5694,9.836
2020-09-19,15.1555,3.1405,3.1268,8.405
2020-09-20,15.1454,3.6737,3.466,9.489
2020-09-21,15.1346,4.0813,3.7535,10.504
2020-09-22,15.1231,4.5065,4.4937,13.286
2020-09-23,15.1108,3.4874,2.881,7.678
2020-09-24,15.0979,3.6392,3.3778,9.21
2020-09-25,15.0842,4.1873,3.8844,10.929
2020-09-26,15.0698,3.5069,3.1396,8.499
2020-09-27,15.0547,3.3558,3.1501,8.526
2020-09-28,15.0389,3.684,3.7819,10.754
2020-09-29,15.0224,3.8816,3.2528,8.899
2020-09-30,15.0053,3.199,3.1684,8.555
2020-10-01,14.9875,3.8139,3.6948,10.348
2020-10-02,14.9691,3.763,3.5953,10.007
2020-10-03,14.9501,3.6059,3.7945,10.693
2020-10-04,14.9304,3.4928,3.5275,9.822
2020-10-05,14.9101,3.178,2.9094,7.77
2020-10-06,14.8892,3.652,3.8555,10.987
2020-10-07,14.8678,3.989,3.4994,9.755
2020-10-08,14.8458,3.7419,3.3198,9.12
2020-10-09,14.8233,3.7009,3.4519,9.549
2020-10-10,14.8003,3.8746,3.7487,10.58
2020-10-11,14.7768,4.1897,4.1944,12.081
2020-10-12,14.7528,3.6238,3.477,9.613
2020-10-13,14.7284,2.7173,2.8638,7.629
2020-10-14,14.7035,3.3791,3.5924,10.096
2020-10-15,14.6782,3.7368,3.8686,10.993
2020-10-16,14.6526,3.9875,3.7422,10.437
2020-10-17,14.6265,3.9623,3.8376,10.83
2020-10-18,14.6002,3.2401,3.4066,9.394
2020-10-19,14.5735,2.962,2.9215,7.845
2020-10-20,14.5465,3.338,3.5177,9.8
2020-10-21,14.5193,3.075,3.2706,8.888
2020-10-22,14.4918,3.3892,3.2258,8.703
2020-10-23,14.4641,3.7075,3.7245,10.431
2020-10-24,14.4363,3.1643,3.052,8.252
2020-10-25,14.4082,3.3022,3.297,9.048
2020-10-26,14.3801,3.3987,3.3809,9.29
2020-10-27,14.3518,3.4594,3.5468,9.878
2020-10-28,14.3234,2.5613,2.6824,7.106
2020-10-29,14.295,2.9725,3.1349,8.542
2020-10-30,14.2666,2.956,2.8498,7.604
2020-10-31,14.2382,2.3438,2.5927,6.85
2020-11-01,14.2098,2.8855,2.9566,7.995
2020-11-02,14.1815,3.4007,3.3563,9.174
2020-11-03,14.1533,3.0683,3.376,9.331
2020-11-04,14.1251,3.0761,3.4387,9.54
2020-11-05,14.0972,3.2189,3.2044,8.738
2020-11-06,14.0694,3.1829,3.2707,9.054
2020-11-07,14.0418,3.2094,3.392,9.451
2020-11-08,14.0144,2.9678,3.2481,8.969
2020-11-09,13.9873,3.2656,3.2389,8.906
2020-11-10,13.9605,2.8738,3.1194,8.49
2020-11-11,13.9339,2.4321,2.5313,6.663
2020-11-12,13.9077,2.8984,2.938,7.939
2020-11-13,13.8819,2.5276,3.0402,8.265
2020-11-14,13.8565,2.7877,2.9145,7.858
2020-11-15,13.8315,3.2689,3.3324,9.2
2020-11-16,13.8069,3.1708,3.128,8.544
2020-11-17,13.7828,2.1523,1.9259,4.897
2020-11-18,13.7591,2.9123,2.9317,7.925
2020-11-19,13.736,3.0886,3.2256,8.875
2020-11-20,13.7134,3.2214,3.2767,9.016
2020-11-21,13.6914,3.0285,3.1618,8.66
2020-11-22,13.67,3.0931,3.2527,9.003
2020-11-23,13.6492,3.0789,3.1045,8.483
2020-11-24,13.629,3.288,3.2394,8.93
2020-11-25,13.6094,3.1806,3.2408,8.918
2020-11-26,13.5906,3.0777,3.3543,9.389
2020-11-27,13.5724,2.8107,2.6902,7.199
2020-11-28,13.5549,2.8517,2.9001,7.854
2020-11-29,13.5381,3.1611,3.2975,9.121
2020-11-30,13.5221,3.1743,3.1202,8.586
2020-12-01,13.5068,3.0766,3.1984,8.842
2020-12-02,13.4924,3.0659,3.2089,8.846
2020-12-03,13.4787,3.2888,3.3343,9.236
2020-12-04,13.4658,3.2003,3.4226,9.619
2020-12-05,13.4537,3.1358,3.1916,8.872
2020-12-06,13.4425,3.0473,3.1792,8.773
2020-12-07,13.4321,3.1856,3.3571,9.428
2020-12-08,13.4226,2.8689,3.111,8.523
2020-12-09,13.4139,3.033,3.2394,9.053
2020-12-10,13.4061,3.4205,3.6191,10.457
2020-12-11,13.3992,3.3218,3.664,10.531
2020-12-12,13.3932,3.1397,3.1821,8.829
2020-12-13,13.3881,3.5773,3.5505,10.094
2020-12-14,13.3839,3.5233,3.5768,10.279
2020-12-15,13.3807,3.0212,3.2708,9.157
2020-12-16,13.3783,3.135,3.2547,9.079
2020-12-17,13.3768,2.9869,3.164,8.718
2020-12-18,13.3763,3.1627,2.9914,8.162
2020-12-19,13.3767,3.0774,3.1672,8.766
2020-12-20,13.378,3.2347,3.2545,9.058
2020-12-21,13.3803,3.1871,3.3386,9.315
2020-12-22,13.3835,3.079,3.385,9.459
2020-12-23,13.3876,3.4034,3.5906,10.187
2020-12-24,13.3926,3.1305,3.1599,8.718
2020-12-25,13.3985,3.3621,3.3191,9.239
2020-12-26,13.4054,2.6109,2.6919,7.253
2020-12-27,13.4131,2.7267,2.8018,7.616
2020-12-28,13.4218,2.9682,3.2434,9.126
2020-12-29,13.4313,2.6587,2.9616,8.099
2020-12-30,13.4417,2.8061,2.7417,7.394
2020-12-31,13.453,2.715,2.6761,7.146
2021-01-01,13.453,3.1271,3.2103,8.844
2021-01-02,13.4652,3.0888,3.2043,8.86
2021-01-03,13.4782,3.258,3.1463,8.682
2021-01-04,13.4921,3.1489,3.3049,9.289
2021-01-05,13.5068,3.2176,3.3789,9.59
2021-01-06,13.5223,3.443,3.4991,10.009
2021-01-07,13.5386,2.9583,2.8383,7.679
2021-01-08,13.5557,3.0099,2.7504,7.445
2021-01-09,13.5736,2.9093,2.7996,7.552
2021-01-10,13.5922,2.8153,2.9348,7.974
2021-01-11,13.6116,3.0318,2.9189,7.899
2021-01-12,13.6317,3.594,3.5819,10.051
2021-01-13,13.6524,3.7564,3.7266,10.559
2021-01-14,13.6739,3.5746,3.7663,10.732
2021-01-15,13.696,3.6535,3.6698,10.476
2021-01-16,13.7188,3.4661,3.565,10.147
2021-01-17,13.7422,3.7006,3.8102,11.095
2021-01-18,13.7662,3.7183,3.8062,11.077
2021-01-19,13.7907,3.7686,3.8634,11.158
2021-01-20,13.8159,3.8295,3.7488,10.676
2021-01-21,13.8415,3.259,3.4837,9.656
2021-01-22,13.8676,3.1958,3.274,8.945
2021-01-23,13.8943,3.3292,3.1791,8.699
2021-01-24,13.9213,3.135,3.2101,8.8
2021-01-25,13.9488,3.6775,3.7792,10.632
2021-01-26,13.9767,3.975,3.8735,11.084
2021-01-27,14.005,3.8336,3.9471,11.349
2021-01-28,14.0336,3.4611,3.2975,9.061
2021-01-29,14.0626,3.9858,3.7811,10.83
2021-01-30,14.0918,3.9766,3.8396,10.913
2021-01-31,14.1213,4.3008,4.3013,12.593
2021-02-01,14.1511,3.7938,3.6867,10.405
2021-02-02,14.181,3.803,3.4017,9.322
2021-02-03,14.2111,3.8021,3.6004,10.064
2021-02-04,14.2414,3.9922,3.9697,11.318
2021-02-05,14.2718,3.7961,3.6916,10.339
2021-02-06,14.3023,3.3808,3.4495,9.47
2021-02-07,14.3328,3.8575,4.0131,11.435
2021-02-08,14.3634,3.2898,3.1773,8.593
2021-02-09,14.394,3.7284,3.4364,9.53
2021-02-10,14.4246,3.4243,3.3567,9.219
2021-02-11,14.4551,3.4778,3.3866,9.336
2021-02-12,14.4856,3.1445,3.44,9.542
2021-02-13,14.5159,3.0674,3.0435,8.222
2021-02-14,14.5461,3.1513,2.9893,8.115
2021-02-15,14.5761,3.8019,3.5689,9.959
2021-02-16,14.606,3.4368,3.6999,10.424
2021-02-17,14.6356,3.5068,3.5218,9.877
2021-02-18,14.6649,3.4869,3.6798,10.246
2021-02-19,14.694,3.1079,3.1351,8.509
2021-02-20,14.7228,3.6304,3.51,9.791
2021-02-21,14.7513,3.5308,3.2319,8.882
2021-02-22,14.7794,3.3869,3.0147,8.209
2021-02-23,14.8071,3.1875,3.1033,8.346
2021-02-24,14.8344,3.5507,3.1132,8.378
2021-02-25,14.8613,3.6156,3.2222,8.749
2021-02-26,14.8877,4.0152,3.6421,10.113
2021-02-27,14.9137,3.3994,3.2049,8.715
2021-02-28,14.9391,3.9187,3.5259,9.745
2021-03-01,14.9641,3.5086,3.6387,10.109
2021-03-02,14.9885,3.3297,3.5473,9.824
2021-03-03,15.0123,3.6454,3.5391,9.814
2021-03-04,15.0355,3.4683,3.2835,9.044
2021-03-05,15.0582,3.4373,2.9558,7.959
2021-03-06,15.0802,3.1179,2.7527,7.299
2021-03-07,15.1016,3.2348,3.4162,9.335
2021-03-08,15.1223,3.6574,3.3589,9.105
2021-03-09,15.1424,3.661,3.8313,10.731
2021-03-10,15.1618,3.1652,3.2139,8.773
2021-03-11,15.1804,3.165,2.96,7.949
2021-03-12,15.1984,3.4196,3.1574,8.598
2021-03-13,15.2156,3.7542,3.4202,9.527
2021-03-14,15.2321,3.2955,3.3908,9.294
2021-03-15,15.2479,3.2064,2.6911,7.161
2021-03-16,15.2629,3.156,3.1653,8.517
2021-03-17,15.2771,3.1064,3.053,8.196
2021-03-18,15.2906,3.5584,3.2227,8.706
2021-03-19,15.3032,3.5522,3.4121,9.414
2021-03-20,15.3151,2.9707,3.0112,8.044
2021-03-21,15.3262,3.8303,3.732,10.523
2021-03-22,15.3365,3.3038,2.4929,6.471
2021-03-23,15.346,3.5795,3.2912,8.928
2021-03-24,15.3547,3.6053,3.4319,9.421
2021-03-25,15.3626,3.7175,3.5683,9.823
2021-03-26,15.3697,3.6815,3.2402,8.812
2021-03-27,15.376,2.8318,2.5975,6.787
2021-03-28,15.3815,3.7455,3.9758,11.088
2021-03-29,15.3862,3.9866,3.6114,9.909
2021-03-30,15.3901,3.8836,3.6079,10.004
2021-03-31,15.3932,3.7093,3.3995,9.217
2021-04-01,15.3955,3.4144,3.005,7.982
2021-04-02,15.3971,3.2131,2.8665,7.566
2021-04-03,15.3978,3.2281,3.2871,8.848
2021-04-04,15.3979,3.3212,3.0521,8.138
2021-04-05,15.3971,3.385,3.2549,8.738
2021-04-06,15.3957,3.0484,3.3297,8.997
2021-04-07,15.3935,3.5501,3.7439,10.416
2021-04-08,15.3905,3.387,3.5526,9.797
2021-04-09,15.3869,3.5469,3.1872,8.617
2021-04-10,15.3826,3.7397,3.7827,10.593
2021-04-11,15.3776,3.7421,3.683,10.175
2021-04-12,15.372,3.8738,3.353,9.125
2021-04-13,15.3656,3.9643,3.8195,10.658
2021-04-14,15.3587,3.8824,3.8671,10.8
2021-04-15,15.3511,3.3113,3.1631,8.495
2021-04-16,15.343,3.6522,3.9978,11.233
2021-04-17,15.3342,3.7704,3.9084,10.901
2021-04-18,15.3249,3.7051,3.7934,10.48
2021-04-19,15.3151,4.0526,3.9092,10.89
2021-04-20,15.3047,3.9278,4.0602,11.397
2021-04-21,15.2939,3.4847,3.3167,8.991
2021-04-22,15.2825,3.7941,4.0617,11.499
2021-04-23,15.2707,3.51,3.0858,8.229
2021-04-24,15.2585,3.7673,3.6595,10.097
2021-04-25,15.2458,3.6495,3.4495,9.335
2021-04-26,15.2328,3.8673,3.7281,10.25
2021-04-27,15.2193,3.2705,3.0759,8.233
2021-04-28,15.2055,3.0487,3.0555,8.161
2021-04-29,15.1914,2.9073,2.783,7.378
2021-04-30,15.177,2.4706,2.2377,5.827
2021-05-01,15.1623,3.5736,3.5766,10.034
2021-05-02,15.1474,3.2668,3.2303,8.722
2021-05-03,15.1322,2.3894,2.7993,7.465
2021-05-04,15.1168,3.02,3.4228,9.373
2021-05-05,15.1013,3.4413,3.4337,9.416
2021-05-06,15.0855,2.7599,2.8337,7.5
2021-05-07,15.0697,3.6415,3.8274,10.719
2021-05-08,15.0537,3.4432,3.6447,10.064
2021-05-09,15.0377,3.1608,3.3949,9.267
2021-05-10,15.0215,3.4602,3.5356,9.74
2021-05-11,15.0054,3.5982,3.4429,9.45
2021-05-12,14.9892,3.5007,3.5636,9.78
2021-05-13,14.973,3.7724,3.6087,9.851
2021-05-14,14.9569,3.7351,3.765,10.364
2021-05-15,14.9408,3.3719,3.296,8.871
2021-05-16,14.9248,3.4304,3.5052,9.566
2021-05-17,14.9089,2.4856,2.535,6.632
2021-05-18,14.8932,3.2151,3.1631,8.526
2021-05-19,14.8775,3.9543,3.7695,10.543
2021-05-20,14.8621,3.7427,3.6623,10.133
2021-05-21,14.8468,3.8417,3.9056,10.973
2021-05-22,14.8317,3.2928,3.2757,8.831
2021-05-23,14.8169,3.4598,3.2417,8.705
2021-05-24,14.8023,3.264,2.9971,8.028
2021-05-25,14.788,3.6433,3.3486,9.111
2021-05-26,14.774,3.9083,3.616,9.897
2021-05-27,14.7602,3.1836,2.9653,7.917
2021-05-28,14.7468,3.3193,3.2468,8.885
2021-05-29,14.7338,2.4093,2.4715,6.448
2021-05-30,14.7211,2.93,2.8905,7.676
2021-05-31,14.7088,3.175,3.3339,9.067
2021-06-01,14.6968,3.1813,3.1071,8.379
2021-06-02,14.6853,3.5497,3.5831,9.903
2021-06-03,14.6742,3.4323,3.6728,10.231
2021-06-04,14.6636,3.4674,3.2198,8.708
2021-06-05,14.6533,3.6156,3.5932,9.974
2021-06-06,14.6436,2.6592,2.5068,6.565
2021-06-07,14.6343,3.309,3.2598,8.893
2021-06-08,14.6255,3.254,2.9162,7.789
2021-06-09,14.6172,2.7403,2.6988,7.113
2021-06-10,14.6094,3.2639,2.8344,7.607
2021-06-11,14.6021,3.6654,3.6806,10.306
2021-06-12,14.5954,3.5477,3.0895,8.432
2021-06-13,14.5891,2.7744,2.6607,7.006
2021-06-14,14.5834,3.0076,2.9202,7.83
2021-06-15,14.5783,3.3007,2.892,7.779
2021-06-16,14.5737,3.1057,3.2523,8.898
2021-06-17,14.5696,3.4448,3.5198,9.798
2021-06-18,14.5661,3.6353,3.6731,10.269
2021-06-19,14.5632,3.8435,3.84,10.793
2021-06-20,14.5608,3.4086,2.7653,7.382
2021-06-21,14.559,3.5864,3.4999,9.736
2021-06-22,14.5577,2.8302,2.5365,6.697
2021-06-23,14.557,3.2345,3.5856,10.044
2021-06-24,14.5569,3.4017,2.9897,8.072
2021-06-25,14.5573,3.6094,3.4019,9.535
2021-06-26,14.5583,3.1988,2.9814,8.087
2021-06-27,14.5599,3.2006,3.1974,8.776
2021-06-28,14.562,3.5979,3.3242,9.121
2021-06-29,14.5646,3.8117,3.6414,10.198
2021-06-30,14.5678,3.6337,3.463,9.59
2021-07-01,14.5715,3.2186,3.0548,8.269
2021-07-02,14.5758,3.5,3.1187,8.458
2021-07-03,14.5805,3.1941,3.2861,9.042
2021-07-04,14.5858,3.4122,3.2589,8.939
2021-07-05,14.5916,3.4814,3.4485,9.546
2021-07-06,14.5979,3.626,3.5602,9.894
2021-07-07,14.6047,3.8243,4.0012,11.401
2021-07-08,14.6119,3.819,3.7352,10.387
2021-07-09,14.6196,3.2625,3.2712,8.895
2021-07-10,14.6277,3.0942,3.0108,8.07
2021-07-11,14.6363,3.1131,2.7676,7.326
2021-07-12,14.6453,3.6415,3.4594,9.473
2021-07-13,14.6547,3.6606,3.5533,9.827
2021-07-14,14.6645,3.5554,3.2907,8.947
2021-07-15,14.6747,3.6478,3.8358,10.783
2021-07-16,14.6852,3.4912,3.5216,9.713
2021-07-17,14.6961,3.6114,3.6039,9.969
2021-07-18,14.7073,3.7488,3.6222,10.163
2021-07-19,14.7188,3.4412,3.4956,9.599
2021-07-20,14.7306,4.2126,4.123,11.77
2021-07-21,14.7426,3.9891,3.7369,10.378
2021-07-22,14.755,3.8777,3.7494,10.397
2021-07-23,14.7675,3.6966,3.8868,10.83
2021-07-24,14.7803,2.6083,3.0641,8.174
2021-07-25,14.7932,2.7862,2.7909,7.417
2021-07-26,14.8063,3.4666,3.6327,10.27
2021-07-27,14.8196,3.269,3.1136,8.381
2021-07-28,14.833,3.6605,3.5513,9.939
2021-07-29,14.8465,3.9856,3.7627,10.474
2021-07-30,14.8601,3.8373,3.7318,10.328
2021-07-31,14.8738,3.715,3.7572,10.388
2021-08-01,14.8875,4.0073,3.9649,11.167
2021-08-02,14.9012,3.6008,3.4549,9.493
2021-08-03,14.9149,3.3039,3.1675,8.582
2021-08-04,14.9286,3.4107,3.4927,9.774
2021-08-05,14.9422,3.7987,3.8355,10.882
2021-08-06,14.9558,4.1132,3.9772,11.33
2021-08-07,14.9693,3.6726,3.6721,10.249
2021-08-08,14.9826,2.7866,2.8407,7.579
2021-08-09,14.9958,3.3598,3.6271,10.042
2021-08-10,15.0088,4.3293,3.8242,10.73
2021-08-11,15.0217,3.6459,3.5451,9.795
2021-08-12,15.0343,3.6916,3.3953,9.339
2021-08-13,15.0467,3.5752,3.2831,8.925
2021-08-14,15.0588,3.4858,3.3308,9.139
2021-08-15,15.0707,3.4249,3.4602,9.591
2021-08-16,15.0823,3.7836,3.2354,8.827
2021-08-17,15.0935,3.1563,3.4456,9.498
2021-08-18,15.1044,3.1196,3.0612,8.241
2021-08-19,15.1149,3.1659,2.8147,7.505
2021-08-20,15.125,2.7435,2.5143,6.562
2021-08-21,15.1347,3.7788,3.7217,10.386
2021-08-22,15.144,3.7679,3.6869,10.206
2021-08-23,15.1529,3.6398,3.6203,9.982
2021-08-24,15.1612,3.8044,3.464,9.513
2021-08-25,15.1691,3.2669,3.4889,9.532
2021-08-26,15.1765,3.4882,3.3969,9.261
2021-08-27,15.1833,3.4793,3.5739,9.773
2021-08-28,15.1897,3.5809,3.4526,9.446
2021-08-29,15.1954,3.8419,3.8747,10.832
2021-08-30,15.2006,3.2209,3.2024,8.66
2021-08-31,15.2052,3.2727,3.2512,8.858
2021-09-01,15.2091,3.4251,3.1932,8.655
2021-09-02,15.2125,3.8236,3.9746,11.073
2021-09-03,15.2152,3.9726,3.7501,10.394
2021-09-04,15.2173,3.9217,3.7606,10.433
2021-09-05,15.2187,2.9554,3.0204,8.1
2021-09-06,15.2195,3.3625,3.3469,9.185
2021-09-07,15.2196,2.9936,3.1368,8.381
2021-09-08,15.219,3.7339,3.1212,8.434
2021-09-09,15.2177,3.9478,3.6098,9.981
2021-09-10,15.2156,3.9718,3.5542,9.794
2021-09-11,15.2129,3.0573,2.7921,7.368
2021-09-12,15.2095,3.4565,3.4669,9.584
2021-09-13,15.2053,4.2524,3.8534,10.902
2021-09-14,15.2004,3.6177,3.2345,8.761
2021-09-15,15.1947,3.6259,3.4163,9.436
2021-09-16,15.1884,3.5656,3.8602,10.807
2021-09-17,15.1813,4.2923,4.2107,12.107
2021-09-18,15.1734,3.8386,3.4865,9.525
2021-09-19,15.1648,3.5535,3.6761,10.306
2021-09-20,15.1555,3.4991,3.6032,9.991
2021-09-21,15.1454,3.2985,3.02,8.141
2021-09-22,15.1346,3.6611,3.3777,9.308
2021-09-23,15.1231,3.0756,3.2381,8.823
2021-09-24,15.1108,3.6492,3.4138,9.418
2021-09-25,15.0979,3.9354,3.8227,10.61
2021-09-26,15.0842,4.4018,4.2716,12.399
2021-09-27,15.0698,3.9758,4.0366,11.526
2021-09-28,15.0547,3.5408,3.0202,8.122
2021-09-29,15.0389,3.3863,3.8939,11.01
2021-09-30,15.0224,3.1051,2.5549,6.716
2021-10-01,15.0053,3.2678,3.1734,8.568
2021-10-02,14.9875,3.6693,3.7997,10.638
2021-10-03,14.9691,4.0618,4.057,11.582
2021-10-04,14.9501,3.7986,4.0777,11.499
2021-10-05,14.9304,3.5362,3.4959,9.529
2021-10-06,14.9101,3.5827,3.3921,9.291
2021-10-07,14.8892,3.8682,3.8583,10.809
2021-10-08,14.8678,3.3502,3.3037,9.014
2021-10-09,14.8458,3.5883,3.3457,9.062
2021-10-10,14.8233,3.5623,3.3845,9.265
2021-10-11,14.8003,2.973,2.8961,7.781
2021-10-12,14.7768,3.6751,3.7075,10.303
2021-10-13,14.7528,3.7047,3.7823,10.628
2021-10-14,14.7284,4.0211,3.7243,10.369
2021-10-15,14.7035,4.1537,4.0707,11.523
2021-10-16,14.6782,3.4922,3.2899,8.946
2021-10-17,14.6526,2.9084,3.2257,8.771
2021-10-18,14.6265,3.5428,3.5667,9.871
2021-10-19,14.6002,3.4816,3.5757,9.975
2021-10-20,14.5735,3.6326,3.6652,10.253
2021-10-21,14.5465,3.3028,3.2748,8.995
2021-10-22,14.5193,3.3028,3.6163,10.059
2021-10-23,14.4918,3.5134,3.581,9.975
2021-10-24,14.4641,3.2664,3.3434,9.199
2021-10-25,14.4363,3.2007,3.0896,8.336
2021-10-26,14.4082,3.104,3.217,8.724
2021-10-27,14.3801,2.8879,2.9964,8.087
2021-10-28,14.3518,3.6089,3.445,9.442
2021-10-29,14.3234,2.4925,2.8909,7.746
2021-10-30,14.295,3.0504,2.9728,8.051
2021-10-31,14.2666,3.1424,2.8249,7.575
2021-11-01,14.2382,2.985,3.3382,9.179
2021-11-02,14.2098,3.0932,3.1504,8.562
2021-11-03,14.1815,2.8893,3.1632,8.585
2021-11-04,14.1533,2.9738,3.2033,8.754
2021-11-05,14.1251,3.0821,3.1802,8.677
2021-11-06,14.0972,3.528,3.5309,9.819
2021-11-07,14.0694,3.703,3.6073,10.086
2021-11-08,14.0418,3.2425,2.9971,8.13
2021-11-09,14.0144,3.0987,3.4204,9.514
2021-11-10,13.9873,3.3535,3.1992,8.781
2021-11-11,13.9605,3.3558,3.4118,9.425
2021-11-12,13.9339,3.3693,3.4964,9.765
2021-11-13,13.9077,3.2936,3.3532,9.247
2021-11-14,13.8819,3.092,3.2692,8.935
2021-11-15,13.8565,2.7918,2.6431,6.995
2021-11-16,13.8315,3.3052,3.4109,9.455
2021-11-17,13.8069,3.2243,3.4671,9.688
2021-11-18,13.7828,3.3005,3.3357,9.294
2021-11-19,13.7591,3.2262,3.3178,9.352
2021-11-20,13.736,3.3159,3.2477,8.981
2021-11-21,13.7134,3.0864,3.0751,8.383
2021-11-22,13.6914,3.1403,3.09,8.442
2021-11-23,13.67,2.5916,2.6893,7.167
2021-11-24,13.6492,2.5546,2.3788,6.221
2021-11-25,13.629,2.7285,3.1252,8.519
2021-11-26,13.6094,3.0457,2.7796,7.466
2021-11-27,13.5906,3.2241,3.214,8.878
2021-11-28,13.5724,3.1943,3.1662,8.685
2021-11-29,13.5549,3.3187,2.9822,8.103
2021-11-30,13.5381,3.0351,2.8063,7.525
2021-12-01,13.5221,3.3379,3.1073,8.588
2021-12-02,13.5068,3.2619,3.2034,8.914
2021-12-03,13.4924,3.4663,3.1971,8.773
2021-12-04,13.4787,3.3432,3.2299,8.884
2021-12-05,13.4658,3.458,3.1861,8.789
2021-12-06,13.4537,3.4722,3.5305,9.882
2021-12-07,13.4425,3.6136,3.4281,9.603
2021-12-08,13.4321,3.4628,3.2915,9.128
2021-12-09,13.4226,3.2055,3.0368,8.279
2021-12-10,13.4139,3.0297,3.1159,8.51
2021-12-11,13.4061,3.0456,3.1044,8.507
2021-12-12,13.3992,2.6972,2.7618,7.475
2021-12-13,13.3932,2.6315,2.6467,7.079
2021-12-14,13.3881,2.8888,2.9212,7.904
2021-12-15,13.3839,2.7585,2.7739,7.448
2021-12-16,13.3807,3.2388,3.0958,8.488
2021-12-17,13.3783,3.063,2.9064,7.87
2021-12-18,13.3768,3.3013,2.8159,7.613
2021-12-19,13.3763,3.2274,3.2988,9.217
2021-12-20,13.3767,2.9024,3.2708,9.051
2021-12-21,13.378,2.593,2.8432,7.646
2021-12-22,13.3803,2.6812,2.6225,6.991
2021-12-23,13.3835,2.7126,2.4899,6.585
2021-12-24,13.3876,2.855,3.03,8.218
2021-12-25,13.3926,2.8843,2.9643,8.052
2021-12-26,13.3985,3.3998,3.2566,9.003
2021-12-27,13.4054,3.1777,3.0598,8.444
2021-12-28,13.4131,3.2394,2.8194,7.613
2021-12-29,13.4218,3.0296,2.8522,7.724
2021-12-30,13.4313,3.2108,3.2356,9.038
2021-12-31,13.4417,3.3325,3.198,8.829
2022-01-01,13.453,3.1944,3.1201,8.492
2022-01-02,13.4652,3.1024,3.142,8.617
2022-01-03,13.4782,3.3064,3.5662,10.105
2022-01-04,13.4921,3.2823,3.3057,9.23
2022-01-05,13.5068,3.5582,3.7412,10.805
2022-01-06,13.5223,3.3475,3.2126,8.939
2022-01-07,13.5386,2.4454,2.4733,6.578
2022-01-08,13.5557,2.9562,3.102,8.549
2022-01-09,13.5736,2.8611,2.514,6.653
2022-01-10,13.5922,2.9131,3.2074,8.916
2022-01-11,13.6116,3.0848,3.1484,8.658
2022-01-12,13.6317,3.0278,3.086,8.478
2022-01-13,13.6524,2.7236,2.8188,7.624
2022-01-14,13.6739,2.8132,2.8787,7.844
2022-01-15,13.696,3.3575,3.2911,9.082
2022-01-16,13.7188,3.4207,3.3665,9.416
2022-01-17,13.7422,3.1091,3.0707,8.36
2022-01-18,13.7662,2.7875,2.7056,7.226
2022-01-19,13.7907,3.7282,3.6962,10.415
2022-01-20,13.8159,4.0023,4.0916,11.839
2022-01-21,13.8415,3.3603,3.366,9.21
2022-01-22,13.8676,2.9361,3.0879,8.379
2022-01-23,13.8943,3.5223,3.3423,9.294
2022-01-24,13.9213,3.3349,3.333,9.191
2022-01-25,13.9488,3.2505,3.283,8.983
2022-01-26,13.9767,3.4415,3.4779,9.7
2022-01-27,14.005,2.9529,2.9353,7.896
2022-01-28,14.0336,3.1858,3.2569,8.987
2022-01-29,14.0626,3.3401,3.5207,10.04
2022-01-30,14.0918,3.0222,3.0321,8.259
2022-01-31,14.1213,3.0783,3.2376,8.959
2022-02-01,14.1511,3.181,3.4894,9.83
2022-02-02,14.181,3.1808,3.533,9.859
2022-02-03,14.2111,3.9071,3.8545,11.021
2022-02-04,14.2414,3.4992,3.3371,9.276
2022-02-05,14.2718,3.1115,3.002,8.185
2022-02-06,14.3023,3.2424,3.1953,8.759
2022-02-07,14.3328,3.1201,2.6098,6.902
2022-02-08,14.3634,2.824,2.4371,6.398
2022-02-09,14.394,3.0028,2.867,7.702
2022-02-10,14.4246,3.1537,2.9492,7.954
2022-02-11,14.4551,2.8458,2.7524,7.356
2022-02-12,14.4856,3.0935,3.2349,8.798
2022-02-13,14.5159,3.3405,3.3611,9.14
2022-02-14,14.5461,3.1831,3.3128,9.077
2022-02-15,14.5761,3.1157,3.0106,8.169
2022-02-16,14.606,3.5423,3.4683,9.577
2022-02-17,14.6356,3.613,3.4471,9.367
2022-02-18,14.6649,3.127,2.641,7.028
2022-02-19,14.694,3.1162,3.1155,8.507
2022-02-20,14.7228,3.4089,3.2031,8.765
2022-02-21,14.7513,3.6135,3.6657,10.28
2022-02-22,14.7794,3.7292,3.6345,10.19
2022-02-23,14.8071,3.4024,3.401,9.32
2022-02-24,14.8344,3.5959,3.4144,9.419
2022-02-25,14.8613,3.4965,3.7085,10.343
2022-02-26,14.8877,3.2353,3.0794,8.299
2022-02-27,14.9137,2.5884,2.2875,5.885
2022-02-28,14.9391,2.7391,2.3716,6.17
2022-03-01,14.9641,3.279,3.4613,9.444
2022-03-02,14.9885,3.2312,2.6488,6.973
2022-03-03,15.0123,3.5625,3.3798,9.235
2022-03-04,15.0355,3.1358,2.8907,7.697
2022-03-05,15.0582,3.0989,2.841,7.57
2022-03-06,15.0802,3.2855,2.7962,7.432
2022-03-07,15.1016,2.3181,2.3417,6.03
2022-03-08,15.1223,3.6739,3.6061,10.182
2022-03-09,15.1424,3.4828,3.6403,10.201
2022-03-10,15.1618,3.1638,3.0844,8.314
2022-03-11,15.1804,3.2984,3.3716,9.207
2022-03-12,15.1984,3.3014,3.3303,9.118
2022-03-13,15.2156,3.7274,3.5008,9.693
2022-03-14,15.2321,3.2797,2.9616,7.909
2022-03-15,15.2479,3.4149,3.5386,9.711
2022-03-16,15.2629,3.1859,3.3096,8.944
2022-03-17,15.2771,3.8077,3.8898,10.925
2022-03-18,15.2906,3.5627,3.5759,9.817
2022-03-19,15.3032,3.6321,3.7827,10.382
2022-03-20,15.3151,3.7043,3.4423,9.394
2022-03-21,15.3262,3.752,3.5208,9.621
2022-03-22,15.3365,3.6311,3.5839,9.811
2022-03-23,15.346,3.8341,3.6743,10.11
2022-03-24,15.3547,3.731,3.5722,9.717
2022-03-25,15.3626,3.5248,3.3046,8.872
2022-03-26,15.3697,3.5482,3.4042,9.21
2022-03-27,15.376,3.3113,2.8061,7.388
2022-03-28,15.3815,3.8048,3.3422,9.082
2022-03-29,15.3862,3.5788,3.7158,10.257
2022-03-30,15.3901,3.7565,3.0606,8.17
2022-03-31,15.3932,3.0374,2.9698,7.845
2022-04-01,15.3955,3.482,3.2849,8.822
2022-04-02,15.3971,3.9697,3.472,9.45
2022-04-03,15.3978,3.7,3.4019,9.262
2022-04-04,15.3979,3.3755,3.5625,9.804
2022-04-05,15.3971,3.7353,3.4292,9.355
2022-04-06,15.3957,3.6547,3.5946,9.852
2022-04-07,15.3935,3.3413,2.7982,7.395
2022-04-08,15.3905,3.1939,3.2449,8.748
2022-04-09,15.3869,3.6334,3.49,9.512
2022-04-10,15.3826,4.0401,3.611,9.933
2022-04-11,15.3776,3.9043,3.4777,9.452
2022-04-12,15.372,3.8681,3.6706,10.054
2022-04-13,15.3656,4.3154,3.9874,11.159
2022-04-14,15.3587,3.555,3.5487,9.641
2022-04-15,15.3511,3.3378,3.2934,8.855
2022-04-16,15.343,3.6241,3.0277,8.078
2022-04-17,15.3342,2.3771,2.1634,5.551
2022-04-18,15.3249,2.9711,2.3188,5.969
2022-04-19,15.3151,2.5723,2.6303,6.913
2022-04-20,15.3047,2.9441,2.9024,7.735
2022-04-21,15.2939,2.8651,2.7881,7.429
2022-04-22,15.2825,3.0138,3.0683,8.225
2022-04-23,15.2707,3.3917,3.5122,9.663
2022-04-24,15.2585,3.4321,3.3258,8.992
2022-04-25,15.2458,2.9461,2.054,5.234
2022-04-26,15.2328,3.6731,3.5514,9.901
2022-04-27,15.2193,3.3886,3.2345,8.71
2022-04-28,15.2055,3.0332,2.6461,6.921
2022-04-29,15.1914,3.3501,3.4371,9.414
2022-04-30,15.177,3.7295,3.8718,10.884
2022-05-01,15.1623,3.3965,3.6766,10.21
2022-05-02,15.1474,3.8761,3.6537,10.031
2022-05-03,15.1322,4.2599,4.2782,12.102
2022-05-04,15.1168,4.1,4.1769,11.731
2022-05-05,15.1013,3.7306,2.8043,7.423
2022-05-06,15.0855,2.6098,2.5969,6.788
2022-05-07,15.0697,2.5539,2.6157,6.89
2022-05-08,15.0537,3.6534,3.6763,10.13
2022-05-09,15.0377,3.7253,3.5273,9.72
2022-05-10,15.0215,2.8014,3.0365,8.114
2022-05-11,15.0054,3.0299,3.3068,8.974
2022-05-12,14.9892,2.8669,3.2775,8.832
2022-05-13,14.973,3.6324,3.4491,9.413
2022-05-14,14.9569,3.2214,3.0367,8.133
2022-05-15,14.9408,3.5598,3.7386,10.257
2022-05-16,14.9248,3.7744,3.6544,10.031
2022-05-17,14.9089,3.3452,3.4951,9.472
2022-05-18,14.8932,3.0585,2.5722,6.733
2022-05-19,14.8775,2.8694,2.5774,6.746
2022-05-20,14.8621,3.2834,3.3005,8.916
2022-05-21,14.8468,3.2434,3.1543,8.485
2022-05-22,14.8317,3.9973,3.8995,10.893
2022-05-23,14.8169,3.7644,3.6575,10.116
2022-05-24,14.8023,3.1323,3.016,8.048
2022-05-25,14.788,3.011,2.698,7.132
2022-05-26,14.774,2.7322,3.0042,8.007
2022-05-27,14.7602,3.1394,3.2117,8.806
2022-05-28,14.7468,3.1424,3.2275,8.719
2022-05-29,14.7338,3.2234,2.7429,7.258
2022-05-30,14.7211,2.97,2.7949,7.383
2022-05-31,14.7088,3.3574,3.046,8.167
2022-06-01,14.6968,3.5614,3.4657,9.637
2022-06-02,14.6853,3.4863,3.0684,8.34
2022-06-03,14.6742,2.6861,,
2022-06-04,14.6636,2.7644,,
2022-06-05,14.6533,3.1423,,
2022-06-06,14.6436,3.3507,,
2022-06-07,14.6343,3.3164,,
2022-06-08,14.6255,2.8252,,
2022-06-09,14.6172,2.7359,,
2022-06-10,14.6094,3.4854,,
2022-06-11,14.6021,2.9731,,
2022-06-12,14.5954,2.7326,,
2022-06-13,14.5891,2.8359,,
2022-06-14,14.5834,2.9795,,
2022-06-15,14.5783,3.1304,,
2022-06-16,14.5737,3.3908,,
2022-06-17,14.5696,2.934,,
2022-06-18,14.5661,3.1246,,
2022-06-19,14.5632,2.735,,
2022-06-20,14.5608,2.5243,,
2022-06-21,14.559,3.0163,,
2022-06-22,14.5577,3.4456,,
2022-06-23,14.557,3.6145,,
2022-06-24,14.5569,3.3768,,
2022-06-25,14.5573,2.9671,,
2022-06-26,14.5583,2.3499,,
2022-06-27,14.5599,3.2981,,
2022-06-28,14.562,3.0976,,
2022-06-29,14.5646,2.8748,,
2022-06-30,14.5678,3.6927,,
2022-07-01,14.5715,3.5185,,
2022-07-02,14.5758,3.3622,,
2022-07-03,14.5805,3.7494,,
2022-07-04,14.5858,3.7686,,
2022-07-05,14.5916,3.7677,,
2022-07-06,14.5979,3.5592,,
2022-07-07,14.6047,3.3986,,
2022-07-08,14.6119,3.0979,,
2022-07-09,14.6196,3.656,,
2022-07-10,14.6277,3.8041,,
2022-07-11,14.6363,2.5863,,
2022-07-12,14.6453,3.3405,,
2022-07-13,14.6547,3.5454,,
2022-07-14,14.6645,3.6921,,
2022-07-15,14.6747,3.3577,,
2022-07-16,14.6852,3.6694,,
2022-07-17,14.6961,3.574,,
2022-07-18,14.7073,3.4745,,
2022-07-19,14.7188,3.839,,
2022-07-20,14.7306,3.5838,,
2022-07-21,14.7426,3.6092,,
2022-07-22,14.755,3.3673,3.1855,8.62
2022-07-23,14.7675,3.0717,3.4645,9.53
2022-07-24,14.7803,3.5108,3.6717,10.21
2022-07-25,14.7932,3.3505,2.9921,8.011
2022-07-26,14.8063,3.4506,2.7964,7.434
2022-07-27,14.8196,3.0485,3.3483,9.165
2022-07-28,14.833,2.5346,2.8176,7.528
2022-07-29,14.8465,3.4116,3.2939,8.927
2022-07-30,14.8601,4.0102,3.8598,10.895
2022-07-31,14.8738,3.4368,3.2062,8.684
2022-08-01,14.8875,3.1438,3.2601,8.845
2022-08-02,14.9012,3.2792,3.1038,8.403
2022-08-03,14.9149,3.0572,2.8371,7.541
2022-08-04,14.9286,3.6243,3.4514,9.516
2022-08-05,14.9422,3.0131,3.2786,8.966
2022-08-06,14.9558,2.7107,3.0093,8.094
2022-08-07,14.9693,3.6135,3.4074,9.291
2022-08-08,14.9826,4.275,,
2022-08-09,14.9958,3.6452,,
2022-08-10,15.0088,3.3156,,
2022-08-11,15.0217,3.9278,,
2022-08-12,15.0343,3.5556,,
2022-08-13,15.0467,3.3092,,
2022-08-14,15.0588,3.3095,,
2022-08-15,15.0707,3.5667,,
2022-08-16,15.0823,3.626,,
2022-08-17,15.0935,3.6406,,
2022-08-18,15.1044,4.1804,,
2022-08-19,15.1149,4.2212,,
2022-08-20,15.125,3.5058,,
2022-08-21,15.1347,3.262,,
2022-08-22,15.144,2.9504,,
2022-08-23,15.1529,3.7801,,
2022-08-24,15.1612,3.9908,,
2022-08-25,15.1691,3.682,,
2022-08-26,15.1765,3.4359,,
2022-08-27,15.1833,3.3252,,
2022-08-28,15.1897,3.7228,,
2022-08-29,15.1954,3.1585,,
2022-08-30,15.2006,3.8261,,
2022-08-31,15.2052,3.6967,,
2022-09-01,15.2091,3.4518,,
2022-09-02,15.2125,3.4539,,
2022-09-03,15.2152,3.6884,,
2022-09-04,15.2173,3.4856,,
2022-09-05,15.2187,3.8491,,
2022-09-06,15.2195,3.7741,,
2022-09-07,15.2196,3.8775,,
2022-09-08,15.219,3.8269,,
2022-09-09,15.2177,3.8113,,
2022-09-10,15.2156,3.9932,,
2022-09-11,15.2129,4.0994,,
2022-09-12,15.2095,3.6043,,
2022-09-13,15.2053,3.5256,,
2022-09-14,15.2004,3.619,,
2022-09-15,15.1947,3.8977,,
2022-09-16,15.1884,3.9624,,
2022-09-17,15.1813,3.7068,,
2022-09-18,15.1734,3.9125,,
2022-09-19,15.1648,3.4473,,
2022-09-20,15.1555,3.448,,
2022-09-21,15.1454,3.4437,,
2022-09-22,15.1346,2.6661,,
2022-09-23,15.1231,3.65,,
2022-09-24,15.1108,3.7814,,
2022-09-25,15.0979,3.6797,,
2022-09-26,15.0842,4.0983,,
2022-09-27,15.0698,4.0194,,
2022-09-28,15.0547,3.5762,,
2022-09-29,15.0389,3.2526,,
2022-09-30,15.0224,3.359,,
2022-10-01,15.0053,3.1828,3.1603,8.539
2022-10-02,14.9875,3.6951,3.5315,9.876
2022-10-03,14.9691,4.0767,3.8208,10.787
2022-10-04,14.9501,3.7029,3.4306,9.46
2022-10-05,14.9304,3.2026,2.9861,8.074
2022-10-06,14.9101,3.0146,3.2896,9.022
2022-10-07,14.8892,3.664,3.4871,9.649
2022-10-08,14.8678,3.5052,3.4705,9.644
2022-10-09,14.8458,3.1451,3.0309,8.188
2022-10-10,14.8233,3.5714,3.4852,9.631
2022-10-11,14.8003,3.7689,3.3686,9.25
2022-10-12,14.7768,3.5535,3.3019,9.079
2022-10-13,14.7528,3.5047,3.3059,9.072
2022-10-14,14.7284,3.324,3.2337,8.786
2022-10-15,14.7035,3.39,3.3493,9.118
2022-10-16,14.6782,3.4304,3.3088,9.119
2022-10-17,14.6526,3.6949,3.5686,9.92
2022-10-18,14.6265,3.2225,3.0092,8.116
2022-10-19,14.6002,3.1877,3.2602,8.874
2022-10-20,14.5735,2.7289,2.4675,6.49
2022-10-21,14.5465,3.5671,3.7012,10.473
2022-10-22,14.5193,3.1814,3.2664,8.867
2022-10-23,14.4918,3.3165,3.171,8.548
2022-10-24,14.4641,3.1769,3.3025,9.021
2022-10-25,14.4363,3.3047,3.1946,8.758
2022-10-26,14.4082,2.813,2.8635,7.63
2022-10-27,14.3801,3.2767,2.7581,7.316
2022-10-28,14.3518,3.3092,3.0218,8.102
2022-10-29,14.3234,2.8296,3.1106,8.424
2022-10-30,14.295,3.5346,3.5158,9.763
2022-10-31,14.2666,3.8022,3.8939,11.133
2022-11-01,14.2382,3.1773,3.4838,9.546
2022-11-02,14.2098,3.4745,3.0209,8.172
2022-11-03,14.1815,3.1835,3.0745,8.33
2022-11-04,14.1533,3.274,3.0338,8.228
2022-11-05,14.1251,2.9222,2.7649,7.356
2022-11-06,14.0972,3.4358,3.2207,8.853
2022-11-07,14.0694,3.4425,3.55,9.843
2022-11-08,14.0418,3.0466,2.8412,7.648
2022-11-09,14.0144,2.895,3.0376,8.276
2022-11-10,13.9873,2.9029,2.9946,8.121
2022-11-11,13.9605,2.9078,2.6589,7.089
2022-11-12,13.9339,2.7036,2.8043,7.511
2022-11-13,13.9077,3.0449,3.2772,9.061
2022-11-14,13.8819,3.0299,3.0294,8.23
2022-11-15,13.8565,3.0492,3.3349,9.121
2022-11-16,13.8315,3.3089,3.3988,9.397
2022-11-17,13.8069,3.2872,3.2512,8.949
2022-11-18,13.7828,2.7529,2.4279,6.392
2022-11-19,13.7591,3.0925,3.0871,8.357
2022-11-20,13.736,3.3634,3.3221,9.148
2022-11-21,13.7134,2.7062,2.6455,7.008
2022-11-22,13.6914,2.7608,2.7606,7.397
2022-11-23,13.67,3.1448,3.335,9.346
2022-11-24,13.6492,3.146,3.3606,9.356
2022-11-25,13.629,3.0265,3.0327,8.242
2022-11-26,13.6094,2.8869,2.624,6.983
2022-11-27,13.5906,2.8243,2.7911,7.562
2022-11-28,13.5724,2.1965,2.4752,6.537
2022-11-29,13.5549,2.2666,2.2501,5.901
2022-11-30,13.5381,2.3264,2.5482,6.75
2022-12-01,13.5221,2.6894,2.6205,6.952
2022-12-02,13.5068,2.7525,3.0655,8.339
2022-12-03,13.4924,2.8266,3.0303,8.329
2022-12-04,13.4787,2.9119,3.0186,8.275
2022-12-05,13.4658,2.75,2.7607,7.463
2022-12-06,13.4537,2.7094,2.8175,7.596
2022-12-07,13.4425,2.8101,2.7604,7.457
2022-12-08,13.4321,2.7336,2.9136,7.894
2022-12-09,13.4226,2.6935,2.7804,7.459
2022-12-10,13.4139,2.7506,2.8431,7.7
2022-12-11,13.4061,3.0677,2.7887,7.492
2022-12-12,13.3992,3.0161,2.9452,8.095
2022-12-13,13.3932,3.0112,3.1912,8.903
2022-12-14,13.3881,3.153,3.0638,8.42
2022-12-15,13.3839,3.4962,3.4548,9.777
2022-12-16,13.3807,3.3071,3.437,9.642
2022-12-17,13.3783,3.2796,3.3975,9.558
2022-12-18,13.3768,3.1923,3.2221,9.048
2022-12-19,13.3763,3.2011,3.4324,9.763
2022-12-20,13.3767,3.4369,3.4611,9.795
2022-12-21,13.378,3.1524,3.1511,8.716
2022-12-22,13.3803,3.3948,3.5057,9.987
2022-12-23,13.3835,3.2776,3.5161,9.932
2022-12-24,13.3876,3.5094,3.6705,10.566
2022-12-25,13.3926,3.442,3.5076,9.979
2022-12-26,13.3985,3.3929,3.5158,9.986
2022-12-27,13.4054,2.9659,3.1074,8.494
2022-12-28,13.4131,3.0041,3.1086,8.541
2022-12-29,13.4218,2.9436,3.1611,8.761
2022-12-30,13.4313,3.3501,3.2829,9.221
2022-12-31,13.4417,2.9632,2.8,7.568
