periodo,esquema,fuente,modelo,q_observado,q_estimado
2015-01,partición 2015-2022,PL,M0,40.0589,76.4827
2015-02,partición 2015-2022,PL,M0,59.2947,68.6627
2015-03,partición 2015-2022,PL,M0,90.5143,100.4792
2015-04,partición 2015-2022,PL,M0,164.1511,157.4217
2015-05,partición 2015-2022,PL,M0,58.6659,168.3223
2016-01,partición 2015-2022,PL,M0,29.23,76.4827
2016-02,partición 2015-2022,PL,M0,29.4349,68.6627
2016-03,partición 2015-2022,PL,M0,51.2063,100.4792
2016-04,partición 2015-2022,PL,M0,100.0202,157.4217
2016-05,partición 2015-2022,PL,M0,117.1286,168.3223
2016-06,partición 2015-2022,PL,M0,67.3366,103.1421
2016-07,partición 2015-2022,PL,M0,63.2669,79.5139
2016-09,partición 2015-2022,PL,M0,49.2063,89.4573
2016-10,partición 2015-2022,PL,M0,111.7111,171.9658
2016-11,partición 2015-2022,PL,M0,159.3188,167.2137
2016-12,partición 2015-2022,PL,M0,136.6888,124.3502
2017-01,partición 2015-2022,PL,M0,78.1176,76.4827
2017-02,partición 2015-2022,PL,M0,40.3236,68.6627
2017-03,partición 2015-2022,PL,M0,151.7887,100.4792
2017-04,partición 2015-2022,PL,M0,135.3266,157.4217
2017-05,partición 2015-2022,PL,M0,182.5038,168.3223
2017-06,partición 2015-2022,PL,M0,133.3951,103.1421
2017-07,partición 2015-2022,PL,M0,94.8572,79.5139
2017-08,partición 2015-2022,PL,M0,68.9357,81.2897
2017-09,partición 2015-2022,PL,M0,76.7034,89.4573
2017-10,partición 2015-2022,PL,M0,100.5155,171.9658
2017-11,partición 2015-2022,PL,M0,132.4144,167.2137
2017-12,partición 2015-2022,PL,M0,80.8766,124.3502
2018-01,partición 2015-2022,PL,M0,77.824,76.4827
2018-02,partición 2015-2022,PL,M0,43.552,68.6627
2018-03,partición 2015-2022,PL,M0,79.0792,100.4792
2018-04,partición 2015-2022,PL,M0,165.9706,157.4217
2018-05,partición 2015-2022,PL,M0,236.5996,168.3223
2018-06,partición 2015-2022,PL,M0,110.3734,103.1421
2018-07,partición 2015-2022,PL,M0,88.7003,79.5139
2018-08,partición 2015-2022,PL,M0,68.3854,81.2897
2018-09,partición 2015-2022,PL,M0,70.6306,89.4573
2018-10,partición 2015-2022,PL,M0,207.3309,171.9658
2018-11,partición 2015-2022,PL,M0,174.1986,167.2137
2018-12,partición 2015-2022,PL,M0,68.8454,124.3502
2019-01,partición 2015-2022,PL,M0,44.6583,76.4827
2019-02,partición 2015-2022,PL,M0,71.1451,68.6627
2019-03,partición 2015-2022,PL,M0,142.4226,100.4792
2019-04,partición 2015-2022,PL,M0,201.7195,157.4217
2019-05,partición 2015-2022,PL,M0,147.3361,168.3223
2019-06,partición 2015-2022,PL,M0,98.1111,103.1421
2019-07,partición 2015-2022,PL,M0,63.3355,79.5139
2019-08,partición 2015-2022,PL,M0,53.8589,81.2897
2019-09,partición 2015-2022,PL,M0,63.2511,89.4573
2019-10,partición 2015-2022,PL,M0,109.5274,171.9658
2019-11,partición 2015-2022,PL,M0,124.8817,167.2137
2019-12,partición 2015-2022,PL,M0,71.7877,124.3502
2020-01,partición 2015-2022,PL,M0,39.4451,76.4827
2020-02,partición 2015-2022,PL,M0,34.016,68.6627
2020-03,partición 2015-2022,PL,M0,66.8316,100.4792
2020-04,partición 2015-2022,PL,M0,101.4582,157.4217
2020-05,partición 2015-2022,PL,M0,94.4245,168.3223
2020-06,partición 2015-2022,PL,M0,120.9505,103.1421
2020-07,partición 2015-2022,PL,M0,90.926,79.5139
2020-08,partición 2015-2022,PL,M0,97.6325,81.2897
2020-09,partición 2015-2022,PL,M0,84.451,89.4573
2020-10,partición 2015-2022,PL,M0,104.8166,171.9658
2020-11,partición 2015-2022,PL,M0,203.1163,167.2137
2020-12,partición 2015-2022,PL,M0,94.1868,124.3502
2021-01,partición 2015-2022,PL,M0,47.8572,76.4827
2021-02,partición 2015-2022,PL,M0,41.4142,68.6627
2021-03,partición 2015-2022,PL,M0,129.2163,100.4792
2021-04,partición 2015-2022,PL,M0,138.9796,157.4217
2021-05,partición 2015-2022,PL,M0,194.8906,168.3223
2021-06,partición 2015-2022,PL,M0,121.8563,103.1421
2021-07,partición 2015-2022,PL,M0,85.407,79.5139
2021-08,partición 2015-2022,PL,M0,104.5369,81.2897
2021-09,partición 2015-2022,PL,M0,111.1802,89.4573
2021-10,partición 2015-2022,PL,M0,133.8155,171.9658
2021-11,partición 2015-2022,PL,M0,117.1438,167.2137
2021-12,partición 2015-2022,PL,M0,87.3851,124.3502
2022-01,partición 2015-2022,PL,M0,52.8252,76.4827
2022-02,partición 2015-2022,PL,M0,72.7716,68.6627
2022-03,partición 2015-2022,PL,M0,156.7047,100.4792
2022-04,partición 2015-2022,PL,M0,162.3133,157.4217
2022-05,partición 2015-2022,PL,M0,165.3947,168.3223
2022-10,partición 2015-2022,PL,M0,260.9504,171.9658
2022-11,partición 2015-2022,PL,M0,299.7937,167.2137
2022-12,partición 2015-2022,PL,M0,152.6269,124.3502
2015-01,partición 2015-2022,PL,M1,40.0589,59.9985
2015-02,partición 2015-2022,PL,M1,59.2947,75.3628
2015-03,partición 2015-2022,PL,M1,90.5143,148.5537
2015-04,partición 2015-2022,PL,M1,164.1511,188.6608
2015-05,partición 2015-2022,PL,M1,58.6659,73.8141
2016-01,partición 2015-2022,PL,M1,29.23,23.2813
2016-02,partición 2015-2022,PL,M1,29.4349,34.9186
2016-03,partición 2015-2022,PL,M1,51.2063,76.678
2016-04,partición 2015-2022,PL,M1,100.0202,139.1861
2016-05,partición 2015-2022,PL,M1,117.1286,138.5558
2016-06,partición 2015-2022,PL,M1,67.3366,66.8256
2016-07,partición 2015-2022,PL,M1,63.2669,80.6009
2016-09,partición 2015-2022,PL,M1,49.2063,96.4737
2016-10,partición 2015-2022,PL,M1,111.7111,145.1812
2016-11,partición 2015-2022,PL,M1,159.3188,143.5879
2016-12,partición 2015-2022,PL,M1,136.6888,89.223
2017-01,partición 2015-2022,PL,M1,78.1176,44.8719
2017-02,partición 2015-2022,PL,M1,40.3236,37.5204
2017-03,partición 2015-2022,PL,M1,151.7887,174.6075
2017-04,partición 2015-2022,PL,M1,135.3266,154.9177
2017-05,partición 2015-2022,PL,M1,182.5038,164.4222
2017-06,partición 2015-2022,PL,M1,133.3951,137.8163
2017-07,partición 2015-2022,PL,M1,94.8572,84.8565
2017-08,partición 2015-2022,PL,M1,68.9357,83.7808
2017-09,partición 2015-2022,PL,M1,76.7034,98.3864
2017-10,partición 2015-2022,PL,M1,100.5155,118.8829
2017-11,partición 2015-2022,PL,M1,132.4144,127.068
2017-12,partición 2015-2022,PL,M1,80.8766,78.4529
2018-01,partición 2015-2022,PL,M1,77.824,82.8984
2018-02,partición 2015-2022,PL,M1,43.552,41.0651
2018-03,partición 2015-2022,PL,M1,79.0792,143.724
2018-04,partición 2015-2022,PL,M1,165.9706,152.3714
2018-05,partición 2015-2022,PL,M1,236.5996,204.2807
2018-06,partición 2015-2022,PL,M1,110.3734,76.4276
2018-07,partición 2015-2022,PL,M1,88.7003,84.3439
2018-08,partición 2015-2022,PL,M1,68.3854,66.2592
2018-09,partición 2015-2022,PL,M1,70.6306,100.8906
2018-10,partición 2015-2022,PL,M1,207.3309,189.5071
2018-11,partición 2015-2022,PL,M1,174.1986,109.4624
2018-12,partición 2015-2022,PL,M1,68.8454,40.7071
2019-01,partición 2015-2022,PL,M1,44.6583,49.5323
2019-02,partición 2015-2022,PL,M1,71.1451,118.7904
2019-03,partición 2015-2022,PL,M1,142.4226,166.9937
2019-04,partición 2015-2022,PL,M1,201.7195,160.4605
2019-05,partición 2015-2022,PL,M1,147.3361,150.7939
2019-06,partición 2015-2022,PL,M1,98.1111,47.357
2019-07,partición 2015-2022,PL,M1,63.3355,84.5624
2019-08,partición 2015-2022,PL,M1,53.8589,61.3455
2019-09,partición 2015-2022,PL,M1,63.2511,112.8262
2019-10,partición 2015-2022,PL,M1,109.5274,120.7064
2019-11,partición 2015-2022,PL,M1,124.8817,105.1333
2019-12,partición 2015-2022,PL,M1,71.7877,81.2405
2020-01,partición 2015-2022,PL,M1,39.4451,40.1251
2020-02,partición 2015-2022,PL,M1,34.016,36.5523
2020-03,partición 2015-2022,PL,M1,66.8316,126.8939
2020-04,partición 2015-2022,PL,M1,101.4582,120.2382
2020-05,partición 2015-2022,PL,M1,94.4245,112.7614
2020-06,partición 2015-2022,PL,M1,120.9505,117.2273
2020-07,partición 2015-2022,PL,M1,90.926,92.0308
2020-08,partición 2015-2022,PL,M1,97.6325,97.6708
2020-09,partición 2015-2022,PL,M1,84.451,101.0131
2020-10,partición 2015-2022,PL,M1,104.8166,145.7589
2020-11,partición 2015-2022,PL,M1,203.1163,184.7639
2020-12,partición 2015-2022,PL,M1,94.1868,72.5679
2021-01,partición 2015-2022,PL,M1,47.8572,20.2876
2021-02,partición 2015-2022,PL,M1,41.4142,74.945
2021-03,partición 2015-2022,PL,M1,129.2163,163.0032
2021-04,partición 2015-2022,PL,M1,138.9796,126.6634
2021-05,partición 2015-2022,PL,M1,194.8906,158.1267
2021-06,partición 2015-2022,PL,M1,121.8563,82.3714
2021-07,partición 2015-2022,PL,M1,85.407,85.231
2021-08,partición 2015-2022,PL,M1,104.5369,117.8324
2021-09,partición 2015-2022,PL,M1,111.1802,129.4799
2021-10,partición 2015-2022,PL,M1,133.8155,143.598
2021-11,partición 2015-2022,PL,M1,117.1438,102.6194
2021-12,partición 2015-2022,PL,M1,87.3851,70.4274
2022-01,partición 2015-2022,PL,M1,52.8252,31.4429
2022-02,partición 2015-2022,PL,M1,72.7716,86.5132
2022-03,partición 2015-2022,PL,M1,156.7047,174.0528
2022-04,partición 2015-2022,PL,M1,162.3133,144.7721
2022-05,partición 2015-2022,PL,M1,165.3947,144.8081
2022-10,partición 2015-2022,PL,M1,260.9504,175.9977
2022-11,partición 2015-2022,PL,M1,299.7937,176.8476
2022-12,partición 2015-2022,PL,M1,152.6269,69.4946
2015-01,partición 2015-2022,PL,M2,40.0589,45.6451
2015-02,partición 2015-2022,PL,M2,59.2947,55.3646
2015-03,partición 2015-2022,PL,M2,90.5143,123.8615
2015-04,partición 2015-2022,PL,M2,164.1511,191.7625
2015-05,partición 2015-2022,PL,M2,58.6659,114.3872
2016-01,partición 2015-2022,PL,M2,29.23,6.3317
2016-02,partición 2015-2022,PL,M2,29.4349,4.2809
2016-03,partición 2015-2022,PL,M2,51.2063,44.7081
2016-04,partición 2015-2022,PL,M2,100.0202,116.6332
2016-05,partición 2015-2022,PL,M2,117.1286,145.4104
2016-06,partición 2015-2022,PL,M2,67.3366,85.0444
2016-07,partición 2015-2022,PL,M2,63.2669,62.9519
2016-09,partición 2015-2022,PL,M2,49.2063,85.2416
2016-10,partición 2015-2022,PL,M2,111.7111,130.9344
2016-11,partición 2015-2022,PL,M2,159.3188,152.4352
2016-12,partición 2015-2022,PL,M2,136.6888,106.1603
2017-01,partición 2015-2022,PL,M2,78.1176,43.5311
2017-02,partición 2015-2022,PL,M2,40.3236,16.5819
2017-03,partición 2015-2022,PL,M2,151.7887,127.9389
2017-04,partición 2015-2022,PL,M2,135.3266,175.7189
2017-05,partición 2015-2022,PL,M2,182.5038,174.4475
2017-06,partición 2015-2022,PL,M2,133.3951,156.6223
2017-07,partición 2015-2022,PL,M2,94.8572,99.7977
2017-08,partición 2015-2022,PL,M2,68.9357,74.0682
2017-09,partición 2015-2022,PL,M2,76.7034,85.7953
2017-10,partición 2015-2022,PL,M2,100.5155,109.8075
2017-11,partición 2015-2022,PL,M2,132.4144,126.2714
2017-12,partición 2015-2022,PL,M2,80.8766,89.396
2018-01,partición 2015-2022,PL,M2,77.824,70.3271
2018-02,partición 2015-2022,PL,M2,43.552,37.3779
2018-03,partición 2015-2022,PL,M2,79.0792,103.7374
2018-04,partición 2015-2022,PL,M2,165.9706,159.1078
2018-05,partición 2015-2022,PL,M2,236.5996,206.6333
2018-06,partición 2015-2022,PL,M2,110.3734,123.8988
2018-07,partición 2015-2022,PL,M2,88.7003,70.5881
2018-08,partición 2015-2022,PL,M2,68.3854,59.1544
2018-09,partición 2015-2022,PL,M2,70.6306,79.6781
2018-10,partición 2015-2022,PL,M2,207.3309,170.1259
2018-11,partición 2015-2022,PL,M2,174.1986,144.6376
2018-12,partición 2015-2022,PL,M2,68.8454,49.5319
2019-01,partición 2015-2022,PL,M2,44.6583,24.6887
2019-02,partición 2015-2022,PL,M2,71.1451,86.8263
2019-03,partición 2015-2022,PL,M2,142.4226,159.6638
2019-04,partición 2015-2022,PL,M2,201.7195,176.7913
2019-05,partición 2015-2022,PL,M2,147.3361,165.6331
2019-06,partición 2015-2022,PL,M2,98.1111,74.4779
2019-07,partición 2015-2022,PL,M2,63.3355,57.1422
2019-08,partición 2015-2022,PL,M2,53.8589,55.1419
2019-09,partición 2015-2022,PL,M2,63.2511,87.3699
2019-10,partición 2015-2022,PL,M2,109.5274,118.1044
2019-11,partición 2015-2022,PL,M2,124.8817,108.7571
2019-12,partición 2015-2022,PL,M2,71.7877,81.447
2020-01,partición 2015-2022,PL,M2,39.4451,35.8135
2020-02,partición 2015-2022,PL,M2,34.016,13.5457
2020-03,partición 2015-2022,PL,M2,66.8316,87.5273
2020-04,partición 2015-2022,PL,M2,101.4582,124.3075
2020-05,partición 2015-2022,PL,M2,94.4245,114.9257
2020-06,partición 2015-2022,PL,M2,120.9505,115.1604
2020-07,partición 2015-2022,PL,M2,90.926,96.1533
2020-08,partición 2015-2022,PL,M2,97.6325,89.0639
2020-09,partición 2015-2022,PL,M2,84.451,94.507
2020-10,partición 2015-2022,PL,M2,104.8166,133.5464
2020-11,partición 2015-2022,PL,M2,203.1163,187.1888
2020-12,partición 2015-2022,PL,M2,94.1868,111.5166
2021-01,partición 2015-2022,PL,M2,47.8572,15.1347
2021-02,partición 2015-2022,PL,M2,41.4142,36.3975
2021-03,partición 2015-2022,PL,M2,129.2163,135.7663
2021-04,partición 2015-2022,PL,M2,138.9796,146.6171
2021-05,partición 2015-2022,PL,M2,194.8906,155.9292
2021-06,partición 2015-2022,PL,M2,121.8563,107.2385
2021-07,partición 2015-2022,PL,M2,85.407,74.1177
2021-08,partición 2015-2022,PL,M2,104.5369,102.7603
2021-09,partición 2015-2022,PL,M2,111.1802,127.7987
2021-10,partición 2015-2022,PL,M2,133.8155,145.0825
2021-11,partición 2015-2022,PL,M2,117.1438,117.3838
2021-12,partición 2015-2022,PL,M2,87.3851,71.213
2022-01,partición 2015-2022,PL,M2,52.8252,23.4732
2022-02,partición 2015-2022,PL,M2,72.7716,51.3151
2022-03,partición 2015-2022,PL,M2,156.7047,150.4432
2022-04,partición 2015-2022,PL,M2,162.3133,166.9625
2022-05,partición 2015-2022,PL,M2,165.3947,153.2652
2022-10,partición 2015-2022,PL,M2,260.9504,189.6847
2022-11,partición 2015-2022,PL,M2,299.7937,194.7359
2022-12,partición 2015-2022,PL,M2,152.6269,105.2316
2015-01,partición 2015-2022,PL,M3,40.0589,63.4699
2015-02,partición 2015-2022,PL,M3,59.2947,78.5793
2015-03,partición 2015-2022,PL,M3,90.5143,145.689
2015-04,partición 2015-2022,PL,M3,164.1511,180.302
2015-05,partición 2015-2022,PL,M3,58.6659,77.0784
2016-01,partición 2015-2022,PL,M3,29.23,24.355
2016-02,partición 2015-2022,PL,M3,29.4349,37.41
2016-03,partición 2015-2022,PL,M3,51.2063,79.8504
2016-04,partición 2015-2022,PL,M3,100.0202,137.4252
2016-05,partición 2015-2022,PL,M3,117.1286,136.8665
2016-06,partición 2015-2022,PL,M3,67.3366,70.2465
2016-07,partición 2015-2022,PL,M3,63.2669,83.623
2016-09,partición 2015-2022,PL,M3,49.2063,98.6313
2016-10,partición 2015-2022,PL,M3,111.7111,142.7226
2016-11,partición 2015-2022,PL,M3,159.3188,141.3178
2016-12,partición 2015-2022,PL,M3,136.6888,91.8236
2017-01,partición 2015-2022,PL,M3,78.1176,48.0139
2017-02,partición 2015-2022,PL,M3,40.3236,40.223
2017-03,partición 2015-2022,PL,M3,151.7887,168.3036
2017-04,partición 2015-2022,PL,M3,135.3266,151.261
2017-05,partición 2015-2022,PL,M3,182.5038,159.5235
2017-06,partición 2015-2022,PL,M3,133.3951,136.2104
2017-07,partición 2015-2022,PL,M3,94.8572,87.6856
2017-08,partición 2015-2022,PL,M3,68.9357,86.6616
2017-09,partición 2015-2022,PL,M3,76.7034,100.4146
2017-10,partición 2015-2022,PL,M3,100.5155,119.2345
2017-11,partición 2015-2022,PL,M3,132.4144,126.6171
2017-12,partición 2015-2022,PL,M3,80.8766,81.5607
2018-01,partición 2015-2022,PL,M3,77.824,85.8201
2018-02,partición 2015-2022,PL,M3,43.552,44.0066
2018-03,partición 2015-2022,PL,M3,79.0792,141.4379
2018-04,partición 2015-2022,PL,M3,165.9706,149.0355
2018-05,partición 2015-2022,PL,M3,236.5996,193.4924
2018-06,partición 2015-2022,PL,M3,110.3734,79.6087
2018-07,partición 2015-2022,PL,M3,88.7003,87.1979
2018-08,partición 2015-2022,PL,M3,68.3854,69.6883
2018-09,partición 2015-2022,PL,M3,70.6306,102.7421
2018-10,partición 2015-2022,PL,M3,207.3309,181.0205
2018-11,partición 2015-2022,PL,M3,174.1986,110.6475
2018-12,partición 2015-2022,PL,M3,68.8454,43.6268
2019-01,partición 2015-2022,PL,M3,44.6583,52.8495
2019-02,partición 2015-2022,PL,M3,71.1451,119.1508
2019-03,partición 2015-2022,PL,M3,142.4226,161.7473
2019-04,partición 2015-2022,PL,M3,201.7195,156.0878
2019-05,partición 2015-2022,PL,M3,147.3361,147.6542
2019-06,partición 2015-2022,PL,M3,98.1111,50.6015
2019-07,partición 2015-2022,PL,M3,63.3355,87.4058
2019-08,partición 2015-2022,PL,M3,53.8589,64.8156
2019-09,partición 2015-2022,PL,M3,63.2511,113.7254
2019-10,partición 2015-2022,PL,M3,109.5274,120.8854
2019-11,partición 2015-2022,PL,M3,124.8817,106.6664
2019-12,partición 2015-2022,PL,M3,71.7877,84.2356
2020-01,partición 2015-2022,PL,M3,39.4451,43.0084
2020-02,partición 2015-2022,PL,M3,34.016,39.18
2020-03,partición 2015-2022,PL,M3,66.8316,126.4608
2020-04,partición 2015-2022,PL,M3,101.4582,120.4619
2020-05,partición 2015-2022,PL,M3,94.4245,113.6662
2020-06,partición 2015-2022,PL,M3,120.9505,117.7327
2020-07,partición 2015-2022,PL,M3,90.926,94.469
2020-08,partición 2015-2022,PL,M3,97.6325,99.7481
2020-09,partición 2015-2022,PL,M3,84.451,102.8557
2020-10,partición 2015-2022,PL,M3,104.8166,143.2314
2020-11,partición 2015-2022,PL,M3,203.1163,176.9878
2020-12,partición 2015-2022,PL,M3,94.1868,75.8674
2021-01,partición 2015-2022,PL,M3,47.8572,20.8306
2021-02,partición 2015-2022,PL,M3,41.4142,78.1748
2021-03,partición 2015-2022,PL,M3,129.2163,158.2942
2021-04,partición 2015-2022,PL,M3,138.9796,126.2538
2021-05,partición 2015-2022,PL,M3,194.8906,154.0584
2021-06,partición 2015-2022,PL,M3,121.8563,85.3169
2021-07,partición 2015-2022,PL,M3,85.407,88.0418
2021-08,partición 2015-2022,PL,M3,104.5369,118.282
2021-09,partición 2015-2022,PL,M3,111.1802,128.7795
2021-10,partición 2015-2022,PL,M3,133.8155,141.3267
2021-11,partición 2015-2022,PL,M3,117.1438,104.3439
2021-12,partición 2015-2022,PL,M3,87.3851,73.7801
2022-01,partición 2015-2022,PL,M3,52.8252,33.599
2022-02,partición 2015-2022,PL,M3,72.7716,89.2592
2022-03,partición 2015-2022,PL,M3,156.7047,167.8274
2022-04,partición 2015-2022,PL,M3,162.3133,142.3621
2022-05,partición 2015-2022,PL,M3,165.3947,142.3938
2022-10,partición 2015-2022,PL,M3,260.9504,169.4964
2022-11,partición 2015-2022,PL,M3,299.7937,170.225
2022-12,partición 2015-2022,PL,M3,152.6269,72.8675
2015-01,partición 2015-2022,PL,M4,40.0589,55.0329
2015-02,partición 2015-2022,PL,M4,59.2947,62.7945
2015-03,partición 2015-2022,PL,M4,90.5143,117.2481
2015-04,partición 2015-2022,PL,M4,164.1511,189.2213
2015-05,partición 2015-2022,PL,M4,58.6659,102.3855
2016-01,partición 2015-2022,PL,M4,29.23,21.1607
2016-02,partición 2015-2022,PL,M4,29.4349,21.1151
2016-03,partición 2015-2022,PL,M4,51.2063,49.2863
2016-04,partición 2015-2022,PL,M4,100.0202,112.4791
2016-05,partición 2015-2022,PL,M4,117.1286,145.7676
2016-06,partición 2015-2022,PL,M4,67.3366,82.8512
2016-07,partición 2015-2022,PL,M4,63.2669,69.5094
2016-09,partición 2015-2022,PL,M4,49.2063,89.4898
2016-10,partición 2015-2022,PL,M4,111.7111,128.6241
2016-11,partición 2015-2022,PL,M4,159.3188,152.525
2016-12,partición 2015-2022,PL,M4,136.6888,105.491
2017-01,partición 2015-2022,PL,M4,78.1176,49.5381
2017-02,partición 2015-2022,PL,M4,40.3236,31.1742
2017-03,partición 2015-2022,PL,M4,151.7887,95.7826
2017-04,partición 2015-2022,PL,M4,135.3266,174.9482
2017-05,partición 2015-2022,PL,M4,182.5038,173.7689
2017-06,partición 2015-2022,PL,M4,133.3951,156.0384
2017-07,partición 2015-2022,PL,M4,94.8572,99.6729
2017-08,partición 2015-2022,PL,M4,68.9357,79.7484
2017-09,partición 2015-2022,PL,M4,76.7034,89.7945
2017-10,partición 2015-2022,PL,M4,100.5155,111.4739
2017-11,partición 2015-2022,PL,M4,132.4144,127.4359
2017-12,partición 2015-2022,PL,M4,80.8766,90.5079
2018-01,partición 2015-2022,PL,M4,77.824,76.3713
2018-02,partición 2015-2022,PL,M4,43.552,44.5434
2018-03,partición 2015-2022,PL,M4,79.0792,86.3825
2018-04,partición 2015-2022,PL,M4,165.9706,158.8303
2018-05,partición 2015-2022,PL,M4,236.5996,203.0601
2018-06,partición 2015-2022,PL,M4,110.3734,108.8716
2018-07,partición 2015-2022,PL,M4,88.7003,76.5029
2018-08,partición 2015-2022,PL,M4,68.3854,66.1674
2018-09,partición 2015-2022,PL,M4,70.6306,82.3847
2018-10,partición 2015-2022,PL,M4,207.3309,160.3397
2018-11,partición 2015-2022,PL,M4,174.1986,139.1879
2018-12,partición 2015-2022,PL,M4,68.8454,50.0033
2019-01,partición 2015-2022,PL,M4,44.6583,37.4749
2019-02,partición 2015-2022,PL,M4,71.1451,81.6666
2019-03,partición 2015-2022,PL,M4,142.4226,156.6417
2019-04,partición 2015-2022,PL,M4,201.7195,176.2281
2019-05,partición 2015-2022,PL,M4,147.3361,165.2834
2019-06,partición 2015-2022,PL,M4,98.1111,65.1616
2019-07,partición 2015-2022,PL,M4,63.3355,61.5651
2019-08,partición 2015-2022,PL,M4,53.8589,62.3121
2019-09,partición 2015-2022,PL,M4,63.2511,86.6656
2019-10,partición 2015-2022,PL,M4,109.5274,119.7761
2019-11,partición 2015-2022,PL,M4,124.8817,111.0011
2019-12,partición 2015-2022,PL,M4,71.7877,85.6027
2020-01,partición 2015-2022,PL,M4,39.4451,43.2969
2020-02,partición 2015-2022,PL,M4,34.016,28.9088
2020-03,partición 2015-2022,PL,M4,66.8316,74.2993
2020-04,partición 2015-2022,PL,M4,101.4582,125.7151
2020-05,partición 2015-2022,PL,M4,94.4245,116.9201
2020-06,partición 2015-2022,PL,M4,120.9505,117.1044
2020-07,partición 2015-2022,PL,M4,90.926,98.9143
2020-08,partición 2015-2022,PL,M4,97.6325,93.0966
2020-09,partición 2015-2022,PL,M4,84.451,98.0857
2020-10,partición 2015-2022,PL,M4,104.8166,131.6556
2020-11,partición 2015-2022,PL,M4,203.1163,184.7543
2020-12,partición 2015-2022,PL,M4,94.1868,100.1232
2021-01,partición 2015-2022,PL,M4,47.8572,22.3209
2021-02,partición 2015-2022,PL,M4,41.4142,36.4687
2021-03,partición 2015-2022,PL,M4,129.2163,125.4414
2021-04,partición 2015-2022,PL,M4,138.9796,145.8077
2021-05,partición 2015-2022,PL,M4,194.8906,154.6041
2021-06,partición 2015-2022,PL,M4,121.8563,103.374
2021-07,partición 2015-2022,PL,M4,85.407,79.7554
2021-08,partición 2015-2022,PL,M4,104.5369,103.8968
2021-09,partición 2015-2022,PL,M4,111.1802,128.7698
2021-10,partición 2015-2022,PL,M4,133.8155,145.1319
2021-11,partición 2015-2022,PL,M4,117.1438,117.5129
2021-12,partición 2015-2022,PL,M4,87.3851,75.732
2022-01,partición 2015-2022,PL,M4,52.8252,32.9687
2022-02,partición 2015-2022,PL,M4,72.7716,51.4023
2022-03,partición 2015-2022,PL,M4,156.7047,140.5208
2022-04,partición 2015-2022,PL,M4,162.3133,165.9921
2022-05,partición 2015-2022,PL,M4,165.3947,153.317
2022-10,partición 2015-2022,PL,M4,260.9504,188.8004
2022-11,partición 2015-2022,PL,M4,299.7937,193.9508
2022-12,partición 2015-2022,PL,M4,152.6269,94.9641
1998-02,validación cruzada,PL,M0,49.5151,57.0788
1998-03,validación cruzada,PL,M0,81.421,100.6915
1998-06,validación cruzada,PL,M0,88.942,103.2734
1998-07,validación cruzada,PL,M0,83.2035,80.8484
1998-08,validación cruzada,PL,M0,95.619,83.7585
1998-09,validación cruzada,PL,M0,103.9882,85.9758
1998-10,validación cruzada,PL,M0,199.8539,163.7153
1998-11,validación cruzada,PL,M0,172.4213,173.125
1998-12,validación cruzada,PL,M0,170.0872,112.5914
1999-01,validación cruzada,PL,M0,109.9281,66.2521
1999-02,validación cruzada,PL,M0,179.1889,57.0788
1999-03,validación cruzada,PL,M0,156.1733,100.6915
1999-04,validación cruzada,PL,M0,169.3421,156.8979
1999-05,validación cruzada,PL,M0,159.6478,164.665
1999-06,validación cruzada,PL,M0,109.6729,103.2734
1999-07,validación cruzada,PL,M0,87.5697,80.8484
1999-08,validación cruzada,PL,M0,93.4551,83.7585
1999-10,validación cruzada,PL,M0,191.2255,163.7153
1999-11,validación cruzada,PL,M0,214.415,173.125
1999-12,validación cruzada,PL,M0,139.5126,112.5914
2000-01,validación cruzada,PL,M0,76.1519,66.2521
2000-02,validación cruzada,PL,M0,88.1804,57.0788
2000-03,validación cruzada,PL,M0,121.8746,100.6915
2000-04,validación cruzada,PL,M0,114.0046,156.8979
2000-06,validación cruzada,PL,M0,114.9239,103.2734
2000-07,validación cruzada,PL,M0,85.4914,80.8484
2000-08,validación cruzada,PL,M0,63.1455,83.7585
2000-11,validación cruzada,PL,M0,136.2251,173.125
2001-01,validación cruzada,PL,M0,52.453,66.2521
2001-02,validación cruzada,PL,M0,43.306,57.0788
2001-04,validación cruzada,PL,M0,69.3034,156.8979
2001-05,validación cruzada,PL,M0,119.4227,164.665
2001-06,validación cruzada,PL,M0,96.1994,103.2734
2001-07,validación cruzada,PL,M0,63.0695,80.8484
2001-08,validación cruzada,PL,M0,47.1262,83.7585
2001-09,validación cruzada,PL,M0,66.7373,85.9758
2001-10,validación cruzada,PL,M0,145.8902,163.7153
2001-11,validación cruzada,PL,M0,142.5311,173.125
2001-12,validación cruzada,PL,M0,128.5266,112.5914
2002-01,validación cruzada,PL,M0,49.7031,66.2521
2002-02,validación cruzada,PL,M0,45.8665,57.0788
2002-03,validación cruzada,PL,M0,102.7694,100.6915
2002-04,validación cruzada,PL,M0,196.5072,156.8979
2002-05,validación cruzada,PL,M0,138.4351,164.665
2002-06,validación cruzada,PL,M0,136.7803,103.2734
2002-07,validación cruzada,PL,M0,64.959,80.8484
2002-08,validación cruzada,PL,M0,52.0331,83.7585
2002-09,validación cruzada,PL,M0,78.9923,85.9758
2002-10,validación cruzada,PL,M0,107.8081,163.7153
2002-11,validación cruzada,PL,M0,104.4449,173.125
2002-12,validación cruzada,PL,M0,92.8774,112.5914
2003-01,validación cruzada,PL,M0,43.2772,65.9535
2003-02,validación cruzada,PL,M0,37.5017,64.2707
2003-03,validación cruzada,PL,M0,69.6298,108.9395
2003-04,validación cruzada,PL,M0,156.939,151.3451
2003-05,validación cruzada,PL,M0,115.2211,157.3322
2003-06,validación cruzada,PL,M0,113.5073,103.2303
2003-07,validación cruzada,PL,M0,68.5536,82.0936
2003-08,validación cruzada,PL,M0,81.8739,83.2595
2003-09,validación cruzada,PL,M0,97.9413,85.2611
2003-10,validación cruzada,PL,M0,199.0143,156.6464
2003-11,validación cruzada,PL,M0,168.7411,164.6475
2003-12,validación cruzada,PL,M0,131.3506,114.3396
2004-01,validación cruzada,PL,M0,71.5043,65.9535
2004-02,validación cruzada,PL,M0,44.014,64.2707
2004-03,validación cruzada,PL,M0,55.8861,108.9395
2004-04,validación cruzada,PL,M0,151.958,151.3451
2004-05,validación cruzada,PL,M0,199.7007,157.3322
2004-06,validación cruzada,PL,M0,78.84,103.2303
2004-07,validación cruzada,PL,M0,64.0163,82.0936
2004-08,validación cruzada,PL,M0,50.1148,83.2595
2004-09,validación cruzada,PL,M0,95.8619,85.2611
2004-10,validación cruzada,PL,M0,144.4576,156.6464
2004-11,validación cruzada,PL,M0,202.0192,164.6475
2004-12,validación cruzada,PL,M0,105.0829,114.3396
2005-01,validación cruzada,PL,M0,96.2035,65.9535
2005-02,validación cruzada,PL,M0,102.7421,64.2707
2005-03,validación cruzada,PL,M0,61.9362,108.9395
2005-05,validación cruzada,PL,M0,152.9021,157.3322
2005-06,validación cruzada,PL,M0,99.8158,103.2303
2005-07,validación cruzada,PL,M0,75.5127,82.0936
2005-08,validación cruzada,PL,M0,64.4239,83.2595
2005-09,validación cruzada,PL,M0,70.2408,85.2611
2005-10,validación cruzada,PL,M0,205.1395,156.6464
2005-11,validación cruzada,PL,M0,208.6537,164.6475
2005-12,validación cruzada,PL,M0,102.9176,114.3396
2006-02,validación cruzada,PL,M0,48.3249,64.2707
2006-03,validación cruzada,PL,M0,142.0923,108.9395
2006-04,validación cruzada,PL,M0,177.1545,151.3451
2006-05,validación cruzada,PL,M0,221.7115,157.3322
2006-06,validación cruzada,PL,M0,142.8353,103.2303
2006-07,validación cruzada,PL,M0,66.8242,82.0936
2006-08,validación cruzada,PL,M0,60.9199,83.2595
2006-09,validación cruzada,PL,M0,70.4986,85.2611
2006-10,validación cruzada,PL,M0,158.898,156.6464
2006-11,validación cruzada,PL,M0,190.3756,164.6475
2006-12,validación cruzada,PL,M0,145.5888,114.3396
2007-01,validación cruzada,PL,M0,82.626,65.9535
2007-02,validación cruzada,PL,M0,36.8294,64.2707
2007-03,validación cruzada,PL,M0,101.4163,108.9395
2007-04,validación cruzada,PL,M0,157.5046,151.3451
2007-05,validación cruzada,PL,M0,167.2925,157.3322
2007-06,validación cruzada,PL,M0,112.2959,103.2303
2007-07,validación cruzada,PL,M0,88.217,82.0936
2007-08,validación cruzada,PL,M0,102.5298,83.2595
2007-09,validación cruzada,PL,M0,98.5619,85.2611
2007-10,validación cruzada,PL,M0,207.0167,156.6464
2007-11,validación cruzada,PL,M0,152.8426,164.6475
2007-12,validación cruzada,PL,M0,128.9366,114.3396
2008-01,validación cruzada,PL,M0,94.7241,62.5186
2008-02,validación cruzada,PL,M0,67.2395,60.0975
2008-06,validación cruzada,PL,M0,120.6895,103.6962
2008-07,validación cruzada,PL,M0,107.7074,75.2884
2008-08,validación cruzada,PL,M0,128.6061,72.4347
2008-09,validación cruzada,PL,M0,120.7657,78.5584
2008-10,validación cruzada,PL,M0,162.9998,161.7482
2008-11,validación cruzada,PL,M0,180.9487,169.2513
2008-12,validación cruzada,PL,M0,101.1813,114.6267
2009-01,validación cruzada,PL,M0,98.2906,62.5186
2009-02,validación cruzada,PL,M0,114.7613,60.0975
2009-04,validación cruzada,PL,M0,142.0653,144.4048
2009-06,validación cruzada,PL,M0,95.9442,103.6962
2009-07,validación cruzada,PL,M0,56.9272,75.2884
2009-08,validación cruzada,PL,M0,92.3772,72.4347
2009-09,validación cruzada,PL,M0,66.8777,78.5584
2009-10,validación cruzada,PL,M0,75.252,161.7482
2009-11,validación cruzada,PL,M0,148.7808,169.2513
2009-12,validación cruzada,PL,M0,62.5669,114.6267
2010-01,validación cruzada,PL,M0,33.5284,62.5186
2010-02,validación cruzada,PL,M0,30.2726,60.0975
2010-03,validación cruzada,PL,M0,51.9948,102.8829
2010-04,validación cruzada,PL,M0,105.828,144.4048
2010-05,validación cruzada,PL,M0,149.6132,155.4329
2010-06,validación cruzada,PL,M0,125.4005,103.6962
2010-07,validación cruzada,PL,M0,177.3191,75.2884
2010-08,validación cruzada,PL,M0,130.5174,72.4347
2010-09,validación cruzada,PL,M0,205.8501,78.5584
2010-10,validación cruzada,PL,M0,206.4421,161.7482
2010-11,validación cruzada,PL,M0,244.2329,169.2513
2010-12,validación cruzada,PL,M0,161.8953,114.6267
2011-01,validación cruzada,PL,M0,70.159,62.5186
2011-02,validación cruzada,PL,M0,78.7613,60.0975
2011-03,validación cruzada,PL,M0,182.9563,102.8829
2011-04,validación cruzada,PL,M0,278.9582,144.4048
2011-05,validación cruzada,PL,M0,231.4622,155.4329
2011-06,validación cruzada,PL,M0,120.9394,103.6962
2011-07,validación cruzada,PL,M0,76.8224,75.2884
2011-08,validación cruzada,PL,M0,87.9231,72.4347
2011-09,validación cruzada,PL,M0,89.4903,78.5584
2011-10,validación cruzada,PL,M0,231.5577,161.7482
2011-11,validación cruzada,PL,M0,189.5922,169.2513
2011-12,validación cruzada,PL,M0,223.8179,114.6267
2012-01,validación cruzada,PL,M0,121.2552,62.5186
2012-02,validación cruzada,PL,M0,57.6666,60.0975
2012-03,validación cruzada,PL,M0,87.1492,102.8829
2012-04,validación cruzada,PL,M0,234.6894,144.4048
2012-05,validación cruzada,PL,M0,193.3763,155.4329
2012-06,validación cruzada,PL,M0,75.9345,103.6962
2012-07,validación cruzada,PL,M0,60.036,75.2884
2012-08,validación cruzada,PL,M0,104.4609,72.4347
2012-09,validación cruzada,PL,M0,57.3632,78.5584
2012-11,validación cruzada,PL,M0,76.2081,169.2513
2012-12,validación cruzada,PL,M0,59.5347,114.6267
2013-02,validación cruzada,PL,M0,74.4323,64.3535
2013-03,validación cruzada,PL,M0,90.9303,105.2679
2013-05,validación cruzada,PL,M0,171.082,167.9644
2013-06,validación cruzada,PL,M0,64.8772,109.6848
2013-07,validación cruzada,PL,M0,45.9938,81.8209
2013-08,validación cruzada,PL,M0,73.6277,83.1336
2013-09,validación cruzada,PL,M0,68.6454,91.3342
2013-11,validación cruzada,PL,M0,142.9876,172.5783
2013-12,validación cruzada,PL,M0,111.3759,117.3004
2014-01,validación cruzada,PL,M0,70.9535,70.1341
2014-04,validación cruzada,PL,M0,92.2284,160.2762
2014-06,validación cruzada,PL,M0,55.8182,109.6848
2014-08,validación cruzada,PL,M0,53.1712,83.1336
2014-09,validación cruzada,PL,M0,50.0446,91.3342
2015-01,validación cruzada,PL,M0,40.0589,70.1341
2015-02,validación cruzada,PL,M0,59.2947,64.3535
2015-03,validación cruzada,PL,M0,90.5143,105.2679
2015-04,validación cruzada,PL,M0,164.1511,160.2762
2015-05,validación cruzada,PL,M0,58.6659,167.9644
2016-01,validación cruzada,PL,M0,29.23,70.1341
2016-02,validación cruzada,PL,M0,29.4349,64.3535
2016-03,validación cruzada,PL,M0,51.2063,105.2679
2016-04,validación cruzada,PL,M0,100.0202,160.2762
2016-05,validación cruzada,PL,M0,117.1286,167.9644
2016-06,validación cruzada,PL,M0,67.3366,109.6848
2016-07,validación cruzada,PL,M0,63.2669,81.8209
2016-09,validación cruzada,PL,M0,49.2063,91.3342
2016-10,validación cruzada,PL,M0,111.7111,169.5553
2016-11,validación cruzada,PL,M0,159.3188,172.5783
2016-12,validación cruzada,PL,M0,136.6888,117.3004
2017-01,validación cruzada,PL,M0,78.1176,70.1341
2017-02,validación cruzada,PL,M0,40.3236,64.3535
2017-03,validación cruzada,PL,M0,151.7887,105.2679
2017-04,validación cruzada,PL,M0,135.3266,160.2762
2017-05,validación cruzada,PL,M0,182.5038,167.9644
2017-06,validación cruzada,PL,M0,133.3951,109.6848
2017-07,validación cruzada,PL,M0,94.8572,81.8209
2017-08,validación cruzada,PL,M0,68.9357,83.1336
2017-09,validación cruzada,PL,M0,76.7034,91.3342
2017-10,validación cruzada,PL,M0,100.5155,169.5553
2017-11,validación cruzada,PL,M0,132.4144,172.5783
2017-12,validación cruzada,PL,M0,80.8766,117.3004
2018-01,validación cruzada,PL,M0,77.824,71.6567
2018-02,validación cruzada,PL,M0,43.552,64.6135
2018-03,validación cruzada,PL,M0,79.0792,99.9837
2018-04,validación cruzada,PL,M0,165.9706,152.8738
2018-05,validación cruzada,PL,M0,236.5996,158.5444
2018-06,validación cruzada,PL,M0,110.3734,102.8499
2018-07,validación cruzada,PL,M0,88.7003,79.4637
2018-08,validación cruzada,PL,M0,68.3854,80.6033
2018-09,validación cruzada,PL,M0,70.6306,86.3394
2018-10,validación cruzada,PL,M0,207.3309,163.1855
2018-11,validación cruzada,PL,M0,174.1986,164.8418
2018-12,validación cruzada,PL,M0,68.8454,122.5187
2019-01,validación cruzada,PL,M0,44.6583,71.6567
2019-02,validación cruzada,PL,M0,71.1451,64.6135
2019-03,validación cruzada,PL,M0,142.4226,99.9837
2019-04,validación cruzada,PL,M0,201.7195,152.8738
2019-05,validación cruzada,PL,M0,147.3361,158.5444
2019-06,validación cruzada,PL,M0,98.1111,102.8499
2019-07,validación cruzada,PL,M0,63.3355,79.4637
2019-08,validación cruzada,PL,M0,53.8589,80.6033
2019-09,validación cruzada,PL,M0,63.2511,86.3394
2019-10,validación cruzada,PL,M0,109.5274,163.1855
2019-11,validación cruzada,PL,M0,124.8817,164.8418
2019-12,validación cruzada,PL,M0,71.7877,122.5187
2020-01,validación cruzada,PL,M0,39.4451,71.6567
2020-02,validación cruzada,PL,M0,34.016,64.6135
2020-03,validación cruzada,PL,M0,66.8316,99.9837
2020-04,validación cruzada,PL,M0,101.4582,152.8738
2020-05,validación cruzada,PL,M0,94.4245,158.5444
2020-06,validación cruzada,PL,M0,120.9505,102.8499
2020-07,validación cruzada,PL,M0,90.926,79.4637
2020-08,validación cruzada,PL,M0,97.6325,80.6033
2020-09,validación cruzada,PL,M0,84.451,86.3394
2020-10,validación cruzada,PL,M0,104.8166,163.1855
2020-11,validación cruzada,PL,M0,203.1163,164.8418
2020-12,validación cruzada,PL,M0,94.1868,122.5187
2021-01,validación cruzada,PL,M0,47.8572,71.6567
2021-02,validación cruzada,PL,M0,41.4142,64.6135
2021-03,validación cruzada,PL,M0,129.2163,99.9837
2021-04,validación cruzada,PL,M0,138.9796,152.8738
2021-05,validación cruzada,PL,M0,194.8906,158.5444
2021-06,validación cruzada,PL,M0,121.8563,102.8499
2021-07,validación cruzada,PL,M0,85.407,79.4637
2021-08,validación cruzada,PL,M0,104.5369,80.6033
2021-09,validación cruzada,PL,M0,111.1802,86.3394
2021-10,validación cruzada,PL,M0,133.8155,163.1855
2021-11,validación cruzada,PL,M0,117.1438,164.8418
2021-12,validación cruzada,PL,M0,87.3851,122.5187
2022-01,validación cruzada,PL,M0,52.8252,71.6567
2022-02,validación cruzada,PL,M0,72.7716,64.6135
2022-03,validación cruzada,PL,M0,156.7047,99.9837
2022-04,validación cruzada,PL,M0,162.3133,152.8738
2022-05,validación cruzada,PL,M0,165.3947,158.5444
2022-10,validación cruzada,PL,M0,260.9504,163.1855
2022-11,validación cruzada,PL,M0,299.7937,164.8418
2022-12,validación cruzada,PL,M0,152.6269,122.5187
1998-02,validación cruzada,PL,M1,49.5151,74.9964
1998-03,validación cruzada,PL,M1,81.421,127.1664
1998-06,validación cruzada,PL,M1,88.942,74.0158
1998-07,validación cruzada,PL,M1,83.2035,97.9901
1998-08,validación cruzada,PL,M1,95.619,115.333
1998-09,validación cruzada,PL,M1,103.9882,122.6707
1998-10,validación cruzada,PL,M1,199.8539,216.9973
1998-11,validación cruzada,PL,M1,172.4213,128.1636
1998-12,validación cruzada,PL,M1,170.0872,133.1164
1999-01,validación cruzada,PL,M1,109.9281,110.0894
1999-02,validación cruzada,PL,M1,179.1889,184.231
1999-03,validación cruzada,PL,M1,156.1733,135.4016
1999-04,validación cruzada,PL,M1,169.3421,151.9135
1999-05,validación cruzada,PL,M1,159.6478,125.4961
1999-06,validación cruzada,PL,M1,109.6729,144.6755
1999-07,validación cruzada,PL,M1,87.5697,82.8493
1999-08,validación cruzada,PL,M1,93.4551,115.9978
1999-10,validación cruzada,PL,M1,191.2255,160.4396
1999-11,validación cruzada,PL,M1,214.415,162.06
1999-12,validación cruzada,PL,M1,139.5126,117.7761
2000-01,validación cruzada,PL,M1,76.1519,65.041
2000-02,validación cruzada,PL,M1,88.1804,120.5434
2000-03,validación cruzada,PL,M1,121.8746,101.5966
2000-04,validación cruzada,PL,M1,114.0046,155.6447
2000-06,validación cruzada,PL,M1,114.9239,123.3604
2000-07,validación cruzada,PL,M1,85.4914,98.7463
2000-08,validación cruzada,PL,M1,63.1455,90.7405
2000-11,validación cruzada,PL,M1,136.2251,117.6764
2001-01,validación cruzada,PL,M1,52.453,57.4839
2001-02,validación cruzada,PL,M1,43.306,58.8833
2001-04,validación cruzada,PL,M1,69.3034,105.5854
2001-05,validación cruzada,PL,M1,119.4227,144.29
2001-06,validación cruzada,PL,M1,96.1994,79.3259
2001-07,validación cruzada,PL,M1,63.0695,84.2786
2001-08,validación cruzada,PL,M1,47.1262,69.196
2001-09,validación cruzada,PL,M1,66.7373,115.5989
2001-10,validación cruzada,PL,M1,145.8902,167.5113
2001-11,validación cruzada,PL,M1,142.5311,132.7424
2001-12,validación cruzada,PL,M1,128.5266,116.1391
2002-01,validación cruzada,PL,M1,49.7031,38.2912
2002-02,validación cruzada,PL,M1,45.8665,43.5348
2002-03,validación cruzada,PL,M1,102.7694,121.6237
2002-04,validación cruzada,PL,M1,196.5072,201.5158
2002-05,validación cruzada,PL,M1,138.4351,136.565
2002-06,validación cruzada,PL,M1,136.7803,98.2061
2002-07,validación cruzada,PL,M1,64.959,61.7752
2002-08,validación cruzada,PL,M1,52.0331,91.982
2002-09,validación cruzada,PL,M1,78.9923,111.0617
2002-10,validación cruzada,PL,M1,107.8081,127.8478
2002-11,validación cruzada,PL,M1,104.4449,113.0478
2002-12,validación cruzada,PL,M1,92.8774,106.0674
2003-01,validación cruzada,PL,M1,43.2772,25.5704
2003-02,validación cruzada,PL,M1,37.5017,62.7158
2003-03,validación cruzada,PL,M1,69.6298,113.3604
2003-04,validación cruzada,PL,M1,156.939,189.9297
2003-05,validación cruzada,PL,M1,115.2211,146.49
2003-06,validación cruzada,PL,M1,113.5073,116.9346
2003-07,validación cruzada,PL,M1,68.5536,75.9435
2003-08,validación cruzada,PL,M1,81.8739,121.7975
2003-09,validación cruzada,PL,M1,97.9413,143.7493
2003-10,validación cruzada,PL,M1,199.0143,207.3537
2003-11,validación cruzada,PL,M1,168.7411,186.8453
2003-12,validación cruzada,PL,M1,131.3506,75.4538
2004-01,validación cruzada,PL,M1,71.5043,73.6135
2004-02,validación cruzada,PL,M1,44.014,65.161
2004-03,validación cruzada,PL,M1,55.8861,96.2887
2004-04,validación cruzada,PL,M1,151.958,183.1079
2004-05,validación cruzada,PL,M1,199.7007,203.6163
2004-06,validación cruzada,PL,M1,78.84,70.316
2004-07,validación cruzada,PL,M1,64.0163,91.022
2004-08,validación cruzada,PL,M1,50.1148,63.3739
2004-09,validación cruzada,PL,M1,95.8619,147.8389
2004-10,validación cruzada,PL,M1,144.4576,164.1151
2004-11,validación cruzada,PL,M1,202.0192,149.5985
2004-12,validación cruzada,PL,M1,105.0829,75.4943
2005-01,validación cruzada,PL,M1,96.2035,110.6442
2005-02,validación cruzada,PL,M1,102.7421,108.7209
2005-03,validación cruzada,PL,M1,61.9362,73.7563
2005-05,validación cruzada,PL,M1,152.9021,134.9428
2005-06,validación cruzada,PL,M1,99.8158,89.6854
2005-07,validación cruzada,PL,M1,75.5127,84.8703
2005-08,validación cruzada,PL,M1,64.4239,76.8273
2005-09,validación cruzada,PL,M1,70.2408,88.5734
2005-10,validación cruzada,PL,M1,205.1395,196.9062
2005-11,validación cruzada,PL,M1,208.6537,162.3785
2005-12,validación cruzada,PL,M1,102.9176,62.9455
2006-02,validación cruzada,PL,M1,48.3249,37.5607
2006-03,validación cruzada,PL,M1,142.0923,158.91
2006-04,validación cruzada,PL,M1,177.1545,187.0858
2006-05,validación cruzada,PL,M1,221.7115,178.6144
2006-06,validación cruzada,PL,M1,142.8353,112.0029
2006-07,validación cruzada,PL,M1,66.8242,60.0059
2006-08,validación cruzada,PL,M1,60.9199,104.7086
2006-09,validación cruzada,PL,M1,70.4986,97.6204
2006-10,validación cruzada,PL,M1,158.898,181.3466
2006-11,validación cruzada,PL,M1,190.3756,175.5815
2006-12,validación cruzada,PL,M1,145.5888,105.0952
2007-01,validación cruzada,PL,M1,82.626,91.2626
2007-02,validación cruzada,PL,M1,36.8294,33.0967
2007-03,validación cruzada,PL,M1,101.4163,174.4818
2007-04,validación cruzada,PL,M1,157.5046,176.5352
2007-05,validación cruzada,PL,M1,167.2925,167.9263
2007-06,validación cruzada,PL,M1,112.2959,83.0317
2007-07,validación cruzada,PL,M1,88.217,117.3899
2007-08,validación cruzada,PL,M1,102.5298,132.2536
2007-09,validación cruzada,PL,M1,98.5619,107.7329
2007-10,validación cruzada,PL,M1,207.0167,219.0642
2007-11,validación cruzada,PL,M1,152.8426,117.768
2007-12,validación cruzada,PL,M1,128.9366,115.1045
2008-01,validación cruzada,PL,M1,94.7241,65.9008
2008-02,validación cruzada,PL,M1,67.2395,73.1527
2008-06,validación cruzada,PL,M1,120.6895,106.9616
2008-07,validación cruzada,PL,M1,107.7074,101.9875
2008-08,validación cruzada,PL,M1,128.6061,128.7344
2008-09,validación cruzada,PL,M1,120.7657,121.2425
2008-10,validación cruzada,PL,M1,162.9998,149.8453
2008-11,validación cruzada,PL,M1,180.9487,147.8257
2008-12,validación cruzada,PL,M1,101.1813,52.649
2009-01,validación cruzada,PL,M1,98.2906,80.6104
2009-02,validación cruzada,PL,M1,114.7613,107.835
2009-04,validación cruzada,PL,M1,142.0653,120.0212
2009-06,validación cruzada,PL,M1,95.9442,87.0834
2009-07,validación cruzada,PL,M1,56.9272,60.6963
2009-08,validación cruzada,PL,M1,92.3772,128.3659
2009-09,validación cruzada,PL,M1,66.8777,60.2023
2009-10,validación cruzada,PL,M1,75.252,110.7894
2009-11,validación cruzada,PL,M1,148.7808,104.9283
2009-12,validación cruzada,PL,M1,62.5669,63.9073
2010-01,validación cruzada,PL,M1,33.5284,41.5101
2010-02,validación cruzada,PL,M1,30.2726,49.0736
2010-03,validación cruzada,PL,M1,51.9948,93.0832
2010-04,validación cruzada,PL,M1,105.828,134.2475
2010-05,validación cruzada,PL,M1,149.6132,150.6095
2010-06,validación cruzada,PL,M1,125.4005,138.4438
2010-07,validación cruzada,PL,M1,177.3191,155.8907
2010-08,validación cruzada,PL,M1,130.5174,113.546
2010-09,validación cruzada,PL,M1,205.8501,164.2969
2010-10,validación cruzada,PL,M1,206.4421,162.1134
2010-11,validación cruzada,PL,M1,244.2329,165.9003
2010-12,validación cruzada,PL,M1,161.8953,70.4916
2011-01,validación cruzada,PL,M1,70.159,46.2898
2011-02,validación cruzada,PL,M1,78.7613,93.8133
2011-03,validación cruzada,PL,M1,182.9563,163.5327
2011-04,validación cruzada,PL,M1,278.9582,220.2925
2011-05,validación cruzada,PL,M1,231.4622,151.558
2011-06,validación cruzada,PL,M1,120.9394,91.6435
2011-07,validación cruzada,PL,M1,76.8224,66.3909
2011-08,validación cruzada,PL,M1,87.9231,113.1457
2011-09,validación cruzada,PL,M1,89.4903,97.3136
2011-10,validación cruzada,PL,M1,231.5577,178.1025
2011-11,validación cruzada,PL,M1,189.5922,166.4898
2011-12,validación cruzada,PL,M1,223.8179,115.6691
2012-01,validación cruzada,PL,M1,121.2552,83.6809
2012-02,validación cruzada,PL,M1,57.6666,39.3779
2012-03,validación cruzada,PL,M1,87.1492,139.9381
2012-04,validación cruzada,PL,M1,234.6894,203.7758
2012-05,validación cruzada,PL,M1,193.3763,122.5458
2012-06,validación cruzada,PL,M1,75.9345,71.5765
2012-07,validación cruzada,PL,M1,60.036,62.0991
2012-08,validación cruzada,PL,M1,104.4609,99.8041
2012-09,validación cruzada,PL,M1,57.3632,79.587
2012-11,validación cruzada,PL,M1,76.2081,82.5619
2012-12,validación cruzada,PL,M1,59.5347,59.0696
2013-02,validación cruzada,PL,M1,74.4323,121.503
2013-03,validación cruzada,PL,M1,90.9303,127.8124
2013-05,validación cruzada,PL,M1,171.082,173.0634
2013-06,validación cruzada,PL,M1,64.8772,52.9752
2013-07,validación cruzada,PL,M1,45.9938,56.0532
2013-08,validación cruzada,PL,M1,73.6277,104.8263
2013-09,validación cruzada,PL,M1,68.6454,81.1794
2013-11,validación cruzada,PL,M1,142.9876,143.2805
2013-12,validación cruzada,PL,M1,111.3759,91.0718
2014-01,validación cruzada,PL,M1,70.9535,63.1991
2014-04,validación cruzada,PL,M1,92.2284,142.3486
2014-06,validación cruzada,PL,M1,55.8182,53.2285
2014-08,validación cruzada,PL,M1,53.1712,77.8655
2014-09,validación cruzada,PL,M1,50.0446,92.9805
2015-01,validación cruzada,PL,M1,40.0589,61.8677
2015-02,validación cruzada,PL,M1,59.2947,77.3011
2015-03,validación cruzada,PL,M1,90.5143,150.8214
2015-04,validación cruzada,PL,M1,164.1511,191.1088
2015-05,validación cruzada,PL,M1,58.6659,75.7455
2016-01,validación cruzada,PL,M1,29.23,24.9853
2016-02,validación cruzada,PL,M1,29.4349,36.675
2016-03,validación cruzada,PL,M1,51.2063,78.6223
2016-04,validación cruzada,PL,M1,100.0202,141.4116
2016-05,validación cruzada,PL,M1,117.1286,140.7785
2016-06,validación cruzada,PL,M1,67.3366,68.7256
2016-07,validación cruzada,PL,M1,63.2669,82.5628
2016-09,validación cruzada,PL,M1,49.2063,98.507
2016-10,validación cruzada,PL,M1,111.7111,147.4337
2016-11,validación cruzada,PL,M1,159.3188,145.8332
2016-12,validación cruzada,PL,M1,136.6888,91.2237
2017-01,validación cruzada,PL,M1,78.1176,46.6731
2017-02,validación cruzada,PL,M1,40.3236,39.2885
2017-03,validación cruzada,PL,M1,151.7887,176.9923
2017-04,validación cruzada,PL,M1,135.3266,157.214
2017-05,validación cruzada,PL,M1,182.5038,166.7613
2017-06,validación cruzada,PL,M1,133.3951,140.0356
2017-07,validación cruzada,PL,M1,94.8572,86.8375
2017-08,validación cruzada,PL,M1,68.9357,85.757
2017-09,validación cruzada,PL,M1,76.7034,100.4283
2017-10,validación cruzada,PL,M1,100.5155,121.017
2017-11,validación cruzada,PL,M1,132.4144,129.239
2017-12,validación cruzada,PL,M1,80.8766,80.4052
2018-01,validación cruzada,PL,M1,77.824,82.0036
2018-02,validación cruzada,PL,M1,43.552,40.8725
2018-03,validación cruzada,PL,M1,79.0792,141.8081
2018-04,validación cruzada,PL,M1,165.9706,150.3103
2018-05,validación cruzada,PL,M1,236.5996,201.3482
2018-06,validación cruzada,PL,M1,110.3734,75.6414
2018-07,validación cruzada,PL,M1,88.7003,83.4248
2018-08,validación cruzada,PL,M1,68.3854,65.6437
2018-09,validación cruzada,PL,M1,70.6306,99.6938
2018-10,validación cruzada,PL,M1,207.3309,186.8226
2018-11,validación cruzada,PL,M1,174.1986,108.1216
2018-12,validación cruzada,PL,M1,68.8454,40.5205
2019-01,validación cruzada,PL,M1,44.6583,49.1976
2019-02,validación cruzada,PL,M1,71.1451,117.293
2019-03,validación cruzada,PL,M1,142.4226,164.6871
2019-04,validación cruzada,PL,M1,201.7195,158.2636
2019-05,validación cruzada,PL,M1,147.3361,148.7593
2019-06,validación cruzada,PL,M1,98.1111,47.0588
2019-07,validación cruzada,PL,M1,63.3355,83.6396
2019-08,validación cruzada,PL,M1,53.8589,60.8125
2019-09,validación cruzada,PL,M1,63.2511,111.429
2019-10,validación cruzada,PL,M1,109.5274,119.1769
2019-11,validación cruzada,PL,M1,124.8817,103.8652
2019-12,validación cruzada,PL,M1,71.7877,80.3735
2020-01,validación cruzada,PL,M1,39.4451,39.9483
2020-02,validación cruzada,PL,M1,34.016,36.4355
2020-03,validación cruzada,PL,M1,66.8316,125.2605
2020-04,validación cruzada,PL,M1,101.4582,118.7166
2020-05,validación cruzada,PL,M1,94.4245,111.3652
2020-06,validación cruzada,PL,M1,120.9505,115.7562
2020-07,validación cruzada,PL,M1,90.926,90.9826
2020-08,validación cruzada,PL,M1,97.6325,96.528
2020-09,validación cruzada,PL,M1,84.451,99.8142
2020-10,validación cruzada,PL,M1,104.8166,143.8088
2020-11,validación cruzada,PL,M1,203.1163,182.1589
2020-12,validación cruzada,PL,M1,94.1868,71.8465
2021-01,validación cruzada,PL,M1,47.8572,20.4439
2021-02,validación cruzada,PL,M1,41.4142,74.1837
2021-03,validación cruzada,PL,M1,129.2163,160.7636
2021-04,validación cruzada,PL,M1,138.9796,125.0339
2021-05,validación cruzada,PL,M1,194.8906,155.9689
2021-06,validación cruzada,PL,M1,121.8563,81.4854
2021-07,validación cruzada,PL,M1,85.407,84.297
2021-08,validación cruzada,PL,M1,104.5369,116.3511
2021-09,validación cruzada,PL,M1,111.1802,127.803
2021-10,validación cruzada,PL,M1,133.8155,141.6841
2021-11,validación cruzada,PL,M1,117.1438,101.3935
2021-12,validación cruzada,PL,M1,87.3851,69.7419
2022-01,validación cruzada,PL,M1,52.8252,31.4119
2022-02,validación cruzada,PL,M1,72.7716,85.5577
2022-03,validación cruzada,PL,M1,156.7047,171.6277
2022-04,validación cruzada,PL,M1,162.3133,142.8385
2022-05,validación cruzada,PL,M1,165.3947,142.874
2022-10,validación cruzada,PL,M1,260.9504,173.5399
2022-11,validación cruzada,PL,M1,299.7937,174.3756
2022-12,validación cruzada,PL,M1,152.6269,68.8248
1998-02,validación cruzada,PL,M2,49.5151,46.6844
1998-03,validación cruzada,PL,M2,81.421,105.9872
1998-06,validación cruzada,PL,M2,88.942,99.7583
1998-07,validación cruzada,PL,M2,83.2035,81.3302
1998-08,validación cruzada,PL,M2,95.619,107.2209
1998-09,validación cruzada,PL,M2,103.9882,121.6329
1998-10,validación cruzada,PL,M2,199.8539,203.3499
1998-11,validación cruzada,PL,M2,172.4213,175.0124
1998-12,validación cruzada,PL,M2,170.0872,136.454
1999-01,validación cruzada,PL,M2,109.9281,119.7442
1999-02,validación cruzada,PL,M2,179.1889,170.1456
1999-03,validación cruzada,PL,M2,156.1733,165.2758
1999-04,validación cruzada,PL,M2,169.3421,155.5123
1999-05,validación cruzada,PL,M2,159.6478,141.5435
1999-06,validación cruzada,PL,M2,109.6729,144.755
1999-07,validación cruzada,PL,M2,87.5697,102.7148
1999-08,validación cruzada,PL,M2,93.4551,100.5004
1999-10,validación cruzada,PL,M2,191.2255,175.2516
1999-11,validación cruzada,PL,M2,214.415,175.9483
1999-12,validación cruzada,PL,M2,139.5126,140.017
2000-01,validación cruzada,PL,M2,76.1519,75.0335
2000-02,validación cruzada,PL,M2,88.1804,95.7157
2000-03,validación cruzada,PL,M2,121.8746,106.6656
2000-04,validación cruzada,PL,M2,114.0046,142.3699
2000-06,validación cruzada,PL,M2,114.9239,121.6579
2000-07,validación cruzada,PL,M2,85.4914,105.6558
2000-08,validación cruzada,PL,M2,63.1455,87.1979
2000-11,validación cruzada,PL,M2,136.2251,122.8966
2001-01,validación cruzada,PL,M2,52.453,39.3072
2001-02,validación cruzada,PL,M2,43.306,40.9725
2001-04,validación cruzada,PL,M2,69.3034,113.9911
2001-05,validación cruzada,PL,M2,119.4227,134.8729
2001-06,validación cruzada,PL,M2,96.1994,99.6088
2001-07,validación cruzada,PL,M2,63.0695,72.5142
2001-08,validación cruzada,PL,M2,47.1262,62.39
2001-09,validación cruzada,PL,M2,66.7373,93.6125
2001-10,validación cruzada,PL,M2,145.8902,158.9317
2001-11,validación cruzada,PL,M2,142.5311,155.0415
2001-12,validación cruzada,PL,M2,128.5266,124.5796
2002-01,validación cruzada,PL,M2,49.7031,52.0727
2002-02,validación cruzada,PL,M2,45.8665,19.0316
2002-03,validación cruzada,PL,M2,102.7694,86.2825
2002-04,validación cruzada,PL,M2,196.5072,190.0135
2002-05,validación cruzada,PL,M2,138.4351,174.5415
2002-06,validación cruzada,PL,M2,136.7803,111.5497
2002-07,validación cruzada,PL,M2,64.959,62.9274
2002-08,validación cruzada,PL,M2,52.0331,70.471
2002-09,validación cruzada,PL,M2,78.9923,100.7947
2002-10,validación cruzada,PL,M2,107.8081,123.8731
2002-11,validación cruzada,PL,M2,104.4449,119.6663
2002-12,validación cruzada,PL,M2,92.8774,106.7718
2003-01,validación cruzada,PL,M2,43.2772,38.5276
2003-02,validación cruzada,PL,M2,37.5017,29.8694
2003-03,validación cruzada,PL,M2,69.6298,88.988
2003-04,validación cruzada,PL,M2,156.939,175.7096
2003-05,validación cruzada,PL,M2,115.2211,177.2869
2003-06,validación cruzada,PL,M2,113.5073,132.2924
2003-07,validación cruzada,PL,M2,68.5536,84.6883
2003-08,validación cruzada,PL,M2,81.8739,102.2313
2003-09,validación cruzada,PL,M2,97.9413,142.2033
2003-10,validación cruzada,PL,M2,199.0143,204.5402
2003-11,validación cruzada,PL,M2,168.7411,218.5238
2003-12,validación cruzada,PL,M2,131.3506,118.001
2004-01,validación cruzada,PL,M2,71.5043,62.7903
2004-02,validación cruzada,PL,M2,44.014,55.0255
2004-03,validación cruzada,PL,M2,55.8861,76.2767
2004-04,validación cruzada,PL,M2,151.958,161.927
2004-05,validación cruzada,PL,M2,199.7007,220.4781
2004-06,validación cruzada,PL,M2,78.84,121.9076
2004-07,validación cruzada,PL,M2,64.0163,74.4772
2004-08,validación cruzada,PL,M2,50.1148,61.9658
2004-09,validación cruzada,PL,M2,95.8619,117.3588
2004-10,validación cruzada,PL,M2,144.4576,171.3312
2004-11,validación cruzada,PL,M2,202.0192,167.3682
2004-12,validación cruzada,PL,M2,105.0829,100.0734
2005-01,validación cruzada,PL,M2,96.2035,92.9398
2005-02,validación cruzada,PL,M2,102.7421,108.3243
2005-03,validación cruzada,PL,M2,61.9362,78.948
2005-05,validación cruzada,PL,M2,152.9021,151.3528
2005-06,validación cruzada,PL,M2,99.8158,104.5529
2005-07,validación cruzada,PL,M2,75.5127,78.8119
2005-08,validación cruzada,PL,M2,64.4239,69.9458
2005-09,validación cruzada,PL,M2,70.2408,75.6246
2005-10,validación cruzada,PL,M2,205.1395,169.4336
2005-11,validación cruzada,PL,M2,208.6537,193.5787
2005-12,validación cruzada,PL,M2,102.9176,96.0257
2006-02,validación cruzada,PL,M2,48.3249,27.6375
2006-03,validación cruzada,PL,M2,142.0923,113.9195
2006-04,validación cruzada,PL,M2,177.1545,195.3598
2006-05,validación cruzada,PL,M2,221.7115,202.0536
2006-06,validación cruzada,PL,M2,142.8353,143.7702
2006-07,validación cruzada,PL,M2,66.8242,69.3426
2006-08,validación cruzada,PL,M2,60.9199,80.6418
2006-09,validación cruzada,PL,M2,70.4986,96.4302
2006-10,validación cruzada,PL,M2,158.898,161.1361
2006-11,validación cruzada,PL,M2,190.3756,196.8184
2006-12,validación cruzada,PL,M2,145.5888,136.6873
2007-01,validación cruzada,PL,M2,82.626,91.4436
2007-02,validación cruzada,PL,M2,36.8294,37.4468
2007-03,validación cruzada,PL,M2,101.4163,124.437
2007-04,validación cruzada,PL,M2,157.5046,194.2841
2007-05,validación cruzada,PL,M2,167.2925,188.2697
2007-06,validación cruzada,PL,M2,112.2959,115.044
2007-07,validación cruzada,PL,M2,88.217,102.063
2007-08,validación cruzada,PL,M2,102.5298,130.7245
2007-09,validación cruzada,PL,M2,98.5619,117.9405
2007-10,validación cruzada,PL,M2,207.0167,196.7012
2007-11,validación cruzada,PL,M2,152.8426,167.9659
2007-12,validación cruzada,PL,M2,128.9366,116.9535
2008-01,validación cruzada,PL,M2,94.7241,73.6085
2008-02,validación cruzada,PL,M2,67.2395,58.3309
2008-06,validación cruzada,PL,M2,120.6895,134.1353
2008-07,validación cruzada,PL,M2,107.7074,102.0522
2008-08,validación cruzada,PL,M2,128.6061,122.0582
2008-09,validación cruzada,PL,M2,120.7657,128.5535
2008-10,validación cruzada,PL,M2,162.9998,148.9108
2008-11,validación cruzada,PL,M2,180.9487,160.8706
2008-12,validación cruzada,PL,M2,101.1813,80.2706
2009-01,validación cruzada,PL,M2,98.2906,58.247
2009-02,validación cruzada,PL,M2,114.7613,94.3698
2009-04,validación cruzada,PL,M2,142.0653,143.6038
2009-06,validación cruzada,PL,M2,95.9442,81.347
2009-07,validación cruzada,PL,M2,56.9272,58.0169
2009-08,validación cruzada,PL,M2,92.3772,102.0452
2009-09,validación cruzada,PL,M2,66.8777,77.3041
2009-10,validación cruzada,PL,M2,75.252,87.1028
2009-11,validación cruzada,PL,M2,148.7808,106.3395
2009-12,validación cruzada,PL,M2,62.5669,69.2195
2010-01,validación cruzada,PL,M2,33.5284,30.9036
2010-02,validación cruzada,PL,M2,30.2726,26.544
2010-03,validación cruzada,PL,M2,51.9948,66.977
2010-04,validación cruzada,PL,M2,105.828,122.4219
2010-05,validación cruzada,PL,M2,149.6132,155.7564
2010-06,validación cruzada,PL,M2,125.4005,153.3852
2010-07,validación cruzada,PL,M2,177.3191,162.1777
2010-08,validación cruzada,PL,M2,130.5174,135.073
2010-09,validación cruzada,PL,M2,205.8501,157.3298
2010-10,validación cruzada,PL,M2,206.4421,179.7218
2010-11,validación cruzada,PL,M2,244.2329,181.8484
2010-12,validación cruzada,PL,M2,161.8953,103.8253
2011-01,validación cruzada,PL,M2,70.159,38.045
2011-02,validación cruzada,PL,M2,78.7613,66.2594
2011-03,validación cruzada,PL,M2,182.9563,147.2737
2011-04,validación cruzada,PL,M2,278.9582,228.0367
2011-05,validación cruzada,PL,M2,231.4622,197.6117
2011-06,validación cruzada,PL,M2,120.9394,114.6792
2011-07,validación cruzada,PL,M2,76.8224,64.9579
2011-08,validación cruzada,PL,M2,87.9231,92.0277
2011-09,validación cruzada,PL,M2,89.4903,101.0926
2011-10,validación cruzada,PL,M2,231.5577,161.1349
2011-11,validación cruzada,PL,M2,189.5922,189.9718
2011-12,validación cruzada,PL,M2,223.8179,141.9075
2012-01,validación cruzada,PL,M2,121.2552,90.8901
2012-02,validación cruzada,PL,M2,57.6666,38.5557
2012-03,validación cruzada,PL,M2,87.1492,101.5544
2012-04,validación cruzada,PL,M2,234.6894,202.9572
2012-05,validación cruzada,PL,M2,193.3763,165.4546
2012-06,validación cruzada,PL,M2,75.9345,84.0437
2012-07,validación cruzada,PL,M2,60.036,51.7907
2012-08,validación cruzada,PL,M2,104.4609,78.8164
2012-09,validación cruzada,PL,M2,57.3632,79.8936
2012-11,validación cruzada,PL,M2,76.2081,106.5431
2012-12,validación cruzada,PL,M2,59.5347,54.4982
2013-02,validación cruzada,PL,M2,74.4323,76.3253
2013-03,validación cruzada,PL,M2,90.9303,127.8955
2013-05,validación cruzada,PL,M2,171.082,187.9435
2013-06,validación cruzada,PL,M2,64.8772,91.902
2013-07,validación cruzada,PL,M2,45.9938,34.3012
2013-08,validación cruzada,PL,M2,73.6277,76.1298
2013-09,validación cruzada,PL,M2,68.6454,81.024
2013-11,validación cruzada,PL,M2,142.9876,155.5937
2013-12,validación cruzada,PL,M2,111.3759,108.4541
2014-01,validación cruzada,PL,M2,70.9535,59.2834
2014-04,validación cruzada,PL,M2,92.2284,139.2829
2014-06,validación cruzada,PL,M2,55.8182,73.0865
2014-08,validación cruzada,PL,M2,53.1712,55.2064
2014-09,validación cruzada,PL,M2,50.0446,77.2692
2015-01,validación cruzada,PL,M2,40.0589,46.9349
2015-02,validación cruzada,PL,M2,59.2947,56.3057
2015-03,validación cruzada,PL,M2,90.5143,124.7637
2015-04,validación cruzada,PL,M2,164.1511,194.8624
2015-05,validación cruzada,PL,M2,58.6659,119.7481
2016-01,validación cruzada,PL,M2,29.23,7.2792
2016-02,validación cruzada,PL,M2,29.4349,4.2765
2016-03,validación cruzada,PL,M2,51.2063,44.7799
2016-04,validación cruzada,PL,M2,100.0202,117.6528
2016-05,validación cruzada,PL,M2,117.1286,148.5763
2016-06,validación cruzada,PL,M2,67.3366,88.7428
2016-07,validación cruzada,PL,M2,63.2669,64.0865
2016-09,validación cruzada,PL,M2,49.2063,86.911
2016-10,validación cruzada,PL,M2,111.7111,132.5859
2016-11,validación cruzada,PL,M2,159.3188,155.7676
2016-12,validación cruzada,PL,M2,136.6888,109.8581
2017-01,validación cruzada,PL,M2,78.1176,45.7089
2017-02,validación cruzada,PL,M2,40.3236,17.297
2017-03,validación cruzada,PL,M2,151.7887,127.3435
2017-04,validación cruzada,PL,M2,135.3266,179.972
2017-05,validación cruzada,PL,M2,182.5038,177.9527
2017-06,validación cruzada,PL,M2,133.3951,160.6585
2017-07,validación cruzada,PL,M2,94.8572,103.3314
2017-08,validación cruzada,PL,M2,68.9357,75.796
2017-09,validación cruzada,PL,M2,76.7034,87.3734
2017-10,validación cruzada,PL,M2,100.5155,111.7277
2017-11,validación cruzada,PL,M2,132.4144,128.8305
2017-12,validación cruzada,PL,M2,80.8766,92.611
2018-01,validación cruzada,PL,M2,77.824,71.0084
2018-02,validación cruzada,PL,M2,43.552,38.5899
2018-03,validación cruzada,PL,M2,79.0792,104.4768
2018-04,validación cruzada,PL,M2,165.9706,156.9582
2018-05,validación cruzada,PL,M2,236.5996,203.4452
2018-06,validación cruzada,PL,M2,110.3734,121.3044
2018-07,validación cruzada,PL,M2,88.7003,71.3013
2018-08,validación cruzada,PL,M2,68.3854,59.9362
2018-09,validación cruzada,PL,M2,70.6306,80.407
2018-10,validación cruzada,PL,M2,207.3309,168.5487
2018-11,validación cruzada,PL,M2,174.1986,141.9263
2018-12,validación cruzada,PL,M2,68.8454,50.0366
2019-01,validación cruzada,PL,M2,44.6583,26.9012
2019-02,validación cruzada,PL,M2,71.1451,87.726
2019-03,validación cruzada,PL,M2,142.4226,157.9561
2019-04,validación cruzada,PL,M2,201.7195,173.8917
2019-05,validación cruzada,PL,M2,147.3361,163.059
2019-06,validación cruzada,PL,M2,98.1111,73.7704
2019-07,validación cruzada,PL,M2,63.3355,58.632
2019-08,validación cruzada,PL,M2,53.8589,55.9941
2019-09,validación cruzada,PL,M2,63.2511,88.0452
2019-10,validación cruzada,PL,M2,109.5274,117.2759
2019-11,validación cruzada,PL,M2,124.8817,107.9591
2019-12,validación cruzada,PL,M2,71.7877,81.4382
2020-01,validación cruzada,PL,M2,39.4451,37.0846
2020-02,validación cruzada,PL,M2,34.016,15.9755
2020-03,validación cruzada,PL,M2,66.8316,88.6493
2020-04,validación cruzada,PL,M2,101.4582,123.1089
2020-05,validación cruzada,PL,M2,94.4245,114.0218
2020-06,validación cruzada,PL,M2,120.9505,114.3877
2020-07,validación cruzada,PL,M2,90.926,95.6523
2020-08,validación cruzada,PL,M2,97.6325,89.1513
2020-09,validación cruzada,PL,M2,84.451,94.3912
2020-10,validación cruzada,PL,M2,104.8166,132.6456
2020-11,validación cruzada,PL,M2,203.1163,184.4814
2020-12,validación cruzada,PL,M2,94.1868,109.5059
2021-01,validación cruzada,PL,M2,47.8572,16.9468
2021-02,validación cruzada,PL,M2,41.4142,38.763
2021-03,validación cruzada,PL,M2,129.2163,135.2971
2021-04,validación cruzada,PL,M2,138.9796,144.3497
2021-05,validación cruzada,PL,M2,194.8906,154.148
2021-06,validación cruzada,PL,M2,121.8563,105.7901
2021-07,validación cruzada,PL,M2,85.407,74.6576
2021-08,validación cruzada,PL,M2,104.5369,102.717
2021-09,validación cruzada,PL,M2,111.1802,126.6996
2021-10,validación cruzada,PL,M2,133.8155,143.4515
2021-11,validación cruzada,PL,M2,117.1438,116.0107
2021-12,validación cruzada,PL,M2,87.3851,71.4397
2022-01,validación cruzada,PL,M2,52.8252,25.1693
2022-02,validación cruzada,PL,M2,72.7716,53.2016
2022-03,validación cruzada,PL,M2,156.7047,149.4919
2022-04,validación cruzada,PL,M2,162.3133,164.1172
2022-05,validación cruzada,PL,M2,165.3947,151.2051
2022-10,validación cruzada,PL,M2,260.9504,186.5504
2022-11,validación cruzada,PL,M2,299.7937,191.3401
2022-12,validación cruzada,PL,M2,152.6269,103.481
1998-02,validación cruzada,PL,M3,49.5151,79.8055
1998-03,validación cruzada,PL,M3,81.421,126.2634
1998-06,validación cruzada,PL,M3,88.942,78.8762
1998-07,validación cruzada,PL,M3,83.2035,100.9248
1998-08,validación cruzada,PL,M3,95.619,116.1516
1998-09,validación cruzada,PL,M3,103.9882,122.446
1998-10,validación cruzada,PL,M3,199.8539,197.8649
1998-11,validación cruzada,PL,M3,172.4213,127.1063
1998-12,validación cruzada,PL,M3,170.0872,131.2728
1999-01,validación cruzada,PL,M3,109.9281,111.6022
1999-02,validación cruzada,PL,M3,179.1889,172.6229
1999-03,validación cruzada,PL,M3,156.1733,133.1843
1999-04,validación cruzada,PL,M3,169.3421,146.8055
1999-05,validación cruzada,PL,M3,159.6478,124.8484
1999-06,validación cruzada,PL,M3,109.6729,140.8745
1999-07,validación cruzada,PL,M3,87.5697,87.1568
1999-08,validación cruzada,PL,M3,93.4551,116.7253
1999-10,validación cruzada,PL,M3,191.2255,153.7178
1999-11,validación cruzada,PL,M3,214.415,155.0229
1999-12,validación cruzada,PL,M3,139.5126,118.2564
2000-01,validación cruzada,PL,M3,76.1519,70.2388
2000-02,validación cruzada,PL,M3,88.1804,120.6294
2000-03,validación cruzada,PL,M3,121.8746,104.1352
2000-04,validación cruzada,PL,M3,114.0046,149.8401
2000-06,validación cruzada,PL,M3,114.9239,123.0335
2000-07,validación cruzada,PL,M3,85.4914,101.6
2000-08,validación cruzada,PL,M3,63.1455,94.3939
2000-11,validación cruzada,PL,M3,136.2251,118.1707
2001-01,validación cruzada,PL,M3,52.453,62.7595
2001-02,validación cruzada,PL,M3,43.306,64.1603
2001-04,validación cruzada,PL,M3,69.3034,107.658
2001-05,validación cruzada,PL,M3,119.4227,140.5568
2001-06,validación cruzada,PL,M3,96.1994,83.878
2001-07,validación cruzada,PL,M3,63.0695,88.4783
2001-08,validación cruzada,PL,M3,47.1262,74.2681
2001-09,validación cruzada,PL,M3,66.7373,116.3812
2001-10,validación cruzada,PL,M3,145.8902,159.3938
2001-11,validación cruzada,PL,M3,142.5311,130.9593
2001-12,validación cruzada,PL,M3,128.5266,116.8471
2002-01,validación cruzada,PL,M3,49.7031,42.6312
2002-02,validación cruzada,PL,M3,45.8665,48.3264
2002-03,validación cruzada,PL,M3,102.7694,121.5527
2002-04,validación cruzada,PL,M3,196.5072,186.0432
2002-05,validación cruzada,PL,M3,138.4351,134.1549
2002-06,validación cruzada,PL,M3,136.7803,101.1178
2002-07,validación cruzada,PL,M3,64.959,67.0318
2002-08,validación cruzada,PL,M3,52.0331,95.52
2002-09,validación cruzada,PL,M3,78.9923,112.4492
2002-10,validación cruzada,PL,M3,107.8081,126.8395
2002-11,validación cruzada,PL,M3,104.4449,114.1744
2002-12,validación cruzada,PL,M3,92.8774,108.0818
2003-01,validación cruzada,PL,M3,43.2772,30.1784
2003-02,validación cruzada,PL,M3,37.5017,68.4939
2003-03,validación cruzada,PL,M3,69.6298,113.9241
2003-04,validación cruzada,PL,M3,156.939,175.8478
2003-05,validación cruzada,PL,M3,115.2211,141.4547
2003-06,validación cruzada,PL,M3,113.5073,116.9607
2003-07,validación cruzada,PL,M3,68.5536,80.8801
2003-08,validación cruzada,PL,M3,81.8739,121.0643
2003-09,validación cruzada,PL,M3,97.9413,139.2253
2003-10,validación cruzada,PL,M3,199.0143,189.2147
2003-11,validación cruzada,PL,M3,168.7411,173.4583
2003-12,validación cruzada,PL,M3,131.3506,80.4294
2004-01,validación cruzada,PL,M3,71.5043,78.7307
2004-02,validación cruzada,PL,M3,44.014,70.819
2004-03,validación cruzada,PL,M3,55.8861,99.1562
2004-04,validación cruzada,PL,M3,151.958,170.553
2004-05,validación cruzada,PL,M3,199.7007,186.3657
2004-06,validación cruzada,PL,M3,78.84,75.6663
2004-07,validación cruzada,PL,M3,64.0163,94.5027
2004-08,validación cruzada,PL,M3,50.1148,69.1214
2004-09,validación cruzada,PL,M3,95.8619,142.549
2004-10,validación cruzada,PL,M3,144.4576,155.6118
2004-11,validación cruzada,PL,M3,202.0192,143.9737
2004-12,validación cruzada,PL,M3,105.0829,80.4667
2005-01,validación cruzada,PL,M3,96.2035,111.6043
2005-02,validación cruzada,PL,M3,102.7421,109.9551
2005-03,validación cruzada,PL,M3,61.9362,78.8629
2005-05,validación cruzada,PL,M3,152.9021,132.007
2005-06,validación cruzada,PL,M3,99.8158,93.3136
2005-07,validación cruzada,PL,M3,75.5127,89.0016
2005-08,validación cruzada,PL,M3,64.4239,81.692
2005-09,validación cruzada,PL,M3,70.2408,92.3218
2005-10,validación cruzada,PL,M3,205.1395,181.2261
2005-11,validación cruzada,PL,M3,208.6537,154.2301
2005-12,validación cruzada,PL,M3,102.9176,68.7132
2006-02,validación cruzada,PL,M3,48.3249,43.3374
2006-03,validación cruzada,PL,M3,142.0923,151.4618
2006-04,validación cruzada,PL,M3,177.1545,173.6449
2006-05,validación cruzada,PL,M3,221.7115,167.0454
2006-06,validación cruzada,PL,M3,142.8353,112.766
2006-07,validación cruzada,PL,M3,66.8242,65.8965
2006-08,validación cruzada,PL,M3,60.9199,106.4969
2006-09,validación cruzada,PL,M3,70.4986,100.3251
2006-10,validación cruzada,PL,M3,158.898,169.1801
2006-11,validación cruzada,PL,M3,190.3756,164.6686
2006-12,validación cruzada,PL,M3,145.5888,106.8312
2007-01,validación cruzada,PL,M3,82.626,94.7163
2007-02,validación cruzada,PL,M3,36.8294,38.5588
2007-03,validación cruzada,PL,M3,101.4163,163.8048
2007-04,validación cruzada,PL,M3,157.5046,165.4168
2007-05,validación cruzada,PL,M3,167.2925,158.6348
2007-06,validación cruzada,PL,M3,112.2959,87.3428
2007-07,validación cruzada,PL,M3,88.217,117.3463
2007-08,validación cruzada,PL,M3,102.5298,129.7853
2007-09,validación cruzada,PL,M3,98.5619,109.1058
2007-10,validación cruzada,PL,M3,207.0167,198.0806
2007-11,validación cruzada,PL,M3,152.8426,117.6662
2007-12,validación cruzada,PL,M3,128.9366,115.4081
2008-01,validación cruzada,PL,M3,94.7241,71.0238
2008-02,validación cruzada,PL,M3,67.2395,77.9363
2008-06,validación cruzada,PL,M3,120.6895,108.3359
2008-07,validación cruzada,PL,M3,107.7074,104.0196
2008-08,validación cruzada,PL,M3,128.6061,126.7314
2008-09,validación cruzada,PL,M3,120.7657,120.4866
2008-10,validación cruzada,PL,M3,162.9998,143.9133
2008-11,validación cruzada,PL,M3,180.9487,142.2939
2008-12,validación cruzada,PL,M3,101.1813,57.8961
2009-01,validación cruzada,PL,M3,98.2906,84.8796
2009-02,validación cruzada,PL,M3,114.7613,109.089
2009-04,validación cruzada,PL,M3,142.0653,119.4605
2009-06,validación cruzada,PL,M3,95.9442,90.7859
2009-07,validación cruzada,PL,M3,56.9272,65.9516
2009-08,validación cruzada,PL,M3,92.3772,126.4262
2009-09,validación cruzada,PL,M3,66.8777,65.4648
2009-10,validación cruzada,PL,M3,75.252,111.6267
2009-11,validación cruzada,PL,M3,148.7808,106.5771
2009-12,validación cruzada,PL,M3,62.5669,69.0926
2010-01,validación cruzada,PL,M3,33.5284,46.2185
2010-02,validación cruzada,PL,M3,30.2726,54.222
2010-03,validación cruzada,PL,M3,51.9948,96.171
2010-04,validación cruzada,PL,M3,105.828,131.2751
2010-05,validación cruzada,PL,M3,149.6132,144.5248
2010-06,validación cruzada,PL,M3,125.4005,134.7057
2010-07,validación cruzada,PL,M3,177.3191,148.7322
2010-08,validación cruzada,PL,M3,130.5174,113.9807
2010-09,validación cruzada,PL,M3,205.8501,155.3653
2010-10,validación cruzada,PL,M3,206.4421,153.6497
2010-11,validación cruzada,PL,M3,244.2329,156.6219
2010-12,validación cruzada,PL,M3,161.8953,75.4194
2011-01,validación cruzada,PL,M3,70.159,51.3151
2011-02,validación cruzada,PL,M3,78.7613,96.8207
2011-03,validación cruzada,PL,M3,182.9563,154.7654
2011-04,validación cruzada,PL,M3,278.9582,197.8521
2011-05,validación cruzada,PL,M3,231.4622,145.2828
2011-06,validación cruzada,PL,M3,120.9394,94.8862
2011-07,validación cruzada,PL,M3,76.8224,71.4964
2011-08,validación cruzada,PL,M3,87.9231,113.6396
2011-09,validación cruzada,PL,M3,89.4903,99.9201
2011-10,validación cruzada,PL,M3,231.5577,166.1001
2011-11,validación cruzada,PL,M3,189.5922,157.0833
2011-12,validación cruzada,PL,M3,223.8179,115.785
2012-01,validación cruzada,PL,M3,121.2552,87.6944
2012-02,validación cruzada,PL,M3,57.6666,43.897
2012-03,validación cruzada,PL,M3,87.1492,135.9217
2012-04,validación cruzada,PL,M3,234.6894,185.5949
2012-05,validación cruzada,PL,M3,193.3763,121.579
2012-06,validación cruzada,PL,M3,75.9345,76.4482
2012-07,validación cruzada,PL,M3,60.036,67.3286
2012-08,validación cruzada,PL,M3,104.4609,102.1099
2012-09,validación cruzada,PL,M3,57.3632,83.9359
2012-11,validación cruzada,PL,M3,76.2081,86.6714
2012-12,validación cruzada,PL,M3,59.5347,64.3452
2013-02,validación cruzada,PL,M3,74.4323,121.8707
2013-03,validación cruzada,PL,M3,90.9303,127.2973
2013-05,validación cruzada,PL,M3,171.082,164.8404
2013-06,validación cruzada,PL,M3,64.8772,58.1272
2013-07,validación cruzada,PL,M3,45.9938,61.261
2013-08,validación cruzada,PL,M3,73.6277,107.2474
2013-09,validación cruzada,PL,M3,68.6454,85.6728
2013-11,validación cruzada,PL,M3,142.9876,140.385
2013-12,validación cruzada,PL,M3,111.3759,94.8343
2014-01,validación cruzada,PL,M3,70.9535,68.4004
2014-04,validación cruzada,PL,M3,92.2284,139.6046
2014-06,validación cruzada,PL,M3,55.8182,58.3865
2014-08,validación cruzada,PL,M3,53.1712,82.554
2014-09,validación cruzada,PL,M3,50.0446,96.5782
2015-01,validación cruzada,PL,M3,40.0589,67.0837
2015-02,validación cruzada,PL,M3,59.2947,82.0202
2015-03,validación cruzada,PL,M3,90.5143,146.6636
2015-04,validación cruzada,PL,M3,164.1511,179.2542
2015-05,validación cruzada,PL,M3,58.6659,80.5446
2016-01,validación cruzada,PL,M3,29.23,27.2284
2016-02,validación cruzada,PL,M3,29.4349,40.7845
2016-03,validación cruzada,PL,M3,51.2063,83.2687
2016-04,validación cruzada,PL,M3,100.0202,138.819
2016-05,validación cruzada,PL,M3,117.1286,138.2876
2016-06,validación cruzada,PL,M3,67.3366,73.806
2016-07,validación cruzada,PL,M3,63.2669,86.9671
2016-09,validación cruzada,PL,M3,49.2063,101.5877
2016-10,validación cruzada,PL,M3,111.7111,143.8508
2016-11,validación cruzada,PL,M3,159.3188,142.5175
2016-12,validación cruzada,PL,M3,136.6888,94.9734
2017-01,validación cruzada,PL,M3,78.1176,51.5847
2017-02,validación cruzada,PL,M3,40.3236,43.6652
2017-03,validación cruzada,PL,M3,151.7887,168.0025
2017-04,validación cruzada,PL,M3,135.3266,151.9383
2017-05,validación cruzada,PL,M3,182.5038,159.7389
2017-06,validación cruzada,PL,M3,133.3951,137.6634
2017-07,validación cruzada,PL,M3,94.8572,90.9389
2017-08,validación cruzada,PL,M3,68.9357,89.9388
2017-09,validación cruzada,PL,M3,76.7034,103.3159
2017-10,validación cruzada,PL,M3,100.5155,121.4505
2017-11,validación cruzada,PL,M3,132.4144,128.5169
2017-12,validación cruzada,PL,M3,80.8766,84.9466
2018-01,validación cruzada,PL,M3,77.824,84.9643
2018-02,validación cruzada,PL,M3,43.552,43.8642
2018-03,validación cruzada,PL,M3,79.0792,139.3189
2018-04,validación cruzada,PL,M3,165.9706,146.7247
2018-05,validación cruzada,PL,M3,236.5996,189.9881
2018-06,validación cruzada,PL,M3,110.3734,78.8749
2018-07,validación cruzada,PL,M3,88.7003,86.3143
2018-08,validación cruzada,PL,M3,68.3854,69.1394
2018-09,validación cruzada,PL,M3,70.6306,101.5318
2018-10,validación cruzada,PL,M3,207.3309,177.8623
2018-11,validación cruzada,PL,M3,174.1986,109.2618
2018-12,validación cruzada,PL,M3,68.8454,43.4895
2019-01,validación cruzada,PL,M3,44.6583,52.5807
2019-02,validación cruzada,PL,M3,71.1451,117.5702
2019-03,validación cruzada,PL,M3,142.4226,159.1071
2019-04,validación cruzada,PL,M3,201.7195,153.5956
2019-05,validación cruzada,PL,M3,147.3361,145.3785
2019-06,validación cruzada,PL,M3,98.1111,50.3663
2019-07,validación cruzada,PL,M3,63.3355,86.5181
2019-08,validación cruzada,PL,M3,53.8589,64.3524
2019-09,validación cruzada,PL,M3,63.2511,112.2699
2019-10,validación cruzada,PL,M3,109.5274,119.2643
2019-11,validación cruzada,PL,M3,124.8817,105.3698
2019-12,validación cruzada,PL,M3,71.7877,83.4114
2020-01,validación cruzada,PL,M3,39.4451,42.8792
2020-02,validación cruzada,PL,M3,34.016,39.0994
2020-03,validación cruzada,PL,M3,66.8316,124.7079
2020-04,validación cruzada,PL,M3,101.4582,118.8507
2020-05,validación cruzada,PL,M3,94.4245,112.212
2020-06,validación cruzada,PL,M3,120.9505,116.1851
2020-07,validación cruzada,PL,M3,90.926,93.4357
2020-08,validación cruzada,PL,M3,97.6325,98.6027
2020-09,validación cruzada,PL,M3,84.451,101.6429
2020-10,validación cruzada,PL,M3,104.8166,141.0675
2020-11,validación cruzada,PL,M3,203.1163,173.9398
2020-12,validación cruzada,PL,M3,94.1868,75.2049
2021-01,validación cruzada,PL,M3,47.8572,20.9214
2021-02,validación cruzada,PL,M3,41.4142,77.4686
2021-03,validación cruzada,PL,M3,129.2163,155.7446
2021-04,validación cruzada,PL,M3,138.9796,124.5058
2021-05,validación cruzada,PL,M3,194.8906,151.6187
2021-06,validación cruzada,PL,M3,121.8563,84.4712
2021-07,validación cruzada,PL,M3,85.407,87.1412
2021-08,validación cruzada,PL,M3,104.5369,116.7216
2021-09,validación cruzada,PL,M3,111.1802,126.971
2021-10,validación cruzada,PL,M3,133.8155,139.2105
2021-11,validación cruzada,PL,M3,117.1438,103.0986
2021-12,validación cruzada,PL,M3,87.3851,73.1565
2022-01,validación cruzada,PL,M3,52.8252,33.5822
2022-02,validación cruzada,PL,M3,72.7716,88.3338
2022-03,validación cruzada,PL,M3,156.7047,165.0262
2022-04,validación cruzada,PL,M3,162.3133,140.22
2022-05,validación cruzada,PL,M3,165.3947,140.251
2022-10,validación cruzada,PL,M3,260.9504,166.6506
2022-11,validación cruzada,PL,M3,299.7937,167.3597
2022-12,validación cruzada,PL,M3,152.6269,72.2608
1998-02,validación cruzada,PL,M4,49.5151,53.9794
1998-03,validación cruzada,PL,M4,81.421,104.1957
1998-06,validación cruzada,PL,M4,88.942,96.8459
1998-07,validación cruzada,PL,M4,83.2035,86.0683
1998-08,validación cruzada,PL,M4,95.619,109.6065
1998-09,validación cruzada,PL,M4,103.9882,122.992
1998-10,validación cruzada,PL,M4,199.8539,187.8647
1998-11,validación cruzada,PL,M4,172.4213,166.4033
1998-12,validación cruzada,PL,M4,170.0872,136.3985
1999-01,validación cruzada,PL,M4,109.9281,121.2461
1999-02,validación cruzada,PL,M4,179.1889,160.0777
1999-03,validación cruzada,PL,M4,156.1733,161.336
1999-04,validación cruzada,PL,M4,169.3421,153.2123
1999-05,validación cruzada,PL,M4,159.6478,140.825
1999-06,validación cruzada,PL,M4,109.6729,143.2802
1999-07,validación cruzada,PL,M4,87.5697,102.4546
1999-08,validación cruzada,PL,M4,93.4551,102.1292
1999-10,validación cruzada,PL,M4,191.2255,171.8285
1999-11,validación cruzada,PL,M4,214.415,172.4149
1999-12,validación cruzada,PL,M4,139.5126,138.4387
2000-01,validación cruzada,PL,M4,76.1519,78.4023
2000-02,validación cruzada,PL,M4,88.1804,94.017
2000-03,validación cruzada,PL,M4,121.8746,109.6721
2000-04,validación cruzada,PL,M4,114.0046,137.4654
2000-06,validación cruzada,PL,M4,114.9239,122.9455
2000-07,validación cruzada,PL,M4,85.4914,108.5462
2000-08,validación cruzada,PL,M4,63.1455,92.6505
2000-11,validación cruzada,PL,M4,136.2251,124.3726
2001-01,validación cruzada,PL,M4,52.453,51.2806
2001-02,validación cruzada,PL,M4,43.306,52.6793
2001-04,validación cruzada,PL,M4,69.3034,116.0672
2001-05,validación cruzada,PL,M4,119.4227,132.6156
2001-06,validación cruzada,PL,M4,96.1994,99.1439
2001-07,validación cruzada,PL,M4,63.0695,79.6521
2001-08,validación cruzada,PL,M4,47.1262,70.8207
2001-09,validación cruzada,PL,M4,66.7373,93.9028
2001-10,validación cruzada,PL,M4,145.8902,153.1036
2001-11,validación cruzada,PL,M4,142.5311,152.7706
2001-12,validación cruzada,PL,M4,128.5266,125.7842
2002-01,validación cruzada,PL,M4,49.7031,51.5728
2002-02,validación cruzada,PL,M4,45.8665,34.2232
2002-03,validación cruzada,PL,M4,102.7694,78.1989
2002-04,validación cruzada,PL,M4,196.5072,177.8723
2002-05,validación cruzada,PL,M4,138.4351,168.6185
2002-06,validación cruzada,PL,M4,136.7803,112.9943
2002-07,validación cruzada,PL,M4,64.959,69.6474
2002-08,validación cruzada,PL,M4,52.0331,75.697
2002-09,validación cruzada,PL,M4,78.9923,103.7593
2002-10,validación cruzada,PL,M4,107.8081,124.5559
2002-11,validación cruzada,PL,M4,104.4449,121.4076
2002-12,validación cruzada,PL,M4,92.8774,109.9716
2003-01,validación cruzada,PL,M4,43.2772,38.6706
2003-02,validación cruzada,PL,M4,37.5017,38.8019
2003-03,validación cruzada,PL,M4,69.6298,88.6643
2003-04,validación cruzada,PL,M4,156.939,162.7764
2003-05,validación cruzada,PL,M4,115.2211,170.8276
2003-06,validación cruzada,PL,M4,113.5073,131.2651
2003-07,validación cruzada,PL,M4,68.5536,88.6757
2003-08,validación cruzada,PL,M4,81.8739,101.3481
2003-09,validación cruzada,PL,M4,97.9413,139.3266
2003-10,validación cruzada,PL,M4,199.0143,191.2604
2003-11,validación cruzada,PL,M4,168.7411,208.7658
2003-12,validación cruzada,PL,M4,131.3506,108.0187
2004-01,validación cruzada,PL,M4,71.5043,71.6451
2004-02,validación cruzada,PL,M4,44.014,65.1135
2004-03,validación cruzada,PL,M4,55.8861,80.7181
2004-04,validación cruzada,PL,M4,151.958,147.9466
2004-05,validación cruzada,PL,M4,199.7007,209.6467
2004-06,validación cruzada,PL,M4,78.84,106.7247
2004-07,validación cruzada,PL,M4,64.0163,80.3534
2004-08,validación cruzada,PL,M4,50.1148,70.1215
2004-09,validación cruzada,PL,M4,95.8619,106.5609
2004-10,validación cruzada,PL,M4,144.4576,165.5738
2004-11,validación cruzada,PL,M4,202.0192,162.7425
2004-12,validación cruzada,PL,M4,105.0829,98.2272
2005-01,validación cruzada,PL,M4,96.2035,94.7173
2005-02,validación cruzada,PL,M4,102.7421,110.6625
2005-03,validación cruzada,PL,M4,61.9362,84.1979
2005-05,validación cruzada,PL,M4,152.9021,148.4134
2005-06,validación cruzada,PL,M4,99.8158,105.7695
2005-07,validación cruzada,PL,M4,75.5127,85.2704
2005-08,validación cruzada,PL,M4,64.4239,77.7186
2005-09,validación cruzada,PL,M4,70.2408,82.0233
2005-10,validación cruzada,PL,M4,205.1395,149.7262
2005-11,validación cruzada,PL,M4,208.6537,185.8988
2005-12,validación cruzada,PL,M4,102.9176,89.6836
2006-02,validación cruzada,PL,M4,48.3249,41.14
2006-03,validación cruzada,PL,M4,142.0923,88.0728
2006-04,validación cruzada,PL,M4,177.1545,186.4426
2006-05,validación cruzada,PL,M4,221.7115,193.859
2006-06,validación cruzada,PL,M4,142.8353,138.818
2006-07,validación cruzada,PL,M4,66.8242,73.8843
2006-08,validación cruzada,PL,M4,60.9199,82.3657
2006-09,validación cruzada,PL,M4,70.4986,100.4067
2006-10,validación cruzada,PL,M4,158.898,147.8784
2006-11,validación cruzada,PL,M4,190.3756,189.1116
2006-12,validación cruzada,PL,M4,145.5888,131.9742
2007-01,validación cruzada,PL,M4,82.626,96.0476
2007-02,validación cruzada,PL,M4,36.8294,44.0262
2007-03,validación cruzada,PL,M4,101.4163,88.3204
2007-04,validación cruzada,PL,M4,157.5046,186.6862
2007-05,validación cruzada,PL,M4,167.2925,181.4495
2007-06,validación cruzada,PL,M4,112.2959,110.2207
2007-07,validación cruzada,PL,M4,88.217,102.8207
2007-08,validación cruzada,PL,M4,102.5298,129.6349
2007-09,validación cruzada,PL,M4,98.5619,118.8142
2007-10,validación cruzada,PL,M4,207.0167,175.1119
2007-11,validación cruzada,PL,M4,152.8426,156.7137
2007-12,validación cruzada,PL,M4,128.9366,118.186
2008-01,validación cruzada,PL,M4,94.7241,77.9767
2008-02,validación cruzada,PL,M4,67.2395,67.2572
2008-06,validación cruzada,PL,M4,120.6895,130.7157
2008-07,validación cruzada,PL,M4,107.7074,105.32
2008-08,validación cruzada,PL,M4,128.6061,121.4785
2008-09,validación cruzada,PL,M4,120.7657,128.5574
2008-10,validación cruzada,PL,M4,162.9998,145.1601
2008-11,validación cruzada,PL,M4,180.9487,157.1136
2008-12,validación cruzada,PL,M4,101.1813,74.3836
2009-01,validación cruzada,PL,M4,98.2906,65.1825
2009-02,validación cruzada,PL,M4,114.7613,97.0062
2009-04,validación cruzada,PL,M4,142.0653,140.6097
2009-06,validación cruzada,PL,M4,95.9442,87.3135
2009-07,validación cruzada,PL,M4,56.9272,66.2192
2009-08,validación cruzada,PL,M4,92.3772,96.6268
2009-09,validación cruzada,PL,M4,66.8777,77.6144
2009-10,validación cruzada,PL,M4,75.252,86.8711
2009-11,validación cruzada,PL,M4,148.7808,109.0655
2009-12,validación cruzada,PL,M4,62.5669,74.5313
2010-01,validación cruzada,PL,M4,33.5284,43.1032
2010-02,validación cruzada,PL,M4,30.2726,40.2531
2010-03,validación cruzada,PL,M4,51.9948,69.9382
2010-04,validación cruzada,PL,M4,105.828,120.2704
2010-05,validación cruzada,PL,M4,149.6132,152.024
2010-06,validación cruzada,PL,M4,125.4005,150.4837
2010-07,validación cruzada,PL,M4,177.3191,157.6796
2010-08,validación cruzada,PL,M4,130.5174,132.9902
2010-09,validación cruzada,PL,M4,205.8501,150.4129
2010-10,validación cruzada,PL,M4,206.4421,173.8962
2010-11,validación cruzada,PL,M4,244.2329,175.6935
2010-12,validación cruzada,PL,M4,161.8953,97.0489
2011-01,validación cruzada,PL,M4,70.159,49.0847
2011-02,validación cruzada,PL,M4,78.7613,68.4245
2011-03,validación cruzada,PL,M4,182.9563,138.2335
2011-04,validación cruzada,PL,M4,278.9582,213.8321
2011-05,validación cruzada,PL,M4,231.4622,187.2833
2011-06,validación cruzada,PL,M4,120.9394,112.988
2011-07,validación cruzada,PL,M4,76.8224,72.3551
2011-08,validación cruzada,PL,M4,87.9231,92.1171
2011-09,validación cruzada,PL,M4,89.4903,104.3366
2011-10,validación cruzada,PL,M4,231.5577,148.8535
2011-11,validación cruzada,PL,M4,189.5922,183.0877
2011-12,validación cruzada,PL,M4,223.8179,138.4402
2012-01,validación cruzada,PL,M4,121.2552,94.5595
2012-02,validación cruzada,PL,M4,57.6666,46.5153
2012-03,validación cruzada,PL,M4,87.1492,83.7572
2012-04,validación cruzada,PL,M4,234.6894,190.1409
2012-05,validación cruzada,PL,M4,193.3763,156.6143
2012-06,validación cruzada,PL,M4,75.9345,86.5119
2012-07,validación cruzada,PL,M4,60.036,61.8327
2012-08,validación cruzada,PL,M4,104.4609,81.8482
2012-09,validación cruzada,PL,M4,57.3632,85.6694
2012-11,validación cruzada,PL,M4,76.2081,104.5283
2012-12,validación cruzada,PL,M4,59.5347,63.404
2013-02,validación cruzada,PL,M4,74.4323,59.9852
2013-03,validación cruzada,PL,M4,90.9303,128.8378
2013-05,validación cruzada,PL,M4,171.082,184.5434
2013-06,validación cruzada,PL,M4,64.8772,79.8342
2013-07,validación cruzada,PL,M4,45.9938,47.2556
2013-08,validación cruzada,PL,M4,73.6277,76.9778
2013-09,validación cruzada,PL,M4,68.6454,86.8463
2013-11,validación cruzada,PL,M4,142.9876,154.6404
2013-12,validación cruzada,PL,M4,111.3759,109.2958
2014-01,validación cruzada,PL,M4,70.9535,67.5238
2014-04,validación cruzada,PL,M4,92.2284,138.3041
2014-06,validación cruzada,PL,M4,55.8182,71.4302
2014-08,validación cruzada,PL,M4,53.1712,63.5867
2014-09,validación cruzada,PL,M4,50.0446,83.0933
2015-01,validación cruzada,PL,M4,40.0589,57.9303
2015-02,validación cruzada,PL,M4,59.2947,64.9078
2015-03,validación cruzada,PL,M4,90.5143,116.6457
2015-04,validación cruzada,PL,M4,164.1511,188.6959
2015-05,validación cruzada,PL,M4,58.6659,109.1965
2016-01,validación cruzada,PL,M4,29.23,23.6549
2016-02,validación cruzada,PL,M4,29.4349,22.3983
2016-03,validación cruzada,PL,M4,51.2063,50.1213
2016-04,validación cruzada,PL,M4,100.0202,112.4235
2016-05,validación cruzada,PL,M4,117.1286,148.0232
2016-06,validación cruzada,PL,M4,67.3366,88.2543
2016-07,validación cruzada,PL,M4,63.2669,71.7364
2016-09,validación cruzada,PL,M4,49.2063,91.8823
2016-10,validación cruzada,PL,M4,111.7111,128.9899
2016-11,validación cruzada,PL,M4,159.3188,154.6969
2016-12,validación cruzada,PL,M4,136.6888,110.3291
2017-01,validación cruzada,PL,M4,78.1176,53.615
2017-02,validación cruzada,PL,M4,40.3236,33.5428
2017-03,validación cruzada,PL,M4,151.7887,92.5148
2017-04,validación cruzada,PL,M4,135.3266,177.4106
2017-05,validación cruzada,PL,M4,182.5038,175.0062
2017-06,validación cruzada,PL,M4,133.3951,159.1865
2017-07,validación cruzada,PL,M4,94.8572,104.48
2017-08,validación cruzada,PL,M4,68.9357,82.6159
2017-09,validación cruzada,PL,M4,76.7034,92.0126
2017-10,validación cruzada,PL,M4,100.5155,113.3031
2017-11,validación cruzada,PL,M4,132.4144,129.6055
2017-12,validación cruzada,PL,M4,80.8766,95.1687
2018-01,validación cruzada,PL,M4,77.824,77.1759
2018-02,validación cruzada,PL,M4,43.552,45.5456
2018-03,validación cruzada,PL,M4,79.0792,88.4056
2018-04,validación cruzada,PL,M4,165.9706,155.4948
2018-05,validación cruzada,PL,M4,236.5996,197.354
2018-06,validación cruzada,PL,M4,110.3734,106.7131
2018-07,validación cruzada,PL,M4,88.7003,77.3532
2018-08,validación cruzada,PL,M4,68.3854,66.9836
2018-09,validación cruzada,PL,M4,70.6306,83.4323
2018-10,validación cruzada,PL,M4,207.3309,158.2143
2018-11,validación cruzada,PL,M4,174.1986,135.8484
2018-12,validación cruzada,PL,M4,68.8454,50.6577
2019-01,validación cruzada,PL,M4,44.6583,39.145
2019-02,validación cruzada,PL,M4,71.1451,83.305
2019-03,validación cruzada,PL,M4,142.4226,154.0725
2019-04,validación cruzada,PL,M4,201.7195,171.5086
2019-05,validación cruzada,PL,M4,147.3361,161.2527
2019-06,validación cruzada,PL,M4,98.1111,65.1139
2019-07,validación cruzada,PL,M4,63.3355,63.3013
2019-08,validación cruzada,PL,M4,53.8589,63.1687
2019-09,validación cruzada,PL,M4,63.2511,87.8213
2019-10,validación cruzada,PL,M4,109.5274,118.7202
2019-11,validación cruzada,PL,M4,124.8817,110.0549
2019-12,validación cruzada,PL,M4,71.7877,85.6805
2020-01,validación cruzada,PL,M4,39.4451,44.3225
2020-02,validación cruzada,PL,M4,34.016,30.3986
2020-03,validación cruzada,PL,M4,66.8316,76.5427
2020-04,validación cruzada,PL,M4,101.4582,124.1262
2020-05,validación cruzada,PL,M4,94.4245,115.788
2020-06,validación cruzada,PL,M4,120.9505,116.1371
2020-07,validación cruzada,PL,M4,90.926,98.4113
2020-08,validación cruzada,PL,M4,97.6325,93.2789
2020-09,validación cruzada,PL,M4,84.451,98.0183
2020-10,validación cruzada,PL,M4,104.8166,130.5286
2020-11,validación cruzada,PL,M4,203.1163,180.1556
2020-12,validación cruzada,PL,M4,94.1868,98.5602
2021-01,validación cruzada,PL,M4,47.8572,23.281
2021-02,validación cruzada,PL,M4,41.4142,38.8406
2021-03,validación cruzada,PL,M4,129.2163,125.3831
2021-04,validación cruzada,PL,M4,138.9796,142.6339
2021-05,validación cruzada,PL,M4,194.8906,151.8933
2021-06,validación cruzada,PL,M4,121.8563,102.04
2021-07,validación cruzada,PL,M4,85.407,80.4192
2021-08,validación cruzada,PL,M4,104.5369,104.0095
2021-09,validación cruzada,PL,M4,111.1802,127.284
2021-10,validación cruzada,PL,M4,133.8155,142.734
2021-11,validación cruzada,PL,M4,117.1438,115.8902
2021-12,validación cruzada,PL,M4,87.3851,76.0686
2022-01,validación cruzada,PL,M4,52.8252,34.0875
2022-02,validación cruzada,PL,M4,72.7716,53.6378
2022-03,validación cruzada,PL,M4,156.7047,139.5994
2022-04,validación cruzada,PL,M4,162.3133,161.6297
2022-05,validación cruzada,PL,M4,165.3947,150.201
2022-10,validación cruzada,PL,M4,260.9504,183.444
2022-11,validación cruzada,PL,M4,299.7937,188.0956
2022-12,validación cruzada,PL,M4,152.6269,93.694
2015-01,partición 2015-2022,PI,M0,40.0589,76.4827
2015-02,partición 2015-2022,PI,M0,59.2947,68.6627
2015-03,partición 2015-2022,PI,M0,90.5143,100.4792
2015-04,partición 2015-2022,PI,M0,164.1511,157.4217
2015-05,partición 2015-2022,PI,M0,58.6659,168.3223
2016-01,partición 2015-2022,PI,M0,29.23,76.4827
2016-02,partición 2015-2022,PI,M0,29.4349,68.6627
2016-03,partición 2015-2022,PI,M0,51.2063,100.4792
2016-04,partición 2015-2022,PI,M0,100.0202,157.4217
2016-05,partición 2015-2022,PI,M0,117.1286,168.3223
2016-06,partición 2015-2022,PI,M0,67.3366,103.1421
2016-07,partición 2015-2022,PI,M0,63.2669,79.5139
2016-09,partición 2015-2022,PI,M0,49.2063,89.4573
2016-10,partición 2015-2022,PI,M0,111.7111,171.9658
2016-11,partición 2015-2022,PI,M0,159.3188,167.2137
2016-12,partición 2015-2022,PI,M0,136.6888,124.3502
2017-01,partición 2015-2022,PI,M0,78.1176,76.4827
2017-02,partición 2015-2022,PI,M0,40.3236,68.6627
2017-03,partición 2015-2022,PI,M0,151.7887,100.4792
2017-04,partición 2015-2022,PI,M0,135.3266,157.4217
2017-05,partición 2015-2022,PI,M0,182.5038,168.3223
2017-06,partición 2015-2022,PI,M0,133.3951,103.1421
2017-07,partición 2015-2022,PI,M0,94.8572,79.5139
2017-08,partición 2015-2022,PI,M0,68.9357,81.2897
2017-09,partición 2015-2022,PI,M0,76.7034,89.4573
2017-10,partición 2015-2022,PI,M0,100.5155,171.9658
2017-11,partición 2015-2022,PI,M0,132.4144,167.2137
2017-12,partición 2015-2022,PI,M0,80.8766,124.3502
2018-01,partición 2015-2022,PI,M0,77.824,76.4827
2018-02,partición 2015-2022,PI,M0,43.552,68.6627
2018-03,partición 2015-2022,PI,M0,79.0792,100.4792
2018-04,partición 2015-2022,PI,M0,165.9706,157.4217
2018-05,partición 2015-2022,PI,M0,236.5996,168.3223
2018-06,partición 2015-2022,PI,M0,110.3734,103.1421
2018-07,partición 2015-2022,PI,M0,88.7003,79.5139
2018-08,partición 2015-2022,PI,M0,68.3854,81.2897
2018-09,partición 2015-2022,PI,M0,70.6306,89.4573
2018-10,partición 2015-2022,PI,M0,207.3309,171.9658
2018-11,partición 2015-2022,PI,M0,174.1986,167.2137
2018-12,partición 2015-2022,PI,M0,68.8454,124.3502
2019-01,partición 2015-2022,PI,M0,44.6583,76.4827
2019-02,partición 2015-2022,PI,M0,71.1451,68.6627
2019-03,partición 2015-2022,PI,M0,142.4226,100.4792
2019-04,partición 2015-2022,PI,M0,201.7195,157.4217
2019-05,partición 2015-2022,PI,M0,147.3361,168.3223
2019-06,partición 2015-2022,PI,M0,98.1111,103.1421
2019-07,partición 2015-2022,PI,M0,63.3355,79.5139
2019-08,partición 2015-2022,PI,M0,53.8589,81.2897
2019-09,partición 2015-2022,PI,M0,63.2511,89.4573
2019-10,partición 2015-2022,PI,M0,109.5274,171.9658
2019-11,partición 2015-2022,PI,M0,124.8817,167.2137
2019-12,partición 2015-2022,PI,M0,71.7877,124.3502
2020-01,partición 2015-2022,PI,M0,39.4451,76.4827
2020-02,partición 2015-2022,PI,M0,34.016,68.6627
2020-03,partición 2015-2022,PI,M0,66.8316,100.4792
2020-04,partición 2015-2022,PI,M0,101.4582,157.4217
2020-05,partición 2015-2022,PI,M0,94.4245,168.3223
2020-06,partición 2015-2022,PI,M0,120.9505,103.1421
2020-07,partición 2015-2022,PI,M0,90.926,79.5139
2020-08,partición 2015-2022,PI,M0,97.6325,81.2897
2020-09,partición 2015-2022,PI,M0,84.451,89.4573
2020-10,partición 2015-2022,PI,M0,104.8166,171.9658
2020-11,partición 2015-2022,PI,M0,203.1163,167.2137
2020-12,partición 2015-2022,PI,M0,94.1868,124.3502
2021-01,partición 2015-2022,PI,M0,47.8572,76.4827
2021-02,partición 2015-2022,PI,M0,41.4142,68.6627
2021-03,partición 2015-2022,PI,M0,129.2163,100.4792
2021-04,partición 2015-2022,PI,M0,138.9796,157.4217
2021-05,partición 2015-2022,PI,M0,194.8906,168.3223
2021-06,partición 2015-2022,PI,M0,121.8563,103.1421
2021-07,partición 2015-2022,PI,M0,85.407,79.5139
2021-08,partición 2015-2022,PI,M0,104.5369,81.2897
2021-09,partición 2015-2022,PI,M0,111.1802,89.4573
2021-10,partición 2015-2022,PI,M0,133.8155,171.9658
2021-11,partición 2015-2022,PI,M0,117.1438,167.2137
2021-12,partición 2015-2022,PI,M0,87.3851,124.3502
2022-01,partición 2015-2022,PI,M0,52.8252,76.4827
2022-02,partición 2015-2022,PI,M0,72.7716,68.6627
2022-03,partición 2015-2022,PI,M0,156.7047,100.4792
2022-04,partición 2015-2022,PI,M0,162.3133,157.4217
2022-05,partición 2015-2022,PI,M0,165.3947,168.3223
2022-10,partición 2015-2022,PI,M0,260.9504,171.9658
2022-11,partición 2015-2022,PI,M0,299.7937,167.2137
2022-12,partición 2015-2022,PI,M0,152.6269,124.3502
2015-01,partición 2015-2022,PI,M1,40.0589,76.9251
2015-02,partición 2015-2022,PI,M1,59.2947,85.9773
2015-03,partición 2015-2022,PI,M1,90.5143,110.8351
2015-04,partición 2015-2022,PI,M1,164.1511,153.9939
2015-05,partición 2015-2022,PI,M1,58.6659,94.1323
2016-01,partición 2015-2022,PI,M1,29.23,45.7121
2016-02,partición 2015-2022,PI,M1,29.4349,56.7713
2016-03,partición 2015-2022,PI,M1,51.2063,90.6707
2016-04,partición 2015-2022,PI,M1,100.0202,158.6288
2016-05,partición 2015-2022,PI,M1,117.1286,154.923
2016-06,partición 2015-2022,PI,M1,67.3366,83.689
2016-07,partición 2015-2022,PI,M1,63.2669,104.2198
2016-09,partición 2015-2022,PI,M1,49.2063,92.8846
2016-10,partición 2015-2022,PI,M1,111.7111,129.89
2016-11,partición 2015-2022,PI,M1,159.3188,110.8458
2016-12,partición 2015-2022,PI,M1,136.6888,96.8878
2017-01,partición 2015-2022,PI,M1,78.1176,54.7909
2017-02,partición 2015-2022,PI,M1,40.3236,66.2004
2017-03,partición 2015-2022,PI,M1,151.7887,149.2899
2017-04,partición 2015-2022,PI,M1,135.3266,156.7918
2017-05,partición 2015-2022,PI,M1,182.5038,156.0432
2017-06,partición 2015-2022,PI,M1,133.3951,125.2285
2017-07,partición 2015-2022,PI,M1,94.8572,88.5735
2017-08,partición 2015-2022,PI,M1,68.9357,146.1734
2017-09,partición 2015-2022,PI,M1,76.7034,119.1494
2017-10,partición 2015-2022,PI,M1,100.5155,141.0287
2017-11,partición 2015-2022,PI,M1,132.4144,122.1066
2017-12,partición 2015-2022,PI,M1,80.8766,78.8311
2018-01,partición 2015-2022,PI,M1,77.824,75.7836
2018-02,partición 2015-2022,PI,M1,43.552,56.9146
2018-03,partición 2015-2022,PI,M1,79.0792,151.8596
2018-04,partición 2015-2022,PI,M1,165.9706,153.224
2018-05,partición 2015-2022,PI,M1,236.5996,180.3064
2018-06,partición 2015-2022,PI,M1,110.3734,82.9988
2018-07,partición 2015-2022,PI,M1,88.7003,116.9142
2018-08,partición 2015-2022,PI,M1,68.3854,76.6543
2018-09,partición 2015-2022,PI,M1,70.6306,119.0113
2018-10,partición 2015-2022,PI,M1,207.3309,185.9448
2018-11,partición 2015-2022,PI,M1,174.1986,123.5879
2018-12,partición 2015-2022,PI,M1,68.8454,44.3954
2019-01,partición 2015-2022,PI,M1,44.6583,50.3152
2019-02,partición 2015-2022,PI,M1,71.1451,84.8518
2019-03,partición 2015-2022,PI,M1,142.4226,146.4919
2019-04,partición 2015-2022,PI,M1,201.7195,154.0045
2019-05,partición 2015-2022,PI,M1,147.3361,158.5863
2019-06,partición 2015-2022,PI,M1,98.1111,95.518
2019-07,partición 2015-2022,PI,M1,63.3355,83.6094
2019-08,partición 2015-2022,PI,M1,53.8589,91.1007
2019-09,partición 2015-2022,PI,M1,63.2511,101.167
2019-10,partición 2015-2022,PI,M1,109.5274,153.532
2019-11,partición 2015-2022,PI,M1,124.8817,138.4219
2019-12,partición 2015-2022,PI,M1,71.7877,87.1454
2020-01,partición 2015-2022,PI,M1,39.4451,61.2682
2020-02,partición 2015-2022,PI,M1,34.016,66.4553
2020-03,partición 2015-2022,PI,M1,66.8316,132.1995
2020-04,partición 2015-2022,PI,M1,101.4582,103.7526
2020-05,partición 2015-2022,PI,M1,94.4245,128.5839
2020-06,partición 2015-2022,PI,M1,120.9505,113.58
2020-07,partición 2015-2022,PI,M1,90.926,110.4369
2020-08,partición 2015-2022,PI,M1,97.6325,95.3163
2020-09,partición 2015-2022,PI,M1,84.451,102.0431
2020-10,partición 2015-2022,PI,M1,104.8166,131.1695
2020-11,partición 2015-2022,PI,M1,203.1163,150.3783
2020-12,partición 2015-2022,PI,M1,94.1868,83.9067
2021-01,partición 2015-2022,PI,M1,47.8572,35.1308
2021-02,partición 2015-2022,PI,M1,41.4142,93.2244
2021-03,partición 2015-2022,PI,M1,129.2163,121.8359
2021-04,partición 2015-2022,PI,M1,138.9796,124.4321
2021-05,partición 2015-2022,PI,M1,194.8906,163.5717
2021-06,partición 2015-2022,PI,M1,121.8563,132.3959
2021-07,partición 2015-2022,PI,M1,85.407,112.619
2021-08,partición 2015-2022,PI,M1,104.5369,128.7909
2021-09,partición 2015-2022,PI,M1,111.1802,120.4077
2021-10,partición 2015-2022,PI,M1,133.8155,159.9296
2021-11,partición 2015-2022,PI,M1,117.1438,114.2277
2021-12,partición 2015-2022,PI,M1,87.3851,83.2112
2022-01,partición 2015-2022,PI,M1,52.8252,58.9321
2022-02,partición 2015-2022,PI,M1,72.7716,120.9492
2022-03,partición 2015-2022,PI,M1,156.7047,123.0941
2022-04,partición 2015-2022,PI,M1,162.3133,170.3994
2022-05,partición 2015-2022,PI,M1,165.3947,203.9537
2022-10,partición 2015-2022,PI,M1,260.9504,161.7082
2022-11,partición 2015-2022,PI,M1,299.7937,148.159
2022-12,partición 2015-2022,PI,M1,152.6269,74.5784
2015-01,partición 2015-2022,PI,M2,40.0589,68.5438
2015-02,partición 2015-2022,PI,M2,59.2947,77.0765
2015-03,partición 2015-2022,PI,M2,90.5143,100.7552
2015-04,partición 2015-2022,PI,M2,164.1511,145.0426
2015-05,partición 2015-2022,PI,M2,58.6659,110.5889
2016-01,partición 2015-2022,PI,M2,29.23,33.5339
2016-02,partición 2015-2022,PI,M2,29.4349,42.1066
2016-03,partición 2015-2022,PI,M2,51.2063,73.9514
2016-04,partición 2015-2022,PI,M2,100.0202,141.8656
2016-05,partición 2015-2022,PI,M2,117.1286,162.4151
2016-06,partición 2015-2022,PI,M2,67.3366,102.2851
2016-07,partición 2015-2022,PI,M2,63.2669,94.4956
2016-09,partición 2015-2022,PI,M2,49.2063,89.1239
2016-10,partición 2015-2022,PI,M2,111.7111,118.8952
2016-11,partición 2015-2022,PI,M2,159.3188,116.0205
2016-12,partición 2015-2022,PI,M2,136.6888,97.8741
2017-01,partición 2015-2022,PI,M2,78.1176,58.2507
2017-02,partición 2015-2022,PI,M2,40.3236,53.0498
2017-03,partición 2015-2022,PI,M2,151.7887,125.6495
2017-04,partición 2015-2022,PI,M2,135.3266,160.7142
2017-05,partición 2015-2022,PI,M2,182.5038,162.7022
2017-06,partición 2015-2022,PI,M2,133.3951,136.9877
2017-07,partición 2015-2022,PI,M2,94.8572,96.0031
2017-08,partición 2015-2022,PI,M2,68.9357,130.8482
2017-09,partición 2015-2022,PI,M2,76.7034,128.5371
2017-10,partición 2015-2022,PI,M2,100.5155,137.2214
2017-11,partición 2015-2022,PI,M2,132.4144,129.1925
2017-12,partición 2015-2022,PI,M2,80.8766,86.8708
2018-01,partición 2015-2022,PI,M2,77.824,69.3182
2018-02,partición 2015-2022,PI,M2,43.552,52.6728
2018-03,partición 2015-2022,PI,M2,79.0792,124.546
2018-04,partición 2015-2022,PI,M2,165.9706,158.6598
2018-05,partición 2015-2022,PI,M2,236.5996,181.5051
2018-06,partición 2015-2022,PI,M2,110.3734,110.5339
2018-07,partición 2015-2022,PI,M2,88.7003,104.742
2018-08,partición 2015-2022,PI,M2,68.3854,83.2687
2018-09,partición 2015-2022,PI,M2,70.6306,104.27
2018-10,partición 2015-2022,PI,M2,207.3309,174.2762
2018-11,partición 2015-2022,PI,M2,174.1986,146.0213
2018-12,partición 2015-2022,PI,M2,68.8454,58.94
2019-01,partición 2015-2022,PI,M2,44.6583,36.3162
2019-02,partición 2015-2022,PI,M2,71.1451,66.9017
2019-03,partición 2015-2022,PI,M2,142.4226,129.8183
2019-04,partición 2015-2022,PI,M2,201.7195,157.4396
2019-05,partición 2015-2022,PI,M2,147.3361,163.8345
2019-06,partición 2015-2022,PI,M2,98.1111,113.3291
2019-07,partición 2015-2022,PI,M2,63.3355,81.5802
2019-08,partición 2015-2022,PI,M2,53.8589,83.631
2019-09,partición 2015-2022,PI,M2,63.2511,94.5489
2019-10,partición 2015-2022,PI,M2,109.5274,141.3021
2019-11,partición 2015-2022,PI,M2,124.8817,147.0136
2019-12,partición 2015-2022,PI,M2,71.7877,99.4072
2020-01,partición 2015-2022,PI,M2,39.4451,60.2164
2020-02,partición 2015-2022,PI,M2,34.016,55.5107
2020-03,partición 2015-2022,PI,M2,66.8316,111.6206
2020-04,partición 2015-2022,PI,M2,101.4582,110.9637
2020-05,partición 2015-2022,PI,M2,94.4245,121.5921
2020-06,partición 2015-2022,PI,M2,120.9505,117.8254
2020-07,partición 2015-2022,PI,M2,90.926,110.0163
2020-08,partición 2015-2022,PI,M2,97.6325,96.4339
2020-09,partición 2015-2022,PI,M2,84.451,96.7372
2020-10,partición 2015-2022,PI,M2,104.8166,123.134
2020-11,partición 2015-2022,PI,M2,203.1163,149.1207
2020-12,partición 2015-2022,PI,M2,94.1868,100.8859
2021-01,partición 2015-2022,PI,M2,47.8572,37.5006
2021-02,partición 2015-2022,PI,M2,41.4142,68.5424
2021-03,partición 2015-2022,PI,M2,129.2163,112.3602
2021-04,partición 2015-2022,PI,M2,138.9796,124.4452
2021-05,partición 2015-2022,PI,M2,194.8906,157.6783
2021-06,partición 2015-2022,PI,M2,121.8563,145.524
2021-07,partición 2015-2022,PI,M2,85.407,118.356
2021-08,partición 2015-2022,PI,M2,104.5369,124.8436
2021-09,partición 2015-2022,PI,M2,111.1802,123.5373
2021-10,partición 2015-2022,PI,M2,133.8155,153.2716
2021-11,partición 2015-2022,PI,M2,117.1438,129.2509
2021-12,partición 2015-2022,PI,M2,87.3851,87.7516
2022-01,partición 2015-2022,PI,M2,52.8252,56.9199
2022-02,partición 2015-2022,PI,M2,72.7716,99.7136
2022-03,partición 2015-2022,PI,M2,156.7047,123.032
2022-04,partición 2015-2022,PI,M2,162.3133,162.8535
2022-05,partición 2015-2022,PI,M2,165.3947,207.0061
2022-10,partición 2015-2022,PI,M2,260.9504,164.8712
2022-11,partición 2015-2022,PI,M2,299.7937,157.8976
2022-12,partición 2015-2022,PI,M2,152.6269,92.4093
2015-01,partición 2015-2022,PI,M3,40.0589,85.3615
2015-02,partición 2015-2022,PI,M3,59.2947,93.2231
2015-03,partición 2015-2022,PI,M3,90.5143,113.1298
2015-04,partición 2015-2022,PI,M3,164.1511,143.6919
2015-05,partición 2015-2022,PI,M3,58.6659,99.9979
2016-01,partición 2015-2022,PI,M3,29.23,54.148
2016-02,partición 2015-2022,PI,M3,29.4349,66.1497
2016-03,partición 2015-2022,PI,M3,51.2063,97.1547
2016-04,partición 2015-2022,PI,M3,100.0202,146.7526
2016-05,partición 2015-2022,PI,M3,117.1286,144.3083
2016-06,partición 2015-2022,PI,M3,67.3366,91.272
2016-07,partición 2015-2022,PI,M3,63.2669,108.0368
2016-09,partición 2015-2022,PI,M3,49.2063,98.9784
2016-10,partición 2015-2022,PI,M3,111.7111,127.133
2016-11,partición 2015-2022,PI,M3,159.3188,113.1379
2016-12,partición 2015-2022,PI,M3,136.6888,102.2289
2017-01,partición 2015-2022,PI,M3,78.1176,64.0954
2017-02,partición 2015-2022,PI,M3,40.3236,75.4815
2017-03,partición 2015-2022,PI,M3,151.7887,140.5476
2017-04,partición 2015-2022,PI,M3,135.3266,145.5438
2017-05,partición 2015-2022,PI,M3,182.5038,145.0496
2017-06,partición 2015-2022,PI,M3,133.3951,123.7905
2017-07,partición 2015-2022,PI,M3,94.8572,95.4092
2017-08,partición 2015-2022,PI,M3,68.9357,138.4424
2017-09,partición 2015-2022,PI,M3,76.7034,119.3535
2017-10,partición 2015-2022,PI,M3,100.5155,134.9272
2017-11,partición 2015-2022,PI,M3,132.4144,121.5233
2017-12,partición 2015-2022,PI,M3,80.8766,87.0498
2018-01,partición 2015-2022,PI,M3,77.824,84.3414
2018-02,partición 2015-2022,PI,M3,43.552,66.297
2018-03,partición 2015-2022,PI,M3,79.0792,142.2701
2018-04,partición 2015-2022,PI,M3,165.9706,143.1799
2018-05,partición 2015-2022,PI,M3,236.5996,160.619
2018-06,partición 2015-2022,PI,M3,110.3734,90.6789
2018-07,partición 2015-2022,PI,M3,88.7003,117.6986
2018-08,partición 2015-2022,PI,M3,68.3854,85.1202
2018-09,partición 2015-2022,PI,M3,70.6306,119.2516
2018-10,partición 2015-2022,PI,M3,207.3309,164.1155
2018-11,partición 2015-2022,PI,M3,174.1986,122.602
2018-12,partición 2015-2022,PI,M3,68.8454,52.6204
2019-01,partición 2015-2022,PI,M3,44.6583,59.3092
2019-02,partición 2015-2022,PI,M3,71.1451,92.2663
2019-03,partición 2015-2022,PI,M3,142.4226,138.6584
2019-04,partición 2015-2022,PI,M3,201.7195,143.6989
2019-05,partición 2015-2022,PI,M3,147.3361,146.7247
2019-06,partición 2015-2022,PI,M3,98.1111,101.1233
2019-07,partición 2015-2022,PI,M3,63.3355,91.2037
2019-08,partición 2015-2022,PI,M3,53.8589,97.5104
2019-09,partición 2015-2022,PI,M3,63.2511,105.6405
2019-10,partición 2015-2022,PI,M3,109.5274,143.3848
2019-11,partición 2015-2022,PI,M3,124.8817,133.1263
2019-12,partición 2015-2022,PI,M3,71.7877,94.2101
2020-01,partición 2015-2022,PI,M3,39.4451,70.6867
2020-02,partición 2015-2022,PI,M3,34.016,75.7246
2020-03,partición 2015-2022,PI,M3,66.8316,128.7708
2020-04,partición 2015-2022,PI,M3,101.4582,107.672
2020-05,partición 2015-2022,PI,M3,94.4245,126.2015
2020-06,partición 2015-2022,PI,M3,120.9505,115.2054
2020-07,partición 2015-2022,PI,M3,90.926,112.8269
2020-08,partición 2015-2022,PI,M3,97.6325,100.9599
2020-09,partición 2015-2022,PI,M3,84.451,106.3312
2020-10,partición 2015-2022,PI,M3,104.8166,128.0418
2020-11,partición 2015-2022,PI,M3,203.1163,141.2786
2020-12,partición 2015-2022,PI,M3,94.1868,91.4586
2021-01,partición 2015-2022,PI,M3,47.8572,41.0419
2021-02,partición 2015-2022,PI,M3,41.4142,99.2566
2021-03,partición 2015-2022,PI,M3,129.2163,121.3255
2021-04,partición 2015-2022,PI,M3,138.9796,123.2143
2021-05,partición 2015-2022,PI,M3,194.8906,149.9775
2021-06,partición 2015-2022,PI,M3,121.8563,128.9095
2021-07,partición 2015-2022,PI,M3,85.407,114.4811
2021-08,partición 2015-2022,PI,M3,104.5369,126.3494
2021-09,partición 2015-2022,PI,M3,111.1802,120.2794
2021-10,partición 2015-2022,PI,M3,133.8155,147.6051
2021-11,partición 2015-2022,PI,M3,117.1438,115.6921
2021-12,partición 2015-2022,PI,M3,87.3851,90.8617
2022-01,partición 2015-2022,PI,M3,52.8252,68.351
2022-02,partición 2015-2022,PI,M3,72.7716,120.6767
2022-03,partición 2015-2022,PI,M3,156.7047,122.243
2022-04,partición 2015-2022,PI,M3,162.3133,154.369
2022-05,partición 2015-2022,PI,M3,165.3947,175.0143
2022-10,partición 2015-2022,PI,M3,260.9504,148.7663
2022-11,partición 2015-2022,PI,M3,299.7937,139.7858
2022-12,partición 2015-2022,PI,M3,152.6269,83.2567
2015-01,partición 2015-2022,PI,M4,40.0589,78.4521
2015-02,partición 2015-2022,PI,M4,59.2947,85.2617
2015-03,partición 2015-2022,PI,M4,90.5143,103.1398
2015-04,partición 2015-2022,PI,M4,164.1511,135.5479
2015-05,partición 2015-2022,PI,M4,58.6659,113.7808
2016-01,partición 2015-2022,PI,M4,29.23,46.2044
2016-02,partición 2015-2022,PI,M4,29.4349,53.1968
2016-03,partición 2015-2022,PI,M4,51.2063,78.5233
2016-04,partición 2015-2022,PI,M4,100.0202,128.6861
2016-05,partición 2015-2022,PI,M4,117.1286,152.8606
2016-06,partición 2015-2022,PI,M4,67.3366,106.1718
2016-07,partición 2015-2022,PI,M4,63.2669,98.563
2016-09,partición 2015-2022,PI,M4,49.2063,96.2815
2016-10,partición 2015-2022,PI,M4,111.7111,116.0374
2016-11,partición 2015-2022,PI,M4,159.3188,118.5666
2016-12,partición 2015-2022,PI,M4,136.6888,103.9695
2017-01,partición 2015-2022,PI,M4,78.1176,69.05
2017-02,partición 2015-2022,PI,M4,40.3236,63.5968
2017-03,partición 2015-2022,PI,M4,151.7887,111.0912
2017-04,partición 2015-2022,PI,M4,135.3266,150.9224
2017-05,partición 2015-2022,PI,M4,182.5038,152.903
2017-06,partición 2015-2022,PI,M4,133.3951,134.9354
2017-07,partición 2015-2022,PI,M4,94.8572,102.5879
2017-08,partición 2015-2022,PI,M4,68.9357,121.975
2017-09,partición 2015-2022,PI,M4,76.7034,128.4344
2017-10,partición 2015-2022,PI,M4,100.5155,132.2034
2017-11,partición 2015-2022,PI,M4,132.4144,128.7542
2017-12,partición 2015-2022,PI,M4,80.8766,94.7249
2018-01,partición 2015-2022,PI,M4,77.824,79.5601
2018-02,partición 2015-2022,PI,M4,43.552,65.0242
2018-03,partición 2015-2022,PI,M4,79.0792,105.8023
2018-04,partición 2015-2022,PI,M4,165.9706,149.8265
2018-05,partición 2015-2022,PI,M4,236.5996,164.332
2018-06,partición 2015-2022,PI,M4,110.3734,110.8383
2018-07,partición 2015-2022,PI,M4,88.7003,105.0572
2018-08,partición 2015-2022,PI,M4,68.3854,91.7575
2018-09,partición 2015-2022,PI,M4,70.6306,103.1626
2018-10,partición 2015-2022,PI,M4,207.3309,153.9363
2018-11,partición 2015-2022,PI,M4,174.1986,141.5628
2018-12,partición 2015-2022,PI,M4,68.8454,64.2481
2019-01,partición 2015-2022,PI,M4,44.6583,48.2357
2019-02,partición 2015-2022,PI,M4,71.1451,71.819
2019-03,partición 2015-2022,PI,M4,142.4226,120.2998
2019-04,partición 2015-2022,PI,M4,201.7195,148.5243
2019-05,partición 2015-2022,PI,M4,147.3361,153.3956
2019-06,partición 2015-2022,PI,M4,98.1111,115.8591
2019-07,partición 2015-2022,PI,M4,63.3355,90.447
2019-08,partición 2015-2022,PI,M4,53.8589,90.9663
2019-09,partición 2015-2022,PI,M4,63.2511,99.7746
2019-10,partición 2015-2022,PI,M4,109.5274,131.2227
2019-11,partición 2015-2022,PI,M4,124.8817,142.0615
2019-12,partición 2015-2022,PI,M4,71.7877,104.9539
2020-01,partición 2015-2022,PI,M4,39.4451,71.8377
2020-02,partición 2015-2022,PI,M4,34.016,66.6217
2020-03,partición 2015-2022,PI,M4,66.8316,103.9191
2020-04,partición 2015-2022,PI,M4,101.4582,114.737
2020-05,partición 2015-2022,PI,M4,94.4245,119.8204
2020-06,partición 2015-2022,PI,M4,120.9505,119.8548
2020-07,partición 2015-2022,PI,M4,90.926,113.1919
2020-08,partición 2015-2022,PI,M4,97.6325,102.8354
2020-09,partición 2015-2022,PI,M4,84.451,101.8606
2020-10,partición 2015-2022,PI,M4,104.8166,120.4995
2020-11,partición 2015-2022,PI,M4,203.1163,141.4206
2020-12,partición 2015-2022,PI,M4,94.1868,105.3323
2021-01,partición 2015-2022,PI,M4,47.8572,46.4099
2021-02,partición 2015-2022,PI,M4,41.4142,64.4376
2021-03,partición 2015-2022,PI,M4,129.2163,112.0275
2021-04,partición 2015-2022,PI,M4,138.9796,124.0828
2021-05,partición 2015-2022,PI,M4,194.8906,145.6246
2021-06,partición 2015-2022,PI,M4,121.8563,141.3687
2021-07,partición 2015-2022,PI,M4,85.407,120.4101
2021-08,partición 2015-2022,PI,M4,104.5369,123.2786
2021-09,partición 2015-2022,PI,M4,111.1802,124.0133
2021-10,partición 2015-2022,PI,M4,133.8155,142.2779
2021-11,partición 2015-2022,PI,M4,117.1438,129.0145
2021-12,partición 2015-2022,PI,M4,87.3851,95.802
2022-01,partición 2015-2022,PI,M4,52.8252,68.8531
2022-02,partición 2015-2022,PI,M4,72.7716,94.351
2022-03,partición 2015-2022,PI,M4,156.7047,123.0234
2022-04,partición 2015-2022,PI,M4,162.3133,148.4078
2022-05,partición 2015-2022,PI,M4,165.3947,181.7362
2022-10,partición 2015-2022,PI,M4,260.9504,153.6106
2022-11,partición 2015-2022,PI,M4,299.7937,150.0305
2022-12,partición 2015-2022,PI,M4,152.6269,97.431
1998-02,validación cruzada,PI,M0,49.5151,57.0788
1998-03,validación cruzada,PI,M0,81.421,100.6915
1998-06,validación cruzada,PI,M0,88.942,103.2734
1998-07,validación cruzada,PI,M0,83.2035,80.8484
1998-08,validación cruzada,PI,M0,95.619,83.7585
1998-09,validación cruzada,PI,M0,103.9882,85.9758
1998-10,validación cruzada,PI,M0,199.8539,163.7153
1998-11,validación cruzada,PI,M0,172.4213,173.125
1998-12,validación cruzada,PI,M0,170.0872,112.5914
1999-01,validación cruzada,PI,M0,109.9281,66.2521
1999-02,validación cruzada,PI,M0,179.1889,57.0788
1999-03,validación cruzada,PI,M0,156.1733,100.6915
1999-04,validación cruzada,PI,M0,169.3421,156.8979
1999-05,validación cruzada,PI,M0,159.6478,164.665
1999-06,validación cruzada,PI,M0,109.6729,103.2734
1999-07,validación cruzada,PI,M0,87.5697,80.8484
1999-08,validación cruzada,PI,M0,93.4551,83.7585
1999-10,validación cruzada,PI,M0,191.2255,163.7153
1999-11,validación cruzada,PI,M0,214.415,173.125
1999-12,validación cruzada,PI,M0,139.5126,112.5914
2000-01,validación cruzada,PI,M0,76.1519,66.2521
2000-02,validación cruzada,PI,M0,88.1804,57.0788
2000-03,validación cruzada,PI,M0,121.8746,100.6915
2000-04,validación cruzada,PI,M0,114.0046,156.8979
2000-06,validación cruzada,PI,M0,114.9239,103.2734
2000-07,validación cruzada,PI,M0,85.4914,80.8484
2000-08,validación cruzada,PI,M0,63.1455,83.7585
2000-11,validación cruzada,PI,M0,136.2251,173.125
2001-01,validación cruzada,PI,M0,52.453,66.2521
2001-02,validación cruzada,PI,M0,43.306,57.0788
2001-04,validación cruzada,PI,M0,69.3034,156.8979
2001-05,validación cruzada,PI,M0,119.4227,164.665
2001-06,validación cruzada,PI,M0,96.1994,103.2734
2001-07,validación cruzada,PI,M0,63.0695,80.8484
2001-08,validación cruzada,PI,M0,47.1262,83.7585
2001-09,validación cruzada,PI,M0,66.7373,85.9758
2001-10,validación cruzada,PI,M0,145.8902,163.7153
2001-11,validación cruzada,PI,M0,142.5311,173.125
2001-12,validación cruzada,PI,M0,128.5266,112.5914
2002-01,validación cruzada,PI,M0,49.7031,66.2521
2002-02,validación cruzada,PI,M0,45.8665,57.0788
2002-03,validación cruzada,PI,M0,102.7694,100.6915
2002-04,validación cruzada,PI,M0,196.5072,156.8979
2002-05,validación cruzada,PI,M0,138.4351,164.665
2002-06,validación cruzada,PI,M0,136.7803,103.2734
2002-07,validación cruzada,PI,M0,64.959,80.8484
2002-08,validación cruzada,PI,M0,52.0331,83.7585
2002-09,validación cruzada,PI,M0,78.9923,85.9758
2002-10,validación cruzada,PI,M0,107.8081,163.7153
2002-11,validación cruzada,PI,M0,104.4449,173.125
2002-12,validación cruzada,PI,M0,92.8774,112.5914
2003-01,validación cruzada,PI,M0,43.2772,65.9535
2003-02,validación cruzada,PI,M0,37.5017,64.2707
2003-03,validación cruzada,PI,M0,69.6298,108.9395
2003-04,validación cruzada,PI,M0,156.939,151.3451
2003-05,validación cruzada,PI,M0,115.2211,157.3322
2003-06,validación cruzada,PI,M0,113.5073,103.2303
2003-07,validación cruzada,PI,M0,68.5536,82.0936
2003-08,validación cruzada,PI,M0,81.8739,83.2595
2003-09,validación cruzada,PI,M0,97.9413,85.2611
2003-10,validación cruzada,PI,M0,199.0143,156.6464
2003-11,validación cruzada,PI,M0,168.7411,164.6475
2003-12,validación cruzada,PI,M0,131.3506,114.3396
2004-01,validación cruzada,PI,M0,71.5043,65.9535
2004-02,validación cruzada,PI,M0,44.014,64.2707
2004-03,validación cruzada,PI,M0,55.8861,108.9395
2004-04,validación cruzada,PI,M0,151.958,151.3451
2004-05,validación cruzada,PI,M0,199.7007,157.3322
2004-06,validación cruzada,PI,M0,78.84,103.2303
2004-07,validación cruzada,PI,M0,64.0163,82.0936
2004-08,validación cruzada,PI,M0,50.1148,83.2595
2004-09,validación cruzada,PI,M0,95.8619,85.2611
2004-10,validación cruzada,PI,M0,144.4576,156.6464
2004-11,validación cruzada,PI,M0,202.0192,164.6475
2004-12,validación cruzada,PI,M0,105.0829,114.3396
2005-01,validación cruzada,PI,M0,96.2035,65.9535
2005-02,validación cruzada,PI,M0,102.7421,64.2707
2005-03,validación cruzada,PI,M0,61.9362,108.9395
2005-05,validación cruzada,PI,M0,152.9021,157.3322
2005-06,validación cruzada,PI,M0,99.8158,103.2303
2005-07,validación cruzada,PI,M0,75.5127,82.0936
2005-08,validación cruzada,PI,M0,64.4239,83.2595
2005-09,validación cruzada,PI,M0,70.2408,85.2611
2005-10,validación cruzada,PI,M0,205.1395,156.6464
2005-11,validación cruzada,PI,M0,208.6537,164.6475
2005-12,validación cruzada,PI,M0,102.9176,114.3396
2006-02,validación cruzada,PI,M0,48.3249,64.2707
2006-03,validación cruzada,PI,M0,142.0923,108.9395
2006-04,validación cruzada,PI,M0,177.1545,151.3451
2006-05,validación cruzada,PI,M0,221.7115,157.3322
2006-06,validación cruzada,PI,M0,142.8353,103.2303
2006-07,validación cruzada,PI,M0,66.8242,82.0936
2006-08,validación cruzada,PI,M0,60.9199,83.2595
2006-09,validación cruzada,PI,M0,70.4986,85.2611
2006-10,validación cruzada,PI,M0,158.898,156.6464
2006-11,validación cruzada,PI,M0,190.3756,164.6475
2006-12,validación cruzada,PI,M0,145.5888,114.3396
2007-01,validación cruzada,PI,M0,82.626,65.9535
2007-02,validación cruzada,PI,M0,36.8294,64.2707
2007-03,validación cruzada,PI,M0,101.4163,108.9395
2007-04,validación cruzada,PI,M0,157.5046,151.3451
2007-05,validación cruzada,PI,M0,167.2925,157.3322
2007-06,validación cruzada,PI,M0,112.2959,103.2303
2007-07,validación cruzada,PI,M0,88.217,82.0936
2007-08,validación cruzada,PI,M0,102.5298,83.2595
2007-09,validación cruzada,PI,M0,98.5619,85.2611
2007-10,validación cruzada,PI,M0,207.0167,156.6464
2007-11,validación cruzada,PI,M0,152.8426,164.6475
2007-12,validación cruzada,PI,M0,128.9366,114.3396
2008-01,validación cruzada,PI,M0,94.7241,62.5186
2008-02,validación cruzada,PI,M0,67.2395,60.0975
2008-06,validación cruzada,PI,M0,120.6895,103.6962
2008-07,validación cruzada,PI,M0,107.7074,75.2884
2008-08,validación cruzada,PI,M0,128.6061,72.4347
2008-09,validación cruzada,PI,M0,120.7657,78.5584
2008-10,validación cruzada,PI,M0,162.9998,161.7482
2008-11,validación cruzada,PI,M0,180.9487,169.2513
2008-12,validación cruzada,PI,M0,101.1813,114.6267
2009-01,validación cruzada,PI,M0,98.2906,62.5186
2009-02,validación cruzada,PI,M0,114.7613,60.0975
2009-04,validación cruzada,PI,M0,142.0653,144.4048
2009-06,validación cruzada,PI,M0,95.9442,103.6962
2009-07,validación cruzada,PI,M0,56.9272,75.2884
2009-08,validación cruzada,PI,M0,92.3772,72.4347
2009-09,validación cruzada,PI,M0,66.8777,78.5584
2009-10,validación cruzada,PI,M0,75.252,161.7482
2009-11,validación cruzada,PI,M0,148.7808,169.2513
2009-12,validación cruzada,PI,M0,62.5669,114.6267
2010-01,validación cruzada,PI,M0,33.5284,62.5186
2010-02,validación cruzada,PI,M0,30.2726,60.0975
2010-03,validación cruzada,PI,M0,51.9948,102.8829
2010-04,validación cruzada,PI,M0,105.828,144.4048
2010-05,validación cruzada,PI,M0,149.6132,155.4329
2010-06,validación cruzada,PI,M0,125.4005,103.6962
2010-07,validación cruzada,PI,M0,177.3191,75.2884
2010-08,validación cruzada,PI,M0,130.5174,72.4347
2010-09,validación cruzada,PI,M0,205.8501,78.5584
2010-10,validación cruzada,PI,M0,206.4421,161.7482
2010-11,validación cruzada,PI,M0,244.2329,169.2513
2010-12,validación cruzada,PI,M0,161.8953,114.6267
2011-01,validación cruzada,PI,M0,70.159,62.5186
2011-02,validación cruzada,PI,M0,78.7613,60.0975
2011-03,validación cruzada,PI,M0,182.9563,102.8829
2011-04,validación cruzada,PI,M0,278.9582,144.4048
2011-05,validación cruzada,PI,M0,231.4622,155.4329
2011-06,validación cruzada,PI,M0,120.9394,103.6962
2011-07,validación cruzada,PI,M0,76.8224,75.2884
2011-08,validación cruzada,PI,M0,87.9231,72.4347
2011-09,validación cruzada,PI,M0,89.4903,78.5584
2011-10,validación cruzada,PI,M0,231.5577,161.7482
2011-11,validación cruzada,PI,M0,189.5922,169.2513
2011-12,validación cruzada,PI,M0,223.8179,114.6267
2012-01,validación cruzada,PI,M0,121.2552,62.5186
2012-02,validación cruzada,PI,M0,57.6666,60.0975
2012-03,validación cruzada,PI,M0,87.1492,102.8829
2012-04,validación cruzada,PI,M0,234.6894,144.4048
2012-05,validación cruzada,PI,M0,193.3763,155.4329
2012-06,validación cruzada,PI,M0,75.9345,103.6962
2012-07,validación cruzada,PI,M0,60.036,75.2884
2012-08,validación cruzada,PI,M0,104.4609,72.4347
2012-09,validación cruzada,PI,M0,57.3632,78.5584
2012-11,validación cruzada,PI,M0,76.2081,169.2513
2012-12,validación cruzada,PI,M0,59.5347,114.6267
2013-02,validación cruzada,PI,M0,74.4323,64.3535
2013-03,validación cruzada,PI,M0,90.9303,105.2679
2013-05,validación cruzada,PI,M0,171.082,167.9644
2013-06,validación cruzada,PI,M0,64.8772,109.6848
2013-07,validación cruzada,PI,M0,45.9938,81.8209
2013-08,validación cruzada,PI,M0,73.6277,83.1336
2013-09,validación cruzada,PI,M0,68.6454,91.3342
2013-11,validación cruzada,PI,M0,142.9876,172.5783
2013-12,validación cruzada,PI,M0,111.3759,117.3004
2014-01,validación cruzada,PI,M0,70.9535,70.1341
2014-04,validación cruzada,PI,M0,92.2284,160.2762
2014-06,validación cruzada,PI,M0,55.8182,109.6848
2014-08,validación cruzada,PI,M0,53.1712,83.1336
2014-09,validación cruzada,PI,M0,50.0446,91.3342
2015-01,validación cruzada,PI,M0,40.0589,70.1341
2015-02,validación cruzada,PI,M0,59.2947,64.3535
2015-03,validación cruzada,PI,M0,90.5143,105.2679
2015-04,validación cruzada,PI,M0,164.1511,160.2762
2015-05,validación cruzada,PI,M0,58.6659,167.9644
2016-01,validación cruzada,PI,M0,29.23,70.1341
2016-02,validación cruzada,PI,M0,29.4349,64.3535
2016-03,validación cruzada,PI,M0,51.2063,105.2679
2016-04,validación cruzada,PI,M0,100.0202,160.2762
2016-05,validación cruzada,PI,M0,117.1286,167.9644
2016-06,validación cruzada,PI,M0,67.3366,109.6848
2016-07,validación cruzada,PI,M0,63.2669,81.8209
2016-09,validación cruzada,PI,M0,49.2063,91.3342
2016-10,validación cruzada,PI,M0,111.7111,169.5553
2016-11,validación cruzada,PI,M0,159.3188,172.5783
2016-12,validación cruzada,PI,M0,136.6888,117.3004
2017-01,validación cruzada,PI,M0,78.1176,70.1341
2017-02,validación cruzada,PI,M0,40.3236,64.3535
2017-03,validación cruzada,PI,M0,151.7887,105.2679
2017-04,validación cruzada,PI,M0,135.3266,160.2762
2017-05,validación cruzada,PI,M0,182.5038,167.9644
2017-06,validación cruzada,PI,M0,133.3951,109.6848
2017-07,validación cruzada,PI,M0,94.8572,81.8209
2017-08,validación cruzada,PI,M0,68.9357,83.1336
2017-09,validación cruzada,PI,M0,76.7034,91.3342
2017-10,validación cruzada,PI,M0,100.5155,169.5553
2017-11,validación cruzada,PI,M0,132.4144,172.5783
2017-12,validación cruzada,PI,M0,80.8766,117.3004
2018-01,validación cruzada,PI,M0,77.824,71.6567
2018-02,validación cruzada,PI,M0,43.552,64.6135
2018-03,validación cruzada,PI,M0,79.0792,99.9837
2018-04,validación cruzada,PI,M0,165.9706,152.8738
2018-05,validación cruzada,PI,M0,236.5996,158.5444
2018-06,validación cruzada,PI,M0,110.3734,102.8499
2018-07,validación cruzada,PI,M0,88.7003,79.4637
2018-08,validación cruzada,PI,M0,68.3854,80.6033
2018-09,validación cruzada,PI,M0,70.6306,86.3394
2018-10,validación cruzada,PI,M0,207.3309,163.1855
2018-11,validación cruzada,PI,M0,174.1986,164.8418
2018-12,validación cruzada,PI,M0,68.8454,122.5187
2019-01,validación cruzada,PI,M0,44.6583,71.6567
2019-02,validación cruzada,PI,M0,71.1451,64.6135
2019-03,validación cruzada,PI,M0,142.4226,99.9837
2019-04,validación cruzada,PI,M0,201.7195,152.8738
2019-05,validación cruzada,PI,M0,147.3361,158.5444
2019-06,validación cruzada,PI,M0,98.1111,102.8499
2019-07,validación cruzada,PI,M0,63.3355,79.4637
2019-08,validación cruzada,PI,M0,53.8589,80.6033
2019-09,validación cruzada,PI,M0,63.2511,86.3394
2019-10,validación cruzada,PI,M0,109.5274,163.1855
2019-11,validación cruzada,PI,M0,124.8817,164.8418
2019-12,validación cruzada,PI,M0,71.7877,122.5187
2020-01,validación cruzada,PI,M0,39.4451,71.6567
2020-02,validación cruzada,PI,M0,34.016,64.6135
2020-03,validación cruzada,PI,M0,66.8316,99.9837
2020-04,validación cruzada,PI,M0,101.4582,152.8738
2020-05,validación cruzada,PI,M0,94.4245,158.5444
2020-06,validación cruzada,PI,M0,120.9505,102.8499
2020-07,validación cruzada,PI,M0,90.926,79.4637
2020-08,validación cruzada,PI,M0,97.6325,80.6033
2020-09,validación cruzada,PI,M0,84.451,86.3394
2020-10,validación cruzada,PI,M0,104.8166,163.1855
2020-11,validación cruzada,PI,M0,203.1163,164.8418
2020-12,validación cruzada,PI,M0,94.1868,122.5187
2021-01,validación cruzada,PI,M0,47.8572,71.6567
2021-02,validación cruzada,PI,M0,41.4142,64.6135
2021-03,validación cruzada,PI,M0,129.2163,99.9837
2021-04,validación cruzada,PI,M0,138.9796,152.8738
2021-05,validación cruzada,PI,M0,194.8906,158.5444
2021-06,validación cruzada,PI,M0,121.8563,102.8499
2021-07,validación cruzada,PI,M0,85.407,79.4637
2021-08,validación cruzada,PI,M0,104.5369,80.6033
2021-09,validación cruzada,PI,M0,111.1802,86.3394
2021-10,validación cruzada,PI,M0,133.8155,163.1855
2021-11,validación cruzada,PI,M0,117.1438,164.8418
2021-12,validación cruzada,PI,M0,87.3851,122.5187
2022-01,validación cruzada,PI,M0,52.8252,71.6567
2022-02,validación cruzada,PI,M0,72.7716,64.6135
2022-03,validación cruzada,PI,M0,156.7047,99.9837
2022-04,validación cruzada,PI,M0,162.3133,152.8738
2022-05,validación cruzada,PI,M0,165.3947,158.5444
2022-10,validación cruzada,PI,M0,260.9504,163.1855
2022-11,validación cruzada,PI,M0,299.7937,164.8418
2022-12,validación cruzada,PI,M0,152.6269,122.5187
1998-02,validación cruzada,PI,M1,49.5151,75.9726
1998-03,validación cruzada,PI,M1,81.421,97.0402
1998-06,validación cruzada,PI,M1,88.942,119.3081
1998-07,validación cruzada,PI,M1,83.2035,137.6921
1998-08,validación cruzada,PI,M1,95.619,125.3436
1998-09,validación cruzada,PI,M1,103.9882,127.0309
1998-10,validación cruzada,PI,M1,199.8539,177.7551
1998-11,validación cruzada,PI,M1,172.4213,114.1615
1998-12,validación cruzada,PI,M1,170.0872,86.5715
1999-01,validación cruzada,PI,M1,109.9281,72.8472
1999-02,validación cruzada,PI,M1,179.1889,134.8215
1999-03,validación cruzada,PI,M1,156.1733,88.7966
1999-04,validación cruzada,PI,M1,169.3421,149.6046
1999-05,validación cruzada,PI,M1,159.6478,124.4264
1999-06,validación cruzada,PI,M1,109.6729,133.7571
1999-07,validación cruzada,PI,M1,87.5697,106.1331
1999-08,validación cruzada,PI,M1,93.4551,110.9117
1999-10,validación cruzada,PI,M1,191.2255,178.4855
1999-11,validación cruzada,PI,M1,214.415,152.9281
1999-12,validación cruzada,PI,M1,139.5126,90.5461
2000-01,validación cruzada,PI,M1,76.1519,52.3401
2000-02,validación cruzada,PI,M1,88.1804,98.6142
2000-03,validación cruzada,PI,M1,121.8746,96.6948
2000-04,validación cruzada,PI,M1,114.0046,126.3062
2000-06,validación cruzada,PI,M1,114.9239,150.216
2000-07,validación cruzada,PI,M1,85.4914,127.4385
2000-08,validación cruzada,PI,M1,63.1455,131.1697
2000-11,validación cruzada,PI,M1,136.2251,124.7435
2001-01,validación cruzada,PI,M1,52.453,37.0192
2001-02,validación cruzada,PI,M1,43.306,37.0362
2001-04,validación cruzada,PI,M1,69.3034,101.3205
2001-05,validación cruzada,PI,M1,119.4227,160.8773
2001-06,validación cruzada,PI,M1,96.1994,120.6953
2001-07,validación cruzada,PI,M1,63.0695,142.2272
2001-08,validación cruzada,PI,M1,47.1262,103.2908
2001-09,validación cruzada,PI,M1,66.7373,137.1938
2001-10,validación cruzada,PI,M1,145.8902,172.2349
2001-11,validación cruzada,PI,M1,142.5311,112.3271
2001-12,validación cruzada,PI,M1,128.5266,91.9049
2002-01,validación cruzada,PI,M1,49.7031,29.6305
2002-02,validación cruzada,PI,M1,45.8665,39.4595
2002-03,validación cruzada,PI,M1,102.7694,125.3606
2002-04,validación cruzada,PI,M1,196.5072,147.0794
2002-05,validación cruzada,PI,M1,138.4351,131.7698
2002-06,validación cruzada,PI,M1,136.7803,117.8304
2002-07,validación cruzada,PI,M1,64.959,91.1576
2002-08,validación cruzada,PI,M1,52.0331,98.8067
2002-09,validación cruzada,PI,M1,78.9923,116.0922
2002-10,validación cruzada,PI,M1,107.8081,107.4523
2002-11,validación cruzada,PI,M1,104.4449,92.1654
2002-12,validación cruzada,PI,M1,92.8774,68.397
2003-01,validación cruzada,PI,M1,43.2772,17.264
2003-02,validación cruzada,PI,M1,37.5017,59.0921
2003-03,validación cruzada,PI,M1,69.6298,102.004
2003-04,validación cruzada,PI,M1,156.939,151.7378
2003-05,validación cruzada,PI,M1,115.2211,128.7305
2003-06,validación cruzada,PI,M1,113.5073,132.6971
2003-07,validación cruzada,PI,M1,68.5536,100.3261
2003-08,validación cruzada,PI,M1,81.8739,97.3938
2003-09,validación cruzada,PI,M1,97.9413,134.0339
2003-10,validación cruzada,PI,M1,199.0143,154.8077
2003-11,validación cruzada,PI,M1,168.7411,121.0778
2003-12,validación cruzada,PI,M1,131.3506,83.0953
2004-01,validación cruzada,PI,M1,71.5043,40.7721
2004-02,validación cruzada,PI,M1,44.014,49.3819
2004-03,validación cruzada,PI,M1,55.8861,81.4834
2004-04,validación cruzada,PI,M1,151.958,139.2274
2004-05,validación cruzada,PI,M1,199.7007,185.9683
2004-06,validación cruzada,PI,M1,78.84,100.7277
2004-07,validación cruzada,PI,M1,64.0163,107.06
2004-08,validación cruzada,PI,M1,50.1148,91.5952
2004-09,validación cruzada,PI,M1,95.8619,152.3705
2004-10,validación cruzada,PI,M1,144.4576,160.4413
2004-11,validación cruzada,PI,M1,202.0192,123.3335
2004-12,validación cruzada,PI,M1,105.0829,53.7502
2005-01,validación cruzada,PI,M1,96.2035,78.0614
2005-02,validación cruzada,PI,M1,102.7421,84.3662
2005-03,validación cruzada,PI,M1,61.9362,61.8264
2005-05,validación cruzada,PI,M1,152.9021,164.8535
2005-06,validación cruzada,PI,M1,99.8158,123.1409
2005-07,validación cruzada,PI,M1,75.5127,92.4919
2005-08,validación cruzada,PI,M1,64.4239,104.2377
2005-09,validación cruzada,PI,M1,70.2408,96.9041
2005-10,validación cruzada,PI,M1,205.1395,184.2354
2005-11,validación cruzada,PI,M1,208.6537,148.745
2005-12,validación cruzada,PI,M1,102.9176,67.1244
2006-02,validación cruzada,PI,M1,48.3249,43.0057
2006-03,validación cruzada,PI,M1,142.0923,127.113
2006-04,validación cruzada,PI,M1,177.1545,150.2304
2006-05,validación cruzada,PI,M1,221.7115,157.553
2006-06,validación cruzada,PI,M1,142.8353,145.1305
2006-07,validación cruzada,PI,M1,66.8242,104.6338
2006-08,validación cruzada,PI,M1,60.9199,105.0079
2006-09,validación cruzada,PI,M1,70.4986,105.5195
2006-10,validación cruzada,PI,M1,158.898,173.3203
2006-11,validación cruzada,PI,M1,190.3756,132.8731
2006-12,validación cruzada,PI,M1,145.5888,74.4964
2007-01,validación cruzada,PI,M1,82.626,45.4869
2007-02,validación cruzada,PI,M1,36.8294,29.89
2007-03,validación cruzada,PI,M1,101.4163,131.7343
2007-04,validación cruzada,PI,M1,157.5046,139.805
2007-05,validación cruzada,PI,M1,167.2925,153.5313
2007-06,validación cruzada,PI,M1,112.2959,106.7574
2007-07,validación cruzada,PI,M1,88.217,108.5564
2007-08,validación cruzada,PI,M1,102.5298,128.6975
2007-09,validación cruzada,PI,M1,98.5619,109.3706
2007-10,validación cruzada,PI,M1,207.0167,189.2142
2007-11,validación cruzada,PI,M1,152.8426,96.508
2007-12,validación cruzada,PI,M1,128.9366,82.9413
2008-01,validación cruzada,PI,M1,94.7241,59.8719
2008-02,validación cruzada,PI,M1,67.2395,69.2919
2008-06,validación cruzada,PI,M1,120.6895,134.9182
2008-07,validación cruzada,PI,M1,107.7074,115.1686
2008-08,validación cruzada,PI,M1,128.6061,137.0093
2008-09,validación cruzada,PI,M1,120.7657,117.8451
2008-10,validación cruzada,PI,M1,162.9998,153.8158
2008-11,validación cruzada,PI,M1,180.9487,148.4732
2008-12,validación cruzada,PI,M1,101.1813,53.0342
2009-01,validación cruzada,PI,M1,98.2906,69.9871
2009-02,validación cruzada,PI,M1,114.7613,73.7875
2009-04,validación cruzada,PI,M1,142.0653,115.4562
2009-06,validación cruzada,PI,M1,95.9442,121.2273
2009-07,validación cruzada,PI,M1,56.9272,96.6998
2009-08,validación cruzada,PI,M1,92.3772,113.5742
2009-09,validación cruzada,PI,M1,66.8777,75.7374
2009-10,validación cruzada,PI,M1,75.252,122.7172
2009-11,validación cruzada,PI,M1,148.7808,103.7569
2009-12,validación cruzada,PI,M1,62.5669,55.601
2010-01,validación cruzada,PI,M1,33.5284,28.6583
2010-02,validación cruzada,PI,M1,30.2726,51.7535
2010-03,validación cruzada,PI,M1,51.9948,84.6451
2010-04,validación cruzada,PI,M1,105.828,141.1808
2010-05,validación cruzada,PI,M1,149.6132,175.923
2010-06,validación cruzada,PI,M1,125.4005,132.1738
2010-07,validación cruzada,PI,M1,177.3191,169.4042
2010-08,validación cruzada,PI,M1,130.5174,137.6993
2010-09,validación cruzada,PI,M1,205.8501,152.4827
2010-10,validación cruzada,PI,M1,206.4421,150.7786
2010-11,validación cruzada,PI,M1,244.2329,157.9926
2010-12,validación cruzada,PI,M1,161.8953,101.7966
2011-01,validación cruzada,PI,M1,70.159,47.2787
2011-02,validación cruzada,PI,M1,78.7613,81.3988
2011-03,validación cruzada,PI,M1,182.9563,120.6732
2011-04,validación cruzada,PI,M1,278.9582,208.4748
2011-05,validación cruzada,PI,M1,231.4622,176.2575
2011-06,validación cruzada,PI,M1,120.9394,111.1487
2011-07,validación cruzada,PI,M1,76.8224,97.8812
2011-08,validación cruzada,PI,M1,87.9231,108.5088
2011-09,validación cruzada,PI,M1,89.4903,102.0789
2011-10,validación cruzada,PI,M1,231.5577,148.7241
2011-11,validación cruzada,PI,M1,189.5922,160.5122
2011-12,validación cruzada,PI,M1,223.8179,97.9492
2012-01,validación cruzada,PI,M1,121.2552,50.8753
2012-02,validación cruzada,PI,M1,57.6666,43.9906
2012-03,validación cruzada,PI,M1,87.1492,135.9637
2012-04,validación cruzada,PI,M1,234.6894,180.0893
2012-05,validación cruzada,PI,M1,193.3763,124.0659
2012-06,validación cruzada,PI,M1,75.9345,89.5642
2012-07,validación cruzada,PI,M1,60.036,110.03
2012-08,validación cruzada,PI,M1,104.4609,111.2741
2012-09,validación cruzada,PI,M1,57.3632,98.1635
2012-11,validación cruzada,PI,M1,76.2081,72.2245
2012-12,validación cruzada,PI,M1,59.5347,59.5582
2013-02,validación cruzada,PI,M1,74.4323,110.3492
2013-03,validación cruzada,PI,M1,90.9303,116.6408
2013-05,validación cruzada,PI,M1,171.082,170.1716
2013-06,validación cruzada,PI,M1,64.8772,112.0
2013-07,validación cruzada,PI,M1,45.9938,69.9483
2013-08,validación cruzada,PI,M1,73.6277,128.0215
2013-09,validación cruzada,PI,M1,68.6454,115.5694
2013-11,validación cruzada,PI,M1,142.9876,128.918
2013-12,validación cruzada,PI,M1,111.3759,81.8975
2014-01,validación cruzada,PI,M1,70.9535,49.5538
2014-04,validación cruzada,PI,M1,92.2284,99.1489
2014-06,validación cruzada,PI,M1,55.8182,99.8048
2014-08,validación cruzada,PI,M1,53.1712,98.7608
2014-09,validación cruzada,PI,M1,50.0446,116.2746
2015-01,validación cruzada,PI,M1,40.0589,76.8685
2015-02,validación cruzada,PI,M1,59.2947,86.1884
2015-03,validación cruzada,PI,M1,90.5143,111.7813
2015-04,validación cruzada,PI,M1,164.1511,156.2164
2015-05,validación cruzada,PI,M1,58.6659,94.5846
2016-01,validación cruzada,PI,M1,29.23,44.7325
2016-02,validación cruzada,PI,M1,29.4349,56.1187
2016-03,validación cruzada,PI,M1,51.2063,91.0206
2016-04,validación cruzada,PI,M1,100.0202,160.9884
2016-05,validación cruzada,PI,M1,117.1286,157.1729
2016-06,validación cruzada,PI,M1,67.3366,83.8325
2016-07,validación cruzada,PI,M1,63.2669,104.9704
2016-09,validación cruzada,PI,M1,49.2063,93.3
2016-10,validación cruzada,PI,M1,111.7111,131.3997
2016-11,validación cruzada,PI,M1,159.3188,111.7923
2016-12,validación cruzada,PI,M1,136.6888,97.4216
2017-01,validación cruzada,PI,M1,78.1176,54.0798
2017-02,validación cruzada,PI,M1,40.3236,65.8267
2017-03,validación cruzada,PI,M1,151.7887,151.3733
2017-04,validación cruzada,PI,M1,135.3266,159.0971
2017-05,validación cruzada,PI,M1,182.5038,158.3263
2017-06,validación cruzada,PI,M1,133.3951,126.6003
2017-07,validación cruzada,PI,M1,94.8572,88.8614
2017-08,validación cruzada,PI,M1,68.9357,148.1646
2017-09,validación cruzada,PI,M1,76.7034,120.3415
2017-10,validación cruzada,PI,M1,100.5155,142.8678
2017-11,validación cruzada,PI,M1,132.4144,123.3862
2017-12,validación cruzada,PI,M1,80.8766,78.8309
2018-01,validación cruzada,PI,M1,77.824,73.7084
2018-02,validación cruzada,PI,M1,43.552,54.8961
2018-03,validación cruzada,PI,M1,79.0792,149.5557
2018-04,validación cruzada,PI,M1,165.9706,150.9161
2018-05,validación cruzada,PI,M1,236.5996,177.9171
2018-06,validación cruzada,PI,M1,110.3734,80.902
2018-07,validación cruzada,PI,M1,88.7003,114.7154
2018-08,validación cruzada,PI,M1,68.3854,74.5765
2018-09,validación cruzada,PI,M1,70.6306,116.8063
2018-10,validación cruzada,PI,M1,207.3309,183.5386
2018-11,validación cruzada,PI,M1,174.1986,121.3691
2018-12,validación cruzada,PI,M1,68.8454,42.4146
2019-01,validación cruzada,PI,M1,44.6583,48.3166
2019-02,validación cruzada,PI,M1,71.1451,82.7493
2019-03,validación cruzada,PI,M1,142.4226,144.2042
2019-04,validación cruzada,PI,M1,201.7195,151.6942
2019-05,validación cruzada,PI,M1,147.3361,156.2623
2019-06,validación cruzada,PI,M1,98.1111,93.3835
2019-07,validación cruzada,PI,M1,63.3355,81.5107
2019-08,validación cruzada,PI,M1,53.8589,88.9795
2019-09,validación cruzada,PI,M1,63.2511,99.0156
2019-10,validación cruzada,PI,M1,109.5274,151.2231
2019-11,validación cruzada,PI,M1,124.8817,136.1585
2019-12,validación cruzada,PI,M1,71.7877,85.036
2020-01,validación cruzada,PI,M1,39.4451,59.2366
2020-02,validación cruzada,PI,M1,34.016,64.4081
2020-03,validación cruzada,PI,M1,66.8316,129.9547
2020-04,validación cruzada,PI,M1,101.4582,101.5934
2020-05,validación cruzada,PI,M1,94.4245,126.35
2020-06,validación cruzada,PI,M1,120.9505,111.3912
2020-07,validación cruzada,PI,M1,90.926,108.2576
2020-08,validación cruzada,PI,M1,97.6325,93.1824
2020-09,validación cruzada,PI,M1,84.451,99.8889
2020-10,validación cruzada,PI,M1,104.8166,128.9279
2020-11,validación cruzada,PI,M1,203.1163,148.0789
2020-12,validación cruzada,PI,M1,94.1868,81.8071
2021-01,validación cruzada,PI,M1,47.8572,33.1778
2021-02,validación cruzada,PI,M1,41.4142,91.0968
2021-03,validación cruzada,PI,M1,129.2163,119.6223
2021-04,validación cruzada,PI,M1,138.9796,122.2107
2021-05,validación cruzada,PI,M1,194.8906,161.2327
2021-06,validación cruzada,PI,M1,121.8563,130.1506
2021-07,validación cruzada,PI,M1,85.407,110.4331
2021-08,validación cruzada,PI,M1,104.5369,126.5565
2021-09,validación cruzada,PI,M1,111.1802,118.1984
2021-10,validación cruzada,PI,M1,133.8155,157.6015
2021-11,validación cruzada,PI,M1,117.1438,112.037
2021-12,validación cruzada,PI,M1,87.3851,81.1137
2022-01,validación cruzada,PI,M1,52.8252,56.9075
2022-02,validación cruzada,PI,M1,72.7716,118.7383
2022-03,validación cruzada,PI,M1,156.7047,120.8768
2022-04,validación cruzada,PI,M1,162.3133,168.0399
2022-05,validación cruzada,PI,M1,165.3947,201.4934
2022-10,validación cruzada,PI,M1,260.9504,159.3748
2022-11,validación cruzada,PI,M1,299.7937,145.8663
2022-12,validación cruzada,PI,M1,152.6269,72.5068
1998-02,validación cruzada,PI,M2,49.5151,50.6872
1998-03,validación cruzada,PI,M2,81.421,84.504
1998-06,validación cruzada,PI,M2,88.942,141.4854
1998-07,validación cruzada,PI,M2,83.2035,135.4934
1998-08,validación cruzada,PI,M2,95.619,133.0701
1998-09,validación cruzada,PI,M2,103.9882,129.3275
1998-10,validación cruzada,PI,M2,199.8539,171.2553
1998-11,validación cruzada,PI,M2,172.4213,140.5732
1998-12,validación cruzada,PI,M2,170.0872,91.8108
1999-01,validación cruzada,PI,M2,109.9281,69.2292
1999-02,validación cruzada,PI,M2,179.1889,113.9186
1999-03,validación cruzada,PI,M2,156.1733,102.1756
1999-04,validación cruzada,PI,M2,169.3421,132.5397
1999-05,validación cruzada,PI,M2,159.6478,137.2581
1999-06,validación cruzada,PI,M2,109.6729,134.4147
1999-07,validación cruzada,PI,M2,87.5697,115.826
1999-08,validación cruzada,PI,M2,93.4551,108.2697
1999-10,validación cruzada,PI,M2,191.2255,188.7598
1999-11,validación cruzada,PI,M2,214.415,172.3854
1999-12,validación cruzada,PI,M2,139.5126,111.0964
2000-01,validación cruzada,PI,M2,76.1519,54.207
2000-02,validación cruzada,PI,M2,88.1804,75.996
2000-03,validación cruzada,PI,M2,121.8746,93.6002
2000-04,validación cruzada,PI,M2,114.0046,116.8736
2000-06,validación cruzada,PI,M2,114.9239,161.7373
2000-07,validación cruzada,PI,M2,85.4914,139.9596
2000-08,validación cruzada,PI,M2,63.1455,133.5591
2000-11,validación cruzada,PI,M2,136.2251,144.8106
2001-01,validación cruzada,PI,M2,52.453,31.5611
2001-02,validación cruzada,PI,M2,43.306,19.5999
2001-04,validación cruzada,PI,M2,69.3034,95.0879
2001-05,validación cruzada,PI,M2,119.4227,146.8889
2001-06,validación cruzada,PI,M2,96.1994,138.894
2001-07,validación cruzada,PI,M2,63.0695,139.754
2001-08,validación cruzada,PI,M2,47.1262,117.0237
2001-09,validación cruzada,PI,M2,66.7373,128.4549
2001-10,validación cruzada,PI,M2,145.8902,170.9773
2001-11,validación cruzada,PI,M2,142.5311,136.796
2001-12,validación cruzada,PI,M2,128.5266,95.3861
2002-01,validación cruzada,PI,M2,49.7031,36.3112
2002-02,validación cruzada,PI,M2,45.8665,18.5095
2002-03,validación cruzada,PI,M2,102.7694,92.4012
2002-04,validación cruzada,PI,M2,196.5072,145.6301
2002-05,validación cruzada,PI,M2,138.4351,142.1811
2002-06,validación cruzada,PI,M2,136.7803,124.5106
2002-07,validación cruzada,PI,M2,64.959,97.0578
2002-08,validación cruzada,PI,M2,52.0331,92.2286
2002-09,validación cruzada,PI,M2,78.9923,109.4463
2002-10,validación cruzada,PI,M2,107.8081,109.5824
2002-11,validación cruzada,PI,M2,104.4449,93.5789
2002-12,validación cruzada,PI,M2,92.8774,67.9288
2003-01,validación cruzada,PI,M2,43.2772,17.8741
2003-02,validación cruzada,PI,M2,37.5017,29.2859
2003-03,validación cruzada,PI,M2,69.6298,81.1882
2003-04,validación cruzada,PI,M2,156.939,138.9683
2003-05,validación cruzada,PI,M2,115.2211,141.9111
2003-06,validación cruzada,PI,M2,113.5073,135.2492
2003-07,validación cruzada,PI,M2,68.5536,111.2426
2003-08,validación cruzada,PI,M2,81.8739,95.1112
2003-09,validación cruzada,PI,M2,97.9413,122.948
2003-10,validación cruzada,PI,M2,199.0143,155.0635
2003-11,validación cruzada,PI,M2,168.7411,137.145
2003-12,validación cruzada,PI,M2,131.3506,92.6091
2004-01,validación cruzada,PI,M2,71.5043,42.814
2004-02,validación cruzada,PI,M2,44.014,31.6016
2004-03,validación cruzada,PI,M2,55.8861,60.7571
2004-04,validación cruzada,PI,M2,151.958,120.2864
2004-05,validación cruzada,PI,M2,199.7007,182.0152
2004-06,validación cruzada,PI,M2,78.84,134.2773
2004-07,validación cruzada,PI,M2,64.0163,102.9561
2004-08,validación cruzada,PI,M2,50.1148,93.3794
2004-09,validación cruzada,PI,M2,95.8619,135.032
2004-10,validación cruzada,PI,M2,144.4576,167.3548
2004-11,validación cruzada,PI,M2,202.0192,141.3379
2004-12,validación cruzada,PI,M2,105.0829,70.275
2005-01,validación cruzada,PI,M2,96.2035,59.9032
2005-02,validación cruzada,PI,M2,102.7421,75.275
2005-03,validación cruzada,PI,M2,61.9362,60.0701
2005-05,validación cruzada,PI,M2,152.9021,173.1729
2005-06,validación cruzada,PI,M2,99.8158,143.0665
2005-07,validación cruzada,PI,M2,75.5127,100.9485
2005-08,validación cruzada,PI,M2,64.4239,97.2037
2005-09,validación cruzada,PI,M2,70.2408,96.3905
2005-10,validación cruzada,PI,M2,205.1395,162.5921
2005-11,validación cruzada,PI,M2,208.6537,171.6573
2005-12,validación cruzada,PI,M2,102.9176,91.7282
2006-02,validación cruzada,PI,M2,48.3249,36.1347
2006-03,validación cruzada,PI,M2,142.0923,94.2617
2006-04,validación cruzada,PI,M2,177.1545,148.4786
2006-05,validación cruzada,PI,M2,221.7115,164.1493
2006-06,validación cruzada,PI,M2,142.8353,157.4101
2006-07,validación cruzada,PI,M2,66.8242,119.9642
2006-08,validación cruzada,PI,M2,60.9199,102.9926
2006-09,validación cruzada,PI,M2,70.4986,103.5583
2006-10,validación cruzada,PI,M2,158.898,157.6009
2006-11,validación cruzada,PI,M2,190.3756,154.4029
2006-12,validación cruzada,PI,M2,145.5888,90.8125
2007-01,validación cruzada,PI,M2,82.626,42.8901
2007-02,validación cruzada,PI,M2,36.8294,18.1382
2007-03,validación cruzada,PI,M2,101.4163,92.3376
2007-04,validación cruzada,PI,M2,157.5046,142.1728
2007-05,validación cruzada,PI,M2,167.2925,156.5111
2007-06,validación cruzada,PI,M2,112.2959,125.2323
2007-07,validación cruzada,PI,M2,88.217,106.7152
2007-08,validación cruzada,PI,M2,102.5298,123.4715
2007-09,validación cruzada,PI,M2,98.5619,116.7172
2007-10,validación cruzada,PI,M2,207.0167,171.8606
2007-11,validación cruzada,PI,M2,152.8426,132.3116
2007-12,validación cruzada,PI,M2,128.9366,82.0098
2008-01,validación cruzada,PI,M2,94.7241,57.9194
2008-02,validación cruzada,PI,M2,67.2395,55.9296
2008-06,validación cruzada,PI,M2,120.6895,160.8913
2008-07,validación cruzada,PI,M2,107.7074,124.9039
2008-08,validación cruzada,PI,M2,128.6061,134.2096
2008-09,validación cruzada,PI,M2,120.7657,127.9577
2008-10,validación cruzada,PI,M2,162.9998,148.9518
2008-11,validación cruzada,PI,M2,180.9487,159.8835
2008-12,validación cruzada,PI,M2,101.1813,80.348
2009-01,validación cruzada,PI,M2,98.2906,53.5923
2009-02,validación cruzada,PI,M2,114.7613,63.8599
2009-04,validación cruzada,PI,M2,142.0653,126.2808
2009-06,validación cruzada,PI,M2,95.9442,122.7914
2009-07,validación cruzada,PI,M2,56.9272,104.144
2009-08,validación cruzada,PI,M2,92.3772,107.4024
2009-09,validación cruzada,PI,M2,66.8777,83.9263
2009-10,validación cruzada,PI,M2,75.252,105.9134
2009-11,validación cruzada,PI,M2,148.7808,110.4896
2009-12,validación cruzada,PI,M2,62.5669,63.4593
2010-01,validación cruzada,PI,M2,33.5284,21.2203
2010-02,validación cruzada,PI,M2,30.2726,28.4908
2010-03,validación cruzada,PI,M2,51.9948,64.9165
2010-04,validación cruzada,PI,M2,105.828,124.6402
2010-05,validación cruzada,PI,M2,149.6132,176.7482
2010-06,validación cruzada,PI,M2,125.4005,156.064
2010-07,validación cruzada,PI,M2,177.3191,167.6501
2010-08,validación cruzada,PI,M2,130.5174,157.7726
2010-09,validación cruzada,PI,M2,205.8501,156.2938
2010-10,validación cruzada,PI,M2,206.4421,161.1845
2010-11,validación cruzada,PI,M2,244.2329,166.3023
2010-12,validación cruzada,PI,M2,161.8953,123.8647
2011-01,validación cruzada,PI,M2,70.159,55.89
2011-02,validación cruzada,PI,M2,78.7613,60.3902
2011-03,validación cruzada,PI,M2,182.9563,106.6599
2011-04,validación cruzada,PI,M2,278.9582,194.4044
2011-05,validación cruzada,PI,M2,231.4622,205.5623
2011-06,validación cruzada,PI,M2,120.9394,139.1836
2011-07,validación cruzada,PI,M2,76.8224,100.8256
2011-08,validación cruzada,PI,M2,87.9231,103.8024
2011-09,validación cruzada,PI,M2,89.4903,103.1044
2011-10,validación cruzada,PI,M2,231.5577,138.1421
2011-11,validación cruzada,PI,M2,189.5922,167.4709
2011-12,validación cruzada,PI,M2,223.8179,121.8185
2012-01,validación cruzada,PI,M2,121.2552,57.1699
2012-02,validación cruzada,PI,M2,57.6666,31.6293
2012-03,validación cruzada,PI,M2,87.1492,103.1725
2012-04,validación cruzada,PI,M2,234.6894,177.9085
2012-05,validación cruzada,PI,M2,193.3763,151.2669
2012-06,validación cruzada,PI,M2,75.9345,99.5709
2012-07,validación cruzada,PI,M2,60.036,101.5063
2012-08,validación cruzada,PI,M2,104.4609,111.1943
2012-09,validación cruzada,PI,M2,57.3632,101.1073
2012-11,validación cruzada,PI,M2,76.2081,93.6232
2012-12,validación cruzada,PI,M2,59.5347,53.2885
2013-02,validación cruzada,PI,M2,74.4323,79.4902
2013-03,validación cruzada,PI,M2,90.9303,113.5048
2013-05,validación cruzada,PI,M2,171.082,181.8761
2013-06,validación cruzada,PI,M2,64.8772,134.447
2013-07,validación cruzada,PI,M2,45.9938,76.5055
2013-08,validación cruzada,PI,M2,73.6277,106.0164
2013-09,validación cruzada,PI,M2,68.6454,119.9332
2013-11,validación cruzada,PI,M2,142.9876,122.0273
2013-12,validación cruzada,PI,M2,111.3759,93.1301
2014-01,validación cruzada,PI,M2,70.9535,47.6246
2014-04,validación cruzada,PI,M2,92.2284,92.9599
2014-06,validación cruzada,PI,M2,55.8182,100.4281
2014-08,validación cruzada,PI,M2,53.1712,97.1357
2014-09,validación cruzada,PI,M2,50.0446,108.427
2015-01,validación cruzada,PI,M2,40.0589,66.3018
2015-02,validación cruzada,PI,M2,59.2947,75.1132
2015-03,validación cruzada,PI,M2,90.5143,99.6126
2015-04,validación cruzada,PI,M2,164.1511,146.0329
2015-05,validación cruzada,PI,M2,58.6659,114.6339
2016-01,validación cruzada,PI,M2,29.23,29.0849
2016-02,validación cruzada,PI,M2,29.4349,37.5854
2016-03,validación cruzada,PI,M2,51.2063,70.4498
2016-04,validación cruzada,PI,M2,100.0202,141.3164
2016-05,validación cruzada,PI,M2,117.1286,167.1115
2016-06,validación cruzada,PI,M2,67.3366,106.3518
2016-07,validación cruzada,PI,M2,63.2669,93.144
2016-09,validación cruzada,PI,M2,49.2063,88.6076
2016-10,validación cruzada,PI,M2,111.7111,118.3792
2016-11,validación cruzada,PI,M2,159.3188,118.2791
2016-12,validación cruzada,PI,M2,136.6888,98.5905
2017-01,validación cruzada,PI,M2,78.1176,57.6836
2017-02,validación cruzada,PI,M2,40.3236,49.2771
2017-03,validación cruzada,PI,M2,151.7887,123.1602
2017-04,validación cruzada,PI,M2,135.3266,164.6963
2017-05,validación cruzada,PI,M2,182.5038,167.2618
2017-06,validación cruzada,PI,M2,133.3951,141.3411
2017-07,validación cruzada,PI,M2,94.8572,97.7935
2017-08,validación cruzada,PI,M2,68.9357,130.0767
2017-09,validación cruzada,PI,M2,76.7034,132.0967
2017-10,validación cruzada,PI,M2,100.5155,138.7933
2017-11,validación cruzada,PI,M2,132.4144,132.3679
2017-12,validación cruzada,PI,M2,80.8766,88.3725
2018-01,validación cruzada,PI,M2,77.824,67.4518
2018-02,validación cruzada,PI,M2,43.552,50.9183
2018-03,validación cruzada,PI,M2,79.0792,121.9515
2018-04,validación cruzada,PI,M2,165.9706,156.8233
2018-05,validación cruzada,PI,M2,236.5996,179.4835
2018-06,validación cruzada,PI,M2,110.3734,109.4359
2018-07,validación cruzada,PI,M2,88.7003,102.6114
2018-08,validación cruzada,PI,M2,68.3854,81.7039
2018-09,validación cruzada,PI,M2,70.6306,102.073
2018-10,validación cruzada,PI,M2,207.3309,171.9371
2018-11,validación cruzada,PI,M2,174.1986,144.6749
2018-12,validación cruzada,PI,M2,68.8454,57.6628
2019-01,validación cruzada,PI,M2,44.6583,34.3557
2019-02,validación cruzada,PI,M2,71.1451,64.739
2019-03,validación cruzada,PI,M2,142.4226,127.4886
2019-04,validación cruzada,PI,M2,201.7195,155.554
2019-05,validación cruzada,PI,M2,147.3361,161.9765
2019-06,validación cruzada,PI,M2,98.1111,111.9648
2019-07,validación cruzada,PI,M2,63.3355,79.7921
2019-08,validación cruzada,PI,M2,53.8589,81.6923
2019-09,validación cruzada,PI,M2,63.2511,92.5979
2019-10,validación cruzada,PI,M2,109.5274,139.0533
2019-11,validación cruzada,PI,M2,124.8817,145.2978
2019-12,validación cruzada,PI,M2,71.7877,97.9404
2020-01,validación cruzada,PI,M2,39.4451,58.5223
2020-02,validación cruzada,PI,M2,34.016,53.5698
2020-03,validación cruzada,PI,M2,66.8316,109.2456
2020-04,validación cruzada,PI,M2,101.4582,109.3263
2020-05,validación cruzada,PI,M2,94.4245,119.545
2020-06,validación cruzada,PI,M2,120.9505,116.0876
2020-07,validación cruzada,PI,M2,90.926,108.18
2020-08,validación cruzada,PI,M2,97.6325,94.6816
2020-09,validación cruzada,PI,M2,84.451,94.8139
2020-10,validación cruzada,PI,M2,104.8166,121.0543
2020-11,validación cruzada,PI,M2,203.1163,147.1375
2020-12,validación cruzada,PI,M2,94.1868,99.5393
2021-01,validación cruzada,PI,M2,47.8572,35.9696
2021-02,validación cruzada,PI,M2,41.4142,66.1962
2021-03,validación cruzada,PI,M2,129.2163,110.2767
2021-04,validación cruzada,PI,M2,138.9796,122.5743
2021-05,validación cruzada,PI,M2,194.8906,155.5451
2021-06,validación cruzada,PI,M2,121.8563,143.933
2021-07,validación cruzada,PI,M2,85.407,116.656
2021-08,validación cruzada,PI,M2,104.5369,122.8667
2021-09,validación cruzada,PI,M2,111.1802,121.7518
2021-10,validación cruzada,PI,M2,133.8155,151.1321
2021-11,validación cruzada,PI,M2,117.1438,127.7619
2021-12,validación cruzada,PI,M2,87.3851,86.1177
2022-01,validación cruzada,PI,M2,52.8252,55.2109
2022-02,validación cruzada,PI,M2,72.7716,97.3592
2022-03,validación cruzada,PI,M2,156.7047,121.1636
2022-04,validación cruzada,PI,M2,162.3133,160.6599
2022-05,validación cruzada,PI,M2,165.3947,204.9522
2022-10,validación cruzada,PI,M2,260.9504,162.9547
2022-11,validación cruzada,PI,M2,299.7937,156.1774
2022-12,validación cruzada,PI,M2,152.6269,91.1122
1998-02,validación cruzada,PI,M3,49.5151,83.4678
1998-03,validación cruzada,PI,M3,81.421,101.3484
1998-06,validación cruzada,PI,M3,88.942,119.0216
1998-07,validación cruzada,PI,M3,83.2035,132.8862
1998-08,validación cruzada,PI,M3,95.619,123.6382
1998-09,validación cruzada,PI,M3,103.9882,124.917
1998-10,validación cruzada,PI,M3,199.8539,161.3725
1998-11,validación cruzada,PI,M3,172.4213,115.0305
1998-12,validación cruzada,PI,M3,170.0872,92.6279
1999-01,validación cruzada,PI,M3,109.9281,80.6938
1999-02,validación cruzada,PI,M3,179.1889,130.7588
1999-03,validación cruzada,PI,M3,156.1733,94.5068
1999-04,validación cruzada,PI,M3,169.3421,141.581
1999-05,validación cruzada,PI,M3,159.6478,122.9409
1999-06,validación cruzada,PI,M3,109.6729,129.9665
1999-07,validación cruzada,PI,M3,87.5697,108.6966
1999-08,validación cruzada,PI,M3,93.4551,112.4829
1999-10,validación cruzada,PI,M3,191.2255,161.8734
1999-11,validación cruzada,PI,M3,214.415,143.9704
1999-12,validación cruzada,PI,M3,139.5126,95.9742
2000-01,validación cruzada,PI,M3,76.1519,61.4535
2000-02,validación cruzada,PI,M3,88.1804,102.6346
2000-03,validación cruzada,PI,M3,121.8746,101.0653
2000-04,validación cruzada,PI,M3,114.0046,124.3683
2000-06,validación cruzada,PI,M3,114.9239,142.0218
2000-07,validación cruzada,PI,M3,85.4914,125.2252
2000-08,validación cruzada,PI,M3,63.1455,128.0331
2000-11,validación cruzada,PI,M3,136.2251,123.1821
2001-01,validación cruzada,PI,M3,52.453,45.4286
2001-02,validación cruzada,PI,M3,43.306,45.4475
2001-04,validación cruzada,PI,M3,69.3034,104.8318
2001-05,validación cruzada,PI,M3,119.4227,149.6254
2001-06,validación cruzada,PI,M3,96.1994,120.0886
2001-07,validación cruzada,PI,M3,63.0695,136.2212
2001-08,validación cruzada,PI,M3,47.1262,106.4206
2001-09,validación cruzada,PI,M3,66.7373,132.5179
2001-10,validación cruzada,PI,M3,145.8902,157.5673
2001-11,validación cruzada,PI,M3,142.5311,113.5952
2001-12,validación cruzada,PI,M3,128.5266,97.108
2002-01,validación cruzada,PI,M3,49.7031,36.8972
2002-02,validación cruzada,PI,M3,45.8665,48.1116
2002-03,validación cruzada,PI,M3,102.7694,123.6511
2002-04,validación cruzada,PI,M3,196.5072,139.7552
2002-05,validación cruzada,PI,M3,138.4351,128.4825
2002-06,validación cruzada,PI,M3,136.7803,117.8809
2002-07,validación cruzada,PI,M3,64.959,96.485
2002-08,validación cruzada,PI,M3,52.0331,102.7914
2002-09,validación cruzada,PI,M3,78.9923,116.5338
2002-10,validación cruzada,PI,M3,107.8081,109.7468
2002-11,validación cruzada,PI,M3,104.4449,97.3247
2002-12,validación cruzada,PI,M3,92.8774,76.6799
2003-01,validación cruzada,PI,M3,43.2772,17.127
2003-02,validación cruzada,PI,M3,37.5017,65.9918
2003-03,validación cruzada,PI,M3,69.6298,104.6261
2003-04,validación cruzada,PI,M3,156.939,143.9115
2003-05,validación cruzada,PI,M3,115.2211,126.2677
2003-06,validación cruzada,PI,M3,113.5073,129.3677
2003-07,validación cruzada,PI,M3,68.5536,103.2176
2003-08,validación cruzada,PI,M3,81.8739,100.7401
2003-09,validación cruzada,PI,M3,97.9413,130.4068
2003-10,validación cruzada,PI,M3,199.0143,146.2082
2003-11,validación cruzada,PI,M3,168.7411,120.211
2003-12,validación cruzada,PI,M3,131.3506,88.3376
2004-01,validación cruzada,PI,M3,71.5043,46.9937
2004-02,validación cruzada,PI,M3,44.014,56.1989
2004-03,validación cruzada,PI,M3,55.8861,86.9025
2004-04,validación cruzada,PI,M3,151.958,134.4165
2004-05,validación cruzada,PI,M3,199.7007,168.8706
2004-06,validación cruzada,PI,M3,78.84,103.5553
2004-07,validación cruzada,PI,M3,64.0163,108.8312
2004-08,validación cruzada,PI,M3,50.1148,95.7776
2004-09,validación cruzada,PI,M3,95.8619,144.3859
2004-10,validación cruzada,PI,M3,144.4576,150.3909
2004-11,validación cruzada,PI,M3,202.0192,122.0069
2004-12,validación cruzada,PI,M3,105.0829,60.6717
2005-01,validación cruzada,PI,M3,96.2035,83.8284
2005-02,validación cruzada,PI,M3,102.7421,89.4634
2005-03,validación cruzada,PI,M3,61.9362,68.6579
2005-05,validación cruzada,PI,M3,152.9021,153.639
2005-06,validación cruzada,PI,M3,99.8158,121.854
2005-07,validación cruzada,PI,M3,75.5127,96.5508
2005-08,validación cruzada,PI,M3,64.4239,106.4909
2005-09,validación cruzada,PI,M3,70.2408,100.3244
2005-10,validación cruzada,PI,M3,205.1395,167.6388
2005-11,validación cruzada,PI,M3,208.6537,141.6602
2005-12,validación cruzada,PI,M3,102.9176,73.7253
2006-02,validación cruzada,PI,M3,48.3249,49.4376
2006-03,validación cruzada,PI,M3,142.0923,124.996
2006-04,validación cruzada,PI,M3,177.1545,142.7791
2006-05,validación cruzada,PI,M3,221.7115,148.2515
2006-06,validación cruzada,PI,M3,142.8353,138.9247
2006-07,validación cruzada,PI,M3,66.8242,106.8204
2006-08,validación cruzada,PI,M3,60.9199,107.1313
2006-09,validación cruzada,PI,M3,70.4986,107.556
2006-10,validación cruzada,PI,M3,158.898,159.8067
2006-11,validación cruzada,PI,M3,190.3756,129.5047
2006-12,validación cruzada,PI,M3,145.5888,80.5837
2007-01,validación cruzada,PI,M3,82.626,52.1044
2007-02,validación cruzada,PI,M3,36.8294,34.3563
2007-03,validación cruzada,PI,M3,101.4163,128.6177
2007-04,validación cruzada,PI,M3,157.5046,134.8599
2007-05,validación cruzada,PI,M3,167.2925,145.2548
2007-06,validación cruzada,PI,M3,112.2959,108.5811
2007-07,validación cruzada,PI,M3,88.217,110.065
2007-08,validación cruzada,PI,M3,102.5298,126.2418
2007-09,validación cruzada,PI,M3,98.5619,110.7344
2007-10,validación cruzada,PI,M3,207.0167,171.1695
2007-11,validación cruzada,PI,M3,152.8426,99.9876
2007-12,validación cruzada,PI,M3,128.9366,88.2008
2008-01,validación cruzada,PI,M3,94.7241,67.75
2008-02,validación cruzada,PI,M3,67.2395,76.6938
2008-06,validación cruzada,PI,M3,120.6895,129.7087
2008-07,validación cruzada,PI,M3,107.7074,114.9943
2008-08,validación cruzada,PI,M3,128.6061,131.2211
2008-09,validación cruzada,PI,M3,120.7657,117.0375
2008-10,validación cruzada,PI,M3,162.9998,143.101
2008-11,validación cruzada,PI,M3,180.9487,139.3754
2008-12,validación cruzada,PI,M3,101.1813,60.9033
2009-01,validación cruzada,PI,M3,98.2906,77.3346
2009-02,validación cruzada,PI,M3,114.7613,80.7953
2009-04,validación cruzada,PI,M3,142.0653,115.2145
2009-06,validación cruzada,PI,M3,95.9442,119.5962
2009-07,validación cruzada,PI,M3,56.9272,100.4021
2009-08,validación cruzada,PI,M3,92.3772,113.7692
2009-09,validación cruzada,PI,M3,66.8777,82.5445
2009-10,validación cruzada,PI,M3,75.252,120.7153
2009-11,validación cruzada,PI,M3,148.7808,106.0864
2009-12,validación cruzada,PI,M3,62.5669,63.5131
2010-01,validación cruzada,PI,M3,33.5284,32.5184
2010-02,validación cruzada,PI,M3,30.2726,59.5818
2010-03,validación cruzada,PI,M3,51.9948,90.3306
2010-04,validación cruzada,PI,M3,105.828,134.2146
2010-05,validación cruzada,PI,M3,149.6132,158.0714
2010-06,validación cruzada,PI,M3,125.4005,127.7114
2010-07,validación cruzada,PI,M3,177.3191,153.7273
2010-08,validación cruzada,PI,M3,130.5174,131.7184
2010-09,validación cruzada,PI,M3,205.8501,142.1757
2010-10,validación cruzada,PI,M3,206.4421,140.9886
2010-11,validación cruzada,PI,M3,244.2329,145.9829
2010-12,validación cruzada,PI,M3,161.8953,104.5217
2011-01,validación cruzada,PI,M3,70.159,54.8534
2011-02,validación cruzada,PI,M3,78.7613,87.5302
2011-03,validación cruzada,PI,M3,182.9563,119.1787
2011-04,validación cruzada,PI,M3,278.9582,179.0031
2011-05,validación cruzada,PI,M3,231.4622,158.2928
2011-06,validación cruzada,PI,M3,120.9394,111.8937
2011-07,validación cruzada,PI,M3,76.8224,101.3638
2011-08,validación cruzada,PI,M3,87.9231,109.8359
2011-09,validación cruzada,PI,M3,89.4903,104.7477
2011-10,validación cruzada,PI,M3,231.5577,139.5514
2011-11,validación cruzada,PI,M3,189.5922,147.7089
2011-12,validación cruzada,PI,M3,223.8179,101.419
2012-01,validación cruzada,PI,M3,121.2552,58.6677
2012-02,validación cruzada,PI,M3,57.6666,51.2562
2012-03,validación cruzada,PI,M3,87.1492,130.4659
2012-04,validación cruzada,PI,M3,234.6894,160.8192
2012-05,validación cruzada,PI,M3,193.3763,121.7243
2012-06,validación cruzada,PI,M3,75.9345,94.4999
2012-07,validación cruzada,PI,M3,60.036,111.0238
2012-08,validación cruzada,PI,M3,104.4609,111.991
2012-09,validación cruzada,PI,M3,57.3632,101.593
2012-11,validación cruzada,PI,M3,76.2081,79.3804
2012-12,validación cruzada,PI,M3,59.5347,67.443
2013-02,validación cruzada,PI,M3,74.4323,113.0163
2013-03,validación cruzada,PI,M3,90.9303,117.9705
2013-05,validación cruzada,PI,M3,171.082,156.8442
2013-06,validación cruzada,PI,M3,64.8772,114.3259
2013-07,validación cruzada,PI,M3,45.9938,78.1968
2013-08,validación cruzada,PI,M3,73.6277,126.6929
2013-09,validación cruzada,PI,M3,68.6454,117.1338
2013-11,validación cruzada,PI,M3,142.9876,127.3678
2013-12,validación cruzada,PI,M3,111.3759,89.1489
2014-01,validación cruzada,PI,M3,70.9535,57.5534
2014-04,validación cruzada,PI,M3,92.2284,103.9322
2014-06,validación cruzada,PI,M3,55.8182,104.4743
2014-08,validación cruzada,PI,M3,53.1712,103.6108
2014-09,validación cruzada,PI,M3,50.0446,117.6848
2015-01,validación cruzada,PI,M3,40.0589,84.6213
2015-02,validación cruzada,PI,M3,59.2947,92.9281
2015-03,validación cruzada,PI,M3,90.5143,114.1528
2015-04,validación cruzada,PI,M3,164.1511,147.1882
2015-05,validación cruzada,PI,M3,58.6659,100.1222
2016-01,validación cruzada,PI,M3,29.23,52.1637
2016-02,validación cruzada,PI,M3,29.4349,64.5329
2016-03,validación cruzada,PI,M3,51.2063,97.0992
2016-04,validación cruzada,PI,M3,100.0202,150.5228
2016-05,validación cruzada,PI,M3,117.1286,147.8595
2016-06,validación cruzada,PI,M3,67.3366,90.8623
2016-07,validación cruzada,PI,M3,63.2669,108.6984
2016-09,validación cruzada,PI,M3,49.2063,99.0376
2016-10,validación cruzada,PI,M3,111.7111,129.2276
2016-11,validación cruzada,PI,M3,159.3188,114.1615
2016-12,validación cruzada,PI,M3,136.6888,102.4982
2017-01,validación cruzada,PI,M3,78.1176,62.4049
2017-02,validación cruzada,PI,M3,40.3236,74.2504
2017-03,validación cruzada,PI,M3,151.7887,143.7673
2017-04,validación cruzada,PI,M3,135.3266,149.2054
2017-05,validación cruzada,PI,M3,182.5038,148.667
2017-06,validación cruzada,PI,M3,133.3951,125.6193
2017-07,validación cruzada,PI,M3,94.8572,95.246
2017-08,validación cruzada,PI,M3,68.9357,141.4796
2017-09,validación cruzada,PI,M3,76.7034,120.8391
2017-10,validación cruzada,PI,M3,100.5155,137.6644
2017-11,validación cruzada,PI,M3,132.4144,123.1754
2017-12,validación cruzada,PI,M3,80.8766,86.4013
2018-01,validación cruzada,PI,M3,77.824,81.2932
2018-02,validación cruzada,PI,M3,43.552,63.1166
2018-03,validación cruzada,PI,M3,79.0792,140.8568
2018-04,validación cruzada,PI,M3,165.9706,141.804
2018-05,validación cruzada,PI,M3,236.5996,160.0163
2018-06,validación cruzada,PI,M3,110.3734,87.7273
2018-07,validación cruzada,PI,M3,88.7003,115.4013
2018-08,validación cruzada,PI,M3,68.3854,82.0826
2018-09,validación cruzada,PI,M3,70.6306,117.0027
2018-10,validación cruzada,PI,M3,207.3309,163.6805
2018-11,validación cruzada,PI,M3,174.1986,120.461
2018-12,validación cruzada,PI,M3,68.8454,49.5058
2019-01,validación cruzada,PI,M3,44.6583,56.1422
2019-02,validación cruzada,PI,M3,71.1451,89.3425
2019-03,validación cruzada,PI,M3,142.4226,137.1
2019-04,validación cruzada,PI,M3,201.7195,142.3444
2019-05,validación cruzada,PI,M3,147.3361,145.4971
2019-06,validación cruzada,PI,M3,98.1111,98.3804
2019-07,validación cruzada,PI,M3,63.3355,88.2611
2019-08,validación cruzada,PI,M3,53.8589,94.6886
2019-09,validación cruzada,PI,M3,63.2511,103.0057
2019-10,validación cruzada,PI,M3,109.5274,142.0173
2019-11,validación cruzada,PI,M3,124.8817,131.3554
2019-12,validación cruzada,PI,M3,71.7877,91.3223
2020-01,validación cruzada,PI,M3,39.4451,67.5175
2020-02,validación cruzada,PI,M3,34.016,72.5854
2020-03,validación cruzada,PI,M3,66.8316,126.8411
2020-04,validación cruzada,PI,M3,101.4582,105.0892
2020-05,validación cruzada,PI,M3,94.4245,124.1819
2020-06,validación cruzada,PI,M3,120.9505,112.8327
2020-07,validación cruzada,PI,M3,90.926,110.385
2020-08,validación cruzada,PI,M3,97.6325,98.2133
2020-09,validación cruzada,PI,M3,84.451,103.7139
2020-10,validación cruzada,PI,M3,104.8166,126.0864
2020-11,validación cruzada,PI,M3,203.1163,139.825
2020-12,validación cruzada,PI,M3,94.1868,88.5205
2021-01,validación cruzada,PI,M3,47.8572,38.1234
2021-02,validación cruzada,PI,M3,41.4142,96.4721
2021-03,validación cruzada,PI,M3,129.2163,119.1428
2021-04,validación cruzada,PI,M3,138.9796,121.0936
2021-05,validación cruzada,PI,M3,194.8906,148.8901
2021-06,validación cruzada,PI,M3,121.8563,126.9848
2021-07,validación cruzada,PI,M3,85.407,112.0871
2021-08,validación cruzada,PI,M3,104.5369,124.3349
2021-09,validación cruzada,PI,M3,111.1802,118.0631
2021-10,validación cruzada,PI,M3,133.8155,146.415
2021-11,validación cruzada,PI,M3,117.1438,113.3339
2021-12,validación cruzada,PI,M3,87.3851,87.9131
2022-01,validación cruzada,PI,M3,52.8252,65.174
2022-02,validación cruzada,PI,M3,72.7716,118.4731
2022-03,validación cruzada,PI,M3,156.7047,120.0902
2022-04,validación cruzada,PI,M3,162.3133,153.4769
2022-05,validación cruzada,PI,M3,165.3947,175.1271
2022-10,validación cruzada,PI,M3,260.9504,147.6262
2022-11,validación cruzada,PI,M3,299.7937,138.2721
2022-12,validación cruzada,PI,M3,152.6269,80.1945
1998-02,validación cruzada,PI,M4,49.5151,54.9451
1998-03,validación cruzada,PI,M4,81.421,89.0206
1998-06,validación cruzada,PI,M4,88.942,139.3332
1998-07,validación cruzada,PI,M4,83.2035,131.7133
1998-08,validación cruzada,PI,M4,95.619,132.0005
1998-09,validación cruzada,PI,M4,103.9882,128.1425
1998-10,validación cruzada,PI,M4,199.8539,156.6909
1998-11,validación cruzada,PI,M4,172.4213,138.1974
1998-12,validación cruzada,PI,M4,170.0872,98.1946
1999-01,validación cruzada,PI,M4,109.9281,78.9489
1999-02,validación cruzada,PI,M4,179.1889,106.2809
1999-03,validación cruzada,PI,M4,156.1733,106.5891
1999-04,validación cruzada,PI,M4,169.3421,122.6201
1999-05,validación cruzada,PI,M4,159.6478,135.8371
1999-06,validación cruzada,PI,M4,109.6729,131.6963
1999-07,validación cruzada,PI,M4,87.5697,118.2466
1999-08,validación cruzada,PI,M4,93.4551,110.6055
1999-10,validación cruzada,PI,M4,191.2255,175.445
1999-11,validación cruzada,PI,M4,214.415,164.3291
1999-12,validación cruzada,PI,M4,139.5126,113.3907
2000-01,validación cruzada,PI,M4,76.1519,65.3013
2000-02,validación cruzada,PI,M4,88.1804,76.647
2000-03,validación cruzada,PI,M4,121.8746,98.9168
2000-04,validación cruzada,PI,M4,114.0046,114.9956
2000-06,validación cruzada,PI,M4,114.9239,155.0313
2000-07,validación cruzada,PI,M4,85.4914,137.9856
2000-08,validación cruzada,PI,M4,63.1455,131.4488
2000-11,validación cruzada,PI,M4,136.2251,142.1619
2001-01,validación cruzada,PI,M4,52.453,45.4086
2001-02,validación cruzada,PI,M4,43.306,35.1348
2001-04,validación cruzada,PI,M4,69.3034,99.3722
2001-05,validación cruzada,PI,M4,119.4227,135.0019
2001-06,validación cruzada,PI,M4,96.1994,137.3128
2001-07,validación cruzada,PI,M4,63.0695,134.8579
2001-08,validación cruzada,PI,M4,47.1262,119.2292
2001-09,validación cruzada,PI,M4,66.7373,124.0002
2001-10,validación cruzada,PI,M4,145.8902,158.6598
2001-11,validación cruzada,PI,M4,142.5311,135.1882
2001-12,validación cruzada,PI,M4,128.5266,101.1425
2002-01,validación cruzada,PI,M4,49.7031,44.4821
2002-02,validación cruzada,PI,M4,45.8665,32.9346
2002-03,validación cruzada,PI,M4,102.7694,77.8121
2002-04,validación cruzada,PI,M4,196.5072,139.6325
2002-05,validación cruzada,PI,M4,138.4351,139.5485
2002-06,validación cruzada,PI,M4,136.7803,125.0626
2002-07,validación cruzada,PI,M4,64.959,102.6041
2002-08,validación cruzada,PI,M4,52.0331,97.0358
2002-09,validación cruzada,PI,M4,78.9923,110.3832
2002-10,validación cruzada,PI,M4,107.8081,112.5462
2002-11,validación cruzada,PI,M4,104.4449,99.5145
2002-12,validación cruzada,PI,M4,92.8774,77.9077
2003-01,validación cruzada,PI,M4,43.2772,22.5919
2003-02,validación cruzada,PI,M4,37.5017,28.5844
2003-03,validación cruzada,PI,M4,69.6298,81.0174
2003-04,validación cruzada,PI,M4,156.939,130.3635
2003-05,validación cruzada,PI,M4,115.2211,139.5872
2003-06,validación cruzada,PI,M4,113.5073,132.7974
2003-07,validación cruzada,PI,M4,68.5536,113.7332
2003-08,validación cruzada,PI,M4,81.8739,99.3515
2003-09,validación cruzada,PI,M4,97.9413,118.8158
2003-10,validación cruzada,PI,M4,199.0143,147.8736
2003-11,validación cruzada,PI,M4,168.7411,135.698
2003-12,validación cruzada,PI,M4,131.3506,97.5398
2004-01,validación cruzada,PI,M4,71.5043,52.0452
2004-02,validación cruzada,PI,M4,44.014,42.8357
2004-03,validación cruzada,PI,M4,55.8861,64.9492
2004-04,validación cruzada,PI,M4,151.958,112.5483
2004-05,validación cruzada,PI,M4,199.7007,167.1665
2004-06,validación cruzada,PI,M4,78.84,130.9135
2004-07,validación cruzada,PI,M4,64.0163,105.3913
2004-08,validación cruzada,PI,M4,50.1148,98.3626
2004-09,validación cruzada,PI,M4,95.8619,124.8261
2004-10,validación cruzada,PI,M4,144.4576,159.1935
2004-11,validación cruzada,PI,M4,202.0192,139.222
2004-12,validación cruzada,PI,M4,105.0829,74.3811
2005-01,validación cruzada,PI,M4,96.2035,65.7997
2005-02,validación cruzada,PI,M4,102.7421,81.6651
2005-03,validación cruzada,PI,M4,61.9362,69.4067
2005-05,validación cruzada,PI,M4,152.9021,164.0754
2005-06,validación cruzada,PI,M4,99.8158,140.6431
2005-07,validación cruzada,PI,M4,75.5127,104.9274
2005-08,validación cruzada,PI,M4,64.4239,100.0042
2005-09,validación cruzada,PI,M4,70.2408,100.6646
2005-10,validación cruzada,PI,M4,205.1395,142.8477
2005-11,validación cruzada,PI,M4,208.6537,164.5508
2005-12,validación cruzada,PI,M4,102.9176,92.8775
2006-02,validación cruzada,PI,M4,48.3249,47.9142
2006-03,validación cruzada,PI,M4,142.0923,79.5832
2006-04,validación cruzada,PI,M4,177.1545,142.1328
2006-05,validación cruzada,PI,M4,221.7115,156.5982
2006-06,validación cruzada,PI,M4,142.8353,152.168
2006-07,validación cruzada,PI,M4,66.8242,121.0607
2006-08,validación cruzada,PI,M4,60.9199,105.8588
2006-09,validación cruzada,PI,M4,70.4986,106.3302
2006-10,validación cruzada,PI,M4,158.898,142.9351
2006-11,validación cruzada,PI,M4,190.3756,150.1791
2006-12,validación cruzada,PI,M4,145.5888,94.7018
2007-01,validación cruzada,PI,M4,82.626,53.573
2007-02,validación cruzada,PI,M4,36.8294,31.3683
2007-03,validación cruzada,PI,M4,101.4163,67.301
2007-04,validación cruzada,PI,M4,157.5046,138.2747
2007-05,validación cruzada,PI,M4,167.2925,149.7437
2007-06,validación cruzada,PI,M4,112.2959,125.404
2007-07,validación cruzada,PI,M4,88.217,108.9221
2007-08,validación cruzada,PI,M4,102.5298,121.4402
2007-09,validación cruzada,PI,M4,98.5619,118.3116
2007-10,validación cruzada,PI,M4,207.0167,152.6988
2007-11,validación cruzada,PI,M4,152.8426,128.45
2007-12,validación cruzada,PI,M4,128.9366,88.5475
2008-01,validación cruzada,PI,M4,94.7241,68.2938
2008-02,validación cruzada,PI,M4,67.2395,65.7307
2008-06,validación cruzada,PI,M4,120.6895,152.5008
2008-07,validación cruzada,PI,M4,107.7074,124.3085
2008-08,validación cruzada,PI,M4,128.6061,129.5743
2008-09,validación cruzada,PI,M4,120.7657,126.7405
2008-10,validación cruzada,PI,M4,162.9998,139.7517
2008-11,validación cruzada,PI,M4,180.9487,151.4331
2008-12,validación cruzada,PI,M4,101.1813,78.9524
2009-01,validación cruzada,PI,M4,98.2906,62.7193
2009-02,validación cruzada,PI,M4,114.7613,73.1077
2009-04,validación cruzada,PI,M4,142.0653,125.4248
2009-06,validación cruzada,PI,M4,95.9442,121.9098
2009-07,validación cruzada,PI,M4,56.9272,107.5071
2009-08,validación cruzada,PI,M4,92.3772,108.457
2009-09,validación cruzada,PI,M4,66.8777,90.1624
2009-10,validación cruzada,PI,M4,75.252,102.928
2009-11,validación cruzada,PI,M4,148.7808,112.6926
2009-12,validación cruzada,PI,M4,62.5669,71.1376
2010-01,validación cruzada,PI,M4,33.5284,32.8493
2010-02,validación cruzada,PI,M4,30.2726,37.4748
2010-03,validación cruzada,PI,M4,51.9948,69.9246
2010-04,validación cruzada,PI,M4,105.828,116.8441
2010-05,validación cruzada,PI,M4,149.6132,161.5933
2010-06,validación cruzada,PI,M4,125.4005,148.7949
2010-07,validación cruzada,PI,M4,177.3191,154.2772
2010-08,validación cruzada,PI,M4,130.5174,150.2704
2010-09,validación cruzada,PI,M4,205.8501,147.5254
2010-10,validación cruzada,PI,M4,206.4421,152.287
2010-11,validación cruzada,PI,M4,244.2329,155.7734
2010-12,validación cruzada,PI,M4,161.8953,122.525
2011-01,validación cruzada,PI,M4,70.159,63.0672
2011-02,validación cruzada,PI,M4,78.7613,65.4815
2011-03,validación cruzada,PI,M4,182.9563,104.9519
2011-04,validación cruzada,PI,M4,278.9582,167.5825
2011-05,validación cruzada,PI,M4,231.4622,186.8412
2011-06,validación cruzada,PI,M4,120.9394,134.4721
2011-07,validación cruzada,PI,M4,76.8224,104.7516
2011-08,validación cruzada,PI,M4,87.9231,106.0601
2011-09,validación cruzada,PI,M4,89.4903,106.4435
2011-10,validación cruzada,PI,M4,231.5577,129.67
2011-11,validación cruzada,PI,M4,189.5922,156.3871
2011-12,validación cruzada,PI,M4,223.8179,120.4181
2012-01,validación cruzada,PI,M4,121.2552,65.4271
2012-02,validación cruzada,PI,M4,57.6666,44.8327
2012-03,validación cruzada,PI,M4,87.1492,86.0956
2012-04,validación cruzada,PI,M4,234.6894,161.4492
2012-05,validación cruzada,PI,M4,193.3763,144.631
2012-06,validación cruzada,PI,M4,75.9345,103.5119
2012-07,validación cruzada,PI,M4,60.036,103.2558
2012-08,validación cruzada,PI,M4,104.4609,112.6779
2012-09,validación cruzada,PI,M4,57.3632,104.9798
2012-11,validación cruzada,PI,M4,76.2081,95.5228
2012-12,validación cruzada,PI,M4,59.5347,64.4424
2013-02,validación cruzada,PI,M4,74.4323,71.4765
2013-03,validación cruzada,PI,M4,90.9303,115.6602
2013-05,validación cruzada,PI,M4,171.082,170.2021
2013-06,validación cruzada,PI,M4,64.8772,133.4706
2013-07,validación cruzada,PI,M4,45.9938,85.0941
2013-08,validación cruzada,PI,M4,73.6277,101.2029
2013-09,validación cruzada,PI,M4,68.6454,121.9349
2013-11,validación cruzada,PI,M4,142.9876,121.1095
2013-12,validación cruzada,PI,M4,111.3759,99.339
2014-01,validación cruzada,PI,M4,70.9535,59.3698
2014-04,validación cruzada,PI,M4,92.2284,98.8219
2014-06,validación cruzada,PI,M4,55.8182,105.9165
2014-08,validación cruzada,PI,M4,53.1712,102.9906
2014-09,validación cruzada,PI,M4,50.0446,110.4441
2015-01,validación cruzada,PI,M4,40.0589,76.1572
2015-02,validación cruzada,PI,M4,59.2947,83.2324
2015-03,validación cruzada,PI,M4,90.5143,102.0896
2015-04,validación cruzada,PI,M4,164.1511,137.5611
2015-05,validación cruzada,PI,M4,58.6659,116.8134
2016-01,validación cruzada,PI,M4,29.23,42.6879
2016-02,validación cruzada,PI,M4,29.4349,49.284
2016-03,validación cruzada,PI,M4,51.2063,74.9525
2016-04,validación cruzada,PI,M4,100.0202,128.8448
2016-05,validación cruzada,PI,M4,117.1286,158.9431
2016-06,validación cruzada,PI,M4,67.3366,108.7533
2016-07,validación cruzada,PI,M4,63.2669,97.2366
2016-09,validación cruzada,PI,M4,49.2063,95.6235
2016-10,validación cruzada,PI,M4,111.7111,115.8924
2016-11,validación cruzada,PI,M4,159.3188,120.788
2016-12,validación cruzada,PI,M4,136.6888,104.4659
2017-01,validación cruzada,PI,M4,78.1176,67.7951
2017-02,validación cruzada,PI,M4,40.3236,60.0807
2017-03,validación cruzada,PI,M4,151.7887,108.5151
2017-04,validación cruzada,PI,M4,135.3266,156.339
2017-05,validación cruzada,PI,M4,182.5038,158.8892
2017-06,validación cruzada,PI,M4,133.3951,139.5237
2017-07,validación cruzada,PI,M4,94.8572,103.7319
2017-08,validación cruzada,PI,M4,68.9357,121.7118
2017-09,validación cruzada,PI,M4,76.7034,132.0868
2017-10,validación cruzada,PI,M4,100.5155,134.5869
2017-11,validación cruzada,PI,M4,132.4144,132.1697
2017-12,validación cruzada,PI,M4,80.8766,95.3602
2018-01,validación cruzada,PI,M4,77.824,76.6828
2018-02,validación cruzada,PI,M4,43.552,62.199
2018-03,validación cruzada,PI,M4,79.0792,102.4034
2018-04,validación cruzada,PI,M4,165.9706,149.0859
2018-05,validación cruzada,PI,M4,236.5996,164.0614
2018-06,validación cruzada,PI,M4,110.3734,109.4271
2018-07,validación cruzada,PI,M4,88.7003,102.3159
2018-08,validación cruzada,PI,M4,68.3854,89.428
2018-09,validación cruzada,PI,M4,70.6306,100.2771
2018-10,validación cruzada,PI,M4,207.3309,152.7612
2018-11,validación cruzada,PI,M4,174.1986,141.0032
2018-12,validación cruzada,PI,M4,68.8454,61.9067
2019-01,validación cruzada,PI,M4,44.6583,45.2268
2019-02,validación cruzada,PI,M4,71.1451,68.4351
2019-03,validación cruzada,PI,M4,142.4226,117.7498
2019-04,validación cruzada,PI,M4,201.7195,147.6675
2019-05,validación cruzada,PI,M4,147.3361,152.7924
2019-06,validación cruzada,PI,M4,98.1111,114.3448
2019-07,validación cruzada,PI,M4,63.3355,87.8319
2019-08,validación cruzada,PI,M4,53.8589,88.1658
2019-09,validación cruzada,PI,M4,63.2511,97.1444
2019-10,validación cruzada,PI,M4,109.5274,129.1853
2019-11,validación cruzada,PI,M4,124.8817,141.1236
2019-12,validación cruzada,PI,M4,71.7877,103.0241
2020-01,validación cruzada,PI,M4,39.4451,69.1096
2020-02,validación cruzada,PI,M4,34.016,63.5484
2020-03,validación cruzada,PI,M4,66.8316,100.7945
2020-04,validación cruzada,PI,M4,101.4582,112.8954
2020-05,validación cruzada,PI,M4,94.4245,117.6382
2020-06,validación cruzada,PI,M4,120.9505,118.059
2020-07,validación cruzada,PI,M4,90.926,111.068
2020-08,validación cruzada,PI,M4,97.6325,100.5304
2020-09,validación cruzada,PI,M4,84.451,99.317
2020-10,validación cruzada,PI,M4,104.8166,118.2974
2020-11,validación cruzada,PI,M4,203.1163,140.1379
2020-12,validación cruzada,PI,M4,94.1868,103.5351
2021-01,validación cruzada,PI,M4,47.8572,43.9552
2021-02,validación cruzada,PI,M4,41.4142,60.7105
2021-03,validación cruzada,PI,M4,129.2163,109.5494
2021-04,validación cruzada,PI,M4,138.9796,122.27
2021-05,validación cruzada,PI,M4,194.8906,144.3347
2021-06,validación cruzada,PI,M4,121.8563,140.542
2021-07,validación cruzada,PI,M4,85.407,118.6767
2021-08,validación cruzada,PI,M4,104.5369,121.3051
2021-09,validación cruzada,PI,M4,111.1802,122.3014
2021-10,validación cruzada,PI,M4,133.8155,140.835
2021-11,validación cruzada,PI,M4,117.1438,127.8156
2021-12,validación cruzada,PI,M4,87.3851,93.4752
2022-01,validación cruzada,PI,M4,52.8252,66.0925
2022-02,validación cruzada,PI,M4,72.7716,91.0184
2022-03,validación cruzada,PI,M4,156.7047,121.177
2022-04,validación cruzada,PI,M4,162.3133,147.165
2022-05,validación cruzada,PI,M4,165.3947,182.3484
2022-10,validación cruzada,PI,M4,260.9504,152.9481
2022-11,validación cruzada,PI,M4,299.7937,149.4334
2022-12,validación cruzada,PI,M4,152.6269,95.4914
