fecha,codigo,nombre,precipitacion_mm,nivel_aprobacion
1981-01-01,24020040,ENCINO,143.0,Preliminar
1981-02-01,24020040,ENCINO,259.0,Preliminar
1981-03-01,24020040,ENCINO,236.0,Preliminar
1981-04-01,24020040,ENCINO,533.0,Preliminar
1981-05-01,24020040,ENCINO,597.0,Preliminar
1981-06-01,24020040,ENCINO,358.0,Preliminar
1981-07-01,24020040,ENCINO,101.0,Preliminar
1981-08-01,24020040,ENCINO,303.0,Preliminar
1981-09-01,24020040,ENCINO,126.0,Preliminar
1981-10-01,24020040,ENCINO,514.0,Preliminar
1981-11-01,24020040,ENCINO,423.0,Preliminar
1982-06-01,24020040,ENCINO,92.0,Preliminar
1982-07-01,24020040,ENCINO,97.0,Preliminar
1982-08-01,24020040,ENCINO,61.0,Preliminar
1982-09-01,24020040,ENCINO,276.0,Preliminar
1982-10-01,24020040,ENCINO,513.0,Preliminar
1982-11-01,24020040,ENCINO,220.0,Preliminar
1982-12-01,24020040,ENCINO,453.0,Preliminar
1983-01-01,24020040,ENCINO,144.0,Preliminar
1983-02-01,24020040,ENCINO,43.0,Preliminar
1983-03-01,24020040,ENCINO,259.0,Preliminar
1983-04-01,24020040,ENCINO,347.0,Preliminar
1983-05-01,24020040,ENCINO,378.0,Preliminar
1983-06-01,24020040,ENCINO,103.0,Preliminar
1983-07-01,24020040,ENCINO,89.0,Preliminar
1983-08-01,24020040,ENCINO,98.0,Preliminar
1983-09-01,24020040,ENCINO,112.0,Preliminar
1983-10-01,24020040,ENCINO,416.0,Preliminar
1983-11-01,24020040,ENCINO,296.0,Preliminar
1983-12-01,24020040,ENCINO,359.0,Preliminar
1984-01-01,24020040,ENCINO,229.0,Preliminar
1984-02-01,24020040,ENCINO,195.0,Preliminar
1984-03-01,24020040,ENCINO,352.0,Preliminar
1984-04-01,24020040,ENCINO,265.0,Preliminar
1984-05-01,24020040,ENCINO,299.0,Preliminar
1984-06-01,24020040,ENCINO,178.0,Preliminar
1984-07-01,24020040,ENCINO,102.0,Preliminar
1984-08-01,24020040,ENCINO,97.0,Preliminar
1984-09-01,24020040,ENCINO,206.0,Preliminar
1984-10-01,24020040,ENCINO,358.0,Preliminar
1984-11-01,24020040,ENCINO,383.0,Preliminar
1984-12-01,24020040,ENCINO,304.0,Preliminar
1985-01-01,24020040,ENCINO,189.0,Preliminar
1985-02-01,24020040,ENCINO,196.0,Preliminar
1985-03-01,24020040,ENCINO,370.0,Preliminar
1985-04-01,24020040,ENCINO,480.0,Preliminar
1985-05-01,24020040,ENCINO,237.0,Preliminar
1985-06-01,24020040,ENCINO,129.0,Preliminar
1985-07-01,24020040,ENCINO,115.0,Preliminar
1985-08-01,24020040,ENCINO,134.0,Preliminar
1985-09-01,24020040,ENCINO,180.0,Preliminar
1985-10-01,24020040,ENCINO,291.0,Preliminar
1985-11-01,24020040,ENCINO,465.0,Preliminar
1985-12-01,24020040,ENCINO,156.0,Preliminar
1986-01-01,24020040,ENCINO,230.0,Preliminar
1986-02-01,24020040,ENCINO,277.5,Preliminar
1986-03-01,24020040,ENCINO,428.3,Preliminar
1986-04-01,24020040,ENCINO,552.0,Preliminar
1986-05-01,24020040,ENCINO,514.0,Preliminar
1986-06-01,24020040,ENCINO,79.0,Preliminar
1986-07-01,24020040,ENCINO,24.0,Preliminar
1986-08-01,24020040,ENCINO,47.0,Preliminar
1986-09-01,24020040,ENCINO,223.0,Preliminar
1986-10-01,24020040,ENCINO,388.0,Preliminar
1986-11-01,24020040,ENCINO,439.0,Preliminar
1986-12-01,24020040,ENCINO,3.0,Preliminar
1987-01-01,24020040,ENCINO,274.0,Preliminar
1987-02-01,24020040,ENCINO,248.0,Preliminar
1987-03-01,24020040,ENCINO,292.0,Preliminar
1987-04-01,24020040,ENCINO,347.0,Preliminar
1987-05-01,24020040,ENCINO,312.0,Preliminar
1987-06-01,24020040,ENCINO,83.2,Preliminar
1987-07-01,24020040,ENCINO,217.0,Preliminar
1987-08-01,24020040,ENCINO,126.0,Preliminar
1987-09-01,24020040,ENCINO,199.0,Preliminar
1987-10-01,24020040,ENCINO,478.8,Preliminar
1987-11-01,24020040,ENCINO,420.0,Preliminar
1987-12-01,24020040,ENCINO,145.0,Preliminar
1988-01-01,24020040,ENCINO,294.0,Preliminar
1988-02-01,24020040,ENCINO,339.0,Preliminar
1988-03-01,24020040,ENCINO,153.0,Preliminar
1988-04-01,24020040,ENCINO,386.0,Preliminar
1988-05-01,24020040,ENCINO,328.0,Preliminar
1988-06-01,24020040,ENCINO,314.0,Preliminar
1988-07-01,24020040,ENCINO,231.0,Preliminar
1988-08-01,24020040,ENCINO,386.0,Preliminar
1988-09-01,24020040,ENCINO,217.0,Preliminar
1988-10-01,24020040,ENCINO,410.0,Preliminar
1988-11-01,24020040,ENCINO,374.0,Preliminar
1988-12-01,24020040,ENCINO,375.0,Preliminar
1989-01-01,24020040,ENCINO,251.0,Preliminar
1989-02-01,24020040,ENCINO,379.0,Preliminar
1989-03-01,24020040,ENCINO,508.0,Preliminar
1989-04-01,24020040,ENCINO,210.0,Preliminar
1989-05-01,24020040,ENCINO,365.0,Preliminar
1989-06-01,24020040,ENCINO,67.0,Preliminar
1989-07-01,24020040,ENCINO,96.0,Preliminar
1989-08-01,24020040,ENCINO,123.0,Preliminar
1989-09-01,24020040,ENCINO,437.0,Preliminar
1989-10-01,24020040,ENCINO,235.0,Preliminar
1989-11-01,24020040,ENCINO,494.0,Preliminar
1989-12-01,24020040,ENCINO,273.0,Preliminar
1990-01-01,24020040,ENCINO,213.0,Preliminar
1990-02-01,24020040,ENCINO,255.0,Preliminar
1990-03-01,24020040,ENCINO,441.0,Preliminar
1990-04-01,24020040,ENCINO,666.0,Preliminar
1990-05-01,24020040,ENCINO,183.0,Preliminar
1990-06-01,24020040,ENCINO,104.0,Preliminar
1990-07-01,24020040,ENCINO,105.0,Preliminar
1990-08-01,24020040,ENCINO,105.0,Preliminar
1990-09-01,24020040,ENCINO,230.0,Preliminar
1990-10-01,24020040,ENCINO,555.0,Preliminar
1990-11-01,24020040,ENCINO,344.0,Preliminar
1990-12-01,24020040,ENCINO,324.0,Preliminar
1991-01-01,24020040,ENCINO,66.0,Preliminar
1991-02-01,24020040,ENCINO,272.0,Preliminar
1991-03-01,24020040,ENCINO,215.0,Preliminar
1991-04-01,24020040,ENCINO,373.0,Preliminar
1991-05-01,24020040,ENCINO,378.0,Preliminar
1991-06-01,24020040,ENCINO,44.0,Preliminar
1991-07-01,24020040,ENCINO,90.0,Preliminar
1991-08-01,24020040,ENCINO,45.0,Preliminar
1991-09-01,24020040,ENCINO,253.0,Preliminar
1991-10-01,24020040,ENCINO,260.0,Preliminar
1991-11-01,24020040,ENCINO,579.0,Preliminar
1992-01-01,24020040,ENCINO,205.0,Preliminar
1992-02-01,24020040,ENCINO,227.0,Preliminar
1992-03-01,24020040,ENCINO,257.0,Preliminar
1992-04-01,24020040,ENCINO,321.0,Preliminar
1992-05-01,24020040,ENCINO,248.0,Preliminar
1992-06-01,24020040,ENCINO,70.0,Preliminar
1992-07-01,24020040,ENCINO,41.0,Preliminar
1992-08-01,24020040,ENCINO,69.0,Preliminar
1992-09-01,24020040,ENCINO,288.0,Preliminar
1992-10-01,24020040,ENCINO,239.0,Preliminar
1992-11-01,24020040,ENCINO,236.0,Preliminar
1992-12-01,24020040,ENCINO,447.0,Preliminar
1993-01-01,24020040,ENCINO,194.0,Preliminar
1993-02-01,24020040,ENCINO,115.0,Preliminar
1993-03-01,24020040,ENCINO,250.0,Preliminar
1993-04-01,24020040,ENCINO,404.0,Preliminar
1993-05-01,24020040,ENCINO,238.0,Preliminar
1993-06-01,24020040,ENCINO,12.0,Preliminar
1993-07-01,24020040,ENCINO,74.0,Preliminar
1993-08-01,24020040,ENCINO,77.0,Preliminar
1993-09-01,24020040,ENCINO,205.0,Preliminar
1993-10-01,24020040,ENCINO,385.0,Preliminar
1993-11-01,24020040,ENCINO,388.0,Preliminar
1993-12-01,24020040,ENCINO,227.0,Preliminar
1994-01-01,24020040,ENCINO,150.0,Preliminar
1994-02-01,24020040,ENCINO,167.0,Preliminar
1994-03-01,24020040,ENCINO,578.0,Preliminar
1994-04-01,24020040,ENCINO,345.0,Preliminar
1994-05-01,24020040,ENCINO,302.0,Preliminar
1994-06-01,24020040,ENCINO,141.0,Preliminar
1994-07-01,24020040,ENCINO,63.0,Preliminar
1994-08-01,24020040,ENCINO,77.0,Preliminar
1994-09-01,24020040,ENCINO,175.0,Preliminar
1994-10-01,24020040,ENCINO,325.0,Preliminar
1994-11-01,24020040,ENCINO,518.0,Preliminar
1994-12-01,24020040,ENCINO,221.0,Preliminar
1995-01-01,24020040,ENCINO,111.0,Preliminar
1995-02-01,24020040,ENCINO,79.0,Preliminar
1995-03-01,24020040,ENCINO,412.0,Preliminar
1995-04-01,24020040,ENCINO,263.0,Preliminar
1995-05-01,24020040,ENCINO,223.0,Preliminar
1995-06-01,24020040,ENCINO,238.0,Preliminar
1995-07-01,24020040,ENCINO,187.0,Preliminar
1995-08-01,24020040,ENCINO,298.0,Preliminar
1995-09-01,24020040,ENCINO,347.0,Preliminar
1995-10-01,24020040,ENCINO,531.0,Preliminar
1995-12-01,24020040,ENCINO,227.0,Preliminar
1996-01-01,24020040,ENCINO,363.0,Preliminar
1996-02-01,24020040,ENCINO,505.0,Preliminar
1996-03-01,24020040,ENCINO,326.0,Preliminar
1996-04-01,24020040,ENCINO,285.0,Preliminar
1996-05-01,24020040,ENCINO,401.0,Preliminar
1996-06-01,24020040,ENCINO,186.0,Preliminar
1996-07-01,24020040,ENCINO,147.0,Preliminar
1996-08-01,24020040,ENCINO,234.0,Preliminar
1996-09-01,24020040,ENCINO,174.0,Preliminar
1996-10-01,24020040,ENCINO,357.0,Preliminar
1996-11-01,24020040,ENCINO,342.0,Preliminar
1996-12-01,24020040,ENCINO,129.0,Preliminar
1997-01-01,24020040,ENCINO,265.0,Preliminar
1997-02-01,24020040,ENCINO,322.0,Preliminar
1997-03-01,24020040,ENCINO,202.0,Preliminar
1997-04-01,24020040,ENCINO,532.0,Preliminar
1997-05-01,24020040,ENCINO,317.0,Preliminar
1997-06-01,24020040,ENCINO,173.0,Preliminar
1997-07-01,24020040,ENCINO,26.0,Preliminar
1997-08-01,24020040,ENCINO,29.0,Preliminar
1997-09-01,24020040,ENCINO,350.0,Preliminar
1997-10-01,24020040,ENCINO,288.0,Preliminar
1997-11-01,24020040,ENCINO,463.0,Preliminar
1997-12-01,24020040,ENCINO,215.0,Preliminar
1981-01-01,24020080,VALLE DE SAN JOSE,9.0,Preliminar
1981-02-01,24020080,VALLE DE SAN JOSE,108.0,Preliminar
1981-03-01,24020080,VALLE DE SAN JOSE,41.0,Preliminar
1981-04-01,24020080,VALLE DE SAN JOSE,295.0,Preliminar
1981-05-01,24020080,VALLE DE SAN JOSE,416.0,Preliminar
1981-06-01,24020080,VALLE DE SAN JOSE,292.0,Preliminar
1981-07-01,24020080,VALLE DE SAN JOSE,240.0,Preliminar
1981-08-01,24020080,VALLE DE SAN JOSE,182.0,Preliminar
1981-09-01,24020080,VALLE DE SAN JOSE,172.0,Preliminar
1981-10-01,24020080,VALLE DE SAN JOSE,241.0,Preliminar
1981-11-01,24020080,VALLE DE SAN JOSE,70.0,Preliminar
1981-12-01,24020080,VALLE DE SAN JOSE,30.0,Preliminar
1982-01-01,24020080,VALLE DE SAN JOSE,15.0,Preliminar
1982-02-01,24020080,VALLE DE SAN JOSE,34.0,Preliminar
1982-03-01,24020080,VALLE DE SAN JOSE,140.0,Preliminar
1982-04-01,24020080,VALLE DE SAN JOSE,250.0,Preliminar
1982-05-01,24020080,VALLE DE SAN JOSE,134.0,Preliminar
1982-06-01,24020080,VALLE DE SAN JOSE,253.0,Preliminar
1982-07-01,24020080,VALLE DE SAN JOSE,415.0,Preliminar
1982-08-01,24020080,VALLE DE SAN JOSE,378.0,Preliminar
1982-09-01,24020080,VALLE DE SAN JOSE,314.3,Preliminar
1982-10-01,24020080,VALLE DE SAN JOSE,289.9,Preliminar
1982-11-01,24020080,VALLE DE SAN JOSE,634.0,Preliminar
1982-12-01,24020080,VALLE DE SAN JOSE,42.0,Preliminar
1983-01-01,24020080,VALLE DE SAN JOSE,18.0,Preliminar
1983-02-01,24020080,VALLE DE SAN JOSE,47.0,Preliminar
1983-03-01,24020080,VALLE DE SAN JOSE,15.0,Preliminar
1983-04-01,24020080,VALLE DE SAN JOSE,358.0,Preliminar
1983-05-01,24020080,VALLE DE SAN JOSE,219.0,Preliminar
1983-06-01,24020080,VALLE DE SAN JOSE,158.0,Preliminar
1983-07-01,24020080,VALLE DE SAN JOSE,113.0,Preliminar
1983-08-01,24020080,VALLE DE SAN JOSE,120.0,Preliminar
1983-09-01,24020080,VALLE DE SAN JOSE,236.0,Preliminar
1983-10-01,24020080,VALLE DE SAN JOSE,176.0,Preliminar
1983-11-01,24020080,VALLE DE SAN JOSE,69.0,Preliminar
1983-12-01,24020080,VALLE DE SAN JOSE,160.0,Preliminar
1984-01-01,24020080,VALLE DE SAN JOSE,42.0,Preliminar
1984-02-01,24020080,VALLE DE SAN JOSE,49.0,Preliminar
1984-03-01,24020080,VALLE DE SAN JOSE,58.0,Preliminar
1984-04-01,24020080,VALLE DE SAN JOSE,83.0,Preliminar
1984-05-01,24020080,VALLE DE SAN JOSE,390.0,Preliminar
1984-06-01,24020080,VALLE DE SAN JOSE,192.0,Preliminar
1984-07-01,24020080,VALLE DE SAN JOSE,145.0,Preliminar
1984-08-01,24020080,VALLE DE SAN JOSE,243.0,Preliminar
1984-09-01,24020080,VALLE DE SAN JOSE,168.0,Preliminar
1984-10-01,24020080,VALLE DE SAN JOSE,188.0,Preliminar
1984-11-01,24020080,VALLE DE SAN JOSE,103.0,Preliminar
1984-12-01,24020080,VALLE DE SAN JOSE,32.0,Preliminar
1985-01-01,24020080,VALLE DE SAN JOSE,23.0,Preliminar
1985-02-01,24020080,VALLE DE SAN JOSE,42.0,Preliminar
1985-03-01,24020080,VALLE DE SAN JOSE,143.0,Preliminar
1985-04-01,24020080,VALLE DE SAN JOSE,103.0,Preliminar
1985-05-01,24020080,VALLE DE SAN JOSE,123.0,Preliminar
1985-06-01,24020080,VALLE DE SAN JOSE,169.0,Preliminar
1985-07-01,24020080,VALLE DE SAN JOSE,220.0,Preliminar
1985-08-01,24020080,VALLE DE SAN JOSE,197.0,Preliminar
1985-09-01,24020080,VALLE DE SAN JOSE,203.0,Preliminar
1985-10-01,24020080,VALLE DE SAN JOSE,139.0,Preliminar
1985-11-01,24020080,VALLE DE SAN JOSE,69.0,Preliminar
1985-12-01,24020080,VALLE DE SAN JOSE,73.0,Preliminar
1986-01-01,24020080,VALLE DE SAN JOSE,22.0,Preliminar
1986-02-01,24020080,VALLE DE SAN JOSE,130.0,Preliminar
1986-03-01,24020080,VALLE DE SAN JOSE,64.2,Preliminar
1986-04-01,24020080,VALLE DE SAN JOSE,276.0,Preliminar
1986-05-01,24020080,VALLE DE SAN JOSE,185.0,Preliminar
1986-06-01,24020080,VALLE DE SAN JOSE,219.1,Preliminar
1986-07-01,24020080,VALLE DE SAN JOSE,96.0,Preliminar
1986-08-01,24020080,VALLE DE SAN JOSE,174.0,Preliminar
1986-09-01,24020080,VALLE DE SAN JOSE,140.0,Preliminar
1986-10-01,24020080,VALLE DE SAN JOSE,314.0,Preliminar
1986-11-01,24020080,VALLE DE SAN JOSE,73.0,Preliminar
1986-12-01,24020080,VALLE DE SAN JOSE,35.0,Preliminar
1987-01-01,24020080,VALLE DE SAN JOSE,31.0,Preliminar
1987-02-01,24020080,VALLE DE SAN JOSE,43.0,Preliminar
1987-03-01,24020080,VALLE DE SAN JOSE,42.0,Preliminar
1987-04-01,24020080,VALLE DE SAN JOSE,151.0,Preliminar
1987-05-01,24020080,VALLE DE SAN JOSE,265.0,Preliminar
1987-06-01,24020080,VALLE DE SAN JOSE,148.0,Preliminar
1987-07-01,24020080,VALLE DE SAN JOSE,205.0,Preliminar
1987-08-01,24020080,VALLE DE SAN JOSE,175.0,Preliminar
1987-09-01,24020080,VALLE DE SAN JOSE,167.0,Preliminar
1987-10-01,24020080,VALLE DE SAN JOSE,217.0,Preliminar
1987-11-01,24020080,VALLE DE SAN JOSE,123.0,Preliminar
1987-12-01,24020080,VALLE DE SAN JOSE,95.0,Preliminar
1988-01-01,24020080,VALLE DE SAN JOSE,9.0,Preliminar
1988-03-01,24020080,VALLE DE SAN JOSE,48.0,Preliminar
1988-04-01,24020080,VALLE DE SAN JOSE,184.0,Preliminar
1988-05-01,24020080,VALLE DE SAN JOSE,200.0,Preliminar
1988-06-01,24020080,VALLE DE SAN JOSE,160.0,Preliminar
1988-07-01,24020080,VALLE DE SAN JOSE,271.0,Preliminar
1988-08-01,24020080,VALLE DE SAN JOSE,357.0,Preliminar
1988-09-01,24020080,VALLE DE SAN JOSE,168.0,Preliminar
1988-10-01,24020080,VALLE DE SAN JOSE,213.0,Preliminar
1988-11-01,24020080,VALLE DE SAN JOSE,189.0,Preliminar
1988-12-01,24020080,VALLE DE SAN JOSE,96.0,Preliminar
1989-01-01,24020080,VALLE DE SAN JOSE,88.0,Preliminar
1989-02-01,24020080,VALLE DE SAN JOSE,90.0,Preliminar
1989-03-01,24020080,VALLE DE SAN JOSE,69.0,Preliminar
1989-04-01,24020080,VALLE DE SAN JOSE,67.0,Preliminar
1989-05-01,24020080,VALLE DE SAN JOSE,200.0,Preliminar
1989-06-01,24020080,VALLE DE SAN JOSE,241.0,Preliminar
1989-07-01,24020080,VALLE DE SAN JOSE,137.0,Preliminar
1989-08-01,24020080,VALLE DE SAN JOSE,223.0,Preliminar
1989-09-01,24020080,VALLE DE SAN JOSE,258.0,Preliminar
1989-10-01,24020080,VALLE DE SAN JOSE,232.0,Preliminar
1989-11-01,24020080,VALLE DE SAN JOSE,74.0,Preliminar
1989-12-01,24020080,VALLE DE SAN JOSE,55.0,Preliminar
1990-01-01,24020080,VALLE DE SAN JOSE,63.0,Preliminar
1990-02-01,24020080,VALLE DE SAN JOSE,36.0,Preliminar
1990-03-01,24020080,VALLE DE SAN JOSE,106.0,Preliminar
1990-04-01,24020080,VALLE DE SAN JOSE,130.0,Preliminar
1990-05-01,24020080,VALLE DE SAN JOSE,116.0,Preliminar
1990-06-01,24020080,VALLE DE SAN JOSE,155.0,Preliminar
1990-07-01,24020080,VALLE DE SAN JOSE,120.0,Preliminar
1990-08-01,24020080,VALLE DE SAN JOSE,111.0,Preliminar
1990-09-01,24020080,VALLE DE SAN JOSE,95.0,Preliminar
1990-10-01,24020080,VALLE DE SAN JOSE,389.0,Preliminar
1990-11-01,24020080,VALLE DE SAN JOSE,127.0,Preliminar
1990-12-01,24020080,VALLE DE SAN JOSE,50.0,Preliminar
1991-01-01,24020080,VALLE DE SAN JOSE,0.0,Preliminar
1991-02-01,24020080,VALLE DE SAN JOSE,25.0,Preliminar
1991-03-01,24020080,VALLE DE SAN JOSE,148.0,Preliminar
1991-04-01,24020080,VALLE DE SAN JOSE,170.0,Preliminar
1991-05-01,24020080,VALLE DE SAN JOSE,154.0,Preliminar
1991-06-01,24020080,VALLE DE SAN JOSE,89.0,Preliminar
1991-07-01,24020080,VALLE DE SAN JOSE,143.0,Preliminar
1991-08-01,24020080,VALLE DE SAN JOSE,92.0,Preliminar
1991-09-01,24020080,VALLE DE SAN JOSE,179.0,Preliminar
1991-10-01,24020080,VALLE DE SAN JOSE,129.0,Preliminar
1991-11-01,24020080,VALLE DE SAN JOSE,96.0,Preliminar
1991-12-01,24020080,VALLE DE SAN JOSE,9.0,Preliminar
1992-01-01,24020080,VALLE DE SAN JOSE,16.0,Preliminar
1992-02-01,24020080,VALLE DE SAN JOSE,24.0,Preliminar
1992-03-01,24020080,VALLE DE SAN JOSE,34.0,Preliminar
1992-04-01,24020080,VALLE DE SAN JOSE,49.0,Preliminar
1992-05-01,24020080,VALLE DE SAN JOSE,144.0,Preliminar
1992-06-01,24020080,VALLE DE SAN JOSE,105.0,Preliminar
1992-07-01,24020080,VALLE DE SAN JOSE,171.0,Preliminar
1992-08-01,24020080,VALLE DE SAN JOSE,117.0,Preliminar
1992-09-01,24020080,VALLE DE SAN JOSE,131.0,Preliminar
1992-10-01,24020080,VALLE DE SAN JOSE,97.0,Preliminar
1992-11-01,24020080,VALLE DE SAN JOSE,69.0,Preliminar
1992-12-01,24020080,VALLE DE SAN JOSE,33.0,Preliminar
1993-01-01,24020080,VALLE DE SAN JOSE,58.0,Preliminar
1993-02-01,24020080,VALLE DE SAN JOSE,13.0,Preliminar
1993-03-01,24020080,VALLE DE SAN JOSE,153.0,Preliminar
1993-04-01,24020080,VALLE DE SAN JOSE,140.0,Preliminar
1993-05-01,24020080,VALLE DE SAN JOSE,166.0,Preliminar
1993-06-01,24020080,VALLE DE SAN JOSE,91.0,Preliminar
1993-07-01,24020080,VALLE DE SAN JOSE,143.0,Preliminar
1993-08-01,24020080,VALLE DE SAN JOSE,162.0,Preliminar
1993-09-01,24020080,VALLE DE SAN JOSE,381.0,Preliminar
1993-10-01,24020080,VALLE DE SAN JOSE,194.0,Preliminar
1993-11-01,24020080,VALLE DE SAN JOSE,130.0,Preliminar
1993-12-01,24020080,VALLE DE SAN JOSE,45.0,Preliminar
1994-01-01,24020080,VALLE DE SAN JOSE,3.0,Preliminar
1994-02-01,24020080,VALLE DE SAN JOSE,117.0,Preliminar
1994-03-01,24020080,VALLE DE SAN JOSE,178.0,Preliminar
1994-04-01,24020080,VALLE DE SAN JOSE,277.0,Preliminar
1994-05-01,24020080,VALLE DE SAN JOSE,217.0,Preliminar
1994-06-01,24020080,VALLE DE SAN JOSE,183.0,Preliminar
1994-07-01,24020080,VALLE DE SAN JOSE,126.0,Preliminar
1994-08-01,24020080,VALLE DE SAN JOSE,123.0,Preliminar
1994-09-01,24020080,VALLE DE SAN JOSE,278.0,Preliminar
1994-10-01,24020080,VALLE DE SAN JOSE,154.0,Preliminar
1994-11-01,24020080,VALLE DE SAN JOSE,249.0,Preliminar
1994-12-01,24020080,VALLE DE SAN JOSE,41.0,Preliminar
1995-01-01,24020080,VALLE DE SAN JOSE,22.0,Preliminar
1995-02-01,24020080,VALLE DE SAN JOSE,34.0,Preliminar
1995-03-01,24020080,VALLE DE SAN JOSE,81.0,Preliminar
1995-04-01,24020080,VALLE DE SAN JOSE,167.0,Preliminar
1995-05-01,24020080,VALLE DE SAN JOSE,284.0,Preliminar
1995-06-01,24020080,VALLE DE SAN JOSE,328.0,Preliminar
1995-07-01,24020080,VALLE DE SAN JOSE,216.0,Preliminar
1995-09-01,24020080,VALLE DE SAN JOSE,202.0,Preliminar
1995-10-01,24020080,VALLE DE SAN JOSE,253.0,Preliminar
1995-11-01,24020080,VALLE DE SAN JOSE,61.0,Preliminar
1995-12-01,24020080,VALLE DE SAN JOSE,40.0,Preliminar
1996-01-01,24020080,VALLE DE SAN JOSE,32.0,Preliminar
1996-02-01,24020080,VALLE DE SAN JOSE,133.0,Preliminar
1996-03-01,24020080,VALLE DE SAN JOSE,203.0,Preliminar
1996-04-01,24020080,VALLE DE SAN JOSE,131.0,Preliminar
1996-05-01,24020080,VALLE DE SAN JOSE,220.0,Preliminar
1996-06-01,24020080,VALLE DE SAN JOSE,214.0,Preliminar
1996-07-01,24020080,VALLE DE SAN JOSE,183.0,Preliminar
1996-08-01,24020080,VALLE DE SAN JOSE,247.0,Preliminar
1996-09-01,24020080,VALLE DE SAN JOSE,167.0,Preliminar
1996-10-01,24020080,VALLE DE SAN JOSE,177.0,Preliminar
1996-11-01,24020080,VALLE DE SAN JOSE,120.0,Preliminar
1996-12-01,24020080,VALLE DE SAN JOSE,57.0,Preliminar
1997-01-01,24020080,VALLE DE SAN JOSE,47.0,Preliminar
1997-02-01,24020080,VALLE DE SAN JOSE,176.0,Preliminar
1997-03-01,24020080,VALLE DE SAN JOSE,79.0,Preliminar
1997-04-01,24020080,VALLE DE SAN JOSE,188.0,Preliminar
1997-05-01,24020080,VALLE DE SAN JOSE,125.0,Preliminar
1997-06-01,24020080,VALLE DE SAN JOSE,91.0,Preliminar
1997-07-01,24020080,VALLE DE SAN JOSE,187.0,Preliminar
1997-08-01,24020080,VALLE DE SAN JOSE,141.0,Preliminar
1997-09-01,24020080,VALLE DE SAN JOSE,336.0,Preliminar
1997-10-01,24020080,VALLE DE SAN JOSE,170.0,Preliminar
1997-11-01,24020080,VALLE DE SAN JOSE,98.0,Preliminar
1997-12-01,24020080,VALLE DE SAN JOSE,20.0,Preliminar
1981-01-01,24020120,COROMORO,91.0,Definitivo
1981-02-01,24020120,COROMORO,200.0,Definitivo
1981-03-01,24020120,COROMORO,186.0,Definitivo
1981-04-01,24020120,COROMORO,535.0,Definitivo
1981-05-01,24020120,COROMORO,631.0,Definitivo
1981-06-01,24020120,COROMORO,294.0,Definitivo
1981-07-01,24020120,COROMORO,108.0,Definitivo
1981-08-01,24020120,COROMORO,290.0,Definitivo
1981-09-01,24020120,COROMORO,165.0,Definitivo
1981-10-01,24020120,COROMORO,485.0,Definitivo
1981-11-01,24020120,COROMORO,201.0,Definitivo
1981-12-01,24020120,COROMORO,214.0,Definitivo
1982-01-01,24020120,COROMORO,225.0,Definitivo
1982-02-01,24020120,COROMORO,332.0,Definitivo
1982-03-01,24020120,COROMORO,476.0,Definitivo
1982-04-01,24020120,COROMORO,558.0,Definitivo
1982-05-01,24020120,COROMORO,380.0,Definitivo
1982-06-01,24020120,COROMORO,78.0,Definitivo
1982-07-01,24020120,COROMORO,109.0,Definitivo
1982-08-01,24020120,COROMORO,99.0,Definitivo
1982-09-01,24020120,COROMORO,230.0,Definitivo
1982-10-01,24020120,COROMORO,657.0,Definitivo
1982-11-01,24020120,COROMORO,159.0,Definitivo
1982-12-01,24020120,COROMORO,313.0,Definitivo
1983-01-01,24020120,COROMORO,25.0,Definitivo
1983-02-01,24020120,COROMORO,33.0,Definitivo
1983-03-01,24020120,COROMORO,90.0,Definitivo
1983-04-01,24020120,COROMORO,382.5,Definitivo
1983-05-01,24020120,COROMORO,403.0,Definitivo
1983-06-01,24020120,COROMORO,96.7,Definitivo
1983-07-01,24020120,COROMORO,77.8,Definitivo
1983-08-01,24020120,COROMORO,81.1,Definitivo
1983-09-01,24020120,COROMORO,173.4,Definitivo
1983-10-01,24020120,COROMORO,349.2,Definitivo
1983-11-01,24020120,COROMORO,162.1,Definitivo
1983-12-01,24020120,COROMORO,302.7,Definitivo
1984-01-01,24020120,COROMORO,63.5,Definitivo
1984-02-01,24020120,COROMORO,173.3,Definitivo
1984-03-01,24020120,COROMORO,83.2,Definitivo
1984-04-01,24020120,COROMORO,246.3,Definitivo
1984-05-01,24020120,COROMORO,250.4,Definitivo
1984-06-01,24020120,COROMORO,182.4,Definitivo
1984-07-01,24020120,COROMORO,180.9,Definitivo
1984-08-01,24020120,COROMORO,109.0,Definitivo
1984-09-01,24020120,COROMORO,233.2,Definitivo
1984-10-01,24020120,COROMORO,330.2,Definitivo
1984-11-01,24020120,COROMORO,186.2,Definitivo
1984-12-01,24020120,COROMORO,182.5,Definitivo
1985-01-01,24020120,COROMORO,36.0,Definitivo
1985-02-01,24020120,COROMORO,67.9,Definitivo
1985-03-01,24020120,COROMORO,162.4,Definitivo
1985-04-01,24020120,COROMORO,352.9,Definitivo
1985-05-01,24020120,COROMORO,305.8,Definitivo
1985-06-01,24020120,COROMORO,134.6,Definitivo
1985-07-01,24020120,COROMORO,90.1,Definitivo
1985-08-01,24020120,COROMORO,130.3,Definitivo
1985-09-01,24020120,COROMORO,157.2,Definitivo
1985-10-01,24020120,COROMORO,305.7,Definitivo
1985-11-01,24020120,COROMORO,155.6,Definitivo
1985-12-01,24020120,COROMORO,67.5,Definitivo
1986-01-01,24020120,COROMORO,155.8,Definitivo
1986-02-01,24020120,COROMORO,233.0,Definitivo
1986-07-01,24020120,COROMORO,58.8,Definitivo
1986-08-01,24020120,COROMORO,166.9,Definitivo
1986-09-01,24020120,COROMORO,273.5,Definitivo
1986-10-01,24020120,COROMORO,573.9,Definitivo
1986-11-01,24020120,COROMORO,57.6,Definitivo
1986-12-01,24020120,COROMORO,86.0,Definitivo
1987-01-01,24020120,COROMORO,62.8,Definitivo
1987-02-01,24020120,COROMORO,94.7,Definitivo
1987-03-01,24020120,COROMORO,190.8,Definitivo
1987-04-01,24020120,COROMORO,143.8,Definitivo
1987-05-01,24020120,COROMORO,220.5,Definitivo
1987-06-01,24020120,COROMORO,121.5,Definitivo
1987-07-01,24020120,COROMORO,246.6,Definitivo
1987-08-01,24020120,COROMORO,131.1,Definitivo
1987-09-01,24020120,COROMORO,142.4,Definitivo
1987-10-01,24020120,COROMORO,93.7,Definitivo
1987-11-01,24020120,COROMORO,364.0,Definitivo
1987-12-01,24020120,COROMORO,707.2,Definitivo
1988-01-01,24020120,COROMORO,34.6,Definitivo
1988-02-01,24020120,COROMORO,178.8,Definitivo
1988-03-01,24020120,COROMORO,38.0,Definitivo
1988-04-01,24020120,COROMORO,339.0,Definitivo
1988-05-01,24020120,COROMORO,216.0,Definitivo
1988-06-01,24020120,COROMORO,305.0,Definitivo
1988-07-01,24020120,COROMORO,171.0,Definitivo
1988-08-01,24020120,COROMORO,273.0,Definitivo
1988-09-01,24020120,COROMORO,228.0,Definitivo
1988-10-01,24020120,COROMORO,365.0,Definitivo
1988-11-01,24020120,COROMORO,455.0,Definitivo
1988-12-01,24020120,COROMORO,251.0,Definitivo
1989-01-01,24020120,COROMORO,383.0,Definitivo
1989-02-01,24020120,COROMORO,404.0,Definitivo
1989-03-01,24020120,COROMORO,159.0,Definitivo
1989-04-01,24020120,COROMORO,236.0,Definitivo
1989-05-01,24020120,COROMORO,235.6,Definitivo
1989-06-01,24020120,COROMORO,97.7,Definitivo
1989-07-01,24020120,COROMORO,91.3,Definitivo
1989-08-01,24020120,COROMORO,143.2,Definitivo
1989-09-01,24020120,COROMORO,445.3,Definitivo
1989-10-01,24020120,COROMORO,294.2,Definitivo
1989-11-01,24020120,COROMORO,226.1,Definitivo
1989-12-01,24020120,COROMORO,77.4,Definitivo
1990-01-01,24020120,COROMORO,237.8,Definitivo
1990-02-01,24020120,COROMORO,228.0,Definitivo
1990-03-01,24020120,COROMORO,116.8,Definitivo
1990-04-01,24020120,COROMORO,376.8,Definitivo
1990-05-01,24020120,COROMORO,147.5,Definitivo
1990-06-01,24020120,COROMORO,145.3,Definitivo
1990-07-01,24020120,COROMORO,124.2,Definitivo
1990-08-01,24020120,COROMORO,60.8,Definitivo
1990-09-01,24020120,COROMORO,206.0,Definitivo
1990-10-01,24020120,COROMORO,628.0,Definitivo
1990-11-01,24020120,COROMORO,356.0,Definitivo
1990-12-01,24020120,COROMORO,171.0,Definitivo
1991-01-01,24020120,COROMORO,73.0,Definitivo
1991-02-01,24020120,COROMORO,44.0,Definitivo
1991-03-01,24020120,COROMORO,182.0,Definitivo
1991-04-01,24020120,COROMORO,258.0,Definitivo
1991-05-01,24020120,COROMORO,326.5,Definitivo
1991-06-01,24020120,COROMORO,109.7,Definitivo
1991-07-01,24020120,COROMORO,126.2,Definitivo
1991-08-01,24020120,COROMORO,50.3,Definitivo
1991-09-01,24020120,COROMORO,248.2,Definitivo
1991-10-01,24020120,COROMORO,163.3,Definitivo
1991-11-01,24020120,COROMORO,232.7,Definitivo
1991-12-01,24020120,COROMORO,102.0,Definitivo
1992-01-01,24020120,COROMORO,49.4,Definitivo
1992-02-01,24020120,COROMORO,164.1,Definitivo
1992-03-01,24020120,COROMORO,46.7,Definitivo
1992-04-01,24020120,COROMORO,165.0,Definitivo
1992-05-01,24020120,COROMORO,264.0,Definitivo
1992-06-01,24020120,COROMORO,70.0,Definitivo
1992-07-01,24020120,COROMORO,61.2,Definitivo
1992-08-01,24020120,COROMORO,163.2,Definitivo
1992-09-01,24020120,COROMORO,140.0,Definitivo
1992-10-01,24020120,COROMORO,293.0,Definitivo
1992-11-01,24020120,COROMORO,491.0,Definitivo
1992-12-01,24020120,COROMORO,125.0,Definitivo
1993-01-01,24020120,COROMORO,259.0,Definitivo
1993-02-01,24020120,COROMORO,55.0,Definitivo
1993-03-01,24020120,COROMORO,131.0,Definitivo
1993-04-01,24020120,COROMORO,565.0,Definitivo
1993-05-01,24020120,COROMORO,487.0,Definitivo
1993-06-01,24020120,COROMORO,85.0,Definitivo
1993-07-01,24020120,COROMORO,154.0,Definitivo
1993-08-01,24020120,COROMORO,89.0,Definitivo
1993-09-01,24020120,COROMORO,278.0,Definitivo
1993-10-01,24020120,COROMORO,308.0,Definitivo
1993-11-01,24020120,COROMORO,370.0,Definitivo
1993-12-01,24020120,COROMORO,245.0,Definitivo
1994-01-01,24020120,COROMORO,52.0,Definitivo
1994-02-01,24020120,COROMORO,169.0,Definitivo
1994-03-01,24020120,COROMORO,377.0,Definitivo
1994-04-01,24020120,COROMORO,337.0,Definitivo
1994-05-01,24020120,COROMORO,312.0,Definitivo
1994-06-01,24020120,COROMORO,99.0,Definitivo
1994-07-01,24020120,COROMORO,157.0,Definitivo
1994-08-01,24020120,COROMORO,85.0,Definitivo
1994-09-01,24020120,COROMORO,327.0,Definitivo
1994-10-01,24020120,COROMORO,339.0,Definitivo
1994-11-01,24020120,COROMORO,423.0,Definitivo
1994-12-01,24020120,COROMORO,151.0,Definitivo
1995-01-01,24020120,COROMORO,29.0,Definitivo
1995-02-01,24020120,COROMORO,57.0,Definitivo
1995-03-01,24020120,COROMORO,404.0,Definitivo
1995-04-01,24020120,COROMORO,229.0,Definitivo
1995-05-01,24020120,COROMORO,186.0,Definitivo
1995-06-01,24020120,COROMORO,167.0,Definitivo
1995-07-01,24020120,COROMORO,194.0,Definitivo
1995-08-01,24020120,COROMORO,232.0,Definitivo
1995-09-01,24020120,COROMORO,242.0,Definitivo
1995-10-01,24020120,COROMORO,470.0,Definitivo
1995-11-01,24020120,COROMORO,208.0,Definitivo
1995-12-01,24020120,COROMORO,264.0,Definitivo
1996-01-01,24020120,COROMORO,209.0,Definitivo
1996-02-01,24020120,COROMORO,308.0,Definitivo
1996-03-01,24020120,COROMORO,338.0,Definitivo
1996-04-01,24020120,COROMORO,313.0,Definitivo
1996-05-01,24020120,COROMORO,363.0,Definitivo
1996-06-01,24020120,COROMORO,440.0,Definitivo
1996-07-01,24020120,COROMORO,217.0,Definitivo
1996-08-01,24020120,COROMORO,278.0,Definitivo
1996-09-01,24020120,COROMORO,286.0,Definitivo
1996-10-01,24020120,COROMORO,335.0,Definitivo
1996-11-01,24020120,COROMORO,116.0,Definitivo
1996-12-01,24020120,COROMORO,123.0,Definitivo
1997-01-01,24020120,COROMORO,84.0,Definitivo
1997-02-01,24020120,COROMORO,255.0,Definitivo
1997-03-01,24020120,COROMORO,150.0,Definitivo
1997-04-01,24020120,COROMORO,315.0,Definitivo
1997-05-01,24020120,COROMORO,486.0,Definitivo
1997-06-01,24020120,COROMORO,256.0,Definitivo
1997-07-01,24020120,COROMORO,29.0,Definitivo
1997-08-01,24020120,COROMORO,239.0,Definitivo
1997-09-01,24020120,COROMORO,327.0,Definitivo
1997-10-01,24020120,COROMORO,392.0,Definitivo
1997-11-01,24020120,COROMORO,431.0,Definitivo
1997-12-01,24020120,COROMORO,92.0,Definitivo
1987-01-01,24020150,MAMONAL EL HACIENDA,35.0,Preliminar
1987-02-01,24020150,MAMONAL EL HACIENDA,14.0,Preliminar
1987-03-01,24020150,MAMONAL EL HACIENDA,41.0,Preliminar
1987-04-01,24020150,MAMONAL EL HACIENDA,109.0,Preliminar
1987-05-01,24020150,MAMONAL EL HACIENDA,197.0,Preliminar
1987-06-01,24020150,MAMONAL EL HACIENDA,64.0,Preliminar
1987-07-01,24020150,MAMONAL EL HACIENDA,183.0,Preliminar
1987-08-01,24020150,MAMONAL EL HACIENDA,150.0,Preliminar
1987-09-01,24020150,MAMONAL EL HACIENDA,138.0,Preliminar
1987-10-01,24020150,MAMONAL EL HACIENDA,196.0,Preliminar
1987-11-01,24020150,MAMONAL EL HACIENDA,90.0,Preliminar
1987-12-01,24020150,MAMONAL EL HACIENDA,48.0,Preliminar
1988-01-01,24020150,MAMONAL EL HACIENDA,7.0,Preliminar
1988-02-01,24020150,MAMONAL EL HACIENDA,32.0,Preliminar
1988-03-01,24020150,MAMONAL EL HACIENDA,30.0,Preliminar
1988-04-01,24020150,MAMONAL EL HACIENDA,102.0,Preliminar
1988-05-01,24020150,MAMONAL EL HACIENDA,169.0,Preliminar
1988-06-01,24020150,MAMONAL EL HACIENDA,147.0,Preliminar
1988-07-01,24020150,MAMONAL EL HACIENDA,257.0,Preliminar
1988-08-01,24020150,MAMONAL EL HACIENDA,251.0,Preliminar
1988-09-01,24020150,MAMONAL EL HACIENDA,89.0,Preliminar
1988-10-01,24020150,MAMONAL EL HACIENDA,140.0,Preliminar
1988-11-01,24020150,MAMONAL EL HACIENDA,132.0,Preliminar
1988-12-01,24020150,MAMONAL EL HACIENDA,41.0,Preliminar
1989-01-01,24020150,MAMONAL EL HACIENDA,34.0,Preliminar
1989-02-01,24020150,MAMONAL EL HACIENDA,27.0,Preliminar
1989-03-01,24020150,MAMONAL EL HACIENDA,78.0,Preliminar
1989-04-01,24020150,MAMONAL EL HACIENDA,47.0,Preliminar
1989-05-01,24020150,MAMONAL EL HACIENDA,178.0,Preliminar
1989-06-01,24020150,MAMONAL EL HACIENDA,127.0,Preliminar
1989-07-01,24020150,MAMONAL EL HACIENDA,148.0,Preliminar
1989-08-01,24020150,MAMONAL EL HACIENDA,104.0,Preliminar
1989-09-01,24020150,MAMONAL EL HACIENDA,253.0,Preliminar
1989-10-01,24020150,MAMONAL EL HACIENDA,113.0,Preliminar
1989-11-01,24020150,MAMONAL EL HACIENDA,59.0,Preliminar
1989-12-01,24020150,MAMONAL EL HACIENDA,36.0,Preliminar
1990-01-01,24020150,MAMONAL EL HACIENDA,22.0,Preliminar
1990-02-01,24020150,MAMONAL EL HACIENDA,20.0,Preliminar
1990-03-01,24020150,MAMONAL EL HACIENDA,136.0,Preliminar
1990-04-01,24020150,MAMONAL EL HACIENDA,107.0,Preliminar
1990-05-01,24020150,MAMONAL EL HACIENDA,223.0,Preliminar
1990-06-01,24020150,MAMONAL EL HACIENDA,132.0,Preliminar
1990-07-01,24020150,MAMONAL EL HACIENDA,181.0,Preliminar
1990-08-01,24020150,MAMONAL EL HACIENDA,167.0,Preliminar
1990-09-01,24020150,MAMONAL EL HACIENDA,113.0,Preliminar
1990-10-01,24020150,MAMONAL EL HACIENDA,255.0,Preliminar
1990-11-01,24020150,MAMONAL EL HACIENDA,50.0,Preliminar
1990-12-01,24020150,MAMONAL EL HACIENDA,115.0,Preliminar
1991-01-01,24020150,MAMONAL EL HACIENDA,6.0,Preliminar
1991-02-01,24020150,MAMONAL EL HACIENDA,43.0,Preliminar
1991-03-01,24020150,MAMONAL EL HACIENDA,47.0,Preliminar
1991-04-01,24020150,MAMONAL EL HACIENDA,90.0,Preliminar
1991-05-01,24020150,MAMONAL EL HACIENDA,177.0,Preliminar
1991-06-01,24020150,MAMONAL EL HACIENDA,97.0,Preliminar
1991-07-01,24020150,MAMONAL EL HACIENDA,212.0,Preliminar
1991-08-01,24020150,MAMONAL EL HACIENDA,171.0,Preliminar
1991-09-01,24020150,MAMONAL EL HACIENDA,171.0,Preliminar
1991-10-01,24020150,MAMONAL EL HACIENDA,146.0,Preliminar
1991-11-01,24020150,MAMONAL EL HACIENDA,107.0,Preliminar
1991-12-01,24020150,MAMONAL EL HACIENDA,2.0,Preliminar
1992-01-01,24020150,MAMONAL EL HACIENDA,18.0,Preliminar
1992-02-01,24020150,MAMONAL EL HACIENDA,32.0,Preliminar
1992-03-01,24020150,MAMONAL EL HACIENDA,1.0,Preliminar
1992-04-01,24020150,MAMONAL EL HACIENDA,87.0,Preliminar
1992-05-01,24020150,MAMONAL EL HACIENDA,174.0,Preliminar
1992-06-01,24020150,MAMONAL EL HACIENDA,115.0,Preliminar
1992-07-01,24020150,MAMONAL EL HACIENDA,185.0,Preliminar
1992-08-01,24020150,MAMONAL EL HACIENDA,114.0,Preliminar
1992-09-01,24020150,MAMONAL EL HACIENDA,112.0,Preliminar
1992-10-01,24020150,MAMONAL EL HACIENDA,96.0,Preliminar
1992-11-01,24020150,MAMONAL EL HACIENDA,92.0,Preliminar
1992-12-01,24020150,MAMONAL EL HACIENDA,21.0,Preliminar
1993-01-01,24020150,MAMONAL EL HACIENDA,19.0,Preliminar
1993-02-01,24020150,MAMONAL EL HACIENDA,5.0,Preliminar
1993-03-01,24020150,MAMONAL EL HACIENDA,114.0,Preliminar
1993-04-01,24020150,MAMONAL EL HACIENDA,134.0,Preliminar
1993-05-01,24020150,MAMONAL EL HACIENDA,132.0,Preliminar
1993-06-01,24020150,MAMONAL EL HACIENDA,117.0,Preliminar
1993-07-01,24020150,MAMONAL EL HACIENDA,96.0,Preliminar
1993-08-01,24020150,MAMONAL EL HACIENDA,177.0,Preliminar
1993-09-01,24020150,MAMONAL EL HACIENDA,209.0,Preliminar
1993-10-01,24020150,MAMONAL EL HACIENDA,106.0,Preliminar
1993-11-01,24020150,MAMONAL EL HACIENDA,104.0,Preliminar
1993-12-01,24020150,MAMONAL EL HACIENDA,38.0,Preliminar
1994-01-01,24020150,MAMONAL EL HACIENDA,34.0,Preliminar
1994-02-01,24020150,MAMONAL EL HACIENDA,83.0,Preliminar
1994-03-01,24020150,MAMONAL EL HACIENDA,51.0,Preliminar
1994-04-01,24020150,MAMONAL EL HACIENDA,213.0,Preliminar
1994-05-01,24020150,MAMONAL EL HACIENDA,236.0,Preliminar
1994-06-01,24020150,MAMONAL EL HACIENDA,80.0,Preliminar
1994-07-01,24020150,MAMONAL EL HACIENDA,203.0,Preliminar
1994-08-01,24020150,MAMONAL EL HACIENDA,176.0,Preliminar
1994-11-01,24020150,MAMONAL EL HACIENDA,137.0,Preliminar
1994-12-01,24020150,MAMONAL EL HACIENDA,56.0,Preliminar
1995-01-01,24020150,MAMONAL EL HACIENDA,0.0,Preliminar
1995-02-01,24020150,MAMONAL EL HACIENDA,11.0,Preliminar
1995-03-01,24020150,MAMONAL EL HACIENDA,54.0,Preliminar
1995-04-01,24020150,MAMONAL EL HACIENDA,134.0,Preliminar
1995-05-01,24020150,MAMONAL EL HACIENDA,185.0,Preliminar
1995-06-01,24020150,MAMONAL EL HACIENDA,217.0,Preliminar
1995-07-01,24020150,MAMONAL EL HACIENDA,233.0,Preliminar
1995-08-01,24020150,MAMONAL EL HACIENDA,277.0,Preliminar
1995-09-01,24020150,MAMONAL EL HACIENDA,156.0,Preliminar
1995-10-01,24020150,MAMONAL EL HACIENDA,245.0,Preliminar
1995-11-01,24020150,MAMONAL EL HACIENDA,59.0,Preliminar
1995-12-01,24020150,MAMONAL EL HACIENDA,35.0,Preliminar
1996-01-01,24020150,MAMONAL EL HACIENDA,14.0,Preliminar
1996-02-01,24020150,MAMONAL EL HACIENDA,29.0,Preliminar
1996-03-01,24020150,MAMONAL EL HACIENDA,130.0,Preliminar
1996-04-01,24020150,MAMONAL EL HACIENDA,157.0,Preliminar
1996-05-01,24020150,MAMONAL EL HACIENDA,158.0,Preliminar
1996-06-01,24020150,MAMONAL EL HACIENDA,174.0,Preliminar
1996-07-01,24020150,MAMONAL EL HACIENDA,278.0,Preliminar
1996-08-01,24020150,MAMONAL EL HACIENDA,122.0,Preliminar
1996-09-01,24020150,MAMONAL EL HACIENDA,169.0,Preliminar
1996-10-01,24020150,MAMONAL EL HACIENDA,180.0,Preliminar
1996-11-01,24020150,MAMONAL EL HACIENDA,52.0,Preliminar
1996-12-01,24020150,MAMONAL EL HACIENDA,40.0,Preliminar
1997-01-01,24020150,MAMONAL EL HACIENDA,23.0,Preliminar
1997-02-01,24020150,MAMONAL EL HACIENDA,70.0,Preliminar
1997-03-01,24020150,MAMONAL EL HACIENDA,58.0,Preliminar
1997-04-01,24020150,MAMONAL EL HACIENDA,155.0,Preliminar
1997-05-01,24020150,MAMONAL EL HACIENDA,164.0,Preliminar
1997-06-01,24020150,MAMONAL EL HACIENDA,134.0,Preliminar
1997-07-01,24020150,MAMONAL EL HACIENDA,82.0,Preliminar
1997-08-01,24020150,MAMONAL EL HACIENDA,84.0,Preliminar
1997-09-01,24020150,MAMONAL EL HACIENDA,98.0,Preliminar
1997-10-01,24020150,MAMONAL EL HACIENDA,129.0,Preliminar
1997-11-01,24020150,MAMONAL EL HACIENDA,57.0,Preliminar
1997-12-01,24020150,MAMONAL EL HACIENDA,0.0,Preliminar
1983-05-01,24020220,PAVAS LAS,208.9,Preliminar
1983-06-01,24020220,PAVAS LAS,51.0,Preliminar
1983-07-01,24020220,PAVAS LAS,11.0,Preliminar
1983-08-01,24020220,PAVAS LAS,18.0,Preliminar
1983-09-01,24020220,PAVAS LAS,21.0,Preliminar
1983-10-01,24020220,PAVAS LAS,170.0,Preliminar
1983-11-01,24020220,PAVAS LAS,166.0,Preliminar
1983-12-01,24020220,PAVAS LAS,219.0,Preliminar
1984-01-01,24020220,PAVAS LAS,130.0,Preliminar
1984-02-01,24020220,PAVAS LAS,121.0,Preliminar
1984-03-01,24020220,PAVAS LAS,114.0,Preliminar
1984-04-01,24020220,PAVAS LAS,131.0,Preliminar
1984-05-01,24020220,PAVAS LAS,200.0,Preliminar
1984-06-01,24020220,PAVAS LAS,85.0,Preliminar
1984-07-01,24020220,PAVAS LAS,77.0,Preliminar
1984-08-01,24020220,PAVAS LAS,73.0,Preliminar
1984-09-01,24020220,PAVAS LAS,144.0,Preliminar
1984-10-01,24020220,PAVAS LAS,209.0,Preliminar
1984-11-01,24020220,PAVAS LAS,229.0,Preliminar
1984-12-01,24020220,PAVAS LAS,159.0,Preliminar
1985-01-01,24020220,PAVAS LAS,101.0,Preliminar
1985-02-01,24020220,PAVAS LAS,117.0,Preliminar
1985-03-01,24020220,PAVAS LAS,282.0,Preliminar
1985-04-01,24020220,PAVAS LAS,285.0,Preliminar
1985-05-01,24020220,PAVAS LAS,91.0,Preliminar
1985-06-01,24020220,PAVAS LAS,43.0,Preliminar
1985-07-01,24020220,PAVAS LAS,60.0,Preliminar
1985-08-01,24020220,PAVAS LAS,70.0,Preliminar
1985-09-01,24020220,PAVAS LAS,205.0,Preliminar
1985-10-01,24020220,PAVAS LAS,260.0,Preliminar
1985-11-01,24020220,PAVAS LAS,239.0,Preliminar
1985-12-01,24020220,PAVAS LAS,127.0,Preliminar
1986-01-01,24020220,PAVAS LAS,136.0,Preliminar
1986-02-01,24020220,PAVAS LAS,185.0,Preliminar
1986-03-01,24020220,PAVAS LAS,201.0,Preliminar
1986-04-01,24020220,PAVAS LAS,367.0,Preliminar
1986-05-01,24020220,PAVAS LAS,175.0,Preliminar
1986-06-01,24020220,PAVAS LAS,60.0,Preliminar
1986-07-01,24020220,PAVAS LAS,19.0,Preliminar
1986-08-01,24020220,PAVAS LAS,21.0,Preliminar
1986-09-01,24020220,PAVAS LAS,164.0,Preliminar
1986-10-01,24020220,PAVAS LAS,457.0,Preliminar
1986-11-01,24020220,PAVAS LAS,230.0,Preliminar
1986-12-01,24020220,PAVAS LAS,95.0,Preliminar
1987-01-01,24020220,PAVAS LAS,124.0,Preliminar
1987-02-01,24020220,PAVAS LAS,77.0,Preliminar
1987-03-01,24020220,PAVAS LAS,77.0,Preliminar
1987-04-01,24020220,PAVAS LAS,49.0,Preliminar
1987-05-01,24020220,PAVAS LAS,45.0,Preliminar
1987-06-01,24020220,PAVAS LAS,65.0,Preliminar
1987-07-01,24020220,PAVAS LAS,13.0,Preliminar
1987-08-01,24020220,PAVAS LAS,18.0,Preliminar
1987-09-01,24020220,PAVAS LAS,161.0,Preliminar
1987-10-01,24020220,PAVAS LAS,379.0,Preliminar
1987-11-01,24020220,PAVAS LAS,230.0,Preliminar
1987-12-01,24020220,PAVAS LAS,87.0,Preliminar
1988-01-01,24020220,PAVAS LAS,103.0,Preliminar
1988-02-01,24020220,PAVAS LAS,111.0,Preliminar
1988-03-01,24020220,PAVAS LAS,120.0,Preliminar
1988-04-01,24020220,PAVAS LAS,279.0,Preliminar
1988-05-01,24020220,PAVAS LAS,228.0,Preliminar
1988-06-01,24020220,PAVAS LAS,133.0,Preliminar
1988-07-01,24020220,PAVAS LAS,117.0,Preliminar
1988-08-01,24020220,PAVAS LAS,203.0,Preliminar
1988-09-01,24020220,PAVAS LAS,196.0,Preliminar
1988-10-01,24020220,PAVAS LAS,202.0,Preliminar
1988-11-01,24020220,PAVAS LAS,449.0,Preliminar
1988-12-01,24020220,PAVAS LAS,204.0,Preliminar
1989-01-01,24020220,PAVAS LAS,78.0,Preliminar
1989-02-01,24020220,PAVAS LAS,191.0,Preliminar
1989-03-01,24020220,PAVAS LAS,327.0,Preliminar
1989-04-01,24020220,PAVAS LAS,62.0,Preliminar
1989-05-01,24020220,PAVAS LAS,201.0,Preliminar
1989-06-01,24020220,PAVAS LAS,13.0,Preliminar
1989-07-01,24020220,PAVAS LAS,78.0,Preliminar
1989-08-01,24020220,PAVAS LAS,83.0,Preliminar
1989-09-01,24020220,PAVAS LAS,179.0,Preliminar
1989-10-01,24020220,PAVAS LAS,140.0,Preliminar
1989-11-01,24020220,PAVAS LAS,180.0,Preliminar
1989-12-01,24020220,PAVAS LAS,119.0,Preliminar
1990-01-01,24020220,PAVAS LAS,157.0,Preliminar
1990-02-01,24020220,PAVAS LAS,179.0,Preliminar
1990-03-01,24020220,PAVAS LAS,189.0,Preliminar
1990-04-01,24020220,PAVAS LAS,284.0,Preliminar
1990-05-01,24020220,PAVAS LAS,77.0,Preliminar
1990-06-01,24020220,PAVAS LAS,20.0,Preliminar
1990-07-01,24020220,PAVAS LAS,31.0,Preliminar
1990-08-01,24020220,PAVAS LAS,43.0,Preliminar
1990-09-01,24020220,PAVAS LAS,118.0,Preliminar
1990-10-01,24020220,PAVAS LAS,240.0,Preliminar
1990-11-01,24020220,PAVAS LAS,212.0,Preliminar
1990-12-01,24020220,PAVAS LAS,160.0,Preliminar
1991-01-01,24020220,PAVAS LAS,46.0,Preliminar
1991-02-01,24020220,PAVAS LAS,115.0,Preliminar
1991-03-01,24020220,PAVAS LAS,349.0,Preliminar
1991-04-01,24020220,PAVAS LAS,173.0,Preliminar
1991-05-01,24020220,PAVAS LAS,187.0,Preliminar
1991-06-01,24020220,PAVAS LAS,33.0,Preliminar
1991-07-01,24020220,PAVAS LAS,43.0,Preliminar
1991-08-01,24020220,PAVAS LAS,11.0,Preliminar
1991-09-01,24020220,PAVAS LAS,92.0,Preliminar
1991-10-01,24020220,PAVAS LAS,135.0,Preliminar
1991-11-01,24020220,PAVAS LAS,200.0,Preliminar
1991-12-01,24020220,PAVAS LAS,164.0,Preliminar
1992-01-01,24020220,PAVAS LAS,66.0,Preliminar
1992-02-01,24020220,PAVAS LAS,104.0,Preliminar
1992-03-01,24020220,PAVAS LAS,95.0,Preliminar
1992-04-01,24020220,PAVAS LAS,207.0,Preliminar
1992-05-01,24020220,PAVAS LAS,155.0,Preliminar
1992-06-01,24020220,PAVAS LAS,42.0,Preliminar
1992-07-01,24020220,PAVAS LAS,12.0,Preliminar
1992-08-01,24020220,PAVAS LAS,61.0,Preliminar
1992-09-01,24020220,PAVAS LAS,126.0,Preliminar
1992-10-01,24020220,PAVAS LAS,65.0,Preliminar
1992-11-01,24020220,PAVAS LAS,221.0,Preliminar
1992-12-01,24020220,PAVAS LAS,161.0,Preliminar
1993-01-01,24020220,PAVAS LAS,136.0,Preliminar
1993-02-01,24020220,PAVAS LAS,77.0,Preliminar
1993-03-01,24020220,PAVAS LAS,182.0,Preliminar
1993-04-01,24020220,PAVAS LAS,268.0,Preliminar
1993-05-01,24020220,PAVAS LAS,259.0,Preliminar
1993-06-01,24020220,PAVAS LAS,3.0,Preliminar
1993-07-01,24020220,PAVAS LAS,31.0,Preliminar
1993-08-01,24020220,PAVAS LAS,20.0,Preliminar
1993-09-01,24020220,PAVAS LAS,190.0,Preliminar
1993-10-01,24020220,PAVAS LAS,393.0,Preliminar
1993-11-01,24020220,PAVAS LAS,372.0,Preliminar
1993-12-01,24020220,PAVAS LAS,98.0,Preliminar
1994-01-01,24020220,PAVAS LAS,92.0,Preliminar
1994-02-01,24020220,PAVAS LAS,315.0,Preliminar
1994-03-01,24020220,PAVAS LAS,336.0,Preliminar
1994-04-01,24020220,PAVAS LAS,195.0,Preliminar
1994-05-01,24020220,PAVAS LAS,173.0,Preliminar
1994-06-01,24020220,PAVAS LAS,66.0,Preliminar
1994-07-01,24020220,PAVAS LAS,34.0,Preliminar
1994-08-01,24020220,PAVAS LAS,11.0,Preliminar
1994-09-01,24020220,PAVAS LAS,155.0,Preliminar
1994-10-01,24020220,PAVAS LAS,240.0,Preliminar
1994-11-01,24020220,PAVAS LAS,285.0,Preliminar
1994-12-01,24020220,PAVAS LAS,114.0,Preliminar
1995-01-01,24020220,PAVAS LAS,106.0,Preliminar
1995-02-01,24020220,PAVAS LAS,59.0,Preliminar
1995-04-01,24020220,PAVAS LAS,205.0,Preliminar
1995-05-01,24020220,PAVAS LAS,159.0,Preliminar
1995-06-01,24020220,PAVAS LAS,155.0,Preliminar
1995-07-01,24020220,PAVAS LAS,112.0,Preliminar
1995-08-01,24020220,PAVAS LAS,193.0,Preliminar
1995-09-01,24020220,PAVAS LAS,94.0,Preliminar
1995-10-01,24020220,PAVAS LAS,397.0,Preliminar
1995-11-01,24020220,PAVAS LAS,137.0,Preliminar
1995-12-01,24020220,PAVAS LAS,147.0,Preliminar
1996-01-01,24020220,PAVAS LAS,137.0,Preliminar
1996-02-01,24020220,PAVAS LAS,156.0,Preliminar
1996-03-01,24020220,PAVAS LAS,258.0,Preliminar
1996-04-01,24020220,PAVAS LAS,195.0,Preliminar
1996-05-01,24020220,PAVAS LAS,284.0,Preliminar
1996-06-01,24020220,PAVAS LAS,96.0,Preliminar
1996-07-01,24020220,PAVAS LAS,102.0,Preliminar
1996-08-01,24020220,PAVAS LAS,113.0,Preliminar
1996-09-01,24020220,PAVAS LAS,75.0,Preliminar
1996-10-01,24020220,PAVAS LAS,353.0,Preliminar
1996-11-01,24020220,PAVAS LAS,160.0,Preliminar
1996-12-01,24020220,PAVAS LAS,156.0,Preliminar
1997-01-01,24020220,PAVAS LAS,271.0,Preliminar
1997-02-01,24020220,PAVAS LAS,346.0,Preliminar
1997-03-01,24020220,PAVAS LAS,344.0,Preliminar
1997-04-01,24020220,PAVAS LAS,402.0,Preliminar
1997-05-01,24020220,PAVAS LAS,500.0,Preliminar
1997-06-01,24020220,PAVAS LAS,58.0,Preliminar
1997-07-01,24020220,PAVAS LAS,10.0,Preliminar
1997-08-01,24020220,PAVAS LAS,26.0,Preliminar
1997-09-01,24020220,PAVAS LAS,138.0,Preliminar
1997-10-01,24020220,PAVAS LAS,135.0,Preliminar
1997-11-01,24020220,PAVAS LAS,213.0,Preliminar
1997-12-01,24020220,PAVAS LAS,56.0,Preliminar
1983-05-01,24020230,PUEBLO VIEJO,479.0,Preliminar
1983-06-01,24020230,PUEBLO VIEJO,255.0,Preliminar
1983-07-01,24020230,PUEBLO VIEJO,84.0,Preliminar
1983-08-01,24020230,PUEBLO VIEJO,363.0,Preliminar
1983-09-01,24020230,PUEBLO VIEJO,357.0,Preliminar
1983-10-01,24020230,PUEBLO VIEJO,680.0,Preliminar
1983-11-01,24020230,PUEBLO VIEJO,508.0,Preliminar
1983-12-01,24020230,PUEBLO VIEJO,617.0,Preliminar
1984-01-01,24020230,PUEBLO VIEJO,151.0,Preliminar
1984-02-01,24020230,PUEBLO VIEJO,377.0,Preliminar
1984-03-01,24020230,PUEBLO VIEJO,327.0,Preliminar
1984-04-01,24020230,PUEBLO VIEJO,195.0,Preliminar
1984-05-01,24020230,PUEBLO VIEJO,389.0,Preliminar
1984-06-01,24020230,PUEBLO VIEJO,202.0,Preliminar
1984-07-01,24020230,PUEBLO VIEJO,100.0,Preliminar
1984-08-01,24020230,PUEBLO VIEJO,147.0,Preliminar
1984-09-01,24020230,PUEBLO VIEJO,163.0,Preliminar
1984-10-01,24020230,PUEBLO VIEJO,184.0,Preliminar
1984-11-01,24020230,PUEBLO VIEJO,252.0,Preliminar
1984-12-01,24020230,PUEBLO VIEJO,153.0,Preliminar
1985-01-01,24020230,PUEBLO VIEJO,38.0,Preliminar
1985-02-01,24020230,PUEBLO VIEJO,50.0,Preliminar
1985-03-01,24020230,PUEBLO VIEJO,197.0,Preliminar
1985-04-01,24020230,PUEBLO VIEJO,186.0,Preliminar
1985-05-01,24020230,PUEBLO VIEJO,92.0,Preliminar
1985-06-01,24020230,PUEBLO VIEJO,13.0,Preliminar
1985-07-01,24020230,PUEBLO VIEJO,65.0,Preliminar
1985-08-01,24020230,PUEBLO VIEJO,88.0,Preliminar
1985-09-01,24020230,PUEBLO VIEJO,64.0,Preliminar
1985-10-01,24020230,PUEBLO VIEJO,194.0,Preliminar
1985-11-01,24020230,PUEBLO VIEJO,106.0,Preliminar
1985-12-01,24020230,PUEBLO VIEJO,81.0,Preliminar
1986-01-01,24020230,PUEBLO VIEJO,123.0,Preliminar
1986-02-01,24020230,PUEBLO VIEJO,117.0,Preliminar
1986-03-01,24020230,PUEBLO VIEJO,200.8,Preliminar
1986-04-01,24020230,PUEBLO VIEJO,280.0,Preliminar
1986-05-01,24020230,PUEBLO VIEJO,174.9,Preliminar
1986-06-01,24020230,PUEBLO VIEJO,63.5,Preliminar
1986-07-01,24020230,PUEBLO VIEJO,29.0,Preliminar
1986-08-01,24020230,PUEBLO VIEJO,158.0,Preliminar
1986-09-01,24020230,PUEBLO VIEJO,202.0,Preliminar
1986-10-01,24020230,PUEBLO VIEJO,285.0,Preliminar
1986-11-01,24020230,PUEBLO VIEJO,115.8,Preliminar
1986-12-01,24020230,PUEBLO VIEJO,315.0,Preliminar
1987-01-01,24020230,PUEBLO VIEJO,56.0,Preliminar
1987-02-01,24020230,PUEBLO VIEJO,29.0,Preliminar
1987-03-01,24020230,PUEBLO VIEJO,103.0,Preliminar
1987-04-01,24020230,PUEBLO VIEJO,92.0,Preliminar
1987-05-01,24020230,PUEBLO VIEJO,101.0,Preliminar
1987-06-01,24020230,PUEBLO VIEJO,43.0,Preliminar
1987-07-01,24020230,PUEBLO VIEJO,91.0,Preliminar
1987-08-01,24020230,PUEBLO VIEJO,24.0,Preliminar
1987-09-01,24020230,PUEBLO VIEJO,99.0,Preliminar
1987-10-01,24020230,PUEBLO VIEJO,207.0,Preliminar
1987-11-01,24020230,PUEBLO VIEJO,35.0,Preliminar
1987-12-01,24020230,PUEBLO VIEJO,2.0,Preliminar
1988-01-01,24020230,PUEBLO VIEJO,26.0,Preliminar
1988-02-01,24020230,PUEBLO VIEJO,40.0,Preliminar
1988-03-01,24020230,PUEBLO VIEJO,16.0,Preliminar
1988-04-01,24020230,PUEBLO VIEJO,67.0,Preliminar
1988-05-01,24020230,PUEBLO VIEJO,50.0,Preliminar
1988-06-01,24020230,PUEBLO VIEJO,132.0,Preliminar
1988-07-01,24020230,PUEBLO VIEJO,112.0,Preliminar
1988-08-01,24020230,PUEBLO VIEJO,122.0,Preliminar
1988-09-01,24020230,PUEBLO VIEJO,123.0,Preliminar
1988-10-01,24020230,PUEBLO VIEJO,70.0,Preliminar
1988-11-01,24020230,PUEBLO VIEJO,75.0,Preliminar
1988-12-01,24020230,PUEBLO VIEJO,50.0,Preliminar
1989-01-01,24020230,PUEBLO VIEJO,22.0,Preliminar
1989-02-01,24020230,PUEBLO VIEJO,92.0,Preliminar
1989-03-01,24020230,PUEBLO VIEJO,175.0,Preliminar
1989-04-01,24020230,PUEBLO VIEJO,123.0,Preliminar
1989-05-01,24020230,PUEBLO VIEJO,142.0,Preliminar
1989-06-01,24020230,PUEBLO VIEJO,66.0,Preliminar
1989-07-01,24020230,PUEBLO VIEJO,34.0,Preliminar
1989-11-01,24020230,PUEBLO VIEJO,39.0,Preliminar
1989-12-01,24020230,PUEBLO VIEJO,89.0,Preliminar
1990-01-01,24020230,PUEBLO VIEJO,138.0,Preliminar
1990-02-01,24020230,PUEBLO VIEJO,60.0,Preliminar
1990-03-01,24020230,PUEBLO VIEJO,111.0,Preliminar
1990-04-01,24020230,PUEBLO VIEJO,204.0,Preliminar
1990-05-01,24020230,PUEBLO VIEJO,80.0,Preliminar
1990-06-01,24020230,PUEBLO VIEJO,70.0,Preliminar
1990-07-01,24020230,PUEBLO VIEJO,35.0,Preliminar
1990-08-01,24020230,PUEBLO VIEJO,26.0,Preliminar
1990-09-01,24020230,PUEBLO VIEJO,32.0,Preliminar
1990-10-01,24020230,PUEBLO VIEJO,156.0,Preliminar
1990-11-01,24020230,PUEBLO VIEJO,18.0,Preliminar
1990-12-01,24020230,PUEBLO VIEJO,49.0,Preliminar
1991-01-01,24020230,PUEBLO VIEJO,18.0,Preliminar
1991-02-01,24020230,PUEBLO VIEJO,48.0,Preliminar
1991-03-01,24020230,PUEBLO VIEJO,74.0,Preliminar
1991-04-01,24020230,PUEBLO VIEJO,74.0,Preliminar
1991-06-01,24020230,PUEBLO VIEJO,6.0,Preliminar
1991-07-01,24020230,PUEBLO VIEJO,14.0,Preliminar
1991-08-01,24020230,PUEBLO VIEJO,6.0,Preliminar
1991-09-01,24020230,PUEBLO VIEJO,70.0,Preliminar
1991-10-01,24020230,PUEBLO VIEJO,53.0,Preliminar
1991-11-01,24020230,PUEBLO VIEJO,22.0,Preliminar
1991-12-01,24020230,PUEBLO VIEJO,3.0,Preliminar
1992-01-01,24020230,PUEBLO VIEJO,11.0,Preliminar
1992-02-01,24020230,PUEBLO VIEJO,47.0,Preliminar
1992-03-01,24020230,PUEBLO VIEJO,17.2,Preliminar
1992-04-01,24020230,PUEBLO VIEJO,91.0,Preliminar
1992-05-01,24020230,PUEBLO VIEJO,24.0,Preliminar
1992-06-01,24020230,PUEBLO VIEJO,8.0,Preliminar
1992-07-01,24020230,PUEBLO VIEJO,0.0,Preliminar
1992-08-01,24020230,PUEBLO VIEJO,14.1,Preliminar
1992-09-01,24020230,PUEBLO VIEJO,33.0,Preliminar
1992-10-01,24020230,PUEBLO VIEJO,26.0,Preliminar
1992-11-01,24020230,PUEBLO VIEJO,47.0,Preliminar
1992-12-01,24020230,PUEBLO VIEJO,45.0,Preliminar
1993-01-01,24020230,PUEBLO VIEJO,36.0,Preliminar
1993-02-01,24020230,PUEBLO VIEJO,12.0,Preliminar
1993-03-01,24020230,PUEBLO VIEJO,13.0,Preliminar
1993-04-01,24020230,PUEBLO VIEJO,55.0,Preliminar
1993-05-01,24020230,PUEBLO VIEJO,25.0,Preliminar
1993-06-01,24020230,PUEBLO VIEJO,7.0,Preliminar
1993-07-01,24020230,PUEBLO VIEJO,3.0,Preliminar
1993-08-01,24020230,PUEBLO VIEJO,8.0,Preliminar
1993-09-01,24020230,PUEBLO VIEJO,15.0,Preliminar
1993-10-01,24020230,PUEBLO VIEJO,74.0,Preliminar
1993-11-01,24020230,PUEBLO VIEJO,80.0,Preliminar
1993-12-01,24020230,PUEBLO VIEJO,25.0,Preliminar
1994-01-01,24020230,PUEBLO VIEJO,25.0,Preliminar
1994-02-01,24020230,PUEBLO VIEJO,44.0,Preliminar
1994-03-01,24020230,PUEBLO VIEJO,91.0,Preliminar
1994-04-01,24020230,PUEBLO VIEJO,78.0,Preliminar
1994-05-01,24020230,PUEBLO VIEJO,99.0,Preliminar
1994-06-01,24020230,PUEBLO VIEJO,47.0,Preliminar
1994-07-01,24020230,PUEBLO VIEJO,35.0,Preliminar
1994-08-01,24020230,PUEBLO VIEJO,30.0,Preliminar
1994-09-01,24020230,PUEBLO VIEJO,32.0,Preliminar
1994-10-01,24020230,PUEBLO VIEJO,48.0,Preliminar
1994-11-01,24020230,PUEBLO VIEJO,72.0,Preliminar
1994-12-01,24020230,PUEBLO VIEJO,57.0,Preliminar
1995-01-01,24020230,PUEBLO VIEJO,72.0,Preliminar
1995-02-01,24020230,PUEBLO VIEJO,2.0,Preliminar
1995-07-01,24020230,PUEBLO VIEJO,1063.0,Preliminar
1995-08-01,24020230,PUEBLO VIEJO,589.0,Preliminar
1995-09-01,24020230,PUEBLO VIEJO,545.0,Preliminar
1995-10-01,24020230,PUEBLO VIEJO,478.0,Preliminar
1995-11-01,24020230,PUEBLO VIEJO,234.0,Preliminar
1996-01-01,24020230,PUEBLO VIEJO,303.0,Preliminar
1996-02-01,24020230,PUEBLO VIEJO,251.0,Preliminar
1996-03-01,24020230,PUEBLO VIEJO,377.0,Preliminar
1996-04-01,24020230,PUEBLO VIEJO,248.0,Preliminar
1996-05-01,24020230,PUEBLO VIEJO,328.0,Preliminar
1996-06-01,24020230,PUEBLO VIEJO,110.0,Preliminar
1996-07-01,24020230,PUEBLO VIEJO,144.0,Preliminar
1996-08-01,24020230,PUEBLO VIEJO,166.0,Preliminar
1996-09-01,24020230,PUEBLO VIEJO,135.0,Preliminar
1996-10-01,24020230,PUEBLO VIEJO,396.0,Preliminar
1996-11-01,24020230,PUEBLO VIEJO,417.0,Preliminar
1996-12-01,24020230,PUEBLO VIEJO,132.0,Preliminar
1997-01-01,24020230,PUEBLO VIEJO,60.0,Preliminar
1997-02-01,24020230,PUEBLO VIEJO,102.0,Preliminar
1997-03-01,24020230,PUEBLO VIEJO,124.0,Preliminar
1997-04-01,24020230,PUEBLO VIEJO,179.0,Preliminar
1997-05-01,24020230,PUEBLO VIEJO,106.0,Preliminar
1997-06-01,24020230,PUEBLO VIEJO,63.0,Preliminar
1997-07-01,24020230,PUEBLO VIEJO,3.0,Preliminar
1997-08-01,24020230,PUEBLO VIEJO,24.0,Preliminar
1997-09-01,24020230,PUEBLO VIEJO,57.0,Preliminar
1997-10-01,24020230,PUEBLO VIEJO,104.0,Preliminar
1997-11-01,24020230,PUEBLO VIEJO,74.0,Preliminar
1997-12-01,24020230,PUEBLO VIEJO,42.0,Preliminar
1981-01-01,24025040,ESCUELA AGRICOLA MOGOTES,24.9,Preliminar
1981-02-01,24025040,ESCUELA AGRICOLA MOGOTES,152.2,Preliminar
1981-03-01,24025040,ESCUELA AGRICOLA MOGOTES,137.0,Preliminar
1981-04-01,24025040,ESCUELA AGRICOLA MOGOTES,458.1,Preliminar
1981-05-01,24025040,ESCUELA AGRICOLA MOGOTES,499.0,Preliminar
1981-06-01,24025040,ESCUELA AGRICOLA MOGOTES,306.2,Preliminar
1981-08-01,24025040,ESCUELA AGRICOLA MOGOTES,275.6,Preliminar
1981-09-01,24025040,ESCUELA AGRICOLA MOGOTES,264.4,Preliminar
1981-10-01,24025040,ESCUELA AGRICOLA MOGOTES,522.0,Preliminar
1981-11-01,24025040,ESCUELA AGRICOLA MOGOTES,162.6,Preliminar
1981-12-01,24025040,ESCUELA AGRICOLA MOGOTES,105.8,Preliminar
1982-01-01,24025040,ESCUELA AGRICOLA MOGOTES,23.6,Preliminar
1982-02-01,24025040,ESCUELA AGRICOLA MOGOTES,178.5,Preliminar
1982-03-01,24025040,ESCUELA AGRICOLA MOGOTES,157.0,Preliminar
1982-04-01,24025040,ESCUELA AGRICOLA MOGOTES,369.7,Preliminar
1982-05-01,24025040,ESCUELA AGRICOLA MOGOTES,346.3,Preliminar
1982-06-01,24025040,ESCUELA AGRICOLA MOGOTES,208.2,Preliminar
1982-07-01,24025040,ESCUELA AGRICOLA MOGOTES,183.3,Preliminar
1982-08-01,24025040,ESCUELA AGRICOLA MOGOTES,325.4,Preliminar
1982-09-01,24025040,ESCUELA AGRICOLA MOGOTES,244.9,Preliminar
1982-10-01,24025040,ESCUELA AGRICOLA MOGOTES,474.1,Preliminar
1982-11-01,24025040,ESCUELA AGRICOLA MOGOTES,152.9,Preliminar
1982-12-01,24025040,ESCUELA AGRICOLA MOGOTES,36.3,Preliminar
1983-01-01,24025040,ESCUELA AGRICOLA MOGOTES,27.3,Preliminar
1983-02-01,24025040,ESCUELA AGRICOLA MOGOTES,70.2,Preliminar
1983-03-01,24025040,ESCUELA AGRICOLA MOGOTES,41.2,Preliminar
1983-04-01,24025040,ESCUELA AGRICOLA MOGOTES,309.6,Preliminar
1983-05-01,24025040,ESCUELA AGRICOLA MOGOTES,279.2,Preliminar
1983-06-01,24025040,ESCUELA AGRICOLA MOGOTES,389.4,Preliminar
1983-07-01,24025040,ESCUELA AGRICOLA MOGOTES,167.4,Preliminar
1983-08-01,24025040,ESCUELA AGRICOLA MOGOTES,311.9,Preliminar
1983-09-01,24025040,ESCUELA AGRICOLA MOGOTES,265.1,Preliminar
1983-10-01,24025040,ESCUELA AGRICOLA MOGOTES,353.1,Preliminar
1983-11-01,24025040,ESCUELA AGRICOLA MOGOTES,109.9,Preliminar
1983-12-01,24025040,ESCUELA AGRICOLA MOGOTES,257.2,Preliminar
1984-01-01,24025040,ESCUELA AGRICOLA MOGOTES,78.9,Preliminar
1984-02-01,24025040,ESCUELA AGRICOLA MOGOTES,172.6,Preliminar
1984-03-01,24025040,ESCUELA AGRICOLA MOGOTES,49.4,Preliminar
1984-04-01,24025040,ESCUELA AGRICOLA MOGOTES,155.6,Preliminar
1984-05-01,24025040,ESCUELA AGRICOLA MOGOTES,402.6,Preliminar
1984-06-01,24025040,ESCUELA AGRICOLA MOGOTES,290.7,Preliminar
1984-07-01,24025040,ESCUELA AGRICOLA MOGOTES,274.0,Preliminar
1984-08-01,24025040,ESCUELA AGRICOLA MOGOTES,323.0,Preliminar
1984-09-01,24025040,ESCUELA AGRICOLA MOGOTES,309.0,Preliminar
1984-10-01,24025040,ESCUELA AGRICOLA MOGOTES,322.2,Preliminar
1984-11-01,24025040,ESCUELA AGRICOLA MOGOTES,115.0,Preliminar
1984-12-01,24025040,ESCUELA AGRICOLA MOGOTES,113.1,Preliminar
1985-01-01,24025040,ESCUELA AGRICOLA MOGOTES,20.7,Preliminar
1985-02-01,24025040,ESCUELA AGRICOLA MOGOTES,25.9,Preliminar
1985-03-01,24025040,ESCUELA AGRICOLA MOGOTES,171.6,Preliminar
1985-04-01,24025040,ESCUELA AGRICOLA MOGOTES,286.6,Preliminar
1985-05-01,24025040,ESCUELA AGRICOLA MOGOTES,258.5,Preliminar
1985-06-01,24025040,ESCUELA AGRICOLA MOGOTES,167.2,Preliminar
1985-07-01,24025040,ESCUELA AGRICOLA MOGOTES,313.6,Preliminar
1985-08-01,24025040,ESCUELA AGRICOLA MOGOTES,302.8,Preliminar
1985-09-01,24025040,ESCUELA AGRICOLA MOGOTES,413.1,Preliminar
1985-10-01,24025040,ESCUELA AGRICOLA MOGOTES,333.0,Preliminar
1985-11-01,24025040,ESCUELA AGRICOLA MOGOTES,225.0,Preliminar
1985-12-01,24025040,ESCUELA AGRICOLA MOGOTES,91.3,Preliminar
1986-01-01,24025040,ESCUELA AGRICOLA MOGOTES,104.7,Preliminar
1986-02-01,24025040,ESCUELA AGRICOLA MOGOTES,146.2,Preliminar
1986-03-01,24025040,ESCUELA AGRICOLA MOGOTES,103.5,Preliminar
1986-04-01,24025040,ESCUELA AGRICOLA MOGOTES,466.8,Preliminar
1986-05-01,24025040,ESCUELA AGRICOLA MOGOTES,273.7,Preliminar
1986-06-01,24025040,ESCUELA AGRICOLA MOGOTES,246.4,Preliminar
1986-07-01,24025040,ESCUELA AGRICOLA MOGOTES,339.0,Preliminar
1986-08-01,24025040,ESCUELA AGRICOLA MOGOTES,334.0,Preliminar
1986-09-01,24025040,ESCUELA AGRICOLA MOGOTES,236.9,Preliminar
1986-10-01,24025040,ESCUELA AGRICOLA MOGOTES,421.3,Preliminar
1986-11-01,24025040,ESCUELA AGRICOLA MOGOTES,316.5,Preliminar
1986-12-01,24025040,ESCUELA AGRICOLA MOGOTES,81.8,Preliminar
1987-01-01,24025040,ESCUELA AGRICOLA MOGOTES,52.6,Preliminar
1987-02-01,24025040,ESCUELA AGRICOLA MOGOTES,34.8,Preliminar
1987-03-01,24025040,ESCUELA AGRICOLA MOGOTES,92.9,Preliminar
1987-04-01,24025040,ESCUELA AGRICOLA MOGOTES,301.4,Preliminar
1987-05-01,24025040,ESCUELA AGRICOLA MOGOTES,342.8,Preliminar
1987-06-01,24025040,ESCUELA AGRICOLA MOGOTES,192.7,Preliminar
1987-07-01,24025040,ESCUELA AGRICOLA MOGOTES,339.0,Preliminar
1987-08-01,24025040,ESCUELA AGRICOLA MOGOTES,334.0,Preliminar
1987-09-01,24025040,ESCUELA AGRICOLA MOGOTES,236.9,Preliminar
1987-10-01,24025040,ESCUELA AGRICOLA MOGOTES,421.3,Preliminar
1987-11-01,24025040,ESCUELA AGRICOLA MOGOTES,243.5,Preliminar
1987-12-01,24025040,ESCUELA AGRICOLA MOGOTES,96.9,Preliminar
1988-01-01,24025040,ESCUELA AGRICOLA MOGOTES,33.5,Preliminar
1988-02-01,24025040,ESCUELA AGRICOLA MOGOTES,109.3,Preliminar
1988-03-01,24025040,ESCUELA AGRICOLA MOGOTES,27.0,Preliminar
1988-04-01,24025040,ESCUELA AGRICOLA MOGOTES,247.7,Preliminar
1988-05-01,24025040,ESCUELA AGRICOLA MOGOTES,295.8,Preliminar
1988-06-01,24025040,ESCUELA AGRICOLA MOGOTES,269.9,Preliminar
1988-07-01,24025040,ESCUELA AGRICOLA MOGOTES,326.7,Preliminar
1988-08-01,24025040,ESCUELA AGRICOLA MOGOTES,383.7,Preliminar
1988-09-01,24025040,ESCUELA AGRICOLA MOGOTES,215.1,Preliminar
1988-10-01,24025040,ESCUELA AGRICOLA MOGOTES,254.6,Preliminar
1988-11-01,24025040,ESCUELA AGRICOLA MOGOTES,435.1,Preliminar
1988-12-01,24025040,ESCUELA AGRICOLA MOGOTES,171.2,Preliminar
1989-01-01,24025040,ESCUELA AGRICOLA MOGOTES,174.3,Preliminar
1989-02-01,24025040,ESCUELA AGRICOLA MOGOTES,183.8,Preliminar
1989-03-01,24025040,ESCUELA AGRICOLA MOGOTES,123.9,Preliminar
1989-04-01,24025040,ESCUELA AGRICOLA MOGOTES,131.1,Preliminar
1989-05-01,24025040,ESCUELA AGRICOLA MOGOTES,369.2,Preliminar
1989-06-01,24025040,ESCUELA AGRICOLA MOGOTES,225.3,Preliminar
1989-07-01,24025040,ESCUELA AGRICOLA MOGOTES,187.9,Preliminar
1989-08-01,24025040,ESCUELA AGRICOLA MOGOTES,324.5,Preliminar
1989-09-01,24025040,ESCUELA AGRICOLA MOGOTES,433.6,Preliminar
1989-10-01,24025040,ESCUELA AGRICOLA MOGOTES,417.7,Preliminar
1989-11-01,24025040,ESCUELA AGRICOLA MOGOTES,184.8,Preliminar
1989-12-01,24025040,ESCUELA AGRICOLA MOGOTES,57.6,Preliminar
1990-01-01,24025040,ESCUELA AGRICOLA MOGOTES,171.7,Preliminar
1990-02-01,24025040,ESCUELA AGRICOLA MOGOTES,116.7,Preliminar
1990-03-01,24025040,ESCUELA AGRICOLA MOGOTES,202.3,Preliminar
1990-04-01,24025040,ESCUELA AGRICOLA MOGOTES,214.6,Preliminar
1990-05-01,24025040,ESCUELA AGRICOLA MOGOTES,330.1,Preliminar
1990-06-01,24025040,ESCUELA AGRICOLA MOGOTES,203.6,Preliminar
1990-07-01,24025040,ESCUELA AGRICOLA MOGOTES,265.4,Preliminar
1990-08-01,24025040,ESCUELA AGRICOLA MOGOTES,217.3,Preliminar
1990-09-01,24025040,ESCUELA AGRICOLA MOGOTES,187.8,Preliminar
1990-10-01,24025040,ESCUELA AGRICOLA MOGOTES,475.5,Preliminar
1990-11-01,24025040,ESCUELA AGRICOLA MOGOTES,178.3,Preliminar
1990-12-01,24025040,ESCUELA AGRICOLA MOGOTES,78.0,Preliminar
1991-01-01,24025040,ESCUELA AGRICOLA MOGOTES,8.5,Preliminar
1991-02-01,24025040,ESCUELA AGRICOLA MOGOTES,81.2,Preliminar
1991-03-01,24025040,ESCUELA AGRICOLA MOGOTES,119.0,Preliminar
1991-04-01,24025040,ESCUELA AGRICOLA MOGOTES,274.9,Preliminar
1991-05-01,24025040,ESCUELA AGRICOLA MOGOTES,351.3,Preliminar
1991-06-01,24025040,ESCUELA AGRICOLA MOGOTES,314.1,Preliminar
1991-07-01,24025040,ESCUELA AGRICOLA MOGOTES,286.8,Preliminar
1991-08-01,24025040,ESCUELA AGRICOLA MOGOTES,94.3,Preliminar
1991-09-01,24025040,ESCUELA AGRICOLA MOGOTES,295.9,Preliminar
1991-10-01,24025040,ESCUELA AGRICOLA MOGOTES,267.4,Preliminar
1991-11-01,24025040,ESCUELA AGRICOLA MOGOTES,218.3,Preliminar
1991-12-01,24025040,ESCUELA AGRICOLA MOGOTES,48.9,Preliminar
1992-01-01,24025040,ESCUELA AGRICOLA MOGOTES,31.6,Preliminar
1992-02-01,24025040,ESCUELA AGRICOLA MOGOTES,57.6,Preliminar
1992-03-01,24025040,ESCUELA AGRICOLA MOGOTES,87.9,Preliminar
1992-04-01,24025040,ESCUELA AGRICOLA MOGOTES,117.2,Preliminar
1992-05-01,24025040,ESCUELA AGRICOLA MOGOTES,288.9,Preliminar
1992-06-01,24025040,ESCUELA AGRICOLA MOGOTES,265.8,Preliminar
1992-07-01,24025040,ESCUELA AGRICOLA MOGOTES,140.8,Preliminar
1992-08-01,24025040,ESCUELA AGRICOLA MOGOTES,238.3,Preliminar
1992-09-01,24025040,ESCUELA AGRICOLA MOGOTES,226.1,Preliminar
1992-10-01,24025040,ESCUELA AGRICOLA MOGOTES,250.2,Preliminar
1992-11-01,24025040,ESCUELA AGRICOLA MOGOTES,191.0,Preliminar
1992-12-01,24025040,ESCUELA AGRICOLA MOGOTES,63.8,Preliminar
1993-01-01,24025040,ESCUELA AGRICOLA MOGOTES,131.7,Preliminar
1993-02-01,24025040,ESCUELA AGRICOLA MOGOTES,36.5,Preliminar
1993-03-01,24025040,ESCUELA AGRICOLA MOGOTES,343.5,Preliminar
1993-04-01,24025040,ESCUELA AGRICOLA MOGOTES,239.6,Preliminar
1993-05-01,24025040,ESCUELA AGRICOLA MOGOTES,273.8,Preliminar
1993-06-01,24025040,ESCUELA AGRICOLA MOGOTES,131.4,Preliminar
1993-07-01,24025040,ESCUELA AGRICOLA MOGOTES,203.4,Preliminar
1993-08-01,24025040,ESCUELA AGRICOLA MOGOTES,229.0,Preliminar
1993-09-01,24025040,ESCUELA AGRICOLA MOGOTES,449.7,Preliminar
1993-10-01,24025040,ESCUELA AGRICOLA MOGOTES,284.3,Preliminar
1993-11-01,24025040,ESCUELA AGRICOLA MOGOTES,218.0,Preliminar
1993-12-01,24025040,ESCUELA AGRICOLA MOGOTES,138.3,Preliminar
1994-01-01,24025040,ESCUELA AGRICOLA MOGOTES,32.6,Preliminar
1994-02-01,24025040,ESCUELA AGRICOLA MOGOTES,222.0,Preliminar
1994-03-01,24025040,ESCUELA AGRICOLA MOGOTES,158.5,Preliminar
1994-04-01,24025040,ESCUELA AGRICOLA MOGOTES,324.2,Preliminar
1994-05-01,24025040,ESCUELA AGRICOLA MOGOTES,334.4,Preliminar
1994-06-01,24025040,ESCUELA AGRICOLA MOGOTES,204.3,Preliminar
1994-07-01,24025040,ESCUELA AGRICOLA MOGOTES,130.1,Preliminar
1994-08-01,24025040,ESCUELA AGRICOLA MOGOTES,304.7,Preliminar
1994-09-01,24025040,ESCUELA AGRICOLA MOGOTES,371.9,Preliminar
1994-10-01,24025040,ESCUELA AGRICOLA MOGOTES,151.1,Preliminar
1994-11-01,24025040,ESCUELA AGRICOLA MOGOTES,381.6,Preliminar
1994-12-01,24025040,ESCUELA AGRICOLA MOGOTES,223.4,Preliminar
1995-01-01,24025040,ESCUELA AGRICOLA MOGOTES,21.2,Preliminar
1995-02-01,24025040,ESCUELA AGRICOLA MOGOTES,51.5,Preliminar
1995-03-01,24025040,ESCUELA AGRICOLA MOGOTES,142.3,Preliminar
1995-04-01,24025040,ESCUELA AGRICOLA MOGOTES,324.0,Preliminar
1995-05-01,24025040,ESCUELA AGRICOLA MOGOTES,284.3,Preliminar
1995-06-01,24025040,ESCUELA AGRICOLA MOGOTES,272.8,Preliminar
1995-07-01,24025040,ESCUELA AGRICOLA MOGOTES,335.8,Preliminar
1995-08-01,24025040,ESCUELA AGRICOLA MOGOTES,289.0,Preliminar
1995-09-01,24025040,ESCUELA AGRICOLA MOGOTES,361.9,Preliminar
1995-10-01,24025040,ESCUELA AGRICOLA MOGOTES,331.7,Preliminar
1995-11-01,24025040,ESCUELA AGRICOLA MOGOTES,193.7,Preliminar
1995-12-01,24025040,ESCUELA AGRICOLA MOGOTES,74.3,Preliminar
1996-01-01,24025040,ESCUELA AGRICOLA MOGOTES,46.4,Preliminar
1996-02-01,24025040,ESCUELA AGRICOLA MOGOTES,244.0,Preliminar
1996-03-01,24025040,ESCUELA AGRICOLA MOGOTES,242.6,Preliminar
1996-04-01,24025040,ESCUELA AGRICOLA MOGOTES,369.3,Preliminar
1996-05-01,24025040,ESCUELA AGRICOLA MOGOTES,295.2,Preliminar
1996-06-01,24025040,ESCUELA AGRICOLA MOGOTES,349.7,Preliminar
1996-07-01,24025040,ESCUELA AGRICOLA MOGOTES,179.9,Preliminar
1996-08-01,24025040,ESCUELA AGRICOLA MOGOTES,299.2,Preliminar
1996-09-01,24025040,ESCUELA AGRICOLA MOGOTES,218.1,Preliminar
1996-10-01,24025040,ESCUELA AGRICOLA MOGOTES,288.6,Preliminar
1996-11-01,24025040,ESCUELA AGRICOLA MOGOTES,172.2,Preliminar
1996-12-01,24025040,ESCUELA AGRICOLA MOGOTES,64.4,Preliminar
1997-01-01,24025040,ESCUELA AGRICOLA MOGOTES,50.3,Preliminar
1997-02-01,24025040,ESCUELA AGRICOLA MOGOTES,284.8,Preliminar
1997-03-01,24025040,ESCUELA AGRICOLA MOGOTES,75.1,Preliminar
1997-04-01,24025040,ESCUELA AGRICOLA MOGOTES,249.6,Preliminar
1997-05-01,24025040,ESCUELA AGRICOLA MOGOTES,427.0,Preliminar
1997-06-01,24025040,ESCUELA AGRICOLA MOGOTES,217.1,Preliminar
1997-07-01,24025040,ESCUELA AGRICOLA MOGOTES,68.7,Preliminar
1997-08-01,24025040,ESCUELA AGRICOLA MOGOTES,174.5,Preliminar
1997-09-01,24025040,ESCUELA AGRICOLA MOGOTES,322.7,Preliminar
1997-10-01,24025040,ESCUELA AGRICOLA MOGOTES,202.7,Preliminar
1997-11-01,24025040,ESCUELA AGRICOLA MOGOTES,127.5,Preliminar
1997-12-01,24025040,ESCUELA AGRICOLA MOGOTES,7.5,Preliminar
1981-01-01,24025050,CHARALÁ,86.0,Preliminar
1981-02-01,24025050,CHARALÁ,266.8,Preliminar
1981-03-01,24025050,CHARALÁ,163.5,Preliminar
1981-04-01,24025050,CHARALÁ,601.7,Preliminar
1981-05-01,24025050,CHARALÁ,537.7,Preliminar
1981-06-01,24025050,CHARALÁ,267.1,Preliminar
1981-07-01,24025050,CHARALÁ,184.4,Preliminar
1981-08-01,24025050,CHARALÁ,261.9,Preliminar
1981-09-01,24025050,CHARALÁ,160.1,Preliminar
1981-10-01,24025050,CHARALÁ,368.7,Preliminar
1981-11-01,24025050,CHARALÁ,125.2,Preliminar
1981-12-01,24025050,CHARALÁ,106.3,Preliminar
1982-01-01,24025050,CHARALÁ,110.2,Preliminar
1982-02-01,24025050,CHARALÁ,184.8,Preliminar
1982-03-01,24025050,CHARALÁ,247.4,Preliminar
1982-04-01,24025050,CHARALÁ,377.1,Preliminar
1982-05-01,24025050,CHARALÁ,407.5,Preliminar
1982-06-01,24025050,CHARALÁ,100.0,Preliminar
1982-07-01,24025050,CHARALÁ,153.0,Preliminar
1982-08-01,24025050,CHARALÁ,169.3,Preliminar
1982-09-01,24025050,CHARALÁ,278.8,Preliminar
1982-10-01,24025050,CHARALÁ,354.1,Preliminar
1982-11-01,24025050,CHARALÁ,128.1,Preliminar
1982-12-01,24025050,CHARALÁ,94.6,Preliminar
1983-01-01,24025050,CHARALÁ,37.3,Preliminar
1983-02-01,24025050,CHARALÁ,64.1,Preliminar
1983-03-01,24025050,CHARALÁ,181.1,Preliminar
1983-04-01,24025050,CHARALÁ,443.5,Preliminar
1983-05-01,24025050,CHARALÁ,323.9,Preliminar
1983-06-01,24025050,CHARALÁ,279.3,Preliminar
1983-07-01,24025050,CHARALÁ,92.0,Preliminar
1983-08-01,24025050,CHARALÁ,246.7,Preliminar
1983-09-01,24025050,CHARALÁ,135.9,Preliminar
1983-10-01,24025050,CHARALÁ,386.6,Preliminar
1983-11-01,24025050,CHARALÁ,172.1,Preliminar
1983-12-01,24025050,CHARALÁ,266.4,Preliminar
1984-01-01,24025050,CHARALÁ,55.3,Preliminar
1984-02-01,24025050,CHARALÁ,260.1,Preliminar
1984-03-01,24025050,CHARALÁ,113.9,Preliminar
1984-04-01,24025050,CHARALÁ,254.0,Preliminar
1984-05-01,24025050,CHARALÁ,266.2,Preliminar
1984-06-01,24025050,CHARALÁ,167.0,Preliminar
1984-07-01,24025050,CHARALÁ,170.9,Preliminar
1984-08-01,24025050,CHARALÁ,169.7,Preliminar
1984-09-01,24025050,CHARALÁ,352.7,Preliminar
1984-10-01,24025050,CHARALÁ,374.4,Preliminar
1984-11-01,24025050,CHARALÁ,173.3,Preliminar
1984-12-01,24025050,CHARALÁ,97.0,Preliminar
1985-01-01,24025050,CHARALÁ,50.9,Preliminar
1985-02-01,24025050,CHARALÁ,101.7,Preliminar
1985-03-01,24025050,CHARALÁ,123.7,Preliminar
1985-04-01,24025050,CHARALÁ,179.3,Preliminar
1985-05-01,24025050,CHARALÁ,179.0,Preliminar
1985-06-01,24025050,CHARALÁ,128.3,Preliminar
1985-07-01,24025050,CHARALÁ,98.0,Preliminar
1985-08-01,24025050,CHARALÁ,145.1,Preliminar
1985-09-01,24025050,CHARALÁ,240.1,Preliminar
1985-10-01,24025050,CHARALÁ,338.4,Preliminar
1985-11-01,24025050,CHARALÁ,123.5,Preliminar
1985-12-01,24025050,CHARALÁ,172.2,Preliminar
1986-01-01,24025050,CHARALÁ,93.9,Preliminar
1986-02-01,24025050,CHARALÁ,209.0,Preliminar
1986-03-01,24025050,CHARALÁ,155.7,Preliminar
1986-04-01,24025050,CHARALÁ,540.8,Preliminar
1986-06-01,24025050,CHARALÁ,97.8,Preliminar
1986-12-01,24025050,CHARALÁ,96.7,Preliminar
1987-01-01,24025050,CHARALÁ,101.9,Preliminar
1987-02-01,24025050,CHARALÁ,79.5,Preliminar
1987-03-01,24025050,CHARALÁ,204.1,Preliminar
1987-04-01,24025050,CHARALÁ,250.5,Preliminar
1987-05-01,24025050,CHARALÁ,236.8,Preliminar
1987-06-01,24025050,CHARALÁ,91.4,Preliminar
1987-07-01,24025050,CHARALÁ,318.6,Preliminar
1987-08-01,24025050,CHARALÁ,174.9,Preliminar
1987-09-01,24025050,CHARALÁ,297.5,Preliminar
1987-10-01,24025050,CHARALÁ,466.0,Preliminar
1987-11-01,24025050,CHARALÁ,337.2,Preliminar
1987-12-01,24025050,CHARALÁ,88.7,Preliminar
1988-01-01,24025050,CHARALÁ,55.5,Preliminar
1988-03-01,24025050,CHARALÁ,96.5,Preliminar
1988-04-01,24025050,CHARALÁ,373.3,Preliminar
1988-05-01,24025050,CHARALÁ,212.0,Preliminar
1988-06-01,24025050,CHARALÁ,151.0,Preliminar
1988-07-01,24025050,CHARALÁ,354.7,Preliminar
1988-08-01,24025050,CHARALÁ,417.5,Preliminar
1988-09-01,24025050,CHARALÁ,289.7,Preliminar
1988-10-01,24025050,CHARALÁ,434.1,Preliminar
1988-11-01,24025050,CHARALÁ,425.3,Preliminar
1988-12-01,24025050,CHARALÁ,189.3,Preliminar
1989-01-01,24025050,CHARALÁ,174.4,Preliminar
1989-02-01,24025050,CHARALÁ,241.6,Preliminar
1989-03-01,24025050,CHARALÁ,206.2,Preliminar
1989-04-01,24025050,CHARALÁ,194.3,Preliminar
1989-05-01,24025050,CHARALÁ,271.3,Preliminar
1989-06-01,24025050,CHARALÁ,141.1,Preliminar
1989-07-01,24025050,CHARALÁ,157.4,Preliminar
1989-08-01,24025050,CHARALÁ,224.3,Preliminar
1989-09-01,24025050,CHARALÁ,552.3,Preliminar
1989-10-01,24025050,CHARALÁ,291.8,Preliminar
1989-11-01,24025050,CHARALÁ,267.9,Preliminar
1989-12-01,24025050,CHARALÁ,77.7,Preliminar
1990-01-01,24025050,CHARALÁ,208.7,Preliminar
1990-02-01,24025050,CHARALÁ,87.2,Preliminar
1990-03-01,24025050,CHARALÁ,200.6,Preliminar
1990-04-01,24025050,CHARALÁ,282.4,Preliminar
1990-05-01,24025050,CHARALÁ,162.8,Preliminar
1990-06-01,24025050,CHARALÁ,188.0,Preliminar
1990-07-01,24025050,CHARALÁ,121.9,Preliminar
1990-08-01,24025050,CHARALÁ,176.7,Preliminar
1990-09-01,24025050,CHARALÁ,254.2,Preliminar
1990-10-01,24025050,CHARALÁ,591.0,Preliminar
1990-11-01,24025050,CHARALÁ,292.6,Preliminar
1990-12-01,24025050,CHARALÁ,58.4,Preliminar
1991-01-01,24025050,CHARALÁ,63.9,Preliminar
1991-02-01,24025050,CHARALÁ,105.1,Preliminar
1991-03-01,24025050,CHARALÁ,121.8,Preliminar
1991-04-01,24025050,CHARALÁ,283.0,Preliminar
1991-05-01,24025050,CHARALÁ,363.7,Preliminar
1991-06-01,24025050,CHARALÁ,166.8,Preliminar
1991-07-01,24025050,CHARALÁ,166.3,Preliminar
1991-08-01,24025050,CHARALÁ,118.1,Preliminar
1991-09-01,24025050,CHARALÁ,233.8,Preliminar
1991-10-01,24025050,CHARALÁ,271.9,Preliminar
1991-11-01,24025050,CHARALÁ,329.6,Preliminar
1991-12-01,24025050,CHARALÁ,20.5,Preliminar
1992-01-01,24025050,CHARALÁ,30.7,Preliminar
1992-02-01,24025050,CHARALÁ,150.8,Preliminar
1992-03-01,24025050,CHARALÁ,44.5,Preliminar
1992-04-01,24025050,CHARALÁ,276.1,Preliminar
1992-05-01,24025050,CHARALÁ,196.2,Preliminar
1992-06-01,24025050,CHARALÁ,189.4,Preliminar
1992-07-01,24025050,CHARALÁ,77.2,Preliminar
1992-08-01,24025050,CHARALÁ,186.2,Preliminar
1992-09-01,24025050,CHARALÁ,257.5,Preliminar
1992-10-01,24025050,CHARALÁ,274.1,Preliminar
1992-11-01,24025050,CHARALÁ,261.0,Preliminar
1992-12-01,24025050,CHARALÁ,183.7,Preliminar
1993-01-01,24025050,CHARALÁ,135.3,Preliminar
1993-02-01,24025050,CHARALÁ,45.3,Preliminar
1993-03-01,24025050,CHARALÁ,171.5,Preliminar
1993-04-01,24025050,CHARALÁ,344.8,Preliminar
1993-05-01,24025050,CHARALÁ,309.0,Preliminar
1993-06-01,24025050,CHARALÁ,77.3,Preliminar
1993-07-01,24025050,CHARALÁ,150.3,Preliminar
1993-08-01,24025050,CHARALÁ,236.0,Preliminar
1993-09-01,24025050,CHARALÁ,382.1,Preliminar
1993-10-01,24025050,CHARALÁ,277.7,Preliminar
1993-11-01,24025050,CHARALÁ,286.6,Preliminar
1993-12-01,24025050,CHARALÁ,220.6,Preliminar
1994-01-01,24025050,CHARALÁ,62.4,Preliminar
1994-02-01,24025050,CHARALÁ,214.9,Preliminar
1994-03-01,24025050,CHARALÁ,284.0,Preliminar
1994-04-01,24025050,CHARALÁ,343.9,Preliminar
1994-05-01,24025050,CHARALÁ,262.8,Preliminar
1994-06-01,24025050,CHARALÁ,159.2,Preliminar
1994-07-01,24025050,CHARALÁ,181.8,Preliminar
1994-08-01,24025050,CHARALÁ,163.3,Preliminar
1994-09-01,24025050,CHARALÁ,348.5,Preliminar
1994-10-01,24025050,CHARALÁ,268.5,Preliminar
1994-11-01,24025050,CHARALÁ,281.9,Preliminar
1994-12-01,24025050,CHARALÁ,88.5,Preliminar
1995-01-01,24025050,CHARALÁ,64.3,Preliminar
1995-02-01,24025050,CHARALÁ,58.8,Preliminar
1995-03-01,24025050,CHARALÁ,427.3,Preliminar
1995-04-01,24025050,CHARALÁ,142.8,Preliminar
1995-05-01,24025050,CHARALÁ,264.0,Preliminar
1995-06-01,24025050,CHARALÁ,227.9,Preliminar
1995-07-01,24025050,CHARALÁ,248.7,Preliminar
1995-08-01,24025050,CHARALÁ,147.1,Preliminar
1995-09-01,24025050,CHARALÁ,276.8,Preliminar
1995-10-01,24025050,CHARALÁ,479.2,Preliminar
1995-11-01,24025050,CHARALÁ,306.2,Preliminar
1995-12-01,24025050,CHARALÁ,174.6,Preliminar
1996-01-01,24025050,CHARALÁ,98.6,Preliminar
1996-02-01,24025050,CHARALÁ,286.5,Preliminar
1996-03-01,24025050,CHARALÁ,262.0,Preliminar
1996-04-01,24025050,CHARALÁ,345.1,Preliminar
1996-05-01,24025050,CHARALÁ,232.3,Preliminar
1996-06-01,24025050,CHARALÁ,280.3,Preliminar
1996-07-01,24025050,CHARALÁ,221.6,Preliminar
1996-08-01,24025050,CHARALÁ,221.1,Preliminar
1996-09-01,24025050,CHARALÁ,212.4,Preliminar
1996-10-01,24025050,CHARALÁ,330.5,Preliminar
1996-11-01,24025050,CHARALÁ,161.9,Preliminar
1996-12-01,24025050,CHARALÁ,108.7,Preliminar
1997-01-01,24025050,CHARALÁ,90.4,Preliminar
1997-02-01,24025050,CHARALÁ,298.9,Preliminar
1997-03-01,24025050,CHARALÁ,237.4,Preliminar
1997-04-01,24025050,CHARALÁ,193.5,Preliminar
1997-05-01,24025050,CHARALÁ,366.3,Preliminar
1997-06-01,24025050,CHARALÁ,264.1,Preliminar
1997-07-01,24025050,CHARALÁ,89.2,Preliminar
1997-08-01,24025050,CHARALÁ,134.7,Preliminar
1997-09-01,24025050,CHARALÁ,304.9,Preliminar
1997-10-01,24025050,CHARALÁ,173.3,Preliminar
1997-11-01,24025050,CHARALÁ,359.0,Preliminar
1997-12-01,24025050,CHARALÁ,46.5,Preliminar
1998-01-01,24020040,ENCINO,86.0,Preliminar
1998-02-01,24020040,ENCINO,221.0,Preliminar
1998-03-01,24020040,ENCINO,403.0,Preliminar
1998-04-01,24020040,ENCINO,331.0,Preliminar
1998-05-01,24020040,ENCINO,278.0,Preliminar
1998-06-01,24020040,ENCINO,97.0,Preliminar
1998-07-01,24020040,ENCINO,79.0,Preliminar
1998-08-01,24020040,ENCINO,201.0,Preliminar
1998-09-01,24020040,ENCINO,181.0,Preliminar
1998-10-01,24020040,ENCINO,391.0,Preliminar
1998-11-01,24020040,ENCINO,318.0,Preliminar
1998-12-01,24020040,ENCINO,444.0,Preliminar
1999-01-01,24020040,ENCINO,333.0,Preliminar
1999-02-01,24020040,ENCINO,668.0,Preliminar
1999-03-01,24020040,ENCINO,394.0,Preliminar
1999-04-01,24020040,ENCINO,301.0,Preliminar
1999-05-01,24020040,ENCINO,174.0,Preliminar
1999-06-01,24020040,ENCINO,176.0,Preliminar
1999-07-01,24020040,ENCINO,61.0,Preliminar
1999-08-01,24020040,ENCINO,108.0,Preliminar
1999-09-01,24020040,ENCINO,303.0,Preliminar
1999-10-01,24020040,ENCINO,310.0,Preliminar
1999-11-01,24020040,ENCINO,404.0,Preliminar
1999-12-01,24020040,ENCINO,378.0,Preliminar
2000-01-01,24020040,ENCINO,313.0,Preliminar
2000-02-01,24020040,ENCINO,410.0,Preliminar
2000-03-01,24020040,ENCINO,392.0,Preliminar
2000-04-01,24020040,ENCINO,326.0,Preliminar
2000-05-01,24020040,ENCINO,149.0,Preliminar
2000-06-01,24020040,ENCINO,171.0,Preliminar
2000-07-01,24020040,ENCINO,176.0,Preliminar
2000-08-01,24020040,ENCINO,117.0,Preliminar
2000-09-01,24020040,ENCINO,265.0,Preliminar
2000-10-01,24020040,ENCINO,244.0,Preliminar
2000-11-01,24020040,ENCINO,297.0,Preliminar
2000-12-01,24020040,ENCINO,169.0,Preliminar
2001-01-01,24020040,ENCINO,156.0,Preliminar
2001-02-01,24020040,ENCINO,244.0,Preliminar
2001-03-01,24020040,ENCINO,381.0,Preliminar
2001-04-01,24020040,ENCINO,301.0,Preliminar
2001-05-01,24020040,ENCINO,261.0,Preliminar
2001-06-01,24020040,ENCINO,85.0,Preliminar
2001-07-01,24020040,ENCINO,139.0,Preliminar
2001-08-01,24020040,ENCINO,45.0,Preliminar
2001-09-01,24020040,ENCINO,184.0,Preliminar
2001-10-01,24020040,ENCINO,404.0,Preliminar
2001-11-01,24020040,ENCINO,300.0,Preliminar
2001-12-01,24020040,ENCINO,355.0,Preliminar
2002-01-01,24020040,ENCINO,80.0,Preliminar
2002-02-01,24020040,ENCINO,177.0,Preliminar
2002-03-01,24020040,ENCINO,253.0,Preliminar
2002-04-01,24020040,ENCINO,504.0,Preliminar
2002-05-01,24020040,ENCINO,230.0,Preliminar
2002-06-01,24020040,ENCINO,157.0,Preliminar
2002-07-01,24020040,ENCINO,107.0,Preliminar
2002-08-01,24020040,ENCINO,68.0,Preliminar
2002-09-01,24020040,ENCINO,275.0,Preliminar
2002-10-01,24020040,ENCINO,167.0,Preliminar
2002-11-01,24020040,ENCINO,231.0,Preliminar
2002-12-01,24020040,ENCINO,324.0,Preliminar
2003-01-01,24020040,ENCINO,61.0,Preliminar
2003-03-01,24020040,ENCINO,301.0,Preliminar
2003-04-01,24020040,ENCINO,316.0,Preliminar
2003-05-01,24020040,ENCINO,249.0,Preliminar
2003-06-01,24020040,ENCINO,145.0,Preliminar
2003-07-01,24020040,ENCINO,132.0,Preliminar
2003-08-01,24020040,ENCINO,176.0,Preliminar
2003-09-01,24020040,ENCINO,430.0,Preliminar
2003-10-01,24020040,ENCINO,557.0,Preliminar
2003-11-01,24020040,ENCINO,664.0,Preliminar
2003-12-01,24020040,ENCINO,308.0,Preliminar
2004-01-01,24020040,ENCINO,196.0,Preliminar
2004-02-01,24020040,ENCINO,252.0,Preliminar
2004-03-01,24020040,ENCINO,332.0,Preliminar
2004-04-01,24020040,ENCINO,325.0,Preliminar
2004-05-01,24020040,ENCINO,385.0,Preliminar
2004-06-01,24020040,ENCINO,70.0,Preliminar
2004-07-01,24020040,ENCINO,161.0,Preliminar
2004-08-01,24020040,ENCINO,6.0,Preliminar
2004-09-01,24020040,ENCINO,283.0,Preliminar
2004-10-01,24020040,ENCINO,242.0,Preliminar
2004-11-01,24020040,ENCINO,483.0,Preliminar
2004-12-01,24020040,ENCINO,202.0,Preliminar
2005-01-01,24020040,ENCINO,296.0,Preliminar
2005-02-01,24020040,ENCINO,435.0,Preliminar
2005-03-01,24020040,ENCINO,258.0,Preliminar
2005-04-01,24020040,ENCINO,451.0,Preliminar
2005-05-01,24020040,ENCINO,202.0,Preliminar
2005-06-01,24020040,ENCINO,159.0,Preliminar
2005-07-01,24020040,ENCINO,73.0,Preliminar
2005-08-01,24020040,ENCINO,67.0,Preliminar
2005-09-01,24020040,ENCINO,88.0,Preliminar
2005-10-01,24020040,ENCINO,590.0,Preliminar
2005-11-01,24020040,ENCINO,425.0,Preliminar
2005-12-01,24020040,ENCINO,311.0,Preliminar
2006-01-01,24020040,ENCINO,241.0,Preliminar
2006-02-01,24020040,ENCINO,125.0,Preliminar
2006-03-01,24020040,ENCINO,448.0,Preliminar
2006-04-01,24020040,ENCINO,555.0,Preliminar
2006-05-01,24020040,ENCINO,410.0,Preliminar
2006-06-01,24020040,ENCINO,165.0,Preliminar
2006-07-01,24020040,ENCINO,27.0,Preliminar
2006-08-01,24020040,ENCINO,163.0,Preliminar
2006-09-01,24020040,ENCINO,232.0,Preliminar
2006-10-01,24020040,ENCINO,477.3,Preliminar
2006-11-01,24020040,ENCINO,669.2,Preliminar
2006-12-01,24020040,ENCINO,353.8,Preliminar
2007-01-01,24020040,ENCINO,328.7,Preliminar
2007-02-01,24020040,ENCINO,155.4,Preliminar
2007-03-01,24020040,ENCINO,544.0,Preliminar
2007-04-01,24020040,ENCINO,434.6,Preliminar
2007-05-01,24020040,ENCINO,281.9,Preliminar
2007-06-01,24020040,ENCINO,72.0,Preliminar
2007-07-01,24020040,ENCINO,136.9,Preliminar
2007-08-01,24020040,ENCINO,231.5,Preliminar
2007-09-01,24020040,ENCINO,212.2,Preliminar
2007-10-01,24020040,ENCINO,512.0,Preliminar
2007-11-01,24020040,ENCINO,348.3,Preliminar
2008-03-01,24020040,ENCINO,435.0,Preliminar
2008-04-01,24020040,ENCINO,264.2,Preliminar
2008-05-01,24020040,ENCINO,293.8,Preliminar
2008-06-01,24020040,ENCINO,127.6,Preliminar
2008-07-01,24020040,ENCINO,238.5,Preliminar
2008-08-01,24020040,ENCINO,237.5,Preliminar
2008-09-01,24020040,ENCINO,240.8,Preliminar
2008-10-01,24020040,ENCINO,344.8,Preliminar
2008-11-01,24020040,ENCINO,520.0,Preliminar
2008-12-01,24020040,ENCINO,149.8,Preliminar
2009-01-01,24020040,ENCINO,303.4,Preliminar
2009-02-01,24020040,ENCINO,329.4,Preliminar
2009-03-01,24020040,ENCINO,406.8,Preliminar
2009-04-01,24020040,ENCINO,336.2,Preliminar
2009-05-01,24020040,ENCINO,73.7,Preliminar
2009-08-01,24020040,ENCINO,50.4,Preliminar
2009-09-01,24020040,ENCINO,75.3,Preliminar
2009-10-01,24020040,ENCINO,289.5,Preliminar
2009-11-01,24020040,ENCINO,463.4,Preliminar
2009-12-01,24020040,ENCINO,260.8,Preliminar
2010-01-01,24020040,ENCINO,196.7,Preliminar
2010-02-01,24020040,ENCINO,163.8,Preliminar
2010-03-01,24020040,ENCINO,351.5,Preliminar
2010-04-01,24020040,ENCINO,311.9,Preliminar
2010-05-01,24020040,ENCINO,280.0,Preliminar
2010-06-01,24020040,ENCINO,257.6,Preliminar
2010-07-01,24020040,ENCINO,235.7,Preliminar
2010-08-01,24020040,ENCINO,172.4,Preliminar
2010-09-01,24020040,ENCINO,306.2,Preliminar
2010-10-01,24020040,ENCINO,332.4,Preliminar
2010-11-01,24020040,ENCINO,530.5,Preliminar
2010-12-01,24020040,ENCINO,179.7,Preliminar
2011-01-01,24020040,ENCINO,112.7,Preliminar
2011-02-01,24020040,ENCINO,284.2,Preliminar
2011-03-01,24020040,ENCINO,249.9,Preliminar
2011-04-01,24020040,ENCINO,392.0,Preliminar
2011-05-01,24020040,ENCINO,298.9,Preliminar
2011-06-01,24020040,ENCINO,132.0,Preliminar
2011-07-01,24020040,ENCINO,79.0,Preliminar
2011-08-01,24020040,ENCINO,266.0,Preliminar
2011-09-01,24020040,ENCINO,178.7,Preliminar
2011-10-01,24020040,ENCINO,307.3,Preliminar
2011-11-01,24020040,ENCINO,386.6,Preliminar
2011-12-01,24020040,ENCINO,492.0,Preliminar
2012-01-01,24020040,ENCINO,467.7,Preliminar
2012-02-01,24020040,ENCINO,155.3,Preliminar
2012-03-01,24020040,ENCINO,230.3,Preliminar
2012-04-01,24020040,ENCINO,473.5,Preliminar
2012-05-01,24020040,ENCINO,308.4,Preliminar
2012-06-01,24020040,ENCINO,125.2,Preliminar
2012-07-01,24020040,ENCINO,64.6,Preliminar
2012-08-01,24020040,ENCINO,195.3,Preliminar
2012-09-01,24020040,ENCINO,138.0,Preliminar
2012-10-01,24020040,ENCINO,376.2,Preliminar
2012-11-01,24020040,ENCINO,257.9,Preliminar
2012-12-01,24020040,ENCINO,178.2,Preliminar
2013-01-01,24020040,ENCINO,110.7,Preliminar
2013-02-01,24020040,ENCINO,540.1,Preliminar
2013-03-01,24020040,ENCINO,380.2,Preliminar
2013-04-01,24020040,ENCINO,382.2,Preliminar
2013-05-01,24020040,ENCINO,374.7,Preliminar
2013-06-01,24020040,ENCINO,68.6,Preliminar
2013-07-01,24020040,ENCINO,50.1,Preliminar
2013-08-01,24020040,ENCINO,222.7,Preliminar
2013-09-01,24020040,ENCINO,102.2,Preliminar
2013-10-01,24020040,ENCINO,264.8,Preliminar
2013-11-01,24020040,ENCINO,393.7,Preliminar
2013-12-01,24020040,ENCINO,323.2,Preliminar
2014-01-01,24020040,ENCINO,373.1,Preliminar
2014-02-01,24020040,ENCINO,323.3,Preliminar
2014-03-01,24020040,ENCINO,434.9,Preliminar
2014-04-01,24020040,ENCINO,269.1,Preliminar
2014-05-01,24020040,ENCINO,347.0,Preliminar
2014-06-01,24020040,ENCINO,24.8,Preliminar
2014-07-01,24020040,ENCINO,148.8,Preliminar
2014-08-01,24020040,ENCINO,131.6,Preliminar
2014-09-01,24020040,ENCINO,147.5,Preliminar
2014-10-01,24020040,ENCINO,388.2,Preliminar
2014-11-01,24020040,ENCINO,430.2,Preliminar
2014-12-01,24020040,ENCINO,231.1,Preliminar
2015-01-01,24020040,ENCINO,192.9,Preliminar
2015-02-01,24020040,ENCINO,248.1,Preliminar
2015-03-01,24020040,ENCINO,487.2,Preliminar
2015-04-01,24020040,ENCINO,403.3,Preliminar
2015-05-01,24020040,ENCINO,139.8,Preliminar
2015-06-01,24020040,ENCINO,34.7,Preliminar
2015-07-01,24020040,ENCINO,82.2,Preliminar
2015-08-01,24020040,ENCINO,135.1,Preliminar
2015-09-01,24020040,ENCINO,127.3,Preliminar
2015-10-01,24020040,ENCINO,386.2,Preliminar
2015-11-01,24020040,ENCINO,246.7,Preliminar
2015-12-01,24020040,ENCINO,132.0,Preliminar
2016-01-01,24020040,ENCINO,131.2,Preliminar
2016-02-01,24020040,ENCINO,206.2,Preliminar
2016-03-01,24020040,ENCINO,345.9,Preliminar
2016-04-01,24020040,ENCINO,546.4,Preliminar
2016-05-01,24020040,ENCINO,251.0,Preliminar
2016-06-01,24020040,ENCINO,73.0,Preliminar
2016-07-01,24020040,ENCINO,120.4,Preliminar
2016-08-01,24020040,ENCINO,90.8,Preliminar
2016-09-01,24020040,ENCINO,364.9,Preliminar
2016-10-01,24020040,ENCINO,626.4,Preliminar
2016-11-01,24020040,ENCINO,653.1,Preliminar
2016-12-01,24020040,ENCINO,873.4,Preliminar
2017-01-01,24020040,ENCINO,453.3,Preliminar
2017-02-01,24020040,ENCINO,537.0,Preliminar
2017-03-01,24020040,ENCINO,649.2,Preliminar
2017-04-01,24020040,ENCINO,535.4,Preliminar
2017-05-01,24020040,ENCINO,588.9,Preliminar
2017-06-01,24020040,ENCINO,932.0,Preliminar
2017-07-01,24020040,ENCINO,486.3,Preliminar
2017-08-01,24020040,ENCINO,581.2,Preliminar
2017-09-01,24020040,ENCINO,156.3,Preliminar
2017-10-01,24020040,ENCINO,346.0,Preliminar
2017-11-01,24020040,ENCINO,1071.1,Preliminar
2017-12-01,24020040,ENCINO,358.3,Preliminar
2018-01-01,24020040,ENCINO,305.4,Preliminar
2018-02-01,24020040,ENCINO,136.7,Preliminar
2018-03-01,24020040,ENCINO,504.0,Preliminar
2018-04-01,24020040,ENCINO,489.2,Preliminar
2018-05-01,24020040,ENCINO,603.2,Preliminar
2018-06-01,24020040,ENCINO,343.1,Preliminar
2018-07-01,24020040,ENCINO,178.6,Preliminar
2018-08-01,24020040,ENCINO,138.4,Preliminar
2018-09-01,24020040,ENCINO,290.6,Preliminar
2018-10-01,24020040,ENCINO,904.1,Preliminar
2018-11-01,24020040,ENCINO,812.5,Preliminar
2018-12-01,24020040,ENCINO,127.2,Preliminar
2019-01-01,24020040,ENCINO,148.0,Preliminar
2019-02-01,24020040,ENCINO,535.2,Preliminar
2019-03-01,24020040,ENCINO,542.5,Preliminar
2019-04-01,24020040,ENCINO,280.1,Preliminar
2019-05-01,24020040,ENCINO,241.7,Preliminar
2019-06-01,24020040,ENCINO,110.7,Preliminar
2019-07-01,24020040,ENCINO,136.5,Preliminar
2019-08-01,24020040,ENCINO,78.7,Preliminar
2019-09-01,24020040,ENCINO,172.5,Preliminar
2019-10-01,24020040,ENCINO,286.2,Preliminar
2019-11-01,24020040,ENCINO,336.2,Preliminar
2019-12-01,24020040,ENCINO,381.5,Preliminar
2020-01-01,24020040,ENCINO,164.4,Preliminar
2020-02-01,24020040,ENCINO,120.1,Preliminar
2020-03-01,24020040,ENCINO,386.7,Preliminar
2020-04-01,24020040,ENCINO,351.6,Preliminar
2020-05-01,24020040,ENCINO,267.7,Preliminar
2020-06-01,24020040,ENCINO,260.4,Preliminar
2020-07-01,24020040,ENCINO,192.1,Preliminar
2020-08-01,24020040,ENCINO,293.0,Preliminar
2020-09-01,24020040,ENCINO,184.2,Preliminar
2020-10-01,24020040,ENCINO,320.4,Preliminar
2020-11-01,24020040,ENCINO,394.1,Preliminar
2020-12-01,24020040,ENCINO,368.9,Preliminar
2021-01-01,24020040,ENCINO,32.1,Preliminar
2021-02-01,24020040,ENCINO,119.8,Preliminar
2021-03-01,24020040,ENCINO,423.3,Preliminar
2021-04-01,24020040,ENCINO,307.1,Preliminar
2021-05-01,24020040,ENCINO,242.0,Preliminar
2021-06-01,24020040,ENCINO,118.0,Preliminar
2021-07-01,24020040,ENCINO,79.2,Preliminar
2021-08-01,24020040,ENCINO,142.8,Preliminar
2021-09-01,24020040,ENCINO,232.5,Preliminar
2021-10-01,24020040,ENCINO,381.7,Preliminar
2021-11-01,24020040,ENCINO,250.6,Preliminar
2021-12-01,24020040,ENCINO,242.4,Preliminar
2022-01-01,24020040,ENCINO,182.4,Preliminar
2022-02-01,24020040,ENCINO,291.2,Preliminar
2022-03-01,24020040,ENCINO,436.0,Preliminar
2022-04-01,24020040,ENCINO,386.5,Preliminar
2022-05-01,24020040,ENCINO,313.4,Preliminar
2022-06-01,24020040,ENCINO,257.3,Preliminar
2022-07-01,24020040,ENCINO,148.4,Preliminar
2022-08-01,24020040,ENCINO,147.4,Preliminar
2022-09-01,24020040,ENCINO,336.6,Preliminar
2022-10-01,24020040,ENCINO,459.6,Preliminar
2022-11-01,24020040,ENCINO,345.9,Preliminar
2022-12-01,24020040,ENCINO,348.4,Preliminar
1998-01-01,24020080,VALLE DE SAN JOSE,1.0,Preliminar
1998-02-01,24020080,VALLE DE SAN JOSE,35.0,Preliminar
1998-03-01,24020080,VALLE DE SAN JOSE,82.0,Preliminar
1998-04-01,24020080,VALLE DE SAN JOSE,118.0,Preliminar
1998-05-01,24020080,VALLE DE SAN JOSE,254.0,Preliminar
1998-06-01,24020080,VALLE DE SAN JOSE,185.0,Preliminar
1998-07-01,24020080,VALLE DE SAN JOSE,315.0,Preliminar
1998-08-01,24020080,VALLE DE SAN JOSE,273.0,Preliminar
1998-09-01,24020080,VALLE DE SAN JOSE,235.0,Preliminar
1998-10-01,24020080,VALLE DE SAN JOSE,406.0,Preliminar
1998-11-01,24020080,VALLE DE SAN JOSE,120.0,Preliminar
1998-12-01,24020080,VALLE DE SAN JOSE,116.0,Preliminar
1999-01-01,24020080,VALLE DE SAN JOSE,44.0,Preliminar
1999-02-01,24020080,VALLE DE SAN JOSE,96.0,Preliminar
1999-03-01,24020080,VALLE DE SAN JOSE,104.0,Preliminar
1999-04-01,24020080,VALLE DE SAN JOSE,267.0,Preliminar
1999-05-01,24020080,VALLE DE SAN JOSE,296.0,Preliminar
1999-06-01,24020080,VALLE DE SAN JOSE,386.0,Preliminar
1999-07-01,24020080,VALLE DE SAN JOSE,313.0,Preliminar
1999-08-01,24020080,VALLE DE SAN JOSE,251.0,Preliminar
1999-09-01,24020080,VALLE DE SAN JOSE,355.0,Preliminar
1999-10-01,24020080,VALLE DE SAN JOSE,269.0,Preliminar
1999-11-01,24020080,VALLE DE SAN JOSE,215.0,Preliminar
1999-12-01,24020080,VALLE DE SAN JOSE,45.0,Preliminar
2000-01-01,24020080,VALLE DE SAN JOSE,10.0,Preliminar
2000-02-01,24020080,VALLE DE SAN JOSE,129.0,Preliminar
2000-03-01,24020080,VALLE DE SAN JOSE,83.0,Preliminar
2000-04-01,24020080,VALLE DE SAN JOSE,167.0,Preliminar
2000-05-01,24020080,VALLE DE SAN JOSE,177.0,Preliminar
2000-06-01,24020080,VALLE DE SAN JOSE,210.0,Preliminar
2000-07-01,24020080,VALLE DE SAN JOSE,178.0,Preliminar
2000-08-01,24020080,VALLE DE SAN JOSE,192.0,Preliminar
2000-09-01,24020080,VALLE DE SAN JOSE,222.0,Preliminar
2000-10-01,24020080,VALLE DE SAN JOSE,169.0,Preliminar
2000-11-01,24020080,VALLE DE SAN JOSE,141.0,Preliminar
2000-12-01,24020080,VALLE DE SAN JOSE,23.0,Preliminar
2001-02-01,24020080,VALLE DE SAN JOSE,27.0,Preliminar
2001-03-01,24020080,VALLE DE SAN JOSE,137.0,Preliminar
2001-04-01,24020080,VALLE DE SAN JOSE,169.0,Preliminar
2001-05-01,24020080,VALLE DE SAN JOSE,187.0,Preliminar
2001-06-01,24020080,VALLE DE SAN JOSE,252.0,Preliminar
2001-07-01,24020080,VALLE DE SAN JOSE,143.0,Preliminar
2001-08-01,24020080,VALLE DE SAN JOSE,174.0,Preliminar
2001-09-01,24020080,VALLE DE SAN JOSE,200.0,Preliminar
2001-10-01,24020080,VALLE DE SAN JOSE,100.0,Preliminar
2001-11-01,24020080,VALLE DE SAN JOSE,168.0,Preliminar
2001-12-01,24020080,VALLE DE SAN JOSE,74.0,Preliminar
2002-01-01,24020080,VALLE DE SAN JOSE,34.0,Preliminar
2002-02-01,24020080,VALLE DE SAN JOSE,19.0,Preliminar
2002-03-01,24020080,VALLE DE SAN JOSE,131.0,Preliminar
2002-04-01,24020080,VALLE DE SAN JOSE,225.0,Preliminar
2002-05-01,24020080,VALLE DE SAN JOSE,326.0,Preliminar
2002-06-01,24020080,VALLE DE SAN JOSE,274.0,Preliminar
2002-07-01,24020080,VALLE DE SAN JOSE,97.0,Preliminar
2002-08-01,24020080,VALLE DE SAN JOSE,128.0,Preliminar
2002-09-01,24020080,VALLE DE SAN JOSE,192.0,Preliminar
2002-10-01,24020080,VALLE DE SAN JOSE,275.0,Preliminar
2002-11-01,24020080,VALLE DE SAN JOSE,154.0,Preliminar
2002-12-01,24020080,VALLE DE SAN JOSE,20.0,Preliminar
2003-01-01,24020080,VALLE DE SAN JOSE,22.0,Preliminar
2003-02-01,24020080,VALLE DE SAN JOSE,25.0,Preliminar
2003-03-01,24020080,VALLE DE SAN JOSE,147.0,Preliminar
2003-04-01,24020080,VALLE DE SAN JOSE,282.0,Preliminar
2003-05-01,24020080,VALLE DE SAN JOSE,268.0,Preliminar
2003-06-01,24020080,VALLE DE SAN JOSE,230.0,Preliminar
2003-07-01,24020080,VALLE DE SAN JOSE,146.0,Preliminar
2003-08-01,24020080,VALLE DE SAN JOSE,219.0,Preliminar
2003-09-01,24020080,VALLE DE SAN JOSE,256.0,Preliminar
2003-10-01,24020080,VALLE DE SAN JOSE,287.0,Preliminar
2003-11-01,24020080,VALLE DE SAN JOSE,166.0,Preliminar
2003-12-01,24020080,VALLE DE SAN JOSE,13.0,Preliminar
2004-02-01,24020080,VALLE DE SAN JOSE,38.0,Preliminar
2004-03-01,24020080,VALLE DE SAN JOSE,89.0,Preliminar
2004-04-01,24020080,VALLE DE SAN JOSE,283.0,Preliminar
2004-05-01,24020080,VALLE DE SAN JOSE,414.0,Preliminar
2004-06-01,24020080,VALLE DE SAN JOSE,266.0,Preliminar
2004-07-01,24020080,VALLE DE SAN JOSE,209.0,Preliminar
2004-08-01,24020080,VALLE DE SAN JOSE,219.0,Preliminar
2004-09-01,24020080,VALLE DE SAN JOSE,224.0,Preliminar
2004-10-01,24020080,VALLE DE SAN JOSE,333.0,Preliminar
2004-11-01,24020080,VALLE DE SAN JOSE,139.0,Preliminar
2004-12-01,24020080,VALLE DE SAN JOSE,25.0,Preliminar
2005-01-01,24020080,VALLE DE SAN JOSE,183.0,Preliminar
2005-02-01,24020080,VALLE DE SAN JOSE,156.0,Preliminar
2005-03-01,24020080,VALLE DE SAN JOSE,5.0,Preliminar
2005-04-01,24020080,VALLE DE SAN JOSE,317.0,Preliminar
2005-05-01,24020080,VALLE DE SAN JOSE,159.0,Preliminar
2005-06-01,24020080,VALLE DE SAN JOSE,162.0,Preliminar
2005-07-01,24020080,VALLE DE SAN JOSE,209.0,Preliminar
2005-08-01,24020080,VALLE DE SAN JOSE,250.0,Preliminar
2005-09-01,24020080,VALLE DE SAN JOSE,293.0,Preliminar
2005-10-01,24020080,VALLE DE SAN JOSE,321.0,Preliminar
2005-11-01,24020080,VALLE DE SAN JOSE,270.0,Preliminar
2005-12-01,24020080,VALLE DE SAN JOSE,19.0,Preliminar
2006-01-01,24020080,VALLE DE SAN JOSE,27.0,Preliminar
2006-02-01,24020080,VALLE DE SAN JOSE,2.0,Preliminar
2006-03-01,24020080,VALLE DE SAN JOSE,284.0,Preliminar
2006-04-01,24020080,VALLE DE SAN JOSE,218.0,Preliminar
2006-05-01,24020080,VALLE DE SAN JOSE,385.0,Preliminar
2006-06-01,24020080,VALLE DE SAN JOSE,267.0,Preliminar
2006-07-01,24020080,VALLE DE SAN JOSE,281.0,Preliminar
2006-08-01,24020080,VALLE DE SAN JOSE,324.0,Preliminar
2006-09-01,24020080,VALLE DE SAN JOSE,312.0,Preliminar
2006-10-01,24020080,VALLE DE SAN JOSE,256.3,Preliminar
2006-11-01,24020080,VALLE DE SAN JOSE,237.6,Preliminar
2006-12-01,24020080,VALLE DE SAN JOSE,13.5,Preliminar
2007-01-01,24020080,VALLE DE SAN JOSE,46.0,Preliminar
2007-02-01,24020080,VALLE DE SAN JOSE,29.3,Preliminar
2007-03-01,24020080,VALLE DE SAN JOSE,188.5,Preliminar
2007-04-01,24020080,VALLE DE SAN JOSE,333.9,Preliminar
2007-05-01,24020080,VALLE DE SAN JOSE,445.8,Preliminar
2007-06-01,24020080,VALLE DE SAN JOSE,358.7,Preliminar
2007-07-01,24020080,VALLE DE SAN JOSE,263.5,Preliminar
2007-08-01,24020080,VALLE DE SAN JOSE,349.2,Preliminar
2007-09-01,24020080,VALLE DE SAN JOSE,224.9,Preliminar
2007-10-01,24020080,VALLE DE SAN JOSE,385.4,Preliminar
2007-11-01,24020080,VALLE DE SAN JOSE,190.5,Preliminar
2007-12-01,24020080,VALLE DE SAN JOSE,108.5,Preliminar
2008-01-01,24020080,VALLE DE SAN JOSE,62.7,Preliminar
2008-02-01,24020080,VALLE DE SAN JOSE,76.4,Preliminar
2008-03-01,24020080,VALLE DE SAN JOSE,15.6,Preliminar
2008-04-01,24020080,VALLE DE SAN JOSE,194.4,Preliminar
2008-05-01,24020080,VALLE DE SAN JOSE,419.3,Preliminar
2008-06-01,24020080,VALLE DE SAN JOSE,220.4,Preliminar
2008-07-01,24020080,VALLE DE SAN JOSE,227.9,Preliminar
2008-08-01,24020080,VALLE DE SAN JOSE,153.1,Preliminar
2008-09-01,24020080,VALLE DE SAN JOSE,135.0,Preliminar
2008-10-01,24020080,VALLE DE SAN JOSE,200.6,Preliminar
2008-11-01,24020080,VALLE DE SAN JOSE,87.3,Preliminar
2008-12-01,24020080,VALLE DE SAN JOSE,8.9,Preliminar
2009-01-01,24020080,VALLE DE SAN JOSE,34.9,Preliminar
2009-02-01,24020080,VALLE DE SAN JOSE,87.3,Preliminar
2009-03-01,24020080,VALLE DE SAN JOSE,249.2,Preliminar
2009-04-01,24020080,VALLE DE SAN JOSE,70.8,Preliminar
2009-05-01,24020080,VALLE DE SAN JOSE,93.0,Preliminar
2009-06-01,24020080,VALLE DE SAN JOSE,151.7,Preliminar
2009-07-01,24020080,VALLE DE SAN JOSE,236.1,Preliminar
2009-08-01,24020080,VALLE DE SAN JOSE,508.2,Preliminar
2009-09-01,24020080,VALLE DE SAN JOSE,104.7,Preliminar
2009-10-01,24020080,VALLE DE SAN JOSE,169.7,Preliminar
2009-11-01,24020080,VALLE DE SAN JOSE,161.0,Preliminar
2009-12-01,24020080,VALLE DE SAN JOSE,83.7,Preliminar
2010-02-01,24020080,VALLE DE SAN JOSE,70.8,Preliminar
2010-03-01,24020080,VALLE DE SAN JOSE,100.4,Preliminar
2010-04-01,24020080,VALLE DE SAN JOSE,249.9,Preliminar
2010-05-01,24020080,VALLE DE SAN JOSE,247.6,Preliminar
2010-06-01,24020080,VALLE DE SAN JOSE,257.8,Preliminar
2010-07-01,24020080,VALLE DE SAN JOSE,283.4,Preliminar
2010-08-01,24020080,VALLE DE SAN JOSE,211.8,Preliminar
2010-09-01,24020080,VALLE DE SAN JOSE,338.3,Preliminar
2010-10-01,24020080,VALLE DE SAN JOSE,218.0,Preliminar
2010-11-01,24020080,VALLE DE SAN JOSE,177.4,Preliminar
2010-12-01,24020080,VALLE DE SAN JOSE,22.8,Preliminar
2011-01-01,24020080,VALLE DE SAN JOSE,25.3,Preliminar
2011-02-01,24020080,VALLE DE SAN JOSE,54.4,Preliminar
2011-03-01,24020080,VALLE DE SAN JOSE,376.5,Preliminar
2011-04-01,24020080,VALLE DE SAN JOSE,412.1,Preliminar
2011-05-01,24020080,VALLE DE SAN JOSE,252.1,Preliminar
2011-06-01,24020080,VALLE DE SAN JOSE,224.0,Preliminar
2011-07-01,24020080,VALLE DE SAN JOSE,133.2,Preliminar
2011-08-01,24020080,VALLE DE SAN JOSE,215.9,Preliminar
2011-09-01,24020080,VALLE DE SAN JOSE,190.3,Preliminar
2011-10-01,24020080,VALLE DE SAN JOSE,239.9,Preliminar
2011-11-01,24020080,VALLE DE SAN JOSE,222.8,Preliminar
2011-12-01,24020080,VALLE DE SAN JOSE,69.0,Preliminar
2012-01-01,24020080,VALLE DE SAN JOSE,11.4,Preliminar
2012-02-01,24020080,VALLE DE SAN JOSE,27.0,Preliminar
2012-03-01,24020080,VALLE DE SAN JOSE,294.4,Preliminar
2012-04-01,24020080,VALLE DE SAN JOSE,334.2,Preliminar
2012-05-01,24020080,VALLE DE SAN JOSE,156.9,Preliminar
2012-06-01,24020080,VALLE DE SAN JOSE,173.3,Preliminar
2012-07-01,24020080,VALLE DE SAN JOSE,121.4,Preliminar
2012-08-01,24020080,VALLE DE SAN JOSE,190.7,Preliminar
2012-09-01,24020080,VALLE DE SAN JOSE,152.3,Preliminar
2012-10-01,24020080,VALLE DE SAN JOSE,197.6,Preliminar
2012-11-01,24020080,VALLE DE SAN JOSE,60.7,Preliminar
2012-12-01,24020080,VALLE DE SAN JOSE,8.3,Preliminar
2013-01-01,24020080,VALLE DE SAN JOSE,5.1,Preliminar
2013-02-01,24020080,VALLE DE SAN JOSE,66.8,Preliminar
2013-03-01,24020080,VALLE DE SAN JOSE,85.1,Preliminar
2013-04-01,24020080,VALLE DE SAN JOSE,204.0,Preliminar
2013-05-01,24020080,VALLE DE SAN JOSE,259.5,Preliminar
2013-06-01,24020080,VALLE DE SAN JOSE,117.6,Preliminar
2013-07-01,24020080,VALLE DE SAN JOSE,135.3,Preliminar
2013-08-01,24020080,VALLE DE SAN JOSE,196.0,Preliminar
2013-09-01,24020080,VALLE DE SAN JOSE,98.0,Preliminar
2013-10-01,24020080,VALLE DE SAN JOSE,232.0,Preliminar
2013-11-01,24020080,VALLE DE SAN JOSE,99.3,Preliminar
2013-12-01,24020080,VALLE DE SAN JOSE,85.9,Preliminar
2014-01-01,24020080,VALLE DE SAN JOSE,21.5,Preliminar
2014-02-01,24020080,VALLE DE SAN JOSE,41.7,Preliminar
2014-03-01,24020080,VALLE DE SAN JOSE,54.2,Preliminar
2014-04-01,24020080,VALLE DE SAN JOSE,234.1,Preliminar
2014-05-01,24020080,VALLE DE SAN JOSE,217.8,Preliminar
2014-06-01,24020080,VALLE DE SAN JOSE,131.7,Preliminar
2014-07-01,24020080,VALLE DE SAN JOSE,186.9,Preliminar
2014-08-01,24020080,VALLE DE SAN JOSE,283.7,Preliminar
2014-09-01,24020080,VALLE DE SAN JOSE,199.0,Preliminar
2014-10-01,24020080,VALLE DE SAN JOSE,261.9,Preliminar
2014-11-01,24020080,VALLE DE SAN JOSE,174.6,Preliminar
2014-12-01,24020080,VALLE DE SAN JOSE,74.4,Preliminar
2015-01-01,24020080,VALLE DE SAN JOSE,27.7,Preliminar
2015-02-01,24020080,VALLE DE SAN JOSE,109.3,Preliminar
2015-03-01,24020080,VALLE DE SAN JOSE,187.0,Preliminar
2015-04-01,24020080,VALLE DE SAN JOSE,381.8,Preliminar
2015-05-01,24020080,VALLE DE SAN JOSE,187.4,Preliminar
2015-06-01,24020080,VALLE DE SAN JOSE,79.8,Preliminar
2015-07-01,24020080,VALLE DE SAN JOSE,149.6,Preliminar
2015-08-01,24020080,VALLE DE SAN JOSE,246.8,Preliminar
2015-09-01,24020080,VALLE DE SAN JOSE,211.9,Preliminar
2015-10-01,24020080,VALLE DE SAN JOSE,191.4,Preliminar
2015-11-01,24020080,VALLE DE SAN JOSE,92.2,Preliminar
2015-12-01,24020080,VALLE DE SAN JOSE,52.1,Preliminar
2016-01-01,24020080,VALLE DE SAN JOSE,11.7,Preliminar
2016-02-01,24020080,VALLE DE SAN JOSE,14.4,Preliminar
2016-03-01,24020080,VALLE DE SAN JOSE,88.0,Preliminar
2016-04-01,24020080,VALLE DE SAN JOSE,288.7,Preliminar
2016-05-01,24020080,VALLE DE SAN JOSE,240.1,Preliminar
2016-06-01,24020080,VALLE DE SAN JOSE,187.2,Preliminar
2016-07-01,24020080,VALLE DE SAN JOSE,245.0,Preliminar
2016-08-01,24020080,VALLE DE SAN JOSE,242.8,Preliminar
2016-09-01,24020080,VALLE DE SAN JOSE,155.9,Preliminar
2016-10-01,24020080,VALLE DE SAN JOSE,284.7,Preliminar
2016-11-01,24020080,VALLE DE SAN JOSE,145.1,Preliminar
2016-12-01,24020080,VALLE DE SAN JOSE,150.1,Preliminar
2017-01-01,24020080,VALLE DE SAN JOSE,30.3,Preliminar
2017-02-01,24020080,VALLE DE SAN JOSE,36.1,Preliminar
2017-03-01,24020080,VALLE DE SAN JOSE,352.4,Preliminar
2017-04-01,24020080,VALLE DE SAN JOSE,146.1,Preliminar
2017-05-01,24020080,VALLE DE SAN JOSE,318.2,Preliminar
2017-06-01,24020080,VALLE DE SAN JOSE,228.5,Preliminar
2017-07-01,24020080,VALLE DE SAN JOSE,328.6,Preliminar
2017-08-01,24020080,VALLE DE SAN JOSE,132.7,Preliminar
2017-09-01,24020080,VALLE DE SAN JOSE,207.6,Preliminar
2017-10-01,24020080,VALLE DE SAN JOSE,182.9,Preliminar
2017-11-01,24020080,VALLE DE SAN JOSE,113.6,Preliminar
2017-12-01,24020080,VALLE DE SAN JOSE,0.0,Preliminar
2018-01-01,24020080,VALLE DE SAN JOSE,90.5,Preliminar
2018-02-01,24020080,VALLE DE SAN JOSE,23.8,Preliminar
2018-03-01,24020080,VALLE DE SAN JOSE,193.3,Preliminar
2018-04-01,24020080,VALLE DE SAN JOSE,234.8,Preliminar
2018-05-01,24020080,VALLE DE SAN JOSE,355.3,Preliminar
2018-06-01,24020080,VALLE DE SAN JOSE,213.2,Preliminar
2018-07-01,24020080,VALLE DE SAN JOSE,273.3,Preliminar
2018-08-01,24020080,VALLE DE SAN JOSE,167.3,Preliminar
2018-09-01,24020080,VALLE DE SAN JOSE,169.8,Preliminar
2018-10-01,24020080,VALLE DE SAN JOSE,326.3,Preliminar
2018-11-01,24020080,VALLE DE SAN JOSE,115.3,Preliminar
2019-01-01,24020080,VALLE DE SAN JOSE,58.9,Preliminar
2019-02-01,24020080,VALLE DE SAN JOSE,56.7,Preliminar
2019-03-01,24020080,VALLE DE SAN JOSE,74.6,Preliminar
2019-04-01,24020080,VALLE DE SAN JOSE,142.0,Preliminar
2019-05-01,24020080,VALLE DE SAN JOSE,318.6,Preliminar
2019-06-01,24020080,VALLE DE SAN JOSE,147.3,Preliminar
2019-07-01,24020080,VALLE DE SAN JOSE,183.1,Preliminar
2019-08-01,24020080,VALLE DE SAN JOSE,225.9,Preliminar
2019-09-01,24020080,VALLE DE SAN JOSE,231.9,Preliminar
2019-10-01,24020080,VALLE DE SAN JOSE,236.8,Preliminar
2019-11-01,24020080,VALLE DE SAN JOSE,71.9,Preliminar
2019-12-01,24020080,VALLE DE SAN JOSE,37.9,Preliminar
2020-01-01,24020080,VALLE DE SAN JOSE,20.4,Preliminar
2020-02-01,24020080,VALLE DE SAN JOSE,3.1,Preliminar
2020-03-01,24020080,VALLE DE SAN JOSE,160.0,Preliminar
2020-04-01,24020080,VALLE DE SAN JOSE,100.2,Preliminar
2020-05-01,24020080,VALLE DE SAN JOSE,215.9,Preliminar
2020-06-01,24020080,VALLE DE SAN JOSE,440.9,Preliminar
2020-07-01,24020080,VALLE DE SAN JOSE,276.4,Preliminar
2020-08-01,24020080,VALLE DE SAN JOSE,183.7,Preliminar
2020-09-01,24020080,VALLE DE SAN JOSE,368.3,Preliminar
2020-10-01,24020080,VALLE DE SAN JOSE,313.4,Preliminar
2020-11-01,24020080,VALLE DE SAN JOSE,303.2,Preliminar
2020-12-01,24020080,VALLE DE SAN JOSE,9.0,Preliminar
2021-01-01,24020080,VALLE DE SAN JOSE,32.4,Preliminar
2021-02-01,24020080,VALLE DE SAN JOSE,77.7,Preliminar
2021-03-01,24020080,VALLE DE SAN JOSE,192.5,Preliminar
2021-04-01,24020080,VALLE DE SAN JOSE,211.0,Preliminar
2021-05-01,24020080,VALLE DE SAN JOSE,179.6,Preliminar
2021-06-01,24020080,VALLE DE SAN JOSE,267.8,Preliminar
2021-07-01,24020080,VALLE DE SAN JOSE,322.8,Preliminar
2021-08-01,24020080,VALLE DE SAN JOSE,331.8,Preliminar
2021-09-01,24020080,VALLE DE SAN JOSE,376.4,Preliminar
2021-10-01,24020080,VALLE DE SAN JOSE,183.7,Preliminar
2021-11-01,24020080,VALLE DE SAN JOSE,76.6,Preliminar
2021-12-01,24020080,VALLE DE SAN JOSE,0.0,Preliminar
2022-02-01,24020080,VALLE DE SAN JOSE,62.6,Preliminar
2022-03-01,24020080,VALLE DE SAN JOSE,238.3,Preliminar
2022-04-01,24020080,VALLE DE SAN JOSE,323.5,Preliminar
2022-05-01,24020080,VALLE DE SAN JOSE,296.8,Preliminar
2022-06-01,24020080,VALLE DE SAN JOSE,427.8,Preliminar
2022-07-01,24020080,VALLE DE SAN JOSE,240.7,Preliminar
2022-08-01,24020080,VALLE DE SAN JOSE,321.9,Preliminar
2022-09-01,24020080,VALLE DE SAN JOSE,439.0,Preliminar
2022-10-01,24020080,VALLE DE SAN JOSE,281.3,Preliminar
2022-11-01,24020080,VALLE DE SAN JOSE,277.0,Preliminar
1998-01-01,24020120,COROMORO,91.0,Definitivo
1998-02-01,24020120,COROMORO,214.0,Definitivo
1998-03-01,24020120,COROMORO,327.0,Definitivo
1998-04-01,24020120,COROMORO,440.0,Definitivo
1998-05-01,24020120,COROMORO,430.0,Definitivo
1998-06-01,24020120,COROMORO,64.0,Definitivo
1998-07-01,24020120,COROMORO,152.0,Definitivo
1998-08-01,24020120,COROMORO,196.0,Definitivo
1998-09-01,24020120,COROMORO,221.0,Definitivo
1998-10-01,24020120,COROMORO,516.0,Definitivo
1998-11-01,24020120,COROMORO,297.0,Definitivo
1998-12-01,24020120,COROMORO,247.0,Definitivo
1999-01-01,24020120,COROMORO,274.0,Definitivo
1999-02-01,24020120,COROMORO,329.0,Definitivo
1999-03-01,24020120,COROMORO,325.0,Definitivo
1999-04-01,24020120,COROMORO,278.0,Definitivo
1999-05-01,24020120,COROMORO,168.0,Definitivo
1999-06-01,24020120,COROMORO,310.0,Definitivo
1999-07-01,24020120,COROMORO,195.0,Definitivo
1999-08-01,24020120,COROMORO,170.0,Definitivo
1999-09-01,24020120,COROMORO,275.0,Definitivo
1999-10-01,24020120,COROMORO,316.0,Definitivo
1999-11-01,24020120,COROMORO,397.0,Definitivo
1999-12-01,24020120,COROMORO,305.0,Definitivo
2000-01-01,24020120,COROMORO,48.0,Definitivo
2000-02-01,24020120,COROMORO,237.0,Definitivo
2000-03-01,24020120,COROMORO,222.0,Definitivo
2000-04-01,24020120,COROMORO,349.0,Definitivo
2000-05-01,24020120,COROMORO,215.0,Definitivo
2000-06-01,24020120,COROMORO,319.0,Definitivo
2000-07-01,24020120,COROMORO,209.0,Definitivo
2000-08-01,24020120,COROMORO,112.0,Definitivo
2000-09-01,24020120,COROMORO,294.0,Definitivo
2000-10-01,24020120,COROMORO,238.0,Definitivo
2000-11-01,24020120,COROMORO,273.0,Definitivo
2000-12-01,24020120,COROMORO,163.0,Definitivo
2001-01-01,24020120,COROMORO,102.0,Definitivo
2001-02-01,24020120,COROMORO,77.0,Definitivo
2001-03-01,24020120,COROMORO,260.0,Definitivo
2001-04-01,24020120,COROMORO,236.0,Definitivo
2001-05-01,24020120,COROMORO,232.0,Definitivo
2001-06-01,24020120,COROMORO,64.0,Definitivo
2001-07-01,24020120,COROMORO,133.0,Definitivo
2001-08-01,24020120,COROMORO,127.0,Definitivo
2001-09-01,24020120,COROMORO,192.0,Definitivo
2001-10-01,24020120,COROMORO,475.0,Definitivo
2001-11-01,24020120,COROMORO,231.0,Definitivo
2001-12-01,24020120,COROMORO,219.0,Definitivo
2002-01-01,24020120,COROMORO,79.0,Definitivo
2002-02-01,24020120,COROMORO,42.0,Definitivo
2002-03-01,24020120,COROMORO,266.2,Definitivo
2002-04-01,24020120,COROMORO,464.0,Definitivo
2002-05-01,24020120,COROMORO,177.0,Definitivo
2002-06-01,24020120,COROMORO,137.0,Definitivo
2002-07-01,24020120,COROMORO,126.0,Definitivo
2002-08-01,24020120,COROMORO,158.0,Definitivo
2002-09-01,24020120,COROMORO,231.8,Definitivo
2002-10-01,24020120,COROMORO,277.9,Definitivo
2002-11-01,24020120,COROMORO,289.0,Definitivo
2002-12-01,24020120,COROMORO,328.0,Definitivo
2003-01-01,24020120,COROMORO,94.0,Definitivo
2003-02-01,24020120,COROMORO,128.0,Definitivo
2003-03-01,24020120,COROMORO,169.0,Definitivo
2003-04-01,24020120,COROMORO,318.0,Definitivo
2003-05-01,24020120,COROMORO,260.0,Definitivo
2003-06-01,24020120,COROMORO,183.3,Definitivo
2003-07-01,24020120,COROMORO,121.0,Definitivo
2003-08-01,24020120,COROMORO,288.0,Definitivo
2003-09-01,24020120,COROMORO,216.9,Definitivo
2003-10-01,24020120,COROMORO,371.0,Definitivo
2003-11-01,24020120,COROMORO,314.8,Definitivo
2003-12-01,24020120,COROMORO,128.0,Definitivo
2004-01-01,24020120,COROMORO,93.0,Definitivo
2004-02-01,24020120,COROMORO,82.0,Definitivo
2004-03-01,24020120,COROMORO,157.2,Definitivo
2004-04-01,24020120,COROMORO,406.0,Definitivo
2004-05-01,24020120,COROMORO,420.0,Definitivo
2004-06-01,24020120,COROMORO,101.0,Definitivo
2004-07-01,24020120,COROMORO,100.0,Definitivo
2004-08-01,24020120,COROMORO,112.2,Definitivo
2004-09-01,24020120,COROMORO,247.0,Definitivo
2004-10-01,24020120,COROMORO,355.2,Definitivo
2004-11-01,24020120,COROMORO,304.9,Definitivo
2004-12-01,24020120,COROMORO,106.8,Definitivo
2005-01-01,24020120,COROMORO,213.0,Definitivo
2005-02-01,24020120,COROMORO,182.8,Definitivo
2005-03-01,24020120,COROMORO,97.0,Definitivo
2005-04-01,24020120,COROMORO,216.5,Definitivo
2005-05-01,24020120,COROMORO,284.8,Definitivo
2005-06-01,24020120,COROMORO,191.4,Definitivo
2005-07-01,24020120,COROMORO,131.2,Definitivo
2005-08-01,24020120,COROMORO,137.8,Definitivo
2005-09-01,24020120,COROMORO,94.6,Definitivo
2005-10-01,24020120,COROMORO,403.7,Definitivo
2005-11-01,24020120,COROMORO,311.6,Definitivo
2005-12-01,24020120,COROMORO,83.7,Definitivo
2006-01-01,24020120,COROMORO,83.4,Definitivo
2006-02-01,24020120,COROMORO,57.5,Definitivo
2006-03-01,24020120,COROMORO,267.2,Definitivo
2006-04-01,24020120,COROMORO,475.5,Definitivo
2006-05-01,24020120,COROMORO,305.8,Definitivo
2006-06-01,24020120,COROMORO,173.9,Definitivo
2006-07-01,24020120,COROMORO,101.9,Definitivo
2006-08-01,24020120,COROMORO,208.9,Definitivo
2006-09-01,24020120,COROMORO,148.2,Definitivo
2006-10-01,24020120,COROMORO,313.7,Definitivo
2006-11-01,24020120,COROMORO,316.9,Definitivo
2006-12-01,24020120,COROMORO,180.4,Definitivo
2007-01-01,24020120,COROMORO,91.3,Definitivo
2007-02-01,24020120,COROMORO,22.1,Definitivo
2007-03-01,24020120,COROMORO,292.9,Definitivo
2007-04-01,24020120,COROMORO,322.1,Definitivo
2007-05-01,24020120,COROMORO,249.4,Definitivo
2007-06-01,24020120,COROMORO,171.0,Definitivo
2007-07-01,24020120,COROMORO,207.4,Definitivo
2007-08-01,24020120,COROMORO,113.6,Definitivo
2007-09-01,24020120,COROMORO,142.1,Definitivo
2007-10-01,24020120,COROMORO,360.0,Definitivo
2007-11-01,24020120,COROMORO,197.1,Definitivo
2007-12-01,24020120,COROMORO,256.0,Definitivo
2008-01-01,24020120,COROMORO,112.4,Definitivo
2008-02-01,24020120,COROMORO,98.0,Definitivo
2008-03-01,24020120,COROMORO,122.6,Definitivo
2008-04-01,24020120,COROMORO,195.2,Definitivo
2008-05-01,24020120,COROMORO,368.9,Definitivo
2008-06-01,24020120,COROMORO,223.0,Definitivo
2008-07-01,24020120,COROMORO,141.8,Definitivo
2008-08-01,24020120,COROMORO,230.5,Definitivo
2008-09-01,24020120,COROMORO,215.0,Definitivo
2008-10-01,24020120,COROMORO,241.4,Definitivo
2008-11-01,24020120,COROMORO,413.8,Definitivo
2008-12-01,24020120,COROMORO,52.8,Definitivo
2009-01-01,24020120,COROMORO,170.4,Definitivo
2009-02-01,24020120,COROMORO,207.7,Definitivo
2009-03-01,24020120,COROMORO,328.2,Definitivo
2009-04-01,24020120,COROMORO,254.3,Definitivo
2009-05-01,24020120,COROMORO,213.1,Definitivo
2009-06-01,24020120,COROMORO,176.9,Definitivo
2009-07-01,24020120,COROMORO,51.6,Definitivo
2009-08-01,24020120,COROMORO,208.2,Definitivo
2009-09-01,24020120,COROMORO,118.8,Definitivo
2009-10-01,24020120,COROMORO,189.4,Definitivo
2009-11-01,24020120,COROMORO,31.5,Definitivo
2009-12-01,24020120,COROMORO,55.9,Definitivo
2010-01-01,24020120,COROMORO,37.9,Definitivo
2010-02-01,24020120,COROMORO,56.3,Definitivo
2010-03-01,24020120,COROMORO,190.2,Definitivo
2010-04-01,24020120,COROMORO,268.4,Definitivo
2010-05-01,24020120,COROMORO,260.6,Definitivo
2010-06-01,24020120,COROMORO,435.0,Definitivo
2010-07-01,24020120,COROMORO,281.5,Definitivo
2010-08-01,24020120,COROMORO,245.1,Definitivo
2010-09-01,24020120,COROMORO,368.6,Definitivo
2010-10-01,24020120,COROMORO,318.0,Definitivo
2010-11-01,24020120,COROMORO,288.7,Definitivo
2010-12-01,24020120,COROMORO,237.6,Definitivo
2011-01-01,24020120,COROMORO,76.0,Definitivo
2011-02-01,24020120,COROMORO,190.9,Definitivo
2011-03-01,24020120,COROMORO,275.2,Definitivo
2011-04-01,24020120,COROMORO,414.1,Definitivo
2011-05-01,24020120,COROMORO,329.4,Definitivo
2011-06-01,24020120,COROMORO,185.0,Definitivo
2011-07-01,24020120,COROMORO,127.4,Definitivo
2011-08-01,24020120,COROMORO,190.4,Definitivo
2011-09-01,24020120,COROMORO,164.2,Definitivo
2011-10-01,24020120,COROMORO,391.3,Definitivo
2011-11-01,24020120,COROMORO,402.5,Definitivo
2011-12-01,24020120,COROMORO,215.1,Definitivo
2012-01-01,24020120,COROMORO,131.8,Definitivo
2012-02-01,24020120,COROMORO,80.3,Definitivo
2012-03-01,24020120,COROMORO,234.9,Definitivo
2012-04-01,24020120,COROMORO,329.2,Definitivo
2012-05-01,24020120,COROMORO,251.5,Definitivo
2012-06-01,24020120,COROMORO,123.7,Definitivo
2012-07-01,24020120,COROMORO,88.7,Definitivo
2012-08-01,24020120,COROMORO,169.3,Definitivo
2012-09-01,24020120,COROMORO,107.8,Definitivo
2012-10-01,24020120,COROMORO,287.4,Definitivo
2012-11-01,24020120,COROMORO,239.5,Definitivo
2012-12-01,24020120,COROMORO,192.8,Definitivo
2013-01-01,24020120,COROMORO,21.2,Definitivo
2013-02-01,24020120,COROMORO,246.7,Definitivo
2013-03-01,24020120,COROMORO,287.8,Definitivo
2013-04-01,24020120,COROMORO,380.4,Definitivo
2013-05-01,24020120,COROMORO,311.8,Definitivo
2013-06-01,24020120,COROMORO,106.6,Definitivo
2013-07-01,24020120,COROMORO,80.0,Definitivo
2013-08-01,24020120,COROMORO,201.7,Definitivo
2013-09-01,24020120,COROMORO,164.9,Definitivo
2013-10-01,24020120,COROMORO,288.2,Definitivo
2013-11-01,24020120,COROMORO,314.7,Definitivo
2013-12-01,24020120,COROMORO,187.7,Definitivo
2014-01-01,24020120,COROMORO,53.9,Definitivo
2014-02-01,24020120,COROMORO,188.4,Definitivo
2014-03-01,24020120,COROMORO,224.1,Definitivo
2014-04-01,24020120,COROMORO,205.7,Definitivo
2014-05-01,24020120,COROMORO,230.0,Definitivo
2014-06-01,24020120,COROMORO,57.6,Definitivo
2014-07-01,24020120,COROMORO,73.9,Definitivo
2014-08-01,24020120,COROMORO,98.2,Definitivo
2014-09-01,24020120,COROMORO,184.7,Definitivo
2014-10-01,24020120,COROMORO,236.4,Definitivo
2014-11-01,24020120,COROMORO,428.1,Definitivo
2014-12-01,24020120,COROMORO,73.2,Definitivo
2015-01-01,24020120,COROMORO,65.6,Definitivo
2015-02-01,24020120,COROMORO,154.0,Definitivo
2015-03-01,24020120,COROMORO,230.3,Definitivo
2015-04-01,24020120,COROMORO,315.0,Definitivo
2015-05-01,24020120,COROMORO,126.9,Definitivo
2015-06-01,24020120,COROMORO,31.6,Definitivo
2015-07-01,24020120,COROMORO,90.6,Definitivo
2015-08-01,24020120,COROMORO,139.4,Definitivo
2015-09-01,24020120,COROMORO,106.6,Definitivo
2015-10-01,24020120,COROMORO,283.8,Definitivo
2015-11-01,24020120,COROMORO,203.2,Definitivo
2015-12-01,24020120,COROMORO,160.7,Definitivo
2016-01-01,24020120,COROMORO,21.9,Definitivo
2016-02-01,24020120,COROMORO,64.3,Definitivo
2016-03-01,24020120,COROMORO,276.4,Definitivo
2016-04-01,24020120,COROMORO,224.1,Definitivo
2016-05-01,24020120,COROMORO,216.5,Definitivo
2016-06-01,24020120,COROMORO,62.6,Definitivo
2016-07-01,24020120,COROMORO,93.6,Definitivo
2016-08-01,24020120,COROMORO,122.6,Definitivo
2016-09-01,24020120,COROMORO,188.2,Definitivo
2016-10-01,24020120,COROMORO,294.0,Definitivo
2016-11-01,24020120,COROMORO,227.6,Definitivo
2016-12-01,24020120,COROMORO,186.5,Definitivo
2017-01-01,24020120,COROMORO,96.2,Definitivo
2017-02-01,24020120,COROMORO,72.2,Definitivo
2017-03-01,24020120,COROMORO,223.4,Definitivo
2017-04-01,24020120,COROMORO,406.8,Definitivo
2017-05-01,24020120,COROMORO,308.0,Definitivo
2017-06-01,24020120,COROMORO,242.9,Definitivo
2017-07-01,24020120,COROMORO,99.7,Definitivo
2017-08-01,24020120,COROMORO,206.1,Definitivo
2017-09-01,24020120,COROMORO,237.4,Definitivo
2017-10-01,24020120,COROMORO,254.0,Definitivo
2017-11-01,24020120,COROMORO,316.2,Definitivo
2017-12-01,24020120,COROMORO,101.8,Definitivo
2018-01-01,24020120,COROMORO,178.2,Definitivo
2018-02-01,24020120,COROMORO,53.1,Definitivo
2018-03-01,24020120,COROMORO,382.7,Definitivo
2018-04-01,24020120,COROMORO,285.4,Definitivo
2018-05-01,24020120,COROMORO,418.8,Definitivo
2018-06-01,24020120,COROMORO,91.5,Definitivo
2018-07-01,24020120,COROMORO,122.5,Definitivo
2018-08-01,24020120,COROMORO,97.1,Definitivo
2018-09-01,24020120,COROMORO,140.5,Definitivo
2018-10-01,24020120,COROMORO,444.0,Definitivo
2018-11-01,24020120,COROMORO,225.6,Definitivo
2018-12-01,24020120,COROMORO,121.0,Definitivo
2019-01-01,24020120,COROMORO,120.5,Definitivo
2019-02-01,24020120,COROMORO,221.8,Definitivo
2019-03-01,24020120,COROMORO,230.1,Definitivo
2019-04-01,24020120,COROMORO,527.9,Definitivo
2019-05-01,24020120,COROMORO,293.7,Definitivo
2019-06-01,24020120,COROMORO,53.0,Definitivo
2019-07-01,24020120,COROMORO,156.4,Definitivo
2019-08-01,24020120,COROMORO,126.2,Definitivo
2019-09-01,24020120,COROMORO,279.4,Definitivo
2019-10-01,24020120,COROMORO,264.2,Definitivo
2019-11-01,24020120,COROMORO,154.7,Definitivo
2019-12-01,24020120,COROMORO,236.7,Definitivo
2020-01-01,24020120,COROMORO,104.1,Definitivo
2020-02-01,24020120,COROMORO,62.9,Definitivo
2020-03-01,24020120,COROMORO,155.3,Definitivo
2020-04-01,24020120,COROMORO,302.1,Definitivo
2020-05-01,24020120,COROMORO,261.2,Definitivo
2020-06-01,24020120,COROMORO,151.1,Definitivo
2020-07-01,24020120,COROMORO,120.2,Definitivo
2020-08-01,24020120,COROMORO,197.7,Definitivo
2020-09-01,24020120,COROMORO,124.2,Definitivo
2020-10-01,24020120,COROMORO,229.7,Definitivo
2020-11-01,24020120,COROMORO,415.9,Definitivo
2020-12-01,24020120,COROMORO,77.6,Definitivo
2021-01-01,24020120,COROMORO,9.7,Definitivo
2021-02-01,24020120,COROMORO,168.8,Definitivo
2021-03-01,24020120,COROMORO,271.7,Definitivo
2021-04-01,24020120,COROMORO,187.0,Definitivo
2021-05-01,24020120,COROMORO,318.8,Definitivo
2021-06-01,24020120,COROMORO,75.5,Definitivo
2021-07-01,24020120,COROMORO,137.7,Definitivo
2021-08-01,24020120,COROMORO,195.3,Definitivo
2021-09-01,24020120,COROMORO,209.3,Definitivo
2021-10-01,24020120,COROMORO,277.2,Definitivo
2021-11-01,24020120,COROMORO,191.5,Definitivo
2021-12-01,24020120,COROMORO,135.5,Definitivo
2022-01-01,24020120,COROMORO,17.5,Definitivo
2022-02-01,24020120,COROMORO,107.8,Definitivo
2022-03-01,24020120,COROMORO,419.4,Definitivo
2022-04-01,24020120,COROMORO,249.4,Definitivo
2022-05-01,24020120,COROMORO,285.2,Definitivo
2022-06-01,24020120,COROMORO,363.4,Definitivo
2022-07-01,24020120,COROMORO,106.4,Definitivo
2022-08-01,24020120,COROMORO,242.0,Definitivo
2022-09-01,24020120,COROMORO,225.2,Definitivo
2022-10-01,24020120,COROMORO,409.7,Definitivo
2022-11-01,24020120,COROMORO,399.1,Definitivo
2022-12-01,24020120,COROMORO,40.9,Definitivo
1998-01-01,24020150,MAMONAL EL HACIENDA,7.0,Preliminar
1998-02-01,24020150,MAMONAL EL HACIENDA,73.0,Preliminar
1998-03-01,24020150,MAMONAL EL HACIENDA,74.0,Preliminar
1998-04-01,24020150,MAMONAL EL HACIENDA,93.0,Preliminar
1998-05-01,24020150,MAMONAL EL HACIENDA,267.0,Preliminar
1998-06-01,24020150,MAMONAL EL HACIENDA,125.0,Preliminar
1998-07-01,24020150,MAMONAL EL HACIENDA,188.0,Preliminar
1998-08-01,24020150,MAMONAL EL HACIENDA,137.0,Preliminar
1998-09-01,24020150,MAMONAL EL HACIENDA,123.0,Preliminar
1998-10-01,24020150,MAMONAL EL HACIENDA,215.0,Preliminar
1998-11-01,24020150,MAMONAL EL HACIENDA,69.0,Preliminar
1998-12-01,24020150,MAMONAL EL HACIENDA,71.0,Preliminar
1999-01-01,24020150,MAMONAL EL HACIENDA,22.0,Preliminar
1999-05-01,24020150,MAMONAL EL HACIENDA,155.0,Preliminar
1999-06-01,24020150,MAMONAL EL HACIENDA,109.0,Preliminar
1999-07-01,24020150,MAMONAL EL HACIENDA,88.0,Preliminar
1999-09-01,24020150,MAMONAL EL HACIENDA,50.0,Preliminar
1999-10-01,24020150,MAMONAL EL HACIENDA,71.0,Preliminar
1999-11-01,24020150,MAMONAL EL HACIENDA,31.0,Preliminar
1999-12-01,24020150,MAMONAL EL HACIENDA,35.0,Preliminar
2000-01-01,24020150,MAMONAL EL HACIENDA,54.0,Preliminar
2000-02-01,24020150,MAMONAL EL HACIENDA,48.0,Preliminar
2000-03-01,24020150,MAMONAL EL HACIENDA,20.0,Preliminar
2000-04-01,24020150,MAMONAL EL HACIENDA,121.0,Preliminar
2000-05-01,24020150,MAMONAL EL HACIENDA,78.0,Preliminar
2000-06-01,24020150,MAMONAL EL HACIENDA,46.0,Preliminar
2000-07-01,24020150,MAMONAL EL HACIENDA,77.0,Preliminar
2000-08-01,24020150,MAMONAL EL HACIENDA,65.0,Preliminar
2000-09-01,24020150,MAMONAL EL HACIENDA,202.0,Preliminar
2000-10-01,24020150,MAMONAL EL HACIENDA,154.0,Preliminar
2000-11-01,24020150,MAMONAL EL HACIENDA,93.0,Preliminar
2000-12-01,24020150,MAMONAL EL HACIENDA,22.0,Preliminar
2001-01-01,24020150,MAMONAL EL HACIENDA,4.0,Preliminar
2001-02-01,24020150,MAMONAL EL HACIENDA,24.0,Preliminar
2001-03-01,24020150,MAMONAL EL HACIENDA,34.0,Preliminar
2001-04-01,24020150,MAMONAL EL HACIENDA,98.0,Preliminar
2001-05-01,24020150,MAMONAL EL HACIENDA,105.0,Preliminar
2001-06-01,24020150,MAMONAL EL HACIENDA,144.0,Preliminar
2001-07-01,24020150,MAMONAL EL HACIENDA,75.0,Preliminar
2001-08-01,24020150,MAMONAL EL HACIENDA,115.0,Preliminar
2001-09-01,24020150,MAMONAL EL HACIENDA,136.0,Preliminar
2001-10-01,24020150,MAMONAL EL HACIENDA,85.0,Preliminar
2001-11-01,24020150,MAMONAL EL HACIENDA,30.0,Preliminar
2001-12-01,24020150,MAMONAL EL HACIENDA,33.0,Preliminar
2002-01-01,24020150,MAMONAL EL HACIENDA,21.0,Preliminar
2002-02-01,24020150,MAMONAL EL HACIENDA,31.0,Preliminar
2002-03-01,24020150,MAMONAL EL HACIENDA,170.0,Preliminar
2002-04-01,24020150,MAMONAL EL HACIENDA,171.0,Preliminar
2002-05-01,24020150,MAMONAL EL HACIENDA,182.0,Preliminar
2002-06-01,24020150,MAMONAL EL HACIENDA,197.0,Preliminar
2002-07-01,24020150,MAMONAL EL HACIENDA,59.0,Preliminar
2002-08-01,24020150,MAMONAL EL HACIENDA,135.0,Preliminar
2002-09-01,24020150,MAMONAL EL HACIENDA,126.0,Preliminar
2002-10-01,24020150,MAMONAL EL HACIENDA,117.0,Preliminar
2002-11-01,24020150,MAMONAL EL HACIENDA,74.0,Preliminar
2002-12-01,24020150,MAMONAL EL HACIENDA,38.0,Preliminar
2003-01-01,24020150,MAMONAL EL HACIENDA,5.0,Preliminar
2003-02-01,24020150,MAMONAL EL HACIENDA,69.0,Preliminar
2003-03-01,24020150,MAMONAL EL HACIENDA,58.0,Preliminar
2003-04-01,24020150,MAMONAL EL HACIENDA,228.0,Preliminar
2003-05-01,24020150,MAMONAL EL HACIENDA,270.0,Preliminar
2003-06-01,24020150,MAMONAL EL HACIENDA,296.0,Preliminar
2003-07-01,24020150,MAMONAL EL HACIENDA,243.0,Preliminar
2003-08-01,24020150,MAMONAL EL HACIENDA,328.0,Preliminar
2003-09-01,24020150,MAMONAL EL HACIENDA,207.0,Preliminar
2003-10-01,24020150,MAMONAL EL HACIENDA,169.0,Preliminar
2003-11-01,24020150,MAMONAL EL HACIENDA,91.0,Preliminar
2003-12-01,24020150,MAMONAL EL HACIENDA,33.0,Preliminar
2004-01-01,24020150,MAMONAL EL HACIENDA,15.0,Preliminar
2004-02-01,24020150,MAMONAL EL HACIENDA,10.0,Preliminar
2004-03-01,24020150,MAMONAL EL HACIENDA,48.0,Preliminar
2004-04-01,24020150,MAMONAL EL HACIENDA,238.0,Preliminar
2004-05-01,24020150,MAMONAL EL HACIENDA,244.0,Preliminar
2004-06-01,24020150,MAMONAL EL HACIENDA,117.0,Preliminar
2004-07-01,24020150,MAMONAL EL HACIENDA,73.0,Preliminar
2004-08-01,24020150,MAMONAL EL HACIENDA,116.0,Preliminar
2004-09-01,24020150,MAMONAL EL HACIENDA,225.0,Preliminar
2004-10-01,24020150,MAMONAL EL HACIENDA,176.0,Preliminar
2004-11-01,24020150,MAMONAL EL HACIENDA,75.0,Preliminar
2004-12-01,24020150,MAMONAL EL HACIENDA,22.0,Preliminar
2005-01-01,24020150,MAMONAL EL HACIENDA,37.0,Preliminar
2005-02-01,24020150,MAMONAL EL HACIENDA,37.0,Preliminar
2005-03-01,24020150,MAMONAL EL HACIENDA,0.0,Preliminar
2005-04-01,24020150,MAMONAL EL HACIENDA,47.0,Preliminar
2005-05-01,24020150,MAMONAL EL HACIENDA,180.0,Preliminar
2005-06-01,24020150,MAMONAL EL HACIENDA,98.0,Preliminar
2005-07-01,24020150,MAMONAL EL HACIENDA,113.0,Preliminar
2005-08-01,24020150,MAMONAL EL HACIENDA,119.0,Preliminar
2005-09-01,24020150,MAMONAL EL HACIENDA,139.0,Preliminar
2005-10-01,24020150,MAMONAL EL HACIENDA,72.0,Preliminar
2005-11-01,24020150,MAMONAL EL HACIENDA,133.0,Preliminar
2005-12-01,24020150,MAMONAL EL HACIENDA,22.0,Preliminar
2006-01-01,24020150,MAMONAL EL HACIENDA,19.0,Preliminar
2006-02-01,24020150,MAMONAL EL HACIENDA,12.0,Preliminar
2006-03-01,24020150,MAMONAL EL HACIENDA,150.0,Preliminar
2006-04-01,24020150,MAMONAL EL HACIENDA,148.0,Preliminar
2006-05-01,24020150,MAMONAL EL HACIENDA,182.0,Preliminar
2006-06-01,24020150,MAMONAL EL HACIENDA,173.0,Preliminar
2006-07-01,24020150,MAMONAL EL HACIENDA,109.0,Preliminar
2006-08-01,24020150,MAMONAL EL HACIENDA,140.0,Preliminar
2006-09-01,24020150,MAMONAL EL HACIENDA,86.0,Preliminar
2006-10-01,24020150,MAMONAL EL HACIENDA,177.3,Preliminar
2006-11-01,24020150,MAMONAL EL HACIENDA,62.9,Preliminar
2006-12-01,24020150,MAMONAL EL HACIENDA,21.3,Preliminar
2007-01-01,24020150,MAMONAL EL HACIENDA,7.7,Preliminar
2007-02-01,24020150,MAMONAL EL HACIENDA,20.3,Preliminar
2007-03-01,24020150,MAMONAL EL HACIENDA,93.3,Preliminar
2007-04-01,24020150,MAMONAL EL HACIENDA,122.3,Preliminar
2007-05-01,24020150,MAMONAL EL HACIENDA,149.1,Preliminar
2007-06-01,24020150,MAMONAL EL HACIENDA,142.8,Preliminar
2007-07-01,24020150,MAMONAL EL HACIENDA,98.2,Preliminar
2007-08-01,24020150,MAMONAL EL HACIENDA,123.5,Preliminar
2007-09-01,24020150,MAMONAL EL HACIENDA,102.0,Preliminar
2007-10-01,24020150,MAMONAL EL HACIENDA,163.4,Preliminar
2007-11-01,24020150,MAMONAL EL HACIENDA,70.2,Preliminar
2007-12-01,24020150,MAMONAL EL HACIENDA,22.3,Preliminar
2008-01-01,24020150,MAMONAL EL HACIENDA,4.3,Preliminar
2008-03-01,24020150,MAMONAL EL HACIENDA,27.3,Preliminar
2008-04-01,24020150,MAMONAL EL HACIENDA,75.9,Preliminar
2008-05-01,24020150,MAMONAL EL HACIENDA,130.1,Preliminar
2008-06-01,24020150,MAMONAL EL HACIENDA,92.9,Preliminar
2008-07-01,24020150,MAMONAL EL HACIENDA,95.3,Preliminar
2008-08-01,24020150,MAMONAL EL HACIENDA,156.4,Preliminar
2008-09-01,24020150,MAMONAL EL HACIENDA,103.7,Preliminar
2008-10-01,24020150,MAMONAL EL HACIENDA,75.0,Preliminar
2008-11-01,24020150,MAMONAL EL HACIENDA,107.7,Preliminar
2009-03-01,24020150,MAMONAL EL HACIENDA,114.0,Preliminar
2009-04-01,24020150,MAMONAL EL HACIENDA,108.5,Preliminar
2009-05-01,24020150,MAMONAL EL HACIENDA,88.6,Preliminar
2009-06-01,24020150,MAMONAL EL HACIENDA,120.9,Preliminar
2009-07-01,24020150,MAMONAL EL HACIENDA,133.1,Preliminar
2009-08-01,24020150,MAMONAL EL HACIENDA,147.2,Preliminar
2009-09-01,24020150,MAMONAL EL HACIENDA,100.2,Preliminar
2009-10-01,24020150,MAMONAL EL HACIENDA,86.1,Preliminar
2009-11-01,24020150,MAMONAL EL HACIENDA,20.6,Preliminar
2009-12-01,24020150,MAMONAL EL HACIENDA,54.0,Preliminar
2010-01-01,24020150,MAMONAL EL HACIENDA,0.0,Preliminar
2010-12-01,24020150,MAMONAL EL HACIENDA,45.4,Preliminar
2011-06-01,24020150,MAMONAL EL HACIENDA,98.0,Preliminar
2011-07-01,24020150,MAMONAL EL HACIENDA,123.9,Preliminar
2011-08-01,24020150,MAMONAL EL HACIENDA,99.2,Preliminar
2011-09-01,24020150,MAMONAL EL HACIENDA,101.8,Preliminar
2011-10-01,24020150,MAMONAL EL HACIENDA,146.8,Preliminar
2011-11-01,24020150,MAMONAL EL HACIENDA,105.4,Preliminar
2011-12-01,24020150,MAMONAL EL HACIENDA,75.8,Preliminar
2012-01-01,24020150,MAMONAL EL HACIENDA,4.9,Preliminar
2012-02-01,24020150,MAMONAL EL HACIENDA,3.4,Preliminar
2012-03-01,24020150,MAMONAL EL HACIENDA,108.6,Preliminar
2012-04-01,24020150,MAMONAL EL HACIENDA,172.5,Preliminar
2012-05-01,24020150,MAMONAL EL HACIENDA,134.9,Preliminar
2012-06-01,24020150,MAMONAL EL HACIENDA,143.5,Preliminar
2012-07-01,24020150,MAMONAL EL HACIENDA,62.5,Preliminar
2012-08-01,24020150,MAMONAL EL HACIENDA,88.2,Preliminar
2012-09-01,24020150,MAMONAL EL HACIENDA,112.4,Preliminar
2012-10-01,24020150,MAMONAL EL HACIENDA,144.1,Preliminar
2012-11-01,24020150,MAMONAL EL HACIENDA,8.8,Preliminar
2012-12-01,24020150,MAMONAL EL HACIENDA,0.0,Preliminar
2013-01-01,24020150,MAMONAL EL HACIENDA,0.5,Preliminar
2013-02-01,24020150,MAMONAL EL HACIENDA,39.3,Preliminar
2013-03-01,24020150,MAMONAL EL HACIENDA,51.7,Preliminar
2013-04-01,24020150,MAMONAL EL HACIENDA,51.7,Preliminar
2013-05-01,24020150,MAMONAL EL HACIENDA,144.5,Preliminar
2013-06-01,24020150,MAMONAL EL HACIENDA,67.6,Preliminar
2013-07-01,24020150,MAMONAL EL HACIENDA,60.5,Preliminar
2013-08-01,24020150,MAMONAL EL HACIENDA,204.0,Preliminar
2013-09-01,24020150,MAMONAL EL HACIENDA,87.1,Preliminar
2013-10-01,24020150,MAMONAL EL HACIENDA,88.2,Preliminar
2013-11-01,24020150,MAMONAL EL HACIENDA,88.5,Preliminar
2013-12-01,24020150,MAMONAL EL HACIENDA,58.2,Preliminar
2014-01-01,24020150,MAMONAL EL HACIENDA,23.9,Preliminar
2014-02-01,24020150,MAMONAL EL HACIENDA,11.0,Preliminar
2014-03-01,24020150,MAMONAL EL HACIENDA,14.2,Preliminar
2014-04-01,24020150,MAMONAL EL HACIENDA,175.5,Preliminar
2014-05-01,24020150,MAMONAL EL HACIENDA,137.7,Preliminar
2014-06-01,24020150,MAMONAL EL HACIENDA,87.4,Preliminar
2014-07-01,24020150,MAMONAL EL HACIENDA,78.9,Preliminar
2014-08-01,24020150,MAMONAL EL HACIENDA,177.4,Preliminar
2014-09-01,24020150,MAMONAL EL HACIENDA,108.8,Preliminar
2014-10-01,24020150,MAMONAL EL HACIENDA,178.2,Preliminar
2014-11-01,24020150,MAMONAL EL HACIENDA,119.6,Preliminar
2014-12-01,24020150,MAMONAL EL HACIENDA,23.3,Preliminar
2015-01-01,24020150,MAMONAL EL HACIENDA,30.1,Preliminar
2015-02-01,24020150,MAMONAL EL HACIENDA,32.1,Preliminar
2015-03-01,24020150,MAMONAL EL HACIENDA,37.2,Preliminar
2015-04-01,24020150,MAMONAL EL HACIENDA,113.8,Preliminar
2015-05-01,24020150,MAMONAL EL HACIENDA,84.7,Preliminar
2015-06-01,24020150,MAMONAL EL HACIENDA,107.5,Preliminar
2015-07-01,24020150,MAMONAL EL HACIENDA,83.2,Preliminar
2015-08-01,24020150,MAMONAL EL HACIENDA,72.0,Preliminar
2015-09-01,24020150,MAMONAL EL HACIENDA,52.4,Preliminar
2015-10-01,24020150,MAMONAL EL HACIENDA,54.6,Preliminar
2015-11-01,24020150,MAMONAL EL HACIENDA,140.7,Preliminar
2015-12-01,24020150,MAMONAL EL HACIENDA,27.1,Preliminar
2016-01-01,24020150,MAMONAL EL HACIENDA,21.8,Preliminar
2016-02-01,24020150,MAMONAL EL HACIENDA,10.8,Preliminar
2016-03-01,24020150,MAMONAL EL HACIENDA,7.8,Preliminar
2016-09-01,24020150,MAMONAL EL HACIENDA,47.4,Preliminar
2016-10-01,24020150,MAMONAL EL HACIENDA,202.8,Preliminar
2016-11-01,24020150,MAMONAL EL HACIENDA,64.8,Preliminar
2016-12-01,24020150,MAMONAL EL HACIENDA,65.8,Preliminar
2017-01-01,24020150,MAMONAL EL HACIENDA,14.4,Preliminar
2017-02-01,24020150,MAMONAL EL HACIENDA,4.6,Preliminar
2017-03-01,24020150,MAMONAL EL HACIENDA,157.9,Preliminar
2017-04-01,24020150,MAMONAL EL HACIENDA,94.9,Preliminar
2017-05-01,24020150,MAMONAL EL HACIENDA,123.8,Preliminar
2017-06-01,24020150,MAMONAL EL HACIENDA,173.7,Preliminar
2017-07-01,24020150,MAMONAL EL HACIENDA,129.0,Preliminar
2018-09-01,24020150,MAMONAL EL HACIENDA,74.0,Preliminar
2018-12-01,24020150,MAMONAL EL HACIENDA,0.0,Preliminar
2019-01-01,24020150,MAMONAL EL HACIENDA,0.0,Preliminar
2019-02-01,24020150,MAMONAL EL HACIENDA,17.0,Preliminar
2019-03-01,24020150,MAMONAL EL HACIENDA,172.1,Preliminar
2019-04-01,24020150,MAMONAL EL HACIENDA,99.4,Preliminar
2019-05-01,24020150,MAMONAL EL HACIENDA,161.4,Preliminar
2019-06-01,24020150,MAMONAL EL HACIENDA,55.0,Preliminar
2019-07-01,24020150,MAMONAL EL HACIENDA,121.0,Preliminar
2019-08-01,24020150,MAMONAL EL HACIENDA,202.0,Preliminar
2019-09-01,24020150,MAMONAL EL HACIENDA,141.7,Preliminar
2019-10-01,24020150,MAMONAL EL HACIENDA,57.0,Preliminar
2019-11-01,24020150,MAMONAL EL HACIENDA,50.0,Preliminar
2019-12-01,24020150,MAMONAL EL HACIENDA,36.0,Preliminar
2020-01-01,24020150,MAMONAL EL HACIENDA,26.0,Preliminar
2020-02-01,24020150,MAMONAL EL HACIENDA,8.0,Preliminar
2020-03-01,24020150,MAMONAL EL HACIENDA,29.0,Preliminar
2020-04-01,24020150,MAMONAL EL HACIENDA,34.0,Preliminar
2020-05-01,24020150,MAMONAL EL HACIENDA,122.0,Preliminar
2020-06-01,24020150,MAMONAL EL HACIENDA,137.0,Preliminar
2020-07-01,24020150,MAMONAL EL HACIENDA,223.0,Preliminar
2020-08-01,24020150,MAMONAL EL HACIENDA,154.0,Preliminar
2020-09-01,24020150,MAMONAL EL HACIENDA,129.0,Preliminar
2020-10-01,24020150,MAMONAL EL HACIENDA,135.0,Preliminar
2020-11-01,24020150,MAMONAL EL HACIENDA,172.0,Preliminar
2020-12-01,24020150,MAMONAL EL HACIENDA,14.0,Preliminar
2021-01-01,24020150,MAMONAL EL HACIENDA,1.4,Preliminar
2021-02-01,24020150,MAMONAL EL HACIENDA,20.0,Preliminar
2021-03-01,24020150,MAMONAL EL HACIENDA,92.0,Preliminar
2021-04-01,24020150,MAMONAL EL HACIENDA,80.0,Preliminar
2021-05-01,24020150,MAMONAL EL HACIENDA,191.0,Preliminar
2021-06-01,24020150,MAMONAL EL HACIENDA,95.0,Preliminar
2021-07-01,24020150,MAMONAL EL HACIENDA,167.0,Preliminar
2021-08-01,24020150,MAMONAL EL HACIENDA,124.0,Preliminar
2021-09-01,24020150,MAMONAL EL HACIENDA,118.0,Preliminar
2021-10-01,24020150,MAMONAL EL HACIENDA,147.0,Preliminar
2021-11-01,24020150,MAMONAL EL HACIENDA,41.0,Preliminar
2021-12-01,24020150,MAMONAL EL HACIENDA,21.0,Preliminar
2022-01-01,24020150,MAMONAL EL HACIENDA,0.0,Preliminar
2022-02-01,24020150,MAMONAL EL HACIENDA,28.0,Preliminar
2022-03-01,24020150,MAMONAL EL HACIENDA,191.0,Preliminar
2022-04-01,24020150,MAMONAL EL HACIENDA,106.0,Preliminar
2022-05-01,24020150,MAMONAL EL HACIENDA,98.0,Preliminar
2022-06-01,24020150,MAMONAL EL HACIENDA,288.0,Preliminar
2022-07-01,24020150,MAMONAL EL HACIENDA,224.0,Preliminar
2022-08-01,24020150,MAMONAL EL HACIENDA,231.0,Preliminar
2022-09-01,24020150,MAMONAL EL HACIENDA,144.0,Preliminar
2022-10-01,24020150,MAMONAL EL HACIENDA,208.0,Preliminar
2022-11-01,24020150,MAMONAL EL HACIENDA,126.0,Preliminar
2022-12-01,24020150,MAMONAL EL HACIENDA,0.0,Preliminar
1998-01-01,24020220,PAVAS LAS,95.0,Preliminar
1998-02-01,24020220,PAVAS LAS,135.0,Preliminar
1998-03-01,24020220,PAVAS LAS,273.0,Preliminar
1998-04-01,24020220,PAVAS LAS,333.0,Preliminar
1998-05-01,24020220,PAVAS LAS,248.0,Preliminar
1998-06-01,24020220,PAVAS LAS,29.0,Preliminar
1998-07-01,24020220,PAVAS LAS,46.0,Preliminar
1998-08-01,24020220,PAVAS LAS,133.0,Preliminar
1998-09-01,24020220,PAVAS LAS,190.0,Preliminar
1998-10-01,24020220,PAVAS LAS,270.0,Preliminar
1998-11-01,24020220,PAVAS LAS,248.0,Preliminar
1998-12-01,24020220,PAVAS LAS,247.0,Preliminar
1999-01-01,24020220,PAVAS LAS,261.0,Preliminar
1999-02-01,24020220,PAVAS LAS,366.0,Preliminar
1999-03-01,24020220,PAVAS LAS,196.0,Preliminar
1999-04-01,24020220,PAVAS LAS,317.0,Preliminar
1999-05-01,24020220,PAVAS LAS,133.0,Preliminar
1999-06-01,24020220,PAVAS LAS,101.0,Preliminar
1999-07-01,24020220,PAVAS LAS,63.0,Preliminar
1999-08-01,24020220,PAVAS LAS,159.0,Preliminar
1999-09-01,24020220,PAVAS LAS,185.0,Preliminar
1999-10-01,24020220,PAVAS LAS,271.0,Preliminar
1999-11-01,24020220,PAVAS LAS,295.0,Preliminar
1999-12-01,24020220,PAVAS LAS,240.0,Preliminar
2000-01-01,24020220,PAVAS LAS,174.0,Preliminar
2000-02-01,24020220,PAVAS LAS,207.0,Preliminar
2000-03-01,24020220,PAVAS LAS,141.0,Preliminar
2000-04-01,24020220,PAVAS LAS,185.0,Preliminar
2000-05-01,24020220,PAVAS LAS,143.0,Preliminar
2000-06-01,24020220,PAVAS LAS,199.0,Preliminar
2000-07-01,24020220,PAVAS LAS,130.0,Preliminar
2000-08-01,24020220,PAVAS LAS,0.0,Preliminar
2000-09-01,24020220,PAVAS LAS,249.0,Preliminar
2000-10-01,24020220,PAVAS LAS,197.0,Preliminar
2000-11-01,24020220,PAVAS LAS,335.0,Preliminar
2000-12-01,24020220,PAVAS LAS,91.0,Preliminar
2001-01-01,24020220,PAVAS LAS,34.0,Preliminar
2001-02-01,24020220,PAVAS LAS,92.0,Preliminar
2001-03-01,24020220,PAVAS LAS,227.0,Preliminar
2001-04-01,24020220,PAVAS LAS,110.0,Preliminar
2001-06-01,24020220,PAVAS LAS,55.0,Preliminar
2001-07-01,24020220,PAVAS LAS,58.0,Preliminar
2001-08-01,24020220,PAVAS LAS,0.0,Preliminar
2001-09-01,24020220,PAVAS LAS,180.0,Preliminar
2001-10-01,24020220,PAVAS LAS,240.0,Preliminar
2001-11-01,24020220,PAVAS LAS,147.0,Preliminar
2001-12-01,24020220,PAVAS LAS,302.0,Preliminar
2002-01-01,24020220,PAVAS LAS,10.0,Preliminar
2002-02-01,24020220,PAVAS LAS,92.0,Preliminar
2002-03-01,24020220,PAVAS LAS,321.0,Preliminar
2002-04-01,24020220,PAVAS LAS,427.0,Preliminar
2002-05-01,24020220,PAVAS LAS,263.0,Preliminar
2002-06-01,24020220,PAVAS LAS,111.0,Preliminar
2002-07-01,24020220,PAVAS LAS,54.0,Preliminar
2002-08-01,24020220,PAVAS LAS,17.0,Preliminar
2002-09-01,24020220,PAVAS LAS,72.0,Preliminar
2002-10-01,24020220,PAVAS LAS,221.0,Preliminar
2002-11-01,24020220,PAVAS LAS,159.0,Preliminar
2002-12-01,24020220,PAVAS LAS,132.0,Preliminar
2003-01-01,24020220,PAVAS LAS,59.0,Preliminar
2003-02-01,24020220,PAVAS LAS,137.0,Preliminar
2003-03-01,24020220,PAVAS LAS,381.0,Preliminar
2003-04-01,24020220,PAVAS LAS,506.0,Preliminar
2003-05-01,24020220,PAVAS LAS,177.0,Preliminar
2003-06-01,24020220,PAVAS LAS,95.0,Preliminar
2003-08-01,24020220,PAVAS LAS,85.0,Preliminar
2003-09-01,24020220,PAVAS LAS,144.0,Preliminar
2003-10-01,24020220,PAVAS LAS,489.0,Preliminar
2003-11-01,24020220,PAVAS LAS,382.0,Preliminar
2003-12-01,24020220,PAVAS LAS,95.0,Preliminar
2004-01-01,24020220,PAVAS LAS,214.0,Preliminar
2004-02-01,24020220,PAVAS LAS,132.0,Preliminar
2004-03-01,24020220,PAVAS LAS,211.0,Preliminar
2004-04-01,24020220,PAVAS LAS,334.0,Preliminar
2004-05-01,24020220,PAVAS LAS,313.0,Preliminar
2004-06-01,24020220,PAVAS LAS,12.0,Preliminar
2004-07-01,24020220,PAVAS LAS,44.0,Preliminar
2004-08-01,24020220,PAVAS LAS,2.0,Preliminar
2004-09-01,24020220,PAVAS LAS,286.0,Preliminar
2004-10-01,24020220,PAVAS LAS,315.0,Preliminar
2004-11-01,24020220,PAVAS LAS,263.0,Preliminar
2004-12-01,24020220,PAVAS LAS,138.0,Preliminar
2005-01-01,24020220,PAVAS LAS,265.0,Preliminar
2005-02-01,24020220,PAVAS LAS,263.0,Preliminar
2005-03-01,24020220,PAVAS LAS,92.0,Preliminar
2005-04-01,24020220,PAVAS LAS,228.0,Preliminar
2005-05-01,24020220,PAVAS LAS,270.0,Preliminar
2005-06-01,24020220,PAVAS LAS,94.0,Preliminar
2005-07-01,24020220,PAVAS LAS,87.0,Preliminar
2005-08-01,24020220,PAVAS LAS,68.0,Preliminar
2005-09-01,24020220,PAVAS LAS,119.0,Preliminar
2005-10-01,24020220,PAVAS LAS,356.0,Preliminar
2005-11-01,24020220,PAVAS LAS,238.0,Preliminar
2005-12-01,24020220,PAVAS LAS,122.0,Preliminar
2006-01-01,24020220,PAVAS LAS,166.0,Preliminar
2006-02-01,24020220,PAVAS LAS,108.0,Preliminar
2006-03-01,24020220,PAVAS LAS,385.0,Preliminar
2006-04-01,24020220,PAVAS LAS,285.0,Preliminar
2006-05-01,24020220,PAVAS LAS,288.0,Preliminar
2006-06-01,24020220,PAVAS LAS,120.0,Preliminar
2006-07-01,24020220,PAVAS LAS,35.0,Preliminar
2006-08-01,24020220,PAVAS LAS,63.0,Preliminar
2006-09-01,24020220,PAVAS LAS,35.0,Preliminar
2006-10-01,24020220,PAVAS LAS,291.0,Preliminar
2006-11-01,24020220,PAVAS LAS,186.0,Preliminar
2006-12-01,24020220,PAVAS LAS,136.0,Preliminar
2007-01-01,24020220,PAVAS LAS,282.0,Preliminar
2007-02-01,24020220,PAVAS LAS,79.0,Preliminar
2007-03-01,24020220,PAVAS LAS,315.0,Preliminar
2007-04-01,24020220,PAVAS LAS,265.0,Preliminar
2007-05-01,24020220,PAVAS LAS,186.0,Preliminar
2007-06-01,24020220,PAVAS LAS,37.0,Preliminar
2007-07-01,24020220,PAVAS LAS,82.0,Preliminar
2007-08-01,24020220,PAVAS LAS,181.0,Preliminar
2007-09-01,24020220,PAVAS LAS,118.0,Preliminar
2007-10-01,24020220,PAVAS LAS,474.0,Preliminar
2007-11-01,24020220,PAVAS LAS,206.0,Preliminar
2007-12-01,24020220,PAVAS LAS,250.0,Preliminar
2008-01-01,24020220,PAVAS LAS,185.0,Preliminar
2008-02-01,24020220,PAVAS LAS,186.0,Preliminar
2008-03-01,24020220,PAVAS LAS,235.0,Preliminar
2008-04-01,24020220,PAVAS LAS,336.0,Preliminar
2008-05-01,24020220,PAVAS LAS,246.0,Preliminar
2008-06-01,24020220,PAVAS LAS,151.0,Preliminar
2008-07-01,24020220,PAVAS LAS,82.0,Preliminar
2008-08-01,24020220,PAVAS LAS,254.0,Preliminar
2008-09-01,24020220,PAVAS LAS,372.0,Preliminar
2008-10-01,24020220,PAVAS LAS,399.0,Preliminar
2008-11-01,24020220,PAVAS LAS,284.0,Preliminar
2008-12-01,24020220,PAVAS LAS,130.0,Preliminar
2009-01-01,24020220,PAVAS LAS,123.0,Preliminar
2009-02-01,24020220,PAVAS LAS,229.0,Preliminar
2009-03-01,24020220,PAVAS LAS,358.0,Preliminar
2009-04-01,24020220,PAVAS LAS,190.0,Preliminar
2009-05-01,24020220,PAVAS LAS,108.0,Preliminar
2009-06-01,24020220,PAVAS LAS,83.0,Preliminar
2009-07-01,24020220,PAVAS LAS,0.0,Preliminar
2009-08-01,24020220,PAVAS LAS,94.0,Preliminar
2009-09-01,24020220,PAVAS LAS,51.0,Preliminar
2009-10-01,24020220,PAVAS LAS,167.0,Preliminar
2009-11-01,24020220,PAVAS LAS,265.0,Preliminar
2009-12-01,24020220,PAVAS LAS,84.0,Preliminar
2010-01-01,24020220,PAVAS LAS,74.0,Preliminar
2010-02-01,24020220,PAVAS LAS,63.0,Preliminar
2010-03-01,24020220,PAVAS LAS,66.0,Preliminar
2010-04-01,24020220,PAVAS LAS,239.0,Preliminar
2010-05-01,24020220,PAVAS LAS,221.0,Preliminar
2010-06-01,24020220,PAVAS LAS,99.0,Preliminar
2010-07-01,24020220,PAVAS LAS,286.0,Preliminar
2010-08-01,24020220,PAVAS LAS,168.0,Preliminar
2010-09-01,24020220,PAVAS LAS,281.0,Preliminar
2010-10-01,24020220,PAVAS LAS,313.0,Preliminar
2010-11-01,24020220,PAVAS LAS,369.0,Preliminar
2010-12-01,24020220,PAVAS LAS,94.0,Preliminar
2011-01-01,24020220,PAVAS LAS,54.0,Preliminar
2011-02-01,24020220,PAVAS LAS,186.0,Preliminar
2011-03-01,24020220,PAVAS LAS,365.0,Preliminar
2011-05-01,24020220,PAVAS LAS,248.0,Preliminar
2011-06-01,24020220,PAVAS LAS,133.0,Preliminar
2011-07-01,24020220,PAVAS LAS,55.0,Preliminar
2011-09-01,24020220,PAVAS LAS,94.0,Preliminar
2011-10-01,24020220,PAVAS LAS,459.0,Preliminar
2011-12-01,24020220,PAVAS LAS,167.0,Preliminar
2012-01-01,24020220,PAVAS LAS,171.0,Preliminar
2012-02-01,24020220,PAVAS LAS,25.0,Preliminar
2012-03-01,24020220,PAVAS LAS,297.0,Preliminar
2012-04-01,24020220,PAVAS LAS,352.0,Preliminar
2012-05-01,24020220,PAVAS LAS,115.0,Preliminar
2012-06-01,24020220,PAVAS LAS,77.0,Preliminar
2012-07-01,24020220,PAVAS LAS,27.0,Preliminar
2012-08-01,24020220,PAVAS LAS,162.0,Preliminar
2012-09-01,24020220,PAVAS LAS,28.0,Preliminar
2012-10-01,24020220,PAVAS LAS,307.0,Preliminar
2012-11-01,24020220,PAVAS LAS,113.0,Preliminar
2012-12-01,24020220,PAVAS LAS,91.0,Preliminar
2013-01-01,24020220,PAVAS LAS,79.0,Preliminar
2013-02-01,24020220,PAVAS LAS,164.0,Preliminar
2013-03-01,24020220,PAVAS LAS,207.0,Preliminar
2013-04-01,24020220,PAVAS LAS,323.0,Preliminar
2013-05-01,24020220,PAVAS LAS,211.0,Preliminar
2013-06-01,24020220,PAVAS LAS,26.0,Preliminar
2013-07-01,24020220,PAVAS LAS,0.0,Preliminar
2013-08-01,24020220,PAVAS LAS,153.0,Preliminar
2013-09-01,24020220,PAVAS LAS,82.0,Preliminar
2013-10-01,24020220,PAVAS LAS,323.0,Preliminar
2013-11-01,24020220,PAVAS LAS,419.0,Preliminar
2013-12-01,24020220,PAVAS LAS,158.0,Preliminar
2014-01-01,24020220,PAVAS LAS,99.0,Preliminar
2014-02-01,24020220,PAVAS LAS,429.0,Preliminar
2014-03-01,24020220,PAVAS LAS,276.0,Preliminar
2014-04-01,24020220,PAVAS LAS,346.5,Preliminar
2014-05-01,24020220,PAVAS LAS,266.0,Preliminar
2014-06-01,24020220,PAVAS LAS,63.0,Preliminar
2014-07-01,24020220,PAVAS LAS,10.0,Preliminar
2014-08-01,24020220,PAVAS LAS,15.0,Preliminar
2014-09-01,24020220,PAVAS LAS,132.0,Preliminar
2014-10-01,24020220,PAVAS LAS,257.0,Preliminar
2014-11-01,24020220,PAVAS LAS,232.0,Preliminar
2014-12-01,24020220,PAVAS LAS,209.0,Preliminar
2015-01-01,24020220,PAVAS LAS,159.0,Preliminar
2015-02-01,24020220,PAVAS LAS,97.0,Preliminar
2015-03-01,24020220,PAVAS LAS,473.0,Preliminar
2015-04-01,24020220,PAVAS LAS,483.0,Preliminar
2015-05-01,24020220,PAVAS LAS,33.0,Preliminar
2015-06-01,24020220,PAVAS LAS,23.0,Preliminar
2015-07-01,24020220,PAVAS LAS,2.0,Preliminar
2015-10-01,24020220,PAVAS LAS,73.4,Preliminar
2017-04-01,24020220,PAVAS LAS,392.0,Preliminar
2017-05-01,24020220,PAVAS LAS,323.0,Preliminar
2017-06-01,24020220,PAVAS LAS,270.0,Preliminar
2017-07-01,24020220,PAVAS LAS,102.0,Preliminar
2017-08-01,24020220,PAVAS LAS,74.0,Preliminar
2017-09-01,24020220,PAVAS LAS,66.0,Preliminar
2017-10-01,24020220,PAVAS LAS,197.0,Preliminar
2017-11-01,24020220,PAVAS LAS,388.0,Preliminar
2017-12-01,24020220,PAVAS LAS,185.0,Preliminar
2018-01-01,24020220,PAVAS LAS,169.0,Preliminar
2018-02-01,24020220,PAVAS LAS,108.0,Preliminar
2018-03-01,24020220,PAVAS LAS,267.0,Preliminar
2018-04-01,24020220,PAVAS LAS,240.0,Preliminar
2018-05-01,24020220,PAVAS LAS,0.0,Preliminar
2018-06-01,24020220,PAVAS LAS,15.0,Preliminar
2018-07-01,24020220,PAVAS LAS,44.0,Preliminar
2018-08-01,24020220,PAVAS LAS,20.0,Preliminar
2018-09-01,24020220,PAVAS LAS,173.0,Preliminar
2018-10-01,24020220,PAVAS LAS,415.0,Preliminar
2018-11-01,24020220,PAVAS LAS,243.0,Preliminar
2018-12-01,24020220,PAVAS LAS,36.0,Preliminar
2019-01-01,24020220,PAVAS LAS,78.0,Preliminar
2019-02-01,24020220,PAVAS LAS,239.0,Preliminar
2019-03-01,24020220,PAVAS LAS,401.0,Preliminar
2019-04-01,24020220,PAVAS LAS,228.0,Preliminar
2019-05-01,24020220,PAVAS LAS,208.0,Preliminar
2019-06-01,24020220,PAVAS LAS,12.0,Preliminar
2019-07-01,24020220,PAVAS LAS,0.0,Preliminar
2019-08-01,24020220,PAVAS LAS,22.0,Preliminar
2019-09-01,24020220,PAVAS LAS,94.0,Preliminar
2019-10-01,24020220,PAVAS LAS,173.0,Preliminar
2019-11-01,24020220,PAVAS LAS,250.0,Preliminar
2019-12-01,24020220,PAVAS LAS,77.0,Preliminar
2020-01-01,24020220,PAVAS LAS,29.0,Preliminar
2020-02-01,24020220,PAVAS LAS,109.0,Preliminar
2020-03-01,24020220,PAVAS LAS,394.0,Preliminar
2020-04-01,24020220,PAVAS LAS,231.0,Preliminar
2020-05-01,24020220,PAVAS LAS,153.8,Preliminar
2020-06-01,24020220,PAVAS LAS,80.0,Preliminar
2020-07-01,24020220,PAVAS LAS,80.0,Preliminar
2020-08-01,24020220,PAVAS LAS,113.0,Preliminar
2020-09-01,24020220,PAVAS LAS,221.0,Preliminar
2020-10-01,24020220,PAVAS LAS,138.0,Preliminar
2020-11-01,24020220,PAVAS LAS,383.0,Preliminar
2020-12-01,24020220,PAVAS LAS,150.0,Preliminar
2021-01-01,24020220,PAVAS LAS,20.0,Preliminar
2021-02-01,24020220,PAVAS LAS,182.0,Preliminar
2021-03-01,24020220,PAVAS LAS,252.0,Preliminar
2021-04-01,24020220,PAVAS LAS,259.0,Preliminar
2021-05-01,24020220,PAVAS LAS,209.0,Preliminar
2021-06-01,24020220,PAVAS LAS,139.0,Preliminar
2021-07-01,24020220,PAVAS LAS,60.0,Preliminar
2021-08-01,24020220,PAVAS LAS,131.0,Preliminar
2021-09-01,24020220,PAVAS LAS,97.0,Preliminar
2021-10-01,24020220,PAVAS LAS,266.0,Preliminar
2021-11-01,24020220,PAVAS LAS,178.0,Preliminar
2021-12-01,24020220,PAVAS LAS,116.0,Preliminar
2022-01-01,24020220,PAVAS LAS,61.0,Preliminar
2022-02-01,24020220,PAVAS LAS,169.0,Preliminar
2022-03-01,24020220,PAVAS LAS,215.0,Preliminar
2022-04-01,24020220,PAVAS LAS,246.5,Preliminar
2022-05-01,24020220,PAVAS LAS,159.0,Preliminar
2022-06-01,24020220,PAVAS LAS,333.0,Preliminar
2022-07-01,24020220,PAVAS LAS,71.0,Preliminar
2022-08-01,24020220,PAVAS LAS,106.0,Preliminar
2022-09-01,24020220,PAVAS LAS,151.0,Preliminar
2022-10-01,24020220,PAVAS LAS,404.0,Preliminar
2022-11-01,24020220,PAVAS LAS,344.0,Preliminar
2022-12-01,24020220,PAVAS LAS,139.0,Preliminar
1998-01-01,24020230,PUEBLO VIEJO,50.0,Preliminar
1998-02-01,24020230,PUEBLO VIEJO,59.0,Preliminar
1998-03-01,24020230,PUEBLO VIEJO,154.0,Preliminar
1998-04-01,24020230,PUEBLO VIEJO,97.0,Preliminar
1998-05-01,24020230,PUEBLO VIEJO,121.0,Preliminar
1998-06-01,24020230,PUEBLO VIEJO,64.0,Preliminar
1998-07-01,24020230,PUEBLO VIEJO,74.0,Preliminar
1998-08-01,24020230,PUEBLO VIEJO,98.0,Preliminar
1998-09-01,24020230,PUEBLO VIEJO,148.0,Preliminar
1998-10-01,24020230,PUEBLO VIEJO,135.0,Preliminar
1998-11-01,24020230,PUEBLO VIEJO,156.0,Preliminar
1998-12-01,24020230,PUEBLO VIEJO,188.0,Preliminar
1999-01-01,24020230,PUEBLO VIEJO,77.0,Preliminar
1999-02-01,24020230,PUEBLO VIEJO,100.0,Preliminar
1999-03-01,24020230,PUEBLO VIEJO,109.0,Preliminar
1999-04-01,24020230,PUEBLO VIEJO,102.0,Preliminar
1999-05-01,24020230,PUEBLO VIEJO,86.0,Preliminar
1999-06-01,24020230,PUEBLO VIEJO,112.0,Preliminar
1999-08-01,24020230,PUEBLO VIEJO,113.0,Preliminar
1999-11-01,24020230,PUEBLO VIEJO,96.0,Preliminar
1999-12-01,24020230,PUEBLO VIEJO,65.0,Preliminar
2000-01-01,24020230,PUEBLO VIEJO,32.0,Preliminar
2000-02-01,24020230,PUEBLO VIEJO,22.0,Preliminar
2000-03-01,24020230,PUEBLO VIEJO,42.0,Preliminar
2000-04-01,24020230,PUEBLO VIEJO,41.0,Preliminar
2000-05-01,24020230,PUEBLO VIEJO,71.0,Preliminar
2000-06-01,24020230,PUEBLO VIEJO,82.0,Preliminar
2000-07-01,24020230,PUEBLO VIEJO,35.0,Preliminar
2000-08-01,24020230,PUEBLO VIEJO,34.0,Preliminar
2000-09-01,24020230,PUEBLO VIEJO,45.0,Preliminar
2000-10-01,24020230,PUEBLO VIEJO,66.0,Preliminar
2000-11-01,24020230,PUEBLO VIEJO,61.0,Preliminar
2000-12-01,24020230,PUEBLO VIEJO,55.0,Preliminar
2001-01-01,24020230,PUEBLO VIEJO,49.0,Preliminar
2001-02-01,24020230,PUEBLO VIEJO,11.0,Preliminar
2001-03-01,24020230,PUEBLO VIEJO,94.0,Preliminar
2001-04-01,24020230,PUEBLO VIEJO,91.0,Preliminar
2001-05-01,24020230,PUEBLO VIEJO,67.0,Preliminar
2001-06-01,24020230,PUEBLO VIEJO,56.0,Preliminar
2001-07-01,24020230,PUEBLO VIEJO,24.0,Preliminar
2001-08-01,24020230,PUEBLO VIEJO,2.0,Preliminar
2001-09-01,24020230,PUEBLO VIEJO,44.0,Preliminar
2001-10-01,24020230,PUEBLO VIEJO,43.0,Preliminar
2001-11-01,24020230,PUEBLO VIEJO,37.0,Preliminar
2001-12-01,24020230,PUEBLO VIEJO,50.0,Preliminar
2002-01-01,24020230,PUEBLO VIEJO,2.0,Preliminar
2002-02-01,24020230,PUEBLO VIEJO,2.0,Preliminar
2002-03-01,24020230,PUEBLO VIEJO,27.0,Preliminar
2002-04-01,24020230,PUEBLO VIEJO,93.0,Preliminar
2002-05-01,24020230,PUEBLO VIEJO,66.0,Preliminar
2002-06-01,24020230,PUEBLO VIEJO,123.0,Preliminar
2002-07-01,24020230,PUEBLO VIEJO,35.0,Preliminar
2002-08-01,24020230,PUEBLO VIEJO,19.0,Preliminar
2002-09-01,24020230,PUEBLO VIEJO,21.0,Preliminar
2002-10-01,24020230,PUEBLO VIEJO,86.0,Preliminar
2002-11-01,24020230,PUEBLO VIEJO,57.0,Preliminar
2002-12-01,24020230,PUEBLO VIEJO,35.0,Preliminar
2003-02-01,24020230,PUEBLO VIEJO,37.0,Preliminar
2003-03-01,24020230,PUEBLO VIEJO,34.0,Preliminar
2003-04-01,24020230,PUEBLO VIEJO,63.0,Preliminar
2003-05-01,24020230,PUEBLO VIEJO,58.0,Preliminar
2003-06-01,24020230,PUEBLO VIEJO,33.0,Preliminar
2003-07-01,24020230,PUEBLO VIEJO,37.0,Preliminar
2003-09-01,24020230,PUEBLO VIEJO,26.0,Preliminar
2003-10-01,24020230,PUEBLO VIEJO,61.0,Preliminar
2003-12-01,24020230,PUEBLO VIEJO,27.0,Preliminar
2004-01-01,24020230,PUEBLO VIEJO,11.0,Preliminar
2004-02-01,24020230,PUEBLO VIEJO,9.0,Preliminar
2004-03-01,24020230,PUEBLO VIEJO,25.0,Preliminar
2004-05-01,24020230,PUEBLO VIEJO,20.0,Preliminar
2004-06-01,24020230,PUEBLO VIEJO,50.0,Preliminar
2004-07-01,24020230,PUEBLO VIEJO,21.0,Preliminar
2004-08-01,24020230,PUEBLO VIEJO,12.0,Preliminar
2004-09-01,24020230,PUEBLO VIEJO,13.0,Preliminar
2004-10-01,24020230,PUEBLO VIEJO,65.0,Preliminar
2004-11-01,24020230,PUEBLO VIEJO,150.0,Preliminar
2004-12-01,24020230,PUEBLO VIEJO,206.0,Preliminar
2005-01-01,24020230,PUEBLO VIEJO,161.0,Preliminar
2005-03-01,24020230,PUEBLO VIEJO,157.0,Preliminar
2005-04-01,24020230,PUEBLO VIEJO,252.0,Preliminar
2005-05-01,24020230,PUEBLO VIEJO,260.0,Preliminar
2005-06-01,24020230,PUEBLO VIEJO,89.0,Preliminar
2005-08-01,24020230,PUEBLO VIEJO,121.0,Preliminar
2005-10-01,24020230,PUEBLO VIEJO,259.0,Preliminar
2005-11-01,24020230,PUEBLO VIEJO,208.0,Preliminar
2005-12-01,24020230,PUEBLO VIEJO,71.0,Preliminar
2006-01-01,24020230,PUEBLO VIEJO,88.0,Preliminar
2006-02-01,24020230,PUEBLO VIEJO,45.0,Preliminar
2006-03-01,24020230,PUEBLO VIEJO,160.0,Preliminar
2006-04-01,24020230,PUEBLO VIEJO,341.0,Preliminar
2007-12-01,24020230,PUEBLO VIEJO,235.0,Preliminar
2008-01-01,24020230,PUEBLO VIEJO,200.0,Preliminar
2008-02-01,24020230,PUEBLO VIEJO,178.0,Preliminar
2008-03-01,24020230,PUEBLO VIEJO,208.0,Preliminar
2008-04-01,24020230,PUEBLO VIEJO,225.0,Preliminar
2008-05-01,24020230,PUEBLO VIEJO,301.0,Preliminar
2008-06-01,24020230,PUEBLO VIEJO,204.0,Preliminar
2008-07-01,24020230,PUEBLO VIEJO,123.0,Preliminar
2008-08-01,24020230,PUEBLO VIEJO,182.0,Preliminar
2008-09-01,24020230,PUEBLO VIEJO,277.0,Preliminar
2008-10-01,24020230,PUEBLO VIEJO,210.0,Preliminar
2008-11-01,24020230,PUEBLO VIEJO,186.0,Preliminar
2008-12-01,24020230,PUEBLO VIEJO,63.0,Preliminar
2009-01-01,24020230,PUEBLO VIEJO,144.0,Preliminar
2009-02-01,24020230,PUEBLO VIEJO,177.0,Preliminar
2009-03-01,24020230,PUEBLO VIEJO,295.0,Preliminar
2009-04-01,24020230,PUEBLO VIEJO,181.0,Preliminar
2009-05-01,24020230,PUEBLO VIEJO,174.0,Preliminar
2009-06-01,24020230,PUEBLO VIEJO,122.0,Preliminar
2009-07-01,24020230,PUEBLO VIEJO,49.0,Preliminar
2009-08-01,24020230,PUEBLO VIEJO,120.0,Preliminar
2009-09-01,24020230,PUEBLO VIEJO,91.0,Preliminar
2009-10-01,24020230,PUEBLO VIEJO,192.0,Preliminar
2009-11-01,24020230,PUEBLO VIEJO,192.0,Preliminar
2009-12-01,24020230,PUEBLO VIEJO,74.0,Preliminar
2010-01-01,24020230,PUEBLO VIEJO,55.0,Preliminar
2010-02-01,24020230,PUEBLO VIEJO,90.0,Preliminar
2010-03-01,24020230,PUEBLO VIEJO,113.0,Preliminar
2010-04-01,24020230,PUEBLO VIEJO,204.0,Preliminar
2010-05-01,24020230,PUEBLO VIEJO,306.0,Preliminar
2010-06-01,24020230,PUEBLO VIEJO,238.0,Preliminar
2010-07-01,24020230,PUEBLO VIEJO,244.0,Preliminar
2010-08-01,24020230,PUEBLO VIEJO,155.0,Preliminar
2010-09-01,24020230,PUEBLO VIEJO,274.0,Preliminar
2010-10-01,24020230,PUEBLO VIEJO,408.0,Preliminar
2010-11-01,24020230,PUEBLO VIEJO,303.0,Preliminar
2010-12-01,24020230,PUEBLO VIEJO,139.0,Preliminar
2011-01-01,24020230,PUEBLO VIEJO,30.0,Preliminar
2011-02-01,24020230,PUEBLO VIEJO,179.0,Preliminar
2011-03-01,24020230,PUEBLO VIEJO,278.0,Preliminar
2011-04-01,24020230,PUEBLO VIEJO,408.0,Preliminar
2011-05-01,24020230,PUEBLO VIEJO,279.0,Preliminar
2011-06-01,24020230,PUEBLO VIEJO,160.0,Preliminar
2011-07-01,24020230,PUEBLO VIEJO,81.0,Preliminar
2011-08-01,24020230,PUEBLO VIEJO,173.0,Preliminar
2011-09-01,24020230,PUEBLO VIEJO,154.0,Preliminar
2011-10-01,24020230,PUEBLO VIEJO,335.0,Preliminar
2011-11-01,24020230,PUEBLO VIEJO,286.0,Preliminar
2011-12-01,24020230,PUEBLO VIEJO,143.0,Preliminar
2012-01-01,24020230,PUEBLO VIEJO,121.0,Preliminar
2012-02-01,24020230,PUEBLO VIEJO,67.0,Preliminar
2012-03-01,24020230,PUEBLO VIEJO,241.0,Preliminar
2012-04-01,24020230,PUEBLO VIEJO,497.0,Preliminar
2012-05-01,24020230,PUEBLO VIEJO,171.1,Preliminar
2012-06-01,24020230,PUEBLO VIEJO,150.0,Preliminar
2012-07-01,24020230,PUEBLO VIEJO,123.0,Preliminar
2012-08-01,24020230,PUEBLO VIEJO,169.0,Preliminar
2012-09-01,24020230,PUEBLO VIEJO,164.0,Preliminar
2012-10-01,24020230,PUEBLO VIEJO,273.0,Preliminar
2012-11-01,24020230,PUEBLO VIEJO,179.0,Preliminar
2012-12-01,24020230,PUEBLO VIEJO,89.0,Preliminar
2013-01-01,24020230,PUEBLO VIEJO,17.0,Preliminar
2013-02-01,24020230,PUEBLO VIEJO,187.0,Preliminar
2013-03-01,24020230,PUEBLO VIEJO,275.0,Preliminar
2013-04-01,24020230,PUEBLO VIEJO,273.0,Preliminar
2013-05-01,24020230,PUEBLO VIEJO,212.0,Preliminar
2013-06-01,24020230,PUEBLO VIEJO,55.0,Preliminar
2013-08-01,24020230,PUEBLO VIEJO,150.0,Preliminar
2013-09-01,24020230,PUEBLO VIEJO,141.0,Preliminar
2013-12-01,24020230,PUEBLO VIEJO,77.0,Preliminar
2014-01-01,24020230,PUEBLO VIEJO,140.0,Preliminar
2014-02-01,24020230,PUEBLO VIEJO,217.0,Preliminar
2014-03-01,24020230,PUEBLO VIEJO,215.0,Preliminar
2014-04-01,24020230,PUEBLO VIEJO,203.0,Preliminar
2014-05-01,24020230,PUEBLO VIEJO,183.0,Preliminar
2014-06-01,24020230,PUEBLO VIEJO,12.0,Preliminar
2014-07-01,24020230,PUEBLO VIEJO,13.0,Preliminar
2014-08-01,24020230,PUEBLO VIEJO,50.0,Preliminar
2014-09-01,24020230,PUEBLO VIEJO,105.0,Preliminar
2014-10-01,24020230,PUEBLO VIEJO,178.0,Preliminar
2014-11-01,24020230,PUEBLO VIEJO,161.0,Preliminar
2014-12-01,24020230,PUEBLO VIEJO,83.0,Preliminar
2015-01-01,24020230,PUEBLO VIEJO,81.0,Preliminar
2015-02-01,24020230,PUEBLO VIEJO,91.0,Preliminar
2015-03-01,24020230,PUEBLO VIEJO,191.0,Preliminar
2015-04-01,24020230,PUEBLO VIEJO,265.0,Preliminar
2015-05-01,24020230,PUEBLO VIEJO,75.9,Preliminar
2015-06-01,24020230,PUEBLO VIEJO,1.4,Preliminar
2015-07-01,24020230,PUEBLO VIEJO,49.0,Preliminar
2015-08-01,24020230,PUEBLO VIEJO,79.2,Preliminar
2015-09-01,24020230,PUEBLO VIEJO,53.4,Preliminar
2015-10-01,24020230,PUEBLO VIEJO,207.8,Preliminar
2015-11-01,24020230,PUEBLO VIEJO,143.8,Preliminar
2015-12-01,24020230,PUEBLO VIEJO,35.1,Preliminar
2016-01-01,24020230,PUEBLO VIEJO,38.1,Preliminar
2016-02-01,24020230,PUEBLO VIEJO,114.6,Preliminar
2016-03-01,24020230,PUEBLO VIEJO,128.8,Preliminar
2016-04-01,24020230,PUEBLO VIEJO,227.1,Preliminar
2016-05-01,24020230,PUEBLO VIEJO,157.9,Preliminar
2016-06-01,24020230,PUEBLO VIEJO,27.9,Preliminar
2016-07-01,24020230,PUEBLO VIEJO,44.7,Preliminar
2016-08-01,24020230,PUEBLO VIEJO,82.1,Preliminar
2016-09-01,24020230,PUEBLO VIEJO,105.4,Preliminar
2016-10-01,24020230,PUEBLO VIEJO,247.9,Preliminar
2016-11-01,24020230,PUEBLO VIEJO,319.3,Preliminar
2016-12-01,24020230,PUEBLO VIEJO,105.4,Preliminar
2017-01-01,24020230,PUEBLO VIEJO,44.7,Preliminar
2017-02-01,24020230,PUEBLO VIEJO,43.0,Preliminar
2017-04-01,24020230,PUEBLO VIEJO,233.0,Preliminar
2017-05-01,24020230,PUEBLO VIEJO,250.0,Preliminar
2017-06-01,24020230,PUEBLO VIEJO,228.0,Preliminar
2017-07-01,24020230,PUEBLO VIEJO,71.0,Preliminar
2017-08-01,24020230,PUEBLO VIEJO,105.0,Preliminar
2017-09-01,24020230,PUEBLO VIEJO,123.0,Preliminar
2017-10-01,24020230,PUEBLO VIEJO,125.0,Preliminar
2017-11-01,24020230,PUEBLO VIEJO,120.0,Preliminar
2017-12-01,24020230,PUEBLO VIEJO,108.0,Preliminar
2018-01-01,24020230,PUEBLO VIEJO,125.0,Preliminar
2018-02-01,24020230,PUEBLO VIEJO,76.0,Preliminar
2018-03-01,24020230,PUEBLO VIEJO,261.0,Preliminar
2018-04-01,24020230,PUEBLO VIEJO,197.0,Preliminar
2018-05-01,24020230,PUEBLO VIEJO,257.0,Preliminar
2018-06-01,24020230,PUEBLO VIEJO,67.0,Preliminar
2018-07-01,24020230,PUEBLO VIEJO,87.0,Preliminar
2018-08-01,24020230,PUEBLO VIEJO,86.0,Preliminar
2018-09-01,24020230,PUEBLO VIEJO,188.0,Preliminar
2018-10-01,24020230,PUEBLO VIEJO,259.0,Preliminar
2018-11-01,24020230,PUEBLO VIEJO,186.0,Preliminar
2018-12-01,24020230,PUEBLO VIEJO,33.0,Preliminar
2019-01-01,24020230,PUEBLO VIEJO,63.0,Preliminar
2019-02-01,24020230,PUEBLO VIEJO,176.0,Preliminar
2019-03-01,24020230,PUEBLO VIEJO,311.0,Preliminar
2019-04-01,24020230,PUEBLO VIEJO,233.0,Preliminar
2019-05-01,24020230,PUEBLO VIEJO,237.0,Preliminar
2019-06-01,24020230,PUEBLO VIEJO,36.0,Preliminar
2019-07-01,24020230,PUEBLO VIEJO,67.0,Preliminar
2019-08-01,24020230,PUEBLO VIEJO,32.0,Preliminar
2019-09-01,24020230,PUEBLO VIEJO,183.0,Preliminar
2019-10-01,24020230,PUEBLO VIEJO,116.0,Preliminar
2019-11-01,24020230,PUEBLO VIEJO,157.0,Preliminar
2019-12-01,24020230,PUEBLO VIEJO,94.0,Preliminar
2020-01-01,24020230,PUEBLO VIEJO,67.0,Preliminar
2020-02-01,24020230,PUEBLO VIEJO,0.0,Preliminar
2020-03-01,24020230,PUEBLO VIEJO,204.0,Preliminar
2020-04-01,24020230,PUEBLO VIEJO,183.0,Preliminar
2020-05-01,24020230,PUEBLO VIEJO,137.0,Preliminar
2020-06-01,24020230,PUEBLO VIEJO,121.0,Preliminar
2020-07-01,24020230,PUEBLO VIEJO,54.0,Preliminar
2020-08-01,24020230,PUEBLO VIEJO,56.0,Preliminar
2020-09-01,24020230,PUEBLO VIEJO,79.0,Preliminar
2020-10-01,24020230,PUEBLO VIEJO,185.0,Preliminar
2020-11-01,24020230,PUEBLO VIEJO,222.0,Preliminar
2020-12-01,24020230,PUEBLO VIEJO,48.0,Preliminar
2021-01-01,24020230,PUEBLO VIEJO,18.0,Preliminar
2021-02-01,24020230,PUEBLO VIEJO,131.0,Preliminar
2021-03-01,24020230,PUEBLO VIEJO,336.0,Preliminar
2021-04-01,24020230,PUEBLO VIEJO,241.0,Preliminar
2021-05-01,24020230,PUEBLO VIEJO,323.0,Preliminar
2021-06-01,24020230,PUEBLO VIEJO,99.0,Preliminar
2021-07-01,24020230,PUEBLO VIEJO,49.0,Preliminar
2021-08-01,24020230,PUEBLO VIEJO,135.0,Preliminar
2021-09-01,24020230,PUEBLO VIEJO,96.0,Preliminar
2021-10-01,24020230,PUEBLO VIEJO,218.0,Preliminar
2021-11-01,24020230,PUEBLO VIEJO,172.0,Preliminar
2021-12-01,24020230,PUEBLO VIEJO,53.0,Preliminar
2022-01-01,24020230,PUEBLO VIEJO,18.0,Preliminar
2022-02-01,24020230,PUEBLO VIEJO,143.0,Preliminar
2022-03-01,24020230,PUEBLO VIEJO,245.0,Preliminar
2022-04-01,24020230,PUEBLO VIEJO,205.0,Preliminar
2022-05-01,24020230,PUEBLO VIEJO,158.0,Preliminar
2022-06-01,24020230,PUEBLO VIEJO,214.0,Preliminar
2022-07-01,24020230,PUEBLO VIEJO,105.0,Preliminar
2022-08-01,24020230,PUEBLO VIEJO,132.0,Preliminar
2022-09-01,24020230,PUEBLO VIEJO,288.0,Preliminar
2022-10-01,24020230,PUEBLO VIEJO,307.0,Preliminar
2022-11-01,24020230,PUEBLO VIEJO,248.0,Preliminar
2022-12-01,24020230,PUEBLO VIEJO,78.0,Preliminar
1998-01-01,24025040,ESCUELA AGRICOLA MOGOTES,59.4,Preliminar
1998-02-01,24025040,ESCUELA AGRICOLA MOGOTES,65.0,Preliminar
1998-03-01,24025040,ESCUELA AGRICOLA MOGOTES,166.1,Preliminar
1998-04-01,24025040,ESCUELA AGRICOLA MOGOTES,288.0,Preliminar
1998-05-01,24025040,ESCUELA AGRICOLA MOGOTES,297.5,Preliminar
1998-06-01,24025040,ESCUELA AGRICOLA MOGOTES,287.0,Preliminar
1998-07-01,24025040,ESCUELA AGRICOLA MOGOTES,304.2,Preliminar
1998-08-01,24025040,ESCUELA AGRICOLA MOGOTES,305.6,Preliminar
1998-09-01,24025040,ESCUELA AGRICOLA MOGOTES,293.1,Preliminar
1998-10-01,24025040,ESCUELA AGRICOLA MOGOTES,449.4,Preliminar
1998-11-01,24025040,ESCUELA AGRICOLA MOGOTES,232.6,Preliminar
1998-12-01,24025040,ESCUELA AGRICOLA MOGOTES,188.7,Preliminar
1999-01-01,24025040,ESCUELA AGRICOLA MOGOTES,116.9,Preliminar
1999-02-01,24025040,ESCUELA AGRICOLA MOGOTES,293.0,Preliminar
1999-03-01,24025040,ESCUELA AGRICOLA MOGOTES,226.3,Preliminar
1999-04-01,24025040,ESCUELA AGRICOLA MOGOTES,308.8,Preliminar
1999-05-01,24025040,ESCUELA AGRICOLA MOGOTES,455.5,Preliminar
1999-06-01,24025040,ESCUELA AGRICOLA MOGOTES,342.3,Preliminar
1999-07-01,24025040,ESCUELA AGRICOLA MOGOTES,137.7,Preliminar
1999-08-01,24025040,ESCUELA AGRICOLA MOGOTES,335.9,Preliminar
1999-09-01,24025040,ESCUELA AGRICOLA MOGOTES,379.2,Preliminar
1999-10-01,24025040,ESCUELA AGRICOLA MOGOTES,269.6,Preliminar
1999-11-01,24025040,ESCUELA AGRICOLA MOGOTES,230.5,Preliminar
1999-12-01,24025040,ESCUELA AGRICOLA MOGOTES,174.7,Preliminar
2000-01-01,24025040,ESCUELA AGRICOLA MOGOTES,41.5,Preliminar
2000-02-01,24025040,ESCUELA AGRICOLA MOGOTES,162.2,Preliminar
2000-03-01,24025040,ESCUELA AGRICOLA MOGOTES,116.2,Preliminar
2000-04-01,24025040,ESCUELA AGRICOLA MOGOTES,472.6,Preliminar
2000-05-01,24025040,ESCUELA AGRICOLA MOGOTES,376.3,Preliminar
2000-06-01,24025040,ESCUELA AGRICOLA MOGOTES,261.4,Preliminar
2000-07-01,24025040,ESCUELA AGRICOLA MOGOTES,249.7,Preliminar
2000-08-01,24025040,ESCUELA AGRICOLA MOGOTES,199.1,Preliminar
2000-09-01,24025040,ESCUELA AGRICOLA MOGOTES,391.6,Preliminar
2000-10-01,24025040,ESCUELA AGRICOLA MOGOTES,360.8,Preliminar
2000-11-01,24025040,ESCUELA AGRICOLA MOGOTES,111.7,Preliminar
2000-12-01,24025040,ESCUELA AGRICOLA MOGOTES,79.9,Preliminar
2001-01-01,24025040,ESCUELA AGRICOLA MOGOTES,73.2,Preliminar
2001-02-01,24025040,ESCUELA AGRICOLA MOGOTES,20.4,Preliminar
2001-03-01,24025040,ESCUELA AGRICOLA MOGOTES,191.3,Preliminar
2001-04-01,24025040,ESCUELA AGRICOLA MOGOTES,237.1,Preliminar
2001-05-01,24025040,ESCUELA AGRICOLA MOGOTES,411.2,Preliminar
2001-06-01,24025040,ESCUELA AGRICOLA MOGOTES,243.3,Preliminar
2001-07-01,24025040,ESCUELA AGRICOLA MOGOTES,311.8,Preliminar
2001-08-01,24025040,ESCUELA AGRICOLA MOGOTES,222.5,Preliminar
2001-09-01,24025040,ESCUELA AGRICOLA MOGOTES,270.6,Preliminar
2001-10-01,24025040,ESCUELA AGRICOLA MOGOTES,348.4,Preliminar
2001-11-01,24025040,ESCUELA AGRICOLA MOGOTES,275.4,Preliminar
2001-12-01,24025040,ESCUELA AGRICOLA MOGOTES,111.8,Preliminar
2002-01-01,24025040,ESCUELA AGRICOLA MOGOTES,80.9,Preliminar
2002-02-01,24025040,ESCUELA AGRICOLA MOGOTES,23.1,Preliminar
2002-03-01,24025040,ESCUELA AGRICOLA MOGOTES,241.1,Preliminar
2002-04-01,24025040,ESCUELA AGRICOLA MOGOTES,276.6,Preliminar
2002-05-01,24025040,ESCUELA AGRICOLA MOGOTES,344.7,Preliminar
2002-06-01,24025040,ESCUELA AGRICOLA MOGOTES,241.5,Preliminar
2002-07-01,24025040,ESCUELA AGRICOLA MOGOTES,168.1,Preliminar
2002-08-01,24025040,ESCUELA AGRICOLA MOGOTES,312.2,Preliminar
2002-09-01,24025040,ESCUELA AGRICOLA MOGOTES,216.6,Preliminar
2002-10-01,24025040,ESCUELA AGRICOLA MOGOTES,265.5,Preliminar
2002-11-01,24025040,ESCUELA AGRICOLA MOGOTES,201.1,Preliminar
2002-12-01,24025040,ESCUELA AGRICOLA MOGOTES,146.0,Preliminar
2003-01-01,24025040,ESCUELA AGRICOLA MOGOTES,1.8,Preliminar
2003-02-01,24025040,ESCUELA AGRICOLA MOGOTES,89.4,Preliminar
2003-03-01,24025040,ESCUELA AGRICOLA MOGOTES,74.2,Preliminar
2003-04-01,24025040,ESCUELA AGRICOLA MOGOTES,414.0,Preliminar
2003-05-01,24025040,ESCUELA AGRICOLA MOGOTES,381.7,Preliminar
2003-06-01,24025040,ESCUELA AGRICOLA MOGOTES,421.7,Preliminar
2003-07-01,24025040,ESCUELA AGRICOLA MOGOTES,198.9,Preliminar
2003-08-01,24025040,ESCUELA AGRICOLA MOGOTES,336.9,Preliminar
2003-09-01,24025040,ESCUELA AGRICOLA MOGOTES,268.0,Preliminar
2003-10-01,24025040,ESCUELA AGRICOLA MOGOTES,370.2,Preliminar
2003-11-01,24025040,ESCUELA AGRICOLA MOGOTES,235.9,Preliminar
2003-12-01,24025040,ESCUELA AGRICOLA MOGOTES,139.2,Preliminar
2004-01-01,24025040,ESCUELA AGRICOLA MOGOTES,80.8,Preliminar
2004-02-01,24025040,ESCUELA AGRICOLA MOGOTES,130.4,Preliminar
2004-03-01,24025040,ESCUELA AGRICOLA MOGOTES,172.0,Preliminar
2004-04-01,24025040,ESCUELA AGRICOLA MOGOTES,396.1,Preliminar
2004-05-01,24025040,ESCUELA AGRICOLA MOGOTES,465.1,Preliminar
2004-06-01,24025040,ESCUELA AGRICOLA MOGOTES,178.7,Preliminar
2004-07-01,24025040,ESCUELA AGRICOLA MOGOTES,265.0,Preliminar
2004-08-01,24025040,ESCUELA AGRICOLA MOGOTES,208.6,Preliminar
2004-09-01,24025040,ESCUELA AGRICOLA MOGOTES,287.9,Preliminar
2004-10-01,24025040,ESCUELA AGRICOLA MOGOTES,307.5,Preliminar
2004-11-01,24025040,ESCUELA AGRICOLA MOGOTES,222.0,Preliminar
2004-12-01,24025040,ESCUELA AGRICOLA MOGOTES,167.6,Preliminar
2005-01-01,24025040,ESCUELA AGRICOLA MOGOTES,147.0,Preliminar
2005-02-01,24025040,ESCUELA AGRICOLA MOGOTES,47.0,Preliminar
2005-03-01,24025040,ESCUELA AGRICOLA MOGOTES,26.9,Preliminar
2005-04-01,24025040,ESCUELA AGRICOLA MOGOTES,300.0,Preliminar
2005-05-01,24025040,ESCUELA AGRICOLA MOGOTES,347.9,Preliminar
2005-06-01,24025040,ESCUELA AGRICOLA MOGOTES,268.8,Preliminar
2005-07-01,24025040,ESCUELA AGRICOLA MOGOTES,221.1,Preliminar
2005-08-01,24025040,ESCUELA AGRICOLA MOGOTES,258.9,Preliminar
2005-09-01,24025040,ESCUELA AGRICOLA MOGOTES,353.2,Preliminar
2005-10-01,24025040,ESCUELA AGRICOLA MOGOTES,315.2,Preliminar
2005-11-01,24025040,ESCUELA AGRICOLA MOGOTES,388.5,Preliminar
2005-12-01,24025040,ESCUELA AGRICOLA MOGOTES,92.7,Preliminar
2006-01-01,24025040,ESCUELA AGRICOLA MOGOTES,61.1,Preliminar
2006-02-01,24025040,ESCUELA AGRICOLA MOGOTES,30.6,Preliminar
2006-03-01,24025040,ESCUELA AGRICOLA MOGOTES,225.0,Preliminar
2006-04-01,24025040,ESCUELA AGRICOLA MOGOTES,306.1,Preliminar
2006-05-01,24025040,ESCUELA AGRICOLA MOGOTES,300.8,Preliminar
2006-06-01,24025040,ESCUELA AGRICOLA MOGOTES,353.3,Preliminar
2006-07-01,24025040,ESCUELA AGRICOLA MOGOTES,137.3,Preliminar
2006-08-01,24025040,ESCUELA AGRICOLA MOGOTES,308.5,Preliminar
2006-09-01,24025040,ESCUELA AGRICOLA MOGOTES,190.8,Preliminar
2006-10-01,24025040,ESCUELA AGRICOLA MOGOTES,321.9,Preliminar
2006-11-01,24025040,ESCUELA AGRICOLA MOGOTES,302.7,Preliminar
2006-12-01,24025040,ESCUELA AGRICOLA MOGOTES,240.4,Preliminar
2007-01-01,24025040,ESCUELA AGRICOLA MOGOTES,154.8,Preliminar
2007-02-01,24025040,ESCUELA AGRICOLA MOGOTES,10.0,Preliminar
2007-03-01,24025040,ESCUELA AGRICOLA MOGOTES,294.8,Preliminar
2007-04-01,24025040,ESCUELA AGRICOLA MOGOTES,277.5,Preliminar
2007-05-01,24025040,ESCUELA AGRICOLA MOGOTES,330.0,Preliminar
2007-06-01,24025040,ESCUELA AGRICOLA MOGOTES,194.3,Preliminar
2007-07-01,24025040,ESCUELA AGRICOLA MOGOTES,415.8,Preliminar
2007-08-01,24025040,ESCUELA AGRICOLA MOGOTES,433.0,Preliminar
2007-09-01,24025040,ESCUELA AGRICOLA MOGOTES,264.4,Preliminar
2007-10-01,24025040,ESCUELA AGRICOLA MOGOTES,366.5,Preliminar
2007-11-01,24025040,ESCUELA AGRICOLA MOGOTES,209.2,Preliminar
2007-12-01,24025040,ESCUELA AGRICOLA MOGOTES,221.3,Preliminar
2008-01-01,24025040,ESCUELA AGRICOLA MOGOTES,43.2,Preliminar
2008-02-01,24025040,ESCUELA AGRICOLA MOGOTES,69.5,Preliminar
2008-03-01,24025040,ESCUELA AGRICOLA MOGOTES,139.9,Preliminar
2008-04-01,24025040,ESCUELA AGRICOLA MOGOTES,204.5,Preliminar
2008-05-01,24025040,ESCUELA AGRICOLA MOGOTES,292.6,Preliminar
2008-06-01,24025040,ESCUELA AGRICOLA MOGOTES,239.1,Preliminar
2008-07-01,24025040,ESCUELA AGRICOLA MOGOTES,448.9,Preliminar
2008-08-01,24025040,ESCUELA AGRICOLA MOGOTES,299.2,Preliminar
2008-09-01,24025040,ESCUELA AGRICOLA MOGOTES,259.3,Preliminar
2008-10-01,24025040,ESCUELA AGRICOLA MOGOTES,336.1,Preliminar
2008-11-01,24025040,ESCUELA AGRICOLA MOGOTES,240.0,Preliminar
2008-12-01,24025040,ESCUELA AGRICOLA MOGOTES,60.5,Preliminar
2009-01-01,24025040,ESCUELA AGRICOLA MOGOTES,98.7,Preliminar
2009-02-01,24025040,ESCUELA AGRICOLA MOGOTES,216.2,Preliminar
2009-03-01,24025040,ESCUELA AGRICOLA MOGOTES,334.6,Preliminar
2009-04-01,24025040,ESCUELA AGRICOLA MOGOTES,305.6,Preliminar
2009-05-01,24025040,ESCUELA AGRICOLA MOGOTES,313.6,Preliminar
2009-06-01,24025040,ESCUELA AGRICOLA MOGOTES,310.6,Preliminar
2009-07-01,24025040,ESCUELA AGRICOLA MOGOTES,127.1,Preliminar
2009-08-01,24025040,ESCUELA AGRICOLA MOGOTES,535.0,Preliminar
2009-09-01,24025040,ESCUELA AGRICOLA MOGOTES,173.6,Preliminar
2009-10-01,24025040,ESCUELA AGRICOLA MOGOTES,243.9,Preliminar
2009-11-01,24025040,ESCUELA AGRICOLA MOGOTES,123.3,Preliminar
2009-12-01,24025040,ESCUELA AGRICOLA MOGOTES,134.6,Preliminar
2010-01-01,24025040,ESCUELA AGRICOLA MOGOTES,18.7,Preliminar
2010-02-01,24025040,ESCUELA AGRICOLA MOGOTES,87.0,Preliminar
2010-03-01,24025040,ESCUELA AGRICOLA MOGOTES,178.6,Preliminar
2010-04-01,24025040,ESCUELA AGRICOLA MOGOTES,241.9,Preliminar
2010-05-01,24025040,ESCUELA AGRICOLA MOGOTES,412.3,Preliminar
2010-06-01,24025040,ESCUELA AGRICOLA MOGOTES,341.9,Preliminar
2010-07-01,24025040,ESCUELA AGRICOLA MOGOTES,483.8,Preliminar
2010-08-01,24025040,ESCUELA AGRICOLA MOGOTES,345.8,Preliminar
2010-09-01,24025040,ESCUELA AGRICOLA MOGOTES,403.2,Preliminar
2010-10-01,24025040,ESCUELA AGRICOLA MOGOTES,283.2,Preliminar
2010-11-01,24025040,ESCUELA AGRICOLA MOGOTES,277.3,Preliminar
2010-12-01,24025040,ESCUELA AGRICOLA MOGOTES,147.8,Preliminar
2011-01-01,24025040,ESCUELA AGRICOLA MOGOTES,104.9,Preliminar
2011-02-01,24025040,ESCUELA AGRICOLA MOGOTES,215.4,Preliminar
2011-03-01,24025040,ESCUELA AGRICOLA MOGOTES,365.2,Preliminar
2011-04-01,24025040,ESCUELA AGRICOLA MOGOTES,573.1,Preliminar
2011-05-01,24025040,ESCUELA AGRICOLA MOGOTES,306.5,Preliminar
2011-06-01,24025040,ESCUELA AGRICOLA MOGOTES,248.2,Preliminar
2011-07-01,24025040,ESCUELA AGRICOLA MOGOTES,208.9,Preliminar
2011-08-01,24025040,ESCUELA AGRICOLA MOGOTES,366.3,Preliminar
2011-09-01,24025040,ESCUELA AGRICOLA MOGOTES,295.5,Preliminar
2012-01-01,24025040,ESCUELA AGRICOLA MOGOTES,24.1,Preliminar
2012-02-01,24025040,ESCUELA AGRICOLA MOGOTES,56.8,Preliminar
2012-03-01,24025040,ESCUELA AGRICOLA MOGOTES,313.1,Preliminar
2012-04-01,24025040,ESCUELA AGRICOLA MOGOTES,422.5,Preliminar
2012-05-01,24025040,ESCUELA AGRICOLA MOGOTES,353.3,Preliminar
2012-06-01,24025040,ESCUELA AGRICOLA MOGOTES,171.5,Preliminar
2012-07-01,24025040,ESCUELA AGRICOLA MOGOTES,204.4,Preliminar
2012-08-01,24025040,ESCUELA AGRICOLA MOGOTES,292.7,Preliminar
2012-09-01,24025040,ESCUELA AGRICOLA MOGOTES,242.2,Preliminar
2012-10-01,24025040,ESCUELA AGRICOLA MOGOTES,298.2,Preliminar
2012-11-01,24025040,ESCUELA AGRICOLA MOGOTES,134.0,Preliminar
2012-12-01,24025040,ESCUELA AGRICOLA MOGOTES,78.9,Preliminar
2013-01-01,24025040,ESCUELA AGRICOLA MOGOTES,24.5,Preliminar
2013-02-01,24025040,ESCUELA AGRICOLA MOGOTES,115.8,Preliminar
2013-03-01,24025040,ESCUELA AGRICOLA MOGOTES,185.4,Preliminar
2013-04-01,24025040,ESCUELA AGRICOLA MOGOTES,227.1,Preliminar
2013-05-01,24025040,ESCUELA AGRICOLA MOGOTES,448.0,Preliminar
2013-06-01,24025040,ESCUELA AGRICOLA MOGOTES,182.0,Preliminar
2013-07-01,24025040,ESCUELA AGRICOLA MOGOTES,89.6,Preliminar
2013-08-01,24025040,ESCUELA AGRICOLA MOGOTES,237.7,Preliminar
2013-09-01,24025040,ESCUELA AGRICOLA MOGOTES,195.4,Preliminar
2013-10-01,24025040,ESCUELA AGRICOLA MOGOTES,282.5,Preliminar
2013-11-01,24025040,ESCUELA AGRICOLA MOGOTES,120.5,Preliminar
2014-01-01,24025040,ESCUELA AGRICOLA MOGOTES,23.1,Preliminar
2014-02-01,24025040,ESCUELA AGRICOLA MOGOTES,90.9,Preliminar
2014-03-01,24025040,ESCUELA AGRICOLA MOGOTES,143.3,Preliminar
2014-04-01,24025040,ESCUELA AGRICOLA MOGOTES,336.5,Preliminar
2014-05-01,24025040,ESCUELA AGRICOLA MOGOTES,298.7,Preliminar
2014-06-01,24025040,ESCUELA AGRICOLA MOGOTES,251.2,Preliminar
2014-07-01,24025040,ESCUELA AGRICOLA MOGOTES,192.9,Preliminar
2014-08-01,24025040,ESCUELA AGRICOLA MOGOTES,225.9,Preliminar
2014-09-01,24025040,ESCUELA AGRICOLA MOGOTES,261.5,Preliminar
2014-10-01,24025040,ESCUELA AGRICOLA MOGOTES,259.8,Preliminar
2014-11-01,24025040,ESCUELA AGRICOLA MOGOTES,316.3,Preliminar
2014-12-01,24025040,ESCUELA AGRICOLA MOGOTES,72.8,Preliminar
2015-01-01,24025040,ESCUELA AGRICOLA MOGOTES,65.1,Preliminar
2015-02-01,24025040,ESCUELA AGRICOLA MOGOTES,161.5,Preliminar
2015-03-01,24025040,ESCUELA AGRICOLA MOGOTES,168.2,Preliminar
2015-04-01,24025040,ESCUELA AGRICOLA MOGOTES,385.2,Preliminar
2015-05-01,24025040,ESCUELA AGRICOLA MOGOTES,213.1,Preliminar
2015-06-01,24025040,ESCUELA AGRICOLA MOGOTES,136.6,Preliminar
2015-07-01,24025040,ESCUELA AGRICOLA MOGOTES,242.9,Preliminar
2015-08-01,24025040,ESCUELA AGRICOLA MOGOTES,178.8,Preliminar
2015-09-01,24025040,ESCUELA AGRICOLA MOGOTES,143.8,Preliminar
2015-10-01,24025040,ESCUELA AGRICOLA MOGOTES,261.8,Preliminar
2015-11-01,24025040,ESCUELA AGRICOLA MOGOTES,171.6,Preliminar
2015-12-01,24025040,ESCUELA AGRICOLA MOGOTES,44.9,Preliminar
2016-01-01,24025040,ESCUELA AGRICOLA MOGOTES,53.0,Preliminar
2016-02-01,24025040,ESCUELA AGRICOLA MOGOTES,54.8,Preliminar
2016-03-01,24025040,ESCUELA AGRICOLA MOGOTES,87.3,Preliminar
2016-04-01,24025040,ESCUELA AGRICOLA MOGOTES,323.1,Preliminar
2016-05-01,24025040,ESCUELA AGRICOLA MOGOTES,463.4,Preliminar
2016-06-01,24025040,ESCUELA AGRICOLA MOGOTES,286.0,Preliminar
2016-07-01,24025040,ESCUELA AGRICOLA MOGOTES,219.8,Preliminar
2016-08-01,24025040,ESCUELA AGRICOLA MOGOTES,227.1,Preliminar
2016-09-01,24025040,ESCUELA AGRICOLA MOGOTES,296.8,Preliminar
2016-10-01,24025040,ESCUELA AGRICOLA MOGOTES,220.2,Preliminar
2016-11-01,24025040,ESCUELA AGRICOLA MOGOTES,280.7,Preliminar
2016-12-01,24025040,ESCUELA AGRICOLA MOGOTES,188.0,Preliminar
2017-01-01,24025040,ESCUELA AGRICOLA MOGOTES,118.5,Preliminar
2017-02-01,24025040,ESCUELA AGRICOLA MOGOTES,77.9,Preliminar
2017-03-01,24025040,ESCUELA AGRICOLA MOGOTES,388.4,Preliminar
2017-04-01,24025040,ESCUELA AGRICOLA MOGOTES,296.0,Preliminar
2017-05-01,24025040,ESCUELA AGRICOLA MOGOTES,355.9,Preliminar
2017-06-01,24025040,ESCUELA AGRICOLA MOGOTES,350.4,Preliminar
2017-07-01,24025040,ESCUELA AGRICOLA MOGOTES,219.8,Preliminar
2017-08-01,24025040,ESCUELA AGRICOLA MOGOTES,245.4,Preliminar
2017-09-01,24025040,ESCUELA AGRICOLA MOGOTES,218.5,Preliminar
2017-10-01,24025040,ESCUELA AGRICOLA MOGOTES,306.2,Preliminar
2017-11-01,24025040,ESCUELA AGRICOLA MOGOTES,276.1,Preliminar
2017-12-01,24025040,ESCUELA AGRICOLA MOGOTES,113.1,Preliminar
2018-01-01,24025040,ESCUELA AGRICOLA MOGOTES,133.4,Preliminar
2018-02-01,24025040,ESCUELA AGRICOLA MOGOTES,23.1,Preliminar
2018-03-01,24025040,ESCUELA AGRICOLA MOGOTES,254.1,Preliminar
2018-04-01,24025040,ESCUELA AGRICOLA MOGOTES,451.7,Preliminar
2018-05-01,24025040,ESCUELA AGRICOLA MOGOTES,548.3,Preliminar
2018-06-01,24025040,ESCUELA AGRICOLA MOGOTES,326.6,Preliminar
2018-07-01,24025040,ESCUELA AGRICOLA MOGOTES,291.9,Preliminar
2018-08-01,24025040,ESCUELA AGRICOLA MOGOTES,164.5,Preliminar
2018-09-01,24025040,ESCUELA AGRICOLA MOGOTES,274.8,Preliminar
2018-10-01,24025040,ESCUELA AGRICOLA MOGOTES,339.5,Preliminar
2018-11-01,24025040,ESCUELA AGRICOLA MOGOTES,173.8,Preliminar
2018-12-01,24025040,ESCUELA AGRICOLA MOGOTES,94.3,Preliminar
2019-01-01,24025040,ESCUELA AGRICOLA MOGOTES,25.8,Preliminar
2019-02-01,24025040,ESCUELA AGRICOLA MOGOTES,103.3,Preliminar
2019-03-01,24025040,ESCUELA AGRICOLA MOGOTES,294.8,Preliminar
2019-04-01,24025040,ESCUELA AGRICOLA MOGOTES,368.1,Preliminar
2019-05-01,24025040,ESCUELA AGRICOLA MOGOTES,366.6,Preliminar
2019-06-01,24025040,ESCUELA AGRICOLA MOGOTES,186.4,Preliminar
2019-07-01,24025040,ESCUELA AGRICOLA MOGOTES,313.7,Preliminar
2019-08-01,24025040,ESCUELA AGRICOLA MOGOTES,212.2,Preliminar
2019-09-01,24025040,ESCUELA AGRICOLA MOGOTES,315.1,Preliminar
2019-10-01,24025040,ESCUELA AGRICOLA MOGOTES,255.8,Preliminar
2019-11-01,24025040,ESCUELA AGRICOLA MOGOTES,233.3,Preliminar
2019-12-01,24025040,ESCUELA AGRICOLA MOGOTES,117.5,Preliminar
2020-01-01,24025040,ESCUELA AGRICOLA MOGOTES,23.2,Preliminar
2020-02-01,24025040,ESCUELA AGRICOLA MOGOTES,58.1,Preliminar
2020-03-01,24025040,ESCUELA AGRICOLA MOGOTES,158.6,Preliminar
2020-04-01,24025040,ESCUELA AGRICOLA MOGOTES,210.0,Preliminar
2020-05-01,24025040,ESCUELA AGRICOLA MOGOTES,226.3,Preliminar
2020-06-01,24025040,ESCUELA AGRICOLA MOGOTES,350.0,Preliminar
2020-07-01,24025040,ESCUELA AGRICOLA MOGOTES,325.3,Preliminar
2020-08-01,24025040,ESCUELA AGRICOLA MOGOTES,222.1,Preliminar
2020-09-01,24025040,ESCUELA AGRICOLA MOGOTES,193.4,Preliminar
2020-10-01,24025040,ESCUELA AGRICOLA MOGOTES,349.3,Preliminar
2020-11-01,24025040,ESCUELA AGRICOLA MOGOTES,345.6,Preliminar
2020-12-01,24025040,ESCUELA AGRICOLA MOGOTES,144.7,Preliminar
2021-01-01,24025040,ESCUELA AGRICOLA MOGOTES,62.3,Preliminar
2021-02-01,24025040,ESCUELA AGRICOLA MOGOTES,142.8,Preliminar
2021-03-01,24025040,ESCUELA AGRICOLA MOGOTES,327.9,Preliminar
2021-04-01,24025040,ESCUELA AGRICOLA MOGOTES,225.9,Preliminar
2021-05-01,24025040,ESCUELA AGRICOLA MOGOTES,457.7,Preliminar
2021-06-01,24025040,ESCUELA AGRICOLA MOGOTES,194.2,Preliminar
2021-07-01,24025040,ESCUELA AGRICOLA MOGOTES,301.3,Preliminar
2021-08-01,24025040,ESCUELA AGRICOLA MOGOTES,350.2,Preliminar
2021-09-01,24025040,ESCUELA AGRICOLA MOGOTES,339.4,Preliminar
2021-10-01,24025040,ESCUELA AGRICOLA MOGOTES,333.9,Preliminar
2021-11-01,24025040,ESCUELA AGRICOLA MOGOTES,256.8,Preliminar
2021-12-01,24025040,ESCUELA AGRICOLA MOGOTES,91.8,Preliminar
2022-01-01,24025040,ESCUELA AGRICOLA MOGOTES,2.5,Preliminar
2022-02-01,24025040,ESCUELA AGRICOLA MOGOTES,108.6,Preliminar
2022-03-01,24025040,ESCUELA AGRICOLA MOGOTES,355.6,Preliminar
2022-04-01,24025040,ESCUELA AGRICOLA MOGOTES,274.6,Preliminar
2022-05-01,24025040,ESCUELA AGRICOLA MOGOTES,391.6,Preliminar
2022-06-01,24025040,ESCUELA AGRICOLA MOGOTES,446.2,Preliminar
2022-07-01,24025040,ESCUELA AGRICOLA MOGOTES,284.5,Preliminar
2022-08-01,24025040,ESCUELA AGRICOLA MOGOTES,277.3,Preliminar
2022-09-01,24025040,ESCUELA AGRICOLA MOGOTES,460.5,Preliminar
2022-10-01,24025040,ESCUELA AGRICOLA MOGOTES,243.9,Preliminar
2022-11-01,24025040,ESCUELA AGRICOLA MOGOTES,331.3,Preliminar
2022-12-01,24025040,ESCUELA AGRICOLA MOGOTES,27.0,Preliminar
1998-01-01,24025050,CHARALÁ,80.6,Preliminar
1998-02-01,24025050,CHARALÁ,145.3,Preliminar
1998-03-01,24025050,CHARALÁ,192.0,Preliminar
1998-04-01,24025050,CHARALÁ,267.5,Preliminar
1998-05-01,24025050,CHARALÁ,255.7,Preliminar
1998-06-01,24025050,CHARALÁ,141.5,Preliminar
1998-07-01,24025050,CHARALÁ,195.8,Preliminar
1998-08-01,24025050,CHARALÁ,192.1,Preliminar
1998-09-01,24025050,CHARALÁ,268.9,Preliminar
1998-10-01,24025050,CHARALÁ,491.7,Preliminar
1998-11-01,24025050,CHARALÁ,239.5,Preliminar
1998-12-01,24025050,CHARALÁ,272.0,Preliminar
1999-01-01,24025050,CHARALÁ,208.7,Preliminar
1999-02-01,24025050,CHARALÁ,377.8,Preliminar
1999-03-01,24025050,CHARALÁ,296.9,Preliminar
1999-04-01,24025050,CHARALÁ,269.1,Preliminar
1999-05-01,24025050,CHARALÁ,196.5,Preliminar
1999-06-01,24025050,CHARALÁ,338.5,Preliminar
1999-07-01,24025050,CHARALÁ,140.1,Preliminar
1999-08-01,24025050,CHARALÁ,284.8,Preliminar
1999-09-01,24025050,CHARALÁ,362.5,Preliminar
1999-10-01,24025050,CHARALÁ,407.9,Preliminar
1999-11-01,24025050,CHARALÁ,321.5,Preliminar
1999-12-01,24025050,CHARALÁ,187.4,Preliminar
2000-01-01,24025050,CHARALÁ,109.0,Preliminar
2000-02-01,24025050,CHARALÁ,218.2,Preliminar
2000-03-01,24025050,CHARALÁ,181.2,Preliminar
2000-04-01,24025050,CHARALÁ,286.2,Preliminar
2000-05-01,24025050,CHARALÁ,226.7,Preliminar
2000-06-01,24025050,CHARALÁ,236.9,Preliminar
2000-07-01,24025050,CHARALÁ,158.4,Preliminar
2000-08-01,24025050,CHARALÁ,217.2,Preliminar
2000-09-01,24025050,CHARALÁ,252.2,Preliminar
2000-10-01,24025050,CHARALÁ,227.3,Preliminar
2000-11-01,24025050,CHARALÁ,171.2,Preliminar
2000-12-01,24025050,CHARALÁ,66.0,Preliminar
2001-01-01,24025050,CHARALÁ,138.6,Preliminar
2001-02-01,24025050,CHARALÁ,161.0,Preliminar
2001-03-01,24025050,CHARALÁ,267.8,Preliminar
2001-04-01,24025050,CHARALÁ,130.3,Preliminar
2001-05-01,24025050,CHARALÁ,283.1,Preliminar
2001-06-01,24025050,CHARALÁ,168.1,Preliminar
2001-07-01,24025050,CHARALÁ,142.2,Preliminar
2001-08-01,24025050,CHARALÁ,177.0,Preliminar
2001-09-01,24025050,CHARALÁ,277.3,Preliminar
2001-10-01,24025050,CHARALÁ,361.2,Preliminar
2001-11-01,24025050,CHARALÁ,388.8,Preliminar
2001-12-01,24025050,CHARALÁ,248.6,Preliminar
2002-01-01,24025050,CHARALÁ,89.7,Preliminar
2002-02-01,24025050,CHARALÁ,83.6,Preliminar
2002-03-01,24025050,CHARALÁ,164.1,Preliminar
2002-04-01,24025050,CHARALÁ,441.2,Preliminar
2002-05-01,24025050,CHARALÁ,215.5,Preliminar
2002-06-01,24025050,CHARALÁ,174.1,Preliminar
2002-07-01,24025050,CHARALÁ,104.1,Preliminar
2002-08-01,24025050,CHARALÁ,336.5,Preliminar
2002-09-01,24025050,CHARALÁ,261.9,Preliminar
2002-10-01,24025050,CHARALÁ,244.9,Preliminar
2002-11-01,24025050,CHARALÁ,239.1,Preliminar
2002-12-01,24025050,CHARALÁ,239.2,Preliminar
2003-01-01,24025050,CHARALÁ,12.9,Preliminar
2003-02-01,24025050,CHARALÁ,189.8,Preliminar
2003-03-01,24025050,CHARALÁ,200.3,Preliminar
2003-04-01,24025050,CHARALÁ,327.7,Preliminar
2003-05-01,24025050,CHARALÁ,322.4,Preliminar
2003-06-01,24025050,CHARALÁ,239.1,Preliminar
2003-07-01,24025050,CHARALÁ,99.6,Preliminar
2003-08-01,24025050,CHARALÁ,265.8,Preliminar
2003-09-01,24025050,CHARALÁ,311.3,Preliminar
2003-10-01,24025050,CHARALÁ,292.3,Preliminar
2003-11-01,24025050,CHARALÁ,365.1,Preliminar
2003-12-01,24025050,CHARALÁ,148.1,Preliminar
2004-01-01,24025050,CHARALÁ,91.1,Preliminar
2004-02-01,24025050,CHARALÁ,77.1,Preliminar
2004-03-01,24025050,CHARALÁ,112.6,Preliminar
2004-04-01,24025050,CHARALÁ,340.2,Preliminar
2004-05-01,24025050,CHARALÁ,325.9,Preliminar
2004-06-01,24025050,CHARALÁ,143.8,Preliminar
2004-07-01,24025050,CHARALÁ,233.5,Preliminar
2004-08-01,24025050,CHARALÁ,142.9,Preliminar
2004-09-01,24025050,CHARALÁ,345.9,Preliminar
2004-12-01,24025050,CHARALÁ,125.0,Preliminar
2005-01-01,24025050,CHARALÁ,182.7,Preliminar
2005-02-01,24025050,CHARALÁ,134.7,Preliminar
2005-03-01,24025050,CHARALÁ,310.9,Preliminar
2005-06-01,24025050,CHARALÁ,198.9,Preliminar
2005-07-01,24025050,CHARALÁ,219.6,Preliminar
2005-08-01,24025050,CHARALÁ,85.8,Preliminar
2005-09-01,24025050,CHARALÁ,36.2,Preliminar
2005-11-01,24025050,CHARALÁ,309.1,Preliminar
2005-12-01,24025050,CHARALÁ,100.6,Preliminar
2006-01-01,24025050,CHARALÁ,139.5,Preliminar
2006-02-01,24025050,CHARALÁ,87.2,Preliminar
2006-03-01,24025050,CHARALÁ,333.9,Preliminar
2006-04-01,24025050,CHARALÁ,305.1,Preliminar
2006-05-01,24025050,CHARALÁ,342.4,Preliminar
2006-06-01,24025050,CHARALÁ,177.5,Preliminar
2006-07-01,24025050,CHARALÁ,69.3,Preliminar
2006-08-01,24025050,CHARALÁ,104.4,Preliminar
2006-09-01,24025050,CHARALÁ,171.3,Preliminar
2006-10-01,24025050,CHARALÁ,403.6,Preliminar
2006-11-01,24025050,CHARALÁ,284.3,Preliminar
2006-12-01,24025050,CHARALÁ,252.2,Preliminar
2007-01-01,24025050,CHARALÁ,112.5,Preliminar
2007-02-01,24025050,CHARALÁ,42.5,Preliminar
2007-03-01,24025050,CHARALÁ,348.7,Preliminar
2007-04-01,24025050,CHARALÁ,374.7,Preliminar
2007-05-01,24025050,CHARALÁ,414.5,Preliminar
2007-06-01,24025050,CHARALÁ,86.5,Preliminar
2007-07-01,24025050,CHARALÁ,213.8,Preliminar
2007-08-01,24025050,CHARALÁ,184.1,Preliminar
2007-09-01,24025050,CHARALÁ,245.4,Preliminar
2007-10-01,24025050,CHARALÁ,404.9,Preliminar
2007-11-01,24025050,CHARALÁ,172.7,Preliminar
2007-12-01,24025050,CHARALÁ,222.0,Preliminar
2008-01-01,24025050,CHARALÁ,127.6,Preliminar
2008-02-01,24025050,CHARALÁ,214.1,Preliminar
2008-03-01,24025050,CHARALÁ,157.2,Preliminar
2008-04-01,24025050,CHARALÁ,257.3,Preliminar
2008-05-01,24025050,CHARALÁ,390.4,Preliminar
2008-06-01,24025050,CHARALÁ,289.4,Preliminar
2008-07-01,24025050,CHARALÁ,119.5,Preliminar
2008-08-01,24025050,CHARALÁ,417.3,Preliminar
2008-09-01,24025050,CHARALÁ,164.7,Preliminar
2008-10-01,24025050,CHARALÁ,351.1,Preliminar
2008-11-01,24025050,CHARALÁ,322.3,Preliminar
2008-12-01,24025050,CHARALÁ,193.5,Preliminar
2009-01-01,24025050,CHARALÁ,193.9,Preliminar
2009-02-01,24025050,CHARALÁ,220.7,Preliminar
2009-03-01,24025050,CHARALÁ,295.4,Preliminar
2009-04-01,24025050,CHARALÁ,308.0,Preliminar
2009-05-01,24025050,CHARALÁ,226.2,Preliminar
2009-06-01,24025050,CHARALÁ,152.8,Preliminar
2009-07-01,24025050,CHARALÁ,90.8,Preliminar
2009-08-01,24025050,CHARALÁ,252.4,Preliminar
2009-09-01,24025050,CHARALÁ,154.8,Preliminar
2009-10-01,24025050,CHARALÁ,259.1,Preliminar
2009-11-01,24025050,CHARALÁ,188.5,Preliminar
2009-12-01,24025050,CHARALÁ,130.5,Preliminar
2010-01-01,24025050,CHARALÁ,42.2,Preliminar
2010-02-01,24025050,CHARALÁ,75.2,Preliminar
2010-03-01,24025050,CHARALÁ,251.4,Preliminar
2010-04-01,24025050,CHARALÁ,339.3,Preliminar
2010-05-01,24025050,CHARALÁ,366.7,Preliminar
2010-06-01,24025050,CHARALÁ,286.6,Preliminar
2010-07-01,24025050,CHARALÁ,357.2,Preliminar
2010-08-01,24025050,CHARALÁ,252.9,Preliminar
2010-09-01,24025050,CHARALÁ,323.5,Preliminar
2010-10-01,24025050,CHARALÁ,390.2,Preliminar
2010-11-01,24025050,CHARALÁ,372.4,Preliminar
2010-12-01,24025050,CHARALÁ,99.1,Preliminar
2011-01-01,24025050,CHARALÁ,162.4,Preliminar
2011-02-01,24025050,CHARALÁ,151.9,Preliminar
2011-03-01,24025050,CHARALÁ,373.8,Preliminar
2011-04-01,24025050,CHARALÁ,471.1,Preliminar
2011-05-01,24025050,CHARALÁ,394.2,Preliminar
2011-06-01,24025050,CHARALÁ,147.8,Preliminar
2011-07-01,24025050,CHARALÁ,175.4,Preliminar
2011-08-01,24025050,CHARALÁ,112.8,Preliminar
2011-09-01,24025050,CHARALÁ,236.4,Preliminar
2011-10-01,24025050,CHARALÁ,407.9,Preliminar
2011-11-01,24025050,CHARALÁ,364.2,Preliminar
2011-12-01,24025050,CHARALÁ,270.0,Preliminar
2012-01-01,24025050,CHARALÁ,186.3,Preliminar
2012-02-01,24025050,CHARALÁ,52.6,Preliminar
2012-03-01,24025050,CHARALÁ,327.1,Preliminar
2012-04-01,24025050,CHARALÁ,465.0,Preliminar
2012-05-01,24025050,CHARALÁ,326.7,Preliminar
2012-06-01,24025050,CHARALÁ,115.2,Preliminar
2012-07-01,24025050,CHARALÁ,167.9,Preliminar
2012-08-01,24025050,CHARALÁ,170.6,Preliminar
2012-09-01,24025050,CHARALÁ,221.0,Preliminar
2012-10-01,24025050,CHARALÁ,352.2,Preliminar
2012-11-01,24025050,CHARALÁ,112.8,Preliminar
2012-12-01,24025050,CHARALÁ,114.4,Preliminar
2013-01-01,24025050,CHARALÁ,48.3,Preliminar
2013-02-01,24025050,CHARALÁ,264.7,Preliminar
2013-03-01,24025050,CHARALÁ,251.8,Preliminar
2013-04-01,24025050,CHARALÁ,421.0,Preliminar
2013-05-01,24025050,CHARALÁ,480.7,Preliminar
2013-06-01,24025050,CHARALÁ,82.2,Preliminar
2013-07-01,24025050,CHARALÁ,131.1,Preliminar
2013-09-01,24025050,CHARALÁ,244.3,Preliminar
2013-10-01,24025050,CHARALÁ,321.1,Preliminar
2014-01-01,24025050,CHARALÁ,68.7,Preliminar
2014-02-01,24025050,CHARALÁ,284.4,Preliminar
2014-03-01,24025050,CHARALÁ,220.5,Preliminar
2014-04-01,24025050,CHARALÁ,278.3,Preliminar
2014-05-01,24025050,CHARALÁ,230.2,Preliminar
2014-06-01,24025050,CHARALÁ,101.2,Preliminar
2014-07-01,24025050,CHARALÁ,92.2,Preliminar
2014-08-01,24025050,CHARALÁ,177.6,Preliminar
2014-09-01,24025050,CHARALÁ,161.2,Preliminar
2014-10-01,24025050,CHARALÁ,338.9,Preliminar
2014-11-01,24025050,CHARALÁ,281.9,Preliminar
2014-12-01,24025050,CHARALÁ,110.6,Preliminar
2015-01-01,24025050,CHARALÁ,169.6,Preliminar
2015-02-01,24025050,CHARALÁ,113.3,Preliminar
2015-03-01,24025050,CHARALÁ,253.6,Preliminar
2015-04-01,24025050,CHARALÁ,313.8,Preliminar
2015-05-01,24025050,CHARALÁ,176.6,Preliminar
2015-06-01,24025050,CHARALÁ,70.8,Preliminar
2015-07-01,24025050,CHARALÁ,198.9,Preliminar
2015-08-01,24025050,CHARALÁ,301.6,Preliminar
2015-09-01,24025050,CHARALÁ,194.6,Preliminar
2015-10-01,24025050,CHARALÁ,382.0,Preliminar
2015-11-01,24025050,CHARALÁ,148.3,Preliminar
2015-12-01,24025050,CHARALÁ,89.9,Preliminar
2016-01-01,24025050,CHARALÁ,54.7,Preliminar
2016-02-01,24025050,CHARALÁ,46.7,Preliminar
2016-03-01,24025050,CHARALÁ,128.4,Preliminar
2016-05-01,24025050,CHARALÁ,244.6,Preliminar
2016-06-01,24025050,CHARALÁ,47.5,Preliminar
2016-07-01,24025050,CHARALÁ,144.7,Preliminar
2016-08-01,24025050,CHARALÁ,126.9,Preliminar
2016-09-01,24025050,CHARALÁ,158.9,Preliminar
2016-10-01,24025050,CHARALÁ,341.4,Preliminar
2016-11-01,24025050,CHARALÁ,399.7,Preliminar
2016-12-01,24025050,CHARALÁ,203.3,Preliminar
2017-01-01,24025050,CHARALÁ,103.8,Preliminar
2017-02-01,24025050,CHARALÁ,91.4,Preliminar
2017-03-01,24025050,CHARALÁ,379.8,Preliminar
2017-04-01,24025050,CHARALÁ,307.8,Preliminar
2017-05-01,24025050,CHARALÁ,339.7,Preliminar
2017-06-01,24025050,CHARALÁ,258.4,Preliminar
2017-07-01,24025050,CHARALÁ,126.9,Preliminar
2017-08-01,24025050,CHARALÁ,172.0,Preliminar
2017-09-01,24025050,CHARALÁ,256.5,Preliminar
2017-10-01,24025050,CHARALÁ,287.8,Preliminar
2017-11-01,24025050,CHARALÁ,236.4,Preliminar
2017-12-01,24025050,CHARALÁ,218.6,Preliminar
2018-01-01,24025050,CHARALÁ,228.6,Preliminar
2018-02-01,24025050,CHARALÁ,142.9,Preliminar
2018-03-01,24025050,CHARALÁ,290.4,Preliminar
2018-04-01,24025050,CHARALÁ,342.5,Preliminar
2018-06-01,24025050,CHARALÁ,134.4,Preliminar
2018-07-01,24025050,CHARALÁ,123.2,Preliminar
2018-08-01,24025050,CHARALÁ,191.8,Preliminar
2018-09-01,24025050,CHARALÁ,192.7,Preliminar
2018-10-01,24025050,CHARALÁ,409.5,Preliminar
2018-11-01,24025050,CHARALÁ,297.1,Preliminar
2018-12-01,24025050,CHARALÁ,67.9,Preliminar
2019-01-01,24025050,CHARALÁ,121.4,Preliminar
2019-02-01,24025050,CHARALÁ,245.1,Preliminar
2019-03-01,24025050,CHARALÁ,392.3,Preliminar
2019-04-01,24025050,CHARALÁ,376.5,Preliminar
2019-05-01,24025050,CHARALÁ,355.8,Preliminar
2019-06-01,24025050,CHARALÁ,40.0,Preliminar
2019-07-01,24025050,CHARALÁ,87.8,Preliminar
2019-08-01,24025050,CHARALÁ,82.6,Preliminar
2019-09-01,24025050,CHARALÁ,218.4,Preliminar
2019-10-01,24025050,CHARALÁ,271.7,Preliminar
2019-11-01,24025050,CHARALÁ,184.4,Preliminar
2019-12-01,24025050,CHARALÁ,111.2,Preliminar
2020-01-01,24025050,CHARALÁ,76.9,Preliminar
2020-02-01,24025050,CHARALÁ,82.2,Preliminar
2020-03-01,24025050,CHARALÁ,231.0,Preliminar
2020-04-01,24025050,CHARALÁ,219.3,Preliminar
2020-05-01,24025050,CHARALÁ,231.5,Preliminar
2020-06-01,24025050,CHARALÁ,152.0,Preliminar
2020-07-01,24025050,CHARALÁ,157.6,Preliminar
2020-08-01,24025050,CHARALÁ,218.4,Preliminar
2020-09-01,24025050,CHARALÁ,160.2,Preliminar
2020-10-01,24025050,CHARALÁ,415.7,Preliminar
2020-11-01,24025050,CHARALÁ,429.2,Preliminar
2020-12-01,24025050,CHARALÁ,137.2,Preliminar
2021-01-01,24025050,CHARALÁ,35.1,Preliminar
2021-02-01,24025050,CHARALÁ,146.3,Preliminar
2021-03-01,24025050,CHARALÁ,387.5,Preliminar
2021-04-01,24025050,CHARALÁ,255.4,Preliminar
2021-05-01,24025050,CHARALÁ,393.1,Preliminar
2021-06-01,24025050,CHARALÁ,178.0,Preliminar
2021-07-01,24025050,CHARALÁ,161.2,Preliminar
2021-08-01,24025050,CHARALÁ,277.7,Preliminar
2021-09-01,24025050,CHARALÁ,374.9,Preliminar
2021-10-01,24025050,CHARALÁ,261.0,Preliminar
2021-11-01,24025050,CHARALÁ,227.1,Preliminar
2021-12-01,24025050,CHARALÁ,137.6,Preliminar
2022-01-01,24025050,CHARALÁ,31.0,Preliminar
2022-02-01,24025050,CHARALÁ,246.8,Preliminar
2022-03-01,24025050,CHARALÁ,435.0,Preliminar
2022-04-01,24025050,CHARALÁ,252.3,Preliminar
2022-05-01,24025050,CHARALÁ,334.3,Preliminar
2022-06-01,24025050,CHARALÁ,288.6,Preliminar
2022-07-01,24025050,CHARALÁ,88.3,Preliminar
2022-08-01,24025050,CHARALÁ,264.1,Preliminar
2022-09-01,24025050,CHARALÁ,342.5,Preliminar
2022-10-01,24025050,CHARALÁ,265.8,Preliminar
2022-11-01,24025050,CHARALÁ,437.8,Preliminar
2022-12-01,24025050,CHARALÁ,131.9,Preliminar
