Dataset: 3B-MO.MS.MRG.3IMERG.20031001-S000000-E235959.10.V07B.HDF5
precipitation[0][0], 0.043, 0.043, 0.044, 0.045, 0.046, 0.045, 0.046, 0.047, 0.047, 0.047, 0.048, 0.049, 0.048, 0.047, 0.047, 0.046, 0.046, 0.045, 0.045, 0.044, 0.043, 0.043, 0.042, 0.043, 0.043, 0.044, 0.044, 0.044, 0.044, 0.045, 0.045, 0.045, 0.049, 0.053, 0.058, 0.063, 0.068, 0.073, 0.078, 0.083, 0.088, 0.094, 0.099, 0.104, 0.11, 0.115, 0.121, 0.124, 0.129, 0.134, 0.14, 0.145, 0.157, 0.176, 0.196, 0.215, 0.234, 0.239, 0.056, 0.063, 0.076, 0.092, 0.092, 0.108, 0.121, 0.137, 0.166, 0.175, 0.183, 0.21, 0.224, 0.245, 0.306, 0.375, 0.416, 0.491, 0.606, 0.644, 0.68, 0.668, 0.742, 0.666, 0.666, 0.597, 0.547, 0.501, 0.429, 0.405, 0.457, 0.506, 0.59, 0.585, 0.566, 0.622, 0.651, 0.72, 0.866, 1.003, 1.291, 1.426, 1.717, 1.572, 1.436, 1.327, 1.411, 1.214, 0.989, 1.033, 0.903, 0.751, 0.744, 0.716, 0.628, 0.674, 0.686, 0.731, 0.739, 0.711, 0.806, 0.808, 0.854, 1.008, 0.8, 0.619, 0.556, 0.583, 0.576, 0.603, 0.544, 0.549, 0.448, 0.437, 0.365, 0.316, 0.302, 0.44, 0.444, 0.451, 0.444, 0.438, 0.436, 0.426, 0.426, 0.415, 0.308, 0.377, 0.385, 0.347, 0.332, 0.383, 0.386, 0.365, 0.346, 0.26, 0.271, 0.315, 0.296, 0.286, 0.334, 0.289, 0.276, 0.259, 0.282, 0.248, 0.28, 0.294, 0.307, 0.427, 0.436, 0.361, 0.325, 0.207, 0.196, 0.226, 0.261, 0.271, 0.31, 0.3, 0.263, 0.393, 0.334, 0.331, 0.29, 0.263, 0.288
precipitation[0][1], 0.048, 0.048, 0.049, 0.05, 0.051, 0.051, 0.051, 0.052, 0.053, 0.053, 0.054, 0.055, 0.054, 0.053, 0.053, 0.052, 0.052, 0.051, 0.05, 0.05, 0.049, 0.048, 0.048, 0.049, 0.049, 0.05, 0.05, 0.051, 0.051, 0.052, 0.052, 0.053, 0.056, 0.06, 0.065, 0.07, 0.075, 0.079, 0.084, 0.089, 0.093, 0.098, 0.104, 0.11, 0.116, 0.123, 0.129, 0.132, 0.138, 0.144, 0.151, 0.157, 0.17, 0.19, 0.211, 0.232, 0.251, 0.26, 0.051, 0.066, 0.09, 0.097, 0.093, 0.11, 0.116, 0.133, 0.182, 0.201, 0.216, 0.241, 0.257, 0.292, 0.354, 0.416, 0.48, 0.545, 0.64, 0.721, 0.769, 0.769, 0.776, 0.774, 0.746, 0.676, 0.634, 0.532, 0.47, 0.438, 0.466, 0.518, 0.604, 0.676, 0.682, 0.719, 0.705, 0.729, 0.871, 0.942, 1.147, 1.213, 1.305, 1.288, 1.326, 1.272, 1.359, 1.25, 1.079, 0.977, 1.172, 0.866, 0.725, 0.633, 0.633, 0.645, 0.697, 0.725, 0.754, 0.743, 0.771, 1.161, 1.133, 1.094, 1.045, 0.803, 0.698, 0.727, 0.664, 0.739, 0.961, 0.742, 0.474, 0.396, 0.381, 0.413, 0.368, 0.42, 0.438, 0.447, 0.453, 0.444, 0.431, 0.425, 0.424, 0.415, 0.293, 0.314, 0.373, 0.283, 0.333, 0.362, 0.356, 0.341, 0.31, 0.25, 0.268, 0.329, 0.338, 0.322, 0.547, 0.357, 0.305, 0.282, 0.263, 0.25, 0.265, 0.278, 0.296, 0.354, 0.408, 0.33, 0.289, 0.179, 0.169, 0.191, 0.255, 0.252, 0.311, 0.298, 0.279, 0.296, 0.353, 0.363, 0.318, 0.318, 0.311
precipitation[0][2], 0.053, 0.053, 0.055, 0.055, 0.057, 0.056, 0.057, 0.058, 0.059, 0.06, 0.061, 0.061, 0.061, 0.061, 0.06, 0.059, 0.059, 0.059, 0.058, 0.058, 0.057, 0.056, 0.056, 0.057, 0.058, 0.059, 0.06, 0.061, 0.062, 0.063, 0.064, 0.065, 0.067, 0.071, 0.075, 0.079, 0.083, 0.087, 0.091, 0.095, 0.099, 0.103, 0.109, 0.116, 0.123, 0.131, 0.138, 0.142, 0.149, 0.157, 0.164, 0.172, 0.186, 0.208, 0.231, 0.254, 0.276, 0.285, 0.302, 0.057, 0.08, 0.091, 0.085, 0.093, 0.108, 0.129, 0.155, 0.2, 0.22, 0.254, 0.302, 0.321, 0.395, 0.463, 0.527, 0.601, 0.698, 0.723, 0.845, 0.833, 0.792, 0.833, 0.803, 0.665, 0.618, 0.526, 0.5, 0.499, 0.523, 0.532, 0.583, 0.68, 0.748, 0.797, 0.847, 0.955, 0.998, 1.036, 1.169, 1.153, 1.214, 1.109, 1.083, 1.083, 1.096, 1.051, 1.03, 1.053, 1.09, 0.866, 0.757, 0.667, 0.659, 0.724, 0.769, 0.887, 0.805, 0.796, 0.776, 1, 1.032, 1.314, 1.099, 0.852, 0.689, 0.635, 0.666, 0.672, 0.736, 0.763, 0.615, 0.539, 0.384, 0.626, 0.327, 0.321, 0.432, 0.442, 0.448, 0.445, 0.43, 0.423, 0.426, 0.412, 0.329, 0.271, 0.294, 0.295, 0.383, 0.397, 0.379, 0.355, 0.299, 0.274, 0.297, 0.501, 0.391, 0.472, 0.516, 0.395, 0.322, 0.268, 0.261, 0.262, 0.231, 0.25, 0.293, 0.355, 0.372, 0.304, 0.28, 0.19, 0.181, 0.176, 0.254, 0.256, 0.317, 0.287, 0.313, 0.323, 0.382, 0.333, 0.337, 0.341, 0.336
precipitation[0][3], 0.059, 0.058, 0.059, 0.061, 0.064, 0.068, 0.064, 0.065, 0.066, 0.067, 0.068, 0.069, 0.069, 0.068, 0.067, 0.067, 0.067, 0.067, 0.067, 0.067, 0.067, 0.064, 0.064, 0.065, 0.067, 0.068, 0.07, 0.071, 0.073, 0.074, 0.075, 0.076, 0.079, 0.082, 0.086, 0.089, 0.092, 0.095, 0.098, 0.102, 0.105, 0.108, 0.114, 0.122, 0.131, 0.139, 0.147, 0.152, 0.161, 0.169, 0.178, 0.186, 0.202, 0.227, 0.251, 0.276, 0.3, 0.309, 0.333, 0.05, 0.075, 0.088, 0.092, 0.097, 0.113, 0.119, 0.152, 0.178, 0.248, 0.305, 0.354, 0.367, 0.437, 0.504, 0.61, 0.725, 0.796, 0.807, 0.933, 0.936, 0.957, 0.897, 0.913, 0.764, 0.618, 0.551, 0.52, 0.513, 0.532, 0.558, 0.607, 0.726, 0.842, 0.877, 0.92, 1.103, 1.309, 1.173, 1.124, 1.026, 0.992, 0.937, 0.985, 0.944, 0.991, 0.997, 0.932, 0.949, 0.866, 0.853, 0.695, 0.667, 0.7, 0.71, 0.799, 0.816, 0.816, 0.843, 0.862, 1.098, 1.149, 1.052, 1.192, 1.044, 0.841, 0.686, 0.656, 0.604, 0.741, 0.747, 0.749, 0.648, 0.706, 0.528, 0.418, 0.426, 0.426, 0.43, 0.434, 0.432, 0.429, 0.424, 0.425, 0.409, 0.25, 0.327, 0.327, 0.27, 0.379, 0.367, 0.375, 0.334, 0.33, 0.317, 0.329, 0.41, 0.494, 0.582, 0.621, 0.41, 0.347, 0.304, 0.276, 0.258, 0.215, 0.257, 0.294, 0.345, 0.347, 0.283, 0.335, 0.266, 0.239, 0.226, 0.354, 0.262, 0.295, 0.285, 0.309, 0.322, 0.36, 0.359, 0.388, 0.383, 0.361
precipitation[0][4], 0.066, 0.063, 0.063, 0.065, 0.07, 0.074, 0.072, 0.072, 0.074, 0.075, 0.077, 0.077, 0.078, 0.076, 0.075, 0.075, 0.074, 0.074, 0.074, 0.074, 0.075, 0.072, 0.072, 0.074, 0.075, 0.077, 0.079, 0.081, 0.083, 0.084, 0.086, 0.088, 0.09, 0.092, 0.095, 0.098, 0.1, 0.103, 0.105, 0.108, 0.111, 0.113, 0.119, 0.129, 0.138, 0.147, 0.157, 0.162, 0.172, 0.182, 0.192, 0.204, 0.219, 0.245, 0.272, 0.298, 0.324, 0.334, 0.359, 0.379, 0.065, 0.086, 0.096, 0.121, 0.129, 0.123, 0.156, 0.2, 0.217, 0.269, 0.359, 0.404, 0.497, 0.56, 0.678, 0.847, 0.815, 0.87, 1.012, 1.065, 1.079, 1.053, 1.034, 0.861, 0.778, 0.628, 0.594, 0.572, 0.601, 0.653, 0.704, 0.761, 0.863, 0.933, 1.033, 1.071, 1.334, 1.285, 1.243, 1.078, 0.946, 0.902, 0.919, 0.896, 0.871, 0.908, 0.912, 0.897, 0.802, 0.698, 0.639, 0.696, 0.717, 0.784, 0.913, 0.883, 0.89, 0.988, 0.963, 1.169, 1.043, 1.105, 1.071, 0.95, 0.767, 0.64, 0.641, 0.582, 0.826, 0.913, 0.84, 0.722, 0.548, 0.542, 0.479, 0.421, 0.427, 0.43, 0.429, 0.421, 0.417, 0.424, 0.429, 0.242, 0.342, 0.39, 0.41, 0.331, 0.425, 0.514, 0.506, 0.45, 0.399, 0.396, 0.445, 0.543, 0.545, 0.5, 0.617, 0.488, 0.429, 0.304, 0.305, 0.349, 0.318, 0.332, 0.352, 0.36, 0.287, 0.296, 0.328, 0.308, 0.253, 0.35, 0.356, 0.289, 0.388, 0.302, 0.31, 0.31, 0.391, 0.393, 0.425, 0.472, 0.433
precipitation[0][5], 0.072, 0.068, 0.067, 0.072, 0.076, 0.08, 0.081, 0.079, 0.08, 0.083, 0.085, 0.086, 0.086, 0.085, 0.083, 0.082, 0.082, 0.082, 0.081, 0.082, 0.081, 0.08, 0.08, 0.082, 0.084, 0.087, 0.089, 0.091, 0.093, 0.095, 0.098, 0.1, 0.102, 0.104, 0.105, 0.107, 0.109, 0.111, 0.113, 0.114, 0.116, 0.118, 0.124, 0.135, 0.145, 0.155, 0.166, 0.172, 0.183, 0.195, 0.206, 0.217, 0.236, 0.265, 0.293, 0.322, 0.349, 0.361, 0.387, 0.414, 0.435, 0.086, 0.095, 0.115, 0.135, 0.14, 0.183, 0.238, 0.229, 0.281, 0.363, 0.362, 0.503, 0.609, 0.712, 0.704, 0.834, 0.954, 1.105, 1.164, 1.183, 1.17, 1.123, 1.026, 0.85, 0.711, 0.636, 0.643, 0.669, 0.755, 0.759, 0.813, 0.917, 1.003, 1.077, 1.234, 1.192, 1.221, 1.214, 1.036, 0.987, 0.857, 0.881, 0.874, 0.851, 0.842, 0.821, 0.829, 0.747, 0.682, 0.688, 0.718, 0.764, 0.994, 1.222, 1.005, 0.958, 1.079, 1.085, 1.307, 1.24, 1.164, 1.09, 0.931, 0.809, 0.835, 0.722, 0.578, 0.678, 0.73, 0.913, 0.867, 0.68, 0.538, 0.445, 0.425, 0.429, 0.437, 0.431, 0.421, 0.42, 0.421, 0.413, 0.242, 0.397, 0.463, 0.456, 0.4, 0.529, 0.51, 0.462, 0.415, 0.394, 0.402, 0.471, 0.569, 0.576, 0.632, 0.542, 0.5, 0.502, 0.372, 0.374, 0.374, 0.393, 0.417, 0.406, 0.392, 0.345, 0.339, 0.351, 0.338, 0.303, 0.361, 0.399, 0.316, 0.332, 0.313, 0.307, 0.302, 0.372, 0.452, 0.402, 0.401, 0.399
precipitation[0][6], 0.079, 0.075, 0.075, 0.079, 0.082, 0.085, 0.088, 0.086, 0.087, 0.09, 0.092, 0.093, 0.094, 0.092, 0.091, 0.089, 0.09, 0.09, 0.09, 0.089, 0.089, 0.088, 0.088, 0.091, 0.093, 0.095, 0.098, 0.102, 0.105, 0.106, 0.109, 0.113, 0.115, 0.116, 0.116, 0.117, 0.118, 0.12, 0.12, 0.121, 0.123, 0.123, 0.129, 0.141, 0.152, 0.163, 0.175, 0.185, 0.196, 0.208, 0.221, 0.232, 0.254, 0.285, 0.318, 0.349, 0.378, 0.404, 0.434, 0.464, 0.494, 0.526, 0.546, 0.551, 0.559, 0.146, 0.177, 0.217, 0.284, 0.32, 0.396, 0.416, 0.506, 0.588, 0.68, 0.771, 0.915, 0.993, 1.112, 1.229, 1.214, 1.23, 1.33, 1.192, 1.053, 0.889, 0.766, 0.749, 0.801, 0.803, 0.808, 0.875, 0.928, 1.014, 0.977, 1.098, 1.218, 1.196, 1.26, 1.068, 0.97, 0.921, 0.916, 0.867, 0.839, 0.851, 0.785, 0.785, 0.764, 0.701, 0.692, 0.765, 0.843, 1.029, 1.054, 1.236, 1.164, 1.247, 1.318, 1.415, 1.163, 1.345, 1.085, 1.219, 0.982, 0.894, 0.834, 0.614, 0.636, 0.864, 1.019, 1.161, 0.601, 0.498, 0.492, 0.492, 0.458, 0.47, 0.435, 0.412, 0.426, 0.423, 0.385, 0.293, 0.375, 0.438, 0.495, 0.467, 0.456, 0.457, 0.455, 0.424, 0.384, 0.394, 0.456, 0.48, 0.518, 0.512, 0.48, 0.452, 0.398, 0.373, 0.399, 0.422, 0.436, 0.451, 0.397, 0.394, 0.336, 0.368, 0.36, 0.325, 0.415, 0.331, 0.38, 0.348, 0.347, 0.322, 0.286, 0.321, 0.381, 0.383, 0.407, 0.378, 0.386
precipitation[0][7], 0.091, 0.087, 0.084, 0.087, 0.09, 0.095, 0.093, 0.091, 0.092, 0.095, 0.099, 0.102, 0.102, 0.102, 0.099, 0.098, 0.097, 0.098, 0.098, 0.097, 0.095, 0.094, 0.095, 0.099, 0.102, 0.105, 0.108, 0.111, 0.114, 0.117, 0.12, 0.124, 0.128, 0.126, 0.126, 0.127, 0.126, 0.127, 0.127, 0.127, 0.128, 0.128, 0.135, 0.147, 0.16, 0.172, 0.185, 0.195, 0.207, 0.22, 0.232, 0.245, 0.269, 0.303, 0.339, 0.373, 0.406, 0.433, 0.464, 0.495, 0.527, 0.56, 0.58, 0.585, 0.591, 0.593, 0.171, 0.218, 0.238, 0.308, 0.376, 0.433, 0.546, 0.641, 0.7, 0.812, 1.097, 1.132, 1.163, 1.333, 1.336, 1.353, 1.427, 1.365, 1.205, 1.12, 0.897, 0.82, 0.858, 0.795, 0.77, 0.836, 0.841, 0.883, 0.911, 1.122, 1.169, 1.314, 1.135, 1.117, 1.036, 0.97, 1.071, 1.007, 0.99, 1.105, 0.805, 0.784, 0.757, 0.734, 0.713, 0.818, 0.884, 1.044, 1.129, 1.232, 1.302, 1.359, 1.323, 1.404, 1.276, 1.35, 1.708, 1.287, 0.971, 0.795, 0.783, 0.587, 0.761, 0.78, 0.853, 0.838, 0.563, 0.439, 0.424, 0.471, 0.461, 0.455, 0.421, 0.413, 0.418, 0.409, 0.38, 0.297, 0.421, 0.454, 0.567, 0.508, 0.489, 0.42, 0.44, 0.377, 0.376, 0.411, 0.408, 0.44, 0.472, 0.519, 0.444, 0.444, 0.429, 0.405, 0.468, 0.442, 0.431, 0.45, 0.35, 0.325, 0.326, 0.367, 0.406, 0.442, 0.473, 0.348, 0.357, 0.354, 0.449, 0.42, 0.33, 0.338, 0.425, 0.364, 0.32, 0.321, 0.316
precipitation[0][8], 0.093, 0.089, 0.09, 0.09, 0.093, 0.097, 0.098, 0.097, 0.099, 0.103, 0.106, 0.111, 0.11, 0.11, 0.107, 0.106, 0.105, 0.106, 0.105, 0.105, 0.103, 0.102, 0.103, 0.107, 0.11, 0.114, 0.117, 0.121, 0.125, 0.128, 0.131, 0.135, 0.137, 0.137, 0.135, 0.135, 0.135, 0.134, 0.134, 0.134, 0.134, 0.135, 0.141, 0.154, 0.168, 0.181, 0.195, 0.206, 0.219, 0.233, 0.246, 0.26, 0.285, 0.322, 0.36, 0.401, 0.431, 0.461, 0.494, 0.526, 0.56, 0.595, 0.614, 0.617, 0.62, 0.624, 0.623, 0.211, 0.224, 0.265, 0.375, 0.417, 0.545, 0.682, 0.741, 0.925, 1.093, 1.221, 1.354, 1.383, 1.282, 1.436, 1.475, 1.381, 1.225, 1.175, 0.939, 0.896, 0.794, 0.706, 0.746, 0.767, 0.843, 0.926, 1.059, 1.073, 1.046, 1.121, 1.194, 1.135, 1.1, 1.147, 1.197, 1.256, 1.399, 1.148, 0.879, 0.81, 0.779, 0.725, 0.746, 0.79, 0.907, 1.031, 1.116, 1.205, 1.329, 1.525, 1.613, 1.674, 1.459, 1.527, 1.3, 1.008, 0.811, 0.709, 0.579, 0.521, 0.623, 0.644, 0.577, 0.505, 0.512, 0.425, 0.476, 0.472, 0.45, 0.435, 0.416, 0.42, 0.42, 0.418, 0.238, 0.305, 0.415, 0.548, 0.543, 0.508, 0.474, 0.392, 0.394, 0.371, 0.365, 0.38, 0.36, 0.424, 0.42, 0.446, 0.392, 0.386, 0.393, 0.416, 0.447, 0.414, 0.4, 0.415, 0.32, 0.306, 0.31, 0.359, 0.428, 0.438, 0.472, 0.29, 0.319, 0.382, 0.408, 0.422, 0.365, 0.41, 0.338, 0.401, 0.386, 0.253, 0.276
precipitation[0][9], 0.094, 0.09, 0.089, 0.091, 0.1, 0.101, 0.103, 0.104, 0.108, 0.111, 0.112, 0.116, 0.117, 0.117, 0.116, 0.115, 0.114, 0.114, 0.114, 0.113, 0.111, 0.11, 0.111, 0.115, 0.119, 0.123, 0.128, 0.131, 0.136, 0.139, 0.143, 0.147, 0.148, 0.148, 0.146, 0.144, 0.144, 0.142, 0.141, 0.141, 0.14, 0.141, 0.148, 0.163, 0.177, 0.191, 0.206, 0.217, 0.231, 0.245, 0.26, 0.275, 0.302, 0.341, 0.386, 0.427, 0.462, 0.494, 0.526, 0.559, 0.594, 0.631, 0.649, 0.65, 0.65, 0.65, 0.654, 0.631, 0.633, 0.635, 0.621, 0.355, 0.518, 0.703, 0.841, 0.945, 1.128, 1.335, 1.476, 1.539, 1.392, 1.698, 1.715, 1.511, 1.49, 1.463, 1.266, 0.967, 0.899, 0.797, 0.761, 0.728, 0.903, 0.923, 1.029, 1.09, 1.093, 1.143, 1.267, 1.328, 1.227, 1.232, 1.257, 1.608, 1.311, 1.211, 0.873, 0.811, 0.786, 0.743, 0.832, 0.876, 0.957, 1.137, 1.285, 1.408, 1.517, 1.579, 1.576, 1.519, 1.52, 1.522, 1.396, 0.97, 0.774, 0.673, 0.547, 0.465, 0.477, 0.439, 0.43, 0.509, 0.457, 0.477, 0.467, 0.452, 0.441, 0.414, 0.413, 0.426, 0.424, 0.413, 0.253, 0.265, 0.363, 0.433, 0.475, 0.466, 0.443, 0.437, 0.445, 0.422, 0.382, 0.393, 0.463, 0.523, 0.469, 0.497, 0.462, 0.376, 0.427, 0.456, 0.482, 0.438, 0.455, 0.384, 0.328, 0.287, 0.349, 0.366, 0.407, 0.393, 0.423, 0.307, 0.254, 0.308, 0.347, 0.387, 0.338, 0.339, 0.352, 0.414, 0.378, 0.284, 0.236
precipitation[0][10], 0.1, 0.096, 0.096, 0.097, 0.103, 0.108, 0.111, 0.11, 0.115, 0.119, 0.123, 0.126, 0.126, 0.126, 0.124, 0.125, 0.124, 0.124, 0.125, 0.124, 0.12, 0.119, 0.121, 0.125, 0.129, 0.133, 0.138, 0.142, 0.147, 0.151, 0.155, 0.16, 0.162, 0.159, 0.156, 0.154, 0.153, 0.151, 0.149, 0.148, 0.147, 0.145, 0.153, 0.17, 0.183, 0.198, 0.213, 0.226, 0.241, 0.256, 0.273, 0.29, 0.318, 0.358, 0.402, 0.451, 0.493, 0.525, 0.562, 0.596, 0.632, 0.669, 0.686, 0.682, 0.681, 0.678, 0.677, 0.65, 0.648, 0.646, 0.651, 0.66, 0.496, 0.735, 0.984, 1.117, 1.256, 1.514, 1.695, 1.814, 1.771, 1.98, 1.894, 1.943, 1.812, 1.704, 1.65, 1.248, 1.086, 0.929, 0.8, 0.855, 0.868, 1.01, 1.121, 1.222, 1.243, 1.302, 1.272, 1.357, 1.57, 1.45, 1.302, 1.272, 1.172, 1.021, 0.968, 0.961, 0.919, 0.852, 0.952, 1.037, 1.061, 1.274, 1.602, 1.696, 1.503, 1.5, 1.383, 1.332, 1.386, 1.316, 1.34, 0.993, 0.8, 0.612, 0.459, 0.376, 0.475, 0.363, 0.353, 0.434, 0.478, 0.478, 0.452, 0.43, 0.421, 0.396, 0.413, 0.428, 0.41, 0.412, 0.243, 0.28, 0.341, 0.403, 0.435, 0.482, 0.465, 0.433, 0.418, 0.438, 0.394, 0.389, 0.453, 0.505, 0.447, 0.514, 0.39, 0.386, 0.443, 0.444, 0.489, 0.445, 0.446, 0.397, 0.356, 0.297, 0.358, 0.353, 0.334, 0.375, 0.389, 0.319, 0.248, 0.202, 0.289, 0.357, 0.369, 0.298, 0.352, 0.318, 0.265, 0.226, 0.217
precipitation[0][11], 0.108, 0.115, 0.103, 0.106, 0.112, 0.115, 0.119, 0.125, 0.129, 0.127, 0.13, 0.135, 0.136, 0.136, 0.134, 0.132, 0.134, 0.133, 0.134, 0.135, 0.132, 0.13, 0.133, 0.136, 0.142, 0.147, 0.153, 0.157, 0.163, 0.168, 0.173, 0.177, 0.179, 0.176, 0.173, 0.172, 0.169, 0.168, 0.165, 0.163, 0.163, 0.159, 0.165, 0.18, 0.194, 0.209, 0.223, 0.235, 0.249, 0.264, 0.279, 0.296, 0.323, 0.364, 0.41, 0.457, 0.497, 0.543, 0.581, 0.614, 0.644, 0.676, 0.691, 0.689, 0.689, 0.686, 0.688, 0.662, 0.66, 0.659, 0.663, 0.673, 0.71, 0.749, 1.013, 1.16, 1.405, 1.556, 1.726, 1.948, 2.091, 2.077, 1.942, 1.985, 1.702, 1.574, 1.551, 1.451, 1.272, 1.004, 0.867, 0.889, 0.874, 0.905, 1.002, 1.155, 1.2, 1.255, 1.259, 1.454, 1.601, 1.517, 1.325, 1.278, 1.111, 1.061, 1.059, 1.626, 1.068, 1.099, 1.158, 1.142, 1.143, 1.409, 1.458, 1.624, 1.546, 1.294, 1.401, 1.38, 1.479, 1.348, 1.452, 1.202, 0.631, 0.445, 0.431, 0.409, 0.398, 0.272, 0.403, 0.446, 0.439, 0.437, 0.429, 0.427, 0.418, 0.388, 0.41, 0.424, 0.4, 0.37, 0.264, 0.259, 0.306, 0.431, 0.486, 0.549, 0.504, 0.441, 0.483, 0.48, 0.415, 0.399, 0.436, 0.605, 0.565, 0.517, 0.424, 0.442, 0.544, 0.522, 0.486, 0.484, 0.485, 0.404, 0.328, 0.314, 0.313, 0.297, 0.317, 0.38, 0.402, 0.338, 0.279, 0.199, 0.194, 0.3, 0.361, 0.296, 0.345, 0.276, 0.251, 0.215, 0.181
precipitation[0][12], 0.124, 0.11, 0.114, 0.115, 0.118, 0.122, 0.127, 0.135, 0.139, 0.138, 0.141, 0.147, 0.149, 0.15, 0.147, 0.145, 0.146, 0.145, 0.146, 0.149, 0.147, 0.146, 0.148, 0.153, 0.159, 0.164, 0.172, 0.177, 0.184, 0.19, 0.197, 0.202, 0.203, 0.2, 0.198, 0.196, 0.193, 0.19, 0.188, 0.186, 0.184, 0.182, 0.186, 0.198, 0.21, 0.222, 0.233, 0.242, 0.254, 0.265, 0.277, 0.29, 0.314, 0.35, 0.39, 0.431, 0.478, 0.52, 0.556, 0.591, 0.624, 0.65, 0.667, 0.672, 0.673, 0.676, 0.683, 0.668, 0.674, 0.679, 0.684, 0.699, 0.736, 0.771, 0.973, 1.265, 1.501, 1.611, 1.787, 2.12, 2.162, 2.089, 2.115, 1.965, 1.954, 1.619, 1.496, 1.344, 1.257, 0.964, 0.93, 0.921, 0.968, 0.922, 0.94, 1.086, 1.173, 1.299, 1.244, 1.414, 1.504, 1.591, 1.298, 1.147, 1.147, 1.027, 1.026, 1.153, 1.327, 1.303, 1.127, 1.165, 1.256, 1.623, 1.798, 1.72, 1.497, 1.425, 1.344, 1.279, 1.29, 1.289, 1.06, 0.498, 0.51, 0.476, 0.451, 0.434, 0.421, 0.407, 0.412, 0.431, 0.428, 0.42, 0.413, 0.409, 0.4, 0.392, 0.398, 0.411, 0.399, 0.363, 0.321, 0.32, 0.366, 0.518, 0.613, 0.589, 0.476, 0.427, 0.402, 0.432, 0.405, 0.378, 0.463, 0.51, 0.506, 0.542, 0.444, 0.433, 0.509, 0.562, 0.504, 0.576, 0.459, 0.366, 0.321, 0.283, 0.269, 0.28, 0.297, 0.353, 0.319, 0.347, 0.308, 0.175, 0.18, 0.213, 0.21, 0.265, 0.277, 0.28, 0.234, 0.235, 0.206
precipitation[0][13], 0.121, 0.116, 0.12, 0.121, 0.13, 0.133, 0.133, 0.137, 0.145, 0.149, 0.151, 0.159, 0.161, 0.161, 0.158, 0.158, 0.158, 0.159, 0.16, 0.164, 0.163, 0.161, 0.164, 0.168, 0.176, 0.184, 0.193, 0.202, 0.208, 0.216, 0.223, 0.234, 0.232, 0.229, 0.227, 0.222, 0.219, 0.215, 0.211, 0.209, 0.208, 0.205, 0.207, 0.216, 0.225, 0.236, 0.242, 0.249, 0.258, 0.266, 0.275, 0.283, 0.304, 0.339, 0.375, 0.411, 0.448, 0.496, 0.529, 0.561, 0.598, 0.626, 0.644, 0.658, 0.663, 0.672, 0.682, 0.678, 0.689, 0.7, 0.711, 0.734, 0.765, 0.82, 0.981, 1.25, 1.513, 1.819, 1.807, 2.233, 2.224, 2.076, 2.192, 2.093, 2.081, 1.818, 1.539, 1.534, 1.499, 1.269, 1.119, 1.073, 1.061, 1.035, 1.072, 1.165, 1.202, 1.32, 1.428, 1.725, 1.938, 1.563, 1.59, 1.387, 1.302, 1.175, 1.186, 1.068, 1.174, 1.226, 1.229, 1.301, 1.394, 1.814, 1.865, 1.532, 1.556, 1.381, 1.495, 1.292, 1.175, 0.979, 0.614, 0.517, 0.499, 0.454, 0.426, 0.418, 0.417, 0.405, 0.408, 0.411, 0.408, 0.401, 0.392, 0.394, 0.384, 0.383, 0.405, 0.412, 0.397, 0.252, 0.363, 0.285, 0.369, 0.44, 0.539, 0.562, 0.458, 0.409, 0.366, 0.387, 0.386, 0.375, 0.456, 0.489, 0.452, 0.4, 0.415, 0.452, 0.595, 0.575, 0.584, 0.6, 0.406, 0.373, 0.308, 0.225, 0.197, 0.206, 0.201, 0.204, 0.261, 0.268, 0.251, 0.163, 0.164, 0.22, 0.237, 0.256, 0.251, 0.289, 0.244, 0.224, 0.216
precipitation[0][14], 0.129, 0.121, 0.125, 0.143, 0.14, 0.143, 0.146, 0.147, 0.151, 0.155, 0.162, 0.168, 0.172, 0.175, 0.171, 0.17, 0.171, 0.175, 0.175, 0.179, 0.176, 0.174, 0.176, 0.181, 0.189, 0.198, 0.208, 0.215, 0.225, 0.235, 0.245, 0.254, 0.254, 0.251, 0.25, 0.245, 0.241, 0.239, 0.235, 0.233, 0.23, 0.228, 0.231, 0.235, 0.24, 0.246, 0.252, 0.256, 0.262, 0.267, 0.273, 0.278, 0.296, 0.328, 0.361, 0.394, 0.428, 0.467, 0.505, 0.538, 0.57, 0.604, 0.62, 0.636, 0.653, 0.666, 0.684, 0.69, 0.697, 0.71, 0.731, 0.753, 0.792, 0.842, 0.891, 1.281, 1.546, 1.77, 1.817, 2.054, 2.15, 2.192, 2.517, 2.214, 2.082, 1.933, 1.547, 1.527, 1.506, 1.382, 1.309, 1.202, 1.148, 1.143, 1.208, 1.193, 1.284, 1.233, 1.233, 1.478, 1.553, 1.7, 1.498, 1.465, 1.411, 1.251, 1.182, 1.315, 1.359, 1.205, 1.303, 1.597, 1.838, 1.934, 1.476, 1.457, 1.258, 1.114, 1.039, 0.899, 0.613, 0.664, 0.592, 0.512, 0.483, 0.442, 0.445, 0.417, 0.426, 0.402, 0.398, 0.396, 0.392, 0.395, 0.391, 0.383, 0.38, 0.38, 0.393, 0.39, 0.347, 0.231, 0.362, 0.333, 0.342, 0.406, 0.445, 0.537, 0.441, 0.414, 0.346, 0.371, 0.383, 0.364, 0.529, 0.45, 0.426, 0.385, 0.43, 0.404, 0.46, 0.575, 0.629, 0.527, 0.403, 0.324, 0.289, 0.229, 0.208, 0.22, 0.246, 0.233, 0.374, 0.379, 0.304, 0.179, 0.2, 0.222, 0.225, 0.261, 0.268, 0.238, 0.239, 0.239, 0.211
precipitation[0][15], 0.137, 0.131, 0.147, 0.143, 0.151, 0.147, 0.155, 0.154, 0.161, 0.166, 0.172, 0.179, 0.184, 0.185, 0.184, 0.186, 0.184, 0.187, 0.19, 0.191, 0.192, 0.19, 0.191, 0.196, 0.204, 0.213, 0.224, 0.232, 0.242, 0.253, 0.266, 0.278, 0.28, 0.277, 0.273, 0.27, 0.268, 0.263, 0.262, 0.258, 0.257, 0.252, 0.251, 0.253, 0.256, 0.26, 0.263, 0.268, 0.267, 0.269, 0.271, 0.273, 0.288, 0.317, 0.347, 0.375, 0.406, 0.441, 0.465, 0.502, 0.538, 0.576, 0.59, 0.613, 0.635, 0.66, 0.683, 0.7, 0.711, 0.727, 0.751, 0.784, 0.82, 0.897, 0.92, 1.2, 1.604, 1.805, 1.834, 1.813, 2.023, 2.115, 2.329, 2.394, 1.986, 1.89, 1.832, 1.622, 1.494, 1.344, 1.323, 1.273, 1.225, 1.293, 1.401, 1.386, 1.328, 1.411, 1.499, 1.425, 1.491, 1.255, 1.315, 1.232, 1.277, 1.365, 1.227, 1.4, 1.506, 1.479, 1.511, 1.683, 1.872, 1.612, 1.457, 1.149, 1.168, 1.086, 0.79, 0.584, 0.671, 0.618, 0.543, 0.489, 0.464, 0.44, 0.439, 0.424, 0.424, 0.407, 0.394, 0.382, 0.377, 0.379, 0.376, 0.375, 0.387, 0.383, 0.382, 0.393, 0.239, 0.286, 0.406, 0.35, 0.356, 0.393, 0.42, 0.514, 0.406, 0.386, 0.323, 0.346, 0.407, 0.518, 0.528, 0.452, 0.45, 0.419, 0.391, 0.411, 0.523, 0.707, 0.559, 0.39, 0.353, 0.319, 0.263, 0.199, 0.197, 0.191, 0.29, 0.31, 0.503, 0.348, 0.313, 0.177, 0.227, 0.283, 0.27, 0.279, 0.258, 0.253, 0.234, 0.237, 0.212
precipitation[0][16], 0.205, 0.212, 0.209, 0.295, 0.176, 0.206, 0.199, 0.168, 0.172, 0.175, 0.193, 0.208, 0.206, 0.205, 0.208, 0.2, 0.21, 0.208, 0.214, 0.216, 0.215, 0.21, 0.209, 0.216, 0.222, 0.234, 0.244, 0.254, 0.261, 0.278, 0.287, 0.315, 0.311, 0.299, 0.3, 0.303, 0.296, 0.289, 0.29, 0.286, 0.283, 0.278, 0.274, 0.271, 0.272, 0.274, 0.274, 0.274, 0.272, 0.271, 0.269, 0.268, 0.281, 0.307, 0.331, 0.356, 0.382, 0.411, 0.44, 0.47, 0.505, 0.534, 0.56, 0.603, 0.63, 0.651, 0.685, 0.712, 0.739, 0.77, 0.8, 0.832, 0.867, 0.92, 0.941, 1.317, 1.62, 1.876, 2.026, 1.968, 2.055, 2.218, 2.534, 2.568, 2.257, 1.874, 1.708, 1.434, 1.295, 1.325, 1.363, 1.247, 1.196, 1.413, 1.535, 1.237, 1.21, 1.383, 1.129, 1.216, 1.203, 1.201, 1.149, 1.107, 1.174, 1.223, 1.491, 1.573, 1.56, 1.439, 1.528, 1.448, 1.619, 1.254, 1.257, 1.296, 1.208, 0.886, 0.606, 0.597, 0.551, 0.5, 0.476, 0.461, 0.45, 0.448, 0.43, 0.42, 0.406, 0.4, 0.399, 0.387, 0.381, 0.377, 0.373, 0.37, 0.372, 0.38, 0.379, 0.354, 0.252, 0.294, 0.371, 0.35, 0.345, 0.421, 0.377, 0.514, 0.412, 0.372, 0.372, 0.339, 0.355, 0.426, 0.491, 0.453, 0.419, 0.426, 0.443, 0.554, 0.584, 0.613, 0.42, 0.334, 0.306, 0.335, 0.222, 0.178, 0.167, 0.177, 0.24, 0.259, 0.508, 0.361, 0.31, 0.209, 0.185, 0.218, 0.277, 0.251, 0.258, 0.249, 0.194, 0.217, 0.211
precipitation[0][17], 0.205, 0.199, 0.186, 0.171, 0.165, 0.209, 0.165, 0.168, 0.177, 0.191, 0.194, 0.204, 0.204, 0.201, 0.206, 0.205, 0.229, 0.215, 0.219, 0.221, 0.216, 0.216, 0.218, 0.228, 0.234, 0.249, 0.26, 0.271, 0.278, 0.299, 0.309, 0.321, 0.32, 0.318, 0.318, 0.316, 0.315, 0.316, 0.315, 0.312, 0.305, 0.301, 0.296, 0.292, 0.289, 0.286, 0.282, 0.279, 0.275, 0.271, 0.267, 0.263, 0.273, 0.296, 0.318, 0.34, 0.363, 0.388, 0.412, 0.442, 0.474, 0.498, 0.533, 0.58, 0.616, 0.648, 0.68, 0.716, 0.747, 0.785, 0.821, 0.858, 0.907, 0.95, 0.989, 1.005, 1.491, 1.679, 1.827, 1.93, 2.134, 2.128, 2.006, 1.924, 1.672, 1.586, 1.561, 1.22, 1.325, 1.213, 1.203, 1.228, 1.116, 1.188, 1.211, 1.143, 1.026, 0.993, 0.972, 1.024, 0.985, 0.983, 1.039, 1.001, 1.029, 1.086, 1.082, 1.176, 1.477, 1.594, 1.644, 1.742, 1.476, 1.52, 1.194, 1.127, 0.933, 0.687, 0.634, 0.577, 0.538, 0.487, 0.456, 0.449, 0.45, 0.436, 0.417, 0.408, 0.401, 0.399, 0.395, 0.391, 0.381, 0.374, 0.364, 0.362, 0.359, 0.357, 0.332, 0.196, 0.243, 0.28, 0.347, 0.373, 0.366, 0.377, 0.407, 0.421, 0.389, 0.386, 0.405, 0.337, 0.377, 0.523, 0.479, 0.455, 0.444, 0.404, 0.431, 0.446, 0.47, 0.376, 0.359, 0.367, 0.267, 0.261, 0.189, 0.174, 0.175, 0.163, 0.225, 0.25, 0.302, 0.388, 0.347, 0.271, 0.203, 0.272, 0.192, 0.248, 0.24, 0.216, 0.219, 0.22, 0.234
precipitation[0][18], 0.22, 0.201, 0.182, 0.192, 0.189, 0.179, 0.173, 0.173, 0.186, 0.192, 0.2, 0.21, 0.214, 0.217, 0.22, 0.218, 0.235, 0.222, 0.227, 0.226, 0.227, 0.224, 0.227, 0.237, 0.25, 0.267, 0.279, 0.286, 0.298, 0.311, 0.323, 0.333, 0.342, 0.342, 0.339, 0.336, 0.335, 0.338, 0.34, 0.338, 0.33, 0.326, 0.321, 0.314, 0.309, 0.303, 0.296, 0.289, 0.282, 0.275, 0.27, 0.261, 0.267, 0.287, 0.304, 0.323, 0.342, 0.363, 0.384, 0.407, 0.431, 0.456, 0.492, 0.538, 0.582, 0.627, 0.671, 0.713, 0.756, 0.799, 0.84, 0.885, 0.923, 0.966, 1.011, 1.058, 1.07, 1.474, 1.569, 1.674, 1.806, 1.683, 1.753, 1.632, 1.387, 1.43, 1.399, 1.252, 1.275, 1.14, 1.079, 1.039, 1.066, 1.15, 1.228, 1.033, 1.03, 0.985, 1.017, 0.932, 0.931, 0.906, 0.928, 0.96, 1.03, 1.081, 1.27, 1.334, 1.446, 1.475, 1.533, 1.41, 1.455, 1.236, 1.304, 0.989, 0.728, 0.681, 0.619, 0.577, 0.521, 0.467, 0.442, 0.437, 0.437, 0.427, 0.417, 0.401, 0.394, 0.399, 0.394, 0.39, 0.384, 0.367, 0.356, 0.353, 0.351, 0.325, 0.196, 0.195, 0.229, 0.252, 0.357, 0.368, 0.355, 0.379, 0.43, 0.405, 0.381, 0.339, 0.396, 0.353, 0.36, 0.371, 0.4, 0.399, 0.417, 0.416, 0.361, 0.38, 0.343, 0.348, 0.323, 0.308, 0.251, 0.223, 0.186, 0.178, 0.163, 0.174, 0.193, 0.208, 0.226, 0.273, 0.336, 0.283, 0.208, 0.184, 0.178, 0.187, 0.19, 0.253, 0.267, 0.238, 0.29
precipitation[0][19], 0.21, 0.22, 0.216, 0.206, 0.217, 0.197, 0.191, 0.199, 0.201, 0.199, 0.214, 0.215, 0.218, 0.223, 0.24, 0.241, 0.247, 0.231, 0.232, 0.235, 0.233, 0.233, 0.238, 0.248, 0.265, 0.274, 0.288, 0.302, 0.316, 0.329, 0.341, 0.352, 0.364, 0.364, 0.362, 0.357, 0.358, 0.358, 0.357, 0.358, 0.355, 0.352, 0.346, 0.335, 0.327, 0.318, 0.309, 0.301, 0.289, 0.278, 0.271, 0.258, 0.261, 0.28, 0.292, 0.307, 0.323, 0.339, 0.357, 0.376, 0.396, 0.415, 0.451, 0.508, 0.562, 0.612, 0.663, 0.712, 0.763, 0.812, 0.864, 0.913, 0.956, 0.991, 1.04, 1.083, 1.134, 1.188, 1.166, 1.436, 1.401, 1.531, 1.774, 2.027, 1.985, 1.5, 1.482, 1.435, 1.287, 1.187, 1.096, 1.122, 1.098, 1.153, 1.074, 0.97, 0.953, 0.967, 0.977, 0.92, 0.851, 0.806, 0.807, 0.921, 1.095, 1.146, 1.131, 1.195, 1.276, 1.362, 1.484, 1.361, 1.288, 1.198, 0.876, 0.893, 0.757, 0.683, 0.619, 0.56, 0.514, 0.46, 0.436, 0.433, 0.426, 0.416, 0.415, 0.41, 0.402, 0.398, 0.391, 0.382, 0.374, 0.367, 0.355, 0.353, 0.332, 0.145, 0.179, 0.175, 0.211, 0.282, 0.347, 0.35, 0.379, 0.499, 0.517, 0.455, 0.423, 0.362, 0.387, 0.325, 0.412, 0.372, 0.391, 0.403, 0.426, 0.392, 0.401, 0.369, 0.34, 0.34, 0.301, 0.263, 0.249, 0.222, 0.188, 0.191, 0.164, 0.164, 0.183, 0.198, 0.219, 0.227, 0.204, 0.206, 0.174, 0.159, 0.179, 0.175, 0.204, 0.218, 0.306, 0.258, 0.28
precipitation[0][20], 0.216, 0.239, 0.25, 0.236, 0.226, 0.215, 0.197, 0.194, 0.202, 0.218, 0.22, 0.223, 0.23, 0.232, 0.239, 0.246, 0.247, 0.241, 0.241, 0.242, 0.242, 0.246, 0.25, 0.264, 0.276, 0.292, 0.304, 0.318, 0.331, 0.345, 0.361, 0.373, 0.382, 0.383, 0.387, 0.383, 0.382, 0.383, 0.379, 0.379, 0.378, 0.372, 0.366, 0.353, 0.341, 0.33, 0.32, 0.306, 0.293, 0.28, 0.268, 0.254, 0.254, 0.268, 0.278, 0.291, 0.304, 0.318, 0.331, 0.346, 0.361, 0.377, 0.416, 0.476, 0.538, 0.599, 0.657, 0.713, 0.77, 0.83, 0.883, 0.938, 0.985, 1.02, 1.059, 1.099, 1.145, 1.177, 1.209, 1.196, 1.15, 1.245, 1.322, 1.6, 1.411, 1.44, 1.384, 1.342, 1.062, 1.088, 0.992, 0.892, 0.9, 0.9, 0.856, 0.825, 0.766, 0.681, 0.654, 0.625, 0.629, 0.662, 0.693, 0.744, 0.872, 0.919, 0.975, 0.923, 1.016, 1.246, 1.347, 1.023, 1.162, 0.926, 0.918, 0.862, 0.757, 0.688, 0.62, 0.562, 0.51, 0.459, 0.441, 0.437, 0.426, 0.41, 0.408, 0.396, 0.396, 0.389, 0.394, 0.387, 0.383, 0.368, 0.36, 0.34, 0.166, 0.169, 0.186, 0.169, 0.226, 0.286, 0.342, 0.346, 0.399, 0.428, 0.473, 0.434, 0.386, 0.355, 0.399, 0.407, 0.44, 0.397, 0.429, 0.401, 0.379, 0.427, 0.415, 0.375, 0.327, 0.297, 0.299, 0.255, 0.234, 0.224, 0.191, 0.176, 0.178, 0.19, 0.21, 0.202, 0.2, 0.188, 0.156, 0.17, 0.137, 0.143, 0.15, 0.156, 0.171, 0.24, 0.281, 0.33, 0.291
precipitation[0][21], 0.202, 0.227, 0.235, 0.235, 0.22, 0.204, 0.184, 0.194, 0.21, 0.218, 0.233, 0.236, 0.235, 0.235, 0.24, 0.245, 0.246, 0.248, 0.248, 0.25, 0.255, 0.258, 0.265, 0.275, 0.289, 0.301, 0.313, 0.332, 0.345, 0.356, 0.37, 0.383, 0.388, 0.393, 0.395, 0.393, 0.392, 0.394, 0.393, 0.389, 0.387, 0.387, 0.383, 0.368, 0.36, 0.347, 0.337, 0.326, 0.312, 0.294, 0.282, 0.269, 0.269, 0.28, 0.283, 0.291, 0.3, 0.309, 0.32, 0.332, 0.344, 0.356, 0.392, 0.451, 0.513, 0.573, 0.631, 0.69, 0.75, 0.81, 0.867, 0.924, 0.965, 0.997, 1.029, 1.062, 1.093, 1.122, 1.149, 1.186, 1.218, 1.217, 1.206, 1.341, 1.293, 1.321, 1.126, 1.355, 1.389, 1.407, 1.384, 1.379, 1.364, 0.788, 0.768, 1.185, 1.12, 1.038, 0.972, 0.913, 0.879, 0.831, 0.795, 0.826, 0.84, 0.86, 0.878, 0.917, 0.949, 0.983, 0.998, 1.024, 0.992, 0.946, 0.862, 0.791, 0.739, 0.673, 0.617, 0.557, 0.506, 0.46, 0.449, 0.438, 0.411, 0.407, 0.4, 0.393, 0.388, 0.382, 0.381, 0.379, 0.369, 0.368, 0.35, 0.191, 0.171, 0.212, 0.204, 0.267, 0.278, 0.321, 0.361, 0.4, 0.418, 0.405, 0.372, 0.411, 0.432, 0.372, 0.411, 0.417, 0.396, 0.499, 0.453, 0.443, 0.424, 0.459, 0.43, 0.452, 0.425, 0.331, 0.273, 0.272, 0.237, 0.255, 0.214, 0.202, 0.192, 0.192, 0.2, 0.192, 0.186, 0.175, 0.147, 0.157, 0.122, 0.14, 0.136, 0.126, 0.163, 0.221, 0.275, 0.341, 0.269
precipitation[0][22], 0.186, 0.194, 0.197, 0.197, 0.198, 0.207, 0.184, 0.197, 0.211, 0.22, 0.233, 0.233, 0.234, 0.236, 0.244, 0.247, 0.252, 0.254, 0.261, 0.264, 0.264, 0.267, 0.275, 0.285, 0.297, 0.308, 0.32, 0.338, 0.352, 0.364, 0.377, 0.39, 0.391, 0.393, 0.393, 0.397, 0.395, 0.398, 0.396, 0.396, 0.392, 0.391, 0.386, 0.376, 0.367, 0.357, 0.354, 0.342, 0.332, 0.314, 0.303, 0.294, 0.293, 0.298, 0.3, 0.305, 0.311, 0.317, 0.325, 0.334, 0.341, 0.349, 0.381, 0.438, 0.491, 0.547, 0.6, 0.655, 0.712, 0.764, 0.816, 0.871, 0.908, 0.932, 0.962, 0.992, 1.02, 1.041, 1.064, 1.095, 1.125, 1.159, 1.187, 1.201, 1.143, 1.231, 1.25, 1.286, 1.295, 1.321, 1.335, 1.351, 1.348, 1.288, 1.225, 1.189, 1.106, 1.032, 0.974, 0.918, 0.869, 0.819, 0.805, 0.83, 0.84, 0.883, 0.902, 0.895, 0.91, 0.918, 0.954, 0.993, 0.961, 0.908, 0.824, 0.759, 0.71, 0.654, 0.596, 0.543, 0.498, 0.468, 0.453, 0.425, 0.409, 0.39, 0.387, 0.381, 0.382, 0.379, 0.376, 0.366, 0.365, 0.357, 0.326, 0.241, 0.279, 0.304, 0.261, 0.345, 0.266, 0.313, 0.401, 0.395, 0.382, 0.355, 0.346, 0.408, 0.392, 0.39, 0.388, 0.393, 0.4, 0.521, 0.461, 0.542, 0.469, 0.474, 0.521, 0.439, 0.385, 0.295, 0.261, 0.252, 0.235, 0.29, 0.226, 0.186, 0.168, 0.179, 0.179, 0.179, 0.153, 0.17, 0.14, 0.15, 0.134, 0.123, 0.126, 0.131, 0.158, 0.201, 0.251, 0.265, 0.247
precipitation[0][23], 0.185, 0.194, 0.19, 0.191, 0.195, 0.201, 0.183, 0.199, 0.208, 0.219, 0.231, 0.235, 0.243, 0.242, 0.245, 0.247, 0.257, 0.262, 0.268, 0.276, 0.273, 0.287, 0.286, 0.295, 0.305, 0.319, 0.33, 0.344, 0.357, 0.369, 0.382, 0.396, 0.398, 0.395, 0.394, 0.399, 0.4, 0.399, 0.397, 0.397, 0.396, 0.397, 0.392, 0.382, 0.378, 0.369, 0.363, 0.356, 0.344, 0.339, 0.327, 0.318, 0.313, 0.315, 0.316, 0.318, 0.323, 0.325, 0.328, 0.334, 0.339, 0.344, 0.373, 0.423, 0.472, 0.519, 0.576, 0.626, 0.673, 0.721, 0.761, 0.815, 0.856, 0.877, 0.901, 0.92, 0.946, 0.958, 0.982, 1.009, 1.031, 1.055, 1.086, 1.13, 1.14, 1.165, 1.189, 1.18, 1.205, 1.224, 1.244, 1.276, 1.275, 1.213, 1.173, 1.102, 1.047, 0.979, 0.93, 0.892, 0.842, 0.802, 0.797, 0.809, 0.827, 0.847, 0.857, 0.861, 0.888, 0.891, 0.9, 0.966, 0.908, 0.844, 0.778, 0.73, 0.68, 0.626, 0.572, 0.534, 0.49, 0.454, 0.43, 0.429, 0.405, 0.39, 0.383, 0.379, 0.377, 0.379, 0.383, 0.381, 0.359, 0.338, 0.249, 0.321, 0.326, 0.315, 0.312, 0.354, 0.361, 0.4, 0.465, 0.414, 0.37, 0.348, 0.365, 0.411, 0.406, 0.413, 0.421, 0.426, 0.421, 0.49, 0.458, 0.515, 0.486, 0.488, 0.468, 0.431, 0.372, 0.317, 0.288, 0.257, 0.25, 0.278, 0.247, 0.219, 0.199, 0.172, 0.155, 0.129, 0.142, 0.142, 0.134, 0.128, 0.126, 0.111, 0.123, 0.148, 0.171, 0.187, 0.226, 0.253, 0.251
precipitation[0][24], 0.18, 0.194, 0.188, 0.208, 0.206, 0.199, 0.19, 0.205, 0.215, 0.223, 0.231, 0.239, 0.247, 0.246, 0.255, 0.261, 0.264, 0.272, 0.279, 0.285, 0.295, 0.293, 0.299, 0.309, 0.315, 0.325, 0.338, 0.351, 0.364, 0.374, 0.385, 0.395, 0.399, 0.397, 0.401, 0.402, 0.404, 0.405, 0.401, 0.401, 0.401, 0.402, 0.398, 0.391, 0.385, 0.379, 0.374, 0.367, 0.36, 0.356, 0.355, 0.342, 0.338, 0.338, 0.334, 0.335, 0.339, 0.335, 0.335, 0.334, 0.336, 0.337, 0.36, 0.406, 0.449, 0.495, 0.545, 0.578, 0.623, 0.67, 0.712, 0.753, 0.787, 0.81, 0.833, 0.849, 0.868, 0.881, 0.9, 0.918, 0.938, 0.96, 0.991, 1.01, 1.035, 1.07, 1.088, 1.104, 1.132, 1.151, 1.164, 1.189, 1.186, 1.145, 1.092, 1.045, 0.995, 0.932, 0.897, 0.854, 0.822, 0.795, 0.788, 0.801, 0.806, 0.811, 0.814, 0.817, 0.832, 0.863, 0.862, 0.858, 0.835, 0.796, 0.747, 0.694, 0.648, 0.602, 0.558, 0.531, 0.5, 0.457, 0.452, 0.439, 0.415, 0.386, 0.381, 0.373, 0.366, 0.381, 0.38, 0.372, 0.35, 0.399, 0.302, 0.323, 0.358, 0.346, 0.338, 0.356, 0.426, 0.418, 0.514, 0.442, 0.364, 0.351, 0.35, 0.417, 0.503, 0.423, 0.45, 0.427, 0.426, 0.427, 0.477, 0.493, 0.436, 0.426, 0.451, 0.428, 0.325, 0.327, 0.292, 0.27, 0.24, 0.283, 0.283, 0.241, 0.233, 0.197, 0.144, 0.134, 0.162, 0.167, 0.143, 0.13, 0.124, 0.104, 0.123, 0.198, 0.224, 0.276, 0.286, 0.234, 0.317
precipitation[0][25], 0.184, 0.188, 0.195, 0.203, 0.205, 0.204, 0.192, 0.211, 0.216, 0.226, 0.233, 0.244, 0.25, 0.254, 0.265, 0.27, 0.281, 0.284, 0.292, 0.297, 0.304, 0.309, 0.312, 0.317, 0.323, 0.334, 0.343, 0.356, 0.366, 0.375, 0.385, 0.395, 0.4, 0.398, 0.401, 0.402, 0.404, 0.404, 0.405, 0.407, 0.407, 0.41, 0.406, 0.4, 0.396, 0.392, 0.389, 0.382, 0.377, 0.374, 0.368, 0.364, 0.361, 0.354, 0.349, 0.348, 0.348, 0.34, 0.337, 0.335, 0.333, 0.332, 0.351, 0.39, 0.427, 0.465, 0.506, 0.541, 0.579, 0.616, 0.656, 0.697, 0.731, 0.748, 0.768, 0.785, 0.8, 0.812, 0.829, 0.843, 0.86, 0.876, 0.901, 0.924, 0.949, 0.984, 1.013, 1.041, 1.076, 1.082, 1.096, 1.114, 1.112, 1.072, 1.034, 0.991, 0.952, 0.901, 0.86, 0.826, 0.798, 0.781, 0.786, 0.794, 0.796, 0.796, 0.797, 0.794, 0.799, 0.811, 0.815, 0.813, 0.794, 0.753, 0.717, 0.664, 0.626, 0.598, 0.555, 0.522, 0.491, 0.448, 0.459, 0.435, 0.42, 0.387, 0.373, 0.363, 0.347, 0.352, 0.347, 0.344, 0.316, 0.234, 0.203, 0.276, 0.295, 0.31, 0.347, 0.365, 0.427, 0.471, 0.532, 0.496, 0.421, 0.374, 0.355, 0.398, 0.518, 0.473, 0.51, 0.482, 0.493, 0.383, 0.46, 0.448, 0.416, 0.408, 0.448, 0.367, 0.333, 0.377, 0.315, 0.262, 0.242, 0.28, 0.281, 0.318, 0.34, 0.244, 0.185, 0.157, 0.178, 0.158, 0.12, 0.135, 0.102, 0.096, 0.113, 0.205, 0.192, 0.268, 0.212, 0.219, 0.296
precipitation[0][26], 0.196, 0.163, 0.165, 0.169, 0.172, 0.195, 0.194, 0.191, 0.21, 0.228, 0.249, 0.265, 0.271, 0.25, 0.251, 0.317, 0.309, 0.316, 0.315, 0.32, 0.329, 0.31, 0.3, 0.277, 0.265, 0.263, 0.268, 0.312, 0.321, 0.332, 0.336, 0.342, 0.348, 0.338, 0.341, 0.343, 0.367, 0.395, 0.4, 0.41, 0.407, 0.414, 0.402, 0.398, 0.399, 0.399, 0.405, 0.4, 0.395, 0.394, 0.388, 0.384, 0.382, 0.38, 0.365, 0.358, 0.354, 0.346, 0.34, 0.334, 0.331, 0.327, 0.342, 0.375, 0.407, 0.438, 0.472, 0.507, 0.54, 0.573, 0.605, 0.645, 0.674, 0.689, 0.705, 0.72, 0.735, 0.749, 0.76, 0.773, 0.787, 0.8, 0.826, 0.852, 0.88, 0.908, 0.937, 0.97, 1, 1.023, 1.046, 1.068, 1.062, 1.034, 1.005, 0.972, 0.943, 0.914, 0.885, 0.858, 0.832, 0.809, 0.801, 0.801, 0.798, 0.795, 0.793, 0.789, 0.785, 0.787, 0.787, 0.778, 0.759, 0.726, 0.692, 0.656, 0.619, 0.583, 0.546, 0.51, 0.477, 0.441, 0.422, 0.404, 0.397, 0.378, 0.366, 0.356, 0.342, 0.338, 0.323, 0.307, 0.299, 0.278, 0.239, 0.319, 0.33, 0.303, 0.32, 0.38, 0.413, 0.449, 0.518, 0.527, 0.473, 0.432, 0.38, 0.475, 0.577, 0.5, 0.497, 0.446, 0.492, 0.416, 0.455, 0.484, 0.499, 0.454, 0.394, 0.381, 0.332, 0.313, 0.315, 0.282, 0.299, 0.287, 0.325, 0.306, 0.354, 0.276, 0.175, 0.16, 0.184, 0.16, 0.115, 0.111, 0.096, 0.112, 0.104, 0.15, 0.173, 0.263, 0.231, 0.253, 0.299
precipitation[0][27], 0.189, 0.161, 0.151, 0.171, 0.19, 0.201, 0.238, 0.222, 0.209, 0.231, 0.264, 0.302, 0.261, 0.262, 0.296, 0.255, 0.269, 0.284, 0.286, 0.284, 0.294, 0.304, 0.294, 0.296, 0.267, 0.261, 0.278, 0.32, 0.336, 0.339, 0.338, 0.344, 0.345, 0.344, 0.347, 0.355, 0.363, 0.397, 0.404, 0.42, 0.418, 0.417, 0.418, 0.411, 0.414, 0.416, 0.418, 0.426, 0.417, 0.412, 0.416, 0.413, 0.404, 0.4, 0.389, 0.376, 0.368, 0.356, 0.348, 0.339, 0.329, 0.321, 0.331, 0.358, 0.384, 0.412, 0.441, 0.47, 0.5, 0.526, 0.554, 0.586, 0.61, 0.628, 0.641, 0.651, 0.664, 0.67, 0.682, 0.694, 0.703, 0.716, 0.739, 0.766, 0.798, 0.828, 0.857, 0.894, 0.923, 0.948, 0.969, 0.992, 0.992, 0.972, 0.951, 0.927, 0.906, 0.885, 0.861, 0.841, 0.824, 0.806, 0.804, 0.794, 0.787, 0.78, 0.774, 0.768, 0.758, 0.755, 0.754, 0.743, 0.721, 0.691, 0.661, 0.631, 0.596, 0.566, 0.534, 0.497, 0.466, 0.436, 0.411, 0.399, 0.388, 0.37, 0.357, 0.345, 0.328, 0.318, 0.303, 0.29, 0.286, 0.271, 0.27, 0.364, 0.365, 0.33, 0.291, 0.409, 0.465, 0.521, 0.584, 0.506, 0.466, 0.41, 0.378, 0.44, 0.511, 0.541, 0.451, 0.393, 0.372, 0.381, 0.449, 0.484, 0.44, 0.428, 0.393, 0.377, 0.336, 0.274, 0.298, 0.288, 0.273, 0.281, 0.346, 0.353, 0.299, 0.227, 0.183, 0.171, 0.192, 0.195, 0.118, 0.107, 0.11, 0.117, 0.096, 0.132, 0.168, 0.18, 0.191, 0.228, 0.301
precipitation[0][28], 0.181, 0.196, 0.189, 0.2, 0.203, 0.205, 0.208, 0.213, 0.199, 0.206, 0.277, 0.273, 0.269, 0.261, 0.254, 0.251, 0.302, 0.282, 0.29, 0.283, 0.306, 0.306, 0.301, 0.293, 0.275, 0.271, 0.277, 0.33, 0.347, 0.34, 0.345, 0.347, 0.353, 0.353, 0.357, 0.362, 0.368, 0.407, 0.411, 0.419, 0.422, 0.432, 0.43, 0.437, 0.436, 0.428, 0.444, 0.439, 0.434, 0.438, 0.442, 0.432, 0.427, 0.421, 0.409, 0.391, 0.381, 0.365, 0.353, 0.34, 0.327, 0.315, 0.32, 0.342, 0.363, 0.386, 0.41, 0.436, 0.459, 0.481, 0.504, 0.526, 0.549, 0.563, 0.575, 0.582, 0.593, 0.6, 0.608, 0.625, 0.631, 0.637, 0.655, 0.682, 0.711, 0.748, 0.782, 0.818, 0.853, 0.879, 0.9, 0.917, 0.923, 0.911, 0.898, 0.885, 0.869, 0.856, 0.843, 0.832, 0.82, 0.808, 0.805, 0.802, 0.79, 0.768, 0.758, 0.744, 0.737, 0.727, 0.736, 0.727, 0.684, 0.656, 0.643, 0.603, 0.572, 0.544, 0.516, 0.485, 0.46, 0.432, 0.407, 0.39, 0.377, 0.356, 0.342, 0.326, 0.311, 0.3, 0.285, 0.268, 0.26, 0.255, 0.24, 0.253, 0.266, 0.322, 0.326, 0.358, 0.532, 0.552, 0.68, 0.624, 0.486, 0.472, 0.426, 0.441, 0.467, 0.498, 0.55, 0.573, 0.455, 0.451, 0.452, 0.477, 0.51, 0.462, 0.423, 0.394, 0.337, 0.276, 0.265, 0.279, 0.272, 0.28, 0.314, 0.426, 0.351, 0.236, 0.16, 0.17, 0.176, 0.137, 0.111, 0.095, 0.117, 0.14, 0.131, 0.172, 0.148, 0.164, 0.191, 0.223, 0.229
precipitation[0][29], 0.199, 0.197, 0.186, 0.21, 0.208, 0.195, 0.203, 0.2, 0.188, 0.229, 0.234, 0.256, 0.266, 0.262, 0.252, 0.263, 0.303, 0.287, 0.284, 0.299, 0.305, 0.302, 0.299, 0.311, 0.306, 0.287, 0.297, 0.335, 0.336, 0.353, 0.352, 0.351, 0.359, 0.36, 0.372, 0.372, 0.386, 0.416, 0.425, 0.434, 0.439, 0.44, 0.436, 0.445, 0.448, 0.439, 0.459, 0.452, 0.453, 0.458, 0.462, 0.464, 0.454, 0.436, 0.422, 0.409, 0.396, 0.38, 0.358, 0.343, 0.327, 0.31, 0.311, 0.327, 0.344, 0.361, 0.38, 0.396, 0.415, 0.436, 0.455, 0.472, 0.487, 0.499, 0.506, 0.513, 0.523, 0.529, 0.534, 0.543, 0.551, 0.557, 0.573, 0.601, 0.631, 0.665, 0.703, 0.73, 0.762, 0.787, 0.815, 0.846, 0.855, 0.852, 0.846, 0.842, 0.837, 0.826, 0.821, 0.816, 0.81, 0.806, 0.816, 0.801, 0.778, 0.763, 0.747, 0.727, 0.715, 0.699, 0.683, 0.676, 0.645, 0.616, 0.604, 0.569, 0.548, 0.52, 0.502, 0.475, 0.453, 0.428, 0.403, 0.386, 0.362, 0.349, 0.335, 0.31, 0.295, 0.28, 0.266, 0.25, 0.241, 0.235, 0.224, 0.178, 0.181, 0.263, 0.34, 0.361, 0.513, 0.612, 0.73, 0.64, 0.544, 0.492, 0.413, 0.373, 0.464, 0.499, 0.68, 0.498, 0.475, 0.477, 0.477, 0.519, 0.494, 0.448, 0.433, 0.461, 0.351, 0.269, 0.281, 0.244, 0.259, 0.269, 0.27, 0.292, 0.249, 0.149, 0.123, 0.136, 0.133, 0.124, 0.122, 0.096, 0.114, 0.116, 0.146, 0.155, 0.126, 0.119, 0.133, 0.147, 0.211
precipitation[0][30], 0.21, 0.166, 0.17, 0.173, 0.215, 0.224, 0.221, 0.211, 0.2, 0.233, 0.24, 0.266, 0.26, 0.245, 0.251, 0.266, 0.271, 0.293, 0.289, 0.302, 0.3, 0.314, 0.315, 0.312, 0.301, 0.297, 0.305, 0.338, 0.336, 0.35, 0.349, 0.352, 0.359, 0.367, 0.378, 0.398, 0.406, 0.433, 0.437, 0.448, 0.449, 0.455, 0.454, 0.451, 0.457, 0.455, 0.465, 0.47, 0.472, 0.482, 0.485, 0.481, 0.473, 0.458, 0.437, 0.42, 0.41, 0.391, 0.368, 0.346, 0.326, 0.308, 0.304, 0.315, 0.325, 0.335, 0.346, 0.358, 0.371, 0.382, 0.396, 0.411, 0.421, 0.43, 0.438, 0.445, 0.453, 0.456, 0.456, 0.462, 0.465, 0.471, 0.489, 0.519, 0.55, 0.581, 0.617, 0.655, 0.673, 0.701, 0.729, 0.759, 0.775, 0.778, 0.784, 0.791, 0.8, 0.796, 0.799, 0.801, 0.806, 0.811, 0.814, 0.804, 0.778, 0.76, 0.735, 0.71, 0.69, 0.681, 0.654, 0.627, 0.599, 0.59, 0.56, 0.539, 0.521, 0.498, 0.475, 0.461, 0.438, 0.425, 0.405, 0.375, 0.351, 0.333, 0.317, 0.297, 0.281, 0.265, 0.249, 0.234, 0.225, 0.217, 0.205, 0.196, 0.189, 0.312, 0.449, 0.419, 0.529, 0.584, 0.747, 0.548, 0.525, 0.617, 0.448, 0.407, 0.424, 0.508, 0.659, 0.549, 0.502, 0.479, 0.494, 0.513, 0.502, 0.513, 0.402, 0.388, 0.303, 0.248, 0.242, 0.224, 0.224, 0.243, 0.242, 0.242, 0.186, 0.148, 0.105, 0.111, 0.121, 0.13, 0.125, 0.085, 0.096, 0.133, 0.142, 0.158, 0.143, 0.124, 0.127, 0.145, 0.171
precipitation[0][31], 0.206, 0.181, 0.161, 0.153, 0.164, 0.209, 0.228, 0.24, 0.237, 0.239, 0.294, 0.284, 0.253, 0.239, 0.241, 0.244, 0.247, 0.307, 0.297, 0.301, 0.305, 0.311, 0.337, 0.326, 0.325, 0.318, 0.319, 0.354, 0.349, 0.356, 0.354, 0.355, 0.357, 0.365, 0.383, 0.396, 0.418, 0.435, 0.437, 0.446, 0.46, 0.461, 0.458, 0.448, 0.46, 0.456, 0.463, 0.474, 0.478, 0.486, 0.488, 0.489, 0.477, 0.457, 0.444, 0.436, 0.418, 0.395, 0.371, 0.347, 0.325, 0.308, 0.303, 0.31, 0.316, 0.322, 0.33, 0.339, 0.348, 0.355, 0.365, 0.376, 0.386, 0.391, 0.397, 0.403, 0.409, 0.413, 0.412, 0.416, 0.419, 0.423, 0.44, 0.47, 0.502, 0.53, 0.563, 0.593, 0.621, 0.647, 0.672, 0.7, 0.716, 0.724, 0.736, 0.748, 0.756, 0.766, 0.777, 0.787, 0.795, 0.81, 0.8, 0.784, 0.762, 0.735, 0.714, 0.695, 0.664, 0.645, 0.623, 0.603, 0.584, 0.561, 0.541, 0.522, 0.506, 0.494, 0.472, 0.462, 0.448, 0.429, 0.408, 0.383, 0.355, 0.331, 0.312, 0.292, 0.277, 0.26, 0.244, 0.227, 0.216, 0.21, 0.198, 0.19, 0.177, 0.302, 0.364, 0.473, 0.454, 0.531, 0.593, 0.602, 0.589, 0.535, 0.47, 0.407, 0.459, 0.526, 0.633, 0.564, 0.464, 0.459, 0.542, 0.605, 0.469, 0.485, 0.398, 0.352, 0.283, 0.224, 0.225, 0.216, 0.234, 0.252, 0.236, 0.243, 0.21, 0.158, 0.117, 0.122, 0.143, 0.128, 0.122, 0.091, 0.122, 0.146, 0.163, 0.148, 0.138, 0.131, 0.137, 0.146, 0.177
precipitation[0][32], 0.198, 0.168, 0.154, 0.16, 0.167, 0.21, 0.241, 0.221, 0.238, 0.278, 0.295, 0.283, 0.246, 0.234, 0.247, 0.266, 0.241, 0.299, 0.346, 0.393, 0.331, 0.33, 0.342, 0.338, 0.339, 0.335, 0.337, 0.362, 0.355, 0.361, 0.361, 0.363, 0.363, 0.368, 0.376, 0.395, 0.416, 0.425, 0.436, 0.438, 0.447, 0.452, 0.451, 0.446, 0.448, 0.449, 0.464, 0.457, 0.464, 0.468, 0.47, 0.47, 0.462, 0.444, 0.43, 0.428, 0.415, 0.388, 0.369, 0.349, 0.328, 0.311, 0.305, 0.313, 0.316, 0.321, 0.33, 0.337, 0.342, 0.349, 0.356, 0.362, 0.367, 0.374, 0.381, 0.387, 0.394, 0.399, 0.404, 0.407, 0.409, 0.412, 0.429, 0.456, 0.481, 0.509, 0.538, 0.562, 0.59, 0.613, 0.639, 0.663, 0.678, 0.686, 0.696, 0.705, 0.717, 0.73, 0.735, 0.742, 0.752, 0.766, 0.763, 0.742, 0.727, 0.698, 0.683, 0.657, 0.633, 0.612, 0.59, 0.591, 0.568, 0.538, 0.523, 0.507, 0.491, 0.477, 0.47, 0.463, 0.447, 0.43, 0.414, 0.392, 0.366, 0.339, 0.318, 0.299, 0.282, 0.264, 0.247, 0.229, 0.219, 0.209, 0.2, 0.191, 0.186, 0.175, 0.318, 0.322, 0.383, 0.441, 0.583, 0.612, 0.578, 0.527, 0.446, 0.462, 0.442, 0.501, 0.621, 0.516, 0.458, 0.506, 0.457, 0.559, 0.481, 0.461, 0.362, 0.306, 0.258, 0.228, 0.232, 0.245, 0.26, 0.271, 0.277, 0.282, 0.227, 0.173, 0.151, 0.139, 0.147, 0.143, 0.125, 0.113, 0.122, 0.141, 0.175, 0.209, 0.2, 0.175, 0.174, 0.143, 0.175
precipitation[0][33], 0.195, 0.182, 0.173, 0.178, 0.198, 0.22, 0.239, 0.253, 0.279, 0.325, 0.368, 0.327, 0.266, 0.266, 0.249, 0.275, 0.272, 0.303, 0.309, 0.313, 0.331, 0.342, 0.352, 0.355, 0.336, 0.346, 0.343, 0.363, 0.364, 0.373, 0.371, 0.372, 0.371, 0.377, 0.376, 0.38, 0.39, 0.425, 0.437, 0.434, 0.433, 0.432, 0.433, 0.437, 0.45, 0.442, 0.446, 0.446, 0.452, 0.456, 0.458, 0.453, 0.443, 0.431, 0.419, 0.406, 0.387, 0.374, 0.363, 0.349, 0.332, 0.319, 0.311, 0.314, 0.317, 0.32, 0.326, 0.333, 0.339, 0.343, 0.345, 0.35, 0.355, 0.361, 0.368, 0.374, 0.38, 0.387, 0.394, 0.398, 0.401, 0.405, 0.421, 0.444, 0.468, 0.49, 0.514, 0.534, 0.558, 0.583, 0.604, 0.628, 0.641, 0.649, 0.659, 0.668, 0.677, 0.686, 0.696, 0.707, 0.713, 0.722, 0.722, 0.71, 0.686, 0.664, 0.648, 0.631, 0.609, 0.59, 0.565, 0.552, 0.535, 0.524, 0.508, 0.491, 0.476, 0.468, 0.469, 0.465, 0.45, 0.435, 0.418, 0.4, 0.375, 0.347, 0.33, 0.304, 0.283, 0.266, 0.249, 0.232, 0.22, 0.215, 0.202, 0.193, 0.186, 0.178, 0.176, 0.16, 0.362, 0.446, 0.589, 0.617, 0.558, 0.549, 0.444, 0.459, 0.433, 0.476, 0.48, 0.457, 0.481, 0.524, 0.604, 0.542, 0.396, 0.386, 0.378, 0.338, 0.291, 0.242, 0.24, 0.262, 0.26, 0.309, 0.318, 0.308, 0.263, 0.209, 0.189, 0.194, 0.212, 0.183, 0.164, 0.135, 0.159, 0.184, 0.208, 0.253, 0.247, 0.198, 0.185, 0.128, 0.148
precipitation[0][34], 0.21, 0.173, 0.152, 0.162, 0.208, 0.243, 0.279, 0.284, 0.321, 0.349, 0.391, 0.334, 0.3, 0.286, 0.274, 0.306, 0.326, 0.302, 0.312, 0.311, 0.325, 0.333, 0.334, 0.358, 0.354, 0.368, 0.364, 0.368, 0.369, 0.374, 0.375, 0.368, 0.368, 0.375, 0.371, 0.384, 0.415, 0.417, 0.422, 0.425, 0.424, 0.417, 0.418, 0.436, 0.427, 0.425, 0.429, 0.434, 0.435, 0.44, 0.446, 0.435, 0.425, 0.412, 0.401, 0.391, 0.383, 0.37, 0.36, 0.35, 0.333, 0.321, 0.318, 0.317, 0.319, 0.32, 0.323, 0.33, 0.331, 0.334, 0.337, 0.339, 0.343, 0.35, 0.356, 0.362, 0.37, 0.378, 0.383, 0.39, 0.394, 0.399, 0.412, 0.433, 0.455, 0.477, 0.494, 0.512, 0.533, 0.552, 0.574, 0.596, 0.608, 0.615, 0.625, 0.637, 0.644, 0.658, 0.666, 0.674, 0.681, 0.689, 0.692, 0.686, 0.664, 0.641, 0.627, 0.61, 0.587, 0.566, 0.549, 0.536, 0.53, 0.513, 0.497, 0.481, 0.472, 0.47, 0.469, 0.464, 0.447, 0.44, 0.422, 0.412, 0.383, 0.356, 0.333, 0.31, 0.287, 0.267, 0.251, 0.233, 0.22, 0.212, 0.205, 0.198, 0.188, 0.18, 0.173, 0.173, 0.166, 0.492, 0.477, 0.564, 0.54, 0.545, 0.485, 0.416, 0.485, 0.482, 0.478, 0.51, 0.603, 0.605, 0.705, 0.562, 0.488, 0.468, 0.435, 0.378, 0.346, 0.268, 0.314, 0.309, 0.307, 0.298, 0.302, 0.372, 0.348, 0.288, 0.255, 0.23, 0.276, 0.297, 0.195, 0.183, 0.21, 0.196, 0.25, 0.274, 0.275, 0.2, 0.171, 0.116, 0.123
precipitation[0][35], 0.198, 0.188, 0.183, 0.174, 0.206, 0.244, 0.294, 0.312, 0.426, 0.402, 0.363, 0.321, 0.299, 0.288, 0.308, 0.33, 0.362, 0.322, 0.311, 0.321, 0.345, 0.327, 0.335, 0.344, 0.364, 0.363, 0.349, 0.364, 0.367, 0.368, 0.38, 0.368, 0.366, 0.376, 0.374, 0.385, 0.4, 0.409, 0.416, 0.421, 0.42, 0.409, 0.405, 0.415, 0.43, 0.425, 0.421, 0.418, 0.426, 0.426, 0.427, 0.412, 0.408, 0.397, 0.389, 0.384, 0.379, 0.37, 0.36, 0.354, 0.343, 0.331, 0.326, 0.323, 0.323, 0.32, 0.32, 0.324, 0.325, 0.328, 0.329, 0.33, 0.333, 0.34, 0.345, 0.354, 0.362, 0.368, 0.373, 0.379, 0.385, 0.391, 0.402, 0.418, 0.438, 0.459, 0.473, 0.49, 0.509, 0.525, 0.544, 0.566, 0.575, 0.582, 0.591, 0.603, 0.612, 0.624, 0.633, 0.638, 0.643, 0.657, 0.664, 0.65, 0.634, 0.613, 0.602, 0.588, 0.562, 0.545, 0.53, 0.52, 0.513, 0.499, 0.489, 0.474, 0.466, 0.466, 0.471, 0.468, 0.449, 0.443, 0.428, 0.412, 0.386, 0.363, 0.343, 0.319, 0.29, 0.271, 0.252, 0.233, 0.222, 0.214, 0.204, 0.199, 0.193, 0.186, 0.18, 0.176, 0.169, 0.294, 0.401, 0.56, 0.619, 0.607, 0.473, 0.389, 0.578, 0.541, 0.502, 0.519, 0.577, 0.585, 0.61, 0.549, 0.499, 0.491, 0.519, 0.384, 0.365, 0.282, 0.303, 0.325, 0.333, 0.318, 0.325, 0.353, 0.306, 0.301, 0.29, 0.265, 0.251, 0.259, 0.2, 0.176, 0.21, 0.213, 0.213, 0.255, 0.229, 0.245, 0.161, 0.13, 0.12
precipitation[0][36], 0.307, 0.276, 0.205, 0.218, 0.27, 0.281, 0.386, 0.371, 0.414, 0.414, 0.347, 0.332, 0.293, 0.278, 0.29, 0.315, 0.342, 0.321, 0.331, 0.321, 0.315, 0.304, 0.3, 0.343, 0.361, 0.334, 0.318, 0.36, 0.355, 0.355, 0.385, 0.371, 0.358, 0.349, 0.354, 0.362, 0.374, 0.385, 0.421, 0.413, 0.412, 0.395, 0.407, 0.409, 0.447, 0.439, 0.44, 0.409, 0.418, 0.41, 0.403, 0.395, 0.395, 0.398, 0.393, 0.398, 0.376, 0.357, 0.361, 0.353, 0.348, 0.34, 0.331, 0.325, 0.321, 0.318, 0.315, 0.319, 0.317, 0.318, 0.318, 0.317, 0.32, 0.326, 0.333, 0.342, 0.35, 0.357, 0.363, 0.37, 0.376, 0.382, 0.393, 0.408, 0.425, 0.441, 0.458, 0.473, 0.49, 0.506, 0.521, 0.537, 0.549, 0.558, 0.565, 0.575, 0.583, 0.594, 0.603, 0.607, 0.617, 0.63, 0.635, 0.622, 0.606, 0.588, 0.573, 0.556, 0.54, 0.526, 0.512, 0.497, 0.491, 0.484, 0.477, 0.472, 0.465, 0.458, 0.458, 0.458, 0.446, 0.445, 0.436, 0.41, 0.39, 0.364, 0.345, 0.321, 0.294, 0.274, 0.255, 0.236, 0.224, 0.216, 0.208, 0.201, 0.196, 0.191, 0.185, 0.178, 0.172, 0.166, 0.385, 0.438, 0.522, 0.581, 0.423, 0.363, 0.387, 0.457, 0.441, 0.607, 0.583, 0.506, 0.682, 0.565, 0.546, 0.589, 0.535, 0.379, 0.366, 0.331, 0.335, 0.339, 0.315, 0.343, 0.319, 0.323, 0.286, 0.28, 0.3, 0.246, 0.207, 0.216, 0.188, 0.16, 0.213, 0.179, 0.191, 0.197, 0.265, 0.253, 0.159, 0.135, 0.144
precipitation[0][37], 0.217, 0.205, 0.185, 0.191, 0.21, 0.257, 0.402, 0.381, 0.396, 0.394, 0.395, 0.306, 0.262, 0.29, 0.318, 0.325, 0.34, 0.324, 0.353, 0.318, 0.318, 0.301, 0.294, 0.324, 0.327, 0.327, 0.351, 0.357, 0.398, 0.38, 0.391, 0.386, 0.363, 0.351, 0.367, 0.369, 0.383, 0.379, 0.393, 0.373, 0.372, 0.396, 0.388, 0.401, 0.413, 0.409, 0.417, 0.402, 0.392, 0.394, 0.389, 0.385, 0.383, 0.382, 0.377, 0.378, 0.374, 0.359, 0.363, 0.348, 0.342, 0.336, 0.332, 0.326, 0.324, 0.318, 0.313, 0.315, 0.312, 0.31, 0.31, 0.307, 0.31, 0.316, 0.323, 0.332, 0.339, 0.347, 0.354, 0.361, 0.367, 0.375, 0.383, 0.397, 0.41, 0.424, 0.438, 0.451, 0.467, 0.479, 0.492, 0.508, 0.517, 0.526, 0.534, 0.545, 0.553, 0.563, 0.579, 0.579, 0.589, 0.601, 0.606, 0.595, 0.581, 0.563, 0.55, 0.531, 0.517, 0.504, 0.49, 0.476, 0.469, 0.468, 0.465, 0.462, 0.456, 0.453, 0.451, 0.453, 0.449, 0.448, 0.433, 0.424, 0.402, 0.37, 0.348, 0.324, 0.298, 0.278, 0.259, 0.238, 0.225, 0.218, 0.213, 0.207, 0.2, 0.194, 0.19, 0.184, 0.181, 0.18, 0.181, 0.36, 0.437, 0.538, 0.486, 0.407, 0.426, 0.387, 0.486, 0.447, 0.52, 0.53, 0.565, 0.557, 0.577, 0.538, 0.529, 0.402, 0.368, 0.338, 0.365, 0.329, 0.292, 0.32, 0.323, 0.324, 0.307, 0.277, 0.282, 0.226, 0.217, 0.194, 0.173, 0.166, 0.169, 0.181, 0.142, 0.177, 0.226, 0.223, 0.144, 0.145, 0.154
precipitation[0][38], 0.193, 0.233, 0.213, 0.203, 0.216, 0.224, 0.271, 0.306, 0.314, 0.327, 0.313, 0.27, 0.286, 0.307, 0.325, 0.336, 0.351, 0.348, 0.366, 0.343, 0.326, 0.335, 0.33, 0.337, 0.342, 0.323, 0.348, 0.38, 0.407, 0.381, 0.403, 0.409, 0.387, 0.379, 0.383, 0.375, 0.38, 0.389, 0.395, 0.374, 0.37, 0.382, 0.381, 0.387, 0.376, 0.371, 0.39, 0.39, 0.377, 0.373, 0.376, 0.367, 0.367, 0.367, 0.367, 0.364, 0.364, 0.355, 0.357, 0.352, 0.347, 0.352, 0.344, 0.338, 0.336, 0.324, 0.325, 0.316, 0.31, 0.308, 0.303, 0.3, 0.301, 0.31, 0.319, 0.329, 0.335, 0.343, 0.349, 0.355, 0.362, 0.37, 0.376, 0.386, 0.4, 0.408, 0.418, 0.43, 0.442, 0.451, 0.46, 0.472, 0.483, 0.492, 0.503, 0.512, 0.521, 0.527, 0.547, 0.549, 0.559, 0.57, 0.575, 0.565, 0.552, 0.536, 0.527, 0.515, 0.5, 0.487, 0.475, 0.46, 0.456, 0.457, 0.456, 0.451, 0.45, 0.448, 0.45, 0.456, 0.461, 0.458, 0.449, 0.43, 0.41, 0.379, 0.352, 0.327, 0.306, 0.289, 0.26, 0.238, 0.224, 0.219, 0.214, 0.21, 0.204, 0.2, 0.195, 0.191, 0.187, 0.19, 0.19, 0.198, 0.406, 0.489, 0.397, 0.407, 0.379, 0.4, 0.5, 0.397, 0.421, 0.465, 0.513, 0.632, 0.623, 0.57, 0.553, 0.391, 0.345, 0.304, 0.301, 0.306, 0.287, 0.315, 0.352, 0.323, 0.276, 0.273, 0.265, 0.271, 0.212, 0.19, 0.159, 0.174, 0.168, 0.183, 0.172, 0.201, 0.17, 0.171, 0.168, 0.133, 0.155
precipitation[0][39], 0.199, 0.217, 0.23, 0.249, 0.231, 0.231, 0.23, 0.248, 0.284, 0.267, 0.276, 0.275, 0.267, 0.3, 0.344, 0.339, 0.422, 0.35, 0.354, 0.32, 0.348, 0.333, 0.332, 0.324, 0.32, 0.337, 0.368, 0.398, 0.405, 0.447, 0.407, 0.412, 0.419, 0.405, 0.401, 0.405, 0.36, 0.392, 0.402, 0.366, 0.364, 0.368, 0.361, 0.354, 0.349, 0.362, 0.387, 0.369, 0.361, 0.355, 0.358, 0.346, 0.347, 0.35, 0.35, 0.349, 0.353, 0.349, 0.351, 0.35, 0.348, 0.355, 0.35, 0.336, 0.331, 0.33, 0.328, 0.316, 0.307, 0.302, 0.295, 0.291, 0.292, 0.299, 0.308, 0.317, 0.325, 0.332, 0.338, 0.345, 0.35, 0.359, 0.365, 0.376, 0.383, 0.389, 0.397, 0.407, 0.416, 0.424, 0.433, 0.44, 0.45, 0.461, 0.473, 0.482, 0.489, 0.498, 0.505, 0.518, 0.527, 0.538, 0.544, 0.533, 0.518, 0.51, 0.505, 0.493, 0.484, 0.47, 0.461, 0.448, 0.446, 0.451, 0.45, 0.447, 0.448, 0.445, 0.45, 0.457, 0.461, 0.465, 0.46, 0.439, 0.409, 0.381, 0.355, 0.331, 0.307, 0.285, 0.263, 0.239, 0.225, 0.221, 0.215, 0.211, 0.207, 0.205, 0.201, 0.198, 0.195, 0.195, 0.2, 0.21, 0.22, 0.227, 0.235, 0.246, 0.254, 0.258, 0.3, 0.432, 0.437, 0.501, 0.501, 0.575, 0.543, 0.622, 0.645, 0.412, 0.355, 0.271, 0.285, 0.278, 0.272, 0.264, 0.289, 0.293, 0.304, 0.257, 0.242, 0.216, 0.182, 0.163, 0.178, 0.176, 0.209, 0.163, 0.194, 0.177, 0.149, 0.143, 0.14, 0.122, 0.13
precipitation[0][40], 0.187, 0.192, 0.208, 0.241, 0.223, 0.199, 0.208, 0.232, 0.254, 0.271, 0.273, 0.287, 0.257, 0.27, 0.291, 0.316, 0.35, 0.326, 0.308, 0.329, 0.327, 0.319, 0.347, 0.318, 0.325, 0.336, 0.359, 0.43, 0.436, 0.452, 0.424, 0.442, 0.424, 0.41, 0.381, 0.376, 0.361, 0.357, 0.361, 0.357, 0.349, 0.358, 0.351, 0.346, 0.338, 0.343, 0.372, 0.354, 0.348, 0.341, 0.341, 0.33, 0.332, 0.336, 0.34, 0.34, 0.34, 0.339, 0.345, 0.353, 0.35, 0.366, 0.353, 0.338, 0.337, 0.33, 0.327, 0.311, 0.304, 0.293, 0.286, 0.28, 0.281, 0.294, 0.298, 0.304, 0.313, 0.323, 0.33, 0.336, 0.343, 0.351, 0.356, 0.363, 0.368, 0.373, 0.377, 0.384, 0.391, 0.399, 0.404, 0.409, 0.417, 0.432, 0.451, 0.456, 0.461, 0.469, 0.477, 0.489, 0.499, 0.508, 0.511, 0.503, 0.492, 0.485, 0.479, 0.471, 0.463, 0.452, 0.442, 0.434, 0.432, 0.436, 0.44, 0.441, 0.444, 0.445, 0.451, 0.464, 0.472, 0.476, 0.47, 0.457, 0.423, 0.383, 0.361, 0.332, 0.31, 0.286, 0.263, 0.242, 0.228, 0.224, 0.22, 0.215, 0.211, 0.21, 0.206, 0.204, 0.202, 0.202, 0.207, 0.214, 0.223, 0.232, 0.241, 0.256, 0.263, 0.27, 0.28, 0.293, 0.298, 0.497, 0.536, 0.54, 0.514, 0.665, 0.635, 0.44, 0.316, 0.275, 0.264, 0.25, 0.242, 0.245, 0.273, 0.278, 0.284, 0.223, 0.215, 0.193, 0.223, 0.176, 0.184, 0.19, 0.162, 0.166, 0.166, 0.166, 0.159, 0.132, 0.125, 0.134, 0.135
precipitation[0][41], 0.179, 0.195, 0.219, 0.216, 0.233, 0.207, 0.196, 0.211, 0.232, 0.253, 0.285, 0.284, 0.247, 0.276, 0.335, 0.343, 0.331, 0.323, 0.324, 0.335, 0.338, 0.355, 0.361, 0.338, 0.338, 0.38, 0.425, 0.448, 0.481, 0.484, 0.43, 0.397, 0.384, 0.395, 0.39, 0.367, 0.358, 0.354, 0.364, 0.343, 0.352, 0.359, 0.343, 0.324, 0.317, 0.322, 0.356, 0.348, 0.345, 0.342, 0.34, 0.333, 0.33, 0.329, 0.329, 0.336, 0.341, 0.339, 0.35, 0.356, 0.351, 0.363, 0.35, 0.343, 0.339, 0.33, 0.319, 0.305, 0.299, 0.293, 0.286, 0.28, 0.279, 0.284, 0.29, 0.3, 0.309, 0.324, 0.329, 0.335, 0.341, 0.346, 0.352, 0.355, 0.36, 0.365, 0.369, 0.374, 0.378, 0.385, 0.386, 0.387, 0.393, 0.407, 0.424, 0.435, 0.442, 0.45, 0.458, 0.469, 0.483, 0.493, 0.494, 0.486, 0.479, 0.473, 0.468, 0.459, 0.46, 0.446, 0.438, 0.431, 0.434, 0.438, 0.442, 0.441, 0.445, 0.448, 0.449, 0.47, 0.472, 0.486, 0.469, 0.443, 0.414, 0.387, 0.362, 0.34, 0.318, 0.298, 0.278, 0.255, 0.243, 0.238, 0.234, 0.228, 0.225, 0.222, 0.219, 0.217, 0.215, 0.214, 0.218, 0.225, 0.232, 0.243, 0.253, 0.264, 0.273, 0.283, 0.293, 0.301, 0.311, 0.324, 0.466, 0.444, 0.536, 0.481, 0.486, 0.355, 0.334, 0.27, 0.325, 0.299, 0.249, 0.251, 0.313, 0.287, 0.297, 0.237, 0.219, 0.199, 0.184, 0.179, 0.171, 0.178, 0.19, 0.16, 0.151, 0.14, 0.139, 0.133, 0.122, 0.145, 0.161
precipitation[0][42], 0.201, 0.216, 0.217, 0.227, 0.202, 0.204, 0.185, 0.21, 0.222, 0.223, 0.228, 0.243, 0.238, 0.262, 0.303, 0.3, 0.292, 0.297, 0.32, 0.321, 0.336, 0.352, 0.371, 0.394, 0.353, 0.335, 0.393, 0.394, 0.416, 0.417, 0.427, 0.366, 0.357, 0.364, 0.362, 0.353, 0.344, 0.344, 0.35, 0.344, 0.341, 0.331, 0.334, 0.328, 0.34, 0.332, 0.348, 0.345, 0.346, 0.339, 0.338, 0.335, 0.335, 0.333, 0.335, 0.337, 0.344, 0.341, 0.351, 0.355, 0.349, 0.366, 0.353, 0.347, 0.33, 0.323, 0.313, 0.309, 0.302, 0.299, 0.293, 0.286, 0.285, 0.29, 0.298, 0.304, 0.312, 0.323, 0.332, 0.34, 0.34, 0.346, 0.349, 0.352, 0.357, 0.359, 0.363, 0.365, 0.367, 0.371, 0.375, 0.375, 0.382, 0.393, 0.41, 0.428, 0.442, 0.444, 0.452, 0.463, 0.477, 0.488, 0.492, 0.487, 0.479, 0.476, 0.471, 0.463, 0.461, 0.447, 0.442, 0.438, 0.44, 0.445, 0.447, 0.445, 0.445, 0.445, 0.449, 0.465, 0.483, 0.485, 0.47, 0.437, 0.415, 0.391, 0.371, 0.354, 0.338, 0.32, 0.304, 0.283, 0.269, 0.264, 0.258, 0.252, 0.247, 0.244, 0.241, 0.238, 0.235, 0.232, 0.234, 0.243, 0.253, 0.261, 0.27, 0.28, 0.284, 0.293, 0.301, 0.313, 0.323, 0.333, 0.334, 0.464, 0.495, 0.395, 0.352, 0.335, 0.282, 0.268, 0.32, 0.314, 0.285, 0.235, 0.236, 0.291, 0.257, 0.239, 0.21, 0.198, 0.177, 0.169, 0.17, 0.183, 0.182, 0.146, 0.129, 0.141, 0.142, 0.132, 0.129, 0.13, 0.139
precipitation[0][43], 0.178, 0.223, 0.243, 0.258, 0.261, 0.25, 0.24, 0.252, 0.239, 0.216, 0.203, 0.251, 0.278, 0.314, 0.303, 0.289, 0.275, 0.312, 0.34, 0.343, 0.361, 0.351, 0.356, 0.335, 0.341, 0.321, 0.335, 0.368, 0.401, 0.405, 0.394, 0.352, 0.344, 0.345, 0.351, 0.386, 0.341, 0.358, 0.348, 0.363, 0.354, 0.324, 0.331, 0.331, 0.341, 0.342, 0.346, 0.338, 0.341, 0.339, 0.339, 0.341, 0.332, 0.331, 0.328, 0.331, 0.341, 0.341, 0.352, 0.356, 0.361, 0.362, 0.352, 0.346, 0.337, 0.323, 0.316, 0.308, 0.304, 0.301, 0.297, 0.292, 0.293, 0.298, 0.304, 0.311, 0.318, 0.323, 0.332, 0.339, 0.341, 0.347, 0.35, 0.353, 0.352, 0.353, 0.357, 0.357, 0.36, 0.364, 0.366, 0.364, 0.372, 0.384, 0.396, 0.413, 0.424, 0.436, 0.447, 0.46, 0.472, 0.484, 0.494, 0.488, 0.483, 0.479, 0.471, 0.477, 0.463, 0.469, 0.456, 0.446, 0.442, 0.447, 0.446, 0.446, 0.451, 0.446, 0.449, 0.463, 0.472, 0.479, 0.466, 0.432, 0.415, 0.397, 0.379, 0.364, 0.357, 0.346, 0.338, 0.318, 0.297, 0.291, 0.283, 0.278, 0.271, 0.268, 0.264, 0.259, 0.255, 0.251, 0.254, 0.264, 0.272, 0.278, 0.284, 0.291, 0.297, 0.304, 0.313, 0.325, 0.337, 0.342, 0.35, 0.344, 0.293, 0.307, 0.268, 0.281, 0.258, 0.272, 0.308, 0.322, 0.324, 0.263, 0.29, 0.287, 0.264, 0.274, 0.243, 0.228, 0.196, 0.154, 0.154, 0.164, 0.169, 0.143, 0.119, 0.131, 0.14, 0.14, 0.135, 0.128, 0.154
precipitation[0][44], 0.218, 0.241, 0.279, 0.266, 0.267, 0.234, 0.263, 0.288, 0.269, 0.254, 0.229, 0.239, 0.275, 0.309, 0.302, 0.312, 0.286, 0.292, 0.349, 0.356, 0.344, 0.349, 0.353, 0.363, 0.355, 0.313, 0.299, 0.326, 0.382, 0.377, 0.358, 0.346, 0.343, 0.364, 0.326, 0.339, 0.361, 0.336, 0.339, 0.339, 0.338, 0.337, 0.329, 0.343, 0.355, 0.369, 0.359, 0.336, 0.336, 0.331, 0.339, 0.341, 0.324, 0.328, 0.326, 0.328, 0.34, 0.339, 0.349, 0.349, 0.356, 0.358, 0.351, 0.339, 0.335, 0.328, 0.318, 0.313, 0.308, 0.305, 0.306, 0.3, 0.299, 0.304, 0.307, 0.314, 0.321, 0.328, 0.333, 0.338, 0.343, 0.347, 0.35, 0.35, 0.349, 0.348, 0.351, 0.35, 0.35, 0.35, 0.363, 0.351, 0.363, 0.376, 0.385, 0.4, 0.414, 0.429, 0.442, 0.456, 0.468, 0.484, 0.499, 0.49, 0.486, 0.48, 0.479, 0.479, 0.477, 0.474, 0.467, 0.464, 0.455, 0.444, 0.443, 0.445, 0.446, 0.448, 0.455, 0.461, 0.467, 0.473, 0.459, 0.435, 0.42, 0.404, 0.39, 0.38, 0.373, 0.362, 0.36, 0.345, 0.335, 0.321, 0.311, 0.306, 0.297, 0.293, 0.288, 0.283, 0.276, 0.271, 0.273, 0.281, 0.29, 0.296, 0.301, 0.306, 0.312, 0.317, 0.325, 0.335, 0.346, 0.353, 0.358, 0.355, 0.347, 0.224, 0.263, 0.209, 0.195, 0.227, 0.295, 0.319, 0.296, 0.307, 0.315, 0.322, 0.32, 0.328, 0.291, 0.267, 0.201, 0.224, 0.193, 0.153, 0.156, 0.121, 0.11, 0.144, 0.153, 0.165, 0.151, 0.132, 0.147
precipitation[0][45], 0.243, 0.246, 0.255, 0.312, 0.308, 0.33, 0.323, 0.291, 0.286, 0.271, 0.253, 0.267, 0.303, 0.33, 0.361, 0.376, 0.331, 0.299, 0.296, 0.309, 0.302, 0.326, 0.334, 0.348, 0.333, 0.343, 0.33, 0.327, 0.364, 0.381, 0.372, 0.366, 0.335, 0.382, 0.31, 0.318, 0.307, 0.312, 0.319, 0.33, 0.333, 0.343, 0.333, 0.337, 0.364, 0.379, 0.349, 0.333, 0.34, 0.328, 0.327, 0.327, 0.319, 0.321, 0.323, 0.329, 0.335, 0.338, 0.346, 0.345, 0.346, 0.348, 0.351, 0.342, 0.337, 0.33, 0.323, 0.317, 0.313, 0.31, 0.311, 0.311, 0.306, 0.31, 0.314, 0.318, 0.326, 0.332, 0.333, 0.337, 0.343, 0.347, 0.351, 0.347, 0.343, 0.342, 0.344, 0.344, 0.343, 0.339, 0.337, 0.337, 0.344, 0.356, 0.372, 0.387, 0.407, 0.42, 0.434, 0.443, 0.458, 0.476, 0.489, 0.482, 0.488, 0.474, 0.468, 0.469, 0.469, 0.466, 0.461, 0.468, 0.464, 0.46, 0.452, 0.449, 0.448, 0.448, 0.455, 0.456, 0.461, 0.47, 0.457, 0.443, 0.421, 0.409, 0.401, 0.396, 0.387, 0.378, 0.377, 0.38, 0.357, 0.346, 0.339, 0.334, 0.325, 0.317, 0.311, 0.304, 0.297, 0.292, 0.294, 0.3, 0.307, 0.313, 0.319, 0.327, 0.326, 0.332, 0.342, 0.349, 0.354, 0.36, 0.363, 0.358, 0.355, 0.153, 0.172, 0.163, 0.165, 0.194, 0.305, 0.278, 0.277, 0.33, 0.321, 0.328, 0.361, 0.344, 0.292, 0.231, 0.228, 0.302, 0.258, 0.182, 0.141, 0.153, 0.114, 0.131, 0.15, 0.141, 0.143, 0.136, 0.162
precipitation[0][46], 0.252, 0.285, 0.282, 0.299, 0.301, 0.332, 0.298, 0.301, 0.294, 0.298, 0.294, 0.294, 0.288, 0.296, 0.31, 0.35, 0.327, 0.296, 0.297, 0.285, 0.28, 0.311, 0.323, 0.323, 0.305, 0.299, 0.307, 0.321, 0.328, 0.343, 0.366, 0.346, 0.36, 0.36, 0.305, 0.298, 0.299, 0.306, 0.308, 0.336, 0.339, 0.344, 0.35, 0.357, 0.387, 0.368, 0.35, 0.334, 0.345, 0.331, 0.321, 0.323, 0.323, 0.327, 0.324, 0.342, 0.353, 0.36, 0.356, 0.36, 0.368, 0.371, 0.366, 0.353, 0.345, 0.335, 0.345, 0.324, 0.315, 0.319, 0.321, 0.323, 0.324, 0.331, 0.33, 0.332, 0.337, 0.334, 0.335, 0.339, 0.343, 0.348, 0.356, 0.353, 0.342, 0.349, 0.345, 0.338, 0.336, 0.331, 0.327, 0.325, 0.332, 0.345, 0.359, 0.373, 0.387, 0.401, 0.418, 0.432, 0.448, 0.461, 0.471, 0.466, 0.468, 0.468, 0.468, 0.468, 0.463, 0.469, 0.467, 0.466, 0.468, 0.463, 0.46, 0.456, 0.454, 0.451, 0.454, 0.46, 0.458, 0.458, 0.455, 0.438, 0.431, 0.417, 0.41, 0.409, 0.412, 0.403, 0.392, 0.382, 0.378, 0.369, 0.364, 0.36, 0.352, 0.344, 0.335, 0.327, 0.32, 0.314, 0.315, 0.322, 0.325, 0.331, 0.337, 0.339, 0.345, 0.351, 0.356, 0.363, 0.366, 0.367, 0.368, 0.367, 0.364, 0.359, 0.202, 0.164, 0.19, 0.189, 0.263, 0.293, 0.33, 0.372, 0.372, 0.358, 0.39, 0.373, 0.291, 0.212, 0.187, 0.335, 0.221, 0.213, 0.162, 0.179, 0.16, 0.157, 0.148, 0.149, 0.122, 0.122, 0.126
precipitation[0][47], 0.278, 0.328, 0.331, 0.325, 0.315, 0.298, 0.3, 0.306, 0.306, 0.304, 0.29, 0.305, 0.301, 0.299, 0.29, 0.296, 0.329, 0.295, 0.294, 0.27, 0.27, 0.294, 0.315, 0.315, 0.314, 0.28, 0.315, 0.311, 0.316, 0.344, 0.346, 0.345, 0.363, 0.325, 0.292, 0.296, 0.299, 0.312, 0.314, 0.322, 0.338, 0.351, 0.348, 0.374, 0.374, 0.363, 0.357, 0.323, 0.322, 0.311, 0.318, 0.316, 0.32, 0.323, 0.325, 0.341, 0.371, 0.361, 0.354, 0.358, 0.366, 0.369, 0.371, 0.361, 0.345, 0.331, 0.322, 0.323, 0.321, 0.322, 0.325, 0.329, 0.338, 0.331, 0.33, 0.334, 0.337, 0.334, 0.336, 0.339, 0.343, 0.351, 0.352, 0.348, 0.339, 0.338, 0.337, 0.332, 0.327, 0.323, 0.316, 0.313, 0.319, 0.334, 0.348, 0.36, 0.372, 0.39, 0.406, 0.419, 0.434, 0.448, 0.461, 0.461, 0.464, 0.463, 0.463, 0.468, 0.463, 0.471, 0.469, 0.471, 0.472, 0.467, 0.463, 0.46, 0.458, 0.456, 0.456, 0.458, 0.453, 0.451, 0.445, 0.437, 0.434, 0.428, 0.422, 0.426, 0.432, 0.421, 0.409, 0.405, 0.403, 0.396, 0.393, 0.386, 0.379, 0.371, 0.36, 0.349, 0.342, 0.335, 0.334, 0.34, 0.343, 0.348, 0.353, 0.358, 0.363, 0.367, 0.374, 0.38, 0.38, 0.376, 0.375, 0.373, 0.371, 0.367, 0.263, 0.23, 0.223, 0.199, 0.266, 0.329, 0.367, 0.413, 0.423, 0.388, 0.386, 0.377, 0.303, 0.202, 0.19, 0.275, 0.23, 0.181, 0.146, 0.16, 0.15, 0.186, 0.155, 0.11, 0.105, 0.096, 0.098
precipitation[0][48], 0.271, 0.309, 0.366, 0.339, 0.364, 0.29, 0.269, 0.28, 0.281, 0.278, 0.282, 0.294, 0.317, 0.288, 0.256, 0.261, 0.281, 0.303, 0.249, 0.271, 0.289, 0.287, 0.287, 0.309, 0.295, 0.274, 0.314, 0.298, 0.298, 0.32, 0.323, 0.341, 0.319, 0.3, 0.296, 0.3, 0.307, 0.314, 0.346, 0.344, 0.333, 0.358, 0.352, 0.344, 0.336, 0.346, 0.339, 0.314, 0.32, 0.317, 0.316, 0.325, 0.344, 0.339, 0.335, 0.346, 0.355, 0.351, 0.348, 0.372, 0.364, 0.364, 0.357, 0.347, 0.34, 0.331, 0.327, 0.327, 0.325, 0.325, 0.329, 0.333, 0.347, 0.338, 0.333, 0.338, 0.337, 0.336, 0.337, 0.34, 0.343, 0.348, 0.355, 0.353, 0.342, 0.337, 0.332, 0.328, 0.318, 0.311, 0.305, 0.301, 0.308, 0.321, 0.335, 0.347, 0.363, 0.378, 0.391, 0.407, 0.424, 0.438, 0.446, 0.454, 0.46, 0.463, 0.467, 0.465, 0.466, 0.47, 0.471, 0.475, 0.48, 0.478, 0.469, 0.466, 0.464, 0.465, 0.456, 0.452, 0.458, 0.441, 0.436, 0.436, 0.438, 0.437, 0.441, 0.438, 0.434, 0.437, 0.426, 0.427, 0.428, 0.419, 0.417, 0.409, 0.405, 0.4, 0.385, 0.374, 0.365, 0.357, 0.355, 0.359, 0.363, 0.366, 0.37, 0.374, 0.379, 0.384, 0.39, 0.394, 0.392, 0.389, 0.385, 0.381, 0.379, 0.371, 0.231, 0.297, 0.296, 0.287, 0.282, 0.276, 0.299, 0.394, 0.415, 0.376, 0.367, 0.342, 0.278, 0.204, 0.265, 0.273, 0.211, 0.203, 0.165, 0.163, 0.152, 0.16, 0.116, 0.089, 0.087, 0.098, 0.088
precipitation[0][49], 0.299, 0.286, 0.355, 0.357, 0.385, 0.342, 0.26, 0.266, 0.273, 0.282, 0.276, 0.271, 0.281, 0.253, 0.23, 0.27, 0.279, 0.269, 0.263, 0.271, 0.276, 0.281, 0.281, 0.291, 0.274, 0.289, 0.297, 0.293, 0.285, 0.307, 0.325, 0.329, 0.307, 0.289, 0.272, 0.277, 0.308, 0.317, 0.316, 0.318, 0.329, 0.356, 0.366, 0.337, 0.314, 0.324, 0.319, 0.313, 0.316, 0.321, 0.324, 0.33, 0.337, 0.316, 0.349, 0.365, 0.357, 0.34, 0.347, 0.359, 0.357, 0.349, 0.341, 0.341, 0.337, 0.335, 0.335, 0.33, 0.332, 0.333, 0.34, 0.339, 0.341, 0.354, 0.348, 0.347, 0.343, 0.34, 0.339, 0.341, 0.345, 0.348, 0.343, 0.337, 0.335, 0.332, 0.323, 0.318, 0.31, 0.304, 0.296, 0.289, 0.293, 0.306, 0.319, 0.334, 0.349, 0.366, 0.382, 0.397, 0.412, 0.425, 0.436, 0.446, 0.446, 0.457, 0.466, 0.471, 0.467, 0.476, 0.48, 0.484, 0.488, 0.487, 0.477, 0.471, 0.466, 0.469, 0.454, 0.445, 0.449, 0.433, 0.428, 0.431, 0.44, 0.447, 0.449, 0.45, 0.453, 0.452, 0.453, 0.455, 0.452, 0.448, 0.445, 0.434, 0.434, 0.422, 0.408, 0.397, 0.387, 0.378, 0.376, 0.378, 0.381, 0.384, 0.389, 0.392, 0.395, 0.399, 0.404, 0.411, 0.407, 0.403, 0.399, 0.392, 0.386, 0.374, 0.211, 0.267, 0.33, 0.313, 0.334, 0.32, 0.32, 0.374, 0.394, 0.396, 0.369, 0.335, 0.286, 0.224, 0.278, 0.277, 0.191, 0.165, 0.137, 0.129, 0.114, 0.101, 0.086, 0.077, 0.063, 0.076, 0.099
precipitation[0][50], 0.301, 0.293, 0.328, 0.35, 0.399, 0.324, 0.242, 0.259, 0.263, 0.29, 0.284, 0.263, 0.281, 0.242, 0.219, 0.239, 0.249, 0.269, 0.27, 0.253, 0.28, 0.299, 0.332, 0.273, 0.262, 0.273, 0.275, 0.274, 0.281, 0.302, 0.298, 0.303, 0.275, 0.255, 0.256, 0.255, 0.299, 0.304, 0.318, 0.315, 0.303, 0.32, 0.32, 0.314, 0.3, 0.309, 0.307, 0.303, 0.311, 0.307, 0.31, 0.298, 0.3, 0.308, 0.332, 0.361, 0.358, 0.339, 0.344, 0.358, 0.355, 0.345, 0.336, 0.339, 0.343, 0.339, 0.338, 0.336, 0.334, 0.337, 0.344, 0.342, 0.344, 0.354, 0.351, 0.346, 0.343, 0.341, 0.343, 0.342, 0.343, 0.346, 0.339, 0.333, 0.327, 0.324, 0.315, 0.307, 0.301, 0.292, 0.286, 0.277, 0.279, 0.293, 0.308, 0.323, 0.339, 0.356, 0.371, 0.386, 0.407, 0.414, 0.426, 0.433, 0.441, 0.449, 0.456, 0.464, 0.467, 0.475, 0.481, 0.494, 0.492, 0.497, 0.485, 0.475, 0.471, 0.462, 0.45, 0.441, 0.436, 0.423, 0.423, 0.43, 0.439, 0.446, 0.45, 0.454, 0.466, 0.466, 0.479, 0.48, 0.478, 0.475, 0.469, 0.46, 0.454, 0.446, 0.434, 0.419, 0.408, 0.398, 0.395, 0.397, 0.399, 0.401, 0.406, 0.408, 0.412, 0.416, 0.42, 0.423, 0.421, 0.418, 0.414, 0.405, 0.395, 0.382, 0.172, 0.234, 0.297, 0.383, 0.322, 0.314, 0.326, 0.424, 0.433, 0.424, 0.441, 0.328, 0.321, 0.26, 0.254, 0.237, 0.169, 0.149, 0.135, 0.103, 0.085, 0.071, 0.063, 0.054, 0.053, 0.066, 0.095
precipitation[0][51], 0.293, 0.295, 0.298, 0.325, 0.342, 0.313, 0.257, 0.259, 0.265, 0.277, 0.268, 0.276, 0.278, 0.242, 0.234, 0.243, 0.252, 0.248, 0.252, 0.25, 0.285, 0.295, 0.319, 0.279, 0.263, 0.267, 0.247, 0.245, 0.25, 0.286, 0.283, 0.268, 0.269, 0.245, 0.246, 0.26, 0.274, 0.278, 0.288, 0.292, 0.296, 0.303, 0.296, 0.301, 0.295, 0.291, 0.289, 0.301, 0.302, 0.303, 0.29, 0.288, 0.29, 0.315, 0.351, 0.372, 0.352, 0.335, 0.337, 0.334, 0.348, 0.352, 0.347, 0.344, 0.353, 0.348, 0.347, 0.341, 0.344, 0.343, 0.345, 0.349, 0.353, 0.351, 0.353, 0.345, 0.345, 0.345, 0.347, 0.347, 0.346, 0.349, 0.343, 0.336, 0.331, 0.33, 0.32, 0.309, 0.304, 0.292, 0.282, 0.275, 0.278, 0.292, 0.306, 0.32, 0.335, 0.348, 0.362, 0.376, 0.391, 0.404, 0.414, 0.422, 0.434, 0.444, 0.451, 0.461, 0.466, 0.477, 0.485, 0.494, 0.49, 0.489, 0.483, 0.477, 0.469, 0.464, 0.455, 0.443, 0.433, 0.423, 0.425, 0.439, 0.442, 0.448, 0.452, 0.456, 0.463, 0.469, 0.475, 0.498, 0.489, 0.487, 0.487, 0.474, 0.472, 0.459, 0.444, 0.432, 0.422, 0.413, 0.411, 0.413, 0.415, 0.416, 0.42, 0.423, 0.425, 0.425, 0.427, 0.43, 0.429, 0.424, 0.42, 0.413, 0.401, 0.387, 0.233, 0.222, 0.323, 0.342, 0.343, 0.299, 0.25, 0.399, 0.478, 0.435, 0.425, 0.438, 0.377, 0.337, 0.282, 0.23, 0.186, 0.164, 0.123, 0.102, 0.089, 0.071, 0.066, 0.063, 0.05, 0.063, 0.109
precipitation[0][52], 0.311, 0.322, 0.321, 0.304, 0.306, 0.281, 0.287, 0.276, 0.291, 0.285, 0.266, 0.27, 0.266, 0.247, 0.238, 0.239, 0.254, 0.262, 0.272, 0.268, 0.295, 0.303, 0.298, 0.274, 0.246, 0.24, 0.229, 0.229, 0.234, 0.259, 0.274, 0.259, 0.258, 0.243, 0.233, 0.247, 0.264, 0.268, 0.29, 0.292, 0.298, 0.29, 0.283, 0.292, 0.302, 0.326, 0.327, 0.306, 0.293, 0.287, 0.281, 0.275, 0.283, 0.306, 0.36, 0.355, 0.372, 0.336, 0.338, 0.336, 0.343, 0.348, 0.352, 0.351, 0.35, 0.35, 0.35, 0.343, 0.345, 0.346, 0.346, 0.354, 0.351, 0.345, 0.344, 0.345, 0.346, 0.349, 0.352, 0.353, 0.353, 0.355, 0.35, 0.342, 0.335, 0.326, 0.318, 0.311, 0.304, 0.296, 0.288, 0.283, 0.284, 0.294, 0.306, 0.318, 0.33, 0.343, 0.356, 0.368, 0.379, 0.391, 0.401, 0.408, 0.421, 0.432, 0.439, 0.446, 0.456, 0.466, 0.476, 0.489, 0.495, 0.491, 0.493, 0.483, 0.476, 0.467, 0.463, 0.448, 0.439, 0.432, 0.432, 0.437, 0.439, 0.443, 0.447, 0.448, 0.453, 0.458, 0.465, 0.479, 0.48, 0.48, 0.477, 0.471, 0.467, 0.461, 0.448, 0.442, 0.43, 0.426, 0.424, 0.425, 0.425, 0.426, 0.428, 0.432, 0.43, 0.427, 0.428, 0.432, 0.43, 0.424, 0.421, 0.414, 0.405, 0.393, 0.385, 0.315, 0.427, 0.34, 0.355, 0.371, 0.384, 0.361, 0.417, 0.445, 0.567, 0.526, 0.403, 0.39, 0.297, 0.256, 0.213, 0.238, 0.168, 0.088, 0.077, 0.065, 0.068, 0.069, 0.056, 0.09, 0.142
precipitation[0][53], 0.314, 0.324, 0.355, 0.336, 0.378, 0.341, 0.31, 0.306, 0.287, 0.292, 0.285, 0.256, 0.272, 0.242, 0.236, 0.248, 0.251, 0.271, 0.278, 0.286, 0.294, 0.293, 0.272, 0.242, 0.235, 0.222, 0.198, 0.207, 0.218, 0.246, 0.259, 0.257, 0.244, 0.231, 0.23, 0.245, 0.267, 0.286, 0.278, 0.299, 0.293, 0.277, 0.28, 0.294, 0.291, 0.33, 0.331, 0.301, 0.286, 0.283, 0.28, 0.279, 0.286, 0.307, 0.336, 0.349, 0.368, 0.351, 0.34, 0.332, 0.335, 0.34, 0.351, 0.349, 0.353, 0.352, 0.356, 0.345, 0.346, 0.345, 0.345, 0.348, 0.35, 0.348, 0.346, 0.349, 0.353, 0.355, 0.36, 0.358, 0.36, 0.366, 0.36, 0.352, 0.342, 0.332, 0.325, 0.319, 0.312, 0.304, 0.298, 0.291, 0.291, 0.299, 0.31, 0.319, 0.328, 0.339, 0.348, 0.366, 0.374, 0.378, 0.386, 0.398, 0.41, 0.421, 0.431, 0.436, 0.446, 0.458, 0.469, 0.482, 0.487, 0.489, 0.494, 0.48, 0.475, 0.485, 0.466, 0.456, 0.45, 0.442, 0.441, 0.44, 0.44, 0.444, 0.445, 0.443, 0.444, 0.446, 0.45, 0.461, 0.463, 0.467, 0.468, 0.475, 0.465, 0.461, 0.456, 0.448, 0.443, 0.441, 0.438, 0.437, 0.437, 0.436, 0.436, 0.437, 0.435, 0.434, 0.433, 0.434, 0.432, 0.43, 0.427, 0.415, 0.412, 0.399, 0.394, 0.393, 0.397, 0.316, 0.314, 0.362, 0.337, 0.348, 0.414, 0.596, 0.707, 0.532, 0.551, 0.422, 0.37, 0.264, 0.265, 0.204, 0.172, 0.102, 0.072, 0.079, 0.072, 0.051, 0.075, 0.089, 0.133
precipitation[0][54], 0.33, 0.337, 0.332, 0.332, 0.376, 0.304, 0.32, 0.3, 0.287, 0.272, 0.258, 0.269, 0.274, 0.25, 0.252, 0.242, 0.253, 0.267, 0.272, 0.274, 0.268, 0.274, 0.242, 0.227, 0.226, 0.206, 0.189, 0.2, 0.206, 0.231, 0.25, 0.243, 0.236, 0.226, 0.236, 0.245, 0.252, 0.268, 0.278, 0.271, 0.269, 0.274, 0.278, 0.288, 0.3, 0.339, 0.318, 0.294, 0.295, 0.283, 0.278, 0.283, 0.29, 0.314, 0.319, 0.329, 0.324, 0.326, 0.328, 0.338, 0.34, 0.339, 0.348, 0.348, 0.35, 0.352, 0.355, 0.346, 0.344, 0.341, 0.341, 0.339, 0.343, 0.35, 0.355, 0.357, 0.365, 0.359, 0.364, 0.363, 0.365, 0.373, 0.369, 0.358, 0.352, 0.342, 0.335, 0.328, 0.322, 0.315, 0.308, 0.301, 0.301, 0.307, 0.313, 0.318, 0.325, 0.335, 0.341, 0.351, 0.36, 0.368, 0.375, 0.384, 0.398, 0.409, 0.418, 0.427, 0.437, 0.451, 0.465, 0.477, 0.481, 0.489, 0.481, 0.492, 0.483, 0.488, 0.479, 0.466, 0.461, 0.457, 0.45, 0.443, 0.442, 0.441, 0.44, 0.436, 0.436, 0.436, 0.441, 0.443, 0.448, 0.45, 0.462, 0.472, 0.465, 0.461, 0.456, 0.456, 0.451, 0.454, 0.451, 0.449, 0.447, 0.445, 0.444, 0.441, 0.439, 0.44, 0.439, 0.44, 0.436, 0.434, 0.427, 0.42, 0.413, 0.409, 0.403, 0.405, 0.399, 0.395, 0.454, 0.467, 0.408, 0.419, 0.56, 0.54, 0.506, 0.573, 0.491, 0.323, 0.279, 0.214, 0.263, 0.196, 0.152, 0.117, 0.08, 0.098, 0.1, 0.077, 0.08, 0.127, 0.135
precipitation[0][55], 0.324, 0.349, 0.336, 0.326, 0.315, 0.293, 0.306, 0.303, 0.292, 0.285, 0.26, 0.247, 0.236, 0.252, 0.257, 0.24, 0.26, 0.259, 0.264, 0.267, 0.255, 0.251, 0.234, 0.228, 0.235, 0.208, 0.19, 0.195, 0.2, 0.207, 0.22, 0.23, 0.231, 0.264, 0.247, 0.238, 0.245, 0.267, 0.269, 0.291, 0.268, 0.269, 0.281, 0.291, 0.297, 0.332, 0.322, 0.302, 0.306, 0.292, 0.288, 0.299, 0.305, 0.309, 0.325, 0.317, 0.315, 0.318, 0.32, 0.328, 0.333, 0.341, 0.344, 0.349, 0.346, 0.347, 0.356, 0.347, 0.348, 0.343, 0.341, 0.342, 0.343, 0.348, 0.355, 0.366, 0.369, 0.369, 0.369, 0.37, 0.372, 0.377, 0.377, 0.376, 0.372, 0.356, 0.349, 0.342, 0.333, 0.326, 0.318, 0.31, 0.308, 0.312, 0.316, 0.318, 0.322, 0.327, 0.331, 0.336, 0.339, 0.344, 0.354, 0.367, 0.379, 0.393, 0.406, 0.415, 0.429, 0.443, 0.458, 0.477, 0.482, 0.485, 0.482, 0.483, 0.486, 0.497, 0.484, 0.476, 0.475, 0.467, 0.46, 0.454, 0.449, 0.446, 0.442, 0.434, 0.43, 0.428, 0.427, 0.427, 0.436, 0.443, 0.448, 0.455, 0.458, 0.461, 0.461, 0.461, 0.46, 0.466, 0.466, 0.462, 0.459, 0.457, 0.453, 0.448, 0.445, 0.446, 0.444, 0.444, 0.439, 0.434, 0.428, 0.421, 0.416, 0.416, 0.413, 0.405, 0.402, 0.453, 0.546, 0.622, 0.487, 0.487, 0.622, 0.67, 0.631, 0.576, 0.459, 0.291, 0.248, 0.19, 0.152, 0.131, 0.138, 0.135, 0.114, 0.145, 0.122, 0.135, 0.112, 0.134, 0.144
precipitation[0][56], 0.296, 0.34, 0.339, 0.309, 0.291, 0.284, 0.288, 0.295, 0.292, 0.286, 0.277, 0.277, 0.253, 0.25, 0.316, 0.26, 0.283, 0.274, 0.27, 0.258, 0.249, 0.239, 0.233, 0.225, 0.23, 0.212, 0.195, 0.191, 0.19, 0.184, 0.197, 0.206, 0.226, 0.248, 0.232, 0.234, 0.224, 0.243, 0.249, 0.268, 0.252, 0.274, 0.277, 0.283, 0.27, 0.288, 0.311, 0.304, 0.303, 0.293, 0.295, 0.3, 0.309, 0.323, 0.337, 0.336, 0.337, 0.334, 0.315, 0.326, 0.352, 0.346, 0.349, 0.359, 0.373, 0.385, 0.39, 0.366, 0.372, 0.356, 0.35, 0.35, 0.345, 0.355, 0.373, 0.389, 0.389, 0.37, 0.37, 0.373, 0.376, 0.384, 0.384, 0.381, 0.373, 0.366, 0.361, 0.354, 0.34, 0.333, 0.325, 0.317, 0.315, 0.316, 0.317, 0.317, 0.319, 0.322, 0.324, 0.327, 0.327, 0.328, 0.337, 0.35, 0.363, 0.379, 0.393, 0.404, 0.417, 0.432, 0.45, 0.466, 0.475, 0.483, 0.475, 0.48, 0.48, 0.482, 0.481, 0.478, 0.487, 0.481, 0.466, 0.456, 0.455, 0.442, 0.437, 0.429, 0.422, 0.417, 0.415, 0.415, 0.423, 0.431, 0.439, 0.446, 0.458, 0.47, 0.469, 0.47, 0.474, 0.478, 0.485, 0.476, 0.468, 0.464, 0.458, 0.455, 0.451, 0.446, 0.449, 0.449, 0.439, 0.435, 0.434, 0.427, 0.425, 0.418, 0.414, 0.412, 0.41, 0.356, 0.554, 0.556, 0.516, 0.529, 0.581, 0.523, 0.65, 0.51, 0.317, 0.221, 0.188, 0.176, 0.144, 0.123, 0.125, 0.129, 0.161, 0.155, 0.137, 0.192, 0.171, 0.181, 0.187
precipitation[0][57], 0.296, 0.308, 0.328, 0.316, 0.29, 0.271, 0.266, 0.285, 0.304, 0.299, 0.286, 0.266, 0.278, 0.269, 0.257, 0.268, 0.292, 0.291, 0.282, 0.277, 0.24, 0.229, 0.223, 0.227, 0.207, 0.207, 0.191, 0.188, 0.188, 0.188, 0.196, 0.19, 0.199, 0.202, 0.216, 0.227, 0.225, 0.222, 0.241, 0.245, 0.239, 0.245, 0.27, 0.258, 0.269, 0.276, 0.295, 0.318, 0.251, 0.25, 0.284, 0.282, 0.292, 0.316, 0.332, 0.321, 0.337, 0.312, 0.296, 0.327, 0.352, 0.37, 0.367, 0.365, 0.379, 0.38, 0.382, 0.364, 0.379, 0.37, 0.371, 0.363, 0.361, 0.367, 0.375, 0.408, 0.382, 0.376, 0.374, 0.375, 0.381, 0.389, 0.382, 0.38, 0.38, 0.373, 0.373, 0.362, 0.352, 0.344, 0.336, 0.327, 0.325, 0.322, 0.321, 0.32, 0.319, 0.318, 0.316, 0.315, 0.315, 0.315, 0.323, 0.336, 0.351, 0.367, 0.382, 0.395, 0.409, 0.422, 0.442, 0.466, 0.472, 0.479, 0.469, 0.476, 0.479, 0.485, 0.487, 0.487, 0.495, 0.492, 0.485, 0.468, 0.458, 0.445, 0.436, 0.426, 0.421, 0.413, 0.409, 0.408, 0.412, 0.425, 0.435, 0.451, 0.457, 0.47, 0.482, 0.483, 0.494, 0.498, 0.494, 0.489, 0.479, 0.472, 0.466, 0.462, 0.459, 0.454, 0.447, 0.452, 0.447, 0.447, 0.452, 0.448, 0.432, 0.427, 0.424, 0.415, 0.412, 0.336, 0.482, 0.49, 0.495, 0.64, 0.656, 0.537, 0.501, 0.62, 0.282, 0.184, 0.164, 0.154, 0.156, 0.147, 0.137, 0.14, 0.185, 0.155, 0.153, 0.199, 0.22, 0.21, 0.197
precipitation[0][58], 0.288, 0.303, 0.302, 0.3, 0.279, 0.259, 0.265, 0.264, 0.276, 0.269, 0.258, 0.25, 0.264, 0.293, 0.268, 0.292, 0.293, 0.279, 0.252, 0.237, 0.221, 0.215, 0.21, 0.205, 0.205, 0.189, 0.182, 0.184, 0.195, 0.184, 0.184, 0.187, 0.195, 0.202, 0.213, 0.222, 0.224, 0.216, 0.237, 0.263, 0.268, 0.254, 0.247, 0.257, 0.258, 0.263, 0.276, 0.331, 0.274, 0.252, 0.28, 0.26, 0.286, 0.285, 0.336, 0.349, 0.366, 0.315, 0.321, 0.334, 0.355, 0.367, 0.373, 0.383, 0.398, 0.402, 0.394, 0.363, 0.373, 0.385, 0.375, 0.364, 0.363, 0.367, 0.374, 0.382, 0.382, 0.378, 0.379, 0.383, 0.387, 0.392, 0.391, 0.385, 0.383, 0.382, 0.381, 0.374, 0.365, 0.359, 0.352, 0.341, 0.338, 0.332, 0.326, 0.323, 0.316, 0.314, 0.309, 0.306, 0.304, 0.301, 0.307, 0.321, 0.335, 0.36, 0.368, 0.383, 0.398, 0.413, 0.431, 0.448, 0.458, 0.467, 0.465, 0.472, 0.477, 0.487, 0.494, 0.496, 0.497, 0.494, 0.489, 0.476, 0.459, 0.446, 0.435, 0.424, 0.414, 0.406, 0.402, 0.398, 0.404, 0.413, 0.427, 0.44, 0.458, 0.473, 0.487, 0.498, 0.504, 0.513, 0.513, 0.503, 0.493, 0.484, 0.478, 0.472, 0.468, 0.467, 0.453, 0.45, 0.448, 0.446, 0.457, 0.454, 0.44, 0.433, 0.434, 0.423, 0.415, 0.399, 0.507, 0.51, 0.631, 0.574, 0.69, 0.551, 0.488, 0.371, 0.249, 0.163, 0.153, 0.183, 0.226, 0.207, 0.176, 0.201, 0.171, 0.189, 0.185, 0.221, 0.257, 0.259, 0.241
precipitation[0][59], 0.306, 0.28, 0.282, 0.269, 0.272, 0.288, 0.298, 0.298, 0.277, 0.262, 0.234, 0.227, 0.249, 0.277, 0.291, 0.282, 0.275, 0.261, 0.241, 0.241, 0.229, 0.214, 0.202, 0.194, 0.203, 0.188, 0.172, 0.174, 0.181, 0.187, 0.181, 0.189, 0.191, 0.199, 0.215, 0.222, 0.23, 0.218, 0.237, 0.253, 0.253, 0.248, 0.25, 0.271, 0.266, 0.26, 0.259, 0.332, 0.292, 0.249, 0.239, 0.241, 0.267, 0.289, 0.314, 0.329, 0.342, 0.345, 0.355, 0.347, 0.357, 0.385, 0.391, 0.392, 0.414, 0.41, 0.412, 0.375, 0.37, 0.366, 0.359, 0.353, 0.351, 0.352, 0.361, 0.377, 0.383, 0.383, 0.385, 0.388, 0.393, 0.399, 0.397, 0.391, 0.387, 0.384, 0.385, 0.382, 0.374, 0.368, 0.369, 0.354, 0.347, 0.337, 0.33, 0.322, 0.316, 0.31, 0.304, 0.298, 0.293, 0.287, 0.293, 0.307, 0.323, 0.341, 0.356, 0.372, 0.39, 0.405, 0.424, 0.441, 0.453, 0.455, 0.468, 0.469, 0.48, 0.492, 0.494, 0.496, 0.499, 0.507, 0.495, 0.476, 0.459, 0.446, 0.434, 0.423, 0.409, 0.399, 0.392, 0.384, 0.39, 0.406, 0.421, 0.438, 0.451, 0.466, 0.481, 0.5, 0.511, 0.52, 0.523, 0.516, 0.508, 0.496, 0.486, 0.479, 0.478, 0.474, 0.463, 0.459, 0.45, 0.448, 0.464, 0.457, 0.441, 0.434, 0.436, 0.427, 0.421, 0.391, 0.472, 0.619, 0.707, 0.697, 0.715, 0.5, 0.357, 0.306, 0.242, 0.168, 0.167, 0.189, 0.239, 0.212, 0.22, 0.219, 0.188, 0.21, 0.29, 0.305, 0.29, 0.316, 0.339
precipitation[0][60], 0.283, 0.286, 0.256, 0.257, 0.263, 0.26, 0.275, 0.277, 0.273, 0.252, 0.238, 0.242, 0.251, 0.265, 0.28, 0.291, 0.265, 0.242, 0.236, 0.227, 0.226, 0.202, 0.211, 0.192, 0.186, 0.194, 0.194, 0.184, 0.185, 0.184, 0.182, 0.184, 0.19, 0.209, 0.211, 0.209, 0.229, 0.223, 0.23, 0.239, 0.249, 0.254, 0.268, 0.247, 0.283, 0.259, 0.246, 0.278, 0.276, 0.247, 0.24, 0.231, 0.246, 0.265, 0.299, 0.363, 0.369, 0.367, 0.348, 0.359, 0.361, 0.367, 0.379, 0.402, 0.399, 0.402, 0.409, 0.37, 0.375, 0.364, 0.354, 0.355, 0.35, 0.358, 0.363, 0.376, 0.387, 0.387, 0.397, 0.397, 0.4, 0.406, 0.405, 0.399, 0.395, 0.394, 0.393, 0.39, 0.386, 0.38, 0.382, 0.372, 0.363, 0.35, 0.334, 0.324, 0.315, 0.306, 0.297, 0.289, 0.279, 0.273, 0.276, 0.292, 0.31, 0.328, 0.344, 0.361, 0.38, 0.397, 0.414, 0.433, 0.443, 0.45, 0.46, 0.471, 0.479, 0.484, 0.494, 0.495, 0.507, 0.507, 0.499, 0.482, 0.466, 0.445, 0.433, 0.42, 0.406, 0.392, 0.384, 0.376, 0.386, 0.401, 0.417, 0.434, 0.454, 0.463, 0.479, 0.496, 0.511, 0.529, 0.535, 0.524, 0.517, 0.506, 0.495, 0.486, 0.49, 0.48, 0.47, 0.471, 0.459, 0.451, 0.46, 0.453, 0.445, 0.443, 0.442, 0.435, 0.425, 0.416, 0.419, 0.622, 0.636, 0.584, 0.645, 0.418, 0.309, 0.261, 0.209, 0.174, 0.213, 0.208, 0.242, 0.242, 0.252, 0.276, 0.261, 0.274, 0.35, 0.45, 0.35, 0.451, 0.395
precipitation[0][61], 0.292, 0.283, 0.254, 0.235, 0.238, 0.227, 0.245, 0.249, 0.228, 0.238, 0.247, 0.254, 0.268, 0.271, 0.296, 0.309, 0.277, 0.256, 0.239, 0.222, 0.213, 0.202, 0.199, 0.186, 0.188, 0.212, 0.204, 0.187, 0.194, 0.193, 0.186, 0.194, 0.2, 0.213, 0.215, 0.229, 0.242, 0.247, 0.241, 0.25, 0.268, 0.263, 0.257, 0.252, 0.248, 0.269, 0.239, 0.264, 0.248, 0.24, 0.237, 0.229, 0.234, 0.296, 0.287, 0.354, 0.421, 0.398, 0.407, 0.37, 0.356, 0.358, 0.39, 0.395, 0.4, 0.372, 0.384, 0.366, 0.373, 0.369, 0.352, 0.361, 0.354, 0.38, 0.371, 0.387, 0.4, 0.394, 0.404, 0.406, 0.41, 0.414, 0.411, 0.406, 0.402, 0.401, 0.401, 0.397, 0.39, 0.385, 0.384, 0.377, 0.371, 0.357, 0.34, 0.329, 0.317, 0.308, 0.297, 0.287, 0.277, 0.268, 0.271, 0.289, 0.305, 0.323, 0.337, 0.353, 0.373, 0.392, 0.406, 0.422, 0.435, 0.442, 0.446, 0.457, 0.468, 0.476, 0.482, 0.491, 0.492, 0.5, 0.489, 0.472, 0.455, 0.44, 0.427, 0.412, 0.399, 0.386, 0.377, 0.368, 0.375, 0.395, 0.413, 0.43, 0.454, 0.454, 0.471, 0.491, 0.505, 0.523, 0.525, 0.517, 0.508, 0.505, 0.495, 0.482, 0.477, 0.478, 0.466, 0.463, 0.455, 0.448, 0.444, 0.438, 0.437, 0.431, 0.435, 0.427, 0.425, 0.41, 0.434, 0.515, 0.569, 0.534, 0.488, 0.363, 0.268, 0.245, 0.21, 0.18, 0.22, 0.234, 0.232, 0.247, 0.221, 0.314, 0.318, 0.365, 0.357, 0.357, 0.368, 0.517, 0.441
precipitation[0][62], 0.267, 0.28, 0.284, 0.274, 0.259, 0.241, 0.235, 0.244, 0.228, 0.243, 0.252, 0.265, 0.301, 0.27, 0.277, 0.331, 0.283, 0.261, 0.247, 0.223, 0.202, 0.192, 0.19, 0.194, 0.191, 0.205, 0.197, 0.199, 0.203, 0.196, 0.198, 0.204, 0.215, 0.224, 0.236, 0.233, 0.238, 0.238, 0.244, 0.257, 0.266, 0.267, 0.302, 0.254, 0.244, 0.237, 0.261, 0.258, 0.242, 0.239, 0.241, 0.248, 0.246, 0.258, 0.283, 0.387, 0.351, 0.384, 0.355, 0.365, 0.354, 0.369, 0.405, 0.38, 0.365, 0.376, 0.378, 0.357, 0.367, 0.36, 0.36, 0.371, 0.367, 0.379, 0.38, 0.387, 0.397, 0.403, 0.409, 0.408, 0.416, 0.419, 0.417, 0.41, 0.405, 0.404, 0.404, 0.399, 0.392, 0.386, 0.382, 0.378, 0.373, 0.358, 0.346, 0.332, 0.321, 0.312, 0.303, 0.293, 0.284, 0.276, 0.278, 0.293, 0.309, 0.324, 0.337, 0.35, 0.368, 0.38, 0.397, 0.41, 0.42, 0.429, 0.436, 0.443, 0.449, 0.455, 0.461, 0.465, 0.474, 0.489, 0.471, 0.455, 0.44, 0.428, 0.419, 0.403, 0.393, 0.376, 0.367, 0.358, 0.366, 0.386, 0.397, 0.416, 0.433, 0.439, 0.453, 0.469, 0.482, 0.497, 0.504, 0.494, 0.49, 0.481, 0.476, 0.465, 0.46, 0.453, 0.452, 0.439, 0.436, 0.428, 0.428, 0.418, 0.417, 0.43, 0.414, 0.404, 0.401, 0.402, 0.399, 0.487, 0.47, 0.521, 0.405, 0.314, 0.259, 0.348, 0.269, 0.289, 0.302, 0.272, 0.251, 0.259, 0.279, 0.342, 0.412, 0.435, 0.385, 0.428, 0.496, 0.525, 0.499
precipitation[0][63], 0.253, 0.28, 0.277, 0.271, 0.247, 0.235, 0.24, 0.245, 0.253, 0.265, 0.28, 0.307, 0.302, 0.254, 0.262, 0.281, 0.272, 0.258, 0.248, 0.226, 0.214, 0.208, 0.201, 0.204, 0.218, 0.219, 0.222, 0.215, 0.204, 0.202, 0.204, 0.212, 0.237, 0.256, 0.256, 0.261, 0.256, 0.246, 0.239, 0.258, 0.279, 0.304, 0.28, 0.271, 0.256, 0.251, 0.247, 0.252, 0.244, 0.254, 0.265, 0.311, 0.311, 0.329, 0.331, 0.35, 0.34, 0.339, 0.346, 0.356, 0.341, 0.38, 0.385, 0.354, 0.362, 0.354, 0.374, 0.359, 0.366, 0.371, 0.362, 0.366, 0.365, 0.373, 0.389, 0.385, 0.393, 0.397, 0.407, 0.413, 0.425, 0.432, 0.422, 0.414, 0.41, 0.408, 0.409, 0.403, 0.395, 0.389, 0.383, 0.378, 0.374, 0.364, 0.352, 0.342, 0.33, 0.32, 0.312, 0.301, 0.292, 0.283, 0.285, 0.297, 0.309, 0.323, 0.336, 0.348, 0.363, 0.374, 0.385, 0.396, 0.402, 0.408, 0.413, 0.42, 0.429, 0.433, 0.438, 0.443, 0.451, 0.456, 0.45, 0.439, 0.426, 0.416, 0.406, 0.391, 0.38, 0.367, 0.358, 0.351, 0.358, 0.387, 0.396, 0.398, 0.411, 0.42, 0.433, 0.448, 0.462, 0.473, 0.479, 0.471, 0.47, 0.47, 0.458, 0.454, 0.439, 0.429, 0.431, 0.424, 0.415, 0.414, 0.412, 0.406, 0.405, 0.406, 0.4, 0.384, 0.384, 0.364, 0.359, 0.391, 0.431, 0.509, 0.398, 0.269, 0.308, 0.281, 0.307, 0.319, 0.335, 0.223, 0.22, 0.237, 0.261, 0.38, 0.405, 0.434, 0.42, 0.501, 0.51, 0.556, 0.558
precipitation[0][64], 0.26, 0.271, 0.261, 0.255, 0.249, 0.239, 0.236, 0.239, 0.264, 0.277, 0.286, 0.279, 0.303, 0.269, 0.259, 0.272, 0.264, 0.234, 0.226, 0.213, 0.206, 0.21, 0.217, 0.22, 0.232, 0.233, 0.232, 0.229, 0.218, 0.221, 0.226, 0.238, 0.249, 0.276, 0.277, 0.278, 0.273, 0.261, 0.262, 0.284, 0.316, 0.309, 0.279, 0.277, 0.267, 0.26, 0.26, 0.263, 0.267, 0.261, 0.286, 0.36, 0.336, 0.318, 0.335, 0.324, 0.334, 0.321, 0.345, 0.347, 0.329, 0.331, 0.364, 0.356, 0.348, 0.363, 0.38, 0.358, 0.366, 0.373, 0.38, 0.378, 0.369, 0.372, 0.389, 0.388, 0.391, 0.396, 0.403, 0.413, 0.422, 0.432, 0.427, 0.424, 0.423, 0.417, 0.418, 0.406, 0.399, 0.392, 0.385, 0.378, 0.375, 0.368, 0.357, 0.347, 0.334, 0.327, 0.32, 0.307, 0.3, 0.294, 0.292, 0.303, 0.313, 0.324, 0.334, 0.345, 0.355, 0.365, 0.375, 0.383, 0.388, 0.391, 0.397, 0.403, 0.411, 0.414, 0.417, 0.422, 0.432, 0.439, 0.434, 0.425, 0.414, 0.404, 0.393, 0.382, 0.371, 0.361, 0.353, 0.345, 0.355, 0.37, 0.379, 0.387, 0.396, 0.404, 0.414, 0.426, 0.439, 0.451, 0.46, 0.45, 0.442, 0.439, 0.431, 0.426, 0.423, 0.418, 0.408, 0.401, 0.399, 0.4, 0.396, 0.392, 0.388, 0.388, 0.382, 0.373, 0.371, 0.357, 0.376, 0.326, 0.486, 0.455, 0.349, 0.309, 0.408, 0.388, 0.379, 0.295, 0.341, 0.314, 0.311, 0.293, 0.362, 0.362, 0.39, 0.415, 0.438, 0.512, 0.538, 0.517, 0.593
precipitation[0][65], 0.258, 0.277, 0.266, 0.248, 0.249, 0.234, 0.223, 0.235, 0.261, 0.296, 0.282, 0.278, 0.278, 0.276, 0.257, 0.272, 0.261, 0.237, 0.231, 0.214, 0.211, 0.221, 0.23, 0.23, 0.231, 0.23, 0.238, 0.241, 0.244, 0.245, 0.241, 0.242, 0.254, 0.287, 0.283, 0.275, 0.282, 0.294, 0.312, 0.306, 0.328, 0.319, 0.312, 0.284, 0.273, 0.268, 0.274, 0.27, 0.27, 0.279, 0.297, 0.354, 0.306, 0.329, 0.331, 0.314, 0.337, 0.337, 0.304, 0.32, 0.318, 0.345, 0.373, 0.385, 0.355, 0.35, 0.355, 0.349, 0.362, 0.373, 0.37, 0.372, 0.367, 0.378, 0.379, 0.382, 0.385, 0.398, 0.407, 0.42, 0.426, 0.432, 0.434, 0.428, 0.43, 0.423, 0.422, 0.408, 0.4, 0.393, 0.387, 0.381, 0.379, 0.37, 0.36, 0.351, 0.34, 0.332, 0.326, 0.314, 0.308, 0.302, 0.3, 0.308, 0.315, 0.324, 0.332, 0.34, 0.348, 0.356, 0.363, 0.371, 0.376, 0.379, 0.383, 0.389, 0.396, 0.4, 0.407, 0.41, 0.418, 0.428, 0.426, 0.415, 0.404, 0.394, 0.384, 0.374, 0.362, 0.359, 0.347, 0.34, 0.347, 0.366, 0.374, 0.378, 0.384, 0.388, 0.401, 0.41, 0.417, 0.427, 0.433, 0.428, 0.424, 0.422, 0.419, 0.414, 0.412, 0.407, 0.396, 0.39, 0.383, 0.376, 0.376, 0.374, 0.371, 0.369, 0.36, 0.356, 0.346, 0.333, 0.323, 0.305, 0.359, 0.411, 0.341, 0.282, 0.426, 0.44, 0.439, 0.29, 0.339, 0.297, 0.355, 0.307, 0.286, 0.267, 0.428, 0.483, 0.401, 0.483, 0.451, 0.579, 0.466
precipitation[0][66], 0.278, 0.31, 0.277, 0.27, 0.248, 0.241, 0.241, 0.247, 0.272, 0.29, 0.304, 0.299, 0.305, 0.304, 0.293, 0.283, 0.269, 0.234, 0.232, 0.224, 0.224, 0.22, 0.232, 0.233, 0.232, 0.234, 0.25, 0.294, 0.28, 0.304, 0.284, 0.277, 0.283, 0.315, 0.309, 0.292, 0.29, 0.418, 0.36, 0.432, 0.405, 0.38, 0.342, 0.307, 0.289, 0.265, 0.264, 0.259, 0.26, 0.279, 0.31, 0.302, 0.349, 0.354, 0.331, 0.314, 0.372, 0.32, 0.274, 0.292, 0.302, 0.316, 0.33, 0.331, 0.33, 0.333, 0.344, 0.357, 0.397, 0.424, 0.409, 0.395, 0.376, 0.402, 0.393, 0.388, 0.391, 0.398, 0.414, 0.425, 0.432, 0.445, 0.452, 0.444, 0.433, 0.432, 0.436, 0.414, 0.408, 0.396, 0.392, 0.386, 0.384, 0.376, 0.373, 0.363, 0.348, 0.342, 0.337, 0.322, 0.318, 0.316, 0.314, 0.314, 0.316, 0.32, 0.325, 0.333, 0.34, 0.346, 0.354, 0.358, 0.36, 0.365, 0.368, 0.374, 0.379, 0.383, 0.39, 0.392, 0.399, 0.41, 0.409, 0.4, 0.394, 0.387, 0.378, 0.377, 0.37, 0.359, 0.352, 0.342, 0.342, 0.351, 0.361, 0.367, 0.366, 0.374, 0.395, 0.398, 0.404, 0.418, 0.419, 0.414, 0.404, 0.402, 0.406, 0.397, 0.397, 0.396, 0.397, 0.385, 0.37, 0.36, 0.361, 0.372, 0.353, 0.347, 0.349, 0.348, 0.338, 0.323, 0.333, 0.293, 0.41, 0.338, 0.363, 0.286, 0.314, 0.303, 0.275, 0.264, 0.323, 0.282, 0.35, 0.365, 0.42, 0.445, 0.466, 0.482, 0.448, 0.495, 0.515, 0.442, 0.364
precipitation[0][67], 0.271, 0.311, 0.299, 0.265, 0.254, 0.277, 0.28, 0.271, 0.274, 0.283, 0.307, 0.314, 0.314, 0.337, 0.333, 0.321, 0.303, 0.244, 0.229, 0.233, 0.233, 0.231, 0.235, 0.226, 0.227, 0.234, 0.263, 0.291, 0.319, 0.327, 0.306, 0.306, 0.312, 0.31, 0.313, 0.299, 0.332, 0.36, 0.395, 0.45, 0.427, 0.384, 0.34, 0.305, 0.267, 0.245, 0.244, 0.243, 0.27, 0.28, 0.29, 0.277, 0.299, 0.282, 0.331, 0.339, 0.364, 0.329, 0.304, 0.301, 0.299, 0.309, 0.3, 0.314, 0.316, 0.314, 0.341, 0.349, 0.412, 0.43, 0.451, 0.407, 0.385, 0.384, 0.392, 0.396, 0.4, 0.406, 0.411, 0.425, 0.433, 0.459, 0.456, 0.445, 0.434, 0.426, 0.423, 0.422, 0.407, 0.402, 0.393, 0.387, 0.382, 0.381, 0.379, 0.37, 0.358, 0.349, 0.342, 0.333, 0.325, 0.323, 0.317, 0.318, 0.319, 0.319, 0.323, 0.329, 0.336, 0.34, 0.343, 0.345, 0.348, 0.352, 0.357, 0.362, 0.366, 0.37, 0.373, 0.381, 0.387, 0.392, 0.391, 0.384, 0.38, 0.371, 0.363, 0.358, 0.358, 0.35, 0.335, 0.325, 0.326, 0.334, 0.351, 0.351, 0.35, 0.362, 0.374, 0.391, 0.391, 0.396, 0.392, 0.39, 0.377, 0.369, 0.373, 0.36, 0.367, 0.371, 0.376, 0.371, 0.359, 0.351, 0.347, 0.339, 0.333, 0.321, 0.326, 0.332, 0.318, 0.304, 0.295, 0.291, 0.337, 0.273, 0.331, 0.282, 0.258, 0.259, 0.288, 0.24, 0.328, 0.302, 0.383, 0.372, 0.399, 0.478, 0.531, 0.532, 0.44, 0.41, 0.376, 0.398, 0.361
precipitation[0][68], 0.296, 0.311, 0.281, 0.25, 0.239, 0.257, 0.271, 0.272, 0.286, 0.277, 0.309, 0.319, 0.327, 0.327, 0.335, 0.333, 0.278, 0.242, 0.24, 0.239, 0.238, 0.247, 0.233, 0.22, 0.217, 0.254, 0.276, 0.287, 0.31, 0.322, 0.306, 0.308, 0.298, 0.303, 0.319, 0.319, 0.328, 0.359, 0.379, 0.424, 0.387, 0.341, 0.321, 0.307, 0.272, 0.241, 0.23, 0.233, 0.249, 0.278, 0.299, 0.285, 0.281, 0.301, 0.318, 0.337, 0.307, 0.313, 0.31, 0.306, 0.309, 0.316, 0.323, 0.311, 0.327, 0.328, 0.34, 0.355, 0.412, 0.44, 0.448, 0.403, 0.379, 0.381, 0.4, 0.396, 0.398, 0.401, 0.413, 0.421, 0.43, 0.444, 0.45, 0.443, 0.438, 0.424, 0.415, 0.412, 0.404, 0.399, 0.394, 0.385, 0.381, 0.38, 0.377, 0.372, 0.36, 0.351, 0.344, 0.338, 0.335, 0.327, 0.321, 0.324, 0.325, 0.323, 0.322, 0.325, 0.329, 0.331, 0.333, 0.333, 0.334, 0.339, 0.346, 0.353, 0.355, 0.357, 0.357, 0.363, 0.37, 0.376, 0.376, 0.368, 0.363, 0.358, 0.347, 0.341, 0.343, 0.328, 0.323, 0.326, 0.321, 0.322, 0.329, 0.339, 0.338, 0.355, 0.341, 0.352, 0.355, 0.356, 0.353, 0.349, 0.349, 0.354, 0.343, 0.335, 0.33, 0.334, 0.341, 0.34, 0.341, 0.332, 0.332, 0.319, 0.312, 0.305, 0.306, 0.308, 0.297, 0.283, 0.265, 0.264, 0.242, 0.211, 0.297, 0.227, 0.215, 0.208, 0.283, 0.234, 0.281, 0.274, 0.33, 0.314, 0.349, 0.359, 0.432, 0.433, 0.447, 0.421, 0.359, 0.299, 0.309
precipitation[0][69], 0.323, 0.326, 0.293, 0.252, 0.23, 0.227, 0.282, 0.291, 0.275, 0.271, 0.307, 0.318, 0.353, 0.327, 0.322, 0.322, 0.283, 0.265, 0.252, 0.241, 0.242, 0.251, 0.244, 0.227, 0.224, 0.27, 0.284, 0.309, 0.307, 0.311, 0.313, 0.331, 0.305, 0.298, 0.296, 0.319, 0.344, 0.358, 0.365, 0.351, 0.363, 0.343, 0.327, 0.287, 0.259, 0.259, 0.238, 0.212, 0.252, 0.27, 0.287, 0.299, 0.282, 0.273, 0.273, 0.312, 0.315, 0.311, 0.291, 0.265, 0.264, 0.312, 0.32, 0.326, 0.323, 0.352, 0.36, 0.358, 0.427, 0.401, 0.403, 0.378, 0.358, 0.39, 0.412, 0.423, 0.426, 0.403, 0.415, 0.421, 0.434, 0.447, 0.457, 0.445, 0.443, 0.44, 0.416, 0.412, 0.403, 0.399, 0.393, 0.384, 0.378, 0.375, 0.373, 0.373, 0.363, 0.357, 0.35, 0.345, 0.344, 0.342, 0.332, 0.331, 0.333, 0.329, 0.325, 0.323, 0.323, 0.321, 0.321, 0.319, 0.32, 0.324, 0.328, 0.332, 0.336, 0.339, 0.343, 0.347, 0.352, 0.36, 0.361, 0.353, 0.352, 0.345, 0.336, 0.332, 0.327, 0.318, 0.311, 0.301, 0.303, 0.31, 0.314, 0.312, 0.313, 0.328, 0.32, 0.323, 0.327, 0.327, 0.33, 0.33, 0.327, 0.334, 0.329, 0.321, 0.317, 0.323, 0.328, 0.327, 0.318, 0.313, 0.313, 0.313, 0.298, 0.307, 0.285, 0.277, 0.264, 0.249, 0.236, 0.226, 0.221, 0.24, 0.217, 0.195, 0.202, 0.195, 0.233, 0.237, 0.293, 0.275, 0.297, 0.283, 0.25, 0.368, 0.424, 0.464, 0.389, 0.371, 0.36, 0.3, 0.265
precipitation[0][70], 0.28, 0.296, 0.257, 0.23, 0.215, 0.219, 0.294, 0.326, 0.297, 0.276, 0.294, 0.305, 0.319, 0.312, 0.321, 0.317, 0.309, 0.265, 0.251, 0.247, 0.24, 0.247, 0.251, 0.238, 0.233, 0.258, 0.289, 0.298, 0.296, 0.332, 0.333, 0.32, 0.317, 0.305, 0.288, 0.291, 0.321, 0.335, 0.337, 0.345, 0.346, 0.334, 0.309, 0.3, 0.284, 0.27, 0.235, 0.239, 0.268, 0.275, 0.268, 0.288, 0.296, 0.298, 0.285, 0.324, 0.339, 0.3, 0.312, 0.297, 0.312, 0.316, 0.321, 0.343, 0.368, 0.386, 0.371, 0.372, 0.434, 0.425, 0.404, 0.38, 0.367, 0.393, 0.417, 0.43, 0.437, 0.405, 0.411, 0.428, 0.436, 0.451, 0.45, 0.455, 0.447, 0.443, 0.424, 0.41, 0.406, 0.401, 0.394, 0.385, 0.382, 0.377, 0.373, 0.37, 0.363, 0.358, 0.355, 0.353, 0.349, 0.345, 0.335, 0.332, 0.335, 0.328, 0.326, 0.319, 0.314, 0.314, 0.312, 0.309, 0.309, 0.312, 0.315, 0.319, 0.321, 0.323, 0.328, 0.332, 0.337, 0.345, 0.344, 0.34, 0.335, 0.328, 0.322, 0.317, 0.314, 0.304, 0.306, 0.303, 0.293, 0.289, 0.287, 0.289, 0.293, 0.299, 0.298, 0.303, 0.302, 0.304, 0.31, 0.308, 0.304, 0.317, 0.302, 0.301, 0.3, 0.304, 0.307, 0.305, 0.297, 0.29, 0.291, 0.295, 0.284, 0.29, 0.275, 0.256, 0.239, 0.225, 0.213, 0.206, 0.199, 0.186, 0.192, 0.168, 0.159, 0.168, 0.194, 0.229, 0.19, 0.186, 0.273, 0.198, 0.229, 0.317, 0.315, 0.383, 0.332, 0.388, 0.394, 0.316, 0.276
precipitation[0][71], 0.284, 0.254, 0.24, 0.217, 0.218, 0.221, 0.295, 0.316, 0.302, 0.307, 0.319, 0.312, 0.317, 0.315, 0.305, 0.31, 0.376, 0.272, 0.253, 0.252, 0.25, 0.246, 0.266, 0.26, 0.248, 0.25, 0.288, 0.288, 0.294, 0.334, 0.324, 0.322, 0.311, 0.286, 0.286, 0.272, 0.268, 0.3, 0.332, 0.348, 0.353, 0.315, 0.333, 0.305, 0.307, 0.298, 0.282, 0.281, 0.269, 0.266, 0.294, 0.312, 0.296, 0.284, 0.281, 0.365, 0.373, 0.317, 0.316, 0.321, 0.325, 0.32, 0.328, 0.365, 0.392, 0.403, 0.398, 0.366, 0.402, 0.396, 0.381, 0.385, 0.394, 0.403, 0.416, 0.43, 0.425, 0.41, 0.413, 0.417, 0.435, 0.444, 0.448, 0.439, 0.442, 0.43, 0.413, 0.41, 0.406, 0.399, 0.392, 0.386, 0.384, 0.378, 0.375, 0.37, 0.368, 0.361, 0.358, 0.357, 0.354, 0.348, 0.345, 0.338, 0.338, 0.333, 0.328, 0.32, 0.315, 0.313, 0.31, 0.304, 0.306, 0.31, 0.312, 0.313, 0.316, 0.318, 0.322, 0.327, 0.332, 0.339, 0.338, 0.329, 0.325, 0.321, 0.314, 0.309, 0.305, 0.305, 0.301, 0.293, 0.285, 0.282, 0.28, 0.281, 0.283, 0.288, 0.289, 0.292, 0.289, 0.286, 0.297, 0.298, 0.296, 0.296, 0.286, 0.29, 0.289, 0.292, 0.289, 0.288, 0.286, 0.277, 0.278, 0.277, 0.267, 0.279, 0.256, 0.251, 0.229, 0.206, 0.199, 0.193, 0.175, 0.171, 0.225, 0.165, 0.131, 0.14, 0.194, 0.171, 0.256, 0.283, 0.191, 0.161, 0.186, 0.255, 0.309, 0.343, 0.3, 0.337, 0.32, 0.291, 0.297
precipitation[0][72], 0.275, 0.248, 0.242, 0.224, 0.224, 0.22, 0.246, 0.265, 0.31, 0.324, 0.321, 0.33, 0.336, 0.34, 0.326, 0.3, 0.284, 0.261, 0.255, 0.258, 0.256, 0.257, 0.275, 0.27, 0.257, 0.248, 0.275, 0.274, 0.287, 0.31, 0.313, 0.302, 0.289, 0.276, 0.274, 0.26, 0.268, 0.296, 0.316, 0.325, 0.331, 0.322, 0.34, 0.327, 0.317, 0.315, 0.294, 0.267, 0.283, 0.29, 0.275, 0.3, 0.298, 0.29, 0.305, 0.298, 0.314, 0.347, 0.349, 0.342, 0.356, 0.36, 0.388, 0.436, 0.42, 0.397, 0.39, 0.375, 0.4, 0.397, 0.396, 0.39, 0.387, 0.401, 0.407, 0.416, 0.423, 0.405, 0.408, 0.413, 0.424, 0.426, 0.431, 0.439, 0.427, 0.42, 0.417, 0.407, 0.402, 0.399, 0.392, 0.388, 0.386, 0.381, 0.375, 0.372, 0.367, 0.363, 0.36, 0.359, 0.357, 0.355, 0.351, 0.347, 0.345, 0.334, 0.332, 0.326, 0.32, 0.316, 0.312, 0.311, 0.311, 0.317, 0.317, 0.315, 0.321, 0.324, 0.328, 0.333, 0.337, 0.343, 0.34, 0.331, 0.326, 0.323, 0.316, 0.308, 0.306, 0.305, 0.306, 0.293, 0.287, 0.285, 0.281, 0.282, 0.283, 0.283, 0.29, 0.292, 0.291, 0.294, 0.297, 0.293, 0.296, 0.287, 0.285, 0.282, 0.274, 0.28, 0.291, 0.284, 0.283, 0.275, 0.264, 0.261, 0.255, 0.258, 0.251, 0.237, 0.222, 0.193, 0.181, 0.173, 0.158, 0.157, 0.16, 0.112, 0.129, 0.107, 0.129, 0.132, 0.251, 0.282, 0.155, 0.14, 0.147, 0.233, 0.214, 0.221, 0.228, 0.27, 0.293, 0.315, 0.272
precipitation[0][73], 0.245, 0.234, 0.222, 0.226, 0.232, 0.231, 0.26, 0.281, 0.273, 0.291, 0.328, 0.334, 0.355, 0.37, 0.324, 0.292, 0.289, 0.262, 0.259, 0.263, 0.256, 0.263, 0.263, 0.258, 0.239, 0.246, 0.267, 0.269, 0.283, 0.306, 0.308, 0.3, 0.29, 0.276, 0.268, 0.263, 0.268, 0.297, 0.329, 0.34, 0.346, 0.327, 0.346, 0.332, 0.327, 0.321, 0.338, 0.319, 0.308, 0.312, 0.299, 0.31, 0.313, 0.301, 0.335, 0.319, 0.308, 0.298, 0.328, 0.342, 0.365, 0.387, 0.419, 0.443, 0.41, 0.382, 0.383, 0.367, 0.432, 0.411, 0.388, 0.372, 0.375, 0.391, 0.395, 0.397, 0.395, 0.39, 0.401, 0.403, 0.414, 0.421, 0.425, 0.428, 0.425, 0.417, 0.406, 0.403, 0.4, 0.395, 0.392, 0.387, 0.385, 0.384, 0.38, 0.375, 0.37, 0.366, 0.364, 0.361, 0.361, 0.359, 0.357, 0.352, 0.344, 0.34, 0.334, 0.328, 0.321, 0.318, 0.314, 0.312, 0.311, 0.315, 0.317, 0.32, 0.324, 0.327, 0.331, 0.335, 0.342, 0.345, 0.343, 0.335, 0.33, 0.325, 0.319, 0.315, 0.311, 0.307, 0.301, 0.294, 0.289, 0.287, 0.285, 0.285, 0.285, 0.285, 0.29, 0.293, 0.29, 0.289, 0.296, 0.299, 0.292, 0.29, 0.287, 0.278, 0.271, 0.267, 0.272, 0.271, 0.274, 0.263, 0.266, 0.259, 0.247, 0.261, 0.236, 0.224, 0.209, 0.181, 0.169, 0.15, 0.142, 0.144, 0.142, 0.139, 0.122, 0.153, 0.152, 0.138, 0.204, 0.224, 0.118, 0.169, 0.175, 0.158, 0.16, 0.19, 0.193, 0.294, 0.267, 0.292, 0.314
precipitation[0][74], 0.262, 0.284, 0.237, 0.235, 0.247, 0.251, 0.256, 0.281, 0.274, 0.295, 0.339, 0.341, 0.355, 0.331, 0.317, 0.305, 0.296, 0.277, 0.264, 0.262, 0.271, 0.276, 0.275, 0.261, 0.245, 0.249, 0.249, 0.262, 0.288, 0.301, 0.287, 0.288, 0.284, 0.271, 0.261, 0.249, 0.26, 0.29, 0.335, 0.342, 0.345, 0.353, 0.365, 0.387, 0.373, 0.359, 0.366, 0.375, 0.356, 0.342, 0.322, 0.281, 0.277, 0.272, 0.282, 0.445, 0.341, 0.299, 0.353, 0.362, 0.365, 0.391, 0.425, 0.433, 0.413, 0.403, 0.359, 0.356, 0.363, 0.359, 0.371, 0.354, 0.364, 0.37, 0.373, 0.385, 0.385, 0.385, 0.394, 0.402, 0.408, 0.412, 0.418, 0.426, 0.418, 0.411, 0.406, 0.403, 0.397, 0.393, 0.392, 0.388, 0.384, 0.384, 0.381, 0.378, 0.375, 0.371, 0.368, 0.366, 0.365, 0.362, 0.364, 0.36, 0.352, 0.345, 0.341, 0.335, 0.328, 0.322, 0.316, 0.312, 0.312, 0.316, 0.318, 0.321, 0.328, 0.335, 0.336, 0.341, 0.346, 0.348, 0.345, 0.34, 0.336, 0.328, 0.322, 0.319, 0.313, 0.308, 0.304, 0.296, 0.29, 0.29, 0.29, 0.288, 0.287, 0.288, 0.293, 0.295, 0.293, 0.294, 0.302, 0.299, 0.308, 0.292, 0.285, 0.277, 0.268, 0.263, 0.267, 0.264, 0.257, 0.25, 0.243, 0.246, 0.245, 0.248, 0.244, 0.224, 0.209, 0.176, 0.156, 0.14, 0.132, 0.126, 0.126, 0.134, 0.129, 0.209, 0.099, 0.075, 0.082, 0.091, 0.1, 0.123, 0.105, 0.134, 0.111, 0.139, 0.172, 0.233, 0.228, 0.267, 0.259
precipitation[0][75], 0.283, 0.355, 0.33, 0.262, 0.271, 0.271, 0.28, 0.277, 0.274, 0.283, 0.353, 0.345, 0.339, 0.322, 0.306, 0.281, 0.298, 0.293, 0.289, 0.293, 0.292, 0.294, 0.292, 0.271, 0.254, 0.25, 0.249, 0.262, 0.271, 0.29, 0.273, 0.283, 0.273, 0.258, 0.262, 0.258, 0.25, 0.267, 0.298, 0.322, 0.331, 0.365, 0.396, 0.409, 0.41, 0.402, 0.389, 0.36, 0.349, 0.334, 0.31, 0.287, 0.277, 0.282, 0.296, 0.327, 0.367, 0.374, 0.411, 0.358, 0.342, 0.365, 0.393, 0.404, 0.392, 0.411, 0.353, 0.347, 0.344, 0.349, 0.355, 0.357, 0.356, 0.352, 0.357, 0.371, 0.382, 0.379, 0.381, 0.387, 0.396, 0.405, 0.413, 0.426, 0.411, 0.405, 0.399, 0.4, 0.399, 0.398, 0.394, 0.392, 0.387, 0.387, 0.384, 0.38, 0.377, 0.375, 0.373, 0.371, 0.369, 0.368, 0.366, 0.364, 0.359, 0.354, 0.349, 0.339, 0.334, 0.329, 0.321, 0.318, 0.317, 0.322, 0.322, 0.325, 0.332, 0.339, 0.346, 0.346, 0.349, 0.35, 0.352, 0.348, 0.337, 0.33, 0.324, 0.314, 0.311, 0.306, 0.302, 0.297, 0.293, 0.296, 0.294, 0.292, 0.29, 0.293, 0.299, 0.304, 0.305, 0.312, 0.326, 0.332, 0.328, 0.303, 0.286, 0.277, 0.271, 0.263, 0.257, 0.251, 0.247, 0.239, 0.234, 0.233, 0.228, 0.261, 0.264, 0.233, 0.206, 0.174, 0.149, 0.136, 0.123, 0.12, 0.114, 0.128, 0.109, 0.097, 0.067, 0.061, 0.049, 0.083, 0.102, 0.114, 0.084, 0.097, 0.131, 0.118, 0.147, 0.185, 0.214, 0.209, 0.199
precipitation[0][76], 0.299, 0.31, 0.357, 0.317, 0.294, 0.291, 0.302, 0.289, 0.294, 0.3, 0.32, 0.338, 0.317, 0.311, 0.305, 0.298, 0.308, 0.265, 0.307, 0.322, 0.335, 0.307, 0.292, 0.259, 0.244, 0.233, 0.238, 0.226, 0.246, 0.269, 0.268, 0.268, 0.28, 0.276, 0.276, 0.266, 0.258, 0.263, 0.286, 0.287, 0.304, 0.35, 0.419, 0.431, 0.427, 0.429, 0.414, 0.38, 0.353, 0.34, 0.311, 0.304, 0.283, 0.292, 0.299, 0.306, 0.321, 0.317, 0.316, 0.327, 0.356, 0.366, 0.381, 0.389, 0.388, 0.373, 0.372, 0.334, 0.341, 0.358, 0.391, 0.365, 0.337, 0.332, 0.386, 0.365, 0.351, 0.353, 0.361, 0.366, 0.366, 0.378, 0.404, 0.435, 0.428, 0.414, 0.377, 0.385, 0.387, 0.388, 0.399, 0.385, 0.378, 0.375, 0.372, 0.373, 0.378, 0.382, 0.375, 0.375, 0.375, 0.377, 0.379, 0.37, 0.369, 0.367, 0.359, 0.344, 0.341, 0.337, 0.323, 0.315, 0.315, 0.32, 0.323, 0.325, 0.334, 0.339, 0.343, 0.349, 0.348, 0.35, 0.36, 0.357, 0.339, 0.33, 0.322, 0.318, 0.312, 0.3, 0.308, 0.295, 0.294, 0.294, 0.293, 0.289, 0.289, 0.302, 0.334, 0.355, 0.378, 0.396, 0.396, 0.427, 0.38, 0.356, 0.321, 0.32, 0.286, 0.268, 0.254, 0.251, 0.233, 0.236, 0.242, 0.252, 0.247, 0.256, 0.286, 0.281, 0.236, 0.186, 0.151, 0.127, 0.116, 0.117, 0.115, 0.149, 0.119, 0.096, 0.064, 0.049, 0.041, 0.085, 0.085, 0.066, 0.071, 0.092, 0.09, 0.099, 0.147, 0.184, 0.193, 0.199, 0.197
precipitation[0][77], 0.266, 0.278, 0.291, 0.297, 0.305, 0.304, 0.302, 0.327, 0.313, 0.315, 0.311, 0.315, 0.306, 0.297, 0.299, 0.298, 0.302, 0.277, 0.354, 0.379, 0.328, 0.3, 0.282, 0.275, 0.27, 0.26, 0.237, 0.231, 0.266, 0.286, 0.276, 0.26, 0.283, 0.269, 0.289, 0.256, 0.27, 0.274, 0.3, 0.307, 0.306, 0.336, 0.382, 0.416, 0.428, 0.427, 0.421, 0.389, 0.354, 0.336, 0.315, 0.312, 0.284, 0.29, 0.315, 0.33, 0.338, 0.336, 0.338, 0.327, 0.333, 0.343, 0.37, 0.377, 0.361, 0.359, 0.343, 0.356, 0.341, 0.343, 0.363, 0.341, 0.321, 0.329, 0.35, 0.355, 0.35, 0.348, 0.357, 0.346, 0.352, 0.362, 0.391, 0.424, 0.413, 0.399, 0.37, 0.381, 0.376, 0.389, 0.397, 0.388, 0.385, 0.374, 0.373, 0.374, 0.382, 0.385, 0.386, 0.384, 0.383, 0.387, 0.388, 0.377, 0.373, 0.363, 0.357, 0.351, 0.346, 0.336, 0.328, 0.326, 0.323, 0.332, 0.331, 0.329, 0.334, 0.341, 0.344, 0.351, 0.353, 0.35, 0.36, 0.351, 0.339, 0.332, 0.328, 0.318, 0.307, 0.301, 0.308, 0.298, 0.295, 0.294, 0.295, 0.292, 0.293, 0.307, 0.351, 0.364, 0.371, 0.4, 1.125, 1.118, 1.029, 0.789, 0.673, 0.311, 0.31, 0.29, 0.261, 0.241, 0.225, 0.215, 0.216, 0.228, 0.222, 0.247, 0.244, 0.237, 0.203, 0.178, 0.15, 0.13, 0.122, 0.107, 0.098, 0.13, 0.115, 0.083, 0.076, 0.065, 0.063, 0.079, 0.053, 0.055, 0.085, 0.086, 0.097, 0.123, 0.172, 0.181, 0.201, 0.184, 0.176
precipitation[0][78], 0.235, 0.273, 0.32, 0.295, 0.306, 0.336, 0.341, 0.33, 0.34, 0.344, 0.33, 0.32, 0.307, 0.293, 0.297, 0.298, 0.308, 0.323, 0.349, 0.35, 0.338, 0.309, 0.284, 0.272, 0.267, 0.26, 0.265, 0.263, 0.285, 0.312, 0.281, 0.27, 0.26, 0.274, 0.298, 0.28, 0.269, 0.273, 0.312, 0.324, 0.306, 0.34, 0.369, 0.436, 0.452, 0.422, 0.399, 0.366, 0.352, 0.329, 0.319, 0.307, 0.289, 0.284, 0.299, 0.323, 0.338, 0.309, 0.315, 0.296, 0.312, 0.334, 0.328, 0.333, 0.333, 0.388, 0.397, 0.363, 0.358, 0.352, 0.333, 0.322, 0.313, 0.317, 0.33, 0.326, 0.317, 0.341, 0.35, 0.342, 0.369, 0.367, 0.414, 0.415, 0.418, 0.402, 0.365, 0.381, 0.378, 0.386, 0.393, 0.388, 0.377, 0.372, 0.371, 0.368, 0.375, 0.386, 0.391, 0.394, 0.398, 0.398, 0.395, 0.382, 0.373, 0.375, 0.362, 0.354, 0.346, 0.335, 0.326, 0.321, 0.326, 0.332, 0.329, 0.334, 0.336, 0.338, 0.342, 0.35, 0.356, 0.356, 0.356, 0.359, 0.342, 0.329, 0.327, 0.314, 0.306, 0.302, 0.308, 0.306, 0.298, 0.296, 0.295, 0.3, 0.301, 0.323, 0.358, 0.352, 0.8, 1.064, 1.174, 1.23, 1.358, 1.241, 0.879, 0.797, 0.315, 0.297, 0.262, 0.246, 0.23, 0.207, 0.205, 0.214, 0.224, 0.229, 0.216, 0.391, 0.348, 0.305, 0.135, 0.121, 0.097, 0.112, 0.091, 0.097, 0.087, 0.11, 0.083, 0.064, 0.063, 0.055, 0.05, 0.071, 0.076, 0.084, 0.094, 0.132, 0.162, 0.158, 0.158, 0.167, 0.183
precipitation[0][79], 0.237, 0.265, 0.294, 0.318, 0.327, 0.328, 0.362, 0.367, 0.346, 0.357, 0.334, 0.358, 0.318, 0.304, 0.365, 0.335, 0.315, 0.281, 0.313, 0.319, 0.345, 0.33, 0.32, 0.294, 0.285, 0.28, 0.306, 0.276, 0.301, 0.315, 0.314, 0.317, 0.317, 0.403, 0.429, 0.315, 0.303, 0.318, 0.324, 0.326, 0.314, 0.327, 0.378, 0.405, 0.41, 0.411, 0.402, 0.348, 0.334, 0.325, 0.323, 0.32, 0.34, 0.323, 0.302, 0.31, 0.327, 0.315, 0.306, 0.295, 0.293, 0.298, 0.307, 0.306, 0.303, 0.372, 0.388, 0.358, 0.348, 0.357, 0.34, 0.33, 0.339, 0.335, 0.331, 0.314, 0.304, 0.332, 0.339, 0.346, 0.356, 0.364, 0.391, 0.437, 0.402, 0.395, 0.369, 0.379, 0.382, 0.377, 0.377, 0.382, 0.377, 0.369, 0.374, 0.374, 0.38, 0.392, 0.401, 0.4, 0.404, 0.404, 0.4, 0.385, 0.379, 0.375, 0.368, 0.354, 0.344, 0.333, 0.327, 0.319, 0.315, 0.322, 0.327, 0.333, 0.339, 0.34, 0.343, 0.347, 0.351, 0.359, 0.359, 0.356, 0.339, 0.336, 0.331, 0.316, 0.307, 0.304, 0.311, 0.305, 0.301, 0.298, 0.301, 0.305, 0.307, 0.333, 0.356, 0.657, 0.836, 0.945, 1.205, 1.163, 1.134, 1.116, 1.064, 0.973, 0.697, 0.292, 0.26, 0.231, 0.217, 0.197, 0.206, 0.204, 0.196, 0.199, 0.391, 0.364, 0.352, 0.271, 0.121, 0.107, 0.088, 0.08, 0.083, 0.088, 0.075, 0.082, 0.063, 0.07, 0.119, 0.075, 0.063, 0.065, 0.096, 0.1, 0.097, 0.105, 0.116, 0.139, 0.136, 0.147, 0.151
precipitation[0][80], 0.251, 0.26, 0.282, 0.299, 0.336, 0.334, 0.353, 0.385, 0.347, 0.346, 0.338, 0.351, 0.358, 0.328, 0.322, 0.346, 0.322, 0.295, 0.32, 0.323, 0.345, 0.321, 0.312, 0.317, 0.301, 0.29, 0.326, 0.334, 0.323, 0.342, 0.34, 0.34, 0.322, 0.35, 0.372, 0.338, 0.363, 0.328, 0.349, 0.323, 0.317, 0.327, 0.362, 0.388, 0.371, 0.395, 0.421, 0.366, 0.351, 0.347, 0.358, 0.338, 0.37, 0.336, 0.326, 0.32, 0.312, 0.305, 0.296, 0.287, 0.265, 0.276, 0.277, 0.307, 0.305, 0.341, 0.344, 0.336, 0.332, 0.327, 0.335, 0.366, 0.337, 0.342, 0.339, 0.332, 0.311, 0.329, 0.334, 0.342, 0.355, 0.355, 0.365, 0.396, 0.405, 0.41, 0.374, 0.387, 0.379, 0.375, 0.377, 0.382, 0.379, 0.373, 0.372, 0.381, 0.386, 0.402, 0.402, 0.403, 0.406, 0.406, 0.403, 0.387, 0.381, 0.378, 0.37, 0.359, 0.35, 0.34, 0.329, 0.322, 0.32, 0.322, 0.327, 0.333, 0.341, 0.34, 0.341, 0.347, 0.352, 0.361, 0.359, 0.36, 0.348, 0.344, 0.343, 0.327, 0.315, 0.308, 0.303, 0.298, 0.301, 0.307, 0.309, 0.313, 0.312, 0.342, 0.334, 0.717, 0.917, 0.981, 1.146, 1.234, 0.946, 0.997, 0.788, 0.693, 0.559, 0.264, 0.244, 0.219, 0.203, 0.193, 0.186, 0.176, 0.174, 0.264, 0.268, 0.256, 0.238, 0.223, 0.146, 0.091, 0.077, 0.07, 0.063, 0.084, 0.062, 0.063, 0.067, 0.059, 0.065, 0.056, 0.088, 0.072, 0.082, 0.095, 0.102, 0.117, 0.142, 0.19, 0.117, 0.126, 0.126
precipitation[0][81], 0.267, 0.277, 0.286, 0.301, 0.328, 0.347, 0.344, 0.322, 0.341, 0.339, 0.358, 0.373, 0.372, 0.349, 0.326, 0.321, 0.328, 0.323, 0.314, 0.311, 0.317, 0.319, 0.327, 0.344, 0.337, 0.325, 0.34, 0.343, 0.347, 0.345, 0.359, 0.376, 0.364, 0.349, 0.427, 0.414, 0.39, 0.303, 0.329, 0.345, 0.362, 0.379, 0.38, 0.383, 0.35, 0.388, 0.404, 0.352, 0.352, 0.397, 0.394, 0.372, 0.374, 0.363, 0.341, 0.342, 0.331, 0.307, 0.316, 0.266, 0.263, 0.273, 0.287, 0.299, 0.315, 0.35, 0.295, 0.316, 0.302, 0.291, 0.316, 0.316, 0.339, 0.343, 0.365, 0.339, 0.345, 0.323, 0.31, 0.327, 0.348, 0.355, 0.369, 0.391, 0.407, 0.403, 0.386, 0.382, 0.382, 0.38, 0.385, 0.391, 0.385, 0.376, 0.382, 0.383, 0.394, 0.401, 0.41, 0.402, 0.406, 0.407, 0.401, 0.392, 0.383, 0.375, 0.371, 0.361, 0.353, 0.335, 0.327, 0.318, 0.316, 0.319, 0.323, 0.328, 0.33, 0.333, 0.334, 0.341, 0.345, 0.349, 0.347, 0.352, 0.354, 0.349, 0.338, 0.324, 0.314, 0.311, 0.303, 0.299, 0.301, 0.307, 0.309, 0.324, 0.319, 0.338, 0.354, 0.812, 0.974, 0.973, 1.108, 1.14, 0.958, 0.838, 0.678, 0.553, 0.455, 0.279, 0.253, 0.223, 0.201, 0.183, 0.18, 0.17, 0.157, 0.159, 0.131, 0.161, 0.257, 0.169, 0.123, 0.072, 0.072, 0.062, 0.053, 0.054, 0.063, 0.062, 0.055, 0.05, 0.063, 0.067, 0.069, 0.11, 0.113, 0.092, 0.09, 0.091, 0.096, 0.162, 0.098, 0.098, 0.109
precipitation[0][82], 0.254, 0.27, 0.29, 0.308, 0.324, 0.329, 0.32, 0.316, 0.318, 0.327, 0.352, 0.372, 0.364, 0.348, 0.339, 0.329, 0.326, 0.346, 0.324, 0.343, 0.332, 0.339, 0.363, 0.358, 0.37, 0.367, 0.403, 0.384, 0.373, 0.352, 0.392, 0.412, 0.373, 0.358, 0.409, 0.401, 0.341, 0.374, 0.373, 0.372, 0.398, 0.397, 0.367, 0.364, 0.361, 0.395, 0.401, 0.372, 0.358, 0.371, 0.379, 0.386, 0.394, 0.381, 0.364, 0.34, 0.345, 0.306, 0.301, 0.269, 0.248, 0.273, 0.266, 0.281, 0.305, 0.293, 0.298, 0.307, 0.305, 0.3, 0.303, 0.316, 0.325, 0.343, 0.374, 0.383, 0.35, 0.338, 0.308, 0.315, 0.326, 0.346, 0.362, 0.373, 0.398, 0.387, 0.385, 0.389, 0.391, 0.396, 0.399, 0.4, 0.393, 0.384, 0.387, 0.388, 0.394, 0.403, 0.406, 0.413, 0.411, 0.409, 0.405, 0.394, 0.384, 0.372, 0.362, 0.351, 0.339, 0.329, 0.316, 0.306, 0.303, 0.307, 0.31, 0.313, 0.313, 0.314, 0.317, 0.323, 0.325, 0.328, 0.331, 0.338, 0.333, 0.33, 0.327, 0.316, 0.309, 0.312, 0.309, 0.308, 0.312, 0.325, 0.325, 0.325, 0.323, 0.331, 0.376, 0.362, 0.886, 0.93, 0.912, 0.954, 0.78, 0.666, 0.579, 0.275, 0.27, 0.244, 0.229, 0.225, 0.196, 0.181, 0.174, 0.168, 0.15, 0.128, 0.096, 0.111, 0.138, 0.155, 0.119, 0.116, 0.069, 0.061, 0.055, 0.053, 0.063, 0.06, 0.056, 0.042, 0.07, 0.077, 0.101, 0.129, 0.114, 0.128, 0.115, 0.119, 0.108, 0.11, 0.075, 0.078, 0.09
precipitation[0][83], 0.274, 0.263, 0.27, 0.283, 0.295, 0.32, 0.325, 0.317, 0.301, 0.296, 0.322, 0.342, 0.329, 0.324, 0.329, 0.326, 0.326, 0.324, 0.358, 0.343, 0.331, 0.324, 0.35, 0.379, 0.419, 0.425, 0.444, 0.385, 0.396, 0.401, 0.416, 0.448, 0.392, 0.333, 0.304, 0.351, 0.411, 0.374, 0.379, 0.399, 0.411, 0.394, 0.385, 0.388, 0.404, 0.39, 0.383, 0.351, 0.355, 0.367, 0.37, 0.386, 0.399, 0.386, 0.363, 0.335, 0.319, 0.304, 0.301, 0.284, 0.276, 0.266, 0.281, 0.292, 0.291, 0.318, 0.33, 0.312, 0.297, 0.291, 0.282, 0.315, 0.322, 0.317, 0.338, 0.34, 0.361, 0.345, 0.315, 0.314, 0.319, 0.34, 0.36, 0.361, 0.375, 0.381, 0.392, 0.399, 0.411, 0.417, 0.411, 0.411, 0.403, 0.398, 0.396, 0.402, 0.409, 0.413, 0.409, 0.415, 0.418, 0.412, 0.406, 0.393, 0.381, 0.367, 0.356, 0.344, 0.33, 0.319, 0.305, 0.292, 0.289, 0.292, 0.291, 0.296, 0.297, 0.298, 0.303, 0.306, 0.31, 0.31, 0.312, 0.311, 0.316, 0.316, 0.317, 0.318, 0.311, 0.319, 0.314, 0.313, 0.316, 0.315, 0.31, 0.313, 0.319, 0.329, 0.337, 0.336, 0.344, 0.772, 0.745, 0.779, 0.668, 0.495, 0.274, 0.277, 0.257, 0.236, 0.227, 0.209, 0.19, 0.181, 0.167, 0.152, 0.144, 0.124, 0.064, 0.074, 0.121, 0.109, 0.125, 0.109, 0.112, 0.058, 0.057, 0.055, 0.059, 0.065, 0.049, 0.077, 0.098, 0.107, 0.119, 0.092, 0.111, 0.178, 0.114, 0.099, 0.09, 0.093, 0.071, 0.062, 0.068
precipitation[0][84], 0.248, 0.246, 0.246, 0.261, 0.276, 0.307, 0.319, 0.311, 0.294, 0.288, 0.31, 0.321, 0.316, 0.312, 0.313, 0.321, 0.312, 0.33, 0.335, 0.329, 0.335, 0.357, 0.4, 0.436, 0.443, 0.437, 0.448, 0.418, 0.396, 0.418, 0.426, 0.415, 0.407, 0.354, 0.329, 0.379, 0.463, 0.413, 0.426, 0.397, 0.42, 0.404, 0.396, 0.42, 0.441, 0.402, 0.378, 0.37, 0.369, 0.372, 0.379, 0.366, 0.394, 0.374, 0.377, 0.377, 0.323, 0.312, 0.318, 0.314, 0.294, 0.283, 0.29, 0.297, 0.289, 0.302, 0.32, 0.328, 0.282, 0.289, 0.289, 0.301, 0.316, 0.341, 0.316, 0.328, 0.328, 0.317, 0.313, 0.316, 0.322, 0.325, 0.353, 0.361, 0.379, 0.383, 0.389, 0.411, 0.418, 0.43, 0.425, 0.42, 0.42, 0.413, 0.411, 0.414, 0.419, 0.418, 0.416, 0.421, 0.423, 0.42, 0.406, 0.395, 0.381, 0.367, 0.354, 0.338, 0.325, 0.308, 0.292, 0.279, 0.274, 0.278, 0.279, 0.286, 0.283, 0.285, 0.287, 0.289, 0.291, 0.291, 0.294, 0.298, 0.301, 0.301, 0.308, 0.31, 0.315, 0.324, 0.318, 0.316, 0.317, 0.314, 0.308, 0.304, 0.305, 0.305, 0.313, 0.32, 0.322, 0.317, 0.323, 0.308, 0.283, 0.279, 0.281, 0.264, 0.249, 0.237, 0.225, 0.206, 0.203, 0.193, 0.172, 0.151, 0.14, 0.128, 0.105, 0.05, 0.089, 0.136, 0.131, 0.119, 0.09, 0.051, 0.054, 0.059, 0.058, 0.05, 0.088, 0.087, 0.132, 0.101, 0.098, 0.078, 0.099, 0.1, 0.106, 0.077, 0.069, 0.09, 0.064, 0.055, 0.055
precipitation[0][85], 0.243, 0.238, 0.236, 0.251, 0.273, 0.301, 0.311, 0.311, 0.289, 0.289, 0.306, 0.321, 0.315, 0.308, 0.304, 0.313, 0.31, 0.316, 0.327, 0.309, 0.307, 0.341, 0.386, 0.403, 0.441, 0.434, 0.439, 0.436, 0.422, 0.402, 0.388, 0.381, 0.41, 0.367, 0.341, 0.38, 0.472, 0.427, 0.384, 0.409, 0.449, 0.459, 0.443, 0.438, 0.411, 0.367, 0.372, 0.37, 0.366, 0.375, 0.392, 0.363, 0.379, 0.372, 0.365, 0.361, 0.35, 0.31, 0.329, 0.321, 0.316, 0.291, 0.314, 0.31, 0.31, 0.321, 0.323, 0.336, 0.308, 0.299, 0.307, 0.311, 0.312, 0.325, 0.31, 0.315, 0.314, 0.327, 0.329, 0.329, 0.324, 0.328, 0.345, 0.358, 0.379, 0.389, 0.4, 0.421, 0.43, 0.435, 0.432, 0.435, 0.43, 0.426, 0.418, 0.426, 0.429, 0.434, 0.43, 0.426, 0.428, 0.429, 0.417, 0.4, 0.384, 0.365, 0.352, 0.335, 0.317, 0.302, 0.281, 0.267, 0.263, 0.268, 0.27, 0.265, 0.267, 0.27, 0.268, 0.268, 0.272, 0.276, 0.281, 0.289, 0.294, 0.294, 0.303, 0.303, 0.314, 0.331, 0.318, 0.33, 0.336, 0.325, 0.311, 0.31, 0.305, 0.294, 0.307, 0.305, 0.31, 0.308, 0.311, 0.294, 0.279, 0.264, 0.261, 0.242, 0.254, 0.258, 0.236, 0.219, 0.21, 0.197, 0.178, 0.163, 0.142, 0.129, 0.111, 0.068, 0.088, 0.137, 0.176, 0.1, 0.077, 0.045, 0.047, 0.056, 0.06, 0.051, 0.077, 0.066, 0.084, 0.062, 0.103, 0.084, 0.079, 0.076, 0.087, 0.059, 0.054, 0.091, 0.083, 0.056, 0.052
precipitation[0][86], 0.232, 0.222, 0.233, 0.249, 0.271, 0.293, 0.297, 0.293, 0.285, 0.295, 0.302, 0.319, 0.309, 0.308, 0.308, 0.316, 0.309, 0.321, 0.308, 0.313, 0.312, 0.321, 0.347, 0.361, 0.385, 0.371, 0.372, 0.369, 0.374, 0.351, 0.339, 0.33, 0.372, 0.358, 0.354, 0.342, 0.407, 0.377, 0.346, 0.355, 0.378, 0.373, 0.375, 0.362, 0.349, 0.337, 0.339, 0.353, 0.339, 0.341, 0.351, 0.34, 0.344, 0.333, 0.323, 0.341, 0.324, 0.314, 0.323, 0.317, 0.312, 0.31, 0.314, 0.319, 0.335, 0.334, 0.336, 0.334, 0.32, 0.329, 0.319, 0.319, 0.323, 0.327, 0.328, 0.327, 0.339, 0.337, 0.357, 0.36, 0.333, 0.314, 0.335, 0.341, 0.363, 0.382, 0.419, 0.411, 0.42, 0.439, 0.438, 0.446, 0.463, 0.417, 0.417, 0.434, 0.443, 0.446, 0.436, 0.433, 0.466, 0.478, 0.456, 0.447, 0.434, 0.409, 0.408, 0.365, 0.357, 0.321, 0.281, 0.275, 0.262, 0.291, 0.272, 0.262, 0.261, 0.26, 0.26, 0.252, 0.248, 0.258, 0.276, 0.28, 0.282, 0.274, 0.283, 0.3, 0.321, 0.327, 0.298, 0.314, 0.348, 0.309, 0.3, 0.303, 0.29, 0.279, 0.291, 0.291, 0.288, 0.296, 0.292, 0.291, 0.267, 0.251, 0.245, 0.254, 0.262, 0.278, 0.246, 0.246, 0.272, 0.225, 0.178, 0.163, 0.142, 0.121, 0.119, 0.088, 0.078, 0.179, 0.149, 0.088, 0.056, 0.035, 0.029, 0.033, 0.05, 0.043, 0.058, 0.065, 0.056, 0.065, 0.069, 0.067, 0.067, 0.063, 0.056, 0.049, 0.05, 0.048, 0.043, 0.041, 0.049
precipitation[0][87], 0.22, 0.218, 0.235, 0.256, 0.27, 0.289, 0.289, 0.281, 0.283, 0.296, 0.323, 0.313, 0.314, 0.319, 0.324, 0.307, 0.305, 0.3, 0.31, 0.31, 0.308, 0.323, 0.345, 0.356, 0.365, 0.356, 0.362, 0.357, 0.378, 0.342, 0.358, 0.327, 0.336, 0.361, 0.365, 0.362, 0.364, 0.373, 0.351, 0.349, 0.353, 0.362, 0.388, 0.371, 0.355, 0.338, 0.351, 0.374, 0.371, 0.352, 0.345, 0.349, 0.336, 0.329, 0.308, 0.303, 0.314, 0.324, 0.334, 0.316, 0.316, 0.316, 0.325, 0.341, 0.353, 0.335, 0.344, 0.325, 0.315, 0.325, 0.321, 0.337, 0.335, 0.333, 0.326, 0.332, 0.352, 0.359, 0.351, 0.359, 0.343, 0.329, 0.343, 0.359, 0.367, 0.378, 0.396, 0.407, 0.418, 0.412, 0.452, 0.457, 0.435, 0.429, 0.479, 0.461, 0.46, 0.417, 0.406, 0.431, 0.455, 0.479, 0.466, 0.48, 0.437, 0.415, 0.39, 0.356, 0.338, 0.287, 0.267, 0.261, 0.266, 0.253, 0.26, 0.244, 0.237, 0.243, 0.238, 0.246, 0.246, 0.242, 0.248, 0.256, 0.267, 0.273, 0.281, 0.284, 0.307, 0.314, 0.305, 0.317, 0.334, 0.305, 0.299, 0.307, 0.307, 0.276, 0.282, 0.277, 0.278, 0.274, 0.276, 0.267, 0.251, 0.251, 0.241, 0.243, 0.244, 0.262, 0.242, 0.256, 0.228, 0.218, 0.174, 0.164, 0.156, 0.128, 0.122, 0.104, 0.085, 0.106, 0.144, 0.08, 0.038, 0.03, 0.026, 0.034, 0.046, 0.04, 0.025, 0.037, 0.031, 0.038, 0.059, 0.073, 0.065, 0.063, 0.049, 0.043, 0.043, 0.042, 0.029, 0.032, 0.047
precipitation[0][88], 0.215, 0.218, 0.235, 0.255, 0.269, 0.276, 0.277, 0.279, 0.283, 0.303, 0.309, 0.306, 0.315, 0.319, 0.314, 0.305, 0.294, 0.286, 0.309, 0.321, 0.306, 0.309, 0.33, 0.337, 0.349, 0.355, 0.356, 0.337, 0.346, 0.328, 0.341, 0.321, 0.349, 0.356, 0.353, 0.359, 0.361, 0.352, 0.352, 0.345, 0.353, 0.383, 0.381, 0.365, 0.376, 0.34, 0.33, 0.365, 0.36, 0.349, 0.338, 0.341, 0.327, 0.31, 0.3, 0.308, 0.306, 0.319, 0.33, 0.327, 0.333, 0.325, 0.327, 0.352, 0.367, 0.366, 0.345, 0.348, 0.34, 0.331, 0.332, 0.348, 0.342, 0.336, 0.338, 0.343, 0.357, 0.363, 0.368, 0.356, 0.356, 0.34, 0.347, 0.362, 0.362, 0.366, 0.386, 0.398, 0.438, 0.423, 0.43, 0.445, 0.438, 0.441, 0.492, 0.472, 0.456, 0.433, 0.418, 0.414, 0.459, 0.468, 0.466, 0.436, 0.408, 0.397, 0.367, 0.33, 0.282, 0.249, 0.232, 0.228, 0.231, 0.232, 0.225, 0.224, 0.23, 0.22, 0.22, 0.23, 0.227, 0.231, 0.238, 0.243, 0.247, 0.266, 0.264, 0.285, 0.302, 0.319, 0.328, 0.322, 0.344, 0.327, 0.333, 0.31, 0.301, 0.268, 0.278, 0.274, 0.273, 0.258, 0.254, 0.241, 0.236, 0.24, 0.243, 0.244, 0.246, 0.259, 0.252, 0.247, 0.212, 0.19, 0.179, 0.174, 0.173, 0.154, 0.122, 0.113, 0.07, 0.052, 0.079, 0.092, 0.033, 0.034, 0.035, 0.025, 0.027, 0.02, 0.016, 0.03, 0.028, 0.031, 0.066, 0.079, 0.077, 0.057, 0.052, 0.05, 0.043, 0.04, 0.03, 0.028, 0.031
precipitation[0][89], 0.213, 0.223, 0.235, 0.252, 0.26, 0.263, 0.271, 0.267, 0.27, 0.285, 0.294, 0.295, 0.309, 0.338, 0.32, 0.303, 0.304, 0.291, 0.306, 0.308, 0.291, 0.3, 0.317, 0.329, 0.33, 0.341, 0.346, 0.341, 0.345, 0.326, 0.325, 0.323, 0.32, 0.335, 0.343, 0.369, 0.355, 0.346, 0.328, 0.331, 0.351, 0.37, 0.359, 0.355, 0.341, 0.347, 0.349, 0.384, 0.376, 0.343, 0.334, 0.353, 0.342, 0.319, 0.302, 0.313, 0.317, 0.318, 0.326, 0.323, 0.33, 0.336, 0.33, 0.353, 0.366, 0.37, 0.368, 0.373, 0.364, 0.357, 0.341, 0.349, 0.349, 0.346, 0.354, 0.365, 0.383, 0.378, 0.382, 0.368, 0.372, 0.366, 0.379, 0.366, 0.357, 0.362, 0.377, 0.413, 0.438, 0.447, 0.441, 0.44, 0.433, 0.454, 0.505, 0.482, 0.473, 0.438, 0.415, 0.423, 0.477, 0.463, 0.45, 0.421, 0.415, 0.405, 0.371, 0.315, 0.27, 0.237, 0.211, 0.201, 0.211, 0.22, 0.216, 0.225, 0.201, 0.197, 0.198, 0.204, 0.207, 0.231, 0.216, 0.214, 0.222, 0.232, 0.266, 0.297, 0.295, 0.308, 0.323, 0.344, 0.383, 0.359, 0.347, 0.315, 0.279, 0.266, 0.28, 0.273, 0.254, 0.248, 0.239, 0.227, 0.233, 0.246, 0.244, 0.243, 0.255, 0.243, 0.252, 0.23, 0.219, 0.183, 0.169, 0.176, 0.164, 0.147, 0.137, 0.101, 0.089, 0.049, 0.106, 0.073, 0.05, 0.056, 0.033, 0.023, 0.02, 0.016, 0.013, 0.021, 0.023, 0.032, 0.065, 0.086, 0.06, 0.054, 0.044, 0.037, 0.039, 0.037, 0.034, 0.028, 0.021
precipitation[0][90], 0.228, 0.226, 0.237, 0.25, 0.256, 0.262, 0.257, 0.263, 0.267, 0.277, 0.283, 0.294, 0.311, 0.326, 0.314, 0.301, 0.307, 0.301, 0.287, 0.286, 0.293, 0.308, 0.32, 0.314, 0.307, 0.321, 0.33, 0.348, 0.335, 0.321, 0.336, 0.338, 0.326, 0.333, 0.326, 0.337, 0.346, 0.36, 0.317, 0.312, 0.321, 0.342, 0.337, 0.337, 0.334, 0.342, 0.358, 0.385, 0.367, 0.334, 0.318, 0.335, 0.318, 0.318, 0.309, 0.323, 0.349, 0.334, 0.335, 0.336, 0.334, 0.333, 0.333, 0.364, 0.372, 0.378, 0.373, 0.37, 0.366, 0.374, 0.363, 0.355, 0.359, 0.368, 0.375, 0.386, 0.376, 0.39, 0.373, 0.363, 0.411, 0.407, 0.408, 0.374, 0.387, 0.391, 0.393, 0.42, 0.446, 0.502, 0.469, 0.482, 0.455, 0.473, 0.519, 0.554, 0.523, 0.441, 0.438, 0.453, 0.489, 0.477, 0.473, 0.413, 0.401, 0.389, 0.35, 0.317, 0.276, 0.245, 0.2, 0.189, 0.189, 0.2, 0.196, 0.206, 0.201, 0.181, 0.175, 0.169, 0.169, 0.175, 0.184, 0.198, 0.204, 0.214, 0.236, 0.265, 0.29, 0.299, 0.319, 0.348, 0.359, 0.35, 0.348, 0.313, 0.28, 0.274, 0.294, 0.286, 0.251, 0.245, 0.237, 0.224, 0.225, 0.239, 0.25, 0.249, 0.249, 0.236, 0.229, 0.208, 0.192, 0.181, 0.175, 0.17, 0.16, 0.137, 0.118, 0.101, 0.088, 0.062, 0.111, 0.091, 0.045, 0.072, 0.022, 0.022, 0.019, 0.017, 0.014, 0.019, 0.02, 0.022, 0.023, 0.044, 0.057, 0.037, 0.035, 0.037, 0.03, 0.031, 0.031, 0.03, 0.023
precipitation[0][91], 0.232, 0.234, 0.245, 0.251, 0.257, 0.247, 0.255, 0.255, 0.268, 0.275, 0.299, 0.312, 0.31, 0.313, 0.314, 0.293, 0.3, 0.302, 0.279, 0.279, 0.297, 0.305, 0.317, 0.312, 0.3, 0.311, 0.313, 0.327, 0.315, 0.345, 0.351, 0.352, 0.308, 0.339, 0.315, 0.309, 0.322, 0.355, 0.342, 0.306, 0.312, 0.325, 0.318, 0.315, 0.327, 0.348, 0.36, 0.374, 0.366, 0.338, 0.328, 0.321, 0.319, 0.32, 0.316, 0.324, 0.344, 0.348, 0.348, 0.353, 0.357, 0.348, 0.347, 0.372, 0.371, 0.383, 0.375, 0.379, 0.378, 0.39, 0.379, 0.367, 0.365, 0.372, 0.376, 0.386, 0.379, 0.398, 0.449, 0.411, 0.405, 0.531, 0.491, 0.438, 0.437, 0.428, 0.421, 0.456, 0.468, 0.52, 0.524, 0.509, 0.462, 0.466, 0.473, 0.502, 0.474, 0.437, 0.446, 0.444, 0.457, 0.459, 0.493, 0.475, 0.414, 0.365, 0.328, 0.314, 0.273, 0.252, 0.214, 0.206, 0.204, 0.207, 0.187, 0.19, 0.184, 0.169, 0.162, 0.161, 0.159, 0.154, 0.159, 0.178, 0.186, 0.2, 0.22, 0.253, 0.274, 0.293, 0.323, 0.339, 0.346, 0.35, 0.343, 0.341, 0.293, 0.288, 0.296, 0.258, 0.248, 0.242, 0.235, 0.243, 0.252, 0.264, 0.267, 0.239, 0.243, 0.238, 0.236, 0.222, 0.204, 0.19, 0.179, 0.16, 0.145, 0.119, 0.109, 0.103, 0.097, 0.062, 0.109, 0.032, 0.034, 0.032, 0.029, 0.025, 0.021, 0.019, 0.022, 0.014, 0.018, 0.022, 0.028, 0.032, 0.031, 0.033, 0.032, 0.028, 0.031, 0.028, 0.026, 0.027, 0.024
precipitation[0][92], 0.234, 0.24, 0.249, 0.25, 0.258, 0.248, 0.257, 0.254, 0.276, 0.287, 0.316, 0.31, 0.322, 0.306, 0.312, 0.296, 0.295, 0.29, 0.283, 0.292, 0.303, 0.308, 0.324, 0.315, 0.317, 0.318, 0.324, 0.329, 0.332, 0.339, 0.341, 0.354, 0.315, 0.318, 0.314, 0.313, 0.33, 0.379, 0.367, 0.324, 0.318, 0.322, 0.311, 0.319, 0.343, 0.342, 0.342, 0.363, 0.368, 0.346, 0.334, 0.332, 0.314, 0.32, 0.332, 0.333, 0.338, 0.341, 0.361, 0.354, 0.352, 0.359, 0.365, 0.396, 0.385, 0.377, 0.372, 0.387, 0.389, 0.415, 0.396, 0.381, 0.365, 0.369, 0.395, 0.382, 0.386, 0.404, 0.418, 0.469, 0.442, 0.545, 0.416, 0.401, 0.421, 0.424, 0.435, 0.442, 0.451, 0.475, 0.491, 0.476, 0.461, 0.478, 0.453, 0.459, 0.443, 0.429, 0.431, 0.449, 0.427, 0.43, 0.464, 0.436, 0.458, 0.387, 0.346, 0.309, 0.307, 0.269, 0.23, 0.235, 0.21, 0.202, 0.188, 0.187, 0.191, 0.184, 0.174, 0.163, 0.153, 0.148, 0.153, 0.171, 0.187, 0.197, 0.217, 0.247, 0.261, 0.278, 0.302, 0.318, 0.342, 0.336, 0.332, 0.338, 0.303, 0.308, 0.283, 0.25, 0.234, 0.238, 0.234, 0.243, 0.27, 0.244, 0.223, 0.232, 0.244, 0.232, 0.22, 0.21, 0.194, 0.181, 0.175, 0.156, 0.139, 0.128, 0.125, 0.106, 0.101, 0.076, 0.039, 0.027, 0.029, 0.056, 0.057, 0.053, 0.031, 0.02, 0.016, 0.015, 0.018, 0.017, 0.018, 0.018, 0.022, 0.025, 0.033, 0.028, 0.028, 0.028, 0.026, 0.027, 0.025
precipitation[0][93], 0.241, 0.253, 0.264, 0.261, 0.252, 0.245, 0.257, 0.252, 0.271, 0.29, 0.303, 0.321, 0.306, 0.295, 0.317, 0.317, 0.295, 0.291, 0.289, 0.29, 0.315, 0.327, 0.334, 0.309, 0.309, 0.296, 0.296, 0.326, 0.329, 0.347, 0.353, 0.343, 0.314, 0.307, 0.302, 0.305, 0.327, 0.359, 0.323, 0.342, 0.346, 0.34, 0.313, 0.324, 0.354, 0.345, 0.346, 0.385, 0.379, 0.339, 0.334, 0.322, 0.319, 0.326, 0.342, 0.335, 0.336, 0.369, 0.375, 0.366, 0.356, 0.373, 0.376, 0.391, 0.382, 0.384, 0.391, 0.388, 0.383, 0.393, 0.407, 0.402, 0.369, 0.374, 0.383, 0.375, 0.419, 0.409, 0.435, 0.414, 0.396, 0.403, 0.386, 0.381, 0.404, 0.443, 0.421, 0.427, 0.444, 0.462, 0.483, 0.483, 0.47, 0.457, 0.428, 0.431, 0.43, 0.43, 0.423, 0.413, 0.421, 0.417, 0.404, 0.385, 0.421, 0.389, 0.385, 0.335, 0.31, 0.285, 0.259, 0.248, 0.223, 0.212, 0.195, 0.19, 0.195, 0.193, 0.187, 0.162, 0.151, 0.151, 0.154, 0.17, 0.185, 0.206, 0.212, 0.241, 0.255, 0.272, 0.288, 0.307, 0.322, 0.308, 0.316, 0.318, 0.293, 0.285, 0.274, 0.248, 0.24, 0.245, 0.237, 0.244, 0.236, 0.238, 0.224, 0.229, 0.229, 0.226, 0.213, 0.196, 0.2, 0.192, 0.168, 0.172, 0.163, 0.138, 0.131, 0.121, 0.108, 0.078, 0.068, 0.064, 0.067, 0.087, 0.116, 0.108, 0.091, 0.031, 0.026, 0.016, 0.017, 0.014, 0.021, 0.023, 0.024, 0.028, 0.032, 0.03, 0.03, 0.029, 0.029, 0.026, 0.032
precipitation[0][94], 0.242, 0.261, 0.279, 0.265, 0.268, 0.252, 0.252, 0.257, 0.267, 0.29, 0.299, 0.293, 0.286, 0.288, 0.31, 0.311, 0.296, 0.29, 0.3, 0.314, 0.331, 0.331, 0.333, 0.308, 0.314, 0.308, 0.304, 0.317, 0.334, 0.38, 0.369, 0.366, 0.312, 0.288, 0.294, 0.29, 0.304, 0.314, 0.319, 0.332, 0.332, 0.348, 0.314, 0.313, 0.322, 0.346, 0.345, 0.344, 0.328, 0.311, 0.32, 0.304, 0.31, 0.321, 0.337, 0.334, 0.341, 0.356, 0.366, 0.376, 0.376, 0.385, 0.374, 0.379, 0.367, 0.375, 0.385, 0.375, 0.387, 0.388, 0.402, 0.409, 0.366, 0.351, 0.367, 0.371, 0.379, 0.417, 0.408, 0.397, 0.431, 0.379, 0.369, 0.373, 0.386, 0.382, 0.398, 0.413, 0.43, 0.463, 0.473, 0.478, 0.465, 0.446, 0.429, 0.416, 0.414, 0.401, 0.417, 0.421, 0.41, 0.412, 0.388, 0.39, 0.389, 0.372, 0.342, 0.328, 0.33, 0.292, 0.262, 0.25, 0.237, 0.214, 0.204, 0.202, 0.199, 0.188, 0.176, 0.172, 0.162, 0.157, 0.161, 0.18, 0.182, 0.203, 0.224, 0.233, 0.245, 0.259, 0.269, 0.288, 0.294, 0.295, 0.292, 0.301, 0.301, 0.312, 0.296, 0.274, 0.268, 0.252, 0.259, 0.244, 0.259, 0.236, 0.238, 0.223, 0.218, 0.212, 0.209, 0.199, 0.209, 0.189, 0.177, 0.155, 0.159, 0.145, 0.134, 0.145, 0.098, 0.082, 0.074, 0.072, 0.064, 0.068, 0.082, 0.127, 0.092, 0.071, 0.04, 0.022, 0.019, 0.013, 0.023, 0.022, 0.022, 0.024, 0.034, 0.034, 0.035, 0.03, 0.035, 0.034, 0.038
precipitation[0][95], 0.242, 0.262, 0.27, 0.269, 0.271, 0.256, 0.256, 0.262, 0.266, 0.292, 0.288, 0.283, 0.265, 0.275, 0.293, 0.301, 0.294, 0.295, 0.315, 0.326, 0.333, 0.325, 0.312, 0.3, 0.305, 0.304, 0.311, 0.33, 0.346, 0.363, 0.352, 0.347, 0.323, 0.312, 0.309, 0.307, 0.316, 0.309, 0.308, 0.322, 0.312, 0.335, 0.329, 0.323, 0.322, 0.343, 0.336, 0.328, 0.315, 0.307, 0.311, 0.302, 0.299, 0.312, 0.314, 0.313, 0.331, 0.349, 0.354, 0.375, 0.373, 0.375, 0.374, 0.365, 0.374, 0.383, 0.385, 0.367, 0.369, 0.37, 0.386, 0.39, 0.374, 0.34, 0.341, 0.345, 0.373, 0.373, 0.385, 0.37, 0.383, 0.374, 0.358, 0.366, 0.382, 0.384, 0.391, 0.436, 0.45, 0.441, 0.459, 0.474, 0.471, 0.453, 0.43, 0.423, 0.411, 0.395, 0.417, 0.419, 0.398, 0.4, 0.401, 0.399, 0.365, 0.355, 0.334, 0.326, 0.311, 0.303, 0.264, 0.247, 0.248, 0.236, 0.217, 0.211, 0.208, 0.195, 0.187, 0.178, 0.181, 0.168, 0.173, 0.18, 0.194, 0.199, 0.213, 0.233, 0.24, 0.257, 0.267, 0.274, 0.279, 0.279, 0.286, 0.292, 0.292, 0.308, 0.302, 0.259, 0.252, 0.241, 0.247, 0.246, 0.245, 0.231, 0.226, 0.21, 0.199, 0.203, 0.192, 0.186, 0.192, 0.195, 0.172, 0.141, 0.132, 0.123, 0.131, 0.109, 0.089, 0.086, 0.075, 0.075, 0.066, 0.068, 0.08, 0.1, 0.12, 0.076, 0.032, 0.044, 0.064, 0.023, 0.015, 0.018, 0.018, 0.018, 0.025, 0.026, 0.033, 0.03, 0.031, 0.029, 0.028
precipitation[0][96], 0.255, 0.264, 0.261, 0.26, 0.256, 0.25, 0.25, 0.261, 0.268, 0.287, 0.269, 0.262, 0.263, 0.273, 0.289, 0.293, 0.285, 0.287, 0.303, 0.314, 0.321, 0.324, 0.317, 0.33, 0.306, 0.311, 0.312, 0.32, 0.332, 0.33, 0.336, 0.332, 0.327, 0.318, 0.31, 0.306, 0.32, 0.313, 0.299, 0.303, 0.3, 0.322, 0.322, 0.332, 0.323, 0.32, 0.325, 0.323, 0.302, 0.296, 0.297, 0.307, 0.306, 0.314, 0.32, 0.323, 0.33, 0.333, 0.346, 0.359, 0.362, 0.367, 0.375, 0.38, 0.374, 0.367, 0.369, 0.363, 0.37, 0.379, 0.387, 0.39, 0.358, 0.347, 0.349, 0.349, 0.363, 0.367, 0.436, 0.419, 0.368, 0.361, 0.362, 0.376, 0.366, 0.382, 0.386, 0.438, 0.442, 0.447, 0.459, 0.459, 0.46, 0.432, 0.436, 0.423, 0.433, 0.412, 0.391, 0.39, 0.375, 0.352, 0.36, 0.376, 0.365, 0.328, 0.312, 0.319, 0.318, 0.309, 0.281, 0.254, 0.255, 0.262, 0.238, 0.228, 0.212, 0.199, 0.212, 0.197, 0.191, 0.168, 0.163, 0.186, 0.214, 0.215, 0.217, 0.245, 0.26, 0.251, 0.261, 0.255, 0.254, 0.245, 0.253, 0.264, 0.253, 0.261, 0.24, 0.227, 0.226, 0.216, 0.228, 0.219, 0.258, 0.233, 0.211, 0.216, 0.192, 0.181, 0.178, 0.197, 0.209, 0.202, 0.189, 0.16, 0.149, 0.115, 0.151, 0.104, 0.11, 0.09, 0.07, 0.073, 0.062, 0.063, 0.072, 0.12, 0.109, 0.071, 0.042, 0.116, 0.082, 0.02, 0.015, 0.017, 0.015, 0.015, 0.022, 0.022, 0.027, 0.027, 0.031, 0.03, 0.031
precipitation[0][97], 0.265, 0.264, 0.265, 0.261, 0.251, 0.24, 0.246, 0.261, 0.271, 0.288, 0.263, 0.257, 0.259, 0.272, 0.294, 0.294, 0.291, 0.292, 0.312, 0.32, 0.319, 0.32, 0.321, 0.338, 0.334, 0.329, 0.321, 0.334, 0.331, 0.32, 0.317, 0.329, 0.32, 0.305, 0.305, 0.313, 0.32, 0.31, 0.313, 0.308, 0.311, 0.319, 0.305, 0.32, 0.314, 0.304, 0.309, 0.304, 0.297, 0.296, 0.295, 0.296, 0.303, 0.309, 0.316, 0.317, 0.325, 0.329, 0.346, 0.357, 0.37, 0.365, 0.369, 0.384, 0.381, 0.37, 0.359, 0.361, 0.359, 0.376, 0.377, 0.376, 0.364, 0.356, 0.353, 0.355, 0.355, 0.356, 0.399, 0.339, 0.351, 0.355, 0.36, 0.361, 0.353, 0.377, 0.394, 0.446, 0.425, 0.442, 0.448, 0.452, 0.464, 0.448, 0.46, 0.442, 0.472, 0.407, 0.414, 0.392, 0.381, 0.361, 0.367, 0.343, 0.371, 0.312, 0.294, 0.318, 0.321, 0.296, 0.283, 0.254, 0.251, 0.269, 0.26, 0.258, 0.217, 0.21, 0.217, 0.22, 0.206, 0.187, 0.186, 0.194, 0.205, 0.205, 0.216, 0.229, 0.24, 0.254, 0.235, 0.24, 0.245, 0.231, 0.237, 0.25, 0.249, 0.253, 0.235, 0.234, 0.238, 0.231, 0.24, 0.225, 0.242, 0.224, 0.209, 0.209, 0.184, 0.164, 0.163, 0.182, 0.163, 0.162, 0.174, 0.14, 0.127, 0.11, 0.108, 0.109, 0.108, 0.087, 0.076, 0.083, 0.082, 0.096, 0.08, 0.118, 0.079, 0.052, 0.044, 0.052, 0.032, 0.013, 0.013, 0.015, 0.014, 0.012, 0.017, 0.018, 0.022, 0.032, 0.032, 0.032, 0.03
precipitation[0][98], 0.267, 0.269, 0.263, 0.26, 0.252, 0.235, 0.242, 0.26, 0.277, 0.28, 0.26, 0.26, 0.261, 0.276, 0.282, 0.277, 0.286, 0.295, 0.307, 0.31, 0.329, 0.321, 0.327, 0.342, 0.342, 0.32, 0.316, 0.335, 0.335, 0.329, 0.32, 0.33, 0.327, 0.302, 0.312, 0.303, 0.317, 0.302, 0.307, 0.313, 0.308, 0.307, 0.312, 0.317, 0.303, 0.289, 0.299, 0.292, 0.291, 0.288, 0.297, 0.296, 0.299, 0.301, 0.311, 0.327, 0.334, 0.355, 0.352, 0.354, 0.354, 0.37, 0.369, 0.394, 0.383, 0.367, 0.361, 0.356, 0.354, 0.374, 0.366, 0.374, 0.369, 0.368, 0.354, 0.359, 0.357, 0.341, 0.338, 0.34, 0.344, 0.364, 0.364, 0.352, 0.342, 0.367, 0.39, 0.43, 0.42, 0.437, 0.445, 0.451, 0.433, 0.444, 0.511, 0.468, 0.497, 0.405, 0.413, 0.385, 0.368, 0.371, 0.353, 0.351, 0.342, 0.327, 0.294, 0.305, 0.319, 0.289, 0.265, 0.255, 0.257, 0.253, 0.247, 0.266, 0.234, 0.237, 0.236, 0.24, 0.242, 0.206, 0.2, 0.192, 0.205, 0.208, 0.215, 0.223, 0.239, 0.244, 0.229, 0.231, 0.236, 0.234, 0.24, 0.244, 0.248, 0.256, 0.248, 0.25, 0.268, 0.242, 0.253, 0.247, 0.225, 0.206, 0.201, 0.182, 0.168, 0.153, 0.146, 0.151, 0.139, 0.143, 0.151, 0.14, 0.121, 0.123, 0.126, 0.113, 0.096, 0.082, 0.071, 0.064, 0.063, 0.083, 0.073, 0.054, 0.042, 0.017, 0.021, 0.031, 0.024, 0.01, 0.009, 0.011, 0.017, 0.011, 0.016, 0.017, 0.021, 0.026, 0.031, 0.033, 0.032
precipitation[0][99], 0.272, 0.274, 0.274, 0.256, 0.242, 0.235, 0.236, 0.25, 0.261, 0.263, 0.246, 0.246, 0.242, 0.258, 0.259, 0.261, 0.263, 0.282, 0.304, 0.306, 0.317, 0.32, 0.331, 0.346, 0.347, 0.325, 0.32, 0.329, 0.336, 0.344, 0.324, 0.345, 0.325, 0.32, 0.306, 0.303, 0.305, 0.312, 0.311, 0.32, 0.324, 0.293, 0.307, 0.323, 0.292, 0.283, 0.279, 0.289, 0.292, 0.289, 0.29, 0.298, 0.295, 0.3, 0.312, 0.319, 0.329, 0.354, 0.349, 0.354, 0.356, 0.368, 0.367, 0.38, 0.365, 0.366, 0.356, 0.362, 0.363, 0.367, 0.359, 0.373, 0.371, 0.372, 0.367, 0.376, 0.353, 0.342, 0.331, 0.325, 0.329, 0.352, 0.371, 0.357, 0.348, 0.366, 0.39, 0.403, 0.414, 0.425, 0.424, 0.437, 0.43, 0.431, 0.454, 0.461, 0.485, 0.414, 0.399, 0.382, 0.372, 0.358, 0.353, 0.338, 0.342, 0.331, 0.31, 0.323, 0.334, 0.298, 0.273, 0.259, 0.268, 0.244, 0.244, 0.242, 0.235, 0.212, 0.232, 0.268, 0.223, 0.208, 0.191, 0.197, 0.211, 0.216, 0.224, 0.227, 0.236, 0.237, 0.229, 0.232, 0.236, 0.237, 0.235, 0.245, 0.253, 0.264, 0.265, 0.266, 0.271, 0.269, 0.249, 0.238, 0.226, 0.215, 0.184, 0.175, 0.152, 0.14, 0.134, 0.128, 0.131, 0.139, 0.139, 0.14, 0.113, 0.107, 0.131, 0.116, 0.122, 0.083, 0.066, 0.06, 0.021, 0.037, 0.053, 0.04, 0.02, 0.012, 0.017, 0.017, 0.017, 0.01, 0.008, 0.013, 0.022, 0.014, 0.021, 0.016, 0.021, 0.024, 0.029, 0.034, 0.032
precipitation[0][100], 0.288, 0.288, 0.272, 0.253, 0.241, 0.246, 0.238, 0.246, 0.249, 0.252, 0.239, 0.234, 0.222, 0.226, 0.232, 0.237, 0.255, 0.267, 0.289, 0.31, 0.318, 0.334, 0.34, 0.339, 0.336, 0.336, 0.321, 0.349, 0.322, 0.338, 0.335, 0.328, 0.328, 0.319, 0.308, 0.299, 0.308, 0.309, 0.312, 0.31, 0.313, 0.296, 0.291, 0.312, 0.305, 0.288, 0.285, 0.291, 0.297, 0.292, 0.291, 0.293, 0.298, 0.301, 0.311, 0.31, 0.317, 0.334, 0.34, 0.347, 0.349, 0.358, 0.351, 0.367, 0.365, 0.37, 0.375, 0.368, 0.363, 0.352, 0.353, 0.358, 0.371, 0.371, 0.366, 0.363, 0.355, 0.325, 0.333, 0.323, 0.327, 0.349, 0.377, 0.372, 0.361, 0.364, 0.376, 0.399, 0.415, 0.418, 0.412, 0.437, 0.431, 0.432, 0.439, 0.427, 0.455, 0.438, 0.373, 0.387, 0.392, 0.366, 0.338, 0.339, 0.335, 0.333, 0.312, 0.319, 0.305, 0.291, 0.275, 0.285, 0.332, 0.255, 0.243, 0.236, 0.257, 0.26, 0.238, 0.232, 0.223, 0.202, 0.199, 0.205, 0.208, 0.207, 0.211, 0.227, 0.232, 0.229, 0.225, 0.23, 0.239, 0.229, 0.223, 0.233, 0.233, 0.256, 0.254, 0.253, 0.262, 0.264, 0.27, 0.251, 0.251, 0.217, 0.21, 0.169, 0.146, 0.137, 0.139, 0.12, 0.118, 0.128, 0.119, 0.117, 0.103, 0.11, 0.099, 0.141, 0.137, 0.088, 0.064, 0.028, 0.021, 0.028, 0.041, 0.042, 0.027, 0.016, 0.015, 0.014, 0.013, 0.01, 0.008, 0.011, 0.016, 0.017, 0.021, 0.027, 0.025, 0.03, 0.032, 0.032, 0.027
precipitation[0][101], 0.288, 0.284, 0.273, 0.264, 0.257, 0.255, 0.247, 0.247, 0.249, 0.246, 0.238, 0.223, 0.208, 0.215, 0.224, 0.232, 0.25, 0.259, 0.279, 0.301, 0.312, 0.318, 0.325, 0.332, 0.336, 0.329, 0.33, 0.34, 0.332, 0.329, 0.334, 0.345, 0.333, 0.321, 0.315, 0.311, 0.308, 0.317, 0.31, 0.321, 0.306, 0.292, 0.297, 0.296, 0.295, 0.288, 0.28, 0.282, 0.287, 0.303, 0.305, 0.309, 0.309, 0.313, 0.318, 0.325, 0.325, 0.331, 0.335, 0.34, 0.347, 0.349, 0.352, 0.368, 0.373, 0.371, 0.374, 0.372, 0.381, 0.365, 0.366, 0.36, 0.367, 0.369, 0.374, 0.379, 0.363, 0.331, 0.345, 0.339, 0.339, 0.361, 0.384, 0.371, 0.347, 0.349, 0.356, 0.387, 0.414, 0.428, 0.409, 0.417, 0.419, 0.417, 0.426, 0.421, 0.443, 0.426, 0.407, 0.394, 0.397, 0.371, 0.336, 0.312, 0.312, 0.319, 0.323, 0.314, 0.306, 0.315, 0.295, 0.306, 0.299, 0.269, 0.245, 0.238, 0.251, 0.255, 0.238, 0.249, 0.228, 0.207, 0.194, 0.203, 0.202, 0.2, 0.219, 0.223, 0.233, 0.243, 0.218, 0.235, 0.244, 0.236, 0.227, 0.224, 0.227, 0.241, 0.26, 0.263, 0.254, 0.266, 0.259, 0.239, 0.235, 0.213, 0.176, 0.16, 0.137, 0.124, 0.113, 0.104, 0.11, 0.123, 0.116, 0.103, 0.095, 0.089, 0.106, 0.137, 0.113, 0.079, 0.065, 0.023, 0.029, 0.028, 0.03, 0.024, 0.018, 0.02, 0.012, 0.011, 0.014, 0.013, 0.009, 0.011, 0.013, 0.018, 0.029, 0.034, 0.029, 0.037, 0.039, 0.032, 0.029
precipitation[0][102], 0.304, 0.296, 0.286, 0.275, 0.271, 0.264, 0.258, 0.261, 0.261, 0.259, 0.251, 0.231, 0.21, 0.209, 0.218, 0.23, 0.247, 0.259, 0.28, 0.302, 0.303, 0.307, 0.322, 0.326, 0.321, 0.324, 0.323, 0.325, 0.326, 0.33, 0.335, 0.345, 0.355, 0.343, 0.334, 0.333, 0.323, 0.312, 0.314, 0.306, 0.298, 0.293, 0.286, 0.282, 0.29, 0.294, 0.279, 0.279, 0.28, 0.297, 0.306, 0.309, 0.318, 0.327, 0.337, 0.337, 0.337, 0.331, 0.339, 0.344, 0.351, 0.352, 0.358, 0.365, 0.379, 0.38, 0.39, 0.376, 0.385, 0.379, 0.378, 0.367, 0.376, 0.377, 0.383, 0.392, 0.383, 0.361, 0.361, 0.358, 0.35, 0.368, 0.38, 0.387, 0.366, 0.357, 0.36, 0.402, 0.403, 0.422, 0.41, 0.41, 0.421, 0.431, 0.43, 0.401, 0.423, 0.426, 0.369, 0.372, 0.366, 0.353, 0.346, 0.328, 0.329, 0.32, 0.311, 0.338, 0.315, 0.307, 0.29, 0.295, 0.324, 0.273, 0.236, 0.236, 0.237, 0.247, 0.237, 0.238, 0.229, 0.217, 0.202, 0.198, 0.203, 0.206, 0.232, 0.247, 0.296, 0.254, 0.237, 0.245, 0.249, 0.252, 0.245, 0.236, 0.237, 0.237, 0.246, 0.287, 0.261, 0.258, 0.248, 0.233, 0.224, 0.214, 0.177, 0.167, 0.142, 0.126, 0.119, 0.111, 0.11, 0.124, 0.125, 0.112, 0.1, 0.098, 0.097, 0.136, 0.099, 0.09, 0.082, 0.039, 0.035, 0.03, 0.028, 0.024, 0.023, 0.023, 0.013, 0.014, 0.012, 0.014, 0.012, 0.011, 0.016, 0.026, 0.026, 0.028, 0.029, 0.043, 0.049, 0.047, 0.038
precipitation[0][103], 0.308, 0.3, 0.301, 0.287, 0.278, 0.269, 0.26, 0.267, 0.269, 0.26, 0.257, 0.234, 0.226, 0.218, 0.224, 0.237, 0.249, 0.259, 0.274, 0.295, 0.311, 0.31, 0.32, 0.319, 0.326, 0.329, 0.342, 0.344, 0.338, 0.333, 0.342, 0.342, 0.366, 0.359, 0.332, 0.329, 0.32, 0.308, 0.293, 0.303, 0.291, 0.283, 0.279, 0.271, 0.275, 0.27, 0.274, 0.276, 0.281, 0.293, 0.31, 0.311, 0.322, 0.337, 0.352, 0.336, 0.337, 0.34, 0.341, 0.347, 0.356, 0.372, 0.381, 0.387, 0.396, 0.383, 0.393, 0.39, 0.391, 0.394, 0.381, 0.385, 0.389, 0.371, 0.384, 0.395, 0.39, 0.38, 0.392, 0.364, 0.352, 0.379, 0.38, 0.381, 0.377, 0.381, 0.383, 0.405, 0.434, 0.436, 0.412, 0.4, 0.424, 0.433, 0.421, 0.406, 0.423, 0.407, 0.372, 0.383, 0.368, 0.364, 0.337, 0.316, 0.324, 0.328, 0.382, 0.359, 0.313, 0.325, 0.313, 0.293, 0.324, 0.278, 0.252, 0.244, 0.248, 0.24, 0.235, 0.218, 0.223, 0.214, 0.205, 0.224, 0.223, 0.212, 0.23, 0.244, 0.256, 0.242, 0.245, 0.247, 0.262, 0.257, 0.28, 0.264, 0.259, 0.24, 0.248, 0.25, 0.27, 0.268, 0.25, 0.247, 0.245, 0.216, 0.186, 0.167, 0.154, 0.137, 0.128, 0.115, 0.113, 0.124, 0.123, 0.119, 0.115, 0.106, 0.105, 0.108, 0.126, 0.098, 0.094, 0.042, 0.042, 0.033, 0.03, 0.023, 0.027, 0.027, 0.017, 0.011, 0.01, 0.016, 0.014, 0.014, 0.016, 0.023, 0.021, 0.024, 0.026, 0.035, 0.042, 0.043, 0.043
precipitation[0][104], 0.32, 0.323, 0.306, 0.295, 0.287, 0.271, 0.262, 0.269, 0.263, 0.256, 0.247, 0.244, 0.233, 0.236, 0.237, 0.251, 0.266, 0.272, 0.274, 0.294, 0.306, 0.313, 0.326, 0.315, 0.328, 0.34, 0.344, 0.353, 0.338, 0.344, 0.34, 0.352, 0.359, 0.357, 0.348, 0.33, 0.321, 0.319, 0.304, 0.303, 0.294, 0.283, 0.276, 0.27, 0.264, 0.267, 0.275, 0.28, 0.286, 0.304, 0.312, 0.319, 0.338, 0.353, 0.36, 0.343, 0.347, 0.348, 0.35, 0.352, 0.363, 0.373, 0.39, 0.397, 0.393, 0.372, 0.374, 0.385, 0.39, 0.39, 0.382, 0.398, 0.393, 0.375, 0.39, 0.396, 0.4, 0.391, 0.395, 0.366, 0.356, 0.377, 0.371, 0.381, 0.365, 0.352, 0.368, 0.405, 0.429, 0.434, 0.437, 0.426, 0.432, 0.437, 0.413, 0.389, 0.396, 0.369, 0.351, 0.351, 0.345, 0.355, 0.35, 0.341, 0.341, 0.364, 0.332, 0.326, 0.319, 0.299, 0.296, 0.299, 0.297, 0.29, 0.263, 0.252, 0.241, 0.243, 0.236, 0.227, 0.227, 0.218, 0.207, 0.222, 0.219, 0.226, 0.236, 0.24, 0.251, 0.256, 0.253, 0.247, 0.259, 0.26, 0.269, 0.266, 0.262, 0.252, 0.256, 0.264, 0.261, 0.265, 0.264, 0.242, 0.228, 0.212, 0.192, 0.174, 0.16, 0.146, 0.134, 0.125, 0.132, 0.119, 0.116, 0.119, 0.148, 0.117, 0.104, 0.114, 0.122, 0.1, 0.094, 0.057, 0.054, 0.071, 0.041, 0.027, 0.039, 0.085, 0.083, 0.016, 0.01, 0.019, 0.015, 0.016, 0.014, 0.015, 0.018, 0.022, 0.019, 0.028, 0.031, 0.034, 0.043
precipitation[0][105], 0.339, 0.332, 0.32, 0.314, 0.293, 0.286, 0.28, 0.272, 0.261, 0.253, 0.259, 0.253, 0.254, 0.26, 0.26, 0.263, 0.273, 0.284, 0.296, 0.309, 0.309, 0.317, 0.318, 0.325, 0.335, 0.349, 0.339, 0.361, 0.348, 0.36, 0.358, 0.353, 0.359, 0.373, 0.369, 0.356, 0.329, 0.331, 0.332, 0.316, 0.297, 0.282, 0.277, 0.278, 0.27, 0.272, 0.276, 0.282, 0.286, 0.298, 0.318, 0.319, 0.339, 0.353, 0.345, 0.354, 0.361, 0.346, 0.345, 0.353, 0.361, 0.378, 0.389, 0.401, 0.396, 0.387, 0.378, 0.402, 0.388, 0.383, 0.379, 0.385, 0.374, 0.383, 0.398, 0.398, 0.404, 0.406, 0.41, 0.382, 0.375, 0.373, 0.365, 0.381, 0.373, 0.355, 0.351, 0.388, 0.414, 0.408, 0.436, 0.452, 0.452, 0.434, 0.418, 0.378, 0.369, 0.367, 0.371, 0.369, 0.383, 0.369, 0.346, 0.347, 0.363, 0.362, 0.339, 0.322, 0.333, 0.31, 0.31, 0.293, 0.278, 0.288, 0.271, 0.263, 0.248, 0.248, 0.231, 0.222, 0.228, 0.224, 0.201, 0.205, 0.223, 0.234, 0.231, 0.231, 0.225, 0.234, 0.237, 0.251, 0.264, 0.263, 0.263, 0.278, 0.267, 0.262, 0.266, 0.269, 0.27, 0.265, 0.265, 0.262, 0.238, 0.211, 0.206, 0.171, 0.16, 0.15, 0.147, 0.134, 0.14, 0.131, 0.129, 0.134, 0.141, 0.124, 0.118, 0.113, 0.109, 0.103, 0.099, 0.058, 0.049, 0.034, 0.067, 0.048, 0.098, 0.183, 0.085, 0.022, 0.011, 0.023, 0.014, 0.014, 0.011, 0.013, 0.016, 0.021, 0.019, 0.025, 0.028, 0.034, 0.039
precipitation[0][106], 0.333, 0.329, 0.329, 0.317, 0.31, 0.3, 0.3, 0.277, 0.272, 0.249, 0.253, 0.25, 0.258, 0.269, 0.266, 0.271, 0.272, 0.287, 0.288, 0.308, 0.32, 0.324, 0.334, 0.351, 0.35, 0.34, 0.348, 0.365, 0.354, 0.351, 0.353, 0.353, 0.361, 0.385, 0.382, 0.362, 0.351, 0.342, 0.348, 0.327, 0.31, 0.293, 0.289, 0.296, 0.286, 0.29, 0.3, 0.294, 0.302, 0.304, 0.313, 0.318, 0.33, 0.335, 0.334, 0.341, 0.343, 0.341, 0.338, 0.34, 0.354, 0.374, 0.399, 0.395, 0.393, 0.405, 0.391, 0.396, 0.387, 0.371, 0.376, 0.382, 0.377, 0.384, 0.398, 0.388, 0.394, 0.379, 0.392, 0.381, 0.368, 0.374, 0.366, 0.368, 0.357, 0.344, 0.36, 0.407, 0.418, 0.415, 0.435, 0.424, 0.444, 0.431, 0.426, 0.401, 0.391, 0.391, 0.404, 0.423, 0.412, 0.401, 0.417, 0.393, 0.394, 0.38, 0.372, 0.35, 0.35, 0.329, 0.315, 0.305, 0.309, 0.3, 0.291, 0.268, 0.263, 0.272, 0.253, 0.243, 0.232, 0.22, 0.211, 0.208, 0.221, 0.225, 0.227, 0.219, 0.212, 0.225, 0.225, 0.259, 0.28, 0.264, 0.26, 0.269, 0.273, 0.268, 0.257, 0.255, 0.254, 0.263, 0.264, 0.238, 0.225, 0.216, 0.211, 0.183, 0.185, 0.156, 0.16, 0.146, 0.14, 0.134, 0.136, 0.147, 0.146, 0.125, 0.114, 0.131, 0.116, 0.105, 0.1, 0.057, 0.047, 0.029, 0.037, 0.066, 0.158, 0.069, 0.034, 0.009, 0.012, 0.018, 0.012, 0.009, 0.011, 0.015, 0.021, 0.026, 0.021, 0.023, 0.026, 0.026, 0.034
precipitation[0][107], 0.331, 0.329, 0.325, 0.311, 0.316, 0.295, 0.297, 0.288, 0.283, 0.262, 0.252, 0.249, 0.268, 0.282, 0.272, 0.276, 0.277, 0.29, 0.289, 0.309, 0.32, 0.339, 0.351, 0.358, 0.355, 0.348, 0.351, 0.356, 0.353, 0.357, 0.35, 0.355, 0.36, 0.385, 0.37, 0.361, 0.35, 0.345, 0.351, 0.333, 0.319, 0.301, 0.296, 0.299, 0.296, 0.303, 0.311, 0.315, 0.31, 0.307, 0.313, 0.316, 0.321, 0.322, 0.329, 0.343, 0.341, 0.366, 0.327, 0.339, 0.35, 0.383, 0.401, 0.399, 0.401, 0.403, 0.389, 0.382, 0.371, 0.374, 0.376, 0.381, 0.387, 0.406, 0.392, 0.39, 0.379, 0.344, 0.356, 0.361, 0.368, 0.364, 0.368, 0.363, 0.344, 0.343, 0.347, 0.386, 0.395, 0.396, 0.405, 0.427, 0.431, 0.422, 0.412, 0.403, 0.406, 0.391, 0.404, 0.431, 0.435, 0.44, 0.401, 0.401, 0.401, 0.371, 0.366, 0.357, 0.35, 0.338, 0.328, 0.319, 0.322, 0.321, 0.313, 0.294, 0.291, 0.283, 0.27, 0.244, 0.244, 0.227, 0.221, 0.217, 0.22, 0.224, 0.237, 0.229, 0.23, 0.229, 0.23, 0.245, 0.26, 0.257, 0.261, 0.264, 0.255, 0.258, 0.265, 0.263, 0.25, 0.25, 0.248, 0.234, 0.223, 0.21, 0.218, 0.205, 0.171, 0.163, 0.172, 0.156, 0.143, 0.14, 0.145, 0.15, 0.138, 0.13, 0.123, 0.126, 0.123, 0.118, 0.05, 0.044, 0.031, 0.02, 0.029, 0.096, 0.127, 0.056, 0.014, 0.013, 0.014, 0.018, 0.012, 0.011, 0.011, 0.016, 0.021, 0.022, 0.019, 0.024, 0.027, 0.029, 0.037
precipitation[0][108], 0.331, 0.333, 0.334, 0.326, 0.32, 0.301, 0.302, 0.295, 0.292, 0.27, 0.262, 0.262, 0.266, 0.273, 0.265, 0.277, 0.279, 0.295, 0.298, 0.305, 0.315, 0.325, 0.334, 0.357, 0.338, 0.343, 0.342, 0.348, 0.355, 0.349, 0.359, 0.356, 0.366, 0.377, 0.368, 0.363, 0.353, 0.341, 0.33, 0.323, 0.326, 0.319, 0.314, 0.313, 0.314, 0.31, 0.311, 0.308, 0.309, 0.31, 0.314, 0.314, 0.315, 0.323, 0.328, 0.334, 0.337, 0.391, 0.34, 0.347, 0.361, 0.382, 0.397, 0.397, 0.394, 0.409, 0.389, 0.383, 0.386, 0.385, 0.387, 0.389, 0.404, 0.406, 0.403, 0.387, 0.379, 0.325, 0.333, 0.337, 0.342, 0.338, 0.329, 0.332, 0.328, 0.334, 0.333, 0.364, 0.375, 0.389, 0.402, 0.416, 0.439, 0.452, 0.422, 0.42, 0.411, 0.403, 0.432, 0.433, 0.412, 0.428, 0.431, 0.433, 0.409, 0.365, 0.349, 0.355, 0.336, 0.334, 0.339, 0.336, 0.349, 0.332, 0.339, 0.325, 0.323, 0.33, 0.286, 0.257, 0.244, 0.231, 0.231, 0.228, 0.217, 0.221, 0.233, 0.251, 0.237, 0.238, 0.25, 0.242, 0.246, 0.242, 0.245, 0.251, 0.247, 0.245, 0.244, 0.252, 0.246, 0.249, 0.243, 0.228, 0.226, 0.213, 0.214, 0.202, 0.183, 0.181, 0.222, 0.173, 0.148, 0.143, 0.142, 0.146, 0.141, 0.132, 0.142, 0.13, 0.125, 0.111, 0.048, 0.031, 0.024, 0.017, 0.029, 0.039, 0.036, 0.028, 0.007, 0.011, 0.012, 0.016, 0.012, 0.012, 0.013, 0.018, 0.02, 0.019, 0.019, 0.022, 0.022, 0.03, 0.034
precipitation[0][109], 0.341, 0.347, 0.328, 0.324, 0.315, 0.302, 0.295, 0.29, 0.289, 0.276, 0.272, 0.268, 0.28, 0.264, 0.266, 0.272, 0.276, 0.283, 0.291, 0.299, 0.305, 0.32, 0.329, 0.335, 0.335, 0.341, 0.342, 0.347, 0.349, 0.352, 0.359, 0.366, 0.37, 0.376, 0.391, 0.362, 0.352, 0.347, 0.336, 0.34, 0.338, 0.332, 0.32, 0.319, 0.311, 0.304, 0.322, 0.306, 0.309, 0.311, 0.317, 0.319, 0.319, 0.326, 0.331, 0.335, 0.389, 0.385, 0.348, 0.354, 0.353, 0.374, 0.389, 0.389, 0.406, 0.405, 0.401, 0.389, 0.389, 0.389, 0.4, 0.41, 0.407, 0.413, 0.403, 0.394, 0.374, 0.328, 0.324, 0.317, 0.351, 0.322, 0.314, 0.315, 0.318, 0.336, 0.352, 0.364, 0.363, 0.369, 0.373, 0.375, 0.387, 0.402, 0.403, 0.41, 0.429, 0.421, 0.435, 0.457, 0.43, 0.446, 0.44, 0.429, 0.398, 0.379, 0.344, 0.336, 0.333, 0.324, 0.34, 0.351, 0.356, 0.353, 0.346, 0.329, 0.304, 0.318, 0.301, 0.255, 0.234, 0.228, 0.239, 0.222, 0.218, 0.235, 0.244, 0.247, 0.248, 0.241, 0.244, 0.241, 0.235, 0.23, 0.233, 0.245, 0.237, 0.238, 0.236, 0.238, 0.239, 0.24, 0.234, 0.225, 0.221, 0.214, 0.217, 0.213, 0.196, 0.21, 0.228, 0.188, 0.153, 0.148, 0.146, 0.143, 0.142, 0.128, 0.141, 0.143, 0.129, 0.056, 0.04, 0.029, 0.024, 0.014, 0.015, 0.028, 0.032, 0.025, 0.007, 0.014, 0.012, 0.012, 0.012, 0.013, 0.017, 0.02, 0.021, 0.021, 0.024, 0.025, 0.025, 0.029, 0.031
precipitation[0][110], 0.361, 0.34, 0.334, 0.325, 0.318, 0.303, 0.293, 0.297, 0.3, 0.299, 0.272, 0.259, 0.269, 0.263, 0.262, 0.269, 0.279, 0.289, 0.302, 0.301, 0.306, 0.315, 0.328, 0.338, 0.337, 0.332, 0.346, 0.345, 0.34, 0.341, 0.343, 0.349, 0.36, 0.37, 0.371, 0.372, 0.35, 0.353, 0.351, 0.352, 0.345, 0.337, 0.333, 0.323, 0.322, 0.324, 0.326, 0.319, 0.309, 0.311, 0.324, 0.324, 0.33, 0.341, 0.344, 0.347, 0.405, 0.391, 0.343, 0.35, 0.362, 0.382, 0.398, 0.403, 0.402, 0.413, 0.417, 0.406, 0.406, 0.407, 0.414, 0.416, 0.415, 0.411, 0.394, 0.39, 0.37, 0.325, 0.335, 0.322, 0.333, 0.324, 0.321, 0.306, 0.32, 0.333, 0.336, 0.353, 0.357, 0.354, 0.354, 0.36, 0.373, 0.4, 0.414, 0.416, 0.403, 0.413, 0.446, 0.428, 0.427, 0.413, 0.421, 0.448, 0.382, 0.367, 0.344, 0.338, 0.32, 0.319, 0.333, 0.34, 0.344, 0.343, 0.331, 0.311, 0.308, 0.274, 0.275, 0.251, 0.24, 0.228, 0.219, 0.215, 0.219, 0.232, 0.238, 0.238, 0.238, 0.249, 0.231, 0.23, 0.229, 0.228, 0.235, 0.241, 0.252, 0.24, 0.235, 0.235, 0.234, 0.23, 0.234, 0.231, 0.225, 0.218, 0.214, 0.213, 0.206, 0.218, 0.208, 0.179, 0.164, 0.16, 0.157, 0.155, 0.155, 0.139, 0.155, 0.148, 0.126, 0.043, 0.037, 0.026, 0.028, 0.012, 0.017, 0.019, 0.026, 0.023, 0.01, 0.015, 0.027, 0.017, 0.012, 0.015, 0.019, 0.022, 0.02, 0.016, 0.016, 0.029, 0.028, 0.026, 0.032
precipitation[0][111], 0.346, 0.35, 0.324, 0.327, 0.313, 0.311, 0.302, 0.297, 0.3, 0.272, 0.267, 0.265, 0.266, 0.26, 0.258, 0.257, 0.266, 0.282, 0.29, 0.291, 0.302, 0.307, 0.32, 0.329, 0.328, 0.326, 0.336, 0.348, 0.333, 0.323, 0.323, 0.335, 0.338, 0.356, 0.353, 0.36, 0.36, 0.361, 0.36, 0.358, 0.366, 0.351, 0.337, 0.328, 0.327, 0.328, 0.334, 0.319, 0.316, 0.322, 0.328, 0.326, 0.331, 0.349, 0.35, 0.348, 0.36, 0.346, 0.34, 0.357, 0.369, 0.38, 0.402, 0.426, 0.426, 0.431, 0.431, 0.426, 0.412, 0.422, 0.421, 0.423, 0.413, 0.406, 0.396, 0.381, 0.367, 0.349, 0.349, 0.333, 0.339, 0.332, 0.327, 0.32, 0.324, 0.332, 0.338, 0.36, 0.356, 0.355, 0.352, 0.353, 0.364, 0.394, 0.407, 0.419, 0.419, 0.411, 0.424, 0.412, 0.423, 0.411, 0.399, 0.397, 0.417, 0.35, 0.334, 0.363, 0.332, 0.319, 0.338, 0.337, 0.337, 0.331, 0.318, 0.323, 0.305, 0.291, 0.265, 0.277, 0.252, 0.222, 0.205, 0.218, 0.23, 0.25, 0.247, 0.233, 0.236, 0.239, 0.263, 0.252, 0.235, 0.241, 0.231, 0.241, 0.249, 0.241, 0.236, 0.242, 0.229, 0.233, 0.24, 0.234, 0.224, 0.222, 0.208, 0.218, 0.202, 0.201, 0.199, 0.189, 0.171, 0.17, 0.171, 0.171, 0.17, 0.156, 0.154, 0.136, 0.037, 0.042, 0.022, 0.025, 0.019, 0.01, 0.016, 0.015, 0.032, 0.048, 0.019, 0.012, 0.011, 0.011, 0.014, 0.016, 0.02, 0.018, 0.019, 0.016, 0.024, 0.03, 0.027, 0.029, 0.033
precipitation[0][112], 0.363, 0.356, 0.348, 0.316, 0.296, 0.293, 0.298, 0.285, 0.277, 0.269, 0.263, 0.257, 0.254, 0.251, 0.249, 0.247, 0.255, 0.277, 0.29, 0.287, 0.297, 0.292, 0.315, 0.322, 0.321, 0.322, 0.324, 0.332, 0.324, 0.311, 0.311, 0.318, 0.331, 0.342, 0.34, 0.335, 0.35, 0.351, 0.351, 0.362, 0.353, 0.345, 0.341, 0.326, 0.323, 0.324, 0.329, 0.321, 0.32, 0.324, 0.326, 0.322, 0.334, 0.348, 0.348, 0.349, 0.344, 0.338, 0.342, 0.364, 0.376, 0.392, 0.419, 0.442, 0.46, 0.43, 0.434, 0.428, 0.426, 0.418, 0.43, 0.428, 0.422, 0.414, 0.4, 0.39, 0.384, 0.364, 0.366, 0.351, 0.343, 0.336, 0.349, 0.323, 0.329, 0.336, 0.345, 0.365, 0.366, 0.372, 0.367, 0.363, 0.375, 0.391, 0.394, 0.412, 0.407, 0.389, 0.396, 0.421, 0.421, 0.417, 0.405, 0.367, 0.374, 0.341, 0.329, 0.356, 0.348, 0.339, 0.331, 0.338, 0.335, 0.342, 0.31, 0.301, 0.314, 0.292, 0.269, 0.274, 0.27, 0.229, 0.208, 0.224, 0.234, 0.25, 0.242, 0.241, 0.242, 0.245, 0.251, 0.248, 0.227, 0.231, 0.234, 0.243, 0.25, 0.242, 0.244, 0.232, 0.233, 0.243, 0.238, 0.239, 0.235, 0.226, 0.206, 0.205, 0.195, 0.192, 0.19, 0.181, 0.177, 0.18, 0.177, 0.181, 0.179, 0.171, 0.162, 0.04, 0.044, 0.022, 0.022, 0.028, 0.014, 0.011, 0.013, 0.02, 0.069, 0.141, 0.033, 0.015, 0.011, 0.013, 0.016, 0.017, 0.015, 0.016, 0.016, 0.018, 0.026, 0.024, 0.028, 0.029, 0.033
precipitation[0][113], 0.349, 0.354, 0.314, 0.307, 0.288, 0.281, 0.283, 0.277, 0.271, 0.268, 0.261, 0.249, 0.248, 0.247, 0.246, 0.245, 0.253, 0.268, 0.274, 0.274, 0.277, 0.288, 0.301, 0.308, 0.313, 0.315, 0.318, 0.324, 0.311, 0.307, 0.306, 0.305, 0.324, 0.32, 0.325, 0.34, 0.328, 0.337, 0.339, 0.334, 0.348, 0.338, 0.343, 0.32, 0.312, 0.32, 0.324, 0.326, 0.331, 0.342, 0.334, 0.329, 0.342, 0.353, 0.359, 0.348, 0.358, 0.343, 0.345, 0.356, 0.374, 0.394, 0.415, 0.439, 0.461, 0.463, 0.453, 0.433, 0.433, 0.42, 0.425, 0.43, 0.437, 0.447, 0.423, 0.395, 0.402, 0.37, 0.359, 0.351, 0.351, 0.341, 0.357, 0.325, 0.323, 0.327, 0.333, 0.351, 0.373, 0.386, 0.383, 0.379, 0.381, 0.392, 0.4, 0.412, 0.415, 0.404, 0.397, 0.411, 0.409, 0.419, 0.397, 0.41, 0.371, 0.328, 0.315, 0.334, 0.335, 0.324, 0.33, 0.34, 0.348, 0.349, 0.326, 0.315, 0.297, 0.288, 0.282, 0.288, 0.272, 0.238, 0.217, 0.229, 0.243, 0.26, 0.259, 0.252, 0.236, 0.243, 0.261, 0.243, 0.237, 0.235, 0.226, 0.228, 0.246, 0.244, 0.248, 0.237, 0.244, 0.252, 0.244, 0.253, 0.25, 0.222, 0.226, 0.208, 0.194, 0.186, 0.183, 0.182, 0.175, 0.183, 0.178, 0.183, 0.175, 0.152, 0.085, 0.048, 0.049, 0.015, 0.024, 0.018, 0.013, 0.013, 0.017, 0.035, 0.141, 0.117, 0.033, 0.019, 0.016, 0.014, 0.023, 0.019, 0.014, 0.015, 0.016, 0.021, 0.029, 0.028, 0.025, 0.026, 0.033
precipitation[0][114], 0.352, 0.35, 0.322, 0.293, 0.278, 0.274, 0.276, 0.274, 0.266, 0.264, 0.262, 0.257, 0.264, 0.247, 0.251, 0.253, 0.252, 0.264, 0.265, 0.268, 0.268, 0.266, 0.287, 0.295, 0.295, 0.297, 0.305, 0.325, 0.321, 0.299, 0.281, 0.277, 0.292, 0.297, 0.313, 0.309, 0.308, 0.307, 0.311, 0.312, 0.316, 0.316, 0.33, 0.319, 0.319, 0.313, 0.325, 0.324, 0.336, 0.337, 0.342, 0.333, 0.347, 0.357, 0.369, 0.363, 0.362, 0.353, 0.349, 0.364, 0.378, 0.378, 0.409, 0.434, 0.427, 0.441, 0.443, 0.418, 0.413, 0.414, 0.423, 0.436, 0.437, 0.438, 0.431, 0.394, 0.395, 0.363, 0.362, 0.36, 0.356, 0.352, 0.365, 0.344, 0.334, 0.337, 0.344, 0.359, 0.375, 0.391, 0.397, 0.39, 0.387, 0.401, 0.397, 0.398, 0.401, 0.391, 0.414, 0.424, 0.415, 0.406, 0.376, 0.362, 0.343, 0.367, 0.308, 0.341, 0.329, 0.321, 0.322, 0.338, 0.353, 0.355, 0.329, 0.313, 0.3, 0.285, 0.284, 0.289, 0.274, 0.255, 0.248, 0.248, 0.241, 0.25, 0.247, 0.241, 0.237, 0.233, 0.238, 0.234, 0.234, 0.228, 0.229, 0.24, 0.239, 0.255, 0.245, 0.242, 0.251, 0.257, 0.255, 0.244, 0.24, 0.224, 0.228, 0.219, 0.201, 0.195, 0.182, 0.188, 0.177, 0.175, 0.175, 0.084, 0.112, 0.075, 0.077, 0.05, 0.035, 0.034, 0.021, 0.018, 0.024, 0.013, 0.013, 0.024, 0.054, 0.056, 0.035, 0.017, 0.017, 0.017, 0.018, 0.017, 0.015, 0.015, 0.018, 0.023, 0.028, 0.029, 0.026, 0.027, 0.033
precipitation[0][115], 0.299, 0.293, 0.293, 0.283, 0.268, 0.267, 0.265, 0.271, 0.276, 0.263, 0.258, 0.262, 0.262, 0.252, 0.256, 0.258, 0.251, 0.254, 0.257, 0.259, 0.255, 0.264, 0.29, 0.284, 0.287, 0.284, 0.286, 0.292, 0.299, 0.29, 0.259, 0.255, 0.256, 0.265, 0.268, 0.269, 0.285, 0.294, 0.294, 0.296, 0.304, 0.305, 0.312, 0.31, 0.312, 0.31, 0.321, 0.334, 0.345, 0.348, 0.362, 0.35, 0.358, 0.35, 0.36, 0.375, 0.365, 0.356, 0.373, 0.378, 0.378, 0.382, 0.4, 0.425, 0.424, 0.431, 0.427, 0.417, 0.425, 0.425, 0.431, 0.448, 0.446, 0.445, 0.451, 0.397, 0.396, 0.373, 0.366, 0.374, 0.384, 0.386, 0.384, 0.372, 0.363, 0.355, 0.351, 0.369, 0.379, 0.389, 0.408, 0.411, 0.4, 0.39, 0.402, 0.399, 0.398, 0.381, 0.392, 0.41, 0.404, 0.402, 0.374, 0.343, 0.331, 0.325, 0.318, 0.33, 0.316, 0.318, 0.321, 0.339, 0.352, 0.373, 0.345, 0.332, 0.317, 0.288, 0.301, 0.277, 0.291, 0.264, 0.266, 0.26, 0.249, 0.238, 0.23, 0.225, 0.229, 0.236, 0.237, 0.229, 0.225, 0.23, 0.232, 0.244, 0.25, 0.249, 0.249, 0.254, 0.254, 0.258, 0.261, 0.251, 0.252, 0.243, 0.239, 0.22, 0.223, 0.213, 0.19, 0.187, 0.184, 0.174, 0.081, 0.119, 0.09, 0.107, 0.086, 0.051, 0.046, 0.019, 0.019, 0.028, 0.025, 0.012, 0.01, 0.015, 0.025, 0.033, 0.021, 0.012, 0.009, 0.016, 0.015, 0.014, 0.014, 0.014, 0.015, 0.021, 0.028, 0.029, 0.023, 0.024, 0.034
precipitation[0][116], 0.284, 0.276, 0.277, 0.278, 0.261, 0.258, 0.28, 0.269, 0.282, 0.261, 0.262, 0.26, 0.261, 0.256, 0.255, 0.252, 0.248, 0.248, 0.246, 0.251, 0.246, 0.251, 0.262, 0.267, 0.271, 0.265, 0.263, 0.265, 0.264, 0.25, 0.252, 0.239, 0.239, 0.249, 0.253, 0.256, 0.266, 0.279, 0.288, 0.282, 0.289, 0.295, 0.3, 0.298, 0.309, 0.305, 0.325, 0.34, 0.359, 0.361, 0.385, 0.371, 0.363, 0.351, 0.369, 0.401, 0.372, 0.375, 0.395, 0.384, 0.384, 0.398, 0.438, 0.435, 0.408, 0.392, 0.387, 0.392, 0.42, 0.432, 0.444, 0.447, 0.444, 0.432, 0.437, 0.412, 0.395, 0.352, 0.374, 0.362, 0.376, 0.407, 0.395, 0.38, 0.376, 0.352, 0.338, 0.362, 0.378, 0.404, 0.407, 0.404, 0.389, 0.377, 0.384, 0.381, 0.368, 0.385, 0.383, 0.399, 0.401, 0.387, 0.362, 0.34, 0.317, 0.32, 0.334, 0.323, 0.315, 0.309, 0.317, 0.325, 0.346, 0.382, 0.355, 0.353, 0.314, 0.292, 0.284, 0.284, 0.288, 0.272, 0.274, 0.27, 0.257, 0.236, 0.228, 0.225, 0.229, 0.236, 0.23, 0.224, 0.224, 0.225, 0.233, 0.247, 0.24, 0.245, 0.249, 0.249, 0.247, 0.255, 0.256, 0.237, 0.246, 0.252, 0.256, 0.229, 0.255, 0.207, 0.2, 0.192, 0.178, 0.051, 0.066, 0.109, 0.111, 0.125, 0.098, 0.081, 0.045, 0.025, 0.023, 0.036, 0.015, 0.008, 0.007, 0.009, 0.018, 0.016, 0.01, 0.01, 0.008, 0.011, 0.014, 0.014, 0.013, 0.013, 0.014, 0.022, 0.029, 0.034, 0.022, 0.024, 0.032
precipitation[0][117], 0.27, 0.264, 0.264, 0.262, 0.257, 0.249, 0.263, 0.255, 0.263, 0.267, 0.259, 0.249, 0.251, 0.251, 0.255, 0.241, 0.241, 0.239, 0.233, 0.234, 0.231, 0.237, 0.246, 0.247, 0.254, 0.25, 0.252, 0.25, 0.238, 0.232, 0.224, 0.217, 0.222, 0.233, 0.237, 0.237, 0.244, 0.26, 0.275, 0.271, 0.277, 0.288, 0.298, 0.294, 0.309, 0.299, 0.321, 0.331, 0.358, 0.362, 0.38, 0.38, 0.356, 0.348, 0.358, 0.385, 0.386, 0.38, 0.398, 0.402, 0.401, 0.396, 0.429, 0.417, 0.397, 0.386, 0.408, 0.408, 0.452, 0.433, 0.446, 0.43, 0.438, 0.438, 0.442, 0.42, 0.409, 0.386, 0.377, 0.388, 0.39, 0.399, 0.412, 0.416, 0.394, 0.387, 0.373, 0.402, 0.402, 0.422, 0.447, 0.436, 0.421, 0.402, 0.392, 0.381, 0.386, 0.397, 0.396, 0.402, 0.395, 0.385, 0.369, 0.356, 0.336, 0.323, 0.314, 0.318, 0.31, 0.312, 0.313, 0.331, 0.345, 0.381, 0.368, 0.377, 0.37, 0.344, 0.302, 0.289, 0.289, 0.281, 0.278, 0.262, 0.252, 0.23, 0.233, 0.241, 0.243, 0.239, 0.234, 0.222, 0.232, 0.236, 0.246, 0.25, 0.254, 0.26, 0.251, 0.245, 0.24, 0.24, 0.245, 0.238, 0.244, 0.26, 0.248, 0.234, 0.221, 0.21, 0.199, 0.194, 0.18, 0.057, 0.129, 0.084, 0.11, 0.091, 0.11, 0.065, 0.047, 0.037, 0.028, 0.023, 0.008, 0.007, 0.007, 0.006, 0.009, 0.009, 0.008, 0.009, 0.007, 0.008, 0.012, 0.016, 0.014, 0.014, 0.018, 0.023, 0.029, 0.031, 0.027, 0.043, 0.037
precipitation[0][118], 0.256, 0.252, 0.251, 0.251, 0.252, 0.24, 0.243, 0.245, 0.264, 0.257, 0.255, 0.249, 0.242, 0.237, 0.236, 0.234, 0.238, 0.234, 0.226, 0.224, 0.224, 0.226, 0.232, 0.23, 0.238, 0.241, 0.241, 0.233, 0.219, 0.221, 0.214, 0.201, 0.202, 0.214, 0.216, 0.227, 0.243, 0.247, 0.261, 0.261, 0.27, 0.28, 0.289, 0.291, 0.287, 0.294, 0.296, 0.317, 0.315, 0.343, 0.36, 0.358, 0.349, 0.351, 0.368, 0.404, 0.402, 0.373, 0.361, 0.379, 0.393, 0.408, 0.396, 0.397, 0.393, 0.397, 0.405, 0.407, 0.444, 0.447, 0.462, 0.444, 0.444, 0.447, 0.456, 0.423, 0.414, 0.399, 0.405, 0.419, 0.405, 0.401, 0.389, 0.395, 0.4, 0.406, 0.405, 0.424, 0.419, 0.441, 0.459, 0.457, 0.421, 0.405, 0.4, 0.389, 0.392, 0.399, 0.395, 0.4, 0.4, 0.375, 0.365, 0.348, 0.341, 0.337, 0.325, 0.325, 0.316, 0.324, 0.32, 0.333, 0.362, 0.382, 0.39, 0.382, 0.366, 0.349, 0.315, 0.306, 0.296, 0.295, 0.278, 0.255, 0.259, 0.246, 0.254, 0.256, 0.266, 0.253, 0.252, 0.259, 0.248, 0.261, 0.249, 0.269, 0.256, 0.26, 0.244, 0.246, 0.239, 0.243, 0.237, 0.238, 0.233, 0.258, 0.246, 0.214, 0.219, 0.215, 0.208, 0.198, 0.189, 0.06, 0.124, 0.138, 0.133, 0.101, 0.081, 0.059, 0.044, 0.041, 0.023, 0.015, 0.007, 0.006, 0.009, 0.005, 0.013, 0.008, 0.007, 0.01, 0.007, 0.01, 0.013, 0.015, 0.015, 0.014, 0.016, 0.033, 0.027, 0.031, 0.038, 0.039, 0.045
precipitation[0][119], 0.236, 0.233, 0.237, 0.235, 0.236, 0.227, 0.238, 0.236, 0.252, 0.256, 0.25, 0.246, 0.244, 0.236, 0.234, 0.23, 0.233, 0.228, 0.223, 0.217, 0.216, 0.216, 0.223, 0.221, 0.221, 0.226, 0.224, 0.212, 0.208, 0.21, 0.203, 0.197, 0.196, 0.209, 0.216, 0.225, 0.225, 0.237, 0.239, 0.248, 0.258, 0.276, 0.279, 0.283, 0.282, 0.281, 0.282, 0.29, 0.295, 0.309, 0.321, 0.331, 0.339, 0.342, 0.352, 0.377, 0.375, 0.366, 0.347, 0.372, 0.394, 0.437, 0.411, 0.407, 0.408, 0.399, 0.42, 0.407, 0.455, 0.459, 0.463, 0.461, 0.453, 0.446, 0.43, 0.407, 0.419, 0.414, 0.439, 0.451, 0.424, 0.405, 0.386, 0.383, 0.388, 0.43, 0.41, 0.429, 0.443, 0.454, 0.468, 0.455, 0.447, 0.434, 0.431, 0.424, 0.419, 0.41, 0.404, 0.414, 0.414, 0.402, 0.386, 0.359, 0.354, 0.354, 0.351, 0.339, 0.345, 0.321, 0.328, 0.337, 0.368, 0.391, 0.402, 0.407, 0.431, 0.375, 0.328, 0.335, 0.31, 0.301, 0.269, 0.263, 0.27, 0.27, 0.256, 0.255, 0.258, 0.257, 0.266, 0.271, 0.268, 0.25, 0.246, 0.246, 0.253, 0.257, 0.244, 0.238, 0.239, 0.245, 0.254, 0.244, 0.238, 0.265, 0.252, 0.223, 0.223, 0.219, 0.222, 0.203, 0.187, 0.046, 0.068, 0.139, 0.165, 0.106, 0.072, 0.061, 0.051, 0.047, 0.021, 0.014, 0.012, 0.013, 0.012, 0.007, 0.011, 0.008, 0.007, 0.009, 0.008, 0.009, 0.013, 0.014, 0.013, 0.016, 0.026, 0.021, 0.026, 0.029, 0.031, 0.033, 0.033
precipitation[0][120], 0.227, 0.222, 0.221, 0.234, 0.228, 0.234, 0.24, 0.245, 0.253, 0.255, 0.248, 0.245, 0.235, 0.23, 0.237, 0.224, 0.223, 0.223, 0.218, 0.214, 0.206, 0.211, 0.209, 0.208, 0.21, 0.21, 0.206, 0.194, 0.198, 0.197, 0.194, 0.186, 0.189, 0.2, 0.202, 0.213, 0.216, 0.222, 0.229, 0.24, 0.242, 0.271, 0.27, 0.261, 0.262, 0.263, 0.268, 0.274, 0.275, 0.287, 0.295, 0.298, 0.31, 0.335, 0.353, 0.363, 0.368, 0.373, 0.371, 0.383, 0.404, 0.444, 0.41, 0.415, 0.413, 0.413, 0.421, 0.42, 0.446, 0.44, 0.458, 0.45, 0.457, 0.444, 0.415, 0.397, 0.415, 0.409, 0.456, 0.484, 0.452, 0.43, 0.4, 0.371, 0.397, 0.419, 0.43, 0.432, 0.451, 0.461, 0.479, 0.49, 0.484, 0.459, 0.477, 0.456, 0.458, 0.45, 0.431, 0.43, 0.435, 0.456, 0.486, 0.401, 0.377, 0.37, 0.371, 0.358, 0.362, 0.38, 0.364, 0.363, 0.373, 0.39, 0.402, 0.422, 0.401, 0.362, 0.35, 0.344, 0.309, 0.296, 0.278, 0.271, 0.275, 0.271, 0.264, 0.244, 0.251, 0.271, 0.281, 0.291, 0.285, 0.259, 0.245, 0.248, 0.256, 0.252, 0.241, 0.242, 0.237, 0.244, 0.261, 0.239, 0.231, 0.275, 0.257, 0.232, 0.22, 0.216, 0.225, 0.217, 0.197, 0.051, 0.077, 0.126, 0.14, 0.076, 0.075, 0.062, 0.042, 0.019, 0.022, 0.016, 0.018, 0.018, 0.02, 0.014, 0.007, 0.006, 0.007, 0.008, 0.008, 0.008, 0.012, 0.014, 0.013, 0.025, 0.018, 0.02, 0.024, 0.036, 0.04, 0.034, 0.028
precipitation[0][121], 0.242, 0.233, 0.225, 0.222, 0.225, 0.232, 0.243, 0.248, 0.246, 0.254, 0.253, 0.246, 0.237, 0.242, 0.235, 0.219, 0.215, 0.217, 0.212, 0.207, 0.201, 0.203, 0.198, 0.199, 0.197, 0.197, 0.186, 0.184, 0.182, 0.188, 0.181, 0.178, 0.179, 0.185, 0.189, 0.201, 0.211, 0.216, 0.231, 0.241, 0.241, 0.267, 0.277, 0.266, 0.26, 0.265, 0.271, 0.271, 0.265, 0.274, 0.272, 0.278, 0.298, 0.318, 0.363, 0.366, 0.352, 0.359, 0.362, 0.402, 0.401, 0.394, 0.415, 0.426, 0.43, 0.431, 0.43, 0.418, 0.438, 0.431, 0.442, 0.445, 0.438, 0.432, 0.414, 0.399, 0.428, 0.421, 0.467, 0.501, 0.491, 0.473, 0.438, 0.397, 0.387, 0.422, 0.443, 0.457, 0.464, 0.484, 0.486, 0.482, 0.524, 0.524, 0.514, 0.488, 0.501, 0.464, 0.449, 0.454, 0.471, 0.452, 0.424, 0.431, 0.414, 0.403, 0.378, 0.386, 0.386, 0.375, 0.39, 0.402, 0.424, 0.436, 0.45, 0.461, 0.396, 0.43, 0.366, 0.339, 0.319, 0.307, 0.292, 0.286, 0.265, 0.262, 0.249, 0.247, 0.266, 0.28, 0.276, 0.275, 0.281, 0.268, 0.244, 0.239, 0.251, 0.258, 0.244, 0.235, 0.24, 0.244, 0.248, 0.235, 0.233, 0.239, 0.24, 0.232, 0.217, 0.215, 0.245, 0.227, 0.196, 0.051, 0.078, 0.111, 0.094, 0.07, 0.053, 0.045, 0.034, 0.017, 0.018, 0.018, 0.021, 0.014, 0.016, 0.011, 0.01, 0.007, 0.008, 0.009, 0.008, 0.01, 0.013, 0.016, 0.015, 0.025, 0.015, 0.026, 0.026, 0.034, 0.033, 0.026, 0.036
precipitation[0][122], 0.239, 0.237, 0.229, 0.228, 0.233, 0.23, 0.231, 0.235, 0.235, 0.255, 0.25, 0.25, 0.242, 0.234, 0.231, 0.217, 0.208, 0.213, 0.201, 0.196, 0.194, 0.194, 0.191, 0.193, 0.191, 0.19, 0.196, 0.184, 0.185, 0.19, 0.187, 0.18, 0.175, 0.175, 0.181, 0.196, 0.215, 0.222, 0.236, 0.258, 0.253, 0.27, 0.274, 0.273, 0.272, 0.277, 0.271, 0.271, 0.263, 0.265, 0.257, 0.264, 0.279, 0.316, 0.349, 0.361, 0.355, 0.347, 0.372, 0.382, 0.379, 0.368, 0.396, 0.455, 0.442, 0.424, 0.448, 0.416, 0.417, 0.415, 0.42, 0.427, 0.426, 0.417, 0.406, 0.416, 0.434, 0.454, 0.499, 0.552, 0.542, 0.534, 0.51, 0.418, 0.403, 0.467, 0.472, 0.467, 0.499, 0.465, 0.463, 0.454, 0.459, 0.483, 0.483, 0.506, 0.513, 0.479, 0.483, 0.516, 0.501, 0.475, 0.447, 0.441, 0.431, 0.414, 0.378, 0.405, 0.401, 0.4, 0.406, 0.415, 0.431, 0.428, 0.436, 0.416, 0.415, 0.415, 0.379, 0.336, 0.322, 0.31, 0.3, 0.279, 0.262, 0.241, 0.23, 0.22, 0.224, 0.249, 0.268, 0.265, 0.257, 0.278, 0.245, 0.232, 0.245, 0.256, 0.238, 0.23, 0.229, 0.239, 0.236, 0.221, 0.238, 0.237, 0.236, 0.231, 0.217, 0.209, 0.222, 0.21, 0.205, 0.205, 0.077, 0.092, 0.096, 0.054, 0.036, 0.032, 0.023, 0.013, 0.017, 0.012, 0.023, 0.016, 0.013, 0.007, 0.013, 0.012, 0.01, 0.009, 0.007, 0.008, 0.012, 0.015, 0.021, 0.027, 0.016, 0.024, 0.03, 0.037, 0.036, 0.038, 0.038
precipitation[0][123], 0.243, 0.245, 0.234, 0.246, 0.24, 0.24, 0.226, 0.224, 0.232, 0.244, 0.244, 0.251, 0.245, 0.24, 0.232, 0.216, 0.207, 0.2, 0.197, 0.19, 0.188, 0.194, 0.191, 0.188, 0.188, 0.195, 0.193, 0.185, 0.184, 0.18, 0.192, 0.182, 0.178, 0.183, 0.197, 0.199, 0.209, 0.235, 0.25, 0.257, 0.247, 0.255, 0.271, 0.284, 0.28, 0.287, 0.273, 0.265, 0.263, 0.256, 0.248, 0.25, 0.308, 0.327, 0.312, 0.344, 0.357, 0.334, 0.374, 0.383, 0.341, 0.366, 0.368, 0.412, 0.424, 0.434, 0.421, 0.414, 0.418, 0.419, 0.407, 0.418, 0.394, 0.406, 0.42, 0.435, 0.454, 0.476, 0.516, 0.565, 0.526, 0.488, 0.478, 0.453, 0.431, 0.447, 0.488, 0.453, 0.459, 0.479, 0.45, 0.424, 0.431, 0.463, 0.495, 0.485, 0.489, 0.474, 0.459, 0.487, 0.465, 0.466, 0.455, 0.454, 0.434, 0.441, 0.452, 0.402, 0.416, 0.404, 0.412, 0.4, 0.416, 0.408, 0.397, 0.395, 0.411, 0.363, 0.344, 0.318, 0.323, 0.319, 0.306, 0.272, 0.252, 0.231, 0.226, 0.219, 0.222, 0.236, 0.25, 0.241, 0.258, 0.27, 0.247, 0.226, 0.233, 0.227, 0.216, 0.22, 0.226, 0.233, 0.226, 0.21, 0.218, 0.226, 0.226, 0.218, 0.215, 0.212, 0.215, 0.204, 0.203, 0.19, 0.066, 0.052, 0.043, 0.033, 0.032, 0.029, 0.028, 0.022, 0.013, 0.011, 0.016, 0.018, 0.01, 0.007, 0.009, 0.01, 0.009, 0.009, 0.008, 0.009, 0.015, 0.014, 0.019, 0.031, 0.021, 0.03, 0.028, 0.041, 0.046, 0.043, 0.046
precipitation[0][124], 0.292, 0.277, 0.265, 0.243, 0.236, 0.229, 0.22, 0.225, 0.228, 0.245, 0.244, 0.245, 0.231, 0.239, 0.223, 0.21, 0.206, 0.199, 0.192, 0.189, 0.186, 0.187, 0.188, 0.183, 0.187, 0.191, 0.192, 0.178, 0.183, 0.183, 0.19, 0.17, 0.173, 0.184, 0.197, 0.197, 0.203, 0.237, 0.252, 0.266, 0.248, 0.273, 0.296, 0.28, 0.299, 0.312, 0.293, 0.294, 0.273, 0.248, 0.238, 0.25, 0.269, 0.305, 0.316, 0.339, 0.334, 0.317, 0.331, 0.342, 0.308, 0.35, 0.378, 0.393, 0.422, 0.424, 0.419, 0.411, 0.412, 0.404, 0.399, 0.418, 0.398, 0.422, 0.44, 0.451, 0.469, 0.499, 0.511, 0.531, 0.514, 0.476, 0.495, 0.488, 0.459, 0.449, 0.483, 0.462, 0.457, 0.463, 0.439, 0.428, 0.461, 0.471, 0.514, 0.472, 0.498, 0.505, 0.475, 0.464, 0.46, 0.483, 0.473, 0.454, 0.462, 0.491, 0.431, 0.417, 0.406, 0.412, 0.429, 0.421, 0.408, 0.401, 0.399, 0.379, 0.372, 0.371, 0.342, 0.339, 0.338, 0.329, 0.307, 0.274, 0.26, 0.257, 0.242, 0.239, 0.24, 0.236, 0.237, 0.231, 0.246, 0.26, 0.243, 0.226, 0.222, 0.22, 0.213, 0.213, 0.22, 0.228, 0.226, 0.204, 0.209, 0.221, 0.219, 0.206, 0.211, 0.206, 0.209, 0.208, 0.201, 0.191, 0.061, 0.05, 0.043, 0.027, 0.029, 0.032, 0.03, 0.028, 0.019, 0.016, 0.021, 0.016, 0.011, 0.009, 0.009, 0.008, 0.008, 0.008, 0.007, 0.009, 0.014, 0.013, 0.013, 0.035, 0.02, 0.036, 0.036, 0.05, 0.056, 0.049, 0.049
precipitation[0][125], 0.278, 0.286, 0.266, 0.262, 0.239, 0.223, 0.22, 0.232, 0.237, 0.239, 0.238, 0.231, 0.222, 0.221, 0.225, 0.221, 0.215, 0.198, 0.191, 0.186, 0.186, 0.185, 0.187, 0.186, 0.188, 0.182, 0.19, 0.177, 0.174, 0.182, 0.186, 0.177, 0.174, 0.207, 0.219, 0.215, 0.201, 0.221, 0.244, 0.27, 0.251, 0.259, 0.395, 0.315, 0.307, 0.31, 0.332, 0.295, 0.279, 0.269, 0.248, 0.243, 0.263, 0.293, 0.32, 0.309, 0.301, 0.305, 0.307, 0.314, 0.29, 0.299, 0.291, 0.334, 0.383, 0.395, 0.38, 0.384, 0.395, 0.384, 0.385, 0.405, 0.395, 0.418, 0.427, 0.453, 0.463, 0.508, 0.468, 0.5, 0.456, 0.458, 0.49, 0.478, 0.47, 0.446, 0.443, 0.446, 0.458, 0.464, 0.453, 0.418, 0.429, 0.456, 0.495, 0.484, 0.46, 0.459, 0.443, 0.422, 0.419, 0.449, 0.436, 0.445, 0.445, 0.444, 0.425, 0.409, 0.398, 0.401, 0.425, 0.411, 0.398, 0.413, 0.397, 0.391, 0.395, 0.379, 0.363, 0.341, 0.362, 0.355, 0.336, 0.28, 0.271, 0.263, 0.248, 0.248, 0.245, 0.234, 0.222, 0.228, 0.238, 0.26, 0.251, 0.25, 0.22, 0.21, 0.208, 0.205, 0.21, 0.222, 0.213, 0.204, 0.217, 0.215, 0.217, 0.195, 0.206, 0.208, 0.219, 0.215, 0.208, 0.201, 0.046, 0.07, 0.028, 0.046, 0.038, 0.037, 0.038, 0.031, 0.02, 0.012, 0.021, 0.009, 0.009, 0.012, 0.017, 0.012, 0.01, 0.012, 0.011, 0.008, 0.012, 0.013, 0.013, 0.038, 0.023, 0.037, 0.048, 0.055, 0.096, 0.073, 0.058
precipitation[0][126], 0.309, 0.279, 0.251, 0.256, 0.247, 0.23, 0.223, 0.226, 0.229, 0.238, 0.229, 0.219, 0.221, 0.217, 0.224, 0.227, 0.222, 0.194, 0.185, 0.186, 0.185, 0.185, 0.184, 0.185, 0.182, 0.181, 0.181, 0.187, 0.186, 0.182, 0.178, 0.171, 0.178, 0.184, 0.192, 0.195, 0.206, 0.245, 0.246, 0.275, 0.253, 0.295, 0.328, 0.299, 0.301, 0.297, 0.277, 0.292, 0.3, 0.258, 0.249, 0.254, 0.265, 0.287, 0.289, 0.298, 0.293, 0.288, 0.292, 0.304, 0.297, 0.307, 0.284, 0.336, 0.379, 0.395, 0.383, 0.386, 0.404, 0.373, 0.37, 0.392, 0.386, 0.439, 0.443, 0.462, 0.48, 0.485, 0.463, 0.495, 0.488, 0.51, 0.511, 0.54, 0.457, 0.442, 0.442, 0.459, 0.474, 0.456, 0.454, 0.418, 0.415, 0.415, 0.441, 0.43, 0.431, 0.411, 0.39, 0.387, 0.376, 0.403, 0.424, 0.449, 0.44, 0.45, 0.457, 0.436, 0.419, 0.417, 0.41, 0.406, 0.392, 0.395, 0.4, 0.382, 0.393, 0.392, 0.366, 0.366, 0.403, 0.382, 0.36, 0.314, 0.287, 0.272, 0.259, 0.252, 0.246, 0.235, 0.223, 0.222, 0.222, 0.232, 0.225, 0.219, 0.208, 0.211, 0.201, 0.2, 0.212, 0.204, 0.205, 0.216, 0.216, 0.223, 0.23, 0.202, 0.204, 0.207, 0.23, 0.213, 0.211, 0.207, 0.043, 0.026, 0.033, 0.047, 0.036, 0.04, 0.054, 0.034, 0.024, 0.014, 0.015, 0.021, 0.018, 0.014, 0.016, 0.012, 0.012, 0.011, 0.011, 0.009, 0.009, 0.011, 0.013, 0.035, 0.028, 0.036, 0.054, 0.069, 0.092, 0.095, 0.074
precipitation[0][127], 0.282, 0.27, 0.254, 0.239, 0.248, 0.256, 0.25, 0.25, 0.243, 0.241, 0.225, 0.229, 0.234, 0.241, 0.243, 0.249, 0.231, 0.197, 0.19, 0.188, 0.186, 0.18, 0.181, 0.183, 0.181, 0.183, 0.177, 0.188, 0.176, 0.167, 0.175, 0.165, 0.164, 0.171, 0.179, 0.185, 0.207, 0.221, 0.248, 0.284, 0.251, 0.264, 0.285, 0.309, 0.27, 0.269, 0.269, 0.293, 0.288, 0.262, 0.247, 0.255, 0.256, 0.275, 0.286, 0.28, 0.267, 0.266, 0.374, 0.299, 0.263, 0.266, 0.265, 0.305, 0.353, 0.379, 0.354, 0.359, 0.362, 0.378, 0.385, 0.407, 0.4, 0.419, 0.441, 0.455, 0.47, 0.476, 0.441, 0.486, 0.498, 0.54, 0.521, 0.548, 0.446, 0.443, 0.459, 0.458, 0.466, 0.468, 0.463, 0.424, 0.416, 0.41, 0.414, 0.373, 0.353, 0.349, 0.352, 0.373, 0.371, 0.394, 0.395, 0.47, 0.468, 0.474, 0.461, 0.41, 0.403, 0.392, 0.416, 0.418, 0.409, 0.391, 0.379, 0.384, 0.412, 0.382, 0.363, 0.372, 0.39, 0.39, 0.392, 0.34, 0.304, 0.288, 0.264, 0.253, 0.237, 0.224, 0.221, 0.23, 0.21, 0.215, 0.212, 0.205, 0.209, 0.196, 0.188, 0.183, 0.188, 0.188, 0.192, 0.198, 0.205, 0.201, 0.205, 0.224, 0.201, 0.214, 0.212, 0.215, 0.222, 0.205, 0.033, 0.017, 0.023, 0.039, 0.034, 0.045, 0.039, 0.023, 0.028, 0.018, 0.026, 0.026, 0.019, 0.023, 0.018, 0.012, 0.011, 0.011, 0.011, 0.009, 0.009, 0.019, 0.015, 0.029, 0.029, 0.043, 0.057, 0.091, 0.095, 0.214, 0.17
precipitation[0][128], 0.304, 0.273, 0.254, 0.263, 0.255, 0.23, 0.229, 0.249, 0.25, 0.237, 0.227, 0.219, 0.221, 0.232, 0.233, 0.224, 0.212, 0.2, 0.19, 0.188, 0.195, 0.188, 0.175, 0.179, 0.173, 0.174, 0.175, 0.171, 0.165, 0.162, 0.158, 0.152, 0.162, 0.164, 0.185, 0.179, 0.194, 0.224, 0.245, 0.283, 0.25, 0.247, 0.245, 0.27, 0.277, 0.25, 0.25, 0.284, 0.272, 0.278, 0.253, 0.252, 0.254, 0.26, 0.264, 0.267, 0.26, 0.28, 0.398, 0.276, 0.246, 0.241, 0.254, 0.281, 0.32, 0.335, 0.39, 0.362, 0.368, 0.381, 0.378, 0.403, 0.406, 0.41, 0.439, 0.444, 0.45, 0.465, 0.465, 0.488, 0.495, 0.511, 0.538, 0.532, 0.421, 0.432, 0.471, 0.458, 0.458, 0.473, 0.494, 0.481, 0.463, 0.434, 0.408, 0.372, 0.355, 0.341, 0.347, 0.362, 0.378, 0.414, 0.413, 0.438, 0.436, 0.45, 0.464, 0.399, 0.389, 0.38, 0.386, 0.414, 0.438, 0.373, 0.372, 0.377, 0.383, 0.396, 0.361, 0.375, 0.38, 0.413, 0.419, 0.365, 0.336, 0.316, 0.287, 0.263, 0.23, 0.227, 0.221, 0.232, 0.228, 0.229, 0.232, 0.21, 0.186, 0.19, 0.183, 0.18, 0.176, 0.175, 0.183, 0.186, 0.193, 0.196, 0.204, 0.202, 0.209, 0.212, 0.211, 0.212, 0.214, 0.203, 0.035, 0.035, 0.039, 0.039, 0.025, 0.045, 0.036, 0.026, 0.023, 0.018, 0.028, 0.023, 0.021, 0.021, 0.019, 0.015, 0.015, 0.016, 0.015, 0.011, 0.012, 0.017, 0.019, 0.031, 0.03, 0.048, 0.065, 0.103, 0.144, 0.248, 0.122
precipitation[0][129], 0.255, 0.245, 0.253, 0.272, 0.249, 0.251, 0.256, 0.263, 0.254, 0.238, 0.227, 0.215, 0.222, 0.233, 0.23, 0.217, 0.208, 0.206, 0.197, 0.18, 0.178, 0.181, 0.166, 0.174, 0.168, 0.171, 0.171, 0.165, 0.161, 0.157, 0.157, 0.152, 0.158, 0.162, 0.168, 0.175, 0.193, 0.215, 0.236, 0.26, 0.231, 0.243, 0.244, 0.246, 0.241, 0.243, 0.239, 0.257, 0.265, 0.252, 0.249, 0.237, 0.243, 0.248, 0.251, 0.266, 0.279, 0.279, 0.268, 0.252, 0.241, 0.236, 0.244, 0.29, 0.32, 0.342, 0.354, 0.349, 0.366, 0.368, 0.383, 0.418, 0.416, 0.424, 0.421, 0.43, 0.439, 0.438, 0.432, 0.47, 0.496, 0.528, 0.532, 0.542, 0.437, 0.422, 0.443, 0.44, 0.424, 0.479, 0.478, 0.474, 0.464, 0.413, 0.399, 0.369, 0.347, 0.355, 0.367, 0.376, 0.389, 0.415, 0.435, 0.434, 0.426, 0.422, 0.44, 0.399, 0.399, 0.379, 0.385, 0.391, 0.395, 0.412, 0.375, 0.363, 0.362, 0.406, 0.401, 0.385, 0.386, 0.408, 0.421, 0.386, 0.374, 0.35, 0.325, 0.273, 0.235, 0.229, 0.22, 0.226, 0.231, 0.228, 0.217, 0.204, 0.193, 0.187, 0.184, 0.171, 0.17, 0.169, 0.175, 0.176, 0.188, 0.189, 0.191, 0.215, 0.211, 0.202, 0.208, 0.202, 0.206, 0.202, 0.195, 0.026, 0.021, 0.029, 0.03, 0.052, 0.039, 0.033, 0.024, 0.027, 0.024, 0.024, 0.024, 0.025, 0.02, 0.02, 0.019, 0.021, 0.02, 0.017, 0.019, 0.024, 0.026, 0.04, 0.028, 0.042, 0.054, 0.104, 0.212, 0.235, 0.16
precipitation[0][130], 0.255, 0.247, 0.276, 0.253, 0.249, 0.24, 0.222, 0.233, 0.237, 0.226, 0.217, 0.213, 0.208, 0.223, 0.229, 0.216, 0.207, 0.208, 0.195, 0.174, 0.18, 0.187, 0.178, 0.172, 0.168, 0.162, 0.158, 0.157, 0.156, 0.154, 0.152, 0.15, 0.154, 0.158, 0.168, 0.177, 0.197, 0.218, 0.244, 0.262, 0.225, 0.241, 0.247, 0.248, 0.238, 0.228, 0.226, 0.237, 0.238, 0.232, 0.245, 0.243, 0.24, 0.251, 0.252, 0.245, 0.241, 0.261, 0.245, 0.224, 0.215, 0.266, 0.269, 0.287, 0.35, 0.385, 0.362, 0.351, 0.356, 0.347, 0.34, 0.372, 0.4, 0.413, 0.407, 0.413, 0.407, 0.445, 0.438, 0.477, 0.526, 0.553, 0.545, 0.495, 0.435, 0.433, 0.43, 0.437, 0.43, 0.454, 0.433, 0.435, 0.439, 0.428, 0.411, 0.367, 0.378, 0.372, 0.382, 0.39, 0.413, 0.435, 0.419, 0.422, 0.423, 0.38, 0.388, 0.362, 0.368, 0.355, 0.369, 0.365, 0.37, 0.364, 0.362, 0.349, 0.342, 0.362, 0.374, 0.407, 0.393, 0.406, 0.422, 0.43, 0.4, 0.405, 0.342, 0.282, 0.273, 0.243, 0.22, 0.219, 0.214, 0.214, 0.211, 0.205, 0.192, 0.184, 0.179, 0.17, 0.166, 0.171, 0.176, 0.177, 0.186, 0.183, 0.191, 0.208, 0.21, 0.198, 0.204, 0.206, 0.207, 0.204, 0.199, 0.049, 0.019, 0.026, 0.031, 0.063, 0.097, 0.035, 0.029, 0.029, 0.026, 0.027, 0.028, 0.029, 0.029, 0.03, 0.026, 0.035, 0.023, 0.021, 0.02, 0.02, 0.026, 0.029, 0.027, 0.031, 0.037, 0.068, 0.12, 0.146, 0.119
precipitation[0][131], 0.265, 0.259, 0.285, 0.253, 0.25, 0.24, 0.234, 0.242, 0.233, 0.214, 0.211, 0.209, 0.208, 0.22, 0.233, 0.223, 0.224, 0.202, 0.181, 0.179, 0.185, 0.198, 0.174, 0.18, 0.172, 0.168, 0.161, 0.156, 0.155, 0.153, 0.156, 0.162, 0.163, 0.166, 0.183, 0.195, 0.209, 0.234, 0.252, 0.255, 0.242, 0.251, 0.245, 0.251, 0.234, 0.239, 0.226, 0.221, 0.222, 0.221, 0.227, 0.241, 0.239, 0.227, 0.234, 0.23, 0.235, 0.229, 0.245, 0.221, 0.221, 0.289, 0.254, 0.271, 0.317, 0.369, 0.372, 0.375, 0.358, 0.328, 0.322, 0.352, 0.375, 0.4, 0.379, 0.389, 0.384, 0.43, 0.43, 0.458, 0.495, 0.527, 0.513, 0.489, 0.453, 0.432, 0.443, 0.421, 0.429, 0.456, 0.421, 0.457, 0.439, 0.425, 0.418, 0.387, 0.39, 0.365, 0.394, 0.381, 0.41, 0.426, 0.397, 0.374, 0.373, 0.36, 0.353, 0.356, 0.361, 0.348, 0.367, 0.376, 0.377, 0.389, 0.383, 0.389, 0.382, 0.374, 0.374, 0.419, 0.407, 0.402, 0.425, 0.411, 0.42, 0.386, 0.364, 0.283, 0.257, 0.286, 0.238, 0.237, 0.205, 0.208, 0.215, 0.206, 0.185, 0.175, 0.177, 0.168, 0.163, 0.17, 0.179, 0.192, 0.202, 0.188, 0.197, 0.212, 0.213, 0.195, 0.203, 0.205, 0.203, 0.199, 0.19, 0.033, 0.028, 0.028, 0.041, 0.065, 0.071, 0.054, 0.039, 0.051, 0.041, 0.038, 0.034, 0.035, 0.042, 0.036, 0.042, 0.038, 0.021, 0.022, 0.022, 0.027, 0.026, 0.027, 0.028, 0.032, 0.036, 0.05, 0.089, 0.114, 0.102
precipitation[0][132], 0.259, 0.261, 0.248, 0.229, 0.226, 0.23, 0.233, 0.235, 0.228, 0.215, 0.206, 0.203, 0.209, 0.209, 0.226, 0.225, 0.224, 0.201, 0.186, 0.181, 0.191, 0.191, 0.191, 0.193, 0.187, 0.177, 0.175, 0.171, 0.161, 0.164, 0.163, 0.17, 0.176, 0.179, 0.189, 0.213, 0.23, 0.247, 0.252, 0.253, 0.267, 0.263, 0.262, 0.246, 0.247, 0.274, 0.236, 0.219, 0.211, 0.214, 0.222, 0.234, 0.248, 0.228, 0.231, 0.235, 0.23, 0.243, 0.25, 0.253, 0.241, 0.268, 0.261, 0.272, 0.271, 0.308, 0.352, 0.366, 0.427, 0.341, 0.328, 0.38, 0.357, 0.363, 0.355, 0.368, 0.392, 0.431, 0.404, 0.415, 0.453, 0.503, 0.499, 0.472, 0.475, 0.483, 0.452, 0.431, 0.434, 0.446, 0.463, 0.453, 0.437, 0.399, 0.382, 0.368, 0.355, 0.374, 0.408, 0.4, 0.397, 0.395, 0.368, 0.367, 0.337, 0.349, 0.331, 0.328, 0.337, 0.341, 0.39, 0.398, 0.387, 0.412, 0.423, 0.4, 0.39, 0.363, 0.339, 0.373, 0.414, 0.368, 0.389, 0.397, 0.361, 0.355, 0.379, 0.31, 0.336, 0.29, 0.257, 0.22, 0.209, 0.205, 0.215, 0.21, 0.19, 0.178, 0.173, 0.164, 0.161, 0.162, 0.173, 0.185, 0.194, 0.183, 0.197, 0.21, 0.225, 0.193, 0.193, 0.197, 0.198, 0.193, 0.05, 0.049, 0.039, 0.045, 0.049, 0.074, 0.057, 0.048, 0.053, 0.059, 0.063, 0.058, 0.051, 0.038, 0.041, 0.036, 0.044, 0.042, 0.025, 0.018, 0.02, 0.027, 0.031, 0.037, 0.029, 0.034, 0.04, 0.064, 0.103, 0.119, 0.102
