Dataset: 3B-MO.MS.MRG.3IMERG.20030301-S000000-E235959.03.V07B.HDF5
precipitation[0][0], 0.246, 0.256, 0.26, 0.256, 0.246, 0.237, 0.227, 0.22, 0.214, 0.206, 0.2, 0.193, 0.186, 0.185, 0.187, 0.19, 0.191, 0.192, 0.193, 0.195, 0.196, 0.197, 0.206, 0.219, 0.232, 0.246, 0.261, 0.275, 0.287, 0.301, 0.314, 0.327, 0.336, 0.337, 0.34, 0.343, 0.348, 0.351, 0.354, 0.356, 0.357, 0.36, 0.36, 0.359, 0.358, 0.355, 0.353, 0.349, 0.349, 0.348, 0.345, 0.343, 0.34, 0.338, 0.334, 0.332, 0.331, 0.328, 0.176, 0.214, 0.246, 0.296, 0.334, 0.356, 0.36, 0.394, 0.361, 0.342, 0.311, 0.276, 0.257, 0.255, 0.252, 0.245, 0.208, 0.207, 0.208, 0.178, 0.126, 0.116, 0.111, 0.106, 0.112, 0.1, 0.09, 0.059, 0.061, 0.048, 0.031, 0.041, 0.049, 0.045, 0.047, 0.043, 0.028, 0.018, 0.013, 0.012, 0.008, 0.005, 0.007, 0.01, 0.012, 0.009, 0.008, 0.011, 0.004, 0.006, 0.005, 0.003, 0.002, 0.002, 0.003, 0.006, 0.007, 0.008, 0.003, 0, 0, 0, 0, 0, 0.001, 0.001, 0.005, 0.005, 0.006, 0.003, 0.004, 0.007, 0.007, 0.01, 0.007, 0.002, 0.002, 0.014, 0.014, 0.015, 0.014, 0.014, 0.015, 0.014, 0.015, 0.015, 0.006, 0.005, 0.01, 0.013, 0.014, 0.023, 0.019, 0.02, 0.01, 0.008, 0.008, 0.008, 0.008, 0.01, 0.015, 0.024, 0.007, 0.008, 0.005, 0.003, 0.006, 0.002, 0.003, 0.005, 0.008, 0.011, 0.01, 0.004, 0.002, 0.004, 0.002, 0.013, 0.013, 0.007, 0.003, 0.002, 0.005, 0.005, 0.003, 0.005, 0.007
precipitation[0][1], 0.256, 0.263, 0.267, 0.26, 0.251, 0.242, 0.234, 0.228, 0.22, 0.213, 0.206, 0.199, 0.191, 0.189, 0.192, 0.195, 0.195, 0.196, 0.196, 0.198, 0.2, 0.201, 0.208, 0.223, 0.236, 0.25, 0.263, 0.276, 0.289, 0.303, 0.316, 0.33, 0.338, 0.341, 0.343, 0.346, 0.351, 0.355, 0.359, 0.362, 0.363, 0.364, 0.365, 0.363, 0.361, 0.359, 0.356, 0.352, 0.351, 0.349, 0.345, 0.345, 0.342, 0.339, 0.334, 0.332, 0.33, 0.325, 0.181, 0.218, 0.266, 0.339, 0.343, 0.341, 0.364, 0.343, 0.385, 0.366, 0.366, 0.301, 0.262, 0.292, 0.264, 0.261, 0.198, 0.199, 0.172, 0.155, 0.13, 0.136, 0.139, 0.133, 0.116, 0.096, 0.083, 0.06, 0.039, 0.041, 0.035, 0.056, 0.042, 0.041, 0.053, 0.038, 0.034, 0.029, 0.017, 0.019, 0.014, 0.011, 0.011, 0.012, 0.014, 0.012, 0.008, 0.009, 0.007, 0.01, 0.009, 0.006, 0.004, 0.003, 0.003, 0.006, 0.008, 0.008, 0.005, 0.001, 0, 0, 0, 0, 0, 0.001, 0.005, 0.006, 0.006, 0.003, 0.004, 0.004, 0.007, 0.009, 0.013, 0.008, 0.002, 0.01, 0.012, 0.012, 0.012, 0.012, 0.013, 0.013, 0.014, 0.013, 0.019, 0.009, 0.007, 0.013, 0.017, 0.035, 0.032, 0.014, 0.008, 0.007, 0.007, 0.007, 0.006, 0.01, 0.012, 0.025, 0.014, 0.006, 0.002, 0.001, 0.004, 0.005, 0.005, 0.008, 0.006, 0.007, 0.003, 0.007, 0.003, 0.002, 0.002, 0.008, 0.009, 0.012, 0.007, 0.003, 0.003, 0.006, 0.006, 0.007, 0.009
precipitation[0][2], 0.251, 0.255, 0.256, 0.251, 0.243, 0.239, 0.23, 0.22, 0.212, 0.205, 0.198, 0.19, 0.185, 0.184, 0.187, 0.19, 0.191, 0.191, 0.193, 0.195, 0.197, 0.198, 0.205, 0.217, 0.23, 0.243, 0.256, 0.266, 0.278, 0.291, 0.302, 0.315, 0.325, 0.327, 0.331, 0.335, 0.341, 0.344, 0.348, 0.35, 0.352, 0.355, 0.355, 0.351, 0.35, 0.347, 0.346, 0.344, 0.34, 0.338, 0.331, 0.333, 0.33, 0.333, 0.33, 0.328, 0.328, 0.324, 0.316, 0.216, 0.281, 0.334, 0.345, 0.319, 0.301, 0.263, 0.303, 0.437, 0.38, 0.377, 0.29, 0.255, 0.294, 0.247, 0.198, 0.175, 0.157, 0.118, 0.113, 0.135, 0.142, 0.126, 0.119, 0.089, 0.079, 0.053, 0.033, 0.033, 0.042, 0.054, 0.039, 0.037, 0.042, 0.038, 0.039, 0.051, 0.075, 0.034, 0.021, 0.025, 0.018, 0.019, 0.02, 0.015, 0.015, 0.015, 0.013, 0.016, 0.012, 0.009, 0.006, 0.004, 0.005, 0.007, 0.008, 0.008, 0.004, 0.001, 0, 0, 0, 0, 0, 0, 0.002, 0.003, 0.005, 0.003, 0.004, 0.004, 0.006, 0.007, 0.013, 0.013, 0.003, 0.003, 0.011, 0.011, 0.012, 0.012, 0.013, 0.013, 0.014, 0.013, 0.005, 0.01, 0.024, 0.016, 0.016, 0.029, 0.022, 0.019, 0.016, 0.009, 0.013, 0.01, 0.006, 0.004, 0.009, 0.015, 0.015, 0.006, 0.01, 0.012, 0.004, 0.007, 0.012, 0.013, 0.011, 0.005, 0.001, 0.004, 0.003, 0.004, 0.005, 0.005, 0.004, 0.007, 0.005, 0.002, 0.002, 0.003, 0.005, 0.006, 0.01
precipitation[0][3], 0.241, 0.247, 0.246, 0.239, 0.232, 0.226, 0.219, 0.213, 0.207, 0.199, 0.194, 0.185, 0.18, 0.182, 0.183, 0.185, 0.188, 0.19, 0.191, 0.193, 0.196, 0.195, 0.2, 0.212, 0.224, 0.237, 0.248, 0.257, 0.267, 0.278, 0.289, 0.301, 0.31, 0.314, 0.319, 0.324, 0.328, 0.333, 0.336, 0.34, 0.34, 0.347, 0.347, 0.344, 0.34, 0.338, 0.339, 0.337, 0.33, 0.328, 0.324, 0.32, 0.319, 0.321, 0.326, 0.323, 0.324, 0.326, 0.337, 0.241, 0.271, 0.328, 0.369, 0.324, 0.317, 0.266, 0.326, 0.34, 0.32, 0.363, 0.329, 0.392, 0.34, 0.254, 0.239, 0.223, 0.181, 0.146, 0.124, 0.135, 0.132, 0.117, 0.134, 0.08, 0.069, 0.047, 0.031, 0.025, 0.027, 0.033, 0.039, 0.035, 0.05, 0.056, 0.075, 0.139, 0.161, 0.066, 0.04, 0.036, 0.026, 0.024, 0.025, 0.024, 0.024, 0.019, 0.018, 0.022, 0.019, 0.014, 0.013, 0.011, 0.01, 0.011, 0.009, 0.008, 0.004, 0.001, 0, 0, 0, 0, 0, 0, 0.001, 0.002, 0.002, 0.003, 0.003, 0.004, 0.012, 0.007, 0.008, 0.005, 0.004, 0.001, 0.011, 0.011, 0.012, 0.012, 0.014, 0.015, 0.014, 0.013, 0.007, 0.016, 0.016, 0.02, 0.018, 0.025, 0.025, 0.02, 0.018, 0.011, 0.012, 0.008, 0.008, 0.005, 0.009, 0.011, 0.01, 0.008, 0.013, 0.01, 0.008, 0.01, 0.014, 0.015, 0.009, 0.004, 0.003, 0.001, 0.001, 0.004, 0.006, 0.005, 0.003, 0.009, 0.007, 0.003, 0.003, 0.005, 0.005, 0.006, 0.005
precipitation[0][4], 0.235, 0.239, 0.235, 0.23, 0.223, 0.222, 0.211, 0.206, 0.201, 0.195, 0.191, 0.184, 0.18, 0.179, 0.179, 0.18, 0.183, 0.185, 0.186, 0.187, 0.19, 0.19, 0.195, 0.207, 0.217, 0.228, 0.237, 0.247, 0.256, 0.265, 0.276, 0.286, 0.294, 0.298, 0.303, 0.307, 0.313, 0.316, 0.32, 0.324, 0.329, 0.331, 0.335, 0.334, 0.331, 0.328, 0.326, 0.321, 0.319, 0.317, 0.314, 0.312, 0.315, 0.314, 0.319, 0.322, 0.323, 0.326, 0.339, 0.332, 0.309, 0.384, 0.358, 0.346, 0.326, 0.331, 0.328, 0.406, 0.297, 0.252, 0.328, 0.282, 0.37, 0.285, 0.207, 0.211, 0.197, 0.133, 0.131, 0.116, 0.118, 0.102, 0.126, 0.093, 0.074, 0.052, 0.043, 0.024, 0.024, 0.023, 0.025, 0.028, 0.039, 0.07, 0.117, 0.153, 0.144, 0.091, 0.072, 0.056, 0.044, 0.037, 0.042, 0.04, 0.048, 0.04, 0.034, 0.031, 0.027, 0.021, 0.018, 0.016, 0.013, 0.013, 0.008, 0.006, 0.005, 0.001, 0, 0, 0, 0, 0, 0, 0, 0.001, 0.002, 0.004, 0.005, 0.011, 0.02, 0.007, 0.004, 0.01, 0.007, 0.008, 0.011, 0.011, 0.011, 0.012, 0.013, 0.017, 0.015, 0.005, 0.01, 0.011, 0.012, 0.021, 0.018, 0.026, 0.028, 0.018, 0.017, 0.013, 0.01, 0.01, 0.01, 0.008, 0.018, 0.018, 0.008, 0.007, 0.007, 0.007, 0.007, 0.011, 0.016, 0.012, 0.01, 0.004, 0.003, 0.001, 0.005, 0.004, 0.007, 0.006, 0.001, 0.007, 0.008, 0.004, 0.003, 0.004, 0.004, 0.007, 0.007
precipitation[0][5], 0.23, 0.229, 0.226, 0.223, 0.217, 0.211, 0.206, 0.198, 0.193, 0.188, 0.186, 0.181, 0.178, 0.177, 0.178, 0.178, 0.18, 0.182, 0.183, 0.183, 0.185, 0.186, 0.19, 0.201, 0.21, 0.219, 0.227, 0.236, 0.245, 0.254, 0.263, 0.271, 0.278, 0.284, 0.287, 0.292, 0.296, 0.302, 0.306, 0.31, 0.315, 0.319, 0.321, 0.321, 0.321, 0.318, 0.313, 0.311, 0.306, 0.307, 0.303, 0.303, 0.304, 0.309, 0.312, 0.319, 0.324, 0.332, 0.338, 0.354, 0.348, 0.366, 0.414, 0.312, 0.307, 0.369, 0.394, 0.411, 0.311, 0.302, 0.244, 0.184, 0.28, 0.169, 0.226, 0.192, 0.181, 0.165, 0.15, 0.142, 0.138, 0.126, 0.131, 0.094, 0.08, 0.053, 0.04, 0.039, 0.034, 0.03, 0.023, 0.025, 0.04, 0.065, 0.105, 0.113, 0.107, 0.088, 0.071, 0.058, 0.056, 0.058, 0.057, 0.052, 0.065, 0.063, 0.06, 0.04, 0.037, 0.033, 0.028, 0.022, 0.019, 0.013, 0.01, 0.008, 0.006, 0.002, 0.001, 0.001, 0, 0, 0, 0, 0, 0, 0.001, 0.001, 0.01, 0.02, 0.032, 0.023, 0.021, 0.007, 0.005, 0.01, 0.011, 0.011, 0.011, 0.012, 0.012, 0.013, 0.014, 0.005, 0.014, 0.014, 0.013, 0.019, 0.021, 0.028, 0.024, 0.022, 0.017, 0.012, 0.013, 0.01, 0.012, 0.009, 0.016, 0.02, 0.012, 0.017, 0.014, 0.013, 0.012, 0.012, 0.016, 0.01, 0.005, 0.006, 0.004, 0.009, 0.005, 0.006, 0.005, 0.001, 0.001, 0.005, 0.013, 0.005, 0.004, 0.003, 0.002, 0.004, 0.004
precipitation[0][6], 0.227, 0.222, 0.219, 0.211, 0.207, 0.203, 0.197, 0.193, 0.187, 0.182, 0.18, 0.179, 0.176, 0.174, 0.175, 0.175, 0.175, 0.178, 0.178, 0.179, 0.181, 0.182, 0.186, 0.196, 0.203, 0.209, 0.218, 0.227, 0.235, 0.243, 0.252, 0.257, 0.264, 0.268, 0.273, 0.276, 0.281, 0.289, 0.295, 0.299, 0.304, 0.307, 0.308, 0.31, 0.308, 0.305, 0.302, 0.297, 0.296, 0.293, 0.292, 0.294, 0.296, 0.301, 0.308, 0.316, 0.328, 0.335, 0.338, 0.348, 0.365, 0.377, 0.377, 0.354, 0.35, 0.396, 0.392, 0.378, 0.345, 0.28, 0.208, 0.177, 0.133, 0.279, 0.307, 0.214, 0.224, 0.176, 0.143, 0.153, 0.184, 0.159, 0.131, 0.105, 0.065, 0.051, 0.033, 0.036, 0.031, 0.023, 0.032, 0.039, 0.061, 0.076, 0.095, 0.105, 0.118, 0.101, 0.065, 0.059, 0.067, 0.069, 0.106, 0.159, 0.147, 0.12, 0.132, 0.095, 0.055, 0.045, 0.043, 0.035, 0.027, 0.026, 0.019, 0.011, 0.009, 0.003, 0.002, 0.001, 0.002, 0.001, 0, 0, 0, 0, 0.001, 0.001, 0.008, 0.038, 0.128, 0.097, 0.043, 0.005, 0.004, 0.01, 0.01, 0.01, 0.01, 0.011, 0.011, 0.012, 0.012, 0.004, 0.009, 0.016, 0.019, 0.018, 0.023, 0.03, 0.026, 0.021, 0.016, 0.012, 0.012, 0.009, 0.01, 0.012, 0.018, 0.015, 0.01, 0.016, 0.023, 0.017, 0.016, 0.016, 0.017, 0.009, 0.003, 0.004, 0.009, 0.009, 0.004, 0.004, 0.002, 0.003, 0.003, 0.004, 0.02, 0.024, 0.006, 0.003, 0.002, 0.002, 0.003
precipitation[0][7], 0.219, 0.215, 0.208, 0.205, 0.203, 0.196, 0.193, 0.189, 0.185, 0.179, 0.178, 0.175, 0.173, 0.171, 0.173, 0.173, 0.172, 0.174, 0.174, 0.176, 0.178, 0.179, 0.183, 0.189, 0.196, 0.201, 0.208, 0.216, 0.222, 0.228, 0.234, 0.242, 0.249, 0.252, 0.257, 0.261, 0.268, 0.273, 0.278, 0.283, 0.289, 0.294, 0.297, 0.294, 0.291, 0.29, 0.288, 0.282, 0.281, 0.277, 0.276, 0.277, 0.281, 0.29, 0.304, 0.314, 0.321, 0.33, 0.339, 0.351, 0.368, 0.384, 0.384, 0.369, 0.37, 0.351, 0.324, 0.303, 0.389, 0.254, 0.178, 0.122, 0.161, 0.229, 0.273, 0.217, 0.209, 0.174, 0.157, 0.164, 0.166, 0.172, 0.132, 0.117, 0.073, 0.063, 0.034, 0.043, 0.042, 0.045, 0.06, 0.067, 0.068, 0.082, 0.08, 0.082, 0.083, 0.102, 0.068, 0.063, 0.073, 0.08, 0.107, 0.173, 0.22, 0.263, 0.201, 0.131, 0.103, 0.064, 0.055, 0.05, 0.043, 0.036, 0.027, 0.019, 0.011, 0.005, 0.003, 0.002, 0.002, 0.001, 0, 0, 0.001, 0, 0, 0.001, 0.005, 0.017, 0.086, 0.041, 0.019, 0.003, 0.008, 0.01, 0.01, 0.01, 0.01, 0.011, 0.012, 0.012, 0.012, 0.004, 0.006, 0.026, 0.017, 0.026, 0.026, 0.031, 0.031, 0.02, 0.018, 0.013, 0.016, 0.012, 0.01, 0.014, 0.013, 0.011, 0.009, 0.024, 0.024, 0.02, 0.012, 0.009, 0.008, 0.006, 0.004, 0.005, 0.011, 0.009, 0.006, 0.005, 0.002, 0.003, 0.003, 0.002, 0.004, 0.014, 0.01, 0.002, 0.002, 0.002, 0.002
precipitation[0][8], 0.209, 0.203, 0.196, 0.194, 0.192, 0.189, 0.187, 0.183, 0.179, 0.176, 0.174, 0.171, 0.166, 0.168, 0.17, 0.17, 0.171, 0.171, 0.171, 0.173, 0.175, 0.176, 0.179, 0.184, 0.19, 0.194, 0.2, 0.205, 0.211, 0.216, 0.221, 0.227, 0.233, 0.238, 0.243, 0.248, 0.254, 0.26, 0.265, 0.271, 0.277, 0.282, 0.284, 0.282, 0.28, 0.277, 0.275, 0.27, 0.267, 0.265, 0.264, 0.261, 0.269, 0.279, 0.294, 0.306, 0.317, 0.329, 0.34, 0.352, 0.37, 0.383, 0.389, 0.376, 0.374, 0.367, 0.347, 0.272, 0.267, 0.181, 0.15, 0.121, 0.151, 0.253, 0.241, 0.17, 0.158, 0.177, 0.201, 0.183, 0.156, 0.147, 0.142, 0.105, 0.086, 0.068, 0.056, 0.058, 0.062, 0.083, 0.085, 0.118, 0.096, 0.093, 0.081, 0.074, 0.074, 0.095, 0.093, 0.083, 0.085, 0.098, 0.115, 0.12, 0.139, 0.138, 0.15, 0.142, 0.12, 0.098, 0.073, 0.064, 0.054, 0.043, 0.04, 0.026, 0.022, 0.012, 0.007, 0.005, 0.004, 0.001, 0.001, 0.004, 0, 0, 0.001, 0.002, 0.004, 0.006, 0.015, 0.011, 0.006, 0.007, 0.009, 0.01, 0.01, 0.01, 0.01, 0.011, 0.012, 0.012, 0.002, 0.009, 0.011, 0.013, 0.016, 0.021, 0.027, 0.034, 0.03, 0.025, 0.018, 0.015, 0.012, 0.01, 0.016, 0.015, 0.013, 0.013, 0.006, 0.024, 0.023, 0.025, 0.022, 0.008, 0.007, 0.005, 0.004, 0.004, 0.007, 0.009, 0.007, 0.005, 0.004, 0.001, 0.001, 0.001, 0.002, 0.003, 0.003, 0.002, 0.004, 0.002, 0.001
precipitation[0][9], 0.2, 0.194, 0.189, 0.189, 0.187, 0.186, 0.183, 0.177, 0.172, 0.17, 0.167, 0.164, 0.162, 0.165, 0.167, 0.167, 0.169, 0.169, 0.169, 0.171, 0.173, 0.174, 0.176, 0.18, 0.184, 0.188, 0.192, 0.196, 0.2, 0.204, 0.208, 0.213, 0.218, 0.223, 0.229, 0.235, 0.24, 0.247, 0.253, 0.259, 0.265, 0.271, 0.274, 0.272, 0.268, 0.268, 0.264, 0.258, 0.255, 0.252, 0.251, 0.25, 0.256, 0.271, 0.287, 0.302, 0.316, 0.329, 0.341, 0.355, 0.373, 0.391, 0.392, 0.382, 0.383, 0.373, 0.356, 0.349, 0.33, 0.321, 0.296, 0.148, 0.179, 0.163, 0.167, 0.13, 0.116, 0.133, 0.179, 0.169, 0.162, 0.164, 0.14, 0.098, 0.076, 0.058, 0.054, 0.049, 0.069, 0.077, 0.122, 0.214, 0.174, 0.158, 0.196, 0.134, 0.102, 0.114, 0.111, 0.094, 0.097, 0.1, 0.103, 0.106, 0.105, 0.122, 0.131, 0.134, 0.122, 0.104, 0.084, 0.073, 0.061, 0.046, 0.037, 0.029, 0.024, 0.017, 0.013, 0.013, 0.01, 0.01, 0.008, 0.005, 0.001, 0.003, 0.001, 0.002, 0.003, 0.002, 0.011, 0.006, 0.006, 0.008, 0.009, 0.01, 0.01, 0.01, 0.011, 0.011, 0.012, 0.014, 0.004, 0.008, 0.01, 0.026, 0.023, 0.023, 0.025, 0.037, 0.034, 0.033, 0.022, 0.02, 0.009, 0.025, 0.02, 0.025, 0.015, 0.006, 0.011, 0.013, 0.012, 0.017, 0.019, 0.009, 0.007, 0.008, 0.004, 0.004, 0.005, 0.005, 0.007, 0.004, 0.003, 0.002, 0.002, 0.003, 0.003, 0.001, 0.002, 0.002, 0.005, 0.002, 0.002
precipitation[0][10], 0.194, 0.187, 0.183, 0.183, 0.179, 0.176, 0.178, 0.173, 0.168, 0.165, 0.164, 0.16, 0.16, 0.163, 0.167, 0.168, 0.173, 0.171, 0.172, 0.172, 0.171, 0.17, 0.173, 0.176, 0.178, 0.181, 0.184, 0.187, 0.19, 0.193, 0.195, 0.199, 0.204, 0.209, 0.215, 0.222, 0.228, 0.234, 0.24, 0.247, 0.255, 0.26, 0.261, 0.258, 0.255, 0.252, 0.248, 0.243, 0.242, 0.239, 0.236, 0.234, 0.241, 0.258, 0.276, 0.291, 0.311, 0.33, 0.347, 0.361, 0.375, 0.392, 0.395, 0.387, 0.385, 0.373, 0.359, 0.342, 0.326, 0.314, 0.307, 0.299, 0.156, 0.215, 0.207, 0.177, 0.18, 0.147, 0.182, 0.16, 0.137, 0.105, 0.093, 0.084, 0.065, 0.066, 0.071, 0.1, 0.072, 0.115, 0.161, 0.17, 0.181, 0.181, 0.143, 0.121, 0.108, 0.101, 0.109, 0.104, 0.09, 0.106, 0.095, 0.079, 0.095, 0.142, 0.153, 0.121, 0.12, 0.11, 0.092, 0.079, 0.062, 0.052, 0.046, 0.032, 0.03, 0.025, 0.022, 0.019, 0.013, 0.016, 0.008, 0.007, 0.006, 0.001, 0.002, 0.002, 0.002, 0.003, 0.004, 0.005, 0.006, 0.007, 0.009, 0.01, 0.01, 0.01, 0.01, 0.011, 0.012, 0.013, 0.006, 0.023, 0.013, 0.014, 0.012, 0.021, 0.022, 0.036, 0.038, 0.036, 0.029, 0.024, 0.018, 0.015, 0.015, 0.016, 0.008, 0.004, 0.017, 0.016, 0.015, 0.014, 0.01, 0.006, 0.006, 0.009, 0.009, 0.009, 0.005, 0.004, 0.007, 0.005, 0.005, 0.001, 0.006, 0.008, 0.011, 0.004, 0.003, 0.003, 0.004, 0.003, 0.003
precipitation[0][11], 0.194, 0.183, 0.178, 0.176, 0.175, 0.175, 0.173, 0.172, 0.173, 0.171, 0.168, 0.166, 0.166, 0.168, 0.17, 0.172, 0.174, 0.172, 0.174, 0.174, 0.175, 0.175, 0.179, 0.179, 0.182, 0.186, 0.189, 0.192, 0.195, 0.197, 0.201, 0.203, 0.208, 0.213, 0.219, 0.225, 0.231, 0.237, 0.244, 0.25, 0.258, 0.263, 0.263, 0.259, 0.254, 0.25, 0.246, 0.24, 0.238, 0.235, 0.232, 0.23, 0.236, 0.251, 0.271, 0.284, 0.302, 0.325, 0.35, 0.36, 0.37, 0.386, 0.391, 0.38, 0.376, 0.365, 0.357, 0.341, 0.328, 0.319, 0.313, 0.306, 0.313, 0.222, 0.171, 0.145, 0.149, 0.139, 0.142, 0.151, 0.175, 0.116, 0.116, 0.094, 0.076, 0.085, 0.103, 0.081, 0.075, 0.114, 0.131, 0.147, 0.174, 0.147, 0.141, 0.121, 0.102, 0.154, 0.127, 0.105, 0.085, 0.084, 0.082, 0.083, 0.084, 0.117, 0.138, 0.12, 0.124, 0.115, 0.111, 0.088, 0.068, 0.07, 0.06, 0.046, 0.046, 0.041, 0.036, 0.031, 0.012, 0.013, 0.01, 0.009, 0.008, 0.005, 0.009, 0.007, 0.007, 0.002, 0.008, 0.01, 0.009, 0.01, 0.011, 0.012, 0.013, 0.014, 0.013, 0.013, 0.013, 0.013, 0.007, 0.022, 0.024, 0.02, 0.011, 0.018, 0.023, 0.034, 0.034, 0.032, 0.031, 0.022, 0.021, 0.015, 0.008, 0.01, 0.01, 0.006, 0.005, 0.016, 0.016, 0.013, 0.009, 0.005, 0.005, 0.006, 0.009, 0.007, 0.005, 0.005, 0.005, 0.006, 0.006, 0.002, 0.002, 0.003, 0.005, 0.001, 0.001, 0.001, 0.001, 0.001, 0.005
precipitation[0][12], 0.199, 0.186, 0.179, 0.179, 0.181, 0.183, 0.182, 0.179, 0.182, 0.184, 0.184, 0.183, 0.183, 0.185, 0.185, 0.184, 0.187, 0.183, 0.186, 0.189, 0.188, 0.188, 0.191, 0.192, 0.197, 0.202, 0.207, 0.211, 0.215, 0.219, 0.224, 0.227, 0.231, 0.236, 0.24, 0.245, 0.251, 0.256, 0.261, 0.267, 0.272, 0.277, 0.276, 0.271, 0.265, 0.26, 0.255, 0.248, 0.244, 0.24, 0.235, 0.232, 0.236, 0.248, 0.262, 0.277, 0.294, 0.316, 0.335, 0.353, 0.362, 0.372, 0.376, 0.37, 0.365, 0.362, 0.356, 0.347, 0.338, 0.334, 0.329, 0.326, 0.335, 0.34, 0.16, 0.178, 0.17, 0.145, 0.172, 0.151, 0.151, 0.118, 0.12, 0.075, 0.08, 0.091, 0.104, 0.108, 0.099, 0.118, 0.131, 0.109, 0.116, 0.109, 0.097, 0.096, 0.084, 0.1, 0.104, 0.103, 0.095, 0.11, 0.087, 0.088, 0.083, 0.094, 0.123, 0.099, 0.117, 0.112, 0.126, 0.107, 0.086, 0.084, 0.07, 0.056, 0.053, 0.049, 0.043, 0.034, 0.014, 0.012, 0.006, 0.01, 0.013, 0.014, 0.015, 0.014, 0.016, 0.015, 0.016, 0.017, 0.016, 0.016, 0.016, 0.016, 0.017, 0.018, 0.017, 0.016, 0.015, 0.014, 0.015, 0.024, 0.026, 0.027, 0.029, 0.026, 0.032, 0.048, 0.037, 0.036, 0.036, 0.024, 0.021, 0.016, 0.009, 0.006, 0.007, 0.007, 0.014, 0.014, 0.01, 0.015, 0.012, 0.005, 0.002, 0.005, 0.013, 0.009, 0.005, 0.003, 0.004, 0.005, 0.005, 0.002, 0.003, 0.002, 0.001, 0, 0, 0.001, 0.003, 0.002, 0.011
precipitation[0][13], 0.2, 0.19, 0.189, 0.185, 0.187, 0.189, 0.191, 0.189, 0.191, 0.191, 0.192, 0.194, 0.197, 0.202, 0.199, 0.197, 0.197, 0.199, 0.202, 0.201, 0.2, 0.202, 0.205, 0.207, 0.214, 0.221, 0.226, 0.233, 0.238, 0.242, 0.248, 0.253, 0.257, 0.26, 0.262, 0.266, 0.271, 0.275, 0.279, 0.284, 0.288, 0.293, 0.291, 0.284, 0.277, 0.27, 0.263, 0.255, 0.249, 0.243, 0.235, 0.228, 0.231, 0.243, 0.256, 0.269, 0.283, 0.3, 0.316, 0.336, 0.356, 0.36, 0.371, 0.36, 0.359, 0.358, 0.36, 0.363, 0.355, 0.353, 0.351, 0.349, 0.356, 0.381, 0.14, 0.139, 0.178, 0.173, 0.155, 0.162, 0.174, 0.171, 0.127, 0.103, 0.1, 0.116, 0.119, 0.113, 0.109, 0.1, 0.091, 0.108, 0.134, 0.166, 0.089, 0.076, 0.084, 0.097, 0.098, 0.104, 0.104, 0.12, 0.111, 0.105, 0.128, 0.103, 0.106, 0.102, 0.102, 0.119, 0.13, 0.122, 0.1, 0.101, 0.084, 0.068, 0.065, 0.056, 0.045, 0.028, 0.007, 0.013, 0.017, 0.019, 0.019, 0.018, 0.018, 0.02, 0.022, 0.023, 0.024, 0.026, 0.024, 0.022, 0.022, 0.021, 0.021, 0.022, 0.021, 0.019, 0.019, 0.006, 0.016, 0.03, 0.03, 0.035, 0.037, 0.025, 0.032, 0.041, 0.036, 0.033, 0.034, 0.03, 0.026, 0.01, 0.009, 0.006, 0.007, 0.007, 0.021, 0.014, 0.007, 0.013, 0.009, 0.003, 0.001, 0.002, 0.007, 0.011, 0.008, 0.007, 0.005, 0.005, 0.005, 0.004, 0.002, 0.003, 0.001, 0, 0, 0.001, 0.004, 0.001, 0.004
precipitation[0][14], 0.199, 0.191, 0.192, 0.197, 0.196, 0.193, 0.196, 0.196, 0.202, 0.204, 0.204, 0.206, 0.215, 0.212, 0.209, 0.208, 0.208, 0.211, 0.212, 0.213, 0.211, 0.211, 0.213, 0.219, 0.226, 0.234, 0.241, 0.248, 0.256, 0.264, 0.27, 0.274, 0.279, 0.283, 0.283, 0.286, 0.29, 0.293, 0.296, 0.3, 0.303, 0.308, 0.307, 0.296, 0.288, 0.28, 0.272, 0.262, 0.255, 0.247, 0.238, 0.229, 0.23, 0.24, 0.253, 0.263, 0.274, 0.287, 0.301, 0.315, 0.331, 0.344, 0.352, 0.345, 0.352, 0.358, 0.367, 0.38, 0.373, 0.371, 0.377, 0.376, 0.38, 0.397, 0.404, 0.16, 0.212, 0.154, 0.145, 0.168, 0.163, 0.17, 0.151, 0.109, 0.109, 0.134, 0.114, 0.121, 0.108, 0.078, 0.068, 0.102, 0.127, 0.13, 0.112, 0.093, 0.112, 0.105, 0.098, 0.1, 0.129, 0.148, 0.14, 0.142, 0.129, 0.102, 0.096, 0.094, 0.101, 0.115, 0.124, 0.12, 0.1, 0.109, 0.098, 0.064, 0.058, 0.053, 0.036, 0.02, 0.029, 0.028, 0.023, 0.023, 0.025, 0.026, 0.025, 0.027, 0.029, 0.03, 0.034, 0.037, 0.034, 0.029, 0.029, 0.026, 0.024, 0.025, 0.025, 0.023, 0.018, 0.014, 0.026, 0.033, 0.033, 0.04, 0.03, 0.026, 0.036, 0.036, 0.027, 0.027, 0.034, 0.036, 0.033, 0.031, 0.01, 0.007, 0.003, 0.004, 0.019, 0.015, 0.007, 0.005, 0.004, 0.003, 0.002, 0.003, 0.007, 0.007, 0.009, 0.008, 0.007, 0.004, 0.005, 0.005, 0.003, 0.003, 0.004, 0.001, 0.001, 0.001, 0.005, 0.002, 0.002
precipitation[0][15], 0.209, 0.194, 0.191, 0.195, 0.198, 0.202, 0.207, 0.207, 0.215, 0.219, 0.215, 0.222, 0.224, 0.224, 0.224, 0.225, 0.224, 0.225, 0.226, 0.229, 0.227, 0.228, 0.229, 0.235, 0.241, 0.252, 0.263, 0.27, 0.279, 0.285, 0.291, 0.298, 0.302, 0.307, 0.309, 0.31, 0.31, 0.313, 0.316, 0.32, 0.323, 0.325, 0.321, 0.31, 0.3, 0.29, 0.282, 0.273, 0.263, 0.252, 0.241, 0.231, 0.23, 0.238, 0.248, 0.255, 0.265, 0.273, 0.282, 0.297, 0.305, 0.322, 0.324, 0.336, 0.347, 0.361, 0.378, 0.401, 0.402, 0.4, 0.406, 0.399, 0.413, 0.424, 0.427, 0.152, 0.138, 0.153, 0.185, 0.13, 0.152, 0.231, 0.258, 0.151, 0.145, 0.179, 0.165, 0.161, 0.123, 0.105, 0.077, 0.086, 0.114, 0.134, 0.127, 0.118, 0.128, 0.122, 0.114, 0.128, 0.138, 0.135, 0.119, 0.123, 0.101, 0.099, 0.095, 0.103, 0.111, 0.134, 0.126, 0.119, 0.102, 0.134, 0.113, 0.066, 0.07, 0.069, 0.048, 0.044, 0.042, 0.037, 0.029, 0.03, 0.029, 0.03, 0.032, 0.033, 0.035, 0.038, 0.042, 0.043, 0.039, 0.035, 0.033, 0.03, 0.028, 0.027, 0.027, 0.028, 0.015, 0.019, 0.034, 0.042, 0.036, 0.034, 0.035, 0.021, 0.025, 0.03, 0.025, 0.027, 0.028, 0.035, 0.037, 0.04, 0.013, 0.005, 0.004, 0.005, 0.008, 0.004, 0.003, 0.002, 0.001, 0.002, 0.003, 0.003, 0.006, 0.006, 0.01, 0.009, 0.006, 0.004, 0.004, 0.004, 0.002, 0.003, 0.002, 0.001, 0, 0.001, 0.002, 0.005, 0.001
precipitation[0][16], 0.223, 0.222, 0.239, 0.23, 0.22, 0.228, 0.268, 0.227, 0.234, 0.239, 0.24, 0.234, 0.241, 0.249, 0.248, 0.265, 0.258, 0.243, 0.252, 0.261, 0.259, 0.239, 0.245, 0.252, 0.257, 0.274, 0.285, 0.291, 0.301, 0.306, 0.309, 0.318, 0.329, 0.332, 0.335, 0.331, 0.332, 0.333, 0.334, 0.34, 0.34, 0.342, 0.336, 0.322, 0.311, 0.302, 0.292, 0.281, 0.269, 0.257, 0.244, 0.233, 0.23, 0.237, 0.244, 0.249, 0.255, 0.264, 0.268, 0.277, 0.287, 0.299, 0.309, 0.328, 0.344, 0.362, 0.384, 0.4, 0.406, 0.425, 0.435, 0.435, 0.452, 0.465, 0.475, 0.159, 0.142, 0.162, 0.199, 0.163, 0.171, 0.197, 0.232, 0.228, 0.234, 0.199, 0.191, 0.17, 0.133, 0.089, 0.088, 0.124, 0.146, 0.119, 0.132, 0.106, 0.12, 0.113, 0.098, 0.12, 0.14, 0.13, 0.112, 0.116, 0.102, 0.114, 0.111, 0.114, 0.12, 0.127, 0.134, 0.134, 0.129, 0.132, 0.124, 0.092, 0.081, 0.084, 0.067, 0.062, 0.048, 0.04, 0.036, 0.037, 0.037, 0.038, 0.041, 0.042, 0.044, 0.045, 0.047, 0.047, 0.046, 0.043, 0.04, 0.037, 0.034, 0.03, 0.029, 0.025, 0.021, 0.021, 0.033, 0.042, 0.04, 0.037, 0.021, 0.018, 0.019, 0.022, 0.015, 0.009, 0.01, 0.012, 0.021, 0.017, 0.006, 0.004, 0.004, 0.004, 0.002, 0.003, 0.002, 0.002, 0.002, 0.004, 0.005, 0.005, 0.007, 0.007, 0.005, 0.003, 0.003, 0.002, 0.002, 0.002, 0.002, 0.003, 0.002, 0.001, 0.001, 0.002, 0.002, 0.018, 0.007
precipitation[0][17], 0.222, 0.218, 0.226, 0.221, 0.206, 0.229, 0.232, 0.226, 0.242, 0.238, 0.247, 0.244, 0.254, 0.254, 0.262, 0.27, 0.281, 0.256, 0.262, 0.264, 0.254, 0.251, 0.256, 0.264, 0.27, 0.282, 0.294, 0.301, 0.312, 0.322, 0.328, 0.336, 0.344, 0.35, 0.35, 0.348, 0.35, 0.348, 0.353, 0.354, 0.355, 0.358, 0.351, 0.336, 0.324, 0.312, 0.299, 0.287, 0.275, 0.262, 0.249, 0.236, 0.231, 0.235, 0.239, 0.243, 0.249, 0.255, 0.257, 0.263, 0.271, 0.275, 0.292, 0.315, 0.333, 0.361, 0.385, 0.405, 0.418, 0.431, 0.454, 0.463, 0.48, 0.493, 0.508, 0.516, 0.165, 0.153, 0.184, 0.201, 0.212, 0.216, 0.252, 0.245, 0.235, 0.191, 0.163, 0.162, 0.168, 0.139, 0.111, 0.102, 0.122, 0.106, 0.095, 0.092, 0.105, 0.131, 0.112, 0.11, 0.127, 0.125, 0.108, 0.11, 0.081, 0.086, 0.098, 0.093, 0.099, 0.093, 0.108, 0.14, 0.131, 0.139, 0.157, 0.114, 0.077, 0.078, 0.086, 0.066, 0.056, 0.046, 0.041, 0.042, 0.043, 0.046, 0.05, 0.054, 0.06, 0.054, 0.053, 0.054, 0.053, 0.049, 0.045, 0.042, 0.038, 0.035, 0.03, 0.011, 0.019, 0.017, 0.023, 0.029, 0.039, 0.041, 0.023, 0.022, 0.018, 0.019, 0.014, 0.009, 0.007, 0.011, 0.017, 0.02, 0.011, 0.006, 0.004, 0.003, 0.002, 0.002, 0.002, 0.006, 0.003, 0.003, 0.006, 0.005, 0.006, 0.005, 0.003, 0.002, 0.002, 0.002, 0.001, 0.001, 0, 0.002, 0.002, 0.001, 0.003, 0.002, 0.004, 0.015, 0.012
precipitation[0][18], 0.224, 0.212, 0.218, 0.218, 0.227, 0.222, 0.223, 0.229, 0.243, 0.247, 0.255, 0.254, 0.258, 0.262, 0.27, 0.276, 0.301, 0.27, 0.273, 0.265, 0.262, 0.264, 0.27, 0.279, 0.289, 0.302, 0.31, 0.319, 0.331, 0.341, 0.347, 0.356, 0.36, 0.368, 0.364, 0.362, 0.368, 0.372, 0.369, 0.373, 0.375, 0.378, 0.37, 0.355, 0.34, 0.327, 0.314, 0.301, 0.285, 0.271, 0.258, 0.239, 0.232, 0.234, 0.235, 0.237, 0.239, 0.241, 0.244, 0.245, 0.251, 0.253, 0.27, 0.296, 0.326, 0.354, 0.381, 0.409, 0.423, 0.443, 0.464, 0.488, 0.507, 0.517, 0.53, 0.547, 0.552, 0.188, 0.229, 0.24, 0.287, 0.278, 0.28, 0.316, 0.25, 0.25, 0.234, 0.198, 0.188, 0.181, 0.124, 0.124, 0.129, 0.129, 0.137, 0.101, 0.134, 0.162, 0.168, 0.139, 0.145, 0.122, 0.107, 0.115, 0.096, 0.106, 0.097, 0.096, 0.086, 0.086, 0.095, 0.118, 0.159, 0.158, 0.137, 0.103, 0.095, 0.094, 0.082, 0.071, 0.061, 0.051, 0.049, 0.048, 0.05, 0.053, 0.057, 0.072, 0.061, 0.062, 0.061, 0.063, 0.06, 0.057, 0.053, 0.048, 0.043, 0.037, 0.007, 0.017, 0.014, 0.017, 0.019, 0.025, 0.026, 0.031, 0.041, 0.036, 0.027, 0.025, 0.017, 0.006, 0.006, 0.011, 0.013, 0.016, 0.009, 0.005, 0.003, 0.001, 0.001, 0.001, 0.001, 0.003, 0.007, 0.005, 0.005, 0.003, 0.003, 0.006, 0.002, 0.001, 0.001, 0.001, 0, 0, 0, 0.001, 0.002, 0.002, 0.003, 0.002, 0.003, 0.014, 0.018
precipitation[0][19], 0.225, 0.213, 0.226, 0.239, 0.249, 0.253, 0.247, 0.243, 0.252, 0.259, 0.26, 0.263, 0.262, 0.268, 0.278, 0.276, 0.277, 0.273, 0.272, 0.269, 0.267, 0.267, 0.273, 0.288, 0.298, 0.31, 0.32, 0.333, 0.346, 0.357, 0.368, 0.377, 0.388, 0.386, 0.384, 0.387, 0.381, 0.385, 0.385, 0.388, 0.388, 0.39, 0.385, 0.369, 0.355, 0.339, 0.322, 0.308, 0.292, 0.277, 0.262, 0.243, 0.234, 0.234, 0.232, 0.231, 0.23, 0.231, 0.232, 0.231, 0.23, 0.231, 0.25, 0.282, 0.311, 0.344, 0.375, 0.407, 0.428, 0.457, 0.476, 0.507, 0.533, 0.541, 0.553, 0.572, 0.586, 0.591, 0.595, 0.229, 0.268, 0.283, 0.367, 0.342, 0.351, 0.305, 0.251, 0.242, 0.17, 0.179, 0.175, 0.158, 0.142, 0.168, 0.189, 0.166, 0.173, 0.2, 0.221, 0.169, 0.152, 0.148, 0.118, 0.12, 0.108, 0.106, 0.11, 0.096, 0.102, 0.088, 0.083, 0.097, 0.124, 0.129, 0.116, 0.117, 0.103, 0.093, 0.084, 0.074, 0.073, 0.062, 0.057, 0.055, 0.057, 0.058, 0.061, 0.066, 0.077, 0.075, 0.07, 0.073, 0.071, 0.065, 0.06, 0.054, 0.048, 0.004, 0.011, 0.011, 0.011, 0.014, 0.023, 0.014, 0.021, 0.031, 0.034, 0.041, 0.036, 0.031, 0.022, 0.011, 0.007, 0.009, 0.017, 0.014, 0.012, 0.004, 0.002, 0.001, 0.001, 0.002, 0.001, 0.002, 0.003, 0.003, 0.004, 0.003, 0.004, 0.002, 0.005, 0.001, 0, 0, 0.001, 0, 0.001, 0.001, 0.001, 0.002, 0.005, 0.004, 0.003, 0.01, 0.026
precipitation[0][20], 0.223, 0.202, 0.223, 0.238, 0.25, 0.24, 0.247, 0.246, 0.249, 0.254, 0.262, 0.27, 0.276, 0.28, 0.281, 0.283, 0.283, 0.28, 0.279, 0.28, 0.276, 0.276, 0.282, 0.294, 0.307, 0.317, 0.329, 0.346, 0.359, 0.373, 0.388, 0.399, 0.405, 0.405, 0.405, 0.403, 0.41, 0.407, 0.404, 0.403, 0.4, 0.402, 0.394, 0.38, 0.362, 0.347, 0.331, 0.316, 0.298, 0.282, 0.267, 0.245, 0.235, 0.233, 0.228, 0.225, 0.223, 0.221, 0.219, 0.215, 0.213, 0.211, 0.23, 0.266, 0.3, 0.338, 0.373, 0.405, 0.438, 0.473, 0.501, 0.531, 0.556, 0.566, 0.579, 0.595, 0.61, 0.612, 0.626, 0.625, 0.252, 0.248, 0.277, 0.297, 0.3, 0.233, 0.243, 0.185, 0.144, 0.155, 0.165, 0.191, 0.197, 0.229, 0.197, 0.141, 0.16, 0.181, 0.187, 0.153, 0.131, 0.137, 0.107, 0.128, 0.108, 0.113, 0.129, 0.091, 0.093, 0.092, 0.091, 0.099, 0.089, 0.13, 0.132, 0.118, 0.107, 0.098, 0.09, 0.08, 0.078, 0.064, 0.062, 0.062, 0.065, 0.067, 0.07, 0.075, 0.078, 0.078, 0.08, 0.08, 0.079, 0.073, 0.068, 0.06, 0.021, 0.018, 0.014, 0.013, 0.011, 0.011, 0.012, 0.015, 0.03, 0.033, 0.043, 0.041, 0.046, 0.038, 0.027, 0.032, 0.03, 0.017, 0.013, 0.017, 0.009, 0.004, 0.002, 0.003, 0.001, 0.001, 0.003, 0.004, 0.004, 0.002, 0.002, 0.003, 0.001, 0.001, 0.001, 0.003, 0, 0, 0, 0, 0.001, 0.001, 0, 0.001, 0.005, 0.005, 0.002, 0.005, 0.028
precipitation[0][21], 0.232, 0.221, 0.228, 0.227, 0.232, 0.256, 0.247, 0.237, 0.25, 0.256, 0.263, 0.273, 0.28, 0.284, 0.289, 0.282, 0.283, 0.284, 0.283, 0.283, 0.284, 0.285, 0.289, 0.3, 0.315, 0.324, 0.336, 0.351, 0.365, 0.377, 0.39, 0.401, 0.407, 0.405, 0.409, 0.409, 0.411, 0.416, 0.413, 0.411, 0.41, 0.412, 0.405, 0.393, 0.375, 0.359, 0.345, 0.333, 0.313, 0.299, 0.285, 0.265, 0.253, 0.249, 0.239, 0.232, 0.227, 0.222, 0.218, 0.215, 0.211, 0.206, 0.222, 0.256, 0.293, 0.328, 0.365, 0.398, 0.427, 0.469, 0.497, 0.534, 0.55, 0.561, 0.575, 0.591, 0.603, 0.612, 0.625, 0.636, 0.642, 0.635, 0.254, 0.229, 0.238, 0.214, 0.214, 0.607, 0.614, 0.609, 0.6, 0.596, 0.59, 0.249, 0.184, 0.57, 0.561, 0.536, 0.528, 0.514, 0.525, 0.515, 0.479, 0.447, 0.404, 0.37, 0.34, 0.301, 0.277, 0.236, 0.198, 0.163, 0.146, 0.143, 0.133, 0.122, 0.111, 0.108, 0.099, 0.097, 0.08, 0.071, 0.066, 0.081, 0.076, 0.074, 0.078, 0.084, 0.079, 0.082, 0.086, 0.084, 0.083, 0.078, 0.07, 0.029, 0.03, 0.027, 0.019, 0.016, 0.009, 0.009, 0.006, 0.014, 0.023, 0.023, 0.03, 0.035, 0.044, 0.047, 0.046, 0.053, 0.054, 0.036, 0.009, 0.01, 0.008, 0.005, 0.003, 0.002, 0.001, 0.001, 0.004, 0.004, 0.003, 0.002, 0.003, 0.004, 0.003, 0.002, 0.003, 0.002, 0, 0, 0.001, 0.002, 0.001, 0.001, 0.001, 0.003, 0.003, 0.003, 0, 0.002, 0.02
precipitation[0][22], 0.232, 0.217, 0.219, 0.213, 0.215, 0.223, 0.222, 0.232, 0.247, 0.256, 0.259, 0.263, 0.273, 0.281, 0.282, 0.278, 0.286, 0.284, 0.284, 0.285, 0.287, 0.287, 0.293, 0.302, 0.314, 0.325, 0.332, 0.344, 0.357, 0.37, 0.382, 0.392, 0.395, 0.398, 0.398, 0.41, 0.408, 0.404, 0.405, 0.406, 0.409, 0.409, 0.403, 0.389, 0.375, 0.364, 0.351, 0.339, 0.327, 0.312, 0.303, 0.286, 0.276, 0.27, 0.258, 0.25, 0.244, 0.238, 0.233, 0.226, 0.223, 0.216, 0.227, 0.257, 0.291, 0.323, 0.352, 0.383, 0.414, 0.443, 0.472, 0.505, 0.519, 0.529, 0.542, 0.56, 0.574, 0.577, 0.588, 0.597, 0.601, 0.611, 0.608, 0.601, 0.272, 0.608, 0.6, 0.596, 0.599, 0.607, 0.619, 0.618, 0.611, 0.614, 0.592, 0.603, 0.594, 0.564, 0.554, 0.541, 0.531, 0.527, 0.5, 0.472, 0.428, 0.393, 0.362, 0.322, 0.284, 0.24, 0.202, 0.169, 0.151, 0.143, 0.137, 0.126, 0.118, 0.105, 0.096, 0.086, 0.076, 0.068, 0.067, 0.075, 0.08, 0.075, 0.076, 0.089, 0.086, 0.081, 0.081, 0.084, 0.082, 0.082, 0.068, 0.049, 0.048, 0.035, 0.02, 0.019, 0.012, 0.009, 0.008, 0.012, 0.022, 0.02, 0.022, 0.025, 0.027, 0.027, 0.035, 0.043, 0.052, 0.036, 0.026, 0.014, 0.009, 0.009, 0.006, 0.004, 0.002, 0.001, 0.003, 0.009, 0.009, 0.006, 0.006, 0.005, 0.002, 0.001, 0.001, 0.001, 0, 0, 0, 0.001, 0.002, 0.001, 0.002, 0.002, 0.001, 0.002, 0, 0.004, 0.01
precipitation[0][23], 0.24, 0.225, 0.216, 0.229, 0.213, 0.211, 0.211, 0.232, 0.239, 0.247, 0.254, 0.26, 0.272, 0.28, 0.288, 0.279, 0.284, 0.284, 0.284, 0.285, 0.29, 0.292, 0.298, 0.305, 0.316, 0.323, 0.329, 0.341, 0.352, 0.364, 0.374, 0.383, 0.388, 0.39, 0.389, 0.392, 0.396, 0.397, 0.399, 0.401, 0.404, 0.408, 0.401, 0.39, 0.382, 0.368, 0.359, 0.348, 0.337, 0.326, 0.315, 0.303, 0.296, 0.288, 0.277, 0.269, 0.262, 0.255, 0.246, 0.237, 0.23, 0.224, 0.234, 0.262, 0.293, 0.316, 0.339, 0.381, 0.402, 0.418, 0.441, 0.468, 0.483, 0.494, 0.509, 0.53, 0.539, 0.544, 0.55, 0.557, 0.56, 0.573, 0.58, 0.584, 0.581, 0.588, 0.582, 0.581, 0.582, 0.584, 0.593, 0.601, 0.599, 0.594, 0.589, 0.588, 0.589, 0.58, 0.572, 0.545, 0.542, 0.54, 0.51, 0.475, 0.441, 0.399, 0.365, 0.328, 0.29, 0.248, 0.206, 0.171, 0.15, 0.142, 0.134, 0.13, 0.125, 0.109, 0.098, 0.087, 0.076, 0.068, 0.067, 0.072, 0.074, 0.074, 0.08, 0.089, 0.089, 0.087, 0.086, 0.086, 0.083, 0.072, 0.062, 0.063, 0.052, 0.053, 0.033, 0.035, 0.018, 0.011, 0.005, 0.012, 0.009, 0.017, 0.023, 0.02, 0.023, 0.028, 0.033, 0.03, 0.024, 0.026, 0.025, 0.013, 0.008, 0.01, 0.006, 0.003, 0.001, 0, 0.003, 0.014, 0.015, 0.006, 0.007, 0.003, 0.001, 0, 0, 0, 0.001, 0, 0, 0.001, 0.001, 0.003, 0.003, 0.003, 0.001, 0.002, 0.001, 0.006, 0.02
precipitation[0][24], 0.216, 0.207, 0.211, 0.215, 0.208, 0.212, 0.208, 0.235, 0.241, 0.246, 0.252, 0.255, 0.267, 0.27, 0.284, 0.28, 0.281, 0.286, 0.288, 0.291, 0.293, 0.296, 0.302, 0.309, 0.318, 0.322, 0.328, 0.338, 0.348, 0.359, 0.366, 0.375, 0.379, 0.379, 0.382, 0.384, 0.389, 0.393, 0.397, 0.399, 0.403, 0.406, 0.404, 0.394, 0.386, 0.376, 0.37, 0.361, 0.352, 0.345, 0.335, 0.325, 0.319, 0.311, 0.302, 0.293, 0.287, 0.273, 0.262, 0.25, 0.24, 0.233, 0.242, 0.263, 0.285, 0.307, 0.327, 0.348, 0.369, 0.397, 0.418, 0.438, 0.453, 0.463, 0.477, 0.492, 0.5, 0.507, 0.513, 0.521, 0.526, 0.53, 0.537, 0.548, 0.555, 0.551, 0.549, 0.55, 0.564, 0.566, 0.581, 0.587, 0.594, 0.584, 0.586, 0.586, 0.584, 0.571, 0.558, 0.548, 0.553, 0.551, 0.521, 0.48, 0.44, 0.406, 0.371, 0.335, 0.298, 0.255, 0.211, 0.174, 0.151, 0.144, 0.139, 0.13, 0.123, 0.114, 0.097, 0.088, 0.077, 0.07, 0.067, 0.071, 0.069, 0.077, 0.081, 0.08, 0.087, 0.09, 0.089, 0.095, 0.1, 0.097, 0.084, 0.088, 0.07, 0.066, 0.044, 0.037, 0.035, 0.019, 0.018, 0.008, 0.006, 0.01, 0.012, 0.017, 0.02, 0.024, 0.024, 0.023, 0.024, 0.031, 0.029, 0.021, 0.018, 0.015, 0.006, 0.003, 0.003, 0.003, 0.004, 0.013, 0.014, 0.012, 0.011, 0.004, 0.001, 0, 0, 0.001, 0.002, 0, 0.001, 0.001, 0.001, 0.003, 0.004, 0.006, 0.002, 0.003, 0.003, 0.008, 0.013
precipitation[0][25], 0.216, 0.204, 0.204, 0.211, 0.213, 0.213, 0.223, 0.231, 0.235, 0.245, 0.249, 0.257, 0.266, 0.271, 0.277, 0.281, 0.286, 0.284, 0.29, 0.293, 0.296, 0.298, 0.305, 0.312, 0.316, 0.322, 0.327, 0.335, 0.343, 0.351, 0.36, 0.368, 0.37, 0.373, 0.376, 0.379, 0.385, 0.389, 0.395, 0.397, 0.402, 0.405, 0.406, 0.399, 0.392, 0.385, 0.378, 0.373, 0.367, 0.36, 0.354, 0.346, 0.339, 0.334, 0.322, 0.309, 0.299, 0.285, 0.272, 0.261, 0.25, 0.239, 0.245, 0.263, 0.28, 0.299, 0.318, 0.333, 0.351, 0.374, 0.39, 0.409, 0.423, 0.43, 0.443, 0.453, 0.462, 0.467, 0.475, 0.486, 0.481, 0.487, 0.497, 0.507, 0.512, 0.519, 0.531, 0.534, 0.554, 0.56, 0.569, 0.577, 0.575, 0.582, 0.581, 0.581, 0.581, 0.57, 0.564, 0.558, 0.564, 0.567, 0.54, 0.492, 0.455, 0.414, 0.384, 0.349, 0.307, 0.263, 0.218, 0.181, 0.159, 0.153, 0.148, 0.139, 0.137, 0.125, 0.1, 0.089, 0.082, 0.073, 0.07, 0.068, 0.067, 0.072, 0.083, 0.081, 0.086, 0.094, 0.089, 0.096, 0.082, 0.095, 0.074, 0.094, 0.091, 0.084, 0.068, 0.066, 0.052, 0.034, 0.013, 0.007, 0.006, 0.009, 0.013, 0.01, 0.016, 0.019, 0.022, 0.023, 0.024, 0.028, 0.027, 0.017, 0.016, 0.011, 0.005, 0.004, 0.004, 0.004, 0.003, 0.008, 0.008, 0.018, 0.011, 0.009, 0.003, 0.002, 0.001, 0.001, 0, 0.001, 0.002, 0.001, 0.002, 0.003, 0.005, 0.005, 0.001, 0.001, 0.002, 0.004, 0.003
precipitation[0][26], 0.201, 0.186, 0.2, 0.216, 0.249, 0.219, 0.253, 0.252, 0.244, 0.284, 0.324, 0.281, 0.308, 0.318, 0.327, 0.323, 0.34, 0.332, 0.367, 0.303, 0.313, 0.316, 0.323, 0.323, 0.306, 0.296, 0.283, 0.306, 0.309, 0.323, 0.319, 0.326, 0.329, 0.325, 0.329, 0.339, 0.362, 0.379, 0.394, 0.393, 0.402, 0.405, 0.411, 0.418, 0.405, 0.396, 0.391, 0.387, 0.383, 0.381, 0.376, 0.371, 0.364, 0.354, 0.337, 0.332, 0.318, 0.299, 0.284, 0.273, 0.261, 0.248, 0.25, 0.265, 0.278, 0.293, 0.306, 0.323, 0.337, 0.353, 0.368, 0.384, 0.396, 0.402, 0.411, 0.416, 0.422, 0.427, 0.431, 0.436, 0.441, 0.445, 0.454, 0.464, 0.475, 0.489, 0.504, 0.516, 0.536, 0.546, 0.561, 0.573, 0.581, 0.581, 0.589, 0.595, 0.595, 0.598, 0.6, 0.601, 0.608, 0.608, 0.588, 0.545, 0.501, 0.456, 0.416, 0.367, 0.326, 0.279, 0.236, 0.192, 0.167, 0.16, 0.151, 0.14, 0.142, 0.122, 0.106, 0.094, 0.083, 0.073, 0.069, 0.068, 0.069, 0.069, 0.072, 0.074, 0.077, 0.076, 0.077, 0.077, 0.07, 0.114, 0.099, 0.106, 0.133, 0.093, 0.096, 0.073, 0.076, 0.033, 0.016, 0.013, 0.014, 0.012, 0.024, 0.014, 0.02, 0.02, 0.022, 0.024, 0.025, 0.022, 0.028, 0.019, 0.011, 0.007, 0.004, 0.003, 0.003, 0.003, 0.004, 0.007, 0.006, 0.018, 0.007, 0.006, 0.004, 0.002, 0, 0, 0, 0.001, 0, 0, 0.002, 0.003, 0.003, 0.004, 0.002, 0.002, 0.003, 0.002, 0.001
precipitation[0][27], 0.205, 0.21, 0.213, 0.217, 0.244, 0.245, 0.26, 0.256, 0.315, 0.326, 0.3, 0.317, 0.33, 0.318, 0.317, 0.309, 0.351, 0.32, 0.34, 0.319, 0.318, 0.319, 0.312, 0.311, 0.296, 0.286, 0.287, 0.306, 0.301, 0.316, 0.326, 0.328, 0.326, 0.327, 0.328, 0.332, 0.353, 0.382, 0.404, 0.397, 0.409, 0.417, 0.42, 0.423, 0.418, 0.417, 0.41, 0.404, 0.405, 0.405, 0.4, 0.399, 0.391, 0.378, 0.36, 0.355, 0.34, 0.319, 0.303, 0.289, 0.272, 0.257, 0.255, 0.265, 0.274, 0.283, 0.296, 0.307, 0.319, 0.331, 0.343, 0.355, 0.362, 0.368, 0.375, 0.376, 0.38, 0.384, 0.387, 0.397, 0.397, 0.4, 0.406, 0.421, 0.44, 0.454, 0.472, 0.492, 0.513, 0.525, 0.542, 0.563, 0.573, 0.576, 0.583, 0.592, 0.599, 0.604, 0.609, 0.61, 0.618, 0.625, 0.608, 0.564, 0.517, 0.472, 0.426, 0.378, 0.332, 0.288, 0.244, 0.197, 0.17, 0.161, 0.153, 0.142, 0.134, 0.121, 0.107, 0.095, 0.085, 0.074, 0.068, 0.068, 0.069, 0.068, 0.071, 0.071, 0.07, 0.071, 0.071, 0.071, 0.073, 0.063, 0.069, 0.08, 0.09, 0.101, 0.094, 0.085, 0.082, 0.052, 0.03, 0.038, 0.034, 0.014, 0.025, 0.015, 0.011, 0.006, 0.011, 0.023, 0.02, 0.034, 0.033, 0.023, 0.018, 0.011, 0.004, 0.005, 0.006, 0.006, 0.004, 0.006, 0.008, 0.006, 0.007, 0.008, 0.004, 0.001, 0, 0, 0, 0.001, 0.001, 0.001, 0.002, 0.002, 0.002, 0.005, 0.003, 0.002, 0.005, 0.001, 0.001
precipitation[0][28], 0.212, 0.207, 0.214, 0.243, 0.294, 0.282, 0.312, 0.325, 0.317, 0.277, 0.301, 0.303, 0.276, 0.295, 0.299, 0.307, 0.343, 0.319, 0.333, 0.33, 0.299, 0.299, 0.291, 0.303, 0.295, 0.286, 0.277, 0.298, 0.296, 0.314, 0.317, 0.317, 0.323, 0.325, 0.327, 0.337, 0.344, 0.367, 0.395, 0.398, 0.402, 0.41, 0.419, 0.424, 0.421, 0.425, 0.422, 0.416, 0.422, 0.425, 0.422, 0.421, 0.41, 0.392, 0.379, 0.364, 0.35, 0.332, 0.316, 0.299, 0.279, 0.263, 0.259, 0.267, 0.273, 0.279, 0.287, 0.295, 0.303, 0.311, 0.319, 0.328, 0.332, 0.335, 0.34, 0.342, 0.344, 0.346, 0.349, 0.36, 0.363, 0.363, 0.368, 0.383, 0.4, 0.421, 0.447, 0.47, 0.493, 0.511, 0.529, 0.548, 0.559, 0.57, 0.578, 0.588, 0.601, 0.606, 0.615, 0.619, 0.631, 0.644, 0.622, 0.575, 0.53, 0.494, 0.447, 0.395, 0.345, 0.298, 0.253, 0.208, 0.177, 0.167, 0.156, 0.146, 0.131, 0.121, 0.109, 0.1, 0.087, 0.074, 0.068, 0.069, 0.068, 0.067, 0.067, 0.067, 0.064, 0.064, 0.064, 0.062, 0.06, 0.057, 0.051, 0.033, 0.039, 0.049, 0.1, 0.081, 0.061, 0.034, 0.039, 0.021, 0.04, 0.023, 0.016, 0.021, 0.01, 0.002, 0.003, 0.004, 0.008, 0.012, 0.019, 0.017, 0.018, 0.01, 0.011, 0.009, 0.009, 0.009, 0.009, 0.004, 0.005, 0.004, 0.006, 0.002, 0.001, 0, 0, 0, 0, 0, 0.001, 0.002, 0.002, 0.002, 0.005, 0.004, 0.004, 0.001, 0.005, 0.001, 0
precipitation[0][29], 0.21, 0.207, 0.228, 0.261, 0.237, 0.242, 0.283, 0.313, 0.342, 0.323, 0.291, 0.297, 0.31, 0.337, 0.313, 0.314, 0.349, 0.331, 0.334, 0.301, 0.302, 0.299, 0.291, 0.287, 0.284, 0.29, 0.267, 0.289, 0.29, 0.297, 0.295, 0.306, 0.312, 0.328, 0.333, 0.334, 0.333, 0.353, 0.367, 0.383, 0.391, 0.4, 0.416, 0.419, 0.424, 0.429, 0.435, 0.43, 0.438, 0.442, 0.443, 0.444, 0.432, 0.411, 0.396, 0.382, 0.365, 0.345, 0.329, 0.311, 0.29, 0.271, 0.265, 0.268, 0.271, 0.275, 0.279, 0.281, 0.285, 0.288, 0.292, 0.298, 0.298, 0.301, 0.305, 0.305, 0.305, 0.306, 0.311, 0.316, 0.317, 0.319, 0.327, 0.344, 0.364, 0.388, 0.414, 0.45, 0.471, 0.487, 0.508, 0.534, 0.549, 0.561, 0.571, 0.58, 0.595, 0.606, 0.619, 0.63, 0.644, 0.657, 0.633, 0.592, 0.545, 0.498, 0.452, 0.403, 0.349, 0.303, 0.261, 0.211, 0.181, 0.169, 0.159, 0.147, 0.133, 0.121, 0.11, 0.103, 0.092, 0.078, 0.07, 0.068, 0.067, 0.066, 0.063, 0.063, 0.061, 0.059, 0.059, 0.057, 0.056, 0.051, 0.047, 0.025, 0.042, 0.04, 0.039, 0.029, 0.029, 0.022, 0.023, 0.03, 0.026, 0.025, 0.03, 0.017, 0.005, 0.003, 0.002, 0.003, 0.006, 0.008, 0.007, 0.005, 0.006, 0.01, 0.009, 0.006, 0.007, 0.004, 0.008, 0.004, 0.005, 0.005, 0.006, 0.002, 0.001, 0, 0, 0, 0, 0, 0, 0.002, 0.001, 0.003, 0.004, 0.002, 0.004, 0.005, 0.005, 0.002, 0.001
precipitation[0][30], 0.229, 0.205, 0.207, 0.215, 0.244, 0.248, 0.252, 0.309, 0.254, 0.254, 0.259, 0.286, 0.316, 0.328, 0.3, 0.32, 0.33, 0.311, 0.319, 0.32, 0.311, 0.311, 0.294, 0.278, 0.261, 0.267, 0.266, 0.292, 0.285, 0.291, 0.292, 0.294, 0.31, 0.31, 0.315, 0.321, 0.324, 0.353, 0.365, 0.377, 0.387, 0.394, 0.405, 0.414, 0.424, 0.435, 0.437, 0.445, 0.454, 0.455, 0.459, 0.459, 0.453, 0.432, 0.417, 0.395, 0.38, 0.361, 0.343, 0.325, 0.3, 0.281, 0.271, 0.271, 0.269, 0.267, 0.266, 0.266, 0.265, 0.264, 0.263, 0.266, 0.266, 0.266, 0.27, 0.271, 0.269, 0.271, 0.269, 0.27, 0.27, 0.272, 0.281, 0.303, 0.326, 0.35, 0.382, 0.411, 0.441, 0.456, 0.484, 0.513, 0.533, 0.546, 0.564, 0.578, 0.592, 0.608, 0.623, 0.64, 0.654, 0.668, 0.652, 0.607, 0.556, 0.511, 0.465, 0.413, 0.359, 0.31, 0.261, 0.215, 0.186, 0.173, 0.159, 0.149, 0.137, 0.123, 0.113, 0.104, 0.092, 0.087, 0.072, 0.068, 0.066, 0.063, 0.061, 0.059, 0.057, 0.056, 0.056, 0.053, 0.05, 0.047, 0.043, 0.04, 0.018, 0.013, 0.027, 0.018, 0.027, 0.018, 0.019, 0.016, 0.026, 0.018, 0.016, 0.003, 0.002, 0.001, 0.001, 0.001, 0.002, 0.004, 0.006, 0.007, 0.005, 0.008, 0.009, 0.004, 0.007, 0.011, 0.01, 0.006, 0.006, 0.003, 0.001, 0.001, 0.001, 0, 0, 0, 0, 0, 0, 0.001, 0.001, 0.001, 0.002, 0.002, 0.003, 0.005, 0.004, 0.004, 0.005
precipitation[0][31], 0.259, 0.211, 0.213, 0.219, 0.262, 0.221, 0.208, 0.27, 0.223, 0.229, 0.26, 0.307, 0.36, 0.361, 0.339, 0.299, 0.299, 0.304, 0.315, 0.302, 0.3, 0.296, 0.293, 0.278, 0.271, 0.268, 0.263, 0.296, 0.296, 0.303, 0.297, 0.304, 0.313, 0.319, 0.319, 0.325, 0.335, 0.356, 0.364, 0.373, 0.382, 0.389, 0.395, 0.408, 0.422, 0.426, 0.442, 0.447, 0.456, 0.461, 0.464, 0.469, 0.463, 0.45, 0.428, 0.405, 0.387, 0.37, 0.351, 0.332, 0.312, 0.293, 0.283, 0.276, 0.274, 0.266, 0.263, 0.262, 0.26, 0.255, 0.251, 0.249, 0.249, 0.25, 0.256, 0.255, 0.256, 0.256, 0.25, 0.25, 0.249, 0.25, 0.257, 0.282, 0.306, 0.331, 0.36, 0.387, 0.415, 0.438, 0.462, 0.489, 0.513, 0.528, 0.543, 0.559, 0.577, 0.595, 0.613, 0.628, 0.641, 0.661, 0.647, 0.6, 0.557, 0.508, 0.462, 0.414, 0.36, 0.311, 0.267, 0.223, 0.189, 0.182, 0.169, 0.161, 0.148, 0.134, 0.123, 0.112, 0.104, 0.094, 0.08, 0.076, 0.069, 0.067, 0.064, 0.06, 0.058, 0.057, 0.056, 0.053, 0.05, 0.046, 0.043, 0.041, 0.037, 0.011, 0.018, 0.032, 0.023, 0.031, 0.006, 0.015, 0.008, 0.006, 0.008, 0.007, 0.001, 0.001, 0.002, 0.001, 0.001, 0.001, 0.003, 0.005, 0.005, 0.005, 0.005, 0.01, 0.009, 0.013, 0.011, 0.008, 0.003, 0.002, 0.001, 0.001, 0.001, 0, 0, 0, 0, 0, 0, 0.001, 0.001, 0, 0.001, 0.001, 0.003, 0.004, 0.002, 0.004, 0.002
precipitation[0][32], 0.238, 0.212, 0.202, 0.213, 0.198, 0.25, 0.213, 0.234, 0.222, 0.239, 0.27, 0.359, 0.349, 0.347, 0.338, 0.289, 0.284, 0.294, 0.286, 0.296, 0.299, 0.301, 0.304, 0.293, 0.28, 0.278, 0.281, 0.308, 0.312, 0.316, 0.303, 0.319, 0.316, 0.325, 0.331, 0.339, 0.337, 0.362, 0.364, 0.372, 0.378, 0.384, 0.389, 0.399, 0.423, 0.43, 0.429, 0.437, 0.446, 0.451, 0.455, 0.462, 0.457, 0.44, 0.422, 0.409, 0.392, 0.376, 0.362, 0.346, 0.325, 0.306, 0.296, 0.29, 0.284, 0.275, 0.271, 0.268, 0.263, 0.257, 0.252, 0.249, 0.247, 0.249, 0.253, 0.255, 0.252, 0.254, 0.252, 0.252, 0.251, 0.251, 0.259, 0.283, 0.303, 0.324, 0.345, 0.367, 0.393, 0.418, 0.439, 0.463, 0.48, 0.499, 0.51, 0.523, 0.54, 0.561, 0.585, 0.597, 0.606, 0.622, 0.612, 0.573, 0.53, 0.485, 0.436, 0.393, 0.348, 0.307, 0.265, 0.223, 0.196, 0.187, 0.175, 0.16, 0.15, 0.138, 0.129, 0.121, 0.109, 0.095, 0.089, 0.085, 0.076, 0.072, 0.069, 0.066, 0.062, 0.06, 0.059, 0.055, 0.052, 0.048, 0.044, 0.042, 0.041, 0.035, 0.005, 0.017, 0.019, 0.006, 0.005, 0.007, 0.006, 0.005, 0.009, 0.009, 0.001, 0.001, 0.002, 0.001, 0.001, 0.001, 0.001, 0.003, 0.005, 0.004, 0.003, 0.003, 0.01, 0.006, 0.004, 0.003, 0.002, 0.002, 0.001, 0.001, 0, 0, 0, 0, 0, 0, 0, 0.001, 0, 0, 0, 0, 0.002, 0.002, 0.002, 0.003, 0.003
precipitation[0][33], 0.222, 0.201, 0.18, 0.186, 0.199, 0.205, 0.199, 0.232, 0.263, 0.266, 0.313, 0.308, 0.373, 0.348, 0.313, 0.284, 0.28, 0.284, 0.295, 0.3, 0.292, 0.299, 0.303, 0.304, 0.293, 0.301, 0.3, 0.307, 0.308, 0.313, 0.323, 0.319, 0.327, 0.33, 0.335, 0.345, 0.344, 0.362, 0.362, 0.368, 0.371, 0.376, 0.382, 0.393, 0.401, 0.408, 0.42, 0.427, 0.433, 0.442, 0.45, 0.455, 0.45, 0.432, 0.42, 0.406, 0.393, 0.378, 0.365, 0.349, 0.335, 0.32, 0.31, 0.3, 0.291, 0.283, 0.279, 0.274, 0.267, 0.26, 0.254, 0.248, 0.246, 0.247, 0.249, 0.253, 0.253, 0.252, 0.254, 0.258, 0.255, 0.255, 0.263, 0.28, 0.301, 0.32, 0.338, 0.355, 0.377, 0.396, 0.417, 0.437, 0.456, 0.466, 0.478, 0.491, 0.507, 0.523, 0.541, 0.554, 0.566, 0.577, 0.571, 0.538, 0.5, 0.452, 0.412, 0.372, 0.332, 0.295, 0.259, 0.218, 0.198, 0.188, 0.174, 0.16, 0.149, 0.14, 0.136, 0.13, 0.114, 0.099, 0.092, 0.09, 0.083, 0.079, 0.077, 0.07, 0.066, 0.062, 0.061, 0.058, 0.054, 0.05, 0.046, 0.044, 0.041, 0.038, 0.034, 0.031, 0.01, 0.005, 0.002, 0.006, 0.004, 0.003, 0.006, 0.001, 0.001, 0.001, 0.001, 0.002, 0.001, 0.001, 0.001, 0.001, 0.003, 0.003, 0.001, 0.001, 0.001, 0.001, 0.001, 0.003, 0.001, 0.002, 0, 0, 0, 0, 0, 0, 0, 0, 0.001, 0.001, 0, 0, 0.001, 0.001, 0.001, 0.002, 0.002, 0.003, 0.003
precipitation[0][34], 0.19, 0.189, 0.174, 0.191, 0.197, 0.238, 0.238, 0.268, 0.263, 0.293, 0.342, 0.378, 0.379, 0.36, 0.317, 0.304, 0.303, 0.302, 0.311, 0.303, 0.308, 0.298, 0.315, 0.312, 0.303, 0.306, 0.3, 0.321, 0.319, 0.324, 0.33, 0.323, 0.332, 0.331, 0.332, 0.351, 0.362, 0.357, 0.36, 0.363, 0.361, 0.36, 0.37, 0.38, 0.39, 0.397, 0.402, 0.413, 0.423, 0.43, 0.441, 0.447, 0.443, 0.431, 0.42, 0.41, 0.395, 0.38, 0.371, 0.36, 0.344, 0.333, 0.316, 0.311, 0.298, 0.291, 0.285, 0.279, 0.27, 0.261, 0.254, 0.246, 0.244, 0.247, 0.249, 0.251, 0.254, 0.256, 0.256, 0.259, 0.26, 0.259, 0.267, 0.283, 0.301, 0.317, 0.332, 0.346, 0.365, 0.381, 0.398, 0.415, 0.429, 0.439, 0.452, 0.464, 0.48, 0.497, 0.511, 0.52, 0.527, 0.541, 0.539, 0.508, 0.468, 0.429, 0.397, 0.359, 0.322, 0.287, 0.257, 0.225, 0.212, 0.203, 0.179, 0.162, 0.153, 0.147, 0.148, 0.137, 0.118, 0.104, 0.1, 0.097, 0.092, 0.085, 0.083, 0.075, 0.07, 0.066, 0.063, 0.061, 0.055, 0.053, 0.049, 0.046, 0.043, 0.04, 0.036, 0.034, 0.03, 0.007, 0.001, 0.002, 0.006, 0.001, 0.002, 0.001, 0.002, 0.001, 0.001, 0.001, 0.002, 0.002, 0.001, 0.001, 0.001, 0.002, 0.003, 0.001, 0.001, 0.002, 0.005, 0.004, 0.002, 0.001, 0.001, 0.001, 0, 0, 0, 0, 0.001, 0.002, 0.001, 0.001, 0, 0, 0.001, 0.001, 0.001, 0, 0.001, 0.004, 0.003
precipitation[0][35], 0.187, 0.169, 0.178, 0.187, 0.189, 0.209, 0.278, 0.309, 0.325, 0.358, 0.383, 0.385, 0.398, 0.377, 0.338, 0.33, 0.31, 0.304, 0.312, 0.334, 0.321, 0.36, 0.368, 0.365, 0.329, 0.311, 0.308, 0.33, 0.331, 0.333, 0.341, 0.334, 0.337, 0.335, 0.326, 0.351, 0.36, 0.355, 0.359, 0.362, 0.363, 0.356, 0.364, 0.369, 0.377, 0.386, 0.394, 0.402, 0.418, 0.421, 0.43, 0.436, 0.436, 0.425, 0.415, 0.405, 0.393, 0.382, 0.376, 0.372, 0.358, 0.347, 0.333, 0.321, 0.31, 0.299, 0.29, 0.286, 0.274, 0.265, 0.257, 0.25, 0.247, 0.249, 0.249, 0.252, 0.257, 0.258, 0.258, 0.26, 0.263, 0.264, 0.27, 0.282, 0.297, 0.311, 0.323, 0.335, 0.352, 0.363, 0.377, 0.395, 0.404, 0.412, 0.423, 0.437, 0.45, 0.462, 0.474, 0.481, 0.485, 0.502, 0.503, 0.474, 0.44, 0.4, 0.375, 0.344, 0.315, 0.285, 0.257, 0.225, 0.206, 0.191, 0.178, 0.167, 0.163, 0.157, 0.153, 0.137, 0.121, 0.111, 0.109, 0.107, 0.093, 0.09, 0.088, 0.082, 0.075, 0.072, 0.071, 0.063, 0.06, 0.055, 0.053, 0.049, 0.046, 0.042, 0.039, 0.035, 0.033, 0.004, 0.002, 0.001, 0.001, 0.001, 0.001, 0.001, 0.001, 0.003, 0.003, 0.002, 0.001, 0.001, 0.002, 0.002, 0.002, 0.002, 0.004, 0.001, 0.001, 0.002, 0.006, 0.004, 0.002, 0.002, 0.001, 0, 0, 0, 0, 0, 0.001, 0.001, 0.001, 0.001, 0, 0, 0.001, 0.001, 0.001, 0.001, 0.002, 0.003, 0.004
precipitation[0][36], 0.197, 0.196, 0.193, 0.189, 0.196, 0.216, 0.283, 0.333, 0.37, 0.409, 0.418, 0.389, 0.397, 0.388, 0.34, 0.341, 0.355, 0.333, 0.386, 0.374, 0.396, 0.416, 0.37, 0.351, 0.322, 0.326, 0.314, 0.323, 0.333, 0.355, 0.384, 0.358, 0.342, 0.333, 0.327, 0.343, 0.347, 0.357, 0.36, 0.376, 0.361, 0.351, 0.338, 0.349, 0.356, 0.366, 0.39, 0.393, 0.406, 0.412, 0.415, 0.424, 0.428, 0.418, 0.409, 0.403, 0.39, 0.384, 0.382, 0.38, 0.371, 0.35, 0.342, 0.326, 0.317, 0.304, 0.291, 0.286, 0.275, 0.266, 0.257, 0.248, 0.246, 0.25, 0.253, 0.254, 0.256, 0.258, 0.259, 0.263, 0.266, 0.268, 0.273, 0.285, 0.296, 0.306, 0.315, 0.326, 0.339, 0.35, 0.361, 0.372, 0.382, 0.391, 0.401, 0.41, 0.419, 0.428, 0.439, 0.448, 0.456, 0.469, 0.463, 0.434, 0.405, 0.377, 0.351, 0.321, 0.296, 0.274, 0.247, 0.219, 0.198, 0.187, 0.18, 0.173, 0.171, 0.166, 0.165, 0.143, 0.127, 0.117, 0.131, 0.107, 0.098, 0.093, 0.095, 0.085, 0.079, 0.074, 0.072, 0.067, 0.064, 0.061, 0.057, 0.052, 0.048, 0.045, 0.041, 0.038, 0.035, 0.032, 0.001, 0, 0.007, 0, 0.001, 0.001, 0.003, 0.003, 0.003, 0.003, 0.001, 0.005, 0.003, 0.003, 0.002, 0.002, 0.003, 0.003, 0.004, 0.001, 0.001, 0.002, 0.001, 0.001, 0.001, 0.001, 0, 0, 0.001, 0, 0, 0.001, 0.001, 0.001, 0, 0, 0, 0.001, 0, 0.001, 0.002, 0.006, 0.006
precipitation[0][37], 0.213, 0.19, 0.202, 0.187, 0.219, 0.22, 0.241, 0.317, 0.385, 0.408, 0.426, 0.418, 0.397, 0.381, 0.338, 0.34, 0.381, 0.363, 0.457, 0.415, 0.4, 0.367, 0.391, 0.345, 0.316, 0.339, 0.352, 0.341, 0.335, 0.35, 0.38, 0.367, 0.356, 0.364, 0.349, 0.357, 0.347, 0.354, 0.359, 0.362, 0.366, 0.351, 0.347, 0.35, 0.36, 0.367, 0.387, 0.386, 0.388, 0.391, 0.402, 0.415, 0.415, 0.405, 0.399, 0.398, 0.389, 0.386, 0.381, 0.374, 0.383, 0.363, 0.353, 0.34, 0.329, 0.311, 0.3, 0.291, 0.281, 0.271, 0.258, 0.25, 0.248, 0.255, 0.252, 0.255, 0.258, 0.259, 0.261, 0.264, 0.268, 0.27, 0.276, 0.284, 0.295, 0.303, 0.309, 0.315, 0.324, 0.332, 0.343, 0.35, 0.359, 0.368, 0.377, 0.383, 0.39, 0.397, 0.405, 0.414, 0.423, 0.433, 0.429, 0.402, 0.378, 0.354, 0.331, 0.307, 0.285, 0.266, 0.241, 0.218, 0.2, 0.191, 0.185, 0.177, 0.167, 0.156, 0.153, 0.148, 0.134, 0.125, 0.119, 0.109, 0.103, 0.097, 0.093, 0.089, 0.082, 0.079, 0.075, 0.072, 0.069, 0.063, 0.059, 0.054, 0.05, 0.048, 0.044, 0.04, 0.037, 0.034, 0.032, 0.001, 0.006, 0.008, 0, 0.002, 0, 0.004, 0.001, 0.001, 0.002, 0.003, 0.01, 0.004, 0.003, 0.003, 0.003, 0.002, 0.004, 0.003, 0.001, 0.001, 0.001, 0.001, 0.001, 0.001, 0, 0.001, 0.001, 0, 0.001, 0.001, 0.001, 0.001, 0.001, 0, 0, 0.001, 0.001, 0.001, 0.001, 0.002, 0.005
precipitation[0][38], 0.206, 0.186, 0.188, 0.196, 0.206, 0.242, 0.242, 0.274, 0.336, 0.344, 0.342, 0.401, 0.382, 0.371, 0.333, 0.342, 0.374, 0.381, 0.457, 0.401, 0.379, 0.381, 0.342, 0.334, 0.332, 0.344, 0.347, 0.354, 0.346, 0.363, 0.372, 0.389, 0.381, 0.361, 0.351, 0.355, 0.366, 0.367, 0.365, 0.368, 0.358, 0.349, 0.338, 0.37, 0.396, 0.38, 0.4, 0.388, 0.381, 0.387, 0.398, 0.417, 0.417, 0.409, 0.396, 0.401, 0.395, 0.388, 0.394, 0.388, 0.394, 0.384, 0.372, 0.362, 0.348, 0.331, 0.306, 0.296, 0.285, 0.274, 0.265, 0.257, 0.259, 0.259, 0.263, 0.267, 0.268, 0.267, 0.267, 0.271, 0.273, 0.277, 0.279, 0.286, 0.294, 0.3, 0.303, 0.307, 0.311, 0.315, 0.321, 0.328, 0.334, 0.341, 0.349, 0.355, 0.36, 0.367, 0.371, 0.378, 0.386, 0.398, 0.393, 0.373, 0.351, 0.332, 0.313, 0.293, 0.276, 0.259, 0.238, 0.217, 0.204, 0.197, 0.191, 0.183, 0.172, 0.162, 0.156, 0.151, 0.141, 0.134, 0.128, 0.115, 0.108, 0.103, 0.095, 0.092, 0.085, 0.084, 0.08, 0.077, 0.07, 0.061, 0.059, 0.055, 0.052, 0.049, 0.046, 0.043, 0.039, 0.036, 0.034, 0.034, 0.032, 0.01, 0, 0, 0, 0.001, 0, 0, 0.002, 0.001, 0.002, 0.012, 0.005, 0.005, 0.003, 0.002, 0.004, 0.005, 0.003, 0.001, 0.001, 0.001, 0, 0.001, 0.001, 0.001, 0.001, 0.001, 0.001, 0.001, 0, 0, 0, 0, 0, 0, 0, 0.002, 0.002, 0.001, 0.003
precipitation[0][39], 0.225, 0.2, 0.186, 0.201, 0.227, 0.263, 0.261, 0.267, 0.314, 0.314, 0.326, 0.356, 0.375, 0.388, 0.379, 0.384, 0.406, 0.409, 0.388, 0.362, 0.361, 0.385, 0.392, 0.357, 0.37, 0.372, 0.345, 0.372, 0.353, 0.367, 0.384, 0.394, 0.396, 0.388, 0.375, 0.365, 0.378, 0.375, 0.371, 0.367, 0.35, 0.339, 0.34, 0.356, 0.379, 0.382, 0.408, 0.388, 0.386, 0.378, 0.392, 0.404, 0.411, 0.404, 0.401, 0.397, 0.399, 0.394, 0.4, 0.399, 0.397, 0.394, 0.385, 0.366, 0.357, 0.344, 0.32, 0.304, 0.288, 0.275, 0.266, 0.263, 0.255, 0.256, 0.261, 0.262, 0.265, 0.267, 0.269, 0.273, 0.278, 0.282, 0.284, 0.284, 0.288, 0.29, 0.293, 0.296, 0.299, 0.3, 0.303, 0.306, 0.309, 0.316, 0.32, 0.326, 0.329, 0.337, 0.34, 0.342, 0.351, 0.361, 0.354, 0.339, 0.323, 0.308, 0.295, 0.282, 0.27, 0.254, 0.239, 0.224, 0.213, 0.207, 0.211, 0.191, 0.182, 0.168, 0.161, 0.155, 0.144, 0.138, 0.13, 0.12, 0.114, 0.108, 0.1, 0.101, 0.092, 0.087, 0.082, 0.075, 0.078, 0.066, 0.062, 0.057, 0.055, 0.051, 0.048, 0.045, 0.042, 0.039, 0.037, 0.037, 0.037, 0.034, 0.032, 0.03, 0.029, 0.028, 0, 0, 0, 0.001, 0.001, 0.004, 0.011, 0.007, 0.004, 0.003, 0.003, 0.007, 0.004, 0.001, 0.001, 0.001, 0.001, 0.001, 0, 0.001, 0.001, 0.001, 0.001, 0, 0, 0, 0, 0, 0, 0, 0.002, 0.001, 0.002, 0.002, 0.003
precipitation[0][40], 0.201, 0.193, 0.2, 0.231, 0.292, 0.278, 0.282, 0.242, 0.29, 0.308, 0.316, 0.382, 0.407, 0.384, 0.357, 0.342, 0.368, 0.321, 0.356, 0.358, 0.361, 0.344, 0.337, 0.323, 0.312, 0.312, 0.318, 0.378, 0.374, 0.371, 0.396, 0.408, 0.395, 0.395, 0.364, 0.367, 0.384, 0.373, 0.367, 0.36, 0.344, 0.342, 0.352, 0.363, 0.386, 0.406, 0.41, 0.379, 0.381, 0.376, 0.378, 0.393, 0.4, 0.403, 0.404, 0.404, 0.4, 0.397, 0.405, 0.406, 0.403, 0.409, 0.404, 0.388, 0.37, 0.349, 0.326, 0.313, 0.293, 0.279, 0.264, 0.252, 0.249, 0.252, 0.257, 0.261, 0.267, 0.27, 0.272, 0.276, 0.283, 0.287, 0.288, 0.286, 0.287, 0.285, 0.284, 0.282, 0.284, 0.285, 0.284, 0.284, 0.284, 0.291, 0.297, 0.301, 0.302, 0.307, 0.308, 0.311, 0.316, 0.321, 0.318, 0.307, 0.296, 0.285, 0.278, 0.272, 0.262, 0.25, 0.237, 0.226, 0.217, 0.214, 0.205, 0.201, 0.191, 0.178, 0.169, 0.161, 0.151, 0.145, 0.136, 0.126, 0.121, 0.112, 0.105, 0.101, 0.095, 0.09, 0.084, 0.079, 0.075, 0.067, 0.063, 0.06, 0.057, 0.054, 0.051, 0.048, 0.044, 0.041, 0.039, 0.038, 0.037, 0.035, 0.033, 0.031, 0.03, 0.029, 0.027, 0.026, 0.025, 0.003, 0.003, 0.003, 0.005, 0.012, 0.006, 0.004, 0.002, 0.002, 0.005, 0.001, 0.001, 0.001, 0.001, 0.001, 0, 0.001, 0.001, 0.001, 0.001, 0, 0, 0, 0, 0, 0.001, 0.001, 0.001, 0.002, 0.002, 0, 0
precipitation[0][41], 0.209, 0.215, 0.23, 0.304, 0.302, 0.279, 0.291, 0.278, 0.28, 0.282, 0.287, 0.348, 0.354, 0.365, 0.352, 0.329, 0.348, 0.341, 0.339, 0.337, 0.365, 0.371, 0.333, 0.341, 0.31, 0.323, 0.331, 0.361, 0.383, 0.398, 0.408, 0.402, 0.39, 0.406, 0.386, 0.376, 0.386, 0.376, 0.361, 0.365, 0.358, 0.343, 0.351, 0.356, 0.386, 0.408, 0.413, 0.389, 0.378, 0.373, 0.38, 0.395, 0.395, 0.401, 0.402, 0.399, 0.4, 0.401, 0.399, 0.399, 0.402, 0.415, 0.414, 0.388, 0.37, 0.355, 0.333, 0.321, 0.306, 0.292, 0.273, 0.258, 0.253, 0.26, 0.269, 0.268, 0.272, 0.276, 0.279, 0.284, 0.288, 0.293, 0.291, 0.288, 0.287, 0.284, 0.282, 0.279, 0.275, 0.274, 0.272, 0.265, 0.267, 0.274, 0.284, 0.288, 0.287, 0.286, 0.288, 0.292, 0.296, 0.3, 0.3, 0.29, 0.282, 0.276, 0.271, 0.266, 0.261, 0.251, 0.242, 0.231, 0.224, 0.216, 0.21, 0.199, 0.191, 0.179, 0.175, 0.168, 0.157, 0.145, 0.138, 0.131, 0.123, 0.116, 0.109, 0.1, 0.097, 0.089, 0.081, 0.076, 0.076, 0.067, 0.065, 0.061, 0.058, 0.055, 0.052, 0.049, 0.045, 0.043, 0.041, 0.04, 0.039, 0.036, 0.034, 0.032, 0.03, 0.029, 0.027, 0.025, 0.025, 0.025, 0.003, 0.003, 0.004, 0.005, 0.02, 0.007, 0.003, 0.002, 0.001, 0, 0, 0, 0.001, 0.001, 0, 0.001, 0.001, 0.001, 0.001, 0, 0, 0, 0, 0, 0.001, 0, 0.001, 0.003, 0.001, 0.001, 0
precipitation[0][42], 0.211, 0.233, 0.245, 0.352, 0.426, 0.317, 0.279, 0.305, 0.276, 0.273, 0.298, 0.339, 0.37, 0.351, 0.367, 0.328, 0.36, 0.343, 0.345, 0.34, 0.328, 0.324, 0.334, 0.324, 0.325, 0.335, 0.32, 0.368, 0.384, 0.391, 0.389, 0.405, 0.389, 0.383, 0.378, 0.386, 0.383, 0.384, 0.371, 0.375, 0.362, 0.355, 0.351, 0.353, 0.393, 0.408, 0.404, 0.376, 0.384, 0.379, 0.38, 0.384, 0.384, 0.387, 0.396, 0.396, 0.406, 0.4, 0.398, 0.401, 0.405, 0.41, 0.408, 0.395, 0.381, 0.366, 0.346, 0.331, 0.319, 0.305, 0.289, 0.274, 0.265, 0.271, 0.278, 0.284, 0.283, 0.283, 0.283, 0.285, 0.287, 0.289, 0.291, 0.29, 0.291, 0.284, 0.28, 0.272, 0.269, 0.267, 0.262, 0.259, 0.262, 0.269, 0.276, 0.286, 0.292, 0.285, 0.285, 0.291, 0.297, 0.295, 0.299, 0.288, 0.285, 0.282, 0.273, 0.269, 0.262, 0.249, 0.248, 0.236, 0.228, 0.217, 0.209, 0.2, 0.188, 0.183, 0.179, 0.17, 0.157, 0.145, 0.138, 0.129, 0.122, 0.116, 0.109, 0.112, 0.096, 0.091, 0.08, 0.074, 0.07, 0.067, 0.064, 0.061, 0.058, 0.055, 0.053, 0.05, 0.046, 0.043, 0.042, 0.041, 0.04, 0.037, 0.035, 0.033, 0.032, 0.032, 0.03, 0.026, 0.024, 0.023, 0.023, 0.001, 0.001, 0.002, 0.004, 0.021, 0.004, 0.002, 0.001, 0.001, 0.001, 0.001, 0.001, 0.001, 0, 0.001, 0.001, 0, 0.001, 0, 0, 0, 0, 0, 0, 0, 0.001, 0.001, 0.001, 0.001, 0
precipitation[0][43], 0.263, 0.265, 0.297, 0.356, 0.387, 0.376, 0.318, 0.385, 0.341, 0.303, 0.301, 0.333, 0.376, 0.372, 0.37, 0.325, 0.338, 0.347, 0.344, 0.353, 0.313, 0.334, 0.346, 0.338, 0.326, 0.327, 0.325, 0.369, 0.371, 0.373, 0.373, 0.377, 0.376, 0.368, 0.37, 0.393, 0.401, 0.397, 0.385, 0.382, 0.349, 0.348, 0.345, 0.352, 0.378, 0.376, 0.403, 0.381, 0.384, 0.378, 0.375, 0.377, 0.386, 0.395, 0.397, 0.389, 0.395, 0.403, 0.399, 0.405, 0.411, 0.41, 0.412, 0.398, 0.384, 0.375, 0.356, 0.341, 0.329, 0.32, 0.307, 0.291, 0.282, 0.283, 0.294, 0.293, 0.295, 0.291, 0.294, 0.29, 0.289, 0.288, 0.291, 0.286, 0.283, 0.278, 0.274, 0.268, 0.264, 0.262, 0.258, 0.256, 0.258, 0.263, 0.267, 0.274, 0.276, 0.275, 0.278, 0.285, 0.291, 0.297, 0.294, 0.291, 0.282, 0.282, 0.273, 0.269, 0.26, 0.258, 0.247, 0.244, 0.232, 0.22, 0.208, 0.199, 0.19, 0.183, 0.18, 0.173, 0.157, 0.148, 0.14, 0.13, 0.122, 0.116, 0.11, 0.107, 0.098, 0.088, 0.083, 0.075, 0.07, 0.066, 0.064, 0.061, 0.059, 0.055, 0.053, 0.05, 0.047, 0.045, 0.044, 0.043, 0.041, 0.04, 0.037, 0.037, 0.032, 0.031, 0.031, 0.027, 0.024, 0.023, 0.023, 0.022, 0.001, 0.001, 0.002, 0.015, 0.008, 0.005, 0.002, 0.001, 0.001, 0.001, 0.001, 0, 0, 0.001, 0, 0, 0.001, 0, 0, 0, 0, 0, 0, 0, 0, 0, 0, 0.001, 0
precipitation[0][44], 0.272, 0.287, 0.301, 0.354, 0.394, 0.378, 0.342, 0.366, 0.325, 0.293, 0.302, 0.33, 0.367, 0.382, 0.383, 0.33, 0.342, 0.357, 0.355, 0.344, 0.323, 0.332, 0.349, 0.371, 0.388, 0.379, 0.344, 0.397, 0.376, 0.364, 0.357, 0.368, 0.364, 0.366, 0.369, 0.416, 0.42, 0.396, 0.383, 0.377, 0.366, 0.342, 0.342, 0.367, 0.365, 0.363, 0.396, 0.37, 0.387, 0.376, 0.372, 0.38, 0.385, 0.395, 0.41, 0.413, 0.394, 0.405, 0.404, 0.409, 0.416, 0.415, 0.412, 0.4, 0.392, 0.385, 0.371, 0.355, 0.341, 0.331, 0.325, 0.308, 0.301, 0.296, 0.296, 0.297, 0.295, 0.296, 0.296, 0.295, 0.293, 0.292, 0.287, 0.288, 0.287, 0.281, 0.287, 0.266, 0.26, 0.257, 0.255, 0.253, 0.257, 0.258, 0.259, 0.261, 0.268, 0.27, 0.271, 0.276, 0.283, 0.286, 0.287, 0.286, 0.281, 0.282, 0.275, 0.277, 0.267, 0.263, 0.252, 0.249, 0.238, 0.227, 0.214, 0.202, 0.195, 0.186, 0.176, 0.177, 0.16, 0.148, 0.14, 0.131, 0.123, 0.116, 0.112, 0.104, 0.099, 0.09, 0.084, 0.076, 0.071, 0.067, 0.064, 0.06, 0.058, 0.056, 0.053, 0.05, 0.047, 0.046, 0.044, 0.045, 0.044, 0.045, 0.037, 0.035, 0.032, 0.03, 0.029, 0.028, 0.025, 0.024, 0.023, 0.022, 0.021, 0, 0.001, 0.009, 0.019, 0.005, 0.003, 0.002, 0.001, 0.001, 0.001, 0.001, 0.001, 0, 0, 0, 0.001, 0, 0, 0, 0, 0, 0, 0, 0, 0, 0, 0, 0
precipitation[0][45], 0.268, 0.296, 0.358, 0.381, 0.365, 0.336, 0.339, 0.338, 0.328, 0.308, 0.301, 0.335, 0.376, 0.373, 0.393, 0.375, 0.377, 0.358, 0.349, 0.321, 0.331, 0.344, 0.337, 0.356, 0.348, 0.4, 0.367, 0.38, 0.387, 0.388, 0.377, 0.364, 0.358, 0.354, 0.371, 0.401, 0.417, 0.398, 0.381, 0.363, 0.358, 0.345, 0.353, 0.357, 0.352, 0.362, 0.376, 0.369, 0.377, 0.375, 0.377, 0.387, 0.391, 0.386, 0.409, 0.417, 0.406, 0.406, 0.406, 0.415, 0.424, 0.424, 0.421, 0.411, 0.402, 0.397, 0.378, 0.367, 0.356, 0.341, 0.334, 0.325, 0.316, 0.313, 0.31, 0.308, 0.308, 0.304, 0.302, 0.303, 0.299, 0.296, 0.287, 0.284, 0.282, 0.278, 0.269, 0.262, 0.263, 0.256, 0.253, 0.248, 0.25, 0.251, 0.253, 0.255, 0.258, 0.261, 0.263, 0.267, 0.27, 0.274, 0.277, 0.28, 0.277, 0.267, 0.264, 0.258, 0.257, 0.253, 0.25, 0.252, 0.249, 0.231, 0.219, 0.204, 0.196, 0.187, 0.178, 0.172, 0.159, 0.148, 0.14, 0.13, 0.124, 0.118, 0.111, 0.104, 0.097, 0.092, 0.085, 0.076, 0.071, 0.067, 0.064, 0.061, 0.059, 0.056, 0.053, 0.05, 0.047, 0.044, 0.042, 0.042, 0.041, 0.038, 0.035, 0.034, 0.031, 0.03, 0.028, 0.027, 0.026, 0.024, 0.022, 0.021, 0.02, 0, 0.002, 0.002, 0.004, 0.01, 0.004, 0.004, 0.002, 0.001, 0, 0, 0, 0, 0, 0, 0, 0, 0, 0, 0, 0, 0, 0, 0, 0, 0, 0, 0
precipitation[0][46], 0.272, 0.3, 0.382, 0.386, 0.368, 0.354, 0.349, 0.329, 0.307, 0.297, 0.298, 0.337, 0.367, 0.349, 0.367, 0.376, 0.376, 0.332, 0.351, 0.318, 0.341, 0.36, 0.401, 0.379, 0.405, 0.434, 0.378, 0.388, 0.391, 0.385, 0.363, 0.358, 0.351, 0.355, 0.374, 0.386, 0.378, 0.387, 0.382, 0.375, 0.355, 0.351, 0.347, 0.352, 0.359, 0.353, 0.401, 0.364, 0.387, 0.405, 0.4, 0.403, 0.412, 0.398, 0.389, 0.387, 0.397, 0.426, 0.411, 0.45, 0.446, 0.443, 0.423, 0.416, 0.413, 0.41, 0.4, 0.38, 0.37, 0.357, 0.346, 0.341, 0.332, 0.334, 0.323, 0.322, 0.316, 0.31, 0.303, 0.302, 0.302, 0.296, 0.289, 0.283, 0.279, 0.275, 0.271, 0.261, 0.258, 0.256, 0.248, 0.239, 0.241, 0.245, 0.249, 0.25, 0.253, 0.254, 0.258, 0.261, 0.265, 0.267, 0.267, 0.271, 0.269, 0.261, 0.258, 0.255, 0.251, 0.25, 0.251, 0.251, 0.249, 0.234, 0.22, 0.208, 0.197, 0.186, 0.175, 0.167, 0.156, 0.147, 0.14, 0.132, 0.125, 0.117, 0.114, 0.105, 0.097, 0.09, 0.084, 0.077, 0.072, 0.068, 0.065, 0.062, 0.059, 0.057, 0.054, 0.052, 0.048, 0.045, 0.042, 0.041, 0.04, 0.037, 0.036, 0.033, 0.031, 0.03, 0.028, 0.026, 0.025, 0.023, 0.022, 0.021, 0.02, 0.019, 0.003, 0.002, 0.002, 0.004, 0.003, 0.003, 0.004, 0.002, 0.001, 0, 0, 0, 0, 0, 0, 0, 0, 0, 0, 0, 0, 0, 0, 0, 0, 0, 0
precipitation[0][47], 0.29, 0.307, 0.371, 0.346, 0.32, 0.327, 0.337, 0.337, 0.317, 0.294, 0.311, 0.357, 0.384, 0.384, 0.374, 0.347, 0.353, 0.343, 0.353, 0.326, 0.346, 0.366, 0.404, 0.406, 0.391, 0.389, 0.414, 0.402, 0.403, 0.381, 0.369, 0.374, 0.366, 0.36, 0.37, 0.37, 0.353, 0.362, 0.359, 0.37, 0.371, 0.345, 0.337, 0.34, 0.357, 0.335, 0.362, 0.367, 0.381, 0.4, 0.407, 0.4, 0.402, 0.406, 0.404, 0.388, 0.394, 0.407, 0.423, 0.455, 0.446, 0.443, 0.443, 0.437, 0.421, 0.433, 0.421, 0.397, 0.382, 0.379, 0.371, 0.358, 0.35, 0.342, 0.332, 0.33, 0.319, 0.316, 0.308, 0.303, 0.304, 0.297, 0.291, 0.285, 0.276, 0.274, 0.282, 0.262, 0.259, 0.252, 0.246, 0.241, 0.235, 0.238, 0.24, 0.243, 0.246, 0.249, 0.251, 0.254, 0.258, 0.262, 0.261, 0.263, 0.26, 0.256, 0.256, 0.253, 0.25, 0.249, 0.249, 0.249, 0.243, 0.232, 0.22, 0.211, 0.2, 0.188, 0.177, 0.166, 0.157, 0.147, 0.14, 0.138, 0.13, 0.118, 0.113, 0.107, 0.099, 0.092, 0.084, 0.077, 0.072, 0.069, 0.066, 0.065, 0.062, 0.058, 0.056, 0.052, 0.048, 0.046, 0.043, 0.041, 0.039, 0.037, 0.036, 0.033, 0.031, 0.03, 0.029, 0.026, 0.024, 0.023, 0.022, 0.021, 0.02, 0.019, 0.003, 0.001, 0.002, 0.003, 0.002, 0.003, 0.005, 0.003, 0.001, 0.001, 0, 0, 0, 0, 0, 0, 0, 0, 0, 0, 0.001, 0, 0, 0, 0, 0, 0
precipitation[0][48], 0.25, 0.269, 0.337, 0.325, 0.303, 0.324, 0.329, 0.328, 0.333, 0.322, 0.335, 0.364, 0.403, 0.403, 0.389, 0.384, 0.393, 0.362, 0.35, 0.334, 0.345, 0.376, 0.416, 0.439, 0.397, 0.43, 0.429, 0.451, 0.426, 0.387, 0.365, 0.365, 0.377, 0.386, 0.376, 0.362, 0.353, 0.337, 0.342, 0.348, 0.365, 0.345, 0.328, 0.348, 0.354, 0.347, 0.359, 0.359, 0.364, 0.386, 0.392, 0.393, 0.42, 0.411, 0.405, 0.399, 0.401, 0.423, 0.434, 0.45, 0.454, 0.448, 0.441, 0.436, 0.424, 0.424, 0.416, 0.406, 0.397, 0.392, 0.386, 0.366, 0.36, 0.353, 0.34, 0.333, 0.335, 0.324, 0.315, 0.305, 0.299, 0.292, 0.29, 0.284, 0.277, 0.277, 0.278, 0.267, 0.255, 0.25, 0.236, 0.235, 0.227, 0.23, 0.233, 0.237, 0.24, 0.241, 0.243, 0.247, 0.251, 0.254, 0.254, 0.255, 0.255, 0.254, 0.254, 0.252, 0.252, 0.253, 0.25, 0.248, 0.244, 0.234, 0.223, 0.212, 0.201, 0.191, 0.178, 0.168, 0.156, 0.146, 0.142, 0.139, 0.126, 0.118, 0.112, 0.108, 0.1, 0.093, 0.086, 0.078, 0.073, 0.07, 0.067, 0.066, 0.064, 0.06, 0.056, 0.052, 0.048, 0.045, 0.043, 0.041, 0.039, 0.037, 0.036, 0.034, 0.033, 0.03, 0.029, 0.026, 0.024, 0.022, 0.021, 0.02, 0.019, 0.018, 0, 0, 0.002, 0.004, 0.002, 0.002, 0.003, 0.004, 0.002, 0.001, 0.001, 0, 0, 0, 0, 0, 0, 0.001, 0, 0, 0, 0, 0, 0, 0, 0, 0
precipitation[0][49], 0.236, 0.289, 0.306, 0.311, 0.306, 0.323, 0.331, 0.34, 0.352, 0.354, 0.365, 0.37, 0.369, 0.383, 0.384, 0.396, 0.42, 0.399, 0.378, 0.35, 0.359, 0.371, 0.387, 0.477, 0.414, 0.399, 0.399, 0.448, 0.397, 0.391, 0.383, 0.383, 0.375, 0.382, 0.379, 0.357, 0.349, 0.343, 0.344, 0.35, 0.348, 0.338, 0.329, 0.334, 0.345, 0.345, 0.336, 0.349, 0.352, 0.37, 0.377, 0.375, 0.392, 0.402, 0.405, 0.401, 0.399, 0.41, 0.424, 0.448, 0.457, 0.464, 0.453, 0.436, 0.444, 0.439, 0.444, 0.416, 0.413, 0.404, 0.402, 0.386, 0.382, 0.37, 0.36, 0.356, 0.345, 0.334, 0.32, 0.31, 0.301, 0.293, 0.284, 0.278, 0.273, 0.27, 0.268, 0.257, 0.252, 0.243, 0.234, 0.223, 0.22, 0.223, 0.228, 0.23, 0.231, 0.233, 0.236, 0.241, 0.245, 0.247, 0.249, 0.249, 0.257, 0.255, 0.253, 0.251, 0.253, 0.255, 0.254, 0.257, 0.252, 0.238, 0.227, 0.215, 0.202, 0.191, 0.179, 0.168, 0.157, 0.147, 0.139, 0.133, 0.125, 0.118, 0.112, 0.109, 0.102, 0.094, 0.087, 0.079, 0.074, 0.071, 0.069, 0.066, 0.065, 0.06, 0.056, 0.053, 0.049, 0.046, 0.043, 0.041, 0.04, 0.038, 0.036, 0.035, 0.033, 0.031, 0.029, 0.027, 0.023, 0.022, 0.021, 0.02, 0.019, 0.017, 0, 0, 0.001, 0.002, 0.003, 0.003, 0.002, 0.003, 0.002, 0.002, 0.001, 0.001, 0.002, 0.002, 0.001, 0.001, 0.001, 0.001, 0.002, 0.001, 0, 0, 0, 0, 0, 0, 0
precipitation[0][50], 0.273, 0.292, 0.319, 0.329, 0.293, 0.312, 0.325, 0.312, 0.313, 0.331, 0.353, 0.377, 0.378, 0.37, 0.367, 0.386, 0.396, 0.377, 0.365, 0.361, 0.383, 0.393, 0.417, 0.434, 0.418, 0.423, 0.405, 0.419, 0.388, 0.384, 0.379, 0.384, 0.388, 0.388, 0.382, 0.366, 0.36, 0.368, 0.352, 0.342, 0.35, 0.344, 0.347, 0.34, 0.344, 0.342, 0.346, 0.36, 0.369, 0.368, 0.371, 0.371, 0.369, 0.388, 0.411, 0.401, 0.398, 0.424, 0.437, 0.481, 0.476, 0.463, 0.447, 0.439, 0.432, 0.432, 0.448, 0.428, 0.421, 0.416, 0.428, 0.411, 0.395, 0.385, 0.371, 0.36, 0.351, 0.337, 0.326, 0.313, 0.305, 0.294, 0.285, 0.277, 0.268, 0.267, 0.262, 0.256, 0.247, 0.237, 0.227, 0.218, 0.214, 0.217, 0.219, 0.224, 0.225, 0.227, 0.23, 0.235, 0.237, 0.24, 0.243, 0.247, 0.251, 0.255, 0.254, 0.25, 0.252, 0.256, 0.257, 0.257, 0.252, 0.243, 0.231, 0.218, 0.205, 0.192, 0.179, 0.168, 0.159, 0.147, 0.138, 0.132, 0.126, 0.12, 0.112, 0.11, 0.106, 0.094, 0.088, 0.08, 0.075, 0.071, 0.07, 0.066, 0.062, 0.06, 0.056, 0.052, 0.049, 0.046, 0.044, 0.042, 0.041, 0.039, 0.037, 0.036, 0.034, 0.031, 0.031, 0.026, 0.023, 0.022, 0.021, 0.019, 0.018, 0.017, 0, 0, 0, 0.002, 0.003, 0.003, 0.002, 0.002, 0.002, 0.002, 0.002, 0.001, 0.004, 0.002, 0.002, 0.002, 0.002, 0.002, 0.002, 0.002, 0.001, 0.001, 0, 0, 0, 0.002, 0
precipitation[0][51], 0.286, 0.316, 0.308, 0.303, 0.289, 0.329, 0.323, 0.322, 0.315, 0.327, 0.343, 0.343, 0.35, 0.354, 0.377, 0.375, 0.391, 0.388, 0.382, 0.372, 0.395, 0.416, 0.425, 0.44, 0.477, 0.433, 0.415, 0.425, 0.407, 0.401, 0.384, 0.383, 0.387, 0.4, 0.39, 0.405, 0.384, 0.372, 0.377, 0.37, 0.352, 0.357, 0.347, 0.341, 0.347, 0.353, 0.377, 0.368, 0.369, 0.361, 0.376, 0.367, 0.374, 0.389, 0.414, 0.406, 0.4, 0.409, 0.455, 0.45, 0.472, 0.465, 0.447, 0.43, 0.43, 0.434, 0.436, 0.429, 0.422, 0.416, 0.417, 0.427, 0.407, 0.39, 0.373, 0.36, 0.353, 0.345, 0.334, 0.32, 0.31, 0.299, 0.287, 0.278, 0.271, 0.268, 0.261, 0.251, 0.246, 0.237, 0.227, 0.219, 0.216, 0.216, 0.217, 0.22, 0.222, 0.222, 0.226, 0.229, 0.233, 0.235, 0.238, 0.241, 0.246, 0.248, 0.249, 0.251, 0.254, 0.257, 0.26, 0.259, 0.258, 0.247, 0.235, 0.222, 0.21, 0.196, 0.184, 0.174, 0.164, 0.154, 0.145, 0.139, 0.132, 0.127, 0.122, 0.11, 0.107, 0.097, 0.089, 0.083, 0.077, 0.074, 0.072, 0.071, 0.067, 0.063, 0.06, 0.057, 0.053, 0.053, 0.05, 0.048, 0.045, 0.043, 0.041, 0.04, 0.037, 0.035, 0.034, 0.03, 0.027, 0.025, 0.023, 0.022, 0.02, 0.018, 0.001, 0.001, 0.001, 0.003, 0.002, 0.003, 0.002, 0.001, 0.003, 0.004, 0.004, 0.002, 0.001, 0.002, 0.002, 0.001, 0.001, 0.002, 0.001, 0.001, 0.001, 0.001, 0, 0, 0, 0.002, 0
precipitation[0][52], 0.309, 0.298, 0.317, 0.308, 0.299, 0.315, 0.293, 0.311, 0.305, 0.314, 0.328, 0.325, 0.346, 0.35, 0.384, 0.372, 0.382, 0.379, 0.373, 0.389, 0.409, 0.443, 0.447, 0.439, 0.47, 0.48, 0.431, 0.424, 0.406, 0.395, 0.387, 0.395, 0.402, 0.399, 0.408, 0.396, 0.388, 0.412, 0.385, 0.363, 0.357, 0.347, 0.339, 0.355, 0.352, 0.359, 0.388, 0.37, 0.365, 0.369, 0.376, 0.379, 0.376, 0.39, 0.406, 0.407, 0.41, 0.409, 0.428, 0.47, 0.445, 0.436, 0.434, 0.438, 0.434, 0.419, 0.431, 0.42, 0.414, 0.409, 0.409, 0.407, 0.398, 0.395, 0.372, 0.359, 0.352, 0.348, 0.337, 0.325, 0.316, 0.304, 0.291, 0.281, 0.273, 0.265, 0.257, 0.251, 0.243, 0.237, 0.229, 0.222, 0.218, 0.217, 0.218, 0.218, 0.22, 0.221, 0.222, 0.223, 0.226, 0.227, 0.231, 0.235, 0.238, 0.243, 0.244, 0.25, 0.258, 0.258, 0.263, 0.265, 0.266, 0.255, 0.243, 0.229, 0.218, 0.205, 0.193, 0.183, 0.174, 0.163, 0.155, 0.149, 0.142, 0.137, 0.131, 0.119, 0.112, 0.102, 0.094, 0.086, 0.081, 0.079, 0.077, 0.076, 0.073, 0.07, 0.067, 0.065, 0.062, 0.062, 0.062, 0.059, 0.054, 0.051, 0.049, 0.047, 0.045, 0.041, 0.039, 0.036, 0.033, 0.03, 0.028, 0.026, 0.024, 0.022, 0.02, 0.001, 0.003, 0.001, 0.001, 0.005, 0.002, 0.001, 0.002, 0.003, 0.003, 0.003, 0.001, 0.001, 0.001, 0.001, 0.001, 0.001, 0.001, 0.001, 0.001, 0.001, 0, 0, 0, 0, 0
precipitation[0][53], 0.335, 0.311, 0.332, 0.298, 0.292, 0.301, 0.289, 0.302, 0.292, 0.302, 0.331, 0.335, 0.362, 0.349, 0.367, 0.375, 0.376, 0.374, 0.382, 0.406, 0.41, 0.45, 0.438, 0.453, 0.495, 0.467, 0.451, 0.426, 0.406, 0.4, 0.389, 0.384, 0.384, 0.382, 0.395, 0.398, 0.384, 0.384, 0.374, 0.37, 0.372, 0.366, 0.353, 0.352, 0.362, 0.392, 0.405, 0.368, 0.362, 0.359, 0.363, 0.368, 0.368, 0.386, 0.39, 0.401, 0.387, 0.401, 0.419, 0.434, 0.426, 0.433, 0.437, 0.428, 0.418, 0.423, 0.418, 0.413, 0.408, 0.404, 0.404, 0.399, 0.389, 0.381, 0.374, 0.367, 0.365, 0.35, 0.342, 0.332, 0.32, 0.31, 0.298, 0.288, 0.279, 0.269, 0.26, 0.255, 0.247, 0.239, 0.232, 0.224, 0.22, 0.219, 0.219, 0.218, 0.217, 0.218, 0.219, 0.219, 0.22, 0.221, 0.226, 0.229, 0.233, 0.238, 0.242, 0.245, 0.253, 0.259, 0.264, 0.27, 0.271, 0.26, 0.249, 0.237, 0.228, 0.215, 0.203, 0.195, 0.185, 0.175, 0.165, 0.159, 0.153, 0.144, 0.137, 0.126, 0.117, 0.108, 0.1, 0.091, 0.086, 0.084, 0.083, 0.081, 0.079, 0.077, 0.074, 0.073, 0.072, 0.072, 0.078, 0.069, 0.062, 0.059, 0.057, 0.053, 0.051, 0.047, 0.045, 0.042, 0.039, 0.036, 0.033, 0.031, 0.029, 0.026, 0.024, 0.022, 0.004, 0.003, 0.001, 0.002, 0.002, 0.001, 0.002, 0.002, 0.003, 0.003, 0.002, 0.003, 0, 0.001, 0, 0.001, 0.001, 0.001, 0.001, 0.001, 0, 0, 0, 0, 0
precipitation[0][54], 0.324, 0.298, 0.303, 0.272, 0.284, 0.294, 0.281, 0.303, 0.303, 0.307, 0.338, 0.337, 0.351, 0.334, 0.357, 0.355, 0.348, 0.353, 0.362, 0.388, 0.433, 0.463, 0.464, 0.471, 0.453, 0.514, 0.464, 0.447, 0.42, 0.402, 0.394, 0.384, 0.368, 0.367, 0.381, 0.376, 0.379, 0.395, 0.374, 0.366, 0.361, 0.37, 0.365, 0.351, 0.37, 0.376, 0.387, 0.369, 0.361, 0.357, 0.366, 0.37, 0.374, 0.386, 0.39, 0.389, 0.398, 0.407, 0.422, 0.421, 0.433, 0.441, 0.44, 0.427, 0.418, 0.42, 0.416, 0.409, 0.402, 0.397, 0.394, 0.394, 0.383, 0.378, 0.37, 0.364, 0.355, 0.348, 0.343, 0.334, 0.325, 0.314, 0.302, 0.294, 0.285, 0.275, 0.267, 0.26, 0.253, 0.245, 0.237, 0.231, 0.225, 0.223, 0.221, 0.219, 0.22, 0.218, 0.216, 0.216, 0.214, 0.213, 0.219, 0.225, 0.233, 0.235, 0.239, 0.245, 0.252, 0.259, 0.266, 0.272, 0.273, 0.264, 0.256, 0.245, 0.236, 0.227, 0.215, 0.205, 0.198, 0.185, 0.176, 0.169, 0.16, 0.151, 0.145, 0.133, 0.124, 0.114, 0.105, 0.096, 0.09, 0.09, 0.091, 0.089, 0.086, 0.084, 0.082, 0.082, 0.082, 0.08, 0.08, 0.078, 0.071, 0.067, 0.064, 0.06, 0.057, 0.053, 0.051, 0.049, 0.045, 0.042, 0.039, 0.036, 0.033, 0.029, 0.027, 0.024, 0.023, 0.003, 0.002, 0.002, 0.003, 0.001, 0.001, 0.002, 0.003, 0.003, 0.005, 0.002, 0.001, 0.001, 0.001, 0.001, 0.002, 0.001, 0.001, 0.001, 0, 0, 0, 0, 0
precipitation[0][55], 0.294, 0.277, 0.286, 0.288, 0.292, 0.291, 0.288, 0.302, 0.316, 0.343, 0.348, 0.342, 0.377, 0.377, 0.346, 0.348, 0.362, 0.355, 0.354, 0.387, 0.454, 0.454, 0.467, 0.443, 0.439, 0.46, 0.503, 0.429, 0.424, 0.413, 0.394, 0.389, 0.376, 0.361, 0.36, 0.37, 0.363, 0.385, 0.396, 0.392, 0.382, 0.417, 0.414, 0.411, 0.396, 0.404, 0.401, 0.364, 0.362, 0.361, 0.365, 0.369, 0.372, 0.383, 0.394, 0.395, 0.402, 0.407, 0.424, 0.426, 0.431, 0.452, 0.442, 0.426, 0.415, 0.413, 0.41, 0.409, 0.399, 0.391, 0.388, 0.384, 0.377, 0.374, 0.372, 0.362, 0.356, 0.349, 0.343, 0.336, 0.327, 0.321, 0.312, 0.308, 0.301, 0.284, 0.275, 0.268, 0.258, 0.25, 0.242, 0.234, 0.229, 0.226, 0.222, 0.221, 0.217, 0.215, 0.211, 0.21, 0.207, 0.205, 0.21, 0.218, 0.225, 0.23, 0.238, 0.243, 0.252, 0.26, 0.272, 0.278, 0.278, 0.271, 0.263, 0.253, 0.243, 0.239, 0.227, 0.222, 0.209, 0.198, 0.189, 0.181, 0.17, 0.159, 0.153, 0.141, 0.13, 0.121, 0.11, 0.101, 0.095, 0.094, 0.096, 0.094, 0.095, 0.092, 0.091, 0.089, 0.089, 0.088, 0.088, 0.085, 0.08, 0.074, 0.071, 0.068, 0.065, 0.061, 0.057, 0.055, 0.051, 0.047, 0.044, 0.041, 0.037, 0.033, 0.03, 0.027, 0.025, 0.005, 0.003, 0.002, 0.002, 0.001, 0.001, 0.002, 0.002, 0.003, 0.008, 0.005, 0.003, 0.002, 0.001, 0.001, 0.002, 0.001, 0.001, 0.001, 0, 0, 0, 0, 0
precipitation[0][56], 0.299, 0.282, 0.283, 0.292, 0.286, 0.305, 0.305, 0.303, 0.341, 0.337, 0.321, 0.352, 0.377, 0.401, 0.348, 0.341, 0.356, 0.342, 0.35, 0.369, 0.426, 0.43, 0.441, 0.418, 0.412, 0.43, 0.468, 0.448, 0.396, 0.392, 0.375, 0.377, 0.388, 0.392, 0.362, 0.374, 0.364, 0.376, 0.397, 0.443, 0.405, 0.397, 0.456, 0.434, 0.423, 0.422, 0.39, 0.383, 0.381, 0.381, 0.373, 0.376, 0.366, 0.383, 0.395, 0.414, 0.471, 0.419, 0.464, 0.454, 0.428, 0.467, 0.475, 0.431, 0.38, 0.396, 0.393, 0.404, 0.405, 0.392, 0.376, 0.367, 0.364, 0.366, 0.365, 0.376, 0.369, 0.353, 0.344, 0.338, 0.326, 0.325, 0.32, 0.316, 0.299, 0.286, 0.275, 0.271, 0.262, 0.253, 0.246, 0.236, 0.231, 0.227, 0.222, 0.219, 0.215, 0.211, 0.208, 0.204, 0.2, 0.198, 0.201, 0.21, 0.223, 0.229, 0.236, 0.246, 0.254, 0.267, 0.273, 0.282, 0.284, 0.276, 0.268, 0.258, 0.25, 0.244, 0.232, 0.226, 0.218, 0.208, 0.2, 0.189, 0.179, 0.167, 0.158, 0.147, 0.137, 0.126, 0.116, 0.106, 0.1, 0.1, 0.1, 0.104, 0.102, 0.1, 0.098, 0.097, 0.097, 0.096, 0.099, 0.094, 0.088, 0.082, 0.078, 0.076, 0.072, 0.068, 0.064, 0.062, 0.059, 0.054, 0.049, 0.045, 0.042, 0.037, 0.033, 0.029, 0.027, 0.004, 0.005, 0.004, 0.002, 0.001, 0.001, 0.001, 0.001, 0.004, 0.005, 0.006, 0.003, 0.002, 0.002, 0.001, 0.001, 0.001, 0.001, 0.001, 0, 0, 0, 0, 0
precipitation[0][57], 0.315, 0.3, 0.311, 0.299, 0.3, 0.325, 0.323, 0.32, 0.328, 0.33, 0.322, 0.342, 0.341, 0.372, 0.339, 0.333, 0.379, 0.374, 0.353, 0.362, 0.377, 0.391, 0.41, 0.406, 0.404, 0.399, 0.435, 0.407, 0.388, 0.379, 0.363, 0.373, 0.397, 0.409, 0.403, 0.402, 0.411, 0.39, 0.405, 0.443, 0.441, 0.397, 0.389, 0.41, 0.419, 0.399, 0.401, 0.379, 0.401, 0.38, 0.379, 0.381, 0.37, 0.348, 0.38, 0.425, 0.451, 0.462, 0.477, 0.432, 0.441, 0.408, 0.419, 0.413, 0.349, 0.335, 0.356, 0.386, 0.382, 0.387, 0.388, 0.381, 0.358, 0.346, 0.355, 0.365, 0.342, 0.352, 0.34, 0.334, 0.328, 0.328, 0.32, 0.315, 0.299, 0.29, 0.281, 0.276, 0.268, 0.259, 0.25, 0.242, 0.236, 0.23, 0.225, 0.222, 0.216, 0.21, 0.203, 0.197, 0.193, 0.188, 0.193, 0.205, 0.217, 0.227, 0.238, 0.247, 0.256, 0.261, 0.275, 0.283, 0.285, 0.283, 0.275, 0.265, 0.258, 0.251, 0.241, 0.236, 0.229, 0.222, 0.216, 0.202, 0.19, 0.176, 0.165, 0.154, 0.143, 0.132, 0.121, 0.11, 0.104, 0.106, 0.108, 0.105, 0.106, 0.106, 0.107, 0.108, 0.106, 0.103, 0.106, 0.104, 0.096, 0.091, 0.085, 0.083, 0.08, 0.074, 0.071, 0.069, 0.068, 0.063, 0.06, 0.064, 0.05, 0.04, 0.036, 0.032, 0.03, 0.005, 0.005, 0.004, 0.002, 0.001, 0.001, 0.001, 0.001, 0.003, 0.003, 0.003, 0.002, 0.002, 0.001, 0.001, 0.001, 0, 0, 0.001, 0, 0, 0, 0, 0
precipitation[0][58], 0.295, 0.294, 0.297, 0.292, 0.295, 0.323, 0.329, 0.353, 0.349, 0.342, 0.356, 0.361, 0.373, 0.375, 0.359, 0.359, 0.359, 0.354, 0.354, 0.345, 0.376, 0.38, 0.395, 0.384, 0.377, 0.385, 0.394, 0.393, 0.385, 0.371, 0.366, 0.378, 0.402, 0.41, 0.439, 0.41, 0.409, 0.41, 0.404, 0.435, 0.489, 0.399, 0.394, 0.388, 0.393, 0.393, 0.424, 0.421, 0.429, 0.431, 0.417, 0.418, 0.367, 0.363, 0.381, 0.413, 0.421, 0.419, 0.417, 0.402, 0.394, 0.385, 0.365, 0.347, 0.329, 0.312, 0.305, 0.368, 0.37, 0.374, 0.367, 0.364, 0.353, 0.347, 0.348, 0.345, 0.335, 0.342, 0.338, 0.335, 0.331, 0.341, 0.326, 0.319, 0.307, 0.295, 0.289, 0.284, 0.274, 0.268, 0.261, 0.25, 0.244, 0.236, 0.228, 0.221, 0.215, 0.207, 0.201, 0.194, 0.185, 0.179, 0.184, 0.195, 0.207, 0.221, 0.232, 0.244, 0.255, 0.264, 0.275, 0.287, 0.29, 0.284, 0.279, 0.271, 0.265, 0.257, 0.249, 0.247, 0.242, 0.234, 0.226, 0.215, 0.199, 0.186, 0.174, 0.161, 0.151, 0.141, 0.127, 0.116, 0.112, 0.114, 0.114, 0.115, 0.114, 0.113, 0.116, 0.116, 0.115, 0.117, 0.12, 0.113, 0.105, 0.099, 0.094, 0.091, 0.087, 0.081, 0.077, 0.076, 0.072, 0.071, 0.072, 0.082, 0.064, 0.044, 0.039, 0.035, 0.031, 0.007, 0.004, 0.004, 0.002, 0.001, 0.001, 0.001, 0.001, 0.002, 0.003, 0.003, 0.003, 0.002, 0.001, 0.001, 0, 0, 0, 0, 0, 0, 0, 0, 0
precipitation[0][59], 0.285, 0.298, 0.294, 0.299, 0.297, 0.304, 0.324, 0.363, 0.364, 0.355, 0.376, 0.381, 0.393, 0.373, 0.369, 0.396, 0.36, 0.37, 0.361, 0.347, 0.392, 0.407, 0.384, 0.399, 0.374, 0.379, 0.39, 0.387, 0.372, 0.364, 0.365, 0.369, 0.395, 0.408, 0.416, 0.46, 0.439, 0.413, 0.408, 0.417, 0.434, 0.427, 0.45, 0.41, 0.425, 0.409, 0.396, 0.409, 0.43, 0.419, 0.394, 0.399, 0.35, 0.374, 0.378, 0.401, 0.396, 0.41, 0.408, 0.378, 0.363, 0.343, 0.318, 0.313, 0.294, 0.31, 0.306, 0.361, 0.364, 0.353, 0.348, 0.344, 0.341, 0.341, 0.336, 0.331, 0.323, 0.344, 0.34, 0.336, 0.334, 0.333, 0.327, 0.319, 0.309, 0.299, 0.294, 0.287, 0.279, 0.273, 0.265, 0.255, 0.248, 0.237, 0.229, 0.222, 0.213, 0.205, 0.198, 0.19, 0.181, 0.173, 0.176, 0.188, 0.2, 0.215, 0.226, 0.24, 0.253, 0.264, 0.278, 0.292, 0.296, 0.288, 0.284, 0.278, 0.274, 0.267, 0.259, 0.256, 0.251, 0.243, 0.239, 0.223, 0.208, 0.194, 0.181, 0.167, 0.157, 0.147, 0.133, 0.124, 0.121, 0.12, 0.121, 0.12, 0.119, 0.119, 0.121, 0.123, 0.126, 0.126, 0.128, 0.122, 0.114, 0.11, 0.102, 0.098, 0.092, 0.088, 0.084, 0.083, 0.078, 0.074, 0.08, 0.08, 0.062, 0.047, 0.042, 0.038, 0.032, 0.002, 0.004, 0.004, 0.003, 0.005, 0.001, 0.001, 0.001, 0.002, 0.002, 0.002, 0.002, 0.002, 0.001, 0.001, 0, 0, 0, 0, 0, 0.001, 0.001, 0, 0
precipitation[0][60], 0.302, 0.292, 0.303, 0.305, 0.297, 0.299, 0.324, 0.389, 0.382, 0.387, 0.389, 0.404, 0.389, 0.385, 0.382, 0.426, 0.37, 0.375, 0.364, 0.365, 0.384, 0.395, 0.377, 0.388, 0.402, 0.391, 0.396, 0.38, 0.376, 0.376, 0.381, 0.402, 0.435, 0.402, 0.414, 0.538, 0.481, 0.426, 0.426, 0.416, 0.486, 0.49, 0.493, 0.441, 0.429, 0.422, 0.413, 0.439, 0.473, 0.472, 0.4, 0.386, 0.388, 0.38, 0.374, 0.408, 0.384, 0.373, 0.373, 0.371, 0.36, 0.355, 0.313, 0.294, 0.311, 0.292, 0.292, 0.348, 0.343, 0.339, 0.346, 0.333, 0.334, 0.34, 0.34, 0.328, 0.323, 0.344, 0.34, 0.338, 0.338, 0.34, 0.336, 0.327, 0.315, 0.308, 0.3, 0.293, 0.286, 0.28, 0.271, 0.264, 0.258, 0.246, 0.234, 0.222, 0.213, 0.204, 0.195, 0.185, 0.175, 0.165, 0.168, 0.181, 0.195, 0.209, 0.222, 0.236, 0.25, 0.264, 0.28, 0.295, 0.301, 0.294, 0.287, 0.284, 0.278, 0.273, 0.269, 0.267, 0.263, 0.252, 0.247, 0.232, 0.216, 0.202, 0.189, 0.177, 0.168, 0.152, 0.139, 0.13, 0.126, 0.127, 0.128, 0.128, 0.129, 0.129, 0.129, 0.13, 0.131, 0.136, 0.133, 0.129, 0.124, 0.12, 0.112, 0.106, 0.1, 0.096, 0.091, 0.091, 0.083, 0.078, 0.075, 0.074, 0.064, 0.051, 0.046, 0.041, 0.034, 0.01, 0.013, 0.01, 0.01, 0.002, 0.001, 0.001, 0.001, 0.002, 0.003, 0.001, 0.001, 0.001, 0.001, 0.001, 0.001, 0.001, 0, 0, 0, 0.003, 0, 0.001, 0.001
precipitation[0][61], 0.32, 0.318, 0.311, 0.313, 0.306, 0.32, 0.347, 0.365, 0.386, 0.392, 0.383, 0.424, 0.409, 0.397, 0.378, 0.375, 0.38, 0.377, 0.373, 0.383, 0.378, 0.386, 0.381, 0.425, 0.426, 0.414, 0.405, 0.378, 0.383, 0.379, 0.379, 0.418, 0.456, 0.429, 0.428, 0.432, 0.461, 0.439, 0.436, 0.461, 0.501, 0.498, 0.478, 0.449, 0.446, 0.425, 0.428, 0.458, 0.472, 0.479, 0.437, 0.425, 0.413, 0.395, 0.371, 0.41, 0.352, 0.355, 0.354, 0.37, 0.374, 0.368, 0.342, 0.309, 0.303, 0.328, 0.3, 0.341, 0.341, 0.338, 0.336, 0.331, 0.335, 0.338, 0.346, 0.342, 0.335, 0.341, 0.338, 0.333, 0.335, 0.337, 0.335, 0.325, 0.317, 0.309, 0.303, 0.294, 0.287, 0.279, 0.273, 0.266, 0.264, 0.252, 0.239, 0.225, 0.214, 0.203, 0.194, 0.182, 0.172, 0.162, 0.164, 0.178, 0.191, 0.206, 0.219, 0.232, 0.247, 0.259, 0.274, 0.289, 0.292, 0.289, 0.283, 0.278, 0.274, 0.273, 0.269, 0.266, 0.261, 0.252, 0.247, 0.236, 0.218, 0.206, 0.196, 0.183, 0.173, 0.161, 0.146, 0.136, 0.13, 0.134, 0.14, 0.136, 0.133, 0.133, 0.133, 0.136, 0.137, 0.139, 0.139, 0.135, 0.126, 0.122, 0.117, 0.111, 0.104, 0.1, 0.094, 0.092, 0.085, 0.078, 0.073, 0.068, 0.062, 0.053, 0.048, 0.043, 0.035, 0.011, 0.011, 0.01, 0.006, 0.002, 0.002, 0.001, 0, 0.001, 0.002, 0.001, 0.001, 0.002, 0.001, 0.001, 0.001, 0, 0, 0.001, 0, 0.002, 0.001, 0.001, 0
precipitation[0][62], 0.326, 0.313, 0.317, 0.306, 0.321, 0.328, 0.336, 0.361, 0.375, 0.388, 0.382, 0.437, 0.435, 0.405, 0.396, 0.39, 0.396, 0.377, 0.388, 0.382, 0.366, 0.364, 0.391, 0.436, 0.434, 0.459, 0.406, 0.382, 0.373, 0.381, 0.386, 0.401, 0.452, 0.456, 0.438, 0.444, 0.447, 0.444, 0.436, 0.486, 0.478, 0.481, 0.469, 0.449, 0.444, 0.407, 0.405, 0.446, 0.501, 0.497, 0.466, 0.435, 0.395, 0.4, 0.377, 0.4, 0.351, 0.36, 0.353, 0.358, 0.362, 0.368, 0.341, 0.319, 0.324, 0.319, 0.312, 0.335, 0.338, 0.34, 0.341, 0.334, 0.353, 0.334, 0.342, 0.346, 0.323, 0.339, 0.329, 0.327, 0.328, 0.329, 0.33, 0.321, 0.312, 0.305, 0.299, 0.293, 0.286, 0.278, 0.273, 0.265, 0.257, 0.252, 0.239, 0.228, 0.215, 0.204, 0.196, 0.184, 0.174, 0.165, 0.165, 0.177, 0.19, 0.203, 0.214, 0.227, 0.238, 0.249, 0.262, 0.275, 0.278, 0.275, 0.271, 0.268, 0.266, 0.259, 0.255, 0.254, 0.252, 0.242, 0.241, 0.232, 0.216, 0.206, 0.197, 0.186, 0.174, 0.161, 0.151, 0.141, 0.134, 0.14, 0.145, 0.143, 0.137, 0.135, 0.137, 0.139, 0.141, 0.138, 0.136, 0.132, 0.124, 0.123, 0.117, 0.114, 0.107, 0.1, 0.093, 0.087, 0.082, 0.076, 0.071, 0.065, 0.059, 0.052, 0.047, 0.04, 0.035, 0.006, 0.006, 0.011, 0.005, 0.003, 0.001, 0.001, 0, 0, 0.002, 0.003, 0.002, 0.001, 0, 0, 0, 0, 0, 0, 0.002, 0.002, 0.002, 0, 0.001
precipitation[0][63], 0.339, 0.316, 0.323, 0.342, 0.335, 0.35, 0.35, 0.359, 0.383, 0.389, 0.397, 0.432, 0.436, 0.404, 0.371, 0.379, 0.387, 0.378, 0.384, 0.388, 0.372, 0.372, 0.397, 0.446, 0.44, 0.435, 0.422, 0.387, 0.379, 0.386, 0.399, 0.412, 0.429, 0.433, 0.428, 0.435, 0.464, 0.472, 0.471, 0.448, 0.477, 0.473, 0.44, 0.435, 0.438, 0.407, 0.394, 0.425, 0.459, 0.468, 0.502, 0.467, 0.462, 0.432, 0.384, 0.405, 0.377, 0.363, 0.343, 0.351, 0.33, 0.332, 0.34, 0.338, 0.299, 0.304, 0.273, 0.334, 0.341, 0.339, 0.339, 0.336, 0.328, 0.327, 0.33, 0.316, 0.328, 0.334, 0.325, 0.322, 0.319, 0.323, 0.318, 0.312, 0.302, 0.299, 0.295, 0.29, 0.284, 0.277, 0.271, 0.27, 0.257, 0.249, 0.236, 0.228, 0.218, 0.208, 0.2, 0.187, 0.177, 0.167, 0.167, 0.178, 0.188, 0.2, 0.21, 0.222, 0.231, 0.243, 0.255, 0.262, 0.265, 0.26, 0.257, 0.255, 0.252, 0.249, 0.245, 0.241, 0.238, 0.234, 0.232, 0.225, 0.214, 0.208, 0.195, 0.184, 0.174, 0.164, 0.156, 0.146, 0.142, 0.144, 0.146, 0.147, 0.141, 0.138, 0.141, 0.139, 0.139, 0.139, 0.136, 0.129, 0.131, 0.128, 0.123, 0.12, 0.11, 0.101, 0.092, 0.085, 0.083, 0.075, 0.072, 0.066, 0.058, 0.051, 0.046, 0.039, 0.034, 0.029, 0.004, 0.009, 0.004, 0.002, 0.002, 0.001, 0, 0, 0, 0.001, 0.001, 0, 0, 0, 0, 0, 0, 0, 0.001, 0.001, 0.001, 0, 0.001
precipitation[0][64], 0.352, 0.319, 0.316, 0.328, 0.338, 0.336, 0.344, 0.355, 0.359, 0.375, 0.389, 0.394, 0.416, 0.406, 0.383, 0.389, 0.385, 0.378, 0.37, 0.378, 0.373, 0.379, 0.408, 0.433, 0.463, 0.45, 0.431, 0.395, 0.383, 0.383, 0.423, 0.414, 0.435, 0.439, 0.428, 0.427, 0.458, 0.492, 0.495, 0.464, 0.455, 0.469, 0.443, 0.433, 0.417, 0.395, 0.389, 0.42, 0.457, 0.501, 0.478, 0.5, 0.446, 0.406, 0.401, 0.4, 0.4, 0.372, 0.353, 0.354, 0.339, 0.336, 0.337, 0.335, 0.303, 0.302, 0.294, 0.339, 0.333, 0.35, 0.334, 0.33, 0.324, 0.306, 0.303, 0.302, 0.314, 0.324, 0.316, 0.314, 0.313, 0.312, 0.309, 0.304, 0.3, 0.292, 0.289, 0.284, 0.279, 0.272, 0.267, 0.261, 0.254, 0.247, 0.235, 0.227, 0.219, 0.21, 0.199, 0.191, 0.18, 0.169, 0.169, 0.178, 0.187, 0.196, 0.207, 0.217, 0.228, 0.238, 0.245, 0.253, 0.253, 0.248, 0.246, 0.243, 0.239, 0.236, 0.233, 0.231, 0.228, 0.228, 0.225, 0.217, 0.211, 0.206, 0.193, 0.185, 0.176, 0.169, 0.161, 0.155, 0.151, 0.154, 0.153, 0.154, 0.146, 0.141, 0.139, 0.136, 0.137, 0.136, 0.134, 0.127, 0.123, 0.122, 0.122, 0.118, 0.11, 0.099, 0.091, 0.084, 0.079, 0.073, 0.068, 0.062, 0.057, 0.05, 0.044, 0.038, 0.033, 0.028, 0, 0.001, 0.004, 0.003, 0.004, 0.001, 0, 0, 0, 0.001, 0.001, 0.001, 0, 0, 0, 0, 0, 0, 0, 0, 0.002, 0.002, 0.004
precipitation[0][65], 0.354, 0.323, 0.343, 0.336, 0.333, 0.335, 0.339, 0.337, 0.343, 0.347, 0.361, 0.395, 0.425, 0.437, 0.381, 0.385, 0.381, 0.387, 0.372, 0.376, 0.386, 0.383, 0.401, 0.426, 0.448, 0.443, 0.44, 0.405, 0.39, 0.402, 0.417, 0.409, 0.457, 0.445, 0.442, 0.482, 0.451, 0.527, 0.514, 0.479, 0.453, 0.474, 0.424, 0.407, 0.397, 0.379, 0.368, 0.415, 0.45, 0.475, 0.459, 0.501, 0.492, 0.456, 0.437, 0.419, 0.394, 0.384, 0.364, 0.374, 0.365, 0.339, 0.313, 0.321, 0.319, 0.309, 0.301, 0.334, 0.328, 0.322, 0.321, 0.31, 0.309, 0.295, 0.3, 0.298, 0.307, 0.317, 0.311, 0.307, 0.305, 0.305, 0.301, 0.295, 0.288, 0.285, 0.283, 0.28, 0.277, 0.271, 0.266, 0.261, 0.254, 0.245, 0.234, 0.225, 0.217, 0.207, 0.2, 0.191, 0.183, 0.173, 0.17, 0.178, 0.185, 0.193, 0.202, 0.213, 0.222, 0.23, 0.237, 0.241, 0.24, 0.236, 0.234, 0.231, 0.229, 0.226, 0.226, 0.221, 0.221, 0.222, 0.221, 0.216, 0.209, 0.203, 0.196, 0.191, 0.183, 0.174, 0.17, 0.163, 0.158, 0.161, 0.157, 0.156, 0.149, 0.143, 0.14, 0.15, 0.142, 0.133, 0.138, 0.123, 0.122, 0.12, 0.12, 0.119, 0.113, 0.103, 0.091, 0.082, 0.076, 0.072, 0.067, 0.061, 0.056, 0.048, 0.043, 0.037, 0.032, 0.027, 0.024, 0.001, 0.004, 0.003, 0.004, 0.002, 0, 0, 0, 0, 0, 0.001, 0, 0, 0, 0, 0, 0, 0, 0, 0, 0.003, 0.003
precipitation[0][66], 0.362, 0.346, 0.343, 0.335, 0.336, 0.343, 0.338, 0.346, 0.359, 0.362, 0.35, 0.372, 0.426, 0.426, 0.397, 0.39, 0.392, 0.397, 0.36, 0.37, 0.383, 0.386, 0.394, 0.432, 0.434, 0.453, 0.434, 0.47, 0.45, 0.421, 0.433, 0.45, 0.476, 0.495, 0.533, 0.515, 0.523, 0.58, 0.532, 0.526, 0.532, 0.505, 0.435, 0.419, 0.388, 0.369, 0.349, 0.418, 0.475, 0.505, 0.508, 0.513, 0.548, 0.512, 0.454, 0.492, 0.408, 0.364, 0.355, 0.357, 0.327, 0.323, 0.283, 0.318, 0.315, 0.32, 0.291, 0.309, 0.302, 0.318, 0.321, 0.31, 0.29, 0.268, 0.284, 0.279, 0.284, 0.3, 0.296, 0.295, 0.295, 0.295, 0.288, 0.284, 0.278, 0.279, 0.276, 0.278, 0.275, 0.27, 0.267, 0.263, 0.256, 0.247, 0.235, 0.227, 0.218, 0.214, 0.208, 0.196, 0.19, 0.184, 0.179, 0.178, 0.184, 0.189, 0.195, 0.202, 0.211, 0.218, 0.224, 0.227, 0.228, 0.224, 0.222, 0.22, 0.218, 0.216, 0.213, 0.212, 0.21, 0.208, 0.209, 0.206, 0.204, 0.202, 0.196, 0.196, 0.187, 0.182, 0.178, 0.174, 0.169, 0.166, 0.159, 0.154, 0.149, 0.148, 0.144, 0.147, 0.141, 0.135, 0.126, 0.122, 0.119, 0.12, 0.119, 0.125, 0.123, 0.11, 0.099, 0.086, 0.081, 0.073, 0.067, 0.062, 0.052, 0.044, 0.04, 0.038, 0.03, 0.025, 0.022, 0.02, 0.002, 0.003, 0.002, 0.002, 0, 0, 0, 0, 0, 0.001, 0, 0, 0, 0, 0, 0, 0, 0, 0.001, 0.001, 0.001
precipitation[0][67], 0.346, 0.344, 0.346, 0.343, 0.347, 0.388, 0.349, 0.353, 0.349, 0.355, 0.348, 0.37, 0.404, 0.41, 0.393, 0.375, 0.39, 0.389, 0.379, 0.386, 0.389, 0.388, 0.392, 0.427, 0.444, 0.437, 0.417, 0.442, 0.451, 0.462, 0.431, 0.457, 0.507, 0.527, 0.531, 0.532, 0.528, 0.592, 0.573, 0.524, 0.549, 0.497, 0.418, 0.394, 0.368, 0.364, 0.364, 0.429, 0.465, 0.521, 0.529, 0.496, 0.542, 0.553, 0.48, 0.462, 0.399, 0.382, 0.386, 0.379, 0.335, 0.349, 0.316, 0.322, 0.335, 0.326, 0.306, 0.334, 0.307, 0.306, 0.363, 0.294, 0.265, 0.255, 0.266, 0.268, 0.269, 0.292, 0.294, 0.29, 0.293, 0.286, 0.279, 0.275, 0.273, 0.268, 0.268, 0.272, 0.271, 0.267, 0.266, 0.26, 0.255, 0.247, 0.236, 0.226, 0.217, 0.214, 0.208, 0.198, 0.191, 0.184, 0.178, 0.181, 0.182, 0.186, 0.191, 0.196, 0.204, 0.209, 0.214, 0.217, 0.216, 0.213, 0.211, 0.21, 0.209, 0.207, 0.206, 0.203, 0.2, 0.199, 0.198, 0.193, 0.195, 0.195, 0.192, 0.192, 0.187, 0.18, 0.179, 0.175, 0.171, 0.164, 0.159, 0.157, 0.153, 0.144, 0.144, 0.145, 0.142, 0.133, 0.126, 0.118, 0.114, 0.115, 0.114, 0.108, 0.108, 0.097, 0.096, 0.086, 0.08, 0.073, 0.066, 0.059, 0.052, 0.044, 0.041, 0.037, 0.03, 0.024, 0.021, 0.02, 0.001, 0.001, 0.002, 0.002, 0, 0, 0, 0, 0, 0.002, 0, 0, 0, 0, 0.001, 0.001, 0, 0.002, 0.001, 0, 0.001
precipitation[0][68], 0.363, 0.338, 0.346, 0.359, 0.382, 0.402, 0.359, 0.361, 0.351, 0.361, 0.355, 0.384, 0.402, 0.402, 0.392, 0.384, 0.402, 0.4, 0.395, 0.397, 0.39, 0.391, 0.407, 0.423, 0.431, 0.436, 0.428, 0.467, 0.448, 0.434, 0.429, 0.457, 0.521, 0.573, 0.553, 0.54, 0.516, 0.563, 0.562, 0.571, 0.571, 0.488, 0.397, 0.359, 0.381, 0.361, 0.344, 0.426, 0.468, 0.541, 0.498, 0.537, 0.507, 0.546, 0.525, 0.479, 0.403, 0.413, 0.398, 0.402, 0.371, 0.362, 0.355, 0.373, 0.335, 0.338, 0.319, 0.326, 0.309, 0.299, 0.293, 0.279, 0.26, 0.252, 0.261, 0.258, 0.263, 0.288, 0.295, 0.283, 0.284, 0.276, 0.269, 0.267, 0.267, 0.266, 0.265, 0.268, 0.267, 0.264, 0.263, 0.259, 0.254, 0.246, 0.237, 0.227, 0.221, 0.212, 0.207, 0.199, 0.191, 0.186, 0.178, 0.181, 0.181, 0.184, 0.187, 0.192, 0.196, 0.2, 0.203, 0.205, 0.204, 0.202, 0.202, 0.204, 0.203, 0.197, 0.196, 0.191, 0.19, 0.189, 0.189, 0.187, 0.187, 0.188, 0.19, 0.187, 0.187, 0.182, 0.18, 0.177, 0.173, 0.169, 0.165, 0.158, 0.152, 0.146, 0.141, 0.135, 0.132, 0.128, 0.125, 0.127, 0.124, 0.116, 0.111, 0.104, 0.096, 0.087, 0.084, 0.077, 0.074, 0.07, 0.063, 0.056, 0.052, 0.044, 0.039, 0.037, 0.032, 0.024, 0.021, 0.019, 0.017, 0.001, 0.001, 0.001, 0.001, 0, 0, 0, 0, 0, 0, 0, 0, 0.001, 0.001, 0.001, 0, 0, 0, 0, 0.004
precipitation[0][69], 0.368, 0.378, 0.372, 0.388, 0.378, 0.402, 0.377, 0.373, 0.363, 0.366, 0.358, 0.379, 0.391, 0.391, 0.374, 0.38, 0.376, 0.398, 0.396, 0.416, 0.403, 0.403, 0.402, 0.405, 0.407, 0.416, 0.416, 0.431, 0.459, 0.424, 0.45, 0.465, 0.494, 0.549, 0.541, 0.525, 0.504, 0.524, 0.567, 0.552, 0.578, 0.523, 0.41, 0.331, 0.323, 0.358, 0.378, 0.418, 0.474, 0.474, 0.446, 0.415, 0.449, 0.436, 0.456, 0.477, 0.419, 0.372, 0.371, 0.385, 0.374, 0.39, 0.397, 0.397, 0.396, 0.361, 0.332, 0.331, 0.31, 0.296, 0.277, 0.27, 0.253, 0.244, 0.251, 0.248, 0.242, 0.279, 0.28, 0.274, 0.276, 0.272, 0.263, 0.259, 0.259, 0.258, 0.26, 0.263, 0.264, 0.261, 0.259, 0.254, 0.252, 0.245, 0.239, 0.23, 0.226, 0.216, 0.21, 0.205, 0.199, 0.193, 0.182, 0.18, 0.181, 0.181, 0.183, 0.185, 0.187, 0.189, 0.19, 0.191, 0.192, 0.191, 0.189, 0.189, 0.188, 0.184, 0.183, 0.181, 0.181, 0.181, 0.18, 0.18, 0.183, 0.187, 0.186, 0.186, 0.189, 0.185, 0.186, 0.184, 0.179, 0.173, 0.168, 0.16, 0.155, 0.147, 0.14, 0.134, 0.131, 0.126, 0.127, 0.133, 0.125, 0.116, 0.11, 0.105, 0.092, 0.086, 0.086, 0.077, 0.073, 0.069, 0.062, 0.056, 0.051, 0.044, 0.04, 0.033, 0.033, 0.024, 0.02, 0.018, 0.017, 0.001, 0.001, 0.001, 0.002, 0.001, 0, 0, 0, 0, 0, 0, 0, 0, 0.001, 0.001, 0, 0, 0, 0, 0
precipitation[0][70], 0.391, 0.412, 0.369, 0.419, 0.389, 0.38, 0.391, 0.41, 0.378, 0.389, 0.38, 0.391, 0.392, 0.395, 0.377, 0.378, 0.373, 0.391, 0.389, 0.412, 0.433, 0.411, 0.41, 0.4, 0.413, 0.422, 0.406, 0.41, 0.454, 0.45, 0.449, 0.472, 0.532, 0.597, 0.582, 0.511, 0.488, 0.497, 0.548, 0.576, 0.607, 0.566, 0.478, 0.404, 0.376, 0.361, 0.373, 0.439, 0.454, 0.422, 0.418, 0.423, 0.418, 0.409, 0.409, 0.421, 0.438, 0.375, 0.368, 0.371, 0.398, 0.428, 0.419, 0.414, 0.411, 0.373, 0.355, 0.328, 0.31, 0.297, 0.282, 0.264, 0.255, 0.243, 0.241, 0.24, 0.237, 0.266, 0.265, 0.265, 0.269, 0.267, 0.257, 0.256, 0.257, 0.255, 0.254, 0.258, 0.258, 0.256, 0.254, 0.25, 0.248, 0.244, 0.238, 0.232, 0.226, 0.214, 0.208, 0.205, 0.199, 0.19, 0.181, 0.18, 0.179, 0.178, 0.178, 0.178, 0.179, 0.18, 0.181, 0.181, 0.18, 0.179, 0.18, 0.178, 0.176, 0.173, 0.171, 0.171, 0.17, 0.171, 0.172, 0.173, 0.177, 0.183, 0.183, 0.183, 0.186, 0.189, 0.189, 0.188, 0.185, 0.179, 0.169, 0.162, 0.155, 0.146, 0.138, 0.132, 0.128, 0.122, 0.124, 0.12, 0.118, 0.112, 0.107, 0.104, 0.09, 0.084, 0.079, 0.076, 0.071, 0.069, 0.06, 0.055, 0.051, 0.044, 0.037, 0.032, 0.03, 0.023, 0.02, 0.018, 0.016, 0.014, 0.001, 0.001, 0.001, 0.001, 0.001, 0, 0, 0, 0, 0, 0, 0, 0.001, 0.001, 0, 0, 0, 0.001, 0
precipitation[0][71], 0.41, 0.409, 0.386, 0.401, 0.425, 0.406, 0.447, 0.427, 0.41, 0.411, 0.405, 0.401, 0.409, 0.402, 0.395, 0.396, 0.384, 0.395, 0.416, 0.426, 0.446, 0.409, 0.397, 0.405, 0.435, 0.415, 0.411, 0.424, 0.483, 0.464, 0.47, 0.469, 0.5, 0.547, 0.564, 0.58, 0.48, 0.511, 0.584, 0.588, 0.624, 0.558, 0.502, 0.436, 0.413, 0.388, 0.397, 0.419, 0.429, 0.436, 0.442, 0.451, 0.372, 0.383, 0.397, 0.416, 0.393, 0.374, 0.377, 0.378, 0.408, 0.422, 0.407, 0.42, 0.413, 0.373, 0.359, 0.335, 0.316, 0.305, 0.294, 0.302, 0.264, 0.264, 0.247, 0.235, 0.231, 0.261, 0.259, 0.257, 0.258, 0.259, 0.254, 0.254, 0.253, 0.251, 0.25, 0.253, 0.253, 0.253, 0.25, 0.249, 0.245, 0.239, 0.233, 0.23, 0.223, 0.213, 0.206, 0.201, 0.198, 0.19, 0.182, 0.181, 0.179, 0.175, 0.174, 0.174, 0.173, 0.174, 0.173, 0.172, 0.17, 0.171, 0.169, 0.167, 0.166, 0.164, 0.162, 0.161, 0.16, 0.162, 0.163, 0.165, 0.169, 0.173, 0.177, 0.182, 0.185, 0.189, 0.187, 0.186, 0.186, 0.179, 0.167, 0.16, 0.154, 0.146, 0.14, 0.132, 0.125, 0.118, 0.115, 0.112, 0.108, 0.107, 0.102, 0.093, 0.084, 0.084, 0.078, 0.073, 0.067, 0.062, 0.057, 0.053, 0.047, 0.04, 0.035, 0.035, 0.03, 0.027, 0.022, 0.017, 0.015, 0.013, 0.001, 0, 0.001, 0, 0.001, 0, 0, 0, 0, 0, 0, 0, 0.001, 0.001, 0, 0, 0, 0, 0
precipitation[0][72], 0.427, 0.408, 0.4, 0.449, 0.412, 0.402, 0.433, 0.418, 0.417, 0.403, 0.411, 0.417, 0.428, 0.414, 0.437, 0.462, 0.416, 0.418, 0.413, 0.417, 0.427, 0.401, 0.396, 0.409, 0.46, 0.426, 0.401, 0.414, 0.491, 0.513, 0.479, 0.453, 0.525, 0.545, 0.6, 0.55, 0.47, 0.528, 0.531, 0.525, 0.543, 0.553, 0.507, 0.508, 0.467, 0.43, 0.436, 0.433, 0.412, 0.426, 0.412, 0.415, 0.377, 0.407, 0.386, 0.44, 0.387, 0.378, 0.38, 0.383, 0.4, 0.395, 0.4, 0.396, 0.398, 0.368, 0.34, 0.364, 0.334, 0.328, 0.34, 0.336, 0.304, 0.262, 0.251, 0.253, 0.237, 0.263, 0.26, 0.26, 0.254, 0.255, 0.25, 0.251, 0.253, 0.251, 0.25, 0.25, 0.249, 0.25, 0.247, 0.245, 0.242, 0.237, 0.231, 0.227, 0.22, 0.213, 0.206, 0.202, 0.197, 0.19, 0.184, 0.181, 0.177, 0.173, 0.172, 0.169, 0.166, 0.166, 0.164, 0.166, 0.165, 0.164, 0.162, 0.158, 0.156, 0.154, 0.152, 0.152, 0.153, 0.152, 0.153, 0.153, 0.156, 0.161, 0.165, 0.172, 0.174, 0.177, 0.178, 0.18, 0.176, 0.171, 0.161, 0.155, 0.151, 0.143, 0.137, 0.132, 0.127, 0.12, 0.114, 0.109, 0.104, 0.097, 0.093, 0.091, 0.086, 0.077, 0.08, 0.08, 0.069, 0.059, 0.053, 0.047, 0.042, 0.038, 0.032, 0.032, 0.028, 0.025, 0.018, 0.016, 0.014, 0.012, 0.01, 0, 0, 0, 0, 0, 0, 0, 0, 0, 0, 0.001, 0.002, 0.002, 0.001, 0, 0, 0, 0
precipitation[0][73], 0.421, 0.405, 0.408, 0.412, 0.417, 0.43, 0.431, 0.426, 0.424, 0.41, 0.417, 0.428, 0.435, 0.42, 0.469, 0.487, 0.411, 0.387, 0.434, 0.433, 0.425, 0.427, 0.408, 0.421, 0.442, 0.461, 0.416, 0.423, 0.445, 0.437, 0.449, 0.527, 0.575, 0.59, 0.657, 0.505, 0.474, 0.51, 0.482, 0.452, 0.47, 0.474, 0.508, 0.529, 0.489, 0.483, 0.437, 0.442, 0.425, 0.393, 0.39, 0.395, 0.363, 0.397, 0.371, 0.396, 0.368, 0.361, 0.381, 0.383, 0.414, 0.394, 0.384, 0.377, 0.381, 0.353, 0.325, 0.342, 0.357, 0.363, 0.324, 0.325, 0.287, 0.261, 0.25, 0.252, 0.248, 0.265, 0.262, 0.268, 0.259, 0.251, 0.248, 0.245, 0.247, 0.248, 0.246, 0.249, 0.247, 0.246, 0.242, 0.241, 0.237, 0.235, 0.23, 0.224, 0.219, 0.21, 0.202, 0.198, 0.194, 0.187, 0.183, 0.176, 0.173, 0.169, 0.166, 0.162, 0.159, 0.158, 0.156, 0.154, 0.153, 0.152, 0.149, 0.147, 0.146, 0.143, 0.141, 0.141, 0.141, 0.139, 0.139, 0.141, 0.145, 0.148, 0.157, 0.165, 0.165, 0.169, 0.17, 0.17, 0.168, 0.162, 0.156, 0.151, 0.146, 0.139, 0.134, 0.131, 0.127, 0.12, 0.114, 0.108, 0.1, 0.094, 0.088, 0.085, 0.079, 0.078, 0.074, 0.072, 0.065, 0.059, 0.051, 0.043, 0.038, 0.033, 0.031, 0.027, 0.026, 0.023, 0.016, 0.014, 0.012, 0.011, 0.009, 0.007, 0.001, 0.001, 0, 0, 0, 0, 0, 0, 0, 0.001, 0.003, 0.002, 0, 0, 0, 0, 0
precipitation[0][74], 0.412, 0.395, 0.406, 0.425, 0.423, 0.448, 0.446, 0.433, 0.425, 0.409, 0.418, 0.418, 0.429, 0.447, 0.489, 0.483, 0.42, 0.403, 0.42, 0.457, 0.453, 0.42, 0.412, 0.403, 0.416, 0.422, 0.437, 0.437, 0.458, 0.462, 0.456, 0.483, 0.48, 0.529, 0.548, 0.476, 0.428, 0.43, 0.426, 0.443, 0.436, 0.462, 0.442, 0.497, 0.456, 0.444, 0.446, 0.463, 0.402, 0.395, 0.397, 0.37, 0.348, 0.344, 0.352, 0.369, 0.349, 0.363, 0.365, 0.374, 0.418, 0.434, 0.382, 0.377, 0.355, 0.33, 0.313, 0.337, 0.347, 0.316, 0.313, 0.324, 0.276, 0.265, 0.25, 0.263, 0.26, 0.269, 0.262, 0.26, 0.266, 0.244, 0.242, 0.243, 0.248, 0.253, 0.253, 0.244, 0.244, 0.243, 0.239, 0.239, 0.234, 0.228, 0.223, 0.216, 0.21, 0.205, 0.201, 0.196, 0.191, 0.185, 0.18, 0.179, 0.175, 0.166, 0.163, 0.157, 0.154, 0.151, 0.148, 0.145, 0.144, 0.142, 0.139, 0.137, 0.138, 0.135, 0.132, 0.133, 0.132, 0.127, 0.125, 0.131, 0.134, 0.138, 0.145, 0.156, 0.158, 0.161, 0.163, 0.163, 0.163, 0.156, 0.151, 0.146, 0.142, 0.135, 0.133, 0.13, 0.125, 0.12, 0.112, 0.106, 0.1, 0.093, 0.086, 0.081, 0.078, 0.071, 0.067, 0.065, 0.061, 0.054, 0.046, 0.039, 0.035, 0.03, 0.026, 0.024, 0.022, 0.018, 0.014, 0.013, 0.011, 0.01, 0.008, 0.006, 0.007, 0.002, 0.005, 0, 0, 0, 0, 0, 0.002, 0.002, 0.009, 0.002, 0, 0, 0, 0, 0
precipitation[0][75], 0.419, 0.413, 0.418, 0.418, 0.425, 0.446, 0.431, 0.43, 0.43, 0.413, 0.404, 0.402, 0.408, 0.426, 0.452, 0.459, 0.418, 0.394, 0.392, 0.469, 0.418, 0.407, 0.401, 0.372, 0.392, 0.423, 0.455, 0.411, 0.443, 0.451, 0.446, 0.445, 0.44, 0.457, 0.535, 0.437, 0.45, 0.448, 0.401, 0.415, 0.401, 0.456, 0.463, 0.477, 0.439, 0.44, 0.411, 0.41, 0.391, 0.363, 0.395, 0.369, 0.361, 0.374, 0.361, 0.362, 0.354, 0.36, 0.356, 0.37, 0.412, 0.419, 0.388, 0.398, 0.354, 0.337, 0.301, 0.311, 0.297, 0.301, 0.318, 0.324, 0.288, 0.27, 0.259, 0.253, 0.267, 0.274, 0.269, 0.261, 0.248, 0.243, 0.241, 0.247, 0.259, 0.242, 0.249, 0.246, 0.245, 0.237, 0.237, 0.241, 0.233, 0.226, 0.221, 0.214, 0.208, 0.202, 0.197, 0.192, 0.191, 0.186, 0.179, 0.174, 0.168, 0.163, 0.158, 0.153, 0.148, 0.144, 0.14, 0.137, 0.136, 0.136, 0.132, 0.128, 0.13, 0.127, 0.124, 0.123, 0.121, 0.114, 0.113, 0.118, 0.122, 0.126, 0.134, 0.14, 0.145, 0.156, 0.157, 0.156, 0.155, 0.15, 0.145, 0.142, 0.137, 0.132, 0.131, 0.127, 0.123, 0.119, 0.113, 0.105, 0.097, 0.09, 0.082, 0.074, 0.068, 0.069, 0.061, 0.051, 0.048, 0.046, 0.042, 0.036, 0.031, 0.026, 0.023, 0.021, 0.019, 0.014, 0.012, 0.011, 0.01, 0.009, 0.007, 0.005, 0.005, 0.005, 0.004, 0, 0, 0.001, 0.002, 0.001, 0.001, 0.002, 0.001, 0.002, 0.001, 0, 0, 0, 0.003
precipitation[0][76], 0.395, 0.387, 0.398, 0.419, 0.408, 0.416, 0.419, 0.426, 0.426, 0.412, 0.416, 0.421, 0.413, 0.414, 0.409, 0.418, 0.421, 0.394, 0.377, 0.479, 0.458, 0.437, 0.36, 0.353, 0.358, 0.394, 0.391, 0.409, 0.418, 0.397, 0.399, 0.413, 0.436, 0.484, 0.515, 0.442, 0.434, 0.387, 0.355, 0.377, 0.369, 0.413, 0.389, 0.392, 0.404, 0.401, 0.357, 0.362, 0.355, 0.37, 0.377, 0.372, 0.347, 0.377, 0.351, 0.336, 0.329, 0.352, 0.354, 0.418, 0.402, 0.408, 0.386, 0.392, 0.334, 0.316, 0.32, 0.275, 0.248, 0.255, 0.251, 0.248, 0.248, 0.237, 0.213, 0.247, 0.285, 0.282, 0.278, 0.255, 0.233, 0.249, 0.236, 0.255, 0.251, 0.262, 0.275, 0.241, 0.246, 0.248, 0.254, 0.244, 0.229, 0.219, 0.217, 0.216, 0.204, 0.199, 0.195, 0.194, 0.192, 0.187, 0.179, 0.171, 0.163, 0.153, 0.147, 0.144, 0.137, 0.132, 0.129, 0.128, 0.127, 0.124, 0.121, 0.117, 0.117, 0.112, 0.107, 0.107, 0.102, 0.098, 0.098, 0.104, 0.108, 0.115, 0.125, 0.136, 0.14, 0.138, 0.179, 0.146, 0.144, 0.14, 0.134, 0.132, 0.128, 0.122, 0.12, 0.121, 0.12, 0.112, 0.104, 0.094, 0.087, 0.08, 0.073, 0.064, 0.06, 0.063, 0.048, 0.043, 0.039, 0.034, 0.032, 0.028, 0.024, 0.022, 0.019, 0.016, 0.014, 0.012, 0.01, 0.009, 0.008, 0.007, 0.006, 0.005, 0.004, 0.003, 0.002, 0, 0, 0, 0.003, 0.001, 0.001, 0.001, 0, 0.001, 0.001, 0, 0, 0, 0.001
precipitation[0][77], 0.371, 0.374, 0.389, 0.391, 0.386, 0.403, 0.428, 0.433, 0.433, 0.415, 0.429, 0.423, 0.419, 0.431, 0.404, 0.406, 0.413, 0.393, 0.467, 0.482, 0.458, 0.439, 0.376, 0.345, 0.336, 0.34, 0.363, 0.368, 0.37, 0.346, 0.362, 0.402, 0.454, 0.465, 0.496, 0.445, 0.425, 0.41, 0.363, 0.392, 0.38, 0.424, 0.402, 0.38, 0.399, 0.395, 0.36, 0.353, 0.357, 0.359, 0.389, 0.373, 0.367, 0.386, 0.327, 0.32, 0.329, 0.325, 0.361, 0.403, 0.386, 0.397, 0.379, 0.352, 0.328, 0.327, 0.318, 0.285, 0.272, 0.266, 0.286, 0.289, 0.247, 0.238, 0.241, 0.264, 0.259, 0.284, 0.274, 0.249, 0.214, 0.229, 0.252, 0.219, 0.212, 0.217, 0.211, 0.226, 0.237, 0.232, 0.238, 0.24, 0.23, 0.223, 0.218, 0.217, 0.202, 0.196, 0.194, 0.191, 0.186, 0.185, 0.175, 0.167, 0.157, 0.15, 0.142, 0.137, 0.13, 0.127, 0.121, 0.119, 0.12, 0.118, 0.111, 0.107, 0.106, 0.101, 0.095, 0.092, 0.089, 0.085, 0.087, 0.092, 0.099, 0.106, 0.114, 0.117, 0.124, 0.126, 0.143, 0.138, 0.139, 0.134, 0.129, 0.125, 0.124, 0.119, 0.121, 0.123, 0.117, 0.115, 0.012, 0.008, 0.006, 0.004, 0.002, 0.064, 0.058, 0.051, 0.044, 0.033, 0.029, 0.026, 0.026, 0.023, 0.02, 0.018, 0.016, 0.014, 0.012, 0.01, 0.009, 0.008, 0.007, 0.006, 0.005, 0.004, 0.003, 0.002, 0.002, 0, 0, 0.001, 0.003, 0.004, 0.001, 0.001, 0.001, 0.001, 0.002, 0.001, 0.001, 0.001, 0.001
precipitation[0][78], 0.364, 0.366, 0.394, 0.394, 0.391, 0.404, 0.419, 0.425, 0.433, 0.43, 0.422, 0.422, 0.42, 0.428, 0.385, 0.387, 0.398, 0.41, 0.432, 0.431, 0.416, 0.447, 0.381, 0.364, 0.353, 0.336, 0.348, 0.386, 0.36, 0.315, 0.362, 0.426, 0.427, 0.444, 0.481, 0.431, 0.41, 0.38, 0.385, 0.376, 0.373, 0.415, 0.392, 0.427, 0.395, 0.396, 0.348, 0.358, 0.343, 0.337, 0.415, 0.368, 0.379, 0.353, 0.324, 0.302, 0.301, 0.316, 0.346, 0.367, 0.346, 0.33, 0.3, 0.305, 0.309, 0.298, 0.302, 0.289, 0.278, 0.281, 0.322, 0.325, 0.247, 0.235, 0.221, 0.218, 0.211, 0.23, 0.231, 0.232, 0.213, 0.222, 0.224, 0.239, 0.203, 0.195, 0.196, 0.216, 0.221, 0.229, 0.237, 0.233, 0.228, 0.217, 0.207, 0.205, 0.204, 0.201, 0.198, 0.195, 0.185, 0.18, 0.171, 0.163, 0.153, 0.147, 0.139, 0.132, 0.125, 0.119, 0.111, 0.11, 0.104, 0.102, 0.099, 0.095, 0.093, 0.09, 0.084, 0.081, 0.078, 0.075, 0.077, 0.082, 0.09, 0.093, 0.098, 0.101, 0.105, 0.113, 0.123, 0.124, 0.129, 0.129, 0.125, 0.121, 0.12, 0.117, 0.123, 0.116, 0.046, 0.058, 0.009, 0.009, 0.006, 0.004, 0.001, 0, 0.051, 0.043, 0.039, 0.031, 0.024, 0.022, 0.02, 0.018, 0.017, 0.015, 0.013, 0, 0, 0, 0.007, 0.007, 0.006, 0.005, 0.004, 0.003, 0.002, 0.002, 0.001, 0.001, 0, 0.001, 0.002, 0.003, 0.001, 0.001, 0.002, 0.001, 0.003, 0.001, 0.001, 0.001, 0.002
precipitation[0][79], 0.379, 0.374, 0.386, 0.375, 0.367, 0.379, 0.385, 0.414, 0.437, 0.439, 0.424, 0.4, 0.383, 0.369, 0.372, 0.385, 0.404, 0.415, 0.414, 0.427, 0.389, 0.365, 0.375, 0.378, 0.374, 0.369, 0.376, 0.376, 0.386, 0.348, 0.387, 0.387, 0.404, 0.451, 0.495, 0.438, 0.393, 0.392, 0.393, 0.354, 0.361, 0.371, 0.356, 0.413, 0.419, 0.389, 0.344, 0.344, 0.329, 0.323, 0.347, 0.354, 0.355, 0.374, 0.339, 0.307, 0.295, 0.293, 0.368, 0.35, 0.334, 0.313, 0.285, 0.296, 0.284, 0.296, 0.301, 0.302, 0.307, 0.285, 0.266, 0.257, 0.249, 0.23, 0.204, 0.224, 0.215, 0.244, 0.234, 0.221, 0.224, 0.204, 0.2, 0.211, 0.201, 0.22, 0.201, 0.215, 0.217, 0.227, 0.231, 0.228, 0.226, 0.217, 0.2, 0.198, 0.194, 0.195, 0.196, 0.19, 0.181, 0.175, 0.166, 0.16, 0.152, 0.144, 0.135, 0.126, 0.118, 0.111, 0.104, 0.099, 0.091, 0.091, 0.088, 0.084, 0.082, 0.076, 0.073, 0.07, 0.067, 0.064, 0.065, 0.072, 0.076, 0.081, 0.089, 0.09, 0.096, 0.104, 0.12, 0.117, 0.121, 0.123, 0.125, 0.121, 0.117, 0.117, 0.121, 0.048, 0.042, 0.024, 0.015, 0.01, 0.003, 0.001, 0.001, 0, 0.001, 0.04, 0.031, 0.025, 0.021, 0.019, 0.016, 0.014, 0.013, 0.012, 0, 0, 0, 0, 0.006, 0.006, 0.005, 0.004, 0.003, 0.002, 0.002, 0.001, 0.001, 0.001, 0.006, 0.001, 0.002, 0.002, 0.002, 0.002, 0.002, 0.002, 0.004, 0.002, 0.001, 0.001, 0.001
precipitation[0][80], 0.38, 0.38, 0.383, 0.377, 0.366, 0.377, 0.389, 0.425, 0.45, 0.445, 0.411, 0.392, 0.385, 0.374, 0.388, 0.395, 0.399, 0.403, 0.42, 0.385, 0.369, 0.366, 0.39, 0.389, 0.392, 0.368, 0.386, 0.367, 0.363, 0.353, 0.374, 0.444, 0.432, 0.426, 0.418, 0.386, 0.389, 0.354, 0.384, 0.369, 0.37, 0.373, 0.357, 0.364, 0.341, 0.334, 0.332, 0.325, 0.328, 0.333, 0.341, 0.346, 0.352, 0.342, 0.322, 0.322, 0.313, 0.334, 0.376, 0.361, 0.321, 0.315, 0.311, 0.307, 0.291, 0.292, 0.288, 0.278, 0.293, 0.304, 0.372, 0.327, 0.241, 0.222, 0.224, 0.227, 0.219, 0.246, 0.231, 0.225, 0.217, 0.207, 0.206, 0.2, 0.211, 0.228, 0.201, 0.208, 0.216, 0.218, 0.234, 0.234, 0.233, 0.216, 0.212, 0.196, 0.196, 0.192, 0.188, 0.186, 0.179, 0.173, 0.163, 0.156, 0.148, 0.137, 0.13, 0.121, 0.112, 0.103, 0.094, 0.087, 0.084, 0.08, 0.077, 0.073, 0.069, 0.065, 0.063, 0.062, 0.057, 0.053, 0.054, 0.059, 0.066, 0.073, 0.083, 0.083, 0.089, 0.096, 0.105, 0.108, 0.112, 0.116, 0.119, 0.118, 0.115, 0.114, 0.111, 0.051, 0.047, 0.02, 0.016, 0.014, 0.006, 0.001, 0.001, 0, 0.001, 0.037, 0.027, 0.019, 0.013, 0.013, 0.012, 0.01, 0.009, 0, 0, 0, 0, 0, 0, 0.004, 0.004, 0.003, 0.002, 0.002, 0.001, 0.001, 0.001, 0.001, 0, 0.002, 0.002, 0.002, 0.002, 0.002, 0.002, 0.002, 0.002, 0.002, 0.001, 0.001, 0.001
precipitation[0][81], 0.379, 0.375, 0.371, 0.355, 0.35, 0.384, 0.399, 0.411, 0.429, 0.416, 0.417, 0.391, 0.379, 0.38, 0.393, 0.401, 0.4, 0.396, 0.378, 0.365, 0.355, 0.354, 0.39, 0.406, 0.405, 0.391, 0.381, 0.386, 0.42, 0.394, 0.326, 0.327, 0.36, 0.361, 0.427, 0.353, 0.385, 0.365, 0.479, 0.413, 0.353, 0.375, 0.353, 0.362, 0.348, 0.343, 0.331, 0.339, 0.309, 0.317, 0.327, 0.34, 0.322, 0.338, 0.363, 0.344, 0.33, 0.337, 0.408, 0.414, 0.325, 0.324, 0.322, 0.303, 0.294, 0.305, 0.296, 0.272, 0.272, 0.279, 0.289, 0.246, 0.238, 0.222, 0.227, 0.208, 0.214, 0.229, 0.215, 0.207, 0.207, 0.205, 0.199, 0.202, 0.2, 0.202, 0.202, 0.21, 0.215, 0.219, 0.233, 0.227, 0.219, 0.203, 0.199, 0.192, 0.193, 0.193, 0.189, 0.185, 0.18, 0.173, 0.165, 0.152, 0.144, 0.134, 0.125, 0.117, 0.106, 0.098, 0.088, 0.08, 0.075, 0.072, 0.069, 0.066, 0.062, 0.059, 0.055, 0.054, 0.05, 0.046, 0.047, 0.053, 0.059, 0.066, 0.075, 0.077, 0.082, 0.088, 0.097, 0.102, 0.106, 0.112, 0.113, 0.116, 0.113, 0.117, 0.11, 0.043, 0.031, 0.031, 0.02, 0.014, 0.014, 0.007, 0.001, 0, 0.001, 0.035, 0.026, 0.017, 0.012, 0.012, 0.01, 0.01, 0.009, 0, 0, 0, 0, 0, 0, 0.003, 0.003, 0.003, 0.002, 0.001, 0.001, 0.001, 0.001, 0.001, 0.004, 0.003, 0.002, 0.001, 0.001, 0.001, 0.001, 0.001, 0.002, 0.002, 0.002, 0.001, 0.001
precipitation[0][82], 0.363, 0.352, 0.35, 0.353, 0.353, 0.375, 0.392, 0.426, 0.415, 0.416, 0.431, 0.397, 0.379, 0.382, 0.394, 0.401, 0.409, 0.41, 0.379, 0.368, 0.376, 0.37, 0.403, 0.396, 0.386, 0.371, 0.388, 0.404, 0.485, 0.401, 0.321, 0.311, 0.357, 0.394, 0.375, 0.327, 0.352, 0.423, 0.424, 0.432, 0.393, 0.341, 0.334, 0.346, 0.348, 0.329, 0.32, 0.325, 0.324, 0.31, 0.313, 0.34, 0.332, 0.357, 0.369, 0.355, 0.351, 0.336, 0.392, 0.409, 0.349, 0.353, 0.323, 0.315, 0.308, 0.316, 0.281, 0.248, 0.257, 0.269, 0.251, 0.248, 0.219, 0.223, 0.199, 0.22, 0.222, 0.219, 0.209, 0.195, 0.186, 0.186, 0.188, 0.196, 0.214, 0.218, 0.213, 0.214, 0.217, 0.219, 0.228, 0.229, 0.227, 0.214, 0.207, 0.201, 0.203, 0.196, 0.188, 0.185, 0.188, 0.174, 0.164, 0.154, 0.144, 0.133, 0.124, 0.116, 0.106, 0.097, 0.087, 0.078, 0.071, 0.067, 0.064, 0.061, 0.059, 0.056, 0.054, 0.051, 0.048, 0.045, 0.045, 0.049, 0.056, 0.061, 0.07, 0.071, 0.077, 0.084, 0.091, 0.098, 0.102, 0.117, 0.12, 0.124, 0.115, 0.119, 0.125, 0.107, 0.128, 0.062, 0.036, 0.037, 0.01, 0.002, 0.002, 0.051, 0.044, 0.037, 0.026, 0.019, 0.012, 0.012, 0.011, 0.009, 0.009, 0.007, 0, 0, 0, 0, 0, 0.001, 0.003, 0.002, 0.002, 0.001, 0.001, 0.001, 0.001, 0.001, 0.002, 0.004, 0.002, 0.001, 0, 0, 0, 0.001, 0.001, 0, 0, 0, 0.001
precipitation[0][83], 0.357, 0.347, 0.336, 0.338, 0.342, 0.361, 0.381, 0.413, 0.388, 0.409, 0.408, 0.387, 0.382, 0.392, 0.402, 0.407, 0.396, 0.386, 0.372, 0.364, 0.388, 0.397, 0.409, 0.419, 0.401, 0.389, 0.353, 0.358, 0.416, 0.388, 0.321, 0.347, 0.381, 0.39, 0.388, 0.354, 0.363, 0.377, 0.412, 0.348, 0.357, 0.351, 0.359, 0.361, 0.345, 0.337, 0.323, 0.317, 0.313, 0.314, 0.326, 0.337, 0.339, 0.336, 0.332, 0.35, 0.355, 0.338, 0.373, 0.382, 0.363, 0.372, 0.32, 0.33, 0.303, 0.329, 0.318, 0.271, 0.262, 0.262, 0.246, 0.253, 0.233, 0.221, 0.205, 0.219, 0.219, 0.209, 0.195, 0.178, 0.183, 0.19, 0.204, 0.207, 0.227, 0.223, 0.215, 0.211, 0.216, 0.225, 0.232, 0.232, 0.224, 0.219, 0.213, 0.201, 0.196, 0.192, 0.187, 0.185, 0.184, 0.175, 0.163, 0.154, 0.145, 0.134, 0.124, 0.115, 0.105, 0.094, 0.085, 0.076, 0.07, 0.072, 0.062, 0.058, 0.055, 0.053, 0.049, 0.046, 0.042, 0.039, 0.041, 0.046, 0.052, 0.057, 0.063, 0.067, 0.073, 0.082, 0.085, 0.092, 0.097, 0.104, 0.107, 0.106, 0.11, 0.116, 0.132, 0.123, 0.118, 0.098, 0.052, 0.038, 0.014, 0.016, 0.061, 0.055, 0.043, 0.035, 0.027, 0.019, 0.013, 0.012, 0.011, 0.01, 0.009, 0.007, 0, 0, 0, 0, 0, 0, 0, 0.002, 0.002, 0.001, 0.002, 0.001, 0.001, 0.005, 0.002, 0.003, 0.001, 0, 0, 0, 0, 0, 0.001, 0, 0, 0, 0
precipitation[0][84], 0.359, 0.35, 0.339, 0.331, 0.338, 0.361, 0.358, 0.365, 0.37, 0.389, 0.385, 0.365, 0.391, 0.405, 0.423, 0.42, 0.407, 0.384, 0.373, 0.366, 0.389, 0.41, 0.411, 0.42, 0.401, 0.373, 0.336, 0.32, 0.314, 0.306, 0.326, 0.379, 0.38, 0.407, 0.411, 0.37, 0.365, 0.392, 0.393, 0.383, 0.352, 0.337, 0.33, 0.36, 0.347, 0.347, 0.34, 0.353, 0.321, 0.317, 0.33, 0.345, 0.355, 0.345, 0.339, 0.359, 0.335, 0.359, 0.385, 0.409, 0.4, 0.361, 0.335, 0.333, 0.32, 0.325, 0.321, 0.306, 0.276, 0.24, 0.227, 0.242, 0.217, 0.218, 0.212, 0.227, 0.196, 0.202, 0.187, 0.184, 0.181, 0.189, 0.214, 0.221, 0.227, 0.228, 0.208, 0.202, 0.206, 0.22, 0.219, 0.216, 0.217, 0.21, 0.205, 0.199, 0.192, 0.193, 0.186, 0.19, 0.191, 0.175, 0.167, 0.157, 0.148, 0.133, 0.124, 0.115, 0.108, 0.097, 0.085, 0.076, 0.071, 0.067, 0.06, 0.055, 0.052, 0.049, 0.046, 0.042, 0.039, 0.036, 0.038, 0.044, 0.05, 0.055, 0.06, 0.063, 0.07, 0.076, 0.081, 0.087, 0.096, 0.096, 0.095, 0.106, 0.109, 0.116, 0.12, 0.134, 0.136, 0.109, 0.103, 0.09, 0.083, 0.074, 0.064, 0.054, 0.043, 0.036, 0.026, 0.018, 0.013, 0.012, 0.011, 0.011, 0.01, 0.009, 0.007, 0, 0, 0, 0, 0, 0, 0, 0.002, 0.004, 0.002, 0.001, 0.001, 0, 0.001, 0.003, 0.002, 0, 0, 0, 0, 0, 0.001, 0, 0, 0, 0
precipitation[0][85], 0.355, 0.346, 0.332, 0.333, 0.332, 0.35, 0.354, 0.358, 0.346, 0.349, 0.35, 0.36, 0.374, 0.39, 0.397, 0.416, 0.39, 0.369, 0.385, 0.368, 0.384, 0.407, 0.415, 0.41, 0.406, 0.372, 0.323, 0.333, 0.302, 0.3, 0.327, 0.373, 0.375, 0.41, 0.389, 0.405, 0.386, 0.378, 0.389, 0.37, 0.332, 0.329, 0.326, 0.354, 0.344, 0.352, 0.359, 0.363, 0.336, 0.312, 0.317, 0.35, 0.375, 0.375, 0.355, 0.354, 0.344, 0.372, 0.372, 0.39, 0.435, 0.391, 0.35, 0.342, 0.332, 0.329, 0.312, 0.267, 0.262, 0.26, 0.21, 0.213, 0.208, 0.217, 0.229, 0.239, 0.21, 0.21, 0.187, 0.183, 0.182, 0.198, 0.218, 0.216, 0.222, 0.236, 0.227, 0.208, 0.206, 0.216, 0.214, 0.218, 0.215, 0.209, 0.212, 0.2, 0.194, 0.192, 0.187, 0.183, 0.181, 0.177, 0.169, 0.155, 0.145, 0.133, 0.122, 0.114, 0.107, 0.096, 0.084, 0.072, 0.065, 0.062, 0.057, 0.053, 0.049, 0.045, 0.042, 0.039, 0.036, 0.034, 0.035, 0.041, 0.047, 0.052, 0.057, 0.059, 0.067, 0.081, 0.078, 0.088, 0.101, 0.098, 0.094, 0.11, 0.115, 0.105, 0.113, 0.122, 0.126, 0.133, 0.131, 0.118, 0.1, 0.071, 0.063, 0.05, 0.045, 0.036, 0.031, 0.02, 0.014, 0.013, 0.011, 0.011, 0.01, 0.009, 0.007, 0, 0, 0, 0, 0, 0, 0, 0.001, 0.001, 0.001, 0.001, 0, 0, 0, 0.001, 0.001, 0, 0, 0, 0, 0, 0.001, 0, 0, 0, 0
precipitation[0][86], 0.358, 0.344, 0.336, 0.331, 0.342, 0.354, 0.36, 0.363, 0.353, 0.353, 0.356, 0.362, 0.368, 0.377, 0.38, 0.392, 0.389, 0.357, 0.37, 0.382, 0.381, 0.381, 0.382, 0.382, 0.374, 0.358, 0.33, 0.309, 0.298, 0.306, 0.315, 0.334, 0.332, 0.389, 0.389, 0.363, 0.38, 0.347, 0.329, 0.332, 0.326, 0.329, 0.333, 0.34, 0.344, 0.346, 0.352, 0.356, 0.345, 0.335, 0.335, 0.348, 0.377, 0.366, 0.353, 0.348, 0.342, 0.352, 0.374, 0.393, 0.411, 0.395, 0.376, 0.373, 0.375, 0.356, 0.348, 0.327, 0.323, 0.296, 0.263, 0.26, 0.251, 0.245, 0.255, 0.251, 0.234, 0.207, 0.197, 0.184, 0.191, 0.206, 0.218, 0.217, 0.23, 0.232, 0.236, 0.207, 0.205, 0.209, 0.209, 0.214, 0.201, 0.197, 0.213, 0.187, 0.174, 0.17, 0.161, 0.15, 0.142, 0.137, 0.145, 0.139, 0.128, 0.117, 0.11, 0.108, 0.105, 0.095, 0.078, 0.059, 0.06, 0.061, 0.054, 0.049, 0.037, 0.035, 0.031, 0.031, 0.028, 0.026, 0.029, 0.035, 0.041, 0.045, 0.047, 0.052, 0.068, 0.089, 0.065, 0.089, 0.105, 0.091, 0.103, 0.13, 0.131, 0.099, 0.102, 0.107, 0.105, 0.116, 0.126, 0.126, 0.096, 0.068, 0.055, 0.046, 0.04, 0.039, 0.038, 0.022, 0.015, 0.014, 0.012, 0.011, 0.01, 0.009, 0.006, 0.005, 0, 0, 0, 0, 0, 0, 0, 0.001, 0.001, 0, 0, 0, 0.001, 0.001, 0, 0, 0, 0, 0, 0, 0, 0, 0, 0, 0
precipitation[0][87], 0.374, 0.347, 0.349, 0.35, 0.339, 0.362, 0.357, 0.359, 0.351, 0.351, 0.369, 0.373, 0.372, 0.378, 0.392, 0.384, 0.383, 0.366, 0.37, 0.375, 0.377, 0.383, 0.393, 0.375, 0.387, 0.375, 0.342, 0.328, 0.316, 0.318, 0.308, 0.309, 0.3, 0.304, 0.329, 0.348, 0.392, 0.362, 0.332, 0.327, 0.326, 0.33, 0.337, 0.353, 0.355, 0.351, 0.352, 0.367, 0.351, 0.346, 0.338, 0.33, 0.353, 0.361, 0.364, 0.346, 0.34, 0.345, 0.361, 0.384, 0.389, 0.386, 0.372, 0.365, 0.363, 0.348, 0.323, 0.309, 0.289, 0.27, 0.267, 0.258, 0.261, 0.249, 0.254, 0.242, 0.236, 0.216, 0.21, 0.197, 0.209, 0.213, 0.204, 0.209, 0.211, 0.213, 0.207, 0.194, 0.202, 0.235, 0.22, 0.233, 0.229, 0.222, 0.236, 0.21, 0.184, 0.167, 0.155, 0.146, 0.143, 0.139, 0.143, 0.13, 0.121, 0.108, 0.108, 0.104, 0.107, 0.089, 0.073, 0.059, 0.058, 0.054, 0.047, 0.044, 0.036, 0.033, 0.031, 0.03, 0.028, 0.024, 0.027, 0.032, 0.038, 0.042, 0.046, 0.049, 0.059, 0.06, 0.059, 0.073, 0.084, 0.08, 0.095, 0.128, 0.148, 0.092, 0.103, 0.105, 0.088, 0.102, 0.107, 0.104, 0.081, 0.064, 0.058, 0.048, 0.042, 0.036, 0.026, 0.025, 0.017, 0.014, 0.012, 0.01, 0.01, 0.008, 0.007, 0.005, 0, 0, 0, 0, 0, 0, 0, 0, 0.001, 0, 0, 0, 0, 0, 0, 0, 0, 0, 0, 0, 0, 0, 0, 0, 0
precipitation[0][88], 0.367, 0.354, 0.345, 0.353, 0.351, 0.373, 0.374, 0.359, 0.355, 0.355, 0.355, 0.368, 0.373, 0.381, 0.399, 0.389, 0.374, 0.355, 0.357, 0.376, 0.379, 0.373, 0.392, 0.383, 0.401, 0.383, 0.38, 0.369, 0.329, 0.324, 0.307, 0.308, 0.292, 0.3, 0.323, 0.336, 0.359, 0.364, 0.348, 0.332, 0.337, 0.344, 0.349, 0.355, 0.362, 0.36, 0.401, 0.366, 0.376, 0.353, 0.337, 0.325, 0.346, 0.36, 0.364, 0.348, 0.339, 0.348, 0.359, 0.379, 0.382, 0.376, 0.367, 0.354, 0.344, 0.337, 0.33, 0.306, 0.288, 0.273, 0.27, 0.274, 0.263, 0.254, 0.24, 0.233, 0.237, 0.206, 0.21, 0.209, 0.208, 0.206, 0.192, 0.189, 0.186, 0.189, 0.187, 0.184, 0.197, 0.215, 0.214, 0.218, 0.211, 0.202, 0.204, 0.201, 0.181, 0.204, 0.174, 0.15, 0.149, 0.147, 0.136, 0.132, 0.125, 0.107, 0.101, 0.097, 0.089, 0.077, 0.068, 0.056, 0.055, 0.047, 0.038, 0.038, 0.036, 0.033, 0.031, 0.029, 0.028, 0.022, 0.024, 0.029, 0.035, 0.038, 0.041, 0.046, 0.048, 0.057, 0.062, 0.076, 0.085, 0.075, 0.086, 0.104, 0.105, 0.088, 0.1, 0.092, 0.098, 0.096, 0.089, 0.081, 0.072, 0.068, 0.059, 0.052, 0.041, 0.034, 0.037, 0.034, 0.021, 0.016, 0.013, 0.01, 0.01, 0.008, 0.007, 0.006, 0, 0, 0, 0, 0, 0, 0.001, 0.001, 0, 0, 0, 0, 0, 0, 0, 0, 0, 0, 0, 0.001, 0.001, 0, 0, 0, 0
precipitation[0][89], 0.362, 0.357, 0.354, 0.351, 0.359, 0.385, 0.366, 0.349, 0.349, 0.351, 0.356, 0.367, 0.37, 0.385, 0.391, 0.382, 0.366, 0.352, 0.355, 0.353, 0.361, 0.367, 0.377, 0.378, 0.385, 0.38, 0.37, 0.375, 0.381, 0.375, 0.322, 0.323, 0.296, 0.297, 0.301, 0.313, 0.363, 0.365, 0.371, 0.336, 0.339, 0.349, 0.345, 0.341, 0.358, 0.39, 0.408, 0.378, 0.368, 0.35, 0.33, 0.341, 0.35, 0.36, 0.356, 0.338, 0.333, 0.353, 0.362, 0.377, 0.381, 0.385, 0.377, 0.363, 0.348, 0.34, 0.335, 0.313, 0.302, 0.287, 0.283, 0.281, 0.274, 0.25, 0.239, 0.224, 0.226, 0.209, 0.204, 0.209, 0.208, 0.194, 0.187, 0.188, 0.178, 0.177, 0.183, 0.184, 0.192, 0.206, 0.221, 0.211, 0.206, 0.201, 0.191, 0.191, 0.178, 0.176, 0.162, 0.16, 0.149, 0.149, 0.152, 0.132, 0.118, 0.108, 0.094, 0.09, 0.089, 0.074, 0.069, 0.054, 0.041, 0.04, 0.04, 0.042, 0.035, 0.035, 0.032, 0.028, 0.027, 0.02, 0.021, 0.027, 0.033, 0.036, 0.038, 0.047, 0.046, 0.055, 0.06, 0.068, 0.087, 0.069, 0.077, 0.09, 0.08, 0.072, 0.09, 0.087, 0.082, 0.082, 0.087, 0.081, 0.073, 0.067, 0.06, 0.054, 0.043, 0.043, 0.034, 0.029, 0.018, 0.023, 0.019, 0.011, 0.01, 0.008, 0.007, 0.006, 0.004, 0, 0, 0, 0, 0, 0.001, 0.003, 0.001, 0, 0, 0, 0, 0, 0, 0, 0, 0, 0, 0.001, 0.002, 0, 0, 0, 0
precipitation[0][90], 0.368, 0.362, 0.352, 0.361, 0.371, 0.376, 0.371, 0.348, 0.345, 0.345, 0.358, 0.354, 0.346, 0.36, 0.369, 0.381, 0.364, 0.335, 0.342, 0.339, 0.349, 0.353, 0.363, 0.379, 0.367, 0.38, 0.363, 0.382, 0.391, 0.353, 0.347, 0.333, 0.325, 0.318, 0.307, 0.324, 0.348, 0.363, 0.347, 0.33, 0.338, 0.355, 0.354, 0.353, 0.362, 0.373, 0.374, 0.356, 0.366, 0.354, 0.342, 0.334, 0.345, 0.356, 0.35, 0.346, 0.343, 0.358, 0.36, 0.386, 0.384, 0.398, 0.4, 0.391, 0.373, 0.357, 0.35, 0.331, 0.314, 0.308, 0.295, 0.284, 0.271, 0.265, 0.245, 0.23, 0.221, 0.211, 0.202, 0.203, 0.208, 0.183, 0.177, 0.181, 0.176, 0.172, 0.178, 0.18, 0.181, 0.196, 0.21, 0.197, 0.194, 0.179, 0.179, 0.191, 0.175, 0.157, 0.144, 0.141, 0.136, 0.159, 0.137, 0.128, 0.118, 0.104, 0.113, 0.1, 0.094, 0.076, 0.063, 0.052, 0.045, 0.042, 0.038, 0.04, 0.032, 0.031, 0.031, 0.027, 0.023, 0.019, 0.022, 0.023, 0.027, 0.03, 0.038, 0.043, 0.049, 0.049, 0.053, 0.059, 0.065, 0.058, 0.06, 0.062, 0.067, 0.078, 0.106, 0.088, 0.068, 0.081, 0.078, 0.083, 0.067, 0.062, 0.058, 0.052, 0.049, 0.032, 0.033, 0.026, 0.02, 0.021, 0.013, 0.011, 0.01, 0.008, 0.007, 0.005, 0.004, 0, 0, 0, 0, 0, 0, 0.001, 0.002, 0, 0, 0.001, 0, 0.001, 0, 0, 0, 0, 0, 0, 0.002, 0, 0, 0, 0
precipitation[0][91], 0.378, 0.368, 0.355, 0.36, 0.361, 0.377, 0.374, 0.348, 0.339, 0.338, 0.352, 0.341, 0.339, 0.342, 0.359, 0.367, 0.349, 0.331, 0.317, 0.314, 0.318, 0.344, 0.366, 0.363, 0.35, 0.366, 0.366, 0.383, 0.375, 0.36, 0.354, 0.348, 0.33, 0.329, 0.321, 0.33, 0.332, 0.333, 0.337, 0.331, 0.334, 0.345, 0.355, 0.353, 0.369, 0.362, 0.357, 0.355, 0.362, 0.357, 0.345, 0.338, 0.343, 0.352, 0.346, 0.367, 0.347, 0.353, 0.369, 0.387, 0.397, 0.398, 0.393, 0.39, 0.387, 0.369, 0.361, 0.342, 0.341, 0.334, 0.342, 0.318, 0.286, 0.31, 0.248, 0.236, 0.224, 0.204, 0.202, 0.209, 0.201, 0.168, 0.173, 0.179, 0.178, 0.185, 0.181, 0.184, 0.196, 0.204, 0.208, 0.193, 0.192, 0.185, 0.201, 0.192, 0.19, 0.164, 0.153, 0.157, 0.162, 0.149, 0.134, 0.147, 0.108, 0.103, 0.096, 0.096, 0.083, 0.071, 0.071, 0.061, 0.048, 0.048, 0.037, 0.035, 0.028, 0.029, 0.027, 0.026, 0.022, 0.019, 0.022, 0.021, 0.024, 0.026, 0.029, 0.035, 0.04, 0.04, 0.044, 0.049, 0.061, 0.055, 0.064, 0.075, 0.06, 0.09, 0.109, 0.083, 0.064, 0.092, 0.073, 0.064, 0.052, 0.051, 0.053, 0.055, 0.042, 0.039, 0.03, 0.026, 0.022, 0.034, 0.023, 0.012, 0.01, 0.008, 0.007, 0.006, 0.007, 0.001, 0, 0, 0.001, 0.001, 0.001, 0.001, 0.002, 0, 0, 0.001, 0.001, 0, 0, 0, 0, 0, 0, 0.001, 0.002, 0, 0, 0, 0
precipitation[0][92], 0.394, 0.377, 0.362, 0.369, 0.366, 0.352, 0.348, 0.343, 0.335, 0.335, 0.345, 0.334, 0.339, 0.353, 0.38, 0.354, 0.34, 0.316, 0.302, 0.298, 0.31, 0.319, 0.338, 0.339, 0.335, 0.346, 0.359, 0.383, 0.394, 0.384, 0.361, 0.357, 0.335, 0.339, 0.342, 0.345, 0.332, 0.321, 0.328, 0.322, 0.327, 0.34, 0.361, 0.366, 0.356, 0.347, 0.345, 0.368, 0.379, 0.367, 0.366, 0.355, 0.345, 0.339, 0.343, 0.346, 0.349, 0.353, 0.368, 0.39, 0.398, 0.398, 0.395, 0.392, 0.387, 0.392, 0.376, 0.364, 0.351, 0.349, 0.32, 0.304, 0.282, 0.265, 0.247, 0.217, 0.216, 0.192, 0.199, 0.202, 0.197, 0.163, 0.165, 0.171, 0.174, 0.188, 0.188, 0.19, 0.194, 0.202, 0.196, 0.178, 0.166, 0.163, 0.177, 0.181, 0.186, 0.154, 0.153, 0.146, 0.14, 0.139, 0.129, 0.123, 0.104, 0.095, 0.093, 0.099, 0.089, 0.085, 0.088, 0.063, 0.048, 0.043, 0.038, 0.035, 0.031, 0.03, 0.032, 0.029, 0.023, 0.019, 0.019, 0.019, 0.022, 0.024, 0.026, 0.031, 0.033, 0.036, 0.039, 0.048, 0.053, 0.046, 0.052, 0.072, 0.065, 0.072, 0.058, 0.063, 0.067, 0.067, 0.065, 0.055, 0.047, 0.043, 0.043, 0.04, 0.057, 0.058, 0.045, 0.029, 0.017, 0.021, 0.017, 0.014, 0.013, 0.01, 0.008, 0.007, 0.008, 0.005, 0, 0, 0.001, 0.012, 0.012, 0.002, 0.001, 0, 0, 0, 0.002, 0, 0, 0, 0, 0, 0, 0.001, 0.001, 0, 0, 0, 0
precipitation[0][93], 0.394, 0.38, 0.378, 0.366, 0.364, 0.352, 0.344, 0.341, 0.336, 0.326, 0.331, 0.321, 0.325, 0.343, 0.369, 0.359, 0.323, 0.302, 0.29, 0.289, 0.294, 0.304, 0.32, 0.329, 0.329, 0.335, 0.348, 0.371, 0.381, 0.376, 0.37, 0.361, 0.344, 0.337, 0.34, 0.334, 0.343, 0.331, 0.326, 0.317, 0.318, 0.338, 0.365, 0.363, 0.347, 0.332, 0.332, 0.353, 0.354, 0.356, 0.375, 0.364, 0.343, 0.342, 0.341, 0.354, 0.347, 0.346, 0.368, 0.381, 0.396, 0.4, 0.404, 0.39, 0.386, 0.382, 0.386, 0.37, 0.343, 0.348, 0.33, 0.303, 0.269, 0.25, 0.241, 0.221, 0.207, 0.191, 0.232, 0.245, 0.191, 0.159, 0.161, 0.166, 0.17, 0.165, 0.168, 0.167, 0.187, 0.187, 0.183, 0.171, 0.164, 0.16, 0.154, 0.154, 0.16, 0.153, 0.167, 0.158, 0.149, 0.151, 0.142, 0.113, 0.106, 0.096, 0.096, 0.091, 0.09, 0.089, 0.077, 0.06, 0.057, 0.043, 0.036, 0.035, 0.033, 0.034, 0.032, 0.031, 0.024, 0.022, 0.02, 0.02, 0.023, 0.022, 0.025, 0.031, 0.032, 0.034, 0.037, 0.038, 0.042, 0.04, 0.046, 0.053, 0.058, 0.053, 0.055, 0.053, 0.058, 0.069, 0.064, 0.048, 0.053, 0.048, 0.041, 0.037, 0.042, 0.045, 0.038, 0.035, 0.02, 0.017, 0.016, 0.019, 0.019, 0.012, 0.01, 0.008, 0.007, 0.006, 0.005, 0.005, 0.012, 0.017, 0.019, 0.011, 0.002, 0.001, 0, 0, 0.001, 0.001, 0, 0, 0.001, 0, 0, 0.001, 0.001, 0, 0, 0, 0
precipitation[0][94], 0.392, 0.383, 0.384, 0.367, 0.362, 0.352, 0.348, 0.331, 0.327, 0.32, 0.337, 0.309, 0.306, 0.321, 0.343, 0.332, 0.315, 0.295, 0.292, 0.303, 0.297, 0.298, 0.315, 0.333, 0.34, 0.328, 0.341, 0.381, 0.397, 0.387, 0.385, 0.372, 0.348, 0.334, 0.336, 0.323, 0.339, 0.333, 0.323, 0.317, 0.331, 0.346, 0.354, 0.365, 0.344, 0.332, 0.338, 0.348, 0.353, 0.374, 0.376, 0.371, 0.337, 0.336, 0.327, 0.349, 0.354, 0.363, 0.378, 0.395, 0.411, 0.408, 0.405, 0.395, 0.39, 0.376, 0.38, 0.362, 0.339, 0.321, 0.307, 0.289, 0.276, 0.263, 0.236, 0.22, 0.216, 0.209, 0.243, 0.213, 0.178, 0.154, 0.145, 0.153, 0.162, 0.164, 0.155, 0.174, 0.183, 0.191, 0.182, 0.174, 0.164, 0.16, 0.153, 0.149, 0.158, 0.153, 0.169, 0.154, 0.151, 0.179, 0.139, 0.12, 0.128, 0.103, 0.089, 0.09, 0.09, 0.082, 0.067, 0.065, 0.05, 0.043, 0.04, 0.035, 0.034, 0.035, 0.031, 0.031, 0.029, 0.022, 0.021, 0.021, 0.021, 0.022, 0.024, 0.026, 0.028, 0.03, 0.033, 0.035, 0.036, 0.034, 0.036, 0.061, 0.063, 0.081, 0.081, 0.071, 0.078, 0.084, 0.075, 0.052, 0.061, 0.045, 0.041, 0.043, 0.043, 0.045, 0.035, 0.033, 0.028, 0.02, 0.017, 0.017, 0.019, 0.016, 0.011, 0.01, 0.009, 0.008, 0.007, 0.007, 0.006, 0.005, 0.005, 0.011, 0.01, 0.003, 0.001, 0.001, 0.003, 0.002, 0.001, 0.001, 0.001, 0, 0, 0.001, 0.001, 0, 0.001, 0, 0
precipitation[0][95], 0.392, 0.388, 0.391, 0.375, 0.366, 0.361, 0.36, 0.329, 0.321, 0.31, 0.303, 0.303, 0.293, 0.317, 0.328, 0.316, 0.301, 0.299, 0.277, 0.32, 0.29, 0.297, 0.326, 0.337, 0.353, 0.335, 0.351, 0.394, 0.394, 0.399, 0.403, 0.377, 0.352, 0.336, 0.329, 0.298, 0.311, 0.321, 0.317, 0.315, 0.328, 0.341, 0.35, 0.367, 0.358, 0.348, 0.342, 0.347, 0.356, 0.364, 0.359, 0.354, 0.324, 0.332, 0.328, 0.338, 0.343, 0.356, 0.369, 0.392, 0.424, 0.412, 0.404, 0.393, 0.386, 0.374, 0.362, 0.353, 0.35, 0.331, 0.315, 0.293, 0.291, 0.278, 0.259, 0.234, 0.225, 0.241, 0.295, 0.219, 0.175, 0.159, 0.143, 0.152, 0.168, 0.168, 0.164, 0.176, 0.183, 0.184, 0.18, 0.186, 0.162, 0.156, 0.151, 0.148, 0.153, 0.133, 0.142, 0.143, 0.144, 0.147, 0.134, 0.127, 0.117, 0.105, 0.094, 0.095, 0.094, 0.081, 0.074, 0.059, 0.056, 0.047, 0.042, 0.038, 0.035, 0.035, 0.034, 0.032, 0.029, 0.021, 0.02, 0.02, 0.02, 0.021, 0.021, 0.024, 0.025, 0.026, 0.03, 0.03, 0.028, 0.029, 0.033, 0.042, 0.061, 0.054, 0.06, 0.06, 0.063, 0.051, 0.056, 0.05, 0.057, 0.051, 0.034, 0.033, 0.035, 0.035, 0.028, 0.025, 0.024, 0.019, 0.017, 0.018, 0.019, 0.017, 0.014, 0.011, 0.01, 0.009, 0.008, 0.007, 0.007, 0.006, 0.005, 0.005, 0.02, 0.009, 0.005, 0.005, 0.022, 0.005, 0.001, 0.001, 0.001, 0, 0, 0.002, 0.001, 0, 0.003, 0, 0
precipitation[0][96], 0.388, 0.387, 0.383, 0.374, 0.37, 0.371, 0.351, 0.322, 0.31, 0.3, 0.29, 0.283, 0.281, 0.282, 0.276, 0.307, 0.286, 0.285, 0.275, 0.298, 0.304, 0.292, 0.292, 0.312, 0.344, 0.336, 0.35, 0.371, 0.367, 0.371, 0.379, 0.372, 0.346, 0.336, 0.33, 0.318, 0.317, 0.324, 0.312, 0.32, 0.328, 0.339, 0.345, 0.37, 0.365, 0.356, 0.348, 0.356, 0.361, 0.349, 0.342, 0.336, 0.322, 0.328, 0.33, 0.335, 0.339, 0.357, 0.369, 0.392, 0.419, 0.42, 0.408, 0.399, 0.383, 0.362, 0.361, 0.345, 0.343, 0.336, 0.318, 0.293, 0.278, 0.288, 0.255, 0.236, 0.22, 0.213, 0.218, 0.191, 0.174, 0.155, 0.146, 0.153, 0.156, 0.165, 0.157, 0.162, 0.171, 0.189, 0.217, 0.178, 0.161, 0.144, 0.135, 0.135, 0.139, 0.119, 0.126, 0.13, 0.132, 0.134, 0.128, 0.141, 0.129, 0.106, 0.092, 0.091, 0.088, 0.078, 0.067, 0.055, 0.055, 0.05, 0.046, 0.039, 0.035, 0.037, 0.033, 0.032, 0.027, 0.021, 0.02, 0.023, 0.018, 0.017, 0.017, 0.02, 0.02, 0.022, 0.024, 0.024, 0.023, 0.024, 0.027, 0.035, 0.034, 0.037, 0.032, 0.035, 0.036, 0.037, 0.039, 0.038, 0.043, 0.037, 0.034, 0.031, 0.034, 0.029, 0.026, 0.029, 0.023, 0.021, 0.018, 0.018, 0.019, 0.018, 0.015, 0.011, 0.01, 0.01, 0.009, 0.008, 0.008, 0.006, 0.005, 0.007, 0.013, 0.003, 0.001, 0.017, 0.018, 0.011, 0.003, 0.001, 0.001, 0, 0, 0, 0.001, 0, 0, 0, 0
precipitation[0][97], 0.379, 0.389, 0.372, 0.369, 0.362, 0.361, 0.351, 0.32, 0.299, 0.286, 0.276, 0.273, 0.274, 0.269, 0.267, 0.294, 0.277, 0.265, 0.265, 0.274, 0.275, 0.278, 0.278, 0.3, 0.324, 0.341, 0.336, 0.36, 0.374, 0.376, 0.377, 0.37, 0.346, 0.333, 0.331, 0.321, 0.325, 0.337, 0.327, 0.325, 0.327, 0.34, 0.348, 0.378, 0.365, 0.373, 0.364, 0.347, 0.354, 0.333, 0.352, 0.319, 0.315, 0.312, 0.329, 0.335, 0.337, 0.351, 0.365, 0.397, 0.431, 0.427, 0.401, 0.38, 0.368, 0.35, 0.345, 0.338, 0.334, 0.32, 0.305, 0.295, 0.27, 0.255, 0.242, 0.258, 0.229, 0.224, 0.204, 0.196, 0.172, 0.163, 0.159, 0.157, 0.15, 0.16, 0.164, 0.156, 0.161, 0.178, 0.217, 0.175, 0.17, 0.159, 0.127, 0.123, 0.129, 0.112, 0.116, 0.125, 0.121, 0.126, 0.142, 0.134, 0.142, 0.112, 0.106, 0.094, 0.089, 0.078, 0.064, 0.054, 0.05, 0.05, 0.045, 0.04, 0.038, 0.039, 0.039, 0.037, 0.032, 0.024, 0.024, 0.022, 0.019, 0.017, 0.016, 0.02, 0.02, 0.02, 0.021, 0.019, 0.019, 0.02, 0.023, 0.026, 0.031, 0.027, 0.029, 0.034, 0.034, 0.034, 0.036, 0.035, 0.037, 0.038, 0.032, 0.037, 0.042, 0.034, 0.032, 0.043, 0.046, 0.034, 0.024, 0.021, 0.019, 0.021, 0.016, 0.013, 0.012, 0.011, 0.01, 0.01, 0.009, 0.007, 0.013, 0.024, 0.014, 0.002, 0.002, 0.015, 0.006, 0.003, 0.002, 0.001, 0.005, 0.001, 0, 0, 0, 0, 0, 0, 0
precipitation[0][98], 0.377, 0.389, 0.383, 0.376, 0.367, 0.36, 0.343, 0.315, 0.299, 0.275, 0.267, 0.263, 0.262, 0.262, 0.257, 0.259, 0.266, 0.266, 0.26, 0.261, 0.267, 0.267, 0.274, 0.288, 0.312, 0.343, 0.333, 0.347, 0.364, 0.386, 0.385, 0.367, 0.353, 0.358, 0.357, 0.325, 0.334, 0.343, 0.334, 0.329, 0.33, 0.343, 0.362, 0.383, 0.373, 0.378, 0.373, 0.347, 0.332, 0.315, 0.34, 0.335, 0.313, 0.313, 0.332, 0.336, 0.336, 0.345, 0.356, 0.389, 0.404, 0.412, 0.384, 0.37, 0.365, 0.342, 0.337, 0.333, 0.33, 0.314, 0.293, 0.279, 0.263, 0.246, 0.243, 0.24, 0.223, 0.221, 0.215, 0.215, 0.187, 0.18, 0.168, 0.147, 0.151, 0.169, 0.169, 0.158, 0.161, 0.172, 0.21, 0.194, 0.172, 0.175, 0.131, 0.119, 0.124, 0.116, 0.119, 0.112, 0.103, 0.122, 0.132, 0.137, 0.14, 0.137, 0.116, 0.102, 0.089, 0.079, 0.064, 0.061, 0.057, 0.053, 0.049, 0.041, 0.039, 0.039, 0.038, 0.035, 0.035, 0.027, 0.026, 0.023, 0.019, 0.016, 0.015, 0.017, 0.018, 0.015, 0.015, 0.015, 0.015, 0.016, 0.018, 0.022, 0.023, 0.023, 0.026, 0.032, 0.031, 0.03, 0.035, 0.036, 0.034, 0.029, 0.029, 0.026, 0.03, 0.035, 0.037, 0.055, 0.048, 0.037, 0.03, 0.026, 0.022, 0.023, 0.016, 0.014, 0.013, 0.012, 0.012, 0.011, 0.009, 0.008, 0.007, 0.003, 0.003, 0.001, 0.003, 0.004, 0.002, 0, 0, 0.001, 0.001, 0, 0, 0, 0, 0, 0, 0, 0
precipitation[0][99], 0.38, 0.39, 0.38, 0.377, 0.37, 0.355, 0.339, 0.314, 0.291, 0.277, 0.259, 0.256, 0.257, 0.247, 0.247, 0.249, 0.245, 0.26, 0.251, 0.249, 0.247, 0.25, 0.266, 0.278, 0.307, 0.336, 0.329, 0.342, 0.371, 0.401, 0.404, 0.38, 0.364, 0.382, 0.353, 0.351, 0.352, 0.365, 0.344, 0.339, 0.358, 0.357, 0.357, 0.374, 0.396, 0.383, 0.368, 0.343, 0.34, 0.325, 0.341, 0.336, 0.312, 0.316, 0.322, 0.323, 0.328, 0.337, 0.35, 0.377, 0.396, 0.398, 0.386, 0.367, 0.357, 0.332, 0.326, 0.328, 0.322, 0.302, 0.285, 0.267, 0.255, 0.239, 0.235, 0.236, 0.223, 0.212, 0.192, 0.198, 0.18, 0.151, 0.151, 0.154, 0.143, 0.142, 0.154, 0.159, 0.173, 0.219, 0.182, 0.182, 0.168, 0.145, 0.14, 0.127, 0.134, 0.112, 0.118, 0.13, 0.101, 0.12, 0.134, 0.139, 0.154, 0.146, 0.121, 0.107, 0.096, 0.082, 0.065, 0.064, 0.064, 0.06, 0.056, 0.046, 0.039, 0.038, 0.035, 0.033, 0.029, 0.024, 0.023, 0.021, 0.019, 0.017, 0.016, 0.014, 0.014, 0.012, 0.011, 0.012, 0.012, 0.014, 0.014, 0.015, 0.018, 0.02, 0.022, 0.024, 0.028, 0.027, 0.032, 0.032, 0.03, 0.028, 0.025, 0.027, 0.031, 0.032, 0.033, 0.048, 0.044, 0.038, 0.035, 0.03, 0.024, 0.025, 0.018, 0.015, 0.014, 0.014, 0.013, 0.012, 0.002, 0.001, 0, 0.006, 0.001, 0.001, 0.002, 0.001, 0.001, 0, 0.001, 0.001, 0.001, 0, 0, 0, 0, 0, 0, 0, 0
precipitation[0][100], 0.384, 0.384, 0.388, 0.377, 0.358, 0.351, 0.345, 0.323, 0.305, 0.289, 0.267, 0.259, 0.244, 0.239, 0.232, 0.237, 0.241, 0.245, 0.236, 0.239, 0.237, 0.238, 0.253, 0.274, 0.295, 0.313, 0.325, 0.341, 0.354, 0.377, 0.399, 0.391, 0.416, 0.422, 0.393, 0.372, 0.377, 0.377, 0.352, 0.361, 0.367, 0.354, 0.354, 0.41, 0.37, 0.361, 0.367, 0.358, 0.344, 0.328, 0.322, 0.317, 0.315, 0.319, 0.322, 0.317, 0.323, 0.328, 0.351, 0.381, 0.392, 0.395, 0.391, 0.37, 0.353, 0.332, 0.324, 0.318, 0.311, 0.29, 0.274, 0.262, 0.252, 0.241, 0.235, 0.226, 0.209, 0.193, 0.192, 0.185, 0.172, 0.146, 0.147, 0.142, 0.136, 0.143, 0.149, 0.15, 0.163, 0.207, 0.194, 0.196, 0.167, 0.147, 0.153, 0.137, 0.134, 0.123, 0.128, 0.136, 0.104, 0.124, 0.141, 0.142, 0.143, 0.122, 0.108, 0.101, 0.093, 0.085, 0.069, 0.063, 0.069, 0.06, 0.064, 0.055, 0.043, 0.04, 0.035, 0.035, 0.029, 0.024, 0.022, 0.019, 0.017, 0.016, 0.012, 0.013, 0.013, 0.01, 0.007, 0.005, 0.006, 0.008, 0.011, 0.011, 0.013, 0.016, 0.019, 0.023, 0.025, 0.026, 0.026, 0.033, 0.035, 0.028, 0.023, 0.023, 0.034, 0.038, 0.035, 0.039, 0.031, 0.033, 0.036, 0.026, 0.023, 0.022, 0.02, 0.017, 0.015, 0.015, 0.014, 0.001, 0.001, 0.001, 0.001, 0.002, 0, 0.002, 0.002, 0, 0.001, 0.001, 0.001, 0.001, 0.001, 0, 0, 0, 0, 0, 0, 0, 0
precipitation[0][101], 0.389, 0.385, 0.377, 0.365, 0.354, 0.358, 0.346, 0.339, 0.315, 0.295, 0.274, 0.252, 0.254, 0.237, 0.24, 0.245, 0.249, 0.241, 0.229, 0.229, 0.235, 0.25, 0.242, 0.255, 0.266, 0.298, 0.305, 0.333, 0.341, 0.369, 0.379, 0.392, 0.414, 0.421, 0.4, 0.372, 0.382, 0.383, 0.372, 0.356, 0.362, 0.352, 0.372, 0.381, 0.356, 0.349, 0.358, 0.36, 0.343, 0.331, 0.322, 0.317, 0.309, 0.327, 0.329, 0.319, 0.318, 0.324, 0.349, 0.373, 0.385, 0.394, 0.389, 0.384, 0.362, 0.333, 0.318, 0.313, 0.306, 0.284, 0.277, 0.264, 0.26, 0.251, 0.235, 0.225, 0.21, 0.191, 0.202, 0.201, 0.173, 0.153, 0.143, 0.14, 0.139, 0.14, 0.153, 0.158, 0.158, 0.167, 0.165, 0.172, 0.16, 0.153, 0.152, 0.139, 0.141, 0.159, 0.152, 0.125, 0.139, 0.133, 0.117, 0.126, 0.129, 0.126, 0.106, 0.107, 0.096, 0.085, 0.079, 0.071, 0.069, 0.063, 0.068, 0.058, 0.048, 0.043, 0.038, 0.033, 0.027, 0.023, 0.021, 0.019, 0.015, 0.014, 0.011, 0.01, 0.008, 0.007, 0.005, 0.004, 0.005, 0.006, 0.006, 0.008, 0.01, 0.012, 0.014, 0.017, 0.018, 0.019, 0.022, 0.024, 0.024, 0.024, 0.026, 0.022, 0.029, 0.039, 0.032, 0.04, 0.034, 0.024, 0.027, 0.025, 0.022, 0.02, 0.021, 0.019, 0.016, 0.017, 0.015, 0.001, 0.001, 0.001, 0.001, 0.001, 0.001, 0.003, 0.002, 0, 0.001, 0.001, 0.002, 0.003, 0.002, 0.001, 0, 0, 0.001, 0, 0, 0, 0.001
precipitation[0][102], 0.391, 0.387, 0.384, 0.371, 0.373, 0.361, 0.349, 0.362, 0.327, 0.302, 0.281, 0.258, 0.252, 0.244, 0.245, 0.261, 0.243, 0.245, 0.236, 0.229, 0.238, 0.246, 0.25, 0.257, 0.262, 0.279, 0.293, 0.305, 0.319, 0.34, 0.351, 0.381, 0.404, 0.405, 0.388, 0.386, 0.38, 0.41, 0.385, 0.353, 0.364, 0.346, 0.331, 0.334, 0.34, 0.337, 0.342, 0.352, 0.339, 0.336, 0.326, 0.314, 0.311, 0.323, 0.334, 0.323, 0.314, 0.317, 0.365, 0.381, 0.37, 0.4, 0.415, 0.368, 0.353, 0.33, 0.312, 0.3, 0.285, 0.271, 0.272, 0.251, 0.252, 0.245, 0.226, 0.221, 0.204, 0.182, 0.195, 0.213, 0.19, 0.183, 0.172, 0.167, 0.164, 0.154, 0.158, 0.16, 0.163, 0.166, 0.172, 0.179, 0.165, 0.159, 0.156, 0.157, 0.15, 0.146, 0.141, 0.136, 0.133, 0.117, 0.12, 0.114, 0.117, 0.101, 0.096, 0.096, 0.096, 0.091, 0.081, 0.073, 0.071, 0.064, 0.068, 0.069, 0.051, 0.043, 0.039, 0.033, 0.028, 0.022, 0.019, 0.018, 0.015, 0.013, 0.011, 0.01, 0.008, 0.006, 0.004, 0.002, 0.003, 0.004, 0.005, 0.007, 0.009, 0.01, 0.012, 0.014, 0.016, 0.017, 0.018, 0.019, 0.02, 0.019, 0.02, 0.022, 0.023, 0.026, 0.037, 0.03, 0.025, 0.018, 0.018, 0.019, 0.019, 0.016, 0.017, 0.016, 0.015, 0.016, 0.015, 0.001, 0.001, 0.002, 0.002, 0.002, 0.002, 0.004, 0.001, 0, 0.002, 0.001, 0.001, 0.004, 0.002, 0.001, 0.001, 0, 0.001, 0.001, 0, 0, 0.005
precipitation[0][103], 0.409, 0.4, 0.393, 0.381, 0.374, 0.357, 0.346, 0.351, 0.332, 0.305, 0.286, 0.265, 0.263, 0.252, 0.246, 0.243, 0.241, 0.249, 0.247, 0.244, 0.235, 0.236, 0.243, 0.247, 0.253, 0.261, 0.271, 0.296, 0.304, 0.333, 0.352, 0.379, 0.401, 0.396, 0.38, 0.357, 0.35, 0.359, 0.361, 0.356, 0.357, 0.344, 0.333, 0.329, 0.334, 0.335, 0.326, 0.336, 0.334, 0.34, 0.324, 0.313, 0.314, 0.317, 0.336, 0.321, 0.321, 0.318, 0.352, 0.363, 0.363, 0.417, 0.379, 0.354, 0.344, 0.319, 0.306, 0.288, 0.273, 0.261, 0.253, 0.235, 0.248, 0.246, 0.237, 0.214, 0.189, 0.177, 0.189, 0.236, 0.224, 0.201, 0.181, 0.191, 0.188, 0.192, 0.175, 0.18, 0.16, 0.16, 0.153, 0.171, 0.173, 0.154, 0.147, 0.16, 0.153, 0.142, 0.139, 0.138, 0.111, 0.12, 0.119, 0.118, 0.1, 0.094, 0.087, 0.089, 0.09, 0.095, 0.094, 0.075, 0.07, 0.063, 0.069, 0.065, 0.05, 0.048, 0.04, 0.033, 0.028, 0.022, 0.019, 0.018, 0.015, 0.014, 0.011, 0.011, 0.009, 0.006, 0.005, 0.002, 0.002, 0.003, 0.005, 0.006, 0.007, 0.009, 0.011, 0.012, 0.013, 0.015, 0.016, 0.016, 0.016, 0.018, 0.019, 0.02, 0.018, 0.02, 0.021, 0.022, 0.018, 0.016, 0.017, 0.018, 0.017, 0.014, 0.018, 0.016, 0.014, 0.014, 0.014, 0.005, 0.003, 0.002, 0.005, 0.004, 0.004, 0.007, 0.007, 0, 0.001, 0.002, 0.005, 0.003, 0.002, 0.001, 0.001, 0.001, 0.001, 0.001, 0, 0.001, 0.003
precipitation[0][104], 0.413, 0.406, 0.393, 0.39, 0.38, 0.368, 0.359, 0.358, 0.33, 0.315, 0.303, 0.282, 0.277, 0.268, 0.26, 0.255, 0.244, 0.245, 0.248, 0.24, 0.243, 0.243, 0.241, 0.238, 0.244, 0.256, 0.266, 0.281, 0.298, 0.319, 0.333, 0.348, 0.366, 0.355, 0.341, 0.331, 0.329, 0.333, 0.338, 0.333, 0.336, 0.332, 0.324, 0.325, 0.326, 0.324, 0.313, 0.317, 0.319, 0.332, 0.323, 0.31, 0.309, 0.318, 0.322, 0.321, 0.317, 0.319, 0.327, 0.333, 0.359, 0.384, 0.368, 0.354, 0.342, 0.312, 0.29, 0.28, 0.266, 0.256, 0.244, 0.233, 0.239, 0.241, 0.226, 0.209, 0.188, 0.176, 0.194, 0.252, 0.234, 0.203, 0.207, 0.218, 0.204, 0.201, 0.197, 0.184, 0.174, 0.159, 0.165, 0.171, 0.178, 0.163, 0.134, 0.142, 0.148, 0.151, 0.14, 0.133, 0.108, 0.121, 0.113, 0.106, 0.087, 0.079, 0.078, 0.094, 0.091, 0.089, 0.083, 0.077, 0.067, 0.057, 0.055, 0.05, 0.045, 0.045, 0.04, 0.032, 0.027, 0.021, 0.02, 0.017, 0.015, 0.014, 0.011, 0.01, 0.008, 0.006, 0.004, 0.003, 0.002, 0.003, 0.004, 0.005, 0.006, 0.008, 0.009, 0.01, 0.012, 0.013, 0.014, 0.015, 0.015, 0.015, 0.015, 0.015, 0.016, 0.017, 0.017, 0.016, 0.015, 0.015, 0.016, 0.016, 0.016, 0.014, 0.018, 0.016, 0.013, 0.014, 0.012, 0.001, 0.003, 0.002, 0.005, 0.003, 0.011, 0.035, 0.032, 0.001, 0.001, 0.002, 0.002, 0.003, 0.007, 0.003, 0.002, 0.001, 0.002, 0.002, 0.002, 0, 0
precipitation[0][105], 0.41, 0.413, 0.397, 0.388, 0.375, 0.372, 0.356, 0.355, 0.332, 0.321, 0.312, 0.3, 0.294, 0.281, 0.272, 0.26, 0.255, 0.255, 0.26, 0.256, 0.25, 0.246, 0.248, 0.245, 0.24, 0.246, 0.259, 0.273, 0.289, 0.309, 0.314, 0.318, 0.351, 0.346, 0.327, 0.329, 0.332, 0.333, 0.329, 0.321, 0.324, 0.323, 0.313, 0.318, 0.321, 0.32, 0.308, 0.307, 0.309, 0.327, 0.326, 0.31, 0.306, 0.318, 0.321, 0.317, 0.315, 0.313, 0.319, 0.318, 0.335, 0.332, 0.335, 0.338, 0.333, 0.305, 0.282, 0.254, 0.25, 0.239, 0.239, 0.229, 0.231, 0.235, 0.221, 0.202, 0.183, 0.176, 0.194, 0.223, 0.218, 0.206, 0.218, 0.206, 0.195, 0.197, 0.192, 0.184, 0.175, 0.168, 0.168, 0.166, 0.183, 0.162, 0.136, 0.133, 0.139, 0.156, 0.147, 0.13, 0.11, 0.105, 0.097, 0.089, 0.086, 0.076, 0.086, 0.1, 0.091, 0.084, 0.076, 0.072, 0.063, 0.052, 0.05, 0.045, 0.045, 0.048, 0.039, 0.032, 0.026, 0.021, 0.018, 0.018, 0.014, 0.014, 0.011, 0.01, 0.008, 0.006, 0.004, 0.002, 0.002, 0.004, 0.004, 0.005, 0.006, 0.007, 0.008, 0.009, 0.01, 0.011, 0.012, 0.013, 0.013, 0.014, 0.013, 0.014, 0.017, 0.014, 0.015, 0.014, 0.015, 0.014, 0.015, 0.014, 0.014, 0.014, 0.015, 0.012, 0.013, 0.013, 0.012, 0.002, 0.002, 0.002, 0.005, 0.007, 0.031, 0.074, 0.02, 0.006, 0.002, 0.003, 0.002, 0.003, 0.009, 0.005, 0.002, 0.002, 0.002, 0.001, 0, 0, 0.007
precipitation[0][106], 0.417, 0.41, 0.401, 0.394, 0.388, 0.379, 0.368, 0.353, 0.338, 0.337, 0.33, 0.324, 0.314, 0.299, 0.28, 0.266, 0.26, 0.259, 0.263, 0.265, 0.259, 0.259, 0.262, 0.252, 0.241, 0.249, 0.257, 0.277, 0.283, 0.293, 0.286, 0.288, 0.312, 0.32, 0.313, 0.313, 0.347, 0.338, 0.335, 0.314, 0.314, 0.315, 0.316, 0.319, 0.308, 0.298, 0.314, 0.293, 0.304, 0.315, 0.313, 0.312, 0.311, 0.32, 0.319, 0.313, 0.299, 0.295, 0.294, 0.294, 0.297, 0.31, 0.319, 0.319, 0.319, 0.292, 0.266, 0.25, 0.236, 0.233, 0.238, 0.225, 0.229, 0.234, 0.219, 0.204, 0.185, 0.198, 0.222, 0.248, 0.21, 0.21, 0.203, 0.2, 0.184, 0.199, 0.184, 0.163, 0.166, 0.17, 0.181, 0.171, 0.165, 0.15, 0.138, 0.133, 0.132, 0.152, 0.161, 0.155, 0.125, 0.111, 0.1, 0.093, 0.088, 0.084, 0.092, 0.093, 0.094, 0.076, 0.076, 0.076, 0.071, 0.062, 0.054, 0.046, 0.045, 0.047, 0.038, 0.03, 0.024, 0.02, 0.018, 0.016, 0.014, 0.012, 0.011, 0.009, 0.007, 0.005, 0.004, 0.002, 0.002, 0.003, 0.005, 0.004, 0.005, 0.006, 0.007, 0.009, 0.008, 0.009, 0.01, 0.01, 0.01, 0.011, 0.012, 0.013, 0.014, 0.014, 0.014, 0.013, 0.013, 0.013, 0.013, 0.013, 0.013, 0.016, 0.014, 0.012, 0.013, 0.012, 0.012, 0.004, 0.002, 0.005, 0.007, 0.017, 0.061, 0.028, 0.006, 0.001, 0.002, 0.003, 0.002, 0.003, 0.006, 0.004, 0.002, 0.003, 0.002, 0.001, 0.001, 0.001, 0.01
precipitation[0][107], 0.425, 0.416, 0.409, 0.399, 0.389, 0.378, 0.377, 0.364, 0.354, 0.345, 0.337, 0.333, 0.317, 0.306, 0.294, 0.274, 0.272, 0.264, 0.259, 0.26, 0.256, 0.257, 0.261, 0.261, 0.252, 0.242, 0.248, 0.265, 0.267, 0.278, 0.272, 0.272, 0.291, 0.304, 0.295, 0.302, 0.326, 0.324, 0.327, 0.317, 0.316, 0.313, 0.315, 0.311, 0.304, 0.292, 0.289, 0.285, 0.293, 0.309, 0.306, 0.302, 0.306, 0.313, 0.315, 0.304, 0.297, 0.286, 0.287, 0.285, 0.283, 0.294, 0.294, 0.303, 0.301, 0.291, 0.262, 0.236, 0.225, 0.222, 0.219, 0.226, 0.223, 0.227, 0.211, 0.202, 0.189, 0.202, 0.234, 0.223, 0.211, 0.209, 0.195, 0.192, 0.186, 0.187, 0.179, 0.164, 0.16, 0.163, 0.174, 0.163, 0.155, 0.15, 0.137, 0.131, 0.129, 0.146, 0.162, 0.172, 0.136, 0.114, 0.104, 0.095, 0.089, 0.078, 0.082, 0.093, 0.081, 0.083, 0.078, 0.076, 0.061, 0.063, 0.054, 0.046, 0.043, 0.045, 0.041, 0.03, 0.025, 0.02, 0.018, 0.016, 0.014, 0.012, 0.01, 0.009, 0.007, 0.005, 0.003, 0.002, 0.001, 0.003, 0.005, 0.004, 0.004, 0.004, 0.006, 0.007, 0.007, 0.007, 0.008, 0.008, 0.009, 0.009, 0.01, 0.01, 0.01, 0.01, 0.011, 0.012, 0.011, 0.012, 0.012, 0.011, 0.012, 0.013, 0.011, 0.012, 0.013, 0.015, 0.001, 0.003, 0.002, 0.006, 0.013, 0.047, 0.042, 0.023, 0.005, 0.001, 0.004, 0.003, 0.003, 0.007, 0.006, 0.005, 0.003, 0.003, 0.002, 0.001, 0.001, 0, 0.001
precipitation[0][108], 0.421, 0.415, 0.407, 0.398, 0.394, 0.389, 0.382, 0.368, 0.368, 0.349, 0.351, 0.346, 0.322, 0.311, 0.298, 0.291, 0.278, 0.264, 0.259, 0.257, 0.254, 0.258, 0.251, 0.255, 0.25, 0.252, 0.257, 0.261, 0.265, 0.263, 0.254, 0.257, 0.264, 0.289, 0.283, 0.287, 0.313, 0.322, 0.339, 0.329, 0.321, 0.317, 0.321, 0.314, 0.305, 0.293, 0.297, 0.294, 0.305, 0.314, 0.303, 0.3, 0.302, 0.308, 0.3, 0.3, 0.29, 0.273, 0.273, 0.275, 0.273, 0.275, 0.279, 0.292, 0.278, 0.275, 0.26, 0.23, 0.212, 0.211, 0.215, 0.227, 0.229, 0.234, 0.219, 0.201, 0.196, 0.192, 0.203, 0.227, 0.207, 0.194, 0.19, 0.18, 0.175, 0.179, 0.178, 0.165, 0.158, 0.157, 0.161, 0.158, 0.143, 0.14, 0.139, 0.14, 0.134, 0.147, 0.149, 0.171, 0.14, 0.122, 0.109, 0.1, 0.085, 0.076, 0.083, 0.085, 0.103, 0.075, 0.072, 0.072, 0.058, 0.054, 0.051, 0.045, 0.042, 0.038, 0.034, 0.029, 0.025, 0.021, 0.018, 0.016, 0.014, 0.012, 0.01, 0.009, 0.007, 0.005, 0.003, 0.001, 0.001, 0.002, 0.003, 0.003, 0.004, 0.003, 0.004, 0.004, 0.005, 0.005, 0.006, 0.006, 0.008, 0.007, 0.008, 0.007, 0.008, 0.009, 0.009, 0.01, 0.01, 0.011, 0.011, 0.01, 0.011, 0.009, 0.01, 0.011, 0.011, 0.01, 0.003, 0.003, 0.006, 0.005, 0.012, 0.018, 0.021, 0.008, 0.002, 0.002, 0.002, 0.003, 0.003, 0.003, 0.006, 0.006, 0.004, 0.002, 0.002, 0.001, 0.001, 0, 0
precipitation[0][109], 0.433, 0.42, 0.417, 0.406, 0.397, 0.391, 0.382, 0.369, 0.369, 0.356, 0.35, 0.356, 0.339, 0.322, 0.311, 0.303, 0.288, 0.275, 0.263, 0.258, 0.266, 0.26, 0.251, 0.249, 0.25, 0.244, 0.25, 0.254, 0.269, 0.266, 0.247, 0.235, 0.237, 0.248, 0.265, 0.278, 0.305, 0.323, 0.345, 0.336, 0.332, 0.333, 0.331, 0.319, 0.307, 0.298, 0.292, 0.297, 0.292, 0.299, 0.286, 0.281, 0.296, 0.308, 0.304, 0.289, 0.291, 0.259, 0.261, 0.257, 0.257, 0.252, 0.265, 0.267, 0.273, 0.269, 0.26, 0.246, 0.215, 0.218, 0.226, 0.217, 0.228, 0.238, 0.234, 0.212, 0.204, 0.194, 0.196, 0.224, 0.197, 0.176, 0.182, 0.18, 0.181, 0.194, 0.176, 0.166, 0.167, 0.156, 0.153, 0.151, 0.14, 0.136, 0.138, 0.136, 0.136, 0.14, 0.131, 0.155, 0.127, 0.12, 0.097, 0.089, 0.081, 0.074, 0.076, 0.09, 0.093, 0.097, 0.069, 0.063, 0.058, 0.053, 0.051, 0.046, 0.043, 0.037, 0.035, 0.031, 0.024, 0.02, 0.017, 0.015, 0.014, 0.012, 0.01, 0.009, 0.007, 0.006, 0.004, 0.002, 0, 0.001, 0.001, 0.002, 0.002, 0.002, 0.003, 0.003, 0.003, 0.003, 0.004, 0.004, 0.005, 0.005, 0.01, 0.008, 0.006, 0.007, 0.007, 0.007, 0.007, 0.01, 0.009, 0.008, 0.009, 0.008, 0.009, 0.01, 0.011, 0.002, 0.004, 0.003, 0.004, 0.004, 0.009, 0.005, 0.007, 0.006, 0.003, 0.002, 0.004, 0.005, 0.003, 0.002, 0.007, 0.004, 0.006, 0.003, 0.003, 0.002, 0, 0, 0
precipitation[0][110], 0.424, 0.416, 0.411, 0.4, 0.395, 0.391, 0.389, 0.372, 0.371, 0.364, 0.358, 0.363, 0.358, 0.343, 0.33, 0.316, 0.297, 0.288, 0.275, 0.269, 0.27, 0.267, 0.25, 0.254, 0.269, 0.243, 0.247, 0.267, 0.281, 0.26, 0.243, 0.224, 0.224, 0.235, 0.261, 0.274, 0.291, 0.306, 0.33, 0.324, 0.327, 0.33, 0.321, 0.313, 0.309, 0.301, 0.295, 0.289, 0.286, 0.281, 0.288, 0.278, 0.287, 0.303, 0.296, 0.292, 0.278, 0.245, 0.244, 0.25, 0.255, 0.248, 0.269, 0.246, 0.247, 0.256, 0.264, 0.232, 0.215, 0.209, 0.216, 0.215, 0.228, 0.242, 0.23, 0.21, 0.195, 0.189, 0.203, 0.211, 0.194, 0.175, 0.17, 0.174, 0.193, 0.198, 0.184, 0.17, 0.173, 0.154, 0.145, 0.142, 0.138, 0.137, 0.133, 0.134, 0.133, 0.134, 0.135, 0.141, 0.128, 0.122, 0.095, 0.088, 0.081, 0.074, 0.077, 0.084, 0.085, 0.086, 0.078, 0.067, 0.061, 0.054, 0.052, 0.046, 0.042, 0.036, 0.034, 0.03, 0.026, 0.02, 0.017, 0.016, 0.014, 0.013, 0.011, 0.009, 0.007, 0.005, 0.004, 0.002, 0, 0, 0, 0.001, 0.001, 0.001, 0.001, 0.002, 0.001, 0.002, 0.002, 0.002, 0.003, 0.004, 0.004, 0.004, 0.004, 0.005, 0.005, 0.005, 0.006, 0.008, 0.007, 0.007, 0.008, 0.007, 0.007, 0.009, 0.008, 0.003, 0.005, 0.008, 0.004, 0.005, 0.003, 0.006, 0.008, 0.006, 0.002, 0.004, 0.007, 0.004, 0.003, 0.002, 0.005, 0.008, 0.007, 0.004, 0.003, 0.002, 0, 0, 0
precipitation[0][111], 0.444, 0.439, 0.42, 0.408, 0.401, 0.393, 0.39, 0.381, 0.386, 0.391, 0.378, 0.381, 0.387, 0.364, 0.35, 0.337, 0.32, 0.307, 0.297, 0.287, 0.286, 0.262, 0.265, 0.266, 0.266, 0.28, 0.278, 0.29, 0.308, 0.252, 0.24, 0.224, 0.221, 0.234, 0.256, 0.281, 0.301, 0.308, 0.311, 0.308, 0.317, 0.317, 0.319, 0.312, 0.305, 0.303, 0.289, 0.286, 0.284, 0.286, 0.289, 0.276, 0.274, 0.277, 0.282, 0.318, 0.274, 0.244, 0.237, 0.245, 0.256, 0.235, 0.252, 0.236, 0.236, 0.239, 0.242, 0.223, 0.216, 0.198, 0.195, 0.207, 0.218, 0.22, 0.214, 0.196, 0.196, 0.193, 0.232, 0.23, 0.176, 0.16, 0.164, 0.161, 0.191, 0.197, 0.185, 0.192, 0.18, 0.158, 0.148, 0.145, 0.15, 0.148, 0.137, 0.132, 0.141, 0.136, 0.124, 0.139, 0.118, 0.115, 0.095, 0.092, 0.079, 0.073, 0.072, 0.074, 0.084, 0.08, 0.07, 0.067, 0.061, 0.054, 0.05, 0.044, 0.039, 0.034, 0.03, 0.027, 0.024, 0.019, 0.016, 0.015, 0.014, 0.012, 0.01, 0.009, 0.008, 0.005, 0.003, 0.002, 0, 0, 0, 0, 0, 0, 0, 0, 0, 0, 0.001, 0.001, 0.002, 0.002, 0.003, 0.003, 0.003, 0.003, 0.004, 0.004, 0.004, 0.005, 0.006, 0.006, 0.006, 0.006, 0.007, 0.007, 0.002, 0.006, 0.004, 0.006, 0.003, 0.008, 0.01, 0.012, 0.027, 0.024, 0.008, 0.004, 0.003, 0.003, 0.003, 0.004, 0.008, 0.016, 0.019, 0.014, 0.003, 0.002, 0, 0, 0
precipitation[0][112], 0.44, 0.442, 0.438, 0.424, 0.413, 0.396, 0.396, 0.394, 0.415, 0.412, 0.4, 0.4, 0.396, 0.382, 0.369, 0.348, 0.339, 0.328, 0.315, 0.307, 0.292, 0.276, 0.27, 0.28, 0.265, 0.258, 0.263, 0.292, 0.27, 0.286, 0.267, 0.229, 0.229, 0.236, 0.252, 0.271, 0.286, 0.292, 0.3, 0.289, 0.3, 0.307, 0.314, 0.307, 0.301, 0.301, 0.292, 0.277, 0.271, 0.281, 0.279, 0.283, 0.275, 0.265, 0.268, 0.281, 0.252, 0.236, 0.232, 0.231, 0.241, 0.226, 0.244, 0.235, 0.224, 0.22, 0.221, 0.204, 0.199, 0.188, 0.19, 0.2, 0.213, 0.225, 0.22, 0.207, 0.202, 0.208, 0.219, 0.244, 0.183, 0.159, 0.155, 0.157, 0.196, 0.181, 0.193, 0.184, 0.177, 0.158, 0.142, 0.141, 0.147, 0.142, 0.138, 0.126, 0.138, 0.13, 0.129, 0.136, 0.116, 0.116, 0.091, 0.078, 0.073, 0.069, 0.065, 0.066, 0.072, 0.076, 0.065, 0.065, 0.059, 0.051, 0.046, 0.041, 0.036, 0.031, 0.027, 0.023, 0.02, 0.017, 0.015, 0.013, 0.012, 0.013, 0.009, 0.008, 0.007, 0.005, 0.004, 0.002, 0, 0, 0, 0, 0, 0.001, 0.001, 0, 0.001, 0.001, 0.001, 0.001, 0.002, 0.002, 0.003, 0.003, 0.003, 0.003, 0.003, 0.004, 0.004, 0.005, 0.006, 0.006, 0.006, 0.008, 0.007, 0.006, 0.009, 0.006, 0.01, 0.01, 0.007, 0.004, 0.008, 0.015, 0.042, 0.076, 0.018, 0.005, 0.005, 0.004, 0.003, 0.005, 0.01, 0.013, 0.012, 0.006, 0.002, 0.002, 0, 0, 0
precipitation[0][113], 0.466, 0.476, 0.5, 0.45, 0.419, 0.403, 0.437, 0.439, 0.434, 0.444, 0.44, 0.419, 0.424, 0.422, 0.41, 0.368, 0.353, 0.339, 0.325, 0.317, 0.307, 0.306, 0.291, 0.289, 0.275, 0.272, 0.282, 0.286, 0.283, 0.281, 0.253, 0.224, 0.229, 0.241, 0.245, 0.252, 0.27, 0.267, 0.276, 0.277, 0.288, 0.293, 0.305, 0.323, 0.306, 0.288, 0.282, 0.272, 0.267, 0.268, 0.283, 0.28, 0.265, 0.263, 0.258, 0.246, 0.254, 0.235, 0.238, 0.233, 0.237, 0.227, 0.23, 0.219, 0.234, 0.224, 0.265, 0.231, 0.214, 0.186, 0.189, 0.191, 0.204, 0.206, 0.209, 0.196, 0.198, 0.198, 0.223, 0.196, 0.175, 0.153, 0.155, 0.152, 0.151, 0.161, 0.177, 0.172, 0.166, 0.154, 0.14, 0.139, 0.153, 0.138, 0.137, 0.136, 0.132, 0.143, 0.138, 0.149, 0.112, 0.109, 0.092, 0.079, 0.075, 0.071, 0.063, 0.061, 0.061, 0.064, 0.06, 0.059, 0.056, 0.049, 0.043, 0.039, 0.033, 0.029, 0.024, 0.022, 0.018, 0.015, 0.014, 0.012, 0.011, 0.01, 0.008, 0.007, 0.006, 0.004, 0.003, 0.001, 0, 0, 0, 0, 0, 0, 0.001, 0.001, 0.001, 0.001, 0.001, 0.001, 0.002, 0.002, 0.003, 0.003, 0.003, 0.003, 0.003, 0.003, 0.004, 0.005, 0.005, 0.007, 0.006, 0.007, 0.01, 0.006, 0.007, 0.009, 0.008, 0.003, 0.006, 0.003, 0.008, 0.035, 0.087, 0.056, 0.017, 0.006, 0.004, 0.005, 0.002, 0.005, 0.012, 0.008, 0.006, 0.004, 0.001, 0.002, 0, 0, 0
precipitation[0][114], 0.467, 0.462, 0.493, 0.458, 0.428, 0.416, 0.428, 0.428, 0.436, 0.446, 0.437, 0.434, 0.433, 0.435, 0.425, 0.406, 0.377, 0.355, 0.339, 0.338, 0.331, 0.315, 0.302, 0.3, 0.289, 0.287, 0.282, 0.284, 0.272, 0.263, 0.26, 0.234, 0.232, 0.22, 0.224, 0.237, 0.248, 0.261, 0.272, 0.273, 0.274, 0.278, 0.29, 0.296, 0.293, 0.277, 0.279, 0.268, 0.271, 0.272, 0.281, 0.268, 0.257, 0.257, 0.247, 0.236, 0.24, 0.22, 0.233, 0.221, 0.215, 0.215, 0.214, 0.197, 0.195, 0.206, 0.21, 0.195, 0.186, 0.186, 0.19, 0.196, 0.203, 0.204, 0.199, 0.192, 0.186, 0.186, 0.183, 0.181, 0.164, 0.153, 0.147, 0.143, 0.145, 0.157, 0.165, 0.158, 0.16, 0.147, 0.137, 0.14, 0.149, 0.141, 0.128, 0.123, 0.121, 0.128, 0.154, 0.154, 0.122, 0.109, 0.09, 0.081, 0.086, 0.073, 0.061, 0.06, 0.055, 0.065, 0.053, 0.052, 0.052, 0.045, 0.042, 0.037, 0.031, 0.028, 0.022, 0.019, 0.017, 0.014, 0.013, 0.011, 0.01, 0.008, 0.007, 0.006, 0.005, 0.004, 0.003, 0.001, 0, 0, 0, 0, 0, 0.001, 0.001, 0, 0.001, 0.001, 0.001, 0.002, 0.002, 0.002, 0.007, 0.002, 0.002, 0.002, 0.003, 0.003, 0.004, 0.004, 0.004, 0.001, 0.001, 0.008, 0.011, 0.007, 0.013, 0.006, 0.006, 0.002, 0, 0.001, 0.005, 0.014, 0.033, 0.042, 0.02, 0.008, 0.004, 0.004, 0.005, 0.005, 0.013, 0.008, 0.009, 0.005, 0.001, 0.001, 0, 0, 0
precipitation[0][115], 0.473, 0.449, 0.46, 0.452, 0.441, 0.434, 0.433, 0.431, 0.445, 0.468, 0.449, 0.459, 0.433, 0.455, 0.451, 0.431, 0.395, 0.376, 0.35, 0.35, 0.349, 0.344, 0.316, 0.305, 0.291, 0.295, 0.282, 0.269, 0.261, 0.25, 0.249, 0.236, 0.234, 0.224, 0.219, 0.223, 0.242, 0.259, 0.274, 0.262, 0.263, 0.274, 0.296, 0.308, 0.295, 0.282, 0.271, 0.275, 0.277, 0.271, 0.279, 0.259, 0.252, 0.244, 0.236, 0.227, 0.228, 0.21, 0.216, 0.216, 0.207, 0.214, 0.21, 0.195, 0.189, 0.195, 0.195, 0.189, 0.184, 0.192, 0.183, 0.187, 0.202, 0.199, 0.2, 0.186, 0.182, 0.178, 0.173, 0.169, 0.153, 0.15, 0.157, 0.15, 0.143, 0.147, 0.15, 0.15, 0.154, 0.145, 0.138, 0.14, 0.141, 0.16, 0.143, 0.131, 0.116, 0.119, 0.126, 0.156, 0.125, 0.11, 0.097, 0.087, 0.087, 0.067, 0.061, 0.061, 0.051, 0.055, 0.066, 0.058, 0.049, 0.041, 0.035, 0.034, 0.028, 0.025, 0.02, 0.017, 0.014, 0.012, 0.011, 0.01, 0.008, 0.007, 0.006, 0.006, 0.004, 0.004, 0.004, 0.002, 0, 0.001, 0.001, 0.001, 0.001, 0.001, 0.001, 0.001, 0.001, 0.001, 0.001, 0.002, 0.002, 0.006, 0.006, 0.002, 0.002, 0.003, 0.002, 0.003, 0.003, 0.003, 0.001, 0.003, 0.007, 0.011, 0.011, 0.016, 0.014, 0.003, 0.002, 0, 0.001, 0.001, 0.002, 0.008, 0.018, 0.009, 0.008, 0.006, 0.004, 0.003, 0.005, 0.005, 0.008, 0.008, 0.009, 0.006, 0.004, 0.001, 0, 0, 0
precipitation[0][116], 0.456, 0.428, 0.445, 0.455, 0.462, 0.461, 0.444, 0.432, 0.436, 0.445, 0.444, 0.433, 0.421, 0.448, 0.458, 0.431, 0.411, 0.398, 0.372, 0.377, 0.355, 0.352, 0.322, 0.316, 0.302, 0.294, 0.289, 0.277, 0.267, 0.252, 0.239, 0.228, 0.214, 0.217, 0.221, 0.228, 0.241, 0.259, 0.273, 0.252, 0.268, 0.292, 0.3, 0.311, 0.333, 0.285, 0.27, 0.272, 0.28, 0.286, 0.272, 0.254, 0.242, 0.243, 0.222, 0.229, 0.223, 0.189, 0.203, 0.228, 0.19, 0.199, 0.19, 0.182, 0.174, 0.186, 0.183, 0.168, 0.171, 0.18, 0.182, 0.183, 0.198, 0.198, 0.2, 0.177, 0.179, 0.161, 0.175, 0.172, 0.162, 0.158, 0.156, 0.165, 0.159, 0.145, 0.141, 0.15, 0.151, 0.136, 0.132, 0.141, 0.145, 0.152, 0.133, 0.13, 0.107, 0.119, 0.113, 0.14, 0.114, 0.115, 0.097, 0.094, 0.076, 0.066, 0.057, 0.052, 0.047, 0.043, 0.058, 0.072, 0.038, 0.038, 0.033, 0.029, 0.025, 0.022, 0.017, 0.014, 0.012, 0.013, 0.015, 0.008, 0.007, 0.006, 0.006, 0.004, 0.004, 0.006, 0.006, 0.003, 0.002, 0.001, 0.001, 0.002, 0.002, 0.002, 0.002, 0.001, 0.001, 0.002, 0.001, 0.002, 0.003, 0.02, 0.002, 0.002, 0.002, 0.002, 0.002, 0.003, 0.003, 0.001, 0.002, 0.006, 0.004, 0.007, 0.006, 0.003, 0.002, 0.001, 0.001, 0.002, 0.001, 0.001, 0.002, 0.006, 0.007, 0.006, 0.006, 0.005, 0.004, 0.003, 0.002, 0.002, 0.005, 0.007, 0.008, 0.007, 0.004, 0.001, 0, 0, 0
precipitation[0][117], 0.45, 0.442, 0.448, 0.469, 0.48, 0.473, 0.465, 0.451, 0.437, 0.441, 0.441, 0.435, 0.425, 0.425, 0.429, 0.43, 0.427, 0.411, 0.383, 0.368, 0.365, 0.351, 0.333, 0.324, 0.309, 0.297, 0.291, 0.279, 0.264, 0.248, 0.229, 0.219, 0.202, 0.209, 0.221, 0.215, 0.227, 0.245, 0.257, 0.246, 0.262, 0.274, 0.296, 0.307, 0.316, 0.288, 0.269, 0.268, 0.264, 0.278, 0.26, 0.244, 0.227, 0.236, 0.228, 0.228, 0.214, 0.177, 0.197, 0.211, 0.204, 0.196, 0.195, 0.165, 0.163, 0.183, 0.182, 0.168, 0.166, 0.187, 0.17, 0.192, 0.206, 0.193, 0.198, 0.177, 0.164, 0.173, 0.173, 0.153, 0.16, 0.161, 0.254, 0.255, 0.186, 0.154, 0.156, 0.152, 0.151, 0.135, 0.131, 0.146, 0.148, 0.149, 0.142, 0.123, 0.116, 0.102, 0.109, 0.129, 0.159, 0.115, 0.099, 0.097, 0.085, 0.07, 0.056, 0.05, 0.042, 0.038, 0.037, 0.03, 0.03, 0.03, 0.034, 0.028, 0.021, 0.02, 0.014, 0.012, 0.01, 0.013, 0.017, 0.006, 0.006, 0.005, 0.006, 0.004, 0.003, 0.005, 0.004, 0.001, 0.001, 0.001, 0.001, 0.001, 0.002, 0.002, 0.003, 0.002, 0.002, 0.002, 0.001, 0.002, 0.002, 0.003, 0.004, 0.002, 0.005, 0.002, 0.002, 0.002, 0.002, 0.001, 0.004, 0.009, 0.007, 0.007, 0.004, 0.005, 0.001, 0.001, 0.002, 0.002, 0, 0.002, 0.005, 0.004, 0.006, 0.004, 0.005, 0.004, 0.003, 0.002, 0.002, 0.003, 0.004, 0.007, 0.006, 0.003, 0.001, 0.001, 0, 0, 0
precipitation[0][118], 0.454, 0.452, 0.456, 0.469, 0.482, 0.487, 0.471, 0.447, 0.443, 0.449, 0.452, 0.436, 0.421, 0.42, 0.42, 0.421, 0.415, 0.409, 0.401, 0.383, 0.38, 0.368, 0.343, 0.336, 0.317, 0.306, 0.292, 0.276, 0.258, 0.245, 0.231, 0.209, 0.197, 0.207, 0.206, 0.206, 0.219, 0.225, 0.237, 0.239, 0.251, 0.267, 0.283, 0.288, 0.282, 0.263, 0.252, 0.253, 0.251, 0.262, 0.25, 0.236, 0.229, 0.237, 0.231, 0.221, 0.21, 0.186, 0.192, 0.199, 0.202, 0.197, 0.187, 0.172, 0.17, 0.187, 0.187, 0.167, 0.165, 0.175, 0.174, 0.191, 0.209, 0.193, 0.215, 0.183, 0.161, 0.184, 0.175, 0.181, 0.181, 0.215, 0.2, 0.202, 0.194, 0.161, 0.164, 0.153, 0.154, 0.136, 0.136, 0.131, 0.138, 0.149, 0.141, 0.126, 0.124, 0.107, 0.099, 0.128, 0.112, 0.128, 0.102, 0.107, 0.086, 0.073, 0.056, 0.05, 0.04, 0.038, 0.044, 0.029, 0.025, 0.025, 0.025, 0.02, 0.016, 0.015, 0.014, 0.01, 0.008, 0.007, 0.006, 0.005, 0.004, 0.004, 0.004, 0.003, 0.002, 0.002, 0.002, 0.002, 0.003, 0.002, 0, 0.001, 0.001, 0.002, 0.002, 0.002, 0.002, 0.002, 0.002, 0.002, 0.002, 0.014, 0.003, 0.004, 0.003, 0.002, 0.002, 0.002, 0.003, 0.001, 0.01, 0.006, 0.003, 0.001, 0.002, 0.001, 0.001, 0, 0, 0, 0, 0.004, 0.003, 0.003, 0.003, 0.004, 0.005, 0.005, 0.002, 0.001, 0.003, 0.003, 0.005, 0.006, 0.007, 0.003, 0.001, 0.001, 0, 0, 0
precipitation[0][119], 0.457, 0.458, 0.465, 0.477, 0.486, 0.5, 0.474, 0.458, 0.453, 0.452, 0.455, 0.445, 0.438, 0.426, 0.414, 0.421, 0.419, 0.409, 0.401, 0.401, 0.4, 0.384, 0.361, 0.347, 0.329, 0.311, 0.295, 0.274, 0.253, 0.24, 0.228, 0.205, 0.203, 0.195, 0.201, 0.198, 0.211, 0.226, 0.237, 0.232, 0.229, 0.246, 0.273, 0.283, 0.269, 0.259, 0.237, 0.233, 0.243, 0.245, 0.237, 0.231, 0.231, 0.238, 0.236, 0.22, 0.209, 0.193, 0.188, 0.194, 0.195, 0.197, 0.184, 0.17, 0.171, 0.188, 0.188, 0.17, 0.172, 0.182, 0.172, 0.174, 0.199, 0.186, 0.202, 0.177, 0.163, 0.178, 0.196, 0.187, 0.187, 0.165, 0.23, 0.188, 0.178, 0.162, 0.17, 0.168, 0.158, 0.138, 0.135, 0.129, 0.128, 0.152, 0.144, 0.146, 0.138, 0.113, 0.106, 0.123, 0.116, 0.096, 0.112, 0.124, 0.085, 0.073, 0.057, 0.051, 0.045, 0.037, 0.032, 0.035, 0.021, 0.018, 0.019, 0.015, 0.012, 0.012, 0.008, 0.007, 0.006, 0.005, 0.005, 0.016, 0.024, 0.002, 0.002, 0.002, 0.001, 0.001, 0.002, 0.002, 0.003, 0.002, 0, 0, 0.001, 0.001, 0.002, 0.002, 0.002, 0.002, 0.004, 0.003, 0.004, 0.013, 0.005, 0.003, 0.003, 0.002, 0.002, 0.002, 0.002, 0.002, 0.006, 0.002, 0.006, 0.001, 0.001, 0.001, 0.001, 0, 0, 0, 0, 0.002, 0.002, 0, 0.001, 0.005, 0.007, 0.004, 0.002, 0.001, 0.002, 0.002, 0.004, 0.006, 0.006, 0.006, 0.005, 0.001, 0.001, 0.001, 0.001
precipitation[0][120], 0.461, 0.464, 0.468, 0.478, 0.485, 0.494, 0.487, 0.467, 0.461, 0.452, 0.449, 0.447, 0.457, 0.438, 0.427, 0.425, 0.426, 0.421, 0.425, 0.426, 0.411, 0.405, 0.374, 0.355, 0.331, 0.311, 0.293, 0.268, 0.251, 0.233, 0.222, 0.203, 0.19, 0.198, 0.199, 0.203, 0.214, 0.223, 0.231, 0.232, 0.232, 0.247, 0.267, 0.267, 0.266, 0.246, 0.238, 0.231, 0.235, 0.238, 0.243, 0.242, 0.249, 0.239, 0.233, 0.234, 0.217, 0.204, 0.207, 0.198, 0.19, 0.197, 0.182, 0.173, 0.179, 0.184, 0.188, 0.166, 0.16, 0.169, 0.163, 0.167, 0.191, 0.179, 0.183, 0.166, 0.151, 0.178, 0.204, 0.183, 0.159, 0.151, 0.166, 0.176, 0.161, 0.155, 0.173, 0.162, 0.166, 0.162, 0.158, 0.122, 0.134, 0.166, 0.166, 0.151, 0.142, 0.119, 0.091, 0.098, 0.074, 0.08, 0.09, 0.088, 0.075, 0.065, 0.052, 0.05, 0.045, 0.033, 0.026, 0.025, 0.022, 0.018, 0.016, 0.012, 0.009, 0.007, 0.006, 0.005, 0.003, 0.003, 0.003, 0.012, 0.005, 0.005, 0.002, 0.001, 0.001, 0.001, 0.002, 0.002, 0.003, 0, 0, 0.001, 0.001, 0.001, 0.002, 0.002, 0.002, 0.003, 0.003, 0.003, 0.006, 0.006, 0.002, 0.004, 0.005, 0.012, 0.005, 0.002, 0.002, 0.001, 0.007, 0.004, 0.004, 0.001, 0, 0, 0.001, 0, 0, 0, 0, 0.001, 0.001, 0.001, 0.001, 0.004, 0.008, 0.004, 0.002, 0.001, 0.001, 0.001, 0.003, 0.005, 0.006, 0.002, 0.005, 0.004, 0.002, 0, 0
precipitation[0][121], 0.46, 0.47, 0.482, 0.501, 0.504, 0.509, 0.495, 0.478, 0.462, 0.443, 0.445, 0.455, 0.451, 0.438, 0.428, 0.417, 0.433, 0.461, 0.438, 0.417, 0.405, 0.401, 0.381, 0.364, 0.339, 0.315, 0.303, 0.28, 0.265, 0.247, 0.225, 0.206, 0.198, 0.208, 0.219, 0.219, 0.224, 0.231, 0.233, 0.233, 0.23, 0.25, 0.247, 0.269, 0.251, 0.245, 0.229, 0.238, 0.236, 0.235, 0.242, 0.259, 0.257, 0.247, 0.251, 0.24, 0.222, 0.208, 0.203, 0.187, 0.205, 0.226, 0.201, 0.176, 0.163, 0.18, 0.193, 0.155, 0.155, 0.152, 0.156, 0.158, 0.187, 0.168, 0.173, 0.158, 0.152, 0.135, 0.157, 0.15, 0.135, 0.135, 0.159, 0.158, 0.144, 0.149, 0.168, 0.159, 0.161, 0.194, 0.152, 0.31, 0.195, 0.166, 0.157, 0.173, 0.153, 0.123, 0.09, 0.091, 0.083, 0.081, 0.074, 0.072, 0.067, 0.059, 0.052, 0.044, 0.036, 0.027, 0.022, 0.022, 0.023, 0.022, 0.018, 0.015, 0.01, 0.007, 0.005, 0.004, 0.002, 0.006, 0.009, 0.005, 0.003, 0.003, 0.006, 0.001, 0.001, 0.001, 0.002, 0.001, 0.001, 0.001, 0.001, 0.001, 0.002, 0.002, 0.001, 0.002, 0.002, 0.002, 0.003, 0.002, 0.004, 0.005, 0.003, 0.002, 0.005, 0.018, 0.009, 0.003, 0.003, 0.001, 0.001, 0.001, 0.002, 0, 0, 0, 0, 0, 0, 0, 0, 0.001, 0.001, 0.001, 0.001, 0.003, 0.007, 0.005, 0.002, 0.003, 0.001, 0.001, 0.002, 0.004, 0.006, 0.002, 0.004, 0.002, 0.001, 0, 0
precipitation[0][122], 0.461, 0.47, 0.514, 0.549, 0.524, 0.526, 0.503, 0.488, 0.467, 0.444, 0.45, 0.45, 0.453, 0.443, 0.427, 0.414, 0.412, 0.436, 0.463, 0.425, 0.402, 0.4, 0.383, 0.361, 0.348, 0.322, 0.307, 0.291, 0.277, 0.256, 0.241, 0.226, 0.218, 0.231, 0.24, 0.232, 0.232, 0.236, 0.24, 0.238, 0.242, 0.247, 0.244, 0.255, 0.254, 0.24, 0.237, 0.237, 0.25, 0.236, 0.242, 0.255, 0.251, 0.252, 0.246, 0.237, 0.224, 0.222, 0.215, 0.203, 0.217, 0.211, 0.196, 0.165, 0.158, 0.17, 0.179, 0.161, 0.155, 0.185, 0.189, 0.164, 0.18, 0.178, 0.18, 0.154, 0.144, 0.139, 0.158, 0.135, 0.123, 0.114, 0.127, 0.137, 0.129, 0.127, 0.144, 0.138, 0.158, 0.168, 0.145, 0.183, 0.202, 0.152, 0.146, 0.168, 0.143, 0.114, 0.089, 0.082, 0.071, 0.083, 0.067, 0.066, 0.062, 0.055, 0.049, 0.044, 0.036, 0.03, 0.029, 0.027, 0.031, 0.032, 0.023, 0.024, 0.01, 0.011, 0.011, 0.01, 0.003, 0.003, 0.005, 0.013, 0.01, 0.002, 0.006, 0.002, 0.001, 0.001, 0.002, 0.002, 0.002, 0.002, 0.002, 0.002, 0.006, 0.024, 0.001, 0.001, 0.001, 0.003, 0.004, 0.002, 0.002, 0.003, 0.003, 0.003, 0.005, 0.006, 0.009, 0.006, 0.007, 0.005, 0.003, 0.001, 0.009, 0, 0, 0, 0, 0, 0, 0, 0, 0.001, 0.001, 0, 0, 0.004, 0.005, 0.003, 0.001, 0.001, 0, 0.001, 0.001, 0.003, 0.005, 0.002, 0.002, 0.002, 0.001, 0, 0.001
precipitation[0][123], 0.458, 0.481, 0.497, 0.526, 0.518, 0.498, 0.49, 0.486, 0.474, 0.452, 0.45, 0.445, 0.444, 0.436, 0.427, 0.422, 0.409, 0.43, 0.464, 0.415, 0.398, 0.39, 0.386, 0.364, 0.346, 0.333, 0.318, 0.307, 0.29, 0.273, 0.257, 0.242, 0.236, 0.24, 0.243, 0.244, 0.243, 0.25, 0.246, 0.247, 0.253, 0.252, 0.245, 0.251, 0.245, 0.247, 0.241, 0.249, 0.248, 0.249, 0.235, 0.273, 0.257, 0.249, 0.25, 0.238, 0.233, 0.21, 0.21, 0.196, 0.196, 0.192, 0.184, 0.167, 0.158, 0.167, 0.183, 0.179, 0.187, 0.187, 0.186, 0.162, 0.187, 0.179, 0.164, 0.163, 0.145, 0.124, 0.121, 0.115, 0.122, 0.116, 0.119, 0.131, 0.117, 0.105, 0.113, 0.127, 0.15, 0.156, 0.153, 0.149, 0.252, 0.197, 0.15, 0.163, 0.163, 0.131, 0.099, 0.093, 0.075, 0.097, 0.068, 0.064, 0.056, 0.058, 0.055, 0.045, 0.036, 0.031, 0.027, 0.026, 0.031, 0.033, 0.036, 0.023, 0.01, 0.008, 0.008, 0.005, 0.004, 0.004, 0.007, 0.016, 0.019, 0.008, 0.007, 0.005, 0.001, 0.001, 0.002, 0.002, 0.002, 0.003, 0.002, 0.002, 0.005, 0.002, 0.001, 0.001, 0.001, 0.002, 0.005, 0.003, 0.003, 0.003, 0.004, 0.005, 0.004, 0.006, 0.008, 0.009, 0.007, 0.007, 0.003, 0.001, 0.004, 0.001, 0, 0, 0, 0, 0, 0, 0, 0, 0.001, 0, 0.001, 0.003, 0.004, 0.003, 0.001, 0.001, 0, 0.001, 0.001, 0.001, 0.004, 0.004, 0.002, 0.003, 0.001, 0.001, 0
precipitation[0][124], 0.464, 0.503, 0.493, 0.486, 0.483, 0.482, 0.472, 0.473, 0.475, 0.459, 0.449, 0.44, 0.433, 0.431, 0.422, 0.412, 0.413, 0.422, 0.438, 0.435, 0.396, 0.394, 0.38, 0.365, 0.353, 0.343, 0.329, 0.318, 0.305, 0.286, 0.282, 0.266, 0.252, 0.268, 0.264, 0.26, 0.248, 0.243, 0.241, 0.247, 0.259, 0.259, 0.242, 0.245, 0.252, 0.253, 0.255, 0.246, 0.249, 0.249, 0.258, 0.266, 0.264, 0.254, 0.252, 0.242, 0.247, 0.218, 0.219, 0.213, 0.194, 0.189, 0.186, 0.171, 0.172, 0.177, 0.191, 0.179, 0.188, 0.192, 0.204, 0.175, 0.173, 0.169, 0.164, 0.159, 0.142, 0.105, 0.104, 0.107, 0.112, 0.107, 0.12, 0.126, 0.107, 0.098, 0.103, 0.114, 0.122, 0.129, 0.144, 0.148, 0.193, 0.181, 0.165, 0.173, 0.171, 0.13, 0.102, 0.098, 0.093, 0.11, 0.091, 0.08, 0.069, 0.063, 0.054, 0.042, 0.039, 0.03, 0.026, 0.021, 0.021, 0.021, 0.02, 0.02, 0.012, 0.008, 0.007, 0.005, 0.005, 0.004, 0.006, 0.01, 0.008, 0.007, 0.007, 0.009, 0.005, 0.004, 0.002, 0.003, 0.002, 0.004, 0.003, 0.003, 0.004, 0.002, 0.002, 0.001, 0.001, 0.001, 0.004, 0.005, 0.01, 0.009, 0.008, 0.007, 0.005, 0.006, 0.008, 0.009, 0.009, 0.009, 0.002, 0.001, 0, 0, 0, 0, 0, 0.001, 0, 0, 0, 0, 0.001, 0.001, 0.001, 0.002, 0.003, 0.002, 0, 0, 0, 0, 0.001, 0.002, 0.001, 0.001, 0.001, 0.002, 0.001, 0.001, 0.002
precipitation[0][125], 0.462, 0.489, 0.482, 0.476, 0.474, 0.474, 0.465, 0.466, 0.468, 0.471, 0.459, 0.445, 0.432, 0.437, 0.428, 0.428, 0.458, 0.409, 0.412, 0.406, 0.391, 0.385, 0.375, 0.366, 0.365, 0.35, 0.342, 0.33, 0.328, 0.31, 0.302, 0.285, 0.273, 0.279, 0.297, 0.289, 0.26, 0.249, 0.251, 0.253, 0.256, 0.252, 0.241, 0.25, 0.265, 0.269, 0.265, 0.26, 0.26, 0.256, 0.267, 0.259, 0.256, 0.255, 0.256, 0.254, 0.248, 0.245, 0.252, 0.219, 0.206, 0.195, 0.187, 0.18, 0.182, 0.178, 0.19, 0.186, 0.213, 0.205, 0.196, 0.176, 0.166, 0.161, 0.163, 0.149, 0.132, 0.1, 0.093, 0.095, 0.094, 0.096, 0.108, 0.14, 0.115, 0.098, 0.094, 0.101, 0.114, 0.122, 0.136, 0.142, 0.145, 0.165, 0.183, 0.169, 0.136, 0.113, 0.111, 0.104, 0.102, 0.094, 0.091, 0.108, 0.08, 0.063, 0.054, 0.046, 0.039, 0.029, 0.024, 0.021, 0.02, 0.02, 0.019, 0.019, 0.013, 0.008, 0.006, 0.004, 0.003, 0.001, 0.002, 0.015, 0.017, 0.011, 0.007, 0.009, 0.006, 0.005, 0.003, 0.004, 0.004, 0.006, 0.003, 0.003, 0.005, 0.003, 0.002, 0.001, 0.001, 0.002, 0.003, 0.004, 0.009, 0.01, 0.008, 0.007, 0.008, 0.008, 0.009, 0.01, 0.011, 0.011, 0.003, 0.001, 0, 0, 0, 0, 0, 0.002, 0, 0, 0, 0, 0.001, 0.001, 0.001, 0.002, 0.004, 0.001, 0, 0, 0, 0, 0, 0.001, 0, 0, 0.001, 0.002, 0.002, 0.002, 0.002
precipitation[0][126], 0.472, 0.48, 0.469, 0.469, 0.478, 0.473, 0.463, 0.46, 0.46, 0.467, 0.458, 0.45, 0.435, 0.436, 0.421, 0.428, 0.423, 0.41, 0.419, 0.408, 0.405, 0.396, 0.383, 0.381, 0.375, 0.361, 0.354, 0.332, 0.33, 0.324, 0.315, 0.306, 0.301, 0.302, 0.315, 0.304, 0.279, 0.265, 0.255, 0.261, 0.265, 0.262, 0.252, 0.252, 0.277, 0.284, 0.28, 0.269, 0.267, 0.268, 0.278, 0.283, 0.264, 0.258, 0.263, 0.258, 0.254, 0.243, 0.23, 0.218, 0.212, 0.187, 0.202, 0.188, 0.189, 0.192, 0.206, 0.2, 0.197, 0.2, 0.201, 0.185, 0.171, 0.159, 0.15, 0.138, 0.13, 0.104, 0.091, 0.09, 0.092, 0.089, 0.105, 0.147, 0.125, 0.108, 0.095, 0.103, 0.117, 0.113, 0.116, 0.122, 0.124, 0.138, 0.167, 0.138, 0.124, 0.116, 0.112, 0.106, 0.098, 0.098, 0.103, 0.104, 0.11, 0.091, 0.06, 0.046, 0.038, 0.033, 0.025, 0.028, 0.026, 0.018, 0.017, 0.016, 0.011, 0.008, 0.008, 0.004, 0.003, 0.001, 0.001, 0.002, 0.003, 0.004, 0.006, 0.008, 0.008, 0.007, 0.006, 0.01, 0.006, 0.007, 0.004, 0.003, 0.005, 0.004, 0.003, 0.001, 0.001, 0.002, 0.003, 0.004, 0.009, 0.008, 0.009, 0.009, 0.01, 0.009, 0.011, 0.012, 0.012, 0.013, 0.001, 0.001, 0, 0.001, 0, 0, 0, 0.001, 0, 0, 0, 0, 0, 0, 0, 0.001, 0.002, 0, 0, 0.001, 0.001, 0, 0, 0.001, 0, 0, 0.001, 0.002, 0.002, 0.003, 0.002
precipitation[0][127], 0.46, 0.467, 0.475, 0.483, 0.489, 0.482, 0.474, 0.465, 0.474, 0.472, 0.468, 0.473, 0.447, 0.429, 0.414, 0.413, 0.408, 0.402, 0.405, 0.403, 0.416, 0.397, 0.384, 0.383, 0.376, 0.366, 0.368, 0.343, 0.338, 0.332, 0.325, 0.321, 0.324, 0.324, 0.336, 0.329, 0.289, 0.275, 0.269, 0.275, 0.271, 0.262, 0.265, 0.284, 0.28, 0.292, 0.286, 0.274, 0.286, 0.279, 0.29, 0.296, 0.267, 0.263, 0.254, 0.258, 0.27, 0.248, 0.229, 0.215, 0.219, 0.194, 0.198, 0.185, 0.198, 0.202, 0.217, 0.206, 0.219, 0.207, 0.199, 0.195, 0.189, 0.176, 0.158, 0.145, 0.136, 0.119, 0.119, 0.099, 0.106, 0.1, 0.109, 0.107, 0.103, 0.09, 0.09, 0.092, 0.101, 0.105, 0.104, 0.115, 0.11, 0.131, 0.138, 0.114, 0.1, 0.085, 0.094, 0.09, 0.084, 0.1, 0.095, 0.096, 0.083, 0.097, 0.063, 0.047, 0.052, 0.043, 0.039, 0.028, 0.022, 0.021, 0.023, 0.014, 0.01, 0.008, 0.006, 0.004, 0.003, 0.001, 0.001, 0.002, 0.003, 0.003, 0.005, 0.008, 0.009, 0.013, 0.013, 0.014, 0.008, 0.008, 0.004, 0.004, 0.004, 0.004, 0.003, 0.002, 0.002, 0.001, 0.002, 0.004, 0.009, 0.01, 0.009, 0.009, 0.01, 0.012, 0.013, 0.013, 0.014, 0.019, 0.003, 0, 0, 0.001, 0, 0, 0, 0, 0, 0, 0, 0, 0, 0, 0, 0.002, 0.002, 0, 0, 0, 0, 0.001, 0, 0.001, 0, 0, 0.001, 0.002, 0.002, 0.003, 0.003
precipitation[0][128], 0.467, 0.466, 0.485, 0.475, 0.485, 0.492, 0.482, 0.475, 0.476, 0.492, 0.471, 0.47, 0.446, 0.421, 0.41, 0.405, 0.4, 0.402, 0.4, 0.402, 0.396, 0.399, 0.375, 0.375, 0.375, 0.371, 0.374, 0.355, 0.346, 0.342, 0.338, 0.332, 0.334, 0.335, 0.35, 0.321, 0.304, 0.289, 0.287, 0.275, 0.276, 0.264, 0.264, 0.261, 0.28, 0.298, 0.304, 0.276, 0.275, 0.278, 0.303, 0.298, 0.291, 0.275, 0.261, 0.269, 0.268, 0.278, 0.245, 0.252, 0.233, 0.208, 0.196, 0.181, 0.202, 0.218, 0.222, 0.205, 0.208, 0.213, 0.207, 0.179, 0.188, 0.17, 0.171, 0.156, 0.153, 0.15, 0.133, 0.113, 0.1, 0.092, 0.088, 0.103, 0.104, 0.081, 0.081, 0.088, 0.096, 0.098, 0.095, 0.096, 0.098, 0.104, 0.106, 0.098, 0.089, 0.08, 0.074, 0.082, 0.072, 0.081, 0.093, 0.104, 0.081, 0.058, 0.045, 0.052, 0.102, 0.12, 0.046, 0.025, 0.022, 0.025, 0.021, 0.014, 0.01, 0.008, 0.006, 0.004, 0.003, 0.001, 0, 0.001, 0.001, 0.003, 0.005, 0.009, 0.011, 0.017, 0.016, 0.013, 0.011, 0.009, 0.007, 0.005, 0.002, 0.003, 0.002, 0.002, 0.002, 0.001, 0.003, 0.004, 0.008, 0.008, 0.009, 0.011, 0.012, 0.013, 0.014, 0.015, 0.016, 0.019, 0.001, 0.001, 0, 0.002, 0, 0, 0, 0, 0, 0, 0, 0, 0, 0, 0.002, 0.001, 0, 0, 0, 0, 0, 0, 0, 0, 0, 0, 0.001, 0.004, 0.003, 0.003, 0.003
precipitation[0][129], 0.468, 0.478, 0.487, 0.493, 0.476, 0.484, 0.503, 0.491, 0.49, 0.491, 0.476, 0.485, 0.456, 0.428, 0.415, 0.404, 0.395, 0.389, 0.396, 0.391, 0.389, 0.381, 0.375, 0.376, 0.375, 0.376, 0.385, 0.373, 0.358, 0.349, 0.351, 0.347, 0.347, 0.345, 0.342, 0.332, 0.327, 0.309, 0.297, 0.284, 0.277, 0.265, 0.265, 0.272, 0.281, 0.301, 0.293, 0.271, 0.278, 0.299, 0.346, 0.312, 0.288, 0.292, 0.281, 0.27, 0.265, 0.268, 0.27, 0.276, 0.232, 0.211, 0.205, 0.184, 0.212, 0.22, 0.249, 0.227, 0.216, 0.208, 0.212, 0.168, 0.179, 0.169, 0.164, 0.142, 0.146, 0.15, 0.139, 0.113, 0.098, 0.084, 0.083, 0.094, 0.089, 0.082, 0.079, 0.087, 0.093, 0.085, 0.089, 0.095, 0.094, 0.079, 0.078, 0.078, 0.067, 0.073, 0.094, 0.069, 0.068, 0.08, 0.076, 0.082, 0.077, 0.059, 0.04, 0.063, 0.073, 0.061, 0.056, 0.027, 0.023, 0.025, 0.017, 0.013, 0.01, 0.008, 0.006, 0.005, 0.003, 0.001, 0, 0, 0.001, 0.001, 0.003, 0.007, 0.012, 0.018, 0.017, 0.013, 0.01, 0.009, 0.008, 0.006, 0.003, 0.002, 0.002, 0.002, 0.002, 0.002, 0.003, 0.004, 0.008, 0.009, 0.012, 0.013, 0.013, 0.015, 0.015, 0.017, 0.018, 0.018, 0.016, 0.001, 0.001, 0.002, 0, 0, 0, 0, 0, 0, 0, 0, 0, 0, 0.002, 0.001, 0, 0, 0, 0, 0, 0, 0, 0, 0.001, 0, 0.001, 0.004, 0.003, 0.004, 0.004
precipitation[0][130], 0.472, 0.481, 0.498, 0.496, 0.484, 0.482, 0.492, 0.5, 0.502, 0.503, 0.481, 0.533, 0.503, 0.451, 0.417, 0.406, 0.39, 0.379, 0.37, 0.382, 0.375, 0.376, 0.375, 0.366, 0.365, 0.374, 0.384, 0.373, 0.364, 0.354, 0.35, 0.355, 0.355, 0.358, 0.352, 0.344, 0.332, 0.318, 0.301, 0.286, 0.284, 0.28, 0.273, 0.276, 0.282, 0.302, 0.3, 0.276, 0.293, 0.303, 0.316, 0.318, 0.31, 0.291, 0.282, 0.268, 0.289, 0.305, 0.249, 0.248, 0.244, 0.22, 0.223, 0.199, 0.223, 0.242, 0.285, 0.239, 0.226, 0.217, 0.209, 0.178, 0.188, 0.176, 0.168, 0.159, 0.15, 0.161, 0.153, 0.113, 0.091, 0.076, 0.1, 0.1, 0.082, 0.086, 0.094, 0.093, 0.098, 0.09, 0.09, 0.095, 0.095, 0.083, 0.068, 0.06, 0.057, 0.093, 0.123, 0.095, 0.076, 0.07, 0.068, 0.082, 0.087, 0.054, 0.04, 0.084, 0.044, 0.05, 0.036, 0.026, 0.022, 0.021, 0.017, 0.013, 0.011, 0.009, 0.007, 0.005, 0.003, 0.001, 0, 0, 0.001, 0.001, 0.003, 0.005, 0.012, 0.017, 0.011, 0.01, 0.004, 0.006, 0.007, 0.006, 0.004, 0.001, 0.002, 0.002, 0.001, 0.001, 0.003, 0.005, 0.007, 0.008, 0.01, 0.012, 0.014, 0.015, 0.017, 0.019, 0.019, 0.019, 0.018, 0.001, 0, 0.002, 0, 0, 0, 0, 0, 0.001, 0, 0, 0, 0.001, 0.001, 0, 0, 0, 0, 0, 0, 0, 0, 0, 0.002, 0, 0, 0.005, 0.003, 0.003, 0.003
precipitation[0][131], 0.484, 0.496, 0.487, 0.485, 0.477, 0.472, 0.479, 0.485, 0.494, 0.494, 0.489, 0.516, 0.457, 0.433, 0.409, 0.395, 0.384, 0.379, 0.374, 0.363, 0.367, 0.373, 0.369, 0.366, 0.38, 0.389, 0.394, 0.383, 0.372, 0.361, 0.362, 0.367, 0.368, 0.364, 0.361, 0.359, 0.348, 0.329, 0.303, 0.305, 0.299, 0.29, 0.289, 0.289, 0.297, 0.304, 0.309, 0.28, 0.293, 0.338, 0.337, 0.317, 0.335, 0.287, 0.273, 0.273, 0.288, 0.327, 0.258, 0.277, 0.277, 0.236, 0.225, 0.245, 0.246, 0.241, 0.27, 0.247, 0.229, 0.222, 0.219, 0.184, 0.179, 0.166, 0.146, 0.134, 0.124, 0.134, 0.131, 0.117, 0.099, 0.087, 0.105, 0.094, 0.094, 0.086, 0.091, 0.133, 0.142, 0.094, 0.076, 0.075, 0.079, 0.074, 0.069, 0.058, 0.065, 0.094, 0.105, 0.112, 0.064, 0.062, 0.067, 0.077, 0.063, 0.047, 0.036, 0.05, 0.042, 0.04, 0.027, 0.022, 0.021, 0.02, 0.018, 0.014, 0.012, 0.009, 0.007, 0.006, 0.004, 0.001, 0, 0, 0, 0.001, 0.001, 0.003, 0.006, 0.012, 0.011, 0.004, 0.003, 0.003, 0.004, 0.003, 0.002, 0.001, 0.001, 0.001, 0.001, 0.001, 0.003, 0.005, 0.007, 0.01, 0.01, 0.012, 0.015, 0.016, 0.017, 0.019, 0.02, 0.021, 0.019, 0.002, 0.002, 0.003, 0, 0, 0, 0, 0, 0, 0, 0, 0.001, 0, 0, 0, 0, 0, 0, 0.001, 0.001, 0, 0, 0, 0.004, 0.003, 0.001, 0.002, 0.002, 0.003, 0.003
precipitation[0][132], 0.481, 0.48, 0.481, 0.474, 0.469, 0.474, 0.476, 0.484, 0.487, 0.504, 0.481, 0.465, 0.447, 0.414, 0.395, 0.384, 0.375, 0.376, 0.361, 0.361, 0.375, 0.375, 0.371, 0.378, 0.381, 0.394, 0.4, 0.399, 0.377, 0.366, 0.361, 0.364, 0.368, 0.372, 0.366, 0.358, 0.348, 0.329, 0.314, 0.316, 0.314, 0.309, 0.3, 0.3, 0.301, 0.326, 0.325, 0.305, 0.294, 0.312, 0.327, 0.312, 0.318, 0.286, 0.273, 0.283, 0.29, 0.263, 0.253, 0.299, 0.277, 0.239, 0.225, 0.27, 0.24, 0.238, 0.254, 0.229, 0.244, 0.222, 0.226, 0.187, 0.176, 0.171, 0.14, 0.117, 0.107, 0.114, 0.124, 0.121, 0.109, 0.095, 0.105, 0.122, 0.12, 0.1, 0.108, 0.129, 0.104, 0.12, 0.073, 0.069, 0.076, 0.066, 0.066, 0.057, 0.057, 0.083, 0.091, 0.086, 0.054, 0.048, 0.056, 0.055, 0.052, 0.044, 0.036, 0.031, 0.024, 0.024, 0.024, 0.025, 0.024, 0.02, 0.017, 0.014, 0.012, 0.009, 0.007, 0.005, 0.004, 0.001, 0.001, 0.001, 0.001, 0.001, 0.001, 0.001, 0.002, 0.003, 0.004, 0.003, 0.003, 0.003, 0.002, 0.003, 0.003, 0.002, 0.001, 0.001, 0.001, 0.001, 0.003, 0.005, 0.007, 0.008, 0.01, 0.011, 0.014, 0.016, 0.017, 0.018, 0.019, 0.02, 0.004, 0.004, 0.005, 0.002, 0, 0, 0, 0, 0, 0.001, 0, 0, 0.001, 0.001, 0.001, 0, 0, 0, 0, 0, 0.001, 0, 0, 0, 0, 0.002, 0, 0.001, 0.003, 0.003, 0.005
