Dataset: 3B-MO.MS.MRG.3IMERG.20050601-S000000-E235959.06.V07B.HDF5
precipitation[0][0], 0.041, 0.041, 0.043, 0.045, 0.046, 0.049, 0.052, 0.054, 0.056, 0.058, 0.06, 0.063, 0.062, 0.058, 0.056, 0.053, 0.049, 0.046, 0.042, 0.039, 0.035, 0.032, 0.029, 0.027, 0.025, 0.022, 0.02, 0.018, 0.016, 0.014, 0.011, 0.009, 0.009, 0.01, 0.011, 0.011, 0.012, 0.013, 0.014, 0.014, 0.015, 0.016, 0.017, 0.018, 0.019, 0.02, 0.02, 0.021, 0.022, 0.023, 0.024, 0.025, 0.028, 0.034, 0.041, 0.047, 0.054, 0.067, 0.068, 0.034, 0.03, 0.051, 0.044, 0.043, 0.042, 0.038, 0.034, 0.035, 0.035, 0.046, 0.063, 0.074, 0.092, 0.11, 0.107, 0.103, 0.108, 0.105, 0.126, 0.153, 0.19, 0.245, 0.301, 0.361, 0.427, 0.518, 0.61, 0.724, 0.728, 0.708, 0.641, 0.627, 0.603, 0.629, 0.649, 0.66, 0.737, 0.735, 0.865, 0.91, 0.944, 1.011, 1.292, 1.228, 1.418, 1.321, 0.96, 0.917, 0.837, 0.84, 0.814, 0.793, 0.726, 0.758, 0.758, 0.825, 0.577, 0.499, 0.43, 0.379, 0.41, 0.366, 0.362, 0.417, 0.584, 0.75, 0.512, 0.409, 0.38, 0.399, 0.504, 0.487, 0.464, 0.453, 0.454, 0.374, 0.392, 0.415, 0.42, 0.435, 0.454, 0.475, 0.485, 0.466, 0.276, 0.26, 0.209, 0.212, 0.236, 0.238, 0.17, 0.159, 0.19, 0.239, 0.265, 0.298, 0.319, 0.357, 0.385, 0.408, 0.431, 0.42, 0.433, 0.481, 0.432, 0.426, 0.399, 0.42, 0.417, 0.483, 0.479, 0.416, 0.444, 0.442, 0.388, 0.373, 0.317, 0.28, 0.261, 0.242, 0.257, 0.268, 0.233, 0.239, 0.297
precipitation[0][1], 0.062, 0.063, 0.065, 0.066, 0.068, 0.069, 0.071, 0.074, 0.075, 0.077, 0.079, 0.08, 0.079, 0.075, 0.072, 0.069, 0.064, 0.06, 0.056, 0.053, 0.049, 0.045, 0.042, 0.039, 0.037, 0.035, 0.033, 0.03, 0.028, 0.026, 0.024, 0.022, 0.021, 0.021, 0.022, 0.022, 0.022, 0.022, 0.023, 0.023, 0.023, 0.024, 0.024, 0.025, 0.025, 0.025, 0.026, 0.026, 0.026, 0.027, 0.028, 0.028, 0.032, 0.039, 0.046, 0.052, 0.059, 0.067, 0.055, 0.047, 0.037, 0.051, 0.04, 0.035, 0.036, 0.036, 0.029, 0.027, 0.038, 0.043, 0.078, 0.083, 0.115, 0.127, 0.128, 0.12, 0.119, 0.123, 0.143, 0.169, 0.23, 0.287, 0.33, 0.394, 0.49, 0.624, 0.725, 0.737, 0.833, 0.73, 0.685, 0.693, 0.643, 0.606, 0.669, 0.675, 0.746, 0.755, 0.87, 0.966, 1.04, 1.183, 1.355, 1.51, 1.441, 1.227, 1.007, 1.028, 0.971, 0.918, 0.905, 0.897, 0.787, 0.746, 0.845, 0.896, 0.623, 0.555, 0.504, 0.463, 0.415, 0.43, 0.421, 0.5, 0.728, 0.991, 0.624, 0.54, 0.491, 0.486, 0.547, 0.548, 0.536, 0.485, 0.451, 0.367, 0.394, 0.417, 0.427, 0.441, 0.455, 0.474, 0.487, 0.473, 0.247, 0.194, 0.176, 0.163, 0.209, 0.182, 0.197, 0.203, 0.229, 0.26, 0.307, 0.32, 0.333, 0.346, 0.42, 0.428, 0.453, 0.412, 0.428, 0.501, 0.448, 0.427, 0.413, 0.431, 0.493, 0.521, 0.51, 0.526, 0.458, 0.435, 0.368, 0.344, 0.307, 0.258, 0.251, 0.244, 0.261, 0.251, 0.247, 0.229, 0.247
precipitation[0][2], 0.1, 0.104, 0.106, 0.107, 0.107, 0.107, 0.107, 0.108, 0.108, 0.108, 0.108, 0.108, 0.106, 0.102, 0.097, 0.094, 0.089, 0.085, 0.081, 0.077, 0.073, 0.068, 0.064, 0.062, 0.06, 0.058, 0.056, 0.054, 0.052, 0.05, 0.048, 0.046, 0.045, 0.044, 0.043, 0.042, 0.041, 0.04, 0.039, 0.039, 0.038, 0.037, 0.036, 0.036, 0.035, 0.035, 0.035, 0.034, 0.033, 0.033, 0.033, 0.033, 0.036, 0.044, 0.051, 0.059, 0.067, 0.073, 0.083, 0.061, 0.034, 0.048, 0.036, 0.036, 0.044, 0.04, 0.043, 0.041, 0.045, 0.057, 0.079, 0.103, 0.122, 0.14, 0.163, 0.126, 0.129, 0.141, 0.163, 0.208, 0.273, 0.317, 0.377, 0.449, 0.501, 0.648, 0.726, 0.74, 0.833, 0.779, 0.716, 0.718, 0.745, 0.688, 0.69, 0.674, 0.774, 0.867, 0.872, 0.946, 1.058, 1.187, 1.306, 1.284, 1.557, 1.225, 1.115, 1.087, 1.09, 1.069, 0.905, 0.947, 0.799, 0.823, 0.884, 0.89, 0.711, 0.687, 0.641, 0.44, 0.457, 0.426, 0.581, 0.745, 0.75, 0.881, 0.673, 0.568, 0.528, 0.515, 0.5, 0.564, 0.554, 0.52, 0.496, 0.484, 0.394, 0.418, 0.424, 0.432, 0.449, 0.46, 0.472, 0.46, 0.247, 0.243, 0.249, 0.229, 0.307, 0.258, 0.211, 0.242, 0.252, 0.281, 0.338, 0.35, 0.361, 0.385, 0.48, 0.476, 0.49, 0.508, 0.49, 0.464, 0.481, 0.437, 0.383, 0.445, 0.51, 0.55, 0.542, 0.491, 0.408, 0.368, 0.339, 0.275, 0.262, 0.26, 0.258, 0.269, 0.259, 0.252, 0.24, 0.241, 0.22
precipitation[0][3], 0.139, 0.145, 0.148, 0.147, 0.145, 0.143, 0.142, 0.143, 0.141, 0.139, 0.138, 0.136, 0.133, 0.128, 0.124, 0.119, 0.114, 0.11, 0.106, 0.102, 0.1, 0.092, 0.087, 0.085, 0.083, 0.081, 0.079, 0.077, 0.075, 0.073, 0.072, 0.07, 0.069, 0.067, 0.065, 0.063, 0.061, 0.058, 0.056, 0.054, 0.052, 0.05, 0.049, 0.048, 0.046, 0.045, 0.044, 0.042, 0.041, 0.039, 0.038, 0.037, 0.041, 0.049, 0.058, 0.066, 0.075, 0.082, 0.094, 0.057, 0.045, 0.047, 0.038, 0.035, 0.051, 0.047, 0.056, 0.063, 0.07, 0.083, 0.091, 0.123, 0.13, 0.203, 0.193, 0.174, 0.165, 0.15, 0.173, 0.221, 0.338, 0.356, 0.404, 0.486, 0.547, 0.661, 0.708, 0.763, 0.774, 0.74, 0.752, 0.777, 0.804, 0.811, 0.812, 0.811, 0.893, 1.126, 1.25, 1.183, 1.232, 1.226, 1.195, 1.334, 1.524, 1.367, 1.209, 1.123, 1.119, 1.143, 1.014, 0.955, 0.875, 0.897, 1.049, 0.963, 0.797, 0.762, 0.654, 0.643, 0.552, 0.508, 0.659, 0.686, 0.777, 1.051, 1.001, 0.649, 0.571, 0.503, 0.488, 0.5, 0.515, 0.497, 0.48, 0.477, 0.394, 0.423, 0.431, 0.432, 0.439, 0.45, 0.459, 0.452, 0.258, 0.276, 0.293, 0.277, 0.303, 0.251, 0.249, 0.261, 0.242, 0.315, 0.373, 0.364, 0.376, 0.384, 0.429, 0.473, 0.483, 0.457, 0.524, 0.491, 0.474, 0.448, 0.4, 0.567, 0.503, 0.527, 0.532, 0.424, 0.404, 0.353, 0.322, 0.246, 0.233, 0.242, 0.234, 0.238, 0.242, 0.223, 0.226, 0.229, 0.208
precipitation[0][4], 0.177, 0.186, 0.19, 0.188, 0.185, 0.18, 0.177, 0.177, 0.174, 0.17, 0.168, 0.165, 0.161, 0.155, 0.15, 0.145, 0.139, 0.134, 0.129, 0.123, 0.119, 0.113, 0.109, 0.107, 0.105, 0.104, 0.102, 0.101, 0.099, 0.097, 0.096, 0.094, 0.092, 0.089, 0.086, 0.083, 0.08, 0.076, 0.073, 0.07, 0.067, 0.064, 0.061, 0.059, 0.057, 0.055, 0.053, 0.05, 0.048, 0.045, 0.043, 0.041, 0.045, 0.055, 0.065, 0.074, 0.083, 0.09, 0.099, 0.109, 0.066, 0.05, 0.046, 0.05, 0.051, 0.049, 0.066, 0.066, 0.086, 0.097, 0.113, 0.127, 0.152, 0.219, 0.211, 0.203, 0.195, 0.17, 0.216, 0.262, 0.332, 0.417, 0.464, 0.489, 0.581, 0.73, 0.768, 0.745, 0.78, 0.812, 0.853, 0.792, 0.825, 0.854, 0.809, 0.865, 0.943, 1.157, 1.403, 1.167, 1.208, 1.202, 1.282, 1.361, 1.343, 1.5, 1.203, 1.267, 1.246, 1.25, 1.146, 1.105, 0.957, 0.963, 1.234, 1.123, 1.361, 1.241, 0.779, 0.63, 0.608, 0.661, 0.931, 0.783, 0.764, 1.073, 0.693, 0.611, 0.543, 0.591, 0.606, 0.51, 0.61, 0.474, 0.485, 0.482, 0.394, 0.409, 0.419, 0.429, 0.426, 0.443, 0.45, 0.297, 0.227, 0.21, 0.255, 0.245, 0.282, 0.278, 0.228, 0.276, 0.279, 0.344, 0.38, 0.418, 0.418, 0.403, 0.44, 0.465, 0.502, 0.451, 0.502, 0.571, 0.525, 0.486, 0.464, 0.653, 0.574, 0.524, 0.489, 0.406, 0.345, 0.323, 0.303, 0.261, 0.238, 0.232, 0.213, 0.22, 0.235, 0.217, 0.197, 0.168, 0.161
precipitation[0][5], 0.215, 0.226, 0.23, 0.229, 0.227, 0.221, 0.211, 0.211, 0.207, 0.202, 0.198, 0.194, 0.188, 0.182, 0.175, 0.17, 0.164, 0.159, 0.153, 0.147, 0.141, 0.135, 0.131, 0.13, 0.128, 0.127, 0.126, 0.124, 0.123, 0.121, 0.12, 0.118, 0.115, 0.111, 0.107, 0.103, 0.099, 0.094, 0.09, 0.086, 0.081, 0.077, 0.074, 0.071, 0.068, 0.065, 0.062, 0.058, 0.055, 0.051, 0.049, 0.047, 0.05, 0.061, 0.072, 0.082, 0.091, 0.1, 0.11, 0.121, 0.128, 0.038, 0.046, 0.065, 0.073, 0.063, 0.074, 0.087, 0.107, 0.111, 0.134, 0.161, 0.193, 0.253, 0.26, 0.246, 0.219, 0.213, 0.225, 0.26, 0.395, 0.47, 0.612, 0.568, 0.637, 0.727, 0.809, 0.862, 0.872, 0.935, 0.906, 0.85, 0.828, 0.884, 0.911, 0.936, 0.968, 1.167, 1.192, 1.144, 1.282, 1.214, 1.255, 1.295, 1.289, 1.338, 1.332, 1.46, 1.459, 1.279, 1.253, 1.565, 1.446, 1.421, 1.475, 1.462, 1.385, 1.016, 0.916, 0.815, 0.865, 0.84, 0.977, 0.936, 1.081, 0.941, 0.8, 0.793, 0.692, 0.614, 0.623, 0.576, 0.568, 0.532, 0.515, 0.374, 0.395, 0.413, 0.407, 0.41, 0.418, 0.439, 0.431, 0.261, 0.229, 0.211, 0.278, 0.199, 0.195, 0.179, 0.193, 0.255, 0.319, 0.363, 0.399, 0.385, 0.376, 0.362, 0.412, 0.495, 0.53, 0.499, 0.568, 0.623, 0.507, 0.476, 0.473, 0.602, 0.574, 0.457, 0.418, 0.372, 0.313, 0.333, 0.329, 0.266, 0.206, 0.207, 0.187, 0.216, 0.189, 0.217, 0.202, 0.179, 0.151
precipitation[0][6], 0.252, 0.264, 0.271, 0.269, 0.261, 0.253, 0.244, 0.243, 0.237, 0.232, 0.228, 0.222, 0.215, 0.207, 0.2, 0.194, 0.187, 0.182, 0.177, 0.17, 0.163, 0.157, 0.153, 0.153, 0.151, 0.149, 0.149, 0.148, 0.148, 0.144, 0.143, 0.142, 0.139, 0.135, 0.128, 0.123, 0.117, 0.113, 0.108, 0.103, 0.098, 0.092, 0.086, 0.083, 0.079, 0.074, 0.071, 0.066, 0.062, 0.058, 0.055, 0.053, 0.055, 0.066, 0.079, 0.09, 0.1, 0.111, 0.122, 0.134, 0.146, 0.157, 0.177, 0.2, 0.226, 0.099, 0.095, 0.108, 0.126, 0.141, 0.186, 0.232, 0.232, 0.27, 0.288, 0.299, 0.277, 0.265, 0.272, 0.32, 0.39, 0.479, 0.594, 0.957, 0.798, 0.723, 0.878, 0.951, 1.132, 1.124, 1.04, 0.967, 0.935, 1.006, 1.01, 0.947, 1.03, 1.199, 1.153, 1.069, 1.223, 1.246, 1.38, 1.417, 1.293, 1.388, 1.408, 1.5, 1.577, 1.213, 1.322, 1.177, 1.177, 1.381, 1.488, 1.47, 1.027, 0.987, 0.858, 0.8, 0.902, 0.853, 0.891, 0.949, 1.082, 0.927, 0.748, 0.759, 0.672, 0.729, 0.855, 0.695, 0.52, 0.469, 0.483, 0.417, 0.422, 0.402, 0.402, 0.392, 0.399, 0.431, 0.423, 0.282, 0.247, 0.281, 0.254, 0.195, 0.2, 0.189, 0.233, 0.345, 0.346, 0.395, 0.395, 0.359, 0.362, 0.349, 0.481, 0.593, 0.507, 0.534, 0.591, 0.627, 0.492, 0.486, 0.481, 0.539, 0.509, 0.418, 0.367, 0.346, 0.312, 0.302, 0.285, 0.232, 0.187, 0.196, 0.19, 0.197, 0.196, 0.194, 0.181, 0.149, 0.132
precipitation[0][7], 0.299, 0.312, 0.313, 0.31, 0.3, 0.291, 0.279, 0.278, 0.271, 0.266, 0.259, 0.253, 0.244, 0.234, 0.227, 0.22, 0.214, 0.207, 0.2, 0.193, 0.186, 0.179, 0.175, 0.174, 0.173, 0.172, 0.171, 0.17, 0.169, 0.167, 0.166, 0.167, 0.165, 0.157, 0.149, 0.142, 0.136, 0.13, 0.123, 0.117, 0.112, 0.105, 0.098, 0.094, 0.089, 0.084, 0.08, 0.074, 0.069, 0.064, 0.059, 0.055, 0.059, 0.071, 0.084, 0.097, 0.109, 0.12, 0.133, 0.145, 0.158, 0.17, 0.191, 0.219, 0.245, 0.27, 0.103, 0.109, 0.13, 0.172, 0.218, 0.278, 0.285, 0.322, 0.316, 0.339, 0.377, 0.305, 0.372, 0.399, 0.457, 0.549, 0.626, 0.72, 0.704, 0.892, 1.007, 1.153, 1.222, 1.253, 1.237, 1.201, 1.134, 1.162, 1.153, 1.114, 1.189, 1.265, 1.15, 1.222, 1.329, 1.34, 1.56, 1.69, 1.563, 1.451, 1.431, 1.401, 1.334, 1.361, 1.455, 1.162, 1.403, 1.287, 1.485, 1.395, 1.011, 1.075, 0.999, 0.955, 0.998, 1.068, 0.911, 0.875, 0.969, 1.053, 0.754, 0.786, 0.704, 0.71, 0.769, 0.648, 0.461, 0.449, 0.361, 0.399, 0.394, 0.386, 0.389, 0.387, 0.397, 0.412, 0.404, 0.309, 0.264, 0.261, 0.261, 0.221, 0.214, 0.2, 0.253, 0.318, 0.342, 0.343, 0.377, 0.349, 0.335, 0.414, 0.489, 0.534, 0.56, 0.498, 0.564, 0.523, 0.482, 0.418, 0.432, 0.474, 0.472, 0.387, 0.354, 0.324, 0.311, 0.284, 0.266, 0.215, 0.211, 0.19, 0.167, 0.155, 0.185, 0.179, 0.176, 0.146, 0.153
precipitation[0][8], 0.339, 0.353, 0.356, 0.347, 0.335, 0.327, 0.315, 0.313, 0.303, 0.297, 0.289, 0.281, 0.272, 0.262, 0.254, 0.246, 0.24, 0.233, 0.224, 0.217, 0.209, 0.201, 0.197, 0.196, 0.195, 0.194, 0.193, 0.193, 0.192, 0.191, 0.19, 0.191, 0.186, 0.178, 0.17, 0.163, 0.155, 0.147, 0.139, 0.132, 0.126, 0.119, 0.111, 0.107, 0.101, 0.095, 0.089, 0.082, 0.076, 0.07, 0.064, 0.059, 0.063, 0.076, 0.09, 0.104, 0.118, 0.131, 0.144, 0.157, 0.17, 0.184, 0.204, 0.233, 0.262, 0.29, 0.314, 0.098, 0.119, 0.165, 0.229, 0.295, 0.337, 0.345, 0.366, 0.386, 0.453, 0.368, 0.399, 0.516, 0.533, 0.595, 0.629, 0.656, 0.704, 0.765, 0.829, 0.901, 1.022, 1.087, 1.182, 1.218, 1.213, 1.266, 1.365, 1.248, 1.352, 1.281, 1.33, 1.227, 1.336, 1.646, 1.908, 1.959, 1.939, 1.573, 1.489, 1.305, 1.26, 1.432, 1.545, 1.398, 1.237, 1.439, 1.433, 1.278, 1.152, 1.311, 1.266, 1.03, 1.006, 0.936, 0.934, 1.024, 0.947, 0.97, 0.785, 0.713, 0.658, 0.653, 0.683, 0.548, 0.435, 0.361, 0.377, 0.396, 0.382, 0.391, 0.388, 0.383, 0.399, 0.405, 0.29, 0.271, 0.276, 0.27, 0.277, 0.234, 0.222, 0.217, 0.282, 0.317, 0.338, 0.365, 0.385, 0.368, 0.37, 0.431, 0.472, 0.516, 0.557, 0.493, 0.555, 0.582, 0.47, 0.439, 0.442, 0.433, 0.431, 0.401, 0.347, 0.304, 0.275, 0.252, 0.222, 0.207, 0.194, 0.178, 0.176, 0.156, 0.142, 0.159, 0.185, 0.172, 0.18
precipitation[0][9], 0.377, 0.392, 0.392, 0.383, 0.372, 0.361, 0.351, 0.348, 0.337, 0.326, 0.318, 0.309, 0.298, 0.291, 0.282, 0.276, 0.268, 0.259, 0.249, 0.24, 0.232, 0.224, 0.219, 0.219, 0.218, 0.217, 0.216, 0.217, 0.216, 0.215, 0.214, 0.214, 0.209, 0.2, 0.191, 0.183, 0.174, 0.165, 0.156, 0.148, 0.14, 0.133, 0.126, 0.121, 0.113, 0.107, 0.1, 0.091, 0.083, 0.077, 0.07, 0.064, 0.067, 0.081, 0.098, 0.112, 0.126, 0.142, 0.156, 0.169, 0.183, 0.196, 0.217, 0.247, 0.278, 0.308, 0.336, 0.353, 0.38, 0.416, 0.436, 0.242, 0.346, 0.373, 0.354, 0.433, 0.515, 0.412, 0.472, 0.558, 0.594, 0.651, 0.717, 0.731, 0.823, 0.839, 0.901, 0.975, 1.074, 1.113, 1.145, 1.234, 1.384, 1.53, 1.79, 1.643, 1.549, 1.422, 1.227, 1.209, 1.376, 1.607, 1.951, 1.966, 1.905, 1.715, 1.56, 1.343, 1.335, 1.494, 1.501, 1.462, 1.534, 1.32, 1.274, 1.333, 1.281, 0.985, 0.972, 1.003, 0.964, 1.027, 1.082, 1.041, 0.898, 0.888, 0.759, 0.61, 0.549, 0.504, 0.407, 0.431, 0.352, 0.366, 0.367, 0.377, 0.374, 0.382, 0.382, 0.381, 0.389, 0.395, 0.292, 0.271, 0.325, 0.316, 0.29, 0.247, 0.243, 0.256, 0.293, 0.348, 0.33, 0.378, 0.386, 0.391, 0.388, 0.384, 0.427, 0.48, 0.547, 0.52, 0.537, 0.625, 0.533, 0.537, 0.478, 0.416, 0.385, 0.328, 0.291, 0.277, 0.262, 0.237, 0.204, 0.213, 0.203, 0.162, 0.149, 0.135, 0.143, 0.166, 0.163, 0.169, 0.181
precipitation[0][10], 0.419, 0.435, 0.434, 0.423, 0.413, 0.402, 0.392, 0.386, 0.374, 0.361, 0.35, 0.339, 0.33, 0.324, 0.315, 0.306, 0.302, 0.289, 0.277, 0.267, 0.258, 0.248, 0.244, 0.243, 0.242, 0.241, 0.24, 0.241, 0.241, 0.24, 0.239, 0.24, 0.233, 0.223, 0.213, 0.203, 0.194, 0.183, 0.173, 0.163, 0.154, 0.145, 0.137, 0.13, 0.122, 0.115, 0.107, 0.098, 0.09, 0.082, 0.075, 0.067, 0.071, 0.086, 0.103, 0.118, 0.133, 0.149, 0.166, 0.18, 0.196, 0.21, 0.232, 0.263, 0.296, 0.327, 0.358, 0.374, 0.401, 0.434, 0.475, 0.517, 0.323, 0.391, 0.494, 0.577, 0.56, 0.504, 0.545, 0.697, 0.726, 0.802, 0.877, 0.899, 0.943, 0.873, 0.979, 1.025, 1.13, 1.186, 1.279, 1.297, 1.454, 1.602, 1.947, 1.751, 1.792, 1.761, 1.435, 1.257, 1.457, 1.63, 2.042, 1.959, 1.969, 1.711, 1.745, 1.51, 1.403, 1.439, 1.594, 1.701, 1.603, 1.675, 1.302, 1.086, 1.269, 1.114, 0.992, 0.97, 0.97, 1.026, 1.077, 0.991, 0.91, 0.907, 0.722, 0.585, 0.546, 0.512, 0.408, 0.361, 0.372, 0.362, 0.352, 0.357, 0.357, 0.363, 0.372, 0.382, 0.383, 0.386, 0.297, 0.297, 0.365, 0.346, 0.27, 0.265, 0.27, 0.291, 0.376, 0.356, 0.37, 0.363, 0.375, 0.41, 0.42, 0.407, 0.431, 0.459, 0.54, 0.415, 0.436, 0.579, 0.508, 0.475, 0.48, 0.432, 0.374, 0.312, 0.27, 0.278, 0.252, 0.232, 0.202, 0.238, 0.194, 0.165, 0.161, 0.156, 0.178, 0.189, 0.263, 0.205, 0.242
precipitation[0][11], 0.438, 0.455, 0.457, 0.447, 0.434, 0.427, 0.413, 0.406, 0.396, 0.383, 0.37, 0.36, 0.351, 0.341, 0.332, 0.323, 0.317, 0.308, 0.297, 0.289, 0.28, 0.27, 0.266, 0.266, 0.265, 0.266, 0.267, 0.268, 0.27, 0.269, 0.269, 0.27, 0.263, 0.253, 0.241, 0.233, 0.223, 0.211, 0.199, 0.189, 0.18, 0.171, 0.159, 0.15, 0.142, 0.135, 0.124, 0.114, 0.105, 0.096, 0.087, 0.079, 0.082, 0.096, 0.111, 0.125, 0.139, 0.155, 0.171, 0.187, 0.2, 0.213, 0.237, 0.268, 0.304, 0.336, 0.368, 0.385, 0.417, 0.45, 0.487, 0.525, 0.569, 0.309, 0.494, 0.515, 0.555, 0.593, 0.735, 0.927, 0.881, 0.951, 1.015, 1.136, 1.117, 1.072, 1.095, 1.224, 1.415, 1.523, 1.525, 1.66, 1.685, 1.621, 1.741, 1.719, 1.763, 1.622, 1.538, 1.469, 1.625, 1.562, 1.922, 1.794, 1.933, 1.781, 1.608, 1.646, 1.597, 1.499, 1.627, 1.945, 1.481, 1.458, 1.228, 1.382, 1.245, 1.014, 0.926, 0.988, 0.903, 1.141, 1.032, 0.883, 0.754, 0.47, 0.453, 0.426, 0.415, 0.445, 0.389, 0.397, 0.381, 0.371, 0.365, 0.358, 0.356, 0.369, 0.374, 0.379, 0.383, 0.377, 0.347, 0.384, 0.406, 0.352, 0.306, 0.3, 0.315, 0.388, 0.446, 0.5, 0.456, 0.455, 0.452, 0.457, 0.465, 0.464, 0.528, 0.524, 0.473, 0.411, 0.416, 0.467, 0.482, 0.452, 0.448, 0.381, 0.361, 0.306, 0.263, 0.236, 0.199, 0.168, 0.17, 0.206, 0.151, 0.182, 0.187, 0.198, 0.188, 0.17, 0.329, 0.191, 0.238
precipitation[0][12], 0.442, 0.458, 0.466, 0.446, 0.439, 0.435, 0.419, 0.411, 0.4, 0.39, 0.381, 0.372, 0.362, 0.357, 0.349, 0.334, 0.331, 0.321, 0.312, 0.304, 0.296, 0.29, 0.288, 0.287, 0.29, 0.293, 0.296, 0.299, 0.302, 0.305, 0.307, 0.306, 0.3, 0.29, 0.281, 0.27, 0.259, 0.246, 0.235, 0.224, 0.214, 0.204, 0.193, 0.182, 0.171, 0.161, 0.151, 0.138, 0.127, 0.118, 0.106, 0.096, 0.096, 0.107, 0.121, 0.132, 0.144, 0.157, 0.169, 0.182, 0.194, 0.204, 0.229, 0.265, 0.303, 0.337, 0.372, 0.397, 0.424, 0.46, 0.503, 0.543, 0.586, 0.591, 0.485, 0.624, 0.652, 0.583, 0.719, 0.959, 1.007, 1.057, 1.164, 1.293, 1.242, 1.208, 1.182, 1.317, 1.457, 1.345, 1.536, 1.623, 1.648, 1.583, 1.604, 1.548, 1.593, 1.483, 1.621, 1.461, 1.455, 1.475, 1.676, 1.656, 1.87, 1.808, 1.672, 1.521, 1.526, 1.437, 1.559, 1.803, 1.532, 1.497, 1.333, 1.348, 1.147, 1.009, 0.999, 0.989, 0.922, 1.092, 0.926, 0.533, 0.542, 0.495, 0.465, 0.435, 0.425, 0.407, 0.41, 0.406, 0.408, 0.388, 0.372, 0.368, 0.37, 0.374, 0.379, 0.381, 0.39, 0.379, 0.376, 0.364, 0.374, 0.358, 0.327, 0.346, 0.462, 0.496, 0.56, 0.494, 0.494, 0.483, 0.491, 0.453, 0.45, 0.446, 0.549, 0.442, 0.443, 0.371, 0.4, 0.483, 0.477, 0.48, 0.524, 0.436, 0.319, 0.304, 0.317, 0.221, 0.198, 0.184, 0.162, 0.19, 0.174, 0.177, 0.164, 0.152, 0.143, 0.117, 0.127, 0.137, 0.154
precipitation[0][13], 0.436, 0.455, 0.467, 0.452, 0.447, 0.436, 0.424, 0.415, 0.407, 0.4, 0.391, 0.386, 0.378, 0.368, 0.361, 0.351, 0.344, 0.336, 0.329, 0.326, 0.318, 0.312, 0.311, 0.314, 0.319, 0.324, 0.329, 0.334, 0.339, 0.343, 0.345, 0.344, 0.34, 0.331, 0.321, 0.309, 0.299, 0.282, 0.27, 0.259, 0.248, 0.238, 0.227, 0.214, 0.201, 0.188, 0.177, 0.162, 0.15, 0.137, 0.124, 0.112, 0.11, 0.119, 0.13, 0.139, 0.147, 0.156, 0.166, 0.178, 0.189, 0.196, 0.22, 0.261, 0.303, 0.34, 0.38, 0.411, 0.441, 0.477, 0.519, 0.563, 0.608, 0.641, 0.484, 0.652, 0.722, 0.716, 0.825, 1.182, 1.206, 1.188, 1.36, 1.595, 1.629, 1.511, 1.439, 1.537, 1.761, 1.683, 1.562, 1.481, 1.48, 1.479, 1.516, 1.624, 1.736, 1.782, 1.881, 1.692, 1.727, 1.658, 1.702, 1.737, 1.906, 1.827, 1.765, 1.653, 1.71, 1.584, 1.747, 1.812, 1.791, 1.663, 1.423, 1.211, 1.216, 1.052, 1.006, 0.901, 0.783, 0.732, 0.529, 0.537, 0.533, 0.467, 0.45, 0.44, 0.44, 0.426, 0.422, 0.422, 0.416, 0.399, 0.387, 0.392, 0.399, 0.384, 0.39, 0.385, 0.386, 0.387, 0.381, 0.479, 0.444, 0.373, 0.364, 0.47, 0.531, 0.52, 0.502, 0.47, 0.524, 0.515, 0.483, 0.458, 0.41, 0.417, 0.473, 0.374, 0.365, 0.362, 0.422, 0.46, 0.466, 0.508, 0.466, 0.501, 0.408, 0.325, 0.291, 0.265, 0.192, 0.182, 0.168, 0.165, 0.174, 0.179, 0.148, 0.144, 0.105, 0.096, 0.098, 0.111, 0.12
precipitation[0][14], 0.43, 0.456, 0.462, 0.456, 0.448, 0.435, 0.423, 0.418, 0.411, 0.405, 0.4, 0.394, 0.388, 0.381, 0.373, 0.364, 0.359, 0.353, 0.35, 0.346, 0.339, 0.33, 0.328, 0.333, 0.341, 0.346, 0.352, 0.36, 0.367, 0.372, 0.376, 0.376, 0.375, 0.365, 0.354, 0.343, 0.333, 0.316, 0.305, 0.295, 0.284, 0.274, 0.263, 0.248, 0.231, 0.217, 0.203, 0.187, 0.173, 0.158, 0.143, 0.129, 0.125, 0.131, 0.139, 0.145, 0.151, 0.157, 0.164, 0.173, 0.183, 0.187, 0.211, 0.255, 0.299, 0.341, 0.385, 0.417, 0.446, 0.484, 0.532, 0.586, 0.628, 0.665, 0.67, 0.696, 0.774, 0.83, 0.912, 1.214, 1.295, 1.298, 1.514, 1.672, 1.943, 1.844, 1.725, 1.637, 1.764, 1.733, 1.673, 1.637, 1.552, 1.541, 1.574, 1.574, 1.814, 1.988, 2.096, 1.741, 1.716, 1.783, 1.868, 1.872, 1.895, 1.946, 1.913, 1.823, 1.835, 1.767, 1.867, 2.046, 1.797, 1.462, 1.418, 1.2, 1.165, 1.107, 0.963, 0.785, 0.543, 0.533, 0.51, 0.511, 0.485, 0.467, 0.457, 0.451, 0.45, 0.441, 0.445, 0.441, 0.433, 0.426, 0.409, 0.408, 0.415, 0.41, 0.398, 0.388, 0.372, 0.364, 0.432, 0.538, 0.475, 0.433, 0.427, 0.46, 0.469, 0.462, 0.471, 0.458, 0.447, 0.425, 0.433, 0.476, 0.433, 0.444, 0.43, 0.425, 0.406, 0.397, 0.415, 0.414, 0.429, 0.568, 0.547, 0.452, 0.393, 0.279, 0.243, 0.241, 0.202, 0.18, 0.166, 0.146, 0.143, 0.141, 0.111, 0.091, 0.088, 0.069, 0.069, 0.086, 0.105
precipitation[0][15], 0.431, 0.456, 0.467, 0.453, 0.448, 0.444, 0.433, 0.427, 0.419, 0.412, 0.409, 0.406, 0.399, 0.395, 0.391, 0.385, 0.376, 0.37, 0.368, 0.364, 0.358, 0.354, 0.351, 0.357, 0.36, 0.369, 0.378, 0.387, 0.394, 0.401, 0.407, 0.413, 0.411, 0.401, 0.391, 0.381, 0.371, 0.358, 0.348, 0.336, 0.322, 0.312, 0.298, 0.278, 0.262, 0.246, 0.231, 0.215, 0.197, 0.179, 0.162, 0.146, 0.14, 0.143, 0.149, 0.152, 0.155, 0.159, 0.164, 0.169, 0.177, 0.177, 0.201, 0.248, 0.295, 0.34, 0.387, 0.419, 0.458, 0.501, 0.551, 0.6, 0.651, 0.687, 0.693, 0.654, 0.721, 0.844, 0.992, 1.265, 1.407, 1.421, 1.704, 1.816, 2, 1.892, 1.789, 1.762, 1.749, 1.745, 1.609, 1.66, 1.658, 1.61, 1.633, 1.752, 1.826, 1.95, 2.3, 1.93, 1.92, 1.822, 1.69, 1.66, 1.751, 1.934, 1.931, 1.742, 1.73, 1.781, 1.92, 2.268, 2.255, 1.523, 1.4, 1.211, 1.189, 1.013, 0.865, 0.58, 0.56, 0.51, 0.488, 0.483, 0.478, 0.497, 0.49, 0.479, 0.475, 0.475, 0.472, 0.466, 0.452, 0.45, 0.442, 0.431, 0.42, 0.413, 0.399, 0.39, 0.288, 0.398, 0.44, 0.484, 0.522, 0.474, 0.414, 0.436, 0.487, 0.471, 0.482, 0.467, 0.433, 0.395, 0.408, 0.393, 0.391, 0.404, 0.416, 0.413, 0.457, 0.407, 0.377, 0.475, 0.502, 0.556, 0.501, 0.413, 0.336, 0.272, 0.218, 0.198, 0.181, 0.171, 0.136, 0.129, 0.131, 0.119, 0.103, 0.081, 0.087, 0.068, 0.081, 0.096, 0.104
precipitation[0][16], 0.399, 0.44, 0.439, 0.436, 0.428, 0.441, 0.434, 0.431, 0.423, 0.422, 0.422, 0.425, 0.403, 0.41, 0.409, 0.411, 0.409, 0.394, 0.393, 0.388, 0.386, 0.382, 0.38, 0.382, 0.387, 0.398, 0.413, 0.418, 0.424, 0.431, 0.439, 0.443, 0.44, 0.434, 0.426, 0.416, 0.406, 0.393, 0.387, 0.374, 0.36, 0.348, 0.332, 0.31, 0.292, 0.275, 0.258, 0.242, 0.224, 0.201, 0.182, 0.163, 0.155, 0.155, 0.157, 0.158, 0.159, 0.161, 0.162, 0.165, 0.167, 0.167, 0.192, 0.246, 0.293, 0.342, 0.393, 0.44, 0.484, 0.533, 0.589, 0.639, 0.682, 0.709, 0.726, 0.717, 0.753, 0.902, 1.145, 1.628, 1.539, 1.656, 1.899, 2.126, 2.412, 1.999, 1.977, 1.778, 1.731, 1.804, 1.716, 1.922, 1.641, 1.655, 1.72, 1.875, 2.026, 2.158, 2.219, 2.091, 1.946, 1.798, 1.574, 1.62, 1.715, 1.984, 1.9, 1.794, 1.692, 1.697, 1.639, 2.083, 2.139, 1.648, 1.45, 1.323, 1.102, 0.981, 0.609, 0.6, 0.553, 0.513, 0.497, 0.5, 0.515, 0.522, 0.517, 0.51, 0.513, 0.507, 0.498, 0.497, 0.491, 0.478, 0.467, 0.456, 0.445, 0.423, 0.407, 0.374, 0.304, 0.355, 0.411, 0.454, 0.483, 0.505, 0.406, 0.46, 0.427, 0.442, 0.476, 0.45, 0.39, 0.358, 0.388, 0.399, 0.389, 0.393, 0.372, 0.425, 0.485, 0.419, 0.462, 0.439, 0.471, 0.465, 0.455, 0.359, 0.284, 0.238, 0.193, 0.171, 0.171, 0.132, 0.144, 0.156, 0.117, 0.121, 0.113, 0.086, 0.096, 0.067, 0.087, 0.088, 0.102
precipitation[0][17], 0.42, 0.433, 0.414, 0.397, 0.379, 0.418, 0.419, 0.43, 0.421, 0.434, 0.437, 0.41, 0.429, 0.42, 0.423, 0.427, 0.429, 0.412, 0.41, 0.4, 0.399, 0.395, 0.394, 0.398, 0.402, 0.419, 0.44, 0.445, 0.453, 0.464, 0.47, 0.473, 0.469, 0.466, 0.457, 0.449, 0.438, 0.426, 0.421, 0.408, 0.397, 0.384, 0.367, 0.343, 0.325, 0.304, 0.285, 0.264, 0.244, 0.222, 0.201, 0.181, 0.17, 0.168, 0.167, 0.165, 0.163, 0.163, 0.162, 0.161, 0.161, 0.158, 0.183, 0.234, 0.286, 0.341, 0.398, 0.448, 0.49, 0.545, 0.605, 0.66, 0.7, 0.728, 0.754, 0.772, 0.765, 0.853, 1.077, 1.695, 1.688, 1.901, 2.098, 2.549, 2.347, 2.163, 1.962, 1.893, 1.816, 1.727, 1.699, 1.871, 1.691, 1.634, 1.653, 1.699, 1.883, 1.969, 1.97, 1.765, 1.599, 1.399, 1.246, 1.351, 1.484, 1.589, 1.485, 1.401, 1.366, 1.439, 1.551, 1.842, 1.945, 1.43, 1.263, 1.08, 1.008, 0.643, 0.641, 0.601, 0.553, 0.518, 0.507, 0.516, 0.516, 0.527, 0.526, 0.525, 0.524, 0.516, 0.515, 0.516, 0.514, 0.506, 0.492, 0.477, 0.458, 0.436, 0.406, 0.32, 0.296, 0.336, 0.374, 0.39, 0.471, 0.511, 0.444, 0.441, 0.405, 0.376, 0.382, 0.385, 0.337, 0.391, 0.389, 0.377, 0.356, 0.35, 0.313, 0.335, 0.36, 0.354, 0.4, 0.498, 0.561, 0.518, 0.417, 0.343, 0.299, 0.21, 0.184, 0.163, 0.152, 0.155, 0.144, 0.129, 0.102, 0.107, 0.113, 0.085, 0.075, 0.069, 0.08, 0.099, 0.116
precipitation[0][18], 0.448, 0.458, 0.429, 0.402, 0.374, 0.391, 0.401, 0.431, 0.425, 0.437, 0.438, 0.43, 0.435, 0.452, 0.434, 0.444, 0.441, 0.425, 0.422, 0.418, 0.414, 0.4, 0.41, 0.415, 0.426, 0.44, 0.456, 0.473, 0.482, 0.491, 0.501, 0.507, 0.508, 0.501, 0.491, 0.481, 0.475, 0.467, 0.456, 0.446, 0.434, 0.424, 0.408, 0.384, 0.362, 0.338, 0.317, 0.293, 0.27, 0.246, 0.225, 0.201, 0.185, 0.18, 0.176, 0.172, 0.168, 0.164, 0.16, 0.156, 0.152, 0.146, 0.172, 0.228, 0.282, 0.339, 0.394, 0.442, 0.495, 0.557, 0.615, 0.671, 0.718, 0.747, 0.771, 0.802, 0.817, 0.793, 0.942, 1.419, 1.751, 2.072, 2.117, 2.491, 2.209, 2.097, 1.819, 1.839, 1.687, 1.709, 1.584, 1.524, 1.523, 1.437, 1.453, 1.584, 1.764, 1.665, 1.719, 1.513, 1.293, 1.262, 1.162, 1.226, 1.364, 1.436, 1.394, 1.346, 1.332, 1.671, 1.786, 1.288, 1.154, 1.109, 0.939, 0.9, 0.667, 0.648, 0.627, 0.592, 0.556, 0.53, 0.526, 0.529, 0.526, 0.534, 0.541, 0.544, 0.547, 0.544, 0.542, 0.548, 0.548, 0.541, 0.523, 0.489, 0.475, 0.432, 0.306, 0.32, 0.339, 0.342, 0.393, 0.411, 0.418, 0.474, 0.464, 0.436, 0.397, 0.374, 0.362, 0.325, 0.337, 0.319, 0.324, 0.313, 0.314, 0.31, 0.312, 0.329, 0.339, 0.365, 0.44, 0.462, 0.508, 0.425, 0.354, 0.287, 0.237, 0.152, 0.142, 0.149, 0.147, 0.157, 0.14, 0.137, 0.143, 0.122, 0.117, 0.068, 0.065, 0.061, 0.067, 0.079, 0.087
precipitation[0][19], 0.452, 0.453, 0.436, 0.421, 0.414, 0.445, 0.436, 0.444, 0.445, 0.447, 0.443, 0.442, 0.448, 0.445, 0.438, 0.446, 0.447, 0.432, 0.43, 0.426, 0.421, 0.418, 0.422, 0.433, 0.444, 0.456, 0.48, 0.496, 0.507, 0.519, 0.528, 0.537, 0.538, 0.537, 0.523, 0.517, 0.507, 0.499, 0.492, 0.48, 0.469, 0.46, 0.443, 0.419, 0.397, 0.372, 0.344, 0.324, 0.295, 0.269, 0.245, 0.219, 0.202, 0.194, 0.186, 0.179, 0.172, 0.165, 0.158, 0.152, 0.145, 0.137, 0.164, 0.222, 0.279, 0.337, 0.394, 0.444, 0.503, 0.564, 0.626, 0.689, 0.74, 0.765, 0.791, 0.822, 0.852, 0.89, 0.904, 1.342, 1.602, 1.953, 2.115, 2.373, 2.321, 2.201, 2.044, 1.884, 1.82, 1.745, 1.593, 1.747, 1.557, 1.475, 1.666, 1.608, 1.834, 1.501, 1.474, 1.32, 1.223, 1.221, 1.082, 1.117, 1.292, 1.406, 1.196, 1.132, 1.213, 1.403, 1.605, 1.216, 1.113, 0.93, 0.707, 0.719, 0.682, 0.642, 0.617, 0.595, 0.566, 0.552, 0.54, 0.549, 0.551, 0.553, 0.56, 0.568, 0.569, 0.566, 0.566, 0.571, 0.567, 0.554, 0.543, 0.512, 0.478, 0.332, 0.324, 0.315, 0.352, 0.364, 0.381, 0.391, 0.446, 0.48, 0.433, 0.403, 0.376, 0.337, 0.33, 0.293, 0.299, 0.295, 0.327, 0.322, 0.314, 0.31, 0.343, 0.302, 0.32, 0.346, 0.471, 0.51, 0.461, 0.408, 0.311, 0.255, 0.191, 0.133, 0.132, 0.125, 0.115, 0.166, 0.129, 0.12, 0.098, 0.093, 0.068, 0.071, 0.067, 0.099, 0.072, 0.075, 0.082
precipitation[0][20], 0.435, 0.477, 0.448, 0.427, 0.421, 0.438, 0.44, 0.453, 0.448, 0.435, 0.441, 0.443, 0.443, 0.447, 0.441, 0.442, 0.436, 0.444, 0.444, 0.443, 0.439, 0.442, 0.443, 0.452, 0.463, 0.477, 0.494, 0.512, 0.525, 0.539, 0.557, 0.564, 0.565, 0.563, 0.554, 0.546, 0.539, 0.534, 0.526, 0.513, 0.504, 0.494, 0.477, 0.451, 0.423, 0.396, 0.369, 0.342, 0.316, 0.29, 0.266, 0.236, 0.218, 0.207, 0.196, 0.186, 0.177, 0.167, 0.157, 0.148, 0.139, 0.129, 0.156, 0.216, 0.277, 0.337, 0.397, 0.452, 0.516, 0.58, 0.644, 0.702, 0.749, 0.782, 0.809, 0.834, 0.871, 0.9, 0.939, 0.959, 1.415, 1.688, 1.745, 1.947, 1.831, 1.781, 1.63, 1.441, 1.298, 1.225, 1.366, 1.22, 1.144, 1.196, 1.26, 1.486, 1.488, 1.277, 1.038, 0.945, 0.909, 0.846, 0.834, 0.996, 1.152, 1.077, 1.025, 0.95, 1.013, 0.876, 0.923, 0.915, 0.855, 0.737, 0.736, 0.696, 0.664, 0.638, 0.613, 0.6, 0.577, 0.562, 0.56, 0.568, 0.57, 0.57, 0.577, 0.585, 0.587, 0.59, 0.588, 0.595, 0.597, 0.58, 0.556, 0.519, 0.43, 0.346, 0.348, 0.379, 0.408, 0.381, 0.395, 0.416, 0.456, 0.494, 0.419, 0.407, 0.407, 0.359, 0.35, 0.315, 0.296, 0.295, 0.328, 0.304, 0.307, 0.335, 0.361, 0.341, 0.373, 0.328, 0.383, 0.44, 0.418, 0.314, 0.303, 0.246, 0.166, 0.119, 0.106, 0.091, 0.084, 0.118, 0.096, 0.1, 0.059, 0.06, 0.056, 0.057, 0.063, 0.104, 0.073, 0.069, 0.082
precipitation[0][21], 0.438, 0.438, 0.443, 0.447, 0.44, 0.433, 0.43, 0.435, 0.432, 0.436, 0.441, 0.45, 0.449, 0.449, 0.45, 0.448, 0.455, 0.452, 0.449, 0.451, 0.447, 0.444, 0.45, 0.457, 0.47, 0.49, 0.503, 0.52, 0.533, 0.543, 0.558, 0.569, 0.569, 0.564, 0.556, 0.548, 0.544, 0.54, 0.534, 0.522, 0.515, 0.509, 0.491, 0.468, 0.443, 0.414, 0.386, 0.362, 0.341, 0.317, 0.296, 0.266, 0.246, 0.235, 0.219, 0.205, 0.193, 0.182, 0.171, 0.16, 0.149, 0.137, 0.161, 0.219, 0.276, 0.334, 0.392, 0.444, 0.504, 0.569, 0.63, 0.684, 0.722, 0.751, 0.782, 0.811, 0.837, 0.87, 0.905, 0.946, 0.992, 1.007, 1.562, 1.582, 1.491, 1.396, 1.278, 0.912, 0.928, 0.917, 0.867, 0.837, 0.821, 1.215, 1.184, 0.807, 0.79, 0.762, 0.726, 0.712, 0.719, 0.702, 0.679, 0.706, 0.709, 0.697, 0.695, 0.691, 0.716, 0.724, 0.73, 0.747, 0.733, 0.737, 0.712, 0.685, 0.643, 0.621, 0.61, 0.593, 0.581, 0.571, 0.576, 0.573, 0.568, 0.571, 0.575, 0.586, 0.589, 0.592, 0.594, 0.603, 0.61, 0.596, 0.558, 0.439, 0.434, 0.402, 0.429, 0.422, 0.484, 0.467, 0.446, 0.45, 0.462, 0.47, 0.438, 0.375, 0.392, 0.362, 0.376, 0.324, 0.31, 0.283, 0.313, 0.325, 0.307, 0.346, 0.335, 0.369, 0.325, 0.325, 0.353, 0.372, 0.294, 0.277, 0.235, 0.189, 0.141, 0.091, 0.079, 0.066, 0.055, 0.072, 0.063, 0.081, 0.053, 0.056, 0.044, 0.047, 0.065, 0.085, 0.081, 0.085, 0.085
precipitation[0][22], 0.415, 0.414, 0.415, 0.436, 0.424, 0.419, 0.42, 0.436, 0.423, 0.43, 0.429, 0.435, 0.437, 0.445, 0.449, 0.446, 0.451, 0.448, 0.449, 0.448, 0.45, 0.449, 0.455, 0.464, 0.479, 0.486, 0.496, 0.509, 0.517, 0.527, 0.535, 0.542, 0.543, 0.536, 0.529, 0.522, 0.518, 0.513, 0.51, 0.501, 0.493, 0.487, 0.473, 0.456, 0.435, 0.414, 0.393, 0.371, 0.352, 0.335, 0.316, 0.293, 0.278, 0.267, 0.25, 0.235, 0.223, 0.211, 0.199, 0.187, 0.176, 0.164, 0.182, 0.231, 0.28, 0.33, 0.38, 0.423, 0.474, 0.526, 0.577, 0.632, 0.663, 0.686, 0.718, 0.745, 0.769, 0.789, 0.811, 0.858, 0.9, 0.927, 0.921, 0.916, 1.354, 0.887, 0.871, 0.886, 0.864, 0.843, 0.836, 0.835, 0.82, 0.834, 0.821, 0.795, 0.761, 0.741, 0.717, 0.705, 0.681, 0.669, 0.672, 0.689, 0.697, 0.69, 0.678, 0.677, 0.673, 0.676, 0.671, 0.686, 0.7, 0.686, 0.661, 0.626, 0.608, 0.608, 0.592, 0.585, 0.585, 0.567, 0.572, 0.559, 0.557, 0.55, 0.556, 0.571, 0.586, 0.601, 0.597, 0.593, 0.598, 0.589, 0.535, 0.453, 0.449, 0.43, 0.399, 0.452, 0.533, 0.517, 0.525, 0.489, 0.512, 0.429, 0.403, 0.423, 0.411, 0.371, 0.442, 0.349, 0.319, 0.298, 0.308, 0.324, 0.32, 0.413, 0.367, 0.335, 0.328, 0.389, 0.325, 0.427, 0.266, 0.224, 0.218, 0.195, 0.132, 0.093, 0.084, 0.08, 0.061, 0.075, 0.056, 0.079, 0.09, 0.057, 0.045, 0.049, 0.054, 0.077, 0.083, 0.092, 0.117
precipitation[0][23], 0.391, 0.393, 0.387, 0.395, 0.402, 0.402, 0.412, 0.422, 0.415, 0.415, 0.416, 0.419, 0.436, 0.44, 0.457, 0.453, 0.458, 0.45, 0.45, 0.453, 0.45, 0.452, 0.455, 0.467, 0.476, 0.485, 0.487, 0.495, 0.503, 0.509, 0.515, 0.52, 0.522, 0.515, 0.506, 0.501, 0.499, 0.494, 0.486, 0.479, 0.47, 0.467, 0.458, 0.447, 0.428, 0.412, 0.397, 0.383, 0.363, 0.348, 0.337, 0.322, 0.307, 0.294, 0.279, 0.266, 0.253, 0.241, 0.228, 0.215, 0.204, 0.189, 0.203, 0.244, 0.284, 0.326, 0.367, 0.402, 0.444, 0.485, 0.527, 0.572, 0.601, 0.622, 0.647, 0.673, 0.7, 0.716, 0.738, 0.769, 0.793, 0.818, 0.85, 0.848, 0.84, 0.847, 0.833, 0.813, 0.795, 0.783, 0.776, 0.763, 0.761, 0.748, 0.736, 0.725, 0.704, 0.697, 0.683, 0.675, 0.653, 0.643, 0.649, 0.656, 0.655, 0.643, 0.643, 0.645, 0.645, 0.634, 0.629, 0.632, 0.641, 0.629, 0.616, 0.593, 0.589, 0.585, 0.582, 0.565, 0.569, 0.553, 0.55, 0.551, 0.549, 0.537, 0.543, 0.557, 0.565, 0.59, 0.593, 0.591, 0.586, 0.554, 0.586, 0.525, 0.536, 0.471, 0.419, 0.453, 0.504, 0.52, 0.589, 0.515, 0.504, 0.439, 0.414, 0.408, 0.402, 0.487, 0.527, 0.446, 0.401, 0.32, 0.313, 0.273, 0.302, 0.31, 0.286, 0.323, 0.284, 0.387, 0.342, 0.347, 0.205, 0.168, 0.136, 0.123, 0.114, 0.108, 0.096, 0.106, 0.081, 0.09, 0.081, 0.092, 0.071, 0.056, 0.045, 0.051, 0.061, 0.077, 0.088, 0.105, 0.15
precipitation[0][24], 0.371, 0.37, 0.376, 0.377, 0.378, 0.392, 0.395, 0.404, 0.408, 0.41, 0.415, 0.42, 0.423, 0.427, 0.449, 0.45, 0.454, 0.451, 0.449, 0.453, 0.454, 0.454, 0.457, 0.466, 0.475, 0.48, 0.48, 0.482, 0.486, 0.494, 0.494, 0.498, 0.5, 0.496, 0.488, 0.48, 0.478, 0.475, 0.47, 0.467, 0.458, 0.452, 0.443, 0.433, 0.423, 0.411, 0.401, 0.39, 0.378, 0.368, 0.361, 0.351, 0.339, 0.33, 0.311, 0.299, 0.291, 0.273, 0.259, 0.243, 0.231, 0.215, 0.225, 0.258, 0.289, 0.321, 0.354, 0.381, 0.413, 0.446, 0.478, 0.513, 0.54, 0.557, 0.581, 0.602, 0.626, 0.64, 0.665, 0.685, 0.705, 0.723, 0.749, 0.753, 0.742, 0.756, 0.736, 0.728, 0.725, 0.721, 0.716, 0.708, 0.7, 0.69, 0.682, 0.674, 0.67, 0.656, 0.646, 0.642, 0.62, 0.615, 0.627, 0.623, 0.615, 0.608, 0.612, 0.618, 0.614, 0.603, 0.597, 0.598, 0.593, 0.588, 0.581, 0.574, 0.574, 0.572, 0.57, 0.556, 0.557, 0.542, 0.541, 0.539, 0.534, 0.528, 0.534, 0.544, 0.55, 0.58, 0.584, 0.583, 0.569, 0.641, 0.579, 0.622, 0.601, 0.516, 0.507, 0.513, 0.494, 0.561, 0.645, 0.544, 0.465, 0.427, 0.423, 0.395, 0.394, 0.438, 0.448, 0.447, 0.409, 0.312, 0.307, 0.256, 0.261, 0.26, 0.262, 0.277, 0.285, 0.326, 0.264, 0.192, 0.179, 0.165, 0.148, 0.13, 0.11, 0.112, 0.088, 0.093, 0.069, 0.07, 0.088, 0.108, 0.089, 0.084, 0.077, 0.067, 0.072, 0.086, 0.091, 0.109, 0.152
precipitation[0][25], 0.348, 0.356, 0.36, 0.393, 0.377, 0.383, 0.385, 0.393, 0.393, 0.397, 0.409, 0.422, 0.41, 0.423, 0.436, 0.438, 0.443, 0.446, 0.447, 0.452, 0.454, 0.455, 0.459, 0.467, 0.47, 0.475, 0.47, 0.469, 0.471, 0.475, 0.474, 0.477, 0.479, 0.475, 0.466, 0.46, 0.457, 0.456, 0.451, 0.448, 0.443, 0.438, 0.431, 0.424, 0.418, 0.411, 0.405, 0.401, 0.394, 0.386, 0.382, 0.378, 0.369, 0.359, 0.34, 0.328, 0.318, 0.301, 0.284, 0.272, 0.258, 0.243, 0.249, 0.273, 0.295, 0.317, 0.342, 0.359, 0.383, 0.408, 0.432, 0.458, 0.478, 0.496, 0.519, 0.537, 0.559, 0.572, 0.589, 0.613, 0.624, 0.647, 0.66, 0.661, 0.66, 0.661, 0.658, 0.664, 0.669, 0.671, 0.673, 0.663, 0.658, 0.651, 0.651, 0.648, 0.639, 0.63, 0.62, 0.622, 0.611, 0.606, 0.615, 0.606, 0.603, 0.595, 0.603, 0.601, 0.586, 0.579, 0.574, 0.569, 0.561, 0.559, 0.556, 0.555, 0.559, 0.57, 0.561, 0.547, 0.54, 0.537, 0.538, 0.53, 0.526, 0.522, 0.526, 0.531, 0.537, 0.568, 0.564, 0.567, 0.53, 0.608, 0.614, 0.708, 0.703, 0.563, 0.588, 0.617, 0.516, 0.596, 0.645, 0.573, 0.469, 0.415, 0.389, 0.397, 0.402, 0.458, 0.463, 0.41, 0.37, 0.303, 0.288, 0.24, 0.248, 0.242, 0.226, 0.237, 0.224, 0.289, 0.311, 0.164, 0.169, 0.148, 0.148, 0.148, 0.104, 0.112, 0.09, 0.098, 0.074, 0.081, 0.075, 0.085, 0.076, 0.082, 0.098, 0.112, 0.103, 0.113, 0.114, 0.131, 0.199
precipitation[0][26], 0.39, 0.379, 0.346, 0.366, 0.351, 0.381, 0.408, 0.428, 0.409, 0.378, 0.424, 0.389, 0.367, 0.426, 0.41, 0.414, 0.403, 0.42, 0.436, 0.433, 0.448, 0.424, 0.435, 0.486, 0.504, 0.507, 0.489, 0.464, 0.443, 0.437, 0.441, 0.442, 0.451, 0.451, 0.452, 0.423, 0.428, 0.43, 0.426, 0.43, 0.431, 0.432, 0.418, 0.41, 0.409, 0.41, 0.412, 0.412, 0.409, 0.406, 0.407, 0.408, 0.4, 0.39, 0.374, 0.358, 0.349, 0.329, 0.311, 0.296, 0.284, 0.269, 0.273, 0.287, 0.299, 0.313, 0.328, 0.344, 0.36, 0.375, 0.391, 0.408, 0.424, 0.44, 0.46, 0.476, 0.494, 0.51, 0.523, 0.538, 0.551, 0.569, 0.578, 0.583, 0.586, 0.595, 0.596, 0.602, 0.611, 0.615, 0.618, 0.617, 0.617, 0.619, 0.621, 0.62, 0.619, 0.618, 0.619, 0.626, 0.626, 0.631, 0.631, 0.622, 0.614, 0.605, 0.601, 0.593, 0.581, 0.572, 0.563, 0.555, 0.551, 0.549, 0.55, 0.551, 0.552, 0.555, 0.556, 0.553, 0.551, 0.551, 0.551, 0.541, 0.534, 0.527, 0.526, 0.529, 0.529, 0.517, 0.508, 0.504, 0.493, 0.609, 0.587, 0.629, 0.643, 0.517, 0.562, 0.561, 0.61, 0.646, 0.668, 0.576, 0.426, 0.38, 0.455, 0.371, 0.366, 0.421, 0.425, 0.362, 0.322, 0.294, 0.286, 0.251, 0.233, 0.212, 0.22, 0.21, 0.2, 0.278, 0.244, 0.119, 0.125, 0.115, 0.138, 0.158, 0.105, 0.084, 0.076, 0.085, 0.08, 0.092, 0.08, 0.067, 0.068, 0.096, 0.116, 0.146, 0.173, 0.126, 0.139, 0.173, 0.21
precipitation[0][27], 0.404, 0.406, 0.348, 0.33, 0.332, 0.371, 0.406, 0.489, 0.417, 0.408, 0.4, 0.323, 0.38, 0.37, 0.386, 0.398, 0.434, 0.451, 0.428, 0.419, 0.435, 0.426, 0.468, 0.514, 0.514, 0.476, 0.496, 0.465, 0.431, 0.428, 0.43, 0.435, 0.441, 0.452, 0.443, 0.414, 0.399, 0.406, 0.407, 0.411, 0.418, 0.421, 0.414, 0.409, 0.407, 0.409, 0.423, 0.42, 0.425, 0.43, 0.43, 0.435, 0.43, 0.421, 0.403, 0.397, 0.387, 0.364, 0.348, 0.331, 0.31, 0.295, 0.291, 0.297, 0.302, 0.309, 0.317, 0.324, 0.331, 0.337, 0.345, 0.352, 0.363, 0.377, 0.393, 0.408, 0.424, 0.436, 0.449, 0.465, 0.478, 0.495, 0.501, 0.509, 0.513, 0.526, 0.532, 0.546, 0.563, 0.565, 0.571, 0.577, 0.582, 0.588, 0.592, 0.597, 0.598, 0.604, 0.606, 0.616, 0.618, 0.625, 0.627, 0.616, 0.603, 0.594, 0.585, 0.574, 0.557, 0.547, 0.536, 0.528, 0.523, 0.523, 0.524, 0.529, 0.532, 0.539, 0.542, 0.544, 0.546, 0.547, 0.545, 0.533, 0.522, 0.514, 0.511, 0.506, 0.502, 0.496, 0.484, 0.471, 0.469, 0.448, 0.565, 0.615, 0.626, 0.515, 0.526, 0.545, 0.618, 0.641, 0.638, 0.54, 0.407, 0.407, 0.368, 0.404, 0.351, 0.328, 0.346, 0.309, 0.347, 0.312, 0.271, 0.275, 0.239, 0.232, 0.2, 0.202, 0.206, 0.274, 0.166, 0.12, 0.096, 0.104, 0.124, 0.144, 0.097, 0.097, 0.083, 0.089, 0.092, 0.084, 0.063, 0.042, 0.076, 0.119, 0.136, 0.14, 0.119, 0.124, 0.139, 0.157, 0.175
precipitation[0][28], 0.314, 0.311, 0.316, 0.299, 0.312, 0.405, 0.405, 0.466, 0.437, 0.383, 0.358, 0.331, 0.353, 0.332, 0.326, 0.399, 0.431, 0.452, 0.439, 0.471, 0.45, 0.457, 0.465, 0.481, 0.513, 0.467, 0.454, 0.432, 0.421, 0.413, 0.426, 0.442, 0.451, 0.445, 0.426, 0.412, 0.388, 0.386, 0.389, 0.389, 0.402, 0.406, 0.406, 0.408, 0.414, 0.415, 0.428, 0.433, 0.437, 0.447, 0.452, 0.458, 0.459, 0.444, 0.428, 0.42, 0.409, 0.392, 0.377, 0.36, 0.338, 0.322, 0.313, 0.309, 0.307, 0.307, 0.306, 0.305, 0.302, 0.299, 0.297, 0.297, 0.301, 0.314, 0.329, 0.341, 0.354, 0.367, 0.381, 0.398, 0.417, 0.428, 0.433, 0.438, 0.446, 0.457, 0.471, 0.488, 0.505, 0.518, 0.532, 0.538, 0.549, 0.56, 0.565, 0.574, 0.581, 0.588, 0.595, 0.607, 0.612, 0.629, 0.624, 0.612, 0.599, 0.586, 0.572, 0.558, 0.539, 0.525, 0.515, 0.504, 0.494, 0.495, 0.5, 0.505, 0.513, 0.524, 0.532, 0.536, 0.538, 0.542, 0.538, 0.525, 0.511, 0.498, 0.488, 0.478, 0.467, 0.456, 0.45, 0.437, 0.428, 0.419, 0.386, 0.528, 0.628, 0.538, 0.572, 0.615, 0.691, 0.632, 0.584, 0.472, 0.403, 0.407, 0.391, 0.343, 0.347, 0.34, 0.328, 0.292, 0.29, 0.333, 0.279, 0.31, 0.275, 0.3, 0.204, 0.215, 0.205, 0.218, 0.146, 0.097, 0.102, 0.12, 0.116, 0.122, 0.088, 0.085, 0.116, 0.116, 0.086, 0.092, 0.076, 0.055, 0.085, 0.083, 0.114, 0.125, 0.134, 0.114, 0.127, 0.128, 0.136
precipitation[0][29], 0.26, 0.282, 0.302, 0.307, 0.381, 0.402, 0.357, 0.362, 0.374, 0.396, 0.44, 0.299, 0.32, 0.342, 0.343, 0.413, 0.45, 0.468, 0.453, 0.434, 0.465, 0.479, 0.477, 0.493, 0.48, 0.457, 0.445, 0.429, 0.414, 0.423, 0.423, 0.454, 0.435, 0.426, 0.411, 0.407, 0.394, 0.378, 0.376, 0.378, 0.391, 0.39, 0.398, 0.404, 0.412, 0.419, 0.438, 0.442, 0.451, 0.462, 0.473, 0.484, 0.487, 0.471, 0.462, 0.446, 0.438, 0.421, 0.404, 0.391, 0.366, 0.348, 0.333, 0.323, 0.311, 0.302, 0.293, 0.283, 0.273, 0.262, 0.251, 0.241, 0.242, 0.253, 0.264, 0.273, 0.285, 0.296, 0.308, 0.323, 0.34, 0.354, 0.359, 0.369, 0.381, 0.398, 0.412, 0.43, 0.449, 0.466, 0.492, 0.494, 0.511, 0.52, 0.534, 0.551, 0.564, 0.574, 0.585, 0.6, 0.606, 0.622, 0.62, 0.607, 0.593, 0.583, 0.562, 0.542, 0.522, 0.507, 0.495, 0.47, 0.46, 0.462, 0.473, 0.483, 0.495, 0.508, 0.517, 0.523, 0.53, 0.537, 0.532, 0.515, 0.499, 0.482, 0.467, 0.451, 0.436, 0.422, 0.412, 0.4, 0.394, 0.391, 0.36, 0.449, 0.482, 0.503, 0.537, 0.612, 0.665, 0.75, 0.644, 0.511, 0.434, 0.396, 0.354, 0.342, 0.306, 0.276, 0.264, 0.305, 0.322, 0.25, 0.236, 0.271, 0.267, 0.25, 0.186, 0.216, 0.264, 0.191, 0.122, 0.092, 0.087, 0.11, 0.09, 0.093, 0.068, 0.08, 0.092, 0.1, 0.062, 0.111, 0.078, 0.058, 0.076, 0.073, 0.072, 0.078, 0.087, 0.11, 0.12, 0.129, 0.13
precipitation[0][30], 0.251, 0.256, 0.292, 0.301, 0.293, 0.314, 0.317, 0.322, 0.363, 0.414, 0.407, 0.318, 0.307, 0.327, 0.339, 0.377, 0.449, 0.488, 0.489, 0.472, 0.472, 0.494, 0.489, 0.467, 0.465, 0.439, 0.441, 0.436, 0.423, 0.413, 0.425, 0.43, 0.42, 0.389, 0.392, 0.394, 0.399, 0.373, 0.366, 0.368, 0.372, 0.377, 0.388, 0.399, 0.413, 0.421, 0.44, 0.448, 0.461, 0.478, 0.494, 0.512, 0.512, 0.498, 0.489, 0.481, 0.47, 0.45, 0.435, 0.416, 0.396, 0.377, 0.357, 0.336, 0.315, 0.295, 0.277, 0.257, 0.239, 0.22, 0.202, 0.183, 0.179, 0.193, 0.202, 0.208, 0.217, 0.227, 0.238, 0.249, 0.26, 0.271, 0.281, 0.298, 0.315, 0.336, 0.354, 0.374, 0.391, 0.407, 0.425, 0.443, 0.469, 0.48, 0.499, 0.519, 0.533, 0.546, 0.568, 0.587, 0.601, 0.616, 0.612, 0.603, 0.588, 0.573, 0.542, 0.525, 0.505, 0.477, 0.456, 0.427, 0.421, 0.43, 0.443, 0.456, 0.468, 0.485, 0.498, 0.509, 0.519, 0.535, 0.528, 0.51, 0.488, 0.468, 0.449, 0.432, 0.413, 0.396, 0.381, 0.378, 0.358, 0.353, 0.347, 0.322, 0.417, 0.434, 0.511, 0.62, 0.702, 0.783, 0.552, 0.45, 0.422, 0.383, 0.344, 0.291, 0.285, 0.278, 0.287, 0.345, 0.303, 0.28, 0.265, 0.266, 0.213, 0.228, 0.19, 0.218, 0.305, 0.191, 0.102, 0.087, 0.09, 0.102, 0.079, 0.086, 0.057, 0.069, 0.063, 0.069, 0.049, 0.102, 0.1, 0.069, 0.066, 0.078, 0.058, 0.065, 0.092, 0.088, 0.123, 0.126, 0.13
precipitation[0][31], 0.244, 0.235, 0.244, 0.296, 0.286, 0.258, 0.291, 0.296, 0.339, 0.372, 0.4, 0.365, 0.34, 0.316, 0.343, 0.412, 0.477, 0.501, 0.508, 0.47, 0.486, 0.498, 0.499, 0.466, 0.449, 0.423, 0.419, 0.42, 0.423, 0.403, 0.422, 0.429, 0.417, 0.404, 0.404, 0.397, 0.395, 0.377, 0.372, 0.362, 0.364, 0.366, 0.377, 0.392, 0.416, 0.437, 0.436, 0.453, 0.471, 0.489, 0.506, 0.526, 0.527, 0.512, 0.501, 0.491, 0.483, 0.469, 0.454, 0.437, 0.421, 0.401, 0.375, 0.349, 0.325, 0.299, 0.273, 0.249, 0.226, 0.202, 0.178, 0.156, 0.147, 0.156, 0.166, 0.173, 0.179, 0.187, 0.196, 0.204, 0.213, 0.221, 0.233, 0.252, 0.272, 0.292, 0.313, 0.333, 0.354, 0.371, 0.39, 0.409, 0.429, 0.448, 0.466, 0.483, 0.504, 0.518, 0.538, 0.562, 0.581, 0.598, 0.6, 0.577, 0.564, 0.546, 0.519, 0.497, 0.474, 0.454, 0.432, 0.406, 0.401, 0.417, 0.432, 0.447, 0.46, 0.478, 0.493, 0.525, 0.542, 0.597, 0.566, 0.523, 0.496, 0.469, 0.446, 0.427, 0.407, 0.389, 0.369, 0.361, 0.338, 0.325, 0.317, 0.309, 0.293, 0.364, 0.425, 0.579, 0.785, 0.717, 0.577, 0.465, 0.377, 0.336, 0.299, 0.257, 0.28, 0.281, 0.354, 0.385, 0.351, 0.297, 0.271, 0.237, 0.188, 0.207, 0.193, 0.309, 0.218, 0.16, 0.109, 0.082, 0.086, 0.091, 0.091, 0.078, 0.066, 0.065, 0.055, 0.049, 0.05, 0.055, 0.043, 0.06, 0.072, 0.077, 0.09, 0.128, 0.09, 0.113, 0.126, 0.139, 0.152
precipitation[0][32], 0.244, 0.219, 0.228, 0.243, 0.268, 0.288, 0.293, 0.289, 0.336, 0.349, 0.385, 0.364, 0.342, 0.338, 0.357, 0.41, 0.492, 0.496, 0.495, 0.496, 0.479, 0.469, 0.506, 0.474, 0.422, 0.465, 0.415, 0.433, 0.428, 0.437, 0.419, 0.447, 0.425, 0.407, 0.374, 0.399, 0.4, 0.378, 0.385, 0.383, 0.376, 0.372, 0.379, 0.394, 0.409, 0.424, 0.433, 0.453, 0.474, 0.487, 0.506, 0.527, 0.524, 0.51, 0.498, 0.492, 0.489, 0.477, 0.461, 0.447, 0.432, 0.417, 0.393, 0.369, 0.343, 0.31, 0.28, 0.256, 0.23, 0.205, 0.179, 0.155, 0.145, 0.153, 0.161, 0.167, 0.173, 0.179, 0.185, 0.193, 0.199, 0.206, 0.218, 0.235, 0.254, 0.272, 0.291, 0.311, 0.331, 0.346, 0.364, 0.384, 0.4, 0.416, 0.434, 0.449, 0.466, 0.484, 0.501, 0.522, 0.551, 0.56, 0.562, 0.543, 0.524, 0.508, 0.488, 0.471, 0.451, 0.431, 0.414, 0.397, 0.397, 0.412, 0.429, 0.446, 0.464, 0.483, 0.501, 0.522, 0.549, 0.576, 0.565, 0.543, 0.515, 0.486, 0.457, 0.435, 0.415, 0.391, 0.372, 0.35, 0.331, 0.319, 0.312, 0.302, 0.297, 0.283, 0.458, 0.509, 0.648, 0.771, 0.632, 0.561, 0.44, 0.348, 0.299, 0.263, 0.264, 0.25, 0.375, 0.329, 0.312, 0.295, 0.274, 0.228, 0.186, 0.243, 0.216, 0.223, 0.183, 0.139, 0.098, 0.085, 0.087, 0.094, 0.09, 0.071, 0.057, 0.056, 0.044, 0.049, 0.05, 0.055, 0.029, 0.049, 0.051, 0.063, 0.092, 0.101, 0.105, 0.104, 0.109, 0.145, 0.139
precipitation[0][33], 0.228, 0.209, 0.233, 0.211, 0.237, 0.274, 0.304, 0.297, 0.322, 0.357, 0.354, 0.338, 0.371, 0.418, 0.414, 0.468, 0.52, 0.495, 0.507, 0.507, 0.5, 0.525, 0.513, 0.475, 0.4, 0.449, 0.464, 0.444, 0.431, 0.432, 0.423, 0.445, 0.416, 0.399, 0.368, 0.389, 0.404, 0.388, 0.389, 0.388, 0.385, 0.384, 0.39, 0.405, 0.414, 0.424, 0.437, 0.46, 0.475, 0.489, 0.508, 0.522, 0.521, 0.508, 0.497, 0.492, 0.485, 0.48, 0.469, 0.455, 0.444, 0.431, 0.409, 0.382, 0.354, 0.32, 0.289, 0.261, 0.233, 0.207, 0.18, 0.153, 0.143, 0.148, 0.155, 0.16, 0.166, 0.171, 0.177, 0.182, 0.188, 0.194, 0.204, 0.221, 0.238, 0.255, 0.271, 0.288, 0.307, 0.327, 0.341, 0.357, 0.373, 0.388, 0.404, 0.42, 0.435, 0.449, 0.467, 0.483, 0.5, 0.514, 0.519, 0.504, 0.491, 0.477, 0.465, 0.447, 0.434, 0.421, 0.408, 0.397, 0.4, 0.415, 0.433, 0.449, 0.466, 0.488, 0.515, 0.538, 0.555, 0.572, 0.575, 0.552, 0.531, 0.503, 0.482, 0.456, 0.425, 0.402, 0.38, 0.356, 0.334, 0.32, 0.31, 0.301, 0.293, 0.285, 0.279, 0.268, 0.544, 0.71, 0.656, 0.641, 0.4, 0.339, 0.296, 0.287, 0.281, 0.261, 0.285, 0.32, 0.363, 0.3, 0.252, 0.185, 0.184, 0.232, 0.241, 0.242, 0.196, 0.126, 0.086, 0.085, 0.089, 0.095, 0.095, 0.071, 0.05, 0.071, 0.04, 0.051, 0.059, 0.049, 0.03, 0.033, 0.046, 0.054, 0.094, 0.097, 0.096, 0.097, 0.1, 0.114, 0.118
precipitation[0][34], 0.215, 0.236, 0.256, 0.264, 0.269, 0.284, 0.303, 0.319, 0.347, 0.353, 0.335, 0.399, 0.453, 0.437, 0.432, 0.429, 0.454, 0.466, 0.473, 0.504, 0.519, 0.522, 0.516, 0.489, 0.447, 0.463, 0.456, 0.433, 0.44, 0.428, 0.428, 0.436, 0.438, 0.395, 0.396, 0.408, 0.419, 0.397, 0.396, 0.406, 0.408, 0.407, 0.404, 0.415, 0.432, 0.438, 0.445, 0.464, 0.475, 0.49, 0.503, 0.517, 0.515, 0.505, 0.497, 0.492, 0.486, 0.482, 0.474, 0.469, 0.457, 0.446, 0.424, 0.393, 0.366, 0.331, 0.299, 0.266, 0.237, 0.208, 0.18, 0.152, 0.14, 0.145, 0.151, 0.155, 0.161, 0.17, 0.172, 0.176, 0.179, 0.183, 0.191, 0.206, 0.223, 0.239, 0.253, 0.267, 0.284, 0.301, 0.318, 0.331, 0.347, 0.361, 0.376, 0.392, 0.411, 0.423, 0.438, 0.453, 0.464, 0.479, 0.486, 0.477, 0.467, 0.456, 0.45, 0.436, 0.424, 0.413, 0.408, 0.399, 0.406, 0.421, 0.437, 0.452, 0.473, 0.498, 0.525, 0.55, 0.567, 0.583, 0.587, 0.563, 0.566, 0.539, 0.516, 0.472, 0.437, 0.408, 0.384, 0.356, 0.335, 0.322, 0.308, 0.299, 0.295, 0.285, 0.279, 0.276, 0.263, 0.647, 0.753, 0.76, 0.399, 0.359, 0.366, 0.381, 0.282, 0.264, 0.267, 0.305, 0.337, 0.291, 0.217, 0.189, 0.172, 0.221, 0.236, 0.204, 0.134, 0.12, 0.094, 0.099, 0.113, 0.104, 0.102, 0.078, 0.068, 0.053, 0.062, 0.033, 0.028, 0.029, 0.033, 0.03, 0.044, 0.051, 0.093, 0.087, 0.085, 0.077, 0.072, 0.086, 0.098
precipitation[0][35], 0.227, 0.235, 0.258, 0.292, 0.278, 0.334, 0.348, 0.323, 0.308, 0.351, 0.357, 0.423, 0.436, 0.464, 0.454, 0.442, 0.431, 0.459, 0.507, 0.522, 0.537, 0.564, 0.56, 0.531, 0.501, 0.448, 0.451, 0.425, 0.435, 0.426, 0.426, 0.437, 0.437, 0.419, 0.404, 0.428, 0.433, 0.408, 0.411, 0.415, 0.419, 0.417, 0.414, 0.43, 0.443, 0.449, 0.455, 0.469, 0.479, 0.489, 0.503, 0.514, 0.513, 0.506, 0.499, 0.493, 0.488, 0.484, 0.482, 0.475, 0.467, 0.459, 0.436, 0.407, 0.377, 0.341, 0.305, 0.273, 0.241, 0.212, 0.183, 0.152, 0.139, 0.143, 0.145, 0.149, 0.156, 0.162, 0.161, 0.166, 0.17, 0.171, 0.178, 0.19, 0.204, 0.219, 0.233, 0.247, 0.262, 0.278, 0.294, 0.31, 0.321, 0.337, 0.351, 0.366, 0.382, 0.395, 0.408, 0.42, 0.433, 0.446, 0.454, 0.449, 0.442, 0.437, 0.431, 0.421, 0.42, 0.411, 0.406, 0.401, 0.406, 0.423, 0.441, 0.46, 0.483, 0.51, 0.534, 0.557, 0.579, 0.598, 0.605, 0.581, 0.556, 0.551, 0.52, 0.488, 0.465, 0.418, 0.387, 0.36, 0.341, 0.326, 0.308, 0.297, 0.291, 0.283, 0.277, 0.276, 0.264, 0.653, 0.618, 0.608, 0.489, 0.348, 0.356, 0.29, 0.276, 0.338, 0.363, 0.374, 0.341, 0.308, 0.237, 0.194, 0.181, 0.191, 0.215, 0.262, 0.183, 0.141, 0.098, 0.131, 0.106, 0.122, 0.091, 0.098, 0.062, 0.079, 0.051, 0.04, 0.041, 0.044, 0.043, 0.039, 0.047, 0.047, 0.044, 0.037, 0.066, 0.061, 0.056, 0.074, 0.088
precipitation[0][36], 0.201, 0.298, 0.327, 0.313, 0.305, 0.38, 0.362, 0.338, 0.298, 0.348, 0.386, 0.439, 0.491, 0.47, 0.398, 0.391, 0.418, 0.468, 0.524, 0.575, 0.622, 0.602, 0.593, 0.541, 0.464, 0.436, 0.433, 0.393, 0.411, 0.404, 0.454, 0.445, 0.428, 0.423, 0.448, 0.441, 0.467, 0.457, 0.458, 0.462, 0.47, 0.456, 0.421, 0.428, 0.463, 0.453, 0.453, 0.467, 0.469, 0.474, 0.484, 0.49, 0.485, 0.48, 0.476, 0.474, 0.474, 0.481, 0.481, 0.483, 0.478, 0.472, 0.449, 0.42, 0.381, 0.35, 0.312, 0.276, 0.243, 0.212, 0.181, 0.15, 0.135, 0.137, 0.14, 0.142, 0.145, 0.15, 0.151, 0.154, 0.157, 0.157, 0.163, 0.176, 0.189, 0.202, 0.215, 0.229, 0.243, 0.257, 0.272, 0.284, 0.299, 0.311, 0.325, 0.339, 0.353, 0.367, 0.38, 0.392, 0.405, 0.419, 0.428, 0.426, 0.422, 0.418, 0.415, 0.409, 0.408, 0.406, 0.406, 0.403, 0.411, 0.43, 0.453, 0.475, 0.499, 0.524, 0.549, 0.572, 0.595, 0.621, 0.626, 0.603, 0.579, 0.551, 0.536, 0.501, 0.467, 0.431, 0.4, 0.369, 0.348, 0.33, 0.312, 0.299, 0.288, 0.28, 0.273, 0.26, 0.252, 0.244, 0.553, 0.512, 0.39, 0.479, 0.409, 0.316, 0.272, 0.315, 0.293, 0.378, 0.278, 0.309, 0.262, 0.178, 0.165, 0.177, 0.159, 0.127, 0.106, 0.095, 0.089, 0.117, 0.115, 0.135, 0.107, 0.087, 0.064, 0.073, 0.043, 0.044, 0.05, 0.056, 0.052, 0.038, 0.035, 0.066, 0.06, 0.052, 0.053, 0.053, 0.054, 0.059, 0.098
precipitation[0][37], 0.215, 0.229, 0.292, 0.288, 0.303, 0.36, 0.387, 0.372, 0.335, 0.391, 0.447, 0.473, 0.448, 0.43, 0.417, 0.373, 0.393, 0.5, 0.513, 0.554, 0.592, 0.581, 0.525, 0.478, 0.423, 0.391, 0.394, 0.409, 0.415, 0.391, 0.448, 0.43, 0.426, 0.469, 0.489, 0.458, 0.474, 0.473, 0.486, 0.476, 0.466, 0.447, 0.421, 0.418, 0.441, 0.464, 0.442, 0.465, 0.477, 0.482, 0.487, 0.491, 0.487, 0.479, 0.474, 0.474, 0.474, 0.49, 0.488, 0.488, 0.489, 0.478, 0.458, 0.421, 0.392, 0.371, 0.319, 0.281, 0.247, 0.214, 0.182, 0.149, 0.133, 0.134, 0.135, 0.137, 0.139, 0.14, 0.141, 0.142, 0.142, 0.141, 0.148, 0.16, 0.173, 0.184, 0.197, 0.209, 0.223, 0.234, 0.248, 0.259, 0.272, 0.285, 0.299, 0.313, 0.328, 0.338, 0.35, 0.363, 0.377, 0.389, 0.397, 0.399, 0.398, 0.398, 0.399, 0.396, 0.398, 0.4, 0.401, 0.4, 0.411, 0.434, 0.46, 0.484, 0.509, 0.533, 0.558, 0.589, 0.613, 0.646, 0.648, 0.616, 0.592, 0.559, 0.534, 0.514, 0.485, 0.434, 0.407, 0.379, 0.355, 0.331, 0.317, 0.3, 0.288, 0.278, 0.269, 0.259, 0.252, 0.247, 0.243, 0.492, 0.414, 0.441, 0.385, 0.397, 0.383, 0.266, 0.287, 0.34, 0.256, 0.31, 0.219, 0.217, 0.185, 0.183, 0.141, 0.122, 0.094, 0.099, 0.089, 0.095, 0.132, 0.153, 0.104, 0.078, 0.083, 0.058, 0.047, 0.049, 0.05, 0.047, 0.046, 0.05, 0.044, 0.049, 0.053, 0.031, 0.027, 0.051, 0.041, 0.05, 0.089
precipitation[0][38], 0.221, 0.204, 0.24, 0.286, 0.298, 0.363, 0.406, 0.348, 0.382, 0.418, 0.464, 0.456, 0.46, 0.445, 0.447, 0.388, 0.383, 0.506, 0.566, 0.604, 0.579, 0.572, 0.515, 0.445, 0.4, 0.417, 0.389, 0.433, 0.428, 0.449, 0.434, 0.434, 0.444, 0.487, 0.497, 0.464, 0.492, 0.483, 0.474, 0.482, 0.478, 0.488, 0.426, 0.401, 0.432, 0.466, 0.427, 0.468, 0.479, 0.483, 0.493, 0.495, 0.491, 0.482, 0.481, 0.482, 0.48, 0.496, 0.496, 0.493, 0.492, 0.494, 0.473, 0.434, 0.403, 0.369, 0.326, 0.286, 0.251, 0.216, 0.183, 0.149, 0.131, 0.133, 0.133, 0.135, 0.136, 0.134, 0.134, 0.132, 0.133, 0.13, 0.134, 0.145, 0.157, 0.166, 0.177, 0.188, 0.2, 0.209, 0.221, 0.23, 0.242, 0.255, 0.27, 0.286, 0.299, 0.309, 0.319, 0.332, 0.345, 0.357, 0.366, 0.371, 0.375, 0.378, 0.383, 0.387, 0.39, 0.392, 0.397, 0.401, 0.418, 0.441, 0.469, 0.496, 0.522, 0.545, 0.572, 0.607, 0.639, 0.672, 0.676, 0.638, 0.604, 0.577, 0.544, 0.523, 0.485, 0.437, 0.405, 0.373, 0.35, 0.33, 0.315, 0.301, 0.289, 0.277, 0.267, 0.258, 0.249, 0.241, 0.237, 0.236, 0.333, 0.312, 0.335, 0.375, 0.336, 0.26, 0.219, 0.252, 0.234, 0.263, 0.228, 0.256, 0.211, 0.157, 0.134, 0.105, 0.097, 0.107, 0.097, 0.077, 0.105, 0.151, 0.097, 0.107, 0.106, 0.062, 0.048, 0.061, 0.063, 0.052, 0.045, 0.053, 0.051, 0.044, 0.041, 0.032, 0.022, 0.036, 0.04, 0.046, 0.088
precipitation[0][39], 0.227, 0.243, 0.249, 0.258, 0.286, 0.308, 0.348, 0.325, 0.368, 0.406, 0.493, 0.466, 0.476, 0.443, 0.441, 0.349, 0.364, 0.48, 0.572, 0.605, 0.583, 0.589, 0.521, 0.503, 0.473, 0.483, 0.41, 0.437, 0.451, 0.443, 0.428, 0.422, 0.432, 0.455, 0.477, 0.493, 0.488, 0.476, 0.498, 0.498, 0.499, 0.499, 0.437, 0.409, 0.407, 0.431, 0.422, 0.471, 0.481, 0.491, 0.498, 0.495, 0.491, 0.487, 0.485, 0.485, 0.49, 0.503, 0.502, 0.5, 0.498, 0.5, 0.487, 0.444, 0.415, 0.383, 0.335, 0.298, 0.259, 0.22, 0.185, 0.148, 0.129, 0.128, 0.127, 0.126, 0.125, 0.124, 0.121, 0.119, 0.117, 0.115, 0.119, 0.129, 0.138, 0.147, 0.157, 0.168, 0.178, 0.188, 0.196, 0.204, 0.215, 0.229, 0.246, 0.261, 0.27, 0.28, 0.291, 0.302, 0.318, 0.331, 0.338, 0.345, 0.353, 0.36, 0.369, 0.379, 0.386, 0.39, 0.397, 0.404, 0.422, 0.452, 0.478, 0.507, 0.536, 0.56, 0.586, 0.622, 0.658, 0.692, 0.693, 0.657, 0.62, 0.594, 0.554, 0.518, 0.475, 0.451, 0.416, 0.38, 0.353, 0.332, 0.317, 0.302, 0.29, 0.278, 0.267, 0.254, 0.246, 0.237, 0.235, 0.234, 0.231, 0.235, 0.235, 0.235, 0.23, 0.229, 0.177, 0.171, 0.179, 0.291, 0.363, 0.24, 0.179, 0.186, 0.106, 0.083, 0.07, 0.097, 0.073, 0.062, 0.099, 0.138, 0.092, 0.093, 0.103, 0.074, 0.049, 0.042, 0.035, 0.038, 0.054, 0.045, 0.034, 0.027, 0.025, 0.022, 0.019, 0.04, 0.061, 0.064, 0.09
precipitation[0][40], 0.211, 0.236, 0.245, 0.288, 0.298, 0.286, 0.339, 0.346, 0.398, 0.445, 0.452, 0.448, 0.408, 0.433, 0.408, 0.45, 0.45, 0.51, 0.553, 0.601, 0.582, 0.609, 0.55, 0.498, 0.497, 0.431, 0.43, 0.448, 0.445, 0.464, 0.404, 0.396, 0.415, 0.457, 0.469, 0.518, 0.514, 0.497, 0.499, 0.522, 0.497, 0.491, 0.475, 0.427, 0.404, 0.416, 0.423, 0.482, 0.487, 0.489, 0.503, 0.5, 0.493, 0.491, 0.486, 0.486, 0.492, 0.509, 0.507, 0.506, 0.505, 0.511, 0.49, 0.451, 0.419, 0.377, 0.342, 0.305, 0.264, 0.226, 0.186, 0.148, 0.128, 0.124, 0.121, 0.119, 0.116, 0.114, 0.111, 0.108, 0.106, 0.102, 0.105, 0.114, 0.121, 0.128, 0.137, 0.147, 0.155, 0.164, 0.173, 0.18, 0.189, 0.201, 0.215, 0.23, 0.243, 0.25, 0.261, 0.272, 0.284, 0.298, 0.307, 0.32, 0.331, 0.341, 0.354, 0.366, 0.378, 0.39, 0.398, 0.408, 0.429, 0.46, 0.488, 0.521, 0.549, 0.576, 0.604, 0.638, 0.674, 0.719, 0.709, 0.675, 0.634, 0.609, 0.583, 0.538, 0.488, 0.454, 0.416, 0.38, 0.353, 0.337, 0.32, 0.306, 0.294, 0.282, 0.269, 0.256, 0.246, 0.237, 0.236, 0.236, 0.231, 0.234, 0.232, 0.234, 0.231, 0.232, 0.231, 0.228, 0.23, 0.281, 0.37, 0.253, 0.204, 0.151, 0.105, 0.08, 0.063, 0.048, 0.048, 0.084, 0.116, 0.133, 0.099, 0.091, 0.108, 0.073, 0.062, 0.036, 0.032, 0.047, 0.054, 0.04, 0.029, 0.03, 0.028, 0.026, 0.027, 0.048, 0.057, 0.078, 0.116
precipitation[0][41], 0.216, 0.232, 0.246, 0.29, 0.321, 0.352, 0.31, 0.368, 0.371, 0.413, 0.422, 0.425, 0.438, 0.422, 0.413, 0.483, 0.465, 0.508, 0.58, 0.602, 0.599, 0.613, 0.574, 0.483, 0.392, 0.385, 0.388, 0.428, 0.416, 0.42, 0.391, 0.366, 0.386, 0.426, 0.469, 0.492, 0.489, 0.5, 0.52, 0.554, 0.538, 0.517, 0.486, 0.449, 0.45, 0.442, 0.443, 0.493, 0.497, 0.492, 0.5, 0.512, 0.505, 0.499, 0.498, 0.497, 0.503, 0.513, 0.508, 0.509, 0.509, 0.511, 0.491, 0.45, 0.418, 0.38, 0.339, 0.309, 0.273, 0.237, 0.196, 0.158, 0.136, 0.13, 0.127, 0.123, 0.12, 0.116, 0.113, 0.108, 0.104, 0.101, 0.102, 0.109, 0.116, 0.123, 0.13, 0.138, 0.156, 0.159, 0.16, 0.165, 0.173, 0.186, 0.199, 0.214, 0.227, 0.236, 0.247, 0.256, 0.266, 0.279, 0.292, 0.305, 0.318, 0.333, 0.346, 0.362, 0.38, 0.389, 0.399, 0.411, 0.432, 0.463, 0.492, 0.524, 0.553, 0.583, 0.609, 0.649, 0.687, 0.727, 0.719, 0.691, 0.646, 0.613, 0.577, 0.547, 0.493, 0.455, 0.417, 0.381, 0.357, 0.343, 0.325, 0.309, 0.296, 0.285, 0.27, 0.258, 0.246, 0.235, 0.23, 0.231, 0.23, 0.232, 0.233, 0.233, 0.229, 0.23, 0.229, 0.229, 0.233, 0.243, 0.31, 0.338, 0.29, 0.162, 0.133, 0.084, 0.068, 0.044, 0.072, 0.1, 0.086, 0.083, 0.044, 0.059, 0.101, 0.051, 0.041, 0.035, 0.033, 0.038, 0.047, 0.04, 0.029, 0.026, 0.029, 0.03, 0.031, 0.064, 0.076, 0.123, 0.113
precipitation[0][42], 0.204, 0.235, 0.273, 0.321, 0.332, 0.373, 0.367, 0.456, 0.359, 0.376, 0.402, 0.41, 0.407, 0.443, 0.443, 0.472, 0.465, 0.533, 0.585, 0.595, 0.583, 0.536, 0.537, 0.468, 0.358, 0.406, 0.432, 0.429, 0.425, 0.432, 0.399, 0.383, 0.396, 0.426, 0.509, 0.509, 0.517, 0.52, 0.532, 0.554, 0.546, 0.52, 0.499, 0.47, 0.451, 0.451, 0.452, 0.49, 0.499, 0.496, 0.506, 0.515, 0.513, 0.491, 0.495, 0.502, 0.504, 0.51, 0.501, 0.505, 0.502, 0.504, 0.482, 0.442, 0.409, 0.378, 0.346, 0.317, 0.282, 0.248, 0.212, 0.174, 0.152, 0.147, 0.142, 0.136, 0.131, 0.127, 0.122, 0.117, 0.112, 0.107, 0.108, 0.114, 0.12, 0.126, 0.132, 0.138, 0.153, 0.15, 0.155, 0.159, 0.171, 0.183, 0.203, 0.217, 0.232, 0.234, 0.244, 0.255, 0.267, 0.282, 0.296, 0.307, 0.32, 0.335, 0.348, 0.368, 0.377, 0.387, 0.404, 0.415, 0.435, 0.462, 0.49, 0.519, 0.546, 0.572, 0.6, 0.634, 0.665, 0.706, 0.708, 0.678, 0.639, 0.606, 0.579, 0.532, 0.503, 0.458, 0.422, 0.389, 0.362, 0.344, 0.327, 0.314, 0.3, 0.286, 0.272, 0.26, 0.248, 0.236, 0.23, 0.231, 0.23, 0.231, 0.23, 0.232, 0.231, 0.231, 0.23, 0.231, 0.235, 0.244, 0.253, 0.284, 0.293, 0.158, 0.115, 0.103, 0.087, 0.074, 0.166, 0.128, 0.057, 0.054, 0.037, 0.048, 0.093, 0.047, 0.041, 0.027, 0.032, 0.025, 0.033, 0.033, 0.025, 0.021, 0.026, 0.028, 0.028, 0.055, 0.064, 0.06, 0.085
precipitation[0][43], 0.237, 0.248, 0.289, 0.319, 0.32, 0.337, 0.343, 0.315, 0.363, 0.378, 0.398, 0.393, 0.424, 0.451, 0.401, 0.456, 0.47, 0.537, 0.547, 0.546, 0.497, 0.503, 0.471, 0.412, 0.357, 0.371, 0.39, 0.413, 0.416, 0.409, 0.39, 0.372, 0.396, 0.411, 0.484, 0.487, 0.52, 0.539, 0.542, 0.548, 0.542, 0.541, 0.511, 0.486, 0.5, 0.489, 0.471, 0.503, 0.501, 0.51, 0.509, 0.525, 0.513, 0.505, 0.494, 0.503, 0.508, 0.507, 0.501, 0.499, 0.498, 0.496, 0.478, 0.44, 0.407, 0.377, 0.348, 0.32, 0.29, 0.259, 0.225, 0.19, 0.17, 0.162, 0.157, 0.15, 0.144, 0.139, 0.132, 0.126, 0.121, 0.115, 0.115, 0.12, 0.126, 0.13, 0.135, 0.139, 0.149, 0.147, 0.151, 0.155, 0.169, 0.177, 0.194, 0.21, 0.221, 0.226, 0.238, 0.25, 0.263, 0.274, 0.292, 0.306, 0.328, 0.342, 0.35, 0.372, 0.382, 0.397, 0.41, 0.423, 0.44, 0.464, 0.489, 0.513, 0.536, 0.56, 0.588, 0.623, 0.649, 0.693, 0.701, 0.66, 0.624, 0.593, 0.558, 0.519, 0.485, 0.458, 0.425, 0.395, 0.369, 0.352, 0.333, 0.32, 0.302, 0.289, 0.276, 0.263, 0.25, 0.239, 0.232, 0.23, 0.23, 0.23, 0.229, 0.233, 0.231, 0.232, 0.23, 0.233, 0.232, 0.244, 0.255, 0.267, 0.208, 0.148, 0.118, 0.123, 0.114, 0.104, 0.125, 0.074, 0.067, 0.053, 0.063, 0.059, 0.073, 0.041, 0.038, 0.023, 0.014, 0.021, 0.031, 0.032, 0.022, 0.018, 0.019, 0.018, 0.027, 0.043, 0.055, 0.066, 0.086
precipitation[0][44], 0.232, 0.252, 0.245, 0.283, 0.327, 0.338, 0.357, 0.364, 0.355, 0.383, 0.405, 0.417, 0.417, 0.478, 0.416, 0.416, 0.507, 0.518, 0.501, 0.49, 0.471, 0.41, 0.437, 0.426, 0.432, 0.37, 0.384, 0.413, 0.416, 0.404, 0.394, 0.379, 0.387, 0.409, 0.448, 0.489, 0.527, 0.547, 0.544, 0.539, 0.55, 0.534, 0.51, 0.475, 0.475, 0.483, 0.489, 0.51, 0.515, 0.52, 0.521, 0.527, 0.525, 0.514, 0.503, 0.504, 0.51, 0.507, 0.503, 0.499, 0.502, 0.493, 0.475, 0.439, 0.408, 0.38, 0.35, 0.324, 0.296, 0.268, 0.239, 0.207, 0.187, 0.18, 0.174, 0.165, 0.157, 0.152, 0.144, 0.136, 0.13, 0.123, 0.122, 0.126, 0.13, 0.134, 0.14, 0.141, 0.147, 0.146, 0.148, 0.151, 0.161, 0.171, 0.188, 0.202, 0.211, 0.223, 0.234, 0.245, 0.257, 0.272, 0.288, 0.303, 0.328, 0.345, 0.351, 0.376, 0.385, 0.402, 0.414, 0.423, 0.441, 0.462, 0.484, 0.506, 0.531, 0.555, 0.583, 0.61, 0.631, 0.662, 0.664, 0.637, 0.612, 0.578, 0.546, 0.514, 0.481, 0.454, 0.43, 0.408, 0.381, 0.366, 0.34, 0.328, 0.312, 0.293, 0.28, 0.266, 0.252, 0.239, 0.234, 0.231, 0.23, 0.231, 0.23, 0.233, 0.231, 0.233, 0.234, 0.232, 0.235, 0.248, 0.26, 0.27, 0.278, 0.188, 0.189, 0.158, 0.13, 0.116, 0.084, 0.069, 0.065, 0.052, 0.056, 0.038, 0.031, 0.024, 0.023, 0.017, 0.012, 0.017, 0.032, 0.031, 0.021, 0.017, 0.017, 0.016, 0.024, 0.033, 0.04, 0.054, 0.098
precipitation[0][45], 0.258, 0.276, 0.288, 0.293, 0.337, 0.307, 0.325, 0.323, 0.373, 0.399, 0.444, 0.49, 0.451, 0.487, 0.41, 0.4, 0.442, 0.479, 0.474, 0.462, 0.45, 0.4, 0.437, 0.43, 0.389, 0.348, 0.363, 0.403, 0.429, 0.408, 0.399, 0.401, 0.415, 0.42, 0.446, 0.496, 0.537, 0.543, 0.551, 0.534, 0.52, 0.494, 0.489, 0.493, 0.503, 0.516, 0.52, 0.526, 0.52, 0.522, 0.526, 0.533, 0.528, 0.519, 0.51, 0.513, 0.506, 0.502, 0.501, 0.502, 0.495, 0.491, 0.471, 0.441, 0.417, 0.39, 0.362, 0.331, 0.304, 0.279, 0.25, 0.226, 0.208, 0.199, 0.192, 0.182, 0.176, 0.167, 0.156, 0.147, 0.139, 0.131, 0.128, 0.13, 0.133, 0.136, 0.138, 0.143, 0.144, 0.142, 0.143, 0.151, 0.152, 0.163, 0.181, 0.2, 0.205, 0.213, 0.227, 0.238, 0.25, 0.267, 0.282, 0.309, 0.324, 0.347, 0.354, 0.37, 0.377, 0.396, 0.407, 0.423, 0.438, 0.457, 0.478, 0.5, 0.523, 0.545, 0.569, 0.594, 0.614, 0.672, 0.647, 0.621, 0.599, 0.575, 0.545, 0.505, 0.476, 0.451, 0.436, 0.413, 0.39, 0.368, 0.348, 0.332, 0.313, 0.295, 0.28, 0.267, 0.252, 0.24, 0.233, 0.231, 0.231, 0.232, 0.232, 0.232, 0.231, 0.232, 0.234, 0.234, 0.236, 0.248, 0.26, 0.271, 0.283, 0.221, 0.242, 0.204, 0.146, 0.156, 0.085, 0.074, 0.071, 0.059, 0.052, 0.036, 0.039, 0.026, 0.02, 0.014, 0.012, 0.014, 0.024, 0.024, 0.019, 0.016, 0.019, 0.026, 0.031, 0.04, 0.048, 0.083, 0.159
precipitation[0][46], 0.232, 0.276, 0.303, 0.29, 0.315, 0.284, 0.295, 0.331, 0.369, 0.381, 0.431, 0.462, 0.442, 0.449, 0.386, 0.392, 0.423, 0.42, 0.423, 0.401, 0.414, 0.456, 0.454, 0.404, 0.368, 0.35, 0.393, 0.434, 0.428, 0.411, 0.383, 0.397, 0.42, 0.439, 0.467, 0.51, 0.535, 0.552, 0.537, 0.512, 0.555, 0.533, 0.523, 0.496, 0.517, 0.528, 0.524, 0.531, 0.512, 0.516, 0.534, 0.549, 0.517, 0.521, 0.5, 0.525, 0.499, 0.498, 0.498, 0.502, 0.485, 0.489, 0.478, 0.429, 0.408, 0.389, 0.363, 0.34, 0.31, 0.289, 0.266, 0.241, 0.228, 0.217, 0.205, 0.196, 0.189, 0.181, 0.168, 0.157, 0.148, 0.139, 0.135, 0.134, 0.135, 0.136, 0.138, 0.142, 0.143, 0.139, 0.142, 0.14, 0.145, 0.157, 0.17, 0.183, 0.197, 0.203, 0.217, 0.225, 0.238, 0.251, 0.268, 0.291, 0.312, 0.329, 0.342, 0.355, 0.369, 0.386, 0.398, 0.417, 0.434, 0.454, 0.474, 0.493, 0.514, 0.535, 0.557, 0.581, 0.609, 0.639, 0.622, 0.601, 0.588, 0.556, 0.533, 0.502, 0.477, 0.449, 0.428, 0.403, 0.377, 0.361, 0.346, 0.33, 0.315, 0.297, 0.282, 0.268, 0.252, 0.237, 0.231, 0.231, 0.231, 0.233, 0.235, 0.238, 0.234, 0.232, 0.234, 0.233, 0.238, 0.252, 0.266, 0.279, 0.295, 0.303, 0.244, 0.178, 0.216, 0.139, 0.09, 0.076, 0.083, 0.057, 0.054, 0.038, 0.037, 0.015, 0.013, 0.011, 0.01, 0.01, 0.023, 0.023, 0.019, 0.016, 0.02, 0.029, 0.055, 0.045, 0.039, 0.076, 0.167
precipitation[0][47], 0.27, 0.296, 0.337, 0.317, 0.327, 0.309, 0.306, 0.334, 0.34, 0.356, 0.418, 0.459, 0.476, 0.452, 0.396, 0.401, 0.393, 0.432, 0.449, 0.425, 0.463, 0.423, 0.427, 0.43, 0.391, 0.397, 0.411, 0.447, 0.44, 0.402, 0.383, 0.402, 0.415, 0.444, 0.477, 0.521, 0.546, 0.547, 0.53, 0.542, 0.533, 0.536, 0.51, 0.513, 0.514, 0.54, 0.535, 0.53, 0.518, 0.519, 0.536, 0.536, 0.509, 0.527, 0.51, 0.51, 0.5, 0.501, 0.498, 0.494, 0.48, 0.484, 0.476, 0.448, 0.428, 0.416, 0.366, 0.344, 0.32, 0.298, 0.278, 0.258, 0.246, 0.229, 0.217, 0.209, 0.2, 0.19, 0.177, 0.167, 0.157, 0.147, 0.142, 0.141, 0.14, 0.14, 0.14, 0.143, 0.138, 0.138, 0.14, 0.135, 0.139, 0.15, 0.162, 0.173, 0.184, 0.195, 0.205, 0.217, 0.229, 0.24, 0.257, 0.275, 0.296, 0.317, 0.329, 0.349, 0.365, 0.381, 0.396, 0.414, 0.432, 0.45, 0.469, 0.487, 0.505, 0.525, 0.548, 0.566, 0.593, 0.604, 0.609, 0.583, 0.57, 0.538, 0.523, 0.492, 0.469, 0.449, 0.429, 0.407, 0.385, 0.369, 0.347, 0.332, 0.322, 0.302, 0.287, 0.268, 0.253, 0.238, 0.232, 0.232, 0.231, 0.232, 0.235, 0.235, 0.237, 0.233, 0.233, 0.232, 0.238, 0.254, 0.27, 0.286, 0.303, 0.312, 0.235, 0.191, 0.187, 0.141, 0.111, 0.107, 0.112, 0.059, 0.043, 0.037, 0.028, 0.017, 0.008, 0.007, 0.006, 0.007, 0.01, 0.012, 0.015, 0.018, 0.023, 0.03, 0.058, 0.047, 0.047, 0.076, 0.165
precipitation[0][48], 0.259, 0.278, 0.299, 0.285, 0.309, 0.283, 0.262, 0.304, 0.307, 0.357, 0.375, 0.418, 0.442, 0.416, 0.446, 0.413, 0.431, 0.419, 0.43, 0.458, 0.514, 0.493, 0.523, 0.524, 0.475, 0.44, 0.429, 0.447, 0.424, 0.42, 0.399, 0.43, 0.443, 0.466, 0.522, 0.512, 0.557, 0.562, 0.578, 0.556, 0.548, 0.55, 0.535, 0.501, 0.526, 0.529, 0.552, 0.546, 0.539, 0.532, 0.533, 0.528, 0.507, 0.523, 0.512, 0.509, 0.518, 0.505, 0.502, 0.496, 0.48, 0.472, 0.457, 0.433, 0.412, 0.398, 0.368, 0.352, 0.33, 0.319, 0.291, 0.271, 0.256, 0.244, 0.234, 0.225, 0.217, 0.202, 0.19, 0.179, 0.168, 0.156, 0.151, 0.148, 0.148, 0.147, 0.141, 0.139, 0.136, 0.133, 0.132, 0.129, 0.133, 0.144, 0.155, 0.165, 0.176, 0.188, 0.198, 0.21, 0.221, 0.233, 0.25, 0.268, 0.286, 0.304, 0.327, 0.341, 0.358, 0.383, 0.397, 0.414, 0.43, 0.449, 0.463, 0.48, 0.496, 0.514, 0.532, 0.56, 0.582, 0.605, 0.606, 0.567, 0.551, 0.527, 0.507, 0.489, 0.469, 0.449, 0.442, 0.422, 0.392, 0.372, 0.351, 0.338, 0.328, 0.306, 0.29, 0.271, 0.256, 0.239, 0.232, 0.233, 0.231, 0.232, 0.239, 0.236, 0.236, 0.237, 0.233, 0.233, 0.241, 0.258, 0.275, 0.29, 0.308, 0.321, 0.152, 0.102, 0.111, 0.105, 0.125, 0.134, 0.085, 0.052, 0.042, 0.034, 0.032, 0.018, 0.01, 0.011, 0.007, 0.006, 0.007, 0.007, 0.012, 0.021, 0.022, 0.053, 0.054, 0.062, 0.054, 0.11, 0.144
precipitation[0][49], 0.278, 0.254, 0.275, 0.26, 0.266, 0.271, 0.284, 0.31, 0.321, 0.341, 0.352, 0.364, 0.395, 0.408, 0.413, 0.407, 0.436, 0.409, 0.475, 0.433, 0.492, 0.511, 0.512, 0.43, 0.46, 0.453, 0.462, 0.461, 0.416, 0.45, 0.435, 0.449, 0.477, 0.481, 0.549, 0.562, 0.564, 0.58, 0.594, 0.578, 0.569, 0.542, 0.527, 0.511, 0.528, 0.548, 0.544, 0.553, 0.536, 0.525, 0.525, 0.562, 0.525, 0.523, 0.514, 0.51, 0.524, 0.523, 0.498, 0.491, 0.475, 0.459, 0.452, 0.432, 0.41, 0.401, 0.38, 0.359, 0.341, 0.331, 0.304, 0.287, 0.275, 0.269, 0.256, 0.25, 0.236, 0.215, 0.202, 0.191, 0.178, 0.166, 0.157, 0.153, 0.149, 0.147, 0.142, 0.138, 0.135, 0.131, 0.128, 0.123, 0.127, 0.137, 0.148, 0.159, 0.17, 0.181, 0.192, 0.203, 0.214, 0.226, 0.242, 0.261, 0.281, 0.299, 0.318, 0.335, 0.352, 0.376, 0.397, 0.414, 0.43, 0.443, 0.459, 0.476, 0.488, 0.503, 0.517, 0.542, 0.55, 0.565, 0.557, 0.561, 0.544, 0.507, 0.493, 0.474, 0.457, 0.44, 0.433, 0.419, 0.39, 0.373, 0.352, 0.336, 0.325, 0.308, 0.291, 0.272, 0.256, 0.242, 0.233, 0.233, 0.232, 0.232, 0.234, 0.233, 0.233, 0.233, 0.233, 0.232, 0.244, 0.262, 0.278, 0.293, 0.31, 0.32, 0.183, 0.09, 0.082, 0.105, 0.103, 0.111, 0.096, 0.097, 0.038, 0.032, 0.025, 0.016, 0.01, 0.01, 0.009, 0.011, 0.01, 0.009, 0.015, 0.017, 0.02, 0.051, 0.051, 0.064, 0.062, 0.074, 0.148
precipitation[0][50], 0.263, 0.274, 0.269, 0.266, 0.288, 0.286, 0.288, 0.305, 0.346, 0.342, 0.342, 0.362, 0.388, 0.4, 0.447, 0.484, 0.472, 0.483, 0.46, 0.481, 0.446, 0.478, 0.52, 0.465, 0.494, 0.487, 0.453, 0.439, 0.417, 0.433, 0.46, 0.478, 0.47, 0.501, 0.557, 0.57, 0.579, 0.583, 0.604, 0.59, 0.582, 0.554, 0.553, 0.528, 0.526, 0.538, 0.532, 0.539, 0.548, 0.545, 0.542, 0.538, 0.516, 0.527, 0.52, 0.517, 0.545, 0.518, 0.506, 0.487, 0.479, 0.458, 0.44, 0.425, 0.399, 0.392, 0.374, 0.359, 0.342, 0.326, 0.31, 0.295, 0.289, 0.282, 0.266, 0.255, 0.242, 0.226, 0.216, 0.201, 0.188, 0.175, 0.163, 0.157, 0.152, 0.149, 0.143, 0.139, 0.134, 0.128, 0.123, 0.119, 0.121, 0.132, 0.142, 0.153, 0.164, 0.175, 0.186, 0.196, 0.209, 0.218, 0.234, 0.254, 0.275, 0.293, 0.312, 0.335, 0.355, 0.379, 0.41, 0.413, 0.429, 0.443, 0.454, 0.465, 0.481, 0.492, 0.505, 0.517, 0.527, 0.534, 0.532, 0.516, 0.501, 0.486, 0.472, 0.46, 0.448, 0.434, 0.422, 0.411, 0.39, 0.372, 0.354, 0.338, 0.326, 0.309, 0.292, 0.273, 0.256, 0.241, 0.233, 0.232, 0.233, 0.232, 0.233, 0.232, 0.233, 0.233, 0.233, 0.232, 0.244, 0.262, 0.282, 0.296, 0.317, 0.331, 0.138, 0.084, 0.092, 0.108, 0.109, 0.116, 0.09, 0.085, 0.052, 0.034, 0.021, 0.015, 0.013, 0.01, 0.009, 0.013, 0.012, 0.014, 0.017, 0.016, 0.021, 0.02, 0.02, 0.046, 0.054, 0.132, 0.164
precipitation[0][51], 0.274, 0.259, 0.282, 0.306, 0.343, 0.331, 0.312, 0.338, 0.338, 0.328, 0.319, 0.344, 0.374, 0.378, 0.378, 0.467, 0.533, 0.503, 0.441, 0.447, 0.447, 0.461, 0.525, 0.507, 0.506, 0.498, 0.459, 0.416, 0.403, 0.442, 0.482, 0.51, 0.535, 0.549, 0.57, 0.575, 0.572, 0.583, 0.601, 0.596, 0.584, 0.554, 0.546, 0.524, 0.527, 0.528, 0.522, 0.536, 0.539, 0.547, 0.521, 0.531, 0.513, 0.535, 0.546, 0.544, 0.539, 0.513, 0.507, 0.488, 0.473, 0.451, 0.442, 0.419, 0.4, 0.387, 0.371, 0.36, 0.347, 0.331, 0.317, 0.306, 0.299, 0.291, 0.276, 0.264, 0.254, 0.241, 0.229, 0.216, 0.204, 0.192, 0.181, 0.174, 0.17, 0.169, 0.162, 0.157, 0.155, 0.148, 0.142, 0.138, 0.14, 0.147, 0.156, 0.164, 0.173, 0.181, 0.189, 0.197, 0.206, 0.215, 0.231, 0.249, 0.268, 0.287, 0.305, 0.324, 0.346, 0.371, 0.394, 0.416, 0.433, 0.436, 0.449, 0.459, 0.479, 0.482, 0.493, 0.499, 0.511, 0.517, 0.514, 0.501, 0.486, 0.472, 0.459, 0.445, 0.435, 0.424, 0.412, 0.401, 0.384, 0.368, 0.353, 0.338, 0.321, 0.307, 0.291, 0.275, 0.261, 0.243, 0.235, 0.235, 0.235, 0.235, 0.236, 0.239, 0.24, 0.236, 0.238, 0.238, 0.246, 0.265, 0.284, 0.301, 0.319, 0.328, 0.119, 0.095, 0.098, 0.104, 0.094, 0.13, 0.103, 0.119, 0.058, 0.037, 0.022, 0.019, 0.014, 0.014, 0.012, 0.01, 0.011, 0.016, 0.018, 0.014, 0.017, 0.017, 0.025, 0.051, 0.062, 0.094, 0.164
precipitation[0][52], 0.258, 0.275, 0.297, 0.323, 0.347, 0.368, 0.374, 0.345, 0.343, 0.35, 0.374, 0.397, 0.397, 0.404, 0.387, 0.464, 0.406, 0.423, 0.441, 0.45, 0.456, 0.45, 0.537, 0.51, 0.517, 0.527, 0.481, 0.429, 0.428, 0.429, 0.443, 0.502, 0.533, 0.548, 0.551, 0.577, 0.579, 0.586, 0.615, 0.62, 0.602, 0.546, 0.544, 0.538, 0.526, 0.52, 0.505, 0.531, 0.531, 0.53, 0.532, 0.536, 0.533, 0.535, 0.544, 0.547, 0.545, 0.516, 0.505, 0.478, 0.456, 0.448, 0.431, 0.412, 0.388, 0.377, 0.364, 0.36, 0.346, 0.334, 0.323, 0.31, 0.304, 0.296, 0.285, 0.275, 0.266, 0.259, 0.249, 0.238, 0.226, 0.219, 0.207, 0.203, 0.2, 0.196, 0.192, 0.19, 0.187, 0.183, 0.18, 0.177, 0.177, 0.181, 0.185, 0.188, 0.192, 0.196, 0.2, 0.204, 0.208, 0.212, 0.225, 0.246, 0.265, 0.283, 0.308, 0.317, 0.338, 0.358, 0.378, 0.398, 0.417, 0.422, 0.433, 0.447, 0.463, 0.485, 0.477, 0.484, 0.493, 0.497, 0.493, 0.478, 0.466, 0.454, 0.442, 0.427, 0.416, 0.405, 0.394, 0.383, 0.373, 0.357, 0.347, 0.342, 0.322, 0.304, 0.29, 0.277, 0.262, 0.246, 0.241, 0.24, 0.242, 0.244, 0.246, 0.245, 0.246, 0.246, 0.247, 0.249, 0.257, 0.275, 0.291, 0.307, 0.322, 0.33, 0.346, 0.131, 0.128, 0.11, 0.117, 0.18, 0.132, 0.113, 0.062, 0.044, 0.028, 0.017, 0.012, 0.012, 0.01, 0.009, 0.009, 0.012, 0.013, 0.017, 0.022, 0.026, 0.035, 0.051, 0.101, 0.129, 0.174
precipitation[0][53], 0.27, 0.276, 0.295, 0.323, 0.35, 0.378, 0.388, 0.36, 0.377, 0.412, 0.349, 0.375, 0.397, 0.362, 0.362, 0.369, 0.383, 0.427, 0.454, 0.452, 0.448, 0.472, 0.501, 0.519, 0.522, 0.516, 0.486, 0.45, 0.437, 0.405, 0.429, 0.458, 0.473, 0.496, 0.518, 0.545, 0.56, 0.583, 0.61, 0.609, 0.595, 0.559, 0.578, 0.586, 0.604, 0.546, 0.497, 0.525, 0.516, 0.523, 0.536, 0.539, 0.533, 0.523, 0.54, 0.547, 0.538, 0.511, 0.496, 0.468, 0.442, 0.428, 0.418, 0.404, 0.384, 0.37, 0.363, 0.362, 0.349, 0.339, 0.328, 0.318, 0.312, 0.302, 0.296, 0.289, 0.283, 0.274, 0.266, 0.258, 0.251, 0.247, 0.237, 0.234, 0.231, 0.228, 0.225, 0.224, 0.223, 0.221, 0.219, 0.217, 0.216, 0.215, 0.215, 0.214, 0.212, 0.213, 0.212, 0.211, 0.211, 0.21, 0.22, 0.239, 0.258, 0.276, 0.294, 0.309, 0.329, 0.349, 0.368, 0.385, 0.403, 0.413, 0.421, 0.431, 0.443, 0.455, 0.458, 0.464, 0.472, 0.476, 0.473, 0.458, 0.447, 0.435, 0.42, 0.408, 0.401, 0.386, 0.378, 0.366, 0.353, 0.343, 0.332, 0.323, 0.315, 0.3, 0.289, 0.276, 0.266, 0.25, 0.245, 0.251, 0.252, 0.254, 0.254, 0.255, 0.256, 0.258, 0.26, 0.263, 0.27, 0.284, 0.299, 0.313, 0.327, 0.337, 0.347, 0.36, 0.17, 0.12, 0.129, 0.199, 0.149, 0.159, 0.089, 0.044, 0.027, 0.017, 0.013, 0.021, 0.028, 0.01, 0.012, 0.015, 0.02, 0.027, 0.029, 0.039, 0.061, 0.089, 0.16, 0.187, 0.19
precipitation[0][54], 0.272, 0.302, 0.342, 0.355, 0.333, 0.359, 0.362, 0.357, 0.344, 0.344, 0.392, 0.47, 0.39, 0.376, 0.388, 0.373, 0.368, 0.388, 0.431, 0.406, 0.44, 0.505, 0.51, 0.537, 0.499, 0.499, 0.453, 0.434, 0.436, 0.401, 0.393, 0.439, 0.453, 0.455, 0.473, 0.524, 0.512, 0.548, 0.588, 0.594, 0.589, 0.578, 0.583, 0.597, 0.608, 0.598, 0.56, 0.543, 0.536, 0.531, 0.538, 0.535, 0.525, 0.525, 0.511, 0.536, 0.535, 0.506, 0.475, 0.455, 0.439, 0.415, 0.413, 0.401, 0.378, 0.369, 0.371, 0.362, 0.352, 0.343, 0.337, 0.33, 0.318, 0.308, 0.309, 0.302, 0.296, 0.288, 0.284, 0.278, 0.274, 0.272, 0.267, 0.267, 0.263, 0.261, 0.26, 0.261, 0.26, 0.259, 0.259, 0.259, 0.256, 0.25, 0.245, 0.24, 0.233, 0.228, 0.223, 0.219, 0.213, 0.208, 0.217, 0.232, 0.25, 0.268, 0.286, 0.304, 0.321, 0.344, 0.358, 0.379, 0.397, 0.404, 0.411, 0.417, 0.427, 0.439, 0.442, 0.445, 0.45, 0.454, 0.451, 0.436, 0.425, 0.414, 0.403, 0.389, 0.378, 0.368, 0.358, 0.347, 0.339, 0.329, 0.322, 0.314, 0.305, 0.294, 0.285, 0.275, 0.268, 0.255, 0.251, 0.254, 0.257, 0.262, 0.264, 0.267, 0.268, 0.269, 0.273, 0.277, 0.283, 0.295, 0.308, 0.322, 0.331, 0.341, 0.349, 0.357, 0.364, 0.154, 0.167, 0.169, 0.128, 0.125, 0.106, 0.068, 0.041, 0.022, 0.019, 0.028, 0.035, 0.01, 0.019, 0.026, 0.035, 0.033, 0.037, 0.055, 0.074, 0.129, 0.171, 0.222, 0.246
precipitation[0][55], 0.269, 0.336, 0.389, 0.441, 0.41, 0.377, 0.358, 0.328, 0.336, 0.316, 0.405, 0.397, 0.399, 0.417, 0.383, 0.39, 0.378, 0.38, 0.398, 0.432, 0.444, 0.446, 0.476, 0.535, 0.52, 0.464, 0.436, 0.426, 0.44, 0.388, 0.377, 0.398, 0.43, 0.443, 0.456, 0.478, 0.492, 0.519, 0.567, 0.582, 0.588, 0.551, 0.556, 0.576, 0.606, 0.596, 0.575, 0.551, 0.533, 0.542, 0.532, 0.532, 0.527, 0.523, 0.524, 0.523, 0.505, 0.491, 0.469, 0.448, 0.429, 0.41, 0.398, 0.388, 0.372, 0.37, 0.363, 0.359, 0.354, 0.35, 0.342, 0.33, 0.322, 0.322, 0.317, 0.317, 0.309, 0.306, 0.302, 0.3, 0.298, 0.301, 0.298, 0.304, 0.306, 0.3, 0.3, 0.299, 0.298, 0.297, 0.299, 0.299, 0.294, 0.284, 0.274, 0.264, 0.254, 0.244, 0.235, 0.225, 0.215, 0.205, 0.209, 0.225, 0.243, 0.261, 0.279, 0.294, 0.315, 0.335, 0.348, 0.365, 0.379, 0.393, 0.402, 0.4, 0.418, 0.43, 0.425, 0.427, 0.429, 0.432, 0.431, 0.417, 0.409, 0.396, 0.389, 0.375, 0.364, 0.354, 0.343, 0.334, 0.325, 0.321, 0.313, 0.306, 0.3, 0.292, 0.282, 0.275, 0.267, 0.258, 0.257, 0.261, 0.265, 0.268, 0.271, 0.274, 0.278, 0.282, 0.287, 0.293, 0.297, 0.306, 0.315, 0.327, 0.334, 0.34, 0.347, 0.35, 0.358, 0.202, 0.21, 0.196, 0.158, 0.132, 0.101, 0.077, 0.051, 0.036, 0.031, 0.023, 0.014, 0.017, 0.022, 0.032, 0.034, 0.046, 0.057, 0.067, 0.099, 0.162, 0.171, 0.259, 0.276
precipitation[0][56], 0.292, 0.339, 0.382, 0.462, 0.448, 0.447, 0.397, 0.346, 0.382, 0.336, 0.351, 0.406, 0.398, 0.4, 0.396, 0.411, 0.379, 0.37, 0.364, 0.383, 0.402, 0.393, 0.42, 0.433, 0.461, 0.452, 0.459, 0.444, 0.426, 0.381, 0.358, 0.373, 0.415, 0.416, 0.445, 0.469, 0.476, 0.486, 0.533, 0.553, 0.574, 0.546, 0.546, 0.594, 0.585, 0.575, 0.569, 0.513, 0.497, 0.512, 0.525, 0.539, 0.514, 0.502, 0.499, 0.51, 0.523, 0.513, 0.481, 0.426, 0.408, 0.379, 0.363, 0.348, 0.349, 0.334, 0.352, 0.353, 0.349, 0.367, 0.35, 0.341, 0.334, 0.323, 0.328, 0.336, 0.33, 0.32, 0.316, 0.321, 0.321, 0.325, 0.328, 0.334, 0.339, 0.337, 0.335, 0.335, 0.333, 0.335, 0.338, 0.339, 0.331, 0.315, 0.301, 0.287, 0.273, 0.26, 0.246, 0.232, 0.217, 0.201, 0.203, 0.218, 0.235, 0.254, 0.271, 0.286, 0.302, 0.322, 0.335, 0.354, 0.366, 0.373, 0.384, 0.386, 0.393, 0.402, 0.41, 0.406, 0.406, 0.406, 0.405, 0.395, 0.391, 0.377, 0.369, 0.359, 0.346, 0.339, 0.331, 0.321, 0.314, 0.312, 0.308, 0.3, 0.295, 0.29, 0.283, 0.277, 0.269, 0.262, 0.26, 0.263, 0.268, 0.275, 0.28, 0.283, 0.291, 0.293, 0.301, 0.31, 0.312, 0.315, 0.322, 0.327, 0.339, 0.343, 0.345, 0.35, 0.354, 0.171, 0.157, 0.142, 0.156, 0.147, 0.118, 0.092, 0.088, 0.045, 0.037, 0.034, 0.03, 0.028, 0.024, 0.033, 0.049, 0.053, 0.076, 0.097, 0.154, 0.149, 0.158, 0.238, 0.234
precipitation[0][57], 0.327, 0.368, 0.392, 0.467, 0.516, 0.499, 0.433, 0.401, 0.36, 0.327, 0.337, 0.358, 0.382, 0.39, 0.358, 0.356, 0.359, 0.358, 0.36, 0.381, 0.366, 0.365, 0.39, 0.404, 0.39, 0.398, 0.406, 0.4, 0.378, 0.359, 0.361, 0.354, 0.386, 0.403, 0.424, 0.452, 0.455, 0.485, 0.503, 0.509, 0.526, 0.514, 0.493, 0.528, 0.551, 0.555, 0.533, 0.521, 0.524, 0.525, 0.514, 0.53, 0.492, 0.499, 0.496, 0.507, 0.523, 0.519, 0.506, 0.457, 0.4, 0.367, 0.342, 0.34, 0.336, 0.351, 0.376, 0.361, 0.358, 0.367, 0.355, 0.336, 0.335, 0.328, 0.335, 0.334, 0.324, 0.332, 0.333, 0.338, 0.339, 0.345, 0.343, 0.377, 0.383, 0.365, 0.365, 0.371, 0.371, 0.376, 0.378, 0.381, 0.371, 0.351, 0.331, 0.312, 0.294, 0.277, 0.257, 0.238, 0.219, 0.2, 0.199, 0.213, 0.229, 0.247, 0.263, 0.28, 0.294, 0.308, 0.322, 0.339, 0.351, 0.354, 0.359, 0.366, 0.372, 0.382, 0.383, 0.384, 0.382, 0.387, 0.382, 0.372, 0.367, 0.363, 0.353, 0.343, 0.331, 0.323, 0.318, 0.309, 0.304, 0.302, 0.297, 0.294, 0.293, 0.29, 0.284, 0.277, 0.272, 0.266, 0.262, 0.268, 0.275, 0.284, 0.287, 0.294, 0.305, 0.306, 0.313, 0.323, 0.33, 0.33, 0.336, 0.337, 0.341, 0.344, 0.345, 0.345, 0.348, 0.143, 0.173, 0.14, 0.147, 0.164, 0.115, 0.116, 0.08, 0.07, 0.062, 0.059, 0.049, 0.027, 0.034, 0.04, 0.055, 0.085, 0.081, 0.085, 0.105, 0.176, 0.159, 0.328, 0.343
precipitation[0][58], 0.362, 0.376, 0.406, 0.444, 0.448, 0.432, 0.396, 0.366, 0.334, 0.313, 0.303, 0.329, 0.381, 0.361, 0.317, 0.339, 0.349, 0.371, 0.356, 0.337, 0.329, 0.327, 0.332, 0.33, 0.324, 0.323, 0.407, 0.388, 0.36, 0.345, 0.327, 0.344, 0.374, 0.386, 0.422, 0.456, 0.464, 0.463, 0.489, 0.525, 0.528, 0.518, 0.505, 0.509, 0.517, 0.518, 0.509, 0.495, 0.513, 0.503, 0.516, 0.501, 0.505, 0.515, 0.501, 0.487, 0.511, 0.505, 0.496, 0.458, 0.427, 0.389, 0.352, 0.346, 0.343, 0.369, 0.396, 0.367, 0.357, 0.355, 0.354, 0.344, 0.333, 0.328, 0.338, 0.334, 0.332, 0.349, 0.352, 0.356, 0.361, 0.367, 0.367, 0.376, 0.382, 0.391, 0.399, 0.405, 0.41, 0.415, 0.422, 0.425, 0.415, 0.389, 0.361, 0.338, 0.314, 0.292, 0.268, 0.244, 0.22, 0.197, 0.193, 0.207, 0.223, 0.238, 0.253, 0.268, 0.284, 0.297, 0.309, 0.325, 0.333, 0.337, 0.34, 0.344, 0.348, 0.363, 0.363, 0.358, 0.356, 0.36, 0.356, 0.348, 0.348, 0.341, 0.33, 0.323, 0.315, 0.308, 0.301, 0.298, 0.297, 0.295, 0.293, 0.29, 0.289, 0.288, 0.283, 0.278, 0.273, 0.267, 0.268, 0.275, 0.284, 0.292, 0.298, 0.307, 0.315, 0.316, 0.324, 0.335, 0.339, 0.345, 0.351, 0.347, 0.346, 0.346, 0.342, 0.341, 0.34, 0.163, 0.197, 0.183, 0.153, 0.15, 0.153, 0.173, 0.101, 0.092, 0.088, 0.067, 0.057, 0.053, 0.049, 0.065, 0.079, 0.081, 0.086, 0.096, 0.09, 0.116, 0.117, 0.224, 0.218
precipitation[0][59], 0.386, 0.412, 0.428, 0.411, 0.41, 0.363, 0.353, 0.339, 0.308, 0.304, 0.304, 0.311, 0.317, 0.32, 0.296, 0.3, 0.32, 0.353, 0.346, 0.335, 0.324, 0.327, 0.355, 0.335, 0.303, 0.307, 0.332, 0.327, 0.329, 0.33, 0.323, 0.337, 0.368, 0.379, 0.42, 0.446, 0.437, 0.464, 0.483, 0.516, 0.554, 0.566, 0.512, 0.498, 0.487, 0.507, 0.499, 0.49, 0.491, 0.474, 0.495, 0.511, 0.516, 0.534, 0.509, 0.51, 0.498, 0.508, 0.503, 0.499, 0.461, 0.391, 0.349, 0.341, 0.344, 0.364, 0.377, 0.368, 0.367, 0.365, 0.361, 0.351, 0.345, 0.343, 0.341, 0.344, 0.33, 0.363, 0.368, 0.375, 0.383, 0.394, 0.397, 0.405, 0.41, 0.416, 0.428, 0.442, 0.448, 0.456, 0.469, 0.465, 0.453, 0.422, 0.392, 0.363, 0.335, 0.309, 0.28, 0.251, 0.223, 0.195, 0.188, 0.201, 0.215, 0.231, 0.245, 0.261, 0.274, 0.286, 0.298, 0.312, 0.321, 0.323, 0.333, 0.324, 0.326, 0.333, 0.333, 0.334, 0.334, 0.332, 0.33, 0.326, 0.319, 0.315, 0.31, 0.305, 0.299, 0.295, 0.29, 0.288, 0.288, 0.289, 0.288, 0.288, 0.288, 0.286, 0.282, 0.279, 0.275, 0.271, 0.272, 0.282, 0.294, 0.301, 0.309, 0.315, 0.326, 0.331, 0.337, 0.348, 0.352, 0.358, 0.364, 0.358, 0.348, 0.344, 0.342, 0.338, 0.34, 0.215, 0.21, 0.246, 0.152, 0.249, 0.226, 0.171, 0.217, 0.153, 0.097, 0.069, 0.071, 0.089, 0.093, 0.091, 0.081, 0.083, 0.112, 0.101, 0.091, 0.104, 0.121, 0.155, 0.182
precipitation[0][60], 0.378, 0.387, 0.404, 0.437, 0.368, 0.346, 0.34, 0.315, 0.294, 0.297, 0.288, 0.29, 0.297, 0.283, 0.295, 0.297, 0.302, 0.323, 0.32, 0.336, 0.338, 0.341, 0.314, 0.326, 0.301, 0.309, 0.316, 0.323, 0.318, 0.303, 0.321, 0.344, 0.359, 0.391, 0.413, 0.423, 0.421, 0.424, 0.456, 0.503, 0.521, 0.58, 0.53, 0.488, 0.479, 0.465, 0.491, 0.484, 0.469, 0.462, 0.474, 0.504, 0.522, 0.531, 0.5, 0.48, 0.497, 0.494, 0.508, 0.492, 0.445, 0.412, 0.367, 0.362, 0.346, 0.381, 0.414, 0.374, 0.373, 0.36, 0.364, 0.359, 0.351, 0.345, 0.345, 0.361, 0.356, 0.38, 0.386, 0.396, 0.405, 0.419, 0.43, 0.437, 0.444, 0.45, 0.465, 0.478, 0.486, 0.503, 0.508, 0.508, 0.496, 0.461, 0.423, 0.39, 0.356, 0.326, 0.293, 0.259, 0.227, 0.193, 0.183, 0.196, 0.208, 0.224, 0.238, 0.253, 0.263, 0.276, 0.289, 0.302, 0.308, 0.309, 0.312, 0.306, 0.306, 0.305, 0.305, 0.306, 0.305, 0.306, 0.303, 0.302, 0.297, 0.294, 0.289, 0.287, 0.283, 0.28, 0.278, 0.277, 0.279, 0.284, 0.284, 0.287, 0.287, 0.288, 0.286, 0.283, 0.281, 0.277, 0.279, 0.29, 0.302, 0.312, 0.317, 0.326, 0.333, 0.342, 0.351, 0.365, 0.368, 0.368, 0.373, 0.364, 0.351, 0.344, 0.341, 0.336, 0.332, 0.214, 0.228, 0.298, 0.158, 0.193, 0.203, 0.16, 0.128, 0.121, 0.083, 0.072, 0.061, 0.105, 0.105, 0.087, 0.072, 0.074, 0.108, 0.113, 0.101, 0.099, 0.107, 0.116, 0.146
precipitation[0][61], 0.402, 0.38, 0.374, 0.401, 0.386, 0.353, 0.348, 0.324, 0.305, 0.291, 0.29, 0.27, 0.268, 0.268, 0.27, 0.275, 0.283, 0.318, 0.301, 0.294, 0.316, 0.298, 0.297, 0.287, 0.281, 0.285, 0.312, 0.315, 0.316, 0.295, 0.328, 0.345, 0.378, 0.396, 0.413, 0.413, 0.416, 0.437, 0.46, 0.523, 0.54, 0.552, 0.537, 0.484, 0.487, 0.447, 0.439, 0.457, 0.481, 0.455, 0.476, 0.52, 0.539, 0.525, 0.507, 0.486, 0.504, 0.518, 0.507, 0.516, 0.47, 0.416, 0.374, 0.362, 0.375, 0.416, 0.402, 0.375, 0.383, 0.379, 0.366, 0.354, 0.363, 0.361, 0.36, 0.369, 0.366, 0.387, 0.398, 0.408, 0.419, 0.435, 0.446, 0.453, 0.463, 0.467, 0.478, 0.49, 0.5, 0.512, 0.522, 0.528, 0.519, 0.48, 0.443, 0.409, 0.374, 0.342, 0.307, 0.273, 0.239, 0.205, 0.194, 0.204, 0.216, 0.229, 0.241, 0.253, 0.263, 0.274, 0.284, 0.294, 0.3, 0.302, 0.298, 0.296, 0.295, 0.295, 0.293, 0.294, 0.293, 0.291, 0.288, 0.287, 0.283, 0.279, 0.276, 0.273, 0.27, 0.267, 0.267, 0.266, 0.274, 0.276, 0.281, 0.281, 0.288, 0.281, 0.281, 0.286, 0.281, 0.277, 0.28, 0.289, 0.299, 0.308, 0.315, 0.321, 0.331, 0.337, 0.348, 0.36, 0.364, 0.363, 0.361, 0.354, 0.345, 0.336, 0.333, 0.326, 0.318, 0.202, 0.221, 0.207, 0.163, 0.173, 0.196, 0.15, 0.133, 0.137, 0.095, 0.07, 0.06, 0.068, 0.073, 0.087, 0.068, 0.074, 0.124, 0.132, 0.109, 0.164, 0.117, 0.108, 0.131
precipitation[0][62], 0.38, 0.368, 0.328, 0.353, 0.328, 0.339, 0.358, 0.352, 0.339, 0.308, 0.273, 0.269, 0.261, 0.273, 0.273, 0.259, 0.292, 0.324, 0.297, 0.284, 0.286, 0.288, 0.302, 0.273, 0.261, 0.279, 0.27, 0.3, 0.314, 0.321, 0.343, 0.345, 0.379, 0.411, 0.432, 0.43, 0.43, 0.466, 0.448, 0.516, 0.554, 0.548, 0.49, 0.492, 0.469, 0.474, 0.457, 0.487, 0.484, 0.494, 0.498, 0.495, 0.507, 0.503, 0.457, 0.454, 0.503, 0.51, 0.492, 0.489, 0.463, 0.427, 0.382, 0.384, 0.371, 0.398, 0.403, 0.376, 0.382, 0.382, 0.368, 0.36, 0.358, 0.365, 0.372, 0.371, 0.384, 0.393, 0.402, 0.41, 0.423, 0.438, 0.45, 0.453, 0.462, 0.469, 0.479, 0.49, 0.496, 0.507, 0.516, 0.522, 0.515, 0.48, 0.447, 0.416, 0.384, 0.355, 0.323, 0.292, 0.26, 0.229, 0.218, 0.226, 0.234, 0.244, 0.254, 0.264, 0.27, 0.278, 0.285, 0.293, 0.296, 0.297, 0.294, 0.292, 0.293, 0.29, 0.29, 0.289, 0.289, 0.288, 0.286, 0.282, 0.278, 0.274, 0.27, 0.266, 0.262, 0.258, 0.257, 0.254, 0.258, 0.262, 0.27, 0.272, 0.27, 0.272, 0.276, 0.276, 0.274, 0.271, 0.273, 0.28, 0.287, 0.294, 0.3, 0.307, 0.316, 0.323, 0.333, 0.342, 0.345, 0.341, 0.342, 0.336, 0.328, 0.326, 0.315, 0.309, 0.303, 0.202, 0.21, 0.194, 0.171, 0.199, 0.178, 0.167, 0.141, 0.103, 0.101, 0.083, 0.068, 0.059, 0.056, 0.088, 0.095, 0.125, 0.136, 0.202, 0.23, 0.162, 0.104, 0.112, 0.125
precipitation[0][63], 0.34, 0.355, 0.315, 0.324, 0.314, 0.338, 0.344, 0.367, 0.377, 0.346, 0.291, 0.272, 0.27, 0.297, 0.308, 0.289, 0.312, 0.288, 0.288, 0.254, 0.272, 0.293, 0.3, 0.296, 0.269, 0.269, 0.263, 0.31, 0.308, 0.327, 0.335, 0.355, 0.367, 0.409, 0.446, 0.455, 0.458, 0.463, 0.461, 0.491, 0.488, 0.53, 0.515, 0.477, 0.481, 0.475, 0.477, 0.486, 0.486, 0.483, 0.485, 0.487, 0.496, 0.528, 0.474, 0.465, 0.461, 0.448, 0.437, 0.455, 0.453, 0.427, 0.405, 0.379, 0.36, 0.375, 0.397, 0.37, 0.382, 0.362, 0.36, 0.361, 0.356, 0.376, 0.391, 0.399, 0.409, 0.397, 0.406, 0.416, 0.427, 0.44, 0.45, 0.454, 0.462, 0.471, 0.482, 0.49, 0.493, 0.502, 0.511, 0.517, 0.511, 0.481, 0.454, 0.426, 0.396, 0.368, 0.341, 0.311, 0.282, 0.253, 0.242, 0.247, 0.252, 0.258, 0.265, 0.27, 0.276, 0.281, 0.285, 0.289, 0.292, 0.292, 0.29, 0.29, 0.289, 0.287, 0.286, 0.285, 0.286, 0.286, 0.284, 0.279, 0.274, 0.27, 0.267, 0.261, 0.256, 0.249, 0.245, 0.243, 0.245, 0.252, 0.26, 0.255, 0.258, 0.265, 0.267, 0.271, 0.269, 0.267, 0.269, 0.273, 0.277, 0.283, 0.288, 0.295, 0.304, 0.315, 0.313, 0.321, 0.326, 0.325, 0.326, 0.313, 0.308, 0.307, 0.301, 0.295, 0.289, 0.285, 0.187, 0.185, 0.183, 0.199, 0.2, 0.168, 0.154, 0.112, 0.093, 0.078, 0.059, 0.045, 0.055, 0.066, 0.093, 0.158, 0.243, 0.262, 0.228, 0.185, 0.109, 0.112, 0.101
precipitation[0][64], 0.317, 0.288, 0.273, 0.279, 0.289, 0.336, 0.342, 0.342, 0.37, 0.339, 0.296, 0.278, 0.273, 0.292, 0.306, 0.289, 0.273, 0.262, 0.259, 0.274, 0.253, 0.281, 0.282, 0.296, 0.291, 0.303, 0.298, 0.306, 0.293, 0.322, 0.335, 0.351, 0.358, 0.407, 0.431, 0.45, 0.466, 0.492, 0.496, 0.506, 0.506, 0.539, 0.519, 0.5, 0.477, 0.474, 0.475, 0.474, 0.461, 0.452, 0.469, 0.482, 0.482, 0.481, 0.484, 0.48, 0.492, 0.468, 0.45, 0.478, 0.474, 0.407, 0.402, 0.389, 0.39, 0.393, 0.387, 0.37, 0.37, 0.361, 0.354, 0.36, 0.363, 0.373, 0.38, 0.391, 0.386, 0.392, 0.405, 0.416, 0.428, 0.44, 0.451, 0.455, 0.464, 0.47, 0.479, 0.486, 0.492, 0.5, 0.507, 0.514, 0.506, 0.482, 0.457, 0.432, 0.407, 0.381, 0.356, 0.329, 0.303, 0.278, 0.266, 0.268, 0.27, 0.274, 0.276, 0.279, 0.283, 0.284, 0.286, 0.289, 0.289, 0.29, 0.288, 0.287, 0.287, 0.284, 0.284, 0.284, 0.284, 0.285, 0.281, 0.276, 0.272, 0.265, 0.261, 0.251, 0.246, 0.239, 0.235, 0.23, 0.23, 0.236, 0.243, 0.248, 0.249, 0.256, 0.26, 0.266, 0.267, 0.264, 0.267, 0.267, 0.27, 0.274, 0.278, 0.282, 0.292, 0.299, 0.296, 0.301, 0.307, 0.303, 0.303, 0.297, 0.29, 0.285, 0.284, 0.281, 0.278, 0.272, 0.187, 0.188, 0.194, 0.197, 0.176, 0.156, 0.15, 0.125, 0.089, 0.055, 0.044, 0.045, 0.056, 0.067, 0.114, 0.168, 0.254, 0.238, 0.222, 0.157, 0.124, 0.113, 0.093
precipitation[0][65], 0.291, 0.253, 0.235, 0.254, 0.282, 0.323, 0.324, 0.34, 0.329, 0.302, 0.279, 0.276, 0.272, 0.274, 0.284, 0.275, 0.261, 0.241, 0.242, 0.256, 0.264, 0.291, 0.281, 0.3, 0.32, 0.336, 0.327, 0.343, 0.31, 0.29, 0.307, 0.328, 0.378, 0.405, 0.441, 0.476, 0.488, 0.511, 0.497, 0.514, 0.497, 0.514, 0.54, 0.491, 0.496, 0.48, 0.472, 0.442, 0.437, 0.446, 0.421, 0.432, 0.451, 0.48, 0.511, 0.509, 0.509, 0.467, 0.452, 0.454, 0.497, 0.435, 0.441, 0.388, 0.409, 0.393, 0.379, 0.371, 0.368, 0.365, 0.353, 0.363, 0.373, 0.374, 0.381, 0.384, 0.39, 0.394, 0.403, 0.414, 0.428, 0.44, 0.449, 0.454, 0.462, 0.473, 0.481, 0.495, 0.498, 0.498, 0.505, 0.509, 0.501, 0.481, 0.461, 0.44, 0.416, 0.394, 0.372, 0.349, 0.326, 0.303, 0.291, 0.29, 0.289, 0.29, 0.289, 0.289, 0.29, 0.288, 0.289, 0.289, 0.289, 0.288, 0.286, 0.285, 0.285, 0.285, 0.286, 0.287, 0.286, 0.287, 0.282, 0.274, 0.268, 0.258, 0.252, 0.242, 0.234, 0.228, 0.226, 0.219, 0.219, 0.227, 0.233, 0.239, 0.241, 0.246, 0.253, 0.258, 0.262, 0.261, 0.26, 0.265, 0.266, 0.271, 0.276, 0.278, 0.282, 0.285, 0.282, 0.284, 0.286, 0.281, 0.28, 0.277, 0.27, 0.267, 0.266, 0.265, 0.264, 0.258, 0.25, 0.192, 0.152, 0.153, 0.144, 0.107, 0.096, 0.08, 0.065, 0.05, 0.044, 0.046, 0.066, 0.075, 0.114, 0.23, 0.239, 0.197, 0.248, 0.148, 0.11, 0.088, 0.071
precipitation[0][66], 0.262, 0.242, 0.252, 0.262, 0.283, 0.336, 0.331, 0.335, 0.32, 0.301, 0.28, 0.284, 0.277, 0.287, 0.272, 0.27, 0.257, 0.245, 0.255, 0.271, 0.265, 0.324, 0.341, 0.307, 0.324, 0.374, 0.327, 0.306, 0.305, 0.274, 0.287, 0.32, 0.376, 0.414, 0.435, 0.453, 0.494, 0.486, 0.483, 0.51, 0.509, 0.513, 0.501, 0.465, 0.458, 0.456, 0.438, 0.406, 0.383, 0.4, 0.399, 0.443, 0.458, 0.451, 0.481, 0.508, 0.49, 0.492, 0.477, 0.457, 0.467, 0.491, 0.424, 0.415, 0.422, 0.392, 0.373, 0.363, 0.372, 0.364, 0.365, 0.363, 0.385, 0.408, 0.452, 0.436, 0.437, 0.401, 0.399, 0.414, 0.431, 0.449, 0.456, 0.453, 0.464, 0.48, 0.487, 0.491, 0.492, 0.494, 0.499, 0.503, 0.494, 0.478, 0.463, 0.447, 0.427, 0.409, 0.39, 0.365, 0.348, 0.334, 0.321, 0.319, 0.307, 0.303, 0.3, 0.297, 0.295, 0.291, 0.29, 0.286, 0.284, 0.283, 0.284, 0.283, 0.282, 0.283, 0.284, 0.285, 0.285, 0.284, 0.279, 0.271, 0.266, 0.255, 0.245, 0.236, 0.23, 0.221, 0.216, 0.211, 0.213, 0.217, 0.22, 0.23, 0.235, 0.243, 0.26, 0.265, 0.261, 0.267, 0.265, 0.266, 0.262, 0.266, 0.268, 0.272, 0.269, 0.27, 0.271, 0.27, 0.268, 0.261, 0.259, 0.255, 0.254, 0.252, 0.25, 0.247, 0.243, 0.238, 0.233, 0.224, 0.152, 0.126, 0.091, 0.068, 0.061, 0.059, 0.051, 0.04, 0.042, 0.06, 0.084, 0.097, 0.11, 0.147, 0.155, 0.172, 0.155, 0.118, 0.086, 0.067, 0.059
precipitation[0][67], 0.25, 0.26, 0.256, 0.272, 0.292, 0.329, 0.329, 0.316, 0.298, 0.281, 0.283, 0.281, 0.264, 0.271, 0.273, 0.266, 0.262, 0.25, 0.252, 0.261, 0.276, 0.293, 0.302, 0.32, 0.335, 0.351, 0.339, 0.363, 0.337, 0.287, 0.291, 0.313, 0.352, 0.412, 0.437, 0.447, 0.492, 0.503, 0.524, 0.557, 0.55, 0.541, 0.497, 0.465, 0.487, 0.477, 0.453, 0.44, 0.394, 0.398, 0.41, 0.43, 0.493, 0.482, 0.51, 0.494, 0.482, 0.478, 0.45, 0.412, 0.449, 0.425, 0.413, 0.396, 0.429, 0.383, 0.395, 0.361, 0.376, 0.369, 0.366, 0.361, 0.377, 0.404, 0.445, 0.438, 0.434, 0.395, 0.402, 0.417, 0.439, 0.448, 0.458, 0.457, 0.459, 0.478, 0.481, 0.483, 0.491, 0.493, 0.495, 0.501, 0.495, 0.479, 0.465, 0.452, 0.436, 0.423, 0.405, 0.384, 0.371, 0.363, 0.345, 0.338, 0.328, 0.319, 0.314, 0.308, 0.302, 0.296, 0.291, 0.284, 0.28, 0.279, 0.28, 0.284, 0.283, 0.283, 0.285, 0.283, 0.286, 0.281, 0.275, 0.264, 0.256, 0.245, 0.233, 0.224, 0.217, 0.207, 0.202, 0.196, 0.195, 0.201, 0.206, 0.221, 0.226, 0.237, 0.263, 0.26, 0.254, 0.272, 0.272, 0.264, 0.253, 0.251, 0.247, 0.249, 0.25, 0.247, 0.254, 0.257, 0.249, 0.243, 0.241, 0.24, 0.24, 0.241, 0.241, 0.238, 0.235, 0.228, 0.226, 0.217, 0.158, 0.095, 0.083, 0.063, 0.06, 0.042, 0.042, 0.04, 0.035, 0.053, 0.066, 0.096, 0.093, 0.104, 0.135, 0.137, 0.118, 0.086, 0.077, 0.06, 0.059
precipitation[0][68], 0.235, 0.271, 0.265, 0.272, 0.292, 0.316, 0.286, 0.286, 0.27, 0.285, 0.289, 0.295, 0.26, 0.261, 0.262, 0.265, 0.258, 0.257, 0.263, 0.274, 0.3, 0.296, 0.3, 0.306, 0.326, 0.322, 0.322, 0.327, 0.307, 0.271, 0.311, 0.305, 0.38, 0.397, 0.433, 0.447, 0.501, 0.499, 0.504, 0.542, 0.474, 0.487, 0.511, 0.482, 0.504, 0.468, 0.473, 0.458, 0.465, 0.415, 0.422, 0.474, 0.492, 0.435, 0.524, 0.505, 0.422, 0.419, 0.414, 0.376, 0.409, 0.398, 0.411, 0.396, 0.443, 0.371, 0.388, 0.367, 0.383, 0.371, 0.352, 0.364, 0.367, 0.383, 0.423, 0.44, 0.441, 0.4, 0.41, 0.426, 0.434, 0.449, 0.452, 0.47, 0.487, 0.467, 0.472, 0.477, 0.485, 0.491, 0.493, 0.499, 0.495, 0.48, 0.469, 0.458, 0.447, 0.434, 0.419, 0.403, 0.391, 0.38, 0.368, 0.36, 0.349, 0.337, 0.328, 0.318, 0.31, 0.3, 0.291, 0.281, 0.277, 0.278, 0.28, 0.284, 0.281, 0.283, 0.282, 0.28, 0.279, 0.278, 0.272, 0.261, 0.25, 0.237, 0.226, 0.215, 0.205, 0.194, 0.187, 0.179, 0.177, 0.185, 0.191, 0.204, 0.216, 0.226, 0.251, 0.256, 0.246, 0.253, 0.257, 0.259, 0.248, 0.236, 0.233, 0.227, 0.228, 0.228, 0.232, 0.23, 0.23, 0.226, 0.23, 0.224, 0.223, 0.225, 0.226, 0.227, 0.22, 0.216, 0.217, 0.204, 0.192, 0.101, 0.07, 0.051, 0.052, 0.046, 0.047, 0.058, 0.055, 0.076, 0.075, 0.079, 0.086, 0.099, 0.101, 0.099, 0.089, 0.075, 0.078, 0.074, 0.07
precipitation[0][69], 0.22, 0.256, 0.251, 0.274, 0.268, 0.267, 0.271, 0.275, 0.263, 0.285, 0.29, 0.267, 0.241, 0.246, 0.256, 0.247, 0.248, 0.248, 0.266, 0.263, 0.315, 0.294, 0.319, 0.318, 0.308, 0.308, 0.319, 0.317, 0.29, 0.298, 0.344, 0.338, 0.379, 0.402, 0.427, 0.442, 0.483, 0.48, 0.506, 0.52, 0.507, 0.461, 0.525, 0.521, 0.507, 0.465, 0.474, 0.452, 0.451, 0.427, 0.429, 0.47, 0.526, 0.491, 0.506, 0.444, 0.412, 0.4, 0.392, 0.405, 0.406, 0.446, 0.431, 0.445, 0.417, 0.384, 0.39, 0.382, 0.373, 0.359, 0.363, 0.349, 0.364, 0.377, 0.397, 0.42, 0.443, 0.398, 0.409, 0.422, 0.43, 0.445, 0.45, 0.451, 0.467, 0.465, 0.467, 0.475, 0.483, 0.488, 0.491, 0.5, 0.495, 0.487, 0.474, 0.464, 0.455, 0.445, 0.436, 0.426, 0.415, 0.408, 0.393, 0.383, 0.372, 0.357, 0.344, 0.33, 0.317, 0.304, 0.291, 0.28, 0.274, 0.276, 0.277, 0.282, 0.279, 0.278, 0.277, 0.276, 0.275, 0.276, 0.271, 0.258, 0.246, 0.232, 0.219, 0.208, 0.196, 0.184, 0.176, 0.165, 0.164, 0.171, 0.179, 0.192, 0.2, 0.214, 0.233, 0.249, 0.256, 0.252, 0.255, 0.249, 0.236, 0.227, 0.222, 0.215, 0.213, 0.212, 0.218, 0.219, 0.217, 0.213, 0.216, 0.213, 0.208, 0.207, 0.213, 0.213, 0.21, 0.207, 0.205, 0.197, 0.183, 0.149, 0.087, 0.048, 0.046, 0.044, 0.069, 0.068, 0.047, 0.065, 0.08, 0.106, 0.104, 0.124, 0.118, 0.097, 0.082, 0.078, 0.075, 0.085, 0.087
precipitation[0][70], 0.225, 0.227, 0.227, 0.23, 0.236, 0.236, 0.24, 0.25, 0.269, 0.283, 0.276, 0.26, 0.252, 0.24, 0.222, 0.245, 0.25, 0.245, 0.234, 0.286, 0.301, 0.289, 0.311, 0.308, 0.316, 0.298, 0.306, 0.298, 0.286, 0.318, 0.331, 0.343, 0.366, 0.373, 0.373, 0.405, 0.436, 0.478, 0.477, 0.496, 0.495, 0.493, 0.557, 0.544, 0.504, 0.466, 0.464, 0.464, 0.434, 0.424, 0.45, 0.432, 0.533, 0.527, 0.586, 0.464, 0.464, 0.42, 0.391, 0.391, 0.423, 0.432, 0.424, 0.441, 0.419, 0.379, 0.387, 0.346, 0.365, 0.365, 0.393, 0.347, 0.358, 0.361, 0.393, 0.4, 0.404, 0.4, 0.411, 0.419, 0.426, 0.448, 0.457, 0.45, 0.458, 0.458, 0.461, 0.473, 0.482, 0.486, 0.489, 0.496, 0.494, 0.489, 0.479, 0.472, 0.462, 0.457, 0.451, 0.442, 0.433, 0.429, 0.416, 0.402, 0.389, 0.372, 0.358, 0.341, 0.325, 0.309, 0.295, 0.281, 0.274, 0.276, 0.279, 0.282, 0.281, 0.276, 0.275, 0.274, 0.273, 0.275, 0.27, 0.253, 0.239, 0.226, 0.213, 0.199, 0.186, 0.174, 0.162, 0.152, 0.148, 0.157, 0.164, 0.179, 0.187, 0.205, 0.215, 0.226, 0.232, 0.239, 0.243, 0.237, 0.229, 0.213, 0.209, 0.203, 0.198, 0.195, 0.193, 0.191, 0.191, 0.19, 0.196, 0.195, 0.189, 0.197, 0.191, 0.2, 0.205, 0.192, 0.192, 0.187, 0.167, 0.162, 0.13, 0.064, 0.054, 0.051, 0.067, 0.056, 0.054, 0.073, 0.108, 0.112, 0.126, 0.12, 0.128, 0.109, 0.1, 0.094, 0.087, 0.093, 0.094
precipitation[0][71], 0.209, 0.212, 0.207, 0.203, 0.214, 0.223, 0.222, 0.233, 0.252, 0.274, 0.256, 0.244, 0.243, 0.23, 0.23, 0.24, 0.249, 0.233, 0.236, 0.265, 0.273, 0.273, 0.288, 0.296, 0.276, 0.26, 0.252, 0.271, 0.288, 0.334, 0.322, 0.326, 0.35, 0.356, 0.341, 0.352, 0.417, 0.475, 0.478, 0.44, 0.472, 0.478, 0.488, 0.504, 0.483, 0.471, 0.499, 0.48, 0.433, 0.434, 0.452, 0.465, 0.52, 0.488, 0.544, 0.472, 0.478, 0.435, 0.414, 0.416, 0.4, 0.392, 0.414, 0.422, 0.419, 0.387, 0.407, 0.377, 0.371, 0.362, 0.379, 0.354, 0.357, 0.359, 0.374, 0.398, 0.402, 0.401, 0.41, 0.429, 0.434, 0.462, 0.457, 0.463, 0.46, 0.458, 0.461, 0.471, 0.48, 0.484, 0.49, 0.495, 0.495, 0.49, 0.481, 0.48, 0.471, 0.465, 0.458, 0.451, 0.445, 0.442, 0.429, 0.414, 0.4, 0.385, 0.369, 0.352, 0.335, 0.32, 0.306, 0.291, 0.283, 0.288, 0.289, 0.288, 0.289, 0.287, 0.283, 0.28, 0.278, 0.28, 0.274, 0.257, 0.243, 0.229, 0.214, 0.2, 0.187, 0.173, 0.162, 0.15, 0.147, 0.153, 0.16, 0.175, 0.182, 0.199, 0.207, 0.215, 0.22, 0.225, 0.223, 0.222, 0.214, 0.205, 0.202, 0.198, 0.189, 0.184, 0.187, 0.172, 0.173, 0.176, 0.181, 0.179, 0.18, 0.183, 0.175, 0.177, 0.177, 0.175, 0.168, 0.163, 0.159, 0.141, 0.109, 0.087, 0.06, 0.054, 0.049, 0.052, 0.048, 0.062, 0.091, 0.139, 0.154, 0.246, 0.202, 0.121, 0.113, 0.099, 0.091, 0.091, 0.098
precipitation[0][72], 0.209, 0.216, 0.208, 0.191, 0.212, 0.22, 0.217, 0.235, 0.246, 0.263, 0.248, 0.257, 0.247, 0.232, 0.224, 0.212, 0.216, 0.225, 0.241, 0.256, 0.272, 0.273, 0.277, 0.259, 0.242, 0.232, 0.241, 0.278, 0.325, 0.321, 0.301, 0.326, 0.334, 0.357, 0.347, 0.31, 0.367, 0.441, 0.441, 0.424, 0.428, 0.431, 0.453, 0.485, 0.478, 0.432, 0.471, 0.467, 0.435, 0.464, 0.477, 0.48, 0.514, 0.533, 0.537, 0.529, 0.523, 0.474, 0.42, 0.389, 0.373, 0.37, 0.402, 0.424, 0.419, 0.429, 0.409, 0.374, 0.367, 0.363, 0.361, 0.368, 0.379, 0.377, 0.391, 0.389, 0.402, 0.402, 0.41, 0.428, 0.439, 0.451, 0.448, 0.451, 0.456, 0.463, 0.463, 0.473, 0.48, 0.489, 0.493, 0.497, 0.499, 0.492, 0.484, 0.476, 0.473, 0.465, 0.457, 0.452, 0.446, 0.443, 0.432, 0.419, 0.407, 0.39, 0.377, 0.363, 0.348, 0.336, 0.322, 0.312, 0.308, 0.308, 0.308, 0.303, 0.303, 0.299, 0.297, 0.292, 0.29, 0.289, 0.28, 0.265, 0.25, 0.239, 0.223, 0.208, 0.197, 0.183, 0.172, 0.16, 0.157, 0.162, 0.168, 0.177, 0.186, 0.2, 0.209, 0.217, 0.217, 0.218, 0.217, 0.219, 0.214, 0.205, 0.197, 0.192, 0.182, 0.175, 0.169, 0.162, 0.161, 0.162, 0.166, 0.168, 0.169, 0.167, 0.164, 0.167, 0.164, 0.161, 0.158, 0.154, 0.148, 0.139, 0.13, 0.1, 0.062, 0.058, 0.081, 0.056, 0.048, 0.053, 0.075, 0.13, 0.154, 0.22, 0.121, 0.121, 0.115, 0.106, 0.083, 0.087, 0.103
precipitation[0][73], 0.196, 0.218, 0.226, 0.227, 0.204, 0.203, 0.205, 0.235, 0.229, 0.259, 0.266, 0.265, 0.25, 0.224, 0.194, 0.194, 0.204, 0.239, 0.227, 0.245, 0.245, 0.251, 0.262, 0.253, 0.225, 0.216, 0.233, 0.259, 0.282, 0.273, 0.27, 0.288, 0.343, 0.463, 0.421, 0.322, 0.36, 0.429, 0.456, 0.42, 0.414, 0.393, 0.418, 0.425, 0.438, 0.432, 0.43, 0.467, 0.458, 0.49, 0.474, 0.467, 0.451, 0.47, 0.493, 0.566, 0.508, 0.49, 0.454, 0.437, 0.412, 0.387, 0.412, 0.41, 0.426, 0.414, 0.393, 0.382, 0.377, 0.386, 0.367, 0.378, 0.404, 0.407, 0.411, 0.393, 0.417, 0.398, 0.412, 0.432, 0.436, 0.435, 0.446, 0.451, 0.452, 0.461, 0.463, 0.474, 0.481, 0.485, 0.49, 0.498, 0.499, 0.492, 0.483, 0.476, 0.469, 0.463, 0.457, 0.451, 0.444, 0.44, 0.431, 0.418, 0.408, 0.393, 0.383, 0.372, 0.359, 0.35, 0.337, 0.33, 0.322, 0.323, 0.318, 0.316, 0.313, 0.31, 0.307, 0.305, 0.302, 0.297, 0.288, 0.272, 0.26, 0.249, 0.233, 0.222, 0.211, 0.194, 0.182, 0.171, 0.171, 0.168, 0.174, 0.185, 0.191, 0.203, 0.214, 0.216, 0.215, 0.217, 0.215, 0.211, 0.208, 0.205, 0.194, 0.188, 0.176, 0.167, 0.16, 0.152, 0.149, 0.15, 0.151, 0.168, 0.158, 0.158, 0.154, 0.159, 0.159, 0.151, 0.15, 0.147, 0.139, 0.131, 0.124, 0.115, 0.1, 0.079, 0.083, 0.058, 0.042, 0.051, 0.071, 0.103, 0.141, 0.126, 0.141, 0.128, 0.134, 0.119, 0.096, 0.108, 0.116
precipitation[0][74], 0.193, 0.187, 0.193, 0.188, 0.192, 0.189, 0.204, 0.227, 0.23, 0.238, 0.234, 0.245, 0.231, 0.213, 0.19, 0.2, 0.204, 0.228, 0.244, 0.227, 0.24, 0.248, 0.236, 0.217, 0.217, 0.214, 0.228, 0.237, 0.272, 0.277, 0.253, 0.26, 0.309, 0.366, 0.389, 0.328, 0.367, 0.41, 0.445, 0.415, 0.421, 0.394, 0.4, 0.39, 0.419, 0.446, 0.452, 0.448, 0.46, 0.458, 0.508, 0.487, 0.478, 0.498, 0.5, 0.531, 0.551, 0.485, 0.482, 0.456, 0.433, 0.393, 0.414, 0.417, 0.439, 0.44, 0.42, 0.397, 0.405, 0.411, 0.378, 0.37, 0.39, 0.409, 0.4, 0.386, 0.403, 0.398, 0.406, 0.414, 0.423, 0.435, 0.441, 0.445, 0.451, 0.464, 0.464, 0.477, 0.481, 0.485, 0.498, 0.502, 0.5, 0.493, 0.486, 0.481, 0.471, 0.465, 0.458, 0.451, 0.445, 0.44, 0.432, 0.422, 0.41, 0.4, 0.394, 0.382, 0.371, 0.361, 0.352, 0.345, 0.34, 0.34, 0.334, 0.328, 0.329, 0.324, 0.319, 0.316, 0.311, 0.308, 0.295, 0.283, 0.27, 0.258, 0.244, 0.234, 0.219, 0.203, 0.19, 0.178, 0.176, 0.177, 0.184, 0.192, 0.197, 0.206, 0.216, 0.218, 0.225, 0.224, 0.221, 0.218, 0.212, 0.208, 0.2, 0.19, 0.176, 0.162, 0.153, 0.144, 0.14, 0.145, 0.148, 0.15, 0.15, 0.15, 0.145, 0.145, 0.143, 0.144, 0.142, 0.132, 0.126, 0.122, 0.119, 0.116, 0.127, 0.104, 0.08, 0.06, 0.047, 0.053, 0.092, 0.115, 0.165, 0.178, 0.129, 0.152, 0.161, 0.138, 0.174, 0.173, 0.137
precipitation[0][75], 0.186, 0.175, 0.187, 0.217, 0.215, 0.215, 0.215, 0.228, 0.238, 0.244, 0.24, 0.211, 0.213, 0.203, 0.197, 0.188, 0.201, 0.205, 0.21, 0.214, 0.22, 0.236, 0.231, 0.215, 0.213, 0.216, 0.231, 0.248, 0.256, 0.257, 0.253, 0.268, 0.347, 0.359, 0.416, 0.39, 0.361, 0.397, 0.405, 0.4, 0.407, 0.372, 0.368, 0.361, 0.423, 0.449, 0.446, 0.45, 0.523, 0.499, 0.53, 0.521, 0.525, 0.533, 0.523, 0.522, 0.482, 0.442, 0.44, 0.431, 0.423, 0.407, 0.438, 0.462, 0.452, 0.461, 0.425, 0.421, 0.418, 0.42, 0.413, 0.399, 0.391, 0.424, 0.392, 0.375, 0.391, 0.401, 0.41, 0.418, 0.434, 0.439, 0.445, 0.448, 0.451, 0.462, 0.468, 0.479, 0.485, 0.489, 0.503, 0.518, 0.511, 0.501, 0.491, 0.483, 0.474, 0.467, 0.459, 0.452, 0.445, 0.438, 0.431, 0.424, 0.413, 0.405, 0.4, 0.392, 0.385, 0.377, 0.37, 0.365, 0.358, 0.359, 0.352, 0.345, 0.34, 0.336, 0.33, 0.327, 0.321, 0.314, 0.303, 0.293, 0.279, 0.267, 0.253, 0.241, 0.227, 0.212, 0.201, 0.186, 0.184, 0.185, 0.193, 0.195, 0.2, 0.209, 0.218, 0.226, 0.233, 0.239, 0.235, 0.229, 0.207, 0.208, 0.2, 0.193, 0.176, 0.159, 0.146, 0.137, 0.132, 0.135, 0.138, 0.14, 0.141, 0.141, 0.137, 0.14, 0.137, 0.137, 0.131, 0.126, 0.122, 0.12, 0.115, 0.101, 0.103, 0.103, 0.072, 0.063, 0.038, 0.044, 0.11, 0.144, 0.212, 0.231, 0.189, 0.151, 0.267, 0.212, 0.224, 0.166, 0.151
precipitation[0][76], 0.187, 0.174, 0.178, 0.199, 0.21, 0.233, 0.235, 0.284, 0.259, 0.243, 0.239, 0.225, 0.208, 0.204, 0.189, 0.194, 0.194, 0.189, 0.19, 0.203, 0.217, 0.242, 0.234, 0.229, 0.233, 0.246, 0.23, 0.265, 0.266, 0.254, 0.242, 0.263, 0.284, 0.354, 0.369, 0.362, 0.387, 0.356, 0.378, 0.389, 0.414, 0.393, 0.392, 0.398, 0.419, 0.47, 0.462, 0.479, 0.518, 0.512, 0.565, 0.564, 0.515, 0.539, 0.55, 0.529, 0.508, 0.468, 0.442, 0.465, 0.467, 0.427, 0.417, 0.454, 0.439, 0.423, 0.445, 0.45, 0.447, 0.439, 0.437, 0.431, 0.394, 0.392, 0.36, 0.407, 0.405, 0.383, 0.385, 0.401, 0.415, 0.421, 0.443, 0.446, 0.444, 0.444, 0.454, 0.478, 0.483, 0.498, 0.506, 0.525, 0.517, 0.501, 0.493, 0.484, 0.467, 0.461, 0.45, 0.442, 0.435, 0.432, 0.424, 0.418, 0.411, 0.407, 0.404, 0.403, 0.394, 0.383, 0.381, 0.377, 0.373, 0.377, 0.368, 0.359, 0.348, 0.341, 0.343, 0.338, 0.326, 0.318, 0.31, 0.3, 0.287, 0.278, 0.264, 0.251, 0.238, 0.22, 0.216, 0.193, 0.192, 0.201, 0.203, 0.209, 0.22, 0.236, 0.255, 0.276, 0.301, 0.308, 0.294, 0.285, 0.253, 0.233, 0.215, 0.222, 0.198, 0.169, 0.142, 0.131, 0.121, 0.124, 0.127, 0.134, 0.136, 0.137, 0.137, 0.143, 0.136, 0.131, 0.123, 0.117, 0.111, 0.108, 0.117, 0.1, 0.102, 0.094, 0.097, 0.071, 0.048, 0.038, 0.069, 0.106, 0.1, 0.239, 0.251, 0.258, 0.179, 0.188, 0.162, 0.14, 0.096
precipitation[0][77], 0.184, 0.173, 0.184, 0.189, 0.194, 0.217, 0.23, 0.257, 0.258, 0.24, 0.237, 0.234, 0.211, 0.201, 0.195, 0.194, 0.182, 0.182, 0.206, 0.222, 0.212, 0.229, 0.253, 0.25, 0.249, 0.239, 0.225, 0.254, 0.266, 0.264, 0.263, 0.284, 0.322, 0.347, 0.343, 0.379, 0.366, 0.364, 0.368, 0.41, 0.395, 0.372, 0.397, 0.397, 0.421, 0.485, 0.454, 0.481, 0.496, 0.484, 0.548, 0.581, 0.56, 0.572, 0.569, 0.545, 0.541, 0.489, 0.456, 0.458, 0.439, 0.396, 0.409, 0.431, 0.446, 0.429, 0.451, 0.466, 0.438, 0.451, 0.44, 0.433, 0.4, 0.371, 0.377, 0.394, 0.376, 0.388, 0.413, 0.387, 0.39, 0.411, 0.435, 0.447, 0.434, 0.43, 0.491, 0.47, 0.481, 0.501, 0.517, 0.529, 0.515, 0.511, 0.498, 0.486, 0.479, 0.466, 0.454, 0.444, 0.435, 0.428, 0.425, 0.42, 0.417, 0.412, 0.41, 0.412, 0.408, 0.399, 0.391, 0.392, 0.392, 0.386, 0.377, 0.371, 0.364, 0.354, 0.354, 0.347, 0.336, 0.329, 0.32, 0.311, 0.296, 0.286, 0.274, 0.258, 0.249, 0.229, 0.226, 0.204, 0.205, 0.207, 0.212, 0.215, 0.221, 0.243, 0.266, 0.284, 0.307, 0.287, 0.9, 0.828, 0.731, 0.672, 0.533, 0.201, 0.195, 0.168, 0.142, 0.124, 0.125, 0.127, 0.131, 0.124, 0.127, 0.13, 0.143, 0.139, 0.126, 0.122, 0.121, 0.111, 0.108, 0.103, 0.103, 0.095, 0.097, 0.086, 0.082, 0.055, 0.052, 0.054, 0.062, 0.077, 0.167, 0.176, 0.118, 0.162, 0.16, 0.156, 0.11, 0.096, 0.072
precipitation[0][78], 0.17, 0.166, 0.182, 0.18, 0.19, 0.209, 0.225, 0.221, 0.213, 0.236, 0.22, 0.234, 0.206, 0.208, 0.207, 0.211, 0.196, 0.19, 0.205, 0.205, 0.21, 0.234, 0.235, 0.24, 0.247, 0.235, 0.219, 0.247, 0.275, 0.241, 0.236, 0.249, 0.302, 0.356, 0.354, 0.371, 0.383, 0.367, 0.379, 0.383, 0.422, 0.397, 0.405, 0.423, 0.414, 0.469, 0.476, 0.475, 0.483, 0.505, 0.545, 0.584, 0.555, 0.577, 0.578, 0.553, 0.527, 0.505, 0.52, 0.469, 0.422, 0.391, 0.398, 0.426, 0.442, 0.438, 0.452, 0.45, 0.444, 0.439, 0.477, 0.449, 0.416, 0.378, 0.389, 0.398, 0.406, 0.4, 0.402, 0.388, 0.403, 0.415, 0.426, 0.431, 0.431, 0.418, 0.42, 0.468, 0.482, 0.495, 0.528, 0.51, 0.511, 0.503, 0.495, 0.488, 0.48, 0.471, 0.46, 0.447, 0.436, 0.431, 0.428, 0.423, 0.421, 0.422, 0.418, 0.421, 0.418, 0.41, 0.41, 0.401, 0.399, 0.396, 0.387, 0.384, 0.376, 0.365, 0.36, 0.355, 0.349, 0.339, 0.326, 0.317, 0.306, 0.294, 0.283, 0.268, 0.255, 0.238, 0.233, 0.213, 0.21, 0.213, 0.214, 0.215, 0.225, 0.262, 0.28, 0.274, 0.76, 0.788, 0.926, 0.866, 0.945, 0.849, 0.554, 0.418, 0.169, 0.146, 0.138, 0.124, 0.124, 0.127, 0.129, 0.121, 0.119, 0.124, 0.133, 0.265, 0.139, 0.107, 0.114, 0.106, 0.104, 0.1, 0.096, 0.092, 0.086, 0.081, 0.078, 0.077, 0.047, 0.055, 0.052, 0.065, 0.075, 0.103, 0.091, 0.104, 0.118, 0.111, 0.088, 0.063, 0.064
precipitation[0][79], 0.168, 0.174, 0.171, 0.168, 0.179, 0.192, 0.2, 0.212, 0.209, 0.226, 0.232, 0.235, 0.204, 0.202, 0.199, 0.21, 0.205, 0.192, 0.189, 0.206, 0.22, 0.22, 0.245, 0.221, 0.215, 0.222, 0.229, 0.241, 0.248, 0.228, 0.248, 0.277, 0.303, 0.376, 0.377, 0.345, 0.386, 0.375, 0.397, 0.43, 0.476, 0.345, 0.359, 0.371, 0.389, 0.437, 0.473, 0.519, 0.524, 0.544, 0.544, 0.563, 0.538, 0.533, 0.537, 0.531, 0.498, 0.481, 0.499, 0.452, 0.411, 0.394, 0.412, 0.412, 0.43, 0.468, 0.464, 0.492, 0.489, 0.475, 0.502, 0.493, 0.465, 0.405, 0.401, 0.411, 0.442, 0.411, 0.414, 0.417, 0.413, 0.404, 0.411, 0.43, 0.428, 0.426, 0.422, 0.462, 0.474, 0.501, 0.506, 0.512, 0.494, 0.494, 0.491, 0.482, 0.483, 0.47, 0.463, 0.448, 0.44, 0.432, 0.428, 0.425, 0.424, 0.426, 0.422, 0.428, 0.425, 0.421, 0.42, 0.42, 0.415, 0.41, 0.4, 0.397, 0.386, 0.377, 0.369, 0.365, 0.358, 0.344, 0.34, 0.331, 0.321, 0.309, 0.297, 0.282, 0.263, 0.247, 0.247, 0.224, 0.22, 0.22, 0.22, 0.221, 0.226, 0.255, 0.274, 0.694, 0.745, 0.721, 0.903, 0.96, 0.976, 0.855, 0.556, 0.415, 0.315, 0.138, 0.132, 0.116, 0.117, 0.12, 0.122, 0.117, 0.11, 0.111, 0.17, 0.197, 0.089, 0.078, 0.104, 0.096, 0.097, 0.103, 0.092, 0.087, 0.088, 0.082, 0.078, 0.077, 0.051, 0.03, 0.027, 0.037, 0.057, 0.079, 0.075, 0.08, 0.092, 0.084, 0.062, 0.058, 0.056
precipitation[0][80], 0.165, 0.184, 0.168, 0.156, 0.167, 0.182, 0.204, 0.218, 0.209, 0.21, 0.241, 0.224, 0.212, 0.226, 0.209, 0.184, 0.186, 0.202, 0.185, 0.186, 0.216, 0.213, 0.227, 0.206, 0.2, 0.191, 0.201, 0.227, 0.244, 0.253, 0.249, 0.289, 0.317, 0.328, 0.37, 0.362, 0.485, 0.377, 0.367, 0.354, 0.453, 0.307, 0.326, 0.318, 0.354, 0.419, 0.466, 0.493, 0.502, 0.55, 0.561, 0.532, 0.561, 0.527, 0.513, 0.512, 0.504, 0.482, 0.476, 0.427, 0.406, 0.39, 0.41, 0.409, 0.413, 0.443, 0.481, 0.484, 0.518, 0.499, 0.462, 0.463, 0.444, 0.411, 0.41, 0.421, 0.458, 0.433, 0.432, 0.429, 0.431, 0.409, 0.418, 0.44, 0.433, 0.428, 0.424, 0.464, 0.488, 0.5, 0.501, 0.499, 0.494, 0.493, 0.49, 0.506, 0.492, 0.478, 0.464, 0.45, 0.44, 0.434, 0.432, 0.43, 0.432, 0.433, 0.43, 0.436, 0.44, 0.434, 0.434, 0.432, 0.43, 0.423, 0.415, 0.405, 0.4, 0.384, 0.376, 0.371, 0.364, 0.351, 0.346, 0.341, 0.337, 0.325, 0.307, 0.291, 0.278, 0.263, 0.25, 0.23, 0.221, 0.221, 0.222, 0.223, 0.23, 0.258, 0.268, 0.583, 0.733, 0.762, 1.002, 1.024, 0.879, 0.656, 0.555, 0.391, 0.317, 0.136, 0.137, 0.134, 0.115, 0.111, 0.108, 0.107, 0.099, 0.096, 0.137, 0.178, 0.173, 0.093, 0.03, 0.09, 0.092, 0.101, 0.094, 0.097, 0.097, 0.091, 0.077, 0.077, 0.065, 0.027, 0.023, 0.041, 0.055, 0.087, 0.077, 0.077, 0.058, 0.061, 0.064, 0.063, 0.059
precipitation[0][81], 0.148, 0.151, 0.158, 0.159, 0.164, 0.172, 0.2, 0.219, 0.213, 0.211, 0.208, 0.211, 0.201, 0.202, 0.193, 0.174, 0.172, 0.181, 0.191, 0.211, 0.205, 0.231, 0.261, 0.182, 0.18, 0.16, 0.178, 0.211, 0.251, 0.257, 0.291, 0.299, 0.315, 0.34, 0.365, 0.332, 0.395, 0.315, 0.296, 0.298, 0.313, 0.317, 0.357, 0.327, 0.354, 0.394, 0.458, 0.487, 0.547, 0.592, 0.568, 0.555, 0.548, 0.536, 0.528, 0.541, 0.507, 0.459, 0.449, 0.409, 0.394, 0.393, 0.402, 0.411, 0.427, 0.436, 0.488, 0.559, 0.521, 0.496, 0.483, 0.474, 0.45, 0.426, 0.426, 0.446, 0.448, 0.434, 0.437, 0.43, 0.428, 0.417, 0.413, 0.438, 0.445, 0.431, 0.436, 0.457, 0.479, 0.489, 0.488, 0.491, 0.483, 0.479, 0.476, 0.495, 0.476, 0.469, 0.463, 0.452, 0.439, 0.436, 0.433, 0.43, 0.437, 0.434, 0.433, 0.437, 0.435, 0.438, 0.436, 0.44, 0.44, 0.432, 0.42, 0.412, 0.403, 0.392, 0.384, 0.376, 0.367, 0.359, 0.353, 0.356, 0.343, 0.335, 0.324, 0.306, 0.285, 0.273, 0.258, 0.243, 0.234, 0.234, 0.23, 0.23, 0.239, 0.257, 0.254, 0.584, 0.676, 0.782, 0.935, 0.984, 0.913, 0.666, 0.513, 0.37, 0.259, 0.142, 0.131, 0.13, 0.104, 0.103, 0.099, 0.096, 0.096, 0.145, 0.116, 0.136, 0.119, 0.057, 0.037, 0.083, 0.085, 0.089, 0.094, 0.102, 0.107, 0.088, 0.081, 0.078, 0.055, 0.028, 0.022, 0.045, 0.061, 0.111, 0.089, 0.071, 0.082, 0.061, 0.069, 0.071, 0.063
precipitation[0][82], 0.158, 0.159, 0.156, 0.148, 0.154, 0.157, 0.186, 0.185, 0.214, 0.195, 0.188, 0.191, 0.182, 0.199, 0.193, 0.199, 0.187, 0.198, 0.199, 0.215, 0.218, 0.24, 0.229, 0.176, 0.143, 0.157, 0.167, 0.219, 0.263, 0.263, 0.267, 0.281, 0.295, 0.318, 0.355, 0.372, 0.337, 0.331, 0.324, 0.31, 0.325, 0.352, 0.383, 0.399, 0.435, 0.401, 0.449, 0.483, 0.488, 0.501, 0.515, 0.536, 0.535, 0.524, 0.547, 0.523, 0.469, 0.427, 0.438, 0.406, 0.39, 0.399, 0.403, 0.44, 0.443, 0.453, 0.464, 0.511, 0.513, 0.461, 0.428, 0.415, 0.417, 0.431, 0.424, 0.469, 0.471, 0.431, 0.43, 0.444, 0.441, 0.436, 0.414, 0.425, 0.418, 0.421, 0.416, 0.452, 0.459, 0.469, 0.472, 0.467, 0.47, 0.465, 0.464, 0.477, 0.477, 0.467, 0.464, 0.448, 0.442, 0.437, 0.431, 0.427, 0.434, 0.435, 0.434, 0.434, 0.433, 0.434, 0.434, 0.436, 0.436, 0.425, 0.419, 0.411, 0.407, 0.394, 0.386, 0.38, 0.374, 0.369, 0.367, 0.37, 0.356, 0.343, 0.33, 0.309, 0.29, 0.283, 0.268, 0.26, 0.247, 0.254, 0.242, 0.242, 0.241, 0.263, 0.266, 0.259, 0.622, 0.704, 0.855, 0.838, 0.712, 0.6, 0.473, 0.162, 0.153, 0.129, 0.123, 0.111, 0.094, 0.097, 0.099, 0.092, 0.09, 0.094, 0.105, 0.106, 0.102, 0.067, 0.058, 0.051, 0.082, 0.085, 0.091, 0.091, 0.096, 0.097, 0.083, 0.077, 0.046, 0.045, 0.055, 0.052, 0.082, 0.131, 0.098, 0.078, 0.05, 0.059, 0.093, 0.086, 0.088
precipitation[0][83], 0.158, 0.157, 0.146, 0.146, 0.145, 0.151, 0.166, 0.172, 0.183, 0.212, 0.206, 0.192, 0.19, 0.198, 0.2, 0.211, 0.193, 0.219, 0.216, 0.219, 0.211, 0.206, 0.192, 0.194, 0.159, 0.162, 0.185, 0.222, 0.262, 0.267, 0.268, 0.263, 0.272, 0.303, 0.333, 0.333, 0.307, 0.322, 0.33, 0.344, 0.352, 0.356, 0.379, 0.38, 0.392, 0.399, 0.435, 0.442, 0.476, 0.505, 0.507, 0.519, 0.511, 0.544, 0.534, 0.488, 0.44, 0.409, 0.394, 0.409, 0.395, 0.407, 0.405, 0.472, 0.501, 0.467, 0.485, 0.498, 0.458, 0.464, 0.416, 0.422, 0.439, 0.43, 0.453, 0.492, 0.495, 0.454, 0.447, 0.45, 0.451, 0.445, 0.434, 0.432, 0.421, 0.414, 0.413, 0.445, 0.457, 0.458, 0.457, 0.456, 0.454, 0.451, 0.453, 0.459, 0.461, 0.459, 0.458, 0.449, 0.443, 0.434, 0.431, 0.43, 0.436, 0.437, 0.435, 0.435, 0.436, 0.434, 0.435, 0.438, 0.433, 0.426, 0.422, 0.417, 0.409, 0.4, 0.393, 0.39, 0.386, 0.379, 0.375, 0.366, 0.36, 0.349, 0.335, 0.319, 0.303, 0.293, 0.28, 0.265, 0.257, 0.249, 0.245, 0.238, 0.238, 0.236, 0.248, 0.264, 0.255, 0.505, 0.53, 0.587, 0.589, 0.57, 0.19, 0.165, 0.14, 0.127, 0.121, 0.121, 0.1, 0.094, 0.098, 0.095, 0.096, 0.09, 0.09, 0.079, 0.069, 0.064, 0.058, 0.055, 0.047, 0.079, 0.083, 0.084, 0.083, 0.095, 0.1, 0.095, 0.034, 0.032, 0.07, 0.06, 0.08, 0.117, 0.099, 0.061, 0.051, 0.061, 0.075, 0.087, 0.088
precipitation[0][84], 0.139, 0.137, 0.146, 0.151, 0.146, 0.163, 0.17, 0.189, 0.19, 0.212, 0.204, 0.21, 0.205, 0.207, 0.192, 0.225, 0.211, 0.212, 0.209, 0.228, 0.259, 0.215, 0.198, 0.174, 0.172, 0.179, 0.197, 0.224, 0.252, 0.25, 0.25, 0.263, 0.279, 0.295, 0.288, 0.287, 0.315, 0.316, 0.333, 0.353, 0.354, 0.361, 0.353, 0.38, 0.396, 0.41, 0.411, 0.447, 0.481, 0.504, 0.515, 0.535, 0.531, 0.551, 0.482, 0.454, 0.406, 0.388, 0.387, 0.394, 0.386, 0.423, 0.414, 0.425, 0.445, 0.467, 0.466, 0.468, 0.452, 0.419, 0.392, 0.413, 0.439, 0.465, 0.47, 0.524, 0.483, 0.46, 0.444, 0.44, 0.456, 0.451, 0.438, 0.424, 0.413, 0.407, 0.412, 0.441, 0.449, 0.451, 0.45, 0.446, 0.443, 0.439, 0.443, 0.456, 0.472, 0.458, 0.456, 0.449, 0.443, 0.434, 0.433, 0.433, 0.433, 0.437, 0.438, 0.438, 0.439, 0.436, 0.438, 0.433, 0.434, 0.427, 0.425, 0.426, 0.415, 0.407, 0.403, 0.398, 0.396, 0.39, 0.383, 0.371, 0.36, 0.361, 0.346, 0.33, 0.318, 0.3, 0.29, 0.282, 0.268, 0.258, 0.247, 0.244, 0.252, 0.232, 0.24, 0.252, 0.258, 0.229, 0.224, 0.228, 0.215, 0.21, 0.18, 0.152, 0.134, 0.12, 0.105, 0.103, 0.096, 0.099, 0.107, 0.096, 0.089, 0.085, 0.074, 0.088, 0.073, 0.058, 0.044, 0.057, 0.081, 0.077, 0.077, 0.074, 0.077, 0.085, 0.104, 0.088, 0.045, 0.047, 0.055, 0.065, 0.087, 0.112, 0.088, 0.077, 0.061, 0.072, 0.105, 0.096, 0.103
precipitation[0][85], 0.131, 0.131, 0.148, 0.149, 0.163, 0.171, 0.171, 0.187, 0.184, 0.201, 0.202, 0.207, 0.195, 0.197, 0.195, 0.216, 0.216, 0.199, 0.206, 0.222, 0.198, 0.183, 0.186, 0.178, 0.169, 0.188, 0.202, 0.223, 0.241, 0.235, 0.252, 0.278, 0.271, 0.28, 0.291, 0.275, 0.302, 0.301, 0.323, 0.34, 0.365, 0.369, 0.353, 0.358, 0.367, 0.397, 0.396, 0.451, 0.471, 0.484, 0.503, 0.522, 0.514, 0.509, 0.475, 0.45, 0.437, 0.397, 0.369, 0.384, 0.382, 0.404, 0.405, 0.423, 0.427, 0.427, 0.442, 0.396, 0.382, 0.396, 0.397, 0.418, 0.429, 0.466, 0.489, 0.539, 0.492, 0.449, 0.44, 0.446, 0.451, 0.475, 0.436, 0.406, 0.407, 0.4, 0.41, 0.438, 0.441, 0.437, 0.437, 0.437, 0.439, 0.432, 0.438, 0.453, 0.463, 0.452, 0.451, 0.447, 0.441, 0.434, 0.431, 0.43, 0.433, 0.435, 0.434, 0.437, 0.439, 0.436, 0.436, 0.436, 0.432, 0.426, 0.424, 0.425, 0.42, 0.413, 0.412, 0.407, 0.406, 0.402, 0.394, 0.382, 0.375, 0.374, 0.366, 0.341, 0.328, 0.317, 0.297, 0.294, 0.293, 0.276, 0.259, 0.248, 0.244, 0.228, 0.235, 0.247, 0.261, 0.249, 0.244, 0.242, 0.212, 0.204, 0.163, 0.147, 0.123, 0.111, 0.108, 0.098, 0.092, 0.098, 0.106, 0.102, 0.097, 0.084, 0.072, 0.09, 0.069, 0.065, 0.061, 0.05, 0.039, 0.06, 0.09, 0.06, 0.066, 0.086, 0.06, 0.066, 0.053, 0.048, 0.047, 0.054, 0.073, 0.094, 0.106, 0.103, 0.09, 0.131, 0.162, 0.102, 0.111
precipitation[0][86], 0.136, 0.138, 0.149, 0.15, 0.169, 0.182, 0.163, 0.182, 0.186, 0.194, 0.19, 0.189, 0.182, 0.184, 0.183, 0.195, 0.185, 0.183, 0.17, 0.166, 0.175, 0.155, 0.156, 0.158, 0.158, 0.157, 0.17, 0.186, 0.204, 0.226, 0.232, 0.226, 0.243, 0.26, 0.271, 0.268, 0.293, 0.293, 0.311, 0.322, 0.343, 0.356, 0.368, 0.361, 0.377, 0.393, 0.412, 0.43, 0.443, 0.436, 0.448, 0.472, 0.481, 0.483, 0.497, 0.46, 0.431, 0.407, 0.381, 0.386, 0.393, 0.408, 0.403, 0.417, 0.398, 0.398, 0.415, 0.385, 0.385, 0.375, 0.388, 0.415, 0.421, 0.432, 0.47, 0.472, 0.44, 0.417, 0.423, 0.455, 0.45, 0.449, 0.416, 0.391, 0.385, 0.422, 0.432, 0.433, 0.426, 0.409, 0.416, 0.453, 0.454, 0.421, 0.426, 0.458, 0.463, 0.472, 0.471, 0.463, 0.444, 0.406, 0.406, 0.424, 0.425, 0.418, 0.424, 0.412, 0.437, 0.426, 0.423, 0.416, 0.403, 0.404, 0.405, 0.402, 0.4, 0.398, 0.409, 0.392, 0.384, 0.388, 0.388, 0.392, 0.379, 0.375, 0.349, 0.359, 0.338, 0.337, 0.317, 0.315, 0.322, 0.295, 0.276, 0.254, 0.244, 0.235, 0.238, 0.251, 0.264, 0.25, 0.239, 0.243, 0.213, 0.199, 0.156, 0.138, 0.124, 0.117, 0.106, 0.11, 0.108, 0.11, 0.136, 0.127, 0.124, 0.105, 0.089, 0.077, 0.077, 0.103, 0.082, 0.048, 0.047, 0.057, 0.052, 0.046, 0.041, 0.048, 0.064, 0.063, 0.047, 0.034, 0.049, 0.057, 0.084, 0.084, 0.093, 0.112, 0.103, 0.125, 0.143, 0.14, 0.112
precipitation[0][87], 0.13, 0.127, 0.141, 0.135, 0.151, 0.161, 0.168, 0.17, 0.18, 0.192, 0.19, 0.196, 0.187, 0.18, 0.179, 0.211, 0.181, 0.172, 0.173, 0.159, 0.161, 0.154, 0.149, 0.153, 0.159, 0.16, 0.165, 0.185, 0.207, 0.227, 0.241, 0.233, 0.254, 0.26, 0.288, 0.274, 0.293, 0.299, 0.314, 0.332, 0.344, 0.353, 0.365, 0.362, 0.369, 0.381, 0.398, 0.415, 0.409, 0.43, 0.442, 0.463, 0.476, 0.454, 0.474, 0.456, 0.429, 0.405, 0.374, 0.386, 0.385, 0.384, 0.38, 0.392, 0.395, 0.377, 0.383, 0.375, 0.383, 0.379, 0.4, 0.409, 0.414, 0.439, 0.449, 0.462, 0.418, 0.409, 0.405, 0.515, 0.525, 0.49, 0.397, 0.375, 0.388, 0.417, 0.434, 0.436, 0.426, 0.413, 0.426, 0.47, 0.462, 0.433, 0.447, 0.464, 0.451, 0.456, 0.431, 0.431, 0.433, 0.405, 0.402, 0.404, 0.415, 0.417, 0.428, 0.406, 0.425, 0.433, 0.43, 0.419, 0.413, 0.408, 0.402, 0.393, 0.388, 0.396, 0.412, 0.413, 0.405, 0.419, 0.409, 0.383, 0.382, 0.358, 0.34, 0.336, 0.328, 0.325, 0.325, 0.323, 0.307, 0.297, 0.279, 0.276, 0.259, 0.232, 0.223, 0.228, 0.208, 0.237, 0.204, 0.179, 0.163, 0.151, 0.133, 0.132, 0.125, 0.11, 0.107, 0.11, 0.1, 0.117, 0.127, 0.136, 0.128, 0.152, 0.118, 0.087, 0.112, 0.089, 0.1, 0.072, 0.055, 0.041, 0.042, 0.029, 0.028, 0.043, 0.068, 0.07, 0.045, 0.046, 0.054, 0.063, 0.077, 0.089, 0.101, 0.094, 0.093, 0.127, 0.13, 0.163, 0.131
precipitation[0][88], 0.125, 0.118, 0.12, 0.13, 0.151, 0.149, 0.167, 0.167, 0.169, 0.171, 0.183, 0.188, 0.18, 0.175, 0.183, 0.198, 0.19, 0.175, 0.167, 0.154, 0.145, 0.15, 0.151, 0.148, 0.144, 0.164, 0.168, 0.189, 0.222, 0.237, 0.245, 0.246, 0.253, 0.264, 0.295, 0.29, 0.295, 0.309, 0.326, 0.341, 0.352, 0.346, 0.351, 0.363, 0.368, 0.367, 0.367, 0.395, 0.384, 0.406, 0.429, 0.456, 0.475, 0.461, 0.48, 0.452, 0.432, 0.414, 0.382, 0.395, 0.387, 0.393, 0.394, 0.393, 0.392, 0.378, 0.379, 0.386, 0.399, 0.422, 0.436, 0.43, 0.424, 0.437, 0.458, 0.459, 0.427, 0.409, 0.404, 0.505, 0.523, 0.422, 0.383, 0.375, 0.378, 0.422, 0.452, 0.426, 0.427, 0.406, 0.426, 0.469, 0.462, 0.436, 0.441, 0.456, 0.45, 0.456, 0.419, 0.42, 0.425, 0.426, 0.41, 0.397, 0.408, 0.407, 0.421, 0.411, 0.409, 0.429, 0.426, 0.424, 0.433, 0.413, 0.397, 0.388, 0.378, 0.388, 0.396, 0.413, 0.396, 0.392, 0.403, 0.379, 0.365, 0.339, 0.338, 0.343, 0.336, 0.338, 0.31, 0.318, 0.32, 0.3, 0.293, 0.299, 0.269, 0.227, 0.222, 0.21, 0.197, 0.194, 0.185, 0.159, 0.149, 0.139, 0.125, 0.122, 0.121, 0.113, 0.116, 0.111, 0.099, 0.117, 0.123, 0.136, 0.124, 0.152, 0.138, 0.099, 0.117, 0.105, 0.111, 0.082, 0.061, 0.051, 0.034, 0.03, 0.048, 0.047, 0.056, 0.058, 0.056, 0.046, 0.062, 0.079, 0.102, 0.106, 0.106, 0.098, 0.098, 0.102, 0.12, 0.128, 0.113
precipitation[0][89], 0.127, 0.109, 0.113, 0.138, 0.144, 0.163, 0.165, 0.154, 0.158, 0.171, 0.173, 0.187, 0.182, 0.183, 0.2, 0.215, 0.197, 0.187, 0.182, 0.154, 0.146, 0.146, 0.141, 0.149, 0.149, 0.159, 0.179, 0.198, 0.216, 0.224, 0.259, 0.259, 0.266, 0.273, 0.307, 0.3, 0.307, 0.319, 0.337, 0.346, 0.364, 0.352, 0.349, 0.357, 0.361, 0.361, 0.352, 0.351, 0.381, 0.411, 0.42, 0.442, 0.453, 0.452, 0.469, 0.443, 0.416, 0.429, 0.393, 0.405, 0.397, 0.404, 0.402, 0.391, 0.395, 0.38, 0.387, 0.401, 0.416, 0.425, 0.422, 0.428, 0.408, 0.421, 0.44, 0.425, 0.407, 0.389, 0.401, 0.438, 0.423, 0.411, 0.387, 0.368, 0.371, 0.408, 0.438, 0.444, 0.453, 0.398, 0.414, 0.435, 0.435, 0.44, 0.441, 0.454, 0.441, 0.434, 0.431, 0.43, 0.433, 0.425, 0.413, 0.409, 0.425, 0.427, 0.422, 0.416, 0.408, 0.42, 0.422, 0.423, 0.426, 0.393, 0.388, 0.389, 0.393, 0.4, 0.401, 0.414, 0.406, 0.42, 0.433, 0.378, 0.373, 0.35, 0.342, 0.346, 0.343, 0.335, 0.319, 0.313, 0.324, 0.304, 0.301, 0.298, 0.263, 0.237, 0.222, 0.201, 0.179, 0.171, 0.184, 0.151, 0.139, 0.13, 0.123, 0.125, 0.117, 0.107, 0.106, 0.097, 0.089, 0.101, 0.125, 0.131, 0.109, 0.123, 0.124, 0.091, 0.068, 0.105, 0.087, 0.111, 0.075, 0.049, 0.044, 0.038, 0.053, 0.061, 0.093, 0.084, 0.098, 0.091, 0.072, 0.081, 0.11, 0.116, 0.113, 0.11, 0.115, 0.119, 0.129, 0.125, 0.13
precipitation[0][90], 0.122, 0.11, 0.122, 0.148, 0.179, 0.158, 0.168, 0.161, 0.165, 0.171, 0.177, 0.17, 0.178, 0.174, 0.193, 0.197, 0.191, 0.179, 0.169, 0.151, 0.138, 0.143, 0.137, 0.144, 0.154, 0.165, 0.181, 0.2, 0.22, 0.24, 0.262, 0.271, 0.287, 0.3, 0.312, 0.315, 0.328, 0.328, 0.349, 0.344, 0.36, 0.341, 0.337, 0.341, 0.356, 0.354, 0.354, 0.356, 0.386, 0.427, 0.42, 0.424, 0.429, 0.424, 0.432, 0.429, 0.432, 0.453, 0.402, 0.425, 0.405, 0.398, 0.387, 0.398, 0.395, 0.394, 0.393, 0.406, 0.435, 0.456, 0.447, 0.435, 0.404, 0.402, 0.408, 0.405, 0.387, 0.388, 0.405, 0.404, 0.393, 0.39, 0.377, 0.372, 0.38, 0.389, 0.431, 0.427, 0.409, 0.399, 0.414, 0.437, 0.423, 0.443, 0.44, 0.438, 0.442, 0.433, 0.439, 0.443, 0.425, 0.408, 0.41, 0.41, 0.426, 0.432, 0.417, 0.411, 0.422, 0.412, 0.408, 0.404, 0.422, 0.393, 0.385, 0.382, 0.378, 0.387, 0.383, 0.391, 0.401, 0.403, 0.38, 0.409, 0.389, 0.361, 0.353, 0.357, 0.352, 0.341, 0.329, 0.313, 0.317, 0.308, 0.293, 0.285, 0.271, 0.246, 0.244, 0.216, 0.176, 0.172, 0.163, 0.144, 0.134, 0.126, 0.126, 0.123, 0.108, 0.101, 0.1, 0.097, 0.093, 0.092, 0.113, 0.124, 0.112, 0.119, 0.111, 0.102, 0.065, 0.104, 0.133, 0.096, 0.064, 0.051, 0.058, 0.056, 0.065, 0.105, 0.123, 0.119, 0.132, 0.138, 0.128, 0.118, 0.134, 0.145, 0.139, 0.13, 0.146, 0.15, 0.146, 0.145, 0.14
precipitation[0][91], 0.116, 0.116, 0.12, 0.139, 0.162, 0.147, 0.158, 0.163, 0.159, 0.171, 0.176, 0.167, 0.168, 0.172, 0.192, 0.206, 0.207, 0.196, 0.173, 0.154, 0.147, 0.148, 0.145, 0.147, 0.169, 0.178, 0.193, 0.212, 0.236, 0.259, 0.28, 0.31, 0.301, 0.306, 0.315, 0.327, 0.34, 0.327, 0.35, 0.353, 0.366, 0.347, 0.351, 0.346, 0.377, 0.373, 0.367, 0.364, 0.396, 0.424, 0.425, 0.431, 0.42, 0.411, 0.44, 0.442, 0.449, 0.455, 0.415, 0.419, 0.404, 0.399, 0.398, 0.413, 0.44, 0.411, 0.395, 0.421, 0.452, 0.475, 0.463, 0.434, 0.416, 0.419, 0.401, 0.376, 0.377, 0.39, 0.405, 0.398, 0.383, 0.383, 0.378, 0.376, 0.39, 0.405, 0.433, 0.423, 0.421, 0.419, 0.413, 0.436, 0.434, 0.453, 0.463, 0.452, 0.452, 0.451, 0.444, 0.431, 0.418, 0.411, 0.409, 0.415, 0.415, 0.422, 0.414, 0.434, 0.415, 0.408, 0.398, 0.393, 0.386, 0.38, 0.379, 0.373, 0.369, 0.387, 0.381, 0.403, 0.391, 0.388, 0.374, 0.368, 0.365, 0.365, 0.362, 0.371, 0.363, 0.349, 0.339, 0.324, 0.313, 0.303, 0.306, 0.295, 0.284, 0.264, 0.252, 0.227, 0.203, 0.179, 0.162, 0.151, 0.144, 0.139, 0.138, 0.129, 0.113, 0.111, 0.116, 0.101, 0.098, 0.1, 0.108, 0.095, 0.092, 0.1, 0.104, 0.08, 0.072, 0.091, 0.12, 0.056, 0.049, 0.056, 0.067, 0.074, 0.102, 0.116, 0.167, 0.112, 0.118, 0.16, 0.134, 0.135, 0.144, 0.171, 0.194, 0.189, 0.208, 0.226, 0.181, 0.217, 0.182
precipitation[0][92], 0.118, 0.121, 0.114, 0.124, 0.125, 0.136, 0.141, 0.147, 0.151, 0.169, 0.18, 0.184, 0.17, 0.178, 0.199, 0.21, 0.198, 0.183, 0.165, 0.162, 0.157, 0.158, 0.154, 0.157, 0.168, 0.181, 0.206, 0.226, 0.251, 0.281, 0.29, 0.299, 0.338, 0.311, 0.311, 0.322, 0.352, 0.355, 0.367, 0.364, 0.382, 0.354, 0.352, 0.35, 0.37, 0.365, 0.364, 0.361, 0.387, 0.403, 0.42, 0.433, 0.426, 0.418, 0.409, 0.404, 0.399, 0.423, 0.418, 0.423, 0.4, 0.383, 0.383, 0.419, 0.428, 0.411, 0.421, 0.431, 0.457, 0.474, 0.474, 0.447, 0.427, 0.414, 0.4, 0.376, 0.379, 0.395, 0.399, 0.391, 0.382, 0.371, 0.374, 0.387, 0.391, 0.417, 0.449, 0.445, 0.435, 0.455, 0.467, 0.46, 0.447, 0.455, 0.462, 0.467, 0.466, 0.476, 0.451, 0.442, 0.428, 0.423, 0.419, 0.417, 0.417, 0.418, 0.426, 0.441, 0.42, 0.404, 0.391, 0.383, 0.368, 0.361, 0.359, 0.363, 0.363, 0.368, 0.366, 0.375, 0.372, 0.366, 0.357, 0.35, 0.352, 0.362, 0.37, 0.38, 0.37, 0.351, 0.345, 0.323, 0.309, 0.311, 0.308, 0.305, 0.286, 0.279, 0.263, 0.239, 0.217, 0.197, 0.177, 0.166, 0.157, 0.161, 0.153, 0.127, 0.111, 0.111, 0.099, 0.105, 0.102, 0.11, 0.11, 0.092, 0.09, 0.112, 0.11, 0.076, 0.075, 0.053, 0.05, 0.067, 0.042, 0.103, 0.091, 0.091, 0.092, 0.162, 0.177, 0.196, 0.217, 0.176, 0.128, 0.14, 0.153, 0.24, 0.26, 0.274, 0.256, 0.272, 0.281, 0.23, 0.208
precipitation[0][93], 0.114, 0.116, 0.11, 0.116, 0.125, 0.135, 0.137, 0.146, 0.159, 0.179, 0.172, 0.171, 0.179, 0.202, 0.209, 0.208, 0.195, 0.186, 0.175, 0.157, 0.164, 0.164, 0.178, 0.178, 0.182, 0.197, 0.215, 0.229, 0.25, 0.268, 0.293, 0.302, 0.323, 0.33, 0.321, 0.329, 0.36, 0.362, 0.377, 0.36, 0.375, 0.356, 0.365, 0.373, 0.381, 0.363, 0.362, 0.365, 0.383, 0.406, 0.425, 0.407, 0.43, 0.422, 0.398, 0.383, 0.447, 0.437, 0.413, 0.439, 0.447, 0.404, 0.413, 0.422, 0.409, 0.422, 0.435, 0.456, 0.462, 0.474, 0.467, 0.448, 0.412, 0.394, 0.382, 0.371, 0.38, 0.408, 0.411, 0.382, 0.377, 0.386, 0.383, 0.381, 0.401, 0.406, 0.432, 0.454, 0.453, 0.478, 0.514, 0.464, 0.475, 0.487, 0.488, 0.483, 0.456, 0.466, 0.444, 0.445, 0.449, 0.439, 0.435, 0.441, 0.412, 0.422, 0.422, 0.436, 0.417, 0.402, 0.386, 0.369, 0.352, 0.355, 0.367, 0.365, 0.366, 0.37, 0.355, 0.358, 0.36, 0.355, 0.351, 0.346, 0.35, 0.359, 0.368, 0.376, 0.365, 0.357, 0.348, 0.336, 0.331, 0.314, 0.311, 0.302, 0.301, 0.289, 0.267, 0.252, 0.226, 0.216, 0.202, 0.196, 0.19, 0.16, 0.144, 0.131, 0.116, 0.111, 0.1, 0.106, 0.091, 0.107, 0.099, 0.086, 0.091, 0.098, 0.1, 0.088, 0.076, 0.059, 0.051, 0.052, 0.07, 0.092, 0.113, 0.105, 0.104, 0.095, 0.119, 0.18, 0.157, 0.166, 0.137, 0.142, 0.146, 0.204, 0.255, 0.256, 0.303, 0.33, 0.288, 0.228, 0.215
precipitation[0][94], 0.107, 0.117, 0.112, 0.117, 0.124, 0.138, 0.143, 0.149, 0.165, 0.174, 0.193, 0.189, 0.201, 0.222, 0.198, 0.195, 0.195, 0.193, 0.183, 0.172, 0.184, 0.195, 0.2, 0.19, 0.207, 0.209, 0.219, 0.225, 0.244, 0.259, 0.296, 0.314, 0.33, 0.338, 0.33, 0.366, 0.41, 0.39, 0.388, 0.355, 0.36, 0.369, 0.372, 0.383, 0.399, 0.362, 0.354, 0.357, 0.359, 0.394, 0.401, 0.398, 0.413, 0.4, 0.407, 0.371, 0.399, 0.405, 0.423, 0.468, 0.464, 0.416, 0.423, 0.422, 0.418, 0.431, 0.454, 0.458, 0.467, 0.476, 0.467, 0.449, 0.434, 0.412, 0.397, 0.367, 0.374, 0.403, 0.414, 0.392, 0.388, 0.395, 0.389, 0.379, 0.411, 0.421, 0.432, 0.44, 0.447, 0.448, 0.46, 0.488, 0.484, 0.454, 0.455, 0.462, 0.453, 0.452, 0.451, 0.459, 0.458, 0.459, 0.448, 0.456, 0.418, 0.409, 0.408, 0.413, 0.397, 0.387, 0.375, 0.355, 0.347, 0.35, 0.348, 0.365, 0.37, 0.363, 0.351, 0.353, 0.357, 0.361, 0.351, 0.338, 0.344, 0.357, 0.362, 0.383, 0.377, 0.361, 0.354, 0.35, 0.342, 0.341, 0.327, 0.329, 0.336, 0.336, 0.296, 0.272, 0.259, 0.238, 0.216, 0.201, 0.187, 0.159, 0.149, 0.139, 0.119, 0.11, 0.097, 0.094, 0.092, 0.101, 0.104, 0.096, 0.093, 0.089, 0.093, 0.072, 0.078, 0.066, 0.06, 0.066, 0.078, 0.088, 0.109, 0.114, 0.089, 0.118, 0.12, 0.109, 0.134, 0.123, 0.119, 0.122, 0.135, 0.156, 0.204, 0.205, 0.227, 0.222, 0.264, 0.164, 0.156
precipitation[0][95], 0.102, 0.112, 0.113, 0.115, 0.124, 0.135, 0.148, 0.163, 0.163, 0.168, 0.188, 0.204, 0.199, 0.191, 0.194, 0.186, 0.187, 0.191, 0.187, 0.184, 0.191, 0.208, 0.225, 0.217, 0.206, 0.211, 0.213, 0.222, 0.246, 0.267, 0.288, 0.311, 0.332, 0.333, 0.318, 0.356, 0.373, 0.391, 0.397, 0.391, 0.37, 0.371, 0.36, 0.355, 0.365, 0.357, 0.358, 0.359, 0.362, 0.379, 0.378, 0.368, 0.376, 0.413, 0.391, 0.383, 0.357, 0.355, 0.402, 0.432, 0.46, 0.425, 0.421, 0.422, 0.435, 0.426, 0.448, 0.463, 0.48, 0.459, 0.463, 0.445, 0.42, 0.402, 0.389, 0.37, 0.37, 0.381, 0.396, 0.386, 0.377, 0.379, 0.377, 0.382, 0.391, 0.404, 0.434, 0.449, 0.462, 0.464, 0.473, 0.475, 0.46, 0.454, 0.456, 0.466, 0.459, 0.477, 0.468, 0.486, 0.471, 0.472, 0.488, 0.498, 0.421, 0.404, 0.407, 0.398, 0.382, 0.373, 0.368, 0.35, 0.342, 0.342, 0.347, 0.366, 0.367, 0.351, 0.342, 0.34, 0.346, 0.351, 0.352, 0.344, 0.348, 0.354, 0.361, 0.377, 0.371, 0.363, 0.362, 0.362, 0.355, 0.352, 0.359, 0.339, 0.343, 0.331, 0.312, 0.285, 0.275, 0.244, 0.226, 0.209, 0.193, 0.186, 0.153, 0.141, 0.12, 0.103, 0.098, 0.086, 0.08, 0.085, 0.099, 0.109, 0.113, 0.118, 0.081, 0.07, 0.078, 0.065, 0.063, 0.069, 0.085, 0.115, 0.133, 0.139, 0.108, 0.118, 0.116, 0.13, 0.161, 0.138, 0.096, 0.108, 0.123, 0.129, 0.151, 0.173, 0.216, 0.178, 0.187, 0.16, 0.159
precipitation[0][96], 0.108, 0.113, 0.109, 0.119, 0.123, 0.124, 0.13, 0.143, 0.153, 0.168, 0.183, 0.182, 0.18, 0.176, 0.178, 0.178, 0.179, 0.179, 0.175, 0.176, 0.184, 0.202, 0.209, 0.204, 0.197, 0.208, 0.213, 0.23, 0.242, 0.263, 0.289, 0.308, 0.317, 0.307, 0.313, 0.342, 0.37, 0.373, 0.393, 0.383, 0.359, 0.371, 0.353, 0.334, 0.339, 0.324, 0.328, 0.325, 0.333, 0.335, 0.335, 0.351, 0.358, 0.366, 0.343, 0.348, 0.357, 0.341, 0.367, 0.387, 0.409, 0.394, 0.39, 0.394, 0.415, 0.421, 0.434, 0.452, 0.457, 0.446, 0.443, 0.435, 0.416, 0.405, 0.389, 0.383, 0.375, 0.361, 0.371, 0.371, 0.369, 0.375, 0.372, 0.376, 0.398, 0.417, 0.464, 0.478, 0.482, 0.488, 0.477, 0.479, 0.449, 0.438, 0.452, 0.478, 0.475, 0.47, 0.486, 0.5, 0.482, 0.493, 0.495, 0.476, 0.421, 0.399, 0.394, 0.386, 0.371, 0.365, 0.358, 0.351, 0.338, 0.341, 0.352, 0.353, 0.348, 0.341, 0.327, 0.334, 0.344, 0.331, 0.327, 0.333, 0.333, 0.342, 0.355, 0.373, 0.356, 0.357, 0.365, 0.365, 0.363, 0.369, 0.36, 0.343, 0.338, 0.312, 0.305, 0.298, 0.272, 0.245, 0.234, 0.209, 0.188, 0.17, 0.146, 0.134, 0.126, 0.107, 0.094, 0.084, 0.068, 0.083, 0.088, 0.111, 0.092, 0.095, 0.123, 0.115, 0.086, 0.069, 0.061, 0.073, 0.102, 0.1, 0.105, 0.124, 0.104, 0.105, 0.075, 0.101, 0.117, 0.125, 0.116, 0.092, 0.095, 0.107, 0.117, 0.166, 0.159, 0.148, 0.165, 0.15, 0.177
precipitation[0][97], 0.103, 0.108, 0.104, 0.12, 0.121, 0.129, 0.129, 0.138, 0.146, 0.154, 0.173, 0.173, 0.18, 0.181, 0.174, 0.18, 0.183, 0.189, 0.184, 0.188, 0.182, 0.189, 0.205, 0.201, 0.208, 0.213, 0.222, 0.224, 0.248, 0.265, 0.299, 0.296, 0.298, 0.294, 0.308, 0.353, 0.363, 0.363, 0.36, 0.365, 0.354, 0.372, 0.352, 0.345, 0.333, 0.319, 0.319, 0.331, 0.334, 0.33, 0.331, 0.343, 0.321, 0.315, 0.317, 0.337, 0.346, 0.345, 0.363, 0.355, 0.358, 0.366, 0.374, 0.374, 0.393, 0.406, 0.42, 0.437, 0.451, 0.436, 0.445, 0.439, 0.426, 0.408, 0.393, 0.388, 0.386, 0.375, 0.381, 0.396, 0.403, 0.387, 0.367, 0.369, 0.398, 0.438, 0.46, 0.494, 0.492, 0.509, 0.495, 0.502, 0.462, 0.452, 0.464, 0.486, 0.477, 0.508, 0.538, 0.529, 0.511, 0.5, 0.508, 0.486, 0.419, 0.388, 0.379, 0.375, 0.364, 0.342, 0.343, 0.338, 0.332, 0.335, 0.344, 0.341, 0.335, 0.327, 0.323, 0.327, 0.341, 0.338, 0.321, 0.325, 0.323, 0.326, 0.345, 0.357, 0.346, 0.36, 0.366, 0.376, 0.383, 0.382, 0.361, 0.352, 0.351, 0.336, 0.329, 0.316, 0.294, 0.274, 0.256, 0.221, 0.19, 0.163, 0.147, 0.134, 0.115, 0.102, 0.093, 0.087, 0.077, 0.08, 0.095, 0.08, 0.073, 0.091, 0.077, 0.077, 0.074, 0.085, 0.065, 0.065, 0.081, 0.09, 0.095, 0.115, 0.087, 0.057, 0.051, 0.091, 0.098, 0.144, 0.152, 0.173, 0.158, 0.095, 0.114, 0.127, 0.119, 0.123, 0.124, 0.137, 0.137
precipitation[0][98], 0.095, 0.1, 0.103, 0.114, 0.123, 0.128, 0.14, 0.16, 0.155, 0.154, 0.155, 0.167, 0.177, 0.169, 0.167, 0.179, 0.182, 0.192, 0.19, 0.184, 0.18, 0.186, 0.199, 0.201, 0.21, 0.219, 0.237, 0.258, 0.259, 0.272, 0.285, 0.286, 0.302, 0.308, 0.302, 0.314, 0.33, 0.354, 0.356, 0.372, 0.371, 0.369, 0.35, 0.338, 0.319, 0.31, 0.311, 0.333, 0.362, 0.351, 0.336, 0.317, 0.301, 0.307, 0.314, 0.332, 0.335, 0.344, 0.352, 0.351, 0.348, 0.364, 0.38, 0.378, 0.393, 0.412, 0.402, 0.414, 0.435, 0.451, 0.445, 0.425, 0.424, 0.406, 0.384, 0.392, 0.399, 0.373, 0.379, 0.412, 0.42, 0.386, 0.388, 0.387, 0.411, 0.46, 0.478, 0.497, 0.523, 0.507, 0.498, 0.504, 0.502, 0.497, 0.485, 0.482, 0.482, 0.482, 0.522, 0.543, 0.51, 0.505, 0.507, 0.465, 0.409, 0.366, 0.35, 0.348, 0.341, 0.338, 0.322, 0.324, 0.316, 0.322, 0.323, 0.327, 0.331, 0.321, 0.315, 0.323, 0.322, 0.319, 0.309, 0.32, 0.323, 0.325, 0.337, 0.356, 0.354, 0.385, 0.358, 0.375, 0.388, 0.382, 0.37, 0.355, 0.35, 0.348, 0.335, 0.319, 0.313, 0.295, 0.269, 0.23, 0.201, 0.171, 0.15, 0.133, 0.115, 0.103, 0.089, 0.074, 0.062, 0.077, 0.082, 0.08, 0.074, 0.074, 0.077, 0.085, 0.073, 0.061, 0.06, 0.062, 0.064, 0.062, 0.066, 0.038, 0.038, 0.039, 0.045, 0.063, 0.084, 0.092, 0.16, 0.113, 0.155, 0.083, 0.09, 0.103, 0.113, 0.146, 0.114, 0.125, 0.158
precipitation[0][99], 0.095, 0.096, 0.098, 0.103, 0.107, 0.115, 0.12, 0.13, 0.134, 0.142, 0.149, 0.152, 0.163, 0.16, 0.15, 0.165, 0.178, 0.19, 0.202, 0.19, 0.182, 0.185, 0.191, 0.203, 0.221, 0.238, 0.251, 0.271, 0.285, 0.3, 0.301, 0.305, 0.306, 0.321, 0.316, 0.32, 0.339, 0.341, 0.338, 0.343, 0.349, 0.359, 0.357, 0.36, 0.337, 0.312, 0.324, 0.343, 0.33, 0.323, 0.316, 0.313, 0.293, 0.303, 0.31, 0.325, 0.334, 0.342, 0.35, 0.357, 0.355, 0.351, 0.366, 0.387, 0.407, 0.409, 0.392, 0.398, 0.419, 0.413, 0.424, 0.411, 0.411, 0.406, 0.392, 0.394, 0.399, 0.373, 0.387, 0.396, 0.398, 0.383, 0.397, 0.392, 0.404, 0.448, 0.492, 0.492, 0.514, 0.513, 0.535, 0.532, 0.509, 0.52, 0.504, 0.511, 0.479, 0.481, 0.512, 0.522, 0.515, 0.516, 0.49, 0.438, 0.409, 0.362, 0.335, 0.332, 0.331, 0.323, 0.324, 0.323, 0.305, 0.308, 0.311, 0.31, 0.316, 0.304, 0.307, 0.319, 0.309, 0.307, 0.308, 0.308, 0.306, 0.313, 0.34, 0.347, 0.35, 0.378, 0.388, 0.376, 0.389, 0.366, 0.362, 0.353, 0.347, 0.338, 0.334, 0.32, 0.313, 0.302, 0.281, 0.254, 0.22, 0.185, 0.159, 0.142, 0.122, 0.104, 0.09, 0.074, 0.065, 0.068, 0.07, 0.077, 0.074, 0.07, 0.072, 0.073, 0.072, 0.064, 0.065, 0.06, 0.03, 0.029, 0.029, 0.023, 0.035, 0.038, 0.047, 0.06, 0.076, 0.087, 0.091, 0.09, 0.069, 0.069, 0.066, 0.08, 0.105, 0.14, 0.097, 0.167, 0.137
precipitation[0][100], 0.093, 0.094, 0.096, 0.099, 0.104, 0.111, 0.117, 0.128, 0.133, 0.138, 0.142, 0.141, 0.146, 0.145, 0.146, 0.149, 0.17, 0.197, 0.203, 0.191, 0.194, 0.218, 0.215, 0.226, 0.228, 0.251, 0.282, 0.323, 0.312, 0.305, 0.301, 0.337, 0.316, 0.328, 0.323, 0.327, 0.35, 0.349, 0.354, 0.365, 0.354, 0.373, 0.358, 0.346, 0.337, 0.313, 0.308, 0.31, 0.337, 0.316, 0.317, 0.284, 0.28, 0.288, 0.299, 0.314, 0.318, 0.329, 0.339, 0.353, 0.334, 0.345, 0.36, 0.36, 0.384, 0.382, 0.389, 0.392, 0.433, 0.443, 0.404, 0.396, 0.398, 0.401, 0.389, 0.401, 0.413, 0.396, 0.395, 0.401, 0.418, 0.411, 0.417, 0.44, 0.437, 0.468, 0.508, 0.483, 0.524, 0.536, 0.547, 0.551, 0.525, 0.504, 0.519, 0.513, 0.491, 0.485, 0.5, 0.499, 0.516, 0.551, 0.563, 0.436, 0.403, 0.341, 0.335, 0.324, 0.307, 0.304, 0.313, 0.304, 0.305, 0.304, 0.314, 0.3, 0.289, 0.282, 0.299, 0.313, 0.31, 0.312, 0.308, 0.308, 0.312, 0.313, 0.332, 0.35, 0.359, 0.362, 0.372, 0.362, 0.36, 0.364, 0.361, 0.355, 0.343, 0.333, 0.331, 0.326, 0.33, 0.317, 0.29, 0.267, 0.235, 0.199, 0.174, 0.146, 0.13, 0.108, 0.086, 0.071, 0.059, 0.06, 0.07, 0.079, 0.073, 0.083, 0.09, 0.106, 0.08, 0.073, 0.072, 0.026, 0.028, 0.026, 0.03, 0.027, 0.029, 0.033, 0.044, 0.082, 0.106, 0.125, 0.101, 0.077, 0.062, 0.056, 0.062, 0.055, 0.081, 0.105, 0.113, 0.117, 0.111
precipitation[0][101], 0.1, 0.1, 0.099, 0.1, 0.113, 0.122, 0.131, 0.142, 0.138, 0.137, 0.14, 0.143, 0.145, 0.144, 0.146, 0.149, 0.169, 0.193, 0.196, 0.182, 0.188, 0.218, 0.237, 0.237, 0.239, 0.253, 0.271, 0.312, 0.297, 0.301, 0.324, 0.338, 0.322, 0.338, 0.34, 0.338, 0.341, 0.356, 0.34, 0.358, 0.354, 0.359, 0.364, 0.368, 0.348, 0.333, 0.315, 0.349, 0.314, 0.306, 0.316, 0.289, 0.29, 0.286, 0.295, 0.294, 0.3, 0.333, 0.33, 0.334, 0.333, 0.352, 0.366, 0.356, 0.371, 0.373, 0.375, 0.381, 0.43, 0.401, 0.401, 0.407, 0.4, 0.4, 0.41, 0.417, 0.425, 0.416, 0.421, 0.427, 0.443, 0.447, 0.459, 0.475, 0.468, 0.504, 0.523, 0.501, 0.513, 0.517, 0.56, 0.544, 0.516, 0.521, 0.531, 0.523, 0.509, 0.505, 0.493, 0.508, 0.518, 0.519, 0.488, 0.46, 0.418, 0.35, 0.339, 0.333, 0.308, 0.301, 0.322, 0.319, 0.312, 0.318, 0.304, 0.297, 0.289, 0.281, 0.299, 0.308, 0.312, 0.309, 0.301, 0.312, 0.314, 0.318, 0.327, 0.347, 0.347, 0.371, 0.381, 0.373, 0.365, 0.369, 0.36, 0.362, 0.356, 0.343, 0.327, 0.322, 0.319, 0.298, 0.285, 0.264, 0.239, 0.207, 0.181, 0.16, 0.136, 0.116, 0.094, 0.071, 0.061, 0.064, 0.071, 0.075, 0.084, 0.105, 0.126, 0.116, 0.088, 0.088, 0.085, 0.05, 0.03, 0.028, 0.03, 0.058, 0.058, 0.059, 0.077, 0.092, 0.131, 0.127, 0.078, 0.092, 0.057, 0.05, 0.047, 0.048, 0.066, 0.082, 0.121, 0.142, 0.117
precipitation[0][102], 0.107, 0.105, 0.105, 0.113, 0.116, 0.132, 0.142, 0.149, 0.155, 0.149, 0.153, 0.149, 0.156, 0.152, 0.151, 0.154, 0.176, 0.19, 0.193, 0.184, 0.189, 0.208, 0.218, 0.23, 0.233, 0.242, 0.26, 0.282, 0.285, 0.289, 0.307, 0.325, 0.319, 0.323, 0.317, 0.318, 0.311, 0.332, 0.328, 0.349, 0.352, 0.36, 0.375, 0.376, 0.368, 0.396, 0.351, 0.356, 0.319, 0.308, 0.319, 0.309, 0.295, 0.292, 0.286, 0.298, 0.314, 0.334, 0.342, 0.342, 0.353, 0.344, 0.358, 0.354, 0.363, 0.362, 0.361, 0.404, 0.404, 0.411, 0.41, 0.424, 0.415, 0.411, 0.428, 0.442, 0.442, 0.433, 0.45, 0.449, 0.457, 0.47, 0.49, 0.52, 0.513, 0.545, 0.557, 0.511, 0.549, 0.55, 0.564, 0.541, 0.524, 0.521, 0.512, 0.508, 0.492, 0.501, 0.476, 0.482, 0.491, 0.455, 0.471, 0.452, 0.407, 0.365, 0.359, 0.343, 0.318, 0.307, 0.301, 0.302, 0.309, 0.319, 0.291, 0.316, 0.29, 0.285, 0.299, 0.31, 0.312, 0.304, 0.312, 0.315, 0.324, 0.316, 0.318, 0.341, 0.353, 0.367, 0.365, 0.37, 0.366, 0.368, 0.367, 0.354, 0.345, 0.323, 0.325, 0.319, 0.321, 0.306, 0.283, 0.259, 0.234, 0.205, 0.184, 0.164, 0.146, 0.117, 0.101, 0.085, 0.078, 0.086, 0.078, 0.078, 0.087, 0.152, 0.109, 0.108, 0.09, 0.088, 0.087, 0.081, 0.08, 0.079, 0.087, 0.093, 0.109, 0.102, 0.138, 0.113, 0.144, 0.128, 0.068, 0.071, 0.062, 0.049, 0.049, 0.053, 0.077, 0.095, 0.105, 0.119, 0.104
precipitation[0][103], 0.107, 0.103, 0.115, 0.123, 0.128, 0.135, 0.147, 0.156, 0.168, 0.163, 0.184, 0.185, 0.181, 0.166, 0.161, 0.164, 0.179, 0.189, 0.188, 0.191, 0.191, 0.2, 0.22, 0.228, 0.229, 0.236, 0.252, 0.268, 0.272, 0.289, 0.311, 0.317, 0.299, 0.31, 0.302, 0.304, 0.313, 0.316, 0.326, 0.334, 0.344, 0.351, 0.358, 0.373, 0.353, 0.343, 0.332, 0.335, 0.316, 0.334, 0.34, 0.327, 0.312, 0.291, 0.287, 0.307, 0.324, 0.337, 0.345, 0.351, 0.364, 0.364, 0.361, 0.357, 0.362, 0.358, 0.36, 0.382, 0.396, 0.418, 0.415, 0.436, 0.426, 0.431, 0.443, 0.463, 0.456, 0.456, 0.457, 0.47, 0.462, 0.507, 0.524, 0.533, 0.553, 0.565, 0.563, 0.535, 0.554, 0.604, 0.573, 0.558, 0.549, 0.518, 0.507, 0.497, 0.49, 0.484, 0.495, 0.48, 0.474, 0.45, 0.455, 0.43, 0.402, 0.371, 0.356, 0.348, 0.32, 0.318, 0.314, 0.311, 0.305, 0.324, 0.313, 0.303, 0.311, 0.307, 0.322, 0.319, 0.309, 0.306, 0.31, 0.323, 0.329, 0.32, 0.316, 0.346, 0.366, 0.367, 0.351, 0.362, 0.364, 0.366, 0.366, 0.359, 0.347, 0.327, 0.324, 0.324, 0.329, 0.31, 0.291, 0.255, 0.235, 0.213, 0.182, 0.162, 0.143, 0.126, 0.108, 0.096, 0.081, 0.089, 0.096, 0.095, 0.097, 0.124, 0.092, 0.087, 0.09, 0.111, 0.104, 0.088, 0.09, 0.116, 0.118, 0.114, 0.116, 0.134, 0.129, 0.114, 0.116, 0.077, 0.068, 0.065, 0.057, 0.047, 0.049, 0.052, 0.075, 0.084, 0.108, 0.088, 0.088
precipitation[0][104], 0.108, 0.11, 0.124, 0.126, 0.129, 0.144, 0.16, 0.167, 0.171, 0.187, 0.195, 0.198, 0.195, 0.183, 0.174, 0.173, 0.184, 0.192, 0.186, 0.181, 0.184, 0.191, 0.217, 0.224, 0.22, 0.227, 0.25, 0.274, 0.263, 0.284, 0.296, 0.314, 0.299, 0.291, 0.294, 0.306, 0.313, 0.315, 0.316, 0.316, 0.334, 0.329, 0.334, 0.341, 0.343, 0.337, 0.331, 0.333, 0.344, 0.354, 0.345, 0.344, 0.327, 0.307, 0.299, 0.322, 0.331, 0.35, 0.355, 0.367, 0.379, 0.396, 0.404, 0.374, 0.378, 0.379, 0.379, 0.393, 0.408, 0.431, 0.445, 0.461, 0.479, 0.458, 0.459, 0.475, 0.476, 0.484, 0.474, 0.5, 0.498, 0.512, 0.527, 0.539, 0.547, 0.571, 0.578, 0.565, 0.596, 0.592, 0.581, 0.565, 0.557, 0.521, 0.515, 0.516, 0.502, 0.545, 0.53, 0.476, 0.467, 0.442, 0.438, 0.425, 0.42, 0.385, 0.372, 0.35, 0.337, 0.328, 0.324, 0.308, 0.3, 0.319, 0.306, 0.313, 0.292, 0.312, 0.318, 0.322, 0.309, 0.307, 0.314, 0.319, 0.325, 0.31, 0.316, 0.335, 0.351, 0.356, 0.353, 0.359, 0.36, 0.352, 0.356, 0.346, 0.342, 0.324, 0.324, 0.319, 0.32, 0.315, 0.292, 0.267, 0.241, 0.212, 0.189, 0.169, 0.151, 0.131, 0.115, 0.109, 0.096, 0.095, 0.098, 0.107, 0.12, 0.102, 0.09, 0.097, 0.098, 0.097, 0.097, 0.131, 0.114, 0.15, 0.135, 0.158, 0.161, 0.164, 0.118, 0.095, 0.081, 0.068, 0.075, 0.07, 0.065, 0.059, 0.059, 0.06, 0.084, 0.092, 0.091, 0.079, 0.077
precipitation[0][105], 0.11, 0.11, 0.121, 0.127, 0.133, 0.143, 0.158, 0.17, 0.172, 0.182, 0.191, 0.195, 0.2, 0.192, 0.199, 0.186, 0.196, 0.201, 0.189, 0.182, 0.182, 0.193, 0.213, 0.226, 0.221, 0.23, 0.239, 0.258, 0.265, 0.278, 0.279, 0.29, 0.281, 0.293, 0.296, 0.307, 0.31, 0.305, 0.301, 0.309, 0.323, 0.34, 0.351, 0.349, 0.343, 0.349, 0.332, 0.345, 0.349, 0.344, 0.342, 0.349, 0.328, 0.326, 0.32, 0.334, 0.354, 0.373, 0.376, 0.379, 0.418, 0.422, 0.433, 0.394, 0.4, 0.407, 0.399, 0.411, 0.428, 0.446, 0.455, 0.472, 0.489, 0.48, 0.485, 0.517, 0.515, 0.505, 0.497, 0.515, 0.505, 0.515, 0.529, 0.539, 0.553, 0.567, 0.589, 0.585, 0.64, 0.612, 0.579, 0.561, 0.568, 0.541, 0.532, 0.543, 0.553, 0.585, 0.591, 0.509, 0.479, 0.462, 0.448, 0.423, 0.409, 0.386, 0.381, 0.38, 0.353, 0.342, 0.339, 0.332, 0.305, 0.318, 0.355, 0.344, 0.31, 0.315, 0.316, 0.314, 0.321, 0.314, 0.33, 0.327, 0.323, 0.318, 0.33, 0.344, 0.35, 0.35, 0.345, 0.351, 0.349, 0.341, 0.341, 0.338, 0.333, 0.315, 0.307, 0.303, 0.31, 0.304, 0.293, 0.281, 0.246, 0.226, 0.207, 0.18, 0.158, 0.142, 0.123, 0.104, 0.104, 0.108, 0.104, 0.103, 0.107, 0.108, 0.102, 0.108, 0.104, 0.093, 0.101, 0.094, 0.129, 0.098, 0.087, 0.132, 0.159, 0.213, 0.132, 0.092, 0.063, 0.08, 0.082, 0.072, 0.084, 0.079, 0.067, 0.068, 0.057, 0.053, 0.06, 0.062, 0.061
precipitation[0][106], 0.107, 0.113, 0.114, 0.121, 0.133, 0.146, 0.162, 0.178, 0.182, 0.178, 0.183, 0.191, 0.198, 0.195, 0.202, 0.192, 0.192, 0.196, 0.185, 0.183, 0.2, 0.203, 0.213, 0.225, 0.224, 0.23, 0.239, 0.248, 0.259, 0.275, 0.268, 0.271, 0.271, 0.275, 0.286, 0.294, 0.3, 0.298, 0.309, 0.306, 0.333, 0.346, 0.351, 0.354, 0.35, 0.358, 0.358, 0.371, 0.364, 0.348, 0.336, 0.353, 0.349, 0.339, 0.335, 0.344, 0.371, 0.384, 0.394, 0.406, 0.422, 0.429, 0.496, 0.48, 0.43, 0.411, 0.402, 0.423, 0.431, 0.447, 0.452, 0.467, 0.477, 0.483, 0.491, 0.514, 0.507, 0.505, 0.497, 0.529, 0.521, 0.514, 0.539, 0.546, 0.576, 0.598, 0.616, 0.594, 0.647, 0.618, 0.588, 0.567, 0.571, 0.572, 0.546, 0.555, 0.548, 0.552, 0.556, 0.528, 0.5, 0.472, 0.449, 0.436, 0.427, 0.397, 0.379, 0.373, 0.361, 0.343, 0.337, 0.327, 0.306, 0.31, 0.323, 0.311, 0.297, 0.313, 0.323, 0.337, 0.327, 0.323, 0.33, 0.337, 0.323, 0.319, 0.329, 0.337, 0.34, 0.339, 0.337, 0.344, 0.335, 0.326, 0.315, 0.304, 0.295, 0.306, 0.297, 0.296, 0.296, 0.3, 0.294, 0.279, 0.249, 0.234, 0.211, 0.202, 0.169, 0.155, 0.14, 0.116, 0.113, 0.12, 0.12, 0.136, 0.113, 0.118, 0.126, 0.11, 0.113, 0.102, 0.105, 0.107, 0.127, 0.064, 0.1, 0.117, 0.158, 0.146, 0.096, 0.074, 0.076, 0.074, 0.092, 0.084, 0.11, 0.084, 0.07, 0.054, 0.045, 0.038, 0.041, 0.047, 0.045
precipitation[0][107], 0.115, 0.116, 0.122, 0.129, 0.138, 0.149, 0.162, 0.173, 0.181, 0.176, 0.191, 0.202, 0.195, 0.188, 0.187, 0.194, 0.194, 0.201, 0.194, 0.188, 0.201, 0.204, 0.211, 0.217, 0.224, 0.216, 0.229, 0.235, 0.243, 0.261, 0.257, 0.258, 0.255, 0.266, 0.274, 0.277, 0.289, 0.307, 0.315, 0.313, 0.328, 0.342, 0.352, 0.357, 0.366, 0.361, 0.373, 0.373, 0.364, 0.343, 0.343, 0.359, 0.36, 0.351, 0.359, 0.366, 0.381, 0.399, 0.413, 0.412, 0.436, 0.45, 0.477, 0.471, 0.446, 0.441, 0.426, 0.437, 0.438, 0.453, 0.475, 0.508, 0.52, 0.512, 0.505, 0.514, 0.508, 0.497, 0.504, 0.513, 0.515, 0.526, 0.555, 0.556, 0.622, 0.628, 0.651, 0.649, 0.661, 0.622, 0.613, 0.588, 0.587, 0.583, 0.554, 0.548, 0.545, 0.557, 0.569, 0.542, 0.524, 0.475, 0.46, 0.435, 0.434, 0.4, 0.406, 0.388, 0.359, 0.354, 0.352, 0.336, 0.313, 0.319, 0.318, 0.306, 0.309, 0.326, 0.336, 0.33, 0.342, 0.339, 0.345, 0.344, 0.326, 0.318, 0.335, 0.345, 0.348, 0.341, 0.347, 0.344, 0.337, 0.322, 0.317, 0.312, 0.292, 0.302, 0.289, 0.29, 0.291, 0.294, 0.301, 0.273, 0.253, 0.236, 0.214, 0.205, 0.177, 0.17, 0.151, 0.131, 0.114, 0.117, 0.116, 0.12, 0.128, 0.138, 0.123, 0.11, 0.112, 0.11, 0.094, 0.087, 0.067, 0.071, 0.089, 0.122, 0.127, 0.137, 0.095, 0.104, 0.086, 0.1, 0.091, 0.082, 0.093, 0.1, 0.071, 0.057, 0.044, 0.037, 0.039, 0.041, 0.043
precipitation[0][108], 0.118, 0.121, 0.13, 0.138, 0.144, 0.158, 0.172, 0.17, 0.18, 0.177, 0.191, 0.202, 0.198, 0.196, 0.193, 0.194, 0.193, 0.198, 0.193, 0.189, 0.191, 0.194, 0.203, 0.217, 0.22, 0.22, 0.232, 0.232, 0.235, 0.241, 0.234, 0.236, 0.247, 0.252, 0.265, 0.303, 0.299, 0.312, 0.321, 0.323, 0.334, 0.345, 0.354, 0.356, 0.356, 0.365, 0.376, 0.381, 0.362, 0.34, 0.349, 0.365, 0.369, 0.382, 0.393, 0.38, 0.401, 0.405, 0.411, 0.418, 0.423, 0.449, 0.49, 0.476, 0.46, 0.462, 0.444, 0.448, 0.452, 0.469, 0.486, 0.493, 0.53, 0.539, 0.539, 0.537, 0.53, 0.505, 0.505, 0.513, 0.531, 0.534, 0.57, 0.582, 0.632, 0.627, 0.672, 0.656, 0.663, 0.64, 0.636, 0.595, 0.586, 0.604, 0.59, 0.575, 0.557, 0.56, 0.563, 0.549, 0.515, 0.49, 0.475, 0.442, 0.423, 0.395, 0.4, 0.385, 0.369, 0.364, 0.352, 0.341, 0.323, 0.326, 0.316, 0.315, 0.315, 0.343, 0.354, 0.361, 0.353, 0.356, 0.355, 0.359, 0.338, 0.344, 0.341, 0.342, 0.346, 0.345, 0.342, 0.35, 0.349, 0.333, 0.319, 0.316, 0.296, 0.305, 0.288, 0.284, 0.29, 0.293, 0.293, 0.277, 0.262, 0.236, 0.218, 0.205, 0.188, 0.175, 0.158, 0.141, 0.124, 0.119, 0.121, 0.132, 0.132, 0.128, 0.122, 0.117, 0.114, 0.099, 0.053, 0.069, 0.031, 0.041, 0.049, 0.09, 0.096, 0.106, 0.095, 0.104, 0.089, 0.091, 0.082, 0.078, 0.084, 0.086, 0.074, 0.06, 0.041, 0.037, 0.036, 0.04, 0.046
precipitation[0][109], 0.122, 0.129, 0.136, 0.142, 0.152, 0.156, 0.169, 0.175, 0.178, 0.185, 0.2, 0.206, 0.207, 0.201, 0.193, 0.19, 0.193, 0.194, 0.191, 0.192, 0.191, 0.19, 0.198, 0.216, 0.226, 0.231, 0.23, 0.236, 0.225, 0.233, 0.231, 0.239, 0.249, 0.248, 0.258, 0.284, 0.349, 0.319, 0.336, 0.334, 0.352, 0.354, 0.363, 0.368, 0.38, 0.381, 0.383, 0.414, 0.365, 0.358, 0.36, 0.364, 0.377, 0.398, 0.411, 0.405, 0.425, 0.414, 0.424, 0.421, 0.431, 0.46, 0.489, 0.468, 0.484, 0.472, 0.456, 0.465, 0.47, 0.481, 0.488, 0.5, 0.532, 0.546, 0.557, 0.549, 0.546, 0.523, 0.578, 0.55, 0.557, 0.562, 0.6, 0.611, 0.638, 0.637, 0.62, 0.628, 0.647, 0.633, 0.618, 0.605, 0.589, 0.603, 0.604, 0.585, 0.566, 0.562, 0.569, 0.545, 0.523, 0.501, 0.484, 0.457, 0.449, 0.418, 0.412, 0.402, 0.368, 0.365, 0.375, 0.342, 0.325, 0.328, 0.327, 0.324, 0.32, 0.354, 0.351, 0.361, 0.357, 0.355, 0.362, 0.374, 0.364, 0.368, 0.339, 0.34, 0.354, 0.356, 0.353, 0.361, 0.35, 0.334, 0.317, 0.314, 0.296, 0.303, 0.296, 0.289, 0.286, 0.291, 0.286, 0.274, 0.257, 0.242, 0.235, 0.218, 0.195, 0.18, 0.155, 0.142, 0.128, 0.125, 0.13, 0.14, 0.144, 0.136, 0.119, 0.118, 0.102, 0.038, 0.047, 0.039, 0.025, 0.026, 0.038, 0.085, 0.081, 0.083, 0.076, 0.076, 0.077, 0.077, 0.084, 0.08, 0.095, 0.098, 0.087, 0.076, 0.057, 0.049, 0.043, 0.039, 0.041
precipitation[0][110], 0.135, 0.133, 0.14, 0.144, 0.155, 0.167, 0.171, 0.177, 0.188, 0.193, 0.207, 0.205, 0.207, 0.203, 0.198, 0.195, 0.189, 0.193, 0.188, 0.187, 0.188, 0.187, 0.193, 0.209, 0.217, 0.219, 0.231, 0.229, 0.228, 0.229, 0.231, 0.238, 0.243, 0.253, 0.27, 0.297, 0.367, 0.357, 0.332, 0.344, 0.365, 0.366, 0.367, 0.38, 0.391, 0.393, 0.386, 0.382, 0.367, 0.368, 0.371, 0.371, 0.386, 0.403, 0.412, 0.412, 0.444, 0.433, 0.44, 0.439, 0.461, 0.495, 0.506, 0.466, 0.446, 0.457, 0.46, 0.484, 0.481, 0.489, 0.502, 0.521, 0.537, 0.544, 0.552, 0.59, 0.592, 0.575, 0.589, 0.558, 0.573, 0.583, 0.612, 0.629, 0.639, 0.641, 0.609, 0.622, 0.637, 0.632, 0.618, 0.624, 0.618, 0.614, 0.607, 0.596, 0.584, 0.567, 0.574, 0.543, 0.518, 0.495, 0.489, 0.462, 0.446, 0.426, 0.435, 0.416, 0.395, 0.387, 0.437, 0.36, 0.33, 0.332, 0.341, 0.348, 0.374, 0.37, 0.365, 0.366, 0.367, 0.375, 0.37, 0.385, 0.379, 0.374, 0.343, 0.34, 0.351, 0.354, 0.359, 0.361, 0.352, 0.333, 0.321, 0.31, 0.294, 0.302, 0.295, 0.292, 0.286, 0.283, 0.283, 0.268, 0.254, 0.245, 0.237, 0.227, 0.204, 0.186, 0.153, 0.145, 0.135, 0.135, 0.141, 0.145, 0.154, 0.143, 0.132, 0.117, 0.098, 0.03, 0.045, 0.022, 0.023, 0.022, 0.063, 0.087, 0.079, 0.097, 0.091, 0.095, 0.091, 0.082, 0.1, 0.11, 0.118, 0.109, 0.099, 0.077, 0.054, 0.048, 0.036, 0.04, 0.041
precipitation[0][111], 0.143, 0.141, 0.146, 0.152, 0.165, 0.166, 0.174, 0.181, 0.189, 0.197, 0.204, 0.213, 0.211, 0.215, 0.216, 0.202, 0.196, 0.189, 0.18, 0.183, 0.184, 0.182, 0.191, 0.2, 0.21, 0.215, 0.222, 0.231, 0.222, 0.223, 0.226, 0.229, 0.238, 0.243, 0.249, 0.27, 0.304, 0.322, 0.328, 0.335, 0.363, 0.377, 0.378, 0.386, 0.401, 0.396, 0.387, 0.387, 0.378, 0.371, 0.375, 0.374, 0.38, 0.391, 0.401, 0.418, 0.441, 0.448, 0.459, 0.472, 0.478, 0.492, 0.499, 0.457, 0.459, 0.456, 0.456, 0.486, 0.486, 0.494, 0.502, 0.518, 0.542, 0.553, 0.567, 0.576, 0.594, 0.561, 0.618, 0.586, 0.594, 0.606, 0.622, 0.632, 0.612, 0.631, 0.605, 0.614, 0.645, 0.646, 0.629, 0.625, 0.629, 0.615, 0.614, 0.598, 0.573, 0.566, 0.569, 0.529, 0.525, 0.491, 0.498, 0.468, 0.449, 0.46, 0.453, 0.413, 0.436, 0.433, 0.425, 0.373, 0.367, 0.361, 0.373, 0.379, 0.39, 0.381, 0.388, 0.382, 0.369, 0.388, 0.391, 0.398, 0.38, 0.378, 0.341, 0.347, 0.355, 0.355, 0.357, 0.368, 0.345, 0.33, 0.319, 0.309, 0.298, 0.307, 0.303, 0.3, 0.296, 0.301, 0.293, 0.278, 0.265, 0.256, 0.245, 0.229, 0.209, 0.186, 0.165, 0.149, 0.145, 0.146, 0.153, 0.165, 0.179, 0.176, 0.155, 0.107, 0.042, 0.028, 0.028, 0.022, 0.012, 0.023, 0.052, 0.069, 0.089, 0.112, 0.107, 0.095, 0.104, 0.107, 0.133, 0.132, 0.135, 0.123, 0.104, 0.083, 0.06, 0.047, 0.038, 0.043, 0.05
precipitation[0][112], 0.143, 0.143, 0.147, 0.154, 0.159, 0.167, 0.175, 0.183, 0.193, 0.197, 0.215, 0.218, 0.218, 0.22, 0.221, 0.217, 0.21, 0.193, 0.184, 0.181, 0.179, 0.18, 0.19, 0.196, 0.206, 0.213, 0.219, 0.223, 0.221, 0.214, 0.212, 0.211, 0.221, 0.227, 0.242, 0.27, 0.296, 0.308, 0.314, 0.34, 0.354, 0.37, 0.379, 0.388, 0.396, 0.387, 0.381, 0.39, 0.383, 0.373, 0.37, 0.373, 0.378, 0.389, 0.408, 0.426, 0.441, 0.438, 0.462, 0.475, 0.487, 0.491, 0.492, 0.487, 0.457, 0.466, 0.462, 0.491, 0.489, 0.495, 0.505, 0.516, 0.537, 0.557, 0.568, 0.578, 0.595, 0.596, 0.629, 0.644, 0.635, 0.635, 0.635, 0.625, 0.627, 0.621, 0.62, 0.625, 0.659, 0.672, 0.657, 0.644, 0.638, 0.626, 0.605, 0.594, 0.567, 0.549, 0.547, 0.544, 0.513, 0.497, 0.501, 0.482, 0.478, 0.477, 0.477, 0.448, 0.457, 0.463, 0.443, 0.393, 0.386, 0.376, 0.394, 0.407, 0.392, 0.401, 0.419, 0.404, 0.393, 0.396, 0.403, 0.406, 0.38, 0.377, 0.358, 0.345, 0.349, 0.359, 0.352, 0.359, 0.35, 0.34, 0.326, 0.322, 0.31, 0.318, 0.312, 0.311, 0.303, 0.31, 0.314, 0.301, 0.274, 0.26, 0.246, 0.232, 0.211, 0.182, 0.171, 0.158, 0.147, 0.154, 0.156, 0.156, 0.167, 0.167, 0.128, 0.04, 0.03, 0.019, 0.014, 0.016, 0.014, 0.026, 0.042, 0.081, 0.105, 0.183, 0.116, 0.11, 0.144, 0.153, 0.147, 0.161, 0.147, 0.131, 0.119, 0.099, 0.077, 0.052, 0.044, 0.045, 0.049
precipitation[0][113], 0.139, 0.136, 0.139, 0.141, 0.163, 0.162, 0.17, 0.185, 0.19, 0.201, 0.224, 0.218, 0.225, 0.226, 0.229, 0.222, 0.225, 0.211, 0.192, 0.185, 0.186, 0.182, 0.19, 0.196, 0.205, 0.212, 0.216, 0.216, 0.216, 0.209, 0.207, 0.214, 0.216, 0.222, 0.24, 0.27, 0.298, 0.308, 0.311, 0.334, 0.346, 0.357, 0.367, 0.375, 0.385, 0.384, 0.38, 0.377, 0.37, 0.369, 0.367, 0.376, 0.378, 0.391, 0.407, 0.435, 0.46, 0.452, 0.465, 0.499, 0.493, 0.534, 0.5, 0.496, 0.472, 0.478, 0.471, 0.497, 0.506, 0.509, 0.513, 0.522, 0.542, 0.55, 0.565, 0.583, 0.616, 0.631, 0.643, 0.657, 0.648, 0.624, 0.637, 0.613, 0.622, 0.641, 0.647, 0.647, 0.689, 0.687, 0.658, 0.692, 0.68, 0.628, 0.603, 0.586, 0.56, 0.543, 0.542, 0.522, 0.516, 0.506, 0.489, 0.481, 0.472, 0.461, 0.488, 0.46, 0.459, 0.474, 0.458, 0.427, 0.427, 0.402, 0.402, 0.39, 0.399, 0.427, 0.437, 0.436, 0.418, 0.432, 0.439, 0.434, 0.392, 0.393, 0.353, 0.353, 0.358, 0.342, 0.35, 0.368, 0.363, 0.356, 0.334, 0.33, 0.321, 0.334, 0.325, 0.32, 0.316, 0.31, 0.311, 0.297, 0.285, 0.264, 0.259, 0.227, 0.208, 0.186, 0.176, 0.164, 0.163, 0.163, 0.167, 0.166, 0.149, 0.137, 0.055, 0.03, 0.017, 0.013, 0.017, 0.013, 0.014, 0.028, 0.043, 0.102, 0.16, 0.157, 0.115, 0.111, 0.144, 0.162, 0.172, 0.151, 0.163, 0.147, 0.125, 0.093, 0.091, 0.064, 0.049, 0.044, 0.05
precipitation[0][114], 0.143, 0.137, 0.135, 0.138, 0.148, 0.162, 0.171, 0.179, 0.193, 0.202, 0.213, 0.211, 0.221, 0.22, 0.224, 0.229, 0.232, 0.225, 0.209, 0.194, 0.195, 0.19, 0.201, 0.203, 0.211, 0.218, 0.21, 0.217, 0.219, 0.209, 0.198, 0.217, 0.228, 0.232, 0.242, 0.263, 0.291, 0.297, 0.308, 0.329, 0.336, 0.35, 0.357, 0.364, 0.375, 0.379, 0.382, 0.365, 0.367, 0.368, 0.373, 0.368, 0.364, 0.386, 0.394, 0.423, 0.449, 0.463, 0.481, 0.532, 0.521, 0.546, 0.531, 0.514, 0.473, 0.471, 0.471, 0.496, 0.506, 0.517, 0.528, 0.534, 0.558, 0.556, 0.571, 0.586, 0.614, 0.629, 0.635, 0.645, 0.623, 0.603, 0.626, 0.611, 0.619, 0.64, 0.663, 0.659, 0.661, 0.711, 0.671, 0.681, 0.68, 0.656, 0.595, 0.581, 0.57, 0.555, 0.55, 0.556, 0.532, 0.503, 0.503, 0.505, 0.487, 0.464, 0.492, 0.486, 0.489, 0.506, 0.493, 0.475, 0.462, 0.444, 0.409, 0.396, 0.407, 0.488, 0.455, 0.443, 0.454, 0.445, 0.452, 0.431, 0.416, 0.398, 0.385, 0.376, 0.378, 0.361, 0.344, 0.36, 0.359, 0.358, 0.34, 0.338, 0.34, 0.341, 0.337, 0.338, 0.331, 0.317, 0.311, 0.301, 0.285, 0.274, 0.262, 0.231, 0.207, 0.194, 0.188, 0.174, 0.159, 0.157, 0.149, 0.048, 0.047, 0.055, 0.059, 0.024, 0.009, 0.007, 0.008, 0.01, 0.013, 0.019, 0.028, 0.053, 0.074, 0.112, 0.091, 0.121, 0.155, 0.145, 0.167, 0.124, 0.107, 0.159, 0.124, 0.106, 0.092, 0.081, 0.062, 0.052, 0.058
precipitation[0][115], 0.145, 0.142, 0.134, 0.133, 0.143, 0.159, 0.174, 0.188, 0.188, 0.197, 0.206, 0.214, 0.242, 0.235, 0.228, 0.214, 0.212, 0.209, 0.199, 0.192, 0.195, 0.195, 0.215, 0.219, 0.23, 0.227, 0.219, 0.218, 0.221, 0.212, 0.214, 0.205, 0.222, 0.238, 0.238, 0.252, 0.276, 0.296, 0.309, 0.315, 0.327, 0.341, 0.343, 0.354, 0.368, 0.372, 0.374, 0.361, 0.369, 0.364, 0.367, 0.373, 0.381, 0.387, 0.396, 0.421, 0.442, 0.475, 0.498, 0.502, 0.503, 0.55, 0.515, 0.489, 0.455, 0.469, 0.482, 0.502, 0.514, 0.544, 0.545, 0.559, 0.571, 0.571, 0.574, 0.585, 0.614, 0.621, 0.629, 0.617, 0.607, 0.587, 0.571, 0.573, 0.598, 0.643, 0.687, 0.68, 0.66, 0.675, 0.673, 0.664, 0.66, 0.632, 0.58, 0.572, 0.557, 0.559, 0.555, 0.538, 0.538, 0.501, 0.49, 0.497, 0.5, 0.506, 0.515, 0.52, 0.521, 0.53, 0.521, 0.518, 0.52, 0.47, 0.445, 0.414, 0.431, 0.468, 0.476, 0.474, 0.454, 0.449, 0.447, 0.439, 0.431, 0.396, 0.389, 0.379, 0.373, 0.364, 0.352, 0.366, 0.375, 0.366, 0.348, 0.344, 0.341, 0.347, 0.348, 0.345, 0.335, 0.324, 0.321, 0.31, 0.286, 0.274, 0.258, 0.235, 0.215, 0.202, 0.196, 0.181, 0.167, 0.159, 0.037, 0.034, 0.037, 0.048, 0.046, 0.024, 0.013, 0.009, 0.008, 0.009, 0.015, 0.022, 0.021, 0.033, 0.055, 0.068, 0.068, 0.096, 0.128, 0.138, 0.152, 0.175, 0.132, 0.107, 0.109, 0.101, 0.089, 0.077, 0.055, 0.058, 0.058
precipitation[0][116], 0.151, 0.155, 0.139, 0.132, 0.15, 0.163, 0.187, 0.19, 0.202, 0.2, 0.215, 0.225, 0.241, 0.234, 0.234, 0.218, 0.222, 0.208, 0.192, 0.188, 0.196, 0.208, 0.22, 0.222, 0.227, 0.22, 0.217, 0.216, 0.21, 0.211, 0.208, 0.199, 0.208, 0.233, 0.244, 0.247, 0.267, 0.296, 0.298, 0.306, 0.32, 0.326, 0.338, 0.344, 0.355, 0.356, 0.362, 0.362, 0.373, 0.373, 0.373, 0.373, 0.385, 0.379, 0.383, 0.414, 0.446, 0.498, 0.527, 0.531, 0.506, 0.519, 0.509, 0.448, 0.432, 0.44, 0.449, 0.505, 0.528, 0.544, 0.551, 0.568, 0.567, 0.586, 0.593, 0.602, 0.624, 0.618, 0.621, 0.6, 0.575, 0.546, 0.538, 0.534, 0.626, 0.682, 0.721, 0.687, 0.656, 0.689, 0.67, 0.666, 0.625, 0.596, 0.59, 0.583, 0.563, 0.548, 0.552, 0.54, 0.532, 0.51, 0.5, 0.5, 0.504, 0.515, 0.539, 0.536, 0.541, 0.569, 0.546, 0.55, 0.543, 0.494, 0.467, 0.435, 0.43, 0.455, 0.46, 0.479, 0.463, 0.469, 0.452, 0.453, 0.421, 0.423, 0.406, 0.364, 0.366, 0.365, 0.356, 0.353, 0.36, 0.365, 0.354, 0.346, 0.336, 0.351, 0.344, 0.355, 0.347, 0.336, 0.326, 0.305, 0.292, 0.281, 0.266, 0.241, 0.217, 0.205, 0.202, 0.18, 0.175, 0.043, 0.031, 0.029, 0.05, 0.044, 0.04, 0.024, 0.019, 0.009, 0.013, 0.015, 0.02, 0.028, 0.022, 0.04, 0.049, 0.06, 0.073, 0.092, 0.111, 0.094, 0.106, 0.134, 0.112, 0.108, 0.093, 0.087, 0.079, 0.079, 0.09, 0.065, 0.098
precipitation[0][117], 0.16, 0.152, 0.145, 0.14, 0.152, 0.168, 0.188, 0.192, 0.213, 0.213, 0.224, 0.236, 0.242, 0.229, 0.229, 0.221, 0.218, 0.206, 0.2, 0.196, 0.215, 0.211, 0.211, 0.217, 0.217, 0.214, 0.217, 0.209, 0.206, 0.193, 0.189, 0.184, 0.207, 0.229, 0.248, 0.243, 0.259, 0.291, 0.302, 0.299, 0.311, 0.329, 0.337, 0.337, 0.341, 0.345, 0.364, 0.367, 0.369, 0.366, 0.37, 0.371, 0.38, 0.377, 0.374, 0.405, 0.431, 0.499, 0.52, 0.55, 0.512, 0.496, 0.469, 0.449, 0.442, 0.428, 0.449, 0.516, 0.537, 0.554, 0.584, 0.6, 0.586, 0.597, 0.596, 0.614, 0.621, 0.644, 0.603, 0.598, 0.556, 0.519, 0.535, 0.571, 0.635, 0.682, 0.741, 0.686, 0.653, 0.68, 0.681, 0.681, 0.655, 0.611, 0.583, 0.568, 0.546, 0.521, 0.509, 0.489, 0.492, 0.476, 0.489, 0.498, 0.492, 0.519, 0.544, 0.542, 0.552, 0.606, 0.589, 0.571, 0.562, 0.525, 0.484, 0.458, 0.45, 0.494, 0.467, 0.478, 0.472, 0.465, 0.455, 0.461, 0.44, 0.43, 0.395, 0.395, 0.39, 0.369, 0.365, 0.357, 0.346, 0.36, 0.36, 0.345, 0.339, 0.36, 0.353, 0.349, 0.348, 0.343, 0.323, 0.307, 0.293, 0.286, 0.265, 0.249, 0.248, 0.223, 0.221, 0.196, 0.177, 0.048, 0.029, 0.04, 0.047, 0.041, 0.031, 0.027, 0.022, 0.016, 0.017, 0.016, 0.023, 0.032, 0.034, 0.052, 0.051, 0.056, 0.066, 0.082, 0.09, 0.094, 0.099, 0.106, 0.108, 0.101, 0.101, 0.095, 0.094, 0.101, 0.1, 0.077, 0.11
precipitation[0][118], 0.159, 0.154, 0.143, 0.135, 0.148, 0.163, 0.181, 0.19, 0.217, 0.227, 0.224, 0.229, 0.239, 0.226, 0.223, 0.219, 0.206, 0.209, 0.21, 0.205, 0.222, 0.216, 0.207, 0.207, 0.206, 0.205, 0.21, 0.204, 0.206, 0.194, 0.182, 0.175, 0.197, 0.222, 0.24, 0.247, 0.263, 0.29, 0.306, 0.313, 0.32, 0.327, 0.339, 0.336, 0.341, 0.341, 0.346, 0.367, 0.375, 0.374, 0.375, 0.363, 0.375, 0.369, 0.379, 0.396, 0.425, 0.509, 0.534, 0.549, 0.487, 0.482, 0.506, 0.456, 0.44, 0.433, 0.505, 0.509, 0.532, 0.558, 0.599, 0.621, 0.606, 0.605, 0.597, 0.605, 0.612, 0.638, 0.608, 0.619, 0.594, 0.561, 0.565, 0.584, 0.653, 0.66, 0.719, 0.665, 0.651, 0.665, 0.656, 0.664, 0.626, 0.599, 0.576, 0.545, 0.528, 0.506, 0.493, 0.478, 0.472, 0.477, 0.474, 0.477, 0.474, 0.502, 0.531, 0.549, 0.56, 0.612, 0.584, 0.587, 0.584, 0.531, 0.503, 0.481, 0.471, 0.505, 0.501, 0.472, 0.469, 0.475, 0.467, 0.449, 0.45, 0.427, 0.407, 0.392, 0.377, 0.37, 0.388, 0.372, 0.358, 0.36, 0.369, 0.349, 0.335, 0.353, 0.347, 0.351, 0.35, 0.344, 0.333, 0.311, 0.305, 0.298, 0.274, 0.256, 0.252, 0.247, 0.231, 0.198, 0.187, 0.049, 0.028, 0.038, 0.044, 0.04, 0.033, 0.032, 0.033, 0.026, 0.02, 0.024, 0.033, 0.033, 0.038, 0.049, 0.057, 0.069, 0.08, 0.089, 0.087, 0.081, 0.078, 0.093, 0.091, 0.1, 0.092, 0.103, 0.105, 0.136, 0.133, 0.111, 0.14
precipitation[0][119], 0.137, 0.138, 0.135, 0.131, 0.142, 0.158, 0.18, 0.193, 0.213, 0.22, 0.224, 0.219, 0.219, 0.216, 0.217, 0.222, 0.218, 0.218, 0.206, 0.209, 0.222, 0.21, 0.2, 0.2, 0.198, 0.199, 0.197, 0.199, 0.205, 0.187, 0.185, 0.17, 0.191, 0.212, 0.23, 0.237, 0.254, 0.286, 0.332, 0.335, 0.329, 0.321, 0.318, 0.325, 0.326, 0.318, 0.329, 0.352, 0.372, 0.369, 0.365, 0.355, 0.364, 0.364, 0.378, 0.403, 0.418, 0.495, 0.509, 0.519, 0.485, 0.487, 0.471, 0.453, 0.443, 0.441, 0.538, 0.528, 0.531, 0.576, 0.601, 0.634, 0.654, 0.656, 0.628, 0.625, 0.621, 0.657, 0.628, 0.625, 0.587, 0.583, 0.598, 0.627, 0.675, 0.675, 0.685, 0.631, 0.614, 0.63, 0.637, 0.627, 0.589, 0.556, 0.531, 0.519, 0.499, 0.489, 0.48, 0.469, 0.462, 0.471, 0.468, 0.474, 0.479, 0.501, 0.528, 0.558, 0.57, 0.59, 0.595, 0.607, 0.593, 0.549, 0.522, 0.504, 0.493, 0.483, 0.475, 0.469, 0.471, 0.482, 0.472, 0.453, 0.433, 0.428, 0.406, 0.403, 0.38, 0.396, 0.363, 0.352, 0.358, 0.375, 0.37, 0.356, 0.335, 0.357, 0.356, 0.358, 0.36, 0.361, 0.357, 0.328, 0.319, 0.312, 0.298, 0.264, 0.261, 0.254, 0.243, 0.217, 0.2, 0.046, 0.045, 0.054, 0.048, 0.034, 0.03, 0.026, 0.021, 0.012, 0.015, 0.024, 0.03, 0.031, 0.036, 0.047, 0.06, 0.07, 0.109, 0.088, 0.087, 0.085, 0.105, 0.121, 0.109, 0.117, 0.116, 0.123, 0.139, 0.139, 0.143, 0.119, 0.172
precipitation[0][120], 0.113, 0.114, 0.116, 0.12, 0.133, 0.148, 0.171, 0.191, 0.205, 0.213, 0.212, 0.214, 0.211, 0.209, 0.212, 0.223, 0.22, 0.213, 0.215, 0.209, 0.214, 0.211, 0.206, 0.193, 0.191, 0.189, 0.182, 0.185, 0.188, 0.177, 0.175, 0.171, 0.184, 0.201, 0.217, 0.24, 0.262, 0.306, 0.319, 0.343, 0.336, 0.32, 0.326, 0.321, 0.322, 0.313, 0.327, 0.34, 0.349, 0.352, 0.357, 0.349, 0.352, 0.348, 0.37, 0.396, 0.408, 0.477, 0.522, 0.499, 0.485, 0.49, 0.484, 0.454, 0.431, 0.458, 0.5, 0.538, 0.548, 0.583, 0.621, 0.69, 0.676, 0.667, 0.654, 0.643, 0.649, 0.672, 0.657, 0.617, 0.576, 0.583, 0.626, 0.661, 0.683, 0.651, 0.65, 0.611, 0.606, 0.611, 0.592, 0.597, 0.579, 0.533, 0.532, 0.5, 0.484, 0.493, 0.481, 0.476, 0.457, 0.458, 0.461, 0.478, 0.486, 0.529, 0.548, 0.566, 0.571, 0.595, 0.593, 0.623, 0.628, 0.571, 0.55, 0.526, 0.514, 0.507, 0.507, 0.487, 0.485, 0.501, 0.483, 0.451, 0.438, 0.424, 0.406, 0.392, 0.382, 0.388, 0.375, 0.365, 0.375, 0.383, 0.361, 0.353, 0.342, 0.364, 0.362, 0.362, 0.367, 0.376, 0.36, 0.341, 0.328, 0.33, 0.317, 0.283, 0.266, 0.274, 0.251, 0.231, 0.207, 0.054, 0.055, 0.062, 0.062, 0.034, 0.026, 0.024, 0.017, 0.01, 0.013, 0.017, 0.025, 0.024, 0.035, 0.053, 0.062, 0.091, 0.094, 0.092, 0.098, 0.101, 0.119, 0.122, 0.116, 0.118, 0.138, 0.139, 0.156, 0.194, 0.219, 0.123, 0.174
precipitation[0][121], 0.11, 0.11, 0.114, 0.124, 0.133, 0.144, 0.159, 0.189, 0.208, 0.211, 0.209, 0.219, 0.215, 0.212, 0.211, 0.214, 0.218, 0.213, 0.216, 0.209, 0.213, 0.217, 0.207, 0.189, 0.19, 0.185, 0.188, 0.185, 0.185, 0.174, 0.172, 0.166, 0.184, 0.206, 0.223, 0.247, 0.289, 0.339, 0.331, 0.334, 0.337, 0.317, 0.321, 0.322, 0.324, 0.318, 0.333, 0.33, 0.331, 0.33, 0.338, 0.342, 0.346, 0.341, 0.355, 0.377, 0.399, 0.437, 0.46, 0.481, 0.458, 0.472, 0.473, 0.439, 0.436, 0.459, 0.499, 0.539, 0.546, 0.578, 0.598, 0.669, 0.671, 0.666, 0.648, 0.642, 0.661, 0.692, 0.667, 0.623, 0.597, 0.593, 0.646, 0.66, 0.683, 0.65, 0.646, 0.599, 0.605, 0.583, 0.579, 0.569, 0.576, 0.549, 0.539, 0.524, 0.505, 0.489, 0.475, 0.462, 0.477, 0.455, 0.438, 0.469, 0.495, 0.522, 0.543, 0.556, 0.565, 0.585, 0.585, 0.623, 0.636, 0.594, 0.571, 0.556, 0.541, 0.528, 0.507, 0.497, 0.504, 0.535, 0.527, 0.487, 0.464, 0.416, 0.401, 0.397, 0.379, 0.383, 0.36, 0.36, 0.371, 0.376, 0.357, 0.351, 0.364, 0.384, 0.374, 0.364, 0.364, 0.369, 0.359, 0.352, 0.343, 0.328, 0.318, 0.304, 0.29, 0.266, 0.273, 0.242, 0.216, 0.05, 0.051, 0.053, 0.048, 0.031, 0.03, 0.027, 0.021, 0.011, 0.016, 0.021, 0.025, 0.024, 0.028, 0.049, 0.059, 0.086, 0.1, 0.131, 0.094, 0.092, 0.105, 0.114, 0.118, 0.125, 0.143, 0.168, 0.159, 0.172, 0.264, 0.224, 0.286
precipitation[0][122], 0.123, 0.116, 0.122, 0.131, 0.143, 0.161, 0.175, 0.194, 0.211, 0.218, 0.21, 0.212, 0.223, 0.216, 0.216, 0.22, 0.218, 0.214, 0.213, 0.209, 0.209, 0.212, 0.209, 0.193, 0.19, 0.183, 0.188, 0.192, 0.194, 0.186, 0.185, 0.185, 0.202, 0.23, 0.243, 0.253, 0.274, 0.317, 0.324, 0.329, 0.329, 0.315, 0.321, 0.319, 0.341, 0.332, 0.334, 0.322, 0.319, 0.316, 0.321, 0.335, 0.332, 0.336, 0.339, 0.356, 0.375, 0.399, 0.422, 0.45, 0.425, 0.421, 0.428, 0.42, 0.422, 0.468, 0.508, 0.539, 0.539, 0.563, 0.589, 0.656, 0.651, 0.658, 0.643, 0.623, 0.648, 0.663, 0.65, 0.604, 0.572, 0.601, 0.654, 0.66, 0.696, 0.651, 0.645, 0.602, 0.6, 0.577, 0.557, 0.537, 0.551, 0.545, 0.551, 0.524, 0.468, 0.468, 0.471, 0.467, 0.478, 0.462, 0.431, 0.459, 0.481, 0.514, 0.531, 0.543, 0.55, 0.568, 0.574, 0.622, 0.628, 0.607, 0.59, 0.567, 0.555, 0.538, 0.526, 0.537, 0.544, 0.549, 0.51, 0.494, 0.437, 0.421, 0.412, 0.394, 0.381, 0.38, 0.368, 0.366, 0.364, 0.354, 0.341, 0.34, 0.351, 0.379, 0.369, 0.365, 0.368, 0.365, 0.367, 0.348, 0.349, 0.339, 0.32, 0.297, 0.273, 0.271, 0.268, 0.243, 0.228, 0.211, 0.052, 0.049, 0.045, 0.033, 0.027, 0.029, 0.023, 0.011, 0.024, 0.025, 0.026, 0.023, 0.032, 0.054, 0.078, 0.073, 0.099, 0.087, 0.079, 0.092, 0.1, 0.116, 0.119, 0.116, 0.151, 0.148, 0.156, 0.199, 0.295, 0.24, 0.294
precipitation[0][123], 0.13, 0.126, 0.132, 0.156, 0.164, 0.178, 0.185, 0.201, 0.214, 0.216, 0.22, 0.224, 0.226, 0.222, 0.215, 0.213, 0.22, 0.212, 0.213, 0.206, 0.207, 0.21, 0.208, 0.197, 0.192, 0.186, 0.187, 0.2, 0.196, 0.206, 0.205, 0.207, 0.226, 0.253, 0.26, 0.268, 0.269, 0.307, 0.324, 0.32, 0.329, 0.315, 0.32, 0.325, 0.352, 0.343, 0.341, 0.327, 0.32, 0.311, 0.315, 0.327, 0.33, 0.329, 0.326, 0.33, 0.346, 0.357, 0.396, 0.394, 0.384, 0.39, 0.416, 0.427, 0.427, 0.484, 0.521, 0.519, 0.517, 0.545, 0.567, 0.631, 0.636, 0.646, 0.633, 0.588, 0.606, 0.614, 0.601, 0.555, 0.549, 0.601, 0.645, 0.654, 0.661, 0.651, 0.655, 0.602, 0.602, 0.584, 0.556, 0.55, 0.554, 0.534, 0.533, 0.477, 0.452, 0.45, 0.465, 0.509, 0.474, 0.466, 0.452, 0.466, 0.483, 0.51, 0.531, 0.539, 0.552, 0.555, 0.573, 0.604, 0.618, 0.601, 0.599, 0.58, 0.565, 0.542, 0.541, 0.563, 0.557, 0.54, 0.518, 0.511, 0.463, 0.441, 0.42, 0.38, 0.377, 0.371, 0.358, 0.363, 0.357, 0.335, 0.333, 0.339, 0.352, 0.377, 0.377, 0.381, 0.382, 0.376, 0.368, 0.354, 0.347, 0.333, 0.315, 0.298, 0.282, 0.265, 0.266, 0.25, 0.23, 0.217, 0.049, 0.043, 0.042, 0.03, 0.033, 0.026, 0.025, 0.009, 0.013, 0.024, 0.028, 0.036, 0.035, 0.053, 0.054, 0.065, 0.074, 0.073, 0.072, 0.076, 0.093, 0.112, 0.123, 0.121, 0.108, 0.123, 0.136, 0.209, 0.285, 0.264, 0.252
precipitation[0][124], 0.141, 0.142, 0.149, 0.176, 0.175, 0.19, 0.19, 0.205, 0.218, 0.221, 0.232, 0.241, 0.227, 0.218, 0.213, 0.215, 0.222, 0.219, 0.219, 0.211, 0.21, 0.209, 0.217, 0.21, 0.201, 0.195, 0.203, 0.212, 0.21, 0.216, 0.219, 0.224, 0.243, 0.273, 0.279, 0.279, 0.281, 0.301, 0.32, 0.304, 0.31, 0.313, 0.313, 0.32, 0.347, 0.334, 0.342, 0.317, 0.311, 0.3, 0.302, 0.316, 0.317, 0.329, 0.328, 0.325, 0.338, 0.342, 0.368, 0.365, 0.358, 0.377, 0.396, 0.443, 0.418, 0.472, 0.516, 0.512, 0.497, 0.549, 0.586, 0.622, 0.638, 0.631, 0.614, 0.584, 0.584, 0.582, 0.565, 0.516, 0.522, 0.592, 0.617, 0.647, 0.653, 0.635, 0.65, 0.609, 0.611, 0.585, 0.565, 0.566, 0.537, 0.508, 0.522, 0.492, 0.516, 0.495, 0.47, 0.479, 0.488, 0.481, 0.453, 0.467, 0.482, 0.516, 0.542, 0.557, 0.562, 0.565, 0.585, 0.588, 0.591, 0.596, 0.598, 0.566, 0.565, 0.549, 0.55, 0.567, 0.578, 0.556, 0.524, 0.511, 0.471, 0.452, 0.415, 0.389, 0.367, 0.364, 0.354, 0.358, 0.352, 0.325, 0.321, 0.33, 0.357, 0.38, 0.387, 0.388, 0.386, 0.377, 0.367, 0.352, 0.342, 0.322, 0.307, 0.285, 0.277, 0.265, 0.259, 0.257, 0.238, 0.222, 0.051, 0.04, 0.04, 0.029, 0.032, 0.032, 0.025, 0.012, 0.017, 0.031, 0.041, 0.038, 0.029, 0.042, 0.049, 0.057, 0.064, 0.077, 0.064, 0.071, 0.067, 0.087, 0.09, 0.116, 0.112, 0.119, 0.143, 0.2, 0.311, 0.296, 0.203
precipitation[0][125], 0.149, 0.156, 0.168, 0.179, 0.177, 0.193, 0.189, 0.206, 0.216, 0.224, 0.236, 0.239, 0.227, 0.216, 0.214, 0.215, 0.222, 0.231, 0.222, 0.21, 0.213, 0.212, 0.212, 0.214, 0.21, 0.219, 0.212, 0.233, 0.227, 0.227, 0.238, 0.245, 0.263, 0.283, 0.279, 0.281, 0.284, 0.289, 0.314, 0.301, 0.315, 0.314, 0.306, 0.305, 0.325, 0.329, 0.341, 0.322, 0.314, 0.296, 0.294, 0.298, 0.304, 0.326, 0.328, 0.327, 0.355, 0.343, 0.364, 0.359, 0.353, 0.356, 0.382, 0.414, 0.419, 0.458, 0.498, 0.497, 0.502, 0.55, 0.538, 0.597, 0.624, 0.617, 0.608, 0.577, 0.578, 0.57, 0.541, 0.508, 0.527, 0.562, 0.59, 0.606, 0.616, 0.62, 0.646, 0.609, 0.625, 0.597, 0.584, 0.553, 0.53, 0.496, 0.516, 0.493, 0.498, 0.464, 0.462, 0.487, 0.52, 0.474, 0.443, 0.455, 0.477, 0.495, 0.54, 0.559, 0.571, 0.56, 0.579, 0.585, 0.58, 0.599, 0.597, 0.569, 0.573, 0.577, 0.564, 0.576, 0.578, 0.567, 0.544, 0.516, 0.468, 0.451, 0.417, 0.394, 0.377, 0.371, 0.351, 0.349, 0.325, 0.309, 0.308, 0.329, 0.34, 0.371, 0.378, 0.389, 0.39, 0.378, 0.364, 0.349, 0.338, 0.358, 0.305, 0.287, 0.279, 0.277, 0.272, 0.257, 0.249, 0.239, 0.052, 0.032, 0.027, 0.026, 0.026, 0.024, 0.033, 0.023, 0.034, 0.051, 0.045, 0.038, 0.039, 0.04, 0.045, 0.045, 0.068, 0.07, 0.067, 0.062, 0.06, 0.078, 0.091, 0.095, 0.096, 0.098, 0.112, 0.179, 0.278, 0.277, 0.187
precipitation[0][126], 0.159, 0.18, 0.182, 0.181, 0.174, 0.191, 0.197, 0.214, 0.229, 0.229, 0.239, 0.239, 0.225, 0.219, 0.221, 0.223, 0.231, 0.239, 0.218, 0.214, 0.22, 0.214, 0.211, 0.222, 0.221, 0.221, 0.223, 0.24, 0.234, 0.24, 0.255, 0.257, 0.278, 0.289, 0.287, 0.281, 0.276, 0.28, 0.315, 0.309, 0.301, 0.299, 0.314, 0.305, 0.306, 0.322, 0.326, 0.314, 0.299, 0.283, 0.276, 0.278, 0.271, 0.299, 0.302, 0.314, 0.348, 0.348, 0.362, 0.38, 0.341, 0.35, 0.39, 0.414, 0.404, 0.444, 0.483, 0.489, 0.503, 0.545, 0.534, 0.616, 0.631, 0.627, 0.61, 0.578, 0.571, 0.542, 0.539, 0.552, 0.564, 0.556, 0.569, 0.577, 0.596, 0.613, 0.647, 0.618, 0.609, 0.6, 0.57, 0.548, 0.539, 0.519, 0.517, 0.494, 0.516, 0.503, 0.486, 0.497, 0.51, 0.49, 0.454, 0.466, 0.473, 0.494, 0.527, 0.549, 0.569, 0.559, 0.546, 0.565, 0.578, 0.597, 0.59, 0.589, 0.582, 0.586, 0.574, 0.593, 0.588, 0.576, 0.559, 0.518, 0.475, 0.449, 0.415, 0.399, 0.392, 0.39, 0.36, 0.342, 0.314, 0.305, 0.31, 0.322, 0.348, 0.377, 0.384, 0.395, 0.404, 0.383, 0.368, 0.347, 0.359, 0.376, 0.322, 0.301, 0.284, 0.285, 0.284, 0.281, 0.266, 0.252, 0.07, 0.043, 0.034, 0.026, 0.034, 0.042, 0.036, 0.043, 0.054, 0.072, 0.053, 0.042, 0.033, 0.033, 0.038, 0.049, 0.049, 0.069, 0.058, 0.057, 0.045, 0.065, 0.073, 0.086, 0.083, 0.089, 0.11, 0.14, 0.186, 0.169, 0.183
precipitation[0][127], 0.169, 0.18, 0.19, 0.185, 0.18, 0.184, 0.193, 0.212, 0.23, 0.235, 0.247, 0.241, 0.227, 0.222, 0.222, 0.224, 0.221, 0.225, 0.218, 0.218, 0.214, 0.208, 0.206, 0.215, 0.216, 0.219, 0.224, 0.24, 0.237, 0.247, 0.256, 0.257, 0.285, 0.3, 0.287, 0.289, 0.284, 0.282, 0.298, 0.303, 0.335, 0.297, 0.311, 0.319, 0.301, 0.311, 0.312, 0.305, 0.286, 0.286, 0.268, 0.269, 0.273, 0.285, 0.29, 0.303, 0.332, 0.349, 0.36, 0.359, 0.339, 0.344, 0.386, 0.403, 0.407, 0.425, 0.454, 0.482, 0.529, 0.573, 0.526, 0.641, 0.658, 0.619, 0.593, 0.573, 0.583, 0.564, 0.513, 0.543, 0.57, 0.579, 0.571, 0.577, 0.582, 0.636, 0.658, 0.63, 0.61, 0.595, 0.585, 0.55, 0.543, 0.531, 0.548, 0.51, 0.535, 0.528, 0.508, 0.538, 0.526, 0.513, 0.488, 0.46, 0.472, 0.5, 0.541, 0.562, 0.543, 0.545, 0.534, 0.545, 0.555, 0.566, 0.576, 0.579, 0.575, 0.588, 0.596, 0.599, 0.593, 0.586, 0.573, 0.542, 0.492, 0.465, 0.429, 0.392, 0.384, 0.382, 0.352, 0.345, 0.31, 0.307, 0.305, 0.314, 0.338, 0.366, 0.366, 0.38, 0.376, 0.362, 0.346, 0.331, 0.32, 0.338, 0.336, 0.318, 0.314, 0.297, 0.303, 0.313, 0.29, 0.277, 0.091, 0.055, 0.046, 0.041, 0.039, 0.056, 0.088, 0.06, 0.061, 0.054, 0.049, 0.043, 0.041, 0.04, 0.045, 0.033, 0.043, 0.059, 0.053, 0.037, 0.037, 0.054, 0.062, 0.064, 0.069, 0.079, 0.104, 0.123, 0.156, 0.174, 0.171
precipitation[0][128], 0.167, 0.18, 0.195, 0.193, 0.189, 0.191, 0.207, 0.22, 0.229, 0.236, 0.25, 0.253, 0.232, 0.225, 0.223, 0.219, 0.212, 0.218, 0.219, 0.224, 0.218, 0.214, 0.212, 0.219, 0.22, 0.222, 0.228, 0.248, 0.249, 0.258, 0.26, 0.265, 0.297, 0.302, 0.294, 0.298, 0.286, 0.287, 0.3, 0.296, 0.334, 0.303, 0.301, 0.298, 0.306, 0.314, 0.311, 0.304, 0.286, 0.278, 0.26, 0.265, 0.266, 0.281, 0.284, 0.287, 0.311, 0.332, 0.334, 0.348, 0.338, 0.328, 0.378, 0.426, 0.429, 0.448, 0.443, 0.482, 0.536, 0.579, 0.513, 0.558, 0.603, 0.592, 0.593, 0.586, 0.607, 0.605, 0.532, 0.557, 0.546, 0.581, 0.574, 0.591, 0.608, 0.65, 0.708, 0.648, 0.609, 0.586, 0.579, 0.555, 0.597, 0.565, 0.557, 0.561, 0.569, 0.55, 0.51, 0.537, 0.538, 0.505, 0.472, 0.452, 0.454, 0.502, 0.542, 0.548, 0.555, 0.546, 0.52, 0.536, 0.546, 0.565, 0.559, 0.556, 0.555, 0.604, 0.6, 0.608, 0.612, 0.597, 0.577, 0.538, 0.518, 0.478, 0.439, 0.382, 0.374, 0.349, 0.347, 0.333, 0.32, 0.31, 0.313, 0.311, 0.335, 0.353, 0.357, 0.364, 0.362, 0.356, 0.337, 0.336, 0.333, 0.325, 0.343, 0.332, 0.318, 0.311, 0.343, 0.34, 0.316, 0.286, 0.108, 0.067, 0.051, 0.059, 0.061, 0.065, 0.082, 0.089, 0.055, 0.05, 0.048, 0.043, 0.048, 0.051, 0.049, 0.043, 0.049, 0.06, 0.048, 0.033, 0.039, 0.054, 0.057, 0.053, 0.06, 0.065, 0.078, 0.106, 0.139, 0.153, 0.154
precipitation[0][129], 0.184, 0.19, 0.19, 0.199, 0.197, 0.2, 0.209, 0.222, 0.234, 0.245, 0.254, 0.249, 0.238, 0.231, 0.228, 0.219, 0.218, 0.221, 0.223, 0.22, 0.218, 0.219, 0.232, 0.226, 0.225, 0.229, 0.243, 0.259, 0.264, 0.262, 0.269, 0.269, 0.295, 0.304, 0.292, 0.291, 0.292, 0.296, 0.309, 0.302, 0.287, 0.291, 0.298, 0.306, 0.3, 0.308, 0.313, 0.302, 0.288, 0.275, 0.248, 0.257, 0.254, 0.263, 0.273, 0.277, 0.305, 0.318, 0.332, 0.339, 0.346, 0.359, 0.399, 0.467, 0.465, 0.451, 0.463, 0.477, 0.516, 0.538, 0.51, 0.528, 0.575, 0.575, 0.604, 0.601, 0.596, 0.577, 0.528, 0.545, 0.557, 0.591, 0.558, 0.595, 0.619, 0.646, 0.709, 0.65, 0.612, 0.589, 0.568, 0.543, 0.586, 0.578, 0.591, 0.589, 0.575, 0.556, 0.537, 0.527, 0.516, 0.449, 0.429, 0.45, 0.445, 0.483, 0.523, 0.547, 0.549, 0.549, 0.508, 0.523, 0.531, 0.554, 0.546, 0.536, 0.54, 0.603, 0.595, 0.595, 0.589, 0.586, 0.576, 0.566, 0.546, 0.49, 0.425, 0.371, 0.352, 0.337, 0.331, 0.329, 0.303, 0.307, 0.322, 0.316, 0.327, 0.355, 0.359, 0.355, 0.348, 0.337, 0.333, 0.331, 0.344, 0.332, 0.337, 0.349, 0.327, 0.319, 0.33, 0.33, 0.314, 0.297, 0.26, 0.068, 0.056, 0.062, 0.063, 0.066, 0.085, 0.07, 0.059, 0.047, 0.047, 0.05, 0.045, 0.05, 0.054, 0.053, 0.055, 0.061, 0.049, 0.039, 0.042, 0.047, 0.055, 0.054, 0.058, 0.059, 0.075, 0.085, 0.13, 0.156, 0.146
precipitation[0][130], 0.188, 0.192, 0.195, 0.197, 0.202, 0.203, 0.212, 0.22, 0.23, 0.249, 0.248, 0.245, 0.239, 0.23, 0.228, 0.224, 0.216, 0.222, 0.229, 0.225, 0.223, 0.228, 0.234, 0.231, 0.233, 0.241, 0.261, 0.271, 0.282, 0.281, 0.279, 0.285, 0.298, 0.312, 0.297, 0.294, 0.289, 0.288, 0.298, 0.286, 0.274, 0.279, 0.293, 0.305, 0.302, 0.314, 0.31, 0.309, 0.283, 0.275, 0.263, 0.274, 0.253, 0.268, 0.272, 0.269, 0.291, 0.31, 0.348, 0.351, 0.344, 0.372, 0.405, 0.464, 0.489, 0.481, 0.484, 0.473, 0.504, 0.516, 0.498, 0.507, 0.55, 0.609, 0.604, 0.601, 0.593, 0.54, 0.531, 0.59, 0.586, 0.58, 0.561, 0.617, 0.632, 0.647, 0.713, 0.644, 0.608, 0.563, 0.561, 0.555, 0.593, 0.583, 0.55, 0.576, 0.575, 0.553, 0.551, 0.551, 0.527, 0.452, 0.434, 0.465, 0.452, 0.474, 0.506, 0.541, 0.534, 0.54, 0.514, 0.534, 0.528, 0.547, 0.534, 0.544, 0.54, 0.595, 0.572, 0.581, 0.581, 0.583, 0.575, 0.568, 0.532, 0.494, 0.411, 0.359, 0.345, 0.335, 0.333, 0.335, 0.311, 0.306, 0.304, 0.314, 0.317, 0.344, 0.341, 0.338, 0.329, 0.327, 0.345, 0.329, 0.339, 0.33, 0.323, 0.322, 0.332, 0.324, 0.325, 0.348, 0.313, 0.292, 0.264, 0.093, 0.057, 0.067, 0.098, 0.124, 0.1, 0.066, 0.047, 0.053, 0.05, 0.047, 0.045, 0.057, 0.059, 0.055, 0.076, 0.07, 0.051, 0.052, 0.045, 0.046, 0.059, 0.06, 0.065, 0.065, 0.085, 0.075, 0.107, 0.136, 0.147
precipitation[0][131], 0.179, 0.193, 0.198, 0.208, 0.208, 0.204, 0.211, 0.221, 0.227, 0.238, 0.236, 0.238, 0.231, 0.23, 0.236, 0.235, 0.222, 0.221, 0.226, 0.222, 0.226, 0.239, 0.238, 0.232, 0.243, 0.261, 0.264, 0.28, 0.289, 0.286, 0.289, 0.288, 0.3, 0.304, 0.309, 0.296, 0.291, 0.289, 0.284, 0.272, 0.272, 0.265, 0.28, 0.287, 0.289, 0.302, 0.306, 0.318, 0.294, 0.281, 0.268, 0.273, 0.279, 0.276, 0.278, 0.276, 0.295, 0.32, 0.352, 0.374, 0.361, 0.377, 0.417, 0.459, 0.477, 0.479, 0.502, 0.479, 0.507, 0.478, 0.484, 0.504, 0.539, 0.584, 0.627, 0.599, 0.573, 0.542, 0.496, 0.554, 0.573, 0.587, 0.549, 0.587, 0.582, 0.62, 0.673, 0.612, 0.586, 0.538, 0.528, 0.543, 0.593, 0.578, 0.544, 0.565, 0.561, 0.567, 0.56, 0.536, 0.534, 0.462, 0.442, 0.449, 0.439, 0.452, 0.478, 0.506, 0.525, 0.54, 0.539, 0.535, 0.563, 0.576, 0.591, 0.576, 0.562, 0.594, 0.576, 0.546, 0.552, 0.575, 0.561, 0.546, 0.487, 0.449, 0.381, 0.346, 0.331, 0.321, 0.325, 0.331, 0.32, 0.301, 0.299, 0.321, 0.329, 0.339, 0.332, 0.329, 0.324, 0.34, 0.34, 0.326, 0.334, 0.318, 0.32, 0.324, 0.318, 0.316, 0.314, 0.324, 0.316, 0.315, 0.272, 0.09, 0.093, 0.07, 0.08, 0.094, 0.07, 0.038, 0.039, 0.055, 0.048, 0.047, 0.052, 0.062, 0.048, 0.054, 0.071, 0.081, 0.063, 0.048, 0.044, 0.05, 0.065, 0.062, 0.085, 0.072, 0.106, 0.091, 0.092, 0.121, 0.119
precipitation[0][132], 0.191, 0.2, 0.21, 0.21, 0.217, 0.21, 0.212, 0.226, 0.228, 0.234, 0.231, 0.229, 0.225, 0.224, 0.247, 0.241, 0.231, 0.225, 0.222, 0.217, 0.229, 0.234, 0.238, 0.237, 0.246, 0.253, 0.27, 0.276, 0.277, 0.27, 0.281, 0.287, 0.305, 0.307, 0.305, 0.309, 0.294, 0.293, 0.299, 0.274, 0.265, 0.268, 0.273, 0.281, 0.284, 0.298, 0.299, 0.303, 0.284, 0.281, 0.267, 0.28, 0.289, 0.284, 0.285, 0.28, 0.29, 0.316, 0.366, 0.376, 0.361, 0.366, 0.396, 0.444, 0.478, 0.506, 0.521, 0.488, 0.476, 0.461, 0.496, 0.506, 0.52, 0.556, 0.596, 0.594, 0.552, 0.539, 0.535, 0.53, 0.567, 0.554, 0.543, 0.497, 0.549, 0.592, 0.614, 0.583, 0.569, 0.537, 0.512, 0.526, 0.56, 0.573, 0.572, 0.569, 0.569, 0.532, 0.544, 0.512, 0.525, 0.465, 0.453, 0.452, 0.433, 0.435, 0.47, 0.483, 0.482, 0.516, 0.528, 0.59, 0.61, 0.554, 0.531, 0.546, 0.521, 0.548, 0.519, 0.514, 0.531, 0.534, 0.524, 0.508, 0.454, 0.392, 0.354, 0.342, 0.326, 0.303, 0.311, 0.33, 0.342, 0.319, 0.314, 0.32, 0.321, 0.344, 0.326, 0.32, 0.309, 0.338, 0.348, 0.331, 0.321, 0.31, 0.316, 0.32, 0.314, 0.304, 0.309, 0.305, 0.296, 0.302, 0.127, 0.095, 0.091, 0.088, 0.103, 0.053, 0.032, 0.026, 0.031, 0.047, 0.046, 0.055, 0.057, 0.064, 0.048, 0.05, 0.065, 0.076, 0.064, 0.062, 0.064, 0.059, 0.071, 0.083, 0.083, 0.092, 0.108, 0.088, 0.093, 0.112, 0.121
