Dataset: 3B-MO.MS.MRG.3IMERG.20180901-S000000-E235959.09.V07B.HDF5
precipitation[0][0], 0.021, 0.019, 0.025, 0.02, 0.028, 0.028, 0.03, 0.028, 0.028, 0.027, 0.028, 0.031, 0.026, 0.027, 0.034, 0.043, 0.033, 0.034, 0.035, 0.031, 0.031, 0.03, 0.029, 0.028, 0.025, 0.024, 0.022, 0.021, 0.019, 0.018, 0.016, 0.015, 0.014, 0.015, 0.014, 0.014, 0.015, 0.014, 0.015, 0.015, 0.014, 0.014, 0.017, 0.022, 0.027, 0.031, 0.037, 0.047, 0.069, 0.049, 0.049, 0.053, 0.06, 0.074, 0.082, 0.089, 0.099, 0.082, 0.047, 0.047, 0.037, 0.03, 0.027, 0.023, 0.022, 0.028, 0.03, 0.041, 0.034, 0.032, 0.036, 0.045, 0.069, 0.076, 0.102, 0.124, 0.145, 0.165, 0.194, 0.247, 0.277, 0.338, 0.457, 0.502, 0.606, 0.711, 0.808, 0.82, 0.836, 0.883, 0.892, 1.009, 0.91, 0.879, 0.658, 0.58, 0.496, 0.403, 0.432, 0.466, 0.52, 0.555, 0.664, 0.86, 0.875, 0.894, 0.907, 0.868, 0.86, 0.865, 0.833, 0.79, 0.81, 0.797, 0.882, 0.785, 0.999, 0.998, 1.082, 1.04, 0.778, 0.489, 0.57, 0.566, 0.755, 0.751, 0.793, 0.622, 0.621, 0.655, 0.575, 0.536, 0.473, 0.304, 0.286, 0.447, 0.6, 0.629, 0.658, 0.664, 0.657, 0.739, 0.78, 0.661, 0.562, 0.621, 0.789, 0.848, 0.84, 0.816, 0.913, 0.985, 0.835, 0.712, 0.706, 0.645, 0.471, 0.37, 0.254, 0.241, 0.227, 0.189, 0.166, 0.203, 0.215, 0.3, 0.285, 0.398, 0.363, 0.356, 0.252, 0.267, 0.255, 0.211, 0.207, 0.206, 0.209, 0.266, 0.325, 0.321, 0.312, 0.264, 0.244, 0.213, 0.163
precipitation[0][1], 0.045, 0.039, 0.03, 0.032, 0.043, 0.033, 0.036, 0.035, 0.032, 0.034, 0.038, 0.038, 0.034, 0.034, 0.035, 0.047, 0.039, 0.038, 0.039, 0.04, 0.035, 0.032, 0.031, 0.03, 0.028, 0.027, 0.026, 0.024, 0.023, 0.021, 0.02, 0.018, 0.018, 0.019, 0.017, 0.017, 0.018, 0.017, 0.018, 0.018, 0.018, 0.018, 0.019, 0.024, 0.028, 0.033, 0.039, 0.043, 0.047, 0.049, 0.051, 0.054, 0.063, 0.079, 0.09, 0.096, 0.103, 0.093, 0.042, 0.046, 0.043, 0.032, 0.029, 0.032, 0.031, 0.031, 0.034, 0.045, 0.032, 0.031, 0.032, 0.043, 0.072, 0.089, 0.124, 0.151, 0.169, 0.188, 0.221, 0.261, 0.288, 0.346, 0.451, 0.561, 0.672, 0.731, 0.795, 0.758, 0.866, 0.926, 0.969, 1.062, 1.038, 0.907, 0.754, 0.644, 0.541, 0.449, 0.399, 0.457, 0.506, 0.524, 0.599, 0.736, 0.763, 0.736, 0.806, 0.755, 0.73, 0.85, 0.928, 0.819, 0.803, 0.746, 0.884, 0.818, 1.03, 0.919, 1.128, 0.911, 0.889, 0.691, 0.687, 0.603, 0.806, 0.833, 0.849, 0.699, 0.638, 0.72, 0.634, 0.73, 0.452, 0.37, 0.408, 0.342, 0.591, 0.625, 0.629, 0.637, 0.652, 0.674, 0.783, 0.625, 0.513, 0.6, 0.76, 0.902, 0.813, 0.815, 0.825, 0.843, 0.754, 0.672, 0.671, 0.62, 0.465, 0.346, 0.256, 0.244, 0.247, 0.205, 0.183, 0.209, 0.25, 0.353, 0.369, 0.412, 0.425, 0.389, 0.262, 0.25, 0.232, 0.205, 0.199, 0.207, 0.207, 0.265, 0.32, 0.319, 0.277, 0.264, 0.243, 0.214, 0.17
precipitation[0][2], 0.073, 0.069, 0.054, 0.056, 0.067, 0.048, 0.044, 0.043, 0.047, 0.046, 0.045, 0.044, 0.041, 0.042, 0.039, 0.04, 0.043, 0.047, 0.051, 0.042, 0.042, 0.036, 0.035, 0.034, 0.032, 0.031, 0.03, 0.03, 0.031, 0.029, 0.028, 0.03, 0.025, 0.027, 0.024, 0.025, 0.025, 0.025, 0.024, 0.024, 0.025, 0.025, 0.026, 0.03, 0.034, 0.038, 0.042, 0.044, 0.049, 0.052, 0.054, 0.059, 0.07, 0.085, 0.099, 0.107, 0.116, 0.115, 0.101, 0.048, 0.044, 0.038, 0.038, 0.041, 0.045, 0.038, 0.038, 0.047, 0.035, 0.034, 0.047, 0.052, 0.082, 0.109, 0.137, 0.173, 0.204, 0.237, 0.263, 0.31, 0.348, 0.442, 0.515, 0.635, 0.668, 0.725, 0.782, 0.88, 0.895, 0.943, 0.9, 0.985, 0.943, 0.863, 0.709, 0.678, 0.536, 0.442, 0.452, 0.471, 0.478, 0.481, 0.551, 0.621, 0.619, 0.696, 0.684, 0.68, 0.745, 0.765, 0.835, 0.835, 0.797, 0.835, 0.895, 0.856, 1.023, 1.201, 1.087, 0.985, 0.775, 0.643, 0.667, 0.61, 0.698, 0.91, 0.915, 0.798, 0.706, 0.826, 0.709, 0.519, 0.445, 0.401, 0.389, 0.273, 0.484, 0.541, 0.55, 0.615, 0.636, 0.66, 0.7, 0.522, 0.591, 0.726, 0.809, 0.829, 0.86, 0.743, 0.783, 0.765, 0.716, 0.639, 0.618, 0.509, 0.375, 0.265, 0.247, 0.28, 0.297, 0.245, 0.203, 0.202, 0.298, 0.393, 0.392, 0.387, 0.424, 0.369, 0.268, 0.205, 0.21, 0.203, 0.183, 0.203, 0.197, 0.253, 0.295, 0.29, 0.242, 0.201, 0.218, 0.215, 0.215
precipitation[0][3], 0.062, 0.079, 0.07, 0.067, 0.079, 0.066, 0.063, 0.057, 0.06, 0.06, 0.06, 0.054, 0.053, 0.051, 0.045, 0.045, 0.051, 0.061, 0.069, 0.064, 0.062, 0.046, 0.039, 0.037, 0.035, 0.035, 0.035, 0.037, 0.043, 0.039, 0.04, 0.04, 0.038, 0.039, 0.034, 0.031, 0.035, 0.034, 0.033, 0.031, 0.032, 0.032, 0.032, 0.037, 0.041, 0.044, 0.049, 0.05, 0.052, 0.054, 0.059, 0.066, 0.078, 0.092, 0.109, 0.123, 0.133, 0.133, 0.147, 0.061, 0.051, 0.045, 0.042, 0.045, 0.038, 0.035, 0.038, 0.043, 0.037, 0.034, 0.044, 0.054, 0.097, 0.132, 0.147, 0.207, 0.239, 0.26, 0.301, 0.333, 0.354, 0.458, 0.56, 0.645, 0.71, 0.816, 0.817, 0.878, 0.94, 0.906, 0.856, 0.911, 0.943, 0.808, 0.704, 0.631, 0.553, 0.482, 0.515, 0.518, 0.51, 0.469, 0.574, 0.577, 0.685, 0.657, 0.691, 0.629, 0.675, 0.653, 0.7, 0.749, 0.895, 0.907, 0.993, 1.073, 1.112, 1.086, 1.019, 0.909, 0.858, 0.688, 0.611, 0.61, 0.746, 0.787, 0.754, 0.745, 0.707, 0.749, 0.734, 0.724, 0.59, 0.459, 0.365, 0.248, 0.492, 0.534, 0.511, 0.558, 0.61, 0.653, 0.704, 0.521, 0.609, 0.894, 0.904, 0.731, 0.739, 0.686, 0.718, 0.725, 0.652, 0.601, 0.541, 0.491, 0.342, 0.266, 0.245, 0.292, 0.299, 0.226, 0.218, 0.219, 0.305, 0.436, 0.452, 0.433, 0.463, 0.421, 0.289, 0.206, 0.205, 0.188, 0.179, 0.206, 0.218, 0.258, 0.273, 0.265, 0.209, 0.188, 0.215, 0.237, 0.248
precipitation[0][4], 0.07, 0.08, 0.083, 0.085, 0.088, 0.081, 0.07, 0.073, 0.071, 0.075, 0.074, 0.068, 0.064, 0.059, 0.054, 0.053, 0.05, 0.054, 0.058, 0.055, 0.061, 0.048, 0.042, 0.041, 0.039, 0.041, 0.039, 0.041, 0.044, 0.041, 0.041, 0.044, 0.047, 0.047, 0.038, 0.038, 0.037, 0.039, 0.041, 0.037, 0.038, 0.037, 0.038, 0.042, 0.048, 0.049, 0.054, 0.055, 0.056, 0.058, 0.063, 0.075, 0.087, 0.101, 0.119, 0.137, 0.149, 0.154, 0.166, 0.137, 0.058, 0.049, 0.041, 0.039, 0.038, 0.034, 0.049, 0.048, 0.043, 0.046, 0.056, 0.078, 0.106, 0.135, 0.153, 0.221, 0.282, 0.303, 0.331, 0.363, 0.387, 0.475, 0.575, 0.654, 0.786, 0.839, 0.819, 0.774, 0.852, 0.856, 0.834, 0.914, 0.916, 0.873, 0.734, 0.644, 0.586, 0.54, 0.54, 0.544, 0.496, 0.561, 0.589, 0.599, 0.759, 0.676, 0.675, 0.65, 0.628, 0.591, 0.698, 0.76, 0.96, 0.952, 1.056, 1.105, 1.071, 1.132, 1.065, 1.091, 0.871, 0.681, 0.601, 0.606, 0.734, 0.76, 0.734, 0.692, 0.711, 0.87, 0.772, 0.836, 0.592, 0.446, 0.385, 0.292, 0.504, 0.497, 0.498, 0.533, 0.641, 0.673, 0.678, 0.448, 0.587, 0.809, 0.752, 0.673, 0.656, 0.558, 0.673, 0.748, 0.709, 0.571, 0.531, 0.481, 0.329, 0.287, 0.267, 0.342, 0.329, 0.225, 0.179, 0.214, 0.299, 0.492, 0.585, 0.419, 0.462, 0.358, 0.31, 0.218, 0.208, 0.19, 0.18, 0.211, 0.235, 0.255, 0.249, 0.243, 0.199, 0.186, 0.275, 0.242, 0.139
precipitation[0][5], 0.095, 0.103, 0.104, 0.103, 0.098, 0.085, 0.081, 0.083, 0.082, 0.09, 0.093, 0.086, 0.073, 0.069, 0.062, 0.059, 0.056, 0.058, 0.056, 0.055, 0.053, 0.048, 0.044, 0.045, 0.046, 0.069, 0.048, 0.048, 0.052, 0.049, 0.049, 0.053, 0.049, 0.05, 0.045, 0.046, 0.044, 0.048, 0.053, 0.049, 0.043, 0.046, 0.043, 0.047, 0.052, 0.055, 0.059, 0.059, 0.062, 0.063, 0.068, 0.088, 0.103, 0.11, 0.128, 0.151, 0.174, 0.176, 0.184, 0.194, 0.151, 0.046, 0.052, 0.048, 0.041, 0.036, 0.036, 0.045, 0.04, 0.048, 0.057, 0.098, 0.125, 0.157, 0.187, 0.248, 0.317, 0.347, 0.402, 0.417, 0.439, 0.495, 0.654, 0.652, 0.738, 0.766, 0.717, 0.73, 0.821, 0.916, 0.858, 0.964, 0.852, 0.932, 0.803, 0.69, 0.657, 0.613, 0.57, 0.628, 0.599, 0.581, 0.583, 0.651, 0.79, 0.731, 0.599, 0.609, 0.648, 0.717, 0.793, 0.858, 1.017, 1.051, 1.097, 1.163, 1.113, 1.338, 1.203, 1.097, 0.864, 0.659, 0.641, 0.665, 0.796, 0.832, 0.766, 0.634, 0.67, 0.694, 0.844, 0.808, 0.575, 0.368, 0.312, 0.389, 0.55, 0.506, 0.49, 0.516, 0.59, 0.67, 0.58, 0.454, 0.573, 0.772, 0.656, 0.731, 0.667, 0.567, 0.689, 0.716, 0.636, 0.584, 0.497, 0.445, 0.345, 0.261, 0.259, 0.295, 0.226, 0.214, 0.186, 0.207, 0.262, 0.376, 0.455, 0.467, 0.404, 0.351, 0.316, 0.245, 0.226, 0.198, 0.189, 0.217, 0.231, 0.239, 0.247, 0.214, 0.169, 0.152, 0.215, 0.165, 0.109
precipitation[0][6], 0.118, 0.142, 0.136, 0.12, 0.085, 0.092, 0.097, 0.108, 0.107, 0.118, 0.112, 0.112, 0.089, 0.077, 0.069, 0.063, 0.057, 0.063, 0.059, 0.056, 0.055, 0.051, 0.053, 0.062, 0.053, 0.055, 0.061, 0.055, 0.059, 0.056, 0.054, 0.065, 0.063, 0.058, 0.055, 0.052, 0.055, 0.062, 0.061, 0.059, 0.055, 0.05, 0.052, 0.057, 0.063, 0.064, 0.067, 0.069, 0.072, 0.071, 0.079, 0.093, 0.108, 0.121, 0.138, 0.157, 0.18, 0.195, 0.212, 0.217, 0.217, 0.217, 0.245, 0.238, 0.252, 0.048, 0.042, 0.053, 0.053, 0.056, 0.061, 0.094, 0.119, 0.175, 0.215, 0.278, 0.361, 0.416, 0.448, 0.47, 0.514, 0.566, 0.707, 0.731, 0.73, 0.753, 0.704, 0.735, 0.843, 0.997, 1.05, 1.033, 0.946, 0.935, 0.862, 0.745, 0.661, 0.656, 0.6, 0.713, 0.55, 0.573, 0.707, 0.753, 0.752, 0.738, 0.676, 0.643, 0.687, 0.828, 0.858, 0.902, 0.948, 1.028, 1.137, 1.102, 1.216, 1.355, 1.298, 1.197, 0.868, 0.715, 0.845, 0.83, 0.883, 0.751, 0.766, 0.705, 0.756, 0.786, 0.932, 0.842, 0.518, 0.388, 0.349, 0.558, 0.544, 0.476, 0.433, 0.485, 0.588, 0.699, 0.517, 0.477, 0.554, 0.717, 0.577, 0.684, 0.593, 0.536, 0.627, 0.589, 0.594, 0.503, 0.42, 0.421, 0.331, 0.256, 0.247, 0.277, 0.221, 0.201, 0.176, 0.19, 0.241, 0.333, 0.376, 0.407, 0.419, 0.346, 0.302, 0.265, 0.238, 0.214, 0.227, 0.24, 0.227, 0.221, 0.204, 0.174, 0.211, 0.167, 0.238, 0.136, 0.091
precipitation[0][7], 0.134, 0.143, 0.136, 0.119, 0.127, 0.157, 0.132, 0.124, 0.128, 0.142, 0.122, 0.131, 0.102, 0.096, 0.087, 0.078, 0.069, 0.069, 0.065, 0.063, 0.056, 0.052, 0.051, 0.055, 0.055, 0.053, 0.058, 0.055, 0.056, 0.055, 0.059, 0.066, 0.061, 0.057, 0.056, 0.057, 0.058, 0.06, 0.057, 0.056, 0.056, 0.054, 0.059, 0.063, 0.068, 0.07, 0.075, 0.073, 0.074, 0.073, 0.081, 0.091, 0.106, 0.132, 0.149, 0.167, 0.195, 0.221, 0.241, 0.248, 0.249, 0.254, 0.269, 0.282, 0.29, 0.264, 0.042, 0.059, 0.057, 0.059, 0.07, 0.11, 0.157, 0.212, 0.246, 0.328, 0.512, 0.57, 0.593, 0.552, 0.548, 0.653, 0.82, 0.692, 0.725, 0.77, 0.751, 0.853, 0.9, 0.961, 1.093, 1.051, 0.898, 0.961, 0.901, 0.876, 0.75, 0.661, 0.638, 0.768, 0.613, 0.618, 0.732, 0.709, 0.736, 0.762, 0.735, 0.718, 0.821, 0.912, 0.949, 1.089, 1.085, 1.156, 1.145, 1.044, 1.173, 1.131, 1.291, 1.224, 0.854, 0.718, 1.049, 0.979, 0.936, 0.912, 0.924, 0.784, 0.753, 0.747, 0.852, 0.739, 0.607, 0.533, 0.374, 0.57, 0.538, 0.466, 0.467, 0.591, 0.657, 0.685, 0.473, 0.45, 0.547, 0.648, 0.573, 0.681, 0.586, 0.508, 0.521, 0.493, 0.509, 0.405, 0.39, 0.386, 0.312, 0.234, 0.267, 0.246, 0.215, 0.202, 0.178, 0.203, 0.255, 0.355, 0.434, 0.466, 0.449, 0.384, 0.289, 0.259, 0.248, 0.256, 0.261, 0.284, 0.234, 0.205, 0.206, 0.17, 0.249, 0.197, 0.184, 0.052, 0.041
precipitation[0][8], 0.135, 0.135, 0.122, 0.123, 0.131, 0.136, 0.145, 0.136, 0.142, 0.13, 0.141, 0.137, 0.122, 0.112, 0.102, 0.086, 0.079, 0.077, 0.072, 0.068, 0.062, 0.056, 0.054, 0.056, 0.056, 0.056, 0.055, 0.058, 0.059, 0.06, 0.06, 0.065, 0.062, 0.061, 0.06, 0.06, 0.062, 0.064, 0.062, 0.063, 0.064, 0.062, 0.064, 0.073, 0.077, 0.083, 0.088, 0.084, 0.08, 0.079, 0.082, 0.093, 0.113, 0.134, 0.164, 0.182, 0.207, 0.241, 0.256, 0.282, 0.284, 0.286, 0.291, 0.301, 0.304, 0.302, 0.279, 0.06, 0.059, 0.065, 0.083, 0.122, 0.184, 0.246, 0.291, 0.383, 0.593, 0.648, 0.714, 0.677, 0.709, 0.741, 0.917, 0.82, 0.816, 0.819, 0.881, 0.957, 1.028, 1.106, 1.181, 1.137, 0.94, 0.996, 0.972, 0.886, 0.775, 0.68, 0.774, 0.719, 0.786, 0.651, 0.724, 0.707, 0.764, 0.825, 0.793, 0.849, 0.868, 1.023, 1.113, 1.098, 1.078, 1.194, 1.068, 1.089, 1.03, 1.118, 1.278, 1.139, 0.828, 0.743, 0.957, 1.085, 0.945, 1.003, 0.926, 0.61, 0.616, 0.673, 0.767, 0.682, 0.458, 0.46, 0.534, 0.534, 0.559, 0.474, 0.495, 0.597, 0.644, 0.67, 0.43, 0.44, 0.566, 0.681, 0.559, 0.58, 0.552, 0.427, 0.45, 0.394, 0.366, 0.322, 0.32, 0.358, 0.292, 0.244, 0.238, 0.22, 0.21, 0.199, 0.187, 0.199, 0.265, 0.342, 0.466, 0.412, 0.435, 0.406, 0.293, 0.271, 0.295, 0.282, 0.273, 0.272, 0.225, 0.193, 0.198, 0.173, 0.206, 0.208, 0.102, 0.037, 0.031
precipitation[0][9], 0.183, 0.163, 0.154, 0.137, 0.121, 0.12, 0.132, 0.144, 0.142, 0.157, 0.168, 0.151, 0.145, 0.134, 0.122, 0.1, 0.097, 0.09, 0.081, 0.076, 0.069, 0.064, 0.06, 0.06, 0.059, 0.059, 0.06, 0.064, 0.064, 0.065, 0.066, 0.069, 0.069, 0.069, 0.066, 0.067, 0.069, 0.068, 0.067, 0.069, 0.07, 0.07, 0.073, 0.085, 0.087, 0.105, 0.103, 0.087, 0.087, 0.087, 0.092, 0.099, 0.116, 0.142, 0.175, 0.191, 0.221, 0.249, 0.279, 0.304, 0.302, 0.314, 0.313, 0.317, 0.325, 0.321, 0.313, 0.22, 0.212, 0.229, 0.218, 0.077, 0.16, 0.253, 0.327, 0.469, 0.598, 0.751, 0.805, 0.814, 0.858, 0.863, 0.929, 0.882, 0.875, 0.985, 1.065, 1.082, 1.207, 1.182, 1.082, 0.993, 0.984, 1.071, 0.99, 0.988, 0.801, 0.712, 0.695, 0.729, 0.813, 0.716, 0.712, 0.787, 0.865, 0.96, 0.927, 0.974, 0.984, 0.99, 1.155, 1.076, 1.067, 1.058, 1.043, 0.977, 1.151, 1.286, 1.199, 1.064, 0.968, 0.776, 0.827, 0.854, 0.919, 0.875, 0.805, 0.565, 0.495, 0.577, 0.53, 0.403, 0.401, 0.595, 0.511, 0.549, 0.497, 0.428, 0.484, 0.581, 0.606, 0.665, 0.448, 0.48, 0.565, 0.689, 0.565, 0.545, 0.522, 0.43, 0.38, 0.352, 0.295, 0.269, 0.303, 0.314, 0.284, 0.206, 0.234, 0.227, 0.223, 0.205, 0.196, 0.199, 0.262, 0.287, 0.338, 0.398, 0.454, 0.34, 0.26, 0.267, 0.294, 0.296, 0.278, 0.257, 0.199, 0.172, 0.19, 0.178, 0.257, 0.193, 0.066, 0.034, 0.028
precipitation[0][10], 0.209, 0.211, 0.204, 0.158, 0.144, 0.142, 0.152, 0.158, 0.173, 0.188, 0.173, 0.202, 0.177, 0.157, 0.15, 0.126, 0.114, 0.109, 0.099, 0.089, 0.087, 0.076, 0.074, 0.068, 0.068, 0.064, 0.066, 0.071, 0.072, 0.073, 0.074, 0.074, 0.074, 0.073, 0.073, 0.072, 0.073, 0.074, 0.073, 0.074, 0.077, 0.077, 0.075, 0.085, 0.087, 0.094, 0.093, 0.094, 0.091, 0.092, 0.092, 0.1, 0.121, 0.134, 0.162, 0.186, 0.228, 0.264, 0.305, 0.319, 0.32, 0.336, 0.344, 0.34, 0.343, 0.368, 0.347, 0.22, 0.201, 0.213, 0.239, 0.292, 0.177, 0.264, 0.361, 0.516, 0.697, 0.845, 1.022, 1.094, 1.079, 1.102, 1.071, 1.04, 1.025, 1.107, 1.168, 1.128, 1.226, 1.205, 1.052, 0.997, 1.047, 1.049, 0.99, 0.909, 0.86, 0.798, 0.792, 0.688, 0.704, 0.645, 0.655, 0.83, 0.923, 0.926, 0.912, 1.052, 1.003, 1.006, 1.147, 1.145, 1.066, 0.97, 1.023, 0.997, 1.114, 1.155, 1.13, 1.142, 1.092, 0.844, 0.755, 0.817, 0.774, 0.817, 0.675, 0.59, 0.468, 0.486, 0.396, 0.404, 0.517, 0.481, 0.464, 0.435, 0.456, 0.419, 0.508, 0.554, 0.583, 0.593, 0.406, 0.534, 0.594, 0.66, 0.574, 0.56, 0.522, 0.461, 0.35, 0.279, 0.246, 0.226, 0.272, 0.257, 0.239, 0.213, 0.245, 0.223, 0.247, 0.235, 0.213, 0.255, 0.304, 0.356, 0.371, 0.331, 0.337, 0.266, 0.26, 0.278, 0.31, 0.308, 0.267, 0.249, 0.178, 0.151, 0.151, 0.171, 0.13, 0.099, 0.044, 0.031, 0.026
precipitation[0][11], 0.285, 0.244, 0.238, 0.187, 0.185, 0.147, 0.149, 0.168, 0.184, 0.178, 0.176, 0.195, 0.196, 0.174, 0.151, 0.141, 0.121, 0.115, 0.106, 0.093, 0.083, 0.084, 0.08, 0.072, 0.071, 0.07, 0.074, 0.083, 0.085, 0.096, 0.088, 0.088, 0.087, 0.085, 0.084, 0.085, 0.084, 0.082, 0.082, 0.089, 0.09, 0.086, 0.089, 0.091, 0.096, 0.101, 0.096, 0.095, 0.096, 0.1, 0.097, 0.116, 0.122, 0.138, 0.16, 0.184, 0.225, 0.255, 0.316, 0.319, 0.346, 0.35, 0.355, 0.358, 0.349, 0.359, 0.353, 0.211, 0.208, 0.214, 0.245, 0.29, 0.394, 0.263, 0.45, 0.625, 0.795, 0.969, 0.993, 1.111, 1.177, 1.178, 1.181, 1.188, 1.194, 1.214, 1.258, 1.397, 1.298, 1.152, 1.122, 1.126, 1.203, 1.106, 1.006, 0.942, 0.949, 0.86, 0.832, 0.793, 0.749, 0.729, 0.65, 0.794, 0.8, 0.912, 0.896, 0.983, 1.019, 1.057, 1.05, 1.045, 0.977, 0.974, 0.988, 1.009, 1.055, 1.288, 1.244, 1.095, 1.032, 0.842, 0.733, 0.773, 0.764, 0.775, 0.732, 0.518, 0.406, 0.378, 0.419, 0.555, 0.472, 0.4, 0.372, 0.42, 0.409, 0.371, 0.482, 0.614, 0.622, 0.406, 0.439, 0.53, 0.662, 0.635, 0.604, 0.54, 0.471, 0.438, 0.329, 0.294, 0.22, 0.187, 0.24, 0.234, 0.214, 0.208, 0.253, 0.244, 0.309, 0.375, 0.283, 0.305, 0.33, 0.386, 0.42, 0.312, 0.323, 0.269, 0.286, 0.311, 0.332, 0.306, 0.245, 0.202, 0.155, 0.136, 0.138, 0.1, 0.108, 0.053, 0.034, 0.034, 0.028
precipitation[0][12], 0.263, 0.255, 0.237, 0.208, 0.198, 0.187, 0.207, 0.182, 0.183, 0.172, 0.184, 0.197, 0.189, 0.223, 0.185, 0.139, 0.152, 0.12, 0.113, 0.122, 0.106, 0.092, 0.09, 0.089, 0.083, 0.088, 0.094, 0.107, 0.106, 0.106, 0.113, 0.114, 0.111, 0.103, 0.108, 0.109, 0.105, 0.1, 0.098, 0.099, 0.098, 0.099, 0.101, 0.102, 0.106, 0.107, 0.105, 0.106, 0.105, 0.102, 0.104, 0.115, 0.122, 0.138, 0.158, 0.187, 0.215, 0.235, 0.267, 0.278, 0.312, 0.318, 0.346, 0.35, 0.347, 0.354, 0.363, 0.24, 0.232, 0.253, 0.285, 0.338, 0.428, 0.419, 0.411, 0.719, 0.934, 1.002, 1.046, 1.196, 1.236, 1.327, 1.315, 1.316, 1.293, 1.389, 1.484, 1.49, 1.365, 1.234, 1.242, 1.271, 1.188, 1.301, 1.114, 1.066, 0.996, 1.068, 1.05, 0.853, 0.697, 0.678, 0.652, 0.751, 0.823, 0.877, 0.936, 0.982, 1.116, 1.058, 1.095, 1.089, 1.031, 1.049, 1.106, 1.089, 1.018, 1.085, 1.126, 1.09, 0.901, 0.681, 0.637, 0.567, 0.89, 0.823, 0.704, 0.683, 0.532, 0.341, 0.464, 0.481, 0.446, 0.398, 0.387, 0.421, 0.433, 0.393, 0.485, 0.57, 0.575, 0.392, 0.447, 0.507, 0.6, 0.642, 0.655, 0.518, 0.458, 0.389, 0.287, 0.265, 0.216, 0.195, 0.232, 0.178, 0.206, 0.228, 0.262, 0.275, 0.332, 0.271, 0.324, 0.302, 0.354, 0.43, 0.351, 0.329, 0.308, 0.296, 0.31, 0.329, 0.341, 0.297, 0.223, 0.162, 0.112, 0.086, 0.07, 0.06, 0.047, 0.039, 0.028, 0.037, 0.045
precipitation[0][13], 0.219, 0.248, 0.242, 0.201, 0.194, 0.231, 0.199, 0.189, 0.18, 0.187, 0.195, 0.178, 0.181, 0.217, 0.208, 0.164, 0.174, 0.148, 0.128, 0.124, 0.126, 0.12, 0.11, 0.113, 0.119, 0.129, 0.131, 0.132, 0.145, 0.132, 0.145, 0.142, 0.129, 0.132, 0.143, 0.136, 0.13, 0.121, 0.119, 0.115, 0.112, 0.111, 0.109, 0.111, 0.112, 0.113, 0.112, 0.108, 0.112, 0.106, 0.103, 0.106, 0.116, 0.136, 0.157, 0.182, 0.205, 0.199, 0.231, 0.257, 0.282, 0.293, 0.329, 0.341, 0.339, 0.346, 0.377, 0.28, 0.27, 0.311, 0.349, 0.389, 0.474, 0.599, 0.447, 0.721, 1.046, 1.085, 1.12, 1.372, 1.44, 1.435, 1.633, 1.604, 1.491, 1.567, 1.596, 1.472, 1.429, 1.472, 1.369, 1.347, 1.323, 1.471, 1.244, 1.161, 1.115, 1.195, 0.987, 0.913, 0.87, 0.851, 0.858, 0.875, 0.909, 0.901, 0.953, 1.116, 1.244, 1.128, 1.056, 0.983, 0.996, 1.016, 1.209, 1.05, 0.98, 1.034, 0.945, 0.926, 0.685, 0.571, 0.64, 0.729, 0.773, 0.686, 0.586, 0.53, 0.509, 0.465, 0.471, 0.43, 0.409, 0.384, 0.398, 0.432, 0.457, 0.396, 0.511, 0.494, 0.597, 0.366, 0.46, 0.537, 0.575, 0.687, 0.586, 0.49, 0.376, 0.336, 0.27, 0.262, 0.208, 0.215, 0.22, 0.218, 0.226, 0.209, 0.273, 0.289, 0.295, 0.291, 0.294, 0.336, 0.409, 0.406, 0.358, 0.355, 0.356, 0.343, 0.334, 0.292, 0.296, 0.276, 0.199, 0.116, 0.089, 0.072, 0.051, 0.036, 0.032, 0.031, 0.028, 0.033, 0.045
precipitation[0][14], 0.233, 0.242, 0.22, 0.25, 0.256, 0.241, 0.206, 0.192, 0.188, 0.195, 0.201, 0.187, 0.191, 0.217, 0.222, 0.187, 0.159, 0.145, 0.141, 0.139, 0.141, 0.138, 0.121, 0.126, 0.108, 0.126, 0.128, 0.129, 0.142, 0.13, 0.146, 0.144, 0.14, 0.148, 0.153, 0.153, 0.148, 0.153, 0.15, 0.136, 0.129, 0.136, 0.126, 0.122, 0.121, 0.122, 0.123, 0.125, 0.119, 0.115, 0.112, 0.111, 0.118, 0.135, 0.16, 0.179, 0.202, 0.199, 0.22, 0.252, 0.271, 0.288, 0.309, 0.325, 0.329, 0.35, 0.379, 0.286, 0.287, 0.333, 0.35, 0.375, 0.5, 0.634, 0.491, 0.669, 1.062, 1.188, 1.372, 1.609, 1.655, 1.62, 1.831, 1.691, 1.674, 1.667, 1.567, 1.491, 1.521, 1.6, 1.406, 1.38, 1.411, 1.459, 1.291, 1.204, 1.185, 1.284, 1.135, 1.162, 0.975, 0.973, 1.022, 0.89, 0.919, 0.982, 1.072, 1.197, 1.257, 1.177, 1.077, 1.027, 0.997, 1.005, 1.003, 0.846, 0.904, 0.795, 0.762, 0.753, 0.597, 0.695, 0.668, 0.692, 0.683, 0.647, 0.515, 0.521, 0.519, 0.529, 0.428, 0.396, 0.416, 0.461, 0.401, 0.426, 0.445, 0.429, 0.552, 0.483, 0.419, 0.553, 0.558, 0.564, 0.672, 0.774, 0.477, 0.411, 0.31, 0.321, 0.272, 0.304, 0.224, 0.176, 0.18, 0.214, 0.247, 0.243, 0.295, 0.345, 0.355, 0.319, 0.318, 0.376, 0.46, 0.465, 0.504, 0.481, 0.378, 0.336, 0.351, 0.28, 0.253, 0.216, 0.164, 0.092, 0.075, 0.048, 0.032, 0.023, 0.019, 0.032, 0.032, 0.023, 0.043
precipitation[0][15], 0.23, 0.237, 0.241, 0.246, 0.259, 0.294, 0.281, 0.2, 0.199, 0.213, 0.224, 0.228, 0.19, 0.184, 0.227, 0.199, 0.175, 0.153, 0.148, 0.156, 0.149, 0.16, 0.152, 0.134, 0.123, 0.117, 0.147, 0.161, 0.166, 0.141, 0.153, 0.168, 0.171, 0.171, 0.176, 0.194, 0.185, 0.173, 0.159, 0.163, 0.153, 0.152, 0.14, 0.139, 0.139, 0.142, 0.148, 0.145, 0.136, 0.125, 0.12, 0.12, 0.124, 0.142, 0.16, 0.169, 0.19, 0.187, 0.196, 0.223, 0.265, 0.265, 0.273, 0.308, 0.318, 0.34, 0.364, 0.272, 0.302, 0.334, 0.356, 0.388, 0.514, 0.649, 0.562, 0.681, 0.929, 1.186, 1.448, 1.582, 1.729, 1.82, 2, 1.921, 1.892, 1.946, 1.772, 1.622, 1.619, 1.564, 1.43, 1.402, 1.451, 1.467, 1.246, 1.225, 1.138, 1.192, 1.292, 1.154, 0.999, 1.095, 1.049, 1.007, 1.076, 1.072, 1.072, 1.159, 1.144, 1.19, 1.069, 1.033, 0.923, 0.87, 0.811, 0.84, 0.795, 0.781, 0.74, 0.549, 0.69, 0.57, 0.564, 0.639, 0.632, 0.579, 0.589, 0.545, 0.578, 0.475, 0.407, 0.471, 0.389, 0.362, 0.359, 0.388, 0.43, 0.491, 0.52, 0.525, 0.418, 0.542, 0.613, 0.558, 0.503, 0.531, 0.392, 0.349, 0.281, 0.304, 0.233, 0.311, 0.222, 0.178, 0.166, 0.183, 0.221, 0.272, 0.375, 0.383, 0.35, 0.336, 0.326, 0.418, 0.469, 0.464, 0.474, 0.428, 0.331, 0.305, 0.33, 0.242, 0.219, 0.188, 0.128, 0.078, 0.057, 0.036, 0.026, 0.019, 0.015, 0.026, 0.023, 0.022, 0.039
precipitation[0][16], 0.241, 0.25, 0.242, 0.31, 0.305, 0.234, 0.251, 0.221, 0.25, 0.283, 0.271, 0.287, 0.205, 0.212, 0.262, 0.243, 0.255, 0.195, 0.163, 0.168, 0.165, 0.168, 0.17, 0.142, 0.128, 0.128, 0.154, 0.168, 0.158, 0.16, 0.173, 0.187, 0.183, 0.189, 0.195, 0.231, 0.209, 0.199, 0.185, 0.192, 0.169, 0.171, 0.152, 0.154, 0.155, 0.162, 0.17, 0.154, 0.146, 0.145, 0.133, 0.128, 0.13, 0.142, 0.151, 0.162, 0.179, 0.174, 0.178, 0.199, 0.218, 0.234, 0.265, 0.302, 0.317, 0.335, 0.361, 0.306, 0.357, 0.378, 0.42, 0.472, 0.568, 0.671, 0.56, 0.681, 0.958, 1.439, 1.74, 1.922, 2.134, 1.938, 1.974, 2.29, 2.099, 1.94, 1.907, 1.801, 1.821, 1.682, 1.481, 1.403, 1.501, 1.422, 1.301, 1.232, 1.322, 1.428, 1.344, 1.322, 1.184, 1.152, 1.146, 1.157, 1.281, 1.347, 1.239, 1.377, 1.201, 1.188, 1.023, 1.003, 0.916, 0.797, 0.814, 0.683, 0.664, 0.623, 0.623, 0.71, 0.619, 0.509, 0.499, 0.545, 0.57, 0.599, 0.621, 0.621, 0.636, 0.605, 0.515, 0.525, 0.498, 0.446, 0.503, 0.477, 0.523, 0.545, 0.556, 0.474, 0.509, 0.561, 0.587, 0.507, 0.416, 0.486, 0.292, 0.244, 0.292, 0.285, 0.218, 0.233, 0.192, 0.158, 0.165, 0.198, 0.234, 0.292, 0.331, 0.287, 0.331, 0.327, 0.334, 0.449, 0.491, 0.485, 0.357, 0.386, 0.325, 0.275, 0.256, 0.192, 0.183, 0.141, 0.106, 0.06, 0.043, 0.028, 0.022, 0.018, 0.016, 0.021, 0.025, 0.03, 0.047
precipitation[0][17], 0.241, 0.259, 0.249, 0.277, 0.291, 0.229, 0.212, 0.213, 0.206, 0.241, 0.284, 0.306, 0.214, 0.192, 0.226, 0.234, 0.198, 0.167, 0.16, 0.154, 0.132, 0.142, 0.151, 0.133, 0.128, 0.124, 0.151, 0.157, 0.169, 0.168, 0.175, 0.2, 0.205, 0.202, 0.206, 0.208, 0.205, 0.199, 0.194, 0.186, 0.175, 0.184, 0.175, 0.166, 0.168, 0.178, 0.179, 0.179, 0.162, 0.171, 0.153, 0.139, 0.14, 0.147, 0.149, 0.157, 0.173, 0.174, 0.178, 0.188, 0.209, 0.209, 0.293, 0.28, 0.324, 0.34, 0.354, 0.284, 0.319, 0.399, 0.435, 0.495, 0.571, 0.677, 0.708, 0.676, 0.856, 1.07, 1.463, 1.808, 2.576, 2.261, 2.171, 2.257, 2.13, 2.371, 2.125, 1.912, 1.934, 1.788, 1.625, 1.387, 1.274, 1.295, 1.219, 1.296, 1.217, 1.259, 1.273, 1.488, 1.328, 1.209, 1.287, 1.271, 1.363, 1.362, 1.286, 1.321, 1.24, 1.019, 0.968, 0.982, 0.908, 0.735, 0.702, 0.558, 0.493, 0.528, 0.679, 0.645, 0.525, 0.441, 0.472, 0.502, 0.496, 0.578, 0.615, 0.57, 0.606, 0.585, 0.51, 0.54, 0.46, 0.485, 0.564, 0.531, 0.546, 0.51, 0.398, 0.499, 0.572, 0.511, 0.502, 0.516, 0.42, 0.42, 0.293, 0.216, 0.334, 0.341, 0.244, 0.243, 0.25, 0.146, 0.16, 0.202, 0.212, 0.228, 0.322, 0.383, 0.377, 0.366, 0.358, 0.397, 0.41, 0.346, 0.295, 0.296, 0.343, 0.26, 0.211, 0.161, 0.147, 0.115, 0.082, 0.053, 0.037, 0.024, 0.02, 0.016, 0.016, 0.02, 0.016, 0.027, 0.036
precipitation[0][18], 0.196, 0.224, 0.281, 0.255, 0.318, 0.277, 0.225, 0.206, 0.207, 0.228, 0.206, 0.239, 0.254, 0.21, 0.185, 0.167, 0.178, 0.141, 0.143, 0.143, 0.112, 0.118, 0.13, 0.149, 0.131, 0.131, 0.16, 0.171, 0.17, 0.176, 0.201, 0.21, 0.213, 0.212, 0.221, 0.222, 0.22, 0.233, 0.247, 0.218, 0.201, 0.212, 0.215, 0.205, 0.213, 0.217, 0.227, 0.211, 0.209, 0.192, 0.193, 0.167, 0.149, 0.153, 0.15, 0.156, 0.169, 0.168, 0.171, 0.168, 0.183, 0.195, 0.23, 0.273, 0.307, 0.327, 0.34, 0.271, 0.303, 0.356, 0.42, 0.476, 0.535, 0.647, 0.724, 0.813, 0.728, 0.824, 1.092, 1.446, 1.986, 2.137, 2.433, 2.596, 2.517, 2.425, 2.244, 1.899, 1.796, 1.722, 1.679, 1.436, 1.214, 1.257, 1.202, 1.279, 1.291, 1.287, 1.328, 1.541, 1.403, 1.313, 1.291, 1.472, 1.398, 1.289, 1.122, 1.193, 1.168, 1.022, 0.963, 0.871, 0.791, 0.65, 0.582, 0.449, 0.549, 0.71, 0.628, 0.54, 0.5, 0.44, 0.458, 0.511, 0.545, 0.543, 0.577, 0.584, 0.562, 0.595, 0.542, 0.489, 0.521, 0.525, 0.569, 0.602, 0.584, 0.387, 0.468, 0.647, 0.572, 0.482, 0.451, 0.491, 0.448, 0.424, 0.3, 0.21, 0.286, 0.256, 0.241, 0.171, 0.198, 0.156, 0.165, 0.198, 0.229, 0.258, 0.326, 0.377, 0.393, 0.408, 0.336, 0.311, 0.325, 0.35, 0.324, 0.294, 0.302, 0.22, 0.175, 0.137, 0.129, 0.091, 0.075, 0.038, 0.031, 0.023, 0.018, 0.018, 0.015, 0.014, 0.015, 0.026, 0.031
precipitation[0][19], 0.179, 0.216, 0.349, 0.261, 0.298, 0.314, 0.29, 0.244, 0.274, 0.286, 0.208, 0.183, 0.236, 0.253, 0.19, 0.18, 0.129, 0.126, 0.133, 0.141, 0.115, 0.142, 0.14, 0.17, 0.148, 0.145, 0.155, 0.162, 0.182, 0.192, 0.206, 0.215, 0.221, 0.221, 0.236, 0.239, 0.228, 0.236, 0.254, 0.249, 0.237, 0.235, 0.256, 0.249, 0.247, 0.238, 0.241, 0.248, 0.22, 0.233, 0.232, 0.186, 0.173, 0.153, 0.151, 0.153, 0.161, 0.157, 0.158, 0.157, 0.167, 0.175, 0.212, 0.241, 0.271, 0.307, 0.337, 0.269, 0.281, 0.337, 0.397, 0.46, 0.526, 0.611, 0.716, 0.783, 0.862, 1.009, 0.959, 1.126, 1.48, 1.828, 2.218, 2.376, 2.615, 2.438, 2.136, 1.857, 1.776, 1.694, 1.687, 1.414, 1.244, 1.161, 1.193, 1.386, 1.285, 1.469, 1.471, 1.469, 1.446, 1.328, 1.378, 1.392, 1.358, 1.326, 1.038, 0.942, 0.894, 0.873, 0.909, 0.727, 0.776, 0.717, 0.652, 0.748, 0.699, 0.653, 0.585, 0.495, 0.461, 0.441, 0.512, 0.524, 0.561, 0.54, 0.57, 0.515, 0.562, 0.591, 0.582, 0.56, 0.549, 0.594, 0.583, 0.623, 0.481, 0.417, 0.523, 0.553, 0.459, 0.469, 0.399, 0.535, 0.496, 0.428, 0.274, 0.221, 0.24, 0.205, 0.206, 0.182, 0.186, 0.139, 0.18, 0.214, 0.274, 0.282, 0.305, 0.35, 0.362, 0.422, 0.372, 0.322, 0.344, 0.395, 0.373, 0.319, 0.29, 0.242, 0.164, 0.132, 0.106, 0.079, 0.048, 0.028, 0.02, 0.02, 0.018, 0.019, 0.015, 0.014, 0.015, 0.025, 0.032
precipitation[0][20], 0.206, 0.18, 0.218, 0.22, 0.237, 0.267, 0.264, 0.234, 0.235, 0.228, 0.206, 0.205, 0.197, 0.229, 0.157, 0.136, 0.126, 0.125, 0.117, 0.126, 0.1, 0.119, 0.132, 0.185, 0.146, 0.137, 0.149, 0.163, 0.18, 0.197, 0.214, 0.217, 0.223, 0.226, 0.245, 0.266, 0.258, 0.27, 0.258, 0.252, 0.245, 0.244, 0.271, 0.271, 0.267, 0.249, 0.238, 0.232, 0.215, 0.23, 0.225, 0.191, 0.169, 0.16, 0.154, 0.151, 0.156, 0.15, 0.15, 0.144, 0.153, 0.158, 0.195, 0.227, 0.262, 0.304, 0.333, 0.253, 0.293, 0.361, 0.395, 0.475, 0.526, 0.597, 0.688, 0.755, 0.844, 0.944, 1.013, 0.993, 1.178, 1.801, 1.88, 1.895, 2.01, 2.009, 1.669, 1.426, 1.325, 1.346, 1.334, 1.302, 1.084, 1.084, 1.038, 1.089, 1.135, 1.194, 1.175, 1.152, 1.259, 1.252, 1.333, 1.219, 1.308, 0.938, 0.902, 0.686, 0.637, 0.69, 0.74, 0.601, 0.626, 0.628, 0.772, 0.677, 0.631, 0.606, 0.559, 0.487, 0.466, 0.481, 0.514, 0.508, 0.534, 0.489, 0.519, 0.512, 0.528, 0.573, 0.626, 0.593, 0.577, 0.612, 0.61, 0.465, 0.476, 0.526, 0.68, 0.587, 0.502, 0.443, 0.414, 0.65, 0.684, 0.573, 0.312, 0.265, 0.213, 0.171, 0.185, 0.149, 0.17, 0.164, 0.177, 0.221, 0.248, 0.281, 0.308, 0.372, 0.326, 0.377, 0.314, 0.281, 0.3, 0.369, 0.366, 0.395, 0.31, 0.201, 0.161, 0.105, 0.082, 0.051, 0.033, 0.021, 0.015, 0.014, 0.015, 0.016, 0.017, 0.015, 0.015, 0.022, 0.026
precipitation[0][21], 0.188, 0.221, 0.3, 0.229, 0.212, 0.252, 0.233, 0.191, 0.201, 0.191, 0.208, 0.169, 0.166, 0.158, 0.138, 0.125, 0.146, 0.126, 0.135, 0.125, 0.102, 0.102, 0.131, 0.162, 0.172, 0.155, 0.155, 0.166, 0.179, 0.196, 0.222, 0.227, 0.23, 0.233, 0.255, 0.283, 0.274, 0.252, 0.252, 0.258, 0.252, 0.244, 0.261, 0.265, 0.263, 0.262, 0.262, 0.252, 0.24, 0.245, 0.246, 0.251, 0.229, 0.231, 0.178, 0.16, 0.164, 0.153, 0.143, 0.142, 0.145, 0.145, 0.175, 0.214, 0.257, 0.283, 0.313, 0.242, 0.284, 0.353, 0.404, 0.484, 0.469, 0.54, 0.605, 0.712, 0.78, 0.832, 0.897, 1.048, 1.173, 1.146, 1.491, 1.642, 1.74, 1.798, 1.414, 1.208, 1.405, 1.378, 1.137, 1.009, 0.947, 0.979, 1.021, 0.899, 0.866, 0.841, 0.886, 0.93, 1.143, 1.215, 0.925, 0.933, 0.857, 0.75, 0.729, 0.726, 0.742, 0.752, 0.702, 0.685, 0.688, 0.742, 0.672, 0.628, 0.588, 0.558, 0.628, 0.573, 0.526, 0.476, 0.593, 0.567, 0.513, 0.487, 0.525, 0.471, 0.513, 0.523, 0.599, 0.624, 0.624, 0.65, 0.534, 0.579, 0.511, 0.559, 0.58, 0.546, 0.491, 0.499, 0.396, 0.503, 0.653, 0.626, 0.414, 0.296, 0.244, 0.184, 0.158, 0.152, 0.178, 0.17, 0.222, 0.229, 0.252, 0.294, 0.292, 0.352, 0.321, 0.34, 0.312, 0.264, 0.352, 0.396, 0.402, 0.308, 0.262, 0.216, 0.158, 0.09, 0.061, 0.037, 0.026, 0.017, 0.015, 0.012, 0.014, 0.017, 0.015, 0.013, 0.015, 0.022, 0.027
precipitation[0][22], 0.198, 0.232, 0.233, 0.218, 0.27, 0.245, 0.31, 0.223, 0.211, 0.212, 0.22, 0.181, 0.152, 0.138, 0.142, 0.147, 0.147, 0.139, 0.125, 0.125, 0.109, 0.107, 0.12, 0.134, 0.154, 0.156, 0.158, 0.166, 0.176, 0.198, 0.211, 0.226, 0.232, 0.235, 0.245, 0.258, 0.254, 0.246, 0.264, 0.243, 0.234, 0.246, 0.253, 0.255, 0.252, 0.243, 0.246, 0.265, 0.252, 0.258, 0.246, 0.261, 0.238, 0.255, 0.194, 0.182, 0.184, 0.185, 0.156, 0.152, 0.159, 0.145, 0.166, 0.206, 0.246, 0.263, 0.288, 0.233, 0.293, 0.333, 0.394, 0.47, 0.456, 0.475, 0.573, 0.678, 0.74, 0.787, 0.771, 0.901, 0.951, 1.106, 1.074, 1.13, 1.246, 1.229, 1.198, 1.258, 1.261, 1.243, 1.271, 1.172, 1.126, 1.109, 1.127, 1.002, 0.994, 0.983, 0.946, 0.962, 1.021, 0.972, 1.009, 1.009, 0.909, 0.861, 0.794, 0.707, 0.696, 0.665, 0.65, 0.648, 0.687, 0.69, 0.647, 0.573, 0.568, 0.545, 0.58, 0.567, 0.545, 0.538, 0.586, 0.632, 0.558, 0.438, 0.455, 0.42, 0.499, 0.545, 0.617, 0.67, 0.66, 0.705, 0.568, 0.702, 0.909, 0.838, 0.581, 0.521, 0.469, 0.421, 0.371, 0.482, 0.583, 0.556, 0.394, 0.307, 0.241, 0.247, 0.202, 0.136, 0.2, 0.205, 0.275, 0.215, 0.263, 0.262, 0.312, 0.326, 0.286, 0.282, 0.293, 0.286, 0.393, 0.461, 0.463, 0.33, 0.279, 0.217, 0.136, 0.08, 0.052, 0.039, 0.026, 0.02, 0.017, 0.014, 0.015, 0.017, 0.015, 0.014, 0.014, 0.023, 0.031
precipitation[0][23], 0.211, 0.213, 0.226, 0.249, 0.299, 0.248, 0.281, 0.254, 0.243, 0.239, 0.21, 0.176, 0.159, 0.147, 0.147, 0.145, 0.142, 0.131, 0.137, 0.131, 0.116, 0.118, 0.125, 0.137, 0.157, 0.193, 0.161, 0.172, 0.179, 0.191, 0.221, 0.234, 0.234, 0.24, 0.228, 0.238, 0.239, 0.252, 0.248, 0.226, 0.232, 0.241, 0.234, 0.23, 0.237, 0.242, 0.252, 0.268, 0.275, 0.259, 0.235, 0.267, 0.242, 0.252, 0.21, 0.195, 0.2, 0.204, 0.184, 0.166, 0.168, 0.157, 0.168, 0.203, 0.229, 0.254, 0.274, 0.215, 0.284, 0.274, 0.309, 0.392, 0.444, 0.433, 0.512, 0.58, 0.7, 0.697, 0.703, 0.764, 0.816, 0.859, 0.999, 1.153, 1.141, 1.231, 1.164, 1.139, 1.055, 1.099, 1.109, 1.03, 0.976, 1, 1.016, 0.899, 0.881, 0.859, 0.815, 0.818, 0.834, 0.85, 0.832, 0.854, 0.827, 0.764, 0.738, 0.687, 0.636, 0.62, 0.599, 0.595, 0.67, 0.636, 0.578, 0.585, 0.604, 0.592, 0.608, 0.637, 0.599, 0.579, 0.59, 0.6, 0.571, 0.468, 0.474, 0.44, 0.521, 0.594, 0.699, 0.798, 0.819, 0.702, 0.688, 0.952, 1.172, 1.031, 0.699, 0.592, 0.419, 0.355, 0.398, 0.514, 0.568, 0.465, 0.519, 0.366, 0.259, 0.251, 0.222, 0.157, 0.196, 0.245, 0.32, 0.266, 0.277, 0.255, 0.32, 0.345, 0.281, 0.296, 0.357, 0.357, 0.394, 0.45, 0.317, 0.332, 0.273, 0.177, 0.107, 0.08, 0.048, 0.033, 0.023, 0.021, 0.022, 0.02, 0.027, 0.015, 0.013, 0.014, 0.014, 0.023, 0.033
precipitation[0][24], 0.232, 0.233, 0.237, 0.246, 0.283, 0.264, 0.233, 0.253, 0.254, 0.258, 0.199, 0.188, 0.17, 0.164, 0.148, 0.15, 0.154, 0.132, 0.13, 0.123, 0.126, 0.125, 0.132, 0.148, 0.165, 0.18, 0.181, 0.174, 0.182, 0.187, 0.219, 0.237, 0.236, 0.244, 0.239, 0.236, 0.232, 0.247, 0.243, 0.225, 0.232, 0.241, 0.234, 0.238, 0.239, 0.238, 0.251, 0.27, 0.268, 0.269, 0.259, 0.236, 0.254, 0.264, 0.231, 0.241, 0.243, 0.245, 0.199, 0.169, 0.16, 0.156, 0.17, 0.195, 0.223, 0.242, 0.262, 0.23, 0.241, 0.242, 0.285, 0.305, 0.372, 0.421, 0.479, 0.502, 0.579, 0.568, 0.53, 0.571, 0.604, 0.699, 0.712, 0.799, 0.869, 0.946, 0.954, 0.985, 1.001, 1.059, 1.021, 0.953, 0.925, 0.874, 0.889, 0.842, 0.838, 0.833, 0.773, 0.719, 0.747, 0.739, 0.726, 0.723, 0.728, 0.688, 0.689, 0.652, 0.61, 0.561, 0.552, 0.539, 0.574, 0.6, 0.592, 0.591, 0.644, 0.675, 0.624, 0.66, 0.644, 0.646, 0.651, 0.627, 0.593, 0.547, 0.544, 0.554, 0.663, 0.695, 0.808, 0.83, 0.759, 0.748, 0.976, 1.105, 1.257, 1.208, 0.813, 0.505, 0.372, 0.308, 0.317, 0.421, 0.654, 0.541, 0.53, 0.368, 0.254, 0.252, 0.232, 0.186, 0.203, 0.298, 0.37, 0.254, 0.269, 0.255, 0.31, 0.33, 0.258, 0.267, 0.286, 0.318, 0.338, 0.408, 0.327, 0.277, 0.214, 0.157, 0.084, 0.06, 0.045, 0.034, 0.022, 0.026, 0.022, 0.019, 0.019, 0.014, 0.018, 0.015, 0.014, 0.018, 0.021
precipitation[0][25], 0.244, 0.28, 0.268, 0.283, 0.247, 0.285, 0.228, 0.233, 0.225, 0.233, 0.204, 0.176, 0.163, 0.178, 0.156, 0.145, 0.147, 0.121, 0.129, 0.126, 0.132, 0.144, 0.149, 0.158, 0.184, 0.193, 0.185, 0.182, 0.173, 0.187, 0.204, 0.223, 0.227, 0.232, 0.224, 0.224, 0.222, 0.228, 0.23, 0.226, 0.233, 0.233, 0.243, 0.263, 0.245, 0.248, 0.245, 0.249, 0.255, 0.266, 0.256, 0.258, 0.269, 0.278, 0.236, 0.229, 0.239, 0.219, 0.198, 0.169, 0.161, 0.158, 0.179, 0.2, 0.211, 0.23, 0.268, 0.201, 0.223, 0.224, 0.233, 0.281, 0.339, 0.404, 0.494, 0.48, 0.535, 0.492, 0.435, 0.481, 0.535, 0.564, 0.601, 0.679, 0.723, 0.784, 0.816, 0.915, 0.965, 0.992, 0.953, 0.9, 0.876, 0.886, 0.861, 0.796, 0.831, 0.818, 0.779, 0.765, 0.774, 0.762, 0.767, 0.717, 0.722, 0.731, 0.74, 0.708, 0.625, 0.568, 0.547, 0.557, 0.594, 0.602, 0.618, 0.66, 0.698, 0.697, 0.656, 0.692, 0.705, 0.702, 0.711, 0.666, 0.638, 0.557, 0.547, 0.571, 0.751, 0.752, 0.768, 0.734, 0.58, 0.757, 0.858, 0.927, 0.97, 1.149, 0.718, 0.497, 0.377, 0.307, 0.327, 0.443, 0.704, 0.711, 0.465, 0.346, 0.276, 0.326, 0.33, 0.268, 0.224, 0.33, 0.301, 0.258, 0.282, 0.258, 0.301, 0.319, 0.244, 0.307, 0.328, 0.337, 0.3, 0.334, 0.294, 0.252, 0.196, 0.17, 0.086, 0.049, 0.038, 0.027, 0.023, 0.03, 0.032, 0.026, 0.027, 0.023, 0.021, 0.025, 0.02, 0.026, 0.024
precipitation[0][26], 0.2, 0.236, 0.304, 0.325, 0.251, 0.235, 0.221, 0.238, 0.237, 0.277, 0.217, 0.204, 0.186, 0.198, 0.205, 0.189, 0.184, 0.124, 0.128, 0.148, 0.173, 0.206, 0.178, 0.205, 0.259, 0.224, 0.199, 0.161, 0.148, 0.14, 0.162, 0.217, 0.211, 0.195, 0.216, 0.207, 0.215, 0.217, 0.233, 0.216, 0.233, 0.237, 0.249, 0.283, 0.268, 0.27, 0.264, 0.26, 0.275, 0.283, 0.277, 0.284, 0.305, 0.268, 0.249, 0.232, 0.223, 0.203, 0.198, 0.184, 0.177, 0.175, 0.203, 0.211, 0.216, 0.215, 0.232, 0.224, 0.227, 0.232, 0.25, 0.299, 0.344, 0.441, 0.499, 0.498, 0.512, 0.519, 0.476, 0.505, 0.523, 0.501, 0.51, 0.524, 0.57, 0.626, 0.696, 0.758, 0.807, 0.834, 0.821, 0.814, 0.851, 0.842, 0.816, 0.763, 0.771, 0.79, 0.791, 0.735, 0.726, 0.74, 0.718, 0.739, 0.748, 0.742, 0.752, 0.716, 0.641, 0.636, 0.635, 0.591, 0.587, 0.622, 0.649, 0.68, 0.713, 0.711, 0.712, 0.746, 0.731, 0.735, 0.726, 0.696, 0.645, 0.624, 0.637, 0.633, 0.738, 0.746, 0.736, 0.711, 0.648, 0.67, 0.67, 0.665, 0.914, 0.773, 0.619, 0.468, 0.296, 0.256, 0.265, 0.357, 0.583, 0.471, 0.411, 0.264, 0.226, 0.284, 0.254, 0.292, 0.25, 0.336, 0.254, 0.232, 0.229, 0.246, 0.277, 0.278, 0.225, 0.268, 0.273, 0.27, 0.254, 0.258, 0.235, 0.191, 0.15, 0.113, 0.068, 0.065, 0.039, 0.035, 0.032, 0.036, 0.034, 0.033, 0.028, 0.028, 0.028, 0.024, 0.019, 0.014, 0.013
precipitation[0][27], 0.22, 0.234, 0.289, 0.27, 0.254, 0.273, 0.245, 0.224, 0.171, 0.243, 0.243, 0.203, 0.226, 0.193, 0.238, 0.221, 0.158, 0.138, 0.164, 0.168, 0.191, 0.303, 0.212, 0.209, 0.214, 0.181, 0.163, 0.15, 0.158, 0.155, 0.178, 0.189, 0.194, 0.188, 0.199, 0.2, 0.222, 0.22, 0.225, 0.218, 0.237, 0.233, 0.25, 0.263, 0.284, 0.263, 0.274, 0.295, 0.268, 0.277, 0.284, 0.285, 0.278, 0.266, 0.289, 0.251, 0.247, 0.238, 0.236, 0.206, 0.188, 0.162, 0.182, 0.188, 0.19, 0.204, 0.218, 0.189, 0.206, 0.214, 0.216, 0.238, 0.303, 0.368, 0.444, 0.428, 0.416, 0.405, 0.419, 0.438, 0.415, 0.403, 0.421, 0.439, 0.43, 0.449, 0.532, 0.646, 0.665, 0.703, 0.737, 0.735, 0.751, 0.772, 0.794, 0.756, 0.725, 0.741, 0.772, 0.754, 0.725, 0.762, 0.733, 0.754, 0.782, 0.801, 0.749, 0.775, 0.672, 0.658, 0.633, 0.609, 0.591, 0.627, 0.669, 0.721, 0.714, 0.728, 0.728, 0.754, 0.763, 0.758, 0.717, 0.668, 0.669, 0.654, 0.673, 0.663, 0.675, 0.709, 0.752, 0.774, 0.759, 0.614, 0.528, 0.521, 0.573, 0.632, 0.676, 0.541, 0.325, 0.289, 0.299, 0.294, 0.385, 0.41, 0.273, 0.195, 0.192, 0.22, 0.241, 0.302, 0.276, 0.327, 0.22, 0.216, 0.195, 0.209, 0.224, 0.211, 0.181, 0.226, 0.246, 0.231, 0.247, 0.218, 0.177, 0.151, 0.134, 0.088, 0.068, 0.063, 0.07, 0.05, 0.033, 0.034, 0.036, 0.035, 0.032, 0.034, 0.028, 0.029, 0.021, 0.013, 0.011
precipitation[0][28], 0.215, 0.223, 0.276, 0.32, 0.273, 0.257, 0.221, 0.205, 0.2, 0.221, 0.222, 0.23, 0.232, 0.199, 0.234, 0.269, 0.197, 0.185, 0.209, 0.233, 0.278, 0.244, 0.241, 0.213, 0.196, 0.179, 0.167, 0.159, 0.162, 0.141, 0.151, 0.172, 0.168, 0.186, 0.22, 0.187, 0.195, 0.227, 0.225, 0.222, 0.24, 0.256, 0.281, 0.295, 0.293, 0.274, 0.31, 0.276, 0.288, 0.266, 0.275, 0.275, 0.283, 0.277, 0.27, 0.243, 0.241, 0.212, 0.216, 0.212, 0.177, 0.169, 0.176, 0.171, 0.188, 0.201, 0.213, 0.179, 0.196, 0.21, 0.215, 0.222, 0.255, 0.284, 0.32, 0.326, 0.353, 0.35, 0.398, 0.424, 0.428, 0.388, 0.409, 0.374, 0.362, 0.395, 0.474, 0.558, 0.628, 0.642, 0.651, 0.669, 0.691, 0.715, 0.703, 0.679, 0.681, 0.744, 0.735, 0.765, 0.751, 0.795, 0.777, 0.796, 0.819, 0.828, 0.757, 0.799, 0.686, 0.67, 0.627, 0.632, 0.59, 0.591, 0.628, 0.692, 0.7, 0.707, 0.732, 0.74, 0.771, 0.755, 0.725, 0.691, 0.65, 0.63, 0.646, 0.639, 0.603, 0.609, 0.662, 0.626, 0.6, 0.594, 0.499, 0.507, 0.537, 0.406, 0.531, 0.529, 0.4, 0.239, 0.266, 0.282, 0.347, 0.313, 0.289, 0.212, 0.183, 0.207, 0.252, 0.321, 0.324, 0.32, 0.197, 0.177, 0.146, 0.174, 0.197, 0.18, 0.147, 0.188, 0.193, 0.198, 0.203, 0.169, 0.161, 0.132, 0.119, 0.085, 0.061, 0.075, 0.103, 0.052, 0.036, 0.037, 0.037, 0.036, 0.034, 0.031, 0.037, 0.03, 0.017, 0.011, 0.011
precipitation[0][29], 0.211, 0.212, 0.252, 0.288, 0.276, 0.268, 0.238, 0.237, 0.249, 0.223, 0.27, 0.259, 0.305, 0.225, 0.206, 0.221, 0.226, 0.233, 0.253, 0.251, 0.28, 0.284, 0.218, 0.225, 0.198, 0.174, 0.159, 0.171, 0.187, 0.157, 0.159, 0.167, 0.165, 0.179, 0.187, 0.189, 0.193, 0.222, 0.221, 0.23, 0.236, 0.257, 0.269, 0.273, 0.283, 0.289, 0.285, 0.272, 0.263, 0.278, 0.279, 0.29, 0.293, 0.297, 0.288, 0.294, 0.301, 0.236, 0.213, 0.195, 0.179, 0.186, 0.158, 0.165, 0.175, 0.208, 0.207, 0.179, 0.182, 0.189, 0.189, 0.214, 0.221, 0.228, 0.266, 0.283, 0.306, 0.333, 0.358, 0.352, 0.344, 0.334, 0.339, 0.313, 0.327, 0.359, 0.389, 0.446, 0.495, 0.549, 0.56, 0.562, 0.626, 0.648, 0.656, 0.662, 0.667, 0.681, 0.703, 0.747, 0.726, 0.816, 0.839, 0.862, 0.885, 0.79, 0.744, 0.776, 0.702, 0.667, 0.662, 0.604, 0.537, 0.572, 0.594, 0.627, 0.64, 0.67, 0.707, 0.728, 0.773, 0.751, 0.705, 0.655, 0.619, 0.576, 0.6, 0.54, 0.515, 0.533, 0.561, 0.551, 0.585, 0.536, 0.435, 0.409, 0.416, 0.349, 0.354, 0.448, 0.356, 0.214, 0.259, 0.282, 0.305, 0.282, 0.262, 0.208, 0.16, 0.143, 0.185, 0.293, 0.286, 0.269, 0.192, 0.158, 0.184, 0.137, 0.124, 0.124, 0.129, 0.15, 0.173, 0.175, 0.179, 0.145, 0.146, 0.132, 0.178, 0.068, 0.05, 0.085, 0.162, 0.057, 0.04, 0.038, 0.038, 0.038, 0.042, 0.04, 0.036, 0.029, 0.021, 0.016, 0.009
precipitation[0][30], 0.216, 0.206, 0.259, 0.285, 0.315, 0.281, 0.278, 0.248, 0.246, 0.246, 0.28, 0.257, 0.263, 0.262, 0.2, 0.228, 0.23, 0.27, 0.219, 0.265, 0.296, 0.27, 0.275, 0.254, 0.258, 0.225, 0.207, 0.182, 0.19, 0.195, 0.177, 0.173, 0.175, 0.188, 0.202, 0.184, 0.199, 0.208, 0.217, 0.233, 0.235, 0.254, 0.256, 0.257, 0.263, 0.274, 0.278, 0.296, 0.284, 0.282, 0.286, 0.301, 0.313, 0.299, 0.28, 0.291, 0.312, 0.241, 0.243, 0.225, 0.194, 0.18, 0.17, 0.162, 0.169, 0.167, 0.164, 0.14, 0.146, 0.15, 0.157, 0.19, 0.183, 0.2, 0.226, 0.226, 0.262, 0.254, 0.26, 0.263, 0.258, 0.262, 0.26, 0.256, 0.267, 0.292, 0.327, 0.379, 0.421, 0.437, 0.45, 0.46, 0.492, 0.508, 0.546, 0.586, 0.605, 0.649, 0.679, 0.756, 0.782, 0.822, 0.867, 0.883, 0.898, 0.804, 0.748, 0.753, 0.747, 0.645, 0.602, 0.517, 0.509, 0.534, 0.56, 0.594, 0.608, 0.629, 0.652, 0.675, 0.713, 0.74, 0.683, 0.663, 0.611, 0.559, 0.539, 0.485, 0.46, 0.46, 0.487, 0.471, 0.477, 0.446, 0.436, 0.405, 0.408, 0.318, 0.371, 0.41, 0.356, 0.261, 0.282, 0.299, 0.304, 0.279, 0.312, 0.213, 0.219, 0.188, 0.213, 0.204, 0.247, 0.214, 0.17, 0.117, 0.156, 0.156, 0.133, 0.122, 0.133, 0.163, 0.214, 0.184, 0.154, 0.121, 0.109, 0.101, 0.077, 0.062, 0.043, 0.073, 0.136, 0.06, 0.045, 0.04, 0.037, 0.035, 0.035, 0.04, 0.041, 0.032, 0.022, 0.014, 0.01
precipitation[0][31], 0.2, 0.208, 0.216, 0.269, 0.268, 0.274, 0.263, 0.252, 0.239, 0.244, 0.246, 0.23, 0.201, 0.24, 0.218, 0.244, 0.27, 0.241, 0.219, 0.231, 0.238, 0.264, 0.3, 0.274, 0.219, 0.197, 0.215, 0.17, 0.189, 0.184, 0.195, 0.19, 0.206, 0.199, 0.204, 0.209, 0.189, 0.186, 0.202, 0.205, 0.234, 0.231, 0.23, 0.237, 0.249, 0.262, 0.278, 0.305, 0.3, 0.293, 0.298, 0.314, 0.314, 0.305, 0.284, 0.293, 0.277, 0.273, 0.285, 0.241, 0.203, 0.211, 0.183, 0.173, 0.167, 0.158, 0.154, 0.135, 0.137, 0.14, 0.155, 0.179, 0.181, 0.197, 0.213, 0.215, 0.224, 0.228, 0.221, 0.219, 0.215, 0.212, 0.233, 0.24, 0.26, 0.282, 0.275, 0.319, 0.37, 0.397, 0.393, 0.386, 0.416, 0.443, 0.487, 0.54, 0.591, 0.611, 0.662, 0.758, 0.834, 0.871, 0.873, 0.908, 0.866, 0.816, 0.76, 0.731, 0.715, 0.598, 0.521, 0.471, 0.517, 0.573, 0.621, 0.628, 0.624, 0.654, 0.697, 0.713, 0.77, 0.791, 0.741, 0.71, 0.626, 0.562, 0.516, 0.474, 0.44, 0.435, 0.482, 0.489, 0.474, 0.422, 0.431, 0.43, 0.332, 0.33, 0.366, 0.418, 0.382, 0.261, 0.297, 0.328, 0.359, 0.321, 0.387, 0.293, 0.29, 0.18, 0.178, 0.175, 0.218, 0.226, 0.168, 0.136, 0.119, 0.107, 0.188, 0.156, 0.133, 0.151, 0.204, 0.188, 0.134, 0.111, 0.078, 0.069, 0.054, 0.03, 0.033, 0.065, 0.132, 0.055, 0.055, 0.058, 0.048, 0.043, 0.039, 0.037, 0.035, 0.03, 0.02, 0.02, 0.012
precipitation[0][32], 0.209, 0.204, 0.211, 0.242, 0.266, 0.257, 0.253, 0.307, 0.295, 0.286, 0.238, 0.23, 0.226, 0.247, 0.261, 0.287, 0.263, 0.225, 0.214, 0.223, 0.236, 0.238, 0.258, 0.255, 0.262, 0.259, 0.217, 0.191, 0.23, 0.229, 0.236, 0.225, 0.193, 0.187, 0.195, 0.217, 0.176, 0.183, 0.217, 0.214, 0.225, 0.235, 0.242, 0.247, 0.257, 0.265, 0.274, 0.272, 0.305, 0.286, 0.288, 0.311, 0.332, 0.311, 0.304, 0.31, 0.289, 0.253, 0.313, 0.273, 0.239, 0.235, 0.222, 0.191, 0.196, 0.168, 0.158, 0.143, 0.14, 0.146, 0.166, 0.181, 0.161, 0.182, 0.183, 0.193, 0.208, 0.207, 0.206, 0.233, 0.212, 0.21, 0.215, 0.247, 0.239, 0.273, 0.256, 0.3, 0.338, 0.384, 0.368, 0.364, 0.365, 0.381, 0.435, 0.494, 0.537, 0.572, 0.614, 0.671, 0.721, 0.752, 0.784, 0.77, 0.762, 0.705, 0.648, 0.654, 0.642, 0.534, 0.466, 0.434, 0.464, 0.531, 0.557, 0.548, 0.557, 0.563, 0.63, 0.725, 0.739, 0.759, 0.719, 0.667, 0.623, 0.578, 0.534, 0.504, 0.442, 0.425, 0.457, 0.493, 0.423, 0.395, 0.394, 0.409, 0.414, 0.346, 0.302, 0.322, 0.383, 0.342, 0.333, 0.292, 0.354, 0.354, 0.341, 0.268, 0.283, 0.254, 0.184, 0.175, 0.199, 0.185, 0.115, 0.1, 0.078, 0.156, 0.211, 0.168, 0.124, 0.14, 0.144, 0.127, 0.077, 0.064, 0.066, 0.059, 0.04, 0.019, 0.027, 0.056, 0.11, 0.048, 0.045, 0.058, 0.064, 0.047, 0.042, 0.037, 0.032, 0.028, 0.023, 0.019, 0.015
precipitation[0][33], 0.203, 0.183, 0.192, 0.215, 0.235, 0.263, 0.282, 0.272, 0.361, 0.256, 0.238, 0.228, 0.224, 0.246, 0.25, 0.281, 0.268, 0.231, 0.218, 0.245, 0.269, 0.277, 0.249, 0.258, 0.317, 0.267, 0.255, 0.21, 0.211, 0.189, 0.207, 0.212, 0.188, 0.19, 0.199, 0.184, 0.171, 0.184, 0.212, 0.204, 0.224, 0.247, 0.244, 0.255, 0.258, 0.249, 0.257, 0.273, 0.278, 0.272, 0.293, 0.308, 0.322, 0.313, 0.3, 0.306, 0.308, 0.289, 0.323, 0.295, 0.26, 0.254, 0.27, 0.216, 0.213, 0.169, 0.163, 0.136, 0.15, 0.158, 0.191, 0.166, 0.159, 0.171, 0.187, 0.187, 0.202, 0.226, 0.226, 0.247, 0.261, 0.23, 0.221, 0.234, 0.248, 0.273, 0.267, 0.299, 0.332, 0.351, 0.369, 0.359, 0.352, 0.35, 0.405, 0.461, 0.477, 0.518, 0.535, 0.606, 0.598, 0.654, 0.671, 0.664, 0.675, 0.599, 0.566, 0.532, 0.515, 0.493, 0.462, 0.439, 0.456, 0.538, 0.55, 0.504, 0.506, 0.542, 0.641, 0.729, 0.723, 0.74, 0.726, 0.673, 0.641, 0.611, 0.602, 0.505, 0.419, 0.429, 0.417, 0.396, 0.374, 0.385, 0.356, 0.373, 0.41, 0.408, 0.361, 0.324, 0.312, 0.311, 0.325, 0.328, 0.361, 0.371, 0.29, 0.288, 0.241, 0.218, 0.155, 0.144, 0.167, 0.167, 0.178, 0.173, 0.121, 0.144, 0.139, 0.127, 0.111, 0.11, 0.11, 0.088, 0.045, 0.041, 0.04, 0.04, 0.027, 0.017, 0.027, 0.046, 0.097, 0.038, 0.041, 0.058, 0.066, 0.061, 0.06, 0.051, 0.036, 0.026, 0.023, 0.019, 0.016
precipitation[0][34], 0.205, 0.204, 0.216, 0.214, 0.242, 0.307, 0.342, 0.357, 0.284, 0.237, 0.241, 0.269, 0.276, 0.288, 0.255, 0.256, 0.321, 0.255, 0.242, 0.23, 0.227, 0.269, 0.267, 0.271, 0.26, 0.233, 0.235, 0.228, 0.234, 0.208, 0.263, 0.22, 0.187, 0.196, 0.203, 0.192, 0.18, 0.188, 0.199, 0.208, 0.22, 0.258, 0.245, 0.24, 0.259, 0.248, 0.26, 0.274, 0.305, 0.296, 0.316, 0.316, 0.296, 0.285, 0.296, 0.309, 0.31, 0.312, 0.372, 0.32, 0.285, 0.294, 0.29, 0.251, 0.218, 0.184, 0.179, 0.144, 0.144, 0.149, 0.178, 0.152, 0.166, 0.173, 0.184, 0.215, 0.261, 0.277, 0.264, 0.285, 0.282, 0.263, 0.261, 0.262, 0.28, 0.302, 0.273, 0.288, 0.32, 0.33, 0.345, 0.334, 0.343, 0.343, 0.379, 0.459, 0.476, 0.556, 0.564, 0.57, 0.533, 0.585, 0.638, 0.709, 0.677, 0.578, 0.56, 0.55, 0.546, 0.478, 0.474, 0.468, 0.467, 0.514, 0.532, 0.496, 0.509, 0.565, 0.646, 0.725, 0.707, 0.773, 0.764, 0.687, 0.642, 0.625, 0.567, 0.516, 0.47, 0.418, 0.398, 0.386, 0.379, 0.377, 0.394, 0.432, 0.428, 0.398, 0.379, 0.392, 0.307, 0.433, 0.361, 0.369, 0.436, 0.359, 0.371, 0.33, 0.293, 0.223, 0.158, 0.163, 0.192, 0.146, 0.164, 0.189, 0.15, 0.12, 0.119, 0.128, 0.11, 0.078, 0.071, 0.076, 0.045, 0.031, 0.029, 0.033, 0.025, 0.015, 0.03, 0.037, 0.081, 0.045, 0.038, 0.057, 0.064, 0.056, 0.058, 0.05, 0.035, 0.025, 0.019, 0.018, 0.014
precipitation[0][35], 0.283, 0.267, 0.345, 0.216, 0.228, 0.272, 0.276, 0.332, 0.303, 0.235, 0.223, 0.246, 0.258, 0.336, 0.296, 0.278, 0.38, 0.271, 0.299, 0.242, 0.237, 0.246, 0.264, 0.263, 0.273, 0.292, 0.31, 0.29, 0.262, 0.256, 0.23, 0.2, 0.197, 0.2, 0.198, 0.199, 0.207, 0.202, 0.197, 0.204, 0.209, 0.231, 0.23, 0.232, 0.248, 0.245, 0.25, 0.27, 0.284, 0.317, 0.304, 0.293, 0.29, 0.319, 0.322, 0.305, 0.307, 0.309, 0.312, 0.273, 0.282, 0.31, 0.31, 0.293, 0.272, 0.199, 0.17, 0.147, 0.154, 0.155, 0.186, 0.19, 0.189, 0.198, 0.157, 0.227, 0.254, 0.258, 0.255, 0.287, 0.281, 0.266, 0.256, 0.243, 0.243, 0.255, 0.253, 0.278, 0.302, 0.315, 0.314, 0.325, 0.321, 0.337, 0.37, 0.396, 0.417, 0.467, 0.493, 0.469, 0.468, 0.512, 0.596, 0.646, 0.607, 0.526, 0.518, 0.526, 0.496, 0.466, 0.448, 0.461, 0.453, 0.466, 0.47, 0.476, 0.527, 0.568, 0.643, 0.713, 0.741, 0.8, 0.775, 0.722, 0.659, 0.631, 0.568, 0.496, 0.434, 0.424, 0.401, 0.398, 0.407, 0.417, 0.393, 0.43, 0.4, 0.384, 0.374, 0.39, 0.375, 0.402, 0.378, 0.418, 0.338, 0.434, 0.381, 0.297, 0.316, 0.175, 0.201, 0.18, 0.168, 0.136, 0.133, 0.141, 0.136, 0.111, 0.11, 0.111, 0.085, 0.061, 0.066, 0.046, 0.034, 0.027, 0.023, 0.021, 0.015, 0.014, 0.046, 0.052, 0.084, 0.041, 0.032, 0.058, 0.08, 0.064, 0.059, 0.063, 0.043, 0.023, 0.017, 0.021, 0.044
precipitation[0][36], 0.246, 0.239, 0.239, 0.24, 0.221, 0.246, 0.296, 0.252, 0.333, 0.28, 0.22, 0.219, 0.225, 0.301, 0.306, 0.329, 0.307, 0.313, 0.302, 0.252, 0.279, 0.257, 0.261, 0.284, 0.391, 0.32, 0.337, 0.275, 0.289, 0.235, 0.202, 0.236, 0.231, 0.207, 0.195, 0.198, 0.205, 0.199, 0.193, 0.184, 0.191, 0.206, 0.202, 0.207, 0.23, 0.258, 0.251, 0.289, 0.318, 0.334, 0.301, 0.289, 0.27, 0.283, 0.299, 0.325, 0.32, 0.308, 0.302, 0.259, 0.257, 0.264, 0.3, 0.297, 0.276, 0.172, 0.15, 0.144, 0.148, 0.153, 0.168, 0.166, 0.191, 0.174, 0.148, 0.189, 0.222, 0.213, 0.217, 0.246, 0.256, 0.252, 0.257, 0.239, 0.244, 0.247, 0.247, 0.262, 0.29, 0.289, 0.31, 0.336, 0.337, 0.36, 0.368, 0.376, 0.405, 0.416, 0.428, 0.439, 0.454, 0.52, 0.575, 0.56, 0.531, 0.494, 0.505, 0.47, 0.464, 0.457, 0.442, 0.432, 0.421, 0.449, 0.457, 0.46, 0.497, 0.546, 0.595, 0.689, 0.691, 0.79, 0.753, 0.683, 0.656, 0.632, 0.573, 0.509, 0.453, 0.419, 0.415, 0.386, 0.404, 0.411, 0.394, 0.413, 0.394, 0.371, 0.349, 0.351, 0.322, 0.303, 0.304, 0.263, 0.351, 0.371, 0.402, 0.339, 0.223, 0.205, 0.221, 0.224, 0.156, 0.107, 0.112, 0.1, 0.132, 0.167, 0.113, 0.119, 0.096, 0.054, 0.053, 0.038, 0.024, 0.029, 0.03, 0.021, 0.011, 0.015, 0.046, 0.05, 0.063, 0.034, 0.025, 0.053, 0.073, 0.067, 0.062, 0.064, 0.056, 0.03, 0.024, 0.025, 0.03
precipitation[0][37], 0.222, 0.242, 0.242, 0.256, 0.286, 0.286, 0.257, 0.259, 0.288, 0.212, 0.218, 0.207, 0.221, 0.263, 0.295, 0.323, 0.309, 0.277, 0.274, 0.227, 0.282, 0.282, 0.254, 0.249, 0.288, 0.344, 0.339, 0.267, 0.268, 0.27, 0.277, 0.259, 0.252, 0.227, 0.196, 0.184, 0.206, 0.216, 0.196, 0.191, 0.205, 0.218, 0.202, 0.207, 0.217, 0.231, 0.236, 0.254, 0.275, 0.359, 0.255, 0.26, 0.263, 0.303, 0.293, 0.299, 0.303, 0.292, 0.309, 0.301, 0.302, 0.273, 0.313, 0.284, 0.271, 0.202, 0.168, 0.148, 0.152, 0.158, 0.17, 0.154, 0.188, 0.174, 0.175, 0.207, 0.191, 0.215, 0.211, 0.232, 0.245, 0.24, 0.24, 0.237, 0.25, 0.254, 0.256, 0.266, 0.286, 0.274, 0.292, 0.314, 0.327, 0.364, 0.356, 0.383, 0.391, 0.382, 0.384, 0.437, 0.443, 0.483, 0.563, 0.547, 0.51, 0.476, 0.463, 0.478, 0.477, 0.45, 0.425, 0.421, 0.413, 0.425, 0.442, 0.438, 0.478, 0.515, 0.576, 0.624, 0.667, 0.769, 0.744, 0.639, 0.623, 0.609, 0.557, 0.483, 0.45, 0.438, 0.427, 0.429, 0.419, 0.44, 0.408, 0.398, 0.385, 0.387, 0.35, 0.322, 0.356, 0.33, 0.312, 0.305, 0.271, 0.44, 0.327, 0.345, 0.232, 0.156, 0.166, 0.196, 0.133, 0.108, 0.108, 0.12, 0.11, 0.125, 0.125, 0.11, 0.109, 0.053, 0.051, 0.034, 0.028, 0.029, 0.041, 0.027, 0.022, 0.021, 0.051, 0.066, 0.057, 0.031, 0.019, 0.047, 0.071, 0.063, 0.06, 0.061, 0.052, 0.03, 0.026, 0.024, 0.022
precipitation[0][38], 0.224, 0.229, 0.258, 0.302, 0.304, 0.275, 0.223, 0.202, 0.274, 0.258, 0.252, 0.226, 0.223, 0.273, 0.318, 0.309, 0.312, 0.3, 0.313, 0.28, 0.291, 0.268, 0.269, 0.325, 0.279, 0.247, 0.288, 0.25, 0.265, 0.261, 0.271, 0.278, 0.266, 0.224, 0.218, 0.203, 0.223, 0.21, 0.199, 0.203, 0.21, 0.198, 0.198, 0.23, 0.231, 0.233, 0.229, 0.248, 0.266, 0.28, 0.227, 0.227, 0.244, 0.255, 0.273, 0.289, 0.301, 0.302, 0.31, 0.307, 0.275, 0.238, 0.277, 0.251, 0.277, 0.245, 0.234, 0.197, 0.162, 0.145, 0.147, 0.153, 0.155, 0.165, 0.201, 0.286, 0.283, 0.227, 0.245, 0.235, 0.238, 0.251, 0.237, 0.267, 0.257, 0.256, 0.239, 0.272, 0.27, 0.271, 0.263, 0.281, 0.284, 0.324, 0.342, 0.347, 0.35, 0.348, 0.349, 0.377, 0.417, 0.429, 0.5, 0.481, 0.452, 0.438, 0.447, 0.455, 0.535, 0.504, 0.44, 0.44, 0.425, 0.454, 0.469, 0.475, 0.498, 0.531, 0.561, 0.627, 0.661, 0.721, 0.722, 0.629, 0.608, 0.59, 0.525, 0.474, 0.468, 0.458, 0.428, 0.418, 0.395, 0.421, 0.413, 0.401, 0.403, 0.394, 0.362, 0.325, 0.355, 0.376, 0.307, 0.269, 0.293, 0.341, 0.268, 0.263, 0.181, 0.159, 0.188, 0.168, 0.149, 0.113, 0.129, 0.121, 0.108, 0.106, 0.102, 0.09, 0.071, 0.046, 0.048, 0.031, 0.04, 0.025, 0.045, 0.042, 0.031, 0.03, 0.054, 0.059, 0.062, 0.035, 0.021, 0.036, 0.057, 0.056, 0.05, 0.053, 0.042, 0.03, 0.028, 0.024, 0.026
precipitation[0][39], 0.246, 0.284, 0.287, 0.332, 0.31, 0.311, 0.215, 0.2, 0.246, 0.213, 0.283, 0.244, 0.224, 0.256, 0.323, 0.326, 0.307, 0.327, 0.325, 0.294, 0.331, 0.289, 0.277, 0.286, 0.289, 0.33, 0.307, 0.267, 0.278, 0.261, 0.274, 0.261, 0.265, 0.222, 0.241, 0.225, 0.215, 0.206, 0.209, 0.212, 0.2, 0.217, 0.211, 0.256, 0.262, 0.258, 0.237, 0.252, 0.247, 0.258, 0.23, 0.232, 0.22, 0.245, 0.276, 0.31, 0.293, 0.297, 0.315, 0.275, 0.264, 0.25, 0.294, 0.251, 0.229, 0.208, 0.218, 0.209, 0.178, 0.155, 0.168, 0.147, 0.131, 0.153, 0.154, 0.209, 0.209, 0.202, 0.198, 0.231, 0.218, 0.249, 0.261, 0.227, 0.216, 0.223, 0.226, 0.233, 0.261, 0.278, 0.273, 0.258, 0.264, 0.315, 0.375, 0.374, 0.372, 0.349, 0.313, 0.333, 0.35, 0.407, 0.424, 0.412, 0.407, 0.424, 0.479, 0.519, 0.589, 0.571, 0.498, 0.473, 0.482, 0.486, 0.48, 0.531, 0.551, 0.595, 0.584, 0.606, 0.626, 0.697, 0.724, 0.658, 0.623, 0.587, 0.547, 0.538, 0.498, 0.463, 0.457, 0.438, 0.414, 0.419, 0.399, 0.395, 0.372, 0.367, 0.367, 0.318, 0.328, 0.368, 0.34, 0.335, 0.294, 0.281, 0.289, 0.237, 0.209, 0.192, 0.126, 0.101, 0.162, 0.144, 0.187, 0.113, 0.082, 0.087, 0.081, 0.078, 0.073, 0.063, 0.052, 0.034, 0.039, 0.032, 0.039, 0.057, 0.043, 0.038, 0.057, 0.059, 0.061, 0.047, 0.05, 0.041, 0.054, 0.066, 0.058, 0.053, 0.045, 0.034, 0.029, 0.025, 0.026
precipitation[0][40], 0.271, 0.297, 0.303, 0.313, 0.312, 0.31, 0.224, 0.218, 0.224, 0.205, 0.252, 0.256, 0.229, 0.287, 0.318, 0.344, 0.369, 0.403, 0.385, 0.375, 0.37, 0.31, 0.314, 0.291, 0.263, 0.274, 0.287, 0.265, 0.269, 0.257, 0.268, 0.271, 0.265, 0.241, 0.257, 0.257, 0.245, 0.24, 0.231, 0.234, 0.216, 0.223, 0.216, 0.262, 0.253, 0.254, 0.242, 0.244, 0.247, 0.271, 0.223, 0.22, 0.217, 0.249, 0.282, 0.298, 0.308, 0.305, 0.273, 0.268, 0.258, 0.255, 0.247, 0.251, 0.219, 0.229, 0.206, 0.242, 0.234, 0.173, 0.165, 0.155, 0.138, 0.127, 0.125, 0.145, 0.152, 0.185, 0.174, 0.191, 0.214, 0.235, 0.223, 0.215, 0.199, 0.214, 0.24, 0.228, 0.262, 0.283, 0.297, 0.265, 0.253, 0.279, 0.359, 0.374, 0.329, 0.322, 0.335, 0.326, 0.325, 0.361, 0.388, 0.389, 0.39, 0.436, 0.501, 0.582, 0.629, 0.565, 0.482, 0.49, 0.534, 0.516, 0.497, 0.541, 0.582, 0.622, 0.573, 0.608, 0.631, 0.701, 0.697, 0.689, 0.628, 0.615, 0.589, 0.575, 0.543, 0.521, 0.473, 0.435, 0.392, 0.378, 0.362, 0.368, 0.344, 0.346, 0.362, 0.355, 0.317, 0.315, 0.339, 0.363, 0.299, 0.283, 0.312, 0.304, 0.275, 0.276, 0.215, 0.208, 0.217, 0.312, 0.171, 0.129, 0.086, 0.067, 0.072, 0.078, 0.066, 0.068, 0.051, 0.043, 0.036, 0.031, 0.036, 0.029, 0.046, 0.044, 0.051, 0.051, 0.07, 0.031, 0.045, 0.034, 0.03, 0.048, 0.052, 0.052, 0.044, 0.04, 0.028, 0.025, 0.023
precipitation[0][41], 0.259, 0.262, 0.288, 0.315, 0.252, 0.291, 0.235, 0.219, 0.216, 0.221, 0.277, 0.269, 0.251, 0.271, 0.337, 0.394, 0.342, 0.341, 0.457, 0.344, 0.374, 0.26, 0.304, 0.268, 0.257, 0.278, 0.326, 0.298, 0.263, 0.257, 0.269, 0.29, 0.287, 0.308, 0.274, 0.288, 0.269, 0.261, 0.249, 0.247, 0.22, 0.237, 0.229, 0.226, 0.228, 0.238, 0.241, 0.238, 0.254, 0.246, 0.248, 0.226, 0.249, 0.257, 0.293, 0.284, 0.3, 0.282, 0.275, 0.276, 0.284, 0.272, 0.264, 0.262, 0.248, 0.253, 0.25, 0.267, 0.236, 0.231, 0.238, 0.185, 0.149, 0.137, 0.137, 0.138, 0.155, 0.18, 0.168, 0.184, 0.189, 0.21, 0.233, 0.203, 0.205, 0.198, 0.226, 0.228, 0.222, 0.257, 0.276, 0.229, 0.225, 0.279, 0.335, 0.357, 0.321, 0.32, 0.327, 0.357, 0.352, 0.383, 0.416, 0.396, 0.413, 0.451, 0.506, 0.534, 0.553, 0.575, 0.521, 0.541, 0.545, 0.54, 0.536, 0.55, 0.553, 0.57, 0.574, 0.668, 0.71, 0.672, 0.694, 0.685, 0.668, 0.648, 0.605, 0.546, 0.507, 0.504, 0.468, 0.431, 0.398, 0.387, 0.386, 0.368, 0.363, 0.337, 0.334, 0.314, 0.283, 0.279, 0.291, 0.287, 0.298, 0.283, 0.292, 0.319, 0.283, 0.265, 0.271, 0.229, 0.232, 0.272, 0.287, 0.161, 0.187, 0.063, 0.068, 0.067, 0.061, 0.064, 0.055, 0.034, 0.035, 0.03, 0.039, 0.046, 0.055, 0.048, 0.042, 0.045, 0.06, 0.025, 0.029, 0.027, 0.033, 0.041, 0.05, 0.05, 0.052, 0.035, 0.031, 0.023, 0.024
precipitation[0][42], 0.258, 0.275, 0.251, 0.261, 0.275, 0.287, 0.254, 0.222, 0.207, 0.241, 0.308, 0.317, 0.272, 0.289, 0.359, 0.386, 0.335, 0.306, 0.343, 0.279, 0.27, 0.287, 0.228, 0.225, 0.293, 0.298, 0.341, 0.332, 0.303, 0.299, 0.283, 0.323, 0.311, 0.325, 0.327, 0.307, 0.301, 0.294, 0.278, 0.279, 0.254, 0.269, 0.256, 0.251, 0.23, 0.237, 0.246, 0.235, 0.248, 0.259, 0.248, 0.247, 0.253, 0.283, 0.303, 0.307, 0.29, 0.269, 0.27, 0.268, 0.288, 0.274, 0.284, 0.262, 0.278, 0.297, 0.254, 0.247, 0.216, 0.246, 0.289, 0.212, 0.183, 0.164, 0.149, 0.137, 0.134, 0.163, 0.163, 0.169, 0.176, 0.192, 0.189, 0.181, 0.187, 0.183, 0.195, 0.199, 0.21, 0.202, 0.219, 0.192, 0.216, 0.267, 0.342, 0.405, 0.378, 0.354, 0.338, 0.38, 0.417, 0.444, 0.469, 0.453, 0.475, 0.586, 0.605, 0.577, 0.608, 0.592, 0.548, 0.554, 0.57, 0.592, 0.583, 0.561, 0.565, 0.61, 0.6, 0.716, 0.68, 0.653, 0.681, 0.701, 0.692, 0.651, 0.603, 0.583, 0.548, 0.62, 0.56, 0.491, 0.422, 0.439, 0.441, 0.37, 0.35, 0.315, 0.29, 0.269, 0.266, 0.25, 0.27, 0.29, 0.286, 0.296, 0.31, 0.286, 0.259, 0.218, 0.249, 0.233, 0.23, 0.231, 0.223, 0.166, 0.108, 0.083, 0.084, 0.083, 0.062, 0.048, 0.039, 0.027, 0.023, 0.027, 0.033, 0.033, 0.026, 0.03, 0.032, 0.04, 0.045, 0.018, 0.014, 0.013, 0.018, 0.02, 0.028, 0.038, 0.038, 0.028, 0.024, 0.021, 0.022
precipitation[0][43], 0.263, 0.274, 0.264, 0.244, 0.263, 0.277, 0.311, 0.26, 0.234, 0.279, 0.288, 0.257, 0.247, 0.304, 0.326, 0.323, 0.33, 0.321, 0.287, 0.236, 0.279, 0.295, 0.267, 0.228, 0.271, 0.271, 0.266, 0.332, 0.325, 0.319, 0.337, 0.367, 0.342, 0.332, 0.35, 0.327, 0.312, 0.329, 0.316, 0.282, 0.247, 0.296, 0.269, 0.261, 0.254, 0.259, 0.259, 0.235, 0.261, 0.252, 0.252, 0.25, 0.245, 0.267, 0.282, 0.286, 0.291, 0.267, 0.263, 0.271, 0.282, 0.295, 0.294, 0.258, 0.255, 0.274, 0.29, 0.234, 0.217, 0.22, 0.254, 0.235, 0.199, 0.184, 0.215, 0.168, 0.148, 0.159, 0.158, 0.162, 0.164, 0.18, 0.173, 0.165, 0.179, 0.171, 0.182, 0.191, 0.187, 0.193, 0.199, 0.185, 0.243, 0.253, 0.286, 0.317, 0.318, 0.319, 0.334, 0.387, 0.452, 0.517, 0.554, 0.548, 0.584, 0.635, 0.724, 0.643, 0.644, 0.718, 0.648, 0.593, 0.604, 0.605, 0.596, 0.574, 0.583, 0.573, 0.646, 0.743, 0.713, 0.641, 0.712, 0.711, 0.68, 0.643, 0.602, 0.59, 0.605, 0.67, 0.617, 0.574, 0.531, 0.464, 0.444, 0.419, 0.365, 0.328, 0.284, 0.253, 0.243, 0.221, 0.24, 0.258, 0.265, 0.296, 0.316, 0.309, 0.329, 0.311, 0.259, 0.264, 0.229, 0.226, 0.21, 0.186, 0.181, 0.099, 0.105, 0.089, 0.089, 0.045, 0.031, 0.018, 0.019, 0.024, 0.03, 0.022, 0.018, 0.022, 0.025, 0.032, 0.031, 0.011, 0.009, 0.009, 0.011, 0.018, 0.023, 0.031, 0.036, 0.035, 0.028, 0.022, 0.026
precipitation[0][44], 0.268, 0.261, 0.25, 0.257, 0.246, 0.275, 0.289, 0.288, 0.274, 0.306, 0.289, 0.242, 0.246, 0.268, 0.32, 0.293, 0.322, 0.307, 0.292, 0.276, 0.276, 0.289, 0.25, 0.255, 0.289, 0.306, 0.309, 0.304, 0.324, 0.337, 0.378, 0.363, 0.351, 0.331, 0.331, 0.329, 0.334, 0.344, 0.314, 0.305, 0.325, 0.315, 0.293, 0.28, 0.248, 0.259, 0.277, 0.25, 0.26, 0.251, 0.262, 0.23, 0.243, 0.261, 0.292, 0.283, 0.298, 0.284, 0.292, 0.267, 0.271, 0.283, 0.276, 0.256, 0.257, 0.286, 0.273, 0.224, 0.212, 0.217, 0.233, 0.228, 0.244, 0.262, 0.22, 0.189, 0.171, 0.176, 0.182, 0.178, 0.164, 0.173, 0.165, 0.166, 0.184, 0.188, 0.181, 0.175, 0.184, 0.184, 0.169, 0.19, 0.225, 0.236, 0.244, 0.276, 0.287, 0.313, 0.307, 0.421, 0.491, 0.537, 0.553, 0.497, 0.555, 0.596, 0.604, 0.605, 0.681, 0.758, 0.669, 0.639, 0.6, 0.606, 0.653, 0.628, 0.592, 0.605, 0.684, 0.812, 0.819, 0.701, 0.713, 0.704, 0.672, 0.634, 0.6, 0.592, 0.604, 0.716, 0.766, 0.645, 0.61, 0.53, 0.445, 0.407, 0.428, 0.339, 0.293, 0.257, 0.224, 0.209, 0.209, 0.229, 0.227, 0.245, 0.28, 0.28, 0.288, 0.271, 0.261, 0.233, 0.213, 0.213, 0.218, 0.208, 0.187, 0.098, 0.091, 0.086, 0.083, 0.052, 0.028, 0.018, 0.018, 0.02, 0.027, 0.018, 0.018, 0.02, 0.023, 0.019, 0.015, 0.01, 0.007, 0.007, 0.011, 0.014, 0.016, 0.024, 0.028, 0.028, 0.025, 0.025, 0.028
precipitation[0][45], 0.264, 0.267, 0.262, 0.241, 0.231, 0.256, 0.353, 0.29, 0.329, 0.305, 0.288, 0.258, 0.236, 0.256, 0.29, 0.305, 0.329, 0.329, 0.327, 0.301, 0.291, 0.276, 0.237, 0.249, 0.26, 0.275, 0.343, 0.299, 0.354, 0.363, 0.422, 0.382, 0.396, 0.354, 0.375, 0.353, 0.346, 0.307, 0.304, 0.291, 0.352, 0.32, 0.292, 0.282, 0.261, 0.264, 0.281, 0.269, 0.257, 0.269, 0.24, 0.225, 0.239, 0.268, 0.337, 0.322, 0.344, 0.332, 0.285, 0.262, 0.271, 0.272, 0.288, 0.297, 0.274, 0.293, 0.243, 0.244, 0.231, 0.198, 0.207, 0.19, 0.236, 0.296, 0.282, 0.293, 0.202, 0.208, 0.177, 0.167, 0.158, 0.16, 0.161, 0.159, 0.154, 0.159, 0.168, 0.183, 0.176, 0.16, 0.168, 0.188, 0.195, 0.222, 0.244, 0.254, 0.262, 0.281, 0.324, 0.397, 0.54, 0.485, 0.453, 0.489, 0.502, 0.538, 0.544, 0.6, 0.611, 0.668, 0.651, 0.609, 0.586, 0.6, 0.657, 0.633, 0.627, 0.604, 0.682, 0.749, 0.757, 0.677, 0.69, 0.677, 0.649, 0.635, 0.608, 0.635, 0.596, 0.628, 0.739, 0.689, 0.63, 0.595, 0.53, 0.444, 0.391, 0.34, 0.294, 0.254, 0.222, 0.199, 0.19, 0.201, 0.209, 0.219, 0.226, 0.25, 0.27, 0.238, 0.233, 0.227, 0.224, 0.243, 0.217, 0.208, 0.217, 0.081, 0.091, 0.063, 0.056, 0.041, 0.028, 0.012, 0.018, 0.024, 0.014, 0.012, 0.012, 0.015, 0.013, 0.012, 0.012, 0.01, 0.007, 0.007, 0.009, 0.008, 0.01, 0.014, 0.018, 0.017, 0.015, 0.015, 0.018
precipitation[0][46], 0.294, 0.274, 0.299, 0.269, 0.283, 0.298, 0.33, 0.315, 0.316, 0.289, 0.319, 0.287, 0.273, 0.291, 0.29, 0.317, 0.351, 0.338, 0.351, 0.32, 0.333, 0.304, 0.249, 0.239, 0.263, 0.299, 0.307, 0.304, 0.345, 0.419, 0.433, 0.444, 0.439, 0.425, 0.436, 0.416, 0.351, 0.317, 0.342, 0.402, 0.372, 0.364, 0.294, 0.283, 0.273, 0.263, 0.278, 0.259, 0.246, 0.256, 0.208, 0.21, 0.23, 0.247, 0.245, 0.311, 0.343, 0.327, 0.27, 0.243, 0.238, 0.213, 0.259, 0.276, 0.29, 0.262, 0.234, 0.225, 0.186, 0.205, 0.183, 0.195, 0.205, 0.327, 0.307, 0.362, 0.336, 0.226, 0.178, 0.168, 0.159, 0.152, 0.164, 0.172, 0.155, 0.163, 0.176, 0.18, 0.173, 0.145, 0.154, 0.19, 0.166, 0.195, 0.207, 0.239, 0.237, 0.283, 0.297, 0.385, 0.459, 0.442, 0.417, 0.441, 0.499, 0.505, 0.5, 0.561, 0.609, 0.615, 0.612, 0.594, 0.581, 0.598, 0.672, 0.642, 0.665, 0.654, 0.685, 0.739, 0.696, 0.644, 0.646, 0.644, 0.61, 0.586, 0.585, 0.609, 0.55, 0.58, 0.609, 0.623, 0.588, 0.652, 0.537, 0.495, 0.435, 0.357, 0.297, 0.258, 0.217, 0.202, 0.198, 0.208, 0.211, 0.22, 0.22, 0.241, 0.246, 0.225, 0.222, 0.216, 0.236, 0.228, 0.22, 0.224, 0.229, 0.199, 0.071, 0.048, 0.041, 0.02, 0.012, 0.008, 0.012, 0.012, 0.009, 0.008, 0.009, 0.014, 0.007, 0.007, 0.009, 0.01, 0.005, 0.003, 0.007, 0.009, 0.009, 0.011, 0.015, 0.013, 0.013, 0.01, 0.013
precipitation[0][47], 0.318, 0.267, 0.311, 0.3, 0.321, 0.272, 0.334, 0.281, 0.321, 0.312, 0.348, 0.317, 0.296, 0.314, 0.315, 0.34, 0.353, 0.339, 0.34, 0.337, 0.45, 0.313, 0.286, 0.248, 0.242, 0.26, 0.276, 0.298, 0.367, 0.395, 0.398, 0.425, 0.429, 0.434, 0.425, 0.4, 0.33, 0.367, 0.332, 0.343, 0.295, 0.331, 0.264, 0.262, 0.254, 0.242, 0.266, 0.269, 0.255, 0.217, 0.223, 0.206, 0.219, 0.218, 0.265, 0.323, 0.362, 0.355, 0.264, 0.268, 0.256, 0.27, 0.307, 0.284, 0.281, 0.288, 0.261, 0.23, 0.192, 0.19, 0.188, 0.173, 0.219, 0.264, 0.25, 0.36, 0.356, 0.239, 0.2, 0.187, 0.161, 0.156, 0.16, 0.161, 0.166, 0.175, 0.17, 0.162, 0.16, 0.146, 0.139, 0.148, 0.155, 0.182, 0.215, 0.268, 0.253, 0.292, 0.321, 0.343, 0.363, 0.386, 0.389, 0.399, 0.43, 0.457, 0.461, 0.572, 0.569, 0.554, 0.543, 0.511, 0.559, 0.554, 0.602, 0.622, 0.642, 0.638, 0.629, 0.68, 0.652, 0.59, 0.579, 0.595, 0.592, 0.58, 0.584, 0.644, 0.571, 0.588, 0.6, 0.612, 0.586, 0.619, 0.558, 0.499, 0.445, 0.371, 0.319, 0.281, 0.227, 0.21, 0.203, 0.203, 0.215, 0.228, 0.237, 0.242, 0.244, 0.247, 0.222, 0.219, 0.218, 0.219, 0.212, 0.207, 0.209, 0.196, 0.043, 0.029, 0.025, 0.016, 0.012, 0.011, 0.011, 0.01, 0.01, 0.007, 0.01, 0.015, 0.008, 0.006, 0.006, 0.007, 0.004, 0.003, 0.007, 0.015, 0.016, 0.018, 0.026, 0.022, 0.015, 0.013, 0.011
precipitation[0][48], 0.274, 0.271, 0.309, 0.339, 0.327, 0.295, 0.316, 0.287, 0.31, 0.349, 0.353, 0.345, 0.343, 0.344, 0.355, 0.359, 0.348, 0.389, 0.357, 0.359, 0.359, 0.282, 0.283, 0.261, 0.265, 0.27, 0.27, 0.318, 0.383, 0.443, 0.402, 0.407, 0.39, 0.431, 0.451, 0.404, 0.333, 0.284, 0.248, 0.255, 0.293, 0.296, 0.278, 0.287, 0.284, 0.262, 0.271, 0.261, 0.236, 0.205, 0.22, 0.226, 0.217, 0.205, 0.239, 0.316, 0.289, 0.296, 0.297, 0.277, 0.275, 0.275, 0.273, 0.278, 0.267, 0.271, 0.24, 0.226, 0.188, 0.206, 0.183, 0.173, 0.225, 0.247, 0.24, 0.315, 0.361, 0.278, 0.233, 0.235, 0.183, 0.173, 0.173, 0.172, 0.183, 0.206, 0.193, 0.161, 0.152, 0.161, 0.137, 0.134, 0.146, 0.169, 0.198, 0.261, 0.278, 0.268, 0.32, 0.322, 0.333, 0.343, 0.374, 0.381, 0.397, 0.437, 0.464, 0.554, 0.542, 0.551, 0.535, 0.493, 0.55, 0.598, 0.608, 0.589, 0.635, 0.616, 0.59, 0.595, 0.608, 0.561, 0.555, 0.555, 0.575, 0.588, 0.584, 0.569, 0.581, 0.6, 0.61, 0.584, 0.597, 0.557, 0.534, 0.519, 0.497, 0.404, 0.373, 0.303, 0.237, 0.216, 0.204, 0.203, 0.211, 0.218, 0.214, 0.25, 0.239, 0.223, 0.221, 0.208, 0.216, 0.253, 0.265, 0.206, 0.204, 0.195, 0.026, 0.019, 0.018, 0.015, 0.013, 0.01, 0.01, 0.01, 0.013, 0.011, 0.011, 0.014, 0.006, 0.005, 0.005, 0.005, 0.005, 0.004, 0.004, 0.009, 0.012, 0.014, 0.017, 0.016, 0.011, 0.009, 0.003
precipitation[0][49], 0.243, 0.27, 0.318, 0.371, 0.345, 0.296, 0.307, 0.284, 0.296, 0.294, 0.317, 0.345, 0.331, 0.377, 0.406, 0.411, 0.361, 0.356, 0.336, 0.331, 0.37, 0.291, 0.278, 0.287, 0.282, 0.304, 0.299, 0.293, 0.348, 0.405, 0.423, 0.413, 0.342, 0.358, 0.389, 0.362, 0.316, 0.288, 0.325, 0.255, 0.263, 0.294, 0.292, 0.279, 0.29, 0.272, 0.271, 0.282, 0.26, 0.221, 0.232, 0.227, 0.234, 0.213, 0.229, 0.279, 0.273, 0.283, 0.313, 0.307, 0.325, 0.273, 0.266, 0.268, 0.255, 0.27, 0.23, 0.287, 0.274, 0.238, 0.265, 0.216, 0.243, 0.26, 0.303, 0.305, 0.308, 0.295, 0.273, 0.282, 0.216, 0.189, 0.182, 0.174, 0.175, 0.185, 0.177, 0.175, 0.16, 0.149, 0.15, 0.138, 0.165, 0.178, 0.175, 0.212, 0.244, 0.249, 0.308, 0.32, 0.337, 0.343, 0.338, 0.353, 0.392, 0.395, 0.443, 0.478, 0.535, 0.535, 0.519, 0.546, 0.624, 0.613, 0.582, 0.608, 0.683, 0.625, 0.629, 0.558, 0.588, 0.577, 0.544, 0.529, 0.508, 0.544, 0.559, 0.569, 0.592, 0.648, 0.736, 0.658, 0.611, 0.563, 0.544, 0.509, 0.497, 0.444, 0.405, 0.322, 0.268, 0.213, 0.195, 0.2, 0.204, 0.204, 0.204, 0.222, 0.246, 0.223, 0.233, 0.217, 0.219, 0.215, 0.221, 0.219, 0.22, 0.187, 0.025, 0.017, 0.013, 0.012, 0.014, 0.015, 0.012, 0.012, 0.02, 0.012, 0.012, 0.006, 0.004, 0.004, 0.006, 0.006, 0.007, 0.002, 0.003, 0.004, 0.006, 0.011, 0.018, 0.016, 0.016, 0.01, 0.008
precipitation[0][50], 0.243, 0.273, 0.319, 0.393, 0.337, 0.316, 0.301, 0.307, 0.308, 0.34, 0.333, 0.335, 0.358, 0.393, 0.455, 0.406, 0.41, 0.358, 0.32, 0.309, 0.338, 0.331, 0.283, 0.269, 0.262, 0.28, 0.296, 0.292, 0.32, 0.379, 0.42, 0.412, 0.37, 0.376, 0.354, 0.323, 0.317, 0.282, 0.256, 0.259, 0.294, 0.308, 0.304, 0.274, 0.286, 0.287, 0.269, 0.292, 0.275, 0.252, 0.23, 0.232, 0.233, 0.225, 0.252, 0.285, 0.295, 0.321, 0.31, 0.313, 0.266, 0.258, 0.27, 0.269, 0.257, 0.274, 0.257, 0.224, 0.26, 0.25, 0.255, 0.266, 0.287, 0.236, 0.253, 0.232, 0.306, 0.266, 0.27, 0.254, 0.201, 0.197, 0.17, 0.162, 0.151, 0.182, 0.18, 0.17, 0.165, 0.13, 0.121, 0.128, 0.145, 0.16, 0.179, 0.205, 0.228, 0.24, 0.266, 0.304, 0.306, 0.334, 0.358, 0.36, 0.402, 0.409, 0.447, 0.485, 0.546, 0.545, 0.522, 0.583, 0.602, 0.529, 0.563, 0.649, 0.615, 0.57, 0.58, 0.58, 0.558, 0.579, 0.544, 0.524, 0.522, 0.538, 0.5, 0.535, 0.597, 0.647, 0.679, 0.634, 0.601, 0.624, 0.538, 0.508, 0.535, 0.479, 0.411, 0.306, 0.256, 0.216, 0.194, 0.189, 0.202, 0.203, 0.209, 0.231, 0.218, 0.223, 0.226, 0.221, 0.209, 0.222, 0.253, 0.228, 0.236, 0.18, 0.019, 0.018, 0.017, 0.03, 0.013, 0.017, 0.018, 0.019, 0.02, 0.017, 0.008, 0.008, 0.005, 0.006, 0.004, 0.006, 0.004, 0.004, 0.002, 0.001, 0.001, 0.005, 0.01, 0.009, 0.012, 0.012, 0.013
precipitation[0][51], 0.26, 0.274, 0.303, 0.37, 0.343, 0.404, 0.296, 0.316, 0.322, 0.351, 0.341, 0.335, 0.362, 0.409, 0.415, 0.381, 0.368, 0.321, 0.302, 0.283, 0.308, 0.295, 0.297, 0.277, 0.241, 0.272, 0.306, 0.299, 0.331, 0.386, 0.488, 0.424, 0.358, 0.348, 0.341, 0.31, 0.276, 0.307, 0.313, 0.26, 0.245, 0.29, 0.278, 0.272, 0.277, 0.272, 0.256, 0.286, 0.279, 0.263, 0.253, 0.266, 0.257, 0.241, 0.285, 0.314, 0.335, 0.335, 0.416, 0.312, 0.288, 0.302, 0.298, 0.294, 0.303, 0.264, 0.254, 0.231, 0.244, 0.239, 0.268, 0.222, 0.24, 0.231, 0.243, 0.232, 0.271, 0.249, 0.23, 0.233, 0.219, 0.197, 0.175, 0.181, 0.179, 0.192, 0.177, 0.184, 0.201, 0.151, 0.14, 0.153, 0.155, 0.156, 0.181, 0.206, 0.221, 0.247, 0.247, 0.285, 0.285, 0.301, 0.356, 0.37, 0.379, 0.422, 0.443, 0.489, 0.531, 0.568, 0.585, 0.576, 0.622, 0.593, 0.546, 0.556, 0.567, 0.584, 0.571, 0.545, 0.56, 0.561, 0.525, 0.531, 0.522, 0.549, 0.521, 0.497, 0.557, 0.592, 0.637, 0.632, 0.596, 0.592, 0.558, 0.501, 0.461, 0.41, 0.353, 0.312, 0.266, 0.229, 0.202, 0.205, 0.205, 0.207, 0.21, 0.219, 0.22, 0.22, 0.231, 0.214, 0.206, 0.22, 0.281, 0.233, 0.198, 0.184, 0.025, 0.02, 0.02, 0.024, 0.019, 0.031, 0.03, 0.027, 0.027, 0.017, 0.007, 0.006, 0.004, 0.004, 0.003, 0.005, 0.007, 0.006, 0.002, 0.002, 0.002, 0.003, 0.006, 0.007, 0.005, 0.006, 0.013
precipitation[0][52], 0.252, 0.26, 0.285, 0.312, 0.328, 0.327, 0.348, 0.32, 0.321, 0.366, 0.355, 0.343, 0.331, 0.334, 0.352, 0.385, 0.377, 0.377, 0.337, 0.289, 0.315, 0.278, 0.279, 0.254, 0.258, 0.263, 0.303, 0.312, 0.313, 0.42, 0.471, 0.427, 0.37, 0.347, 0.334, 0.298, 0.266, 0.313, 0.274, 0.29, 0.249, 0.257, 0.251, 0.26, 0.269, 0.241, 0.22, 0.241, 0.244, 0.265, 0.275, 0.299, 0.274, 0.257, 0.288, 0.316, 0.333, 0.324, 0.359, 0.27, 0.299, 0.31, 0.303, 0.281, 0.293, 0.28, 0.229, 0.196, 0.216, 0.23, 0.263, 0.242, 0.222, 0.223, 0.228, 0.241, 0.28, 0.276, 0.218, 0.234, 0.223, 0.224, 0.191, 0.177, 0.167, 0.155, 0.158, 0.147, 0.154, 0.137, 0.132, 0.134, 0.151, 0.162, 0.17, 0.188, 0.206, 0.221, 0.248, 0.257, 0.291, 0.296, 0.321, 0.358, 0.345, 0.393, 0.412, 0.475, 0.517, 0.563, 0.62, 0.641, 0.64, 0.646, 0.587, 0.606, 0.592, 0.581, 0.546, 0.55, 0.554, 0.522, 0.488, 0.49, 0.475, 0.449, 0.448, 0.473, 0.508, 0.556, 0.619, 0.594, 0.55, 0.528, 0.517, 0.496, 0.418, 0.375, 0.336, 0.307, 0.296, 0.283, 0.229, 0.227, 0.228, 0.228, 0.222, 0.219, 0.223, 0.217, 0.222, 0.221, 0.21, 0.224, 0.253, 0.242, 0.228, 0.194, 0.18, 0.031, 0.031, 0.037, 0.039, 0.046, 0.04, 0.043, 0.034, 0.019, 0.009, 0.005, 0.004, 0.005, 0.003, 0.005, 0.007, 0.005, 0.003, 0.003, 0.005, 0.004, 0.007, 0.005, 0.003, 0.006, 0.012
precipitation[0][53], 0.24, 0.232, 0.275, 0.294, 0.306, 0.342, 0.322, 0.32, 0.289, 0.346, 0.351, 0.323, 0.322, 0.336, 0.381, 0.397, 0.372, 0.37, 0.36, 0.309, 0.325, 0.263, 0.288, 0.288, 0.245, 0.271, 0.296, 0.3, 0.302, 0.334, 0.385, 0.416, 0.329, 0.325, 0.332, 0.311, 0.335, 0.304, 0.301, 0.299, 0.254, 0.237, 0.243, 0.227, 0.239, 0.221, 0.213, 0.232, 0.234, 0.249, 0.28, 0.287, 0.278, 0.271, 0.312, 0.332, 0.339, 0.298, 0.328, 0.297, 0.32, 0.307, 0.296, 0.283, 0.309, 0.314, 0.283, 0.223, 0.223, 0.229, 0.228, 0.217, 0.223, 0.246, 0.251, 0.269, 0.33, 0.25, 0.22, 0.208, 0.216, 0.217, 0.198, 0.206, 0.175, 0.161, 0.155, 0.153, 0.149, 0.141, 0.138, 0.145, 0.16, 0.189, 0.198, 0.186, 0.183, 0.206, 0.224, 0.233, 0.255, 0.299, 0.319, 0.325, 0.341, 0.371, 0.417, 0.486, 0.531, 0.579, 0.615, 0.604, 0.63, 0.64, 0.619, 0.626, 0.61, 0.59, 0.577, 0.574, 0.568, 0.484, 0.466, 0.473, 0.447, 0.421, 0.415, 0.409, 0.446, 0.477, 0.525, 0.546, 0.538, 0.503, 0.475, 0.459, 0.386, 0.342, 0.335, 0.309, 0.284, 0.286, 0.266, 0.245, 0.248, 0.247, 0.229, 0.229, 0.223, 0.215, 0.218, 0.221, 0.227, 0.219, 0.239, 0.238, 0.235, 0.225, 0.189, 0.193, 0.051, 0.049, 0.046, 0.059, 0.044, 0.043, 0.024, 0.014, 0.006, 0.004, 0.007, 0.003, 0.004, 0.007, 0.009, 0.005, 0.002, 0.002, 0.005, 0.004, 0.007, 0.004, 0.003, 0.006, 0.012
precipitation[0][54], 0.236, 0.231, 0.273, 0.289, 0.336, 0.3, 0.314, 0.327, 0.299, 0.314, 0.31, 0.273, 0.255, 0.278, 0.38, 0.435, 0.348, 0.351, 0.369, 0.291, 0.285, 0.247, 0.236, 0.221, 0.237, 0.271, 0.264, 0.273, 0.294, 0.323, 0.358, 0.353, 0.341, 0.315, 0.331, 0.297, 0.301, 0.261, 0.276, 0.253, 0.225, 0.207, 0.217, 0.236, 0.249, 0.25, 0.239, 0.236, 0.241, 0.255, 0.293, 0.314, 0.301, 0.287, 0.316, 0.338, 0.319, 0.288, 0.3, 0.294, 0.324, 0.319, 0.332, 0.323, 0.322, 0.289, 0.264, 0.258, 0.234, 0.228, 0.226, 0.237, 0.24, 0.278, 0.323, 0.326, 0.354, 0.259, 0.239, 0.231, 0.21, 0.201, 0.207, 0.227, 0.212, 0.196, 0.199, 0.187, 0.179, 0.159, 0.158, 0.156, 0.183, 0.224, 0.202, 0.176, 0.175, 0.2, 0.2, 0.23, 0.249, 0.265, 0.262, 0.282, 0.329, 0.359, 0.417, 0.531, 0.511, 0.526, 0.554, 0.612, 0.614, 0.603, 0.61, 0.606, 0.616, 0.624, 0.613, 0.534, 0.517, 0.47, 0.455, 0.442, 0.442, 0.4, 0.391, 0.401, 0.421, 0.447, 0.518, 0.498, 0.469, 0.448, 0.424, 0.422, 0.379, 0.355, 0.346, 0.308, 0.293, 0.298, 0.254, 0.242, 0.236, 0.241, 0.236, 0.237, 0.238, 0.238, 0.24, 0.248, 0.243, 0.239, 0.253, 0.255, 0.266, 0.243, 0.216, 0.21, 0.218, 0.066, 0.083, 0.101, 0.068, 0.053, 0.029, 0.014, 0.007, 0.005, 0.005, 0.003, 0.005, 0.007, 0.009, 0.003, 0.001, 0.001, 0, 0.001, 0.003, 0.002, 0.002, 0.006, 0.012
precipitation[0][55], 0.222, 0.232, 0.278, 0.271, 0.28, 0.298, 0.303, 0.319, 0.294, 0.244, 0.298, 0.254, 0.268, 0.311, 0.336, 0.46, 0.37, 0.33, 0.383, 0.36, 0.289, 0.233, 0.233, 0.219, 0.22, 0.237, 0.263, 0.253, 0.271, 0.282, 0.292, 0.314, 0.315, 0.317, 0.323, 0.303, 0.292, 0.247, 0.24, 0.251, 0.222, 0.202, 0.195, 0.224, 0.266, 0.257, 0.263, 0.307, 0.279, 0.27, 0.337, 0.297, 0.343, 0.286, 0.294, 0.3, 0.321, 0.303, 0.274, 0.304, 0.324, 0.317, 0.335, 0.358, 0.353, 0.296, 0.273, 0.281, 0.245, 0.252, 0.231, 0.243, 0.271, 0.332, 0.371, 0.348, 0.33, 0.247, 0.212, 0.215, 0.222, 0.23, 0.21, 0.262, 0.287, 0.258, 0.256, 0.249, 0.214, 0.182, 0.167, 0.151, 0.159, 0.177, 0.18, 0.16, 0.16, 0.194, 0.192, 0.203, 0.21, 0.211, 0.212, 0.233, 0.267, 0.325, 0.361, 0.468, 0.469, 0.476, 0.518, 0.523, 0.526, 0.541, 0.583, 0.602, 0.608, 0.629, 0.6, 0.596, 0.519, 0.492, 0.541, 0.516, 0.455, 0.435, 0.398, 0.418, 0.419, 0.435, 0.433, 0.439, 0.441, 0.417, 0.394, 0.418, 0.385, 0.363, 0.338, 0.305, 0.323, 0.298, 0.24, 0.24, 0.241, 0.24, 0.237, 0.251, 0.254, 0.25, 0.266, 0.291, 0.263, 0.256, 0.259, 0.275, 0.291, 0.275, 0.267, 0.263, 0.213, 0.082, 0.118, 0.149, 0.109, 0.092, 0.041, 0.018, 0.01, 0.007, 0.005, 0.003, 0.005, 0.006, 0.008, 0.003, 0.001, 0, 0, 0, 0.002, 0.001, 0.002, 0.005, 0.014
precipitation[0][56], 0.212, 0.22, 0.268, 0.268, 0.289, 0.271, 0.281, 0.271, 0.29, 0.287, 0.301, 0.272, 0.279, 0.294, 0.354, 0.388, 0.338, 0.313, 0.351, 0.303, 0.259, 0.209, 0.235, 0.218, 0.221, 0.228, 0.242, 0.217, 0.229, 0.25, 0.283, 0.326, 0.33, 0.369, 0.369, 0.397, 0.266, 0.211, 0.214, 0.168, 0.146, 0.137, 0.138, 0.211, 0.218, 0.209, 0.226, 0.257, 0.287, 0.284, 0.307, 0.287, 0.283, 0.251, 0.277, 0.337, 0.333, 0.343, 0.304, 0.328, 0.327, 0.374, 0.32, 0.335, 0.385, 0.293, 0.302, 0.254, 0.267, 0.274, 0.282, 0.312, 0.316, 0.368, 0.373, 0.354, 0.365, 0.246, 0.231, 0.188, 0.209, 0.216, 0.215, 0.267, 0.264, 0.236, 0.259, 0.288, 0.226, 0.178, 0.144, 0.129, 0.122, 0.128, 0.115, 0.114, 0.132, 0.128, 0.128, 0.145, 0.133, 0.134, 0.15, 0.174, 0.207, 0.275, 0.368, 0.416, 0.368, 0.386, 0.457, 0.446, 0.439, 0.507, 0.583, 0.533, 0.546, 0.592, 0.554, 0.532, 0.464, 0.48, 0.521, 0.512, 0.501, 0.477, 0.421, 0.41, 0.367, 0.383, 0.386, 0.416, 0.404, 0.414, 0.39, 0.409, 0.394, 0.419, 0.367, 0.31, 0.311, 0.257, 0.232, 0.234, 0.218, 0.22, 0.214, 0.258, 0.26, 0.274, 0.301, 0.303, 0.279, 0.27, 0.308, 0.341, 0.319, 0.303, 0.286, 0.259, 0.263, 0.101, 0.112, 0.263, 0.153, 0.082, 0.034, 0.014, 0.008, 0.006, 0.007, 0.005, 0.006, 0.005, 0.006, 0.002, 0.001, 0.001, 0, 0.001, 0.001, 0.002, 0.002, 0.009, 0.014
precipitation[0][57], 0.221, 0.229, 0.265, 0.299, 0.319, 0.277, 0.286, 0.255, 0.278, 0.269, 0.283, 0.315, 0.372, 0.31, 0.342, 0.365, 0.344, 0.289, 0.293, 0.244, 0.227, 0.201, 0.213, 0.206, 0.243, 0.273, 0.286, 0.235, 0.246, 0.267, 0.293, 0.296, 0.308, 0.352, 0.313, 0.312, 0.27, 0.22, 0.218, 0.168, 0.14, 0.151, 0.14, 0.142, 0.198, 0.17, 0.218, 0.226, 0.24, 0.249, 0.307, 0.294, 0.299, 0.276, 0.305, 0.404, 0.353, 0.385, 0.326, 0.357, 0.343, 0.364, 0.317, 0.289, 0.282, 0.273, 0.305, 0.301, 0.279, 0.292, 0.29, 0.293, 0.292, 0.325, 0.38, 0.328, 0.324, 0.278, 0.249, 0.248, 0.201, 0.222, 0.229, 0.254, 0.262, 0.262, 0.257, 0.27, 0.249, 0.221, 0.223, 0.178, 0.163, 0.161, 0.141, 0.128, 0.132, 0.121, 0.114, 0.113, 0.119, 0.125, 0.141, 0.187, 0.223, 0.348, 0.392, 0.393, 0.366, 0.349, 0.414, 0.43, 0.439, 0.469, 0.498, 0.467, 0.498, 0.519, 0.515, 0.49, 0.493, 0.497, 0.475, 0.507, 0.499, 0.497, 0.438, 0.397, 0.336, 0.334, 0.341, 0.39, 0.396, 0.405, 0.375, 0.385, 0.355, 0.372, 0.387, 0.314, 0.297, 0.268, 0.252, 0.241, 0.223, 0.215, 0.216, 0.25, 0.272, 0.272, 0.295, 0.286, 0.304, 0.323, 0.328, 0.405, 0.348, 0.297, 0.279, 0.241, 0.247, 0.111, 0.136, 0.177, 0.146, 0.084, 0.031, 0.011, 0.006, 0.006, 0.009, 0.003, 0.004, 0.004, 0.005, 0.002, 0.001, 0.001, 0.001, 0.001, 0, 0.002, 0.003, 0.005, 0.013
precipitation[0][58], 0.236, 0.232, 0.249, 0.263, 0.331, 0.258, 0.288, 0.281, 0.257, 0.238, 0.272, 0.304, 0.33, 0.358, 0.322, 0.319, 0.302, 0.256, 0.231, 0.225, 0.217, 0.183, 0.202, 0.215, 0.246, 0.289, 0.289, 0.253, 0.236, 0.249, 0.246, 0.262, 0.276, 0.307, 0.295, 0.329, 0.288, 0.213, 0.205, 0.167, 0.143, 0.131, 0.135, 0.146, 0.164, 0.187, 0.18, 0.197, 0.248, 0.273, 0.326, 0.345, 0.373, 0.338, 0.371, 0.376, 0.408, 0.357, 0.425, 0.561, 0.396, 0.319, 0.333, 0.26, 0.232, 0.258, 0.267, 0.27, 0.267, 0.226, 0.332, 0.262, 0.283, 0.264, 0.328, 0.27, 0.295, 0.283, 0.275, 0.277, 0.278, 0.265, 0.271, 0.26, 0.283, 0.275, 0.271, 0.293, 0.284, 0.363, 0.322, 0.256, 0.238, 0.212, 0.182, 0.151, 0.121, 0.115, 0.108, 0.105, 0.109, 0.109, 0.127, 0.155, 0.187, 0.251, 0.32, 0.37, 0.353, 0.363, 0.383, 0.39, 0.373, 0.385, 0.392, 0.41, 0.463, 0.468, 0.473, 0.465, 0.472, 0.48, 0.484, 0.485, 0.51, 0.474, 0.461, 0.404, 0.33, 0.327, 0.314, 0.339, 0.362, 0.379, 0.342, 0.336, 0.334, 0.36, 0.365, 0.324, 0.294, 0.273, 0.264, 0.255, 0.228, 0.222, 0.236, 0.243, 0.251, 0.269, 0.289, 0.3, 0.3, 0.318, 0.385, 0.372, 0.276, 0.273, 0.273, 0.255, 0.231, 0.16, 0.138, 0.205, 0.162, 0.112, 0.057, 0.016, 0.007, 0.007, 0.01, 0.004, 0.004, 0.003, 0.004, 0.001, 0.001, 0.001, 0.001, 0.001, 0.001, 0.002, 0.003, 0.004, 0.012
precipitation[0][59], 0.228, 0.235, 0.237, 0.24, 0.252, 0.238, 0.25, 0.249, 0.231, 0.233, 0.285, 0.308, 0.31, 0.326, 0.309, 0.289, 0.272, 0.238, 0.233, 0.201, 0.197, 0.176, 0.177, 0.212, 0.247, 0.297, 0.341, 0.299, 0.242, 0.225, 0.24, 0.244, 0.26, 0.262, 0.277, 0.272, 0.254, 0.244, 0.209, 0.178, 0.15, 0.187, 0.14, 0.136, 0.162, 0.178, 0.197, 0.195, 0.244, 0.284, 0.328, 0.368, 0.342, 0.356, 0.399, 0.42, 0.431, 0.4, 0.528, 0.506, 0.418, 0.34, 0.291, 0.235, 0.265, 0.265, 0.309, 0.261, 0.272, 0.217, 0.248, 0.25, 0.272, 0.253, 0.285, 0.233, 0.276, 0.3, 0.319, 0.283, 0.356, 0.325, 0.31, 0.305, 0.292, 0.286, 0.287, 0.281, 0.297, 0.33, 0.328, 0.317, 0.314, 0.272, 0.198, 0.164, 0.126, 0.111, 0.106, 0.105, 0.1, 0.098, 0.115, 0.135, 0.161, 0.218, 0.267, 0.299, 0.347, 0.365, 0.378, 0.365, 0.38, 0.372, 0.408, 0.357, 0.393, 0.426, 0.466, 0.467, 0.459, 0.451, 0.457, 0.457, 0.433, 0.437, 0.438, 0.381, 0.326, 0.303, 0.3, 0.318, 0.33, 0.361, 0.332, 0.318, 0.323, 0.335, 0.352, 0.333, 0.333, 0.315, 0.303, 0.29, 0.257, 0.237, 0.254, 0.264, 0.247, 0.267, 0.277, 0.3, 0.298, 0.325, 0.398, 0.362, 0.272, 0.254, 0.294, 0.264, 0.228, 0.208, 0.166, 0.197, 0.143, 0.094, 0.03, 0.009, 0.004, 0.009, 0.01, 0.004, 0.003, 0.002, 0.002, 0.002, 0.003, 0.004, 0.002, 0.003, 0.001, 0.002, 0.004, 0.003, 0.01
precipitation[0][60], 0.235, 0.224, 0.245, 0.237, 0.238, 0.238, 0.272, 0.275, 0.277, 0.272, 0.292, 0.369, 0.357, 0.371, 0.318, 0.282, 0.273, 0.245, 0.228, 0.208, 0.224, 0.196, 0.181, 0.197, 0.232, 0.226, 0.252, 0.239, 0.246, 0.244, 0.261, 0.254, 0.254, 0.254, 0.291, 0.308, 0.325, 0.283, 0.221, 0.182, 0.143, 0.181, 0.158, 0.156, 0.189, 0.234, 0.191, 0.201, 0.218, 0.283, 0.371, 0.337, 0.389, 0.432, 0.404, 0.385, 0.371, 0.392, 0.454, 0.455, 0.473, 0.394, 0.303, 0.255, 0.245, 0.224, 0.291, 0.309, 0.254, 0.235, 0.276, 0.254, 0.301, 0.293, 0.287, 0.25, 0.255, 0.307, 0.286, 0.284, 0.327, 0.308, 0.302, 0.315, 0.295, 0.332, 0.316, 0.297, 0.287, 0.309, 0.361, 0.387, 0.43, 0.35, 0.259, 0.202, 0.151, 0.123, 0.109, 0.103, 0.094, 0.094, 0.1, 0.115, 0.159, 0.194, 0.191, 0.278, 0.351, 0.379, 0.371, 0.384, 0.396, 0.338, 0.333, 0.314, 0.339, 0.377, 0.416, 0.431, 0.411, 0.411, 0.403, 0.417, 0.394, 0.392, 0.395, 0.363, 0.321, 0.273, 0.281, 0.277, 0.28, 0.317, 0.321, 0.321, 0.393, 0.377, 0.371, 0.329, 0.326, 0.308, 0.3, 0.285, 0.248, 0.253, 0.278, 0.288, 0.262, 0.311, 0.301, 0.306, 0.299, 0.298, 0.345, 0.336, 0.243, 0.24, 0.265, 0.262, 0.227, 0.281, 0.254, 0.148, 0.181, 0.118, 0.049, 0.009, 0.003, 0.005, 0.005, 0.004, 0.003, 0.001, 0.001, 0.002, 0.004, 0.005, 0.002, 0.001, 0.002, 0.002, 0.002, 0.003, 0.009
precipitation[0][61], 0.266, 0.28, 0.265, 0.268, 0.272, 0.288, 0.292, 0.287, 0.298, 0.3, 0.333, 0.356, 0.374, 0.343, 0.31, 0.305, 0.269, 0.221, 0.22, 0.229, 0.213, 0.201, 0.2, 0.203, 0.254, 0.262, 0.242, 0.225, 0.252, 0.251, 0.271, 0.248, 0.244, 0.261, 0.272, 0.317, 0.399, 0.283, 0.217, 0.175, 0.179, 0.213, 0.191, 0.185, 0.213, 0.275, 0.227, 0.257, 0.281, 0.326, 0.376, 0.322, 0.343, 0.34, 0.373, 0.404, 0.357, 0.416, 0.508, 0.562, 0.54, 0.428, 0.345, 0.27, 0.245, 0.249, 0.286, 0.314, 0.246, 0.272, 0.272, 0.27, 0.259, 0.26, 0.234, 0.245, 0.25, 0.283, 0.265, 0.279, 0.321, 0.35, 0.358, 0.385, 0.345, 0.337, 0.321, 0.327, 0.319, 0.313, 0.343, 0.424, 0.451, 0.37, 0.298, 0.261, 0.203, 0.151, 0.134, 0.107, 0.097, 0.09, 0.097, 0.12, 0.156, 0.193, 0.17, 0.258, 0.346, 0.364, 0.39, 0.416, 0.413, 0.403, 0.327, 0.294, 0.319, 0.36, 0.383, 0.412, 0.422, 0.367, 0.342, 0.361, 0.421, 0.38, 0.384, 0.345, 0.319, 0.289, 0.29, 0.27, 0.282, 0.324, 0.37, 0.392, 0.391, 0.427, 0.409, 0.365, 0.351, 0.328, 0.3, 0.294, 0.269, 0.28, 0.282, 0.276, 0.267, 0.292, 0.306, 0.308, 0.269, 0.29, 0.297, 0.299, 0.265, 0.258, 0.254, 0.217, 0.184, 0.219, 0.151, 0.292, 0.207, 0.111, 0.051, 0.009, 0.004, 0.005, 0.005, 0.002, 0.002, 0.001, 0.002, 0.003, 0.006, 0.005, 0.006, 0.002, 0.001, 0.001, 0.001, 0.001, 0.004
precipitation[0][62], 0.296, 0.291, 0.285, 0.296, 0.3, 0.295, 0.306, 0.295, 0.308, 0.323, 0.351, 0.337, 0.373, 0.34, 0.341, 0.268, 0.251, 0.214, 0.201, 0.244, 0.229, 0.22, 0.205, 0.215, 0.243, 0.221, 0.217, 0.199, 0.236, 0.257, 0.263, 0.252, 0.251, 0.257, 0.265, 0.299, 0.32, 0.353, 0.247, 0.215, 0.178, 0.217, 0.204, 0.239, 0.275, 0.218, 0.225, 0.27, 0.317, 0.311, 0.335, 0.303, 0.364, 0.405, 0.476, 0.429, 0.39, 0.363, 0.438, 0.468, 0.474, 0.417, 0.351, 0.298, 0.284, 0.292, 0.323, 0.333, 0.285, 0.314, 0.287, 0.32, 0.244, 0.236, 0.209, 0.23, 0.194, 0.239, 0.233, 0.247, 0.275, 0.302, 0.307, 0.36, 0.344, 0.357, 0.317, 0.362, 0.335, 0.311, 0.336, 0.373, 0.384, 0.354, 0.314, 0.303, 0.226, 0.205, 0.138, 0.12, 0.117, 0.108, 0.103, 0.116, 0.138, 0.18, 0.174, 0.232, 0.33, 0.332, 0.372, 0.393, 0.388, 0.339, 0.309, 0.31, 0.299, 0.342, 0.359, 0.334, 0.311, 0.332, 0.347, 0.336, 0.327, 0.333, 0.355, 0.311, 0.288, 0.282, 0.292, 0.284, 0.308, 0.343, 0.374, 0.379, 0.39, 0.419, 0.472, 0.425, 0.409, 0.369, 0.342, 0.327, 0.289, 0.268, 0.307, 0.271, 0.269, 0.264, 0.258, 0.259, 0.233, 0.251, 0.322, 0.236, 0.247, 0.24, 0.229, 0.213, 0.206, 0.107, 0.216, 0.199, 0.046, 0.039, 0.031, 0.005, 0.002, 0.004, 0.007, 0.002, 0.003, 0.001, 0.001, 0.003, 0.007, 0.004, 0.013, 0.008, 0.003, 0.002, 0.001, 0.001, 0.002
precipitation[0][63], 0.316, 0.307, 0.34, 0.344, 0.396, 0.373, 0.326, 0.345, 0.317, 0.333, 0.353, 0.327, 0.327, 0.315, 0.279, 0.239, 0.24, 0.21, 0.189, 0.2, 0.217, 0.204, 0.205, 0.224, 0.238, 0.245, 0.23, 0.225, 0.245, 0.297, 0.285, 0.265, 0.257, 0.258, 0.28, 0.292, 0.27, 0.324, 0.242, 0.201, 0.179, 0.177, 0.277, 0.229, 0.214, 0.182, 0.248, 0.278, 0.296, 0.322, 0.297, 0.229, 0.335, 0.467, 0.481, 0.527, 0.407, 0.38, 0.401, 0.442, 0.434, 0.393, 0.338, 0.292, 0.355, 0.35, 0.345, 0.346, 0.339, 0.328, 0.317, 0.329, 0.262, 0.236, 0.22, 0.19, 0.219, 0.246, 0.229, 0.23, 0.246, 0.29, 0.291, 0.328, 0.326, 0.286, 0.307, 0.326, 0.33, 0.37, 0.381, 0.353, 0.343, 0.347, 0.319, 0.307, 0.266, 0.235, 0.183, 0.148, 0.134, 0.119, 0.114, 0.117, 0.141, 0.185, 0.175, 0.243, 0.314, 0.334, 0.315, 0.377, 0.352, 0.333, 0.289, 0.287, 0.264, 0.269, 0.268, 0.286, 0.291, 0.293, 0.289, 0.282, 0.282, 0.326, 0.373, 0.306, 0.272, 0.275, 0.271, 0.291, 0.312, 0.319, 0.379, 0.391, 0.407, 0.476, 0.55, 0.525, 0.468, 0.415, 0.352, 0.31, 0.303, 0.323, 0.262, 0.275, 0.271, 0.252, 0.268, 0.276, 0.217, 0.259, 0.213, 0.199, 0.217, 0.223, 0.236, 0.202, 0.202, 0.169, 0.058, 0.066, 0.031, 0.028, 0.012, 0.006, 0.004, 0.009, 0.007, 0.002, 0.002, 0.001, 0.001, 0.003, 0.007, 0.005, 0.018, 0.012, 0.005, 0.004, 0.002, 0.002, 0.002
precipitation[0][64], 0.292, 0.365, 0.355, 0.416, 0.383, 0.449, 0.418, 0.359, 0.347, 0.332, 0.343, 0.31, 0.32, 0.284, 0.276, 0.247, 0.224, 0.219, 0.19, 0.188, 0.192, 0.196, 0.199, 0.21, 0.232, 0.23, 0.254, 0.25, 0.29, 0.266, 0.272, 0.271, 0.266, 0.249, 0.24, 0.291, 0.283, 0.25, 0.213, 0.19, 0.184, 0.2, 0.234, 0.245, 0.388, 0.193, 0.201, 0.25, 0.312, 0.359, 0.295, 0.298, 0.389, 0.409, 0.402, 0.418, 0.398, 0.399, 0.412, 0.429, 0.435, 0.364, 0.337, 0.3, 0.345, 0.363, 0.432, 0.4, 0.342, 0.439, 0.387, 0.31, 0.295, 0.246, 0.197, 0.2, 0.221, 0.22, 0.234, 0.226, 0.227, 0.257, 0.265, 0.323, 0.28, 0.288, 0.316, 0.37, 0.371, 0.386, 0.404, 0.376, 0.366, 0.337, 0.357, 0.368, 0.312, 0.24, 0.222, 0.175, 0.154, 0.151, 0.122, 0.122, 0.148, 0.219, 0.162, 0.254, 0.264, 0.276, 0.318, 0.349, 0.314, 0.345, 0.282, 0.264, 0.249, 0.27, 0.262, 0.287, 0.274, 0.306, 0.282, 0.273, 0.267, 0.321, 0.359, 0.318, 0.283, 0.265, 0.309, 0.317, 0.307, 0.329, 0.414, 0.435, 0.442, 0.529, 0.616, 0.529, 0.475, 0.448, 0.403, 0.336, 0.331, 0.303, 0.328, 0.302, 0.278, 0.265, 0.252, 0.233, 0.212, 0.195, 0.196, 0.193, 0.208, 0.231, 0.221, 0.196, 0.186, 0.145, 0.056, 0.047, 0.025, 0.024, 0.009, 0.01, 0.004, 0.012, 0.008, 0.001, 0.002, 0.002, 0.002, 0.002, 0.005, 0.008, 0.016, 0.01, 0.004, 0.002, 0.001, 0.003, 0.004
precipitation[0][65], 0.26, 0.332, 0.358, 0.416, 0.491, 0.486, 0.431, 0.348, 0.3, 0.296, 0.309, 0.292, 0.294, 0.298, 0.269, 0.238, 0.252, 0.245, 0.234, 0.217, 0.204, 0.201, 0.205, 0.229, 0.252, 0.272, 0.282, 0.293, 0.324, 0.285, 0.294, 0.276, 0.298, 0.258, 0.244, 0.291, 0.294, 0.266, 0.256, 0.281, 0.203, 0.208, 0.212, 0.238, 0.199, 0.184, 0.206, 0.247, 0.317, 0.346, 0.335, 0.375, 0.378, 0.36, 0.434, 0.457, 0.421, 0.363, 0.413, 0.403, 0.402, 0.415, 0.333, 0.305, 0.287, 0.339, 0.403, 0.375, 0.4, 0.43, 0.408, 0.321, 0.273, 0.216, 0.213, 0.24, 0.288, 0.242, 0.235, 0.24, 0.238, 0.244, 0.301, 0.287, 0.277, 0.281, 0.333, 0.374, 0.415, 0.418, 0.431, 0.439, 0.378, 0.334, 0.36, 0.358, 0.348, 0.281, 0.255, 0.203, 0.177, 0.178, 0.145, 0.13, 0.144, 0.157, 0.175, 0.204, 0.236, 0.275, 0.307, 0.334, 0.329, 0.317, 0.262, 0.264, 0.28, 0.319, 0.304, 0.287, 0.29, 0.323, 0.31, 0.298, 0.287, 0.277, 0.271, 0.276, 0.29, 0.27, 0.316, 0.35, 0.338, 0.329, 0.429, 0.511, 0.471, 0.552, 0.598, 0.541, 0.47, 0.446, 0.414, 0.392, 0.342, 0.339, 0.341, 0.299, 0.29, 0.274, 0.235, 0.244, 0.21, 0.201, 0.186, 0.191, 0.177, 0.179, 0.204, 0.19, 0.182, 0.151, 0.112, 0.021, 0.022, 0.052, 0.008, 0.007, 0.004, 0.006, 0.006, 0.002, 0.001, 0.001, 0.001, 0.002, 0.003, 0.009, 0.016, 0.009, 0.007, 0.002, 0.002, 0.002, 0.004
precipitation[0][66], 0.27, 0.365, 0.45, 0.455, 0.526, 0.547, 0.41, 0.34, 0.314, 0.303, 0.298, 0.263, 0.251, 0.25, 0.235, 0.219, 0.241, 0.233, 0.268, 0.219, 0.201, 0.204, 0.218, 0.26, 0.263, 0.28, 0.286, 0.313, 0.347, 0.29, 0.292, 0.334, 0.339, 0.295, 0.288, 0.286, 0.299, 0.266, 0.232, 0.281, 0.182, 0.226, 0.222, 0.216, 0.194, 0.172, 0.192, 0.244, 0.298, 0.362, 0.365, 0.346, 0.384, 0.421, 0.439, 0.551, 0.458, 0.439, 0.526, 0.5, 0.41, 0.347, 0.302, 0.248, 0.297, 0.354, 0.46, 0.471, 0.416, 0.447, 0.335, 0.391, 0.295, 0.226, 0.205, 0.232, 0.248, 0.223, 0.218, 0.274, 0.266, 0.259, 0.302, 0.287, 0.31, 0.301, 0.359, 0.346, 0.351, 0.343, 0.431, 0.446, 0.406, 0.349, 0.399, 0.388, 0.404, 0.287, 0.317, 0.231, 0.234, 0.269, 0.178, 0.12, 0.108, 0.112, 0.111, 0.189, 0.203, 0.23, 0.29, 0.332, 0.314, 0.301, 0.257, 0.285, 0.275, 0.306, 0.269, 0.244, 0.249, 0.27, 0.291, 0.281, 0.283, 0.269, 0.244, 0.286, 0.29, 0.281, 0.29, 0.306, 0.36, 0.379, 0.451, 0.479, 0.478, 0.554, 0.605, 0.58, 0.502, 0.436, 0.414, 0.405, 0.371, 0.346, 0.339, 0.297, 0.266, 0.251, 0.272, 0.254, 0.275, 0.287, 0.185, 0.164, 0.162, 0.189, 0.181, 0.187, 0.19, 0.128, 0.095, 0.067, 0.024, 0.011, 0.006, 0.005, 0.004, 0.004, 0.004, 0.002, 0.003, 0.001, 0.001, 0.001, 0.002, 0.007, 0.014, 0.013, 0.007, 0.004, 0.005, 0.002, 0.005
precipitation[0][67], 0.304, 0.384, 0.437, 0.441, 0.482, 0.42, 0.37, 0.319, 0.328, 0.32, 0.296, 0.279, 0.26, 0.254, 0.234, 0.257, 0.232, 0.243, 0.274, 0.24, 0.218, 0.214, 0.215, 0.261, 0.241, 0.282, 0.282, 0.304, 0.311, 0.3, 0.316, 0.33, 0.386, 0.346, 0.313, 0.3, 0.296, 0.263, 0.26, 0.184, 0.205, 0.244, 0.195, 0.207, 0.2, 0.198, 0.21, 0.215, 0.278, 0.343, 0.374, 0.419, 0.375, 0.491, 0.413, 0.446, 0.424, 0.457, 0.545, 0.5, 0.377, 0.299, 0.27, 0.259, 0.346, 0.368, 0.43, 0.547, 0.348, 0.337, 0.262, 0.349, 0.304, 0.204, 0.187, 0.193, 0.215, 0.219, 0.205, 0.227, 0.275, 0.342, 0.32, 0.335, 0.304, 0.273, 0.29, 0.329, 0.33, 0.319, 0.324, 0.31, 0.316, 0.287, 0.313, 0.323, 0.301, 0.278, 0.35, 0.317, 0.268, 0.287, 0.199, 0.152, 0.113, 0.111, 0.107, 0.184, 0.193, 0.221, 0.263, 0.286, 0.294, 0.265, 0.277, 0.311, 0.297, 0.303, 0.26, 0.244, 0.239, 0.257, 0.262, 0.253, 0.235, 0.236, 0.236, 0.244, 0.277, 0.268, 0.287, 0.273, 0.336, 0.387, 0.426, 0.452, 0.477, 0.577, 0.573, 0.613, 0.503, 0.494, 0.446, 0.431, 0.407, 0.334, 0.317, 0.267, 0.249, 0.24, 0.261, 0.267, 0.275, 0.236, 0.214, 0.182, 0.156, 0.172, 0.161, 0.188, 0.142, 0.112, 0.089, 0.07, 0.011, 0.012, 0.007, 0.005, 0.004, 0.004, 0.004, 0.003, 0.002, 0.004, 0.002, 0.001, 0.001, 0.009, 0.01, 0.011, 0.008, 0.004, 0.004, 0.002, 0.004
precipitation[0][68], 0.324, 0.359, 0.366, 0.429, 0.393, 0.38, 0.341, 0.341, 0.315, 0.309, 0.298, 0.301, 0.273, 0.254, 0.223, 0.236, 0.23, 0.251, 0.269, 0.247, 0.238, 0.24, 0.237, 0.267, 0.286, 0.304, 0.337, 0.328, 0.335, 0.295, 0.343, 0.35, 0.43, 0.394, 0.404, 0.34, 0.313, 0.293, 0.299, 0.195, 0.224, 0.264, 0.213, 0.229, 0.205, 0.197, 0.193, 0.218, 0.279, 0.369, 0.361, 0.436, 0.438, 0.435, 0.406, 0.384, 0.4, 0.48, 0.519, 0.452, 0.35, 0.294, 0.28, 0.321, 0.372, 0.436, 0.484, 0.504, 0.351, 0.41, 0.451, 0.367, 0.403, 0.234, 0.187, 0.168, 0.187, 0.204, 0.203, 0.264, 0.291, 0.339, 0.371, 0.293, 0.289, 0.293, 0.365, 0.399, 0.357, 0.341, 0.275, 0.259, 0.289, 0.255, 0.237, 0.205, 0.197, 0.275, 0.267, 0.254, 0.295, 0.274, 0.215, 0.185, 0.15, 0.128, 0.12, 0.188, 0.19, 0.208, 0.234, 0.25, 0.252, 0.261, 0.296, 0.342, 0.309, 0.288, 0.251, 0.228, 0.226, 0.239, 0.235, 0.224, 0.21, 0.204, 0.204, 0.217, 0.263, 0.278, 0.308, 0.283, 0.333, 0.393, 0.422, 0.469, 0.488, 0.571, 0.525, 0.548, 0.448, 0.452, 0.459, 0.449, 0.345, 0.28, 0.257, 0.242, 0.227, 0.219, 0.229, 0.213, 0.222, 0.215, 0.202, 0.177, 0.207, 0.143, 0.134, 0.131, 0.113, 0.098, 0.08, 0.061, 0.049, 0.01, 0.011, 0.009, 0.005, 0.004, 0.003, 0.003, 0.003, 0.003, 0.003, 0.001, 0.001, 0.002, 0.005, 0.009, 0.005, 0.005, 0.005, 0.004, 0.005
precipitation[0][69], 0.298, 0.354, 0.375, 0.38, 0.336, 0.339, 0.358, 0.345, 0.333, 0.355, 0.287, 0.268, 0.271, 0.266, 0.229, 0.252, 0.245, 0.291, 0.252, 0.227, 0.263, 0.268, 0.25, 0.263, 0.306, 0.286, 0.326, 0.322, 0.321, 0.316, 0.355, 0.347, 0.465, 0.427, 0.415, 0.437, 0.328, 0.282, 0.283, 0.232, 0.216, 0.262, 0.24, 0.225, 0.261, 0.255, 0.222, 0.217, 0.223, 0.268, 0.325, 0.342, 0.376, 0.399, 0.361, 0.39, 0.322, 0.407, 0.345, 0.361, 0.341, 0.286, 0.304, 0.331, 0.438, 0.488, 0.581, 0.507, 0.45, 0.47, 0.475, 0.365, 0.313, 0.239, 0.188, 0.168, 0.169, 0.19, 0.206, 0.246, 0.243, 0.271, 0.299, 0.286, 0.269, 0.299, 0.327, 0.38, 0.313, 0.289, 0.254, 0.225, 0.284, 0.24, 0.226, 0.188, 0.209, 0.198, 0.237, 0.249, 0.294, 0.343, 0.263, 0.238, 0.192, 0.152, 0.14, 0.194, 0.191, 0.202, 0.209, 0.222, 0.228, 0.233, 0.262, 0.292, 0.286, 0.269, 0.252, 0.232, 0.225, 0.243, 0.249, 0.21, 0.206, 0.198, 0.203, 0.223, 0.244, 0.268, 0.316, 0.341, 0.364, 0.433, 0.405, 0.42, 0.42, 0.599, 0.518, 0.487, 0.472, 0.439, 0.485, 0.484, 0.351, 0.284, 0.299, 0.281, 0.26, 0.274, 0.245, 0.213, 0.189, 0.171, 0.184, 0.182, 0.156, 0.123, 0.114, 0.098, 0.089, 0.08, 0.068, 0.058, 0.054, 0.009, 0.014, 0.014, 0.011, 0.006, 0.003, 0.003, 0.003, 0.003, 0.003, 0.003, 0.002, 0.002, 0.006, 0.006, 0.005, 0.007, 0.008, 0.005, 0.005
precipitation[0][70], 0.315, 0.327, 0.347, 0.367, 0.341, 0.369, 0.397, 0.356, 0.33, 0.317, 0.291, 0.276, 0.242, 0.226, 0.223, 0.237, 0.224, 0.246, 0.22, 0.229, 0.237, 0.242, 0.256, 0.25, 0.299, 0.281, 0.315, 0.331, 0.378, 0.423, 0.452, 0.428, 0.426, 0.36, 0.358, 0.346, 0.348, 0.374, 0.285, 0.263, 0.243, 0.245, 0.233, 0.277, 0.269, 0.279, 0.218, 0.219, 0.227, 0.282, 0.276, 0.282, 0.346, 0.333, 0.322, 0.306, 0.279, 0.368, 0.391, 0.346, 0.277, 0.278, 0.308, 0.354, 0.436, 0.536, 0.589, 0.522, 0.486, 0.498, 0.461, 0.4, 0.356, 0.281, 0.173, 0.172, 0.185, 0.217, 0.248, 0.246, 0.297, 0.281, 0.268, 0.293, 0.3, 0.287, 0.313, 0.383, 0.313, 0.25, 0.223, 0.196, 0.223, 0.21, 0.172, 0.154, 0.232, 0.233, 0.192, 0.244, 0.363, 0.332, 0.29, 0.274, 0.199, 0.157, 0.172, 0.216, 0.208, 0.206, 0.212, 0.23, 0.251, 0.263, 0.287, 0.306, 0.316, 0.288, 0.264, 0.243, 0.23, 0.248, 0.247, 0.217, 0.206, 0.195, 0.193, 0.226, 0.26, 0.266, 0.291, 0.368, 0.31, 0.391, 0.371, 0.358, 0.355, 0.51, 0.429, 0.425, 0.43, 0.406, 0.423, 0.397, 0.342, 0.319, 0.267, 0.242, 0.236, 0.238, 0.227, 0.193, 0.173, 0.164, 0.166, 0.174, 0.178, 0.119, 0.11, 0.105, 0.074, 0.068, 0.063, 0.059, 0.05, 0.037, 0.015, 0.02, 0.019, 0.013, 0.005, 0.003, 0.003, 0.003, 0.003, 0.002, 0.003, 0.002, 0.008, 0.007, 0.004, 0.005, 0.005, 0.004, 0.007
precipitation[0][71], 0.35, 0.31, 0.352, 0.346, 0.363, 0.344, 0.35, 0.353, 0.405, 0.324, 0.311, 0.274, 0.253, 0.228, 0.218, 0.23, 0.233, 0.221, 0.213, 0.291, 0.222, 0.23, 0.254, 0.256, 0.276, 0.277, 0.315, 0.325, 0.404, 0.429, 0.464, 0.421, 0.401, 0.428, 0.363, 0.324, 0.323, 0.303, 0.304, 0.286, 0.286, 0.292, 0.271, 0.289, 0.313, 0.281, 0.251, 0.234, 0.266, 0.294, 0.282, 0.279, 0.313, 0.314, 0.294, 0.304, 0.287, 0.398, 0.31, 0.327, 0.293, 0.325, 0.337, 0.384, 0.474, 0.562, 0.553, 0.536, 0.477, 0.479, 0.413, 0.374, 0.33, 0.257, 0.221, 0.204, 0.191, 0.228, 0.225, 0.231, 0.292, 0.269, 0.286, 0.327, 0.377, 0.333, 0.336, 0.317, 0.274, 0.261, 0.206, 0.199, 0.203, 0.176, 0.167, 0.167, 0.177, 0.206, 0.272, 0.259, 0.282, 0.33, 0.315, 0.285, 0.233, 0.194, 0.199, 0.256, 0.243, 0.254, 0.243, 0.258, 0.265, 0.298, 0.31, 0.345, 0.371, 0.332, 0.287, 0.273, 0.271, 0.288, 0.283, 0.221, 0.205, 0.199, 0.205, 0.229, 0.261, 0.288, 0.374, 0.332, 0.357, 0.397, 0.32, 0.311, 0.329, 0.416, 0.367, 0.378, 0.34, 0.341, 0.409, 0.374, 0.37, 0.359, 0.254, 0.23, 0.236, 0.264, 0.259, 0.242, 0.213, 0.174, 0.182, 0.214, 0.219, 0.136, 0.127, 0.102, 0.074, 0.066, 0.057, 0.059, 0.043, 0.035, 0.023, 0.027, 0.031, 0.024, 0.009, 0.001, 0.001, 0.004, 0.002, 0.003, 0.003, 0.003, 0.007, 0.007, 0.004, 0.005, 0.005, 0.006, 0.008
precipitation[0][72], 0.324, 0.362, 0.356, 0.343, 0.307, 0.351, 0.371, 0.348, 0.361, 0.324, 0.315, 0.294, 0.247, 0.244, 0.24, 0.212, 0.237, 0.231, 0.242, 0.284, 0.249, 0.346, 0.312, 0.274, 0.314, 0.301, 0.325, 0.374, 0.408, 0.424, 0.416, 0.475, 0.415, 0.399, 0.397, 0.326, 0.31, 0.321, 0.325, 0.311, 0.292, 0.265, 0.281, 0.273, 0.273, 0.222, 0.251, 0.216, 0.265, 0.301, 0.278, 0.267, 0.284, 0.287, 0.293, 0.336, 0.338, 0.345, 0.329, 0.366, 0.365, 0.377, 0.394, 0.411, 0.519, 0.66, 0.619, 0.6, 0.566, 0.482, 0.468, 0.403, 0.338, 0.244, 0.248, 0.201, 0.205, 0.263, 0.303, 0.356, 0.326, 0.311, 0.299, 0.331, 0.372, 0.304, 0.295, 0.309, 0.265, 0.246, 0.215, 0.209, 0.202, 0.184, 0.16, 0.173, 0.184, 0.197, 0.227, 0.277, 0.287, 0.452, 0.402, 0.317, 0.291, 0.247, 0.24, 0.285, 0.289, 0.317, 0.339, 0.316, 0.3, 0.359, 0.343, 0.356, 0.445, 0.415, 0.334, 0.321, 0.319, 0.297, 0.282, 0.254, 0.247, 0.227, 0.21, 0.229, 0.249, 0.294, 0.365, 0.352, 0.408, 0.33, 0.292, 0.26, 0.266, 0.306, 0.277, 0.318, 0.336, 0.381, 0.404, 0.4, 0.393, 0.348, 0.272, 0.247, 0.262, 0.285, 0.281, 0.267, 0.225, 0.207, 0.235, 0.228, 0.225, 0.133, 0.137, 0.108, 0.104, 0.068, 0.061, 0.049, 0.043, 0.042, 0.033, 0.032, 0.023, 0.014, 0.005, 0.002, 0.001, 0.003, 0.002, 0.004, 0.004, 0.004, 0.009, 0.008, 0.004, 0.006, 0.006, 0.005, 0.008
precipitation[0][73], 0.325, 0.367, 0.359, 0.334, 0.307, 0.317, 0.371, 0.323, 0.3, 0.293, 0.312, 0.291, 0.252, 0.272, 0.237, 0.214, 0.201, 0.215, 0.218, 0.208, 0.223, 0.234, 0.296, 0.321, 0.285, 0.28, 0.315, 0.306, 0.345, 0.411, 0.326, 0.321, 0.366, 0.397, 0.384, 0.35, 0.345, 0.325, 0.327, 0.331, 0.297, 0.268, 0.274, 0.268, 0.251, 0.208, 0.218, 0.2, 0.235, 0.295, 0.311, 0.297, 0.298, 0.29, 0.307, 0.34, 0.302, 0.343, 0.338, 0.372, 0.392, 0.405, 0.429, 0.451, 0.497, 0.591, 0.613, 0.596, 0.53, 0.494, 0.434, 0.348, 0.284, 0.227, 0.236, 0.226, 0.211, 0.268, 0.349, 0.318, 0.324, 0.377, 0.317, 0.311, 0.312, 0.352, 0.303, 0.259, 0.283, 0.263, 0.242, 0.23, 0.184, 0.202, 0.227, 0.204, 0.188, 0.199, 0.276, 0.269, 0.299, 0.383, 0.405, 0.347, 0.285, 0.24, 0.277, 0.283, 0.312, 0.311, 0.362, 0.337, 0.384, 0.368, 0.359, 0.394, 0.521, 0.478, 0.421, 0.374, 0.348, 0.322, 0.295, 0.272, 0.266, 0.269, 0.227, 0.243, 0.241, 0.252, 0.27, 0.26, 0.239, 0.22, 0.202, 0.231, 0.226, 0.266, 0.277, 0.355, 0.384, 0.415, 0.417, 0.418, 0.415, 0.376, 0.298, 0.274, 0.269, 0.301, 0.295, 0.242, 0.21, 0.218, 0.281, 0.241, 0.227, 0.14, 0.141, 0.122, 0.085, 0.066, 0.06, 0.043, 0.054, 0.041, 0.039, 0.025, 0.024, 0.011, 0.009, 0.008, 0.003, 0.003, 0.001, 0.004, 0.003, 0.005, 0.006, 0.005, 0.006, 0.007, 0.007, 0.006, 0.007
precipitation[0][74], 0.286, 0.265, 0.355, 0.39, 0.338, 0.288, 0.288, 0.294, 0.322, 0.31, 0.279, 0.27, 0.231, 0.263, 0.233, 0.207, 0.179, 0.177, 0.192, 0.231, 0.203, 0.216, 0.276, 0.293, 0.251, 0.286, 0.293, 0.292, 0.303, 0.362, 0.308, 0.342, 0.382, 0.391, 0.407, 0.338, 0.356, 0.383, 0.361, 0.335, 0.305, 0.261, 0.28, 0.256, 0.261, 0.214, 0.221, 0.198, 0.219, 0.258, 0.32, 0.353, 0.328, 0.376, 0.385, 0.357, 0.391, 0.362, 0.393, 0.428, 0.48, 0.469, 0.447, 0.463, 0.526, 0.593, 0.659, 0.578, 0.45, 0.448, 0.423, 0.345, 0.293, 0.227, 0.235, 0.235, 0.243, 0.241, 0.243, 0.264, 0.289, 0.41, 0.341, 0.295, 0.313, 0.392, 0.314, 0.268, 0.271, 0.275, 0.259, 0.23, 0.205, 0.196, 0.23, 0.213, 0.211, 0.228, 0.274, 0.279, 0.273, 0.286, 0.283, 0.31, 0.334, 0.328, 0.361, 0.352, 0.353, 0.375, 0.389, 0.387, 0.397, 0.437, 0.427, 0.469, 0.566, 0.513, 0.427, 0.436, 0.387, 0.364, 0.349, 0.313, 0.296, 0.297, 0.278, 0.263, 0.253, 0.257, 0.216, 0.199, 0.201, 0.203, 0.193, 0.182, 0.216, 0.266, 0.322, 0.389, 0.394, 0.398, 0.487, 0.515, 0.56, 0.496, 0.342, 0.297, 0.266, 0.277, 0.294, 0.274, 0.279, 0.254, 0.283, 0.245, 0.265, 0.211, 0.143, 0.123, 0.104, 0.075, 0.066, 0.047, 0.048, 0.041, 0.028, 0.041, 0.036, 0.015, 0.011, 0.004, 0.001, 0.002, 0.005, 0.009, 0.008, 0.014, 0.016, 0.015, 0.02, 0.011, 0.008, 0.008, 0.007
precipitation[0][75], 0.241, 0.255, 0.277, 0.308, 0.283, 0.285, 0.272, 0.26, 0.252, 0.251, 0.284, 0.273, 0.259, 0.246, 0.258, 0.213, 0.202, 0.197, 0.195, 0.253, 0.233, 0.236, 0.279, 0.273, 0.312, 0.317, 0.331, 0.374, 0.361, 0.335, 0.301, 0.359, 0.443, 0.434, 0.444, 0.334, 0.335, 0.336, 0.351, 0.376, 0.301, 0.241, 0.3, 0.301, 0.245, 0.263, 0.234, 0.238, 0.274, 0.332, 0.378, 0.363, 0.372, 0.391, 0.436, 0.367, 0.346, 0.354, 0.415, 0.466, 0.491, 0.447, 0.424, 0.483, 0.545, 0.712, 0.598, 0.549, 0.426, 0.406, 0.352, 0.372, 0.326, 0.239, 0.263, 0.273, 0.256, 0.263, 0.296, 0.338, 0.315, 0.364, 0.338, 0.391, 0.342, 0.305, 0.268, 0.257, 0.276, 0.255, 0.283, 0.235, 0.195, 0.202, 0.222, 0.259, 0.266, 0.254, 0.267, 0.283, 0.295, 0.303, 0.316, 0.327, 0.34, 0.372, 0.363, 0.382, 0.368, 0.399, 0.422, 0.465, 0.459, 0.526, 0.535, 0.52, 0.572, 0.53, 0.457, 0.424, 0.387, 0.371, 0.365, 0.335, 0.29, 0.276, 0.256, 0.231, 0.215, 0.219, 0.202, 0.165, 0.157, 0.177, 0.182, 0.186, 0.198, 0.258, 0.344, 0.442, 0.422, 0.576, 0.622, 0.736, 0.617, 0.765, 0.497, 0.42, 0.281, 0.289, 0.264, 0.269, 0.277, 0.303, 0.288, 0.293, 0.273, 0.231, 0.149, 0.131, 0.109, 0.082, 0.074, 0.057, 0.039, 0.037, 0.035, 0.04, 0.035, 0.023, 0.012, 0.005, 0.071, 0.076, 0.031, 0.037, 0.014, 0.018, 0.023, 0.022, 0.018, 0.025, 0.014, 0.011, 0.009
precipitation[0][76], 0.24, 0.236, 0.246, 0.258, 0.275, 0.23, 0.242, 0.235, 0.261, 0.261, 0.28, 0.279, 0.271, 0.271, 0.259, 0.229, 0.245, 0.207, 0.22, 0.265, 0.21, 0.218, 0.252, 0.288, 0.295, 0.327, 0.39, 0.396, 0.433, 0.367, 0.318, 0.372, 0.438, 0.471, 0.413, 0.386, 0.353, 0.318, 0.336, 0.317, 0.277, 0.22, 0.279, 0.298, 0.279, 0.21, 0.26, 0.253, 0.31, 0.335, 0.385, 0.412, 0.421, 0.486, 0.502, 0.418, 0.402, 0.392, 0.482, 0.523, 0.524, 0.467, 0.43, 0.533, 0.587, 0.703, 0.596, 0.57, 0.443, 0.367, 0.318, 0.344, 0.307, 0.253, 0.258, 0.242, 0.271, 0.295, 0.291, 0.298, 0.333, 0.315, 0.31, 0.293, 0.275, 0.271, 0.235, 0.228, 0.21, 0.227, 0.267, 0.222, 0.183, 0.176, 0.205, 0.208, 0.244, 0.253, 0.264, 0.268, 0.263, 0.257, 0.339, 0.349, 0.331, 0.337, 0.373, 0.357, 0.35, 0.435, 0.407, 0.424, 0.44, 0.485, 0.505, 0.486, 0.519, 0.523, 0.501, 0.466, 0.418, 0.393, 0.346, 0.361, 0.303, 0.276, 0.268, 0.267, 0.22, 0.199, 0.188, 0.157, 0.155, 0.177, 0.2, 0.193, 0.189, 0.247, 0.422, 0.457, 0.553, 0.704, 0.786, 0.901, 0.818, 0.936, 0.673, 0.463, 0.354, 0.34, 0.264, 0.247, 0.303, 0.298, 0.296, 0.311, 0.248, 0.249, 0.206, 0.17, 0.156, 0.128, 0.092, 0.064, 0.044, 0.038, 0.028, 0.021, 0.031, 0.022, 0.014, 0.005, 0.086, 0.089, 0.038, 0.015, 0.016, 0.023, 0.099, 0.057, 0.036, 0.033, 0.021, 0.013, 0.013
precipitation[0][77], 0.245, 0.257, 0.235, 0.236, 0.248, 0.22, 0.243, 0.227, 0.247, 0.26, 0.276, 0.287, 0.311, 0.294, 0.292, 0.264, 0.296, 0.22, 0.255, 0.267, 0.226, 0.238, 0.283, 0.264, 0.395, 0.319, 0.41, 0.452, 0.464, 0.401, 0.355, 0.338, 0.358, 0.403, 0.409, 0.395, 0.362, 0.319, 0.34, 0.346, 0.357, 0.284, 0.296, 0.292, 0.29, 0.24, 0.253, 0.258, 0.32, 0.326, 0.365, 0.382, 0.417, 0.469, 0.48, 0.453, 0.431, 0.412, 0.525, 0.57, 0.549, 0.5, 0.524, 0.528, 0.574, 0.592, 0.635, 0.578, 0.464, 0.36, 0.317, 0.31, 0.285, 0.276, 0.242, 0.249, 0.235, 0.288, 0.306, 0.266, 0.312, 0.264, 0.263, 0.262, 0.257, 0.244, 0.222, 0.221, 0.228, 0.273, 0.241, 0.187, 0.197, 0.238, 0.305, 0.217, 0.242, 0.254, 0.268, 0.297, 0.308, 0.311, 0.327, 0.323, 0.316, 0.316, 0.325, 0.361, 0.449, 0.507, 0.461, 0.441, 0.469, 0.495, 0.473, 0.483, 0.51, 0.521, 0.509, 0.49, 0.476, 0.377, 0.353, 0.362, 0.328, 0.283, 0.281, 0.261, 0.2, 0.19, 0.176, 0.143, 0.136, 0.171, 0.178, 0.176, 0.159, 0.259, 0.355, 0.63, 0.657, 0.759, 0.921, 1.061, 1.071, 1.145, 0.968, 0.451, 0.422, 0.356, 0.293, 0.255, 0.235, 0.226, 0.246, 0.257, 0.31, 0.305, 0.22, 0.186, 0.141, 0.178, 0.132, 0.071, 0.044, 0.036, 0.026, 0.025, 0.028, 0.025, 0.035, 0.013, 0.035, 0.116, 0.152, 0.041, 0.032, 0.038, 0.033, 0.058, 0.037, 0.039, 0.025, 0.016, 0.015
precipitation[0][78], 0.262, 0.245, 0.246, 0.205, 0.235, 0.223, 0.241, 0.236, 0.24, 0.242, 0.253, 0.353, 0.384, 0.313, 0.295, 0.279, 0.287, 0.219, 0.245, 0.253, 0.255, 0.262, 0.278, 0.293, 0.376, 0.353, 0.405, 0.409, 0.436, 0.378, 0.311, 0.323, 0.345, 0.376, 0.364, 0.328, 0.355, 0.379, 0.368, 0.291, 0.281, 0.311, 0.33, 0.278, 0.296, 0.216, 0.242, 0.269, 0.279, 0.328, 0.354, 0.331, 0.386, 0.369, 0.38, 0.403, 0.46, 0.448, 0.486, 0.537, 0.571, 0.525, 0.542, 0.544, 0.586, 0.626, 0.632, 0.627, 0.525, 0.385, 0.304, 0.263, 0.234, 0.231, 0.229, 0.216, 0.247, 0.278, 0.287, 0.257, 0.339, 0.269, 0.262, 0.261, 0.284, 0.252, 0.191, 0.229, 0.251, 0.312, 0.272, 0.216, 0.198, 0.244, 0.239, 0.308, 0.232, 0.258, 0.3, 0.329, 0.334, 0.331, 0.358, 0.345, 0.362, 0.386, 0.339, 0.404, 0.436, 0.424, 0.429, 0.477, 0.445, 0.51, 0.49, 0.471, 0.499, 0.496, 0.481, 0.492, 0.459, 0.386, 0.351, 0.358, 0.309, 0.292, 0.311, 0.255, 0.19, 0.17, 0.164, 0.144, 0.12, 0.186, 0.194, 0.169, 0.191, 0.408, 0.507, 0.562, 0.793, 1.02, 0.928, 1.204, 1.32, 1.548, 1.128, 0.616, 0.291, 0.259, 0.278, 0.248, 0.219, 0.212, 0.202, 0.202, 0.254, 0.217, 0.28, 0.374, 0.276, 0.173, 0.164, 0.071, 0.044, 0.029, 0.027, 0.024, 0.033, 0.045, 0.047, 0.023, 0.044, 0.175, 0.217, 0.073, 0.072, 0.085, 0.058, 0.06, 0.056, 0.039, 0.031, 0.021, 0.018
precipitation[0][79], 0.209, 0.243, 0.198, 0.212, 0.232, 0.302, 0.274, 0.236, 0.25, 0.219, 0.25, 0.353, 0.405, 0.316, 0.309, 0.272, 0.243, 0.214, 0.24, 0.263, 0.318, 0.313, 0.262, 0.334, 0.358, 0.376, 0.39, 0.364, 0.371, 0.368, 0.326, 0.354, 0.353, 0.351, 0.296, 0.27, 0.315, 0.328, 0.33, 0.335, 0.344, 0.366, 0.333, 0.308, 0.287, 0.265, 0.29, 0.288, 0.328, 0.371, 0.366, 0.31, 0.354, 0.349, 0.33, 0.392, 0.462, 0.512, 0.506, 0.538, 0.525, 0.529, 0.547, 0.523, 0.587, 0.625, 0.558, 0.55, 0.545, 0.378, 0.344, 0.267, 0.238, 0.231, 0.199, 0.199, 0.231, 0.281, 0.261, 0.242, 0.315, 0.289, 0.279, 0.287, 0.288, 0.322, 0.236, 0.263, 0.333, 0.424, 0.319, 0.258, 0.229, 0.293, 0.296, 0.277, 0.258, 0.26, 0.285, 0.333, 0.343, 0.32, 0.285, 0.354, 0.357, 0.356, 0.381, 0.413, 0.407, 0.412, 0.449, 0.469, 0.494, 0.468, 0.486, 0.477, 0.478, 0.453, 0.465, 0.466, 0.446, 0.39, 0.38, 0.339, 0.308, 0.28, 0.299, 0.286, 0.195, 0.182, 0.171, 0.127, 0.129, 0.191, 0.182, 0.163, 0.191, 0.402, 0.485, 0.692, 0.792, 1.062, 1.116, 1.486, 1.241, 1.432, 1.081, 0.773, 0.435, 0.229, 0.215, 0.239, 0.203, 0.206, 0.219, 0.211, 0.244, 0.194, 0.235, 0.268, 0.304, 0.192, 0.109, 0.083, 0.044, 0.034, 0.028, 0.031, 0.031, 0.034, 0.046, 0.04, 0.042, 0.081, 0.237, 0.089, 0.096, 0.13, 0.074, 0.07, 0.053, 0.038, 0.047, 0.043, 0.035
precipitation[0][80], 0.209, 0.197, 0.199, 0.226, 0.262, 0.326, 0.328, 0.273, 0.241, 0.225, 0.223, 0.274, 0.305, 0.311, 0.32, 0.267, 0.232, 0.223, 0.258, 0.262, 0.331, 0.285, 0.244, 0.274, 0.353, 0.364, 0.374, 0.349, 0.358, 0.35, 0.327, 0.358, 0.329, 0.352, 0.257, 0.229, 0.268, 0.266, 0.271, 0.314, 0.35, 0.426, 0.416, 0.312, 0.265, 0.244, 0.264, 0.299, 0.358, 0.38, 0.326, 0.32, 0.336, 0.325, 0.35, 0.384, 0.495, 0.583, 0.607, 0.584, 0.549, 0.56, 0.559, 0.545, 0.549, 0.538, 0.491, 0.459, 0.501, 0.415, 0.397, 0.28, 0.246, 0.236, 0.199, 0.18, 0.217, 0.275, 0.254, 0.233, 0.261, 0.261, 0.29, 0.299, 0.305, 0.271, 0.252, 0.288, 0.313, 0.303, 0.275, 0.312, 0.301, 0.263, 0.27, 0.286, 0.272, 0.271, 0.296, 0.373, 0.409, 0.401, 0.32, 0.418, 0.335, 0.325, 0.34, 0.418, 0.424, 0.433, 0.45, 0.471, 0.475, 0.491, 0.483, 0.462, 0.489, 0.459, 0.463, 0.435, 0.414, 0.407, 0.366, 0.323, 0.317, 0.283, 0.3, 0.274, 0.206, 0.173, 0.144, 0.123, 0.118, 0.159, 0.164, 0.147, 0.168, 0.344, 0.406, 0.674, 0.763, 1.042, 0.955, 1.24, 1.308, 0.99, 0.985, 0.72, 0.368, 0.213, 0.23, 0.178, 0.237, 0.251, 0.191, 0.231, 0.2, 0.246, 0.318, 0.275, 0.197, 0.198, 0.132, 0.067, 0.046, 0.042, 0.033, 0.032, 0.031, 0.029, 0.039, 0.041, 0.05, 0.089, 0.062, 0.157, 0.268, 0.188, 0.098, 0.067, 0.06, 0.045, 0.044, 0.047, 0.037
precipitation[0][81], 0.201, 0.197, 0.224, 0.261, 0.27, 0.288, 0.278, 0.268, 0.234, 0.232, 0.218, 0.252, 0.278, 0.31, 0.297, 0.264, 0.25, 0.256, 0.272, 0.256, 0.254, 0.239, 0.234, 0.25, 0.273, 0.324, 0.389, 0.358, 0.329, 0.325, 0.309, 0.328, 0.329, 0.312, 0.21, 0.209, 0.22, 0.23, 0.247, 0.318, 0.319, 0.326, 0.329, 0.298, 0.243, 0.23, 0.254, 0.289, 0.348, 0.363, 0.379, 0.433, 0.42, 0.405, 0.375, 0.393, 0.511, 0.659, 0.542, 0.497, 0.473, 0.545, 0.549, 0.512, 0.526, 0.569, 0.477, 0.507, 0.417, 0.411, 0.353, 0.309, 0.244, 0.211, 0.211, 0.21, 0.208, 0.234, 0.214, 0.233, 0.27, 0.281, 0.27, 0.269, 0.32, 0.258, 0.247, 0.237, 0.3, 0.297, 0.314, 0.315, 0.26, 0.265, 0.288, 0.282, 0.24, 0.267, 0.285, 0.354, 0.381, 0.405, 0.391, 0.399, 0.36, 0.36, 0.357, 0.425, 0.441, 0.438, 0.449, 0.466, 0.499, 0.502, 0.497, 0.47, 0.484, 0.457, 0.413, 0.387, 0.378, 0.377, 0.355, 0.334, 0.304, 0.29, 0.276, 0.265, 0.224, 0.194, 0.161, 0.114, 0.105, 0.159, 0.162, 0.175, 0.196, 0.263, 0.235, 0.508, 0.6, 0.917, 1.195, 1.022, 0.958, 0.747, 0.636, 0.494, 0.322, 0.235, 0.25, 0.232, 0.238, 0.205, 0.248, 0.185, 0.175, 0.213, 0.147, 0.176, 0.207, 0.127, 0.145, 0.048, 0.048, 0.045, 0.035, 0.033, 0.032, 0.034, 0.031, 0.041, 0.101, 0.092, 0.093, 0.144, 0.272, 0.229, 0.084, 0.068, 0.064, 0.059, 0.063, 0.05, 0.041
precipitation[0][82], 0.195, 0.227, 0.243, 0.272, 0.271, 0.28, 0.273, 0.272, 0.264, 0.29, 0.275, 0.248, 0.276, 0.294, 0.283, 0.279, 0.267, 0.277, 0.266, 0.269, 0.285, 0.266, 0.27, 0.264, 0.258, 0.329, 0.33, 0.351, 0.31, 0.312, 0.327, 0.309, 0.298, 0.253, 0.194, 0.19, 0.188, 0.202, 0.217, 0.254, 0.269, 0.269, 0.324, 0.285, 0.258, 0.262, 0.267, 0.315, 0.354, 0.403, 0.408, 0.408, 0.499, 0.39, 0.403, 0.457, 0.502, 0.576, 0.522, 0.492, 0.469, 0.51, 0.506, 0.5, 0.506, 0.504, 0.477, 0.481, 0.389, 0.4, 0.376, 0.265, 0.2, 0.183, 0.206, 0.227, 0.232, 0.247, 0.23, 0.255, 0.288, 0.327, 0.349, 0.244, 0.289, 0.227, 0.226, 0.241, 0.274, 0.296, 0.365, 0.343, 0.286, 0.294, 0.283, 0.238, 0.241, 0.25, 0.287, 0.336, 0.361, 0.406, 0.441, 0.49, 0.409, 0.397, 0.412, 0.455, 0.49, 0.494, 0.445, 0.469, 0.467, 0.496, 0.53, 0.512, 0.484, 0.436, 0.401, 0.392, 0.388, 0.381, 0.377, 0.326, 0.292, 0.29, 0.276, 0.263, 0.231, 0.221, 0.194, 0.154, 0.147, 0.221, 0.221, 0.195, 0.188, 0.254, 0.348, 0.385, 0.535, 0.752, 0.794, 0.796, 0.829, 0.84, 0.615, 0.352, 0.341, 0.254, 0.22, 0.208, 0.176, 0.203, 0.176, 0.178, 0.165, 0.105, 0.157, 0.178, 0.174, 0.128, 0.114, 0.066, 0.059, 0.05, 0.05, 0.04, 0.049, 0.048, 0.038, 0.045, 0.079, 0.082, 0.1, 0.137, 0.147, 0.123, 0.095, 0.084, 0.068, 0.064, 0.056, 0.052, 0.049
precipitation[0][83], 0.25, 0.288, 0.269, 0.293, 0.291, 0.254, 0.259, 0.253, 0.283, 0.319, 0.286, 0.268, 0.296, 0.312, 0.296, 0.293, 0.288, 0.287, 0.289, 0.275, 0.268, 0.291, 0.304, 0.311, 0.323, 0.338, 0.365, 0.357, 0.342, 0.323, 0.325, 0.301, 0.266, 0.232, 0.193, 0.166, 0.145, 0.167, 0.208, 0.244, 0.237, 0.243, 0.303, 0.294, 0.258, 0.272, 0.292, 0.304, 0.344, 0.388, 0.394, 0.415, 0.387, 0.396, 0.418, 0.509, 0.569, 0.504, 0.441, 0.493, 0.514, 0.52, 0.52, 0.49, 0.47, 0.391, 0.462, 0.399, 0.392, 0.339, 0.309, 0.252, 0.212, 0.195, 0.224, 0.233, 0.198, 0.206, 0.211, 0.238, 0.275, 0.303, 0.322, 0.272, 0.305, 0.299, 0.279, 0.302, 0.27, 0.297, 0.31, 0.325, 0.3, 0.332, 0.299, 0.261, 0.26, 0.287, 0.331, 0.385, 0.45, 0.465, 0.523, 0.556, 0.476, 0.462, 0.488, 0.501, 0.511, 0.519, 0.497, 0.461, 0.481, 0.496, 0.501, 0.509, 0.48, 0.44, 0.432, 0.443, 0.431, 0.399, 0.379, 0.337, 0.308, 0.278, 0.297, 0.322, 0.303, 0.297, 0.221, 0.174, 0.167, 0.188, 0.176, 0.184, 0.167, 0.242, 0.318, 0.365, 0.364, 0.451, 0.542, 0.464, 0.55, 0.47, 0.331, 0.358, 0.289, 0.219, 0.188, 0.203, 0.157, 0.153, 0.202, 0.163, 0.146, 0.102, 0.112, 0.136, 0.144, 0.154, 0.191, 0.116, 0.071, 0.041, 0.047, 0.044, 0.058, 0.047, 0.062, 0.091, 0.084, 0.095, 0.145, 0.157, 0.129, 0.133, 0.105, 0.083, 0.069, 0.075, 0.068, 0.063, 0.054
precipitation[0][84], 0.235, 0.244, 0.256, 0.237, 0.236, 0.245, 0.319, 0.312, 0.317, 0.334, 0.323, 0.274, 0.299, 0.32, 0.325, 0.335, 0.292, 0.296, 0.289, 0.268, 0.297, 0.299, 0.333, 0.348, 0.376, 0.495, 0.48, 0.348, 0.393, 0.368, 0.276, 0.261, 0.251, 0.195, 0.215, 0.177, 0.165, 0.153, 0.17, 0.196, 0.221, 0.239, 0.278, 0.248, 0.239, 0.277, 0.287, 0.341, 0.369, 0.361, 0.366, 0.412, 0.416, 0.401, 0.44, 0.51, 0.613, 0.475, 0.44, 0.464, 0.462, 0.543, 0.587, 0.49, 0.475, 0.479, 0.439, 0.382, 0.321, 0.323, 0.309, 0.278, 0.253, 0.253, 0.238, 0.214, 0.203, 0.206, 0.23, 0.264, 0.308, 0.328, 0.289, 0.329, 0.336, 0.314, 0.287, 0.318, 0.305, 0.299, 0.311, 0.312, 0.33, 0.337, 0.361, 0.314, 0.31, 0.293, 0.334, 0.41, 0.437, 0.489, 0.543, 0.582, 0.57, 0.559, 0.566, 0.564, 0.56, 0.532, 0.533, 0.474, 0.491, 0.479, 0.52, 0.509, 0.5, 0.478, 0.477, 0.448, 0.451, 0.417, 0.377, 0.338, 0.315, 0.282, 0.311, 0.315, 0.325, 0.313, 0.256, 0.233, 0.23, 0.193, 0.202, 0.186, 0.159, 0.208, 0.324, 0.345, 0.403, 0.295, 0.319, 0.317, 0.356, 0.45, 0.337, 0.26, 0.223, 0.23, 0.228, 0.267, 0.176, 0.148, 0.143, 0.144, 0.13, 0.117, 0.074, 0.076, 0.111, 0.115, 0.158, 0.068, 0.068, 0.044, 0.039, 0.045, 0.046, 0.05, 0.061, 0.088, 0.144, 0.144, 0.124, 0.129, 0.114, 0.119, 0.115, 0.13, 0.087, 0.083, 0.073, 0.07, 0.065
precipitation[0][85], 0.223, 0.254, 0.235, 0.236, 0.247, 0.295, 0.318, 0.39, 0.328, 0.314, 0.264, 0.265, 0.286, 0.332, 0.384, 0.319, 0.325, 0.304, 0.27, 0.28, 0.293, 0.302, 0.315, 0.334, 0.353, 0.536, 0.528, 0.374, 0.34, 0.351, 0.244, 0.241, 0.309, 0.258, 0.275, 0.241, 0.187, 0.191, 0.183, 0.228, 0.238, 0.236, 0.246, 0.271, 0.211, 0.242, 0.252, 0.315, 0.326, 0.346, 0.339, 0.409, 0.448, 0.378, 0.388, 0.423, 0.51, 0.477, 0.477, 0.495, 0.506, 0.576, 0.607, 0.565, 0.541, 0.517, 0.491, 0.383, 0.306, 0.296, 0.283, 0.331, 0.278, 0.252, 0.273, 0.221, 0.203, 0.221, 0.265, 0.273, 0.272, 0.276, 0.324, 0.343, 0.327, 0.354, 0.34, 0.353, 0.342, 0.351, 0.297, 0.324, 0.339, 0.328, 0.369, 0.346, 0.376, 0.326, 0.347, 0.373, 0.469, 0.536, 0.624, 0.596, 0.617, 0.647, 0.67, 0.571, 0.575, 0.591, 0.584, 0.593, 0.53, 0.49, 0.512, 0.484, 0.438, 0.47, 0.468, 0.441, 0.415, 0.384, 0.375, 0.337, 0.287, 0.288, 0.306, 0.273, 0.329, 0.346, 0.294, 0.296, 0.278, 0.234, 0.205, 0.23, 0.195, 0.189, 0.281, 0.305, 0.332, 0.316, 0.307, 0.371, 0.334, 0.325, 0.272, 0.216, 0.217, 0.247, 0.329, 0.279, 0.186, 0.144, 0.168, 0.14, 0.117, 0.119, 0.069, 0.071, 0.106, 0.073, 0.089, 0.069, 0.075, 0.049, 0.038, 0.041, 0.053, 0.054, 0.059, 0.071, 0.124, 0.126, 0.157, 0.09, 0.12, 0.121, 0.194, 0.183, 0.097, 0.105, 0.081, 0.083, 0.071
precipitation[0][86], 0.236, 0.196, 0.221, 0.228, 0.243, 0.233, 0.303, 0.346, 0.31, 0.278, 0.228, 0.221, 0.246, 0.261, 0.298, 0.3, 0.285, 0.244, 0.271, 0.291, 0.313, 0.318, 0.344, 0.379, 0.386, 0.432, 0.473, 0.352, 0.314, 0.28, 0.221, 0.265, 0.291, 0.266, 0.243, 0.24, 0.215, 0.213, 0.209, 0.24, 0.251, 0.228, 0.243, 0.256, 0.192, 0.225, 0.257, 0.342, 0.318, 0.326, 0.306, 0.298, 0.396, 0.362, 0.424, 0.468, 0.435, 0.441, 0.473, 0.463, 0.459, 0.561, 0.572, 0.54, 0.53, 0.499, 0.507, 0.392, 0.304, 0.279, 0.289, 0.262, 0.272, 0.298, 0.278, 0.228, 0.254, 0.245, 0.275, 0.317, 0.302, 0.297, 0.302, 0.304, 0.342, 0.379, 0.368, 0.367, 0.331, 0.345, 0.399, 0.399, 0.439, 0.444, 0.402, 0.418, 0.405, 0.38, 0.4, 0.4, 0.432, 0.562, 0.623, 0.637, 0.651, 0.635, 0.661, 0.571, 0.616, 0.606, 0.599, 0.591, 0.491, 0.493, 0.55, 0.451, 0.392, 0.396, 0.406, 0.396, 0.388, 0.403, 0.33, 0.335, 0.326, 0.317, 0.315, 0.297, 0.323, 0.399, 0.35, 0.35, 0.372, 0.294, 0.219, 0.208, 0.199, 0.175, 0.215, 0.258, 0.285, 0.256, 0.238, 0.276, 0.251, 0.25, 0.23, 0.194, 0.193, 0.293, 0.32, 0.264, 0.217, 0.172, 0.179, 0.138, 0.111, 0.116, 0.097, 0.062, 0.071, 0.05, 0.055, 0.05, 0.042, 0.032, 0.037, 0.04, 0.049, 0.056, 0.048, 0.083, 0.108, 0.113, 0.106, 0.102, 0.111, 0.121, 0.13, 0.154, 0.201, 0.106, 0.091, 0.096, 0.079
precipitation[0][87], 0.19, 0.182, 0.18, 0.202, 0.212, 0.23, 0.252, 0.274, 0.275, 0.265, 0.234, 0.245, 0.239, 0.268, 0.282, 0.298, 0.295, 0.291, 0.281, 0.286, 0.344, 0.419, 0.444, 0.493, 0.483, 0.435, 0.355, 0.339, 0.309, 0.28, 0.292, 0.296, 0.285, 0.302, 0.346, 0.242, 0.229, 0.225, 0.255, 0.231, 0.236, 0.173, 0.186, 0.23, 0.198, 0.196, 0.336, 0.351, 0.311, 0.312, 0.319, 0.329, 0.416, 0.45, 0.333, 0.377, 0.456, 0.476, 0.444, 0.44, 0.414, 0.51, 0.529, 0.56, 0.546, 0.475, 0.513, 0.415, 0.286, 0.281, 0.329, 0.248, 0.333, 0.3, 0.303, 0.274, 0.295, 0.264, 0.329, 0.327, 0.31, 0.315, 0.32, 0.327, 0.361, 0.384, 0.398, 0.419, 0.395, 0.426, 0.463, 0.472, 0.503, 0.436, 0.418, 0.459, 0.468, 0.431, 0.425, 0.469, 0.494, 0.5, 0.544, 0.658, 0.622, 0.617, 0.694, 0.584, 0.585, 0.561, 0.666, 0.603, 0.528, 0.495, 0.523, 0.408, 0.393, 0.401, 0.393, 0.386, 0.348, 0.34, 0.319, 0.314, 0.29, 0.318, 0.306, 0.273, 0.288, 0.319, 0.299, 0.291, 0.29, 0.3, 0.269, 0.241, 0.231, 0.194, 0.251, 0.25, 0.234, 0.259, 0.237, 0.238, 0.238, 0.239, 0.205, 0.189, 0.212, 0.234, 0.28, 0.261, 0.183, 0.155, 0.143, 0.138, 0.111, 0.123, 0.103, 0.06, 0.044, 0.046, 0.042, 0.036, 0.038, 0.028, 0.029, 0.031, 0.036, 0.039, 0.051, 0.054, 0.083, 0.083, 0.096, 0.096, 0.098, 0.109, 0.112, 0.12, 0.162, 0.115, 0.077, 0.098, 0.108
precipitation[0][88], 0.184, 0.174, 0.185, 0.188, 0.198, 0.209, 0.216, 0.243, 0.216, 0.211, 0.232, 0.261, 0.272, 0.281, 0.291, 0.309, 0.317, 0.325, 0.335, 0.349, 0.394, 0.455, 0.456, 0.415, 0.448, 0.423, 0.393, 0.434, 0.411, 0.284, 0.262, 0.279, 0.284, 0.304, 0.304, 0.241, 0.218, 0.248, 0.242, 0.212, 0.205, 0.174, 0.186, 0.221, 0.213, 0.232, 0.309, 0.383, 0.358, 0.311, 0.278, 0.303, 0.344, 0.347, 0.329, 0.369, 0.403, 0.471, 0.439, 0.523, 0.468, 0.441, 0.476, 0.469, 0.46, 0.429, 0.443, 0.393, 0.311, 0.31, 0.321, 0.28, 0.319, 0.299, 0.329, 0.323, 0.304, 0.279, 0.348, 0.32, 0.307, 0.33, 0.304, 0.298, 0.341, 0.476, 0.438, 0.429, 0.412, 0.4, 0.404, 0.428, 0.448, 0.451, 0.459, 0.485, 0.462, 0.399, 0.472, 0.513, 0.531, 0.549, 0.608, 0.685, 0.636, 0.676, 0.693, 0.581, 0.573, 0.589, 0.582, 0.546, 0.559, 0.527, 0.469, 0.494, 0.447, 0.402, 0.387, 0.358, 0.34, 0.325, 0.326, 0.314, 0.335, 0.303, 0.285, 0.296, 0.289, 0.322, 0.298, 0.3, 0.279, 0.308, 0.352, 0.29, 0.253, 0.218, 0.255, 0.233, 0.22, 0.219, 0.208, 0.242, 0.257, 0.253, 0.236, 0.22, 0.226, 0.234, 0.272, 0.2, 0.173, 0.16, 0.16, 0.141, 0.149, 0.095, 0.093, 0.082, 0.02, 0.018, 0.034, 0.036, 0.026, 0.024, 0.022, 0.023, 0.029, 0.035, 0.049, 0.06, 0.061, 0.064, 0.062, 0.063, 0.067, 0.065, 0.11, 0.138, 0.094, 0.079, 0.095, 0.108, 0.111
precipitation[0][89], 0.184, 0.164, 0.172, 0.174, 0.174, 0.189, 0.215, 0.22, 0.234, 0.228, 0.247, 0.257, 0.287, 0.289, 0.305, 0.32, 0.314, 0.302, 0.323, 0.348, 0.396, 0.452, 0.467, 0.41, 0.428, 0.404, 0.351, 0.415, 0.382, 0.267, 0.244, 0.253, 0.221, 0.236, 0.26, 0.261, 0.25, 0.255, 0.246, 0.225, 0.219, 0.198, 0.215, 0.242, 0.25, 0.249, 0.301, 0.35, 0.345, 0.295, 0.272, 0.274, 0.346, 0.341, 0.34, 0.33, 0.4, 0.454, 0.434, 0.487, 0.424, 0.368, 0.38, 0.336, 0.449, 0.387, 0.418, 0.354, 0.335, 0.337, 0.338, 0.388, 0.392, 0.355, 0.354, 0.308, 0.29, 0.341, 0.282, 0.31, 0.415, 0.38, 0.322, 0.342, 0.358, 0.35, 0.421, 0.456, 0.423, 0.435, 0.387, 0.333, 0.342, 0.398, 0.497, 0.494, 0.512, 0.41, 0.47, 0.507, 0.544, 0.518, 0.628, 0.647, 0.637, 0.662, 0.591, 0.545, 0.533, 0.521, 0.484, 0.513, 0.482, 0.491, 0.459, 0.492, 0.46, 0.417, 0.401, 0.396, 0.369, 0.325, 0.328, 0.323, 0.328, 0.289, 0.283, 0.306, 0.327, 0.316, 0.295, 0.302, 0.281, 0.289, 0.342, 0.339, 0.323, 0.245, 0.236, 0.236, 0.238, 0.214, 0.219, 0.23, 0.259, 0.235, 0.244, 0.23, 0.235, 0.207, 0.211, 0.185, 0.182, 0.159, 0.156, 0.136, 0.131, 0.106, 0.089, 0.067, 0.044, 0.011, 0.017, 0.02, 0.013, 0.02, 0.017, 0.019, 0.023, 0.031, 0.039, 0.038, 0.047, 0.066, 0.064, 0.06, 0.051, 0.078, 0.168, 0.14, 0.141, 0.084, 0.085, 0.101, 0.1
precipitation[0][90], 0.18, 0.158, 0.158, 0.165, 0.168, 0.183, 0.218, 0.238, 0.249, 0.242, 0.259, 0.284, 0.265, 0.293, 0.348, 0.353, 0.392, 0.378, 0.327, 0.343, 0.382, 0.37, 0.378, 0.352, 0.344, 0.344, 0.349, 0.341, 0.311, 0.255, 0.248, 0.272, 0.233, 0.232, 0.294, 0.264, 0.31, 0.321, 0.239, 0.242, 0.23, 0.204, 0.211, 0.223, 0.219, 0.256, 0.3, 0.335, 0.314, 0.273, 0.235, 0.258, 0.268, 0.304, 0.302, 0.332, 0.434, 0.478, 0.416, 0.464, 0.425, 0.378, 0.311, 0.267, 0.304, 0.362, 0.392, 0.365, 0.4, 0.41, 0.375, 0.363, 0.413, 0.377, 0.355, 0.32, 0.288, 0.275, 0.289, 0.319, 0.351, 0.438, 0.353, 0.351, 0.371, 0.37, 0.41, 0.479, 0.458, 0.438, 0.453, 0.313, 0.34, 0.377, 0.443, 0.434, 0.467, 0.473, 0.472, 0.556, 0.529, 0.602, 0.607, 0.612, 0.613, 0.588, 0.623, 0.561, 0.531, 0.487, 0.463, 0.491, 0.503, 0.509, 0.465, 0.49, 0.481, 0.436, 0.377, 0.35, 0.311, 0.31, 0.304, 0.317, 0.319, 0.299, 0.295, 0.322, 0.322, 0.336, 0.296, 0.278, 0.288, 0.264, 0.312, 0.301, 0.338, 0.333, 0.317, 0.267, 0.256, 0.243, 0.276, 0.27, 0.221, 0.229, 0.264, 0.223, 0.221, 0.199, 0.211, 0.181, 0.182, 0.166, 0.138, 0.144, 0.129, 0.115, 0.083, 0.082, 0.037, 0.005, 0.016, 0.018, 0.014, 0.012, 0.006, 0.007, 0.012, 0.027, 0.032, 0.027, 0.038, 0.07, 0.056, 0.046, 0.057, 0.072, 0.093, 0.096, 0.059, 0.058, 0.048, 0.072, 0.082
precipitation[0][91], 0.173, 0.185, 0.153, 0.148, 0.159, 0.174, 0.195, 0.215, 0.231, 0.238, 0.266, 0.287, 0.289, 0.272, 0.291, 0.31, 0.353, 0.393, 0.333, 0.346, 0.406, 0.389, 0.382, 0.349, 0.292, 0.288, 0.295, 0.255, 0.231, 0.208, 0.258, 0.298, 0.267, 0.263, 0.303, 0.307, 0.333, 0.31, 0.253, 0.279, 0.249, 0.189, 0.212, 0.204, 0.222, 0.241, 0.281, 0.314, 0.304, 0.275, 0.283, 0.293, 0.287, 0.285, 0.296, 0.341, 0.392, 0.417, 0.418, 0.427, 0.419, 0.338, 0.315, 0.23, 0.259, 0.327, 0.342, 0.348, 0.348, 0.374, 0.332, 0.422, 0.439, 0.426, 0.366, 0.333, 0.325, 0.289, 0.304, 0.339, 0.403, 0.415, 0.379, 0.374, 0.358, 0.376, 0.394, 0.391, 0.448, 0.416, 0.403, 0.428, 0.335, 0.359, 0.454, 0.481, 0.46, 0.457, 0.463, 0.522, 0.616, 0.61, 0.675, 0.61, 0.599, 0.58, 0.61, 0.567, 0.509, 0.519, 0.474, 0.503, 0.51, 0.526, 0.453, 0.461, 0.432, 0.412, 0.363, 0.345, 0.322, 0.322, 0.316, 0.316, 0.312, 0.287, 0.278, 0.316, 0.323, 0.335, 0.348, 0.322, 0.277, 0.249, 0.318, 0.365, 0.363, 0.352, 0.323, 0.238, 0.216, 0.216, 0.214, 0.218, 0.186, 0.21, 0.229, 0.234, 0.179, 0.211, 0.204, 0.213, 0.205, 0.162, 0.143, 0.133, 0.108, 0.11, 0.074, 0.064, 0.045, 0.009, 0.019, 0.02, 0.017, 0.016, 0.008, 0.006, 0.011, 0.016, 0.021, 0.017, 0.026, 0.047, 0.048, 0.034, 0.034, 0.056, 0.054, 0.033, 0.021, 0.023, 0.029, 0.042, 0.048
precipitation[0][92], 0.172, 0.143, 0.14, 0.187, 0.156, 0.214, 0.199, 0.22, 0.252, 0.261, 0.283, 0.298, 0.264, 0.243, 0.266, 0.304, 0.315, 0.42, 0.354, 0.328, 0.315, 0.306, 0.31, 0.273, 0.272, 0.269, 0.267, 0.254, 0.222, 0.225, 0.24, 0.261, 0.29, 0.281, 0.334, 0.346, 0.355, 0.301, 0.302, 0.291, 0.254, 0.196, 0.202, 0.217, 0.251, 0.252, 0.309, 0.321, 0.321, 0.282, 0.293, 0.276, 0.311, 0.291, 0.319, 0.372, 0.383, 0.363, 0.4, 0.42, 0.448, 0.391, 0.309, 0.261, 0.254, 0.328, 0.322, 0.365, 0.305, 0.334, 0.31, 0.384, 0.442, 0.476, 0.32, 0.322, 0.331, 0.305, 0.311, 0.358, 0.406, 0.399, 0.411, 0.378, 0.401, 0.408, 0.406, 0.438, 0.473, 0.43, 0.388, 0.379, 0.407, 0.408, 0.482, 0.471, 0.458, 0.532, 0.493, 0.571, 0.568, 0.654, 0.596, 0.6, 0.596, 0.587, 0.57, 0.561, 0.549, 0.527, 0.53, 0.557, 0.526, 0.549, 0.498, 0.503, 0.461, 0.41, 0.34, 0.33, 0.324, 0.331, 0.342, 0.339, 0.329, 0.287, 0.28, 0.308, 0.311, 0.337, 0.358, 0.367, 0.289, 0.292, 0.314, 0.356, 0.375, 0.378, 0.33, 0.239, 0.217, 0.217, 0.191, 0.203, 0.233, 0.166, 0.216, 0.185, 0.184, 0.181, 0.197, 0.177, 0.189, 0.152, 0.134, 0.111, 0.091, 0.084, 0.088, 0.049, 0.048, 0.035, 0.023, 0.024, 0.022, 0.015, 0.012, 0.007, 0.011, 0.015, 0.021, 0.014, 0.022, 0.03, 0.036, 0.025, 0.025, 0.028, 0.024, 0.016, 0.011, 0.02, 0.021, 0.025, 0.024
precipitation[0][93], 0.159, 0.151, 0.153, 0.146, 0.149, 0.175, 0.186, 0.204, 0.245, 0.245, 0.284, 0.27, 0.244, 0.241, 0.258, 0.246, 0.266, 0.265, 0.246, 0.252, 0.275, 0.345, 0.383, 0.299, 0.273, 0.242, 0.221, 0.242, 0.234, 0.212, 0.231, 0.263, 0.318, 0.348, 0.356, 0.374, 0.431, 0.365, 0.313, 0.294, 0.272, 0.24, 0.246, 0.238, 0.255, 0.277, 0.297, 0.296, 0.29, 0.301, 0.293, 0.299, 0.304, 0.31, 0.311, 0.401, 0.406, 0.383, 0.371, 0.424, 0.449, 0.414, 0.333, 0.306, 0.282, 0.325, 0.292, 0.345, 0.333, 0.338, 0.303, 0.361, 0.382, 0.425, 0.296, 0.272, 0.322, 0.332, 0.369, 0.377, 0.414, 0.421, 0.437, 0.425, 0.441, 0.452, 0.46, 0.46, 0.453, 0.396, 0.377, 0.388, 0.423, 0.447, 0.476, 0.48, 0.499, 0.463, 0.427, 0.505, 0.452, 0.575, 0.545, 0.647, 0.581, 0.581, 0.543, 0.556, 0.611, 0.535, 0.522, 0.549, 0.526, 0.541, 0.518, 0.534, 0.472, 0.417, 0.37, 0.342, 0.341, 0.333, 0.324, 0.349, 0.334, 0.298, 0.281, 0.318, 0.31, 0.328, 0.356, 0.357, 0.318, 0.281, 0.297, 0.327, 0.318, 0.343, 0.348, 0.276, 0.238, 0.259, 0.22, 0.212, 0.225, 0.177, 0.159, 0.176, 0.17, 0.177, 0.245, 0.231, 0.18, 0.162, 0.139, 0.095, 0.094, 0.076, 0.063, 0.048, 0.046, 0.034, 0.033, 0.031, 0.034, 0.039, 0.037, 0.024, 0.014, 0.011, 0.02, 0.014, 0.017, 0.018, 0.027, 0.028, 0.021, 0.013, 0.011, 0.008, 0.006, 0.008, 0.012, 0.013, 0.015
precipitation[0][94], 0.171, 0.178, 0.158, 0.171, 0.161, 0.181, 0.189, 0.207, 0.24, 0.247, 0.286, 0.253, 0.222, 0.241, 0.241, 0.236, 0.24, 0.232, 0.221, 0.237, 0.256, 0.271, 0.302, 0.28, 0.315, 0.291, 0.201, 0.224, 0.212, 0.213, 0.241, 0.26, 0.323, 0.35, 0.369, 0.395, 0.368, 0.36, 0.348, 0.291, 0.272, 0.237, 0.244, 0.216, 0.25, 0.271, 0.288, 0.29, 0.261, 0.272, 0.289, 0.295, 0.299, 0.266, 0.319, 0.441, 0.472, 0.424, 0.403, 0.405, 0.374, 0.385, 0.349, 0.405, 0.377, 0.325, 0.31, 0.334, 0.297, 0.37, 0.357, 0.317, 0.293, 0.365, 0.364, 0.343, 0.292, 0.334, 0.408, 0.428, 0.438, 0.425, 0.459, 0.434, 0.435, 0.468, 0.633, 0.507, 0.499, 0.452, 0.412, 0.414, 0.461, 0.45, 0.532, 0.481, 0.548, 0.53, 0.477, 0.5, 0.501, 0.48, 0.464, 0.562, 0.607, 0.548, 0.584, 0.567, 0.587, 0.584, 0.56, 0.548, 0.529, 0.518, 0.513, 0.477, 0.451, 0.42, 0.386, 0.335, 0.334, 0.322, 0.326, 0.331, 0.294, 0.299, 0.281, 0.312, 0.288, 0.311, 0.321, 0.329, 0.304, 0.304, 0.319, 0.338, 0.322, 0.331, 0.364, 0.347, 0.336, 0.285, 0.218, 0.186, 0.237, 0.171, 0.19, 0.173, 0.175, 0.195, 0.174, 0.178, 0.153, 0.125, 0.121, 0.099, 0.091, 0.07, 0.068, 0.05, 0.045, 0.043, 0.031, 0.032, 0.03, 0.031, 0.039, 0.032, 0.031, 0.013, 0.019, 0.015, 0.017, 0.015, 0.029, 0.028, 0.019, 0.011, 0.007, 0.007, 0.005, 0.005, 0.013, 0.017, 0.016
precipitation[0][95], 0.191, 0.18, 0.172, 0.184, 0.169, 0.173, 0.177, 0.19, 0.212, 0.228, 0.241, 0.238, 0.231, 0.254, 0.232, 0.215, 0.214, 0.197, 0.211, 0.235, 0.334, 0.335, 0.287, 0.297, 0.318, 0.267, 0.175, 0.22, 0.202, 0.218, 0.266, 0.283, 0.32, 0.341, 0.324, 0.373, 0.353, 0.366, 0.347, 0.299, 0.264, 0.261, 0.256, 0.224, 0.227, 0.238, 0.275, 0.286, 0.268, 0.291, 0.305, 0.294, 0.269, 0.256, 0.314, 0.395, 0.415, 0.426, 0.405, 0.397, 0.414, 0.386, 0.37, 0.4, 0.463, 0.468, 0.381, 0.381, 0.285, 0.387, 0.425, 0.297, 0.299, 0.223, 0.279, 0.318, 0.309, 0.33, 0.414, 0.445, 0.49, 0.425, 0.395, 0.403, 0.475, 0.5, 0.679, 0.635, 0.588, 0.496, 0.47, 0.435, 0.433, 0.464, 0.564, 0.538, 0.587, 0.515, 0.543, 0.533, 0.546, 0.504, 0.499, 0.484, 0.504, 0.472, 0.49, 0.537, 0.563, 0.59, 0.56, 0.571, 0.541, 0.528, 0.477, 0.466, 0.467, 0.413, 0.402, 0.364, 0.343, 0.325, 0.329, 0.327, 0.286, 0.297, 0.277, 0.323, 0.296, 0.308, 0.316, 0.338, 0.346, 0.326, 0.357, 0.373, 0.376, 0.389, 0.348, 0.364, 0.337, 0.268, 0.215, 0.183, 0.185, 0.176, 0.193, 0.152, 0.132, 0.169, 0.156, 0.184, 0.161, 0.144, 0.107, 0.102, 0.081, 0.086, 0.064, 0.06, 0.043, 0.046, 0.037, 0.03, 0.026, 0.03, 0.047, 0.035, 0.032, 0.014, 0.016, 0.017, 0.027, 0.013, 0.03, 0.032, 0.017, 0.009, 0.007, 0.01, 0.008, 0.008, 0.012, 0.014, 0.01
precipitation[0][96], 0.189, 0.175, 0.172, 0.186, 0.166, 0.173, 0.167, 0.175, 0.188, 0.217, 0.239, 0.242, 0.24, 0.25, 0.235, 0.216, 0.211, 0.183, 0.208, 0.225, 0.341, 0.312, 0.266, 0.243, 0.294, 0.268, 0.203, 0.188, 0.195, 0.22, 0.258, 0.265, 0.317, 0.314, 0.372, 0.391, 0.344, 0.339, 0.279, 0.249, 0.248, 0.224, 0.234, 0.239, 0.249, 0.238, 0.259, 0.254, 0.259, 0.302, 0.319, 0.299, 0.278, 0.255, 0.346, 0.452, 0.429, 0.403, 0.411, 0.409, 0.392, 0.374, 0.382, 0.4, 0.463, 0.463, 0.38, 0.352, 0.264, 0.345, 0.415, 0.347, 0.306, 0.247, 0.297, 0.285, 0.317, 0.327, 0.357, 0.375, 0.46, 0.438, 0.456, 0.516, 0.561, 0.528, 0.686, 0.726, 0.592, 0.555, 0.484, 0.415, 0.458, 0.506, 0.565, 0.551, 0.633, 0.544, 0.536, 0.591, 0.584, 0.46, 0.45, 0.463, 0.496, 0.447, 0.493, 0.519, 0.534, 0.57, 0.562, 0.56, 0.527, 0.508, 0.479, 0.449, 0.455, 0.436, 0.422, 0.382, 0.352, 0.328, 0.332, 0.319, 0.265, 0.265, 0.227, 0.28, 0.285, 0.295, 0.301, 0.326, 0.31, 0.28, 0.313, 0.354, 0.325, 0.35, 0.33, 0.37, 0.314, 0.253, 0.182, 0.154, 0.136, 0.143, 0.131, 0.135, 0.123, 0.129, 0.118, 0.11, 0.11, 0.111, 0.113, 0.099, 0.083, 0.084, 0.06, 0.058, 0.041, 0.047, 0.028, 0.029, 0.024, 0.022, 0.026, 0.03, 0.029, 0.011, 0.015, 0.025, 0.025, 0.013, 0.044, 0.032, 0.015, 0.007, 0.008, 0.011, 0.009, 0.01, 0.015, 0.014, 0.009
precipitation[0][97], 0.193, 0.186, 0.165, 0.157, 0.16, 0.174, 0.16, 0.205, 0.197, 0.204, 0.218, 0.221, 0.212, 0.209, 0.214, 0.214, 0.208, 0.201, 0.22, 0.239, 0.231, 0.235, 0.228, 0.252, 0.25, 0.198, 0.159, 0.154, 0.176, 0.203, 0.243, 0.252, 0.314, 0.331, 0.361, 0.35, 0.285, 0.246, 0.213, 0.194, 0.197, 0.248, 0.282, 0.288, 0.306, 0.273, 0.272, 0.277, 0.267, 0.33, 0.312, 0.301, 0.3, 0.272, 0.375, 0.427, 0.42, 0.359, 0.363, 0.378, 0.337, 0.335, 0.328, 0.418, 0.363, 0.402, 0.34, 0.338, 0.335, 0.317, 0.378, 0.365, 0.309, 0.274, 0.264, 0.275, 0.289, 0.322, 0.354, 0.39, 0.445, 0.45, 0.473, 0.513, 0.552, 0.524, 0.648, 0.601, 0.531, 0.516, 0.482, 0.484, 0.519, 0.5, 0.565, 0.592, 0.612, 0.562, 0.616, 0.559, 0.51, 0.455, 0.427, 0.415, 0.446, 0.39, 0.437, 0.502, 0.499, 0.561, 0.564, 0.513, 0.486, 0.472, 0.47, 0.454, 0.466, 0.423, 0.41, 0.398, 0.449, 0.351, 0.336, 0.322, 0.257, 0.245, 0.24, 0.287, 0.277, 0.269, 0.278, 0.337, 0.323, 0.348, 0.326, 0.312, 0.323, 0.344, 0.337, 0.431, 0.331, 0.266, 0.216, 0.156, 0.127, 0.114, 0.11, 0.137, 0.127, 0.116, 0.119, 0.11, 0.099, 0.109, 0.079, 0.072, 0.061, 0.06, 0.052, 0.048, 0.044, 0.04, 0.032, 0.025, 0.023, 0.023, 0.026, 0.028, 0.024, 0.01, 0.012, 0.018, 0.011, 0.01, 0.03, 0.024, 0.01, 0.005, 0.006, 0.011, 0.008, 0.01, 0.013, 0.013, 0.01
precipitation[0][98], 0.173, 0.17, 0.176, 0.155, 0.143, 0.154, 0.154, 0.181, 0.21, 0.191, 0.2, 0.21, 0.22, 0.19, 0.193, 0.21, 0.206, 0.219, 0.251, 0.264, 0.258, 0.232, 0.214, 0.24, 0.219, 0.163, 0.163, 0.137, 0.14, 0.149, 0.188, 0.255, 0.294, 0.342, 0.313, 0.307, 0.242, 0.202, 0.189, 0.183, 0.183, 0.205, 0.287, 0.315, 0.299, 0.315, 0.273, 0.283, 0.27, 0.31, 0.296, 0.291, 0.326, 0.287, 0.403, 0.436, 0.411, 0.401, 0.376, 0.363, 0.347, 0.322, 0.311, 0.335, 0.319, 0.348, 0.411, 0.284, 0.292, 0.303, 0.378, 0.387, 0.337, 0.277, 0.268, 0.314, 0.286, 0.31, 0.389, 0.423, 0.425, 0.472, 0.514, 0.502, 0.583, 0.599, 0.598, 0.59, 0.558, 0.513, 0.552, 0.476, 0.52, 0.501, 0.545, 0.6, 0.569, 0.508, 0.545, 0.549, 0.486, 0.431, 0.438, 0.392, 0.427, 0.439, 0.411, 0.459, 0.495, 0.507, 0.498, 0.489, 0.452, 0.462, 0.45, 0.42, 0.442, 0.419, 0.395, 0.339, 0.357, 0.347, 0.388, 0.316, 0.277, 0.234, 0.247, 0.301, 0.28, 0.267, 0.254, 0.316, 0.315, 0.308, 0.297, 0.311, 0.316, 0.333, 0.336, 0.319, 0.325, 0.252, 0.215, 0.185, 0.169, 0.147, 0.127, 0.125, 0.14, 0.104, 0.104, 0.105, 0.068, 0.074, 0.071, 0.067, 0.06, 0.048, 0.048, 0.043, 0.04, 0.04, 0.034, 0.024, 0.023, 0.023, 0.023, 0.014, 0.011, 0.006, 0.008, 0.016, 0.009, 0.01, 0.023, 0.02, 0.009, 0.004, 0.008, 0.011, 0.01, 0.011, 0.011, 0.012, 0.008
precipitation[0][99], 0.165, 0.162, 0.154, 0.148, 0.132, 0.161, 0.152, 0.178, 0.185, 0.181, 0.189, 0.186, 0.227, 0.175, 0.178, 0.199, 0.194, 0.202, 0.231, 0.277, 0.267, 0.235, 0.233, 0.235, 0.181, 0.15, 0.144, 0.127, 0.11, 0.108, 0.15, 0.198, 0.268, 0.315, 0.278, 0.283, 0.217, 0.172, 0.175, 0.183, 0.174, 0.188, 0.253, 0.255, 0.289, 0.305, 0.321, 0.315, 0.318, 0.327, 0.309, 0.316, 0.362, 0.373, 0.461, 0.419, 0.383, 0.399, 0.413, 0.374, 0.344, 0.338, 0.307, 0.321, 0.34, 0.324, 0.385, 0.346, 0.324, 0.399, 0.412, 0.402, 0.376, 0.296, 0.307, 0.329, 0.334, 0.364, 0.432, 0.415, 0.455, 0.531, 0.581, 0.583, 0.645, 0.606, 0.594, 0.597, 0.522, 0.454, 0.488, 0.461, 0.491, 0.46, 0.536, 0.55, 0.491, 0.508, 0.527, 0.521, 0.444, 0.437, 0.389, 0.39, 0.458, 0.475, 0.454, 0.459, 0.485, 0.482, 0.525, 0.491, 0.438, 0.46, 0.48, 0.46, 0.431, 0.437, 0.396, 0.338, 0.315, 0.305, 0.361, 0.364, 0.265, 0.217, 0.248, 0.289, 0.316, 0.298, 0.287, 0.282, 0.305, 0.312, 0.311, 0.315, 0.303, 0.282, 0.3, 0.299, 0.291, 0.25, 0.249, 0.216, 0.203, 0.19, 0.121, 0.134, 0.139, 0.098, 0.098, 0.075, 0.071, 0.065, 0.064, 0.057, 0.053, 0.052, 0.054, 0.051, 0.046, 0.039, 0.031, 0.025, 0.006, 0.01, 0.023, 0.01, 0.007, 0.004, 0.009, 0.014, 0.008, 0.008, 0.016, 0.014, 0.009, 0.006, 0.01, 0.013, 0.012, 0.013, 0.012, 0.011, 0.008
precipitation[0][100], 0.187, 0.186, 0.155, 0.135, 0.124, 0.131, 0.159, 0.173, 0.18, 0.169, 0.161, 0.173, 0.205, 0.162, 0.157, 0.174, 0.183, 0.189, 0.219, 0.265, 0.262, 0.23, 0.202, 0.207, 0.174, 0.153, 0.15, 0.128, 0.12, 0.107, 0.11, 0.158, 0.232, 0.253, 0.252, 0.242, 0.224, 0.148, 0.158, 0.188, 0.21, 0.205, 0.248, 0.281, 0.33, 0.331, 0.335, 0.348, 0.348, 0.333, 0.339, 0.319, 0.374, 0.397, 0.443, 0.395, 0.401, 0.415, 0.454, 0.388, 0.376, 0.34, 0.318, 0.344, 0.338, 0.284, 0.271, 0.306, 0.317, 0.366, 0.408, 0.45, 0.416, 0.353, 0.299, 0.349, 0.368, 0.379, 0.391, 0.395, 0.447, 0.534, 0.57, 0.608, 0.62, 0.648, 0.638, 0.658, 0.591, 0.463, 0.536, 0.517, 0.595, 0.504, 0.541, 0.496, 0.495, 0.528, 0.567, 0.514, 0.462, 0.429, 0.39, 0.397, 0.464, 0.488, 0.444, 0.472, 0.464, 0.45, 0.537, 0.498, 0.46, 0.488, 0.551, 0.48, 0.415, 0.41, 0.36, 0.327, 0.287, 0.286, 0.329, 0.352, 0.309, 0.253, 0.243, 0.29, 0.282, 0.275, 0.285, 0.285, 0.35, 0.342, 0.359, 0.336, 0.3, 0.277, 0.279, 0.283, 0.27, 0.265, 0.272, 0.238, 0.241, 0.192, 0.16, 0.144, 0.106, 0.093, 0.081, 0.088, 0.07, 0.063, 0.062, 0.056, 0.052, 0.053, 0.054, 0.057, 0.049, 0.039, 0.033, 0.012, 0.007, 0.015, 0.022, 0.007, 0.006, 0.006, 0.006, 0.013, 0.021, 0.022, 0.015, 0.014, 0.009, 0.009, 0.013, 0.021, 0.015, 0.017, 0.02, 0.013, 0.012
precipitation[0][101], 0.197, 0.192, 0.159, 0.152, 0.138, 0.118, 0.157, 0.144, 0.156, 0.146, 0.154, 0.137, 0.152, 0.153, 0.159, 0.173, 0.19, 0.2, 0.214, 0.259, 0.271, 0.243, 0.219, 0.202, 0.166, 0.186, 0.163, 0.134, 0.118, 0.124, 0.138, 0.143, 0.214, 0.239, 0.224, 0.191, 0.198, 0.128, 0.146, 0.187, 0.209, 0.237, 0.309, 0.276, 0.313, 0.328, 0.333, 0.35, 0.363, 0.384, 0.39, 0.362, 0.387, 0.389, 0.402, 0.372, 0.409, 0.443, 0.447, 0.376, 0.342, 0.392, 0.358, 0.373, 0.417, 0.395, 0.303, 0.288, 0.278, 0.33, 0.386, 0.431, 0.383, 0.325, 0.323, 0.376, 0.395, 0.432, 0.451, 0.438, 0.483, 0.538, 0.57, 0.634, 0.618, 0.605, 0.639, 0.647, 0.6, 0.571, 0.551, 0.522, 0.67, 0.682, 0.579, 0.516, 0.469, 0.468, 0.533, 0.536, 0.487, 0.44, 0.457, 0.43, 0.424, 0.472, 0.412, 0.472, 0.423, 0.441, 0.472, 0.465, 0.453, 0.454, 0.484, 0.46, 0.436, 0.397, 0.328, 0.294, 0.271, 0.283, 0.334, 0.332, 0.303, 0.258, 0.239, 0.286, 0.282, 0.273, 0.285, 0.286, 0.299, 0.312, 0.311, 0.307, 0.289, 0.255, 0.268, 0.239, 0.24, 0.259, 0.252, 0.23, 0.244, 0.204, 0.175, 0.146, 0.113, 0.093, 0.078, 0.074, 0.06, 0.058, 0.063, 0.059, 0.053, 0.058, 0.056, 0.054, 0.053, 0.049, 0.036, 0.016, 0.011, 0.024, 0.029, 0.008, 0.005, 0.006, 0.005, 0.009, 0.013, 0.017, 0.018, 0.024, 0.014, 0.007, 0.011, 0.021, 0.025, 0.023, 0.025, 0.014, 0.011
precipitation[0][102], 0.23, 0.198, 0.176, 0.157, 0.141, 0.121, 0.129, 0.14, 0.147, 0.144, 0.149, 0.137, 0.15, 0.151, 0.165, 0.173, 0.197, 0.213, 0.23, 0.273, 0.269, 0.265, 0.252, 0.204, 0.17, 0.192, 0.173, 0.145, 0.125, 0.142, 0.145, 0.185, 0.214, 0.216, 0.192, 0.168, 0.189, 0.149, 0.147, 0.194, 0.214, 0.221, 0.27, 0.277, 0.281, 0.337, 0.384, 0.39, 0.393, 0.389, 0.387, 0.357, 0.364, 0.376, 0.382, 0.348, 0.392, 0.417, 0.505, 0.417, 0.375, 0.337, 0.361, 0.405, 0.455, 0.445, 0.357, 0.329, 0.321, 0.318, 0.356, 0.363, 0.351, 0.32, 0.353, 0.402, 0.437, 0.452, 0.474, 0.394, 0.406, 0.51, 0.512, 0.564, 0.583, 0.587, 0.659, 0.685, 0.605, 0.612, 0.576, 0.54, 0.564, 0.587, 0.549, 0.51, 0.495, 0.578, 0.544, 0.505, 0.44, 0.507, 0.553, 0.508, 0.484, 0.439, 0.439, 0.421, 0.414, 0.446, 0.493, 0.478, 0.49, 0.441, 0.439, 0.446, 0.434, 0.356, 0.295, 0.273, 0.277, 0.277, 0.327, 0.318, 0.316, 0.299, 0.256, 0.293, 0.29, 0.289, 0.295, 0.272, 0.292, 0.289, 0.276, 0.273, 0.292, 0.281, 0.269, 0.244, 0.248, 0.255, 0.257, 0.242, 0.24, 0.226, 0.184, 0.168, 0.123, 0.108, 0.081, 0.075, 0.065, 0.062, 0.061, 0.061, 0.054, 0.052, 0.051, 0.052, 0.054, 0.053, 0.038, 0.031, 0.021, 0.02, 0.045, 0.034, 0.007, 0.009, 0.005, 0.009, 0.009, 0.014, 0.013, 0.012, 0.007, 0.005, 0.012, 0.024, 0.024, 0.02, 0.019, 0.014, 0.01
precipitation[0][103], 0.204, 0.199, 0.202, 0.177, 0.147, 0.136, 0.132, 0.134, 0.145, 0.14, 0.142, 0.138, 0.145, 0.151, 0.165, 0.179, 0.208, 0.23, 0.274, 0.324, 0.311, 0.296, 0.283, 0.236, 0.203, 0.203, 0.175, 0.169, 0.147, 0.165, 0.149, 0.152, 0.156, 0.164, 0.229, 0.168, 0.17, 0.16, 0.13, 0.182, 0.217, 0.248, 0.299, 0.293, 0.336, 0.378, 0.396, 0.407, 0.362, 0.378, 0.373, 0.323, 0.333, 0.4, 0.366, 0.328, 0.386, 0.372, 0.487, 0.44, 0.384, 0.385, 0.381, 0.339, 0.359, 0.384, 0.378, 0.374, 0.302, 0.36, 0.401, 0.391, 0.322, 0.328, 0.368, 0.408, 0.509, 0.535, 0.58, 0.481, 0.477, 0.475, 0.46, 0.508, 0.548, 0.556, 0.611, 0.621, 0.639, 0.674, 0.602, 0.598, 0.521, 0.626, 0.595, 0.478, 0.479, 0.512, 0.554, 0.458, 0.55, 0.514, 0.557, 0.55, 0.505, 0.422, 0.433, 0.428, 0.419, 0.489, 0.462, 0.478, 0.394, 0.38, 0.377, 0.401, 0.41, 0.361, 0.3, 0.265, 0.275, 0.287, 0.324, 0.317, 0.298, 0.312, 0.265, 0.281, 0.274, 0.278, 0.305, 0.283, 0.293, 0.288, 0.27, 0.26, 0.261, 0.27, 0.265, 0.259, 0.279, 0.253, 0.274, 0.28, 0.288, 0.222, 0.175, 0.173, 0.136, 0.112, 0.098, 0.091, 0.071, 0.067, 0.062, 0.058, 0.053, 0.054, 0.046, 0.049, 0.056, 0.053, 0.042, 0.021, 0.021, 0.028, 0.036, 0.017, 0.015, 0.016, 0.007, 0.011, 0.008, 0.01, 0.008, 0.009, 0.009, 0.006, 0.016, 0.026, 0.02, 0.023, 0.016, 0.013, 0.012
precipitation[0][104], 0.22, 0.193, 0.192, 0.211, 0.167, 0.154, 0.146, 0.162, 0.135, 0.138, 0.146, 0.154, 0.175, 0.145, 0.164, 0.188, 0.214, 0.288, 0.346, 0.328, 0.307, 0.26, 0.254, 0.245, 0.213, 0.207, 0.215, 0.168, 0.17, 0.176, 0.171, 0.166, 0.166, 0.162, 0.196, 0.215, 0.179, 0.217, 0.197, 0.176, 0.209, 0.258, 0.285, 0.326, 0.333, 0.341, 0.309, 0.322, 0.322, 0.371, 0.346, 0.32, 0.334, 0.366, 0.385, 0.346, 0.4, 0.347, 0.441, 0.412, 0.339, 0.308, 0.319, 0.325, 0.283, 0.333, 0.364, 0.344, 0.316, 0.299, 0.351, 0.323, 0.294, 0.366, 0.436, 0.511, 0.544, 0.561, 0.535, 0.466, 0.431, 0.424, 0.432, 0.494, 0.543, 0.546, 0.595, 0.613, 0.675, 0.641, 0.568, 0.587, 0.601, 0.589, 0.478, 0.418, 0.447, 0.453, 0.575, 0.427, 0.417, 0.442, 0.521, 0.548, 0.501, 0.454, 0.429, 0.432, 0.417, 0.444, 0.426, 0.419, 0.356, 0.351, 0.36, 0.377, 0.411, 0.362, 0.314, 0.27, 0.264, 0.282, 0.345, 0.327, 0.319, 0.288, 0.263, 0.284, 0.292, 0.284, 0.3, 0.274, 0.281, 0.279, 0.257, 0.256, 0.261, 0.266, 0.245, 0.241, 0.255, 0.246, 0.241, 0.254, 0.275, 0.225, 0.175, 0.197, 0.146, 0.121, 0.119, 0.112, 0.07, 0.069, 0.076, 0.065, 0.057, 0.057, 0.048, 0.045, 0.052, 0.051, 0.043, 0.017, 0.021, 0.028, 0.03, 0.018, 0.012, 0.032, 0.026, 0.009, 0.005, 0.011, 0.009, 0.013, 0.01, 0.014, 0.02, 0.038, 0.023, 0.026, 0.017, 0.015, 0.014
precipitation[0][105], 0.201, 0.192, 0.199, 0.191, 0.178, 0.154, 0.157, 0.148, 0.133, 0.137, 0.144, 0.148, 0.163, 0.149, 0.168, 0.196, 0.224, 0.254, 0.308, 0.325, 0.32, 0.25, 0.26, 0.241, 0.203, 0.221, 0.204, 0.167, 0.197, 0.183, 0.177, 0.194, 0.192, 0.208, 0.221, 0.212, 0.205, 0.192, 0.179, 0.148, 0.194, 0.261, 0.326, 0.346, 0.338, 0.381, 0.307, 0.306, 0.323, 0.331, 0.33, 0.348, 0.399, 0.398, 0.379, 0.326, 0.334, 0.307, 0.412, 0.404, 0.344, 0.335, 0.31, 0.314, 0.303, 0.356, 0.326, 0.382, 0.389, 0.386, 0.359, 0.34, 0.327, 0.372, 0.462, 0.51, 0.559, 0.586, 0.532, 0.465, 0.439, 0.392, 0.421, 0.433, 0.463, 0.51, 0.558, 0.592, 0.669, 0.675, 0.599, 0.573, 0.555, 0.545, 0.511, 0.432, 0.394, 0.431, 0.476, 0.446, 0.434, 0.447, 0.503, 0.504, 0.468, 0.434, 0.48, 0.431, 0.418, 0.472, 0.407, 0.358, 0.318, 0.325, 0.327, 0.342, 0.366, 0.365, 0.329, 0.282, 0.272, 0.295, 0.306, 0.293, 0.267, 0.267, 0.25, 0.272, 0.294, 0.281, 0.277, 0.284, 0.273, 0.265, 0.252, 0.264, 0.271, 0.261, 0.25, 0.247, 0.248, 0.229, 0.213, 0.263, 0.233, 0.227, 0.202, 0.18, 0.144, 0.123, 0.122, 0.096, 0.086, 0.078, 0.078, 0.117, 0.063, 0.068, 0.048, 0.044, 0.047, 0.055, 0.037, 0.021, 0.019, 0.019, 0.022, 0.014, 0.025, 0.086, 0.027, 0.011, 0.004, 0.007, 0.008, 0.017, 0.017, 0.027, 0.024, 0.035, 0.028, 0.028, 0.019, 0.024, 0.018
precipitation[0][106], 0.186, 0.203, 0.221, 0.196, 0.159, 0.157, 0.138, 0.132, 0.129, 0.13, 0.137, 0.131, 0.133, 0.134, 0.154, 0.196, 0.248, 0.253, 0.273, 0.289, 0.276, 0.251, 0.254, 0.218, 0.2, 0.216, 0.242, 0.198, 0.196, 0.2, 0.218, 0.219, 0.247, 0.227, 0.228, 0.23, 0.213, 0.226, 0.209, 0.189, 0.232, 0.266, 0.33, 0.324, 0.327, 0.326, 0.302, 0.33, 0.339, 0.321, 0.324, 0.337, 0.357, 0.389, 0.389, 0.346, 0.371, 0.356, 0.367, 0.329, 0.31, 0.325, 0.304, 0.265, 0.258, 0.318, 0.295, 0.291, 0.364, 0.362, 0.36, 0.346, 0.324, 0.395, 0.464, 0.501, 0.582, 0.624, 0.515, 0.474, 0.442, 0.418, 0.457, 0.47, 0.472, 0.471, 0.523, 0.591, 0.577, 0.622, 0.556, 0.577, 0.505, 0.488, 0.484, 0.454, 0.458, 0.422, 0.464, 0.426, 0.426, 0.449, 0.454, 0.477, 0.461, 0.425, 0.418, 0.403, 0.395, 0.409, 0.4, 0.344, 0.346, 0.341, 0.337, 0.34, 0.346, 0.367, 0.375, 0.347, 0.28, 0.299, 0.302, 0.284, 0.266, 0.25, 0.251, 0.247, 0.269, 0.266, 0.285, 0.279, 0.252, 0.229, 0.209, 0.213, 0.236, 0.256, 0.243, 0.237, 0.248, 0.232, 0.219, 0.232, 0.225, 0.245, 0.211, 0.215, 0.169, 0.134, 0.134, 0.106, 0.096, 0.081, 0.079, 0.094, 0.073, 0.056, 0.056, 0.048, 0.042, 0.045, 0.036, 0.011, 0.02, 0.016, 0.018, 0.015, 0.043, 0.034, 0.014, 0.015, 0.004, 0.005, 0.005, 0.018, 0.018, 0.04, 0.032, 0.034, 0.028, 0.031, 0.023, 0.02, 0.027
precipitation[0][107], 0.154, 0.191, 0.207, 0.207, 0.171, 0.156, 0.146, 0.141, 0.137, 0.134, 0.139, 0.137, 0.145, 0.13, 0.149, 0.178, 0.212, 0.225, 0.265, 0.291, 0.313, 0.288, 0.258, 0.208, 0.201, 0.228, 0.233, 0.201, 0.209, 0.216, 0.233, 0.267, 0.232, 0.23, 0.229, 0.222, 0.226, 0.203, 0.225, 0.199, 0.247, 0.261, 0.318, 0.316, 0.336, 0.32, 0.336, 0.354, 0.338, 0.328, 0.326, 0.336, 0.364, 0.382, 0.367, 0.34, 0.371, 0.368, 0.318, 0.315, 0.3, 0.33, 0.289, 0.249, 0.243, 0.238, 0.267, 0.284, 0.301, 0.293, 0.33, 0.357, 0.346, 0.404, 0.466, 0.504, 0.602, 0.657, 0.555, 0.481, 0.423, 0.416, 0.481, 0.471, 0.496, 0.465, 0.446, 0.551, 0.529, 0.558, 0.532, 0.592, 0.489, 0.485, 0.442, 0.4, 0.406, 0.443, 0.505, 0.455, 0.463, 0.435, 0.442, 0.469, 0.423, 0.402, 0.4, 0.398, 0.43, 0.39, 0.424, 0.331, 0.344, 0.319, 0.342, 0.338, 0.336, 0.374, 0.397, 0.373, 0.312, 0.28, 0.304, 0.272, 0.267, 0.25, 0.257, 0.236, 0.259, 0.267, 0.288, 0.282, 0.269, 0.246, 0.217, 0.214, 0.213, 0.238, 0.243, 0.229, 0.224, 0.228, 0.253, 0.245, 0.254, 0.252, 0.232, 0.207, 0.166, 0.124, 0.138, 0.112, 0.095, 0.084, 0.082, 0.077, 0.061, 0.064, 0.06, 0.048, 0.041, 0.037, 0.017, 0.015, 0.014, 0.023, 0.019, 0.02, 0.04, 0.023, 0.016, 0.008, 0.006, 0.005, 0.005, 0.016, 0.016, 0.046, 0.032, 0.036, 0.03, 0.028, 0.029, 0.023, 0.039
precipitation[0][108], 0.141, 0.175, 0.171, 0.179, 0.16, 0.155, 0.144, 0.146, 0.136, 0.131, 0.15, 0.153, 0.149, 0.135, 0.154, 0.166, 0.194, 0.206, 0.229, 0.259, 0.283, 0.268, 0.26, 0.231, 0.223, 0.235, 0.243, 0.221, 0.221, 0.221, 0.267, 0.266, 0.245, 0.232, 0.238, 0.22, 0.211, 0.205, 0.225, 0.213, 0.244, 0.275, 0.304, 0.325, 0.334, 0.316, 0.31, 0.346, 0.358, 0.348, 0.343, 0.348, 0.356, 0.357, 0.367, 0.352, 0.396, 0.315, 0.326, 0.333, 0.3, 0.259, 0.243, 0.224, 0.232, 0.249, 0.272, 0.26, 0.264, 0.285, 0.293, 0.343, 0.355, 0.459, 0.444, 0.547, 0.558, 0.585, 0.569, 0.466, 0.419, 0.432, 0.49, 0.487, 0.46, 0.461, 0.472, 0.494, 0.485, 0.484, 0.463, 0.486, 0.448, 0.431, 0.374, 0.374, 0.394, 0.445, 0.484, 0.496, 0.488, 0.439, 0.422, 0.44, 0.401, 0.409, 0.374, 0.368, 0.381, 0.375, 0.475, 0.341, 0.361, 0.358, 0.329, 0.342, 0.358, 0.373, 0.374, 0.355, 0.319, 0.274, 0.257, 0.26, 0.249, 0.24, 0.252, 0.247, 0.24, 0.271, 0.29, 0.273, 0.241, 0.236, 0.228, 0.23, 0.207, 0.232, 0.254, 0.229, 0.222, 0.228, 0.243, 0.248, 0.269, 0.269, 0.233, 0.182, 0.153, 0.141, 0.143, 0.122, 0.093, 0.083, 0.084, 0.067, 0.061, 0.065, 0.055, 0.05, 0.045, 0.033, 0.017, 0.022, 0.009, 0.009, 0.013, 0.015, 0.017, 0.013, 0.01, 0.007, 0.007, 0.005, 0.008, 0.012, 0.014, 0.048, 0.035, 0.031, 0.027, 0.03, 0.028, 0.03, 0.038
precipitation[0][109], 0.13, 0.204, 0.184, 0.163, 0.154, 0.147, 0.155, 0.151, 0.155, 0.163, 0.161, 0.171, 0.16, 0.144, 0.142, 0.156, 0.181, 0.183, 0.2, 0.243, 0.27, 0.27, 0.229, 0.241, 0.287, 0.28, 0.267, 0.245, 0.256, 0.255, 0.26, 0.27, 0.257, 0.266, 0.234, 0.207, 0.198, 0.174, 0.202, 0.213, 0.239, 0.267, 0.308, 0.34, 0.33, 0.302, 0.304, 0.333, 0.34, 0.341, 0.341, 0.357, 0.374, 0.339, 0.322, 0.309, 0.395, 0.339, 0.294, 0.314, 0.298, 0.262, 0.254, 0.208, 0.225, 0.285, 0.304, 0.283, 0.28, 0.257, 0.258, 0.292, 0.35, 0.474, 0.444, 0.515, 0.578, 0.594, 0.565, 0.439, 0.395, 0.421, 0.483, 0.462, 0.432, 0.434, 0.436, 0.378, 0.409, 0.47, 0.462, 0.413, 0.403, 0.393, 0.362, 0.365, 0.462, 0.452, 0.49, 0.461, 0.482, 0.457, 0.431, 0.44, 0.396, 0.384, 0.372, 0.355, 0.354, 0.397, 0.425, 0.353, 0.392, 0.317, 0.302, 0.328, 0.343, 0.363, 0.363, 0.373, 0.32, 0.285, 0.258, 0.252, 0.246, 0.258, 0.267, 0.263, 0.253, 0.3, 0.26, 0.275, 0.241, 0.253, 0.249, 0.232, 0.214, 0.234, 0.242, 0.215, 0.204, 0.227, 0.226, 0.225, 0.263, 0.253, 0.232, 0.183, 0.157, 0.137, 0.127, 0.103, 0.105, 0.09, 0.084, 0.071, 0.061, 0.057, 0.057, 0.051, 0.042, 0.009, 0.006, 0.01, 0.008, 0.006, 0.009, 0.01, 0.012, 0.011, 0.008, 0.005, 0.006, 0.011, 0.012, 0.009, 0.011, 0.037, 0.032, 0.031, 0.022, 0.038, 0.039, 0.033, 0.04
precipitation[0][110], 0.129, 0.168, 0.157, 0.159, 0.16, 0.166, 0.176, 0.151, 0.149, 0.147, 0.158, 0.159, 0.166, 0.15, 0.145, 0.163, 0.171, 0.181, 0.21, 0.249, 0.279, 0.285, 0.238, 0.25, 0.293, 0.306, 0.305, 0.291, 0.284, 0.268, 0.273, 0.263, 0.266, 0.279, 0.254, 0.222, 0.213, 0.18, 0.202, 0.199, 0.237, 0.275, 0.313, 0.35, 0.362, 0.33, 0.337, 0.32, 0.308, 0.303, 0.311, 0.341, 0.338, 0.336, 0.304, 0.287, 0.351, 0.317, 0.303, 0.305, 0.337, 0.328, 0.259, 0.238, 0.261, 0.286, 0.32, 0.291, 0.32, 0.253, 0.25, 0.293, 0.321, 0.373, 0.451, 0.497, 0.528, 0.592, 0.566, 0.468, 0.407, 0.428, 0.436, 0.413, 0.462, 0.439, 0.398, 0.326, 0.351, 0.426, 0.397, 0.373, 0.387, 0.39, 0.317, 0.331, 0.352, 0.412, 0.458, 0.441, 0.509, 0.459, 0.402, 0.416, 0.384, 0.347, 0.349, 0.35, 0.324, 0.324, 0.318, 0.376, 0.369, 0.38, 0.335, 0.341, 0.351, 0.371, 0.354, 0.351, 0.305, 0.265, 0.239, 0.251, 0.239, 0.254, 0.264, 0.275, 0.264, 0.282, 0.252, 0.283, 0.293, 0.255, 0.271, 0.249, 0.239, 0.233, 0.218, 0.216, 0.199, 0.207, 0.212, 0.214, 0.244, 0.253, 0.205, 0.171, 0.149, 0.127, 0.117, 0.107, 0.098, 0.074, 0.072, 0.066, 0.063, 0.058, 0.055, 0.05, 0.035, 0.01, 0.007, 0.007, 0.01, 0.009, 0.01, 0.008, 0.011, 0.012, 0.008, 0.005, 0.006, 0.011, 0.011, 0.007, 0.01, 0.033, 0.029, 0.025, 0.019, 0.034, 0.058, 0.044, 0.039
precipitation[0][111], 0.12, 0.136, 0.143, 0.162, 0.17, 0.181, 0.175, 0.154, 0.147, 0.153, 0.17, 0.161, 0.169, 0.156, 0.168, 0.174, 0.198, 0.207, 0.219, 0.261, 0.273, 0.279, 0.233, 0.251, 0.285, 0.322, 0.332, 0.263, 0.302, 0.275, 0.283, 0.273, 0.309, 0.335, 0.322, 0.249, 0.238, 0.186, 0.197, 0.2, 0.255, 0.285, 0.372, 0.362, 0.391, 0.33, 0.325, 0.319, 0.298, 0.306, 0.329, 0.349, 0.354, 0.339, 0.337, 0.327, 0.338, 0.338, 0.37, 0.352, 0.387, 0.324, 0.289, 0.319, 0.326, 0.341, 0.345, 0.323, 0.326, 0.263, 0.257, 0.291, 0.311, 0.373, 0.479, 0.49, 0.558, 0.611, 0.639, 0.506, 0.429, 0.409, 0.457, 0.39, 0.442, 0.431, 0.393, 0.308, 0.346, 0.353, 0.35, 0.338, 0.358, 0.338, 0.327, 0.324, 0.325, 0.402, 0.476, 0.47, 0.462, 0.419, 0.386, 0.356, 0.361, 0.434, 0.379, 0.368, 0.326, 0.349, 0.358, 0.4, 0.406, 0.45, 0.408, 0.382, 0.364, 0.354, 0.335, 0.33, 0.315, 0.251, 0.245, 0.253, 0.257, 0.275, 0.283, 0.285, 0.285, 0.264, 0.249, 0.263, 0.284, 0.277, 0.286, 0.278, 0.243, 0.24, 0.226, 0.211, 0.197, 0.198, 0.19, 0.212, 0.242, 0.271, 0.198, 0.156, 0.13, 0.114, 0.139, 0.115, 0.088, 0.083, 0.07, 0.074, 0.059, 0.059, 0.051, 0.037, 0.004, 0.004, 0.005, 0.009, 0.011, 0.01, 0.007, 0.005, 0.012, 0.02, 0.009, 0.007, 0.007, 0.007, 0.006, 0.008, 0.011, 0.026, 0.026, 0.024, 0.02, 0.032, 0.051, 0.037, 0.039
precipitation[0][112], 0.128, 0.152, 0.146, 0.157, 0.16, 0.165, 0.17, 0.159, 0.153, 0.142, 0.174, 0.155, 0.16, 0.159, 0.173, 0.189, 0.201, 0.213, 0.243, 0.237, 0.252, 0.268, 0.227, 0.225, 0.27, 0.278, 0.269, 0.258, 0.279, 0.271, 0.273, 0.28, 0.293, 0.345, 0.351, 0.273, 0.256, 0.196, 0.213, 0.23, 0.27, 0.292, 0.358, 0.365, 0.355, 0.343, 0.325, 0.311, 0.301, 0.301, 0.331, 0.378, 0.358, 0.363, 0.336, 0.321, 0.334, 0.322, 0.306, 0.304, 0.346, 0.354, 0.368, 0.358, 0.343, 0.355, 0.369, 0.332, 0.32, 0.294, 0.283, 0.287, 0.322, 0.411, 0.5, 0.599, 0.576, 0.61, 0.598, 0.422, 0.41, 0.43, 0.419, 0.378, 0.399, 0.403, 0.341, 0.301, 0.327, 0.359, 0.359, 0.337, 0.322, 0.36, 0.335, 0.315, 0.357, 0.412, 0.378, 0.473, 0.462, 0.365, 0.337, 0.351, 0.447, 0.37, 0.393, 0.38, 0.367, 0.364, 0.326, 0.399, 0.44, 0.46, 0.415, 0.377, 0.374, 0.428, 0.331, 0.31, 0.271, 0.266, 0.263, 0.25, 0.279, 0.278, 0.345, 0.342, 0.282, 0.252, 0.243, 0.245, 0.242, 0.269, 0.274, 0.259, 0.238, 0.235, 0.212, 0.195, 0.182, 0.199, 0.208, 0.218, 0.225, 0.228, 0.187, 0.145, 0.125, 0.113, 0.111, 0.09, 0.073, 0.075, 0.072, 0.072, 0.068, 0.057, 0.045, 0.006, 0.002, 0.002, 0.006, 0.011, 0.01, 0.014, 0.009, 0.009, 0.019, 0.071, 0.009, 0.012, 0.008, 0.008, 0.007, 0.005, 0.009, 0.025, 0.024, 0.027, 0.024, 0.034, 0.036, 0.033, 0.036
precipitation[0][113], 0.133, 0.154, 0.153, 0.161, 0.167, 0.17, 0.164, 0.155, 0.156, 0.143, 0.152, 0.132, 0.149, 0.167, 0.167, 0.17, 0.209, 0.211, 0.223, 0.212, 0.203, 0.235, 0.208, 0.212, 0.21, 0.236, 0.26, 0.26, 0.253, 0.27, 0.264, 0.264, 0.259, 0.276, 0.313, 0.268, 0.263, 0.217, 0.217, 0.229, 0.257, 0.305, 0.342, 0.366, 0.36, 0.332, 0.309, 0.314, 0.299, 0.303, 0.298, 0.315, 0.34, 0.342, 0.353, 0.353, 0.335, 0.34, 0.298, 0.321, 0.324, 0.355, 0.416, 0.429, 0.452, 0.444, 0.494, 0.441, 0.367, 0.308, 0.29, 0.341, 0.358, 0.422, 0.49, 0.613, 0.617, 0.601, 0.558, 0.471, 0.442, 0.431, 0.437, 0.4, 0.418, 0.374, 0.341, 0.297, 0.332, 0.364, 0.389, 0.367, 0.336, 0.326, 0.317, 0.284, 0.293, 0.358, 0.352, 0.386, 0.409, 0.35, 0.334, 0.308, 0.35, 0.342, 0.341, 0.381, 0.353, 0.415, 0.406, 0.495, 0.434, 0.514, 0.443, 0.372, 0.385, 0.395, 0.367, 0.327, 0.291, 0.288, 0.28, 0.25, 0.288, 0.313, 0.361, 0.363, 0.326, 0.26, 0.257, 0.251, 0.246, 0.275, 0.292, 0.264, 0.239, 0.226, 0.207, 0.192, 0.206, 0.19, 0.194, 0.205, 0.207, 0.185, 0.154, 0.137, 0.13, 0.122, 0.118, 0.098, 0.075, 0.069, 0.093, 0.074, 0.057, 0.044, 0.016, 0.009, 0.004, 0.002, 0.004, 0.005, 0.011, 0.01, 0.008, 0.013, 0.058, 0.061, 0.008, 0.008, 0.009, 0.006, 0.007, 0.007, 0.01, 0.026, 0.024, 0.03, 0.027, 0.032, 0.035, 0.036, 0.036
precipitation[0][114], 0.142, 0.149, 0.152, 0.159, 0.158, 0.168, 0.182, 0.191, 0.17, 0.161, 0.167, 0.132, 0.142, 0.168, 0.171, 0.186, 0.212, 0.212, 0.226, 0.206, 0.203, 0.234, 0.206, 0.201, 0.187, 0.202, 0.233, 0.233, 0.258, 0.261, 0.263, 0.255, 0.272, 0.258, 0.268, 0.274, 0.243, 0.225, 0.225, 0.232, 0.254, 0.286, 0.348, 0.359, 0.364, 0.337, 0.331, 0.307, 0.315, 0.295, 0.304, 0.313, 0.355, 0.378, 0.366, 0.36, 0.349, 0.351, 0.336, 0.358, 0.346, 0.41, 0.454, 0.472, 0.44, 0.447, 0.534, 0.45, 0.34, 0.29, 0.305, 0.35, 0.355, 0.475, 0.486, 0.576, 0.707, 0.65, 0.624, 0.575, 0.461, 0.415, 0.417, 0.39, 0.367, 0.351, 0.312, 0.307, 0.362, 0.367, 0.397, 0.394, 0.322, 0.459, 0.467, 0.352, 0.327, 0.349, 0.359, 0.375, 0.384, 0.318, 0.295, 0.285, 0.334, 0.375, 0.347, 0.36, 0.358, 0.391, 0.443, 0.413, 0.47, 0.499, 0.424, 0.421, 0.415, 0.388, 0.38, 0.333, 0.309, 0.302, 0.286, 0.262, 0.3, 0.299, 0.346, 0.356, 0.312, 0.298, 0.304, 0.303, 0.303, 0.282, 0.333, 0.301, 0.264, 0.233, 0.209, 0.187, 0.204, 0.197, 0.234, 0.215, 0.21, 0.188, 0.134, 0.136, 0.118, 0.097, 0.101, 0.1, 0.067, 0.06, 0.064, 0.045, 0.017, 0.01, 0.008, 0.005, 0.003, 0.002, 0.002, 0.002, 0.004, 0.005, 0.005, 0.007, 0.019, 0.018, 0.005, 0.007, 0.008, 0.005, 0.006, 0.008, 0.012, 0.025, 0.024, 0.03, 0.025, 0.027, 0.035, 0.036, 0.042
precipitation[0][115], 0.183, 0.17, 0.172, 0.173, 0.197, 0.157, 0.164, 0.167, 0.174, 0.181, 0.255, 0.14, 0.155, 0.177, 0.175, 0.178, 0.195, 0.18, 0.207, 0.188, 0.196, 0.198, 0.188, 0.208, 0.185, 0.19, 0.205, 0.234, 0.252, 0.246, 0.254, 0.238, 0.254, 0.266, 0.253, 0.259, 0.232, 0.221, 0.22, 0.21, 0.244, 0.273, 0.363, 0.363, 0.337, 0.31, 0.341, 0.33, 0.356, 0.301, 0.305, 0.304, 0.359, 0.389, 0.383, 0.368, 0.369, 0.347, 0.358, 0.445, 0.379, 0.405, 0.444, 0.431, 0.492, 0.504, 0.494, 0.395, 0.364, 0.313, 0.305, 0.362, 0.392, 0.497, 0.483, 0.538, 0.582, 0.595, 0.618, 0.503, 0.467, 0.415, 0.381, 0.374, 0.373, 0.368, 0.317, 0.325, 0.35, 0.329, 0.348, 0.368, 0.386, 0.406, 0.402, 0.384, 0.346, 0.332, 0.333, 0.363, 0.341, 0.313, 0.298, 0.312, 0.315, 0.344, 0.338, 0.344, 0.395, 0.412, 0.393, 0.435, 0.472, 0.489, 0.444, 0.465, 0.433, 0.374, 0.366, 0.35, 0.334, 0.331, 0.313, 0.282, 0.293, 0.309, 0.343, 0.293, 0.29, 0.294, 0.326, 0.328, 0.329, 0.327, 0.371, 0.372, 0.284, 0.25, 0.206, 0.19, 0.221, 0.222, 0.239, 0.229, 0.197, 0.189, 0.165, 0.137, 0.119, 0.095, 0.09, 0.074, 0.059, 0.055, 0.031, 0.013, 0.01, 0.007, 0.006, 0.007, 0.004, 0.002, 0.002, 0.002, 0.004, 0.006, 0.007, 0.009, 0.013, 0.014, 0.005, 0.008, 0.01, 0.016, 0.009, 0.01, 0.017, 0.018, 0.016, 0.022, 0.023, 0.022, 0.031, 0.04, 0.046
precipitation[0][116], 0.161, 0.163, 0.161, 0.187, 0.144, 0.143, 0.162, 0.205, 0.24, 0.216, 0.224, 0.19, 0.185, 0.199, 0.205, 0.202, 0.204, 0.168, 0.176, 0.166, 0.17, 0.166, 0.175, 0.181, 0.191, 0.204, 0.213, 0.225, 0.245, 0.231, 0.22, 0.242, 0.244, 0.254, 0.259, 0.263, 0.259, 0.216, 0.198, 0.22, 0.239, 0.261, 0.314, 0.339, 0.36, 0.317, 0.34, 0.344, 0.366, 0.312, 0.331, 0.309, 0.345, 0.344, 0.346, 0.349, 0.376, 0.352, 0.362, 0.365, 0.41, 0.442, 0.45, 0.428, 0.483, 0.493, 0.498, 0.376, 0.363, 0.299, 0.297, 0.35, 0.372, 0.431, 0.465, 0.544, 0.51, 0.526, 0.568, 0.527, 0.53, 0.442, 0.419, 0.38, 0.379, 0.391, 0.332, 0.309, 0.314, 0.322, 0.388, 0.374, 0.39, 0.359, 0.438, 0.411, 0.33, 0.322, 0.318, 0.337, 0.331, 0.325, 0.308, 0.398, 0.341, 0.325, 0.363, 0.362, 0.379, 0.396, 0.414, 0.478, 0.511, 0.528, 0.488, 0.443, 0.447, 0.415, 0.395, 0.389, 0.358, 0.326, 0.322, 0.331, 0.299, 0.287, 0.292, 0.288, 0.29, 0.336, 0.355, 0.362, 0.361, 0.364, 0.366, 0.338, 0.304, 0.257, 0.207, 0.186, 0.221, 0.183, 0.281, 0.271, 0.21, 0.194, 0.167, 0.159, 0.142, 0.119, 0.092, 0.063, 0.042, 0.014, 0.018, 0.008, 0.008, 0.006, 0.009, 0.008, 0.006, 0.004, 0.004, 0.006, 0.006, 0.008, 0.007, 0.005, 0.007, 0.011, 0.007, 0.012, 0.009, 0.015, 0.008, 0.01, 0.016, 0.014, 0.017, 0.021, 0.02, 0.021, 0.029, 0.039, 0.048
precipitation[0][117], 0.17, 0.148, 0.167, 0.173, 0.15, 0.166, 0.181, 0.228, 0.243, 0.253, 0.234, 0.198, 0.194, 0.195, 0.192, 0.194, 0.201, 0.173, 0.172, 0.158, 0.159, 0.168, 0.183, 0.196, 0.203, 0.205, 0.204, 0.215, 0.228, 0.213, 0.217, 0.212, 0.219, 0.243, 0.251, 0.297, 0.256, 0.221, 0.204, 0.224, 0.251, 0.246, 0.335, 0.344, 0.38, 0.321, 0.334, 0.334, 0.359, 0.351, 0.364, 0.342, 0.367, 0.371, 0.348, 0.358, 0.376, 0.407, 0.388, 0.385, 0.434, 0.456, 0.424, 0.43, 0.474, 0.452, 0.453, 0.4, 0.339, 0.309, 0.272, 0.382, 0.379, 0.457, 0.433, 0.51, 0.497, 0.512, 0.562, 0.565, 0.54, 0.448, 0.42, 0.416, 0.427, 0.447, 0.395, 0.351, 0.332, 0.325, 0.332, 0.413, 0.47, 0.367, 0.468, 0.403, 0.347, 0.371, 0.313, 0.347, 0.328, 0.346, 0.324, 0.383, 0.363, 0.339, 0.344, 0.334, 0.378, 0.407, 0.433, 0.464, 0.506, 0.564, 0.508, 0.481, 0.441, 0.457, 0.412, 0.392, 0.38, 0.367, 0.339, 0.342, 0.315, 0.316, 0.269, 0.27, 0.3, 0.319, 0.356, 0.391, 0.387, 0.366, 0.38, 0.355, 0.297, 0.259, 0.222, 0.207, 0.22, 0.183, 0.25, 0.193, 0.163, 0.194, 0.172, 0.175, 0.165, 0.124, 0.101, 0.073, 0.041, 0.012, 0.007, 0.002, 0.006, 0.006, 0.011, 0.004, 0.006, 0.005, 0.005, 0.008, 0.014, 0.011, 0.005, 0.006, 0.007, 0.009, 0.01, 0.01, 0.007, 0.006, 0.009, 0.013, 0.011, 0.012, 0.015, 0.02, 0.017, 0.021, 0.03, 0.05, 0.059
precipitation[0][118], 0.143, 0.172, 0.172, 0.17, 0.16, 0.161, 0.175, 0.233, 0.282, 0.223, 0.25, 0.214, 0.191, 0.189, 0.199, 0.182, 0.201, 0.194, 0.188, 0.163, 0.164, 0.172, 0.222, 0.217, 0.219, 0.22, 0.206, 0.209, 0.203, 0.202, 0.221, 0.213, 0.211, 0.226, 0.247, 0.287, 0.274, 0.247, 0.229, 0.246, 0.298, 0.295, 0.308, 0.333, 0.305, 0.326, 0.34, 0.344, 0.36, 0.34, 0.34, 0.361, 0.378, 0.355, 0.356, 0.332, 0.317, 0.371, 0.355, 0.363, 0.445, 0.471, 0.448, 0.448, 0.467, 0.437, 0.464, 0.39, 0.329, 0.311, 0.301, 0.297, 0.374, 0.431, 0.459, 0.449, 0.455, 0.509, 0.56, 0.585, 0.565, 0.47, 0.455, 0.452, 0.45, 0.42, 0.384, 0.343, 0.376, 0.368, 0.348, 0.415, 0.462, 0.425, 0.427, 0.372, 0.383, 0.365, 0.334, 0.355, 0.35, 0.344, 0.352, 0.344, 0.344, 0.372, 0.368, 0.342, 0.377, 0.384, 0.438, 0.49, 0.555, 0.563, 0.563, 0.48, 0.425, 0.421, 0.416, 0.372, 0.381, 0.363, 0.351, 0.331, 0.316, 0.339, 0.286, 0.282, 0.279, 0.317, 0.345, 0.359, 0.376, 0.347, 0.359, 0.335, 0.276, 0.246, 0.237, 0.211, 0.203, 0.212, 0.216, 0.168, 0.136, 0.173, 0.146, 0.136, 0.147, 0.136, 0.123, 0.076, 0.04, 0.013, 0.007, 0.004, 0.005, 0.008, 0.01, 0.006, 0.006, 0.006, 0.005, 0.01, 0.014, 0.011, 0.009, 0.005, 0.006, 0.006, 0.004, 0.006, 0.012, 0.007, 0.011, 0.014, 0.012, 0.01, 0.013, 0.017, 0.024, 0.033, 0.042, 0.049, 0.06
precipitation[0][119], 0.165, 0.195, 0.184, 0.171, 0.153, 0.149, 0.164, 0.216, 0.239, 0.239, 0.279, 0.277, 0.203, 0.179, 0.186, 0.173, 0.184, 0.179, 0.183, 0.172, 0.184, 0.191, 0.218, 0.247, 0.215, 0.201, 0.206, 0.195, 0.191, 0.193, 0.218, 0.203, 0.203, 0.222, 0.244, 0.272, 0.259, 0.249, 0.244, 0.274, 0.322, 0.334, 0.307, 0.317, 0.315, 0.331, 0.283, 0.294, 0.311, 0.339, 0.397, 0.345, 0.374, 0.333, 0.312, 0.326, 0.324, 0.374, 0.355, 0.369, 0.472, 0.474, 0.473, 0.464, 0.463, 0.47, 0.426, 0.355, 0.333, 0.346, 0.314, 0.32, 0.375, 0.46, 0.453, 0.451, 0.46, 0.532, 0.567, 0.589, 0.562, 0.507, 0.483, 0.447, 0.449, 0.406, 0.393, 0.349, 0.385, 0.381, 0.37, 0.478, 0.51, 0.485, 0.472, 0.465, 0.38, 0.352, 0.352, 0.386, 0.374, 0.376, 0.38, 0.364, 0.404, 0.431, 0.434, 0.408, 0.386, 0.407, 0.477, 0.505, 0.52, 0.574, 0.507, 0.459, 0.423, 0.37, 0.396, 0.406, 0.362, 0.367, 0.367, 0.363, 0.35, 0.316, 0.292, 0.311, 0.302, 0.33, 0.333, 0.381, 0.336, 0.332, 0.362, 0.314, 0.241, 0.226, 0.2, 0.202, 0.216, 0.231, 0.213, 0.191, 0.136, 0.156, 0.148, 0.105, 0.121, 0.135, 0.123, 0.091, 0.044, 0.016, 0.01, 0.007, 0.006, 0.008, 0.006, 0.007, 0.006, 0.005, 0.007, 0.008, 0.009, 0.008, 0.006, 0.007, 0.007, 0.007, 0.004, 0.005, 0.013, 0.008, 0.013, 0.014, 0.013, 0.012, 0.016, 0.022, 0.027, 0.039, 0.049, 0.06, 0.069
precipitation[0][120], 0.158, 0.215, 0.198, 0.176, 0.155, 0.141, 0.177, 0.192, 0.213, 0.238, 0.278, 0.258, 0.206, 0.188, 0.2, 0.21, 0.191, 0.183, 0.173, 0.173, 0.179, 0.206, 0.19, 0.223, 0.205, 0.211, 0.177, 0.186, 0.189, 0.204, 0.227, 0.2, 0.194, 0.209, 0.24, 0.255, 0.255, 0.242, 0.264, 0.288, 0.33, 0.335, 0.35, 0.365, 0.317, 0.319, 0.288, 0.261, 0.27, 0.303, 0.325, 0.321, 0.368, 0.331, 0.346, 0.308, 0.355, 0.361, 0.35, 0.376, 0.458, 0.533, 0.569, 0.497, 0.418, 0.427, 0.402, 0.355, 0.359, 0.356, 0.335, 0.315, 0.405, 0.427, 0.451, 0.442, 0.448, 0.506, 0.585, 0.62, 0.558, 0.514, 0.471, 0.458, 0.472, 0.426, 0.387, 0.361, 0.386, 0.398, 0.416, 0.527, 0.476, 0.52, 0.669, 0.598, 0.476, 0.362, 0.359, 0.387, 0.355, 0.37, 0.375, 0.416, 0.37, 0.375, 0.405, 0.407, 0.426, 0.416, 0.458, 0.543, 0.556, 0.535, 0.47, 0.432, 0.388, 0.356, 0.317, 0.356, 0.366, 0.384, 0.416, 0.404, 0.368, 0.315, 0.315, 0.319, 0.341, 0.295, 0.306, 0.333, 0.319, 0.328, 0.337, 0.318, 0.233, 0.198, 0.178, 0.182, 0.199, 0.214, 0.215, 0.189, 0.14, 0.17, 0.148, 0.1, 0.103, 0.115, 0.107, 0.101, 0.06, 0.021, 0.014, 0.01, 0.009, 0.01, 0.007, 0.006, 0.008, 0.008, 0.01, 0.009, 0.011, 0.009, 0.004, 0.006, 0.006, 0.006, 0.004, 0.005, 0.01, 0.007, 0.013, 0.015, 0.013, 0.013, 0.016, 0.02, 0.022, 0.035, 0.047, 0.059, 0.075
precipitation[0][121], 0.156, 0.227, 0.215, 0.188, 0.165, 0.16, 0.19, 0.177, 0.209, 0.213, 0.25, 0.219, 0.205, 0.223, 0.231, 0.23, 0.207, 0.188, 0.182, 0.178, 0.196, 0.205, 0.264, 0.22, 0.206, 0.186, 0.168, 0.179, 0.193, 0.206, 0.234, 0.212, 0.193, 0.196, 0.238, 0.239, 0.258, 0.26, 0.273, 0.3, 0.326, 0.31, 0.352, 0.366, 0.291, 0.269, 0.296, 0.263, 0.284, 0.311, 0.32, 0.31, 0.332, 0.319, 0.345, 0.328, 0.364, 0.371, 0.418, 0.426, 0.425, 0.548, 0.577, 0.538, 0.462, 0.369, 0.344, 0.346, 0.362, 0.368, 0.346, 0.358, 0.45, 0.502, 0.504, 0.464, 0.438, 0.506, 0.624, 0.757, 0.627, 0.563, 0.473, 0.482, 0.483, 0.458, 0.424, 0.372, 0.368, 0.391, 0.437, 0.5, 0.554, 0.55, 0.597, 0.542, 0.517, 0.466, 0.435, 0.422, 0.387, 0.465, 0.33, 0.355, 0.375, 0.395, 0.394, 0.417, 0.449, 0.443, 0.468, 0.529, 0.569, 0.531, 0.426, 0.385, 0.362, 0.344, 0.311, 0.341, 0.407, 0.444, 0.469, 0.448, 0.399, 0.324, 0.315, 0.329, 0.342, 0.287, 0.295, 0.311, 0.318, 0.343, 0.313, 0.293, 0.277, 0.206, 0.194, 0.18, 0.173, 0.186, 0.2, 0.186, 0.144, 0.157, 0.157, 0.107, 0.099, 0.093, 0.111, 0.092, 0.057, 0.024, 0.014, 0.01, 0.009, 0.011, 0.006, 0.006, 0.035, 0.027, 0.017, 0.013, 0.008, 0.006, 0.005, 0.007, 0.006, 0.006, 0.004, 0.005, 0.012, 0.01, 0.022, 0.023, 0.017, 0.013, 0.014, 0.019, 0.025, 0.036, 0.044, 0.072, 0.094
precipitation[0][122], 0.203, 0.221, 0.224, 0.206, 0.21, 0.199, 0.193, 0.197, 0.194, 0.188, 0.216, 0.196, 0.216, 0.243, 0.265, 0.237, 0.217, 0.206, 0.181, 0.17, 0.192, 0.212, 0.225, 0.268, 0.246, 0.206, 0.188, 0.194, 0.209, 0.216, 0.236, 0.202, 0.198, 0.198, 0.218, 0.232, 0.269, 0.273, 0.285, 0.301, 0.307, 0.34, 0.35, 0.334, 0.286, 0.327, 0.277, 0.293, 0.268, 0.33, 0.315, 0.329, 0.348, 0.346, 0.347, 0.402, 0.397, 0.415, 0.375, 0.433, 0.426, 0.432, 0.538, 0.486, 0.433, 0.383, 0.36, 0.31, 0.331, 0.358, 0.363, 0.41, 0.44, 0.47, 0.503, 0.464, 0.509, 0.5, 0.663, 0.708, 0.622, 0.557, 0.517, 0.492, 0.504, 0.427, 0.423, 0.392, 0.371, 0.401, 0.437, 0.473, 0.415, 0.457, 0.49, 0.431, 0.426, 0.48, 0.457, 0.471, 0.491, 0.449, 0.368, 0.324, 0.398, 0.412, 0.423, 0.447, 0.466, 0.5, 0.535, 0.523, 0.522, 0.475, 0.402, 0.352, 0.355, 0.32, 0.311, 0.366, 0.432, 0.463, 0.527, 0.47, 0.457, 0.346, 0.318, 0.318, 0.325, 0.31, 0.286, 0.289, 0.309, 0.299, 0.328, 0.298, 0.285, 0.26, 0.213, 0.176, 0.182, 0.188, 0.187, 0.208, 0.185, 0.169, 0.147, 0.107, 0.113, 0.106, 0.098, 0.083, 0.074, 0.049, 0.027, 0.012, 0.008, 0.008, 0.005, 0.005, 0.057, 0.015, 0.02, 0.016, 0.011, 0.006, 0.005, 0.005, 0.005, 0.006, 0.005, 0.007, 0.013, 0.016, 0.025, 0.024, 0.017, 0.014, 0.017, 0.02, 0.025, 0.035, 0.049, 0.085, 0.125
precipitation[0][123], 0.192, 0.195, 0.214, 0.248, 0.25, 0.251, 0.214, 0.193, 0.184, 0.168, 0.183, 0.178, 0.196, 0.222, 0.237, 0.245, 0.231, 0.234, 0.203, 0.193, 0.205, 0.247, 0.233, 0.206, 0.174, 0.171, 0.203, 0.219, 0.23, 0.231, 0.221, 0.197, 0.207, 0.213, 0.227, 0.261, 0.3, 0.282, 0.3, 0.291, 0.285, 0.304, 0.339, 0.317, 0.301, 0.303, 0.273, 0.271, 0.267, 0.334, 0.323, 0.357, 0.342, 0.347, 0.321, 0.362, 0.389, 0.45, 0.418, 0.402, 0.335, 0.369, 0.444, 0.479, 0.384, 0.372, 0.344, 0.352, 0.337, 0.355, 0.385, 0.463, 0.483, 0.529, 0.581, 0.535, 0.592, 0.53, 0.616, 0.677, 0.613, 0.53, 0.542, 0.524, 0.479, 0.417, 0.406, 0.393, 0.413, 0.388, 0.458, 0.471, 0.423, 0.376, 0.47, 0.414, 0.556, 0.536, 0.466, 0.508, 0.524, 0.486, 0.412, 0.39, 0.462, 0.484, 0.458, 0.463, 0.497, 0.483, 0.564, 0.543, 0.527, 0.452, 0.412, 0.357, 0.355, 0.324, 0.333, 0.423, 0.511, 0.543, 0.549, 0.54, 0.491, 0.401, 0.337, 0.335, 0.341, 0.328, 0.336, 0.33, 0.316, 0.319, 0.294, 0.306, 0.292, 0.25, 0.213, 0.193, 0.192, 0.206, 0.222, 0.21, 0.182, 0.17, 0.132, 0.115, 0.116, 0.095, 0.117, 0.084, 0.07, 0.052, 0.026, 0.011, 0.009, 0.007, 0.006, 0.005, 0.123, 0.027, 0.024, 0.012, 0.013, 0.006, 0.004, 0.009, 0.007, 0.006, 0.006, 0.009, 0.016, 0.017, 0.024, 0.022, 0.018, 0.013, 0.016, 0.025, 0.027, 0.033, 0.048, 0.104, 0.122
precipitation[0][124], 0.245, 0.233, 0.218, 0.24, 0.263, 0.274, 0.275, 0.209, 0.19, 0.176, 0.168, 0.156, 0.181, 0.195, 0.201, 0.212, 0.241, 0.217, 0.22, 0.215, 0.217, 0.252, 0.258, 0.217, 0.191, 0.193, 0.202, 0.209, 0.243, 0.217, 0.216, 0.204, 0.206, 0.206, 0.223, 0.245, 0.291, 0.293, 0.309, 0.303, 0.296, 0.304, 0.311, 0.344, 0.269, 0.288, 0.315, 0.292, 0.313, 0.369, 0.33, 0.345, 0.358, 0.361, 0.326, 0.366, 0.342, 0.367, 0.393, 0.364, 0.343, 0.365, 0.378, 0.433, 0.437, 0.357, 0.354, 0.372, 0.342, 0.336, 0.357, 0.4, 0.519, 0.644, 0.642, 0.592, 0.65, 0.58, 0.567, 0.584, 0.531, 0.481, 0.503, 0.488, 0.432, 0.48, 0.422, 0.369, 0.418, 0.429, 0.472, 0.49, 0.466, 0.367, 0.452, 0.478, 0.472, 0.538, 0.466, 0.473, 0.476, 0.461, 0.435, 0.439, 0.496, 0.483, 0.529, 0.456, 0.512, 0.49, 0.513, 0.526, 0.514, 0.456, 0.418, 0.379, 0.342, 0.348, 0.376, 0.462, 0.588, 0.805, 0.706, 0.579, 0.499, 0.386, 0.334, 0.34, 0.347, 0.344, 0.364, 0.342, 0.316, 0.29, 0.282, 0.291, 0.277, 0.246, 0.235, 0.208, 0.241, 0.217, 0.221, 0.207, 0.187, 0.192, 0.147, 0.14, 0.127, 0.115, 0.106, 0.139, 0.082, 0.062, 0.026, 0.016, 0.011, 0.008, 0.006, 0.005, 0.016, 0.011, 0.027, 0.01, 0.016, 0.007, 0.005, 0.009, 0.008, 0.005, 0.007, 0.013, 0.017, 0.021, 0.024, 0.018, 0.014, 0.013, 0.019, 0.022, 0.025, 0.029, 0.047, 0.094, 0.115
precipitation[0][125], 0.234, 0.274, 0.224, 0.256, 0.272, 0.272, 0.259, 0.207, 0.191, 0.166, 0.167, 0.149, 0.159, 0.167, 0.187, 0.209, 0.232, 0.239, 0.235, 0.268, 0.232, 0.211, 0.207, 0.218, 0.203, 0.212, 0.25, 0.227, 0.247, 0.227, 0.201, 0.197, 0.215, 0.205, 0.221, 0.234, 0.28, 0.272, 0.286, 0.306, 0.29, 0.297, 0.324, 0.37, 0.313, 0.34, 0.318, 0.323, 0.294, 0.313, 0.329, 0.328, 0.322, 0.335, 0.341, 0.346, 0.319, 0.354, 0.41, 0.362, 0.321, 0.319, 0.375, 0.392, 0.393, 0.401, 0.396, 0.393, 0.365, 0.357, 0.37, 0.426, 0.493, 0.557, 0.589, 0.588, 0.598, 0.705, 0.567, 0.578, 0.509, 0.482, 0.397, 0.393, 0.502, 0.391, 0.407, 0.403, 0.445, 0.427, 0.406, 0.437, 0.424, 0.366, 0.382, 0.409, 0.486, 0.445, 0.46, 0.406, 0.438, 0.412, 0.408, 0.404, 0.444, 0.539, 0.483, 0.471, 0.524, 0.52, 0.521, 0.55, 0.511, 0.474, 0.474, 0.414, 0.401, 0.394, 0.454, 0.517, 0.701, 0.814, 0.712, 0.638, 0.512, 0.429, 0.359, 0.369, 0.409, 0.377, 0.362, 0.362, 0.311, 0.279, 0.268, 0.284, 0.269, 0.226, 0.25, 0.231, 0.239, 0.219, 0.239, 0.25, 0.234, 0.199, 0.158, 0.17, 0.143, 0.088, 0.124, 0.112, 0.08, 0.063, 0.211, 0.012, 0.01, 0.007, 0.006, 0.016, 0.015, 0.011, 0.019, 0.016, 0.011, 0.007, 0.004, 0.008, 0.009, 0.006, 0.007, 0.012, 0.019, 0.029, 0.027, 0.018, 0.015, 0.016, 0.039, 0.041, 0.041, 0.034, 0.041, 0.074, 0.105
precipitation[0][126], 0.181, 0.256, 0.246, 0.209, 0.272, 0.283, 0.37, 0.264, 0.23, 0.16, 0.137, 0.131, 0.155, 0.195, 0.186, 0.204, 0.227, 0.239, 0.228, 0.213, 0.197, 0.196, 0.199, 0.219, 0.212, 0.196, 0.241, 0.274, 0.223, 0.205, 0.201, 0.182, 0.184, 0.197, 0.206, 0.224, 0.251, 0.253, 0.245, 0.253, 0.311, 0.31, 0.338, 0.368, 0.35, 0.37, 0.333, 0.333, 0.326, 0.332, 0.313, 0.364, 0.313, 0.329, 0.369, 0.371, 0.369, 0.373, 0.372, 0.402, 0.429, 0.363, 0.378, 0.377, 0.383, 0.354, 0.394, 0.396, 0.366, 0.325, 0.372, 0.42, 0.462, 0.504, 0.624, 0.617, 0.646, 0.661, 0.627, 0.552, 0.555, 0.501, 0.444, 0.393, 0.377, 0.409, 0.409, 0.445, 0.433, 0.48, 0.455, 0.433, 0.382, 0.364, 0.421, 0.445, 0.518, 0.394, 0.364, 0.402, 0.384, 0.37, 0.425, 0.481, 0.494, 0.558, 0.538, 0.491, 0.568, 0.617, 0.599, 0.535, 0.513, 0.458, 0.432, 0.429, 0.43, 0.429, 0.479, 0.553, 0.756, 0.92, 0.852, 0.705, 0.532, 0.436, 0.395, 0.36, 0.336, 0.368, 0.343, 0.367, 0.298, 0.26, 0.226, 0.209, 0.225, 0.264, 0.258, 0.229, 0.26, 0.228, 0.238, 0.247, 0.214, 0.197, 0.187, 0.236, 0.147, 0.091, 0.103, 0.112, 0.086, 0.063, 0.015, 0.01, 0.008, 0.007, 0.009, 0.015, 0.017, 0.002, 0.007, 0.014, 0.012, 0.01, 0.004, 0.007, 0.007, 0.006, 0.007, 0.011, 0.026, 0.029, 0.028, 0.02, 0.018, 0.022, 0.049, 0.05, 0.043, 0.03, 0.043, 0.07, 0.099
precipitation[0][127], 0.159, 0.167, 0.185, 0.205, 0.259, 0.247, 0.327, 0.317, 0.204, 0.171, 0.147, 0.137, 0.166, 0.174, 0.18, 0.193, 0.221, 0.237, 0.223, 0.215, 0.185, 0.186, 0.203, 0.199, 0.188, 0.183, 0.222, 0.24, 0.221, 0.206, 0.192, 0.192, 0.198, 0.203, 0.213, 0.225, 0.246, 0.274, 0.265, 0.243, 0.264, 0.301, 0.322, 0.359, 0.369, 0.351, 0.34, 0.347, 0.288, 0.318, 0.307, 0.36, 0.327, 0.406, 0.409, 0.456, 0.431, 0.405, 0.381, 0.368, 0.41, 0.439, 0.376, 0.336, 0.35, 0.339, 0.405, 0.462, 0.382, 0.364, 0.406, 0.43, 0.449, 0.455, 0.564, 0.611, 0.602, 0.669, 0.638, 0.553, 0.537, 0.534, 0.478, 0.419, 0.396, 0.408, 0.434, 0.466, 0.492, 0.552, 0.532, 0.475, 0.442, 0.397, 0.417, 0.484, 0.421, 0.372, 0.351, 0.41, 0.368, 0.355, 0.363, 0.467, 0.459, 0.499, 0.502, 0.55, 0.646, 0.583, 0.523, 0.471, 0.436, 0.425, 0.406, 0.405, 0.415, 0.441, 0.468, 0.635, 0.773, 1.015, 0.991, 0.835, 0.587, 0.44, 0.416, 0.34, 0.337, 0.37, 0.367, 0.367, 0.275, 0.236, 0.203, 0.162, 0.191, 0.208, 0.245, 0.224, 0.256, 0.238, 0.268, 0.244, 0.211, 0.197, 0.176, 0.151, 0.125, 0.097, 0.091, 0.136, 0.11, 0.074, 0.015, 0.013, 0.01, 0.008, 0.011, 0.018, 0.014, 0.004, 0.007, 0.009, 0.01, 0.009, 0.004, 0.004, 0.006, 0.004, 0.007, 0.014, 0.027, 0.029, 0.032, 0.021, 0.023, 0.028, 0.069, 0.062, 0.056, 0.037, 0.053, 0.084, 0.098
precipitation[0][128], 0.147, 0.147, 0.163, 0.198, 0.207, 0.228, 0.245, 0.227, 0.23, 0.169, 0.154, 0.155, 0.158, 0.178, 0.197, 0.194, 0.226, 0.246, 0.245, 0.23, 0.206, 0.186, 0.207, 0.22, 0.184, 0.168, 0.193, 0.226, 0.214, 0.188, 0.189, 0.174, 0.192, 0.182, 0.205, 0.21, 0.261, 0.273, 0.27, 0.235, 0.266, 0.268, 0.31, 0.3, 0.289, 0.336, 0.314, 0.283, 0.329, 0.341, 0.332, 0.303, 0.306, 0.401, 0.467, 0.495, 0.477, 0.486, 0.466, 0.411, 0.401, 0.438, 0.377, 0.344, 0.386, 0.384, 0.409, 0.405, 0.433, 0.383, 0.426, 0.5, 0.563, 0.618, 0.567, 0.636, 0.582, 0.587, 0.576, 0.558, 0.56, 0.535, 0.454, 0.387, 0.422, 0.41, 0.459, 0.437, 0.559, 0.562, 0.532, 0.519, 0.491, 0.529, 0.527, 0.487, 0.415, 0.354, 0.354, 0.377, 0.402, 0.38, 0.363, 0.38, 0.406, 0.382, 0.413, 0.461, 0.532, 0.502, 0.441, 0.401, 0.415, 0.416, 0.406, 0.477, 0.43, 0.435, 0.477, 0.666, 0.781, 0.959, 1.059, 0.966, 0.684, 0.52, 0.486, 0.359, 0.32, 0.355, 0.346, 0.357, 0.245, 0.227, 0.175, 0.146, 0.173, 0.188, 0.204, 0.216, 0.235, 0.201, 0.229, 0.254, 0.211, 0.2, 0.193, 0.199, 0.153, 0.108, 0.106, 0.135, 0.122, 0.072, 0.02, 0.017, 0.014, 0.012, 0.01, 0.01, 0.008, 0.005, 0.009, 0.014, 0.012, 0.011, 0.005, 0.004, 0.005, 0.004, 0.006, 0.009, 0.02, 0.026, 0.03, 0.024, 0.03, 0.031, 0.071, 0.059, 0.052, 0.043, 0.062, 0.078, 0.099
precipitation[0][129], 0.146, 0.139, 0.136, 0.19, 0.226, 0.226, 0.223, 0.225, 0.183, 0.166, 0.161, 0.156, 0.159, 0.165, 0.205, 0.216, 0.223, 0.239, 0.234, 0.261, 0.23, 0.207, 0.234, 0.221, 0.189, 0.204, 0.179, 0.212, 0.213, 0.199, 0.205, 0.179, 0.191, 0.184, 0.218, 0.238, 0.267, 0.274, 0.26, 0.253, 0.287, 0.3, 0.327, 0.313, 0.339, 0.365, 0.382, 0.34, 0.337, 0.386, 0.363, 0.308, 0.326, 0.412, 0.458, 0.454, 0.49, 0.526, 0.467, 0.501, 0.386, 0.44, 0.451, 0.417, 0.458, 0.509, 0.524, 0.526, 0.607, 0.513, 0.476, 0.493, 0.491, 0.628, 0.488, 0.587, 0.589, 0.635, 0.616, 0.604, 0.578, 0.491, 0.452, 0.443, 0.441, 0.442, 0.52, 0.549, 0.622, 0.598, 0.535, 0.606, 0.606, 0.526, 0.557, 0.497, 0.4, 0.33, 0.361, 0.387, 0.42, 0.394, 0.336, 0.376, 0.399, 0.376, 0.397, 0.426, 0.474, 0.444, 0.449, 0.365, 0.375, 0.38, 0.41, 0.43, 0.441, 0.461, 0.495, 0.6, 0.704, 0.85, 1.001, 1.025, 0.904, 0.757, 0.534, 0.394, 0.355, 0.352, 0.368, 0.335, 0.247, 0.238, 0.17, 0.164, 0.153, 0.161, 0.182, 0.2, 0.217, 0.201, 0.212, 0.208, 0.245, 0.186, 0.179, 0.168, 0.16, 0.116, 0.123, 0.14, 0.153, 0.092, 0.062, 0.032, 0.018, 0.011, 0.016, 0.008, 0.007, 0.013, 0.022, 0.032, 0.013, 0.012, 0.008, 0.008, 0.01, 0.009, 0.007, 0.016, 0.019, 0.02, 0.023, 0.021, 0.039, 0.037, 0.078, 0.064, 0.058, 0.053, 0.063, 0.077, 0.097
precipitation[0][130], 0.142, 0.148, 0.152, 0.169, 0.185, 0.174, 0.184, 0.201, 0.187, 0.169, 0.155, 0.19, 0.184, 0.169, 0.195, 0.218, 0.228, 0.266, 0.261, 0.252, 0.231, 0.197, 0.212, 0.212, 0.183, 0.199, 0.177, 0.209, 0.227, 0.202, 0.195, 0.188, 0.206, 0.194, 0.21, 0.215, 0.244, 0.26, 0.262, 0.246, 0.311, 0.329, 0.385, 0.402, 0.38, 0.359, 0.383, 0.354, 0.324, 0.373, 0.383, 0.34, 0.394, 0.397, 0.395, 0.383, 0.411, 0.467, 0.469, 0.483, 0.456, 0.478, 0.502, 0.519, 0.51, 0.511, 0.501, 0.497, 0.493, 0.534, 0.508, 0.489, 0.497, 0.554, 0.532, 0.55, 0.615, 0.619, 0.59, 0.562, 0.559, 0.486, 0.439, 0.413, 0.484, 0.465, 0.482, 0.524, 0.56, 0.592, 0.506, 0.553, 0.596, 0.66, 0.593, 0.458, 0.374, 0.321, 0.329, 0.383, 0.441, 0.402, 0.337, 0.345, 0.368, 0.323, 0.332, 0.407, 0.421, 0.437, 0.37, 0.354, 0.342, 0.384, 0.43, 0.426, 0.433, 0.463, 0.469, 0.574, 0.638, 0.753, 0.927, 1.056, 0.996, 0.806, 0.574, 0.416, 0.362, 0.35, 0.323, 0.299, 0.251, 0.212, 0.158, 0.158, 0.146, 0.163, 0.176, 0.181, 0.201, 0.206, 0.186, 0.166, 0.135, 0.172, 0.159, 0.136, 0.134, 0.133, 0.125, 0.143, 0.169, 0.117, 0.069, 0.03, 0.019, 0.016, 0.014, 0.01, 0.01, 0.017, 0.02, 0.011, 0.012, 0.01, 0.007, 0.012, 0.012, 0.009, 0.012, 0.015, 0.02, 0.017, 0.016, 0.018, 0.037, 0.035, 0.056, 0.061, 0.059, 0.071, 0.076, 0.077, 0.095
precipitation[0][131], 0.151, 0.143, 0.143, 0.173, 0.172, 0.185, 0.189, 0.216, 0.215, 0.207, 0.181, 0.188, 0.187, 0.177, 0.202, 0.225, 0.266, 0.286, 0.284, 0.265, 0.258, 0.239, 0.22, 0.202, 0.194, 0.223, 0.208, 0.209, 0.205, 0.204, 0.194, 0.195, 0.205, 0.21, 0.221, 0.234, 0.244, 0.252, 0.261, 0.281, 0.302, 0.331, 0.381, 0.374, 0.345, 0.355, 0.436, 0.374, 0.358, 0.406, 0.414, 0.384, 0.341, 0.386, 0.38, 0.385, 0.346, 0.419, 0.438, 0.448, 0.507, 0.525, 0.508, 0.499, 0.494, 0.585, 0.575, 0.448, 0.485, 0.56, 0.57, 0.618, 0.49, 0.505, 0.495, 0.534, 0.609, 0.613, 0.562, 0.525, 0.579, 0.462, 0.449, 0.422, 0.423, 0.462, 0.439, 0.464, 0.516, 0.601, 0.565, 0.616, 0.635, 0.574, 0.524, 0.514, 0.334, 0.35, 0.316, 0.377, 0.393, 0.406, 0.343, 0.344, 0.327, 0.302, 0.331, 0.352, 0.378, 0.439, 0.394, 0.372, 0.358, 0.424, 0.458, 0.428, 0.55, 0.457, 0.465, 0.526, 0.505, 0.565, 0.762, 0.878, 0.86, 0.661, 0.483, 0.419, 0.365, 0.344, 0.302, 0.295, 0.222, 0.188, 0.153, 0.151, 0.161, 0.162, 0.168, 0.178, 0.195, 0.187, 0.182, 0.189, 0.137, 0.148, 0.16, 0.154, 0.141, 0.142, 0.146, 0.149, 0.178, 0.126, 0.075, 0.045, 0.024, 0.036, 0.016, 0.013, 0.012, 0.014, 0.016, 0.01, 0.012, 0.012, 0.015, 0.013, 0.01, 0.013, 0.016, 0.016, 0.017, 0.024, 0.022, 0.027, 0.034, 0.04, 0.056, 0.066, 0.081, 0.102, 0.085, 0.088, 0.104
precipitation[0][132], 0.167, 0.15, 0.157, 0.171, 0.169, 0.181, 0.201, 0.197, 0.213, 0.212, 0.197, 0.206, 0.201, 0.214, 0.266, 0.306, 0.313, 0.327, 0.308, 0.298, 0.276, 0.259, 0.226, 0.198, 0.201, 0.23, 0.225, 0.207, 0.21, 0.209, 0.206, 0.203, 0.208, 0.21, 0.211, 0.237, 0.248, 0.281, 0.278, 0.278, 0.303, 0.312, 0.34, 0.341, 0.308, 0.32, 0.382, 0.395, 0.395, 0.416, 0.481, 0.479, 0.346, 0.334, 0.305, 0.33, 0.346, 0.373, 0.415, 0.489, 0.548, 0.6, 0.564, 0.64, 0.558, 0.53, 0.524, 0.508, 0.512, 0.606, 0.512, 0.564, 0.6, 0.542, 0.597, 0.551, 0.603, 0.648, 0.53, 0.484, 0.476, 0.484, 0.474, 0.403, 0.433, 0.51, 0.505, 0.448, 0.534, 0.578, 0.58, 0.617, 0.557, 0.591, 0.434, 0.452, 0.444, 0.37, 0.365, 0.384, 0.422, 0.404, 0.353, 0.321, 0.273, 0.292, 0.344, 0.37, 0.358, 0.406, 0.383, 0.393, 0.409, 0.369, 0.373, 0.411, 0.49, 0.432, 0.461, 0.501, 0.485, 0.502, 0.663, 0.775, 0.686, 0.555, 0.476, 0.496, 0.391, 0.34, 0.314, 0.257, 0.207, 0.18, 0.162, 0.16, 0.156, 0.163, 0.174, 0.199, 0.217, 0.202, 0.227, 0.193, 0.188, 0.186, 0.154, 0.149, 0.14, 0.151, 0.152, 0.134, 0.143, 0.147, 0.06, 0.046, 0.037, 0.053, 0.026, 0.015, 0.011, 0.012, 0.017, 0.009, 0.014, 0.014, 0.016, 0.016, 0.009, 0.015, 0.021, 0.013, 0.016, 0.024, 0.019, 0.032, 0.038, 0.044, 0.058, 0.079, 0.102, 0.134, 0.099, 0.097, 0.106
